timestamp_utc,timestamp_cairo,open,high,low,close,volume
2026-08-30T07:59:00.000Z,2026-08-30T10:59:00,2.93,2.94,2.93,2.94,64147
2026-08-30T08:00:00.000Z,2026-08-30T11:00:00,2.93,2.94,2.93,2.93,428257
2026-08-30T08:01:00.000Z,2026-08-30T11:01:00,2.93,2.94,2.93,2.94,167146
2026-08-30T08:02:00.000Z,2026-08-30T11:02:00,2.93,2.94,2.93,2.93,112736
2026-08-30T08:03:00.000Z,2026-08-30T11:03:00,2.94,2.95,2.93,2.94,898367
2026-08-30T08:04:00.000Z,2026-08-30T11:04:00,2.94,2.95,2.93,2.94,1430310
2026-08-30T08:05:00.000Z,2026-08-30T11:05:00,2.95,2.96,2.94,2.96,1270555
2026-08-30T08:06:00.000Z,2026-08-30T11:06:00,2.96,2.96,2.95,2.96,145162
2026-08-30T08:07:00.000Z,2026-08-30T11:07:00,2.96,2.96,2.95,2.95,50642
2026-08-30T08:08:00.000Z,2026-08-30T11:08:00,2.95,2.96,2.94,2.95,215229
2026-08-30T08:09:00.000Z,2026-08-30T11:09:00,2.94,2.95,2.94,2.95,12235
2026-08-30T08:10:00.000Z,2026-08-30T11:10:00,2.95,2.95,2.95,2.95,116186
2026-08-30T08:11:00.000Z,2026-08-30T11:11:00,2.94,2.95,2.94,2.94,7358
2026-08-30T08:12:00.000Z,2026-08-30T11:12:00,2.94,2.95,2.94,2.95,126748
2026-08-30T08:13:00.000Z,2026-08-30T11:13:00,2.95,2.95,2.95,2.95,41947
2026-08-30T08:14:00.000Z,2026-08-30T11:14:00,2.94,2.96,2.94,2.96,143455
2026-08-30T08:15:00.000Z,2026-08-30T11:15:00,2.95,2.96,2.95,2.96,138563
2026-08-30T08:16:00.000Z,2026-08-30T11:16:00,2.95,2.98,2.95,2.98,1075622
2026-08-30T08:17:00.000Z,2026-08-30T11:17:00,2.96,2.98,2.96,2.97,99705
2026-08-30T08:18:00.000Z,2026-08-30T11:18:00,2.98,3,2.98,3,1000644
2026-08-30T08:19:00.000Z,2026-08-30T11:19:00,3,3.02,3,3.02,1246931
2026-08-30T08:20:00.000Z,2026-08-30T11:20:00,3.02,3.02,3.01,3.02,252956
2026-08-30T08:21:00.000Z,2026-08-30T11:21:00,3.02,3.02,3.01,3.02,573774
2026-08-30T08:22:00.000Z,2026-08-30T11:22:00,3.02,3.02,3.01,3.02,126739
2026-08-30T08:23:00.000Z,2026-08-30T11:23:00,3.02,3.02,3.02,3.02,28700
2026-08-30T08:24:00.000Z,2026-08-30T11:24:00,3.02,3.02,3.01,3.01,135833
2026-08-30T08:25:00.000Z,2026-08-30T11:25:00,3.02,3.03,3.02,3.02,299634
2026-08-30T08:26:00.000Z,2026-08-30T11:26:00,3.02,3.02,3.01,3.02,317016
2026-08-30T08:27:00.000Z,2026-08-30T11:27:00,3.01,3.01,3,3,79514
2026-08-30T08:28:00.000Z,2026-08-30T11:28:00,3,3,2.99,2.99,19435
2026-08-30T08:29:00.000Z,2026-08-30T11:29:00,3,3,2.99,3,83528
2026-08-30T08:30:00.000Z,2026-08-30T11:30:00,3,3,2.99,3,104337
2026-08-30T08:31:00.000Z,2026-08-30T11:31:00,3,3.02,3,3.01,520585
2026-08-30T08:32:00.000Z,2026-08-30T11:32:00,3,3.02,3,3.02,61011
2026-08-30T08:33:00.000Z,2026-08-30T11:33:00,3.02,3.02,3.01,3.02,275337
2026-08-30T08:34:00.000Z,2026-08-30T11:34:00,3.01,3.02,3.01,3.02,2000
2026-08-30T08:35:00.000Z,2026-08-30T11:35:00,3.02,3.02,3.01,3.01,66361
2026-08-30T08:36:00.000Z,2026-08-30T11:36:00,3.02,3.02,3.02,3.02,22979
2026-08-30T08:37:00.000Z,2026-08-30T11:37:00,3.02,3.02,3.01,3.02,66873
2026-08-30T08:38:00.000Z,2026-08-30T11:38:00,3.02,3.02,3.01,3.01,26170
2026-08-30T08:39:00.000Z,2026-08-30T11:39:00,3.01,3.01,3,3.01,90824
2026-08-30T08:40:00.000Z,2026-08-30T11:40:00,3,3.01,3,3,23725
2026-08-30T08:41:00.000Z,2026-08-30T11:41:00,3.01,3.01,3.01,3.01,192578
2026-08-30T08:42:00.000Z,2026-08-30T11:42:00,3.02,3.02,3.02,3.02,12404
2026-08-30T08:43:00.000Z,2026-08-30T11:43:00,3.02,3.02,3.01,3.02,603222
2026-08-30T08:44:00.000Z,2026-08-30T11:44:00,3.02,3.05,3.01,3.03,1018318
2026-08-30T08:45:00.000Z,2026-08-30T11:45:00,3.03,3.05,3.02,3.04,166414
2026-08-30T08:46:00.000Z,2026-08-30T11:46:00,3.04,3.04,3.04,3.04,135536
2026-08-30T08:47:00.000Z,2026-08-30T11:47:00,3.04,3.04,3.04,3.04,177
2026-08-30T08:48:00.000Z,2026-08-30T11:48:00,3.03,3.04,3.02,3.03,34733
2026-08-30T08:49:00.000Z,2026-08-30T11:49:00,3.02,3.03,3.02,3.03,14574
2026-08-30T08:50:00.000Z,2026-08-30T11:50:00,3.03,3.04,3.03,3.04,25966
2026-08-30T08:51:00.000Z,2026-08-30T11:51:00,3.04,3.04,3.02,3.03,32793
2026-08-30T08:52:00.000Z,2026-08-30T11:52:00,3.02,3.03,3.02,3.03,111
2026-08-30T08:53:00.000Z,2026-08-30T11:53:00,3.02,3.03,3.02,3.02,52909
2026-08-30T08:54:00.000Z,2026-08-30T11:54:00,3.03,3.03,3.02,3.02,51771
2026-08-30T08:55:00.000Z,2026-08-30T11:55:00,3.02,3.04,3.02,3.03,133974
2026-08-30T08:56:00.000Z,2026-08-30T11:56:00,3.04,3.04,3.03,3.03,18011
2026-08-30T08:57:00.000Z,2026-08-30T11:57:00,3.03,3.04,3.02,3.02,70289
2026-08-30T08:58:00.000Z,2026-08-30T11:58:00,3.02,3.03,3.02,3.02,42141
2026-08-30T08:59:00.000Z,2026-08-30T11:59:00,3.03,3.03,3.03,3.03,60
2026-08-30T09:00:00.000Z,2026-08-30T12:00:00,3.02,3.03,3.02,3.02,15851
2026-08-30T09:01:00.000Z,2026-08-30T12:01:00,3.02,3.03,3.02,3.02,61478
2026-08-30T09:02:00.000Z,2026-08-30T12:02:00,3.03,3.03,3.02,3.03,63215
2026-08-30T09:03:00.000Z,2026-08-30T12:03:00,3.03,3.03,3.01,3.01,122159
2026-08-30T09:04:00.000Z,2026-08-30T12:04:00,3.01,3.02,3.01,3.02,33139
2026-08-30T09:05:00.000Z,2026-08-30T12:05:00,3.02,3.02,3.02,3.02,3808
2026-08-30T09:06:00.000Z,2026-08-30T12:06:00,3.02,3.04,3.01,3.02,508299
2026-08-30T09:07:00.000Z,2026-08-30T12:07:00,3.02,3.02,3.01,3.02,25650
2026-08-30T09:08:00.000Z,2026-08-30T12:08:00,3.02,3.02,3.01,3.01,357
2026-08-30T09:09:00.000Z,2026-08-30T12:09:00,3.01,3.01,3.01,3.01,32581
2026-08-30T09:10:00.000Z,2026-08-30T12:10:00,3.01,3.02,3.01,3.02,43633
2026-08-30T09:11:00.000Z,2026-08-30T12:11:00,3.02,3.02,3.02,3.02,10663
2026-08-30T09:12:00.000Z,2026-08-30T12:12:00,3.01,3.02,3.01,3.01,17137
2026-08-30T09:13:00.000Z,2026-08-30T12:13:00,3.01,3.02,3.01,3.02,15353
2026-08-30T09:14:00.000Z,2026-08-30T12:14:00,3.02,3.02,3.01,3.02,239283
2026-08-30T09:15:00.000Z,2026-08-30T12:15:00,3.03,3.03,3.02,3.02,4990
2026-08-30T09:16:00.000Z,2026-08-30T12:16:00,3.03,3.03,3.03,3.03,1002
2026-08-30T09:17:00.000Z,2026-08-30T12:17:00,3.03,3.03,3.01,3.01,2689
2026-08-30T09:18:00.000Z,2026-08-30T12:18:00,3.02,3.02,3.02,3.02,16909
2026-08-30T09:20:00.000Z,2026-08-30T12:20:00,3.01,3.01,3.01,3.01,83768
2026-08-30T09:21:00.000Z,2026-08-30T12:21:00,3.01,3.02,3.01,3.02,14159
2026-08-30T09:22:00.000Z,2026-08-30T12:22:00,3.02,3.02,3.01,3.01,5292
2026-08-30T09:23:00.000Z,2026-08-30T12:23:00,3.01,3.01,3.01,3.01,30255
2026-08-30T09:24:00.000Z,2026-08-30T12:24:00,3.01,3.02,3.01,3.01,255832
2026-08-30T09:25:00.000Z,2026-08-30T12:25:00,3.01,3.01,3,3,574145
2026-08-30T09:26:00.000Z,2026-08-30T12:26:00,3,3.02,3,3.02,2323208
2026-08-30T09:27:00.000Z,2026-08-30T12:27:00,3.01,3.01,3.01,3.01,10016
2026-08-30T09:28:00.000Z,2026-08-30T12:28:00,3,3.01,3,3,674189
2026-08-30T09:29:00.000Z,2026-08-30T12:29:00,3,3,3,3,28000
2026-08-30T09:30:00.000Z,2026-08-30T12:30:00,3,3,2.99,2.99,8997
2026-08-30T09:31:00.000Z,2026-08-30T12:31:00,2.99,3,2.99,3,8504
2026-08-30T09:32:00.000Z,2026-08-30T12:32:00,3,3,3,3,5150
2026-08-30T09:33:00.000Z,2026-08-30T12:33:00,2.99,3,2.98,3,44682
2026-08-30T09:34:00.000Z,2026-08-30T12:34:00,2.99,3,2.98,3,142640
2026-08-30T09:35:00.000Z,2026-08-30T12:35:00,3,3,3,3,65382
2026-08-30T09:36:00.000Z,2026-08-30T12:36:00,2.99,3,2.99,2.99,305758
2026-08-30T09:37:00.000Z,2026-08-30T12:37:00,2.99,3,2.99,2.99,72395
2026-08-30T09:38:00.000Z,2026-08-30T12:38:00,2.99,2.99,2.95,2.95,3323458
2026-08-30T09:39:00.000Z,2026-08-30T12:39:00,2.95,2.95,2.94,2.95,175155
2026-08-30T09:40:00.000Z,2026-08-30T12:40:00,2.95,2.96,2.94,2.96,74271
2026-08-30T09:41:00.000Z,2026-08-30T12:41:00,2.98,2.98,2.95,2.98,38830
2026-08-30T09:42:00.000Z,2026-08-30T12:42:00,2.98,2.99,2.96,2.99,52187
2026-08-30T09:43:00.000Z,2026-08-30T12:43:00,2.99,2.99,2.98,2.98,11316
2026-08-30T09:44:00.000Z,2026-08-30T12:44:00,2.98,2.98,2.97,2.97,5607
2026-08-30T09:45:00.000Z,2026-08-30T12:45:00,2.97,2.97,2.97,2.97,3429
2026-08-30T09:46:00.000Z,2026-08-30T12:46:00,2.96,2.98,2.96,2.98,1631
2026-08-30T09:47:00.000Z,2026-08-30T12:47:00,2.96,2.97,2.96,2.97,11848
2026-08-30T09:48:00.000Z,2026-08-30T12:48:00,2.98,2.99,2.97,2.97,12518
2026-08-30T09:49:00.000Z,2026-08-30T12:49:00,2.98,2.98,2.97,2.97,9424
2026-08-30T09:50:00.000Z,2026-08-30T12:50:00,2.98,2.98,2.97,2.97,3023
2026-08-30T09:51:00.000Z,2026-08-30T12:51:00,2.97,2.98,2.95,2.98,202000
2026-08-30T09:52:00.000Z,2026-08-30T12:52:00,2.98,2.99,2.96,2.96,192315
2026-08-30T09:53:00.000Z,2026-08-30T12:53:00,2.96,2.99,2.96,2.96,33615
2026-08-30T09:54:00.000Z,2026-08-30T12:54:00,2.99,2.99,2.98,2.98,1461
2026-08-30T09:55:00.000Z,2026-08-30T12:55:00,2.98,2.98,2.98,2.98,8463
2026-08-30T09:56:00.000Z,2026-08-30T12:56:00,2.99,2.99,2.99,2.99,1635
2026-08-30T09:57:00.000Z,2026-08-30T12:57:00,2.99,2.99,2.98,2.98,83419
2026-08-30T09:58:00.000Z,2026-08-30T12:58:00,2.99,2.99,2.98,2.99,4913
2026-08-30T09:59:00.000Z,2026-08-30T12:59:00,2.98,2.99,2.98,2.98,34415
2026-08-30T10:00:00.000Z,2026-08-30T13:00:00,2.99,2.99,2.98,2.99,20406
2026-08-30T10:01:00.000Z,2026-08-30T13:01:00,2.99,2.99,2.97,2.97,84454
2026-08-30T10:02:00.000Z,2026-08-30T13:02:00,2.97,2.98,2.96,2.96,72957
2026-08-30T10:03:00.000Z,2026-08-30T13:03:00,2.98,2.98,2.96,2.96,10525
2026-08-30T10:04:00.000Z,2026-08-30T13:04:00,2.98,2.98,2.96,2.97,8599
2026-08-30T10:05:00.000Z,2026-08-30T13:05:00,2.96,2.96,2.96,2.96,144173
2026-08-30T10:06:00.000Z,2026-08-30T13:06:00,2.96,2.97,2.96,2.97,6607
2026-08-30T10:07:00.000Z,2026-08-30T13:07:00,2.96,2.98,2.96,2.97,81184
2026-08-30T10:08:00.000Z,2026-08-30T13:08:00,2.97,2.98,2.96,2.96,207674
2026-08-30T10:09:00.000Z,2026-08-30T13:09:00,2.98,2.98,2.97,2.97,583
2026-08-30T10:10:00.000Z,2026-08-30T13:10:00,2.98,2.98,2.96,2.96,16372
2026-08-30T10:11:00.000Z,2026-08-30T13:11:00,2.96,2.98,2.96,2.98,23092
2026-08-30T10:12:00.000Z,2026-08-30T13:12:00,2.98,2.98,2.96,2.96,5547
2026-08-30T10:13:00.000Z,2026-08-30T13:13:00,2.97,2.98,2.95,2.98,203391
2026-08-30T10:14:00.000Z,2026-08-30T13:14:00,2.98,2.98,2.98,2.98,6812
2026-08-30T10:15:00.000Z,2026-08-30T13:15:00,2.98,2.98,2.95,2.97,12906
2026-08-30T10:16:00.000Z,2026-08-30T13:16:00,2.97,2.97,2.96,2.96,18087
2026-08-30T10:17:00.000Z,2026-08-30T13:17:00,2.97,2.97,2.96,2.96,34191
2026-08-30T10:18:00.000Z,2026-08-30T13:18:00,2.96,2.97,2.96,2.96,43527
2026-08-30T10:19:00.000Z,2026-08-30T13:19:00,2.97,2.97,2.96,2.96,133555
2026-08-30T10:20:00.000Z,2026-08-30T13:20:00,2.96,2.97,2.96,2.97,37352
2026-08-30T10:21:00.000Z,2026-08-30T13:21:00,2.96,2.98,2.96,2.96,2279
2026-08-30T10:22:00.000Z,2026-08-30T13:22:00,2.97,2.98,2.96,2.96,36540
2026-08-30T10:23:00.000Z,2026-08-30T13:23:00,2.96,2.97,2.96,2.97,15978
2026-08-30T10:24:00.000Z,2026-08-30T13:24:00,2.97,2.98,2.97,2.98,31867
2026-08-30T10:25:00.000Z,2026-08-30T13:25:00,2.98,2.98,2.97,2.98,671
2026-08-30T10:26:00.000Z,2026-08-30T13:26:00,2.97,2.98,2.96,2.96,81907
2026-08-30T10:27:00.000Z,2026-08-30T13:27:00,2.98,2.98,2.96,2.98,1802
2026-08-30T10:28:00.000Z,2026-08-30T13:28:00,2.96,2.97,2.96,2.97,3813
2026-08-30T10:29:00.000Z,2026-08-30T13:29:00,2.96,2.97,2.96,2.97,16324
2026-08-30T10:31:00.000Z,2026-08-30T13:31:00,2.96,2.97,2.96,2.97,100300
2026-08-30T10:32:00.000Z,2026-08-30T13:32:00,2.97,2.97,2.97,2.97,3389
2026-08-30T10:33:00.000Z,2026-08-30T13:33:00,2.97,2.97,2.96,2.97,5800
2026-08-30T10:34:00.000Z,2026-08-30T13:34:00,2.96,2.97,2.96,2.97,71502
2026-08-30T10:35:00.000Z,2026-08-30T13:35:00,2.96,2.97,2.96,2.97,18878
2026-08-30T10:36:00.000Z,2026-08-30T13:36:00,2.97,2.97,2.96,2.96,161311
2026-08-30T10:37:00.000Z,2026-08-30T13:37:00,2.96,2.97,2.96,2.96,189903
2026-08-30T10:38:00.000Z,2026-08-30T13:38:00,2.97,2.97,2.96,2.96,62887
2026-08-30T10:39:00.000Z,2026-08-30T13:39:00,2.96,2.96,2.95,2.96,97162
2026-08-30T10:40:00.000Z,2026-08-30T13:40:00,2.96,2.96,2.96,2.96,6940
2026-08-30T10:41:00.000Z,2026-08-30T13:41:00,2.96,2.96,2.95,2.95,69963
2026-08-30T10:42:00.000Z,2026-08-30T13:42:00,2.95,2.95,2.94,2.95,425317
2026-08-30T10:43:00.000Z,2026-08-30T13:43:00,2.96,2.96,2.96,2.96,26203
2026-08-30T10:44:00.000Z,2026-08-30T13:44:00,2.96,2.96,2.94,2.95,66394
2026-08-30T10:45:00.000Z,2026-08-30T13:45:00,2.94,2.95,2.94,2.95,7477
2026-08-30T10:46:00.000Z,2026-08-30T13:46:00,2.95,2.95,2.94,2.95,60738
2026-08-30T10:47:00.000Z,2026-08-30T13:47:00,2.95,2.95,2.94,2.95,408
2026-08-30T10:48:00.000Z,2026-08-30T13:48:00,2.95,2.95,2.94,2.95,43075
2026-08-30T10:49:00.000Z,2026-08-30T13:49:00,2.95,2.95,2.95,2.95,3296
2026-08-30T10:50:00.000Z,2026-08-30T13:50:00,2.94,2.95,2.94,2.95,12398
2026-08-30T10:51:00.000Z,2026-08-30T13:51:00,2.94,2.95,2.94,2.94,384176
2026-08-30T10:52:00.000Z,2026-08-30T13:52:00,2.94,2.94,2.93,2.93,261177
2026-08-30T10:53:00.000Z,2026-08-30T13:53:00,2.94,2.94,2.93,2.94,25639
2026-08-30T10:54:00.000Z,2026-08-30T13:54:00,2.94,2.94,2.93,2.93,107859
2026-08-30T10:55:00.000Z,2026-08-30T13:55:00,2.94,2.94,2.93,2.93,164141
2026-08-30T10:56:00.000Z,2026-08-30T13:56:00,2.93,2.94,2.93,2.94,35604
2026-08-30T10:57:00.000Z,2026-08-30T13:57:00,2.94,2.95,2.94,2.95,98593
2026-08-30T10:58:00.000Z,2026-08-30T13:58:00,2.94,2.95,2.93,2.93,360101
2026-08-30T10:59:00.000Z,2026-08-30T13:59:00,2.93,2.95,2.93,2.95,700868
2026-08-30T11:00:00.000Z,2026-08-30T14:00:00,2.95,2.95,2.95,2.95,80300
2026-08-30T11:01:00.000Z,2026-08-30T14:01:00,2.96,2.96,2.94,2.95,43478
2026-08-30T11:02:00.000Z,2026-08-30T14:02:00,2.95,2.95,2.92,2.92,2785698
2026-08-30T11:03:00.000Z,2026-08-30T14:03:00,2.92,2.94,2.91,2.94,1547307
2026-08-30T11:04:00.000Z,2026-08-30T14:04:00,2.93,2.93,2.91,2.92,20563
2026-08-30T11:05:00.000Z,2026-08-30T14:05:00,2.92,2.92,2.9,2.92,588290
2026-08-30T11:06:00.000Z,2026-08-30T14:06:00,2.9,2.92,2.9,2.9,1144786
2026-08-30T11:07:00.000Z,2026-08-30T14:07:00,2.92,2.92,2.9,2.91,1327316
2026-08-30T11:08:00.000Z,2026-08-30T14:08:00,2.91,2.92,2.9,2.9,748071
2026-08-30T11:09:00.000Z,2026-08-30T14:09:00,2.91,2.91,2.9,2.91,120248
2026-08-30T11:10:00.000Z,2026-08-30T14:10:00,2.91,2.91,2.9,2.9,60679
2026-08-30T11:11:00.000Z,2026-08-30T14:11:00,2.9,2.9,2.88,2.9,518306
2026-08-30T11:12:00.000Z,2026-08-30T14:12:00,2.9,2.9,2.88,2.89,317781
2026-08-30T11:13:00.000Z,2026-08-30T14:13:00,2.88,2.89,2.86,2.86,1078043
2026-08-30T11:14:00.000Z,2026-08-30T14:14:00,2.87,2.88,2.84,2.88,1193724
2026-08-30T11:15:00.000Z,2026-08-30T14:15:00,2.86,2.86,2.86,2.86,15000
2026-08-30T11:25:00.000Z,2026-08-30T14:25:00,2.88,2.88,2.88,2.88,5210763
2026-08-30T11:26:00.000Z,2026-08-30T14:26:00,2.88,2.88,2.88,2.88,109766
2026-08-30T11:27:00.000Z,2026-08-30T14:27:00,2.88,2.88,2.88,2.88,292944
2026-08-30T11:28:00.000Z,2026-08-30T14:28:00,2.88,2.88,2.88,2.88,384266
2026-08-30T11:29:00.000Z,2026-08-30T14:29:00,2.88,2.88,2.88,2.88,539925
2026-08-31T07:00:00.000Z,2026-08-31T10:00:00,2.92,2.92,2.89,2.89,1015280
2026-08-31T07:01:00.000Z,2026-08-31T10:01:00,2.89,2.9,2.89,2.89,234768
2026-08-31T07:02:00.000Z,2026-08-31T10:02:00,2.89,2.89,2.89,2.89,81443
2026-08-31T07:03:00.000Z,2026-08-31T10:03:00,2.9,2.95,2.89,2.95,1774258
2026-08-31T07:04:00.000Z,2026-08-31T10:04:00,2.96,3,2.95,3,1417400
2026-08-31T07:05:00.000Z,2026-08-31T10:05:00,3.01,3.01,2.97,2.97,2091934
2026-08-31T07:06:00.000Z,2026-08-31T10:06:00,2.99,2.99,2.97,2.97,721697
2026-08-31T07:07:00.000Z,2026-08-31T10:07:00,2.97,2.98,2.91,2.96,799282
2026-08-31T07:08:00.000Z,2026-08-31T10:08:00,2.95,2.95,2.94,2.94,186379
2026-08-31T07:09:00.000Z,2026-08-31T10:09:00,2.93,2.94,2.91,2.92,254784
2026-08-31T07:10:00.000Z,2026-08-31T10:10:00,2.92,2.92,2.91,2.92,80927
2026-08-31T07:11:00.000Z,2026-08-31T10:11:00,2.93,2.94,2.91,2.93,403366
2026-08-31T07:12:00.000Z,2026-08-31T10:12:00,2.94,2.95,2.93,2.95,551880
2026-08-31T07:13:00.000Z,2026-08-31T10:13:00,2.95,2.96,2.95,2.96,164508
2026-08-31T07:14:00.000Z,2026-08-31T10:14:00,2.96,2.96,2.95,2.95,260418
2026-08-31T07:15:00.000Z,2026-08-31T10:15:00,2.95,2.95,2.94,2.95,237375
2026-08-31T07:16:00.000Z,2026-08-31T10:16:00,2.95,2.96,2.94,2.96,203399
2026-08-31T07:17:00.000Z,2026-08-31T10:17:00,2.96,2.96,2.94,2.95,121196
2026-08-31T07:18:00.000Z,2026-08-31T10:18:00,2.95,2.95,2.95,2.95,52042
2026-08-31T07:19:00.000Z,2026-08-31T10:19:00,2.95,2.95,2.94,2.95,31266
2026-08-31T07:20:00.000Z,2026-08-31T10:20:00,2.94,2.95,2.94,2.95,88125
2026-08-31T07:21:00.000Z,2026-08-31T10:21:00,2.94,2.95,2.94,2.94,176370
2026-08-31T07:22:00.000Z,2026-08-31T10:22:00,2.93,2.94,2.93,2.93,279356
2026-08-31T07:23:00.000Z,2026-08-31T10:23:00,2.93,2.94,2.92,2.92,278981
2026-08-31T07:24:00.000Z,2026-08-31T10:24:00,2.92,2.92,2.92,2.92,66229
2026-08-31T07:25:00.000Z,2026-08-31T10:25:00,2.92,2.93,2.91,2.91,185840
2026-08-31T07:26:00.000Z,2026-08-31T10:26:00,2.91,2.92,2.9,2.91,166000
2026-08-31T07:27:00.000Z,2026-08-31T10:27:00,2.9,2.91,2.89,2.9,978474
2026-08-31T07:28:00.000Z,2026-08-31T10:28:00,2.89,2.9,2.89,2.9,587846
2026-08-31T07:29:00.000Z,2026-08-31T10:29:00,2.9,2.91,2.9,2.91,60613
2026-08-31T07:30:00.000Z,2026-08-31T10:30:00,2.92,2.92,2.91,2.92,65420
2026-08-31T07:31:00.000Z,2026-08-31T10:31:00,2.92,2.94,2.92,2.94,69296
2026-08-31T07:32:00.000Z,2026-08-31T10:32:00,2.94,2.95,2.93,2.95,61729
2026-08-31T07:33:00.000Z,2026-08-31T10:33:00,2.94,2.96,2.94,2.96,549514
2026-08-31T07:34:00.000Z,2026-08-31T10:34:00,2.97,2.97,2.94,2.96,124692
2026-08-31T07:35:00.000Z,2026-08-31T10:35:00,2.97,2.97,2.96,2.96,318603
2026-08-31T07:36:00.000Z,2026-08-31T10:36:00,2.96,2.97,2.96,2.97,353579
2026-08-31T07:37:00.000Z,2026-08-31T10:37:00,2.97,2.97,2.96,2.96,65416
2026-08-31T07:38:00.000Z,2026-08-31T10:38:00,2.96,2.96,2.95,2.95,946168
2026-08-31T07:39:00.000Z,2026-08-31T10:39:00,2.95,2.96,2.95,2.95,15514
2026-08-31T07:40:00.000Z,2026-08-31T10:40:00,2.95,2.96,2.95,2.96,12250
2026-08-31T07:41:00.000Z,2026-08-31T10:41:00,2.96,2.96,2.95,2.96,269642
2026-08-31T07:42:00.000Z,2026-08-31T10:42:00,2.97,2.97,2.96,2.97,7855
2026-08-31T07:43:00.000Z,2026-08-31T10:43:00,2.96,2.97,2.95,2.96,276261
2026-08-31T07:44:00.000Z,2026-08-31T10:44:00,2.96,2.97,2.96,2.97,969229
2026-08-31T07:45:00.000Z,2026-08-31T10:45:00,2.96,2.97,2.96,2.97,217509
2026-08-31T07:46:00.000Z,2026-08-31T10:46:00,2.97,2.97,2.96,2.97,159943
2026-08-31T07:47:00.000Z,2026-08-31T10:47:00,2.97,2.98,2.97,2.98,214855
2026-08-31T07:49:00.000Z,2026-08-31T10:49:00,2.97,2.98,2.96,2.96,701209
2026-08-31T07:50:00.000Z,2026-08-31T10:50:00,2.97,2.98,2.97,2.98,1054772
2026-08-31T07:51:00.000Z,2026-08-31T10:51:00,2.98,3,2.97,2.99,1817770
2026-08-31T07:52:00.000Z,2026-08-31T10:52:00,2.99,3,2.99,3,1468183
2026-08-31T07:53:00.000Z,2026-08-31T10:53:00,3,3.01,3,3,945096
2026-08-31T07:54:00.000Z,2026-08-31T10:54:00,3.01,3.01,2.99,3,368259
2026-08-31T07:55:00.000Z,2026-08-31T10:55:00,3,3,2.99,3,151694
2026-08-31T07:56:00.000Z,2026-08-31T10:56:00,3,3,2.98,3,2407079
2026-08-31T07:57:00.000Z,2026-08-31T10:57:00,3,3,3,3,130083
2026-08-31T07:58:00.000Z,2026-08-31T10:58:00,3,3,2.98,2.98,30631
2026-08-31T07:59:00.000Z,2026-08-31T10:59:00,2.99,3,2.98,2.99,814158
2026-08-31T08:00:00.000Z,2026-08-31T11:00:00,2.99,3,2.98,3,148015
2026-08-31T08:01:00.000Z,2026-08-31T11:01:00,2.99,3,2.99,3,40646
2026-08-31T08:02:00.000Z,2026-08-31T11:02:00,3,3,2.99,3,203787
2026-08-31T08:03:00.000Z,2026-08-31T11:03:00,3,3,2.99,3,36759
2026-08-31T08:04:00.000Z,2026-08-31T11:04:00,3,3,2.99,2.99,26993
2026-08-31T08:05:00.000Z,2026-08-31T11:05:00,3,3,2.99,3,122944
2026-08-31T08:06:00.000Z,2026-08-31T11:06:00,3,3,3,3,8496
2026-08-31T08:07:00.000Z,2026-08-31T11:07:00,2.99,3,2.99,3,155093
2026-08-31T08:08:00.000Z,2026-08-31T11:08:00,3,3,2.99,2.99,123992
2026-08-31T08:09:00.000Z,2026-08-31T11:09:00,3,3,2.99,2.99,51814
2026-08-31T08:10:00.000Z,2026-08-31T11:10:00,2.99,3,2.99,2.99,4092
2026-08-31T08:11:00.000Z,2026-08-31T11:11:00,2.99,3,2.99,2.99,215375
2026-08-31T08:12:00.000Z,2026-08-31T11:12:00,2.99,2.99,2.98,2.99,28851
2026-08-31T08:13:00.000Z,2026-08-31T11:13:00,2.99,2.99,2.98,2.99,36829
2026-08-31T08:14:00.000Z,2026-08-31T11:14:00,2.99,3.01,2.98,3,807295
2026-08-31T08:15:00.000Z,2026-08-31T11:15:00,3,3,2.99,3,438476
2026-08-31T08:16:00.000Z,2026-08-31T11:16:00,3,3,2.99,3,181582
2026-08-31T08:17:00.000Z,2026-08-31T11:17:00,3.01,3.01,3,3,86271
2026-08-31T08:18:00.000Z,2026-08-31T11:18:00,3,3,3,3,70124
2026-08-31T08:19:00.000Z,2026-08-31T11:19:00,3,3,2.99,3,57100
2026-08-31T08:20:00.000Z,2026-08-31T11:20:00,3.01,3.01,3.01,3.01,2508
2026-08-31T08:21:00.000Z,2026-08-31T11:21:00,3.01,3.01,3,3.01,16560
2026-08-31T08:22:00.000Z,2026-08-31T11:22:00,3.01,3.01,3.01,3.01,154058
2026-08-31T08:23:00.000Z,2026-08-31T11:23:00,3,3.01,3,3,33314
2026-08-31T08:24:00.000Z,2026-08-31T11:24:00,3.01,3.01,3,3.01,199142
2026-08-31T08:25:00.000Z,2026-08-31T11:25:00,3.01,3.01,3,3,565771
2026-08-31T08:26:00.000Z,2026-08-31T11:26:00,3.01,3.01,3,3.01,71033
2026-08-31T08:27:00.000Z,2026-08-31T11:27:00,3.01,3.01,3,3,8155
2026-08-31T08:28:00.000Z,2026-08-31T11:28:00,3,3.01,3,3,106418
2026-08-31T08:29:00.000Z,2026-08-31T11:29:00,3.01,3.01,3,3,43119
2026-08-31T08:30:00.000Z,2026-08-31T11:30:00,3,3.01,3,3.01,344991
2026-08-31T08:31:00.000Z,2026-08-31T11:31:00,3,3.01,3,3.01,21154
2026-08-31T08:32:00.000Z,2026-08-31T11:32:00,3.01,3.01,3,3.01,60926
2026-08-31T08:33:00.000Z,2026-08-31T11:33:00,3.01,3.01,3,3.01,27796
2026-08-31T08:34:00.000Z,2026-08-31T11:34:00,3.01,3.02,3.01,3.02,377660
2026-08-31T08:35:00.000Z,2026-08-31T11:35:00,3.01,3.02,3.01,3.01,206039
2026-08-31T08:36:00.000Z,2026-08-31T11:36:00,3.02,3.02,3.01,3.02,16590
2026-08-31T08:37:00.000Z,2026-08-31T11:37:00,3.02,3.02,3.01,3.01,19455
2026-08-31T08:38:00.000Z,2026-08-31T11:38:00,3.02,3.02,3.01,3.01,125096
2026-08-31T08:39:00.000Z,2026-08-31T11:39:00,3.01,3.01,3,3.01,94173
2026-08-31T08:40:00.000Z,2026-08-31T11:40:00,3,3.01,3,3,15399
2026-08-31T08:41:00.000Z,2026-08-31T11:41:00,3.01,3.01,3,3,367701
2026-08-31T08:42:00.000Z,2026-08-31T11:42:00,3,3,2.99,3,372934
2026-08-31T08:43:00.000Z,2026-08-31T11:43:00,3,3,3,3,24550
2026-08-31T08:44:00.000Z,2026-08-31T11:44:00,3,3,3,3,354675
2026-08-31T08:45:00.000Z,2026-08-31T11:45:00,3.01,3.01,3.01,3.01,1863
2026-08-31T08:46:00.000Z,2026-08-31T11:46:00,3,3.01,3,3,59805
2026-08-31T08:47:00.000Z,2026-08-31T11:47:00,3.01,3.02,3.01,3.02,477315
2026-08-31T08:48:00.000Z,2026-08-31T11:48:00,3.02,3.02,3.01,3.02,19207
2026-08-31T08:49:00.000Z,2026-08-31T11:49:00,3.02,3.02,3.02,3.02,9044
2026-08-31T08:50:00.000Z,2026-08-31T11:50:00,3.01,3.01,3.01,3.01,9350
2026-08-31T08:51:00.000Z,2026-08-31T11:51:00,3.01,3.01,3,3.01,59983
2026-08-31T08:52:00.000Z,2026-08-31T11:52:00,3.01,3.01,3.01,3.01,40002
2026-08-31T08:53:00.000Z,2026-08-31T11:53:00,3.01,3.01,3,3.01,23384
2026-08-31T08:54:00.000Z,2026-08-31T11:54:00,3.01,3.01,3,3,163402
2026-08-31T08:55:00.000Z,2026-08-31T11:55:00,3.01,3.01,2.99,3,56351
2026-08-31T08:56:00.000Z,2026-08-31T11:56:00,3,3.01,3,3,402777
2026-08-31T08:57:00.000Z,2026-08-31T11:57:00,3,3.03,3,3.03,813017
2026-08-31T08:58:00.000Z,2026-08-31T11:58:00,3.01,3.02,3.01,3.02,22582
2026-08-31T08:59:00.000Z,2026-08-31T11:59:00,3.02,3.02,3.01,3.02,11136
2026-08-31T09:00:00.000Z,2026-08-31T12:00:00,3.02,3.03,3.02,3.02,403598
2026-08-31T09:01:00.000Z,2026-08-31T12:01:00,3.03,3.03,3.02,3.03,553399
2026-08-31T09:02:00.000Z,2026-08-31T12:02:00,3.02,3.03,3.02,3.03,414204
2026-08-31T09:03:00.000Z,2026-08-31T12:03:00,3.03,3.03,3.01,3.01,3549
2026-08-31T09:04:00.000Z,2026-08-31T12:04:00,3.02,3.04,3.02,3.04,279592
2026-08-31T09:05:00.000Z,2026-08-31T12:05:00,3.03,3.03,3.03,3.03,322868
2026-08-31T09:06:00.000Z,2026-08-31T12:06:00,3.03,3.04,3.03,3.03,263258
2026-08-31T09:07:00.000Z,2026-08-31T12:07:00,3.03,3.04,3.03,3.04,98691
2026-08-31T09:08:00.000Z,2026-08-31T12:08:00,3.04,3.04,3.04,3.04,56383
2026-08-31T09:09:00.000Z,2026-08-31T12:09:00,3.04,3.04,3.03,3.04,52984
2026-08-31T09:10:00.000Z,2026-08-31T12:10:00,3.04,3.04,3.03,3.04,69311
2026-08-31T09:11:00.000Z,2026-08-31T12:11:00,3.04,3.04,3.03,3.03,69494
2026-08-31T09:12:00.000Z,2026-08-31T12:12:00,3.04,3.04,3.03,3.03,49799
2026-08-31T09:13:00.000Z,2026-08-31T12:13:00,3.03,3.04,3.03,3.04,213248
2026-08-31T09:14:00.000Z,2026-08-31T12:14:00,3.04,3.05,3.04,3.04,483952
2026-08-31T09:15:00.000Z,2026-08-31T12:15:00,3.04,3.06,3.04,3.06,453544
2026-08-31T09:16:00.000Z,2026-08-31T12:16:00,3.06,3.08,3.05,3.08,2144594
2026-08-31T09:17:00.000Z,2026-08-31T12:17:00,3.07,3.08,3.06,3.08,592322
2026-08-31T09:18:00.000Z,2026-08-31T12:18:00,3.08,3.08,3.06,3.07,145175
2026-08-31T09:19:00.000Z,2026-08-31T12:19:00,3.07,3.09,3.07,3.09,659231
2026-08-31T09:20:00.000Z,2026-08-31T12:20:00,3.09,3.1,3.08,3.1,2157474
2026-08-31T09:21:00.000Z,2026-08-31T12:21:00,3.1,3.11,3.1,3.11,2274574
2026-08-31T09:22:00.000Z,2026-08-31T12:22:00,3.1,3.11,3.1,3.11,160579
2026-08-31T09:23:00.000Z,2026-08-31T12:23:00,3.1,3.11,3.07,3.09,693524
2026-08-31T09:24:00.000Z,2026-08-31T12:24:00,3.07,3.09,3.06,3.07,307279
2026-08-31T09:25:00.000Z,2026-08-31T12:25:00,3.07,3.07,3.05,3.06,425531
2026-08-31T09:26:00.000Z,2026-08-31T12:26:00,3.05,3.06,3.04,3.04,243906
2026-08-31T09:27:00.000Z,2026-08-31T12:27:00,3.04,3.05,3.03,3.05,391683
2026-08-31T09:28:00.000Z,2026-08-31T12:28:00,3.06,3.06,3.05,3.06,86255
2026-08-31T09:29:00.000Z,2026-08-31T12:29:00,3.05,3.05,3.04,3.05,98096
2026-08-31T09:30:00.000Z,2026-08-31T12:30:00,3.04,3.05,3.04,3.05,125053
2026-08-31T09:31:00.000Z,2026-08-31T12:31:00,3.05,3.06,3.05,3.06,43833
2026-08-31T09:32:00.000Z,2026-08-31T12:32:00,3.05,3.06,3.05,3.06,30171
2026-08-31T09:33:00.000Z,2026-08-31T12:33:00,3.06,3.06,3.05,3.05,235515
2026-08-31T09:34:00.000Z,2026-08-31T12:34:00,3.06,3.07,3.06,3.06,110513
2026-08-31T09:35:00.000Z,2026-08-31T12:35:00,3.05,3.06,3.05,3.06,142177
2026-08-31T09:36:00.000Z,2026-08-31T12:36:00,3.05,3.06,3.05,3.06,46140
2026-08-31T09:37:00.000Z,2026-08-31T12:37:00,3.06,3.06,3.02,3.02,309509
2026-08-31T09:38:00.000Z,2026-08-31T12:38:00,3.03,3.04,2.99,3.03,1557982
2026-08-31T09:39:00.000Z,2026-08-31T12:39:00,3.03,3.03,3,3.01,234788
2026-08-31T09:40:00.000Z,2026-08-31T12:40:00,3.01,3.01,2.99,3,1459198
2026-08-31T09:41:00.000Z,2026-08-31T12:41:00,2.99,3,2.99,3,1730101
2026-08-31T09:42:00.000Z,2026-08-31T12:42:00,3.02,3.02,3,3.01,2092046
2026-08-31T09:43:00.000Z,2026-08-31T12:43:00,3.01,3.01,3,3.01,196554
2026-08-31T09:44:00.000Z,2026-08-31T12:44:00,3.01,3.01,2.99,2.99,146327
2026-08-31T09:45:00.000Z,2026-08-31T12:45:00,3,3,3,3,48498
2026-08-31T09:46:00.000Z,2026-08-31T12:46:00,2.99,3,2.99,3,95706
2026-08-31T09:47:00.000Z,2026-08-31T12:47:00,3,3,2.99,2.99,1734041
2026-08-31T09:48:00.000Z,2026-08-31T12:48:00,2.99,3,2.98,2.99,547841
2026-08-31T09:49:00.000Z,2026-08-31T12:49:00,2.98,3,2.98,3,499965
2026-08-31T09:50:00.000Z,2026-08-31T12:50:00,3,3,2.99,2.99,28644
2026-08-31T09:51:00.000Z,2026-08-31T12:51:00,2.99,2.99,2.99,2.99,81287
2026-08-31T09:52:00.000Z,2026-08-31T12:52:00,2.98,2.99,2.98,2.98,51900
2026-08-31T09:53:00.000Z,2026-08-31T12:53:00,2.98,3,2.98,3,286558
2026-08-31T09:54:00.000Z,2026-08-31T12:54:00,3.01,3.02,3,3.02,504095
2026-08-31T09:55:00.000Z,2026-08-31T12:55:00,3.02,3.03,3.02,3.03,154628
2026-08-31T09:56:00.000Z,2026-08-31T12:56:00,3.04,3.05,3.03,3.04,83500
2026-08-31T09:57:00.000Z,2026-08-31T12:57:00,3.04,3.04,3.03,3.03,11123
2026-08-31T09:58:00.000Z,2026-08-31T12:58:00,3.03,3.03,3.02,3.03,156287
2026-08-31T09:59:00.000Z,2026-08-31T12:59:00,3.02,3.02,3.01,3.01,744551
2026-08-31T10:00:00.000Z,2026-08-31T13:00:00,3.01,3.02,3.01,3.02,84187
2026-08-31T10:01:00.000Z,2026-08-31T13:01:00,3.01,3.02,3.01,3.01,23285
2026-08-31T10:02:00.000Z,2026-08-31T13:02:00,3.02,3.02,3.01,3.01,195036
2026-08-31T10:03:00.000Z,2026-08-31T13:03:00,3,3.01,3,3.01,13734
2026-08-31T10:04:00.000Z,2026-08-31T13:04:00,3,3.01,3,3.01,11566
2026-08-31T10:05:00.000Z,2026-08-31T13:05:00,3,3.01,3,3,90826
2026-08-31T10:06:00.000Z,2026-08-31T13:06:00,3.01,3.01,3,3.01,83438
2026-08-31T10:07:00.000Z,2026-08-31T13:07:00,3,3,3,3,5982
2026-08-31T10:08:00.000Z,2026-08-31T13:08:00,3,3,2.99,2.99,8799
2026-08-31T10:09:00.000Z,2026-08-31T13:09:00,3,3,2.99,2.99,25324
2026-08-31T10:10:00.000Z,2026-08-31T13:10:00,3,3,2.99,2.99,152116
2026-08-31T10:11:00.000Z,2026-08-31T13:11:00,3,3.01,3,3,100562
2026-08-31T10:12:00.000Z,2026-08-31T13:12:00,3.01,3.01,3.01,3.01,1035
2026-08-31T10:13:00.000Z,2026-08-31T13:13:00,3.01,3.01,3,3,44470
2026-08-31T10:14:00.000Z,2026-08-31T13:14:00,3.01,3.01,3.01,3.01,14074
2026-08-31T10:15:00.000Z,2026-08-31T13:15:00,3.01,3.01,3,3,45875
2026-08-31T10:16:00.000Z,2026-08-31T13:16:00,3.01,3.01,3.01,3.01,166154
2026-08-31T10:17:00.000Z,2026-08-31T13:17:00,3.02,3.02,3.01,3.01,25196
2026-08-31T10:18:00.000Z,2026-08-31T13:18:00,3.02,3.02,3.01,3.01,42477
2026-08-31T10:19:00.000Z,2026-08-31T13:19:00,3.02,3.02,3.01,3.01,32729
2026-08-31T10:20:00.000Z,2026-08-31T13:20:00,3.02,3.02,3.01,3.02,12176
2026-08-31T10:21:00.000Z,2026-08-31T13:21:00,3.02,3.04,3.01,3.03,260751
2026-08-31T10:22:00.000Z,2026-08-31T13:22:00,3.03,3.03,3.03,3.03,90308
2026-08-31T10:23:00.000Z,2026-08-31T13:23:00,3.03,3.03,3.03,3.03,48785
2026-08-31T10:24:00.000Z,2026-08-31T13:24:00,3.03,3.03,3.02,3.02,11224
2026-08-31T10:25:00.000Z,2026-08-31T13:25:00,3.02,3.03,3.01,3.03,19158
2026-08-31T10:26:00.000Z,2026-08-31T13:26:00,3.03,3.03,3.01,3.02,48528
2026-08-31T10:27:00.000Z,2026-08-31T13:27:00,3.01,3.01,3.01,3.01,106463
2026-08-31T10:28:00.000Z,2026-08-31T13:28:00,3.01,3.02,3.01,3.01,147680
2026-08-31T10:29:00.000Z,2026-08-31T13:29:00,3.02,3.02,3.01,3.01,76427
2026-08-31T10:30:00.000Z,2026-08-31T13:30:00,3.01,3.01,3.01,3.01,16204
2026-08-31T10:31:00.000Z,2026-08-31T13:31:00,3.02,3.02,3.01,3.01,52629
2026-08-31T10:32:00.000Z,2026-08-31T13:32:00,3.01,3.02,3.01,3.01,134738
2026-08-31T10:33:00.000Z,2026-08-31T13:33:00,3.01,3.02,3.01,3.02,14827
2026-08-31T10:35:00.000Z,2026-08-31T13:35:00,3.02,3.06,3.02,3.06,1770220
2026-08-31T10:36:00.000Z,2026-08-31T13:36:00,3.07,3.07,3.02,3.02,113794
2026-08-31T10:37:00.000Z,2026-08-31T13:37:00,3.02,3.05,3.02,3.05,18112
2026-08-31T10:38:00.000Z,2026-08-31T13:38:00,3.05,3.05,3.04,3.04,42839
2026-08-31T10:39:00.000Z,2026-08-31T13:39:00,3.04,3.05,3.02,3.02,718307
2026-08-31T10:40:00.000Z,2026-08-31T13:40:00,3.03,3.03,3.03,3.03,12740
2026-08-31T10:41:00.000Z,2026-08-31T13:41:00,3.03,3.04,3.03,3.03,31072
2026-08-31T10:42:00.000Z,2026-08-31T13:42:00,3.03,3.03,3.02,3.03,99911
2026-08-31T10:43:00.000Z,2026-08-31T13:43:00,3.03,3.03,3.02,3.02,42442
2026-08-31T10:44:00.000Z,2026-08-31T13:44:00,3.03,3.03,3.02,3.02,36056
2026-08-31T10:45:00.000Z,2026-08-31T13:45:00,3.02,3.03,3.02,3.02,23804
2026-08-31T10:46:00.000Z,2026-08-31T13:46:00,3.02,3.02,3.02,3.02,10324
2026-08-31T10:47:00.000Z,2026-08-31T13:47:00,3.02,3.02,3.02,3.02,34677
2026-08-31T10:48:00.000Z,2026-08-31T13:48:00,3.02,3.03,3.01,3.01,952251
2026-08-31T10:49:00.000Z,2026-08-31T13:49:00,3.01,3.02,3,3,83034
2026-08-31T10:50:00.000Z,2026-08-31T13:50:00,3,3.02,3,3.01,149763
2026-08-31T10:51:00.000Z,2026-08-31T13:51:00,3.01,3.01,3.01,3.01,78667
2026-08-31T10:52:00.000Z,2026-08-31T13:52:00,3.01,3.01,3.01,3.01,33637
2026-08-31T10:53:00.000Z,2026-08-31T13:53:00,3.01,3.02,3,3.02,201920
2026-08-31T10:55:00.000Z,2026-08-31T13:55:00,3.02,3.02,3,3.01,35019
2026-08-31T10:56:00.000Z,2026-08-31T13:56:00,3.01,3.01,3,3,9444
2026-08-31T10:57:00.000Z,2026-08-31T13:57:00,3,3.01,3,3.01,28877
2026-08-31T10:58:00.000Z,2026-08-31T13:58:00,3.01,3.01,3.01,3.01,7000
2026-08-31T10:59:00.000Z,2026-08-31T13:59:00,3,3,3,3,25018
2026-08-31T11:00:00.000Z,2026-08-31T14:00:00,3.01,3.01,3,3,76597
2026-08-31T11:01:00.000Z,2026-08-31T14:01:00,3.01,3.01,3,3.01,281067
2026-08-31T11:02:00.000Z,2026-08-31T14:02:00,3.01,3.01,3,3,66333
2026-08-31T11:03:00.000Z,2026-08-31T14:03:00,3,3.01,3,3,154800
2026-08-31T11:04:00.000Z,2026-08-31T14:04:00,3,3.01,3,3.01,2041385
2026-08-31T11:05:00.000Z,2026-08-31T14:05:00,3,3,2.99,3,709385
2026-08-31T11:06:00.000Z,2026-08-31T14:06:00,3,3,2.99,3,46325
2026-08-31T11:07:00.000Z,2026-08-31T14:07:00,2.99,3,2.99,3,106776
2026-08-31T11:08:00.000Z,2026-08-31T14:08:00,2.99,3,2.99,2.99,67534
2026-08-31T11:09:00.000Z,2026-08-31T14:09:00,3,3,3,3,1199779
2026-08-31T11:10:00.000Z,2026-08-31T14:10:00,3,3,3,3,87896
2026-08-31T11:11:00.000Z,2026-08-31T14:11:00,2.99,3,2.99,3,178658
2026-08-31T11:12:00.000Z,2026-08-31T14:12:00,3.01,3.01,3,3,45206
2026-08-31T11:13:00.000Z,2026-08-31T14:13:00,3,3.01,3,3.01,100835
2026-08-31T11:14:00.000Z,2026-08-31T14:14:00,3.01,3.05,3.01,3.05,216541
2026-08-31T11:15:00.000Z,2026-08-31T14:15:00,3.01,3.01,3,3,701704
2026-08-31T11:25:00.000Z,2026-08-31T14:25:00,3,3,3,3,2153079
2026-08-31T11:26:00.000Z,2026-08-31T14:26:00,3,3,3,3,73428
2026-08-31T11:27:00.000Z,2026-08-31T14:27:00,3,3,3,3,9847
2026-08-31T11:28:00.000Z,2026-08-31T14:28:00,3,3,3,3,168045
2026-08-31T11:29:00.000Z,2026-08-31T14:29:00,3,3,3,3,9500
2026-09-01T07:00:00.000Z,2026-09-01T10:00:00,3.04,3.04,3.02,3.04,146170
2026-09-01T07:01:00.000Z,2026-09-01T10:01:00,3.04,3.04,3.03,3.04,4632
2026-09-01T07:02:00.000Z,2026-09-01T10:02:00,3.04,3.05,3.04,3.05,85136
2026-09-01T07:03:00.000Z,2026-09-01T10:03:00,3.05,3.06,3.05,3.06,325779
2026-09-01T07:04:00.000Z,2026-09-01T10:04:00,3.06,3.06,3.05,3.06,232167
2026-09-01T07:05:00.000Z,2026-09-01T10:05:00,3.06,3.08,3.06,3.06,379528
2026-09-01T07:06:00.000Z,2026-09-01T10:06:00,3.05,3.08,3.04,3.04,311063
2026-09-01T07:07:00.000Z,2026-09-01T10:07:00,3.05,3.05,3.02,3.03,300911
2026-09-01T07:08:00.000Z,2026-09-01T10:08:00,3.05,3.05,3.03,3.03,137643
2026-09-01T07:09:00.000Z,2026-09-01T10:09:00,3.05,3.05,3.02,3.03,65286
2026-09-01T07:10:00.000Z,2026-09-01T10:10:00,3.04,3.04,3.03,3.04,76794
2026-09-01T07:11:00.000Z,2026-09-01T10:11:00,3.04,3.04,3.03,3.04,6156
2026-09-01T07:12:00.000Z,2026-09-01T10:12:00,3.03,3.04,3.03,3.03,14283
2026-09-01T07:13:00.000Z,2026-09-01T10:13:00,3.04,3.04,3.04,3.04,6203
2026-09-01T07:14:00.000Z,2026-09-01T10:14:00,3.03,3.04,3.03,3.03,15235
2026-09-01T07:15:00.000Z,2026-09-01T10:15:00,3.03,3.04,3.03,3.03,16064
2026-09-01T07:16:00.000Z,2026-09-01T10:16:00,3.03,3.04,3.03,3.03,115859
2026-09-01T07:17:00.000Z,2026-09-01T10:17:00,3.04,3.04,3.02,3.02,80456
2026-09-01T07:18:00.000Z,2026-09-01T10:18:00,3.02,3.03,3.02,3.03,7882
2026-09-01T07:19:00.000Z,2026-09-01T10:19:00,3.03,3.03,3.01,3.01,642617
2026-09-01T07:20:00.000Z,2026-09-01T10:20:00,3.02,3.02,3.01,3.01,89337
2026-09-01T07:21:00.000Z,2026-09-01T10:21:00,3.01,3.01,3,3.01,577101
2026-09-01T07:22:00.000Z,2026-09-01T10:22:00,3.01,3.01,3,3.01,281518
2026-09-01T07:23:00.000Z,2026-09-01T10:23:00,3,3.01,3,3,330820
2026-09-01T07:24:00.000Z,2026-09-01T10:24:00,3,3,3,3,11634
2026-09-01T07:25:00.000Z,2026-09-01T10:25:00,2.99,3,2.96,2.98,484869
2026-09-01T07:26:00.000Z,2026-09-01T10:26:00,3,3,2.98,2.99,65440
2026-09-01T07:27:00.000Z,2026-09-01T10:27:00,2.99,2.99,2.97,2.99,57491
2026-09-01T07:28:00.000Z,2026-09-01T10:28:00,2.99,2.99,2.98,2.99,21619
2026-09-01T07:29:00.000Z,2026-09-01T10:29:00,2.99,2.99,2.98,2.98,46110
2026-09-01T07:30:00.000Z,2026-09-01T10:30:00,2.98,2.98,2.98,2.98,286497
2026-09-01T07:31:00.000Z,2026-09-01T10:31:00,2.98,2.99,2.98,2.98,16799
2026-09-01T07:32:00.000Z,2026-09-01T10:32:00,2.99,2.99,2.98,2.99,55135
2026-09-01T07:33:00.000Z,2026-09-01T10:33:00,2.99,3.02,2.99,3,556364
2026-09-01T07:34:00.000Z,2026-09-01T10:34:00,3,3.01,3,3,1137944
2026-09-01T07:35:00.000Z,2026-09-01T10:35:00,3,3,2.98,3,217367
2026-09-01T07:36:00.000Z,2026-09-01T10:36:00,2.99,3,2.99,3,433109
2026-09-01T07:37:00.000Z,2026-09-01T10:37:00,3,3,3,3,97592
2026-09-01T07:38:00.000Z,2026-09-01T10:38:00,3,3.01,3,3.01,30741
2026-09-01T07:40:00.000Z,2026-09-01T10:40:00,3.01,3.01,3.01,3.01,669
2026-09-01T07:41:00.000Z,2026-09-01T10:41:00,3,3.01,3,3,121123
2026-09-01T07:42:00.000Z,2026-09-01T10:42:00,3,3.02,3,3.02,30832
2026-09-01T07:43:00.000Z,2026-09-01T10:43:00,3.01,3.01,3,3.01,27941
2026-09-01T07:44:00.000Z,2026-09-01T10:44:00,3,3.01,3,3.01,49725
2026-09-01T07:45:00.000Z,2026-09-01T10:45:00,3.02,3.02,3.02,3.02,192
2026-09-01T07:46:00.000Z,2026-09-01T10:46:00,3.01,3.01,3.01,3.01,9590
2026-09-01T07:47:00.000Z,2026-09-01T10:47:00,3.01,3.01,3,3.01,16061
2026-09-01T07:48:00.000Z,2026-09-01T10:48:00,3.01,3.01,3.01,3.01,44
2026-09-01T07:49:00.000Z,2026-09-01T10:49:00,3.01,3.01,3,3,34758
2026-09-01T07:50:00.000Z,2026-09-01T10:50:00,3.01,3.01,3,3,168885
2026-09-01T07:51:00.000Z,2026-09-01T10:51:00,3,3.01,3,3.01,124251
2026-09-01T07:52:00.000Z,2026-09-01T10:52:00,3,3,3,3,41210
2026-09-01T07:53:00.000Z,2026-09-01T10:53:00,3.01,3.01,3,3.01,35303
2026-09-01T07:54:00.000Z,2026-09-01T10:54:00,3,3.01,3,3.01,284200
2026-09-01T07:55:00.000Z,2026-09-01T10:55:00,3.01,3.01,3.01,3.01,420
2026-09-01T07:56:00.000Z,2026-09-01T10:56:00,3.02,3.03,3.02,3.03,433963
2026-09-01T07:57:00.000Z,2026-09-01T10:57:00,3.02,3.04,3.02,3.04,26282
2026-09-01T07:58:00.000Z,2026-09-01T10:58:00,3.04,3.04,3.04,3.04,625
2026-09-01T07:59:00.000Z,2026-09-01T10:59:00,3.04,3.04,3.03,3.04,19268
2026-09-01T08:00:00.000Z,2026-09-01T11:00:00,3.03,3.03,3.02,3.03,17553
2026-09-01T08:01:00.000Z,2026-09-01T11:01:00,3.02,3.03,3.02,3.03,60545
2026-09-01T08:02:00.000Z,2026-09-01T11:02:00,3.02,3.03,3.02,3.03,553
2026-09-01T08:03:00.000Z,2026-09-01T11:03:00,3.03,3.06,3.03,3.05,1018431
2026-09-01T08:04:00.000Z,2026-09-01T11:04:00,3.03,3.05,3.03,3.05,64131
2026-09-01T08:05:00.000Z,2026-09-01T11:05:00,3.04,3.04,3.04,3.04,16607
2026-09-01T08:06:00.000Z,2026-09-01T11:06:00,3.04,3.05,3.04,3.04,75219
2026-09-01T08:07:00.000Z,2026-09-01T11:07:00,3.04,3.04,3.04,3.04,49000
2026-09-01T08:08:00.000Z,2026-09-01T11:08:00,3.04,3.04,3.04,3.04,71270
2026-09-01T08:09:00.000Z,2026-09-01T11:09:00,3.03,3.03,3.03,3.03,56617
2026-09-01T08:10:00.000Z,2026-09-01T11:10:00,3.03,3.04,3.03,3.04,20087
2026-09-01T08:11:00.000Z,2026-09-01T11:11:00,3.04,3.04,3.04,3.04,2500
2026-09-01T08:12:00.000Z,2026-09-01T11:12:00,3.04,3.04,3.03,3.03,4069
2026-09-01T08:13:00.000Z,2026-09-01T11:13:00,3.04,3.04,3.03,3.03,16848
2026-09-01T08:14:00.000Z,2026-09-01T11:14:00,3.04,3.04,3.03,3.03,3336
2026-09-01T08:15:00.000Z,2026-09-01T11:15:00,3.04,3.04,3.03,3.03,17901
2026-09-01T08:16:00.000Z,2026-09-01T11:16:00,3.04,3.04,3.03,3.04,2927
2026-09-01T08:17:00.000Z,2026-09-01T11:17:00,3.04,3.04,3.03,3.03,22187
2026-09-01T08:18:00.000Z,2026-09-01T11:18:00,3.04,3.04,3.04,3.04,123683
2026-09-01T08:19:00.000Z,2026-09-01T11:19:00,3.04,3.04,3.04,3.04,36976
2026-09-01T08:20:00.000Z,2026-09-01T11:20:00,3.04,3.04,3.04,3.04,131350
2026-09-01T08:21:00.000Z,2026-09-01T11:21:00,3.05,3.05,3.04,3.04,1005
2026-09-01T08:22:00.000Z,2026-09-01T11:22:00,3.04,3.1,3.04,3.05,5035086
2026-09-01T08:23:00.000Z,2026-09-01T11:23:00,3.06,3.06,3.06,3.06,2000
2026-09-01T08:24:00.000Z,2026-09-01T11:24:00,3.09,3.1,3.08,3.1,401581
2026-09-01T08:25:00.000Z,2026-09-01T11:25:00,3.1,3.1,3.09,3.1,594944
2026-09-01T08:26:00.000Z,2026-09-01T11:26:00,3.11,3.11,3.08,3.09,353556
2026-09-01T08:27:00.000Z,2026-09-01T11:27:00,3.08,3.09,3.08,3.08,62280
2026-09-01T08:28:00.000Z,2026-09-01T11:28:00,3.08,3.08,3.07,3.07,58306
2026-09-01T08:29:00.000Z,2026-09-01T11:29:00,3.07,3.08,3.06,3.07,74940
2026-09-01T08:30:00.000Z,2026-09-01T11:30:00,3.06,3.07,3.06,3.07,91029
2026-09-01T08:31:00.000Z,2026-09-01T11:31:00,3.07,3.08,3.07,3.07,378771
2026-09-01T08:32:00.000Z,2026-09-01T11:32:00,3.08,3.08,3.08,3.08,258485
2026-09-01T08:33:00.000Z,2026-09-01T11:33:00,3.08,3.08,3.08,3.08,3651
2026-09-01T08:34:00.000Z,2026-09-01T11:34:00,3.07,3.09,3.07,3.09,272330
2026-09-01T08:35:00.000Z,2026-09-01T11:35:00,3.08,3.1,3.08,3.1,406706
2026-09-01T08:36:00.000Z,2026-09-01T11:36:00,3.1,3.1,3.09,3.1,206933
2026-09-01T08:37:00.000Z,2026-09-01T11:37:00,3.1,3.1,3.1,3.1,475949
2026-09-01T08:38:00.000Z,2026-09-01T11:38:00,3.1,3.1,3.09,3.1,283778
2026-09-01T08:39:00.000Z,2026-09-01T11:39:00,3.1,3.1,3.09,3.09,102839
2026-09-01T08:40:00.000Z,2026-09-01T11:40:00,3.09,3.09,3.09,3.09,728528
2026-09-01T08:41:00.000Z,2026-09-01T11:41:00,3.08,3.09,3.08,3.09,242968
2026-09-01T08:42:00.000Z,2026-09-01T11:42:00,3.09,3.09,3.08,3.09,113019
2026-09-01T08:43:00.000Z,2026-09-01T11:43:00,3.08,3.09,3.08,3.08,36480
2026-09-01T08:44:00.000Z,2026-09-01T11:44:00,3.09,3.12,3.08,3.11,5439000
2026-09-01T08:45:00.000Z,2026-09-01T11:45:00,3.11,3.12,3.11,3.11,226167
2026-09-01T08:46:00.000Z,2026-09-01T11:46:00,3.11,3.12,3.11,3.12,56402
2026-09-01T08:47:00.000Z,2026-09-01T11:47:00,3.12,3.12,3.12,3.12,366747
2026-09-01T08:48:00.000Z,2026-09-01T11:48:00,3.12,3.13,3.12,3.13,812257
2026-09-01T08:49:00.000Z,2026-09-01T11:49:00,3.12,3.12,3.11,3.11,185749
2026-09-01T08:50:00.000Z,2026-09-01T11:50:00,3.12,3.12,3.11,3.12,44471
2026-09-01T08:51:00.000Z,2026-09-01T11:51:00,3.12,3.12,3.1,3.1,117865
2026-09-01T08:52:00.000Z,2026-09-01T11:52:00,3.1,3.11,3.1,3.11,11772
2026-09-01T08:53:00.000Z,2026-09-01T11:53:00,3.11,3.11,3.1,3.11,5102
2026-09-01T08:54:00.000Z,2026-09-01T11:54:00,3.11,3.11,3.1,3.1,100332
2026-09-01T08:55:00.000Z,2026-09-01T11:55:00,3.11,3.11,3.11,3.11,28122
2026-09-01T08:56:00.000Z,2026-09-01T11:56:00,3.1,3.1,3.1,3.1,10000
2026-09-01T08:57:00.000Z,2026-09-01T11:57:00,3.1,3.11,3.1,3.1,120338
2026-09-01T08:58:00.000Z,2026-09-01T11:58:00,3.11,3.11,3.1,3.1,10932
2026-09-01T08:59:00.000Z,2026-09-01T11:59:00,3.11,3.11,3.11,3.11,76088
2026-09-01T09:00:00.000Z,2026-09-01T12:00:00,3.11,3.11,3.1,3.1,126090
2026-09-01T09:01:00.000Z,2026-09-01T12:01:00,3.1,3.12,3.1,3.12,67883
2026-09-01T09:02:00.000Z,2026-09-01T12:02:00,3.12,3.12,3.12,3.12,258183
2026-09-01T09:03:00.000Z,2026-09-01T12:03:00,3.13,3.13,3.12,3.12,439970
2026-09-01T09:04:00.000Z,2026-09-01T12:04:00,3.13,3.14,3.13,3.14,780110
2026-09-01T09:05:00.000Z,2026-09-01T12:05:00,3.14,3.14,3.13,3.13,291029
2026-09-01T09:06:00.000Z,2026-09-01T12:06:00,3.13,3.14,3.13,3.13,338719
2026-09-01T09:07:00.000Z,2026-09-01T12:07:00,3.13,3.13,3.12,3.12,283199
2026-09-01T09:08:00.000Z,2026-09-01T12:08:00,3.12,3.12,3.12,3.12,27995
2026-09-01T09:09:00.000Z,2026-09-01T12:09:00,3.12,3.13,3.12,3.13,256750
2026-09-01T09:10:00.000Z,2026-09-01T12:10:00,3.13,3.14,3.12,3.13,98000
2026-09-01T09:11:00.000Z,2026-09-01T12:11:00,3.13,3.14,3.13,3.14,259660
2026-09-01T09:12:00.000Z,2026-09-01T12:12:00,3.14,3.14,3.13,3.14,58591
2026-09-01T09:13:00.000Z,2026-09-01T12:13:00,3.13,3.15,3.13,3.14,327865
2026-09-01T09:14:00.000Z,2026-09-01T12:14:00,3.15,3.15,3.14,3.15,475725
2026-09-01T09:15:00.000Z,2026-09-01T12:15:00,3.15,3.15,3.12,3.12,524892
2026-09-01T09:16:00.000Z,2026-09-01T12:16:00,3.13,3.13,3.12,3.12,4832
2026-09-01T09:17:00.000Z,2026-09-01T12:17:00,3.12,3.13,3.12,3.12,372176
2026-09-01T09:18:00.000Z,2026-09-01T12:18:00,3.11,3.12,3.11,3.12,175751
2026-09-01T09:19:00.000Z,2026-09-01T12:19:00,3.12,3.13,3.12,3.12,163066
2026-09-01T09:20:00.000Z,2026-09-01T12:20:00,3.12,3.12,3.12,3.12,386
2026-09-01T09:21:00.000Z,2026-09-01T12:21:00,3.11,3.12,3.1,3.11,445149
2026-09-01T09:22:00.000Z,2026-09-01T12:22:00,3.1,3.11,3.1,3.1,73940
2026-09-01T09:23:00.000Z,2026-09-01T12:23:00,3.11,3.11,3.11,3.11,6054
2026-09-01T09:24:00.000Z,2026-09-01T12:24:00,3.11,3.11,3.1,3.1,207253
2026-09-01T09:25:00.000Z,2026-09-01T12:25:00,3.1,3.11,3.1,3.11,29848
2026-09-01T09:26:00.000Z,2026-09-01T12:26:00,3.11,3.11,3.11,3.11,56962
2026-09-01T09:27:00.000Z,2026-09-01T12:27:00,3.11,3.12,3.1,3.12,33760
2026-09-01T09:28:00.000Z,2026-09-01T12:28:00,3.12,3.12,3.1,3.11,52527
2026-09-01T09:29:00.000Z,2026-09-01T12:29:00,3.1,3.11,3.1,3.11,25658
2026-09-01T09:30:00.000Z,2026-09-01T12:30:00,3.1,3.11,3.1,3.1,21732
2026-09-01T09:31:00.000Z,2026-09-01T12:31:00,3.1,3.11,3.1,3.11,7899
2026-09-01T09:32:00.000Z,2026-09-01T12:32:00,3.11,3.11,3.11,3.11,45654
2026-09-01T09:33:00.000Z,2026-09-01T12:33:00,3.11,3.12,3.11,3.12,222010
2026-09-01T09:34:00.000Z,2026-09-01T12:34:00,3.12,3.12,3.12,3.12,500
2026-09-01T09:35:00.000Z,2026-09-01T12:35:00,3.12,3.13,3.12,3.12,26453
2026-09-01T09:36:00.000Z,2026-09-01T12:36:00,3.13,3.13,3.11,3.11,80959
2026-09-01T09:37:00.000Z,2026-09-01T12:37:00,3.11,3.12,3.11,3.12,2767
2026-09-01T09:38:00.000Z,2026-09-01T12:38:00,3.11,3.11,3.11,3.11,5700
2026-09-01T09:39:00.000Z,2026-09-01T12:39:00,3.11,3.12,3.11,3.11,56629
2026-09-01T09:40:00.000Z,2026-09-01T12:40:00,3.11,3.13,3.11,3.13,56255
2026-09-01T09:41:00.000Z,2026-09-01T12:41:00,3.12,3.13,3.12,3.12,34874
2026-09-01T09:42:00.000Z,2026-09-01T12:42:00,3.13,3.13,3.13,3.13,641
2026-09-01T09:43:00.000Z,2026-09-01T12:43:00,3.13,3.13,3.11,3.11,227668
2026-09-01T09:44:00.000Z,2026-09-01T12:44:00,3.12,3.12,3.11,3.11,37621
2026-09-01T09:45:00.000Z,2026-09-01T12:45:00,3.11,3.11,3.1,3.1,5070919
2026-09-01T09:46:00.000Z,2026-09-01T12:46:00,3.1,3.11,3.1,3.11,33736
2026-09-01T09:47:00.000Z,2026-09-01T12:47:00,3.11,3.11,3.11,3.11,15426
2026-09-01T09:48:00.000Z,2026-09-01T12:48:00,3.1,3.11,3.1,3.11,38931
2026-09-01T09:49:00.000Z,2026-09-01T12:49:00,3.11,3.11,3.1,3.11,30808
2026-09-01T09:50:00.000Z,2026-09-01T12:50:00,3.11,3.11,3.1,3.1,18008
2026-09-01T09:51:00.000Z,2026-09-01T12:51:00,3.11,3.11,3.11,3.11,10259
2026-09-01T09:52:00.000Z,2026-09-01T12:52:00,3.11,3.12,3.11,3.12,62253
2026-09-01T09:53:00.000Z,2026-09-01T12:53:00,3.12,3.13,3.12,3.12,139610
2026-09-01T09:54:00.000Z,2026-09-01T12:54:00,3.12,3.13,3.11,3.11,2900592
2026-09-01T09:55:00.000Z,2026-09-01T12:55:00,3.11,3.12,3.11,3.12,131506
2026-09-01T09:56:00.000Z,2026-09-01T12:56:00,3.13,3.13,3.13,3.13,21007
2026-09-01T09:57:00.000Z,2026-09-01T12:57:00,3.12,3.12,3.12,3.12,13742
2026-09-01T09:58:00.000Z,2026-09-01T12:58:00,3.12,3.13,3.12,3.13,62943
2026-09-01T09:59:00.000Z,2026-09-01T12:59:00,3.13,3.13,3.12,3.13,81760
2026-09-01T10:00:00.000Z,2026-09-01T13:00:00,3.12,3.13,3.12,3.13,198147
2026-09-01T10:01:00.000Z,2026-09-01T13:01:00,3.13,3.15,3.12,3.15,2005791
2026-09-01T10:02:00.000Z,2026-09-01T13:02:00,3.15,3.15,3.13,3.13,77236
2026-09-01T10:03:00.000Z,2026-09-01T13:03:00,3.15,3.16,3.14,3.14,446695
2026-09-01T10:05:00.000Z,2026-09-01T13:05:00,3.14,3.15,3.14,3.15,10815
2026-09-01T10:06:00.000Z,2026-09-01T13:06:00,3.14,3.15,3.14,3.15,10223
2026-09-01T10:07:00.000Z,2026-09-01T13:07:00,3.15,3.15,3.14,3.15,2863
2026-09-01T10:08:00.000Z,2026-09-01T13:08:00,3.15,3.15,3.14,3.15,57798
2026-09-01T10:09:00.000Z,2026-09-01T13:09:00,3.15,3.16,3.14,3.14,187713
2026-09-01T10:10:00.000Z,2026-09-01T13:10:00,3.14,3.15,3.14,3.14,298134
2026-09-01T10:11:00.000Z,2026-09-01T13:11:00,3.15,3.15,3.15,3.15,1208
2026-09-01T10:12:00.000Z,2026-09-01T13:12:00,3.14,3.15,3.14,3.15,89133
2026-09-01T10:13:00.000Z,2026-09-01T13:13:00,3.14,3.16,3.14,3.14,614517
2026-09-01T10:14:00.000Z,2026-09-01T13:14:00,3.15,3.17,3.15,3.16,109142
2026-09-01T10:15:00.000Z,2026-09-01T13:15:00,3.16,3.16,3.16,3.16,136797
2026-09-01T10:16:00.000Z,2026-09-01T13:16:00,3.16,3.16,3.15,3.15,51322
2026-09-01T10:17:00.000Z,2026-09-01T13:17:00,3.15,3.16,3.15,3.15,32550
2026-09-01T10:18:00.000Z,2026-09-01T13:18:00,3.15,3.16,3.15,3.15,62124
2026-09-01T10:19:00.000Z,2026-09-01T13:19:00,3.16,3.16,3.15,3.15,8988
2026-09-01T10:20:00.000Z,2026-09-01T13:20:00,3.16,3.16,3.15,3.16,147988
2026-09-01T10:21:00.000Z,2026-09-01T13:21:00,3.16,3.18,3.16,3.18,1197775
2026-09-01T10:22:00.000Z,2026-09-01T13:22:00,3.18,3.18,3.17,3.18,447757
2026-09-01T10:23:00.000Z,2026-09-01T13:23:00,3.18,3.19,3.17,3.19,177413
2026-09-01T10:24:00.000Z,2026-09-01T13:24:00,3.19,3.19,3.18,3.18,451252
2026-09-01T10:25:00.000Z,2026-09-01T13:25:00,3.18,3.19,3.17,3.18,52905
2026-09-01T10:26:00.000Z,2026-09-01T13:26:00,3.18,3.18,3.17,3.18,64368
2026-09-01T10:27:00.000Z,2026-09-01T13:27:00,3.18,3.18,3.18,3.18,2985
2026-09-01T10:28:00.000Z,2026-09-01T13:28:00,3.17,3.18,3.17,3.17,50738
2026-09-01T10:29:00.000Z,2026-09-01T13:29:00,3.17,3.18,3.17,3.18,81392
2026-09-01T10:30:00.000Z,2026-09-01T13:30:00,3.17,3.18,3.17,3.18,36944
2026-09-01T10:31:00.000Z,2026-09-01T13:31:00,3.17,3.18,3.17,3.18,127478
2026-09-01T10:32:00.000Z,2026-09-01T13:32:00,3.18,3.18,3.17,3.17,99761
2026-09-01T10:33:00.000Z,2026-09-01T13:33:00,3.18,3.18,3.17,3.18,269523
2026-09-01T10:34:00.000Z,2026-09-01T13:34:00,3.17,3.18,3.17,3.17,33666
2026-09-01T10:35:00.000Z,2026-09-01T13:35:00,3.18,3.18,3.17,3.18,1809673
2026-09-01T10:36:00.000Z,2026-09-01T13:36:00,3.18,3.18,3.18,3.18,42338
2026-09-01T10:37:00.000Z,2026-09-01T13:37:00,3.17,3.18,3.17,3.17,42158
2026-09-01T10:38:00.000Z,2026-09-01T13:38:00,3.18,3.18,3.18,3.18,17255
2026-09-01T10:39:00.000Z,2026-09-01T13:39:00,3.18,3.18,3.17,3.18,80233
2026-09-01T10:40:00.000Z,2026-09-01T13:40:00,3.18,3.18,3.17,3.17,104007
2026-09-01T10:41:00.000Z,2026-09-01T13:41:00,3.17,3.18,3.16,3.16,63184
2026-09-01T10:42:00.000Z,2026-09-01T13:42:00,3.16,3.17,3.16,3.16,22884
2026-09-01T10:43:00.000Z,2026-09-01T13:43:00,3.16,3.17,3.16,3.16,50706
2026-09-01T10:44:00.000Z,2026-09-01T13:44:00,3.16,3.16,3.15,3.15,114215
2026-09-01T10:45:00.000Z,2026-09-01T13:45:00,3.15,3.16,3.15,3.15,80246
2026-09-01T10:46:00.000Z,2026-09-01T13:46:00,3.15,3.16,3.14,3.16,160658
2026-09-01T10:47:00.000Z,2026-09-01T13:47:00,3.15,3.15,3.15,3.15,127214
2026-09-01T10:48:00.000Z,2026-09-01T13:48:00,3.15,3.15,3.14,3.15,146424
2026-09-01T10:49:00.000Z,2026-09-01T13:49:00,3.15,3.15,3.14,3.14,315651
2026-09-01T10:50:00.000Z,2026-09-01T13:50:00,3.14,3.15,3.14,3.14,278736
2026-09-01T10:51:00.000Z,2026-09-01T13:51:00,3.14,3.15,3.13,3.15,1092800
2026-09-01T10:52:00.000Z,2026-09-01T13:52:00,3.14,3.15,3.14,3.15,191453
2026-09-01T10:53:00.000Z,2026-09-01T13:53:00,3.15,3.16,3.15,3.15,37540
2026-09-01T10:54:00.000Z,2026-09-01T13:54:00,3.16,3.16,3.15,3.15,116817
2026-09-01T10:55:00.000Z,2026-09-01T13:55:00,3.15,3.15,3.15,3.15,30025
2026-09-01T10:56:00.000Z,2026-09-01T13:56:00,3.16,3.16,3.16,3.16,23898
2026-09-01T10:57:00.000Z,2026-09-01T13:57:00,3.16,3.16,3.15,3.15,34328
2026-09-01T10:58:00.000Z,2026-09-01T13:58:00,3.16,3.16,3.16,3.16,11052
2026-09-01T10:59:00.000Z,2026-09-01T13:59:00,3.16,3.16,3.15,3.15,15557
2026-09-01T11:00:00.000Z,2026-09-01T14:00:00,3.16,3.16,3.15,3.15,16412
2026-09-01T11:01:00.000Z,2026-09-01T14:01:00,3.15,3.15,3.15,3.15,2850
2026-09-01T11:02:00.000Z,2026-09-01T14:02:00,3.15,3.16,3.15,3.16,20220
2026-09-01T11:03:00.000Z,2026-09-01T14:03:00,3.16,3.17,3.16,3.16,14651
2026-09-01T11:04:00.000Z,2026-09-01T14:04:00,3.16,3.17,3.15,3.17,18661
2026-09-01T11:05:00.000Z,2026-09-01T14:05:00,3.16,3.16,3.15,3.15,5226
2026-09-01T11:06:00.000Z,2026-09-01T14:06:00,3.15,3.15,3.15,3.15,43750
2026-09-01T11:07:00.000Z,2026-09-01T14:07:00,3.16,3.16,3.15,3.16,180552
2026-09-01T11:08:00.000Z,2026-09-01T14:08:00,3.16,3.17,3.15,3.16,445208
2026-09-01T11:09:00.000Z,2026-09-01T14:09:00,3.16,3.16,3.16,3.16,22958
2026-09-01T11:10:00.000Z,2026-09-01T14:10:00,3.17,3.17,3.16,3.16,33494
2026-09-01T11:11:00.000Z,2026-09-01T14:11:00,3.16,3.17,3.16,3.17,52504
2026-09-01T11:12:00.000Z,2026-09-01T14:12:00,3.17,3.17,3.16,3.16,49244
2026-09-01T11:13:00.000Z,2026-09-01T14:13:00,3.17,3.17,3.16,3.17,22999
2026-09-01T11:14:00.000Z,2026-09-01T14:14:00,3.16,3.2,3.15,3.2,2387734
2026-09-01T11:25:00.000Z,2026-09-01T14:25:00,3.15,3.15,3.15,3.15,2059679
2026-09-01T11:26:00.000Z,2026-09-01T14:26:00,3.15,3.15,3.15,3.15,271080
2026-09-01T11:27:00.000Z,2026-09-01T14:27:00,3.15,3.15,3.15,3.15,218431
2026-09-01T11:28:00.000Z,2026-09-01T14:28:00,3.15,3.15,3.15,3.15,10992
2026-09-01T11:29:00.000Z,2026-09-01T14:29:00,3.15,3.15,3.15,3.15,148156
2026-09-02T07:00:00.000Z,2026-09-02T10:00:00,3.15,3.16,3.15,3.15,85084
2026-09-02T07:01:00.000Z,2026-09-02T10:01:00,3.15,3.16,3.12,3.15,238483
2026-09-02T07:02:00.000Z,2026-09-02T10:02:00,3.15,3.16,3.15,3.16,26738
2026-09-02T07:03:00.000Z,2026-09-02T10:03:00,3.16,3.16,3.15,3.16,107389
2026-09-02T07:04:00.000Z,2026-09-02T10:04:00,3.16,3.16,3.15,3.16,129802
2026-09-02T07:05:00.000Z,2026-09-02T10:05:00,3.17,3.17,3.16,3.17,102040
2026-09-02T07:06:00.000Z,2026-09-02T10:06:00,3.17,3.19,3.16,3.19,2355811
2026-09-02T07:07:00.000Z,2026-09-02T10:07:00,3.2,3.21,3.2,3.2,505444
2026-09-02T07:08:00.000Z,2026-09-02T10:08:00,3.21,3.22,3.21,3.22,345581
2026-09-02T07:09:00.000Z,2026-09-02T10:09:00,3.21,3.22,3.2,3.21,623482
2026-09-02T07:10:00.000Z,2026-09-02T10:10:00,3.21,3.21,3.2,3.2,207977
2026-09-02T07:11:00.000Z,2026-09-02T10:11:00,3.2,3.2,3.18,3.19,146123
2026-09-02T07:12:00.000Z,2026-09-02T10:12:00,3.18,3.2,3.18,3.18,317887
2026-09-02T07:13:00.000Z,2026-09-02T10:13:00,3.18,3.2,3.18,3.2,150000
2026-09-02T07:14:00.000Z,2026-09-02T10:14:00,3.19,3.19,3.18,3.18,246695
2026-09-02T07:15:00.000Z,2026-09-02T10:15:00,3.19,3.19,3.18,3.19,157897
2026-09-02T07:16:00.000Z,2026-09-02T10:16:00,3.19,3.2,3.18,3.2,116319
2026-09-02T07:17:00.000Z,2026-09-02T10:17:00,3.2,3.2,3.19,3.2,13448
2026-09-02T07:18:00.000Z,2026-09-02T10:18:00,3.2,3.2,3.19,3.2,240123
2026-09-02T07:19:00.000Z,2026-09-02T10:19:00,3.2,3.21,3.2,3.2,511403
2026-09-02T07:20:00.000Z,2026-09-02T10:20:00,3.2,3.21,3.2,3.2,119532
2026-09-02T07:21:00.000Z,2026-09-02T10:21:00,3.19,3.2,3.19,3.2,106694
2026-09-02T07:22:00.000Z,2026-09-02T10:22:00,3.2,3.2,3.19,3.19,30012
2026-09-02T07:23:00.000Z,2026-09-02T10:23:00,3.19,3.19,3.18,3.19,87851
2026-09-02T07:24:00.000Z,2026-09-02T10:24:00,3.19,3.2,3.19,3.19,112512
2026-09-02T07:25:00.000Z,2026-09-02T10:25:00,3.2,3.2,3.19,3.2,89270
2026-09-02T07:26:00.000Z,2026-09-02T10:26:00,3.2,3.2,3.19,3.2,82232
2026-09-02T07:27:00.000Z,2026-09-02T10:27:00,3.2,3.2,3.19,3.19,58036
2026-09-02T07:28:00.000Z,2026-09-02T10:28:00,3.19,3.2,3.19,3.2,136368
2026-09-02T07:29:00.000Z,2026-09-02T10:29:00,3.21,3.21,3.2,3.21,304661
2026-09-02T07:30:00.000Z,2026-09-02T10:30:00,3.2,3.22,3.2,3.22,474674
2026-09-02T07:31:00.000Z,2026-09-02T10:31:00,3.21,3.23,3.2,3.21,629687
2026-09-02T07:32:00.000Z,2026-09-02T10:32:00,3.21,3.21,3.21,3.21,6063
2026-09-02T07:33:00.000Z,2026-09-02T10:33:00,3.21,3.21,3.2,3.2,716956
2026-09-02T07:34:00.000Z,2026-09-02T10:34:00,3.2,3.2,3.19,3.19,24817
2026-09-02T07:35:00.000Z,2026-09-02T10:35:00,3.2,3.2,3.2,3.2,1089
2026-09-02T07:36:00.000Z,2026-09-02T10:36:00,3.19,3.2,3.19,3.2,118045
2026-09-02T07:37:00.000Z,2026-09-02T10:37:00,3.21,3.21,3.21,3.21,1001
2026-09-02T07:38:00.000Z,2026-09-02T10:38:00,3.2,3.2,3.19,3.2,107877
2026-09-02T07:39:00.000Z,2026-09-02T10:39:00,3.2,3.21,3.2,3.2,227991
2026-09-02T07:40:00.000Z,2026-09-02T10:40:00,3.2,3.21,3.2,3.21,10769
2026-09-02T07:41:00.000Z,2026-09-02T10:41:00,3.21,3.21,3.2,3.2,311893
2026-09-02T07:42:00.000Z,2026-09-02T10:42:00,3.2,3.2,3.2,3.2,17094
2026-09-02T07:43:00.000Z,2026-09-02T10:43:00,3.2,3.2,3.2,3.2,52425
2026-09-02T07:44:00.000Z,2026-09-02T10:44:00,3.2,3.2,3.19,3.2,61653
2026-09-02T07:45:00.000Z,2026-09-02T10:45:00,3.2,3.2,3.2,3.2,23660
2026-09-02T07:46:00.000Z,2026-09-02T10:46:00,3.19,3.2,3.19,3.2,11880
2026-09-02T07:47:00.000Z,2026-09-02T10:47:00,3.19,3.2,3.19,3.2,74395
2026-09-02T07:48:00.000Z,2026-09-02T10:48:00,3.2,3.2,3.2,3.2,16399
2026-09-02T07:49:00.000Z,2026-09-02T10:49:00,3.2,3.2,3.2,3.2,61516
2026-09-02T07:50:00.000Z,2026-09-02T10:50:00,3.2,3.2,3.19,3.2,2572
2026-09-02T07:51:00.000Z,2026-09-02T10:51:00,3.19,3.2,3.19,3.2,2937
2026-09-02T07:52:00.000Z,2026-09-02T10:52:00,3.19,3.2,3.19,3.2,34881
2026-09-02T07:53:00.000Z,2026-09-02T10:53:00,3.19,3.19,3.19,3.19,63803
2026-09-02T07:54:00.000Z,2026-09-02T10:54:00,3.2,3.2,3.19,3.19,480191
2026-09-02T07:55:00.000Z,2026-09-02T10:55:00,3.19,3.19,3.18,3.19,123925
2026-09-02T07:56:00.000Z,2026-09-02T10:56:00,3.19,3.19,3.19,3.19,32380
2026-09-02T07:57:00.000Z,2026-09-02T10:57:00,3.19,3.19,3.19,3.19,319
2026-09-02T07:58:00.000Z,2026-09-02T10:58:00,3.19,3.19,3.19,3.19,34693
2026-09-02T07:59:00.000Z,2026-09-02T10:59:00,3.19,3.19,3.19,3.19,12577
2026-09-02T08:00:00.000Z,2026-09-02T11:00:00,3.19,3.2,3.19,3.19,121169
2026-09-02T08:01:00.000Z,2026-09-02T11:01:00,3.2,3.2,3.18,3.19,95587
2026-09-02T08:02:00.000Z,2026-09-02T11:02:00,3.18,3.19,3.18,3.19,38333
2026-09-02T08:03:00.000Z,2026-09-02T11:03:00,3.18,3.19,3.18,3.19,5818
2026-09-02T08:05:00.000Z,2026-09-02T11:05:00,3.19,3.19,3.19,3.19,87
2026-09-02T08:06:00.000Z,2026-09-02T11:06:00,3.18,3.19,3.18,3.19,1611
2026-09-02T08:07:00.000Z,2026-09-02T11:07:00,3.19,3.19,3.19,3.19,29
2026-09-02T08:08:00.000Z,2026-09-02T11:08:00,3.18,3.19,3.18,3.18,98012
2026-09-02T08:09:00.000Z,2026-09-02T11:09:00,3.18,3.19,3.18,3.19,333276
2026-09-02T08:10:00.000Z,2026-09-02T11:10:00,3.2,3.21,3.19,3.19,5146953
2026-09-02T08:11:00.000Z,2026-09-02T11:11:00,3.19,3.2,3.19,3.2,3579
2026-09-02T08:12:00.000Z,2026-09-02T11:12:00,3.2,3.21,3.19,3.21,57791
2026-09-02T08:13:00.000Z,2026-09-02T11:13:00,3.2,3.2,3.2,3.2,473690
2026-09-02T08:14:00.000Z,2026-09-02T11:14:00,3.2,3.2,3.2,3.2,2
2026-09-02T08:15:00.000Z,2026-09-02T11:15:00,3.19,3.2,3.19,3.2,12012
2026-09-02T08:16:00.000Z,2026-09-02T11:16:00,3.2,3.2,3.19,3.2,65242
2026-09-02T08:17:00.000Z,2026-09-02T11:17:00,3.19,3.19,3.19,3.19,33856
2026-09-02T08:18:00.000Z,2026-09-02T11:18:00,3.19,3.2,3.19,3.2,11239
2026-09-02T08:19:00.000Z,2026-09-02T11:19:00,3.2,3.2,3.2,3.2,24511
2026-09-02T08:20:00.000Z,2026-09-02T11:20:00,3.2,3.2,3.19,3.19,93457
2026-09-02T08:21:00.000Z,2026-09-02T11:21:00,3.19,3.19,3.19,3.19,19
2026-09-02T08:22:00.000Z,2026-09-02T11:22:00,3.19,3.19,3.19,3.19,10895
2026-09-02T08:23:00.000Z,2026-09-02T11:23:00,3.2,3.2,3.19,3.2,4703
2026-09-02T08:24:00.000Z,2026-09-02T11:24:00,3.19,3.19,3.19,3.19,52000
2026-09-02T08:25:00.000Z,2026-09-02T11:25:00,3.19,3.19,3.19,3.19,716177
2026-09-02T08:26:00.000Z,2026-09-02T11:26:00,3.18,3.19,3.18,3.19,74566
2026-09-02T08:27:00.000Z,2026-09-02T11:27:00,3.19,3.19,3.19,3.19,245
2026-09-02T08:28:00.000Z,2026-09-02T11:28:00,3.19,3.19,3.18,3.18,1967
2026-09-02T08:29:00.000Z,2026-09-02T11:29:00,3.18,3.19,3.18,3.18,776143
2026-09-02T08:30:00.000Z,2026-09-02T11:30:00,3.17,3.17,3.16,3.17,345418
2026-09-02T08:31:00.000Z,2026-09-02T11:31:00,3.17,3.17,3.16,3.17,53388
2026-09-02T08:32:00.000Z,2026-09-02T11:32:00,3.17,3.18,3.16,3.18,117402
2026-09-02T08:33:00.000Z,2026-09-02T11:33:00,3.17,3.18,3.17,3.18,2255
2026-09-02T08:34:00.000Z,2026-09-02T11:34:00,3.17,3.18,3.17,3.17,47092
2026-09-02T08:35:00.000Z,2026-09-02T11:35:00,3.17,3.17,3.17,3.17,242134
2026-09-02T08:36:00.000Z,2026-09-02T11:36:00,3.17,3.17,3.16,3.16,47775
2026-09-02T08:37:00.000Z,2026-09-02T11:37:00,3.17,3.17,3.16,3.17,807701
2026-09-02T08:38:00.000Z,2026-09-02T11:38:00,3.16,3.16,3.16,3.16,186411
2026-09-02T08:39:00.000Z,2026-09-02T11:39:00,3.17,3.17,3.17,3.17,50003
2026-09-02T08:40:00.000Z,2026-09-02T11:40:00,3.17,3.17,3.17,3.17,57000
2026-09-02T08:41:00.000Z,2026-09-02T11:41:00,3.17,3.17,3.17,3.17,14533
2026-09-02T08:42:00.000Z,2026-09-02T11:42:00,3.17,3.18,3.17,3.18,12201
2026-09-02T08:43:00.000Z,2026-09-02T11:43:00,3.18,3.18,3.17,3.17,9012
2026-09-02T08:44:00.000Z,2026-09-02T11:44:00,3.17,3.18,3.17,3.18,84466
2026-09-02T08:45:00.000Z,2026-09-02T11:45:00,3.17,3.17,3.17,3.17,7000
2026-09-02T08:46:00.000Z,2026-09-02T11:46:00,3.16,3.16,3.16,3.16,11218
2026-09-02T08:47:00.000Z,2026-09-02T11:47:00,3.16,3.16,3.16,3.16,100000
2026-09-02T08:48:00.000Z,2026-09-02T11:48:00,3.16,3.17,3.15,3.17,637244
2026-09-02T08:49:00.000Z,2026-09-02T11:49:00,3.17,3.17,3.16,3.16,4500
2026-09-02T08:50:00.000Z,2026-09-02T11:50:00,3.16,3.17,3.16,3.17,524442
2026-09-02T08:51:00.000Z,2026-09-02T11:51:00,3.17,3.17,3.17,3.17,77388
2026-09-02T08:52:00.000Z,2026-09-02T11:52:00,3.18,3.18,3.17,3.18,18272
2026-09-02T08:53:00.000Z,2026-09-02T11:53:00,3.18,3.18,3.17,3.18,15266
2026-09-02T08:54:00.000Z,2026-09-02T11:54:00,3.18,3.18,3.17,3.18,90262
2026-09-02T08:55:00.000Z,2026-09-02T11:55:00,3.18,3.18,3.18,3.18,72484
2026-09-02T08:56:00.000Z,2026-09-02T11:56:00,3.18,3.18,3.18,3.18,50000
2026-09-02T08:57:00.000Z,2026-09-02T11:57:00,3.18,3.18,3.18,3.18,50943
2026-09-02T08:58:00.000Z,2026-09-02T11:58:00,3.18,3.18,3.18,3.18,20560
2026-09-02T08:59:00.000Z,2026-09-02T11:59:00,3.18,3.18,3.17,3.17,12041
2026-09-02T09:00:00.000Z,2026-09-02T12:00:00,3.17,3.17,3.17,3.17,1418
2026-09-02T09:02:00.000Z,2026-09-02T12:02:00,3.18,3.19,3.18,3.19,2202
2026-09-02T09:03:00.000Z,2026-09-02T12:03:00,3.19,3.19,3.19,3.19,6579
2026-09-02T09:04:00.000Z,2026-09-02T12:04:00,3.18,3.18,3.18,3.18,18947
2026-09-02T09:05:00.000Z,2026-09-02T12:05:00,3.18,3.18,3.18,3.18,14089
2026-09-02T09:06:00.000Z,2026-09-02T12:06:00,3.19,3.19,3.19,3.19,341565
2026-09-02T09:07:00.000Z,2026-09-02T12:07:00,3.19,3.19,3.19,3.19,1129
2026-09-02T09:08:00.000Z,2026-09-02T12:08:00,3.19,3.19,3.18,3.18,23003
2026-09-02T09:09:00.000Z,2026-09-02T12:09:00,3.19,3.19,3.18,3.19,1149
2026-09-02T09:11:00.000Z,2026-09-02T12:11:00,3.19,3.19,3.18,3.18,11252
2026-09-02T09:12:00.000Z,2026-09-02T12:12:00,3.19,3.19,3.18,3.18,28487
2026-09-02T09:13:00.000Z,2026-09-02T12:13:00,3.18,3.18,3.17,3.17,156412
2026-09-02T09:14:00.000Z,2026-09-02T12:14:00,3.17,3.17,3.17,3.17,129
2026-09-02T09:15:00.000Z,2026-09-02T12:15:00,3.17,3.18,3.17,3.18,12158
2026-09-02T09:16:00.000Z,2026-09-02T12:16:00,3.17,3.17,3.17,3.17,380
2026-09-02T09:17:00.000Z,2026-09-02T12:17:00,3.18,3.18,3.18,3.18,260
2026-09-02T09:18:00.000Z,2026-09-02T12:18:00,3.18,3.18,3.18,3.18,171824
2026-09-02T09:19:00.000Z,2026-09-02T12:19:00,3.18,3.18,3.18,3.18,8250
2026-09-02T09:21:00.000Z,2026-09-02T12:21:00,3.19,3.19,3.18,3.18,8653
2026-09-02T09:22:00.000Z,2026-09-02T12:22:00,3.18,3.18,3.18,3.18,16222
2026-09-02T09:23:00.000Z,2026-09-02T12:23:00,3.19,3.19,3.18,3.18,731
2026-09-02T09:24:00.000Z,2026-09-02T12:24:00,3.18,3.18,3.18,3.18,5600
2026-09-02T09:25:00.000Z,2026-09-02T12:25:00,3.19,3.19,3.18,3.18,8276
2026-09-02T09:26:00.000Z,2026-09-02T12:26:00,3.18,3.19,3.18,3.19,186425
2026-09-02T09:27:00.000Z,2026-09-02T12:27:00,3.19,3.19,3.18,3.19,613645
2026-09-02T09:28:00.000Z,2026-09-02T12:28:00,3.19,3.19,3.18,3.19,201664
2026-09-02T09:29:00.000Z,2026-09-02T12:29:00,3.2,3.2,3.2,3.2,3739
2026-09-02T09:30:00.000Z,2026-09-02T12:30:00,3.19,3.19,3.19,3.19,2000
2026-09-02T09:31:00.000Z,2026-09-02T12:31:00,3.19,3.19,3.19,3.19,2350
2026-09-02T09:32:00.000Z,2026-09-02T12:32:00,3.2,3.2,3.2,3.2,314
2026-09-02T09:33:00.000Z,2026-09-02T12:33:00,3.2,3.2,3.2,3.2,8
2026-09-02T09:34:00.000Z,2026-09-02T12:34:00,3.2,3.2,3.2,3.2,125004
2026-09-02T09:35:00.000Z,2026-09-02T12:35:00,3.19,3.2,3.19,3.19,117257
2026-09-02T09:36:00.000Z,2026-09-02T12:36:00,3.19,3.19,3.18,3.18,55714
2026-09-02T09:37:00.000Z,2026-09-02T12:37:00,3.19,3.2,3.18,3.2,131781
2026-09-02T09:38:00.000Z,2026-09-02T12:38:00,3.19,3.19,3.19,3.19,26000
2026-09-02T09:39:00.000Z,2026-09-02T12:39:00,3.19,3.19,3.18,3.19,57075
2026-09-02T09:40:00.000Z,2026-09-02T12:40:00,3.19,3.2,3.18,3.19,820139
2026-09-02T09:41:00.000Z,2026-09-02T12:41:00,3.2,3.2,3.2,3.2,152188
2026-09-02T09:42:00.000Z,2026-09-02T12:42:00,3.19,3.2,3.19,3.2,108692
2026-09-02T09:43:00.000Z,2026-09-02T12:43:00,3.2,3.21,3.2,3.2,246406
2026-09-02T09:44:00.000Z,2026-09-02T12:44:00,3.2,3.2,3.2,3.2,3125
2026-09-02T09:45:00.000Z,2026-09-02T12:45:00,3.2,3.2,3.2,3.2,3489
2026-09-02T09:46:00.000Z,2026-09-02T12:46:00,3.2,3.2,3.2,3.2,804901
2026-09-02T09:47:00.000Z,2026-09-02T12:47:00,3.2,3.2,3.2,3.2,72531
2026-09-02T09:48:00.000Z,2026-09-02T12:48:00,3.19,3.2,3.19,3.19,27284
2026-09-02T09:49:00.000Z,2026-09-02T12:49:00,3.19,3.21,3.19,3.21,401880
2026-09-02T09:50:00.000Z,2026-09-02T12:50:00,3.21,3.21,3.2,3.2,1364
2026-09-02T09:51:00.000Z,2026-09-02T12:51:00,3.2,3.2,3.2,3.2,102363
2026-09-02T09:52:00.000Z,2026-09-02T12:52:00,3.21,3.21,3.21,3.21,3146
2026-09-02T09:53:00.000Z,2026-09-02T12:53:00,3.21,3.21,3.21,3.21,402
2026-09-02T09:54:00.000Z,2026-09-02T12:54:00,3.21,3.21,3.2,3.2,8309
2026-09-02T09:55:00.000Z,2026-09-02T12:55:00,3.21,3.21,3.2,3.21,83830
2026-09-02T09:56:00.000Z,2026-09-02T12:56:00,3.2,3.21,3.2,3.21,1137
2026-09-02T09:57:00.000Z,2026-09-02T12:57:00,3.2,3.21,3.2,3.21,6930
2026-09-02T09:58:00.000Z,2026-09-02T12:58:00,3.21,3.21,3.2,3.21,138819
2026-09-02T09:59:00.000Z,2026-09-02T12:59:00,3.21,3.21,3.21,3.21,10
2026-09-02T10:00:00.000Z,2026-09-02T13:00:00,3.21,3.21,3.21,3.21,5915
2026-09-02T10:01:00.000Z,2026-09-02T13:01:00,3.21,3.21,3.2,3.2,5084
2026-09-02T10:03:00.000Z,2026-09-02T13:03:00,3.2,3.2,3.2,3.2,30
2026-09-02T10:04:00.000Z,2026-09-02T13:04:00,3.2,3.21,3.2,3.21,143541
2026-09-02T10:06:00.000Z,2026-09-02T13:06:00,3.21,3.21,3.2,3.2,25146
2026-09-02T10:07:00.000Z,2026-09-02T13:07:00,3.2,3.2,3.2,3.2,163
2026-09-02T10:08:00.000Z,2026-09-02T13:08:00,3.2,3.21,3.2,3.21,3683
2026-09-02T10:09:00.000Z,2026-09-02T13:09:00,3.21,3.21,3.21,3.21,28241
2026-09-02T10:10:00.000Z,2026-09-02T13:10:00,3.2,3.21,3.2,3.2,250566
2026-09-02T10:11:00.000Z,2026-09-02T13:11:00,3.2,3.2,3.2,3.2,45000
2026-09-02T10:12:00.000Z,2026-09-02T13:12:00,3.2,3.21,3.2,3.2,259353
2026-09-02T10:13:00.000Z,2026-09-02T13:13:00,3.2,3.21,3.2,3.2,2460
2026-09-02T10:14:00.000Z,2026-09-02T13:14:00,3.2,3.21,3.2,3.2,113190
2026-09-02T10:15:00.000Z,2026-09-02T13:15:00,3.21,3.21,3.2,3.2,258879
2026-09-02T10:16:00.000Z,2026-09-02T13:16:00,3.2,3.21,3.2,3.2,407378
2026-09-02T10:17:00.000Z,2026-09-02T13:17:00,3.2,3.21,3.2,3.2,372599
2026-09-02T10:18:00.000Z,2026-09-02T13:18:00,3.2,3.2,3.2,3.2,164315
2026-09-02T10:20:00.000Z,2026-09-02T13:20:00,3.19,3.19,3.19,3.19,15625
2026-09-02T10:21:00.000Z,2026-09-02T13:21:00,3.2,3.21,3.2,3.21,52806
2026-09-02T10:22:00.000Z,2026-09-02T13:22:00,3.21,3.21,3.2,3.2,30094
2026-09-02T10:23:00.000Z,2026-09-02T13:23:00,3.21,3.21,3.2,3.2,206122
2026-09-02T10:24:00.000Z,2026-09-02T13:24:00,3.2,3.21,3.2,3.21,9231
2026-09-02T10:25:00.000Z,2026-09-02T13:25:00,3.21,3.21,3.2,3.21,23000
2026-09-02T10:26:00.000Z,2026-09-02T13:26:00,3.2,3.2,3.2,3.2,200323
2026-09-02T10:27:00.000Z,2026-09-02T13:27:00,3.21,3.21,3.2,3.21,252599
2026-09-02T10:28:00.000Z,2026-09-02T13:28:00,3.2,3.2,3.2,3.2,68318
2026-09-02T10:29:00.000Z,2026-09-02T13:29:00,3.21,3.21,3.2,3.2,303223
2026-09-02T10:30:00.000Z,2026-09-02T13:30:00,3.2,3.2,3.2,3.2,200000
2026-09-02T10:31:00.000Z,2026-09-02T13:31:00,3.2,3.2,3.2,3.2,122297
2026-09-02T10:32:00.000Z,2026-09-02T13:32:00,3.2,3.2,3.2,3.2,480060
2026-09-02T10:33:00.000Z,2026-09-02T13:33:00,3.19,3.2,3.19,3.2,102145
2026-09-02T10:34:00.000Z,2026-09-02T13:34:00,3.2,3.2,3.2,3.2,4587
2026-09-02T10:35:00.000Z,2026-09-02T13:35:00,3.2,3.23,3.19,3.19,2013642
2026-09-02T10:36:00.000Z,2026-09-02T13:36:00,3.22,3.22,3.2,3.2,43076
2026-09-02T10:37:00.000Z,2026-09-02T13:37:00,3.2,3.2,3.19,3.2,25193
2026-09-02T10:38:00.000Z,2026-09-02T13:38:00,3.2,3.2,3.19,3.19,5013
2026-09-02T10:39:00.000Z,2026-09-02T13:39:00,3.19,3.19,3.19,3.19,50001
2026-09-02T10:40:00.000Z,2026-09-02T13:40:00,3.2,3.2,3.19,3.2,4073
2026-09-02T10:41:00.000Z,2026-09-02T13:41:00,3.2,3.2,3.2,3.2,54917
2026-09-02T10:42:00.000Z,2026-09-02T13:42:00,3.2,3.2,3.19,3.19,65106
2026-09-02T10:43:00.000Z,2026-09-02T13:43:00,3.2,3.2,3.19,3.19,12507
2026-09-02T10:44:00.000Z,2026-09-02T13:44:00,3.19,3.19,3.19,3.19,4000
2026-09-02T10:45:00.000Z,2026-09-02T13:45:00,3.2,3.21,3.2,3.2,32336
2026-09-02T10:46:00.000Z,2026-09-02T13:46:00,3.2,3.2,3.2,3.2,99038
2026-09-02T10:47:00.000Z,2026-09-02T13:47:00,3.2,3.2,3.2,3.2,106801
2026-09-02T10:48:00.000Z,2026-09-02T13:48:00,3.2,3.2,3.2,3.2,19352
2026-09-02T10:49:00.000Z,2026-09-02T13:49:00,3.2,3.2,3.19,3.2,15934
2026-09-02T10:50:00.000Z,2026-09-02T13:50:00,3.2,3.21,3.2,3.2,162825
2026-09-02T10:51:00.000Z,2026-09-02T13:51:00,3.19,3.19,3.19,3.19,7909
2026-09-02T10:52:00.000Z,2026-09-02T13:52:00,3.21,3.21,3.19,3.19,39026
2026-09-02T10:53:00.000Z,2026-09-02T13:53:00,3.2,3.2,3.2,3.2,6400
2026-09-02T10:54:00.000Z,2026-09-02T13:54:00,3.19,3.2,3.19,3.2,6666
2026-09-02T10:55:00.000Z,2026-09-02T13:55:00,3.19,3.2,3.19,3.2,330
2026-09-02T10:56:00.000Z,2026-09-02T13:56:00,3.19,3.2,3.19,3.19,37007
2026-09-02T10:58:00.000Z,2026-09-02T13:58:00,3.19,3.2,3.19,3.19,18738
2026-09-02T10:59:00.000Z,2026-09-02T13:59:00,3.19,3.2,3.19,3.2,137011
2026-09-02T11:00:00.000Z,2026-09-02T14:00:00,3.19,3.2,3.19,3.2,6005
2026-09-02T11:01:00.000Z,2026-09-02T14:01:00,3.19,3.2,3.19,3.2,139320
2026-09-02T11:02:00.000Z,2026-09-02T14:02:00,3.2,3.21,3.2,3.21,36305
2026-09-02T11:03:00.000Z,2026-09-02T14:03:00,3.21,3.21,3.2,3.2,84988
2026-09-02T11:04:00.000Z,2026-09-02T14:04:00,3.2,3.2,3.2,3.2,1300
2026-09-02T11:05:00.000Z,2026-09-02T14:05:00,3.2,3.2,3.2,3.2,16225
2026-09-02T11:06:00.000Z,2026-09-02T14:06:00,3.2,3.2,3.19,3.19,77354
2026-09-02T11:07:00.000Z,2026-09-02T14:07:00,3.19,3.2,3.19,3.19,30757
2026-09-02T11:08:00.000Z,2026-09-02T14:08:00,3.2,3.2,3.19,3.19,1401656
2026-09-02T11:09:00.000Z,2026-09-02T14:09:00,3.2,3.2,3.19,3.19,152580
2026-09-02T11:10:00.000Z,2026-09-02T14:10:00,3.19,3.2,3.19,3.2,173640
2026-09-02T11:11:00.000Z,2026-09-02T14:11:00,3.2,3.2,3.19,3.19,10583
2026-09-02T11:12:00.000Z,2026-09-02T14:12:00,3.19,3.2,3.19,3.19,1072074
2026-09-02T11:13:00.000Z,2026-09-02T14:13:00,3.19,3.21,3.19,3.2,814446
2026-09-02T11:14:00.000Z,2026-09-02T14:14:00,3.19,3.19,3.19,3.19,1445970
2026-09-02T11:25:00.000Z,2026-09-02T14:25:00,3.15,3.15,3.15,3.15,5610387
2026-09-02T11:26:00.000Z,2026-09-02T14:26:00,3.15,3.15,3.15,3.15,59419
2026-09-02T11:27:00.000Z,2026-09-02T14:27:00,3.15,3.15,3.15,3.15,70924
2026-09-02T11:28:00.000Z,2026-09-02T14:28:00,3.15,3.15,3.15,3.15,66464
2026-09-02T11:29:00.000Z,2026-09-02T14:29:00,3.15,3.15,3.15,3.15,1664383
2026-09-03T07:01:00.000Z,2026-09-03T10:01:00,3.16,3.16,3.14,3.14,161801
2026-09-03T07:02:00.000Z,2026-09-03T10:02:00,3.14,3.17,3.14,3.17,693044
2026-09-03T07:03:00.000Z,2026-09-03T10:03:00,3.17,3.18,3.17,3.18,713208
2026-09-03T07:04:00.000Z,2026-09-03T10:04:00,3.18,3.18,3.17,3.17,314256
2026-09-03T07:05:00.000Z,2026-09-03T10:05:00,3.16,3.17,3.16,3.17,13466
2026-09-03T07:06:00.000Z,2026-09-03T10:06:00,3.17,3.17,3.16,3.16,2234
2026-09-03T07:07:00.000Z,2026-09-03T10:07:00,3.16,3.16,3.16,3.16,39565
2026-09-03T07:08:00.000Z,2026-09-03T10:08:00,3.15,3.15,3.14,3.14,102651
2026-09-03T07:09:00.000Z,2026-09-03T10:09:00,3.14,3.15,3.14,3.14,221402
2026-09-03T07:10:00.000Z,2026-09-03T10:10:00,3.13,3.14,3.12,3.13,596659
2026-09-03T07:11:00.000Z,2026-09-03T10:11:00,3.13,3.14,3.13,3.14,17239
2026-09-03T07:12:00.000Z,2026-09-03T10:12:00,3.13,3.14,3.13,3.13,190706
2026-09-03T07:13:00.000Z,2026-09-03T10:13:00,3.14,3.14,3.11,3.13,1318042
2026-09-03T07:14:00.000Z,2026-09-03T10:14:00,3.13,3.13,3.12,3.12,366125
2026-09-03T07:15:00.000Z,2026-09-03T10:15:00,3.12,3.13,3.05,3.1,1571160
2026-09-03T07:16:00.000Z,2026-09-03T10:16:00,3.05,3.08,3.05,3.08,81245
2026-09-03T07:17:00.000Z,2026-09-03T10:17:00,3.08,3.1,3.07,3.1,514475
2026-09-03T07:18:00.000Z,2026-09-03T10:18:00,3.09,3.09,3.06,3.09,232590
2026-09-03T07:19:00.000Z,2026-09-03T10:19:00,3.06,3.09,3.06,3.09,36719
2026-09-03T07:20:00.000Z,2026-09-03T10:20:00,3.09,3.09,3.07,3.08,157368
2026-09-03T07:21:00.000Z,2026-09-03T10:21:00,3.08,3.09,3.08,3.09,207449
2026-09-03T07:22:00.000Z,2026-09-03T10:22:00,3.08,3.09,3.08,3.08,3038186
2026-09-03T07:23:00.000Z,2026-09-03T10:23:00,3.08,3.08,3.07,3.08,150751
2026-09-03T07:24:00.000Z,2026-09-03T10:24:00,3.08,3.08,3.06,3.07,696825
2026-09-03T07:25:00.000Z,2026-09-03T10:25:00,3.06,3.09,3.06,3.09,2511945
2026-09-03T07:26:00.000Z,2026-09-03T10:26:00,3.07,3.07,3.06,3.07,285889
2026-09-03T07:27:00.000Z,2026-09-03T10:27:00,3.06,3.06,3.03,3.04,654453
2026-09-03T07:28:00.000Z,2026-09-03T10:28:00,3.05,3.06,3.04,3.05,64541
2026-09-03T07:29:00.000Z,2026-09-03T10:29:00,3.05,3.06,3.04,3.06,92351
2026-09-03T07:30:00.000Z,2026-09-03T10:30:00,3.04,3.05,3.04,3.05,131413
2026-09-03T07:31:00.000Z,2026-09-03T10:31:00,3.05,3.06,3.04,3.05,402962
2026-09-03T07:32:00.000Z,2026-09-03T10:32:00,3.05,3.05,3.03,3.03,384214
2026-09-03T07:33:00.000Z,2026-09-03T10:33:00,3.04,3.05,3.03,3.04,239493
2026-09-03T07:34:00.000Z,2026-09-03T10:34:00,3.05,3.05,3.04,3.05,144886
2026-09-03T07:35:00.000Z,2026-09-03T10:35:00,3.05,3.05,3.04,3.05,201553
2026-09-03T07:36:00.000Z,2026-09-03T10:36:00,3.05,3.08,3.04,3.08,400596
2026-09-03T07:37:00.000Z,2026-09-03T10:37:00,3.08,3.08,3.05,3.06,26020
2026-09-03T07:38:00.000Z,2026-09-03T10:38:00,3.06,3.08,3.06,3.06,9209
2026-09-03T07:39:00.000Z,2026-09-03T10:39:00,3.06,3.08,3.06,3.08,46702
2026-09-03T07:40:00.000Z,2026-09-03T10:40:00,3.06,3.08,3.06,3.08,116903
2026-09-03T07:41:00.000Z,2026-09-03T10:41:00,3.06,3.08,3.05,3.08,82586
2026-09-03T07:42:00.000Z,2026-09-03T10:42:00,3.07,3.08,3.06,3.08,264831
2026-09-03T07:43:00.000Z,2026-09-03T10:43:00,3.08,3.1,3.08,3.1,54468
2026-09-03T07:44:00.000Z,2026-09-03T10:44:00,3.1,3.1,3.07,3.1,453859
2026-09-03T07:45:00.000Z,2026-09-03T10:45:00,3.1,3.1,3.08,3.09,19664
2026-09-03T07:46:00.000Z,2026-09-03T10:46:00,3.08,3.09,3.07,3.08,31468
2026-09-03T07:47:00.000Z,2026-09-03T10:47:00,3.07,3.07,3.06,3.06,419909
2026-09-03T07:48:00.000Z,2026-09-03T10:48:00,3.06,3.08,3.06,3.08,28930
2026-09-03T07:49:00.000Z,2026-09-03T10:49:00,3.08,3.08,3.06,3.06,1164
2026-09-03T07:50:00.000Z,2026-09-03T10:50:00,3.07,3.08,3.07,3.07,2081
2026-09-03T07:51:00.000Z,2026-09-03T10:51:00,3.08,3.08,3.08,3.08,3060
2026-09-03T07:52:00.000Z,2026-09-03T10:52:00,3.08,3.08,3.07,3.08,22900
2026-09-03T07:53:00.000Z,2026-09-03T10:53:00,3.07,3.07,3.07,3.07,46000
2026-09-03T07:54:00.000Z,2026-09-03T10:54:00,3.07,3.08,3.07,3.07,20037
2026-09-03T07:55:00.000Z,2026-09-03T10:55:00,3.07,3.07,3.07,3.07,454634
2026-09-03T07:56:00.000Z,2026-09-03T10:56:00,3.07,3.07,3.06,3.06,17627
2026-09-03T07:57:00.000Z,2026-09-03T10:57:00,3.07,3.07,3.07,3.07,4100
2026-09-03T07:58:00.000Z,2026-09-03T10:58:00,3.06,3.08,3.06,3.08,136389
2026-09-03T07:59:00.000Z,2026-09-03T10:59:00,3.07,3.08,3.06,3.08,6282
2026-09-03T08:00:00.000Z,2026-09-03T11:00:00,3.07,3.08,3.07,3.07,5881
2026-09-03T08:01:00.000Z,2026-09-03T11:01:00,3.08,3.08,3.07,3.07,13205
2026-09-03T08:02:00.000Z,2026-09-03T11:02:00,3.07,3.08,3.07,3.08,25152
2026-09-03T08:03:00.000Z,2026-09-03T11:03:00,3.08,3.08,3.08,3.08,41516
2026-09-03T08:04:00.000Z,2026-09-03T11:04:00,3.08,3.08,3.07,3.08,105964
2026-09-03T08:05:00.000Z,2026-09-03T11:05:00,3.08,3.09,3.08,3.09,14168
2026-09-03T08:06:00.000Z,2026-09-03T11:06:00,3.08,3.09,3.08,3.08,3537
2026-09-03T08:07:00.000Z,2026-09-03T11:07:00,3.08,3.08,3.07,3.08,849757
2026-09-03T08:08:00.000Z,2026-09-03T11:08:00,3.07,3.07,3.07,3.07,122939
2026-09-03T08:09:00.000Z,2026-09-03T11:09:00,3.07,3.08,3.06,3.06,267817
2026-09-03T08:10:00.000Z,2026-09-03T11:10:00,3.07,3.07,3.06,3.06,156243
2026-09-03T08:11:00.000Z,2026-09-03T11:11:00,3.06,3.08,3.06,3.08,167611
2026-09-03T08:12:00.000Z,2026-09-03T11:12:00,3.07,3.07,3.06,3.06,613293
2026-09-03T08:13:00.000Z,2026-09-03T11:13:00,3.06,3.07,3.06,3.06,232620
2026-09-03T08:14:00.000Z,2026-09-03T11:14:00,3.07,3.07,3.05,3.06,2340426
2026-09-03T08:15:00.000Z,2026-09-03T11:15:00,3.06,3.06,3.06,3.06,958440
2026-09-03T08:16:00.000Z,2026-09-03T11:16:00,3.06,3.06,3.05,3.06,167895
2026-09-03T08:17:00.000Z,2026-09-03T11:17:00,3.07,3.07,3.07,3.07,10075
2026-09-03T08:18:00.000Z,2026-09-03T11:18:00,3.07,3.07,3.06,3.07,57501
2026-09-03T08:19:00.000Z,2026-09-03T11:19:00,3.07,3.07,3.07,3.07,35
2026-09-03T08:20:00.000Z,2026-09-03T11:20:00,3.07,3.08,3.07,3.08,29473
2026-09-03T08:22:00.000Z,2026-09-03T11:22:00,3.08,3.08,3.08,3.08,12628
2026-09-03T08:23:00.000Z,2026-09-03T11:23:00,3.08,3.08,3.08,3.08,35960
2026-09-03T08:24:00.000Z,2026-09-03T11:24:00,3.08,3.08,3.08,3.08,34788
2026-09-03T08:25:00.000Z,2026-09-03T11:25:00,3.08,3.08,3.07,3.07,1018
2026-09-03T08:26:00.000Z,2026-09-03T11:26:00,3.07,3.07,3.07,3.07,134634
2026-09-03T08:27:00.000Z,2026-09-03T11:27:00,3.07,3.07,3.07,3.07,38825
2026-09-03T08:28:00.000Z,2026-09-03T11:28:00,3.07,3.07,3.07,3.07,1249
2026-09-03T08:29:00.000Z,2026-09-03T11:29:00,3.06,3.07,3.06,3.07,20363
2026-09-03T08:30:00.000Z,2026-09-03T11:30:00,3.06,3.06,3.06,3.06,114248
2026-09-03T08:32:00.000Z,2026-09-03T11:32:00,3.07,3.08,3.07,3.08,9569
2026-09-03T08:34:00.000Z,2026-09-03T11:34:00,3.08,3.11,3.08,3.1,1665224
2026-09-03T08:35:00.000Z,2026-09-03T11:35:00,3.1,3.11,3.1,3.11,156147
2026-09-03T08:36:00.000Z,2026-09-03T11:36:00,3.11,3.11,3.1,3.11,33966
2026-09-03T08:37:00.000Z,2026-09-03T11:37:00,3.11,3.11,3.11,3.11,102115
2026-09-03T08:38:00.000Z,2026-09-03T11:38:00,3.1,3.1,3.1,3.1,20
2026-09-03T08:39:00.000Z,2026-09-03T11:39:00,3.11,3.15,3.1,3.12,1011894
2026-09-03T08:40:00.000Z,2026-09-03T11:40:00,3.12,3.16,3.12,3.16,1647330
2026-09-03T08:41:00.000Z,2026-09-03T11:41:00,3.16,3.16,3.14,3.14,114170
2026-09-03T08:42:00.000Z,2026-09-03T11:42:00,3.13,3.14,3.09,3.13,868175
2026-09-03T08:43:00.000Z,2026-09-03T11:43:00,3.13,3.13,3.11,3.11,7264
2026-09-03T08:44:00.000Z,2026-09-03T11:44:00,3.12,3.12,3.12,3.12,12
2026-09-03T08:45:00.000Z,2026-09-03T11:45:00,3.11,3.13,3.11,3.13,147825
2026-09-03T08:46:00.000Z,2026-09-03T11:46:00,3.12,3.12,3.12,3.12,25653
2026-09-03T08:47:00.000Z,2026-09-03T11:47:00,3.12,3.13,3.11,3.13,225727
2026-09-03T08:48:00.000Z,2026-09-03T11:48:00,3.11,3.13,3.11,3.11,42695
2026-09-03T08:49:00.000Z,2026-09-03T11:49:00,3.12,3.12,3.11,3.12,15303
2026-09-03T08:51:00.000Z,2026-09-03T11:51:00,3.11,3.13,3.11,3.13,69122
2026-09-03T08:52:00.000Z,2026-09-03T11:52:00,3.12,3.13,3.12,3.13,2831
2026-09-03T08:53:00.000Z,2026-09-03T11:53:00,3.13,3.13,3.11,3.12,25360
2026-09-03T08:54:00.000Z,2026-09-03T11:54:00,3.12,3.12,3.12,3.12,4055
2026-09-03T08:56:00.000Z,2026-09-03T11:56:00,3.12,3.13,3.12,3.13,4029
2026-09-03T08:57:00.000Z,2026-09-03T11:57:00,3.13,3.13,3.13,3.13,500
2026-09-03T08:58:00.000Z,2026-09-03T11:58:00,3.13,3.13,3.11,3.12,337114
2026-09-03T08:59:00.000Z,2026-09-03T11:59:00,3.1,3.1,3.1,3.1,300
2026-09-03T09:00:00.000Z,2026-09-03T12:00:00,3.11,3.11,3.11,3.11,52500
2026-09-03T09:01:00.000Z,2026-09-03T12:01:00,3.11,3.11,3.1,3.1,4899
2026-09-03T09:02:00.000Z,2026-09-03T12:02:00,3.1,3.1,3.1,3.1,50000
2026-09-03T09:03:00.000Z,2026-09-03T12:03:00,3.11,3.11,3.11,3.11,551
2026-09-03T09:04:00.000Z,2026-09-03T12:04:00,3.1,3.1,3.09,3.09,1269303
2026-09-03T09:06:00.000Z,2026-09-03T12:06:00,3.09,3.09,3.09,3.09,3322
2026-09-03T09:07:00.000Z,2026-09-03T12:07:00,3.09,3.1,3.09,3.09,732495
2026-09-03T09:08:00.000Z,2026-09-03T12:08:00,3.09,3.09,3.09,3.09,147121
2026-09-03T09:09:00.000Z,2026-09-03T12:09:00,3.09,3.1,3.09,3.09,14498
2026-09-03T09:10:00.000Z,2026-09-03T12:10:00,3.09,3.09,3.09,3.09,70096
2026-09-03T09:12:00.000Z,2026-09-03T12:12:00,3.1,3.1,3.09,3.09,11586
2026-09-03T09:13:00.000Z,2026-09-03T12:13:00,3.09,3.09,3.09,3.09,15971
2026-09-03T09:14:00.000Z,2026-09-03T12:14:00,3.09,3.09,3.09,3.09,102734
2026-09-03T09:15:00.000Z,2026-09-03T12:15:00,3.1,3.1,3.08,3.08,218358
2026-09-03T09:16:00.000Z,2026-09-03T12:16:00,3.1,3.1,3.08,3.08,70579
2026-09-03T09:17:00.000Z,2026-09-03T12:17:00,3.09,3.09,3.08,3.08,134704
2026-09-03T09:18:00.000Z,2026-09-03T12:18:00,3.08,3.09,3.08,3.08,41029
2026-09-03T09:19:00.000Z,2026-09-03T12:19:00,3.08,3.08,3.08,3.08,15687
2026-09-03T09:20:00.000Z,2026-09-03T12:20:00,3.09,3.09,3.08,3.09,93942
2026-09-03T09:21:00.000Z,2026-09-03T12:21:00,3.08,3.09,3.08,3.09,43883
2026-09-03T09:22:00.000Z,2026-09-03T12:22:00,3.08,3.09,3.08,3.09,64751
2026-09-03T09:23:00.000Z,2026-09-03T12:23:00,3.09,3.09,3.09,3.09,40000
2026-09-03T09:24:00.000Z,2026-09-03T12:24:00,3.09,3.09,3.08,3.09,2650
2026-09-03T09:25:00.000Z,2026-09-03T12:25:00,3.09,3.09,3.08,3.08,60758
2026-09-03T09:26:00.000Z,2026-09-03T12:26:00,3.09,3.09,3.08,3.09,4986
2026-09-03T09:27:00.000Z,2026-09-03T12:27:00,3.08,3.09,3.08,3.08,78725
2026-09-03T09:28:00.000Z,2026-09-03T12:28:00,3.08,3.09,3.08,3.09,501653
2026-09-03T09:29:00.000Z,2026-09-03T12:29:00,3.1,3.1,3.09,3.09,200339
2026-09-03T09:30:00.000Z,2026-09-03T12:30:00,3.09,3.09,3.09,3.09,199900
2026-09-03T09:31:00.000Z,2026-09-03T12:31:00,3.09,3.1,3.09,3.09,302127
2026-09-03T09:32:00.000Z,2026-09-03T12:32:00,3.09,3.1,3.08,3.1,115248
2026-09-03T09:33:00.000Z,2026-09-03T12:33:00,3.1,3.1,3.09,3.09,10543
2026-09-03T09:34:00.000Z,2026-09-03T12:34:00,3.09,3.1,3.09,3.09,17608
2026-09-03T09:35:00.000Z,2026-09-03T12:35:00,3.09,3.1,3.09,3.1,21972
2026-09-03T09:36:00.000Z,2026-09-03T12:36:00,3.1,3.1,3.09,3.09,6724
2026-09-03T09:37:00.000Z,2026-09-03T12:37:00,3.09,3.09,3.09,3.09,162744
2026-09-03T09:39:00.000Z,2026-09-03T12:39:00,3.09,3.1,3.09,3.1,6617
2026-09-03T09:41:00.000Z,2026-09-03T12:41:00,3.1,3.1,3.1,3.1,275019
2026-09-03T09:42:00.000Z,2026-09-03T12:42:00,3.1,3.11,3.1,3.11,10122
2026-09-03T09:43:00.000Z,2026-09-03T12:43:00,3.11,3.11,3.1,3.1,25155
2026-09-03T09:44:00.000Z,2026-09-03T12:44:00,3.11,3.11,3.11,3.11,467941
2026-09-03T09:45:00.000Z,2026-09-03T12:45:00,3.11,3.11,3.11,3.11,7425
2026-09-03T09:46:00.000Z,2026-09-03T12:46:00,3.11,3.11,3.11,3.11,5036
2026-09-03T09:47:00.000Z,2026-09-03T12:47:00,3.11,3.11,3.11,3.11,119718
2026-09-03T09:48:00.000Z,2026-09-03T12:48:00,3.11,3.11,3.11,3.11,722
2026-09-03T09:49:00.000Z,2026-09-03T12:49:00,3.1,3.1,3.1,3.1,10049
2026-09-03T09:50:00.000Z,2026-09-03T12:50:00,3.11,3.11,3.11,3.11,24
2026-09-03T09:51:00.000Z,2026-09-03T12:51:00,3.11,3.11,3.1,3.11,516
2026-09-03T09:52:00.000Z,2026-09-03T12:52:00,3.1,3.1,3.1,3.1,36920
2026-09-03T09:53:00.000Z,2026-09-03T12:53:00,3.1,3.1,3.1,3.1,4102
2026-09-03T09:54:00.000Z,2026-09-03T12:54:00,3.1,3.11,3.1,3.1,6478
2026-09-03T09:55:00.000Z,2026-09-03T12:55:00,3.1,3.12,3.1,3.12,248283
2026-09-03T09:56:00.000Z,2026-09-03T12:56:00,3.12,3.12,3.12,3.12,330
2026-09-03T09:57:00.000Z,2026-09-03T12:57:00,3.11,3.11,3.11,3.11,121
2026-09-03T09:58:00.000Z,2026-09-03T12:58:00,3.1,3.12,3.1,3.11,426901
2026-09-03T09:59:00.000Z,2026-09-03T12:59:00,3.11,3.11,3.1,3.1,9908
2026-09-03T10:00:00.000Z,2026-09-03T13:00:00,3.1,3.1,3.1,3.1,20000
2026-09-03T10:01:00.000Z,2026-09-03T13:01:00,3.1,3.1,3.1,3.1,9000
2026-09-03T10:02:00.000Z,2026-09-03T13:02:00,3.1,3.1,3.1,3.1,509445
2026-09-03T10:03:00.000Z,2026-09-03T13:03:00,3.1,3.11,3.1,3.1,513
2026-09-03T10:05:00.000Z,2026-09-03T13:05:00,3.11,3.11,3.11,3.11,1189
2026-09-03T10:06:00.000Z,2026-09-03T13:06:00,3.11,3.11,3.1,3.11,177585
2026-09-03T10:07:00.000Z,2026-09-03T13:07:00,3.11,3.11,3.1,3.11,8016
2026-09-03T10:08:00.000Z,2026-09-03T13:08:00,3.11,3.11,3.1,3.11,207
2026-09-03T10:09:00.000Z,2026-09-03T13:09:00,3.1,3.11,3.1,3.11,9641
2026-09-03T10:11:00.000Z,2026-09-03T13:11:00,3.11,3.11,3.11,3.11,166
2026-09-03T10:13:00.000Z,2026-09-03T13:13:00,3.11,3.11,3.1,3.1,3134
2026-09-03T10:14:00.000Z,2026-09-03T13:14:00,3.1,3.11,3.1,3.1,286074
2026-09-03T10:15:00.000Z,2026-09-03T13:15:00,3.1,3.1,3.1,3.1,50000
2026-09-03T10:16:00.000Z,2026-09-03T13:16:00,3.1,3.1,3.1,3.1,5000
2026-09-03T10:17:00.000Z,2026-09-03T13:17:00,3.1,3.1,3.1,3.1,25000
2026-09-03T10:18:00.000Z,2026-09-03T13:18:00,3.1,3.1,3.09,3.1,701448
2026-09-03T10:19:00.000Z,2026-09-03T13:19:00,3.1,3.1,3.1,3.1,177667
2026-09-03T10:20:00.000Z,2026-09-03T13:20:00,3.1,3.1,3.1,3.1,243085
2026-09-03T10:21:00.000Z,2026-09-03T13:21:00,3.1,3.1,3.1,3.1,251915
2026-09-03T10:22:00.000Z,2026-09-03T13:22:00,3.1,3.1,3.1,3.1,70000
2026-09-03T10:23:00.000Z,2026-09-03T13:23:00,3.1,3.11,3.1,3.1,150617
2026-09-03T10:24:00.000Z,2026-09-03T13:24:00,3.11,3.11,3.11,3.11,20
2026-09-03T10:25:00.000Z,2026-09-03T13:25:00,3.1,3.1,3.09,3.09,246046
2026-09-03T10:26:00.000Z,2026-09-03T13:26:00,3.11,3.11,3.11,3.11,132
2026-09-03T10:27:00.000Z,2026-09-03T13:27:00,3.1,3.11,3.1,3.11,388458
2026-09-03T10:28:00.000Z,2026-09-03T13:28:00,3.11,3.11,3.11,3.11,205182
2026-09-03T10:29:00.000Z,2026-09-03T13:29:00,3.11,3.11,3.11,3.11,65
2026-09-03T10:30:00.000Z,2026-09-03T13:30:00,3.1,3.12,3.1,3.12,17616
2026-09-03T10:31:00.000Z,2026-09-03T13:31:00,3.11,3.12,3.11,3.11,465165
2026-09-03T10:32:00.000Z,2026-09-03T13:32:00,3.11,3.12,3.11,3.12,16576
2026-09-03T10:33:00.000Z,2026-09-03T13:33:00,3.11,3.12,3.11,3.12,84054
2026-09-03T10:34:00.000Z,2026-09-03T13:34:00,3.12,3.12,3.11,3.11,165078
2026-09-03T10:35:00.000Z,2026-09-03T13:35:00,3.11,3.12,3.11,3.12,1277
2026-09-03T10:36:00.000Z,2026-09-03T13:36:00,3.11,3.11,3.11,3.11,212200
2026-09-03T10:37:00.000Z,2026-09-03T13:37:00,3.11,3.11,3.11,3.11,3589
2026-09-03T10:38:00.000Z,2026-09-03T13:38:00,3.11,3.11,3.11,3.11,28797
2026-09-03T10:39:00.000Z,2026-09-03T13:39:00,3.11,3.11,3.1,3.11,156517
2026-09-03T10:41:00.000Z,2026-09-03T13:41:00,3.11,3.11,3.11,3.11,240324
2026-09-03T10:42:00.000Z,2026-09-03T13:42:00,3.12,3.12,3.11,3.11,1864
2026-09-03T10:43:00.000Z,2026-09-03T13:43:00,3.12,3.12,3.11,3.12,108177
2026-09-03T10:44:00.000Z,2026-09-03T13:44:00,3.12,3.12,3.12,3.12,145513
2026-09-03T10:45:00.000Z,2026-09-03T13:45:00,3.12,3.12,3.12,3.12,55
2026-09-03T10:46:00.000Z,2026-09-03T13:46:00,3.12,3.12,3.11,3.11,30386
2026-09-03T10:47:00.000Z,2026-09-03T13:47:00,3.11,3.12,3.11,3.12,238783
2026-09-03T10:48:00.000Z,2026-09-03T13:48:00,3.12,3.12,3.11,3.11,20520
2026-09-03T10:49:00.000Z,2026-09-03T13:49:00,3.11,3.11,3.11,3.11,1431
2026-09-03T10:50:00.000Z,2026-09-03T13:50:00,3.11,3.11,3.11,3.11,119
2026-09-03T10:51:00.000Z,2026-09-03T13:51:00,3.11,3.11,3.11,3.11,66937
2026-09-03T10:52:00.000Z,2026-09-03T13:52:00,3.12,3.12,3.11,3.11,293770
2026-09-03T10:53:00.000Z,2026-09-03T13:53:00,3.1,3.11,3.1,3.11,316068
2026-09-03T10:54:00.000Z,2026-09-03T13:54:00,3.11,3.11,3.11,3.11,600000
2026-09-03T10:55:00.000Z,2026-09-03T13:55:00,3.11,3.11,3.1,3.11,860511
2026-09-03T10:56:00.000Z,2026-09-03T13:56:00,3.11,3.12,3.11,3.11,857611
2026-09-03T10:57:00.000Z,2026-09-03T13:57:00,3.11,3.11,3.11,3.11,1346255
2026-09-03T10:58:00.000Z,2026-09-03T13:58:00,3.11,3.12,3.11,3.11,501081
2026-09-03T10:59:00.000Z,2026-09-03T13:59:00,3.11,3.11,3.11,3.11,200810
2026-09-03T11:00:00.000Z,2026-09-03T14:00:00,3.11,3.12,3.11,3.11,565204
2026-09-03T11:01:00.000Z,2026-09-03T14:01:00,3.11,3.11,3.11,3.11,348461
2026-09-03T11:02:00.000Z,2026-09-03T14:02:00,3.1,3.12,3.1,3.12,419661
2026-09-03T11:03:00.000Z,2026-09-03T14:03:00,3.11,3.12,3.11,3.11,588510
2026-09-03T11:04:00.000Z,2026-09-03T14:04:00,3.11,3.11,3.11,3.11,201760
2026-09-03T11:05:00.000Z,2026-09-03T14:05:00,3.11,3.11,3.11,3.11,16531
2026-09-03T11:06:00.000Z,2026-09-03T14:06:00,3.11,3.11,3.1,3.1,10008
2026-09-03T11:07:00.000Z,2026-09-03T14:07:00,3.1,3.1,3.1,3.1,1479039
2026-09-03T11:08:00.000Z,2026-09-03T14:08:00,3.1,3.1,3.1,3.1,54590
2026-09-03T11:09:00.000Z,2026-09-03T14:09:00,3.1,3.11,3.1,3.1,454070
2026-09-03T11:10:00.000Z,2026-09-03T14:10:00,3.11,3.11,3.1,3.11,185273
2026-09-03T11:11:00.000Z,2026-09-03T14:11:00,3.1,3.1,3.1,3.1,48167
2026-09-03T11:12:00.000Z,2026-09-03T14:12:00,3.1,3.1,3.09,3.09,516128
2026-09-03T11:13:00.000Z,2026-09-03T14:13:00,3.09,3.1,3.09,3.1,140611
2026-09-03T11:14:00.000Z,2026-09-03T14:14:00,3.09,3.1,3.09,3.1,492973
2026-09-03T11:15:00.000Z,2026-09-03T14:15:00,3.09,3.09,3.09,3.09,3000
2026-09-03T11:25:00.000Z,2026-09-03T14:25:00,3.15,3.15,3.15,3.15,6044025
2026-09-03T11:27:00.000Z,2026-09-03T14:27:00,3.15,3.15,3.15,3.15,7995
2026-09-03T11:28:00.000Z,2026-09-03T14:28:00,3.15,3.15,3.15,3.15,20000
2026-09-03T11:29:00.000Z,2026-09-03T14:29:00,3.15,3.15,3.15,3.15,16065
2026-09-06T07:00:00.000Z,2026-09-06T10:00:00,3.13,3.14,3.13,3.13,562537
2026-09-06T07:01:00.000Z,2026-09-06T10:01:00,3.13,3.14,3.13,3.13,82648
2026-09-06T07:02:00.000Z,2026-09-06T10:02:00,3.14,3.14,3.14,3.14,25974
2026-09-06T07:03:00.000Z,2026-09-06T10:03:00,3.13,3.14,3.13,3.14,44772
2026-09-06T07:04:00.000Z,2026-09-06T10:04:00,3.14,3.14,3.13,3.13,320339
2026-09-06T07:05:00.000Z,2026-09-06T10:05:00,3.13,3.13,3.13,3.13,33174
2026-09-06T07:06:00.000Z,2026-09-06T10:06:00,3.14,3.15,3.13,3.15,159523
2026-09-06T07:07:00.000Z,2026-09-06T10:07:00,3.14,3.15,3.14,3.14,9881
2026-09-06T07:08:00.000Z,2026-09-06T10:08:00,3.14,3.14,3.13,3.13,38180
2026-09-06T07:09:00.000Z,2026-09-06T10:09:00,3.13,3.14,3.12,3.12,38820
2026-09-06T07:10:00.000Z,2026-09-06T10:10:00,3.13,3.13,3.13,3.13,15651
2026-09-06T07:11:00.000Z,2026-09-06T10:11:00,3.12,3.13,3.12,3.13,259
2026-09-06T07:12:00.000Z,2026-09-06T10:12:00,3.12,3.12,3.12,3.12,66915
2026-09-06T07:13:00.000Z,2026-09-06T10:13:00,3.12,3.14,3.12,3.13,283261
2026-09-06T07:14:00.000Z,2026-09-06T10:14:00,3.13,3.13,3.12,3.12,38226
2026-09-06T07:15:00.000Z,2026-09-06T10:15:00,3.12,3.12,3.11,3.11,201704
2026-09-06T07:16:00.000Z,2026-09-06T10:16:00,3.1,3.11,3.1,3.11,422053
2026-09-06T07:17:00.000Z,2026-09-06T10:17:00,3.11,3.13,3.1,3.11,169930
2026-09-06T07:18:00.000Z,2026-09-06T10:18:00,3.11,3.14,3.1,3.1,235213
2026-09-06T07:19:00.000Z,2026-09-06T10:19:00,3.11,3.11,3.1,3.1,7492
2026-09-06T07:20:00.000Z,2026-09-06T10:20:00,3.11,3.11,3.1,3.11,17913
2026-09-06T07:21:00.000Z,2026-09-06T10:21:00,3.1,3.11,3.1,3.1,90037
2026-09-06T07:22:00.000Z,2026-09-06T10:22:00,3.1,3.1,3.1,3.1,37821
2026-09-06T07:23:00.000Z,2026-09-06T10:23:00,3.11,3.12,3.1,3.11,48442
2026-09-06T07:24:00.000Z,2026-09-06T10:24:00,3.11,3.12,3.11,3.12,19835
2026-09-06T07:25:00.000Z,2026-09-06T10:25:00,3.13,3.13,3.12,3.13,58750
2026-09-06T07:26:00.000Z,2026-09-06T10:26:00,3.13,3.13,3.12,3.13,38490
2026-09-06T07:27:00.000Z,2026-09-06T10:27:00,3.13,3.13,3.12,3.12,15626
2026-09-06T07:28:00.000Z,2026-09-06T10:28:00,3.12,3.12,3.12,3.12,5000
2026-09-06T07:29:00.000Z,2026-09-06T10:29:00,3.11,3.12,3.11,3.12,16316
2026-09-06T07:30:00.000Z,2026-09-06T10:30:00,3.11,3.12,3.11,3.12,507
2026-09-06T07:31:00.000Z,2026-09-06T10:31:00,3.12,3.12,3.11,3.11,31930
2026-09-06T07:32:00.000Z,2026-09-06T10:32:00,3.11,3.12,3.11,3.12,42028
2026-09-06T07:33:00.000Z,2026-09-06T10:33:00,3.12,3.12,3.11,3.11,4481
2026-09-06T07:34:00.000Z,2026-09-06T10:34:00,3.12,3.12,3.11,3.11,35803
2026-09-06T07:35:00.000Z,2026-09-06T10:35:00,3.11,3.11,3.11,3.11,76081
2026-09-06T07:36:00.000Z,2026-09-06T10:36:00,3.11,3.12,3.11,3.11,84015
2026-09-06T07:37:00.000Z,2026-09-06T10:37:00,3.12,3.12,3.12,3.12,2000
2026-09-06T07:38:00.000Z,2026-09-06T10:38:00,3.12,3.12,3.11,3.12,4963
2026-09-06T07:39:00.000Z,2026-09-06T10:39:00,3.11,3.11,3.11,3.11,24
2026-09-06T07:40:00.000Z,2026-09-06T10:40:00,3.12,3.12,3.11,3.11,8986
2026-09-06T07:41:00.000Z,2026-09-06T10:41:00,3.12,3.12,3.11,3.11,7391
2026-09-06T07:42:00.000Z,2026-09-06T10:42:00,3.12,3.12,3.11,3.12,70375
2026-09-06T07:43:00.000Z,2026-09-06T10:43:00,3.12,3.12,3.11,3.11,6424
2026-09-06T07:44:00.000Z,2026-09-06T10:44:00,3.11,3.12,3.11,3.12,2307
2026-09-06T07:45:00.000Z,2026-09-06T10:45:00,3.12,3.12,3.11,3.12,3813
2026-09-06T07:46:00.000Z,2026-09-06T10:46:00,3.12,3.12,3.11,3.11,41718
2026-09-06T07:47:00.000Z,2026-09-06T10:47:00,3.11,3.11,3.11,3.11,5166
2026-09-06T07:48:00.000Z,2026-09-06T10:48:00,3.11,3.12,3.11,3.11,37015
2026-09-06T07:49:00.000Z,2026-09-06T10:49:00,3.11,3.12,3.11,3.11,27982
2026-09-06T07:50:00.000Z,2026-09-06T10:50:00,3.12,3.12,3.11,3.11,90687
2026-09-06T07:51:00.000Z,2026-09-06T10:51:00,3.12,3.12,3.12,3.12,1677
2026-09-06T07:52:00.000Z,2026-09-06T10:52:00,3.11,3.11,3.11,3.11,2057
2026-09-06T07:53:00.000Z,2026-09-06T10:53:00,3.11,3.11,3.11,3.11,10944
2026-09-06T07:54:00.000Z,2026-09-06T10:54:00,3.12,3.12,3.11,3.11,545
2026-09-06T07:55:00.000Z,2026-09-06T10:55:00,3.12,3.12,3.11,3.11,60959
2026-09-06T07:56:00.000Z,2026-09-06T10:56:00,3.12,3.12,3.12,3.12,3250
2026-09-06T07:57:00.000Z,2026-09-06T10:57:00,3.11,3.12,3.11,3.12,50200
2026-09-06T07:58:00.000Z,2026-09-06T10:58:00,3.12,3.12,3.11,3.11,10941
2026-09-06T07:59:00.000Z,2026-09-06T10:59:00,3.11,3.11,3.11,3.11,17919
2026-09-06T08:00:00.000Z,2026-09-06T11:00:00,3.11,3.12,3.11,3.12,28846
2026-09-06T08:01:00.000Z,2026-09-06T11:01:00,3.11,3.11,3.11,3.11,14816
2026-09-06T08:02:00.000Z,2026-09-06T11:02:00,3.11,3.11,3.11,3.11,1642
2026-09-06T08:03:00.000Z,2026-09-06T11:03:00,3.11,3.11,3.11,3.11,19911
2026-09-06T08:04:00.000Z,2026-09-06T11:04:00,3.11,3.11,3.11,3.11,112000
2026-09-06T08:05:00.000Z,2026-09-06T11:05:00,3.12,3.12,3.12,3.12,2051
2026-09-06T08:06:00.000Z,2026-09-06T11:06:00,3.12,3.12,3.12,3.12,210
2026-09-06T08:07:00.000Z,2026-09-06T11:07:00,3.12,3.12,3.12,3.12,29447
2026-09-06T08:08:00.000Z,2026-09-06T11:08:00,3.11,3.11,3.11,3.11,2000
2026-09-06T08:09:00.000Z,2026-09-06T11:09:00,3.11,3.12,3.11,3.11,41341
2026-09-06T08:10:00.000Z,2026-09-06T11:10:00,3.11,3.13,3.11,3.13,401970
2026-09-06T08:11:00.000Z,2026-09-06T11:11:00,3.13,3.14,3.13,3.14,400000
2026-09-06T08:12:00.000Z,2026-09-06T11:12:00,3.14,3.14,3.11,3.11,207116
2026-09-06T08:13:00.000Z,2026-09-06T11:13:00,3.11,3.12,3.11,3.12,30156
2026-09-06T08:14:00.000Z,2026-09-06T11:14:00,3.11,3.12,3.11,3.12,16000
2026-09-06T08:15:00.000Z,2026-09-06T11:15:00,3.12,3.12,3.12,3.12,32505
2026-09-06T08:16:00.000Z,2026-09-06T11:16:00,3.12,3.13,3.12,3.13,238199
2026-09-06T08:17:00.000Z,2026-09-06T11:17:00,3.13,3.13,3.13,3.13,25049
2026-09-06T08:18:00.000Z,2026-09-06T11:18:00,3.13,3.13,3.13,3.13,6080
2026-09-06T08:19:00.000Z,2026-09-06T11:19:00,3.13,3.13,3.13,3.13,7300
2026-09-06T08:20:00.000Z,2026-09-06T11:20:00,3.13,3.13,3.12,3.13,31143
2026-09-06T08:21:00.000Z,2026-09-06T11:21:00,3.12,3.13,3.12,3.13,24301
2026-09-06T08:23:00.000Z,2026-09-06T11:23:00,3.12,3.12,3.12,3.12,437600
2026-09-06T08:24:00.000Z,2026-09-06T11:24:00,3.12,3.13,3.12,3.13,17108
2026-09-06T08:25:00.000Z,2026-09-06T11:25:00,3.12,3.12,3.12,3.12,3000
2026-09-06T08:26:00.000Z,2026-09-06T11:26:00,3.13,3.13,3.13,3.13,349551
2026-09-06T08:27:00.000Z,2026-09-06T11:27:00,3.12,3.13,3.12,3.13,2915
2026-09-06T08:28:00.000Z,2026-09-06T11:28:00,3.12,3.12,3.11,3.11,938506
2026-09-06T08:29:00.000Z,2026-09-06T11:29:00,3.11,3.15,3.11,3.15,2000340
2026-09-06T08:30:00.000Z,2026-09-06T11:30:00,3.11,3.14,3.11,3.14,16745
2026-09-06T08:31:00.000Z,2026-09-06T11:31:00,3.12,3.14,3.12,3.12,13413
2026-09-06T08:32:00.000Z,2026-09-06T11:32:00,3.13,3.13,3.13,3.13,24
2026-09-06T08:33:00.000Z,2026-09-06T11:33:00,3.13,3.14,3.13,3.14,189
2026-09-06T08:34:00.000Z,2026-09-06T11:34:00,3.14,3.14,3.12,3.12,272
2026-09-06T08:35:00.000Z,2026-09-06T11:35:00,3.14,3.14,3.12,3.12,34736
2026-09-06T08:36:00.000Z,2026-09-06T11:36:00,3.13,3.13,3.12,3.12,18399
2026-09-06T08:37:00.000Z,2026-09-06T11:37:00,3.12,3.12,3.12,3.12,50000
2026-09-06T08:38:00.000Z,2026-09-06T11:38:00,3.13,3.13,3.12,3.12,50003
2026-09-06T08:39:00.000Z,2026-09-06T11:39:00,3.12,3.12,3.12,3.12,223505
2026-09-06T08:40:00.000Z,2026-09-06T11:40:00,3.12,3.12,3.12,3.12,92184
2026-09-06T08:41:00.000Z,2026-09-06T11:41:00,3.12,3.13,3.12,3.12,27092
2026-09-06T08:42:00.000Z,2026-09-06T11:42:00,3.12,3.12,3.12,3.12,1634
2026-09-06T08:43:00.000Z,2026-09-06T11:43:00,3.12,3.12,3.12,3.12,10500
2026-09-06T08:44:00.000Z,2026-09-06T11:44:00,3.13,3.13,3.12,3.12,17120
2026-09-06T08:45:00.000Z,2026-09-06T11:45:00,3.12,3.12,3.12,3.12,15602
2026-09-06T08:47:00.000Z,2026-09-06T11:47:00,3.13,3.13,3.12,3.13,30115
2026-09-06T08:48:00.000Z,2026-09-06T11:48:00,3.12,3.13,3.12,3.13,3621
2026-09-06T08:49:00.000Z,2026-09-06T11:49:00,3.13,3.13,3.13,3.13,8000
2026-09-06T08:51:00.000Z,2026-09-06T11:51:00,3.13,3.13,3.13,3.13,119
2026-09-06T08:52:00.000Z,2026-09-06T11:52:00,3.12,3.12,3.12,3.12,1929
2026-09-06T08:53:00.000Z,2026-09-06T11:53:00,3.12,3.12,3.12,3.12,3145
2026-09-06T08:54:00.000Z,2026-09-06T11:54:00,3.12,3.12,3.12,3.12,6410
2026-09-06T08:55:00.000Z,2026-09-06T11:55:00,3.12,3.12,3.12,3.12,11564
2026-09-06T08:56:00.000Z,2026-09-06T11:56:00,3.12,3.12,3.12,3.12,101023
2026-09-06T08:57:00.000Z,2026-09-06T11:57:00,3.12,3.12,3.12,3.12,10814
2026-09-06T08:59:00.000Z,2026-09-06T11:59:00,3.12,3.12,3.12,3.12,144700
2026-09-06T09:00:00.000Z,2026-09-06T12:00:00,3.12,3.12,3.12,3.12,27891
2026-09-06T09:01:00.000Z,2026-09-06T12:01:00,3.12,3.13,3.11,3.13,304734
2026-09-06T09:02:00.000Z,2026-09-06T12:02:00,3.11,3.13,3.11,3.13,25159
2026-09-06T09:03:00.000Z,2026-09-06T12:03:00,3.12,3.12,3.12,3.12,6658
2026-09-06T09:04:00.000Z,2026-09-06T12:04:00,3.11,3.13,3.11,3.11,52032
2026-09-06T09:05:00.000Z,2026-09-06T12:05:00,3.12,3.12,3.11,3.11,97308
2026-09-06T09:06:00.000Z,2026-09-06T12:06:00,3.12,3.12,3.12,3.12,5000
2026-09-06T09:07:00.000Z,2026-09-06T12:07:00,3.12,3.12,3.12,3.12,20000
2026-09-06T09:08:00.000Z,2026-09-06T12:08:00,3.11,3.12,3.11,3.12,196
2026-09-06T09:09:00.000Z,2026-09-06T12:09:00,3.12,3.12,3.11,3.12,4627
2026-09-06T09:10:00.000Z,2026-09-06T12:10:00,3.11,3.11,3.11,3.11,25
2026-09-06T09:12:00.000Z,2026-09-06T12:12:00,3.12,3.12,3.11,3.11,3899
2026-09-06T09:13:00.000Z,2026-09-06T12:13:00,3.11,3.11,3.11,3.11,19406
2026-09-06T09:14:00.000Z,2026-09-06T12:14:00,3.11,3.11,3.11,3.11,1424
2026-09-06T09:15:00.000Z,2026-09-06T12:15:00,3.11,3.11,3.11,3.11,5272
2026-09-06T09:16:00.000Z,2026-09-06T12:16:00,3.12,3.12,3.12,3.12,250
2026-09-06T09:17:00.000Z,2026-09-06T12:17:00,3.12,3.12,3.11,3.11,11200
2026-09-06T09:18:00.000Z,2026-09-06T12:18:00,3.12,3.12,3.11,3.11,10541
2026-09-06T09:19:00.000Z,2026-09-06T12:19:00,3.12,3.12,3.12,3.12,2000
2026-09-06T09:20:00.000Z,2026-09-06T12:20:00,3.12,3.12,3.12,3.12,2050
2026-09-06T09:21:00.000Z,2026-09-06T12:21:00,3.11,3.11,3.11,3.11,3846
2026-09-06T09:22:00.000Z,2026-09-06T12:22:00,3.11,3.12,3.11,3.12,39487
2026-09-06T09:23:00.000Z,2026-09-06T12:23:00,3.12,3.12,3.11,3.11,13370
2026-09-06T09:24:00.000Z,2026-09-06T12:24:00,3.11,3.11,3.11,3.11,1089
2026-09-06T09:25:00.000Z,2026-09-06T12:25:00,3.11,3.11,3.1,3.11,58416
2026-09-06T09:26:00.000Z,2026-09-06T12:26:00,3.11,3.11,3.11,3.11,5060256
2026-09-06T09:27:00.000Z,2026-09-06T12:27:00,3.11,3.11,3.11,3.11,643
2026-09-06T09:28:00.000Z,2026-09-06T12:28:00,3.11,3.12,3.1,3.1,1611441
2026-09-06T09:29:00.000Z,2026-09-06T12:29:00,3.12,3.12,3.1,3.1,12965
2026-09-06T09:30:00.000Z,2026-09-06T12:30:00,3.11,3.11,3.11,3.11,48893
2026-09-06T09:31:00.000Z,2026-09-06T12:31:00,3.11,3.11,3.11,3.11,7120
2026-09-06T09:32:00.000Z,2026-09-06T12:32:00,3.11,3.12,3.11,3.12,501716
2026-09-06T09:33:00.000Z,2026-09-06T12:33:00,3.11,3.12,3.11,3.11,219285
2026-09-06T09:34:00.000Z,2026-09-06T12:34:00,3.12,3.12,3.11,3.12,493817
2026-09-06T09:35:00.000Z,2026-09-06T12:35:00,3.12,3.13,3.12,3.12,369056
2026-09-06T09:36:00.000Z,2026-09-06T12:36:00,3.12,3.12,3.11,3.11,1148049
2026-09-06T09:37:00.000Z,2026-09-06T12:37:00,3.11,3.11,3.11,3.11,1
2026-09-06T09:38:00.000Z,2026-09-06T12:38:00,3.11,3.11,3.11,3.11,4000
2026-09-06T09:39:00.000Z,2026-09-06T12:39:00,3.12,3.12,3.12,3.12,10000
2026-09-06T09:40:00.000Z,2026-09-06T12:40:00,3.12,3.12,3.12,3.12,7000
2026-09-06T09:41:00.000Z,2026-09-06T12:41:00,3.12,3.13,3.12,3.13,167850
2026-09-06T09:43:00.000Z,2026-09-06T12:43:00,3.11,3.11,3.11,3.11,78983
2026-09-06T09:44:00.000Z,2026-09-06T12:44:00,3.11,3.11,3.11,3.11,15
2026-09-06T09:45:00.000Z,2026-09-06T12:45:00,3.13,3.13,3.13,3.13,6
2026-09-06T09:46:00.000Z,2026-09-06T12:46:00,3.11,3.11,3.11,3.11,2250
2026-09-06T09:47:00.000Z,2026-09-06T12:47:00,3.11,3.11,3.11,3.11,8105
2026-09-06T09:48:00.000Z,2026-09-06T12:48:00,3.12,3.12,3.12,3.12,2467
2026-09-06T09:50:00.000Z,2026-09-06T12:50:00,3.12,3.12,3.11,3.11,21350
2026-09-06T09:52:00.000Z,2026-09-06T12:52:00,3.12,3.12,3.12,3.12,550
2026-09-06T09:53:00.000Z,2026-09-06T12:53:00,3.11,3.11,3.11,3.11,1612
2026-09-06T09:54:00.000Z,2026-09-06T12:54:00,3.12,3.12,3.12,3.12,2188
2026-09-06T09:55:00.000Z,2026-09-06T12:55:00,3.11,3.12,3.11,3.12,25412
2026-09-06T09:56:00.000Z,2026-09-06T12:56:00,3.12,3.12,3.11,3.11,3008
2026-09-06T09:57:00.000Z,2026-09-06T12:57:00,3.11,3.11,3.11,3.11,4000
2026-09-06T09:58:00.000Z,2026-09-06T12:58:00,3.11,3.11,3.11,3.11,5800
2026-09-06T09:59:00.000Z,2026-09-06T12:59:00,3.12,3.12,3.11,3.11,678347
2026-09-06T10:00:00.000Z,2026-09-06T13:00:00,3.1,3.1,3.1,3.1,94243
2026-09-06T10:01:00.000Z,2026-09-06T13:01:00,3.1,3.11,3.1,3.11,10848
2026-09-06T10:03:00.000Z,2026-09-06T13:03:00,3.1,3.11,3.1,3.11,12954
2026-09-06T10:04:00.000Z,2026-09-06T13:04:00,3.1,3.11,3.1,3.11,11396
2026-09-06T10:05:00.000Z,2026-09-06T13:05:00,3.11,3.11,3.11,3.11,3
2026-09-06T10:06:00.000Z,2026-09-06T13:06:00,3.1,3.11,3.1,3.11,162196
2026-09-06T10:08:00.000Z,2026-09-06T13:08:00,3.1,3.1,3.1,3.1,5240
2026-09-06T10:09:00.000Z,2026-09-06T13:09:00,3.1,3.11,3.1,3.1,21394
2026-09-06T10:10:00.000Z,2026-09-06T13:10:00,3.11,3.11,3.1,3.11,2840
2026-09-06T10:11:00.000Z,2026-09-06T13:11:00,3.1,3.1,3.1,3.1,340521
2026-09-06T10:12:00.000Z,2026-09-06T13:12:00,3.1,3.1,3.1,3.1,76217
2026-09-06T10:13:00.000Z,2026-09-06T13:13:00,3.09,3.09,3.09,3.09,25254
2026-09-06T10:14:00.000Z,2026-09-06T13:14:00,3.1,3.1,3.1,3.1,1049
2026-09-06T10:15:00.000Z,2026-09-06T13:15:00,3.1,3.1,3.1,3.1,57072
2026-09-06T10:16:00.000Z,2026-09-06T13:16:00,3.1,3.1,3.09,3.1,31829
2026-09-06T10:17:00.000Z,2026-09-06T13:17:00,3.09,3.1,3.09,3.1,500550
2026-09-06T10:18:00.000Z,2026-09-06T13:18:00,3.1,3.1,3.09,3.09,823167
2026-09-06T10:19:00.000Z,2026-09-06T13:19:00,3.08,3.09,3.07,3.08,26520
2026-09-06T10:20:00.000Z,2026-09-06T13:20:00,3.08,3.08,3.07,3.07,87558
2026-09-06T10:21:00.000Z,2026-09-06T13:21:00,3.08,3.08,3.07,3.07,3905
2026-09-06T10:22:00.000Z,2026-09-06T13:22:00,3.07,3.08,3.07,3.07,4992
2026-09-06T10:23:00.000Z,2026-09-06T13:23:00,3.08,3.09,3.07,3.09,753752
2026-09-06T10:24:00.000Z,2026-09-06T13:24:00,3.08,3.08,3.05,3.05,728444
2026-09-06T10:25:00.000Z,2026-09-06T13:25:00,3.05,3.09,3.05,3.08,387669
2026-09-06T10:26:00.000Z,2026-09-06T13:26:00,3.06,3.08,3.06,3.06,101324
2026-09-06T10:27:00.000Z,2026-09-06T13:27:00,3.06,3.06,3.06,3.06,7720
2026-09-06T10:28:00.000Z,2026-09-06T13:28:00,3.07,3.08,3.05,3.08,160100
2026-09-06T10:29:00.000Z,2026-09-06T13:29:00,3.08,3.08,3.05,3.08,11993
2026-09-06T10:30:00.000Z,2026-09-06T13:30:00,3.05,3.05,3.05,3.05,6885
2026-09-06T10:31:00.000Z,2026-09-06T13:31:00,3.06,3.06,3.05,3.05,18630
2026-09-06T10:32:00.000Z,2026-09-06T13:32:00,3.06,3.07,3.06,3.07,10363
2026-09-06T10:33:00.000Z,2026-09-06T13:33:00,3.07,3.07,3.07,3.07,38
2026-09-06T10:34:00.000Z,2026-09-06T13:34:00,3.07,3.07,3.06,3.06,34016
2026-09-06T10:35:00.000Z,2026-09-06T13:35:00,3.05,3.06,3.05,3.06,17879
2026-09-06T10:36:00.000Z,2026-09-06T13:36:00,3.06,3.06,3.05,3.05,13553
2026-09-06T10:37:00.000Z,2026-09-06T13:37:00,3.05,3.07,3.05,3.05,52759
2026-09-06T10:38:00.000Z,2026-09-06T13:38:00,3.07,3.07,3.07,3.07,9823
2026-09-06T10:40:00.000Z,2026-09-06T13:40:00,3.06,3.06,3.06,3.06,32651
2026-09-06T10:41:00.000Z,2026-09-06T13:41:00,3.06,3.06,3.05,3.05,752796
2026-09-06T10:42:00.000Z,2026-09-06T13:42:00,3.07,3.07,3.05,3.05,281952
2026-09-06T10:43:00.000Z,2026-09-06T13:43:00,3.05,3.05,3.05,3.05,1977
2026-09-06T10:44:00.000Z,2026-09-06T13:44:00,3.04,3.05,3.04,3.05,16603
2026-09-06T10:45:00.000Z,2026-09-06T13:45:00,3.05,3.05,3.04,3.04,30134
2026-09-06T10:46:00.000Z,2026-09-06T13:46:00,3.05,3.05,3,3,1706557
2026-09-06T10:47:00.000Z,2026-09-06T13:47:00,3.01,3.03,2.96,2.97,810561
2026-09-06T10:48:00.000Z,2026-09-06T13:48:00,2.96,2.97,2.96,2.97,232058
2026-09-06T10:49:00.000Z,2026-09-06T13:49:00,2.96,3,2.96,3,170476
2026-09-06T10:50:00.000Z,2026-09-06T13:50:00,3.01,3.02,2.99,3,287482
2026-09-06T10:51:00.000Z,2026-09-06T13:51:00,3,3,2.99,3,35029
2026-09-06T10:52:00.000Z,2026-09-06T13:52:00,3,3.02,3,3.01,50920
2026-09-06T10:53:00.000Z,2026-09-06T13:53:00,3.01,3.02,3,3.02,156431
2026-09-06T10:54:00.000Z,2026-09-06T13:54:00,3.01,3.01,3.01,3.01,40630
2026-09-06T10:55:00.000Z,2026-09-06T13:55:00,3.01,3.01,3,3,12850
2026-09-06T10:56:00.000Z,2026-09-06T13:56:00,3.01,3.01,3,3,59284
2026-09-06T10:57:00.000Z,2026-09-06T13:57:00,3.01,3.01,3,3.01,156065
2026-09-06T10:58:00.000Z,2026-09-06T13:58:00,3.01,3.01,3,3.01,99251
2026-09-06T10:59:00.000Z,2026-09-06T13:59:00,3.01,3.02,3.01,3.01,29813
2026-09-06T11:00:00.000Z,2026-09-06T14:00:00,3.02,3.02,3.01,3.01,19868
2026-09-06T11:01:00.000Z,2026-09-06T14:01:00,3.02,3.02,3.01,3.02,29115
2026-09-06T11:02:00.000Z,2026-09-06T14:02:00,3.02,3.02,3.02,3.02,43693
2026-09-06T11:03:00.000Z,2026-09-06T14:03:00,3.01,3.02,3.01,3.02,32815
2026-09-06T11:04:00.000Z,2026-09-06T14:04:00,3.01,3.02,3.01,3.01,1926
2026-09-06T11:05:00.000Z,2026-09-06T14:05:00,3.02,3.02,3.02,3.02,99
2026-09-06T11:06:00.000Z,2026-09-06T14:06:00,3.02,3.02,3.01,3.01,205241
2026-09-06T11:07:00.000Z,2026-09-06T14:07:00,3.02,3.02,3.01,3.02,142125
2026-09-06T11:08:00.000Z,2026-09-06T14:08:00,3.02,3.02,3,3,1952246
2026-09-06T11:09:00.000Z,2026-09-06T14:09:00,3,3,2.99,3,141840
2026-09-06T11:10:00.000Z,2026-09-06T14:10:00,3,3,2.99,3,30707
2026-09-06T11:11:00.000Z,2026-09-06T14:11:00,3,3,2.99,3,73806
2026-09-06T11:12:00.000Z,2026-09-06T14:12:00,3.01,3.01,3,3,166805
2026-09-06T11:13:00.000Z,2026-09-06T14:13:00,3,3,3,3,633077
2026-09-06T11:14:00.000Z,2026-09-06T14:14:00,3,3.02,2.99,3.02,939153
2026-09-06T11:25:00.000Z,2026-09-06T14:25:00,2.99,2.99,2.99,2.99,468759
2026-09-06T11:26:00.000Z,2026-09-06T14:26:00,2.99,2.99,2.99,2.99,20000
2026-09-06T11:27:00.000Z,2026-09-06T14:27:00,2.99,2.99,2.99,2.99,30000
2026-09-06T11:28:00.000Z,2026-09-06T14:28:00,2.99,2.99,2.99,2.99,84000
2026-09-06T11:29:00.000Z,2026-09-06T14:29:00,2.99,2.99,2.99,2.99,1434033
2026-09-07T07:00:00.000Z,2026-09-07T10:00:00,3.01,3.03,3.01,3.02,178945
2026-09-07T07:01:00.000Z,2026-09-07T10:01:00,3.02,3.05,3.02,3.04,17731
2026-09-07T07:02:00.000Z,2026-09-07T10:02:00,3.04,3.06,3.03,3.05,148440
2026-09-07T07:03:00.000Z,2026-09-07T10:03:00,3.06,3.06,3.05,3.06,84471
2026-09-07T07:04:00.000Z,2026-09-07T10:04:00,3.06,3.07,3.06,3.06,58659
2026-09-07T07:05:00.000Z,2026-09-07T10:05:00,3.07,3.08,3.06,3.06,345184
2026-09-07T07:06:00.000Z,2026-09-07T10:06:00,3.07,3.08,3.07,3.08,101757
2026-09-07T07:07:00.000Z,2026-09-07T10:07:00,3.08,3.08,3.07,3.07,276382
2026-09-07T07:08:00.000Z,2026-09-07T10:08:00,3.08,3.08,3.07,3.07,84863
2026-09-07T07:09:00.000Z,2026-09-07T10:09:00,3.07,3.07,3.06,3.06,276379
2026-09-07T07:10:00.000Z,2026-09-07T10:10:00,3.07,3.07,3.07,3.07,201593
2026-09-07T07:11:00.000Z,2026-09-07T10:11:00,3.07,3.07,3.06,3.07,184442
2026-09-07T07:12:00.000Z,2026-09-07T10:12:00,3.07,3.07,3.06,3.07,31877
2026-09-07T07:13:00.000Z,2026-09-07T10:13:00,3.06,3.07,3.06,3.07,2517
2026-09-07T07:14:00.000Z,2026-09-07T10:14:00,3.06,3.07,3.05,3.05,335502
2026-09-07T07:15:00.000Z,2026-09-07T10:15:00,3.05,3.06,3.05,3.06,213891
2026-09-07T07:16:00.000Z,2026-09-07T10:16:00,3.06,3.06,3.06,3.06,134047
2026-09-07T07:17:00.000Z,2026-09-07T10:17:00,3.06,3.07,3.06,3.07,47094
2026-09-07T07:18:00.000Z,2026-09-07T10:18:00,3.06,3.06,3.06,3.06,112926
2026-09-07T07:19:00.000Z,2026-09-07T10:19:00,3.05,3.07,3.05,3.06,87631
2026-09-07T07:20:00.000Z,2026-09-07T10:20:00,3.06,3.07,3.06,3.06,48970
2026-09-07T07:21:00.000Z,2026-09-07T10:21:00,3.07,3.08,3.06,3.07,431954
2026-09-07T07:22:00.000Z,2026-09-07T10:22:00,3.08,3.08,3.07,3.08,31963
2026-09-07T07:23:00.000Z,2026-09-07T10:23:00,3.08,3.09,3.08,3.09,267740
2026-09-07T07:24:00.000Z,2026-09-07T10:24:00,3.09,3.1,3.08,3.1,1121347
2026-09-07T07:25:00.000Z,2026-09-07T10:25:00,3.1,3.11,3.1,3.1,169332
2026-09-07T07:26:00.000Z,2026-09-07T10:26:00,3.11,3.11,3.09,3.1,103093
2026-09-07T07:27:00.000Z,2026-09-07T10:27:00,3.1,3.1,3.09,3.09,3248
2026-09-07T07:28:00.000Z,2026-09-07T10:28:00,3.1,3.1,3.09,3.09,71400
2026-09-07T07:29:00.000Z,2026-09-07T10:29:00,3.09,3.1,3.09,3.1,50705
2026-09-07T07:30:00.000Z,2026-09-07T10:30:00,3.1,3.1,3.09,3.09,603161
2026-09-07T07:31:00.000Z,2026-09-07T10:31:00,3.08,3.1,3.08,3.08,332321
2026-09-07T07:32:00.000Z,2026-09-07T10:32:00,3.08,3.09,3.08,3.09,7250
2026-09-07T07:33:00.000Z,2026-09-07T10:33:00,3.09,3.09,3.08,3.08,698644
2026-09-07T07:34:00.000Z,2026-09-07T10:34:00,3.07,3.08,3.07,3.08,9699
2026-09-07T07:35:00.000Z,2026-09-07T10:35:00,3.08,3.08,3.07,3.07,46485
2026-09-07T07:36:00.000Z,2026-09-07T10:36:00,3.07,3.08,3.06,3.06,62122
2026-09-07T07:37:00.000Z,2026-09-07T10:37:00,3.06,3.07,3.06,3.06,214881
2026-09-07T07:38:00.000Z,2026-09-07T10:38:00,3.06,3.07,3.06,3.06,45773
2026-09-07T07:39:00.000Z,2026-09-07T10:39:00,3.06,3.07,3.05,3.07,173892
2026-09-07T07:40:00.000Z,2026-09-07T10:40:00,3.07,3.08,3.07,3.07,216258
2026-09-07T07:41:00.000Z,2026-09-07T10:41:00,3.06,3.06,3.05,3.06,129728
2026-09-07T07:42:00.000Z,2026-09-07T10:42:00,3.06,3.06,3.05,3.05,95512
2026-09-07T07:43:00.000Z,2026-09-07T10:43:00,3.04,3.04,3.04,3.04,8404
2026-09-07T07:44:00.000Z,2026-09-07T10:44:00,3.04,3.05,3.04,3.04,514991
2026-09-07T07:45:00.000Z,2026-09-07T10:45:00,3.04,3.04,3.04,3.04,7000
2026-09-07T07:46:00.000Z,2026-09-07T10:46:00,3.03,3.04,3.03,3.04,13419
2026-09-07T07:47:00.000Z,2026-09-07T10:47:00,3.04,3.04,3.03,3.04,143702
2026-09-07T07:48:00.000Z,2026-09-07T10:48:00,3.04,3.04,3.03,3.04,203904
2026-09-07T07:49:00.000Z,2026-09-07T10:49:00,3.04,3.04,3.03,3.03,35003
2026-09-07T07:50:00.000Z,2026-09-07T10:50:00,3.04,3.04,3.04,3.04,104533
2026-09-07T07:51:00.000Z,2026-09-07T10:51:00,3.04,3.04,3.04,3.04,137935
2026-09-07T07:52:00.000Z,2026-09-07T10:52:00,3.04,3.05,3.04,3.05,7605
2026-09-07T07:53:00.000Z,2026-09-07T10:53:00,3.05,3.06,3.04,3.06,243911
2026-09-07T07:54:00.000Z,2026-09-07T10:54:00,3.06,3.06,3.06,3.06,30551
2026-09-07T07:55:00.000Z,2026-09-07T10:55:00,3.06,3.06,3.05,3.05,138818
2026-09-07T07:56:00.000Z,2026-09-07T10:56:00,3.04,3.05,3.04,3.05,26237
2026-09-07T07:57:00.000Z,2026-09-07T10:57:00,3.05,3.05,3.05,3.05,2091
2026-09-07T07:58:00.000Z,2026-09-07T10:58:00,3.05,3.05,3.05,3.05,7393
2026-09-07T07:59:00.000Z,2026-09-07T10:59:00,3.05,3.05,3.04,3.04,74272
2026-09-07T08:00:00.000Z,2026-09-07T11:00:00,3.04,3.04,3.04,3.04,9777
2026-09-07T08:01:00.000Z,2026-09-07T11:01:00,3.04,3.05,3.04,3.05,15670
2026-09-07T08:02:00.000Z,2026-09-07T11:02:00,3.04,3.04,3.04,3.04,217121
2026-09-07T08:03:00.000Z,2026-09-07T11:03:00,3.04,3.04,3.04,3.04,22170
2026-09-07T08:04:00.000Z,2026-09-07T11:04:00,3.04,3.04,3.04,3.04,25000
2026-09-07T08:05:00.000Z,2026-09-07T11:05:00,3.04,3.04,3.03,3.03,36573
2026-09-07T08:06:00.000Z,2026-09-07T11:06:00,3.04,3.04,3.04,3.04,71916
2026-09-07T08:07:00.000Z,2026-09-07T11:07:00,3.05,3.05,3.04,3.05,614
2026-09-07T08:08:00.000Z,2026-09-07T11:08:00,3.04,3.05,3.04,3.05,100150
2026-09-07T08:09:00.000Z,2026-09-07T11:09:00,3.05,3.05,3.05,3.05,3057
2026-09-07T08:10:00.000Z,2026-09-07T11:10:00,3.05,3.05,3.05,3.05,53000
2026-09-07T08:11:00.000Z,2026-09-07T11:11:00,3.04,3.05,3.04,3.05,147057
2026-09-07T08:12:00.000Z,2026-09-07T11:12:00,3.04,3.05,3.04,3.04,577
2026-09-07T08:13:00.000Z,2026-09-07T11:13:00,3.05,3.05,3.05,3.05,11919
2026-09-07T08:14:00.000Z,2026-09-07T11:14:00,3.05,3.05,3.05,3.05,55000
2026-09-07T08:15:00.000Z,2026-09-07T11:15:00,3.05,3.05,3.05,3.05,2000
2026-09-07T08:16:00.000Z,2026-09-07T11:16:00,3.04,3.05,3.04,3.04,256
2026-09-07T08:18:00.000Z,2026-09-07T11:18:00,3.05,3.05,3.05,3.05,8700
2026-09-07T08:19:00.000Z,2026-09-07T11:19:00,3.05,3.05,3.04,3.04,143
2026-09-07T08:20:00.000Z,2026-09-07T11:20:00,3.05,3.05,3.05,3.05,164
2026-09-07T08:22:00.000Z,2026-09-07T11:22:00,3.05,3.05,3.05,3.05,3653
2026-09-07T08:23:00.000Z,2026-09-07T11:23:00,3.04,3.05,3.04,3.05,230793
2026-09-07T08:24:00.000Z,2026-09-07T11:24:00,3.05,3.05,3.04,3.04,10000
2026-09-07T08:25:00.000Z,2026-09-07T11:25:00,3.04,3.05,3.04,3.05,3595
2026-09-07T08:26:00.000Z,2026-09-07T11:26:00,3.05,3.05,3.04,3.05,27373
2026-09-07T08:27:00.000Z,2026-09-07T11:27:00,3.04,3.05,3.04,3.05,48528
2026-09-07T08:28:00.000Z,2026-09-07T11:28:00,3.04,3.05,3.04,3.05,28310
2026-09-07T08:30:00.000Z,2026-09-07T11:30:00,3.04,3.05,3.04,3.04,1805
2026-09-07T08:31:00.000Z,2026-09-07T11:31:00,3.04,3.05,3.04,3.04,25122
2026-09-07T08:32:00.000Z,2026-09-07T11:32:00,3.05,3.05,3.04,3.05,115931
2026-09-07T08:33:00.000Z,2026-09-07T11:33:00,3.05,3.05,3.05,3.05,11
2026-09-07T08:34:00.000Z,2026-09-07T11:34:00,3.05,3.05,3.05,3.05,170334
2026-09-07T08:35:00.000Z,2026-09-07T11:35:00,3.05,3.06,3.05,3.06,28300
2026-09-07T08:37:00.000Z,2026-09-07T11:37:00,3.06,3.06,3.06,3.06,18365
2026-09-07T08:38:00.000Z,2026-09-07T11:38:00,3.06,3.06,3.06,3.06,261785
2026-09-07T08:39:00.000Z,2026-09-07T11:39:00,3.06,3.06,3.06,3.06,42354
2026-09-07T08:40:00.000Z,2026-09-07T11:40:00,3.06,3.06,3.06,3.06,87
2026-09-07T08:41:00.000Z,2026-09-07T11:41:00,3.06,3.06,3.06,3.06,11080
2026-09-07T08:42:00.000Z,2026-09-07T11:42:00,3.06,3.07,3.05,3.07,609569
2026-09-07T08:43:00.000Z,2026-09-07T11:43:00,3.05,3.05,3.05,3.05,2434
2026-09-07T08:44:00.000Z,2026-09-07T11:44:00,3.06,3.07,3.06,3.06,82496
2026-09-07T08:45:00.000Z,2026-09-07T11:45:00,3.07,3.07,3.07,3.07,289
2026-09-07T08:46:00.000Z,2026-09-07T11:46:00,3.07,3.07,3.06,3.06,389713
2026-09-07T08:47:00.000Z,2026-09-07T11:47:00,3.06,3.07,3.06,3.06,119896
2026-09-07T08:48:00.000Z,2026-09-07T11:48:00,3.06,3.06,3.06,3.06,1500
2026-09-07T08:49:00.000Z,2026-09-07T11:49:00,3.05,3.06,3.05,3.05,766
2026-09-07T08:50:00.000Z,2026-09-07T11:50:00,3.06,3.06,3.05,3.05,14869
2026-09-07T08:51:00.000Z,2026-09-07T11:51:00,3.05,3.05,3.05,3.05,2500
2026-09-07T08:52:00.000Z,2026-09-07T11:52:00,3.05,3.06,3.05,3.05,8583
2026-09-07T08:53:00.000Z,2026-09-07T11:53:00,3.06,3.06,3.06,3.06,17
2026-09-07T08:56:00.000Z,2026-09-07T11:56:00,3.05,3.05,3.05,3.05,25500
2026-09-07T08:57:00.000Z,2026-09-07T11:57:00,3.06,3.07,3.06,3.06,150100
2026-09-07T08:58:00.000Z,2026-09-07T11:58:00,3.06,3.06,3.05,3.06,102979
2026-09-07T08:59:00.000Z,2026-09-07T11:59:00,3.06,3.07,3.06,3.07,53904
2026-09-07T09:00:00.000Z,2026-09-07T12:00:00,3.07,3.08,3.07,3.07,153522
2026-09-07T09:01:00.000Z,2026-09-07T12:01:00,3.06,3.08,3.05,3.07,250055
2026-09-07T09:02:00.000Z,2026-09-07T12:02:00,3.06,3.07,3.06,3.07,114621
2026-09-07T09:03:00.000Z,2026-09-07T12:03:00,3.07,3.07,3.06,3.07,36163
2026-09-07T09:04:00.000Z,2026-09-07T12:04:00,3.06,3.07,3.06,3.07,111076
2026-09-07T09:05:00.000Z,2026-09-07T12:05:00,3.07,3.07,3.06,3.06,8946
2026-09-07T09:06:00.000Z,2026-09-07T12:06:00,3.06,3.06,3.06,3.06,45109
2026-09-07T09:07:00.000Z,2026-09-07T12:07:00,3.07,3.07,3.06,3.06,30494
2026-09-07T09:08:00.000Z,2026-09-07T12:08:00,3.06,3.06,3.06,3.06,30000
2026-09-07T09:09:00.000Z,2026-09-07T12:09:00,3.06,3.06,3.05,3.06,17821
2026-09-07T09:10:00.000Z,2026-09-07T12:10:00,3.05,3.05,3.05,3.05,334658
2026-09-07T09:11:00.000Z,2026-09-07T12:11:00,3.05,3.06,3.05,3.06,30300
2026-09-07T09:14:00.000Z,2026-09-07T12:14:00,3.06,3.06,3.05,3.05,4257
2026-09-07T09:15:00.000Z,2026-09-07T12:15:00,3.05,3.06,3.05,3.06,10883
2026-09-07T09:17:00.000Z,2026-09-07T12:17:00,3.05,3.05,3.05,3.05,3190
2026-09-07T09:18:00.000Z,2026-09-07T12:18:00,3.06,3.06,3.05,3.05,3316
2026-09-07T09:20:00.000Z,2026-09-07T12:20:00,3.06,3.07,3.05,3.05,196618
2026-09-07T09:21:00.000Z,2026-09-07T12:21:00,3.06,3.07,3.06,3.07,80527
2026-09-07T09:22:00.000Z,2026-09-07T12:22:00,3.06,3.07,3.06,3.07,69609
2026-09-07T09:23:00.000Z,2026-09-07T12:23:00,3.07,3.07,3.07,3.07,103257
2026-09-07T09:24:00.000Z,2026-09-07T12:24:00,3.07,3.07,3.06,3.07,104259
2026-09-07T09:25:00.000Z,2026-09-07T12:25:00,3.07,3.07,3.06,3.07,21922
2026-09-07T09:26:00.000Z,2026-09-07T12:26:00,3.07,3.07,3.07,3.07,75425
2026-09-07T09:27:00.000Z,2026-09-07T12:27:00,3.07,3.07,3.07,3.07,67631
2026-09-07T09:28:00.000Z,2026-09-07T12:28:00,3.07,3.08,3.07,3.08,65000
2026-09-07T09:29:00.000Z,2026-09-07T12:29:00,3.08,3.08,3.08,3.08,29972
2026-09-07T09:31:00.000Z,2026-09-07T12:31:00,3.07,3.07,3.07,3.07,549
2026-09-07T09:32:00.000Z,2026-09-07T12:32:00,3.08,3.08,3.07,3.08,104160
2026-09-07T09:33:00.000Z,2026-09-07T12:33:00,3.07,3.08,3.07,3.07,543364
2026-09-07T09:34:00.000Z,2026-09-07T12:34:00,3.08,3.08,3.07,3.08,734445
2026-09-07T09:35:00.000Z,2026-09-07T12:35:00,3.08,3.08,3.08,3.08,2317
2026-09-07T09:36:00.000Z,2026-09-07T12:36:00,3.08,3.08,3.07,3.07,9986
2026-09-07T09:39:00.000Z,2026-09-07T12:39:00,3.07,3.09,3.07,3.09,290006
2026-09-07T09:40:00.000Z,2026-09-07T12:40:00,3.09,3.09,3.09,3.09,391
2026-09-07T09:41:00.000Z,2026-09-07T12:41:00,3.09,3.09,3.07,3.09,34972
2026-09-07T09:42:00.000Z,2026-09-07T12:42:00,3.09,3.09,3.09,3.09,42857
2026-09-07T09:43:00.000Z,2026-09-07T12:43:00,3.09,3.09,3.08,3.08,186233
2026-09-07T09:44:00.000Z,2026-09-07T12:44:00,3.09,3.09,3.08,3.08,5014
2026-09-07T09:45:00.000Z,2026-09-07T12:45:00,3.09,3.09,3.09,3.09,15023
2026-09-07T09:46:00.000Z,2026-09-07T12:46:00,3.09,3.09,3.08,3.09,48027
2026-09-07T09:47:00.000Z,2026-09-07T12:47:00,3.08,3.09,3.08,3.09,662
2026-09-07T09:48:00.000Z,2026-09-07T12:48:00,3.09,3.09,3.09,3.09,50947
2026-09-07T09:49:00.000Z,2026-09-07T12:49:00,3.09,3.09,3.09,3.09,2043
2026-09-07T09:50:00.000Z,2026-09-07T12:50:00,3.09,3.09,3.08,3.09,40686
2026-09-07T09:51:00.000Z,2026-09-07T12:51:00,3.09,3.09,3.08,3.08,6306
2026-09-07T09:52:00.000Z,2026-09-07T12:52:00,3.09,3.09,3.09,3.09,6094
2026-09-07T09:53:00.000Z,2026-09-07T12:53:00,3.09,3.09,3.09,3.09,5795
2026-09-07T09:55:00.000Z,2026-09-07T12:55:00,3.09,3.09,3.09,3.09,400000
2026-09-07T09:56:00.000Z,2026-09-07T12:56:00,3.08,3.09,3.08,3.09,105700
2026-09-07T09:57:00.000Z,2026-09-07T12:57:00,3.08,3.08,3.08,3.08,64531
2026-09-07T09:58:00.000Z,2026-09-07T12:58:00,3.08,3.08,3.08,3.08,58979
2026-09-07T09:59:00.000Z,2026-09-07T12:59:00,3.08,3.09,3.08,3.08,104323
2026-09-07T10:00:00.000Z,2026-09-07T13:00:00,3.09,3.09,3.09,3.09,407660
2026-09-07T10:01:00.000Z,2026-09-07T13:01:00,3.1,3.1,3.09,3.09,207038
2026-09-07T10:02:00.000Z,2026-09-07T13:02:00,3.09,3.1,3.09,3.09,100067
2026-09-07T10:03:00.000Z,2026-09-07T13:03:00,3.09,3.09,3.09,3.09,5000
2026-09-07T10:04:00.000Z,2026-09-07T13:04:00,3.09,3.09,3.09,3.09,55787
2026-09-07T10:05:00.000Z,2026-09-07T13:05:00,3.09,3.09,3.09,3.09,28534
2026-09-07T10:06:00.000Z,2026-09-07T13:06:00,3.08,3.09,3.08,3.09,25113
2026-09-07T10:07:00.000Z,2026-09-07T13:07:00,3.09,3.09,3.08,3.09,80032
2026-09-07T10:08:00.000Z,2026-09-07T13:08:00,3.09,3.09,3.09,3.09,55370
2026-09-07T10:09:00.000Z,2026-09-07T13:09:00,3.09,3.1,3.09,3.1,64640
2026-09-07T10:10:00.000Z,2026-09-07T13:10:00,3.09,3.09,3.09,3.09,10100
2026-09-07T10:11:00.000Z,2026-09-07T13:11:00,3.1,3.1,3.09,3.09,39697
2026-09-07T10:12:00.000Z,2026-09-07T13:12:00,3.09,3.09,3.09,3.09,13000
2026-09-07T10:13:00.000Z,2026-09-07T13:13:00,3.09,3.09,3.09,3.09,122913
2026-09-07T10:14:00.000Z,2026-09-07T13:14:00,3.09,3.1,3.09,3.1,7540
2026-09-07T10:15:00.000Z,2026-09-07T13:15:00,3.1,3.1,3.1,3.1,5000
2026-09-07T10:16:00.000Z,2026-09-07T13:16:00,3.09,3.09,3.09,3.09,22408
2026-09-07T10:17:00.000Z,2026-09-07T13:17:00,3.09,3.09,3.08,3.09,375000
2026-09-07T10:18:00.000Z,2026-09-07T13:18:00,3.1,3.1,3.1,3.1,200000
2026-09-07T10:19:00.000Z,2026-09-07T13:19:00,3.09,3.1,3.09,3.1,283597
2026-09-07T10:20:00.000Z,2026-09-07T13:20:00,3.1,3.1,3.1,3.1,83679
2026-09-07T10:21:00.000Z,2026-09-07T13:21:00,3.1,3.11,3.09,3.11,705337
2026-09-07T10:22:00.000Z,2026-09-07T13:22:00,3.1,3.1,3.09,3.09,7882
2026-09-07T10:23:00.000Z,2026-09-07T13:23:00,3.1,3.1,3.1,3.1,4794
2026-09-07T10:24:00.000Z,2026-09-07T13:24:00,3.1,3.1,3.09,3.1,7
2026-09-07T10:25:00.000Z,2026-09-07T13:25:00,3.1,3.1,3.1,3.1,527672
2026-09-07T10:26:00.000Z,2026-09-07T13:26:00,3.1,3.11,3.1,3.1,114583
2026-09-07T10:27:00.000Z,2026-09-07T13:27:00,3.1,3.12,3.09,3.1,1912387
2026-09-07T10:28:00.000Z,2026-09-07T13:28:00,3.1,3.1,3.09,3.1,83434
2026-09-07T10:29:00.000Z,2026-09-07T13:29:00,3.1,3.1,3.1,3.1,73000
2026-09-07T10:30:00.000Z,2026-09-07T13:30:00,3.1,3.1,3.09,3.09,21981
2026-09-07T10:31:00.000Z,2026-09-07T13:31:00,3.09,3.1,3.09,3.09,987129
2026-09-07T10:32:00.000Z,2026-09-07T13:32:00,3.09,3.1,3.09,3.1,267833
2026-09-07T10:33:00.000Z,2026-09-07T13:33:00,3.1,3.1,3.1,3.1,2
2026-09-07T10:34:00.000Z,2026-09-07T13:34:00,3.1,3.1,3.1,3.1,54949
2026-09-07T10:35:00.000Z,2026-09-07T13:35:00,3.1,3.1,3.09,3.09,120161
2026-09-07T10:36:00.000Z,2026-09-07T13:36:00,3.09,3.1,3.08,3.08,223269
2026-09-07T10:37:00.000Z,2026-09-07T13:37:00,3.1,3.1,3.08,3.08,208616
2026-09-07T10:38:00.000Z,2026-09-07T13:38:00,3.08,3.1,3.07,3.07,978959
2026-09-07T10:39:00.000Z,2026-09-07T13:39:00,3.07,3.07,3.07,3.07,121057
2026-09-07T10:40:00.000Z,2026-09-07T13:40:00,3.07,3.07,3.07,3.07,543
2026-09-07T10:41:00.000Z,2026-09-07T13:41:00,3.08,3.08,3.08,3.08,412
2026-09-07T10:42:00.000Z,2026-09-07T13:42:00,3.08,3.08,3.08,3.08,1500
2026-09-07T10:43:00.000Z,2026-09-07T13:43:00,3.07,3.07,3.06,3.07,367158
2026-09-07T10:45:00.000Z,2026-09-07T13:45:00,3.06,3.06,3.06,3.06,6782
2026-09-07T10:46:00.000Z,2026-09-07T13:46:00,3.06,3.07,3.06,3.07,231868
2026-09-07T10:47:00.000Z,2026-09-07T13:47:00,3.07,3.07,3.06,3.07,76801
2026-09-07T10:49:00.000Z,2026-09-07T13:49:00,3.07,3.07,3.06,3.06,37000
2026-09-07T10:51:00.000Z,2026-09-07T13:51:00,3.07,3.07,3.07,3.07,20185
2026-09-07T10:52:00.000Z,2026-09-07T13:52:00,3.06,3.07,3.06,3.07,1020
2026-09-07T10:53:00.000Z,2026-09-07T13:53:00,3.06,3.06,3.06,3.06,28000
2026-09-07T10:54:00.000Z,2026-09-07T13:54:00,3.07,3.07,3.07,3.07,21000
2026-09-07T10:55:00.000Z,2026-09-07T13:55:00,3.07,3.07,3.06,3.06,23294
2026-09-07T10:56:00.000Z,2026-09-07T13:56:00,3.06,3.07,3.06,3.06,701420
2026-09-07T10:57:00.000Z,2026-09-07T13:57:00,3.06,3.06,3.06,3.06,25303
2026-09-07T10:58:00.000Z,2026-09-07T13:58:00,3.06,3.06,3.05,3.05,18600
2026-09-07T10:59:00.000Z,2026-09-07T13:59:00,3.05,3.05,3.05,3.05,32875
2026-09-07T11:00:00.000Z,2026-09-07T14:00:00,3.05,3.06,3.05,3.06,4565
2026-09-07T11:01:00.000Z,2026-09-07T14:01:00,3.06,3.06,3.06,3.06,10013
2026-09-07T11:02:00.000Z,2026-09-07T14:02:00,3.06,3.06,3.06,3.06,5048
2026-09-07T11:03:00.000Z,2026-09-07T14:03:00,3.06,3.06,3.06,3.06,431746
2026-09-07T11:04:00.000Z,2026-09-07T14:04:00,3.06,3.06,3.06,3.06,83247
2026-09-07T11:05:00.000Z,2026-09-07T14:05:00,3.06,3.07,3.06,3.07,17506
2026-09-07T11:06:00.000Z,2026-09-07T14:06:00,3.07,3.07,3.07,3.07,1977
2026-09-07T11:07:00.000Z,2026-09-07T14:07:00,3.06,3.07,3.06,3.07,525
2026-09-07T11:08:00.000Z,2026-09-07T14:08:00,3.06,3.06,3.06,3.06,9648
2026-09-07T11:09:00.000Z,2026-09-07T14:09:00,3.06,3.06,3.05,3.06,32832
2026-09-07T11:10:00.000Z,2026-09-07T14:10:00,3.05,3.06,3.05,3.06,108198
2026-09-07T11:11:00.000Z,2026-09-07T14:11:00,3.06,3.06,3.06,3.06,505897
2026-09-07T11:12:00.000Z,2026-09-07T14:12:00,3.06,3.07,3.06,3.06,321535
2026-09-07T11:13:00.000Z,2026-09-07T14:13:00,3.06,3.06,3.05,3.06,1521188
2026-09-07T11:14:00.000Z,2026-09-07T14:14:00,3.05,3.06,3.05,3.05,676053
2026-09-07T11:15:00.000Z,2026-09-07T14:15:00,3.06,3.06,3.06,3.06,10010
2026-09-07T11:25:00.000Z,2026-09-07T14:25:00,3.15,3.15,3.15,3.15,10002000
2026-09-07T11:26:00.000Z,2026-09-07T14:26:00,3.15,3.15,3.15,3.15,311835
2026-09-07T11:28:00.000Z,2026-09-07T14:28:00,3.15,3.15,3.15,3.15,482559
2026-09-07T11:29:00.000Z,2026-09-07T14:29:00,3.15,3.15,3.15,3.15,387
2026-09-08T07:01:00.000Z,2026-09-08T10:01:00,3.14,3.14,3.09,3.09,2732155
2026-09-08T07:02:00.000Z,2026-09-08T10:02:00,3.09,3.1,3.07,3.08,530539
2026-09-08T07:03:00.000Z,2026-09-08T10:03:00,3.09,3.1,3.09,3.09,146717
2026-09-08T07:04:00.000Z,2026-09-08T10:04:00,3.09,3.09,3.09,3.09,96188
2026-09-08T07:05:00.000Z,2026-09-08T10:05:00,3.09,3.09,3.08,3.09,238364
2026-09-08T07:06:00.000Z,2026-09-08T10:06:00,3.09,3.1,3.09,3.09,63595
2026-09-08T07:07:00.000Z,2026-09-08T10:07:00,3.09,3.09,3.07,3.07,307098
2026-09-08T07:08:00.000Z,2026-09-08T10:08:00,3.07,3.07,3.06,3.06,16010
2026-09-08T07:09:00.000Z,2026-09-08T10:09:00,3.06,3.07,3.06,3.07,16595
2026-09-08T07:10:00.000Z,2026-09-08T10:10:00,3.09,3.09,3.09,3.09,48029
2026-09-08T07:11:00.000Z,2026-09-08T10:11:00,3.07,3.09,3.07,3.09,70587
2026-09-08T07:12:00.000Z,2026-09-08T10:12:00,3.09,3.1,3.09,3.09,239047
2026-09-08T07:13:00.000Z,2026-09-08T10:13:00,3.09,3.1,3.08,3.08,208305
2026-09-08T07:14:00.000Z,2026-09-08T10:14:00,3.08,3.1,3.08,3.1,45159
2026-09-08T07:15:00.000Z,2026-09-08T10:15:00,3.1,3.1,3.09,3.09,3000
2026-09-08T07:16:00.000Z,2026-09-08T10:16:00,3.08,3.08,3.08,3.08,16617
2026-09-08T07:17:00.000Z,2026-09-08T10:17:00,3.09,3.09,3.08,3.09,20120
2026-09-08T07:18:00.000Z,2026-09-08T10:18:00,3.09,3.09,3.08,3.08,186419
2026-09-08T07:19:00.000Z,2026-09-08T10:19:00,3.08,3.08,3.07,3.07,44463
2026-09-08T07:20:00.000Z,2026-09-08T10:20:00,3.08,3.08,3.08,3.08,10576
2026-09-08T07:21:00.000Z,2026-09-08T10:21:00,3.07,3.08,3.07,3.08,321194
2026-09-08T07:22:00.000Z,2026-09-08T10:22:00,3.08,3.08,3.08,3.08,60435
2026-09-08T07:23:00.000Z,2026-09-08T10:23:00,3.09,3.09,3.08,3.09,138588
2026-09-08T07:24:00.000Z,2026-09-08T10:24:00,3.1,3.1,3.09,3.1,25731
2026-09-08T07:25:00.000Z,2026-09-08T10:25:00,3.09,3.09,3.08,3.08,51961
2026-09-08T07:26:00.000Z,2026-09-08T10:26:00,3.08,3.1,3.08,3.1,38116
2026-09-08T07:27:00.000Z,2026-09-08T10:27:00,3.1,3.1,3.08,3.08,58171
2026-09-08T07:28:00.000Z,2026-09-08T10:28:00,3.08,3.08,3.08,3.08,397
2026-09-08T07:29:00.000Z,2026-09-08T10:29:00,3.09,3.1,3.08,3.1,52567
2026-09-08T07:30:00.000Z,2026-09-08T10:30:00,3.1,3.1,3.09,3.1,35912
2026-09-08T07:31:00.000Z,2026-09-08T10:31:00,3.1,3.1,3.1,3.1,1623
2026-09-08T07:32:00.000Z,2026-09-08T10:32:00,3.09,3.1,3.09,3.1,55304
2026-09-08T07:33:00.000Z,2026-09-08T10:33:00,3.1,3.1,3.09,3.1,29629
2026-09-08T07:34:00.000Z,2026-09-08T10:34:00,3.1,3.1,3.09,3.1,3822
2026-09-08T07:35:00.000Z,2026-09-08T10:35:00,3.1,3.1,3.1,3.1,495
2026-09-08T07:37:00.000Z,2026-09-08T10:37:00,3.1,3.1,3.09,3.09,11350
2026-09-08T07:38:00.000Z,2026-09-08T10:38:00,3.09,3.1,3.09,3.1,35699
2026-09-08T07:39:00.000Z,2026-09-08T10:39:00,3.1,3.1,3.09,3.1,6464
2026-09-08T07:40:00.000Z,2026-09-08T10:40:00,3.09,3.1,3.09,3.1,1659
2026-09-08T07:41:00.000Z,2026-09-08T10:41:00,3.09,3.1,3.09,3.1,165
2026-09-08T07:42:00.000Z,2026-09-08T10:42:00,3.09,3.1,3.09,3.1,29100
2026-09-08T07:44:00.000Z,2026-09-08T10:44:00,3.09,3.1,3.09,3.09,89104
2026-09-08T07:45:00.000Z,2026-09-08T10:45:00,3.08,3.08,3.08,3.08,14000
2026-09-08T07:46:00.000Z,2026-09-08T10:46:00,3.09,3.09,3.09,3.09,4721
2026-09-08T07:47:00.000Z,2026-09-08T10:47:00,3.08,3.08,3.08,3.08,9373
2026-09-08T07:48:00.000Z,2026-09-08T10:48:00,3.09,3.09,3.08,3.08,34518
2026-09-08T07:49:00.000Z,2026-09-08T10:49:00,3.08,3.09,3.08,3.09,2034
2026-09-08T07:50:00.000Z,2026-09-08T10:50:00,3.09,3.09,3.09,3.09,1602
2026-09-08T07:51:00.000Z,2026-09-08T10:51:00,3.09,3.09,3.09,3.09,97
2026-09-08T07:52:00.000Z,2026-09-08T10:52:00,3.09,3.09,3.09,3.09,10740
2026-09-08T07:53:00.000Z,2026-09-08T10:53:00,3.09,3.09,3.09,3.09,10
2026-09-08T07:54:00.000Z,2026-09-08T10:54:00,3.08,3.09,3.08,3.08,11939
2026-09-08T07:55:00.000Z,2026-09-08T10:55:00,3.09,3.09,3.08,3.08,333205
2026-09-08T07:56:00.000Z,2026-09-08T10:56:00,3.07,3.07,3.07,3.07,600000
2026-09-08T07:57:00.000Z,2026-09-08T10:57:00,3.07,3.08,3.06,3.06,2092815
2026-09-08T07:58:00.000Z,2026-09-08T10:58:00,3.06,3.07,3.06,3.07,10026
2026-09-08T07:59:00.000Z,2026-09-08T10:59:00,3.07,3.07,3.06,3.06,210654
2026-09-08T08:00:00.000Z,2026-09-08T11:00:00,3.06,3.07,3.05,3.07,497387
2026-09-08T08:01:00.000Z,2026-09-08T11:01:00,3.07,3.07,3.07,3.07,4087
2026-09-08T08:02:00.000Z,2026-09-08T11:02:00,3.07,3.07,3.06,3.06,15175
2026-09-08T08:03:00.000Z,2026-09-08T11:03:00,3.06,3.06,3.06,3.06,434
2026-09-08T08:04:00.000Z,2026-09-08T11:04:00,3.06,3.06,3.06,3.06,24166
2026-09-08T08:05:00.000Z,2026-09-08T11:05:00,3.06,3.06,3.06,3.06,1000
2026-09-08T08:06:00.000Z,2026-09-08T11:06:00,3.06,3.07,3.06,3.06,24236
2026-09-08T08:07:00.000Z,2026-09-08T11:07:00,3.06,3.06,3.06,3.06,16529
2026-09-08T08:08:00.000Z,2026-09-08T11:08:00,3.06,3.07,3.06,3.06,150660
2026-09-08T08:09:00.000Z,2026-09-08T11:09:00,3.06,3.07,3.05,3.06,403635
2026-09-08T08:10:00.000Z,2026-09-08T11:10:00,3.07,3.07,3.06,3.06,8625
2026-09-08T08:11:00.000Z,2026-09-08T11:11:00,3.06,3.06,3.06,3.06,199321
2026-09-08T08:12:00.000Z,2026-09-08T11:12:00,3.06,3.06,3.06,3.06,50493
2026-09-08T08:13:00.000Z,2026-09-08T11:13:00,3.06,3.06,3.06,3.06,212447
2026-09-08T08:14:00.000Z,2026-09-08T11:14:00,3.06,3.06,3.05,3.05,8178
2026-09-08T08:15:00.000Z,2026-09-08T11:15:00,3.06,3.06,3.05,3.06,31550
2026-09-08T08:16:00.000Z,2026-09-08T11:16:00,3.06,3.06,3.05,3.06,13679
2026-09-08T08:17:00.000Z,2026-09-08T11:17:00,3.05,3.06,3.05,3.05,100010
2026-09-08T08:18:00.000Z,2026-09-08T11:18:00,3.06,3.06,3.06,3.06,2170000
2026-09-08T08:19:00.000Z,2026-09-08T11:19:00,3.06,3.06,3.05,3.05,255381
2026-09-08T08:20:00.000Z,2026-09-08T11:20:00,3.06,3.07,3.06,3.06,162784
2026-09-08T08:21:00.000Z,2026-09-08T11:21:00,3.06,3.06,3.06,3.06,12000
2026-09-08T08:22:00.000Z,2026-09-08T11:22:00,3.06,3.06,3.05,3.06,16414
2026-09-08T08:23:00.000Z,2026-09-08T11:23:00,3.05,3.06,3.05,3.05,13536
2026-09-08T08:24:00.000Z,2026-09-08T11:24:00,3.06,3.06,3.06,3.06,179000
2026-09-08T08:25:00.000Z,2026-09-08T11:25:00,3.06,3.06,3.06,3.06,60599
2026-09-08T08:26:00.000Z,2026-09-08T11:26:00,3.06,3.06,3.06,3.06,169351
2026-09-08T08:27:00.000Z,2026-09-08T11:27:00,3.06,3.06,3.05,3.06,253779
2026-09-08T08:28:00.000Z,2026-09-08T11:28:00,3.05,3.06,3.05,3.06,26021
2026-09-08T08:29:00.000Z,2026-09-08T11:29:00,3.05,3.06,3.05,3.06,151092
2026-09-08T08:30:00.000Z,2026-09-08T11:30:00,3.06,3.06,3.06,3.06,50039
2026-09-08T08:31:00.000Z,2026-09-08T11:31:00,3.06,3.06,3.06,3.06,6959
2026-09-08T08:32:00.000Z,2026-09-08T11:32:00,3.06,3.06,3.06,3.06,45048
2026-09-08T08:33:00.000Z,2026-09-08T11:33:00,3.06,3.06,3.06,3.06,49729
2026-09-08T08:34:00.000Z,2026-09-08T11:34:00,3.05,3.06,3.05,3.05,145256
2026-09-08T08:35:00.000Z,2026-09-08T11:35:00,3.06,3.06,3.06,3.06,26144
2026-09-08T08:36:00.000Z,2026-09-08T11:36:00,3.06,3.08,3.06,3.08,553153
2026-09-08T08:37:00.000Z,2026-09-08T11:37:00,3.07,3.07,3.06,3.06,30129
2026-09-08T08:38:00.000Z,2026-09-08T11:38:00,3.06,3.1,3.05,3.1,684963
2026-09-08T08:39:00.000Z,2026-09-08T11:39:00,3.09,3.09,3.09,3.09,4837
2026-09-08T08:40:00.000Z,2026-09-08T11:40:00,3.07,3.07,3.07,3.07,35000
2026-09-08T08:41:00.000Z,2026-09-08T11:41:00,3.07,3.09,3.07,3.09,7312
2026-09-08T08:42:00.000Z,2026-09-08T11:42:00,3.09,3.1,3.08,3.09,576184
2026-09-08T08:43:00.000Z,2026-09-08T11:43:00,3.09,3.12,3.08,3.12,939339
2026-09-08T08:44:00.000Z,2026-09-08T11:44:00,3.1,3.1,3.1,3.1,1466
2026-09-08T08:45:00.000Z,2026-09-08T11:45:00,3.09,3.09,3.09,3.09,20069
2026-09-08T08:46:00.000Z,2026-09-08T11:46:00,3.09,3.09,3.07,3.07,23539
2026-09-08T08:47:00.000Z,2026-09-08T11:47:00,3.09,3.09,3.09,3.09,1628
2026-09-08T08:48:00.000Z,2026-09-08T11:48:00,3.09,3.1,3.07,3.07,311938
2026-09-08T08:49:00.000Z,2026-09-08T11:49:00,3.09,3.09,3.09,3.09,1000
2026-09-08T08:50:00.000Z,2026-09-08T11:50:00,3.09,3.09,3.09,3.09,1645
2026-09-08T08:51:00.000Z,2026-09-08T11:51:00,3.07,3.09,3.07,3.09,73
2026-09-08T08:52:00.000Z,2026-09-08T11:52:00,3.09,3.09,3.09,3.09,32
2026-09-08T08:53:00.000Z,2026-09-08T11:53:00,3.09,3.1,3.09,3.1,1000000
2026-09-08T08:54:00.000Z,2026-09-08T11:54:00,3.1,3.1,3.08,3.08,6230
2026-09-08T08:55:00.000Z,2026-09-08T11:55:00,3.08,3.08,3.08,3.08,6470
2026-09-08T08:57:00.000Z,2026-09-08T11:57:00,3.09,3.09,3.09,3.09,25000
2026-09-08T08:59:00.000Z,2026-09-08T11:59:00,3.08,3.09,3.08,3.09,20173
2026-09-08T09:03:00.000Z,2026-09-08T12:03:00,3.08,3.08,3.08,3.08,136077
2026-09-08T09:06:00.000Z,2026-09-08T12:06:00,3.07,3.07,3.07,3.07,12441
2026-09-08T09:07:00.000Z,2026-09-08T12:07:00,3.07,3.07,3.07,3.07,20000
2026-09-08T09:09:00.000Z,2026-09-08T12:09:00,3.07,3.08,3.07,3.08,24500
2026-09-08T09:10:00.000Z,2026-09-08T12:10:00,3.07,3.07,3.07,3.07,4171
2026-09-08T09:12:00.000Z,2026-09-08T12:12:00,3.08,3.08,3.08,3.08,221
2026-09-08T09:13:00.000Z,2026-09-08T12:13:00,3.08,3.08,3.08,3.08,3186
2026-09-08T09:14:00.000Z,2026-09-08T12:14:00,3.08,3.08,3.07,3.07,2251
2026-09-08T09:15:00.000Z,2026-09-08T12:15:00,3.07,3.07,3.07,3.07,75
2026-09-08T09:17:00.000Z,2026-09-08T12:17:00,3.07,3.07,3.07,3.07,10500
2026-09-08T09:19:00.000Z,2026-09-08T12:19:00,3.08,3.08,3.07,3.08,11027
2026-09-08T09:20:00.000Z,2026-09-08T12:20:00,3.07,3.08,3.07,3.08,50649
2026-09-08T09:21:00.000Z,2026-09-08T12:21:00,3.08,3.08,3.08,3.08,16394
2026-09-08T09:22:00.000Z,2026-09-08T12:22:00,3.08,3.08,3.07,3.08,5835
2026-09-08T09:23:00.000Z,2026-09-08T12:23:00,3.08,3.08,3.08,3.08,324
2026-09-08T09:25:00.000Z,2026-09-08T12:25:00,3.08,3.08,3.07,3.07,143222
2026-09-08T09:26:00.000Z,2026-09-08T12:26:00,3.08,3.08,3.08,3.08,5214
2026-09-08T09:28:00.000Z,2026-09-08T12:28:00,3.07,3.07,3.07,3.07,78469
2026-09-08T09:29:00.000Z,2026-09-08T12:29:00,3.07,3.07,3.07,3.07,6680
2026-09-08T09:30:00.000Z,2026-09-08T12:30:00,3.07,3.07,3.07,3.07,28423
2026-09-08T09:31:00.000Z,2026-09-08T12:31:00,3.07,3.07,3.07,3.07,15897
2026-09-08T09:32:00.000Z,2026-09-08T12:32:00,3.06,3.07,3.06,3.07,9100
2026-09-08T09:33:00.000Z,2026-09-08T12:33:00,3.07,3.07,3.07,3.07,19000
2026-09-08T09:34:00.000Z,2026-09-08T12:34:00,3.07,3.07,3.07,3.07,1700
2026-09-08T09:36:00.000Z,2026-09-08T12:36:00,3.07,3.07,3.07,3.07,1000
2026-09-08T09:37:00.000Z,2026-09-08T12:37:00,3.07,3.07,3.07,3.07,41285
2026-09-08T09:38:00.000Z,2026-09-08T12:38:00,3.07,3.07,3.06,3.06,94801
2026-09-08T09:39:00.000Z,2026-09-08T12:39:00,3.07,3.07,3.06,3.06,2571
2026-09-08T09:40:00.000Z,2026-09-08T12:40:00,3.07,3.07,3.07,3.07,111
2026-09-08T09:41:00.000Z,2026-09-08T12:41:00,3.06,3.07,3.06,3.07,570500
2026-09-08T09:42:00.000Z,2026-09-08T12:42:00,3.06,3.07,3.06,3.07,1555
2026-09-08T09:43:00.000Z,2026-09-08T12:43:00,3.06,3.07,3.06,3.07,12699
2026-09-08T09:44:00.000Z,2026-09-08T12:44:00,3.07,3.07,3.06,3.06,2955
2026-09-08T09:46:00.000Z,2026-09-08T12:46:00,3.07,3.07,3.07,3.07,160
2026-09-08T09:47:00.000Z,2026-09-08T12:47:00,3.06,3.06,3.06,3.06,99208
2026-09-08T09:48:00.000Z,2026-09-08T12:48:00,3.06,3.06,3.06,3.06,1694
2026-09-08T09:49:00.000Z,2026-09-08T12:49:00,3.07,3.07,3.06,3.06,376739
2026-09-08T09:50:00.000Z,2026-09-08T12:50:00,3.06,3.06,3.06,3.06,110137
2026-09-08T09:51:00.000Z,2026-09-08T12:51:00,3.06,3.06,3.05,3.05,14199
2026-09-08T09:52:00.000Z,2026-09-08T12:52:00,3.05,3.06,3.05,3.06,85215
2026-09-08T09:53:00.000Z,2026-09-08T12:53:00,3.06,3.06,3.06,3.06,22368
2026-09-08T09:54:00.000Z,2026-09-08T12:54:00,3.07,3.07,3.06,3.06,34826
2026-09-08T09:55:00.000Z,2026-09-08T12:55:00,3.06,3.06,3.06,3.06,5266
2026-09-08T09:56:00.000Z,2026-09-08T12:56:00,3.05,3.06,3.05,3.05,556140
2026-09-08T09:57:00.000Z,2026-09-08T12:57:00,3.06,3.07,3.06,3.07,727510
2026-09-08T09:58:00.000Z,2026-09-08T12:58:00,3.07,3.07,3.06,3.06,131000
2026-09-08T09:59:00.000Z,2026-09-08T12:59:00,3.07,3.07,3.07,3.07,9081
2026-09-08T10:00:00.000Z,2026-09-08T13:00:00,3.07,3.07,3.07,3.07,105000
2026-09-08T10:01:00.000Z,2026-09-08T13:01:00,3.06,3.06,3.06,3.06,145000
2026-09-08T10:02:00.000Z,2026-09-08T13:02:00,3.06,3.07,3.06,3.06,14139
2026-09-08T10:03:00.000Z,2026-09-08T13:03:00,3.06,3.07,3.06,3.07,280050
2026-09-08T10:04:00.000Z,2026-09-08T13:04:00,3.06,3.07,3.06,3.07,142544
2026-09-08T10:05:00.000Z,2026-09-08T13:05:00,3.06,3.06,3.06,3.06,5002
2026-09-08T10:07:00.000Z,2026-09-08T13:07:00,3.06,3.07,3.06,3.07,440000
2026-09-08T10:08:00.000Z,2026-09-08T13:08:00,3.07,3.07,3.07,3.07,10
2026-09-08T10:09:00.000Z,2026-09-08T13:09:00,3.06,3.06,3.06,3.06,183500
2026-09-08T10:10:00.000Z,2026-09-08T13:10:00,3.06,3.07,3.06,3.07,10400
2026-09-08T10:11:00.000Z,2026-09-08T13:11:00,3.06,3.06,3.06,3.06,449700
2026-09-08T10:12:00.000Z,2026-09-08T13:12:00,3.06,3.06,3.06,3.06,165000
2026-09-08T10:13:00.000Z,2026-09-08T13:13:00,3.06,3.06,3.06,3.06,139000
2026-09-08T10:14:00.000Z,2026-09-08T13:14:00,3.06,3.06,3.06,3.06,189000
2026-09-08T10:16:00.000Z,2026-09-08T13:16:00,3.07,3.07,3.07,3.07,94
2026-09-08T10:17:00.000Z,2026-09-08T13:17:00,3.06,3.06,3.06,3.06,335000
2026-09-08T10:18:00.000Z,2026-09-08T13:18:00,3.07,3.07,3.06,3.06,168945
2026-09-08T10:19:00.000Z,2026-09-08T13:19:00,3.06,3.07,3.06,3.07,434392
2026-09-08T10:20:00.000Z,2026-09-08T13:20:00,3.07,3.07,3.07,3.07,3
2026-09-08T10:21:00.000Z,2026-09-08T13:21:00,3.07,3.07,3.06,3.06,250154
2026-09-08T10:22:00.000Z,2026-09-08T13:22:00,3.06,3.07,3.06,3.06,33275
2026-09-08T10:23:00.000Z,2026-09-08T13:23:00,3.06,3.07,3.06,3.06,457207
2026-09-08T10:24:00.000Z,2026-09-08T13:24:00,3.06,3.06,3.06,3.06,261673
2026-09-08T10:25:00.000Z,2026-09-08T13:25:00,3.06,3.07,3.06,3.06,610025
2026-09-08T10:26:00.000Z,2026-09-08T13:26:00,3.06,3.06,3.05,3.06,392644
2026-09-08T10:27:00.000Z,2026-09-08T13:27:00,3.06,3.06,3.06,3.06,411074
2026-09-08T10:28:00.000Z,2026-09-08T13:28:00,3.06,3.06,3.06,3.06,100000
2026-09-08T10:29:00.000Z,2026-09-08T13:29:00,3.06,3.07,3.06,3.06,738765
2026-09-08T10:30:00.000Z,2026-09-08T13:30:00,3.06,3.06,3.06,3.06,362000
2026-09-08T10:32:00.000Z,2026-09-08T13:32:00,3.06,3.06,3.06,3.06,41974
2026-09-08T10:34:00.000Z,2026-09-08T13:34:00,3.06,3.06,3.05,3.05,74071
2026-09-08T10:35:00.000Z,2026-09-08T13:35:00,3.07,3.07,3.05,3.05,150039
2026-09-08T10:36:00.000Z,2026-09-08T13:36:00,3.06,3.06,3.06,3.06,11153
2026-09-08T10:37:00.000Z,2026-09-08T13:37:00,3.06,3.06,3.06,3.06,3911
2026-09-08T10:38:00.000Z,2026-09-08T13:38:00,3.06,3.06,3.05,3.05,5326
2026-09-08T10:39:00.000Z,2026-09-08T13:39:00,3.06,3.06,3.05,3.05,1261
2026-09-08T10:40:00.000Z,2026-09-08T13:40:00,3.06,3.06,3.05,3.05,75241
2026-09-08T10:41:00.000Z,2026-09-08T13:41:00,3.06,3.06,3.05,3.06,9426
2026-09-08T10:42:00.000Z,2026-09-08T13:42:00,3.05,3.05,3.05,3.05,5000
2026-09-08T10:43:00.000Z,2026-09-08T13:43:00,3.06,3.06,3.06,3.06,5538
2026-09-08T10:44:00.000Z,2026-09-08T13:44:00,3.06,3.06,3.06,3.06,118785
2026-09-08T10:45:00.000Z,2026-09-08T13:45:00,3.06,3.06,3.06,3.06,518347
2026-09-08T10:46:00.000Z,2026-09-08T13:46:00,3.06,3.06,3.06,3.06,575555
2026-09-08T10:47:00.000Z,2026-09-08T13:47:00,3.06,3.06,3.06,3.06,345836
2026-09-08T10:48:00.000Z,2026-09-08T13:48:00,3.06,3.06,3.06,3.06,378391
2026-09-08T10:49:00.000Z,2026-09-08T13:49:00,3.06,3.06,3.06,3.06,770507
2026-09-08T10:50:00.000Z,2026-09-08T13:50:00,3.06,3.07,3.06,3.06,261471
2026-09-08T10:51:00.000Z,2026-09-08T13:51:00,3.06,3.06,3.06,3.06,165755
2026-09-08T10:52:00.000Z,2026-09-08T13:52:00,3.06,3.06,3.05,3.05,113000
2026-09-08T10:53:00.000Z,2026-09-08T13:53:00,3.05,3.06,3.05,3.06,101700
2026-09-08T10:54:00.000Z,2026-09-08T13:54:00,3.05,3.06,3.05,3.05,75455
2026-09-08T10:55:00.000Z,2026-09-08T13:55:00,3.06,3.06,3.06,3.06,148
2026-09-08T10:56:00.000Z,2026-09-08T13:56:00,3.06,3.06,3.05,3.06,5046
2026-09-08T10:58:00.000Z,2026-09-08T13:58:00,3.05,3.05,3.05,3.05,87000
2026-09-08T10:59:00.000Z,2026-09-08T13:59:00,3.05,3.06,3.05,3.05,2008264
2026-09-08T11:00:00.000Z,2026-09-08T14:00:00,3.05,3.05,3.04,3.04,113977
2026-09-08T11:01:00.000Z,2026-09-08T14:01:00,3.04,3.04,3.04,3.04,57664
2026-09-08T11:02:00.000Z,2026-09-08T14:02:00,3.04,3.05,3.04,3.05,7371
2026-09-08T11:03:00.000Z,2026-09-08T14:03:00,3.05,3.05,3.05,3.05,100083
2026-09-08T11:04:00.000Z,2026-09-08T14:04:00,3.05,3.05,3.04,3.04,121083
2026-09-08T11:05:00.000Z,2026-09-08T14:05:00,3.05,3.05,3.05,3.05,36855
2026-09-08T11:06:00.000Z,2026-09-08T14:06:00,3.06,3.06,3.06,3.06,58428
2026-09-08T11:07:00.000Z,2026-09-08T14:07:00,3.05,3.05,3.05,3.05,7209
2026-09-08T11:08:00.000Z,2026-09-08T14:08:00,3.05,3.06,3.05,3.06,259926
2026-09-08T11:09:00.000Z,2026-09-08T14:09:00,3.06,3.07,3.06,3.06,501097
2026-09-08T11:10:00.000Z,2026-09-08T14:10:00,3.06,3.06,3.05,3.06,494989
2026-09-08T11:11:00.000Z,2026-09-08T14:11:00,3.06,3.07,3.06,3.06,167555
2026-09-08T11:12:00.000Z,2026-09-08T14:12:00,3.07,3.07,3.06,3.06,2711788
2026-09-08T11:13:00.000Z,2026-09-08T14:13:00,3.06,3.07,3.06,3.07,152975
2026-09-08T11:14:00.000Z,2026-09-08T14:14:00,3.07,3.08,3.06,3.08,121274
2026-09-08T11:25:00.000Z,2026-09-08T14:25:00,3.05,3.05,3.05,3.05,3924205
2026-09-08T11:26:00.000Z,2026-09-08T14:26:00,3.05,3.05,3.05,3.05,528971
2026-09-08T11:27:00.000Z,2026-09-08T14:27:00,3.05,3.05,3.05,3.05,15900
2026-09-08T11:28:00.000Z,2026-09-08T14:28:00,3.05,3.05,3.05,3.05,206811
2026-09-08T11:29:00.000Z,2026-09-08T14:29:00,3.05,3.05,3.05,3.05,114967
2026-09-09T07:00:00.000Z,2026-09-09T10:00:00,3.05,3.05,3.04,3.04,56651
2026-09-09T07:01:00.000Z,2026-09-09T10:01:00,3.05,3.05,3.04,3.05,153768
2026-09-09T07:02:00.000Z,2026-09-09T10:02:00,3.05,3.05,3.04,3.04,6632
2026-09-09T07:03:00.000Z,2026-09-09T10:03:00,3.04,3.05,3.04,3.05,55
2026-09-09T07:04:00.000Z,2026-09-09T10:04:00,3.05,3.07,3.05,3.07,35666
2026-09-09T07:05:00.000Z,2026-09-09T10:05:00,3.06,3.06,3.05,3.05,302
2026-09-09T07:06:00.000Z,2026-09-09T10:06:00,3.06,3.06,3.05,3.05,2810
2026-09-09T07:07:00.000Z,2026-09-09T10:07:00,3.05,3.06,3.05,3.05,226432
2026-09-09T07:08:00.000Z,2026-09-09T10:08:00,3.05,3.05,3.05,3.05,69456
2026-09-09T07:09:00.000Z,2026-09-09T10:09:00,3.05,3.07,3.05,3.07,17079
2026-09-09T07:10:00.000Z,2026-09-09T10:10:00,3.07,3.09,3.06,3.09,514530
2026-09-09T07:11:00.000Z,2026-09-09T10:11:00,3.08,3.09,3.08,3.09,2158
2026-09-09T07:12:00.000Z,2026-09-09T10:12:00,3.09,3.09,3.07,3.07,756
2026-09-09T07:13:00.000Z,2026-09-09T10:13:00,3.08,3.09,3.08,3.09,282727
2026-09-09T07:14:00.000Z,2026-09-09T10:14:00,3.09,3.09,3.08,3.08,150751
2026-09-09T07:15:00.000Z,2026-09-09T10:15:00,3.08,3.11,3.08,3.11,1334040
2026-09-09T07:16:00.000Z,2026-09-09T10:16:00,3.11,3.12,3.11,3.11,151954
2026-09-09T07:17:00.000Z,2026-09-09T10:17:00,3.11,3.11,3.1,3.1,338517
2026-09-09T07:18:00.000Z,2026-09-09T10:18:00,3.1,3.1,3.1,3.1,3500
2026-09-09T07:19:00.000Z,2026-09-09T10:19:00,3.1,3.1,3.08,3.08,20635
2026-09-09T07:20:00.000Z,2026-09-09T10:20:00,3.09,3.1,3.08,3.1,39451
2026-09-09T07:21:00.000Z,2026-09-09T10:21:00,3.09,3.09,3.09,3.09,68744
2026-09-09T07:22:00.000Z,2026-09-09T10:22:00,3.09,3.1,3.09,3.1,3500
2026-09-09T07:23:00.000Z,2026-09-09T10:23:00,3.09,3.1,3.09,3.09,113498
2026-09-09T07:24:00.000Z,2026-09-09T10:24:00,3.09,3.09,3.09,3.09,2976
2026-09-09T07:25:00.000Z,2026-09-09T10:25:00,3.09,3.09,3.09,3.09,10332
2026-09-09T07:26:00.000Z,2026-09-09T10:26:00,3.1,3.1,3.08,3.08,985198
2026-09-09T07:27:00.000Z,2026-09-09T10:27:00,3.08,3.08,3.08,3.08,60000
2026-09-09T07:28:00.000Z,2026-09-09T10:28:00,3.08,3.08,3.08,3.08,15000
2026-09-09T07:29:00.000Z,2026-09-09T10:29:00,3.07,3.09,3.07,3.09,6583
2026-09-09T07:30:00.000Z,2026-09-09T10:30:00,3.09,3.09,3.09,3.09,53668
2026-09-09T07:31:00.000Z,2026-09-09T10:31:00,3.09,3.09,3.08,3.08,157952
2026-09-09T07:32:00.000Z,2026-09-09T10:32:00,3.08,3.09,3.08,3.09,5226471
2026-09-09T07:33:00.000Z,2026-09-09T10:33:00,3.09,3.09,3.09,3.09,13
2026-09-09T07:34:00.000Z,2026-09-09T10:34:00,3.09,3.09,3.08,3.09,251341
2026-09-09T07:35:00.000Z,2026-09-09T10:35:00,3.09,3.09,3.09,3.09,6235
2026-09-09T07:36:00.000Z,2026-09-09T10:36:00,3.08,3.08,3.08,3.08,353709
2026-09-09T07:37:00.000Z,2026-09-09T10:37:00,3.09,3.09,3.08,3.08,430088
2026-09-09T07:38:00.000Z,2026-09-09T10:38:00,3.08,3.09,3.08,3.09,257297
2026-09-09T07:39:00.000Z,2026-09-09T10:39:00,3.09,3.1,3.09,3.09,235771
2026-09-09T07:40:00.000Z,2026-09-09T10:40:00,3.08,3.09,3.08,3.09,814308
2026-09-09T07:41:00.000Z,2026-09-09T10:41:00,3.07,3.08,3.07,3.08,359
2026-09-09T07:42:00.000Z,2026-09-09T10:42:00,3.08,3.09,3.08,3.09,2050046
2026-09-09T07:43:00.000Z,2026-09-09T10:43:00,3.09,3.09,3.09,3.09,353000
2026-09-09T07:44:00.000Z,2026-09-09T10:44:00,3.09,3.09,3.09,3.09,282155
2026-09-09T07:45:00.000Z,2026-09-09T10:45:00,3.09,3.09,3.09,3.09,5
2026-09-09T07:46:00.000Z,2026-09-09T10:46:00,3.08,3.08,3.08,3.08,2000
2026-09-09T07:47:00.000Z,2026-09-09T10:47:00,3.08,3.08,3.08,3.08,3300
2026-09-09T07:48:00.000Z,2026-09-09T10:48:00,3.08,3.09,3.08,3.08,5058
2026-09-09T07:50:00.000Z,2026-09-09T10:50:00,3.09,3.09,3.09,3.09,275035
2026-09-09T07:51:00.000Z,2026-09-09T10:51:00,3.09,3.1,3.09,3.09,1342285
2026-09-09T07:52:00.000Z,2026-09-09T10:52:00,3.1,3.1,3.1,3.1,375575
2026-09-09T07:53:00.000Z,2026-09-09T10:53:00,3.1,3.1,3.1,3.1,12898
2026-09-09T07:54:00.000Z,2026-09-09T10:54:00,3.1,3.1,3.1,3.1,21380
2026-09-09T07:55:00.000Z,2026-09-09T10:55:00,3.1,3.11,3.1,3.1,395398
2026-09-09T07:56:00.000Z,2026-09-09T10:56:00,3.11,3.11,3.11,3.11,53723
2026-09-09T07:57:00.000Z,2026-09-09T10:57:00,3.11,3.11,3.11,3.11,3059
2026-09-09T07:58:00.000Z,2026-09-09T10:58:00,3.1,3.11,3.1,3.11,109285
2026-09-09T07:59:00.000Z,2026-09-09T10:59:00,3.11,3.12,3.11,3.12,811063
2026-09-09T08:00:00.000Z,2026-09-09T11:00:00,3.12,3.12,3.11,3.11,236643
2026-09-09T08:01:00.000Z,2026-09-09T11:01:00,3.11,3.12,3.11,3.12,5896
2026-09-09T08:02:00.000Z,2026-09-09T11:02:00,3.12,3.12,3.11,3.12,6919
2026-09-09T08:03:00.000Z,2026-09-09T11:03:00,3.12,3.12,3.11,3.11,35882
2026-09-09T08:04:00.000Z,2026-09-09T11:04:00,3.11,3.11,3.11,3.11,7011
2026-09-09T08:05:00.000Z,2026-09-09T11:05:00,3.11,3.11,3.11,3.11,780169
2026-09-09T08:06:00.000Z,2026-09-09T11:06:00,3.11,3.11,3.11,3.11,15993
2026-09-09T08:07:00.000Z,2026-09-09T11:07:00,3.1,3.11,3.1,3.1,17527
2026-09-09T08:08:00.000Z,2026-09-09T11:08:00,3.1,3.1,3.1,3.1,169749
2026-09-09T08:09:00.000Z,2026-09-09T11:09:00,3.1,3.1,3.1,3.1,46490
2026-09-09T08:10:00.000Z,2026-09-09T11:10:00,3.1,3.11,3.1,3.11,88880
2026-09-09T08:11:00.000Z,2026-09-09T11:11:00,3.1,3.11,3.1,3.11,279603
2026-09-09T08:12:00.000Z,2026-09-09T11:12:00,3.1,3.1,3.1,3.1,6
2026-09-09T08:13:00.000Z,2026-09-09T11:13:00,3.1,3.11,3.1,3.11,64068
2026-09-09T08:14:00.000Z,2026-09-09T11:14:00,3.11,3.12,3.11,3.12,131356
2026-09-09T08:15:00.000Z,2026-09-09T11:15:00,3.12,3.12,3.11,3.11,25045
2026-09-09T08:16:00.000Z,2026-09-09T11:16:00,3.1,3.1,3.1,3.1,3233
2026-09-09T08:18:00.000Z,2026-09-09T11:18:00,3.1,3.1,3.1,3.1,5079
2026-09-09T08:19:00.000Z,2026-09-09T11:19:00,3.11,3.11,3.11,3.11,320
2026-09-09T08:20:00.000Z,2026-09-09T11:20:00,3.11,3.11,3.11,3.11,20
2026-09-09T08:22:00.000Z,2026-09-09T11:22:00,3.11,3.11,3.11,3.11,16008
2026-09-09T08:23:00.000Z,2026-09-09T11:23:00,3.11,3.11,3.11,3.11,5254957
2026-09-09T08:24:00.000Z,2026-09-09T11:24:00,3.11,3.11,3.11,3.11,306192
2026-09-09T08:25:00.000Z,2026-09-09T11:25:00,3.11,3.11,3.11,3.11,216482
2026-09-09T08:26:00.000Z,2026-09-09T11:26:00,3.11,3.11,3.11,3.11,123000
2026-09-09T08:27:00.000Z,2026-09-09T11:27:00,3.11,3.11,3.11,3.11,125
2026-09-09T08:28:00.000Z,2026-09-09T11:28:00,3.11,3.11,3.11,3.11,1005
2026-09-09T08:29:00.000Z,2026-09-09T11:29:00,3.1,3.1,3.1,3.1,500
2026-09-09T08:30:00.000Z,2026-09-09T11:30:00,3.1,3.1,3.1,3.1,650000
2026-09-09T08:31:00.000Z,2026-09-09T11:31:00,3.1,3.11,3.1,3.1,61070
2026-09-09T08:32:00.000Z,2026-09-09T11:32:00,3.11,3.11,3.11,3.11,781
2026-09-09T08:33:00.000Z,2026-09-09T11:33:00,3.1,3.11,3.1,3.11,35383
2026-09-09T08:34:00.000Z,2026-09-09T11:34:00,3.11,3.11,3.1,3.1,1970
2026-09-09T08:35:00.000Z,2026-09-09T11:35:00,3.1,3.1,3.1,3.1,25100
2026-09-09T08:36:00.000Z,2026-09-09T11:36:00,3.1,3.11,3.1,3.11,118370
2026-09-09T08:37:00.000Z,2026-09-09T11:37:00,3.1,3.11,3.1,3.1,586799
2026-09-09T08:38:00.000Z,2026-09-09T11:38:00,3.1,3.1,3.1,3.1,10000
2026-09-09T08:39:00.000Z,2026-09-09T11:39:00,3.1,3.1,3.1,3.1,45019
2026-09-09T08:40:00.000Z,2026-09-09T11:40:00,3.1,3.1,3.1,3.1,20000
2026-09-09T08:41:00.000Z,2026-09-09T11:41:00,3.11,3.11,3.1,3.11,73119
2026-09-09T08:42:00.000Z,2026-09-09T11:42:00,3.11,3.11,3.1,3.1,909610
2026-09-09T08:44:00.000Z,2026-09-09T11:44:00,3.1,3.1,3.1,3.1,19610
2026-09-09T08:45:00.000Z,2026-09-09T11:45:00,3.09,3.1,3.09,3.1,2215
2026-09-09T08:46:00.000Z,2026-09-09T11:46:00,3.09,3.1,3.09,3.1,3955
2026-09-09T08:47:00.000Z,2026-09-09T11:47:00,3.1,3.1,3.1,3.1,56568
2026-09-09T08:48:00.000Z,2026-09-09T11:48:00,3.1,3.1,3.1,3.1,187102
2026-09-09T08:50:00.000Z,2026-09-09T11:50:00,3.09,3.09,3.09,3.09,193
2026-09-09T08:51:00.000Z,2026-09-09T11:51:00,3.1,3.1,3.09,3.09,303300
2026-09-09T08:52:00.000Z,2026-09-09T11:52:00,3.09,3.09,3.09,3.09,2000
2026-09-09T08:53:00.000Z,2026-09-09T11:53:00,3.1,3.1,3.1,3.1,4
2026-09-09T08:54:00.000Z,2026-09-09T11:54:00,3.1,3.1,3.1,3.1,3000
2026-09-09T08:55:00.000Z,2026-09-09T11:55:00,3.09,3.1,3.09,3.09,27916
2026-09-09T08:56:00.000Z,2026-09-09T11:56:00,3.09,3.1,3.09,3.1,6075
2026-09-09T08:57:00.000Z,2026-09-09T11:57:00,3.09,3.09,3.09,3.09,11030
2026-09-09T08:58:00.000Z,2026-09-09T11:58:00,3.09,3.1,3.09,3.09,408960
2026-09-09T08:59:00.000Z,2026-09-09T11:59:00,3.1,3.1,3.09,3.1,11174
2026-09-09T09:00:00.000Z,2026-09-09T12:00:00,3.1,3.1,3.1,3.1,300
2026-09-09T09:01:00.000Z,2026-09-09T12:01:00,3.09,3.09,3.09,3.09,15633
2026-09-09T09:02:00.000Z,2026-09-09T12:02:00,3.09,3.09,3.09,3.09,1699
2026-09-09T09:03:00.000Z,2026-09-09T12:03:00,3.09,3.09,3.09,3.09,2200
2026-09-09T09:04:00.000Z,2026-09-09T12:04:00,3.09,3.1,3.09,3.1,41687
2026-09-09T09:05:00.000Z,2026-09-09T12:05:00,3.1,3.1,3.1,3.1,259
2026-09-09T09:06:00.000Z,2026-09-09T12:06:00,3.1,3.1,3.09,3.09,3511400
2026-09-09T09:07:00.000Z,2026-09-09T12:07:00,3.1,3.11,3.1,3.11,5187710
2026-09-09T09:08:00.000Z,2026-09-09T12:08:00,3.11,3.11,3.1,3.1,628779
2026-09-09T09:09:00.000Z,2026-09-09T12:09:00,3.11,3.11,3.09,3.09,10533
2026-09-09T09:10:00.000Z,2026-09-09T12:10:00,3.09,3.09,3.09,3.09,20000
2026-09-09T09:11:00.000Z,2026-09-09T12:11:00,3.09,3.1,3.09,3.1,43101
2026-09-09T09:12:00.000Z,2026-09-09T12:12:00,3.1,3.1,3.1,3.1,3978
2026-09-09T09:13:00.000Z,2026-09-09T12:13:00,3.1,3.1,3.09,3.09,1142
2026-09-09T09:14:00.000Z,2026-09-09T12:14:00,3.1,3.1,3.1,3.1,47
2026-09-09T09:15:00.000Z,2026-09-09T12:15:00,3.1,3.1,3.1,3.1,61
2026-09-09T09:16:00.000Z,2026-09-09T12:16:00,3.1,3.1,3.1,3.1,1253
2026-09-09T09:17:00.000Z,2026-09-09T12:17:00,3.1,3.1,3.1,3.1,894
2026-09-09T09:18:00.000Z,2026-09-09T12:18:00,3.1,3.1,3.09,3.09,7885
2026-09-09T09:19:00.000Z,2026-09-09T12:19:00,3.09,3.09,3.09,3.09,4013
2026-09-09T09:20:00.000Z,2026-09-09T12:20:00,3.09,3.09,3.09,3.09,284
2026-09-09T09:21:00.000Z,2026-09-09T12:21:00,3.09,3.09,3.09,3.09,61
2026-09-09T09:23:00.000Z,2026-09-09T12:23:00,3.09,3.1,3.09,3.09,20030
2026-09-09T09:24:00.000Z,2026-09-09T12:24:00,3.09,3.09,3.09,3.09,42555
2026-09-09T09:25:00.000Z,2026-09-09T12:25:00,3.1,3.1,3.1,3.1,1022
2026-09-09T09:26:00.000Z,2026-09-09T12:26:00,3.1,3.1,3.1,3.1,15026
2026-09-09T09:27:00.000Z,2026-09-09T12:27:00,3.09,3.1,3.09,3.1,8651
2026-09-09T09:28:00.000Z,2026-09-09T12:28:00,3.09,3.1,3.09,3.09,10169
2026-09-09T09:29:00.000Z,2026-09-09T12:29:00,3.09,3.09,3.09,3.09,57181
2026-09-09T09:30:00.000Z,2026-09-09T12:30:00,3.09,3.09,3.09,3.09,6000
2026-09-09T09:31:00.000Z,2026-09-09T12:31:00,3.09,3.09,3.09,3.09,3978
2026-09-09T09:32:00.000Z,2026-09-09T12:32:00,3.09,3.09,3.09,3.09,4000
2026-09-09T09:33:00.000Z,2026-09-09T12:33:00,3.09,3.09,3.09,3.09,6472
2026-09-09T09:34:00.000Z,2026-09-09T12:34:00,3.09,3.1,3.09,3.1,12004
2026-09-09T09:35:00.000Z,2026-09-09T12:35:00,3.09,3.09,3.09,3.09,5000
2026-09-09T09:36:00.000Z,2026-09-09T12:36:00,3.1,3.1,3.09,3.09,45262
2026-09-09T09:37:00.000Z,2026-09-09T12:37:00,3.09,3.09,3.09,3.09,11557
2026-09-09T09:38:00.000Z,2026-09-09T12:38:00,3.09,3.09,3.09,3.09,8703
2026-09-09T09:39:00.000Z,2026-09-09T12:39:00,3.1,3.1,3.1,3.1,10
2026-09-09T09:40:00.000Z,2026-09-09T12:40:00,3.09,3.09,3.09,3.09,17000
2026-09-09T09:41:00.000Z,2026-09-09T12:41:00,3.09,3.1,3.09,3.1,50300
2026-09-09T09:42:00.000Z,2026-09-09T12:42:00,3.09,3.09,3.09,3.09,14000
2026-09-09T09:43:00.000Z,2026-09-09T12:43:00,3.09,3.09,3.09,3.09,3352
2026-09-09T09:44:00.000Z,2026-09-09T12:44:00,3.09,3.09,3.09,3.09,2265
2026-09-09T09:46:00.000Z,2026-09-09T12:46:00,3.09,3.09,3.09,3.09,970
2026-09-09T09:48:00.000Z,2026-09-09T12:48:00,3.1,3.1,3.09,3.09,7118
2026-09-09T09:49:00.000Z,2026-09-09T12:49:00,3.09,3.1,3.09,3.1,2650
2026-09-09T09:50:00.000Z,2026-09-09T12:50:00,3.09,3.09,3.09,3.09,362191
2026-09-09T09:51:00.000Z,2026-09-09T12:51:00,3.08,3.09,3.08,3.09,13156
2026-09-09T09:52:00.000Z,2026-09-09T12:52:00,3.08,3.08,3.08,3.08,100000
2026-09-09T09:53:00.000Z,2026-09-09T12:53:00,3.09,3.09,3.09,3.09,200000
2026-09-09T09:54:00.000Z,2026-09-09T12:54:00,3.09,3.09,3.09,3.09,873525
2026-09-09T09:55:00.000Z,2026-09-09T12:55:00,3.09,3.1,3.09,3.09,499279
2026-09-09T09:56:00.000Z,2026-09-09T12:56:00,3.09,3.1,3.08,3.09,416483
2026-09-09T09:57:00.000Z,2026-09-09T12:57:00,3.08,3.09,3.08,3.09,193322
2026-09-09T09:59:00.000Z,2026-09-09T12:59:00,3.09,3.09,3.09,3.09,36000
2026-09-09T10:00:00.000Z,2026-09-09T13:00:00,3.09,3.1,3.09,3.1,23106
2026-09-09T10:01:00.000Z,2026-09-09T13:01:00,3.1,3.1,3.09,3.09,2326
2026-09-09T10:04:00.000Z,2026-09-09T13:04:00,3.1,3.1,3.1,3.1,20000
2026-09-09T10:05:00.000Z,2026-09-09T13:05:00,3.09,3.09,3.09,3.09,5000
2026-09-09T10:06:00.000Z,2026-09-09T13:06:00,3.1,3.1,3.1,3.1,7
2026-09-09T10:07:00.000Z,2026-09-09T13:07:00,3.09,3.09,3.09,3.09,4721
2026-09-09T10:11:00.000Z,2026-09-09T13:11:00,3.1,3.1,3.09,3.1,11471
2026-09-09T10:12:00.000Z,2026-09-09T13:12:00,3.09,3.09,3.09,3.09,200
2026-09-09T10:13:00.000Z,2026-09-09T13:13:00,3.09,3.1,3.09,3.09,4799
2026-09-09T10:14:00.000Z,2026-09-09T13:14:00,3.09,3.1,3.09,3.09,216461
2026-09-09T10:16:00.000Z,2026-09-09T13:16:00,3.1,3.1,3.1,3.1,1290
2026-09-09T10:17:00.000Z,2026-09-09T13:17:00,3.1,3.1,3.09,3.09,504371
2026-09-09T10:19:00.000Z,2026-09-09T13:19:00,3.1,3.1,3.1,3.1,1298889
2026-09-09T10:20:00.000Z,2026-09-09T13:20:00,3.11,3.11,3.1,3.1,626671
2026-09-09T10:22:00.000Z,2026-09-09T13:22:00,3.09,3.1,3.09,3.1,1570
2026-09-09T10:23:00.000Z,2026-09-09T13:23:00,3.1,3.1,3.1,3.1,4458
2026-09-09T10:24:00.000Z,2026-09-09T13:24:00,3.1,3.1,3.1,3.1,153
2026-09-09T10:25:00.000Z,2026-09-09T13:25:00,3.1,3.1,3.09,3.09,8340
2026-09-09T10:26:00.000Z,2026-09-09T13:26:00,3.09,3.1,3.09,3.1,192469
2026-09-09T10:27:00.000Z,2026-09-09T13:27:00,3.1,3.11,3.1,3.11,197949
2026-09-09T10:28:00.000Z,2026-09-09T13:28:00,3.11,3.11,3.11,3.11,413000
2026-09-09T10:29:00.000Z,2026-09-09T13:29:00,3.11,3.11,3.1,3.11,942912
2026-09-09T10:30:00.000Z,2026-09-09T13:30:00,3.1,3.1,3.1,3.1,1160
2026-09-09T10:31:00.000Z,2026-09-09T13:31:00,3.1,3.11,3.1,3.11,21564
2026-09-09T10:32:00.000Z,2026-09-09T13:32:00,3.11,3.11,3.1,3.1,5644
2026-09-09T10:33:00.000Z,2026-09-09T13:33:00,3.1,3.1,3.1,3.1,7429
2026-09-09T10:34:00.000Z,2026-09-09T13:34:00,3.11,3.11,3.11,3.11,3
2026-09-09T10:35:00.000Z,2026-09-09T13:35:00,3.1,3.11,3.1,3.11,310339
2026-09-09T10:36:00.000Z,2026-09-09T13:36:00,3.11,3.11,3.1,3.1,97377
2026-09-09T10:37:00.000Z,2026-09-09T13:37:00,3.1,3.11,3.1,3.11,4182
2026-09-09T10:38:00.000Z,2026-09-09T13:38:00,3.1,3.1,3.1,3.1,10
2026-09-09T10:40:00.000Z,2026-09-09T13:40:00,3.1,3.11,3.1,3.1,70097
2026-09-09T10:41:00.000Z,2026-09-09T13:41:00,3.1,3.1,3.1,3.1,50000
2026-09-09T10:42:00.000Z,2026-09-09T13:42:00,3.1,3.11,3.1,3.11,71200
2026-09-09T10:43:00.000Z,2026-09-09T13:43:00,3.11,3.11,3.1,3.1,980
2026-09-09T10:44:00.000Z,2026-09-09T13:44:00,3.1,3.11,3.1,3.11,32008
2026-09-09T10:45:00.000Z,2026-09-09T13:45:00,3.1,3.11,3.1,3.11,9009
2026-09-09T10:46:00.000Z,2026-09-09T13:46:00,3.1,3.1,3.1,3.1,6882
2026-09-09T10:47:00.000Z,2026-09-09T13:47:00,3.1,3.11,3.1,3.1,5196
2026-09-09T10:49:00.000Z,2026-09-09T13:49:00,3.1,3.11,3.1,3.11,20503
2026-09-09T10:50:00.000Z,2026-09-09T13:50:00,3.11,3.11,3.1,3.1,50500
2026-09-09T10:51:00.000Z,2026-09-09T13:51:00,3.1,3.11,3.1,3.11,301806
2026-09-09T10:52:00.000Z,2026-09-09T13:52:00,3.11,3.11,3.11,3.11,111946
2026-09-09T10:53:00.000Z,2026-09-09T13:53:00,3.11,3.11,3.11,3.11,5067
2026-09-09T10:54:00.000Z,2026-09-09T13:54:00,3.11,3.11,3.1,3.11,3321
2026-09-09T10:55:00.000Z,2026-09-09T13:55:00,3.11,3.11,3.1,3.11,102272
2026-09-09T10:56:00.000Z,2026-09-09T13:56:00,3.1,3.11,3.1,3.11,10185
2026-09-09T10:57:00.000Z,2026-09-09T13:57:00,3.1,3.1,3.1,3.1,13950
2026-09-09T10:58:00.000Z,2026-09-09T13:58:00,3.1,3.1,3.1,3.1,1409494
2026-09-09T10:59:00.000Z,2026-09-09T13:59:00,3.1,3.1,3.1,3.1,199195
2026-09-09T11:00:00.000Z,2026-09-09T14:00:00,3.1,3.1,3.1,3.1,25677
2026-09-09T11:01:00.000Z,2026-09-09T14:01:00,3.1,3.1,3.1,3.1,100000
2026-09-09T11:02:00.000Z,2026-09-09T14:02:00,3.1,3.1,3.1,3.1,1750007
2026-09-09T11:03:00.000Z,2026-09-09T14:03:00,3.1,3.1,3.1,3.1,3114
2026-09-09T11:04:00.000Z,2026-09-09T14:04:00,3.09,3.1,3.09,3.1,129261
2026-09-09T11:05:00.000Z,2026-09-09T14:05:00,3.1,3.1,3.1,3.1,10922
2026-09-09T11:06:00.000Z,2026-09-09T14:06:00,3.1,3.1,3.09,3.09,195896
2026-09-09T11:07:00.000Z,2026-09-09T14:07:00,3.09,3.1,3.09,3.1,70000
2026-09-09T11:08:00.000Z,2026-09-09T14:08:00,3.09,3.09,3.09,3.09,10000
2026-09-09T11:09:00.000Z,2026-09-09T14:09:00,3.1,3.1,3.1,3.1,150225
2026-09-09T11:10:00.000Z,2026-09-09T14:10:00,3.1,3.1,3.09,3.09,1092
2026-09-09T11:11:00.000Z,2026-09-09T14:11:00,3.09,3.09,3.09,3.09,20000
2026-09-09T11:12:00.000Z,2026-09-09T14:12:00,3.09,3.1,3.09,3.09,2137320
2026-09-09T11:13:00.000Z,2026-09-09T14:13:00,3.09,3.09,3.09,3.09,188019
2026-09-09T11:14:00.000Z,2026-09-09T14:14:00,3.09,3.1,3.09,3.1,589939
2026-09-09T11:15:00.000Z,2026-09-09T14:15:00,3.1,3.1,3.1,3.1,1920
2026-09-09T11:25:00.000Z,2026-09-09T14:25:00,3.1,3.1,3.1,3.1,3185192
2026-09-09T11:26:00.000Z,2026-09-09T14:26:00,3.1,3.1,3.1,3.1,5800
2026-09-09T11:28:00.000Z,2026-09-09T14:28:00,3.1,3.1,3.1,3.1,25245
2026-09-09T11:29:00.000Z,2026-09-09T14:29:00,3.1,3.1,3.1,3.1,57000
2026-09-10T07:00:00.000Z,2026-09-10T10:00:00,3.09,3.12,3.09,3.12,269186
2026-09-10T07:01:00.000Z,2026-09-10T10:01:00,3.1,3.12,3.1,3.12,130759
2026-09-10T07:02:00.000Z,2026-09-10T10:02:00,3.11,3.12,3.11,3.12,101329
2026-09-10T07:03:00.000Z,2026-09-10T10:03:00,3.12,3.13,3.12,3.13,11522
2026-09-10T07:05:00.000Z,2026-09-10T10:05:00,3.13,3.13,3.13,3.13,400000
2026-09-10T07:06:00.000Z,2026-09-10T10:06:00,3.13,3.13,3.11,3.13,2910191
2026-09-10T07:07:00.000Z,2026-09-10T10:07:00,3.14,3.14,3.12,3.13,690995
2026-09-10T07:08:00.000Z,2026-09-10T10:08:00,3.13,3.13,3.12,3.12,109081
2026-09-10T07:09:00.000Z,2026-09-10T10:09:00,3.12,3.13,3.12,3.13,418828
2026-09-10T07:10:00.000Z,2026-09-10T10:10:00,3.13,3.14,3.13,3.13,353463
2026-09-10T07:11:00.000Z,2026-09-10T10:11:00,3.13,3.14,3.13,3.14,1284931
2026-09-10T07:12:00.000Z,2026-09-10T10:12:00,3.15,3.15,3.13,3.14,6022276
2026-09-10T07:13:00.000Z,2026-09-10T10:13:00,3.14,3.16,3.14,3.16,1892358
2026-09-10T07:14:00.000Z,2026-09-10T10:14:00,3.16,3.17,3.15,3.17,556928
2026-09-10T07:15:00.000Z,2026-09-10T10:15:00,3.16,3.18,3.16,3.18,732706
2026-09-10T07:16:00.000Z,2026-09-10T10:16:00,3.18,3.18,3.17,3.17,484861
2026-09-10T07:17:00.000Z,2026-09-10T10:17:00,3.17,3.17,3.16,3.17,467244
2026-09-10T07:18:00.000Z,2026-09-10T10:18:00,3.16,3.17,3.16,3.16,1031129
2026-09-10T07:19:00.000Z,2026-09-10T10:19:00,3.17,3.17,3.16,3.16,1213650
2026-09-10T07:20:00.000Z,2026-09-10T10:20:00,3.16,3.17,3.15,3.17,1062777
2026-09-10T07:21:00.000Z,2026-09-10T10:21:00,3.17,3.17,3.16,3.16,62290
2026-09-10T07:22:00.000Z,2026-09-10T10:22:00,3.17,3.17,3.16,3.17,11248
2026-09-10T07:23:00.000Z,2026-09-10T10:23:00,3.17,3.17,3.16,3.16,507115
2026-09-10T07:24:00.000Z,2026-09-10T10:24:00,3.17,3.17,3.16,3.17,313539
2026-09-10T07:25:00.000Z,2026-09-10T10:25:00,3.16,3.16,3.16,3.16,519499
2026-09-10T07:26:00.000Z,2026-09-10T10:26:00,3.16,3.16,3.16,3.16,38617
2026-09-10T07:27:00.000Z,2026-09-10T10:27:00,3.16,3.17,3.15,3.16,1664547
2026-09-10T07:28:00.000Z,2026-09-10T10:28:00,3.16,3.16,3.15,3.15,651736
2026-09-10T07:29:00.000Z,2026-09-10T10:29:00,3.15,3.16,3.15,3.15,728258
2026-09-10T07:30:00.000Z,2026-09-10T10:30:00,3.15,3.16,3.15,3.15,413955
2026-09-10T07:31:00.000Z,2026-09-10T10:31:00,3.15,3.16,3.15,3.15,7590
2026-09-10T07:32:00.000Z,2026-09-10T10:32:00,3.16,3.16,3.15,3.15,2410
2026-09-10T07:33:00.000Z,2026-09-10T10:33:00,3.15,3.16,3.15,3.16,69677
2026-09-10T07:34:00.000Z,2026-09-10T10:34:00,3.15,3.15,3.15,3.15,218553
2026-09-10T07:35:00.000Z,2026-09-10T10:35:00,3.15,3.15,3.13,3.14,535912
2026-09-10T07:36:00.000Z,2026-09-10T10:36:00,3.16,3.16,3.15,3.15,2576
2026-09-10T07:37:00.000Z,2026-09-10T10:37:00,3.15,3.15,3.14,3.14,494
2026-09-10T07:38:00.000Z,2026-09-10T10:38:00,3.15,3.16,3.15,3.15,251978
2026-09-10T07:39:00.000Z,2026-09-10T10:39:00,3.14,3.15,3.14,3.15,348180
2026-09-10T07:40:00.000Z,2026-09-10T10:40:00,3.15,3.15,3.14,3.14,287
2026-09-10T07:41:00.000Z,2026-09-10T10:41:00,3.15,3.16,3.15,3.16,84753
2026-09-10T07:42:00.000Z,2026-09-10T10:42:00,3.15,3.16,3.15,3.15,499410
2026-09-10T07:43:00.000Z,2026-09-10T10:43:00,3.15,3.15,3.15,3.15,168687
2026-09-10T07:44:00.000Z,2026-09-10T10:44:00,3.15,3.15,3.15,3.15,111460
2026-09-10T07:45:00.000Z,2026-09-10T10:45:00,3.15,3.16,3.15,3.16,19095
2026-09-10T07:46:00.000Z,2026-09-10T10:46:00,3.15,3.15,3.15,3.15,505825
2026-09-10T07:47:00.000Z,2026-09-10T10:47:00,3.15,3.16,3.15,3.16,833502
2026-09-10T07:48:00.000Z,2026-09-10T10:48:00,3.17,3.17,3.16,3.16,843386
2026-09-10T07:49:00.000Z,2026-09-10T10:49:00,3.16,3.17,3.15,3.15,577632
2026-09-10T07:50:00.000Z,2026-09-10T10:50:00,3.16,3.17,3.16,3.17,1100079
2026-09-10T07:51:00.000Z,2026-09-10T10:51:00,3.17,3.17,3.17,3.17,74
2026-09-10T07:52:00.000Z,2026-09-10T10:52:00,3.17,3.17,3.15,3.15,19485
2026-09-10T07:53:00.000Z,2026-09-10T10:53:00,3.16,3.17,3.16,3.17,23913
2026-09-10T07:54:00.000Z,2026-09-10T10:54:00,3.16,3.16,3.16,3.16,405400
2026-09-10T07:55:00.000Z,2026-09-10T10:55:00,3.16,3.17,3.16,3.16,150920
2026-09-10T07:56:00.000Z,2026-09-10T10:56:00,3.16,3.16,3.15,3.15,20158
2026-09-10T07:57:00.000Z,2026-09-10T10:57:00,3.15,3.16,3.15,3.15,751750
2026-09-10T07:58:00.000Z,2026-09-10T10:58:00,3.15,3.16,3.15,3.16,10599
2026-09-10T07:59:00.000Z,2026-09-10T10:59:00,3.16,3.16,3.15,3.16,48785
2026-09-10T08:00:00.000Z,2026-09-10T11:00:00,3.15,3.16,3.15,3.16,10850
2026-09-10T08:01:00.000Z,2026-09-10T11:01:00,3.15,3.16,3.15,3.15,20161
2026-09-10T08:02:00.000Z,2026-09-10T11:02:00,3.16,3.16,3.16,3.16,50
2026-09-10T08:03:00.000Z,2026-09-10T11:03:00,3.15,3.15,3.15,3.15,100000
2026-09-10T08:04:00.000Z,2026-09-10T11:04:00,3.15,3.15,3.15,3.15,10487
2026-09-10T08:05:00.000Z,2026-09-10T11:05:00,3.15,3.15,3.14,3.14,848
2026-09-10T08:06:00.000Z,2026-09-10T11:06:00,3.14,3.15,3.14,3.15,20189
2026-09-10T08:07:00.000Z,2026-09-10T11:07:00,3.14,3.14,3.14,3.14,183733
2026-09-10T08:08:00.000Z,2026-09-10T11:08:00,3.14,3.14,3.13,3.13,10649
2026-09-10T08:09:00.000Z,2026-09-10T11:09:00,3.14,3.14,3.13,3.13,105838
2026-09-10T08:10:00.000Z,2026-09-10T11:10:00,3.13,3.14,3.13,3.14,30890
2026-09-10T08:11:00.000Z,2026-09-10T11:11:00,3.15,3.15,3.15,3.15,5000
2026-09-10T08:12:00.000Z,2026-09-10T11:12:00,3.15,3.15,3.15,3.15,100266
2026-09-10T08:13:00.000Z,2026-09-10T11:13:00,3.14,3.15,3.14,3.15,5044
2026-09-10T08:14:00.000Z,2026-09-10T11:14:00,3.14,3.16,3.14,3.16,11352
2026-09-10T08:17:00.000Z,2026-09-10T11:17:00,3.15,3.15,3.14,3.14,40504
2026-09-10T08:18:00.000Z,2026-09-10T11:18:00,3.15,3.15,3.15,3.15,254
2026-09-10T08:19:00.000Z,2026-09-10T11:19:00,3.14,3.14,3.14,3.14,8686
2026-09-10T08:20:00.000Z,2026-09-10T11:20:00,3.15,3.15,3.14,3.14,2318
2026-09-10T08:21:00.000Z,2026-09-10T11:21:00,3.15,3.15,3.15,3.15,233673
2026-09-10T08:22:00.000Z,2026-09-10T11:22:00,3.15,3.15,3.15,3.15,5350
2026-09-10T08:23:00.000Z,2026-09-10T11:23:00,3.15,3.15,3.15,3.15,7620
2026-09-10T08:24:00.000Z,2026-09-10T11:24:00,3.15,3.16,3.15,3.16,3003558
2026-09-10T08:25:00.000Z,2026-09-10T11:25:00,3.15,3.16,3.15,3.16,51342
2026-09-10T08:26:00.000Z,2026-09-10T11:26:00,3.15,3.15,3.15,3.15,9803
2026-09-10T08:27:00.000Z,2026-09-10T11:27:00,3.16,3.16,3.16,3.16,204250
2026-09-10T08:28:00.000Z,2026-09-10T11:28:00,3.15,3.16,3.14,3.16,3099748
2026-09-10T08:29:00.000Z,2026-09-10T11:29:00,3.16,3.16,3.16,3.16,75802
2026-09-10T08:30:00.000Z,2026-09-10T11:30:00,3.16,3.16,3.15,3.16,2637000
2026-09-10T08:31:00.000Z,2026-09-10T11:31:00,3.16,3.16,3.16,3.16,331138
2026-09-10T08:32:00.000Z,2026-09-10T11:32:00,3.17,3.17,3.16,3.16,3946
2026-09-10T08:33:00.000Z,2026-09-10T11:33:00,3.16,3.19,3.16,3.18,3116673
2026-09-10T08:34:00.000Z,2026-09-10T11:34:00,3.17,3.2,3.17,3.2,5892894
2026-09-10T08:35:00.000Z,2026-09-10T11:35:00,3.2,3.21,3.2,3.21,855929
2026-09-10T08:36:00.000Z,2026-09-10T11:36:00,3.2,3.2,3.2,3.2,559068
2026-09-10T08:37:00.000Z,2026-09-10T11:37:00,3.2,3.2,3.18,3.18,209277
2026-09-10T08:38:00.000Z,2026-09-10T11:38:00,3.18,3.2,3.18,3.19,369089
2026-09-10T08:39:00.000Z,2026-09-10T11:39:00,3.2,3.2,3.18,3.2,681764
2026-09-10T08:40:00.000Z,2026-09-10T11:40:00,3.21,3.23,3.2,3.22,4967553
2026-09-10T08:41:00.000Z,2026-09-10T11:41:00,3.22,3.22,3.21,3.21,51242
2026-09-10T08:42:00.000Z,2026-09-10T11:42:00,3.21,3.21,3.19,3.2,3349287
2026-09-10T08:43:00.000Z,2026-09-10T11:43:00,3.19,3.2,3.19,3.2,398180
2026-09-10T08:44:00.000Z,2026-09-10T11:44:00,3.21,3.21,3.21,3.21,1138598
2026-09-10T08:45:00.000Z,2026-09-10T11:45:00,3.22,3.24,3.21,3.24,2906152
2026-09-10T08:46:00.000Z,2026-09-10T11:46:00,3.24,3.24,3.22,3.22,82271
2026-09-10T08:47:00.000Z,2026-09-10T11:47:00,3.22,3.24,3.22,3.24,370734
2026-09-10T08:48:00.000Z,2026-09-10T11:48:00,3.23,3.24,3.23,3.23,1489243
2026-09-10T08:49:00.000Z,2026-09-10T11:49:00,3.24,3.27,3.24,3.27,3187745
2026-09-10T08:50:00.000Z,2026-09-10T11:50:00,3.27,3.28,3.25,3.26,2979472
2026-09-10T08:51:00.000Z,2026-09-10T11:51:00,3.26,3.28,3.26,3.28,1325241
2026-09-10T08:52:00.000Z,2026-09-10T11:52:00,3.28,3.28,3.25,3.26,3382920
2026-09-10T08:53:00.000Z,2026-09-10T11:53:00,3.25,3.26,3.23,3.24,289975
2026-09-10T08:54:00.000Z,2026-09-10T11:54:00,3.24,3.26,3.24,3.26,187708
2026-09-10T08:55:00.000Z,2026-09-10T11:55:00,3.26,3.28,3.26,3.28,1332743
2026-09-10T08:56:00.000Z,2026-09-10T11:56:00,3.28,3.28,3.27,3.27,554031
2026-09-10T08:57:00.000Z,2026-09-10T11:57:00,3.27,3.28,3.26,3.27,43718
2026-09-10T08:58:00.000Z,2026-09-10T11:58:00,3.26,3.27,3.26,3.27,169070
2026-09-10T08:59:00.000Z,2026-09-10T11:59:00,3.27,3.28,3.26,3.28,226436
2026-09-10T09:00:00.000Z,2026-09-10T12:00:00,3.28,3.28,3.27,3.27,619364
2026-09-10T09:01:00.000Z,2026-09-10T12:01:00,3.27,3.27,3.26,3.27,101524
2026-09-10T09:02:00.000Z,2026-09-10T12:02:00,3.27,3.28,3.27,3.27,128009
2026-09-10T09:03:00.000Z,2026-09-10T12:03:00,3.28,3.28,3.26,3.26,126583
2026-09-10T09:04:00.000Z,2026-09-10T12:04:00,3.26,3.27,3.26,3.26,264985
2026-09-10T09:05:00.000Z,2026-09-10T12:05:00,3.26,3.27,3.26,3.27,641344
2026-09-10T09:06:00.000Z,2026-09-10T12:06:00,3.25,3.26,3.25,3.25,290362
2026-09-10T09:07:00.000Z,2026-09-10T12:07:00,3.26,3.27,3.25,3.26,236813
2026-09-10T09:08:00.000Z,2026-09-10T12:08:00,3.26,3.27,3.26,3.27,78160
2026-09-10T09:09:00.000Z,2026-09-10T12:09:00,3.27,3.27,3.25,3.25,314275
2026-09-10T09:10:00.000Z,2026-09-10T12:10:00,3.26,3.27,3.26,3.27,303369
2026-09-10T09:11:00.000Z,2026-09-10T12:11:00,3.26,3.27,3.25,3.27,207930
2026-09-10T09:12:00.000Z,2026-09-10T12:12:00,3.25,3.25,3.25,3.25,59798
2026-09-10T09:13:00.000Z,2026-09-10T12:13:00,3.25,3.25,3.25,3.25,12216
2026-09-10T09:14:00.000Z,2026-09-10T12:14:00,3.25,3.25,3.24,3.24,168455
2026-09-10T09:15:00.000Z,2026-09-10T12:15:00,3.25,3.25,3.24,3.24,30423
2026-09-10T09:16:00.000Z,2026-09-10T12:16:00,3.24,3.25,3.24,3.24,60723
2026-09-10T09:17:00.000Z,2026-09-10T12:17:00,3.24,3.25,3.24,3.25,105117
2026-09-10T09:18:00.000Z,2026-09-10T12:18:00,3.24,3.25,3.24,3.24,65575
2026-09-10T09:19:00.000Z,2026-09-10T12:19:00,3.24,3.25,3.23,3.24,184292
2026-09-10T09:20:00.000Z,2026-09-10T12:20:00,3.23,3.24,3.22,3.23,189412
2026-09-10T09:21:00.000Z,2026-09-10T12:21:00,3.23,3.27,3.23,3.27,897520
2026-09-10T09:22:00.000Z,2026-09-10T12:22:00,3.26,3.27,3.26,3.26,18643
2026-09-10T09:23:00.000Z,2026-09-10T12:23:00,3.26,3.27,3.25,3.26,317395
2026-09-10T09:24:00.000Z,2026-09-10T12:24:00,3.25,3.26,3.25,3.25,32572
2026-09-10T09:25:00.000Z,2026-09-10T12:25:00,3.25,3.26,3.25,3.26,129409
2026-09-10T09:26:00.000Z,2026-09-10T12:26:00,3.26,3.26,3.25,3.25,295166
2026-09-10T09:27:00.000Z,2026-09-10T12:27:00,3.25,3.26,3.25,3.25,832637
2026-09-10T09:28:00.000Z,2026-09-10T12:28:00,3.26,3.26,3.25,3.26,1076
2026-09-10T09:29:00.000Z,2026-09-10T12:29:00,3.26,3.26,3.25,3.25,86700
2026-09-10T09:30:00.000Z,2026-09-10T12:30:00,3.26,3.26,3.25,3.26,30252
2026-09-10T09:31:00.000Z,2026-09-10T12:31:00,3.25,3.26,3.25,3.26,115929
2026-09-10T09:32:00.000Z,2026-09-10T12:32:00,3.25,3.26,3.25,3.25,80520
2026-09-10T09:33:00.000Z,2026-09-10T12:33:00,3.25,3.25,3.25,3.25,1875
2026-09-10T09:34:00.000Z,2026-09-10T12:34:00,3.25,3.25,3.25,3.25,26354
2026-09-10T09:35:00.000Z,2026-09-10T12:35:00,3.25,3.27,3.25,3.27,62298
2026-09-10T09:36:00.000Z,2026-09-10T12:36:00,3.27,3.27,3.27,3.27,2862
2026-09-10T09:37:00.000Z,2026-09-10T12:37:00,3.27,3.27,3.26,3.26,3819
2026-09-10T09:38:00.000Z,2026-09-10T12:38:00,3.26,3.26,3.26,3.26,28754
2026-09-10T09:39:00.000Z,2026-09-10T12:39:00,3.27,3.27,3.26,3.26,200650
2026-09-10T09:40:00.000Z,2026-09-10T12:40:00,3.27,3.27,3.26,3.27,15998
2026-09-10T09:41:00.000Z,2026-09-10T12:41:00,3.27,3.27,3.26,3.26,10738
2026-09-10T09:42:00.000Z,2026-09-10T12:42:00,3.27,3.27,3.26,3.26,40426
2026-09-10T09:43:00.000Z,2026-09-10T12:43:00,3.26,3.27,3.26,3.27,48911
2026-09-10T09:44:00.000Z,2026-09-10T12:44:00,3.27,3.27,3.26,3.26,537794
2026-09-10T09:45:00.000Z,2026-09-10T12:45:00,3.26,3.26,3.26,3.26,49170
2026-09-10T09:46:00.000Z,2026-09-10T12:46:00,3.27,3.27,3.25,3.25,52807
2026-09-10T09:47:00.000Z,2026-09-10T12:47:00,3.26,3.27,3.26,3.27,3093
2026-09-10T09:48:00.000Z,2026-09-10T12:48:00,3.26,3.26,3.26,3.26,44039
2026-09-10T09:49:00.000Z,2026-09-10T12:49:00,3.26,3.26,3.26,3.26,97
2026-09-10T09:50:00.000Z,2026-09-10T12:50:00,3.26,3.26,3.26,3.26,59195
2026-09-10T09:51:00.000Z,2026-09-10T12:51:00,3.27,3.27,3.25,3.26,40328
2026-09-10T09:52:00.000Z,2026-09-10T12:52:00,3.26,3.26,3.25,3.26,8554
2026-09-10T09:53:00.000Z,2026-09-10T12:53:00,3.25,3.25,3.25,3.25,6157
2026-09-10T09:54:00.000Z,2026-09-10T12:54:00,3.26,3.26,3.26,3.26,1006
2026-09-10T09:55:00.000Z,2026-09-10T12:55:00,3.26,3.26,3.25,3.26,86095
2026-09-10T09:56:00.000Z,2026-09-10T12:56:00,3.26,3.26,3.26,3.26,135569
2026-09-10T09:57:00.000Z,2026-09-10T12:57:00,3.26,3.26,3.26,3.26,47654
2026-09-10T09:58:00.000Z,2026-09-10T12:58:00,3.26,3.27,3.26,3.27,2688
2026-09-10T09:59:00.000Z,2026-09-10T12:59:00,3.26,3.27,3.26,3.27,37850
2026-09-10T10:00:00.000Z,2026-09-10T13:00:00,3.26,3.27,3.26,3.26,11000
2026-09-10T10:01:00.000Z,2026-09-10T13:01:00,3.27,3.27,3.26,3.26,51746
2026-09-10T10:02:00.000Z,2026-09-10T13:02:00,3.27,3.27,3.26,3.27,475076
2026-09-10T10:03:00.000Z,2026-09-10T13:03:00,3.27,3.27,3.27,3.27,120503
2026-09-10T10:04:00.000Z,2026-09-10T13:04:00,3.27,3.28,3.27,3.27,114604
2026-09-10T10:05:00.000Z,2026-09-10T13:05:00,3.28,3.31,3.28,3.28,6006100
2026-09-10T10:06:00.000Z,2026-09-10T13:06:00,3.28,3.31,3.28,3.31,134530
2026-09-10T10:07:00.000Z,2026-09-10T13:07:00,3.31,3.33,3.3,3.33,2197111
2026-09-10T10:08:00.000Z,2026-09-10T13:08:00,3.33,3.35,3.32,3.35,2456894
2026-09-10T10:09:00.000Z,2026-09-10T13:09:00,3.35,3.37,3.35,3.36,527807
2026-09-10T10:10:00.000Z,2026-09-10T13:10:00,3.36,3.36,3.34,3.34,228169
2026-09-10T10:11:00.000Z,2026-09-10T13:11:00,3.33,3.33,3.3,3.32,257315
2026-09-10T10:12:00.000Z,2026-09-10T13:12:00,3.3,3.33,3.3,3.33,78161
2026-09-10T10:13:00.000Z,2026-09-10T13:13:00,3.33,3.34,3.32,3.33,60400
2026-09-10T10:14:00.000Z,2026-09-10T13:14:00,3.33,3.34,3.3,3.3,579887
2026-09-10T10:15:00.000Z,2026-09-10T13:15:00,3.33,3.33,3.33,3.33,360
2026-09-10T10:16:00.000Z,2026-09-10T13:16:00,3.33,3.34,3.31,3.34,174944
2026-09-10T10:17:00.000Z,2026-09-10T13:17:00,3.33,3.34,3.33,3.33,41323
2026-09-10T10:18:00.000Z,2026-09-10T13:18:00,3.34,3.34,3.33,3.34,93428
2026-09-10T10:19:00.000Z,2026-09-10T13:19:00,3.34,3.35,3.34,3.35,101638
2026-09-10T10:20:00.000Z,2026-09-10T13:20:00,3.35,3.36,3.34,3.35,349414
2026-09-10T10:21:00.000Z,2026-09-10T13:21:00,3.35,3.36,3.35,3.36,43799
2026-09-10T10:22:00.000Z,2026-09-10T13:22:00,3.35,3.36,3.35,3.36,260669
2026-09-10T10:23:00.000Z,2026-09-10T13:23:00,3.36,3.36,3.35,3.35,175255
2026-09-10T10:24:00.000Z,2026-09-10T13:24:00,3.35,3.37,3.35,3.36,178144
2026-09-10T10:25:00.000Z,2026-09-10T13:25:00,3.36,3.37,3.36,3.36,266093
2026-09-10T10:26:00.000Z,2026-09-10T13:26:00,3.36,3.37,3.36,3.36,50833
2026-09-10T10:27:00.000Z,2026-09-10T13:27:00,3.36,3.38,3.36,3.38,1649189
2026-09-10T10:28:00.000Z,2026-09-10T13:28:00,3.37,3.39,3.37,3.39,286170
2026-09-10T10:29:00.000Z,2026-09-10T13:29:00,3.39,3.39,3.38,3.39,2789809
2026-09-10T10:30:00.000Z,2026-09-10T13:30:00,3.39,3.39,3.38,3.38,416490
2026-09-10T10:31:00.000Z,2026-09-10T13:31:00,3.39,3.39,3.36,3.38,173529
2026-09-10T10:32:00.000Z,2026-09-10T13:32:00,3.38,3.38,3.36,3.38,14319
2026-09-10T10:33:00.000Z,2026-09-10T13:33:00,3.37,3.38,3.37,3.38,148879
2026-09-10T10:34:00.000Z,2026-09-10T13:34:00,3.38,3.39,3.38,3.38,738009
2026-09-10T10:35:00.000Z,2026-09-10T13:35:00,3.37,3.39,3.37,3.39,547438
2026-09-10T10:36:00.000Z,2026-09-10T13:36:00,3.38,3.39,3.38,3.38,188361
2026-09-10T10:37:00.000Z,2026-09-10T13:37:00,3.39,3.39,3.36,3.36,863778
2026-09-10T10:38:00.000Z,2026-09-10T13:38:00,3.37,3.37,3.36,3.36,96558
2026-09-10T10:39:00.000Z,2026-09-10T13:39:00,3.37,3.38,3.36,3.38,615814
2026-09-10T10:40:00.000Z,2026-09-10T13:40:00,3.38,3.38,3.37,3.38,59174
2026-09-10T10:41:00.000Z,2026-09-10T13:41:00,3.38,3.38,3.37,3.37,105183
2026-09-10T10:42:00.000Z,2026-09-10T13:42:00,3.37,3.38,3.37,3.37,65840
2026-09-10T10:43:00.000Z,2026-09-10T13:43:00,3.37,3.37,3.36,3.37,145781
2026-09-10T10:44:00.000Z,2026-09-10T13:44:00,3.36,3.38,3.36,3.37,110900
2026-09-10T10:45:00.000Z,2026-09-10T13:45:00,3.38,3.39,3.38,3.38,619808
2026-09-10T10:46:00.000Z,2026-09-10T13:46:00,3.39,3.4,3.38,3.39,2583532
2026-09-10T10:47:00.000Z,2026-09-10T13:47:00,3.4,3.4,3.4,3.4,452997
2026-09-10T10:48:00.000Z,2026-09-10T13:48:00,3.4,3.4,3.39,3.4,834095
2026-09-10T10:49:00.000Z,2026-09-10T13:49:00,3.41,3.41,3.39,3.4,1610319
2026-09-10T10:50:00.000Z,2026-09-10T13:50:00,3.4,3.41,3.39,3.39,2758994
2026-09-10T10:51:00.000Z,2026-09-10T13:51:00,3.39,3.39,3.38,3.38,725278
2026-09-10T10:52:00.000Z,2026-09-10T13:52:00,3.38,3.38,3.37,3.38,148651
2026-09-10T10:53:00.000Z,2026-09-10T13:53:00,3.37,3.38,3.37,3.37,1124695
2026-09-10T10:54:00.000Z,2026-09-10T13:54:00,3.37,3.37,3.36,3.36,337381
2026-09-10T10:55:00.000Z,2026-09-10T13:55:00,3.36,3.39,3.36,3.38,1625119
2026-09-10T10:56:00.000Z,2026-09-10T13:56:00,3.39,3.39,3.38,3.38,437768
2026-09-10T10:57:00.000Z,2026-09-10T13:57:00,3.38,3.38,3.38,3.38,122122
2026-09-10T10:58:00.000Z,2026-09-10T13:58:00,3.38,3.38,3.37,3.37,96267
2026-09-10T10:59:00.000Z,2026-09-10T13:59:00,3.37,3.38,3.37,3.38,14926
2026-09-10T11:00:00.000Z,2026-09-10T14:00:00,3.38,3.38,3.37,3.37,101865
2026-09-10T11:01:00.000Z,2026-09-10T14:01:00,3.38,3.38,3.37,3.38,97236
2026-09-10T11:02:00.000Z,2026-09-10T14:02:00,3.37,3.38,3.37,3.37,55367
2026-09-10T11:03:00.000Z,2026-09-10T14:03:00,3.38,3.38,3.37,3.37,29975
2026-09-10T11:04:00.000Z,2026-09-10T14:04:00,3.37,3.38,3.37,3.37,53603
2026-09-10T11:05:00.000Z,2026-09-10T14:05:00,3.38,3.38,3.36,3.36,622418
2026-09-10T11:06:00.000Z,2026-09-10T14:06:00,3.36,3.37,3.36,3.37,241420
2026-09-10T11:07:00.000Z,2026-09-10T14:07:00,3.37,3.38,3.37,3.37,126478
2026-09-10T11:08:00.000Z,2026-09-10T14:08:00,3.37,3.38,3.37,3.38,77847
2026-09-10T11:09:00.000Z,2026-09-10T14:09:00,3.37,3.38,3.37,3.37,105548
2026-09-10T11:10:00.000Z,2026-09-10T14:10:00,3.38,3.38,3.37,3.38,66701
2026-09-10T11:11:00.000Z,2026-09-10T14:11:00,3.38,3.38,3.37,3.37,564379
2026-09-10T11:12:00.000Z,2026-09-10T14:12:00,3.36,3.37,3.36,3.36,1036235
2026-09-10T11:13:00.000Z,2026-09-10T14:13:00,3.36,3.37,3.36,3.36,67026
2026-09-10T11:14:00.000Z,2026-09-10T14:14:00,3.36,3.42,3.36,3.42,9749457
2026-09-10T11:25:00.000Z,2026-09-10T14:25:00,3.42,3.42,3.42,3.42,22773
2026-09-10T11:26:00.000Z,2026-09-10T14:26:00,3.42,3.42,3.42,3.42,83356
2026-09-10T11:27:00.000Z,2026-09-10T14:27:00,3.42,3.42,3.42,3.42,66962
2026-09-10T11:28:00.000Z,2026-09-10T14:28:00,3.42,3.42,3.42,3.42,108924
2026-09-10T11:29:00.000Z,2026-09-10T14:29:00,3.42,3.42,3.42,3.42,4764329
2026-09-13T07:00:00.000Z,2026-09-13T10:00:00,3.41,3.42,3.41,3.42,599612
2026-09-13T07:01:00.000Z,2026-09-13T10:01:00,3.42,3.49,3.41,3.48,2315572
2026-09-13T07:02:00.000Z,2026-09-13T10:02:00,3.48,3.49,3.42,3.46,1476480
2026-09-13T07:03:00.000Z,2026-09-13T10:03:00,3.44,3.48,3.43,3.46,125876
2026-09-13T07:04:00.000Z,2026-09-13T10:04:00,3.45,3.45,3.44,3.44,339101
2026-09-13T07:05:00.000Z,2026-09-13T10:05:00,3.44,3.44,3.43,3.44,39248
2026-09-13T07:06:00.000Z,2026-09-13T10:06:00,3.43,3.43,3.37,3.37,1435252
2026-09-13T07:07:00.000Z,2026-09-13T10:07:00,3.37,3.4,3.37,3.39,74203
2026-09-13T07:08:00.000Z,2026-09-13T10:08:00,3.39,3.4,3.39,3.4,121791
2026-09-13T07:09:00.000Z,2026-09-13T10:09:00,3.42,3.42,3.4,3.4,216956
2026-09-13T07:10:00.000Z,2026-09-13T10:10:00,3.41,3.42,3.41,3.42,16383
2026-09-13T07:11:00.000Z,2026-09-13T10:11:00,3.41,3.43,3.41,3.43,385143
2026-09-13T07:12:00.000Z,2026-09-13T10:12:00,3.43,3.44,3.43,3.43,49300
2026-09-13T07:13:00.000Z,2026-09-13T10:13:00,3.43,3.43,3.42,3.43,57253
2026-09-13T07:14:00.000Z,2026-09-13T10:14:00,3.44,3.44,3.44,3.44,56740
2026-09-13T07:15:00.000Z,2026-09-13T10:15:00,3.44,3.44,3.44,3.44,174338
2026-09-13T07:16:00.000Z,2026-09-13T10:16:00,3.44,3.45,3.43,3.45,54278
2026-09-13T07:17:00.000Z,2026-09-13T10:17:00,3.45,3.46,3.44,3.46,401484
2026-09-13T07:18:00.000Z,2026-09-13T10:18:00,3.46,3.46,3.44,3.45,143337
2026-09-13T07:19:00.000Z,2026-09-13T10:19:00,3.45,3.46,3.45,3.46,25411
2026-09-13T07:20:00.000Z,2026-09-13T10:20:00,3.46,3.64,3.46,3.64,7154843
2026-09-13T07:21:00.000Z,2026-09-13T10:21:00,3.6,3.6,3.52,3.54,1943216
2026-09-13T07:22:00.000Z,2026-09-13T10:22:00,3.57,3.57,3.54,3.55,877101
2026-09-13T07:23:00.000Z,2026-09-13T10:23:00,3.55,3.56,3.55,3.55,1561050
2026-09-13T07:24:00.000Z,2026-09-13T10:24:00,3.55,3.55,3.54,3.54,427669
2026-09-13T07:25:00.000Z,2026-09-13T10:25:00,3.54,3.54,3.49,3.5,1239479
2026-09-13T07:26:00.000Z,2026-09-13T10:26:00,3.5,3.5,3.49,3.49,157859
2026-09-13T07:27:00.000Z,2026-09-13T10:27:00,3.5,3.5,3.49,3.49,290530
2026-09-13T07:28:00.000Z,2026-09-13T10:28:00,3.49,3.49,3.47,3.49,310995
2026-09-13T07:29:00.000Z,2026-09-13T10:29:00,3.49,3.5,3.48,3.5,632763
2026-09-13T07:30:00.000Z,2026-09-13T10:30:00,3.5,3.53,3.5,3.53,421273
2026-09-13T07:31:00.000Z,2026-09-13T10:31:00,3.51,3.55,3.51,3.55,265772
2026-09-13T07:32:00.000Z,2026-09-13T10:32:00,3.55,3.55,3.54,3.54,260853
2026-09-13T07:33:00.000Z,2026-09-13T10:33:00,3.54,3.54,3.52,3.52,149541
2026-09-13T07:34:00.000Z,2026-09-13T10:34:00,3.52,3.53,3.52,3.52,346504
2026-09-13T07:35:00.000Z,2026-09-13T10:35:00,3.52,3.53,3.52,3.53,18260
2026-09-13T07:36:00.000Z,2026-09-13T10:36:00,3.53,3.54,3.51,3.54,1185466
2026-09-13T07:37:00.000Z,2026-09-13T10:37:00,3.53,3.54,3.52,3.53,11531
2026-09-13T07:38:00.000Z,2026-09-13T10:38:00,3.53,3.54,3.51,3.53,274037
2026-09-13T07:39:00.000Z,2026-09-13T10:39:00,3.53,3.53,3.52,3.53,8911
2026-09-13T07:40:00.000Z,2026-09-13T10:40:00,3.53,3.53,3.52,3.53,76702
2026-09-13T07:41:00.000Z,2026-09-13T10:41:00,3.53,3.53,3.52,3.53,68298
2026-09-13T07:42:00.000Z,2026-09-13T10:42:00,3.52,3.53,3.52,3.53,62649
2026-09-13T07:43:00.000Z,2026-09-13T10:43:00,3.53,3.53,3.52,3.53,28713
2026-09-13T07:44:00.000Z,2026-09-13T10:44:00,3.53,3.53,3.51,3.51,431368
2026-09-13T07:45:00.000Z,2026-09-13T10:45:00,3.53,3.53,3.52,3.52,81137
2026-09-13T07:46:00.000Z,2026-09-13T10:46:00,3.51,3.51,3.5,3.5,378454
2026-09-13T07:47:00.000Z,2026-09-13T10:47:00,3.5,3.51,3.49,3.51,346747
2026-09-13T07:48:00.000Z,2026-09-13T10:48:00,3.5,3.51,3.5,3.51,201968
2026-09-13T07:49:00.000Z,2026-09-13T10:49:00,3.51,3.51,3.5,3.5,147351
2026-09-13T07:50:00.000Z,2026-09-13T10:50:00,3.51,3.51,3.5,3.5,22232
2026-09-13T07:51:00.000Z,2026-09-13T10:51:00,3.5,3.5,3.5,3.5,21331
2026-09-13T07:52:00.000Z,2026-09-13T10:52:00,3.51,3.51,3.5,3.51,14380
2026-09-13T07:53:00.000Z,2026-09-13T10:53:00,3.5,3.51,3.5,3.51,319860
2026-09-13T07:54:00.000Z,2026-09-13T10:54:00,3.51,3.51,3.5,3.51,79377
2026-09-13T07:55:00.000Z,2026-09-13T10:55:00,3.51,3.52,3.51,3.52,69335
2026-09-13T07:56:00.000Z,2026-09-13T10:56:00,3.52,3.52,3.51,3.51,15191
2026-09-13T07:57:00.000Z,2026-09-13T10:57:00,3.52,3.52,3.51,3.51,43152
2026-09-13T07:58:00.000Z,2026-09-13T10:58:00,3.52,3.52,3.51,3.52,44562
2026-09-13T07:59:00.000Z,2026-09-13T10:59:00,3.52,3.52,3.51,3.52,70537
2026-09-13T08:00:00.000Z,2026-09-13T11:00:00,3.53,3.53,3.53,3.53,8926
2026-09-13T08:01:00.000Z,2026-09-13T11:01:00,3.53,3.53,3.52,3.53,4361
2026-09-13T08:02:00.000Z,2026-09-13T11:02:00,3.53,3.53,3.52,3.53,5601
2026-09-13T08:03:00.000Z,2026-09-13T11:03:00,3.52,3.53,3.52,3.52,68854
2026-09-13T08:04:00.000Z,2026-09-13T11:04:00,3.52,3.52,3.51,3.52,280088
2026-09-13T08:05:00.000Z,2026-09-13T11:05:00,3.52,3.52,3.52,3.52,25025
2026-09-13T08:06:00.000Z,2026-09-13T11:06:00,3.52,3.52,3.51,3.51,70030
2026-09-13T08:07:00.000Z,2026-09-13T11:07:00,3.52,3.52,3.51,3.52,160264
2026-09-13T08:08:00.000Z,2026-09-13T11:08:00,3.52,3.53,3.51,3.51,230283
2026-09-13T08:09:00.000Z,2026-09-13T11:09:00,3.52,3.52,3.52,3.52,4924
2026-09-13T08:10:00.000Z,2026-09-13T11:10:00,3.52,3.53,3.52,3.53,3828
2026-09-13T08:11:00.000Z,2026-09-13T11:11:00,3.53,3.54,3.53,3.53,206076
2026-09-13T08:12:00.000Z,2026-09-13T11:12:00,3.53,3.54,3.52,3.54,90702
2026-09-13T08:13:00.000Z,2026-09-13T11:13:00,3.53,3.54,3.53,3.54,28309
2026-09-13T08:14:00.000Z,2026-09-13T11:14:00,3.53,3.54,3.53,3.54,315855
2026-09-13T08:15:00.000Z,2026-09-13T11:15:00,3.54,3.55,3.54,3.55,161032
2026-09-13T08:16:00.000Z,2026-09-13T11:16:00,3.55,3.55,3.55,3.55,255983
2026-09-13T08:17:00.000Z,2026-09-13T11:17:00,3.55,3.56,3.55,3.55,189567
2026-09-13T08:18:00.000Z,2026-09-13T11:18:00,3.55,3.56,3.54,3.56,285408
2026-09-13T08:19:00.000Z,2026-09-13T11:19:00,3.56,3.56,3.56,3.56,86971
2026-09-13T08:20:00.000Z,2026-09-13T11:20:00,3.56,3.57,3.56,3.56,267590
2026-09-13T08:21:00.000Z,2026-09-13T11:21:00,3.56,3.57,3.56,3.56,463538
2026-09-13T08:22:00.000Z,2026-09-13T11:22:00,3.56,3.56,3.55,3.55,133530
2026-09-13T08:23:00.000Z,2026-09-13T11:23:00,3.55,3.56,3.55,3.55,29288
2026-09-13T08:24:00.000Z,2026-09-13T11:24:00,3.56,3.56,3.56,3.56,123163
2026-09-13T08:25:00.000Z,2026-09-13T11:25:00,3.56,3.57,3.56,3.57,112696
2026-09-13T08:26:00.000Z,2026-09-13T11:26:00,3.57,3.57,3.56,3.57,260524
2026-09-13T08:27:00.000Z,2026-09-13T11:27:00,3.57,3.57,3.55,3.56,92029
2026-09-13T08:28:00.000Z,2026-09-13T11:28:00,3.56,3.57,3.56,3.56,112602
2026-09-13T08:29:00.000Z,2026-09-13T11:29:00,3.56,3.57,3.55,3.55,261547
2026-09-13T08:30:00.000Z,2026-09-13T11:30:00,3.56,3.56,3.54,3.55,498778
2026-09-13T08:31:00.000Z,2026-09-13T11:31:00,3.55,3.55,3.54,3.55,112527
2026-09-13T08:32:00.000Z,2026-09-13T11:32:00,3.54,3.55,3.54,3.55,344651
2026-09-13T08:33:00.000Z,2026-09-13T11:33:00,3.55,3.55,3.53,3.53,45231
2026-09-13T08:34:00.000Z,2026-09-13T11:34:00,3.53,3.53,3.53,3.53,33302
2026-09-13T08:35:00.000Z,2026-09-13T11:35:00,3.53,3.54,3.53,3.54,1227
2026-09-13T08:36:00.000Z,2026-09-13T11:36:00,3.54,3.54,3.53,3.53,38442
2026-09-13T08:37:00.000Z,2026-09-13T11:37:00,3.54,3.58,3.54,3.58,4016312
2026-09-13T08:38:00.000Z,2026-09-13T11:38:00,3.53,3.57,3.53,3.54,70217
2026-09-13T08:39:00.000Z,2026-09-13T11:39:00,3.55,3.55,3.54,3.54,218271
2026-09-13T08:40:00.000Z,2026-09-13T11:40:00,3.55,3.55,3.54,3.55,331025
2026-09-13T08:41:00.000Z,2026-09-13T11:41:00,3.55,3.55,3.55,3.55,123493
2026-09-13T08:42:00.000Z,2026-09-13T11:42:00,3.54,3.55,3.54,3.55,606578
2026-09-13T08:43:00.000Z,2026-09-13T11:43:00,3.54,3.55,3.54,3.55,253671
2026-09-13T08:44:00.000Z,2026-09-13T11:44:00,3.55,3.55,3.54,3.54,285787
2026-09-13T08:45:00.000Z,2026-09-13T11:45:00,3.55,3.55,3.54,3.54,101000
2026-09-13T08:46:00.000Z,2026-09-13T11:46:00,3.55,3.55,3.55,3.55,113028
2026-09-13T08:47:00.000Z,2026-09-13T11:47:00,3.55,3.55,3.55,3.55,189494
2026-09-13T08:48:00.000Z,2026-09-13T11:48:00,3.56,3.56,3.55,3.55,304
2026-09-13T08:49:00.000Z,2026-09-13T11:49:00,3.55,3.56,3.55,3.56,203144
2026-09-13T08:50:00.000Z,2026-09-13T11:50:00,3.56,3.56,3.55,3.56,5529
2026-09-13T08:51:00.000Z,2026-09-13T11:51:00,3.56,3.56,3.55,3.55,67500
2026-09-13T08:52:00.000Z,2026-09-13T11:52:00,3.56,3.56,3.56,3.56,17660
2026-09-13T08:53:00.000Z,2026-09-13T11:53:00,3.56,3.56,3.56,3.56,309192
2026-09-13T08:54:00.000Z,2026-09-13T11:54:00,3.56,3.56,3.55,3.56,17270
2026-09-13T08:55:00.000Z,2026-09-13T11:55:00,3.56,3.57,3.56,3.57,946346
2026-09-13T08:56:00.000Z,2026-09-13T11:56:00,3.57,3.58,3.57,3.58,1165679
2026-09-13T08:57:00.000Z,2026-09-13T11:57:00,3.58,3.59,3.58,3.59,414571
2026-09-13T08:58:00.000Z,2026-09-13T11:58:00,3.58,3.59,3.58,3.59,1478453
2026-09-13T08:59:00.000Z,2026-09-13T11:59:00,3.57,3.62,3.57,3.61,1625939
2026-09-13T09:00:00.000Z,2026-09-13T12:00:00,3.61,3.63,3.61,3.63,1684048
2026-09-13T09:01:00.000Z,2026-09-13T12:01:00,3.63,3.63,3.6,3.62,754268
2026-09-13T09:02:00.000Z,2026-09-13T12:02:00,3.61,3.63,3.59,3.62,394840
2026-09-13T09:03:00.000Z,2026-09-13T12:03:00,3.62,3.63,3.61,3.62,366107
2026-09-13T09:04:00.000Z,2026-09-13T12:04:00,3.62,3.63,3.61,3.62,580443
2026-09-13T09:05:00.000Z,2026-09-13T12:05:00,3.63,3.63,3.62,3.62,179354
2026-09-13T09:06:00.000Z,2026-09-13T12:06:00,3.63,3.63,3.62,3.63,172868
2026-09-13T09:07:00.000Z,2026-09-13T12:07:00,3.62,3.64,3.62,3.64,595637
2026-09-13T09:08:00.000Z,2026-09-13T12:08:00,3.63,3.65,3.63,3.64,535828
2026-09-13T09:09:00.000Z,2026-09-13T12:09:00,3.64,3.65,3.64,3.64,345030
2026-09-13T09:10:00.000Z,2026-09-13T12:10:00,3.64,3.64,3.6,3.6,400001
2026-09-13T09:11:00.000Z,2026-09-13T12:11:00,3.63,3.64,3.6,3.6,525316
2026-09-13T09:12:00.000Z,2026-09-13T12:12:00,3.63,3.63,3.6,3.63,482948
2026-09-13T09:13:00.000Z,2026-09-13T12:13:00,3.63,3.63,3.62,3.63,125546
2026-09-13T09:14:00.000Z,2026-09-13T12:14:00,3.63,3.63,3.62,3.62,47409
2026-09-13T09:15:00.000Z,2026-09-13T12:15:00,3.63,3.64,3.62,3.62,59192
2026-09-13T09:16:00.000Z,2026-09-13T12:16:00,3.64,3.64,3.63,3.63,86908
2026-09-13T09:17:00.000Z,2026-09-13T12:17:00,3.63,3.64,3.62,3.64,28766
2026-09-13T09:18:00.000Z,2026-09-13T12:18:00,3.64,3.64,3.63,3.63,18832
2026-09-13T09:19:00.000Z,2026-09-13T12:19:00,3.63,3.64,3.62,3.63,38899
2026-09-13T09:20:00.000Z,2026-09-13T12:20:00,3.62,3.63,3.62,3.63,41792
2026-09-13T09:21:00.000Z,2026-09-13T12:21:00,3.62,3.63,3.62,3.63,62872
2026-09-13T09:22:00.000Z,2026-09-13T12:22:00,3.62,3.63,3.62,3.63,1355
2026-09-13T09:23:00.000Z,2026-09-13T12:23:00,3.63,3.64,3.63,3.64,141572
2026-09-13T09:24:00.000Z,2026-09-13T12:24:00,3.64,3.7,3.63,3.69,5162072
2026-09-13T09:25:00.000Z,2026-09-13T12:25:00,3.69,3.69,3.66,3.67,515710
2026-09-13T09:26:00.000Z,2026-09-13T12:26:00,3.67,3.67,3.65,3.65,633000
2026-09-13T09:27:00.000Z,2026-09-13T12:27:00,3.65,3.65,3.64,3.65,260573
2026-09-13T09:28:00.000Z,2026-09-13T12:28:00,3.66,3.67,3.65,3.66,291267
2026-09-13T09:29:00.000Z,2026-09-13T12:29:00,3.66,3.66,3.66,3.66,88060
2026-09-13T09:30:00.000Z,2026-09-13T12:30:00,3.66,3.67,3.65,3.67,223621
2026-09-13T09:31:00.000Z,2026-09-13T12:31:00,3.66,3.67,3.66,3.66,113798
2026-09-13T09:32:00.000Z,2026-09-13T12:32:00,3.67,3.68,3.67,3.67,68371
2026-09-13T09:33:00.000Z,2026-09-13T12:33:00,3.67,3.68,3.66,3.68,59487
2026-09-13T09:34:00.000Z,2026-09-13T12:34:00,3.68,3.68,3.67,3.68,222849
2026-09-13T09:35:00.000Z,2026-09-13T12:35:00,3.68,3.68,3.67,3.68,39797
2026-09-13T09:36:00.000Z,2026-09-13T12:36:00,3.68,3.68,3.67,3.67,52760
2026-09-13T09:37:00.000Z,2026-09-13T12:37:00,3.67,3.67,3.62,3.62,4684307
2026-09-13T09:38:00.000Z,2026-09-13T12:38:00,3.62,3.66,3.62,3.62,541874
2026-09-13T09:39:00.000Z,2026-09-13T12:39:00,3.63,3.65,3.63,3.65,29933
2026-09-13T09:40:00.000Z,2026-09-13T12:40:00,3.64,3.66,3.64,3.65,104519
2026-09-13T09:41:00.000Z,2026-09-13T12:41:00,3.66,3.66,3.65,3.66,75123
2026-09-13T09:42:00.000Z,2026-09-13T12:42:00,3.66,3.67,3.65,3.67,68586
2026-09-13T09:43:00.000Z,2026-09-13T12:43:00,3.67,3.71,3.67,3.7,3296779
2026-09-13T09:44:00.000Z,2026-09-13T12:44:00,3.7,3.75,3.7,3.73,5099388
2026-09-13T09:45:00.000Z,2026-09-13T12:45:00,3.73,3.73,3.69,3.69,539073
2026-09-13T09:46:00.000Z,2026-09-13T12:46:00,3.69,3.7,3.69,3.7,143493
2026-09-13T09:47:00.000Z,2026-09-13T12:47:00,3.69,3.7,3.69,3.7,212104
2026-09-13T09:48:00.000Z,2026-09-13T12:48:00,3.69,3.76,3.69,3.73,5373709
2026-09-13T09:49:00.000Z,2026-09-13T12:49:00,3.72,3.73,3.7,3.72,423459
2026-09-13T09:50:00.000Z,2026-09-13T12:50:00,3.7,3.72,3.69,3.72,257897
2026-09-13T09:51:00.000Z,2026-09-13T12:51:00,3.71,3.71,3.69,3.69,948061
2026-09-13T09:52:00.000Z,2026-09-13T12:52:00,3.69,3.69,3.68,3.69,153412
2026-09-13T09:53:00.000Z,2026-09-13T12:53:00,3.69,3.7,3.68,3.7,202501
2026-09-13T09:54:00.000Z,2026-09-13T12:54:00,3.7,3.7,3.69,3.7,247772
2026-09-13T09:55:00.000Z,2026-09-13T12:55:00,3.7,3.7,3.68,3.68,117120
2026-09-13T09:56:00.000Z,2026-09-13T12:56:00,3.68,3.69,3.66,3.69,868352
2026-09-13T09:57:00.000Z,2026-09-13T12:57:00,3.69,3.69,3.68,3.68,196705
2026-09-13T09:58:00.000Z,2026-09-13T12:58:00,3.68,3.69,3.67,3.69,210824
2026-09-13T09:59:00.000Z,2026-09-13T12:59:00,3.68,3.69,3.68,3.68,219836
2026-09-13T10:00:00.000Z,2026-09-13T13:00:00,3.69,3.69,3.67,3.67,300084
2026-09-13T10:01:00.000Z,2026-09-13T13:01:00,3.68,3.68,3.67,3.68,126177
2026-09-13T10:02:00.000Z,2026-09-13T13:02:00,3.68,3.68,3.67,3.68,72713
2026-09-13T10:03:00.000Z,2026-09-13T13:03:00,3.68,3.69,3.68,3.69,107229
2026-09-13T10:04:00.000Z,2026-09-13T13:04:00,3.69,3.69,3.69,3.69,53322
2026-09-13T10:05:00.000Z,2026-09-13T13:05:00,3.7,3.7,3.69,3.7,13053
2026-09-13T10:06:00.000Z,2026-09-13T13:06:00,3.69,3.7,3.69,3.7,134842
2026-09-13T10:07:00.000Z,2026-09-13T13:07:00,3.69,3.71,3.69,3.71,396658
2026-09-13T10:08:00.000Z,2026-09-13T13:08:00,3.71,3.72,3.71,3.72,283927
2026-09-13T10:09:00.000Z,2026-09-13T13:09:00,3.72,3.72,3.7,3.71,491873
2026-09-13T10:10:00.000Z,2026-09-13T13:10:00,3.72,3.73,3.7,3.73,1108241
2026-09-13T10:11:00.000Z,2026-09-13T13:11:00,3.73,3.73,3.72,3.73,42312
2026-09-13T10:12:00.000Z,2026-09-13T13:12:00,3.72,3.73,3.72,3.73,388199
2026-09-13T10:13:00.000Z,2026-09-13T13:13:00,3.73,3.73,3.7,3.7,477008
2026-09-13T10:14:00.000Z,2026-09-13T13:14:00,3.72,3.72,3.7,3.72,165894
2026-09-13T10:15:00.000Z,2026-09-13T13:15:00,3.7,3.72,3.7,3.72,118467
2026-09-13T10:16:00.000Z,2026-09-13T13:16:00,3.72,3.72,3.7,3.71,54840
2026-09-13T10:17:00.000Z,2026-09-13T13:17:00,3.71,3.71,3.7,3.7,136022
2026-09-13T10:18:00.000Z,2026-09-13T13:18:00,3.69,3.7,3.68,3.69,671168
2026-09-13T10:19:00.000Z,2026-09-13T13:19:00,3.68,3.69,3.67,3.68,711615
2026-09-13T10:20:00.000Z,2026-09-13T13:20:00,3.67,3.68,3.67,3.68,30795
2026-09-13T10:21:00.000Z,2026-09-13T13:21:00,3.68,3.68,3.66,3.66,42869
2026-09-13T10:22:00.000Z,2026-09-13T13:22:00,3.66,3.68,3.66,3.67,145294
2026-09-13T10:23:00.000Z,2026-09-13T13:23:00,3.67,3.68,3.67,3.67,28933
2026-09-13T10:24:00.000Z,2026-09-13T13:24:00,3.67,3.68,3.67,3.68,55193
2026-09-13T10:25:00.000Z,2026-09-13T13:25:00,3.69,3.7,3.69,3.7,100451
2026-09-13T10:26:00.000Z,2026-09-13T13:26:00,3.7,3.7,3.69,3.7,111657
2026-09-13T10:27:00.000Z,2026-09-13T13:27:00,3.69,3.71,3.69,3.71,35142
2026-09-13T10:28:00.000Z,2026-09-13T13:28:00,3.71,3.71,3.7,3.71,62372
2026-09-13T10:29:00.000Z,2026-09-13T13:29:00,3.71,3.71,3.7,3.7,75425
2026-09-13T10:30:00.000Z,2026-09-13T13:30:00,3.71,3.71,3.69,3.69,238683
2026-09-13T10:31:00.000Z,2026-09-13T13:31:00,3.69,3.75,3.69,3.75,2070722
2026-09-13T10:32:00.000Z,2026-09-13T13:32:00,3.75,3.76,3.7,3.72,1597898
2026-09-13T10:33:00.000Z,2026-09-13T13:33:00,3.72,3.73,3.7,3.73,684052
2026-09-13T10:34:00.000Z,2026-09-13T13:34:00,3.71,3.73,3.7,3.7,413636
2026-09-13T10:35:00.000Z,2026-09-13T13:35:00,3.71,3.73,3.71,3.73,1842
2026-09-13T10:36:00.000Z,2026-09-13T13:36:00,3.71,3.72,3.71,3.71,82527
2026-09-13T10:37:00.000Z,2026-09-13T13:37:00,3.71,3.71,3.71,3.71,68328
2026-09-13T10:38:00.000Z,2026-09-13T13:38:00,3.7,3.71,3.7,3.71,28251
2026-09-13T10:39:00.000Z,2026-09-13T13:39:00,3.7,3.71,3.7,3.7,112670
2026-09-13T10:40:00.000Z,2026-09-13T13:40:00,3.7,3.7,3.7,3.7,3339
2026-09-13T10:41:00.000Z,2026-09-13T13:41:00,3.7,3.71,3.7,3.71,118871
2026-09-13T10:42:00.000Z,2026-09-13T13:42:00,3.7,3.71,3.7,3.7,34731
2026-09-13T10:43:00.000Z,2026-09-13T13:43:00,3.7,3.71,3.7,3.7,161384
2026-09-13T10:44:00.000Z,2026-09-13T13:44:00,3.7,3.7,3.69,3.7,71112
2026-09-13T10:45:00.000Z,2026-09-13T13:45:00,3.7,3.7,3.69,3.7,542856
2026-09-13T10:46:00.000Z,2026-09-13T13:46:00,3.71,3.71,3.7,3.7,8768
2026-09-13T10:47:00.000Z,2026-09-13T13:47:00,3.7,3.71,3.7,3.71,2027
2026-09-13T10:48:00.000Z,2026-09-13T13:48:00,3.71,3.71,3.7,3.7,311262
2026-09-13T10:49:00.000Z,2026-09-13T13:49:00,3.71,3.71,3.7,3.7,12242
2026-09-13T10:50:00.000Z,2026-09-13T13:50:00,3.7,3.71,3.7,3.7,686697
2026-09-13T10:51:00.000Z,2026-09-13T13:51:00,3.7,3.7,3.7,3.7,35294
2026-09-13T10:52:00.000Z,2026-09-13T13:52:00,3.7,3.7,3.7,3.7,51525
2026-09-13T10:53:00.000Z,2026-09-13T13:53:00,3.7,3.7,3.69,3.7,41614
2026-09-13T10:54:00.000Z,2026-09-13T13:54:00,3.71,3.71,3.69,3.71,202388
2026-09-13T10:55:00.000Z,2026-09-13T13:55:00,3.7,3.7,3.69,3.69,4916
2026-09-13T10:56:00.000Z,2026-09-13T13:56:00,3.7,3.7,3.69,3.69,18490
2026-09-13T10:57:00.000Z,2026-09-13T13:57:00,3.7,3.7,3.7,3.7,22706
2026-09-13T10:58:00.000Z,2026-09-13T13:58:00,3.71,3.71,3.7,3.7,5244
2026-09-13T10:59:00.000Z,2026-09-13T13:59:00,3.7,3.7,3.7,3.7,18735
2026-09-13T11:00:00.000Z,2026-09-13T14:00:00,3.71,3.71,3.7,3.71,31166
2026-09-13T11:01:00.000Z,2026-09-13T14:01:00,3.71,3.71,3.7,3.7,65676
2026-09-13T11:02:00.000Z,2026-09-13T14:02:00,3.71,3.71,3.7,3.71,74464
2026-09-13T11:03:00.000Z,2026-09-13T14:03:00,3.71,3.71,3.7,3.71,52974
2026-09-13T11:04:00.000Z,2026-09-13T14:04:00,3.71,3.71,3.7,3.7,60868
2026-09-13T11:05:00.000Z,2026-09-13T14:05:00,3.7,3.71,3.69,3.7,153576
2026-09-13T11:06:00.000Z,2026-09-13T14:06:00,3.7,3.7,3.69,3.69,8492
2026-09-13T11:07:00.000Z,2026-09-13T14:07:00,3.7,3.7,3.67,3.69,486099
2026-09-13T11:08:00.000Z,2026-09-13T14:08:00,3.67,3.7,3.67,3.68,324599
2026-09-13T11:09:00.000Z,2026-09-13T14:09:00,3.69,3.7,3.68,3.68,134464
2026-09-13T11:10:00.000Z,2026-09-13T14:10:00,3.7,3.7,3.68,3.69,45865
2026-09-13T11:11:00.000Z,2026-09-13T14:11:00,3.69,3.7,3.69,3.69,37316
2026-09-13T11:12:00.000Z,2026-09-13T14:12:00,3.7,3.7,3.68,3.68,495970
2026-09-13T11:13:00.000Z,2026-09-13T14:13:00,3.69,3.7,3.69,3.69,240879
2026-09-13T11:14:00.000Z,2026-09-13T14:14:00,3.7,3.7,3.69,3.7,270519
2026-09-13T11:15:00.000Z,2026-09-13T14:15:00,3.69,3.74,3.69,3.74,2000300
2026-09-13T11:25:00.000Z,2026-09-13T14:25:00,3.76,3.76,3.76,3.76,5560732
2026-09-13T11:26:00.000Z,2026-09-13T14:26:00,3.76,3.76,3.76,3.76,66893
2026-09-13T11:27:00.000Z,2026-09-13T14:27:00,3.76,3.76,3.76,3.76,60205
2026-09-13T11:28:00.000Z,2026-09-13T14:28:00,3.76,3.76,3.76,3.76,149969
2026-09-13T11:29:00.000Z,2026-09-13T14:29:00,3.76,3.76,3.76,3.76,1036845
2026-09-14T07:00:00.000Z,2026-09-14T10:00:00,3.75,3.76,3.69,3.69,576575
2026-09-14T07:01:00.000Z,2026-09-14T10:01:00,3.69,3.7,3.68,3.68,370638
2026-09-14T07:02:00.000Z,2026-09-14T10:02:00,3.68,3.68,3.6,3.62,1203675
2026-09-14T07:03:00.000Z,2026-09-14T10:03:00,3.62,3.66,3.6,3.66,905241
2026-09-14T07:04:00.000Z,2026-09-14T10:04:00,3.66,3.74,3.66,3.72,416205
2026-09-14T07:05:00.000Z,2026-09-14T10:05:00,3.72,3.74,3.67,3.7,882650
2026-09-14T07:06:00.000Z,2026-09-14T10:06:00,3.7,3.72,3.7,3.72,107147
2026-09-14T07:07:00.000Z,2026-09-14T10:07:00,3.72,3.74,3.72,3.73,46055
2026-09-14T07:08:00.000Z,2026-09-14T10:08:00,3.73,3.75,3.73,3.75,568995
2026-09-14T07:09:00.000Z,2026-09-14T10:09:00,3.75,3.75,3.73,3.75,296505
2026-09-14T07:10:00.000Z,2026-09-14T10:10:00,3.75,3.76,3.74,3.76,745001
2026-09-14T07:11:00.000Z,2026-09-14T10:11:00,3.76,3.76,3.73,3.74,396411
2026-09-14T07:12:00.000Z,2026-09-14T10:12:00,3.74,3.74,3.72,3.73,236857
2026-09-14T07:13:00.000Z,2026-09-14T10:13:00,3.72,3.72,3.72,3.72,127381
2026-09-14T07:14:00.000Z,2026-09-14T10:14:00,3.71,3.71,3.67,3.69,1463410
2026-09-14T07:15:00.000Z,2026-09-14T10:15:00,3.67,3.69,3.67,3.68,243749
2026-09-14T07:16:00.000Z,2026-09-14T10:16:00,3.68,3.7,3.68,3.7,183190
2026-09-14T07:17:00.000Z,2026-09-14T10:17:00,3.69,3.7,3.69,3.7,24775
2026-09-14T07:18:00.000Z,2026-09-14T10:18:00,3.7,3.7,3.68,3.69,155496
2026-09-14T07:19:00.000Z,2026-09-14T10:19:00,3.69,3.69,3.67,3.67,81842
2026-09-14T07:20:00.000Z,2026-09-14T10:20:00,3.68,3.68,3.67,3.67,210759
2026-09-14T07:21:00.000Z,2026-09-14T10:21:00,3.68,3.68,3.67,3.67,95966
2026-09-14T07:22:00.000Z,2026-09-14T10:22:00,3.68,3.69,3.67,3.69,109492
2026-09-14T07:23:00.000Z,2026-09-14T10:23:00,3.68,3.68,3.68,3.68,144670
2026-09-14T07:24:00.000Z,2026-09-14T10:24:00,3.68,3.69,3.68,3.68,64913
2026-09-14T07:25:00.000Z,2026-09-14T10:25:00,3.69,3.69,3.67,3.67,87973
2026-09-14T07:26:00.000Z,2026-09-14T10:26:00,3.68,3.69,3.67,3.67,337288
2026-09-14T07:27:00.000Z,2026-09-14T10:27:00,3.67,3.67,3.65,3.67,1086840
2026-09-14T07:28:00.000Z,2026-09-14T10:28:00,3.66,3.66,3.64,3.65,1317220
2026-09-14T07:29:00.000Z,2026-09-14T10:29:00,3.65,3.67,3.64,3.67,808529
2026-09-14T07:30:00.000Z,2026-09-14T10:30:00,3.65,3.65,3.64,3.65,108265
2026-09-14T07:31:00.000Z,2026-09-14T10:31:00,3.64,3.65,3.63,3.65,218460
2026-09-14T07:32:00.000Z,2026-09-14T10:32:00,3.64,3.64,3.61,3.61,823331
2026-09-14T07:33:00.000Z,2026-09-14T10:33:00,3.61,3.62,3.58,3.6,4182982
2026-09-14T07:34:00.000Z,2026-09-14T10:34:00,3.58,3.58,3.53,3.53,377191
2026-09-14T07:35:00.000Z,2026-09-14T10:35:00,3.53,3.6,3.53,3.58,1321708
2026-09-14T07:36:00.000Z,2026-09-14T10:36:00,3.6,3.6,3.59,3.6,778662
2026-09-14T07:37:00.000Z,2026-09-14T10:37:00,3.6,3.65,3.6,3.65,571311
2026-09-14T07:38:00.000Z,2026-09-14T10:38:00,3.65,3.66,3.63,3.65,553635
2026-09-14T07:39:00.000Z,2026-09-14T10:39:00,3.65,3.66,3.65,3.65,861303
2026-09-14T07:40:00.000Z,2026-09-14T10:40:00,3.65,3.66,3.65,3.66,33612
2026-09-14T07:41:00.000Z,2026-09-14T10:41:00,3.66,3.66,3.65,3.66,281653
2026-09-14T07:42:00.000Z,2026-09-14T10:42:00,3.67,3.67,3.66,3.66,14425
2026-09-14T07:43:00.000Z,2026-09-14T10:43:00,3.66,3.67,3.65,3.65,64310
2026-09-14T07:44:00.000Z,2026-09-14T10:44:00,3.65,3.66,3.65,3.66,78100
2026-09-14T07:45:00.000Z,2026-09-14T10:45:00,3.66,3.66,3.65,3.66,282323
2026-09-14T07:46:00.000Z,2026-09-14T10:46:00,3.66,3.66,3.65,3.65,66890
2026-09-14T07:47:00.000Z,2026-09-14T10:47:00,3.66,3.67,3.65,3.65,440848
2026-09-14T07:48:00.000Z,2026-09-14T10:48:00,3.66,3.67,3.65,3.66,200725
2026-09-14T07:49:00.000Z,2026-09-14T10:49:00,3.66,3.66,3.65,3.66,32203
2026-09-14T07:50:00.000Z,2026-09-14T10:50:00,3.66,3.67,3.65,3.67,53860
2026-09-14T07:51:00.000Z,2026-09-14T10:51:00,3.66,3.67,3.65,3.66,7189
2026-09-14T07:52:00.000Z,2026-09-14T10:52:00,3.65,3.65,3.65,3.65,6816
2026-09-14T07:53:00.000Z,2026-09-14T10:53:00,3.65,3.65,3.65,3.65,4390
2026-09-14T07:54:00.000Z,2026-09-14T10:54:00,3.65,3.66,3.65,3.66,21536
2026-09-14T07:55:00.000Z,2026-09-14T10:55:00,3.66,3.66,3.65,3.66,14615
2026-09-14T07:56:00.000Z,2026-09-14T10:56:00,3.65,3.65,3.64,3.64,37672
2026-09-14T07:57:00.000Z,2026-09-14T10:57:00,3.64,3.65,3.64,3.64,95848
2026-09-14T07:58:00.000Z,2026-09-14T10:58:00,3.64,3.64,3.62,3.64,119768
2026-09-14T07:59:00.000Z,2026-09-14T10:59:00,3.64,3.65,3.63,3.64,7029
2026-09-14T08:00:00.000Z,2026-09-14T11:00:00,3.64,3.64,3.64,3.64,2400
2026-09-14T08:01:00.000Z,2026-09-14T11:01:00,3.64,3.65,3.62,3.65,47648
2026-09-14T08:02:00.000Z,2026-09-14T11:02:00,3.64,3.64,3.63,3.63,3813
2026-09-14T08:03:00.000Z,2026-09-14T11:03:00,3.63,3.65,3.63,3.65,30576
2026-09-14T08:04:00.000Z,2026-09-14T11:04:00,3.65,3.65,3.64,3.64,813
2026-09-14T08:05:00.000Z,2026-09-14T11:05:00,3.64,3.65,3.63,3.65,15064
2026-09-14T08:06:00.000Z,2026-09-14T11:06:00,3.64,3.65,3.63,3.65,4050
2026-09-14T08:07:00.000Z,2026-09-14T11:07:00,3.63,3.63,3.63,3.63,11994
2026-09-14T08:08:00.000Z,2026-09-14T11:08:00,3.63,3.66,3.63,3.64,275504
2026-09-14T08:09:00.000Z,2026-09-14T11:09:00,3.65,3.66,3.62,3.66,1126701
2026-09-14T08:10:00.000Z,2026-09-14T11:10:00,3.65,3.65,3.63,3.65,219642
2026-09-14T08:11:00.000Z,2026-09-14T11:11:00,3.65,3.65,3.65,3.65,79
2026-09-14T08:12:00.000Z,2026-09-14T11:12:00,3.64,3.64,3.64,3.64,2636
2026-09-14T08:13:00.000Z,2026-09-14T11:13:00,3.64,3.64,3.63,3.64,65000
2026-09-14T08:14:00.000Z,2026-09-14T11:14:00,3.63,3.63,3.63,3.63,32671
2026-09-14T08:15:00.000Z,2026-09-14T11:15:00,3.63,3.64,3.63,3.63,26738
2026-09-14T08:16:00.000Z,2026-09-14T11:16:00,3.63,3.65,3.63,3.65,160600
2026-09-14T08:17:00.000Z,2026-09-14T11:17:00,3.65,3.65,3.63,3.65,1870
2026-09-14T08:18:00.000Z,2026-09-14T11:18:00,3.64,3.64,3.62,3.63,351269
2026-09-14T08:19:00.000Z,2026-09-14T11:19:00,3.63,3.63,3.61,3.61,953515
2026-09-14T08:20:00.000Z,2026-09-14T11:20:00,3.63,3.63,3.62,3.63,26150
2026-09-14T08:21:00.000Z,2026-09-14T11:21:00,3.62,3.63,3.62,3.62,35600
2026-09-14T08:22:00.000Z,2026-09-14T11:22:00,3.62,3.62,3.62,3.62,22666
2026-09-14T08:23:00.000Z,2026-09-14T11:23:00,3.62,3.63,3.62,3.62,6354
2026-09-14T08:24:00.000Z,2026-09-14T11:24:00,3.62,3.62,3.61,3.61,2534450
2026-09-14T08:25:00.000Z,2026-09-14T11:25:00,3.62,3.63,3.62,3.62,7444
2026-09-14T08:26:00.000Z,2026-09-14T11:26:00,3.63,3.63,3.58,3.58,757546
2026-09-14T08:27:00.000Z,2026-09-14T11:27:00,3.58,3.6,3.58,3.6,30006
2026-09-14T08:28:00.000Z,2026-09-14T11:28:00,3.58,3.6,3.58,3.59,218183
2026-09-14T08:29:00.000Z,2026-09-14T11:29:00,3.6,3.6,3.6,3.6,232233
2026-09-14T08:30:00.000Z,2026-09-14T11:30:00,3.61,3.61,3.6,3.61,31100
2026-09-14T08:31:00.000Z,2026-09-14T11:31:00,3.61,3.61,3.6,3.61,6087
2026-09-14T08:32:00.000Z,2026-09-14T11:32:00,3.61,3.62,3.61,3.61,33342
2026-09-14T08:33:00.000Z,2026-09-14T11:33:00,3.62,3.62,3.61,3.62,4588
2026-09-14T08:34:00.000Z,2026-09-14T11:34:00,3.62,3.62,3.62,3.62,5358
2026-09-14T08:35:00.000Z,2026-09-14T11:35:00,3.62,3.63,3.62,3.62,11076
2026-09-14T08:36:00.000Z,2026-09-14T11:36:00,3.62,3.62,3.6,3.6,50200
2026-09-14T08:37:00.000Z,2026-09-14T11:37:00,3.63,3.63,3.6,3.63,16298
2026-09-14T08:38:00.000Z,2026-09-14T11:38:00,3.63,3.63,3.63,3.63,904
2026-09-14T08:39:00.000Z,2026-09-14T11:39:00,3.61,3.63,3.61,3.63,688
2026-09-14T08:40:00.000Z,2026-09-14T11:40:00,3.62,3.62,3.62,3.62,18555
2026-09-14T08:41:00.000Z,2026-09-14T11:41:00,3.61,3.62,3.61,3.62,1183
2026-09-14T08:42:00.000Z,2026-09-14T11:42:00,3.61,3.62,3.61,3.61,99038
2026-09-14T08:43:00.000Z,2026-09-14T11:43:00,3.61,3.63,3.61,3.61,11765
2026-09-14T08:44:00.000Z,2026-09-14T11:44:00,3.61,3.64,3.61,3.62,2304528
2026-09-14T08:45:00.000Z,2026-09-14T11:45:00,3.62,3.64,3.61,3.63,2501101
2026-09-14T08:46:00.000Z,2026-09-14T11:46:00,3.61,3.64,3.61,3.64,634010
2026-09-14T08:47:00.000Z,2026-09-14T11:47:00,3.64,3.64,3.64,3.64,49643
2026-09-14T08:48:00.000Z,2026-09-14T11:48:00,3.64,3.64,3.64,3.64,30
2026-09-14T08:49:00.000Z,2026-09-14T11:49:00,3.64,3.64,3.64,3.64,5553
2026-09-14T08:50:00.000Z,2026-09-14T11:50:00,3.64,3.64,3.63,3.63,4258
2026-09-14T08:51:00.000Z,2026-09-14T11:51:00,3.64,3.64,3.62,3.64,5798
2026-09-14T08:52:00.000Z,2026-09-14T11:52:00,3.64,3.64,3.63,3.63,101397
2026-09-14T08:53:00.000Z,2026-09-14T11:53:00,3.63,3.63,3.62,3.62,3644
2026-09-14T08:54:00.000Z,2026-09-14T11:54:00,3.63,3.63,3.63,3.63,276
2026-09-14T08:55:00.000Z,2026-09-14T11:55:00,3.63,3.63,3.62,3.63,26858
2026-09-14T08:56:00.000Z,2026-09-14T11:56:00,3.62,3.64,3.62,3.63,86601
2026-09-14T08:57:00.000Z,2026-09-14T11:57:00,3.63,3.63,3.62,3.62,12907
2026-09-14T08:58:00.000Z,2026-09-14T11:58:00,3.63,3.63,3.63,3.63,59715
2026-09-14T08:59:00.000Z,2026-09-14T11:59:00,3.63,3.63,3.62,3.62,8693
2026-09-14T09:00:00.000Z,2026-09-14T12:00:00,3.63,3.64,3.63,3.63,223657
2026-09-14T09:01:00.000Z,2026-09-14T12:01:00,3.63,3.63,3.63,3.63,125204
2026-09-14T09:02:00.000Z,2026-09-14T12:02:00,3.62,3.62,3.62,3.62,1055
2026-09-14T09:03:00.000Z,2026-09-14T12:03:00,3.63,3.63,3.63,3.63,22050
2026-09-14T09:04:00.000Z,2026-09-14T12:04:00,3.63,3.63,3.63,3.63,23182
2026-09-14T09:05:00.000Z,2026-09-14T12:05:00,3.62,3.64,3.62,3.64,56261
2026-09-14T09:06:00.000Z,2026-09-14T12:06:00,3.63,3.63,3.63,3.63,9758
2026-09-14T09:07:00.000Z,2026-09-14T12:07:00,3.62,3.63,3.62,3.63,3462
2026-09-14T09:08:00.000Z,2026-09-14T12:08:00,3.63,3.63,3.62,3.62,66445
2026-09-14T09:09:00.000Z,2026-09-14T12:09:00,3.63,3.63,3.63,3.63,43076
2026-09-14T09:10:00.000Z,2026-09-14T12:10:00,3.62,3.63,3.62,3.62,155215
2026-09-14T09:11:00.000Z,2026-09-14T12:11:00,3.62,3.62,3.61,3.62,251534
2026-09-14T09:12:00.000Z,2026-09-14T12:12:00,3.62,3.63,3.61,3.62,142738
2026-09-14T09:13:00.000Z,2026-09-14T12:13:00,3.61,3.61,3.61,3.61,61377
2026-09-14T09:14:00.000Z,2026-09-14T12:14:00,3.62,3.62,3.62,3.62,1383
2026-09-14T09:15:00.000Z,2026-09-14T12:15:00,3.63,3.63,3.62,3.63,19890
2026-09-14T09:16:00.000Z,2026-09-14T12:16:00,3.62,3.62,3.62,3.62,2810
2026-09-14T09:17:00.000Z,2026-09-14T12:17:00,3.62,3.62,3.61,3.62,63087
2026-09-14T09:18:00.000Z,2026-09-14T12:18:00,3.62,3.63,3.61,3.63,24872
2026-09-14T09:19:00.000Z,2026-09-14T12:19:00,3.63,3.63,3.63,3.63,51500
2026-09-14T09:20:00.000Z,2026-09-14T12:20:00,3.63,3.63,3.62,3.62,27145
2026-09-14T09:21:00.000Z,2026-09-14T12:21:00,3.62,3.62,3.61,3.62,173780
2026-09-14T09:22:00.000Z,2026-09-14T12:22:00,3.62,3.63,3.62,3.62,24654
2026-09-14T09:23:00.000Z,2026-09-14T12:23:00,3.63,3.63,3.62,3.62,12314
2026-09-14T09:24:00.000Z,2026-09-14T12:24:00,3.62,3.62,3.62,3.62,25452
2026-09-14T09:25:00.000Z,2026-09-14T12:25:00,3.62,3.62,3.62,3.62,38500
2026-09-14T09:26:00.000Z,2026-09-14T12:26:00,3.63,3.64,3.63,3.63,337616
2026-09-14T09:27:00.000Z,2026-09-14T12:27:00,3.64,3.7,3.63,3.69,2528114
2026-09-14T09:28:00.000Z,2026-09-14T12:28:00,3.69,3.69,3.64,3.65,43362
2026-09-14T09:29:00.000Z,2026-09-14T12:29:00,3.68,3.68,3.68,3.68,151
2026-09-14T09:30:00.000Z,2026-09-14T12:30:00,3.68,3.68,3.66,3.67,106281
2026-09-14T09:31:00.000Z,2026-09-14T12:31:00,3.67,3.67,3.66,3.67,14050
2026-09-14T09:32:00.000Z,2026-09-14T12:32:00,3.67,3.67,3.67,3.67,50015
2026-09-14T09:33:00.000Z,2026-09-14T12:33:00,3.67,3.67,3.67,3.67,44
2026-09-14T09:34:00.000Z,2026-09-14T12:34:00,3.67,3.67,3.66,3.66,11000
2026-09-14T09:35:00.000Z,2026-09-14T12:35:00,3.66,3.66,3.66,3.66,27075
2026-09-14T09:36:00.000Z,2026-09-14T12:36:00,3.66,3.66,3.66,3.66,2935
2026-09-14T09:38:00.000Z,2026-09-14T12:38:00,3.67,3.67,3.67,3.67,15192
2026-09-14T09:39:00.000Z,2026-09-14T12:39:00,3.66,3.67,3.66,3.67,92763
2026-09-14T09:40:00.000Z,2026-09-14T12:40:00,3.67,3.67,3.66,3.66,49440
2026-09-14T09:41:00.000Z,2026-09-14T12:41:00,3.66,3.66,3.66,3.66,6600
2026-09-14T09:42:00.000Z,2026-09-14T12:42:00,3.66,3.66,3.66,3.66,550
2026-09-14T09:43:00.000Z,2026-09-14T12:43:00,3.66,3.66,3.66,3.66,13055
2026-09-14T09:44:00.000Z,2026-09-14T12:44:00,3.65,3.66,3.65,3.65,30563
2026-09-14T09:45:00.000Z,2026-09-14T12:45:00,3.65,3.65,3.62,3.62,384230
2026-09-14T09:46:00.000Z,2026-09-14T12:46:00,3.63,3.63,3.63,3.63,70
2026-09-14T09:47:00.000Z,2026-09-14T12:47:00,3.63,3.67,3.63,3.66,1005086
2026-09-14T09:48:00.000Z,2026-09-14T12:48:00,3.66,3.66,3.66,3.66,5000
2026-09-14T09:49:00.000Z,2026-09-14T12:49:00,3.65,3.65,3.65,3.65,1200
2026-09-14T09:50:00.000Z,2026-09-14T12:50:00,3.65,3.65,3.62,3.62,300179
2026-09-14T09:51:00.000Z,2026-09-14T12:51:00,3.63,3.63,3.63,3.63,16522
2026-09-14T09:52:00.000Z,2026-09-14T12:52:00,3.63,3.65,3.63,3.63,3825
2026-09-14T09:53:00.000Z,2026-09-14T12:53:00,3.64,3.65,3.63,3.63,57385
2026-09-14T09:54:00.000Z,2026-09-14T12:54:00,3.62,3.64,3.62,3.64,430476
2026-09-14T09:55:00.000Z,2026-09-14T12:55:00,3.65,3.65,3.63,3.64,13230
2026-09-14T09:56:00.000Z,2026-09-14T12:56:00,3.63,3.63,3.63,3.63,102100
2026-09-14T09:57:00.000Z,2026-09-14T12:57:00,3.64,3.64,3.64,3.64,4
2026-09-14T09:58:00.000Z,2026-09-14T12:58:00,3.63,3.63,3.63,3.63,402
2026-09-14T09:59:00.000Z,2026-09-14T12:59:00,3.63,3.63,3.63,3.63,7577
2026-09-14T10:00:00.000Z,2026-09-14T13:00:00,3.63,3.63,3.63,3.63,3
2026-09-14T10:01:00.000Z,2026-09-14T13:01:00,3.64,3.64,3.63,3.64,2383
2026-09-14T10:02:00.000Z,2026-09-14T13:02:00,3.64,3.64,3.64,3.64,21
2026-09-14T10:03:00.000Z,2026-09-14T13:03:00,3.63,3.64,3.62,3.62,7581
2026-09-14T10:04:00.000Z,2026-09-14T13:04:00,3.63,3.63,3.62,3.62,1972
2026-09-14T10:05:00.000Z,2026-09-14T13:05:00,3.64,3.64,3.64,3.64,3798
2026-09-14T10:06:00.000Z,2026-09-14T13:06:00,3.64,3.64,3.63,3.63,32064
2026-09-14T10:07:00.000Z,2026-09-14T13:07:00,3.63,3.63,3.62,3.62,1652
2026-09-14T10:08:00.000Z,2026-09-14T13:08:00,3.62,3.62,3.62,3.62,269881
2026-09-14T10:09:00.000Z,2026-09-14T13:09:00,3.62,3.63,3.61,3.61,153410
2026-09-14T10:10:00.000Z,2026-09-14T13:10:00,3.61,3.61,3.61,3.61,116742
2026-09-14T10:11:00.000Z,2026-09-14T13:11:00,3.62,3.62,3.62,3.62,6354
2026-09-14T10:12:00.000Z,2026-09-14T13:12:00,3.62,3.62,3.62,3.62,50000
2026-09-14T10:13:00.000Z,2026-09-14T13:13:00,3.62,3.62,3.62,3.62,37167
2026-09-14T10:15:00.000Z,2026-09-14T13:15:00,3.62,3.62,3.61,3.62,22849
2026-09-14T10:16:00.000Z,2026-09-14T13:16:00,3.62,3.62,3.62,3.62,114790
2026-09-14T10:17:00.000Z,2026-09-14T13:17:00,3.63,3.63,3.63,3.63,7321
2026-09-14T10:18:00.000Z,2026-09-14T13:18:00,3.62,3.62,3.62,3.62,1224
2026-09-14T10:19:00.000Z,2026-09-14T13:19:00,3.62,3.62,3.62,3.62,109375
2026-09-14T10:20:00.000Z,2026-09-14T13:20:00,3.62,3.62,3.62,3.62,35702
2026-09-14T10:21:00.000Z,2026-09-14T13:21:00,3.63,3.63,3.63,3.63,48162
2026-09-14T10:22:00.000Z,2026-09-14T13:22:00,3.63,3.63,3.62,3.62,5078
2026-09-14T10:23:00.000Z,2026-09-14T13:23:00,3.63,3.63,3.61,3.61,7413
2026-09-14T10:24:00.000Z,2026-09-14T13:24:00,3.62,3.62,3.61,3.61,346
2026-09-14T10:26:00.000Z,2026-09-14T13:26:00,3.61,3.61,3.61,3.61,11938
2026-09-14T10:27:00.000Z,2026-09-14T13:27:00,3.61,3.62,3.61,3.61,37802
2026-09-14T10:28:00.000Z,2026-09-14T13:28:00,3.62,3.62,3.61,3.62,24441
2026-09-14T10:29:00.000Z,2026-09-14T13:29:00,3.62,3.62,3.62,3.62,30
2026-09-14T10:30:00.000Z,2026-09-14T13:30:00,3.62,3.62,3.61,3.62,780
2026-09-14T10:31:00.000Z,2026-09-14T13:31:00,3.61,3.62,3.61,3.61,767300
2026-09-14T10:32:00.000Z,2026-09-14T13:32:00,3.61,3.61,3.58,3.58,299682
2026-09-14T10:33:00.000Z,2026-09-14T13:33:00,3.58,3.65,3.58,3.58,1053579
2026-09-14T10:34:00.000Z,2026-09-14T13:34:00,3.63,3.67,3.61,3.62,1005727
2026-09-14T10:35:00.000Z,2026-09-14T13:35:00,3.61,3.61,3.61,3.61,13050
2026-09-14T10:36:00.000Z,2026-09-14T13:36:00,3.61,3.64,3.61,3.64,11192
2026-09-14T10:37:00.000Z,2026-09-14T13:37:00,3.63,3.63,3.63,3.63,18227
2026-09-14T10:38:00.000Z,2026-09-14T13:38:00,3.63,3.63,3.6,3.62,26964
2026-09-14T10:39:00.000Z,2026-09-14T13:39:00,3.6,3.6,3.6,3.6,7718
2026-09-14T10:40:00.000Z,2026-09-14T13:40:00,3.6,3.6,3.6,3.6,10800
2026-09-14T10:41:00.000Z,2026-09-14T13:41:00,3.6,3.65,3.6,3.63,490571
2026-09-14T10:42:00.000Z,2026-09-14T13:42:00,3.61,3.63,3.61,3.63,656
2026-09-14T10:43:00.000Z,2026-09-14T13:43:00,3.61,3.61,3.6,3.6,35740
2026-09-14T10:44:00.000Z,2026-09-14T13:44:00,3.61,3.61,3.6,3.61,15766
2026-09-14T10:45:00.000Z,2026-09-14T13:45:00,3.61,3.62,3.61,3.62,37054
2026-09-14T10:46:00.000Z,2026-09-14T13:46:00,3.62,3.62,3.61,3.62,6030
2026-09-14T10:47:00.000Z,2026-09-14T13:47:00,3.62,3.62,3.61,3.61,22850
2026-09-14T10:48:00.000Z,2026-09-14T13:48:00,3.62,3.62,3.62,3.62,17878
2026-09-14T10:49:00.000Z,2026-09-14T13:49:00,3.62,3.62,3.62,3.62,782
2026-09-14T10:50:00.000Z,2026-09-14T13:50:00,3.61,3.62,3.6,3.6,100771
2026-09-14T10:51:00.000Z,2026-09-14T13:51:00,3.61,3.61,3.6,3.6,112321
2026-09-14T10:52:00.000Z,2026-09-14T13:52:00,3.6,3.61,3.59,3.6,42007
2026-09-14T10:53:00.000Z,2026-09-14T13:53:00,3.6,3.6,3.59,3.6,49783
2026-09-14T10:54:00.000Z,2026-09-14T13:54:00,3.6,3.6,3.6,3.6,65879
2026-09-14T10:55:00.000Z,2026-09-14T13:55:00,3.6,3.6,3.59,3.59,7480
2026-09-14T10:56:00.000Z,2026-09-14T13:56:00,3.61,3.61,3.59,3.6,15126
2026-09-14T10:57:00.000Z,2026-09-14T13:57:00,3.61,3.61,3.6,3.61,106
2026-09-14T10:58:00.000Z,2026-09-14T13:58:00,3.61,3.61,3.6,3.61,1570
2026-09-14T10:59:00.000Z,2026-09-14T13:59:00,3.6,3.61,3.6,3.61,17362
2026-09-14T11:00:00.000Z,2026-09-14T14:00:00,3.61,3.61,3.6,3.61,23803
2026-09-14T11:01:00.000Z,2026-09-14T14:01:00,3.61,3.61,3.6,3.6,315684
2026-09-14T11:02:00.000Z,2026-09-14T14:02:00,3.6,3.61,3.6,3.61,49475
2026-09-14T11:03:00.000Z,2026-09-14T14:03:00,3.61,3.61,3.61,3.61,16742
2026-09-14T11:04:00.000Z,2026-09-14T14:04:00,3.61,3.61,3.6,3.61,17386
2026-09-14T11:05:00.000Z,2026-09-14T14:05:00,3.61,3.61,3.6,3.6,156085
2026-09-14T11:06:00.000Z,2026-09-14T14:06:00,3.59,3.6,3.58,3.58,39164
2026-09-14T11:07:00.000Z,2026-09-14T14:07:00,3.58,3.6,3.58,3.6,43510
2026-09-14T11:08:00.000Z,2026-09-14T14:08:00,3.6,3.6,3.59,3.59,8020
2026-09-14T11:09:00.000Z,2026-09-14T14:09:00,3.59,3.59,3.58,3.58,99986
2026-09-14T11:10:00.000Z,2026-09-14T14:10:00,3.58,3.59,3.58,3.59,82692
2026-09-14T11:11:00.000Z,2026-09-14T14:11:00,3.59,3.6,3.58,3.59,118199
2026-09-14T11:12:00.000Z,2026-09-14T14:12:00,3.59,3.59,3.58,3.58,219499
2026-09-14T11:13:00.000Z,2026-09-14T14:13:00,3.58,3.59,3.58,3.59,115763
2026-09-14T11:14:00.000Z,2026-09-14T14:14:00,3.58,3.64,3.58,3.6,1496735
2026-09-14T11:15:00.000Z,2026-09-14T14:15:00,3.6,3.6,3.6,3.6,1000
2026-09-14T11:25:00.000Z,2026-09-14T14:25:00,3.59,3.59,3.59,3.59,1934860
2026-09-14T11:26:00.000Z,2026-09-14T14:26:00,3.59,3.59,3.59,3.59,200065
2026-09-14T11:27:00.000Z,2026-09-14T14:27:00,3.59,3.59,3.59,3.59,609899
2026-09-14T11:28:00.000Z,2026-09-14T14:28:00,3.59,3.59,3.59,3.59,55981
2026-09-14T11:29:00.000Z,2026-09-14T14:29:00,3.59,3.59,3.59,3.59,50044
2026-09-15T07:00:00.000Z,2026-09-15T10:00:00,3.58,3.58,3.57,3.57,597008
2026-09-15T07:01:00.000Z,2026-09-15T10:01:00,3.57,3.6,3.57,3.6,55849
2026-09-15T07:02:00.000Z,2026-09-15T10:02:00,3.6,3.6,3.57,3.57,81764
2026-09-15T07:03:00.000Z,2026-09-15T10:03:00,3.59,3.59,3.57,3.59,67430
2026-09-15T07:04:00.000Z,2026-09-15T10:04:00,3.58,3.59,3.58,3.59,59025
2026-09-15T07:05:00.000Z,2026-09-15T10:05:00,3.58,3.58,3.57,3.57,4575
2026-09-15T07:06:00.000Z,2026-09-15T10:06:00,3.57,3.58,3.56,3.56,79617
2026-09-15T07:07:00.000Z,2026-09-15T10:07:00,3.58,3.59,3.55,3.55,128103
2026-09-15T07:08:00.000Z,2026-09-15T10:08:00,3.58,3.58,3.56,3.56,25209
2026-09-15T07:09:00.000Z,2026-09-15T10:09:00,3.57,3.59,3.55,3.55,1407775
2026-09-15T07:10:00.000Z,2026-09-15T10:10:00,3.59,3.59,3.56,3.59,6201
2026-09-15T07:11:00.000Z,2026-09-15T10:11:00,3.56,3.59,3.56,3.58,5758
2026-09-15T07:12:00.000Z,2026-09-15T10:12:00,3.57,3.58,3.57,3.58,16258
2026-09-15T07:13:00.000Z,2026-09-15T10:13:00,3.59,3.59,3.58,3.59,203712
2026-09-15T07:14:00.000Z,2026-09-15T10:14:00,3.59,3.64,3.59,3.64,254981
2026-09-15T07:15:00.000Z,2026-09-15T10:15:00,3.63,3.64,3.63,3.63,119381
2026-09-15T07:16:00.000Z,2026-09-15T10:16:00,3.63,3.67,3.63,3.66,206427
2026-09-15T07:17:00.000Z,2026-09-15T10:17:00,3.66,3.68,3.66,3.66,711503
2026-09-15T07:18:00.000Z,2026-09-15T10:18:00,3.67,3.67,3.65,3.66,340250
2026-09-15T07:19:00.000Z,2026-09-15T10:19:00,3.66,3.67,3.66,3.66,172359
2026-09-15T07:20:00.000Z,2026-09-15T10:20:00,3.67,3.67,3.65,3.65,274107
2026-09-15T07:21:00.000Z,2026-09-15T10:21:00,3.66,3.68,3.66,3.67,698439
2026-09-15T07:22:00.000Z,2026-09-15T10:22:00,3.67,3.68,3.67,3.68,149695
2026-09-15T07:23:00.000Z,2026-09-15T10:23:00,3.68,3.68,3.67,3.68,70193
2026-09-15T07:24:00.000Z,2026-09-15T10:24:00,3.68,3.69,3.67,3.68,721195
2026-09-15T07:25:00.000Z,2026-09-15T10:25:00,3.68,3.68,3.67,3.68,339966
2026-09-15T07:26:00.000Z,2026-09-15T10:26:00,3.69,3.69,3.67,3.69,267869
2026-09-15T07:27:00.000Z,2026-09-15T10:27:00,3.68,3.68,3.67,3.67,372303
2026-09-15T07:28:00.000Z,2026-09-15T10:28:00,3.67,3.68,3.67,3.67,204348
2026-09-15T07:29:00.000Z,2026-09-15T10:29:00,3.67,3.7,3.67,3.7,2057372
2026-09-15T07:30:00.000Z,2026-09-15T10:30:00,3.7,3.7,3.68,3.68,330451
2026-09-15T07:31:00.000Z,2026-09-15T10:31:00,3.68,3.68,3.66,3.67,215570
2026-09-15T07:32:00.000Z,2026-09-15T10:32:00,3.67,3.68,3.66,3.66,506630
2026-09-15T07:33:00.000Z,2026-09-15T10:33:00,3.66,3.68,3.66,3.67,58682
2026-09-15T07:34:00.000Z,2026-09-15T10:34:00,3.68,3.68,3.66,3.66,84453
2026-09-15T07:35:00.000Z,2026-09-15T10:35:00,3.67,3.67,3.65,3.65,1110741
2026-09-15T07:36:00.000Z,2026-09-15T10:36:00,3.65,3.67,3.64,3.65,1514813
2026-09-15T07:37:00.000Z,2026-09-15T10:37:00,3.64,3.65,3.6,3.65,774928
2026-09-15T07:38:00.000Z,2026-09-15T10:38:00,3.65,3.65,3.61,3.65,18742
2026-09-15T07:39:00.000Z,2026-09-15T10:39:00,3.65,3.65,3.62,3.62,23306
2026-09-15T07:40:00.000Z,2026-09-15T10:40:00,3.63,3.64,3.63,3.64,24476
2026-09-15T07:41:00.000Z,2026-09-15T10:41:00,3.64,3.64,3.63,3.64,6520
2026-09-15T07:42:00.000Z,2026-09-15T10:42:00,3.64,3.64,3.63,3.64,104445
2026-09-15T07:43:00.000Z,2026-09-15T10:43:00,3.65,3.65,3.62,3.64,314464
2026-09-15T07:44:00.000Z,2026-09-15T10:44:00,3.64,3.65,3.64,3.65,57200
2026-09-15T07:45:00.000Z,2026-09-15T10:45:00,3.65,3.65,3.64,3.64,289374
2026-09-15T07:46:00.000Z,2026-09-15T10:46:00,3.63,3.63,3.62,3.63,207101
2026-09-15T07:47:00.000Z,2026-09-15T10:47:00,3.62,3.63,3.62,3.63,10814
2026-09-15T07:48:00.000Z,2026-09-15T10:48:00,3.63,3.63,3.62,3.63,21427
2026-09-15T07:49:00.000Z,2026-09-15T10:49:00,3.63,3.63,3.62,3.62,1717
2026-09-15T07:50:00.000Z,2026-09-15T10:50:00,3.62,3.63,3.62,3.63,90379
2026-09-15T07:51:00.000Z,2026-09-15T10:51:00,3.62,3.62,3.62,3.62,164
2026-09-15T07:52:00.000Z,2026-09-15T10:52:00,3.62,3.62,3.62,3.62,184931
2026-09-15T07:53:00.000Z,2026-09-15T10:53:00,3.62,3.62,3.61,3.61,47676
2026-09-15T07:54:00.000Z,2026-09-15T10:54:00,3.61,3.62,3.61,3.61,652651
2026-09-15T07:55:00.000Z,2026-09-15T10:55:00,3.61,3.61,3.6,3.61,1428148
2026-09-15T07:56:00.000Z,2026-09-15T10:56:00,3.61,3.63,3.61,3.63,479208
2026-09-15T07:57:00.000Z,2026-09-15T10:57:00,3.63,3.66,3.63,3.66,347064
2026-09-15T07:58:00.000Z,2026-09-15T10:58:00,3.66,3.66,3.63,3.64,9043
2026-09-15T07:59:00.000Z,2026-09-15T10:59:00,3.64,3.64,3.64,3.64,45106
2026-09-15T08:00:00.000Z,2026-09-15T11:00:00,3.63,3.64,3.63,3.63,111052
2026-09-15T08:01:00.000Z,2026-09-15T11:01:00,3.63,3.63,3.62,3.63,11192
2026-09-15T08:02:00.000Z,2026-09-15T11:02:00,3.62,3.63,3.62,3.63,134610
2026-09-15T08:03:00.000Z,2026-09-15T11:03:00,3.63,3.63,3.62,3.62,141501
2026-09-15T08:04:00.000Z,2026-09-15T11:04:00,3.62,3.63,3.62,3.63,22478
2026-09-15T08:05:00.000Z,2026-09-15T11:05:00,3.63,3.63,3.62,3.62,6264
2026-09-15T08:06:00.000Z,2026-09-15T11:06:00,3.62,3.62,3.62,3.62,3000
2026-09-15T08:07:00.000Z,2026-09-15T11:07:00,3.63,3.63,3.63,3.63,174
2026-09-15T08:08:00.000Z,2026-09-15T11:08:00,3.63,3.63,3.63,3.63,102482
2026-09-15T08:09:00.000Z,2026-09-15T11:09:00,3.63,3.64,3.63,3.64,586678
2026-09-15T08:10:00.000Z,2026-09-15T11:10:00,3.64,3.64,3.64,3.64,427069
2026-09-15T08:11:00.000Z,2026-09-15T11:11:00,3.65,3.68,3.65,3.68,5215556
2026-09-15T08:12:00.000Z,2026-09-15T11:12:00,3.67,3.67,3.66,3.67,42220
2026-09-15T08:13:00.000Z,2026-09-15T11:13:00,3.66,3.68,3.65,3.68,3457479
2026-09-15T08:14:00.000Z,2026-09-15T11:14:00,3.68,3.68,3.67,3.67,38007
2026-09-15T08:15:00.000Z,2026-09-15T11:15:00,3.68,3.68,3.67,3.67,327830
2026-09-15T08:16:00.000Z,2026-09-15T11:16:00,3.67,3.67,3.67,3.67,493
2026-09-15T08:17:00.000Z,2026-09-15T11:17:00,3.66,3.66,3.65,3.66,29209
2026-09-15T08:18:00.000Z,2026-09-15T11:18:00,3.66,3.66,3.65,3.65,181623
2026-09-15T08:19:00.000Z,2026-09-15T11:19:00,3.64,3.64,3.64,3.64,47936
2026-09-15T08:20:00.000Z,2026-09-15T11:20:00,3.64,3.64,3.64,3.64,11559
2026-09-15T08:21:00.000Z,2026-09-15T11:21:00,3.64,3.65,3.64,3.64,103930
2026-09-15T08:22:00.000Z,2026-09-15T11:22:00,3.65,3.65,3.64,3.65,50714
2026-09-15T08:23:00.000Z,2026-09-15T11:23:00,3.64,3.64,3.64,3.64,69630
2026-09-15T08:24:00.000Z,2026-09-15T11:24:00,3.64,3.64,3.63,3.64,60693
2026-09-15T08:25:00.000Z,2026-09-15T11:25:00,3.64,3.64,3.64,3.64,2068
2026-09-15T08:26:00.000Z,2026-09-15T11:26:00,3.64,3.65,3.64,3.64,2115
2026-09-15T08:27:00.000Z,2026-09-15T11:27:00,3.65,3.65,3.65,3.65,9
2026-09-15T08:28:00.000Z,2026-09-15T11:28:00,3.65,3.65,3.64,3.65,172650
2026-09-15T08:29:00.000Z,2026-09-15T11:29:00,3.65,3.65,3.64,3.65,70117
2026-09-15T08:30:00.000Z,2026-09-15T11:30:00,3.65,3.65,3.64,3.64,10103
2026-09-15T08:31:00.000Z,2026-09-15T11:31:00,3.64,3.65,3.64,3.65,157301
2026-09-15T08:32:00.000Z,2026-09-15T11:32:00,3.64,3.65,3.64,3.65,4219
2026-09-15T08:33:00.000Z,2026-09-15T11:33:00,3.65,3.65,3.65,3.65,55682
2026-09-15T08:34:00.000Z,2026-09-15T11:34:00,3.65,3.65,3.65,3.65,12842
2026-09-15T08:35:00.000Z,2026-09-15T11:35:00,3.65,3.65,3.64,3.64,1453
2026-09-15T08:36:00.000Z,2026-09-15T11:36:00,3.65,3.65,3.64,3.64,31012
2026-09-15T08:37:00.000Z,2026-09-15T11:37:00,3.64,3.65,3.64,3.65,20107
2026-09-15T08:38:00.000Z,2026-09-15T11:38:00,3.65,3.65,3.64,3.65,228148
2026-09-15T08:39:00.000Z,2026-09-15T11:39:00,3.65,3.65,3.65,3.65,1139
2026-09-15T08:40:00.000Z,2026-09-15T11:40:00,3.65,3.65,3.64,3.64,1432
2026-09-15T08:41:00.000Z,2026-09-15T11:41:00,3.65,3.65,3.64,3.65,11394
2026-09-15T08:42:00.000Z,2026-09-15T11:42:00,3.65,3.65,3.65,3.65,3432
2026-09-15T08:43:00.000Z,2026-09-15T11:43:00,3.64,3.65,3.64,3.65,1750
2026-09-15T08:44:00.000Z,2026-09-15T11:44:00,3.65,3.65,3.64,3.65,29056
2026-09-15T08:45:00.000Z,2026-09-15T11:45:00,3.64,3.65,3.64,3.64,47598
2026-09-15T08:46:00.000Z,2026-09-15T11:46:00,3.64,3.65,3.64,3.65,600919
2026-09-15T08:47:00.000Z,2026-09-15T11:47:00,3.65,3.65,3.65,3.65,54794
2026-09-15T08:48:00.000Z,2026-09-15T11:48:00,3.65,3.65,3.65,3.65,24156
2026-09-15T08:49:00.000Z,2026-09-15T11:49:00,3.65,3.65,3.65,3.65,2983
2026-09-15T08:50:00.000Z,2026-09-15T11:50:00,3.65,3.65,3.64,3.64,227750
2026-09-15T08:51:00.000Z,2026-09-15T11:51:00,3.64,3.65,3.64,3.65,5081
2026-09-15T08:52:00.000Z,2026-09-15T11:52:00,3.64,3.64,3.63,3.64,403683
2026-09-15T08:53:00.000Z,2026-09-15T11:53:00,3.64,3.65,3.64,3.65,25150
2026-09-15T08:54:00.000Z,2026-09-15T11:54:00,3.65,3.65,3.64,3.64,112523
2026-09-15T08:55:00.000Z,2026-09-15T11:55:00,3.64,3.64,3.64,3.64,37474
2026-09-15T08:56:00.000Z,2026-09-15T11:56:00,3.64,3.64,3.64,3.64,173
2026-09-15T08:57:00.000Z,2026-09-15T11:57:00,3.64,3.64,3.64,3.64,53057
2026-09-15T08:58:00.000Z,2026-09-15T11:58:00,3.63,3.64,3.61,3.63,1104709
2026-09-15T08:59:00.000Z,2026-09-15T11:59:00,3.63,3.66,3.62,3.62,3292560
2026-09-15T09:00:00.000Z,2026-09-15T12:00:00,3.64,3.64,3.62,3.63,187376
2026-09-15T09:01:00.000Z,2026-09-15T12:01:00,3.62,3.62,3.6,3.6,2064970
2026-09-15T09:02:00.000Z,2026-09-15T12:02:00,3.62,3.62,3.57,3.58,936449
2026-09-15T09:03:00.000Z,2026-09-15T12:03:00,3.59,3.59,3.58,3.59,21472
2026-09-15T09:04:00.000Z,2026-09-15T12:04:00,3.58,3.59,3.58,3.59,93357
2026-09-15T09:05:00.000Z,2026-09-15T12:05:00,3.59,3.6,3.59,3.59,76438
2026-09-15T09:06:00.000Z,2026-09-15T12:06:00,3.59,3.59,3.58,3.59,72148
2026-09-15T09:07:00.000Z,2026-09-15T12:07:00,3.59,3.59,3.58,3.58,190722
2026-09-15T09:08:00.000Z,2026-09-15T12:08:00,3.58,3.58,3.57,3.58,61199
2026-09-15T09:09:00.000Z,2026-09-15T12:09:00,3.57,3.57,3.56,3.56,360177
2026-09-15T09:10:00.000Z,2026-09-15T12:10:00,3.57,3.57,3.55,3.55,182732
2026-09-15T09:11:00.000Z,2026-09-15T12:11:00,3.56,3.58,3.55,3.58,175822
2026-09-15T09:12:00.000Z,2026-09-15T12:12:00,3.58,3.58,3.58,3.58,53861
2026-09-15T09:13:00.000Z,2026-09-15T12:13:00,3.58,3.58,3.57,3.57,84628
2026-09-15T09:14:00.000Z,2026-09-15T12:14:00,3.57,3.58,3.57,3.57,34000
2026-09-15T09:15:00.000Z,2026-09-15T12:15:00,3.58,3.58,3.57,3.58,8208
2026-09-15T09:16:00.000Z,2026-09-15T12:16:00,3.58,3.59,3.58,3.58,61638
2026-09-15T09:17:00.000Z,2026-09-15T12:17:00,3.58,3.58,3.58,3.58,37150
2026-09-15T09:18:00.000Z,2026-09-15T12:18:00,3.58,3.58,3.57,3.57,110062
2026-09-15T09:19:00.000Z,2026-09-15T12:19:00,3.58,3.58,3.57,3.58,3625014
2026-09-15T09:20:00.000Z,2026-09-15T12:20:00,3.58,3.58,3.58,3.58,3351
2026-09-15T09:21:00.000Z,2026-09-15T12:21:00,3.57,3.59,3.56,3.58,113765
2026-09-15T09:22:00.000Z,2026-09-15T12:22:00,3.57,3.58,3.57,3.58,92093
2026-09-15T09:23:00.000Z,2026-09-15T12:23:00,3.57,3.58,3.57,3.58,11588
2026-09-15T09:24:00.000Z,2026-09-15T12:24:00,3.58,3.59,3.58,3.59,79514
2026-09-15T09:25:00.000Z,2026-09-15T12:25:00,3.58,3.59,3.58,3.59,79256
2026-09-15T09:26:00.000Z,2026-09-15T12:26:00,3.59,3.6,3.59,3.6,151838
2026-09-15T09:27:00.000Z,2026-09-15T12:27:00,3.6,3.61,3.6,3.6,204432
2026-09-15T09:28:00.000Z,2026-09-15T12:28:00,3.6,3.61,3.6,3.6,177955
2026-09-15T09:29:00.000Z,2026-09-15T12:29:00,3.61,3.61,3.61,3.61,2925
2026-09-15T09:30:00.000Z,2026-09-15T12:30:00,3.61,3.61,3.6,3.61,113154
2026-09-15T09:31:00.000Z,2026-09-15T12:31:00,3.6,3.61,3.6,3.61,5219
2026-09-15T09:32:00.000Z,2026-09-15T12:32:00,3.6,3.6,3.6,3.6,50773
2026-09-15T09:33:00.000Z,2026-09-15T12:33:00,3.59,3.59,3.59,3.59,51136
2026-09-15T09:34:00.000Z,2026-09-15T12:34:00,3.59,3.61,3.59,3.61,287384
2026-09-15T09:35:00.000Z,2026-09-15T12:35:00,3.61,3.61,3.61,3.61,2003
2026-09-15T09:36:00.000Z,2026-09-15T12:36:00,3.6,3.61,3.6,3.61,8864
2026-09-15T09:37:00.000Z,2026-09-15T12:37:00,3.61,3.61,3.6,3.61,39474
2026-09-15T09:38:00.000Z,2026-09-15T12:38:00,3.61,3.61,3.6,3.6,201492
2026-09-15T09:39:00.000Z,2026-09-15T12:39:00,3.6,3.6,3.59,3.59,50522
2026-09-15T09:40:00.000Z,2026-09-15T12:40:00,3.6,3.6,3.59,3.59,3014
2026-09-15T09:41:00.000Z,2026-09-15T12:41:00,3.59,3.6,3.59,3.6,476821
2026-09-15T09:42:00.000Z,2026-09-15T12:42:00,3.6,3.61,3.6,3.61,602072
2026-09-15T09:43:00.000Z,2026-09-15T12:43:00,3.61,3.61,3.61,3.61,1911
2026-09-15T09:44:00.000Z,2026-09-15T12:44:00,3.61,3.61,3.6,3.61,61001
2026-09-15T09:45:00.000Z,2026-09-15T12:45:00,3.61,3.62,3.61,3.61,179305
2026-09-15T09:46:00.000Z,2026-09-15T12:46:00,3.61,3.62,3.61,3.62,601657
2026-09-15T09:47:00.000Z,2026-09-15T12:47:00,3.62,3.62,3.62,3.62,328280
2026-09-15T09:48:00.000Z,2026-09-15T12:48:00,3.62,3.62,3.62,3.62,220223
2026-09-15T09:49:00.000Z,2026-09-15T12:49:00,3.62,3.62,3.6,3.6,2010000
2026-09-15T09:50:00.000Z,2026-09-15T12:50:00,3.61,3.65,3.61,3.65,3053600
2026-09-15T09:51:00.000Z,2026-09-15T12:51:00,3.64,3.64,3.63,3.63,94462
2026-09-15T09:52:00.000Z,2026-09-15T12:52:00,3.62,3.62,3.62,3.62,8550
2026-09-15T09:53:00.000Z,2026-09-15T12:53:00,3.62,3.62,3.61,3.62,21728
2026-09-15T09:54:00.000Z,2026-09-15T12:54:00,3.62,3.62,3.61,3.61,108983
2026-09-15T09:55:00.000Z,2026-09-15T12:55:00,3.61,3.61,3.61,3.61,33172
2026-09-15T09:56:00.000Z,2026-09-15T12:56:00,3.62,3.63,3.62,3.63,135251
2026-09-15T09:57:00.000Z,2026-09-15T12:57:00,3.63,3.63,3.63,3.63,3300
2026-09-15T09:58:00.000Z,2026-09-15T12:58:00,3.63,3.63,3.62,3.63,217451
2026-09-15T09:59:00.000Z,2026-09-15T12:59:00,3.62,3.62,3.62,3.62,214498
2026-09-15T10:00:00.000Z,2026-09-15T13:00:00,3.62,3.62,3.62,3.62,14
2026-09-15T10:02:00.000Z,2026-09-15T13:02:00,3.62,3.62,3.61,3.61,250
2026-09-15T10:03:00.000Z,2026-09-15T13:03:00,3.61,3.62,3.61,3.61,17551
2026-09-15T10:04:00.000Z,2026-09-15T13:04:00,3.61,3.62,3.61,3.62,40034
2026-09-15T10:05:00.000Z,2026-09-15T13:05:00,3.61,3.61,3.61,3.61,335719
2026-09-15T10:06:00.000Z,2026-09-15T13:06:00,3.61,3.61,3.61,3.61,100002
2026-09-15T10:07:00.000Z,2026-09-15T13:07:00,3.61,3.61,3.6,3.6,5100
2026-09-15T10:08:00.000Z,2026-09-15T13:08:00,3.61,3.61,3.61,3.61,102014
2026-09-15T10:09:00.000Z,2026-09-15T13:09:00,3.61,3.61,3.6,3.6,392390
2026-09-15T10:10:00.000Z,2026-09-15T13:10:00,3.61,3.61,3.61,3.61,1456
2026-09-15T10:11:00.000Z,2026-09-15T13:11:00,3.6,3.61,3.6,3.6,94707
2026-09-15T10:12:00.000Z,2026-09-15T13:12:00,3.61,3.61,3.61,3.61,4255
2026-09-15T10:13:00.000Z,2026-09-15T13:13:00,3.61,3.61,3.61,3.61,100000
2026-09-15T10:14:00.000Z,2026-09-15T13:14:00,3.61,3.61,3.6,3.6,72050
2026-09-15T10:15:00.000Z,2026-09-15T13:15:00,3.61,3.61,3.61,3.61,13
2026-09-15T10:17:00.000Z,2026-09-15T13:17:00,3.61,3.62,3.6,3.6,187809
2026-09-15T10:18:00.000Z,2026-09-15T13:18:00,3.6,3.61,3.6,3.61,965
2026-09-15T10:19:00.000Z,2026-09-15T13:19:00,3.62,3.62,3.62,3.62,102197
2026-09-15T10:20:00.000Z,2026-09-15T13:20:00,3.61,3.61,3.61,3.61,100047
2026-09-15T10:21:00.000Z,2026-09-15T13:21:00,3.61,3.61,3.61,3.61,100019
2026-09-15T10:22:00.000Z,2026-09-15T13:22:00,3.61,3.61,3.6,3.6,20989
2026-09-15T10:23:00.000Z,2026-09-15T13:23:00,3.6,3.61,3.6,3.61,5586
2026-09-15T10:24:00.000Z,2026-09-15T13:24:00,3.6,3.6,3.6,3.6,11
2026-09-15T10:25:00.000Z,2026-09-15T13:25:00,3.6,3.6,3.59,3.59,545604
2026-09-15T10:26:00.000Z,2026-09-15T13:26:00,3.59,3.6,3.59,3.6,314260
2026-09-15T10:27:00.000Z,2026-09-15T13:27:00,3.6,3.6,3.6,3.6,4361
2026-09-15T10:28:00.000Z,2026-09-15T13:28:00,3.6,3.6,3.59,3.59,5357
2026-09-15T10:29:00.000Z,2026-09-15T13:29:00,3.6,3.6,3.59,3.6,11951
2026-09-15T10:30:00.000Z,2026-09-15T13:30:00,3.6,3.6,3.6,3.6,3493
2026-09-15T10:31:00.000Z,2026-09-15T13:31:00,3.6,3.6,3.6,3.6,379
2026-09-15T10:32:00.000Z,2026-09-15T13:32:00,3.6,3.6,3.6,3.6,3122
2026-09-15T10:33:00.000Z,2026-09-15T13:33:00,3.6,3.6,3.59,3.59,35359
2026-09-15T10:34:00.000Z,2026-09-15T13:34:00,3.59,3.59,3.59,3.59,50000
2026-09-15T10:35:00.000Z,2026-09-15T13:35:00,3.6,3.6,3.59,3.59,3085
2026-09-15T10:36:00.000Z,2026-09-15T13:36:00,3.59,3.6,3.59,3.6,21932
2026-09-15T10:37:00.000Z,2026-09-15T13:37:00,3.6,3.6,3.6,3.6,59
2026-09-15T10:39:00.000Z,2026-09-15T13:39:00,3.6,3.6,3.59,3.6,15448
2026-09-15T10:40:00.000Z,2026-09-15T13:40:00,3.6,3.6,3.59,3.6,2664
2026-09-15T10:41:00.000Z,2026-09-15T13:41:00,3.6,3.61,3.59,3.61,44832
2026-09-15T10:42:00.000Z,2026-09-15T13:42:00,3.6,3.6,3.6,3.6,6
2026-09-15T10:43:00.000Z,2026-09-15T13:43:00,3.59,3.6,3.59,3.6,841
2026-09-15T10:44:00.000Z,2026-09-15T13:44:00,3.59,3.59,3.59,3.59,2659267
2026-09-15T10:45:00.000Z,2026-09-15T13:45:00,3.59,3.6,3.59,3.6,317
2026-09-15T10:46:00.000Z,2026-09-15T13:46:00,3.6,3.6,3.58,3.58,14257
2026-09-15T10:47:00.000Z,2026-09-15T13:47:00,3.59,3.59,3.59,3.59,54400
2026-09-15T10:48:00.000Z,2026-09-15T13:48:00,3.59,3.59,3.59,3.59,61602
2026-09-15T10:49:00.000Z,2026-09-15T13:49:00,3.59,3.59,3.58,3.58,27675
2026-09-15T10:50:00.000Z,2026-09-15T13:50:00,3.58,3.6,3.58,3.59,2185
2026-09-15T10:51:00.000Z,2026-09-15T13:51:00,3.58,3.58,3.58,3.58,456034
2026-09-15T10:52:00.000Z,2026-09-15T13:52:00,3.57,3.57,3.56,3.57,835164
2026-09-15T10:53:00.000Z,2026-09-15T13:53:00,3.57,3.58,3.57,3.57,27254
2026-09-15T10:54:00.000Z,2026-09-15T13:54:00,3.58,3.59,3.57,3.59,499974
2026-09-15T10:55:00.000Z,2026-09-15T13:55:00,3.58,3.58,3.57,3.58,73584
2026-09-15T10:56:00.000Z,2026-09-15T13:56:00,3.57,3.58,3.57,3.57,86070
2026-09-15T10:57:00.000Z,2026-09-15T13:57:00,3.57,3.57,3.57,3.57,14770
2026-09-15T10:58:00.000Z,2026-09-15T13:58:00,3.57,3.58,3.57,3.58,95721
2026-09-15T10:59:00.000Z,2026-09-15T13:59:00,3.57,3.58,3.57,3.58,50289
2026-09-15T11:00:00.000Z,2026-09-15T14:00:00,3.58,3.58,3.58,3.58,9
2026-09-15T11:01:00.000Z,2026-09-15T14:01:00,3.57,3.57,3.57,3.57,4675
2026-09-15T11:02:00.000Z,2026-09-15T14:02:00,3.57,3.57,3.55,3.55,746228
2026-09-15T11:03:00.000Z,2026-09-15T14:03:00,3.57,3.57,3.55,3.56,3518157
2026-09-15T11:04:00.000Z,2026-09-15T14:04:00,3.55,3.58,3.55,3.58,819829
2026-09-15T11:05:00.000Z,2026-09-15T14:05:00,3.57,3.57,3.56,3.57,157757
2026-09-15T11:06:00.000Z,2026-09-15T14:06:00,3.56,3.56,3.55,3.55,388500
2026-09-15T11:07:00.000Z,2026-09-15T14:07:00,3.55,3.55,3.54,3.54,167167
2026-09-15T11:08:00.000Z,2026-09-15T14:08:00,3.55,3.56,3.55,3.56,205317
2026-09-15T11:09:00.000Z,2026-09-15T14:09:00,3.56,3.56,3.55,3.56,140552
2026-09-15T11:10:00.000Z,2026-09-15T14:10:00,3.56,3.56,3.55,3.55,111809
2026-09-15T11:11:00.000Z,2026-09-15T14:11:00,3.56,3.56,3.54,3.55,496771
2026-09-15T11:12:00.000Z,2026-09-15T14:12:00,3.55,3.56,3.54,3.55,1275019
2026-09-15T11:13:00.000Z,2026-09-15T14:13:00,3.55,3.55,3.54,3.54,257368
2026-09-15T11:14:00.000Z,2026-09-15T14:14:00,3.54,3.55,3.54,3.54,369184
2026-09-15T11:15:00.000Z,2026-09-15T14:15:00,3.56,3.6,3.56,3.6,200000
2026-09-15T11:25:00.000Z,2026-09-15T14:25:00,3.6,3.6,3.6,3.6,74699
2026-09-15T11:26:00.000Z,2026-09-15T14:26:00,3.6,3.6,3.6,3.6,8000
2026-09-15T11:29:00.000Z,2026-09-15T14:29:00,3.6,3.6,3.6,3.6,65000
2026-09-16T07:00:00.000Z,2026-09-16T10:00:00,3.6,3.62,3.6,3.6,138589
2026-09-16T07:01:00.000Z,2026-09-16T10:01:00,3.6,3.6,3.58,3.58,9957
2026-09-16T07:02:00.000Z,2026-09-16T10:02:00,3.58,3.59,3.57,3.59,468386
2026-09-16T07:03:00.000Z,2026-09-16T10:03:00,3.59,3.63,3.58,3.59,435005
2026-09-16T07:04:00.000Z,2026-09-16T10:04:00,3.62,3.62,3.59,3.6,6722
2026-09-16T07:05:00.000Z,2026-09-16T10:05:00,3.61,3.62,3.61,3.62,34406
2026-09-16T07:06:00.000Z,2026-09-16T10:06:00,3.62,3.64,3.62,3.64,630234
2026-09-16T07:07:00.000Z,2026-09-16T10:07:00,3.64,3.64,3.63,3.64,4558
2026-09-16T07:08:00.000Z,2026-09-16T10:08:00,3.64,3.65,3.63,3.63,528125
2026-09-16T07:09:00.000Z,2026-09-16T10:09:00,3.63,3.65,3.62,3.64,361724
2026-09-16T07:10:00.000Z,2026-09-16T10:10:00,3.63,3.63,3.62,3.62,13167
2026-09-16T07:11:00.000Z,2026-09-16T10:11:00,3.62,3.62,3.61,3.61,482967
2026-09-16T07:12:00.000Z,2026-09-16T10:12:00,3.62,3.62,3.61,3.61,18532
2026-09-16T07:13:00.000Z,2026-09-16T10:13:00,3.61,3.62,3.61,3.61,50228
2026-09-16T07:14:00.000Z,2026-09-16T10:14:00,3.61,3.61,3.61,3.61,606588
2026-09-16T07:15:00.000Z,2026-09-16T10:15:00,3.6,3.6,3.59,3.6,215000
2026-09-16T07:16:00.000Z,2026-09-16T10:16:00,3.6,3.61,3.6,3.6,185723
2026-09-16T07:17:00.000Z,2026-09-16T10:17:00,3.63,3.63,3.62,3.63,76157
2026-09-16T07:18:00.000Z,2026-09-16T10:18:00,3.61,3.63,3.61,3.63,2624
2026-09-16T07:19:00.000Z,2026-09-16T10:19:00,3.63,3.63,3.62,3.62,19969
2026-09-16T07:20:00.000Z,2026-09-16T10:20:00,3.62,3.64,3.62,3.64,108561
2026-09-16T07:21:00.000Z,2026-09-16T10:21:00,3.64,3.64,3.62,3.64,1467
2026-09-16T07:22:00.000Z,2026-09-16T10:22:00,3.62,3.64,3.62,3.62,323
2026-09-16T07:23:00.000Z,2026-09-16T10:23:00,3.64,3.64,3.63,3.63,39501
2026-09-16T07:24:00.000Z,2026-09-16T10:24:00,3.64,3.64,3.64,3.64,66
2026-09-16T07:25:00.000Z,2026-09-16T10:25:00,3.64,3.64,3.63,3.64,1600
2026-09-16T07:26:00.000Z,2026-09-16T10:26:00,3.63,3.63,3.62,3.63,200054
2026-09-16T07:27:00.000Z,2026-09-16T10:27:00,3.62,3.63,3.62,3.63,100884
2026-09-16T07:28:00.000Z,2026-09-16T10:28:00,3.63,3.64,3.62,3.63,27800
2026-09-16T07:29:00.000Z,2026-09-16T10:29:00,3.62,3.63,3.62,3.62,307386
2026-09-16T07:30:00.000Z,2026-09-16T10:30:00,3.62,3.68,3.62,3.66,3030615
2026-09-16T07:31:00.000Z,2026-09-16T10:31:00,3.68,3.68,3.65,3.65,105293
2026-09-16T07:32:00.000Z,2026-09-16T10:32:00,3.65,3.65,3.65,3.65,66358
2026-09-16T07:33:00.000Z,2026-09-16T10:33:00,3.65,3.65,3.64,3.65,25854
2026-09-16T07:34:00.000Z,2026-09-16T10:34:00,3.64,3.64,3.64,3.64,1458
2026-09-16T07:35:00.000Z,2026-09-16T10:35:00,3.64,3.65,3.64,3.65,13798
2026-09-16T07:36:00.000Z,2026-09-16T10:36:00,3.65,3.65,3.64,3.64,15864
2026-09-16T07:37:00.000Z,2026-09-16T10:37:00,3.64,3.64,3.63,3.64,23668
2026-09-16T07:38:00.000Z,2026-09-16T10:38:00,3.63,3.64,3.63,3.64,265594
2026-09-16T07:39:00.000Z,2026-09-16T10:39:00,3.63,3.64,3.63,3.64,1200
2026-09-16T07:40:00.000Z,2026-09-16T10:40:00,3.64,3.64,3.63,3.63,48150
2026-09-16T07:41:00.000Z,2026-09-16T10:41:00,3.63,3.64,3.63,3.64,13958
2026-09-16T07:42:00.000Z,2026-09-16T10:42:00,3.64,3.64,3.63,3.63,150617
2026-09-16T07:43:00.000Z,2026-09-16T10:43:00,3.63,3.63,3.62,3.63,155
2026-09-16T07:44:00.000Z,2026-09-16T10:44:00,3.63,3.64,3.63,3.64,4887
2026-09-16T07:45:00.000Z,2026-09-16T10:45:00,3.63,3.63,3.62,3.63,506537
2026-09-16T07:46:00.000Z,2026-09-16T10:46:00,3.63,3.63,3.62,3.62,13563
2026-09-16T07:47:00.000Z,2026-09-16T10:47:00,3.63,3.63,3.62,3.62,70003
2026-09-16T07:48:00.000Z,2026-09-16T10:48:00,3.62,3.62,3.62,3.62,817
2026-09-16T07:49:00.000Z,2026-09-16T10:49:00,3.62,3.63,3.62,3.63,35628
2026-09-16T07:50:00.000Z,2026-09-16T10:50:00,3.62,3.63,3.62,3.63,5328
2026-09-16T07:51:00.000Z,2026-09-16T10:51:00,3.62,3.63,3.62,3.62,547313
2026-09-16T07:52:00.000Z,2026-09-16T10:52:00,3.63,3.63,3.62,3.63,514928
2026-09-16T07:53:00.000Z,2026-09-16T10:53:00,3.62,3.63,3.62,3.63,1074
2026-09-16T07:54:00.000Z,2026-09-16T10:54:00,3.63,3.64,3.63,3.64,71043
2026-09-16T07:55:00.000Z,2026-09-16T10:55:00,3.64,3.64,3.62,3.64,279435
2026-09-16T07:56:00.000Z,2026-09-16T10:56:00,3.62,3.62,3.62,3.62,164
2026-09-16T07:57:00.000Z,2026-09-16T10:57:00,3.64,3.64,3.64,3.64,261
2026-09-16T07:58:00.000Z,2026-09-16T10:58:00,3.63,3.63,3.63,3.63,2496
2026-09-16T07:59:00.000Z,2026-09-16T10:59:00,3.62,3.63,3.62,3.63,10030
2026-09-16T08:00:00.000Z,2026-09-16T11:00:00,3.63,3.63,3.63,3.63,1000
2026-09-16T08:01:00.000Z,2026-09-16T11:01:00,3.63,3.63,3.63,3.63,50
2026-09-16T08:02:00.000Z,2026-09-16T11:02:00,3.62,3.62,3.62,3.62,553
2026-09-16T08:03:00.000Z,2026-09-16T11:03:00,3.63,3.66,3.63,3.66,358833
2026-09-16T08:04:00.000Z,2026-09-16T11:04:00,3.66,3.66,3.64,3.65,93541
2026-09-16T08:05:00.000Z,2026-09-16T11:05:00,3.65,3.66,3.65,3.66,198700
2026-09-16T08:06:00.000Z,2026-09-16T11:06:00,3.66,3.66,3.66,3.66,4329
2026-09-16T08:07:00.000Z,2026-09-16T11:07:00,3.66,3.66,3.64,3.66,124735
2026-09-16T08:08:00.000Z,2026-09-16T11:08:00,3.66,3.67,3.66,3.66,456307
2026-09-16T08:09:00.000Z,2026-09-16T11:09:00,3.66,3.66,3.66,3.66,6198
2026-09-16T08:10:00.000Z,2026-09-16T11:10:00,3.65,3.66,3.65,3.66,18289
2026-09-16T08:11:00.000Z,2026-09-16T11:11:00,3.65,3.66,3.65,3.66,523
2026-09-16T08:12:00.000Z,2026-09-16T11:12:00,3.66,3.66,3.65,3.65,1041
2026-09-16T08:13:00.000Z,2026-09-16T11:13:00,3.66,3.66,3.65,3.65,8802
2026-09-16T08:14:00.000Z,2026-09-16T11:14:00,3.65,3.66,3.65,3.66,61907
2026-09-16T08:15:00.000Z,2026-09-16T11:15:00,3.65,3.66,3.65,3.66,139924
2026-09-16T08:16:00.000Z,2026-09-16T11:16:00,3.66,3.66,3.66,3.66,6942
2026-09-16T08:17:00.000Z,2026-09-16T11:17:00,3.65,3.65,3.65,3.65,180138
2026-09-16T08:18:00.000Z,2026-09-16T11:18:00,3.65,3.68,3.65,3.68,2947262
2026-09-16T08:19:00.000Z,2026-09-16T11:19:00,3.68,3.7,3.65,3.67,3236786
2026-09-16T08:20:00.000Z,2026-09-16T11:20:00,3.67,3.71,3.67,3.71,5048623
2026-09-16T08:21:00.000Z,2026-09-16T11:21:00,3.7,3.7,3.68,3.68,63765
2026-09-16T08:22:00.000Z,2026-09-16T11:22:00,3.69,3.69,3.69,3.69,143061
2026-09-16T08:23:00.000Z,2026-09-16T11:23:00,3.69,3.69,3.67,3.67,285748
2026-09-16T08:24:00.000Z,2026-09-16T11:24:00,3.66,3.67,3.64,3.64,693197
2026-09-16T08:25:00.000Z,2026-09-16T11:25:00,3.64,3.68,3.64,3.68,11918
2026-09-16T08:26:00.000Z,2026-09-16T11:26:00,3.68,3.68,3.67,3.68,22064
2026-09-16T08:27:00.000Z,2026-09-16T11:27:00,3.68,3.68,3.68,3.68,138729
2026-09-16T08:28:00.000Z,2026-09-16T11:28:00,3.66,3.67,3.65,3.67,1394698
2026-09-16T08:29:00.000Z,2026-09-16T11:29:00,3.68,3.68,3.67,3.68,239158
2026-09-16T08:30:00.000Z,2026-09-16T11:30:00,3.67,3.68,3.67,3.68,6519
2026-09-16T08:31:00.000Z,2026-09-16T11:31:00,3.68,3.7,3.67,3.69,2050396
2026-09-16T08:32:00.000Z,2026-09-16T11:32:00,3.69,3.69,3.67,3.67,185485
2026-09-16T08:33:00.000Z,2026-09-16T11:33:00,3.67,3.68,3.67,3.67,45946
2026-09-16T08:34:00.000Z,2026-09-16T11:34:00,3.66,3.68,3.65,3.68,553133
2026-09-16T08:35:00.000Z,2026-09-16T11:35:00,3.68,3.68,3.68,3.68,2108
2026-09-16T08:36:00.000Z,2026-09-16T11:36:00,3.67,3.68,3.66,3.67,75422
2026-09-16T08:37:00.000Z,2026-09-16T11:37:00,3.67,3.68,3.67,3.67,19320
2026-09-16T08:38:00.000Z,2026-09-16T11:38:00,3.66,3.67,3.66,3.66,75062
2026-09-16T08:39:00.000Z,2026-09-16T11:39:00,3.66,3.68,3.66,3.68,103897
2026-09-16T08:41:00.000Z,2026-09-16T11:41:00,3.68,3.68,3.68,3.68,10021
2026-09-16T08:42:00.000Z,2026-09-16T11:42:00,3.68,3.68,3.66,3.67,16861
2026-09-16T08:43:00.000Z,2026-09-16T11:43:00,3.68,3.68,3.67,3.67,48943
2026-09-16T08:44:00.000Z,2026-09-16T11:44:00,3.66,3.68,3.66,3.68,3580
2026-09-16T08:45:00.000Z,2026-09-16T11:45:00,3.66,3.68,3.65,3.65,1816330
2026-09-16T08:46:00.000Z,2026-09-16T11:46:00,3.65,3.65,3.65,3.65,15024
2026-09-16T08:47:00.000Z,2026-09-16T11:47:00,3.67,3.67,3.67,3.67,1318
2026-09-16T08:49:00.000Z,2026-09-16T11:49:00,3.67,3.67,3.67,3.67,16172
2026-09-16T08:50:00.000Z,2026-09-16T11:50:00,3.67,3.67,3.67,3.67,9
2026-09-16T08:51:00.000Z,2026-09-16T11:51:00,3.67,3.67,3.65,3.67,2797
2026-09-16T08:52:00.000Z,2026-09-16T11:52:00,3.67,3.67,3.67,3.67,539
2026-09-16T08:53:00.000Z,2026-09-16T11:53:00,3.66,3.67,3.66,3.67,27234
2026-09-16T08:54:00.000Z,2026-09-16T11:54:00,3.67,3.67,3.67,3.67,2044
2026-09-16T08:55:00.000Z,2026-09-16T11:55:00,3.67,3.67,3.66,3.66,12255
2026-09-16T08:56:00.000Z,2026-09-16T11:56:00,3.66,3.66,3.65,3.65,16024
2026-09-16T08:57:00.000Z,2026-09-16T11:57:00,3.65,3.67,3.65,3.67,83193
2026-09-16T08:59:00.000Z,2026-09-16T11:59:00,3.67,3.69,3.67,3.69,3061443
2026-09-16T09:00:00.000Z,2026-09-16T12:00:00,3.68,3.68,3.68,3.68,30457
2026-09-16T09:01:00.000Z,2026-09-16T12:01:00,3.68,3.68,3.68,3.68,32841
2026-09-16T09:02:00.000Z,2026-09-16T12:02:00,3.68,3.68,3.68,3.68,33739
2026-09-16T09:03:00.000Z,2026-09-16T12:03:00,3.67,3.68,3.67,3.67,23939
2026-09-16T09:04:00.000Z,2026-09-16T12:04:00,3.68,3.68,3.68,3.68,108174
2026-09-16T09:05:00.000Z,2026-09-16T12:05:00,3.68,3.68,3.67,3.67,23027
2026-09-16T09:06:00.000Z,2026-09-16T12:06:00,3.68,3.68,3.67,3.67,20449
2026-09-16T09:07:00.000Z,2026-09-16T12:07:00,3.68,3.68,3.67,3.67,100206
2026-09-16T09:09:00.000Z,2026-09-16T12:09:00,3.67,3.68,3.67,3.68,55532
2026-09-16T09:10:00.000Z,2026-09-16T12:10:00,3.68,3.68,3.66,3.68,43735
2026-09-16T09:11:00.000Z,2026-09-16T12:11:00,3.68,3.68,3.68,3.68,34
2026-09-16T09:12:00.000Z,2026-09-16T12:12:00,3.68,3.68,3.67,3.67,1684
2026-09-16T09:13:00.000Z,2026-09-16T12:13:00,3.67,3.68,3.66,3.66,38659
2026-09-16T09:14:00.000Z,2026-09-16T12:14:00,3.68,3.68,3.67,3.68,3600667
2026-09-16T09:15:00.000Z,2026-09-16T12:15:00,3.68,3.68,3.68,3.68,19686
2026-09-16T09:16:00.000Z,2026-09-16T12:16:00,3.68,3.68,3.68,3.68,1258
2026-09-16T09:17:00.000Z,2026-09-16T12:17:00,3.67,3.68,3.67,3.68,11125
2026-09-16T09:18:00.000Z,2026-09-16T12:18:00,3.68,3.68,3.68,3.68,504
2026-09-16T09:19:00.000Z,2026-09-16T12:19:00,3.68,3.68,3.68,3.68,433
2026-09-16T09:20:00.000Z,2026-09-16T12:20:00,3.67,3.68,3.67,3.67,1645
2026-09-16T09:21:00.000Z,2026-09-16T12:21:00,3.68,3.68,3.66,3.66,105217
2026-09-16T09:22:00.000Z,2026-09-16T12:22:00,3.66,3.67,3.66,3.67,80608
2026-09-16T09:24:00.000Z,2026-09-16T12:24:00,3.66,3.66,3.66,3.66,20174
2026-09-16T09:25:00.000Z,2026-09-16T12:25:00,3.65,3.66,3.65,3.66,35776
2026-09-16T09:26:00.000Z,2026-09-16T12:26:00,3.66,3.68,3.66,3.68,506807
2026-09-16T09:28:00.000Z,2026-09-16T12:28:00,3.66,3.66,3.66,3.66,1000
2026-09-16T09:29:00.000Z,2026-09-16T12:29:00,3.67,3.67,3.67,3.67,86
2026-09-16T09:30:00.000Z,2026-09-16T12:30:00,3.67,3.67,3.67,3.67,14942
2026-09-16T09:31:00.000Z,2026-09-16T12:31:00,3.66,3.67,3.64,3.67,3050756
2026-09-16T09:32:00.000Z,2026-09-16T12:32:00,3.66,3.67,3.66,3.66,3573444
2026-09-16T09:33:00.000Z,2026-09-16T12:33:00,3.67,3.67,3.67,3.67,5134
2026-09-16T09:34:00.000Z,2026-09-16T12:34:00,3.67,3.69,3.67,3.68,1594051
2026-09-16T09:35:00.000Z,2026-09-16T12:35:00,3.67,3.68,3.67,3.68,70518
2026-09-16T09:36:00.000Z,2026-09-16T12:36:00,3.68,3.68,3.68,3.68,14127
2026-09-16T09:37:00.000Z,2026-09-16T12:37:00,3.68,3.68,3.68,3.68,26508
2026-09-16T09:38:00.000Z,2026-09-16T12:38:00,3.68,3.68,3.68,3.68,34014
2026-09-16T09:39:00.000Z,2026-09-16T12:39:00,3.67,3.68,3.67,3.68,157918
2026-09-16T09:40:00.000Z,2026-09-16T12:40:00,3.67,3.68,3.67,3.67,62448
2026-09-16T09:41:00.000Z,2026-09-16T12:41:00,3.67,3.67,3.67,3.67,63276
2026-09-16T09:42:00.000Z,2026-09-16T12:42:00,3.67,3.67,3.67,3.67,2897
2026-09-16T09:43:00.000Z,2026-09-16T12:43:00,3.66,3.68,3.66,3.68,48130
2026-09-16T09:44:00.000Z,2026-09-16T12:44:00,3.68,3.68,3.67,3.67,8333
2026-09-16T09:45:00.000Z,2026-09-16T12:45:00,3.67,3.69,3.67,3.69,100000
2026-09-16T09:46:00.000Z,2026-09-16T12:46:00,3.68,3.69,3.68,3.68,100154
2026-09-16T09:47:00.000Z,2026-09-16T12:47:00,3.68,3.68,3.68,3.68,21885
2026-09-16T09:48:00.000Z,2026-09-16T12:48:00,3.68,3.68,3.67,3.67,11297
2026-09-16T09:49:00.000Z,2026-09-16T12:49:00,3.67,3.68,3.67,3.68,7017
2026-09-16T09:51:00.000Z,2026-09-16T12:51:00,3.68,3.68,3.68,3.68,30100
2026-09-16T09:52:00.000Z,2026-09-16T12:52:00,3.68,3.68,3.67,3.68,43941
2026-09-16T09:53:00.000Z,2026-09-16T12:53:00,3.68,3.68,3.68,3.68,13
2026-09-16T09:55:00.000Z,2026-09-16T12:55:00,3.67,3.68,3.67,3.68,6546
2026-09-16T09:57:00.000Z,2026-09-16T12:57:00,3.67,3.67,3.67,3.67,3400
2026-09-16T09:58:00.000Z,2026-09-16T12:58:00,3.67,3.67,3.66,3.66,63054
2026-09-16T09:59:00.000Z,2026-09-16T12:59:00,3.68,3.68,3.67,3.68,315
2026-09-16T10:00:00.000Z,2026-09-16T13:00:00,3.67,3.68,3.67,3.68,10409
2026-09-16T10:01:00.000Z,2026-09-16T13:01:00,3.68,3.68,3.68,3.68,1489
2026-09-16T10:02:00.000Z,2026-09-16T13:02:00,3.67,3.67,3.67,3.67,40077
2026-09-16T10:03:00.000Z,2026-09-16T13:03:00,3.66,3.67,3.66,3.67,90522
2026-09-16T10:06:00.000Z,2026-09-16T13:06:00,3.67,3.67,3.67,3.67,3000
2026-09-16T10:07:00.000Z,2026-09-16T13:07:00,3.67,3.67,3.66,3.66,225073
2026-09-16T10:08:00.000Z,2026-09-16T13:08:00,3.67,3.67,3.66,3.66,61137
2026-09-16T10:09:00.000Z,2026-09-16T13:09:00,3.67,3.67,3.66,3.66,118932
2026-09-16T10:10:00.000Z,2026-09-16T13:10:00,3.65,3.65,3.65,3.65,2897
2026-09-16T10:11:00.000Z,2026-09-16T13:11:00,3.67,3.67,3.67,3.67,24
2026-09-16T10:12:00.000Z,2026-09-16T13:12:00,3.66,3.67,3.66,3.67,5596
2026-09-16T10:13:00.000Z,2026-09-16T13:13:00,3.67,3.67,3.66,3.67,3924
2026-09-16T10:14:00.000Z,2026-09-16T13:14:00,3.66,3.66,3.66,3.66,85082
2026-09-16T10:15:00.000Z,2026-09-16T13:15:00,3.66,3.66,3.66,3.66,3000
2026-09-16T10:16:00.000Z,2026-09-16T13:16:00,3.66,3.66,3.66,3.66,10741
2026-09-16T10:18:00.000Z,2026-09-16T13:18:00,3.65,3.65,3.64,3.64,571201
2026-09-16T10:19:00.000Z,2026-09-16T13:19:00,3.66,3.66,3.65,3.65,100376
2026-09-16T10:20:00.000Z,2026-09-16T13:20:00,3.65,3.65,3.65,3.65,3000
2026-09-16T10:21:00.000Z,2026-09-16T13:21:00,3.65,3.66,3.65,3.66,22040
2026-09-16T10:22:00.000Z,2026-09-16T13:22:00,3.66,3.66,3.65,3.65,4107
2026-09-16T10:23:00.000Z,2026-09-16T13:23:00,3.66,3.66,3.66,3.66,95
2026-09-16T10:24:00.000Z,2026-09-16T13:24:00,3.65,3.66,3.65,3.66,4579
2026-09-16T10:25:00.000Z,2026-09-16T13:25:00,3.65,3.66,3.65,3.66,200003
2026-09-16T10:26:00.000Z,2026-09-16T13:26:00,3.65,3.67,3.65,3.66,250508
2026-09-16T10:27:00.000Z,2026-09-16T13:27:00,3.66,3.67,3.66,3.67,297266
2026-09-16T10:28:00.000Z,2026-09-16T13:28:00,3.66,3.66,3.65,3.66,6506
2026-09-16T10:29:00.000Z,2026-09-16T13:29:00,3.65,3.65,3.65,3.65,5226
2026-09-16T10:30:00.000Z,2026-09-16T13:30:00,3.66,3.66,3.66,3.66,150000
2026-09-16T10:31:00.000Z,2026-09-16T13:31:00,3.66,3.67,3.66,3.67,42429
2026-09-16T10:32:00.000Z,2026-09-16T13:32:00,3.66,3.66,3.66,3.66,195227
2026-09-16T10:33:00.000Z,2026-09-16T13:33:00,3.66,3.67,3.66,3.66,100125
2026-09-16T10:34:00.000Z,2026-09-16T13:34:00,3.65,3.66,3.65,3.66,94564
2026-09-16T10:35:00.000Z,2026-09-16T13:35:00,3.66,3.67,3.66,3.67,3400
2026-09-16T10:36:00.000Z,2026-09-16T13:36:00,3.66,3.66,3.66,3.66,501009
2026-09-16T10:38:00.000Z,2026-09-16T13:38:00,3.66,3.66,3.66,3.66,60
2026-09-16T10:39:00.000Z,2026-09-16T13:39:00,3.66,3.66,3.65,3.65,3717
2026-09-16T10:40:00.000Z,2026-09-16T13:40:00,3.65,3.65,3.65,3.65,30424
2026-09-16T10:41:00.000Z,2026-09-16T13:41:00,3.66,3.66,3.66,3.66,737
2026-09-16T10:42:00.000Z,2026-09-16T13:42:00,3.66,3.66,3.66,3.66,22695
2026-09-16T10:43:00.000Z,2026-09-16T13:43:00,3.66,3.66,3.66,3.66,76372
2026-09-16T10:44:00.000Z,2026-09-16T13:44:00,3.65,3.67,3.65,3.66,151343
2026-09-16T10:45:00.000Z,2026-09-16T13:45:00,3.66,3.66,3.66,3.66,7246
2026-09-16T10:46:00.000Z,2026-09-16T13:46:00,3.67,3.67,3.66,3.66,902177
2026-09-16T10:47:00.000Z,2026-09-16T13:47:00,3.66,3.66,3.65,3.66,144279
2026-09-16T10:48:00.000Z,2026-09-16T13:48:00,3.65,3.65,3.64,3.65,14653456
2026-09-16T10:49:00.000Z,2026-09-16T13:49:00,3.65,3.65,3.63,3.64,233967
2026-09-16T10:50:00.000Z,2026-09-16T13:50:00,3.64,3.65,3.62,3.62,406200
2026-09-16T10:51:00.000Z,2026-09-16T13:51:00,3.64,3.64,3.64,3.64,552
2026-09-16T10:52:00.000Z,2026-09-16T13:52:00,3.64,3.64,3.64,3.64,105021
2026-09-16T10:53:00.000Z,2026-09-16T13:53:00,3.64,3.64,3.62,3.64,58825
2026-09-16T10:54:00.000Z,2026-09-16T13:54:00,3.64,3.64,3.59,3.6,3097577
2026-09-16T10:55:00.000Z,2026-09-16T13:55:00,3.63,3.63,3.6,3.6,106155
2026-09-16T10:56:00.000Z,2026-09-16T13:56:00,3.61,3.61,3.6,3.6,50874
2026-09-16T10:57:00.000Z,2026-09-16T13:57:00,3.6,3.61,3.6,3.61,103144
2026-09-16T10:58:00.000Z,2026-09-16T13:58:00,3.61,3.61,3.59,3.6,346254
2026-09-16T10:59:00.000Z,2026-09-16T13:59:00,3.6,3.6,3.59,3.59,53519
2026-09-16T11:00:00.000Z,2026-09-16T14:00:00,3.59,3.6,3.59,3.6,694
2026-09-16T11:01:00.000Z,2026-09-16T14:01:00,3.59,3.6,3.59,3.6,61555
2026-09-16T11:02:00.000Z,2026-09-16T14:02:00,3.59,3.6,3.59,3.6,154770
2026-09-16T11:03:00.000Z,2026-09-16T14:03:00,3.6,3.6,3.59,3.6,40264
2026-09-16T11:04:00.000Z,2026-09-16T14:04:00,3.6,3.6,3.59,3.6,1395
2026-09-16T11:05:00.000Z,2026-09-16T14:05:00,3.59,3.6,3.58,3.6,262680
2026-09-16T11:06:00.000Z,2026-09-16T14:06:00,3.59,3.65,3.59,3.63,1528129
2026-09-16T11:07:00.000Z,2026-09-16T14:07:00,3.6,3.62,3.59,3.6,117134
2026-09-16T11:08:00.000Z,2026-09-16T14:08:00,3.6,3.6,3.58,3.6,1117907
2026-09-16T11:09:00.000Z,2026-09-16T14:09:00,3.59,3.59,3.59,3.59,77782
2026-09-16T11:10:00.000Z,2026-09-16T14:10:00,3.58,3.59,3.57,3.57,914635
2026-09-16T11:11:00.000Z,2026-09-16T14:11:00,3.59,3.6,3.57,3.6,57794
2026-09-16T11:12:00.000Z,2026-09-16T14:12:00,3.59,3.6,3.59,3.6,330277
2026-09-16T11:13:00.000Z,2026-09-16T14:13:00,3.59,3.6,3.58,3.59,37748
2026-09-16T11:14:00.000Z,2026-09-16T14:14:00,3.58,3.6,3.56,3.56,1745070
2026-09-16T11:25:00.000Z,2026-09-16T14:25:00,3.56,3.56,3.56,3.56,2689135
2026-09-16T11:26:00.000Z,2026-09-16T14:26:00,3.56,3.56,3.56,3.56,70912
2026-09-16T11:27:00.000Z,2026-09-16T14:27:00,3.56,3.56,3.56,3.56,181
2026-09-16T11:28:00.000Z,2026-09-16T14:28:00,3.56,3.56,3.56,3.56,115000
2026-09-16T11:29:00.000Z,2026-09-16T14:29:00,3.56,3.56,3.56,3.56,600000
2026-09-17T07:00:00.000Z,2026-09-17T10:00:00,3.56,3.57,3.56,3.56,84716
2026-09-17T07:01:00.000Z,2026-09-17T10:01:00,3.56,3.58,3.56,3.57,139568
2026-09-17T07:02:00.000Z,2026-09-17T10:02:00,3.58,3.62,3.58,3.62,646700
2026-09-17T07:03:00.000Z,2026-09-17T10:03:00,3.63,3.65,3.63,3.64,962262
2026-09-17T07:04:00.000Z,2026-09-17T10:04:00,3.64,3.65,3.63,3.65,637103
2026-09-17T07:05:00.000Z,2026-09-17T10:05:00,3.65,3.72,3.65,3.65,5323480
2026-09-17T07:06:00.000Z,2026-09-17T10:06:00,3.66,3.7,3.65,3.7,1360477
2026-09-17T07:07:00.000Z,2026-09-17T10:07:00,3.7,3.7,3.68,3.69,991956
2026-09-17T07:08:00.000Z,2026-09-17T10:08:00,3.69,3.73,3.69,3.72,2770450
2026-09-17T07:09:00.000Z,2026-09-17T10:09:00,3.72,3.72,3.68,3.69,1607086
2026-09-17T07:10:00.000Z,2026-09-17T10:10:00,3.69,3.69,3.66,3.66,906419
2026-09-17T07:11:00.000Z,2026-09-17T10:11:00,3.65,3.68,3.65,3.65,813130
2026-09-17T07:12:00.000Z,2026-09-17T10:12:00,3.67,3.69,3.67,3.68,727599
2026-09-17T07:13:00.000Z,2026-09-17T10:13:00,3.69,3.69,3.67,3.69,379813
2026-09-17T07:14:00.000Z,2026-09-17T10:14:00,3.69,3.7,3.68,3.7,818705
2026-09-17T07:15:00.000Z,2026-09-17T10:15:00,3.69,3.7,3.69,3.69,388532
2026-09-17T07:16:00.000Z,2026-09-17T10:16:00,3.69,3.69,3.68,3.69,88513
2026-09-17T07:17:00.000Z,2026-09-17T10:17:00,3.69,3.69,3.68,3.69,216284
2026-09-17T07:18:00.000Z,2026-09-17T10:18:00,3.69,3.7,3.68,3.69,305443
2026-09-17T07:19:00.000Z,2026-09-17T10:19:00,3.7,3.7,3.69,3.7,839419
2026-09-17T07:20:00.000Z,2026-09-17T10:20:00,3.7,3.71,3.69,3.7,1067201
2026-09-17T07:21:00.000Z,2026-09-17T10:21:00,3.7,3.7,3.69,3.69,510182
2026-09-17T07:22:00.000Z,2026-09-17T10:22:00,3.7,3.7,3.69,3.7,839706
2026-09-17T07:23:00.000Z,2026-09-17T10:23:00,3.7,3.7,3.69,3.7,288802
2026-09-17T07:24:00.000Z,2026-09-17T10:24:00,3.69,3.7,3.69,3.7,920106
2026-09-17T07:25:00.000Z,2026-09-17T10:25:00,3.7,3.7,3.69,3.7,930929
2026-09-17T07:26:00.000Z,2026-09-17T10:26:00,3.7,3.7,3.69,3.69,3023626
2026-09-17T07:27:00.000Z,2026-09-17T10:27:00,3.69,3.7,3.68,3.69,2093746
2026-09-17T07:28:00.000Z,2026-09-17T10:28:00,3.68,3.7,3.68,3.69,911685
2026-09-17T07:29:00.000Z,2026-09-17T10:29:00,3.7,3.7,3.69,3.69,688188
2026-09-17T07:30:00.000Z,2026-09-17T10:30:00,3.69,3.69,3.68,3.69,106442
2026-09-17T07:31:00.000Z,2026-09-17T10:31:00,3.68,3.69,3.68,3.68,207213
2026-09-17T07:32:00.000Z,2026-09-17T10:32:00,3.68,3.68,3.68,3.68,12649
2026-09-17T07:33:00.000Z,2026-09-17T10:33:00,3.68,3.68,3.67,3.67,534726
2026-09-17T07:34:00.000Z,2026-09-17T10:34:00,3.67,3.71,3.67,3.7,2350266
2026-09-17T07:35:00.000Z,2026-09-17T10:35:00,3.7,3.71,3.7,3.7,1320452
2026-09-17T07:36:00.000Z,2026-09-17T10:36:00,3.7,3.7,3.7,3.7,366360
2026-09-17T07:37:00.000Z,2026-09-17T10:37:00,3.69,3.7,3.69,3.7,16752
2026-09-17T07:38:00.000Z,2026-09-17T10:38:00,3.69,3.69,3.69,3.69,200295
2026-09-17T07:39:00.000Z,2026-09-17T10:39:00,3.7,3.7,3.69,3.7,35920
2026-09-17T07:40:00.000Z,2026-09-17T10:40:00,3.69,3.69,3.69,3.69,68481
2026-09-17T07:41:00.000Z,2026-09-17T10:41:00,3.69,3.69,3.69,3.69,36770
2026-09-17T07:42:00.000Z,2026-09-17T10:42:00,3.69,3.69,3.68,3.68,15790
2026-09-17T07:43:00.000Z,2026-09-17T10:43:00,3.69,3.69,3.68,3.68,1267
2026-09-17T07:44:00.000Z,2026-09-17T10:44:00,3.69,3.69,3.68,3.68,51715
2026-09-17T07:45:00.000Z,2026-09-17T10:45:00,3.69,3.69,3.69,3.69,36622
2026-09-17T07:46:00.000Z,2026-09-17T10:46:00,3.69,3.69,3.68,3.68,317939
2026-09-17T07:47:00.000Z,2026-09-17T10:47:00,3.68,3.69,3.68,3.69,45530
2026-09-17T07:48:00.000Z,2026-09-17T10:48:00,3.68,3.69,3.68,3.69,92566
2026-09-17T07:49:00.000Z,2026-09-17T10:49:00,3.68,3.68,3.67,3.67,106976
2026-09-17T07:50:00.000Z,2026-09-17T10:50:00,3.68,3.68,3.68,3.68,25000
2026-09-17T07:51:00.000Z,2026-09-17T10:51:00,3.68,3.68,3.67,3.67,66132
2026-09-17T07:52:00.000Z,2026-09-17T10:52:00,3.68,3.7,3.68,3.7,561267
2026-09-17T07:53:00.000Z,2026-09-17T10:53:00,3.7,3.71,3.69,3.71,885985
2026-09-17T07:54:00.000Z,2026-09-17T10:54:00,3.7,3.7,3.7,3.7,620919
2026-09-17T07:55:00.000Z,2026-09-17T10:55:00,3.7,3.7,3.7,3.7,324594
2026-09-17T07:56:00.000Z,2026-09-17T10:56:00,3.7,3.7,3.69,3.69,560677
2026-09-17T07:57:00.000Z,2026-09-17T10:57:00,3.69,3.7,3.69,3.7,102897
2026-09-17T07:58:00.000Z,2026-09-17T10:58:00,3.7,3.7,3.69,3.69,709359
2026-09-17T07:59:00.000Z,2026-09-17T10:59:00,3.69,3.7,3.69,3.7,678602
2026-09-17T08:00:00.000Z,2026-09-17T11:00:00,3.69,3.7,3.69,3.69,398699
2026-09-17T08:01:00.000Z,2026-09-17T11:01:00,3.69,3.69,3.68,3.68,154221
2026-09-17T08:02:00.000Z,2026-09-17T11:02:00,3.69,3.69,3.68,3.69,14091
2026-09-17T08:03:00.000Z,2026-09-17T11:03:00,3.68,3.69,3.67,3.68,299214
2026-09-17T08:04:00.000Z,2026-09-17T11:04:00,3.68,3.69,3.68,3.69,10963
2026-09-17T08:05:00.000Z,2026-09-17T11:05:00,3.68,3.68,3.68,3.68,4585
2026-09-17T08:06:00.000Z,2026-09-17T11:06:00,3.68,3.69,3.68,3.69,277806
2026-09-17T08:07:00.000Z,2026-09-17T11:07:00,3.69,3.7,3.68,3.68,62011
2026-09-17T08:08:00.000Z,2026-09-17T11:08:00,3.69,3.69,3.68,3.68,24981
2026-09-17T08:09:00.000Z,2026-09-17T11:09:00,3.7,3.7,3.68,3.7,31994
2026-09-17T08:10:00.000Z,2026-09-17T11:10:00,3.7,3.7,3.69,3.69,48825
2026-09-17T08:11:00.000Z,2026-09-17T11:11:00,3.69,3.7,3.69,3.7,19211
2026-09-17T08:12:00.000Z,2026-09-17T11:12:00,3.7,3.7,3.69,3.69,21047
2026-09-17T08:13:00.000Z,2026-09-17T11:13:00,3.69,3.69,3.69,3.69,24130
2026-09-17T08:14:00.000Z,2026-09-17T11:14:00,3.69,3.69,3.68,3.69,98767
2026-09-17T08:15:00.000Z,2026-09-17T11:15:00,3.69,3.69,3.68,3.68,58120
2026-09-17T08:16:00.000Z,2026-09-17T11:16:00,3.69,3.69,3.69,3.69,150000
2026-09-17T08:17:00.000Z,2026-09-17T11:17:00,3.69,3.69,3.68,3.69,955803
2026-09-17T08:18:00.000Z,2026-09-17T11:18:00,3.68,3.69,3.68,3.68,264138
2026-09-17T08:19:00.000Z,2026-09-17T11:19:00,3.69,3.7,3.69,3.7,273048
2026-09-17T08:20:00.000Z,2026-09-17T11:20:00,3.7,3.7,3.69,3.7,584703
2026-09-17T08:21:00.000Z,2026-09-17T11:21:00,3.7,3.71,3.7,3.7,2309579
2026-09-17T08:22:00.000Z,2026-09-17T11:22:00,3.7,3.7,3.69,3.7,533007
2026-09-17T08:23:00.000Z,2026-09-17T11:23:00,3.7,3.7,3.7,3.7,120271
2026-09-17T08:24:00.000Z,2026-09-17T11:24:00,3.7,3.7,3.69,3.7,491919
2026-09-17T08:25:00.000Z,2026-09-17T11:25:00,3.7,3.7,3.7,3.7,763260
2026-09-17T08:26:00.000Z,2026-09-17T11:26:00,3.7,3.7,3.7,3.7,795550
2026-09-17T08:27:00.000Z,2026-09-17T11:27:00,3.71,3.71,3.7,3.7,132885
2026-09-17T08:28:00.000Z,2026-09-17T11:28:00,3.7,3.71,3.7,3.71,520239
2026-09-17T08:29:00.000Z,2026-09-17T11:29:00,3.71,3.71,3.7,3.71,323245
2026-09-17T08:30:00.000Z,2026-09-17T11:30:00,3.71,3.75,3.71,3.75,6263453
2026-09-17T08:31:00.000Z,2026-09-17T11:31:00,3.75,3.75,3.73,3.75,712501
2026-09-17T08:32:00.000Z,2026-09-17T11:32:00,3.75,3.75,3.74,3.74,845170
2026-09-17T08:33:00.000Z,2026-09-17T11:33:00,3.75,3.75,3.74,3.75,1179551
2026-09-17T08:34:00.000Z,2026-09-17T11:34:00,3.76,3.76,3.73,3.74,779591
2026-09-17T08:35:00.000Z,2026-09-17T11:35:00,3.74,3.75,3.73,3.75,1051826
2026-09-17T08:36:00.000Z,2026-09-17T11:36:00,3.75,3.76,3.74,3.76,4064056
2026-09-17T08:37:00.000Z,2026-09-17T11:37:00,3.77,3.78,3.75,3.76,2921196
2026-09-17T08:38:00.000Z,2026-09-17T11:38:00,3.77,3.77,3.75,3.77,236334
2026-09-17T08:39:00.000Z,2026-09-17T11:39:00,3.76,3.77,3.76,3.76,231940
2026-09-17T08:40:00.000Z,2026-09-17T11:40:00,3.77,3.81,3.77,3.81,4176600
2026-09-17T08:41:00.000Z,2026-09-17T11:41:00,3.81,3.83,3.77,3.82,2516034
2026-09-17T08:42:00.000Z,2026-09-17T11:42:00,3.82,3.85,3.81,3.83,1862456
2026-09-17T08:43:00.000Z,2026-09-17T11:43:00,3.82,3.84,3.8,3.8,1736039
2026-09-17T08:44:00.000Z,2026-09-17T11:44:00,3.82,3.82,3.8,3.8,1142033
2026-09-17T08:45:00.000Z,2026-09-17T11:45:00,3.8,3.8,3.78,3.79,150370
2026-09-17T08:46:00.000Z,2026-09-17T11:46:00,3.79,3.82,3.79,3.82,486806
2026-09-17T08:47:00.000Z,2026-09-17T11:47:00,3.82,3.84,3.81,3.84,1505683
2026-09-17T08:48:00.000Z,2026-09-17T11:48:00,3.84,3.86,3.83,3.86,1833116
2026-09-17T08:49:00.000Z,2026-09-17T11:49:00,3.85,3.85,3.83,3.84,654737
2026-09-17T08:50:00.000Z,2026-09-17T11:50:00,3.84,3.84,3.82,3.82,208231
2026-09-17T08:51:00.000Z,2026-09-17T11:51:00,3.83,3.83,3.8,3.82,355057
2026-09-17T08:52:00.000Z,2026-09-17T11:52:00,3.81,3.82,3.8,3.8,92633
2026-09-17T08:53:00.000Z,2026-09-17T11:53:00,3.8,3.82,3.8,3.82,255283
2026-09-17T08:54:00.000Z,2026-09-17T11:54:00,3.82,3.82,3.8,3.8,446822
2026-09-17T08:55:00.000Z,2026-09-17T11:55:00,3.81,3.82,3.81,3.82,77179
2026-09-17T08:56:00.000Z,2026-09-17T11:56:00,3.82,3.82,3.8,3.8,294035
2026-09-17T08:57:00.000Z,2026-09-17T11:57:00,3.82,3.82,3.81,3.82,18644
2026-09-17T08:58:00.000Z,2026-09-17T11:58:00,3.82,3.82,3.8,3.81,24353
2026-09-17T08:59:00.000Z,2026-09-17T11:59:00,3.81,3.82,3.8,3.81,188963
2026-09-17T09:00:00.000Z,2026-09-17T12:00:00,3.82,3.82,3.8,3.8,67551
2026-09-17T09:01:00.000Z,2026-09-17T12:01:00,3.81,3.81,3.8,3.81,132536
2026-09-17T09:02:00.000Z,2026-09-17T12:02:00,3.81,3.82,3.8,3.81,221143
2026-09-17T09:03:00.000Z,2026-09-17T12:03:00,3.81,3.82,3.81,3.82,60320
2026-09-17T09:04:00.000Z,2026-09-17T12:04:00,3.81,3.82,3.81,3.82,14190
2026-09-17T09:05:00.000Z,2026-09-17T12:05:00,3.82,3.82,3.81,3.82,13517
2026-09-17T09:06:00.000Z,2026-09-17T12:06:00,3.81,3.82,3.81,3.82,118610
2026-09-17T09:07:00.000Z,2026-09-17T12:07:00,3.82,3.82,3.81,3.82,383994
2026-09-17T09:08:00.000Z,2026-09-17T12:08:00,3.82,3.83,3.82,3.83,315348
2026-09-17T09:09:00.000Z,2026-09-17T12:09:00,3.82,3.83,3.82,3.83,632655
2026-09-17T09:10:00.000Z,2026-09-17T12:10:00,3.84,3.84,3.83,3.83,645917
2026-09-17T09:11:00.000Z,2026-09-17T12:11:00,3.83,3.83,3.82,3.83,282315
2026-09-17T09:12:00.000Z,2026-09-17T12:12:00,3.83,3.84,3.82,3.84,181174
2026-09-17T09:13:00.000Z,2026-09-17T12:13:00,3.83,3.83,3.82,3.83,239644
2026-09-17T09:14:00.000Z,2026-09-17T12:14:00,3.82,3.83,3.82,3.82,116581
2026-09-17T09:15:00.000Z,2026-09-17T12:15:00,3.83,3.83,3.81,3.81,139237
2026-09-17T09:16:00.000Z,2026-09-17T12:16:00,3.82,3.82,3.81,3.82,105903
2026-09-17T09:17:00.000Z,2026-09-17T12:17:00,3.83,3.84,3.82,3.83,1659372
2026-09-17T09:18:00.000Z,2026-09-17T12:18:00,3.83,3.84,3.83,3.83,307610
2026-09-17T09:19:00.000Z,2026-09-17T12:19:00,3.83,3.85,3.83,3.84,171690
2026-09-17T09:20:00.000Z,2026-09-17T12:20:00,3.84,3.85,3.83,3.85,1652004
2026-09-17T09:21:00.000Z,2026-09-17T12:21:00,3.85,3.85,3.84,3.84,198354
2026-09-17T09:22:00.000Z,2026-09-17T12:22:00,3.84,3.85,3.84,3.84,95143
2026-09-17T09:23:00.000Z,2026-09-17T12:23:00,3.84,3.84,3.83,3.83,40991
2026-09-17T09:24:00.000Z,2026-09-17T12:24:00,3.84,3.85,3.84,3.85,47389
2026-09-17T09:25:00.000Z,2026-09-17T12:25:00,3.85,3.85,3.84,3.85,25675
2026-09-17T09:26:00.000Z,2026-09-17T12:26:00,3.84,3.85,3.84,3.85,146744
2026-09-17T09:27:00.000Z,2026-09-17T12:27:00,3.84,3.85,3.84,3.85,61968
2026-09-17T09:28:00.000Z,2026-09-17T12:28:00,3.85,3.85,3.84,3.85,526262
2026-09-17T09:29:00.000Z,2026-09-17T12:29:00,3.85,3.87,3.84,3.86,1206964
2026-09-17T09:30:00.000Z,2026-09-17T12:30:00,3.85,3.87,3.85,3.87,358524
2026-09-17T09:31:00.000Z,2026-09-17T12:31:00,3.87,3.89,3.86,3.89,6141936
2026-09-17T09:32:00.000Z,2026-09-17T12:32:00,3.88,3.89,3.87,3.88,92670
2026-09-17T09:33:00.000Z,2026-09-17T12:33:00,3.88,3.88,3.87,3.87,131060
2026-09-17T09:34:00.000Z,2026-09-17T12:34:00,3.88,3.89,3.87,3.87,885779
2026-09-17T09:35:00.000Z,2026-09-17T12:35:00,3.88,3.89,3.88,3.89,861290
2026-09-17T09:36:00.000Z,2026-09-17T12:36:00,3.89,3.89,3.88,3.89,150551
2026-09-17T09:37:00.000Z,2026-09-17T12:37:00,3.88,3.89,3.87,3.87,982022
2026-09-17T09:38:00.000Z,2026-09-17T12:38:00,3.88,3.88,3.86,3.86,596965
2026-09-17T09:39:00.000Z,2026-09-17T12:39:00,3.85,3.86,3.85,3.85,61726
2026-09-17T09:40:00.000Z,2026-09-17T12:40:00,3.86,3.86,3.85,3.86,161045
2026-09-17T09:41:00.000Z,2026-09-17T12:41:00,3.86,3.87,3.86,3.87,284303
2026-09-17T09:42:00.000Z,2026-09-17T12:42:00,3.87,3.87,3.86,3.87,278014
2026-09-17T09:43:00.000Z,2026-09-17T12:43:00,3.87,3.88,3.87,3.88,61132
2026-09-17T09:44:00.000Z,2026-09-17T12:44:00,3.88,3.89,3.88,3.89,903531
2026-09-17T09:45:00.000Z,2026-09-17T12:45:00,3.89,3.89,3.88,3.89,1518173
2026-09-17T09:46:00.000Z,2026-09-17T12:46:00,3.89,3.89,3.87,3.87,269392
2026-09-17T09:47:00.000Z,2026-09-17T12:47:00,3.87,3.93,3.86,3.93,7530649
2026-09-17T09:57:00.000Z,2026-09-17T12:57:00,3.93,3.93,3.84,3.9,1907771
2026-09-17T09:58:00.000Z,2026-09-17T12:58:00,3.89,3.9,3.87,3.88,773879
2026-09-17T09:59:00.000Z,2026-09-17T12:59:00,3.89,3.9,3.88,3.9,2080005
2026-09-17T10:00:00.000Z,2026-09-17T13:00:00,3.9,3.91,3.89,3.9,2484434
2026-09-17T10:01:00.000Z,2026-09-17T13:01:00,3.89,3.9,3.88,3.9,1026338
2026-09-17T10:02:00.000Z,2026-09-17T13:02:00,3.89,3.9,3.89,3.9,1697704
2026-09-17T10:03:00.000Z,2026-09-17T13:03:00,3.9,3.9,3.89,3.9,783479
2026-09-17T10:04:00.000Z,2026-09-17T13:04:00,3.9,3.9,3.89,3.89,691625
2026-09-17T10:05:00.000Z,2026-09-17T13:05:00,3.9,3.9,3.88,3.89,138295
2026-09-17T10:06:00.000Z,2026-09-17T13:06:00,3.89,3.89,3.88,3.88,225730
2026-09-17T10:07:00.000Z,2026-09-17T13:07:00,3.89,3.89,3.88,3.89,447932
2026-09-17T10:08:00.000Z,2026-09-17T13:08:00,3.88,3.89,3.88,3.88,106388
2026-09-17T10:09:00.000Z,2026-09-17T13:09:00,3.88,3.89,3.87,3.87,73171
2026-09-17T10:10:00.000Z,2026-09-17T13:10:00,3.88,3.88,3.86,3.86,755041
2026-09-17T10:11:00.000Z,2026-09-17T13:11:00,3.86,3.87,3.86,3.87,121634
2026-09-17T10:12:00.000Z,2026-09-17T13:12:00,3.86,3.87,3.86,3.86,330598
2026-09-17T10:13:00.000Z,2026-09-17T13:13:00,3.86,3.87,3.86,3.87,102571
2026-09-17T10:14:00.000Z,2026-09-17T13:14:00,3.87,3.88,3.86,3.86,291716
2026-09-17T10:15:00.000Z,2026-09-17T13:15:00,3.86,3.87,3.86,3.86,57300
2026-09-17T10:16:00.000Z,2026-09-17T13:16:00,3.86,3.87,3.86,3.86,161699
2026-09-17T10:17:00.000Z,2026-09-17T13:17:00,3.86,3.87,3.83,3.84,938683
2026-09-17T10:18:00.000Z,2026-09-17T13:18:00,3.85,3.87,3.84,3.87,128551
2026-09-17T10:19:00.000Z,2026-09-17T13:19:00,3.87,3.87,3.85,3.87,40784
2026-09-17T10:20:00.000Z,2026-09-17T13:20:00,3.86,3.86,3.85,3.85,3192
2026-09-17T10:21:00.000Z,2026-09-17T13:21:00,3.85,3.86,3.85,3.85,191374
2026-09-17T10:22:00.000Z,2026-09-17T13:22:00,3.85,3.86,3.84,3.85,35942
2026-09-17T10:23:00.000Z,2026-09-17T13:23:00,3.85,3.86,3.84,3.84,243798
2026-09-17T10:24:00.000Z,2026-09-17T13:24:00,3.84,3.85,3.84,3.85,177894
2026-09-17T10:25:00.000Z,2026-09-17T13:25:00,3.84,3.84,3.82,3.82,383735
2026-09-17T10:26:00.000Z,2026-09-17T13:26:00,3.82,3.83,3.82,3.83,498986
2026-09-17T10:27:00.000Z,2026-09-17T13:27:00,3.82,3.84,3.82,3.83,52468
2026-09-17T10:28:00.000Z,2026-09-17T13:28:00,3.84,3.84,3.83,3.84,153932
2026-09-17T10:29:00.000Z,2026-09-17T13:29:00,3.83,3.85,3.83,3.85,63646
2026-09-17T10:30:00.000Z,2026-09-17T13:30:00,3.85,3.85,3.84,3.85,228744
2026-09-17T10:31:00.000Z,2026-09-17T13:31:00,3.85,3.85,3.85,3.85,71357
2026-09-17T10:32:00.000Z,2026-09-17T13:32:00,3.85,3.86,3.85,3.86,423102
2026-09-17T10:33:00.000Z,2026-09-17T13:33:00,3.86,3.86,3.85,3.86,34134
2026-09-17T10:34:00.000Z,2026-09-17T13:34:00,3.86,3.86,3.85,3.86,29513
2026-09-17T10:35:00.000Z,2026-09-17T13:35:00,3.85,3.86,3.85,3.85,206837
2026-09-17T10:36:00.000Z,2026-09-17T13:36:00,3.85,3.86,3.85,3.85,30739
2026-09-17T10:37:00.000Z,2026-09-17T13:37:00,3.86,3.86,3.86,3.86,20832
2026-09-17T10:38:00.000Z,2026-09-17T13:38:00,3.86,3.86,3.85,3.85,307538
2026-09-17T10:39:00.000Z,2026-09-17T13:39:00,3.85,3.86,3.85,3.85,18836
2026-09-17T10:40:00.000Z,2026-09-17T13:40:00,3.85,3.86,3.85,3.85,32281
2026-09-17T10:41:00.000Z,2026-09-17T13:41:00,3.85,3.87,3.85,3.87,616321
2026-09-17T10:42:00.000Z,2026-09-17T13:42:00,3.87,3.87,3.85,3.87,314850
2026-09-17T10:43:00.000Z,2026-09-17T13:43:00,3.86,3.87,3.86,3.87,83759
2026-09-17T10:44:00.000Z,2026-09-17T13:44:00,3.87,3.87,3.85,3.85,467858
2026-09-17T10:45:00.000Z,2026-09-17T13:45:00,3.87,3.87,3.87,3.87,15900
2026-09-17T10:46:00.000Z,2026-09-17T13:46:00,3.87,3.87,3.87,3.87,73397
2026-09-17T10:47:00.000Z,2026-09-17T13:47:00,3.86,3.87,3.86,3.87,14528
2026-09-17T10:48:00.000Z,2026-09-17T13:48:00,3.87,3.87,3.86,3.86,51469
2026-09-17T10:49:00.000Z,2026-09-17T13:49:00,3.86,3.87,3.86,3.86,44339
2026-09-17T10:50:00.000Z,2026-09-17T13:50:00,3.86,3.87,3.86,3.86,44708
2026-09-17T10:51:00.000Z,2026-09-17T13:51:00,3.86,3.86,3.85,3.86,2530
2026-09-17T10:52:00.000Z,2026-09-17T13:52:00,3.85,3.86,3.85,3.86,31651
2026-09-17T10:53:00.000Z,2026-09-17T13:53:00,3.85,3.86,3.85,3.86,5149
2026-09-17T10:54:00.000Z,2026-09-17T13:54:00,3.85,3.86,3.85,3.86,411082
2026-09-17T10:55:00.000Z,2026-09-17T13:55:00,3.87,3.87,3.85,3.86,339452
2026-09-17T10:56:00.000Z,2026-09-17T13:56:00,3.86,3.86,3.85,3.86,35760
2026-09-17T10:57:00.000Z,2026-09-17T13:57:00,3.86,3.86,3.85,3.85,31049
2026-09-17T10:58:00.000Z,2026-09-17T13:58:00,3.85,3.86,3.85,3.85,70313
2026-09-17T10:59:00.000Z,2026-09-17T13:59:00,3.85,3.85,3.85,3.85,10451
2026-09-17T11:00:00.000Z,2026-09-17T14:00:00,3.85,3.85,3.84,3.84,39265
2026-09-17T11:01:00.000Z,2026-09-17T14:01:00,3.85,3.85,3.84,3.84,112440
2026-09-17T11:02:00.000Z,2026-09-17T14:02:00,3.85,3.87,3.85,3.86,1141693
2026-09-17T11:03:00.000Z,2026-09-17T14:03:00,3.87,3.88,3.86,3.88,1670148
2026-09-17T11:04:00.000Z,2026-09-17T14:04:00,3.88,3.9,3.88,3.88,1164966
2026-09-17T11:05:00.000Z,2026-09-17T14:05:00,3.88,3.88,3.87,3.87,715750
2026-09-17T11:06:00.000Z,2026-09-17T14:06:00,3.88,3.88,3.88,3.88,5607
2026-09-17T11:07:00.000Z,2026-09-17T14:07:00,3.87,3.88,3.87,3.87,153679
2026-09-17T11:08:00.000Z,2026-09-17T14:08:00,3.88,3.88,3.87,3.87,427268
2026-09-17T11:09:00.000Z,2026-09-17T14:09:00,3.86,3.88,3.86,3.87,618731
2026-09-17T11:10:00.000Z,2026-09-17T14:10:00,3.88,3.88,3.87,3.87,25674
2026-09-17T11:11:00.000Z,2026-09-17T14:11:00,3.88,3.92,3.88,3.92,1822136
2026-09-17T11:12:00.000Z,2026-09-17T14:12:00,3.92,3.93,3.9,3.93,3054446
2026-09-17T11:13:00.000Z,2026-09-17T14:13:00,3.93,3.95,3.91,3.92,1615065
2026-09-17T11:14:00.000Z,2026-09-17T14:14:00,3.93,3.94,3.91,3.92,264331
2026-09-17T11:25:00.000Z,2026-09-17T14:25:00,3.92,3.92,3.92,3.92,3106012
2026-09-17T11:26:00.000Z,2026-09-17T14:26:00,3.92,3.92,3.92,3.92,282105
2026-09-17T11:27:00.000Z,2026-09-17T14:27:00,3.92,3.92,3.92,3.92,174263
2026-09-17T11:28:00.000Z,2026-09-17T14:28:00,3.92,3.92,3.92,3.92,3011372
2026-09-17T11:29:00.000Z,2026-09-17T14:29:00,3.92,3.92,3.92,3.92,5010101
2026-09-20T07:00:00.000Z,2026-09-20T10:00:00,3.94,3.98,3.94,3.98,420098
2026-09-20T07:01:00.000Z,2026-09-20T10:01:00,3.98,4.02,3.98,4,1889594
2026-09-20T07:02:00.000Z,2026-09-20T10:02:00,4,4.02,3.98,3.98,1550828
2026-09-20T07:03:00.000Z,2026-09-20T10:03:00,3.99,3.99,3.96,3.97,5231991
2026-09-20T07:04:00.000Z,2026-09-20T10:04:00,3.97,3.99,3.97,3.98,560843
2026-09-20T07:05:00.000Z,2026-09-20T10:05:00,3.98,4,3.98,3.99,662232
2026-09-20T07:06:00.000Z,2026-09-20T10:06:00,3.99,4.01,3.99,4.01,780079
2026-09-20T07:07:00.000Z,2026-09-20T10:07:00,4.01,4.02,4,4.02,1537466
2026-09-20T07:08:00.000Z,2026-09-20T10:08:00,4.02,4.05,3.99,4,3779608
2026-09-20T07:09:00.000Z,2026-09-20T10:09:00,4.04,4.04,4,4.02,70203
2026-09-20T07:10:00.000Z,2026-09-20T10:10:00,4.01,4.02,4,4,3031974
2026-09-20T07:11:00.000Z,2026-09-20T10:11:00,4,4,3.98,3.98,367429
2026-09-20T07:12:00.000Z,2026-09-20T10:12:00,3.98,3.99,3.95,3.95,1677186
2026-09-20T07:13:00.000Z,2026-09-20T10:13:00,3.95,3.96,3.92,3.94,504840
2026-09-20T07:14:00.000Z,2026-09-20T10:14:00,3.94,3.94,3.92,3.93,752897
2026-09-20T07:15:00.000Z,2026-09-20T10:15:00,3.93,3.94,3.92,3.94,298668
2026-09-20T07:16:00.000Z,2026-09-20T10:16:00,3.94,3.96,3.93,3.95,377267
2026-09-20T07:17:00.000Z,2026-09-20T10:17:00,3.95,3.96,3.95,3.96,255422
2026-09-20T07:18:00.000Z,2026-09-20T10:18:00,3.96,3.97,3.95,3.96,271110
2026-09-20T07:19:00.000Z,2026-09-20T10:19:00,3.96,3.96,3.94,3.96,1666784
2026-09-20T07:20:00.000Z,2026-09-20T10:20:00,3.95,3.96,3.94,3.94,247648
2026-09-20T07:21:00.000Z,2026-09-20T10:21:00,3.94,3.94,3.93,3.93,539113
2026-09-20T07:22:00.000Z,2026-09-20T10:22:00,3.93,3.94,3.93,3.93,361160
2026-09-20T07:23:00.000Z,2026-09-20T10:23:00,3.93,3.94,3.92,3.94,256504
2026-09-20T07:24:00.000Z,2026-09-20T10:24:00,3.94,3.96,3.93,3.95,369465
2026-09-20T07:25:00.000Z,2026-09-20T10:25:00,3.95,3.95,3.94,3.95,84848
2026-09-20T07:26:00.000Z,2026-09-20T10:26:00,3.96,3.96,3.95,3.96,118925
2026-09-20T07:27:00.000Z,2026-09-20T10:27:00,3.96,3.97,3.96,3.97,415999
2026-09-20T07:28:00.000Z,2026-09-20T10:28:00,3.97,3.97,3.95,3.96,305077
2026-09-20T07:29:00.000Z,2026-09-20T10:29:00,3.97,3.97,3.96,3.97,82182
2026-09-20T07:30:00.000Z,2026-09-20T10:30:00,3.96,3.97,3.96,3.97,140253
2026-09-20T07:31:00.000Z,2026-09-20T10:31:00,3.97,3.97,3.96,3.96,732691
2026-09-20T07:32:00.000Z,2026-09-20T10:32:00,3.95,3.96,3.95,3.95,33923
2026-09-20T07:33:00.000Z,2026-09-20T10:33:00,3.96,3.96,3.95,3.96,26261
2026-09-20T07:34:00.000Z,2026-09-20T10:34:00,3.96,3.96,3.95,3.96,203417
2026-09-20T07:35:00.000Z,2026-09-20T10:35:00,3.96,3.97,3.95,3.97,339249
2026-09-20T07:36:00.000Z,2026-09-20T10:36:00,3.96,3.97,3.95,3.96,189510
2026-09-20T07:37:00.000Z,2026-09-20T10:37:00,3.96,3.97,3.96,3.97,58052
2026-09-20T07:38:00.000Z,2026-09-20T10:38:00,3.97,3.97,3.96,3.97,205584
2026-09-20T07:39:00.000Z,2026-09-20T10:39:00,3.97,3.97,3.96,3.97,20855
2026-09-20T07:40:00.000Z,2026-09-20T10:40:00,3.97,3.97,3.96,3.97,22889
2026-09-20T07:41:00.000Z,2026-09-20T10:41:00,3.97,3.97,3.97,3.97,283541
2026-09-20T07:42:00.000Z,2026-09-20T10:42:00,3.96,3.97,3.96,3.97,87495
2026-09-20T07:43:00.000Z,2026-09-20T10:43:00,3.97,3.97,3.96,3.97,107277
2026-09-20T07:44:00.000Z,2026-09-20T10:44:00,3.96,3.97,3.96,3.97,433147
2026-09-20T07:45:00.000Z,2026-09-20T10:45:00,3.96,3.98,3.96,3.98,509180
2026-09-20T07:46:00.000Z,2026-09-20T10:46:00,3.97,3.98,3.97,3.98,15224
2026-09-20T07:47:00.000Z,2026-09-20T10:47:00,3.98,3.99,3.96,3.98,1844211
2026-09-20T07:48:00.000Z,2026-09-20T10:48:00,3.98,3.98,3.98,3.98,17524
2026-09-20T07:49:00.000Z,2026-09-20T10:49:00,3.97,3.98,3.97,3.98,52598
2026-09-20T07:50:00.000Z,2026-09-20T10:50:00,3.98,3.98,3.98,3.98,47585
2026-09-20T07:51:00.000Z,2026-09-20T10:51:00,3.98,3.99,3.98,3.98,387465
2026-09-20T07:52:00.000Z,2026-09-20T10:52:00,3.99,3.99,3.98,3.99,75344
2026-09-20T07:53:00.000Z,2026-09-20T10:53:00,3.99,3.99,3.98,3.99,366017
2026-09-20T07:54:00.000Z,2026-09-20T10:54:00,3.99,3.99,3.98,3.99,273776
2026-09-20T07:55:00.000Z,2026-09-20T10:55:00,3.98,3.99,3.98,3.98,256248
2026-09-20T07:56:00.000Z,2026-09-20T10:56:00,3.98,3.98,3.97,3.97,91748
2026-09-20T07:57:00.000Z,2026-09-20T10:57:00,3.98,3.98,3.97,3.98,36250
2026-09-20T07:58:00.000Z,2026-09-20T10:58:00,3.98,3.98,3.98,3.98,146639
2026-09-20T07:59:00.000Z,2026-09-20T10:59:00,3.99,3.99,3.98,3.99,55677
2026-09-20T08:00:00.000Z,2026-09-20T11:00:00,3.99,3.99,3.98,3.99,91215
2026-09-20T08:01:00.000Z,2026-09-20T11:01:00,3.98,3.99,3.98,3.98,87362
2026-09-20T08:02:00.000Z,2026-09-20T11:02:00,3.99,3.99,3.97,3.98,35851
2026-09-20T08:03:00.000Z,2026-09-20T11:03:00,3.98,3.98,3.98,3.98,12499
2026-09-20T08:04:00.000Z,2026-09-20T11:04:00,3.98,3.98,3.97,3.98,26288
2026-09-20T08:05:00.000Z,2026-09-20T11:05:00,3.97,3.99,3.97,3.99,145904
2026-09-20T08:06:00.000Z,2026-09-20T11:06:00,3.98,3.99,3.98,3.99,112742
2026-09-20T08:07:00.000Z,2026-09-20T11:07:00,3.98,3.99,3.98,3.99,185474
2026-09-20T08:08:00.000Z,2026-09-20T11:08:00,3.99,3.99,3.98,3.98,36287
2026-09-20T08:09:00.000Z,2026-09-20T11:09:00,3.98,3.98,3.98,3.98,3114
2026-09-20T08:10:00.000Z,2026-09-20T11:10:00,3.98,3.99,3.98,3.99,40979
2026-09-20T08:11:00.000Z,2026-09-20T11:11:00,3.98,3.99,3.98,3.98,89542
2026-09-20T08:12:00.000Z,2026-09-20T11:12:00,3.97,3.98,3.97,3.97,24950
2026-09-20T08:13:00.000Z,2026-09-20T11:13:00,3.97,3.98,3.97,3.97,44494
2026-09-20T08:14:00.000Z,2026-09-20T11:14:00,3.98,3.98,3.97,3.98,11309
2026-09-20T08:15:00.000Z,2026-09-20T11:15:00,3.97,3.98,3.97,3.98,170567
2026-09-20T08:16:00.000Z,2026-09-20T11:16:00,3.98,3.98,3.97,3.97,52921
2026-09-20T08:17:00.000Z,2026-09-20T11:17:00,3.97,3.97,3.97,3.97,3796
2026-09-20T08:18:00.000Z,2026-09-20T11:18:00,3.97,3.97,3.96,3.96,62554
2026-09-20T08:19:00.000Z,2026-09-20T11:19:00,3.97,3.97,3.96,3.96,26836
2026-09-20T08:20:00.000Z,2026-09-20T11:20:00,3.97,4,3.96,4,1531498
2026-09-20T08:21:00.000Z,2026-09-20T11:21:00,3.99,4,3.97,3.99,3852
2026-09-20T08:22:00.000Z,2026-09-20T11:22:00,3.99,3.99,3.99,3.99,11295
2026-09-20T08:23:00.000Z,2026-09-20T11:23:00,3.99,4,3.98,3.98,1362541
2026-09-20T08:24:00.000Z,2026-09-20T11:24:00,3.99,3.99,3.99,3.99,58897
2026-09-20T08:25:00.000Z,2026-09-20T11:25:00,3.99,3.99,3.98,3.99,17809
2026-09-20T08:26:00.000Z,2026-09-20T11:26:00,3.99,3.99,3.98,3.98,193955
2026-09-20T08:27:00.000Z,2026-09-20T11:27:00,3.98,3.98,3.98,3.98,29506
2026-09-20T08:28:00.000Z,2026-09-20T11:28:00,3.98,3.98,3.98,3.98,16261
2026-09-20T08:29:00.000Z,2026-09-20T11:29:00,3.97,3.98,3.97,3.98,204706
2026-09-20T08:30:00.000Z,2026-09-20T11:30:00,3.98,4,3.98,4,4010211
2026-09-20T08:31:00.000Z,2026-09-20T11:31:00,4,4,3.98,4,716997
2026-09-20T08:32:00.000Z,2026-09-20T11:32:00,4,4.01,3.99,3.99,741781
2026-09-20T08:33:00.000Z,2026-09-20T11:33:00,3.98,3.99,3.98,3.98,453102
2026-09-20T08:34:00.000Z,2026-09-20T11:34:00,3.99,3.99,3.98,3.98,201847
2026-09-20T08:35:00.000Z,2026-09-20T11:35:00,3.98,4,3.98,3.99,8765987
2026-09-20T08:36:00.000Z,2026-09-20T11:36:00,3.99,3.99,3.98,3.98,139211
2026-09-20T08:37:00.000Z,2026-09-20T11:37:00,3.99,4,3.99,4,1959821
2026-09-20T08:38:00.000Z,2026-09-20T11:38:00,3.99,4,3.98,4,408623
2026-09-20T08:39:00.000Z,2026-09-20T11:39:00,4,4.01,3.99,4,1904573
2026-09-20T08:40:00.000Z,2026-09-20T11:40:00,4,4,3.99,4,177838
2026-09-20T08:41:00.000Z,2026-09-20T11:41:00,3.99,4,3.99,4,774274
2026-09-20T08:42:00.000Z,2026-09-20T11:42:00,4,4,3.99,4,805289
2026-09-20T08:43:00.000Z,2026-09-20T11:43:00,4,4,4,4,70993
2026-09-20T08:44:00.000Z,2026-09-20T11:44:00,4,4,3.99,4,33112
2026-09-20T08:45:00.000Z,2026-09-20T11:45:00,4,4,3.99,4,333750
2026-09-20T08:46:00.000Z,2026-09-20T11:46:00,4,4,3.99,4,300235
2026-09-20T08:47:00.000Z,2026-09-20T11:47:00,4,4,4,4,32184
2026-09-20T08:48:00.000Z,2026-09-20T11:48:00,3.99,4,3.99,4,73455
2026-09-20T08:49:00.000Z,2026-09-20T11:49:00,4,4,4,4,102780
2026-09-20T08:50:00.000Z,2026-09-20T11:50:00,3.99,4.05,3.99,4.05,6030094
2026-09-20T08:51:00.000Z,2026-09-20T11:51:00,4.03,4.03,4.03,4.03,53401
2026-09-20T08:52:00.000Z,2026-09-20T11:52:00,4.02,4.03,4.01,4.03,290876
2026-09-20T08:53:00.000Z,2026-09-20T11:53:00,4.03,4.03,4.01,4.03,154636
2026-09-20T08:54:00.000Z,2026-09-20T11:54:00,4.03,4.03,4.03,4.03,398272
2026-09-20T08:55:00.000Z,2026-09-20T11:55:00,4.03,4.04,4.02,4.02,542670
2026-09-20T08:56:00.000Z,2026-09-20T11:56:00,4.02,4.07,4.02,4.06,1562271
2026-09-20T08:57:00.000Z,2026-09-20T11:57:00,4.06,4.07,4.03,4.06,436798
2026-09-20T08:58:00.000Z,2026-09-20T11:58:00,4.06,4.07,4.04,4.06,537859
2026-09-20T08:59:00.000Z,2026-09-20T11:59:00,4.06,4.06,4.04,4.04,334400
2026-09-20T09:00:00.000Z,2026-09-20T12:00:00,4.04,4.05,4.03,4.05,379725
2026-09-20T09:01:00.000Z,2026-09-20T12:01:00,4.04,4.05,4.04,4.05,682439
2026-09-20T09:02:00.000Z,2026-09-20T12:02:00,4.06,4.06,4.04,4.04,665291
2026-09-20T09:03:00.000Z,2026-09-20T12:03:00,4.05,4.06,4.04,4.04,235292
2026-09-20T09:04:00.000Z,2026-09-20T12:04:00,4.05,4.05,4.02,4.03,190206
2026-09-20T09:05:00.000Z,2026-09-20T12:05:00,4.03,4.03,4.02,4.03,35732
2026-09-20T09:06:00.000Z,2026-09-20T12:06:00,4.03,4.04,4,4.03,1031835
2026-09-20T09:07:00.000Z,2026-09-20T12:07:00,4.03,4.03,4,4.02,157475
2026-09-20T09:08:00.000Z,2026-09-20T12:08:00,4.01,4.02,4,4.01,2028840
2026-09-20T09:09:00.000Z,2026-09-20T12:09:00,4,4.01,4,4,174345
2026-09-20T09:10:00.000Z,2026-09-20T12:10:00,4,4.01,4,4.01,308196
2026-09-20T09:11:00.000Z,2026-09-20T12:11:00,4.02,4.09,4,4.03,5187907
2026-09-20T09:12:00.000Z,2026-09-20T12:12:00,4.05,4.05,4.02,4.03,991018
2026-09-20T09:13:00.000Z,2026-09-20T12:13:00,4.03,4.03,4.02,4.02,585343
2026-09-20T09:14:00.000Z,2026-09-20T12:14:00,4.03,4.03,4.01,4.01,631816
2026-09-20T09:15:00.000Z,2026-09-20T12:15:00,4.01,4.01,3.99,4.01,1113891
2026-09-20T09:16:00.000Z,2026-09-20T12:16:00,4.01,4.01,4,4,96895
2026-09-20T09:17:00.000Z,2026-09-20T12:17:00,4,4.02,4,4.02,16980
2026-09-20T09:18:00.000Z,2026-09-20T12:18:00,4.02,4.03,4.01,4.02,182792
2026-09-20T09:19:00.000Z,2026-09-20T12:19:00,4.02,4.02,4.01,4.02,111669
2026-09-20T09:20:00.000Z,2026-09-20T12:20:00,4.02,4.02,4,4.02,250409
2026-09-20T09:21:00.000Z,2026-09-20T12:21:00,4.01,4.02,4.01,4.02,21051
2026-09-20T09:22:00.000Z,2026-09-20T12:22:00,4.02,4.02,4.01,4.01,2076
2026-09-20T09:23:00.000Z,2026-09-20T12:23:00,4.02,4.02,4.02,4.02,9892
2026-09-20T09:24:00.000Z,2026-09-20T12:24:00,4.01,4.02,4.01,4.01,78872
2026-09-20T09:25:00.000Z,2026-09-20T12:25:00,4.01,4.01,4,4.01,239648
2026-09-20T09:26:00.000Z,2026-09-20T12:26:00,4.01,4.01,4,4.01,487665
2026-09-20T09:27:00.000Z,2026-09-20T12:27:00,4,4,3.99,3.99,180923
2026-09-20T09:28:00.000Z,2026-09-20T12:28:00,4,4,3.99,3.99,1107550
2026-09-20T09:29:00.000Z,2026-09-20T12:29:00,3.99,4,3.98,4,195870
2026-09-20T09:30:00.000Z,2026-09-20T12:30:00,3.98,3.99,3.98,3.99,188449
2026-09-20T09:31:00.000Z,2026-09-20T12:31:00,3.98,3.99,3.98,3.99,68863
2026-09-20T09:32:00.000Z,2026-09-20T12:32:00,3.99,3.99,3.98,3.98,59450
2026-09-20T09:33:00.000Z,2026-09-20T12:33:00,3.98,3.99,3.98,3.99,172364
2026-09-20T09:34:00.000Z,2026-09-20T12:34:00,3.99,4,3.99,3.99,109873
2026-09-20T09:35:00.000Z,2026-09-20T12:35:00,3.99,3.99,3.99,3.99,47966
2026-09-20T09:36:00.000Z,2026-09-20T12:36:00,4,4,3.99,3.99,16629
2026-09-20T09:37:00.000Z,2026-09-20T12:37:00,4,4,4,4,66948
2026-09-20T09:38:00.000Z,2026-09-20T12:38:00,4,4,4,4,5300
2026-09-20T09:39:00.000Z,2026-09-20T12:39:00,4,4,3.99,3.99,18008
2026-09-20T09:40:00.000Z,2026-09-20T12:40:00,4,4,3.99,4,17121
2026-09-20T09:41:00.000Z,2026-09-20T12:41:00,3.99,4,3.99,4,70290
2026-09-20T09:42:00.000Z,2026-09-20T12:42:00,4,4,3.99,4,146285
2026-09-20T09:43:00.000Z,2026-09-20T12:43:00,3.99,4,3.99,4,22330
2026-09-20T09:44:00.000Z,2026-09-20T12:44:00,3.99,4,3.99,4,29074
2026-09-20T09:45:00.000Z,2026-09-20T12:45:00,3.99,3.99,3.98,3.99,275942
2026-09-20T09:46:00.000Z,2026-09-20T12:46:00,3.99,3.99,3.98,3.98,36220
2026-09-20T09:47:00.000Z,2026-09-20T12:47:00,3.98,3.99,3.98,3.98,13993
2026-09-20T09:48:00.000Z,2026-09-20T12:48:00,3.99,3.99,3.98,3.99,39612
2026-09-20T09:49:00.000Z,2026-09-20T12:49:00,3.99,3.99,3.98,3.98,20622
2026-09-20T09:50:00.000Z,2026-09-20T12:50:00,3.99,3.99,3.98,3.99,71835
2026-09-20T09:51:00.000Z,2026-09-20T12:51:00,3.99,3.99,3.98,3.99,8372
2026-09-20T09:52:00.000Z,2026-09-20T12:52:00,3.99,3.99,3.98,3.98,140359
2026-09-20T09:53:00.000Z,2026-09-20T12:53:00,3.99,3.99,3.97,3.98,485084
2026-09-20T09:54:00.000Z,2026-09-20T12:54:00,3.98,3.98,3.97,3.98,21273
2026-09-20T09:55:00.000Z,2026-09-20T12:55:00,3.98,3.98,3.97,3.98,40692
2026-09-20T09:56:00.000Z,2026-09-20T12:56:00,3.98,3.98,3.97,3.97,64198
2026-09-20T09:57:00.000Z,2026-09-20T12:57:00,3.97,3.97,3.96,3.97,426040
2026-09-20T09:58:00.000Z,2026-09-20T12:58:00,3.96,3.98,3.96,3.96,36599
2026-09-20T09:59:00.000Z,2026-09-20T12:59:00,3.96,3.97,3.96,3.97,199807
2026-09-20T10:00:00.000Z,2026-09-20T13:00:00,3.96,3.99,3.96,3.99,156590
2026-09-20T10:01:00.000Z,2026-09-20T13:01:00,3.99,3.99,3.96,3.98,9362
2026-09-20T10:02:00.000Z,2026-09-20T13:02:00,3.98,3.98,3.98,3.98,515
2026-09-20T10:03:00.000Z,2026-09-20T13:03:00,3.98,3.99,3.97,3.99,46329
2026-09-20T10:04:00.000Z,2026-09-20T13:04:00,3.97,3.99,3.97,3.99,3265
2026-09-20T10:05:00.000Z,2026-09-20T13:05:00,3.98,3.99,3.98,3.99,1799
2026-09-20T10:06:00.000Z,2026-09-20T13:06:00,3.99,3.99,3.98,3.98,5467
2026-09-20T10:07:00.000Z,2026-09-20T13:07:00,3.99,3.99,3.98,3.98,5052
2026-09-20T10:08:00.000Z,2026-09-20T13:08:00,3.98,3.99,3.97,3.99,69374
2026-09-20T10:09:00.000Z,2026-09-20T13:09:00,3.99,3.99,3.97,3.99,8612
2026-09-20T10:10:00.000Z,2026-09-20T13:10:00,3.99,3.99,3.99,3.99,848
2026-09-20T10:11:00.000Z,2026-09-20T13:11:00,3.99,3.99,3.99,3.99,24563
2026-09-20T10:13:00.000Z,2026-09-20T13:13:00,3.99,3.99,3.97,3.98,35140
2026-09-20T10:14:00.000Z,2026-09-20T13:14:00,3.98,3.98,3.98,3.98,36206
2026-09-20T10:15:00.000Z,2026-09-20T13:15:00,3.98,3.98,3.98,3.98,12898
2026-09-20T10:16:00.000Z,2026-09-20T13:16:00,3.98,3.98,3.98,3.98,228
2026-09-20T10:17:00.000Z,2026-09-20T13:17:00,3.97,3.98,3.97,3.97,136310
2026-09-20T10:18:00.000Z,2026-09-20T13:18:00,3.97,3.97,3.97,3.97,71532
2026-09-20T10:19:00.000Z,2026-09-20T13:19:00,3.96,3.97,3.96,3.97,20594
2026-09-20T10:20:00.000Z,2026-09-20T13:20:00,3.96,3.97,3.96,3.97,35491
2026-09-20T10:21:00.000Z,2026-09-20T13:21:00,3.96,3.97,3.95,3.97,1052206
2026-09-20T10:23:00.000Z,2026-09-20T13:23:00,3.95,3.96,3.95,3.96,274532
2026-09-20T10:24:00.000Z,2026-09-20T13:24:00,3.97,3.97,3.96,3.96,17769
2026-09-20T10:25:00.000Z,2026-09-20T13:25:00,3.96,3.96,3.96,3.96,4150
2026-09-20T10:26:00.000Z,2026-09-20T13:26:00,3.96,3.96,3.96,3.96,6337
2026-09-20T10:27:00.000Z,2026-09-20T13:27:00,3.96,3.96,3.95,3.95,1663
2026-09-20T10:28:00.000Z,2026-09-20T13:28:00,3.96,3.96,3.95,3.96,8004
2026-09-20T10:29:00.000Z,2026-09-20T13:29:00,3.95,3.96,3.95,3.95,533351
2026-09-20T10:30:00.000Z,2026-09-20T13:30:00,3.95,3.96,3.95,3.95,289688
2026-09-20T10:31:00.000Z,2026-09-20T13:31:00,3.95,3.96,3.94,3.94,105056
2026-09-20T10:32:00.000Z,2026-09-20T13:32:00,3.94,3.95,3.94,3.94,232763
2026-09-20T10:33:00.000Z,2026-09-20T13:33:00,3.94,3.94,3.93,3.94,408752
2026-09-20T10:34:00.000Z,2026-09-20T13:34:00,3.93,3.94,3.93,3.93,15183
2026-09-20T10:35:00.000Z,2026-09-20T13:35:00,3.93,3.95,3.93,3.95,91905
2026-09-20T10:36:00.000Z,2026-09-20T13:36:00,3.94,3.95,3.94,3.95,4405
2026-09-20T10:37:00.000Z,2026-09-20T13:37:00,3.95,3.96,3.95,3.96,6391
2026-09-20T10:38:00.000Z,2026-09-20T13:38:00,3.96,3.96,3.96,3.96,2118
2026-09-20T10:39:00.000Z,2026-09-20T13:39:00,3.96,3.96,3.96,3.96,58997
2026-09-20T10:40:00.000Z,2026-09-20T13:40:00,3.96,3.96,3.96,3.96,2680
2026-09-20T10:41:00.000Z,2026-09-20T13:41:00,3.96,3.96,3.95,3.95,132335
2026-09-20T10:43:00.000Z,2026-09-20T13:43:00,3.95,3.96,3.94,3.94,243206
2026-09-20T10:44:00.000Z,2026-09-20T13:44:00,3.95,3.95,3.93,3.94,54025
2026-09-20T10:45:00.000Z,2026-09-20T13:45:00,3.94,3.95,3.93,3.94,83996
2026-09-20T10:46:00.000Z,2026-09-20T13:46:00,3.95,3.95,3.95,3.95,1189
2026-09-20T10:47:00.000Z,2026-09-20T13:47:00,3.95,3.95,3.94,3.95,1993
2026-09-20T10:48:00.000Z,2026-09-20T13:48:00,3.94,3.95,3.94,3.95,11485
2026-09-20T10:49:00.000Z,2026-09-20T13:49:00,3.95,3.95,3.94,3.94,11818
2026-09-20T10:50:00.000Z,2026-09-20T13:50:00,3.95,3.95,3.94,3.95,58584
2026-09-20T10:51:00.000Z,2026-09-20T13:51:00,3.95,3.95,3.94,3.95,51337
2026-09-20T10:52:00.000Z,2026-09-20T13:52:00,3.95,3.95,3.94,3.95,3634
2026-09-20T10:53:00.000Z,2026-09-20T13:53:00,3.94,3.95,3.94,3.95,46905
2026-09-20T10:54:00.000Z,2026-09-20T13:54:00,3.95,3.95,3.94,3.95,6714
2026-09-20T10:55:00.000Z,2026-09-20T13:55:00,3.94,3.95,3.94,3.95,3047
2026-09-20T10:56:00.000Z,2026-09-20T13:56:00,3.95,3.95,3.94,3.94,25414
2026-09-20T10:57:00.000Z,2026-09-20T13:57:00,3.95,3.96,3.95,3.96,344278
2026-09-20T10:58:00.000Z,2026-09-20T13:58:00,3.95,3.96,3.95,3.95,29858
2026-09-20T10:59:00.000Z,2026-09-20T13:59:00,3.94,3.96,3.94,3.95,161276
2026-09-20T11:00:00.000Z,2026-09-20T14:00:00,3.95,3.95,3.94,3.95,460501
2026-09-20T11:01:00.000Z,2026-09-20T14:01:00,3.94,3.95,3.94,3.95,15301
2026-09-20T11:02:00.000Z,2026-09-20T14:02:00,3.94,3.95,3.93,3.94,917165
2026-09-20T11:03:00.000Z,2026-09-20T14:03:00,3.94,3.94,3.94,3.94,10233
2026-09-20T11:04:00.000Z,2026-09-20T14:04:00,3.94,3.95,3.93,3.95,146909
2026-09-20T11:05:00.000Z,2026-09-20T14:05:00,3.94,3.94,3.92,3.93,595980
2026-09-20T11:06:00.000Z,2026-09-20T14:06:00,3.94,3.94,3.93,3.94,442729
2026-09-20T11:07:00.000Z,2026-09-20T14:07:00,3.93,3.93,3.92,3.93,1038389
2026-09-20T11:08:00.000Z,2026-09-20T14:08:00,3.93,3.94,3.92,3.94,259963
2026-09-20T11:09:00.000Z,2026-09-20T14:09:00,3.94,4,3.93,4,1507766
2026-09-20T11:10:00.000Z,2026-09-20T14:10:00,4,4,3.94,3.96,70497
2026-09-20T11:11:00.000Z,2026-09-20T14:11:00,3.98,4.04,3.97,4,10044474
2026-09-20T11:12:00.000Z,2026-09-20T14:12:00,4,4.07,3.98,4,6776111
2026-09-20T11:13:00.000Z,2026-09-20T14:13:00,4,4.03,4,4.01,1168874
2026-09-20T11:14:00.000Z,2026-09-20T14:14:00,4.01,4.04,4.01,4.04,1280791
2026-09-20T11:25:00.000Z,2026-09-20T14:25:00,3.97,3.97,3.97,3.97,2980598
2026-09-20T11:26:00.000Z,2026-09-20T14:26:00,3.97,3.97,3.97,3.97,203146
2026-09-20T11:27:00.000Z,2026-09-20T14:27:00,3.97,3.97,3.97,3.97,728355
2026-09-20T11:28:00.000Z,2026-09-20T14:28:00,3.97,3.97,3.97,3.97,238316
2026-09-20T11:29:00.000Z,2026-09-20T14:29:00,3.97,3.97,3.97,3.97,342971
2026-09-21T07:00:00.000Z,2026-09-21T10:00:00,3.98,3.98,3.96,3.96,524736
2026-09-21T07:01:00.000Z,2026-09-21T10:01:00,3.96,3.96,3.95,3.95,225555
2026-09-21T07:02:00.000Z,2026-09-21T10:02:00,3.95,3.96,3.94,3.94,806001
2026-09-21T07:03:00.000Z,2026-09-21T10:03:00,3.95,3.97,3.95,3.95,225601
2026-09-21T07:04:00.000Z,2026-09-21T10:04:00,3.95,3.97,3.95,3.95,204272
2026-09-21T07:05:00.000Z,2026-09-21T10:05:00,3.95,3.98,3.95,3.97,519148
2026-09-21T07:06:00.000Z,2026-09-21T10:06:00,3.97,3.98,3.95,3.95,17937
2026-09-21T07:07:00.000Z,2026-09-21T10:07:00,3.97,3.97,3.94,3.94,642900
2026-09-21T07:08:00.000Z,2026-09-21T10:08:00,3.94,3.95,3.93,3.94,299208
2026-09-21T07:09:00.000Z,2026-09-21T10:09:00,3.93,3.93,3.91,3.91,693792
2026-09-21T07:10:00.000Z,2026-09-21T10:10:00,3.92,3.92,3.88,3.9,1679639
2026-09-21T07:11:00.000Z,2026-09-21T10:11:00,3.9,3.9,3.88,3.9,508014
2026-09-21T07:12:00.000Z,2026-09-21T10:12:00,3.88,3.91,3.88,3.91,96215
2026-09-21T07:13:00.000Z,2026-09-21T10:13:00,3.92,3.93,3.9,3.93,260229
2026-09-21T07:14:00.000Z,2026-09-21T10:14:00,3.93,3.93,3.92,3.92,52058
2026-09-21T07:15:00.000Z,2026-09-21T10:15:00,3.92,3.94,3.92,3.94,14115
2026-09-21T07:16:00.000Z,2026-09-21T10:16:00,3.92,3.94,3.92,3.94,62911
2026-09-21T07:17:00.000Z,2026-09-21T10:17:00,3.95,3.95,3.94,3.95,53996
2026-09-21T07:18:00.000Z,2026-09-21T10:18:00,3.95,3.95,3.92,3.92,109438
2026-09-21T07:19:00.000Z,2026-09-21T10:19:00,3.94,3.94,3.92,3.94,31122
2026-09-21T07:20:00.000Z,2026-09-21T10:20:00,3.92,3.94,3.92,3.92,33070
2026-09-21T07:21:00.000Z,2026-09-21T10:21:00,3.92,3.95,3.92,3.94,360253
2026-09-21T07:22:00.000Z,2026-09-21T10:22:00,3.94,3.96,3.92,3.92,441604
2026-09-21T07:23:00.000Z,2026-09-21T10:23:00,3.92,3.96,3.92,3.95,341
2026-09-21T07:24:00.000Z,2026-09-21T10:24:00,3.95,3.95,3.94,3.94,7609
2026-09-21T07:25:00.000Z,2026-09-21T10:25:00,3.94,3.95,3.94,3.94,79006
2026-09-21T07:26:00.000Z,2026-09-21T10:26:00,3.94,3.95,3.94,3.95,91216
2026-09-21T07:27:00.000Z,2026-09-21T10:27:00,3.94,3.95,3.94,3.95,441949
2026-09-21T07:28:00.000Z,2026-09-21T10:28:00,3.95,3.96,3.95,3.96,58895
2026-09-21T07:29:00.000Z,2026-09-21T10:29:00,3.95,3.96,3.95,3.96,383720
2026-09-21T07:30:00.000Z,2026-09-21T10:30:00,3.96,3.96,3.95,3.95,209896
2026-09-21T07:31:00.000Z,2026-09-21T10:31:00,3.95,3.95,3.94,3.95,336852
2026-09-21T07:32:00.000Z,2026-09-21T10:32:00,3.95,3.95,3.94,3.95,183792
2026-09-21T07:33:00.000Z,2026-09-21T10:33:00,3.95,3.95,3.95,3.95,1922
2026-09-21T07:34:00.000Z,2026-09-21T10:34:00,3.95,3.95,3.94,3.95,813
2026-09-21T07:35:00.000Z,2026-09-21T10:35:00,3.94,3.95,3.94,3.95,535
2026-09-21T07:36:00.000Z,2026-09-21T10:36:00,3.94,3.95,3.94,3.94,64211
2026-09-21T07:37:00.000Z,2026-09-21T10:37:00,3.94,3.95,3.93,3.93,108923
2026-09-21T07:38:00.000Z,2026-09-21T10:38:00,3.94,3.94,3.93,3.93,101803
2026-09-21T07:39:00.000Z,2026-09-21T10:39:00,3.93,3.94,3.93,3.94,105013
2026-09-21T07:40:00.000Z,2026-09-21T10:40:00,3.93,3.94,3.93,3.94,13632
2026-09-21T07:41:00.000Z,2026-09-21T10:41:00,3.94,3.94,3.93,3.93,684
2026-09-21T07:42:00.000Z,2026-09-21T10:42:00,3.94,3.94,3.93,3.93,42703
2026-09-21T07:43:00.000Z,2026-09-21T10:43:00,3.94,3.94,3.93,3.93,31474
2026-09-21T07:44:00.000Z,2026-09-21T10:44:00,3.93,3.94,3.93,3.93,248514
2026-09-21T07:45:00.000Z,2026-09-21T10:45:00,3.94,3.94,3.93,3.94,2826
2026-09-21T07:46:00.000Z,2026-09-21T10:46:00,3.94,3.94,3.93,3.93,32200
2026-09-21T07:47:00.000Z,2026-09-21T10:47:00,3.94,3.94,3.93,3.94,235098
2026-09-21T07:48:00.000Z,2026-09-21T10:48:00,3.94,3.94,3.94,3.94,11042
2026-09-21T07:49:00.000Z,2026-09-21T10:49:00,3.94,3.94,3.94,3.94,297897
2026-09-21T07:50:00.000Z,2026-09-21T10:50:00,3.93,3.94,3.93,3.94,69688
2026-09-21T07:51:00.000Z,2026-09-21T10:51:00,3.94,3.94,3.93,3.93,5257
2026-09-21T07:52:00.000Z,2026-09-21T10:52:00,3.93,3.94,3.93,3.94,1387
2026-09-21T07:53:00.000Z,2026-09-21T10:53:00,3.93,3.93,3.93,3.93,3935
2026-09-21T07:54:00.000Z,2026-09-21T10:54:00,3.93,3.93,3.93,3.93,5000
2026-09-21T07:55:00.000Z,2026-09-21T10:55:00,3.93,3.94,3.93,3.94,353828
2026-09-21T07:56:00.000Z,2026-09-21T10:56:00,3.93,3.94,3.93,3.93,131582
2026-09-21T07:57:00.000Z,2026-09-21T10:57:00,3.93,3.93,3.93,3.93,189423
2026-09-21T07:58:00.000Z,2026-09-21T10:58:00,3.93,3.94,3.92,3.93,851336
2026-09-21T07:59:00.000Z,2026-09-21T10:59:00,3.94,3.94,3.93,3.93,117209
2026-09-21T08:00:00.000Z,2026-09-21T11:00:00,3.93,3.93,3.92,3.93,19670
2026-09-21T08:01:00.000Z,2026-09-21T11:01:00,3.92,3.93,3.92,3.93,334710
2026-09-21T08:02:00.000Z,2026-09-21T11:02:00,3.93,3.94,3.93,3.94,52744
2026-09-21T08:03:00.000Z,2026-09-21T11:03:00,3.93,3.93,3.93,3.93,8065
2026-09-21T08:04:00.000Z,2026-09-21T11:04:00,3.93,3.93,3.93,3.93,927
2026-09-21T08:05:00.000Z,2026-09-21T11:05:00,3.92,3.93,3.92,3.92,505536
2026-09-21T08:06:00.000Z,2026-09-21T11:06:00,3.92,3.94,3.92,3.93,165803
2026-09-21T08:07:00.000Z,2026-09-21T11:07:00,3.93,3.94,3.92,3.94,237698
2026-09-21T08:08:00.000Z,2026-09-21T11:08:00,3.93,3.93,3.93,3.93,14344
2026-09-21T08:09:00.000Z,2026-09-21T11:09:00,3.93,3.94,3.92,3.94,105257
2026-09-21T08:10:00.000Z,2026-09-21T11:10:00,3.93,3.94,3.92,3.93,8817
2026-09-21T08:11:00.000Z,2026-09-21T11:11:00,3.92,3.93,3.92,3.92,33517
2026-09-21T08:12:00.000Z,2026-09-21T11:12:00,3.92,3.94,3.92,3.94,199022
2026-09-21T08:13:00.000Z,2026-09-21T11:13:00,3.93,3.93,3.92,3.92,3440
2026-09-21T08:14:00.000Z,2026-09-21T11:14:00,3.92,3.92,3.92,3.92,2718
2026-09-21T08:15:00.000Z,2026-09-21T11:15:00,3.93,3.93,3.93,3.93,50081
2026-09-21T08:17:00.000Z,2026-09-21T11:17:00,3.93,3.93,3.92,3.92,45255
2026-09-21T08:18:00.000Z,2026-09-21T11:18:00,3.92,3.92,3.92,3.92,40000
2026-09-21T08:19:00.000Z,2026-09-21T11:19:00,3.93,3.93,3.92,3.92,6068
2026-09-21T08:20:00.000Z,2026-09-21T11:20:00,3.93,3.93,3.93,3.93,13879
2026-09-21T08:21:00.000Z,2026-09-21T11:21:00,3.93,3.93,3.93,3.93,467
2026-09-21T08:22:00.000Z,2026-09-21T11:22:00,3.92,3.93,3.92,3.93,750356
2026-09-21T08:23:00.000Z,2026-09-21T11:23:00,3.93,3.93,3.92,3.92,130883
2026-09-21T08:24:00.000Z,2026-09-21T11:24:00,3.92,3.92,3.91,3.91,1349159
2026-09-21T08:25:00.000Z,2026-09-21T11:25:00,3.91,3.91,3.9,3.9,1324078
2026-09-21T08:26:00.000Z,2026-09-21T11:26:00,3.9,3.9,3.88,3.88,520373
2026-09-21T08:27:00.000Z,2026-09-21T11:27:00,3.89,3.89,3.87,3.87,565600
2026-09-21T08:28:00.000Z,2026-09-21T11:28:00,3.88,3.88,3.86,3.86,548895
2026-09-21T08:29:00.000Z,2026-09-21T11:29:00,3.86,3.86,3.85,3.85,689876
2026-09-21T08:30:00.000Z,2026-09-21T11:30:00,3.85,3.86,3.84,3.84,1325164
2026-09-21T08:31:00.000Z,2026-09-21T11:31:00,3.84,3.86,3.84,3.84,14795
2026-09-21T08:32:00.000Z,2026-09-21T11:32:00,3.85,3.86,3.84,3.85,243588
2026-09-21T08:33:00.000Z,2026-09-21T11:33:00,3.85,3.86,3.84,3.85,121282
2026-09-21T08:34:00.000Z,2026-09-21T11:34:00,3.85,3.85,3.84,3.85,39723
2026-09-21T08:35:00.000Z,2026-09-21T11:35:00,3.85,3.85,3.84,3.85,27000
2026-09-21T08:36:00.000Z,2026-09-21T11:36:00,3.84,3.85,3.83,3.83,688583
2026-09-21T08:37:00.000Z,2026-09-21T11:37:00,3.83,3.84,3.83,3.84,225785
2026-09-21T08:38:00.000Z,2026-09-21T11:38:00,3.85,3.85,3.83,3.84,247464
2026-09-21T08:39:00.000Z,2026-09-21T11:39:00,3.83,3.84,3.83,3.83,448779
2026-09-21T08:40:00.000Z,2026-09-21T11:40:00,3.83,3.83,3.83,3.83,509000
2026-09-21T08:41:00.000Z,2026-09-21T11:41:00,3.83,3.83,3.81,3.81,97971
2026-09-21T08:42:00.000Z,2026-09-21T11:42:00,3.81,3.82,3.8,3.81,1170686
2026-09-21T08:43:00.000Z,2026-09-21T11:43:00,3.8,3.81,3.75,3.76,2639938
2026-09-21T08:44:00.000Z,2026-09-21T11:44:00,3.8,3.8,3.75,3.76,429072
2026-09-21T08:45:00.000Z,2026-09-21T11:45:00,3.76,3.8,3.75,3.75,149372
2026-09-21T08:46:00.000Z,2026-09-21T11:46:00,3.76,3.77,3.76,3.76,198877
2026-09-21T08:47:00.000Z,2026-09-21T11:47:00,3.77,3.79,3.77,3.79,19395
2026-09-21T08:48:00.000Z,2026-09-21T11:48:00,3.79,3.8,3.76,3.77,144250
2026-09-21T08:49:00.000Z,2026-09-21T11:49:00,3.77,3.8,3.76,3.77,36639
2026-09-21T08:50:00.000Z,2026-09-21T11:50:00,3.8,3.8,3.8,3.8,311906
2026-09-21T08:51:00.000Z,2026-09-21T11:51:00,3.81,3.82,3.78,3.82,421818
2026-09-21T08:52:00.000Z,2026-09-21T11:52:00,3.82,3.83,3.8,3.83,156474
2026-09-21T08:53:00.000Z,2026-09-21T11:53:00,3.82,3.83,3.8,3.8,254977
2026-09-21T08:54:00.000Z,2026-09-21T11:54:00,3.82,3.83,3.8,3.81,63802
2026-09-21T08:55:00.000Z,2026-09-21T11:55:00,3.82,3.84,3.82,3.83,41195
2026-09-21T08:56:00.000Z,2026-09-21T11:56:00,3.84,3.85,3.83,3.85,152684
2026-09-21T08:57:00.000Z,2026-09-21T11:57:00,3.85,3.86,3.85,3.86,468989
2026-09-21T08:58:00.000Z,2026-09-21T11:58:00,3.86,3.87,3.85,3.86,333006
2026-09-21T08:59:00.000Z,2026-09-21T11:59:00,3.86,3.87,3.85,3.85,102750
2026-09-21T09:00:00.000Z,2026-09-21T12:00:00,3.85,3.85,3.85,3.85,292390
2026-09-21T09:01:00.000Z,2026-09-21T12:01:00,3.86,3.87,3.85,3.86,36678
2026-09-21T09:02:00.000Z,2026-09-21T12:02:00,3.86,3.87,3.86,3.87,32050
2026-09-21T09:03:00.000Z,2026-09-21T12:03:00,3.86,3.87,3.86,3.87,11721
2026-09-21T09:04:00.000Z,2026-09-21T12:04:00,3.87,3.87,3.86,3.86,8132
2026-09-21T09:05:00.000Z,2026-09-21T12:05:00,3.86,3.87,3.83,3.87,114844
2026-09-21T09:06:00.000Z,2026-09-21T12:06:00,3.86,3.86,3.84,3.84,5936
2026-09-21T09:07:00.000Z,2026-09-21T12:07:00,3.86,3.86,3.84,3.86,2787
2026-09-21T09:08:00.000Z,2026-09-21T12:08:00,3.84,3.86,3.84,3.84,27216
2026-09-21T09:09:00.000Z,2026-09-21T12:09:00,3.84,3.85,3.83,3.83,130242
2026-09-21T09:10:00.000Z,2026-09-21T12:10:00,3.83,3.84,3.83,3.83,108370
2026-09-21T09:11:00.000Z,2026-09-21T12:11:00,3.85,3.85,3.85,3.85,20
2026-09-21T09:12:00.000Z,2026-09-21T12:12:00,3.84,3.84,3.84,3.84,70
2026-09-21T09:13:00.000Z,2026-09-21T12:13:00,3.85,3.85,3.83,3.83,29191
2026-09-21T09:14:00.000Z,2026-09-21T12:14:00,3.83,3.83,3.83,3.83,54525
2026-09-21T09:15:00.000Z,2026-09-21T12:15:00,3.85,3.85,3.83,3.83,14123
2026-09-21T09:16:00.000Z,2026-09-21T12:16:00,3.83,3.83,3.82,3.83,109407
2026-09-21T09:17:00.000Z,2026-09-21T12:17:00,3.84,3.84,3.84,3.84,6
2026-09-21T09:18:00.000Z,2026-09-21T12:18:00,3.85,3.85,3.83,3.85,5852
2026-09-21T09:19:00.000Z,2026-09-21T12:19:00,3.85,3.86,3.83,3.85,15062
2026-09-21T09:20:00.000Z,2026-09-21T12:20:00,3.84,3.86,3.83,3.83,133128
2026-09-21T09:21:00.000Z,2026-09-21T12:21:00,3.86,3.86,3.83,3.83,26368
2026-09-21T09:22:00.000Z,2026-09-21T12:22:00,3.86,3.86,3.86,3.86,16082
2026-09-21T09:23:00.000Z,2026-09-21T12:23:00,3.85,3.85,3.85,3.85,2590
2026-09-21T09:24:00.000Z,2026-09-21T12:24:00,3.84,3.85,3.84,3.85,3011
2026-09-21T09:25:00.000Z,2026-09-21T12:25:00,3.85,3.85,3.84,3.84,81492
2026-09-21T09:26:00.000Z,2026-09-21T12:26:00,3.85,3.85,3.84,3.84,10014
2026-09-21T09:27:00.000Z,2026-09-21T12:27:00,3.84,3.84,3.84,3.84,33336
2026-09-21T09:28:00.000Z,2026-09-21T12:28:00,3.84,3.85,3.84,3.84,18028
2026-09-21T09:29:00.000Z,2026-09-21T12:29:00,3.85,3.85,3.84,3.84,1063
2026-09-21T09:30:00.000Z,2026-09-21T12:30:00,3.84,3.84,3.83,3.83,144323
2026-09-21T09:31:00.000Z,2026-09-21T12:31:00,3.83,3.84,3.83,3.84,5818
2026-09-21T09:32:00.000Z,2026-09-21T12:32:00,3.85,3.85,3.85,3.85,78
2026-09-21T09:33:00.000Z,2026-09-21T12:33:00,3.85,3.85,3.84,3.84,2373
2026-09-21T09:34:00.000Z,2026-09-21T12:34:00,3.85,3.85,3.85,3.85,6457359
2026-09-21T09:35:00.000Z,2026-09-21T12:35:00,3.86,3.89,3.85,3.89,370899
2026-09-21T09:36:00.000Z,2026-09-21T12:36:00,3.89,3.9,3.88,3.9,422726
2026-09-21T09:37:00.000Z,2026-09-21T12:37:00,3.89,3.9,3.87,3.89,155925
2026-09-21T09:38:00.000Z,2026-09-21T12:38:00,3.89,3.89,3.87,3.87,10337
2026-09-21T09:39:00.000Z,2026-09-21T12:39:00,3.88,3.88,3.87,3.87,4436
2026-09-21T09:40:00.000Z,2026-09-21T12:40:00,3.87,3.87,3.87,3.87,2618
2026-09-21T09:41:00.000Z,2026-09-21T12:41:00,3.88,3.88,3.87,3.87,51051
2026-09-21T09:42:00.000Z,2026-09-21T12:42:00,3.87,3.88,3.87,3.87,89514
2026-09-21T09:43:00.000Z,2026-09-21T12:43:00,3.87,3.87,3.87,3.87,1766
2026-09-21T09:44:00.000Z,2026-09-21T12:44:00,3.86,3.87,3.86,3.86,60116
2026-09-21T09:45:00.000Z,2026-09-21T12:45:00,3.87,3.87,3.87,3.87,35023
2026-09-21T09:46:00.000Z,2026-09-21T12:46:00,3.87,3.87,3.81,3.87,329919
2026-09-21T09:47:00.000Z,2026-09-21T12:47:00,3.82,3.87,3.82,3.87,4828
2026-09-21T09:48:00.000Z,2026-09-21T12:48:00,3.85,3.86,3.82,3.83,51349
2026-09-21T09:49:00.000Z,2026-09-21T12:49:00,3.86,3.86,3.86,3.86,2759
2026-09-21T09:50:00.000Z,2026-09-21T12:50:00,3.86,3.86,3.86,3.86,1064
2026-09-21T09:51:00.000Z,2026-09-21T12:51:00,3.83,3.86,3.83,3.85,180
2026-09-21T09:53:00.000Z,2026-09-21T12:53:00,3.85,3.85,3.83,3.83,30673
2026-09-21T09:54:00.000Z,2026-09-21T12:54:00,3.85,3.85,3.83,3.83,774
2026-09-21T09:55:00.000Z,2026-09-21T12:55:00,3.85,3.85,3.85,3.85,3152
2026-09-21T09:56:00.000Z,2026-09-21T12:56:00,3.83,3.85,3.83,3.85,23610
2026-09-21T09:57:00.000Z,2026-09-21T12:57:00,3.85,3.86,3.85,3.86,90168
2026-09-21T09:58:00.000Z,2026-09-21T12:58:00,3.86,3.86,3.86,3.86,500
2026-09-21T09:59:00.000Z,2026-09-21T12:59:00,3.86,3.86,3.86,3.86,24032
2026-09-21T10:00:00.000Z,2026-09-21T13:00:00,3.86,3.86,3.86,3.86,258
2026-09-21T10:01:00.000Z,2026-09-21T13:01:00,3.86,3.87,3.86,3.86,39008
2026-09-21T10:02:00.000Z,2026-09-21T13:02:00,3.86,3.87,3.86,3.86,16949
2026-09-21T10:03:00.000Z,2026-09-21T13:03:00,3.87,3.87,3.87,3.87,122
2026-09-21T10:04:00.000Z,2026-09-21T13:04:00,3.87,3.87,3.87,3.87,10439
2026-09-21T10:05:00.000Z,2026-09-21T13:05:00,3.87,3.88,3.87,3.88,40427
2026-09-21T10:06:00.000Z,2026-09-21T13:06:00,3.88,3.88,3.88,3.88,20706
2026-09-21T10:07:00.000Z,2026-09-21T13:07:00,3.88,3.88,3.86,3.88,14048
2026-09-21T10:08:00.000Z,2026-09-21T13:08:00,3.87,3.88,3.87,3.88,4603
2026-09-21T10:09:00.000Z,2026-09-21T13:09:00,3.88,3.88,3.88,3.88,1500
2026-09-21T10:10:00.000Z,2026-09-21T13:10:00,3.88,3.88,3.88,3.88,2654
2026-09-21T10:11:00.000Z,2026-09-21T13:11:00,3.86,3.88,3.86,3.88,7795
2026-09-21T10:12:00.000Z,2026-09-21T13:12:00,3.86,3.88,3.86,3.88,2882
2026-09-21T10:13:00.000Z,2026-09-21T13:13:00,3.87,3.87,3.86,3.87,594
2026-09-21T10:14:00.000Z,2026-09-21T13:14:00,3.88,3.88,3.88,3.88,30
2026-09-21T10:15:00.000Z,2026-09-21T13:15:00,3.88,3.88,3.87,3.87,12539
2026-09-21T10:16:00.000Z,2026-09-21T13:16:00,3.87,3.87,3.87,3.87,5715
2026-09-21T10:17:00.000Z,2026-09-21T13:17:00,3.86,3.87,3.86,3.86,212194
2026-09-21T10:18:00.000Z,2026-09-21T13:18:00,3.86,3.88,3.86,3.86,21730
2026-09-21T10:19:00.000Z,2026-09-21T13:19:00,3.86,3.87,3.86,3.87,22404
2026-09-21T10:20:00.000Z,2026-09-21T13:20:00,3.87,3.87,3.86,3.87,9646
2026-09-21T10:21:00.000Z,2026-09-21T13:21:00,3.87,3.87,3.86,3.86,11083
2026-09-21T10:22:00.000Z,2026-09-21T13:22:00,3.86,3.86,3.85,3.85,27854
2026-09-21T10:23:00.000Z,2026-09-21T13:23:00,3.86,3.86,3.86,3.86,820
2026-09-21T10:24:00.000Z,2026-09-21T13:24:00,3.87,3.87,3.87,3.87,2
2026-09-21T10:25:00.000Z,2026-09-21T13:25:00,3.87,3.87,3.86,3.86,32927
2026-09-21T10:28:00.000Z,2026-09-21T13:28:00,3.87,3.87,3.87,3.87,2158
2026-09-21T10:29:00.000Z,2026-09-21T13:29:00,3.87,3.9,3.87,3.88,484333
2026-09-21T10:30:00.000Z,2026-09-21T13:30:00,3.89,3.89,3.89,3.89,40751
2026-09-21T10:31:00.000Z,2026-09-21T13:31:00,3.89,3.89,3.89,3.89,38701
2026-09-21T10:32:00.000Z,2026-09-21T13:32:00,3.88,3.88,3.87,3.87,54120
2026-09-21T10:33:00.000Z,2026-09-21T13:33:00,3.87,3.88,3.85,3.85,171695
2026-09-21T10:34:00.000Z,2026-09-21T13:34:00,3.85,3.9,3.85,3.9,985727
2026-09-21T10:35:00.000Z,2026-09-21T13:35:00,3.9,3.9,3.9,3.9,8057
2026-09-21T10:36:00.000Z,2026-09-21T13:36:00,3.89,3.9,3.89,3.9,28026
2026-09-21T10:37:00.000Z,2026-09-21T13:37:00,3.89,3.9,3.89,3.89,3555
2026-09-21T10:38:00.000Z,2026-09-21T13:38:00,3.9,3.9,3.89,3.9,22933
2026-09-21T10:39:00.000Z,2026-09-21T13:39:00,3.9,3.9,3.88,3.9,199184
2026-09-21T10:40:00.000Z,2026-09-21T13:40:00,3.88,3.88,3.88,3.88,1012
2026-09-21T10:41:00.000Z,2026-09-21T13:41:00,3.9,3.9,3.88,3.9,23820
2026-09-21T10:42:00.000Z,2026-09-21T13:42:00,3.9,3.9,3.88,3.88,24510
2026-09-21T10:45:00.000Z,2026-09-21T13:45:00,3.88,3.88,3.87,3.87,103800
2026-09-21T10:46:00.000Z,2026-09-21T13:46:00,3.88,3.9,3.87,3.88,1015993
2026-09-21T10:47:00.000Z,2026-09-21T13:47:00,3.89,3.89,3.89,3.89,3911
2026-09-21T10:48:00.000Z,2026-09-21T13:48:00,3.89,3.89,3.89,3.89,17784
2026-09-21T10:49:00.000Z,2026-09-21T13:49:00,3.89,3.89,3.88,3.88,1838
2026-09-21T10:50:00.000Z,2026-09-21T13:50:00,3.89,3.89,3.89,3.89,1054
2026-09-21T10:51:00.000Z,2026-09-21T13:51:00,3.88,3.89,3.86,3.89,434032
2026-09-21T10:52:00.000Z,2026-09-21T13:52:00,3.86,3.89,3.86,3.89,50854
2026-09-21T10:54:00.000Z,2026-09-21T13:54:00,3.88,3.89,3.86,3.89,20053
2026-09-21T10:55:00.000Z,2026-09-21T13:55:00,3.87,3.89,3.87,3.89,1380
2026-09-21T10:56:00.000Z,2026-09-21T13:56:00,3.89,3.89,3.89,3.89,38578
2026-09-21T10:57:00.000Z,2026-09-21T13:57:00,3.88,3.88,3.86,3.88,107763
2026-09-21T10:58:00.000Z,2026-09-21T13:58:00,3.88,3.88,3.88,3.88,5000
2026-09-21T10:59:00.000Z,2026-09-21T13:59:00,3.88,3.88,3.88,3.88,4960
2026-09-21T11:00:00.000Z,2026-09-21T14:00:00,3.88,3.88,3.88,3.88,13597
2026-09-21T11:01:00.000Z,2026-09-21T14:01:00,3.88,3.89,3.86,3.86,402587
2026-09-21T11:02:00.000Z,2026-09-21T14:02:00,3.88,3.88,3.86,3.86,163922
2026-09-21T11:03:00.000Z,2026-09-21T14:03:00,3.88,3.88,3.86,3.86,511420
2026-09-21T11:04:00.000Z,2026-09-21T14:04:00,3.86,3.88,3.85,3.88,392107
2026-09-21T11:05:00.000Z,2026-09-21T14:05:00,3.86,3.87,3.86,3.87,312799
2026-09-21T11:06:00.000Z,2026-09-21T14:06:00,3.87,3.88,3.87,3.87,345501
2026-09-21T11:07:00.000Z,2026-09-21T14:07:00,3.87,3.88,3.87,3.87,262438
2026-09-21T11:08:00.000Z,2026-09-21T14:08:00,3.87,3.87,3.87,3.87,192092
2026-09-21T11:09:00.000Z,2026-09-21T14:09:00,3.87,3.87,3.86,3.86,265356
2026-09-21T11:10:00.000Z,2026-09-21T14:10:00,3.87,3.88,3.86,3.88,546506
2026-09-21T11:11:00.000Z,2026-09-21T14:11:00,3.87,3.87,3.87,3.87,291895
2026-09-21T11:12:00.000Z,2026-09-21T14:12:00,3.87,3.88,3.86,3.88,579488
2026-09-21T11:13:00.000Z,2026-09-21T14:13:00,3.87,3.88,3.87,3.87,36940
2026-09-21T11:14:00.000Z,2026-09-21T14:14:00,3.87,3.88,3.85,3.88,1803777
2026-09-21T11:25:00.000Z,2026-09-21T14:25:00,3.87,3.87,3.87,3.87,2753210
2026-09-21T11:26:00.000Z,2026-09-21T14:26:00,3.87,3.87,3.87,3.87,3185859
2026-09-21T11:27:00.000Z,2026-09-21T14:27:00,3.87,3.87,3.87,3.87,3750901
2026-09-21T11:28:00.000Z,2026-09-21T14:28:00,3.87,3.87,3.87,3.87,1519233
2026-09-21T11:29:00.000Z,2026-09-21T14:29:00,3.87,3.87,3.87,3.87,245862
2026-09-22T07:00:00.000Z,2026-09-22T10:00:00,3.99,3.99,3.95,3.95,560291
2026-09-22T07:01:00.000Z,2026-09-22T10:01:00,3.95,3.99,3.92,3.98,1103355
2026-09-22T07:02:00.000Z,2026-09-22T10:02:00,3.98,3.98,3.97,3.97,386117
2026-09-22T07:03:00.000Z,2026-09-22T10:03:00,3.97,3.97,3.96,3.97,243304
2026-09-22T07:04:00.000Z,2026-09-22T10:04:00,3.96,3.96,3.93,3.94,583646
2026-09-22T07:05:00.000Z,2026-09-22T10:05:00,3.93,3.93,3.92,3.93,78675
2026-09-22T07:06:00.000Z,2026-09-22T10:06:00,3.93,3.94,3.92,3.94,264344
2026-09-22T07:07:00.000Z,2026-09-22T10:07:00,3.94,3.94,3.93,3.93,380088
2026-09-22T07:08:00.000Z,2026-09-22T10:08:00,3.93,3.93,3.92,3.92,44078
2026-09-22T07:09:00.000Z,2026-09-22T10:09:00,3.93,3.93,3.92,3.93,33792
2026-09-22T07:10:00.000Z,2026-09-22T10:10:00,3.93,3.93,3.93,3.93,44981
2026-09-22T07:11:00.000Z,2026-09-22T10:11:00,3.93,3.94,3.93,3.94,180343
2026-09-22T07:12:00.000Z,2026-09-22T10:12:00,3.92,3.94,3.91,3.92,282559
2026-09-22T07:13:00.000Z,2026-09-22T10:13:00,3.94,3.94,3.92,3.93,71613
2026-09-22T07:14:00.000Z,2026-09-22T10:14:00,3.93,3.93,3.92,3.92,16148
2026-09-22T07:15:00.000Z,2026-09-22T10:15:00,3.92,3.92,3.92,3.92,200
2026-09-22T07:16:00.000Z,2026-09-22T10:16:00,3.92,3.93,3.92,3.93,22921
2026-09-22T07:17:00.000Z,2026-09-22T10:17:00,3.92,3.93,3.92,3.93,36573
2026-09-22T07:18:00.000Z,2026-09-22T10:18:00,3.93,3.93,3.92,3.93,29914
2026-09-22T07:19:00.000Z,2026-09-22T10:19:00,3.92,3.93,3.92,3.93,179289
2026-09-22T07:20:00.000Z,2026-09-22T10:20:00,3.93,3.93,3.92,3.92,22244
2026-09-22T07:21:00.000Z,2026-09-22T10:21:00,3.93,3.93,3.91,3.91,451926
2026-09-22T07:22:00.000Z,2026-09-22T10:22:00,3.91,3.93,3.9,3.92,115199
2026-09-22T07:23:00.000Z,2026-09-22T10:23:00,3.92,3.92,3.91,3.92,146069
2026-09-22T07:24:00.000Z,2026-09-22T10:24:00,3.92,3.92,3.91,3.91,174107
2026-09-22T07:25:00.000Z,2026-09-22T10:25:00,3.92,3.92,3.91,3.92,72789
2026-09-22T07:26:00.000Z,2026-09-22T10:26:00,3.92,3.92,3.91,3.91,9963
2026-09-22T07:27:00.000Z,2026-09-22T10:27:00,3.92,3.93,3.92,3.93,676202
2026-09-22T07:28:00.000Z,2026-09-22T10:28:00,3.93,3.93,3.91,3.91,238272
2026-09-22T07:29:00.000Z,2026-09-22T10:29:00,3.91,3.95,3.91,3.95,978328
2026-09-22T07:30:00.000Z,2026-09-22T10:30:00,3.93,3.93,3.92,3.92,161080
2026-09-22T07:31:00.000Z,2026-09-22T10:31:00,3.93,3.93,3.92,3.92,793323
2026-09-22T07:32:00.000Z,2026-09-22T10:32:00,3.92,3.93,3.92,3.92,295614
2026-09-22T07:33:00.000Z,2026-09-22T10:33:00,3.93,3.93,3.92,3.92,605395
2026-09-22T07:34:00.000Z,2026-09-22T10:34:00,3.92,3.93,3.92,3.93,615507
2026-09-22T07:35:00.000Z,2026-09-22T10:35:00,3.93,3.94,3.92,3.94,240495
2026-09-22T07:36:00.000Z,2026-09-22T10:36:00,3.94,3.94,3.93,3.94,325442
2026-09-22T07:37:00.000Z,2026-09-22T10:37:00,3.94,3.94,3.93,3.94,90965
2026-09-22T07:38:00.000Z,2026-09-22T10:38:00,3.93,3.94,3.93,3.93,60574
2026-09-22T07:39:00.000Z,2026-09-22T10:39:00,3.93,3.93,3.93,3.93,177259
2026-09-22T07:40:00.000Z,2026-09-22T10:40:00,3.93,3.97,3.92,3.93,1038379
2026-09-22T07:41:00.000Z,2026-09-22T10:41:00,3.94,3.95,3.92,3.93,282145
2026-09-22T07:42:00.000Z,2026-09-22T10:42:00,3.95,3.95,3.94,3.94,143427
2026-09-22T07:43:00.000Z,2026-09-22T10:43:00,3.94,3.94,3.93,3.94,156579
2026-09-22T07:44:00.000Z,2026-09-22T10:44:00,3.94,3.94,3.93,3.94,814254
2026-09-22T07:45:00.000Z,2026-09-22T10:45:00,3.94,3.94,3.92,3.93,990096
2026-09-22T07:46:00.000Z,2026-09-22T10:46:00,3.92,3.92,3.91,3.91,82193
2026-09-22T07:47:00.000Z,2026-09-22T10:47:00,3.92,3.92,3.91,3.91,31972
2026-09-22T07:48:00.000Z,2026-09-22T10:48:00,3.92,3.92,3.91,3.92,46058
2026-09-22T07:49:00.000Z,2026-09-22T10:49:00,3.92,3.92,3.92,3.92,20225
2026-09-22T07:50:00.000Z,2026-09-22T10:50:00,3.92,3.92,3.91,3.91,90860
2026-09-22T07:51:00.000Z,2026-09-22T10:51:00,3.91,3.92,3.91,3.92,172289
2026-09-22T07:52:00.000Z,2026-09-22T10:52:00,3.92,3.92,3.92,3.92,112220
2026-09-22T07:53:00.000Z,2026-09-22T10:53:00,3.93,3.93,3.92,3.92,230490
2026-09-22T07:54:00.000Z,2026-09-22T10:54:00,3.92,3.92,3.91,3.92,53813
2026-09-22T07:55:00.000Z,2026-09-22T10:55:00,3.92,3.92,3.92,3.92,31397
2026-09-22T07:56:00.000Z,2026-09-22T10:56:00,3.92,3.92,3.92,3.92,7787
2026-09-22T07:57:00.000Z,2026-09-22T10:57:00,3.92,3.92,3.92,3.92,20715
2026-09-22T07:58:00.000Z,2026-09-22T10:58:00,3.91,3.94,3.91,3.94,1771152
2026-09-22T07:59:00.000Z,2026-09-22T10:59:00,3.93,3.93,3.91,3.93,102715
2026-09-22T08:00:00.000Z,2026-09-22T11:00:00,3.92,3.95,3.92,3.95,663566
2026-09-22T08:01:00.000Z,2026-09-22T11:01:00,3.91,3.93,3.91,3.92,63281
2026-09-22T08:02:00.000Z,2026-09-22T11:02:00,3.92,3.92,3.91,3.92,527474
2026-09-22T08:03:00.000Z,2026-09-22T11:03:00,3.92,3.92,3.9,3.91,478875
2026-09-22T08:04:00.000Z,2026-09-22T11:04:00,3.91,3.92,3.91,3.91,33254
2026-09-22T08:05:00.000Z,2026-09-22T11:05:00,3.92,3.92,3.91,3.92,57758
2026-09-22T08:06:00.000Z,2026-09-22T11:06:00,3.91,3.92,3.91,3.91,4576
2026-09-22T08:07:00.000Z,2026-09-22T11:07:00,3.91,3.91,3.91,3.91,10500
2026-09-22T08:08:00.000Z,2026-09-22T11:08:00,3.91,3.93,3.91,3.92,451139
2026-09-22T08:09:00.000Z,2026-09-22T11:09:00,3.92,3.92,3.92,3.92,305126
2026-09-22T08:10:00.000Z,2026-09-22T11:10:00,3.92,3.93,3.92,3.92,568366
2026-09-22T08:11:00.000Z,2026-09-22T11:11:00,3.93,3.93,3.93,3.93,18255
2026-09-22T08:12:00.000Z,2026-09-22T11:12:00,3.93,3.93,3.92,3.93,241456
2026-09-22T08:13:00.000Z,2026-09-22T11:13:00,3.93,3.93,3.92,3.92,147992
2026-09-22T08:14:00.000Z,2026-09-22T11:14:00,3.93,3.93,3.92,3.92,3100
2026-09-22T08:15:00.000Z,2026-09-22T11:15:00,3.92,3.93,3.92,3.92,112513
2026-09-22T08:16:00.000Z,2026-09-22T11:16:00,3.93,3.94,3.93,3.93,266726
2026-09-22T08:17:00.000Z,2026-09-22T11:17:00,3.93,3.94,3.92,3.92,1019612
2026-09-22T08:18:00.000Z,2026-09-22T11:18:00,3.92,3.93,3.92,3.93,202005
2026-09-22T08:19:00.000Z,2026-09-22T11:19:00,3.93,3.93,3.93,3.93,4020
2026-09-22T08:20:00.000Z,2026-09-22T11:20:00,3.93,3.97,3.92,3.92,2000825
2026-09-22T08:21:00.000Z,2026-09-22T11:21:00,3.96,3.96,3.92,3.92,170076
2026-09-22T08:22:00.000Z,2026-09-22T11:22:00,3.93,3.95,3.93,3.95,42144
2026-09-22T08:23:00.000Z,2026-09-22T11:23:00,3.95,3.95,3.93,3.93,10301
2026-09-22T08:24:00.000Z,2026-09-22T11:24:00,3.93,3.93,3.93,3.93,500
2026-09-22T08:25:00.000Z,2026-09-22T11:25:00,3.94,3.94,3.93,3.94,882
2026-09-22T08:26:00.000Z,2026-09-22T11:26:00,3.93,3.93,3.93,3.93,141549
2026-09-22T08:27:00.000Z,2026-09-22T11:27:00,3.93,3.93,3.93,3.93,57204
2026-09-22T08:28:00.000Z,2026-09-22T11:28:00,3.92,3.92,3.92,3.92,51400
2026-09-22T08:29:00.000Z,2026-09-22T11:29:00,3.93,3.93,3.93,3.93,153
2026-09-22T08:30:00.000Z,2026-09-22T11:30:00,3.93,3.94,3.93,3.93,88027
2026-09-22T08:31:00.000Z,2026-09-22T11:31:00,3.94,3.94,3.94,3.94,758
2026-09-22T08:32:00.000Z,2026-09-22T11:32:00,3.94,3.94,3.93,3.94,13232
2026-09-22T08:33:00.000Z,2026-09-22T11:33:00,3.94,3.94,3.93,3.94,21630
2026-09-22T08:34:00.000Z,2026-09-22T11:34:00,3.93,3.94,3.93,3.93,79040
2026-09-22T08:35:00.000Z,2026-09-22T11:35:00,3.93,3.94,3.93,3.94,35456
2026-09-22T08:36:00.000Z,2026-09-22T11:36:00,3.94,3.95,3.93,3.95,305870
2026-09-22T08:37:00.000Z,2026-09-22T11:37:00,3.95,3.95,3.95,3.95,5912
2026-09-22T08:38:00.000Z,2026-09-22T11:38:00,3.95,3.95,3.95,3.95,65322
2026-09-22T08:39:00.000Z,2026-09-22T11:39:00,3.95,3.95,3.95,3.95,51
2026-09-22T08:40:00.000Z,2026-09-22T11:40:00,3.95,3.95,3.94,3.95,54889
2026-09-22T08:41:00.000Z,2026-09-22T11:41:00,3.95,3.96,3.95,3.96,12890
2026-09-22T08:42:00.000Z,2026-09-22T11:42:00,3.96,3.96,3.95,3.96,105590
2026-09-22T08:43:00.000Z,2026-09-22T11:43:00,3.96,3.96,3.95,3.96,5635
2026-09-22T08:44:00.000Z,2026-09-22T11:44:00,3.96,3.96,3.96,3.96,9165
2026-09-22T08:45:00.000Z,2026-09-22T11:45:00,3.96,3.96,3.95,3.95,22000
2026-09-22T08:46:00.000Z,2026-09-22T11:46:00,3.95,3.95,3.95,3.95,94924
2026-09-22T08:47:00.000Z,2026-09-22T11:47:00,3.95,3.95,3.94,3.94,2537
2026-09-22T08:48:00.000Z,2026-09-22T11:48:00,3.95,3.95,3.94,3.94,8908
2026-09-22T08:49:00.000Z,2026-09-22T11:49:00,3.94,3.95,3.94,3.95,5
2026-09-22T08:50:00.000Z,2026-09-22T11:50:00,3.95,3.95,3.94,3.94,40444
2026-09-22T08:51:00.000Z,2026-09-22T11:51:00,3.94,3.97,3.94,3.97,1038770
2026-09-22T08:52:00.000Z,2026-09-22T11:52:00,3.96,3.96,3.96,3.96,89
2026-09-22T08:53:00.000Z,2026-09-22T11:53:00,3.96,3.96,3.95,3.95,169
2026-09-22T08:54:00.000Z,2026-09-22T11:54:00,3.96,3.96,3.96,3.96,78038
2026-09-22T08:55:00.000Z,2026-09-22T11:55:00,3.96,3.97,3.96,3.96,55877
2026-09-22T08:56:00.000Z,2026-09-22T11:56:00,3.97,3.97,3.96,3.97,324059
2026-09-22T08:57:00.000Z,2026-09-22T11:57:00,3.96,3.96,3.96,3.96,100000
2026-09-22T08:58:00.000Z,2026-09-22T11:58:00,3.96,3.97,3.96,3.96,20957
2026-09-22T08:59:00.000Z,2026-09-22T11:59:00,3.97,3.97,3.96,3.97,29052
2026-09-22T09:00:00.000Z,2026-09-22T12:00:00,3.97,3.98,3.97,3.98,121932
2026-09-22T09:01:00.000Z,2026-09-22T12:01:00,3.98,3.98,3.98,3.98,36935
2026-09-22T09:02:00.000Z,2026-09-22T12:02:00,3.98,3.98,3.98,3.98,80027
2026-09-22T09:03:00.000Z,2026-09-22T12:03:00,3.98,3.98,3.97,3.97,141949
2026-09-22T09:04:00.000Z,2026-09-22T12:04:00,3.98,3.98,3.97,3.98,110821
2026-09-22T09:05:00.000Z,2026-09-22T12:05:00,3.97,3.98,3.97,3.97,283947
2026-09-22T09:06:00.000Z,2026-09-22T12:06:00,3.97,3.97,3.97,3.97,25989
2026-09-22T09:07:00.000Z,2026-09-22T12:07:00,3.97,3.97,3.96,3.97,74191
2026-09-22T09:08:00.000Z,2026-09-22T12:08:00,3.97,3.97,3.97,3.97,54741
2026-09-22T09:09:00.000Z,2026-09-22T12:09:00,3.96,3.99,3.96,3.98,1509525
2026-09-22T09:10:00.000Z,2026-09-22T12:10:00,3.98,3.99,3.97,3.99,353727
2026-09-22T09:11:00.000Z,2026-09-22T12:11:00,3.99,3.99,3.98,3.99,483567
2026-09-22T09:12:00.000Z,2026-09-22T12:12:00,3.99,3.99,3.97,3.98,227360
2026-09-22T09:13:00.000Z,2026-09-22T12:13:00,3.97,3.98,3.97,3.98,64165
2026-09-22T09:14:00.000Z,2026-09-22T12:14:00,3.98,3.98,3.98,3.98,40368
2026-09-22T09:15:00.000Z,2026-09-22T12:15:00,3.97,3.98,3.97,3.98,70492
2026-09-22T09:16:00.000Z,2026-09-22T12:16:00,3.97,3.97,3.97,3.97,247397
2026-09-22T09:17:00.000Z,2026-09-22T12:17:00,3.97,3.97,3.96,3.96,371
2026-09-22T09:18:00.000Z,2026-09-22T12:18:00,3.97,3.97,3.96,3.96,26573
2026-09-22T09:19:00.000Z,2026-09-22T12:19:00,3.96,3.97,3.96,3.97,2772
2026-09-22T09:21:00.000Z,2026-09-22T12:21:00,3.97,3.97,3.96,3.97,47630
2026-09-22T09:22:00.000Z,2026-09-22T12:22:00,3.97,3.97,3.97,3.97,36741
2026-09-22T09:23:00.000Z,2026-09-22T12:23:00,3.96,3.96,3.95,3.95,447363
2026-09-22T09:24:00.000Z,2026-09-22T12:24:00,3.96,3.96,3.95,3.95,36097
2026-09-22T09:25:00.000Z,2026-09-22T12:25:00,3.95,3.95,3.94,3.94,868590
2026-09-22T09:26:00.000Z,2026-09-22T12:26:00,3.94,3.94,3.93,3.94,4677089
2026-09-22T09:27:00.000Z,2026-09-22T12:27:00,3.93,3.93,3.93,3.93,246261
2026-09-22T09:28:00.000Z,2026-09-22T12:28:00,3.93,3.93,3.92,3.92,210401
2026-09-22T09:29:00.000Z,2026-09-22T12:29:00,3.92,3.92,3.91,3.91,173949
2026-09-22T09:30:00.000Z,2026-09-22T12:30:00,3.92,3.92,3.91,3.92,77951
2026-09-22T09:31:00.000Z,2026-09-22T12:31:00,3.92,3.95,3.91,3.91,470614
2026-09-22T09:32:00.000Z,2026-09-22T12:32:00,3.94,3.95,3.94,3.94,11443
2026-09-22T09:33:00.000Z,2026-09-22T12:33:00,3.94,3.94,3.88,3.9,2664046
2026-09-22T09:34:00.000Z,2026-09-22T12:34:00,3.92,3.92,3.92,3.92,19000
2026-09-22T09:35:00.000Z,2026-09-22T12:35:00,3.93,3.93,3.92,3.93,2733
2026-09-22T09:36:00.000Z,2026-09-22T12:36:00,3.93,3.93,3.92,3.92,41882
2026-09-22T09:37:00.000Z,2026-09-22T12:37:00,3.92,3.93,3.92,3.92,11312
2026-09-22T09:38:00.000Z,2026-09-22T12:38:00,3.93,3.93,3.93,3.93,511408
2026-09-22T09:39:00.000Z,2026-09-22T12:39:00,3.92,3.92,3.92,3.92,27393
2026-09-22T09:40:00.000Z,2026-09-22T12:40:00,3.93,3.93,3.93,3.93,49469
2026-09-22T09:41:00.000Z,2026-09-22T12:41:00,3.93,3.93,3.92,3.92,41448
2026-09-22T09:42:00.000Z,2026-09-22T12:42:00,3.92,3.93,3.92,3.93,31197
2026-09-22T09:44:00.000Z,2026-09-22T12:44:00,3.92,3.92,3.92,3.92,22835
2026-09-22T09:45:00.000Z,2026-09-22T12:45:00,3.92,3.93,3.92,3.93,2557
2026-09-22T09:46:00.000Z,2026-09-22T12:46:00,3.92,3.93,3.91,3.91,52167
2026-09-22T09:47:00.000Z,2026-09-22T12:47:00,3.91,3.91,3.9,3.91,121398
2026-09-22T09:48:00.000Z,2026-09-22T12:48:00,3.91,3.91,3.9,3.9,10796
2026-09-22T09:49:00.000Z,2026-09-22T12:49:00,3.91,3.92,3.91,3.91,580625
2026-09-22T09:50:00.000Z,2026-09-22T12:50:00,3.92,3.93,3.92,3.92,94189
2026-09-22T09:51:00.000Z,2026-09-22T12:51:00,3.93,3.93,3.93,3.93,38927
2026-09-22T09:52:00.000Z,2026-09-22T12:52:00,3.93,3.93,3.93,3.93,9310
2026-09-22T09:53:00.000Z,2026-09-22T12:53:00,3.93,3.93,3.93,3.93,1133
2026-09-22T09:54:00.000Z,2026-09-22T12:54:00,3.92,3.92,3.92,3.92,7508
2026-09-22T09:55:00.000Z,2026-09-22T12:55:00,3.93,3.93,3.92,3.92,72687
2026-09-22T09:56:00.000Z,2026-09-22T12:56:00,3.92,3.92,3.91,3.91,4524831
2026-09-22T09:57:00.000Z,2026-09-22T12:57:00,3.9,3.91,3.9,3.91,28944
2026-09-22T09:58:00.000Z,2026-09-22T12:58:00,3.91,3.93,3.91,3.93,3011978
2026-09-22T09:59:00.000Z,2026-09-22T12:59:00,3.93,3.93,3.9,3.92,35980
2026-09-22T10:00:00.000Z,2026-09-22T13:00:00,3.92,3.92,3.91,3.92,3911
2026-09-22T10:01:00.000Z,2026-09-22T13:01:00,3.92,3.92,3.91,3.92,3888
2026-09-22T10:02:00.000Z,2026-09-22T13:02:00,3.91,3.92,3.91,3.91,54695
2026-09-22T10:03:00.000Z,2026-09-22T13:03:00,3.9,3.9,3.9,3.9,20823
2026-09-22T10:04:00.000Z,2026-09-22T13:04:00,3.91,3.91,3.91,3.91,6704
2026-09-22T10:05:00.000Z,2026-09-22T13:05:00,3.91,3.91,3.91,3.91,151
2026-09-22T10:06:00.000Z,2026-09-22T13:06:00,3.91,3.91,3.9,3.9,16013
2026-09-22T10:07:00.000Z,2026-09-22T13:07:00,3.9,3.91,3.9,3.9,317882
2026-09-22T10:08:00.000Z,2026-09-22T13:08:00,3.91,3.91,3.9,3.9,749376
2026-09-22T10:09:00.000Z,2026-09-22T13:09:00,3.91,3.91,3.9,3.9,384139
2026-09-22T10:10:00.000Z,2026-09-22T13:10:00,3.9,3.9,3.88,3.88,1004775
2026-09-22T10:11:00.000Z,2026-09-22T13:11:00,3.9,3.9,3.88,3.88,174340
2026-09-22T10:12:00.000Z,2026-09-22T13:12:00,3.89,3.89,3.89,3.89,13952
2026-09-22T10:13:00.000Z,2026-09-22T13:13:00,3.89,3.89,3.88,3.88,11853
2026-09-22T10:14:00.000Z,2026-09-22T13:14:00,3.89,3.89,3.88,3.88,216124
2026-09-22T10:15:00.000Z,2026-09-22T13:15:00,3.88,3.89,3.86,3.88,95007
2026-09-22T10:16:00.000Z,2026-09-22T13:16:00,3.86,3.88,3.86,3.87,12722
2026-09-22T10:17:00.000Z,2026-09-22T13:17:00,3.87,3.88,3.85,3.85,471015
2026-09-22T10:18:00.000Z,2026-09-22T13:18:00,3.85,3.86,3.84,3.85,372116
2026-09-22T10:19:00.000Z,2026-09-22T13:19:00,3.85,3.85,3.84,3.85,13423
2026-09-22T10:20:00.000Z,2026-09-22T13:20:00,3.84,3.85,3.84,3.85,180667
2026-09-22T10:21:00.000Z,2026-09-22T13:21:00,3.85,3.85,3.85,3.85,40964
2026-09-22T10:22:00.000Z,2026-09-22T13:22:00,3.85,3.87,3.84,3.87,91081
2026-09-22T10:23:00.000Z,2026-09-22T13:23:00,3.85,3.87,3.85,3.87,36814
2026-09-22T10:24:00.000Z,2026-09-22T13:24:00,3.87,3.87,3.87,3.87,2776
2026-09-22T10:25:00.000Z,2026-09-22T13:25:00,3.86,3.86,3.84,3.85,54677
2026-09-22T10:26:00.000Z,2026-09-22T13:26:00,3.84,3.85,3.84,3.84,89650
2026-09-22T10:27:00.000Z,2026-09-22T13:27:00,3.84,3.86,3.84,3.85,306463
2026-09-22T10:28:00.000Z,2026-09-22T13:28:00,3.85,3.86,3.84,3.86,37926
2026-09-22T10:29:00.000Z,2026-09-22T13:29:00,3.85,3.87,3.85,3.87,56540
2026-09-22T10:30:00.000Z,2026-09-22T13:30:00,3.87,3.87,3.86,3.87,93866
2026-09-22T10:31:00.000Z,2026-09-22T13:31:00,3.86,3.87,3.86,3.87,22130
2026-09-22T10:32:00.000Z,2026-09-22T13:32:00,3.86,3.86,3.86,3.86,29889
2026-09-22T10:33:00.000Z,2026-09-22T13:33:00,3.86,3.86,3.86,3.86,13353
2026-09-22T10:34:00.000Z,2026-09-22T13:34:00,3.86,3.86,3.84,3.84,189806
2026-09-22T10:35:00.000Z,2026-09-22T13:35:00,3.85,3.85,3.84,3.85,82908
2026-09-22T10:36:00.000Z,2026-09-22T13:36:00,3.85,3.87,3.85,3.85,53858
2026-09-22T10:37:00.000Z,2026-09-22T13:37:00,3.86,3.86,3.86,3.86,40
2026-09-22T10:39:00.000Z,2026-09-22T13:39:00,3.86,3.86,3.86,3.86,44541
2026-09-22T10:40:00.000Z,2026-09-22T13:40:00,3.86,3.87,3.86,3.87,46230
2026-09-22T10:41:00.000Z,2026-09-22T13:41:00,3.86,3.87,3.86,3.87,39762
2026-09-22T10:42:00.000Z,2026-09-22T13:42:00,3.87,3.87,3.87,3.87,203
2026-09-22T10:43:00.000Z,2026-09-22T13:43:00,3.87,3.87,3.87,3.87,1
2026-09-22T10:44:00.000Z,2026-09-22T13:44:00,3.86,3.87,3.86,3.87,4676
2026-09-22T10:45:00.000Z,2026-09-22T13:45:00,3.87,3.87,3.87,3.87,15731
2026-09-22T10:46:00.000Z,2026-09-22T13:46:00,3.87,3.87,3.86,3.86,527238
2026-09-22T10:47:00.000Z,2026-09-22T13:47:00,3.86,3.87,3.86,3.86,150200
2026-09-22T10:48:00.000Z,2026-09-22T13:48:00,3.86,3.86,3.85,3.85,15263
2026-09-22T10:49:00.000Z,2026-09-22T13:49:00,3.85,3.85,3.84,3.85,649016
2026-09-22T10:50:00.000Z,2026-09-22T13:50:00,3.85,3.85,3.83,3.83,8711
2026-09-22T10:51:00.000Z,2026-09-22T13:51:00,3.85,3.85,3.84,3.85,100287
2026-09-22T10:52:00.000Z,2026-09-22T13:52:00,3.85,3.85,3.84,3.84,205548
2026-09-22T10:53:00.000Z,2026-09-22T13:53:00,3.84,3.84,3.84,3.84,23292
2026-09-22T10:54:00.000Z,2026-09-22T13:54:00,3.84,3.84,3.83,3.84,10070
2026-09-22T10:55:00.000Z,2026-09-22T13:55:00,3.83,3.83,3.82,3.82,851765
2026-09-22T10:56:00.000Z,2026-09-22T13:56:00,3.82,3.82,3.81,3.81,179437
2026-09-22T10:57:00.000Z,2026-09-22T13:57:00,3.81,3.82,3.8,3.8,949511
2026-09-22T10:58:00.000Z,2026-09-22T13:58:00,3.81,3.81,3.78,3.8,801024
2026-09-22T10:59:00.000Z,2026-09-22T13:59:00,3.8,3.8,3.79,3.79,163948
2026-09-22T11:00:00.000Z,2026-09-22T14:00:00,3.79,3.81,3.79,3.81,366601
2026-09-22T11:01:00.000Z,2026-09-22T14:01:00,3.81,3.81,3.77,3.8,404648
2026-09-22T11:02:00.000Z,2026-09-22T14:02:00,3.8,3.8,3.8,3.8,59989
2026-09-22T11:03:00.000Z,2026-09-22T14:03:00,3.78,3.8,3.78,3.8,93370
2026-09-22T11:04:00.000Z,2026-09-22T14:04:00,3.8,3.8,3.78,3.8,319889
2026-09-22T11:05:00.000Z,2026-09-22T14:05:00,3.8,3.8,3.79,3.8,67315
2026-09-22T11:06:00.000Z,2026-09-22T14:06:00,3.8,3.8,3.77,3.8,666663
2026-09-22T11:07:00.000Z,2026-09-22T14:07:00,3.79,3.79,3.75,3.75,2790132
2026-09-22T11:08:00.000Z,2026-09-22T14:08:00,3.75,3.75,3.72,3.75,270431
2026-09-22T11:09:00.000Z,2026-09-22T14:09:00,3.74,3.75,3.72,3.74,145876
2026-09-22T11:10:00.000Z,2026-09-22T14:10:00,3.74,3.75,3.73,3.74,215551
2026-09-22T11:11:00.000Z,2026-09-22T14:11:00,3.74,3.74,3.72,3.72,378546
2026-09-22T11:12:00.000Z,2026-09-22T14:12:00,3.71,3.73,3.7,3.71,1496118
2026-09-22T11:13:00.000Z,2026-09-22T14:13:00,3.71,3.75,3.7,3.75,992225
2026-09-22T11:14:00.000Z,2026-09-22T14:14:00,3.75,3.78,3.75,3.75,649573
2026-09-22T11:15:00.000Z,2026-09-22T14:15:00,3.74,3.75,3.72,3.75,48421
2026-09-22T11:25:00.000Z,2026-09-22T14:25:00,3.74,3.74,3.74,3.74,740868
2026-09-22T11:26:00.000Z,2026-09-22T14:26:00,3.74,3.74,3.74,3.74,1094850
2026-09-22T11:27:00.000Z,2026-09-22T14:27:00,3.74,3.74,3.74,3.74,319804
2026-09-22T11:28:00.000Z,2026-09-22T14:28:00,3.74,3.74,3.74,3.74,151418
2026-09-22T11:29:00.000Z,2026-09-22T14:29:00,3.74,3.74,3.74,3.74,51987
2026-09-23T07:00:00.000Z,2026-09-23T10:00:00,3.75,3.82,3.75,3.8,926424
2026-09-23T07:01:00.000Z,2026-09-23T10:01:00,3.81,3.82,3.8,3.81,5304947
2026-09-23T07:02:00.000Z,2026-09-23T10:02:00,3.79,3.79,3.75,3.75,830762
2026-09-23T07:03:00.000Z,2026-09-23T10:03:00,3.75,3.78,3.74,3.75,372161
2026-09-23T07:04:00.000Z,2026-09-23T10:04:00,3.75,3.77,3.75,3.76,104977
2026-09-23T07:05:00.000Z,2026-09-23T10:05:00,3.76,3.78,3.76,3.77,83780
2026-09-23T07:06:00.000Z,2026-09-23T10:06:00,3.78,3.78,3.77,3.78,105458
2026-09-23T07:07:00.000Z,2026-09-23T10:07:00,3.78,3.79,3.77,3.79,61461
2026-09-23T07:08:00.000Z,2026-09-23T10:08:00,3.79,3.8,3.79,3.8,199852
2026-09-23T07:09:00.000Z,2026-09-23T10:09:00,3.8,3.81,3.8,3.81,639738
2026-09-23T07:10:00.000Z,2026-09-23T10:10:00,3.81,3.81,3.8,3.8,274557
2026-09-23T07:11:00.000Z,2026-09-23T10:11:00,3.81,3.81,3.78,3.78,225017
2026-09-23T07:12:00.000Z,2026-09-23T10:12:00,3.78,3.79,3.76,3.76,131710
2026-09-23T07:13:00.000Z,2026-09-23T10:13:00,3.76,3.77,3.75,3.77,95157
2026-09-23T07:14:00.000Z,2026-09-23T10:14:00,3.76,3.76,3.75,3.75,26191
2026-09-23T07:15:00.000Z,2026-09-23T10:15:00,3.75,3.77,3.74,3.76,383174
2026-09-23T07:16:00.000Z,2026-09-23T10:16:00,3.76,3.77,3.75,3.75,217120
2026-09-23T07:17:00.000Z,2026-09-23T10:17:00,3.76,3.76,3.75,3.75,87723
2026-09-23T07:18:00.000Z,2026-09-23T10:18:00,3.75,3.76,3.72,3.72,117644
2026-09-23T07:19:00.000Z,2026-09-23T10:19:00,3.72,3.75,3.7,3.7,733603
2026-09-23T07:20:00.000Z,2026-09-23T10:20:00,3.73,3.73,3.71,3.73,163098
2026-09-23T07:21:00.000Z,2026-09-23T10:21:00,3.73,3.73,3.73,3.73,2366
2026-09-23T07:22:00.000Z,2026-09-23T10:22:00,3.73,3.74,3.72,3.74,62799
2026-09-23T07:23:00.000Z,2026-09-23T10:23:00,3.74,3.74,3.73,3.74,100871
2026-09-23T07:24:00.000Z,2026-09-23T10:24:00,3.74,3.76,3.74,3.76,151033
2026-09-23T07:25:00.000Z,2026-09-23T10:25:00,3.76,3.76,3.76,3.76,11320
2026-09-23T07:26:00.000Z,2026-09-23T10:26:00,3.76,3.77,3.75,3.77,41809
2026-09-23T07:27:00.000Z,2026-09-23T10:27:00,3.76,3.77,3.76,3.77,61840
2026-09-23T07:28:00.000Z,2026-09-23T10:28:00,3.77,3.77,3.75,3.77,12026
2026-09-23T07:29:00.000Z,2026-09-23T10:29:00,3.75,3.77,3.75,3.77,54787
2026-09-23T07:30:00.000Z,2026-09-23T10:30:00,3.77,3.77,3.76,3.77,49922
2026-09-23T07:31:00.000Z,2026-09-23T10:31:00,3.76,3.76,3.76,3.76,99725
2026-09-23T07:32:00.000Z,2026-09-23T10:32:00,3.77,3.77,3.76,3.77,17537
2026-09-23T07:33:00.000Z,2026-09-23T10:33:00,3.77,3.77,3.76,3.76,22441
2026-09-23T07:34:00.000Z,2026-09-23T10:34:00,3.77,3.77,3.76,3.77,7527
2026-09-23T07:35:00.000Z,2026-09-23T10:35:00,3.76,3.77,3.76,3.77,56881
2026-09-23T07:36:00.000Z,2026-09-23T10:36:00,3.77,3.77,3.75,3.77,35892
2026-09-23T07:37:00.000Z,2026-09-23T10:37:00,3.77,3.77,3.76,3.76,7177
2026-09-23T07:38:00.000Z,2026-09-23T10:38:00,3.76,3.76,3.76,3.76,27134
2026-09-23T07:39:00.000Z,2026-09-23T10:39:00,3.75,3.77,3.75,3.77,152315
2026-09-23T07:40:00.000Z,2026-09-23T10:40:00,3.77,3.77,3.76,3.77,39093
2026-09-23T07:41:00.000Z,2026-09-23T10:41:00,3.77,3.77,3.74,3.75,507012
2026-09-23T07:42:00.000Z,2026-09-23T10:42:00,3.74,3.75,3.74,3.75,491472
2026-09-23T07:43:00.000Z,2026-09-23T10:43:00,3.76,3.76,3.75,3.75,48858
2026-09-23T07:44:00.000Z,2026-09-23T10:44:00,3.76,3.77,3.75,3.77,644087
2026-09-23T07:45:00.000Z,2026-09-23T10:45:00,3.77,3.77,3.76,3.76,22979
2026-09-23T07:46:00.000Z,2026-09-23T10:46:00,3.77,3.78,3.77,3.78,222402
2026-09-23T07:47:00.000Z,2026-09-23T10:47:00,3.79,3.81,3.79,3.81,721987
2026-09-23T07:48:00.000Z,2026-09-23T10:48:00,3.81,3.82,3.8,3.82,319671
2026-09-23T07:49:00.000Z,2026-09-23T10:49:00,3.82,3.82,3.81,3.82,171462
2026-09-23T07:50:00.000Z,2026-09-23T10:50:00,3.81,3.82,3.8,3.82,970594
2026-09-23T07:51:00.000Z,2026-09-23T10:51:00,3.81,3.82,3.8,3.82,60722
2026-09-23T07:52:00.000Z,2026-09-23T10:52:00,3.82,3.82,3.8,3.82,323154
2026-09-23T07:53:00.000Z,2026-09-23T10:53:00,3.81,3.82,3.8,3.82,390220
2026-09-23T07:54:00.000Z,2026-09-23T10:54:00,3.81,3.82,3.81,3.81,20569
2026-09-23T07:55:00.000Z,2026-09-23T10:55:00,3.81,3.81,3.8,3.8,124289
2026-09-23T07:56:00.000Z,2026-09-23T10:56:00,3.8,3.81,3.8,3.8,461154
2026-09-23T07:57:00.000Z,2026-09-23T10:57:00,3.8,3.8,3.79,3.8,273558
2026-09-23T07:58:00.000Z,2026-09-23T10:58:00,3.8,3.8,3.79,3.8,12915
2026-09-23T07:59:00.000Z,2026-09-23T10:59:00,3.8,3.8,3.79,3.79,142959
2026-09-23T08:00:00.000Z,2026-09-23T11:00:00,3.8,3.8,3.78,3.79,116354
2026-09-23T08:01:00.000Z,2026-09-23T11:01:00,3.79,3.79,3.78,3.78,19936
2026-09-23T08:02:00.000Z,2026-09-23T11:02:00,3.78,3.78,3.78,3.78,20800
2026-09-23T08:03:00.000Z,2026-09-23T11:03:00,3.78,3.79,3.77,3.77,101299
2026-09-23T08:04:00.000Z,2026-09-23T11:04:00,3.77,3.78,3.77,3.78,180648
2026-09-23T08:05:00.000Z,2026-09-23T11:05:00,3.78,3.78,3.78,3.78,8013
2026-09-23T08:06:00.000Z,2026-09-23T11:06:00,3.78,3.78,3.77,3.77,9005
2026-09-23T08:07:00.000Z,2026-09-23T11:07:00,3.77,3.78,3.74,3.78,927995
2026-09-23T08:08:00.000Z,2026-09-23T11:08:00,3.77,3.77,3.76,3.76,101527
2026-09-23T08:09:00.000Z,2026-09-23T11:09:00,3.76,3.77,3.76,3.77,71813
2026-09-23T08:10:00.000Z,2026-09-23T11:10:00,3.76,3.77,3.76,3.76,382573
2026-09-23T08:11:00.000Z,2026-09-23T11:11:00,3.77,3.77,3.76,3.76,74750
2026-09-23T08:12:00.000Z,2026-09-23T11:12:00,3.76,3.76,3.76,3.76,43455
2026-09-23T08:13:00.000Z,2026-09-23T11:13:00,3.76,3.77,3.75,3.77,327500
2026-09-23T08:14:00.000Z,2026-09-23T11:14:00,3.77,3.77,3.76,3.77,75574
2026-09-23T08:15:00.000Z,2026-09-23T11:15:00,3.76,3.77,3.75,3.75,158827
2026-09-23T08:16:00.000Z,2026-09-23T11:16:00,3.75,3.77,3.75,3.76,7680
2026-09-23T08:17:00.000Z,2026-09-23T11:17:00,3.76,3.77,3.76,3.77,11246
2026-09-23T08:18:00.000Z,2026-09-23T11:18:00,3.77,3.77,3.77,3.77,1513
2026-09-23T08:19:00.000Z,2026-09-23T11:19:00,3.76,3.77,3.76,3.76,38418
2026-09-23T08:20:00.000Z,2026-09-23T11:20:00,3.76,3.76,3.76,3.76,45318
2026-09-23T08:21:00.000Z,2026-09-23T11:21:00,3.76,3.77,3.76,3.76,21047
2026-09-23T08:22:00.000Z,2026-09-23T11:22:00,3.76,3.76,3.76,3.76,43960
2026-09-23T08:23:00.000Z,2026-09-23T11:23:00,3.75,3.77,3.75,3.77,49030
2026-09-23T08:24:00.000Z,2026-09-23T11:24:00,3.76,3.77,3.76,3.76,64416
2026-09-23T08:25:00.000Z,2026-09-23T11:25:00,3.76,3.76,3.76,3.76,60500
2026-09-23T08:26:00.000Z,2026-09-23T11:26:00,3.77,3.77,3.76,3.76,4002
2026-09-23T08:27:00.000Z,2026-09-23T11:27:00,3.77,3.77,3.76,3.77,173962
2026-09-23T08:28:00.000Z,2026-09-23T11:28:00,3.77,3.77,3.77,3.77,82499
2026-09-23T08:29:00.000Z,2026-09-23T11:29:00,3.77,3.77,3.77,3.77,119377
2026-09-23T08:30:00.000Z,2026-09-23T11:30:00,3.77,3.78,3.77,3.78,69997
2026-09-23T08:31:00.000Z,2026-09-23T11:31:00,3.78,3.78,3.78,3.78,3203
2026-09-23T08:32:00.000Z,2026-09-23T11:32:00,3.78,3.78,3.77,3.77,4782
2026-09-23T08:33:00.000Z,2026-09-23T11:33:00,3.77,3.77,3.77,3.77,5835
2026-09-23T08:34:00.000Z,2026-09-23T11:34:00,3.77,3.77,3.77,3.77,1099
2026-09-23T08:35:00.000Z,2026-09-23T11:35:00,3.77,3.78,3.77,3.78,8442
2026-09-23T08:36:00.000Z,2026-09-23T11:36:00,3.78,3.79,3.78,3.78,32431
2026-09-23T08:37:00.000Z,2026-09-23T11:37:00,3.79,3.79,3.79,3.79,4545
2026-09-23T08:38:00.000Z,2026-09-23T11:38:00,3.79,3.79,3.79,3.79,172377
2026-09-23T08:39:00.000Z,2026-09-23T11:39:00,3.79,3.8,3.79,3.8,154725
2026-09-23T08:40:00.000Z,2026-09-23T11:40:00,3.8,3.8,3.8,3.8,58105
2026-09-23T08:41:00.000Z,2026-09-23T11:41:00,3.8,3.8,3.79,3.79,26590
2026-09-23T08:43:00.000Z,2026-09-23T11:43:00,3.79,3.8,3.79,3.79,261506
2026-09-23T08:44:00.000Z,2026-09-23T11:44:00,3.78,3.79,3.78,3.79,46763
2026-09-23T08:45:00.000Z,2026-09-23T11:45:00,3.78,3.79,3.78,3.78,106751
2026-09-23T08:46:00.000Z,2026-09-23T11:46:00,3.77,3.78,3.76,3.76,219351
2026-09-23T08:47:00.000Z,2026-09-23T11:47:00,3.76,3.76,3.76,3.76,315589
2026-09-23T08:48:00.000Z,2026-09-23T11:48:00,3.76,3.76,3.75,3.76,597244
2026-09-23T08:49:00.000Z,2026-09-23T11:49:00,3.76,3.76,3.75,3.76,907490
2026-09-23T08:50:00.000Z,2026-09-23T11:50:00,3.75,3.75,3.72,3.73,1025631
2026-09-23T08:51:00.000Z,2026-09-23T11:51:00,3.73,3.73,3.72,3.72,298680
2026-09-23T08:52:00.000Z,2026-09-23T11:52:00,3.72,3.73,3.72,3.73,170150
2026-09-23T08:53:00.000Z,2026-09-23T11:53:00,3.73,3.73,3.73,3.73,2157
2026-09-23T08:54:00.000Z,2026-09-23T11:54:00,3.74,3.74,3.73,3.74,42254
2026-09-23T08:55:00.000Z,2026-09-23T11:55:00,3.74,3.75,3.74,3.74,23474
2026-09-23T08:57:00.000Z,2026-09-23T11:57:00,3.73,3.73,3.72,3.73,313997
2026-09-23T08:58:00.000Z,2026-09-23T11:58:00,3.71,3.73,3.71,3.71,310574
2026-09-23T08:59:00.000Z,2026-09-23T11:59:00,3.73,3.73,3.71,3.73,260873
2026-09-23T09:00:00.000Z,2026-09-23T12:00:00,3.73,3.74,3.73,3.74,29657
2026-09-23T09:01:00.000Z,2026-09-23T12:01:00,3.73,3.73,3.73,3.73,30100
2026-09-23T09:02:00.000Z,2026-09-23T12:02:00,3.73,3.74,3.72,3.74,78027
2026-09-23T09:03:00.000Z,2026-09-23T12:03:00,3.74,3.74,3.74,3.74,51
2026-09-23T09:04:00.000Z,2026-09-23T12:04:00,3.74,3.74,3.74,3.74,13657
2026-09-23T09:05:00.000Z,2026-09-23T12:05:00,3.74,3.74,3.73,3.73,193346
2026-09-23T09:06:00.000Z,2026-09-23T12:06:00,3.73,3.74,3.73,3.74,108382
2026-09-23T09:07:00.000Z,2026-09-23T12:07:00,3.74,3.74,3.73,3.73,3159
2026-09-23T09:08:00.000Z,2026-09-23T12:08:00,3.72,3.73,3.72,3.73,110592
2026-09-23T09:09:00.000Z,2026-09-23T12:09:00,3.72,3.73,3.72,3.73,40005
2026-09-23T09:10:00.000Z,2026-09-23T12:10:00,3.72,3.73,3.72,3.73,18176
2026-09-23T09:11:00.000Z,2026-09-23T12:11:00,3.72,3.73,3.72,3.72,446849
2026-09-23T09:12:00.000Z,2026-09-23T12:12:00,3.72,3.72,3.71,3.71,401432
2026-09-23T09:13:00.000Z,2026-09-23T12:13:00,3.71,3.72,3.7,3.7,217487
2026-09-23T09:14:00.000Z,2026-09-23T12:14:00,3.7,3.72,3.7,3.71,7600
2026-09-23T09:15:00.000Z,2026-09-23T12:15:00,3.71,3.71,3.71,3.71,49569
2026-09-23T09:16:00.000Z,2026-09-23T12:16:00,3.71,3.72,3.71,3.72,73153
2026-09-23T09:17:00.000Z,2026-09-23T12:17:00,3.71,3.71,3.71,3.71,104500
2026-09-23T09:18:00.000Z,2026-09-23T12:18:00,3.71,3.72,3.71,3.72,7068
2026-09-23T09:19:00.000Z,2026-09-23T12:19:00,3.71,3.71,3.71,3.71,3226
2026-09-23T09:20:00.000Z,2026-09-23T12:20:00,3.72,3.72,3.71,3.71,45000
2026-09-23T09:21:00.000Z,2026-09-23T12:21:00,3.71,3.71,3.7,3.7,326821
2026-09-23T09:22:00.000Z,2026-09-23T12:22:00,3.7,3.7,3.68,3.7,1868307
2026-09-23T09:23:00.000Z,2026-09-23T12:23:00,3.69,3.7,3.68,3.68,686825
2026-09-23T09:24:00.000Z,2026-09-23T12:24:00,3.68,3.7,3.68,3.68,617462
2026-09-23T09:25:00.000Z,2026-09-23T12:25:00,3.69,3.69,3.68,3.68,776924
2026-09-23T09:26:00.000Z,2026-09-23T12:26:00,3.68,3.68,3.65,3.65,1249358
2026-09-23T09:27:00.000Z,2026-09-23T12:27:00,3.65,3.65,3.62,3.62,681007
2026-09-23T09:28:00.000Z,2026-09-23T12:28:00,3.63,3.66,3.61,3.66,691966
2026-09-23T09:29:00.000Z,2026-09-23T12:29:00,3.65,3.68,3.63,3.64,331103
2026-09-23T09:30:00.000Z,2026-09-23T12:30:00,3.66,3.66,3.62,3.63,217152
2026-09-23T09:31:00.000Z,2026-09-23T12:31:00,3.63,3.63,3.61,3.61,521724
2026-09-23T09:32:00.000Z,2026-09-23T12:32:00,3.62,3.63,3.61,3.62,548070
2026-09-23T09:33:00.000Z,2026-09-23T12:33:00,3.62,3.63,3.61,3.62,887069
2026-09-23T09:34:00.000Z,2026-09-23T12:34:00,3.62,3.63,3.61,3.62,866389
2026-09-23T09:35:00.000Z,2026-09-23T12:35:00,3.63,3.65,3.63,3.63,271655
2026-09-23T09:36:00.000Z,2026-09-23T12:36:00,3.63,3.64,3.63,3.64,489636
2026-09-23T09:37:00.000Z,2026-09-23T12:37:00,3.65,3.65,3.63,3.64,301317
2026-09-23T09:38:00.000Z,2026-09-23T12:38:00,3.65,3.65,3.64,3.65,209065
2026-09-23T09:39:00.000Z,2026-09-23T12:39:00,3.65,3.66,3.63,3.65,877579
2026-09-23T09:40:00.000Z,2026-09-23T12:40:00,3.65,3.68,3.65,3.66,508529
2026-09-23T09:41:00.000Z,2026-09-23T12:41:00,3.66,3.66,3.64,3.64,428618
2026-09-23T09:42:00.000Z,2026-09-23T12:42:00,3.63,3.65,3.63,3.63,218627
2026-09-23T09:43:00.000Z,2026-09-23T12:43:00,3.64,3.64,3.63,3.64,155887
2026-09-23T09:44:00.000Z,2026-09-23T12:44:00,3.65,3.65,3.64,3.65,26709
2026-09-23T09:45:00.000Z,2026-09-23T12:45:00,3.64,3.65,3.64,3.65,265384
2026-09-23T09:46:00.000Z,2026-09-23T12:46:00,3.65,3.65,3.64,3.65,162333
2026-09-23T09:47:00.000Z,2026-09-23T12:47:00,3.64,3.64,3.64,3.64,320067
2026-09-23T09:48:00.000Z,2026-09-23T12:48:00,3.65,3.65,3.65,3.65,5677
2026-09-23T09:49:00.000Z,2026-09-23T12:49:00,3.65,3.65,3.64,3.64,183214
2026-09-23T09:50:00.000Z,2026-09-23T12:50:00,3.65,3.65,3.64,3.64,80152
2026-09-23T09:51:00.000Z,2026-09-23T12:51:00,3.64,3.65,3.63,3.64,300746
2026-09-23T09:52:00.000Z,2026-09-23T12:52:00,3.65,3.65,3.63,3.64,109724
2026-09-23T09:53:00.000Z,2026-09-23T12:53:00,3.64,3.64,3.63,3.64,9656
2026-09-23T09:54:00.000Z,2026-09-23T12:54:00,3.64,3.64,3.64,3.64,12271
2026-09-23T09:55:00.000Z,2026-09-23T12:55:00,3.64,3.64,3.64,3.64,71607
2026-09-23T09:56:00.000Z,2026-09-23T12:56:00,3.64,3.64,3.63,3.64,516122
2026-09-23T09:57:00.000Z,2026-09-23T12:57:00,3.64,3.64,3.63,3.64,44474
2026-09-23T09:58:00.000Z,2026-09-23T12:58:00,3.64,3.64,3.63,3.64,216875
2026-09-23T09:59:00.000Z,2026-09-23T12:59:00,3.64,3.64,3.64,3.64,3200
2026-09-23T10:00:00.000Z,2026-09-23T13:00:00,3.64,3.64,3.63,3.63,1105498
2026-09-23T10:01:00.000Z,2026-09-23T13:01:00,3.63,3.63,3.63,3.63,24234
2026-09-23T10:02:00.000Z,2026-09-23T13:02:00,3.64,3.64,3.63,3.63,312849
2026-09-23T10:03:00.000Z,2026-09-23T13:03:00,3.64,3.64,3.63,3.64,28698
2026-09-23T10:04:00.000Z,2026-09-23T13:04:00,3.64,3.64,3.64,3.64,7020
2026-09-23T10:05:00.000Z,2026-09-23T13:05:00,3.64,3.66,3.64,3.64,553546
2026-09-23T10:06:00.000Z,2026-09-23T13:06:00,3.64,3.65,3.64,3.65,76333
2026-09-23T10:07:00.000Z,2026-09-23T13:07:00,3.64,3.65,3.64,3.65,130332
2026-09-23T10:08:00.000Z,2026-09-23T13:08:00,3.65,3.65,3.64,3.65,63052
2026-09-23T10:09:00.000Z,2026-09-23T13:09:00,3.65,3.65,3.64,3.65,14204
2026-09-23T10:10:00.000Z,2026-09-23T13:10:00,3.65,3.65,3.64,3.64,84565
2026-09-23T10:11:00.000Z,2026-09-23T13:11:00,3.64,3.65,3.64,3.65,12831
2026-09-23T10:12:00.000Z,2026-09-23T13:12:00,3.65,3.65,3.65,3.65,101934
2026-09-23T10:13:00.000Z,2026-09-23T13:13:00,3.65,3.65,3.64,3.64,104396
2026-09-23T10:14:00.000Z,2026-09-23T13:14:00,3.65,3.65,3.65,3.65,30000
2026-09-23T10:15:00.000Z,2026-09-23T13:15:00,3.65,3.65,3.64,3.64,58852
2026-09-23T10:16:00.000Z,2026-09-23T13:16:00,3.65,3.65,3.64,3.64,61584
2026-09-23T10:17:00.000Z,2026-09-23T13:17:00,3.65,3.65,3.65,3.65,75469
2026-09-23T10:18:00.000Z,2026-09-23T13:18:00,3.65,3.65,3.65,3.65,42262
2026-09-23T10:19:00.000Z,2026-09-23T13:19:00,3.65,3.65,3.65,3.65,6767
2026-09-23T10:20:00.000Z,2026-09-23T13:20:00,3.65,3.65,3.65,3.65,77074
2026-09-23T10:21:00.000Z,2026-09-23T13:21:00,3.65,3.65,3.64,3.65,217056
2026-09-23T10:22:00.000Z,2026-09-23T13:22:00,3.64,3.65,3.63,3.64,669825
2026-09-23T10:23:00.000Z,2026-09-23T13:23:00,3.63,3.63,3.63,3.63,25000
2026-09-23T10:24:00.000Z,2026-09-23T13:24:00,3.65,3.65,3.64,3.65,15829
2026-09-23T10:25:00.000Z,2026-09-23T13:25:00,3.65,3.65,3.65,3.65,49928
2026-09-23T10:26:00.000Z,2026-09-23T13:26:00,3.65,3.68,3.65,3.66,1158077
2026-09-23T10:27:00.000Z,2026-09-23T13:27:00,3.67,3.67,3.67,3.67,3267
2026-09-23T10:28:00.000Z,2026-09-23T13:28:00,3.67,3.68,3.66,3.68,188147
2026-09-23T10:29:00.000Z,2026-09-23T13:29:00,3.68,3.68,3.67,3.67,297795
2026-09-23T10:30:00.000Z,2026-09-23T13:30:00,3.67,3.67,3.67,3.67,100153
2026-09-23T10:31:00.000Z,2026-09-23T13:31:00,3.66,3.67,3.66,3.67,60042
2026-09-23T10:32:00.000Z,2026-09-23T13:32:00,3.66,3.67,3.66,3.66,26651
2026-09-23T10:33:00.000Z,2026-09-23T13:33:00,3.66,3.67,3.66,3.67,1663
2026-09-23T10:34:00.000Z,2026-09-23T13:34:00,3.66,3.67,3.66,3.67,38999
2026-09-23T10:35:00.000Z,2026-09-23T13:35:00,3.67,3.67,3.67,3.67,5684
2026-09-23T10:36:00.000Z,2026-09-23T13:36:00,3.67,3.67,3.67,3.67,25000
2026-09-23T10:37:00.000Z,2026-09-23T13:37:00,3.67,3.67,3.66,3.66,20217
2026-09-23T10:38:00.000Z,2026-09-23T13:38:00,3.66,3.67,3.66,3.67,2576
2026-09-23T10:39:00.000Z,2026-09-23T13:39:00,3.67,3.67,3.66,3.66,6051
2026-09-23T10:40:00.000Z,2026-09-23T13:40:00,3.67,3.67,3.66,3.66,19529
2026-09-23T10:41:00.000Z,2026-09-23T13:41:00,3.67,3.67,3.67,3.67,8674
2026-09-23T10:42:00.000Z,2026-09-23T13:42:00,3.67,3.67,3.66,3.66,28167
2026-09-23T10:43:00.000Z,2026-09-23T13:43:00,3.66,3.67,3.66,3.66,21074
2026-09-23T10:44:00.000Z,2026-09-23T13:44:00,3.67,3.67,3.66,3.66,1990
2026-09-23T10:45:00.000Z,2026-09-23T13:45:00,3.66,3.66,3.66,3.66,17187
2026-09-23T10:46:00.000Z,2026-09-23T13:46:00,3.67,3.67,3.67,3.67,9117
2026-09-23T10:47:00.000Z,2026-09-23T13:47:00,3.67,3.67,3.66,3.66,5765
2026-09-23T10:48:00.000Z,2026-09-23T13:48:00,3.66,3.67,3.66,3.67,30790
2026-09-23T10:49:00.000Z,2026-09-23T13:49:00,3.67,3.67,3.66,3.66,71304
2026-09-23T10:50:00.000Z,2026-09-23T13:50:00,3.66,3.66,3.66,3.66,8373
2026-09-23T10:51:00.000Z,2026-09-23T13:51:00,3.66,3.66,3.66,3.66,25767
2026-09-23T10:52:00.000Z,2026-09-23T13:52:00,3.66,3.67,3.66,3.67,82784
2026-09-23T10:53:00.000Z,2026-09-23T13:53:00,3.67,3.67,3.67,3.67,24678
2026-09-23T10:54:00.000Z,2026-09-23T13:54:00,3.66,3.67,3.66,3.67,6502
2026-09-23T10:55:00.000Z,2026-09-23T13:55:00,3.67,3.67,3.66,3.66,6090
2026-09-23T10:56:00.000Z,2026-09-23T13:56:00,3.67,3.67,3.66,3.66,40509
2026-09-23T10:57:00.000Z,2026-09-23T13:57:00,3.67,3.67,3.66,3.67,15151
2026-09-23T10:58:00.000Z,2026-09-23T13:58:00,3.66,3.68,3.66,3.68,2923666
2026-09-23T10:59:00.000Z,2026-09-23T13:59:00,3.68,3.69,3.67,3.69,394716
2026-09-23T11:00:00.000Z,2026-09-23T14:00:00,3.69,3.69,3.68,3.68,245885
2026-09-23T11:01:00.000Z,2026-09-23T14:01:00,3.69,3.69,3.68,3.69,420585
2026-09-23T11:02:00.000Z,2026-09-23T14:02:00,3.69,3.69,3.68,3.68,176424
2026-09-23T11:03:00.000Z,2026-09-23T14:03:00,3.69,3.71,3.69,3.7,1282725
2026-09-23T11:04:00.000Z,2026-09-23T14:04:00,3.7,3.7,3.69,3.69,1130244
2026-09-23T11:05:00.000Z,2026-09-23T14:05:00,3.69,3.71,3.69,3.7,880249
2026-09-23T11:06:00.000Z,2026-09-23T14:06:00,3.7,3.7,3.68,3.68,169727
2026-09-23T11:07:00.000Z,2026-09-23T14:07:00,3.68,3.69,3.68,3.69,180673
2026-09-23T11:08:00.000Z,2026-09-23T14:08:00,3.69,3.69,3.69,3.69,3990
2026-09-23T11:09:00.000Z,2026-09-23T14:09:00,3.68,3.69,3.68,3.68,1590134
2026-09-23T11:10:00.000Z,2026-09-23T14:10:00,3.68,3.68,3.67,3.67,415138
2026-09-23T11:11:00.000Z,2026-09-23T14:11:00,3.67,3.67,3.66,3.66,96519
2026-09-23T11:12:00.000Z,2026-09-23T14:12:00,3.65,3.65,3.57,3.57,2359420
2026-09-23T11:13:00.000Z,2026-09-23T14:13:00,3.59,3.63,3.51,3.62,1755973
2026-09-23T11:14:00.000Z,2026-09-23T14:14:00,3.6,3.6,3.55,3.59,311497
2026-09-23T11:15:00.000Z,2026-09-23T14:15:00,3.59,3.59,3.56,3.56,2105
2026-09-23T11:25:00.000Z,2026-09-23T14:25:00,3.58,3.58,3.58,3.58,466532
2026-09-23T11:26:00.000Z,2026-09-23T14:26:00,3.58,3.58,3.58,3.58,103741
2026-09-23T11:27:00.000Z,2026-09-23T14:27:00,3.58,3.58,3.58,3.58,27843
2026-09-23T11:28:00.000Z,2026-09-23T14:28:00,3.58,3.58,3.58,3.58,46658
2026-09-23T11:29:00.000Z,2026-09-23T14:29:00,3.58,3.58,3.58,3.58,90009
2026-09-24T07:00:00.000Z,2026-09-24T10:00:00,3.61,3.64,3.6,3.64,399815
2026-09-24T07:01:00.000Z,2026-09-24T10:01:00,3.64,3.66,3.63,3.66,213586
2026-09-24T07:02:00.000Z,2026-09-24T10:02:00,3.66,3.67,3.65,3.67,586000
2026-09-24T07:03:00.000Z,2026-09-24T10:03:00,3.67,3.67,3.65,3.66,306320
2026-09-24T07:04:00.000Z,2026-09-24T10:04:00,3.65,3.67,3.65,3.67,551673
2026-09-24T07:05:00.000Z,2026-09-24T10:05:00,3.66,3.68,3.66,3.67,314835
2026-09-24T07:06:00.000Z,2026-09-24T10:06:00,3.67,3.67,3.66,3.67,70720
2026-09-24T07:07:00.000Z,2026-09-24T10:07:00,3.66,3.68,3.66,3.67,303425
2026-09-24T07:08:00.000Z,2026-09-24T10:08:00,3.68,3.68,3.66,3.66,64004
2026-09-24T07:09:00.000Z,2026-09-24T10:09:00,3.67,3.68,3.65,3.65,573099
2026-09-24T07:10:00.000Z,2026-09-24T10:10:00,3.66,3.68,3.66,3.68,131887
2026-09-24T07:11:00.000Z,2026-09-24T10:11:00,3.67,3.68,3.66,3.67,561876
2026-09-24T07:12:00.000Z,2026-09-24T10:12:00,3.66,3.67,3.66,3.67,129743
2026-09-24T07:13:00.000Z,2026-09-24T10:13:00,3.66,3.67,3.66,3.67,3508
2026-09-24T07:14:00.000Z,2026-09-24T10:14:00,3.67,3.67,3.66,3.66,445059
2026-09-24T07:15:00.000Z,2026-09-24T10:15:00,3.67,3.67,3.63,3.63,447710
2026-09-24T07:16:00.000Z,2026-09-24T10:16:00,3.63,3.66,3.63,3.63,224275
2026-09-24T07:17:00.000Z,2026-09-24T10:17:00,3.63,3.65,3.63,3.65,15392
2026-09-24T07:18:00.000Z,2026-09-24T10:18:00,3.63,3.65,3.63,3.64,125405
2026-09-24T07:19:00.000Z,2026-09-24T10:19:00,3.64,3.64,3.62,3.62,374021
2026-09-24T07:20:00.000Z,2026-09-24T10:20:00,3.62,3.63,3.61,3.63,418803
2026-09-24T07:21:00.000Z,2026-09-24T10:21:00,3.63,3.63,3.61,3.63,206808
2026-09-24T07:22:00.000Z,2026-09-24T10:22:00,3.61,3.62,3.61,3.61,159555
2026-09-24T07:23:00.000Z,2026-09-24T10:23:00,3.62,3.62,3.61,3.61,27109
2026-09-24T07:24:00.000Z,2026-09-24T10:24:00,3.62,3.62,3.59,3.59,647882
2026-09-24T07:25:00.000Z,2026-09-24T10:25:00,3.59,3.6,3.59,3.6,155156
2026-09-24T07:26:00.000Z,2026-09-24T10:26:00,3.6,3.61,3.6,3.61,41175
2026-09-24T07:27:00.000Z,2026-09-24T10:27:00,3.61,3.62,3.61,3.62,22217
2026-09-24T07:28:00.000Z,2026-09-24T10:28:00,3.62,3.62,3.61,3.61,10429
2026-09-24T07:29:00.000Z,2026-09-24T10:29:00,3.62,3.64,3.62,3.64,166910
2026-09-24T07:30:00.000Z,2026-09-24T10:30:00,3.64,3.65,3.64,3.64,83471
2026-09-24T07:31:00.000Z,2026-09-24T10:31:00,3.64,3.64,3.63,3.63,41238
2026-09-24T07:32:00.000Z,2026-09-24T10:32:00,3.64,3.64,3.61,3.61,306363
2026-09-24T07:33:00.000Z,2026-09-24T10:33:00,3.61,3.64,3.61,3.62,227546
2026-09-24T07:34:00.000Z,2026-09-24T10:34:00,3.64,3.64,3.64,3.64,3023
2026-09-24T07:35:00.000Z,2026-09-24T10:35:00,3.64,3.65,3.63,3.65,117510
2026-09-24T07:36:00.000Z,2026-09-24T10:36:00,3.65,3.65,3.64,3.65,40181
2026-09-24T07:37:00.000Z,2026-09-24T10:37:00,3.64,3.64,3.63,3.64,75076
2026-09-24T07:38:00.000Z,2026-09-24T10:38:00,3.64,3.65,3.63,3.65,103362
2026-09-24T07:39:00.000Z,2026-09-24T10:39:00,3.65,3.65,3.64,3.64,102898
2026-09-24T07:40:00.000Z,2026-09-24T10:40:00,3.65,3.66,3.65,3.65,212956
2026-09-24T07:41:00.000Z,2026-09-24T10:41:00,3.66,3.67,3.66,3.67,240844
2026-09-24T07:42:00.000Z,2026-09-24T10:42:00,3.67,3.67,3.66,3.66,16970
2026-09-24T07:43:00.000Z,2026-09-24T10:43:00,3.66,3.66,3.65,3.66,29177
2026-09-24T07:44:00.000Z,2026-09-24T10:44:00,3.66,3.66,3.65,3.65,26054
2026-09-24T07:45:00.000Z,2026-09-24T10:45:00,3.65,3.66,3.65,3.66,11798
2026-09-24T07:46:00.000Z,2026-09-24T10:46:00,3.66,3.66,3.66,3.66,148127
2026-09-24T07:47:00.000Z,2026-09-24T10:47:00,3.67,3.67,3.66,3.66,129634
2026-09-24T07:48:00.000Z,2026-09-24T10:48:00,3.66,3.7,3.66,3.69,1449318
2026-09-24T07:49:00.000Z,2026-09-24T10:49:00,3.69,3.7,3.69,3.7,280753
2026-09-24T07:50:00.000Z,2026-09-24T10:50:00,3.7,3.71,3.7,3.7,234597
2026-09-24T07:51:00.000Z,2026-09-24T10:51:00,3.7,3.7,3.69,3.69,352507
2026-09-24T07:52:00.000Z,2026-09-24T10:52:00,3.68,3.69,3.68,3.68,120542
2026-09-24T07:53:00.000Z,2026-09-24T10:53:00,3.69,3.69,3.68,3.68,144479
2026-09-24T07:54:00.000Z,2026-09-24T10:54:00,3.69,3.69,3.68,3.69,127970
2026-09-24T07:55:00.000Z,2026-09-24T10:55:00,3.69,3.7,3.69,3.7,172424
2026-09-24T07:56:00.000Z,2026-09-24T10:56:00,3.71,3.71,3.7,3.71,287910
2026-09-24T07:57:00.000Z,2026-09-24T10:57:00,3.7,3.71,3.7,3.7,158020
2026-09-24T07:58:00.000Z,2026-09-24T10:58:00,3.7,3.7,3.7,3.7,315
2026-09-24T07:59:00.000Z,2026-09-24T10:59:00,3.69,3.7,3.69,3.7,11089
2026-09-24T08:00:00.000Z,2026-09-24T11:00:00,3.7,3.7,3.7,3.7,24120
2026-09-24T08:01:00.000Z,2026-09-24T11:01:00,3.69,3.7,3.69,3.7,66128
2026-09-24T08:02:00.000Z,2026-09-24T11:02:00,3.7,3.7,3.69,3.69,81873
2026-09-24T08:03:00.000Z,2026-09-24T11:03:00,3.69,3.7,3.69,3.69,118727
2026-09-24T08:04:00.000Z,2026-09-24T11:04:00,3.7,3.7,3.69,3.69,7439
2026-09-24T08:05:00.000Z,2026-09-24T11:05:00,3.7,3.7,3.69,3.69,38429
2026-09-24T08:06:00.000Z,2026-09-24T11:06:00,3.69,3.69,3.69,3.69,56072
2026-09-24T08:07:00.000Z,2026-09-24T11:07:00,3.69,3.69,3.68,3.69,73080
2026-09-24T08:08:00.000Z,2026-09-24T11:08:00,3.68,3.69,3.68,3.69,56034
2026-09-24T08:09:00.000Z,2026-09-24T11:09:00,3.68,3.69,3.68,3.69,160459
2026-09-24T08:10:00.000Z,2026-09-24T11:10:00,3.69,3.69,3.69,3.69,2390
2026-09-24T08:11:00.000Z,2026-09-24T11:11:00,3.68,3.69,3.68,3.69,20130
2026-09-24T08:12:00.000Z,2026-09-24T11:12:00,3.69,3.69,3.68,3.69,106615
2026-09-24T08:13:00.000Z,2026-09-24T11:13:00,3.68,3.68,3.68,3.68,618
2026-09-24T08:14:00.000Z,2026-09-24T11:14:00,3.69,3.69,3.68,3.69,31430
2026-09-24T08:15:00.000Z,2026-09-24T11:15:00,3.69,3.69,3.68,3.69,28175
2026-09-24T08:16:00.000Z,2026-09-24T11:16:00,3.69,3.69,3.68,3.69,16051
2026-09-24T08:17:00.000Z,2026-09-24T11:17:00,3.68,3.69,3.68,3.69,8346
2026-09-24T08:18:00.000Z,2026-09-24T11:18:00,3.69,3.69,3.68,3.68,245897
2026-09-24T08:19:00.000Z,2026-09-24T11:19:00,3.68,3.68,3.67,3.67,274320
2026-09-24T08:20:00.000Z,2026-09-24T11:20:00,3.67,3.7,3.67,3.7,669631
2026-09-24T08:21:00.000Z,2026-09-24T11:21:00,3.68,3.68,3.68,3.68,2000
2026-09-24T08:22:00.000Z,2026-09-24T11:22:00,3.69,3.69,3.69,3.69,5400
2026-09-24T08:23:00.000Z,2026-09-24T11:23:00,3.69,3.69,3.69,3.69,23555
2026-09-24T08:24:00.000Z,2026-09-24T11:24:00,3.69,3.69,3.68,3.69,104792
2026-09-24T08:25:00.000Z,2026-09-24T11:25:00,3.69,3.69,3.69,3.69,1482
2026-09-24T08:26:00.000Z,2026-09-24T11:26:00,3.68,3.69,3.68,3.68,4284
2026-09-24T08:27:00.000Z,2026-09-24T11:27:00,3.69,3.69,3.68,3.68,4372
2026-09-24T08:28:00.000Z,2026-09-24T11:28:00,3.68,3.68,3.68,3.68,19547
2026-09-24T08:29:00.000Z,2026-09-24T11:29:00,3.69,3.69,3.68,3.68,2100
2026-09-24T08:30:00.000Z,2026-09-24T11:30:00,3.68,3.69,3.68,3.68,16010
2026-09-24T08:31:00.000Z,2026-09-24T11:31:00,3.68,3.69,3.68,3.68,80382
2026-09-24T08:32:00.000Z,2026-09-24T11:32:00,3.69,3.69,3.68,3.69,34442
2026-09-24T08:33:00.000Z,2026-09-24T11:33:00,3.69,3.69,3.68,3.69,2129
2026-09-24T08:34:00.000Z,2026-09-24T11:34:00,3.68,3.71,3.68,3.69,1688894
2026-09-24T08:35:00.000Z,2026-09-24T11:35:00,3.69,3.72,3.69,3.7,372521
2026-09-24T08:36:00.000Z,2026-09-24T11:36:00,3.72,3.72,3.72,3.72,2513
2026-09-24T08:37:00.000Z,2026-09-24T11:37:00,3.72,3.72,3.71,3.71,9309
2026-09-24T08:38:00.000Z,2026-09-24T11:38:00,3.72,3.72,3.71,3.72,224208
2026-09-24T08:39:00.000Z,2026-09-24T11:39:00,3.72,3.72,3.71,3.71,23287
2026-09-24T08:40:00.000Z,2026-09-24T11:40:00,3.71,3.72,3.71,3.72,43095
2026-09-24T08:41:00.000Z,2026-09-24T11:41:00,3.71,3.71,3.7,3.71,24414
2026-09-24T08:42:00.000Z,2026-09-24T11:42:00,3.71,3.71,3.7,3.71,46832
2026-09-24T08:43:00.000Z,2026-09-24T11:43:00,3.72,3.72,3.71,3.72,26541
2026-09-24T08:44:00.000Z,2026-09-24T11:44:00,3.72,3.73,3.72,3.72,284738
2026-09-24T08:45:00.000Z,2026-09-24T11:45:00,3.72,3.73,3.72,3.73,276657
2026-09-24T08:46:00.000Z,2026-09-24T11:46:00,3.73,3.73,3.73,3.73,80160
2026-09-24T08:47:00.000Z,2026-09-24T11:47:00,3.73,3.73,3.73,3.73,50796
2026-09-24T08:48:00.000Z,2026-09-24T11:48:00,3.73,3.73,3.73,3.73,143581
2026-09-24T08:49:00.000Z,2026-09-24T11:49:00,3.73,3.73,3.73,3.73,50339
2026-09-24T08:50:00.000Z,2026-09-24T11:50:00,3.73,3.73,3.72,3.73,50081
2026-09-24T08:51:00.000Z,2026-09-24T11:51:00,3.72,3.72,3.71,3.72,197401
2026-09-24T08:52:00.000Z,2026-09-24T11:52:00,3.72,3.72,3.71,3.71,12852
2026-09-24T08:53:00.000Z,2026-09-24T11:53:00,3.71,3.71,3.71,3.71,3000
2026-09-24T08:54:00.000Z,2026-09-24T11:54:00,3.71,3.71,3.71,3.71,133691
2026-09-24T08:55:00.000Z,2026-09-24T11:55:00,3.71,3.71,3.71,3.71,6553
2026-09-24T08:56:00.000Z,2026-09-24T11:56:00,3.71,3.71,3.7,3.71,57852
2026-09-24T08:57:00.000Z,2026-09-24T11:57:00,3.7,3.7,3.7,3.7,6000
2026-09-24T08:58:00.000Z,2026-09-24T11:58:00,3.71,3.71,3.7,3.7,131504
2026-09-24T08:59:00.000Z,2026-09-24T11:59:00,3.7,3.72,3.7,3.72,23092
2026-09-24T09:00:00.000Z,2026-09-24T12:00:00,3.71,3.72,3.71,3.72,75729
2026-09-24T09:01:00.000Z,2026-09-24T12:01:00,3.72,3.72,3.71,3.72,15325
2026-09-24T09:02:00.000Z,2026-09-24T12:02:00,3.71,3.72,3.71,3.71,3040
2026-09-24T09:03:00.000Z,2026-09-24T12:03:00,3.71,3.72,3.71,3.72,19362
2026-09-24T09:04:00.000Z,2026-09-24T12:04:00,3.72,3.72,3.72,3.72,33453
2026-09-24T09:05:00.000Z,2026-09-24T12:05:00,3.71,3.72,3.71,3.72,32070
2026-09-24T09:06:00.000Z,2026-09-24T12:06:00,3.71,3.71,3.71,3.71,39378
2026-09-24T09:07:00.000Z,2026-09-24T12:07:00,3.71,3.71,3.7,3.7,48063
2026-09-24T09:08:00.000Z,2026-09-24T12:08:00,3.7,3.72,3.7,3.72,125584
2026-09-24T09:09:00.000Z,2026-09-24T12:09:00,3.71,3.71,3.71,3.71,54924
2026-09-24T09:10:00.000Z,2026-09-24T12:10:00,3.71,3.71,3.7,3.7,5466
2026-09-24T09:11:00.000Z,2026-09-24T12:11:00,3.7,3.71,3.7,3.71,16110
2026-09-24T09:12:00.000Z,2026-09-24T12:12:00,3.71,3.75,3.7,3.72,2073769
2026-09-24T09:13:00.000Z,2026-09-24T12:13:00,3.72,3.73,3.72,3.73,598254
2026-09-24T09:14:00.000Z,2026-09-24T12:14:00,3.73,3.73,3.7,3.7,75286
2026-09-24T09:15:00.000Z,2026-09-24T12:15:00,3.73,3.73,3.73,3.73,13721
2026-09-24T09:16:00.000Z,2026-09-24T12:16:00,3.73,3.73,3.72,3.72,86090
2026-09-24T09:17:00.000Z,2026-09-24T12:17:00,3.73,3.73,3.72,3.72,8738
2026-09-24T09:18:00.000Z,2026-09-24T12:18:00,3.72,3.73,3.72,3.72,70737
2026-09-24T09:19:00.000Z,2026-09-24T12:19:00,3.73,3.73,3.72,3.72,28273
2026-09-24T09:20:00.000Z,2026-09-24T12:20:00,3.72,3.72,3.72,3.72,23078
2026-09-24T09:21:00.000Z,2026-09-24T12:21:00,3.72,3.72,3.71,3.72,591
2026-09-24T09:22:00.000Z,2026-09-24T12:22:00,3.71,3.72,3.71,3.71,14382
2026-09-24T09:23:00.000Z,2026-09-24T12:23:00,3.72,3.72,3.72,3.72,8109
2026-09-24T09:24:00.000Z,2026-09-24T12:24:00,3.72,3.72,3.71,3.71,15933
2026-09-24T09:25:00.000Z,2026-09-24T12:25:00,3.72,3.72,3.71,3.72,26067
2026-09-24T09:26:00.000Z,2026-09-24T12:26:00,3.72,3.72,3.71,3.71,23787
2026-09-24T09:27:00.000Z,2026-09-24T12:27:00,3.71,3.72,3.71,3.72,4312
2026-09-24T09:28:00.000Z,2026-09-24T12:28:00,3.72,3.72,3.71,3.71,62003
2026-09-24T09:29:00.000Z,2026-09-24T12:29:00,3.71,3.72,3.71,3.71,23729
2026-09-24T09:30:00.000Z,2026-09-24T12:30:00,3.71,3.72,3.71,3.72,1730
2026-09-24T09:31:00.000Z,2026-09-24T12:31:00,3.71,3.72,3.71,3.72,728
2026-09-24T09:32:00.000Z,2026-09-24T12:32:00,3.73,3.73,3.72,3.72,68108
2026-09-24T09:33:00.000Z,2026-09-24T12:33:00,3.72,3.73,3.71,3.73,428725
2026-09-24T09:34:00.000Z,2026-09-24T12:34:00,3.72,3.72,3.71,3.71,220167
2026-09-24T09:35:00.000Z,2026-09-24T12:35:00,3.71,3.72,3.71,3.72,167018
2026-09-24T09:36:00.000Z,2026-09-24T12:36:00,3.72,3.72,3.71,3.71,150133
2026-09-24T09:37:00.000Z,2026-09-24T12:37:00,3.71,3.71,3.68,3.68,363808
2026-09-24T09:38:00.000Z,2026-09-24T12:38:00,3.68,3.68,3.68,3.68,10000
2026-09-24T09:39:00.000Z,2026-09-24T12:39:00,3.69,3.69,3.69,3.69,10493
2026-09-24T09:40:00.000Z,2026-09-24T12:40:00,3.69,3.7,3.69,3.7,26935
2026-09-24T09:41:00.000Z,2026-09-24T12:41:00,3.69,3.69,3.66,3.67,544534
2026-09-24T09:42:00.000Z,2026-09-24T12:42:00,3.66,3.66,3.66,3.66,600
2026-09-24T09:43:00.000Z,2026-09-24T12:43:00,3.66,3.68,3.66,3.67,267016
2026-09-24T09:44:00.000Z,2026-09-24T12:44:00,3.68,3.68,3.67,3.68,110231
2026-09-24T09:45:00.000Z,2026-09-24T12:45:00,3.68,3.68,3.66,3.66,245249
2026-09-24T09:46:00.000Z,2026-09-24T12:46:00,3.66,3.66,3.65,3.65,87485
2026-09-24T09:47:00.000Z,2026-09-24T12:47:00,3.66,3.66,3.65,3.66,136378
2026-09-24T09:48:00.000Z,2026-09-24T12:48:00,3.66,3.66,3.66,3.66,332401
2026-09-24T09:49:00.000Z,2026-09-24T12:49:00,3.66,3.67,3.66,3.67,107092
2026-09-24T09:50:00.000Z,2026-09-24T12:50:00,3.67,3.67,3.66,3.66,60802
2026-09-24T09:51:00.000Z,2026-09-24T12:51:00,3.66,3.66,3.65,3.65,349220
2026-09-24T09:52:00.000Z,2026-09-24T12:52:00,3.65,3.67,3.65,3.67,122361
2026-09-24T09:53:00.000Z,2026-09-24T12:53:00,3.66,3.66,3.65,3.65,446008
2026-09-24T09:54:00.000Z,2026-09-24T12:54:00,3.65,3.65,3.64,3.65,89342
2026-09-24T09:55:00.000Z,2026-09-24T12:55:00,3.65,3.65,3.64,3.64,99386
2026-09-24T09:56:00.000Z,2026-09-24T12:56:00,3.64,3.64,3.63,3.63,616725
2026-09-24T09:57:00.000Z,2026-09-24T12:57:00,3.65,3.65,3.63,3.63,277925
2026-09-24T09:58:00.000Z,2026-09-24T12:58:00,3.63,3.63,3.62,3.62,446709
2026-09-24T09:59:00.000Z,2026-09-24T12:59:00,3.63,3.63,3.61,3.61,502992
2026-09-24T10:00:00.000Z,2026-09-24T13:00:00,3.62,3.63,3.6,3.63,458272
2026-09-24T10:01:00.000Z,2026-09-24T13:01:00,3.63,3.63,3.62,3.62,3195
2026-09-24T10:02:00.000Z,2026-09-24T13:02:00,3.62,3.66,3.62,3.66,1690465
2026-09-24T10:03:00.000Z,2026-09-24T13:03:00,3.67,3.67,3.65,3.65,217003
2026-09-24T10:04:00.000Z,2026-09-24T13:04:00,3.65,3.65,3.65,3.65,20956
2026-09-24T10:05:00.000Z,2026-09-24T13:05:00,3.67,3.67,3.65,3.65,38346
2026-09-24T10:06:00.000Z,2026-09-24T13:06:00,3.64,3.66,3.64,3.66,81374
2026-09-24T10:07:00.000Z,2026-09-24T13:07:00,3.66,3.66,3.66,3.66,15703
2026-09-24T10:08:00.000Z,2026-09-24T13:08:00,3.66,3.66,3.65,3.65,66179
2026-09-24T10:09:00.000Z,2026-09-24T13:09:00,3.65,3.66,3.65,3.65,242940
2026-09-24T10:10:00.000Z,2026-09-24T13:10:00,3.65,3.66,3.65,3.66,369804
2026-09-24T10:11:00.000Z,2026-09-24T13:11:00,3.65,3.65,3.65,3.65,201612
2026-09-24T10:12:00.000Z,2026-09-24T13:12:00,3.64,3.65,3.64,3.64,111288
2026-09-24T10:13:00.000Z,2026-09-24T13:13:00,3.64,3.64,3.64,3.64,401636
2026-09-24T10:14:00.000Z,2026-09-24T13:14:00,3.62,3.63,3.6,3.6,428283
2026-09-24T10:15:00.000Z,2026-09-24T13:15:00,3.6,3.67,3.6,3.67,1445489
2026-09-24T10:16:00.000Z,2026-09-24T13:16:00,3.64,3.67,3.61,3.67,849514
2026-09-24T10:17:00.000Z,2026-09-24T13:17:00,3.62,3.66,3.61,3.61,16756
2026-09-24T10:18:00.000Z,2026-09-24T13:18:00,3.61,3.62,3.61,3.62,27082
2026-09-24T10:19:00.000Z,2026-09-24T13:19:00,3.62,3.63,3.61,3.61,15243
2026-09-24T10:20:00.000Z,2026-09-24T13:20:00,3.62,3.65,3.61,3.61,446481
2026-09-24T10:21:00.000Z,2026-09-24T13:21:00,3.62,3.66,3.61,3.64,1201071
2026-09-24T10:22:00.000Z,2026-09-24T13:22:00,3.62,3.66,3.62,3.66,394820
2026-09-24T10:23:00.000Z,2026-09-24T13:23:00,3.65,3.65,3.62,3.64,13632
2026-09-24T10:24:00.000Z,2026-09-24T13:24:00,3.64,3.64,3.64,3.64,314
2026-09-24T10:25:00.000Z,2026-09-24T13:25:00,3.65,3.65,3.65,3.65,223
2026-09-24T10:26:00.000Z,2026-09-24T13:26:00,3.65,3.65,3.65,3.65,19000
2026-09-24T10:27:00.000Z,2026-09-24T13:27:00,3.65,3.65,3.65,3.65,45176
2026-09-24T10:28:00.000Z,2026-09-24T13:28:00,3.65,3.66,3.65,3.66,16407
2026-09-24T10:29:00.000Z,2026-09-24T13:29:00,3.66,3.66,3.66,3.66,28748
2026-09-24T10:30:00.000Z,2026-09-24T13:30:00,3.66,3.66,3.66,3.66,1161
2026-09-24T10:31:00.000Z,2026-09-24T13:31:00,3.66,3.66,3.66,3.66,3037
2026-09-24T10:32:00.000Z,2026-09-24T13:32:00,3.65,3.65,3.64,3.64,65511
2026-09-24T10:33:00.000Z,2026-09-24T13:33:00,3.64,3.66,3.64,3.66,9935
2026-09-24T10:34:00.000Z,2026-09-24T13:34:00,3.65,3.67,3.65,3.67,1000000
2026-09-24T10:36:00.000Z,2026-09-24T13:36:00,3.65,3.65,3.63,3.64,34088
2026-09-24T10:37:00.000Z,2026-09-24T13:37:00,3.65,3.66,3.64,3.65,120011
2026-09-24T10:38:00.000Z,2026-09-24T13:38:00,3.65,3.65,3.65,3.65,61105
2026-09-24T10:39:00.000Z,2026-09-24T13:39:00,3.65,3.66,3.65,3.66,24999
2026-09-24T10:40:00.000Z,2026-09-24T13:40:00,3.66,3.67,3.66,3.67,45000
2026-09-24T10:41:00.000Z,2026-09-24T13:41:00,3.66,3.67,3.66,3.67,151839
2026-09-24T10:42:00.000Z,2026-09-24T13:42:00,3.66,3.67,3.66,3.66,291688
2026-09-24T10:43:00.000Z,2026-09-24T13:43:00,3.66,3.67,3.66,3.67,93372
2026-09-24T10:44:00.000Z,2026-09-24T13:44:00,3.66,3.67,3.66,3.66,8472
2026-09-24T10:45:00.000Z,2026-09-24T13:45:00,3.66,3.66,3.65,3.65,10713
2026-09-24T10:46:00.000Z,2026-09-24T13:46:00,3.66,3.66,3.66,3.66,330
2026-09-24T10:47:00.000Z,2026-09-24T13:47:00,3.65,3.66,3.61,3.65,221318
2026-09-24T10:48:00.000Z,2026-09-24T13:48:00,3.63,3.65,3.63,3.63,13714
2026-09-24T10:49:00.000Z,2026-09-24T13:49:00,3.65,3.65,3.63,3.63,4894
2026-09-24T10:50:00.000Z,2026-09-24T13:50:00,3.63,3.66,3.63,3.66,13292
2026-09-24T10:51:00.000Z,2026-09-24T13:51:00,3.65,3.65,3.64,3.64,74827
2026-09-24T10:52:00.000Z,2026-09-24T13:52:00,3.65,3.65,3.65,3.65,18227
2026-09-24T10:53:00.000Z,2026-09-24T13:53:00,3.65,3.66,3.65,3.66,12622
2026-09-24T10:54:00.000Z,2026-09-24T13:54:00,3.65,3.66,3.65,3.65,51147
2026-09-24T10:55:00.000Z,2026-09-24T13:55:00,3.65,3.65,3.64,3.65,4492
2026-09-24T10:56:00.000Z,2026-09-24T13:56:00,3.65,3.65,3.62,3.64,133412
2026-09-24T10:57:00.000Z,2026-09-24T13:57:00,3.63,3.64,3.63,3.64,74632
2026-09-24T10:58:00.000Z,2026-09-24T13:58:00,3.64,3.64,3.64,3.64,161695
2026-09-24T10:59:00.000Z,2026-09-24T13:59:00,3.63,3.63,3.63,3.63,5886
2026-09-24T11:00:00.000Z,2026-09-24T14:00:00,3.64,3.64,3.64,3.64,142504
2026-09-24T11:01:00.000Z,2026-09-24T14:01:00,3.64,3.64,3.63,3.63,44196
2026-09-24T11:02:00.000Z,2026-09-24T14:02:00,3.65,3.65,3.64,3.64,66389
2026-09-24T11:03:00.000Z,2026-09-24T14:03:00,3.65,3.65,3.64,3.64,397
2026-09-24T11:04:00.000Z,2026-09-24T14:04:00,3.65,3.65,3.65,3.65,116280
2026-09-24T11:05:00.000Z,2026-09-24T14:05:00,3.66,3.66,3.66,3.66,971
2026-09-24T11:06:00.000Z,2026-09-24T14:06:00,3.66,3.66,3.65,3.65,29587
2026-09-24T11:07:00.000Z,2026-09-24T14:07:00,3.65,3.66,3.65,3.65,165430
2026-09-24T11:08:00.000Z,2026-09-24T14:08:00,3.65,3.65,3.63,3.63,307043
2026-09-24T11:09:00.000Z,2026-09-24T14:09:00,3.64,3.65,3.62,3.64,344509
2026-09-24T11:10:00.000Z,2026-09-24T14:10:00,3.64,3.64,3.63,3.64,6171
2026-09-24T11:11:00.000Z,2026-09-24T14:11:00,3.63,3.64,3.62,3.63,232318
2026-09-24T11:12:00.000Z,2026-09-24T14:12:00,3.63,3.63,3.62,3.63,233513
2026-09-24T11:13:00.000Z,2026-09-24T14:13:00,3.63,3.63,3.62,3.63,210323
2026-09-24T11:14:00.000Z,2026-09-24T14:14:00,3.62,3.7,3.62,3.7,3423617
2026-09-24T11:25:00.000Z,2026-09-24T14:25:00,3.72,3.72,3.72,3.72,4633331
2026-09-24T11:26:00.000Z,2026-09-24T14:26:00,3.72,3.72,3.72,3.72,142947
2026-09-24T11:27:00.000Z,2026-09-24T14:27:00,3.72,3.72,3.72,3.72,390475
2026-09-24T11:28:00.000Z,2026-09-24T14:28:00,3.72,3.72,3.72,3.72,201208
2026-09-24T11:29:00.000Z,2026-09-24T14:29:00,3.72,3.72,3.72,3.72,101994
