timestamp_utc,timestamp_cairo,open,high,low,close,volume
2026-08-30T07:53:00.000Z,2026-08-30T10:53:00,18.77,18.77,18.75,18.76,8064
2026-08-30T07:54:00.000Z,2026-08-30T10:54:00,18.76,18.76,18.75,18.75,510
2026-08-30T07:55:00.000Z,2026-08-30T10:55:00,18.76,18.76,18.75,18.75,2402
2026-08-30T07:56:00.000Z,2026-08-30T10:56:00,18.75,18.75,18.73,18.75,1305
2026-08-30T07:57:00.000Z,2026-08-30T10:57:00,18.75,18.75,18.75,18.75,1118
2026-08-30T07:58:00.000Z,2026-08-30T10:58:00,18.75,18.75,18.72,18.72,12880
2026-08-30T07:59:00.000Z,2026-08-30T10:59:00,18.75,18.75,18.7,18.7,77535
2026-08-30T08:00:00.000Z,2026-08-30T11:00:00,18.71,18.71,18.69,18.7,19323
2026-08-30T08:01:00.000Z,2026-08-30T11:01:00,18.7,18.71,18.7,18.71,164
2026-08-30T08:02:00.000Z,2026-08-30T11:02:00,18.71,18.72,18.68,18.72,6125
2026-08-30T08:03:00.000Z,2026-08-30T11:03:00,18.74,18.74,18.7,18.7,1999
2026-08-30T08:04:00.000Z,2026-08-30T11:04:00,18.72,18.72,18.72,18.72,3755
2026-08-30T08:05:00.000Z,2026-08-30T11:05:00,18.7,18.72,18.7,18.72,2813
2026-08-30T08:06:00.000Z,2026-08-30T11:06:00,18.72,18.74,18.7,18.7,18236
2026-08-30T08:07:00.000Z,2026-08-30T11:07:00,18.74,18.74,18.71,18.71,660
2026-08-30T08:08:00.000Z,2026-08-30T11:08:00,18.71,18.74,18.71,18.74,1260
2026-08-30T08:09:00.000Z,2026-08-30T11:09:00,18.74,18.76,18.74,18.76,52028
2026-08-30T08:10:00.000Z,2026-08-30T11:10:00,18.76,18.76,18.76,18.76,28560
2026-08-30T08:11:00.000Z,2026-08-30T11:11:00,18.76,18.77,18.76,18.76,16246
2026-08-30T08:12:00.000Z,2026-08-30T11:12:00,18.77,18.77,18.76,18.76,4591
2026-08-30T08:13:00.000Z,2026-08-30T11:13:00,18.75,18.76,18.75,18.75,7035
2026-08-30T08:14:00.000Z,2026-08-30T11:14:00,18.75,18.75,18.71,18.75,4216
2026-08-30T08:15:00.000Z,2026-08-30T11:15:00,18.75,18.75,18.73,18.75,5136
2026-08-30T08:16:00.000Z,2026-08-30T11:16:00,18.75,18.75,18.73,18.75,5229
2026-08-30T08:17:00.000Z,2026-08-30T11:17:00,18.75,18.75,18.73,18.75,674
2026-08-30T08:18:00.000Z,2026-08-30T11:18:00,18.75,18.75,18.74,18.74,369
2026-08-30T08:19:00.000Z,2026-08-30T11:19:00,18.75,18.75,18.74,18.75,6485
2026-08-30T08:20:00.000Z,2026-08-30T11:20:00,18.74,18.79,18.72,18.79,104966
2026-08-30T08:21:00.000Z,2026-08-30T11:21:00,18.79,18.79,18.76,18.78,3874
2026-08-30T08:22:00.000Z,2026-08-30T11:22:00,18.78,18.79,18.77,18.79,12114
2026-08-30T08:23:00.000Z,2026-08-30T11:23:00,18.79,18.79,18.79,18.79,3835
2026-08-30T08:24:00.000Z,2026-08-30T11:24:00,18.79,18.79,18.79,18.79,7210
2026-08-30T08:25:00.000Z,2026-08-30T11:25:00,18.79,18.79,18.77,18.78,24153
2026-08-30T08:26:00.000Z,2026-08-30T11:26:00,18.76,18.78,18.76,18.76,16945
2026-08-30T08:27:00.000Z,2026-08-30T11:27:00,18.78,18.79,18.77,18.77,1089
2026-08-30T08:28:00.000Z,2026-08-30T11:28:00,18.79,18.79,18.78,18.79,21686
2026-08-30T08:29:00.000Z,2026-08-30T11:29:00,18.79,18.79,18.78,18.78,24114
2026-08-30T08:30:00.000Z,2026-08-30T11:30:00,18.78,18.78,18.77,18.78,6236
2026-08-30T08:31:00.000Z,2026-08-30T11:31:00,18.77,18.78,18.77,18.78,6561
2026-08-30T08:32:00.000Z,2026-08-30T11:32:00,18.77,18.78,18.77,18.77,7762
2026-08-30T08:33:00.000Z,2026-08-30T11:33:00,18.76,18.77,18.76,18.77,265
2026-08-30T08:34:00.000Z,2026-08-30T11:34:00,18.77,18.77,18.77,18.77,1986
2026-08-30T08:35:00.000Z,2026-08-30T11:35:00,18.77,18.78,18.75,18.77,18420
2026-08-30T08:36:00.000Z,2026-08-30T11:36:00,18.75,18.79,18.72,18.78,65462
2026-08-30T08:37:00.000Z,2026-08-30T11:37:00,18.78,18.78,18.77,18.78,8285
2026-08-30T08:38:00.000Z,2026-08-30T11:38:00,18.77,18.78,18.76,18.77,41402
2026-08-30T08:39:00.000Z,2026-08-30T11:39:00,18.76,18.79,18.76,18.79,21306
2026-08-30T08:40:00.000Z,2026-08-30T11:40:00,18.79,18.79,18.79,18.79,6489
2026-08-30T08:41:00.000Z,2026-08-30T11:41:00,18.78,18.78,18.76,18.76,15909
2026-08-30T08:43:00.000Z,2026-08-30T11:43:00,18.79,18.79,18.77,18.79,13687
2026-08-30T08:44:00.000Z,2026-08-30T11:44:00,18.76,18.79,18.76,18.78,23188
2026-08-30T08:45:00.000Z,2026-08-30T11:45:00,18.77,18.78,18.77,18.78,33722
2026-08-30T08:46:00.000Z,2026-08-30T11:46:00,18.78,18.8,18.77,18.8,125259
2026-08-30T08:47:00.000Z,2026-08-30T11:47:00,18.79,18.8,18.79,18.8,25530
2026-08-30T08:48:00.000Z,2026-08-30T11:48:00,18.8,18.8,18.8,18.8,647
2026-08-30T08:49:00.000Z,2026-08-30T11:49:00,18.81,18.81,18.81,18.81,27
2026-08-30T08:50:00.000Z,2026-08-30T11:50:00,18.83,18.83,18.81,18.81,8
2026-08-30T08:51:00.000Z,2026-08-30T11:51:00,18.83,18.84,18.83,18.84,620
2026-08-30T08:52:00.000Z,2026-08-30T11:52:00,18.83,18.83,18.81,18.81,1880
2026-08-30T08:53:00.000Z,2026-08-30T11:53:00,18.81,18.81,18.8,18.8,35764
2026-08-30T08:54:00.000Z,2026-08-30T11:54:00,18.83,18.83,18.83,18.83,1239
2026-08-30T08:55:00.000Z,2026-08-30T11:55:00,18.81,18.83,18.81,18.83,10158
2026-08-30T08:56:00.000Z,2026-08-30T11:56:00,18.81,18.83,18.81,18.83,458
2026-08-30T08:57:00.000Z,2026-08-30T11:57:00,18.81,18.82,18.81,18.82,29
2026-08-30T08:58:00.000Z,2026-08-30T11:58:00,18.83,18.83,18.82,18.82,2210
2026-08-30T08:59:00.000Z,2026-08-30T11:59:00,18.82,18.82,18.82,18.82,63
2026-08-30T09:00:00.000Z,2026-08-30T12:00:00,18.83,18.83,18.8,18.81,23574
2026-08-30T09:01:00.000Z,2026-08-30T12:01:00,18.8,18.8,18.79,18.79,41050
2026-08-30T09:02:00.000Z,2026-08-30T12:02:00,18.79,18.81,18.79,18.81,3962
2026-08-30T09:03:00.000Z,2026-08-30T12:03:00,18.81,18.83,18.81,18.81,283
2026-08-30T09:04:00.000Z,2026-08-30T12:04:00,18.83,18.83,18.81,18.83,3694
2026-08-30T09:05:00.000Z,2026-08-30T12:05:00,18.81,18.84,18.8,18.84,36414
2026-08-30T09:06:00.000Z,2026-08-30T12:06:00,18.84,18.84,18.84,18.84,651
2026-08-30T09:07:00.000Z,2026-08-30T12:07:00,18.84,18.84,18.84,18.84,525
2026-08-30T09:08:00.000Z,2026-08-30T12:08:00,18.84,18.84,18.84,18.84,2973
2026-08-30T09:09:00.000Z,2026-08-30T12:09:00,18.84,18.84,18.8,18.84,112
2026-08-30T09:10:00.000Z,2026-08-30T12:10:00,18.84,18.84,18.84,18.84,14682
2026-08-30T09:11:00.000Z,2026-08-30T12:11:00,18.84,18.85,18.8,18.8,16572
2026-08-30T09:13:00.000Z,2026-08-30T12:13:00,18.84,18.84,18.84,18.84,11
2026-08-30T09:14:00.000Z,2026-08-30T12:14:00,18.84,18.84,18.81,18.84,25053
2026-08-30T09:15:00.000Z,2026-08-30T12:15:00,18.84,18.84,18.84,18.84,178
2026-08-30T09:16:00.000Z,2026-08-30T12:16:00,18.84,18.84,18.81,18.84,8640
2026-08-30T09:17:00.000Z,2026-08-30T12:17:00,18.84,18.84,18.8,18.8,27514
2026-08-30T09:18:00.000Z,2026-08-30T12:18:00,18.84,18.84,18.8,18.8,50153
2026-08-30T09:19:00.000Z,2026-08-30T12:19:00,18.84,18.85,18.84,18.85,13472
2026-08-30T09:20:00.000Z,2026-08-30T12:20:00,18.85,18.85,18.84,18.84,283
2026-08-30T09:22:00.000Z,2026-08-30T12:22:00,18.84,18.84,18.81,18.81,1566
2026-08-30T09:23:00.000Z,2026-08-30T12:23:00,18.83,18.83,18.83,18.83,314
2026-08-30T09:24:00.000Z,2026-08-30T12:24:00,18.84,18.85,18.83,18.83,65436
2026-08-30T09:25:00.000Z,2026-08-30T12:25:00,18.85,18.87,18.85,18.86,9240
2026-08-30T09:26:00.000Z,2026-08-30T12:26:00,18.86,18.86,18.85,18.86,4000
2026-08-30T09:27:00.000Z,2026-08-30T12:27:00,18.85,18.86,18.85,18.86,2249
2026-08-30T09:28:00.000Z,2026-08-30T12:28:00,18.86,18.87,18.86,18.86,5113
2026-08-30T09:29:00.000Z,2026-08-30T12:29:00,18.87,18.9,18.86,18.9,89762
2026-08-30T09:30:00.000Z,2026-08-30T12:30:00,18.91,18.91,18.9,18.9,918
2026-08-30T09:31:00.000Z,2026-08-30T12:31:00,18.9,18.91,18.9,18.91,3261
2026-08-30T09:32:00.000Z,2026-08-30T12:32:00,18.9,18.91,18.9,18.9,15034
2026-08-30T09:33:00.000Z,2026-08-30T12:33:00,18.9,18.91,18.9,18.91,23667
2026-08-30T09:34:00.000Z,2026-08-30T12:34:00,18.9,18.91,18.9,18.9,1673
2026-08-30T09:35:00.000Z,2026-08-30T12:35:00,18.91,19,18.91,19,265741
2026-08-30T09:36:00.000Z,2026-08-30T12:36:00,19.01,19.03,19,19.02,3586
2026-08-30T09:37:00.000Z,2026-08-30T12:37:00,19.02,19.03,19,19,7016
2026-08-30T09:38:00.000Z,2026-08-30T12:38:00,19,19.02,19,19,84693
2026-08-30T09:39:00.000Z,2026-08-30T12:39:00,19,19,19,19,147
2026-08-30T09:40:00.000Z,2026-08-30T12:40:00,19,19,18.92,18.92,1974
2026-08-30T09:41:00.000Z,2026-08-30T12:41:00,18.92,18.99,18.92,18.92,989
2026-08-30T09:42:00.000Z,2026-08-30T12:42:00,18.99,18.99,18.92,18.99,1910
2026-08-30T09:43:00.000Z,2026-08-30T12:43:00,18.99,18.99,18.99,18.99,802
2026-08-30T09:44:00.000Z,2026-08-30T12:44:00,18.94,18.97,18.94,18.97,112
2026-08-30T09:45:00.000Z,2026-08-30T12:45:00,18.97,18.97,18.96,18.96,90
2026-08-30T09:46:00.000Z,2026-08-30T12:46:00,18.96,18.96,18.93,18.93,12567
2026-08-30T09:47:00.000Z,2026-08-30T12:47:00,18.93,18.93,18.93,18.93,16046
2026-08-30T09:48:00.000Z,2026-08-30T12:48:00,18.93,18.95,18.91,18.91,20481
2026-08-30T09:49:00.000Z,2026-08-30T12:49:00,18.91,18.95,18.91,18.95,161
2026-08-30T09:50:00.000Z,2026-08-30T12:50:00,18.91,18.95,18.91,18.95,3538
2026-08-30T09:51:00.000Z,2026-08-30T12:51:00,18.95,18.95,18.95,18.95,10109
2026-08-30T09:52:00.000Z,2026-08-30T12:52:00,18.95,18.98,18.95,18.98,6706
2026-08-30T09:53:00.000Z,2026-08-30T12:53:00,18.96,18.98,18.96,18.98,46
2026-08-30T09:54:00.000Z,2026-08-30T12:54:00,18.98,18.98,18.96,18.97,1242
2026-08-30T09:55:00.000Z,2026-08-30T12:55:00,18.96,18.98,18.95,18.95,956
2026-08-30T09:56:00.000Z,2026-08-30T12:56:00,18.97,18.97,18.95,18.97,35618
2026-08-30T09:57:00.000Z,2026-08-30T12:57:00,18.98,18.98,18.97,18.97,335
2026-08-30T09:58:00.000Z,2026-08-30T12:58:00,18.98,18.98,18.95,18.97,16957
2026-08-30T09:59:00.000Z,2026-08-30T12:59:00,18.97,18.97,18.95,18.95,10088
2026-08-30T10:00:00.000Z,2026-08-30T13:00:00,18.92,18.92,18.92,18.92,1001
2026-08-30T10:01:00.000Z,2026-08-30T13:01:00,18.95,18.95,18.91,18.95,31347
2026-08-30T10:02:00.000Z,2026-08-30T13:02:00,18.95,18.95,18.93,18.93,68
2026-08-30T10:03:00.000Z,2026-08-30T13:03:00,18.93,18.93,18.92,18.92,266
2026-08-30T10:04:00.000Z,2026-08-30T13:04:00,18.91,18.94,18.91,18.94,2666
2026-08-30T10:05:00.000Z,2026-08-30T13:05:00,18.94,18.94,18.94,18.94,1643
2026-08-30T10:06:00.000Z,2026-08-30T13:06:00,18.94,18.95,18.94,18.94,10159
2026-08-30T10:07:00.000Z,2026-08-30T13:07:00,18.95,18.97,18.94,18.94,28685
2026-08-30T10:08:00.000Z,2026-08-30T13:08:00,18.94,18.94,18.94,18.94,40
2026-08-30T10:09:00.000Z,2026-08-30T13:09:00,18.92,18.94,18.9,18.94,60050
2026-08-30T10:10:00.000Z,2026-08-30T13:10:00,18.94,18.94,18.94,18.94,93
2026-08-30T10:11:00.000Z,2026-08-30T13:11:00,18.95,18.95,18.94,18.94,8007
2026-08-30T10:12:00.000Z,2026-08-30T13:12:00,18.94,18.95,18.94,18.95,4210
2026-08-30T10:13:00.000Z,2026-08-30T13:13:00,18.94,18.96,18.94,18.96,1214
2026-08-30T10:14:00.000Z,2026-08-30T13:14:00,18.96,18.96,18.94,18.94,2911
2026-08-30T10:15:00.000Z,2026-08-30T13:15:00,18.94,18.94,18.94,18.94,13199
2026-08-30T10:16:00.000Z,2026-08-30T13:16:00,18.94,18.94,18.94,18.94,597
2026-08-30T10:17:00.000Z,2026-08-30T13:17:00,18.94,18.95,18.85,18.95,35658
2026-08-30T10:18:00.000Z,2026-08-30T13:18:00,18.94,18.96,18.94,18.96,26000
2026-08-30T10:19:00.000Z,2026-08-30T13:19:00,18.95,18.95,18.9,18.9,1061
2026-08-30T10:20:00.000Z,2026-08-30T13:20:00,18.91,18.93,18.91,18.91,1577
2026-08-30T10:21:00.000Z,2026-08-30T13:21:00,18.91,18.91,18.9,18.9,262
2026-08-30T10:22:00.000Z,2026-08-30T13:22:00,18.9,18.94,18.9,18.9,30676
2026-08-30T10:23:00.000Z,2026-08-30T13:23:00,18.94,18.94,18.94,18.94,5
2026-08-30T10:24:00.000Z,2026-08-30T13:24:00,18.94,18.97,18.9,18.97,1805
2026-08-30T10:26:00.000Z,2026-08-30T13:26:00,18.94,18.97,18.9,18.97,374
2026-08-30T10:27:00.000Z,2026-08-30T13:27:00,18.97,18.97,18.91,18.91,89
2026-08-30T10:28:00.000Z,2026-08-30T13:28:00,18.95,18.97,18.91,18.91,23515
2026-08-30T10:29:00.000Z,2026-08-30T13:29:00,18.92,18.97,18.91,18.97,5073
2026-08-30T10:30:00.000Z,2026-08-30T13:30:00,18.97,18.97,18.97,18.97,790
2026-08-30T10:31:00.000Z,2026-08-30T13:31:00,18.92,18.94,18.92,18.94,2251
2026-08-30T10:33:00.000Z,2026-08-30T13:33:00,18.94,18.94,18.91,18.91,20545
2026-08-30T10:34:00.000Z,2026-08-30T13:34:00,18.91,18.92,18.91,18.92,8010
2026-08-30T10:35:00.000Z,2026-08-30T13:35:00,18.91,18.91,18.91,18.91,251
2026-08-30T10:36:00.000Z,2026-08-30T13:36:00,18.91,18.92,18.91,18.92,164
2026-08-30T10:38:00.000Z,2026-08-30T13:38:00,18.91,18.92,18.9,18.92,30454
2026-08-30T10:39:00.000Z,2026-08-30T13:39:00,18.92,18.95,18.92,18.95,252
2026-08-30T10:40:00.000Z,2026-08-30T13:40:00,18.92,18.92,18.92,18.92,14135
2026-08-30T10:41:00.000Z,2026-08-30T13:41:00,18.92,18.92,18.9,18.9,15865
2026-08-30T10:42:00.000Z,2026-08-30T13:42:00,18.95,18.95,18.9,18.9,6173
2026-08-30T10:43:00.000Z,2026-08-30T13:43:00,18.9,18.9,18.9,18.9,1405
2026-08-30T10:44:00.000Z,2026-08-30T13:44:00,18.91,18.91,18.9,18.91,1072
2026-08-30T10:45:00.000Z,2026-08-30T13:45:00,18.94,18.94,18.94,18.94,38
2026-08-30T10:46:00.000Z,2026-08-30T13:46:00,18.91,18.91,18.91,18.91,5431
2026-08-30T10:47:00.000Z,2026-08-30T13:47:00,18.94,18.94,18.91,18.91,2538
2026-08-30T10:48:00.000Z,2026-08-30T13:48:00,18.92,18.92,18.92,18.92,25000
2026-08-30T10:49:00.000Z,2026-08-30T13:49:00,18.92,18.94,18.91,18.92,2330
2026-08-30T10:50:00.000Z,2026-08-30T13:50:00,18.94,18.95,18.94,18.95,16511
2026-08-30T10:51:00.000Z,2026-08-30T13:51:00,18.93,18.94,18.93,18.94,25021
2026-08-30T10:52:00.000Z,2026-08-30T13:52:00,18.91,18.91,18.9,18.9,10660
2026-08-30T10:53:00.000Z,2026-08-30T13:53:00,18.9,18.94,18.88,18.9,56487
2026-08-30T10:54:00.000Z,2026-08-30T13:54:00,18.9,18.9,18.9,18.9,22240
2026-08-30T10:55:00.000Z,2026-08-30T13:55:00,18.9,18.9,18.9,18.9,26
2026-08-30T10:56:00.000Z,2026-08-30T13:56:00,18.9,18.95,18.9,18.94,2332
2026-08-30T10:57:00.000Z,2026-08-30T13:57:00,18.94,18.94,18.9,18.9,268
2026-08-30T10:58:00.000Z,2026-08-30T13:58:00,18.91,18.91,18.9,18.9,31765
2026-08-30T10:59:00.000Z,2026-08-30T13:59:00,18.9,18.9,18.9,18.9,1193
2026-08-30T11:00:00.000Z,2026-08-30T14:00:00,18.93,18.95,18.9,18.9,50142
2026-08-30T11:01:00.000Z,2026-08-30T14:01:00,18.95,18.95,18.95,18.95,511
2026-08-30T11:02:00.000Z,2026-08-30T14:02:00,18.9,18.9,18.9,18.9,266
2026-08-30T11:03:00.000Z,2026-08-30T14:03:00,18.9,18.95,18.9,18.95,850
2026-08-30T11:04:00.000Z,2026-08-30T14:04:00,18.92,18.92,18.92,18.92,1504
2026-08-30T11:05:00.000Z,2026-08-30T14:05:00,18.93,18.93,18.93,18.93,5885
2026-08-30T11:06:00.000Z,2026-08-30T14:06:00,18.93,18.93,18.93,18.93,1713
2026-08-30T11:07:00.000Z,2026-08-30T14:07:00,18.93,18.93,18.93,18.93,49
2026-08-30T11:08:00.000Z,2026-08-30T14:08:00,18.92,18.95,18.9,18.95,38573
2026-08-30T11:09:00.000Z,2026-08-30T14:09:00,18.95,18.95,18.9,18.95,69611
2026-08-30T11:10:00.000Z,2026-08-30T14:10:00,18.95,18.96,18.95,18.95,34958
2026-08-30T11:11:00.000Z,2026-08-30T14:11:00,18.95,18.96,18.95,18.96,13647
2026-08-30T11:12:00.000Z,2026-08-30T14:12:00,18.95,18.96,18.95,18.95,1150
2026-08-30T11:13:00.000Z,2026-08-30T14:13:00,18.95,18.96,18.95,18.96,36273
2026-08-30T11:14:00.000Z,2026-08-30T14:14:00,18.97,19,18.97,19,61173
2026-08-30T11:15:00.000Z,2026-08-30T14:15:00,18.99,18.99,18.99,18.99,150
2026-08-30T11:25:00.000Z,2026-08-30T14:25:00,18.99,18.99,18.99,18.99,93069
2026-08-30T11:26:00.000Z,2026-08-30T14:26:00,18.99,18.99,18.99,18.99,6308
2026-08-30T11:27:00.000Z,2026-08-30T14:27:00,18.99,18.99,18.99,18.99,6762
2026-08-30T11:28:00.000Z,2026-08-30T14:28:00,18.99,18.99,18.99,18.99,2604
2026-08-30T11:29:00.000Z,2026-08-30T14:29:00,18.99,18.99,18.99,18.99,27508
2026-08-31T07:00:00.000Z,2026-08-31T10:00:00,18.98,18.98,18.89,18.89,17470
2026-08-31T07:01:00.000Z,2026-08-31T10:01:00,18.89,18.9,18.89,18.89,4576
2026-08-31T07:02:00.000Z,2026-08-31T10:02:00,18.9,18.9,18.9,18.9,27
2026-08-31T07:03:00.000Z,2026-08-31T10:03:00,18.9,18.9,18.86,18.86,19087
2026-08-31T07:04:00.000Z,2026-08-31T10:04:00,18.88,18.88,18.85,18.85,6897
2026-08-31T07:05:00.000Z,2026-08-31T10:05:00,18.86,18.86,18.85,18.85,18983
2026-08-31T07:06:00.000Z,2026-08-31T10:06:00,18.85,18.88,18.85,18.88,5875
2026-08-31T07:07:00.000Z,2026-08-31T10:07:00,18.86,18.88,18.81,18.86,17097
2026-08-31T07:08:00.000Z,2026-08-31T10:08:00,18.86,18.86,18.83,18.83,5213
2026-08-31T07:09:00.000Z,2026-08-31T10:09:00,18.83,18.83,18.81,18.81,13136
2026-08-31T07:10:00.000Z,2026-08-31T10:10:00,18.82,18.82,18.82,18.82,3423
2026-08-31T07:11:00.000Z,2026-08-31T10:11:00,18.82,18.82,18.81,18.81,8200
2026-08-31T07:12:00.000Z,2026-08-31T10:12:00,18.82,18.82,18.81,18.82,3485
2026-08-31T07:13:00.000Z,2026-08-31T10:13:00,18.81,18.82,18.81,18.82,5920
2026-08-31T07:14:00.000Z,2026-08-31T10:14:00,18.82,18.83,18.82,18.82,28138
2026-08-31T07:15:00.000Z,2026-08-31T10:15:00,18.82,18.82,18.81,18.81,3870
2026-08-31T07:16:00.000Z,2026-08-31T10:16:00,18.81,18.83,18.81,18.83,2220
2026-08-31T07:17:00.000Z,2026-08-31T10:17:00,18.83,18.83,18.82,18.82,934
2026-08-31T07:18:00.000Z,2026-08-31T10:18:00,18.83,18.83,18.82,18.83,2282
2026-08-31T07:19:00.000Z,2026-08-31T10:19:00,18.82,18.83,18.82,18.83,5381
2026-08-31T07:20:00.000Z,2026-08-31T10:20:00,18.83,18.85,18.83,18.85,36668
2026-08-31T07:21:00.000Z,2026-08-31T10:21:00,18.85,18.85,18.84,18.84,1595
2026-08-31T07:22:00.000Z,2026-08-31T10:22:00,18.84,18.86,18.84,18.86,8521
2026-08-31T07:23:00.000Z,2026-08-31T10:23:00,18.85,18.86,18.85,18.86,1955
2026-08-31T07:24:00.000Z,2026-08-31T10:24:00,18.86,18.86,18.86,18.86,433
2026-08-31T07:25:00.000Z,2026-08-31T10:25:00,18.88,18.93,18.88,18.9,8955
2026-08-31T07:26:00.000Z,2026-08-31T10:26:00,18.91,18.92,18.9,18.92,5196
2026-08-31T07:27:00.000Z,2026-08-31T10:27:00,18.91,18.91,18.9,18.91,5610
2026-08-31T07:28:00.000Z,2026-08-31T10:28:00,18.91,18.91,18.86,18.91,3659
2026-08-31T07:29:00.000Z,2026-08-31T10:29:00,18.91,18.91,18.91,18.91,500
2026-08-31T07:30:00.000Z,2026-08-31T10:30:00,18.91,18.94,18.9,18.9,23147
2026-08-31T07:31:00.000Z,2026-08-31T10:31:00,18.94,18.94,18.93,18.93,1043
2026-08-31T07:32:00.000Z,2026-08-31T10:32:00,18.93,18.94,18.93,18.94,5396
2026-08-31T07:33:00.000Z,2026-08-31T10:33:00,18.94,18.94,18.93,18.93,51
2026-08-31T07:34:00.000Z,2026-08-31T10:34:00,18.91,18.91,18.9,18.9,10573
2026-08-31T07:35:00.000Z,2026-08-31T10:35:00,18.9,18.91,18.9,18.91,2735
2026-08-31T07:36:00.000Z,2026-08-31T10:36:00,18.91,18.91,18.9,18.9,253
2026-08-31T07:37:00.000Z,2026-08-31T10:37:00,18.9,18.92,18.9,18.91,6776
2026-08-31T07:38:00.000Z,2026-08-31T10:38:00,18.92,18.92,18.91,18.92,790
2026-08-31T07:39:00.000Z,2026-08-31T10:39:00,18.91,18.92,18.87,18.9,24143
2026-08-31T07:40:00.000Z,2026-08-31T10:40:00,18.9,18.91,18.85,18.85,35270
2026-08-31T07:41:00.000Z,2026-08-31T10:41:00,18.9,18.9,18.9,18.9,3
2026-08-31T07:42:00.000Z,2026-08-31T10:42:00,18.85,18.85,18.85,18.85,224
2026-08-31T07:43:00.000Z,2026-08-31T10:43:00,18.85,18.88,18.85,18.88,2662
2026-08-31T07:44:00.000Z,2026-08-31T10:44:00,18.86,18.88,18.86,18.87,653
2026-08-31T07:45:00.000Z,2026-08-31T10:45:00,18.87,18.87,18.86,18.87,1806
2026-08-31T07:46:00.000Z,2026-08-31T10:46:00,18.86,18.91,18.86,18.91,33159
2026-08-31T07:47:00.000Z,2026-08-31T10:47:00,18.91,18.91,18.9,18.9,503
2026-08-31T07:48:00.000Z,2026-08-31T10:48:00,18.91,18.91,18.9,18.9,2616
2026-08-31T07:49:00.000Z,2026-08-31T10:49:00,18.9,18.91,18.9,18.9,1530
2026-08-31T07:50:00.000Z,2026-08-31T10:50:00,18.91,18.91,18.91,18.91,500
2026-08-31T07:51:00.000Z,2026-08-31T10:51:00,18.9,18.91,18.9,18.9,20922
2026-08-31T07:52:00.000Z,2026-08-31T10:52:00,18.88,18.9,18.88,18.9,533
2026-08-31T07:53:00.000Z,2026-08-31T10:53:00,18.88,18.88,18.87,18.87,2655
2026-08-31T07:54:00.000Z,2026-08-31T10:54:00,18.9,18.9,18.86,18.9,1989
2026-08-31T07:55:00.000Z,2026-08-31T10:55:00,18.9,18.9,18.86,18.9,6008
2026-08-31T07:56:00.000Z,2026-08-31T10:56:00,18.86,18.86,18.86,18.86,325
2026-08-31T07:57:00.000Z,2026-08-31T10:57:00,18.88,18.88,18.86,18.86,3360
2026-08-31T07:58:00.000Z,2026-08-31T10:58:00,18.86,18.88,18.86,18.88,1265
2026-08-31T07:59:00.000Z,2026-08-31T10:59:00,18.87,18.88,18.87,18.88,3603
2026-08-31T08:00:00.000Z,2026-08-31T11:00:00,18.87,18.87,18.87,18.87,71
2026-08-31T08:01:00.000Z,2026-08-31T11:01:00,18.88,18.88,18.88,18.88,1763
2026-08-31T08:02:00.000Z,2026-08-31T11:02:00,18.88,18.89,18.88,18.89,398
2026-08-31T08:03:00.000Z,2026-08-31T11:03:00,18.88,18.89,18.87,18.89,3722
2026-08-31T08:04:00.000Z,2026-08-31T11:04:00,18.87,18.88,18.87,18.88,2537
2026-08-31T08:05:00.000Z,2026-08-31T11:05:00,18.87,18.89,18.87,18.89,2877
2026-08-31T08:06:00.000Z,2026-08-31T11:06:00,18.88,18.9,18.88,18.9,41302
2026-08-31T08:07:00.000Z,2026-08-31T11:07:00,18.91,18.91,18.9,18.9,7858
2026-08-31T08:08:00.000Z,2026-08-31T11:08:00,18.9,18.9,18.9,18.9,9094
2026-08-31T08:09:00.000Z,2026-08-31T11:09:00,18.91,18.91,18.88,18.88,4123
2026-08-31T08:10:00.000Z,2026-08-31T11:10:00,18.88,18.91,18.88,18.88,1002
2026-08-31T08:11:00.000Z,2026-08-31T11:11:00,18.88,18.91,18.88,18.91,3037
2026-08-31T08:12:00.000Z,2026-08-31T11:12:00,18.91,18.91,18.9,18.91,898
2026-08-31T08:13:00.000Z,2026-08-31T11:13:00,18.91,18.91,18.9,18.9,1154
2026-08-31T08:14:00.000Z,2026-08-31T11:14:00,18.91,18.91,18.87,18.87,6627
2026-08-31T08:15:00.000Z,2026-08-31T11:15:00,18.87,18.87,18.86,18.86,2520
2026-08-31T08:16:00.000Z,2026-08-31T11:16:00,18.87,18.87,18.87,18.87,1028
2026-08-31T08:17:00.000Z,2026-08-31T11:17:00,18.87,18.87,18.87,18.87,1245
2026-08-31T08:18:00.000Z,2026-08-31T11:18:00,18.86,18.89,18.86,18.89,2739
2026-08-31T08:19:00.000Z,2026-08-31T11:19:00,18.89,18.89,18.89,18.89,277
2026-08-31T08:20:00.000Z,2026-08-31T11:20:00,18.89,18.91,18.89,18.91,7195
2026-08-31T08:21:00.000Z,2026-08-31T11:21:00,18.91,18.91,18.91,18.91,1233
2026-08-31T08:22:00.000Z,2026-08-31T11:22:00,18.91,18.91,18.9,18.9,67
2026-08-31T08:23:00.000Z,2026-08-31T11:23:00,18.9,18.91,18.9,18.9,1023
2026-08-31T08:24:00.000Z,2026-08-31T11:24:00,18.9,18.9,18.9,18.9,2000
2026-08-31T08:25:00.000Z,2026-08-31T11:25:00,18.91,18.91,18.9,18.9,749
2026-08-31T08:26:00.000Z,2026-08-31T11:26:00,18.9,18.91,18.9,18.91,425
2026-08-31T08:27:00.000Z,2026-08-31T11:27:00,18.91,18.91,18.9,18.9,2379
2026-08-31T08:28:00.000Z,2026-08-31T11:28:00,18.91,18.92,18.9,18.9,17485
2026-08-31T08:29:00.000Z,2026-08-31T11:29:00,18.87,18.9,18.87,18.9,406
2026-08-31T08:30:00.000Z,2026-08-31T11:30:00,18.87,18.9,18.86,18.9,2133
2026-08-31T08:31:00.000Z,2026-08-31T11:31:00,18.9,18.9,18.86,18.9,4034
2026-08-31T08:32:00.000Z,2026-08-31T11:32:00,18.91,18.91,18.87,18.91,1042
2026-08-31T08:34:00.000Z,2026-08-31T11:34:00,18.89,18.91,18.89,18.91,8161
2026-08-31T08:35:00.000Z,2026-08-31T11:35:00,18.91,18.91,18.87,18.87,3251
2026-08-31T08:36:00.000Z,2026-08-31T11:36:00,18.91,18.91,18.9,18.9,830
2026-08-31T08:37:00.000Z,2026-08-31T11:37:00,18.89,18.9,18.89,18.9,10415
2026-08-31T08:38:00.000Z,2026-08-31T11:38:00,18.87,18.91,18.87,18.91,3994
2026-08-31T08:39:00.000Z,2026-08-31T11:39:00,18.89,18.89,18.87,18.87,4300
2026-08-31T08:40:00.000Z,2026-08-31T11:40:00,18.9,18.9,18.87,18.87,2500
2026-08-31T08:41:00.000Z,2026-08-31T11:41:00,18.87,18.9,18.87,18.9,2069
2026-08-31T08:42:00.000Z,2026-08-31T11:42:00,18.9,18.9,18.9,18.9,69
2026-08-31T08:43:00.000Z,2026-08-31T11:43:00,18.87,18.9,18.87,18.9,8556
2026-08-31T08:44:00.000Z,2026-08-31T11:44:00,18.91,18.91,18.88,18.88,8385
2026-08-31T08:45:00.000Z,2026-08-31T11:45:00,18.89,18.9,18.89,18.9,7178
2026-08-31T08:46:00.000Z,2026-08-31T11:46:00,18.9,18.91,18.9,18.9,7673
2026-08-31T08:47:00.000Z,2026-08-31T11:47:00,18.9,18.9,18.9,18.9,108
2026-08-31T08:48:00.000Z,2026-08-31T11:48:00,18.89,18.89,18.89,18.89,1934
2026-08-31T08:49:00.000Z,2026-08-31T11:49:00,18.89,18.89,18.89,18.89,25
2026-08-31T08:50:00.000Z,2026-08-31T11:50:00,18.89,18.9,18.89,18.9,8523
2026-08-31T08:51:00.000Z,2026-08-31T11:51:00,18.89,18.89,18.89,18.89,1154
2026-08-31T08:52:00.000Z,2026-08-31T11:52:00,18.89,18.89,18.87,18.89,3009
2026-08-31T08:53:00.000Z,2026-08-31T11:53:00,18.89,18.89,18.89,18.89,44
2026-08-31T08:54:00.000Z,2026-08-31T11:54:00,18.87,18.89,18.87,18.87,743
2026-08-31T08:55:00.000Z,2026-08-31T11:55:00,18.87,18.88,18.87,18.88,1116
2026-08-31T08:56:00.000Z,2026-08-31T11:56:00,18.87,18.88,18.87,18.88,2073
2026-08-31T08:57:00.000Z,2026-08-31T11:57:00,18.87,18.88,18.87,18.88,1879
2026-08-31T08:58:00.000Z,2026-08-31T11:58:00,18.88,18.88,18.88,18.88,58
2026-08-31T08:59:00.000Z,2026-08-31T11:59:00,18.87,18.88,18.87,18.88,13141
2026-08-31T09:00:00.000Z,2026-08-31T12:00:00,18.88,18.88,18.87,18.87,4476
2026-08-31T09:01:00.000Z,2026-08-31T12:01:00,18.88,18.88,18.87,18.88,13552
2026-08-31T09:02:00.000Z,2026-08-31T12:02:00,18.87,18.87,18.85,18.87,57004
2026-08-31T09:03:00.000Z,2026-08-31T12:03:00,18.86,18.87,18.85,18.87,3096
2026-08-31T09:05:00.000Z,2026-08-31T12:05:00,18.86,18.86,18.86,18.86,2477
2026-08-31T09:06:00.000Z,2026-08-31T12:06:00,18.87,18.87,18.86,18.87,2304
2026-08-31T09:07:00.000Z,2026-08-31T12:07:00,18.87,18.87,18.86,18.87,6448
2026-08-31T09:08:00.000Z,2026-08-31T12:08:00,18.87,18.9,18.86,18.86,9239675
2026-08-31T09:09:00.000Z,2026-08-31T12:09:00,18.9,18.9,18.86,18.9,3232
2026-08-31T09:10:00.000Z,2026-08-31T12:10:00,18.9,18.9,18.9,18.9,11531
2026-08-31T09:11:00.000Z,2026-08-31T12:11:00,18.87,18.89,18.86,18.89,2600
2026-08-31T09:12:00.000Z,2026-08-31T12:12:00,18.89,18.9,18.89,18.9,6922
2026-08-31T09:13:00.000Z,2026-08-31T12:13:00,18.89,18.9,18.89,18.89,479
2026-08-31T09:14:00.000Z,2026-08-31T12:14:00,18.89,18.91,18.86,18.91,89451
2026-08-31T09:15:00.000Z,2026-08-31T12:15:00,18.92,18.92,18.91,18.92,4952
2026-08-31T09:16:00.000Z,2026-08-31T12:16:00,18.91,18.91,18.91,18.91,3546
2026-08-31T09:17:00.000Z,2026-08-31T12:17:00,18.91,18.92,18.91,18.92,5408
2026-08-31T09:18:00.000Z,2026-08-31T12:18:00,18.92,18.93,18.92,18.93,1203
2026-08-31T09:19:00.000Z,2026-08-31T12:19:00,18.93,18.93,18.92,18.92,3057
2026-08-31T09:20:00.000Z,2026-08-31T12:20:00,18.92,18.93,18.92,18.92,924
2026-08-31T09:21:00.000Z,2026-08-31T12:21:00,18.93,18.94,18.93,18.94,1095
2026-08-31T09:22:00.000Z,2026-08-31T12:22:00,18.94,19.01,18.94,19,90501
2026-08-31T09:23:00.000Z,2026-08-31T12:23:00,19.01,19.02,19,19.02,11596
2026-08-31T09:24:00.000Z,2026-08-31T12:24:00,19.02,19.07,19,19,92784
2026-08-31T09:25:00.000Z,2026-08-31T12:25:00,19,19.03,19,19.03,32451
2026-08-31T09:26:00.000Z,2026-08-31T12:26:00,19,19.01,19,19,18337
2026-08-31T09:27:00.000Z,2026-08-31T12:27:00,19,19.02,19,19.01,8674
2026-08-31T09:28:00.000Z,2026-08-31T12:28:00,19.01,19.01,19,19.01,27332
2026-08-31T09:29:00.000Z,2026-08-31T12:29:00,19,19.01,19,19,61876
2026-08-31T09:30:00.000Z,2026-08-31T12:30:00,19.02,19.02,19,19,7589
2026-08-31T09:31:00.000Z,2026-08-31T12:31:00,19,19.02,19,19.01,39708
2026-08-31T09:32:00.000Z,2026-08-31T12:32:00,19,19.03,19,19.03,21082
2026-08-31T09:33:00.000Z,2026-08-31T12:33:00,19.03,19.03,19,19,7150
2026-08-31T09:34:00.000Z,2026-08-31T12:34:00,19,19,19,19,3000
2026-08-31T09:35:00.000Z,2026-08-31T12:35:00,19,19.01,18.9,18.91,7988475
2026-08-31T09:36:00.000Z,2026-08-31T12:36:00,19.02,19.02,18.88,19,253799
2026-08-31T09:37:00.000Z,2026-08-31T12:37:00,19,19.03,19,19,45589
2026-08-31T09:38:00.000Z,2026-08-31T12:38:00,19.01,19.03,19,19,25039
2026-08-31T09:39:00.000Z,2026-08-31T12:39:00,19,19.01,18.95,19.01,22285
2026-08-31T09:40:00.000Z,2026-08-31T12:40:00,19.01,19.06,19.01,19.06,129832
2026-08-31T09:41:00.000Z,2026-08-31T12:41:00,19.06,19.1,19.06,19.1,173795
2026-08-31T09:42:00.000Z,2026-08-31T12:42:00,19.07,19.1,19.06,19.06,3693
2026-08-31T09:43:00.000Z,2026-08-31T12:43:00,19.07,19.1,19.07,19.09,12774
2026-08-31T09:44:00.000Z,2026-08-31T12:44:00,19.09,19.12,19.09,19.11,76827
2026-08-31T09:45:00.000Z,2026-08-31T12:45:00,19.11,19.14,19.11,19.14,63113
2026-08-31T09:46:00.000Z,2026-08-31T12:46:00,19.14,19.14,19.13,19.13,42029
2026-08-31T09:47:00.000Z,2026-08-31T12:47:00,19.13,19.13,19.11,19.11,69
2026-08-31T09:48:00.000Z,2026-08-31T12:48:00,19.11,19.11,19,19.11,3646509
2026-08-31T09:49:00.000Z,2026-08-31T12:49:00,19.1,19.1,19.07,19.07,24132
2026-08-31T09:50:00.000Z,2026-08-31T12:50:00,19.1,19.1,19.07,19.07,1122
2026-08-31T09:51:00.000Z,2026-08-31T12:51:00,19.07,19.07,19.06,19.06,4307
2026-08-31T09:52:00.000Z,2026-08-31T12:52:00,19.06,19.08,19.06,19.08,10095
2026-08-31T09:53:00.000Z,2026-08-31T12:53:00,19.08,19.09,19.08,19.09,7175
2026-08-31T09:54:00.000Z,2026-08-31T12:54:00,19.09,19.09,19.09,19.09,210
2026-08-31T09:55:00.000Z,2026-08-31T12:55:00,19.09,19.1,19.09,19.1,10078
2026-08-31T09:56:00.000Z,2026-08-31T12:56:00,19.07,19.11,19.07,19.11,19462
2026-08-31T09:57:00.000Z,2026-08-31T12:57:00,19.11,19.12,19.11,19.11,9115
2026-08-31T09:58:00.000Z,2026-08-31T12:58:00,19.1,19.11,19.1,19.1,12756
2026-08-31T09:59:00.000Z,2026-08-31T12:59:00,19.09,19.1,19.07,19.07,18661
2026-08-31T10:00:00.000Z,2026-08-31T13:00:00,19.07,19.07,19.05,19.07,31757
2026-08-31T10:01:00.000Z,2026-08-31T13:01:00,19.05,19.07,19.04,19.07,1345
2026-08-31T10:02:00.000Z,2026-08-31T13:02:00,19.07,19.08,19.04,19.04,2032
2026-08-31T10:03:00.000Z,2026-08-31T13:03:00,19.07,19.1,19.07,19.1,21717
2026-08-31T10:04:00.000Z,2026-08-31T13:04:00,19.05,19.09,19.05,19.05,1300
2026-08-31T10:05:00.000Z,2026-08-31T13:05:00,19.06,19.09,19.04,19.04,1989
2026-08-31T10:06:00.000Z,2026-08-31T13:06:00,19.04,19.04,19.04,19.04,3861
2026-08-31T10:07:00.000Z,2026-08-31T13:07:00,19.04,19.08,19.04,19.04,1157
2026-08-31T10:08:00.000Z,2026-08-31T13:08:00,19.04,19.07,19.04,19.07,1634
2026-08-31T10:09:00.000Z,2026-08-31T13:09:00,19.04,19.04,19.04,19.04,991
2026-08-31T10:10:00.000Z,2026-08-31T13:10:00,19.05,19.06,19.04,19.05,4120
2026-08-31T10:11:00.000Z,2026-08-31T13:11:00,19.04,19.04,19.04,19.04,1369
2026-08-31T10:12:00.000Z,2026-08-31T13:12:00,19.04,19.05,19.04,19.05,132
2026-08-31T10:13:00.000Z,2026-08-31T13:13:00,19.05,19.05,19.04,19.04,1057
2026-08-31T10:14:00.000Z,2026-08-31T13:14:00,19.05,19.05,19.04,19.04,4462
2026-08-31T10:15:00.000Z,2026-08-31T13:15:00,19.04,19.04,19,19,127704
2026-08-31T10:16:00.000Z,2026-08-31T13:16:00,18.99,19.01,18.99,19.01,226141
2026-08-31T10:17:00.000Z,2026-08-31T13:17:00,19.01,19.02,19,19.02,4765
2026-08-31T10:18:00.000Z,2026-08-31T13:18:00,19.01,19.01,19,19,15957
2026-08-31T10:19:00.000Z,2026-08-31T13:19:00,19.02,19.02,19,19,1162
2026-08-31T10:20:00.000Z,2026-08-31T13:20:00,19,19,18.97,18.97,16286
2026-08-31T10:21:00.000Z,2026-08-31T13:21:00,18.97,19.01,18.94,18.95,24903
2026-08-31T10:22:00.000Z,2026-08-31T13:22:00,18.95,19,18.95,19,22810
2026-08-31T10:23:00.000Z,2026-08-31T13:23:00,19,19.02,19,19,6742
2026-08-31T10:24:00.000Z,2026-08-31T13:24:00,19.01,19.02,19.01,19.02,31694
2026-08-31T10:25:00.000Z,2026-08-31T13:25:00,19.03,19.05,19.03,19.05,29738
2026-08-31T10:26:00.000Z,2026-08-31T13:26:00,19.07,19.07,19.07,19.07,6
2026-08-31T10:27:00.000Z,2026-08-31T13:27:00,19.05,19.09,19.01,19.02,106607
2026-08-31T10:28:00.000Z,2026-08-31T13:28:00,19.02,19.02,19.02,19.02,1
2026-08-31T10:29:00.000Z,2026-08-31T13:29:00,19.02,19.04,19.02,19.03,401447
2026-08-31T10:30:00.000Z,2026-08-31T13:30:00,19.03,19.03,19.02,19.02,1512
2026-08-31T10:31:00.000Z,2026-08-31T13:31:00,19.04,19.05,19.03,19.05,6842
2026-08-31T10:32:00.000Z,2026-08-31T13:32:00,19.05,19.05,19.03,19.05,5077
2026-08-31T10:33:00.000Z,2026-08-31T13:33:00,19.05,19.06,19.05,19.06,5399
2026-08-31T10:34:00.000Z,2026-08-31T13:34:00,19.06,19.08,19.06,19.08,4666
2026-08-31T10:35:00.000Z,2026-08-31T13:35:00,19.08,19.08,19.05,19.05,3817
2026-08-31T10:36:00.000Z,2026-08-31T13:36:00,19.05,19.09,19.05,19.08,3515
2026-08-31T10:37:00.000Z,2026-08-31T13:37:00,19.08,19.1,19.04,19.04,24640
2026-08-31T10:38:00.000Z,2026-08-31T13:38:00,19.05,19.09,19.05,19.09,4665
2026-08-31T10:39:00.000Z,2026-08-31T13:39:00,19.08,19.09,19.08,19.09,1402
2026-08-31T10:40:00.000Z,2026-08-31T13:40:00,19.08,19.08,19.08,19.08,1691
2026-08-31T10:41:00.000Z,2026-08-31T13:41:00,19.05,19.05,19.04,19.05,626
2026-08-31T10:42:00.000Z,2026-08-31T13:42:00,19.05,19.08,19.05,19.06,21277
2026-08-31T10:43:00.000Z,2026-08-31T13:43:00,19.06,19.06,19.06,19.06,8234
2026-08-31T10:44:00.000Z,2026-08-31T13:44:00,19.06,19.07,19.06,19.07,1524
2026-08-31T10:45:00.000Z,2026-08-31T13:45:00,19.06,19.06,19.06,19.06,2911
2026-08-31T10:46:00.000Z,2026-08-31T13:46:00,19.06,19.07,19,19,296007
2026-08-31T10:47:00.000Z,2026-08-31T13:47:00,19.06,19.06,19.01,19.06,979
2026-08-31T10:48:00.000Z,2026-08-31T13:48:00,19,19.04,19,19,5813
2026-08-31T10:49:00.000Z,2026-08-31T13:49:00,19,19.04,19,19,1088
2026-08-31T10:50:00.000Z,2026-08-31T13:50:00,19,19.01,19,19,26749
2026-08-31T10:51:00.000Z,2026-08-31T13:51:00,19,19.02,18.98,19.02,28855
2026-08-31T10:52:00.000Z,2026-08-31T13:52:00,18.99,19.02,18.99,19.02,1213
2026-08-31T10:53:00.000Z,2026-08-31T13:53:00,19,19.06,19,19.01,12626
2026-08-31T10:54:00.000Z,2026-08-31T13:54:00,19.01,19.08,18.98,18.98,28610
2026-08-31T10:55:00.000Z,2026-08-31T13:55:00,18.98,18.99,18.95,18.95,30552
2026-08-31T10:56:00.000Z,2026-08-31T13:56:00,18.98,19,18.94,18.94,30934
2026-08-31T10:57:00.000Z,2026-08-31T13:57:00,18.95,18.95,18.9,18.9,176727
2026-08-31T10:58:00.000Z,2026-08-31T13:58:00,18.95,19,18.9,19,41979
2026-08-31T10:59:00.000Z,2026-08-31T13:59:00,18.91,19,18.9,18.9,20578
2026-08-31T11:00:00.000Z,2026-08-31T14:00:00,18.9,19,18.9,19,10101
2026-08-31T11:01:00.000Z,2026-08-31T14:01:00,18.92,18.99,18.9,18.97,22246
2026-08-31T11:02:00.000Z,2026-08-31T14:02:00,18.93,18.97,18.93,18.93,4995
2026-08-31T11:03:00.000Z,2026-08-31T14:03:00,18.92,18.92,18.92,18.92,3000
2026-08-31T11:04:00.000Z,2026-08-31T14:04:00,18.95,18.97,18.95,18.97,8304
2026-08-31T11:05:00.000Z,2026-08-31T14:05:00,18.97,18.97,18.97,18.97,4550
2026-08-31T11:06:00.000Z,2026-08-31T14:06:00,18.97,18.97,18.97,18.97,790
2026-08-31T11:07:00.000Z,2026-08-31T14:07:00,18.95,18.98,18.93,18.98,10432
2026-08-31T11:08:00.000Z,2026-08-31T14:08:00,18.98,18.98,18.92,18.96,1656
2026-08-31T11:09:00.000Z,2026-08-31T14:09:00,18.92,19.05,18.92,19.05,62542
2026-08-31T11:10:00.000Z,2026-08-31T14:10:00,19.03,19.05,18.93,19.05,57622
2026-08-31T11:11:00.000Z,2026-08-31T14:11:00,19.05,19.05,18.93,19,1900
2026-08-31T11:12:00.000Z,2026-08-31T14:12:00,19.04,19.07,19.04,19.07,60137
2026-08-31T11:13:00.000Z,2026-08-31T14:13:00,19,19.07,18.9,19.05,387953
2026-08-31T11:14:00.000Z,2026-08-31T14:14:00,18.92,18.92,18.92,18.92,1457
2026-08-31T11:25:00.000Z,2026-08-31T14:25:00,18.85,18.85,18.85,18.85,484030
2026-09-01T07:00:00.000Z,2026-09-01T10:00:00,19,19,18.99,19,8565
2026-09-01T07:01:00.000Z,2026-09-01T10:01:00,19,19,18.95,19,2337
2026-09-01T07:02:00.000Z,2026-09-01T10:02:00,18.99,18.99,18.95,18.99,2501
2026-09-01T07:03:00.000Z,2026-09-01T10:03:00,18.99,18.99,18.98,18.99,3560
2026-09-01T07:04:00.000Z,2026-09-01T10:04:00,18.99,19,18.94,19,17213
2026-09-01T07:05:00.000Z,2026-09-01T10:05:00,19,19,18.94,18.97,2083
2026-09-01T07:06:00.000Z,2026-09-01T10:06:00,18.97,18.97,18.96,18.96,3815
2026-09-01T07:07:00.000Z,2026-09-01T10:07:00,18.97,19,18.96,19,3870
2026-09-01T07:08:00.000Z,2026-09-01T10:08:00,19,19,18.96,18.99,941
2026-09-01T07:09:00.000Z,2026-09-01T10:09:00,18.99,19,18.99,18.99,5366
2026-09-01T07:10:00.000Z,2026-09-01T10:10:00,18.99,18.99,18.96,18.99,13801
2026-09-01T07:11:00.000Z,2026-09-01T10:11:00,18.99,18.99,18.99,18.99,2259
2026-09-01T07:12:00.000Z,2026-09-01T10:12:00,18.99,18.99,18.96,18.96,6414
2026-09-01T07:13:00.000Z,2026-09-01T10:13:00,18.96,18.99,18.96,18.99,15676
2026-09-01T07:14:00.000Z,2026-09-01T10:14:00,18.99,18.99,18.98,18.99,3282
2026-09-01T07:15:00.000Z,2026-09-01T10:15:00,18.99,19.01,18.99,19.01,94419
2026-09-01T07:16:00.000Z,2026-09-01T10:16:00,19.01,19.05,19,19,12494
2026-09-01T07:17:00.000Z,2026-09-01T10:17:00,19.05,19.05,19.05,19.05,702
2026-09-01T07:18:00.000Z,2026-09-01T10:18:00,19.05,19.05,19,19.05,4197
2026-09-01T07:19:00.000Z,2026-09-01T10:19:00,19,19.05,19,19,14921
2026-09-01T07:20:00.000Z,2026-09-01T10:20:00,19,19,18.99,18.99,1998
2026-09-01T07:21:00.000Z,2026-09-01T10:21:00,18.99,18.99,18.93,18.98,20429
2026-09-01T07:22:00.000Z,2026-09-01T10:22:00,18.98,18.98,18.91,18.98,5597
2026-09-01T07:23:00.000Z,2026-09-01T10:23:00,18.98,18.98,18.91,18.91,1955
2026-09-01T07:24:00.000Z,2026-09-01T10:24:00,18.91,18.98,18.91,18.98,7952
2026-09-01T07:25:00.000Z,2026-09-01T10:25:00,18.98,19,18.98,18.99,3477
2026-09-01T07:26:00.000Z,2026-09-01T10:26:00,19,19,18.95,18.95,2506
2026-09-01T07:27:00.000Z,2026-09-01T10:27:00,18.95,19,18.91,18.91,30130
2026-09-01T07:28:00.000Z,2026-09-01T10:28:00,19,19,18.91,19,1327
2026-09-01T07:29:00.000Z,2026-09-01T10:29:00,19,19,18.95,19,514
2026-09-01T07:30:00.000Z,2026-09-01T10:30:00,18.99,18.99,18.91,18.99,1659
2026-09-01T07:31:00.000Z,2026-09-01T10:31:00,18.98,18.98,18.87,18.94,41379
2026-09-01T07:32:00.000Z,2026-09-01T10:32:00,18.94,18.94,18.94,18.94,386
2026-09-01T07:33:00.000Z,2026-09-01T10:33:00,18.93,18.94,18.91,18.94,4718
2026-09-01T07:34:00.000Z,2026-09-01T10:34:00,18.93,19.05,18.91,19.05,37659
2026-09-01T07:35:00.000Z,2026-09-01T10:35:00,19.01,19.05,19.01,19.05,11985
2026-09-01T07:36:00.000Z,2026-09-01T10:36:00,19.02,19.05,19.02,19.05,8625
2026-09-01T07:37:00.000Z,2026-09-01T10:37:00,19.05,19.05,19.05,19.05,656
2026-09-01T07:38:00.000Z,2026-09-01T10:38:00,19.05,19.09,19.03,19.06,14106
2026-09-01T07:39:00.000Z,2026-09-01T10:39:00,19.08,19.09,19.08,19.08,725
2026-09-01T07:40:00.000Z,2026-09-01T10:40:00,19.09,19.1,19.09,19.1,14791
2026-09-01T07:41:00.000Z,2026-09-01T10:41:00,19.08,19.1,19.08,19.1,16440
2026-09-01T07:42:00.000Z,2026-09-01T10:42:00,19.09,19.09,19.08,19.09,11004
2026-09-01T07:43:00.000Z,2026-09-01T10:43:00,19.09,19.09,19.06,19.06,5346
2026-09-01T07:44:00.000Z,2026-09-01T10:44:00,19.08,19.08,19.06,19.08,7369
2026-09-01T07:45:00.000Z,2026-09-01T10:45:00,19.06,19.09,19.02,19.09,233083
2026-09-01T07:46:00.000Z,2026-09-01T10:46:00,19.09,19.1,19.03,19.09,40338
2026-09-01T07:47:00.000Z,2026-09-01T10:47:00,19.08,19.08,19.03,19.07,257779
2026-09-01T07:48:00.000Z,2026-09-01T10:48:00,19.08,19.11,19.08,19.1,33577
2026-09-01T07:49:00.000Z,2026-09-01T10:49:00,19.11,19.13,19.1,19.13,147824
2026-09-01T07:50:00.000Z,2026-09-01T10:50:00,19.13,19.15,19.13,19.15,45431
2026-09-01T07:51:00.000Z,2026-09-01T10:51:00,19.13,19.15,19.13,19.15,24289
2026-09-01T07:52:00.000Z,2026-09-01T10:52:00,19.15,19.15,19.13,19.13,551
2026-09-01T07:53:00.000Z,2026-09-01T10:53:00,19.13,19.14,19.13,19.14,8201
2026-09-01T07:54:00.000Z,2026-09-01T10:54:00,19.14,19.14,19.13,19.14,212
2026-09-01T07:55:00.000Z,2026-09-01T10:55:00,19.13,19.13,19.13,19.13,25655
2026-09-01T07:56:00.000Z,2026-09-01T10:56:00,19.13,19.13,19.1,19.13,343
2026-09-01T07:57:00.000Z,2026-09-01T10:57:00,19.1,19.12,19.1,19.1,6704
2026-09-01T07:58:00.000Z,2026-09-01T10:58:00,19.1,19.12,19.1,19.1,52341
2026-09-01T07:59:00.000Z,2026-09-01T10:59:00,19.11,19.11,19.1,19.1,10864
2026-09-01T08:00:00.000Z,2026-09-01T11:00:00,19.1,19.1,19.1,19.1,2329
2026-09-01T08:01:00.000Z,2026-09-01T11:01:00,19.1,19.12,19.1,19.12,12788
2026-09-01T08:02:00.000Z,2026-09-01T11:02:00,19.12,19.12,19.11,19.11,10282
2026-09-01T08:03:00.000Z,2026-09-01T11:03:00,19.12,19.12,19.11,19.11,10425
2026-09-01T08:04:00.000Z,2026-09-01T11:04:00,19.11,19.11,19.1,19.11,12336
2026-09-01T08:05:00.000Z,2026-09-01T11:05:00,19.11,19.12,19.11,19.11,10693
2026-09-01T08:06:00.000Z,2026-09-01T11:06:00,19.11,19.11,19.11,19.11,150
2026-09-01T08:07:00.000Z,2026-09-01T11:07:00,19.12,19.16,19.11,19.16,154556
2026-09-01T08:08:00.000Z,2026-09-01T11:08:00,19.11,19.15,19.1,19.1,10578
2026-09-01T08:09:00.000Z,2026-09-01T11:09:00,19.15,19.15,19.1,19.15,6128
2026-09-01T08:10:00.000Z,2026-09-01T11:10:00,19.1,19.11,19.1,19.11,2408
2026-09-01T08:11:00.000Z,2026-09-01T11:11:00,19.11,19.15,19.11,19.15,958
2026-09-01T08:12:00.000Z,2026-09-01T11:12:00,19.11,19.12,19.11,19.11,6334
2026-09-01T08:13:00.000Z,2026-09-01T11:13:00,19.11,19.11,19.11,19.11,2418
2026-09-01T08:14:00.000Z,2026-09-01T11:14:00,19.14,19.14,19.11,19.11,11170
2026-09-01T08:15:00.000Z,2026-09-01T11:15:00,19.11,19.13,19.11,19.11,15307
2026-09-01T08:16:00.000Z,2026-09-01T11:16:00,19.11,19.11,19.1,19.1,26299
2026-09-01T08:17:00.000Z,2026-09-01T11:17:00,19.11,19.12,19.05,19.11,41437
2026-09-01T08:18:00.000Z,2026-09-01T11:18:00,19.06,19.1,19.06,19.06,68
2026-09-01T08:19:00.000Z,2026-09-01T11:19:00,19.06,19.1,19.06,19.07,509
2026-09-01T08:20:00.000Z,2026-09-01T11:20:00,19.07,19.07,19.07,19.07,1041
2026-09-01T08:21:00.000Z,2026-09-01T11:21:00,19.07,19.1,19.07,19.1,5595
2026-09-01T08:22:00.000Z,2026-09-01T11:22:00,19.09,19.1,19.06,19.1,19709
2026-09-01T08:23:00.000Z,2026-09-01T11:23:00,19.1,19.12,19.1,19.1,12151
2026-09-01T08:24:00.000Z,2026-09-01T11:24:00,19.12,19.12,19.1,19.12,16965
2026-09-01T08:25:00.000Z,2026-09-01T11:25:00,19.12,19.12,19.1,19.12,1531
2026-09-01T08:26:00.000Z,2026-09-01T11:26:00,19.12,19.12,19.09,19.12,159997
2026-09-01T08:27:00.000Z,2026-09-01T11:27:00,19.12,19.12,19.1,19.12,1851
2026-09-01T08:28:00.000Z,2026-09-01T11:28:00,19.12,19.12,19.1,19.1,14912
2026-09-01T08:29:00.000Z,2026-09-01T11:29:00,19.11,19.12,19.1,19.12,15571
2026-09-01T08:30:00.000Z,2026-09-01T11:30:00,19.12,19.12,19.1,19.11,2402
2026-09-01T08:31:00.000Z,2026-09-01T11:31:00,19.1,19.11,19.1,19.11,6892
2026-09-01T08:32:00.000Z,2026-09-01T11:32:00,19.1,19.11,19.1,19.1,22039
2026-09-01T08:33:00.000Z,2026-09-01T11:33:00,19.1,19.12,19.1,19.12,4117
2026-09-01T08:34:00.000Z,2026-09-01T11:34:00,19.1,19.12,19.1,19.1,16656
2026-09-01T08:35:00.000Z,2026-09-01T11:35:00,19.12,19.12,19.1,19.1,130
2026-09-01T08:36:00.000Z,2026-09-01T11:36:00,19.1,19.1,19.1,19.1,1565
2026-09-01T08:37:00.000Z,2026-09-01T11:37:00,19.12,19.12,19.12,19.12,334
2026-09-01T08:38:00.000Z,2026-09-01T11:38:00,19.12,19.12,19.1,19.12,2658
2026-09-01T08:39:00.000Z,2026-09-01T11:39:00,19.1,19.12,19.1,19.12,9827
2026-09-01T08:40:00.000Z,2026-09-01T11:40:00,19.12,19.12,19.1,19.1,14168
2026-09-01T08:41:00.000Z,2026-09-01T11:41:00,19.1,19.12,19.1,19.12,1391
2026-09-01T08:42:00.000Z,2026-09-01T11:42:00,19.12,19.13,19.12,19.13,5360
2026-09-01T08:43:00.000Z,2026-09-01T11:43:00,19.12,19.12,19.1,19.1,4165
2026-09-01T08:44:00.000Z,2026-09-01T11:44:00,19.1,19.12,19.1,19.12,800
2026-09-01T08:45:00.000Z,2026-09-01T11:45:00,19.1,19.15,19.1,19.15,31604
2026-09-01T08:46:00.000Z,2026-09-01T11:46:00,19.15,19.15,19.1,19.1,11878
2026-09-01T08:47:00.000Z,2026-09-01T11:47:00,19.09,19.1,19.06,19.07,15756
2026-09-01T08:48:00.000Z,2026-09-01T11:48:00,19.1,19.1,19.09,19.1,24813
2026-09-01T08:49:00.000Z,2026-09-01T11:49:00,19.1,19.1,19.07,19.07,8054
2026-09-01T08:50:00.000Z,2026-09-01T11:50:00,19.08,19.09,19.08,19.09,2859
2026-09-01T08:51:00.000Z,2026-09-01T11:51:00,19.1,19.1,19.09,19.1,2736
2026-09-01T08:52:00.000Z,2026-09-01T11:52:00,19.09,19.09,19.09,19.09,5207
2026-09-01T08:53:00.000Z,2026-09-01T11:53:00,19.08,19.09,19.07,19.08,212503
2026-09-01T08:54:00.000Z,2026-09-01T11:54:00,19.08,19.08,19.07,19.07,2886
2026-09-01T08:55:00.000Z,2026-09-01T11:55:00,19.07,19.08,19.07,19.08,2819
2026-09-01T08:56:00.000Z,2026-09-01T11:56:00,19.08,19.08,19.08,19.08,4658
2026-09-01T08:57:00.000Z,2026-09-01T11:57:00,19.09,19.09,19.08,19.08,2948
2026-09-01T08:58:00.000Z,2026-09-01T11:58:00,19.08,19.09,19.08,19.09,162970
2026-09-01T08:59:00.000Z,2026-09-01T11:59:00,19.1,19.1,19.09,19.09,264
2026-09-01T09:00:00.000Z,2026-09-01T12:00:00,19.09,19.09,19.09,19.09,7952
2026-09-01T09:01:00.000Z,2026-09-01T12:01:00,19.09,19.1,19.09,19.09,5985
2026-09-01T09:02:00.000Z,2026-09-01T12:02:00,19.1,19.1,19.1,19.1,45
2026-09-01T09:03:00.000Z,2026-09-01T12:03:00,19.1,19.1,19.09,19.09,11
2026-09-01T09:04:00.000Z,2026-09-01T12:04:00,19.1,19.1,19.09,19.09,3965
2026-09-01T09:05:00.000Z,2026-09-01T12:05:00,19.1,19.1,19.09,19.09,1502
2026-09-01T09:06:00.000Z,2026-09-01T12:06:00,19.09,19.1,19.02,19.1,13477
2026-09-01T09:07:00.000Z,2026-09-01T12:07:00,19.09,19.1,19.09,19.09,2826
2026-09-01T09:08:00.000Z,2026-09-01T12:08:00,19.07,19.09,19.02,19.08,16517
2026-09-01T09:09:00.000Z,2026-09-01T12:09:00,19.05,19.05,19.05,19.05,2391
2026-09-01T09:10:00.000Z,2026-09-01T12:10:00,19.03,19.03,19.02,19.02,9410
2026-09-01T09:11:00.000Z,2026-09-01T12:11:00,19.04,19.04,19.02,19.02,62
2026-09-01T09:12:00.000Z,2026-09-01T12:12:00,19.04,19.04,19.02,19.02,27890
2026-09-01T09:13:00.000Z,2026-09-01T12:13:00,19.04,19.04,19.02,19.02,75
2026-09-01T09:14:00.000Z,2026-09-01T12:14:00,19.03,19.03,19.02,19.02,5904
2026-09-01T09:15:00.000Z,2026-09-01T12:15:00,19.02,19.03,19.02,19.03,1454
2026-09-01T09:16:00.000Z,2026-09-01T12:16:00,19.02,19.02,19.01,19.01,33153
2026-09-01T09:17:00.000Z,2026-09-01T12:17:00,19.01,19.02,19.01,19.02,8154
2026-09-01T09:18:00.000Z,2026-09-01T12:18:00,19.02,19.02,19.02,19.02,172
2026-09-01T09:19:00.000Z,2026-09-01T12:19:00,19.03,19.03,19.03,19.03,671
2026-09-01T09:20:00.000Z,2026-09-01T12:20:00,19.03,19.04,19.03,19.04,1355
2026-09-01T09:21:00.000Z,2026-09-01T12:21:00,19.04,19.04,19.04,19.04,2774
2026-09-01T09:22:00.000Z,2026-09-01T12:22:00,19.04,19.04,19.02,19.02,104754
2026-09-01T09:23:00.000Z,2026-09-01T12:23:00,19.03,19.03,19.02,19.03,224
2026-09-01T09:24:00.000Z,2026-09-01T12:24:00,19.03,19.03,19.02,19.02,111
2026-09-01T09:25:00.000Z,2026-09-01T12:25:00,19.02,19.02,19.02,19.02,3962
2026-09-01T09:26:00.000Z,2026-09-01T12:26:00,19.02,19.02,19.02,19.02,855
2026-09-01T09:27:00.000Z,2026-09-01T12:27:00,19.03,19.03,19.03,19.03,205
2026-09-01T09:28:00.000Z,2026-09-01T12:28:00,19.03,19.03,19.03,19.03,866
2026-09-01T09:29:00.000Z,2026-09-01T12:29:00,19.03,19.03,19.03,19.03,500
2026-09-01T09:30:00.000Z,2026-09-01T12:30:00,19.02,19.03,19.01,19.01,6806
2026-09-01T09:31:00.000Z,2026-09-01T12:31:00,19.01,19.02,18.99,19,224689
2026-09-01T09:32:00.000Z,2026-09-01T12:32:00,18.99,19,18.97,18.99,627
2026-09-01T09:33:00.000Z,2026-09-01T12:33:00,18.99,18.99,18.97,18.98,33
2026-09-01T09:34:00.000Z,2026-09-01T12:34:00,18.97,18.97,18.96,18.96,3991
2026-09-01T09:35:00.000Z,2026-09-01T12:35:00,18.97,18.97,18.97,18.97,535
2026-09-01T09:36:00.000Z,2026-09-01T12:36:00,18.97,18.97,18.97,18.97,1717
2026-09-01T09:37:00.000Z,2026-09-01T12:37:00,18.96,18.96,18.93,18.95,29947
2026-09-01T09:38:00.000Z,2026-09-01T12:38:00,18.95,18.97,18.95,18.97,10392
2026-09-01T09:39:00.000Z,2026-09-01T12:39:00,18.97,18.98,18.97,18.98,11879
2026-09-01T09:40:00.000Z,2026-09-01T12:40:00,18.97,18.98,18.97,18.98,3066
2026-09-01T09:41:00.000Z,2026-09-01T12:41:00,18.98,19,18.98,19,15075
2026-09-01T09:42:00.000Z,2026-09-01T12:42:00,18.98,19.01,18.97,19,80553
2026-09-01T09:43:00.000Z,2026-09-01T12:43:00,19,19.01,19,19.01,11092
2026-09-01T09:44:00.000Z,2026-09-01T12:44:00,19.01,19.01,19,19,1369
2026-09-01T09:45:00.000Z,2026-09-01T12:45:00,19.01,19.01,19,19,2038
2026-09-01T09:46:00.000Z,2026-09-01T12:46:00,19.01,19.01,19.01,19.01,40112
2026-09-01T09:47:00.000Z,2026-09-01T12:47:00,19.02,19.02,19.02,19.02,52813
2026-09-01T09:48:00.000Z,2026-09-01T12:48:00,19.01,19.02,19.01,19.01,3478
2026-09-01T09:49:00.000Z,2026-09-01T12:49:00,19.02,19.02,19.02,19.02,667
2026-09-01T09:50:00.000Z,2026-09-01T12:50:00,19.02,19.02,19.01,19.01,3669
2026-09-01T09:51:00.000Z,2026-09-01T12:51:00,19.01,19.02,19,19,3890
2026-09-01T09:52:00.000Z,2026-09-01T12:52:00,19.01,19.01,19,19.01,1148
2026-09-01T09:53:00.000Z,2026-09-01T12:53:00,19.01,19.02,19.01,19.02,11389
2026-09-01T09:54:00.000Z,2026-09-01T12:54:00,19.02,19.1,19.01,19.1,368504
2026-09-01T09:55:00.000Z,2026-09-01T12:55:00,19.11,19.11,19.1,19.1,10162
2026-09-01T09:56:00.000Z,2026-09-01T12:56:00,19.11,19.11,19.09,19.1,12517
2026-09-01T09:57:00.000Z,2026-09-01T12:57:00,19.11,19.12,19.11,19.12,2790
2026-09-01T09:58:00.000Z,2026-09-01T12:58:00,19.12,19.12,19.1,19.1,11285
2026-09-01T09:59:00.000Z,2026-09-01T12:59:00,19.1,19.1,19.1,19.1,7030
2026-09-01T10:00:00.000Z,2026-09-01T13:00:00,19.1,19.12,19.1,19.11,7792
2026-09-01T10:01:00.000Z,2026-09-01T13:01:00,19.11,19.11,19.1,19.1,36364
2026-09-01T10:02:00.000Z,2026-09-01T13:02:00,19.1,19.11,19.1,19.11,1511
2026-09-01T10:03:00.000Z,2026-09-01T13:03:00,19.11,19.11,19.1,19.1,455
2026-09-01T10:04:00.000Z,2026-09-01T13:04:00,19.11,19.11,19.1,19.1,36948
2026-09-01T10:05:00.000Z,2026-09-01T13:05:00,19.1,19.1,19.1,19.1,29170
2026-09-01T10:06:00.000Z,2026-09-01T13:06:00,19.11,19.11,19.1,19.1,1387
2026-09-01T10:07:00.000Z,2026-09-01T13:07:00,19.11,19.14,19.11,19.13,40062
2026-09-01T10:08:00.000Z,2026-09-01T13:08:00,19.12,19.12,19.1,19.1,7661
2026-09-01T10:09:00.000Z,2026-09-01T13:09:00,19.1,19.11,19.1,19.1,3449
2026-09-01T10:10:00.000Z,2026-09-01T13:10:00,19.1,19.11,19.1,19.11,16186
2026-09-01T10:11:00.000Z,2026-09-01T13:11:00,19.1,19.1,19.03,19.1,43530
2026-09-01T10:12:00.000Z,2026-09-01T13:12:00,19.11,19.11,19.1,19.11,792
2026-09-01T10:13:00.000Z,2026-09-01T13:13:00,19.1,19.11,19.03,19.11,6094
2026-09-01T10:14:00.000Z,2026-09-01T13:14:00,19.11,19.11,19.1,19.1,2216
2026-09-01T10:15:00.000Z,2026-09-01T13:15:00,19.1,19.1,19.04,19.05,14750
2026-09-01T10:16:00.000Z,2026-09-01T13:16:00,19.09,19.09,19.05,19.09,1769
2026-09-01T10:17:00.000Z,2026-09-01T13:17:00,19.09,19.1,19.05,19.1,107912
2026-09-01T10:18:00.000Z,2026-09-01T13:18:00,19.09,19.1,19.06,19.09,17969
2026-09-01T10:19:00.000Z,2026-09-01T13:19:00,19.09,19.09,19.08,19.09,3536
2026-09-01T10:20:00.000Z,2026-09-01T13:20:00,19.09,19.09,19.07,19.07,3619
2026-09-01T10:21:00.000Z,2026-09-01T13:21:00,19.06,19.06,19.05,19.05,18595
2026-09-01T10:22:00.000Z,2026-09-01T13:22:00,19.06,19.06,19.05,19.06,1057
2026-09-01T10:23:00.000Z,2026-09-01T13:23:00,19.05,19.06,19.05,19.06,3671
2026-09-01T10:24:00.000Z,2026-09-01T13:24:00,19.06,19.06,19.02,19.02,50217
2026-09-01T10:25:00.000Z,2026-09-01T13:25:00,19.02,19.03,19.02,19.03,6487
2026-09-01T10:26:00.000Z,2026-09-01T13:26:00,19.03,19.03,19.03,19.03,5063
2026-09-01T10:27:00.000Z,2026-09-01T13:27:00,19.03,19.03,19.03,19.03,6245
2026-09-01T10:28:00.000Z,2026-09-01T13:28:00,19.03,19.04,19.03,19.04,1755
2026-09-01T10:29:00.000Z,2026-09-01T13:29:00,19.04,19.04,19.04,19.04,77
2026-09-01T10:30:00.000Z,2026-09-01T13:30:00,19.04,19.04,19.03,19.03,9489
2026-09-01T10:31:00.000Z,2026-09-01T13:31:00,19.02,19.03,19,19.01,109643
2026-09-01T10:32:00.000Z,2026-09-01T13:32:00,19.02,19.03,19.01,19.03,13585
2026-09-01T10:33:00.000Z,2026-09-01T13:33:00,19.04,19.05,19.04,19.04,14365
2026-09-01T10:34:00.000Z,2026-09-01T13:34:00,19.04,19.04,19.04,19.04,1031
2026-09-01T10:35:00.000Z,2026-09-01T13:35:00,19.04,19.04,19.02,19.04,823
2026-09-01T10:36:00.000Z,2026-09-01T13:36:00,19.03,19.03,19.03,19.03,3528
2026-09-01T10:37:00.000Z,2026-09-01T13:37:00,19.03,19.1,19.02,19.1,44975
2026-09-01T10:38:00.000Z,2026-09-01T13:38:00,19.1,19.1,19.09,19.09,5600
2026-09-01T10:39:00.000Z,2026-09-01T13:39:00,19.09,19.09,19.09,19.09,5
2026-09-01T10:40:00.000Z,2026-09-01T13:40:00,19.05,19.08,19.05,19.08,231
2026-09-01T10:41:00.000Z,2026-09-01T13:41:00,19.07,19.09,19.07,19.09,16519
2026-09-01T10:42:00.000Z,2026-09-01T13:42:00,19.07,19.09,19.03,19.06,5334
2026-09-01T10:43:00.000Z,2026-09-01T13:43:00,19.06,19.1,19.06,19.1,23834
2026-09-01T10:44:00.000Z,2026-09-01T13:44:00,19.09,19.09,19.03,19.06,1463
2026-09-01T10:45:00.000Z,2026-09-01T13:45:00,19.04,19.06,19.03,19.03,7462
2026-09-01T10:46:00.000Z,2026-09-01T13:46:00,19.04,19.04,19.03,19.04,2977
2026-09-01T10:47:00.000Z,2026-09-01T13:47:00,19.04,19.04,19.04,19.04,5075
2026-09-01T10:48:00.000Z,2026-09-01T13:48:00,19.03,19.04,19.03,19.03,130000
2026-09-01T10:49:00.000Z,2026-09-01T13:49:00,19.04,19.04,19.04,19.04,10278
2026-09-01T10:50:00.000Z,2026-09-01T13:50:00,19.04,19.04,19.03,19.04,2372
2026-09-01T10:51:00.000Z,2026-09-01T13:51:00,19.03,19.04,19.02,19.02,1414
2026-09-01T10:52:00.000Z,2026-09-01T13:52:00,19.03,19.03,19.02,19.03,379
2026-09-01T10:53:00.000Z,2026-09-01T13:53:00,19.02,19.03,19.02,19.02,23529
2026-09-01T10:54:00.000Z,2026-09-01T13:54:00,19.03,19.04,19.02,19.02,6937
2026-09-01T10:55:00.000Z,2026-09-01T13:55:00,19.02,19.03,19.02,19.02,3775
2026-09-01T10:56:00.000Z,2026-09-01T13:56:00,19.02,19.03,19.02,19.02,3559
2026-09-01T10:57:00.000Z,2026-09-01T13:57:00,19.02,19.03,19.02,19.02,8045
2026-09-01T10:58:00.000Z,2026-09-01T13:58:00,19.03,19.03,19.02,19.03,819
2026-09-01T10:59:00.000Z,2026-09-01T13:59:00,19.03,19.03,19.03,19.03,347
2026-09-01T11:00:00.000Z,2026-09-01T14:00:00,19.03,19.03,19.02,19.02,3452
2026-09-01T11:01:00.000Z,2026-09-01T14:01:00,19.02,19.02,19.02,19.02,117
2026-09-01T11:02:00.000Z,2026-09-01T14:02:00,19.03,19.03,19.02,19.02,5356
2026-09-01T11:03:00.000Z,2026-09-01T14:03:00,19.03,19.03,19.02,19.02,3211
2026-09-01T11:04:00.000Z,2026-09-01T14:04:00,19.03,19.03,19.02,19.02,25516
2026-09-01T11:05:00.000Z,2026-09-01T14:05:00,19.02,19.02,19.01,19.01,9140
2026-09-01T11:06:00.000Z,2026-09-01T14:06:00,19.02,19.04,19.02,19.04,109406
2026-09-01T11:07:00.000Z,2026-09-01T14:07:00,19.04,19.04,19.04,19.04,26648
2026-09-01T11:08:00.000Z,2026-09-01T14:08:00,19.04,19.04,19.04,19.04,25663
2026-09-01T11:09:00.000Z,2026-09-01T14:09:00,19.03,19.04,19.03,19.03,11360
2026-09-01T11:10:00.000Z,2026-09-01T14:10:00,19.03,19.04,19,19,119013
2026-09-01T11:11:00.000Z,2026-09-01T14:11:00,19.04,19.04,19.02,19.04,7781
2026-09-01T11:12:00.000Z,2026-09-01T14:12:00,19.02,19.03,18.98,19,85784
2026-09-01T11:13:00.000Z,2026-09-01T14:13:00,18.99,19,18.98,19,103483
2026-09-01T11:14:00.000Z,2026-09-01T14:14:00,19,19,18.97,18.97,108120
2026-09-01T11:25:00.000Z,2026-09-01T14:25:00,18.95,18.95,18.95,18.95,133604
2026-09-01T11:26:00.000Z,2026-09-01T14:26:00,18.95,18.95,18.95,18.95,1600
2026-09-01T11:27:00.000Z,2026-09-01T14:27:00,18.95,18.95,18.95,18.95,212
2026-09-01T11:28:00.000Z,2026-09-01T14:28:00,18.95,18.95,18.95,18.95,32000
2026-09-01T11:29:00.000Z,2026-09-01T14:29:00,18.95,18.95,18.95,18.95,15614
2026-09-02T07:00:00.000Z,2026-09-02T10:00:00,18.97,18.97,18.97,18.97,4905
2026-09-02T07:01:00.000Z,2026-09-02T10:01:00,19,19.04,19,19.03,11943
2026-09-02T07:02:00.000Z,2026-09-02T10:02:00,19.03,19.04,19.02,19.03,8684
2026-09-02T07:03:00.000Z,2026-09-02T10:03:00,19.03,19.03,19,19,23650
2026-09-02T07:04:00.000Z,2026-09-02T10:04:00,19.02,19.02,19,19,7829
2026-09-02T07:05:00.000Z,2026-09-02T10:05:00,19,19.02,19,19.02,3611
2026-09-02T07:06:00.000Z,2026-09-02T10:06:00,19.02,19.02,19,19,2319
2026-09-02T07:07:00.000Z,2026-09-02T10:07:00,19,19.02,19,19.02,37519
2026-09-02T07:08:00.000Z,2026-09-02T10:08:00,19.02,19.04,19.01,19.04,86180
2026-09-02T07:09:00.000Z,2026-09-02T10:09:00,19.03,19.04,19.03,19.04,5211
2026-09-02T07:10:00.000Z,2026-09-02T10:10:00,19.03,19.05,19.03,19.05,19585
2026-09-02T07:11:00.000Z,2026-09-02T10:11:00,19.05,19.05,19.05,19.05,7355
2026-09-02T07:12:00.000Z,2026-09-02T10:12:00,19.06,19.09,19.06,19.09,15516
2026-09-02T07:13:00.000Z,2026-09-02T10:13:00,19.09,19.09,19.08,19.09,1825
2026-09-02T07:14:00.000Z,2026-09-02T10:14:00,19.09,19.1,19.07,19.08,8422
2026-09-02T07:15:00.000Z,2026-09-02T10:15:00,19.07,19.07,19.05,19.05,11558
2026-09-02T07:16:00.000Z,2026-09-02T10:16:00,19.06,19.06,19.05,19.05,7005
2026-09-02T07:17:00.000Z,2026-09-02T10:17:00,19.06,19.07,19.05,19.07,10063
2026-09-02T07:18:00.000Z,2026-09-02T10:18:00,19.07,19.07,19.03,19.03,18596
2026-09-02T07:19:00.000Z,2026-09-02T10:19:00,19.04,19.04,19.03,19.04,19504
2026-09-02T07:20:00.000Z,2026-09-02T10:20:00,19.05,19.06,19.05,19.06,5837
2026-09-02T07:21:00.000Z,2026-09-02T10:21:00,19.06,19.06,19.05,19.06,830
2026-09-02T07:22:00.000Z,2026-09-02T10:22:00,19.06,19.08,19.06,19.07,9019
2026-09-02T07:23:00.000Z,2026-09-02T10:23:00,19.06,19.07,19.06,19.07,1218
2026-09-02T07:24:00.000Z,2026-09-02T10:24:00,19.08,19.13,19.08,19.11,99342
2026-09-02T07:25:00.000Z,2026-09-02T10:25:00,19.11,19.12,19.11,19.11,21360
2026-09-02T07:26:00.000Z,2026-09-02T10:26:00,19.12,19.12,19.11,19.12,2313
2026-09-02T07:27:00.000Z,2026-09-02T10:27:00,19.11,19.12,19.11,19.11,6248
2026-09-02T07:28:00.000Z,2026-09-02T10:28:00,19.1,19.11,19.1,19.11,201
2026-09-02T07:29:00.000Z,2026-09-02T10:29:00,19.1,19.11,19.1,19.11,10115
2026-09-02T07:30:00.000Z,2026-09-02T10:30:00,19.1,19.1,19.09,19.09,9229
2026-09-02T07:31:00.000Z,2026-09-02T10:31:00,19.09,19.1,19.09,19.09,8003
2026-09-02T07:32:00.000Z,2026-09-02T10:32:00,19.09,19.09,19.08,19.08,288
2026-09-02T07:33:00.000Z,2026-09-02T10:33:00,19.09,19.1,19.07,19.07,10385
2026-09-02T07:34:00.000Z,2026-09-02T10:34:00,19.07,19.1,19.07,19.07,2143
2026-09-02T07:35:00.000Z,2026-09-02T10:35:00,19.1,19.1,19.06,19.06,1431
2026-09-02T07:36:00.000Z,2026-09-02T10:36:00,19.07,19.07,19.06,19.06,4031
2026-09-02T07:37:00.000Z,2026-09-02T10:37:00,19.06,19.06,19.05,19.06,2026
2026-09-02T07:38:00.000Z,2026-09-02T10:38:00,19.05,19.06,19.05,19.06,1693
2026-09-02T07:39:00.000Z,2026-09-02T10:39:00,19.06,19.06,19.05,19.05,8254
2026-09-02T07:40:00.000Z,2026-09-02T10:40:00,19.05,19.06,19.05,19.06,890
2026-09-02T07:41:00.000Z,2026-09-02T10:41:00,19.06,19.06,19.05,19.06,179
2026-09-02T07:42:00.000Z,2026-09-02T10:42:00,19.06,19.06,19.06,19.06,61
2026-09-02T07:43:00.000Z,2026-09-02T10:43:00,19.05,19.06,19.05,19.06,3371
2026-09-02T07:45:00.000Z,2026-09-02T10:45:00,19.06,19.06,19.06,19.06,833
2026-09-02T07:46:00.000Z,2026-09-02T10:46:00,19.06,19.06,19.03,19.03,22965
2026-09-02T07:47:00.000Z,2026-09-02T10:47:00,19.06,19.06,19.03,19.04,5107
2026-09-02T07:48:00.000Z,2026-09-02T10:48:00,19.03,19.04,19.03,19.04,25360
2026-09-02T07:49:00.000Z,2026-09-02T10:49:00,19.04,19.06,19.04,19.05,26399
2026-09-02T07:50:00.000Z,2026-09-02T10:50:00,19.06,19.07,19.06,19.06,5075
2026-09-02T07:51:00.000Z,2026-09-02T10:51:00,19.06,19.07,19.06,19.07,1757
2026-09-02T07:52:00.000Z,2026-09-02T10:52:00,19.07,19.09,19.07,19.08,30942
2026-09-02T07:53:00.000Z,2026-09-02T10:53:00,19.07,19.08,19.07,19.07,948
2026-09-02T07:54:00.000Z,2026-09-02T10:54:00,19.08,19.08,19.08,19.08,750
2026-09-02T07:55:00.000Z,2026-09-02T10:55:00,19.07,19.08,19.07,19.08,1997
2026-09-02T07:56:00.000Z,2026-09-02T10:56:00,19.09,19.09,19.04,19.04,50262
2026-09-02T07:57:00.000Z,2026-09-02T10:57:00,19.05,19.05,19.03,19.04,191560
2026-09-02T07:58:00.000Z,2026-09-02T10:58:00,19.04,19.05,19.04,19.05,3605
2026-09-02T07:59:00.000Z,2026-09-02T10:59:00,19.05,19.1,19.05,19.06,38807
2026-09-02T08:00:00.000Z,2026-09-02T11:00:00,19.08,19.08,19.06,19.07,1727
2026-09-02T08:01:00.000Z,2026-09-02T11:01:00,19.07,19.09,19.07,19.07,3407
2026-09-02T08:02:00.000Z,2026-09-02T11:02:00,19.07,19.1,19.07,19.09,4933
2026-09-02T08:03:00.000Z,2026-09-02T11:03:00,19.07,19.08,19.07,19.08,2567
2026-09-02T08:04:00.000Z,2026-09-02T11:04:00,19.07,19.08,19.07,19.08,7976
2026-09-02T08:05:00.000Z,2026-09-02T11:05:00,19.07,19.08,19.07,19.07,1415
2026-09-02T08:06:00.000Z,2026-09-02T11:06:00,19.07,19.08,19.07,19.08,1931
2026-09-02T08:07:00.000Z,2026-09-02T11:07:00,19.08,19.08,19.08,19.08,350
2026-09-02T08:08:00.000Z,2026-09-02T11:08:00,19.07,19.07,19.06,19.06,13542
2026-09-02T08:09:00.000Z,2026-09-02T11:09:00,19.06,19.06,19.05,19.05,4262
2026-09-02T08:10:00.000Z,2026-09-02T11:10:00,19.05,19.06,19.05,19.06,797
2026-09-02T08:11:00.000Z,2026-09-02T11:11:00,19.05,19.06,19.05,19.05,6848
2026-09-02T08:12:00.000Z,2026-09-02T11:12:00,19.05,19.06,19.05,19.05,6708
2026-09-02T08:13:00.000Z,2026-09-02T11:13:00,19.06,19.06,19.05,19.05,19872
2026-09-02T08:14:00.000Z,2026-09-02T11:14:00,19.06,19.06,19.05,19.06,7462
2026-09-02T08:15:00.000Z,2026-09-02T11:15:00,19.06,19.06,19.05,19.06,726
2026-09-02T08:16:00.000Z,2026-09-02T11:16:00,19.06,19.06,19.05,19.05,1848
2026-09-02T08:17:00.000Z,2026-09-02T11:17:00,19.06,19.06,19.05,19.05,14360
2026-09-02T08:18:00.000Z,2026-09-02T11:18:00,19.04,19.05,19.04,19.05,908
2026-09-02T08:19:00.000Z,2026-09-02T11:19:00,19.05,19.06,19.04,19.04,4545
2026-09-02T08:20:00.000Z,2026-09-02T11:20:00,19.05,19.06,19.05,19.06,10292
2026-09-02T08:21:00.000Z,2026-09-02T11:21:00,19.06,19.06,19.05,19.06,360
2026-09-02T08:22:00.000Z,2026-09-02T11:22:00,19.06,19.06,19.05,19.05,3573
2026-09-02T08:23:00.000Z,2026-09-02T11:23:00,19.05,19.05,19.05,19.05,7041
2026-09-02T08:24:00.000Z,2026-09-02T11:24:00,19.04,19.05,19.04,19.04,13564
2026-09-02T08:25:00.000Z,2026-09-02T11:25:00,19.04,19.04,19.03,19.03,4706
2026-09-02T08:26:00.000Z,2026-09-02T11:26:00,19.03,19.04,18.98,19.01,80383
2026-09-02T08:27:00.000Z,2026-09-02T11:27:00,19,19.02,19,19.02,2409
2026-09-02T08:28:00.000Z,2026-09-02T11:28:00,19.02,19.04,19.02,19.04,15384
2026-09-02T08:29:00.000Z,2026-09-02T11:29:00,19.02,19.04,19.02,19.03,10097
2026-09-02T08:30:00.000Z,2026-09-02T11:30:00,19.03,19.03,19.03,19.03,1363
2026-09-02T08:31:00.000Z,2026-09-02T11:31:00,19.02,19.03,19.02,19.03,2894
2026-09-02T08:32:00.000Z,2026-09-02T11:32:00,19.03,19.03,19.02,19.02,3452
2026-09-02T08:33:00.000Z,2026-09-02T11:33:00,19.02,19.02,18.98,19,51071
2026-09-02T08:34:00.000Z,2026-09-02T11:34:00,18.98,19,18.98,19,57452
2026-09-02T08:35:00.000Z,2026-09-02T11:35:00,19,19,18.98,18.98,31846
2026-09-02T08:36:00.000Z,2026-09-02T11:36:00,18.97,18.99,18.97,18.99,5672
2026-09-02T08:37:00.000Z,2026-09-02T11:37:00,18.99,18.99,18.98,18.98,3419
2026-09-02T08:38:00.000Z,2026-09-02T11:38:00,18.98,18.99,18.98,18.99,23170
2026-09-02T08:39:00.000Z,2026-09-02T11:39:00,18.99,18.99,18.97,18.97,13516
2026-09-02T08:40:00.000Z,2026-09-02T11:40:00,18.97,18.98,18.97,18.97,1154
2026-09-02T08:41:00.000Z,2026-09-02T11:41:00,18.98,18.99,18.98,18.98,25366
2026-09-02T08:42:00.000Z,2026-09-02T11:42:00,18.98,18.98,18.96,18.96,29503
2026-09-02T08:43:00.000Z,2026-09-02T11:43:00,18.96,18.97,18.96,18.97,2729
2026-09-02T08:44:00.000Z,2026-09-02T11:44:00,18.96,19,18.96,19,7780358
2026-09-02T08:45:00.000Z,2026-09-02T11:45:00,19,19,19,19,240121
2026-09-02T08:46:00.000Z,2026-09-02T11:46:00,19,19,18.98,18.99,1710
2026-09-02T08:47:00.000Z,2026-09-02T11:47:00,18.99,18.99,18.98,18.98,13050
2026-09-02T08:48:00.000Z,2026-09-02T11:48:00,18.97,19,18.97,19,50172
2026-09-02T08:49:00.000Z,2026-09-02T11:49:00,19,19,19,19,22
2026-09-02T08:50:00.000Z,2026-09-02T11:50:00,19,19,19,19,30306
2026-09-02T08:51:00.000Z,2026-09-02T11:51:00,19,19,19,19,903
2026-09-02T08:52:00.000Z,2026-09-02T11:52:00,19,19,18.98,18.98,3008
2026-09-02T08:53:00.000Z,2026-09-02T11:53:00,18.98,18.99,18.98,18.99,655
2026-09-02T08:54:00.000Z,2026-09-02T11:54:00,18.99,18.99,18.97,18.98,11510
2026-09-02T08:55:00.000Z,2026-09-02T11:55:00,18.97,18.98,18.97,18.98,1736
2026-09-02T08:56:00.000Z,2026-09-02T11:56:00,18.98,18.98,18.97,18.97,4113
2026-09-02T08:57:00.000Z,2026-09-02T11:57:00,18.98,18.99,18.97,18.99,2629
2026-09-02T08:58:00.000Z,2026-09-02T11:58:00,18.98,18.98,18.96,18.96,5481
2026-09-02T08:59:00.000Z,2026-09-02T11:59:00,18.96,18.96,18.94,18.95,119437
2026-09-02T09:00:00.000Z,2026-09-02T12:00:00,18.94,18.94,18.9,18.9,382111
2026-09-02T09:01:00.000Z,2026-09-02T12:01:00,18.9,18.9,18.89,18.9,7287
2026-09-02T09:02:00.000Z,2026-09-02T12:02:00,18.9,18.9,18.89,18.9,6610
2026-09-02T09:03:00.000Z,2026-09-02T12:03:00,18.9,18.91,18.89,18.91,26566
2026-09-02T09:04:00.000Z,2026-09-02T12:04:00,18.91,18.92,18.9,18.91,8984
2026-09-02T09:05:00.000Z,2026-09-02T12:05:00,18.92,18.92,18.91,18.91,2774
2026-09-02T09:06:00.000Z,2026-09-02T12:06:00,18.92,18.93,18.92,18.93,11870
2026-09-02T09:07:00.000Z,2026-09-02T12:07:00,18.94,18.94,18.93,18.93,3905
2026-09-02T09:08:00.000Z,2026-09-02T12:08:00,18.93,18.93,18.92,18.93,19722
2026-09-02T09:09:00.000Z,2026-09-02T12:09:00,18.93,18.93,18.92,18.93,11650
2026-09-02T09:10:00.000Z,2026-09-02T12:10:00,18.94,18.95,18.93,18.93,16326
2026-09-02T09:11:00.000Z,2026-09-02T12:11:00,18.93,18.93,18.92,18.92,1129
2026-09-02T09:12:00.000Z,2026-09-02T12:12:00,18.95,18.95,18.95,18.95,4386
2026-09-02T09:13:00.000Z,2026-09-02T12:13:00,18.95,18.95,18.92,18.93,3561
2026-09-02T09:14:00.000Z,2026-09-02T12:14:00,18.94,18.94,18.94,18.94,1470
2026-09-02T09:15:00.000Z,2026-09-02T12:15:00,18.94,18.94,18.94,18.94,1277
2026-09-02T09:16:00.000Z,2026-09-02T12:16:00,18.93,18.93,18.92,18.92,42938
2026-09-02T09:17:00.000Z,2026-09-02T12:17:00,18.92,18.93,18.92,18.93,3936
2026-09-02T09:19:00.000Z,2026-09-02T12:19:00,18.93,18.95,18.93,18.95,2022
2026-09-02T09:20:00.000Z,2026-09-02T12:20:00,18.93,18.98,18.93,18.98,3491
2026-09-02T09:21:00.000Z,2026-09-02T12:21:00,18.97,18.97,18.97,18.97,709
2026-09-02T09:22:00.000Z,2026-09-02T12:22:00,18.97,18.97,18.97,18.97,95
2026-09-02T09:23:00.000Z,2026-09-02T12:23:00,18.97,18.97,18.97,18.97,4460
2026-09-02T09:24:00.000Z,2026-09-02T12:24:00,18.97,18.97,18.95,18.95,8906
2026-09-02T09:25:00.000Z,2026-09-02T12:25:00,18.97,18.97,18.96,18.96,2139
2026-09-02T09:26:00.000Z,2026-09-02T12:26:00,18.97,18.97,18.95,18.95,1778
2026-09-02T09:27:00.000Z,2026-09-02T12:27:00,18.97,18.97,18.95,18.97,5734
2026-09-02T09:28:00.000Z,2026-09-02T12:28:00,18.96,18.96,18.95,18.96,860
2026-09-02T09:29:00.000Z,2026-09-02T12:29:00,18.96,18.96,18.95,18.95,2532
2026-09-02T09:30:00.000Z,2026-09-02T12:30:00,18.95,18.95,18.95,18.95,256
2026-09-02T09:31:00.000Z,2026-09-02T12:31:00,18.96,18.96,18.96,18.96,146
2026-09-02T09:32:00.000Z,2026-09-02T12:32:00,18.96,18.96,18.96,18.96,220
2026-09-02T09:33:00.000Z,2026-09-02T12:33:00,18.95,18.95,18.94,18.94,6318
2026-09-02T09:34:00.000Z,2026-09-02T12:34:00,18.95,18.96,18.95,18.96,58677
2026-09-02T09:35:00.000Z,2026-09-02T12:35:00,18.95,18.96,18.95,18.96,270
2026-09-02T09:36:00.000Z,2026-09-02T12:36:00,18.96,18.96,18.96,18.96,48
2026-09-02T09:37:00.000Z,2026-09-02T12:37:00,18.96,18.97,18.95,18.96,6039
2026-09-02T09:38:00.000Z,2026-09-02T12:38:00,18.97,18.97,18.96,18.97,851
2026-09-02T09:39:00.000Z,2026-09-02T12:39:00,18.97,18.97,18.97,18.97,50
2026-09-02T09:40:00.000Z,2026-09-02T12:40:00,18.97,18.97,18.97,18.97,13064
2026-09-02T09:41:00.000Z,2026-09-02T12:41:00,18.97,18.97,18.97,18.97,13707
2026-09-02T09:42:00.000Z,2026-09-02T12:42:00,18.97,18.97,18.97,18.97,1685
2026-09-02T09:43:00.000Z,2026-09-02T12:43:00,18.97,18.97,18.97,18.97,5380
2026-09-02T09:44:00.000Z,2026-09-02T12:44:00,18.97,18.97,18.96,18.97,36
2026-09-02T09:45:00.000Z,2026-09-02T12:45:00,18.96,18.96,18.95,18.95,81136
2026-09-02T09:46:00.000Z,2026-09-02T12:46:00,18.95,18.96,18.95,18.95,31450
2026-09-02T09:47:00.000Z,2026-09-02T12:47:00,18.95,18.95,18.95,18.95,1011
2026-09-02T09:48:00.000Z,2026-09-02T12:48:00,18.95,18.95,18.94,18.94,1922
2026-09-02T09:49:00.000Z,2026-09-02T12:49:00,18.95,18.95,18.95,18.95,1279
2026-09-02T09:51:00.000Z,2026-09-02T12:51:00,18.95,18.95,18.95,18.95,3106
2026-09-02T09:52:00.000Z,2026-09-02T12:52:00,18.95,18.95,18.94,18.95,4970
2026-09-02T09:53:00.000Z,2026-09-02T12:53:00,18.95,18.95,18.95,18.95,148
2026-09-02T09:54:00.000Z,2026-09-02T12:54:00,18.94,18.95,18.94,18.94,3727
2026-09-02T09:55:00.000Z,2026-09-02T12:55:00,18.94,18.94,18.93,18.94,39
2026-09-02T09:56:00.000Z,2026-09-02T12:56:00,18.94,18.94,18.94,18.94,194
2026-09-02T09:57:00.000Z,2026-09-02T12:57:00,18.94,18.95,18.91,18.91,38564
2026-09-02T09:58:00.000Z,2026-09-02T12:58:00,18.91,18.92,18.91,18.92,1555
2026-09-02T09:59:00.000Z,2026-09-02T12:59:00,18.93,18.93,18.93,18.93,1029
2026-09-02T10:00:00.000Z,2026-09-02T13:00:00,18.92,18.93,18.92,18.92,6266
2026-09-02T10:01:00.000Z,2026-09-02T13:01:00,18.92,18.93,18.92,18.92,3319
2026-09-02T10:02:00.000Z,2026-09-02T13:02:00,18.93,18.93,18.92,18.92,4357
2026-09-02T10:03:00.000Z,2026-09-02T13:03:00,18.92,18.93,18.92,18.92,667
2026-09-02T10:04:00.000Z,2026-09-02T13:04:00,18.93,18.93,18.91,18.91,17319
2026-09-02T10:05:00.000Z,2026-09-02T13:05:00,18.93,18.93,18.9,18.9,49626
2026-09-02T10:06:00.000Z,2026-09-02T13:06:00,18.9,18.91,18.9,18.91,10604
2026-09-02T10:07:00.000Z,2026-09-02T13:07:00,18.91,18.91,18.91,18.91,1260
2026-09-02T10:08:00.000Z,2026-09-02T13:08:00,18.91,18.91,18.9,18.9,1738
2026-09-02T10:09:00.000Z,2026-09-02T13:09:00,18.91,18.91,18.91,18.91,3000
2026-09-02T10:10:00.000Z,2026-09-02T13:10:00,18.91,18.95,18.91,18.95,16973
2026-09-02T10:11:00.000Z,2026-09-02T13:11:00,18.97,18.97,18.95,18.97,818
2026-09-02T10:12:00.000Z,2026-09-02T13:12:00,18.95,18.97,18.95,18.97,5104
2026-09-02T10:13:00.000Z,2026-09-02T13:13:00,18.97,19,18.97,19,20029
2026-09-02T10:14:00.000Z,2026-09-02T13:14:00,19,19,18.97,18.97,5183
2026-09-02T10:15:00.000Z,2026-09-02T13:15:00,18.99,18.99,18.97,18.99,517
2026-09-02T10:16:00.000Z,2026-09-02T13:16:00,18.99,18.99,18.99,18.99,43
2026-09-02T10:17:00.000Z,2026-09-02T13:17:00,18.97,18.99,18.96,18.96,5310
2026-09-02T10:18:00.000Z,2026-09-02T13:18:00,18.99,18.99,18.96,18.99,2775
2026-09-02T10:19:00.000Z,2026-09-02T13:19:00,18.99,19,18.96,19,10022
2026-09-02T10:20:00.000Z,2026-09-02T13:20:00,18.96,19,18.96,19,1167
2026-09-02T10:21:00.000Z,2026-09-02T13:21:00,18.97,18.97,18.96,18.96,110000
2026-09-02T10:22:00.000Z,2026-09-02T13:22:00,18.98,18.99,18.98,18.99,2328
2026-09-02T10:23:00.000Z,2026-09-02T13:23:00,18.99,18.99,18.96,18.99,424
2026-09-02T10:24:00.000Z,2026-09-02T13:24:00,18.96,18.99,18.96,18.99,31733
2026-09-02T10:25:00.000Z,2026-09-02T13:25:00,18.96,18.98,18.96,18.97,289
2026-09-02T10:26:00.000Z,2026-09-02T13:26:00,18.97,18.98,18.96,18.96,23273
2026-09-02T10:27:00.000Z,2026-09-02T13:27:00,18.95,18.95,18.95,18.95,52
2026-09-02T10:28:00.000Z,2026-09-02T13:28:00,18.95,18.96,18.95,18.96,9607
2026-09-02T10:29:00.000Z,2026-09-02T13:29:00,18.95,18.96,18.95,18.96,21182
2026-09-02T10:30:00.000Z,2026-09-02T13:30:00,18.97,18.97,18.96,18.96,433
2026-09-02T10:31:00.000Z,2026-09-02T13:31:00,18.97,18.97,18.95,18.97,2039
2026-09-02T10:32:00.000Z,2026-09-02T13:32:00,18.97,18.98,18.97,18.98,5114
2026-09-02T10:33:00.000Z,2026-09-02T13:33:00,18.98,18.99,18.98,18.98,6997
2026-09-02T10:34:00.000Z,2026-09-02T13:34:00,18.99,18.99,18.97,18.97,12757
2026-09-02T10:35:00.000Z,2026-09-02T13:35:00,18.97,18.97,18.95,18.97,42423
2026-09-02T10:36:00.000Z,2026-09-02T13:36:00,18.95,18.97,18.95,18.97,27600
2026-09-02T10:37:00.000Z,2026-09-02T13:37:00,18.97,18.97,18.95,18.95,4482
2026-09-02T10:39:00.000Z,2026-09-02T13:39:00,18.97,18.97,18.97,18.97,2
2026-09-02T10:40:00.000Z,2026-09-02T13:40:00,18.97,18.97,18.95,18.95,1946
2026-09-02T10:41:00.000Z,2026-09-02T13:41:00,18.97,19,18.95,19,56016
2026-09-02T10:42:00.000Z,2026-09-02T13:42:00,18.96,18.96,18.95,18.95,5502
2026-09-02T10:43:00.000Z,2026-09-02T13:43:00,18.95,18.95,18.95,18.95,380
2026-09-02T10:44:00.000Z,2026-09-02T13:44:00,18.95,18.98,18.95,18.95,5552
2026-09-02T10:45:00.000Z,2026-09-02T13:45:00,18.98,18.98,18.97,18.97,150
2026-09-02T10:46:00.000Z,2026-09-02T13:46:00,18.97,18.97,18.95,18.97,6413
2026-09-02T10:47:00.000Z,2026-09-02T13:47:00,18.96,18.96,18.95,18.95,700
2026-09-02T10:48:00.000Z,2026-09-02T13:48:00,18.97,18.97,18.95,18.95,8808
2026-09-02T10:49:00.000Z,2026-09-02T13:49:00,18.96,18.97,18.95,18.96,1714
2026-09-02T10:50:00.000Z,2026-09-02T13:50:00,18.95,18.97,18.95,18.95,213588
2026-09-02T10:51:00.000Z,2026-09-02T13:51:00,18.93,18.97,18.91,18.97,168996
2026-09-02T10:52:00.000Z,2026-09-02T13:52:00,18.91,18.91,18.91,18.91,295
2026-09-02T10:53:00.000Z,2026-09-02T13:53:00,18.94,18.94,18.91,18.91,10434
2026-09-02T10:54:00.000Z,2026-09-02T13:54:00,18.91,18.94,18.9,18.94,70281
2026-09-02T10:55:00.000Z,2026-09-02T13:55:00,18.93,18.95,18.93,18.95,34216
2026-09-02T10:56:00.000Z,2026-09-02T13:56:00,18.94,18.94,18.9,18.94,247
2026-09-02T10:57:00.000Z,2026-09-02T13:57:00,18.94,18.94,18.9,18.9,2757
2026-09-02T10:58:00.000Z,2026-09-02T13:58:00,18.94,18.96,18.9,18.96,93537
2026-09-02T10:59:00.000Z,2026-09-02T13:59:00,18.96,18.96,18.95,18.95,10036
2026-09-02T11:00:00.000Z,2026-09-02T14:00:00,18.96,18.96,18.96,18.96,1038
2026-09-02T11:01:00.000Z,2026-09-02T14:01:00,18.96,18.96,18.95,18.96,8611
2026-09-02T11:02:00.000Z,2026-09-02T14:02:00,18.95,18.96,18.95,18.95,2114
2026-09-02T11:03:00.000Z,2026-09-02T14:03:00,18.96,18.96,18.95,18.95,9500
2026-09-02T11:04:00.000Z,2026-09-02T14:04:00,18.91,18.95,18.9,18.9,15897
2026-09-02T11:05:00.000Z,2026-09-02T14:05:00,18.9,18.93,18.9,18.9,21380
2026-09-02T11:06:00.000Z,2026-09-02T14:06:00,18.9,18.9,18.9,18.9,5915
2026-09-02T11:07:00.000Z,2026-09-02T14:07:00,18.92,18.92,18.92,18.92,576
2026-09-02T11:08:00.000Z,2026-09-02T14:08:00,18.91,18.93,18.91,18.93,7693
2026-09-02T11:09:00.000Z,2026-09-02T14:09:00,18.93,18.93,18.92,18.93,942
2026-09-02T11:10:00.000Z,2026-09-02T14:10:00,18.93,18.96,18.92,18.96,24069
2026-09-02T11:11:00.000Z,2026-09-02T14:11:00,18.95,18.95,18.93,18.93,2109
2026-09-02T11:12:00.000Z,2026-09-02T14:12:00,18.95,18.95,18.93,18.94,2690
2026-09-02T11:13:00.000Z,2026-09-02T14:13:00,18.94,18.94,18.93,18.93,367
2026-09-02T11:14:00.000Z,2026-09-02T14:14:00,18.94,18.94,18.9,18.93,36875
2026-09-02T11:15:00.000Z,2026-09-02T14:15:00,18.9,18.9,18.9,18.9,4458
2026-09-02T11:25:00.000Z,2026-09-02T14:25:00,18.95,18.95,18.95,18.95,2429272
2026-09-02T11:26:00.000Z,2026-09-02T14:26:00,18.95,18.95,18.95,18.95,15437
2026-09-02T11:27:00.000Z,2026-09-02T14:27:00,18.95,18.95,18.95,18.95,8940
2026-09-02T11:28:00.000Z,2026-09-02T14:28:00,18.95,18.95,18.95,18.95,681
2026-09-02T11:29:00.000Z,2026-09-02T14:29:00,18.95,18.95,18.95,18.95,12799
2026-09-03T07:01:00.000Z,2026-09-03T10:01:00,18.95,18.96,18.95,18.96,7862
2026-09-03T07:02:00.000Z,2026-09-03T10:02:00,19,19,18.96,18.99,4560
2026-09-03T07:03:00.000Z,2026-09-03T10:03:00,18.99,19.02,18.99,19.01,12575
2026-09-03T07:04:00.000Z,2026-09-03T10:04:00,19.01,19.01,18.99,18.99,2509
2026-09-03T07:05:00.000Z,2026-09-03T10:05:00,19,19,18.96,19,2908
2026-09-03T07:06:00.000Z,2026-09-03T10:06:00,18.96,19,18.96,19,4673
2026-09-03T07:07:00.000Z,2026-09-03T10:07:00,18.99,19,18.99,19,1025
2026-09-03T07:08:00.000Z,2026-09-03T10:08:00,18.96,18.99,18.96,18.96,2532
2026-09-03T07:09:00.000Z,2026-09-03T10:09:00,18.96,18.97,18.96,18.96,19036
2026-09-03T07:10:00.000Z,2026-09-03T10:10:00,18.97,18.99,18.96,18.99,951
2026-09-03T07:11:00.000Z,2026-09-03T10:11:00,18.99,18.99,18.99,18.99,1278
2026-09-03T07:12:00.000Z,2026-09-03T10:12:00,18.98,18.99,18.96,18.96,11298
2026-09-03T07:13:00.000Z,2026-09-03T10:13:00,18.97,18.97,18.97,18.97,948
2026-09-03T07:14:00.000Z,2026-09-03T10:14:00,18.97,18.98,18.96,18.96,2753
2026-09-03T07:15:00.000Z,2026-09-03T10:15:00,18.97,18.98,18.97,18.98,2353
2026-09-03T07:16:00.000Z,2026-09-03T10:16:00,18.98,18.98,18.97,18.98,2455
2026-09-03T07:17:00.000Z,2026-09-03T10:17:00,18.98,18.98,18.96,18.96,5238
2026-09-03T07:18:00.000Z,2026-09-03T10:18:00,18.98,18.98,18.96,18.96,11419
2026-09-03T07:19:00.000Z,2026-09-03T10:19:00,18.98,18.98,18.96,18.97,1603
2026-09-03T07:20:00.000Z,2026-09-03T10:20:00,18.97,18.98,18.96,18.98,3644
2026-09-03T07:21:00.000Z,2026-09-03T10:21:00,18.98,19,18.98,19,40264
2026-09-03T07:22:00.000Z,2026-09-03T10:22:00,19,19,18.96,18.99,4562
2026-09-03T07:23:00.000Z,2026-09-03T10:23:00,18.99,19,18.99,19,31610
2026-09-03T07:24:00.000Z,2026-09-03T10:24:00,19,19,18.95,18.95,24115
2026-09-03T07:25:00.000Z,2026-09-03T10:25:00,19,19,18.95,18.95,3284
2026-09-03T07:26:00.000Z,2026-09-03T10:26:00,19,19,18.95,19,372
2026-09-03T07:27:00.000Z,2026-09-03T10:27:00,18.96,18.97,18.95,18.95,6923
2026-09-03T07:28:00.000Z,2026-09-03T10:28:00,18.99,18.99,18.95,18.95,1113
2026-09-03T07:29:00.000Z,2026-09-03T10:29:00,19,19,19,19,104
2026-09-03T07:30:00.000Z,2026-09-03T10:30:00,19,19,19,19,77
2026-09-03T07:32:00.000Z,2026-09-03T10:32:00,18.98,18.99,18.97,18.97,246
2026-09-03T07:33:00.000Z,2026-09-03T10:33:00,18.97,19,18.97,19,10400
2026-09-03T07:34:00.000Z,2026-09-03T10:34:00,19,19,19,19,11529
2026-09-03T07:35:00.000Z,2026-09-03T10:35:00,19,19,18.96,18.97,1572
2026-09-03T07:36:00.000Z,2026-09-03T10:36:00,18.96,18.96,18.96,18.96,20
2026-09-03T07:37:00.000Z,2026-09-03T10:37:00,18.96,18.96,18.95,18.95,1551
2026-09-03T07:38:00.000Z,2026-09-03T10:38:00,18.95,18.95,18.95,18.95,2089
2026-09-03T07:39:00.000Z,2026-09-03T10:39:00,18.97,18.97,18.95,18.97,3195
2026-09-03T07:40:00.000Z,2026-09-03T10:40:00,18.96,18.96,18.95,18.96,810
2026-09-03T07:41:00.000Z,2026-09-03T10:41:00,18.97,19,18.97,19,10355
2026-09-03T07:42:00.000Z,2026-09-03T10:42:00,18.96,18.97,18.96,18.97,1151
2026-09-03T07:43:00.000Z,2026-09-03T10:43:00,18.96,18.96,18.95,18.95,6528
2026-09-03T07:44:00.000Z,2026-09-03T10:44:00,18.95,18.95,18.95,18.95,4
2026-09-03T07:45:00.000Z,2026-09-03T10:45:00,18.96,18.96,18.95,18.95,6099
2026-09-03T07:46:00.000Z,2026-09-03T10:46:00,18.96,19,18.96,18.96,3177
2026-09-03T07:47:00.000Z,2026-09-03T10:47:00,19,19,18.96,18.96,1507
2026-09-03T07:48:00.000Z,2026-09-03T10:48:00,18.99,19,18.95,18.95,1270
2026-09-03T07:49:00.000Z,2026-09-03T10:49:00,19,19,18.95,18.95,83
2026-09-03T07:50:00.000Z,2026-09-03T10:50:00,18.99,18.99,18.99,18.99,22
2026-09-03T07:51:00.000Z,2026-09-03T10:51:00,18.96,18.99,18.96,18.99,2546
2026-09-03T07:52:00.000Z,2026-09-03T10:52:00,18.97,18.97,18.95,18.95,3045
2026-09-03T07:53:00.000Z,2026-09-03T10:53:00,18.95,18.95,18.95,18.95,13838
2026-09-03T07:54:00.000Z,2026-09-03T10:54:00,18.95,18.95,18.94,18.95,5989
2026-09-03T07:55:00.000Z,2026-09-03T10:55:00,18.99,19,18.95,18.95,100996
2026-09-03T07:56:00.000Z,2026-09-03T10:56:00,18.95,19,18.95,19,20873
2026-09-03T07:57:00.000Z,2026-09-03T10:57:00,19,19,18.97,19,781
2026-09-03T07:58:00.000Z,2026-09-03T10:58:00,19,19,18.97,18.97,58393
2026-09-03T07:59:00.000Z,2026-09-03T10:59:00,19,19,19,19,1626
2026-09-03T08:00:00.000Z,2026-09-03T11:00:00,19,19,18.96,18.96,1035
2026-09-03T08:01:00.000Z,2026-09-03T11:01:00,18.96,18.99,18.96,18.99,1445
2026-09-03T08:02:00.000Z,2026-09-03T11:02:00,18.97,19,18.97,18.98,68486
2026-09-03T08:03:00.000Z,2026-09-03T11:03:00,18.97,18.98,18.97,18.98,626
2026-09-03T08:04:00.000Z,2026-09-03T11:04:00,18.96,18.99,18.96,18.99,3541
2026-09-03T08:05:00.000Z,2026-09-03T11:05:00,18.96,18.99,18.96,18.99,2211
2026-09-03T08:06:00.000Z,2026-09-03T11:06:00,18.99,18.99,18.96,18.96,3686
2026-09-03T08:07:00.000Z,2026-09-03T11:07:00,18.96,18.96,18.96,18.96,1867
2026-09-03T08:08:00.000Z,2026-09-03T11:08:00,18.96,18.98,18.96,18.96,23636
2026-09-03T08:09:00.000Z,2026-09-03T11:09:00,18.96,19,18.95,19,199075
2026-09-03T08:10:00.000Z,2026-09-03T11:10:00,19,19,19,19,1252
2026-09-03T08:11:00.000Z,2026-09-03T11:11:00,19.01,19.01,19,19,2388
2026-09-03T08:12:00.000Z,2026-09-03T11:12:00,19,19.01,18.98,18.98,1490
2026-09-03T08:13:00.000Z,2026-09-03T11:13:00,18.98,19,18.97,19,841
2026-09-03T08:14:00.000Z,2026-09-03T11:14:00,19.01,19.05,19,19.05,18525
2026-09-03T08:15:00.000Z,2026-09-03T11:15:00,19.05,19.05,19.02,19.02,2174
2026-09-03T08:16:00.000Z,2026-09-03T11:16:00,19.05,19.05,19.04,19.05,2612
2026-09-03T08:17:00.000Z,2026-09-03T11:17:00,19.05,19.06,19.04,19.06,11483
2026-09-03T08:18:00.000Z,2026-09-03T11:18:00,19.06,19.09,19.06,19.09,30198
2026-09-03T08:19:00.000Z,2026-09-03T11:19:00,19.09,19.09,19.05,19.05,12743
2026-09-03T08:20:00.000Z,2026-09-03T11:20:00,19.05,19.07,19.05,19.07,540
2026-09-03T08:21:00.000Z,2026-09-03T11:21:00,19.08,19.08,19,19.03,40502
2026-09-03T08:22:00.000Z,2026-09-03T11:22:00,19.03,19.08,19.03,19.07,1971
2026-09-03T08:23:00.000Z,2026-09-03T11:23:00,19.07,19.07,19.01,19.01,166
2026-09-03T08:24:00.000Z,2026-09-03T11:24:00,19.01,19.07,19.01,19.01,4915
2026-09-03T08:25:00.000Z,2026-09-03T11:25:00,19.07,19.07,19,19.05,2236
2026-09-03T08:26:00.000Z,2026-09-03T11:26:00,19.01,19.05,19.01,19.05,1326
2026-09-03T08:27:00.000Z,2026-09-03T11:27:00,19.05,19.05,19.01,19.05,2550
2026-09-03T08:28:00.000Z,2026-09-03T11:28:00,19.05,19.05,19.01,19.05,5567
2026-09-03T08:29:00.000Z,2026-09-03T11:29:00,19.01,19.01,19.01,19.01,130
2026-09-03T08:30:00.000Z,2026-09-03T11:30:00,19.01,19.06,19.01,19.06,2826
2026-09-03T08:31:00.000Z,2026-09-03T11:31:00,19.05,19.05,19.01,19.01,291
2026-09-03T08:32:00.000Z,2026-09-03T11:32:00,19.05,19.05,19.05,19.05,409
2026-09-03T08:33:00.000Z,2026-09-03T11:33:00,19.04,19.05,19.01,19.01,5003
2026-09-03T08:34:00.000Z,2026-09-03T11:34:00,19.05,19.05,19.01,19.05,813
2026-09-03T08:36:00.000Z,2026-09-03T11:36:00,19.02,19.05,19.02,19.02,5677
2026-09-03T08:37:00.000Z,2026-09-03T11:37:00,19.05,19.05,19.03,19.03,75
2026-09-03T08:38:00.000Z,2026-09-03T11:38:00,19.03,19.05,19.02,19.05,6536
2026-09-03T08:39:00.000Z,2026-09-03T11:39:00,19.05,19.05,19.02,19.02,1224
2026-09-03T08:40:00.000Z,2026-09-03T11:40:00,19.05,19.05,19.05,19.05,250
2026-09-03T08:41:00.000Z,2026-09-03T11:41:00,19.05,19.06,19.05,19.06,26119
2026-09-03T08:42:00.000Z,2026-09-03T11:42:00,19.05,19.05,19.05,19.05,5496
2026-09-03T08:43:00.000Z,2026-09-03T11:43:00,19.02,19.05,19.02,19.05,1554
2026-09-03T08:44:00.000Z,2026-09-03T11:44:00,19.02,19.05,19.02,19.05,391
2026-09-03T08:45:00.000Z,2026-09-03T11:45:00,19.02,19.05,19.01,19.02,3534
2026-09-03T08:46:00.000Z,2026-09-03T11:46:00,19.02,19.05,19.02,19.05,475
2026-09-03T08:47:00.000Z,2026-09-03T11:47:00,19.05,19.05,19.05,19.05,10
2026-09-03T08:48:00.000Z,2026-09-03T11:48:00,19.01,19.05,19.01,19.05,153
2026-09-03T08:49:00.000Z,2026-09-03T11:49:00,19.01,19.02,19.01,19.02,532
2026-09-03T08:50:00.000Z,2026-09-03T11:50:00,19.05,19.05,19.01,19.03,247
2026-09-03T08:51:00.000Z,2026-09-03T11:51:00,19.03,19.03,19.03,19.03,509
2026-09-03T08:52:00.000Z,2026-09-03T11:52:00,19.02,19.03,19.01,19.03,2818
2026-09-03T08:53:00.000Z,2026-09-03T11:53:00,19.03,19.03,19.03,19.03,937
2026-09-03T08:56:00.000Z,2026-09-03T11:56:00,19.04,19.05,19,19.01,91599
2026-09-03T08:57:00.000Z,2026-09-03T11:57:00,19,19.01,19,19.01,12228
2026-09-03T08:58:00.000Z,2026-09-03T11:58:00,19.01,19.01,19.01,19.01,10
2026-09-03T08:59:00.000Z,2026-09-03T11:59:00,19.01,19.01,19,19,3859
2026-09-03T09:00:00.000Z,2026-09-03T12:00:00,19,19.03,19,19,24597
2026-09-03T09:01:00.000Z,2026-09-03T12:01:00,19.03,19.03,19.03,19.03,105
2026-09-03T09:02:00.000Z,2026-09-03T12:02:00,19.03,19.03,19.01,19.01,65
2026-09-03T09:03:00.000Z,2026-09-03T12:03:00,19.01,19.01,19.01,19.01,2486
2026-09-03T09:04:00.000Z,2026-09-03T12:04:00,19.03,19.03,19.01,19.01,3737
2026-09-03T09:05:00.000Z,2026-09-03T12:05:00,19.01,19.01,19.01,19.01,19
2026-09-03T09:06:00.000Z,2026-09-03T12:06:00,19.02,19.03,19.02,19.03,2684
2026-09-03T09:07:00.000Z,2026-09-03T12:07:00,19.01,19.05,19.01,19.05,570
2026-09-03T09:08:00.000Z,2026-09-03T12:08:00,19.01,19.03,19.01,19.01,4287
2026-09-03T09:09:00.000Z,2026-09-03T12:09:00,19.03,19.03,19.03,19.03,1
2026-09-03T09:10:00.000Z,2026-09-03T12:10:00,19.03,19.03,19.03,19.03,9
2026-09-03T09:11:00.000Z,2026-09-03T12:11:00,19.02,19.06,19.02,19.06,63193
2026-09-03T09:12:00.000Z,2026-09-03T12:12:00,19.06,19.06,19.01,19.06,1598
2026-09-03T09:13:00.000Z,2026-09-03T12:13:00,19.06,19.06,19.01,19.01,7481
2026-09-03T09:14:00.000Z,2026-09-03T12:14:00,19.05,19.05,19.01,19.05,289
2026-09-03T09:15:00.000Z,2026-09-03T12:15:00,19.01,19.01,19.01,19.01,258
2026-09-03T09:16:00.000Z,2026-09-03T12:16:00,19.04,19.04,19.04,19.04,10350
2026-09-03T09:17:00.000Z,2026-09-03T12:17:00,19.04,19.04,19.01,19.01,4680
2026-09-03T09:18:00.000Z,2026-09-03T12:18:00,19.01,19.02,19.01,19.02,224
2026-09-03T09:19:00.000Z,2026-09-03T12:19:00,19.03,19.03,19.02,19.03,505
2026-09-03T09:20:00.000Z,2026-09-03T12:20:00,19.02,19.03,19.02,19.02,562
2026-09-03T09:21:00.000Z,2026-09-03T12:21:00,19.02,19.03,19.01,19.01,2165
2026-09-03T09:22:00.000Z,2026-09-03T12:22:00,19.01,19.02,19.01,19.02,191
2026-09-03T09:23:00.000Z,2026-09-03T12:23:00,19.02,19.03,19.02,19.03,1314
2026-09-03T09:24:00.000Z,2026-09-03T12:24:00,19.03,19.03,19.03,19.03,277
2026-09-03T09:25:00.000Z,2026-09-03T12:25:00,19.03,19.03,19,19,8030
2026-09-03T09:26:00.000Z,2026-09-03T12:26:00,19,19.01,19,19.01,12072
2026-09-03T09:27:00.000Z,2026-09-03T12:27:00,19,19.02,19,19,270062
2026-09-03T09:28:00.000Z,2026-09-03T12:28:00,18.99,19,18.99,18.99,1650
2026-09-03T09:29:00.000Z,2026-09-03T12:29:00,18.99,18.99,18.97,18.97,5201
2026-09-03T09:30:00.000Z,2026-09-03T12:30:00,18.99,18.99,18.99,18.99,551
2026-09-03T09:32:00.000Z,2026-09-03T12:32:00,18.99,18.99,18.97,18.97,39
2026-09-03T09:33:00.000Z,2026-09-03T12:33:00,18.99,18.99,18.97,18.97,1354
2026-09-03T09:34:00.000Z,2026-09-03T12:34:00,18.97,19,18.97,19,14415
2026-09-03T09:35:00.000Z,2026-09-03T12:35:00,19,19,19,19,900
2026-09-03T09:36:00.000Z,2026-09-03T12:36:00,19,19,18.96,19,4998
2026-09-03T09:37:00.000Z,2026-09-03T12:37:00,19,19,19,19,5052
2026-09-03T09:38:00.000Z,2026-09-03T12:38:00,18.96,18.96,18.95,18.95,9580
2026-09-03T09:39:00.000Z,2026-09-03T12:39:00,18.99,18.99,18.95,18.99,10852
2026-09-03T09:40:00.000Z,2026-09-03T12:40:00,18.99,19,18.9,18.99,55925
2026-09-03T09:41:00.000Z,2026-09-03T12:41:00,18.99,18.99,18.91,18.91,2323
2026-09-03T09:42:00.000Z,2026-09-03T12:42:00,18.99,18.99,18.91,18.91,16424
2026-09-03T09:43:00.000Z,2026-09-03T12:43:00,18.91,18.98,18.91,18.98,7121
2026-09-03T09:44:00.000Z,2026-09-03T12:44:00,18.92,18.92,18.92,18.92,744
2026-09-03T09:45:00.000Z,2026-09-03T12:45:00,18.98,18.99,18.92,18.92,20458
2026-09-03T09:46:00.000Z,2026-09-03T12:46:00,18.97,18.97,18.97,18.97,3
2026-09-03T09:47:00.000Z,2026-09-03T12:47:00,18.97,18.97,18.97,18.97,336
2026-09-03T09:48:00.000Z,2026-09-03T12:48:00,18.93,18.97,18.93,18.97,220
2026-09-03T09:49:00.000Z,2026-09-03T12:49:00,18.95,18.97,18.95,18.97,600
2026-09-03T09:50:00.000Z,2026-09-03T12:50:00,18.97,18.97,18.97,18.97,110
2026-09-03T09:51:00.000Z,2026-09-03T12:51:00,18.97,18.97,18.96,18.96,672
2026-09-03T09:52:00.000Z,2026-09-03T12:52:00,18.95,18.96,18.95,18.96,1318
2026-09-03T09:53:00.000Z,2026-09-03T12:53:00,18.95,18.96,18.95,18.96,1144
2026-09-03T09:54:00.000Z,2026-09-03T12:54:00,18.96,18.96,18.95,18.95,85
2026-09-03T09:55:00.000Z,2026-09-03T12:55:00,18.96,18.96,18.96,18.96,316
2026-09-03T09:56:00.000Z,2026-09-03T12:56:00,18.95,18.96,18.93,18.93,19877
2026-09-03T09:57:00.000Z,2026-09-03T12:57:00,18.96,18.96,18.96,18.96,3027
2026-09-03T09:58:00.000Z,2026-09-03T12:58:00,18.96,18.96,18.93,18.93,8171
2026-09-03T09:59:00.000Z,2026-09-03T12:59:00,18.96,18.96,18.93,18.95,1854
2026-09-03T10:00:00.000Z,2026-09-03T13:00:00,18.93,18.95,18.93,18.95,4810
2026-09-03T10:01:00.000Z,2026-09-03T13:01:00,18.96,18.96,18.96,18.96,7019
2026-09-03T10:02:00.000Z,2026-09-03T13:02:00,18.96,19.01,18.96,19.01,50658
2026-09-03T10:03:00.000Z,2026-09-03T13:03:00,19.01,19.01,19,19,8904
2026-09-03T10:04:00.000Z,2026-09-03T13:04:00,19,19,19,19,1508
2026-09-03T10:05:00.000Z,2026-09-03T13:05:00,19,19,19,19,20076
2026-09-03T10:06:00.000Z,2026-09-03T13:06:00,18.95,19,18.95,18.95,5459
2026-09-03T10:07:00.000Z,2026-09-03T13:07:00,18.95,18.95,18.95,18.95,200
2026-09-03T10:08:00.000Z,2026-09-03T13:08:00,18.95,18.99,18.95,18.99,7310
2026-09-03T10:09:00.000Z,2026-09-03T13:09:00,18.99,18.99,18.99,18.99,9
2026-09-03T10:10:00.000Z,2026-09-03T13:10:00,18.98,18.98,18.98,18.98,3
2026-09-03T10:11:00.000Z,2026-09-03T13:11:00,18.99,18.99,18.99,18.99,39402
2026-09-03T10:12:00.000Z,2026-09-03T13:12:00,19,19,18.99,18.99,1516
2026-09-03T10:13:00.000Z,2026-09-03T13:13:00,19,19,19,19,15350
2026-09-03T10:14:00.000Z,2026-09-03T13:14:00,19,19,18.95,18.95,12082
2026-09-03T10:15:00.000Z,2026-09-03T13:15:00,18.95,19,18.95,19,47
2026-09-03T10:16:00.000Z,2026-09-03T13:16:00,18.96,18.96,18.94,18.95,15914
2026-09-03T10:17:00.000Z,2026-09-03T13:17:00,18.95,18.99,18.95,18.99,26091
2026-09-03T10:18:00.000Z,2026-09-03T13:18:00,18.95,18.95,18.95,18.95,5
2026-09-03T10:19:00.000Z,2026-09-03T13:19:00,18.99,19,18.95,18.95,87196
2026-09-03T10:20:00.000Z,2026-09-03T13:20:00,19,19,18.95,18.95,850
2026-09-03T10:21:00.000Z,2026-09-03T13:21:00,18.95,18.95,18.95,18.95,1
2026-09-03T10:22:00.000Z,2026-09-03T13:22:00,19,19,19,19,11995
2026-09-03T10:23:00.000Z,2026-09-03T13:23:00,19,19,19,19,243
2026-09-03T10:24:00.000Z,2026-09-03T13:24:00,18.96,19,18.96,18.96,3915
2026-09-03T10:26:00.000Z,2026-09-03T13:26:00,19,19,19,19,2450
2026-09-03T10:27:00.000Z,2026-09-03T13:27:00,18.99,18.99,18.96,18.99,1264
2026-09-03T10:28:00.000Z,2026-09-03T13:28:00,18.99,19,18.99,19,524
2026-09-03T10:29:00.000Z,2026-09-03T13:29:00,18.99,18.99,18.99,18.99,330
2026-09-03T10:30:00.000Z,2026-09-03T13:30:00,18.99,19,18.99,19,60
2026-09-03T10:31:00.000Z,2026-09-03T13:31:00,18.99,19,18.96,18.96,10160
2026-09-03T10:32:00.000Z,2026-09-03T13:32:00,19,19,18.96,18.96,247
2026-09-03T10:33:00.000Z,2026-09-03T13:33:00,19,19,18.96,19,4654
2026-09-03T10:34:00.000Z,2026-09-03T13:34:00,18.96,18.99,18.96,18.99,6955
2026-09-03T10:35:00.000Z,2026-09-03T13:35:00,18.98,18.98,18.96,18.98,1231
2026-09-03T10:36:00.000Z,2026-09-03T13:36:00,18.98,18.98,18.96,18.96,1343
2026-09-03T10:37:00.000Z,2026-09-03T13:37:00,18.98,19.04,18.98,19.04,101243
2026-09-03T10:38:00.000Z,2026-09-03T13:38:00,19.04,19.08,19.04,19.05,112600
2026-09-03T10:39:00.000Z,2026-09-03T13:39:00,19.05,19.06,19,19,73935
2026-09-03T10:40:00.000Z,2026-09-03T13:40:00,19,19,18.96,19,50711
2026-09-03T10:41:00.000Z,2026-09-03T13:41:00,19,19,18.97,19,38068
2026-09-03T10:42:00.000Z,2026-09-03T13:42:00,19,19,18.97,19,8570
2026-09-03T10:43:00.000Z,2026-09-03T13:43:00,19,19.05,18.98,19,22128
2026-09-03T10:44:00.000Z,2026-09-03T13:44:00,19,19.04,19,19,58868
2026-09-03T10:45:00.000Z,2026-09-03T13:45:00,19,19.05,18.99,19,40006
2026-09-03T10:46:00.000Z,2026-09-03T13:46:00,19,19,18.99,19,3593
2026-09-03T10:47:00.000Z,2026-09-03T13:47:00,18.99,19.04,18.99,19.04,48259
2026-09-03T10:48:00.000Z,2026-09-03T13:48:00,19,19,19,19,3983
2026-09-03T10:49:00.000Z,2026-09-03T13:49:00,19,19,19,19,10396
2026-09-03T10:50:00.000Z,2026-09-03T13:50:00,19,19.02,19,19,12238
2026-09-03T10:51:00.000Z,2026-09-03T13:51:00,19,19.05,19,19,11438
2026-09-03T10:52:00.000Z,2026-09-03T13:52:00,19,19,18.99,18.99,13344
2026-09-03T10:53:00.000Z,2026-09-03T13:53:00,19,19,18.99,19,19056
2026-09-03T10:54:00.000Z,2026-09-03T13:54:00,19,19,19,19,33342
2026-09-03T10:55:00.000Z,2026-09-03T13:55:00,19,19,18.99,18.99,23513
2026-09-03T10:56:00.000Z,2026-09-03T13:56:00,19,19,18.99,19,12742
2026-09-03T10:57:00.000Z,2026-09-03T13:57:00,19,19,18.99,19,6011
2026-09-03T10:58:00.000Z,2026-09-03T13:58:00,19,19,18.99,19,39536
2026-09-03T10:59:00.000Z,2026-09-03T13:59:00,18.99,19,18.99,18.99,23046
2026-09-03T11:00:00.000Z,2026-09-03T14:00:00,19,19,19,19,7739
2026-09-03T11:01:00.000Z,2026-09-03T14:01:00,19,19,18.99,19,2835
2026-09-03T11:02:00.000Z,2026-09-03T14:02:00,19,19,19,19,8809
2026-09-03T11:03:00.000Z,2026-09-03T14:03:00,18.99,19,18.97,18.97,68302
2026-09-03T11:04:00.000Z,2026-09-03T14:04:00,18.96,18.97,18.91,18.91,145550
2026-09-03T11:05:00.000Z,2026-09-03T14:05:00,18.91,19.04,18.91,19.04,33364
2026-09-03T11:06:00.000Z,2026-09-03T14:06:00,19,19,18.97,19,25258
2026-09-03T11:07:00.000Z,2026-09-03T14:07:00,19,19,18.97,19,2625
2026-09-03T11:08:00.000Z,2026-09-03T14:08:00,19,19,18.99,18.99,10798
2026-09-03T11:09:00.000Z,2026-09-03T14:09:00,18.99,19,18.99,19,6919
2026-09-03T11:10:00.000Z,2026-09-03T14:10:00,18.99,19,18.98,19,17390
2026-09-03T11:11:00.000Z,2026-09-03T14:11:00,19,19,19,19,5771
2026-09-03T11:12:00.000Z,2026-09-03T14:12:00,18.98,18.99,18.98,18.99,2126
2026-09-03T11:13:00.000Z,2026-09-03T14:13:00,18.98,19,18.98,18.99,10123
2026-09-03T11:14:00.000Z,2026-09-03T14:14:00,18.97,18.99,18.97,18.99,5265
2026-09-03T11:15:00.000Z,2026-09-03T14:15:00,18.97,18.97,18.92,18.92,36500
2026-09-03T11:25:00.000Z,2026-09-03T14:25:00,19,19,19,19,207667
2026-09-03T11:26:00.000Z,2026-09-03T14:26:00,19,19,19,19,32645
2026-09-03T11:27:00.000Z,2026-09-03T14:27:00,19,19,19,19,54189
2026-09-03T11:28:00.000Z,2026-09-03T14:28:00,19,19,19,19,28488
2026-09-03T11:29:00.000Z,2026-09-03T14:29:00,19,19,19,19,16876
2026-09-06T07:00:00.000Z,2026-09-06T10:00:00,19.07,19.07,19.05,19.07,47866
2026-09-06T07:01:00.000Z,2026-09-06T10:01:00,19.07,19.07,19.06,19.07,1112
2026-09-06T07:02:00.000Z,2026-09-06T10:02:00,19.07,19.07,19.03,19.03,7710
2026-09-06T07:03:00.000Z,2026-09-06T10:03:00,19.05,19.05,19.03,19.05,5092
2026-09-06T07:04:00.000Z,2026-09-06T10:04:00,19.04,19.07,19.03,19.07,13877
2026-09-06T07:05:00.000Z,2026-09-06T10:05:00,19.07,19.07,19.05,19.05,2627
2026-09-06T07:06:00.000Z,2026-09-06T10:06:00,19.06,19.06,19.03,19.05,11815
2026-09-06T07:07:00.000Z,2026-09-06T10:07:00,19.05,19.05,19.03,19.05,16296
2026-09-06T07:08:00.000Z,2026-09-06T10:08:00,19.05,19.05,19.03,19.05,9446
2026-09-06T07:09:00.000Z,2026-09-06T10:09:00,19.05,19.05,19.03,19.03,12446
2026-09-06T07:10:00.000Z,2026-09-06T10:10:00,19.04,19.04,19.01,19.01,16420
2026-09-06T07:11:00.000Z,2026-09-06T10:11:00,19.04,19.05,19.01,19.05,9581
2026-09-06T07:12:00.000Z,2026-09-06T10:12:00,19.05,19.06,19.01,19.06,7962
2026-09-06T07:13:00.000Z,2026-09-06T10:13:00,19.06,19.06,19.03,19.03,792
2026-09-06T07:14:00.000Z,2026-09-06T10:14:00,19.05,19.06,19.03,19.05,7081
2026-09-06T07:15:00.000Z,2026-09-06T10:15:00,19.05,19.05,19.02,19.02,5865
2026-09-06T07:16:00.000Z,2026-09-06T10:16:00,19.05,19.05,19.01,19.04,47529
2026-09-06T07:17:00.000Z,2026-09-06T10:17:00,19.04,19.04,19.03,19.03,1134
2026-09-06T07:18:00.000Z,2026-09-06T10:18:00,19.03,19.03,19.02,19.02,3487
2026-09-06T07:19:00.000Z,2026-09-06T10:19:00,19.03,19.05,19.02,19.03,9382
2026-09-06T07:20:00.000Z,2026-09-06T10:20:00,19.05,19.05,19.02,19.03,4001
2026-09-06T07:21:00.000Z,2026-09-06T10:21:00,19.04,19.05,19.03,19.05,7013
2026-09-06T07:22:00.000Z,2026-09-06T10:22:00,19.05,19.05,19.04,19.04,5488
2026-09-06T07:23:00.000Z,2026-09-06T10:23:00,19.05,19.05,19.03,19.03,7043
2026-09-06T07:24:00.000Z,2026-09-06T10:24:00,19.04,19.04,19.03,19.04,4839
2026-09-06T07:25:00.000Z,2026-09-06T10:25:00,19.04,19.04,19.04,19.04,4862
2026-09-06T07:26:00.000Z,2026-09-06T10:26:00,19.04,19.05,19.03,19.05,6931
2026-09-06T07:27:00.000Z,2026-09-06T10:27:00,19.05,19.05,19.04,19.04,3414
2026-09-06T07:28:00.000Z,2026-09-06T10:28:00,19.05,19.06,19.04,19.06,38119
2026-09-06T07:29:00.000Z,2026-09-06T10:29:00,19.05,19.06,19.05,19.05,2735
2026-09-06T07:30:00.000Z,2026-09-06T10:30:00,19.06,19.06,19.03,19.03,10065
2026-09-06T07:31:00.000Z,2026-09-06T10:31:00,19.04,19.06,19.03,19.03,3321
2026-09-06T07:32:00.000Z,2026-09-06T10:32:00,19.06,19.06,19.06,19.06,1900
2026-09-06T07:33:00.000Z,2026-09-06T10:33:00,19.06,19.06,19.04,19.05,3113
2026-09-06T07:34:00.000Z,2026-09-06T10:34:00,19.05,19.06,19.04,19.06,5943
2026-09-06T07:35:00.000Z,2026-09-06T10:35:00,19.06,19.1,19.05,19.1,150730
2026-09-06T07:36:00.000Z,2026-09-06T10:36:00,19.1,19.12,19.1,19.12,56228
2026-09-06T07:37:00.000Z,2026-09-06T10:37:00,19.12,19.13,19.11,19.12,27414
2026-09-06T07:38:00.000Z,2026-09-06T10:38:00,19.13,19.15,19.13,19.15,83023
2026-09-06T07:39:00.000Z,2026-09-06T10:39:00,19.15,19.18,19.15,19.17,49352
2026-09-06T07:40:00.000Z,2026-09-06T10:40:00,19.18,19.2,19.17,19.2,88695
2026-09-06T07:41:00.000Z,2026-09-06T10:41:00,19.2,19.24,19.19,19.24,120582
2026-09-06T07:42:00.000Z,2026-09-06T10:42:00,19.24,19.5,19.23,19.45,1037736
2026-09-06T07:43:00.000Z,2026-09-06T10:43:00,19.42,19.45,19.25,19.4,602523
2026-09-06T07:44:00.000Z,2026-09-06T10:44:00,19.39,19.45,19.35,19.45,197654
2026-09-06T07:45:00.000Z,2026-09-06T10:45:00,19.45,19.46,19.4,19.44,174241
2026-09-06T07:46:00.000Z,2026-09-06T10:46:00,19.43,19.44,19.35,19.35,46332
2026-09-06T07:47:00.000Z,2026-09-06T10:47:00,19.35,19.4,19.35,19.4,12888
2026-09-06T07:48:00.000Z,2026-09-06T10:48:00,19.4,19.4,19.35,19.39,35500
2026-09-06T07:49:00.000Z,2026-09-06T10:49:00,19.36,19.39,19.36,19.39,11859
2026-09-06T07:50:00.000Z,2026-09-06T10:50:00,19.36,19.38,19.33,19.33,13144
2026-09-06T07:51:00.000Z,2026-09-06T10:51:00,19.33,19.35,19.32,19.35,3510
2026-09-06T07:52:00.000Z,2026-09-06T10:52:00,19.33,19.35,19.32,19.33,15223
2026-09-06T07:53:00.000Z,2026-09-06T10:53:00,19.34,19.34,19.32,19.32,10283
2026-09-06T07:54:00.000Z,2026-09-06T10:54:00,19.32,19.37,19.31,19.37,26051
2026-09-06T07:55:00.000Z,2026-09-06T10:55:00,19.37,19.37,19.36,19.37,12929
2026-09-06T07:56:00.000Z,2026-09-06T10:56:00,19.37,19.37,19.36,19.36,13246
2026-09-06T07:57:00.000Z,2026-09-06T10:57:00,19.37,19.37,19.36,19.37,22594
2026-09-06T07:58:00.000Z,2026-09-06T10:58:00,19.37,19.39,19.36,19.39,38668
2026-09-06T07:59:00.000Z,2026-09-06T10:59:00,19.37,19.39,19.37,19.38,28417
2026-09-06T08:00:00.000Z,2026-09-06T11:00:00,19.37,19.39,19.36,19.36,28912
2026-09-06T08:01:00.000Z,2026-09-06T11:01:00,19.37,19.42,19.36,19.41,209092
2026-09-06T08:02:00.000Z,2026-09-06T11:02:00,19.41,19.5,19.37,19.4,863801
2026-09-06T08:03:00.000Z,2026-09-06T11:03:00,19.45,19.45,19.41,19.41,25363
2026-09-06T08:04:00.000Z,2026-09-06T11:04:00,19.42,19.45,19.41,19.43,5448
2026-09-06T08:05:00.000Z,2026-09-06T11:05:00,19.43,19.45,19.39,19.4,42157
2026-09-06T08:06:00.000Z,2026-09-06T11:06:00,19.39,19.4,19.39,19.4,2000
2026-09-06T08:07:00.000Z,2026-09-06T11:07:00,19.39,19.4,19.37,19.38,14573
2026-09-06T08:08:00.000Z,2026-09-06T11:08:00,19.38,19.38,19.36,19.37,11280
2026-09-06T08:09:00.000Z,2026-09-06T11:09:00,19.36,19.37,19.36,19.36,7588
2026-09-06T08:10:00.000Z,2026-09-06T11:10:00,19.37,19.37,19.36,19.36,24714
2026-09-06T08:11:00.000Z,2026-09-06T11:11:00,19.36,19.37,19.36,19.37,4232
2026-09-06T08:12:00.000Z,2026-09-06T11:12:00,19.37,19.37,19.36,19.37,7853
2026-09-06T08:13:00.000Z,2026-09-06T11:13:00,19.36,19.37,19.36,19.36,9693
2026-09-06T08:14:00.000Z,2026-09-06T11:14:00,19.37,19.38,19.35,19.35,21006
2026-09-06T08:15:00.000Z,2026-09-06T11:15:00,19.35,19.35,19.33,19.33,24088
2026-09-06T08:16:00.000Z,2026-09-06T11:16:00,19.33,19.35,19.33,19.33,5333
2026-09-06T08:17:00.000Z,2026-09-06T11:17:00,19.33,19.35,19.33,19.35,25251
2026-09-06T08:18:00.000Z,2026-09-06T11:18:00,19.35,19.37,19.35,19.35,11424
2026-09-06T08:19:00.000Z,2026-09-06T11:19:00,19.35,19.37,19.35,19.35,1621
2026-09-06T08:20:00.000Z,2026-09-06T11:20:00,19.37,19.37,19.35,19.37,7411
2026-09-06T08:21:00.000Z,2026-09-06T11:21:00,19.35,19.37,19.35,19.35,3335
2026-09-06T08:22:00.000Z,2026-09-06T11:22:00,19.35,19.35,19.34,19.35,8829
2026-09-06T08:23:00.000Z,2026-09-06T11:23:00,19.35,19.35,19.33,19.34,11650
2026-09-06T08:24:00.000Z,2026-09-06T11:24:00,19.33,19.34,19.33,19.34,50936
2026-09-06T08:25:00.000Z,2026-09-06T11:25:00,19.34,19.34,19.34,19.34,4508
2026-09-06T08:26:00.000Z,2026-09-06T11:26:00,19.33,19.34,19.33,19.34,4145
2026-09-06T08:27:00.000Z,2026-09-06T11:27:00,19.34,19.36,19.33,19.36,4958
2026-09-06T08:28:00.000Z,2026-09-06T11:28:00,19.35,19.35,19.34,19.35,697
2026-09-06T08:29:00.000Z,2026-09-06T11:29:00,19.34,19.35,19.34,19.34,1875
2026-09-06T08:30:00.000Z,2026-09-06T11:30:00,19.34,19.35,19.33,19.33,18107
2026-09-06T08:31:00.000Z,2026-09-06T11:31:00,19.35,19.36,19.35,19.36,10365
2026-09-06T08:32:00.000Z,2026-09-06T11:32:00,19.36,19.36,19.35,19.35,1405
2026-09-06T08:33:00.000Z,2026-09-06T11:33:00,19.35,19.36,19.35,19.36,3543
2026-09-06T08:34:00.000Z,2026-09-06T11:34:00,19.36,19.36,19.35,19.35,5875
2026-09-06T08:35:00.000Z,2026-09-06T11:35:00,19.36,19.37,19.35,19.37,2428
2026-09-06T08:36:00.000Z,2026-09-06T11:36:00,19.36,19.36,19.35,19.35,405
2026-09-06T08:37:00.000Z,2026-09-06T11:37:00,19.35,19.37,19.35,19.37,5451
2026-09-06T08:38:00.000Z,2026-09-06T11:38:00,19.36,19.36,19.35,19.35,4292
2026-09-06T08:39:00.000Z,2026-09-06T11:39:00,19.35,19.37,19.35,19.35,1148
2026-09-06T08:40:00.000Z,2026-09-06T11:40:00,19.35,19.37,19.35,19.35,3935
2026-09-06T08:41:00.000Z,2026-09-06T11:41:00,19.37,19.37,19.34,19.35,3597
2026-09-06T08:42:00.000Z,2026-09-06T11:42:00,19.35,19.35,19.34,19.35,137992
2026-09-06T08:43:00.000Z,2026-09-06T11:43:00,19.35,19.35,19.34,19.35,11918
2026-09-06T08:44:00.000Z,2026-09-06T11:44:00,19.34,19.37,19.34,19.35,24040
2026-09-06T08:45:00.000Z,2026-09-06T11:45:00,19.35,19.37,19.35,19.35,158230
2026-09-06T08:46:00.000Z,2026-09-06T11:46:00,19.37,19.37,19.35,19.37,1279
2026-09-06T08:47:00.000Z,2026-09-06T11:47:00,19.37,19.37,19.35,19.35,5259
2026-09-06T08:48:00.000Z,2026-09-06T11:48:00,19.35,19.37,19.35,19.37,1383
2026-09-06T08:49:00.000Z,2026-09-06T11:49:00,19.35,19.37,19.35,19.37,880
2026-09-06T08:50:00.000Z,2026-09-06T11:50:00,19.35,19.36,19.34,19.35,4330
2026-09-06T08:51:00.000Z,2026-09-06T11:51:00,19.35,19.35,19.34,19.35,1344
2026-09-06T08:52:00.000Z,2026-09-06T11:52:00,19.35,19.35,19.34,19.35,1138
2026-09-06T08:53:00.000Z,2026-09-06T11:53:00,19.35,19.35,19.34,19.35,4393
2026-09-06T08:54:00.000Z,2026-09-06T11:54:00,19.35,19.35,19.34,19.35,21488
2026-09-06T08:55:00.000Z,2026-09-06T11:55:00,19.35,19.35,19.34,19.35,11836
2026-09-06T08:56:00.000Z,2026-09-06T11:56:00,19.35,19.35,19.35,19.35,11536
2026-09-06T08:57:00.000Z,2026-09-06T11:57:00,19.34,19.35,19.34,19.34,17768
2026-09-06T08:58:00.000Z,2026-09-06T11:58:00,19.35,19.35,19.34,19.35,13088
2026-09-06T08:59:00.000Z,2026-09-06T11:59:00,19.34,19.35,19.34,19.35,20658
2026-09-06T09:00:00.000Z,2026-09-06T12:00:00,19.34,19.35,19.34,19.34,56315
2026-09-06T09:01:00.000Z,2026-09-06T12:01:00,19.34,19.37,19.34,19.37,23330
2026-09-06T09:02:00.000Z,2026-09-06T12:02:00,19.35,19.37,19.34,19.35,900
2026-09-06T09:03:00.000Z,2026-09-06T12:03:00,19.35,19.35,19.35,19.35,2617
2026-09-06T09:04:00.000Z,2026-09-06T12:04:00,19.35,19.37,19.35,19.37,8888
2026-09-06T09:05:00.000Z,2026-09-06T12:05:00,19.38,19.38,19.37,19.38,10106
2026-09-06T09:06:00.000Z,2026-09-06T12:06:00,19.38,19.38,19.37,19.37,2708
2026-09-06T09:07:00.000Z,2026-09-06T12:07:00,19.38,19.38,19.37,19.37,4653
2026-09-06T09:08:00.000Z,2026-09-06T12:08:00,19.37,19.39,19.37,19.38,6541
2026-09-06T09:09:00.000Z,2026-09-06T12:09:00,19.39,19.4,19.38,19.4,165856
2026-09-06T09:10:00.000Z,2026-09-06T12:10:00,19.4,19.4,19.39,19.4,17029
2026-09-06T09:11:00.000Z,2026-09-06T12:11:00,19.4,19.4,19.37,19.39,2832
2026-09-06T09:12:00.000Z,2026-09-06T12:12:00,19.37,19.39,19.37,19.37,2035
2026-09-06T09:13:00.000Z,2026-09-06T12:13:00,19.37,19.37,19.37,19.37,6772
2026-09-06T09:14:00.000Z,2026-09-06T12:14:00,19.37,19.39,19.37,19.37,5239
2026-09-06T09:15:00.000Z,2026-09-06T12:15:00,19.37,19.37,19.36,19.37,2687
2026-09-06T09:16:00.000Z,2026-09-06T12:16:00,19.36,19.37,19.36,19.37,21590
2026-09-06T09:17:00.000Z,2026-09-06T12:17:00,19.36,19.39,19.36,19.37,4512
2026-09-06T09:18:00.000Z,2026-09-06T12:18:00,19.37,19.39,19.37,19.39,3331
2026-09-06T09:19:00.000Z,2026-09-06T12:19:00,19.39,19.39,19.39,19.39,5493
2026-09-06T09:20:00.000Z,2026-09-06T12:20:00,19.39,19.39,19.37,19.39,6182
2026-09-06T09:21:00.000Z,2026-09-06T12:21:00,19.37,19.37,19.36,19.36,2312
2026-09-06T09:22:00.000Z,2026-09-06T12:22:00,19.37,19.37,19.37,19.37,5735
2026-09-06T09:23:00.000Z,2026-09-06T12:23:00,19.36,19.37,19.36,19.37,1658
2026-09-06T09:24:00.000Z,2026-09-06T12:24:00,19.36,19.37,19.36,19.37,12552
2026-09-06T09:25:00.000Z,2026-09-06T12:25:00,19.36,19.36,19.36,19.36,1101
2026-09-06T09:26:00.000Z,2026-09-06T12:26:00,19.36,19.4,19.35,19.4,40621
2026-09-06T09:27:00.000Z,2026-09-06T12:27:00,19.36,19.4,19.36,19.39,3240
2026-09-06T09:28:00.000Z,2026-09-06T12:28:00,19.36,19.39,19.36,19.36,428
2026-09-06T09:29:00.000Z,2026-09-06T12:29:00,19.39,19.39,19.39,19.39,8913
2026-09-06T09:30:00.000Z,2026-09-06T12:30:00,19.39,19.39,19.36,19.36,1748
2026-09-06T09:31:00.000Z,2026-09-06T12:31:00,19.36,19.4,19.34,19.34,178938
2026-09-06T09:32:00.000Z,2026-09-06T12:32:00,19.4,19.4,19.36,19.4,39090
2026-09-06T09:33:00.000Z,2026-09-06T12:33:00,19.39,19.4,19.34,19.39,4824
2026-09-06T09:34:00.000Z,2026-09-06T12:34:00,19.34,19.38,19.34,19.38,570
2026-09-06T09:35:00.000Z,2026-09-06T12:35:00,19.38,19.38,19.38,19.38,520
2026-09-06T09:36:00.000Z,2026-09-06T12:36:00,19.39,19.39,19.38,19.38,1260
2026-09-06T09:37:00.000Z,2026-09-06T12:37:00,19.38,19.39,19.38,19.39,1201
2026-09-06T09:38:00.000Z,2026-09-06T12:38:00,19.38,19.39,19.35,19.35,16010
2026-09-06T09:39:00.000Z,2026-09-06T12:39:00,19.38,19.38,19.38,19.38,1
2026-09-06T09:40:00.000Z,2026-09-06T12:40:00,19.36,19.36,19.35,19.35,3070
2026-09-06T09:41:00.000Z,2026-09-06T12:41:00,19.35,19.36,19.35,19.36,12182
2026-09-06T09:42:00.000Z,2026-09-06T12:42:00,19.38,19.38,19.38,19.38,1084
2026-09-06T09:43:00.000Z,2026-09-06T12:43:00,19.38,19.38,19.38,19.38,530
2026-09-06T09:44:00.000Z,2026-09-06T12:44:00,19.36,19.37,19.36,19.37,4501
2026-09-06T09:45:00.000Z,2026-09-06T12:45:00,19.37,19.38,19.37,19.38,4219
2026-09-06T09:46:00.000Z,2026-09-06T12:46:00,19.37,19.37,19.36,19.36,6626
2026-09-06T09:47:00.000Z,2026-09-06T12:47:00,19.36,19.37,19.36,19.37,1071
2026-09-06T09:48:00.000Z,2026-09-06T12:48:00,19.37,19.37,19.36,19.36,995
2026-09-06T09:49:00.000Z,2026-09-06T12:49:00,19.37,19.37,19.37,19.37,2039
2026-09-06T09:50:00.000Z,2026-09-06T12:50:00,19.36,19.39,19.36,19.38,8125
2026-09-06T09:51:00.000Z,2026-09-06T12:51:00,19.39,19.39,19.38,19.39,859
2026-09-06T09:52:00.000Z,2026-09-06T12:52:00,19.39,19.39,19.39,19.39,57
2026-09-06T09:53:00.000Z,2026-09-06T12:53:00,19.38,19.4,19.38,19.4,28440
2026-09-06T09:54:00.000Z,2026-09-06T12:54:00,19.38,19.4,19.38,19.4,6043
2026-09-06T09:55:00.000Z,2026-09-06T12:55:00,19.39,19.4,19.39,19.39,25500
2026-09-06T09:56:00.000Z,2026-09-06T12:56:00,19.39,19.4,19.39,19.4,72006
2026-09-06T09:57:00.000Z,2026-09-06T12:57:00,19.39,19.4,19.39,19.4,45842
2026-09-06T09:58:00.000Z,2026-09-06T12:58:00,19.4,19.43,19.4,19.43,81744
2026-09-06T09:59:00.000Z,2026-09-06T12:59:00,19.43,19.43,19.41,19.43,1865
2026-09-06T10:00:00.000Z,2026-09-06T13:00:00,19.42,19.45,19.42,19.45,51497
2026-09-06T10:01:00.000Z,2026-09-06T13:01:00,19.45,19.45,19.44,19.45,92005
2026-09-06T10:02:00.000Z,2026-09-06T13:02:00,19.44,19.44,19.4,19.42,69373
2026-09-06T10:03:00.000Z,2026-09-06T13:03:00,19.44,19.44,19.39,19.4,54843
2026-09-06T10:04:00.000Z,2026-09-06T13:04:00,19.4,19.42,19.4,19.4,32498
2026-09-06T10:05:00.000Z,2026-09-06T13:05:00,19.4,19.4,19.39,19.39,9537
2026-09-06T10:06:00.000Z,2026-09-06T13:06:00,19.4,19.4,19.39,19.4,3450
2026-09-06T10:07:00.000Z,2026-09-06T13:07:00,19.39,19.4,19.39,19.4,28107
2026-09-06T10:08:00.000Z,2026-09-06T13:08:00,19.39,19.4,19.39,19.39,20368
2026-09-06T10:09:00.000Z,2026-09-06T13:09:00,19.39,19.4,19.39,19.39,3194
2026-09-06T10:10:00.000Z,2026-09-06T13:10:00,19.4,19.4,19.39,19.4,4770
2026-09-06T10:11:00.000Z,2026-09-06T13:11:00,19.39,19.4,19.38,19.38,18361
2026-09-06T10:12:00.000Z,2026-09-06T13:12:00,19.38,19.4,19.38,19.4,14113
2026-09-06T10:13:00.000Z,2026-09-06T13:13:00,19.4,19.4,19.4,19.4,11362
2026-09-06T10:14:00.000Z,2026-09-06T13:14:00,19.4,19.4,19.38,19.4,8391
2026-09-06T10:16:00.000Z,2026-09-06T13:16:00,19.38,19.39,19.38,19.39,10870
2026-09-06T10:17:00.000Z,2026-09-06T13:17:00,19.39,19.39,19.38,19.38,774
2026-09-06T10:18:00.000Z,2026-09-06T13:18:00,19.39,19.39,19.39,19.39,16887
2026-09-06T10:19:00.000Z,2026-09-06T13:19:00,19.39,19.39,19.37,19.37,22242
2026-09-06T10:20:00.000Z,2026-09-06T13:20:00,19.39,19.4,19.37,19.4,135084
2026-09-06T10:21:00.000Z,2026-09-06T13:21:00,19.4,19.4,19.37,19.38,556
2026-09-06T10:22:00.000Z,2026-09-06T13:22:00,19.37,19.38,19.36,19.36,6741
2026-09-06T10:23:00.000Z,2026-09-06T13:23:00,19.37,19.37,19.35,19.35,15754
2026-09-06T10:24:00.000Z,2026-09-06T13:24:00,19.35,19.5,19.35,19.49,1005907
2026-09-06T10:25:00.000Z,2026-09-06T13:25:00,19.36,19.49,19.36,19.41,10745
2026-09-06T10:26:00.000Z,2026-09-06T13:26:00,19.41,19.5,19.41,19.5,806245
2026-09-06T10:27:00.000Z,2026-09-06T13:27:00,19.49,19.55,19.42,19.49,314778
2026-09-06T10:28:00.000Z,2026-09-06T13:28:00,19.49,19.52,19.45,19.45,200935
2026-09-06T10:29:00.000Z,2026-09-06T13:29:00,19.49,19.54,19.45,19.5,81023
2026-09-06T10:30:00.000Z,2026-09-06T13:30:00,19.5,19.5,19.49,19.49,18680
2026-09-06T10:31:00.000Z,2026-09-06T13:31:00,19.49,19.49,19.45,19.45,5533
2026-09-06T10:32:00.000Z,2026-09-06T13:32:00,19.45,19.46,19.45,19.46,2583
2026-09-06T10:33:00.000Z,2026-09-06T13:33:00,19.46,19.48,19.46,19.48,1359
2026-09-06T10:34:00.000Z,2026-09-06T13:34:00,19.48,19.48,19.48,19.48,6019
2026-09-06T10:35:00.000Z,2026-09-06T13:35:00,19.47,19.49,19.46,19.49,102452
2026-09-06T10:36:00.000Z,2026-09-06T13:36:00,19.48,19.5,19.47,19.5,389699
2026-09-06T10:37:00.000Z,2026-09-06T13:37:00,19.5,19.5,19.45,19.45,16219
2026-09-06T10:38:00.000Z,2026-09-06T13:38:00,19.45,19.48,19.45,19.48,1123
2026-09-06T10:39:00.000Z,2026-09-06T13:39:00,19.48,19.5,19.45,19.5,173860
2026-09-06T10:40:00.000Z,2026-09-06T13:40:00,19.5,19.5,19.46,19.46,105083
2026-09-06T10:41:00.000Z,2026-09-06T13:41:00,19.47,19.5,19.47,19.5,38554
2026-09-06T10:42:00.000Z,2026-09-06T13:42:00,19.5,19.5,19.47,19.47,128177
2026-09-06T10:43:00.000Z,2026-09-06T13:43:00,19.47,19.49,19.47,19.49,3157
2026-09-06T10:44:00.000Z,2026-09-06T13:44:00,19.49,19.49,19.48,19.48,4862
2026-09-06T10:45:00.000Z,2026-09-06T13:45:00,19.49,19.5,19.48,19.48,8044
2026-09-06T10:46:00.000Z,2026-09-06T13:46:00,19.47,19.48,19.45,19.45,40064
2026-09-06T10:47:00.000Z,2026-09-06T13:47:00,19.44,19.44,19.4,19.41,88210
2026-09-06T10:48:00.000Z,2026-09-06T13:48:00,19.41,19.45,19.41,19.42,6278
2026-09-06T10:49:00.000Z,2026-09-06T13:49:00,19.41,19.42,19.4,19.4,87568
2026-09-06T10:50:00.000Z,2026-09-06T13:50:00,19.4,19.4,19.39,19.4,7470
2026-09-06T10:51:00.000Z,2026-09-06T13:51:00,19.4,19.4,19.4,19.4,16864
2026-09-06T10:52:00.000Z,2026-09-06T13:52:00,19.4,19.42,19.38,19.38,50231
2026-09-06T10:53:00.000Z,2026-09-06T13:53:00,19.42,19.45,19.39,19.39,21502
2026-09-06T10:54:00.000Z,2026-09-06T13:54:00,19.45,19.45,19.39,19.39,549
2026-09-06T10:55:00.000Z,2026-09-06T13:55:00,19.4,19.44,19.38,19.44,53951
2026-09-06T10:56:00.000Z,2026-09-06T13:56:00,19.4,19.5,19.4,19.5,300032
2026-09-06T10:57:00.000Z,2026-09-06T13:57:00,19.4,19.5,19.4,19.41,1822
2026-09-06T10:58:00.000Z,2026-09-06T13:58:00,19.49,19.49,19.49,19.49,1058
2026-09-06T10:59:00.000Z,2026-09-06T13:59:00,19.49,19.49,19.43,19.43,2657
2026-09-06T11:00:00.000Z,2026-09-06T14:00:00,19.47,19.47,19.43,19.43,10675
2026-09-06T11:01:00.000Z,2026-09-06T14:01:00,19.45,19.45,19.43,19.45,118986
2026-09-06T11:02:00.000Z,2026-09-06T14:02:00,19.43,19.45,19.43,19.44,3668
2026-09-06T11:03:00.000Z,2026-09-06T14:03:00,19.44,19.5,19.44,19.5,214247
2026-09-06T11:04:00.000Z,2026-09-06T14:04:00,19.5,19.5,19.45,19.45,26526
2026-09-06T11:05:00.000Z,2026-09-06T14:05:00,19.5,19.5,19.45,19.45,1149
2026-09-06T11:06:00.000Z,2026-09-06T14:06:00,19.49,19.5,19.45,19.45,35746
2026-09-06T11:07:00.000Z,2026-09-06T14:07:00,19.46,19.46,19.44,19.45,61005
2026-09-06T11:08:00.000Z,2026-09-06T14:08:00,19.46,19.46,19.45,19.46,4609
2026-09-06T11:09:00.000Z,2026-09-06T14:09:00,19.45,19.46,19.44,19.45,4402
2026-09-06T11:10:00.000Z,2026-09-06T14:10:00,19.46,19.5,19.46,19.5,2968
2026-09-06T11:11:00.000Z,2026-09-06T14:11:00,19.46,19.46,19.46,19.46,2294
2026-09-06T11:12:00.000Z,2026-09-06T14:12:00,19.49,19.5,19.49,19.5,94291
2026-09-06T11:13:00.000Z,2026-09-06T14:13:00,19.49,19.49,19.48,19.48,4220
2026-09-06T11:14:00.000Z,2026-09-06T14:14:00,19.48,19.49,19.48,19.49,3294
2026-09-06T11:25:00.000Z,2026-09-06T14:25:00,19.45,19.45,19.45,19.45,189884
2026-09-06T11:26:00.000Z,2026-09-06T14:26:00,19.45,19.45,19.45,19.45,7260
2026-09-06T11:27:00.000Z,2026-09-06T14:27:00,19.45,19.45,19.45,19.45,48082
2026-09-06T11:28:00.000Z,2026-09-06T14:28:00,19.45,19.45,19.45,19.45,24727
2026-09-06T11:29:00.000Z,2026-09-06T14:29:00,19.45,19.45,19.45,19.45,4100
2026-09-07T07:00:00.000Z,2026-09-07T10:00:00,19.5,19.55,19.5,19.55,165067
2026-09-07T07:01:00.000Z,2026-09-07T10:01:00,19.51,19.54,19.51,19.54,1755
2026-09-07T07:02:00.000Z,2026-09-07T10:02:00,19.54,19.57,19.54,19.57,64804
2026-09-07T07:03:00.000Z,2026-09-07T10:03:00,19.57,19.6,19.56,19.59,151772
2026-09-07T07:04:00.000Z,2026-09-07T10:04:00,19.6,19.6,19.59,19.6,189334
2026-09-07T07:05:00.000Z,2026-09-07T10:05:00,19.59,19.6,19.59,19.6,142285
2026-09-07T07:06:00.000Z,2026-09-07T10:06:00,19.61,19.65,19.6,19.62,92418
2026-09-07T07:07:00.000Z,2026-09-07T10:07:00,19.63,19.68,19.62,19.68,83359
2026-09-07T07:08:00.000Z,2026-09-07T10:08:00,19.66,19.71,19.66,19.69,220851
2026-09-07T07:09:00.000Z,2026-09-07T10:09:00,19.71,19.75,19.69,19.74,116818
2026-09-07T07:10:00.000Z,2026-09-07T10:10:00,19.73,19.78,19.7,19.77,210459
2026-09-07T07:11:00.000Z,2026-09-07T10:11:00,19.76,19.77,19.7,19.7,59130
2026-09-07T07:12:00.000Z,2026-09-07T10:12:00,19.67,19.74,19.66,19.66,1610664
2026-09-07T07:13:00.000Z,2026-09-07T10:13:00,19.67,19.67,19.67,19.67,2954
2026-09-07T07:14:00.000Z,2026-09-07T10:14:00,19.68,19.68,19.61,19.65,337854
2026-09-07T07:15:00.000Z,2026-09-07T10:15:00,19.65,19.65,19.61,19.65,5967
2026-09-07T07:16:00.000Z,2026-09-07T10:16:00,19.65,19.65,19.6,19.6,8565
2026-09-07T07:17:00.000Z,2026-09-07T10:17:00,19.61,19.64,19.61,19.64,5263
2026-09-07T07:18:00.000Z,2026-09-07T10:18:00,19.63,19.63,19.6,19.6,71538
2026-09-07T07:19:00.000Z,2026-09-07T10:19:00,19.6,19.63,19.59,19.63,20260
2026-09-07T07:20:00.000Z,2026-09-07T10:20:00,19.61,19.63,19.6,19.6,140259
2026-09-07T07:21:00.000Z,2026-09-07T10:21:00,19.6,19.6,19.59,19.59,30506
2026-09-07T07:22:00.000Z,2026-09-07T10:22:00,19.59,19.6,19.56,19.6,72677
2026-09-07T07:23:00.000Z,2026-09-07T10:23:00,19.57,19.6,19.56,19.6,97896
2026-09-07T07:24:00.000Z,2026-09-07T10:24:00,19.6,19.63,19.6,19.6,8874
2026-09-07T07:25:00.000Z,2026-09-07T10:25:00,19.63,19.63,19.59,19.63,29777
2026-09-07T07:26:00.000Z,2026-09-07T10:26:00,19.6,19.64,19.6,19.64,14716
2026-09-07T07:27:00.000Z,2026-09-07T10:27:00,19.64,19.64,19.63,19.63,3948
2026-09-07T07:28:00.000Z,2026-09-07T10:28:00,19.63,19.64,19.6,19.63,149356
2026-09-07T07:29:00.000Z,2026-09-07T10:29:00,19.63,19.63,19.6,19.6,25763
2026-09-07T07:30:00.000Z,2026-09-07T10:30:00,19.62,19.63,19.6,19.63,4171
2026-09-07T07:31:00.000Z,2026-09-07T10:31:00,19.61,19.63,19.61,19.63,2852
2026-09-07T07:32:00.000Z,2026-09-07T10:32:00,19.63,19.63,19.61,19.61,2919
2026-09-07T07:33:00.000Z,2026-09-07T10:33:00,19.62,19.62,19.61,19.62,1030
2026-09-07T07:34:00.000Z,2026-09-07T10:34:00,19.61,19.62,19.61,19.62,19437
2026-09-07T07:35:00.000Z,2026-09-07T10:35:00,19.62,19.63,19.6,19.62,5781
2026-09-07T07:36:00.000Z,2026-09-07T10:36:00,19.61,19.64,19.61,19.63,26203
2026-09-07T07:37:00.000Z,2026-09-07T10:37:00,19.63,19.64,19.63,19.63,7008
2026-09-07T07:38:00.000Z,2026-09-07T10:38:00,19.64,19.64,19.63,19.63,5030
2026-09-07T07:39:00.000Z,2026-09-07T10:39:00,19.64,19.64,19.62,19.62,3558
2026-09-07T07:40:00.000Z,2026-09-07T10:40:00,19.63,19.63,19.62,19.62,27287
2026-09-07T07:41:00.000Z,2026-09-07T10:41:00,19.63,19.63,19.61,19.61,17542
2026-09-07T07:42:00.000Z,2026-09-07T10:42:00,19.62,19.62,19.61,19.61,8106
2026-09-07T07:43:00.000Z,2026-09-07T10:43:00,19.61,19.63,19.59,19.59,90117
2026-09-07T07:44:00.000Z,2026-09-07T10:44:00,19.6,19.6,19.59,19.59,130208
2026-09-07T07:45:00.000Z,2026-09-07T10:45:00,19.6,19.62,19.59,19.59,22139
2026-09-07T07:46:00.000Z,2026-09-07T10:46:00,19.59,19.6,19.59,19.59,25323
2026-09-07T07:47:00.000Z,2026-09-07T10:47:00,19.59,19.6,19.58,19.59,41574
2026-09-07T07:48:00.000Z,2026-09-07T10:48:00,19.59,19.63,19.59,19.63,171447
2026-09-07T07:49:00.000Z,2026-09-07T10:49:00,19.62,19.63,19.62,19.62,51308
2026-09-07T07:50:00.000Z,2026-09-07T10:50:00,19.64,19.67,19.63,19.67,88605
2026-09-07T07:51:00.000Z,2026-09-07T10:51:00,19.67,19.69,19.65,19.65,25643
2026-09-07T07:52:00.000Z,2026-09-07T10:52:00,19.67,19.67,19.65,19.65,3666
2026-09-07T07:53:00.000Z,2026-09-07T10:53:00,19.66,19.67,19.65,19.65,18036
2026-09-07T07:54:00.000Z,2026-09-07T10:54:00,19.64,19.65,19.64,19.65,6702
2026-09-07T07:55:00.000Z,2026-09-07T10:55:00,19.64,19.67,19.64,19.65,9392
2026-09-07T07:56:00.000Z,2026-09-07T10:56:00,19.66,19.68,19.65,19.68,22989
2026-09-07T07:57:00.000Z,2026-09-07T10:57:00,19.65,19.68,19.65,19.65,98591
2026-09-07T07:58:00.000Z,2026-09-07T10:58:00,19.65,19.69,19.65,19.65,159181
2026-09-07T07:59:00.000Z,2026-09-07T10:59:00,19.65,19.68,19.64,19.68,33234
2026-09-07T08:00:00.000Z,2026-09-07T11:00:00,19.68,19.68,19.65,19.66,71129
2026-09-07T08:01:00.000Z,2026-09-07T11:01:00,19.66,19.7,19.66,19.7,97653
2026-09-07T08:02:00.000Z,2026-09-07T11:02:00,19.7,19.71,19.68,19.7,266010
2026-09-07T08:03:00.000Z,2026-09-07T11:03:00,19.71,19.76,19.7,19.76,474741
2026-09-07T08:04:00.000Z,2026-09-07T11:04:00,19.76,19.76,19.7,19.75,167353
2026-09-07T08:05:00.000Z,2026-09-07T11:05:00,19.71,19.75,19.7,19.73,95741
2026-09-07T08:06:00.000Z,2026-09-07T11:06:00,19.74,19.75,19.72,19.75,31149
2026-09-07T08:07:00.000Z,2026-09-07T11:07:00,19.75,19.75,19.73,19.74,33639
2026-09-07T08:08:00.000Z,2026-09-07T11:08:00,19.75,19.75,19.74,19.74,16686
2026-09-07T08:09:00.000Z,2026-09-07T11:09:00,19.75,19.76,19.74,19.75,36254
2026-09-07T08:10:00.000Z,2026-09-07T11:10:00,19.75,19.75,19.72,19.72,9170
2026-09-07T08:11:00.000Z,2026-09-07T11:11:00,19.72,19.75,19.7,19.7,105009
2026-09-07T08:12:00.000Z,2026-09-07T11:12:00,19.71,19.71,19.7,19.7,20426
2026-09-07T08:13:00.000Z,2026-09-07T11:13:00,19.7,19.73,19.7,19.7,9518
2026-09-07T08:14:00.000Z,2026-09-07T11:14:00,19.72,19.73,19.69,19.7,54296
2026-09-07T08:15:00.000Z,2026-09-07T11:15:00,19.7,19.7,19.67,19.67,16299
2026-09-07T08:16:00.000Z,2026-09-07T11:16:00,19.67,19.69,19.67,19.67,5104
2026-09-07T08:17:00.000Z,2026-09-07T11:17:00,19.67,19.7,19.67,19.7,26917
2026-09-07T08:18:00.000Z,2026-09-07T11:18:00,19.7,19.71,19.68,19.7,51999
2026-09-07T08:19:00.000Z,2026-09-07T11:19:00,19.7,19.71,19.7,19.7,6847
2026-09-07T08:20:00.000Z,2026-09-07T11:20:00,19.7,19.71,19.7,19.7,6039
2026-09-07T08:21:00.000Z,2026-09-07T11:21:00,19.7,19.7,19.7,19.7,15523
2026-09-07T08:22:00.000Z,2026-09-07T11:22:00,19.71,19.71,19.65,19.71,34725
2026-09-07T08:23:00.000Z,2026-09-07T11:23:00,19.71,19.73,19.65,19.66,52395
2026-09-07T08:24:00.000Z,2026-09-07T11:24:00,19.73,19.73,19.66,19.72,1338
2026-09-07T08:25:00.000Z,2026-09-07T11:25:00,19.72,19.72,19.67,19.72,1702
2026-09-07T08:26:00.000Z,2026-09-07T11:26:00,19.72,19.72,19.72,19.72,1039
2026-09-07T08:27:00.000Z,2026-09-07T11:27:00,19.72,19.72,19.7,19.7,5589
2026-09-07T08:28:00.000Z,2026-09-07T11:28:00,19.7,19.72,19.7,19.72,30613
2026-09-07T08:29:00.000Z,2026-09-07T11:29:00,19.71,19.73,19.7,19.73,9797
2026-09-07T08:30:00.000Z,2026-09-07T11:30:00,19.73,19.73,19.71,19.72,5111
2026-09-07T08:31:00.000Z,2026-09-07T11:31:00,19.72,19.72,19.71,19.72,21774
2026-09-07T08:32:00.000Z,2026-09-07T11:32:00,19.71,19.72,19.71,19.71,3624
2026-09-07T08:33:00.000Z,2026-09-07T11:33:00,19.72,19.73,19.71,19.73,11919
2026-09-07T08:34:00.000Z,2026-09-07T11:34:00,19.71,19.71,19.7,19.7,54821
2026-09-07T08:35:00.000Z,2026-09-07T11:35:00,19.72,19.72,19.7,19.7,8332
2026-09-07T08:36:00.000Z,2026-09-07T11:36:00,19.71,19.71,19.7,19.7,8891
2026-09-07T08:37:00.000Z,2026-09-07T11:37:00,19.71,19.71,19.71,19.71,2330
2026-09-07T08:38:00.000Z,2026-09-07T11:38:00,19.72,19.72,19.7,19.72,9411
2026-09-07T08:39:00.000Z,2026-09-07T11:39:00,19.72,19.74,19.71,19.73,180066
2026-09-07T08:40:00.000Z,2026-09-07T11:40:00,19.74,19.75,19.73,19.75,48074
2026-09-07T08:41:00.000Z,2026-09-07T11:41:00,19.73,19.73,19.7,19.7,198593
2026-09-07T08:42:00.000Z,2026-09-07T11:42:00,19.73,19.73,19.69,19.7,67566
2026-09-07T08:43:00.000Z,2026-09-07T11:43:00,19.71,19.72,19.69,19.7,51356
2026-09-07T08:44:00.000Z,2026-09-07T11:44:00,19.69,19.72,19.69,19.7,13093
2026-09-07T08:45:00.000Z,2026-09-07T11:45:00,19.69,19.7,19.69,19.7,3162
2026-09-07T08:46:00.000Z,2026-09-07T11:46:00,19.69,19.7,19.69,19.7,16456
2026-09-07T08:47:00.000Z,2026-09-07T11:47:00,19.7,19.7,19.69,19.69,501
2026-09-07T08:48:00.000Z,2026-09-07T11:48:00,19.7,19.7,19.67,19.67,15186
2026-09-07T08:49:00.000Z,2026-09-07T11:49:00,19.67,19.7,19.66,19.67,48487
2026-09-07T08:50:00.000Z,2026-09-07T11:50:00,19.67,19.67,19.66,19.66,51463
2026-09-07T08:51:00.000Z,2026-09-07T11:51:00,19.65,19.67,19.65,19.66,25695
2026-09-07T08:52:00.000Z,2026-09-07T11:52:00,19.66,19.67,19.65,19.65,20434
2026-09-07T08:53:00.000Z,2026-09-07T11:53:00,19.67,19.67,19.65,19.65,1556
2026-09-07T08:54:00.000Z,2026-09-07T11:54:00,19.66,19.67,19.65,19.67,3632
2026-09-07T08:55:00.000Z,2026-09-07T11:55:00,19.67,19.68,19.67,19.68,147003
2026-09-07T08:56:00.000Z,2026-09-07T11:56:00,19.69,19.69,19.67,19.67,9786
2026-09-07T08:57:00.000Z,2026-09-07T11:57:00,19.67,19.67,19.67,19.67,2000
2026-09-07T08:58:00.000Z,2026-09-07T11:58:00,19.69,19.69,19.68,19.68,29938
2026-09-07T08:59:00.000Z,2026-09-07T11:59:00,19.68,19.69,19.67,19.69,16534
2026-09-07T09:00:00.000Z,2026-09-07T12:00:00,19.69,19.7,19.68,19.69,10571
2026-09-07T09:01:00.000Z,2026-09-07T12:01:00,19.69,19.69,19.69,19.69,1710
2026-09-07T09:02:00.000Z,2026-09-07T12:02:00,19.68,19.68,19.67,19.68,50142
2026-09-07T09:03:00.000Z,2026-09-07T12:03:00,19.68,19.68,19.67,19.67,30005
2026-09-07T09:04:00.000Z,2026-09-07T12:04:00,19.67,19.68,19.67,19.68,100655
2026-09-07T09:05:00.000Z,2026-09-07T12:05:00,19.68,19.68,19.67,19.68,35883
2026-09-07T09:06:00.000Z,2026-09-07T12:06:00,19.68,19.68,19.66,19.66,29511
2026-09-07T09:07:00.000Z,2026-09-07T12:07:00,19.66,19.68,19.65,19.65,22205
2026-09-07T09:08:00.000Z,2026-09-07T12:08:00,19.66,19.66,19.65,19.66,17326
2026-09-07T09:09:00.000Z,2026-09-07T12:09:00,19.66,19.66,19.65,19.66,14407
2026-09-07T09:10:00.000Z,2026-09-07T12:10:00,19.67,19.67,19.65,19.66,25025
2026-09-07T09:11:00.000Z,2026-09-07T12:11:00,19.67,19.68,19.66,19.66,4712
2026-09-07T09:12:00.000Z,2026-09-07T12:12:00,19.68,19.68,19.65,19.65,116230
2026-09-07T09:13:00.000Z,2026-09-07T12:13:00,19.65,19.69,19.65,19.66,36805
2026-09-07T09:14:00.000Z,2026-09-07T12:14:00,19.69,19.69,19.66,19.66,10291
2026-09-07T09:15:00.000Z,2026-09-07T12:15:00,19.66,19.68,19.65,19.68,6792
2026-09-07T09:16:00.000Z,2026-09-07T12:16:00,19.68,19.69,19.68,19.68,2872
2026-09-07T09:17:00.000Z,2026-09-07T12:17:00,19.68,19.69,19.68,19.68,2965
2026-09-07T09:18:00.000Z,2026-09-07T12:18:00,19.69,19.69,19.68,19.68,10398
2026-09-07T09:19:00.000Z,2026-09-07T12:19:00,19.69,19.69,19.68,19.68,4919
2026-09-07T09:20:00.000Z,2026-09-07T12:20:00,19.68,19.69,19.67,19.69,9427
2026-09-07T09:21:00.000Z,2026-09-07T12:21:00,19.67,19.69,19.67,19.69,19656
2026-09-07T09:22:00.000Z,2026-09-07T12:22:00,19.67,19.67,19.67,19.67,967
2026-09-07T09:23:00.000Z,2026-09-07T12:23:00,19.67,19.69,19.67,19.69,3169
2026-09-07T09:24:00.000Z,2026-09-07T12:24:00,19.68,19.69,19.68,19.68,18016
2026-09-07T09:25:00.000Z,2026-09-07T12:25:00,19.69,19.69,19.67,19.67,8424
2026-09-07T09:26:00.000Z,2026-09-07T12:26:00,19.67,19.68,19.66,19.68,10784
2026-09-07T09:27:00.000Z,2026-09-07T12:27:00,19.68,19.68,19.68,19.68,607
2026-09-07T09:28:00.000Z,2026-09-07T12:28:00,19.66,19.68,19.66,19.68,24793
2026-09-07T09:29:00.000Z,2026-09-07T12:29:00,19.67,19.68,19.67,19.68,4264
2026-09-07T09:30:00.000Z,2026-09-07T12:30:00,19.68,19.69,19.68,19.69,1000
2026-09-07T09:31:00.000Z,2026-09-07T12:31:00,19.68,19.68,19.66,19.66,231
2026-09-07T09:32:00.000Z,2026-09-07T12:32:00,19.66,19.68,19.65,19.68,12099
2026-09-07T09:33:00.000Z,2026-09-07T12:33:00,19.68,19.68,19.68,19.68,10660
2026-09-07T09:34:00.000Z,2026-09-07T12:34:00,19.67,19.69,19.67,19.67,19570
2026-09-07T09:35:00.000Z,2026-09-07T12:35:00,19.68,19.68,19.67,19.68,40343
2026-09-07T09:36:00.000Z,2026-09-07T12:36:00,19.68,19.68,19.67,19.67,38849
2026-09-07T09:37:00.000Z,2026-09-07T12:37:00,19.67,19.68,19.67,19.68,539
2026-09-07T09:38:00.000Z,2026-09-07T12:38:00,19.67,19.68,19.67,19.68,10949
2026-09-07T09:39:00.000Z,2026-09-07T12:39:00,19.67,19.68,19.67,19.68,13788
2026-09-07T09:40:00.000Z,2026-09-07T12:40:00,19.67,19.68,19.67,19.68,11093
2026-09-07T09:41:00.000Z,2026-09-07T12:41:00,19.68,19.68,19.65,19.65,87215
2026-09-07T09:42:00.000Z,2026-09-07T12:42:00,19.68,19.68,19.65,19.66,2357
2026-09-07T09:43:00.000Z,2026-09-07T12:43:00,19.67,19.68,19.66,19.66,63525
2026-09-07T09:44:00.000Z,2026-09-07T12:44:00,19.66,19.67,19.66,19.66,6755
2026-09-07T09:45:00.000Z,2026-09-07T12:45:00,19.66,19.67,19.66,19.67,1980
2026-09-07T09:46:00.000Z,2026-09-07T12:46:00,19.67,19.68,19.66,19.66,15993
2026-09-07T09:47:00.000Z,2026-09-07T12:47:00,19.67,19.68,19.67,19.68,787
2026-09-07T09:48:00.000Z,2026-09-07T12:48:00,19.67,19.68,19.66,19.68,17334
2026-09-07T09:49:00.000Z,2026-09-07T12:49:00,19.68,19.68,19.67,19.67,2036
2026-09-07T09:50:00.000Z,2026-09-07T12:50:00,19.67,19.68,19.66,19.68,12981
2026-09-07T09:51:00.000Z,2026-09-07T12:51:00,19.66,19.67,19.66,19.67,3287
2026-09-07T09:52:00.000Z,2026-09-07T12:52:00,19.67,19.67,19.66,19.67,16509
2026-09-07T09:53:00.000Z,2026-09-07T12:53:00,19.66,19.67,19.65,19.65,85389
2026-09-07T09:54:00.000Z,2026-09-07T12:54:00,19.67,19.67,19.65,19.66,48
2026-09-07T09:55:00.000Z,2026-09-07T12:55:00,19.66,19.67,19.65,19.65,22388
2026-09-07T09:56:00.000Z,2026-09-07T12:56:00,19.65,19.67,19.65,19.67,50077
2026-09-07T09:57:00.000Z,2026-09-07T12:57:00,19.66,19.67,19.66,19.66,226699
2026-09-07T09:58:00.000Z,2026-09-07T12:58:00,19.66,19.66,19.6,19.66,334016
2026-09-07T09:59:00.000Z,2026-09-07T12:59:00,19.61,19.65,19.61,19.63,6745
2026-09-07T10:00:00.000Z,2026-09-07T13:00:00,19.63,19.65,19.6,19.61,171190
2026-09-07T10:01:00.000Z,2026-09-07T13:01:00,19.63,19.63,19.61,19.62,20477
2026-09-07T10:02:00.000Z,2026-09-07T13:02:00,19.62,19.63,19.62,19.62,1001
2026-09-07T10:03:00.000Z,2026-09-07T13:03:00,19.63,19.63,19.62,19.62,104
2026-09-07T10:04:00.000Z,2026-09-07T13:04:00,19.61,19.61,19.61,19.61,4091
2026-09-07T10:05:00.000Z,2026-09-07T13:05:00,19.62,19.63,19.62,19.63,10674
2026-09-07T10:06:00.000Z,2026-09-07T13:06:00,19.62,19.62,19.61,19.61,7050
2026-09-07T10:07:00.000Z,2026-09-07T13:07:00,19.61,19.63,19.61,19.63,2558
2026-09-07T10:08:00.000Z,2026-09-07T13:08:00,19.62,19.65,19.62,19.65,36919
2026-09-07T10:09:00.000Z,2026-09-07T13:09:00,19.65,19.65,19.63,19.65,218
2026-09-07T10:10:00.000Z,2026-09-07T13:10:00,19.65,19.66,19.63,19.63,8936
2026-09-07T10:11:00.000Z,2026-09-07T13:11:00,19.63,19.66,19.63,19.66,26305
2026-09-07T10:12:00.000Z,2026-09-07T13:12:00,19.65,19.66,19.62,19.66,66628
2026-09-07T10:13:00.000Z,2026-09-07T13:13:00,19.66,19.66,19.65,19.66,50613
2026-09-07T10:14:00.000Z,2026-09-07T13:14:00,19.66,19.66,19.64,19.64,16482
2026-09-07T10:15:00.000Z,2026-09-07T13:15:00,19.65,19.65,19.63,19.64,61029
2026-09-07T10:16:00.000Z,2026-09-07T13:16:00,19.64,19.64,19.61,19.63,63497
2026-09-07T10:17:00.000Z,2026-09-07T13:17:00,19.62,19.63,19.62,19.63,372
2026-09-07T10:18:00.000Z,2026-09-07T13:18:00,19.63,19.64,19.63,19.64,5458
2026-09-07T10:19:00.000Z,2026-09-07T13:19:00,19.64,19.64,19.63,19.64,8614
2026-09-07T10:20:00.000Z,2026-09-07T13:20:00,19.64,19.64,19.63,19.63,497
2026-09-07T10:21:00.000Z,2026-09-07T13:21:00,19.64,19.64,19.62,19.63,8712
2026-09-07T10:22:00.000Z,2026-09-07T13:22:00,19.62,19.63,19.62,19.62,8273
2026-09-07T10:23:00.000Z,2026-09-07T13:23:00,19.62,19.63,19.62,19.63,3052
2026-09-07T10:24:00.000Z,2026-09-07T13:24:00,19.63,19.63,19.63,19.63,10001
2026-09-07T10:25:00.000Z,2026-09-07T13:25:00,19.63,19.63,19.62,19.63,23952
2026-09-07T10:26:00.000Z,2026-09-07T13:26:00,19.62,19.63,19.62,19.63,52183
2026-09-07T10:27:00.000Z,2026-09-07T13:27:00,19.63,19.64,19.63,19.64,51833
2026-09-07T10:28:00.000Z,2026-09-07T13:28:00,19.63,19.64,19.63,19.64,8033
2026-09-07T10:29:00.000Z,2026-09-07T13:29:00,19.65,19.65,19.64,19.65,1927
2026-09-07T10:30:00.000Z,2026-09-07T13:30:00,19.65,19.65,19.65,19.65,254
2026-09-07T10:31:00.000Z,2026-09-07T13:31:00,19.64,19.65,19.64,19.65,1955
2026-09-07T10:32:00.000Z,2026-09-07T13:32:00,19.64,19.65,19.64,19.64,22606
2026-09-07T10:33:00.000Z,2026-09-07T13:33:00,19.65,19.65,19.64,19.65,23150
2026-09-07T10:34:00.000Z,2026-09-07T13:34:00,19.65,19.66,19.64,19.66,47992
2026-09-07T10:35:00.000Z,2026-09-07T13:35:00,19.65,19.66,19.65,19.66,15222
2026-09-07T10:36:00.000Z,2026-09-07T13:36:00,19.66,19.66,19.66,19.66,3500
2026-09-07T10:37:00.000Z,2026-09-07T13:37:00,19.67,19.67,19.66,19.66,15635
2026-09-07T10:38:00.000Z,2026-09-07T13:38:00,19.66,19.66,19.66,19.66,971
2026-09-07T10:39:00.000Z,2026-09-07T13:39:00,19.67,19.67,19.65,19.67,96711
2026-09-07T10:40:00.000Z,2026-09-07T13:40:00,19.66,19.66,19.66,19.66,2659
2026-09-07T10:41:00.000Z,2026-09-07T13:41:00,19.66,19.66,19.65,19.66,41688
2026-09-07T10:42:00.000Z,2026-09-07T13:42:00,19.67,19.67,19.65,19.66,17151
2026-09-07T10:43:00.000Z,2026-09-07T13:43:00,19.66,19.67,19.65,19.67,22234
2026-09-07T10:44:00.000Z,2026-09-07T13:44:00,19.66,19.66,19.66,19.66,4000
2026-09-07T10:45:00.000Z,2026-09-07T13:45:00,19.66,19.66,19.66,19.66,36500
2026-09-07T10:46:00.000Z,2026-09-07T13:46:00,19.66,19.67,19.66,19.66,2536
2026-09-07T10:47:00.000Z,2026-09-07T13:47:00,19.67,19.67,19.67,19.67,49295
2026-09-07T10:48:00.000Z,2026-09-07T13:48:00,19.66,19.67,19.66,19.66,7798
2026-09-07T10:49:00.000Z,2026-09-07T13:49:00,19.66,19.66,19.65,19.65,177840
2026-09-07T10:50:00.000Z,2026-09-07T13:50:00,19.65,19.66,19.65,19.65,11589
2026-09-07T10:51:00.000Z,2026-09-07T13:51:00,19.67,19.67,19.65,19.67,710
2026-09-07T10:52:00.000Z,2026-09-07T13:52:00,19.67,19.67,19.66,19.67,46672
2026-09-07T10:53:00.000Z,2026-09-07T13:53:00,19.66,19.67,19.66,19.67,26650
2026-09-07T10:54:00.000Z,2026-09-07T13:54:00,19.67,19.67,19.67,19.67,1
2026-09-07T10:55:00.000Z,2026-09-07T13:55:00,19.67,19.67,19.66,19.66,1805
2026-09-07T10:56:00.000Z,2026-09-07T13:56:00,19.66,19.66,19.66,19.66,6340
2026-09-07T10:57:00.000Z,2026-09-07T13:57:00,19.66,19.67,19.66,19.67,5754
2026-09-07T10:58:00.000Z,2026-09-07T13:58:00,19.66,19.67,19.65,19.66,1967
2026-09-07T10:59:00.000Z,2026-09-07T13:59:00,19.66,19.67,19.66,19.66,20690
2026-09-07T11:00:00.000Z,2026-09-07T14:00:00,19.67,19.67,19.65,19.66,31395
2026-09-07T11:01:00.000Z,2026-09-07T14:01:00,19.66,19.67,19.65,19.65,46956
2026-09-07T11:02:00.000Z,2026-09-07T14:02:00,19.67,19.67,19.65,19.65,3901
2026-09-07T11:03:00.000Z,2026-09-07T14:03:00,19.65,19.67,19.65,19.65,13365
2026-09-07T11:04:00.000Z,2026-09-07T14:04:00,19.66,19.68,19.66,19.66,214922
2026-09-07T11:05:00.000Z,2026-09-07T14:05:00,19.66,19.67,19.65,19.66,104214
2026-09-07T11:06:00.000Z,2026-09-07T14:06:00,19.67,19.69,19.65,19.69,187947
2026-09-07T11:07:00.000Z,2026-09-07T14:07:00,19.69,19.69,19.67,19.67,31366
2026-09-07T11:08:00.000Z,2026-09-07T14:08:00,19.68,19.69,19.66,19.66,133959
2026-09-07T11:09:00.000Z,2026-09-07T14:09:00,19.67,19.68,19.66,19.67,13224
2026-09-07T11:10:00.000Z,2026-09-07T14:10:00,19.66,19.67,19.65,19.65,163146
2026-09-07T11:11:00.000Z,2026-09-07T14:11:00,19.65,19.66,19.65,19.66,1070
2026-09-07T11:12:00.000Z,2026-09-07T14:12:00,19.66,19.66,19.65,19.66,8641
2026-09-07T11:13:00.000Z,2026-09-07T14:13:00,19.66,19.66,19.65,19.65,4883
2026-09-07T11:14:00.000Z,2026-09-07T14:14:00,19.66,19.66,19.65,19.66,1018
2026-09-07T11:15:00.000Z,2026-09-07T14:15:00,19.65,19.65,19.65,19.65,10
2026-09-07T11:25:00.000Z,2026-09-07T14:25:00,19.66,19.66,19.66,19.66,181363
2026-09-07T11:26:00.000Z,2026-09-07T14:26:00,19.66,19.66,19.66,19.66,1007
2026-09-07T11:27:00.000Z,2026-09-07T14:27:00,19.66,19.66,19.66,19.66,13413
2026-09-07T11:28:00.000Z,2026-09-07T14:28:00,19.66,19.66,19.66,19.66,22000
2026-09-08T07:01:00.000Z,2026-09-08T10:01:00,19.67,19.69,19.61,19.69,46678
2026-09-08T07:02:00.000Z,2026-09-08T10:02:00,19.69,19.69,19.61,19.61,683
2026-09-08T07:03:00.000Z,2026-09-08T10:03:00,19.61,19.68,19.6,19.67,18361
2026-09-08T07:05:00.000Z,2026-09-08T10:05:00,19.6,19.66,19.6,19.65,5997
2026-09-08T07:06:00.000Z,2026-09-08T10:06:00,19.64,19.65,19.64,19.65,1068
2026-09-08T07:07:00.000Z,2026-09-08T10:07:00,19.65,19.65,19.6,19.6,17636
2026-09-08T07:08:00.000Z,2026-09-08T10:08:00,19.64,19.64,19.6,19.6,1096
2026-09-08T07:09:00.000Z,2026-09-08T10:09:00,19.6,19.65,19.59,19.59,27516
2026-09-08T07:10:00.000Z,2026-09-08T10:10:00,19.61,19.62,19.59,19.6,10073
2026-09-08T07:11:00.000Z,2026-09-08T10:11:00,19.6,19.6,19.59,19.59,1507
2026-09-08T07:12:00.000Z,2026-09-08T10:12:00,19.59,19.6,19.57,19.57,44802
2026-09-08T07:13:00.000Z,2026-09-08T10:13:00,19.57,19.57,19.57,19.57,18566
2026-09-08T07:14:00.000Z,2026-09-08T10:14:00,19.57,19.58,19.56,19.58,9701
2026-09-08T07:15:00.000Z,2026-09-08T10:15:00,19.57,19.6,19.57,19.58,4587
2026-09-08T07:16:00.000Z,2026-09-08T10:16:00,19.58,19.6,19.58,19.58,7632
2026-09-08T07:17:00.000Z,2026-09-08T10:17:00,19.6,19.6,19.58,19.58,8672
2026-09-08T07:18:00.000Z,2026-09-08T10:18:00,19.58,19.62,19.58,19.6,15607
2026-09-08T07:19:00.000Z,2026-09-08T10:19:00,19.58,19.6,19.58,19.6,405
2026-09-08T07:20:00.000Z,2026-09-08T10:20:00,19.6,19.64,19.6,19.6,5100
2026-09-08T07:21:00.000Z,2026-09-08T10:21:00,19.64,19.65,19.6,19.65,14067
2026-09-08T07:22:00.000Z,2026-09-08T10:22:00,19.64,19.65,19.64,19.65,2119
2026-09-08T07:23:00.000Z,2026-09-08T10:23:00,19.61,19.62,19.61,19.62,901
2026-09-08T07:24:00.000Z,2026-09-08T10:24:00,19.62,19.64,19.62,19.62,9541
2026-09-08T07:25:00.000Z,2026-09-08T10:25:00,19.64,19.64,19.58,19.58,42199
2026-09-08T07:26:00.000Z,2026-09-08T10:26:00,19.58,19.6,19.58,19.6,3136
2026-09-08T07:27:00.000Z,2026-09-08T10:27:00,19.59,19.59,19.58,19.59,2257
2026-09-08T07:28:00.000Z,2026-09-08T10:28:00,19.57,19.59,19.56,19.57,29777
2026-09-08T07:29:00.000Z,2026-09-08T10:29:00,19.56,19.56,19.54,19.54,29406
2026-09-08T07:30:00.000Z,2026-09-08T10:30:00,19.54,19.55,19.51,19.54,64514
2026-09-08T07:31:00.000Z,2026-09-08T10:31:00,19.51,19.54,19.51,19.53,498
2026-09-08T07:32:00.000Z,2026-09-08T10:32:00,19.53,19.54,19.5,19.5,41928
2026-09-08T07:33:00.000Z,2026-09-08T10:33:00,19.5,19.53,19.48,19.5,35416
2026-09-08T07:34:00.000Z,2026-09-08T10:34:00,19.5,19.5,19.46,19.46,19938
2026-09-08T07:35:00.000Z,2026-09-08T10:35:00,19.46,19.49,19.46,19.46,6404
2026-09-08T07:36:00.000Z,2026-09-08T10:36:00,19.49,19.49,19.45,19.45,13085
2026-09-08T07:37:00.000Z,2026-09-08T10:37:00,19.48,19.49,19.45,19.49,48547
2026-09-08T07:38:00.000Z,2026-09-08T10:38:00,19.48,19.48,19.46,19.48,5018
2026-09-08T07:39:00.000Z,2026-09-08T10:39:00,19.48,19.49,19.47,19.48,15797
2026-09-08T07:40:00.000Z,2026-09-08T10:40:00,19.48,19.49,19.47,19.49,3466
2026-09-08T07:41:00.000Z,2026-09-08T10:41:00,19.49,19.49,19.46,19.46,14531
2026-09-08T07:42:00.000Z,2026-09-08T10:42:00,19.46,19.46,19.46,19.46,1108
2026-09-08T07:43:00.000Z,2026-09-08T10:43:00,19.46,19.47,19.46,19.46,3343
2026-09-08T07:44:00.000Z,2026-09-08T10:44:00,19.47,19.5,19.46,19.5,56220
2026-09-08T07:45:00.000Z,2026-09-08T10:45:00,19.5,19.5,19.47,19.47,1539
2026-09-08T07:46:00.000Z,2026-09-08T10:46:00,19.5,19.5,19.47,19.47,2979
2026-09-08T07:47:00.000Z,2026-09-08T10:47:00,19.47,19.47,19.46,19.46,20233
2026-09-08T07:48:00.000Z,2026-09-08T10:48:00,19.49,19.49,19.49,19.49,10
2026-09-08T07:49:00.000Z,2026-09-08T10:49:00,19.5,19.5,19.5,19.5,178
2026-09-08T07:50:00.000Z,2026-09-08T10:50:00,19.49,19.49,19.49,19.49,251
2026-09-08T07:51:00.000Z,2026-09-08T10:51:00,19.47,19.49,19.45,19.49,20466
2026-09-08T07:52:00.000Z,2026-09-08T10:52:00,19.48,19.49,19.45,19.45,557
2026-09-08T07:53:00.000Z,2026-09-08T10:53:00,19.46,19.47,19.46,19.47,3909
2026-09-08T07:54:00.000Z,2026-09-08T10:54:00,19.47,19.48,19.42,19.42,8928
2026-09-08T07:55:00.000Z,2026-09-08T10:55:00,19.44,19.53,19.44,19.53,51278
2026-09-08T07:56:00.000Z,2026-09-08T10:56:00,19.53,19.54,19.5,19.51,7231
2026-09-08T07:57:00.000Z,2026-09-08T10:57:00,19.52,19.54,19.51,19.52,3050
2026-09-08T07:58:00.000Z,2026-09-08T10:58:00,19.51,19.52,19.5,19.52,2687
2026-09-08T07:59:00.000Z,2026-09-08T10:59:00,19.5,19.52,19.5,19.52,3604
2026-09-08T08:00:00.000Z,2026-09-08T11:00:00,19.5,19.52,19.5,19.5,2645
2026-09-08T08:01:00.000Z,2026-09-08T11:01:00,19.5,19.5,19.5,19.5,229
2026-09-08T08:02:00.000Z,2026-09-08T11:02:00,19.5,19.52,19.5,19.5,45894
2026-09-08T08:03:00.000Z,2026-09-08T11:03:00,19.5,19.52,19.49,19.49,8885
2026-09-08T08:04:00.000Z,2026-09-08T11:04:00,19.5,19.5,19.49,19.5,778
2026-09-08T08:05:00.000Z,2026-09-08T11:05:00,19.52,19.52,19.5,19.51,796
2026-09-08T08:06:00.000Z,2026-09-08T11:06:00,19.51,19.51,19.49,19.5,254714
2026-09-08T08:07:00.000Z,2026-09-08T11:07:00,19.49,19.49,19.46,19.46,1011
2026-09-08T08:08:00.000Z,2026-09-08T11:08:00,19.46,19.5,19.46,19.5,50581
2026-09-08T08:09:00.000Z,2026-09-08T11:09:00,19.5,19.52,19.48,19.52,5342
2026-09-08T08:10:00.000Z,2026-09-08T11:10:00,19.51,19.51,19.47,19.5,1758
2026-09-08T08:11:00.000Z,2026-09-08T11:11:00,19.5,19.63,19.47,19.63,79707
2026-09-08T08:12:00.000Z,2026-09-08T11:12:00,19.5,19.62,19.5,19.62,280
2026-09-08T08:13:00.000Z,2026-09-08T11:13:00,19.55,19.6,19.55,19.6,3752
2026-09-08T08:14:00.000Z,2026-09-08T11:14:00,19.55,19.6,19.53,19.6,50090
2026-09-08T08:15:00.000Z,2026-09-08T11:15:00,19.59,19.6,19.59,19.6,34860
2026-09-08T08:16:00.000Z,2026-09-08T11:16:00,19.55,19.56,19.55,19.56,15170
2026-09-08T08:17:00.000Z,2026-09-08T11:17:00,19.59,19.59,19.59,19.59,71
2026-09-08T08:18:00.000Z,2026-09-08T11:18:00,19.59,19.59,19.55,19.59,855
2026-09-08T08:19:00.000Z,2026-09-08T11:19:00,19.55,19.59,19.55,19.55,3691
2026-09-08T08:20:00.000Z,2026-09-08T11:20:00,19.55,19.59,19.55,19.59,2113
2026-09-08T08:21:00.000Z,2026-09-08T11:21:00,19.59,19.59,19.52,19.53,16072
2026-09-08T08:22:00.000Z,2026-09-08T11:22:00,19.58,19.58,19.51,19.56,51070
2026-09-08T08:23:00.000Z,2026-09-08T11:23:00,19.52,19.59,19.52,19.58,11707
2026-09-08T08:24:00.000Z,2026-09-08T11:24:00,19.58,19.58,19.58,19.58,1178
2026-09-08T08:25:00.000Z,2026-09-08T11:25:00,19.58,19.59,19.58,19.59,6449
2026-09-08T08:26:00.000Z,2026-09-08T11:26:00,19.58,19.59,19.58,19.59,90
2026-09-08T08:27:00.000Z,2026-09-08T11:27:00,19.59,19.59,19.58,19.58,4105
2026-09-08T08:28:00.000Z,2026-09-08T11:28:00,19.58,19.59,19.58,19.59,1497
2026-09-08T08:29:00.000Z,2026-09-08T11:29:00,19.58,19.58,19.58,19.58,2568
2026-09-08T08:30:00.000Z,2026-09-08T11:30:00,19.59,19.59,19.58,19.58,110
2026-09-08T08:31:00.000Z,2026-09-08T11:31:00,19.58,19.58,19.57,19.57,6649
2026-09-08T08:32:00.000Z,2026-09-08T11:32:00,19.57,19.57,19.56,19.56,422
2026-09-08T08:33:00.000Z,2026-09-08T11:33:00,19.56,19.56,19.56,19.56,1
2026-09-08T08:34:00.000Z,2026-09-08T11:34:00,19.56,19.56,19.56,19.56,1287
2026-09-08T08:35:00.000Z,2026-09-08T11:35:00,19.55,19.55,19.52,19.53,5558
2026-09-08T08:36:00.000Z,2026-09-08T11:36:00,19.55,19.55,19.53,19.53,263
2026-09-08T08:37:00.000Z,2026-09-08T11:37:00,19.55,19.55,19.53,19.55,654
2026-09-08T08:38:00.000Z,2026-09-08T11:38:00,19.55,19.55,19.53,19.53,656
2026-09-08T08:39:00.000Z,2026-09-08T11:39:00,19.53,19.55,19.5,19.55,78563
2026-09-08T08:40:00.000Z,2026-09-08T11:40:00,19.51,19.53,19.51,19.51,2988
2026-09-08T08:41:00.000Z,2026-09-08T11:41:00,19.51,19.51,19.5,19.5,22388
2026-09-08T08:42:00.000Z,2026-09-08T11:42:00,19.51,19.51,19.5,19.5,15615
2026-09-08T08:43:00.000Z,2026-09-08T11:43:00,19.5,19.51,19.5,19.51,4051
2026-09-08T08:44:00.000Z,2026-09-08T11:44:00,19.5,19.51,19.5,19.5,12116
2026-09-08T08:45:00.000Z,2026-09-08T11:45:00,19.5,19.51,19.5,19.51,11093
2026-09-08T08:46:00.000Z,2026-09-08T11:46:00,19.52,19.52,19.52,19.52,359
2026-09-08T08:47:00.000Z,2026-09-08T11:47:00,19.52,19.52,19.5,19.5,75025
2026-09-08T08:48:00.000Z,2026-09-08T11:48:00,19.51,19.51,19.51,19.51,166
2026-09-08T08:49:00.000Z,2026-09-08T11:49:00,19.53,19.54,19.5,19.5,41718
2026-09-08T08:51:00.000Z,2026-09-08T11:51:00,19.53,19.54,19.53,19.54,725
2026-09-08T08:52:00.000Z,2026-09-08T11:52:00,19.53,19.55,19.53,19.55,1321
2026-09-08T08:53:00.000Z,2026-09-08T11:53:00,19.56,19.56,19.55,19.55,1009
2026-09-08T08:54:00.000Z,2026-09-08T11:54:00,19.55,19.55,19.54,19.55,10142
2026-09-08T08:55:00.000Z,2026-09-08T11:55:00,19.54,19.54,19.51,19.51,16114
2026-09-08T08:56:00.000Z,2026-09-08T11:56:00,19.52,19.52,19.5,19.51,11365
2026-09-08T08:57:00.000Z,2026-09-08T11:57:00,19.52,19.52,19.51,19.51,2519
2026-09-08T08:58:00.000Z,2026-09-08T11:58:00,19.52,19.52,19.49,19.49,10517
2026-09-08T08:59:00.000Z,2026-09-08T11:59:00,19.49,19.52,19.48,19.48,3384
2026-09-08T09:00:00.000Z,2026-09-08T12:00:00,19.52,19.52,19.52,19.52,52
2026-09-08T09:01:00.000Z,2026-09-08T12:01:00,19.5,19.5,19.47,19.47,12690
2026-09-08T09:02:00.000Z,2026-09-08T12:02:00,19.47,19.5,19.47,19.5,10042
2026-09-08T09:03:00.000Z,2026-09-08T12:03:00,19.47,19.5,19.47,19.5,156
2026-09-08T09:04:00.000Z,2026-09-08T12:04:00,19.5,19.5,19.5,19.5,500
2026-09-08T09:05:00.000Z,2026-09-08T12:05:00,19.5,19.5,19.5,19.5,3109
2026-09-08T09:06:00.000Z,2026-09-08T12:06:00,19.5,19.5,19.47,19.47,25044
2026-09-08T09:07:00.000Z,2026-09-08T12:07:00,19.48,19.48,19.48,19.48,21
2026-09-08T09:08:00.000Z,2026-09-08T12:08:00,19.5,19.5,19.48,19.49,458
2026-09-08T09:09:00.000Z,2026-09-08T12:09:00,19.49,19.5,19.49,19.5,4249
2026-09-08T09:10:00.000Z,2026-09-08T12:10:00,19.49,19.5,19.45,19.5,34465
2026-09-08T09:11:00.000Z,2026-09-08T12:11:00,19.46,19.51,19.45,19.5,28105
2026-09-08T09:12:00.000Z,2026-09-08T12:12:00,19.5,19.51,19.5,19.51,41232
2026-09-08T09:13:00.000Z,2026-09-08T12:13:00,19.51,19.52,19.5,19.52,4683
2026-09-08T09:14:00.000Z,2026-09-08T12:14:00,19.52,19.52,19.5,19.51,190873
2026-09-08T09:15:00.000Z,2026-09-08T12:15:00,19.5,19.51,19.49,19.5,28530
2026-09-08T09:16:00.000Z,2026-09-08T12:16:00,19.5,19.5,19.5,19.5,5114
2026-09-08T09:17:00.000Z,2026-09-08T12:17:00,19.49,19.52,19.41,19.49,63297
2026-09-08T09:18:00.000Z,2026-09-08T12:18:00,19.48,19.49,19.47,19.47,9634
2026-09-08T09:19:00.000Z,2026-09-08T12:19:00,19.48,19.48,19.47,19.47,972
2026-09-08T09:20:00.000Z,2026-09-08T12:20:00,19.47,19.48,19.47,19.48,52
2026-09-08T09:21:00.000Z,2026-09-08T12:21:00,19.48,19.48,19.48,19.48,1739
2026-09-08T09:22:00.000Z,2026-09-08T12:22:00,19.49,19.49,19.48,19.48,1859
2026-09-08T09:23:00.000Z,2026-09-08T12:23:00,19.5,19.5,19.48,19.48,1523
2026-09-08T09:24:00.000Z,2026-09-08T12:24:00,19.48,19.53,19.48,19.53,21906
2026-09-08T09:25:00.000Z,2026-09-08T12:25:00,19.53,19.53,19.51,19.51,8821
2026-09-08T09:26:00.000Z,2026-09-08T12:26:00,19.5,19.53,19.5,19.53,7417
2026-09-08T09:27:00.000Z,2026-09-08T12:27:00,19.51,19.51,19.5,19.5,10084
2026-09-08T09:28:00.000Z,2026-09-08T12:28:00,19.5,19.53,19.5,19.51,4248
2026-09-08T09:29:00.000Z,2026-09-08T12:29:00,19.51,19.51,19.51,19.51,1
2026-09-08T09:30:00.000Z,2026-09-08T12:30:00,19.51,19.53,19.51,19.53,262
2026-09-08T09:31:00.000Z,2026-09-08T12:31:00,19.53,19.53,19.51,19.51,52
2026-09-08T09:32:00.000Z,2026-09-08T12:32:00,19.51,19.51,19.51,19.51,4542
2026-09-08T09:33:00.000Z,2026-09-08T12:33:00,19.51,19.51,19.5,19.5,1000
2026-09-08T09:34:00.000Z,2026-09-08T12:34:00,19.53,19.53,19.53,19.53,689
2026-09-08T09:35:00.000Z,2026-09-08T12:35:00,19.53,19.53,19.52,19.53,4507
2026-09-08T09:36:00.000Z,2026-09-08T12:36:00,19.52,19.53,19.52,19.52,2185
2026-09-08T09:37:00.000Z,2026-09-08T12:37:00,19.53,19.53,19.53,19.53,803
2026-09-08T09:38:00.000Z,2026-09-08T12:38:00,19.52,19.53,19.52,19.52,757
2026-09-08T09:39:00.000Z,2026-09-08T12:39:00,19.52,19.53,19.52,19.53,2118
2026-09-08T09:40:00.000Z,2026-09-08T12:40:00,19.52,19.52,19.5,19.5,37458
2026-09-08T09:41:00.000Z,2026-09-08T12:41:00,19.53,19.53,19.52,19.52,5104
2026-09-08T09:42:00.000Z,2026-09-08T12:42:00,19.52,19.52,19.52,19.52,2879
2026-09-08T09:43:00.000Z,2026-09-08T12:43:00,19.52,19.52,19.51,19.52,2254
2026-09-08T09:44:00.000Z,2026-09-08T12:44:00,19.51,19.52,19.5,19.5,6589
2026-09-08T09:45:00.000Z,2026-09-08T12:45:00,19.51,19.51,19.5,19.51,34682
2026-09-08T09:46:00.000Z,2026-09-08T12:46:00,19.52,19.52,19.52,19.52,46
2026-09-08T09:47:00.000Z,2026-09-08T12:47:00,19.51,19.51,19.51,19.51,550
2026-09-08T09:48:00.000Z,2026-09-08T12:48:00,19.51,19.52,19.5,19.52,11646
2026-09-08T09:49:00.000Z,2026-09-08T12:49:00,19.52,19.52,19.52,19.52,11344
2026-09-08T09:50:00.000Z,2026-09-08T12:50:00,19.51,19.52,19.51,19.52,164
2026-09-08T09:51:00.000Z,2026-09-08T12:51:00,19.52,19.52,19.52,19.52,66
2026-09-08T09:52:00.000Z,2026-09-08T12:52:00,19.52,19.52,19.51,19.51,6918
2026-09-08T09:53:00.000Z,2026-09-08T12:53:00,19.51,19.53,19.51,19.53,1297
2026-09-08T09:54:00.000Z,2026-09-08T12:54:00,19.53,19.53,19.5,19.53,160265
2026-09-08T09:55:00.000Z,2026-09-08T12:55:00,19.52,19.52,19.49,19.49,37997
2026-09-08T09:56:00.000Z,2026-09-08T12:56:00,19.49,19.5,19.49,19.5,3417
2026-09-08T09:57:00.000Z,2026-09-08T12:57:00,19.49,19.5,19.48,19.48,8600
2026-09-08T09:58:00.000Z,2026-09-08T12:58:00,19.48,19.52,19.48,19.51,7366
2026-09-08T09:59:00.000Z,2026-09-08T12:59:00,19.51,19.51,19.5,19.5,52028
2026-09-08T10:00:00.000Z,2026-09-08T13:00:00,19.48,19.5,19.47,19.47,2243
2026-09-08T10:01:00.000Z,2026-09-08T13:01:00,19.49,19.49,19.48,19.48,2726
2026-09-08T10:02:00.000Z,2026-09-08T13:02:00,19.49,19.49,19.47,19.49,7982
2026-09-08T10:03:00.000Z,2026-09-08T13:03:00,19.49,19.49,19.47,19.47,11109
2026-09-08T10:04:00.000Z,2026-09-08T13:04:00,19.47,19.49,19.46,19.46,6161
2026-09-08T10:05:00.000Z,2026-09-08T13:05:00,19.46,19.49,19.46,19.46,1384
2026-09-08T10:06:00.000Z,2026-09-08T13:06:00,19.48,19.48,19.48,19.48,2
2026-09-08T10:07:00.000Z,2026-09-08T13:07:00,19.46,19.48,19.46,19.46,1591
2026-09-08T10:08:00.000Z,2026-09-08T13:08:00,19.48,19.48,19.46,19.46,507
2026-09-08T10:09:00.000Z,2026-09-08T13:09:00,19.46,19.48,19.45,19.45,21174
2026-09-08T10:10:00.000Z,2026-09-08T13:10:00,19.45,19.48,19.41,19.41,104785
2026-09-08T10:11:00.000Z,2026-09-08T13:11:00,19.45,19.45,19.4,19.45,142958
2026-09-08T10:12:00.000Z,2026-09-08T13:12:00,19.42,19.42,19.4,19.4,9686
2026-09-08T10:13:00.000Z,2026-09-08T13:13:00,19.4,19.41,19.39,19.39,21142
2026-09-08T10:14:00.000Z,2026-09-08T13:14:00,19.4,19.4,19.38,19.38,1593
2026-09-08T10:15:00.000Z,2026-09-08T13:15:00,19.38,19.4,19.38,19.4,25026
2026-09-08T10:16:00.000Z,2026-09-08T13:16:00,19.38,19.4,19.38,19.4,269
2026-09-08T10:17:00.000Z,2026-09-08T13:17:00,19.39,19.39,19.37,19.38,15940
2026-09-08T10:18:00.000Z,2026-09-08T13:18:00,19.37,19.38,19.36,19.37,45665
2026-09-08T10:19:00.000Z,2026-09-08T13:19:00,19.37,19.37,19.36,19.36,15427
2026-09-08T10:20:00.000Z,2026-09-08T13:20:00,19.36,19.36,19.36,19.36,6
2026-09-08T10:21:00.000Z,2026-09-08T13:21:00,19.36,19.37,19.36,19.36,18339
2026-09-08T10:22:00.000Z,2026-09-08T13:22:00,19.36,19.37,19.36,19.37,22584
2026-09-08T10:23:00.000Z,2026-09-08T13:23:00,19.37,19.37,19.37,19.37,20000
2026-09-08T10:24:00.000Z,2026-09-08T13:24:00,19.37,19.38,19.35,19.37,59177
2026-09-08T10:25:00.000Z,2026-09-08T13:25:00,19.37,19.48,19.35,19.48,291543
2026-09-08T10:26:00.000Z,2026-09-08T13:26:00,19.4,19.45,19.4,19.45,1816
2026-09-08T10:27:00.000Z,2026-09-08T13:27:00,19.4,19.44,19.4,19.4,4930
2026-09-08T10:28:00.000Z,2026-09-08T13:28:00,19.39,19.4,19.39,19.4,7079
2026-09-08T10:29:00.000Z,2026-09-08T13:29:00,19.4,19.4,19.33,19.33,30415
2026-09-08T10:30:00.000Z,2026-09-08T13:30:00,19.4,19.4,19.34,19.34,7780
2026-09-08T10:31:00.000Z,2026-09-08T13:31:00,19.38,19.38,19.37,19.37,4652
2026-09-08T10:32:00.000Z,2026-09-08T13:32:00,19.38,19.38,19.38,19.38,152
2026-09-08T10:33:00.000Z,2026-09-08T13:33:00,19.38,19.38,19.37,19.37,4883
2026-09-08T10:34:00.000Z,2026-09-08T13:34:00,19.36,19.4,19.3,19.4,662493
2026-09-08T10:35:00.000Z,2026-09-08T13:35:00,19.41,19.41,19.4,19.4,6657
2026-09-08T10:36:00.000Z,2026-09-08T13:36:00,19.39,19.39,19.39,19.39,500
2026-09-08T10:37:00.000Z,2026-09-08T13:37:00,19.39,19.41,19.38,19.41,174869
2026-09-08T10:38:00.000Z,2026-09-08T13:38:00,19.4,19.4,19.4,19.4,89391
2026-09-08T10:39:00.000Z,2026-09-08T13:39:00,19.4,19.4,19.4,19.4,7505
2026-09-08T10:40:00.000Z,2026-09-08T13:40:00,19.4,19.4,19.4,19.4,882
2026-09-08T10:41:00.000Z,2026-09-08T13:41:00,19.4,19.4,19.36,19.4,3007
2026-09-08T10:42:00.000Z,2026-09-08T13:42:00,19.36,19.39,19.3,19.39,17930
2026-09-08T10:43:00.000Z,2026-09-08T13:43:00,19.39,19.39,19.32,19.32,846
2026-09-08T10:44:00.000Z,2026-09-08T13:44:00,19.38,19.39,19.38,19.39,1281
2026-09-08T10:45:00.000Z,2026-09-08T13:45:00,19.39,19.39,19.38,19.39,2422
2026-09-08T10:46:00.000Z,2026-09-08T13:46:00,19.38,19.38,19.3,19.31,108722
2026-09-08T10:47:00.000Z,2026-09-08T13:47:00,19.38,19.38,19.38,19.38,1507
2026-09-08T10:48:00.000Z,2026-09-08T13:48:00,19.38,19.39,19.34,19.34,3562
2026-09-08T10:49:00.000Z,2026-09-08T13:49:00,19.39,19.39,19.3,19.3,64953
2026-09-08T10:50:00.000Z,2026-09-08T13:50:00,19.39,19.39,19.3,19.3,10180
2026-09-08T10:51:00.000Z,2026-09-08T13:51:00,19.3,19.3,19.29,19.29,5057
2026-09-08T10:52:00.000Z,2026-09-08T13:52:00,19.29,19.3,19.29,19.3,5835
2026-09-08T10:53:00.000Z,2026-09-08T13:53:00,19.29,19.3,19.28,19.3,15213
2026-09-08T10:54:00.000Z,2026-09-08T13:54:00,19.3,19.33,19.29,19.33,19113
2026-09-08T10:55:00.000Z,2026-09-08T13:55:00,19.33,19.33,19.32,19.33,3675
2026-09-08T10:56:00.000Z,2026-09-08T13:56:00,19.32,19.32,19.29,19.3,47284
2026-09-08T10:57:00.000Z,2026-09-08T13:57:00,19.3,19.3,19.29,19.29,10893
2026-09-08T10:58:00.000Z,2026-09-08T13:58:00,19.3,19.31,19.3,19.31,45563
2026-09-08T10:59:00.000Z,2026-09-08T13:59:00,19.31,19.33,19.31,19.33,5327
2026-09-08T11:00:00.000Z,2026-09-08T14:00:00,19.33,19.36,19.32,19.35,52954
2026-09-08T11:01:00.000Z,2026-09-08T14:01:00,19.35,19.35,19.33,19.34,25412
2026-09-08T11:02:00.000Z,2026-09-08T14:02:00,19.34,19.37,19.34,19.37,6444
2026-09-08T11:03:00.000Z,2026-09-08T14:03:00,19.37,19.37,19.37,19.37,53890
2026-09-08T11:04:00.000Z,2026-09-08T14:04:00,19.35,19.37,19.35,19.37,2017
2026-09-08T11:05:00.000Z,2026-09-08T14:05:00,19.35,19.38,19.3,19.3,87862
2026-09-08T11:06:00.000Z,2026-09-08T14:06:00,19.3,19.3,19.3,19.3,13379
2026-09-08T11:07:00.000Z,2026-09-08T14:07:00,19.37,19.37,19.3,19.3,10157
2026-09-08T11:08:00.000Z,2026-09-08T14:08:00,19.3,19.3,19.29,19.3,100091
2026-09-08T11:09:00.000Z,2026-09-08T14:09:00,19.3,19.3,19.3,19.3,44466
2026-09-08T11:10:00.000Z,2026-09-08T14:10:00,19.29,19.3,19.28,19.3,168873
2026-09-08T11:11:00.000Z,2026-09-08T14:11:00,19.29,19.3,19.29,19.3,6604
2026-09-08T11:12:00.000Z,2026-09-08T14:12:00,19.3,19.3,19.3,19.3,11122
2026-09-08T11:13:00.000Z,2026-09-08T14:13:00,19.3,19.3,19.29,19.29,984
2026-09-08T11:14:00.000Z,2026-09-08T14:14:00,19.3,19.3,19.28,19.28,39948
2026-09-08T11:25:00.000Z,2026-09-08T14:25:00,19.34,19.34,19.34,19.34,107316
2026-09-08T11:26:00.000Z,2026-09-08T14:26:00,19.34,19.34,19.34,19.34,2500
2026-09-08T11:27:00.000Z,2026-09-08T14:27:00,19.34,19.34,19.34,19.34,26751
2026-09-08T11:28:00.000Z,2026-09-08T14:28:00,19.34,19.34,19.34,19.34,24500
2026-09-09T07:00:00.000Z,2026-09-09T10:00:00,19.34,19.34,19.33,19.34,10219
2026-09-09T07:01:00.000Z,2026-09-09T10:01:00,19.35,19.35,19.3,19.3,15638
2026-09-09T07:02:00.000Z,2026-09-09T10:02:00,19.35,19.35,19.32,19.32,19
2026-09-09T07:03:00.000Z,2026-09-09T10:03:00,19.32,19.32,19.28,19.28,8890
2026-09-09T07:04:00.000Z,2026-09-09T10:04:00,19.28,19.28,19.28,19.28,1586
2026-09-09T07:05:00.000Z,2026-09-09T10:05:00,19.3,19.3,19.21,19.21,44306
2026-09-09T07:06:00.000Z,2026-09-09T10:06:00,19.21,19.26,19.21,19.25,21140
2026-09-09T07:07:00.000Z,2026-09-09T10:07:00,19.25,19.25,19.2,19.2,15944
2026-09-09T07:08:00.000Z,2026-09-09T10:08:00,19.2,19.25,19.2,19.25,912
2026-09-09T07:09:00.000Z,2026-09-09T10:09:00,19.25,19.25,19.22,19.22,1551
2026-09-09T07:10:00.000Z,2026-09-09T10:10:00,19.22,19.24,19.22,19.24,428
2026-09-09T07:11:00.000Z,2026-09-09T10:11:00,19.23,19.24,19.23,19.23,5442
2026-09-09T07:12:00.000Z,2026-09-09T10:12:00,19.23,19.25,19.22,19.22,5081
2026-09-09T07:13:00.000Z,2026-09-09T10:13:00,19.22,19.22,19.22,19.22,172
2026-09-09T07:14:00.000Z,2026-09-09T10:14:00,19.22,19.23,19.21,19.22,31688
2026-09-09T07:15:00.000Z,2026-09-09T10:15:00,19.23,19.23,19.22,19.22,5398
2026-09-09T07:16:00.000Z,2026-09-09T10:16:00,19.22,19.22,19.22,19.22,403
2026-09-09T07:17:00.000Z,2026-09-09T10:17:00,19.23,19.25,19.23,19.25,2606
2026-09-09T07:18:00.000Z,2026-09-09T10:18:00,19.25,19.25,19.25,19.25,1065
2026-09-09T07:19:00.000Z,2026-09-09T10:19:00,19.26,19.26,19.25,19.25,1703
2026-09-09T07:20:00.000Z,2026-09-09T10:20:00,19.25,19.25,19.24,19.25,328
2026-09-09T07:21:00.000Z,2026-09-09T10:21:00,19.24,19.24,19.24,19.24,152
2026-09-09T07:22:00.000Z,2026-09-09T10:22:00,19.24,19.25,19.23,19.24,5084
2026-09-09T07:23:00.000Z,2026-09-09T10:23:00,19.24,19.25,19.24,19.24,1547
2026-09-09T07:24:00.000Z,2026-09-09T10:24:00,19.24,19.25,19.24,19.25,2283
2026-09-09T07:25:00.000Z,2026-09-09T10:25:00,19.24,19.25,19.24,19.25,4022
2026-09-09T07:26:00.000Z,2026-09-09T10:26:00,19.25,19.25,19.25,19.25,8130
2026-09-09T07:27:00.000Z,2026-09-09T10:27:00,19.25,19.28,19.25,19.28,23278
2026-09-09T07:29:00.000Z,2026-09-09T10:29:00,19.28,19.29,19.25,19.29,2482
2026-09-09T07:30:00.000Z,2026-09-09T10:30:00,19.29,19.29,19.28,19.28,4527
2026-09-09T07:31:00.000Z,2026-09-09T10:31:00,19.27,19.29,19.25,19.28,8807
2026-09-09T07:32:00.000Z,2026-09-09T10:32:00,19.28,19.31,19.28,19.3,30831
2026-09-09T07:33:00.000Z,2026-09-09T10:33:00,19.32,19.37,19.32,19.32,29539
2026-09-09T07:34:00.000Z,2026-09-09T10:34:00,19.35,19.35,19.3,19.3,18057
2026-09-09T07:35:00.000Z,2026-09-09T10:35:00,19.37,19.37,19.3,19.3,3467
2026-09-09T07:36:00.000Z,2026-09-09T10:36:00,19.3,19.3,19.28,19.28,5214
2026-09-09T07:37:00.000Z,2026-09-09T10:37:00,19.3,19.3,19.28,19.3,1723
2026-09-09T07:38:00.000Z,2026-09-09T10:38:00,19.3,19.3,19.3,19.3,935
2026-09-09T07:39:00.000Z,2026-09-09T10:39:00,19.3,19.3,19.3,19.3,28
2026-09-09T07:40:00.000Z,2026-09-09T10:40:00,19.28,19.3,19.28,19.3,1562
2026-09-09T07:41:00.000Z,2026-09-09T10:41:00,19.28,19.3,19.28,19.28,89
2026-09-09T07:42:00.000Z,2026-09-09T10:42:00,19.28,19.3,19.28,19.3,7532
2026-09-09T07:43:00.000Z,2026-09-09T10:43:00,19.28,19.28,19.28,19.28,330
2026-09-09T07:44:00.000Z,2026-09-09T10:44:00,19.29,19.29,19.29,19.29,4
2026-09-09T07:45:00.000Z,2026-09-09T10:45:00,19.29,19.29,19.28,19.28,1289
2026-09-09T07:46:00.000Z,2026-09-09T10:46:00,19.28,19.29,19.28,19.28,3339
2026-09-09T07:47:00.000Z,2026-09-09T10:47:00,19.29,19.3,19.28,19.29,16586
2026-09-09T07:48:00.000Z,2026-09-09T10:48:00,19.28,19.29,19.28,19.29,1321
2026-09-09T07:49:00.000Z,2026-09-09T10:49:00,19.29,19.29,19.28,19.29,696
2026-09-09T07:50:00.000Z,2026-09-09T10:50:00,19.29,19.3,19.29,19.29,12287
2026-09-09T07:51:00.000Z,2026-09-09T10:51:00,19.29,19.3,19.29,19.3,518
2026-09-09T07:52:00.000Z,2026-09-09T10:52:00,19.3,19.3,19.29,19.29,10038
2026-09-09T07:53:00.000Z,2026-09-09T10:53:00,19.3,19.3,19.3,19.3,1888
2026-09-09T07:54:00.000Z,2026-09-09T10:54:00,19.3,19.3,19.3,19.3,13686
2026-09-09T07:55:00.000Z,2026-09-09T10:55:00,19.29,19.29,19.29,19.29,177
2026-09-09T07:56:00.000Z,2026-09-09T10:56:00,19.29,19.3,19.29,19.29,1969
2026-09-09T07:57:00.000Z,2026-09-09T10:57:00,19.29,19.3,19.28,19.28,32465
2026-09-09T07:58:00.000Z,2026-09-09T10:58:00,19.27,19.28,19.24,19.24,20935
2026-09-09T07:59:00.000Z,2026-09-09T10:59:00,19.24,19.26,19.24,19.24,2019
2026-09-09T08:00:00.000Z,2026-09-09T11:00:00,19.25,19.25,19.24,19.25,319
2026-09-09T08:01:00.000Z,2026-09-09T11:01:00,19.25,19.25,19.25,19.25,24
2026-09-09T08:02:00.000Z,2026-09-09T11:02:00,19.24,19.24,19.24,19.24,2515
2026-09-09T08:03:00.000Z,2026-09-09T11:03:00,19.23,19.23,19.22,19.22,1182
2026-09-09T08:04:00.000Z,2026-09-09T11:04:00,19.22,19.23,19.21,19.22,20287
2026-09-09T08:05:00.000Z,2026-09-09T11:05:00,19.22,19.24,19.22,19.24,266
2026-09-09T08:06:00.000Z,2026-09-09T11:06:00,19.22,19.24,19.22,19.24,6439
2026-09-09T08:07:00.000Z,2026-09-09T11:07:00,19.22,19.24,19.22,19.24,284
2026-09-09T08:08:00.000Z,2026-09-09T11:08:00,19.24,19.24,19.24,19.24,1036
2026-09-09T08:09:00.000Z,2026-09-09T11:09:00,19.24,19.24,19.22,19.22,514
2026-09-09T08:10:00.000Z,2026-09-09T11:10:00,19.24,19.24,19.22,19.22,471
2026-09-09T08:11:00.000Z,2026-09-09T11:11:00,19.24,19.24,19.22,19.23,2186
2026-09-09T08:12:00.000Z,2026-09-09T11:12:00,19.23,19.23,19.23,19.23,2053
2026-09-09T08:13:00.000Z,2026-09-09T11:13:00,19.23,19.23,19.22,19.23,8172
2026-09-09T08:14:00.000Z,2026-09-09T11:14:00,19.23,19.23,19.22,19.22,1481
2026-09-09T08:15:00.000Z,2026-09-09T11:15:00,19.23,19.23,19.22,19.22,2140
2026-09-09T08:16:00.000Z,2026-09-09T11:16:00,19.23,19.23,19.23,19.23,5
2026-09-09T08:17:00.000Z,2026-09-09T11:17:00,19.23,19.28,19.22,19.28,65308
2026-09-09T08:18:00.000Z,2026-09-09T11:18:00,19.28,19.29,19.28,19.29,14535
2026-09-09T08:19:00.000Z,2026-09-09T11:19:00,19.24,19.29,19.24,19.29,1925
2026-09-09T08:20:00.000Z,2026-09-09T11:20:00,19.24,19.29,19.24,19.29,467
2026-09-09T08:21:00.000Z,2026-09-09T11:21:00,19.29,19.29,19.29,19.29,545
2026-09-09T08:22:00.000Z,2026-09-09T11:22:00,19.24,19.24,19.24,19.24,10
2026-09-09T08:23:00.000Z,2026-09-09T11:23:00,19.24,19.27,19.24,19.27,83
2026-09-09T08:24:00.000Z,2026-09-09T11:24:00,19.27,19.29,19.27,19.29,20511
2026-09-09T08:25:00.000Z,2026-09-09T11:25:00,19.24,19.24,19.24,19.24,6
2026-09-09T08:26:00.000Z,2026-09-09T11:26:00,19.29,19.29,19.29,19.29,2010
2026-09-09T08:27:00.000Z,2026-09-09T11:27:00,19.24,19.24,19.24,19.24,1227
2026-09-09T08:28:00.000Z,2026-09-09T11:28:00,19.28,19.29,19.23,19.23,2877
2026-09-09T08:29:00.000Z,2026-09-09T11:29:00,19.23,19.23,19.22,19.22,49
2026-09-09T08:30:00.000Z,2026-09-09T11:30:00,19.22,19.22,19.22,19.22,43
2026-09-09T08:31:00.000Z,2026-09-09T11:31:00,19.22,19.23,19.22,19.23,3398
2026-09-09T08:32:00.000Z,2026-09-09T11:32:00,19.23,19.23,19.23,19.23,5851
2026-09-09T08:33:00.000Z,2026-09-09T11:33:00,19.23,19.29,19.22,19.22,7856
2026-09-09T08:34:00.000Z,2026-09-09T11:34:00,19.23,19.23,19.23,19.23,1
2026-09-09T08:35:00.000Z,2026-09-09T11:35:00,19.23,19.25,19.22,19.22,4618
2026-09-09T08:36:00.000Z,2026-09-09T11:36:00,19.22,19.23,19.22,19.23,542
2026-09-09T08:37:00.000Z,2026-09-09T11:37:00,19.23,19.23,19.23,19.23,333
2026-09-09T08:38:00.000Z,2026-09-09T11:38:00,19.23,19.23,19.23,19.23,4773
2026-09-09T08:39:00.000Z,2026-09-09T11:39:00,19.23,19.23,19.22,19.23,1496
2026-09-09T08:40:00.000Z,2026-09-09T11:40:00,19.23,19.24,19.23,19.24,586
2026-09-09T08:41:00.000Z,2026-09-09T11:41:00,19.23,19.23,19.22,19.22,6485
2026-09-09T08:42:00.000Z,2026-09-09T11:42:00,19.23,19.23,19.23,19.23,333
2026-09-09T08:43:00.000Z,2026-09-09T11:43:00,19.23,19.23,19.22,19.22,5179
2026-09-09T08:44:00.000Z,2026-09-09T11:44:00,19.22,19.23,19.22,19.23,53
2026-09-09T08:45:00.000Z,2026-09-09T11:45:00,19.22,19.22,19.22,19.22,153
2026-09-09T08:46:00.000Z,2026-09-09T11:46:00,19.22,19.23,19.22,19.23,18468
2026-09-09T08:47:00.000Z,2026-09-09T11:47:00,19.22,19.22,19.22,19.22,7258
2026-09-09T08:49:00.000Z,2026-09-09T11:49:00,19.22,19.22,19.21,19.22,1480
2026-09-09T08:50:00.000Z,2026-09-09T11:50:00,19.21,19.21,19.21,19.21,15
2026-09-09T08:51:00.000Z,2026-09-09T11:51:00,19.22,19.22,19.22,19.22,622
2026-09-09T08:52:00.000Z,2026-09-09T11:52:00,19.22,19.22,19.21,19.21,14178
2026-09-09T08:53:00.000Z,2026-09-09T11:53:00,19.21,19.21,19.21,19.21,2744
2026-09-09T08:54:00.000Z,2026-09-09T11:54:00,19.21,19.21,19.21,19.21,5595
2026-09-09T08:55:00.000Z,2026-09-09T11:55:00,19.21,19.22,19.21,19.21,7363
2026-09-09T08:56:00.000Z,2026-09-09T11:56:00,19.21,19.21,19.2,19.21,17869
2026-09-09T08:57:00.000Z,2026-09-09T11:57:00,19.22,19.22,19.22,19.22,384
2026-09-09T08:58:00.000Z,2026-09-09T11:58:00,19.21,19.22,19.21,19.22,11023
2026-09-09T08:59:00.000Z,2026-09-09T11:59:00,19.21,19.22,19.21,19.21,9994
2026-09-09T09:00:00.000Z,2026-09-09T12:00:00,19.21,19.22,19.21,19.21,2766
2026-09-09T09:01:00.000Z,2026-09-09T12:01:00,19.21,19.21,19.21,19.21,19386
2026-09-09T09:02:00.000Z,2026-09-09T12:02:00,19.21,19.21,19.21,19.21,5614
2026-09-09T09:03:00.000Z,2026-09-09T12:03:00,19.21,19.22,19.21,19.22,3439
2026-09-09T09:04:00.000Z,2026-09-09T12:04:00,19.21,19.21,19.2,19.2,2263
2026-09-09T09:05:00.000Z,2026-09-09T12:05:00,19.2,19.21,19.2,19.2,20982
2026-09-09T09:06:00.000Z,2026-09-09T12:06:00,19.2,19.21,19.2,19.2,5310
2026-09-09T09:07:00.000Z,2026-09-09T12:07:00,19.2,19.21,19.2,19.21,1445
2026-09-09T09:08:00.000Z,2026-09-09T12:08:00,19.21,19.21,19.18,19.18,40972
2026-09-09T09:09:00.000Z,2026-09-09T12:09:00,19.18,19.19,19.18,19.19,7985
2026-09-09T09:10:00.000Z,2026-09-09T12:10:00,19.18,19.18,19.17,19.18,25113
2026-09-09T09:12:00.000Z,2026-09-09T12:12:00,19.18,19.18,19.18,19.18,3142
2026-09-09T09:13:00.000Z,2026-09-09T12:13:00,19.18,19.18,19.18,19.18,312
2026-09-09T09:14:00.000Z,2026-09-09T12:14:00,19.18,19.18,19.17,19.18,3991
2026-09-09T09:15:00.000Z,2026-09-09T12:15:00,19.18,19.18,19.18,19.18,2563
2026-09-09T09:16:00.000Z,2026-09-09T12:16:00,19.18,19.18,19.18,19.18,1034
2026-09-09T09:17:00.000Z,2026-09-09T12:17:00,19.18,19.18,19.17,19.17,3316
2026-09-09T09:18:00.000Z,2026-09-09T12:18:00,19.18,19.18,19.18,19.18,5
2026-09-09T09:19:00.000Z,2026-09-09T12:19:00,19.18,19.2,19.17,19.17,22921
2026-09-09T09:20:00.000Z,2026-09-09T12:20:00,19.2,19.2,19.2,19.2,262
2026-09-09T09:21:00.000Z,2026-09-09T12:21:00,19.2,19.2,19.2,19.2,17048
2026-09-09T09:22:00.000Z,2026-09-09T12:22:00,19.18,19.19,19.18,19.19,1497
2026-09-09T09:23:00.000Z,2026-09-09T12:23:00,19.18,19.19,19.18,19.19,100
2026-09-09T09:24:00.000Z,2026-09-09T12:24:00,19.18,19.19,19.18,19.19,1924
2026-09-09T09:25:00.000Z,2026-09-09T12:25:00,19.18,19.19,19.18,19.18,102
2026-09-09T09:26:00.000Z,2026-09-09T12:26:00,19.18,19.19,19.18,19.19,1326
2026-09-09T09:27:00.000Z,2026-09-09T12:27:00,19.19,19.3,19.19,19.3,163882
2026-09-09T09:28:00.000Z,2026-09-09T12:28:00,19.3,19.31,19.3,19.3,18261
2026-09-09T09:29:00.000Z,2026-09-09T12:29:00,19.3,19.3,19.2,19.2,26955
2026-09-09T09:30:00.000Z,2026-09-09T12:30:00,19.23,19.23,19.21,19.23,1677
2026-09-09T09:31:00.000Z,2026-09-09T12:31:00,19.23,19.28,19.23,19.23,9193
2026-09-09T09:32:00.000Z,2026-09-09T12:32:00,19.23,19.29,19.22,19.22,19325
2026-09-09T09:33:00.000Z,2026-09-09T12:33:00,19.23,19.29,19.23,19.23,8558
2026-09-09T09:34:00.000Z,2026-09-09T12:34:00,19.23,19.31,19.23,19.23,23354
2026-09-09T09:35:00.000Z,2026-09-09T12:35:00,19.23,19.3,19.23,19.24,12445
2026-09-09T09:36:00.000Z,2026-09-09T12:36:00,19.24,19.3,19.23,19.23,3100
2026-09-09T09:37:00.000Z,2026-09-09T12:37:00,19.21,19.23,19.21,19.23,608
2026-09-09T09:38:00.000Z,2026-09-09T12:38:00,19.21,19.23,19.21,19.23,2884
2026-09-09T09:39:00.000Z,2026-09-09T12:39:00,19.21,19.21,19.21,19.21,2
2026-09-09T09:40:00.000Z,2026-09-09T12:40:00,19.21,19.21,19.21,19.21,5844
2026-09-09T09:41:00.000Z,2026-09-09T12:41:00,19.23,19.23,19.23,19.23,150
2026-09-09T09:42:00.000Z,2026-09-09T12:42:00,19.21,19.21,19.21,19.21,9421
2026-09-09T09:43:00.000Z,2026-09-09T12:43:00,19.21,19.21,19.21,19.21,2000
2026-09-09T09:44:00.000Z,2026-09-09T12:44:00,19.21,19.21,19.21,19.21,333
2026-09-09T09:45:00.000Z,2026-09-09T12:45:00,19.21,19.21,19.2,19.2,10409
2026-09-09T09:46:00.000Z,2026-09-09T12:46:00,19.2,19.21,19.2,19.21,3011
2026-09-09T09:47:00.000Z,2026-09-09T12:47:00,19.2,19.2,19.2,19.2,3
2026-09-09T09:48:00.000Z,2026-09-09T12:48:00,19.2,19.2,19.19,19.19,12150
2026-09-09T09:49:00.000Z,2026-09-09T12:49:00,19.2,19.2,19.19,19.19,11338
2026-09-09T09:50:00.000Z,2026-09-09T12:50:00,19.19,19.2,19.19,19.2,700
2026-09-09T09:51:00.000Z,2026-09-09T12:51:00,19.19,19.2,19.19,19.19,496
2026-09-09T09:52:00.000Z,2026-09-09T12:52:00,19.19,19.2,19.19,19.2,48771
2026-09-09T09:53:00.000Z,2026-09-09T12:53:00,19.2,19.2,19.19,19.19,37317
2026-09-09T09:54:00.000Z,2026-09-09T12:54:00,19.19,19.2,19.19,19.19,2662
2026-09-09T09:55:00.000Z,2026-09-09T12:55:00,19.19,19.19,19.19,19.19,313
2026-09-09T09:56:00.000Z,2026-09-09T12:56:00,19.19,19.19,19.18,19.18,14225
2026-09-09T09:57:00.000Z,2026-09-09T12:57:00,19.18,19.18,19.18,19.18,842
2026-09-09T09:58:00.000Z,2026-09-09T12:58:00,19.17,19.17,19.16,19.16,43012
2026-09-09T09:59:00.000Z,2026-09-09T12:59:00,19.16,19.16,19.16,19.16,1832
2026-09-09T10:00:00.000Z,2026-09-09T13:00:00,19.16,19.16,19.16,19.16,5931
2026-09-09T10:01:00.000Z,2026-09-09T13:01:00,19.16,19.16,19.15,19.15,31830
2026-09-09T10:02:00.000Z,2026-09-09T13:02:00,19.16,19.16,19.15,19.16,14511
2026-09-09T10:03:00.000Z,2026-09-09T13:03:00,19.15,19.15,19.14,19.14,7892
2026-09-09T10:04:00.000Z,2026-09-09T13:04:00,19.14,19.14,19.14,19.14,7482
2026-09-09T10:05:00.000Z,2026-09-09T13:05:00,19.14,19.14,19.14,19.14,3277
2026-09-09T10:06:00.000Z,2026-09-09T13:06:00,19.14,19.14,19.14,19.14,8766
2026-09-09T10:07:00.000Z,2026-09-09T13:07:00,19.15,19.16,19.14,19.14,26773
2026-09-09T10:08:00.000Z,2026-09-09T13:08:00,19.14,19.16,19.14,19.16,7078
2026-09-09T10:09:00.000Z,2026-09-09T13:09:00,19.16,19.2,19.15,19.2,22812
2026-09-09T10:10:00.000Z,2026-09-09T13:10:00,19.16,19.2,19.14,19.2,17899
2026-09-09T10:11:00.000Z,2026-09-09T13:11:00,19.2,19.2,19.2,19.2,365
2026-09-09T10:12:00.000Z,2026-09-09T13:12:00,19.21,19.21,19.2,19.2,11719
2026-09-09T10:13:00.000Z,2026-09-09T13:13:00,19.2,19.21,19.2,19.21,13335
2026-09-09T10:14:00.000Z,2026-09-09T13:14:00,19.21,19.21,19.21,19.21,9
2026-09-09T10:15:00.000Z,2026-09-09T13:15:00,19.2,19.21,19.2,19.2,1750
2026-09-09T10:16:00.000Z,2026-09-09T13:16:00,19.2,19.21,19.2,19.2,158126
2026-09-09T10:17:00.000Z,2026-09-09T13:17:00,19.21,19.21,19.2,19.2,15553
2026-09-09T10:18:00.000Z,2026-09-09T13:18:00,19.21,19.21,19.2,19.2,1508
2026-09-09T10:19:00.000Z,2026-09-09T13:19:00,19.2,19.21,19.2,19.21,4564
2026-09-09T10:20:00.000Z,2026-09-09T13:20:00,19.21,19.23,19.21,19.23,1031
2026-09-09T10:21:00.000Z,2026-09-09T13:21:00,19.23,19.23,19.23,19.23,1004
2026-09-09T10:22:00.000Z,2026-09-09T13:22:00,19.22,19.22,19.2,19.2,6760
2026-09-09T10:23:00.000Z,2026-09-09T13:23:00,19.23,19.23,19.23,19.23,628
2026-09-09T10:24:00.000Z,2026-09-09T13:24:00,19.21,19.21,19.2,19.2,33223
2026-09-09T10:25:00.000Z,2026-09-09T13:25:00,19.2,19.2,19.2,19.2,2649
2026-09-09T10:26:00.000Z,2026-09-09T13:26:00,19.2,19.21,19.2,19.21,5714
2026-09-09T10:27:00.000Z,2026-09-09T13:27:00,19.21,19.21,19.21,19.21,79
2026-09-09T10:28:00.000Z,2026-09-09T13:28:00,19.2,19.2,19.2,19.2,11901
2026-09-09T10:29:00.000Z,2026-09-09T13:29:00,19.2,19.2,19.2,19.2,13936
2026-09-09T10:30:00.000Z,2026-09-09T13:30:00,19.2,19.22,19.2,19.22,35017
2026-09-09T10:31:00.000Z,2026-09-09T13:31:00,19.21,19.22,19.21,19.22,7505
2026-09-09T10:32:00.000Z,2026-09-09T13:32:00,19.22,19.22,19.22,19.22,1322
2026-09-09T10:33:00.000Z,2026-09-09T13:33:00,19.21,19.22,19.21,19.22,646
2026-09-09T10:34:00.000Z,2026-09-09T13:34:00,19.22,19.22,19.21,19.21,1991
2026-09-09T10:35:00.000Z,2026-09-09T13:35:00,19.21,19.22,19.21,19.22,4458
2026-09-09T10:36:00.000Z,2026-09-09T13:36:00,19.21,19.21,19.21,19.21,16324
2026-09-09T10:37:00.000Z,2026-09-09T13:37:00,19.2,19.21,19.2,19.21,37
2026-09-09T10:38:00.000Z,2026-09-09T13:38:00,19.2,19.2,19.2,19.2,565
2026-09-09T10:39:00.000Z,2026-09-09T13:39:00,19.21,19.21,19.2,19.2,765
2026-09-09T10:40:00.000Z,2026-09-09T13:40:00,19.2,19.21,19.2,19.2,8276
2026-09-09T10:41:00.000Z,2026-09-09T13:41:00,19.2,19.21,19.2,19.2,38613
2026-09-09T10:42:00.000Z,2026-09-09T13:42:00,19.18,19.2,19.18,19.2,3466
2026-09-09T10:43:00.000Z,2026-09-09T13:43:00,19.2,19.2,19.2,19.2,3534
2026-09-09T10:44:00.000Z,2026-09-09T13:44:00,19.18,19.2,19.18,19.2,5662
2026-09-09T10:45:00.000Z,2026-09-09T13:45:00,19.18,19.2,19.18,19.2,1260
2026-09-09T10:46:00.000Z,2026-09-09T13:46:00,19.2,19.2,19.2,19.2,19
2026-09-09T10:47:00.000Z,2026-09-09T13:47:00,19.18,19.18,19.18,19.18,1301
2026-09-09T10:48:00.000Z,2026-09-09T13:48:00,19.18,19.18,19.16,19.16,8260
2026-09-09T10:49:00.000Z,2026-09-09T13:49:00,19.18,19.18,19.16,19.16,5480
2026-09-09T10:50:00.000Z,2026-09-09T13:50:00,19.16,19.16,19.14,19.14,28999
2026-09-09T10:51:00.000Z,2026-09-09T13:51:00,19.15,19.15,19.14,19.14,588
2026-09-09T10:52:00.000Z,2026-09-09T13:52:00,19.15,19.15,19.15,19.15,3670
2026-09-09T10:53:00.000Z,2026-09-09T13:53:00,19.15,19.15,19.14,19.15,14481
2026-09-09T10:54:00.000Z,2026-09-09T13:54:00,19.15,19.15,19.14,19.15,3857
2026-09-09T10:55:00.000Z,2026-09-09T13:55:00,19.14,19.2,19.14,19.14,63089
2026-09-09T10:56:00.000Z,2026-09-09T13:56:00,19.2,19.2,19.15,19.15,7512
2026-09-09T10:57:00.000Z,2026-09-09T13:57:00,19.15,19.2,19.14,19.2,6208
2026-09-09T10:58:00.000Z,2026-09-09T13:58:00,19.2,19.2,19.15,19.2,8514
2026-09-09T10:59:00.000Z,2026-09-09T13:59:00,19.2,19.2,19.15,19.15,5203
2026-09-09T11:00:00.000Z,2026-09-09T14:00:00,19.15,19.2,19.15,19.2,1258
2026-09-09T11:01:00.000Z,2026-09-09T14:01:00,19.2,19.2,19.15,19.15,338
2026-09-09T11:02:00.000Z,2026-09-09T14:02:00,19.19,19.2,19.15,19.15,9129
2026-09-09T11:03:00.000Z,2026-09-09T14:03:00,19.15,19.16,19.15,19.16,4490
2026-09-09T11:04:00.000Z,2026-09-09T14:04:00,19.16,19.2,19.15,19.2,5706
2026-09-09T11:05:00.000Z,2026-09-09T14:05:00,19.16,19.2,19.15,19.15,2829
2026-09-09T11:06:00.000Z,2026-09-09T14:06:00,19.19,19.19,19.15,19.15,23790
2026-09-09T11:07:00.000Z,2026-09-09T14:07:00,19.15,19.18,19.14,19.18,23195
2026-09-09T11:08:00.000Z,2026-09-09T14:08:00,19.14,19.14,19.14,19.14,271
2026-09-09T11:09:00.000Z,2026-09-09T14:09:00,19.18,19.18,19.14,19.14,197
2026-09-09T11:10:00.000Z,2026-09-09T14:10:00,19.17,19.18,19.15,19.18,673
2026-09-09T11:11:00.000Z,2026-09-09T14:11:00,19.18,19.18,19.13,19.18,53005
2026-09-09T11:12:00.000Z,2026-09-09T14:12:00,19.14,19.14,19.13,19.13,13776
2026-09-09T11:13:00.000Z,2026-09-09T14:13:00,19.13,19.18,19.13,19.18,14084
2026-09-09T11:14:00.000Z,2026-09-09T14:14:00,19.14,19.15,19.13,19.15,2981
2026-09-09T11:25:00.000Z,2026-09-09T14:25:00,19.2,19.2,19.2,19.2,277147
2026-09-09T11:26:00.000Z,2026-09-09T14:26:00,19.2,19.2,19.2,19.2,4000
2026-09-09T11:27:00.000Z,2026-09-09T14:27:00,19.2,19.2,19.2,19.2,3378
2026-09-10T07:00:00.000Z,2026-09-10T10:00:00,19.22,19.22,19.21,19.22,11117
2026-09-10T07:01:00.000Z,2026-09-10T10:01:00,19.22,19.22,19.21,19.22,10383
2026-09-10T07:02:00.000Z,2026-09-10T10:02:00,19.22,19.29,19.22,19.29,10461
2026-09-10T07:03:00.000Z,2026-09-10T10:03:00,19.29,19.3,19.29,19.3,3525
2026-09-10T07:04:00.000Z,2026-09-10T10:04:00,19.3,19.31,19.29,19.29,5273
2026-09-10T07:05:00.000Z,2026-09-10T10:05:00,19.29,19.3,19.29,19.3,21732
2026-09-10T07:06:00.000Z,2026-09-10T10:06:00,19.3,19.3,19.22,19.22,3462
2026-09-10T07:07:00.000Z,2026-09-10T10:07:00,19.22,19.28,19.22,19.28,315
2026-09-10T07:08:00.000Z,2026-09-10T10:08:00,19.22,19.28,19.22,19.28,2434
2026-09-10T07:09:00.000Z,2026-09-10T10:09:00,19.28,19.29,19.22,19.22,2649
2026-09-10T07:10:00.000Z,2026-09-10T10:10:00,19.24,19.24,19.24,19.24,1395
2026-09-10T07:11:00.000Z,2026-09-10T10:11:00,19.24,19.24,19.24,19.24,3407
2026-09-10T07:12:00.000Z,2026-09-10T10:12:00,19.23,19.24,19.21,19.24,3927
2026-09-10T07:13:00.000Z,2026-09-10T10:13:00,19.24,19.4,19.24,19.4,61747
2026-09-10T07:14:00.000Z,2026-09-10T10:14:00,19.39,19.39,19.3,19.37,6309
2026-09-10T07:15:00.000Z,2026-09-10T10:15:00,19.38,19.44,19.37,19.4,104144
2026-09-10T07:16:00.000Z,2026-09-10T10:16:00,19.39,19.39,19.38,19.38,3585
2026-09-10T07:17:00.000Z,2026-09-10T10:17:00,19.35,19.35,19.33,19.33,3599
2026-09-10T07:18:00.000Z,2026-09-10T10:18:00,19.33,19.33,19.3,19.3,7338
2026-09-10T07:19:00.000Z,2026-09-10T10:19:00,19.29,19.32,19.25,19.3,22055
2026-09-10T07:20:00.000Z,2026-09-10T10:20:00,19.3,19.32,19.3,19.32,11865
2026-09-10T07:21:00.000Z,2026-09-10T10:21:00,19.32,19.32,19.31,19.31,611
2026-09-10T07:22:00.000Z,2026-09-10T10:22:00,19.32,19.32,19.3,19.3,6970
2026-09-10T07:23:00.000Z,2026-09-10T10:23:00,19.31,19.31,19.3,19.3,10730
2026-09-10T07:24:00.000Z,2026-09-10T10:24:00,19.31,19.31,19.3,19.3,6694
2026-09-10T07:25:00.000Z,2026-09-10T10:25:00,19.31,19.31,19.31,19.31,7013
2026-09-10T07:26:00.000Z,2026-09-10T10:26:00,19.31,19.31,19.31,19.31,9
2026-09-10T07:27:00.000Z,2026-09-10T10:27:00,19.31,19.32,19.3,19.32,15997
2026-09-10T07:28:00.000Z,2026-09-10T10:28:00,19.32,19.32,19.26,19.26,27718
2026-09-10T07:29:00.000Z,2026-09-10T10:29:00,19.26,19.3,19.26,19.3,4565
2026-09-10T07:30:00.000Z,2026-09-10T10:30:00,19.3,19.3,19.3,19.3,5000
2026-09-10T07:31:00.000Z,2026-09-10T10:31:00,19.27,19.3,19.27,19.3,361
2026-09-10T07:32:00.000Z,2026-09-10T10:32:00,19.27,19.3,19.27,19.3,46
2026-09-10T07:33:00.000Z,2026-09-10T10:33:00,19.3,19.3,19.27,19.27,5791
2026-09-10T07:34:00.000Z,2026-09-10T10:34:00,19.27,19.29,19.27,19.29,12635
2026-09-10T07:35:00.000Z,2026-09-10T10:35:00,19.29,19.29,19.29,19.29,700
2026-09-10T07:36:00.000Z,2026-09-10T10:36:00,19.26,19.28,19.26,19.28,1352
2026-09-10T07:37:00.000Z,2026-09-10T10:37:00,19.28,19.3,19.28,19.3,14939
2026-09-10T07:38:00.000Z,2026-09-10T10:38:00,19.29,19.29,19.28,19.28,507
2026-09-10T07:39:00.000Z,2026-09-10T10:39:00,19.29,19.29,19.29,19.29,992
2026-09-10T07:40:00.000Z,2026-09-10T10:40:00,19.29,19.29,19.28,19.28,3098
2026-09-10T07:41:00.000Z,2026-09-10T10:41:00,19.29,19.29,19.26,19.29,9833
2026-09-10T07:42:00.000Z,2026-09-10T10:42:00,19.29,19.29,19.28,19.28,384
2026-09-10T07:45:00.000Z,2026-09-10T10:45:00,19.28,19.28,19.28,19.28,77
2026-09-10T07:46:00.000Z,2026-09-10T10:46:00,19.28,19.28,19.26,19.28,1359
2026-09-10T07:47:00.000Z,2026-09-10T10:47:00,19.26,19.28,19.26,19.26,8025
2026-09-10T07:48:00.000Z,2026-09-10T10:48:00,19.27,19.28,19.24,19.28,50615
2026-09-10T07:49:00.000Z,2026-09-10T10:49:00,19.26,19.26,19.26,19.26,425
2026-09-10T07:50:00.000Z,2026-09-10T10:50:00,19.28,19.29,19.26,19.28,6444
2026-09-10T07:51:00.000Z,2026-09-10T10:51:00,19.29,19.29,19.29,19.29,4513
2026-09-10T07:52:00.000Z,2026-09-10T10:52:00,19.29,19.29,19.29,19.29,420
2026-09-10T07:53:00.000Z,2026-09-10T10:53:00,19.29,19.29,19.29,19.29,31
2026-09-10T07:54:00.000Z,2026-09-10T10:54:00,19.29,19.29,19.25,19.25,3962
2026-09-10T07:55:00.000Z,2026-09-10T10:55:00,19.26,19.29,19.25,19.25,10511
2026-09-10T07:56:00.000Z,2026-09-10T10:56:00,19.29,19.3,19.29,19.3,2348
2026-09-10T07:57:00.000Z,2026-09-10T10:57:00,19.3,19.3,19.26,19.26,875
2026-09-10T07:58:00.000Z,2026-09-10T10:58:00,19.26,19.26,19.26,19.26,1375
2026-09-10T07:59:00.000Z,2026-09-10T10:59:00,19.25,19.25,19.25,19.25,2254
2026-09-10T08:00:00.000Z,2026-09-10T11:00:00,19.26,19.26,19.25,19.25,31
2026-09-10T08:01:00.000Z,2026-09-10T11:01:00,19.26,19.26,19.26,19.26,1014
2026-09-10T08:02:00.000Z,2026-09-10T11:02:00,19.29,19.29,19.26,19.26,2667
2026-09-10T08:03:00.000Z,2026-09-10T11:03:00,19.26,19.27,19.26,19.26,2480
2026-09-10T08:04:00.000Z,2026-09-10T11:04:00,19.26,19.26,19.25,19.25,9345
2026-09-10T08:05:00.000Z,2026-09-10T11:05:00,19.24,19.25,19.23,19.23,19704
2026-09-10T08:06:00.000Z,2026-09-10T11:06:00,19.24,19.24,19.22,19.22,3493
2026-09-10T08:07:00.000Z,2026-09-10T11:07:00,19.22,19.22,19.22,19.22,175
2026-09-10T08:08:00.000Z,2026-09-10T11:08:00,19.23,19.23,19.21,19.21,50452
2026-09-10T08:09:00.000Z,2026-09-10T11:09:00,19.21,19.21,19.2,19.21,3740
2026-09-10T08:10:00.000Z,2026-09-10T11:10:00,19.21,19.22,19.21,19.22,6370
2026-09-10T08:11:00.000Z,2026-09-10T11:11:00,19.22,19.22,19.21,19.22,1578
2026-09-10T08:12:00.000Z,2026-09-10T11:12:00,19.22,19.22,19.21,19.21,2188
2026-09-10T08:13:00.000Z,2026-09-10T11:13:00,19.21,19.23,19.21,19.23,6083
2026-09-10T08:14:00.000Z,2026-09-10T11:14:00,19.24,19.24,19.2,19.2,1624
2026-09-10T08:15:00.000Z,2026-09-10T11:15:00,19.2,19.2,19.2,19.2,11710
2026-09-10T08:16:00.000Z,2026-09-10T11:16:00,19.2,19.2,19.18,19.19,20916
2026-09-10T08:17:00.000Z,2026-09-10T11:17:00,19.19,19.19,19.18,19.19,870
2026-09-10T08:18:00.000Z,2026-09-10T11:18:00,19.18,19.19,19.16,19.16,28624
2026-09-10T08:19:00.000Z,2026-09-10T11:19:00,19.16,19.18,19.16,19.18,10359
2026-09-10T08:20:00.000Z,2026-09-10T11:20:00,19.18,19.19,19.17,19.17,4256
2026-09-10T08:21:00.000Z,2026-09-10T11:21:00,19.16,19.16,19.16,19.16,309
2026-09-10T08:22:00.000Z,2026-09-10T11:22:00,19.17,19.18,19.17,19.18,500
2026-09-10T08:24:00.000Z,2026-09-10T11:24:00,19.16,19.19,19.16,19.19,4927
2026-09-10T08:25:00.000Z,2026-09-10T11:25:00,19.18,19.18,19.16,19.16,28175
2026-09-10T08:26:00.000Z,2026-09-10T11:26:00,19.16,19.16,19.15,19.15,32510
2026-09-10T08:27:00.000Z,2026-09-10T11:27:00,19.16,19.19,19.16,19.19,2567
2026-09-10T08:28:00.000Z,2026-09-10T11:28:00,19.19,19.19,19.19,19.19,17
2026-09-10T08:29:00.000Z,2026-09-10T11:29:00,19.19,19.19,19.19,19.19,211
2026-09-10T08:30:00.000Z,2026-09-10T11:30:00,19.17,19.17,19.17,19.17,2059
2026-09-10T08:31:00.000Z,2026-09-10T11:31:00,19.17,19.17,19.17,19.17,273
2026-09-10T08:32:00.000Z,2026-09-10T11:32:00,19.17,19.18,19.17,19.18,292
2026-09-10T08:33:00.000Z,2026-09-10T11:33:00,19.17,19.17,19.15,19.15,6988
2026-09-10T08:34:00.000Z,2026-09-10T11:34:00,19.15,19.15,19.15,19.15,1225
2026-09-10T08:35:00.000Z,2026-09-10T11:35:00,19.15,19.15,19.15,19.15,895
2026-09-10T08:36:00.000Z,2026-09-10T11:36:00,19.16,19.16,19.16,19.16,4024
2026-09-10T08:38:00.000Z,2026-09-10T11:38:00,19.16,19.19,19.16,19.19,106
2026-09-10T08:39:00.000Z,2026-09-10T11:39:00,19.19,19.19,19.19,19.19,161
2026-09-10T08:40:00.000Z,2026-09-10T11:40:00,19.19,19.19,19.19,19.19,1
2026-09-10T08:42:00.000Z,2026-09-10T11:42:00,19.19,19.19,19.16,19.16,207
2026-09-10T08:43:00.000Z,2026-09-10T11:43:00,19.19,19.19,19.15,19.15,53905
2026-09-10T08:45:00.000Z,2026-09-10T11:45:00,19.15,19.15,19.15,19.15,20
2026-09-10T08:46:00.000Z,2026-09-10T11:46:00,19.16,19.17,19.16,19.17,1483
2026-09-10T08:47:00.000Z,2026-09-10T11:47:00,19.16,19.19,19.16,19.19,544
2026-09-10T08:48:00.000Z,2026-09-10T11:48:00,19.19,19.19,19.15,19.15,9926
2026-09-10T08:49:00.000Z,2026-09-10T11:49:00,19.16,19.16,19.15,19.16,5336
2026-09-10T08:50:00.000Z,2026-09-10T11:50:00,19.17,19.17,19.15,19.15,5993
2026-09-10T08:51:00.000Z,2026-09-10T11:51:00,19.16,19.16,19.15,19.15,1319
2026-09-10T08:52:00.000Z,2026-09-10T11:52:00,19.15,19.16,19.15,19.16,3988
2026-09-10T08:53:00.000Z,2026-09-10T11:53:00,19.16,19.16,19.15,19.16,12763
2026-09-10T08:54:00.000Z,2026-09-10T11:54:00,19.16,19.17,19.15,19.15,1015
2026-09-10T08:55:00.000Z,2026-09-10T11:55:00,19.15,19.15,19.15,19.15,15713
2026-09-10T08:56:00.000Z,2026-09-10T11:56:00,19.15,19.16,19.13,19.15,62223
2026-09-10T08:57:00.000Z,2026-09-10T11:57:00,19.15,19.23,19.15,19.2,41703
2026-09-10T08:58:00.000Z,2026-09-10T11:58:00,19.2,19.2,19.2,19.2,26
2026-09-10T08:59:00.000Z,2026-09-10T11:59:00,19.23,19.23,19.23,19.23,41
2026-09-10T09:00:00.000Z,2026-09-10T12:00:00,19.2,19.21,19.2,19.21,1166
2026-09-10T09:01:00.000Z,2026-09-10T12:01:00,19.21,19.21,19.2,19.21,5077
2026-09-10T09:04:00.000Z,2026-09-10T12:04:00,19.21,19.22,19.2,19.21,1095
2026-09-10T09:05:00.000Z,2026-09-10T12:05:00,19.21,19.21,19.2,19.2,182
2026-09-10T09:06:00.000Z,2026-09-10T12:06:00,19.22,19.22,19.2,19.2,23305
2026-09-10T09:07:00.000Z,2026-09-10T12:07:00,19.2,19.22,19.2,19.2,7891
2026-09-10T09:08:00.000Z,2026-09-10T12:08:00,19.2,19.22,19.2,19.2,22752
2026-09-10T09:09:00.000Z,2026-09-10T12:09:00,19.16,19.2,19.16,19.2,7722
2026-09-10T09:10:00.000Z,2026-09-10T12:10:00,19.2,19.2,19.16,19.16,4168
2026-09-10T09:11:00.000Z,2026-09-10T12:11:00,19.16,19.2,19.16,19.2,2197
2026-09-10T09:12:00.000Z,2026-09-10T12:12:00,19.2,19.2,19.2,19.2,21342
2026-09-10T09:13:00.000Z,2026-09-10T12:13:00,19.21,19.21,19.2,19.2,3817
2026-09-10T09:14:00.000Z,2026-09-10T12:14:00,19.2,19.2,19.17,19.17,1729
2026-09-10T09:15:00.000Z,2026-09-10T12:15:00,19.2,19.2,19.17,19.17,373
2026-09-10T09:16:00.000Z,2026-09-10T12:16:00,19.17,19.2,19.17,19.17,26399
2026-09-10T09:17:00.000Z,2026-09-10T12:17:00,19.2,19.21,19.2,19.2,8586
2026-09-10T09:18:00.000Z,2026-09-10T12:18:00,19.21,19.22,19.2,19.2,816
2026-09-10T09:19:00.000Z,2026-09-10T12:19:00,19.22,19.22,19.2,19.2,34084
2026-09-10T09:20:00.000Z,2026-09-10T12:20:00,19.2,19.22,19.2,19.22,1975
2026-09-10T09:21:00.000Z,2026-09-10T12:21:00,19.22,19.22,19.21,19.22,814
2026-09-10T09:22:00.000Z,2026-09-10T12:22:00,19.21,19.22,19.21,19.22,1507
2026-09-10T09:23:00.000Z,2026-09-10T12:23:00,19.21,19.22,19.21,19.22,4703
2026-09-10T09:24:00.000Z,2026-09-10T12:24:00,19.22,19.23,19.22,19.23,1358
2026-09-10T09:25:00.000Z,2026-09-10T12:25:00,19.23,19.23,19.21,19.21,3390
2026-09-10T09:26:00.000Z,2026-09-10T12:26:00,19.21,19.22,19.21,19.22,1146
2026-09-10T09:27:00.000Z,2026-09-10T12:27:00,19.22,19.22,19.22,19.22,31
2026-09-10T09:28:00.000Z,2026-09-10T12:28:00,19.21,19.22,19.21,19.22,254
2026-09-10T09:29:00.000Z,2026-09-10T12:29:00,19.21,19.21,19.21,19.21,13
2026-09-10T09:30:00.000Z,2026-09-10T12:30:00,19.22,19.22,19.22,19.22,26495
2026-09-10T09:31:00.000Z,2026-09-10T12:31:00,19.22,19.22,19.21,19.21,220
2026-09-10T09:32:00.000Z,2026-09-10T12:32:00,19.22,19.22,19.22,19.22,12216
2026-09-10T09:33:00.000Z,2026-09-10T12:33:00,19.21,19.21,19.21,19.21,8249
2026-09-10T09:34:00.000Z,2026-09-10T12:34:00,19.21,19.21,19.2,19.2,9256
2026-09-10T09:35:00.000Z,2026-09-10T12:35:00,19.2,19.2,19.2,19.2,780
2026-09-10T09:36:00.000Z,2026-09-10T12:36:00,19.2,19.2,19.18,19.2,6881
2026-09-10T09:37:00.000Z,2026-09-10T12:37:00,19.2,19.2,19.17,19.17,12090
2026-09-10T09:38:00.000Z,2026-09-10T12:38:00,19.17,19.2,19.17,19.2,9051
2026-09-10T09:39:00.000Z,2026-09-10T12:39:00,19.17,19.17,19.17,19.17,40
2026-09-10T09:40:00.000Z,2026-09-10T12:40:00,19.17,19.2,19.15,19.2,25001
2026-09-10T09:41:00.000Z,2026-09-10T12:41:00,19.15,19.19,19.15,19.19,23856
2026-09-10T09:42:00.000Z,2026-09-10T12:42:00,19.19,19.19,19.15,19.19,653
2026-09-10T09:43:00.000Z,2026-09-10T12:43:00,19.15,19.19,19.15,19.19,384
2026-09-10T09:44:00.000Z,2026-09-10T12:44:00,19.16,19.19,19.16,19.19,24
2026-09-10T09:45:00.000Z,2026-09-10T12:45:00,19.19,19.2,19.15,19.2,16001
2026-09-10T09:46:00.000Z,2026-09-10T12:46:00,19.15,19.19,19.15,19.19,4106
2026-09-10T09:47:00.000Z,2026-09-10T12:47:00,19.16,19.16,19.16,19.16,3
2026-09-10T09:48:00.000Z,2026-09-10T12:48:00,19.16,19.16,19.16,19.16,11175
2026-09-10T09:49:00.000Z,2026-09-10T12:49:00,19.15,19.15,19.15,19.15,25088
2026-09-10T09:50:00.000Z,2026-09-10T12:50:00,19.19,19.2,19.19,19.2,5917
2026-09-10T09:51:00.000Z,2026-09-10T12:51:00,19.17,19.17,19.15,19.15,300
2026-09-10T09:52:00.000Z,2026-09-10T12:52:00,19.19,19.19,19.19,19.19,1
2026-09-10T09:53:00.000Z,2026-09-10T12:53:00,19.18,19.18,19.17,19.17,1602
2026-09-10T09:54:00.000Z,2026-09-10T12:54:00,19.17,19.17,19.17,19.17,8399
2026-09-10T09:55:00.000Z,2026-09-10T12:55:00,19.16,19.18,19.16,19.18,3350
2026-09-10T09:56:00.000Z,2026-09-10T12:56:00,19.16,19.16,19.15,19.16,28450
2026-09-10T09:57:00.000Z,2026-09-10T12:57:00,19.18,19.18,19.15,19.15,18791
2026-09-10T09:58:00.000Z,2026-09-10T12:58:00,19.18,19.18,19.18,19.18,158
2026-09-10T09:59:00.000Z,2026-09-10T12:59:00,19.18,19.18,19.18,19.18,179
2026-09-10T10:00:00.000Z,2026-09-10T13:00:00,19.15,19.17,19.15,19.15,39112
2026-09-10T10:01:00.000Z,2026-09-10T13:01:00,19.17,19.29,19.15,19.2,112975
2026-09-10T10:02:00.000Z,2026-09-10T13:02:00,19.2,19.2,19.2,19.2,26
2026-09-10T10:03:00.000Z,2026-09-10T13:03:00,19.2,19.2,19.2,19.2,1562
2026-09-10T10:04:00.000Z,2026-09-10T13:04:00,19.2,19.2,19.2,19.2,5250
2026-09-10T10:05:00.000Z,2026-09-10T13:05:00,19.17,19.19,19.17,19.19,58
2026-09-10T10:07:00.000Z,2026-09-10T13:07:00,19.19,19.19,19.19,19.19,196
2026-09-10T10:08:00.000Z,2026-09-10T13:08:00,19.19,19.19,19.19,19.19,22
2026-09-10T10:09:00.000Z,2026-09-10T13:09:00,19.19,19.19,19.19,19.19,7
2026-09-10T10:10:00.000Z,2026-09-10T13:10:00,19.18,19.18,19.18,19.18,4159
2026-09-10T10:11:00.000Z,2026-09-10T13:11:00,19.18,19.18,19.18,19.18,1
2026-09-10T10:12:00.000Z,2026-09-10T13:12:00,19.17,19.18,19.16,19.18,1531
2026-09-10T10:13:00.000Z,2026-09-10T13:13:00,19.16,19.16,19.15,19.15,20003
2026-09-10T10:14:00.000Z,2026-09-10T13:14:00,19.15,19.15,19.15,19.15,5989
2026-09-10T10:15:00.000Z,2026-09-10T13:15:00,19.15,19.15,19.15,19.15,2179
2026-09-10T10:16:00.000Z,2026-09-10T13:16:00,19.15,19.15,19.13,19.13,5612
2026-09-10T10:17:00.000Z,2026-09-10T13:17:00,19.15,19.17,19.15,19.17,57
2026-09-10T10:18:00.000Z,2026-09-10T13:18:00,19.16,19.16,19.15,19.15,561
2026-09-10T10:19:00.000Z,2026-09-10T13:19:00,19.17,19.17,19.15,19.15,8154
2026-09-10T10:20:00.000Z,2026-09-10T13:20:00,19.15,19.16,19.15,19.15,7559
2026-09-10T10:21:00.000Z,2026-09-10T13:21:00,19.15,19.15,19.15,19.15,16389
2026-09-10T10:22:00.000Z,2026-09-10T13:22:00,19.16,19.16,19.15,19.16,4021
2026-09-10T10:23:00.000Z,2026-09-10T13:23:00,19.16,19.17,19.15,19.15,5175
2026-09-10T10:24:00.000Z,2026-09-10T13:24:00,19.15,19.17,19.15,19.17,9
2026-09-10T10:25:00.000Z,2026-09-10T13:25:00,19.15,19.16,19.15,19.16,7802
2026-09-10T10:26:00.000Z,2026-09-10T13:26:00,19.16,19.16,19.14,19.16,256
2026-09-10T10:27:00.000Z,2026-09-10T13:27:00,19.16,19.16,19.13,19.14,3884
2026-09-10T10:28:00.000Z,2026-09-10T13:28:00,19.14,19.16,19.13,19.16,12355
2026-09-10T10:30:00.000Z,2026-09-10T13:30:00,19.15,19.16,19.13,19.16,1708
2026-09-10T10:31:00.000Z,2026-09-10T13:31:00,19.16,19.16,19.16,19.16,261
2026-09-10T10:32:00.000Z,2026-09-10T13:32:00,19.14,19.14,19.13,19.14,8022
2026-09-10T10:33:00.000Z,2026-09-10T13:33:00,19.14,19.14,19.14,19.14,40
2026-09-10T10:34:00.000Z,2026-09-10T13:34:00,19.14,19.14,19.13,19.14,2006
2026-09-10T10:35:00.000Z,2026-09-10T13:35:00,19.14,19.14,19.13,19.13,1313
2026-09-10T10:36:00.000Z,2026-09-10T13:36:00,19.14,19.14,19.13,19.14,986
2026-09-10T10:37:00.000Z,2026-09-10T13:37:00,19.13,19.14,19.13,19.14,20329
2026-09-10T10:38:00.000Z,2026-09-10T13:38:00,19.13,19.16,19.12,19.12,42016
2026-09-10T10:39:00.000Z,2026-09-10T13:39:00,19.12,19.12,19.12,19.12,17170
2026-09-10T10:40:00.000Z,2026-09-10T13:40:00,19.12,19.16,19.12,19.16,210
2026-09-10T10:41:00.000Z,2026-09-10T13:41:00,19.14,19.16,19.14,19.16,3525
2026-09-10T10:42:00.000Z,2026-09-10T13:42:00,19.14,19.16,19.12,19.16,95668
2026-09-10T10:43:00.000Z,2026-09-10T13:43:00,19.16,19.16,19.12,19.13,21583
2026-09-10T10:44:00.000Z,2026-09-10T13:44:00,19.16,19.16,19.15,19.15,45
2026-09-10T10:45:00.000Z,2026-09-10T13:45:00,19.15,19.15,19.12,19.15,22070
2026-09-10T10:47:00.000Z,2026-09-10T13:47:00,19.12,19.12,19.11,19.11,2974
2026-09-10T10:48:00.000Z,2026-09-10T13:48:00,19.15,19.15,19.12,19.15,1113
2026-09-10T10:49:00.000Z,2026-09-10T13:49:00,19.14,19.15,19.12,19.12,2124
2026-09-10T10:50:00.000Z,2026-09-10T13:50:00,19.12,19.12,19.11,19.11,5119
2026-09-10T10:51:00.000Z,2026-09-10T13:51:00,19.11,19.12,19.1,19.1,33777
2026-09-10T10:52:00.000Z,2026-09-10T13:52:00,19.12,19.12,19.12,19.12,13000
2026-09-10T10:53:00.000Z,2026-09-10T13:53:00,19.12,19.15,19.1,19.1,50133
2026-09-10T10:54:00.000Z,2026-09-10T13:54:00,19.15,19.16,19.15,19.16,115
2026-09-10T10:55:00.000Z,2026-09-10T13:55:00,19.11,19.11,19.11,19.11,10
2026-09-10T10:56:00.000Z,2026-09-10T13:56:00,19.16,19.16,19.11,19.11,302
2026-09-10T10:57:00.000Z,2026-09-10T13:57:00,19.11,19.16,19.11,19.16,11194
2026-09-10T10:58:00.000Z,2026-09-10T13:58:00,19.11,19.15,19.1,19.15,16832
2026-09-10T10:59:00.000Z,2026-09-10T13:59:00,19.15,19.35,19.11,19.35,192023
2026-09-10T11:00:00.000Z,2026-09-10T14:00:00,19.2,19.2,19.19,19.19,265
2026-09-10T11:01:00.000Z,2026-09-10T14:01:00,19.19,19.2,19.14,19.2,50370
2026-09-10T11:02:00.000Z,2026-09-10T14:02:00,19.2,19.2,19.12,19.12,13319
2026-09-10T11:03:00.000Z,2026-09-10T14:03:00,19.2,19.2,19.2,19.2,460
2026-09-10T11:04:00.000Z,2026-09-10T14:04:00,19.16,19.2,19.16,19.2,1907
2026-09-10T11:05:00.000Z,2026-09-10T14:05:00,19.13,19.13,19.13,19.13,768
2026-09-10T11:06:00.000Z,2026-09-10T14:06:00,19.2,19.2,19.19,19.19,622
2026-09-10T11:07:00.000Z,2026-09-10T14:07:00,19.15,19.19,19.15,19.19,4
2026-09-10T11:08:00.000Z,2026-09-10T14:08:00,19.18,19.18,19.17,19.17,493
2026-09-10T11:09:00.000Z,2026-09-10T14:09:00,19.18,19.2,19.14,19.14,25297
2026-09-10T11:10:00.000Z,2026-09-10T14:10:00,19.15,19.15,19.15,19.15,4795
2026-09-10T11:11:00.000Z,2026-09-10T14:11:00,19.15,19.2,19.12,19.12,28970
2026-09-10T11:12:00.000Z,2026-09-10T14:12:00,19.12,19.12,19.11,19.12,50010
2026-09-10T11:13:00.000Z,2026-09-10T14:13:00,19.13,19.2,19.11,19.12,10238
2026-09-10T11:14:00.000Z,2026-09-10T14:14:00,19.2,19.2,19.13,19.14,3955
2026-09-10T11:25:00.000Z,2026-09-10T14:25:00,19.2,19.2,19.2,19.2,64908
2026-09-10T11:26:00.000Z,2026-09-10T14:26:00,19.2,19.2,19.2,19.2,30135
2026-09-10T11:27:00.000Z,2026-09-10T14:27:00,19.2,19.2,19.2,19.2,600
2026-09-10T11:28:00.000Z,2026-09-10T14:28:00,19.2,19.2,19.2,19.2,30000
2026-09-10T11:29:00.000Z,2026-09-10T14:29:00,19.2,19.2,19.2,19.2,36084
2026-09-13T07:00:00.000Z,2026-09-13T10:00:00,19.39,19.4,19.3,19.39,48126
2026-09-13T07:01:00.000Z,2026-09-13T10:01:00,19.4,19.4,19.3,19.3,4693
2026-09-13T07:02:00.000Z,2026-09-13T10:02:00,19.27,19.38,19.27,19.3,3563
2026-09-13T07:03:00.000Z,2026-09-13T10:03:00,19.38,19.38,19.27,19.27,2257
2026-09-13T07:04:00.000Z,2026-09-13T10:04:00,19.27,19.3,19.22,19.22,7832
2026-09-13T07:05:00.000Z,2026-09-13T10:05:00,19.27,19.3,19.2,19.3,91161
2026-09-13T07:06:00.000Z,2026-09-13T10:06:00,19.28,19.28,19.21,19.25,1087
2026-09-13T07:07:00.000Z,2026-09-13T10:07:00,19.27,19.35,19.21,19.21,16786
2026-09-13T07:08:00.000Z,2026-09-13T10:08:00,19.3,19.3,19.3,19.3,1215
2026-09-13T07:09:00.000Z,2026-09-13T10:09:00,19.3,19.3,19.23,19.23,920
2026-09-13T07:10:00.000Z,2026-09-13T10:10:00,19.3,19.3,19.21,19.3,4890
2026-09-13T07:11:00.000Z,2026-09-13T10:11:00,19.21,19.3,19.21,19.25,3213
2026-09-13T07:12:00.000Z,2026-09-13T10:12:00,19.25,19.3,19.25,19.25,4072
2026-09-13T07:13:00.000Z,2026-09-13T10:13:00,19.25,19.25,19.21,19.21,9937
2026-09-13T07:14:00.000Z,2026-09-13T10:14:00,19.25,19.25,19.21,19.24,2761
2026-09-13T07:15:00.000Z,2026-09-13T10:15:00,19.21,19.24,19.21,19.24,532
2026-09-13T07:16:00.000Z,2026-09-13T10:16:00,19.21,19.24,19.21,19.21,3670
2026-09-13T07:17:00.000Z,2026-09-13T10:17:00,19.22,19.25,19.22,19.25,5462
2026-09-13T07:18:00.000Z,2026-09-13T10:18:00,19.26,19.29,19.1,19.1,200723
2026-09-13T07:19:00.000Z,2026-09-13T10:19:00,19.29,19.29,19.14,19.27,539
2026-09-13T07:20:00.000Z,2026-09-13T10:20:00,19.27,19.27,19.27,19.27,285
2026-09-13T07:21:00.000Z,2026-09-13T10:21:00,19.27,19.27,19.16,19.26,3554
2026-09-13T07:22:00.000Z,2026-09-13T10:22:00,19.25,19.25,19.25,19.25,1150
2026-09-13T07:23:00.000Z,2026-09-13T10:23:00,19.19,19.25,19.19,19.19,1225
2026-09-13T07:24:00.000Z,2026-09-13T10:24:00,19.18,19.25,19.17,19.2,3523
2026-09-13T07:25:00.000Z,2026-09-13T10:25:00,19.17,19.25,19.17,19.2,3227
2026-09-13T07:26:00.000Z,2026-09-13T10:26:00,19.25,19.25,19.2,19.25,3034
2026-09-13T07:27:00.000Z,2026-09-13T10:27:00,19.25,19.25,19.2,19.2,7463
2026-09-13T07:28:00.000Z,2026-09-13T10:28:00,19.25,19.25,19.2,19.25,4273
2026-09-13T07:29:00.000Z,2026-09-13T10:29:00,19.25,19.25,19.21,19.25,3882
2026-09-13T07:30:00.000Z,2026-09-13T10:30:00,19.25,19.25,19.21,19.21,577
2026-09-13T07:31:00.000Z,2026-09-13T10:31:00,19.21,19.23,19.21,19.23,1155
2026-09-13T07:32:00.000Z,2026-09-13T10:32:00,19.23,19.23,19.21,19.23,406
2026-09-13T07:33:00.000Z,2026-09-13T10:33:00,19.23,19.23,19.23,19.23,372
2026-09-13T07:34:00.000Z,2026-09-13T10:34:00,19.23,19.23,19.2,19.2,609
2026-09-13T07:35:00.000Z,2026-09-13T10:35:00,19.23,19.23,19.2,19.23,1273
2026-09-13T07:37:00.000Z,2026-09-13T10:37:00,19.21,19.23,19.21,19.22,1259
2026-09-13T07:38:00.000Z,2026-09-13T10:38:00,19.22,19.28,19.22,19.28,19147
2026-09-13T07:39:00.000Z,2026-09-13T10:39:00,19.28,19.28,19.23,19.26,6332
2026-09-13T07:40:00.000Z,2026-09-13T10:40:00,19.25,19.25,19.23,19.23,1372
2026-09-13T07:41:00.000Z,2026-09-13T10:41:00,19.28,19.28,19.24,19.24,451
2026-09-13T07:42:00.000Z,2026-09-13T10:42:00,19.27,19.27,19.27,19.27,72
2026-09-13T07:43:00.000Z,2026-09-13T10:43:00,19.24,19.24,19.24,19.24,504
2026-09-13T07:44:00.000Z,2026-09-13T10:44:00,19.24,19.26,19.23,19.23,9129
2026-09-13T07:45:00.000Z,2026-09-13T10:45:00,19.26,19.26,19.24,19.24,5390
2026-09-13T07:46:00.000Z,2026-09-13T10:46:00,19.24,19.27,19.24,19.27,8432
2026-09-13T07:47:00.000Z,2026-09-13T10:47:00,19.27,19.27,19.25,19.25,804
2026-09-13T07:48:00.000Z,2026-09-13T10:48:00,19.27,19.27,19.25,19.27,1383
2026-09-13T07:49:00.000Z,2026-09-13T10:49:00,19.25,19.25,19.24,19.25,8564
2026-09-13T07:50:00.000Z,2026-09-13T10:50:00,19.25,19.3,19.25,19.29,73020
2026-09-13T07:51:00.000Z,2026-09-13T10:51:00,19.29,19.3,19.28,19.3,64860
2026-09-13T07:52:00.000Z,2026-09-13T10:52:00,19.3,19.3,19.29,19.3,39661
2026-09-13T07:53:00.000Z,2026-09-13T10:53:00,19.33,19.33,19.3,19.3,13000
2026-09-13T07:54:00.000Z,2026-09-13T10:54:00,19.33,19.33,19.33,19.33,20
2026-09-13T07:55:00.000Z,2026-09-13T10:55:00,19.33,19.33,19.31,19.31,8291
2026-09-13T07:56:00.000Z,2026-09-13T10:56:00,19.3,19.32,19.3,19.32,9640
2026-09-13T07:57:00.000Z,2026-09-13T10:57:00,19.31,19.33,19.3,19.33,19189
2026-09-13T07:58:00.000Z,2026-09-13T10:58:00,19.32,19.32,19.31,19.31,3714
2026-09-13T07:59:00.000Z,2026-09-13T10:59:00,19.32,19.32,19.3,19.3,1199
2026-09-13T08:00:00.000Z,2026-09-13T11:00:00,19.3,19.3,19.28,19.28,6910
2026-09-13T08:01:00.000Z,2026-09-13T11:01:00,19.28,19.3,19.28,19.3,21171
2026-09-13T08:02:00.000Z,2026-09-13T11:02:00,19.3,19.3,19.3,19.3,15
2026-09-13T08:03:00.000Z,2026-09-13T11:03:00,19.3,19.3,19.29,19.29,125
2026-09-13T08:04:00.000Z,2026-09-13T11:04:00,19.3,19.3,19.3,19.3,3439
2026-09-13T08:05:00.000Z,2026-09-13T11:05:00,19.3,19.3,19.29,19.29,904
2026-09-13T08:06:00.000Z,2026-09-13T11:06:00,19.29,19.29,19.28,19.29,510
2026-09-13T08:07:00.000Z,2026-09-13T11:07:00,19.28,19.29,19.27,19.27,13890
2026-09-13T08:08:00.000Z,2026-09-13T11:08:00,19.27,19.29,19.27,19.27,7563
2026-09-13T08:09:00.000Z,2026-09-13T11:09:00,19.29,19.29,19.27,19.29,975
2026-09-13T08:10:00.000Z,2026-09-13T11:10:00,19.27,19.29,19.27,19.27,16282
2026-09-13T08:11:00.000Z,2026-09-13T11:11:00,19.27,19.29,19.27,19.27,405
2026-09-13T08:12:00.000Z,2026-09-13T11:12:00,19.27,19.27,19.27,19.27,1123
2026-09-13T08:13:00.000Z,2026-09-13T11:13:00,19.26,19.27,19.26,19.26,132
2026-09-13T08:14:00.000Z,2026-09-13T11:14:00,19.27,19.27,19.25,19.25,9904
2026-09-13T08:16:00.000Z,2026-09-13T11:16:00,19.25,19.28,19.24,19.28,8367
2026-09-13T08:17:00.000Z,2026-09-13T11:17:00,19.25,19.28,19.25,19.27,3865
2026-09-13T08:18:00.000Z,2026-09-13T11:18:00,19.25,19.25,19.25,19.25,450
2026-09-13T08:19:00.000Z,2026-09-13T11:19:00,19.25,19.25,19.24,19.24,1554
2026-09-13T08:20:00.000Z,2026-09-13T11:20:00,19.26,19.27,19.26,19.27,12062
2026-09-13T08:21:00.000Z,2026-09-13T11:21:00,19.24,19.24,19.24,19.24,96
2026-09-13T08:22:00.000Z,2026-09-13T11:22:00,19.27,19.27,19.26,19.27,1051
2026-09-13T08:24:00.000Z,2026-09-13T11:24:00,19.25,19.27,19.24,19.24,1470
2026-09-13T08:25:00.000Z,2026-09-13T11:25:00,19.27,19.27,19.27,19.27,265
2026-09-13T08:26:00.000Z,2026-09-13T11:26:00,19.26,19.27,19.25,19.27,2320
2026-09-13T08:27:00.000Z,2026-09-13T11:27:00,19.25,19.27,19.25,19.27,1932
2026-09-13T08:28:00.000Z,2026-09-13T11:28:00,19.27,19.3,19.27,19.3,45862
2026-09-13T08:29:00.000Z,2026-09-13T11:29:00,19.26,19.3,19.26,19.3,211
2026-09-13T08:30:00.000Z,2026-09-13T11:30:00,19.26,19.26,19.26,19.26,23
2026-09-13T08:31:00.000Z,2026-09-13T11:31:00,19.29,19.29,19.29,19.29,260
2026-09-13T08:32:00.000Z,2026-09-13T11:32:00,19.29,19.29,19.26,19.26,1544
2026-09-13T08:33:00.000Z,2026-09-13T11:33:00,19.29,19.29,19.27,19.29,1101
2026-09-13T08:34:00.000Z,2026-09-13T11:34:00,19.29,19.29,19.26,19.28,5938
2026-09-13T08:35:00.000Z,2026-09-13T11:35:00,19.27,19.27,19.26,19.26,1129
2026-09-13T08:36:00.000Z,2026-09-13T11:36:00,19.26,19.26,19.25,19.25,21554
2026-09-13T08:37:00.000Z,2026-09-13T11:37:00,19.27,19.27,19.25,19.25,12097
2026-09-13T08:38:00.000Z,2026-09-13T11:38:00,19.25,19.25,19.22,19.24,5879
2026-09-13T08:39:00.000Z,2026-09-13T11:39:00,19.22,19.24,19.22,19.24,2806
2026-09-13T08:40:00.000Z,2026-09-13T11:40:00,19.22,19.23,19.22,19.23,8146
2026-09-13T08:41:00.000Z,2026-09-13T11:41:00,19.22,19.22,19.22,19.22,2182
2026-09-13T08:42:00.000Z,2026-09-13T11:42:00,19.22,19.22,19.2,19.2,96563
2026-09-13T08:44:00.000Z,2026-09-13T11:44:00,19.19,19.19,19.16,19.16,2500
2026-09-13T08:45:00.000Z,2026-09-13T11:45:00,19.16,19.16,19.16,19.16,101
2026-09-13T08:46:00.000Z,2026-09-13T11:46:00,19.2,19.2,19.16,19.16,113
2026-09-13T08:47:00.000Z,2026-09-13T11:47:00,19.16,19.16,19.16,19.16,49
2026-09-13T08:48:00.000Z,2026-09-13T11:48:00,19.16,19.2,19.16,19.16,1963
2026-09-13T08:49:00.000Z,2026-09-13T11:49:00,19.2,19.2,19.17,19.17,8774
2026-09-13T08:50:00.000Z,2026-09-13T11:50:00,19.2,19.22,19.17,19.22,13756
2026-09-13T08:51:00.000Z,2026-09-13T11:51:00,19.18,19.21,19.18,19.2,65273
2026-09-13T08:52:00.000Z,2026-09-13T11:52:00,19.17,19.2,19.17,19.2,265
2026-09-13T08:53:00.000Z,2026-09-13T11:53:00,19.19,19.19,19.18,19.19,38854
2026-09-13T08:54:00.000Z,2026-09-13T11:54:00,19.17,19.19,19.17,19.19,2519
2026-09-13T08:55:00.000Z,2026-09-13T11:55:00,19.17,19.17,19.1,19.1,315516
2026-09-13T08:56:00.000Z,2026-09-13T11:56:00,19.18,19.18,19.11,19.18,310
2026-09-13T08:57:00.000Z,2026-09-13T11:57:00,19.15,19.15,19.15,19.15,1333
2026-09-13T08:58:00.000Z,2026-09-13T11:58:00,19.15,19.15,19.14,19.15,6263
2026-09-13T08:59:00.000Z,2026-09-13T11:59:00,19.15,19.15,19.14,19.15,11740
2026-09-13T09:00:00.000Z,2026-09-13T12:00:00,19.17,19.18,19.15,19.16,8942
2026-09-13T09:01:00.000Z,2026-09-13T12:01:00,19.15,19.16,19.14,19.15,8689
2026-09-13T09:02:00.000Z,2026-09-13T12:02:00,19.15,19.15,19.15,19.15,1679
2026-09-13T09:03:00.000Z,2026-09-13T12:03:00,19.15,19.16,19.15,19.15,2316
2026-09-13T09:04:00.000Z,2026-09-13T12:04:00,19.15,19.16,19.15,19.15,1851
2026-09-13T09:05:00.000Z,2026-09-13T12:05:00,19.16,19.16,19.15,19.15,1225
2026-09-13T09:06:00.000Z,2026-09-13T12:06:00,19.15,19.16,19.15,19.15,474
2026-09-13T09:07:00.000Z,2026-09-13T12:07:00,19.15,19.16,19.15,19.16,3398
2026-09-13T09:08:00.000Z,2026-09-13T12:08:00,19.16,19.18,19.16,19.18,353
2026-09-13T09:09:00.000Z,2026-09-13T12:09:00,19.18,19.18,19.15,19.15,1250
2026-09-13T09:10:00.000Z,2026-09-13T12:10:00,19.16,19.19,19.16,19.19,5126
2026-09-13T09:11:00.000Z,2026-09-13T12:11:00,19.15,19.19,19.15,19.19,1602
2026-09-13T09:13:00.000Z,2026-09-13T12:13:00,19.19,19.19,19.19,19.19,1
2026-09-13T09:14:00.000Z,2026-09-13T12:14:00,19.18,19.19,19.18,19.19,1001
2026-09-13T09:15:00.000Z,2026-09-13T12:15:00,19.15,19.19,19.15,19.17,3415
2026-09-13T09:16:00.000Z,2026-09-13T12:16:00,19.18,19.19,19.17,19.19,1359
2026-09-13T09:17:00.000Z,2026-09-13T12:17:00,19.19,19.19,19.17,19.17,654
2026-09-13T09:18:00.000Z,2026-09-13T12:18:00,19.18,19.19,19.18,19.19,414
2026-09-13T09:19:00.000Z,2026-09-13T12:19:00,19.18,19.19,19.17,19.17,1037
2026-09-13T09:20:00.000Z,2026-09-13T12:20:00,19.17,19.17,19.17,19.17,36
2026-09-13T09:21:00.000Z,2026-09-13T12:21:00,19.17,19.17,19.17,19.17,679
2026-09-13T09:22:00.000Z,2026-09-13T12:22:00,19.19,19.19,19.19,19.19,7
2026-09-13T09:23:00.000Z,2026-09-13T12:23:00,19.17,19.19,19.17,19.17,1656
2026-09-13T09:24:00.000Z,2026-09-13T12:24:00,19.17,19.17,19.17,19.17,6331
2026-09-13T09:25:00.000Z,2026-09-13T12:25:00,19.19,19.19,19.19,19.19,1083
2026-09-13T09:26:00.000Z,2026-09-13T12:26:00,19.17,19.19,19.17,19.19,4409
2026-09-13T09:27:00.000Z,2026-09-13T12:27:00,19.17,19.19,19.17,19.19,1783
2026-09-13T09:28:00.000Z,2026-09-13T12:28:00,19.19,19.2,19.19,19.2,5670
2026-09-13T09:29:00.000Z,2026-09-13T12:29:00,19.2,19.2,19.19,19.19,641
2026-09-13T09:30:00.000Z,2026-09-13T12:30:00,19.19,19.2,19.15,19.18,20014
2026-09-13T09:31:00.000Z,2026-09-13T12:31:00,19.18,19.18,19.15,19.15,326
2026-09-13T09:32:00.000Z,2026-09-13T12:32:00,19.15,19.15,19.15,19.15,101
2026-09-13T09:33:00.000Z,2026-09-13T12:33:00,19.15,19.17,19.15,19.17,573
2026-09-13T09:34:00.000Z,2026-09-13T12:34:00,19.17,19.17,19.15,19.15,1623
2026-09-13T09:36:00.000Z,2026-09-13T12:36:00,19.16,19.16,19.15,19.15,4062
2026-09-13T09:37:00.000Z,2026-09-13T12:37:00,19.15,19.15,19.13,19.13,23006
2026-09-13T09:38:00.000Z,2026-09-13T12:38:00,19.13,19.13,19.12,19.13,1400
2026-09-13T09:39:00.000Z,2026-09-13T12:39:00,19.13,19.13,19.12,19.12,33
2026-09-13T09:40:00.000Z,2026-09-13T12:40:00,19.13,19.13,19.13,19.13,10587
2026-09-13T09:41:00.000Z,2026-09-13T12:41:00,19.13,19.13,19.13,19.13,11
2026-09-13T09:42:00.000Z,2026-09-13T12:42:00,19.13,19.16,19.13,19.16,4162
2026-09-13T09:43:00.000Z,2026-09-13T12:43:00,19.16,19.16,19.14,19.15,3246
2026-09-13T09:44:00.000Z,2026-09-13T12:44:00,19.15,19.15,19.14,19.14,8813
2026-09-13T09:45:00.000Z,2026-09-13T12:45:00,19.14,19.14,19.14,19.14,207
2026-09-13T09:46:00.000Z,2026-09-13T12:46:00,19.12,19.15,19.12,19.14,2702
2026-09-13T09:47:00.000Z,2026-09-13T12:47:00,19.12,19.12,19.12,19.12,91
2026-09-13T09:49:00.000Z,2026-09-13T12:49:00,19.13,19.14,19.12,19.12,6188
2026-09-13T09:50:00.000Z,2026-09-13T12:50:00,19.12,19.15,19.12,19.13,4997
2026-09-13T09:51:00.000Z,2026-09-13T12:51:00,19.15,19.15,19.13,19.15,29134
2026-09-13T09:52:00.000Z,2026-09-13T12:52:00,19.15,19.15,19.13,19.13,1636
2026-09-13T09:54:00.000Z,2026-09-13T12:54:00,19.14,19.14,19.13,19.13,1167
2026-09-13T09:55:00.000Z,2026-09-13T12:55:00,19.13,19.15,19.13,19.15,60765
2026-09-13T09:56:00.000Z,2026-09-13T12:56:00,19.13,19.13,19.13,19.13,50
2026-09-13T09:57:00.000Z,2026-09-13T12:57:00,19.15,19.15,19.15,19.15,515
2026-09-13T09:58:00.000Z,2026-09-13T12:58:00,19.13,19.13,19.13,19.13,327
2026-09-13T09:59:00.000Z,2026-09-13T12:59:00,19.13,19.15,19.13,19.15,873
2026-09-13T10:00:00.000Z,2026-09-13T13:00:00,19.14,19.15,19.14,19.15,250
2026-09-13T10:01:00.000Z,2026-09-13T13:01:00,19.15,19.15,19.15,19.15,180
2026-09-13T10:02:00.000Z,2026-09-13T13:02:00,19.15,19.15,19.13,19.13,2611
2026-09-13T10:03:00.000Z,2026-09-13T13:03:00,19.15,19.15,19.13,19.13,517
2026-09-13T10:04:00.000Z,2026-09-13T13:04:00,19.13,19.14,19.13,19.14,696
2026-09-13T10:05:00.000Z,2026-09-13T13:05:00,19.14,19.14,19.14,19.14,136
2026-09-13T10:06:00.000Z,2026-09-13T13:06:00,19.14,19.14,19.14,19.14,220
2026-09-13T10:07:00.000Z,2026-09-13T13:07:00,19.14,19.14,19.13,19.13,729
2026-09-13T10:08:00.000Z,2026-09-13T13:08:00,19.14,19.14,19.14,19.14,200
2026-09-13T10:09:00.000Z,2026-09-13T13:09:00,19.13,19.13,19.11,19.11,17565
2026-09-13T10:10:00.000Z,2026-09-13T13:10:00,19.11,19.13,19.11,19.13,837
2026-09-13T10:11:00.000Z,2026-09-13T13:11:00,19.13,19.13,19.13,19.13,69
2026-09-13T10:12:00.000Z,2026-09-13T13:12:00,19.12,19.13,19.12,19.13,103
2026-09-13T10:13:00.000Z,2026-09-13T13:13:00,19.12,19.12,19.11,19.12,1343
2026-09-13T10:14:00.000Z,2026-09-13T13:14:00,19.12,19.13,19.12,19.13,2413
2026-09-13T10:15:00.000Z,2026-09-13T13:15:00,19.13,19.13,19.13,19.13,53
2026-09-13T10:16:00.000Z,2026-09-13T13:16:00,19.13,19.13,19.13,19.13,2430
2026-09-13T10:17:00.000Z,2026-09-13T13:17:00,19.12,19.14,19.12,19.14,5393
2026-09-13T10:18:00.000Z,2026-09-13T13:18:00,19.14,19.14,19.12,19.12,2560
2026-09-13T10:19:00.000Z,2026-09-13T13:19:00,19.14,19.14,19.14,19.14,14
2026-09-13T10:20:00.000Z,2026-09-13T13:20:00,19.14,19.14,19.11,19.14,7264
2026-09-13T10:21:00.000Z,2026-09-13T13:21:00,19.12,19.12,19.12,19.12,1
2026-09-13T10:22:00.000Z,2026-09-13T13:22:00,19.13,19.14,19.13,19.14,3088
2026-09-13T10:23:00.000Z,2026-09-13T13:23:00,19.14,19.14,19.14,19.14,1
2026-09-13T10:24:00.000Z,2026-09-13T13:24:00,19.13,19.13,19.11,19.12,593
2026-09-13T10:25:00.000Z,2026-09-13T13:25:00,19.12,19.12,19.11,19.11,3235
2026-09-13T10:26:00.000Z,2026-09-13T13:26:00,19.11,19.12,19.11,19.11,6374
2026-09-13T10:27:00.000Z,2026-09-13T13:27:00,19.11,19.11,19.11,19.11,8418
2026-09-13T10:28:00.000Z,2026-09-13T13:28:00,19.11,19.11,19.11,19.11,1372
2026-09-13T10:29:00.000Z,2026-09-13T13:29:00,19.11,19.13,19.11,19.11,1259
2026-09-13T10:30:00.000Z,2026-09-13T13:30:00,19.11,19.13,19.11,19.13,4841
2026-09-13T10:31:00.000Z,2026-09-13T13:31:00,19.12,19.14,19.11,19.14,2512
2026-09-13T10:32:00.000Z,2026-09-13T13:32:00,19.12,19.14,19.12,19.12,1273
2026-09-13T10:33:00.000Z,2026-09-13T13:33:00,19.12,19.14,19.12,19.12,1750
2026-09-13T10:34:00.000Z,2026-09-13T13:34:00,19.12,19.12,19.12,19.12,436
2026-09-13T10:35:00.000Z,2026-09-13T13:35:00,19.12,19.14,19.12,19.14,541
2026-09-13T10:36:00.000Z,2026-09-13T13:36:00,19.12,19.12,19.12,19.12,943
2026-09-13T10:37:00.000Z,2026-09-13T13:37:00,19.12,19.12,19.12,19.12,2563
2026-09-13T10:38:00.000Z,2026-09-13T13:38:00,19.12,19.12,19.12,19.12,6206
2026-09-13T10:39:00.000Z,2026-09-13T13:39:00,19.13,19.13,19.12,19.12,949
2026-09-13T10:40:00.000Z,2026-09-13T13:40:00,19.12,19.12,19.12,19.12,2
2026-09-13T10:41:00.000Z,2026-09-13T13:41:00,19.12,19.13,19.12,19.12,8405
2026-09-13T10:42:00.000Z,2026-09-13T13:42:00,19.13,19.15,19.13,19.15,70251
2026-09-13T10:43:00.000Z,2026-09-13T13:43:00,19.12,19.12,19.12,19.12,51
2026-09-13T10:44:00.000Z,2026-09-13T13:44:00,19.12,19.15,19.12,19.12,4056
2026-09-13T10:45:00.000Z,2026-09-13T13:45:00,19.12,19.12,19.12,19.12,2660
2026-09-13T10:46:00.000Z,2026-09-13T13:46:00,19.15,19.15,19.12,19.12,17850
2026-09-13T10:47:00.000Z,2026-09-13T13:47:00,19.14,19.14,19.14,19.14,556
2026-09-13T10:48:00.000Z,2026-09-13T13:48:00,19.14,19.14,19.11,19.11,6703
2026-09-13T10:49:00.000Z,2026-09-13T13:49:00,19.12,19.12,19.11,19.11,2660
2026-09-13T10:50:00.000Z,2026-09-13T13:50:00,19.11,19.14,19.11,19.14,31804
2026-09-13T10:51:00.000Z,2026-09-13T13:51:00,19.14,19.14,19.11,19.11,11696
2026-09-13T10:52:00.000Z,2026-09-13T13:52:00,19.14,19.14,19.14,19.14,262
2026-09-13T10:53:00.000Z,2026-09-13T13:53:00,19.11,19.11,19.11,19.11,5
2026-09-13T10:54:00.000Z,2026-09-13T13:54:00,19.12,19.13,19.12,19.12,3653
2026-09-13T10:55:00.000Z,2026-09-13T13:55:00,19.12,19.12,19.12,19.12,2500
2026-09-13T10:56:00.000Z,2026-09-13T13:56:00,19.12,19.13,19.11,19.13,6440
2026-09-13T10:57:00.000Z,2026-09-13T13:57:00,19.13,19.14,19.11,19.14,1614
2026-09-13T10:58:00.000Z,2026-09-13T13:58:00,19.14,19.14,19.11,19.11,16073
2026-09-13T10:59:00.000Z,2026-09-13T13:59:00,19.11,19.14,19.11,19.14,48315
2026-09-13T11:00:00.000Z,2026-09-13T14:00:00,19.15,19.15,19.11,19.15,23778
2026-09-13T11:01:00.000Z,2026-09-13T14:01:00,19.11,19.15,19.11,19.11,19345
2026-09-13T11:02:00.000Z,2026-09-13T14:02:00,19.11,19.15,19.11,19.12,4951
2026-09-13T11:03:00.000Z,2026-09-13T14:03:00,19.12,19.15,19.11,19.11,103044
2026-09-13T11:04:00.000Z,2026-09-13T14:04:00,19.11,19.12,19.11,19.11,3935
2026-09-13T11:05:00.000Z,2026-09-13T14:05:00,19.11,19.12,19.11,19.11,11080
2026-09-13T11:06:00.000Z,2026-09-13T14:06:00,19.11,19.15,19.11,19.15,35908
2026-09-13T11:07:00.000Z,2026-09-13T14:07:00,19.11,19.15,19.11,19.15,27217
2026-09-13T11:08:00.000Z,2026-09-13T14:08:00,19.14,19.14,19.11,19.11,270
2026-09-13T11:09:00.000Z,2026-09-13T14:09:00,19.12,19.14,19.11,19.14,9451
2026-09-13T11:10:00.000Z,2026-09-13T14:10:00,19.11,19.14,19.11,19.12,6547
2026-09-13T11:11:00.000Z,2026-09-13T14:11:00,19.12,19.14,19.12,19.14,824
2026-09-13T11:12:00.000Z,2026-09-13T14:12:00,19.14,19.14,19.12,19.12,6406
2026-09-13T11:13:00.000Z,2026-09-13T14:13:00,19.12,19.12,19.12,19.12,2004
2026-09-13T11:14:00.000Z,2026-09-13T14:14:00,19.12,19.14,19.12,19.12,1311
2026-09-13T11:25:00.000Z,2026-09-13T14:25:00,19.1,19.1,19.1,19.1,50455
2026-09-13T11:26:00.000Z,2026-09-13T14:26:00,19.1,19.1,19.1,19.1,18000
2026-09-13T11:29:00.000Z,2026-09-13T14:29:00,19.1,19.1,19.1,19.1,530
2026-09-14T07:00:00.000Z,2026-09-14T10:00:00,19.12,19.12,19.11,19.11,45865
2026-09-14T07:01:00.000Z,2026-09-14T10:01:00,19.11,19.14,19.11,19.12,2309
2026-09-14T07:02:00.000Z,2026-09-14T10:02:00,19.12,19.12,19.1,19.1,50915
2026-09-14T07:03:00.000Z,2026-09-14T10:03:00,19.09,19.09,19.09,19.09,201
2026-09-14T07:04:00.000Z,2026-09-14T10:04:00,19.08,19.11,19.05,19.11,32468
2026-09-14T07:05:00.000Z,2026-09-14T10:05:00,19.11,19.11,19.11,19.11,149
2026-09-14T07:06:00.000Z,2026-09-14T10:06:00,19.11,19.11,19,19,229844
2026-09-14T07:07:00.000Z,2026-09-14T10:07:00,19,19,18.99,18.99,34883
2026-09-14T07:08:00.000Z,2026-09-14T10:08:00,18.99,19,18.99,19,23056
2026-09-14T07:09:00.000Z,2026-09-14T10:09:00,19,19,18.99,18.99,2521
2026-09-14T07:10:00.000Z,2026-09-14T10:10:00,19,19,18.99,18.99,7664
2026-09-14T07:11:00.000Z,2026-09-14T10:11:00,19,19,19,19,10830
2026-09-14T07:12:00.000Z,2026-09-14T10:12:00,18.99,19,18.99,19,3960
2026-09-14T07:13:00.000Z,2026-09-14T10:13:00,18.99,19,18.99,18.99,5707
2026-09-14T07:14:00.000Z,2026-09-14T10:14:00,19,19.05,19,19.05,7464
2026-09-14T07:15:00.000Z,2026-09-14T10:15:00,19,19,19,19,4560
2026-09-14T07:16:00.000Z,2026-09-14T10:16:00,19,19.03,19,19.03,38432
2026-09-14T07:17:00.000Z,2026-09-14T10:17:00,19.05,19.05,19,19,10224
2026-09-14T07:18:00.000Z,2026-09-14T10:18:00,19.03,19.04,19,19,16905
2026-09-14T07:19:00.000Z,2026-09-14T10:19:00,19,19.05,19,19.02,2543
2026-09-14T07:20:00.000Z,2026-09-14T10:20:00,19.02,19.05,19.02,19.05,113
2026-09-14T07:21:00.000Z,2026-09-14T10:21:00,19.01,19.05,19.01,19.01,350
2026-09-14T07:22:00.000Z,2026-09-14T10:22:00,19.03,19.06,19.01,19.06,14341
2026-09-14T07:23:00.000Z,2026-09-14T10:23:00,19.02,19.06,19.02,19.05,2229
2026-09-14T07:24:00.000Z,2026-09-14T10:24:00,19.03,19.05,19.03,19.05,2139
2026-09-14T07:25:00.000Z,2026-09-14T10:25:00,19.05,19.06,19.02,19.06,4133
2026-09-14T07:26:00.000Z,2026-09-14T10:26:00,19.04,19.06,19.03,19.06,1293
2026-09-14T07:27:00.000Z,2026-09-14T10:27:00,19.06,19.06,19.06,19.06,10
2026-09-14T07:28:00.000Z,2026-09-14T10:28:00,19.03,19.06,19.03,19.03,4536
2026-09-14T07:29:00.000Z,2026-09-14T10:29:00,19.03,19.05,19.03,19.03,3102
2026-09-14T07:30:00.000Z,2026-09-14T10:30:00,19.03,19.03,19,19,13452
2026-09-14T07:31:00.000Z,2026-09-14T10:31:00,19,19.01,19,19.01,52830
2026-09-14T07:32:00.000Z,2026-09-14T10:32:00,19,19.04,19,19.04,27062
2026-09-14T07:33:00.000Z,2026-09-14T10:33:00,19.04,19.04,19.01,19.04,374
2026-09-14T07:34:00.000Z,2026-09-14T10:34:00,19.04,19.04,19.04,19.04,7
2026-09-14T07:35:00.000Z,2026-09-14T10:35:00,19.04,19.04,19.01,19.01,1632
2026-09-14T07:36:00.000Z,2026-09-14T10:36:00,19.01,19.04,19.01,19.01,399
2026-09-14T07:37:00.000Z,2026-09-14T10:37:00,19.04,19.04,19,19,54919
2026-09-14T07:38:00.000Z,2026-09-14T10:38:00,19,19.04,19,19,101155
2026-09-14T07:39:00.000Z,2026-09-14T10:39:00,19.01,19.02,19,19,3796
2026-09-14T07:40:00.000Z,2026-09-14T10:40:00,19.02,19.03,19.02,19.03,306
2026-09-14T07:41:00.000Z,2026-09-14T10:41:00,19.02,19.03,19,19.01,1836
2026-09-14T07:42:00.000Z,2026-09-14T10:42:00,19.02,19.03,19.02,19.03,22766
2026-09-14T07:43:00.000Z,2026-09-14T10:43:00,19.03,19.03,19.01,19.02,2816
2026-09-14T07:44:00.000Z,2026-09-14T10:44:00,19.02,19.02,19.01,19.01,2783
2026-09-14T07:45:00.000Z,2026-09-14T10:45:00,19.01,19.02,18.99,18.99,82438
2026-09-14T07:46:00.000Z,2026-09-14T10:46:00,18.99,18.99,18.98,18.99,443
2026-09-14T07:47:00.000Z,2026-09-14T10:47:00,18.99,18.99,18.98,18.98,1899
2026-09-14T07:48:00.000Z,2026-09-14T10:48:00,18.98,18.99,18.95,18.95,38597
2026-09-14T07:49:00.000Z,2026-09-14T10:49:00,18.98,19,18.95,19,30395
2026-09-14T07:50:00.000Z,2026-09-14T10:50:00,18.98,18.98,18.96,18.96,6062
2026-09-14T07:51:00.000Z,2026-09-14T10:51:00,18.98,19,18.96,19,16212
2026-09-14T07:52:00.000Z,2026-09-14T10:52:00,19,19,19,19,34473
2026-09-14T07:53:00.000Z,2026-09-14T10:53:00,18.97,19,18.96,18.96,25321
2026-09-14T07:54:00.000Z,2026-09-14T10:54:00,19,19,19,19,2600
2026-09-14T07:55:00.000Z,2026-09-14T10:55:00,19,19,18.98,18.98,689
2026-09-14T07:56:00.000Z,2026-09-14T10:56:00,18.98,18.98,18.98,18.98,229
2026-09-14T07:57:00.000Z,2026-09-14T10:57:00,19,19,19,19,282
2026-09-14T07:58:00.000Z,2026-09-14T10:58:00,19,19,18.96,18.96,2142
2026-09-14T07:59:00.000Z,2026-09-14T10:59:00,19,19,19,19,339
2026-09-14T08:00:00.000Z,2026-09-14T11:00:00,18.99,18.99,18.99,18.99,27
2026-09-14T08:01:00.000Z,2026-09-14T11:01:00,18.99,18.99,18.98,18.98,1735
2026-09-14T08:02:00.000Z,2026-09-14T11:02:00,18.98,18.98,18.98,18.98,800
2026-09-14T08:03:00.000Z,2026-09-14T11:03:00,18.99,18.99,18.99,18.99,7333
2026-09-14T08:04:00.000Z,2026-09-14T11:04:00,18.98,19,18.97,18.98,16767
2026-09-14T08:05:00.000Z,2026-09-14T11:05:00,18.98,18.98,18.97,18.98,7389
2026-09-14T08:06:00.000Z,2026-09-14T11:06:00,18.97,18.98,18.97,18.98,2030
2026-09-14T08:07:00.000Z,2026-09-14T11:07:00,18.98,18.98,18.97,18.97,6962
2026-09-14T08:08:00.000Z,2026-09-14T11:08:00,18.97,19,18.97,18.97,12629
2026-09-14T08:09:00.000Z,2026-09-14T11:09:00,18.97,19,18.97,18.97,38051
2026-09-14T08:10:00.000Z,2026-09-14T11:10:00,19,19,19,19,40106
2026-09-14T08:11:00.000Z,2026-09-14T11:11:00,19,19,19,19,25000
2026-09-14T08:12:00.000Z,2026-09-14T11:12:00,19,19,18.98,18.98,592
2026-09-14T08:13:00.000Z,2026-09-14T11:13:00,19,19.01,18.98,19,14645
2026-09-14T08:14:00.000Z,2026-09-14T11:14:00,19,19,19,19,16890
2026-09-14T08:15:00.000Z,2026-09-14T11:15:00,19,19,18.98,18.98,19305
2026-09-14T08:16:00.000Z,2026-09-14T11:16:00,19,19,19,19,224
2026-09-14T08:17:00.000Z,2026-09-14T11:17:00,19,19,18.99,19,7876
2026-09-14T08:18:00.000Z,2026-09-14T11:18:00,18.99,19,18.99,19,7064
2026-09-14T08:19:00.000Z,2026-09-14T11:19:00,18.99,19,18.99,19,11008
2026-09-14T08:20:00.000Z,2026-09-14T11:20:00,19,19,18.99,19,69276
2026-09-14T08:21:00.000Z,2026-09-14T11:21:00,19.02,19.02,18.99,18.99,7041
2026-09-14T08:22:00.000Z,2026-09-14T11:22:00,19,19,18.99,18.99,2501
2026-09-14T08:23:00.000Z,2026-09-14T11:23:00,19,19.02,18.99,19,83411
2026-09-14T08:24:00.000Z,2026-09-14T11:24:00,19,19,18.99,18.99,23933
2026-09-14T08:25:00.000Z,2026-09-14T11:25:00,19,19,18.99,19,2353
2026-09-14T08:26:00.000Z,2026-09-14T11:26:00,19,19,19,19,2
2026-09-14T08:27:00.000Z,2026-09-14T11:27:00,19,19,19,19,33754
2026-09-14T08:28:00.000Z,2026-09-14T11:28:00,19,19,19,19,588
2026-09-14T08:29:00.000Z,2026-09-14T11:29:00,19,19,19,19,80682
2026-09-14T08:30:00.000Z,2026-09-14T11:30:00,19,19,19,19,1235
2026-09-14T08:31:00.000Z,2026-09-14T11:31:00,18.99,19,18.97,18.99,16876
2026-09-14T08:32:00.000Z,2026-09-14T11:32:00,18.99,19,18.99,18.99,6900
2026-09-14T08:33:00.000Z,2026-09-14T11:33:00,18.99,18.99,18.98,18.98,5277
2026-09-14T08:34:00.000Z,2026-09-14T11:34:00,19,19,18.98,18.98,376
2026-09-14T08:35:00.000Z,2026-09-14T11:35:00,19,19,18.98,18.98,7816
2026-09-14T08:36:00.000Z,2026-09-14T11:36:00,19,19,19,19,6626
2026-09-14T08:38:00.000Z,2026-09-14T11:38:00,19,19,18.98,19,2165
2026-09-14T08:39:00.000Z,2026-09-14T11:39:00,19,19,19,19,5201
2026-09-14T08:40:00.000Z,2026-09-14T11:40:00,18.98,19,18.98,18.98,1828
2026-09-14T08:41:00.000Z,2026-09-14T11:41:00,18.98,19,18.98,19,227
2026-09-14T08:42:00.000Z,2026-09-14T11:42:00,19,19,19,19,715
2026-09-14T08:43:00.000Z,2026-09-14T11:43:00,18.99,18.99,18.99,18.99,6562
2026-09-14T08:44:00.000Z,2026-09-14T11:44:00,18.99,18.99,18.99,18.99,1289
2026-09-14T08:45:00.000Z,2026-09-14T11:45:00,18.98,18.99,18.98,18.99,165
2026-09-14T08:46:00.000Z,2026-09-14T11:46:00,18.99,19,18.97,18.99,13505
2026-09-14T08:47:00.000Z,2026-09-14T11:47:00,18.98,18.99,18.98,18.98,5529
2026-09-14T08:48:00.000Z,2026-09-14T11:48:00,18.99,18.99,18.97,18.99,11999
2026-09-14T08:49:00.000Z,2026-09-14T11:49:00,18.99,19,18.98,19,72310
2026-09-14T08:50:00.000Z,2026-09-14T11:50:00,18.98,18.98,18.98,18.98,21000
2026-09-14T08:51:00.000Z,2026-09-14T11:51:00,18.98,18.98,18.98,18.98,10814
2026-09-14T08:52:00.000Z,2026-09-14T11:52:00,18.97,18.98,18.97,18.98,24499
2026-09-14T08:53:00.000Z,2026-09-14T11:53:00,18.98,18.98,18.97,18.97,15419
2026-09-14T08:54:00.000Z,2026-09-14T11:54:00,18.97,18.98,18.96,18.97,22238
2026-09-14T08:55:00.000Z,2026-09-14T11:55:00,18.96,18.97,18.96,18.97,1544
2026-09-14T08:56:00.000Z,2026-09-14T11:56:00,18.96,18.96,18.94,18.95,84574
2026-09-14T08:57:00.000Z,2026-09-14T11:57:00,18.95,18.95,18.94,18.95,18741
2026-09-14T08:58:00.000Z,2026-09-14T11:58:00,18.97,18.97,18.94,18.95,67683
2026-09-14T08:59:00.000Z,2026-09-14T11:59:00,18.95,18.95,18.94,18.95,162
2026-09-14T09:00:00.000Z,2026-09-14T12:00:00,18.94,18.96,18.94,18.95,8571
2026-09-14T09:01:00.000Z,2026-09-14T12:01:00,18.95,18.95,18.94,18.94,2420
2026-09-14T09:02:00.000Z,2026-09-14T12:02:00,18.94,18.95,18.94,18.95,6960
2026-09-14T09:03:00.000Z,2026-09-14T12:03:00,18.95,18.95,18.94,18.95,8700
2026-09-14T09:04:00.000Z,2026-09-14T12:04:00,18.95,18.96,18.93,18.96,105457
2026-09-14T09:05:00.000Z,2026-09-14T12:05:00,18.96,18.96,18.93,18.93,4237
2026-09-14T09:06:00.000Z,2026-09-14T12:06:00,18.93,18.93,18.91,18.93,87582
2026-09-14T09:07:00.000Z,2026-09-14T12:07:00,18.92,18.94,18.91,18.94,4260
2026-09-14T09:08:00.000Z,2026-09-14T12:08:00,18.94,18.95,18.93,18.93,34128
2026-09-14T09:09:00.000Z,2026-09-14T12:09:00,18.95,18.99,18.95,18.99,30704
2026-09-14T09:10:00.000Z,2026-09-14T12:10:00,18.99,18.99,18.98,18.98,7357
2026-09-14T09:11:00.000Z,2026-09-14T12:11:00,18.99,18.99,18.98,18.99,10032
2026-09-14T09:12:00.000Z,2026-09-14T12:12:00,18.99,18.99,18.98,18.98,995
2026-09-14T09:13:00.000Z,2026-09-14T12:13:00,18.97,18.97,18.95,18.97,5019
2026-09-14T09:14:00.000Z,2026-09-14T12:14:00,18.95,18.95,18.92,18.93,2738
2026-09-14T09:15:00.000Z,2026-09-14T12:15:00,18.93,18.93,18.92,18.92,17372
2026-09-14T09:16:00.000Z,2026-09-14T12:16:00,18.94,18.97,18.94,18.97,12003
2026-09-14T09:17:00.000Z,2026-09-14T12:17:00,18.95,18.95,18.94,18.94,9817
2026-09-14T09:18:00.000Z,2026-09-14T12:18:00,18.94,18.94,18.91,18.94,27834
2026-09-14T09:19:00.000Z,2026-09-14T12:19:00,18.94,18.94,18.92,18.92,445
2026-09-14T09:20:00.000Z,2026-09-14T12:20:00,18.92,18.94,18.92,18.94,64
2026-09-14T09:22:00.000Z,2026-09-14T12:22:00,18.94,18.94,18.93,18.93,1852
2026-09-14T09:23:00.000Z,2026-09-14T12:23:00,18.93,18.94,18.91,18.91,14734
2026-09-14T09:24:00.000Z,2026-09-14T12:24:00,18.92,18.95,18.91,18.95,18396
2026-09-14T09:25:00.000Z,2026-09-14T12:25:00,18.92,18.95,18.91,18.94,54550
2026-09-14T09:26:00.000Z,2026-09-14T12:26:00,18.93,18.93,18.93,18.93,107
2026-09-14T09:27:00.000Z,2026-09-14T12:27:00,18.93,18.93,18.92,18.92,14295
2026-09-14T09:28:00.000Z,2026-09-14T12:28:00,18.92,18.92,18.91,18.92,4065
2026-09-14T09:29:00.000Z,2026-09-14T12:29:00,18.92,18.93,18.91,18.93,11211
2026-09-14T09:30:00.000Z,2026-09-14T12:30:00,18.92,18.93,18.92,18.92,12587
2026-09-14T09:31:00.000Z,2026-09-14T12:31:00,18.91,18.94,18.91,18.92,8578
2026-09-14T09:32:00.000Z,2026-09-14T12:32:00,18.92,18.94,18.92,18.94,681
2026-09-14T09:33:00.000Z,2026-09-14T12:33:00,18.94,18.94,18.93,18.93,1570
2026-09-14T09:34:00.000Z,2026-09-14T12:34:00,18.94,18.94,18.91,18.91,87411
2026-09-14T09:35:00.000Z,2026-09-14T12:35:00,18.92,18.94,18.91,18.92,21067
2026-09-14T09:36:00.000Z,2026-09-14T12:36:00,18.95,18.95,18.91,18.91,43912
2026-09-14T09:37:00.000Z,2026-09-14T12:37:00,18.93,18.93,18.9,18.93,39543
2026-09-14T09:38:00.000Z,2026-09-14T12:38:00,18.9,18.91,18.9,18.9,216061
2026-09-14T09:39:00.000Z,2026-09-14T12:39:00,18.9,18.93,18.9,18.92,62338
2026-09-14T09:40:00.000Z,2026-09-14T12:40:00,18.92,18.94,18.9,18.9,89516
2026-09-14T09:41:00.000Z,2026-09-14T12:41:00,18.9,18.93,18.9,18.9,10751
2026-09-14T09:42:00.000Z,2026-09-14T12:42:00,18.94,18.97,18.9,18.97,66331
2026-09-14T09:43:00.000Z,2026-09-14T12:43:00,18.9,18.97,18.9,18.9,150162
2026-09-14T09:44:00.000Z,2026-09-14T12:44:00,18.9,18.97,18.9,18.94,14944
2026-09-14T09:45:00.000Z,2026-09-14T12:45:00,18.92,18.95,18.9,18.95,20531
2026-09-14T09:46:00.000Z,2026-09-14T12:46:00,18.91,18.98,18.9,18.98,111129
2026-09-14T09:47:00.000Z,2026-09-14T12:47:00,18.95,18.97,18.95,18.96,10304
2026-09-14T09:48:00.000Z,2026-09-14T12:48:00,18.96,18.96,18.96,18.96,2779
2026-09-14T09:49:00.000Z,2026-09-14T12:49:00,18.96,18.98,18.9,18.91,39754
2026-09-14T09:51:00.000Z,2026-09-14T12:51:00,18.93,18.94,18.93,18.94,1295
2026-09-14T09:52:00.000Z,2026-09-14T12:52:00,18.93,18.95,18.92,18.94,11401
2026-09-14T09:53:00.000Z,2026-09-14T12:53:00,18.93,18.93,18.92,18.92,5126
2026-09-14T09:54:00.000Z,2026-09-14T12:54:00,18.92,18.93,18.92,18.93,7014
2026-09-14T09:55:00.000Z,2026-09-14T12:55:00,18.93,18.93,18.92,18.92,646
2026-09-14T09:56:00.000Z,2026-09-14T12:56:00,18.92,18.93,18.92,18.93,413
2026-09-14T09:57:00.000Z,2026-09-14T12:57:00,18.92,18.93,18.92,18.93,2047
2026-09-14T09:58:00.000Z,2026-09-14T12:58:00,18.92,18.93,18.91,18.91,8924
2026-09-14T09:59:00.000Z,2026-09-14T12:59:00,18.91,18.92,18.91,18.92,3292
2026-09-14T10:00:00.000Z,2026-09-14T13:00:00,18.91,18.92,18.91,18.92,12015
2026-09-14T10:01:00.000Z,2026-09-14T13:01:00,18.92,18.95,18.9,18.95,208698
2026-09-14T10:02:00.000Z,2026-09-14T13:02:00,18.9,18.98,18.9,18.98,27724
2026-09-14T10:03:00.000Z,2026-09-14T13:03:00,18.99,18.99,18.93,18.93,81
2026-09-14T10:04:00.000Z,2026-09-14T13:04:00,18.95,18.96,18.9,18.9,28250
2026-09-14T10:05:00.000Z,2026-09-14T13:05:00,18.9,18.91,18.9,18.91,204
2026-09-14T10:06:00.000Z,2026-09-14T13:06:00,18.95,18.95,18.93,18.93,20000
2026-09-14T10:07:00.000Z,2026-09-14T13:07:00,18.96,18.96,18.96,18.96,3553
2026-09-14T10:08:00.000Z,2026-09-14T13:08:00,18.94,18.95,18.91,18.91,20027
2026-09-14T10:09:00.000Z,2026-09-14T13:09:00,18.93,18.93,18.89,18.9,37188
2026-09-14T10:10:00.000Z,2026-09-14T13:10:00,18.9,18.9,18.89,18.89,13787
2026-09-14T10:11:00.000Z,2026-09-14T13:11:00,18.89,18.9,18.88,18.88,12420
2026-09-14T10:12:00.000Z,2026-09-14T13:12:00,18.88,18.88,18.88,18.88,401
2026-09-14T10:13:00.000Z,2026-09-14T13:13:00,18.9,18.95,18.9,18.92,500533
2026-09-14T10:14:00.000Z,2026-09-14T13:14:00,18.93,18.93,18.93,18.93,14624
2026-09-14T10:15:00.000Z,2026-09-14T13:15:00,18.92,18.93,18.9,18.91,22080
2026-09-14T10:16:00.000Z,2026-09-14T13:16:00,18.91,18.91,18.9,18.9,19300
2026-09-14T10:17:00.000Z,2026-09-14T13:17:00,18.9,18.9,18.88,18.9,24512
2026-09-14T10:18:00.000Z,2026-09-14T13:18:00,18.89,18.9,18.89,18.89,4861
2026-09-14T10:19:00.000Z,2026-09-14T13:19:00,18.9,18.9,18.89,18.89,17670
2026-09-14T10:20:00.000Z,2026-09-14T13:20:00,18.9,18.93,18.9,18.92,20812
2026-09-14T10:21:00.000Z,2026-09-14T13:21:00,18.89,18.9,18.89,18.9,64785
2026-09-14T10:22:00.000Z,2026-09-14T13:22:00,18.9,18.93,18.9,18.9,85799
2026-09-14T10:23:00.000Z,2026-09-14T13:23:00,18.89,18.9,18.88,18.89,27378
2026-09-14T10:24:00.000Z,2026-09-14T13:24:00,18.89,18.89,18.88,18.89,24944
2026-09-14T10:25:00.000Z,2026-09-14T13:25:00,18.89,18.9,18.88,18.88,54173
2026-09-14T10:26:00.000Z,2026-09-14T13:26:00,18.88,18.88,18.86,18.86,35482
2026-09-14T10:27:00.000Z,2026-09-14T13:27:00,18.86,18.89,18.86,18.89,67441
2026-09-14T10:28:00.000Z,2026-09-14T13:28:00,18.88,18.88,18.86,18.86,10782
2026-09-14T10:29:00.000Z,2026-09-14T13:29:00,18.87,18.87,18.81,18.83,107751
2026-09-14T10:30:00.000Z,2026-09-14T13:30:00,18.84,18.84,18.82,18.82,50790
2026-09-14T10:31:00.000Z,2026-09-14T13:31:00,18.83,18.85,18.82,18.84,45417
2026-09-14T10:32:00.000Z,2026-09-14T13:32:00,18.83,18.84,18.81,18.82,56262
2026-09-14T10:33:00.000Z,2026-09-14T13:33:00,18.84,18.84,18.82,18.84,4710
2026-09-14T10:34:00.000Z,2026-09-14T13:34:00,18.83,18.9,18.8,18.89,148312
2026-09-14T10:35:00.000Z,2026-09-14T13:35:00,18.81,18.89,18.8,18.82,222732
2026-09-14T10:36:00.000Z,2026-09-14T13:36:00,18.89,18.89,18.87,18.87,45
2026-09-14T10:37:00.000Z,2026-09-14T13:37:00,18.87,18.88,18.86,18.87,71599
2026-09-14T10:38:00.000Z,2026-09-14T13:38:00,18.88,18.88,18.88,18.88,2046
2026-09-14T10:39:00.000Z,2026-09-14T13:39:00,18.85,18.88,18.85,18.86,1355
2026-09-14T10:40:00.000Z,2026-09-14T13:40:00,18.86,18.88,18.86,18.88,8655
2026-09-14T10:41:00.000Z,2026-09-14T13:41:00,18.88,18.89,18.88,18.88,32506
2026-09-14T10:42:00.000Z,2026-09-14T13:42:00,18.88,18.9,18.88,18.9,564
2026-09-14T10:43:00.000Z,2026-09-14T13:43:00,18.88,18.9,18.88,18.88,10089
2026-09-14T10:44:00.000Z,2026-09-14T13:44:00,18.88,18.88,18.87,18.87,1088
2026-09-14T10:45:00.000Z,2026-09-14T13:45:00,18.87,18.87,18.85,18.85,24439
2026-09-14T10:47:00.000Z,2026-09-14T13:47:00,18.85,18.85,18.83,18.85,12961
2026-09-14T10:48:00.000Z,2026-09-14T13:48:00,18.85,18.85,18.84,18.84,17298
2026-09-14T10:49:00.000Z,2026-09-14T13:49:00,18.83,18.85,18.83,18.85,31567
2026-09-14T10:50:00.000Z,2026-09-14T13:50:00,18.85,18.85,18.83,18.84,3935
2026-09-14T10:51:00.000Z,2026-09-14T13:51:00,18.83,18.84,18.83,18.84,656
2026-09-14T10:52:00.000Z,2026-09-14T13:52:00,18.84,18.84,18.83,18.83,4646
2026-09-14T10:53:00.000Z,2026-09-14T13:53:00,18.85,18.85,18.83,18.83,8489
2026-09-14T10:54:00.000Z,2026-09-14T13:54:00,18.84,18.85,18.82,18.85,31399
2026-09-14T10:55:00.000Z,2026-09-14T13:55:00,18.85,18.85,18.85,18.85,4636
2026-09-14T10:56:00.000Z,2026-09-14T13:56:00,18.86,18.89,18.86,18.88,7007
2026-09-14T10:57:00.000Z,2026-09-14T13:57:00,18.87,18.89,18.87,18.87,11986
2026-09-14T10:58:00.000Z,2026-09-14T13:58:00,18.88,18.89,18.88,18.89,4178
2026-09-14T10:59:00.000Z,2026-09-14T13:59:00,18.88,18.88,18.86,18.88,8398
2026-09-14T11:00:00.000Z,2026-09-14T14:00:00,18.87,18.87,18.84,18.84,20110
2026-09-14T11:01:00.000Z,2026-09-14T14:01:00,18.84,18.85,18.84,18.85,17637
2026-09-14T11:02:00.000Z,2026-09-14T14:02:00,18.85,18.85,18.83,18.83,10685
2026-09-14T11:03:00.000Z,2026-09-14T14:03:00,18.84,18.84,18.82,18.82,4588
2026-09-14T11:04:00.000Z,2026-09-14T14:04:00,18.82,18.88,18.81,18.82,34148
2026-09-14T11:05:00.000Z,2026-09-14T14:05:00,18.83,18.87,18.83,18.87,1402
2026-09-14T11:06:00.000Z,2026-09-14T14:06:00,18.84,18.84,18.84,18.84,50000
2026-09-14T11:07:00.000Z,2026-09-14T14:07:00,18.85,18.88,18.82,18.88,14425
2026-09-14T11:08:00.000Z,2026-09-14T14:08:00,18.88,18.88,18.88,18.88,355
2026-09-14T11:09:00.000Z,2026-09-14T14:09:00,18.88,18.88,18.85,18.85,626
2026-09-14T11:10:00.000Z,2026-09-14T14:10:00,18.88,18.92,18.88,18.91,23508
2026-09-14T11:11:00.000Z,2026-09-14T14:11:00,18.92,18.95,18.91,18.95,260884
2026-09-14T11:12:00.000Z,2026-09-14T14:12:00,18.92,18.97,18.92,18.97,61320
2026-09-14T11:13:00.000Z,2026-09-14T14:13:00,18.98,18.99,18.95,18.98,96304
2026-09-14T11:14:00.000Z,2026-09-14T14:14:00,18.95,18.98,18.95,18.98,70
2026-09-14T11:25:00.000Z,2026-09-14T14:25:00,18.91,18.91,18.91,18.91,23000
2026-09-14T11:27:00.000Z,2026-09-14T14:27:00,18.91,18.91,18.91,18.91,310
2026-09-14T11:28:00.000Z,2026-09-14T14:28:00,18.91,18.91,18.91,18.91,91
2026-09-15T07:00:00.000Z,2026-09-15T10:00:00,18.91,18.93,18.89,18.89,15595
2026-09-15T07:01:00.000Z,2026-09-15T10:01:00,18.92,18.92,18.92,18.92,1060
2026-09-15T07:02:00.000Z,2026-09-15T10:02:00,18.92,18.92,18.81,18.81,10511
2026-09-15T07:03:00.000Z,2026-09-15T10:03:00,18.81,18.85,18.81,18.85,4656
2026-09-15T07:04:00.000Z,2026-09-15T10:04:00,18.85,18.85,18.77,18.77,29625
2026-09-15T07:05:00.000Z,2026-09-15T10:05:00,18.77,18.8,18.77,18.8,15504
2026-09-15T07:06:00.000Z,2026-09-15T10:06:00,18.82,18.82,18.8,18.8,3150
2026-09-15T07:07:00.000Z,2026-09-15T10:07:00,18.8,18.8,18.78,18.79,7110
2026-09-15T07:08:00.000Z,2026-09-15T10:08:00,18.79,18.79,18.77,18.77,4742
2026-09-15T07:09:00.000Z,2026-09-15T10:09:00,18.77,18.79,18.76,18.76,7965
2026-09-15T07:10:00.000Z,2026-09-15T10:10:00,18.76,18.76,18.76,18.76,802
2026-09-15T07:11:00.000Z,2026-09-15T10:11:00,18.79,18.85,18.76,18.76,32314
2026-09-15T07:12:00.000Z,2026-09-15T10:12:00,18.85,18.85,18.76,18.85,5193
2026-09-15T07:13:00.000Z,2026-09-15T10:13:00,18.78,18.85,18.77,18.85,4277
2026-09-15T07:14:00.000Z,2026-09-15T10:14:00,18.77,18.85,18.77,18.85,1593
2026-09-15T07:15:00.000Z,2026-09-15T10:15:00,18.85,18.85,18.8,18.8,4566
2026-09-15T07:16:00.000Z,2026-09-15T10:16:00,18.8,18.84,18.8,18.84,4493
2026-09-15T07:17:00.000Z,2026-09-15T10:17:00,18.84,18.84,18.8,18.8,6027
2026-09-15T07:18:00.000Z,2026-09-15T10:18:00,18.8,18.81,18.8,18.8,15218
2026-09-15T07:19:00.000Z,2026-09-15T10:19:00,18.81,18.84,18.8,18.84,1144
2026-09-15T07:20:00.000Z,2026-09-15T10:20:00,18.84,18.84,18.81,18.84,519
2026-09-15T07:21:00.000Z,2026-09-15T10:21:00,18.84,18.84,18.82,18.84,896
2026-09-15T07:22:00.000Z,2026-09-15T10:22:00,18.84,18.84,18.82,18.82,2365
2026-09-15T07:23:00.000Z,2026-09-15T10:23:00,18.84,18.84,18.82,18.82,218
2026-09-15T07:24:00.000Z,2026-09-15T10:24:00,18.84,18.84,18.82,18.84,7697
2026-09-15T07:25:00.000Z,2026-09-15T10:25:00,18.82,18.84,18.8,18.8,26277
2026-09-15T07:26:00.000Z,2026-09-15T10:26:00,18.8,18.8,18.78,18.8,2994
2026-09-15T07:27:00.000Z,2026-09-15T10:27:00,18.8,18.8,18.78,18.78,2224
2026-09-15T07:28:00.000Z,2026-09-15T10:28:00,18.78,18.8,18.78,18.8,258
2026-09-15T07:29:00.000Z,2026-09-15T10:29:00,18.78,18.8,18.78,18.8,6134
2026-09-15T07:30:00.000Z,2026-09-15T10:30:00,18.8,18.82,18.78,18.82,962
2026-09-15T07:31:00.000Z,2026-09-15T10:31:00,18.83,18.83,18.82,18.82,513
2026-09-15T07:32:00.000Z,2026-09-15T10:32:00,18.82,18.82,18.82,18.82,2421
2026-09-15T07:33:00.000Z,2026-09-15T10:33:00,18.8,18.82,18.8,18.82,2343
2026-09-15T07:34:00.000Z,2026-09-15T10:34:00,18.82,18.82,18.8,18.8,4190
2026-09-15T07:35:00.000Z,2026-09-15T10:35:00,18.81,18.81,18.81,18.81,11
2026-09-15T07:36:00.000Z,2026-09-15T10:36:00,18.81,18.82,18.81,18.82,4374
2026-09-15T07:37:00.000Z,2026-09-15T10:37:00,18.8,18.82,18.8,18.81,11601
2026-09-15T07:38:00.000Z,2026-09-15T10:38:00,18.8,18.81,18.8,18.8,453
2026-09-15T07:39:00.000Z,2026-09-15T10:39:00,18.81,18.82,18.8,18.82,27290
2026-09-15T07:40:00.000Z,2026-09-15T10:40:00,18.82,18.82,18.82,18.82,22
2026-09-15T07:41:00.000Z,2026-09-15T10:41:00,18.81,18.81,18.81,18.81,3
2026-09-15T07:42:00.000Z,2026-09-15T10:42:00,18.82,18.82,18.81,18.82,7172
2026-09-15T07:43:00.000Z,2026-09-15T10:43:00,18.82,18.84,18.82,18.84,1689
2026-09-15T07:44:00.000Z,2026-09-15T10:44:00,18.84,18.85,18.84,18.85,3735
2026-09-15T07:45:00.000Z,2026-09-15T10:45:00,18.85,18.89,18.85,18.89,7584
2026-09-15T07:46:00.000Z,2026-09-15T10:46:00,18.86,18.89,18.86,18.89,1065
2026-09-15T07:47:00.000Z,2026-09-15T10:47:00,18.89,18.89,18.89,18.89,2660
2026-09-15T07:48:00.000Z,2026-09-15T10:48:00,18.89,18.89,18.88,18.88,4998
2026-09-15T07:49:00.000Z,2026-09-15T10:49:00,18.9,18.9,18.88,18.89,2120
2026-09-15T07:50:00.000Z,2026-09-15T10:50:00,18.89,18.9,18.89,18.9,10047
2026-09-15T07:51:00.000Z,2026-09-15T10:51:00,18.91,18.91,18.9,18.9,1697
2026-09-15T07:52:00.000Z,2026-09-15T10:52:00,18.91,18.91,18.9,18.9,2645
2026-09-15T07:53:00.000Z,2026-09-15T10:53:00,18.91,18.91,18.91,18.91,3672
2026-09-15T07:54:00.000Z,2026-09-15T10:54:00,18.91,18.92,18.9,18.92,4659
2026-09-15T07:55:00.000Z,2026-09-15T10:55:00,18.92,18.93,18.92,18.93,2385
2026-09-15T07:56:00.000Z,2026-09-15T10:56:00,18.92,18.93,18.92,18.93,336
2026-09-15T07:57:00.000Z,2026-09-15T10:57:00,18.93,18.94,18.93,18.94,7404
2026-09-15T07:58:00.000Z,2026-09-15T10:58:00,18.93,18.95,18.93,18.95,19059
2026-09-15T07:59:00.000Z,2026-09-15T10:59:00,18.95,18.95,18.94,18.95,36492
2026-09-15T08:00:00.000Z,2026-09-15T11:00:00,18.95,18.95,18.94,18.95,1436
2026-09-15T08:01:00.000Z,2026-09-15T11:01:00,18.95,18.96,18.95,18.95,1120
2026-09-15T08:02:00.000Z,2026-09-15T11:02:00,18.94,18.94,18.94,18.94,3665
2026-09-15T08:03:00.000Z,2026-09-15T11:03:00,18.92,18.92,18.91,18.91,9981
2026-09-15T08:04:00.000Z,2026-09-15T11:04:00,18.9,18.91,18.9,18.91,319
2026-09-15T08:05:00.000Z,2026-09-15T11:05:00,18.94,18.94,18.94,18.94,212
2026-09-15T08:06:00.000Z,2026-09-15T11:06:00,18.94,18.94,18.91,18.94,654
2026-09-15T08:08:00.000Z,2026-09-15T11:08:00,18.94,18.94,18.94,18.94,76
2026-09-15T08:09:00.000Z,2026-09-15T11:09:00,18.94,18.94,18.94,18.94,1390
2026-09-15T08:10:00.000Z,2026-09-15T11:10:00,18.94,18.94,18.94,18.94,10
2026-09-15T08:11:00.000Z,2026-09-15T11:11:00,18.94,18.97,18.94,18.97,743
2026-09-15T08:12:00.000Z,2026-09-15T11:12:00,18.97,18.97,18.97,18.97,400
2026-09-15T08:13:00.000Z,2026-09-15T11:13:00,18.95,18.95,18.94,18.95,7293
2026-09-15T08:14:00.000Z,2026-09-15T11:14:00,18.95,18.95,18.94,18.94,2043
2026-09-15T08:15:00.000Z,2026-09-15T11:15:00,18.93,18.94,18.92,18.92,3945
2026-09-15T08:16:00.000Z,2026-09-15T11:16:00,18.93,18.95,18.91,18.95,1543
2026-09-15T08:17:00.000Z,2026-09-15T11:17:00,18.95,18.95,18.95,18.95,823
2026-09-15T08:18:00.000Z,2026-09-15T11:18:00,18.95,19,18.93,19,68276
2026-09-15T08:19:00.000Z,2026-09-15T11:19:00,19,19.02,19,19.02,734
2026-09-15T08:20:00.000Z,2026-09-15T11:20:00,19.02,19.05,19.02,19.05,3526
2026-09-15T08:21:00.000Z,2026-09-15T11:21:00,19.04,19.05,19,19,106455
2026-09-15T08:22:00.000Z,2026-09-15T11:22:00,18.99,19.03,18.99,19.03,55514
2026-09-15T08:23:00.000Z,2026-09-15T11:23:00,19.01,19.01,19,19.01,71484
2026-09-15T08:24:00.000Z,2026-09-15T11:24:00,19.02,19.02,19.02,19.02,20
2026-09-15T08:25:00.000Z,2026-09-15T11:25:00,19.02,19.02,19.02,19.02,2075
2026-09-15T08:26:00.000Z,2026-09-15T11:26:00,19.02,19.02,19.01,19.02,505
2026-09-15T08:27:00.000Z,2026-09-15T11:27:00,19.01,19.02,19.01,19.02,1021
2026-09-15T08:28:00.000Z,2026-09-15T11:28:00,19.02,19.02,19.02,19.02,612
2026-09-15T08:29:00.000Z,2026-09-15T11:29:00,19.02,19.02,19.01,19.01,1403
2026-09-15T08:30:00.000Z,2026-09-15T11:30:00,19.01,19.02,19.01,19.02,4354
2026-09-15T08:31:00.000Z,2026-09-15T11:31:00,19.01,19.01,18.99,19,8488
2026-09-15T08:32:00.000Z,2026-09-15T11:32:00,19,19,19,19,132
2026-09-15T08:33:00.000Z,2026-09-15T11:33:00,18.99,19.01,18.99,19.01,44998
2026-09-15T08:34:00.000Z,2026-09-15T11:34:00,19.01,19.01,19.01,19.01,15387
2026-09-15T08:35:00.000Z,2026-09-15T11:35:00,19.01,19.01,19,19.01,1221
2026-09-15T08:36:00.000Z,2026-09-15T11:36:00,19.01,19.01,19,19,7693
2026-09-15T08:37:00.000Z,2026-09-15T11:37:00,19,19.01,19,19,2184
2026-09-15T08:38:00.000Z,2026-09-15T11:38:00,19.01,19.01,19.01,19.01,45
2026-09-15T08:39:00.000Z,2026-09-15T11:39:00,19.01,19.01,19,19.01,563
2026-09-15T08:40:00.000Z,2026-09-15T11:40:00,19,19,19,19,36223
2026-09-15T08:41:00.000Z,2026-09-15T11:41:00,19,19,18.96,18.96,4791
2026-09-15T08:42:00.000Z,2026-09-15T11:42:00,18.98,18.98,18.98,18.98,42
2026-09-15T08:43:00.000Z,2026-09-15T11:43:00,18.98,19,18.98,19,1699
2026-09-15T08:44:00.000Z,2026-09-15T11:44:00,19,19,18.97,19,1178
2026-09-15T08:45:00.000Z,2026-09-15T11:45:00,19,19,19,19,2332
2026-09-15T08:46:00.000Z,2026-09-15T11:46:00,18.97,19,18.97,19,2453
2026-09-15T08:48:00.000Z,2026-09-15T11:48:00,18.97,19.02,18.97,18.97,11122
2026-09-15T08:49:00.000Z,2026-09-15T11:49:00,18.98,18.98,18.98,18.98,56
2026-09-15T08:50:00.000Z,2026-09-15T11:50:00,19,19,19,19,506
2026-09-15T08:51:00.000Z,2026-09-15T11:51:00,19,19,19,19,5284
2026-09-15T08:52:00.000Z,2026-09-15T11:52:00,19,19,19,19,280
2026-09-15T08:53:00.000Z,2026-09-15T11:53:00,18.99,19.01,18.99,19.01,15974
2026-09-15T08:54:00.000Z,2026-09-15T11:54:00,19.01,19.01,19,19,12242
2026-09-15T08:55:00.000Z,2026-09-15T11:55:00,19,19,19,19,133
2026-09-15T08:56:00.000Z,2026-09-15T11:56:00,18.99,18.99,18.99,18.99,14
2026-09-15T08:57:00.000Z,2026-09-15T11:57:00,19,19,19,19,25
2026-09-15T08:58:00.000Z,2026-09-15T11:58:00,18.99,18.99,18.98,18.98,11197
2026-09-15T08:59:00.000Z,2026-09-15T11:59:00,18.98,18.99,18.98,18.99,467
2026-09-15T09:00:00.000Z,2026-09-15T12:00:00,18.99,18.99,18.99,18.99,57
2026-09-15T09:01:00.000Z,2026-09-15T12:01:00,18.99,18.99,18.99,18.99,1448
2026-09-15T09:02:00.000Z,2026-09-15T12:02:00,18.99,18.99,18.98,18.98,670
2026-09-15T09:03:00.000Z,2026-09-15T12:03:00,18.98,18.98,18.98,18.98,1634
2026-09-15T09:04:00.000Z,2026-09-15T12:04:00,18.98,19,18.98,19,52461
2026-09-15T09:05:00.000Z,2026-09-15T12:05:00,19,19.02,19,19.02,16117
2026-09-15T09:06:00.000Z,2026-09-15T12:06:00,19.03,19.03,19,19,6059
2026-09-15T09:07:00.000Z,2026-09-15T12:07:00,19.01,19.02,19.01,19.02,2573
2026-09-15T09:08:00.000Z,2026-09-15T12:08:00,19.03,19.03,19.01,19.01,201
2026-09-15T09:09:00.000Z,2026-09-15T12:09:00,19.01,19.02,19.01,19.02,1500
2026-09-15T09:11:00.000Z,2026-09-15T12:11:00,19.02,19.02,19.01,19.02,719
2026-09-15T09:12:00.000Z,2026-09-15T12:12:00,19.02,19.02,19.02,19.02,16449
2026-09-15T09:13:00.000Z,2026-09-15T12:13:00,19.02,19.03,19.02,19.03,393
2026-09-15T09:14:00.000Z,2026-09-15T12:14:00,19.03,19.03,19.03,19.03,10
2026-09-15T09:15:00.000Z,2026-09-15T12:15:00,19.03,19.03,19,19,8080
2026-09-15T09:16:00.000Z,2026-09-15T12:16:00,19,19,18.98,19,21445
2026-09-15T09:17:00.000Z,2026-09-15T12:17:00,18.98,19,18.98,19,2295
2026-09-15T09:18:00.000Z,2026-09-15T12:18:00,19,19,18.98,18.98,1265
2026-09-15T09:19:00.000Z,2026-09-15T12:19:00,18.98,18.99,18.98,18.99,3177
2026-09-15T09:20:00.000Z,2026-09-15T12:20:00,18.98,18.98,18.89,18.9,79839
2026-09-15T09:21:00.000Z,2026-09-15T12:21:00,18.89,18.89,18.89,18.89,3193
2026-09-15T09:22:00.000Z,2026-09-15T12:22:00,18.89,18.9,18.89,18.9,7210
2026-09-15T09:23:00.000Z,2026-09-15T12:23:00,18.89,18.9,18.89,18.89,11065
2026-09-15T09:24:00.000Z,2026-09-15T12:24:00,18.89,18.9,18.88,18.88,6677
2026-09-15T09:25:00.000Z,2026-09-15T12:25:00,18.89,18.89,18.89,18.89,612
2026-09-15T09:26:00.000Z,2026-09-15T12:26:00,18.88,18.89,18.88,18.89,124
2026-09-15T09:27:00.000Z,2026-09-15T12:27:00,18.9,18.95,18.9,18.9,2012140
2026-09-15T09:28:00.000Z,2026-09-15T12:28:00,18.9,19,18.88,19,7636
2026-09-15T09:29:00.000Z,2026-09-15T12:29:00,18.91,18.99,18.91,18.99,556
2026-09-15T09:30:00.000Z,2026-09-15T12:30:00,18.99,18.99,18.91,18.91,532
2026-09-15T09:31:00.000Z,2026-09-15T12:31:00,18.99,18.99,18.99,18.99,8
2026-09-15T09:32:00.000Z,2026-09-15T12:32:00,18.99,18.99,18.91,18.99,10037
2026-09-15T09:33:00.000Z,2026-09-15T12:33:00,18.99,19,18.99,19,27862
2026-09-15T09:34:00.000Z,2026-09-15T12:34:00,18.98,19,18.92,18.92,31726
2026-09-15T09:35:00.000Z,2026-09-15T12:35:00,18.93,18.93,18.93,18.93,2
2026-09-15T09:36:00.000Z,2026-09-15T12:36:00,18.95,18.95,18.94,18.94,7185
2026-09-15T09:37:00.000Z,2026-09-15T12:37:00,18.98,18.98,18.9,18.9,13344
2026-09-15T09:38:00.000Z,2026-09-15T12:38:00,18.92,18.95,18.92,18.95,283
2026-09-15T09:40:00.000Z,2026-09-15T12:40:00,18.97,18.97,18.97,18.97,37
2026-09-15T09:41:00.000Z,2026-09-15T12:41:00,18.96,18.97,18.95,18.97,1526
2026-09-15T09:42:00.000Z,2026-09-15T12:42:00,18.97,18.97,18.97,18.97,2458
2026-09-15T09:43:00.000Z,2026-09-15T12:43:00,18.98,18.98,18.95,18.98,1288
2026-09-15T09:44:00.000Z,2026-09-15T12:44:00,18.98,18.98,18.96,18.98,5239
2026-09-15T09:45:00.000Z,2026-09-15T12:45:00,18.96,18.98,18.96,18.98,1052
2026-09-15T09:46:00.000Z,2026-09-15T12:46:00,18.98,18.98,18.98,18.98,29
2026-09-15T09:47:00.000Z,2026-09-15T12:47:00,18.98,18.98,18.95,18.95,7614
2026-09-15T09:48:00.000Z,2026-09-15T12:48:00,18.95,18.98,18.95,18.98,58
2026-09-15T09:49:00.000Z,2026-09-15T12:49:00,18.98,18.98,18.98,18.98,389
2026-09-15T09:50:00.000Z,2026-09-15T12:50:00,18.98,18.98,18.96,18.96,1581
2026-09-15T09:51:00.000Z,2026-09-15T12:51:00,18.98,18.98,18.96,18.98,2796
2026-09-15T09:52:00.000Z,2026-09-15T12:52:00,18.98,18.98,18.98,18.98,3000
2026-09-15T09:53:00.000Z,2026-09-15T12:53:00,18.97,18.97,18.97,18.97,3572
2026-09-15T09:54:00.000Z,2026-09-15T12:54:00,18.96,19,18.96,19,2256
2026-09-15T09:55:00.000Z,2026-09-15T12:55:00,18.96,18.96,18.96,18.96,150
2026-09-15T09:56:00.000Z,2026-09-15T12:56:00,18.97,18.97,18.97,18.97,5000
2026-09-15T09:57:00.000Z,2026-09-15T12:57:00,18.96,19,18.96,19,5080
2026-09-15T09:58:00.000Z,2026-09-15T12:58:00,18.96,18.98,18.96,18.98,508
2026-09-15T09:59:00.000Z,2026-09-15T12:59:00,18.98,18.98,18.98,18.98,38
2026-09-15T10:00:00.000Z,2026-09-15T13:00:00,18.98,18.99,18.98,18.99,4595
2026-09-15T10:01:00.000Z,2026-09-15T13:01:00,18.98,18.99,18.96,18.96,2042
2026-09-15T10:03:00.000Z,2026-09-15T13:03:00,18.99,18.99,18.95,18.96,10828
2026-09-15T10:04:00.000Z,2026-09-15T13:04:00,18.98,18.98,18.98,18.98,263
2026-09-15T10:06:00.000Z,2026-09-15T13:06:00,18.95,18.95,18.94,18.94,5967
2026-09-15T10:07:00.000Z,2026-09-15T13:07:00,18.92,18.94,18.9,18.94,21374
2026-09-15T10:08:00.000Z,2026-09-15T13:08:00,18.91,18.91,18.9,18.9,9525
2026-09-15T10:09:00.000Z,2026-09-15T13:09:00,18.89,18.9,18.89,18.9,725
2026-09-15T10:10:00.000Z,2026-09-15T13:10:00,18.9,18.9,18.89,18.89,14887
2026-09-15T10:11:00.000Z,2026-09-15T13:11:00,18.9,18.9,18.89,18.89,4321
2026-09-15T10:12:00.000Z,2026-09-15T13:12:00,18.9,18.9,18.9,18.9,4621
2026-09-15T10:13:00.000Z,2026-09-15T13:13:00,18.89,18.89,18.88,18.88,9727
2026-09-15T10:14:00.000Z,2026-09-15T13:14:00,18.9,18.9,18.88,18.88,2037
2026-09-15T10:15:00.000Z,2026-09-15T13:15:00,18.88,18.88,18.88,18.88,2650
2026-09-15T10:16:00.000Z,2026-09-15T13:16:00,18.86,18.94,18.86,18.89,16496
2026-09-15T10:17:00.000Z,2026-09-15T13:17:00,18.88,18.88,18.85,18.86,5181
2026-09-15T10:18:00.000Z,2026-09-15T13:18:00,18.88,18.88,18.88,18.88,201
2026-09-15T10:19:00.000Z,2026-09-15T13:19:00,18.85,18.85,18.8,18.8,189671
2026-09-15T10:20:00.000Z,2026-09-15T13:20:00,18.9,18.9,18.8,18.8,30259
2026-09-15T10:21:00.000Z,2026-09-15T13:21:00,18.9,18.9,18.82,18.82,267
2026-09-15T10:22:00.000Z,2026-09-15T13:22:00,18.84,18.9,18.84,18.9,2108
2026-09-15T10:23:00.000Z,2026-09-15T13:23:00,18.86,18.9,18.86,18.9,1762
2026-09-15T10:24:00.000Z,2026-09-15T13:24:00,18.9,18.9,18.9,18.9,1580
2026-09-15T10:25:00.000Z,2026-09-15T13:25:00,18.9,18.9,18.9,18.9,121
2026-09-15T10:26:00.000Z,2026-09-15T13:26:00,18.87,18.9,18.86,18.9,6044
2026-09-15T10:27:00.000Z,2026-09-15T13:27:00,18.86,18.9,18.86,18.9,11798
2026-09-15T10:28:00.000Z,2026-09-15T13:28:00,18.86,18.86,18.79,18.8,91589
2026-09-15T10:29:00.000Z,2026-09-15T13:29:00,18.8,18.86,18.79,18.79,22712
2026-09-15T10:30:00.000Z,2026-09-15T13:30:00,18.8,18.89,18.8,18.89,1700
2026-09-15T10:31:00.000Z,2026-09-15T13:31:00,18.81,18.81,18.79,18.79,10803
2026-09-15T10:32:00.000Z,2026-09-15T13:32:00,18.8,18.8,18.79,18.8,10196
2026-09-15T10:33:00.000Z,2026-09-15T13:33:00,18.89,18.89,18.79,18.79,15671
2026-09-15T10:34:00.000Z,2026-09-15T13:34:00,18.8,18.8,18.79,18.8,21400
2026-09-15T10:35:00.000Z,2026-09-15T13:35:00,18.8,18.89,18.79,18.8,10867
2026-09-15T10:36:00.000Z,2026-09-15T13:36:00,18.8,18.8,18.79,18.8,19746
2026-09-15T10:37:00.000Z,2026-09-15T13:37:00,18.8,18.8,18.8,18.8,17510
2026-09-15T10:38:00.000Z,2026-09-15T13:38:00,18.8,18.8,18.79,18.79,10168
2026-09-15T10:39:00.000Z,2026-09-15T13:39:00,18.79,18.8,18.79,18.8,9391
2026-09-15T10:40:00.000Z,2026-09-15T13:40:00,18.79,18.89,18.79,18.88,37699
2026-09-15T10:41:00.000Z,2026-09-15T13:41:00,18.88,18.88,18.88,18.88,6
2026-09-15T10:42:00.000Z,2026-09-15T13:42:00,18.85,18.87,18.85,18.86,5425
2026-09-15T10:43:00.000Z,2026-09-15T13:43:00,18.86,18.88,18.85,18.88,20171
2026-09-15T10:44:00.000Z,2026-09-15T13:44:00,18.88,18.88,18.87,18.87,145
2026-09-15T10:45:00.000Z,2026-09-15T13:45:00,18.87,18.87,18.87,18.87,7419
2026-09-15T10:46:00.000Z,2026-09-15T13:46:00,18.86,18.88,18.86,18.88,1104
2026-09-15T10:47:00.000Z,2026-09-15T13:47:00,18.89,18.89,18.89,18.89,49
2026-09-15T10:48:00.000Z,2026-09-15T13:48:00,18.86,18.86,18.85,18.85,2808
2026-09-15T10:49:00.000Z,2026-09-15T13:49:00,18.89,18.89,18.89,18.89,2124
2026-09-15T10:50:00.000Z,2026-09-15T13:50:00,18.86,18.89,18.86,18.89,5423
2026-09-15T10:51:00.000Z,2026-09-15T13:51:00,18.9,18.92,18.9,18.92,3890
2026-09-15T10:52:00.000Z,2026-09-15T13:52:00,18.9,18.9,18.9,18.9,135
2026-09-15T10:53:00.000Z,2026-09-15T13:53:00,18.9,18.97,18.88,18.97,40061
2026-09-15T10:54:00.000Z,2026-09-15T13:54:00,18.96,18.96,18.96,18.96,266
2026-09-15T10:55:00.000Z,2026-09-15T13:55:00,18.92,18.96,18.92,18.96,611
2026-09-15T10:56:00.000Z,2026-09-15T13:56:00,18.96,18.96,18.92,18.96,225
2026-09-15T10:57:00.000Z,2026-09-15T13:57:00,18.92,18.92,18.92,18.92,10
2026-09-15T10:58:00.000Z,2026-09-15T13:58:00,18.92,18.92,18.91,18.91,6147
2026-09-15T10:59:00.000Z,2026-09-15T13:59:00,18.94,18.94,18.91,18.91,832
2026-09-15T11:00:00.000Z,2026-09-15T14:00:00,18.91,18.93,18.91,18.91,4722
2026-09-15T11:01:00.000Z,2026-09-15T14:01:00,18.91,18.94,18.91,18.94,4297
2026-09-15T11:02:00.000Z,2026-09-15T14:02:00,18.96,18.96,18.93,18.96,867
2026-09-15T11:03:00.000Z,2026-09-15T14:03:00,18.96,18.96,18.93,18.93,764
2026-09-15T11:04:00.000Z,2026-09-15T14:04:00,18.95,18.95,18.93,18.94,2334
2026-09-15T11:05:00.000Z,2026-09-15T14:05:00,18.95,18.95,18.94,18.94,666
2026-09-15T11:06:00.000Z,2026-09-15T14:06:00,18.93,18.93,18.9,18.9,15300
2026-09-15T11:07:00.000Z,2026-09-15T14:07:00,18.91,18.91,18.87,18.87,20359
2026-09-15T11:08:00.000Z,2026-09-15T14:08:00,18.88,18.9,18.88,18.9,4532
2026-09-15T11:09:00.000Z,2026-09-15T14:09:00,18.89,18.94,18.88,18.94,353
2026-09-15T11:10:00.000Z,2026-09-15T14:10:00,18.94,18.96,18.9,18.96,4378
2026-09-15T11:11:00.000Z,2026-09-15T14:11:00,18.91,18.96,18.9,18.95,5870
2026-09-15T11:12:00.000Z,2026-09-15T14:12:00,18.91,18.91,18.91,18.91,3083
2026-09-15T11:13:00.000Z,2026-09-15T14:13:00,18.9,18.9,18.9,18.9,734
2026-09-15T11:14:00.000Z,2026-09-15T14:14:00,18.9,18.97,18.89,18.97,10781
2026-09-15T11:25:00.000Z,2026-09-15T14:25:00,18.9,18.9,18.9,18.9,28000
2026-09-15T11:26:00.000Z,2026-09-15T14:26:00,18.9,18.9,18.9,18.9,3410
2026-09-15T11:27:00.000Z,2026-09-15T14:27:00,18.9,18.9,18.9,18.9,2122
2026-09-16T07:00:00.000Z,2026-09-16T10:00:00,18.91,18.91,18.91,18.91,2103
2026-09-16T07:01:00.000Z,2026-09-16T10:01:00,18.92,18.95,18.91,18.95,7354
2026-09-16T07:02:00.000Z,2026-09-16T10:02:00,18.99,18.99,18.99,18.99,204
2026-09-16T07:03:00.000Z,2026-09-16T10:03:00,18.99,18.99,18.99,18.99,218
2026-09-16T07:04:00.000Z,2026-09-16T10:04:00,18.99,18.99,18.95,18.95,2950
2026-09-16T07:05:00.000Z,2026-09-16T10:05:00,18.99,18.99,18.99,18.99,32
2026-09-16T07:06:00.000Z,2026-09-16T10:06:00,18.99,18.99,18.98,18.99,1699
2026-09-16T07:07:00.000Z,2026-09-16T10:07:00,18.95,18.95,18.91,18.91,18486
2026-09-16T07:08:00.000Z,2026-09-16T10:08:00,18.91,18.99,18.91,18.98,622
2026-09-16T07:09:00.000Z,2026-09-16T10:09:00,18.98,18.98,18.98,18.98,53
2026-09-16T07:10:00.000Z,2026-09-16T10:10:00,18.98,18.98,18.98,18.98,3
2026-09-16T07:11:00.000Z,2026-09-16T10:11:00,18.91,18.91,18.9,18.9,4344
2026-09-16T07:12:00.000Z,2026-09-16T10:12:00,18.91,18.91,18.91,18.91,871
2026-09-16T07:13:00.000Z,2026-09-16T10:13:00,18.91,18.91,18.91,18.91,4
2026-09-16T07:14:00.000Z,2026-09-16T10:14:00,18.91,18.91,18.91,18.91,3009
2026-09-16T07:15:00.000Z,2026-09-16T10:15:00,18.91,18.91,18.91,18.91,4
2026-09-16T07:16:00.000Z,2026-09-16T10:16:00,18.91,18.91,18.91,18.91,1987
2026-09-16T07:17:00.000Z,2026-09-16T10:17:00,18.95,18.95,18.92,18.92,38
2026-09-16T07:18:00.000Z,2026-09-16T10:18:00,18.95,18.97,18.93,18.93,302
2026-09-16T07:19:00.000Z,2026-09-16T10:19:00,18.97,18.97,18.93,18.93,23
2026-09-16T07:20:00.000Z,2026-09-16T10:20:00,18.95,18.97,18.94,18.97,5037
2026-09-16T07:21:00.000Z,2026-09-16T10:21:00,18.97,18.98,18.94,18.94,1847
2026-09-16T07:22:00.000Z,2026-09-16T10:22:00,18.95,18.97,18.95,18.97,11866
2026-09-16T07:23:00.000Z,2026-09-16T10:23:00,18.95,18.98,18.9,18.98,88190
2026-09-16T07:24:00.000Z,2026-09-16T10:24:00,18.92,18.92,18.92,18.92,17000
2026-09-16T07:25:00.000Z,2026-09-16T10:25:00,18.95,18.95,18.95,18.95,946
2026-09-16T07:26:00.000Z,2026-09-16T10:26:00,18.92,18.98,18.92,18.98,28434
2026-09-16T07:27:00.000Z,2026-09-16T10:27:00,18.97,18.97,18.95,18.95,1902
2026-09-16T07:28:00.000Z,2026-09-16T10:28:00,18.95,18.95,18.95,18.95,1032
2026-09-16T07:29:00.000Z,2026-09-16T10:29:00,18.95,18.95,18.93,18.93,3026
2026-09-16T07:30:00.000Z,2026-09-16T10:30:00,18.95,18.97,18.95,18.97,814
2026-09-16T07:31:00.000Z,2026-09-16T10:31:00,18.94,18.96,18.94,18.96,255
2026-09-16T07:33:00.000Z,2026-09-16T10:33:00,18.94,18.94,18.94,18.94,153
2026-09-16T07:34:00.000Z,2026-09-16T10:34:00,18.95,18.95,18.94,18.94,3900
2026-09-16T07:35:00.000Z,2026-09-16T10:35:00,18.96,19.04,18.94,19.04,62711
2026-09-16T07:36:00.000Z,2026-09-16T10:36:00,19,19.05,18.98,18.98,7353
2026-09-16T07:37:00.000Z,2026-09-16T10:37:00,19,19,19,19,47
2026-09-16T07:38:00.000Z,2026-09-16T10:38:00,18.98,19,18.98,19,11828
2026-09-16T07:39:00.000Z,2026-09-16T10:39:00,19,19,19,19,6
2026-09-16T07:40:00.000Z,2026-09-16T10:40:00,19,19,18.99,18.99,11346
2026-09-16T07:41:00.000Z,2026-09-16T10:41:00,18.99,18.99,18.99,18.99,3838
2026-09-16T07:42:00.000Z,2026-09-16T10:42:00,18.99,18.99,18.99,18.99,31
2026-09-16T07:43:00.000Z,2026-09-16T10:43:00,18.97,18.99,18.97,18.99,3554
2026-09-16T07:44:00.000Z,2026-09-16T10:44:00,18.97,18.99,18.95,18.95,13753
2026-09-16T07:45:00.000Z,2026-09-16T10:45:00,18.99,18.99,18.95,18.95,76
2026-09-16T07:46:00.000Z,2026-09-16T10:46:00,18.96,18.98,18.96,18.98,3021
2026-09-16T07:47:00.000Z,2026-09-16T10:47:00,18.95,18.95,18.94,18.94,20990
2026-09-16T07:48:00.000Z,2026-09-16T10:48:00,18.94,18.94,18.93,18.93,109
2026-09-16T07:49:00.000Z,2026-09-16T10:49:00,18.94,18.94,18.94,18.94,2968
2026-09-16T07:51:00.000Z,2026-09-16T10:51:00,18.94,18.95,18.93,18.95,10537
2026-09-16T07:52:00.000Z,2026-09-16T10:52:00,18.95,18.95,18.95,18.95,36
2026-09-16T07:53:00.000Z,2026-09-16T10:53:00,18.95,18.95,18.93,18.93,109
2026-09-16T07:54:00.000Z,2026-09-16T10:54:00,18.95,18.95,18.92,18.95,8502
2026-09-16T07:55:00.000Z,2026-09-16T10:55:00,18.95,18.98,18.95,18.98,7210
2026-09-16T07:56:00.000Z,2026-09-16T10:56:00,18.95,18.97,18.9,18.9,54625
2026-09-16T07:57:00.000Z,2026-09-16T10:57:00,18.91,18.97,18.91,18.97,1027
2026-09-16T07:58:00.000Z,2026-09-16T10:58:00,18.92,18.97,18.9,18.96,42859
2026-09-16T07:59:00.000Z,2026-09-16T10:59:00,18.96,18.96,18.9,18.95,148
2026-09-16T08:00:00.000Z,2026-09-16T11:00:00,18.95,18.95,18.9,18.9,6502
2026-09-16T08:01:00.000Z,2026-09-16T11:01:00,18.91,18.91,18.91,18.91,1
2026-09-16T08:03:00.000Z,2026-09-16T11:03:00,18.91,18.94,18.91,18.94,161
2026-09-16T08:04:00.000Z,2026-09-16T11:04:00,18.94,18.94,18.94,18.94,208
2026-09-16T08:05:00.000Z,2026-09-16T11:05:00,18.91,18.91,18.91,18.91,12
2026-09-16T08:06:00.000Z,2026-09-16T11:06:00,18.91,18.93,18.89,18.93,8118
2026-09-16T08:07:00.000Z,2026-09-16T11:07:00,18.89,18.91,18.89,18.89,794
2026-09-16T08:08:00.000Z,2026-09-16T11:08:00,18.9,18.9,18.87,18.87,5433
2026-09-16T08:09:00.000Z,2026-09-16T11:09:00,18.9,18.9,18.9,18.9,415
2026-09-16T08:11:00.000Z,2026-09-16T11:11:00,18.88,18.88,18.88,18.88,1940
2026-09-16T08:12:00.000Z,2026-09-16T11:12:00,18.88,18.88,18.87,18.87,9000
2026-09-16T08:13:00.000Z,2026-09-16T11:13:00,18.88,18.92,18.88,18.92,10701
2026-09-16T08:14:00.000Z,2026-09-16T11:14:00,18.92,18.92,18.91,18.92,4545
2026-09-16T08:15:00.000Z,2026-09-16T11:15:00,18.93,18.93,18.92,18.92,16966
2026-09-16T08:16:00.000Z,2026-09-16T11:16:00,18.92,18.92,18.92,18.92,2877
2026-09-16T08:17:00.000Z,2026-09-16T11:17:00,18.91,18.93,18.9,18.93,50588
2026-09-16T08:18:00.000Z,2026-09-16T11:18:00,18.92,18.92,18.9,18.92,15322
2026-09-16T08:19:00.000Z,2026-09-16T11:19:00,18.93,18.93,18.9,18.9,4439
2026-09-16T08:20:00.000Z,2026-09-16T11:20:00,18.9,18.9,18.9,18.9,1535
2026-09-16T08:21:00.000Z,2026-09-16T11:21:00,18.92,18.92,18.92,18.92,56
2026-09-16T08:22:00.000Z,2026-09-16T11:22:00,18.92,18.93,18.92,18.93,12277
2026-09-16T08:23:00.000Z,2026-09-16T11:23:00,18.92,18.93,18.92,18.92,38024
2026-09-16T08:24:00.000Z,2026-09-16T11:24:00,18.91,18.91,18.9,18.9,11445
2026-09-16T08:25:00.000Z,2026-09-16T11:25:00,18.89,18.89,18.89,18.89,64
2026-09-16T08:26:00.000Z,2026-09-16T11:26:00,18.89,18.9,18.89,18.9,183
2026-09-16T08:27:00.000Z,2026-09-16T11:27:00,18.89,18.9,18.89,18.9,513
2026-09-16T08:29:00.000Z,2026-09-16T11:29:00,18.9,18.9,18.89,18.89,3054
2026-09-16T08:30:00.000Z,2026-09-16T11:30:00,18.9,18.9,18.89,18.89,279
2026-09-16T08:31:00.000Z,2026-09-16T11:31:00,18.89,18.9,18.89,18.9,2705
2026-09-16T08:32:00.000Z,2026-09-16T11:32:00,18.9,18.9,18.9,18.9,276
2026-09-16T08:33:00.000Z,2026-09-16T11:33:00,18.9,18.9,18.89,18.89,2472
2026-09-16T08:34:00.000Z,2026-09-16T11:34:00,18.88,18.9,18.88,18.88,1855
2026-09-16T08:35:00.000Z,2026-09-16T11:35:00,18.9,18.9,18.9,18.9,527
2026-09-16T08:36:00.000Z,2026-09-16T11:36:00,18.9,18.9,18.9,18.9,99
2026-09-16T08:37:00.000Z,2026-09-16T11:37:00,18.88,18.9,18.88,18.88,4117
2026-09-16T08:38:00.000Z,2026-09-16T11:38:00,18.88,18.88,18.84,18.84,29736
2026-09-16T08:39:00.000Z,2026-09-16T11:39:00,18.84,18.84,18.84,18.84,450
2026-09-16T08:40:00.000Z,2026-09-16T11:40:00,18.89,18.89,18.89,18.89,12
2026-09-16T08:41:00.000Z,2026-09-16T11:41:00,18.85,18.85,18.81,18.81,42008
2026-09-16T08:42:00.000Z,2026-09-16T11:42:00,18.82,18.82,18.8,18.8,230001
2026-09-16T08:43:00.000Z,2026-09-16T11:43:00,18.8,18.8,18.79,18.79,27616
2026-09-16T08:44:00.000Z,2026-09-16T11:44:00,18.79,18.8,18.76,18.76,61089
2026-09-16T08:45:00.000Z,2026-09-16T11:45:00,18.76,18.88,18.76,18.88,2283
2026-09-16T08:46:00.000Z,2026-09-16T11:46:00,18.8,18.8,18.8,18.8,11436
2026-09-16T08:47:00.000Z,2026-09-16T11:47:00,18.8,18.86,18.8,18.8,18232
2026-09-16T08:48:00.000Z,2026-09-16T11:48:00,18.81,18.81,18.79,18.8,23261
2026-09-16T08:49:00.000Z,2026-09-16T11:49:00,18.8,18.8,18.79,18.79,22281
2026-09-16T08:51:00.000Z,2026-09-16T11:51:00,18.8,18.8,18.76,18.77,80937
2026-09-16T08:52:00.000Z,2026-09-16T11:52:00,18.77,18.79,18.75,18.79,57172
2026-09-16T08:53:00.000Z,2026-09-16T11:53:00,18.78,18.79,18.78,18.79,8532
2026-09-16T08:54:00.000Z,2026-09-16T11:54:00,18.79,18.79,18.79,18.79,950
2026-09-16T08:55:00.000Z,2026-09-16T11:55:00,18.79,18.79,18.79,18.79,1250
2026-09-16T08:56:00.000Z,2026-09-16T11:56:00,18.79,18.8,18.78,18.8,18016
2026-09-16T08:57:00.000Z,2026-09-16T11:57:00,18.78,18.8,18.78,18.8,24607
2026-09-16T08:58:00.000Z,2026-09-16T11:58:00,18.8,18.8,18.78,18.8,1853
2026-09-16T08:59:00.000Z,2026-09-16T11:59:00,18.8,18.83,18.8,18.83,7630
2026-09-16T09:00:00.000Z,2026-09-16T12:00:00,18.83,18.86,18.83,18.86,35000
2026-09-16T09:01:00.000Z,2026-09-16T12:01:00,18.85,18.85,18.81,18.81,1336
2026-09-16T09:02:00.000Z,2026-09-16T12:02:00,18.81,18.85,18.8,18.8,14854
2026-09-16T09:03:00.000Z,2026-09-16T12:03:00,18.8,18.84,18.79,18.83,2471
2026-09-16T09:04:00.000Z,2026-09-16T12:04:00,18.8,18.8,18.79,18.8,4040
2026-09-16T09:05:00.000Z,2026-09-16T12:05:00,18.8,18.8,18.8,18.8,11721
2026-09-16T09:06:00.000Z,2026-09-16T12:06:00,18.82,18.84,18.82,18.84,7993
2026-09-16T09:07:00.000Z,2026-09-16T12:07:00,18.84,18.85,18.84,18.85,36201
2026-09-16T09:08:00.000Z,2026-09-16T12:08:00,18.85,18.85,18.85,18.85,5111
2026-09-16T09:09:00.000Z,2026-09-16T12:09:00,18.84,18.85,18.81,18.81,11639
2026-09-16T09:10:00.000Z,2026-09-16T12:10:00,18.81,18.81,18.81,18.81,2000
2026-09-16T09:11:00.000Z,2026-09-16T12:11:00,18.84,18.84,18.81,18.81,1230
2026-09-16T09:12:00.000Z,2026-09-16T12:12:00,18.81,18.84,18.8,18.84,14100
2026-09-16T09:13:00.000Z,2026-09-16T12:13:00,18.84,18.84,18.81,18.81,312
2026-09-16T09:14:00.000Z,2026-09-16T12:14:00,18.84,18.84,18.81,18.81,841
2026-09-16T09:15:00.000Z,2026-09-16T12:15:00,18.84,18.84,18.82,18.84,404
2026-09-16T09:16:00.000Z,2026-09-16T12:16:00,18.84,18.85,18.84,18.84,7048
2026-09-16T09:17:00.000Z,2026-09-16T12:17:00,18.84,18.85,18.84,18.85,3422
2026-09-16T09:18:00.000Z,2026-09-16T12:18:00,18.84,18.84,18.84,18.84,815
2026-09-16T09:19:00.000Z,2026-09-16T12:19:00,18.85,18.85,18.85,18.85,1258
2026-09-16T09:20:00.000Z,2026-09-16T12:20:00,18.85,18.85,18.85,18.85,225
2026-09-16T09:21:00.000Z,2026-09-16T12:21:00,18.85,18.85,18.83,18.83,11870
2026-09-16T09:22:00.000Z,2026-09-16T12:22:00,18.83,18.83,18.8,18.8,31822
2026-09-16T09:23:00.000Z,2026-09-16T12:23:00,18.79,18.8,18.77,18.8,25530
2026-09-16T09:24:00.000Z,2026-09-16T12:24:00,18.8,18.8,18.77,18.8,27811
2026-09-16T09:25:00.000Z,2026-09-16T12:25:00,18.8,18.8,18.8,18.8,12377
2026-09-16T09:26:00.000Z,2026-09-16T12:26:00,18.79,18.82,18.79,18.82,54
2026-09-16T09:27:00.000Z,2026-09-16T12:27:00,18.82,18.82,18.8,18.8,13775
2026-09-16T09:28:00.000Z,2026-09-16T12:28:00,18.79,18.8,18.79,18.79,8722
2026-09-16T09:29:00.000Z,2026-09-16T12:29:00,18.8,18.8,18.78,18.78,408
2026-09-16T09:30:00.000Z,2026-09-16T12:30:00,18.79,18.8,18.78,18.8,15343
2026-09-16T09:31:00.000Z,2026-09-16T12:31:00,18.79,18.8,18.78,18.8,23667
2026-09-16T09:32:00.000Z,2026-09-16T12:32:00,18.8,18.8,18.79,18.8,11131
2026-09-16T09:33:00.000Z,2026-09-16T12:33:00,18.79,18.79,18.77,18.79,53190
2026-09-16T09:34:00.000Z,2026-09-16T12:34:00,18.8,18.8,18.78,18.8,5720
2026-09-16T09:35:00.000Z,2026-09-16T12:35:00,18.78,18.8,18.77,18.77,79704
2026-09-16T09:36:00.000Z,2026-09-16T12:36:00,18.8,18.8,18.79,18.79,14080
2026-09-16T09:37:00.000Z,2026-09-16T12:37:00,18.8,18.82,18.76,18.8,31306
2026-09-16T09:38:00.000Z,2026-09-16T12:38:00,18.8,18.81,18.8,18.8,21822
2026-09-16T09:39:00.000Z,2026-09-16T12:39:00,18.78,18.78,18.78,18.78,1184
2026-09-16T09:40:00.000Z,2026-09-16T12:40:00,18.8,18.84,18.79,18.83,51870
2026-09-16T09:41:00.000Z,2026-09-16T12:41:00,18.83,18.83,18.83,18.83,107
2026-09-16T09:42:00.000Z,2026-09-16T12:42:00,18.8,18.84,18.8,18.8,53430
2026-09-16T09:43:00.000Z,2026-09-16T12:43:00,18.8,18.84,18.8,18.83,15661
2026-09-16T09:44:00.000Z,2026-09-16T12:44:00,18.81,18.82,18.8,18.82,31926
2026-09-16T09:45:00.000Z,2026-09-16T12:45:00,18.79,18.8,18.79,18.8,10538
2026-09-16T09:46:00.000Z,2026-09-16T12:46:00,18.79,18.8,18.79,18.8,3646
2026-09-16T09:47:00.000Z,2026-09-16T12:47:00,18.79,18.79,18.79,18.79,3404
2026-09-16T09:48:00.000Z,2026-09-16T12:48:00,18.8,18.8,18.79,18.8,9702
2026-09-16T09:49:00.000Z,2026-09-16T12:49:00,18.8,18.8,18.79,18.79,2442
2026-09-16T09:50:00.000Z,2026-09-16T12:50:00,18.8,18.8,18.8,18.8,9884
2026-09-16T09:51:00.000Z,2026-09-16T12:51:00,18.82,18.82,18.8,18.8,10003
2026-09-16T09:52:00.000Z,2026-09-16T12:52:00,18.8,18.8,18.79,18.79,2253
2026-09-16T09:53:00.000Z,2026-09-16T12:53:00,18.79,18.8,18.79,18.8,3655
2026-09-16T09:54:00.000Z,2026-09-16T12:54:00,18.79,18.79,18.76,18.79,135606
2026-09-16T09:55:00.000Z,2026-09-16T12:55:00,18.77,18.77,18.76,18.76,8705
2026-09-16T09:56:00.000Z,2026-09-16T12:56:00,18.79,18.79,18.76,18.76,23237
2026-09-16T09:57:00.000Z,2026-09-16T12:57:00,18.77,18.78,18.76,18.77,4222
2026-09-16T09:58:00.000Z,2026-09-16T12:58:00,18.77,18.78,18.77,18.77,14944
2026-09-16T09:59:00.000Z,2026-09-16T12:59:00,18.79,18.79,18.77,18.79,8126
2026-09-16T10:00:00.000Z,2026-09-16T13:00:00,18.77,18.79,18.75,18.76,44150
2026-09-16T10:01:00.000Z,2026-09-16T13:01:00,18.76,18.79,18.76,18.76,6945
2026-09-16T10:02:00.000Z,2026-09-16T13:02:00,18.76,18.76,18.75,18.76,89921
2026-09-16T10:03:00.000Z,2026-09-16T13:03:00,18.78,18.79,18.76,18.76,15502
2026-09-16T10:04:00.000Z,2026-09-16T13:04:00,18.77,18.79,18.76,18.79,36315
2026-09-16T10:05:00.000Z,2026-09-16T13:05:00,18.79,18.79,18.78,18.79,6953
2026-09-16T10:06:00.000Z,2026-09-16T13:06:00,18.79,18.79,18.78,18.79,23105
2026-09-16T10:07:00.000Z,2026-09-16T13:07:00,18.78,18.85,18.78,18.85,108959
2026-09-16T10:08:00.000Z,2026-09-16T13:08:00,18.77,18.81,18.77,18.81,1522
2026-09-16T10:09:00.000Z,2026-09-16T13:09:00,18.78,18.8,18.78,18.8,10500
2026-09-16T10:10:00.000Z,2026-09-16T13:10:00,18.79,18.8,18.79,18.8,10082
2026-09-16T10:11:00.000Z,2026-09-16T13:11:00,18.79,18.8,18.79,18.8,5252
2026-09-16T10:13:00.000Z,2026-09-16T13:13:00,18.8,18.8,18.78,18.78,9339
2026-09-16T10:15:00.000Z,2026-09-16T13:15:00,18.78,18.79,18.78,18.79,15938
2026-09-16T10:16:00.000Z,2026-09-16T13:16:00,18.79,18.79,18.78,18.78,2001
2026-09-16T10:17:00.000Z,2026-09-16T13:17:00,18.79,18.79,18.79,18.79,170
2026-09-16T10:18:00.000Z,2026-09-16T13:18:00,18.79,18.8,18.77,18.77,14739
2026-09-16T10:19:00.000Z,2026-09-16T13:19:00,18.77,18.79,18.77,18.79,8601
2026-09-16T10:20:00.000Z,2026-09-16T13:20:00,18.77,18.8,18.77,18.77,33732
2026-09-16T10:21:00.000Z,2026-09-16T13:21:00,18.78,18.79,18.78,18.79,11633
2026-09-16T10:22:00.000Z,2026-09-16T13:22:00,18.78,18.79,18.78,18.79,12251
2026-09-16T10:23:00.000Z,2026-09-16T13:23:00,18.79,18.79,18.76,18.76,56427
2026-09-16T10:24:00.000Z,2026-09-16T13:24:00,18.75,18.78,18.75,18.78,42808
2026-09-16T10:25:00.000Z,2026-09-16T13:25:00,18.77,18.77,18.76,18.76,4359
2026-09-16T10:26:00.000Z,2026-09-16T13:26:00,18.76,18.78,18.76,18.77,14463
2026-09-16T10:27:00.000Z,2026-09-16T13:27:00,18.77,18.78,18.74,18.76,67148
2026-09-16T10:28:00.000Z,2026-09-16T13:28:00,18.76,18.77,18.76,18.76,9812
2026-09-16T10:29:00.000Z,2026-09-16T13:29:00,18.77,18.77,18.76,18.76,5414
2026-09-16T10:30:00.000Z,2026-09-16T13:30:00,18.78,18.78,18.75,18.75,19859
2026-09-16T10:31:00.000Z,2026-09-16T13:31:00,18.75,18.78,18.75,18.78,12117
2026-09-16T10:32:00.000Z,2026-09-16T13:32:00,18.78,18.78,18.75,18.78,694
2026-09-16T10:33:00.000Z,2026-09-16T13:33:00,18.78,18.81,18.78,18.8,78612
2026-09-16T10:34:00.000Z,2026-09-16T13:34:00,18.79,18.79,18.78,18.78,6193
2026-09-16T10:35:00.000Z,2026-09-16T13:35:00,18.79,18.8,18.78,18.78,106295
2026-09-16T10:36:00.000Z,2026-09-16T13:36:00,18.8,18.8,18.78,18.8,669
2026-09-16T10:37:00.000Z,2026-09-16T13:37:00,18.78,18.8,18.78,18.78,502
2026-09-16T10:38:00.000Z,2026-09-16T13:38:00,18.78,18.8,18.78,18.8,413
2026-09-16T10:39:00.000Z,2026-09-16T13:39:00,18.78,18.8,18.78,18.8,28036
2026-09-16T10:40:00.000Z,2026-09-16T13:40:00,18.8,18.83,18.79,18.79,84066
2026-09-16T10:41:00.000Z,2026-09-16T13:41:00,18.8,18.84,18.8,18.8,39492
2026-09-16T10:42:00.000Z,2026-09-16T13:42:00,18.84,18.84,18.84,18.84,15
2026-09-16T10:43:00.000Z,2026-09-16T13:43:00,18.84,18.84,18.8,18.8,17000
2026-09-16T10:44:00.000Z,2026-09-16T13:44:00,18.8,18.83,18.8,18.8,3076
2026-09-16T10:45:00.000Z,2026-09-16T13:45:00,18.8,18.82,18.8,18.8,18419
2026-09-16T10:46:00.000Z,2026-09-16T13:46:00,18.83,18.83,18.83,18.83,18
2026-09-16T10:47:00.000Z,2026-09-16T13:47:00,18.83,18.83,18.81,18.81,3030
2026-09-16T10:48:00.000Z,2026-09-16T13:48:00,18.81,18.83,18.81,18.83,6107
2026-09-16T10:49:00.000Z,2026-09-16T13:49:00,18.8,18.9,18.8,18.9,121003
2026-09-16T10:50:00.000Z,2026-09-16T13:50:00,18.89,18.9,18.81,18.9,82801
2026-09-16T10:51:00.000Z,2026-09-16T13:51:00,18.82,18.9,18.82,18.86,24037
2026-09-16T10:52:00.000Z,2026-09-16T13:52:00,18.87,18.87,18.87,18.87,3827
2026-09-16T10:53:00.000Z,2026-09-16T13:53:00,18.89,18.89,18.86,18.86,151
2026-09-16T10:54:00.000Z,2026-09-16T13:54:00,18.88,18.88,18.86,18.88,358
2026-09-16T10:55:00.000Z,2026-09-16T13:55:00,18.86,18.91,18.86,18.91,38555
2026-09-16T10:56:00.000Z,2026-09-16T13:56:00,18.91,18.91,18.9,18.91,68476
2026-09-16T10:57:00.000Z,2026-09-16T13:57:00,18.9,18.91,18.9,18.9,15309
2026-09-16T10:58:00.000Z,2026-09-16T13:58:00,18.88,18.9,18.88,18.88,5429
2026-09-16T10:59:00.000Z,2026-09-16T13:59:00,18.88,18.9,18.87,18.87,7329
2026-09-16T11:00:00.000Z,2026-09-16T14:00:00,18.88,18.9,18.88,18.9,7814
2026-09-16T11:01:00.000Z,2026-09-16T14:01:00,18.88,18.88,18.87,18.87,10435
2026-09-16T11:02:00.000Z,2026-09-16T14:02:00,18.9,18.9,18.9,18.9,408
2026-09-16T11:03:00.000Z,2026-09-16T14:03:00,18.86,18.89,18.86,18.88,14479
2026-09-16T11:04:00.000Z,2026-09-16T14:04:00,18.86,18.88,18.86,18.88,7949
2026-09-16T11:05:00.000Z,2026-09-16T14:05:00,18.88,18.88,18.88,18.88,600
2026-09-16T11:06:00.000Z,2026-09-16T14:06:00,18.87,18.87,18.85,18.85,20792
2026-09-16T11:07:00.000Z,2026-09-16T14:07:00,18.86,18.88,18.85,18.85,42153
2026-09-16T11:08:00.000Z,2026-09-16T14:08:00,18.85,18.85,18.84,18.85,9514
2026-09-16T11:09:00.000Z,2026-09-16T14:09:00,18.85,18.85,18.81,18.81,17771
2026-09-16T11:10:00.000Z,2026-09-16T14:10:00,18.81,18.85,18.8,18.8,39780
2026-09-16T11:11:00.000Z,2026-09-16T14:11:00,18.84,18.84,18.82,18.82,26000
2026-09-16T11:12:00.000Z,2026-09-16T14:12:00,18.84,18.9,18.82,18.82,40011
2026-09-16T11:13:00.000Z,2026-09-16T14:13:00,18.89,18.89,18.88,18.89,10267
2026-09-16T11:14:00.000Z,2026-09-16T14:14:00,18.88,18.89,18.88,18.89,4802
2026-09-16T11:25:00.000Z,2026-09-16T14:25:00,18.88,18.88,18.88,18.88,26481
2026-09-16T11:26:00.000Z,2026-09-16T14:26:00,18.88,18.88,18.88,18.88,5286
2026-09-16T11:27:00.000Z,2026-09-16T14:27:00,18.88,18.88,18.88,18.88,230
2026-09-16T11:28:00.000Z,2026-09-16T14:28:00,18.88,18.88,18.88,18.88,2320
2026-09-17T07:00:00.000Z,2026-09-17T10:00:00,18.85,18.85,18.81,18.81,36437
2026-09-17T07:01:00.000Z,2026-09-17T10:01:00,18.85,18.85,18.77,18.84,19496
2026-09-17T07:02:00.000Z,2026-09-17T10:02:00,18.84,18.89,18.84,18.89,20703
2026-09-17T07:03:00.000Z,2026-09-17T10:03:00,18.88,18.89,18.81,18.81,15261
2026-09-17T07:04:00.000Z,2026-09-17T10:04:00,18.88,18.88,18.82,18.82,2330
2026-09-17T07:05:00.000Z,2026-09-17T10:05:00,18.88,18.88,18.83,18.88,2123
2026-09-17T07:06:00.000Z,2026-09-17T10:06:00,18.88,18.9,18.85,18.9,21132
2026-09-17T07:07:00.000Z,2026-09-17T10:07:00,18.9,18.9,18.9,18.9,1503
2026-09-17T07:08:00.000Z,2026-09-17T10:08:00,18.9,18.94,18.9,18.94,15833
2026-09-17T07:09:00.000Z,2026-09-17T10:09:00,18.94,18.95,18.94,18.95,24025
2026-09-17T07:10:00.000Z,2026-09-17T10:10:00,18.95,18.95,18.95,18.95,80
2026-09-17T07:11:00.000Z,2026-09-17T10:11:00,18.94,18.95,18.94,18.94,11171
2026-09-17T07:12:00.000Z,2026-09-17T10:12:00,18.95,18.97,18.95,18.96,3935
2026-09-17T07:13:00.000Z,2026-09-17T10:13:00,18.96,18.96,18.94,18.95,11153
2026-09-17T07:14:00.000Z,2026-09-17T10:14:00,18.96,18.98,18.95,18.98,45202
2026-09-17T07:15:00.000Z,2026-09-17T10:15:00,18.98,18.98,18.98,18.98,79
2026-09-17T07:16:00.000Z,2026-09-17T10:16:00,18.98,19,18.97,18.98,77094
2026-09-17T07:17:00.000Z,2026-09-17T10:17:00,19,19,18.98,18.98,6593
2026-09-17T07:18:00.000Z,2026-09-17T10:18:00,18.98,19,18.94,18.94,5687
2026-09-17T07:19:00.000Z,2026-09-17T10:19:00,18.94,18.94,18.94,18.94,118
2026-09-17T07:20:00.000Z,2026-09-17T10:20:00,18.9,18.94,18.9,18.94,2797
2026-09-17T07:21:00.000Z,2026-09-17T10:21:00,18.91,18.91,18.91,18.91,3113
2026-09-17T07:22:00.000Z,2026-09-17T10:22:00,18.91,18.95,18.91,18.95,3759
2026-09-17T07:23:00.000Z,2026-09-17T10:23:00,18.92,18.99,18.92,18.93,2621
2026-09-17T07:24:00.000Z,2026-09-17T10:24:00,18.99,18.99,18.93,18.93,360
2026-09-17T07:25:00.000Z,2026-09-17T10:25:00,18.98,18.98,18.98,18.98,79
2026-09-17T07:26:00.000Z,2026-09-17T10:26:00,18.94,18.98,18.94,18.98,417
2026-09-17T07:27:00.000Z,2026-09-17T10:27:00,18.97,18.97,18.94,18.95,5047
2026-09-17T07:28:00.000Z,2026-09-17T10:28:00,18.95,18.95,18.95,18.95,3800
2026-09-17T07:29:00.000Z,2026-09-17T10:29:00,18.95,18.95,18.95,18.95,102
2026-09-17T07:30:00.000Z,2026-09-17T10:30:00,18.95,18.96,18.95,18.96,449
2026-09-17T07:31:00.000Z,2026-09-17T10:31:00,18.95,18.96,18.95,18.95,582
2026-09-17T07:32:00.000Z,2026-09-17T10:32:00,18.94,18.96,18.94,18.96,2043
2026-09-17T07:33:00.000Z,2026-09-17T10:33:00,18.96,18.96,18.96,18.96,1931
2026-09-17T07:34:00.000Z,2026-09-17T10:34:00,18.95,18.98,18.95,18.98,447
2026-09-17T07:36:00.000Z,2026-09-17T10:36:00,18.98,18.98,18.98,18.98,1612
2026-09-17T07:37:00.000Z,2026-09-17T10:37:00,18.98,18.98,18.98,18.98,131
2026-09-17T07:38:00.000Z,2026-09-17T10:38:00,18.98,18.98,18.98,18.98,2850
2026-09-17T07:39:00.000Z,2026-09-17T10:39:00,18.98,18.98,18.97,18.98,699
2026-09-17T07:40:00.000Z,2026-09-17T10:40:00,18.97,18.97,18.95,18.95,5837
2026-09-17T07:41:00.000Z,2026-09-17T10:41:00,18.97,18.98,18.95,18.98,3423
2026-09-17T07:42:00.000Z,2026-09-17T10:42:00,18.98,18.98,18.97,18.97,2161
2026-09-17T07:43:00.000Z,2026-09-17T10:43:00,18.97,18.98,18.97,18.98,1082
2026-09-17T07:44:00.000Z,2026-09-17T10:44:00,18.98,18.98,18.96,18.96,478
2026-09-17T07:45:00.000Z,2026-09-17T10:45:00,18.98,18.98,18.96,18.96,643
2026-09-17T07:46:00.000Z,2026-09-17T10:46:00,18.96,18.98,18.96,18.98,2002
2026-09-17T07:47:00.000Z,2026-09-17T10:47:00,18.96,18.98,18.96,18.98,5308
2026-09-17T07:48:00.000Z,2026-09-17T10:48:00,18.96,18.96,18.96,18.96,726
2026-09-17T07:49:00.000Z,2026-09-17T10:49:00,18.95,18.96,18.95,18.95,11198
2026-09-17T07:50:00.000Z,2026-09-17T10:50:00,18.96,18.96,18.95,18.95,5869
2026-09-17T07:51:00.000Z,2026-09-17T10:51:00,18.98,18.98,18.98,18.98,1813
2026-09-17T07:52:00.000Z,2026-09-17T10:52:00,18.99,18.99,18.97,18.97,5314
2026-09-17T07:53:00.000Z,2026-09-17T10:53:00,18.97,18.99,18.97,18.99,6035
2026-09-17T07:54:00.000Z,2026-09-17T10:54:00,18.98,18.99,18.98,18.99,70
2026-09-17T07:55:00.000Z,2026-09-17T10:55:00,18.98,18.98,18.98,18.98,2758
2026-09-17T07:56:00.000Z,2026-09-17T10:56:00,18.97,18.99,18.97,18.99,3383
2026-09-17T07:57:00.000Z,2026-09-17T10:57:00,18.99,18.99,18.99,18.99,500
2026-09-17T07:58:00.000Z,2026-09-17T10:58:00,18.99,18.99,18.97,18.97,8598
2026-09-17T07:59:00.000Z,2026-09-17T10:59:00,18.96,18.96,18.95,18.95,9120
2026-09-17T08:00:00.000Z,2026-09-17T11:00:00,18.95,18.98,18.95,18.95,38
2026-09-17T08:01:00.000Z,2026-09-17T11:01:00,18.95,18.97,18.94,18.97,1274
2026-09-17T08:02:00.000Z,2026-09-17T11:02:00,18.94,18.96,18.94,18.94,92
2026-09-17T08:03:00.000Z,2026-09-17T11:03:00,18.94,18.94,18.94,18.94,5
2026-09-17T08:05:00.000Z,2026-09-17T11:05:00,18.94,18.94,18.94,18.94,29
2026-09-17T08:06:00.000Z,2026-09-17T11:06:00,18.94,18.96,18.94,18.96,120
2026-09-17T08:07:00.000Z,2026-09-17T11:07:00,18.94,18.94,18.94,18.94,308
2026-09-17T08:08:00.000Z,2026-09-17T11:08:00,18.94,18.94,18.94,18.94,2710
2026-09-17T08:09:00.000Z,2026-09-17T11:09:00,18.94,18.94,18.94,18.94,929
2026-09-17T08:10:00.000Z,2026-09-17T11:10:00,18.93,18.94,18.93,18.94,1630
2026-09-17T08:11:00.000Z,2026-09-17T11:11:00,18.94,18.94,18.93,18.93,25
2026-09-17T08:12:00.000Z,2026-09-17T11:12:00,18.93,18.94,18.93,18.94,30
2026-09-17T08:13:00.000Z,2026-09-17T11:13:00,18.93,18.94,18.91,18.94,1262
2026-09-17T08:14:00.000Z,2026-09-17T11:14:00,18.94,18.94,18.9,18.9,18856
2026-09-17T08:15:00.000Z,2026-09-17T11:15:00,18.9,18.9,18.9,18.9,1088
2026-09-17T08:16:00.000Z,2026-09-17T11:16:00,18.9,18.9,18.89,18.89,2668
2026-09-17T08:17:00.000Z,2026-09-17T11:17:00,18.9,18.9,18.89,18.9,13433
2026-09-17T08:18:00.000Z,2026-09-17T11:18:00,18.9,18.9,18.89,18.9,8687
2026-09-17T08:19:00.000Z,2026-09-17T11:19:00,18.94,18.95,18.91,18.91,620
2026-09-17T08:20:00.000Z,2026-09-17T11:20:00,18.94,18.95,18.94,18.95,5326
2026-09-17T08:21:00.000Z,2026-09-17T11:21:00,18.95,18.95,18.93,18.93,136
2026-09-17T08:22:00.000Z,2026-09-17T11:22:00,18.94,18.95,18.93,18.93,14831
2026-09-17T08:23:00.000Z,2026-09-17T11:23:00,18.93,18.95,18.93,18.93,1996
2026-09-17T08:24:00.000Z,2026-09-17T11:24:00,18.93,18.93,18.9,18.9,15052
2026-09-17T08:25:00.000Z,2026-09-17T11:25:00,18.95,18.95,18.9,18.9,530
2026-09-17T08:26:00.000Z,2026-09-17T11:26:00,18.91,18.91,18.89,18.89,11749
2026-09-17T08:27:00.000Z,2026-09-17T11:27:00,18.88,18.9,18.86,18.86,11270
2026-09-17T08:28:00.000Z,2026-09-17T11:28:00,18.86,18.86,18.86,18.86,12
2026-09-17T08:29:00.000Z,2026-09-17T11:29:00,18.9,18.9,18.88,18.88,5009
2026-09-17T08:30:00.000Z,2026-09-17T11:30:00,18.9,18.9,18.9,18.9,274
2026-09-17T08:31:00.000Z,2026-09-17T11:31:00,18.9,18.9,18.89,18.9,505
2026-09-17T08:32:00.000Z,2026-09-17T11:32:00,18.89,18.9,18.88,18.89,16958
2026-09-17T08:33:00.000Z,2026-09-17T11:33:00,18.89,18.89,18.85,18.85,23407
2026-09-17T08:34:00.000Z,2026-09-17T11:34:00,18.85,18.86,18.85,18.85,3979
2026-09-17T08:35:00.000Z,2026-09-17T11:35:00,18.85,18.89,18.85,18.89,2147
2026-09-17T08:36:00.000Z,2026-09-17T11:36:00,18.89,18.89,18.89,18.89,1218
2026-09-17T08:37:00.000Z,2026-09-17T11:37:00,18.89,18.89,18.89,18.89,302
2026-09-17T08:38:00.000Z,2026-09-17T11:38:00,18.89,18.9,18.89,18.9,1972
2026-09-17T08:39:00.000Z,2026-09-17T11:39:00,18.9,18.9,18.9,18.9,3660
2026-09-17T08:40:00.000Z,2026-09-17T11:40:00,18.89,18.9,18.89,18.9,5050
2026-09-17T08:41:00.000Z,2026-09-17T11:41:00,18.93,18.93,18.93,18.93,213
2026-09-17T08:42:00.000Z,2026-09-17T11:42:00,18.93,18.93,18.9,18.9,5161
2026-09-17T08:43:00.000Z,2026-09-17T11:43:00,18.9,18.9,18.9,18.9,10083
2026-09-17T08:44:00.000Z,2026-09-17T11:44:00,18.9,18.9,18.9,18.9,250
2026-09-17T08:45:00.000Z,2026-09-17T11:45:00,18.9,18.9,18.9,18.9,5
2026-09-17T08:46:00.000Z,2026-09-17T11:46:00,18.9,18.9,18.89,18.89,1257
2026-09-17T08:47:00.000Z,2026-09-17T11:47:00,18.9,18.9,18.89,18.89,353
2026-09-17T08:48:00.000Z,2026-09-17T11:48:00,18.9,18.9,18.85,18.85,9260
2026-09-17T08:49:00.000Z,2026-09-17T11:49:00,18.85,18.9,18.85,18.9,1481
2026-09-17T08:50:00.000Z,2026-09-17T11:50:00,18.9,18.9,18.9,18.9,265
2026-09-17T08:51:00.000Z,2026-09-17T11:51:00,18.9,18.9,18.9,18.9,5075
2026-09-17T08:52:00.000Z,2026-09-17T11:52:00,18.9,18.9,18.9,18.9,54
2026-09-17T08:54:00.000Z,2026-09-17T11:54:00,18.88,18.9,18.88,18.9,85
2026-09-17T08:55:00.000Z,2026-09-17T11:55:00,18.9,18.9,18.9,18.9,13
2026-09-17T08:56:00.000Z,2026-09-17T11:56:00,18.88,18.93,18.88,18.93,636
2026-09-17T08:57:00.000Z,2026-09-17T11:57:00,18.9,18.93,18.9,18.93,267
2026-09-17T08:58:00.000Z,2026-09-17T11:58:00,18.93,18.93,18.9,18.9,3206
2026-09-17T08:59:00.000Z,2026-09-17T11:59:00,18.93,18.94,18.93,18.94,1125
2026-09-17T09:00:00.000Z,2026-09-17T12:00:00,18.9,18.94,18.88,18.9,1365
2026-09-17T09:01:00.000Z,2026-09-17T12:01:00,18.9,18.9,18.9,18.9,62
2026-09-17T09:02:00.000Z,2026-09-17T12:02:00,18.9,18.9,18.9,18.9,5443
2026-09-17T09:05:00.000Z,2026-09-17T12:05:00,18.9,18.9,18.9,18.9,437
2026-09-17T09:06:00.000Z,2026-09-17T12:06:00,18.9,18.9,18.9,18.9,150
2026-09-17T09:07:00.000Z,2026-09-17T12:07:00,18.9,18.9,18.88,18.9,9936
2026-09-17T09:08:00.000Z,2026-09-17T12:08:00,18.9,18.9,18.88,18.88,11307
2026-09-17T09:09:00.000Z,2026-09-17T12:09:00,18.88,18.88,18.88,18.88,3838
2026-09-17T09:10:00.000Z,2026-09-17T12:10:00,18.9,18.9,18.85,18.85,30122
2026-09-17T09:11:00.000Z,2026-09-17T12:11:00,18.89,18.89,18.89,18.89,2
2026-09-17T09:12:00.000Z,2026-09-17T12:12:00,18.89,18.89,18.86,18.89,165
2026-09-17T09:13:00.000Z,2026-09-17T12:13:00,18.89,18.89,18.85,18.89,50646
2026-09-17T09:14:00.000Z,2026-09-17T12:14:00,18.9,18.9,18.87,18.87,8540
2026-09-17T09:15:00.000Z,2026-09-17T12:15:00,18.87,18.87,18.87,18.87,6672
2026-09-17T09:16:00.000Z,2026-09-17T12:16:00,18.87,18.9,18.87,18.9,320
2026-09-17T09:17:00.000Z,2026-09-17T12:17:00,18.87,18.9,18.87,18.9,1087
2026-09-17T09:18:00.000Z,2026-09-17T12:18:00,18.87,18.9,18.87,18.9,1058
2026-09-17T09:20:00.000Z,2026-09-17T12:20:00,18.89,18.89,18.89,18.89,26
2026-09-17T09:21:00.000Z,2026-09-17T12:21:00,18.89,18.9,18.89,18.9,5871
2026-09-17T09:22:00.000Z,2026-09-17T12:22:00,18.9,18.9,18.88,18.88,3186
2026-09-17T09:23:00.000Z,2026-09-17T12:23:00,18.9,18.9,18.9,18.9,1589
2026-09-17T09:24:00.000Z,2026-09-17T12:24:00,18.93,18.93,18.93,18.93,2
2026-09-17T09:25:00.000Z,2026-09-17T12:25:00,18.93,18.93,18.93,18.93,182
2026-09-17T09:26:00.000Z,2026-09-17T12:26:00,18.93,18.93,18.93,18.93,3
2026-09-17T09:28:00.000Z,2026-09-17T12:28:00,18.93,18.93,18.93,18.93,166
2026-09-17T09:29:00.000Z,2026-09-17T12:29:00,18.93,18.93,18.93,18.93,1262
2026-09-17T09:31:00.000Z,2026-09-17T12:31:00,18.93,18.93,18.93,18.93,5
2026-09-17T09:32:00.000Z,2026-09-17T12:32:00,18.91,18.93,18.91,18.93,5488
2026-09-17T09:33:00.000Z,2026-09-17T12:33:00,18.91,18.91,18.91,18.91,163
2026-09-17T09:34:00.000Z,2026-09-17T12:34:00,18.91,18.93,18.91,18.93,2503
2026-09-17T09:35:00.000Z,2026-09-17T12:35:00,18.93,18.93,18.91,18.91,2486
2026-09-17T09:36:00.000Z,2026-09-17T12:36:00,18.91,18.93,18.91,18.93,9913
2026-09-17T09:37:00.000Z,2026-09-17T12:37:00,18.91,18.93,18.91,18.92,9733
2026-09-17T09:38:00.000Z,2026-09-17T12:38:00,18.93,18.93,18.93,18.93,1589
2026-09-17T09:39:00.000Z,2026-09-17T12:39:00,18.93,18.93,18.91,18.91,465
2026-09-17T09:40:00.000Z,2026-09-17T12:40:00,18.92,18.92,18.92,18.92,3846
2026-09-17T09:41:00.000Z,2026-09-17T12:41:00,18.91,18.93,18.9,18.93,5739
2026-09-17T09:42:00.000Z,2026-09-17T12:42:00,18.93,18.93,18.92,18.92,311
2026-09-17T09:44:00.000Z,2026-09-17T12:44:00,18.9,18.91,18.9,18.91,2858
2026-09-17T09:45:00.000Z,2026-09-17T12:45:00,18.9,18.92,18.9,18.9,296
2026-09-17T09:46:00.000Z,2026-09-17T12:46:00,18.92,18.92,18.92,18.92,1496
2026-09-17T09:47:00.000Z,2026-09-17T12:47:00,18.91,18.91,18.91,18.91,2306
2026-09-17T09:48:00.000Z,2026-09-17T12:48:00,18.92,18.92,18.92,18.92,4296
2026-09-17T09:49:00.000Z,2026-09-17T12:49:00,18.92,18.92,18.92,18.92,5998
2026-09-17T09:50:00.000Z,2026-09-17T12:50:00,18.93,18.93,18.93,18.93,2325
2026-09-17T09:51:00.000Z,2026-09-17T12:51:00,18.92,18.93,18.9,18.9,103928
2026-09-17T09:52:00.000Z,2026-09-17T12:52:00,18.92,19,18.9,19,177517
2026-09-17T09:53:00.000Z,2026-09-17T12:53:00,19,19.03,18.98,19.03,50704
2026-09-17T09:54:00.000Z,2026-09-17T12:54:00,19.01,19.01,19.01,19.01,2223
2026-09-17T09:55:00.000Z,2026-09-17T12:55:00,19.02,19.2,19,19.06,370574
2026-09-17T09:56:00.000Z,2026-09-17T12:56:00,19.01,19.06,18.9,19.03,1100829
2026-09-17T09:57:00.000Z,2026-09-17T12:57:00,19,19,19,19,3670
2026-09-17T09:58:00.000Z,2026-09-17T12:58:00,19.03,19.03,19,19.02,11248
2026-09-17T09:59:00.000Z,2026-09-17T12:59:00,19,19.03,19,19.01,10520
2026-09-17T10:00:00.000Z,2026-09-17T13:00:00,19.01,19.06,19.01,19.06,3615
2026-09-17T10:01:00.000Z,2026-09-17T13:01:00,19.05,19.05,19.02,19.02,2632
2026-09-17T10:02:00.000Z,2026-09-17T13:02:00,19.04,19.05,19.02,19.05,594
2026-09-17T10:03:00.000Z,2026-09-17T13:03:00,19.05,19.05,19.02,19.02,2398
2026-09-17T10:04:00.000Z,2026-09-17T13:04:00,19.03,19.03,19,19,15000
2026-09-17T10:05:00.000Z,2026-09-17T13:05:00,19.02,19.02,19.02,19.02,2114
2026-09-17T10:06:00.000Z,2026-09-17T13:06:00,19.05,19.05,19.03,19.03,465
2026-09-17T10:07:00.000Z,2026-09-17T13:07:00,19.03,19.03,19.02,19.02,2584
2026-09-17T10:09:00.000Z,2026-09-17T13:09:00,19.02,19.02,19,19,100525
2026-09-17T10:10:00.000Z,2026-09-17T13:10:00,19,19,19,19,1580
2026-09-17T10:11:00.000Z,2026-09-17T13:11:00,19.05,19.05,19.05,19.05,9531
2026-09-17T10:12:00.000Z,2026-09-17T13:12:00,19.04,19.04,19,19,150
2026-09-17T10:13:00.000Z,2026-09-17T13:13:00,19.01,19.01,19.01,19.01,2486
2026-09-17T10:14:00.000Z,2026-09-17T13:14:00,19.01,19.03,19.01,19.03,56
2026-09-17T10:15:00.000Z,2026-09-17T13:15:00,19.02,19.02,19.02,19.02,220
2026-09-17T10:16:00.000Z,2026-09-17T13:16:00,19.02,19.02,19.02,19.02,846
2026-09-17T10:17:00.000Z,2026-09-17T13:17:00,19.02,19.02,19.02,19.02,106
2026-09-17T10:18:00.000Z,2026-09-17T13:18:00,19.02,19.03,19.02,19.03,647
2026-09-17T10:19:00.000Z,2026-09-17T13:19:00,19.02,19.03,19,19.03,12772
2026-09-17T10:20:00.000Z,2026-09-17T13:20:00,19.03,19.03,19.01,19.03,7162
2026-09-17T10:21:00.000Z,2026-09-17T13:21:00,19.01,19.04,19.01,19.04,12720
2026-09-17T10:22:00.000Z,2026-09-17T13:22:00,19.04,19.05,19.04,19.05,1838
2026-09-17T10:23:00.000Z,2026-09-17T13:23:00,19.05,19.05,19.05,19.05,608
2026-09-17T10:24:00.000Z,2026-09-17T13:24:00,19.05,19.05,19.05,19.05,2737
2026-09-17T10:25:00.000Z,2026-09-17T13:25:00,19.04,19.05,19.03,19.05,3815
2026-09-17T10:26:00.000Z,2026-09-17T13:26:00,19.05,19.05,19.01,19.01,1155
2026-09-17T10:27:00.000Z,2026-09-17T13:27:00,19.01,19.01,19.01,19.01,403
2026-09-17T10:28:00.000Z,2026-09-17T13:28:00,19.05,19.05,19.05,19.05,192
2026-09-17T10:29:00.000Z,2026-09-17T13:29:00,19.04,19.04,19.04,19.04,55
2026-09-17T10:30:00.000Z,2026-09-17T13:30:00,19.02,19.02,18.92,18.92,41000
2026-09-17T10:31:00.000Z,2026-09-17T13:31:00,19.04,19.04,19,19,26345
2026-09-17T10:32:00.000Z,2026-09-17T13:32:00,19,19.05,19,19.05,1080
2026-09-17T10:33:00.000Z,2026-09-17T13:33:00,19,19.04,19,19,3072
2026-09-17T10:34:00.000Z,2026-09-17T13:34:00,19.04,19.05,19,19,31376
2026-09-17T10:35:00.000Z,2026-09-17T13:35:00,19,19,19,19,6208
2026-09-17T10:36:00.000Z,2026-09-17T13:36:00,19,19.05,19,19.05,1055
2026-09-17T10:37:00.000Z,2026-09-17T13:37:00,19.01,19.05,19.01,19.05,11216
2026-09-17T10:38:00.000Z,2026-09-17T13:38:00,19.05,19.06,19,19,68303
2026-09-17T10:39:00.000Z,2026-09-17T13:39:00,19.05,19.05,19,19,52425
2026-09-17T10:40:00.000Z,2026-09-17T13:40:00,19,19.04,19,19.04,22089
2026-09-17T10:41:00.000Z,2026-09-17T13:41:00,19.04,19.04,19,19.04,27791
2026-09-17T10:42:00.000Z,2026-09-17T13:42:00,19.04,19.04,19,19,30038
2026-09-17T10:43:00.000Z,2026-09-17T13:43:00,19.01,19.04,19,19,83105
2026-09-17T10:44:00.000Z,2026-09-17T13:44:00,19,19,19,19,75000
2026-09-17T10:45:00.000Z,2026-09-17T13:45:00,19,19,18.99,18.99,3052
2026-09-17T10:46:00.000Z,2026-09-17T13:46:00,18.99,18.99,18.99,18.99,302
2026-09-17T10:47:00.000Z,2026-09-17T13:47:00,19.04,19.04,19,19,17
2026-09-17T10:48:00.000Z,2026-09-17T13:48:00,19,19.04,19,19.04,73605
2026-09-17T10:49:00.000Z,2026-09-17T13:49:00,19,19,19,19,21053
2026-09-17T10:50:00.000Z,2026-09-17T13:50:00,19,19.04,19,19,81081
2026-09-17T10:51:00.000Z,2026-09-17T13:51:00,19.04,19.09,19,19,120757
2026-09-17T10:52:00.000Z,2026-09-17T13:52:00,19,19.08,19,19.08,33398
2026-09-17T10:53:00.000Z,2026-09-17T13:53:00,19.07,19.07,19,19,45233
2026-09-17T10:54:00.000Z,2026-09-17T13:54:00,19,19.06,19,19,21459
2026-09-17T10:55:00.000Z,2026-09-17T13:55:00,19,19,18.99,18.99,1048
2026-09-17T10:56:00.000Z,2026-09-17T13:56:00,19,19,19,19,102000
2026-09-17T10:57:00.000Z,2026-09-17T13:57:00,19,19.05,19,19,41071
2026-09-17T10:58:00.000Z,2026-09-17T13:58:00,19,19.05,19,19,54504
2026-09-17T10:59:00.000Z,2026-09-17T13:59:00,19,19,19,19,30212
2026-09-17T11:00:00.000Z,2026-09-17T14:00:00,19,19,18.98,18.98,19381
2026-09-17T11:01:00.000Z,2026-09-17T14:01:00,18.98,19,18.95,19,7256
2026-09-17T11:02:00.000Z,2026-09-17T14:02:00,19,19.05,19,19,13244
2026-09-17T11:03:00.000Z,2026-09-17T14:03:00,19.04,19.04,18.99,19.04,4865
2026-09-17T11:04:00.000Z,2026-09-17T14:04:00,19.04,19.04,19,19,248
2026-09-17T11:05:00.000Z,2026-09-17T14:05:00,19,19.04,19,19,72023
2026-09-17T11:06:00.000Z,2026-09-17T14:06:00,19,19.04,18.93,18.93,33253
2026-09-17T11:08:00.000Z,2026-09-17T14:08:00,19,19,18.97,18.97,1597
2026-09-17T11:09:00.000Z,2026-09-17T14:09:00,19,19.02,19,19.02,6028
2026-09-17T11:10:00.000Z,2026-09-17T14:10:00,19,19.04,18.97,18.97,56360
2026-09-17T11:11:00.000Z,2026-09-17T14:11:00,19,19,18.95,19,24441
2026-09-17T11:12:00.000Z,2026-09-17T14:12:00,19,19,19,19,547
2026-09-17T11:13:00.000Z,2026-09-17T14:13:00,18.96,19.04,18.9,19,244107
2026-09-17T11:14:00.000Z,2026-09-17T14:14:00,19.03,19.03,19,19.03,60066
2026-09-17T11:25:00.000Z,2026-09-17T14:25:00,18.95,18.95,18.95,18.95,3331933
2026-09-17T11:26:00.000Z,2026-09-17T14:26:00,18.95,18.95,18.95,18.95,58050
2026-09-17T11:27:00.000Z,2026-09-17T14:27:00,18.95,18.95,18.95,18.95,29204
2026-09-17T11:28:00.000Z,2026-09-17T14:28:00,18.95,18.95,18.95,18.95,23767
2026-09-17T11:29:00.000Z,2026-09-17T14:29:00,18.95,18.95,18.95,18.95,92187
2026-09-20T07:00:00.000Z,2026-09-20T10:00:00,19,19,18.96,19,8440
2026-09-20T07:01:00.000Z,2026-09-20T10:01:00,18.97,19,18.97,18.98,242
2026-09-20T07:02:00.000Z,2026-09-20T10:02:00,18.98,18.98,18.95,18.97,17416
2026-09-20T07:03:00.000Z,2026-09-20T10:03:00,18.97,18.97,18.95,18.97,6348
2026-09-20T07:04:00.000Z,2026-09-20T10:04:00,18.95,18.99,18.95,18.99,5316
2026-09-20T07:05:00.000Z,2026-09-20T10:05:00,18.99,18.99,18.97,18.99,10938
2026-09-20T07:06:00.000Z,2026-09-20T10:06:00,18.99,18.99,18.97,18.97,10107
2026-09-20T07:07:00.000Z,2026-09-20T10:07:00,18.99,18.99,18.98,18.98,1194
2026-09-20T07:08:00.000Z,2026-09-20T10:08:00,18.97,18.97,18.96,18.96,11181
2026-09-20T07:09:00.000Z,2026-09-20T10:09:00,18.97,18.97,18.96,18.97,3183
2026-09-20T07:10:00.000Z,2026-09-20T10:10:00,18.96,18.97,18.96,18.96,20153
2026-09-20T07:11:00.000Z,2026-09-20T10:11:00,18.96,18.96,18.95,18.95,4637
2026-09-20T07:12:00.000Z,2026-09-20T10:12:00,18.96,18.96,18.95,18.95,7352
2026-09-20T07:13:00.000Z,2026-09-20T10:13:00,18.95,18.95,18.95,18.95,8072
2026-09-20T07:14:00.000Z,2026-09-20T10:14:00,18.96,18.96,18.95,18.96,5832
2026-09-20T07:15:00.000Z,2026-09-20T10:15:00,18.96,18.96,18.96,18.96,7175
2026-09-20T07:16:00.000Z,2026-09-20T10:16:00,18.96,18.98,18.96,18.98,1759
2026-09-20T07:17:00.000Z,2026-09-20T10:17:00,18.98,19.05,18.97,19.05,34290
2026-09-20T07:18:00.000Z,2026-09-20T10:18:00,19,19.15,19,19.15,19802
2026-09-20T07:19:00.000Z,2026-09-20T10:19:00,19.15,19.15,19.05,19.05,12357
2026-09-20T07:20:00.000Z,2026-09-20T10:20:00,19.05,19.14,19.05,19.14,2111
2026-09-20T07:21:00.000Z,2026-09-20T10:21:00,19.13,19.13,19.1,19.1,561
2026-09-20T07:22:00.000Z,2026-09-20T10:22:00,19.1,19.1,19.05,19.05,7905
2026-09-20T07:23:00.000Z,2026-09-20T10:23:00,19.05,19.08,19.05,19.08,1482
2026-09-20T07:24:00.000Z,2026-09-20T10:24:00,19.07,19.07,19.07,19.07,12742
2026-09-20T07:25:00.000Z,2026-09-20T10:25:00,19.06,19.06,19.05,19.06,908
2026-09-20T07:26:00.000Z,2026-09-20T10:26:00,19.06,19.06,19.04,19.06,22942
2026-09-20T07:27:00.000Z,2026-09-20T10:27:00,19.05,19.06,19.03,19.03,30093
2026-09-20T07:28:00.000Z,2026-09-20T10:28:00,19.02,19.02,19.01,19.01,5367
2026-09-20T07:29:00.000Z,2026-09-20T10:29:00,19.01,19.01,19,19,22120
2026-09-20T07:30:00.000Z,2026-09-20T10:30:00,19,19,18.97,18.97,7205
2026-09-20T07:31:00.000Z,2026-09-20T10:31:00,18.97,18.99,18.97,18.99,2263
2026-09-20T07:32:00.000Z,2026-09-20T10:32:00,18.99,19,18.98,18.98,6119
2026-09-20T07:33:00.000Z,2026-09-20T10:33:00,19,19,19,19,9197
2026-09-20T07:34:00.000Z,2026-09-20T10:34:00,19,19.01,19,19.01,1578
2026-09-20T07:35:00.000Z,2026-09-20T10:35:00,19.03,19.03,19.03,19.03,300
2026-09-20T07:36:00.000Z,2026-09-20T10:36:00,19.01,19.03,19,19.03,1660
2026-09-20T07:37:00.000Z,2026-09-20T10:37:00,19.03,19.05,19.03,19.05,1909
2026-09-20T07:38:00.000Z,2026-09-20T10:38:00,19.05,19.05,19.05,19.05,787
2026-09-20T07:39:00.000Z,2026-09-20T10:39:00,19.03,19.05,19.03,19.04,780
2026-09-20T07:40:00.000Z,2026-09-20T10:40:00,19.03,19.04,19.03,19.04,1212
2026-09-20T07:41:00.000Z,2026-09-20T10:41:00,19.04,19.04,19.01,19.04,8838
2026-09-20T07:42:00.000Z,2026-09-20T10:42:00,19.05,19.05,19.01,19.01,3349
2026-09-20T07:43:00.000Z,2026-09-20T10:43:00,19.01,19.01,19.01,19.01,2
2026-09-20T07:44:00.000Z,2026-09-20T10:44:00,19.05,19.05,19.01,19.05,2385
2026-09-20T07:45:00.000Z,2026-09-20T10:45:00,19.02,19.05,19.01,19.05,16931
2026-09-20T07:46:00.000Z,2026-09-20T10:46:00,19.06,19.06,19.01,19.01,156
2026-09-20T07:47:00.000Z,2026-09-20T10:47:00,19.01,19.05,19.01,19.05,114894
2026-09-20T07:48:00.000Z,2026-09-20T10:48:00,19.06,19.06,19.03,19.03,27
2026-09-20T07:49:00.000Z,2026-09-20T10:49:00,19.03,19.03,19.02,19.02,5608
2026-09-20T07:50:00.000Z,2026-09-20T10:50:00,19.02,19.03,19,19,17308
2026-09-20T07:51:00.000Z,2026-09-20T10:51:00,19,19.05,19,19.05,941
2026-09-20T07:52:00.000Z,2026-09-20T10:52:00,19.05,19.05,19.05,19.05,5
2026-09-20T07:53:00.000Z,2026-09-20T10:53:00,19.01,19.04,19,19.04,9650
2026-09-20T07:54:00.000Z,2026-09-20T10:54:00,19,19,19,19,524
2026-09-20T07:55:00.000Z,2026-09-20T10:55:00,19,19.05,19,19.05,2968
2026-09-20T07:56:00.000Z,2026-09-20T10:56:00,19.05,19.05,19,19.05,8450
2026-09-20T07:57:00.000Z,2026-09-20T10:57:00,19.05,19.05,19,19,9218
2026-09-20T07:58:00.000Z,2026-09-20T10:58:00,19,19,19,19,1138
2026-09-20T07:59:00.000Z,2026-09-20T10:59:00,19.05,19.05,19.04,19.04,1256
2026-09-20T08:00:00.000Z,2026-09-20T11:00:00,19.04,19.05,19,19,1048
2026-09-20T08:01:00.000Z,2026-09-20T11:01:00,19.05,19.05,19.05,19.05,275
2026-09-20T08:02:00.000Z,2026-09-20T11:02:00,19.01,19.01,19.01,19.01,43
2026-09-20T08:03:00.000Z,2026-09-20T11:03:00,19,19.05,19,19,2471
2026-09-20T08:04:00.000Z,2026-09-20T11:04:00,19.05,19.05,19,19.05,9236
2026-09-20T08:05:00.000Z,2026-09-20T11:05:00,19.05,19.05,19.05,19.05,1368
2026-09-20T08:06:00.000Z,2026-09-20T11:06:00,19.05,19.05,19.01,19.05,2067
2026-09-20T08:07:00.000Z,2026-09-20T11:07:00,19.03,19.05,19.01,19.01,3296
2026-09-20T08:08:00.000Z,2026-09-20T11:08:00,19.03,19.03,19.03,19.03,1068
2026-09-20T08:09:00.000Z,2026-09-20T11:09:00,19.04,19.04,19.04,19.04,71
2026-09-20T08:10:00.000Z,2026-09-20T11:10:00,19.04,19.04,19.04,19.04,65
2026-09-20T08:11:00.000Z,2026-09-20T11:11:00,19.04,19.04,19,19,23131
2026-09-20T08:12:00.000Z,2026-09-20T11:12:00,19.04,19.04,19,19,5390
2026-09-20T08:13:00.000Z,2026-09-20T11:13:00,19,19.04,19,19.04,627
2026-09-20T08:14:00.000Z,2026-09-20T11:14:00,19.04,19.04,19,19,2177
2026-09-20T08:15:00.000Z,2026-09-20T11:15:00,19,19.04,19,19.04,1022
2026-09-20T08:16:00.000Z,2026-09-20T11:16:00,19.04,19.04,18.99,19.04,3242
2026-09-20T08:17:00.000Z,2026-09-20T11:17:00,19.04,19.04,19,19,61450
2026-09-20T08:18:00.000Z,2026-09-20T11:18:00,19,19.03,19,19.03,3087
2026-09-20T08:19:00.000Z,2026-09-20T11:19:00,19,19.03,19,19.03,153
2026-09-20T08:20:00.000Z,2026-09-20T11:20:00,19,19.03,19,19,1746
2026-09-20T08:21:00.000Z,2026-09-20T11:21:00,19,19,19,19,150
2026-09-20T08:22:00.000Z,2026-09-20T11:22:00,19.03,19.03,19.03,19.03,1609
2026-09-20T08:23:00.000Z,2026-09-20T11:23:00,19.03,19.03,19,19,2996
2026-09-20T08:24:00.000Z,2026-09-20T11:24:00,19,19.02,18.99,18.99,2639
2026-09-20T08:25:00.000Z,2026-09-20T11:25:00,18.99,18.99,18.98,18.98,13016
2026-09-20T08:26:00.000Z,2026-09-20T11:26:00,18.99,18.99,18.98,18.98,2244
2026-09-20T08:27:00.000Z,2026-09-20T11:27:00,18.98,18.99,18.98,18.99,7577
2026-09-20T08:28:00.000Z,2026-09-20T11:28:00,18.98,19,18.96,18.96,13198
2026-09-20T08:29:00.000Z,2026-09-20T11:29:00,19,19,19,19,1485
2026-09-20T08:30:00.000Z,2026-09-20T11:30:00,19,19,18.96,18.96,1080
2026-09-20T08:32:00.000Z,2026-09-20T11:32:00,18.96,19,18.96,19,558
2026-09-20T08:33:00.000Z,2026-09-20T11:33:00,19,19,18.96,18.97,1170
2026-09-20T08:34:00.000Z,2026-09-20T11:34:00,19,19,19,19,432
2026-09-20T08:35:00.000Z,2026-09-20T11:35:00,18.98,19,18.98,19,5938
2026-09-20T08:36:00.000Z,2026-09-20T11:36:00,19,19,18.97,19,20717
2026-09-20T08:37:00.000Z,2026-09-20T11:37:00,19,19,19,19,22256
2026-09-20T08:38:00.000Z,2026-09-20T11:38:00,19.01,19.01,19.01,19.01,26
2026-09-20T08:39:00.000Z,2026-09-20T11:39:00,19.01,19.01,19,19,6
2026-09-20T08:40:00.000Z,2026-09-20T11:40:00,19,19.01,19,19.01,41
2026-09-20T08:41:00.000Z,2026-09-20T11:41:00,19.01,19.01,19.01,19.01,219
2026-09-20T08:42:00.000Z,2026-09-20T11:42:00,19.01,19.01,19,19.01,321
2026-09-20T08:43:00.000Z,2026-09-20T11:43:00,19,19.01,19,19.01,4979
2026-09-20T08:44:00.000Z,2026-09-20T11:44:00,19,19.01,19,19,627
2026-09-20T08:45:00.000Z,2026-09-20T11:45:00,19,19.01,19,19.01,328
2026-09-20T08:46:00.000Z,2026-09-20T11:46:00,19,19.01,19,19.01,194
2026-09-20T08:47:00.000Z,2026-09-20T11:47:00,19.01,19.02,19,19,1634
2026-09-20T08:48:00.000Z,2026-09-20T11:48:00,19,19.01,19,19,14
2026-09-20T08:49:00.000Z,2026-09-20T11:49:00,19.01,19.01,19,19,12355
2026-09-20T08:50:00.000Z,2026-09-20T11:50:00,18.99,18.99,18.96,18.96,5000
2026-09-20T08:51:00.000Z,2026-09-20T11:51:00,19,19,19,19,277
2026-09-20T08:52:00.000Z,2026-09-20T11:52:00,19,19,19,19,60000
2026-09-20T08:53:00.000Z,2026-09-20T11:53:00,19,19,19,19,23080
2026-09-20T08:54:00.000Z,2026-09-20T11:54:00,19,19,19,19,823
2026-09-20T08:55:00.000Z,2026-09-20T11:55:00,18.99,18.99,18.99,18.99,9
2026-09-20T08:56:00.000Z,2026-09-20T11:56:00,18.99,18.99,18.99,18.99,1500
2026-09-20T08:57:00.000Z,2026-09-20T11:57:00,18.97,18.99,18.96,18.99,11115
2026-09-20T08:59:00.000Z,2026-09-20T11:59:00,18.96,18.98,18.96,18.98,410
2026-09-20T09:00:00.000Z,2026-09-20T12:00:00,18.98,18.98,18.96,18.96,4943
2026-09-20T09:01:00.000Z,2026-09-20T12:01:00,18.97,18.97,18.95,18.95,8012
2026-09-20T09:02:00.000Z,2026-09-20T12:02:00,18.95,18.98,18.95,18.98,5158
2026-09-20T09:03:00.000Z,2026-09-20T12:03:00,18.98,18.98,18.98,18.98,4243
2026-09-20T09:04:00.000Z,2026-09-20T12:04:00,18.99,18.99,18.98,18.98,2800
2026-09-20T09:05:00.000Z,2026-09-20T12:05:00,18.98,19,18.98,19,51225
2026-09-20T09:06:00.000Z,2026-09-20T12:06:00,18.97,19,18.97,19,2150
2026-09-20T09:07:00.000Z,2026-09-20T12:07:00,19,19,19,19,51
2026-09-20T09:08:00.000Z,2026-09-20T12:08:00,19,19,19,19,78
2026-09-20T09:10:00.000Z,2026-09-20T12:10:00,18.99,18.99,18.99,18.99,472
2026-09-20T09:11:00.000Z,2026-09-20T12:11:00,18.99,19,18.99,18.99,2101
2026-09-20T09:12:00.000Z,2026-09-20T12:12:00,19,19,19,19,1025
2026-09-20T09:13:00.000Z,2026-09-20T12:13:00,18.99,18.99,18.96,18.96,15000
2026-09-20T09:14:00.000Z,2026-09-20T12:14:00,19,19,18.99,18.99,2709
2026-09-20T09:15:00.000Z,2026-09-20T12:15:00,18.99,18.99,18.99,18.99,2400
2026-09-20T09:16:00.000Z,2026-09-20T12:16:00,19,19,18.99,18.99,1909
2026-09-20T09:17:00.000Z,2026-09-20T12:17:00,19,19,18.99,18.99,3008
2026-09-20T09:18:00.000Z,2026-09-20T12:18:00,18.99,19,18.99,19,298
2026-09-20T09:19:00.000Z,2026-09-20T12:19:00,19,19,19,19,40
2026-09-20T09:20:00.000Z,2026-09-20T12:20:00,19,19,19,19,158
2026-09-20T09:21:00.000Z,2026-09-20T12:21:00,18.99,18.99,18.99,18.99,10128
2026-09-20T09:22:00.000Z,2026-09-20T12:22:00,18.98,18.98,18.96,18.96,11565
2026-09-20T09:23:00.000Z,2026-09-20T12:23:00,18.96,18.99,18.96,18.96,5176
2026-09-20T09:24:00.000Z,2026-09-20T12:24:00,18.98,18.98,18.98,18.98,179
2026-09-20T09:25:00.000Z,2026-09-20T12:25:00,18.98,18.98,18.96,18.98,657
2026-09-20T09:26:00.000Z,2026-09-20T12:26:00,18.98,18.98,18.96,18.96,727
2026-09-20T09:28:00.000Z,2026-09-20T12:28:00,18.96,18.98,18.92,18.98,75458
2026-09-20T09:29:00.000Z,2026-09-20T12:29:00,18.95,18.95,18.9,18.9,117565
2026-09-20T09:30:00.000Z,2026-09-20T12:30:00,18.9,18.9,18.86,18.9,17223
2026-09-20T09:31:00.000Z,2026-09-20T12:31:00,18.9,18.9,18.89,18.9,5107
2026-09-20T09:32:00.000Z,2026-09-20T12:32:00,18.9,18.9,18.9,18.9,570
2026-09-20T09:33:00.000Z,2026-09-20T12:33:00,18.9,18.9,18.9,18.9,257
2026-09-20T09:34:00.000Z,2026-09-20T12:34:00,18.91,18.95,18.91,18.95,1275
2026-09-20T09:35:00.000Z,2026-09-20T12:35:00,18.96,18.96,18.96,18.96,1000
2026-09-20T09:36:00.000Z,2026-09-20T12:36:00,18.96,18.96,18.96,18.96,397
2026-09-20T09:37:00.000Z,2026-09-20T12:37:00,18.96,18.96,18.96,18.96,177
2026-09-20T09:38:00.000Z,2026-09-20T12:38:00,18.95,18.95,18.92,18.95,75
2026-09-20T09:39:00.000Z,2026-09-20T12:39:00,18.92,18.92,18.92,18.92,1152
2026-09-20T09:40:00.000Z,2026-09-20T12:40:00,18.91,18.92,18.91,18.92,5173
2026-09-20T09:41:00.000Z,2026-09-20T12:41:00,18.92,18.92,18.92,18.92,10
2026-09-20T09:42:00.000Z,2026-09-20T12:42:00,18.91,18.97,18.91,18.96,4297
2026-09-20T09:43:00.000Z,2026-09-20T12:43:00,18.92,18.96,18.92,18.92,3225
2026-09-20T09:44:00.000Z,2026-09-20T12:44:00,18.96,18.96,18.92,18.92,4058
2026-09-20T09:45:00.000Z,2026-09-20T12:45:00,18.96,18.96,18.92,18.92,4239
2026-09-20T09:46:00.000Z,2026-09-20T12:46:00,18.92,18.95,18.91,18.91,5779
2026-09-20T09:47:00.000Z,2026-09-20T12:47:00,18.91,18.91,18.91,18.91,30
2026-09-20T09:48:00.000Z,2026-09-20T12:48:00,18.92,18.92,18.89,18.89,24984
2026-09-20T09:49:00.000Z,2026-09-20T12:49:00,18.89,18.9,18.88,18.89,3037
2026-09-20T09:50:00.000Z,2026-09-20T12:50:00,18.92,18.92,18.92,18.92,2
2026-09-20T09:52:00.000Z,2026-09-20T12:52:00,18.92,18.92,18.92,18.92,998
2026-09-20T09:53:00.000Z,2026-09-20T12:53:00,18.92,18.92,18.92,18.92,25
2026-09-20T09:54:00.000Z,2026-09-20T12:54:00,18.94,18.97,18.94,18.97,28414
2026-09-20T09:55:00.000Z,2026-09-20T12:55:00,18.95,18.95,18.95,18.95,400
2026-09-20T09:57:00.000Z,2026-09-20T12:57:00,18.96,18.96,18.96,18.96,2
2026-09-20T09:58:00.000Z,2026-09-20T12:58:00,18.92,18.92,18.92,18.92,373
2026-09-20T09:59:00.000Z,2026-09-20T12:59:00,18.95,18.95,18.95,18.95,7700
2026-09-20T10:01:00.000Z,2026-09-20T13:01:00,18.92,18.92,18.92,18.92,756
2026-09-20T10:02:00.000Z,2026-09-20T13:02:00,18.95,18.95,18.95,18.95,1349
2026-09-20T10:03:00.000Z,2026-09-20T13:03:00,18.92,18.96,18.92,18.96,2163
2026-09-20T10:04:00.000Z,2026-09-20T13:04:00,18.96,18.96,18.96,18.96,48
2026-09-20T10:05:00.000Z,2026-09-20T13:05:00,18.96,18.98,18.96,18.98,13802
2026-09-20T10:06:00.000Z,2026-09-20T13:06:00,18.98,19,18.96,18.96,84609
2026-09-20T10:08:00.000Z,2026-09-20T13:08:00,18.96,18.99,18.93,18.93,585
2026-09-20T10:09:00.000Z,2026-09-20T13:09:00,18.99,18.99,18.99,18.99,40
2026-09-20T10:10:00.000Z,2026-09-20T13:10:00,18.99,19,18.93,18.93,26508
2026-09-20T10:11:00.000Z,2026-09-20T13:11:00,18.99,19,18.99,19,1393
2026-09-20T10:12:00.000Z,2026-09-20T13:12:00,18.93,18.98,18.81,18.98,113683
2026-09-20T10:13:00.000Z,2026-09-20T13:13:00,18.98,18.98,18.82,18.82,1786
2026-09-20T10:14:00.000Z,2026-09-20T13:14:00,18.96,18.97,18.96,18.97,1166
2026-09-20T10:15:00.000Z,2026-09-20T13:15:00,18.83,18.83,18.83,18.83,1
2026-09-20T10:16:00.000Z,2026-09-20T13:16:00,18.89,18.97,18.89,18.97,229
2026-09-20T10:18:00.000Z,2026-09-20T13:18:00,18.89,18.97,18.89,18.89,4872
2026-09-20T10:19:00.000Z,2026-09-20T13:19:00,18.89,18.89,18.89,18.89,350
2026-09-20T10:20:00.000Z,2026-09-20T13:20:00,18.94,18.94,18.94,18.94,23
2026-09-20T10:21:00.000Z,2026-09-20T13:21:00,18.9,18.94,18.9,18.94,21
2026-09-20T10:22:00.000Z,2026-09-20T13:22:00,18.9,18.9,18.9,18.9,16
2026-09-20T10:23:00.000Z,2026-09-20T13:23:00,18.93,18.93,18.93,18.93,376
2026-09-20T10:24:00.000Z,2026-09-20T13:24:00,18.9,18.93,18.9,18.93,10
2026-09-20T10:25:00.000Z,2026-09-20T13:25:00,18.9,19,18.9,19,51883
2026-09-20T10:26:00.000Z,2026-09-20T13:26:00,19,19,19,19,3519
2026-09-20T10:27:00.000Z,2026-09-20T13:27:00,19,19,18.9,19,376
2026-09-20T10:28:00.000Z,2026-09-20T13:28:00,19,19,18.9,18.9,4560
2026-09-20T10:29:00.000Z,2026-09-20T13:29:00,18.9,19,18.9,19,4
2026-09-20T10:30:00.000Z,2026-09-20T13:30:00,18.91,19,18.91,18.99,2690
2026-09-20T10:31:00.000Z,2026-09-20T13:31:00,18.99,18.99,18.99,18.99,587
2026-09-20T10:32:00.000Z,2026-09-20T13:32:00,18.99,18.99,18.91,18.91,6645
2026-09-20T10:33:00.000Z,2026-09-20T13:33:00,18.91,18.99,18.91,18.99,1300
2026-09-20T10:34:00.000Z,2026-09-20T13:34:00,18.95,18.95,18.95,18.95,103
2026-09-20T10:35:00.000Z,2026-09-20T13:35:00,18.99,18.99,18.95,18.99,335
2026-09-20T10:36:00.000Z,2026-09-20T13:36:00,18.95,18.95,18.95,18.95,279
2026-09-20T10:37:00.000Z,2026-09-20T13:37:00,18.99,18.99,18.95,18.95,113
2026-09-20T10:38:00.000Z,2026-09-20T13:38:00,18.95,18.95,18.95,18.95,3000
2026-09-20T10:39:00.000Z,2026-09-20T13:39:00,18.95,18.99,18.95,18.99,326
2026-09-20T10:40:00.000Z,2026-09-20T13:40:00,18.99,18.99,18.99,18.99,1190
2026-09-20T10:41:00.000Z,2026-09-20T13:41:00,18.95,18.99,18.95,18.99,4076
2026-09-20T10:42:00.000Z,2026-09-20T13:42:00,18.99,18.99,18.99,18.99,939
2026-09-20T10:43:00.000Z,2026-09-20T13:43:00,18.95,18.99,18.92,18.99,2806
2026-09-20T10:44:00.000Z,2026-09-20T13:44:00,18.98,18.99,18.98,18.98,1870
2026-09-20T10:45:00.000Z,2026-09-20T13:45:00,18.98,18.99,18.95,18.99,1949
2026-09-20T10:46:00.000Z,2026-09-20T13:46:00,18.95,18.98,18.91,18.91,3439
2026-09-20T10:47:00.000Z,2026-09-20T13:47:00,18.98,18.98,18.98,18.98,793
2026-09-20T10:48:00.000Z,2026-09-20T13:48:00,18.91,18.99,18.91,18.99,3167
2026-09-20T10:49:00.000Z,2026-09-20T13:49:00,18.99,18.99,18.98,18.98,8
2026-09-20T10:50:00.000Z,2026-09-20T13:50:00,18.98,18.98,18.95,18.95,93
2026-09-20T10:51:00.000Z,2026-09-20T13:51:00,18.98,18.98,18.91,18.98,1631
2026-09-20T10:52:00.000Z,2026-09-20T13:52:00,18.92,18.98,18.91,18.95,601
2026-09-20T10:53:00.000Z,2026-09-20T13:53:00,18.92,18.92,18.92,18.92,13
2026-09-20T10:54:00.000Z,2026-09-20T13:54:00,18.92,18.92,18.91,18.91,534
2026-09-20T10:55:00.000Z,2026-09-20T13:55:00,18.97,18.97,18.91,18.91,716
2026-09-20T10:56:00.000Z,2026-09-20T13:56:00,18.91,18.91,18.91,18.91,15
2026-09-20T10:57:00.000Z,2026-09-20T13:57:00,18.91,18.95,18.91,18.95,2719
2026-09-20T10:58:00.000Z,2026-09-20T13:58:00,18.92,18.98,18.92,18.98,985
2026-09-20T10:59:00.000Z,2026-09-20T13:59:00,18.92,18.97,18.91,18.93,2564
2026-09-20T11:00:00.000Z,2026-09-20T14:00:00,18.93,18.97,18.9,18.97,26736
2026-09-20T11:01:00.000Z,2026-09-20T14:01:00,18.9,18.91,18.9,18.9,6870
2026-09-20T11:03:00.000Z,2026-09-20T14:03:00,18.91,18.96,18.9,18.96,2495
2026-09-20T11:04:00.000Z,2026-09-20T14:04:00,18.95,18.95,18.9,18.9,8565
2026-09-20T11:05:00.000Z,2026-09-20T14:05:00,18.95,18.95,18.95,18.95,21
2026-09-20T11:06:00.000Z,2026-09-20T14:06:00,18.91,18.95,18.9,18.95,4922
2026-09-20T11:07:00.000Z,2026-09-20T14:07:00,18.9,19,18.9,18.9,122279
2026-09-20T11:08:00.000Z,2026-09-20T14:08:00,18.91,18.99,18.91,18.99,374
2026-09-20T11:09:00.000Z,2026-09-20T14:09:00,18.99,18.99,18.99,18.99,5436
2026-09-20T11:10:00.000Z,2026-09-20T14:10:00,18.92,18.99,18.92,18.99,23
2026-09-20T11:11:00.000Z,2026-09-20T14:11:00,18.98,18.98,18.98,18.98,9168
2026-09-20T11:12:00.000Z,2026-09-20T14:12:00,18.98,18.98,18.92,18.98,161
2026-09-20T11:13:00.000Z,2026-09-20T14:13:00,18.92,18.98,18.92,18.98,5911
2026-09-20T11:25:00.000Z,2026-09-20T14:25:00,18.99,18.99,18.99,18.99,54872
2026-09-20T11:26:00.000Z,2026-09-20T14:26:00,18.99,18.99,18.99,18.99,29951
2026-09-20T11:28:00.000Z,2026-09-20T14:28:00,18.99,18.99,18.99,18.99,6500
2026-09-20T11:29:00.000Z,2026-09-20T14:29:00,18.99,18.99,18.99,18.99,2000
2026-09-21T07:00:00.000Z,2026-09-21T10:00:00,19,19.02,19,19,22708
2026-09-21T07:01:00.000Z,2026-09-21T10:01:00,19,19.02,19,19.02,11294
2026-09-21T07:02:00.000Z,2026-09-21T10:02:00,19.02,19.02,18.95,18.95,13492
2026-09-21T07:03:00.000Z,2026-09-21T10:03:00,18.93,18.93,18.9,18.91,2544
2026-09-21T07:04:00.000Z,2026-09-21T10:04:00,18.91,19,18.9,18.99,38702
2026-09-21T07:05:00.000Z,2026-09-21T10:05:00,18.99,19.01,18.99,19.01,27396
2026-09-21T07:06:00.000Z,2026-09-21T10:06:00,19.01,19.01,18.91,18.99,12594
2026-09-21T07:07:00.000Z,2026-09-21T10:07:00,18.91,18.92,18.91,18.92,9169
2026-09-21T07:08:00.000Z,2026-09-21T10:08:00,18.93,18.97,18.92,18.97,1017
2026-09-21T07:09:00.000Z,2026-09-21T10:09:00,18.93,18.98,18.92,18.92,1713
2026-09-21T07:10:00.000Z,2026-09-21T10:10:00,18.92,18.98,18.92,18.98,2005
2026-09-21T07:11:00.000Z,2026-09-21T10:11:00,18.97,18.97,18.93,18.93,3904
2026-09-21T07:12:00.000Z,2026-09-21T10:12:00,18.93,18.93,18.93,18.93,2153
2026-09-21T07:13:00.000Z,2026-09-21T10:13:00,18.97,18.97,18.93,18.95,7743
2026-09-21T07:14:00.000Z,2026-09-21T10:14:00,18.93,18.93,18.93,18.93,4
2026-09-21T07:15:00.000Z,2026-09-21T10:15:00,18.95,18.96,18.95,18.95,10676
2026-09-21T07:16:00.000Z,2026-09-21T10:16:00,18.96,18.96,18.95,18.96,1130
2026-09-21T07:18:00.000Z,2026-09-21T10:18:00,18.96,18.96,18.95,18.95,11
2026-09-21T07:19:00.000Z,2026-09-21T10:19:00,18.95,18.95,18.94,18.95,8595
2026-09-21T07:20:00.000Z,2026-09-21T10:20:00,18.95,18.96,18.95,18.96,2209
2026-09-21T07:21:00.000Z,2026-09-21T10:21:00,18.95,18.95,18.94,18.94,1994
2026-09-21T07:22:00.000Z,2026-09-21T10:22:00,18.95,18.95,18.93,18.93,358
2026-09-21T07:23:00.000Z,2026-09-21T10:23:00,18.95,18.96,18.94,18.96,10578
2026-09-21T07:24:00.000Z,2026-09-21T10:24:00,18.96,18.96,18.96,18.96,497
2026-09-21T07:25:00.000Z,2026-09-21T10:25:00,18.94,18.94,18.93,18.93,9106
2026-09-21T07:26:00.000Z,2026-09-21T10:26:00,18.96,18.96,18.93,18.96,408
2026-09-21T07:27:00.000Z,2026-09-21T10:27:00,18.94,18.94,18.94,18.94,16
2026-09-21T07:28:00.000Z,2026-09-21T10:28:00,18.97,18.97,18.93,18.97,5286
2026-09-21T07:29:00.000Z,2026-09-21T10:29:00,18.97,18.97,18.97,18.97,15
2026-09-21T07:30:00.000Z,2026-09-21T10:30:00,18.95,18.97,18.93,18.97,1456
2026-09-21T07:31:00.000Z,2026-09-21T10:31:00,18.93,18.97,18.92,18.95,16826
2026-09-21T07:32:00.000Z,2026-09-21T10:32:00,18.93,18.95,18.92,18.92,4620
2026-09-21T07:33:00.000Z,2026-09-21T10:33:00,18.93,18.97,18.93,18.97,65
2026-09-21T07:34:00.000Z,2026-09-21T10:34:00,18.95,18.99,18.95,18.99,15506
2026-09-21T07:35:00.000Z,2026-09-21T10:35:00,18.99,18.99,18.95,18.95,4263
2026-09-21T07:36:00.000Z,2026-09-21T10:36:00,18.95,18.97,18.92,18.97,4654
2026-09-21T07:37:00.000Z,2026-09-21T10:37:00,18.97,18.97,18.97,18.97,557
2026-09-21T07:38:00.000Z,2026-09-21T10:38:00,18.93,18.95,18.93,18.93,124
2026-09-21T07:39:00.000Z,2026-09-21T10:39:00,18.97,18.97,18.93,18.93,12040
2026-09-21T07:40:00.000Z,2026-09-21T10:40:00,18.94,18.97,18.94,18.97,302
2026-09-21T07:41:00.000Z,2026-09-21T10:41:00,18.97,18.97,18.97,18.97,1
2026-09-21T07:42:00.000Z,2026-09-21T10:42:00,18.95,18.95,18.85,18.85,99025
2026-09-21T07:43:00.000Z,2026-09-21T10:43:00,18.86,18.86,18.86,18.86,27
2026-09-21T07:44:00.000Z,2026-09-21T10:44:00,18.95,18.95,18.95,18.95,54
2026-09-21T07:45:00.000Z,2026-09-21T10:45:00,18.9,18.9,18.9,18.9,8
2026-09-21T07:46:00.000Z,2026-09-21T10:46:00,18.9,18.94,18.9,18.94,556
2026-09-21T07:47:00.000Z,2026-09-21T10:47:00,18.9,18.9,18.9,18.9,503
2026-09-21T07:48:00.000Z,2026-09-21T10:48:00,18.9,18.94,18.86,18.94,21184
2026-09-21T07:49:00.000Z,2026-09-21T10:49:00,18.87,18.94,18.87,18.9,1258
2026-09-21T07:51:00.000Z,2026-09-21T10:51:00,18.9,18.9,18.9,18.9,20523
2026-09-21T07:53:00.000Z,2026-09-21T10:53:00,18.9,18.94,18.9,18.94,7024
2026-09-21T07:54:00.000Z,2026-09-21T10:54:00,18.9,18.93,18.9,18.93,2851
2026-09-21T07:55:00.000Z,2026-09-21T10:55:00,18.93,18.93,18.93,18.93,422
2026-09-21T07:56:00.000Z,2026-09-21T10:56:00,18.9,18.9,18.9,18.9,64
2026-09-21T07:57:00.000Z,2026-09-21T10:57:00,18.9,18.94,18.9,18.94,4651
2026-09-21T07:58:00.000Z,2026-09-21T10:58:00,18.91,18.94,18.91,18.94,37
2026-09-21T07:59:00.000Z,2026-09-21T10:59:00,18.94,18.95,18.94,18.95,3998
2026-09-21T08:01:00.000Z,2026-09-21T11:01:00,18.94,18.95,18.94,18.95,798
2026-09-21T08:02:00.000Z,2026-09-21T11:02:00,18.94,18.94,18.94,18.94,8468
2026-09-21T08:04:00.000Z,2026-09-21T11:04:00,18.94,18.94,18.93,18.93,16138
2026-09-21T08:05:00.000Z,2026-09-21T11:05:00,18.94,18.94,18.94,18.94,667
2026-09-21T08:06:00.000Z,2026-09-21T11:06:00,18.92,18.95,18.92,18.94,6454
2026-09-21T08:07:00.000Z,2026-09-21T11:07:00,18.94,18.95,18.94,18.94,708
2026-09-21T08:08:00.000Z,2026-09-21T11:08:00,18.95,18.95,18.95,18.95,635
2026-09-21T08:09:00.000Z,2026-09-21T11:09:00,18.94,18.94,18.94,18.94,6436
2026-09-21T08:10:00.000Z,2026-09-21T11:10:00,18.94,18.95,18.94,18.94,2023
2026-09-21T08:11:00.000Z,2026-09-21T11:11:00,18.94,18.94,18.94,18.94,46
2026-09-21T08:12:00.000Z,2026-09-21T11:12:00,18.93,18.93,18.93,18.93,1
2026-09-21T08:13:00.000Z,2026-09-21T11:13:00,18.94,18.94,18.93,18.94,2049
2026-09-21T08:14:00.000Z,2026-09-21T11:14:00,18.93,18.94,18.93,18.93,574
2026-09-21T08:15:00.000Z,2026-09-21T11:15:00,18.94,18.95,18.93,18.93,6265
2026-09-21T08:16:00.000Z,2026-09-21T11:16:00,18.95,18.95,18.93,18.93,3526
2026-09-21T08:17:00.000Z,2026-09-21T11:17:00,18.95,18.95,18.92,18.92,12678
2026-09-21T08:19:00.000Z,2026-09-21T11:19:00,18.93,18.93,18.93,18.93,3473
2026-09-21T08:20:00.000Z,2026-09-21T11:20:00,18.93,18.95,18.93,18.95,862
2026-09-21T08:21:00.000Z,2026-09-21T11:21:00,18.95,18.95,18.93,18.93,4095
2026-09-21T08:22:00.000Z,2026-09-21T11:22:00,18.95,18.95,18.91,18.91,17509
2026-09-21T08:23:00.000Z,2026-09-21T11:23:00,18.95,18.95,18.92,18.95,14069
2026-09-21T08:24:00.000Z,2026-09-21T11:24:00,18.95,18.95,18.95,18.95,429
2026-09-21T08:25:00.000Z,2026-09-21T11:25:00,18.95,18.95,18.94,18.94,381
2026-09-21T08:26:00.000Z,2026-09-21T11:26:00,18.94,18.94,18.92,18.92,4460
2026-09-21T08:27:00.000Z,2026-09-21T11:27:00,18.92,18.95,18.92,18.92,6018
2026-09-21T08:28:00.000Z,2026-09-21T11:28:00,18.92,18.92,18.86,18.86,13825
2026-09-21T08:29:00.000Z,2026-09-21T11:29:00,18.86,18.87,18.86,18.87,6857
2026-09-21T08:30:00.000Z,2026-09-21T11:30:00,18.92,18.92,18.87,18.87,656
2026-09-21T08:31:00.000Z,2026-09-21T11:31:00,18.87,18.92,18.87,18.92,208
2026-09-21T08:32:00.000Z,2026-09-21T11:32:00,18.92,18.92,18.87,18.92,4654
2026-09-21T08:33:00.000Z,2026-09-21T11:33:00,18.87,18.92,18.87,18.87,752
2026-09-21T08:34:00.000Z,2026-09-21T11:34:00,18.91,18.91,18.91,18.91,10
2026-09-21T08:35:00.000Z,2026-09-21T11:35:00,18.87,18.87,18.86,18.86,13970
2026-09-21T08:36:00.000Z,2026-09-21T11:36:00,18.86,18.86,18.86,18.86,2
2026-09-21T08:37:00.000Z,2026-09-21T11:37:00,18.87,18.9,18.87,18.9,9757
2026-09-21T08:38:00.000Z,2026-09-21T11:38:00,18.9,18.9,18.87,18.87,3515
2026-09-21T08:39:00.000Z,2026-09-21T11:39:00,18.88,18.9,18.87,18.9,7285
2026-09-21T08:40:00.000Z,2026-09-21T11:40:00,18.89,18.89,18.87,18.89,17282
2026-09-21T08:41:00.000Z,2026-09-21T11:41:00,18.86,18.88,18.86,18.87,11372
2026-09-21T08:42:00.000Z,2026-09-21T11:42:00,18.87,18.87,18.85,18.86,41585
2026-09-21T08:43:00.000Z,2026-09-21T11:43:00,18.87,18.87,18.83,18.83,5069
2026-09-21T08:44:00.000Z,2026-09-21T11:44:00,18.84,18.87,18.84,18.86,9984
2026-09-21T08:45:00.000Z,2026-09-21T11:45:00,18.84,18.84,18.81,18.83,23992
2026-09-21T08:46:00.000Z,2026-09-21T11:46:00,18.81,18.85,18.81,18.84,35174
2026-09-21T08:47:00.000Z,2026-09-21T11:47:00,18.84,18.86,18.81,18.86,15784
2026-09-21T08:48:00.000Z,2026-09-21T11:48:00,18.82,18.82,18.81,18.81,6594
2026-09-21T08:49:00.000Z,2026-09-21T11:49:00,18.81,18.85,18.81,18.81,14766
2026-09-21T08:50:00.000Z,2026-09-21T11:50:00,18.81,18.83,18.79,18.8,69029
2026-09-21T08:51:00.000Z,2026-09-21T11:51:00,18.83,18.85,18.83,18.85,5286
2026-09-21T08:52:00.000Z,2026-09-21T11:52:00,18.8,18.84,18.8,18.81,7152
2026-09-21T08:53:00.000Z,2026-09-21T11:53:00,18.81,18.85,18.81,18.85,733
2026-09-21T08:54:00.000Z,2026-09-21T11:54:00,18.81,18.82,18.81,18.81,9928
2026-09-21T08:55:00.000Z,2026-09-21T11:55:00,18.84,18.84,18.78,18.78,21376
2026-09-21T08:56:00.000Z,2026-09-21T11:56:00,18.78,18.79,18.78,18.79,23675
2026-09-21T08:57:00.000Z,2026-09-21T11:57:00,18.78,18.85,18.78,18.81,23420
2026-09-21T08:58:00.000Z,2026-09-21T11:58:00,18.84,18.84,18.84,18.84,300
2026-09-21T08:59:00.000Z,2026-09-21T11:59:00,18.85,18.85,18.81,18.84,3793
2026-09-21T09:00:00.000Z,2026-09-21T12:00:00,18.84,18.85,18.82,18.82,3411
2026-09-21T09:01:00.000Z,2026-09-21T12:01:00,18.82,18.84,18.82,18.83,11466
2026-09-21T09:02:00.000Z,2026-09-21T12:02:00,18.83,18.84,18.82,18.84,5409
2026-09-21T09:03:00.000Z,2026-09-21T12:03:00,18.82,18.83,18.81,18.82,25544
2026-09-21T09:04:00.000Z,2026-09-21T12:04:00,18.82,18.89,18.82,18.89,28413
2026-09-21T09:05:00.000Z,2026-09-21T12:05:00,18.89,18.89,18.87,18.87,4525
2026-09-21T09:06:00.000Z,2026-09-21T12:06:00,18.89,18.91,18.89,18.89,25605
2026-09-21T09:07:00.000Z,2026-09-21T12:07:00,18.89,18.89,18.89,18.89,2550
2026-09-21T09:08:00.000Z,2026-09-21T12:08:00,18.89,18.94,18.88,18.94,38692
2026-09-21T09:09:00.000Z,2026-09-21T12:09:00,18.94,18.94,18.88,18.88,17878
2026-09-21T09:10:00.000Z,2026-09-21T12:10:00,18.88,18.9,18.88,18.88,2154
2026-09-21T09:11:00.000Z,2026-09-21T12:11:00,18.89,18.9,18.88,18.9,14214
2026-09-21T09:12:00.000Z,2026-09-21T12:12:00,18.9,18.9,18.88,18.9,1416
2026-09-21T09:13:00.000Z,2026-09-21T12:13:00,18.9,18.9,18.89,18.89,752
2026-09-21T09:14:00.000Z,2026-09-21T12:14:00,18.88,18.9,18.88,18.89,3390
2026-09-21T09:15:00.000Z,2026-09-21T12:15:00,18.88,18.9,18.88,18.9,27699
2026-09-21T09:16:00.000Z,2026-09-21T12:16:00,18.9,18.9,18.9,18.9,206
2026-09-21T09:17:00.000Z,2026-09-21T12:17:00,18.9,18.9,18.88,18.9,6243
2026-09-21T09:18:00.000Z,2026-09-21T12:18:00,18.88,18.88,18.88,18.88,3233
2026-09-21T09:19:00.000Z,2026-09-21T12:19:00,18.88,18.88,18.87,18.87,2007
2026-09-21T09:20:00.000Z,2026-09-21T12:20:00,18.88,18.9,18.87,18.9,23736
2026-09-21T09:21:00.000Z,2026-09-21T12:21:00,18.88,18.88,18.88,18.88,93
2026-09-21T09:22:00.000Z,2026-09-21T12:22:00,18.89,18.9,18.89,18.9,3376
2026-09-21T09:23:00.000Z,2026-09-21T12:23:00,18.88,18.88,18.88,18.88,5000
2026-09-21T09:24:00.000Z,2026-09-21T12:24:00,18.88,18.9,18.88,18.89,1738
2026-09-21T09:25:00.000Z,2026-09-21T12:25:00,18.89,18.9,18.88,18.88,9720
2026-09-21T09:26:00.000Z,2026-09-21T12:26:00,18.88,18.88,18.88,18.88,524
2026-09-21T09:27:00.000Z,2026-09-21T12:27:00,18.9,18.9,18.88,18.9,4620
2026-09-21T09:28:00.000Z,2026-09-21T12:28:00,18.88,18.88,18.88,18.88,5500
2026-09-21T09:29:00.000Z,2026-09-21T12:29:00,18.89,18.89,18.88,18.89,7110
2026-09-21T09:30:00.000Z,2026-09-21T12:30:00,18.88,18.9,18.88,18.88,7382
2026-09-21T09:31:00.000Z,2026-09-21T12:31:00,18.88,18.9,18.88,18.9,16110
2026-09-21T09:32:00.000Z,2026-09-21T12:32:00,18.9,18.91,18.9,18.91,3653
2026-09-21T09:33:00.000Z,2026-09-21T12:33:00,18.92,18.92,18.91,18.91,1158
2026-09-21T09:34:00.000Z,2026-09-21T12:34:00,18.93,18.93,18.91,18.93,1129
2026-09-21T09:35:00.000Z,2026-09-21T12:35:00,18.91,18.93,18.91,18.91,1308
2026-09-21T09:36:00.000Z,2026-09-21T12:36:00,18.93,18.94,18.91,18.91,26763
2026-09-21T09:38:00.000Z,2026-09-21T12:38:00,18.91,18.92,18.91,18.91,21109
2026-09-21T09:39:00.000Z,2026-09-21T12:39:00,18.91,18.91,18.91,18.91,741
2026-09-21T09:40:00.000Z,2026-09-21T12:40:00,18.91,18.91,18.91,18.91,7922
2026-09-21T09:41:00.000Z,2026-09-21T12:41:00,18.91,18.91,18.91,18.91,1301
2026-09-21T09:42:00.000Z,2026-09-21T12:42:00,18.91,18.93,18.91,18.93,123
2026-09-21T09:43:00.000Z,2026-09-21T12:43:00,18.93,18.97,18.93,18.96,35539
2026-09-21T09:44:00.000Z,2026-09-21T12:44:00,18.96,18.96,18.96,18.96,1697
2026-09-21T09:45:00.000Z,2026-09-21T12:45:00,18.97,18.97,18.96,18.96,5535
2026-09-21T09:46:00.000Z,2026-09-21T12:46:00,18.96,18.96,18.93,18.93,28433
2026-09-21T09:47:00.000Z,2026-09-21T12:47:00,18.97,18.97,18.93,18.93,20
2026-09-21T09:48:00.000Z,2026-09-21T12:48:00,18.96,18.96,18.96,18.96,2878
2026-09-21T09:49:00.000Z,2026-09-21T12:49:00,18.97,18.97,18.97,18.97,298
2026-09-21T09:50:00.000Z,2026-09-21T12:50:00,18.97,18.98,18.97,18.98,17990
2026-09-21T09:51:00.000Z,2026-09-21T12:51:00,18.97,18.97,18.97,18.97,326
2026-09-21T09:52:00.000Z,2026-09-21T12:52:00,18.97,18.97,18.97,18.97,4887
2026-09-21T09:53:00.000Z,2026-09-21T12:53:00,18.97,18.97,18.97,18.97,1919
2026-09-21T09:54:00.000Z,2026-09-21T12:54:00,18.96,18.96,18.96,18.96,1371
2026-09-21T09:55:00.000Z,2026-09-21T12:55:00,18.97,18.98,18.96,18.96,3288
2026-09-21T09:56:00.000Z,2026-09-21T12:56:00,18.98,18.98,18.96,18.96,8
2026-09-21T09:57:00.000Z,2026-09-21T12:57:00,18.96,18.96,18.96,18.96,2000
2026-09-21T09:58:00.000Z,2026-09-21T12:58:00,18.98,18.98,18.98,18.98,5013
2026-09-21T09:59:00.000Z,2026-09-21T12:59:00,18.96,18.96,18.96,18.96,3007
2026-09-21T10:01:00.000Z,2026-09-21T13:01:00,18.96,18.96,18.96,18.96,500
2026-09-21T10:02:00.000Z,2026-09-21T13:02:00,18.96,18.97,18.94,18.97,24845
2026-09-21T10:05:00.000Z,2026-09-21T13:05:00,18.97,18.97,18.97,18.97,3
2026-09-21T10:06:00.000Z,2026-09-21T13:06:00,18.94,18.96,18.94,18.96,142
2026-09-21T10:07:00.000Z,2026-09-21T13:07:00,18.94,18.94,18.93,18.93,6014
2026-09-21T10:08:00.000Z,2026-09-21T13:08:00,18.96,18.96,18.93,18.93,2646
2026-09-21T10:10:00.000Z,2026-09-21T13:10:00,18.93,18.95,18.93,18.95,518
2026-09-21T10:11:00.000Z,2026-09-21T13:11:00,18.95,18.95,18.95,18.95,2
2026-09-21T10:13:00.000Z,2026-09-21T13:13:00,18.95,18.95,18.93,18.93,2092
2026-09-21T10:14:00.000Z,2026-09-21T13:14:00,18.93,18.95,18.93,18.93,367
2026-09-21T10:15:00.000Z,2026-09-21T13:15:00,18.93,18.93,18.93,18.93,585
2026-09-21T10:17:00.000Z,2026-09-21T13:17:00,18.93,18.93,18.93,18.93,528
2026-09-21T10:18:00.000Z,2026-09-21T13:18:00,18.93,18.93,18.93,18.93,942
2026-09-21T10:19:00.000Z,2026-09-21T13:19:00,18.93,18.93,18.93,18.93,500
2026-09-21T10:20:00.000Z,2026-09-21T13:20:00,18.93,18.93,18.93,18.93,4365
2026-09-21T10:21:00.000Z,2026-09-21T13:21:00,18.91,18.91,18.91,18.91,2641
2026-09-21T10:22:00.000Z,2026-09-21T13:22:00,18.91,18.93,18.91,18.93,120
2026-09-21T10:23:00.000Z,2026-09-21T13:23:00,18.93,18.93,18.9,18.93,8699
2026-09-21T10:24:00.000Z,2026-09-21T13:24:00,18.95,18.95,18.93,18.95,1061
2026-09-21T10:25:00.000Z,2026-09-21T13:25:00,18.95,18.95,18.95,18.95,52
2026-09-21T10:26:00.000Z,2026-09-21T13:26:00,18.95,18.95,18.95,18.95,27
2026-09-21T10:27:00.000Z,2026-09-21T13:27:00,18.95,18.95,18.93,18.95,3568
2026-09-21T10:28:00.000Z,2026-09-21T13:28:00,18.93,18.93,18.93,18.93,2519
2026-09-21T10:29:00.000Z,2026-09-21T13:29:00,18.93,18.95,18.93,18.93,15497
2026-09-21T10:30:00.000Z,2026-09-21T13:30:00,18.93,18.96,18.93,18.96,210
2026-09-21T10:31:00.000Z,2026-09-21T13:31:00,18.93,18.93,18.93,18.93,1177
2026-09-21T10:32:00.000Z,2026-09-21T13:32:00,18.93,18.95,18.93,18.95,18762
2026-09-21T10:33:00.000Z,2026-09-21T13:33:00,18.94,18.94,18.94,18.94,2861
2026-09-21T10:34:00.000Z,2026-09-21T13:34:00,18.94,18.96,18.94,18.94,1511
2026-09-21T10:35:00.000Z,2026-09-21T13:35:00,18.94,18.96,18.94,18.96,1402
2026-09-21T10:37:00.000Z,2026-09-21T13:37:00,18.94,18.94,18.94,18.94,4
2026-09-21T10:38:00.000Z,2026-09-21T13:38:00,18.94,18.96,18.94,18.96,5972
2026-09-21T10:39:00.000Z,2026-09-21T13:39:00,18.94,18.95,18.94,18.95,10127
2026-09-21T10:40:00.000Z,2026-09-21T13:40:00,18.97,18.97,18.97,18.97,256
2026-09-21T10:41:00.000Z,2026-09-21T13:41:00,18.95,18.96,18.95,18.96,3645
2026-09-21T10:42:00.000Z,2026-09-21T13:42:00,18.95,18.97,18.95,18.95,33042
2026-09-21T10:43:00.000Z,2026-09-21T13:43:00,18.96,18.96,18.94,18.95,5411
2026-09-21T10:44:00.000Z,2026-09-21T13:44:00,18.94,18.96,18.93,18.96,3374
2026-09-21T10:45:00.000Z,2026-09-21T13:45:00,18.96,18.96,18.94,18.95,6625
2026-09-21T10:46:00.000Z,2026-09-21T13:46:00,18.94,18.96,18.94,18.95,24508
2026-09-21T10:47:00.000Z,2026-09-21T13:47:00,18.96,18.96,18.95,18.95,566
2026-09-21T10:48:00.000Z,2026-09-21T13:48:00,18.94,18.94,18.94,18.94,2065
2026-09-21T10:49:00.000Z,2026-09-21T13:49:00,18.94,18.95,18.93,18.95,12301
2026-09-21T10:50:00.000Z,2026-09-21T13:50:00,18.96,18.97,18.96,18.97,6632
2026-09-21T10:51:00.000Z,2026-09-21T13:51:00,18.96,18.97,18.95,18.97,2060
2026-09-21T10:52:00.000Z,2026-09-21T13:52:00,18.96,18.97,18.95,18.95,5835
2026-09-21T10:54:00.000Z,2026-09-21T13:54:00,18.97,19,18.95,18.95,78448
2026-09-21T10:55:00.000Z,2026-09-21T13:55:00,18.99,18.99,18.95,18.95,1158
2026-09-21T10:56:00.000Z,2026-09-21T13:56:00,18.95,18.98,18.95,18.98,5265
2026-09-21T10:57:00.000Z,2026-09-21T13:57:00,18.98,19,18.98,19,50000
2026-09-21T10:58:00.000Z,2026-09-21T13:58:00,18.99,19,18.95,18.99,47494
2026-09-21T10:59:00.000Z,2026-09-21T13:59:00,18.98,18.98,18.96,18.96,2283
2026-09-21T11:00:00.000Z,2026-09-21T14:00:00,18.96,18.96,18.94,18.94,7284
2026-09-21T11:01:00.000Z,2026-09-21T14:01:00,18.94,18.96,18.94,18.96,5924
2026-09-21T11:03:00.000Z,2026-09-21T14:03:00,18.95,18.95,18.95,18.95,194
2026-09-21T11:04:00.000Z,2026-09-21T14:04:00,18.95,18.95,18.95,18.95,100
2026-09-21T11:06:00.000Z,2026-09-21T14:06:00,18.95,18.99,18.95,18.99,10026
2026-09-21T11:07:00.000Z,2026-09-21T14:07:00,18.95,18.98,18.95,18.98,33
2026-09-21T11:08:00.000Z,2026-09-21T14:08:00,18.95,18.95,18.94,18.94,14240
2026-09-21T11:09:00.000Z,2026-09-21T14:09:00,18.94,18.95,18.94,18.95,5035
2026-09-21T11:10:00.000Z,2026-09-21T14:10:00,18.96,18.98,18.95,18.95,894455
2026-09-21T11:11:00.000Z,2026-09-21T14:11:00,18.98,18.99,18.98,18.99,59232
2026-09-21T11:12:00.000Z,2026-09-21T14:12:00,18.99,18.99,18.96,18.98,19719
2026-09-21T11:13:00.000Z,2026-09-21T14:13:00,18.97,19,18.97,19,938
2026-09-21T11:14:00.000Z,2026-09-21T14:14:00,18.99,18.99,18.99,18.99,5982
2026-09-21T11:25:00.000Z,2026-09-21T14:25:00,18.89,18.89,18.89,18.89,19121
2026-09-21T11:26:00.000Z,2026-09-21T14:26:00,18.89,18.89,18.89,18.89,3876
2026-09-21T11:27:00.000Z,2026-09-21T14:27:00,18.89,18.89,18.89,18.89,674
2026-09-21T11:29:00.000Z,2026-09-21T14:29:00,18.89,18.89,18.89,18.89,2352
2026-09-22T07:00:00.000Z,2026-09-22T10:00:00,18.9,19,18.9,19,36722
2026-09-22T07:01:00.000Z,2026-09-22T10:01:00,19,19.07,19,19.07,30276
2026-09-22T07:02:00.000Z,2026-09-22T10:02:00,19.06,19.1,19.02,19.09,65039
2026-09-22T07:03:00.000Z,2026-09-22T10:03:00,19.08,19.08,19,19.03,11041
2026-09-22T07:04:00.000Z,2026-09-22T10:04:00,19,19,18.95,19,6675
2026-09-22T07:05:00.000Z,2026-09-22T10:05:00,19,19.03,19,19.03,6344
2026-09-22T07:06:00.000Z,2026-09-22T10:06:00,19.03,19.03,19,19,338
2026-09-22T07:07:00.000Z,2026-09-22T10:07:00,19.02,19.03,19,19,12847
2026-09-22T07:08:00.000Z,2026-09-22T10:08:00,19,19.03,19,19.03,19870
2026-09-22T07:09:00.000Z,2026-09-22T10:09:00,19,19.03,19,19.03,229
2026-09-22T07:10:00.000Z,2026-09-22T10:10:00,19.03,19.03,19.03,19.03,367
2026-09-22T07:11:00.000Z,2026-09-22T10:11:00,19,19.03,19,19.03,133
2026-09-22T07:12:00.000Z,2026-09-22T10:12:00,19,19.03,19,19.02,28021
2026-09-22T07:13:00.000Z,2026-09-22T10:13:00,19,19,19,19,8083
2026-09-22T07:14:00.000Z,2026-09-22T10:14:00,18.95,18.95,18.95,18.95,2346
2026-09-22T07:15:00.000Z,2026-09-22T10:15:00,19,19,18.95,18.95,1020
2026-09-22T07:16:00.000Z,2026-09-22T10:16:00,18.95,19,18.95,18.99,183
2026-09-22T07:17:00.000Z,2026-09-22T10:17:00,18.94,18.97,18.94,18.97,6619
2026-09-22T07:18:00.000Z,2026-09-22T10:18:00,18.97,18.99,18.94,18.95,1318
2026-09-22T07:19:00.000Z,2026-09-22T10:19:00,18.97,18.97,18.94,18.95,1193
2026-09-22T07:20:00.000Z,2026-09-22T10:20:00,18.95,18.99,18.95,18.95,136
2026-09-22T07:21:00.000Z,2026-09-22T10:21:00,18.95,18.99,18.95,18.99,3931
2026-09-22T07:22:00.000Z,2026-09-22T10:22:00,18.95,18.99,18.95,18.99,2882
2026-09-22T07:23:00.000Z,2026-09-22T10:23:00,18.95,18.99,18.95,18.99,106
2026-09-22T07:24:00.000Z,2026-09-22T10:24:00,18.95,18.95,18.95,18.95,1301
2026-09-22T07:25:00.000Z,2026-09-22T10:25:00,18.98,18.98,18.95,18.95,1752
2026-09-22T07:26:00.000Z,2026-09-22T10:26:00,18.95,18.98,18.95,18.95,999
2026-09-22T07:27:00.000Z,2026-09-22T10:27:00,18.98,18.98,18.93,18.94,3517
2026-09-22T07:28:00.000Z,2026-09-22T10:28:00,18.95,18.95,18.94,18.94,1053
2026-09-22T07:29:00.000Z,2026-09-22T10:29:00,18.94,18.95,18.94,18.95,655
2026-09-22T07:30:00.000Z,2026-09-22T10:30:00,18.95,18.95,18.94,18.94,68
2026-09-22T07:31:00.000Z,2026-09-22T10:31:00,18.95,18.95,18.95,18.95,1253
2026-09-22T07:32:00.000Z,2026-09-22T10:32:00,18.95,18.97,18.95,18.97,1007
2026-09-22T07:33:00.000Z,2026-09-22T10:33:00,18.97,18.97,18.97,18.97,155
2026-09-22T07:34:00.000Z,2026-09-22T10:34:00,18.97,18.97,18.97,18.97,135
2026-09-22T07:35:00.000Z,2026-09-22T10:35:00,18.97,18.97,18.94,18.94,70
2026-09-22T07:36:00.000Z,2026-09-22T10:36:00,18.94,18.97,18.93,18.95,5615
2026-09-22T07:37:00.000Z,2026-09-22T10:37:00,18.97,18.97,18.97,18.97,305
2026-09-22T07:38:00.000Z,2026-09-22T10:38:00,18.94,18.94,18.94,18.94,133
2026-09-22T07:39:00.000Z,2026-09-22T10:39:00,18.96,18.96,18.94,18.96,1338
2026-09-22T07:40:00.000Z,2026-09-22T10:40:00,18.95,18.96,18.95,18.95,1577
2026-09-22T07:41:00.000Z,2026-09-22T10:41:00,18.96,18.96,18.95,18.95,17
2026-09-22T07:42:00.000Z,2026-09-22T10:42:00,18.95,18.96,18.93,18.93,2271
2026-09-22T07:43:00.000Z,2026-09-22T10:43:00,18.93,18.93,18.92,18.93,2314
2026-09-22T07:44:00.000Z,2026-09-22T10:44:00,18.93,18.93,18.93,18.93,52
2026-09-22T07:45:00.000Z,2026-09-22T10:45:00,18.92,18.92,18.92,18.92,12
2026-09-22T07:46:00.000Z,2026-09-22T10:46:00,18.93,18.96,18.93,18.96,10761
2026-09-22T07:47:00.000Z,2026-09-22T10:47:00,18.96,18.99,18.96,18.99,5000
2026-09-22T07:48:00.000Z,2026-09-22T10:48:00,18.95,18.95,18.93,18.95,1112
2026-09-22T07:49:00.000Z,2026-09-22T10:49:00,18.95,19,18.95,18.97,54780
2026-09-22T07:50:00.000Z,2026-09-22T10:50:00,19.01,19.02,19.01,19.02,1552
2026-09-22T07:51:00.000Z,2026-09-22T10:51:00,19.02,19.02,18.97,18.97,9566
2026-09-22T07:52:00.000Z,2026-09-22T10:52:00,18.97,18.98,18.97,18.98,160
2026-09-22T07:53:00.000Z,2026-09-22T10:53:00,18.98,19.01,18.98,19.01,344
2026-09-22T07:54:00.000Z,2026-09-22T10:54:00,18.98,18.98,18.98,18.98,558
2026-09-22T07:55:00.000Z,2026-09-22T10:55:00,18.98,18.98,18.98,18.98,51
2026-09-22T07:56:00.000Z,2026-09-22T10:56:00,18.99,19,18.98,19,1318
2026-09-22T07:58:00.000Z,2026-09-22T10:58:00,19,19,19,19,100
2026-09-22T07:59:00.000Z,2026-09-22T10:59:00,19,19.01,18.98,19,18129
2026-09-22T08:00:00.000Z,2026-09-22T11:00:00,19,19.01,18.98,19,9624
2026-09-22T08:01:00.000Z,2026-09-22T11:01:00,19,19.01,19,19.01,1270
2026-09-22T08:02:00.000Z,2026-09-22T11:02:00,19.01,19.01,19.01,19.01,53
2026-09-22T08:03:00.000Z,2026-09-22T11:03:00,19,19,18.98,18.98,1700
2026-09-22T08:04:00.000Z,2026-09-22T11:04:00,18.98,18.98,18.96,18.96,3002
2026-09-22T08:05:00.000Z,2026-09-22T11:05:00,18.96,19,18.96,19,12664
2026-09-22T08:06:00.000Z,2026-09-22T11:06:00,19,19,18.97,19,185
2026-09-22T08:08:00.000Z,2026-09-22T11:08:00,18.97,18.99,18.97,18.97,595
2026-09-22T08:09:00.000Z,2026-09-22T11:09:00,18.99,18.99,18.99,18.99,1218
2026-09-22T08:10:00.000Z,2026-09-22T11:10:00,18.98,18.98,18.98,18.98,1996
2026-09-22T08:11:00.000Z,2026-09-22T11:11:00,18.97,18.97,18.97,18.97,500
2026-09-22T08:12:00.000Z,2026-09-22T11:12:00,18.97,18.98,18.96,18.96,724
2026-09-22T08:13:00.000Z,2026-09-22T11:13:00,18.96,18.96,18.95,18.95,6895
2026-09-22T08:14:00.000Z,2026-09-22T11:14:00,18.96,18.98,18.95,18.95,1779
2026-09-22T08:15:00.000Z,2026-09-22T11:15:00,18.95,18.95,18.95,18.95,889
2026-09-22T08:16:00.000Z,2026-09-22T11:16:00,18.95,18.99,18.95,18.99,64692
2026-09-22T08:17:00.000Z,2026-09-22T11:17:00,19,19,18.99,18.99,1413
2026-09-22T08:18:00.000Z,2026-09-22T11:18:00,19,19,18.99,18.99,57
2026-09-22T08:19:00.000Z,2026-09-22T11:19:00,19,19,18.99,18.99,54637
2026-09-22T08:20:00.000Z,2026-09-22T11:20:00,18.98,18.98,18.98,18.98,7
2026-09-22T08:21:00.000Z,2026-09-22T11:21:00,18.98,18.99,18.91,18.99,21248
2026-09-22T08:22:00.000Z,2026-09-22T11:22:00,18.99,19,18.98,19,15774
2026-09-22T08:23:00.000Z,2026-09-22T11:23:00,18.98,18.99,18.98,18.99,14927
2026-09-22T08:24:00.000Z,2026-09-22T11:24:00,18.99,18.99,18.99,18.99,11
2026-09-22T08:26:00.000Z,2026-09-22T11:26:00,18.98,18.98,18.97,18.97,1500
2026-09-22T08:27:00.000Z,2026-09-22T11:27:00,18.97,18.97,18.94,18.94,45
2026-09-22T08:28:00.000Z,2026-09-22T11:28:00,18.94,18.94,18.94,18.94,345
2026-09-22T08:29:00.000Z,2026-09-22T11:29:00,18.94,18.99,18.94,18.99,181
2026-09-22T08:30:00.000Z,2026-09-22T11:30:00,18.96,18.96,18.96,18.96,53
2026-09-22T08:32:00.000Z,2026-09-22T11:32:00,18.96,18.96,18.96,18.96,1779
2026-09-22T08:33:00.000Z,2026-09-22T11:33:00,18.98,18.98,18.96,18.96,436
2026-09-22T08:34:00.000Z,2026-09-22T11:34:00,18.96,18.98,18.96,18.98,749
2026-09-22T08:36:00.000Z,2026-09-22T11:36:00,18.96,18.99,18.96,18.99,869
2026-09-22T08:38:00.000Z,2026-09-22T11:38:00,18.98,18.98,18.96,18.96,1075
2026-09-22T08:40:00.000Z,2026-09-22T11:40:00,18.98,18.98,18.96,18.96,1819
2026-09-22T08:41:00.000Z,2026-09-22T11:41:00,18.98,18.98,18.98,18.98,31
2026-09-22T08:42:00.000Z,2026-09-22T11:42:00,18.97,18.98,18.96,18.98,852
2026-09-22T08:43:00.000Z,2026-09-22T11:43:00,18.96,18.96,18.95,18.95,5000
2026-09-22T08:44:00.000Z,2026-09-22T11:44:00,18.98,18.98,18.96,18.96,142
2026-09-22T08:45:00.000Z,2026-09-22T11:45:00,18.96,18.96,18.96,18.96,1000
2026-09-22T08:46:00.000Z,2026-09-22T11:46:00,18.98,18.98,18.96,18.96,1881
2026-09-22T08:47:00.000Z,2026-09-22T11:47:00,18.98,18.98,18.98,18.98,49
2026-09-22T08:49:00.000Z,2026-09-22T11:49:00,18.98,18.98,18.96,18.96,163
2026-09-22T08:50:00.000Z,2026-09-22T11:50:00,18.98,18.98,18.98,18.98,765
2026-09-22T08:51:00.000Z,2026-09-22T11:51:00,18.98,18.98,18.98,18.98,10671
2026-09-22T08:52:00.000Z,2026-09-22T11:52:00,18.98,18.99,18.96,18.99,7511
2026-09-22T08:54:00.000Z,2026-09-22T11:54:00,18.96,18.96,18.96,18.96,29
2026-09-22T08:55:00.000Z,2026-09-22T11:55:00,18.96,18.96,18.96,18.96,150
2026-09-22T08:56:00.000Z,2026-09-22T11:56:00,18.96,18.98,18.96,18.98,328
2026-09-22T08:57:00.000Z,2026-09-22T11:57:00,18.98,18.98,18.98,18.98,18
2026-09-22T08:58:00.000Z,2026-09-22T11:58:00,18.96,18.98,18.95,18.98,23737
2026-09-22T09:00:00.000Z,2026-09-22T12:00:00,18.95,18.97,18.95,18.97,10368
2026-09-22T09:01:00.000Z,2026-09-22T12:01:00,18.95,18.95,18.95,18.95,1500
2026-09-22T09:02:00.000Z,2026-09-22T12:02:00,18.97,18.97,18.95,18.95,430
2026-09-22T09:03:00.000Z,2026-09-22T12:03:00,18.97,18.97,18.95,18.95,4873
2026-09-22T09:04:00.000Z,2026-09-22T12:04:00,18.95,18.97,18.85,18.85,192001
2026-09-22T09:05:00.000Z,2026-09-22T12:05:00,18.86,18.97,18.85,18.9,40450
2026-09-22T09:06:00.000Z,2026-09-22T12:06:00,18.85,18.85,18.83,18.85,14296
2026-09-22T09:07:00.000Z,2026-09-22T12:07:00,18.85,18.85,18.85,18.85,717
2026-09-22T09:08:00.000Z,2026-09-22T12:08:00,18.9,18.9,18.9,18.9,2
2026-09-22T09:09:00.000Z,2026-09-22T12:09:00,18.9,18.9,18.9,18.9,35
2026-09-22T09:10:00.000Z,2026-09-22T12:10:00,18.9,18.9,18.9,18.9,8
2026-09-22T09:11:00.000Z,2026-09-22T12:11:00,18.93,18.93,18.93,18.93,52
2026-09-22T09:12:00.000Z,2026-09-22T12:12:00,18.9,18.93,18.9,18.92,4058
2026-09-22T09:13:00.000Z,2026-09-22T12:13:00,18.93,18.97,18.93,18.97,19902
2026-09-22T09:14:00.000Z,2026-09-22T12:14:00,18.97,18.97,18.97,18.97,1102
2026-09-22T09:15:00.000Z,2026-09-22T12:15:00,18.94,18.96,18.94,18.96,67
2026-09-22T09:16:00.000Z,2026-09-22T12:16:00,18.96,18.96,18.94,18.94,131
2026-09-22T09:17:00.000Z,2026-09-22T12:17:00,18.94,18.94,18.94,18.94,1400
2026-09-22T09:18:00.000Z,2026-09-22T12:18:00,18.94,18.94,18.92,18.92,58
2026-09-22T09:19:00.000Z,2026-09-22T12:19:00,18.92,18.92,18.9,18.9,3338
2026-09-22T09:20:00.000Z,2026-09-22T12:20:00,18.9,18.96,18.9,18.96,9912
2026-09-22T09:21:00.000Z,2026-09-22T12:21:00,18.96,18.97,18.96,18.97,5002
2026-09-22T09:22:00.000Z,2026-09-22T12:22:00,18.91,18.91,18.91,18.91,2
2026-09-22T09:23:00.000Z,2026-09-22T12:23:00,18.96,18.96,18.96,18.96,9000
2026-09-22T09:24:00.000Z,2026-09-22T12:24:00,18.96,18.96,18.96,18.96,1659
2026-09-22T09:25:00.000Z,2026-09-22T12:25:00,18.96,18.97,18.95,18.95,1794
2026-09-22T09:26:00.000Z,2026-09-22T12:26:00,18.95,18.95,18.93,18.95,2634
2026-09-22T09:27:00.000Z,2026-09-22T12:27:00,18.93,18.93,18.91,18.91,3020
2026-09-22T09:28:00.000Z,2026-09-22T12:28:00,18.9,18.9,18.9,18.9,22161
2026-09-22T09:29:00.000Z,2026-09-22T12:29:00,18.9,18.9,18.89,18.89,2133
2026-09-22T09:30:00.000Z,2026-09-22T12:30:00,18.88,18.9,18.88,18.9,779
2026-09-22T09:31:00.000Z,2026-09-22T12:31:00,18.89,18.93,18.89,18.93,3772
2026-09-22T09:32:00.000Z,2026-09-22T12:32:00,18.9,18.9,18.9,18.9,1000
2026-09-22T09:33:00.000Z,2026-09-22T12:33:00,18.93,18.97,18.93,18.97,7594
2026-09-22T09:34:00.000Z,2026-09-22T12:34:00,18.97,18.97,18.93,18.93,2188
2026-09-22T09:35:00.000Z,2026-09-22T12:35:00,18.93,18.93,18.93,18.93,1309
2026-09-22T09:36:00.000Z,2026-09-22T12:36:00,18.93,18.97,18.93,18.97,1361
2026-09-22T09:37:00.000Z,2026-09-22T12:37:00,18.97,18.97,18.97,18.97,1912
2026-09-22T09:39:00.000Z,2026-09-22T12:39:00,18.92,18.92,18.92,18.92,28
2026-09-22T09:40:00.000Z,2026-09-22T12:40:00,18.92,18.97,18.92,18.97,5884
2026-09-22T09:41:00.000Z,2026-09-22T12:41:00,18.98,18.98,18.97,18.97,2743
2026-09-22T09:42:00.000Z,2026-09-22T12:42:00,18.98,18.98,18.97,18.98,543
2026-09-22T09:43:00.000Z,2026-09-22T12:43:00,18.98,18.98,18.97,18.97,11578
2026-09-22T09:44:00.000Z,2026-09-22T12:44:00,18.97,18.97,18.96,18.97,1008
2026-09-22T09:45:00.000Z,2026-09-22T12:45:00,18.97,18.97,18.97,18.97,1026
2026-09-22T09:46:00.000Z,2026-09-22T12:46:00,18.97,18.97,18.97,18.97,106
2026-09-22T09:47:00.000Z,2026-09-22T12:47:00,18.97,18.97,18.97,18.97,255
2026-09-22T09:48:00.000Z,2026-09-22T12:48:00,18.96,18.97,18.94,18.97,904
2026-09-22T09:49:00.000Z,2026-09-22T12:49:00,18.97,18.97,18.95,18.97,3019
2026-09-22T09:50:00.000Z,2026-09-22T12:50:00,18.95,18.95,18.95,18.95,5193
2026-09-22T09:51:00.000Z,2026-09-22T12:51:00,18.94,18.94,18.94,18.94,2
2026-09-22T09:52:00.000Z,2026-09-22T12:52:00,18.95,18.95,18.95,18.95,150
2026-09-22T09:53:00.000Z,2026-09-22T12:53:00,18.95,18.97,18.95,18.95,894
2026-09-22T09:54:00.000Z,2026-09-22T12:54:00,18.97,18.97,18.97,18.97,31
2026-09-22T09:55:00.000Z,2026-09-22T12:55:00,18.97,18.97,18.97,18.97,2000
2026-09-22T09:56:00.000Z,2026-09-22T12:56:00,18.97,18.97,18.97,18.97,24
2026-09-22T09:57:00.000Z,2026-09-22T12:57:00,18.97,18.97,18.97,18.97,5
2026-09-22T09:58:00.000Z,2026-09-22T12:58:00,18.97,18.97,18.97,18.97,3661
2026-09-22T09:59:00.000Z,2026-09-22T12:59:00,18.96,18.96,18.96,18.96,44
2026-09-22T10:00:00.000Z,2026-09-22T13:00:00,18.96,18.96,18.96,18.96,16
2026-09-22T10:01:00.000Z,2026-09-22T13:01:00,18.98,18.98,18.96,18.96,2021
2026-09-22T10:02:00.000Z,2026-09-22T13:02:00,18.96,18.98,18.96,18.98,272
2026-09-22T10:03:00.000Z,2026-09-22T13:03:00,18.98,18.99,18.98,18.99,44476
2026-09-22T10:04:00.000Z,2026-09-22T13:04:00,18.99,19,18.97,19,61002
2026-09-22T10:05:00.000Z,2026-09-22T13:05:00,18.97,18.97,18.97,18.97,104
2026-09-22T10:06:00.000Z,2026-09-22T13:06:00,18.97,18.97,18.97,18.97,8
2026-09-22T10:08:00.000Z,2026-09-22T13:08:00,18.97,18.97,18.97,18.97,694
2026-09-22T10:09:00.000Z,2026-09-22T13:09:00,18.97,18.97,18.96,18.96,1896
2026-09-22T10:10:00.000Z,2026-09-22T13:10:00,18.99,18.99,18.99,18.99,10
2026-09-22T10:11:00.000Z,2026-09-22T13:11:00,18.99,18.99,18.97,18.97,1009
2026-09-22T10:13:00.000Z,2026-09-22T13:13:00,18.97,18.99,18.97,18.99,8713
2026-09-22T10:14:00.000Z,2026-09-22T13:14:00,18.99,19,18.99,19,10440
2026-09-22T10:15:00.000Z,2026-09-22T13:15:00,19,19,18.99,18.99,7151
2026-09-22T10:16:00.000Z,2026-09-22T13:16:00,19,19,19,19,13884
2026-09-22T10:17:00.000Z,2026-09-22T13:17:00,19,19,18.99,18.99,5064
2026-09-22T10:18:00.000Z,2026-09-22T13:18:00,18.99,18.99,18.99,18.99,1518
2026-09-22T10:19:00.000Z,2026-09-22T13:19:00,18.98,19,18.98,19,1960
2026-09-22T10:21:00.000Z,2026-09-22T13:21:00,18.99,18.99,18.99,18.99,152
2026-09-22T10:23:00.000Z,2026-09-22T13:23:00,18.99,18.99,18.99,18.99,7
2026-09-22T10:24:00.000Z,2026-09-22T13:24:00,18.99,19,18.99,19,2997
2026-09-22T10:25:00.000Z,2026-09-22T13:25:00,19,19,18.98,19,11250
2026-09-22T10:27:00.000Z,2026-09-22T13:27:00,18.99,18.99,18.99,18.99,52
2026-09-22T10:28:00.000Z,2026-09-22T13:28:00,18.99,18.99,18.99,18.99,3387
2026-09-22T10:29:00.000Z,2026-09-22T13:29:00,18.98,19,18.98,19,52308
2026-09-22T10:31:00.000Z,2026-09-22T13:31:00,19,19,18.99,18.99,836
2026-09-22T10:33:00.000Z,2026-09-22T13:33:00,18.99,18.99,18.98,18.99,3814
2026-09-22T10:34:00.000Z,2026-09-22T13:34:00,18.99,18.99,18.99,18.99,880
2026-09-22T10:35:00.000Z,2026-09-22T13:35:00,18.99,18.99,18.98,18.98,1772
2026-09-22T10:36:00.000Z,2026-09-22T13:36:00,18.99,19,18.99,19,97668
2026-09-22T10:37:00.000Z,2026-09-22T13:37:00,18.99,18.99,18.99,18.99,1
2026-09-22T10:39:00.000Z,2026-09-22T13:39:00,18.99,19,18.99,19,983
2026-09-22T10:40:00.000Z,2026-09-22T13:40:00,19,19,18.99,18.99,616
2026-09-22T10:41:00.000Z,2026-09-22T13:41:00,18.98,18.98,18.98,18.98,10707
2026-09-22T10:42:00.000Z,2026-09-22T13:42:00,18.98,18.98,18.98,18.98,1
2026-09-22T10:44:00.000Z,2026-09-22T13:44:00,18.97,18.97,18.97,18.97,2001
2026-09-22T10:45:00.000Z,2026-09-22T13:45:00,18.95,18.95,18.95,18.95,237
2026-09-22T10:46:00.000Z,2026-09-22T13:46:00,18.95,18.95,18.95,18.95,1500
2026-09-22T10:47:00.000Z,2026-09-22T13:47:00,18.95,18.95,18.95,18.95,105
2026-09-22T10:48:00.000Z,2026-09-22T13:48:00,18.97,18.97,18.97,18.97,789
2026-09-22T10:49:00.000Z,2026-09-22T13:49:00,18.95,18.95,18.95,18.95,12
2026-09-22T10:50:00.000Z,2026-09-22T13:50:00,18.97,18.97,18.95,18.95,25955
2026-09-22T10:51:00.000Z,2026-09-22T13:51:00,18.95,19,18.94,18.94,52064
2026-09-22T10:52:00.000Z,2026-09-22T13:52:00,18.99,18.99,18.99,18.99,15
2026-09-22T10:53:00.000Z,2026-09-22T13:53:00,18.99,18.99,18.9,18.9,20060
2026-09-22T10:54:00.000Z,2026-09-22T13:54:00,18.91,18.98,18.91,18.98,27
2026-09-22T10:55:00.000Z,2026-09-22T13:55:00,18.95,18.98,18.95,18.98,229
2026-09-22T10:56:00.000Z,2026-09-22T13:56:00,18.93,18.93,18.93,18.93,50
2026-09-22T10:57:00.000Z,2026-09-22T13:57:00,18.98,18.98,18.98,18.98,160
2026-09-22T10:58:00.000Z,2026-09-22T13:58:00,18.93,18.93,18.92,18.92,8001
2026-09-22T10:59:00.000Z,2026-09-22T13:59:00,18.92,18.97,18.92,18.97,5449
2026-09-22T11:00:00.000Z,2026-09-22T14:00:00,18.92,18.97,18.92,18.92,4955
2026-09-22T11:01:00.000Z,2026-09-22T14:01:00,18.92,18.96,18.92,18.96,965
2026-09-22T11:02:00.000Z,2026-09-22T14:02:00,18.96,18.97,18.96,18.97,1000000
2026-09-22T11:03:00.000Z,2026-09-22T14:03:00,18.92,18.92,18.9,18.92,5943
2026-09-22T11:04:00.000Z,2026-09-22T14:04:00,18.92,18.97,18.9,18.93,20054
2026-09-22T11:05:00.000Z,2026-09-22T14:05:00,18.97,18.97,18.97,18.97,20262
2026-09-22T11:06:00.000Z,2026-09-22T14:06:00,18.97,18.99,18.97,18.97,3163
2026-09-22T11:07:00.000Z,2026-09-22T14:07:00,18.97,18.97,18.97,18.97,1343
2026-09-22T11:08:00.000Z,2026-09-22T14:08:00,18.97,18.97,18.93,18.97,5989
2026-09-22T11:09:00.000Z,2026-09-22T14:09:00,18.95,18.95,18.9,18.95,12602
2026-09-22T11:10:00.000Z,2026-09-22T14:10:00,18.95,18.95,18.95,18.95,263
2026-09-22T11:11:00.000Z,2026-09-22T14:11:00,18.91,18.91,18.9,18.9,4943
2026-09-22T11:12:00.000Z,2026-09-22T14:12:00,18.92,18.92,18.9,18.9,613
2026-09-22T11:13:00.000Z,2026-09-22T14:13:00,18.92,18.92,18.9,18.9,2000
2026-09-22T11:14:00.000Z,2026-09-22T14:14:00,18.9,18.95,18.9,18.95,23461
2026-09-22T11:25:00.000Z,2026-09-22T14:25:00,18.93,18.93,18.93,18.93,2600
2026-09-22T11:26:00.000Z,2026-09-22T14:26:00,18.93,18.93,18.93,18.93,5000
2026-09-22T11:27:00.000Z,2026-09-22T14:27:00,18.93,18.93,18.93,18.93,15915
2026-09-22T11:28:00.000Z,2026-09-22T14:28:00,18.93,18.93,18.93,18.93,4000
2026-09-22T11:29:00.000Z,2026-09-22T14:29:00,18.93,18.93,18.93,18.93,5000
2026-09-23T07:00:00.000Z,2026-09-23T10:00:00,19.13,19.18,19.1,19.13,253235
2026-09-23T07:01:00.000Z,2026-09-23T10:01:00,19.13,19.19,19.09,19.18,36918
2026-09-23T07:02:00.000Z,2026-09-23T10:02:00,19.16,19.16,19.13,19.14,20686
2026-09-23T07:03:00.000Z,2026-09-23T10:03:00,19.15,19.18,19.15,19.18,22165
2026-09-23T07:04:00.000Z,2026-09-23T10:04:00,19.18,19.19,19.17,19.19,52376
2026-09-23T07:05:00.000Z,2026-09-23T10:05:00,19.19,19.19,19.17,19.18,5299
2026-09-23T07:06:00.000Z,2026-09-23T10:06:00,19.17,19.18,19.17,19.18,13162
2026-09-23T07:07:00.000Z,2026-09-23T10:07:00,19.17,19.18,19.17,19.17,9295
2026-09-23T07:08:00.000Z,2026-09-23T10:08:00,19.17,19.23,19.14,19.23,278279
2026-09-23T07:09:00.000Z,2026-09-23T10:09:00,19.21,19.32,19.21,19.32,511782
2026-09-23T07:10:00.000Z,2026-09-23T10:10:00,19.32,19.36,19.21,19.34,173541
2026-09-23T07:11:00.000Z,2026-09-23T10:11:00,19.33,19.34,19.29,19.34,61300
2026-09-23T07:12:00.000Z,2026-09-23T10:12:00,19.32,19.34,19.21,19.26,167257
2026-09-23T07:13:00.000Z,2026-09-23T10:13:00,19.3,19.3,19.26,19.3,34088
2026-09-23T07:14:00.000Z,2026-09-23T10:14:00,19.28,19.28,19.26,19.26,17200
2026-09-23T07:15:00.000Z,2026-09-23T10:15:00,19.26,19.26,19.25,19.25,34480
2026-09-23T07:16:00.000Z,2026-09-23T10:16:00,19.25,19.29,19.25,19.28,37008
2026-09-23T07:17:00.000Z,2026-09-23T10:17:00,19.28,19.28,19.26,19.26,13798
2026-09-23T07:18:00.000Z,2026-09-23T10:18:00,19.26,19.26,19.24,19.24,33845
2026-09-23T07:19:00.000Z,2026-09-23T10:19:00,19.24,19.25,19.23,19.25,17726
2026-09-23T07:20:00.000Z,2026-09-23T10:20:00,19.24,19.24,19.23,19.23,5450
2026-09-23T07:21:00.000Z,2026-09-23T10:21:00,19.23,19.25,19.2,19.2,45285
2026-09-23T07:22:00.000Z,2026-09-23T10:22:00,19.2,19.2,19.18,19.19,1940
2026-09-23T07:23:00.000Z,2026-09-23T10:23:00,19.19,19.2,19.17,19.2,13885
2026-09-23T07:24:00.000Z,2026-09-23T10:24:00,19.19,19.24,19.19,19.24,53178
2026-09-23T07:25:00.000Z,2026-09-23T10:25:00,19.2,19.26,19.2,19.26,57095
2026-09-23T07:26:00.000Z,2026-09-23T10:26:00,19.27,19.28,19.26,19.28,13029
2026-09-23T07:27:00.000Z,2026-09-23T10:27:00,19.28,19.28,19.26,19.28,7509
2026-09-23T07:28:00.000Z,2026-09-23T10:28:00,19.28,19.28,19.26,19.26,8067
2026-09-23T07:29:00.000Z,2026-09-23T10:29:00,19.27,19.27,19.27,19.27,2463
2026-09-23T07:30:00.000Z,2026-09-23T10:30:00,19.26,19.26,19.23,19.23,9222
2026-09-23T07:31:00.000Z,2026-09-23T10:31:00,19.23,19.25,19.23,19.23,446
2026-09-23T07:32:00.000Z,2026-09-23T10:32:00,19.24,19.25,19.2,19.2,27728
2026-09-23T07:33:00.000Z,2026-09-23T10:33:00,19.25,19.25,19.2,19.2,4573
2026-09-23T07:34:00.000Z,2026-09-23T10:34:00,19.24,19.25,19.2,19.2,13261
2026-09-23T07:35:00.000Z,2026-09-23T10:35:00,19.25,19.25,19.21,19.22,22771
2026-09-23T07:36:00.000Z,2026-09-23T10:36:00,19.21,19.23,19.19,19.23,30240
2026-09-23T07:37:00.000Z,2026-09-23T10:37:00,19.2,19.22,19.2,19.22,3790
2026-09-23T07:38:00.000Z,2026-09-23T10:38:00,19.22,19.25,19.2,19.2,61512
2026-09-23T07:39:00.000Z,2026-09-23T10:39:00,19.2,19.25,19.2,19.21,4196
2026-09-23T07:40:00.000Z,2026-09-23T10:40:00,19.22,19.25,19.21,19.25,55820
2026-09-23T07:41:00.000Z,2026-09-23T10:41:00,19.25,19.25,19.2,19.23,21031
2026-09-23T07:42:00.000Z,2026-09-23T10:42:00,19.2,19.23,19.2,19.21,25832
2026-09-23T07:43:00.000Z,2026-09-23T10:43:00,19.21,19.23,19.2,19.23,11857
2026-09-23T07:44:00.000Z,2026-09-23T10:44:00,19.23,19.24,19.22,19.24,49266
2026-09-23T07:45:00.000Z,2026-09-23T10:45:00,19.25,19.26,19.2,19.22,37033
2026-09-23T07:46:00.000Z,2026-09-23T10:46:00,19.22,19.22,19.2,19.2,25500
2026-09-23T07:47:00.000Z,2026-09-23T10:47:00,19.21,19.25,19.21,19.24,50359
2026-09-23T07:48:00.000Z,2026-09-23T10:48:00,19.24,19.24,19.21,19.21,26690
2026-09-23T07:49:00.000Z,2026-09-23T10:49:00,19.21,19.24,19.21,19.21,7901
2026-09-23T07:50:00.000Z,2026-09-23T10:50:00,19.24,19.27,19.24,19.24,91052
2026-09-23T07:51:00.000Z,2026-09-23T10:51:00,19.23,19.26,19.23,19.26,13481
2026-09-23T07:52:00.000Z,2026-09-23T10:52:00,19.26,19.27,19.26,19.26,23785
2026-09-23T07:53:00.000Z,2026-09-23T10:53:00,19.26,19.27,19.26,19.27,13871
2026-09-23T07:54:00.000Z,2026-09-23T10:54:00,19.26,19.26,19.24,19.24,36087
2026-09-23T07:55:00.000Z,2026-09-23T10:55:00,19.24,19.24,19.22,19.22,9954
2026-09-23T07:56:00.000Z,2026-09-23T10:56:00,19.22,19.22,19.22,19.22,500
2026-09-23T07:57:00.000Z,2026-09-23T10:57:00,19.24,19.25,19.23,19.23,31978
2026-09-23T07:58:00.000Z,2026-09-23T10:58:00,19.23,19.23,19.23,19.23,147
2026-09-23T07:59:00.000Z,2026-09-23T10:59:00,19.23,19.24,19.23,19.24,8806
2026-09-23T08:00:00.000Z,2026-09-23T11:00:00,19.25,19.25,19.23,19.23,6089
2026-09-23T08:01:00.000Z,2026-09-23T11:01:00,19.23,19.23,19.2,19.22,50237
2026-09-23T08:02:00.000Z,2026-09-23T11:02:00,19.2,19.25,19.2,19.2,31747
2026-09-23T08:03:00.000Z,2026-09-23T11:03:00,19.25,19.25,19.21,19.23,2373
2026-09-23T08:04:00.000Z,2026-09-23T11:04:00,19.21,19.23,19.18,19.18,27772
2026-09-23T08:05:00.000Z,2026-09-23T11:05:00,19.21,19.21,19.2,19.2,7
2026-09-23T08:06:00.000Z,2026-09-23T11:06:00,19.19,19.19,19.15,19.15,45648
2026-09-23T08:07:00.000Z,2026-09-23T11:07:00,19.13,19.13,19.12,19.12,5275
2026-09-23T08:08:00.000Z,2026-09-23T11:08:00,19.12,19.15,19.09,19.1,59559
2026-09-23T08:09:00.000Z,2026-09-23T11:09:00,19.09,19.09,19.07,19.07,25810
2026-09-23T08:10:00.000Z,2026-09-23T11:10:00,19.07,19.15,19.05,19.1,128270
2026-09-23T08:11:00.000Z,2026-09-23T11:11:00,19.1,19.1,19.09,19.09,23192
2026-09-23T08:12:00.000Z,2026-09-23T11:12:00,19.08,19.09,19.08,19.09,2544
2026-09-23T08:13:00.000Z,2026-09-23T11:13:00,19.09,19.09,19.09,19.09,1
2026-09-23T08:14:00.000Z,2026-09-23T11:14:00,19.1,19.1,19.02,19.02,151667
2026-09-23T08:15:00.000Z,2026-09-23T11:15:00,19.09,19.19,19.08,19.19,39017
2026-09-23T08:16:00.000Z,2026-09-23T11:16:00,19.09,19.09,19.09,19.09,781
2026-09-23T08:17:00.000Z,2026-09-23T11:17:00,19.07,19.07,19.07,19.07,8
2026-09-23T08:18:00.000Z,2026-09-23T11:18:00,19.1,19.1,19.1,19.1,178
2026-09-23T08:19:00.000Z,2026-09-23T11:19:00,19.1,19.1,19.1,19.1,363
2026-09-23T08:20:00.000Z,2026-09-23T11:20:00,19.1,19.11,19.1,19.11,4759
2026-09-23T08:21:00.000Z,2026-09-23T11:21:00,19.07,19.07,19.07,19.07,580
2026-09-23T08:22:00.000Z,2026-09-23T11:22:00,19.11,19.11,19.07,19.11,1318
2026-09-23T08:23:00.000Z,2026-09-23T11:23:00,19.07,19.11,19.07,19.11,883
2026-09-23T08:24:00.000Z,2026-09-23T11:24:00,19.11,19.11,19.11,19.11,1008
2026-09-23T08:25:00.000Z,2026-09-23T11:25:00,19.1,19.11,19.1,19.11,5419
2026-09-23T08:26:00.000Z,2026-09-23T11:26:00,19.11,19.15,19.11,19.11,2080
2026-09-23T08:27:00.000Z,2026-09-23T11:27:00,19.11,19.11,19.11,19.11,71
2026-09-23T08:28:00.000Z,2026-09-23T11:28:00,19.11,19.11,19.1,19.1,1001
2026-09-23T08:29:00.000Z,2026-09-23T11:29:00,19.1,19.1,19.1,19.1,2173
2026-09-23T08:30:00.000Z,2026-09-23T11:30:00,19.1,19.1,19.1,19.1,7570
2026-09-23T08:31:00.000Z,2026-09-23T11:31:00,19.08,19.1,19.08,19.1,1001
2026-09-23T08:32:00.000Z,2026-09-23T11:32:00,19.1,19.1,19.08,19.1,605
2026-09-23T08:34:00.000Z,2026-09-23T11:34:00,19.1,19.1,19.1,19.1,511
2026-09-23T08:35:00.000Z,2026-09-23T11:35:00,19.08,19.08,19.06,19.06,7612
2026-09-23T08:36:00.000Z,2026-09-23T11:36:00,19.1,19.1,19.06,19.1,2634
2026-09-23T08:37:00.000Z,2026-09-23T11:37:00,19.1,19.1,19.1,19.1,4227
2026-09-23T08:38:00.000Z,2026-09-23T11:38:00,19.11,19.11,19.06,19.06,4438
2026-09-23T08:39:00.000Z,2026-09-23T11:39:00,19.1,19.1,19.1,19.1,100
2026-09-23T08:40:00.000Z,2026-09-23T11:40:00,19.1,19.1,19.06,19.06,3299
2026-09-23T08:41:00.000Z,2026-09-23T11:41:00,19.1,19.1,19.07,19.07,530
2026-09-23T08:42:00.000Z,2026-09-23T11:42:00,19.07,19.07,19.07,19.07,1149
2026-09-23T08:43:00.000Z,2026-09-23T11:43:00,19.07,19.07,19.07,19.07,435
2026-09-23T08:44:00.000Z,2026-09-23T11:44:00,19.09,19.1,19.07,19.07,1084
2026-09-23T08:45:00.000Z,2026-09-23T11:45:00,19.07,19.07,19.07,19.07,2000
2026-09-23T08:46:00.000Z,2026-09-23T11:46:00,19.1,19.1,19.07,19.07,15372
2026-09-23T08:47:00.000Z,2026-09-23T11:47:00,19.07,19.07,19.06,19.06,3234
2026-09-23T08:48:00.000Z,2026-09-23T11:48:00,19.07,19.07,19.06,19.06,25807
2026-09-23T08:49:00.000Z,2026-09-23T11:49:00,19.06,19.1,19.06,19.1,23
2026-09-23T08:50:00.000Z,2026-09-23T11:50:00,19.09,19.09,19.09,19.09,2
2026-09-23T08:51:00.000Z,2026-09-23T11:51:00,19.07,19.07,19.06,19.06,10700
2026-09-23T08:52:00.000Z,2026-09-23T11:52:00,19.07,19.07,19.07,19.07,2984
2026-09-23T08:53:00.000Z,2026-09-23T11:53:00,19.06,19.07,19.06,19.07,4182
2026-09-23T08:54:00.000Z,2026-09-23T11:54:00,19.09,19.09,19.09,19.09,2368
2026-09-23T08:55:00.000Z,2026-09-23T11:55:00,19.09,19.09,19.09,19.09,324
2026-09-23T08:56:00.000Z,2026-09-23T11:56:00,19.09,19.09,19.07,19.07,1039
2026-09-23T08:58:00.000Z,2026-09-23T11:58:00,19.07,19.07,19.07,19.07,273
2026-09-23T08:59:00.000Z,2026-09-23T11:59:00,19.08,19.08,19.07,19.07,4419
2026-09-23T09:00:00.000Z,2026-09-23T12:00:00,19.07,19.08,19.07,19.07,5765
2026-09-23T09:01:00.000Z,2026-09-23T12:01:00,19.07,19.07,19.06,19.06,5050
2026-09-23T09:02:00.000Z,2026-09-23T12:02:00,19.07,19.07,19.06,19.06,2015
2026-09-23T09:03:00.000Z,2026-09-23T12:03:00,19.06,19.06,19.06,19.06,3170
2026-09-23T09:04:00.000Z,2026-09-23T12:04:00,19.07,19.07,19.06,19.07,978
2026-09-23T09:05:00.000Z,2026-09-23T12:05:00,19.07,19.07,19.06,19.07,2319
2026-09-23T09:06:00.000Z,2026-09-23T12:06:00,19.06,19.07,19.06,19.06,3829
2026-09-23T09:07:00.000Z,2026-09-23T12:07:00,19.06,19.07,19.06,19.07,504
2026-09-23T09:08:00.000Z,2026-09-23T12:08:00,19.06,19.06,19.05,19.06,11388
2026-09-23T09:09:00.000Z,2026-09-23T12:09:00,19.06,19.07,19.05,19.05,7424
2026-09-23T09:10:00.000Z,2026-09-23T12:10:00,19.07,19.07,19.05,19.05,941
2026-09-23T09:11:00.000Z,2026-09-23T12:11:00,19.07,19.07,19.07,19.07,7422
2026-09-23T09:12:00.000Z,2026-09-23T12:12:00,19.07,19.07,19.07,19.07,50
2026-09-23T09:13:00.000Z,2026-09-23T12:13:00,19.07,19.07,19.07,19.07,650
2026-09-23T09:14:00.000Z,2026-09-23T12:14:00,19.07,19.15,19.07,19.15,109744
2026-09-23T09:15:00.000Z,2026-09-23T12:15:00,19.1,19.15,19.08,19.08,17530
2026-09-23T09:16:00.000Z,2026-09-23T12:16:00,19.09,19.1,19.09,19.1,105
2026-09-23T09:17:00.000Z,2026-09-23T12:17:00,19.1,19.1,19.1,19.1,1
2026-09-23T09:18:00.000Z,2026-09-23T12:18:00,19.1,19.1,19.1,19.1,21322
2026-09-23T09:19:00.000Z,2026-09-23T12:19:00,19.13,19.14,19.13,19.14,39700
2026-09-23T09:20:00.000Z,2026-09-23T12:20:00,19.14,19.14,19.11,19.11,2336
2026-09-23T09:21:00.000Z,2026-09-23T12:21:00,19.11,19.14,19.11,19.11,518
2026-09-23T09:22:00.000Z,2026-09-23T12:22:00,19.13,19.13,19.11,19.11,29
2026-09-23T09:23:00.000Z,2026-09-23T12:23:00,19.11,19.11,19.1,19.1,69885
2026-09-23T09:24:00.000Z,2026-09-23T12:24:00,19.1,19.1,19.1,19.1,1687
2026-09-23T09:25:00.000Z,2026-09-23T12:25:00,19.09,19.09,19.09,19.09,727
2026-09-23T09:26:00.000Z,2026-09-23T12:26:00,19.09,19.09,19.09,19.09,628
2026-09-23T09:27:00.000Z,2026-09-23T12:27:00,19.1,19.1,19.09,19.1,2516
2026-09-23T09:28:00.000Z,2026-09-23T12:28:00,19.09,19.09,19.07,19.07,31000
2026-09-23T09:29:00.000Z,2026-09-23T12:29:00,19.09,19.09,19.09,19.09,4261
2026-09-23T09:30:00.000Z,2026-09-23T12:30:00,19.1,19.1,19.06,19.06,32849
2026-09-23T09:31:00.000Z,2026-09-23T12:31:00,19.06,19.06,19.05,19.05,9201
2026-09-23T09:32:00.000Z,2026-09-23T12:32:00,19.05,19.06,19.05,19.06,520
2026-09-23T09:33:00.000Z,2026-09-23T12:33:00,19.06,19.06,19.05,19.05,101
2026-09-23T09:34:00.000Z,2026-09-23T12:34:00,19.05,19.09,19.05,19.09,2773
2026-09-23T09:35:00.000Z,2026-09-23T12:35:00,19.09,19.1,19.09,19.1,64367
2026-09-23T09:36:00.000Z,2026-09-23T12:36:00,19.1,19.14,19.1,19.11,10386
2026-09-23T09:37:00.000Z,2026-09-23T12:37:00,19.12,19.12,19.11,19.11,17946
2026-09-23T09:38:00.000Z,2026-09-23T12:38:00,19.1,19.1,19.09,19.09,5000
2026-09-23T09:39:00.000Z,2026-09-23T12:39:00,19.07,19.12,19.06,19.12,4634
2026-09-23T09:40:00.000Z,2026-09-23T12:40:00,19.11,19.11,19.1,19.1,7680
2026-09-23T09:42:00.000Z,2026-09-23T12:42:00,19.07,19.07,19.07,19.07,637
2026-09-23T09:43:00.000Z,2026-09-23T12:43:00,19.1,19.1,19.1,19.1,786
2026-09-23T09:44:00.000Z,2026-09-23T12:44:00,19.07,19.1,19.07,19.07,1651
2026-09-23T09:45:00.000Z,2026-09-23T12:45:00,19.07,19.07,19.07,19.07,2050
2026-09-23T09:46:00.000Z,2026-09-23T12:46:00,19.07,19.1,19.07,19.08,1443
2026-09-23T09:47:00.000Z,2026-09-23T12:47:00,19.1,19.1,19.08,19.08,8003
2026-09-23T09:48:00.000Z,2026-09-23T12:48:00,19.08,19.08,19.08,19.08,7211
2026-09-23T09:49:00.000Z,2026-09-23T12:49:00,19.08,19.08,19.08,19.08,3
2026-09-23T09:50:00.000Z,2026-09-23T12:50:00,19.08,19.1,19.07,19.1,11700
2026-09-23T09:51:00.000Z,2026-09-23T12:51:00,19.08,19.1,19.07,19.08,56075
2026-09-23T09:52:00.000Z,2026-09-23T12:52:00,19.08,19.08,19.07,19.07,5522
2026-09-23T09:53:00.000Z,2026-09-23T12:53:00,19.1,19.1,19.1,19.1,58
2026-09-23T09:54:00.000Z,2026-09-23T12:54:00,19.1,19.1,19.08,19.1,18474
2026-09-23T09:55:00.000Z,2026-09-23T12:55:00,19.13,19.13,19.1,19.1,610
2026-09-23T09:56:00.000Z,2026-09-23T12:56:00,19.1,19.13,19.1,19.13,10400
2026-09-23T09:57:00.000Z,2026-09-23T12:57:00,19.1,19.13,19.08,19.08,1054
2026-09-23T09:58:00.000Z,2026-09-23T12:58:00,19.08,19.08,19.08,19.08,287
2026-09-23T09:59:00.000Z,2026-09-23T12:59:00,19.13,19.13,19.1,19.13,459
2026-09-23T10:00:00.000Z,2026-09-23T13:00:00,19.1,19.1,19.1,19.1,1
2026-09-23T10:01:00.000Z,2026-09-23T13:01:00,19.11,19.13,19.11,19.13,731
2026-09-23T10:02:00.000Z,2026-09-23T13:02:00,19.11,19.13,19.11,19.13,1020
2026-09-23T10:03:00.000Z,2026-09-23T13:03:00,19.11,19.11,19.08,19.08,3341
2026-09-23T10:04:00.000Z,2026-09-23T13:04:00,19.1,19.1,19.1,19.1,2505
2026-09-23T10:05:00.000Z,2026-09-23T13:05:00,19.09,19.09,19.09,19.09,1262
2026-09-23T10:07:00.000Z,2026-09-23T13:07:00,19.1,19.1,19.1,19.1,57
2026-09-23T10:08:00.000Z,2026-09-23T13:08:00,19.09,19.09,19.09,19.09,391
2026-09-23T10:09:00.000Z,2026-09-23T13:09:00,19.1,19.1,19.09,19.1,454
2026-09-23T10:10:00.000Z,2026-09-23T13:10:00,19.1,19.1,19.1,19.1,2061
2026-09-23T10:11:00.000Z,2026-09-23T13:11:00,19.09,19.09,19.09,19.09,41
2026-09-23T10:12:00.000Z,2026-09-23T13:12:00,19.09,19.09,19.08,19.08,5420
2026-09-23T10:13:00.000Z,2026-09-23T13:13:00,19.08,19.1,19.07,19.1,3015
2026-09-23T10:14:00.000Z,2026-09-23T13:14:00,19.07,19.1,19.07,19.07,6073
2026-09-23T10:15:00.000Z,2026-09-23T13:15:00,19.1,19.1,19.07,19.07,562
2026-09-23T10:16:00.000Z,2026-09-23T13:16:00,19.07,19.07,19.07,19.07,84
2026-09-23T10:17:00.000Z,2026-09-23T13:17:00,19.07,19.07,19.07,19.07,6
2026-09-23T10:18:00.000Z,2026-09-23T13:18:00,19.1,19.1,19.1,19.1,81
2026-09-23T10:19:00.000Z,2026-09-23T13:19:00,19.07,19.1,19.07,19.1,2581
2026-09-23T10:20:00.000Z,2026-09-23T13:20:00,19.1,19.1,19.1,19.1,66
2026-09-23T10:21:00.000Z,2026-09-23T13:21:00,19.1,19.1,19.07,19.1,105062
2026-09-23T10:22:00.000Z,2026-09-23T13:22:00,19.1,19.11,19.07,19.1,285771
2026-09-23T10:23:00.000Z,2026-09-23T13:23:00,19.1,19.1,19.09,19.09,50290
2026-09-23T10:24:00.000Z,2026-09-23T13:24:00,19.09,19.09,19.08,19.09,4942
2026-09-23T10:25:00.000Z,2026-09-23T13:25:00,19.1,19.1,19.1,19.1,45
2026-09-23T10:26:00.000Z,2026-09-23T13:26:00,19.09,19.09,19.09,19.09,100
2026-09-23T10:27:00.000Z,2026-09-23T13:27:00,19.09,19.1,19.09,19.1,179
2026-09-23T10:28:00.000Z,2026-09-23T13:28:00,19.1,19.1,19.09,19.09,502
2026-09-23T10:29:00.000Z,2026-09-23T13:29:00,19.1,19.1,19.1,19.1,104
2026-09-23T10:30:00.000Z,2026-09-23T13:30:00,19.09,19.1,19.09,19.1,22735
2026-09-23T10:31:00.000Z,2026-09-23T13:31:00,19.09,19.09,19.09,19.09,249
2026-09-23T10:32:00.000Z,2026-09-23T13:32:00,19.09,19.1,19.09,19.1,56
2026-09-23T10:33:00.000Z,2026-09-23T13:33:00,19.09,19.09,19.09,19.09,279
2026-09-23T10:34:00.000Z,2026-09-23T13:34:00,19.09,19.09,19.09,19.09,1104
2026-09-23T10:35:00.000Z,2026-09-23T13:35:00,19.09,19.1,19.09,19.1,3266
2026-09-23T10:36:00.000Z,2026-09-23T13:36:00,19.08,19.1,19.07,19.1,4115
2026-09-23T10:37:00.000Z,2026-09-23T13:37:00,19.07,19.1,19.07,19.1,1889
2026-09-23T10:38:00.000Z,2026-09-23T13:38:00,19.07,19.1,19.07,19.1,970
2026-09-23T10:39:00.000Z,2026-09-23T13:39:00,19.1,19.1,19.08,19.09,550502
2026-09-23T10:40:00.000Z,2026-09-23T13:40:00,19.09,19.09,19.07,19.07,5556
2026-09-23T10:41:00.000Z,2026-09-23T13:41:00,19.09,19.09,19.07,19.07,2359
2026-09-23T10:42:00.000Z,2026-09-23T13:42:00,19.09,19.09,19.06,19.06,14895
2026-09-23T10:43:00.000Z,2026-09-23T13:43:00,19.07,19.07,19.06,19.07,1858
2026-09-23T10:44:00.000Z,2026-09-23T13:44:00,19.07,19.07,19.05,19.05,53528
2026-09-23T10:45:00.000Z,2026-09-23T13:45:00,19.04,19.05,19.04,19.05,13279
2026-09-23T10:46:00.000Z,2026-09-23T13:46:00,19.05,19.05,19.04,19.04,12083
2026-09-23T10:47:00.000Z,2026-09-23T13:47:00,19.04,19.05,19.03,19.03,5731
2026-09-23T10:48:00.000Z,2026-09-23T13:48:00,19.03,19.05,19.03,19.05,15682
2026-09-23T10:49:00.000Z,2026-09-23T13:49:00,19.05,19.05,19.02,19.02,143958
2026-09-23T10:50:00.000Z,2026-09-23T13:50:00,19.03,19.05,19.03,19.04,1331
2026-09-23T10:51:00.000Z,2026-09-23T13:51:00,19.04,19.07,19,19,163335
2026-09-23T10:52:00.000Z,2026-09-23T13:52:00,19,19,19,19,12031
2026-09-23T10:53:00.000Z,2026-09-23T13:53:00,19,19,19,19,6236
2026-09-23T10:54:00.000Z,2026-09-23T13:54:00,19,19.05,18.99,19.05,23732
2026-09-23T10:55:00.000Z,2026-09-23T13:55:00,19.01,19.01,18.99,18.99,12030
2026-09-23T10:56:00.000Z,2026-09-23T13:56:00,18.99,19.05,18.99,19.05,220
2026-09-23T10:57:00.000Z,2026-09-23T13:57:00,19,19,18.98,18.99,15114
2026-09-23T10:58:00.000Z,2026-09-23T13:58:00,18.99,19.03,18.97,18.97,12296
2026-09-23T10:59:00.000Z,2026-09-23T13:59:00,19.03,19.03,19.03,19.03,15
2026-09-23T11:00:00.000Z,2026-09-23T14:00:00,19,19.05,18.96,19.05,14530
2026-09-23T11:01:00.000Z,2026-09-23T14:01:00,19.05,19.05,18.93,18.93,32680
2026-09-23T11:02:00.000Z,2026-09-23T14:02:00,18.96,18.96,18.93,18.93,10000
2026-09-23T11:03:00.000Z,2026-09-23T14:03:00,18.96,18.96,18.92,18.92,15135
2026-09-23T11:04:00.000Z,2026-09-23T14:04:00,18.98,19.04,18.98,19,39252
2026-09-23T11:05:00.000Z,2026-09-23T14:05:00,19,19,19,19,62944
2026-09-23T11:06:00.000Z,2026-09-23T14:06:00,19,19.03,18.92,19.02,12210
2026-09-23T11:07:00.000Z,2026-09-23T14:07:00,19,19.02,18.91,18.91,16298
2026-09-23T11:08:00.000Z,2026-09-23T14:08:00,19,19,18.91,18.92,36527
2026-09-23T11:09:00.000Z,2026-09-23T14:09:00,18.99,19,18.91,19,69250
2026-09-23T11:10:00.000Z,2026-09-23T14:10:00,19.01,19.01,18.82,18.83,194964
2026-09-23T11:11:00.000Z,2026-09-23T14:11:00,18.85,19.01,18.85,19,100452
2026-09-23T11:12:00.000Z,2026-09-23T14:12:00,19,19,18.87,18.9,55738
2026-09-23T11:13:00.000Z,2026-09-23T14:13:00,19,19,18.9,18.9,24231
2026-09-23T11:14:00.000Z,2026-09-23T14:14:00,18.9,18.91,18.86,18.91,109508
2026-09-23T11:25:00.000Z,2026-09-23T14:25:00,18.9,18.9,18.9,18.9,69471
2026-09-23T11:26:00.000Z,2026-09-23T14:26:00,18.9,18.9,18.9,18.9,10873
2026-09-23T11:27:00.000Z,2026-09-23T14:27:00,18.9,18.9,18.9,18.9,2549
2026-09-23T11:28:00.000Z,2026-09-23T14:28:00,18.9,18.9,18.9,18.9,6400
2026-09-23T11:29:00.000Z,2026-09-23T14:29:00,18.9,18.9,18.9,18.9,1289
2026-09-24T07:00:00.000Z,2026-09-24T10:00:00,18.9,18.92,18.9,18.92,20344
2026-09-24T07:01:00.000Z,2026-09-24T10:01:00,18.97,19,18.95,18.99,2993
2026-09-24T07:02:00.000Z,2026-09-24T10:02:00,18.9,19,18.86,18.95,57521
2026-09-24T07:03:00.000Z,2026-09-24T10:03:00,18.94,18.94,18.86,18.87,11417
2026-09-24T07:04:00.000Z,2026-09-24T10:04:00,18.88,18.92,18.88,18.92,617
2026-09-24T07:05:00.000Z,2026-09-24T10:05:00,18.89,18.89,18.89,18.89,579
2026-09-24T07:06:00.000Z,2026-09-24T10:06:00,18.88,18.93,18.88,18.93,7286
2026-09-24T07:07:00.000Z,2026-09-24T10:07:00,18.89,18.89,18.88,18.88,16154
2026-09-24T07:08:00.000Z,2026-09-24T10:08:00,18.88,18.88,18.85,18.87,37630
2026-09-24T07:09:00.000Z,2026-09-24T10:09:00,18.85,18.87,18.85,18.85,28599
2026-09-24T07:10:00.000Z,2026-09-24T10:10:00,18.86,18.88,18.77,18.8,200726
2026-09-24T07:11:00.000Z,2026-09-24T10:11:00,18.78,18.8,18.76,18.77,53645
2026-09-24T07:12:00.000Z,2026-09-24T10:12:00,18.77,18.88,18.75,18.88,107240
2026-09-24T07:13:00.000Z,2026-09-24T10:13:00,18.8,18.88,18.8,18.88,15039
2026-09-24T07:14:00.000Z,2026-09-24T10:14:00,18.82,18.86,18.75,18.75,167695
2026-09-24T07:15:00.000Z,2026-09-24T10:15:00,18.75,18.8,18.74,18.8,4259
2026-09-24T07:16:00.000Z,2026-09-24T10:16:00,18.8,18.8,18.77,18.77,3263
2026-09-24T07:17:00.000Z,2026-09-24T10:17:00,18.77,18.8,18.77,18.77,5644
2026-09-24T07:18:00.000Z,2026-09-24T10:18:00,18.84,18.84,18.8,18.8,35928
2026-09-24T07:19:00.000Z,2026-09-24T10:19:00,18.8,18.81,18.8,18.81,27464
2026-09-24T07:20:00.000Z,2026-09-24T10:20:00,18.81,18.85,18.8,18.84,40557
2026-09-24T07:21:00.000Z,2026-09-24T10:21:00,18.82,18.84,18.81,18.81,4975
2026-09-24T07:22:00.000Z,2026-09-24T10:22:00,18.81,18.84,18.81,18.81,4864
2026-09-24T07:23:00.000Z,2026-09-24T10:23:00,18.84,18.84,18.84,18.84,468
2026-09-24T07:24:00.000Z,2026-09-24T10:24:00,18.84,18.84,18.84,18.84,74
2026-09-24T07:25:00.000Z,2026-09-24T10:25:00,18.81,18.86,18.81,18.86,19319
2026-09-24T07:26:00.000Z,2026-09-24T10:26:00,18.85,18.87,18.85,18.87,18249
2026-09-24T07:27:00.000Z,2026-09-24T10:27:00,18.87,18.87,18.83,18.83,3147
2026-09-24T07:28:00.000Z,2026-09-24T10:28:00,18.83,18.83,18.81,18.83,9518
2026-09-24T07:29:00.000Z,2026-09-24T10:29:00,18.82,18.85,18.82,18.82,2949
2026-09-24T07:30:00.000Z,2026-09-24T10:30:00,18.85,18.85,18.82,18.82,926
2026-09-24T07:31:00.000Z,2026-09-24T10:31:00,18.82,18.83,18.82,18.83,9924
2026-09-24T07:32:00.000Z,2026-09-24T10:32:00,18.82,18.83,18.81,18.83,11953
2026-09-24T07:33:00.000Z,2026-09-24T10:33:00,18.82,18.83,18.82,18.82,3035
2026-09-24T07:34:00.000Z,2026-09-24T10:34:00,18.82,18.83,18.82,18.83,510
2026-09-24T07:35:00.000Z,2026-09-24T10:35:00,18.83,18.85,18.82,18.85,878
2026-09-24T07:36:00.000Z,2026-09-24T10:36:00,18.83,18.85,18.82,18.85,3725
2026-09-24T07:37:00.000Z,2026-09-24T10:37:00,18.82,18.82,18.82,18.82,129
2026-09-24T07:38:00.000Z,2026-09-24T10:38:00,18.82,18.82,18.82,18.82,4
2026-09-24T07:39:00.000Z,2026-09-24T10:39:00,18.84,18.84,18.82,18.82,1673
2026-09-24T07:40:00.000Z,2026-09-24T10:40:00,18.82,18.84,18.81,18.84,2497
2026-09-24T07:41:00.000Z,2026-09-24T10:41:00,18.82,18.84,18.82,18.83,1377
2026-09-24T07:42:00.000Z,2026-09-24T10:42:00,18.83,18.84,18.83,18.84,1100
2026-09-24T07:43:00.000Z,2026-09-24T10:43:00,18.83,18.83,18.8,18.8,42905
2026-09-24T07:44:00.000Z,2026-09-24T10:44:00,18.84,18.84,18.8,18.84,45410
2026-09-24T07:45:00.000Z,2026-09-24T10:45:00,18.85,18.87,18.8,18.8,38837
2026-09-24T07:46:00.000Z,2026-09-24T10:46:00,18.85,18.88,18.85,18.88,1856
2026-09-24T07:47:00.000Z,2026-09-24T10:47:00,18.85,18.88,18.85,18.88,2037
2026-09-24T07:48:00.000Z,2026-09-24T10:48:00,18.85,18.88,18.84,18.88,3065
2026-09-24T07:49:00.000Z,2026-09-24T10:49:00,18.87,18.89,18.8,18.89,31330
2026-09-24T07:50:00.000Z,2026-09-24T10:50:00,18.83,18.89,18.81,18.83,30043
2026-09-24T07:51:00.000Z,2026-09-24T10:51:00,18.82,18.82,18.8,18.8,10001
2026-09-24T07:52:00.000Z,2026-09-24T10:52:00,18.88,18.88,18.81,18.81,325
2026-09-24T07:53:00.000Z,2026-09-24T10:53:00,18.82,18.82,18.81,18.81,12701
2026-09-24T07:54:00.000Z,2026-09-24T10:54:00,18.82,18.85,18.79,18.8,42949
2026-09-24T07:55:00.000Z,2026-09-24T10:55:00,18.79,18.8,18.79,18.79,14278
2026-09-24T07:56:00.000Z,2026-09-24T10:56:00,18.79,18.79,18.78,18.79,11126
2026-09-24T07:57:00.000Z,2026-09-24T10:57:00,18.79,18.8,18.77,18.77,21772
2026-09-24T07:58:00.000Z,2026-09-24T10:58:00,18.77,18.77,18.76,18.76,11500
2026-09-24T07:59:00.000Z,2026-09-24T10:59:00,18.78,18.79,18.77,18.78,744
2026-09-24T08:00:00.000Z,2026-09-24T11:00:00,18.79,18.8,18.78,18.78,7421
2026-09-24T08:01:00.000Z,2026-09-24T11:01:00,18.78,18.8,18.78,18.78,3372
2026-09-24T08:02:00.000Z,2026-09-24T11:02:00,18.78,18.78,18.78,18.78,500
2026-09-24T08:03:00.000Z,2026-09-24T11:03:00,18.8,18.8,18.8,18.8,3000
2026-09-24T08:04:00.000Z,2026-09-24T11:04:00,18.8,18.8,18.78,18.79,11156
2026-09-24T08:05:00.000Z,2026-09-24T11:05:00,18.78,18.8,18.75,18.8,70097
2026-09-24T08:06:00.000Z,2026-09-24T11:06:00,18.8,18.8,18.8,18.8,88
2026-09-24T08:07:00.000Z,2026-09-24T11:07:00,18.78,18.8,18.78,18.78,5444
2026-09-24T08:08:00.000Z,2026-09-24T11:08:00,18.8,18.8,18.78,18.8,923
2026-09-24T08:09:00.000Z,2026-09-24T11:09:00,18.78,18.81,18.78,18.81,18287
2026-09-24T08:10:00.000Z,2026-09-24T11:10:00,18.81,18.84,18.75,18.75,51070
2026-09-24T08:11:00.000Z,2026-09-24T11:11:00,18.76,18.82,18.74,18.82,64092
2026-09-24T08:12:00.000Z,2026-09-24T11:12:00,18.76,18.76,18.75,18.75,10000
2026-09-24T08:13:00.000Z,2026-09-24T11:13:00,18.75,18.75,18.75,18.75,2633
2026-09-24T08:14:00.000Z,2026-09-24T11:14:00,18.79,18.8,18.7,18.7,63243
2026-09-24T08:15:00.000Z,2026-09-24T11:15:00,18.71,18.8,18.7,18.71,76072
2026-09-24T08:16:00.000Z,2026-09-24T11:16:00,18.78,18.78,18.78,18.78,700
2026-09-24T08:17:00.000Z,2026-09-24T11:17:00,18.76,18.76,18.76,18.76,52
2026-09-24T08:18:00.000Z,2026-09-24T11:18:00,18.77,18.77,18.77,18.77,100
2026-09-24T08:19:00.000Z,2026-09-24T11:19:00,18.77,18.77,18.77,18.77,24
2026-09-24T08:20:00.000Z,2026-09-24T11:20:00,18.77,18.77,18.76,18.76,8181
2026-09-24T08:21:00.000Z,2026-09-24T11:21:00,18.76,18.78,18.75,18.78,12277
2026-09-24T08:22:00.000Z,2026-09-24T11:22:00,18.75,18.78,18.75,18.77,14798
2026-09-24T08:23:00.000Z,2026-09-24T11:23:00,18.76,18.78,18.76,18.78,5102
2026-09-24T08:24:00.000Z,2026-09-24T11:24:00,18.78,18.78,18.75,18.75,4015
2026-09-24T08:25:00.000Z,2026-09-24T11:25:00,18.75,18.75,18.71,18.71,41789
2026-09-24T08:26:00.000Z,2026-09-24T11:26:00,18.77,18.77,18.7,18.7,8501
2026-09-24T08:27:00.000Z,2026-09-24T11:27:00,18.76,18.76,18.71,18.76,6747
2026-09-24T08:28:00.000Z,2026-09-24T11:28:00,18.76,18.76,18.76,18.76,4586
2026-09-24T08:29:00.000Z,2026-09-24T11:29:00,18.76,18.77,18.75,18.75,3862
2026-09-24T08:30:00.000Z,2026-09-24T11:30:00,18.77,18.77,18.77,18.77,626
2026-09-24T08:31:00.000Z,2026-09-24T11:31:00,18.75,18.77,18.75,18.77,171
2026-09-24T08:33:00.000Z,2026-09-24T11:33:00,18.75,18.75,18.75,18.75,1095
2026-09-24T08:34:00.000Z,2026-09-24T11:34:00,18.75,18.77,18.75,18.75,11025
2026-09-24T08:35:00.000Z,2026-09-24T11:35:00,18.75,18.76,18.75,18.76,1559
2026-09-24T08:36:00.000Z,2026-09-24T11:36:00,18.76,18.76,18.75,18.75,568
2026-09-24T08:37:00.000Z,2026-09-24T11:37:00,18.73,18.73,18.71,18.71,1000
2026-09-24T08:38:00.000Z,2026-09-24T11:38:00,18.75,18.75,18.75,18.75,267
2026-09-24T08:39:00.000Z,2026-09-24T11:39:00,18.75,18.75,18.75,18.75,6
2026-09-24T08:40:00.000Z,2026-09-24T11:40:00,18.75,18.75,18.72,18.72,77
2026-09-24T08:41:00.000Z,2026-09-24T11:41:00,18.72,18.75,18.72,18.75,1994
2026-09-24T08:42:00.000Z,2026-09-24T11:42:00,18.75,18.75,18.75,18.75,875
2026-09-24T08:43:00.000Z,2026-09-24T11:43:00,18.73,18.73,18.7,18.7,47350
2026-09-24T08:44:00.000Z,2026-09-24T11:44:00,18.71,18.74,18.71,18.74,7460
2026-09-24T08:45:00.000Z,2026-09-24T11:45:00,18.71,18.75,18.71,18.75,2035
2026-09-24T08:46:00.000Z,2026-09-24T11:46:00,18.75,18.75,18.71,18.74,59516
2026-09-24T08:47:00.000Z,2026-09-24T11:47:00,18.71,18.71,18.71,18.71,1
2026-09-24T08:49:00.000Z,2026-09-24T11:49:00,18.71,18.73,18.7,18.73,36951
2026-09-24T08:50:00.000Z,2026-09-24T11:50:00,18.72,18.73,18.71,18.73,25804
2026-09-24T08:51:00.000Z,2026-09-24T11:51:00,18.71,18.72,18.71,18.71,15415
2026-09-24T08:52:00.000Z,2026-09-24T11:52:00,18.71,18.79,18.7,18.79,65744
2026-09-24T08:53:00.000Z,2026-09-24T11:53:00,18.79,18.8,18.71,18.8,11320
2026-09-24T08:54:00.000Z,2026-09-24T11:54:00,18.8,18.8,18.8,18.8,53
2026-09-24T08:55:00.000Z,2026-09-24T11:55:00,18.79,18.79,18.79,18.79,300
2026-09-24T08:56:00.000Z,2026-09-24T11:56:00,18.75,18.79,18.75,18.79,568
2026-09-24T08:58:00.000Z,2026-09-24T11:58:00,18.75,18.75,18.71,18.71,39010
2026-09-24T08:59:00.000Z,2026-09-24T11:59:00,18.71,18.77,18.71,18.71,24070
2026-09-24T09:00:00.000Z,2026-09-24T12:00:00,18.71,18.71,18.7,18.7,1504
2026-09-24T09:01:00.000Z,2026-09-24T12:01:00,18.77,18.77,18.77,18.77,390
2026-09-24T09:02:00.000Z,2026-09-24T12:02:00,18.75,18.75,18.75,18.75,200
2026-09-24T09:03:00.000Z,2026-09-24T12:03:00,18.75,18.76,18.75,18.76,61
2026-09-24T09:04:00.000Z,2026-09-24T12:04:00,18.76,18.76,18.73,18.74,3128
2026-09-24T09:05:00.000Z,2026-09-24T12:05:00,18.74,18.76,18.73,18.76,11718
2026-09-24T09:06:00.000Z,2026-09-24T12:06:00,18.74,18.76,18.7,18.76,50021
2026-09-24T09:07:00.000Z,2026-09-24T12:07:00,18.72,18.8,18.7,18.8,131559
2026-09-24T09:08:00.000Z,2026-09-24T12:08:00,18.81,18.81,18.8,18.8,2554
2026-09-24T09:09:00.000Z,2026-09-24T12:09:00,18.8,18.82,18.8,18.8,737
2026-09-24T09:10:00.000Z,2026-09-24T12:10:00,18.82,18.82,18.82,18.82,1032
2026-09-24T09:11:00.000Z,2026-09-24T12:11:00,18.82,18.82,18.82,18.82,7051
2026-09-24T09:12:00.000Z,2026-09-24T12:12:00,18.82,18.82,18.72,18.72,13608
2026-09-24T09:13:00.000Z,2026-09-24T12:13:00,18.72,18.8,18.72,18.8,2975
2026-09-24T09:14:00.000Z,2026-09-24T12:14:00,18.72,18.72,18.72,18.72,561
2026-09-24T09:15:00.000Z,2026-09-24T12:15:00,18.79,18.79,18.72,18.79,20760
2026-09-24T09:16:00.000Z,2026-09-24T12:16:00,18.72,18.78,18.72,18.72,10502
2026-09-24T09:17:00.000Z,2026-09-24T12:17:00,18.78,18.78,18.75,18.78,676
2026-09-24T09:18:00.000Z,2026-09-24T12:18:00,18.77,18.78,18.77,18.78,374
2026-09-24T09:19:00.000Z,2026-09-24T12:19:00,18.78,18.78,18.77,18.77,1138
2026-09-24T09:20:00.000Z,2026-09-24T12:20:00,18.79,18.79,18.77,18.77,548
2026-09-24T09:21:00.000Z,2026-09-24T12:21:00,18.77,18.77,18.76,18.76,4722
2026-09-24T09:23:00.000Z,2026-09-24T12:23:00,18.76,18.76,18.76,18.76,55
2026-09-24T09:24:00.000Z,2026-09-24T12:24:00,18.76,18.79,18.76,18.79,225
2026-09-24T09:25:00.000Z,2026-09-24T12:25:00,18.79,18.79,18.79,18.79,58
2026-09-24T09:27:00.000Z,2026-09-24T12:27:00,18.79,18.79,18.72,18.72,23256
2026-09-24T09:28:00.000Z,2026-09-24T12:28:00,18.79,18.79,18.72,18.79,9218
2026-09-24T09:29:00.000Z,2026-09-24T12:29:00,18.79,18.79,18.79,18.79,812
2026-09-24T09:30:00.000Z,2026-09-24T12:30:00,18.79,18.79,18.79,18.79,1
2026-09-24T09:31:00.000Z,2026-09-24T12:31:00,18.79,18.81,18.79,18.81,80534
2026-09-24T09:32:00.000Z,2026-09-24T12:32:00,18.8,18.8,18.73,18.8,19750
2026-09-24T09:33:00.000Z,2026-09-24T12:33:00,18.8,18.8,18.8,18.8,12
2026-09-24T09:34:00.000Z,2026-09-24T12:34:00,18.73,18.8,18.73,18.73,3104
2026-09-24T09:35:00.000Z,2026-09-24T12:35:00,18.78,18.78,18.78,18.78,10
2026-09-24T09:36:00.000Z,2026-09-24T12:36:00,18.77,18.77,18.77,18.77,25
2026-09-24T09:37:00.000Z,2026-09-24T12:37:00,18.77,18.77,18.74,18.74,22
2026-09-24T09:39:00.000Z,2026-09-24T12:39:00,18.77,18.77,18.77,18.77,148
2026-09-24T09:40:00.000Z,2026-09-24T12:40:00,18.77,18.77,18.77,18.77,78
2026-09-24T09:41:00.000Z,2026-09-24T12:41:00,18.75,18.77,18.74,18.74,23626
2026-09-24T09:42:00.000Z,2026-09-24T12:42:00,18.74,18.74,18.74,18.74,550
2026-09-24T09:43:00.000Z,2026-09-24T12:43:00,18.77,18.77,18.76,18.76,483
2026-09-24T09:44:00.000Z,2026-09-24T12:44:00,18.75,18.76,18.75,18.75,54082
2026-09-24T09:45:00.000Z,2026-09-24T12:45:00,18.75,18.75,18.75,18.75,39596
2026-09-24T09:46:00.000Z,2026-09-24T12:46:00,18.76,18.77,18.75,18.77,6643
2026-09-24T09:47:00.000Z,2026-09-24T12:47:00,18.77,18.77,18.74,18.75,11390
2026-09-24T09:48:00.000Z,2026-09-24T12:48:00,18.74,18.77,18.74,18.74,16918
2026-09-24T09:49:00.000Z,2026-09-24T12:49:00,18.77,18.77,18.74,18.74,11401
2026-09-24T09:50:00.000Z,2026-09-24T12:50:00,18.77,18.77,18.75,18.75,888
2026-09-24T09:51:00.000Z,2026-09-24T12:51:00,18.75,18.77,18.75,18.77,4105
2026-09-24T09:52:00.000Z,2026-09-24T12:52:00,18.76,18.76,18.74,18.74,37255
2026-09-24T09:53:00.000Z,2026-09-24T12:53:00,18.76,18.76,18.76,18.76,35
2026-09-24T09:54:00.000Z,2026-09-24T12:54:00,18.75,18.75,18.75,18.75,266
2026-09-24T09:55:00.000Z,2026-09-24T12:55:00,18.76,18.76,18.74,18.74,16134
2026-09-24T09:56:00.000Z,2026-09-24T12:56:00,18.74,18.74,18.74,18.74,1380
2026-09-24T09:57:00.000Z,2026-09-24T12:57:00,18.74,18.75,18.74,18.75,28025
2026-09-24T09:58:00.000Z,2026-09-24T12:58:00,18.75,18.77,18.73,18.73,363215
2026-09-24T09:59:00.000Z,2026-09-24T12:59:00,18.73,18.73,18.7,18.7,341000
2026-09-24T10:00:00.000Z,2026-09-24T13:00:00,18.71,18.73,18.65,18.65,244301
2026-09-24T10:01:00.000Z,2026-09-24T13:01:00,18.69,18.69,18.68,18.68,83
2026-09-24T10:02:00.000Z,2026-09-24T13:02:00,18.69,18.7,18.64,18.64,17883
2026-09-24T10:03:00.000Z,2026-09-24T13:03:00,18.72,18.75,18.69,18.7,34400
2026-09-24T10:04:00.000Z,2026-09-24T13:04:00,18.65,18.7,18.65,18.65,25226
2026-09-24T10:05:00.000Z,2026-09-24T13:05:00,18.65,18.66,18.52,18.59,135668
2026-09-24T10:06:00.000Z,2026-09-24T13:06:00,18.6,18.6,18.52,18.53,22110
2026-09-24T10:07:00.000Z,2026-09-24T13:07:00,18.52,18.55,18.52,18.55,22695
2026-09-24T10:08:00.000Z,2026-09-24T13:08:00,18.59,18.67,18.53,18.53,25846
2026-09-24T10:09:00.000Z,2026-09-24T13:09:00,18.54,18.64,18.54,18.64,13370
2026-09-24T10:10:00.000Z,2026-09-24T13:10:00,18.57,18.64,18.57,18.64,1766
2026-09-24T10:11:00.000Z,2026-09-24T13:11:00,18.6,18.6,18.55,18.55,30570
2026-09-24T10:12:00.000Z,2026-09-24T13:12:00,18.55,18.56,18.55,18.56,30595
2026-09-24T10:13:00.000Z,2026-09-24T13:13:00,18.59,18.6,18.55,18.59,30073
2026-09-24T10:14:00.000Z,2026-09-24T13:14:00,18.59,18.59,18.55,18.56,257450
2026-09-24T10:15:00.000Z,2026-09-24T13:15:00,18.58,18.59,18.5,18.5,229889
2026-09-24T10:16:00.000Z,2026-09-24T13:16:00,18.49,18.49,17.5,18,424726
2026-09-24T10:17:00.000Z,2026-09-24T13:17:00,18.01,18.57,18.01,18.53,111100
2026-09-24T10:18:00.000Z,2026-09-24T13:18:00,18.43,18.52,18.2,18.44,326252
2026-09-24T10:19:00.000Z,2026-09-24T13:19:00,18.43,18.43,18.32,18.33,59355
2026-09-24T10:20:00.000Z,2026-09-24T13:20:00,18.43,18.5,18.38,18.5,19146
2026-09-24T10:21:00.000Z,2026-09-24T13:21:00,18.45,18.55,18.04,18.04,184163
2026-09-24T10:22:00.000Z,2026-09-24T13:22:00,18.29,18.48,18.29,18.4,22587
2026-09-24T10:23:00.000Z,2026-09-24T13:23:00,18.47,18.5,18.41,18.5,2067
2026-09-24T10:24:00.000Z,2026-09-24T13:24:00,18.48,18.53,18.2,18.5,31640
2026-09-24T10:25:00.000Z,2026-09-24T13:25:00,18.44,18.49,18.41,18.48,3978
2026-09-24T10:26:00.000Z,2026-09-24T13:26:00,18.48,18.5,18.48,18.5,7320
2026-09-24T10:27:00.000Z,2026-09-24T13:27:00,18.5,18.5,18.46,18.48,21020
2026-09-24T10:28:00.000Z,2026-09-24T13:28:00,18.48,18.5,18.2,18.5,33853
2026-09-24T10:29:00.000Z,2026-09-24T13:29:00,18.48,18.48,18.45,18.48,1680
2026-09-24T10:30:00.000Z,2026-09-24T13:30:00,18.49,18.49,18.46,18.46,1958
2026-09-24T10:31:00.000Z,2026-09-24T13:31:00,18.46,18.49,18.46,18.47,24020
2026-09-24T10:32:00.000Z,2026-09-24T13:32:00,18.49,18.5,18.46,18.46,40901
2026-09-24T10:33:00.000Z,2026-09-24T13:33:00,18.5,18.5,18.46,18.5,4783
2026-09-24T10:34:00.000Z,2026-09-24T13:34:00,18.5,18.5,18.5,18.5,9332
2026-09-24T10:35:00.000Z,2026-09-24T13:35:00,18.5,18.53,18.48,18.53,26297
2026-09-24T10:37:00.000Z,2026-09-24T13:37:00,18.54,18.57,18.54,18.55,2523
2026-09-24T10:38:00.000Z,2026-09-24T13:38:00,18.55,18.58,18.55,18.58,5269
2026-09-24T10:39:00.000Z,2026-09-24T13:39:00,18.57,18.59,18.55,18.58,13848
2026-09-24T10:40:00.000Z,2026-09-24T13:40:00,18.56,18.59,18.56,18.59,4600
2026-09-24T10:41:00.000Z,2026-09-24T13:41:00,18.59,18.59,18.59,18.59,13646
2026-09-24T10:42:00.000Z,2026-09-24T13:42:00,18.59,18.59,18.49,18.49,19772
2026-09-24T10:43:00.000Z,2026-09-24T13:43:00,18.49,18.5,18.48,18.48,6132
2026-09-24T10:44:00.000Z,2026-09-24T13:44:00,18.48,18.5,18.47,18.5,16599
2026-09-24T10:45:00.000Z,2026-09-24T13:45:00,18.47,18.5,18.42,18.44,21971
2026-09-24T10:47:00.000Z,2026-09-24T13:47:00,18.49,18.49,18.45,18.45,679
2026-09-24T10:48:00.000Z,2026-09-24T13:48:00,18.45,18.48,18.45,18.48,5051
2026-09-24T10:49:00.000Z,2026-09-24T13:49:00,18.48,18.49,18.45,18.49,2416
2026-09-24T10:50:00.000Z,2026-09-24T13:50:00,18.49,18.55,18.49,18.55,25629
2026-09-24T10:51:00.000Z,2026-09-24T13:51:00,18.52,18.55,18.52,18.55,2483
2026-09-24T10:52:00.000Z,2026-09-24T13:52:00,18.55,18.57,18.55,18.57,3065
2026-09-24T10:53:00.000Z,2026-09-24T13:53:00,18.54,18.57,18.54,18.57,434
2026-09-24T10:54:00.000Z,2026-09-24T13:54:00,18.57,18.57,18.55,18.55,10546
2026-09-24T10:55:00.000Z,2026-09-24T13:55:00,18.57,18.59,18.56,18.58,26512
2026-09-24T10:56:00.000Z,2026-09-24T13:56:00,18.56,18.65,18.56,18.61,87417
2026-09-24T10:57:00.000Z,2026-09-24T13:57:00,18.61,18.67,18.61,18.67,3500
2026-09-24T10:58:00.000Z,2026-09-24T13:58:00,18.67,18.67,18.6,18.6,68404
2026-09-24T10:59:00.000Z,2026-09-24T13:59:00,18.61,18.65,18.61,18.65,157
2026-09-24T11:00:00.000Z,2026-09-24T14:00:00,18.62,18.65,18.6,18.65,56556
2026-09-24T11:01:00.000Z,2026-09-24T14:01:00,18.65,18.66,18.64,18.66,7980
2026-09-24T11:02:00.000Z,2026-09-24T14:02:00,18.66,18.7,18.55,18.69,130327
2026-09-24T11:03:00.000Z,2026-09-24T14:03:00,18.56,18.61,18.55,18.6,25267
2026-09-24T11:04:00.000Z,2026-09-24T14:04:00,18.6,18.6,18.56,18.6,15023
2026-09-24T11:05:00.000Z,2026-09-24T14:05:00,18.59,18.6,18.59,18.6,5043
2026-09-24T11:06:00.000Z,2026-09-24T14:06:00,18.6,18.66,18.6,18.66,4507
2026-09-24T11:07:00.000Z,2026-09-24T14:07:00,18.65,18.68,18.61,18.61,34990
2026-09-24T11:08:00.000Z,2026-09-24T14:08:00,18.67,18.7,18.6,18.67,125130
2026-09-24T11:09:00.000Z,2026-09-24T14:09:00,18.63,18.65,18.6,18.65,68204
2026-09-24T11:10:00.000Z,2026-09-24T14:10:00,18.62,18.65,18.6,18.61,50300
2026-09-24T11:11:00.000Z,2026-09-24T14:11:00,18.65,18.7,18.61,18.7,117431
2026-09-24T11:12:00.000Z,2026-09-24T14:12:00,18.7,18.71,18.66,18.71,112384
2026-09-24T11:13:00.000Z,2026-09-24T14:13:00,18.7,18.79,18.7,18.77,19348
2026-09-24T11:14:00.000Z,2026-09-24T14:14:00,18.76,18.8,18.76,18.8,143864
2026-09-24T11:25:00.000Z,2026-09-24T14:25:00,18.75,18.75,18.75,18.75,69884
2026-09-24T11:26:00.000Z,2026-09-24T14:26:00,18.75,18.75,18.75,18.75,8026
2026-09-24T11:27:00.000Z,2026-09-24T14:27:00,18.75,18.75,18.75,18.75,6440
2026-09-24T11:28:00.000Z,2026-09-24T14:28:00,18.75,18.75,18.75,18.75,3500
2026-09-24T11:29:00.000Z,2026-09-24T14:29:00,18.75,18.75,18.75,18.75,18138
