timestamp_utc,timestamp_cairo,open,high,low,close,volume
2026-08-20T11:06:00.000Z,2026-08-20T14:06:00,218,218,217.8,217.8,900
2026-08-20T11:07:00.000Z,2026-08-20T14:07:00,218,218.01,218,218,3704
2026-08-20T11:08:00.000Z,2026-08-20T14:08:00,218,218,218,218,455
2026-08-20T11:09:00.000Z,2026-08-20T14:09:00,218,218,217.82,217.82,3335
2026-08-20T11:10:00.000Z,2026-08-20T14:10:00,217.8,217.85,217,217,1659
2026-08-20T11:11:00.000Z,2026-08-20T14:11:00,217.2,217.21,217,217.11,7587
2026-08-20T11:12:00.000Z,2026-08-20T14:12:00,219.4,219.91,219.4,219.91,428
2026-08-20T11:13:00.000Z,2026-08-20T14:13:00,219.91,219.91,218,218,1486
2026-08-20T11:14:00.000Z,2026-08-20T14:14:00,218,219.9,218,219.9,426
2026-08-20T11:25:00.000Z,2026-08-20T14:25:00,222,222,222,222,3486
2026-08-20T11:26:00.000Z,2026-08-20T14:26:00,222,222,222,222,2360
2026-08-20T11:27:00.000Z,2026-08-20T14:27:00,222,222,222,222,1158
2026-08-20T11:28:00.000Z,2026-08-20T14:28:00,222,222,222,222,2
2026-08-20T11:29:00.000Z,2026-08-20T14:29:00,222,222,222,222,628
2026-08-23T07:00:00.000Z,2026-08-23T10:00:00,223,223,223,223,596
2026-08-23T07:01:00.000Z,2026-08-23T10:01:00,223,224.78,222.22,224.78,307
2026-08-23T07:03:00.000Z,2026-08-23T10:03:00,223.5,224.6,223.5,224,110
2026-08-23T07:04:00.000Z,2026-08-23T10:04:00,224.5,224.5,224.5,224.5,538
2026-08-23T07:05:00.000Z,2026-08-23T10:05:00,224.5,226,224.5,226,2887
2026-08-23T07:06:00.000Z,2026-08-23T10:06:00,225.5,226,225.5,226,500
2026-08-23T07:07:00.000Z,2026-08-23T10:07:00,223.5,223.51,223.5,223.5,177
2026-08-23T07:08:00.000Z,2026-08-23T10:08:00,225.78,225.78,225.78,225.78,17
2026-08-23T07:09:00.000Z,2026-08-23T10:09:00,225.78,225.8,225.78,225.8,206
2026-08-23T07:10:00.000Z,2026-08-23T10:10:00,225.9,227,225.8,226.95,3204
2026-08-23T07:11:00.000Z,2026-08-23T10:11:00,225.8,225.8,225.8,225.8,80
2026-08-23T07:12:00.000Z,2026-08-23T10:12:00,225.8,225.8,225.8,225.8,146
2026-08-23T07:13:00.000Z,2026-08-23T10:13:00,225.55,225.55,225.55,225.55,22
2026-08-23T07:14:00.000Z,2026-08-23T10:14:00,225.55,225.55,225,225.5,228
2026-08-23T07:15:00.000Z,2026-08-23T10:15:00,225,226,225,226,505
2026-08-23T07:16:00.000Z,2026-08-23T10:16:00,225.01,226,225.01,226,577
2026-08-23T07:18:00.000Z,2026-08-23T10:18:00,225.01,225.01,225,225,1433
2026-08-23T07:19:00.000Z,2026-08-23T10:19:00,224.01,225,222.05,225,487
2026-08-23T07:20:00.000Z,2026-08-23T10:20:00,224.99,225,222.1,222.25,445
2026-08-23T07:21:00.000Z,2026-08-23T10:21:00,225,225,225,225,47
2026-08-23T07:22:00.000Z,2026-08-23T10:22:00,225,225,222.6,222.6,535
2026-08-23T07:23:00.000Z,2026-08-23T10:23:00,222.6,225,222.6,223,128
2026-08-23T07:24:00.000Z,2026-08-23T10:24:00,225,226,223,225,1996
2026-08-23T07:25:00.000Z,2026-08-23T10:25:00,225,225.99,225,225.01,108
2026-08-23T07:26:00.000Z,2026-08-23T10:26:00,225.01,225.01,225,225,559
2026-08-23T07:27:00.000Z,2026-08-23T10:27:00,225,225.49,225,225.49,29
2026-08-23T07:28:00.000Z,2026-08-23T10:28:00,224.99,225,224.99,225,283
2026-08-23T07:29:00.000Z,2026-08-23T10:29:00,223.5,223.5,223.5,223.5,2
2026-08-23T07:30:00.000Z,2026-08-23T10:30:00,223.5,223.5,222,222,5007
2026-08-23T07:31:00.000Z,2026-08-23T10:31:00,222.05,222.05,222.05,222.05,6
2026-08-23T07:32:00.000Z,2026-08-23T10:32:00,223,223,222.1,222.15,164
2026-08-23T07:33:00.000Z,2026-08-23T10:33:00,223,223,223,223,7
2026-08-23T07:34:00.000Z,2026-08-23T10:34:00,223,224.5,223,223,381
2026-08-23T07:35:00.000Z,2026-08-23T10:35:00,223,223,223,223,64
2026-08-23T07:37:00.000Z,2026-08-23T10:37:00,223,223,223,223,1
2026-08-23T07:38:00.000Z,2026-08-23T10:38:00,223,223,223,223,52
2026-08-23T07:39:00.000Z,2026-08-23T10:39:00,223,223,223,223,4
2026-08-23T07:40:00.000Z,2026-08-23T10:40:00,224.45,224.5,223,224.5,345
2026-08-23T07:41:00.000Z,2026-08-23T10:41:00,223,224.5,222.51,224.5,1612
2026-08-23T07:42:00.000Z,2026-08-23T10:42:00,223,224.5,223,223,338
2026-08-23T07:43:00.000Z,2026-08-23T10:43:00,223,223,223,223,3
2026-08-23T07:44:00.000Z,2026-08-23T10:44:00,223,223,223,223,83
2026-08-23T07:46:00.000Z,2026-08-23T10:46:00,224.25,224.25,224.25,224.25,6
2026-08-23T07:48:00.000Z,2026-08-23T10:48:00,224.24,224.24,224.23,224.23,40
2026-08-23T07:49:00.000Z,2026-08-23T10:49:00,224.23,224.23,224.23,224.23,228
2026-08-23T07:50:00.000Z,2026-08-23T10:50:00,224.23,224.23,224.23,224.23,52
2026-08-23T07:51:00.000Z,2026-08-23T10:51:00,223.06,223.06,223.05,223.05,503
2026-08-23T07:52:00.000Z,2026-08-23T10:52:00,224.2,224.2,224.2,224.2,38
2026-08-23T07:55:00.000Z,2026-08-23T10:55:00,224.1,224.1,224,224,13
2026-08-23T07:56:00.000Z,2026-08-23T10:56:00,224,224,224,224,34
2026-08-23T07:57:00.000Z,2026-08-23T10:57:00,224,224,223.1,224,110
2026-08-23T07:58:00.000Z,2026-08-23T10:58:00,223.99,224,223.05,223.05,443
2026-08-23T07:59:00.000Z,2026-08-23T10:59:00,224,224,224,224,22
2026-08-23T08:00:00.000Z,2026-08-23T11:00:00,224,224,224,224,70
2026-08-23T08:01:00.000Z,2026-08-23T11:01:00,223.99,223.99,223.99,223.99,8
2026-08-23T08:02:00.000Z,2026-08-23T11:02:00,223.05,223.05,223,223,2954
2026-08-23T08:03:00.000Z,2026-08-23T11:03:00,223,223.01,222.51,222.51,197
2026-08-23T08:04:00.000Z,2026-08-23T11:04:00,222.51,222.51,222.51,222.51,50
2026-08-23T08:05:00.000Z,2026-08-23T11:05:00,222.56,222.56,222.56,222.56,51
2026-08-23T08:07:00.000Z,2026-08-23T11:07:00,222.99,222.99,222.5,222.5,1235
2026-08-23T08:08:00.000Z,2026-08-23T11:08:00,222.5,222.5,222,222,2000
2026-08-23T08:09:00.000Z,2026-08-23T11:09:00,222.99,222.99,222.99,222.99,2
2026-08-23T08:10:00.000Z,2026-08-23T11:10:00,222.99,223,222.99,223,160
2026-08-23T08:11:00.000Z,2026-08-23T11:11:00,222.5,222.5,222.5,222.5,209
2026-08-23T08:12:00.000Z,2026-08-23T11:12:00,222.5,222.5,222.02,222.02,510
2026-08-23T08:13:00.000Z,2026-08-23T11:13:00,222.02,222.02,220.02,222,1444
2026-08-23T08:14:00.000Z,2026-08-23T11:14:00,221,221,221,221,39
2026-08-23T08:15:00.000Z,2026-08-23T11:15:00,221,221,220.02,220.06,635
2026-08-23T08:16:00.000Z,2026-08-23T11:16:00,222,222,222,222,2
2026-08-23T08:17:00.000Z,2026-08-23T11:17:00,221.99,222,221.99,222,382
2026-08-23T08:18:00.000Z,2026-08-23T11:18:00,221,221,219.25,219.25,4272
2026-08-23T08:19:00.000Z,2026-08-23T11:19:00,220,221.99,220,221.99,1009
2026-08-23T08:20:00.000Z,2026-08-23T11:20:00,221.98,221.98,220.1,220.1,26
2026-08-23T08:21:00.000Z,2026-08-23T11:21:00,220.1,221.9,220.1,221.9,138
2026-08-23T08:22:00.000Z,2026-08-23T11:22:00,220.15,220.15,219.98,219.98,1862
2026-08-23T08:23:00.000Z,2026-08-23T11:23:00,219.98,220,219.26,220,38
2026-08-23T08:25:00.000Z,2026-08-23T11:25:00,220,220,220,220,1704
2026-08-23T08:26:00.000Z,2026-08-23T11:26:00,220,220,220,220,150
2026-08-23T08:27:00.000Z,2026-08-23T11:27:00,220,220,219.97,220,1745
2026-08-23T08:28:00.000Z,2026-08-23T11:28:00,220,221.95,220,221.95,12
2026-08-23T08:29:00.000Z,2026-08-23T11:29:00,221.95,221.95,221.95,221.95,81
2026-08-23T08:31:00.000Z,2026-08-23T11:31:00,221.9,221.9,221.9,221.9,99
2026-08-23T08:32:00.000Z,2026-08-23T11:32:00,220.05,220.05,220.05,220.05,2
2026-08-23T08:33:00.000Z,2026-08-23T11:33:00,221.9,221.9,221.9,221.9,55
2026-08-23T08:34:00.000Z,2026-08-23T11:34:00,221.9,221.9,221.9,221.9,159
2026-08-23T08:35:00.000Z,2026-08-23T11:35:00,220.1,220.1,220.1,220.1,79
2026-08-23T08:36:00.000Z,2026-08-23T11:36:00,221.83,221.83,221.83,221.83,39
2026-08-23T08:37:00.000Z,2026-08-23T11:37:00,221.7,221.7,221.7,221.7,4
2026-08-23T08:38:00.000Z,2026-08-23T11:38:00,221.83,221.83,220.11,221.83,41
2026-08-23T08:39:00.000Z,2026-08-23T11:39:00,220.22,221.94,220.22,221.94,201
2026-08-23T08:40:00.000Z,2026-08-23T11:40:00,221.94,221.95,221.94,221.95,242
2026-08-23T08:41:00.000Z,2026-08-23T11:41:00,221.95,221.95,220.22,220.22,10
2026-08-23T08:42:00.000Z,2026-08-23T11:42:00,220.22,220.22,220.22,220.22,2
2026-08-23T08:43:00.000Z,2026-08-23T11:43:00,221.93,221.93,221.93,221.93,5
2026-08-23T08:44:00.000Z,2026-08-23T11:44:00,221.93,221.93,221.93,221.93,6
2026-08-23T08:45:00.000Z,2026-08-23T11:45:00,220.23,220.23,220.23,220.23,19
2026-08-23T08:46:00.000Z,2026-08-23T11:46:00,220.23,220.23,220.23,220.23,81
2026-08-23T08:47:00.000Z,2026-08-23T11:47:00,220.23,220.23,220.23,220.23,77
2026-08-23T08:48:00.000Z,2026-08-23T11:48:00,220.22,220.22,220.22,220.22,7
2026-08-23T08:50:00.000Z,2026-08-23T11:50:00,220.22,220.22,220.22,220.22,493
2026-08-23T08:51:00.000Z,2026-08-23T11:51:00,220.23,221.93,220.23,221.93,400
2026-08-23T08:52:00.000Z,2026-08-23T11:52:00,221.92,221.92,221.92,221.92,26
2026-08-23T08:53:00.000Z,2026-08-23T11:53:00,220.99,220.99,220.99,220.99,35
2026-08-23T08:54:00.000Z,2026-08-23T11:54:00,220.99,220.99,220.99,220.99,1
2026-08-23T08:57:00.000Z,2026-08-23T11:57:00,220.99,220.99,220.99,220.99,61
2026-08-23T08:58:00.000Z,2026-08-23T11:58:00,220.99,220.99,220.99,220.99,25
2026-08-23T08:59:00.000Z,2026-08-23T11:59:00,220.99,220.99,220.99,220.99,24
2026-08-23T09:00:00.000Z,2026-08-23T12:00:00,220.99,220.99,220.99,220.99,303
2026-08-23T09:02:00.000Z,2026-08-23T12:02:00,220.99,221,220.99,221,75
2026-08-23T09:03:00.000Z,2026-08-23T12:03:00,221.15,221.93,221,221.93,125
2026-08-23T09:04:00.000Z,2026-08-23T12:04:00,221,221,221,221,13
2026-08-23T09:05:00.000Z,2026-08-23T12:05:00,221,221,221,221,184
2026-08-23T09:06:00.000Z,2026-08-23T12:06:00,221,221,221,221,386
2026-08-23T09:08:00.000Z,2026-08-23T12:08:00,220.51,220.51,220.51,220.51,2
2026-08-23T09:09:00.000Z,2026-08-23T12:09:00,220.51,221,220.51,221,12
2026-08-23T09:10:00.000Z,2026-08-23T12:10:00,221,221,221,221,37
2026-08-23T09:11:00.000Z,2026-08-23T12:11:00,221,221,221,221,10
2026-08-23T09:12:00.000Z,2026-08-23T12:12:00,221,221,221,221,263
2026-08-23T09:13:00.000Z,2026-08-23T12:13:00,221,221,221,221,13
2026-08-23T09:14:00.000Z,2026-08-23T12:14:00,221,221.8,221,221.8,124
2026-08-23T09:15:00.000Z,2026-08-23T12:15:00,221.5,221.8,221.5,221.8,55
2026-08-23T09:16:00.000Z,2026-08-23T12:16:00,221.8,221.8,221.8,221.8,260
2026-08-23T09:17:00.000Z,2026-08-23T12:17:00,221.9,221.93,221.8,221.8,353
2026-08-23T09:18:00.000Z,2026-08-23T12:18:00,221.8,221.8,221.8,221.8,12
2026-08-23T09:19:00.000Z,2026-08-23T12:19:00,221.93,221.93,221.93,221.93,3
2026-08-23T09:20:00.000Z,2026-08-23T12:20:00,221.8,221.8,221,221,200
2026-08-23T09:21:00.000Z,2026-08-23T12:21:00,221.9,221.9,220.99,220.99,71
2026-08-23T09:22:00.000Z,2026-08-23T12:22:00,220.99,220.99,220.99,220.99,98
2026-08-23T09:23:00.000Z,2026-08-23T12:23:00,220.99,220.99,220.99,220.99,55
2026-08-23T09:24:00.000Z,2026-08-23T12:24:00,220.75,220.75,220.75,220.75,2
2026-08-23T09:25:00.000Z,2026-08-23T12:25:00,220.99,220.99,220.99,220.99,6
2026-08-23T09:26:00.000Z,2026-08-23T12:26:00,220.99,220.99,220.99,220.99,1181
2026-08-23T09:28:00.000Z,2026-08-23T12:28:00,221.8,221.89,221.8,221.89,240
2026-08-23T09:29:00.000Z,2026-08-23T12:29:00,221,221,221,221,2
2026-08-23T09:30:00.000Z,2026-08-23T12:30:00,221.87,221.89,221.87,221.89,213
2026-08-23T09:31:00.000Z,2026-08-23T12:31:00,221,221,221,221,78
2026-08-23T09:33:00.000Z,2026-08-23T12:33:00,221.88,221.88,221.88,221.88,35
2026-08-23T09:34:00.000Z,2026-08-23T12:34:00,221.88,221.88,221.88,221.88,15
2026-08-23T09:36:00.000Z,2026-08-23T12:36:00,221.88,221.88,221.88,221.88,28
2026-08-23T09:37:00.000Z,2026-08-23T12:37:00,221,221,220.51,220.51,420
2026-08-23T09:38:00.000Z,2026-08-23T12:38:00,220.51,220.51,220.03,220.03,458
2026-08-23T09:39:00.000Z,2026-08-23T12:39:00,221,221,220.04,220.05,214
2026-08-23T09:41:00.000Z,2026-08-23T12:41:00,220.95,220.95,220.95,220.95,10
2026-08-23T09:42:00.000Z,2026-08-23T12:42:00,220.1,221,220.1,221,35
2026-08-23T09:43:00.000Z,2026-08-23T12:43:00,221,221,221,221,4
2026-08-23T09:44:00.000Z,2026-08-23T12:44:00,221,221,221,221,126
2026-08-23T09:45:00.000Z,2026-08-23T12:45:00,221,221,221,221,22
2026-08-23T09:46:00.000Z,2026-08-23T12:46:00,221,221.85,221,221.85,267
2026-08-23T09:47:00.000Z,2026-08-23T12:47:00,221,221,221,221,450
2026-08-23T09:48:00.000Z,2026-08-23T12:48:00,221.85,221.85,221.85,221.85,1
2026-08-23T09:49:00.000Z,2026-08-23T12:49:00,221.85,221.85,221,221,30
2026-08-23T09:51:00.000Z,2026-08-23T12:51:00,221,221,221,221,184
2026-08-23T09:52:00.000Z,2026-08-23T12:52:00,221.88,222,221.88,222,899
2026-08-23T09:53:00.000Z,2026-08-23T12:53:00,223,223,223,223,144
2026-08-23T09:54:00.000Z,2026-08-23T12:54:00,223,223,223,223,2
2026-08-23T09:55:00.000Z,2026-08-23T12:55:00,222.98,223,222.98,223,153
2026-08-23T09:56:00.000Z,2026-08-23T12:56:00,222.5,223,222.1,222.1,134
2026-08-23T09:57:00.000Z,2026-08-23T12:57:00,221.88,221.88,221.01,221.01,48
2026-08-23T09:58:00.000Z,2026-08-23T12:58:00,221.1,223,221.1,223,59
2026-08-23T09:59:00.000Z,2026-08-23T12:59:00,221.11,221.11,220.5,220.5,905
2026-08-23T10:02:00.000Z,2026-08-23T13:02:00,220.65,220.65,220.65,220.65,10
2026-08-23T10:04:00.000Z,2026-08-23T13:04:00,222.99,222.99,222.99,222.99,10
2026-08-23T10:05:00.000Z,2026-08-23T13:05:00,222.99,222.99,220.8,220.8,21
2026-08-23T10:07:00.000Z,2026-08-23T13:07:00,222.9,222.9,222.9,222.9,100
2026-08-23T10:08:00.000Z,2026-08-23T13:08:00,220.81,220.81,220.8,220.8,203
2026-08-23T10:09:00.000Z,2026-08-23T13:09:00,220.66,220.8,220.66,220.8,516
2026-08-23T10:11:00.000Z,2026-08-23T13:11:00,222.89,222.89,222.89,222.89,20
2026-08-23T10:12:00.000Z,2026-08-23T13:12:00,220.81,220.81,220.8,220.8,22
2026-08-23T10:14:00.000Z,2026-08-23T13:14:00,220.8,222,220.8,222,43
2026-08-23T10:16:00.000Z,2026-08-23T13:16:00,222,222.86,222,222.86,31
2026-08-23T10:18:00.000Z,2026-08-23T13:18:00,222.8,222.84,222.8,222.84,51
2026-08-23T10:19:00.000Z,2026-08-23T13:19:00,222.84,222.85,220.8,220.8,500
2026-08-23T10:22:00.000Z,2026-08-23T13:22:00,220.9,222.86,220.9,222.84,34
2026-08-23T10:24:00.000Z,2026-08-23T13:24:00,222.84,222.84,221.1,221.1,181
2026-08-23T10:25:00.000Z,2026-08-23T13:25:00,221.1,221.1,221.1,221.1,25
2026-08-23T10:27:00.000Z,2026-08-23T13:27:00,222.79,222.8,222.79,222.8,45
2026-08-23T10:28:00.000Z,2026-08-23T13:28:00,221.11,221.11,221,221,790
2026-08-23T10:29:00.000Z,2026-08-23T13:29:00,221,221,221,221,838
2026-08-23T10:30:00.000Z,2026-08-23T13:30:00,221,221,221,221,149
2026-08-23T10:31:00.000Z,2026-08-23T13:31:00,222.79,222.79,222.79,222.79,6
2026-08-23T10:32:00.000Z,2026-08-23T13:32:00,222,222,222,222,22
2026-08-23T10:33:00.000Z,2026-08-23T13:33:00,222,222,222,222,212
2026-08-23T10:35:00.000Z,2026-08-23T13:35:00,222.8,222.8,222,222.8,1285
2026-08-23T10:36:00.000Z,2026-08-23T13:36:00,222.8,222.83,222.8,222.83,1068
2026-08-23T10:37:00.000Z,2026-08-23T13:37:00,222.81,222.86,222.8,222.86,208
2026-08-23T10:38:00.000Z,2026-08-23T13:38:00,222.9,222.9,222.9,222.9,45
2026-08-23T10:39:00.000Z,2026-08-23T13:39:00,222.9,222.9,222.9,222.9,1013
2026-08-23T10:40:00.000Z,2026-08-23T13:40:00,222.98,222.98,222.98,222.98,17
2026-08-23T10:42:00.000Z,2026-08-23T13:42:00,222.9,222.98,222.9,222.98,369
2026-08-23T10:43:00.000Z,2026-08-23T13:43:00,222.9,222.97,222.9,222.97,201
2026-08-23T10:44:00.000Z,2026-08-23T13:44:00,222.9,223,222.9,223,350
2026-08-23T10:45:00.000Z,2026-08-23T13:45:00,223,223,222.97,223,110
2026-08-23T10:46:00.000Z,2026-08-23T13:46:00,223,223,223,223,53
2026-08-23T10:47:00.000Z,2026-08-23T13:47:00,222.99,223.6,222.99,223,140
2026-08-23T10:48:00.000Z,2026-08-23T13:48:00,222.99,223.6,222.9,223.6,418
2026-08-23T10:49:00.000Z,2026-08-23T13:49:00,223.5,223.59,223.5,223.5,240
2026-08-23T10:50:00.000Z,2026-08-23T13:50:00,223.5,223.6,223.5,223.6,133
2026-08-23T10:51:00.000Z,2026-08-23T13:51:00,223.59,223.59,223.01,223.01,46
2026-08-23T10:52:00.000Z,2026-08-23T13:52:00,223.01,223.01,223.01,223.01,578
2026-08-23T10:53:00.000Z,2026-08-23T13:53:00,223.4,223.4,223.01,223.01,36
2026-08-23T10:54:00.000Z,2026-08-23T13:54:00,223.4,223.4,223.4,223.4,18
2026-08-23T10:55:00.000Z,2026-08-23T13:55:00,223.3,223.4,223.3,223.4,655
2026-08-23T10:57:00.000Z,2026-08-23T13:57:00,223.4,223.4,223.02,223.02,12
2026-08-23T10:58:00.000Z,2026-08-23T13:58:00,223.02,223.02,223.02,223.02,3
2026-08-23T10:59:00.000Z,2026-08-23T13:59:00,223.01,223.02,223.01,223.02,151
2026-08-23T11:00:00.000Z,2026-08-23T14:00:00,223.02,223.02,223.01,223.01,1079
2026-08-23T11:01:00.000Z,2026-08-23T14:01:00,223.02,223.55,223,223,1351
2026-08-23T11:02:00.000Z,2026-08-23T14:02:00,223.55,223.55,223.55,223.55,8
2026-08-23T11:03:00.000Z,2026-08-23T14:03:00,223,223,222.9,222.9,838
2026-08-23T11:04:00.000Z,2026-08-23T14:04:00,222.8,222.8,221.8,221.8,38
2026-08-23T11:05:00.000Z,2026-08-23T14:05:00,222.9,223,222.9,223,57
2026-08-23T11:06:00.000Z,2026-08-23T14:06:00,222.95,222.95,222.95,222.95,4
2026-08-23T11:07:00.000Z,2026-08-23T14:07:00,222.95,222.99,222.95,222.97,102
2026-08-23T11:08:00.000Z,2026-08-23T14:08:00,222.96,222.96,222.96,222.96,6
2026-08-23T11:09:00.000Z,2026-08-23T14:09:00,222.96,222.97,222.96,222.96,129
2026-08-23T11:11:00.000Z,2026-08-23T14:11:00,222,222,220,220,5350
2026-08-23T11:12:00.000Z,2026-08-23T14:12:00,220.2,220.2,220.2,220.2,4
2026-08-23T11:13:00.000Z,2026-08-23T14:13:00,220.2,220.2,220.2,220.2,200
2026-08-23T11:14:00.000Z,2026-08-23T14:14:00,220.25,223.5,220.1,223.5,2430
2026-08-23T11:15:00.000Z,2026-08-23T14:15:00,223.5,224.79,223.5,224.79,1456
2026-08-23T11:25:00.000Z,2026-08-23T14:25:00,220.1,220.1,220.1,220.1,6449
2026-08-23T11:27:00.000Z,2026-08-23T14:27:00,220.1,220.1,220.1,220.1,965
2026-08-24T07:00:00.000Z,2026-08-24T10:00:00,222.01,224,222.01,224,785
2026-08-24T07:01:00.000Z,2026-08-24T10:01:00,224,224,222,223.95,279
2026-08-24T07:02:00.000Z,2026-08-24T10:02:00,221,221,220.6,220.6,412
2026-08-24T07:04:00.000Z,2026-08-24T10:04:00,222.5,222.5,222.5,222.5,500
2026-08-24T07:05:00.000Z,2026-08-24T10:05:00,223.69,223.69,223.69,223.69,200
2026-08-24T07:06:00.000Z,2026-08-24T10:06:00,222.5,223.69,222.5,222.5,448
2026-08-24T07:08:00.000Z,2026-08-24T10:08:00,221.01,221.01,221.01,221.01,131
2026-08-24T07:09:00.000Z,2026-08-24T10:09:00,221.01,223.98,221.01,221.11,798
2026-08-24T07:10:00.000Z,2026-08-24T10:10:00,221.26,221.26,221,221,3000
2026-08-24T07:11:00.000Z,2026-08-24T10:11:00,223.49,223.49,221,221,116
2026-08-24T07:12:00.000Z,2026-08-24T10:12:00,222.99,222.99,222.99,222.99,112
2026-08-24T07:13:00.000Z,2026-08-24T10:13:00,222.9,222.9,222.9,222.9,9
2026-08-24T07:14:00.000Z,2026-08-24T10:14:00,222.9,223.75,221.5,221.5,450
2026-08-24T07:15:00.000Z,2026-08-24T10:15:00,222.75,224,222.75,224,2000
2026-08-24T07:16:00.000Z,2026-08-24T10:16:00,222.02,222.02,222,222,669
2026-08-24T07:18:00.000Z,2026-08-24T10:18:00,223.5,223.5,222.1,222.1,50
2026-08-24T07:19:00.000Z,2026-08-24T10:19:00,222.21,223.99,222.21,223.99,1140
2026-08-24T07:20:00.000Z,2026-08-24T10:20:00,224,225.5,224,225.5,4963
2026-08-24T07:21:00.000Z,2026-08-24T10:21:00,226,230,224.01,228,15105
2026-08-24T07:22:00.000Z,2026-08-24T10:22:00,228,235,228,232.79,5615
2026-08-24T07:23:00.000Z,2026-08-24T10:23:00,230.9,235,230.11,233,17213
2026-08-24T07:24:00.000Z,2026-08-24T10:24:00,234.88,234.88,232,234.49,7711
2026-08-24T07:25:00.000Z,2026-08-24T10:25:00,234.32,234.8,232.99,232.99,4055
2026-08-24T07:26:00.000Z,2026-08-24T10:26:00,232,233,230.1,231.63,4574
2026-08-24T07:27:00.000Z,2026-08-24T10:27:00,231.63,233.99,231.63,232,7922
2026-08-24T07:28:00.000Z,2026-08-24T10:28:00,232,233.5,232,232,791
2026-08-24T07:29:00.000Z,2026-08-24T10:29:00,232,232.5,230.2,231.99,1656
2026-08-24T07:30:00.000Z,2026-08-24T10:30:00,230.2,230.99,229.99,229.99,4623
2026-08-24T07:31:00.000Z,2026-08-24T10:31:00,229,229,228.01,229,349
2026-08-24T07:32:00.000Z,2026-08-24T10:32:00,228.99,233.98,228.99,232.99,10343
2026-08-24T07:33:00.000Z,2026-08-24T10:33:00,231,232.99,230.5,232.5,753
2026-08-24T07:34:00.000Z,2026-08-24T10:34:00,232.49,232.49,230,231,1155
2026-08-24T07:35:00.000Z,2026-08-24T10:35:00,230.99,230.99,230.01,230.01,617
2026-08-24T07:36:00.000Z,2026-08-24T10:36:00,230.97,230.97,229.15,230.89,1016
2026-08-24T07:37:00.000Z,2026-08-24T10:37:00,229.15,230.79,229.05,230,1512
2026-08-24T07:38:00.000Z,2026-08-24T10:38:00,230,230.79,229.1,230,370
2026-08-24T07:39:00.000Z,2026-08-24T10:39:00,229.1,229.1,229.1,229.1,40
2026-08-24T07:40:00.000Z,2026-08-24T10:40:00,229.5,230.78,229.11,230.78,1028
2026-08-24T07:41:00.000Z,2026-08-24T10:41:00,230.7,230.7,230.7,230.7,1
2026-08-24T07:42:00.000Z,2026-08-24T10:42:00,230.5,230.5,229.2,229.99,1348
2026-08-24T07:43:00.000Z,2026-08-24T10:43:00,229.99,230,229.99,229.99,48
2026-08-24T07:44:00.000Z,2026-08-24T10:44:00,229.99,229.99,229.11,229.11,2039
2026-08-24T07:45:00.000Z,2026-08-24T10:45:00,229.52,229.52,229.11,229.11,2136
2026-08-24T07:46:00.000Z,2026-08-24T10:46:00,229.11,230.8,229.1,229.1,2345
2026-08-24T07:47:00.000Z,2026-08-24T10:47:00,229.5,229.5,229.5,229.5,21
2026-08-24T07:48:00.000Z,2026-08-24T10:48:00,229.49,229.49,228,228,2067
2026-08-24T07:49:00.000Z,2026-08-24T10:49:00,227.02,227.03,227,227,167
2026-08-24T07:50:00.000Z,2026-08-24T10:50:00,227,229.99,227,229.99,554
2026-08-24T07:51:00.000Z,2026-08-24T10:51:00,227.7,231.99,227.7,231.48,1170
2026-08-24T07:52:00.000Z,2026-08-24T10:52:00,231.29,234.99,231.29,234.99,15000
2026-08-24T07:53:00.000Z,2026-08-24T10:53:00,231.23,234.9,230.01,233.99,929
2026-08-24T07:54:00.000Z,2026-08-24T10:54:00,233.89,233.89,231,233.49,252
2026-08-24T07:55:00.000Z,2026-08-24T10:55:00,231,234,231,234,8914
2026-08-24T07:56:00.000Z,2026-08-24T10:56:00,234,236,234,236,15302
2026-08-24T07:57:00.000Z,2026-08-24T10:57:00,236,242,236,240,25675
2026-08-24T07:58:00.000Z,2026-08-24T10:58:00,240,241.9,240,240,7932
2026-08-24T07:59:00.000Z,2026-08-24T10:59:00,240,242.5,240,241.5,9730
2026-08-24T08:00:00.000Z,2026-08-24T11:00:00,241.99,243,241.98,243,3236
2026-08-24T08:10:00.000Z,2026-08-24T11:10:00,242,244,240,241.99,11814
2026-08-24T08:11:00.000Z,2026-08-24T11:11:00,240.01,240.01,236.04,237,6646
2026-08-24T08:12:00.000Z,2026-08-24T11:12:00,238.5,239,238,238.99,704
2026-08-24T08:13:00.000Z,2026-08-24T11:13:00,238,241,238,240,15102
2026-08-24T08:14:00.000Z,2026-08-24T11:14:00,240,240,237.25,237.25,579
2026-08-24T08:15:00.000Z,2026-08-24T11:15:00,238.99,239,237.25,237.99,1791
2026-08-24T08:16:00.000Z,2026-08-24T11:16:00,237.9,238,237.59,237.6,2164
2026-08-24T08:17:00.000Z,2026-08-24T11:17:00,237.26,237.26,235.71,235.75,7304
2026-08-24T08:18:00.000Z,2026-08-24T11:18:00,235.75,236,235.03,236,2194
2026-08-24T08:19:00.000Z,2026-08-24T11:19:00,236,237.49,236,237,617
2026-08-24T08:20:00.000Z,2026-08-24T11:20:00,237,237.6,235.6,236,3188
2026-08-24T08:21:00.000Z,2026-08-24T11:21:00,236,239,236,239,4607
2026-08-24T08:22:00.000Z,2026-08-24T11:22:00,239.79,239.84,236.03,238.97,5167
2026-08-24T08:23:00.000Z,2026-08-24T11:23:00,238.76,238.76,237,237,41
2026-08-24T08:24:00.000Z,2026-08-24T11:24:00,237,237.01,236.5,236.5,1734
2026-08-24T08:25:00.000Z,2026-08-24T11:25:00,236.5,236.5,235.99,236,10296
2026-08-24T08:26:00.000Z,2026-08-24T11:26:00,237,237,236,236,273
2026-08-24T08:27:00.000Z,2026-08-24T11:27:00,237,238.49,236.01,237.99,948
2026-08-24T08:28:00.000Z,2026-08-24T11:28:00,237.99,237.99,235.99,235.99,4532
2026-08-24T08:29:00.000Z,2026-08-24T11:29:00,235.99,236.97,235.02,236.97,2669
2026-08-24T08:30:00.000Z,2026-08-24T11:30:00,236.95,237.8,236.95,237.01,773
2026-08-24T08:31:00.000Z,2026-08-24T11:31:00,237.06,237.06,237.06,237.06,50
2026-08-24T08:32:00.000Z,2026-08-24T11:32:00,237.07,237.8,237.05,237.8,2458
2026-08-24T08:33:00.000Z,2026-08-24T11:33:00,237.09,237.09,237.05,237.05,73
2026-08-24T08:34:00.000Z,2026-08-24T11:34:00,237.7,237.8,237.7,237.8,10
2026-08-24T08:35:00.000Z,2026-08-24T11:35:00,237.8,239,237.77,239,2438
2026-08-24T08:36:00.000Z,2026-08-24T11:36:00,239,239.8,239,239,1611
2026-08-24T08:37:00.000Z,2026-08-24T11:37:00,239,239.7,239,239.69,1127
2026-08-24T08:38:00.000Z,2026-08-24T11:38:00,239.68,242,239.65,241.99,20920
2026-08-24T08:39:00.000Z,2026-08-24T11:39:00,241.99,242,241.79,242,3475
2026-08-24T08:40:00.000Z,2026-08-24T11:40:00,242,243,240.25,242.98,6774
2026-08-24T08:41:00.000Z,2026-08-24T11:41:00,242.89,242.89,241.26,241.26,1208
2026-08-24T08:42:00.000Z,2026-08-24T11:42:00,241.26,241.5,240.12,241,699
2026-08-24T08:43:00.000Z,2026-08-24T11:43:00,241,241,240,240,3207
2026-08-24T08:44:00.000Z,2026-08-24T11:44:00,239.98,239.98,239,239.8,1503
2026-08-24T08:45:00.000Z,2026-08-24T11:45:00,239.8,239.9,239.79,239.9,437
2026-08-24T08:46:00.000Z,2026-08-24T11:46:00,239.01,239.01,237.22,237.22,544
2026-08-24T08:47:00.000Z,2026-08-24T11:47:00,238,239,237.61,239,736
2026-08-24T08:48:00.000Z,2026-08-24T11:48:00,239,239,238.05,239,1148
2026-08-24T08:49:00.000Z,2026-08-24T11:49:00,239,239,238.51,238.51,473
2026-08-24T08:50:00.000Z,2026-08-24T11:50:00,239,239,238.99,238.99,254
2026-08-24T08:51:00.000Z,2026-08-24T11:51:00,238.8,238.8,238,238,578
2026-08-24T08:52:00.000Z,2026-08-24T11:52:00,238.8,239,238,238,1479
2026-08-24T08:53:00.000Z,2026-08-24T11:53:00,238,238.01,237.5,237.5,3312
2026-08-24T08:54:00.000Z,2026-08-24T11:54:00,238.01,239,238.01,239,29
2026-08-24T08:55:00.000Z,2026-08-24T11:55:00,238,238.99,237.5,238.99,561
2026-08-24T08:56:00.000Z,2026-08-24T11:56:00,237.5,238.99,237.5,237.5,723
2026-08-24T08:57:00.000Z,2026-08-24T11:57:00,237.5,237.5,237.5,237.5,219
2026-08-24T08:58:00.000Z,2026-08-24T11:58:00,237.4,238.7,237.4,238.7,1027
2026-08-24T09:00:00.000Z,2026-08-24T12:00:00,239,240,239,240,3169
2026-08-24T09:01:00.000Z,2026-08-24T12:01:00,240,242,240,242,1546
2026-08-24T09:02:00.000Z,2026-08-24T12:02:00,241.9,241.9,240,241.7,193
2026-08-24T09:03:00.000Z,2026-08-24T12:03:00,241.49,241.49,239,240,1331
2026-08-24T09:04:00.000Z,2026-08-24T12:04:00,239.03,241.38,239.03,240,2790
2026-08-24T09:05:00.000Z,2026-08-24T12:05:00,239.99,239.99,239,239,2106
2026-08-24T09:06:00.000Z,2026-08-24T12:06:00,238.11,238.99,238.11,238.11,755
2026-08-24T09:07:00.000Z,2026-08-24T12:07:00,238.11,239,238.1,238.1,3601
2026-08-24T09:08:00.000Z,2026-08-24T12:08:00,238.93,239,238.02,238.5,481
2026-08-24T09:09:00.000Z,2026-08-24T12:09:00,238.5,238.5,238.02,238.5,186
2026-08-24T09:10:00.000Z,2026-08-24T12:10:00,238.5,238.5,238.5,238.5,104
2026-08-24T09:11:00.000Z,2026-08-24T12:11:00,238.88,239.35,238.88,239,1845
2026-08-24T09:12:00.000Z,2026-08-24T12:12:00,239.35,239.99,239.01,239.99,295
2026-08-24T09:13:00.000Z,2026-08-24T12:13:00,239.01,239.99,239,239.99,1033
2026-08-24T09:14:00.000Z,2026-08-24T12:14:00,239.03,239.99,238.5,239,1297
2026-08-24T09:15:00.000Z,2026-08-24T12:15:00,238.5,238.5,238.02,238.02,2602
2026-08-24T09:16:00.000Z,2026-08-24T12:16:00,238.05,238.05,238.05,238.05,120
2026-08-24T09:17:00.000Z,2026-08-24T12:17:00,238.1,238.1,238.1,238.1,77
2026-08-24T09:18:00.000Z,2026-08-24T12:18:00,238.1,238.2,238.1,238.2,346
2026-08-24T09:19:00.000Z,2026-08-24T12:19:00,238.2,238.9,238.11,238.11,183
2026-08-24T09:20:00.000Z,2026-08-24T12:20:00,238.11,238.11,238.1,238.1,180
2026-08-24T09:22:00.000Z,2026-08-24T12:22:00,238.3,238.88,238.25,238.25,2400
2026-08-24T09:23:00.000Z,2026-08-24T12:23:00,238.25,238.85,238,238,4756
2026-08-24T09:24:00.000Z,2026-08-24T12:24:00,238.5,238.5,237.51,238,2175
2026-08-24T09:25:00.000Z,2026-08-24T12:25:00,237.51,238,237.51,237.51,1291
2026-08-24T09:26:00.000Z,2026-08-24T12:26:00,237.51,237.51,237.51,237.51,539
2026-08-24T09:27:00.000Z,2026-08-24T12:27:00,237.99,237.99,237.11,237.11,6323
2026-08-24T09:28:00.000Z,2026-08-24T12:28:00,237.1,237.1,237.05,237.05,2946
2026-08-24T09:29:00.000Z,2026-08-24T12:29:00,237.05,237.05,236.51,237,1782
2026-08-24T09:30:00.000Z,2026-08-24T12:30:00,236.99,236.99,236,236,159
2026-08-24T09:31:00.000Z,2026-08-24T12:31:00,236,236,235.23,236,1176
2026-08-24T09:32:00.000Z,2026-08-24T12:32:00,236,236,235,236,3001
2026-08-24T09:33:00.000Z,2026-08-24T12:33:00,235.02,236.9,235.02,236.9,547
2026-08-24T09:34:00.000Z,2026-08-24T12:34:00,235.13,235.13,235.13,235.13,2
2026-08-24T09:35:00.000Z,2026-08-24T12:35:00,236.9,236.9,236.9,236.9,209
2026-08-24T09:36:00.000Z,2026-08-24T12:36:00,236.9,237,236.01,236.01,1630
2026-08-24T09:37:00.000Z,2026-08-24T12:37:00,237,237,237,237,589
2026-08-24T09:38:00.000Z,2026-08-24T12:38:00,237,237,235.51,235.51,1875
2026-08-24T09:39:00.000Z,2026-08-24T12:39:00,236,236,236,236,6
2026-08-24T09:40:00.000Z,2026-08-24T12:40:00,237,237,236,236,27
2026-08-24T09:41:00.000Z,2026-08-24T12:41:00,237,237.95,237,237.95,1263
2026-08-24T09:42:00.000Z,2026-08-24T12:42:00,237.87,237.87,237.87,237.87,20
2026-08-24T09:43:00.000Z,2026-08-24T12:43:00,237,237,236,236,7
2026-08-24T09:44:00.000Z,2026-08-24T12:44:00,236.05,236.05,236,236,46
2026-08-24T09:45:00.000Z,2026-08-24T12:45:00,236,236,236,236,211
2026-08-24T09:46:00.000Z,2026-08-24T12:46:00,236.02,236.02,235,235,2914
2026-08-24T09:47:00.000Z,2026-08-24T12:47:00,235.01,235.01,234.9,234.9,2041
2026-08-24T09:48:00.000Z,2026-08-24T12:48:00,234.9,235,231.6,232.52,2363
2026-08-24T09:49:00.000Z,2026-08-24T12:49:00,232,232.52,232,232,1269
2026-08-24T09:50:00.000Z,2026-08-24T12:50:00,232,232.51,232,232,655
2026-08-24T09:51:00.000Z,2026-08-24T12:51:00,232,232,231.25,231.26,248
2026-08-24T09:52:00.000Z,2026-08-24T12:52:00,232.51,232.51,231.26,231.27,916
2026-08-24T09:53:00.000Z,2026-08-24T12:53:00,231.27,231.98,230.12,231.28,2033
2026-08-24T09:54:00.000Z,2026-08-24T12:54:00,231.98,232,231.28,232,146
2026-08-24T09:55:00.000Z,2026-08-24T12:55:00,231.28,231.98,231.28,231.98,27
2026-08-24T09:57:00.000Z,2026-08-24T12:57:00,231.8,232,231.51,231.51,277
2026-08-24T09:58:00.000Z,2026-08-24T12:58:00,231.52,232.51,231.52,232.51,403
2026-08-24T09:59:00.000Z,2026-08-24T12:59:00,232.5,232.52,232.5,232.52,124
2026-08-24T10:00:00.000Z,2026-08-24T13:00:00,232.52,232.52,232,232,456
2026-08-24T10:01:00.000Z,2026-08-24T13:01:00,232.95,232.95,232.95,232.95,1
2026-08-24T10:02:00.000Z,2026-08-24T13:02:00,232.5,233,232.5,233,833
2026-08-24T10:03:00.000Z,2026-08-24T13:03:00,233,233,232,232,965
2026-08-24T10:04:00.000Z,2026-08-24T13:04:00,232,232,230.01,230.01,2839
2026-08-24T10:05:00.000Z,2026-08-24T13:05:00,230.01,230.03,230.01,230.03,438
2026-08-24T10:07:00.000Z,2026-08-24T13:07:00,230.08,231,228.5,231,6255
2026-08-24T10:08:00.000Z,2026-08-24T13:08:00,230.99,230.99,230,230,605
2026-08-24T10:09:00.000Z,2026-08-24T13:09:00,230,230,229.23,229.23,1550
2026-08-24T10:10:00.000Z,2026-08-24T13:10:00,229.25,229.25,228.5,229,526
2026-08-24T10:11:00.000Z,2026-08-24T13:11:00,229,229.95,229,229.95,821
2026-08-24T10:12:00.000Z,2026-08-24T13:12:00,229.5,229.5,229,229.23,815
2026-08-24T10:13:00.000Z,2026-08-24T13:13:00,229.95,230.2,229.95,230.2,1649
2026-08-24T10:14:00.000Z,2026-08-24T13:14:00,230.2,230.99,230.2,230.99,108
2026-08-24T10:15:00.000Z,2026-08-24T13:15:00,230.09,230.99,230,230.99,393
2026-08-24T10:16:00.000Z,2026-08-24T13:16:00,230.99,231.55,230.99,231,534
2026-08-24T10:17:00.000Z,2026-08-24T13:17:00,231,232,231,232,570
2026-08-24T10:18:00.000Z,2026-08-24T13:18:00,231.01,231.01,230.98,231,4834
2026-08-24T10:19:00.000Z,2026-08-24T13:19:00,231,231,231,231,830
2026-08-24T10:20:00.000Z,2026-08-24T13:20:00,232,232,231,231,2278
2026-08-24T10:21:00.000Z,2026-08-24T13:21:00,231,231,231,231,2713
2026-08-24T10:22:00.000Z,2026-08-24T13:22:00,231,231,231,231,105
2026-08-24T10:23:00.000Z,2026-08-24T13:23:00,231,231.9,231,231.9,62
2026-08-24T10:24:00.000Z,2026-08-24T13:24:00,230.3,231.87,230.3,231.87,189
2026-08-24T10:25:00.000Z,2026-08-24T13:25:00,230.3,231.78,230.3,231.59,478
2026-08-24T10:26:00.000Z,2026-08-24T13:26:00,231.49,231.49,230.05,230.05,5951
2026-08-24T10:27:00.000Z,2026-08-24T13:27:00,230.05,230.89,230.01,230.89,928
2026-08-24T10:28:00.000Z,2026-08-24T13:28:00,230.01,230.87,230.01,230.87,131
2026-08-24T10:29:00.000Z,2026-08-24T13:29:00,230.01,230.09,230.01,230.09,143
2026-08-24T10:30:00.000Z,2026-08-24T13:30:00,230.01,230.09,230,230,1141
2026-08-24T10:31:00.000Z,2026-08-24T13:31:00,229.9,230,229.9,230,221
2026-08-24T10:32:00.000Z,2026-08-24T13:32:00,230,230,230,230,27
2026-08-24T10:34:00.000Z,2026-08-24T13:34:00,229.99,230,229.99,230,80
2026-08-24T10:36:00.000Z,2026-08-24T13:36:00,230,230,230,230,5
2026-08-24T10:37:00.000Z,2026-08-24T13:37:00,230,230,230,230,266
2026-08-24T10:38:00.000Z,2026-08-24T13:38:00,230.09,231.44,230.09,231.01,799
2026-08-24T10:39:00.000Z,2026-08-24T13:39:00,231.01,231.01,231.01,231.01,430
2026-08-24T10:40:00.000Z,2026-08-24T13:40:00,231.01,231.5,231,231,1904
2026-08-24T10:41:00.000Z,2026-08-24T13:41:00,231,232,231,231,441
2026-08-24T10:42:00.000Z,2026-08-24T13:42:00,231,231,230.5,230.99,130
2026-08-24T10:43:00.000Z,2026-08-24T13:43:00,232,232,230,231.99,29
2026-08-24T10:45:00.000Z,2026-08-24T13:45:00,231.5,231.5,231,231,1312
2026-08-24T10:46:00.000Z,2026-08-24T13:46:00,231,231,231,231,1251
2026-08-24T10:47:00.000Z,2026-08-24T13:47:00,231,231,230,231,353
2026-08-24T10:48:00.000Z,2026-08-24T13:48:00,231,231.9,231,231.9,205
2026-08-24T10:52:00.000Z,2026-08-24T13:52:00,231,231,231,231,1980
2026-08-24T10:53:00.000Z,2026-08-24T13:53:00,231.7,231.7,231,231,252
2026-08-24T10:55:00.000Z,2026-08-24T13:55:00,231.7,231.88,231.7,231.88,342
2026-08-24T10:56:00.000Z,2026-08-24T13:56:00,231.01,231.7,231,231,2193
2026-08-24T10:57:00.000Z,2026-08-24T13:57:00,231,231,230.99,231,431
2026-08-24T10:58:00.000Z,2026-08-24T13:58:00,230.5,231,230,230.99,906
2026-08-24T10:59:00.000Z,2026-08-24T13:59:00,230.5,230.98,229,230.98,4193
2026-08-24T11:00:00.000Z,2026-08-24T14:00:00,230,230,229.01,230,210
2026-08-24T11:01:00.000Z,2026-08-24T14:01:00,229.01,230,229,229,5801
2026-08-24T11:02:00.000Z,2026-08-24T14:02:00,228.5,229,228,229,1120
2026-08-24T11:03:00.000Z,2026-08-24T14:03:00,229,230,229,230,428
2026-08-24T11:04:00.000Z,2026-08-24T14:04:00,230,230.99,230,230.99,1064
2026-08-24T11:05:00.000Z,2026-08-24T14:05:00,230,230.99,230,230.99,267
2026-08-24T11:06:00.000Z,2026-08-24T14:06:00,230.5,230.5,230.5,230.5,20
2026-08-24T11:07:00.000Z,2026-08-24T14:07:00,230.5,231.75,230.5,231.75,655
2026-08-24T11:08:00.000Z,2026-08-24T14:08:00,231.7,231.88,231.7,231.88,414
2026-08-24T11:09:00.000Z,2026-08-24T14:09:00,231.88,231.88,231.88,231.88,6
2026-08-24T11:10:00.000Z,2026-08-24T14:10:00,231.88,237,231.01,236.99,4373
2026-08-24T11:11:00.000Z,2026-08-24T14:11:00,233.01,237,233.01,237,1245
2026-08-24T11:12:00.000Z,2026-08-24T14:12:00,235,235,234.02,234.02,6348
2026-08-24T11:13:00.000Z,2026-08-24T14:13:00,234.99,234.99,234.97,234.97,75
2026-08-24T11:14:00.000Z,2026-08-24T14:14:00,233.03,234.89,231,231,600
2026-08-24T11:25:00.000Z,2026-08-24T14:25:00,233,233,233,233,2697
2026-08-24T11:26:00.000Z,2026-08-24T14:26:00,233,233,233,233,30
2026-08-24T11:27:00.000Z,2026-08-24T14:27:00,233,233,233,233,250
2026-08-25T07:00:00.000Z,2026-08-25T10:00:00,233.1,233.12,233.02,233.03,2415
2026-08-25T07:01:00.000Z,2026-08-25T10:01:00,233.03,234.99,233.02,233.04,1548
2026-08-25T07:02:00.000Z,2026-08-25T10:02:00,233.04,233.05,233.03,233.03,3688
2026-08-25T07:03:00.000Z,2026-08-25T10:03:00,233.03,233.89,233,233,4386
2026-08-25T07:04:00.000Z,2026-08-25T10:04:00,232.9,233,232.9,233,1000
2026-08-25T07:05:00.000Z,2026-08-25T10:05:00,233,233,233,233,67
2026-08-25T07:06:00.000Z,2026-08-25T10:06:00,232.51,232.51,232.5,232.5,469
2026-08-25T07:07:00.000Z,2026-08-25T10:07:00,232.5,232.5,231.5,231.5,345
2026-08-25T07:08:00.000Z,2026-08-25T10:08:00,232,234.8,231.05,234.8,2087
2026-08-25T07:10:00.000Z,2026-08-25T10:10:00,233,233,233,233,350
2026-08-25T07:11:00.000Z,2026-08-25T10:11:00,232,232,232,232,30
2026-08-25T07:12:00.000Z,2026-08-25T10:12:00,232,232,232,232,50
2026-08-25T07:13:00.000Z,2026-08-25T10:13:00,232.99,232.99,232,232.97,71
2026-08-25T07:14:00.000Z,2026-08-25T10:14:00,232.97,232.97,231,231,436
2026-08-25T07:15:00.000Z,2026-08-25T10:15:00,231,231,231,231,76
2026-08-25T07:16:00.000Z,2026-08-25T10:16:00,231,231.79,231,231,256
2026-08-25T07:17:00.000Z,2026-08-25T10:17:00,230.07,230.99,230.04,230.05,1215
2026-08-25T07:18:00.000Z,2026-08-25T10:18:00,230.95,230.95,230.8,230.8,254
2026-08-25T07:19:00.000Z,2026-08-25T10:19:00,230.5,230.5,230.06,230.06,43
2026-08-25T07:20:00.000Z,2026-08-25T10:20:00,230.06,230.88,230.06,230.5,2215
2026-08-25T07:21:00.000Z,2026-08-25T10:21:00,230.88,230.88,230.5,230.5,486
2026-08-25T07:22:00.000Z,2026-08-25T10:22:00,230.5,230.5,230.05,230.05,248
2026-08-25T07:23:00.000Z,2026-08-25T10:23:00,230.05,230.87,230.05,230.87,39
2026-08-25T07:24:00.000Z,2026-08-25T10:24:00,230.06,230.06,230.06,230.06,50
2026-08-25T07:25:00.000Z,2026-08-25T10:25:00,230.05,230.87,230.05,230.86,182
2026-08-25T07:26:00.000Z,2026-08-25T10:26:00,230.84,230.84,230.1,230.1,17
2026-08-25T07:27:00.000Z,2026-08-25T10:27:00,230.15,230.15,230.15,230.15,209
2026-08-25T07:28:00.000Z,2026-08-25T10:28:00,230.8,230.8,230.15,230.15,10
2026-08-25T07:30:00.000Z,2026-08-25T10:30:00,230.15,230.88,230.15,230.88,108
2026-08-25T07:31:00.000Z,2026-08-25T10:31:00,230.16,231,230.16,231,125
2026-08-25T07:32:00.000Z,2026-08-25T10:32:00,232.68,232.68,232.68,232.68,11
2026-08-25T07:33:00.000Z,2026-08-25T10:33:00,232.65,232.79,232.63,232.79,169
2026-08-25T07:34:00.000Z,2026-08-25T10:34:00,232.79,232.79,232.79,232.79,129
2026-08-25T07:35:00.000Z,2026-08-25T10:35:00,232.79,232.8,231.01,231.01,256
2026-08-25T07:36:00.000Z,2026-08-25T10:36:00,232.79,232.79,232.79,232.79,109
2026-08-25T07:38:00.000Z,2026-08-25T10:38:00,231.05,232.8,231.05,232.8,86
2026-08-25T07:40:00.000Z,2026-08-25T10:40:00,232.79,232.79,232.79,232.79,6
2026-08-25T07:41:00.000Z,2026-08-25T10:41:00,232.49,232.49,232.39,232.39,67
2026-08-25T07:42:00.000Z,2026-08-25T10:42:00,232,232,232,232,15
2026-08-25T07:43:00.000Z,2026-08-25T10:43:00,231.05,231.05,231.01,231.01,38
2026-08-25T07:44:00.000Z,2026-08-25T10:44:00,232.18,232.79,232.18,232.79,502
2026-08-25T07:45:00.000Z,2026-08-25T10:45:00,232.79,232.79,232.79,232.79,39
2026-08-25T07:47:00.000Z,2026-08-25T10:47:00,232.77,232.79,232,232.79,328
2026-08-25T07:48:00.000Z,2026-08-25T10:48:00,232.79,232.79,232,232,281
2026-08-25T07:49:00.000Z,2026-08-25T10:49:00,232.78,232.78,232.78,232.78,100
2026-08-25T07:51:00.000Z,2026-08-25T10:51:00,232.5,232.5,231,231,3021
2026-08-25T07:52:00.000Z,2026-08-25T10:52:00,231,231,231,231,219
2026-08-25T07:53:00.000Z,2026-08-25T10:53:00,231.99,232,231.99,232,228
2026-08-25T07:54:00.000Z,2026-08-25T10:54:00,232,232,232,232,1200
2026-08-25T07:55:00.000Z,2026-08-25T10:55:00,232,232,232,232,70
2026-08-25T07:56:00.000Z,2026-08-25T10:56:00,232,232,232,232,1000
2026-08-25T07:57:00.000Z,2026-08-25T10:57:00,232,232.01,232,232.01,229
2026-08-25T07:58:00.000Z,2026-08-25T10:58:00,232.01,232.01,232.01,232.01,201
2026-08-25T07:59:00.000Z,2026-08-25T10:59:00,232.01,232.01,232.01,232.01,506
2026-08-25T08:00:00.000Z,2026-08-25T11:00:00,232.29,232.29,232.29,232.29,68
2026-08-25T08:01:00.000Z,2026-08-25T11:01:00,232.05,232.05,232.01,232.01,1500
2026-08-25T08:02:00.000Z,2026-08-25T11:02:00,232.02,232.29,232,232.02,1731
2026-08-25T08:03:00.000Z,2026-08-25T11:03:00,232.02,232.79,232.02,232.79,1740
2026-08-25T08:04:00.000Z,2026-08-25T11:04:00,232.79,234,232.79,234,1311
2026-08-25T08:05:00.000Z,2026-08-25T11:05:00,234,237,234,237,10775
2026-08-25T08:06:00.000Z,2026-08-25T11:06:00,236,236,236,236,1528
2026-08-25T08:07:00.000Z,2026-08-25T11:07:00,236,239,236,238.9,15667
2026-08-25T08:08:00.000Z,2026-08-25T11:08:00,236.01,236.01,236.01,236.01,18
2026-08-25T08:09:00.000Z,2026-08-25T11:09:00,236,237.99,236,237.99,164
2026-08-25T08:10:00.000Z,2026-08-25T11:10:00,237,237,234.11,234.15,114
2026-08-25T08:11:00.000Z,2026-08-25T11:11:00,236.9,236.9,236,236,45
2026-08-25T08:12:00.000Z,2026-08-25T11:12:00,234.5,234.5,234.5,234.5,1
2026-08-25T08:13:00.000Z,2026-08-25T11:13:00,234.5,234.5,234.5,234.5,10
2026-08-25T08:14:00.000Z,2026-08-25T11:14:00,234.5,234.52,234.5,234.52,506
2026-08-25T08:15:00.000Z,2026-08-25T11:15:00,235.5,235.98,234.52,235,1481
2026-08-25T08:16:00.000Z,2026-08-25T11:16:00,235,235,235,235,40
2026-08-25T08:17:00.000Z,2026-08-25T11:17:00,235,235,235,235,1903
2026-08-25T08:18:00.000Z,2026-08-25T11:18:00,235,235,235,235,87
2026-08-25T08:19:00.000Z,2026-08-25T11:19:00,234.9,235.9,234.9,235.01,1282
2026-08-25T08:20:00.000Z,2026-08-25T11:20:00,234.6,235,234.6,235,1012
2026-08-25T08:21:00.000Z,2026-08-25T11:21:00,235,235,235,235,1062
2026-08-25T08:22:00.000Z,2026-08-25T11:22:00,235,235,234.4,234.4,1257
2026-08-25T08:23:00.000Z,2026-08-25T11:23:00,234.99,234.99,234.4,234.4,230
2026-08-25T08:24:00.000Z,2026-08-25T11:24:00,234.99,234.99,234.5,234.5,159
2026-08-25T08:25:00.000Z,2026-08-25T11:25:00,234.98,234.98,234.98,234.98,1
2026-08-25T08:26:00.000Z,2026-08-25T11:26:00,234.4,234.4,233.99,234,4044
2026-08-25T08:27:00.000Z,2026-08-25T11:27:00,234,234,233.01,233.01,674
2026-08-25T08:29:00.000Z,2026-08-25T11:29:00,233.5,234,233.5,234,10
2026-08-25T08:30:00.000Z,2026-08-25T11:30:00,233.99,233.99,233.5,233.6,122
2026-08-25T08:32:00.000Z,2026-08-25T11:32:00,233.99,233.99,233.02,233.98,1472
2026-08-25T08:33:00.000Z,2026-08-25T11:33:00,233.98,234,233.98,234,1149
2026-08-25T08:34:00.000Z,2026-08-25T11:34:00,233.02,233.02,233.02,233.02,50
2026-08-25T08:35:00.000Z,2026-08-25T11:35:00,234.48,234.48,234.48,234.48,4
2026-08-25T08:37:00.000Z,2026-08-25T11:37:00,234.24,234.24,234.24,234.24,2
2026-08-25T08:38:00.000Z,2026-08-25T11:38:00,233.5,233.5,233.5,233.5,250
2026-08-25T08:39:00.000Z,2026-08-25T11:39:00,233.7,233.7,233.7,233.7,549
2026-08-25T08:40:00.000Z,2026-08-25T11:40:00,234,234,233.99,233.99,431
2026-08-25T08:41:00.000Z,2026-08-25T11:41:00,233.7,235,233.7,235,1709
2026-08-25T08:42:00.000Z,2026-08-25T11:42:00,234,234,234,234,99
2026-08-25T08:43:00.000Z,2026-08-25T11:43:00,234,234,234,234,78
2026-08-25T08:44:00.000Z,2026-08-25T11:44:00,234,234,234,234,100
2026-08-25T08:45:00.000Z,2026-08-25T11:45:00,234,235,233.71,235,10532
2026-08-25T08:46:00.000Z,2026-08-25T11:46:00,234,235,234,235,641
2026-08-25T08:47:00.000Z,2026-08-25T11:47:00,235,235,234,235,3078
2026-08-25T08:48:00.000Z,2026-08-25T11:48:00,236,237.9,236,237.9,17151
2026-08-25T08:49:00.000Z,2026-08-25T11:49:00,236,238,235.01,237,5006
2026-08-25T08:51:00.000Z,2026-08-25T11:51:00,236.96,236.96,236.96,236.96,70
2026-08-25T08:53:00.000Z,2026-08-25T11:53:00,236,236,236,236,70
2026-08-25T08:54:00.000Z,2026-08-25T11:54:00,235.5,235.5,235,235,2052
2026-08-25T08:55:00.000Z,2026-08-25T11:55:00,235,235,234,234,1015
2026-08-25T08:56:00.000Z,2026-08-25T11:56:00,234,234,234,234,8
2026-08-25T08:57:00.000Z,2026-08-25T11:57:00,234.01,234.01,234.01,234.01,21
2026-08-25T08:59:00.000Z,2026-08-25T11:59:00,234.5,234.5,234.5,234.5,2
2026-08-25T09:02:00.000Z,2026-08-25T12:02:00,235,235,235,235,480
2026-08-25T09:03:00.000Z,2026-08-25T12:03:00,234.5,234.5,234.01,234.01,57
2026-08-25T09:04:00.000Z,2026-08-25T12:04:00,235.98,235.98,235.98,235.98,121
2026-08-25T09:05:00.000Z,2026-08-25T12:05:00,234.04,235.93,234.04,234.04,62
2026-08-25T09:06:00.000Z,2026-08-25T12:06:00,235.49,235.49,235.49,235.49,8
2026-08-25T09:07:00.000Z,2026-08-25T12:07:00,235,235,235,235,477
2026-08-25T09:08:00.000Z,2026-08-25T12:08:00,235.01,235.01,235,235,85
2026-08-25T09:09:00.000Z,2026-08-25T12:09:00,235.5,235.5,235.5,235.5,6
2026-08-25T09:11:00.000Z,2026-08-25T12:11:00,235,235,235,235,4291
2026-08-25T09:12:00.000Z,2026-08-25T12:12:00,234.31,234.31,234.1,234.1,308
2026-08-25T09:14:00.000Z,2026-08-25T12:14:00,234.99,234.99,234.99,234.99,7
2026-08-25T09:16:00.000Z,2026-08-25T12:16:00,234.97,234.97,234.97,234.97,131
2026-08-25T09:17:00.000Z,2026-08-25T12:17:00,234.1,234.1,234.1,234.1,836
2026-08-25T09:21:00.000Z,2026-08-25T12:21:00,234.1,234.1,234,234,1741
2026-08-25T09:22:00.000Z,2026-08-25T12:22:00,234,234.86,234,234.86,870
2026-08-25T09:23:00.000Z,2026-08-25T12:23:00,234.86,234.86,233.99,234,732
2026-08-25T09:24:00.000Z,2026-08-25T12:24:00,234.89,234.89,234,234,1053
2026-08-25T09:25:00.000Z,2026-08-25T12:25:00,234.79,234.79,234.79,234.79,12
2026-08-25T09:27:00.000Z,2026-08-25T12:27:00,234,234,233.02,233.99,2389
2026-08-25T09:29:00.000Z,2026-08-25T12:29:00,234,234,233.98,233.98,512
2026-08-25T09:30:00.000Z,2026-08-25T12:30:00,233.05,234.62,233,233,1027
2026-08-25T09:31:00.000Z,2026-08-25T12:31:00,233,233.03,233,233.03,1338
2026-08-25T09:33:00.000Z,2026-08-25T12:33:00,233.03,233.03,232.01,232.01,1200
2026-08-25T09:34:00.000Z,2026-08-25T12:34:00,232.01,232.01,232.01,232.01,321
2026-08-25T09:37:00.000Z,2026-08-25T12:37:00,234.47,234.47,233.99,233.99,237
2026-08-25T09:38:00.000Z,2026-08-25T12:38:00,232.03,232.03,232.03,232.03,5
2026-08-25T09:39:00.000Z,2026-08-25T12:39:00,233.97,233.97,233.97,233.97,4
2026-08-25T09:40:00.000Z,2026-08-25T12:40:00,233.97,233.97,233.97,233.97,32
2026-08-25T09:41:00.000Z,2026-08-25T12:41:00,233.97,233.97,233.97,233.97,17
2026-08-25T09:42:00.000Z,2026-08-25T12:42:00,233.97,233.97,233,233,68
2026-08-25T09:45:00.000Z,2026-08-25T12:45:00,233,233.5,233,233,100
2026-08-25T09:46:00.000Z,2026-08-25T12:46:00,233.5,233.5,233.5,233.5,211
2026-08-25T09:47:00.000Z,2026-08-25T12:47:00,233.5,233.5,233.5,233.5,122
2026-08-25T09:50:00.000Z,2026-08-25T12:50:00,233.5,233.5,233.5,233.5,21
2026-08-25T09:51:00.000Z,2026-08-25T12:51:00,233,233,233,233,443
2026-08-25T09:52:00.000Z,2026-08-25T12:52:00,233,233,232.01,232.01,1649
2026-08-25T09:53:00.000Z,2026-08-25T12:53:00,233,233,233,233,2
2026-08-25T09:56:00.000Z,2026-08-25T12:56:00,233,233,233,233,1
2026-08-25T09:57:00.000Z,2026-08-25T12:57:00,232.5,232.5,232.05,232.05,366
2026-08-25T09:58:00.000Z,2026-08-25T12:58:00,233,233,233,233,33
2026-08-25T09:59:00.000Z,2026-08-25T12:59:00,232.06,232.06,232.05,232.05,198
2026-08-25T10:00:00.000Z,2026-08-25T13:00:00,232.49,232.5,232.06,232.06,1049
2026-08-25T10:01:00.000Z,2026-08-25T13:01:00,232.06,233,232.05,233,414
2026-08-25T10:02:00.000Z,2026-08-25T13:02:00,233,233,233,233,100
2026-08-25T10:04:00.000Z,2026-08-25T13:04:00,233,233,233,233,25
2026-08-25T10:05:00.000Z,2026-08-25T13:05:00,233,233,233,233,491
2026-08-25T10:06:00.000Z,2026-08-25T13:06:00,232.9,233.5,232.1,232.1,491
2026-08-25T10:07:00.000Z,2026-08-25T13:07:00,233.5,233.5,233.5,233.5,9
2026-08-25T10:08:00.000Z,2026-08-25T13:08:00,233.48,233.48,233.48,233.48,4
2026-08-25T10:09:00.000Z,2026-08-25T13:09:00,232.06,232.06,232.05,232.05,128
2026-08-25T10:10:00.000Z,2026-08-25T13:10:00,232.1,232.1,232.1,232.1,23
2026-08-25T10:11:00.000Z,2026-08-25T13:11:00,233,233,233,233,36
2026-08-25T10:12:00.000Z,2026-08-25T13:12:00,233,233,233,233,2
2026-08-25T10:14:00.000Z,2026-08-25T13:14:00,233,233,233,233,192
2026-08-25T10:15:00.000Z,2026-08-25T13:15:00,233.4,233.4,233.4,233.4,4
2026-08-25T10:16:00.000Z,2026-08-25T13:16:00,233.4,234,233.01,234,1386
2026-08-25T10:17:00.000Z,2026-08-25T13:17:00,234.4,234.4,234.4,234.4,7
2026-08-25T10:19:00.000Z,2026-08-25T13:19:00,234,234,234,234,52
2026-08-25T10:21:00.000Z,2026-08-25T13:21:00,234.3,235,234.3,235,3000
2026-08-25T10:23:00.000Z,2026-08-25T13:23:00,235,235,235,235,304
2026-08-25T10:24:00.000Z,2026-08-25T13:24:00,233.51,233.51,233.01,233.01,772
2026-08-25T10:25:00.000Z,2026-08-25T13:25:00,233.01,234.95,233.01,234.95,296
2026-08-25T10:26:00.000Z,2026-08-25T13:26:00,234.95,234.95,234.95,234.95,22
2026-08-25T10:27:00.000Z,2026-08-25T13:27:00,233.01,233.01,233.01,233.01,309
2026-08-25T10:28:00.000Z,2026-08-25T13:28:00,234.5,234.95,234.5,234.95,71
2026-08-25T10:29:00.000Z,2026-08-25T13:29:00,234.95,235,234.95,235,56
2026-08-25T10:31:00.000Z,2026-08-25T13:31:00,235,235,233.5,233.5,11
2026-08-25T10:32:00.000Z,2026-08-25T13:32:00,234,234,234,234,165
2026-08-25T10:33:00.000Z,2026-08-25T13:33:00,235,235,234,234,44
2026-08-25T10:34:00.000Z,2026-08-25T13:34:00,234,234.98,234,234.98,17
2026-08-25T10:35:00.000Z,2026-08-25T13:35:00,234.98,234.99,234.98,234.99,229
2026-08-25T10:36:00.000Z,2026-08-25T13:36:00,234.99,235,234.51,234.51,1459
2026-08-25T10:38:00.000Z,2026-08-25T13:38:00,234.5,234.99,234.5,234.51,162
2026-08-25T10:39:00.000Z,2026-08-25T13:39:00,234.99,234.99,234.99,234.99,38
2026-08-25T10:40:00.000Z,2026-08-25T13:40:00,234.99,234.99,234.5,234.5,154
2026-08-25T10:41:00.000Z,2026-08-25T13:41:00,234.99,235,234.99,235,537
2026-08-25T10:42:00.000Z,2026-08-25T13:42:00,235.4,235.5,235.4,235.5,20
2026-08-25T10:43:00.000Z,2026-08-25T13:43:00,235,235.5,235,235.5,1395
2026-08-25T10:44:00.000Z,2026-08-25T13:44:00,236,236,235.8,235.8,849
2026-08-25T10:45:00.000Z,2026-08-25T13:45:00,235.8,235.8,235,235,12
2026-08-25T10:46:00.000Z,2026-08-25T13:46:00,235,235,235,235,765
2026-08-25T10:47:00.000Z,2026-08-25T13:47:00,235,235,235,235,45
2026-08-25T10:49:00.000Z,2026-08-25T13:49:00,235,235,235,235,254
2026-08-25T10:50:00.000Z,2026-08-25T13:50:00,235.8,235.8,235.8,235.8,1
2026-08-25T10:51:00.000Z,2026-08-25T13:51:00,235.5,235.5,235.5,235.5,50
2026-08-25T10:52:00.000Z,2026-08-25T13:52:00,235.5,235.8,235.01,235.8,116
2026-08-25T10:53:00.000Z,2026-08-25T13:53:00,235,236,235,236,2644
2026-08-25T10:54:00.000Z,2026-08-25T13:54:00,236.01,236.9,236.01,236.9,22
2026-08-25T10:55:00.000Z,2026-08-25T13:55:00,236.9,236.9,236.9,236.9,30
2026-08-25T10:58:00.000Z,2026-08-25T13:58:00,236.88,238,236.51,238,6316
2026-08-25T10:59:00.000Z,2026-08-25T13:59:00,238.11,238.11,237.9,238,3696
2026-08-25T11:00:00.000Z,2026-08-25T14:00:00,237,237.97,235,237.96,283
2026-08-25T11:01:00.000Z,2026-08-25T14:01:00,235,235,235,235,35
2026-08-25T11:02:00.000Z,2026-08-25T14:02:00,235,237.8,235,237.8,202
2026-08-25T11:03:00.000Z,2026-08-25T14:03:00,237,237,235.02,237,484
2026-08-25T11:04:00.000Z,2026-08-25T14:04:00,237.7,237.7,235.42,235.42,73
2026-08-25T11:05:00.000Z,2026-08-25T14:05:00,236,238,236,238,4500
2026-08-25T11:06:00.000Z,2026-08-25T14:06:00,236.08,238,236.08,238,223
2026-08-25T11:07:00.000Z,2026-08-25T14:07:00,238.38,238.38,238.38,238.38,199
2026-08-25T11:08:00.000Z,2026-08-25T14:08:00,238.35,239.1,238.35,239,7171
2026-08-25T11:09:00.000Z,2026-08-25T14:09:00,239,239.95,238,239.95,1643
2026-08-25T11:10:00.000Z,2026-08-25T14:10:00,239.89,239.9,238,238,10588
2026-08-25T11:11:00.000Z,2026-08-25T14:11:00,237.08,238.5,237.07,238.5,263
2026-08-25T11:12:00.000Z,2026-08-25T14:12:00,237.09,238.5,237.09,237.09,1057
2026-08-25T11:13:00.000Z,2026-08-25T14:13:00,238.5,238.5,237.09,238.5,660
2026-08-25T11:25:00.000Z,2026-08-25T14:25:00,239.48,239.48,239.48,239.48,7344
2026-08-25T11:26:00.000Z,2026-08-25T14:26:00,239.48,239.48,239.48,239.48,35
2026-08-25T11:27:00.000Z,2026-08-25T14:27:00,239.48,239.48,239.48,239.48,1049
2026-08-25T11:28:00.000Z,2026-08-25T14:28:00,239.48,239.48,239.48,239.48,4610
2026-08-25T11:29:00.000Z,2026-08-25T14:29:00,239.48,239.48,239.48,239.48,30
2026-08-26T07:00:00.000Z,2026-08-26T10:00:00,240,240.98,239,240.98,2347
2026-08-26T07:01:00.000Z,2026-08-26T10:01:00,239.02,239.02,239,239,479
2026-08-26T07:02:00.000Z,2026-08-26T10:02:00,239,239,239,239,75
2026-08-26T07:03:00.000Z,2026-08-26T10:03:00,239.79,239.79,238.01,238.01,423
2026-08-26T07:04:00.000Z,2026-08-26T10:04:00,238,238,237.99,237.99,1144
2026-08-26T07:05:00.000Z,2026-08-26T10:05:00,237.99,237.99,237.01,237.99,122
2026-08-26T07:06:00.000Z,2026-08-26T10:06:00,237.01,237.01,237.01,237.01,152
2026-08-26T07:07:00.000Z,2026-08-26T10:07:00,237.01,237.89,237,237.89,363
2026-08-26T07:08:00.000Z,2026-08-26T10:08:00,237.09,237.09,237.09,237.09,300
2026-08-26T07:09:00.000Z,2026-08-26T10:09:00,237.1,237.1,237.1,237.1,19
2026-08-26T07:10:00.000Z,2026-08-26T10:10:00,237.1,237.1,237.01,237.01,304
2026-08-26T07:11:00.000Z,2026-08-26T10:11:00,237.01,237.01,237.01,237.01,144
2026-08-26T07:12:00.000Z,2026-08-26T10:12:00,238,238,238,238,4
2026-08-26T07:13:00.000Z,2026-08-26T10:13:00,238,238,237.03,237.03,50
2026-08-26T07:14:00.000Z,2026-08-26T10:14:00,237.89,237.9,237.89,237.9,288
2026-08-26T07:16:00.000Z,2026-08-26T10:16:00,237.89,237.89,237.86,237.86,16
2026-08-26T07:17:00.000Z,2026-08-26T10:17:00,237.07,237.86,237.07,237.07,11
2026-08-26T07:18:00.000Z,2026-08-26T10:18:00,237.1,237.1,237.1,237.1,111
2026-08-26T07:19:00.000Z,2026-08-26T10:19:00,237.1,237.1,237.1,237.1,255
2026-08-26T07:20:00.000Z,2026-08-26T10:20:00,237.1,237.1,237.1,237.1,33
2026-08-26T07:21:00.000Z,2026-08-26T10:21:00,237.2,237.9,237.2,237.9,33
2026-08-26T07:22:00.000Z,2026-08-26T10:22:00,237.9,237.9,235.01,235.01,3381
2026-08-26T07:23:00.000Z,2026-08-26T10:23:00,235.01,236.69,235.01,235.01,198
2026-08-26T07:24:00.000Z,2026-08-26T10:24:00,235.02,236,235.02,236,358
2026-08-26T07:27:00.000Z,2026-08-26T10:27:00,236,236.69,235.3,236.69,48
2026-08-26T07:28:00.000Z,2026-08-26T10:28:00,235.5,235.75,235.5,235.75,126
2026-08-26T07:29:00.000Z,2026-08-26T10:29:00,235.75,236.69,235.5,236.69,843
2026-08-26T07:30:00.000Z,2026-08-26T10:30:00,235.5,235.5,235.5,235.5,39
2026-08-26T07:31:00.000Z,2026-08-26T10:31:00,235.5,236.69,235.5,236.69,20
2026-08-26T07:32:00.000Z,2026-08-26T10:32:00,236,236,236,236,34
2026-08-26T07:33:00.000Z,2026-08-26T10:33:00,235.51,236,235.51,236,8
2026-08-26T07:35:00.000Z,2026-08-26T10:35:00,235.8,236,235.8,236,76
2026-08-26T07:36:00.000Z,2026-08-26T10:36:00,236,236,236,236,351
2026-08-26T07:38:00.000Z,2026-08-26T10:38:00,236,236,236,236,20
2026-08-26T07:39:00.000Z,2026-08-26T10:39:00,236.01,236.69,236,236.69,1266
2026-08-26T07:40:00.000Z,2026-08-26T10:40:00,236,236,236,236,57
2026-08-26T07:42:00.000Z,2026-08-26T10:42:00,236.68,236.68,236,236,75
2026-08-26T07:43:00.000Z,2026-08-26T10:43:00,236,236,236,236,8
2026-08-26T07:44:00.000Z,2026-08-26T10:44:00,236.67,236.69,236.67,236.69,503
2026-08-26T07:45:00.000Z,2026-08-26T10:45:00,236.69,236.69,236.69,236.69,176
2026-08-26T07:46:00.000Z,2026-08-26T10:46:00,236.69,236.69,236.69,236.69,216
2026-08-26T07:47:00.000Z,2026-08-26T10:47:00,236,236,236,236,480
2026-08-26T07:48:00.000Z,2026-08-26T10:48:00,236,236,236,236,50
2026-08-26T07:49:00.000Z,2026-08-26T10:49:00,236,236,235.51,235.51,100
2026-08-26T07:50:00.000Z,2026-08-26T10:50:00,236.68,236.68,236.68,236.68,3
2026-08-26T07:52:00.000Z,2026-08-26T10:52:00,236.68,236.68,236.68,236.68,5
2026-08-26T07:53:00.000Z,2026-08-26T10:53:00,236.1,236.1,236.1,236.1,6
2026-08-26T07:54:00.000Z,2026-08-26T10:54:00,236.1,236.1,236.1,236.1,1
2026-08-26T07:55:00.000Z,2026-08-26T10:55:00,236.1,238,236.1,236.1,672
2026-08-26T07:56:00.000Z,2026-08-26T10:56:00,236.1,236.1,236,236.1,584
2026-08-26T07:57:00.000Z,2026-08-26T10:57:00,236.1,236.1,236.1,236.1,5
2026-08-26T07:58:00.000Z,2026-08-26T10:58:00,236,236,235.5,235.5,15
2026-08-26T07:59:00.000Z,2026-08-26T10:59:00,235.5,235.5,235.4,235.4,254
2026-08-26T08:00:00.000Z,2026-08-26T11:00:00,235.35,236.1,235.2,236.1,45
2026-08-26T08:02:00.000Z,2026-08-26T11:02:00,235.2,235.2,235.2,235.2,20
2026-08-26T08:03:00.000Z,2026-08-26T11:03:00,235.2,235.2,235.2,235.2,49
2026-08-26T08:04:00.000Z,2026-08-26T11:04:00,235.2,235.2,235.05,235.05,257
2026-08-26T08:05:00.000Z,2026-08-26T11:05:00,236.1,236.1,236.1,236.1,5
2026-08-26T08:06:00.000Z,2026-08-26T11:06:00,235.25,235.25,235.25,235.25,1
2026-08-26T08:07:00.000Z,2026-08-26T11:07:00,235.27,235.27,235.25,235.25,58
2026-08-26T08:08:00.000Z,2026-08-26T11:08:00,236.1,236.1,235.2,235.24,877
2026-08-26T08:09:00.000Z,2026-08-26T11:09:00,235.2,235.2,235.1,235.1,146
2026-08-26T08:10:00.000Z,2026-08-26T11:10:00,235.08,235.08,235.08,235.08,224
2026-08-26T08:11:00.000Z,2026-08-26T11:11:00,235.99,235.99,235.07,235.07,236
2026-08-26T08:12:00.000Z,2026-08-26T11:12:00,235.07,236.1,235,236.1,598
2026-08-26T08:14:00.000Z,2026-08-26T11:14:00,236,236.1,235,236.1,251
2026-08-26T08:16:00.000Z,2026-08-26T11:16:00,236,236,236,236,12
2026-08-26T08:17:00.000Z,2026-08-26T11:17:00,235.01,236.01,235,236.01,62
2026-08-26T08:18:00.000Z,2026-08-26T11:18:00,236,236.01,236,236.01,22
2026-08-26T08:19:00.000Z,2026-08-26T11:19:00,236.01,236.1,236.01,236.1,412
2026-08-26T08:20:00.000Z,2026-08-26T11:20:00,235.1,236.1,235,236.1,37
2026-08-26T08:21:00.000Z,2026-08-26T11:21:00,235.2,236,235,235,416
2026-08-26T08:22:00.000Z,2026-08-26T11:22:00,236.1,236.1,235.1,235.1,21
2026-08-26T08:23:00.000Z,2026-08-26T11:23:00,236,236,236,236,186
2026-08-26T08:25:00.000Z,2026-08-26T11:25:00,236.1,236.1,236.1,236.1,1
2026-08-26T08:26:00.000Z,2026-08-26T11:26:00,237.49,238,237,237,2234
2026-08-26T08:27:00.000Z,2026-08-26T11:27:00,237.49,237.49,237.49,237.49,200
2026-08-26T08:28:00.000Z,2026-08-26T11:28:00,236.5,236.5,236.5,236.5,71
2026-08-26T08:29:00.000Z,2026-08-26T11:29:00,236.5,236.5,236.5,236.5,396
2026-08-26T08:30:00.000Z,2026-08-26T11:30:00,236.5,236.5,236.5,236.5,50
2026-08-26T08:31:00.000Z,2026-08-26T11:31:00,237.46,237.46,236,237.37,84
2026-08-26T08:32:00.000Z,2026-08-26T11:32:00,237.34,237.34,236.5,236.5,95
2026-08-26T08:33:00.000Z,2026-08-26T11:33:00,236.5,236.5,236.5,236.5,68
2026-08-26T08:35:00.000Z,2026-08-26T11:35:00,237,237,236.1,236.1,46
2026-08-26T08:36:00.000Z,2026-08-26T11:36:00,236.99,236.99,236.99,236.99,6
2026-08-26T08:37:00.000Z,2026-08-26T11:37:00,236.99,236.99,236.99,236.99,142
2026-08-26T08:38:00.000Z,2026-08-26T11:38:00,236.11,236.89,236.11,236.89,41
2026-08-26T08:39:00.000Z,2026-08-26T11:39:00,236.79,236.79,236.1,236.1,101
2026-08-26T08:40:00.000Z,2026-08-26T11:40:00,236.1,236.1,235.1,235.1,285
2026-08-26T08:41:00.000Z,2026-08-26T11:41:00,236,236,236,236,22
2026-08-26T08:42:00.000Z,2026-08-26T11:42:00,235.11,236,235.11,236,184
2026-08-26T08:43:00.000Z,2026-08-26T11:43:00,236.77,237,235.17,235.17,301
2026-08-26T08:44:00.000Z,2026-08-26T11:44:00,237,237.19,236,236,221
2026-08-26T08:45:00.000Z,2026-08-26T11:45:00,236.98,236.98,236.98,236.98,2
2026-08-26T08:47:00.000Z,2026-08-26T11:47:00,236.98,236.98,236.98,236.98,150
2026-08-26T08:48:00.000Z,2026-08-26T11:48:00,236.98,237.14,236.98,237.14,278
2026-08-26T08:49:00.000Z,2026-08-26T11:49:00,237.15,237.15,237.15,237.15,67
2026-08-26T08:51:00.000Z,2026-08-26T11:51:00,235.4,235.41,235.4,235.41,5
2026-08-26T08:52:00.000Z,2026-08-26T11:52:00,237,237.08,236,236,55
2026-08-26T08:53:00.000Z,2026-08-26T11:53:00,236,236,236,236,500
2026-08-26T08:54:00.000Z,2026-08-26T11:54:00,237.07,237.07,237.07,237.07,15
2026-08-26T08:55:00.000Z,2026-08-26T11:55:00,237.08,237.15,237.08,237.15,100
2026-08-26T08:57:00.000Z,2026-08-26T11:57:00,237,237,237,237,98
2026-08-26T09:01:00.000Z,2026-08-26T12:01:00,236.98,237,236.98,237,550
2026-08-26T09:02:00.000Z,2026-08-26T12:02:00,236.99,236.99,236.99,236.99,4
2026-08-26T09:03:00.000Z,2026-08-26T12:03:00,236.99,238,236.99,238,1088
2026-08-26T09:04:00.000Z,2026-08-26T12:04:00,236.2,236.2,236.2,236.2,11
2026-08-26T09:08:00.000Z,2026-08-26T12:08:00,236.23,236.23,236.2,236.2,138
2026-08-26T09:09:00.000Z,2026-08-26T12:09:00,236.2,237.99,236.2,237.99,268
2026-08-26T09:11:00.000Z,2026-08-26T12:11:00,237.07,237.07,237,237,110
2026-08-26T09:12:00.000Z,2026-08-26T12:12:00,237,237,237,237,280
2026-08-26T09:13:00.000Z,2026-08-26T12:13:00,237,237,237,237,6
2026-08-26T09:14:00.000Z,2026-08-26T12:14:00,237.5,237.5,237.5,237.5,337
2026-08-26T09:15:00.000Z,2026-08-26T12:15:00,237.5,237.65,237.5,237.65,175
2026-08-26T09:16:00.000Z,2026-08-26T12:16:00,237.65,238,237.65,238,103
2026-08-26T09:17:00.000Z,2026-08-26T12:17:00,237.99,237.99,237.99,237.99,39
2026-08-26T09:18:00.000Z,2026-08-26T12:18:00,237.5,237.5,237.5,237.5,129
2026-08-26T09:23:00.000Z,2026-08-26T12:23:00,237.49,237.49,237.49,237.49,117
2026-08-26T09:24:00.000Z,2026-08-26T12:24:00,237.49,237.49,237.1,237.1,58
2026-08-26T09:26:00.000Z,2026-08-26T12:26:00,237.1,237.1,237.1,237.1,65
2026-08-26T09:27:00.000Z,2026-08-26T12:27:00,237.29,237.3,237.1,237.1,378
2026-08-26T09:30:00.000Z,2026-08-26T12:30:00,237.19,237.19,237.19,237.19,6
2026-08-26T09:32:00.000Z,2026-08-26T12:32:00,237.1,237.1,236.15,236.15,371
2026-08-26T09:35:00.000Z,2026-08-26T12:35:00,236.15,236.15,236.15,236.15,53
2026-08-26T09:36:00.000Z,2026-08-26T12:36:00,237.17,237.17,237.17,237.17,120
2026-08-26T09:37:00.000Z,2026-08-26T12:37:00,237.17,237.17,237.17,237.17,21
2026-08-26T09:41:00.000Z,2026-08-26T12:41:00,237.14,237.14,237.14,237.14,8
2026-08-26T09:42:00.000Z,2026-08-26T12:42:00,237.14,237.14,236.3,236.3,130
2026-08-26T09:43:00.000Z,2026-08-26T12:43:00,236.3,236.3,236.3,236.3,303
2026-08-26T09:44:00.000Z,2026-08-26T12:44:00,236.3,236.3,236.3,236.3,57
2026-08-26T09:45:00.000Z,2026-08-26T12:45:00,236.3,237.15,236.3,236.31,234
2026-08-26T09:46:00.000Z,2026-08-26T12:46:00,236.66,236.66,236.66,236.66,200
2026-08-26T09:48:00.000Z,2026-08-26T12:48:00,236.66,236.99,236.35,236.99,325
2026-08-26T09:49:00.000Z,2026-08-26T12:49:00,236.99,237.15,236.31,236.31,226
2026-08-26T09:50:00.000Z,2026-08-26T12:50:00,237.14,237.14,236.31,236.31,20
2026-08-26T09:52:00.000Z,2026-08-26T12:52:00,237.09,237.09,237.09,237.09,2
2026-08-26T09:53:00.000Z,2026-08-26T12:53:00,237.09,237.09,237.09,237.09,1
2026-08-26T09:55:00.000Z,2026-08-26T12:55:00,237.09,237.09,237.09,237.09,57
2026-08-26T09:57:00.000Z,2026-08-26T12:57:00,236.99,236.99,236.99,236.99,157
2026-08-26T09:58:00.000Z,2026-08-26T12:58:00,236.99,237.07,236.99,237.07,84
2026-08-26T09:59:00.000Z,2026-08-26T12:59:00,236.36,236.36,236.36,236.36,14
2026-08-26T10:00:00.000Z,2026-08-26T13:00:00,236.5,236.5,236.36,236.5,112
2026-08-26T10:01:00.000Z,2026-08-26T13:01:00,236.5,236.5,236.5,236.5,7
2026-08-26T10:02:00.000Z,2026-08-26T13:02:00,236.5,236.5,236.5,236.5,2
2026-08-26T10:03:00.000Z,2026-08-26T13:03:00,236.5,236.5,236.5,236.5,5
2026-08-26T10:04:00.000Z,2026-08-26T13:04:00,236.99,236.99,236.5,236.5,30
2026-08-26T10:05:00.000Z,2026-08-26T13:05:00,236.5,236.5,236.5,236.5,34
2026-08-26T10:06:00.000Z,2026-08-26T13:06:00,236.51,236.51,236.51,236.51,11
2026-08-26T10:07:00.000Z,2026-08-26T13:07:00,237,237,236.51,236.51,25
2026-08-26T10:09:00.000Z,2026-08-26T13:09:00,236.65,236.65,236.65,236.65,192
2026-08-26T10:10:00.000Z,2026-08-26T13:10:00,236.65,236.65,236.65,236.65,1
2026-08-26T10:12:00.000Z,2026-08-26T13:12:00,236.65,237,236.65,237,9
2026-08-26T10:16:00.000Z,2026-08-26T13:16:00,236.51,236.51,236.5,236.5,357
2026-08-26T10:17:00.000Z,2026-08-26T13:17:00,236.5,236.5,236.5,236.5,40
2026-08-26T10:19:00.000Z,2026-08-26T13:19:00,236.5,236.5,236.5,236.5,60
2026-08-26T10:20:00.000Z,2026-08-26T13:20:00,236.36,236.36,236,236,1125
2026-08-26T10:21:00.000Z,2026-08-26T13:21:00,236.89,236.89,236.89,236.89,19
2026-08-26T10:22:00.000Z,2026-08-26T13:22:00,236.89,236.89,236,236,108
2026-08-26T10:23:00.000Z,2026-08-26T13:23:00,235.7,235.7,235,235,6309
2026-08-26T10:26:00.000Z,2026-08-26T13:26:00,236.39,236.39,236.39,236.39,4
2026-08-26T10:27:00.000Z,2026-08-26T13:27:00,236.39,236.39,236.39,236.39,10
2026-08-26T10:28:00.000Z,2026-08-26T13:28:00,235,235,235,235,468
2026-08-26T10:32:00.000Z,2026-08-26T13:32:00,235.11,235.11,235.11,235.11,152
2026-08-26T10:33:00.000Z,2026-08-26T13:33:00,235.11,235.11,235,235,2898
2026-08-26T10:34:00.000Z,2026-08-26T13:34:00,234.5,234.5,234,234,2338
2026-08-26T10:35:00.000Z,2026-08-26T13:35:00,234,234,234,234,8
2026-08-26T10:37:00.000Z,2026-08-26T13:37:00,235,235,235,235,45
2026-08-26T10:40:00.000Z,2026-08-26T13:40:00,234.11,234.11,234,234,2000
2026-08-26T10:41:00.000Z,2026-08-26T13:41:00,234,234,234,234,7
2026-08-26T10:42:00.000Z,2026-08-26T13:42:00,234,234.99,233,234.99,1642
2026-08-26T10:44:00.000Z,2026-08-26T13:44:00,234,234,233,233,1615
2026-08-26T10:45:00.000Z,2026-08-26T13:45:00,234.93,234.93,234.93,234.93,77
2026-08-26T10:46:00.000Z,2026-08-26T13:46:00,233.1,234.93,233.1,234.93,25
2026-08-26T10:47:00.000Z,2026-08-26T13:47:00,234.93,236.8,234.93,236.8,738
2026-08-26T10:49:00.000Z,2026-08-26T13:49:00,236.69,236.96,235.99,235.99,957
2026-08-26T10:50:00.000Z,2026-08-26T13:50:00,234.5,235.99,234,235.99,39
2026-08-26T10:51:00.000Z,2026-08-26T13:51:00,235.99,235.99,234.01,234.01,208
2026-08-26T10:52:00.000Z,2026-08-26T13:52:00,234.01,234.01,234,234,327
2026-08-26T10:53:00.000Z,2026-08-26T13:53:00,234.99,234.99,234.99,234.99,11
2026-08-26T10:54:00.000Z,2026-08-26T13:54:00,234.75,234.75,234.11,234.11,571
2026-08-26T10:55:00.000Z,2026-08-26T13:55:00,235.47,236.95,234.11,236.95,1176
2026-08-26T10:56:00.000Z,2026-08-26T13:56:00,234.11,236.89,234.11,236.89,81
2026-08-26T10:57:00.000Z,2026-08-26T13:57:00,236.89,236.95,236.89,236.95,283
2026-08-26T10:59:00.000Z,2026-08-26T13:59:00,236.93,236.93,236.93,236.93,28
2026-08-26T11:00:00.000Z,2026-08-26T14:00:00,236.86,236.9,236.86,236.9,1124
2026-08-26T11:01:00.000Z,2026-08-26T14:01:00,235.99,237,235.99,237,1129
2026-08-26T11:02:00.000Z,2026-08-26T14:02:00,234.51,234.51,234.51,234.51,45
2026-08-26T11:03:00.000Z,2026-08-26T14:03:00,235,236.5,235,236.5,1146
2026-08-26T11:05:00.000Z,2026-08-26T14:05:00,236.49,236.5,236.49,236.5,501
2026-08-26T11:07:00.000Z,2026-08-26T14:07:00,235.99,236,235.99,236,445
2026-08-26T11:08:00.000Z,2026-08-26T14:08:00,235.01,236,234,235,1299
2026-08-26T11:10:00.000Z,2026-08-26T14:10:00,235,235,235,235,13
2026-08-26T11:12:00.000Z,2026-08-26T14:12:00,234.51,234.51,234.51,234.51,2
2026-08-26T11:13:00.000Z,2026-08-26T14:13:00,234,234,234,234,153
2026-08-26T11:14:00.000Z,2026-08-26T14:14:00,233.52,234.99,233.52,234.99,332
2026-08-26T11:25:00.000Z,2026-08-26T14:25:00,233,233,233,233,4261
2026-08-26T11:27:00.000Z,2026-08-26T14:27:00,233,233,233,233,500
2026-08-30T07:00:00.000Z,2026-08-30T10:00:00,233,233,233,233,244
2026-08-30T07:01:00.000Z,2026-08-30T10:01:00,235,235,235,235,24
2026-08-30T07:02:00.000Z,2026-08-30T10:02:00,234.9,234.9,233,233.9,264
2026-08-30T07:04:00.000Z,2026-08-30T10:04:00,233.9,233.9,233.25,233.25,28
2026-08-30T07:05:00.000Z,2026-08-30T10:05:00,233.9,233.9,233.03,233.9,209
2026-08-30T07:06:00.000Z,2026-08-30T10:06:00,233.9,233.9,233,233,91
2026-08-30T07:07:00.000Z,2026-08-30T10:07:00,233,233,233,233,295
2026-08-30T07:08:00.000Z,2026-08-30T10:08:00,233,233,233,233,26
2026-08-30T07:09:00.000Z,2026-08-30T10:09:00,233,233.9,233,233.9,487
2026-08-30T07:10:00.000Z,2026-08-30T10:10:00,233.9,233.9,233,233,103
2026-08-30T07:13:00.000Z,2026-08-30T10:13:00,233.01,233.01,233,233,100
2026-08-30T07:14:00.000Z,2026-08-30T10:14:00,233,233,233,233,6
2026-08-30T07:15:00.000Z,2026-08-30T10:15:00,233.79,233.79,233.79,233.79,42
2026-08-30T07:16:00.000Z,2026-08-30T10:16:00,233.5,233.5,233,233,97
2026-08-30T07:17:00.000Z,2026-08-30T10:17:00,233.7,233.78,233,233,167
2026-08-30T07:18:00.000Z,2026-08-30T10:18:00,233.78,233.78,233.78,233.78,27
2026-08-30T07:20:00.000Z,2026-08-30T10:20:00,233.78,233.78,233,233.78,295
2026-08-30T07:21:00.000Z,2026-08-30T10:21:00,233.01,233.78,233.01,233.78,39
2026-08-30T07:22:00.000Z,2026-08-30T10:22:00,233.78,233.9,233.78,233.9,415
2026-08-30T07:24:00.000Z,2026-08-30T10:24:00,235,235,235,235,51
2026-08-30T07:25:00.000Z,2026-08-30T10:25:00,234,235,234,234,27
2026-08-30T07:26:00.000Z,2026-08-30T10:26:00,235,235,234,234,7
2026-08-30T07:27:00.000Z,2026-08-30T10:27:00,234.01,234.01,234.01,234.01,40
2026-08-30T07:28:00.000Z,2026-08-30T10:28:00,234.02,234.02,234.01,234.01,10
2026-08-30T07:29:00.000Z,2026-08-30T10:29:00,235,235,235,235,4
2026-08-30T07:30:00.000Z,2026-08-30T10:30:00,235,235,234.01,234.01,33
2026-08-30T07:31:00.000Z,2026-08-30T10:31:00,235,238,235,238,1587
2026-08-30T07:32:00.000Z,2026-08-30T10:32:00,237.99,237.99,237.99,237.99,100
2026-08-30T07:33:00.000Z,2026-08-30T10:33:00,237.9,237.9,234.03,234.03,20
2026-08-30T07:34:00.000Z,2026-08-30T10:34:00,234.1,234.1,234.1,234.1,8
2026-08-30T07:35:00.000Z,2026-08-30T10:35:00,236.99,238,236.99,238,3002
2026-08-30T07:36:00.000Z,2026-08-30T10:36:00,237.5,237.5,237.5,237.5,5
2026-08-30T07:38:00.000Z,2026-08-30T10:38:00,235.02,235.02,235.02,235.02,3
2026-08-30T07:39:00.000Z,2026-08-30T10:39:00,237.49,237.49,237.49,237.49,20
2026-08-30T07:41:00.000Z,2026-08-30T10:41:00,237.48,237.48,235.52,235.52,56
2026-08-30T07:42:00.000Z,2026-08-30T10:42:00,237.4,237.4,235.55,235.55,661
2026-08-30T07:43:00.000Z,2026-08-30T10:43:00,237.39,237.39,237.39,237.39,43
2026-08-30T07:44:00.000Z,2026-08-30T10:44:00,237.39,237.4,235.6,237.4,103
2026-08-30T07:45:00.000Z,2026-08-30T10:45:00,237,237,237,237,5
2026-08-30T07:46:00.000Z,2026-08-30T10:46:00,237.39,237.39,237,237,51
2026-08-30T07:47:00.000Z,2026-08-30T10:47:00,236,237.38,236,237.38,42
2026-08-30T07:49:00.000Z,2026-08-30T10:49:00,237,237.38,237,237.38,316
2026-08-30T07:50:00.000Z,2026-08-30T10:50:00,237.38,237.38,237,237,54
2026-08-30T07:52:00.000Z,2026-08-30T10:52:00,237,237,236.51,236.51,520
2026-08-30T07:53:00.000Z,2026-08-30T10:53:00,236.99,236.99,236.01,236.01,86
2026-08-30T07:55:00.000Z,2026-08-30T10:55:00,236,236,236,236,4
2026-08-30T07:57:00.000Z,2026-08-30T10:57:00,236.99,236.99,236.99,236.99,11
2026-08-30T07:58:00.000Z,2026-08-30T10:58:00,236,236,236,236,41
2026-08-30T07:59:00.000Z,2026-08-30T10:59:00,235.9,236,235.9,236,51
2026-08-30T08:00:00.000Z,2026-08-30T11:00:00,236.99,237,236.99,237,462
2026-08-30T08:01:00.000Z,2026-08-30T11:01:00,236,236,236,236,130
2026-08-30T08:02:00.000Z,2026-08-30T11:02:00,236,237,236,237,110
2026-08-30T08:03:00.000Z,2026-08-30T11:03:00,237,237,236,236,89
2026-08-30T08:04:00.000Z,2026-08-30T11:04:00,236.99,237,236.99,237,42
2026-08-30T08:06:00.000Z,2026-08-30T11:06:00,237,237,237,237,21
2026-08-30T08:07:00.000Z,2026-08-30T11:07:00,237,237,236,236,29
2026-08-30T08:08:00.000Z,2026-08-30T11:08:00,236,236,236,236,1616
2026-08-30T08:09:00.000Z,2026-08-30T11:09:00,237,237,234.02,234.02,216
2026-08-30T08:10:00.000Z,2026-08-30T11:10:00,234.02,236.99,234.02,236.99,869
2026-08-30T08:11:00.000Z,2026-08-30T11:11:00,236.99,236.99,236.99,236.99,126
2026-08-30T08:12:00.000Z,2026-08-30T11:12:00,234.04,234.04,233.5,234,2249
2026-08-30T08:13:00.000Z,2026-08-30T11:13:00,234,234,233.6,233.6,552
2026-08-30T08:14:00.000Z,2026-08-30T11:14:00,233.6,233.6,233.5,233.5,43
2026-08-30T08:15:00.000Z,2026-08-30T11:15:00,233.5,234,233.5,234,39
2026-08-30T08:16:00.000Z,2026-08-30T11:16:00,234,236.8,233.5,236.8,565
2026-08-30T08:17:00.000Z,2026-08-30T11:17:00,236.8,236.8,236.8,236.8,31
2026-08-30T08:18:00.000Z,2026-08-30T11:18:00,236.4,236.8,233.65,236.8,258
2026-08-30T08:20:00.000Z,2026-08-30T11:20:00,236.5,236.8,236.5,236.8,400
2026-08-30T08:21:00.000Z,2026-08-30T11:21:00,236.8,236.8,236.8,236.8,63
2026-08-30T08:22:00.000Z,2026-08-30T11:22:00,234,236.75,233.65,236.75,46
2026-08-30T08:23:00.000Z,2026-08-30T11:23:00,236.75,236.75,236.75,236.75,1
2026-08-30T08:24:00.000Z,2026-08-30T11:24:00,236.75,236.75,236.02,236.02,344
2026-08-30T08:25:00.000Z,2026-08-30T11:25:00,234.01,234.01,234.01,234.01,20
2026-08-30T08:28:00.000Z,2026-08-30T11:28:00,234.1,236.5,234.02,236.5,350
2026-08-30T08:29:00.000Z,2026-08-30T11:29:00,236,236,234.5,234.5,701
2026-08-30T08:30:00.000Z,2026-08-30T11:30:00,234.5,234.5,234.5,234.5,10
2026-08-30T08:32:00.000Z,2026-08-30T11:32:00,234.5,235.8,234.5,234.5,157
2026-08-30T08:33:00.000Z,2026-08-30T11:33:00,234.04,234.04,234.03,234.03,389
2026-08-30T08:34:00.000Z,2026-08-30T11:34:00,234.4,235,234.04,235,548
2026-08-30T08:35:00.000Z,2026-08-30T11:35:00,235,235,235,235,5
2026-08-30T08:36:00.000Z,2026-08-30T11:36:00,235,235,235,235,100
2026-08-30T08:37:00.000Z,2026-08-30T11:37:00,234.31,234.31,234.3,234.3,174
2026-08-30T08:38:00.000Z,2026-08-30T11:38:00,235,235,235,235,8
2026-08-30T08:39:00.000Z,2026-08-30T11:39:00,235,235.49,234.9,235.49,1960
2026-08-30T08:40:00.000Z,2026-08-30T11:40:00,235.98,235.98,235.98,235.98,1
2026-08-30T08:41:00.000Z,2026-08-30T11:41:00,235.5,235.98,235,235,405
2026-08-30T08:42:00.000Z,2026-08-30T11:42:00,235,235,234.36,234.36,299
2026-08-30T08:43:00.000Z,2026-08-30T11:43:00,235,235,235,235,12
2026-08-30T08:44:00.000Z,2026-08-30T11:44:00,235,235,235,235,212
2026-08-30T08:46:00.000Z,2026-08-30T11:46:00,235.98,235.98,235.98,235.98,197
2026-08-30T08:47:00.000Z,2026-08-30T11:47:00,235.5,236.95,235.5,236.95,856
2026-08-30T08:48:00.000Z,2026-08-30T11:48:00,236.03,236.03,236,236,151
2026-08-30T08:49:00.000Z,2026-08-30T11:49:00,235.99,235.99,235.2,235.9,68
2026-08-30T08:50:00.000Z,2026-08-30T11:50:00,235.9,235.9,235.01,235.9,124
2026-08-30T08:52:00.000Z,2026-08-30T11:52:00,235.01,235.01,235.01,235.01,64
2026-08-30T08:53:00.000Z,2026-08-30T11:53:00,235.01,235.01,235.01,235.01,202
2026-08-30T08:55:00.000Z,2026-08-30T11:55:00,235.5,235.5,235.5,235.5,38
2026-08-30T08:56:00.000Z,2026-08-30T11:56:00,235.5,235.5,235.5,235.5,94
2026-08-30T08:57:00.000Z,2026-08-30T11:57:00,235.5,235.99,235.5,235.99,1097
2026-08-30T08:58:00.000Z,2026-08-30T11:58:00,235.99,236.9,235.99,236.9,1879
2026-08-30T09:00:00.000Z,2026-08-30T12:00:00,236,236,236,236,258
2026-08-30T09:04:00.000Z,2026-08-30T12:04:00,235.15,236,235.15,235.15,27
2026-08-30T09:05:00.000Z,2026-08-30T12:05:00,235.2,235.2,235.15,235.15,44
2026-08-30T09:06:00.000Z,2026-08-30T12:06:00,236,236,235.15,235.15,38
2026-08-30T09:07:00.000Z,2026-08-30T12:07:00,235.15,236,235,236,339
2026-08-30T09:10:00.000Z,2026-08-30T12:10:00,236,236,236,236,4
2026-08-30T09:14:00.000Z,2026-08-30T12:14:00,236,236,236,236,43
2026-08-30T09:16:00.000Z,2026-08-30T12:16:00,235.1,235.1,235,235,170
2026-08-30T09:17:00.000Z,2026-08-30T12:17:00,235,235,234.8,234.8,32
2026-08-30T09:18:00.000Z,2026-08-30T12:18:00,236,236,235.9,235.9,108
2026-08-30T09:19:00.000Z,2026-08-30T12:19:00,235.9,235.9,235.9,235.9,22
2026-08-30T09:20:00.000Z,2026-08-30T12:20:00,235.9,235.9,234.8,234.8,57
2026-08-30T09:21:00.000Z,2026-08-30T12:21:00,235.9,235.9,234.8,234.8,28
2026-08-30T09:22:00.000Z,2026-08-30T12:22:00,235.8,235.8,234.8,234.8,39
2026-08-30T09:25:00.000Z,2026-08-30T12:25:00,234.8,235.5,234.36,235.5,73
2026-08-30T09:26:00.000Z,2026-08-30T12:26:00,235.5,235.5,235.5,235.5,1
2026-08-30T09:28:00.000Z,2026-08-30T12:28:00,235,235.5,235,235.5,6
2026-08-30T09:29:00.000Z,2026-08-30T12:29:00,235,235.49,235,235.49,2
2026-08-30T09:30:00.000Z,2026-08-30T12:30:00,235.49,235.49,235,235,78
2026-08-30T09:31:00.000Z,2026-08-30T12:31:00,235.49,235.49,234.5,234.5,90
2026-08-30T09:32:00.000Z,2026-08-30T12:32:00,235.49,235.49,235.49,235.49,22
2026-08-30T09:33:00.000Z,2026-08-30T12:33:00,234.51,234.51,234.51,234.51,1
2026-08-30T09:34:00.000Z,2026-08-30T12:34:00,235.4,235.4,235.4,235.4,28
2026-08-30T09:35:00.000Z,2026-08-30T12:35:00,234.51,234.51,234.51,234.51,20
2026-08-30T09:36:00.000Z,2026-08-30T12:36:00,235.4,235.4,235.4,235.4,3
2026-08-30T09:38:00.000Z,2026-08-30T12:38:00,234.52,234.52,234.04,234.04,472
2026-08-30T09:39:00.000Z,2026-08-30T12:39:00,234.04,234.04,233.9,233.9,526
2026-08-30T09:40:00.000Z,2026-08-30T12:40:00,233.9,233.9,233.9,233.9,50
2026-08-30T09:41:00.000Z,2026-08-30T12:41:00,233.9,234,233.9,234,18
2026-08-30T09:42:00.000Z,2026-08-30T12:42:00,234,234,234,234,3
2026-08-30T09:43:00.000Z,2026-08-30T12:43:00,233.91,234,233.91,234,10
2026-08-30T09:44:00.000Z,2026-08-30T12:44:00,233.91,233.91,233.91,233.91,32
2026-08-30T09:47:00.000Z,2026-08-30T12:47:00,234.5,234.5,234.5,234.5,240
2026-08-30T09:48:00.000Z,2026-08-30T12:48:00,234.49,234.49,233.9,233.9,93
2026-08-30T09:49:00.000Z,2026-08-30T12:49:00,234.49,234.49,233.9,234.49,18
2026-08-30T09:53:00.000Z,2026-08-30T12:53:00,233.9,233.9,233.65,233.65,422
2026-08-30T09:55:00.000Z,2026-08-30T12:55:00,234.49,234.5,234.49,234.5,113
2026-08-30T09:56:00.000Z,2026-08-30T12:56:00,234.04,234.04,233.65,233.65,20
2026-08-30T09:57:00.000Z,2026-08-30T12:57:00,233.65,233.65,233.6,233.65,172
2026-08-30T09:59:00.000Z,2026-08-30T12:59:00,233.6,233.65,233.51,233.65,519
2026-08-30T10:00:00.000Z,2026-08-30T13:00:00,233.65,233.65,233.65,233.65,210
2026-08-30T10:02:00.000Z,2026-08-30T13:02:00,234.5,234.5,233.91,233.91,424
2026-08-30T10:03:00.000Z,2026-08-30T13:03:00,233.91,234.5,233.9,234.5,555
2026-08-30T10:04:00.000Z,2026-08-30T13:04:00,233.65,233.65,233.5,233.5,1000
2026-08-30T10:06:00.000Z,2026-08-30T13:06:00,234.49,234.49,233.5,233.5,243
2026-08-30T10:07:00.000Z,2026-08-30T13:07:00,234.49,234.49,234.49,234.49,3
2026-08-30T10:08:00.000Z,2026-08-30T13:08:00,233.51,233.51,233.51,233.51,50
2026-08-30T10:09:00.000Z,2026-08-30T13:09:00,233.51,233.51,233.51,233.51,32
2026-08-30T10:10:00.000Z,2026-08-30T13:10:00,233.51,233.51,233.2,233.2,122
2026-08-30T10:11:00.000Z,2026-08-30T13:11:00,233.2,233.2,233.2,233.2,27
2026-08-30T10:12:00.000Z,2026-08-30T13:12:00,233.05,233.51,233.05,233.51,94
2026-08-30T10:13:00.000Z,2026-08-30T13:13:00,233.05,233.05,233,233,1330
2026-08-30T10:14:00.000Z,2026-08-30T13:14:00,233,233,233,233,35
2026-08-30T10:15:00.000Z,2026-08-30T13:15:00,233.01,233.01,233.01,233.01,1
2026-08-30T10:16:00.000Z,2026-08-30T13:16:00,233.51,234,233.51,234,26
2026-08-30T10:17:00.000Z,2026-08-30T13:17:00,234,234,234,234,3
2026-08-30T10:18:00.000Z,2026-08-30T13:18:00,234,234,234,234,4
2026-08-30T10:21:00.000Z,2026-08-30T13:21:00,233.98,233.98,233.98,233.98,20
2026-08-30T10:22:00.000Z,2026-08-30T13:22:00,233.98,233.98,233.98,233.98,17
2026-08-30T10:23:00.000Z,2026-08-30T13:23:00,233.98,234,233.98,234,106
2026-08-30T10:24:00.000Z,2026-08-30T13:24:00,233.6,233.91,233.6,233.6,1304
2026-08-30T10:25:00.000Z,2026-08-30T13:25:00,233.6,233.6,233.6,233.6,120
2026-08-30T10:26:00.000Z,2026-08-30T13:26:00,233.05,233.5,233.05,233.5,33
2026-08-30T10:27:00.000Z,2026-08-30T13:27:00,233.59,233.6,233.5,233.5,429
2026-08-30T10:28:00.000Z,2026-08-30T13:28:00,233.6,233.6,233.05,233.05,105
2026-08-30T10:29:00.000Z,2026-08-30T13:29:00,233.6,233.6,233.6,233.6,102
2026-08-30T10:30:00.000Z,2026-08-30T13:30:00,233.05,233.05,233.05,233.05,40
2026-08-30T10:31:00.000Z,2026-08-30T13:31:00,233.05,233.05,233,233,544
2026-08-30T10:32:00.000Z,2026-08-30T13:32:00,232.8,233,232,233,357
2026-08-30T10:33:00.000Z,2026-08-30T13:33:00,232.99,233,231.02,233,314
2026-08-30T10:34:00.000Z,2026-08-30T13:34:00,233,233,231.03,231.03,30
2026-08-30T10:35:00.000Z,2026-08-30T13:35:00,233,233,233,233,79
2026-08-30T10:36:00.000Z,2026-08-30T13:36:00,231.05,231.05,231.03,231.03,139
2026-08-30T10:38:00.000Z,2026-08-30T13:38:00,232,232,232,232,205
2026-08-30T10:39:00.000Z,2026-08-30T13:39:00,232,232,231.5,232,2573
2026-08-30T10:40:00.000Z,2026-08-30T13:40:00,231.9,232,231.5,231.5,2327
2026-08-30T10:41:00.000Z,2026-08-30T13:41:00,232.99,232.99,232.99,232.99,10
2026-08-30T10:42:00.000Z,2026-08-30T13:42:00,232,232.2,232,232.2,115
2026-08-30T10:46:00.000Z,2026-08-30T13:46:00,232.99,232.99,232.99,232.99,8
2026-08-30T10:47:00.000Z,2026-08-30T13:47:00,232.99,232.99,232.99,232.99,42
2026-08-30T10:48:00.000Z,2026-08-30T13:48:00,232.99,232.99,232.99,232.99,55
2026-08-30T10:50:00.000Z,2026-08-30T13:50:00,232.2,232.2,232.03,232.03,5
2026-08-30T10:51:00.000Z,2026-08-30T13:51:00,232.99,232.99,232.02,232.02,71
2026-08-30T10:53:00.000Z,2026-08-30T13:53:00,232.02,232.02,231.53,231.53,569
2026-08-30T10:54:00.000Z,2026-08-30T13:54:00,232,232,231.5,231.5,536
2026-08-30T10:55:00.000Z,2026-08-30T13:55:00,231.5,231.5,231.5,231.5,4
2026-08-30T10:57:00.000Z,2026-08-30T13:57:00,231.5,232,231.5,232,114
2026-08-30T10:58:00.000Z,2026-08-30T13:58:00,232,232,232,232,1282
2026-08-30T10:59:00.000Z,2026-08-30T13:59:00,232,232,232,232,755
2026-08-30T11:00:00.000Z,2026-08-30T14:00:00,232,234.9,232,234.9,2373
2026-08-30T11:01:00.000Z,2026-08-30T14:01:00,234.89,234.89,234.89,234.89,64
2026-08-30T11:02:00.000Z,2026-08-30T14:02:00,232.02,232.02,232,232,416
2026-08-30T11:03:00.000Z,2026-08-30T14:03:00,234.64,234.7,232.5,234.7,1326
2026-08-30T11:05:00.000Z,2026-08-30T14:05:00,232.03,232.03,232,232,385
2026-08-30T11:06:00.000Z,2026-08-30T14:06:00,232,234.6,232,234.6,57
2026-08-30T11:07:00.000Z,2026-08-30T14:07:00,232.03,234.45,232,234.45,186
2026-08-30T11:08:00.000Z,2026-08-30T14:08:00,234.2,234.2,234.2,234.2,20
2026-08-30T11:09:00.000Z,2026-08-30T14:09:00,234.2,234.2,232.02,232.02,6
2026-08-30T11:12:00.000Z,2026-08-30T14:12:00,234,234,234,234,6
2026-08-30T11:13:00.000Z,2026-08-30T14:13:00,232.03,232.03,232,232,400
2026-08-30T11:14:00.000Z,2026-08-30T14:14:00,233.99,234.19,233.99,234.19,66
2026-08-30T11:25:00.000Z,2026-08-30T14:25:00,232,232,232,232,1419
2026-08-30T11:26:00.000Z,2026-08-30T14:26:00,232,232,232,232,63
2026-08-30T11:27:00.000Z,2026-08-30T14:27:00,232,232,232,232,315
2026-08-31T07:00:00.000Z,2026-08-31T10:00:00,232.75,234.49,232.1,234.49,663
2026-08-31T07:01:00.000Z,2026-08-31T10:01:00,232.12,232.12,232.11,232.11,50
2026-08-31T07:03:00.000Z,2026-08-31T10:03:00,232.11,234.45,232.11,232.16,204
2026-08-31T07:04:00.000Z,2026-08-31T10:04:00,234.44,234.44,234.44,234.44,172
2026-08-31T07:05:00.000Z,2026-08-31T10:05:00,232.2,232.2,232.2,232.2,2
2026-08-31T07:06:00.000Z,2026-08-31T10:06:00,232.22,233.88,232.12,233.88,177
2026-08-31T07:08:00.000Z,2026-08-31T10:08:00,233,233,232.11,232.11,273
2026-08-31T07:09:00.000Z,2026-08-31T10:09:00,232.5,232.5,232.11,232.11,436
2026-08-31T07:10:00.000Z,2026-08-31T10:10:00,232.11,232.99,232,232.99,845
2026-08-31T07:11:00.000Z,2026-08-31T10:11:00,232,232,232,232,207
2026-08-31T07:13:00.000Z,2026-08-31T10:13:00,232,232.77,232,232,287
2026-08-31T07:14:00.000Z,2026-08-31T10:14:00,232,232.77,232,232.51,318
2026-08-31T07:15:00.000Z,2026-08-31T10:15:00,232.77,232.77,232.55,232.77,7
2026-08-31T07:16:00.000Z,2026-08-31T10:16:00,232.77,234.39,232,232,2016
2026-08-31T07:17:00.000Z,2026-08-31T10:17:00,234,235,233.01,235,2402
2026-08-31T07:18:00.000Z,2026-08-31T10:18:00,235,235,235,235,4
2026-08-31T07:19:00.000Z,2026-08-31T10:19:00,234.11,235.79,234.11,235.79,1107
2026-08-31T07:20:00.000Z,2026-08-31T10:20:00,235,235.75,235,235.75,571
2026-08-31T07:21:00.000Z,2026-08-31T10:21:00,235.5,235.79,235.5,235.79,27
2026-08-31T07:22:00.000Z,2026-08-31T10:22:00,235.5,237.49,235.01,235.73,8898
2026-08-31T07:23:00.000Z,2026-08-31T10:23:00,237.49,238,237.49,238,2085
2026-08-31T07:24:00.000Z,2026-08-31T10:24:00,237.99,237.99,237.9,237.9,142
2026-08-31T07:25:00.000Z,2026-08-31T10:25:00,237.69,237.89,236.02,236.02,903
2026-08-31T07:26:00.000Z,2026-08-31T10:26:00,236.2,236.2,236.2,236.2,9
2026-08-31T07:27:00.000Z,2026-08-31T10:27:00,237,240,236.21,237.5,12974
2026-08-31T07:28:00.000Z,2026-08-31T10:28:00,239.98,239.98,239.98,239.98,65
2026-08-31T07:29:00.000Z,2026-08-31T10:29:00,238.99,240,238.99,240,4863
2026-08-31T07:30:00.000Z,2026-08-31T10:30:00,240,243.9,240,243.9,6805
2026-08-31T07:31:00.000Z,2026-08-31T10:31:00,240.01,243.89,240.01,240.01,614
2026-08-31T07:32:00.000Z,2026-08-31T10:32:00,240,243.8,240,240.1,2698
2026-08-31T07:33:00.000Z,2026-08-31T10:33:00,242.49,242.5,240.1,240.1,1278
2026-08-31T07:34:00.000Z,2026-08-31T10:34:00,242.5,242.5,240.02,242.39,586
2026-08-31T07:35:00.000Z,2026-08-31T10:35:00,240.03,242,240.02,242,737
2026-08-31T07:36:00.000Z,2026-08-31T10:36:00,240.1,243,237.55,243,5000
2026-08-31T07:37:00.000Z,2026-08-31T10:37:00,238.02,244.94,238.02,244.94,7687
2026-08-31T07:38:00.000Z,2026-08-31T10:38:00,240.01,244.98,240.01,240.1,2080
2026-08-31T07:39:00.000Z,2026-08-31T10:39:00,242,245,241,243.98,4092
2026-08-31T07:40:00.000Z,2026-08-31T10:40:00,243.98,244,243,243,570
2026-08-31T07:41:00.000Z,2026-08-31T10:41:00,243,243,242.49,242.49,609
2026-08-31T07:42:00.000Z,2026-08-31T10:42:00,242.5,242.5,241.5,242,367
2026-08-31T07:43:00.000Z,2026-08-31T10:43:00,242,242,242,242,4
2026-08-31T07:44:00.000Z,2026-08-31T10:44:00,242,242,241.51,242,82
2026-08-31T07:45:00.000Z,2026-08-31T10:45:00,241.6,241.6,241.6,241.6,100
2026-08-31T07:46:00.000Z,2026-08-31T10:46:00,241.51,243,241.51,242,436
2026-08-31T07:47:00.000Z,2026-08-31T10:47:00,242,242,241.51,241.51,152
2026-08-31T07:48:00.000Z,2026-08-31T10:48:00,242.99,242.99,241.01,241.01,246
2026-08-31T07:49:00.000Z,2026-08-31T10:49:00,242.98,243,241.01,241.01,365
2026-08-31T07:50:00.000Z,2026-08-31T10:50:00,242.9,242.9,242.89,242.89,4
2026-08-31T07:51:00.000Z,2026-08-31T10:51:00,242.79,244,241.21,242.79,4008
2026-08-31T07:52:00.000Z,2026-08-31T10:52:00,242.79,243.99,242.79,243,572
2026-08-31T07:53:00.000Z,2026-08-31T10:53:00,243,243,242,242,250
2026-08-31T07:54:00.000Z,2026-08-31T10:54:00,242,243.77,242,243.77,32
2026-08-31T07:55:00.000Z,2026-08-31T10:55:00,243.77,243.77,243,243,264
2026-08-31T07:56:00.000Z,2026-08-31T10:56:00,243.49,243.77,243.01,243.77,116
2026-08-31T07:57:00.000Z,2026-08-31T10:57:00,243.03,243.03,243,243,933
2026-08-31T07:58:00.000Z,2026-08-31T10:58:00,243,243.49,242.5,242.5,881
2026-08-31T07:59:00.000Z,2026-08-31T10:59:00,242.5,243.6,242.5,243.6,608
2026-08-31T08:00:00.000Z,2026-08-31T11:00:00,243.5,243.7,242.8,243.7,1201
2026-08-31T08:01:00.000Z,2026-08-31T11:01:00,243.7,243.7,243,243,74
2026-08-31T08:02:00.000Z,2026-08-31T11:02:00,243,243,243,243,522
2026-08-31T08:03:00.000Z,2026-08-31T11:03:00,243.01,243.7,243.01,243.7,526
2026-08-31T08:04:00.000Z,2026-08-31T11:04:00,243.1,243.7,243.01,243.01,499
2026-08-31T08:05:00.000Z,2026-08-31T11:05:00,243.5,243.5,243.02,243.02,253
2026-08-31T08:06:00.000Z,2026-08-31T11:06:00,243.5,243.5,243.5,243.5,78
2026-08-31T08:07:00.000Z,2026-08-31T11:07:00,243.25,243.4,243,243,436
2026-08-31T08:08:00.000Z,2026-08-31T11:08:00,243.01,243.45,243,243,173
2026-08-31T08:09:00.000Z,2026-08-31T11:09:00,243,243.25,243,243.01,404
2026-08-31T08:10:00.000Z,2026-08-31T11:10:00,243.01,243.25,243.01,243.25,247
2026-08-31T08:11:00.000Z,2026-08-31T11:11:00,243.1,243.25,243,243.25,728
2026-08-31T08:12:00.000Z,2026-08-31T11:12:00,243.2,243.2,243.01,243.01,44
2026-08-31T08:13:00.000Z,2026-08-31T11:13:00,243.01,243.2,243.01,243.2,225
2026-08-31T08:14:00.000Z,2026-08-31T11:14:00,243.02,243.15,241.2,241.2,2254
2026-08-31T08:15:00.000Z,2026-08-31T11:15:00,241.21,243,241.21,243,420
2026-08-31T08:16:00.000Z,2026-08-31T11:16:00,243,243,241.22,242.6,604
2026-08-31T08:18:00.000Z,2026-08-31T11:18:00,242.6,242.6,242.5,242.6,683
2026-08-31T08:19:00.000Z,2026-08-31T11:19:00,242,243.5,242,242,4238
2026-08-31T08:20:00.000Z,2026-08-31T11:20:00,242.16,243.5,242.15,243.5,281
2026-08-31T08:21:00.000Z,2026-08-31T11:21:00,242.21,243.77,242.21,243.77,487
2026-08-31T08:22:00.000Z,2026-08-31T11:22:00,243.77,243.99,243.01,243.01,360
2026-08-31T08:23:00.000Z,2026-08-31T11:23:00,243.99,244,243.01,244,167
2026-08-31T08:24:00.000Z,2026-08-31T11:24:00,243.03,243.03,243.03,243.03,25
2026-08-31T08:25:00.000Z,2026-08-31T11:25:00,243.98,244,243.98,244,689
2026-08-31T08:26:00.000Z,2026-08-31T11:26:00,243.25,244,243.25,244,108
2026-08-31T08:27:00.000Z,2026-08-31T11:27:00,243.16,244,243.16,244,986
2026-08-31T08:28:00.000Z,2026-08-31T11:28:00,244.2,244.8,244.03,244.8,977
2026-08-31T08:29:00.000Z,2026-08-31T11:29:00,244.8,244.99,244,244,1500
2026-08-31T08:30:00.000Z,2026-08-31T11:30:00,244,244,244,244,10
2026-08-31T08:31:00.000Z,2026-08-31T11:31:00,244.01,244.98,244.01,244.98,79
2026-08-31T08:32:00.000Z,2026-08-31T11:32:00,244.01,244.98,244,244.98,197
2026-08-31T08:33:00.000Z,2026-08-31T11:33:00,244.02,244.02,244.02,244.02,13
2026-08-31T08:34:00.000Z,2026-08-31T11:34:00,244.9,244.9,244.02,244.02,71
2026-08-31T08:35:00.000Z,2026-08-31T11:35:00,244.8,244.8,244.02,244.8,270
2026-08-31T08:36:00.000Z,2026-08-31T11:36:00,244.8,244.8,244.03,244.03,207
2026-08-31T08:37:00.000Z,2026-08-31T11:37:00,244.03,244.03,244,244,1353
2026-08-31T08:38:00.000Z,2026-08-31T11:38:00,244,245,244,244.01,1232
2026-08-31T08:39:00.000Z,2026-08-31T11:39:00,244.02,244.02,244.02,244.02,69
2026-08-31T08:40:00.000Z,2026-08-31T11:40:00,244.9,245,244.9,245,7494
2026-08-31T08:41:00.000Z,2026-08-31T11:41:00,245,245.5,244.6,245.5,1632
2026-08-31T08:42:00.000Z,2026-08-31T11:42:00,245.5,245.5,245,245.49,2316
2026-08-31T08:43:00.000Z,2026-08-31T11:43:00,246,248,246,248,4609
2026-08-31T08:44:00.000Z,2026-08-31T11:44:00,247.95,249.27,247.01,247.01,8292
2026-08-31T08:45:00.000Z,2026-08-31T11:45:00,247.04,248,247.03,247.1,842
2026-08-31T08:46:00.000Z,2026-08-31T11:46:00,247.16,247.2,247.12,247.2,670
2026-08-31T08:47:00.000Z,2026-08-31T11:47:00,247.33,247.5,247.1,247.5,1255
2026-08-31T08:48:00.000Z,2026-08-31T11:48:00,247.51,248.5,247.51,248.5,1717
2026-08-31T08:49:00.000Z,2026-08-31T11:49:00,248,248,247.5,248,1937
2026-08-31T08:50:00.000Z,2026-08-31T11:50:00,248,248.5,247.55,247.55,2789
2026-08-31T08:51:00.000Z,2026-08-31T11:51:00,247.55,248,247.51,247.51,908
2026-08-31T08:52:00.000Z,2026-08-31T11:52:00,247.51,248,247.5,247.5,4125
2026-08-31T08:53:00.000Z,2026-08-31T11:53:00,248,248.2,247.5,248.2,693
2026-08-31T08:54:00.000Z,2026-08-31T11:54:00,248.01,249,248.01,249,668
2026-08-31T08:55:00.000Z,2026-08-31T11:55:00,249,249,249,249,181
2026-08-31T08:56:00.000Z,2026-08-31T11:56:00,249,249.3,248.3,248.3,1646
2026-08-31T08:57:00.000Z,2026-08-31T11:57:00,248.31,248.96,248.02,248.02,1173
2026-08-31T08:58:00.000Z,2026-08-31T11:58:00,248.02,248.02,247,248,2037
2026-08-31T08:59:00.000Z,2026-08-31T11:59:00,247.1,248,247,247,1495
2026-08-31T09:00:00.000Z,2026-08-31T12:00:00,247,247,246.51,246.99,761
2026-08-31T09:01:00.000Z,2026-08-31T12:01:00,246.99,246.99,246.51,246.51,292
2026-08-31T09:02:00.000Z,2026-08-31T12:02:00,246.89,246.9,245,245,3365
2026-08-31T09:03:00.000Z,2026-08-31T12:03:00,245,245,242.5,242.5,4432
2026-08-31T09:04:00.000Z,2026-08-31T12:04:00,243.01,243.8,243,243.02,1603
2026-08-31T09:05:00.000Z,2026-08-31T12:05:00,244.01,244.01,243.1,243.1,656
2026-08-31T09:07:00.000Z,2026-08-31T12:07:00,244,244,242.5,242.5,5323
2026-08-31T09:08:00.000Z,2026-08-31T12:08:00,242.51,244.01,242.51,244.01,1534
2026-08-31T09:09:00.000Z,2026-08-31T12:09:00,244.01,245.99,244.01,245.99,301
2026-08-31T09:10:00.000Z,2026-08-31T12:10:00,245.99,245.99,243,243,238
2026-08-31T09:11:00.000Z,2026-08-31T12:11:00,244.5,245,244.5,245,105
2026-08-31T09:12:00.000Z,2026-08-31T12:12:00,244.99,244.99,244.99,244.99,139
2026-08-31T09:13:00.000Z,2026-08-31T12:13:00,244.99,245,244.99,244.99,102
2026-08-31T09:14:00.000Z,2026-08-31T12:14:00,244.98,244.99,243.2,243.2,1285
2026-08-31T09:15:00.000Z,2026-08-31T12:15:00,244,244,243.25,243.25,1077
2026-08-31T09:16:00.000Z,2026-08-31T12:16:00,243.26,243.26,243.21,243.26,504
2026-08-31T09:17:00.000Z,2026-08-31T12:17:00,244,244,243.21,244,167
2026-08-31T09:18:00.000Z,2026-08-31T12:18:00,244.9,244.9,244.9,244.9,9
2026-08-31T09:19:00.000Z,2026-08-31T12:19:00,244,244,244,244,116
2026-08-31T09:20:00.000Z,2026-08-31T12:20:00,244,244.8,244,244,93
2026-08-31T09:21:00.000Z,2026-08-31T12:21:00,243.31,243.31,243.21,243.21,616
2026-08-31T09:22:00.000Z,2026-08-31T12:22:00,243.21,243.21,243.2,243.21,664
2026-08-31T09:23:00.000Z,2026-08-31T12:23:00,243.89,243.89,243.89,243.89,3
2026-08-31T09:24:00.000Z,2026-08-31T12:24:00,243.9,243.9,243.89,243.9,39
2026-08-31T09:25:00.000Z,2026-08-31T12:25:00,243.25,244.77,243.2,243.21,1620
2026-08-31T09:26:00.000Z,2026-08-31T12:26:00,244.75,244.75,243.21,243.21,189
2026-08-31T09:27:00.000Z,2026-08-31T12:27:00,244.43,244.43,244.42,244.42,91
2026-08-31T09:28:00.000Z,2026-08-31T12:28:00,243.22,244,243.22,244,2177
2026-08-31T09:29:00.000Z,2026-08-31T12:29:00,244.25,244.3,243.22,243.22,3601
2026-08-31T09:32:00.000Z,2026-08-31T12:32:00,243.26,244,243.26,244,18
2026-08-31T09:34:00.000Z,2026-08-31T12:34:00,243.25,243.25,243.25,243.25,544
2026-08-31T09:35:00.000Z,2026-08-31T12:35:00,243.25,243.25,243.25,243.25,1724
2026-08-31T09:36:00.000Z,2026-08-31T12:36:00,244,244,243.25,243.25,513
2026-08-31T09:37:00.000Z,2026-08-31T12:37:00,243.25,243.25,243.25,243.25,336
2026-08-31T09:38:00.000Z,2026-08-31T12:38:00,243.25,243.25,242,242,5579
2026-08-31T09:39:00.000Z,2026-08-31T12:39:00,242.01,242.95,242.01,242.95,425
2026-08-31T09:40:00.000Z,2026-08-31T12:40:00,242.95,242.95,241.51,241.51,2003
2026-08-31T09:41:00.000Z,2026-08-31T12:41:00,242,242,242,242,44
2026-08-31T09:42:00.000Z,2026-08-31T12:42:00,242,242,241.5,241.5,334
2026-08-31T09:43:00.000Z,2026-08-31T12:43:00,241.01,241.01,240.31,241,1398
2026-08-31T09:44:00.000Z,2026-08-31T12:44:00,240.31,241,240.31,240.99,913
2026-08-31T09:45:00.000Z,2026-08-31T12:45:00,240.32,241,240.31,241,4067
2026-08-31T09:46:00.000Z,2026-08-31T12:46:00,240.32,240.32,240.32,240.32,361
2026-08-31T09:47:00.000Z,2026-08-31T12:47:00,241.5,243.98,241.5,243.98,2816
2026-08-31T09:48:00.000Z,2026-08-31T12:48:00,241.5,242.99,241.5,242.99,33
2026-08-31T09:49:00.000Z,2026-08-31T12:49:00,242.99,243.95,242.99,243.95,250
2026-08-31T09:50:00.000Z,2026-08-31T12:50:00,242.93,242.93,242,242,630
2026-08-31T09:51:00.000Z,2026-08-31T12:51:00,242,242,242,242,10
2026-08-31T09:52:00.000Z,2026-08-31T12:52:00,242,242.8,242,242.8,173
2026-08-31T09:54:00.000Z,2026-08-31T12:54:00,242.7,242.7,241.01,242.7,1689
2026-08-31T09:55:00.000Z,2026-08-31T12:55:00,242.69,242.69,242.69,242.69,1
2026-08-31T09:56:00.000Z,2026-08-31T12:56:00,242.6,242.6,242.6,242.6,2
2026-08-31T09:57:00.000Z,2026-08-31T12:57:00,242.5,242.5,241.11,241.11,40
2026-08-31T09:59:00.000Z,2026-08-31T12:59:00,242.48,242.48,241,241,1898
2026-08-31T10:00:00.000Z,2026-08-31T13:00:00,241,241,240.32,240.32,134
2026-08-31T10:01:00.000Z,2026-08-31T13:01:00,240.32,240.32,240.31,240.31,243
2026-08-31T10:03:00.000Z,2026-08-31T13:03:00,240.5,240.5,240.5,240.5,191
2026-08-31T10:04:00.000Z,2026-08-31T13:04:00,240.5,240.5,240.31,240.31,350
2026-08-31T10:05:00.000Z,2026-08-31T13:05:00,240.31,240.9,240.06,240.06,1315
2026-08-31T10:06:00.000Z,2026-08-31T13:06:00,240.06,240.06,239,239,3637
2026-08-31T10:07:00.000Z,2026-08-31T13:07:00,239,239,236,237,6958
2026-08-31T10:08:00.000Z,2026-08-31T13:08:00,239,239,236.1,236.1,315
2026-08-31T10:10:00.000Z,2026-08-31T13:10:00,238.5,238.5,237.11,237.11,14
2026-08-31T10:11:00.000Z,2026-08-31T13:11:00,238.5,239,235.97,239,3758
2026-08-31T10:12:00.000Z,2026-08-31T13:12:00,239,239,239,239,14
2026-08-31T10:13:00.000Z,2026-08-31T13:13:00,238,238,238,238,19
2026-08-31T10:15:00.000Z,2026-08-31T13:15:00,238,239,237,239,1614
2026-08-31T10:16:00.000Z,2026-08-31T13:16:00,238.01,238.01,238,238,496
2026-08-31T10:17:00.000Z,2026-08-31T13:17:00,238.01,238.01,238.01,238.01,159
2026-08-31T10:19:00.000Z,2026-08-31T13:19:00,238.5,238.5,237,237,2288
2026-08-31T10:21:00.000Z,2026-08-31T13:21:00,237.03,238.33,237.03,238.33,247
2026-08-31T10:22:00.000Z,2026-08-31T13:22:00,237.11,237.11,237.11,237.11,11
2026-08-31T10:23:00.000Z,2026-08-31T13:23:00,238.32,238.32,238.32,238.32,2
2026-08-31T10:24:00.000Z,2026-08-31T13:24:00,237.8,238,237,237,2470
2026-08-31T10:25:00.000Z,2026-08-31T13:25:00,237.01,237.01,237.01,237.01,191
2026-08-31T10:26:00.000Z,2026-08-31T13:26:00,237.11,237.11,237,237.01,550
2026-08-31T10:27:00.000Z,2026-08-31T13:27:00,238.89,238.9,237.21,237.21,151
2026-08-31T10:28:00.000Z,2026-08-31T13:28:00,238.7,238.7,238,238,28
2026-08-31T10:30:00.000Z,2026-08-31T13:30:00,238.01,238.01,238.01,238.01,50
2026-08-31T10:31:00.000Z,2026-08-31T13:31:00,238.4,238.4,238.01,238.01,1786
2026-08-31T10:32:00.000Z,2026-08-31T13:32:00,238.4,238.4,238.4,238.4,509
2026-08-31T10:33:00.000Z,2026-08-31T13:33:00,238.4,238.98,238,238.98,2537
2026-08-31T10:34:00.000Z,2026-08-31T13:34:00,238.9,238.9,238.5,238.5,314
2026-08-31T10:35:00.000Z,2026-08-31T13:35:00,238.5,238.9,238.2,238.2,533
2026-08-31T10:36:00.000Z,2026-08-31T13:36:00,238.98,238.98,238.98,238.98,562
2026-08-31T10:37:00.000Z,2026-08-31T13:37:00,238.98,239,238.98,239,191
2026-08-31T10:38:00.000Z,2026-08-31T13:38:00,239,239,238.99,238.99,91
2026-08-31T10:40:00.000Z,2026-08-31T13:40:00,238.99,239,238.99,239,170
2026-08-31T10:41:00.000Z,2026-08-31T13:41:00,238.5,238.5,238.4,238.4,394
2026-08-31T10:42:00.000Z,2026-08-31T13:42:00,238.9,238.9,238.9,238.9,3
2026-08-31T10:43:00.000Z,2026-08-31T13:43:00,238.4,239,238.4,238.4,153
2026-08-31T10:44:00.000Z,2026-08-31T13:44:00,238.4,238.4,238.4,238.4,2113
2026-08-31T10:45:00.000Z,2026-08-31T13:45:00,238.4,239,238.4,238.4,238
2026-08-31T10:46:00.000Z,2026-08-31T13:46:00,238.4,238.4,238.3,238.3,199
2026-08-31T10:48:00.000Z,2026-08-31T13:48:00,238.3,238.3,238.3,238.3,9
2026-08-31T10:49:00.000Z,2026-08-31T13:49:00,238,238,238,238,200
2026-08-31T10:50:00.000Z,2026-08-31T13:50:00,238,238.29,237.25,238.29,3193
2026-08-31T10:51:00.000Z,2026-08-31T13:51:00,237.25,238,237.11,238,992
2026-08-31T10:52:00.000Z,2026-08-31T13:52:00,237.11,238,237.11,238,45
2026-08-31T10:53:00.000Z,2026-08-31T13:53:00,238,238,238,238,90
2026-08-31T10:55:00.000Z,2026-08-31T13:55:00,238,238,237.1,237.1,2495
2026-08-31T10:57:00.000Z,2026-08-31T13:57:00,237.98,238,237.98,237.99,430
2026-08-31T10:58:00.000Z,2026-08-31T13:58:00,237.99,237.99,237.9,237.9,160
2026-08-31T10:59:00.000Z,2026-08-31T13:59:00,237.21,237.9,237,237.9,664
2026-08-31T11:00:00.000Z,2026-08-31T14:00:00,237.9,237.9,237.9,237.9,55
2026-08-31T11:02:00.000Z,2026-08-31T14:02:00,237.9,237.9,237.9,237.9,30
2026-08-31T11:03:00.000Z,2026-08-31T14:03:00,237.9,237.9,237.9,237.9,1
2026-08-31T11:04:00.000Z,2026-08-31T14:04:00,237.9,237.9,237,237,1982
2026-08-31T11:05:00.000Z,2026-08-31T14:05:00,237.01,238,236,238,2311
2026-08-31T11:06:00.000Z,2026-08-31T14:06:00,236.01,237.99,235.97,237.97,681
2026-08-31T11:08:00.000Z,2026-08-31T14:08:00,237.99,237.99,237.99,237.99,40
2026-08-31T11:09:00.000Z,2026-08-31T14:09:00,237.99,238,235.97,235.97,1627
2026-08-31T11:10:00.000Z,2026-08-31T14:10:00,237.94,238,235.97,235.97,2821
2026-08-31T11:11:00.000Z,2026-08-31T14:11:00,235.99,237.99,235.97,237.99,245
2026-08-31T11:12:00.000Z,2026-08-31T14:12:00,237.96,237.96,236,237.9,2102
2026-08-31T11:13:00.000Z,2026-08-31T14:13:00,237,237,235,235,1733
2026-08-31T11:14:00.000Z,2026-08-31T14:14:00,235.04,237.9,233.05,237.9,4840
2026-08-31T11:25:00.000Z,2026-08-31T14:25:00,234.1,234.1,234.1,234.1,1725
2026-09-01T07:00:00.000Z,2026-09-01T10:00:00,234.1,235,234.1,234.11,2515
2026-09-01T07:01:00.000Z,2026-09-01T10:01:00,234.11,234.11,234.11,234.11,27
2026-09-01T07:03:00.000Z,2026-09-01T10:03:00,235.01,237.5,235.01,237.5,45
2026-09-01T07:04:00.000Z,2026-09-01T10:04:00,237.4,237.5,237,237.5,280
2026-09-01T07:05:00.000Z,2026-09-01T10:05:00,237.5,237.86,237.5,237.86,286
2026-09-01T07:06:00.000Z,2026-09-01T10:06:00,237.4,238.7,237.4,238.7,1552
2026-09-01T07:07:00.000Z,2026-09-01T10:07:00,238.7,238.7,238.69,238.7,649
2026-09-01T07:08:00.000Z,2026-09-01T10:08:00,238.64,238.64,238.64,238.64,196
2026-09-01T07:09:00.000Z,2026-09-01T10:09:00,238.37,238.37,237.99,237.99,67
2026-09-01T07:10:00.000Z,2026-09-01T10:10:00,237.9,237.9,237,237,16
2026-09-01T07:11:00.000Z,2026-09-01T10:11:00,237,237,237,237,165
2026-09-01T07:12:00.000Z,2026-09-01T10:12:00,237.5,237.5,237.5,237.5,2
2026-09-01T07:13:00.000Z,2026-09-01T10:13:00,236.11,236.11,236.11,236.11,40
2026-09-01T07:14:00.000Z,2026-09-01T10:14:00,236.11,237.5,236.11,237.5,599
2026-09-01T07:15:00.000Z,2026-09-01T10:15:00,237.5,237.5,237,237.5,29
2026-09-01T07:16:00.000Z,2026-09-01T10:16:00,237,237,237,237,15
2026-09-01T07:17:00.000Z,2026-09-01T10:17:00,237.49,237.49,237.1,237.1,337
2026-09-01T07:18:00.000Z,2026-09-01T10:18:00,237.49,237.49,237.49,237.49,100
2026-09-01T07:19:00.000Z,2026-09-01T10:19:00,237.1,237.1,237.1,237.1,102
2026-09-01T07:20:00.000Z,2026-09-01T10:20:00,237.1,237.45,237,237.45,211
2026-09-01T07:21:00.000Z,2026-09-01T10:21:00,237.45,237.45,237.45,237.45,1
2026-09-01T07:22:00.000Z,2026-09-01T10:22:00,237.11,237.11,237.11,237.11,150
2026-09-01T07:23:00.000Z,2026-09-01T10:23:00,237.11,237.11,237,237,853
2026-09-01T07:24:00.000Z,2026-09-01T10:24:00,237,237,237,237,175
2026-09-01T07:26:00.000Z,2026-09-01T10:26:00,237,237,236.12,236.12,731
2026-09-01T07:28:00.000Z,2026-09-01T10:28:00,237.4,237.4,237.4,237.4,3
2026-09-01T07:29:00.000Z,2026-09-01T10:29:00,237.39,237.39,237,237,175
2026-09-01T07:30:00.000Z,2026-09-01T10:30:00,237,237,237,237,99
2026-09-01T07:31:00.000Z,2026-09-01T10:31:00,237,237,237,237,27
2026-09-01T07:33:00.000Z,2026-09-01T10:33:00,237.2,237.2,237,237.2,149
2026-09-01T07:34:00.000Z,2026-09-01T10:34:00,237,237.4,236.4,237.4,152
2026-09-01T07:35:00.000Z,2026-09-01T10:35:00,237,237,236.2,236.2,60
2026-09-01T07:36:00.000Z,2026-09-01T10:36:00,237,237.45,237,237.45,137
2026-09-01T07:37:00.000Z,2026-09-01T10:37:00,237.45,237.45,237.45,237.45,150
2026-09-01T07:38:00.000Z,2026-09-01T10:38:00,237.45,237.45,237.45,237.45,91
2026-09-01T07:39:00.000Z,2026-09-01T10:39:00,237.45,238.69,237.45,238.69,848
2026-09-01T07:40:00.000Z,2026-09-01T10:40:00,237.5,238.69,237.5,238,115
2026-09-01T07:41:00.000Z,2026-09-01T10:41:00,237.51,238.69,237.51,238.69,94
2026-09-01T07:44:00.000Z,2026-09-01T10:44:00,238.69,238.69,238.69,238.69,132
2026-09-01T07:45:00.000Z,2026-09-01T10:45:00,238.6,238.6,238.6,238.6,23
2026-09-01T07:46:00.000Z,2026-09-01T10:46:00,238.6,238.6,238.6,238.6,5
2026-09-01T07:47:00.000Z,2026-09-01T10:47:00,238,238,238,238,600
2026-09-01T07:48:00.000Z,2026-09-01T10:48:00,237.62,238,237.62,238,218
2026-09-01T07:49:00.000Z,2026-09-01T10:49:00,237.62,238,237.6,238,523
2026-09-01T07:50:00.000Z,2026-09-01T10:50:00,238,238,237.6,237.95,181
2026-09-01T07:51:00.000Z,2026-09-01T10:51:00,238,238,237.9,237.9,92
2026-09-01T07:53:00.000Z,2026-09-01T10:53:00,237.6,237.9,237.6,237.9,106
2026-09-01T07:54:00.000Z,2026-09-01T10:54:00,237.9,237.9,237.9,237.9,15
2026-09-01T07:55:00.000Z,2026-09-01T10:55:00,237.8,237.8,237.8,237.8,204
2026-09-01T07:56:00.000Z,2026-09-01T10:56:00,237.6,237.6,237.45,237.45,119
2026-09-01T07:57:00.000Z,2026-09-01T10:57:00,237.7,237.7,237.7,237.7,10
2026-09-01T07:58:00.000Z,2026-09-01T10:58:00,237.45,237.45,237.45,237.45,23
2026-09-01T07:59:00.000Z,2026-09-01T10:59:00,237.45,237.45,237.45,237.45,200
2026-09-01T08:00:00.000Z,2026-09-01T11:00:00,237.45,237.45,237.45,237.45,28
2026-09-01T08:01:00.000Z,2026-09-01T11:01:00,237.7,237.7,237.7,237.7,91
2026-09-01T08:02:00.000Z,2026-09-01T11:02:00,237.69,237.69,237.69,237.69,25
2026-09-01T08:03:00.000Z,2026-09-01T11:03:00,237.69,237.7,237.69,237.7,84
2026-09-01T08:04:00.000Z,2026-09-01T11:04:00,237.7,237.7,237.46,237.46,321
2026-09-01T08:05:00.000Z,2026-09-01T11:05:00,237.68,238.59,237.68,238.59,2092
2026-09-01T08:06:00.000Z,2026-09-01T11:06:00,237.46,242,237.46,241,2481
2026-09-01T08:07:00.000Z,2026-09-01T11:07:00,240.99,241.42,240.99,241.42,3169
2026-09-01T08:08:00.000Z,2026-09-01T11:08:00,242.41,242.41,242,242.4,4006
2026-09-01T08:09:00.000Z,2026-09-01T11:09:00,242.3,242.3,242,242,29
2026-09-01T08:10:00.000Z,2026-09-01T11:10:00,242.4,242.4,242.4,242.4,174
2026-09-01T08:12:00.000Z,2026-09-01T11:12:00,241.8,241.8,241.8,241.8,50
2026-09-01T08:14:00.000Z,2026-09-01T11:14:00,239,241,238.25,241,94
2026-09-01T08:17:00.000Z,2026-09-01T11:17:00,240.9,241,240,240,34
2026-09-01T08:18:00.000Z,2026-09-01T11:18:00,240,240,240,240,222
2026-09-01T08:19:00.000Z,2026-09-01T11:19:00,240,241.33,239,239,1302
2026-09-01T08:20:00.000Z,2026-09-01T11:20:00,239,239,239,239,107
2026-09-01T08:21:00.000Z,2026-09-01T11:21:00,239,239,239,239,131
2026-09-01T08:22:00.000Z,2026-09-01T11:22:00,239,239,239,239,283
2026-09-01T08:23:00.000Z,2026-09-01T11:23:00,239,239,238.52,238.52,155
2026-09-01T08:24:00.000Z,2026-09-01T11:24:00,239,242,239,242,2645
2026-09-01T08:25:00.000Z,2026-09-01T11:25:00,242,243,242,243,4728
2026-09-01T08:26:00.000Z,2026-09-01T11:26:00,243,244.5,243,243,5527
2026-09-01T08:27:00.000Z,2026-09-01T11:27:00,243.97,243.97,243,243,490
2026-09-01T08:28:00.000Z,2026-09-01T11:28:00,242,243,240,240.01,2300
2026-09-01T08:29:00.000Z,2026-09-01T11:29:00,241,241,241,241,68
2026-09-01T08:30:00.000Z,2026-09-01T11:30:00,242.99,242.99,241.01,242,134
2026-09-01T08:31:00.000Z,2026-09-01T11:31:00,241.01,242,241.01,242,109
2026-09-01T08:32:00.000Z,2026-09-01T11:32:00,242.99,242.99,241.01,241.01,109
2026-09-01T08:34:00.000Z,2026-09-01T11:34:00,243,244,243,244,5135
2026-09-01T08:35:00.000Z,2026-09-01T11:35:00,244,244,244,244,765
2026-09-01T08:36:00.000Z,2026-09-01T11:36:00,243.98,244.5,243.98,244,1904
2026-09-01T08:37:00.000Z,2026-09-01T11:37:00,244,244,243,243,321
2026-09-01T08:38:00.000Z,2026-09-01T11:38:00,243,243,243,243,340
2026-09-01T08:39:00.000Z,2026-09-01T11:39:00,243,243,243,243,152
2026-09-01T08:40:00.000Z,2026-09-01T11:40:00,243,243,242.02,242.02,531
2026-09-01T08:41:00.000Z,2026-09-01T11:41:00,242.02,242.02,242.02,242.02,150
2026-09-01T08:42:00.000Z,2026-09-01T11:42:00,242.02,242.02,242.02,242.02,130
2026-09-01T08:43:00.000Z,2026-09-01T11:43:00,242.02,242.02,242.02,242.02,150
2026-09-01T08:44:00.000Z,2026-09-01T11:44:00,242.02,242.99,242.02,242.99,171
2026-09-01T08:45:00.000Z,2026-09-01T11:45:00,242.99,243,242.02,242.02,260
2026-09-01T08:46:00.000Z,2026-09-01T11:46:00,242.02,242.02,242.02,242.02,24
2026-09-01T08:47:00.000Z,2026-09-01T11:47:00,242.9,242.98,242.9,242.98,259
2026-09-01T08:48:00.000Z,2026-09-01T11:48:00,242.98,243.5,242.98,243.5,715
2026-09-01T08:49:00.000Z,2026-09-01T11:49:00,243.5,243.5,243.5,243.5,468
2026-09-01T08:50:00.000Z,2026-09-01T11:50:00,243.5,243.5,243,243,13
2026-09-01T08:52:00.000Z,2026-09-01T11:52:00,243.94,243.94,243.94,243.94,25
2026-09-01T08:53:00.000Z,2026-09-01T11:53:00,243.5,243.5,243.5,243.5,584
2026-09-01T08:55:00.000Z,2026-09-01T11:55:00,243.5,243.5,243,243,573
2026-09-01T08:56:00.000Z,2026-09-01T11:56:00,243,243,243,243,488
2026-09-01T08:58:00.000Z,2026-09-01T11:58:00,243.3,243.3,243,243,2192
2026-09-01T08:59:00.000Z,2026-09-01T11:59:00,242.02,243.94,242.02,243.94,2052
2026-09-01T09:01:00.000Z,2026-09-01T12:01:00,242.02,242.02,242.02,242.02,10
2026-09-01T09:02:00.000Z,2026-09-01T12:02:00,243.94,243.94,243.94,243.94,144
2026-09-01T09:03:00.000Z,2026-09-01T12:03:00,243,243,243,243,240
2026-09-01T09:04:00.000Z,2026-09-01T12:04:00,242.2,242.2,242.01,242.01,200
2026-09-01T09:05:00.000Z,2026-09-01T12:05:00,243,243,243,243,300
2026-09-01T09:07:00.000Z,2026-09-01T12:07:00,242.11,242.11,242.11,242.11,82
2026-09-01T09:09:00.000Z,2026-09-01T12:09:00,243,243,243,243,1
2026-09-01T09:11:00.000Z,2026-09-01T12:11:00,242.11,242.11,242.1,242.1,130
2026-09-01T09:12:00.000Z,2026-09-01T12:12:00,242.1,242.1,242.1,242.1,100
2026-09-01T09:13:00.000Z,2026-09-01T12:13:00,242.15,242.15,241.6,241.6,2041
2026-09-01T09:14:00.000Z,2026-09-01T12:14:00,242.04,242.49,241.6,241.6,1053
2026-09-01T09:15:00.000Z,2026-09-01T12:15:00,241.6,241.6,241.6,241.6,501
2026-09-01T09:16:00.000Z,2026-09-01T12:16:00,242,242,242,242,7
2026-09-01T09:17:00.000Z,2026-09-01T12:17:00,241.6,242,241.6,242,67
2026-09-01T09:18:00.000Z,2026-09-01T12:18:00,242,242.49,242,242.49,1821
2026-09-01T09:19:00.000Z,2026-09-01T12:19:00,242.5,243,242.5,243,5033
2026-09-01T09:20:00.000Z,2026-09-01T12:20:00,241.61,241.61,241.61,241.61,4
2026-09-01T09:21:00.000Z,2026-09-01T12:21:00,242.99,243.5,242.99,243,872
2026-09-01T09:22:00.000Z,2026-09-01T12:22:00,243,243,243,243,50
2026-09-01T09:25:00.000Z,2026-09-01T12:25:00,242,242,241.7,241.7,100
2026-09-01T09:26:00.000Z,2026-09-01T12:26:00,241.7,241.7,241.7,241.7,84
2026-09-01T09:27:00.000Z,2026-09-01T12:27:00,241.75,241.75,241.72,241.72,500
2026-09-01T09:28:00.000Z,2026-09-01T12:28:00,241.72,242,241.6,241.6,671
2026-09-01T09:29:00.000Z,2026-09-01T12:29:00,241.1,241.1,241,241,646
2026-09-01T09:30:00.000Z,2026-09-01T12:30:00,241,241,241,241,173
2026-09-01T09:31:00.000Z,2026-09-01T12:31:00,241,241,240,240.01,590
2026-09-01T09:32:00.000Z,2026-09-01T12:32:00,241,241,241,241,73
2026-09-01T09:33:00.000Z,2026-09-01T12:33:00,241,241,241,241,8
2026-09-01T09:34:00.000Z,2026-09-01T12:34:00,240.3,241,240.3,241,409
2026-09-01T09:35:00.000Z,2026-09-01T12:35:00,240.36,242.85,240.36,242,1250
2026-09-01T09:36:00.000Z,2026-09-01T12:36:00,240.45,241.89,240,241.89,1636
2026-09-01T09:37:00.000Z,2026-09-01T12:37:00,241.5,241.5,240,240,3
2026-09-01T09:38:00.000Z,2026-09-01T12:38:00,241,241.4,241,241.4,1180
2026-09-01T09:39:00.000Z,2026-09-01T12:39:00,241,242.8,241,242.8,506
2026-09-01T09:40:00.000Z,2026-09-01T12:40:00,242.8,242.8,241.5,241.5,524
2026-09-01T09:41:00.000Z,2026-09-01T12:41:00,241.5,241.5,241.5,241.5,364
2026-09-01T09:42:00.000Z,2026-09-01T12:42:00,242,242,242,242,99
2026-09-01T09:43:00.000Z,2026-09-01T12:43:00,242.8,242.8,241.5,241.5,640
2026-09-01T09:44:00.000Z,2026-09-01T12:44:00,241.31,241.31,241,241,150
2026-09-01T09:45:00.000Z,2026-09-01T12:45:00,242.8,242.8,242.8,242.8,100
2026-09-01T09:47:00.000Z,2026-09-01T12:47:00,242.65,242.65,242,242,555
2026-09-01T09:48:00.000Z,2026-09-01T12:48:00,242.6,242.6,242,242,35
2026-09-01T09:49:00.000Z,2026-09-01T12:49:00,242.5,242.5,240,240,1839
2026-09-01T09:51:00.000Z,2026-09-01T12:51:00,242,242,240.11,240.11,35
2026-09-01T09:53:00.000Z,2026-09-01T12:53:00,242,243,240.2,243,4001
2026-09-01T09:54:00.000Z,2026-09-01T12:54:00,243,243.5,243,243.5,1000
2026-09-01T09:55:00.000Z,2026-09-01T12:55:00,243.5,243.9,243.5,243.88,823
2026-09-01T09:56:00.000Z,2026-09-01T12:56:00,243.74,243.9,243.11,243.9,1008
2026-09-01T09:57:00.000Z,2026-09-01T12:57:00,243.9,243.9,243.6,243.6,296
2026-09-01T09:58:00.000Z,2026-09-01T12:58:00,243.6,244.77,243.6,244.77,9415
2026-09-01T09:59:00.000Z,2026-09-01T12:59:00,244.77,246,244.7,246,7559
2026-09-01T10:00:00.000Z,2026-09-01T13:00:00,246,246,245,245.9,1216
2026-09-01T10:01:00.000Z,2026-09-01T13:01:00,245.9,246,245.1,245.1,2558
2026-09-01T10:02:00.000Z,2026-09-01T13:02:00,245.1,246,245,246,6029
2026-09-01T10:03:00.000Z,2026-09-01T13:03:00,246.5,247,245.9,247,4517
2026-09-01T10:04:00.000Z,2026-09-01T13:04:00,247,247,246.01,247,1518
2026-09-01T10:05:00.000Z,2026-09-01T13:05:00,246.02,246.99,246,246.98,3116
2026-09-01T10:06:00.000Z,2026-09-01T13:06:00,246.2,246.95,246,246,2593
2026-09-01T10:07:00.000Z,2026-09-01T13:07:00,246,246,245.01,245.01,407
2026-09-01T10:08:00.000Z,2026-09-01T13:08:00,245.02,246,245.02,246,202
2026-09-01T10:09:00.000Z,2026-09-01T13:09:00,245.02,246,245.02,246,1333
2026-09-01T10:10:00.000Z,2026-09-01T13:10:00,245.02,245.04,245.02,245.04,72
2026-09-01T10:11:00.000Z,2026-09-01T13:11:00,245.5,246,245.05,245.05,1341
2026-09-01T10:12:00.000Z,2026-09-01T13:12:00,245.11,246.79,245.11,246.79,1403
2026-09-01T10:13:00.000Z,2026-09-01T13:13:00,246,246,244.2,244.21,2302
2026-09-01T10:14:00.000Z,2026-09-01T13:14:00,244.22,245.99,244.22,245.99,78
2026-09-01T10:15:00.000Z,2026-09-01T13:15:00,244.21,244.21,244.21,244.21,5
2026-09-01T10:16:00.000Z,2026-09-01T13:16:00,245,245,244.05,245,1552
2026-09-01T10:17:00.000Z,2026-09-01T13:17:00,245,245.27,245,245,97
2026-09-01T10:18:00.000Z,2026-09-01T13:18:00,245,246,245,246,579
2026-09-01T10:19:00.000Z,2026-09-01T13:19:00,246,246,246,246,541
2026-09-01T10:20:00.000Z,2026-09-01T13:20:00,246,246,245,245,210
2026-09-01T10:22:00.000Z,2026-09-01T13:22:00,246,246.5,246,246.5,1318
2026-09-01T10:23:00.000Z,2026-09-01T13:23:00,245.11,246.5,245,245,730
2026-09-01T10:24:00.000Z,2026-09-01T13:24:00,245,247,245,245.01,1311
2026-09-01T10:25:00.000Z,2026-09-01T13:25:00,246,246,246,246,700
2026-09-01T10:26:00.000Z,2026-09-01T13:26:00,245.5,245.5,245.25,245.25,42
2026-09-01T10:27:00.000Z,2026-09-01T13:27:00,245.25,245.25,245.25,245.25,312
2026-09-01T10:28:00.000Z,2026-09-01T13:28:00,245.25,245.99,245.25,245.26,63
2026-09-01T10:30:00.000Z,2026-09-01T13:30:00,245,245,245,245,132
2026-09-01T10:31:00.000Z,2026-09-01T13:31:00,245,245,245,245,394
2026-09-01T10:32:00.000Z,2026-09-01T13:32:00,245,246,245,246,595
2026-09-01T10:33:00.000Z,2026-09-01T13:33:00,246.5,246.9,246,246,1755
2026-09-01T10:34:00.000Z,2026-09-01T13:34:00,246,246,246,246,50
2026-09-01T10:35:00.000Z,2026-09-01T13:35:00,246.01,247.25,246.01,247.25,7971
2026-09-01T10:36:00.000Z,2026-09-01T13:36:00,247.25,248,247.25,248,1565
2026-09-01T10:37:00.000Z,2026-09-01T13:37:00,247.1,248,247.1,247.1,513
2026-09-01T10:38:00.000Z,2026-09-01T13:38:00,247.9,247.9,246.01,246.01,208
2026-09-01T10:39:00.000Z,2026-09-01T13:39:00,246.5,247,246.01,247,89
2026-09-01T10:40:00.000Z,2026-09-01T13:40:00,247,247,247,247,151
2026-09-01T10:41:00.000Z,2026-09-01T13:41:00,247,247,247,247,1
2026-09-01T10:42:00.000Z,2026-09-01T13:42:00,246.07,247.75,246.04,247.7,2684
2026-09-01T10:43:00.000Z,2026-09-01T13:43:00,247.01,247.09,245.25,245.25,3493
2026-09-01T10:44:00.000Z,2026-09-01T13:44:00,246.99,246.99,244,246.84,4059
2026-09-01T10:45:00.000Z,2026-09-01T13:45:00,246.79,246.79,246.79,246.79,562
2026-09-01T10:46:00.000Z,2026-09-01T13:46:00,246.5,246.88,245.25,246.88,434
2026-09-01T10:47:00.000Z,2026-09-01T13:47:00,246.88,246.9,246.8,246.88,411
2026-09-01T10:48:00.000Z,2026-09-01T13:48:00,245.31,245.31,245.3,245.31,250
2026-09-01T10:49:00.000Z,2026-09-01T13:49:00,246,246.88,246,246.88,65
2026-09-01T10:50:00.000Z,2026-09-01T13:50:00,246.8,246.88,245.33,245.33,368
2026-09-01T10:51:00.000Z,2026-09-01T13:51:00,246.5,246.5,246.5,246.5,210
2026-09-01T10:52:00.000Z,2026-09-01T13:52:00,245.49,246.5,245.48,246.5,507
2026-09-01T10:53:00.000Z,2026-09-01T13:53:00,246.5,246.5,246.5,246.5,332
2026-09-01T10:54:00.000Z,2026-09-01T13:54:00,246.88,246.88,246.5,246.5,133
2026-09-01T10:55:00.000Z,2026-09-01T13:55:00,246.5,246.5,244.31,244.31,1782
2026-09-01T10:56:00.000Z,2026-09-01T13:56:00,244.31,245,244.31,245,667
2026-09-01T10:57:00.000Z,2026-09-01T13:57:00,245,245,245,245,202
2026-09-01T10:58:00.000Z,2026-09-01T13:58:00,246.84,246.84,246.84,246.84,4
2026-09-01T10:59:00.000Z,2026-09-01T13:59:00,245,246.74,245,246.74,217
2026-09-01T11:00:00.000Z,2026-09-01T14:00:00,246.74,246.74,246.74,246.74,8
2026-09-01T11:02:00.000Z,2026-09-01T14:02:00,246.49,246.49,246.49,246.49,44
2026-09-01T11:03:00.000Z,2026-09-01T14:03:00,246.49,248,246.49,248,11566
2026-09-01T11:04:00.000Z,2026-09-01T14:04:00,247,249.9,247,248.11,5637
2026-09-01T11:05:00.000Z,2026-09-01T14:05:00,248.15,249,248.02,248.02,4675
2026-09-01T11:06:00.000Z,2026-09-01T14:06:00,248.99,248.99,248.11,248.6,404
2026-09-01T11:07:00.000Z,2026-09-01T14:07:00,248.95,249.9,248.9,249.89,10679
2026-09-01T11:08:00.000Z,2026-09-01T14:08:00,249.89,251,249.06,251,16798
2026-09-01T11:09:00.000Z,2026-09-01T14:09:00,251.72,253.4,251,251,7281
2026-09-01T11:10:00.000Z,2026-09-01T14:10:00,250.01,250.01,249.07,250,3118
2026-09-01T11:11:00.000Z,2026-09-01T14:11:00,249.5,250,249.5,250,1725
2026-09-01T11:12:00.000Z,2026-09-01T14:12:00,249.51,249.99,248.02,248.02,2408
2026-09-01T11:13:00.000Z,2026-09-01T14:13:00,248.2,249,247.01,247.01,1475
2026-09-01T11:14:00.000Z,2026-09-01T14:14:00,249,249,246.71,248.99,1196
2026-09-01T11:15:00.000Z,2026-09-01T14:15:00,247.2,247.2,247.2,247.2,100
2026-09-01T11:25:00.000Z,2026-09-01T14:25:00,245.01,245.01,245.01,245.01,6267
2026-09-01T11:27:00.000Z,2026-09-01T14:27:00,245.01,245.01,245.01,245.01,39
2026-09-01T11:28:00.000Z,2026-09-01T14:28:00,245.01,245.01,245.01,245.01,10
2026-09-02T07:00:00.000Z,2026-09-02T10:00:00,245.26,245.26,245.26,245.26,648
2026-09-02T07:01:00.000Z,2026-09-02T10:01:00,247.1,253,246.02,250.99,3166
2026-09-02T07:02:00.000Z,2026-09-02T10:02:00,250.99,251,246,251,920
2026-09-02T07:03:00.000Z,2026-09-02T10:03:00,250,250,249.8,249.8,267
2026-09-02T07:04:00.000Z,2026-09-02T10:04:00,249.78,249.9,249.78,249.9,345
2026-09-02T07:05:00.000Z,2026-09-02T10:05:00,248.9,248.9,248.89,248.89,60
2026-09-02T07:06:00.000Z,2026-09-02T10:06:00,248.89,250.98,247.06,250,3192
2026-09-02T07:07:00.000Z,2026-09-02T10:07:00,250,250,248.7,249.9,1398
2026-09-02T07:08:00.000Z,2026-09-02T10:08:00,249.9,250,249,249,1352
2026-09-02T07:09:00.000Z,2026-09-02T10:09:00,248.99,249,248.99,249,2720
2026-09-02T07:10:00.000Z,2026-09-02T10:10:00,248.99,250,248.99,249.01,6695
2026-09-02T07:11:00.000Z,2026-09-02T10:11:00,249,250,249,249,4720
2026-09-02T07:12:00.000Z,2026-09-02T10:12:00,249,249.97,248.99,248.99,306
2026-09-02T07:13:00.000Z,2026-09-02T10:13:00,249,249.89,249,249.89,64
2026-09-02T07:14:00.000Z,2026-09-02T10:14:00,249,249,247.65,247.65,400
2026-09-02T07:15:00.000Z,2026-09-02T10:15:00,248,249,247.65,249,239
2026-09-02T07:16:00.000Z,2026-09-02T10:16:00,248.98,248.98,248.5,248.5,550
2026-09-02T07:17:00.000Z,2026-09-02T10:17:00,248.97,248.99,248,248,1118
2026-09-02T07:18:00.000Z,2026-09-02T10:18:00,247.99,248,247.99,248,111
2026-09-02T07:19:00.000Z,2026-09-02T10:19:00,247.99,248,247.7,247.7,791
2026-09-02T07:20:00.000Z,2026-09-02T10:20:00,247.7,248,247.65,248,1472
2026-09-02T07:21:00.000Z,2026-09-02T10:21:00,248,248,248,248,259
2026-09-02T07:22:00.000Z,2026-09-02T10:22:00,247.7,250,247.7,250,3220
2026-09-02T07:23:00.000Z,2026-09-02T10:23:00,250.1,251,248.02,250,4014
2026-09-02T07:24:00.000Z,2026-09-02T10:24:00,250,251,250,251,3323
2026-09-02T07:25:00.000Z,2026-09-02T10:25:00,250.04,251,250,251,3715
2026-09-02T07:26:00.000Z,2026-09-02T10:26:00,250.98,250.98,250.98,250.98,15
2026-09-02T07:27:00.000Z,2026-09-02T10:27:00,250.98,251,250,250,3327
2026-09-02T07:28:00.000Z,2026-09-02T10:28:00,250,250,249,249,2666
2026-09-02T07:29:00.000Z,2026-09-02T10:29:00,249,250,249,249,214
2026-09-02T07:30:00.000Z,2026-09-02T10:30:00,250,250,250,250,18
2026-09-02T07:31:00.000Z,2026-09-02T10:31:00,250,250,249.99,250,2059
2026-09-02T07:32:00.000Z,2026-09-02T10:32:00,249.99,249.99,249.99,249.99,70
2026-09-02T07:33:00.000Z,2026-09-02T10:33:00,249.99,249.99,249.02,249.95,1193
2026-09-02T07:35:00.000Z,2026-09-02T10:35:00,249.02,249.69,249,249,846
2026-09-02T07:36:00.000Z,2026-09-02T10:36:00,249,249,248.25,248.25,2007
2026-09-02T07:37:00.000Z,2026-09-02T10:37:00,248.25,248.5,248.25,248.5,22
2026-09-02T07:38:00.000Z,2026-09-02T10:38:00,248.25,248.5,248.25,248.49,40
2026-09-02T07:39:00.000Z,2026-09-02T10:39:00,248.25,248.48,248.25,248.48,421
2026-09-02T07:40:00.000Z,2026-09-02T10:40:00,248.27,248.5,248.25,248.5,1982
2026-09-02T07:41:00.000Z,2026-09-02T10:41:00,249.92,249.92,249.92,249.92,20
2026-09-02T07:42:00.000Z,2026-09-02T10:42:00,249,249,249,249,4
2026-09-02T07:43:00.000Z,2026-09-02T10:43:00,249,249,249,249,4
2026-09-02T07:44:00.000Z,2026-09-02T10:44:00,248.33,249,248.33,249,201
2026-09-02T07:45:00.000Z,2026-09-02T10:45:00,249,249,248.33,249,124
2026-09-02T07:46:00.000Z,2026-09-02T10:46:00,248.33,248.33,248.33,248.33,10
2026-09-02T07:47:00.000Z,2026-09-02T10:47:00,249,249,249,249,487
2026-09-02T07:48:00.000Z,2026-09-02T10:48:00,249.97,249.99,249.91,249.99,1046
2026-09-02T07:49:00.000Z,2026-09-02T10:49:00,249.98,249.98,249,249,573
2026-09-02T07:50:00.000Z,2026-09-02T10:50:00,249,249,249,249,12
2026-09-02T07:51:00.000Z,2026-09-02T10:51:00,249,249,248.5,248.5,64
2026-09-02T07:52:00.000Z,2026-09-02T10:52:00,248.5,249.98,248.5,249,712
2026-09-02T07:53:00.000Z,2026-09-02T10:53:00,249,250,249,250,2020
2026-09-02T07:54:00.000Z,2026-09-02T10:54:00,250,250.5,250,250.5,1000
2026-09-02T07:55:00.000Z,2026-09-02T10:55:00,250.49,251.49,250.49,251.49,1022
2026-09-02T07:56:00.000Z,2026-09-02T10:56:00,251.49,253,251,252,9976
2026-09-02T07:57:00.000Z,2026-09-02T10:57:00,252.95,253,252,253,4100
2026-09-02T07:58:00.000Z,2026-09-02T10:58:00,253,254,253,254,1181
2026-09-02T07:59:00.000Z,2026-09-02T10:59:00,254,254.23,252.09,253,432
2026-09-02T08:00:00.000Z,2026-09-02T11:00:00,252.25,253,252.25,253,125
2026-09-02T08:01:00.000Z,2026-09-02T11:01:00,253,253,252.3,252.3,249
2026-09-02T08:02:00.000Z,2026-09-02T11:02:00,252.3,252.94,252,252,10551
2026-09-02T08:03:00.000Z,2026-09-02T11:03:00,251.99,252,250.05,252,8873
2026-09-02T08:04:00.000Z,2026-09-02T11:04:00,250.06,250.06,249,249,2169
2026-09-02T08:05:00.000Z,2026-09-02T11:05:00,251,251,249,250.99,67
2026-09-02T08:06:00.000Z,2026-09-02T11:06:00,251,251.9,249,251.89,97
2026-09-02T08:07:00.000Z,2026-09-02T11:07:00,249.5,249.5,249.01,249.01,206
2026-09-02T08:08:00.000Z,2026-09-02T11:08:00,250.02,251.89,250.01,251.89,103
2026-09-02T08:09:00.000Z,2026-09-02T11:09:00,251,252,250.01,252,323
2026-09-02T08:10:00.000Z,2026-09-02T11:10:00,251.5,253,250,250,946
2026-09-02T08:11:00.000Z,2026-09-02T11:11:00,252,252,252,252,1005
2026-09-02T08:12:00.000Z,2026-09-02T11:12:00,250.66,252,250.66,252,192
2026-09-02T08:13:00.000Z,2026-09-02T11:13:00,250.55,250.55,250.55,250.55,56
2026-09-02T08:14:00.000Z,2026-09-02T11:14:00,251.01,251.01,251.01,251.01,30
2026-09-02T08:15:00.000Z,2026-09-02T11:15:00,252,252,252,252,155
2026-09-02T08:16:00.000Z,2026-09-02T11:16:00,251.99,252,251,251,490
2026-09-02T08:17:00.000Z,2026-09-02T11:17:00,251,251,250,250,387
2026-09-02T08:18:00.000Z,2026-09-02T11:18:00,250.01,250.01,250,250,2150
2026-09-02T08:19:00.000Z,2026-09-02T11:19:00,251,252,250.01,250.01,93
2026-09-02T08:20:00.000Z,2026-09-02T11:20:00,250.02,251.97,250.01,250.01,124
2026-09-02T08:21:00.000Z,2026-09-02T11:21:00,250.02,251.95,250.02,251.95,39
2026-09-02T08:22:00.000Z,2026-09-02T11:22:00,250.03,250.03,250.03,250.03,5
2026-09-02T08:23:00.000Z,2026-09-02T11:23:00,250.03,250.03,250.03,250.03,10
2026-09-02T08:24:00.000Z,2026-09-02T11:24:00,250.04,250.5,250.04,250.5,83
2026-09-02T08:25:00.000Z,2026-09-02T11:25:00,250.5,250.5,250.03,250.03,102
2026-09-02T08:26:00.000Z,2026-09-02T11:26:00,251.88,251.88,251.88,251.88,2
2026-09-02T08:27:00.000Z,2026-09-02T11:27:00,251.88,251.88,251.88,251.88,19
2026-09-02T08:28:00.000Z,2026-09-02T11:28:00,251.85,251.88,251.85,251.88,358
2026-09-02T08:29:00.000Z,2026-09-02T11:29:00,251.9,251.9,251.9,251.9,135
2026-09-02T08:30:00.000Z,2026-09-02T11:30:00,251.5,251.5,251.5,251.5,11
2026-09-02T08:31:00.000Z,2026-09-02T11:31:00,251.9,251.9,251.5,251.5,104
2026-09-02T08:32:00.000Z,2026-09-02T11:32:00,251.5,251.5,251.5,251.5,91
2026-09-02T08:33:00.000Z,2026-09-02T11:33:00,251.5,251.5,250,250.02,807
2026-09-02T08:34:00.000Z,2026-09-02T11:34:00,251.9,251.9,251.9,251.9,39
2026-09-02T08:35:00.000Z,2026-09-02T11:35:00,251,251.91,250.1,251.91,80
2026-09-02T08:36:00.000Z,2026-09-02T11:36:00,250.11,251.91,250.11,251.91,21
2026-09-02T08:37:00.000Z,2026-09-02T11:37:00,251.9,251.9,250.14,250.14,28
2026-09-02T08:38:00.000Z,2026-09-02T11:38:00,251.9,252,250.16,250.16,290
2026-09-02T08:39:00.000Z,2026-09-02T11:39:00,252,252,250.22,250.22,90
2026-09-02T08:40:00.000Z,2026-09-02T11:40:00,252,252,252,252,380
2026-09-02T08:41:00.000Z,2026-09-02T11:41:00,252,252,252,252,336
2026-09-02T08:42:00.000Z,2026-09-02T11:42:00,252,252,252,252,38
2026-09-02T08:43:00.000Z,2026-09-02T11:43:00,252,252.9,252,252,2252
2026-09-02T08:44:00.000Z,2026-09-02T11:44:00,252,253,252,253,1329
2026-09-02T08:46:00.000Z,2026-09-02T11:46:00,251.51,252.7,251.51,252.7,14
2026-09-02T08:48:00.000Z,2026-09-02T11:48:00,251.91,252.5,251.51,252.5,58
2026-09-02T08:49:00.000Z,2026-09-02T11:49:00,251.52,252.7,251.52,252.7,246
2026-09-02T08:50:00.000Z,2026-09-02T11:50:00,251.91,251.91,251.51,251.51,224
2026-09-02T08:51:00.000Z,2026-09-02T11:51:00,251.52,251.52,251.1,251.1,473
2026-09-02T08:52:00.000Z,2026-09-02T11:52:00,252.7,253,251.1,253,359
2026-09-02T08:55:00.000Z,2026-09-02T11:55:00,253,253.1,253,253.1,463
2026-09-02T08:56:00.000Z,2026-09-02T11:56:00,252.01,253.1,252.01,253.1,3
2026-09-02T08:57:00.000Z,2026-09-02T11:57:00,252.03,252.03,252.03,252.03,53
2026-09-02T08:58:00.000Z,2026-09-02T11:58:00,253,253,252,253,462
2026-09-02T08:59:00.000Z,2026-09-02T11:59:00,252.99,253,252,252,1226
2026-09-02T09:00:00.000Z,2026-09-02T12:00:00,252,254,252,254,2639
2026-09-02T09:01:00.000Z,2026-09-02T12:01:00,254,254,253,253,2109
2026-09-02T09:02:00.000Z,2026-09-02T12:02:00,253,253,252.5,252.5,89
2026-09-02T09:03:00.000Z,2026-09-02T12:03:00,253,253,253,253,9
2026-09-02T09:04:00.000Z,2026-09-02T12:04:00,253,253,253,253,2
2026-09-02T09:05:00.000Z,2026-09-02T12:05:00,252.5,253,252.5,252.5,1494
2026-09-02T09:06:00.000Z,2026-09-02T12:06:00,252.5,252.5,252.5,252.5,25
2026-09-02T09:07:00.000Z,2026-09-02T12:07:00,252.01,252.01,252,252,1682
2026-09-02T09:08:00.000Z,2026-09-02T12:08:00,251.51,252,251.51,252,2854
2026-09-02T09:09:00.000Z,2026-09-02T12:09:00,251.99,252.89,251.99,252.89,56
2026-09-02T09:10:00.000Z,2026-09-02T12:10:00,251.51,251.51,251.15,251.15,276
2026-09-02T09:11:00.000Z,2026-09-02T12:11:00,252.79,252.79,251.52,251.52,730
2026-09-02T09:12:00.000Z,2026-09-02T12:12:00,251.52,252,251.1,251.1,1848
2026-09-02T09:13:00.000Z,2026-09-02T12:13:00,251.99,251.99,251,251,224
2026-09-02T09:15:00.000Z,2026-09-02T12:15:00,250.22,250.99,249.02,250,3128
2026-09-02T09:16:00.000Z,2026-09-02T12:16:00,250,250,250,250,101
2026-09-02T09:17:00.000Z,2026-09-02T12:17:00,250.97,250.97,250,250,2096
2026-09-02T09:18:00.000Z,2026-09-02T12:18:00,249.5,249.99,246.01,249.99,6291
2026-09-02T09:22:00.000Z,2026-09-02T12:22:00,248.99,248.99,248.99,248.99,18
2026-09-02T09:23:00.000Z,2026-09-02T12:23:00,247,247,246.04,246.04,700
2026-09-02T09:24:00.000Z,2026-09-02T12:24:00,246.04,248.49,246.04,248.49,132
2026-09-02T09:25:00.000Z,2026-09-02T12:25:00,247.99,248,247.99,248,268
2026-09-02T09:26:00.000Z,2026-09-02T12:26:00,247.97,247.97,247,247.97,64
2026-09-02T09:27:00.000Z,2026-09-02T12:27:00,247.98,247.98,247,247,44
2026-09-02T09:28:00.000Z,2026-09-02T12:28:00,247,247,246.25,247,526
2026-09-02T09:29:00.000Z,2026-09-02T12:29:00,247,247,247,247,1250
2026-09-02T09:30:00.000Z,2026-09-02T12:30:00,247.1,247.1,247,247,3767
2026-09-02T09:31:00.000Z,2026-09-02T12:31:00,246.25,247,246.25,246.25,39
2026-09-02T09:32:00.000Z,2026-09-02T12:32:00,246.25,246.25,245.02,245.06,1771
2026-09-02T09:33:00.000Z,2026-09-02T12:33:00,245.08,247.97,245.05,247.97,1889
2026-09-02T09:36:00.000Z,2026-09-02T12:36:00,247,247,246.1,246.1,80
2026-09-02T09:38:00.000Z,2026-09-02T12:38:00,247,247.5,247,247.5,84
2026-09-02T09:41:00.000Z,2026-09-02T12:41:00,247.43,247.5,247.43,247.5,842
2026-09-02T09:43:00.000Z,2026-09-02T12:43:00,247.5,247.97,247.5,247.97,593
2026-09-02T09:44:00.000Z,2026-09-02T12:44:00,247.97,247.97,247.5,247.97,88
2026-09-02T09:45:00.000Z,2026-09-02T12:45:00,247.98,247.98,247.97,247.97,10
2026-09-02T09:46:00.000Z,2026-09-02T12:46:00,247.97,247.97,247,247,359
2026-09-02T09:47:00.000Z,2026-09-02T12:47:00,247,249,247,249,5008
2026-09-02T09:49:00.000Z,2026-09-02T12:49:00,248.99,248.99,248.99,248.99,7
2026-09-02T09:50:00.000Z,2026-09-02T12:50:00,247,247,246.5,246.5,118
2026-09-02T09:51:00.000Z,2026-09-02T12:51:00,246.5,246.5,246.5,246.5,500
2026-09-02T09:52:00.000Z,2026-09-02T12:52:00,246.5,246.5,246.01,246.01,2014
2026-09-02T09:53:00.000Z,2026-09-02T12:53:00,246.5,246.5,246.5,246.5,6
2026-09-02T09:54:00.000Z,2026-09-02T12:54:00,246.5,246.5,246,246,3837
2026-09-02T09:55:00.000Z,2026-09-02T12:55:00,246,246,246,246,1921
2026-09-02T09:56:00.000Z,2026-09-02T12:56:00,246,246.5,246,246.5,2667
2026-09-02T09:57:00.000Z,2026-09-02T12:57:00,246.5,246.5,246.5,246.5,87
2026-09-02T09:59:00.000Z,2026-09-02T12:59:00,247,248.88,247,248.88,206
2026-09-02T10:00:00.000Z,2026-09-02T13:00:00,246.5,246.5,246.5,246.5,101
2026-09-02T10:01:00.000Z,2026-09-02T13:01:00,248.78,248.78,248.78,248.78,1
2026-09-02T10:02:00.000Z,2026-09-02T13:02:00,248.78,248.78,248.78,248.78,50
2026-09-02T10:04:00.000Z,2026-09-02T13:04:00,246.5,246.5,246.5,246.5,100
2026-09-02T10:05:00.000Z,2026-09-02T13:05:00,248.76,248.76,248.74,248.74,7
2026-09-02T10:06:00.000Z,2026-09-02T13:06:00,248.74,248.74,246.5,246.5,51
2026-09-02T10:08:00.000Z,2026-09-02T13:08:00,248.49,248.49,248.49,248.49,8
2026-09-02T10:09:00.000Z,2026-09-02T13:09:00,248.5,248.5,248.5,248.5,408
2026-09-02T10:10:00.000Z,2026-09-02T13:10:00,246.5,246.5,246.5,246.5,2
2026-09-02T10:11:00.000Z,2026-09-02T13:11:00,248.43,248.43,248.43,248.43,8
2026-09-02T10:13:00.000Z,2026-09-02T13:13:00,246.5,246.5,246.5,246.5,16
2026-09-02T10:14:00.000Z,2026-09-02T13:14:00,246.5,246.5,246.01,246.01,140
2026-09-02T10:15:00.000Z,2026-09-02T13:15:00,246.55,248.38,246.01,246.01,53
2026-09-02T10:16:00.000Z,2026-09-02T13:16:00,247.99,247.99,247.99,247.99,13
2026-09-02T10:17:00.000Z,2026-09-02T13:17:00,246.5,246.5,246.5,246.5,20
2026-09-02T10:18:00.000Z,2026-09-02T13:18:00,247.98,247.98,247.98,247.98,5
2026-09-02T10:19:00.000Z,2026-09-02T13:19:00,246.1,246.1,246.1,246.1,200
2026-09-02T10:20:00.000Z,2026-09-02T13:20:00,247.96,247.96,246.01,246.01,34
2026-09-02T10:21:00.000Z,2026-09-02T13:21:00,246.1,246.1,246.01,246.01,750
2026-09-02T10:22:00.000Z,2026-09-02T13:22:00,247.85,247.85,247.85,247.85,10
2026-09-02T10:24:00.000Z,2026-09-02T13:24:00,246.1,246.1,246.1,246.1,272
2026-09-02T10:25:00.000Z,2026-09-02T13:25:00,246.01,246.01,245.5,245.5,931
2026-09-02T10:26:00.000Z,2026-09-02T13:26:00,246,246,245.01,245.01,3000
2026-09-02T10:27:00.000Z,2026-09-02T13:27:00,245.5,245.5,245.5,245.5,100
2026-09-02T10:28:00.000Z,2026-09-02T13:28:00,245.02,245.02,245.02,245.02,56
2026-09-02T10:30:00.000Z,2026-09-02T13:30:00,245.02,245.5,245.02,245.5,772
2026-09-02T10:31:00.000Z,2026-09-02T13:31:00,245.06,246.93,245.03,246.89,626
2026-09-02T10:33:00.000Z,2026-09-02T13:33:00,245.5,246.88,245.04,246.88,100
2026-09-02T10:35:00.000Z,2026-09-02T13:35:00,245.04,246.87,245.04,246.87,2200
2026-09-02T10:36:00.000Z,2026-09-02T13:36:00,245.04,245.04,245.04,245.04,150
2026-09-02T10:37:00.000Z,2026-09-02T13:37:00,246.1,246.88,246.1,246.88,200
2026-09-02T10:38:00.000Z,2026-09-02T13:38:00,246.87,246.87,245.03,245.03,537
2026-09-02T10:39:00.000Z,2026-09-02T13:39:00,246.87,246.87,246.87,246.87,36
2026-09-02T10:41:00.000Z,2026-09-02T13:41:00,245.04,246.84,245.03,246.84,203
2026-09-02T10:42:00.000Z,2026-09-02T13:42:00,246.84,246.85,245.03,246.85,4803
2026-09-02T10:43:00.000Z,2026-09-02T13:43:00,246,246,246,246,20
2026-09-02T10:44:00.000Z,2026-09-02T13:44:00,246.83,249.87,246.01,246.01,5060
2026-09-02T10:45:00.000Z,2026-09-02T13:45:00,246.51,246.51,246.51,246.51,200
2026-09-02T10:49:00.000Z,2026-09-02T13:49:00,249,249,249,249,1
2026-09-02T10:50:00.000Z,2026-09-02T13:50:00,248.99,249,248.99,249,190
2026-09-02T10:52:00.000Z,2026-09-02T13:52:00,248.8,248.8,248.5,248.5,15
2026-09-02T10:53:00.000Z,2026-09-02T13:53:00,248.5,249,247.03,249,284
2026-09-02T10:55:00.000Z,2026-09-02T13:55:00,247.03,247.03,247.03,247.03,6
2026-09-02T10:56:00.000Z,2026-09-02T13:56:00,249,249,249,249,654
2026-09-02T10:58:00.000Z,2026-09-02T13:58:00,248.98,248.99,248.98,248.99,148
2026-09-02T10:59:00.000Z,2026-09-02T13:59:00,247.56,247.56,247.56,247.56,208
2026-09-02T11:00:00.000Z,2026-09-02T14:00:00,247.5,247.5,246.9,246.9,160
2026-09-02T11:01:00.000Z,2026-09-02T14:01:00,246.9,248.5,246.9,248.5,161
2026-09-02T11:02:00.000Z,2026-09-02T14:02:00,246.9,246.9,246.7,246.7,100
2026-09-02T11:04:00.000Z,2026-09-02T14:04:00,247,247,246.7,246.7,315
2026-09-02T11:05:00.000Z,2026-09-02T14:05:00,247,247,247,247,27
2026-09-02T11:06:00.000Z,2026-09-02T14:06:00,246.71,246.71,246.71,246.71,189
2026-09-02T11:07:00.000Z,2026-09-02T14:07:00,247,247,246,246,1020
2026-09-02T11:08:00.000Z,2026-09-02T14:08:00,246,248.99,245.3,245.31,644
2026-09-02T11:09:00.000Z,2026-09-02T14:09:00,248.49,248.49,248.49,248.49,31
2026-09-02T11:10:00.000Z,2026-09-02T14:10:00,248.2,248.5,248.2,248.5,1037
2026-09-02T11:11:00.000Z,2026-09-02T14:11:00,248.5,248.5,248.5,248.5,4
2026-09-02T11:12:00.000Z,2026-09-02T14:12:00,248.49,248.5,248.49,248.5,16
2026-09-02T11:13:00.000Z,2026-09-02T14:13:00,246.52,246.52,246.52,246.52,6
2026-09-02T11:14:00.000Z,2026-09-02T14:14:00,246.52,246.52,245.4,245.4,313
2026-09-02T11:25:00.000Z,2026-09-02T14:25:00,243,243,243,243,5409
2026-09-02T11:27:00.000Z,2026-09-02T14:27:00,243,243,243,243,192
2026-09-03T07:01:00.000Z,2026-09-03T10:01:00,245.1,248,245.1,247.98,392
2026-09-03T07:02:00.000Z,2026-09-03T10:02:00,247.49,247.49,245.1,247.39,155
2026-09-03T07:04:00.000Z,2026-09-03T10:04:00,246.49,246.49,246.49,246.49,3
2026-09-03T07:05:00.000Z,2026-09-03T10:05:00,245.11,245.11,244,244,401
2026-09-03T07:07:00.000Z,2026-09-03T10:07:00,245,245.7,245,245,64
2026-09-03T07:08:00.000Z,2026-09-03T10:08:00,245.4,245.4,245,245,3
2026-09-03T07:09:00.000Z,2026-09-03T10:09:00,245.4,245.4,245,245,163
2026-09-03T07:10:00.000Z,2026-09-03T10:10:00,245.39,245.39,245.39,245.39,6
2026-09-03T07:12:00.000Z,2026-09-03T10:12:00,245.3,245.4,245.3,245.4,203
2026-09-03T07:14:00.000Z,2026-09-03T10:14:00,245.4,245.7,244.11,245.7,152
2026-09-03T07:15:00.000Z,2026-09-03T10:15:00,245.7,247,245.7,247,14
2026-09-03T07:16:00.000Z,2026-09-03T10:16:00,244.2,244.2,244.11,244.11,9
2026-09-03T07:17:00.000Z,2026-09-03T10:17:00,246.99,246.99,244.13,244.13,118
2026-09-03T07:19:00.000Z,2026-09-03T10:19:00,247,247,247,247,64
2026-09-03T07:20:00.000Z,2026-09-03T10:20:00,244.16,244.16,244.16,244.16,3
2026-09-03T07:21:00.000Z,2026-09-03T10:21:00,245,245,244,244,820
2026-09-03T07:24:00.000Z,2026-09-03T10:24:00,246,246,246,246,96
2026-09-03T07:25:00.000Z,2026-09-03T10:25:00,244.01,246,243.12,246,771
2026-09-03T07:26:00.000Z,2026-09-03T10:26:00,246.2,246.9,246.2,246.9,479
2026-09-03T07:27:00.000Z,2026-09-03T10:27:00,246.9,246.9,246.2,246.2,10
2026-09-03T07:28:00.000Z,2026-09-03T10:28:00,246.2,246.9,246,246.9,821
2026-09-03T07:29:00.000Z,2026-09-03T10:29:00,246.9,246.9,246,246,295
2026-09-03T07:30:00.000Z,2026-09-03T10:30:00,246,246,246,246,3
2026-09-03T07:31:00.000Z,2026-09-03T10:31:00,246,247.95,246,247.95,1508
2026-09-03T07:32:00.000Z,2026-09-03T10:32:00,247.95,248.99,245.52,245.52,55
2026-09-03T07:33:00.000Z,2026-09-03T10:33:00,245.53,248.89,245.53,248.89,172
2026-09-03T07:34:00.000Z,2026-09-03T10:34:00,246.03,246.03,246.03,246.03,43
2026-09-03T07:35:00.000Z,2026-09-03T10:35:00,248.5,248.5,248.5,248.5,18
2026-09-03T07:38:00.000Z,2026-09-03T10:38:00,246.01,246.01,246.01,246.01,4
2026-09-03T07:39:00.000Z,2026-09-03T10:39:00,246.01,246.01,245.6,245.6,59
2026-09-03T07:40:00.000Z,2026-09-03T10:40:00,245.6,248,245.6,248,22
2026-09-03T07:42:00.000Z,2026-09-03T10:42:00,247.9,247.9,247.5,247.5,115
2026-09-03T07:43:00.000Z,2026-09-03T10:43:00,247.5,247.5,247.5,247.5,50
2026-09-03T07:44:00.000Z,2026-09-03T10:44:00,247.9,248.5,247.5,248,1113
2026-09-03T07:45:00.000Z,2026-09-03T10:45:00,247.5,247.5,247.5,247.5,12
2026-09-03T07:46:00.000Z,2026-09-03T10:46:00,247.5,247.5,247.5,247.5,8
2026-09-03T07:47:00.000Z,2026-09-03T10:47:00,247.5,247.5,247.5,247.5,10
2026-09-03T07:48:00.000Z,2026-09-03T10:48:00,247.95,247.95,246,246,59
2026-09-03T07:49:00.000Z,2026-09-03T10:49:00,248,248.5,248,248.5,403
2026-09-03T07:50:00.000Z,2026-09-03T10:50:00,246.03,246.03,246.03,246.03,3
2026-09-03T07:51:00.000Z,2026-09-03T10:51:00,246.5,246.5,246.5,246.5,40
2026-09-03T07:53:00.000Z,2026-09-03T10:53:00,246.5,248.4,246.03,248.4,32
2026-09-03T07:54:00.000Z,2026-09-03T10:54:00,246.1,248.4,246.1,248.4,1065
2026-09-03T07:55:00.000Z,2026-09-03T10:55:00,247,248.39,246.11,248.3,300
2026-09-03T07:56:00.000Z,2026-09-03T10:56:00,248.3,248.4,246.2,246.2,38
2026-09-03T07:59:00.000Z,2026-09-03T10:59:00,246.3,247.99,246.3,247.99,101
2026-09-03T08:00:00.000Z,2026-09-03T11:00:00,246.5,246.5,246.5,246.5,27
2026-09-03T08:01:00.000Z,2026-09-03T11:01:00,246.5,246.5,246.5,246.5,61
2026-09-03T08:02:00.000Z,2026-09-03T11:02:00,246.55,246.55,246.55,246.55,100
2026-09-03T08:06:00.000Z,2026-09-03T11:06:00,247.98,247.98,247.98,247.98,55
2026-09-03T08:08:00.000Z,2026-09-03T11:08:00,247.97,247.98,247.97,247.98,21
2026-09-03T08:09:00.000Z,2026-09-03T11:09:00,247.98,248.3,247.97,248.3,313
2026-09-03T08:10:00.000Z,2026-09-03T11:10:00,248.3,248.4,248.3,248.4,43
2026-09-03T08:11:00.000Z,2026-09-03T11:11:00,248.4,248.4,248.4,248.4,10
2026-09-03T08:12:00.000Z,2026-09-03T11:12:00,246.61,246.62,246.61,246.62,38
2026-09-03T08:13:00.000Z,2026-09-03T11:13:00,246.62,249,246.62,249,2848
2026-09-03T08:14:00.000Z,2026-09-03T11:14:00,246.62,246.62,246.62,246.62,20
2026-09-03T08:18:00.000Z,2026-09-03T11:18:00,247.1,247.99,247.1,247.99,46
2026-09-03T08:21:00.000Z,2026-09-03T11:21:00,247.99,247.99,247.1,247.1,7
2026-09-03T08:23:00.000Z,2026-09-03T11:23:00,247.98,247.98,247.1,247.1,198
2026-09-03T08:24:00.000Z,2026-09-03T11:24:00,247.98,247.98,247.98,247.98,20
2026-09-03T08:26:00.000Z,2026-09-03T11:26:00,246.7,246.7,246.65,246.65,161
2026-09-03T08:29:00.000Z,2026-09-03T11:29:00,247,247,247,247,24
2026-09-03T08:30:00.000Z,2026-09-03T11:30:00,247,247,247,247,1
2026-09-03T08:33:00.000Z,2026-09-03T11:33:00,246.62,247,246.62,247,45
2026-09-03T08:36:00.000Z,2026-09-03T11:36:00,247,247,247,247,26
2026-09-03T08:37:00.000Z,2026-09-03T11:37:00,246.5,246.5,244.1,244.1,1791
2026-09-03T08:38:00.000Z,2026-09-03T11:38:00,245,245,245,245,105
2026-09-03T08:39:00.000Z,2026-09-03T11:39:00,246,246,245,245,12
2026-09-03T08:40:00.000Z,2026-09-03T11:40:00,245,245,245,245,358
2026-09-03T08:42:00.000Z,2026-09-03T11:42:00,245.8,245.8,245.8,245.8,58
2026-09-03T08:43:00.000Z,2026-09-03T11:43:00,245.5,245.5,245.5,245.5,85
2026-09-03T08:44:00.000Z,2026-09-03T11:44:00,245,245,245,245,154
2026-09-03T08:45:00.000Z,2026-09-03T11:45:00,245.79,245.79,245,245,225
2026-09-03T08:46:00.000Z,2026-09-03T11:46:00,245,245,244,244.99,1598
2026-09-03T08:47:00.000Z,2026-09-03T11:47:00,244.99,244.99,244.99,244.99,31
2026-09-03T08:48:00.000Z,2026-09-03T11:48:00,244,244,244,244,316
2026-09-03T08:49:00.000Z,2026-09-03T11:49:00,244,244.99,244,244.99,51
2026-09-03T08:50:00.000Z,2026-09-03T11:50:00,244.8,244.99,244.8,244.99,43
2026-09-03T08:53:00.000Z,2026-09-03T11:53:00,244.8,244.99,244.8,244.99,233
2026-09-03T08:55:00.000Z,2026-09-03T11:55:00,244.9,244.9,244.9,244.9,75
2026-09-03T08:56:00.000Z,2026-09-03T11:56:00,244.9,244.9,244.89,244.89,51
2026-09-03T08:57:00.000Z,2026-09-03T11:57:00,244.89,244.99,244.89,244.99,105
2026-09-03T08:58:00.000Z,2026-09-03T11:58:00,244.05,244.99,244,244,1109
2026-09-03T08:59:00.000Z,2026-09-03T11:59:00,244,244,243,243,3803
2026-09-03T09:00:00.000Z,2026-09-03T12:00:00,244.1,244.8,244.1,244.8,117
2026-09-03T09:01:00.000Z,2026-09-03T12:01:00,244.79,244.79,244.79,244.79,10
2026-09-03T09:02:00.000Z,2026-09-03T12:02:00,244.1,244.69,243.25,243.25,225
2026-09-03T09:03:00.000Z,2026-09-03T12:03:00,243.26,243.26,243.26,243.26,40
2026-09-03T09:05:00.000Z,2026-09-03T12:05:00,244,244,243.25,243.25,223
2026-09-03T09:08:00.000Z,2026-09-03T12:08:00,243.25,243.25,243.25,243.25,15
2026-09-03T09:09:00.000Z,2026-09-03T12:09:00,244,244,244,244,15
2026-09-03T09:11:00.000Z,2026-09-03T12:11:00,243.25,243.25,243,243,3257
2026-09-03T09:12:00.000Z,2026-09-03T12:12:00,243,243,242.26,242.26,217
2026-09-03T09:13:00.000Z,2026-09-03T12:13:00,242.27,242.27,242.27,242.27,50
2026-09-03T09:15:00.000Z,2026-09-03T12:15:00,242.4,242.46,242.4,242.46,250
2026-09-03T09:17:00.000Z,2026-09-03T12:17:00,243.9,243.9,243,243.9,760
2026-09-03T09:18:00.000Z,2026-09-03T12:18:00,243.9,243.9,243.85,243.85,71
2026-09-03T09:19:00.000Z,2026-09-03T12:19:00,243,243,242.47,242.47,255
2026-09-03T09:20:00.000Z,2026-09-03T12:20:00,243.8,243.8,243.8,243.8,2
2026-09-03T09:22:00.000Z,2026-09-03T12:22:00,242.51,242.51,242.51,242.51,1
2026-09-03T09:23:00.000Z,2026-09-03T12:23:00,243.5,243.5,243.5,243.5,12
2026-09-03T09:25:00.000Z,2026-09-03T12:25:00,243.5,243.5,243.5,243.5,121
2026-09-03T09:26:00.000Z,2026-09-03T12:26:00,243.5,243.5,243.5,243.5,60
2026-09-03T09:27:00.000Z,2026-09-03T12:27:00,243,243.5,243,243.5,66
2026-09-03T09:28:00.000Z,2026-09-03T12:28:00,242.62,243.5,242.62,243.5,104
2026-09-03T09:29:00.000Z,2026-09-03T12:29:00,243.5,243.5,243.5,243.5,37
2026-09-03T09:30:00.000Z,2026-09-03T12:30:00,242.66,243.5,242.5,243.5,1866
2026-09-03T09:32:00.000Z,2026-09-03T12:32:00,243,243,243,243,82
2026-09-03T09:33:00.000Z,2026-09-03T12:33:00,243,243.45,243,243.45,116
2026-09-03T09:34:00.000Z,2026-09-03T12:34:00,243,243,243,243,187
2026-09-03T09:35:00.000Z,2026-09-03T12:35:00,243,243,243,243,226
2026-09-03T09:36:00.000Z,2026-09-03T12:36:00,243,243.3,242.5,242.5,836
2026-09-03T09:38:00.000Z,2026-09-03T12:38:00,243.3,243.3,242.6,242.6,50
2026-09-03T09:39:00.000Z,2026-09-03T12:39:00,242.6,242.6,242.51,242.51,49
2026-09-03T09:41:00.000Z,2026-09-03T12:41:00,243.3,243.3,242.5,242.5,484
2026-09-03T09:42:00.000Z,2026-09-03T12:42:00,243,243.29,242.25,243.29,2466
2026-09-03T09:43:00.000Z,2026-09-03T12:43:00,242.26,242.26,242.25,242.25,87
2026-09-03T09:44:00.000Z,2026-09-03T12:44:00,243.3,243.3,243.3,243.3,5
2026-09-03T09:45:00.000Z,2026-09-03T12:45:00,243.3,243.3,242.25,243.3,70
2026-09-03T09:46:00.000Z,2026-09-03T12:46:00,243.29,243.29,243.29,243.29,3
2026-09-03T09:48:00.000Z,2026-09-03T12:48:00,242.25,242.25,242,242,710
2026-09-03T09:49:00.000Z,2026-09-03T12:49:00,242,243,242,243,103
2026-09-03T09:53:00.000Z,2026-09-03T12:53:00,241.9,241.9,241.9,241.9,118
2026-09-03T09:55:00.000Z,2026-09-03T12:55:00,242,242,241.9,241.9,20
2026-09-03T09:57:00.000Z,2026-09-03T12:57:00,243,243,243,243,6
2026-09-03T09:58:00.000Z,2026-09-03T12:58:00,242.6,243,242.6,243,16
2026-09-03T10:00:00.000Z,2026-09-03T13:00:00,242.6,242.6,242.6,242.6,2
2026-09-03T10:01:00.000Z,2026-09-03T13:01:00,242.6,243,242.6,243,23
2026-09-03T10:03:00.000Z,2026-09-03T13:03:00,242.6,243,242.6,243,9
2026-09-03T10:04:00.000Z,2026-09-03T13:04:00,243,243,243,243,6
2026-09-03T10:05:00.000Z,2026-09-03T13:05:00,242.6,243,242.6,243,33
2026-09-03T10:06:00.000Z,2026-09-03T13:06:00,243,243,243,243,65
2026-09-03T10:07:00.000Z,2026-09-03T13:07:00,243,243,243,243,14
2026-09-03T10:08:00.000Z,2026-09-03T13:08:00,242.6,242.6,242.6,242.6,400
2026-09-03T10:09:00.000Z,2026-09-03T13:09:00,242.6,242.6,242.6,242.6,9
2026-09-03T10:10:00.000Z,2026-09-03T13:10:00,242.6,243.87,242.6,243.87,751
2026-09-03T10:11:00.000Z,2026-09-03T13:11:00,243.86,243.86,243.74,243.74,97
2026-09-03T10:12:00.000Z,2026-09-03T13:12:00,243.74,243.74,243.74,243.74,100
2026-09-03T10:14:00.000Z,2026-09-03T13:14:00,242,242,242,242,1
2026-09-03T10:15:00.000Z,2026-09-03T13:15:00,243,243,242,242,172
2026-09-03T10:17:00.000Z,2026-09-03T13:17:00,242,242,242,242,300
2026-09-03T10:18:00.000Z,2026-09-03T13:18:00,243,243,242,242,12
2026-09-03T10:19:00.000Z,2026-09-03T13:19:00,242.01,242.01,241,241,1878
2026-09-03T10:20:00.000Z,2026-09-03T13:20:00,241.43,241.43,241.43,241.43,100
2026-09-03T10:21:00.000Z,2026-09-03T13:21:00,242.99,242.99,242.99,242.99,11
2026-09-03T10:22:00.000Z,2026-09-03T13:22:00,241.5,243,241.5,243,66
2026-09-03T10:23:00.000Z,2026-09-03T13:23:00,243,243,243,243,68
2026-09-03T10:25:00.000Z,2026-09-03T13:25:00,243.5,243.5,243.5,243.5,1
2026-09-03T10:26:00.000Z,2026-09-03T13:26:00,243.5,243.5,243.5,243.5,99
2026-09-03T10:27:00.000Z,2026-09-03T13:27:00,243.8,243.9,243.78,243.78,1346
2026-09-03T10:28:00.000Z,2026-09-03T13:28:00,243.9,243.9,243.9,243.9,164
2026-09-03T10:29:00.000Z,2026-09-03T13:29:00,243.9,243.9,243.9,243.9,10
2026-09-03T10:32:00.000Z,2026-09-03T13:32:00,243.9,243.9,243.9,243.9,288
2026-09-03T10:35:00.000Z,2026-09-03T13:35:00,243.9,243.9,243.9,243.9,207
2026-09-03T10:37:00.000Z,2026-09-03T13:37:00,243,243,243,243,15
2026-09-03T10:38:00.000Z,2026-09-03T13:38:00,242.13,242.13,242.13,242.13,7
2026-09-03T10:39:00.000Z,2026-09-03T13:39:00,243.75,243.75,243.75,243.75,216
2026-09-03T10:40:00.000Z,2026-09-03T13:40:00,245.7,245.88,245.7,245.88,207
2026-09-03T10:43:00.000Z,2026-09-03T13:43:00,245.74,245.87,245.74,245.87,831
2026-09-03T10:46:00.000Z,2026-09-03T13:46:00,245.74,245.74,245.74,245.74,178
2026-09-03T10:47:00.000Z,2026-09-03T13:47:00,245.74,245.74,245.74,245.74,1
2026-09-03T10:48:00.000Z,2026-09-03T13:48:00,244,244,242.35,242.35,100
2026-09-03T10:51:00.000Z,2026-09-03T13:51:00,242.52,242.52,242.52,242.52,1
2026-09-03T10:54:00.000Z,2026-09-03T13:54:00,244,244,244,244,20
2026-09-03T10:55:00.000Z,2026-09-03T13:55:00,243,243,242.55,242.55,270
2026-09-03T10:56:00.000Z,2026-09-03T13:56:00,242.55,242.55,242.55,242.55,25
2026-09-03T10:58:00.000Z,2026-09-03T13:58:00,244,245,244,244.99,365
2026-09-03T10:59:00.000Z,2026-09-03T13:59:00,244.99,244.99,244.99,244.99,2
2026-09-03T11:00:00.000Z,2026-09-03T14:00:00,243.01,243.01,243,243,1000
2026-09-03T11:01:00.000Z,2026-09-03T14:01:00,244,244,244,244,15
2026-09-03T11:02:00.000Z,2026-09-03T14:02:00,243.02,243.02,243.02,243.02,85
2026-09-03T11:05:00.000Z,2026-09-03T14:05:00,243.1,244.93,243.03,244.93,1360
2026-09-03T11:07:00.000Z,2026-09-03T14:07:00,243.05,243.05,243.05,243.05,25
2026-09-03T11:08:00.000Z,2026-09-03T14:08:00,243.05,244.49,243.04,244.49,820
2026-09-03T11:10:00.000Z,2026-09-03T14:10:00,244,244.39,244,244.39,720
2026-09-03T11:11:00.000Z,2026-09-03T14:11:00,243.08,243.08,243,243,900
2026-09-03T11:12:00.000Z,2026-09-03T14:12:00,244.49,247.9,244.49,247.89,4117
2026-09-03T11:13:00.000Z,2026-09-03T14:13:00,247.89,247.89,247.89,247.89,3
2026-09-03T11:14:00.000Z,2026-09-03T14:14:00,247,247,243.28,246.97,59
2026-09-03T11:15:00.000Z,2026-09-03T14:15:00,246.97,246.97,246.97,246.97,25
2026-09-03T11:25:00.000Z,2026-09-03T14:25:00,248.4,248.4,248.4,248.4,4295
2026-09-03T11:26:00.000Z,2026-09-03T14:26:00,248.4,248.4,248.4,248.4,30
2026-09-03T11:27:00.000Z,2026-09-03T14:27:00,248.4,248.4,248.4,248.4,40
2026-09-06T07:00:00.000Z,2026-09-06T10:00:00,248.5,248.6,248,248.6,1559
2026-09-06T07:01:00.000Z,2026-09-06T10:01:00,248.6,249,246.11,246.11,1088
2026-09-06T07:02:00.000Z,2026-09-06T10:02:00,246.11,248,245.11,245.11,55
2026-09-06T07:03:00.000Z,2026-09-06T10:03:00,248,248,248,248,16
2026-09-06T07:04:00.000Z,2026-09-06T10:04:00,248,248,245.11,245.11,246
2026-09-06T07:05:00.000Z,2026-09-06T10:05:00,247.5,247.5,245.11,245.11,17
2026-09-06T07:06:00.000Z,2026-09-06T10:06:00,245.11,247.5,245.11,245.11,497
2026-09-06T07:07:00.000Z,2026-09-06T10:07:00,245.5,247.3,245.5,247.3,282
2026-09-06T07:08:00.000Z,2026-09-06T10:08:00,245.11,247.3,245.11,247.3,19
2026-09-06T07:09:00.000Z,2026-09-06T10:09:00,245.11,247,245.11,245.11,371
2026-09-06T07:10:00.000Z,2026-09-06T10:10:00,245.11,245.11,245,245,473
2026-09-06T07:11:00.000Z,2026-09-06T10:11:00,247,247,244.05,247,550
2026-09-06T07:12:00.000Z,2026-09-06T10:12:00,246.9,246.9,244.05,244.05,232
2026-09-06T07:13:00.000Z,2026-09-06T10:13:00,246.9,246.9,244,244,222
2026-09-06T07:14:00.000Z,2026-09-06T10:14:00,245,245,244,244,108
2026-09-06T07:15:00.000Z,2026-09-06T10:15:00,245,245,244,244,63
2026-09-06T07:16:00.000Z,2026-09-06T10:16:00,245,245,244,244,35
2026-09-06T07:17:00.000Z,2026-09-06T10:17:00,244.02,245,244.01,244.01,110
2026-09-06T07:18:00.000Z,2026-09-06T10:18:00,244.02,244.02,244.01,244.02,163
2026-09-06T07:19:00.000Z,2026-09-06T10:19:00,245,245,244.02,244.02,231
2026-09-06T07:20:00.000Z,2026-09-06T10:20:00,245,245,245,245,3
2026-09-06T07:21:00.000Z,2026-09-06T10:21:00,244.11,244.2,244.1,244.2,656
2026-09-06T07:22:00.000Z,2026-09-06T10:22:00,244.2,247,244.2,247,594
2026-09-06T07:23:00.000Z,2026-09-06T10:23:00,247,247,244,244,227
2026-09-06T07:24:00.000Z,2026-09-06T10:24:00,244.1,244.1,244.1,244.1,66
2026-09-06T07:25:00.000Z,2026-09-06T10:25:00,246.5,246.5,244,244,757
2026-09-06T07:26:00.000Z,2026-09-06T10:26:00,244.01,245,244.01,245,11
2026-09-06T07:27:00.000Z,2026-09-06T10:27:00,245,246.5,244,244,192
2026-09-06T07:28:00.000Z,2026-09-06T10:28:00,246.3,246.3,244.1,246.3,95
2026-09-06T07:29:00.000Z,2026-09-06T10:29:00,246.3,246.3,246.3,246.3,8
2026-09-06T07:30:00.000Z,2026-09-06T10:30:00,244.11,244.11,244.11,244.11,22
2026-09-06T07:31:00.000Z,2026-09-06T10:31:00,246,246.49,246,246.49,231
2026-09-06T07:32:00.000Z,2026-09-06T10:32:00,246.49,246.5,246,246.5,157
2026-09-06T07:33:00.000Z,2026-09-06T10:33:00,246.5,246.5,244.12,246.5,142
2026-09-06T07:34:00.000Z,2026-09-06T10:34:00,245.02,245.02,245.02,245.02,2
2026-09-06T07:35:00.000Z,2026-09-06T10:35:00,245.03,246.5,245.02,245.02,753
2026-09-06T07:36:00.000Z,2026-09-06T10:36:00,245.02,246.49,245.02,245.02,254
2026-09-06T07:37:00.000Z,2026-09-06T10:37:00,246.49,246.49,246.49,246.49,23
2026-09-06T07:38:00.000Z,2026-09-06T10:38:00,246.49,246.5,245.26,245.26,548
2026-09-06T07:39:00.000Z,2026-09-06T10:39:00,245.26,245.26,245.26,245.26,135
2026-09-06T07:41:00.000Z,2026-09-06T10:41:00,246.5,246.5,246.5,246.5,3
2026-09-06T07:42:00.000Z,2026-09-06T10:42:00,246.49,246.49,246.49,246.49,12
2026-09-06T07:43:00.000Z,2026-09-06T10:43:00,245.26,246.5,245.26,245.26,125
2026-09-06T07:44:00.000Z,2026-09-06T10:44:00,245.26,245.26,245.25,245.25,600
2026-09-06T07:46:00.000Z,2026-09-06T10:46:00,245.25,245.25,245.25,245.25,9
2026-09-06T07:47:00.000Z,2026-09-06T10:47:00,245.25,245.25,245.01,245.01,845
2026-09-06T07:48:00.000Z,2026-09-06T10:48:00,245.01,246,245.01,246,101
2026-09-06T07:49:00.000Z,2026-09-06T10:49:00,246,246.48,245.01,246.48,108
2026-09-06T07:50:00.000Z,2026-09-06T10:50:00,245.01,246.48,245.01,245.01,10
2026-09-06T07:51:00.000Z,2026-09-06T10:51:00,245.09,245.09,245.09,245.09,12
2026-09-06T07:52:00.000Z,2026-09-06T10:52:00,246.46,246.47,246.46,246.47,44
2026-09-06T07:53:00.000Z,2026-09-06T10:53:00,245.11,246,245.09,246,44
2026-09-06T07:54:00.000Z,2026-09-06T10:54:00,246,246,245.09,245.09,13
2026-09-06T07:55:00.000Z,2026-09-06T10:55:00,245.09,245.09,244.44,245,1848
2026-09-06T07:56:00.000Z,2026-09-06T10:56:00,245,245,244.2,244.2,205
2026-09-06T07:57:00.000Z,2026-09-06T10:57:00,244.2,245,244.2,245,1035
2026-09-06T07:58:00.000Z,2026-09-06T10:58:00,245,245,245,245,11
2026-09-06T07:59:00.000Z,2026-09-06T10:59:00,245,245.9,244.2,244.2,163
2026-09-06T08:00:00.000Z,2026-09-06T11:00:00,244.2,245.9,244.2,244.2,117
2026-09-06T08:01:00.000Z,2026-09-06T11:01:00,244.13,245.9,244.13,245.9,103
2026-09-06T08:02:00.000Z,2026-09-06T11:02:00,244.2,245.9,244.2,245.9,24
2026-09-06T08:03:00.000Z,2026-09-06T11:03:00,245.9,245.9,245.9,245.9,26
2026-09-06T08:05:00.000Z,2026-09-06T11:05:00,244.91,244.91,244.91,244.91,44
2026-09-06T08:07:00.000Z,2026-09-06T11:07:00,245.09,245.9,245.09,245.9,18
2026-09-06T08:08:00.000Z,2026-09-06T11:08:00,245.09,245.9,245.09,245.9,16
2026-09-06T08:09:00.000Z,2026-09-06T11:09:00,245.09,245.09,244.92,244.92,57
2026-09-06T08:12:00.000Z,2026-09-06T11:12:00,244.95,244.95,244.95,244.95,40
2026-09-06T08:13:00.000Z,2026-09-06T11:13:00,245,245.09,244.95,244.95,7
2026-09-06T08:14:00.000Z,2026-09-06T11:14:00,244.95,244.95,244.92,244.92,271
2026-09-06T08:16:00.000Z,2026-09-06T11:16:00,244.92,244.92,244.92,244.92,8
2026-09-06T08:17:00.000Z,2026-09-06T11:17:00,244.2,244.2,244.2,244.2,2
2026-09-06T08:20:00.000Z,2026-09-06T11:20:00,244.92,244.92,244.92,244.92,5
2026-09-06T08:22:00.000Z,2026-09-06T11:22:00,244.92,244.92,244.92,244.92,99
2026-09-06T08:23:00.000Z,2026-09-06T11:23:00,244.9,244.92,244.5,244.5,17
2026-09-06T08:26:00.000Z,2026-09-06T11:26:00,244.5,245,244.5,245,1000
2026-09-06T08:27:00.000Z,2026-09-06T11:27:00,244.4,244.4,244.4,244.4,2
2026-09-06T08:28:00.000Z,2026-09-06T11:28:00,244.4,244.4,244.4,244.4,20
2026-09-06T08:29:00.000Z,2026-09-06T11:29:00,245,245.9,245,245.9,199
2026-09-06T08:30:00.000Z,2026-09-06T11:30:00,245.9,245.9,245.9,245.9,36
2026-09-06T08:31:00.000Z,2026-09-06T11:31:00,245.9,245.9,245.9,245.9,10
2026-09-06T08:33:00.000Z,2026-09-06T11:33:00,245.9,245.9,244.4,244.4,217
2026-09-06T08:34:00.000Z,2026-09-06T11:34:00,244.4,245.9,244.4,245.9,26
2026-09-06T08:35:00.000Z,2026-09-06T11:35:00,245.9,246.4,245.9,246.4,55
2026-09-06T08:36:00.000Z,2026-09-06T11:36:00,244.5,246.4,244.5,246.4,9
2026-09-06T08:38:00.000Z,2026-09-06T11:38:00,246.4,246.4,246.4,246.4,28
2026-09-06T08:39:00.000Z,2026-09-06T11:39:00,246.3,246.3,246.3,246.3,41
2026-09-06T08:40:00.000Z,2026-09-06T11:40:00,246.3,246.3,246.3,246.3,6
2026-09-06T08:41:00.000Z,2026-09-06T11:41:00,246.3,246.3,246.3,246.3,140
2026-09-06T08:42:00.000Z,2026-09-06T11:42:00,246,246,246,246,6
2026-09-06T08:43:00.000Z,2026-09-06T11:43:00,244.51,244.51,244.51,244.51,8
2026-09-06T08:44:00.000Z,2026-09-06T11:44:00,245.9,245.9,245.9,245.9,5
2026-09-06T08:45:00.000Z,2026-09-06T11:45:00,245.9,245.9,245.9,245.9,2
2026-09-06T08:47:00.000Z,2026-09-06T11:47:00,245.9,245.9,245.9,245.9,1
2026-09-06T08:48:00.000Z,2026-09-06T11:48:00,245.9,245.9,245.9,245.9,1
2026-09-06T08:49:00.000Z,2026-09-06T11:49:00,245,245.89,245,245.89,269
2026-09-06T08:50:00.000Z,2026-09-06T11:50:00,245.89,245.89,245,245,1255
2026-09-06T08:51:00.000Z,2026-09-06T11:51:00,244.52,244.52,244.51,244.51,196
2026-09-06T08:52:00.000Z,2026-09-06T11:52:00,244.51,244.51,244.51,244.51,14
2026-09-06T08:54:00.000Z,2026-09-06T11:54:00,244.51,244.51,244.51,244.51,4
2026-09-06T08:55:00.000Z,2026-09-06T11:55:00,244.51,244.51,244.51,244.51,96
2026-09-06T08:56:00.000Z,2026-09-06T11:56:00,244.51,245.88,244.51,245.88,40
2026-09-06T08:57:00.000Z,2026-09-06T11:57:00,245.88,245.88,245.88,245.88,81
2026-09-06T08:58:00.000Z,2026-09-06T11:58:00,245.88,245.88,244.5,244.5,442
2026-09-06T08:59:00.000Z,2026-09-06T11:59:00,245.88,245.88,245.88,245.88,40
2026-09-06T09:00:00.000Z,2026-09-06T12:00:00,245.88,245.88,245.88,245.88,7
2026-09-06T09:05:00.000Z,2026-09-06T12:05:00,245.8,245.8,245.8,245.8,3
2026-09-06T09:06:00.000Z,2026-09-06T12:06:00,245.7,245.7,245.7,245.7,4
2026-09-06T09:07:00.000Z,2026-09-06T12:07:00,245.79,245.79,245.7,245.7,13
2026-09-06T09:08:00.000Z,2026-09-06T12:08:00,245,245,245,245,84
2026-09-06T09:09:00.000Z,2026-09-06T12:09:00,244.55,244.55,244.51,244.51,182
2026-09-06T09:10:00.000Z,2026-09-06T12:10:00,244.51,244.51,244.51,244.51,352
2026-09-06T09:11:00.000Z,2026-09-06T12:11:00,245.7,245.7,245.7,245.7,2
2026-09-06T09:13:00.000Z,2026-09-06T12:13:00,245,245,245,245,50
2026-09-06T09:14:00.000Z,2026-09-06T12:14:00,244.51,244.51,244.51,244.51,300
2026-09-06T09:16:00.000Z,2026-09-06T12:16:00,245.5,245.5,245.5,245.5,16
2026-09-06T09:18:00.000Z,2026-09-06T12:18:00,245.5,245.5,244.51,244.51,23
2026-09-06T09:19:00.000Z,2026-09-06T12:19:00,245.5,245.5,245.5,245.5,1
2026-09-06T09:21:00.000Z,2026-09-06T12:21:00,245.4,245.5,245.4,245.5,100
2026-09-06T09:23:00.000Z,2026-09-06T12:23:00,245.5,245.5,245.5,245.5,50
2026-09-06T09:25:00.000Z,2026-09-06T12:25:00,245.45,245.5,245.45,245.5,41
2026-09-06T09:27:00.000Z,2026-09-06T12:27:00,244.54,244.54,244.54,244.54,100
2026-09-06T09:28:00.000Z,2026-09-06T12:28:00,244.54,244.54,244.54,244.54,205
2026-09-06T09:31:00.000Z,2026-09-06T12:31:00,245.45,245.45,245.45,245.45,3
2026-09-06T09:35:00.000Z,2026-09-06T12:35:00,244.55,244.55,244.5,244.5,750
2026-09-06T09:38:00.000Z,2026-09-06T12:38:00,244.5,244.5,244.22,244.5,158
2026-09-06T09:39:00.000Z,2026-09-06T12:39:00,244.21,244.21,244.21,244.21,8
2026-09-06T09:40:00.000Z,2026-09-06T12:40:00,244.5,245.45,244.5,245.45,48
2026-09-06T09:41:00.000Z,2026-09-06T12:41:00,245.45,245.45,244.21,244.21,4
2026-09-06T09:43:00.000Z,2026-09-06T12:43:00,244.99,245,244.2,245,363
2026-09-06T09:44:00.000Z,2026-09-06T12:44:00,245,245,244.12,244.12,720
2026-09-06T09:45:00.000Z,2026-09-06T12:45:00,244.12,244.12,244.01,244.01,1116
2026-09-06T09:46:00.000Z,2026-09-06T12:46:00,244.02,244.02,244,244,405
2026-09-06T09:47:00.000Z,2026-09-06T12:47:00,244,244,244,244,1
2026-09-06T09:48:00.000Z,2026-09-06T12:48:00,244.1,245,244,245,1051
2026-09-06T09:49:00.000Z,2026-09-06T12:49:00,244.5,244.5,244,244,25
2026-09-06T09:50:00.000Z,2026-09-06T12:50:00,244,244,244,244,400
2026-09-06T09:51:00.000Z,2026-09-06T12:51:00,244.01,244.01,244,244,225
2026-09-06T09:54:00.000Z,2026-09-06T12:54:00,244,244.98,244,244.98,779
2026-09-06T09:55:00.000Z,2026-09-06T12:55:00,244,244.95,244,244,31
2026-09-06T09:58:00.000Z,2026-09-06T12:58:00,244.01,244.95,244.01,244.95,63
2026-09-06T09:59:00.000Z,2026-09-06T12:59:00,244.95,244.95,244.01,244.01,22
2026-09-06T10:00:00.000Z,2026-09-06T13:00:00,244.01,244.95,244.01,244.01,45
2026-09-06T10:04:00.000Z,2026-09-06T13:04:00,244.01,244.9,244.01,244.9,71
2026-09-06T10:05:00.000Z,2026-09-06T13:05:00,244.01,244.01,244.01,244.01,5
2026-09-06T10:08:00.000Z,2026-09-06T13:08:00,244.9,244.9,244.9,244.9,65
2026-09-06T10:09:00.000Z,2026-09-06T13:09:00,244.9,244.9,244.9,244.9,3
2026-09-06T10:12:00.000Z,2026-09-06T13:12:00,244.5,244.5,244.5,244.5,8
2026-09-06T10:13:00.000Z,2026-09-06T13:13:00,244.5,244.5,244,244,2339
2026-09-06T10:14:00.000Z,2026-09-06T13:14:00,243.9,243.9,243.5,243.5,379
2026-09-06T10:15:00.000Z,2026-09-06T13:15:00,244,244.49,244,244.49,25
2026-09-06T10:17:00.000Z,2026-09-06T13:17:00,244.49,244.49,243.14,243.14,148
2026-09-06T10:18:00.000Z,2026-09-06T13:18:00,243.14,244.49,243.12,244.49,427
2026-09-06T10:19:00.000Z,2026-09-06T13:19:00,244.49,244.49,244.49,244.49,1
2026-09-06T10:20:00.000Z,2026-09-06T13:20:00,244.49,244.49,243,243,2257
2026-09-06T10:21:00.000Z,2026-09-06T13:21:00,243,243,243,243,16
2026-09-06T10:22:00.000Z,2026-09-06T13:22:00,243,243,243,243,12
2026-09-06T10:23:00.000Z,2026-09-06T13:23:00,243,243,243,243,50
2026-09-06T10:25:00.000Z,2026-09-06T13:25:00,242.5,242.5,242,242,1501
2026-09-06T10:26:00.000Z,2026-09-06T13:26:00,243,244.98,243,244.98,740
2026-09-06T10:27:00.000Z,2026-09-06T13:27:00,244.9,244.9,244.9,244.9,38
2026-09-06T10:28:00.000Z,2026-09-06T13:28:00,244.9,244.98,242,242,881
2026-09-06T10:29:00.000Z,2026-09-06T13:29:00,243,243,242,242,86
2026-09-06T10:30:00.000Z,2026-09-06T13:30:00,243,243,243,243,8
2026-09-06T10:31:00.000Z,2026-09-06T13:31:00,244.9,244.9,244.9,244.9,21
2026-09-06T10:32:00.000Z,2026-09-06T13:32:00,243,243,241.19,241.19,1522
2026-09-06T10:33:00.000Z,2026-09-06T13:33:00,244.89,244.89,244.89,244.89,4
2026-09-06T10:35:00.000Z,2026-09-06T13:35:00,244.5,244.5,244.5,244.5,200
2026-09-06T10:36:00.000Z,2026-09-06T13:36:00,243,244.49,243,244.49,258
2026-09-06T10:37:00.000Z,2026-09-06T13:37:00,244.49,244.49,244.49,244.49,8
2026-09-06T10:38:00.000Z,2026-09-06T13:38:00,243,244.48,243,243,876
2026-09-06T10:40:00.000Z,2026-09-06T13:40:00,243,243.9,243,243.9,35
2026-09-06T10:41:00.000Z,2026-09-06T13:41:00,243.9,243.9,243.9,243.9,2
2026-09-06T10:42:00.000Z,2026-09-06T13:42:00,243,243,243,243,107
2026-09-06T10:43:00.000Z,2026-09-06T13:43:00,243,244.49,242.19,244.49,691
2026-09-06T10:44:00.000Z,2026-09-06T13:44:00,244,244.49,242.19,244.49,20
2026-09-06T10:45:00.000Z,2026-09-06T13:45:00,244.49,244.49,244.49,244.49,17
2026-09-06T10:46:00.000Z,2026-09-06T13:46:00,244.48,244.48,244.45,244.48,391
2026-09-06T10:49:00.000Z,2026-09-06T13:49:00,244.48,244.49,244.48,244.49,860
2026-09-06T10:50:00.000Z,2026-09-06T13:50:00,244.49,244.49,244.49,244.49,255
2026-09-06T10:51:00.000Z,2026-09-06T13:51:00,244.49,244.5,243.01,244.5,128
2026-09-06T10:52:00.000Z,2026-09-06T13:52:00,244.5,244.5,244.5,244.5,6
2026-09-06T10:53:00.000Z,2026-09-06T13:53:00,244.5,244.5,244.5,244.5,860
2026-09-06T10:54:00.000Z,2026-09-06T13:54:00,244.5,244.5,244.5,244.5,78
2026-09-06T10:56:00.000Z,2026-09-06T13:56:00,244.5,244.5,244.5,244.5,9
2026-09-06T10:57:00.000Z,2026-09-06T13:57:00,244.48,244.98,244.48,244.98,431
2026-09-06T10:58:00.000Z,2026-09-06T13:58:00,244.98,245,244.98,245,734
2026-09-06T11:00:00.000Z,2026-09-06T14:00:00,245,245,245,245,314
2026-09-06T11:01:00.000Z,2026-09-06T14:01:00,245.48,245.48,245.48,245.48,40
2026-09-06T11:02:00.000Z,2026-09-06T14:02:00,245,245,245,245,318
2026-09-06T11:03:00.000Z,2026-09-06T14:03:00,245,245,245,245,239
2026-09-06T11:04:00.000Z,2026-09-06T14:04:00,245,245,245,245,142
2026-09-06T11:06:00.000Z,2026-09-06T14:06:00,245,245,245,245,400
2026-09-06T11:07:00.000Z,2026-09-06T14:07:00,245.48,245.48,245.48,245.48,2
2026-09-06T11:08:00.000Z,2026-09-06T14:08:00,245.45,245.45,245,245,142
2026-09-06T11:09:00.000Z,2026-09-06T14:09:00,245,245.4,244,245.4,2005
2026-09-06T11:10:00.000Z,2026-09-06T14:10:00,244,245.45,244,245.45,196
2026-09-06T11:11:00.000Z,2026-09-06T14:11:00,244,244,244,244,100
2026-09-06T11:13:00.000Z,2026-09-06T14:13:00,245.45,245.45,245.45,245.45,12
2026-09-06T11:14:00.000Z,2026-09-06T14:14:00,244.98,245.39,244,245.39,502
2026-09-07T07:00:00.000Z,2026-09-07T10:00:00,245,245.48,245,245.48,751
2026-09-07T07:02:00.000Z,2026-09-07T10:02:00,245.48,245.48,245.45,245.45,174
2026-09-07T07:03:00.000Z,2026-09-07T10:03:00,244.01,244.01,243.8,243.8,758
2026-09-07T07:04:00.000Z,2026-09-07T10:04:00,245.46,245.46,245.46,245.46,8
2026-09-07T07:05:00.000Z,2026-09-07T10:05:00,245.44,246.95,245.44,246.94,537
2026-09-07T07:06:00.000Z,2026-09-07T10:06:00,245.99,245.99,245.99,245.99,38
2026-09-07T07:08:00.000Z,2026-09-07T10:08:00,245.89,245.89,245.89,245.89,128
2026-09-07T07:09:00.000Z,2026-09-07T10:09:00,245.89,245.89,245.89,245.89,20
2026-09-07T07:10:00.000Z,2026-09-07T10:10:00,243.81,245.9,243.81,245.9,165
2026-09-07T07:12:00.000Z,2026-09-07T10:12:00,244,245.98,244,245.98,95
2026-09-07T07:13:00.000Z,2026-09-07T10:13:00,246,246,246,246,20
2026-09-07T07:14:00.000Z,2026-09-07T10:14:00,245.98,245.98,245.98,245.98,50
2026-09-07T07:15:00.000Z,2026-09-07T10:15:00,246,246,246,246,500
2026-09-07T07:16:00.000Z,2026-09-07T10:16:00,246,246,244.1,244.1,120
2026-09-07T07:18:00.000Z,2026-09-07T10:18:00,244.1,244.1,244,244,142
2026-09-07T07:20:00.000Z,2026-09-07T10:20:00,244.1,244.1,244.1,244.1,24
2026-09-07T07:24:00.000Z,2026-09-07T10:24:00,246,246,246,246,81
2026-09-07T07:25:00.000Z,2026-09-07T10:25:00,244.7,244.7,244.61,244.61,160
2026-09-07T07:28:00.000Z,2026-09-07T10:28:00,244.7,244.7,244.7,244.7,1
2026-09-07T07:29:00.000Z,2026-09-07T10:29:00,245.99,245.99,244.7,245.98,79
2026-09-07T07:30:00.000Z,2026-09-07T10:30:00,245.98,245.98,244.7,244.7,11
2026-09-07T07:31:00.000Z,2026-09-07T10:31:00,245.1,245.98,244.7,244.7,155
2026-09-07T07:32:00.000Z,2026-09-07T10:32:00,245.97,245.97,244.7,244.7,25
2026-09-07T07:33:00.000Z,2026-09-07T10:33:00,244.73,244.73,244.7,244.7,80
2026-09-07T07:34:00.000Z,2026-09-07T10:34:00,245.88,245.88,245.88,245.88,102
2026-09-07T07:35:00.000Z,2026-09-07T10:35:00,244.7,245.88,244.7,245.88,18
2026-09-07T07:36:00.000Z,2026-09-07T10:36:00,244.7,244.71,244.7,244.7,69
2026-09-07T07:37:00.000Z,2026-09-07T10:37:00,245.86,245.86,245.79,245.79,121
2026-09-07T07:38:00.000Z,2026-09-07T10:38:00,245.84,245.84,245.84,245.84,106
2026-09-07T07:39:00.000Z,2026-09-07T10:39:00,245.84,245.84,245.84,245.84,30
2026-09-07T07:40:00.000Z,2026-09-07T10:40:00,245.79,245.79,245.79,245.79,89
2026-09-07T07:42:00.000Z,2026-09-07T10:42:00,245.74,245.74,245.74,245.74,7
2026-09-07T07:45:00.000Z,2026-09-07T10:45:00,245,245.73,245,245.71,179
2026-09-07T07:46:00.000Z,2026-09-07T10:46:00,245.7,245.7,245.7,245.7,20
2026-09-07T07:48:00.000Z,2026-09-07T10:48:00,244.8,244.8,244.8,244.8,200
2026-09-07T07:49:00.000Z,2026-09-07T10:49:00,244.8,244.8,244.8,244.8,15
2026-09-07T07:50:00.000Z,2026-09-07T10:50:00,245.7,245.7,245.7,245.7,32
2026-09-07T07:51:00.000Z,2026-09-07T10:51:00,244.8,244.8,244.4,244.4,95
2026-09-07T07:52:00.000Z,2026-09-07T10:52:00,244.4,244.4,244.4,244.4,15
2026-09-07T07:53:00.000Z,2026-09-07T10:53:00,244.4,244.4,244.4,244.4,73
2026-09-07T07:54:00.000Z,2026-09-07T10:54:00,244.21,244.21,244.21,244.21,102
2026-09-07T07:55:00.000Z,2026-09-07T10:55:00,244.4,244.4,244.2,244.2,156
2026-09-07T07:56:00.000Z,2026-09-07T10:56:00,244.4,244.4,244.2,244.2,68
2026-09-07T07:58:00.000Z,2026-09-07T10:58:00,244.4,244.4,244.15,244.4,286
2026-09-07T08:00:00.000Z,2026-09-07T11:00:00,244.4,244.4,244.15,244.15,215
2026-09-07T08:01:00.000Z,2026-09-07T11:01:00,244.15,244.15,244.15,244.15,38
2026-09-07T08:02:00.000Z,2026-09-07T11:02:00,244.4,244.4,244.4,244.4,6
2026-09-07T08:03:00.000Z,2026-09-07T11:03:00,244.4,244.4,244.4,244.4,4
2026-09-07T08:04:00.000Z,2026-09-07T11:04:00,244.15,244.15,243.8,243.8,318
2026-09-07T08:05:00.000Z,2026-09-07T11:05:00,243.8,243.8,243,243.24,1842
2026-09-07T08:07:00.000Z,2026-09-07T11:07:00,244.3,244.3,244.3,244.3,17
2026-09-07T08:09:00.000Z,2026-09-07T11:09:00,243.98,243.98,243.98,243.98,40
2026-09-07T08:11:00.000Z,2026-09-07T11:11:00,242.5,242.5,242.5,242.5,3
2026-09-07T08:12:00.000Z,2026-09-07T11:12:00,243.97,243.97,243.97,243.97,1
2026-09-07T08:16:00.000Z,2026-09-07T11:16:00,243.9,243.9,243.9,243.9,22
2026-09-07T08:17:00.000Z,2026-09-07T11:17:00,242.6,243.8,242.6,243.8,292
2026-09-07T08:18:00.000Z,2026-09-07T11:18:00,242.6,242.6,242.6,242.6,64
2026-09-07T08:20:00.000Z,2026-09-07T11:20:00,243.5,243.5,243.5,243.5,7
2026-09-07T08:21:00.000Z,2026-09-07T11:21:00,243.5,243.5,243.5,243.5,66
2026-09-07T08:22:00.000Z,2026-09-07T11:22:00,242.62,243.5,242.62,243.5,22
2026-09-07T08:24:00.000Z,2026-09-07T11:24:00,243,243.49,243,243.49,102
2026-09-07T08:25:00.000Z,2026-09-07T11:25:00,242.62,242.62,242.62,242.62,6
2026-09-07T08:26:00.000Z,2026-09-07T11:26:00,242.62,242.62,242.61,242.61,80
2026-09-07T08:27:00.000Z,2026-09-07T11:27:00,243.49,243.49,242.61,243,77
2026-09-07T08:28:00.000Z,2026-09-07T11:28:00,243,243,243,243,36
2026-09-07T08:29:00.000Z,2026-09-07T11:29:00,243,243,243,243,43
2026-09-07T08:30:00.000Z,2026-09-07T11:30:00,243.49,243.5,243,243.5,410
2026-09-07T08:31:00.000Z,2026-09-07T11:31:00,243.97,243.97,243.97,243.97,41
2026-09-07T08:32:00.000Z,2026-09-07T11:32:00,244.99,246.64,244.99,246.64,4505
2026-09-07T08:33:00.000Z,2026-09-07T11:33:00,244.26,244.26,244.2,244.2,570
2026-09-07T08:35:00.000Z,2026-09-07T11:35:00,244.5,244.5,244.5,244.5,31
2026-09-07T08:36:00.000Z,2026-09-07T11:36:00,245.99,245.99,245.89,245.89,48
2026-09-07T08:37:00.000Z,2026-09-07T11:37:00,245.98,246.64,245.49,246,1427
2026-09-07T08:38:00.000Z,2026-09-07T11:38:00,245,245,245,245,200
2026-09-07T08:39:00.000Z,2026-09-07T11:39:00,245.89,245.89,245.89,245.89,102
2026-09-07T08:41:00.000Z,2026-09-07T11:41:00,245,245.89,245,245.89,307
2026-09-07T08:42:00.000Z,2026-09-07T11:42:00,245,245.99,245,245.99,284
2026-09-07T08:43:00.000Z,2026-09-07T11:43:00,245.49,245.49,245.49,245.49,30
2026-09-07T08:44:00.000Z,2026-09-07T11:44:00,245.5,245.5,244.7,244.7,127
2026-09-07T08:45:00.000Z,2026-09-07T11:45:00,244.7,244.7,244.7,244.7,94
2026-09-07T08:46:00.000Z,2026-09-07T11:46:00,244.61,244.69,244.51,244.69,724
2026-09-07T08:47:00.000Z,2026-09-07T11:47:00,244.5,244.7,243.11,243.11,240
2026-09-07T08:48:00.000Z,2026-09-07T11:48:00,243.25,245.5,243.25,245.5,12
2026-09-07T08:49:00.000Z,2026-09-07T11:49:00,245.39,245.39,245.39,245.39,4
2026-09-07T08:50:00.000Z,2026-09-07T11:50:00,244,244,244,244,1
2026-09-07T08:51:00.000Z,2026-09-07T11:51:00,245.34,245.34,245.34,245.34,1
2026-09-07T08:52:00.000Z,2026-09-07T11:52:00,244,244,244,244,3
2026-09-07T08:58:00.000Z,2026-09-07T11:58:00,244,244.02,244,244.02,91
2026-09-07T08:59:00.000Z,2026-09-07T11:59:00,244.02,244.02,244.02,244.02,1
2026-09-07T09:02:00.000Z,2026-09-07T12:02:00,244.3,244.99,244.3,244.99,27
2026-09-07T09:06:00.000Z,2026-09-07T12:06:00,244.3,244.99,244,244.99,89
2026-09-07T09:08:00.000Z,2026-09-07T12:08:00,244,244,244,244,139
2026-09-07T09:09:00.000Z,2026-09-07T12:09:00,244,244,244,244,135
2026-09-07T09:13:00.000Z,2026-09-07T12:13:00,243.51,243.51,243.1,243.1,500
2026-09-07T09:14:00.000Z,2026-09-07T12:14:00,243.12,243.99,243.11,243.99,90
2026-09-07T09:18:00.000Z,2026-09-07T12:18:00,243.99,244.98,243.99,244.98,19
2026-09-07T09:19:00.000Z,2026-09-07T12:19:00,243.11,243.11,243.1,243.1,77
2026-09-07T09:22:00.000Z,2026-09-07T12:22:00,243.1,243.1,243.1,243.1,5
2026-09-07T09:25:00.000Z,2026-09-07T12:25:00,244.96,244.96,244.96,244.96,41
2026-09-07T09:26:00.000Z,2026-09-07T12:26:00,243.11,244.96,243.11,244.96,34
2026-09-07T09:27:00.000Z,2026-09-07T12:27:00,243.2,243.2,243.2,243.2,19
2026-09-07T09:28:00.000Z,2026-09-07T12:28:00,244.96,244.96,244.96,244.96,3
2026-09-07T09:32:00.000Z,2026-09-07T12:32:00,243.25,243.25,243.25,243.25,9
2026-09-07T09:33:00.000Z,2026-09-07T12:33:00,244.96,244.96,244.96,244.96,26
2026-09-07T09:37:00.000Z,2026-09-07T12:37:00,244.96,244.96,244.96,244.96,4
2026-09-07T09:38:00.000Z,2026-09-07T12:38:00,244,244,244,244,1
2026-09-07T09:41:00.000Z,2026-09-07T12:41:00,244.96,244.96,244.96,244.96,35
2026-09-07T09:42:00.000Z,2026-09-07T12:42:00,244.01,244.01,244.01,244.01,100
2026-09-07T09:43:00.000Z,2026-09-07T12:43:00,244.02,244.02,244.02,244.02,16
2026-09-07T09:45:00.000Z,2026-09-07T12:45:00,244.02,244.02,244.02,244.02,37
2026-09-07T09:46:00.000Z,2026-09-07T12:46:00,244.02,244.02,244.02,244.02,45
2026-09-07T09:49:00.000Z,2026-09-07T12:49:00,244.96,244.96,244.02,244.02,208
2026-09-07T09:51:00.000Z,2026-09-07T12:51:00,244.96,246,244.96,246,2297
2026-09-07T09:52:00.000Z,2026-09-07T12:52:00,246.4,246.64,246,246.64,9316
2026-09-07T09:53:00.000Z,2026-09-07T12:53:00,246.64,249,246.64,248,4317
2026-09-07T09:54:00.000Z,2026-09-07T12:54:00,247.1,247.1,246.57,246.57,2093
2026-09-07T09:56:00.000Z,2026-09-07T12:56:00,247,247,247,247,116
2026-09-07T09:57:00.000Z,2026-09-07T12:57:00,246.99,246.99,246.99,246.99,18
2026-09-07T09:58:00.000Z,2026-09-07T12:58:00,246.99,246.99,245,245,786
2026-09-07T09:59:00.000Z,2026-09-07T12:59:00,245,245,244.05,244.05,420
2026-09-07T10:01:00.000Z,2026-09-07T13:01:00,245,245,245,245,678
2026-09-07T10:02:00.000Z,2026-09-07T13:02:00,245,245,244.5,245,1044
2026-09-07T10:03:00.000Z,2026-09-07T13:03:00,246.98,246.98,246.98,246.98,36
2026-09-07T10:05:00.000Z,2026-09-07T13:05:00,246.49,246.49,246.49,246.49,286
2026-09-07T10:06:00.000Z,2026-09-07T13:06:00,245.5,247,244.51,244.51,5030
2026-09-07T10:10:00.000Z,2026-09-07T13:10:00,246,246,246,246,162
2026-09-07T10:11:00.000Z,2026-09-07T13:11:00,246,246,245.99,245.99,401
2026-09-07T10:12:00.000Z,2026-09-07T13:12:00,246,246,246,246,75
2026-09-07T10:13:00.000Z,2026-09-07T13:13:00,245,245,244.01,244.01,7314
2026-09-07T10:14:00.000Z,2026-09-07T13:14:00,244.01,244.1,244.01,244.1,130
2026-09-07T10:19:00.000Z,2026-09-07T13:19:00,245.89,245.89,245.89,245.89,24
2026-09-07T10:20:00.000Z,2026-09-07T13:20:00,245.8,245.8,245.8,245.8,169
2026-09-07T10:22:00.000Z,2026-09-07T13:22:00,244.11,244.11,244.11,244.11,36
2026-09-07T10:23:00.000Z,2026-09-07T13:23:00,244.11,244.11,244.01,244.01,1730
2026-09-07T10:24:00.000Z,2026-09-07T13:24:00,244.06,244.06,244.01,244.01,73
2026-09-07T10:25:00.000Z,2026-09-07T13:25:00,245.49,245.49,245.49,245.49,4
2026-09-07T10:26:00.000Z,2026-09-07T13:26:00,245.49,245.49,244.08,244.08,144
2026-09-07T10:27:00.000Z,2026-09-07T13:27:00,245.5,245.5,245.5,245.5,12
2026-09-07T10:28:00.000Z,2026-09-07T13:28:00,244.02,244.02,244.02,244.02,4
2026-09-07T10:29:00.000Z,2026-09-07T13:29:00,244.02,244.02,244.02,244.02,150
2026-09-07T10:32:00.000Z,2026-09-07T13:32:00,244.1,244.1,244.1,244.1,1
2026-09-07T10:33:00.000Z,2026-09-07T13:33:00,244.39,244.4,244.39,244.4,400
2026-09-07T10:34:00.000Z,2026-09-07T13:34:00,244.5,245.5,244.5,245.5,494
2026-09-07T10:37:00.000Z,2026-09-07T13:37:00,245.5,245.5,245.5,245.5,110
2026-09-07T10:39:00.000Z,2026-09-07T13:39:00,245.49,245.49,243.01,243.01,3039
2026-09-07T10:41:00.000Z,2026-09-07T13:41:00,243.25,243.25,243.25,243.25,100
2026-09-07T10:43:00.000Z,2026-09-07T13:43:00,244.1,244.5,244.1,244.5,889
2026-09-07T10:45:00.000Z,2026-09-07T13:45:00,244.49,244.5,244.49,244.5,100
2026-09-07T10:46:00.000Z,2026-09-07T13:46:00,244.5,244.5,244.5,244.5,208
2026-09-07T10:48:00.000Z,2026-09-07T13:48:00,245.33,245.33,245.33,245.33,46
2026-09-07T10:49:00.000Z,2026-09-07T13:49:00,245,245,245,245,104
2026-09-07T10:51:00.000Z,2026-09-07T13:51:00,244.5,244.5,244.5,244.5,104
2026-09-07T10:53:00.000Z,2026-09-07T13:53:00,244.5,245,244.5,245,134
2026-09-07T10:54:00.000Z,2026-09-07T13:54:00,244.51,244.51,244.51,244.51,175
2026-09-07T10:55:00.000Z,2026-09-07T13:55:00,244.99,244.99,244.99,244.99,104
2026-09-07T10:57:00.000Z,2026-09-07T13:57:00,245.4,245.4,245.4,245.4,69
2026-09-07T10:59:00.000Z,2026-09-07T13:59:00,244.53,244.53,244.52,244.52,215
2026-09-07T11:00:00.000Z,2026-09-07T14:00:00,244.53,245.5,244.53,245.5,227
2026-09-07T11:01:00.000Z,2026-09-07T14:01:00,244.55,244.55,244.54,244.54,241
2026-09-07T11:03:00.000Z,2026-09-07T14:03:00,245.4,245.5,245.4,245.5,763
2026-09-07T11:04:00.000Z,2026-09-07T14:04:00,245.4,245.4,245.4,245.4,150
2026-09-07T11:06:00.000Z,2026-09-07T14:06:00,245.06,245.06,245.06,245.06,2
2026-09-07T11:07:00.000Z,2026-09-07T14:07:00,245.4,247,245.4,247,3825
2026-09-07T11:08:00.000Z,2026-09-07T14:08:00,245.51,245.9,245.51,245.9,54
2026-09-07T11:09:00.000Z,2026-09-07T14:09:00,246.9,247.98,246,247.98,3955
2026-09-07T11:10:00.000Z,2026-09-07T14:10:00,247.9,247.9,247.9,247.9,8
2026-09-07T11:11:00.000Z,2026-09-07T14:11:00,247.9,247.9,245.7,245.7,459
2026-09-07T11:12:00.000Z,2026-09-07T14:12:00,247.5,248.5,247.5,248.5,3843
2026-09-07T11:13:00.000Z,2026-09-07T14:13:00,248.45,249,246.01,249,8187
2026-09-07T11:14:00.000Z,2026-09-07T14:14:00,246.01,249.99,246.01,249.99,1771
2026-09-07T11:15:00.000Z,2026-09-07T14:15:00,249,249,249,249,15
2026-09-07T11:25:00.000Z,2026-09-07T14:25:00,249.94,249.94,249.94,249.94,40
2026-09-07T11:28:00.000Z,2026-09-07T14:28:00,249.94,249.94,249.94,249.94,200
2026-09-08T07:01:00.000Z,2026-09-08T10:01:00,250.5,252,250.5,252,1545
2026-09-08T07:02:00.000Z,2026-09-08T10:02:00,251,251.95,251,251.95,201
2026-09-08T07:04:00.000Z,2026-09-08T10:04:00,251.8,252,251.05,251.05,3710
2026-09-08T07:05:00.000Z,2026-09-08T10:05:00,251.05,251.9,251,251,616
2026-09-08T07:06:00.000Z,2026-09-08T10:06:00,251,251,251,251,228
2026-09-08T07:07:00.000Z,2026-09-08T10:07:00,251,251.9,251,251.9,1481
2026-09-08T07:08:00.000Z,2026-09-08T10:08:00,251.9,251.9,250.01,250.01,818
2026-09-08T07:10:00.000Z,2026-09-08T10:10:00,251,251,250.1,251,205
2026-09-08T07:11:00.000Z,2026-09-08T10:11:00,251,251,251,251,90
2026-09-08T07:12:00.000Z,2026-09-08T10:12:00,250.99,250.99,250.99,250.99,3
2026-09-08T07:13:00.000Z,2026-09-08T10:13:00,250.9,250.9,250.9,250.9,6
2026-09-08T07:14:00.000Z,2026-09-08T10:14:00,250.9,250.9,250.2,250.2,102
2026-09-08T07:15:00.000Z,2026-09-08T10:15:00,250.2,250.2,250.01,250.01,472
2026-09-08T07:16:00.000Z,2026-09-08T10:16:00,250.01,250.5,250.01,250.5,115
2026-09-08T07:17:00.000Z,2026-09-08T10:17:00,250.02,250.02,249,249.94,5652
2026-09-08T07:18:00.000Z,2026-09-08T10:18:00,249,250,249,250,1300
2026-09-08T07:19:00.000Z,2026-09-08T10:19:00,249,249,249,249,2
2026-09-08T07:20:00.000Z,2026-09-08T10:20:00,249,249,249,249,82
2026-09-08T07:21:00.000Z,2026-09-08T10:21:00,249,249,249,249,5
2026-09-08T07:22:00.000Z,2026-09-08T10:22:00,248,248,247.1,248,206
2026-09-08T07:23:00.000Z,2026-09-08T10:23:00,247.51,247.51,247.1,247.1,143
2026-09-08T07:24:00.000Z,2026-09-08T10:24:00,247.11,247.11,247.11,247.11,100
2026-09-08T07:25:00.000Z,2026-09-08T10:25:00,247.11,248.95,247,248.95,675
2026-09-08T07:26:00.000Z,2026-09-08T10:26:00,248.95,248.95,248.5,248.5,17
2026-09-08T07:27:00.000Z,2026-09-08T10:27:00,248.5,248.5,248.5,248.5,41
2026-09-08T07:28:00.000Z,2026-09-08T10:28:00,248.95,249.9,248.95,249.89,67
2026-09-08T07:29:00.000Z,2026-09-08T10:29:00,248.5,248.5,248.5,248.5,30
2026-09-08T07:31:00.000Z,2026-09-08T10:31:00,248.8,249.9,248.8,249.9,220
2026-09-08T07:32:00.000Z,2026-09-08T10:32:00,249.89,249.89,249.89,249.89,11
2026-09-08T07:33:00.000Z,2026-09-08T10:33:00,249.49,249.49,249.49,249.49,218
2026-09-08T07:35:00.000Z,2026-09-08T10:35:00,249.89,249.89,249.89,249.89,45
2026-09-08T07:36:00.000Z,2026-09-08T10:36:00,249.89,249.89,247.16,247.16,340
2026-09-08T07:37:00.000Z,2026-09-08T10:37:00,248,248,248,248,130
2026-09-08T07:38:00.000Z,2026-09-08T10:38:00,249.9,249.9,249.9,249.9,10
2026-09-08T07:39:00.000Z,2026-09-08T10:39:00,248.01,248.01,248.01,248.01,283
2026-09-08T07:40:00.000Z,2026-09-08T10:40:00,249.6,249.6,249.6,249.6,2
2026-09-08T07:41:00.000Z,2026-09-08T10:41:00,249.59,249.59,249.59,249.59,5
2026-09-08T07:44:00.000Z,2026-09-08T10:44:00,249.53,249.53,249.53,249.53,9
2026-09-08T07:45:00.000Z,2026-09-08T10:45:00,248.5,249.49,248.5,249.49,15
2026-09-08T07:46:00.000Z,2026-09-08T10:46:00,248.5,248.5,247.5,247.5,7
2026-09-08T07:47:00.000Z,2026-09-08T10:47:00,247.51,247.51,247.51,247.51,1
2026-09-08T07:48:00.000Z,2026-09-08T10:48:00,247.54,249.41,247.54,249.41,144
2026-09-08T07:49:00.000Z,2026-09-08T10:49:00,247.56,247.56,247.56,247.56,110
2026-09-08T07:50:00.000Z,2026-09-08T10:50:00,248,248,248,248,120
2026-09-08T07:51:00.000Z,2026-09-08T10:51:00,249,249,247.69,249,17
2026-09-08T07:52:00.000Z,2026-09-08T10:52:00,248,248,248,248,70
2026-09-08T07:53:00.000Z,2026-09-08T10:53:00,247.76,248.99,247.76,248.99,41
2026-09-08T07:54:00.000Z,2026-09-08T10:54:00,248.99,248.99,248.99,248.99,56
2026-09-08T07:55:00.000Z,2026-09-08T10:55:00,247.8,248,247.8,248,46
2026-09-08T07:56:00.000Z,2026-09-08T10:56:00,247.8,248.98,247.7,248.98,203
2026-09-08T07:57:00.000Z,2026-09-08T10:57:00,248.98,248.98,248.98,248.98,5
2026-09-08T07:59:00.000Z,2026-09-08T10:59:00,248.97,248.97,248.97,248.97,10
2026-09-08T08:03:00.000Z,2026-09-08T11:03:00,248.9,248.9,248.9,248.9,30
2026-09-08T08:04:00.000Z,2026-09-08T11:04:00,248.9,248.97,248.9,248.97,65
2026-09-08T08:06:00.000Z,2026-09-08T11:06:00,248.97,248.98,248.97,248.98,31
2026-09-08T08:07:00.000Z,2026-09-08T11:07:00,248.98,248.98,248.98,248.98,18
2026-09-08T08:08:00.000Z,2026-09-08T11:08:00,248.98,248.98,248.98,248.98,100
2026-09-08T08:11:00.000Z,2026-09-08T11:11:00,248.97,248.97,248.15,248.15,8
2026-09-08T08:12:00.000Z,2026-09-08T11:12:00,248.15,248.15,248.15,248.15,5
2026-09-08T08:13:00.000Z,2026-09-08T11:13:00,248.16,248.16,248.16,248.16,40
2026-09-08T08:14:00.000Z,2026-09-08T11:14:00,248.97,248.98,248.15,248.98,30
2026-09-08T08:15:00.000Z,2026-09-08T11:15:00,248.98,248.98,248.98,248.98,1
2026-09-08T08:18:00.000Z,2026-09-08T11:18:00,248.17,248.17,248,248,4252
2026-09-08T08:19:00.000Z,2026-09-08T11:19:00,248.15,249,248.15,249,83
2026-09-08T08:20:00.000Z,2026-09-08T11:20:00,248.97,248.97,248.97,248.97,8
2026-09-08T08:21:00.000Z,2026-09-08T11:21:00,248.15,248.97,248.15,248.97,8
2026-09-08T08:22:00.000Z,2026-09-08T11:22:00,248.97,248.97,248.97,248.97,24
2026-09-08T08:23:00.000Z,2026-09-08T11:23:00,248.16,248.16,248.15,248.15,100
2026-09-08T08:24:00.000Z,2026-09-08T11:24:00,248.89,248.89,248.89,248.89,9
2026-09-08T08:26:00.000Z,2026-09-08T11:26:00,248.4,248.4,248.4,248.4,2
2026-09-08T08:27:00.000Z,2026-09-08T11:27:00,248.16,248.16,248,248,127
2026-09-08T08:28:00.000Z,2026-09-08T11:28:00,247.78,247.78,247.78,247.78,8
2026-09-08T08:29:00.000Z,2026-09-08T11:29:00,247.78,248,247.78,248,9
2026-09-08T08:30:00.000Z,2026-09-08T11:30:00,247.78,247.78,247.7,247.7,201
2026-09-08T08:31:00.000Z,2026-09-08T11:31:00,247.7,247.7,247.5,247.5,3481
2026-09-08T08:32:00.000Z,2026-09-08T11:32:00,247.3,247.3,247.2,247.2,48
2026-09-08T08:34:00.000Z,2026-09-08T11:34:00,247.2,247.2,247.2,247.2,82
2026-09-08T08:35:00.000Z,2026-09-08T11:35:00,247.2,248,247.2,248,44
2026-09-08T08:37:00.000Z,2026-09-08T11:37:00,247.5,247.5,247.5,247.5,6
2026-09-08T08:38:00.000Z,2026-09-08T11:38:00,247.5,247.99,247.01,247.99,212
2026-09-08T08:39:00.000Z,2026-09-08T11:39:00,247.99,247.99,247.99,247.99,7
2026-09-08T08:42:00.000Z,2026-09-08T11:42:00,247.1,247.1,247,247,250
2026-09-08T08:43:00.000Z,2026-09-08T11:43:00,247,247,247,247,3
2026-09-08T08:44:00.000Z,2026-09-08T11:44:00,247,247,247,247,2466
2026-09-08T08:45:00.000Z,2026-09-08T11:45:00,246.1,246.1,245.05,245.05,861
2026-09-08T08:46:00.000Z,2026-09-08T11:46:00,245.05,245.05,245,245,500
2026-09-08T08:48:00.000Z,2026-09-08T11:48:00,245.15,245.15,245.1,245.1,200
2026-09-08T08:49:00.000Z,2026-09-08T11:49:00,247.4,247.4,245.1,245.1,110
2026-09-08T08:50:00.000Z,2026-09-08T11:50:00,245.1,245.1,245.1,245.1,220
2026-09-08T08:51:00.000Z,2026-09-08T11:51:00,245.1,245.1,245.1,245.1,7
2026-09-08T08:52:00.000Z,2026-09-08T11:52:00,245.1,245.1,245.1,245.1,1
2026-09-08T08:54:00.000Z,2026-09-08T11:54:00,247,247,247,247,63
2026-09-08T08:56:00.000Z,2026-09-08T11:56:00,246.98,246.98,245.1,245.1,57
2026-09-08T08:57:00.000Z,2026-09-08T11:57:00,245.1,245.1,245.1,245.1,514
2026-09-08T08:58:00.000Z,2026-09-08T11:58:00,245.01,245.1,245,245.1,1754
2026-09-08T08:59:00.000Z,2026-09-08T11:59:00,245.1,245.1,245.1,245.1,831
2026-09-08T09:00:00.000Z,2026-09-08T12:00:00,245,245,245,245,196
2026-09-08T09:01:00.000Z,2026-09-08T12:01:00,245.1,245.1,245.1,245.1,75
2026-09-08T09:03:00.000Z,2026-09-08T12:03:00,245.1,245.1,245.1,245.1,229
2026-09-08T09:04:00.000Z,2026-09-08T12:04:00,245.1,245.1,245.1,245.1,517
2026-09-08T09:06:00.000Z,2026-09-08T12:06:00,246.69,246.69,246.69,246.69,1
2026-09-08T09:11:00.000Z,2026-09-08T12:11:00,246,247.4,245.25,245.25,868
2026-09-08T09:12:00.000Z,2026-09-08T12:12:00,245.3,247.39,245.3,247.39,58
2026-09-08T09:13:00.000Z,2026-09-08T12:13:00,245.51,247.29,245.51,245.51,378
2026-09-08T09:15:00.000Z,2026-09-08T12:15:00,245.6,245.6,245.55,245.55,16
2026-09-08T09:16:00.000Z,2026-09-08T12:16:00,246.99,246.99,246.99,246.99,7
2026-09-08T09:17:00.000Z,2026-09-08T12:17:00,245.99,245.99,245.99,245.99,7
2026-09-08T09:18:00.000Z,2026-09-08T12:18:00,246.99,246.99,246.99,246.99,2
2026-09-08T09:19:00.000Z,2026-09-08T12:19:00,246.99,246.99,246.99,246.99,8
2026-09-08T09:20:00.000Z,2026-09-08T12:20:00,246.99,246.99,246.99,246.99,1
2026-09-08T09:21:00.000Z,2026-09-08T12:21:00,246.99,246.99,246.99,246.99,20
2026-09-08T09:23:00.000Z,2026-09-08T12:23:00,246.8,246.8,246.8,246.8,67
2026-09-08T09:26:00.000Z,2026-09-08T12:26:00,245.55,245.55,245.55,245.55,32
2026-09-08T09:27:00.000Z,2026-09-08T12:27:00,246.87,247.9,246.85,247.9,1000
2026-09-08T09:28:00.000Z,2026-09-08T12:28:00,247.87,247.87,247.87,247.87,4
2026-09-08T09:29:00.000Z,2026-09-08T12:29:00,247.87,247.87,247.87,247.87,15
2026-09-08T09:31:00.000Z,2026-09-08T12:31:00,247.79,247.79,247.79,247.79,1
2026-09-08T09:32:00.000Z,2026-09-08T12:32:00,245.57,247.59,245.1,247.59,248
2026-09-08T09:33:00.000Z,2026-09-08T12:33:00,247.59,247.59,245.05,245.05,247
2026-09-08T09:34:00.000Z,2026-09-08T12:34:00,245.05,245.05,245.05,245.05,261
2026-09-08T09:35:00.000Z,2026-09-08T12:35:00,245.05,245.05,245,245,236
2026-09-08T09:36:00.000Z,2026-09-08T12:36:00,245.01,245.01,245,245,235
2026-09-08T09:37:00.000Z,2026-09-08T12:37:00,245.05,245.05,245.05,245.05,239
2026-09-08T09:38:00.000Z,2026-09-08T12:38:00,245.05,246.49,245.05,246.49,238
2026-09-08T09:39:00.000Z,2026-09-08T12:39:00,245.1,245.1,245.05,245.05,264
2026-09-08T09:40:00.000Z,2026-09-08T12:40:00,245.05,246.49,245,246.49,274
2026-09-08T09:41:00.000Z,2026-09-08T12:41:00,245,245,245,245,235
2026-09-08T09:42:00.000Z,2026-09-08T12:42:00,245,245,245,245,235
2026-09-08T09:43:00.000Z,2026-09-08T12:43:00,245,245.05,245,245,285
2026-09-08T09:44:00.000Z,2026-09-08T12:44:00,245,245,245,245,470
2026-09-08T09:45:00.000Z,2026-09-08T12:45:00,245.1,245.1,245,245,1122
2026-09-08T09:46:00.000Z,2026-09-08T12:46:00,245,245,245,245,300
2026-09-08T09:47:00.000Z,2026-09-08T12:47:00,245.99,245.99,245.01,245.01,18
2026-09-08T09:49:00.000Z,2026-09-08T12:49:00,245.01,245.01,245,245,100
2026-09-08T09:51:00.000Z,2026-09-08T12:51:00,245,245,245,245,372
2026-09-08T09:53:00.000Z,2026-09-08T12:53:00,245.1,245.49,245,245,1015
2026-09-08T09:55:00.000Z,2026-09-08T12:55:00,245.49,245.49,245.2,245.2,55
2026-09-08T09:56:00.000Z,2026-09-08T12:56:00,245,245,245,245,14
2026-09-08T09:57:00.000Z,2026-09-08T12:57:00,244.99,244.99,243.5,243.5,7268
2026-09-08T09:58:00.000Z,2026-09-08T12:58:00,243.5,243.5,243.01,243.01,213
2026-09-08T09:59:00.000Z,2026-09-08T12:59:00,243.02,244.99,243,244.99,183
2026-09-08T10:00:00.000Z,2026-09-08T13:00:00,243.99,243.99,243.99,243.99,20
2026-09-08T10:01:00.000Z,2026-09-08T13:01:00,243.03,243.99,243,243.99,1103
2026-09-08T10:02:00.000Z,2026-09-08T13:02:00,243,243,243,243,409
2026-09-08T10:03:00.000Z,2026-09-08T13:03:00,243,244.98,243,244.98,41
2026-09-08T10:05:00.000Z,2026-09-08T13:05:00,243,243,243,243,9
2026-09-08T10:07:00.000Z,2026-09-08T13:07:00,245,245,243,243.01,43
2026-09-08T10:08:00.000Z,2026-09-08T13:08:00,243.01,243.01,243.01,243.01,6
2026-09-08T10:09:00.000Z,2026-09-08T13:09:00,243.01,243.01,243.01,243.01,20
2026-09-08T10:10:00.000Z,2026-09-08T13:10:00,243,243.01,243,243.01,316
2026-09-08T10:11:00.000Z,2026-09-08T13:11:00,243,243,243,243,104
2026-09-08T10:13:00.000Z,2026-09-08T13:13:00,243,243,243,243,91
2026-09-08T10:14:00.000Z,2026-09-08T13:14:00,242.7,243.01,242.6,242.6,68
2026-09-08T10:15:00.000Z,2026-09-08T13:15:00,243.01,243.01,243.01,243.01,255
2026-09-08T10:16:00.000Z,2026-09-08T13:16:00,243.01,243.01,242.5,242.5,2373
2026-09-08T10:17:00.000Z,2026-09-08T13:17:00,243.01,243.01,243.01,243.01,119
2026-09-08T10:19:00.000Z,2026-09-08T13:19:00,243.01,243.01,243,243,133
2026-09-08T10:20:00.000Z,2026-09-08T13:20:00,242.5,242.5,242.5,242.5,13
2026-09-08T10:21:00.000Z,2026-09-08T13:21:00,242.5,242.99,242.5,242.99,848
2026-09-08T10:22:00.000Z,2026-09-08T13:22:00,242.5,242.99,242.5,242.99,85
2026-09-08T10:23:00.000Z,2026-09-08T13:23:00,242.9,242.99,242.9,242.99,348
2026-09-08T10:24:00.000Z,2026-09-08T13:24:00,242.99,242.99,242.99,242.99,5
2026-09-08T10:25:00.000Z,2026-09-08T13:25:00,242.99,242.99,242.99,242.99,25
2026-09-08T10:26:00.000Z,2026-09-08T13:26:00,242.99,242.99,242.99,242.99,30
2026-09-08T10:27:00.000Z,2026-09-08T13:27:00,242.99,242.99,242.99,242.99,6
2026-09-08T10:28:00.000Z,2026-09-08T13:28:00,242.99,242.99,242.99,242.99,194
2026-09-08T10:30:00.000Z,2026-09-08T13:30:00,242.99,242.99,242.99,242.99,40
2026-09-08T10:31:00.000Z,2026-09-08T13:31:00,242.99,242.99,242.99,242.99,100
2026-09-08T10:32:00.000Z,2026-09-08T13:32:00,242.66,242.66,242.66,242.66,30
2026-09-08T10:33:00.000Z,2026-09-08T13:33:00,242.99,242.99,242.66,242.99,152
2026-09-08T10:34:00.000Z,2026-09-08T13:34:00,242.66,242.66,242.66,242.66,30
2026-09-08T10:35:00.000Z,2026-09-08T13:35:00,242.99,242.99,242.99,242.99,180
2026-09-08T10:36:00.000Z,2026-09-08T13:36:00,242.99,242.99,242.99,242.99,41
2026-09-08T10:37:00.000Z,2026-09-08T13:37:00,242.99,242.99,242.99,242.99,10
2026-09-08T10:38:00.000Z,2026-09-08T13:38:00,242.99,242.99,242.99,242.99,556
2026-09-08T10:39:00.000Z,2026-09-08T13:39:00,242.99,242.99,242.99,242.99,900
2026-09-08T10:40:00.000Z,2026-09-08T13:40:00,242.73,242.73,242.73,242.73,19
2026-09-08T10:42:00.000Z,2026-09-08T13:42:00,242.81,242.81,242.81,242.81,13
2026-09-08T10:43:00.000Z,2026-09-08T13:43:00,242.99,246,242.96,246,714
2026-09-08T10:44:00.000Z,2026-09-08T13:44:00,245.95,245.97,245.95,245.97,53
2026-09-08T10:45:00.000Z,2026-09-08T13:45:00,245.95,247,245.93,247,516
2026-09-08T10:47:00.000Z,2026-09-08T13:47:00,246.97,247.5,246.97,247.5,520
2026-09-08T10:49:00.000Z,2026-09-08T13:49:00,247.45,247.5,247.45,247.49,515
2026-09-08T10:51:00.000Z,2026-09-08T13:51:00,247.28,247.35,247.28,247.33,516
2026-09-08T10:52:00.000Z,2026-09-08T13:52:00,244.5,246.94,244.5,246.94,214
2026-09-08T10:54:00.000Z,2026-09-08T13:54:00,246.49,246.5,246.49,246.5,512
2026-09-08T10:55:00.000Z,2026-09-08T13:55:00,245.99,246.5,245.99,246.5,512
2026-09-08T10:56:00.000Z,2026-09-08T13:56:00,246,246.48,246,246.48,214
2026-09-08T10:57:00.000Z,2026-09-08T13:57:00,246.47,246.47,246.39,246.4,514
2026-09-08T10:58:00.000Z,2026-09-08T13:58:00,246,246,244,244,776
2026-09-08T10:59:00.000Z,2026-09-08T13:59:00,244.01,244.01,244,244,677
2026-09-08T11:00:00.000Z,2026-09-08T14:00:00,244.01,246.99,244,246.99,1040
2026-09-08T11:01:00.000Z,2026-09-08T14:01:00,244.01,247.35,244.01,247.35,212
2026-09-08T11:03:00.000Z,2026-09-08T14:03:00,247.33,247.6,244.09,244.09,235
2026-09-08T11:04:00.000Z,2026-09-08T14:04:00,247,247,247,247,1
2026-09-08T11:05:00.000Z,2026-09-08T14:05:00,246,246,246,246,85
2026-09-08T11:06:00.000Z,2026-09-08T14:06:00,247,247,246,246,370
2026-09-08T11:08:00.000Z,2026-09-08T14:08:00,246.01,246.01,246.01,246.01,30
2026-09-08T11:09:00.000Z,2026-09-08T14:09:00,247,247.6,247,247.6,20
2026-09-08T11:10:00.000Z,2026-09-08T14:10:00,247.6,247.8,247.6,247.8,213
2026-09-08T11:11:00.000Z,2026-09-08T14:11:00,247.59,247.59,247.58,247.58,111
2026-09-08T11:12:00.000Z,2026-09-08T14:12:00,247.48,247.48,246,246,80
2026-09-08T11:13:00.000Z,2026-09-08T14:13:00,246,246,246,246,142
2026-09-08T11:14:00.000Z,2026-09-08T14:14:00,246,246,246,246,40
2026-09-08T11:25:00.000Z,2026-09-08T14:25:00,245,245,245,245,2820
2026-09-08T11:27:00.000Z,2026-09-08T14:27:00,245,245,245,245,2000
2026-09-09T07:00:00.000Z,2026-09-09T10:00:00,245,245,245,245,269
2026-09-09T07:01:00.000Z,2026-09-09T10:01:00,244.99,244.99,244.99,244.99,3
2026-09-09T07:02:00.000Z,2026-09-09T10:02:00,244.99,244.99,244.99,244.99,10
2026-09-09T07:03:00.000Z,2026-09-09T10:03:00,244,244,243,243,145
2026-09-09T07:05:00.000Z,2026-09-09T10:05:00,244.99,244.99,244.99,244.99,5
2026-09-09T07:06:00.000Z,2026-09-09T10:06:00,243.02,244.99,243,244.99,48
2026-09-09T07:10:00.000Z,2026-09-09T10:10:00,243.11,244.99,243.11,244.99,19
2026-09-09T07:12:00.000Z,2026-09-09T10:12:00,243.16,243.2,243.16,243.2,126
2026-09-09T07:13:00.000Z,2026-09-09T10:13:00,243.2,243.2,243.2,243.2,3
2026-09-09T07:15:00.000Z,2026-09-09T10:15:00,243.2,243.2,243.2,243.2,128
2026-09-09T07:16:00.000Z,2026-09-09T10:16:00,243.26,243.26,243.26,243.26,47
2026-09-09T07:17:00.000Z,2026-09-09T10:17:00,243.26,243.28,243.26,243.28,26
2026-09-09T07:20:00.000Z,2026-09-09T10:20:00,244.99,244.99,243.5,243.5,67
2026-09-09T07:21:00.000Z,2026-09-09T10:21:00,244.99,244.99,244.99,244.99,20
2026-09-09T07:24:00.000Z,2026-09-09T10:24:00,244.9,244.9,244.9,244.9,2
2026-09-09T07:25:00.000Z,2026-09-09T10:25:00,243.31,244.99,243.31,244.99,50
2026-09-09T07:26:00.000Z,2026-09-09T10:26:00,244,244,244,244,40
2026-09-09T07:27:00.000Z,2026-09-09T10:27:00,244.98,244.98,244.98,244.98,1
2026-09-09T07:28:00.000Z,2026-09-09T10:28:00,244.98,244.98,244.98,244.98,1
2026-09-09T07:29:00.000Z,2026-09-09T10:29:00,244.01,244.98,244.01,244.98,25
2026-09-09T07:30:00.000Z,2026-09-09T10:30:00,244.98,245,244.98,245,881
2026-09-09T07:31:00.000Z,2026-09-09T10:31:00,246.98,246.98,246.98,246.98,11
2026-09-09T07:35:00.000Z,2026-09-09T10:35:00,245.01,245.01,245.01,245.01,20
2026-09-09T07:36:00.000Z,2026-09-09T10:36:00,246,246.95,245,246.94,645
2026-09-09T07:37:00.000Z,2026-09-09T10:37:00,245,245,245,245,500
2026-09-09T07:38:00.000Z,2026-09-09T10:38:00,245.98,245.98,245.98,245.98,55
2026-09-09T07:40:00.000Z,2026-09-09T10:40:00,245.98,245.98,245.01,245.01,320
2026-09-09T07:41:00.000Z,2026-09-09T10:41:00,245.01,245.01,245.01,245.01,10
2026-09-09T07:42:00.000Z,2026-09-09T10:42:00,245.99,245.99,245.99,245.99,2
2026-09-09T07:43:00.000Z,2026-09-09T10:43:00,245.01,245.99,245.01,245.99,33
2026-09-09T07:44:00.000Z,2026-09-09T10:44:00,245.01,245.01,245,245,161
2026-09-09T07:45:00.000Z,2026-09-09T10:45:00,245.99,245.99,245,245,1067
2026-09-09T07:46:00.000Z,2026-09-09T10:46:00,245,245,244.01,244.01,159
2026-09-09T07:47:00.000Z,2026-09-09T10:47:00,245,245,244.01,244.01,110
2026-09-09T07:49:00.000Z,2026-09-09T10:49:00,244.02,244.02,244,244,75
2026-09-09T07:50:00.000Z,2026-09-09T10:50:00,244,244,244,244,18
2026-09-09T07:51:00.000Z,2026-09-09T10:51:00,243.61,243.61,243.32,243.32,18
2026-09-09T07:57:00.000Z,2026-09-09T10:57:00,243.32,243.32,243.32,243.32,39
2026-09-09T08:00:00.000Z,2026-09-09T11:00:00,243.32,243.35,243.32,243.35,71
2026-09-09T08:02:00.000Z,2026-09-09T11:02:00,244,245,244,245,2068
2026-09-09T08:05:00.000Z,2026-09-09T11:05:00,244.01,244.01,244.01,244.01,43
2026-09-09T08:06:00.000Z,2026-09-09T11:06:00,244.99,244.99,244.99,244.99,1
2026-09-09T08:08:00.000Z,2026-09-09T11:08:00,244.98,244.98,244.98,244.98,55
2026-09-09T08:09:00.000Z,2026-09-09T11:09:00,244.02,245,244.02,245,535
2026-09-09T08:12:00.000Z,2026-09-09T11:12:00,244.03,244.03,244.02,244.02,71
2026-09-09T08:15:00.000Z,2026-09-09T11:15:00,244.98,244.98,244.98,244.98,40
2026-09-09T08:17:00.000Z,2026-09-09T11:17:00,244.98,244.98,244.05,244.05,4
2026-09-09T08:18:00.000Z,2026-09-09T11:18:00,244.98,245,244.98,245,10
2026-09-09T08:20:00.000Z,2026-09-09T11:20:00,245,245,245,245,2
2026-09-09T08:21:00.000Z,2026-09-09T11:21:00,245,245,245,245,11
2026-09-09T08:23:00.000Z,2026-09-09T11:23:00,244.99,244.99,244.99,244.99,20
2026-09-09T08:24:00.000Z,2026-09-09T11:24:00,244.1,244.1,244.01,244.01,207
2026-09-09T08:26:00.000Z,2026-09-09T11:26:00,244.01,244.99,244.01,244.99,76
2026-09-09T08:28:00.000Z,2026-09-09T11:28:00,244.98,244.99,244.98,244.99,61
2026-09-09T08:31:00.000Z,2026-09-09T11:31:00,244.99,244.99,244.02,244.02,82
2026-09-09T08:35:00.000Z,2026-09-09T11:35:00,244.02,244.02,244.02,244.02,48
2026-09-09T08:39:00.000Z,2026-09-09T11:39:00,244.02,244.02,244.02,244.02,2
2026-09-09T08:40:00.000Z,2026-09-09T11:40:00,244.02,244.02,244,244,122
2026-09-09T08:41:00.000Z,2026-09-09T11:41:00,244,244,244,244,9
2026-09-09T08:43:00.000Z,2026-09-09T11:43:00,244.96,244.96,244.96,244.96,1
2026-09-09T08:45:00.000Z,2026-09-09T11:45:00,244.96,244.96,244.96,244.96,4
2026-09-09T08:46:00.000Z,2026-09-09T11:46:00,244,244,244,244,231
2026-09-09T08:48:00.000Z,2026-09-09T11:48:00,244,244,244,244,20
2026-09-09T08:49:00.000Z,2026-09-09T11:49:00,243.32,243.32,243.15,243.15,145
2026-09-09T08:50:00.000Z,2026-09-09T11:50:00,243.15,243.15,243.15,243.15,19
2026-09-09T08:51:00.000Z,2026-09-09T11:51:00,244,244,244,244,26
2026-09-09T08:57:00.000Z,2026-09-09T11:57:00,243.99,243.99,243.99,243.99,122
2026-09-09T08:58:00.000Z,2026-09-09T11:58:00,243.99,243.99,243.99,243.99,22
2026-09-09T08:59:00.000Z,2026-09-09T11:59:00,243.99,243.99,243.5,243.5,48
2026-09-09T09:00:00.000Z,2026-09-09T12:00:00,243.5,243.5,243.1,243.1,272
2026-09-09T09:03:00.000Z,2026-09-09T12:03:00,243.99,243.99,243.99,243.99,1
2026-09-09T09:06:00.000Z,2026-09-09T12:06:00,243.99,243.99,243.99,243.99,75
2026-09-09T09:07:00.000Z,2026-09-09T12:07:00,243.99,243.99,243.99,243.99,70
2026-09-09T09:09:00.000Z,2026-09-09T12:09:00,243.11,243.11,242,242,3189
2026-09-09T09:10:00.000Z,2026-09-09T12:10:00,242.01,242.01,242.01,242.01,15
2026-09-09T09:11:00.000Z,2026-09-09T12:11:00,243.98,243.98,243.98,243.98,10
2026-09-09T09:12:00.000Z,2026-09-09T12:12:00,243.98,243.98,243.98,243.98,10
2026-09-09T09:13:00.000Z,2026-09-09T12:13:00,243.98,243.98,243.98,243.98,13
2026-09-09T09:14:00.000Z,2026-09-09T12:14:00,243,243,243,243,50
2026-09-09T09:16:00.000Z,2026-09-09T12:16:00,242.06,242.99,242.01,242.99,314
2026-09-09T09:17:00.000Z,2026-09-09T12:17:00,242.99,242.99,242.99,242.99,3
2026-09-09T09:19:00.000Z,2026-09-09T12:19:00,242.99,243,242.99,243,60
2026-09-09T09:20:00.000Z,2026-09-09T12:20:00,243.5,243.99,243.5,243.98,60
2026-09-09T09:27:00.000Z,2026-09-09T12:27:00,243.98,243.98,243.98,243.98,200
2026-09-09T09:29:00.000Z,2026-09-09T12:29:00,243,243,243,243,25
2026-09-09T09:31:00.000Z,2026-09-09T12:31:00,243,243,243,243,20
2026-09-09T09:32:00.000Z,2026-09-09T12:32:00,243,243.98,243,243.98,33
2026-09-09T09:33:00.000Z,2026-09-09T12:33:00,243.97,243.97,243.97,243.97,10
2026-09-09T09:34:00.000Z,2026-09-09T12:34:00,243.97,243.97,243.97,243.97,40
2026-09-09T09:35:00.000Z,2026-09-09T12:35:00,243.97,244,243.97,244,1972
2026-09-09T09:36:00.000Z,2026-09-09T12:36:00,243.9,243.9,243.9,243.9,46
2026-09-09T09:38:00.000Z,2026-09-09T12:38:00,243.05,243.05,243.05,243.05,25
2026-09-09T09:39:00.000Z,2026-09-09T12:39:00,243.05,243.89,243.05,243.89,10
2026-09-09T09:43:00.000Z,2026-09-09T12:43:00,243.05,243.05,243.05,243.05,4
2026-09-09T09:44:00.000Z,2026-09-09T12:44:00,243.89,243.89,243.89,243.89,4
2026-09-09T09:45:00.000Z,2026-09-09T12:45:00,243.05,243.05,242.5,242.5,20
2026-09-09T09:47:00.000Z,2026-09-09T12:47:00,242.5,243,242,242,2040
2026-09-09T09:48:00.000Z,2026-09-09T12:48:00,243.79,243.79,242,242,1532
2026-09-09T09:52:00.000Z,2026-09-09T12:52:00,242.99,242.99,242.99,242.99,10
2026-09-09T09:54:00.000Z,2026-09-09T12:54:00,242.98,242.98,242.2,242.2,70
2026-09-09T09:56:00.000Z,2026-09-09T12:56:00,242.3,242.98,242.2,242.98,256
2026-09-09T09:57:00.000Z,2026-09-09T12:57:00,242.2,242.99,242.2,242.99,187
2026-09-09T09:59:00.000Z,2026-09-09T12:59:00,242.5,242.5,242.5,242.5,10
2026-09-09T10:00:00.000Z,2026-09-09T13:00:00,242.6,243.76,242.2,243.76,205
2026-09-09T10:01:00.000Z,2026-09-09T13:01:00,243.69,243.69,243.67,243.67,21
2026-09-09T10:02:00.000Z,2026-09-09T13:02:00,243.64,243.64,243.64,243.64,16
2026-09-09T10:03:00.000Z,2026-09-09T13:03:00,243.66,243.66,243.66,243.66,20
2026-09-09T10:04:00.000Z,2026-09-09T13:04:00,243.66,243.66,243.66,243.66,2
2026-09-09T10:08:00.000Z,2026-09-09T13:08:00,243.25,243.66,243.25,243.66,119
2026-09-09T10:09:00.000Z,2026-09-09T13:09:00,242.2,242.2,242.2,242.2,13
2026-09-09T10:11:00.000Z,2026-09-09T13:11:00,243.66,243.68,243.66,243.67,247
2026-09-09T10:15:00.000Z,2026-09-09T13:15:00,242.21,242.21,242.21,242.21,2
2026-09-09T10:17:00.000Z,2026-09-09T13:17:00,242.22,243.67,242.2,242.2,514
2026-09-09T10:18:00.000Z,2026-09-09T13:18:00,242.2,242.2,242.2,242.2,194
2026-09-09T10:20:00.000Z,2026-09-09T13:20:00,242.02,242.02,240,240,2445
2026-09-09T10:21:00.000Z,2026-09-09T13:21:00,240.77,240.77,239,239,4010
2026-09-09T10:22:00.000Z,2026-09-09T13:22:00,239.84,239.84,239.84,239.84,14
2026-09-09T10:23:00.000Z,2026-09-09T13:23:00,239.85,239.85,239,239,2689
2026-09-09T10:24:00.000Z,2026-09-09T13:24:00,239.84,239.84,239,239,3437
2026-09-09T10:25:00.000Z,2026-09-09T13:25:00,239,239,239,239,283
2026-09-09T10:26:00.000Z,2026-09-09T13:26:00,239,239,239,239,67
2026-09-09T10:27:00.000Z,2026-09-09T13:27:00,239,239,239,239,218
2026-09-09T10:28:00.000Z,2026-09-09T13:28:00,239.85,239.85,239.85,239.85,145
2026-09-09T10:31:00.000Z,2026-09-09T13:31:00,239.5,240,239.5,240,72
2026-09-09T10:32:00.000Z,2026-09-09T13:32:00,239.5,240,239,240,1660
2026-09-09T10:33:00.000Z,2026-09-09T13:33:00,239.8,240,239.8,240,220
2026-09-09T10:34:00.000Z,2026-09-09T13:34:00,240,240,240,240,422
2026-09-09T10:35:00.000Z,2026-09-09T13:35:00,239.1,239.1,239.01,239.01,55
2026-09-09T10:36:00.000Z,2026-09-09T13:36:00,240,240,239.01,239.01,571
2026-09-09T10:37:00.000Z,2026-09-09T13:37:00,239.02,239.02,239.01,239.01,536
2026-09-09T10:38:00.000Z,2026-09-09T13:38:00,240,240,240,240,470
2026-09-09T10:39:00.000Z,2026-09-09T13:39:00,240,240,240,240,405
2026-09-09T10:40:00.000Z,2026-09-09T13:40:00,240.77,240.77,239,239,1426
2026-09-09T10:41:00.000Z,2026-09-09T13:41:00,239,239.99,239,239.99,148
2026-09-09T10:42:00.000Z,2026-09-09T13:42:00,239.99,240,239.99,240,902
2026-09-09T10:43:00.000Z,2026-09-09T13:43:00,240,240,240,240,15
2026-09-09T10:44:00.000Z,2026-09-09T13:44:00,240,240,239.1,240,849
2026-09-09T10:45:00.000Z,2026-09-09T13:45:00,240,240,240,240,24
2026-09-09T10:47:00.000Z,2026-09-09T13:47:00,239.99,239.99,239.99,239.99,27
2026-09-09T10:48:00.000Z,2026-09-09T13:48:00,239.11,240,235.02,238,3158
2026-09-09T10:49:00.000Z,2026-09-09T13:49:00,238,238.9,235.51,238.9,73
2026-09-09T10:50:00.000Z,2026-09-09T13:50:00,238.9,238.9,238.9,238.9,71
2026-09-09T10:51:00.000Z,2026-09-09T13:51:00,238.95,239.99,238.95,239.99,366
2026-09-09T10:52:00.000Z,2026-09-09T13:52:00,239,239,239,239,2
2026-09-09T10:53:00.000Z,2026-09-09T13:53:00,239.98,239.98,239.96,239.96,562
2026-09-09T10:54:00.000Z,2026-09-09T13:54:00,239.96,239.96,239,239,33
2026-09-09T10:55:00.000Z,2026-09-09T13:55:00,239.94,239.94,239,239,70
2026-09-09T10:56:00.000Z,2026-09-09T13:56:00,239,239,238,239,198
2026-09-09T10:57:00.000Z,2026-09-09T13:57:00,239,239,239,239,2129
2026-09-09T10:58:00.000Z,2026-09-09T13:58:00,238.99,238.99,238.89,238.9,391
2026-09-09T10:59:00.000Z,2026-09-09T13:59:00,238.9,238.9,238,238,281
2026-09-09T11:00:00.000Z,2026-09-09T14:00:00,238.9,238.9,238.9,238.9,233
2026-09-09T11:01:00.000Z,2026-09-09T14:01:00,238.9,238.99,238.9,238.99,45
2026-09-09T11:02:00.000Z,2026-09-09T14:02:00,238.89,238.99,235.15,235.15,4329
2026-09-09T11:03:00.000Z,2026-09-09T14:03:00,238.99,238.99,238,238,17
2026-09-09T11:04:00.000Z,2026-09-09T14:04:00,238,238,237.9,237.9,513
2026-09-09T11:05:00.000Z,2026-09-09T14:05:00,237.75,237.8,236.01,236.01,439
2026-09-09T11:06:00.000Z,2026-09-09T14:06:00,237.8,239.79,237.01,237.01,260
2026-09-09T11:07:00.000Z,2026-09-09T14:07:00,238,239.78,238,239.78,73
2026-09-09T11:08:00.000Z,2026-09-09T14:08:00,239.7,239.7,239.7,239.7,18
2026-09-09T11:09:00.000Z,2026-09-09T14:09:00,239.7,240.77,239.7,240.77,399
2026-09-09T11:10:00.000Z,2026-09-09T14:10:00,240.75,240.75,240.72,240.72,116
2026-09-09T11:11:00.000Z,2026-09-09T14:11:00,240.71,240.77,240,240,1042
2026-09-09T11:12:00.000Z,2026-09-09T14:12:00,240,240,240,240,59
2026-09-09T11:13:00.000Z,2026-09-09T14:13:00,239.95,239.95,239.95,239.95,20
2026-09-09T11:14:00.000Z,2026-09-09T14:14:00,239.95,239.95,239.95,239.95,29
2026-09-09T11:25:00.000Z,2026-09-09T14:25:00,240.57,240.57,240.57,240.57,639
2026-09-09T11:26:00.000Z,2026-09-09T14:26:00,240.57,240.57,240.57,240.57,100
2026-09-09T11:27:00.000Z,2026-09-09T14:27:00,240.57,240.57,240.57,240.57,119
2026-09-10T07:00:00.000Z,2026-09-10T10:00:00,240.5,240.5,239.95,239.95,702
2026-09-10T07:02:00.000Z,2026-09-10T10:02:00,239.99,239.99,239.99,239.99,42
2026-09-10T07:03:00.000Z,2026-09-10T10:03:00,239.95,239.95,238,239.5,1041
2026-09-10T07:04:00.000Z,2026-09-10T10:04:00,238,239.99,238,239.99,121
2026-09-10T07:05:00.000Z,2026-09-10T10:05:00,239.9,239.9,238.01,238.01,11
2026-09-10T07:06:00.000Z,2026-09-10T10:06:00,238.01,238.01,238.01,238.01,23
2026-09-10T07:07:00.000Z,2026-09-10T10:07:00,239,239,239,239,1000
2026-09-10T07:10:00.000Z,2026-09-10T10:10:00,239.85,239.85,239.5,239.5,95
2026-09-10T07:11:00.000Z,2026-09-10T10:11:00,238.02,239.5,238.01,239,166
2026-09-10T07:12:00.000Z,2026-09-10T10:12:00,239,239,238,238,233
2026-09-10T07:13:00.000Z,2026-09-10T10:13:00,238,238.9,237.57,238.9,61
2026-09-10T07:14:00.000Z,2026-09-10T10:14:00,237.6,237.6,237.57,237.6,167
2026-09-10T07:15:00.000Z,2026-09-10T10:15:00,238.48,238.48,238.48,238.48,86
2026-09-10T07:16:00.000Z,2026-09-10T10:16:00,238,238,238,238,145
2026-09-10T07:17:00.000Z,2026-09-10T10:17:00,238,238,238,238,299
2026-09-10T07:18:00.000Z,2026-09-10T10:18:00,238,238,238,238,10
2026-09-10T07:19:00.000Z,2026-09-10T10:19:00,238,238,237.61,237.61,121
2026-09-10T07:20:00.000Z,2026-09-10T10:20:00,238,238,237.61,237.61,221
2026-09-10T07:21:00.000Z,2026-09-10T10:21:00,238,238.48,238,238.48,2023
2026-09-10T07:24:00.000Z,2026-09-10T10:24:00,237.7,237.7,237.7,237.7,20
2026-09-10T07:25:00.000Z,2026-09-10T10:25:00,237.99,237.99,237.99,237.99,216
2026-09-10T07:26:00.000Z,2026-09-10T10:26:00,237.99,237.99,237.7,237.7,215
2026-09-10T07:27:00.000Z,2026-09-10T10:27:00,237.7,237.99,237.7,237.99,124
2026-09-10T07:28:00.000Z,2026-09-10T10:28:00,237.99,237.99,237.7,237.7,42
2026-09-10T07:31:00.000Z,2026-09-10T10:31:00,237.7,237.99,237.7,237.99,42
2026-09-10T07:32:00.000Z,2026-09-10T10:32:00,237.99,237.99,237.99,237.99,10
2026-09-10T07:33:00.000Z,2026-09-10T10:33:00,237.99,237.99,237.99,237.99,17
2026-09-10T07:34:00.000Z,2026-09-10T10:34:00,237.8,238,237.8,238,298
2026-09-10T07:35:00.000Z,2026-09-10T10:35:00,238,238,237.99,238,213
2026-09-10T07:36:00.000Z,2026-09-10T10:36:00,237.99,237.99,237.8,237.8,89
2026-09-10T07:37:00.000Z,2026-09-10T10:37:00,237.8,237.99,237.62,237.99,79
2026-09-10T07:38:00.000Z,2026-09-10T10:38:00,237.99,237.99,237.99,237.99,12
2026-09-10T07:39:00.000Z,2026-09-10T10:39:00,237.99,238,237.8,237.8,42
2026-09-10T07:40:00.000Z,2026-09-10T10:40:00,238,238,238,238,4
2026-09-10T07:42:00.000Z,2026-09-10T10:42:00,238,238,238,238,90
2026-09-10T07:43:00.000Z,2026-09-10T10:43:00,237.82,238,237.82,237.82,187
2026-09-10T07:45:00.000Z,2026-09-10T10:45:00,238,239.4,238,239.4,4
2026-09-10T07:46:00.000Z,2026-09-10T10:46:00,238,238,238,238,29
2026-09-10T07:47:00.000Z,2026-09-10T10:47:00,237.83,237.83,237.7,237.7,84
2026-09-10T07:48:00.000Z,2026-09-10T10:48:00,237.99,238,237.99,238,503
2026-09-10T07:49:00.000Z,2026-09-10T10:49:00,237.99,238,237.99,238,311
2026-09-10T07:50:00.000Z,2026-09-10T10:50:00,238,238,238,238,52
2026-09-10T07:51:00.000Z,2026-09-10T10:51:00,238,238,238,238,24
2026-09-10T07:52:00.000Z,2026-09-10T10:52:00,237.7,237.7,237.61,237.61,20
2026-09-10T07:53:00.000Z,2026-09-10T10:53:00,238,238,237.61,237.61,54
2026-09-10T07:54:00.000Z,2026-09-10T10:54:00,238,238,238,238,20
2026-09-10T07:55:00.000Z,2026-09-10T10:55:00,238,238,237,237,1520
2026-09-10T07:57:00.000Z,2026-09-10T10:57:00,237,237,237,237,181
2026-09-10T08:00:00.000Z,2026-09-10T11:00:00,237.95,237.95,237.9,237.9,31
2026-09-10T08:01:00.000Z,2026-09-10T11:01:00,237.9,237.9,237.9,237.9,10
2026-09-10T08:02:00.000Z,2026-09-10T11:02:00,237.5,237.5,237.5,237.5,5
2026-09-10T08:03:00.000Z,2026-09-10T11:03:00,237.7,238,235.5,235.5,950
2026-09-10T08:05:00.000Z,2026-09-10T11:05:00,237.97,237.97,236,236,35
2026-09-10T08:09:00.000Z,2026-09-10T11:09:00,237,237,236,236,1434
2026-09-10T08:10:00.000Z,2026-09-10T11:10:00,236,236,236,236,21
2026-09-10T08:12:00.000Z,2026-09-10T11:12:00,236,236,236,236,18
2026-09-10T08:13:00.000Z,2026-09-10T11:13:00,236,236,236,236,20
2026-09-10T08:14:00.000Z,2026-09-10T11:14:00,235.52,236,235.52,236,115
2026-09-10T08:15:00.000Z,2026-09-10T11:15:00,236,236,235.51,235.51,180
2026-09-10T08:16:00.000Z,2026-09-10T11:16:00,236,236,236,236,483
2026-09-10T08:17:00.000Z,2026-09-10T11:17:00,237.49,237.49,237.49,237.49,42
2026-09-10T08:19:00.000Z,2026-09-10T11:19:00,237.48,237.48,237.48,237.48,5
2026-09-10T08:20:00.000Z,2026-09-10T11:20:00,237,237,237,237,621
2026-09-10T08:22:00.000Z,2026-09-10T11:22:00,236.99,236.99,236.99,236.99,3
2026-09-10T08:23:00.000Z,2026-09-10T11:23:00,236.94,236.99,236.94,236.99,290
2026-09-10T08:24:00.000Z,2026-09-10T11:24:00,236.94,236.94,236.94,236.94,5
2026-09-10T08:25:00.000Z,2026-09-10T11:25:00,236.9,236.9,236.9,236.9,50
2026-09-10T08:26:00.000Z,2026-09-10T11:26:00,236,236,236,236,158
2026-09-10T08:27:00.000Z,2026-09-10T11:27:00,235.8,235.8,235.8,235.8,6
2026-09-10T08:28:00.000Z,2026-09-10T11:28:00,236,236,235.5,235.5,662
2026-09-10T08:29:00.000Z,2026-09-10T11:29:00,235.8,235.8,235.5,235.5,1000
2026-09-10T08:30:00.000Z,2026-09-10T11:30:00,235.5,235.5,235.5,235.5,20
2026-09-10T08:31:00.000Z,2026-09-10T11:31:00,236,236,236,236,45
2026-09-10T08:32:00.000Z,2026-09-10T11:32:00,235.51,236,235.5,236,362
2026-09-10T08:34:00.000Z,2026-09-10T11:34:00,235.9,235.9,235.25,235.25,1356
2026-09-10T08:35:00.000Z,2026-09-10T11:35:00,235.25,235.25,235.2,235.2,29
2026-09-10T08:36:00.000Z,2026-09-10T11:36:00,235.2,236,235.15,236,105
2026-09-10T08:39:00.000Z,2026-09-10T11:39:00,236,236,235.15,235.15,8
2026-09-10T08:40:00.000Z,2026-09-10T11:40:00,236,236,236,236,15
2026-09-10T08:41:00.000Z,2026-09-10T11:41:00,236,236,236,236,168
2026-09-10T08:42:00.000Z,2026-09-10T11:42:00,236,236,236,236,11
2026-09-10T08:43:00.000Z,2026-09-10T11:43:00,235.6,236,235.11,236,1050
2026-09-10T08:44:00.000Z,2026-09-10T11:44:00,236,236,236,236,11
2026-09-10T08:46:00.000Z,2026-09-10T11:46:00,236,236,236,236,66
2026-09-10T08:47:00.000Z,2026-09-10T11:47:00,236,236,236,236,7
2026-09-10T08:49:00.000Z,2026-09-10T11:49:00,236,236,236,236,427
2026-09-10T08:50:00.000Z,2026-09-10T11:50:00,236,236,235.3,235.3,6
2026-09-10T08:51:00.000Z,2026-09-10T11:51:00,235.3,236,235.15,236,30
2026-09-10T08:53:00.000Z,2026-09-10T11:53:00,235.15,236,235.15,236,25
2026-09-10T08:55:00.000Z,2026-09-10T11:55:00,236,236,235.5,235.5,28
2026-09-10T08:57:00.000Z,2026-09-10T11:57:00,236,236,236,236,8
2026-09-10T08:59:00.000Z,2026-09-10T11:59:00,236,236,236,236,412
2026-09-10T09:03:00.000Z,2026-09-10T12:03:00,236,236,235.5,235.5,40
2026-09-10T09:05:00.000Z,2026-09-10T12:05:00,236,236,236,236,26
2026-09-10T09:06:00.000Z,2026-09-10T12:06:00,236,236,236,236,12
2026-09-10T09:07:00.000Z,2026-09-10T12:07:00,236,236,235.51,235.51,211
2026-09-10T09:09:00.000Z,2026-09-10T12:09:00,236,236,235.51,235.51,423
2026-09-10T09:10:00.000Z,2026-09-10T12:10:00,235.51,235.51,235.15,235.15,300
2026-09-10T09:11:00.000Z,2026-09-10T12:11:00,235.51,235.51,235.51,235.51,20
2026-09-10T09:12:00.000Z,2026-09-10T12:12:00,235.98,235.98,235.98,235.98,8
2026-09-10T09:13:00.000Z,2026-09-10T12:13:00,235.98,235.98,235.51,235.9,342
2026-09-10T09:14:00.000Z,2026-09-10T12:14:00,235.89,235.89,235.25,235.89,119
2026-09-10T09:15:00.000Z,2026-09-10T12:15:00,235.89,235.89,235.89,235.89,15
2026-09-10T09:17:00.000Z,2026-09-10T12:17:00,235.5,235.5,234.5,234.5,3108
2026-09-10T09:18:00.000Z,2026-09-10T12:18:00,234.99,234.99,234.99,234.99,54
2026-09-10T09:20:00.000Z,2026-09-10T12:20:00,235,235,235,235,502
2026-09-10T09:21:00.000Z,2026-09-10T12:21:00,235,235,235,235,396
2026-09-10T09:24:00.000Z,2026-09-10T12:24:00,236,236,235,235,1021
2026-09-10T09:27:00.000Z,2026-09-10T12:27:00,235,235,235,235,337
2026-09-10T09:28:00.000Z,2026-09-10T12:28:00,234.51,235,234.5,235,554
2026-09-10T09:29:00.000Z,2026-09-10T12:29:00,235,235,235,235,66
2026-09-10T09:30:00.000Z,2026-09-10T12:30:00,235,235,235,235,6
2026-09-10T09:31:00.000Z,2026-09-10T12:31:00,235,235,234.55,234.55,114
2026-09-10T09:32:00.000Z,2026-09-10T12:32:00,235,236,235,236,1000
2026-09-10T09:33:00.000Z,2026-09-10T12:33:00,236,236,236,236,10
2026-09-10T09:34:00.000Z,2026-09-10T12:34:00,236,236,234.6,234.6,91
2026-09-10T09:36:00.000Z,2026-09-10T12:36:00,234.65,234.65,234.55,234.55,310
2026-09-10T09:37:00.000Z,2026-09-10T12:37:00,235.99,235.99,235.99,235.99,224
2026-09-10T09:40:00.000Z,2026-09-10T12:40:00,235.89,235.89,234.55,234.55,202
2026-09-10T09:41:00.000Z,2026-09-10T12:41:00,234.55,235.89,234.5,234.5,450
2026-09-10T09:42:00.000Z,2026-09-10T12:42:00,235.89,235.89,235.8,235.8,173
2026-09-10T09:43:00.000Z,2026-09-10T12:43:00,235.89,235.89,235.89,235.89,5
2026-09-10T09:44:00.000Z,2026-09-10T12:44:00,235.89,235.89,235.89,235.89,4
2026-09-10T09:45:00.000Z,2026-09-10T12:45:00,235,235,235,235,106
2026-09-10T09:47:00.000Z,2026-09-10T12:47:00,235.89,235.89,235.89,235.89,13
2026-09-10T09:48:00.000Z,2026-09-10T12:48:00,235.89,235.9,235.89,235.9,49
2026-09-10T09:49:00.000Z,2026-09-10T12:49:00,235,235,235,235,20
2026-09-10T09:50:00.000Z,2026-09-10T12:50:00,235.89,235.89,235.89,235.89,92
2026-09-10T09:52:00.000Z,2026-09-10T12:52:00,235.9,235.9,235.9,235.9,11
2026-09-10T09:53:00.000Z,2026-09-10T12:53:00,235.89,235.89,235.89,235.89,13
2026-09-10T09:54:00.000Z,2026-09-10T12:54:00,235,235,235,235,52
2026-09-10T09:55:00.000Z,2026-09-10T12:55:00,235.89,235.89,235.89,235.89,1
2026-09-10T09:56:00.000Z,2026-09-10T12:56:00,235.89,235.89,235.89,235.89,2
2026-09-10T09:58:00.000Z,2026-09-10T12:58:00,235.89,235.89,235.89,235.89,2
2026-09-10T10:02:00.000Z,2026-09-10T13:02:00,235.89,235.89,235.89,235.89,7
2026-09-10T10:03:00.000Z,2026-09-10T13:03:00,235,235,235,235,4
2026-09-10T10:05:00.000Z,2026-09-10T13:05:00,235.89,235.89,235,235,44
2026-09-10T10:06:00.000Z,2026-09-10T13:06:00,235.89,235.89,235.88,235.88,50
2026-09-10T10:07:00.000Z,2026-09-10T13:07:00,235.88,235.88,235.88,235.88,20
2026-09-10T10:08:00.000Z,2026-09-10T13:08:00,235.88,235.88,235.88,235.88,1
2026-09-10T10:10:00.000Z,2026-09-10T13:10:00,235.88,235.89,235,235,391
2026-09-10T10:11:00.000Z,2026-09-10T13:11:00,235,235,235,235,94
2026-09-10T10:12:00.000Z,2026-09-10T13:12:00,234.55,235,234.55,235,45
2026-09-10T10:13:00.000Z,2026-09-10T13:13:00,235,236,235,236,1127
2026-09-10T10:14:00.000Z,2026-09-10T13:14:00,236.99,237,236.7,237,366
2026-09-10T10:16:00.000Z,2026-09-10T13:16:00,235.1,236.9,235.1,236.9,61
2026-09-10T10:18:00.000Z,2026-09-10T13:18:00,236,236,236,236,3
2026-09-10T10:19:00.000Z,2026-09-10T13:19:00,236,236,236,236,571
2026-09-10T10:20:00.000Z,2026-09-10T13:20:00,236,236.9,236,236.9,440
2026-09-10T10:21:00.000Z,2026-09-10T13:21:00,236,236,236,236,1701
2026-09-10T10:23:00.000Z,2026-09-10T13:23:00,236,237,236,237,741
2026-09-10T10:24:00.000Z,2026-09-10T13:24:00,237,237,237,237,10
2026-09-10T10:26:00.000Z,2026-09-10T13:26:00,236.01,236.9,235,236.9,1465
2026-09-10T10:27:00.000Z,2026-09-10T13:27:00,235,235.25,235,235,350
2026-09-10T10:28:00.000Z,2026-09-10T13:28:00,235,235,235,235,543
2026-09-10T10:29:00.000Z,2026-09-10T13:29:00,235,236.99,234.58,236.99,230
2026-09-10T10:30:00.000Z,2026-09-10T13:30:00,235,235,235,235,1
2026-09-10T10:32:00.000Z,2026-09-10T13:32:00,235,235,235,235,200
2026-09-10T10:33:00.000Z,2026-09-10T13:33:00,235.99,236.8,235.99,236.8,541
2026-09-10T10:34:00.000Z,2026-09-10T13:34:00,236.79,236.79,236.79,236.79,25
2026-09-10T10:39:00.000Z,2026-09-10T13:39:00,236,236,235.15,235.15,543
2026-09-10T10:41:00.000Z,2026-09-10T13:41:00,235.15,235.15,235.15,235.15,42
2026-09-10T10:43:00.000Z,2026-09-10T13:43:00,236,237,236,237,897
2026-09-10T10:44:00.000Z,2026-09-10T13:44:00,236,236,236,236,13
2026-09-10T10:45:00.000Z,2026-09-10T13:45:00,236,236,236,236,39
2026-09-10T10:46:00.000Z,2026-09-10T13:46:00,235.2,236,235.2,236,189
2026-09-10T10:47:00.000Z,2026-09-10T13:47:00,235.2,235.2,235,235,1787
2026-09-10T10:48:00.000Z,2026-09-10T13:48:00,236.99,236.99,236.99,236.99,1
2026-09-10T10:50:00.000Z,2026-09-10T13:50:00,235.01,235.01,235.01,235.01,3
2026-09-10T10:52:00.000Z,2026-09-10T13:52:00,236.5,236.5,236.5,236.5,130
2026-09-10T10:56:00.000Z,2026-09-10T13:56:00,236.5,236.5,236.5,236.5,10
2026-09-10T10:57:00.000Z,2026-09-10T13:57:00,236.5,236.5,235.25,235.25,60
2026-09-10T10:58:00.000Z,2026-09-10T13:58:00,235.31,237,235,235.01,10029
2026-09-10T10:59:00.000Z,2026-09-10T13:59:00,235,235.01,235,235.01,462
2026-09-10T11:00:00.000Z,2026-09-10T14:00:00,235.01,235.01,235,235,868
2026-09-10T11:01:00.000Z,2026-09-10T14:01:00,235,235,235,235,30
2026-09-10T11:02:00.000Z,2026-09-10T14:02:00,235,235,235,235,102
2026-09-10T11:03:00.000Z,2026-09-10T14:03:00,236.97,236.97,234.53,236.89,32
2026-09-10T11:05:00.000Z,2026-09-10T14:05:00,235.01,235.01,235,235,56
2026-09-10T11:06:00.000Z,2026-09-10T14:06:00,235,235,235,235,108
2026-09-10T11:07:00.000Z,2026-09-10T14:07:00,236,236,236,236,151
2026-09-10T11:08:00.000Z,2026-09-10T14:08:00,236,236,236,236,552
2026-09-10T11:09:00.000Z,2026-09-10T14:09:00,235.01,236,235.01,236,95
2026-09-10T11:10:00.000Z,2026-09-10T14:10:00,236,236,236,236,25
2026-09-10T11:11:00.000Z,2026-09-10T14:11:00,236,236,236,236,135
2026-09-10T11:12:00.000Z,2026-09-10T14:12:00,236,236,236,236,21
2026-09-10T11:13:00.000Z,2026-09-10T14:13:00,235.5,235.5,235.02,235.02,305
2026-09-10T11:14:00.000Z,2026-09-10T14:14:00,235.25,235.98,235,235,1092
2026-09-10T11:25:00.000Z,2026-09-10T14:25:00,235,235,235,235,2455
2026-09-10T11:27:00.000Z,2026-09-10T14:27:00,235,235,235,235,613
2026-09-10T11:28:00.000Z,2026-09-10T14:28:00,235,235,235,235,972
2026-09-13T07:00:00.000Z,2026-09-13T10:00:00,236,236,234.47,234.47,1421
2026-09-13T07:01:00.000Z,2026-09-13T10:01:00,234.47,234.47,234.47,234.47,83
2026-09-13T07:02:00.000Z,2026-09-13T10:02:00,234.45,234.45,233.02,233.25,557
2026-09-13T07:03:00.000Z,2026-09-13T10:03:00,233.25,233.25,233.25,233.25,507
2026-09-13T07:04:00.000Z,2026-09-13T10:04:00,234.47,234.47,233.25,233.25,135
2026-09-13T07:05:00.000Z,2026-09-13T10:05:00,233.25,236,232,233.25,1199
2026-09-13T07:06:00.000Z,2026-09-13T10:06:00,236,236,236,236,13
2026-09-13T07:07:00.000Z,2026-09-13T10:07:00,236,236,236,236,34
2026-09-13T07:08:00.000Z,2026-09-13T10:08:00,233.25,233.25,232.5,232.5,79
2026-09-13T07:09:00.000Z,2026-09-13T10:09:00,232.5,235.98,232.11,235.98,65
2026-09-13T07:11:00.000Z,2026-09-13T10:11:00,235.9,235.9,235,235,223
2026-09-13T07:12:00.000Z,2026-09-13T10:12:00,235,235,235,235,5
2026-09-13T07:14:00.000Z,2026-09-13T10:14:00,234.99,234.99,232.6,232.6,52
2026-09-13T07:15:00.000Z,2026-09-13T10:15:00,234.98,234.98,234.98,234.98,38
2026-09-13T07:16:00.000Z,2026-09-13T10:16:00,234,235,234,234,1100
2026-09-13T07:17:00.000Z,2026-09-13T10:17:00,234,234,234,234,716
2026-09-13T07:18:00.000Z,2026-09-13T10:18:00,234.9,235.99,234.9,235.99,473
2026-09-13T07:19:00.000Z,2026-09-13T10:19:00,235.02,236,235.02,235.02,837
2026-09-13T07:20:00.000Z,2026-09-13T10:20:00,235.1,235.1,235.1,235.1,100
2026-09-13T07:21:00.000Z,2026-09-13T10:21:00,236,236,236,236,29
2026-09-13T07:22:00.000Z,2026-09-13T10:22:00,235.1,235.1,235.1,235.1,16
2026-09-13T07:23:00.000Z,2026-09-13T10:23:00,235.1,235.1,235.1,235.1,50
2026-09-13T07:24:00.000Z,2026-09-13T10:24:00,235.1,235.1,235.02,235.02,347
2026-09-13T07:25:00.000Z,2026-09-13T10:25:00,234,234,233.1,233.1,95
2026-09-13T07:27:00.000Z,2026-09-13T10:27:00,233.12,235,233.01,235,652
2026-09-13T07:30:00.000Z,2026-09-13T10:30:00,235.5,235.5,235.5,235.5,43
2026-09-13T07:33:00.000Z,2026-09-13T10:33:00,235,235,233.01,233.01,845
2026-09-13T07:34:00.000Z,2026-09-13T10:34:00,235.5,235.5,233.01,233.01,43
2026-09-13T07:36:00.000Z,2026-09-13T10:36:00,233.02,233.02,233.02,233.02,11
2026-09-13T07:38:00.000Z,2026-09-13T10:38:00,235,235,235,235,4
2026-09-13T07:39:00.000Z,2026-09-13T10:39:00,233.03,233.03,233.03,233.03,54
2026-09-13T07:40:00.000Z,2026-09-13T10:40:00,233.04,233.04,233.02,233.02,296
2026-09-13T07:41:00.000Z,2026-09-13T10:41:00,233.02,233.02,233.02,233.02,40
2026-09-13T07:42:00.000Z,2026-09-13T10:42:00,233.02,233.02,233.02,233.02,49
2026-09-13T07:43:00.000Z,2026-09-13T10:43:00,233.02,233.02,233.02,233.02,16
2026-09-13T07:44:00.000Z,2026-09-13T10:44:00,233.02,233.02,233.02,233.02,86
2026-09-13T07:46:00.000Z,2026-09-13T10:46:00,233.02,235,233.01,233.01,150
2026-09-13T07:47:00.000Z,2026-09-13T10:47:00,235,235,235,235,23
2026-09-13T07:50:00.000Z,2026-09-13T10:50:00,233.05,234.8,233.05,234.8,4
2026-09-13T07:51:00.000Z,2026-09-13T10:51:00,234.8,234.8,234.8,234.8,3
2026-09-13T07:53:00.000Z,2026-09-13T10:53:00,233.06,233.06,233.06,233.06,10
2026-09-13T07:55:00.000Z,2026-09-13T10:55:00,234.8,234.8,234.8,234.8,3
2026-09-13T07:56:00.000Z,2026-09-13T10:56:00,233.12,234.8,233.12,234.8,15
2026-09-13T07:57:00.000Z,2026-09-13T10:57:00,234.8,234.8,233.02,233.02,2011
2026-09-13T08:00:00.000Z,2026-09-13T11:00:00,233.2,233.2,233,233,1500
2026-09-13T08:03:00.000Z,2026-09-13T11:03:00,234.74,234.74,234.74,234.74,10
2026-09-13T08:05:00.000Z,2026-09-13T11:05:00,234.5,234.5,234,234.4,42
2026-09-13T08:06:00.000Z,2026-09-13T11:06:00,234,234.4,233,234.4,84
2026-09-13T08:07:00.000Z,2026-09-13T11:07:00,234.35,234.35,234.35,234.35,58
2026-09-13T08:09:00.000Z,2026-09-13T11:09:00,234.24,234.24,234.24,234.24,146
2026-09-13T08:11:00.000Z,2026-09-13T11:11:00,234.2,234.2,233.5,233.5,32
2026-09-13T08:12:00.000Z,2026-09-13T11:12:00,234.2,234.2,233,233,101
2026-09-13T08:13:00.000Z,2026-09-13T11:13:00,233,233,233,233,129
2026-09-13T08:14:00.000Z,2026-09-13T11:14:00,232.6,233,232.5,233,323
2026-09-13T08:16:00.000Z,2026-09-13T11:16:00,233,233,233,233,275
2026-09-13T08:17:00.000Z,2026-09-13T11:17:00,232.5,232.5,232.01,232.01,300
2026-09-13T08:18:00.000Z,2026-09-13T11:18:00,233,234,233,234,12
2026-09-13T08:20:00.000Z,2026-09-13T11:20:00,234,234,234,234,7
2026-09-13T08:21:00.000Z,2026-09-13T11:21:00,232.05,232.05,232.05,232.05,71
2026-09-13T08:22:00.000Z,2026-09-13T11:22:00,232.05,232.05,232.05,232.05,15
2026-09-13T08:23:00.000Z,2026-09-13T11:23:00,233.99,233.99,232.1,232.1,30
2026-09-13T08:24:00.000Z,2026-09-13T11:24:00,233.99,233.99,232.05,232.05,35
2026-09-13T08:25:00.000Z,2026-09-13T11:25:00,232.06,232.06,232.06,232.06,6
2026-09-13T08:26:00.000Z,2026-09-13T11:26:00,233.97,233.97,233.97,233.97,13
2026-09-13T08:28:00.000Z,2026-09-13T11:28:00,233.95,233.95,233.94,233.94,51
2026-09-13T08:29:00.000Z,2026-09-13T11:29:00,233.21,233.21,233.21,233.21,32
2026-09-13T08:30:00.000Z,2026-09-13T11:30:00,233.21,233.21,232.21,232.21,105
2026-09-13T08:33:00.000Z,2026-09-13T11:33:00,233.2,233.2,233,233,30
2026-09-13T08:34:00.000Z,2026-09-13T11:34:00,233,233,233,233,16
2026-09-13T08:35:00.000Z,2026-09-13T11:35:00,232.1,232.1,232.1,232.1,17
2026-09-13T08:36:00.000Z,2026-09-13T11:36:00,232.1,232.1,232.1,232.1,15
2026-09-13T08:38:00.000Z,2026-09-13T11:38:00,233,233.2,233,233.2,114
2026-09-13T08:39:00.000Z,2026-09-13T11:39:00,233.2,233.2,233.2,233.2,4
2026-09-13T08:40:00.000Z,2026-09-13T11:40:00,233.1,233.1,232,232,3197
2026-09-13T08:41:00.000Z,2026-09-13T11:41:00,233.2,233.2,233.2,233.2,24
2026-09-13T08:43:00.000Z,2026-09-13T11:43:00,231.81,231.81,231.81,231.81,8
2026-09-13T08:45:00.000Z,2026-09-13T11:45:00,231.82,231.82,231.82,231.82,50
2026-09-13T08:48:00.000Z,2026-09-13T11:48:00,232,232,230.3,230.3,842
2026-09-13T08:49:00.000Z,2026-09-13T11:49:00,230.3,231,230,230,3824
2026-09-13T08:50:00.000Z,2026-09-13T11:50:00,230,230.99,230,230.1,450
2026-09-13T08:51:00.000Z,2026-09-13T11:51:00,230.99,230.99,228.65,230,324
2026-09-13T08:52:00.000Z,2026-09-13T11:52:00,230.99,230.99,230,230,91
2026-09-13T08:53:00.000Z,2026-09-13T11:53:00,230,230,228.65,229,353
2026-09-13T08:54:00.000Z,2026-09-13T11:54:00,229,229,228.65,229,344
2026-09-13T08:55:00.000Z,2026-09-13T11:55:00,228.65,229,228.1,229,454
2026-09-13T08:56:00.000Z,2026-09-13T11:56:00,228.15,229,228.11,228.9,176
2026-09-13T08:57:00.000Z,2026-09-13T11:57:00,228.9,228.9,228.9,228.9,47
2026-09-13T08:58:00.000Z,2026-09-13T11:58:00,228.9,228.9,228.9,228.9,52
2026-09-13T08:59:00.000Z,2026-09-13T11:59:00,229,229,229,229,91
2026-09-13T09:00:00.000Z,2026-09-13T12:00:00,229,229,227.01,227.01,1453
2026-09-13T09:02:00.000Z,2026-09-13T12:02:00,227.99,228,227.99,228,230
2026-09-13T09:03:00.000Z,2026-09-13T12:03:00,228,228,228,228,1466
2026-09-13T09:04:00.000Z,2026-09-13T12:04:00,228,228,227.2,228,490
2026-09-13T09:05:00.000Z,2026-09-13T12:05:00,228,228,227.15,228,186
2026-09-13T09:06:00.000Z,2026-09-13T12:06:00,228,228,227,227,847
2026-09-13T09:07:00.000Z,2026-09-13T12:07:00,227,227,227,227,23
2026-09-13T09:08:00.000Z,2026-09-13T12:08:00,227,227,226.5,226.5,124
2026-09-13T09:09:00.000Z,2026-09-13T12:09:00,227,227,226.51,227,101
2026-09-13T09:10:00.000Z,2026-09-13T12:10:00,227,227,225.51,225.51,1047
2026-09-13T09:11:00.000Z,2026-09-13T12:11:00,225.51,226.5,224.5,225,11910
2026-09-13T09:12:00.000Z,2026-09-13T12:12:00,225,225.01,225,225,3351
2026-09-13T09:13:00.000Z,2026-09-13T12:13:00,224.5,225,223,223,1647
2026-09-13T09:14:00.000Z,2026-09-13T12:14:00,223,223,223,223,1202
2026-09-13T09:15:00.000Z,2026-09-13T12:15:00,223,223,222,222.35,1081
2026-09-13T09:16:00.000Z,2026-09-13T12:16:00,222.35,225,222.35,225,2866
2026-09-13T09:17:00.000Z,2026-09-13T12:17:00,225,225,224.99,225,510
2026-09-13T09:18:00.000Z,2026-09-13T12:18:00,226.25,226.5,225,225,1462
2026-09-13T09:19:00.000Z,2026-09-13T12:19:00,225,225.5,225,225.5,312
2026-09-13T09:20:00.000Z,2026-09-13T12:20:00,225.5,225.5,225.5,225.5,44
2026-09-13T09:21:00.000Z,2026-09-13T12:21:00,225.5,225.8,225.5,225.5,248
2026-09-13T09:22:00.000Z,2026-09-13T12:22:00,225.5,225.5,225.45,225.45,174
2026-09-13T09:23:00.000Z,2026-09-13T12:23:00,225.45,225.45,225.45,225.45,4
2026-09-13T09:24:00.000Z,2026-09-13T12:24:00,225,225,224.05,224.05,893
2026-09-13T09:25:00.000Z,2026-09-13T12:25:00,224.5,225,224.04,225,678
2026-09-13T09:26:00.000Z,2026-09-13T12:26:00,225,225,224.99,224.99,80
2026-09-13T09:27:00.000Z,2026-09-13T12:27:00,224.99,224.99,224,224.98,1186
2026-09-13T09:28:00.000Z,2026-09-13T12:28:00,224.9,224.9,224.9,224.9,44
2026-09-13T09:29:00.000Z,2026-09-13T12:29:00,224.88,224.88,224.85,224.85,43
2026-09-13T09:30:00.000Z,2026-09-13T12:30:00,224.8,224.8,224.8,224.8,10
2026-09-13T09:31:00.000Z,2026-09-13T12:31:00,224.75,224.9,224.75,224.9,1188
2026-09-13T09:32:00.000Z,2026-09-13T12:32:00,224.9,224.9,224.5,224.75,137
2026-09-13T09:33:00.000Z,2026-09-13T12:33:00,224.5,224.9,224.5,224.9,166
2026-09-13T09:34:00.000Z,2026-09-13T12:34:00,224.9,225,224.9,225,116
2026-09-13T09:35:00.000Z,2026-09-13T12:35:00,225,225,224.9,224.98,58
2026-09-13T09:36:00.000Z,2026-09-13T12:36:00,224.98,224.98,224.98,224.98,46
2026-09-13T09:37:00.000Z,2026-09-13T12:37:00,224.98,224.98,224.9,224.9,206
2026-09-13T09:39:00.000Z,2026-09-13T12:39:00,224.89,224.9,224.89,224.9,244
2026-09-13T09:40:00.000Z,2026-09-13T12:40:00,224.52,224.52,224.52,224.52,22
2026-09-13T09:41:00.000Z,2026-09-13T12:41:00,224.9,224.9,224.5,224.5,373
2026-09-13T09:42:00.000Z,2026-09-13T12:42:00,224.9,224.9,224.5,224.9,348
2026-09-13T09:43:00.000Z,2026-09-13T12:43:00,224.9,224.9,224.9,224.9,16
2026-09-13T09:44:00.000Z,2026-09-13T12:44:00,224.8,224.99,224.8,224.99,1077
2026-09-13T09:45:00.000Z,2026-09-13T12:45:00,224.99,224.99,224.99,224.99,11
2026-09-13T09:46:00.000Z,2026-09-13T12:46:00,224.99,225,224.9,225,80
2026-09-13T09:47:00.000Z,2026-09-13T12:47:00,225,225,225,225,176
2026-09-13T09:48:00.000Z,2026-09-13T12:48:00,224.9,225,224.9,225,1678
2026-09-13T09:49:00.000Z,2026-09-13T12:49:00,224.9,225,224.9,225,1087
2026-09-13T09:50:00.000Z,2026-09-13T12:50:00,225,225,224.9,225,1247
2026-09-13T09:51:00.000Z,2026-09-13T12:51:00,225,225,225,225,790
2026-09-13T09:52:00.000Z,2026-09-13T12:52:00,225,225.5,225,225.5,261
2026-09-13T09:53:00.000Z,2026-09-13T12:53:00,225.5,225.5,225.5,225.5,10
2026-09-13T09:54:00.000Z,2026-09-13T12:54:00,225.01,226,225.01,226,100
2026-09-13T09:55:00.000Z,2026-09-13T12:55:00,225.5,226,225.02,226,83
2026-09-13T09:56:00.000Z,2026-09-13T12:56:00,226,226,226,226,42
2026-09-13T09:57:00.000Z,2026-09-13T12:57:00,226.89,226.89,226,226,106
2026-09-13T09:58:00.000Z,2026-09-13T12:58:00,226.83,226.83,226,226,333
2026-09-13T09:59:00.000Z,2026-09-13T12:59:00,225.99,225.99,225,225.83,3477
2026-09-13T10:00:00.000Z,2026-09-13T13:00:00,225,225,224.9,224.9,49
2026-09-13T10:01:00.000Z,2026-09-13T13:01:00,224.9,225,224.82,225,207
2026-09-13T10:02:00.000Z,2026-09-13T13:02:00,224.98,225,224.7,224.83,530
2026-09-13T10:03:00.000Z,2026-09-13T13:03:00,224.99,224.99,224.99,224.99,7
2026-09-13T10:04:00.000Z,2026-09-13T13:04:00,224.99,224.99,224.99,224.99,57
2026-09-13T10:05:00.000Z,2026-09-13T13:05:00,224.99,224.99,224.83,224.99,152
2026-09-13T10:06:00.000Z,2026-09-13T13:06:00,225.4,225.4,225.4,225.4,22
2026-09-13T10:07:00.000Z,2026-09-13T13:07:00,225.45,225.45,225.45,225.45,21
2026-09-13T10:08:00.000Z,2026-09-13T13:08:00,225,225,224.84,224.84,130
2026-09-13T10:09:00.000Z,2026-09-13T13:09:00,224.84,225.25,224.84,225.25,65
2026-09-13T10:10:00.000Z,2026-09-13T13:10:00,225,225,225,225,1069
2026-09-13T10:11:00.000Z,2026-09-13T13:11:00,225,225,224.83,224.83,2500
2026-09-13T10:12:00.000Z,2026-09-13T13:12:00,224.83,225.49,224.51,225.49,723
2026-09-13T10:13:00.000Z,2026-09-13T13:13:00,224.81,224.81,224.4,224.4,228
2026-09-13T10:14:00.000Z,2026-09-13T13:14:00,225.49,225.49,225.49,225.49,13
2026-09-13T10:15:00.000Z,2026-09-13T13:15:00,225.49,225.49,225.49,225.49,33
2026-09-13T10:17:00.000Z,2026-09-13T13:17:00,225.4,225.4,225,225.39,224
2026-09-13T10:18:00.000Z,2026-09-13T13:18:00,225,225,225,225,26
2026-09-13T10:19:00.000Z,2026-09-13T13:19:00,225,225,225,225,43
2026-09-13T10:20:00.000Z,2026-09-13T13:20:00,225,225,225,225,114
2026-09-13T10:21:00.000Z,2026-09-13T13:21:00,225,225,225,225,7
2026-09-13T10:22:00.000Z,2026-09-13T13:22:00,225,225,225,225,20
2026-09-13T10:23:00.000Z,2026-09-13T13:23:00,224.52,224.52,224.52,224.52,10
2026-09-13T10:24:00.000Z,2026-09-13T13:24:00,225,225,225,225,6
2026-09-13T10:25:00.000Z,2026-09-13T13:25:00,225,225,225,225,114
2026-09-13T10:26:00.000Z,2026-09-13T13:26:00,225,225,225,225,17
2026-09-13T10:27:00.000Z,2026-09-13T13:27:00,225,225.39,225,225.39,351
2026-09-13T10:28:00.000Z,2026-09-13T13:28:00,225,225,225,225,43
2026-09-13T10:29:00.000Z,2026-09-13T13:29:00,225,225,225,225,6
2026-09-13T10:30:00.000Z,2026-09-13T13:30:00,225,225,224.7,224.7,56
2026-09-13T10:31:00.000Z,2026-09-13T13:31:00,225,225.39,224.8,225.39,432
2026-09-13T10:32:00.000Z,2026-09-13T13:32:00,225.39,225.39,225,225.39,193
2026-09-13T10:33:00.000Z,2026-09-13T13:33:00,225.39,225.39,225.3,225.3,272
2026-09-13T10:35:00.000Z,2026-09-13T13:35:00,225.39,226.25,225.39,226.25,460
2026-09-13T10:36:00.000Z,2026-09-13T13:36:00,225,225,225,225,445
2026-09-13T10:37:00.000Z,2026-09-13T13:37:00,224.81,224.99,224,224.99,2210
2026-09-13T10:38:00.000Z,2026-09-13T13:38:00,224.99,224.99,224,224,425
2026-09-13T10:39:00.000Z,2026-09-13T13:39:00,223.8,224,223.13,224,134
2026-09-13T10:40:00.000Z,2026-09-13T13:40:00,224,224.5,224,224.5,358
2026-09-13T10:41:00.000Z,2026-09-13T13:41:00,223.5,223.5,223.5,223.5,3
2026-09-13T10:43:00.000Z,2026-09-13T13:43:00,224,224,224,224,500
2026-09-13T10:44:00.000Z,2026-09-13T13:44:00,224.49,224.49,224.49,224.49,16
2026-09-13T10:45:00.000Z,2026-09-13T13:45:00,224.49,224.49,223.16,224.49,459
2026-09-13T10:46:00.000Z,2026-09-13T13:46:00,224.4,224.99,223.16,223.16,1170
2026-09-13T10:47:00.000Z,2026-09-13T13:47:00,223.5,224,223.5,224,20
2026-09-13T10:48:00.000Z,2026-09-13T13:48:00,224,224.9,224,224.9,546
2026-09-13T10:49:00.000Z,2026-09-13T13:49:00,223.52,224.9,223.51,224.9,333
2026-09-13T10:50:00.000Z,2026-09-13T13:50:00,224.9,224.99,224.9,224.99,301
2026-09-13T10:51:00.000Z,2026-09-13T13:51:00,224.99,225,224.99,225,1140
2026-09-13T10:52:00.000Z,2026-09-13T13:52:00,225,225,224.99,225,309
2026-09-13T10:53:00.000Z,2026-09-13T13:53:00,225,225,224.99,224.99,79
2026-09-13T10:54:00.000Z,2026-09-13T13:54:00,224.99,225,224.6,224.6,769
2026-09-13T10:55:00.000Z,2026-09-13T13:55:00,224.6,224.99,224.6,224.99,5
2026-09-13T10:56:00.000Z,2026-09-13T13:56:00,224.7,224.7,224.6,224.6,30
2026-09-13T10:57:00.000Z,2026-09-13T13:57:00,224.6,224.6,224.36,224.36,700
2026-09-13T10:58:00.000Z,2026-09-13T13:58:00,224.97,224.97,224.97,224.97,1000
2026-09-13T10:59:00.000Z,2026-09-13T13:59:00,224.96,224.97,224.5,224.5,81
2026-09-13T11:00:00.000Z,2026-09-13T14:00:00,224.5,224.98,224.5,224.98,1006
2026-09-13T11:01:00.000Z,2026-09-13T14:01:00,224.98,224.98,224.38,224.38,355
2026-09-13T11:02:00.000Z,2026-09-13T14:02:00,224.97,224.98,224.97,224.98,190
2026-09-13T11:03:00.000Z,2026-09-13T14:03:00,224.98,224.98,224.38,224.98,332
2026-09-13T11:04:00.000Z,2026-09-13T14:04:00,224.98,224.98,224,224.98,8853
2026-09-13T11:05:00.000Z,2026-09-13T14:05:00,224.99,226,224.01,226,532
2026-09-13T11:06:00.000Z,2026-09-13T14:06:00,225.97,225.97,224.99,224.99,12
2026-09-13T11:07:00.000Z,2026-09-13T14:07:00,224.99,225.96,224.01,225.96,200
2026-09-13T11:08:00.000Z,2026-09-13T14:08:00,225.96,225.96,225.96,225.96,80
2026-09-13T11:09:00.000Z,2026-09-13T14:09:00,225.96,225.96,225.96,225.96,8
2026-09-13T11:10:00.000Z,2026-09-13T14:10:00,225,225,225,225,181
2026-09-13T11:11:00.000Z,2026-09-13T14:11:00,225,225.9,224.8,224.8,57
2026-09-13T11:12:00.000Z,2026-09-13T14:12:00,225.9,225.9,224.81,224.81,151
2026-09-13T11:13:00.000Z,2026-09-13T14:13:00,225,225.8,225,225.8,502
2026-09-13T11:14:00.000Z,2026-09-13T14:14:00,225.8,226,225.8,225.9,785
2026-09-13T11:25:00.000Z,2026-09-13T14:25:00,225.6,225.6,225.6,225.6,527
2026-09-13T11:26:00.000Z,2026-09-13T14:26:00,225.6,225.6,225.6,225.6,268
2026-09-14T07:00:00.000Z,2026-09-14T10:00:00,225.62,225.62,225.62,225.62,70
2026-09-14T07:01:00.000Z,2026-09-14T10:01:00,225.62,226,225.62,226,26
2026-09-14T07:03:00.000Z,2026-09-14T10:03:00,225.63,226,225.63,226,105
2026-09-14T07:04:00.000Z,2026-09-14T10:04:00,226,226,226,226,200
2026-09-14T07:05:00.000Z,2026-09-14T10:05:00,225.64,225.64,224.28,224.28,1297
2026-09-14T07:06:00.000Z,2026-09-14T10:06:00,224.99,224.99,224.99,224.99,68
2026-09-14T07:07:00.000Z,2026-09-14T10:07:00,224.5,224.99,224.28,224.99,38
2026-09-14T07:08:00.000Z,2026-09-14T10:08:00,224.28,224.99,224.28,224.99,11
2026-09-14T07:09:00.000Z,2026-09-14T10:09:00,224.28,224.69,222.5,224,2356
2026-09-14T07:11:00.000Z,2026-09-14T10:11:00,224.43,224.43,222.3,222.3,29
2026-09-14T07:13:00.000Z,2026-09-14T10:13:00,223,224,223,224,81
2026-09-14T07:14:00.000Z,2026-09-14T10:14:00,222.41,222.41,222.41,222.41,68
2026-09-14T07:15:00.000Z,2026-09-14T10:15:00,224,224,224,224,2
2026-09-14T07:16:00.000Z,2026-09-14T10:16:00,224,224,222.53,223.99,327
2026-09-14T07:17:00.000Z,2026-09-14T10:17:00,222.34,222.34,222.32,222.32,604
2026-09-14T07:18:00.000Z,2026-09-14T10:18:00,222.34,222.34,222.32,222.32,147
2026-09-14T07:19:00.000Z,2026-09-14T10:19:00,223.5,223.5,223.5,223.5,58
2026-09-14T07:20:00.000Z,2026-09-14T10:20:00,223.5,223.5,222.32,223,77
2026-09-14T07:21:00.000Z,2026-09-14T10:21:00,223,223,222.3,222.3,457
2026-09-14T07:22:00.000Z,2026-09-14T10:22:00,222.3,222.3,222.3,222.3,50
2026-09-14T07:23:00.000Z,2026-09-14T10:23:00,222.3,222.99,222.3,222.3,83
2026-09-14T07:24:00.000Z,2026-09-14T10:24:00,222.98,222.98,222,222,1595
2026-09-14T07:25:00.000Z,2026-09-14T10:25:00,222.98,222.98,222.98,222.98,20
2026-09-14T07:26:00.000Z,2026-09-14T10:26:00,222.04,222.97,222.02,222.97,303
2026-09-14T07:27:00.000Z,2026-09-14T10:27:00,222.11,222.96,222.01,222.16,1188
2026-09-14T07:28:00.000Z,2026-09-14T10:28:00,222.16,222.96,222.15,222.96,500
2026-09-14T07:29:00.000Z,2026-09-14T10:29:00,222.04,223,222.04,223,680
2026-09-14T07:30:00.000Z,2026-09-14T10:30:00,223.95,224.35,223,224.35,2156
2026-09-14T07:31:00.000Z,2026-09-14T10:31:00,224,224,222.02,222.02,1004
2026-09-14T07:32:00.000Z,2026-09-14T10:32:00,224,224,224,224,39
2026-09-14T07:33:00.000Z,2026-09-14T10:33:00,223.9,223.9,223.9,223.9,6
2026-09-14T07:35:00.000Z,2026-09-14T10:35:00,223.9,223.9,223.9,223.9,6
2026-09-14T07:36:00.000Z,2026-09-14T10:36:00,223.9,223.9,223.9,223.9,27
2026-09-14T07:37:00.000Z,2026-09-14T10:37:00,223.02,223.02,222.5,222.5,657
2026-09-14T07:38:00.000Z,2026-09-14T10:38:00,222.5,223,222.5,223,82
2026-09-14T07:39:00.000Z,2026-09-14T10:39:00,223,223,222.03,222.04,276
2026-09-14T07:40:00.000Z,2026-09-14T10:40:00,223,223,223,223,9
2026-09-14T07:41:00.000Z,2026-09-14T10:41:00,222.12,223,222.12,223,73
2026-09-14T07:42:00.000Z,2026-09-14T10:42:00,223,223,222.22,222.22,470
2026-09-14T07:43:00.000Z,2026-09-14T10:43:00,222.23,222.23,222.01,222.02,1019
2026-09-14T07:45:00.000Z,2026-09-14T10:45:00,222.9,222.9,222.12,222.9,22
2026-09-14T07:46:00.000Z,2026-09-14T10:46:00,222.12,223,222.12,223,208
2026-09-14T07:47:00.000Z,2026-09-14T10:47:00,223.01,223.5,223.01,223.5,32
2026-09-14T07:48:00.000Z,2026-09-14T10:48:00,223.5,223.89,223.5,223.89,245
2026-09-14T07:51:00.000Z,2026-09-14T10:51:00,223.89,223.89,223.89,223.89,15
2026-09-14T07:53:00.000Z,2026-09-14T10:53:00,223.89,223.9,223.89,223.9,12
2026-09-14T07:54:00.000Z,2026-09-14T10:54:00,223.01,224,223.01,224,402
2026-09-14T07:59:00.000Z,2026-09-14T10:59:00,223.51,223.51,223,223,205
2026-09-14T08:00:00.000Z,2026-09-14T11:00:00,223,223,222.5,222.5,101
2026-09-14T08:01:00.000Z,2026-09-14T11:01:00,222.51,222.51,222.5,222.5,700
2026-09-14T08:02:00.000Z,2026-09-14T11:02:00,223.9,223.9,223,223,2
2026-09-14T08:04:00.000Z,2026-09-14T11:04:00,223,223,222.12,222.12,126
2026-09-14T08:05:00.000Z,2026-09-14T11:05:00,222.51,223.5,222.51,223.5,134
2026-09-14T08:06:00.000Z,2026-09-14T11:06:00,222.51,223.5,222,222,1996
2026-09-14T08:07:00.000Z,2026-09-14T11:07:00,222,222,222,222,40
2026-09-14T08:08:00.000Z,2026-09-14T11:08:00,223.4,223.4,223.4,223.4,45
2026-09-14T08:09:00.000Z,2026-09-14T11:09:00,223.4,223.4,223.4,223.4,13
2026-09-14T08:11:00.000Z,2026-09-14T11:11:00,223,223,222.01,222.01,96
2026-09-14T08:12:00.000Z,2026-09-14T11:12:00,222.01,222.01,222.01,222.01,51
2026-09-14T08:13:00.000Z,2026-09-14T11:13:00,223,223,223,223,45
2026-09-14T08:15:00.000Z,2026-09-14T11:15:00,223,223,222,222,921
2026-09-14T08:16:00.000Z,2026-09-14T11:16:00,222,222,222,222,50
2026-09-14T08:17:00.000Z,2026-09-14T11:17:00,222,222,222,222,40
2026-09-14T08:18:00.000Z,2026-09-14T11:18:00,222,222,222,222,59
2026-09-14T08:19:00.000Z,2026-09-14T11:19:00,222,222,222,222,315
2026-09-14T08:20:00.000Z,2026-09-14T11:20:00,221.97,221.97,220.12,221,6319
2026-09-14T08:21:00.000Z,2026-09-14T11:21:00,222,222,222,222,22
2026-09-14T08:22:00.000Z,2026-09-14T11:22:00,222,222,222,222,45
2026-09-14T08:23:00.000Z,2026-09-14T11:23:00,222,222,222,222,82
2026-09-14T08:25:00.000Z,2026-09-14T11:25:00,222,222.8,220.21,220.21,217
2026-09-14T08:26:00.000Z,2026-09-14T11:26:00,222.8,222.8,222,222,307
2026-09-14T08:27:00.000Z,2026-09-14T11:27:00,221.11,221.11,221.11,221.11,100
2026-09-14T08:28:00.000Z,2026-09-14T11:28:00,221.11,221.11,221.11,221.11,82
2026-09-14T08:30:00.000Z,2026-09-14T11:30:00,222,222,222,222,10
2026-09-14T08:32:00.000Z,2026-09-14T11:32:00,222,222,222,222,79
2026-09-14T08:33:00.000Z,2026-09-14T11:33:00,222,222,220.2,220.2,747
2026-09-14T08:34:00.000Z,2026-09-14T11:34:00,220.21,220.52,220,220.21,5373
2026-09-14T08:35:00.000Z,2026-09-14T11:35:00,220.21,222,220.01,222,450
2026-09-14T08:36:00.000Z,2026-09-14T11:36:00,220.5,220.5,220.5,220.5,78
2026-09-14T08:37:00.000Z,2026-09-14T11:37:00,221.8,221.9,221.8,221.9,230
2026-09-14T08:38:00.000Z,2026-09-14T11:38:00,221.9,221.9,221.9,221.9,59
2026-09-14T08:39:00.000Z,2026-09-14T11:39:00,221,221,220,220,2679
2026-09-14T08:40:00.000Z,2026-09-14T11:40:00,220.01,220.5,218.01,220.5,1512
2026-09-14T08:41:00.000Z,2026-09-14T11:41:00,220,220,220,220,73
2026-09-14T08:42:00.000Z,2026-09-14T11:42:00,220,220.4,220,220,234
2026-09-14T08:43:00.000Z,2026-09-14T11:43:00,220.5,220.5,220.5,220.5,29
2026-09-14T08:44:00.000Z,2026-09-14T11:44:00,220.5,220.5,220.5,220.5,161
2026-09-14T08:46:00.000Z,2026-09-14T11:46:00,220.5,220.5,220,220,588
2026-09-14T08:47:00.000Z,2026-09-14T11:47:00,220.48,220.48,220,220,19
2026-09-14T08:48:00.000Z,2026-09-14T11:48:00,220,220,220,220,210
2026-09-14T08:49:00.000Z,2026-09-14T11:49:00,220,220.48,220,220.2,22
2026-09-14T08:50:00.000Z,2026-09-14T11:50:00,220,220,220,220,50
2026-09-14T08:52:00.000Z,2026-09-14T11:52:00,220,220,220,220,187
2026-09-14T08:53:00.000Z,2026-09-14T11:53:00,220,220,220,220,37
2026-09-14T08:55:00.000Z,2026-09-14T11:55:00,220.01,220.48,220.01,220.48,67
2026-09-14T08:56:00.000Z,2026-09-14T11:56:00,220.5,220.5,220.49,220.5,1365
2026-09-14T08:57:00.000Z,2026-09-14T11:57:00,220.02,220.5,220.01,220.5,194
2026-09-14T08:58:00.000Z,2026-09-14T11:58:00,220.5,221,220.5,220.5,643
2026-09-14T08:59:00.000Z,2026-09-14T11:59:00,220.5,220.5,220.5,220.5,46
2026-09-14T09:00:00.000Z,2026-09-14T12:00:00,220.5,221,220.5,221,305
2026-09-14T09:01:00.000Z,2026-09-14T12:01:00,220.11,220.99,220.11,220.99,63
2026-09-14T09:02:00.000Z,2026-09-14T12:02:00,220.99,220.99,220.99,220.99,148
2026-09-14T09:03:00.000Z,2026-09-14T12:03:00,220.11,220.11,220,220,2516
2026-09-14T09:04:00.000Z,2026-09-14T12:04:00,219.74,219.74,219,219,500
2026-09-14T09:05:00.000Z,2026-09-14T12:05:00,220,220.89,220,220.89,54
2026-09-14T09:06:00.000Z,2026-09-14T12:06:00,220,220.98,220,220.97,610
2026-09-14T09:08:00.000Z,2026-09-14T12:08:00,220.97,220.97,220.97,220.97,19
2026-09-14T09:09:00.000Z,2026-09-14T12:09:00,220,220,220,220,10
2026-09-14T09:10:00.000Z,2026-09-14T12:10:00,220.97,220.97,220,220.97,20
2026-09-14T09:12:00.000Z,2026-09-14T12:12:00,220,220,220,220,66
2026-09-14T09:13:00.000Z,2026-09-14T12:13:00,220.89,220.89,220,220,606
2026-09-14T09:14:00.000Z,2026-09-14T12:14:00,220.84,220.84,220,220,188
2026-09-14T09:15:00.000Z,2026-09-14T12:15:00,219.99,219.99,219.99,219.99,118
2026-09-14T09:16:00.000Z,2026-09-14T12:16:00,219.99,219.99,219.02,219.5,66
2026-09-14T09:17:00.000Z,2026-09-14T12:17:00,219.2,219.5,219,219.5,476
2026-09-14T09:19:00.000Z,2026-09-14T12:19:00,219.5,219.5,219,219.5,68
2026-09-14T09:20:00.000Z,2026-09-14T12:20:00,219.5,220,219.5,220,275
2026-09-14T09:21:00.000Z,2026-09-14T12:21:00,220,220,220,220,34
2026-09-14T09:22:00.000Z,2026-09-14T12:22:00,220,220,220,220,6
2026-09-14T09:23:00.000Z,2026-09-14T12:23:00,220,220,220,220,197
2026-09-14T09:24:00.000Z,2026-09-14T12:24:00,220,220,219.5,220,62
2026-09-14T09:25:00.000Z,2026-09-14T12:25:00,219.5,220,219.05,220,134
2026-09-14T09:26:00.000Z,2026-09-14T12:26:00,220,220,220,220,20
2026-09-14T09:27:00.000Z,2026-09-14T12:27:00,220,220,219.5,219.5,97
2026-09-14T09:28:00.000Z,2026-09-14T12:28:00,220,220,218.72,219.5,2086
2026-09-14T09:29:00.000Z,2026-09-14T12:29:00,218.72,219.5,218,219.5,3142
2026-09-14T09:30:00.000Z,2026-09-14T12:30:00,218.01,218.01,218.01,218.01,70
2026-09-14T09:31:00.000Z,2026-09-14T12:31:00,219,219.5,218.01,218.01,217
2026-09-14T09:32:00.000Z,2026-09-14T12:32:00,218.02,219.5,217,217.01,6110
2026-09-14T09:33:00.000Z,2026-09-14T12:33:00,218.99,218.99,218.99,218.99,50
2026-09-14T09:34:00.000Z,2026-09-14T12:34:00,217.13,218.99,217.13,218.03,54
2026-09-14T09:35:00.000Z,2026-09-14T12:35:00,218.6,218.97,218.03,218.97,82
2026-09-14T09:36:00.000Z,2026-09-14T12:36:00,218.97,218.97,218,218,218
2026-09-14T09:37:00.000Z,2026-09-14T12:37:00,218,218.79,218,218,166
2026-09-14T09:38:00.000Z,2026-09-14T12:38:00,218,218,218,218,148
2026-09-14T09:39:00.000Z,2026-09-14T12:39:00,218.1,218.44,217.1,217.1,561
2026-09-14T09:40:00.000Z,2026-09-14T12:40:00,217.1,217.1,217,217,1015
2026-09-14T09:41:00.000Z,2026-09-14T12:41:00,217,217,216.15,216.16,890
2026-09-14T09:42:00.000Z,2026-09-14T12:42:00,217,217,217,217,113
2026-09-14T09:43:00.000Z,2026-09-14T12:43:00,216.5,217,216.5,217,81
2026-09-14T09:44:00.000Z,2026-09-14T12:44:00,217,217,216.16,217,738
2026-09-14T09:45:00.000Z,2026-09-14T12:45:00,217.5,218,217,217.03,693
2026-09-14T09:46:00.000Z,2026-09-14T12:46:00,218,218,218,218,37
2026-09-14T09:47:00.000Z,2026-09-14T12:47:00,218,219.99,218,218.01,121
2026-09-14T09:48:00.000Z,2026-09-14T12:48:00,219,219.99,219,219.99,713
2026-09-14T09:49:00.000Z,2026-09-14T12:49:00,219.99,220,218.11,218.11,780
2026-09-14T09:50:00.000Z,2026-09-14T12:50:00,218.13,220,218.13,218.16,136
2026-09-14T09:51:00.000Z,2026-09-14T12:51:00,220,220,218.5,220,62
2026-09-14T09:53:00.000Z,2026-09-14T12:53:00,219.9,220,219.9,220,328
2026-09-14T09:54:00.000Z,2026-09-14T12:54:00,220,220,220,220,32
2026-09-14T09:55:00.000Z,2026-09-14T12:55:00,219.98,219.98,219.98,219.98,12
2026-09-14T09:56:00.000Z,2026-09-14T12:56:00,219,219.5,219,219,114
2026-09-14T09:57:00.000Z,2026-09-14T12:57:00,219,219,218.5,218.5,321
2026-09-14T09:58:00.000Z,2026-09-14T12:58:00,218.5,218.5,218,218,33
2026-09-14T09:59:00.000Z,2026-09-14T12:59:00,218,218,218,218,89
2026-09-14T10:00:00.000Z,2026-09-14T13:00:00,218,218,217,217,1019
2026-09-14T10:01:00.000Z,2026-09-14T13:01:00,218,218,217.01,217.01,41
2026-09-14T10:02:00.000Z,2026-09-14T13:02:00,218,218.5,218,218.5,178
2026-09-14T10:03:00.000Z,2026-09-14T13:03:00,218,218.5,217.5,218,1227
2026-09-14T10:04:00.000Z,2026-09-14T13:04:00,218,218,217.5,217.5,522
2026-09-14T10:05:00.000Z,2026-09-14T13:05:00,217.5,218,217.5,218,49
2026-09-14T10:06:00.000Z,2026-09-14T13:06:00,217.03,218,217,218,1001
2026-09-14T10:07:00.000Z,2026-09-14T13:07:00,218,218,218,218,160
2026-09-14T10:08:00.000Z,2026-09-14T13:08:00,217,217,216.5,216.5,132
2026-09-14T10:09:00.000Z,2026-09-14T13:09:00,217,218,216.5,218,532
2026-09-14T10:10:00.000Z,2026-09-14T13:10:00,218,218,218,218,556
2026-09-14T10:11:00.000Z,2026-09-14T13:11:00,218,218,218,218,63
2026-09-14T10:12:00.000Z,2026-09-14T13:12:00,217,218,217,218,75
2026-09-14T10:15:00.000Z,2026-09-14T13:15:00,217.01,218,217.01,218,51
2026-09-14T10:17:00.000Z,2026-09-14T13:17:00,217.01,218,217,218,2013
2026-09-14T10:18:00.000Z,2026-09-14T13:18:00,217.9,217.9,217.9,217.9,9
2026-09-14T10:19:00.000Z,2026-09-14T13:19:00,217,217,217,217,266
2026-09-14T10:20:00.000Z,2026-09-14T13:20:00,217.89,217.89,217.89,217.89,100
2026-09-14T10:21:00.000Z,2026-09-14T13:21:00,217,217.89,217,217,216
2026-09-14T10:22:00.000Z,2026-09-14T13:22:00,217,218,217,218,372
2026-09-14T10:23:00.000Z,2026-09-14T13:23:00,217,217,216.51,217,104
2026-09-14T10:24:00.000Z,2026-09-14T13:24:00,217,217,216.52,216.52,213
2026-09-14T10:25:00.000Z,2026-09-14T13:25:00,217,217,217,217,76
2026-09-14T10:26:00.000Z,2026-09-14T13:26:00,216.52,216.52,216,216.5,4011
2026-09-14T10:27:00.000Z,2026-09-14T13:27:00,217,217,217,217,4
2026-09-14T10:28:00.000Z,2026-09-14T13:28:00,216.5,217,213,213,7271
2026-09-14T10:29:00.000Z,2026-09-14T13:29:00,216,216,216,216,27
2026-09-14T10:30:00.000Z,2026-09-14T13:30:00,215.1,215.9,215.1,215.9,124
2026-09-14T10:31:00.000Z,2026-09-14T13:31:00,215.9,215.9,215.15,215.15,266
2026-09-14T10:32:00.000Z,2026-09-14T13:32:00,215.85,215.85,215.84,215.85,1034
2026-09-14T10:33:00.000Z,2026-09-14T13:33:00,215.53,217,215.52,217,745
2026-09-14T10:34:00.000Z,2026-09-14T13:34:00,217,217,216.99,216.99,141
2026-09-14T10:35:00.000Z,2026-09-14T13:35:00,216,216,215.85,215.85,400
2026-09-14T10:36:00.000Z,2026-09-14T13:36:00,216.9,216.9,215,215,2034
2026-09-14T10:37:00.000Z,2026-09-14T13:37:00,216.89,216.89,216.89,216.89,33
2026-09-14T10:38:00.000Z,2026-09-14T13:38:00,216.89,216.89,216.89,216.89,5
2026-09-14T10:39:00.000Z,2026-09-14T13:39:00,216.89,216.89,216,216,156
2026-09-14T10:41:00.000Z,2026-09-14T13:41:00,216.1,216.1,216,216,73
2026-09-14T10:42:00.000Z,2026-09-14T13:42:00,216,216,215,215,100
2026-09-14T10:43:00.000Z,2026-09-14T13:43:00,216,216,215,215,1064
2026-09-14T10:44:00.000Z,2026-09-14T13:44:00,215.99,215.99,215,215.35,58
2026-09-14T10:45:00.000Z,2026-09-14T13:45:00,216,216,216,216,88
2026-09-14T10:46:00.000Z,2026-09-14T13:46:00,216,216,215,215,182
2026-09-14T10:47:00.000Z,2026-09-14T13:47:00,216.89,216.9,215.11,216.9,67
2026-09-14T10:48:00.000Z,2026-09-14T13:48:00,216.9,216.99,216,216,339
2026-09-14T10:49:00.000Z,2026-09-14T13:49:00,216,216.99,216,216.99,323
2026-09-14T10:50:00.000Z,2026-09-14T13:50:00,215.31,215.31,215.22,215.22,532
2026-09-14T10:51:00.000Z,2026-09-14T13:51:00,216.99,216.99,216.99,216.99,10
2026-09-14T10:52:00.000Z,2026-09-14T13:52:00,215.26,215.87,215,215.87,2040
2026-09-14T10:53:00.000Z,2026-09-14T13:53:00,215.87,217,214.6,217,1457
2026-09-14T10:54:00.000Z,2026-09-14T13:54:00,217,217,217,217,665
2026-09-14T10:55:00.000Z,2026-09-14T13:55:00,217,217.97,217,217.97,1201
2026-09-14T10:56:00.000Z,2026-09-14T13:56:00,217.51,217.51,217.51,217.51,20
2026-09-14T10:57:00.000Z,2026-09-14T13:57:00,217,217,217,217,400
2026-09-14T10:58:00.000Z,2026-09-14T13:58:00,215.71,217,215.71,217,46
2026-09-14T10:59:00.000Z,2026-09-14T13:59:00,216,216,215,215,334
2026-09-14T11:00:00.000Z,2026-09-14T14:00:00,216,217,216,217,40
2026-09-14T11:01:00.000Z,2026-09-14T14:01:00,217,217,217,217,250
2026-09-14T11:02:00.000Z,2026-09-14T14:02:00,216.99,217,216,217,404
2026-09-14T11:03:00.000Z,2026-09-14T14:03:00,216.03,216.03,215,215,1900
2026-09-14T11:04:00.000Z,2026-09-14T14:04:00,216,216,215.01,215.5,489
2026-09-14T11:05:00.000Z,2026-09-14T14:05:00,215.51,216,214.62,215,3800
2026-09-14T11:06:00.000Z,2026-09-14T14:06:00,215,216,215,216,65
2026-09-14T11:07:00.000Z,2026-09-14T14:07:00,215.99,216,215.99,215.99,220
2026-09-14T11:08:00.000Z,2026-09-14T14:08:00,216,216.98,216,216.9,510
2026-09-14T11:09:00.000Z,2026-09-14T14:09:00,216.01,216.01,216.01,216.01,89
2026-09-14T11:10:00.000Z,2026-09-14T14:10:00,216.9,217,216.9,217,364
2026-09-14T11:11:00.000Z,2026-09-14T14:11:00,217,217,217,217,138
2026-09-14T11:12:00.000Z,2026-09-14T14:12:00,217,217.96,216.5,217.96,1558
2026-09-14T11:13:00.000Z,2026-09-14T14:13:00,217,217.96,216.53,217.96,1306
2026-09-14T11:14:00.000Z,2026-09-14T14:14:00,217.8,217.8,217,217,417
2026-09-14T11:25:00.000Z,2026-09-14T14:25:00,217.73,217.73,217.73,217.73,7
2026-09-14T11:26:00.000Z,2026-09-14T14:26:00,217.73,217.73,217.73,217.73,523
2026-09-14T11:28:00.000Z,2026-09-14T14:28:00,217.73,217.73,217.73,217.73,190
2026-09-14T11:29:00.000Z,2026-09-14T14:29:00,217.73,217.73,217.73,217.73,60
2026-09-15T07:00:00.000Z,2026-09-15T10:00:00,217.7,217.81,217,217.5,2251
2026-09-15T07:01:00.000Z,2026-09-15T10:01:00,217,217,217,217,142
2026-09-15T07:02:00.000Z,2026-09-15T10:02:00,217.5,217.5,217,217.5,2111
2026-09-15T07:03:00.000Z,2026-09-15T10:03:00,217.5,217.5,217.5,217.5,136
2026-09-15T07:04:00.000Z,2026-09-15T10:04:00,217,217.5,217,217.5,733
2026-09-15T07:05:00.000Z,2026-09-15T10:05:00,217,217.5,217,217.5,1029
2026-09-15T07:06:00.000Z,2026-09-15T10:06:00,217.5,217.5,217.5,217.5,25
2026-09-15T07:07:00.000Z,2026-09-15T10:07:00,217,217,217,217,741
2026-09-15T07:08:00.000Z,2026-09-15T10:08:00,217,217,216.52,217,671
2026-09-15T07:09:00.000Z,2026-09-15T10:09:00,217,217,216.52,216.52,115
2026-09-15T07:10:00.000Z,2026-09-15T10:10:00,216.52,217,216,216.99,347
2026-09-15T07:11:00.000Z,2026-09-15T10:11:00,216,216.99,216,216.99,248
2026-09-15T07:12:00.000Z,2026-09-15T10:12:00,216,216,215.02,215.02,158
2026-09-15T07:13:00.000Z,2026-09-15T10:13:00,215.03,215.03,214.6,215,1005
2026-09-15T07:14:00.000Z,2026-09-15T10:14:00,215,215,215,215,172
2026-09-15T07:15:00.000Z,2026-09-15T10:15:00,215,216,214.51,215,516
2026-09-15T07:16:00.000Z,2026-09-15T10:16:00,215,215,214.11,214.12,350
2026-09-15T07:17:00.000Z,2026-09-15T10:17:00,215,216,214.2,216,603
2026-09-15T07:18:00.000Z,2026-09-15T10:18:00,215,216,214.5,215.99,293
2026-09-15T07:19:00.000Z,2026-09-15T10:19:00,215.98,217,215.98,217,1092
2026-09-15T07:20:00.000Z,2026-09-15T10:20:00,217,217,217,217,331
2026-09-15T07:21:00.000Z,2026-09-15T10:21:00,217,217,217,217,40
2026-09-15T07:23:00.000Z,2026-09-15T10:23:00,216.01,216.01,216.01,216.01,104
2026-09-15T07:24:00.000Z,2026-09-15T10:24:00,216.01,216.01,216,216,382
2026-09-15T07:25:00.000Z,2026-09-15T10:25:00,216,218,216,218,3497
2026-09-15T07:26:00.000Z,2026-09-15T10:26:00,216.25,216.25,216.25,216.25,170
2026-09-15T07:27:00.000Z,2026-09-15T10:27:00,217.9,218,216.25,216.25,299
2026-09-15T07:28:00.000Z,2026-09-15T10:28:00,216.25,216.25,216.1,216.1,101
2026-09-15T07:29:00.000Z,2026-09-15T10:29:00,217.89,217.89,216.1,216.1,44
2026-09-15T07:30:00.000Z,2026-09-15T10:30:00,217.89,217.89,216.01,217.49,675
2026-09-15T07:31:00.000Z,2026-09-15T10:31:00,217.49,217.5,217.45,217.5,35
2026-09-15T07:32:00.000Z,2026-09-15T10:32:00,217.5,217.5,216.02,216.02,379
2026-09-15T07:33:00.000Z,2026-09-15T10:33:00,217.5,217.9,216.11,216.11,43
2026-09-15T07:34:00.000Z,2026-09-15T10:34:00,217.9,217.9,217.9,217.9,103
2026-09-15T07:35:00.000Z,2026-09-15T10:35:00,216.12,217.9,216.12,217.9,139
2026-09-15T07:36:00.000Z,2026-09-15T10:36:00,218,219,216.51,219,782
2026-09-15T07:37:00.000Z,2026-09-15T10:37:00,219,219,216.6,216.6,261
2026-09-15T07:38:00.000Z,2026-09-15T10:38:00,216.8,216.81,216.8,216.8,260
2026-09-15T07:39:00.000Z,2026-09-15T10:39:00,216.83,216.83,216.82,216.82,250
2026-09-15T07:41:00.000Z,2026-09-15T10:41:00,216.86,218,216.86,218,54
2026-09-15T07:42:00.000Z,2026-09-15T10:42:00,217.01,218.9,217.01,218.9,209
2026-09-15T07:43:00.000Z,2026-09-15T10:43:00,218.9,219.9,218.9,219.9,456
2026-09-15T07:44:00.000Z,2026-09-15T10:44:00,219.9,220,219.85,220,1117
2026-09-15T07:45:00.000Z,2026-09-15T10:45:00,220,220,220,220,134
2026-09-15T07:46:00.000Z,2026-09-15T10:46:00,221,221.5,221,221,149
2026-09-15T07:47:00.000Z,2026-09-15T10:47:00,220.6,220.6,220.5,220.5,78
2026-09-15T07:48:00.000Z,2026-09-15T10:48:00,220,220.49,217.62,220.49,998
2026-09-15T07:49:00.000Z,2026-09-15T10:49:00,220.39,221,220.25,220.25,2728
2026-09-15T07:50:00.000Z,2026-09-15T10:50:00,220.25,220.25,218.05,218.05,14
2026-09-15T07:51:00.000Z,2026-09-15T10:51:00,220,221.5,220,221.49,928
2026-09-15T07:52:00.000Z,2026-09-15T10:52:00,220.97,220.97,220,220,60
2026-09-15T07:53:00.000Z,2026-09-15T10:53:00,220,221,220,221,68
2026-09-15T07:54:00.000Z,2026-09-15T10:54:00,220.89,220.89,220.89,220.89,197
2026-09-15T07:55:00.000Z,2026-09-15T10:55:00,219,219,219,219,20
2026-09-15T07:56:00.000Z,2026-09-15T10:56:00,220.9,220.9,220.9,220.9,5
2026-09-15T07:57:00.000Z,2026-09-15T10:57:00,220.9,220.9,220,220,23
2026-09-15T07:58:00.000Z,2026-09-15T10:58:00,220,220,220,220,781
2026-09-15T08:01:00.000Z,2026-09-15T11:01:00,220,221,220,221,63
2026-09-15T08:02:00.000Z,2026-09-15T11:02:00,221,221.49,221,221.49,320
2026-09-15T08:03:00.000Z,2026-09-15T11:03:00,221.49,221.5,221,221,879
2026-09-15T08:04:00.000Z,2026-09-15T11:04:00,221.49,221.49,221.49,221.49,41
2026-09-15T08:05:00.000Z,2026-09-15T11:05:00,221.49,221.49,221,221,343
2026-09-15T08:06:00.000Z,2026-09-15T11:06:00,221,221,220.05,220.05,316
2026-09-15T08:07:00.000Z,2026-09-15T11:07:00,221,221,220.04,220.04,503
2026-09-15T08:08:00.000Z,2026-09-15T11:08:00,220.04,221.5,220.04,221.5,587
2026-09-15T08:09:00.000Z,2026-09-15T11:09:00,221.2,221.2,221.2,221.2,10
2026-09-15T08:11:00.000Z,2026-09-15T11:11:00,221.2,221.2,221.2,221.2,9
2026-09-15T08:12:00.000Z,2026-09-15T11:12:00,221,221,221,221,6
2026-09-15T08:13:00.000Z,2026-09-15T11:13:00,221,221.5,221,221.5,533
2026-09-15T08:14:00.000Z,2026-09-15T11:14:00,221,221,221,221,227
2026-09-15T08:15:00.000Z,2026-09-15T11:15:00,221,221,221,221,123
2026-09-15T08:16:00.000Z,2026-09-15T11:16:00,221,221,221,221,216
2026-09-15T08:17:00.000Z,2026-09-15T11:17:00,221,221,221,221,10
2026-09-15T08:19:00.000Z,2026-09-15T11:19:00,221.2,221.2,220,220,1480
2026-09-15T08:20:00.000Z,2026-09-15T11:20:00,220,220,220,220,50
2026-09-15T08:21:00.000Z,2026-09-15T11:21:00,220,220,220,220,25
2026-09-15T08:22:00.000Z,2026-09-15T11:22:00,220,220,220,220,100
2026-09-15T08:25:00.000Z,2026-09-15T11:25:00,220,220,219.06,220,52
2026-09-15T08:26:00.000Z,2026-09-15T11:26:00,220,220,220,220,28
2026-09-15T08:28:00.000Z,2026-09-15T11:28:00,220,220,220,220,84
2026-09-15T08:29:00.000Z,2026-09-15T11:29:00,220,220,219.1,219.1,144
2026-09-15T08:32:00.000Z,2026-09-15T11:32:00,219.99,219.99,219.99,219.99,60
2026-09-15T08:34:00.000Z,2026-09-15T11:34:00,219.9,219.9,218.08,218.08,519
2026-09-15T08:35:00.000Z,2026-09-15T11:35:00,218.65,218.65,218.65,218.65,115
2026-09-15T08:36:00.000Z,2026-09-15T11:36:00,218.65,218.65,218.07,218.07,51
2026-09-15T08:37:00.000Z,2026-09-15T11:37:00,218.5,218.65,218.5,218.65,112
2026-09-15T08:38:00.000Z,2026-09-15T11:38:00,218.64,219.4,218.64,219.4,364
2026-09-15T08:39:00.000Z,2026-09-15T11:39:00,219,219.35,219,219.35,59
2026-09-15T08:41:00.000Z,2026-09-15T11:41:00,219,219.4,218.07,219.4,461
2026-09-15T08:43:00.000Z,2026-09-15T11:43:00,219.4,220.9,219.4,220.89,650
2026-09-15T08:44:00.000Z,2026-09-15T11:44:00,220,221,220,221,439
2026-09-15T08:45:00.000Z,2026-09-15T11:45:00,220.87,220.87,220,220,21
2026-09-15T08:47:00.000Z,2026-09-15T11:47:00,220,220,220,220,32
2026-09-15T08:48:00.000Z,2026-09-15T11:48:00,220,220,218.55,218.55,612
2026-09-15T08:49:00.000Z,2026-09-15T11:49:00,218.6,218.6,218.6,218.6,30
2026-09-15T08:50:00.000Z,2026-09-15T11:50:00,220,220.99,220,220.99,13
2026-09-15T08:52:00.000Z,2026-09-15T11:52:00,220,220,219.9,220,52
2026-09-15T08:53:00.000Z,2026-09-15T11:53:00,220,220,218.61,218.61,125
2026-09-15T08:54:00.000Z,2026-09-15T11:54:00,220,220,220,220,2
2026-09-15T08:55:00.000Z,2026-09-15T11:55:00,219,220,218.15,220,1074
2026-09-15T08:56:00.000Z,2026-09-15T11:56:00,219.95,219.95,219.95,219.95,37
2026-09-15T08:57:00.000Z,2026-09-15T11:57:00,219.95,219.95,218.2,218.2,2163
2026-09-15T08:58:00.000Z,2026-09-15T11:58:00,218.2,218.2,218.15,218.15,470
2026-09-15T08:59:00.000Z,2026-09-15T11:59:00,218.1,218.1,218,218,1460
2026-09-15T09:00:00.000Z,2026-09-15T12:00:00,218,218,217.55,217.55,115
2026-09-15T09:01:00.000Z,2026-09-15T12:01:00,217.55,217.55,217.55,217.55,92
2026-09-15T09:02:00.000Z,2026-09-15T12:02:00,217.55,218,217.55,218,135
2026-09-15T09:03:00.000Z,2026-09-15T12:03:00,218,218.99,218,218.99,738
2026-09-15T09:04:00.000Z,2026-09-15T12:04:00,218.99,219.94,218.99,219.9,2355
2026-09-15T09:05:00.000Z,2026-09-15T12:05:00,219.89,219.89,217.55,217.55,257
2026-09-15T09:06:00.000Z,2026-09-15T12:06:00,219.9,219.95,219.88,219.88,1198
2026-09-15T09:07:00.000Z,2026-09-15T12:07:00,219.88,219.88,219.88,219.88,1
2026-09-15T09:08:00.000Z,2026-09-15T12:08:00,217.68,220,217.65,217.7,637
2026-09-15T09:11:00.000Z,2026-09-15T12:11:00,218.01,218.01,214.01,214.01,9137
2026-09-15T09:12:00.000Z,2026-09-15T12:12:00,219,219,217,217,311
2026-09-15T09:13:00.000Z,2026-09-15T12:13:00,217,217,217,217,536
2026-09-15T09:14:00.000Z,2026-09-15T12:14:00,217,219,217,219,430
2026-09-15T09:15:00.000Z,2026-09-15T12:15:00,217.05,217.05,217.05,217.05,500
2026-09-15T09:16:00.000Z,2026-09-15T12:16:00,218,218,218,218,74
2026-09-15T09:17:00.000Z,2026-09-15T12:17:00,217.05,217.05,217.05,217.05,500
2026-09-15T09:18:00.000Z,2026-09-15T12:18:00,217.5,217.5,217,217,1200
2026-09-15T09:19:00.000Z,2026-09-15T12:19:00,217.1,219,217.1,219,946
2026-09-15T09:20:00.000Z,2026-09-15T12:20:00,217.12,217.12,217,217,1324
2026-09-15T09:22:00.000Z,2026-09-15T12:22:00,217.12,217.12,217.12,217.12,5
2026-09-15T09:25:00.000Z,2026-09-15T12:25:00,218,218,218,218,450
2026-09-15T09:27:00.000Z,2026-09-15T12:27:00,218,218,218,218,503
2026-09-15T09:28:00.000Z,2026-09-15T12:28:00,218,218,218,218,239
2026-09-15T09:29:00.000Z,2026-09-15T12:29:00,217.32,217.32,217.3,217.3,151
2026-09-15T09:30:00.000Z,2026-09-15T12:30:00,217.3,217.3,217.3,217.3,163
2026-09-15T09:31:00.000Z,2026-09-15T12:31:00,217.99,217.99,217.99,217.99,10
2026-09-15T09:34:00.000Z,2026-09-15T12:34:00,217.99,217.99,217.99,217.99,25
2026-09-15T09:35:00.000Z,2026-09-15T12:35:00,218,218.49,218,218.49,500
2026-09-15T09:36:00.000Z,2026-09-15T12:36:00,217.99,217.99,217.99,217.99,175
2026-09-15T09:38:00.000Z,2026-09-15T12:38:00,217.3,218.49,217,217,1560
2026-09-15T09:42:00.000Z,2026-09-15T12:42:00,218.3,218.3,218.3,218.3,100
2026-09-15T09:44:00.000Z,2026-09-15T12:44:00,217,218.19,217,218.19,322
2026-09-15T09:46:00.000Z,2026-09-15T12:46:00,217.9,217.9,217.9,217.9,10
2026-09-15T09:48:00.000Z,2026-09-15T12:48:00,217,217,217,217,379
2026-09-15T09:49:00.000Z,2026-09-15T12:49:00,217.9,217.9,217.9,217.9,55
2026-09-15T09:51:00.000Z,2026-09-15T12:51:00,217,217,217,217,25
2026-09-15T09:54:00.000Z,2026-09-15T12:54:00,217,217,217,217,110
2026-09-15T09:57:00.000Z,2026-09-15T12:57:00,218,218,218,218,23
2026-09-15T09:58:00.000Z,2026-09-15T12:58:00,218,218,218,218,25
2026-09-15T09:59:00.000Z,2026-09-15T12:59:00,218,218,218,218,4
2026-09-15T10:00:00.000Z,2026-09-15T13:00:00,217.01,218,217,218,1222
2026-09-15T10:01:00.000Z,2026-09-15T13:01:00,218,218,218,218,1
2026-09-15T10:03:00.000Z,2026-09-15T13:03:00,218,218,218,218,1
2026-09-15T10:05:00.000Z,2026-09-15T13:05:00,218,218,218,218,43
2026-09-15T10:06:00.000Z,2026-09-15T13:06:00,217.01,217.01,217.01,217.01,20
2026-09-15T10:07:00.000Z,2026-09-15T13:07:00,218,218,217.02,217.02,409
2026-09-15T10:08:00.000Z,2026-09-15T13:08:00,218,218,218,218,87
2026-09-15T10:09:00.000Z,2026-09-15T13:09:00,218.15,218.15,217.5,217.5,1634
2026-09-15T10:11:00.000Z,2026-09-15T13:11:00,217.52,218.3,217.52,218.3,381
2026-09-15T10:12:00.000Z,2026-09-15T13:12:00,218.3,218.8,218.3,218.5,1020
2026-09-15T10:13:00.000Z,2026-09-15T13:13:00,218.8,218.8,218.8,218.8,20
2026-09-15T10:14:00.000Z,2026-09-15T13:14:00,218.5,218.5,218.5,218.5,110
2026-09-15T10:16:00.000Z,2026-09-15T13:16:00,218.01,218.01,218,218,500
2026-09-15T10:18:00.000Z,2026-09-15T13:18:00,218.01,218.01,217.51,217.51,3000
2026-09-15T10:19:00.000Z,2026-09-15T13:19:00,218,218,218,218,1
2026-09-15T10:20:00.000Z,2026-09-15T13:20:00,218,218.5,217,217,760
2026-09-15T10:21:00.000Z,2026-09-15T13:21:00,218.5,218.5,218.5,218.5,80
2026-09-15T10:22:00.000Z,2026-09-15T13:22:00,218.5,218.5,218.5,218.5,1
2026-09-15T10:23:00.000Z,2026-09-15T13:23:00,217.11,217.11,217,217,3646
2026-09-15T10:24:00.000Z,2026-09-15T13:24:00,217,217,216.92,217,1420
2026-09-15T10:25:00.000Z,2026-09-15T13:25:00,218,218,218,218,1
2026-09-15T10:27:00.000Z,2026-09-15T13:27:00,218,218,218,218,40
2026-09-15T10:28:00.000Z,2026-09-15T13:28:00,217,217,216.5,216.5,857
2026-09-15T10:29:00.000Z,2026-09-15T13:29:00,216.5,216.5,216,216,1216
2026-09-15T10:31:00.000Z,2026-09-15T13:31:00,217.5,218,216.5,218,440
2026-09-15T10:33:00.000Z,2026-09-15T13:33:00,218,218,217.9,217.9,9
2026-09-15T10:34:00.000Z,2026-09-15T13:34:00,217.5,217.5,217.5,217.5,4
2026-09-15T10:35:00.000Z,2026-09-15T13:35:00,217,217,216,216.01,777
2026-09-15T10:36:00.000Z,2026-09-15T13:36:00,217.5,217.5,217.5,217.5,6
2026-09-15T10:37:00.000Z,2026-09-15T13:37:00,217.9,217.9,217.9,217.9,2
2026-09-15T10:38:00.000Z,2026-09-15T13:38:00,217.9,217.9,217.9,217.9,46
2026-09-15T10:40:00.000Z,2026-09-15T13:40:00,216.51,217.89,216,217.89,1246
2026-09-15T10:41:00.000Z,2026-09-15T13:41:00,216.8,216.8,216,216,155
2026-09-15T10:42:00.000Z,2026-09-15T13:42:00,216,216,216,216,178
2026-09-15T10:46:00.000Z,2026-09-15T13:46:00,217.9,217.9,217.9,217.9,12
2026-09-15T10:47:00.000Z,2026-09-15T13:47:00,217.9,217.9,216,216,1557
2026-09-15T10:48:00.000Z,2026-09-15T13:48:00,216,216,215.5,215.5,226
2026-09-15T10:52:00.000Z,2026-09-15T13:52:00,217.89,217.89,217.89,217.89,30
2026-09-15T10:53:00.000Z,2026-09-15T13:53:00,217.9,217.9,216.02,216.02,270
2026-09-15T10:56:00.000Z,2026-09-15T13:56:00,216.08,216.08,216.08,216.08,4
2026-09-15T10:57:00.000Z,2026-09-15T13:57:00,217.9,218,217.9,218,34
2026-09-15T10:58:00.000Z,2026-09-15T13:58:00,216.21,217.9,216.21,217.9,236
2026-09-15T10:59:00.000Z,2026-09-15T13:59:00,217.85,217.85,216.5,216.5,78
2026-09-15T11:00:00.000Z,2026-09-15T14:00:00,217.85,217.85,216.54,216.54,236
2026-09-15T11:01:00.000Z,2026-09-15T14:01:00,216.54,216.54,216,216,3000
2026-09-15T11:02:00.000Z,2026-09-15T14:02:00,217,217,217,217,42
2026-09-15T11:03:00.000Z,2026-09-15T14:03:00,216.9,216.9,216.9,216.9,17
2026-09-15T11:04:00.000Z,2026-09-15T14:04:00,216.9,216.9,216.9,216.9,37
2026-09-15T11:05:00.000Z,2026-09-15T14:05:00,216.11,216.8,216.11,216.21,186
2026-09-15T11:06:00.000Z,2026-09-15T14:06:00,216.79,217,216.79,217,450
2026-09-15T11:07:00.000Z,2026-09-15T14:07:00,216.25,217.9,216.25,217.9,35
2026-09-15T11:08:00.000Z,2026-09-15T14:08:00,217.9,217.9,215.51,215.51,1353
2026-09-15T11:09:00.000Z,2026-09-15T14:09:00,215.52,215.61,215.52,215.61,122
2026-09-15T11:10:00.000Z,2026-09-15T14:10:00,217,217,217,217,9
2026-09-15T11:11:00.000Z,2026-09-15T14:11:00,216.01,217,216.01,217,100
2026-09-15T11:12:00.000Z,2026-09-15T14:12:00,216.09,216.1,215.75,216,2614
2026-09-15T11:13:00.000Z,2026-09-15T14:13:00,216,216,215.65,215.65,70
2026-09-15T11:14:00.000Z,2026-09-15T14:14:00,217,217,217,217,48
2026-09-15T11:25:00.000Z,2026-09-15T14:25:00,215.78,215.78,215.78,215.78,345
2026-09-15T11:26:00.000Z,2026-09-15T14:26:00,215.78,215.78,215.78,215.78,185
2026-09-15T11:27:00.000Z,2026-09-15T14:27:00,215.78,215.78,215.78,215.78,1500
2026-09-15T11:29:00.000Z,2026-09-15T14:29:00,215.78,215.78,215.78,215.78,3251
2026-09-16T07:00:00.000Z,2026-09-16T10:00:00,215.8,216,215.8,215.8,1360
2026-09-16T07:01:00.000Z,2026-09-16T10:01:00,217,217.9,217,217.9,73
2026-09-16T07:02:00.000Z,2026-09-16T10:02:00,217.9,217.9,217.9,217.9,68
2026-09-16T07:03:00.000Z,2026-09-16T10:03:00,216.04,216.04,216.04,216.04,15
2026-09-16T07:04:00.000Z,2026-09-16T10:04:00,217.89,217.89,217.89,217.89,46
2026-09-16T07:05:00.000Z,2026-09-16T10:05:00,217.89,217.9,216.04,216.04,1558
2026-09-16T07:06:00.000Z,2026-09-16T10:06:00,217.9,219.89,217.9,219.89,214
2026-09-16T07:07:00.000Z,2026-09-16T10:07:00,219.5,219.5,216.23,216.23,59
2026-09-16T07:08:00.000Z,2026-09-16T10:08:00,219.4,219.4,219,219,122
2026-09-16T07:11:00.000Z,2026-09-16T10:11:00,218.5,218.5,216.66,218.49,12
2026-09-16T07:12:00.000Z,2026-09-16T10:12:00,218.49,218.49,218.49,218.49,7
2026-09-16T07:13:00.000Z,2026-09-16T10:13:00,218.01,218.48,218.01,218.48,292
2026-09-16T07:14:00.000Z,2026-09-16T10:14:00,218.47,218.47,218.47,218.47,37
2026-09-16T07:15:00.000Z,2026-09-16T10:15:00,218,218.5,218,218.5,2262
2026-09-16T07:16:00.000Z,2026-09-16T10:16:00,218.99,218.99,218.99,218.99,50
2026-09-16T07:17:00.000Z,2026-09-16T10:17:00,218.5,218.5,218.5,218.5,268
2026-09-16T07:18:00.000Z,2026-09-16T10:18:00,218.5,219,218.5,219,208
2026-09-16T07:19:00.000Z,2026-09-16T10:19:00,219,219,219,219,28
2026-09-16T07:20:00.000Z,2026-09-16T10:20:00,218.99,219,218.01,219,1185
2026-09-16T07:23:00.000Z,2026-09-16T10:23:00,219.89,219.89,219.89,219.89,4
2026-09-16T07:24:00.000Z,2026-09-16T10:24:00,219.89,220.4,219.01,219.01,1635
2026-09-16T07:25:00.000Z,2026-09-16T10:25:00,220,221,220,221,4000
2026-09-16T07:27:00.000Z,2026-09-16T10:27:00,220.95,221.5,220.95,221,3430
2026-09-16T07:28:00.000Z,2026-09-16T10:28:00,220.5,220.5,220.5,220.5,100
2026-09-16T07:29:00.000Z,2026-09-16T10:29:00,220.2,220.2,220.2,220.2,75
2026-09-16T07:30:00.000Z,2026-09-16T10:30:00,220.2,220.2,220.2,220.2,225
2026-09-16T07:31:00.000Z,2026-09-16T10:31:00,220.5,220.5,220.5,220.5,5
2026-09-16T07:32:00.000Z,2026-09-16T10:32:00,220.5,220.5,220.2,220.5,1166
2026-09-16T07:33:00.000Z,2026-09-16T10:33:00,220.5,220.5,220.5,220.5,51
2026-09-16T07:34:00.000Z,2026-09-16T10:34:00,220.5,220.5,219,219,225
2026-09-16T07:35:00.000Z,2026-09-16T10:35:00,220.19,220.19,220.19,220.19,29
2026-09-16T07:36:00.000Z,2026-09-16T10:36:00,219.5,220,219.5,220,41
2026-09-16T07:37:00.000Z,2026-09-16T10:37:00,219.5,219.5,219,219,200
2026-09-16T07:38:00.000Z,2026-09-16T10:38:00,219,220.4,218.1,220.4,285
2026-09-16T07:40:00.000Z,2026-09-16T10:40:00,220.06,220.06,220.06,220.06,1
2026-09-16T07:41:00.000Z,2026-09-16T10:41:00,220.06,220.4,220,220.4,433
2026-09-16T07:42:00.000Z,2026-09-16T10:42:00,220.39,220.39,218.15,218.15,309
2026-09-16T07:46:00.000Z,2026-09-16T10:46:00,218.23,219.85,218.23,219.85,4
2026-09-16T07:50:00.000Z,2026-09-16T10:50:00,219.85,219.85,219.85,219.85,1
2026-09-16T07:51:00.000Z,2026-09-16T10:51:00,219,219.7,219,219.7,81
2026-09-16T07:53:00.000Z,2026-09-16T10:53:00,219,219.85,219,219.85,356
2026-09-16T07:55:00.000Z,2026-09-16T10:55:00,219.7,219.7,219.02,219.02,362
2026-09-16T07:56:00.000Z,2026-09-16T10:56:00,219.85,219.85,219,219,437
2026-09-16T07:57:00.000Z,2026-09-16T10:57:00,218.5,218.5,218.5,218.5,104
2026-09-16T07:58:00.000Z,2026-09-16T10:58:00,218.23,218.23,218,218,2000
2026-09-16T07:59:00.000Z,2026-09-16T10:59:00,218.5,218.5,218.5,218.5,27
2026-09-16T08:00:00.000Z,2026-09-16T11:00:00,218.14,218.49,217.1,217.1,216
2026-09-16T08:01:00.000Z,2026-09-16T11:01:00,218.49,218.49,218.49,218.49,6
2026-09-16T08:03:00.000Z,2026-09-16T11:03:00,218.49,218.49,218.49,218.49,39
2026-09-16T08:05:00.000Z,2026-09-16T11:05:00,219,219.8,219,219,93
2026-09-16T08:06:00.000Z,2026-09-16T11:06:00,218.49,219,218.49,219,12
2026-09-16T08:08:00.000Z,2026-09-16T11:08:00,218.49,219.8,218.49,219.8,94
2026-09-16T08:11:00.000Z,2026-09-16T11:11:00,219.8,219.8,219.8,219.8,10
2026-09-16T08:12:00.000Z,2026-09-16T11:12:00,219.77,219.77,219.77,219.77,53
2026-09-16T08:13:00.000Z,2026-09-16T11:13:00,219,219.7,219,219.7,153
2026-09-16T08:14:00.000Z,2026-09-16T11:14:00,219.7,219.7,219,219,5980
2026-09-16T08:20:00.000Z,2026-09-16T11:20:00,218.5,218.99,218.5,218.99,23
2026-09-16T08:21:00.000Z,2026-09-16T11:21:00,218.5,218.5,218.49,218.49,348
2026-09-16T08:26:00.000Z,2026-09-16T11:26:00,218.01,218.01,217.99,217.99,177
2026-09-16T08:27:00.000Z,2026-09-16T11:27:00,217.99,217.99,217.98,217.98,55
2026-09-16T08:28:00.000Z,2026-09-16T11:28:00,217.99,217.99,217.99,217.99,157
2026-09-16T08:32:00.000Z,2026-09-16T11:32:00,217.99,217.99,217.99,217.99,5
2026-09-16T08:33:00.000Z,2026-09-16T11:33:00,217.99,217.99,217.99,217.99,4
2026-09-16T08:37:00.000Z,2026-09-16T11:37:00,217.98,217.98,217.98,217.98,3
2026-09-16T08:39:00.000Z,2026-09-16T11:39:00,217.97,217.97,217.97,217.97,50
2026-09-16T08:41:00.000Z,2026-09-16T11:41:00,217.96,218.5,217.96,218.5,192
2026-09-16T08:43:00.000Z,2026-09-16T11:43:00,217.99,217.99,217.99,217.99,1
2026-09-16T08:45:00.000Z,2026-09-16T11:45:00,217.99,218.49,217.71,218.49,147
2026-09-16T08:46:00.000Z,2026-09-16T11:46:00,218.49,218.49,218.48,218.48,84
2026-09-16T08:47:00.000Z,2026-09-16T11:47:00,218.4,218.4,218.4,218.4,4
2026-09-16T08:50:00.000Z,2026-09-16T11:50:00,218.3,218.3,218.3,218.3,2
2026-09-16T08:51:00.000Z,2026-09-16T11:51:00,218,218,218,218,1
2026-09-16T08:52:00.000Z,2026-09-16T11:52:00,217.71,217.71,217.62,217.62,3
2026-09-16T08:53:00.000Z,2026-09-16T11:53:00,217.62,217.62,217.6,217.6,275
2026-09-16T08:54:00.000Z,2026-09-16T11:54:00,218.48,218.95,218.48,218.89,41
2026-09-16T08:55:00.000Z,2026-09-16T11:55:00,218.89,218.89,217.6,217.6,203
2026-09-16T08:56:00.000Z,2026-09-16T11:56:00,217.6,217.6,217.6,217.6,10
2026-09-16T08:58:00.000Z,2026-09-16T11:58:00,218.79,218.79,218.79,218.79,4
2026-09-16T08:59:00.000Z,2026-09-16T11:59:00,218.77,218.77,218.77,218.77,260
2026-09-16T09:00:00.000Z,2026-09-16T12:00:00,218.69,218.69,218.69,218.69,10
2026-09-16T09:03:00.000Z,2026-09-16T12:03:00,218.64,218.64,218.64,218.64,13
2026-09-16T09:04:00.000Z,2026-09-16T12:04:00,218.65,218.65,218.65,218.65,13
2026-09-16T09:05:00.000Z,2026-09-16T12:05:00,218.64,219,218.64,219,919
2026-09-16T09:06:00.000Z,2026-09-16T12:06:00,219,219,219,219,350
2026-09-16T09:07:00.000Z,2026-09-16T12:07:00,219,219.49,219,219,154
2026-09-16T09:12:00.000Z,2026-09-16T12:12:00,219,219,219,219,28
2026-09-16T09:15:00.000Z,2026-09-16T12:15:00,219.7,219.7,219.5,219.7,124
2026-09-16T09:16:00.000Z,2026-09-16T12:16:00,219,219,219,219,14
2026-09-16T09:18:00.000Z,2026-09-16T12:18:00,219,219,219,219,46
2026-09-16T09:19:00.000Z,2026-09-16T12:19:00,218.94,218.94,218.94,218.94,66
2026-09-16T09:20:00.000Z,2026-09-16T12:20:00,218.1,218.1,218,218,300
2026-09-16T09:23:00.000Z,2026-09-16T12:23:00,218.9,218.9,218.9,218.9,16
2026-09-16T09:24:00.000Z,2026-09-16T12:24:00,218.9,218.9,218.9,218.9,27
2026-09-16T09:26:00.000Z,2026-09-16T12:26:00,218.9,218.9,218.9,218.9,31
2026-09-16T09:28:00.000Z,2026-09-16T12:28:00,218.65,218.65,218.65,218.65,17
2026-09-16T09:29:00.000Z,2026-09-16T12:29:00,218.89,218.9,218,218,612
2026-09-16T09:30:00.000Z,2026-09-16T12:30:00,218.9,218.9,218,218,17
2026-09-16T09:31:00.000Z,2026-09-16T12:31:00,218.9,218.9,218,218,145
2026-09-16T09:32:00.000Z,2026-09-16T12:32:00,218.9,219,218.9,219,1000
2026-09-16T09:33:00.000Z,2026-09-16T12:33:00,219,219,218.44,218.44,55
2026-09-16T09:34:00.000Z,2026-09-16T12:34:00,218.44,219,218.44,219,54
2026-09-16T09:36:00.000Z,2026-09-16T12:36:00,218.44,218.44,218.44,218.44,2
2026-09-16T09:37:00.000Z,2026-09-16T12:37:00,219,219,219,219,38
2026-09-16T09:38:00.000Z,2026-09-16T12:38:00,218.44,218.44,218.44,218.44,1
2026-09-16T09:40:00.000Z,2026-09-16T12:40:00,218.95,218.95,218.95,218.95,49
2026-09-16T09:41:00.000Z,2026-09-16T12:41:00,218.95,219,218.01,219,388
2026-09-16T09:42:00.000Z,2026-09-16T12:42:00,218.01,218.01,218.01,218.01,1
2026-09-16T09:48:00.000Z,2026-09-16T12:48:00,218.38,218.38,218.38,218.38,54
2026-09-16T09:49:00.000Z,2026-09-16T12:49:00,219.5,219.5,219.5,219.5,7
2026-09-16T09:50:00.000Z,2026-09-16T12:50:00,219.5,219.5,219.5,219.5,4
2026-09-16T09:51:00.000Z,2026-09-16T12:51:00,218.4,218.4,218.4,218.4,25
2026-09-16T09:52:00.000Z,2026-09-16T12:52:00,219.48,219.5,219.48,219.5,136
2026-09-16T09:53:00.000Z,2026-09-16T12:53:00,219.5,219.5,219.5,219.5,146
2026-09-16T09:54:00.000Z,2026-09-16T12:54:00,219.49,219.49,219.43,219.43,210
2026-09-16T09:55:00.000Z,2026-09-16T12:55:00,219,219,219,219,224
2026-09-16T09:56:00.000Z,2026-09-16T12:56:00,219,219,219,219,6
2026-09-16T09:57:00.000Z,2026-09-16T12:57:00,218.5,218.5,218.5,218.5,15
2026-09-16T09:58:00.000Z,2026-09-16T12:58:00,219,219,219,219,8
2026-09-16T09:59:00.000Z,2026-09-16T12:59:00,219,219,219,219,5
2026-09-16T10:00:00.000Z,2026-09-16T13:00:00,218.9,219.7,218.9,219.7,3225
2026-09-16T10:01:00.000Z,2026-09-16T13:01:00,219.7,219.7,218.53,218.53,63
2026-09-16T10:04:00.000Z,2026-09-16T13:04:00,219,219,219,219,50
2026-09-16T10:07:00.000Z,2026-09-16T13:07:00,219.45,219.45,219.45,219.45,11
2026-09-16T10:08:00.000Z,2026-09-16T13:08:00,219.45,220.22,219.45,219.6,10487
2026-09-16T10:09:00.000Z,2026-09-16T13:09:00,220.4,221,220,220,3275
2026-09-16T10:10:00.000Z,2026-09-16T13:10:00,220,228.88,219.04,222,3518
2026-09-16T10:11:00.000Z,2026-09-16T13:11:00,222,227.99,222,227.99,1552
2026-09-16T10:12:00.000Z,2026-09-16T13:12:00,225.97,225.97,225.97,225.97,80
2026-09-16T10:13:00.000Z,2026-09-16T13:13:00,225.97,225.97,223.05,223.05,312
2026-09-16T10:14:00.000Z,2026-09-16T13:14:00,223,224.99,223,223,865
2026-09-16T10:15:00.000Z,2026-09-16T13:15:00,222.94,223,222,222,1329
2026-09-16T10:16:00.000Z,2026-09-16T13:16:00,222,222,222,222,267
2026-09-16T10:17:00.000Z,2026-09-16T13:17:00,222,222,222,222,20
2026-09-16T10:18:00.000Z,2026-09-16T13:18:00,222.99,223.94,222.99,223.94,600
2026-09-16T10:19:00.000Z,2026-09-16T13:19:00,223.94,223.94,223.94,223.94,195
2026-09-16T10:20:00.000Z,2026-09-16T13:20:00,223.95,224.92,223.95,224.92,49
2026-09-16T10:21:00.000Z,2026-09-16T13:21:00,224.9,225,224.5,225,3767
2026-09-16T10:22:00.000Z,2026-09-16T13:22:00,225,225,225,225,942
2026-09-16T10:23:00.000Z,2026-09-16T13:23:00,224.99,225.98,223,223,3164
2026-09-16T10:24:00.000Z,2026-09-16T13:24:00,223.01,224.92,223,224.92,61
2026-09-16T10:25:00.000Z,2026-09-16T13:25:00,223.02,223.02,223.02,223.02,60
2026-09-16T10:26:00.000Z,2026-09-16T13:26:00,223.02,223.02,222,222,1252
2026-09-16T10:27:00.000Z,2026-09-16T13:27:00,221.1,222.01,221.1,222,2823
2026-09-16T10:28:00.000Z,2026-09-16T13:28:00,222,223,222,223,715
2026-09-16T10:29:00.000Z,2026-09-16T13:29:00,222.01,222.99,221.15,222.99,4570
2026-09-16T10:31:00.000Z,2026-09-16T13:31:00,222.03,222.03,222.03,222.03,4
2026-09-16T10:32:00.000Z,2026-09-16T13:32:00,222.04,222.04,222.04,222.04,4
2026-09-16T10:34:00.000Z,2026-09-16T13:34:00,222.05,222.05,221,221,4509
2026-09-16T10:35:00.000Z,2026-09-16T13:35:00,221.21,221.21,220.5,221.2,317
2026-09-16T10:36:00.000Z,2026-09-16T13:36:00,220.5,221.2,220,221.2,169
2026-09-16T10:37:00.000Z,2026-09-16T13:37:00,221.01,221.01,220.07,220.07,950
2026-09-16T10:38:00.000Z,2026-09-16T13:38:00,220.1,220.1,220.1,220.1,170
2026-09-16T10:39:00.000Z,2026-09-16T13:39:00,220.21,221,220.21,221,224
2026-09-16T10:40:00.000Z,2026-09-16T13:40:00,220.24,220.25,220.24,220.25,726
2026-09-16T10:41:00.000Z,2026-09-16T13:41:00,220.25,220.25,220.1,220.1,2493
2026-09-16T10:43:00.000Z,2026-09-16T13:43:00,221.98,221.98,221.98,221.98,150
2026-09-16T10:44:00.000Z,2026-09-16T13:44:00,221,221.7,220.94,220.94,291
2026-09-16T10:47:00.000Z,2026-09-16T13:47:00,221.47,222,221.47,222,1922
2026-09-16T10:48:00.000Z,2026-09-16T13:48:00,222,222.97,222,222.96,108
2026-09-16T10:49:00.000Z,2026-09-16T13:49:00,221.05,222.96,221.05,222.96,264
2026-09-16T10:51:00.000Z,2026-09-16T13:51:00,221.06,222,221,222,1900
2026-09-16T10:52:00.000Z,2026-09-16T13:52:00,222,222.49,222,222.49,1106
2026-09-16T10:53:00.000Z,2026-09-16T13:53:00,222.49,222.49,222.49,222.49,70
2026-09-16T10:54:00.000Z,2026-09-16T13:54:00,221.1,221.1,221.1,221.1,1
2026-09-16T10:56:00.000Z,2026-09-16T13:56:00,222,222,221.11,221.11,223
2026-09-16T10:57:00.000Z,2026-09-16T13:57:00,221.17,221.2,221.17,221.2,12
2026-09-16T10:58:00.000Z,2026-09-16T13:58:00,221.21,221.21,221.21,221.21,100
2026-09-16T10:59:00.000Z,2026-09-16T13:59:00,222,222,222,222,45
2026-09-16T11:00:00.000Z,2026-09-16T14:00:00,222,222,222,222,950
2026-09-16T11:01:00.000Z,2026-09-16T14:01:00,222,222,222,222,11
2026-09-16T11:02:00.000Z,2026-09-16T14:02:00,221.31,221.31,221.25,221.25,571
2026-09-16T11:03:00.000Z,2026-09-16T14:03:00,221.26,222.5,221.26,222.5,140
2026-09-16T11:04:00.000Z,2026-09-16T14:04:00,222.5,222.5,222.5,222.5,342
2026-09-16T11:05:00.000Z,2026-09-16T14:05:00,222.49,222.49,222.49,222.49,257
2026-09-16T11:06:00.000Z,2026-09-16T14:06:00,222.49,222.96,222.49,222.96,2000
2026-09-16T11:07:00.000Z,2026-09-16T14:07:00,222.9,222.9,222.8,222.9,1924
2026-09-16T11:09:00.000Z,2026-09-16T14:09:00,222.9,223,222.9,223,5053
2026-09-16T11:10:00.000Z,2026-09-16T14:10:00,224.93,225.01,224.93,224.94,2969
2026-09-16T11:11:00.000Z,2026-09-16T14:11:00,224.95,224.95,222,222,1538
2026-09-16T11:12:00.000Z,2026-09-16T14:12:00,223,223,221.95,223,1437
2026-09-16T11:13:00.000Z,2026-09-16T14:13:00,223,223,223,223,787
2026-09-16T11:14:00.000Z,2026-09-16T14:14:00,223,223,222.12,222.12,151
2026-09-16T11:25:00.000Z,2026-09-16T14:25:00,221,221,221,221,8606
2026-09-16T11:26:00.000Z,2026-09-16T14:26:00,221,221,221,221,883
2026-09-16T11:27:00.000Z,2026-09-16T14:27:00,221,221,221,221,2888
2026-09-16T11:29:00.000Z,2026-09-16T14:29:00,221,221,221,221,1
2026-09-17T07:00:00.000Z,2026-09-17T10:00:00,218,220,218,220,5140
2026-09-17T07:01:00.000Z,2026-09-17T10:01:00,220,220,220,220,150
2026-09-17T07:02:00.000Z,2026-09-17T10:02:00,219.99,219.99,219.99,219.99,2
2026-09-17T07:04:00.000Z,2026-09-17T10:04:00,218.04,218.04,218.04,218.04,4
2026-09-17T07:07:00.000Z,2026-09-17T10:07:00,219.9,219.9,219.9,219.9,2
2026-09-17T07:08:00.000Z,2026-09-17T10:08:00,219,219,219,219,120
2026-09-17T07:09:00.000Z,2026-09-17T10:09:00,219.89,219.9,219.89,219.9,100
2026-09-17T07:10:00.000Z,2026-09-17T10:10:00,219.9,219.9,219.9,219.9,110
2026-09-17T07:11:00.000Z,2026-09-17T10:11:00,219.21,219.9,219.21,219.9,318
2026-09-17T07:12:00.000Z,2026-09-17T10:12:00,219.9,219.99,219.9,219.99,475
2026-09-17T07:13:00.000Z,2026-09-17T10:13:00,220,221.88,220,221,919
2026-09-17T07:14:00.000Z,2026-09-17T10:14:00,221.8,221.8,221.79,221.79,480
2026-09-17T07:15:00.000Z,2026-09-17T10:15:00,221,221.96,221,221.96,395
2026-09-17T07:16:00.000Z,2026-09-17T10:16:00,221,221.95,221,221,997
2026-09-17T07:17:00.000Z,2026-09-17T10:17:00,221.95,222.9,221.01,221.01,277
2026-09-17T07:18:00.000Z,2026-09-17T10:18:00,222.9,224,222.9,223.99,270
2026-09-17T07:19:00.000Z,2026-09-17T10:19:00,223.99,224,223.94,223.94,297
2026-09-17T07:20:00.000Z,2026-09-17T10:20:00,223.89,223.9,223.89,223.9,274
2026-09-17T07:21:00.000Z,2026-09-17T10:21:00,223.69,223.69,223.69,223.69,492
2026-09-17T07:22:00.000Z,2026-09-17T10:22:00,223.68,223.68,222.6,222.6,525
2026-09-17T07:23:00.000Z,2026-09-17T10:23:00,222.6,223.6,221.71,221.71,342
2026-09-17T07:24:00.000Z,2026-09-17T10:24:00,221.01,223.7,221.01,223.7,367
2026-09-17T07:25:00.000Z,2026-09-17T10:25:00,221.26,221.26,221,221,1000
2026-09-17T07:28:00.000Z,2026-09-17T10:28:00,221.04,222.98,221.04,222.98,288
2026-09-17T07:29:00.000Z,2026-09-17T10:29:00,222.98,222.98,222.98,222.98,255
2026-09-17T07:30:00.000Z,2026-09-17T10:30:00,222.98,223,222.98,223,266
2026-09-17T07:31:00.000Z,2026-09-17T10:31:00,223,223.5,223,223.5,255
2026-09-17T07:32:00.000Z,2026-09-17T10:32:00,223.5,223.51,223.5,223.51,255
2026-09-17T07:33:00.000Z,2026-09-17T10:33:00,223.5,223.5,223.5,223.5,306
2026-09-17T07:34:00.000Z,2026-09-17T10:34:00,223.5,223.69,223.5,223.69,255
2026-09-17T07:35:00.000Z,2026-09-17T10:35:00,223.01,223.01,223,223,384
2026-09-17T07:36:00.000Z,2026-09-17T10:36:00,223.6,223.6,223.6,223.6,258
2026-09-17T07:37:00.000Z,2026-09-17T10:37:00,223.5,223.6,223.5,223.6,254
2026-09-17T07:38:00.000Z,2026-09-17T10:38:00,223.49,223.49,223.49,223.49,283
2026-09-17T07:39:00.000Z,2026-09-17T10:39:00,223.49,223.6,222.2,222.2,981
2026-09-17T07:40:00.000Z,2026-09-17T10:40:00,222.23,223.7,222.23,223.7,269
2026-09-17T07:41:00.000Z,2026-09-17T10:41:00,223.7,223.7,223.7,223.7,377
2026-09-17T07:42:00.000Z,2026-09-17T10:42:00,223.7,223.75,223.7,223.75,332
2026-09-17T07:43:00.000Z,2026-09-17T10:43:00,223.8,223.8,223.8,223.8,267
2026-09-17T07:44:00.000Z,2026-09-17T10:44:00,223.8,223.8,223.8,223.8,13
2026-09-17T07:46:00.000Z,2026-09-17T10:46:00,223.8,223.8,223.8,223.8,140
2026-09-17T07:48:00.000Z,2026-09-17T10:48:00,223.95,223.95,223.93,223.93,24
2026-09-17T07:50:00.000Z,2026-09-17T10:50:00,223.85,224,223,224,641
2026-09-17T07:51:00.000Z,2026-09-17T10:51:00,223.99,223.99,223.99,223.99,1
2026-09-17T07:52:00.000Z,2026-09-17T10:52:00,223.7,223.7,223,223,164
2026-09-17T07:53:00.000Z,2026-09-17T10:53:00,223,223,223,223,273
2026-09-17T07:55:00.000Z,2026-09-17T10:55:00,223,223,223,223,7
2026-09-17T07:56:00.000Z,2026-09-17T10:56:00,223,223,223,223,100
2026-09-17T07:57:00.000Z,2026-09-17T10:57:00,223.5,223.5,223.5,223.5,2
2026-09-17T08:00:00.000Z,2026-09-17T11:00:00,223,223,223,223,75
2026-09-17T08:01:00.000Z,2026-09-17T11:01:00,223.5,223.5,223.5,223.5,11
2026-09-17T08:03:00.000Z,2026-09-17T11:03:00,223,223.5,223,223.5,441
2026-09-17T08:05:00.000Z,2026-09-17T11:05:00,223,223,223,223,188
2026-09-17T08:06:00.000Z,2026-09-17T11:06:00,223.5,223.5,223.5,223.5,1
2026-09-17T08:09:00.000Z,2026-09-17T11:09:00,223.5,223.89,223,223,2145
2026-09-17T08:10:00.000Z,2026-09-17T11:10:00,222.95,223,222.95,223,131
2026-09-17T08:11:00.000Z,2026-09-17T11:11:00,222.95,222.95,222.2,222.2,72
2026-09-17T08:12:00.000Z,2026-09-17T11:12:00,222.2,222.2,222.2,222.2,19
2026-09-17T08:13:00.000Z,2026-09-17T11:13:00,223,223,223,223,12
2026-09-17T08:14:00.000Z,2026-09-17T11:14:00,223,223,222,222.99,344
2026-09-17T08:15:00.000Z,2026-09-17T11:15:00,222.99,222.99,222.99,222.99,20
2026-09-17T08:17:00.000Z,2026-09-17T11:17:00,222.89,222.9,222.89,222.9,336
2026-09-17T08:18:00.000Z,2026-09-17T11:18:00,222.89,222.89,222.89,222.89,43
2026-09-17T08:19:00.000Z,2026-09-17T11:19:00,222,222,222,222,4
2026-09-17T08:20:00.000Z,2026-09-17T11:20:00,222,222.49,222,222.49,77
2026-09-17T08:21:00.000Z,2026-09-17T11:21:00,222.49,222.49,222,222,67
2026-09-17T08:22:00.000Z,2026-09-17T11:22:00,222.49,222.49,222,222,236
2026-09-17T08:23:00.000Z,2026-09-17T11:23:00,222,222,222,222,60
2026-09-17T08:24:00.000Z,2026-09-17T11:24:00,222.01,222.01,222,222,55
2026-09-17T08:26:00.000Z,2026-09-17T11:26:00,222,222,222,222,22
2026-09-17T08:27:00.000Z,2026-09-17T11:27:00,222,222,222,222,8
2026-09-17T08:28:00.000Z,2026-09-17T11:28:00,221.99,221.99,221.99,221.99,30
2026-09-17T08:31:00.000Z,2026-09-17T11:31:00,221.99,222,221.99,222,450
2026-09-17T08:33:00.000Z,2026-09-17T11:33:00,221.25,222,221.25,222,8
2026-09-17T08:34:00.000Z,2026-09-17T11:34:00,221.25,221.25,221.01,221.01,56
2026-09-17T08:35:00.000Z,2026-09-17T11:35:00,221,222,221,222,80
2026-09-17T08:36:00.000Z,2026-09-17T11:36:00,221,221,221,221,1
2026-09-17T08:38:00.000Z,2026-09-17T11:38:00,221,221,221,221,10
2026-09-17T08:40:00.000Z,2026-09-17T11:40:00,221,221,221,221,170
2026-09-17T08:41:00.000Z,2026-09-17T11:41:00,221,221,221,221,67
2026-09-17T08:43:00.000Z,2026-09-17T11:43:00,221,221.75,221,221.75,13
2026-09-17T08:48:00.000Z,2026-09-17T11:48:00,221.75,221.9,221.75,221.9,50
2026-09-17T08:49:00.000Z,2026-09-17T11:49:00,221,221.89,221,221.89,3
2026-09-17T08:50:00.000Z,2026-09-17T11:50:00,221.9,222,221.89,221.89,165
2026-09-17T08:54:00.000Z,2026-09-17T11:54:00,221,222,221,222,644
2026-09-17T08:55:00.000Z,2026-09-17T11:55:00,222,222,222,222,45
2026-09-17T08:56:00.000Z,2026-09-17T11:56:00,221.01,222,221,222,725
2026-09-17T08:59:00.000Z,2026-09-17T11:59:00,221,221,220.6,220.6,61
2026-09-17T09:01:00.000Z,2026-09-17T12:01:00,222,222,222,222,40
2026-09-17T09:02:00.000Z,2026-09-17T12:02:00,221.99,221.99,220.7,220.7,34
2026-09-17T09:03:00.000Z,2026-09-17T12:03:00,220.71,220.71,220.6,220.6,226
2026-09-17T09:04:00.000Z,2026-09-17T12:04:00,221.99,222,220.7,222,229
2026-09-17T09:07:00.000Z,2026-09-17T12:07:00,220.65,221.99,220.65,221.99,104
2026-09-17T09:08:00.000Z,2026-09-17T12:08:00,221.99,221.99,221.99,221.99,45
2026-09-17T09:10:00.000Z,2026-09-17T12:10:00,221.99,221.99,221.99,221.99,204
2026-09-17T09:12:00.000Z,2026-09-17T12:12:00,220.72,220.72,220.72,220.72,3
2026-09-17T09:13:00.000Z,2026-09-17T12:13:00,221.99,222,221.99,222,45
2026-09-17T09:14:00.000Z,2026-09-17T12:14:00,222,222,222,222,100
2026-09-17T09:16:00.000Z,2026-09-17T12:16:00,220.74,220.74,220.74,220.74,2
2026-09-17T09:18:00.000Z,2026-09-17T12:18:00,221,221,220.76,220.76,125
2026-09-17T09:20:00.000Z,2026-09-17T12:20:00,221,221,221,221,4
2026-09-17T09:23:00.000Z,2026-09-17T12:23:00,222,222,222,222,67
2026-09-17T09:25:00.000Z,2026-09-17T12:25:00,221.01,221.01,221.01,221.01,9
2026-09-17T09:27:00.000Z,2026-09-17T12:27:00,221.02,221.02,221.02,221.02,50
2026-09-17T09:28:00.000Z,2026-09-17T12:28:00,221.99,222,221.99,222,118
2026-09-17T09:30:00.000Z,2026-09-17T12:30:00,222,222,222,222,5
2026-09-17T09:32:00.000Z,2026-09-17T12:32:00,222,222,222,222,127
2026-09-17T09:35:00.000Z,2026-09-17T12:35:00,222,222,222,222,110
2026-09-17T09:37:00.000Z,2026-09-17T12:37:00,221.03,221.03,221,221,460
2026-09-17T09:39:00.000Z,2026-09-17T12:39:00,221.05,221.98,221,221.98,259
2026-09-17T09:41:00.000Z,2026-09-17T12:41:00,221.98,221.98,221.98,221.98,207
2026-09-17T09:42:00.000Z,2026-09-17T12:42:00,221.99,221.99,221.99,221.99,15
2026-09-17T09:45:00.000Z,2026-09-17T12:45:00,221.99,221.99,221.99,221.99,11
2026-09-17T09:46:00.000Z,2026-09-17T12:46:00,221.98,221.98,221.98,221.98,1
2026-09-17T09:47:00.000Z,2026-09-17T12:47:00,221,221,221,221,387
2026-09-17T09:48:00.000Z,2026-09-17T12:48:00,221,221,221,221,288
2026-09-17T09:49:00.000Z,2026-09-17T12:49:00,221.97,221.97,221.97,221.97,9
2026-09-17T09:50:00.000Z,2026-09-17T12:50:00,221,221,221,221,464
2026-09-17T09:52:00.000Z,2026-09-17T12:52:00,221,221,220.94,220.94,50
2026-09-17T09:53:00.000Z,2026-09-17T12:53:00,221,221,221,221,7
2026-09-17T09:55:00.000Z,2026-09-17T12:55:00,221,221,220.94,220.94,23
2026-09-17T09:57:00.000Z,2026-09-17T12:57:00,221,221,221,221,26
2026-09-17T09:58:00.000Z,2026-09-17T12:58:00,220.94,221,220,221,3125
2026-09-17T09:59:00.000Z,2026-09-17T12:59:00,221,221,220.1,221,173
2026-09-17T10:00:00.000Z,2026-09-17T13:00:00,221,221.96,221,221.96,13
2026-09-17T10:01:00.000Z,2026-09-17T13:01:00,221.9,221.9,221,221,136
2026-09-17T10:02:00.000Z,2026-09-17T13:02:00,220.94,220.94,218,218.01,10007
2026-09-17T10:03:00.000Z,2026-09-17T13:03:00,220,220,219,219,2
2026-09-17T10:04:00.000Z,2026-09-17T13:04:00,220,220.99,220,220.98,568
2026-09-17T10:05:00.000Z,2026-09-17T13:05:00,219,220.98,216.02,218.75,3947
2026-09-17T10:06:00.000Z,2026-09-17T13:06:00,218.75,220.89,218.5,220.89,112
2026-09-17T10:07:00.000Z,2026-09-17T13:07:00,220.49,220.49,220.49,220.49,56
2026-09-17T10:09:00.000Z,2026-09-17T13:09:00,219.99,219.99,219.99,219.99,27
2026-09-17T10:13:00.000Z,2026-09-17T13:13:00,219.95,220,218.11,218.11,75
2026-09-17T10:14:00.000Z,2026-09-17T13:14:00,218.11,218.5,218.11,218.5,13
2026-09-17T10:16:00.000Z,2026-09-17T13:16:00,220,220,220,220,110
2026-09-17T10:17:00.000Z,2026-09-17T13:17:00,220.48,220.99,220.48,220.99,198
2026-09-17T10:18:00.000Z,2026-09-17T13:18:00,220.99,220.99,220.99,220.99,26
2026-09-17T10:19:00.000Z,2026-09-17T13:19:00,220.9,220.99,220.9,220.99,551
2026-09-17T10:20:00.000Z,2026-09-17T13:20:00,220,220,220,220,4
2026-09-17T10:21:00.000Z,2026-09-17T13:21:00,219.03,219.03,219,219,217
2026-09-17T10:22:00.000Z,2026-09-17T13:22:00,219.99,219.99,219.99,219.99,1
2026-09-17T10:23:00.000Z,2026-09-17T13:23:00,219.99,220,219.98,220,205
2026-09-17T10:24:00.000Z,2026-09-17T13:24:00,219.99,219.99,219.99,219.99,2
2026-09-17T10:25:00.000Z,2026-09-17T13:25:00,219.99,219.99,219.99,219.99,23
2026-09-17T10:26:00.000Z,2026-09-17T13:26:00,219.98,219.99,219.1,219.1,360
2026-09-17T10:27:00.000Z,2026-09-17T13:27:00,219.25,219.25,219,219,3113
2026-09-17T10:28:00.000Z,2026-09-17T13:28:00,218.66,219.91,218,219.91,4450
2026-09-17T10:30:00.000Z,2026-09-17T13:30:00,219.79,219.85,219.79,219.85,231
2026-09-17T10:32:00.000Z,2026-09-17T13:32:00,219.85,220,219.85,220,599
2026-09-17T10:33:00.000Z,2026-09-17T13:33:00,220,220,218.56,218.56,331
2026-09-17T10:34:00.000Z,2026-09-17T13:34:00,220,220,220,220,270
2026-09-17T10:35:00.000Z,2026-09-17T13:35:00,219.99,219.99,219.99,219.99,13
2026-09-17T10:36:00.000Z,2026-09-17T13:36:00,219.99,219.99,219.99,219.99,81
2026-09-17T10:37:00.000Z,2026-09-17T13:37:00,219.99,219.99,219.99,219.99,6
2026-09-17T10:39:00.000Z,2026-09-17T13:39:00,219.9,219.9,219,219,26
2026-09-17T10:40:00.000Z,2026-09-17T13:40:00,219,219,219,219,108
2026-09-17T10:41:00.000Z,2026-09-17T13:41:00,219,219.99,219,219.99,326
2026-09-17T10:42:00.000Z,2026-09-17T13:42:00,219.99,220,219.99,220,163
2026-09-17T10:44:00.000Z,2026-09-17T13:44:00,219.99,219.99,219.99,219.99,327
2026-09-17T10:46:00.000Z,2026-09-17T13:46:00,219.99,219.99,219.9,219.9,68
2026-09-17T10:47:00.000Z,2026-09-17T13:47:00,219.9,219.9,219.9,219.9,1
2026-09-17T10:49:00.000Z,2026-09-17T13:49:00,219.9,219.9,219.9,219.9,120
2026-09-17T10:50:00.000Z,2026-09-17T13:50:00,219.99,220,219.99,220,734
2026-09-17T10:51:00.000Z,2026-09-17T13:51:00,219.9,219.9,219,219,107
2026-09-17T10:52:00.000Z,2026-09-17T13:52:00,219.03,219.03,219.03,219.03,13
2026-09-17T10:53:00.000Z,2026-09-17T13:53:00,219.99,220,219.99,220,1880
2026-09-17T10:54:00.000Z,2026-09-17T13:54:00,220,220,220,220,50
2026-09-17T10:55:00.000Z,2026-09-17T13:55:00,219.99,219.99,219.99,219.99,40
2026-09-17T10:56:00.000Z,2026-09-17T13:56:00,219.16,219.99,219.16,219.99,14
2026-09-17T10:57:00.000Z,2026-09-17T13:57:00,219.17,219.17,219.07,219.07,227
2026-09-17T10:58:00.000Z,2026-09-17T13:58:00,219.99,219.99,219.01,219.01,430
2026-09-17T10:59:00.000Z,2026-09-17T13:59:00,219.99,219.99,219,219,1752
2026-09-17T11:00:00.000Z,2026-09-17T14:00:00,219,219,219,219,333
2026-09-17T11:01:00.000Z,2026-09-17T14:01:00,218.81,218.81,218.8,218.8,50
2026-09-17T11:02:00.000Z,2026-09-17T14:02:00,218.8,218.8,218.8,218.8,250
2026-09-17T11:03:00.000Z,2026-09-17T14:03:00,219,219,219,219,1999
2026-09-17T11:04:00.000Z,2026-09-17T14:04:00,219,219,219,219,41
2026-09-17T11:05:00.000Z,2026-09-17T14:05:00,219.06,219.99,219,219,1354
2026-09-17T11:06:00.000Z,2026-09-17T14:06:00,219,219,218.63,219,727
2026-09-17T11:07:00.000Z,2026-09-17T14:07:00,219,219,219,219,569
2026-09-17T11:08:00.000Z,2026-09-17T14:08:00,218.8,218.99,218.63,218.99,1435
2026-09-17T11:10:00.000Z,2026-09-17T14:10:00,218.89,219,218.89,219,1000
2026-09-17T11:11:00.000Z,2026-09-17T14:11:00,218.71,219,218.71,219,144
2026-09-17T11:12:00.000Z,2026-09-17T14:12:00,219,219.01,219,219,182
2026-09-17T11:14:00.000Z,2026-09-17T14:14:00,219,219,219,219,268
2026-09-17T11:25:00.000Z,2026-09-17T14:25:00,218.98,218.98,218.98,218.98,2250
2026-09-17T11:26:00.000Z,2026-09-17T14:26:00,218.98,218.98,218.98,218.98,729
2026-09-17T11:27:00.000Z,2026-09-17T14:27:00,218.98,218.98,218.98,218.98,223
2026-09-17T11:28:00.000Z,2026-09-17T14:28:00,218.98,218.98,218.98,218.98,28
2026-09-17T11:29:00.000Z,2026-09-17T14:29:00,218.98,218.98,218.98,218.98,77
2026-09-20T07:00:00.000Z,2026-09-20T10:00:00,219,219.05,219,219,762
2026-09-20T07:02:00.000Z,2026-09-20T10:02:00,219,219,219,219,3
2026-09-20T07:03:00.000Z,2026-09-20T10:03:00,219.2,222.99,219.2,222.99,164
2026-09-20T07:04:00.000Z,2026-09-20T10:04:00,222,222,222,222,91
2026-09-20T07:05:00.000Z,2026-09-20T10:05:00,222,222,222,222,529
2026-09-20T07:07:00.000Z,2026-09-20T10:07:00,219.23,221.99,219,221.99,637
2026-09-20T07:08:00.000Z,2026-09-20T10:08:00,221.5,221.8,221.5,221.8,127
2026-09-20T07:09:00.000Z,2026-09-20T10:09:00,221.8,221.98,219.1,219.1,171
2026-09-20T07:10:00.000Z,2026-09-20T10:10:00,221.97,221.97,219.1,221.97,66
2026-09-20T07:12:00.000Z,2026-09-20T10:12:00,221.9,221.9,221.9,221.9,9
2026-09-20T07:14:00.000Z,2026-09-20T10:14:00,221.35,221.9,221.35,221.9,65
2026-09-20T07:15:00.000Z,2026-09-20T10:15:00,221.8,221.96,221.8,221.96,336
2026-09-20T07:16:00.000Z,2026-09-20T10:16:00,221.96,221.96,219.5,221.96,158
2026-09-20T07:18:00.000Z,2026-09-20T10:18:00,221.5,221.95,221.5,221.94,2431
2026-09-20T07:19:00.000Z,2026-09-20T10:19:00,221.94,221.94,221.94,221.94,1
2026-09-20T07:20:00.000Z,2026-09-20T10:20:00,221.5,221.5,221.5,221.5,45
2026-09-20T07:21:00.000Z,2026-09-20T10:21:00,221.4,221.4,219.5,219.5,230
2026-09-20T07:22:00.000Z,2026-09-20T10:22:00,219.5,221.4,219.5,221.4,121
2026-09-20T07:23:00.000Z,2026-09-20T10:23:00,221.4,221.4,221.4,221.4,144
2026-09-20T07:25:00.000Z,2026-09-20T10:25:00,220.7,220.7,220.7,220.7,70
2026-09-20T07:26:00.000Z,2026-09-20T10:26:00,221.3,221.3,221.3,221.3,9
2026-09-20T07:27:00.000Z,2026-09-20T10:27:00,221,221,221,221,20
2026-09-20T07:28:00.000Z,2026-09-20T10:28:00,221,221,220.7,220.7,108
2026-09-20T07:30:00.000Z,2026-09-20T10:30:00,221,221,221,221,45
2026-09-20T07:31:00.000Z,2026-09-20T10:31:00,221,221,221,221,119
2026-09-20T07:32:00.000Z,2026-09-20T10:32:00,221,221,221,221,50
2026-09-20T07:33:00.000Z,2026-09-20T10:33:00,221,221,221,221,106
2026-09-20T07:34:00.000Z,2026-09-20T10:34:00,221,221,220.7,220.7,56
2026-09-20T07:35:00.000Z,2026-09-20T10:35:00,220.7,220.7,220.7,220.7,38
2026-09-20T07:37:00.000Z,2026-09-20T10:37:00,220.5,220.6,219.99,220.6,2030
2026-09-20T07:38:00.000Z,2026-09-20T10:38:00,220.6,220.6,220.6,220.6,91
2026-09-20T07:39:00.000Z,2026-09-20T10:39:00,220.6,220.6,220.6,220.6,2
2026-09-20T07:40:00.000Z,2026-09-20T10:40:00,220.6,220.6,220.6,220.6,66
2026-09-20T07:41:00.000Z,2026-09-20T10:41:00,220.6,220.6,220.05,220.05,66
2026-09-20T07:42:00.000Z,2026-09-20T10:42:00,220.01,221.2,220.01,221.2,425
2026-09-20T07:43:00.000Z,2026-09-20T10:43:00,220.01,220.01,220.01,220.01,6
2026-09-20T07:44:00.000Z,2026-09-20T10:44:00,220.99,220.99,220.99,220.99,55
2026-09-20T07:45:00.000Z,2026-09-20T10:45:00,220.01,220.01,220.01,220.01,10
2026-09-20T07:46:00.000Z,2026-09-20T10:46:00,220.01,220.01,220.01,220.01,548
2026-09-20T07:47:00.000Z,2026-09-20T10:47:00,220.01,220.01,220,220,16
2026-09-20T07:48:00.000Z,2026-09-20T10:48:00,220,220.01,220,220.01,1402
2026-09-20T07:49:00.000Z,2026-09-20T10:49:00,220.01,220.01,220,220,152
2026-09-20T07:50:00.000Z,2026-09-20T10:50:00,220,220,220,220,2
2026-09-20T07:51:00.000Z,2026-09-20T10:51:00,220,220,220,220,434
2026-09-20T07:52:00.000Z,2026-09-20T10:52:00,219.99,219.99,219.99,219.99,8
2026-09-20T07:53:00.000Z,2026-09-20T10:53:00,220,220,219.99,220,62
2026-09-20T07:54:00.000Z,2026-09-20T10:54:00,220,220,220,220,33
2026-09-20T07:55:00.000Z,2026-09-20T10:55:00,220.01,220.01,220,220,481
2026-09-20T07:56:00.000Z,2026-09-20T10:56:00,219.99,219.99,219.99,219.99,399
2026-09-20T07:57:00.000Z,2026-09-20T10:57:00,219.99,219.99,219.99,219.99,308
2026-09-20T07:58:00.000Z,2026-09-20T10:58:00,219.99,219.99,219.99,219.99,303
2026-09-20T07:59:00.000Z,2026-09-20T10:59:00,219.6,219.6,219.6,219.6,30
2026-09-20T08:00:00.000Z,2026-09-20T11:00:00,219.55,219.99,219.55,219.99,78
2026-09-20T08:01:00.000Z,2026-09-20T11:01:00,219.56,219.56,219.55,219.55,4
2026-09-20T08:03:00.000Z,2026-09-20T11:03:00,219.55,219.55,219.55,219.55,11
2026-09-20T08:04:00.000Z,2026-09-20T11:04:00,219.99,219.99,219.99,219.99,9
2026-09-20T08:07:00.000Z,2026-09-20T11:07:00,219.99,220,219.99,220,9
2026-09-20T08:12:00.000Z,2026-09-20T11:12:00,219.55,219.99,219.55,219.99,69
2026-09-20T08:13:00.000Z,2026-09-20T11:13:00,220.5,220.5,220.5,220.5,8
2026-09-20T08:15:00.000Z,2026-09-20T11:15:00,220,220.99,220,220.99,599
2026-09-20T08:16:00.000Z,2026-09-20T11:16:00,220.99,220.99,220.99,220.99,3
2026-09-20T08:18:00.000Z,2026-09-20T11:18:00,220,220,220,220,23
2026-09-20T08:19:00.000Z,2026-09-20T11:19:00,220.99,220.99,220,220.99,271
2026-09-20T08:20:00.000Z,2026-09-20T11:20:00,220,220.9,220,220,216
2026-09-20T08:21:00.000Z,2026-09-20T11:21:00,220,220.9,220,220.9,56
2026-09-20T08:24:00.000Z,2026-09-20T11:24:00,220,220,220,220,994
2026-09-20T08:25:00.000Z,2026-09-20T11:25:00,220,220,220,220,50
2026-09-20T08:26:00.000Z,2026-09-20T11:26:00,220,220,220,220,6
2026-09-20T08:27:00.000Z,2026-09-20T11:27:00,220,220,220,220,32
2026-09-20T08:28:00.000Z,2026-09-20T11:28:00,220,220,220,220,687
2026-09-20T08:29:00.000Z,2026-09-20T11:29:00,220,220,220,220,303
2026-09-20T08:30:00.000Z,2026-09-20T11:30:00,219.55,220,219.55,220,353
2026-09-20T08:32:00.000Z,2026-09-20T11:32:00,220,220,219.55,219.55,251
2026-09-20T08:33:00.000Z,2026-09-20T11:33:00,219.55,219.55,219.52,219.52,95
2026-09-20T08:35:00.000Z,2026-09-20T11:35:00,219.52,219.52,219.05,219.05,300
2026-09-20T08:36:00.000Z,2026-09-20T11:36:00,220,220,219.7,219.7,13
2026-09-20T08:37:00.000Z,2026-09-20T11:37:00,219.7,220,219.05,219.05,1009
2026-09-20T08:39:00.000Z,2026-09-20T11:39:00,220,220,220,220,71
2026-09-20T08:40:00.000Z,2026-09-20T11:40:00,220,220.99,220,220.98,1908
2026-09-20T08:41:00.000Z,2026-09-20T11:41:00,220,220,220,220,1
2026-09-20T08:45:00.000Z,2026-09-20T11:45:00,220.98,220.98,220.98,220.98,250
2026-09-20T08:48:00.000Z,2026-09-20T11:48:00,220.01,220.01,220.01,220.01,5
2026-09-20T08:49:00.000Z,2026-09-20T11:49:00,220.98,220.98,220.98,220.98,23
2026-09-20T08:50:00.000Z,2026-09-20T11:50:00,220.98,220.98,220.98,220.98,1
2026-09-20T08:52:00.000Z,2026-09-20T11:52:00,220.98,220.98,220.98,220.98,1
2026-09-20T08:53:00.000Z,2026-09-20T11:53:00,220.01,220.01,220,220,2572
2026-09-20T08:54:00.000Z,2026-09-20T11:54:00,220,220,219.52,219.52,147
2026-09-20T08:56:00.000Z,2026-09-20T11:56:00,220,220,220,220,2
2026-09-20T08:57:00.000Z,2026-09-20T11:57:00,220,220.98,220,220.98,390
2026-09-20T09:02:00.000Z,2026-09-20T12:02:00,220.89,220.89,220,220,376
2026-09-20T09:03:00.000Z,2026-09-20T12:03:00,220,220,220,220,50
2026-09-20T09:05:00.000Z,2026-09-20T12:05:00,220,220,220,220,10
2026-09-20T09:06:00.000Z,2026-09-20T12:06:00,219.52,219.52,219.52,219.52,6
2026-09-20T09:08:00.000Z,2026-09-20T12:08:00,220,220,220,220,13
2026-09-20T09:10:00.000Z,2026-09-20T12:10:00,219.52,219.52,219,219,6000
2026-09-20T09:12:00.000Z,2026-09-20T12:12:00,219,219,219,219,50
2026-09-20T09:13:00.000Z,2026-09-20T12:13:00,219,219.1,219,219,2545
2026-09-20T09:14:00.000Z,2026-09-20T12:14:00,219,219,219,219,108
2026-09-20T09:15:00.000Z,2026-09-20T12:15:00,219,219,218.98,218.98,414
2026-09-20T09:16:00.000Z,2026-09-20T12:16:00,218.98,218.98,218.64,218.64,8
2026-09-20T09:18:00.000Z,2026-09-20T12:18:00,218.65,218.65,218,218,1000
2026-09-20T09:19:00.000Z,2026-09-20T12:19:00,218,218,218,218,24
2026-09-20T09:20:00.000Z,2026-09-20T12:20:00,219,219,219,219,6
2026-09-20T09:21:00.000Z,2026-09-20T12:21:00,219,219,219,219,6
2026-09-20T09:22:00.000Z,2026-09-20T12:22:00,218.01,218.01,218.01,218.01,2
2026-09-20T09:24:00.000Z,2026-09-20T12:24:00,218.03,218.03,218.01,218.01,300
2026-09-20T09:25:00.000Z,2026-09-20T12:25:00,218.01,221,215,221,14905
2026-09-20T09:30:00.000Z,2026-09-20T12:30:00,219.49,219.49,219.49,219.49,25
2026-09-20T09:32:00.000Z,2026-09-20T12:32:00,218,219,216.1,219,55
2026-09-20T09:33:00.000Z,2026-09-20T12:33:00,219,219,219,219,23
2026-09-20T09:34:00.000Z,2026-09-20T12:34:00,219,219,219,219,5
2026-09-20T09:35:00.000Z,2026-09-20T12:35:00,219,219,219,219,50
2026-09-20T09:38:00.000Z,2026-09-20T12:38:00,219,219,219,219,4
2026-09-20T09:39:00.000Z,2026-09-20T12:39:00,219,219,217,217,12
2026-09-20T09:41:00.000Z,2026-09-20T12:41:00,219,219,219,219,6
2026-09-20T09:42:00.000Z,2026-09-20T12:42:00,219,219,219,219,11
2026-09-20T09:43:00.000Z,2026-09-20T12:43:00,218.99,219,218.99,219,500
2026-09-20T09:44:00.000Z,2026-09-20T12:44:00,219,219,219,219,52
2026-09-20T09:46:00.000Z,2026-09-20T12:46:00,219,219,219,219,12
2026-09-20T09:47:00.000Z,2026-09-20T12:47:00,219,219,219,219,1
2026-09-20T09:48:00.000Z,2026-09-20T12:48:00,217.2,219,217,219,221
2026-09-20T09:49:00.000Z,2026-09-20T12:49:00,219,219,219,219,35
2026-09-20T09:51:00.000Z,2026-09-20T12:51:00,218,218,218,218,32
2026-09-20T09:52:00.000Z,2026-09-20T12:52:00,218.95,219,218.95,219,244
2026-09-20T09:53:00.000Z,2026-09-20T12:53:00,219,219,219,219,9
2026-09-20T09:54:00.000Z,2026-09-20T12:54:00,219,219,219,219,1
2026-09-20T09:55:00.000Z,2026-09-20T12:55:00,218,218,218,218,1
2026-09-20T09:56:00.000Z,2026-09-20T12:56:00,219,219,219,219,2
2026-09-20T09:57:00.000Z,2026-09-20T12:57:00,219,219,219,219,10
2026-09-20T09:58:00.000Z,2026-09-20T12:58:00,218,218,218,218,80
2026-09-20T10:00:00.000Z,2026-09-20T13:00:00,218,218,217.01,217.01,31
2026-09-20T10:02:00.000Z,2026-09-20T13:02:00,217.01,218,217.01,218,8
2026-09-20T10:03:00.000Z,2026-09-20T13:03:00,218,218,218,218,5
2026-09-20T10:04:00.000Z,2026-09-20T13:04:00,218,218,218,218,5
2026-09-20T10:06:00.000Z,2026-09-20T13:06:00,218,218.97,218,218.5,395
2026-09-20T10:07:00.000Z,2026-09-20T13:07:00,218.5,218.5,218.5,218.5,2607
2026-09-20T10:09:00.000Z,2026-09-20T13:09:00,217.1,217.1,217.1,217.1,4
2026-09-20T10:10:00.000Z,2026-09-20T13:10:00,217.1,218.5,217.1,218.5,126
2026-09-20T10:11:00.000Z,2026-09-20T13:11:00,218.5,218.5,218.5,218.5,9
2026-09-20T10:12:00.000Z,2026-09-20T13:12:00,218.5,218.5,218.5,218.5,128
2026-09-20T10:13:00.000Z,2026-09-20T13:13:00,217.11,218.5,217.1,218.5,435
2026-09-20T10:14:00.000Z,2026-09-20T13:14:00,218.5,218.5,218,218.5,39
2026-09-20T10:19:00.000Z,2026-09-20T13:19:00,217.12,218.99,217.11,218.99,708
2026-09-20T10:21:00.000Z,2026-09-20T13:21:00,218.9,218.9,217.2,217.2,47
2026-09-20T10:22:00.000Z,2026-09-20T13:22:00,218.9,218.9,218.9,218.9,9
2026-09-20T10:23:00.000Z,2026-09-20T13:23:00,217.2,217.2,217.2,217.2,22
2026-09-20T10:24:00.000Z,2026-09-20T13:24:00,218.9,218.99,217.2,217.2,289
2026-09-20T10:25:00.000Z,2026-09-20T13:25:00,218.99,218.99,218.99,218.99,3
2026-09-20T10:27:00.000Z,2026-09-20T13:27:00,218.95,218.95,218.95,218.95,65
2026-09-20T10:28:00.000Z,2026-09-20T13:28:00,218.95,218.95,218.95,218.95,299
2026-09-20T10:30:00.000Z,2026-09-20T13:30:00,218.95,219,218.95,219,497
2026-09-20T10:32:00.000Z,2026-09-20T13:32:00,219,219,219,219,258
2026-09-20T10:33:00.000Z,2026-09-20T13:33:00,219,219,219,219,99
2026-09-20T10:34:00.000Z,2026-09-20T13:34:00,219,219,219,219,12
2026-09-20T10:36:00.000Z,2026-09-20T13:36:00,219,219,218.1,219,627
2026-09-20T10:37:00.000Z,2026-09-20T13:37:00,219,219,219,219,345
2026-09-20T10:39:00.000Z,2026-09-20T13:39:00,218.99,219,218.99,219,1644
2026-09-20T10:40:00.000Z,2026-09-20T13:40:00,219.95,219.95,219.95,219.95,19
2026-09-20T10:41:00.000Z,2026-09-20T13:41:00,219.7,219.97,219.7,219.97,588
2026-09-20T10:42:00.000Z,2026-09-20T13:42:00,219.9,219.9,219.9,219.9,20
2026-09-20T10:43:00.000Z,2026-09-20T13:43:00,219.8,219.8,219,219,3
2026-09-20T10:44:00.000Z,2026-09-20T13:44:00,219.8,219.8,219,219,208
2026-09-20T10:45:00.000Z,2026-09-20T13:45:00,219,219.8,218.11,218.11,1311
2026-09-20T10:48:00.000Z,2026-09-20T13:48:00,219,219,219,219,456
2026-09-20T10:49:00.000Z,2026-09-20T13:49:00,218.25,218.25,218.25,218.25,2
2026-09-20T10:50:00.000Z,2026-09-20T13:50:00,219,219,219,219,41
2026-09-20T10:52:00.000Z,2026-09-20T13:52:00,219,219,219,219,299
2026-09-20T10:54:00.000Z,2026-09-20T13:54:00,219,219,219,219,2
2026-09-20T10:55:00.000Z,2026-09-20T13:55:00,219.7,219.7,219.7,219.7,49
2026-09-20T10:56:00.000Z,2026-09-20T13:56:00,219.7,219.7,219.7,219.7,13
2026-09-20T10:57:00.000Z,2026-09-20T13:57:00,219.7,219.7,219.7,219.7,95
2026-09-20T10:58:00.000Z,2026-09-20T13:58:00,219.7,219.75,219.7,219.75,307
2026-09-20T10:59:00.000Z,2026-09-20T13:59:00,219.7,219.7,218.25,218.25,61
2026-09-20T11:01:00.000Z,2026-09-20T14:01:00,219.5,219.5,218.25,218.25,26
2026-09-20T11:02:00.000Z,2026-09-20T14:02:00,218.25,218.25,218.25,218.25,10
2026-09-20T11:04:00.000Z,2026-09-20T14:04:00,219.5,219.7,219.5,219.7,28
2026-09-20T11:05:00.000Z,2026-09-20T14:05:00,219.5,219.5,219.5,219.5,39
2026-09-20T11:06:00.000Z,2026-09-20T14:06:00,219,219,219,219,3
2026-09-20T11:07:00.000Z,2026-09-20T14:07:00,218.25,219,218.02,219,59
2026-09-20T11:08:00.000Z,2026-09-20T14:08:00,219,219,219,219,68
2026-09-20T11:10:00.000Z,2026-09-20T14:10:00,218.02,218.98,218.01,218.98,339
2026-09-20T11:11:00.000Z,2026-09-20T14:11:00,218.95,218.95,218.95,218.95,25
2026-09-20T11:12:00.000Z,2026-09-20T14:12:00,218.93,218.93,218,218,111
2026-09-20T11:13:00.000Z,2026-09-20T14:13:00,218,218,218,218,1
2026-09-20T11:14:00.000Z,2026-09-20T14:14:00,218,218,217.52,217.52,115
2026-09-20T11:25:00.000Z,2026-09-20T14:25:00,218.89,218.89,218.89,218.89,1
2026-09-20T11:27:00.000Z,2026-09-20T14:27:00,218.89,218.89,218.89,218.89,45
2026-09-21T07:00:00.000Z,2026-09-21T10:00:00,218.72,218.8,218.72,218.8,179
2026-09-21T07:01:00.000Z,2026-09-21T10:01:00,218.8,218.8,218.72,218.72,8
2026-09-21T07:02:00.000Z,2026-09-21T10:02:00,218.8,218.8,216.05,216.05,949
2026-09-21T07:03:00.000Z,2026-09-21T10:03:00,216.05,216.05,216.05,216.05,16
2026-09-21T07:04:00.000Z,2026-09-21T10:04:00,216.05,216.05,216,216,263
2026-09-21T07:05:00.000Z,2026-09-21T10:05:00,216.05,218.49,216,218.49,61
2026-09-21T07:06:00.000Z,2026-09-21T10:06:00,216.05,216.05,216.05,216.05,84
2026-09-21T07:08:00.000Z,2026-09-21T10:08:00,218.09,218.09,218.09,218.09,8
2026-09-21T07:10:00.000Z,2026-09-21T10:10:00,216.2,216.2,216.1,216.2,1287
2026-09-21T07:11:00.000Z,2026-09-21T10:11:00,218.4,218.4,218.39,218.39,59
2026-09-21T07:12:00.000Z,2026-09-21T10:12:00,216.22,217.79,216.22,217.79,45
2026-09-21T07:13:00.000Z,2026-09-21T10:13:00,216.22,216.22,216.22,216.22,4
2026-09-21T07:14:00.000Z,2026-09-21T10:14:00,216.23,217.19,216.23,217.19,29
2026-09-21T07:15:00.000Z,2026-09-21T10:15:00,216.23,217,216.1,217,2015
2026-09-21T07:16:00.000Z,2026-09-21T10:16:00,217,217,217,217,50
2026-09-21T07:17:00.000Z,2026-09-21T10:17:00,217,218,217,218,586
2026-09-21T07:18:00.000Z,2026-09-21T10:18:00,217.99,217.99,216.07,216.07,113
2026-09-21T07:19:00.000Z,2026-09-21T10:19:00,216.08,216.08,216.06,216.06,546
2026-09-21T07:21:00.000Z,2026-09-21T10:21:00,217.48,217.48,217.19,217.19,73
2026-09-21T07:22:00.000Z,2026-09-21T10:22:00,217.19,217.19,216.5,216.5,9
2026-09-21T07:23:00.000Z,2026-09-21T10:23:00,216.51,216.51,216.5,216.5,194
2026-09-21T07:25:00.000Z,2026-09-21T10:25:00,216.51,216.51,216.51,216.51,200
2026-09-21T07:26:00.000Z,2026-09-21T10:26:00,216.51,216.51,216.17,216.17,219
2026-09-21T07:28:00.000Z,2026-09-21T10:28:00,216.5,216.5,216.5,216.5,200
2026-09-21T07:29:00.000Z,2026-09-21T10:29:00,216.5,216.5,216.5,216.5,447
2026-09-21T07:30:00.000Z,2026-09-21T10:30:00,216.5,216.5,216.5,216.5,1000
2026-09-21T07:32:00.000Z,2026-09-21T10:32:00,216.5,216.5,216.21,216.5,618
2026-09-21T07:33:00.000Z,2026-09-21T10:33:00,216.5,216.5,216.5,216.5,23
2026-09-21T07:34:00.000Z,2026-09-21T10:34:00,216.5,216.5,216.5,216.5,53
2026-09-21T07:35:00.000Z,2026-09-21T10:35:00,216.5,216.5,216.5,216.5,70
2026-09-21T07:36:00.000Z,2026-09-21T10:36:00,216.21,217.5,216.21,217.5,967
2026-09-21T07:37:00.000Z,2026-09-21T10:37:00,216.5,216.5,216.5,216.5,101
2026-09-21T07:38:00.000Z,2026-09-21T10:38:00,217.4,217.4,216.65,216.65,18
2026-09-21T07:39:00.000Z,2026-09-21T10:39:00,216.5,216.5,216.5,216.5,4
2026-09-21T07:40:00.000Z,2026-09-21T10:40:00,216.5,216.5,216.5,216.5,109
2026-09-21T07:41:00.000Z,2026-09-21T10:41:00,216.5,216.5,216.5,216.5,4
2026-09-21T07:42:00.000Z,2026-09-21T10:42:00,216.5,216.5,216.22,216.22,299
2026-09-21T07:44:00.000Z,2026-09-21T10:44:00,216.22,217.4,216.22,217.39,223
2026-09-21T07:45:00.000Z,2026-09-21T10:45:00,217.39,217.4,217.39,217.4,260
2026-09-21T07:46:00.000Z,2026-09-21T10:46:00,217.39,217.39,217.39,217.39,1
2026-09-21T07:47:00.000Z,2026-09-21T10:47:00,216.2,216.2,216.07,216.07,400
2026-09-21T07:48:00.000Z,2026-09-21T10:48:00,216.07,216.07,216.07,216.07,10
2026-09-21T07:52:00.000Z,2026-09-21T10:52:00,216.99,216.99,216.99,216.99,49
2026-09-21T07:53:00.000Z,2026-09-21T10:53:00,216.99,216.99,216.99,216.99,5
2026-09-21T07:54:00.000Z,2026-09-21T10:54:00,216.5,216.5,216.09,216.09,232
2026-09-21T07:55:00.000Z,2026-09-21T10:55:00,216.96,217,216.08,216.08,537
2026-09-21T07:57:00.000Z,2026-09-21T10:57:00,217,217,217,217,20
2026-09-21T07:58:00.000Z,2026-09-21T10:58:00,217,217,217,217,46
2026-09-21T07:59:00.000Z,2026-09-21T10:59:00,217,217.5,216.11,216.11,501
2026-09-21T08:00:00.000Z,2026-09-21T11:00:00,217,217,217,217,116
2026-09-21T08:03:00.000Z,2026-09-21T11:03:00,216.9,216.9,216.9,216.9,1
2026-09-21T08:05:00.000Z,2026-09-21T11:05:00,216.9,216.9,216.9,216.9,46
2026-09-21T08:08:00.000Z,2026-09-21T11:08:00,216.88,216.88,216.2,216.88,83
2026-09-21T08:09:00.000Z,2026-09-21T11:09:00,216.88,217,216.2,217,412
2026-09-21T08:11:00.000Z,2026-09-21T11:11:00,217,217,216.99,216.99,203
2026-09-21T08:12:00.000Z,2026-09-21T11:12:00,217,217,216.9,217,252
2026-09-21T08:13:00.000Z,2026-09-21T11:13:00,216.9,216.9,216.9,216.9,9
2026-09-21T08:14:00.000Z,2026-09-21T11:14:00,216.9,216.9,216.9,216.9,1
2026-09-21T08:15:00.000Z,2026-09-21T11:15:00,216.9,216.9,216.2,216.2,43
2026-09-21T08:16:00.000Z,2026-09-21T11:16:00,216.2,216.2,216.2,216.2,54
2026-09-21T08:21:00.000Z,2026-09-21T11:21:00,216.21,216.49,216.21,216.49,164
2026-09-21T08:22:00.000Z,2026-09-21T11:22:00,216.2,216.49,216.09,216.49,1157
2026-09-21T08:23:00.000Z,2026-09-21T11:23:00,216.07,216.07,216,216,1799
2026-09-21T08:24:00.000Z,2026-09-21T11:24:00,215.8,215.8,215.78,215.78,13
2026-09-21T08:26:00.000Z,2026-09-21T11:26:00,215.78,215.78,215.78,215.78,1
2026-09-21T08:27:00.000Z,2026-09-21T11:27:00,215.6,215.6,215.05,215.05,993
2026-09-21T08:28:00.000Z,2026-09-21T11:28:00,215.01,215.89,215.01,215.01,157
2026-09-21T08:29:00.000Z,2026-09-21T11:29:00,215.1,215.1,214.6,214.6,3166
2026-09-21T08:30:00.000Z,2026-09-21T11:30:00,214.6,214.6,214.6,214.6,154
2026-09-21T08:31:00.000Z,2026-09-21T11:31:00,215,215,215,215,20
2026-09-21T08:32:00.000Z,2026-09-21T11:32:00,215,215,214.6,214.6,421
2026-09-21T08:33:00.000Z,2026-09-21T11:33:00,214.5,215.89,214,215.89,1747
2026-09-21T08:34:00.000Z,2026-09-21T11:34:00,215,215.89,215,215,3967
2026-09-21T08:35:00.000Z,2026-09-21T11:35:00,215,215,214.94,215,117
2026-09-21T08:36:00.000Z,2026-09-21T11:36:00,214.94,214.94,214,214,100
2026-09-21T08:37:00.000Z,2026-09-21T11:37:00,214,214,213.02,214,420
2026-09-21T08:38:00.000Z,2026-09-21T11:38:00,214,215,213.02,214.99,120
2026-09-21T08:39:00.000Z,2026-09-21T11:39:00,214.99,214.99,213.03,214,1523
2026-09-21T08:40:00.000Z,2026-09-21T11:40:00,213.03,213.03,213.02,213.02,213
2026-09-21T08:42:00.000Z,2026-09-21T11:42:00,213.02,214,212,212.85,4394
2026-09-21T08:43:00.000Z,2026-09-21T11:43:00,212.5,212.85,212,212,566
2026-09-21T08:44:00.000Z,2026-09-21T11:44:00,212.01,212.01,212,212,761
2026-09-21T08:45:00.000Z,2026-09-21T11:45:00,212,212,210,210,2807
2026-09-21T08:46:00.000Z,2026-09-21T11:46:00,210,210,210,210,212
2026-09-21T08:47:00.000Z,2026-09-21T11:47:00,209.96,209.96,209.05,209.05,1193
2026-09-21T08:48:00.000Z,2026-09-21T11:48:00,209.96,209.96,208,208,1707
2026-09-21T08:49:00.000Z,2026-09-21T11:49:00,209.25,209.96,207.1,207.12,797
2026-09-21T08:50:00.000Z,2026-09-21T11:50:00,209.9,209.9,209,209,355
2026-09-21T08:51:00.000Z,2026-09-21T11:51:00,208.1,209,208.1,209,682
2026-09-21T08:52:00.000Z,2026-09-21T11:52:00,209,209,208.15,208.16,1766
2026-09-21T08:53:00.000Z,2026-09-21T11:53:00,209,209,208.99,209,499
2026-09-21T08:54:00.000Z,2026-09-21T11:54:00,209,209,209,209,146
2026-09-21T08:56:00.000Z,2026-09-21T11:56:00,209.89,210,209.89,210,1688
2026-09-21T08:57:00.000Z,2026-09-21T11:57:00,210.9,212,210.9,212,76
2026-09-21T08:58:00.000Z,2026-09-21T11:58:00,211,211.99,211,211.99,251
2026-09-21T08:59:00.000Z,2026-09-21T11:59:00,211.99,211.99,210.94,210.94,115
2026-09-21T09:00:00.000Z,2026-09-21T12:00:00,211.97,211.97,210.94,210.94,36
2026-09-21T09:01:00.000Z,2026-09-21T12:01:00,210.94,211.97,210,210,439
2026-09-21T09:02:00.000Z,2026-09-21T12:02:00,211.94,211.94,210,210,191
2026-09-21T09:03:00.000Z,2026-09-21T12:03:00,210,211.94,210,211.94,1841
2026-09-21T09:04:00.000Z,2026-09-21T12:04:00,210,210,209.8,209.8,510
2026-09-21T09:05:00.000Z,2026-09-21T12:05:00,211.9,211.9,210,210,178
2026-09-21T09:06:00.000Z,2026-09-21T12:06:00,210,211.94,210,211.94,102
2026-09-21T09:07:00.000Z,2026-09-21T12:07:00,211.93,211.93,211.93,211.93,247
2026-09-21T09:08:00.000Z,2026-09-21T12:08:00,211.93,212,210,210,407
2026-09-21T09:09:00.000Z,2026-09-21T12:09:00,210.11,210.11,210.11,210.11,8
2026-09-21T09:10:00.000Z,2026-09-21T12:10:00,212,212,210.12,210.12,61
2026-09-21T09:11:00.000Z,2026-09-21T12:11:00,212,212,210.16,212,126
2026-09-21T09:12:00.000Z,2026-09-21T12:12:00,212,213.97,212,213.97,220
2026-09-21T09:13:00.000Z,2026-09-21T12:13:00,212,213.98,210.16,213.95,167
2026-09-21T09:14:00.000Z,2026-09-21T12:14:00,212,212,210.2,210.2,20
2026-09-21T09:16:00.000Z,2026-09-21T12:16:00,213.89,213.89,213.89,213.89,50
2026-09-21T09:17:00.000Z,2026-09-21T12:17:00,210.5,211,210,210,2477
2026-09-21T09:18:00.000Z,2026-09-21T12:18:00,212.99,212.99,212.97,212.97,21
2026-09-21T09:19:00.000Z,2026-09-21T12:19:00,211,211,210.27,210.27,244
2026-09-21T09:20:00.000Z,2026-09-21T12:20:00,211,211,211,211,24
2026-09-21T09:21:00.000Z,2026-09-21T12:21:00,211,211,211,211,151
2026-09-21T09:23:00.000Z,2026-09-21T12:23:00,211,211,209,209,3702
2026-09-21T09:24:00.000Z,2026-09-21T12:24:00,210,211,209.01,209.01,52
2026-09-21T09:25:00.000Z,2026-09-21T12:25:00,209.01,209.01,209,209,228
2026-09-21T09:26:00.000Z,2026-09-21T12:26:00,210.99,210.99,210,210,442
2026-09-21T09:27:00.000Z,2026-09-21T12:27:00,210,210,209.12,210,401
2026-09-21T09:28:00.000Z,2026-09-21T12:28:00,210,211,209.26,211,394
2026-09-21T09:29:00.000Z,2026-09-21T12:29:00,211,211,211,211,47
2026-09-21T09:30:00.000Z,2026-09-21T12:30:00,210,210,210,210,122
2026-09-21T09:31:00.000Z,2026-09-21T12:31:00,210,211,210,211,133
2026-09-21T09:32:00.000Z,2026-09-21T12:32:00,211,211,211,211,14
2026-09-21T09:33:00.000Z,2026-09-21T12:33:00,210,211,210,211,7
2026-09-21T09:34:00.000Z,2026-09-21T12:34:00,211,211,211,211,85
2026-09-21T09:36:00.000Z,2026-09-21T12:36:00,211,211,210.01,210.01,156
2026-09-21T09:37:00.000Z,2026-09-21T12:37:00,210.01,214,210,214,1300
2026-09-21T09:38:00.000Z,2026-09-21T12:38:00,211,211,211,211,46
2026-09-21T09:40:00.000Z,2026-09-21T12:40:00,211,211,211,211,24
2026-09-21T09:41:00.000Z,2026-09-21T12:41:00,213.88,213.88,211,212,90
2026-09-21T09:42:00.000Z,2026-09-21T12:42:00,212,212,212,212,19
2026-09-21T09:44:00.000Z,2026-09-21T12:44:00,211.5,211.5,211.5,211.5,12
2026-09-21T09:45:00.000Z,2026-09-21T12:45:00,211.5,211.5,211.44,211.44,120
2026-09-21T09:46:00.000Z,2026-09-21T12:46:00,211.44,211.44,211.44,211.44,2
2026-09-21T09:47:00.000Z,2026-09-21T12:47:00,212,213,212,213,22
2026-09-21T09:48:00.000Z,2026-09-21T12:48:00,212,212,212,212,5
2026-09-21T09:49:00.000Z,2026-09-21T12:49:00,212.49,212.49,212.49,212.49,23
2026-09-21T09:50:00.000Z,2026-09-21T12:50:00,212.49,212.49,212.49,212.49,118
2026-09-21T09:51:00.000Z,2026-09-21T12:51:00,212.49,212.49,212.49,212.49,25
2026-09-21T09:52:00.000Z,2026-09-21T12:52:00,212.49,212.49,212.49,212.49,1
2026-09-21T09:53:00.000Z,2026-09-21T12:53:00,212.49,212.49,212.49,212.49,34
2026-09-21T09:54:00.000Z,2026-09-21T12:54:00,212.49,212.49,212.49,212.49,22
2026-09-21T09:55:00.000Z,2026-09-21T12:55:00,212.47,212.47,212.47,212.47,5
2026-09-21T09:56:00.000Z,2026-09-21T12:56:00,212,212,211.99,211.99,79
2026-09-21T09:57:00.000Z,2026-09-21T12:57:00,211.99,211.99,211.94,211.94,48
2026-09-21T09:58:00.000Z,2026-09-21T12:58:00,211.99,212,211.99,212,924
2026-09-21T09:59:00.000Z,2026-09-21T12:59:00,212,212,212,212,126
2026-09-21T10:00:00.000Z,2026-09-21T13:00:00,212,212,212,212,23
2026-09-21T10:01:00.000Z,2026-09-21T13:01:00,212,212,212,212,443
2026-09-21T10:02:00.000Z,2026-09-21T13:02:00,212,212,211.99,211.99,60
2026-09-21T10:03:00.000Z,2026-09-21T13:03:00,211.99,211.99,211.99,211.99,12
2026-09-21T10:04:00.000Z,2026-09-21T13:04:00,212,212,212,212,149
2026-09-21T10:05:00.000Z,2026-09-21T13:05:00,212,212,212,212,23
2026-09-21T10:06:00.000Z,2026-09-21T13:06:00,212,212,211.99,211.99,30
2026-09-21T10:07:00.000Z,2026-09-21T13:07:00,212,212,211.99,211.99,260
2026-09-21T10:09:00.000Z,2026-09-21T13:09:00,212,212,212,212,18
2026-09-21T10:10:00.000Z,2026-09-21T13:10:00,211.94,212.5,211.94,212.5,28
2026-09-21T10:11:00.000Z,2026-09-21T13:11:00,212.5,212.5,212.5,212.5,27
2026-09-21T10:12:00.000Z,2026-09-21T13:12:00,212.5,212.5,212.5,212.5,54
2026-09-21T10:13:00.000Z,2026-09-21T13:13:00,212.5,212.5,212.5,212.5,15
2026-09-21T10:16:00.000Z,2026-09-21T13:16:00,212.5,212.5,212.5,212.5,172
2026-09-21T10:18:00.000Z,2026-09-21T13:18:00,212.44,212.5,212.44,212.5,40
2026-09-21T10:19:00.000Z,2026-09-21T13:19:00,212.49,212.49,212.49,212.49,7
2026-09-21T10:21:00.000Z,2026-09-21T13:21:00,212.44,212.44,212.04,212.04,138
2026-09-21T10:22:00.000Z,2026-09-21T13:22:00,212.49,212.49,212.49,212.49,235
2026-09-21T10:24:00.000Z,2026-09-21T13:24:00,212.05,212.05,212.05,212.05,4
2026-09-21T10:25:00.000Z,2026-09-21T13:25:00,212.05,212.05,211.8,211.8,132
2026-09-21T10:27:00.000Z,2026-09-21T13:27:00,211.5,211.5,211.04,211.04,75
2026-09-21T10:28:00.000Z,2026-09-21T13:28:00,211.99,211.99,211.99,211.99,24
2026-09-21T10:29:00.000Z,2026-09-21T13:29:00,212,212,212,212,466
2026-09-21T10:31:00.000Z,2026-09-21T13:31:00,212,212,212,212,113
2026-09-21T10:32:00.000Z,2026-09-21T13:32:00,212,212,212,212,110
2026-09-21T10:33:00.000Z,2026-09-21T13:33:00,211.93,211.93,211.04,211.04,107
2026-09-21T10:34:00.000Z,2026-09-21T13:34:00,211.04,211.04,211.02,211.02,107
2026-09-21T10:35:00.000Z,2026-09-21T13:35:00,211.1,211.5,211,211,512
2026-09-21T10:36:00.000Z,2026-09-21T13:36:00,211,211,211,211,495
2026-09-21T10:37:00.000Z,2026-09-21T13:37:00,211,211,210.99,210.99,450
2026-09-21T10:38:00.000Z,2026-09-21T13:38:00,210.99,211.01,210.99,211,1703
2026-09-21T10:39:00.000Z,2026-09-21T13:39:00,211,211,211,211,11
2026-09-21T10:40:00.000Z,2026-09-21T13:40:00,211,211,210.8,210.8,135
2026-09-21T10:41:00.000Z,2026-09-21T13:41:00,210.8,210.8,210.8,210.8,33
2026-09-21T10:42:00.000Z,2026-09-21T13:42:00,210.8,210.8,210.05,210.05,575
2026-09-21T10:43:00.000Z,2026-09-21T13:43:00,210.06,210.06,210.06,210.06,7
2026-09-21T10:44:00.000Z,2026-09-21T13:44:00,210.05,210.8,210.05,210.8,302
2026-09-21T10:45:00.000Z,2026-09-21T13:45:00,210.8,210.8,210.79,210.79,14
2026-09-21T10:46:00.000Z,2026-09-21T13:46:00,210.06,210.6,210.03,210.6,291
2026-09-21T10:47:00.000Z,2026-09-21T13:47:00,210.05,210.6,210,210,795
2026-09-21T10:48:00.000Z,2026-09-21T13:48:00,209.52,210,209.52,210,514
2026-09-21T10:49:00.000Z,2026-09-21T13:49:00,210,210,210,210,900
2026-09-21T10:50:00.000Z,2026-09-21T13:50:00,209.52,209.52,209.3,209.3,265
2026-09-21T10:51:00.000Z,2026-09-21T13:51:00,209.99,210,209.99,210,879
2026-09-21T10:52:00.000Z,2026-09-21T13:52:00,210,210,210,210,20
2026-09-21T10:53:00.000Z,2026-09-21T13:53:00,210,210,210,210,1870
2026-09-21T10:54:00.000Z,2026-09-21T13:54:00,210,210,210,210,442
2026-09-21T10:55:00.000Z,2026-09-21T13:55:00,210,210,210,210,408
2026-09-21T10:57:00.000Z,2026-09-21T13:57:00,209.94,210,209.3,209.3,2523
2026-09-21T10:58:00.000Z,2026-09-21T13:58:00,209.31,209.31,209.3,209.3,583
2026-09-21T10:59:00.000Z,2026-09-21T13:59:00,209.5,209.5,209.31,209.31,20
2026-09-21T11:00:00.000Z,2026-09-21T14:00:00,209.99,209.99,209.99,209.99,10
2026-09-21T11:01:00.000Z,2026-09-21T14:01:00,209.99,210,209.41,209.41,152
2026-09-21T11:02:00.000Z,2026-09-21T14:02:00,209.41,210,209.4,209.5,39
2026-09-21T11:03:00.000Z,2026-09-21T14:03:00,210,210,210,210,40
2026-09-21T11:04:00.000Z,2026-09-21T14:04:00,210,210,210,210,396
2026-09-21T11:06:00.000Z,2026-09-21T14:06:00,209.99,210,209.99,210,19
2026-09-21T11:07:00.000Z,2026-09-21T14:07:00,209.99,209.99,209.51,209.51,435
2026-09-21T11:08:00.000Z,2026-09-21T14:08:00,209.99,209.99,209.5,209.5,368
2026-09-21T11:09:00.000Z,2026-09-21T14:09:00,209.5,209.99,209.5,209.99,112
2026-09-21T11:10:00.000Z,2026-09-21T14:10:00,209.99,209.99,209.99,209.99,109
2026-09-21T11:11:00.000Z,2026-09-21T14:11:00,209.99,211.5,209,209,7033
2026-09-21T11:12:00.000Z,2026-09-21T14:12:00,209.97,212.9,209.97,212.9,32
2026-09-21T11:13:00.000Z,2026-09-21T14:13:00,212.69,212.69,212.39,212.39,6
2026-09-21T11:14:00.000Z,2026-09-21T14:14:00,212.39,212.39,210.01,212,808
2026-09-21T11:25:00.000Z,2026-09-21T14:25:00,209,209,209,209,9776
2026-09-21T11:26:00.000Z,2026-09-21T14:26:00,209,209,209,209,690
2026-09-21T11:28:00.000Z,2026-09-21T14:28:00,209,209,209,209,508
2026-09-21T11:29:00.000Z,2026-09-21T14:29:00,209,209,209,209,537
2026-09-22T07:00:00.000Z,2026-09-22T10:00:00,209.05,210.01,209.05,210.01,143
2026-09-22T07:01:00.000Z,2026-09-22T10:01:00,211.49,211.49,211.49,211.49,95
2026-09-22T07:02:00.000Z,2026-09-22T10:02:00,211.49,211.49,211.39,211.4,90
2026-09-22T07:03:00.000Z,2026-09-22T10:03:00,211.4,211.65,211.4,211.64,250
2026-09-22T07:04:00.000Z,2026-09-22T10:04:00,211,211,211,211,90
2026-09-22T07:05:00.000Z,2026-09-22T10:05:00,211,212,211,212,1087
2026-09-22T07:06:00.000Z,2026-09-22T10:06:00,212,212,211.99,212,273
2026-09-22T07:07:00.000Z,2026-09-22T10:07:00,211,211,211,211,20
2026-09-22T07:08:00.000Z,2026-09-22T10:08:00,210.56,210.56,209,209.01,1002
2026-09-22T07:09:00.000Z,2026-09-22T10:09:00,209.18,209.18,209.18,209.18,150
2026-09-22T07:10:00.000Z,2026-09-22T10:10:00,209.21,210.99,209.2,209.2,257
2026-09-22T07:11:00.000Z,2026-09-22T10:11:00,209.2,210.98,209.2,210.98,124
2026-09-22T07:12:00.000Z,2026-09-22T10:12:00,209.22,209.22,209.22,209.22,94
2026-09-22T07:13:00.000Z,2026-09-22T10:13:00,209.21,209.99,209.21,209.99,232
2026-09-22T07:14:00.000Z,2026-09-22T10:14:00,209.99,209.99,209.99,209.99,2
2026-09-22T07:15:00.000Z,2026-09-22T10:15:00,209.97,209.97,209.97,209.97,6
2026-09-22T07:16:00.000Z,2026-09-22T10:16:00,209.97,210,209.97,210,200
2026-09-22T07:17:00.000Z,2026-09-22T10:17:00,210,210,210,210,426
2026-09-22T07:18:00.000Z,2026-09-22T10:18:00,209.96,210,209.96,210,382
2026-09-22T07:19:00.000Z,2026-09-22T10:19:00,210,210,209.25,209.25,63
2026-09-22T07:20:00.000Z,2026-09-22T10:20:00,209.25,209.25,209.25,209.25,100
2026-09-22T07:21:00.000Z,2026-09-22T10:21:00,209.25,210,209.25,210,47
2026-09-22T07:22:00.000Z,2026-09-22T10:22:00,210,210,209.25,209.25,90
2026-09-22T07:23:00.000Z,2026-09-22T10:23:00,209.25,209.25,209.25,209.25,5
2026-09-22T07:24:00.000Z,2026-09-22T10:24:00,209.25,209.25,209.25,209.25,300
2026-09-22T07:25:00.000Z,2026-09-22T10:25:00,209.3,209.3,209.25,209.25,66
2026-09-22T07:26:00.000Z,2026-09-22T10:26:00,209.3,209.3,208.7,209,1314
2026-09-22T07:27:00.000Z,2026-09-22T10:27:00,209,209,208.2,208.2,506
2026-09-22T07:28:00.000Z,2026-09-22T10:28:00,208.2,208.2,208.2,208.2,120
2026-09-22T07:30:00.000Z,2026-09-22T10:30:00,209,209,209,209,749
2026-09-22T07:31:00.000Z,2026-09-22T10:31:00,209,210,209,210,724
2026-09-22T07:32:00.000Z,2026-09-22T10:32:00,210,210,209.5,209.5,116
2026-09-22T07:33:00.000Z,2026-09-22T10:33:00,209.5,210,209.5,210,1792
2026-09-22T07:34:00.000Z,2026-09-22T10:34:00,210,210,210,210,25
2026-09-22T07:36:00.000Z,2026-09-22T10:36:00,209.2,209.2,209,209.2,132
2026-09-22T07:37:00.000Z,2026-09-22T10:37:00,209.2,209.2,209,209,567
2026-09-22T07:39:00.000Z,2026-09-22T10:39:00,209,209,209,209,34
2026-09-22T07:40:00.000Z,2026-09-22T10:40:00,209,209,209,209,80
2026-09-22T07:41:00.000Z,2026-09-22T10:41:00,209,209,209,209,108
2026-09-22T07:42:00.000Z,2026-09-22T10:42:00,209,209,208.5,209,134
2026-09-22T07:43:00.000Z,2026-09-22T10:43:00,208.5,208.99,208.5,208.99,51
2026-09-22T07:44:00.000Z,2026-09-22T10:44:00,208.99,208.99,208.99,208.99,10
2026-09-22T07:45:00.000Z,2026-09-22T10:45:00,208.96,208.96,208.96,208.96,40
2026-09-22T07:46:00.000Z,2026-09-22T10:46:00,208.92,208.92,208.5,208.5,21
2026-09-22T07:47:00.000Z,2026-09-22T10:47:00,208.38,209,208.2,209,223
2026-09-22T07:49:00.000Z,2026-09-22T10:49:00,208.99,209,208.99,209,15
2026-09-22T07:51:00.000Z,2026-09-22T10:51:00,208.99,209,208.99,209,15
2026-09-22T07:52:00.000Z,2026-09-22T10:52:00,209,209,209,209,70
2026-09-22T07:53:00.000Z,2026-09-22T10:53:00,209,209,209,209,20
2026-09-22T07:54:00.000Z,2026-09-22T10:54:00,208.51,208.51,208.32,208.32,134
2026-09-22T07:55:00.000Z,2026-09-22T10:55:00,208.99,209,208.99,209,149
2026-09-22T07:56:00.000Z,2026-09-22T10:56:00,209,209,209,209,38
2026-09-22T07:57:00.000Z,2026-09-22T10:57:00,209,209,209,209,39
2026-09-22T07:58:00.000Z,2026-09-22T10:58:00,208.85,208.85,208.44,208.44,33
2026-09-22T08:00:00.000Z,2026-09-22T11:00:00,208.85,208.85,208.85,208.85,10
2026-09-22T08:01:00.000Z,2026-09-22T11:01:00,208.5,208.5,208.44,208.5,177
2026-09-22T08:02:00.000Z,2026-09-22T11:02:00,208.5,210,208.5,210,1061
2026-09-22T08:03:00.000Z,2026-09-22T11:03:00,209,209,209,209,20
2026-09-22T08:04:00.000Z,2026-09-22T11:04:00,209,209,209,209,501
2026-09-22T08:05:00.000Z,2026-09-22T11:05:00,208.54,209,208.5,209,30
2026-09-22T08:06:00.000Z,2026-09-22T11:06:00,208.5,208.5,208.44,208.44,225
2026-09-22T08:07:00.000Z,2026-09-22T11:07:00,208.45,208.45,208.45,208.45,1
2026-09-22T08:08:00.000Z,2026-09-22T11:08:00,208.45,208.98,208.42,208.98,373
2026-09-22T08:11:00.000Z,2026-09-22T11:11:00,208.97,208.99,208.97,208.99,55
2026-09-22T08:12:00.000Z,2026-09-22T11:12:00,208.99,208.99,208.5,208.5,22
2026-09-22T08:15:00.000Z,2026-09-22T11:15:00,208.97,208.98,208.5,208.5,152
2026-09-22T08:16:00.000Z,2026-09-22T11:16:00,208.52,208.52,208.5,208.5,77
2026-09-22T08:17:00.000Z,2026-09-22T11:17:00,208.5,208.5,208.5,208.5,2
2026-09-22T08:18:00.000Z,2026-09-22T11:18:00,208.5,208.5,208.5,208.5,10
2026-09-22T08:19:00.000Z,2026-09-22T11:19:00,208.96,209,208.45,208.46,1275
2026-09-22T08:20:00.000Z,2026-09-22T11:20:00,208.46,208.46,208.46,208.46,1
2026-09-22T08:21:00.000Z,2026-09-22T11:21:00,208.5,208.5,207.01,207.01,4715
2026-09-22T08:22:00.000Z,2026-09-22T11:22:00,208,208,207.01,207.01,1010
2026-09-22T08:23:00.000Z,2026-09-22T11:23:00,208,208,207.01,208,436
2026-09-22T08:24:00.000Z,2026-09-22T11:24:00,207.99,207.99,207.98,207.99,79
2026-09-22T08:25:00.000Z,2026-09-22T11:25:00,207.99,208,207.99,208,1000
2026-09-22T08:26:00.000Z,2026-09-22T11:26:00,208,208,207.51,208,111
2026-09-22T08:27:00.000Z,2026-09-22T11:27:00,207.21,207.21,207.1,207.1,100
2026-09-22T08:28:00.000Z,2026-09-22T11:28:00,207.99,208,207.99,207.99,2097
2026-09-22T08:29:00.000Z,2026-09-22T11:29:00,207.99,208,207.99,208,175
2026-09-22T08:30:00.000Z,2026-09-22T11:30:00,207.5,208,207.03,207.5,121
2026-09-22T08:31:00.000Z,2026-09-22T11:31:00,207.3,208,207.3,208,99
2026-09-22T08:32:00.000Z,2026-09-22T11:32:00,207.99,208,207.99,208,5
2026-09-22T08:34:00.000Z,2026-09-22T11:34:00,207.05,207.1,207.03,207.1,22
2026-09-22T08:35:00.000Z,2026-09-22T11:35:00,207.99,208,207.99,208,10
2026-09-22T08:36:00.000Z,2026-09-22T11:36:00,207.1,208,207.01,208,597
2026-09-22T08:38:00.000Z,2026-09-22T11:38:00,207.99,208,207.99,208,45
2026-09-22T08:39:00.000Z,2026-09-22T11:39:00,207.99,207.99,207.99,207.99,2
2026-09-22T08:40:00.000Z,2026-09-22T11:40:00,207.03,207.04,207.02,207.04,82
2026-09-22T08:41:00.000Z,2026-09-22T11:41:00,207.99,208,207.99,208,2850
2026-09-22T08:43:00.000Z,2026-09-22T11:43:00,207.99,208,207.99,208,5
2026-09-22T08:45:00.000Z,2026-09-22T11:45:00,207.5,207.5,207.5,207.5,3
2026-09-22T08:46:00.000Z,2026-09-22T11:46:00,207.99,207.99,207.99,207.99,57
2026-09-22T08:48:00.000Z,2026-09-22T11:48:00,207.8,207.8,207.8,207.8,50
2026-09-22T08:49:00.000Z,2026-09-22T11:49:00,207.99,207.99,207.98,207.99,261
2026-09-22T08:50:00.000Z,2026-09-22T11:50:00,207.99,208,207.99,208,55
2026-09-22T08:51:00.000Z,2026-09-22T11:51:00,207.8,208,207.03,208,1024
2026-09-22T08:52:00.000Z,2026-09-22T11:52:00,208,208,208,208,45
2026-09-22T08:54:00.000Z,2026-09-22T11:54:00,207.1,207.99,207.1,207.99,17
2026-09-22T08:56:00.000Z,2026-09-22T11:56:00,207.5,207.5,207.5,207.5,9
2026-09-22T08:57:00.000Z,2026-09-22T11:57:00,207.5,207.5,207.5,207.5,1
2026-09-22T08:58:00.000Z,2026-09-22T11:58:00,207.5,207.5,207.5,207.5,2
2026-09-22T08:59:00.000Z,2026-09-22T11:59:00,207.5,207.5,207,207,6679
2026-09-22T09:00:00.000Z,2026-09-22T12:00:00,207,207,207,207,1285
2026-09-22T09:01:00.000Z,2026-09-22T12:01:00,206.99,206.99,206.99,206.99,299
2026-09-22T09:02:00.000Z,2026-09-22T12:02:00,206.98,206.99,206.2,206.2,598
2026-09-22T09:03:00.000Z,2026-09-22T12:03:00,206.99,206.99,206.2,206.2,12
2026-09-22T09:04:00.000Z,2026-09-22T12:04:00,206.98,206.99,206.98,206.99,10
2026-09-22T09:05:00.000Z,2026-09-22T12:05:00,206.21,206.22,206.2,206.2,113
2026-09-22T09:06:00.000Z,2026-09-22T12:06:00,206.97,206.97,206.97,206.97,50
2026-09-22T09:07:00.000Z,2026-09-22T12:07:00,206.97,206.97,206.97,206.97,125
2026-09-22T09:08:00.000Z,2026-09-22T12:08:00,206.9,206.9,206.9,206.9,17
2026-09-22T09:09:00.000Z,2026-09-22T12:09:00,206.89,206.89,206.2,206.2,150
2026-09-22T09:10:00.000Z,2026-09-22T12:10:00,206.88,206.88,205.7,206.2,1090
2026-09-22T09:11:00.000Z,2026-09-22T12:11:00,206.3,206.3,206.2,206.2,124
2026-09-22T09:12:00.000Z,2026-09-22T12:12:00,205.7,205.7,205.7,205.7,111
2026-09-22T09:13:00.000Z,2026-09-22T12:13:00,206,206,205.7,205.7,74
2026-09-22T09:14:00.000Z,2026-09-22T12:14:00,205.7,206,205.41,205.41,492
2026-09-22T09:15:00.000Z,2026-09-22T12:15:00,205.42,206,205.3,206,339
2026-09-22T09:16:00.000Z,2026-09-22T12:16:00,206,206.88,205.31,206.88,469
2026-09-22T09:17:00.000Z,2026-09-22T12:17:00,206,206.9,206,206.9,63
2026-09-22T09:20:00.000Z,2026-09-22T12:20:00,206.5,206.86,206.2,206.2,217
2026-09-22T09:21:00.000Z,2026-09-22T12:21:00,206.2,206.2,205.94,205.94,57
2026-09-22T09:22:00.000Z,2026-09-22T12:22:00,206.2,206.9,206.2,206.9,21
2026-09-22T09:23:00.000Z,2026-09-22T12:23:00,206.89,206.89,206,206,114
2026-09-22T09:24:00.000Z,2026-09-22T12:24:00,206.86,206.9,206.85,206.9,80
2026-09-22T09:25:00.000Z,2026-09-22T12:25:00,206,206,204.9,205,4748
2026-09-22T09:26:00.000Z,2026-09-22T12:26:00,204.9,205,204.84,204.9,254
2026-09-22T09:27:00.000Z,2026-09-22T12:27:00,204.9,204.9,204.9,204.9,104
2026-09-22T09:28:00.000Z,2026-09-22T12:28:00,204.9,204.9,203.5,204,2149
2026-09-22T09:29:00.000Z,2026-09-22T12:29:00,204,204,203.53,203.6,297
2026-09-22T09:30:00.000Z,2026-09-22T12:30:00,203.6,204,203.53,203.6,70
2026-09-22T09:31:00.000Z,2026-09-22T12:31:00,203.99,204,203.51,204,803
2026-09-22T09:32:00.000Z,2026-09-22T12:32:00,204.9,204.9,204.9,204.9,187
2026-09-22T09:34:00.000Z,2026-09-22T12:34:00,204.87,204.88,204.87,204.88,9
2026-09-22T09:35:00.000Z,2026-09-22T12:35:00,203.8,204.88,203.6,204.88,315
2026-09-22T09:36:00.000Z,2026-09-22T12:36:00,204.88,204.88,204.8,204.88,298
2026-09-22T09:37:00.000Z,2026-09-22T12:37:00,204.8,204.8,204.01,204.01,31
2026-09-22T09:38:00.000Z,2026-09-22T12:38:00,204.01,204.8,204,204.8,120
2026-09-22T09:40:00.000Z,2026-09-22T12:40:00,204.8,204.8,204.8,204.8,157
2026-09-22T09:41:00.000Z,2026-09-22T12:41:00,204.8,204.88,204.8,204.88,241
2026-09-22T09:43:00.000Z,2026-09-22T12:43:00,204.88,204.88,204,204.88,44
2026-09-22T09:44:00.000Z,2026-09-22T12:44:00,204.88,204.88,204.88,204.88,17
2026-09-22T09:45:00.000Z,2026-09-22T12:45:00,204.88,204.88,204.88,204.88,50
2026-09-22T09:46:00.000Z,2026-09-22T12:46:00,204.88,204.88,204.88,204.88,1
2026-09-22T09:47:00.000Z,2026-09-22T12:47:00,204.88,204.88,204.88,204.88,12
2026-09-22T09:50:00.000Z,2026-09-22T12:50:00,204.5,204.5,204,204,4492
2026-09-22T09:51:00.000Z,2026-09-22T12:51:00,204,204,204,204,22
2026-09-22T09:52:00.000Z,2026-09-22T12:52:00,204,204,204,204,148
2026-09-22T09:53:00.000Z,2026-09-22T12:53:00,203.8,203.99,203.8,203.99,90
2026-09-22T09:54:00.000Z,2026-09-22T12:54:00,203.99,203.99,203.9,203.9,148
2026-09-22T09:55:00.000Z,2026-09-22T12:55:00,203.9,203.99,203.9,203.99,274
2026-09-22T09:56:00.000Z,2026-09-22T12:56:00,203.99,204.9,203.99,204,4867
2026-09-22T09:57:00.000Z,2026-09-22T12:57:00,204,204,204,204,139
2026-09-22T09:58:00.000Z,2026-09-22T12:58:00,204,204,203.91,204,291
2026-09-22T09:59:00.000Z,2026-09-22T12:59:00,204,204,204,204,863
2026-09-22T10:00:00.000Z,2026-09-22T13:00:00,204,204,204,204,345
2026-09-22T10:01:00.000Z,2026-09-22T13:01:00,204,204,204,204,192
2026-09-22T10:02:00.000Z,2026-09-22T13:02:00,204,204,204,204,1081
2026-09-22T10:03:00.000Z,2026-09-22T13:03:00,204,204,203.95,203.95,1668
2026-09-22T10:04:00.000Z,2026-09-22T13:04:00,204,204,204,204,1181
2026-09-22T10:06:00.000Z,2026-09-22T13:06:00,204,204,204,204,71
2026-09-22T10:07:00.000Z,2026-09-22T13:07:00,204,204,204,204,188
2026-09-22T10:08:00.000Z,2026-09-22T13:08:00,204,204,204,204,82
2026-09-22T10:09:00.000Z,2026-09-22T13:09:00,204,204,203.96,204,390
2026-09-22T10:10:00.000Z,2026-09-22T13:10:00,204,204,204,204,209
2026-09-22T10:11:00.000Z,2026-09-22T13:11:00,204,204,204,204,200
2026-09-22T10:12:00.000Z,2026-09-22T13:12:00,203.96,203.96,203.96,203.96,100
2026-09-22T10:13:00.000Z,2026-09-22T13:13:00,204,204,204,204,1156
2026-09-22T10:14:00.000Z,2026-09-22T13:14:00,204,204,203.96,203.96,270
2026-09-22T10:15:00.000Z,2026-09-22T13:15:00,204,204,203.96,203.96,425
2026-09-22T10:16:00.000Z,2026-09-22T13:16:00,204,204,204,204,43
2026-09-22T10:17:00.000Z,2026-09-22T13:17:00,203.96,204,203.96,204,1380
2026-09-22T10:18:00.000Z,2026-09-22T13:18:00,204,204,204,204,76
2026-09-22T10:19:00.000Z,2026-09-22T13:19:00,203.96,203.96,203.96,203.96,354
2026-09-22T10:20:00.000Z,2026-09-22T13:20:00,204,204,204,204,103
2026-09-22T10:21:00.000Z,2026-09-22T13:21:00,204,204,203.96,203.96,213
2026-09-22T10:22:00.000Z,2026-09-22T13:22:00,203.96,204,203.96,204,153
2026-09-22T10:23:00.000Z,2026-09-22T13:23:00,204,204,203.96,204,1090
2026-09-22T10:24:00.000Z,2026-09-22T13:24:00,204,204,204,204,635
2026-09-22T10:25:00.000Z,2026-09-22T13:25:00,204,204,203.96,204,435
2026-09-22T10:26:00.000Z,2026-09-22T13:26:00,204,204,204,204,815
2026-09-22T10:28:00.000Z,2026-09-22T13:28:00,204,204,204,204,611
2026-09-22T10:29:00.000Z,2026-09-22T13:29:00,203.95,204,203.91,204,39
2026-09-22T10:30:00.000Z,2026-09-22T13:30:00,204,204,204,204,126
2026-09-22T10:31:00.000Z,2026-09-22T13:31:00,204,204,204,204,985
2026-09-22T10:32:00.000Z,2026-09-22T13:32:00,203.99,203.99,203.96,203.96,69
2026-09-22T10:33:00.000Z,2026-09-22T13:33:00,203.99,203.99,203.99,203.99,100
2026-09-22T10:34:00.000Z,2026-09-22T13:34:00,203.99,203.99,203.99,203.99,69
2026-09-22T10:35:00.000Z,2026-09-22T13:35:00,203.99,204,203.99,204,414
2026-09-22T10:36:00.000Z,2026-09-22T13:36:00,204,204,204,204,1289
2026-09-22T10:37:00.000Z,2026-09-22T13:37:00,204,204,204,204,753
2026-09-22T10:38:00.000Z,2026-09-22T13:38:00,204,204,204,204,801
2026-09-22T10:39:00.000Z,2026-09-22T13:39:00,204,204,204,204,226
2026-09-22T10:40:00.000Z,2026-09-22T13:40:00,204,204,204,204,201
2026-09-22T10:41:00.000Z,2026-09-22T13:41:00,204,204,204,204,663
2026-09-22T10:42:00.000Z,2026-09-22T13:42:00,204,204,204,204,473
2026-09-22T10:43:00.000Z,2026-09-22T13:43:00,204,204,204,204,392
2026-09-22T10:44:00.000Z,2026-09-22T13:44:00,204,204,204,204,1101
2026-09-22T10:45:00.000Z,2026-09-22T13:45:00,204,204,204,204,327
2026-09-22T10:46:00.000Z,2026-09-22T13:46:00,204,204,203.96,204,903
2026-09-22T10:47:00.000Z,2026-09-22T13:47:00,204,204,204,204,1210
2026-09-22T10:48:00.000Z,2026-09-22T13:48:00,204,204,204,204,332
2026-09-22T10:49:00.000Z,2026-09-22T13:49:00,204,204,204,204,785
2026-09-22T10:50:00.000Z,2026-09-22T13:50:00,204,204,204,204,633
2026-09-22T10:51:00.000Z,2026-09-22T13:51:00,204,204,204,204,7035
2026-09-22T10:52:00.000Z,2026-09-22T13:52:00,204.9,206.9,204.9,206,171
2026-09-22T10:53:00.000Z,2026-09-22T13:53:00,206,206,205.5,205.5,411
2026-09-22T10:54:00.000Z,2026-09-22T13:54:00,205.5,205.5,205,205,447
2026-09-22T10:55:00.000Z,2026-09-22T13:55:00,205,205,205,205,619
2026-09-22T10:56:00.000Z,2026-09-22T13:56:00,205,205,204.1,205,296
2026-09-22T10:57:00.000Z,2026-09-22T13:57:00,205,206.5,205,206.5,667
2026-09-22T10:58:00.000Z,2026-09-22T13:58:00,206.5,206.99,206.5,206.99,199
2026-09-22T10:59:00.000Z,2026-09-22T13:59:00,206,206.99,206,206.98,276
2026-09-22T11:00:00.000Z,2026-09-22T14:00:00,206,206,205.01,205.01,316
2026-09-22T11:01:00.000Z,2026-09-22T14:01:00,206,206,206,206,99
2026-09-22T11:02:00.000Z,2026-09-22T14:02:00,206,206,204.9,206,107
2026-09-22T11:03:00.000Z,2026-09-22T14:03:00,205.9,205.99,204.52,205.99,658
2026-09-22T11:04:00.000Z,2026-09-22T14:04:00,205.99,205.99,205.99,205.99,53
2026-09-22T11:05:00.000Z,2026-09-22T14:05:00,205.98,205.98,205.98,205.98,2
2026-09-22T11:06:00.000Z,2026-09-22T14:06:00,204.53,204.53,204.53,204.53,1
2026-09-22T11:07:00.000Z,2026-09-22T14:07:00,204.53,206,204.51,206,927
2026-09-22T11:08:00.000Z,2026-09-22T14:08:00,206,207,206,207,1918
2026-09-22T11:09:00.000Z,2026-09-22T14:09:00,207,207,206,206,632
2026-09-22T11:10:00.000Z,2026-09-22T14:10:00,206.99,207,206.99,207,6192
2026-09-22T11:11:00.000Z,2026-09-22T14:11:00,206.01,206.02,206,206,153
2026-09-22T11:12:00.000Z,2026-09-22T14:12:00,206,206,206,206,46
2026-09-22T11:13:00.000Z,2026-09-22T14:13:00,206.01,206.01,206.01,206.01,1
2026-09-22T11:14:00.000Z,2026-09-22T14:14:00,206.99,207,206.99,207,135
2026-09-22T11:15:00.000Z,2026-09-22T14:15:00,207,207,207,207,45
2026-09-22T11:25:00.000Z,2026-09-22T14:25:00,206.96,206.96,206.96,206.96,2750
2026-09-22T11:26:00.000Z,2026-09-22T14:26:00,206.96,206.96,206.96,206.96,28
2026-09-22T11:27:00.000Z,2026-09-22T14:27:00,206.96,206.96,206.96,206.96,600
2026-09-22T11:28:00.000Z,2026-09-22T14:28:00,206.96,206.96,206.96,206.96,927
2026-09-22T11:29:00.000Z,2026-09-22T14:29:00,206.96,206.96,206.96,206.96,282
2026-09-23T07:00:00.000Z,2026-09-23T10:00:00,207.57,207.58,207.57,207.58,893
2026-09-23T07:01:00.000Z,2026-09-23T10:01:00,208,208,208,208,11
2026-09-23T07:02:00.000Z,2026-09-23T10:02:00,209.5,210,208.01,209.98,518
2026-09-23T07:04:00.000Z,2026-09-23T10:04:00,209,209,209,209,61
2026-09-23T07:05:00.000Z,2026-09-23T10:05:00,209,209.88,208.1,209,1905
2026-09-23T07:06:00.000Z,2026-09-23T10:06:00,209,209,208.2,209,471
2026-09-23T07:07:00.000Z,2026-09-23T10:07:00,209,209,209,209,256
2026-09-23T07:08:00.000Z,2026-09-23T10:08:00,209,209,209,209,100
2026-09-23T07:09:00.000Z,2026-09-23T10:09:00,208.5,208.5,208.1,208.1,579
2026-09-23T07:10:00.000Z,2026-09-23T10:10:00,208.5,208.5,207.62,207.62,451
2026-09-23T07:11:00.000Z,2026-09-23T10:11:00,208,208,207.62,208,149
2026-09-23T07:12:00.000Z,2026-09-23T10:12:00,207.62,207.62,205.5,205.5,1000
2026-09-23T07:13:00.000Z,2026-09-23T10:13:00,206.31,207.9,206.31,207.9,629
2026-09-23T07:14:00.000Z,2026-09-23T10:14:00,205.53,207,205.53,207,161
2026-09-23T07:15:00.000Z,2026-09-23T10:15:00,206.98,206.98,206.98,206.98,68
2026-09-23T07:16:00.000Z,2026-09-23T10:16:00,206,206,206,206,340
2026-09-23T07:17:00.000Z,2026-09-23T10:17:00,206,206,206,206,355
2026-09-23T07:18:00.000Z,2026-09-23T10:18:00,206,206,206,206,88
2026-09-23T07:19:00.000Z,2026-09-23T10:19:00,205.55,206,205.5,205.5,143
2026-09-23T07:20:00.000Z,2026-09-23T10:20:00,206,206,206,206,85
2026-09-23T07:21:00.000Z,2026-09-23T10:21:00,206,206,206,206,141
2026-09-23T07:22:00.000Z,2026-09-23T10:22:00,206,206,205.5,205.5,467
2026-09-23T07:23:00.000Z,2026-09-23T10:23:00,205.5,206,205,205,2038
2026-09-23T07:24:00.000Z,2026-09-23T10:24:00,205,205,205,205,481
2026-09-23T07:25:00.000Z,2026-09-23T10:25:00,205,206,205,205,1042
2026-09-23T07:26:00.000Z,2026-09-23T10:26:00,205.05,205.05,205,205,612
2026-09-23T07:27:00.000Z,2026-09-23T10:27:00,206,206,206,206,48
2026-09-23T07:28:00.000Z,2026-09-23T10:28:00,206,206,205,205,161
2026-09-23T07:31:00.000Z,2026-09-23T10:31:00,206,206,206,206,97
2026-09-23T07:32:00.000Z,2026-09-23T10:32:00,206,206,206,206,43
2026-09-23T07:34:00.000Z,2026-09-23T10:34:00,205.1,205.1,205.1,205.1,83
2026-09-23T07:35:00.000Z,2026-09-23T10:35:00,206,206,205.1,205.1,19
2026-09-23T07:37:00.000Z,2026-09-23T10:37:00,205.02,205.02,205,205,2561
2026-09-23T07:38:00.000Z,2026-09-23T10:38:00,205,205,205,205,48
2026-09-23T07:40:00.000Z,2026-09-23T10:40:00,204.5,204.5,204,204,253
2026-09-23T07:41:00.000Z,2026-09-23T10:41:00,205,205,205,205,19
2026-09-23T07:42:00.000Z,2026-09-23T10:42:00,205,205,205,205,9
2026-09-23T07:44:00.000Z,2026-09-23T10:44:00,204.99,205,204.1,205,93
2026-09-23T07:45:00.000Z,2026-09-23T10:45:00,204.11,204.98,204,204,978
2026-09-23T07:46:00.000Z,2026-09-23T10:46:00,203.91,204,203.9,203.9,218
2026-09-23T07:47:00.000Z,2026-09-23T10:47:00,203.9,204,203.61,203.61,112
2026-09-23T07:48:00.000Z,2026-09-23T10:48:00,203.9,204,203.9,204,2117
2026-09-23T07:49:00.000Z,2026-09-23T10:49:00,204,204,204,204,108
2026-09-23T07:50:00.000Z,2026-09-23T10:50:00,204,205,204,205,170
2026-09-23T07:51:00.000Z,2026-09-23T10:51:00,205,205,205,205,21
2026-09-23T07:53:00.000Z,2026-09-23T10:53:00,205,205,205,205,236
2026-09-23T07:54:00.000Z,2026-09-23T10:54:00,205,205,205,205,13
2026-09-23T07:56:00.000Z,2026-09-23T10:56:00,205,206.96,205,206.96,300
2026-09-23T07:57:00.000Z,2026-09-23T10:57:00,204.11,206.79,204.11,206.79,80
2026-09-23T07:58:00.000Z,2026-09-23T10:58:00,204.5,206,204.5,206,73
2026-09-23T07:59:00.000Z,2026-09-23T10:59:00,204.5,205.99,204.5,205.99,535
2026-09-23T08:01:00.000Z,2026-09-23T11:01:00,204.5,205.79,204.5,205.79,68
2026-09-23T08:02:00.000Z,2026-09-23T11:02:00,205.77,205.77,205.77,205.77,88
2026-09-23T08:03:00.000Z,2026-09-23T11:03:00,205.77,205.77,205.77,205.77,30
2026-09-23T08:05:00.000Z,2026-09-23T11:05:00,204.5,204.5,204,204.5,1000
2026-09-23T08:06:00.000Z,2026-09-23T11:06:00,204,204.9,203.63,204.9,404
2026-09-23T08:07:00.000Z,2026-09-23T11:07:00,204.9,204.9,204.9,204.9,344
2026-09-23T08:08:00.000Z,2026-09-23T11:08:00,204.9,204.9,204.9,204.9,34
2026-09-23T08:09:00.000Z,2026-09-23T11:09:00,204,204,203.61,203.61,150
2026-09-23T08:11:00.000Z,2026-09-23T11:11:00,204,204,203.62,204,216
2026-09-23T08:12:00.000Z,2026-09-23T11:12:00,204,204,204,204,9
2026-09-23T08:13:00.000Z,2026-09-23T11:13:00,203.99,203.99,203.99,203.99,10
2026-09-23T08:14:00.000Z,2026-09-23T11:14:00,203.99,204,203.99,204,610
2026-09-23T08:15:00.000Z,2026-09-23T11:15:00,204,204,203.62,203.62,16
2026-09-23T08:16:00.000Z,2026-09-23T11:16:00,203.62,203.62,203.62,203.62,154
2026-09-23T08:18:00.000Z,2026-09-23T11:18:00,204,204,203.65,204,93
2026-09-23T08:21:00.000Z,2026-09-23T11:21:00,203.99,204,203.99,204,243
2026-09-23T08:23:00.000Z,2026-09-23T11:23:00,204,204,204,204,5
2026-09-23T08:24:00.000Z,2026-09-23T11:24:00,204,204,204,204,20
2026-09-23T08:26:00.000Z,2026-09-23T11:26:00,204,204,204,204,100
2026-09-23T08:27:00.000Z,2026-09-23T11:27:00,204,204,204,204,2
2026-09-23T08:28:00.000Z,2026-09-23T11:28:00,204,204,204,204,75
2026-09-23T08:29:00.000Z,2026-09-23T11:29:00,203.9,203.9,203.9,203.9,25
2026-09-23T08:31:00.000Z,2026-09-23T11:31:00,203.7,203.7,203.7,203.7,2
2026-09-23T08:33:00.000Z,2026-09-23T11:33:00,204,204,203.62,204,167
2026-09-23T08:34:00.000Z,2026-09-23T11:34:00,204,204,204,204,5
2026-09-23T08:35:00.000Z,2026-09-23T11:35:00,204,204,204,204,135
2026-09-23T08:36:00.000Z,2026-09-23T11:36:00,204,204,204,204,422
2026-09-23T08:37:00.000Z,2026-09-23T11:37:00,204,204,204,204,873
2026-09-23T08:38:00.000Z,2026-09-23T11:38:00,204,204,203.7,204,17
2026-09-23T08:39:00.000Z,2026-09-23T11:39:00,204,204,204,204,44
2026-09-23T08:40:00.000Z,2026-09-23T11:40:00,204,204,204,204,239
2026-09-23T08:41:00.000Z,2026-09-23T11:41:00,204,204,204,204,14
2026-09-23T08:42:00.000Z,2026-09-23T11:42:00,204,204,203.72,203.72,92
2026-09-23T08:44:00.000Z,2026-09-23T11:44:00,203.81,204.8,203.81,204.8,21
2026-09-23T08:45:00.000Z,2026-09-23T11:45:00,204.8,204.8,204.8,204.8,24
2026-09-23T08:47:00.000Z,2026-09-23T11:47:00,204.1,204.1,204,204,40
2026-09-23T08:48:00.000Z,2026-09-23T11:48:00,204.01,204.01,204.01,204.01,55
2026-09-23T08:49:00.000Z,2026-09-23T11:49:00,204.01,204.01,204.01,204.01,1
2026-09-23T08:50:00.000Z,2026-09-23T11:50:00,204.01,205,204.01,205,702
2026-09-23T08:51:00.000Z,2026-09-23T11:51:00,205,205,205,205,8
2026-09-23T08:52:00.000Z,2026-09-23T11:52:00,205,205,205,205,192
2026-09-23T08:53:00.000Z,2026-09-23T11:53:00,204.01,204.01,204,204,870
2026-09-23T08:54:00.000Z,2026-09-23T11:54:00,204.95,204.95,204.95,204.95,40
2026-09-23T08:55:00.000Z,2026-09-23T11:55:00,204.95,205,204.01,204.01,375
2026-09-23T08:57:00.000Z,2026-09-23T11:57:00,204.95,204.95,204.95,204.95,2
2026-09-23T08:59:00.000Z,2026-09-23T11:59:00,204.95,204.95,204.95,204.95,25
2026-09-23T09:01:00.000Z,2026-09-23T12:01:00,204.95,204.95,204.95,204.95,97
2026-09-23T09:02:00.000Z,2026-09-23T12:02:00,204.1,204.1,204.1,204.1,5
2026-09-23T09:03:00.000Z,2026-09-23T12:03:00,204.1,204.1,204.1,204.1,3
2026-09-23T09:04:00.000Z,2026-09-23T12:04:00,204.95,204.95,204.95,204.95,7
2026-09-23T09:05:00.000Z,2026-09-23T12:05:00,204.95,205,204.95,205,243
2026-09-23T09:07:00.000Z,2026-09-23T12:07:00,205,205,205,205,30
2026-09-23T09:08:00.000Z,2026-09-23T12:08:00,204.93,204.93,204.01,204.01,173
2026-09-23T09:10:00.000Z,2026-09-23T12:10:00,204.93,204.93,204.93,204.93,2
2026-09-23T09:11:00.000Z,2026-09-23T12:11:00,204.93,204.93,204.93,204.93,10
2026-09-23T09:12:00.000Z,2026-09-23T12:12:00,204.5,204.5,204.5,204.5,1543
2026-09-23T09:13:00.000Z,2026-09-23T12:13:00,204.5,204.5,204.5,204.5,10
2026-09-23T09:16:00.000Z,2026-09-23T12:16:00,204.5,204.5,204.5,204.5,2400
2026-09-23T09:18:00.000Z,2026-09-23T12:18:00,204.32,204.32,204.32,204.32,15
2026-09-23T09:20:00.000Z,2026-09-23T12:20:00,204.5,204.94,204.5,204.94,538
2026-09-23T09:21:00.000Z,2026-09-23T12:21:00,205,205,205,205,150
2026-09-23T09:22:00.000Z,2026-09-23T12:22:00,205,205,205,205,200
2026-09-23T09:23:00.000Z,2026-09-23T12:23:00,205,205,205,205,243
2026-09-23T09:24:00.000Z,2026-09-23T12:24:00,205,205.78,205,205.78,62
2026-09-23T09:25:00.000Z,2026-09-23T12:25:00,205.78,206,205.78,206,1750
2026-09-23T09:27:00.000Z,2026-09-23T12:27:00,206,206.75,206,206.75,29
2026-09-23T09:28:00.000Z,2026-09-23T12:28:00,206,206,205.01,205.01,250
2026-09-23T09:29:00.000Z,2026-09-23T12:29:00,205.99,206,205.99,206,261
2026-09-23T09:32:00.000Z,2026-09-23T12:32:00,205.94,205.94,205.5,205.5,52
2026-09-23T09:33:00.000Z,2026-09-23T12:33:00,205.5,205.5,205.5,205.5,2
2026-09-23T09:35:00.000Z,2026-09-23T12:35:00,205.3,205.3,205.1,205.1,789
2026-09-23T09:36:00.000Z,2026-09-23T12:36:00,205.1,205.1,205,205,948
2026-09-23T09:37:00.000Z,2026-09-23T12:37:00,204.94,204.94,204.94,204.94,24
2026-09-23T09:38:00.000Z,2026-09-23T12:38:00,205,205,205,205,500
2026-09-23T09:39:00.000Z,2026-09-23T12:39:00,205,205.01,205,205.01,53
2026-09-23T09:40:00.000Z,2026-09-23T12:40:00,205.01,205.01,205.01,205.01,50
2026-09-23T09:42:00.000Z,2026-09-23T12:42:00,205.49,205.49,205.49,205.49,3
2026-09-23T09:43:00.000Z,2026-09-23T12:43:00,205.5,205.5,205.5,205.5,2
2026-09-23T09:44:00.000Z,2026-09-23T12:44:00,205.17,205.17,205.01,205.01,254
2026-09-23T09:45:00.000Z,2026-09-23T12:45:00,204.51,205.5,204.5,205,1256
2026-09-23T09:46:00.000Z,2026-09-23T12:46:00,205,205,205,205,700
2026-09-23T09:47:00.000Z,2026-09-23T12:47:00,205,205,205,205,75
2026-09-23T09:48:00.000Z,2026-09-23T12:48:00,205.5,206,205.5,206,197
2026-09-23T09:51:00.000Z,2026-09-23T12:51:00,205.9,205.9,205.9,205.9,184
2026-09-23T09:52:00.000Z,2026-09-23T12:52:00,206,206,206,206,2368
2026-09-23T09:53:00.000Z,2026-09-23T12:53:00,206.75,206.98,206.75,206.98,620
2026-09-23T09:54:00.000Z,2026-09-23T12:54:00,206.98,206.98,206.98,206.98,36
2026-09-23T09:55:00.000Z,2026-09-23T12:55:00,206.97,206.97,206.97,206.97,30
2026-09-23T09:56:00.000Z,2026-09-23T12:56:00,206.91,206.91,206.91,206.91,59
2026-09-23T09:57:00.000Z,2026-09-23T12:57:00,206.9,206.9,206.9,206.9,261
2026-09-23T09:58:00.000Z,2026-09-23T12:58:00,206.9,206.9,206.85,206.85,713
2026-09-23T09:59:00.000Z,2026-09-23T12:59:00,206.1,206.1,206.1,206.1,4
2026-09-23T10:02:00.000Z,2026-09-23T13:02:00,206.85,206.85,206,206,448
2026-09-23T10:03:00.000Z,2026-09-23T13:03:00,206,206,206,206,711
2026-09-23T10:05:00.000Z,2026-09-23T13:05:00,205.9,205.9,205.9,205.9,85
2026-09-23T10:06:00.000Z,2026-09-23T13:06:00,205.9,205.9,205.9,205.9,15
2026-09-23T10:08:00.000Z,2026-09-23T13:08:00,205.9,205.9,205.9,205.9,27
2026-09-23T10:09:00.000Z,2026-09-23T13:09:00,205.11,205.5,205,205,2059
2026-09-23T10:10:00.000Z,2026-09-23T13:10:00,205,205,205,205,247
2026-09-23T10:11:00.000Z,2026-09-23T13:11:00,205,205,205,205,430
2026-09-23T10:12:00.000Z,2026-09-23T13:12:00,204.41,204.41,204.41,204.41,88
2026-09-23T10:13:00.000Z,2026-09-23T13:13:00,204.41,204.41,204.41,204.41,21
2026-09-23T10:14:00.000Z,2026-09-23T13:14:00,204.42,204.42,204.42,204.42,89
2026-09-23T10:15:00.000Z,2026-09-23T13:15:00,204.42,204.42,204.42,204.42,2
2026-09-23T10:16:00.000Z,2026-09-23T13:16:00,205,205,205,205,685
2026-09-23T10:17:00.000Z,2026-09-23T13:17:00,205,205,204.5,204.5,48
2026-09-23T10:19:00.000Z,2026-09-23T13:19:00,204.51,205,204.51,205,34
2026-09-23T10:21:00.000Z,2026-09-23T13:21:00,205,205,205,205,48
2026-09-23T10:22:00.000Z,2026-09-23T13:22:00,205,205,205,205,25
2026-09-23T10:23:00.000Z,2026-09-23T13:23:00,205,205,204.5,204.5,3242
2026-09-23T10:25:00.000Z,2026-09-23T13:25:00,204.42,204.5,204.42,204.5,26
2026-09-23T10:26:00.000Z,2026-09-23T13:26:00,204.5,204.5,204.42,204.42,411
2026-09-23T10:28:00.000Z,2026-09-23T13:28:00,204.4,204.4,204.4,204.4,100
2026-09-23T10:29:00.000Z,2026-09-23T13:29:00,204.4,204.4,204,204,3315
2026-09-23T10:30:00.000Z,2026-09-23T13:30:00,204,204,204,204,429
2026-09-23T10:31:00.000Z,2026-09-23T13:31:00,204,204,203.75,203.75,313
2026-09-23T10:32:00.000Z,2026-09-23T13:32:00,204,204,204,204,648
2026-09-23T10:33:00.000Z,2026-09-23T13:33:00,204,204,203.99,203.99,343
2026-09-23T10:36:00.000Z,2026-09-23T13:36:00,203.99,204,203.99,204,3075
2026-09-23T10:37:00.000Z,2026-09-23T13:37:00,204.4,204.4,203.99,203.99,351
2026-09-23T10:38:00.000Z,2026-09-23T13:38:00,203.8,203.99,203.8,203.99,138
2026-09-23T10:39:00.000Z,2026-09-23T13:39:00,203.98,203.99,203.98,203.99,100
2026-09-23T10:40:00.000Z,2026-09-23T13:40:00,203.8,203.8,203.72,203.72,333
2026-09-23T10:41:00.000Z,2026-09-23T13:41:00,203.73,203.73,203.31,203.5,3062
2026-09-23T10:42:00.000Z,2026-09-23T13:42:00,203.49,203.49,203.31,203.31,369
2026-09-23T10:43:00.000Z,2026-09-23T13:43:00,203.32,203.49,203.31,203.49,349
2026-09-23T10:44:00.000Z,2026-09-23T13:44:00,203.32,203.49,203.31,203.31,2347
2026-09-23T10:45:00.000Z,2026-09-23T13:45:00,203.26,203.3,203,203,1269
2026-09-23T10:46:00.000Z,2026-09-23T13:46:00,203,203.3,203,203.3,769
2026-09-23T10:47:00.000Z,2026-09-23T13:47:00,203.3,203.5,203.25,203.5,858
2026-09-23T10:48:00.000Z,2026-09-23T13:48:00,203,203,202.5,202.5,1551
2026-09-23T10:49:00.000Z,2026-09-23T13:49:00,202.5,202.5,202,202,859
2026-09-23T10:50:00.000Z,2026-09-23T13:50:00,202,202,202,202,480
2026-09-23T10:51:00.000Z,2026-09-23T13:51:00,202.4,203.49,202.4,203.49,5224
2026-09-23T10:52:00.000Z,2026-09-23T13:52:00,203.49,203.49,203.48,203.48,20
2026-09-23T10:53:00.000Z,2026-09-23T13:53:00,203,204,203,203.9,5301
2026-09-23T10:54:00.000Z,2026-09-23T13:54:00,203.05,203.05,203.01,203.01,270
2026-09-23T10:55:00.000Z,2026-09-23T13:55:00,203,203.06,203,203,443
2026-09-23T10:56:00.000Z,2026-09-23T13:56:00,203,203,202.25,202.25,451
2026-09-23T10:57:00.000Z,2026-09-23T13:57:00,203,203.5,203,203.5,43
2026-09-23T10:58:00.000Z,2026-09-23T13:58:00,203,203.4,203,203.4,520
2026-09-23T10:59:00.000Z,2026-09-23T13:59:00,203.39,203.39,203,203,1139
2026-09-23T11:00:00.000Z,2026-09-23T14:00:00,202.99,203.35,202.26,202.26,4274
2026-09-23T11:01:00.000Z,2026-09-23T14:01:00,203,203.39,203,203.39,500
2026-09-23T11:02:00.000Z,2026-09-23T14:02:00,202.95,202.95,202.11,202.11,534
2026-09-23T11:03:00.000Z,2026-09-23T14:03:00,202.86,202.86,202,202,1335
2026-09-23T11:04:00.000Z,2026-09-23T14:04:00,202,202.69,201.6,202.69,767
2026-09-23T11:05:00.000Z,2026-09-23T14:05:00,202.7,202.7,202.7,202.7,5
2026-09-23T11:06:00.000Z,2026-09-23T14:06:00,202.7,202.7,202,202,699
2026-09-23T11:07:00.000Z,2026-09-23T14:07:00,202.5,202.8,201.61,201.61,1536
2026-09-23T11:08:00.000Z,2026-09-23T14:08:00,202,202,201.5,201.5,1982
2026-09-23T11:09:00.000Z,2026-09-23T14:09:00,201.5,201.99,201,201.01,1530
2026-09-23T11:10:00.000Z,2026-09-23T14:10:00,201.01,201.12,200.51,200.51,2208
2026-09-23T11:11:00.000Z,2026-09-23T14:11:00,201,201,200,200,7034
2026-09-23T11:12:00.000Z,2026-09-23T14:12:00,200.01,201.39,200,200,1796
2026-09-23T11:13:00.000Z,2026-09-23T14:13:00,200.05,201.42,200.05,201.42,227
2026-09-23T11:14:00.000Z,2026-09-23T14:14:00,201.4,201.4,201.3,201.3,23
2026-09-23T11:25:00.000Z,2026-09-23T14:25:00,203,203,203,203,3051
2026-09-23T11:26:00.000Z,2026-09-23T14:26:00,203,203,203,203,737
2026-09-23T11:27:00.000Z,2026-09-23T14:27:00,203,203,203,203,8530
2026-09-23T11:28:00.000Z,2026-09-23T14:28:00,203,203,203,203,103
2026-09-23T11:29:00.000Z,2026-09-23T14:29:00,203,203,203,203,99
2026-09-24T07:00:00.000Z,2026-09-24T10:00:00,203.11,204.95,203,203.12,712
2026-09-24T07:01:00.000Z,2026-09-24T10:01:00,203.12,204.49,203,203,454
2026-09-24T07:02:00.000Z,2026-09-24T10:02:00,202.99,202.99,202,202,62
2026-09-24T07:03:00.000Z,2026-09-24T10:03:00,201.3,201.3,200.51,200.51,50
2026-09-24T07:04:00.000Z,2026-09-24T10:04:00,202,202,202,202,6
2026-09-24T07:05:00.000Z,2026-09-24T10:05:00,202,202,202,202,1
2026-09-24T07:06:00.000Z,2026-09-24T10:06:00,201,202,201,202,139
2026-09-24T07:07:00.000Z,2026-09-24T10:07:00,201.02,201.02,201.02,201.02,78
2026-09-24T07:08:00.000Z,2026-09-24T10:08:00,201.02,201.1,201,201.1,582
2026-09-24T07:09:00.000Z,2026-09-24T10:09:00,201.1,201.1,201.1,201.1,35
2026-09-24T07:10:00.000Z,2026-09-24T10:10:00,201.1,201.1,200.01,200.01,1063
2026-09-24T07:12:00.000Z,2026-09-24T10:12:00,200.11,200.99,200.11,200.99,33
2026-09-24T07:14:00.000Z,2026-09-24T10:14:00,200.97,200.97,200.9,200.9,41
2026-09-24T07:15:00.000Z,2026-09-24T10:15:00,200.9,200.9,200.04,200.05,743
2026-09-24T07:16:00.000Z,2026-09-24T10:16:00,200.04,200.05,200,200,3864
2026-09-24T07:17:00.000Z,2026-09-24T10:17:00,200,200,199.96,200,964
2026-09-24T07:18:00.000Z,2026-09-24T10:18:00,199.83,200.89,197.51,199,879
2026-09-24T07:19:00.000Z,2026-09-24T10:19:00,199,199,199,199,623
2026-09-24T07:20:00.000Z,2026-09-24T10:20:00,199,199,199,199,105
2026-09-24T07:21:00.000Z,2026-09-24T10:21:00,199,199,198.23,198.23,414
2026-09-24T07:22:00.000Z,2026-09-24T10:22:00,200,200,198.02,198.02,345
2026-09-24T07:23:00.000Z,2026-09-24T10:23:00,198.41,199.99,198.41,199.99,117
2026-09-24T07:24:00.000Z,2026-09-24T10:24:00,198.43,198.43,198.43,198.43,95
2026-09-24T07:25:00.000Z,2026-09-24T10:25:00,198.42,198.42,198.4,198.4,100
2026-09-24T07:27:00.000Z,2026-09-24T10:27:00,199.94,199.94,198.51,199.94,53
2026-09-24T07:28:00.000Z,2026-09-24T10:28:00,199.94,199.94,199.94,199.94,21
2026-09-24T07:30:00.000Z,2026-09-24T10:30:00,199.4,199.89,199.4,199.89,318
2026-09-24T07:31:00.000Z,2026-09-24T10:31:00,198.53,198.53,198.53,198.53,25
2026-09-24T07:32:00.000Z,2026-09-24T10:32:00,199.87,199.87,199.87,199.87,104
2026-09-24T07:33:00.000Z,2026-09-24T10:33:00,198.55,198.6,198.55,198.6,125
2026-09-24T07:34:00.000Z,2026-09-24T10:34:00,199.79,199.79,198.62,198.62,49
2026-09-24T07:35:00.000Z,2026-09-24T10:35:00,199.79,199.79,199.79,199.79,38
2026-09-24T07:36:00.000Z,2026-09-24T10:36:00,199.5,199.5,199.5,199.5,45
2026-09-24T07:37:00.000Z,2026-09-24T10:37:00,199,199.48,198.65,199.48,39
2026-09-24T07:38:00.000Z,2026-09-24T10:38:00,198.65,199.48,198.65,199.48,58
2026-09-24T07:40:00.000Z,2026-09-24T10:40:00,199.44,199.48,199.44,199.48,536
2026-09-24T07:43:00.000Z,2026-09-24T10:43:00,199.48,200,199.48,200,280
2026-09-24T07:44:00.000Z,2026-09-24T10:44:00,200,200.5,200,200.5,291
2026-09-24T07:45:00.000Z,2026-09-24T10:45:00,200.51,200.51,200.51,200.51,50
2026-09-24T07:46:00.000Z,2026-09-24T10:46:00,202,202,201.99,201.99,27
2026-09-24T07:47:00.000Z,2026-09-24T10:47:00,201.99,201.99,201.49,201.49,54
2026-09-24T07:48:00.000Z,2026-09-24T10:48:00,201.39,201.39,200.61,201.39,163
2026-09-24T07:49:00.000Z,2026-09-24T10:49:00,201,201.4,200.61,200.61,324
2026-09-24T07:50:00.000Z,2026-09-24T10:50:00,200.61,200.61,200.51,200.51,100
2026-09-24T07:51:00.000Z,2026-09-24T10:51:00,200.51,200.51,200,200,296
2026-09-24T07:52:00.000Z,2026-09-24T10:52:00,200,201.37,200,200.01,90
2026-09-24T07:53:00.000Z,2026-09-24T10:53:00,200.01,200.01,200.01,200.01,60
2026-09-24T07:54:00.000Z,2026-09-24T10:54:00,200,201.38,200,201.38,78
2026-09-24T07:56:00.000Z,2026-09-24T10:56:00,200.97,201,200.89,200.89,1068
2026-09-24T07:57:00.000Z,2026-09-24T10:57:00,200.79,200.79,200.79,200.79,35
2026-09-24T07:58:00.000Z,2026-09-24T10:58:00,200.01,200.01,199,199,419
2026-09-24T07:59:00.000Z,2026-09-24T10:59:00,200,200,200,200,48
2026-09-24T08:00:00.000Z,2026-09-24T11:00:00,200,200.9,200,200.9,120
2026-09-24T08:01:00.000Z,2026-09-24T11:01:00,200.89,200.9,200.89,200.9,633
2026-09-24T08:02:00.000Z,2026-09-24T11:02:00,199.5,199.5,199.5,199.5,50
2026-09-24T08:03:00.000Z,2026-09-24T11:03:00,200.9,200.9,200.9,200.9,200
2026-09-24T08:04:00.000Z,2026-09-24T11:04:00,200.9,201.5,200.9,201.49,374
2026-09-24T08:05:00.000Z,2026-09-24T11:05:00,199.52,199.52,199.52,199.52,2
2026-09-24T08:07:00.000Z,2026-09-24T11:07:00,201,201.99,198.45,198.45,2337
2026-09-24T08:08:00.000Z,2026-09-24T11:08:00,201.98,201.98,198.5,198.6,519
2026-09-24T08:09:00.000Z,2026-09-24T11:09:00,198.61,201,198.61,201,50
2026-09-24T08:10:00.000Z,2026-09-24T11:10:00,201,201,200.5,200.5,124
2026-09-24T08:12:00.000Z,2026-09-24T11:12:00,200,200,200,200,20
2026-09-24T08:13:00.000Z,2026-09-24T11:13:00,200,201,200,201,20
2026-09-24T08:14:00.000Z,2026-09-24T11:14:00,199.8,199.8,199.8,199.8,18
2026-09-24T08:15:00.000Z,2026-09-24T11:15:00,200.5,200.5,200.5,200.5,50
2026-09-24T08:16:00.000Z,2026-09-24T11:16:00,199.05,199.05,199.05,199.05,230
2026-09-24T08:17:00.000Z,2026-09-24T11:17:00,199.03,200.95,199.03,200.95,97
2026-09-24T08:19:00.000Z,2026-09-24T11:19:00,200.93,200.93,200.93,200.93,9
2026-09-24T08:20:00.000Z,2026-09-24T11:20:00,200.89,200.89,200.89,200.89,2
2026-09-24T08:21:00.000Z,2026-09-24T11:21:00,199.05,199.05,199.05,199.05,17
2026-09-24T08:22:00.000Z,2026-09-24T11:22:00,199.05,200.49,199.05,200.49,14
2026-09-24T08:24:00.000Z,2026-09-24T11:24:00,200,200.47,199.12,199.12,68
2026-09-24T08:25:00.000Z,2026-09-24T11:25:00,200.47,200.49,200.47,200.49,52
2026-09-24T08:26:00.000Z,2026-09-24T11:26:00,200.49,200.9,200.49,200.9,84
2026-09-24T08:27:00.000Z,2026-09-24T11:27:00,200,200,200,200,4
2026-09-24T08:28:00.000Z,2026-09-24T11:28:00,200,200,200,200,134
2026-09-24T08:29:00.000Z,2026-09-24T11:29:00,200,200,200,200,2
2026-09-24T08:30:00.000Z,2026-09-24T11:30:00,200,200,200,200,3
2026-09-24T08:31:00.000Z,2026-09-24T11:31:00,200,200,199.05,199.05,664
2026-09-24T08:33:00.000Z,2026-09-24T11:33:00,199.25,200,199.25,200,363
2026-09-24T08:34:00.000Z,2026-09-24T11:34:00,200,200.4,200,200,1843
2026-09-24T08:35:00.000Z,2026-09-24T11:35:00,200,200,200,200,82
2026-09-24T08:36:00.000Z,2026-09-24T11:36:00,200.4,200.4,200.4,200.4,253
2026-09-24T08:38:00.000Z,2026-09-24T11:38:00,200,200,199.5,199.5,47
2026-09-24T08:42:00.000Z,2026-09-24T11:42:00,200.4,200.49,200.4,200.49,282
2026-09-24T08:46:00.000Z,2026-09-24T11:46:00,200.39,200.39,200.39,200.39,4
2026-09-24T08:47:00.000Z,2026-09-24T11:47:00,200,200,200,200,42
2026-09-24T08:49:00.000Z,2026-09-24T11:49:00,200,200.49,200,200.49,65
2026-09-24T08:50:00.000Z,2026-09-24T11:50:00,200.01,200.01,200.01,200.01,44
2026-09-24T08:51:00.000Z,2026-09-24T11:51:00,200.01,200.01,200.01,200.01,45
2026-09-24T08:52:00.000Z,2026-09-24T11:52:00,200.49,200.49,200.49,200.49,31
2026-09-24T08:53:00.000Z,2026-09-24T11:53:00,200,200,200,200,50
2026-09-24T08:54:00.000Z,2026-09-24T11:54:00,200,200,200,200,200
2026-09-24T08:55:00.000Z,2026-09-24T11:55:00,200,200,200,200,178
2026-09-24T08:56:00.000Z,2026-09-24T11:56:00,199.51,199.51,199.51,199.51,20
2026-09-24T08:57:00.000Z,2026-09-24T11:57:00,200,200,199.61,199.61,101
2026-09-24T08:58:00.000Z,2026-09-24T11:58:00,200,200,200,200,12
2026-09-24T09:00:00.000Z,2026-09-24T12:00:00,200,200,200,200,13
2026-09-24T09:03:00.000Z,2026-09-24T12:03:00,200,200,199.61,200,40
2026-09-24T09:04:00.000Z,2026-09-24T12:04:00,200,200,200,200,1
2026-09-24T09:06:00.000Z,2026-09-24T12:06:00,199.6,199.6,199.6,199.6,4
2026-09-24T09:09:00.000Z,2026-09-24T12:09:00,200,200,200,200,250
2026-09-24T09:10:00.000Z,2026-09-24T12:10:00,200,200,200,200,1
2026-09-24T09:11:00.000Z,2026-09-24T12:11:00,200,200,200,200,1
2026-09-24T09:12:00.000Z,2026-09-24T12:12:00,199.8,199.8,199.8,199.8,10
2026-09-24T09:13:00.000Z,2026-09-24T12:13:00,199.99,199.99,199.99,199.99,3
2026-09-24T09:15:00.000Z,2026-09-24T12:15:00,199.99,200,199.99,200,1000
2026-09-24T09:17:00.000Z,2026-09-24T12:17:00,200,200,200,200,25
2026-09-24T09:18:00.000Z,2026-09-24T12:18:00,200,200,200,200,35
2026-09-24T09:19:00.000Z,2026-09-24T12:19:00,199.98,199.98,199.98,199.98,39
2026-09-24T09:20:00.000Z,2026-09-24T12:20:00,199.98,200.01,199.98,200,1037
2026-09-24T09:21:00.000Z,2026-09-24T12:21:00,200,200,200,200,10
2026-09-24T09:24:00.000Z,2026-09-24T12:24:00,200,200,200,200,30
2026-09-24T09:25:00.000Z,2026-09-24T12:25:00,200,200,200,200,105
2026-09-24T09:26:00.000Z,2026-09-24T12:26:00,200,200,200,200,36
2026-09-24T09:27:00.000Z,2026-09-24T12:27:00,200,200,199.61,199.61,112
2026-09-24T09:28:00.000Z,2026-09-24T12:28:00,200,200,200,200,160
2026-09-24T09:30:00.000Z,2026-09-24T12:30:00,200,200,200,200,77
2026-09-24T09:32:00.000Z,2026-09-24T12:32:00,200,200,200,200,150
2026-09-24T09:33:00.000Z,2026-09-24T12:33:00,200,200,200,200,1
2026-09-24T09:34:00.000Z,2026-09-24T12:34:00,200,200,200,200,75
2026-09-24T09:36:00.000Z,2026-09-24T12:36:00,200,200,200,200,109
2026-09-24T09:37:00.000Z,2026-09-24T12:37:00,200.6,200.6,200.6,200.6,4
2026-09-24T09:38:00.000Z,2026-09-24T12:38:00,200,200,199.6,199.6,50
2026-09-24T09:39:00.000Z,2026-09-24T12:39:00,199.6,199.6,199.25,199.25,100
2026-09-24T09:40:00.000Z,2026-09-24T12:40:00,200,200,199.25,199.25,60
2026-09-24T09:41:00.000Z,2026-09-24T12:41:00,199.25,200,199.25,200,925
2026-09-24T09:42:00.000Z,2026-09-24T12:42:00,199.25,200,199.25,200,59
2026-09-24T09:43:00.000Z,2026-09-24T12:43:00,199.25,200.5,199.25,200,510
2026-09-24T09:45:00.000Z,2026-09-24T12:45:00,199.25,199.99,199.25,199.5,146
2026-09-24T09:46:00.000Z,2026-09-24T12:46:00,199.8,199.8,199.25,199.25,116
2026-09-24T09:51:00.000Z,2026-09-24T12:51:00,199.26,199.99,199.25,199.99,224
2026-09-24T09:52:00.000Z,2026-09-24T12:52:00,199.99,199.99,199.99,199.99,50
2026-09-24T09:53:00.000Z,2026-09-24T12:53:00,199.25,199.25,199.25,199.25,481
2026-09-24T09:54:00.000Z,2026-09-24T12:54:00,199.24,199.24,199.24,199.24,82
2026-09-24T09:55:00.000Z,2026-09-24T12:55:00,199.15,199.25,199,199,617
2026-09-24T09:56:00.000Z,2026-09-24T12:56:00,198.9,198.9,198.9,198.9,7
2026-09-24T09:57:00.000Z,2026-09-24T12:57:00,198.9,198.9,198.5,198.5,108
2026-09-24T09:58:00.000Z,2026-09-24T12:58:00,198.5,198.5,198.25,198.25,1003
2026-09-24T09:59:00.000Z,2026-09-24T12:59:00,199,199,199,199,50
2026-09-24T10:00:00.000Z,2026-09-24T13:00:00,199,199,199,199,25
2026-09-24T10:01:00.000Z,2026-09-24T13:01:00,198.25,198.25,198.25,198.25,302
2026-09-24T10:02:00.000Z,2026-09-24T13:02:00,198.25,198.25,198.01,198.01,245
2026-09-24T10:03:00.000Z,2026-09-24T13:03:00,198.99,198.99,198.99,198.99,30
2026-09-24T10:04:00.000Z,2026-09-24T13:04:00,198.99,198.99,198.99,198.99,25
2026-09-24T10:05:00.000Z,2026-09-24T13:05:00,198.03,198.03,198.01,198.01,172
2026-09-24T10:06:00.000Z,2026-09-24T13:06:00,198.01,198.03,198.01,198.01,199
2026-09-24T10:08:00.000Z,2026-09-24T13:08:00,198.03,198.03,198.01,198.03,268
2026-09-24T10:09:00.000Z,2026-09-24T13:09:00,198.03,198.03,198.03,198.03,28
2026-09-24T10:10:00.000Z,2026-09-24T13:10:00,198.03,200,198.01,200,2534
2026-09-24T10:11:00.000Z,2026-09-24T13:11:00,200,200,199.99,199.99,3
2026-09-24T10:13:00.000Z,2026-09-24T13:13:00,198.01,199.86,198.01,199.84,126
2026-09-24T10:14:00.000Z,2026-09-24T13:14:00,198.01,199.82,198.01,199.82,102
2026-09-24T10:15:00.000Z,2026-09-24T13:15:00,199.79,199.99,199.79,199.99,400
2026-09-24T10:16:00.000Z,2026-09-24T13:16:00,198.05,198.05,198.05,198.05,6
2026-09-24T10:17:00.000Z,2026-09-24T13:17:00,198.05,199.88,198.01,199.88,56
2026-09-24T10:18:00.000Z,2026-09-24T13:18:00,199.88,199.88,199.88,199.88,2
2026-09-24T10:20:00.000Z,2026-09-24T13:20:00,199.85,199.85,198.03,198.03,46
2026-09-24T10:22:00.000Z,2026-09-24T13:22:00,198.05,198.05,198.03,198.03,100
2026-09-24T10:23:00.000Z,2026-09-24T13:23:00,198.05,199,198.04,199,895
2026-09-24T10:24:00.000Z,2026-09-24T13:24:00,198.07,198.09,198.07,198.09,112
2026-09-24T10:25:00.000Z,2026-09-24T13:25:00,198.9,198.9,198.9,198.9,9
2026-09-24T10:26:00.000Z,2026-09-24T13:26:00,198.9,198.9,198.9,198.9,25
2026-09-24T10:27:00.000Z,2026-09-24T13:27:00,198.1,198.5,198.1,198.1,459
2026-09-24T10:28:00.000Z,2026-09-24T13:28:00,198.99,198.99,198.14,198.99,224
2026-09-24T10:29:00.000Z,2026-09-24T13:29:00,198.99,198.99,198.5,198.5,121
2026-09-24T10:30:00.000Z,2026-09-24T13:30:00,198.5,199,198.5,199,1060
2026-09-24T10:31:00.000Z,2026-09-24T13:31:00,199,199,198.16,198.16,238
2026-09-24T10:32:00.000Z,2026-09-24T13:32:00,199.8,199.8,199.8,199.8,50
2026-09-24T10:33:00.000Z,2026-09-24T13:33:00,199.8,199.8,199.02,199.02,268
2026-09-24T10:34:00.000Z,2026-09-24T13:34:00,199,199,199,199,184
2026-09-24T10:35:00.000Z,2026-09-24T13:35:00,199,199,199,199,135
2026-09-24T10:36:00.000Z,2026-09-24T13:36:00,199,199,199,199,115
2026-09-24T10:37:00.000Z,2026-09-24T13:37:00,199,199,198.21,198.21,963
2026-09-24T10:39:00.000Z,2026-09-24T13:39:00,198.23,198.23,198.22,198.22,379
2026-09-24T10:41:00.000Z,2026-09-24T13:41:00,198.25,198.25,198.23,198.23,444
2026-09-24T10:42:00.000Z,2026-09-24T13:42:00,198.23,198.23,198.2,198.2,575
2026-09-24T10:43:00.000Z,2026-09-24T13:43:00,199.7,199.7,199.7,199.7,115
2026-09-24T10:44:00.000Z,2026-09-24T13:44:00,199,199,198.2,198.2,381
2026-09-24T10:45:00.000Z,2026-09-24T13:45:00,198.25,199,198.2,198.2,564
2026-09-24T10:46:00.000Z,2026-09-24T13:46:00,199,199,199,199,57
2026-09-24T10:47:00.000Z,2026-09-24T13:47:00,199,199,199,199,40
2026-09-24T10:48:00.000Z,2026-09-24T13:48:00,198.2,199,198.11,198.11,530
2026-09-24T10:49:00.000Z,2026-09-24T13:49:00,198.25,199,198.11,199,104
2026-09-24T10:51:00.000Z,2026-09-24T13:51:00,199,199,198.99,198.99,264
2026-09-24T10:54:00.000Z,2026-09-24T13:54:00,198.57,198.9,198.5,198.9,590
2026-09-24T10:55:00.000Z,2026-09-24T13:55:00,198.5,198.9,198.35,198.7,122
2026-09-24T10:56:00.000Z,2026-09-24T13:56:00,198.45,199,198.45,199,358
2026-09-24T10:57:00.000Z,2026-09-24T13:57:00,199,199,198.99,198.99,174
2026-09-24T10:58:00.000Z,2026-09-24T13:58:00,198.99,198.99,198.54,198.54,205
2026-09-24T10:59:00.000Z,2026-09-24T13:59:00,198.55,198.55,198.55,198.55,14
2026-09-24T11:00:00.000Z,2026-09-24T14:00:00,198.6,199,198.56,198.56,333
2026-09-24T11:01:00.000Z,2026-09-24T14:01:00,199.5,199.5,199,199,500
2026-09-24T11:02:00.000Z,2026-09-24T14:02:00,199,199.5,199,199.5,185
2026-09-24T11:03:00.000Z,2026-09-24T14:03:00,199.59,199.59,199,199,300
2026-09-24T11:04:00.000Z,2026-09-24T14:04:00,199,199.59,198.62,199,586
2026-09-24T11:05:00.000Z,2026-09-24T14:05:00,199.59,199.59,199.59,199.59,5
2026-09-24T11:06:00.000Z,2026-09-24T14:06:00,199.59,199.59,199,199,220
2026-09-24T11:07:00.000Z,2026-09-24T14:07:00,199,199,199,199,210
2026-09-24T11:08:00.000Z,2026-09-24T14:08:00,199,199.88,199,199.88,876
2026-09-24T11:09:00.000Z,2026-09-24T14:09:00,199.88,199.98,199.1,199.1,79
2026-09-24T11:10:00.000Z,2026-09-24T14:10:00,199.98,199.98,199.98,199.98,5
2026-09-24T11:11:00.000Z,2026-09-24T14:11:00,199.98,201.97,199.98,201.97,1282
2026-09-24T11:12:00.000Z,2026-09-24T14:12:00,199.99,200.02,199.02,200.01,883
2026-09-24T11:13:00.000Z,2026-09-24T14:13:00,201.8,201.8,201.8,201.8,15
2026-09-24T11:25:00.000Z,2026-09-24T14:25:00,206.54,206.54,206.54,206.54,8262
2026-09-24T11:28:00.000Z,2026-09-24T14:28:00,206.54,206.54,206.54,206.54,100
