timestamp_utc,timestamp_cairo,open,high,low,close,volume
2026-06-22T09:03:00.000Z,2026-06-22T12:03:00,26.4,26.5,26.4,26.5,8947
2026-06-22T09:05:00.000Z,2026-06-22T12:05:00,26.06,26.06,26,26,1952
2026-06-22T09:07:00.000Z,2026-06-22T12:07:00,26.49,26.49,26.49,26.49,1
2026-06-22T09:08:00.000Z,2026-06-22T12:08:00,26.49,26.49,26,26,18
2026-06-22T09:10:00.000Z,2026-06-22T12:10:00,26,26,26,26,11
2026-06-22T09:15:00.000Z,2026-06-22T12:15:00,26.48,26.5,26.48,26.5,4000
2026-06-22T09:17:00.000Z,2026-06-22T12:17:00,26.5,26.5,26.5,26.5,1
2026-06-22T09:18:00.000Z,2026-06-22T12:18:00,26.5,26.5,26.5,26.5,6
2026-06-22T09:21:00.000Z,2026-06-22T12:21:00,26.5,26.5,26.5,26.5,1
2026-06-22T09:22:00.000Z,2026-06-22T12:22:00,26.5,26.5,26.5,26.5,566
2026-06-22T09:24:00.000Z,2026-06-22T12:24:00,26.08,26.08,26.08,26.08,1133
2026-06-22T09:28:00.000Z,2026-06-22T12:28:00,26.08,26.08,26.08,26.08,1
2026-06-22T09:31:00.000Z,2026-06-22T12:31:00,26.08,26.08,26.08,26.08,2000
2026-06-22T09:33:00.000Z,2026-06-22T12:33:00,26.49,26.5,26.49,26.5,46734
2026-06-22T09:35:00.000Z,2026-06-22T12:35:00,26.7,26.7,26.7,26.7,2
2026-06-22T09:38:00.000Z,2026-06-22T12:38:00,26.7,26.7,26.7,26.7,26
2026-06-22T09:41:00.000Z,2026-06-22T12:41:00,26.5,26.5,26.5,26.5,5000
2026-06-22T09:44:00.000Z,2026-06-22T12:44:00,26.25,26.25,26.25,26.25,100
2026-06-22T09:45:00.000Z,2026-06-22T12:45:00,26.5,26.5,26.5,26.5,114
2026-06-22T09:46:00.000Z,2026-06-22T12:46:00,26.5,26.5,26.25,26.25,5012
2026-06-22T09:47:00.000Z,2026-06-22T12:47:00,26.5,26.5,26.5,26.5,10
2026-06-22T09:49:00.000Z,2026-06-22T12:49:00,26.47,26.5,26.47,26.5,8886
2026-06-22T09:55:00.000Z,2026-06-22T12:55:00,26.5,26.5,26.5,26.5,10
2026-06-22T09:56:00.000Z,2026-06-22T12:56:00,26.5,26.5,26.5,26.5,10
2026-06-22T09:57:00.000Z,2026-06-22T12:57:00,26.5,26.5,26.5,26.5,1754
2026-06-22T09:59:00.000Z,2026-06-22T12:59:00,26.5,26.5,26.5,26.5,10
2026-06-22T10:00:00.000Z,2026-06-22T13:00:00,26.25,26.25,26.25,26.25,26
2026-06-22T10:11:00.000Z,2026-06-22T13:11:00,26.5,26.5,26.5,26.5,10
2026-06-22T10:15:00.000Z,2026-06-22T13:15:00,26.25,26.25,26.25,26.25,2
2026-06-22T10:23:00.000Z,2026-06-22T13:23:00,26.49,26.49,26.49,26.49,1
2026-06-22T10:24:00.000Z,2026-06-22T13:24:00,26.49,26.5,26.49,26.5,34438
2026-06-22T10:27:00.000Z,2026-06-22T13:27:00,26.5,26.5,26.5,26.5,8384
2026-06-22T10:30:00.000Z,2026-06-22T13:30:00,26.5,26.5,26.5,26.5,2872
2026-06-22T10:35:00.000Z,2026-06-22T13:35:00,26.5,26.5,26.5,26.5,744
2026-06-22T10:36:00.000Z,2026-06-22T13:36:00,26.5,26.5,26.5,26.5,5099
2026-06-22T10:43:00.000Z,2026-06-22T13:43:00,26.5,26.5,26.3,26.3,230
2026-06-22T10:48:00.000Z,2026-06-22T13:48:00,26.3,26.3,26.3,26.3,472
2026-06-22T10:53:00.000Z,2026-06-22T13:53:00,26.49,26.5,26.49,26.5,3400
2026-06-22T11:00:00.000Z,2026-06-22T14:00:00,26.3,26.3,26.3,26.3,42
2026-06-22T11:04:00.000Z,2026-06-22T14:04:00,26.3,26.3,26.3,26.3,10
2026-06-22T11:07:00.000Z,2026-06-22T14:07:00,26.3,26.3,26.3,26.3,743
2026-06-22T11:09:00.000Z,2026-06-22T14:09:00,26.5,26.5,26.5,26.5,1
2026-06-22T11:11:00.000Z,2026-06-22T14:11:00,26.5,26.5,26.5,26.5,4
2026-06-22T11:14:00.000Z,2026-06-22T14:14:00,26.4,26.7,26.4,26.7,2591
2026-06-22T11:25:00.000Z,2026-06-22T14:25:00,26.51,26.51,26.51,26.51,200
2026-06-23T07:01:00.000Z,2026-06-23T10:01:00,26.9,26.9,26.9,26.9,26
2026-06-23T07:02:00.000Z,2026-06-23T10:02:00,26.9,26.9,26.9,26.9,19
2026-06-23T07:10:00.000Z,2026-06-23T10:10:00,26.7,26.7,26.7,26.7,15
2026-06-23T07:16:00.000Z,2026-06-23T10:16:00,26.7,26.7,26.7,26.7,160
2026-06-23T07:18:00.000Z,2026-06-23T10:18:00,26.51,26.51,26.51,26.51,10
2026-06-23T07:21:00.000Z,2026-06-23T10:21:00,26.51,26.51,26.01,26.01,293
2026-06-23T07:23:00.000Z,2026-06-23T10:23:00,26.88,26.9,26.01,26.01,2765
2026-06-23T07:27:00.000Z,2026-06-23T10:27:00,26.07,26.07,26.06,26.06,740
2026-06-23T07:28:00.000Z,2026-06-23T10:28:00,26.07,26.07,26.06,26.06,777
2026-06-23T07:56:00.000Z,2026-06-23T10:56:00,26.82,26.82,26.82,26.82,38
2026-06-23T08:36:00.000Z,2026-06-23T11:36:00,26.82,27,26.82,27,8435
2026-06-23T08:46:00.000Z,2026-06-23T11:46:00,26.4,26.4,26.4,26.4,55
2026-06-23T08:54:00.000Z,2026-06-23T11:54:00,26.5,26.5,26.5,26.5,533
2026-06-23T08:58:00.000Z,2026-06-23T11:58:00,26.5,26.5,26.5,26.5,1300
2026-06-23T09:04:00.000Z,2026-06-23T12:04:00,26.5,26.5,26.4,26.4,220
2026-06-23T09:13:00.000Z,2026-06-23T12:13:00,26.4,26.4,26.4,26.4,5843
2026-06-23T09:14:00.000Z,2026-06-23T12:14:00,26.4,26.4,26.4,26.4,500
2026-06-23T09:25:00.000Z,2026-06-23T12:25:00,26.85,26.93,26.85,26.93,3397
2026-06-23T09:26:00.000Z,2026-06-23T12:26:00,26.93,27,26.93,27,741
2026-06-23T09:40:00.000Z,2026-06-23T12:40:00,26.3,26.31,26.3,26.31,266
2026-06-23T09:43:00.000Z,2026-06-23T12:43:00,26.94,27,26.94,27,6000
2026-06-23T09:44:00.000Z,2026-06-23T12:44:00,27,27,27,27,20155
2026-06-23T09:45:00.000Z,2026-06-23T12:45:00,27,27,27,27,2897
2026-06-23T09:46:00.000Z,2026-06-23T12:46:00,27,27,27,27,4000
2026-06-23T09:47:00.000Z,2026-06-23T12:47:00,27,27,27,27,667
2026-06-23T09:49:00.000Z,2026-06-23T12:49:00,26.9,27,26.9,27,669
2026-06-23T09:50:00.000Z,2026-06-23T12:50:00,27,27,26.99,27,2500
2026-06-23T09:51:00.000Z,2026-06-23T12:51:00,27,27,27,27,2500
2026-06-23T09:52:00.000Z,2026-06-23T12:52:00,27,27,27,27,1800
2026-06-23T09:53:00.000Z,2026-06-23T12:53:00,27,27,27,27,6487
2026-06-23T10:00:00.000Z,2026-06-23T13:00:00,26.56,26.56,26.56,26.56,237
2026-06-23T10:36:00.000Z,2026-06-23T13:36:00,26.61,26.61,26.61,26.61,819
2026-06-23T10:37:00.000Z,2026-06-23T13:37:00,26.52,26.52,26.52,26.52,250
2026-06-23T10:50:00.000Z,2026-06-23T13:50:00,26.67,26.67,26.67,26.67,90
2026-06-23T11:04:00.000Z,2026-06-23T14:04:00,26.95,26.95,26.95,26.95,5000
2026-06-23T11:06:00.000Z,2026-06-23T14:06:00,26.98,27,26.98,27,2000
2026-06-23T11:10:00.000Z,2026-06-23T14:10:00,27,27,27,27,2500
2026-06-23T11:25:00.000Z,2026-06-23T14:25:00,26.93,26.93,26.93,26.93,185
2026-06-24T07:01:00.000Z,2026-06-24T10:01:00,26.52,26.52,26.26,26.26,960
2026-06-24T07:02:00.000Z,2026-06-24T10:02:00,26.31,26.31,26.31,26.31,199
2026-06-24T07:05:00.000Z,2026-06-24T10:05:00,26.28,26.28,26.28,26.28,25
2026-06-24T07:28:00.000Z,2026-06-24T10:28:00,26.7,26.7,26.7,26.7,1000
2026-06-24T07:42:00.000Z,2026-06-24T10:42:00,26.31,26.31,26.3,26.3,1000
2026-06-24T07:46:00.000Z,2026-06-24T10:46:00,26.6,26.6,26.6,26.6,9
2026-06-24T07:47:00.000Z,2026-06-24T10:47:00,26.31,26.31,26.3,26.3,991
2026-06-24T07:48:00.000Z,2026-06-24T10:48:00,26.3,26.3,26.3,26.3,1000
2026-06-24T07:51:00.000Z,2026-06-24T10:51:00,26.3,26.3,26.3,26.3,320
2026-06-24T07:57:00.000Z,2026-06-24T10:57:00,26.3,26.3,26.3,26.3,680
2026-06-24T09:39:00.000Z,2026-06-24T12:39:00,26.45,26.45,26.45,26.45,240
2026-06-24T09:40:00.000Z,2026-06-24T12:40:00,26.3,26.3,26.3,26.3,39
2026-06-24T10:14:00.000Z,2026-06-24T13:14:00,26.79,27,26.79,27,5000
2026-06-24T10:17:00.000Z,2026-06-24T13:17:00,26.9,27,26.9,27,2953
2026-06-24T10:18:00.000Z,2026-06-24T13:18:00,27,27.4,27,27.4,2047
2026-06-24T10:23:00.000Z,2026-06-24T13:23:00,27,27,27,27,1
2026-06-24T10:26:00.000Z,2026-06-24T13:26:00,27.4,27.4,27.4,27.4,1000
2026-06-24T10:29:00.000Z,2026-06-24T13:29:00,27.39,27.4,27.39,27.4,999
2026-06-24T10:32:00.000Z,2026-06-24T13:32:00,27.01,27.6,27.01,27.6,750
2026-06-24T10:34:00.000Z,2026-06-24T13:34:00,27.01,27.01,27.01,27.01,188
2026-06-24T10:51:00.000Z,2026-06-24T13:51:00,27,27.45,27,27.45,250
2026-06-24T11:01:00.000Z,2026-06-24T14:01:00,27.45,27.49,27.45,27.49,1000
2026-06-24T11:02:00.000Z,2026-06-24T14:02:00,27.49,27.5,27.2,27.2,1683
2026-06-24T11:03:00.000Z,2026-06-24T14:03:00,27.58,27.59,27.58,27.59,501
2026-06-24T11:11:00.000Z,2026-06-24T14:11:00,27.22,27.57,27.22,27.57,45
2026-06-24T11:12:00.000Z,2026-06-24T14:12:00,27.57,27.57,27.57,27.57,5
2026-06-24T11:25:00.000Z,2026-06-24T14:25:00,27.27,27.27,27.27,27.27,4340
2026-06-25T07:21:00.000Z,2026-06-25T10:21:00,27.2,27.2,27.2,27.2,950
2026-06-25T07:24:00.000Z,2026-06-25T10:24:00,27.2,27.2,27.2,27.2,593
2026-06-25T07:32:00.000Z,2026-06-25T10:32:00,26.8,26.8,26.8,26.8,7
2026-06-25T07:52:00.000Z,2026-06-25T10:52:00,26.8,26.8,26.8,26.8,16
2026-06-25T07:53:00.000Z,2026-06-25T10:53:00,26.8,26.8,26.55,26.55,1000
2026-06-25T08:47:00.000Z,2026-06-25T11:47:00,27.15,27.15,27.15,27.15,500
2026-06-25T09:02:00.000Z,2026-06-25T12:02:00,26.7,26.7,26.56,26.56,210
2026-06-25T09:05:00.000Z,2026-06-25T12:05:00,27.15,27.2,27.15,27.2,5000
2026-06-25T09:11:00.000Z,2026-06-25T12:11:00,27,27,27,27,111
2026-06-25T09:22:00.000Z,2026-06-25T12:22:00,27.1,27.18,27.1,27.18,500
2026-06-25T10:38:00.000Z,2026-06-25T13:38:00,26.55,26.55,26.55,26.55,154
2026-06-25T11:01:00.000Z,2026-06-25T14:01:00,26.6,26.6,26.6,26.6,500
2026-06-25T11:03:00.000Z,2026-06-25T14:03:00,26.55,26.55,26.55,26.55,1823
2026-06-25T11:06:00.000Z,2026-06-25T14:06:00,26.48,26.5,26.48,26.5,306
2026-06-25T11:07:00.000Z,2026-06-25T14:07:00,26.5,26.5,26.5,26.5,1006
2026-06-28T07:01:00.000Z,2026-06-28T10:01:00,26.6,26.6,26.6,26.6,15
2026-06-28T07:04:00.000Z,2026-06-28T10:04:00,26.6,26.6,26.05,26.05,76
2026-06-28T07:38:00.000Z,2026-06-28T10:38:00,25.71,25.71,25.7,25.7,259
2026-06-28T08:02:00.000Z,2026-06-28T11:02:00,25.9,25.9,25.9,25.9,10
2026-06-28T08:12:00.000Z,2026-06-28T11:12:00,25.9,25.9,25.9,25.9,5
2026-06-28T08:33:00.000Z,2026-06-28T11:33:00,25.9,25.9,25.9,25.9,19
2026-06-28T08:51:00.000Z,2026-06-28T11:51:00,26.89,26.89,26.89,26.89,5
2026-06-28T09:03:00.000Z,2026-06-28T12:03:00,26.69,26.69,26.69,26.69,4
2026-06-28T09:09:00.000Z,2026-06-28T12:09:00,26.65,26.65,26.65,26.65,10
2026-06-28T09:28:00.000Z,2026-06-28T12:28:00,25.9,25.9,25.9,25.9,96
2026-06-28T09:29:00.000Z,2026-06-28T12:29:00,25.8,25.8,25.8,25.8,183
2026-06-28T09:30:00.000Z,2026-06-28T12:30:00,25.8,25.8,25.8,25.8,309
2026-06-28T10:02:00.000Z,2026-06-28T13:02:00,25.8,25.8,25.8,25.8,1400
2026-06-28T10:04:00.000Z,2026-06-28T13:04:00,25.99,25.99,25.99,25.99,8
2026-06-28T10:05:00.000Z,2026-06-28T13:05:00,25.99,25.99,25.99,25.99,20
2026-06-28T10:10:00.000Z,2026-06-28T13:10:00,25.99,25.99,25.99,25.99,2
2026-06-28T10:11:00.000Z,2026-06-28T13:11:00,25.99,25.99,25.99,25.99,10
2026-06-28T10:35:00.000Z,2026-06-28T13:35:00,25.81,25.99,25.81,25.99,39
2026-06-28T10:40:00.000Z,2026-06-28T13:40:00,25.61,25.61,25.61,25.61,2000
2026-06-28T10:52:00.000Z,2026-06-28T13:52:00,25.6,25.6,25.51,25.51,2770
2026-06-28T10:53:00.000Z,2026-06-28T13:53:00,25.51,25.51,25.3,25.3,5000
2026-06-28T10:59:00.000Z,2026-06-28T13:59:00,25.3,25.3,25,25,10000
2026-06-28T11:03:00.000Z,2026-06-28T14:03:00,25.02,25.02,25,25,10000
2026-06-28T11:04:00.000Z,2026-06-28T14:04:00,25.7,25.95,25.7,25.95,5000
2026-06-28T11:06:00.000Z,2026-06-28T14:06:00,25.95,25.95,25.95,25.95,474
2026-06-28T11:25:00.000Z,2026-06-28T14:25:00,25.33,25.33,25.33,25.33,1000
2026-06-28T11:29:00.000Z,2026-06-28T14:29:00,25.33,25.33,25.33,25.33,200
2026-06-29T07:00:00.000Z,2026-06-29T10:00:00,26.79,27,26.75,27,7180
2026-06-29T07:01:00.000Z,2026-06-29T10:01:00,27,27,26.02,27,3225
2026-06-29T07:02:00.000Z,2026-06-29T10:02:00,27,27,26.21,26.21,570
2026-06-29T07:03:00.000Z,2026-06-29T10:03:00,27,27,27,27,898
2026-06-29T07:04:00.000Z,2026-06-29T10:04:00,27.2,27.48,27.2,27.48,3936
2026-06-29T07:05:00.000Z,2026-06-29T10:05:00,27.48,27.48,27.48,27.48,596
2026-06-29T07:07:00.000Z,2026-06-29T10:07:00,26.7,27,26.7,27,3260
2026-06-29T07:08:00.000Z,2026-06-29T10:08:00,27.3,27.39,27.3,27.39,3000
2026-06-29T07:09:00.000Z,2026-06-29T10:09:00,27.39,27.5,27.39,27.49,6279
2026-06-29T07:10:00.000Z,2026-06-29T10:10:00,27.48,28.25,27.48,28.24,67922
2026-06-29T07:20:00.000Z,2026-06-29T10:20:00,28.25,28.7,28.25,28.7,6773
2026-06-29T07:21:00.000Z,2026-06-29T10:21:00,28.7,29,28,28,87014
2026-06-29T07:22:00.000Z,2026-06-29T10:22:00,28,28,27.06,27.5,49232
2026-06-29T07:23:00.000Z,2026-06-29T10:23:00,27.49,27.86,27.49,27.7,19148
2026-06-29T07:24:00.000Z,2026-06-29T10:24:00,27.5,27.8,27.3,27.5,50928
2026-06-29T07:25:00.000Z,2026-06-29T10:25:00,27.8,27.9,27.5,27.5,25692
2026-06-29T07:26:00.000Z,2026-06-29T10:26:00,27.5,27.51,27.49,27.5,28825
2026-06-29T07:27:00.000Z,2026-06-29T10:27:00,27.5,27.5,27.5,27.5,2186
2026-06-29T07:28:00.000Z,2026-06-29T10:28:00,27.5,27.5,27.3,27.3,18249
2026-06-29T07:29:00.000Z,2026-06-29T10:29:00,27.3,27.4,27.12,27.29,10365
2026-06-29T07:30:00.000Z,2026-06-29T10:30:00,27.29,27.45,27.29,27.45,7593
2026-06-29T07:31:00.000Z,2026-06-29T10:31:00,27.45,27.48,27.3,27.3,13910
2026-06-29T07:32:00.000Z,2026-06-29T10:32:00,27.21,27.3,27.01,27.01,13422
2026-06-29T07:33:00.000Z,2026-06-29T10:33:00,27.02,27.02,26.99,27,12885
2026-06-29T07:34:00.000Z,2026-06-29T10:34:00,26.9,26.99,26.14,26.14,18848
2026-06-29T07:35:00.000Z,2026-06-29T10:35:00,26.2,26.88,26.2,26.51,6947
2026-06-29T07:37:00.000Z,2026-06-29T10:37:00,26.61,26.87,26.6,26.87,5714
2026-06-29T07:38:00.000Z,2026-06-29T10:38:00,26.87,26.87,26.87,26.87,344
2026-06-29T07:39:00.000Z,2026-06-29T10:39:00,26.63,26.63,26.63,26.63,863
2026-06-29T07:40:00.000Z,2026-06-29T10:40:00,26.8,26.87,26.8,26.87,1000
2026-06-29T07:41:00.000Z,2026-06-29T10:41:00,26.66,26.66,26.64,26.64,1056
2026-06-29T07:42:00.000Z,2026-06-29T10:42:00,26.86,26.86,26.86,26.86,286
2026-06-29T07:43:00.000Z,2026-06-29T10:43:00,26.64,26.64,26.52,26.6,2714
2026-06-29T07:44:00.000Z,2026-06-29T10:44:00,26.52,26.6,26.34,26.34,4190
2026-06-29T07:45:00.000Z,2026-06-29T10:45:00,26.4,26.4,26.37,26.37,2076
2026-06-29T07:46:00.000Z,2026-06-29T10:46:00,26.38,26.4,26.37,26.4,1976
2026-06-29T07:48:00.000Z,2026-06-29T10:48:00,26.4,26.4,26.37,26.37,1000
2026-06-29T07:49:00.000Z,2026-06-29T10:49:00,26.8,26.88,26.8,26.88,8000
2026-06-29T07:50:00.000Z,2026-06-29T10:50:00,26.87,26.87,26.84,26.84,546
2026-06-29T07:51:00.000Z,2026-06-29T10:51:00,26.79,26.79,26.79,26.79,34
2026-06-29T07:54:00.000Z,2026-06-29T10:54:00,26.61,26.61,26.6,26.6,1468
2026-06-29T07:56:00.000Z,2026-06-29T10:56:00,26.6,26.6,26.6,26.6,4
2026-06-29T07:57:00.000Z,2026-06-29T10:57:00,26.44,26.48,26.36,26.36,3411
2026-06-29T07:58:00.000Z,2026-06-29T10:58:00,26.23,26.36,26.22,26.22,1201
2026-06-29T07:59:00.000Z,2026-06-29T10:59:00,26.36,26.36,26.35,26.35,2676
2026-06-29T08:00:00.000Z,2026-06-29T11:00:00,26.35,26.35,26.25,26.25,1987
2026-06-29T08:01:00.000Z,2026-06-29T11:01:00,26.27,26.4,26.26,26.4,1396
2026-06-29T08:02:00.000Z,2026-06-29T11:02:00,26.3,26.3,26.3,26.3,900
2026-06-29T08:03:00.000Z,2026-06-29T11:03:00,26.31,26.31,26.31,26.31,1691
2026-06-29T08:04:00.000Z,2026-06-29T11:04:00,26.31,26.5,26.22,26.5,3400
2026-06-29T08:06:00.000Z,2026-06-29T11:06:00,26.39,26.4,26.39,26.4,816
2026-06-29T08:11:00.000Z,2026-06-29T11:11:00,26.4,26.4,26.4,26.4,7
2026-06-29T08:12:00.000Z,2026-06-29T11:12:00,26.25,26.4,26.23,26.4,2622
2026-06-29T08:13:00.000Z,2026-06-29T11:13:00,26.5,26.5,26.5,26.5,150
2026-06-29T08:14:00.000Z,2026-06-29T11:14:00,26.25,26.25,26.24,26.24,880
2026-06-29T08:16:00.000Z,2026-06-29T11:16:00,26.24,26.24,26.21,26.21,3330
2026-06-29T08:17:00.000Z,2026-06-29T11:17:00,26.22,26.22,26.1,26.1,1428
2026-06-29T08:18:00.000Z,2026-06-29T11:18:00,26.11,26.11,26,26,9999
2026-06-29T08:20:00.000Z,2026-06-29T11:20:00,26.25,26.25,26.25,26.25,5
2026-06-29T08:21:00.000Z,2026-06-29T11:21:00,26.25,26.25,26.25,26.25,493
2026-06-29T08:22:00.000Z,2026-06-29T11:22:00,26.4,26.4,26.4,26.4,149
2026-06-29T08:23:00.000Z,2026-06-29T11:23:00,26.38,26.38,26.38,26.38,13
2026-06-29T08:24:00.000Z,2026-06-29T11:24:00,26.3,26.3,26.3,26.3,613
2026-06-29T08:25:00.000Z,2026-06-29T11:25:00,26.11,26.11,26,26,5292
2026-06-29T08:26:00.000Z,2026-06-29T11:26:00,26.29,26.29,26,26,8472
2026-06-29T08:27:00.000Z,2026-06-29T11:27:00,26,26,26,26,2045
2026-06-29T08:28:00.000Z,2026-06-29T11:28:00,26,26,26,26,350
2026-06-29T08:30:00.000Z,2026-06-29T11:30:00,25.99,25.99,25.99,25.99,57
2026-06-29T08:32:00.000Z,2026-06-29T11:32:00,25.8,25.8,25.79,25.79,942
2026-06-29T08:33:00.000Z,2026-06-29T11:33:00,25.79,25.79,25.79,25.79,1465
2026-06-29T08:34:00.000Z,2026-06-29T11:34:00,25.79,25.79,25.75,25.75,1745
2026-06-29T08:35:00.000Z,2026-06-29T11:35:00,25.8,26,25.8,26,4401
2026-06-29T08:36:00.000Z,2026-06-29T11:36:00,26.01,26.01,26.01,26.01,2557
2026-06-29T08:37:00.000Z,2026-06-29T11:37:00,26.01,26.01,26.01,26.01,382
2026-06-29T08:39:00.000Z,2026-06-29T11:39:00,26.1,26.1,26.1,26.1,434
2026-06-29T08:40:00.000Z,2026-06-29T11:40:00,26,26,26,26,250
2026-06-29T08:41:00.000Z,2026-06-29T11:41:00,26.1,26.1,26.1,26.1,30
2026-06-29T08:42:00.000Z,2026-06-29T11:42:00,26.1,26.1,26.1,26.1,286
2026-06-29T08:43:00.000Z,2026-06-29T11:43:00,26.12,26.44,26,26.44,8883
2026-06-29T08:45:00.000Z,2026-06-29T11:45:00,26.11,26.11,26.11,26.11,108
2026-06-29T08:47:00.000Z,2026-06-29T11:47:00,26.17,26.17,26.11,26.11,3000
2026-06-29T08:48:00.000Z,2026-06-29T11:48:00,26.11,26.11,26,26,2543
2026-06-29T08:49:00.000Z,2026-06-29T11:49:00,26.3,26.3,26.3,26.3,100
2026-06-29T08:51:00.000Z,2026-06-29T11:51:00,26.3,26.3,26.3,26.3,3249
2026-06-29T08:52:00.000Z,2026-06-29T11:52:00,26,26,26,26,2000
2026-06-29T08:55:00.000Z,2026-06-29T11:55:00,26.2,26.2,26.13,26.13,1502
2026-06-29T08:56:00.000Z,2026-06-29T11:56:00,26.13,26.3,26.13,26.3,1607
2026-06-29T08:57:00.000Z,2026-06-29T11:57:00,26.3,26.3,26.25,26.3,4392
2026-06-29T08:59:00.000Z,2026-06-29T11:59:00,26.25,26.25,26.25,26.25,56
2026-06-29T09:01:00.000Z,2026-06-29T12:01:00,26.08,26.08,26.08,26.08,184
2026-06-29T09:03:00.000Z,2026-06-29T12:03:00,26.1,26.1,26.07,26.07,3000
2026-06-29T09:04:00.000Z,2026-06-29T12:04:00,26.1,26.1,26.1,26.1,107
2026-06-29T09:05:00.000Z,2026-06-29T12:05:00,26.24,26.28,26.2,26.28,3594
2026-06-29T09:08:00.000Z,2026-06-29T12:08:00,26.38,26.38,26.2,26.2,2010
2026-06-29T09:09:00.000Z,2026-06-29T12:09:00,26.37,26.37,26.37,26.37,5
2026-06-29T09:11:00.000Z,2026-06-29T12:11:00,26.13,26.37,26.12,26.37,400
2026-06-29T09:12:00.000Z,2026-06-29T12:12:00,26.37,26.38,26.37,26.38,755
2026-06-29T09:14:00.000Z,2026-06-29T12:14:00,26.17,26.17,26.17,26.17,35
2026-06-29T09:17:00.000Z,2026-06-29T12:17:00,26.16,26.16,26.16,26.16,500
2026-06-29T09:18:00.000Z,2026-06-29T12:18:00,26.18,26.3,26.17,26.3,3372
2026-06-29T09:19:00.000Z,2026-06-29T12:19:00,26.17,26.17,26.15,26.15,1299
2026-06-29T09:20:00.000Z,2026-06-29T12:20:00,26.15,26.15,26.15,26.15,500
2026-06-29T09:21:00.000Z,2026-06-29T12:21:00,26.15,26.15,26.15,26.15,900
2026-06-29T09:22:00.000Z,2026-06-29T12:22:00,26.15,26.15,26.15,26.15,469
2026-06-29T09:23:00.000Z,2026-06-29T12:23:00,26.15,26.15,26.15,26.15,2289
2026-06-29T09:24:00.000Z,2026-06-29T12:24:00,26.15,26.15,26.15,26.15,383
2026-06-29T09:27:00.000Z,2026-06-29T12:27:00,26.08,26.08,26,26,1600
2026-06-29T09:28:00.000Z,2026-06-29T12:28:00,26,26,25.77,25.77,10300
2026-06-29T09:33:00.000Z,2026-06-29T12:33:00,26.17,26.25,26.17,26.25,2865
2026-06-29T09:46:00.000Z,2026-06-29T12:46:00,26.17,26.17,26.17,26.17,20
2026-06-29T09:48:00.000Z,2026-06-29T12:48:00,26.05,26.05,26.05,26.05,896
2026-06-29T09:50:00.000Z,2026-06-29T12:50:00,26.15,26.15,26.04,26.04,2980
2026-06-29T09:52:00.000Z,2026-06-29T12:52:00,26.04,26.04,26.03,26.03,1000
2026-06-29T09:54:00.000Z,2026-06-29T12:54:00,26.03,26.03,26.01,26.01,1000
2026-06-29T09:55:00.000Z,2026-06-29T12:55:00,26.2,26.2,26.2,26.2,165
2026-06-29T10:00:00.000Z,2026-06-29T13:00:00,26.01,26.01,26,26,7604
2026-06-29T10:01:00.000Z,2026-06-29T13:01:00,26,26.1,26,26.1,1246
2026-06-29T10:03:00.000Z,2026-06-29T13:03:00,26.1,26.1,26.1,26.1,1135
2026-06-29T10:05:00.000Z,2026-06-29T13:05:00,26.1,26.1,26.1,26.1,4500
2026-06-29T10:06:00.000Z,2026-06-29T13:06:00,26.1,26.1,26.1,26.1,4344
2026-06-29T10:10:00.000Z,2026-06-29T13:10:00,26.12,26.12,26.11,26.11,3500
2026-06-29T10:11:00.000Z,2026-06-29T13:11:00,26.11,26.11,26.1,26.1,1788
2026-06-29T10:12:00.000Z,2026-06-29T13:12:00,26.1,26.1,26.1,26.1,212
2026-06-29T10:19:00.000Z,2026-06-29T13:19:00,26.06,26.06,26.01,26.01,1766
2026-06-29T10:20:00.000Z,2026-06-29T13:20:00,26.02,26.02,26.01,26.01,3000
2026-06-29T10:24:00.000Z,2026-06-29T13:24:00,26.1,26.1,26.1,26.1,5000
2026-06-29T10:26:00.000Z,2026-06-29T13:26:00,26.1,26.1,26.1,26.1,292
2026-06-29T10:29:00.000Z,2026-06-29T13:29:00,26.29,26.29,26.29,26.29,38
2026-06-29T10:30:00.000Z,2026-06-29T13:30:00,26.1,26.1,26.1,26.1,899
2026-06-29T10:31:00.000Z,2026-06-29T13:31:00,26.1,26.1,26.1,26.1,1000
2026-06-29T10:34:00.000Z,2026-06-29T13:34:00,26.1,26.1,26.1,26.1,1000
2026-06-29T10:35:00.000Z,2026-06-29T13:35:00,26.1,26.1,26.1,26.1,500
2026-06-29T10:36:00.000Z,2026-06-29T13:36:00,26.29,26.29,26.29,26.29,562
2026-06-29T10:39:00.000Z,2026-06-29T13:39:00,26.11,26.11,26.11,26.11,300
2026-06-29T10:45:00.000Z,2026-06-29T13:45:00,26.11,26.11,26.01,26.01,2182
2026-06-29T10:51:00.000Z,2026-06-29T13:51:00,26.1,26.27,26.1,26.27,284
2026-06-29T10:52:00.000Z,2026-06-29T13:52:00,26.27,26.27,26.1,26.1,1545
2026-06-29T10:54:00.000Z,2026-06-29T13:54:00,26.11,26.11,26.11,26.11,135
2026-06-29T10:55:00.000Z,2026-06-29T13:55:00,26.11,26.11,26.11,26.11,100
2026-06-29T10:56:00.000Z,2026-06-29T13:56:00,26.11,26.25,26.1,26.25,5543
2026-06-29T10:58:00.000Z,2026-06-29T13:58:00,26.25,26.25,26.25,26.25,10
2026-06-29T11:02:00.000Z,2026-06-29T14:02:00,26.1,26.1,26.1,26.1,90
2026-06-29T11:03:00.000Z,2026-06-29T14:03:00,26.1,26.1,26.1,26.1,2000
2026-06-29T11:05:00.000Z,2026-06-29T14:05:00,26.1,26.1,26.1,26.1,1950
2026-06-29T11:07:00.000Z,2026-06-29T14:07:00,26.11,26.11,26.11,26.11,300
2026-06-29T11:08:00.000Z,2026-06-29T14:08:00,26.24,26.25,26.24,26.25,908
2026-06-29T11:09:00.000Z,2026-06-29T14:09:00,26.25,26.25,26.25,26.25,217
2026-06-29T11:10:00.000Z,2026-06-29T14:10:00,26.3,26.3,26.25,26.25,996
2026-06-29T11:14:00.000Z,2026-06-29T14:14:00,26.3,26.3,26.3,26.3,5000
2026-06-29T11:15:00.000Z,2026-06-29T14:15:00,26.33,26.39,26.33,26.39,4155
2026-06-29T11:25:00.000Z,2026-06-29T14:25:00,26.32,26.32,26.32,26.32,1660
2026-06-29T11:26:00.000Z,2026-06-29T14:26:00,26.32,26.32,26.32,26.32,100
2026-06-29T11:29:00.000Z,2026-06-29T14:29:00,26.32,26.32,26.32,26.32,1178
2026-06-30T07:00:00.000Z,2026-06-30T10:00:00,26.9,26.9,26.55,26.55,1152
2026-06-30T07:03:00.000Z,2026-06-30T10:03:00,26.8,26.98,26.8,26.8,3490
2026-06-30T07:05:00.000Z,2026-06-30T10:05:00,26.61,26.66,26.61,26.61,5407
2026-06-30T07:06:00.000Z,2026-06-30T10:06:00,26.61,26.61,26.6,26.6,948
2026-06-30T07:07:00.000Z,2026-06-30T10:07:00,26.45,26.45,26.45,26.45,542
2026-06-30T07:08:00.000Z,2026-06-30T10:08:00,26.45,26.45,26,26,4155
2026-06-30T07:09:00.000Z,2026-06-30T10:09:00,26,26,26,26,1
2026-06-30T07:12:00.000Z,2026-06-30T10:12:00,26.01,26.01,26.01,26.01,377
2026-06-30T07:14:00.000Z,2026-06-30T10:14:00,26.03,26.68,26.03,26.4,2150
2026-06-30T07:15:00.000Z,2026-06-30T10:15:00,26.5,26.5,26.4,26.4,1128
2026-06-30T07:16:00.000Z,2026-06-30T10:16:00,26.4,26.4,26.4,26.4,2613
2026-06-30T07:20:00.000Z,2026-06-30T10:20:00,26.14,26.14,26.14,26.14,71
2026-06-30T07:22:00.000Z,2026-06-30T10:22:00,26.15,26.15,26.11,26.14,4244
2026-06-30T07:23:00.000Z,2026-06-30T10:23:00,26.13,26.49,26.13,26.49,13113
2026-06-30T07:24:00.000Z,2026-06-30T10:24:00,26.21,26.21,26.21,26.21,320
2026-06-30T07:25:00.000Z,2026-06-30T10:25:00,26.4,26.4,26.4,26.4,4500
2026-06-30T07:27:00.000Z,2026-06-30T10:27:00,26.25,26.25,26.25,26.25,750
2026-06-30T07:36:00.000Z,2026-06-30T10:36:00,26.4,26.7,26.4,26.7,5485
2026-06-30T07:38:00.000Z,2026-06-30T10:38:00,26.64,26.66,26.64,26.66,3000
2026-06-30T07:39:00.000Z,2026-06-30T10:39:00,26.66,26.66,26.66,26.66,600
2026-06-30T07:40:00.000Z,2026-06-30T10:40:00,26.63,26.93,26.63,26.93,10000
2026-06-30T07:41:00.000Z,2026-06-30T10:41:00,26.93,26.93,26.93,26.93,587
2026-06-30T07:42:00.000Z,2026-06-30T10:42:00,26.9,26.9,26.9,26.9,1500
2026-06-30T07:43:00.000Z,2026-06-30T10:43:00,26.9,26.93,26.9,26.9,4027
2026-06-30T07:44:00.000Z,2026-06-30T10:44:00,26.9,26.96,26.9,26.96,6839
2026-06-30T07:45:00.000Z,2026-06-30T10:45:00,26.96,27,26.96,27,7252
2026-06-30T07:46:00.000Z,2026-06-30T10:46:00,27,27.2,27,27.2,7655
2026-06-30T07:47:00.000Z,2026-06-30T10:47:00,27.2,27.3,27.2,27.3,2381
2026-06-30T07:48:00.000Z,2026-06-30T10:48:00,27.3,27.3,27.21,27.21,3165
2026-06-30T07:49:00.000Z,2026-06-30T10:49:00,27.2,27.2,26.93,26.93,4389
2026-06-30T07:50:00.000Z,2026-06-30T10:50:00,26.93,26.93,26.93,26.93,330
2026-06-30T07:52:00.000Z,2026-06-30T10:52:00,27,27,27,27,1500
2026-06-30T07:53:00.000Z,2026-06-30T10:53:00,27,27.19,27,27.19,1217
2026-06-30T07:54:00.000Z,2026-06-30T10:54:00,26.93,26.93,26.93,26.93,22
2026-06-30T07:55:00.000Z,2026-06-30T10:55:00,26.9,27.35,26.9,27.35,4598
2026-06-30T07:57:00.000Z,2026-06-30T10:57:00,27.28,27.28,27.28,27.28,500
2026-06-30T07:58:00.000Z,2026-06-30T10:58:00,27.25,27.25,27.25,27.25,1
2026-06-30T07:59:00.000Z,2026-06-30T10:59:00,27,27.02,27,27,4454
2026-06-30T08:00:00.000Z,2026-06-30T11:00:00,27,27,27,27,2598
2026-06-30T08:01:00.000Z,2026-06-30T11:01:00,27.19,27.3,27.18,27.3,14500
2026-06-30T08:02:00.000Z,2026-06-30T11:02:00,27.3,27.3,27,27,14676
2026-06-30T08:03:00.000Z,2026-06-30T11:03:00,26.99,27,26.99,27,4457
2026-06-30T08:04:00.000Z,2026-06-30T11:04:00,27,27,27,27,3818
2026-06-30T08:05:00.000Z,2026-06-30T11:05:00,26.94,26.94,26.8,26.8,5000
2026-06-30T08:06:00.000Z,2026-06-30T11:06:00,27,27,27,27,15
2026-06-30T08:07:00.000Z,2026-06-30T11:07:00,26.8,26.8,26.69,26.69,5000
2026-06-30T08:08:00.000Z,2026-06-30T11:08:00,26.69,26.69,26.5,26.5,16700
2026-06-30T08:11:00.000Z,2026-06-30T11:11:00,26.52,26.52,26.52,26.52,434
2026-06-30T08:12:00.000Z,2026-06-30T11:12:00,26.52,26.52,26.52,26.52,150
2026-06-30T08:13:00.000Z,2026-06-30T11:13:00,26.53,26.53,26.53,26.53,185
2026-06-30T08:14:00.000Z,2026-06-30T11:14:00,26.52,26.52,26.36,26.36,2716
2026-06-30T08:15:00.000Z,2026-06-30T11:15:00,26.37,26.37,26.37,26.37,1109
2026-06-30T08:16:00.000Z,2026-06-30T11:16:00,26.63,26.63,26.63,26.63,750
2026-06-30T08:17:00.000Z,2026-06-30T11:17:00,26.63,26.63,26.63,26.63,250
2026-06-30T08:19:00.000Z,2026-06-30T11:19:00,26.39,26.39,26.35,26.35,3255
2026-06-30T08:22:00.000Z,2026-06-30T11:22:00,26.7,26.7,26.7,26.7,800
2026-06-30T08:26:00.000Z,2026-06-30T11:26:00,26.6,26.69,26.6,26.69,3300
2026-06-30T08:27:00.000Z,2026-06-30T11:27:00,26.69,26.69,26.69,26.69,18
2026-06-30T08:30:00.000Z,2026-06-30T11:30:00,26.51,26.69,26.51,26.69,1700
2026-06-30T08:33:00.000Z,2026-06-30T11:33:00,26.7,26.8,26.7,26.8,1000
2026-06-30T08:35:00.000Z,2026-06-30T11:35:00,26.8,26.8,26.8,26.8,72
2026-06-30T08:39:00.000Z,2026-06-30T11:39:00,26.55,26.55,26.55,26.55,870
2026-06-30T08:41:00.000Z,2026-06-30T11:41:00,26.55,26.55,26.5,26.5,3000
2026-06-30T08:42:00.000Z,2026-06-30T11:42:00,26.5,26.5,26.5,26.5,3141
2026-06-30T08:45:00.000Z,2026-06-30T11:45:00,26.41,26.41,26.31,26.31,16392
2026-06-30T08:46:00.000Z,2026-06-30T11:46:00,26.31,26.32,26.31,26.32,1072
2026-06-30T08:48:00.000Z,2026-06-30T11:48:00,26.32,26.6,26,26.6,23871
2026-06-30T08:50:00.000Z,2026-06-30T11:50:00,26.48,26.49,26.48,26.49,2000
2026-06-30T08:51:00.000Z,2026-06-30T11:51:00,26.5,26.71,26.5,26.71,10654
2026-06-30T08:52:00.000Z,2026-06-30T11:52:00,26.74,26.97,26.7,26.95,12887
2026-06-30T08:53:00.000Z,2026-06-30T11:53:00,26.93,26.93,26.75,26.75,2534
2026-06-30T08:55:00.000Z,2026-06-30T11:55:00,26.7,26.7,26.7,26.7,14
2026-06-30T08:57:00.000Z,2026-06-30T11:57:00,26.7,27.24,26.7,27,18974
2026-06-30T08:58:00.000Z,2026-06-30T11:58:00,27.01,27.27,27,27.27,15140
2026-06-30T08:59:00.000Z,2026-06-30T11:59:00,27.2,27.5,27,27.5,18018
2026-06-30T09:00:00.000Z,2026-06-30T12:00:00,27.5,27.66,27.02,27.04,19482
2026-06-30T09:01:00.000Z,2026-06-30T12:01:00,27.11,27.5,27.1,27.48,18160
2026-06-30T09:02:00.000Z,2026-06-30T12:02:00,27.5,27.5,27.15,27.42,23001
2026-06-30T09:03:00.000Z,2026-06-30T12:03:00,27.42,27.5,27.15,27.15,11251
2026-06-30T09:04:00.000Z,2026-06-30T12:04:00,27.3,27.75,27.2,27.75,7536
2026-06-30T09:05:00.000Z,2026-06-30T12:05:00,27.75,28,27.5,28,56805
2026-06-30T09:06:00.000Z,2026-06-30T12:06:00,28,28.87,28,28.87,60172
2026-06-30T09:07:00.000Z,2026-06-30T12:07:00,28.5,28.87,27.53,28.49,40835
2026-06-30T09:08:00.000Z,2026-06-30T12:08:00,28.4,28.87,28,28.8,45224
2026-06-30T09:09:00.000Z,2026-06-30T12:09:00,28.5,28.5,28,28,42853
2026-06-30T09:10:00.000Z,2026-06-30T12:10:00,28,28,27.7,28,48860
2026-06-30T09:11:00.000Z,2026-06-30T12:11:00,27.8,27.99,27.8,27.99,1343
2026-06-30T09:12:00.000Z,2026-06-30T12:12:00,27.85,28.38,27.85,28.38,26044
2026-06-30T09:13:00.000Z,2026-06-30T12:13:00,28.38,28.46,28.19,28.29,7821
2026-06-30T09:14:00.000Z,2026-06-30T12:14:00,28.29,28.3,28.27,28.27,11919
2026-06-30T09:15:00.000Z,2026-06-30T12:15:00,28.27,28.27,27.98,27.98,34227
2026-06-30T09:16:00.000Z,2026-06-30T12:16:00,27.96,27.96,27.6,27.77,8697
2026-06-30T09:17:00.000Z,2026-06-30T12:17:00,27.61,27.61,27.6,27.6,2910
2026-06-30T09:18:00.000Z,2026-06-30T12:18:00,27.61,27.61,27.6,27.6,3559
2026-06-30T09:19:00.000Z,2026-06-30T12:19:00,27.6,27.6,27.4,27.4,14816
2026-06-30T09:20:00.000Z,2026-06-30T12:20:00,27.45,27.51,27.41,27.51,13105
2026-06-30T09:21:00.000Z,2026-06-30T12:21:00,27.51,27.6,27.51,27.6,2044
2026-06-30T09:22:00.000Z,2026-06-30T12:22:00,27.6,27.7,27.6,27.7,2831
2026-06-30T09:23:00.000Z,2026-06-30T12:23:00,27.69,27.7,27.69,27.7,901
2026-06-30T09:24:00.000Z,2026-06-30T12:24:00,27.7,27.88,27.7,27.88,849
2026-06-30T09:25:00.000Z,2026-06-30T12:25:00,27.88,27.88,27.8,27.8,2422
2026-06-30T09:27:00.000Z,2026-06-30T12:27:00,27.6,27.6,27.25,27.25,15868
2026-06-30T09:28:00.000Z,2026-06-30T12:28:00,27.6,27.6,27.6,27.6,124
2026-06-30T09:29:00.000Z,2026-06-30T12:29:00,27.27,27.3,27.25,27.3,7150
2026-06-30T09:31:00.000Z,2026-06-30T12:31:00,27.54,27.6,27.54,27.6,1768
2026-06-30T09:32:00.000Z,2026-06-30T12:32:00,27.6,27.6,27.6,27.6,283
2026-06-30T09:33:00.000Z,2026-06-30T12:33:00,27.61,27.69,27.6,27.6,5307
2026-06-30T09:34:00.000Z,2026-06-30T12:34:00,27.6,27.6,27.6,27.6,30
2026-06-30T09:35:00.000Z,2026-06-30T12:35:00,27.59,27.59,27.59,27.59,10
2026-06-30T09:36:00.000Z,2026-06-30T12:36:00,27.32,27.32,27.25,27.25,7188
2026-06-30T09:38:00.000Z,2026-06-30T12:38:00,27.35,27.35,27.25,27.25,5668
2026-06-30T09:39:00.000Z,2026-06-30T12:39:00,27.25,27.25,27.2,27.2,9575
2026-06-30T09:40:00.000Z,2026-06-30T12:40:00,27.21,27.21,27.15,27.15,16114
2026-06-30T09:42:00.000Z,2026-06-30T12:42:00,27.2,27.2,27.2,27.2,130
2026-06-30T09:43:00.000Z,2026-06-30T12:43:00,27.2,27.2,27.2,27.2,1094
2026-06-30T09:45:00.000Z,2026-06-30T12:45:00,27.17,27.17,26.73,26.84,22153
2026-06-30T09:46:00.000Z,2026-06-30T12:46:00,26.84,27,26.84,27,15803
2026-06-30T09:47:00.000Z,2026-06-30T12:47:00,27,27,27,27,2531
2026-06-30T09:48:00.000Z,2026-06-30T12:48:00,27.19,27.19,27.19,27.19,738
2026-06-30T09:50:00.000Z,2026-06-30T12:50:00,27.01,27.01,27.01,27.01,1932
2026-06-30T09:53:00.000Z,2026-06-30T12:53:00,27.05,27.05,27.05,27.05,863
2026-06-30T09:54:00.000Z,2026-06-30T12:54:00,27.05,27.05,27,27,4541
2026-06-30T09:55:00.000Z,2026-06-30T12:55:00,27.19,27.19,27,27.14,3151
2026-06-30T09:57:00.000Z,2026-06-30T12:57:00,27.02,27.02,27.01,27.01,700
2026-06-30T09:58:00.000Z,2026-06-30T12:58:00,27.01,27.01,27.01,27.01,994
2026-06-30T10:03:00.000Z,2026-06-30T13:03:00,27.02,27.02,27.02,27.02,452
2026-06-30T10:04:00.000Z,2026-06-30T13:04:00,27.05,27.05,27.05,27.05,264
2026-06-30T10:05:00.000Z,2026-06-30T13:05:00,27.05,27.05,27.05,27.05,250
2026-06-30T10:08:00.000Z,2026-06-30T13:08:00,27.07,27.07,27.03,27.03,3000
2026-06-30T10:11:00.000Z,2026-06-30T13:11:00,27.03,27.03,27.03,27.03,3500
2026-06-30T10:13:00.000Z,2026-06-30T13:13:00,27.03,27.03,27.03,27.03,3183
2026-06-30T10:14:00.000Z,2026-06-30T13:14:00,27.03,27.03,27.03,27.03,1186
2026-06-30T10:15:00.000Z,2026-06-30T13:15:00,27.03,27.03,27,27,3367
2026-06-30T10:16:00.000Z,2026-06-30T13:16:00,27,27,27,27,2895
2026-06-30T10:17:00.000Z,2026-06-30T13:17:00,27,27,27,27,1324
2026-06-30T10:20:00.000Z,2026-06-30T13:20:00,27,27,27,27,1527
2026-06-30T10:21:00.000Z,2026-06-30T13:21:00,27,27,27,27,5469
2026-06-30T10:22:00.000Z,2026-06-30T13:22:00,27,27,27,27,5231
2026-06-30T10:23:00.000Z,2026-06-30T13:23:00,27,27,27,27,953
2026-06-30T10:24:00.000Z,2026-06-30T13:24:00,27,27,27,27,5013
2026-06-30T10:25:00.000Z,2026-06-30T13:25:00,27,27,27,27,1426
2026-06-30T10:26:00.000Z,2026-06-30T13:26:00,27.05,27.05,27,27,367
2026-06-30T10:27:00.000Z,2026-06-30T13:27:00,27.05,27.05,27,27,7142
2026-06-30T10:28:00.000Z,2026-06-30T13:28:00,27,27,27,27,336
2026-06-30T10:30:00.000Z,2026-06-30T13:30:00,27,27,27,27,3302
2026-06-30T10:31:00.000Z,2026-06-30T13:31:00,27,27,27,27,16
2026-06-30T10:34:00.000Z,2026-06-30T13:34:00,27,27,27,27,825
2026-06-30T10:39:00.000Z,2026-06-30T13:39:00,27,27,27,27,1007
2026-06-30T10:43:00.000Z,2026-06-30T13:43:00,26.81,26.81,26.81,26.81,1000
2026-06-30T10:44:00.000Z,2026-06-30T13:44:00,27,27,27,27,3136
2026-06-30T10:46:00.000Z,2026-06-30T13:46:00,27,27,27,27,1101
2026-06-30T10:48:00.000Z,2026-06-30T13:48:00,26.85,26.85,26.81,26.81,2300
2026-06-30T10:54:00.000Z,2026-06-30T13:54:00,26.83,26.83,26.81,26.81,3000
2026-06-30T10:55:00.000Z,2026-06-30T13:55:00,26.81,26.81,26.76,26.76,5020
2026-06-30T10:56:00.000Z,2026-06-30T13:56:00,27,27,26.75,26.75,2013
2026-06-30T10:57:00.000Z,2026-06-30T13:57:00,26.75,26.75,26.75,26.75,3102
2026-06-30T10:58:00.000Z,2026-06-30T13:58:00,26.75,26.75,26.75,26.75,1320
2026-06-30T10:59:00.000Z,2026-06-30T13:59:00,26.75,26.75,26.75,26.75,7
2026-06-30T11:01:00.000Z,2026-06-30T14:01:00,26.75,26.75,26.75,26.75,8
2026-06-30T11:03:00.000Z,2026-06-30T14:03:00,26.75,26.76,26.75,26.75,3500
2026-06-30T11:04:00.000Z,2026-06-30T14:04:00,26.75,26.75,26.75,26.75,50
2026-06-30T11:05:00.000Z,2026-06-30T14:05:00,26.75,26.75,26.75,26.75,250
2026-06-30T11:08:00.000Z,2026-06-30T14:08:00,27,27,27,27,45
2026-06-30T11:10:00.000Z,2026-06-30T14:10:00,26.85,26.85,26.85,26.85,698
2026-06-30T11:11:00.000Z,2026-06-30T14:11:00,26.85,26.85,26.76,26.76,802
2026-06-30T11:12:00.000Z,2026-06-30T14:12:00,26.76,26.76,26.75,26.75,14329
2026-06-30T11:13:00.000Z,2026-06-30T14:13:00,26.76,26.76,26.76,26.76,898
2026-06-30T11:25:00.000Z,2026-06-30T14:25:00,26.75,26.75,26.75,26.75,12000
2026-06-30T11:27:00.000Z,2026-06-30T14:27:00,26.75,26.75,26.75,26.75,200
2026-06-30T11:28:00.000Z,2026-06-30T14:28:00,26.75,26.75,26.75,26.75,5000
2026-07-01T07:00:00.000Z,2026-07-01T10:00:00,27.15,27.15,27.1,27.1,107
2026-07-01T07:01:00.000Z,2026-07-01T10:01:00,26.8,26.8,26.8,26.8,4
2026-07-01T07:02:00.000Z,2026-07-01T10:02:00,27,27,27,27,1000
2026-07-01T07:04:00.000Z,2026-07-01T10:04:00,26.8,27,26.8,27,1822
2026-07-01T07:05:00.000Z,2026-07-01T10:05:00,26.77,26.77,26.7,26.7,4076
2026-07-01T07:07:00.000Z,2026-07-01T10:07:00,26.7,27,26.7,27,3424
2026-07-01T07:08:00.000Z,2026-07-01T10:08:00,27,27,27,27,76
2026-07-01T07:09:00.000Z,2026-07-01T10:09:00,26.61,26.7,26.61,26.7,2306
2026-07-01T07:10:00.000Z,2026-07-01T10:10:00,26.7,26.7,26.7,26.7,1000
2026-07-01T07:11:00.000Z,2026-07-01T10:11:00,26.95,27.3,26.95,27.3,15842
2026-07-01T07:12:00.000Z,2026-07-01T10:12:00,27.3,27.4,27.29,27.4,9158
2026-07-01T07:13:00.000Z,2026-07-01T10:13:00,27.04,27.04,27.04,27.04,1000
2026-07-01T07:14:00.000Z,2026-07-01T10:14:00,27.38,27.7,27.06,27.06,21545
2026-07-01T07:15:00.000Z,2026-07-01T10:15:00,27.45,27.45,27.45,27.45,1000
2026-07-01T07:16:00.000Z,2026-07-01T10:16:00,27.36,27.6,27.36,27.6,10000
2026-07-01T07:18:00.000Z,2026-07-01T10:18:00,27.27,27.27,27.27,27.27,228
2026-07-01T07:19:00.000Z,2026-07-01T10:19:00,27.28,27.68,27.28,27.68,13670
2026-07-01T07:20:00.000Z,2026-07-01T10:20:00,27.7,27.76,27.7,27.76,2372
2026-07-01T07:21:00.000Z,2026-07-01T10:21:00,27.68,27.68,27.68,27.68,1
2026-07-01T07:25:00.000Z,2026-07-01T10:25:00,27.33,27.33,27.31,27.31,4225
2026-07-01T07:26:00.000Z,2026-07-01T10:26:00,27.31,27.31,27.07,27.07,3005
2026-07-01T07:29:00.000Z,2026-07-01T10:29:00,27.3,27.3,27.07,27.07,586
2026-07-01T07:30:00.000Z,2026-07-01T10:30:00,27.07,27.07,27.07,27.07,1438
2026-07-01T07:31:00.000Z,2026-07-01T10:31:00,27.08,27.08,27.08,27.08,769
2026-07-01T07:34:00.000Z,2026-07-01T10:34:00,27.1,27.1,26.76,26.76,10000
2026-07-01T07:36:00.000Z,2026-07-01T10:36:00,27.08,27.08,27.08,27.08,5000
2026-07-01T07:38:00.000Z,2026-07-01T10:38:00,27.39,27.6,27.39,27.6,7827
2026-07-01T07:39:00.000Z,2026-07-01T10:39:00,27.67,27.7,27.67,27.7,2405
2026-07-01T07:40:00.000Z,2026-07-01T10:40:00,27.7,27.7,27.7,27.7,1500
2026-07-01T07:41:00.000Z,2026-07-01T10:41:00,27.41,27.75,27.41,27.75,13000
2026-07-01T07:42:00.000Z,2026-07-01T10:42:00,27.75,27.75,27.75,27.75,234
2026-07-01T07:43:00.000Z,2026-07-01T10:43:00,27.39,27.39,27.39,27.39,10
2026-07-01T07:46:00.000Z,2026-07-01T10:46:00,27.41,27.41,27.4,27.4,2149
2026-07-01T07:47:00.000Z,2026-07-01T10:47:00,27.4,27.4,27.4,27.4,40
2026-07-01T07:48:00.000Z,2026-07-01T10:48:00,27.27,27.5,27.27,27.5,10500
2026-07-01T07:50:00.000Z,2026-07-01T10:50:00,27.27,27.48,27.27,27.48,310
2026-07-01T07:51:00.000Z,2026-07-01T10:51:00,27.5,27.5,27.5,27.5,3637
2026-07-01T07:53:00.000Z,2026-07-01T10:53:00,27.5,27.5,27.4,27.4,9248
2026-07-01T07:55:00.000Z,2026-07-01T10:55:00,27.27,27.27,27.27,27.27,56
2026-07-01T07:56:00.000Z,2026-07-01T10:56:00,27.27,27.27,27.27,27.27,1000
2026-07-01T08:02:00.000Z,2026-07-01T11:02:00,27.21,27.21,27.2,27.2,7555
2026-07-01T08:03:00.000Z,2026-07-01T11:03:00,27.2,27.2,27.2,27.2,1054
2026-07-01T08:06:00.000Z,2026-07-01T11:06:00,27.2,27.2,27.2,27.2,201
2026-07-01T08:07:00.000Z,2026-07-01T11:07:00,27.2,27.2,27.2,27.2,1000
2026-07-01T08:09:00.000Z,2026-07-01T11:09:00,27.2,27.2,27.2,27.2,365
2026-07-01T08:13:00.000Z,2026-07-01T11:13:00,27.4,27.4,27.4,27.4,1000
2026-07-01T08:14:00.000Z,2026-07-01T11:14:00,27.1,27.1,27.1,27.1,714
2026-07-01T08:17:00.000Z,2026-07-01T11:17:00,27.1,27.1,27.1,27.1,1606
2026-07-01T08:18:00.000Z,2026-07-01T11:18:00,27.1,27.1,27.1,27.1,120
2026-07-01T08:19:00.000Z,2026-07-01T11:19:00,27,27,26.9,26.9,388
2026-07-01T08:20:00.000Z,2026-07-01T11:20:00,26.9,26.9,26.9,26.9,4011
2026-07-01T08:29:00.000Z,2026-07-01T11:29:00,26.91,26.91,26.91,26.91,1500
2026-07-01T08:30:00.000Z,2026-07-01T11:30:00,27,27,27,27,1500
2026-07-01T08:32:00.000Z,2026-07-01T11:32:00,27.25,27.25,27.25,27.25,6
2026-07-01T08:36:00.000Z,2026-07-01T11:36:00,26.93,26.93,26.93,26.93,1000
2026-07-01T08:45:00.000Z,2026-07-01T11:45:00,26.93,26.93,26.93,26.93,534
2026-07-01T08:47:00.000Z,2026-07-01T11:47:00,26.93,26.93,26.93,26.93,500
2026-07-01T08:48:00.000Z,2026-07-01T11:48:00,26.93,26.93,26.93,26.93,1000
2026-07-01T08:59:00.000Z,2026-07-01T11:59:00,26.93,26.93,26.93,26.93,381
2026-07-01T09:08:00.000Z,2026-07-01T12:08:00,26.93,26.93,26.9,26.9,385
2026-07-01T09:13:00.000Z,2026-07-01T12:13:00,26.9,26.9,26.9,26.9,400
2026-07-01T09:19:00.000Z,2026-07-01T12:19:00,26.83,26.88,26.83,26.88,1565
2026-07-01T09:20:00.000Z,2026-07-01T12:20:00,26.84,26.84,26.84,26.84,258
2026-07-01T09:21:00.000Z,2026-07-01T12:21:00,26.88,26.88,26.88,26.88,150
2026-07-01T09:24:00.000Z,2026-07-01T12:24:00,26.9,26.9,26.75,26.75,613
2026-07-01T09:32:00.000Z,2026-07-01T12:32:00,26.99,26.99,26.99,26.99,500
2026-07-01T09:33:00.000Z,2026-07-01T12:33:00,26.99,27,26.99,27,1500
2026-07-01T09:45:00.000Z,2026-07-01T12:45:00,27.01,27.01,27.01,27.01,380
2026-07-01T09:55:00.000Z,2026-07-01T12:55:00,27.01,27.01,27.01,27.01,234
2026-07-01T09:56:00.000Z,2026-07-01T12:56:00,27.01,27.01,27.01,27.01,360
2026-07-01T09:57:00.000Z,2026-07-01T12:57:00,27.01,27.01,26.72,26.72,2026
2026-07-01T10:00:00.000Z,2026-07-01T13:00:00,26.73,26.73,26.72,26.72,1538
2026-07-01T10:02:00.000Z,2026-07-01T13:02:00,26.72,26.72,26.72,26.72,66
2026-07-01T10:03:00.000Z,2026-07-01T13:03:00,26.71,26.71,26.67,26.67,2500
2026-07-01T10:04:00.000Z,2026-07-01T13:04:00,26.6,26.6,26.34,26.34,500
2026-07-01T10:05:00.000Z,2026-07-01T13:05:00,26.34,26.34,26.33,26.33,1760
2026-07-01T10:06:00.000Z,2026-07-01T13:06:00,26.33,26.33,26.33,26.33,6000
2026-07-01T10:12:00.000Z,2026-07-01T13:12:00,26.41,26.41,26.41,26.41,10
2026-07-01T10:26:00.000Z,2026-07-01T13:26:00,26.43,26.43,26.41,26.41,4730
2026-07-01T10:27:00.000Z,2026-07-01T13:27:00,26.35,26.35,26.26,26.26,10200
2026-07-01T10:28:00.000Z,2026-07-01T13:28:00,26.26,26.26,26.12,26.12,1773
2026-07-01T10:29:00.000Z,2026-07-01T13:29:00,26.12,26.12,26.03,26.03,9798
2026-07-01T10:31:00.000Z,2026-07-01T13:31:00,26.4,26.45,26.4,26.45,550
2026-07-01T10:33:00.000Z,2026-07-01T13:33:00,26.03,26.03,26.03,26.03,200
2026-07-01T10:37:00.000Z,2026-07-01T13:37:00,26.39,26.39,26.39,26.39,19
2026-07-01T10:39:00.000Z,2026-07-01T13:39:00,26.03,26.03,26,26,1230
2026-07-01T10:42:00.000Z,2026-07-01T13:42:00,26,26,26,26,270
2026-07-01T10:43:00.000Z,2026-07-01T13:43:00,26,26,26,26,478
2026-07-01T10:44:00.000Z,2026-07-01T13:44:00,26,26,26,26,1260
2026-07-01T10:50:00.000Z,2026-07-01T13:50:00,26,26,26,26,1207
2026-07-01T10:52:00.000Z,2026-07-01T13:52:00,26,26,26,26,2499
2026-07-01T10:54:00.000Z,2026-07-01T13:54:00,26.2,26.22,26.2,26.22,750
2026-07-01T10:56:00.000Z,2026-07-01T13:56:00,26,26,26,26,1175
2026-07-01T10:57:00.000Z,2026-07-01T13:57:00,26,26,26,26,2000
2026-07-01T10:58:00.000Z,2026-07-01T13:58:00,26,26,26,26,118
2026-07-01T11:01:00.000Z,2026-07-01T14:01:00,26.01,26.33,26.01,26.33,2605
2026-07-01T11:02:00.000Z,2026-07-01T14:02:00,26.32,26.32,26.32,26.32,200
2026-07-01T11:05:00.000Z,2026-07-01T14:05:00,26.04,26.29,26.02,26.29,2462
2026-07-01T11:08:00.000Z,2026-07-01T14:08:00,26.25,26.27,26.25,26.27,2000
2026-07-01T11:09:00.000Z,2026-07-01T14:09:00,26.26,26.35,26.26,26.35,1673
2026-07-01T11:10:00.000Z,2026-07-01T14:10:00,26.32,26.4,26.32,26.4,1460
2026-07-01T11:11:00.000Z,2026-07-01T14:11:00,26.44,26.44,26.44,26.44,1917
2026-07-01T11:12:00.000Z,2026-07-01T14:12:00,26.4,26.44,26.4,26.44,1000
2026-07-01T11:13:00.000Z,2026-07-01T14:13:00,26.44,26.44,26.44,26.44,1000
2026-07-01T11:25:00.000Z,2026-07-01T14:25:00,26.32,26.32,26.32,26.32,2431
2026-07-01T11:27:00.000Z,2026-07-01T14:27:00,26.32,26.32,26.32,26.32,1222
2026-07-01T11:28:00.000Z,2026-07-01T14:28:00,26.32,26.32,26.32,26.32,278
2026-07-05T07:00:00.000Z,2026-07-05T10:00:00,26.47,26.47,26.47,26.47,366
2026-07-05T07:02:00.000Z,2026-07-05T10:02:00,26.88,26.88,26.88,26.88,7
2026-07-05T07:04:00.000Z,2026-07-05T10:04:00,26.35,26.35,26.35,26.35,4
2026-07-05T07:10:00.000Z,2026-07-05T10:10:00,26.5,26.5,26.5,26.5,1
2026-07-05T07:12:00.000Z,2026-07-05T10:12:00,26.86,27,26.86,27,4999
2026-07-05T07:13:00.000Z,2026-07-05T10:13:00,26.86,27,26.86,27,3000
2026-07-05T07:15:00.000Z,2026-07-05T10:15:00,26.51,26.51,26.51,26.51,44
2026-07-05T07:18:00.000Z,2026-07-05T10:18:00,26.97,27.1,26.97,27.1,8903
2026-07-05T07:19:00.000Z,2026-07-05T10:19:00,27.29,27.6,27.29,27.6,1000
2026-07-05T07:22:00.000Z,2026-07-05T10:22:00,27.1,27.1,27.1,27.1,1000
2026-07-05T07:23:00.000Z,2026-07-05T10:23:00,27.1,27.1,27.1,27.1,786
2026-07-05T07:25:00.000Z,2026-07-05T10:25:00,27.1,27.1,27.1,27.1,608
2026-07-05T07:26:00.000Z,2026-07-05T10:26:00,27.1,27.1,27.1,27.1,1000
2026-07-05T07:27:00.000Z,2026-07-05T10:27:00,27.1,27.1,27.1,27.1,56
2026-07-05T07:28:00.000Z,2026-07-05T10:28:00,27.1,27.1,27.1,27.1,300
2026-07-05T07:30:00.000Z,2026-07-05T10:30:00,27.1,27.1,27.1,27.1,250
2026-07-05T07:31:00.000Z,2026-07-05T10:31:00,27,27,27,27,150
2026-07-05T07:33:00.000Z,2026-07-05T10:33:00,27.4,27.5,27.4,27.5,5000
2026-07-05T07:34:00.000Z,2026-07-05T10:34:00,27.55,27.55,27.55,27.55,200
2026-07-05T07:35:00.000Z,2026-07-05T10:35:00,27.5,27.5,27.5,27.5,122
2026-07-05T07:36:00.000Z,2026-07-05T10:36:00,27.11,27.49,27.11,27.49,353
2026-07-05T07:37:00.000Z,2026-07-05T10:37:00,27.33,27.33,27.33,27.33,10
2026-07-05T07:38:00.000Z,2026-07-05T10:38:00,27.13,27.13,27.13,27.13,999
2026-07-05T07:39:00.000Z,2026-07-05T10:39:00,27.14,27.14,27.14,27.14,256
2026-07-05T07:41:00.000Z,2026-07-05T10:41:00,27.12,27.12,27.02,27.02,1437
2026-07-05T07:43:00.000Z,2026-07-05T10:43:00,27.02,27.02,27.02,27.02,1194
2026-07-05T07:45:00.000Z,2026-07-05T10:45:00,27.02,27.02,27,27,4000
2026-07-05T07:46:00.000Z,2026-07-05T10:46:00,27,27,27,27,2000
2026-07-05T07:47:00.000Z,2026-07-05T10:47:00,27,27,27,27,2989
2026-07-05T07:52:00.000Z,2026-07-05T10:52:00,26.72,26.72,26.72,26.72,500
2026-07-05T07:53:00.000Z,2026-07-05T10:53:00,26.72,26.72,26.72,26.72,1500
2026-07-05T07:59:00.000Z,2026-07-05T10:59:00,26.71,26.71,26.71,26.71,300
2026-07-05T08:05:00.000Z,2026-07-05T11:05:00,26.66,26.66,26.66,26.66,1
2026-07-05T08:07:00.000Z,2026-07-05T11:07:00,26.66,26.66,26.66,26.66,100
2026-07-05T08:10:00.000Z,2026-07-05T11:10:00,26.71,26.99,26.71,26.99,2000
2026-07-05T08:12:00.000Z,2026-07-05T11:12:00,26.99,27,26.99,27,1000
2026-07-05T08:14:00.000Z,2026-07-05T11:14:00,26.99,26.99,26.99,26.99,32
2026-07-05T08:15:00.000Z,2026-07-05T11:15:00,26.68,26.68,26.68,26.68,34
2026-07-05T08:18:00.000Z,2026-07-05T11:18:00,26.68,26.68,26.68,26.68,251
2026-07-05T08:21:00.000Z,2026-07-05T11:21:00,26.68,26.68,26.68,26.68,72
2026-07-05T08:42:00.000Z,2026-07-05T11:42:00,26.68,26.68,26.53,26.53,3748
2026-07-05T08:43:00.000Z,2026-07-05T11:43:00,26.53,26.53,26.51,26.51,3800
2026-07-05T08:50:00.000Z,2026-07-05T11:50:00,26.53,26.53,26.53,26.53,93
2026-07-05T09:00:00.000Z,2026-07-05T12:00:00,26.6,26.6,26.53,26.53,128
2026-07-05T09:09:00.000Z,2026-07-05T12:09:00,26.53,26.53,26.22,26.22,7752
2026-07-05T09:16:00.000Z,2026-07-05T12:16:00,26.6,26.6,26.6,26.6,300
2026-07-05T09:17:00.000Z,2026-07-05T12:17:00,26.6,26.69,26.6,26.69,357
2026-07-05T09:22:00.000Z,2026-07-05T12:22:00,26.5,26.5,26.36,26.36,229
2026-07-05T09:24:00.000Z,2026-07-05T12:24:00,26.82,26.82,26.82,26.82,1
2026-07-05T09:25:00.000Z,2026-07-05T12:25:00,26.82,26.89,26.82,26.89,3150
2026-07-05T09:27:00.000Z,2026-07-05T12:27:00,26.89,27,26.89,27,3000
2026-07-05T09:29:00.000Z,2026-07-05T12:29:00,26.99,27,26.99,27,640
2026-07-05T09:30:00.000Z,2026-07-05T12:30:00,27,27,27,27,1060
2026-07-05T09:38:00.000Z,2026-07-05T12:38:00,26.98,26.98,26.98,26.98,500
2026-07-05T09:39:00.000Z,2026-07-05T12:39:00,26.97,26.97,26.97,26.97,150
2026-07-05T09:40:00.000Z,2026-07-05T12:40:00,26.45,26.45,26.38,26.4,2206
2026-07-05T09:42:00.000Z,2026-07-05T12:42:00,26.44,26.44,26.35,26.35,6298
2026-07-05T09:52:00.000Z,2026-07-05T12:52:00,26.45,26.45,26.36,26.36,2526
2026-07-05T09:53:00.000Z,2026-07-05T12:53:00,26.48,26.48,26.48,26.48,1974
2026-07-05T09:55:00.000Z,2026-07-05T12:55:00,26.55,26.55,26.55,26.55,100
2026-07-05T09:57:00.000Z,2026-07-05T12:57:00,26.55,26.55,26.55,26.55,500
2026-07-05T10:22:00.000Z,2026-07-05T13:22:00,26.48,26.48,26.48,26.48,26
2026-07-05T10:24:00.000Z,2026-07-05T13:24:00,26.48,26.48,26.48,26.48,574
2026-07-05T10:29:00.000Z,2026-07-05T13:29:00,26.41,26.41,26.41,26.41,304
2026-07-05T10:36:00.000Z,2026-07-05T13:36:00,26.41,26.41,26.4,26.4,1000
2026-07-05T10:39:00.000Z,2026-07-05T13:39:00,26.73,26.73,26.73,26.73,151
2026-07-05T10:52:00.000Z,2026-07-05T13:52:00,26.42,26.42,26.37,26.37,3000
2026-07-05T10:55:00.000Z,2026-07-05T13:55:00,26.41,26.41,26.4,26.4,3000
2026-07-05T10:56:00.000Z,2026-07-05T13:56:00,26.4,26.4,26.3,26.3,2300
2026-07-05T11:01:00.000Z,2026-07-05T14:01:00,26.4,26.4,26.4,26.4,584
2026-07-05T11:02:00.000Z,2026-07-05T14:02:00,26.4,26.4,26.4,26.4,1222
2026-07-05T11:07:00.000Z,2026-07-05T14:07:00,26.4,26.4,26.4,26.4,666
2026-07-05T11:08:00.000Z,2026-07-05T14:08:00,26.4,26.4,26.4,26.4,2634
2026-07-05T11:09:00.000Z,2026-07-05T14:09:00,26.3,26.3,26.26,26.26,500
2026-07-05T11:11:00.000Z,2026-07-05T14:11:00,26.26,26.26,26.26,26.26,1000
2026-07-05T11:13:00.000Z,2026-07-05T14:13:00,26.26,26.26,26.15,26.15,650
2026-07-05T11:14:00.000Z,2026-07-05T14:14:00,26.3,26.4,26.2,26.2,8395
2026-07-05T11:25:00.000Z,2026-07-05T14:25:00,26.35,26.35,26.35,26.35,1500
2026-07-05T11:27:00.000Z,2026-07-05T14:27:00,26.35,26.35,26.35,26.35,153
2026-07-06T07:05:00.000Z,2026-07-06T10:05:00,26.89,26.89,26.89,26.89,500
2026-07-06T07:14:00.000Z,2026-07-06T10:14:00,26.52,26.52,26.52,26.52,500
2026-07-06T07:16:00.000Z,2026-07-06T10:16:00,26.44,26.44,26.44,26.44,700
2026-07-06T07:23:00.000Z,2026-07-06T10:23:00,26.44,26.44,26.38,26.38,778
2026-07-06T07:30:00.000Z,2026-07-06T10:30:00,26.4,26.4,26.4,26.4,15
2026-07-06T07:34:00.000Z,2026-07-06T10:34:00,26.4,26.4,26.4,26.4,1
2026-07-06T07:40:00.000Z,2026-07-06T10:40:00,26.4,26.72,26.4,26.72,26
2026-07-06T07:56:00.000Z,2026-07-06T10:56:00,26.41,26.41,26.41,26.41,1000
2026-07-06T08:01:00.000Z,2026-07-06T11:01:00,26.41,26.41,26.39,26.39,6000
2026-07-06T08:05:00.000Z,2026-07-06T11:05:00,26.4,26.4,26.39,26.39,3000
2026-07-06T08:22:00.000Z,2026-07-06T11:22:00,26.41,26.41,26.4,26.4,3000
2026-07-06T08:51:00.000Z,2026-07-06T11:51:00,26.5,26.5,26.5,26.5,2656
2026-07-06T08:52:00.000Z,2026-07-06T11:52:00,26.5,26.5,26.5,26.5,344
2026-07-06T09:10:00.000Z,2026-07-06T12:10:00,26.5,26.5,26.5,26.5,220
2026-07-06T09:12:00.000Z,2026-07-06T12:12:00,26.5,26.5,26.5,26.5,1000
2026-07-06T09:13:00.000Z,2026-07-06T12:13:00,26.5,26.5,26.5,26.5,3780
2026-07-06T09:19:00.000Z,2026-07-06T12:19:00,26.5,26.5,26.5,26.5,2500
2026-07-06T09:20:00.000Z,2026-07-06T12:20:00,26.5,26.5,26.5,26.5,106
2026-07-06T09:21:00.000Z,2026-07-06T12:21:00,26.5,26.5,26.5,26.5,100
2026-07-06T09:22:00.000Z,2026-07-06T12:22:00,26.5,26.5,26.5,26.5,640
2026-07-06T09:24:00.000Z,2026-07-06T12:24:00,26.5,26.5,26.5,26.5,1654
2026-07-06T09:29:00.000Z,2026-07-06T12:29:00,26.5,26.67,26.5,26.67,1000
2026-07-06T09:31:00.000Z,2026-07-06T12:31:00,26.66,26.7,26.66,26.7,2000
2026-07-06T09:43:00.000Z,2026-07-06T12:43:00,26.51,26.51,26.51,26.51,300
2026-07-06T09:44:00.000Z,2026-07-06T12:44:00,26.51,26.51,26.5,26.5,345
2026-07-06T09:46:00.000Z,2026-07-06T12:46:00,26.5,26.5,26.5,26.5,500
2026-07-06T09:48:00.000Z,2026-07-06T12:48:00,26.5,26.5,26.43,26.43,4368
2026-07-06T09:52:00.000Z,2026-07-06T12:52:00,26.43,26.43,26.42,26.42,1500
2026-07-06T09:57:00.000Z,2026-07-06T12:57:00,26.42,26.42,26.41,26.41,1000
2026-07-06T10:10:00.000Z,2026-07-06T13:10:00,26.45,26.48,26.25,26.48,20064
2026-07-06T10:24:00.000Z,2026-07-06T13:24:00,26.44,26.5,26.44,26.5,5000
2026-07-06T10:33:00.000Z,2026-07-06T13:33:00,26.49,26.5,26.49,26.5,660
2026-07-06T10:34:00.000Z,2026-07-06T13:34:00,26.5,26.5,26.5,26.5,500
2026-07-06T10:35:00.000Z,2026-07-06T13:35:00,26.5,26.5,26.5,26.5,1400
2026-07-06T10:37:00.000Z,2026-07-06T13:37:00,26.5,26.5,26.3,26.3,3431
2026-07-06T10:39:00.000Z,2026-07-06T13:39:00,26.49,26.49,26.49,26.49,2
2026-07-06T10:47:00.000Z,2026-07-06T13:47:00,26.32,26.32,26.32,26.32,1000
2026-07-06T10:50:00.000Z,2026-07-06T13:50:00,26.32,26.32,26.32,26.32,240
2026-07-06T10:51:00.000Z,2026-07-06T13:51:00,26.32,26.32,26.32,26.32,33
2026-07-06T10:52:00.000Z,2026-07-06T13:52:00,26.32,26.32,26.32,26.32,2500
2026-07-06T10:53:00.000Z,2026-07-06T13:53:00,26.3,26.3,26,26,20000
2026-07-06T10:55:00.000Z,2026-07-06T13:55:00,26.01,26.01,26,26,2220
2026-07-06T11:02:00.000Z,2026-07-06T14:02:00,26.13,26.13,26,26,20000
2026-07-06T11:06:00.000Z,2026-07-06T14:06:00,26.02,26.02,26.01,26.01,2000
2026-07-06T11:09:00.000Z,2026-07-06T14:09:00,26.03,26.25,26.03,26.25,484
2026-07-06T11:10:00.000Z,2026-07-06T14:10:00,26.25,26.25,26.25,26.25,38
2026-07-06T11:11:00.000Z,2026-07-06T14:11:00,26.25,26.25,26.25,26.25,485
2026-07-06T11:13:00.000Z,2026-07-06T14:13:00,26.03,26.25,26.03,26.03,626
2026-07-06T11:14:00.000Z,2026-07-06T14:14:00,26.12,26.3,26.12,26.3,1782
2026-07-06T11:15:00.000Z,2026-07-06T14:15:00,26.3,26.3,26.3,26.3,300
2026-07-07T07:00:00.000Z,2026-07-07T10:00:00,26.32,26.32,26.32,26.32,515
2026-07-07T07:01:00.000Z,2026-07-07T10:01:00,26.33,26.33,26.3,26.33,1500
2026-07-07T07:02:00.000Z,2026-07-07T10:02:00,26.33,26.33,26.33,26.33,100
2026-07-07T07:07:00.000Z,2026-07-07T10:07:00,26.33,26.33,26.33,26.33,358
2026-07-07T07:16:00.000Z,2026-07-07T10:16:00,26.4,26.4,26.4,26.4,500
2026-07-07T07:47:00.000Z,2026-07-07T10:47:00,26.17,26.17,26.17,26.17,10
2026-07-07T08:10:00.000Z,2026-07-07T11:10:00,26.2,26.2,26.2,26.2,140
2026-07-07T08:17:00.000Z,2026-07-07T11:17:00,26.4,26.44,26.4,26.44,1845
2026-07-07T08:23:00.000Z,2026-07-07T11:23:00,26.21,26.21,26.2,26.2,500
2026-07-07T08:24:00.000Z,2026-07-07T11:24:00,26.44,26.44,26.44,26.44,175
2026-07-07T08:53:00.000Z,2026-07-07T11:53:00,26.39,26.4,26.39,26.4,800
2026-07-07T08:58:00.000Z,2026-07-07T11:58:00,26.2,26.2,26.2,26.2,32
2026-07-07T09:00:00.000Z,2026-07-07T12:00:00,26.2,26.2,26.2,26.2,190
2026-07-07T09:03:00.000Z,2026-07-07T12:03:00,26.2,26.2,26.2,26.2,758
2026-07-07T09:07:00.000Z,2026-07-07T12:07:00,26.2,26.2,26.2,26.2,337
2026-07-07T09:08:00.000Z,2026-07-07T12:08:00,26.2,26.2,26.2,26.2,3293
2026-07-07T09:09:00.000Z,2026-07-07T12:09:00,26.18,26.18,26.16,26.16,707
2026-07-07T09:27:00.000Z,2026-07-07T12:27:00,26.39,26.4,26.39,26.4,3214
2026-07-07T09:28:00.000Z,2026-07-07T12:28:00,26.4,26.4,26.4,26.4,1000
2026-07-07T09:30:00.000Z,2026-07-07T12:30:00,26.4,26.4,26.4,26.4,100
2026-07-07T09:31:00.000Z,2026-07-07T12:31:00,26.4,26.4,26.4,26.4,686
2026-07-07T09:36:00.000Z,2026-07-07T12:36:00,26.21,26.21,26.21,26.21,11
2026-07-07T09:42:00.000Z,2026-07-07T12:42:00,26.37,26.37,26.37,26.37,3300
2026-07-07T09:44:00.000Z,2026-07-07T12:44:00,26.39,26.4,26.39,26.4,4594
2026-07-07T10:00:00.000Z,2026-07-07T13:00:00,26.43,26.43,26.43,26.43,5
2026-07-07T10:06:00.000Z,2026-07-07T13:06:00,26.42,26.42,26.42,26.42,5
2026-07-07T10:12:00.000Z,2026-07-07T13:12:00,26.42,26.42,26.42,26.42,5
2026-07-07T10:21:00.000Z,2026-07-07T13:21:00,26.21,26.4,26.21,26.4,2295
2026-07-07T10:29:00.000Z,2026-07-07T13:29:00,26.21,26.21,26.2,26.2,11111
2026-07-07T10:30:00.000Z,2026-07-07T13:30:00,26.2,26.2,26.2,26.2,8889
2026-07-07T10:32:00.000Z,2026-07-07T13:32:00,26.39,26.43,26.39,26.43,2590
2026-07-07T10:33:00.000Z,2026-07-07T13:33:00,26.42,26.42,26.42,26.42,5
2026-07-07T10:39:00.000Z,2026-07-07T13:39:00,26.4,26.4,26.4,26.4,1000
2026-07-07T10:44:00.000Z,2026-07-07T13:44:00,26.21,26.21,26.2,26.2,3600
2026-07-07T10:53:00.000Z,2026-07-07T13:53:00,26.4,26.4,26.4,26.4,2655
2026-07-07T10:58:00.000Z,2026-07-07T13:58:00,26.4,26.4,26.4,26.4,2740
2026-07-07T11:06:00.000Z,2026-07-07T14:06:00,26.4,26.4,26.21,26.21,996
2026-07-07T11:15:00.000Z,2026-07-07T14:15:00,26.21,26.21,26.21,26.21,40
2026-07-08T07:00:00.000Z,2026-07-08T10:00:00,26.16,26.16,26.16,26.16,4
2026-07-08T07:02:00.000Z,2026-07-08T10:02:00,26.43,26.43,26.43,26.43,5
2026-07-08T07:08:00.000Z,2026-07-08T10:08:00,26.42,26.44,26.42,26.44,6000
2026-07-08T07:18:00.000Z,2026-07-08T10:18:00,26.44,26.44,26.44,26.44,1
2026-07-08T07:50:00.000Z,2026-07-08T10:50:00,26.16,26.16,26,26,1321
2026-07-08T08:21:00.000Z,2026-07-08T11:21:00,26.1,26.1,26.1,26.1,2900
2026-07-08T08:57:00.000Z,2026-07-08T11:57:00,26.35,26.35,26.35,26.35,1
2026-07-08T08:58:00.000Z,2026-07-08T11:58:00,26.35,26.35,26.35,26.35,4
2026-07-08T09:10:00.000Z,2026-07-08T12:10:00,26.11,26.11,26.1,26.1,5000
2026-07-08T09:12:00.000Z,2026-07-08T12:12:00,26.1,26.1,26.1,26.1,995
2026-07-08T09:14:00.000Z,2026-07-08T12:14:00,26.1,26.1,26.05,26.05,2000
2026-07-08T09:17:00.000Z,2026-07-08T12:17:00,26.05,26.05,26,26,9650
2026-07-08T09:18:00.000Z,2026-07-08T12:18:00,26,26,26,26,1000
2026-07-08T09:28:00.000Z,2026-07-08T12:28:00,26.01,26.01,26.01,26.01,169
2026-07-08T10:16:00.000Z,2026-07-08T13:16:00,26.25,26.25,26.25,26.25,885
2026-07-08T10:20:00.000Z,2026-07-08T13:20:00,26.06,26.06,26.03,26.03,5000
2026-07-08T10:30:00.000Z,2026-07-08T13:30:00,26.03,26.03,26.01,26.01,3500
2026-07-08T10:32:00.000Z,2026-07-08T13:32:00,26.01,26.02,26.01,26.01,5259
2026-07-08T10:35:00.000Z,2026-07-08T13:35:00,26.01,26.01,26.01,26.01,2625
2026-07-08T10:36:00.000Z,2026-07-08T13:36:00,26.02,26.02,26.02,26.02,5000
2026-07-08T10:40:00.000Z,2026-07-08T13:40:00,26.03,26.03,26.03,26.03,1500
2026-07-08T10:41:00.000Z,2026-07-08T13:41:00,26.03,26.03,26.03,26.03,1295
2026-07-08T10:42:00.000Z,2026-07-08T13:42:00,26.03,26.03,26.03,26.03,200
2026-07-08T10:48:00.000Z,2026-07-08T13:48:00,26.04,26.04,26.04,26.04,500
2026-07-08T10:57:00.000Z,2026-07-08T13:57:00,26.05,26.05,26.05,26.05,5000
2026-07-08T10:59:00.000Z,2026-07-08T13:59:00,26.05,26.05,26.05,26.05,447
2026-07-08T11:02:00.000Z,2026-07-08T14:02:00,26.04,26.04,26.03,26.03,2500
2026-07-08T11:03:00.000Z,2026-07-08T14:03:00,26.05,26.05,26.05,26.05,53
2026-07-08T11:06:00.000Z,2026-07-08T14:06:00,26.05,26.05,26.03,26.03,10000
2026-07-08T11:10:00.000Z,2026-07-08T14:10:00,26.07,26.07,26.07,26.07,885
2026-07-08T11:14:00.000Z,2026-07-08T14:14:00,26.1,26.1,26.1,26.1,1000
2026-07-08T11:25:00.000Z,2026-07-08T14:25:00,26.04,26.04,26.04,26.04,143
2026-07-08T11:26:00.000Z,2026-07-08T14:26:00,26.04,26.04,26.04,26.04,1000
2026-07-09T07:00:00.000Z,2026-07-09T10:00:00,26.04,26.04,26.04,26.04,3766
2026-07-09T07:05:00.000Z,2026-07-09T10:05:00,26.05,26.05,26.05,26.05,1000
2026-07-09T07:07:00.000Z,2026-07-09T10:07:00,26.35,26.35,26.35,26.35,5
2026-07-09T07:10:00.000Z,2026-07-09T10:10:00,26.06,26.06,26.06,26.06,712
2026-07-09T07:13:00.000Z,2026-07-09T10:13:00,26.06,26.06,26.06,26.06,124
2026-07-09T07:16:00.000Z,2026-07-09T10:16:00,26.06,26.29,26.06,26.29,1287
2026-07-09T07:24:00.000Z,2026-07-09T10:24:00,26.29,26.29,26.29,26.29,13
2026-07-09T07:42:00.000Z,2026-07-09T10:42:00,26.25,26.29,26.25,26.29,3020
2026-07-09T07:55:00.000Z,2026-07-09T10:55:00,26.2,26.25,26.2,26.25,772
2026-07-09T07:59:00.000Z,2026-07-09T10:59:00,26.25,26.25,26.25,26.25,92
2026-07-09T08:04:00.000Z,2026-07-09T11:04:00,26.25,26.26,26.25,26.26,1174
2026-07-09T08:13:00.000Z,2026-07-09T11:13:00,26.29,26.29,26.29,26.29,12
2026-07-09T08:28:00.000Z,2026-07-09T11:28:00,26.29,26.29,26.29,26.29,589
2026-07-09T08:33:00.000Z,2026-07-09T11:33:00,26.29,26.29,26.26,26.26,114
2026-07-09T09:08:00.000Z,2026-07-09T12:08:00,26.26,26.26,26.26,26.26,1
2026-07-09T09:19:00.000Z,2026-07-09T12:19:00,26.26,26.26,26.19,26.19,1450
2026-07-09T09:25:00.000Z,2026-07-09T12:25:00,26.19,26.19,26.19,26.19,1000
2026-07-09T09:55:00.000Z,2026-07-09T12:55:00,26.29,26.4,26.29,26.4,2500
2026-07-09T10:01:00.000Z,2026-07-09T13:01:00,26.25,26.25,26.25,26.25,18
2026-07-09T10:25:00.000Z,2026-07-09T13:25:00,26.25,26.25,26.25,26.25,847
2026-07-09T10:44:00.000Z,2026-07-09T13:44:00,26.21,26.21,26.2,26.2,2500
2026-07-09T10:59:00.000Z,2026-07-09T13:59:00,26.21,26.21,26.2,26.2,2000
2026-07-09T11:01:00.000Z,2026-07-09T14:01:00,26.21,26.21,26.21,26.21,2000
2026-07-09T11:07:00.000Z,2026-07-09T14:07:00,26.21,26.21,26.2,26.2,1653
2026-07-09T11:13:00.000Z,2026-07-09T14:13:00,26.21,26.21,26.21,26.21,250
2026-07-12T07:27:00.000Z,2026-07-12T10:27:00,26.4,26.4,26.4,26.4,500
2026-07-12T07:29:00.000Z,2026-07-12T10:29:00,26.4,26.45,26.4,26.4,7700
2026-07-12T07:30:00.000Z,2026-07-12T10:30:00,26.4,26.45,26.4,26.45,792
2026-07-12T07:35:00.000Z,2026-07-12T10:35:00,26.45,26.45,26.45,26.45,1279
2026-07-12T07:46:00.000Z,2026-07-12T10:46:00,26.45,26.45,26.45,26.45,155
2026-07-12T07:59:00.000Z,2026-07-12T10:59:00,26.46,26.46,26.46,26.46,500
2026-07-12T08:20:00.000Z,2026-07-12T11:20:00,26.58,26.58,26.5,26.5,1006
2026-07-12T08:21:00.000Z,2026-07-12T11:21:00,26.51,26.94,26.51,26.94,1075
2026-07-12T08:35:00.000Z,2026-07-12T11:35:00,26.65,26.65,26.65,26.65,500
2026-07-12T08:54:00.000Z,2026-07-12T11:54:00,26.52,26.52,26.52,26.52,200
2026-07-12T09:05:00.000Z,2026-07-12T12:05:00,26.52,26.52,26.52,26.52,816
2026-07-12T09:21:00.000Z,2026-07-12T12:21:00,26.53,26.53,26.53,26.53,500
2026-07-12T09:31:00.000Z,2026-07-12T12:31:00,26.55,26.55,26.55,26.55,1000
2026-07-12T09:37:00.000Z,2026-07-12T12:37:00,26.56,26.56,26.56,26.56,961
2026-07-12T09:41:00.000Z,2026-07-12T12:41:00,26.6,26.6,26.51,26.51,740
2026-07-12T09:42:00.000Z,2026-07-12T12:42:00,26.51,26.51,26.51,26.51,167
2026-07-12T09:50:00.000Z,2026-07-12T12:50:00,26.51,26.51,26.51,26.51,5
2026-07-12T09:55:00.000Z,2026-07-12T12:55:00,26.51,26.51,26.51,26.51,609
2026-07-12T10:07:00.000Z,2026-07-12T13:07:00,26.51,26.51,26.4,26.4,1000
2026-07-12T10:15:00.000Z,2026-07-12T13:15:00,26.4,26.4,26.4,26.4,1990
2026-07-12T10:35:00.000Z,2026-07-12T13:35:00,26.4,26.4,26.4,26.4,1
2026-07-12T10:47:00.000Z,2026-07-12T13:47:00,26.26,26.26,26.25,26.25,5000
2026-07-12T10:49:00.000Z,2026-07-12T13:49:00,26.25,26.25,26.25,26.25,100
2026-07-12T10:52:00.000Z,2026-07-12T13:52:00,26.26,26.26,26.25,26.25,2500
2026-07-12T10:54:00.000Z,2026-07-12T13:54:00,26.25,26.25,26.25,26.25,2400
2026-07-12T10:57:00.000Z,2026-07-12T13:57:00,26.25,26.25,26.25,26.25,150
2026-07-12T11:03:00.000Z,2026-07-12T14:03:00,26.32,26.32,26.32,26.32,100
2026-07-12T11:07:00.000Z,2026-07-12T14:07:00,26.3,26.3,26.3,26.3,3000
2026-07-12T11:09:00.000Z,2026-07-12T14:09:00,26.3,26.3,26.27,26.27,4991
2026-07-13T07:00:00.000Z,2026-07-13T10:00:00,26.27,26.27,26.27,26.27,5
2026-07-13T07:03:00.000Z,2026-07-13T10:03:00,26.27,26.27,26.27,26.27,5
2026-07-13T07:11:00.000Z,2026-07-13T10:11:00,26.29,26.29,26.27,26.27,2000
2026-07-13T07:32:00.000Z,2026-07-13T10:32:00,26.25,26.25,26.13,26.13,1090
2026-07-13T07:50:00.000Z,2026-07-13T10:50:00,26.15,26.15,26.15,26.15,500
2026-07-13T08:45:00.000Z,2026-07-13T11:45:00,26.38,26.38,26.38,26.38,2000
2026-07-13T08:46:00.000Z,2026-07-13T11:46:00,26.39,26.39,26.39,26.39,500
2026-07-13T09:10:00.000Z,2026-07-13T12:10:00,26.3,26.3,26.3,26.3,3
2026-07-13T09:30:00.000Z,2026-07-13T12:30:00,26.3,26.3,26.3,26.3,760
2026-07-13T09:33:00.000Z,2026-07-13T12:33:00,26.3,26.3,26.3,26.3,3408
2026-07-13T09:35:00.000Z,2026-07-13T12:35:00,26.3,26.3,26.28,26.28,2000
2026-07-13T09:39:00.000Z,2026-07-13T12:39:00,26.38,26.38,26.38,26.38,1000
2026-07-13T10:30:00.000Z,2026-07-13T13:30:00,26.28,26.28,26.28,26.28,150
2026-07-13T10:48:00.000Z,2026-07-13T13:48:00,26.39,26.39,26.39,26.39,1
2026-07-13T10:52:00.000Z,2026-07-13T13:52:00,26.3,26.3,26.3,26.3,865
2026-07-13T11:01:00.000Z,2026-07-13T14:01:00,26.3,26.3,26.3,26.3,1550
2026-07-13T11:08:00.000Z,2026-07-13T14:08:00,26.3,26.3,26.3,26.3,1000
2026-07-13T11:14:00.000Z,2026-07-13T14:14:00,26.3,26.3,26.3,26.3,1500
2026-07-13T11:26:00.000Z,2026-07-13T14:26:00,26.31,26.31,26.31,26.31,600
2026-07-14T07:05:00.000Z,2026-07-14T10:05:00,26.5,26.5,26.5,26.5,1
2026-07-14T07:06:00.000Z,2026-07-14T10:06:00,26.1,26.1,26.1,26.1,32
2026-07-14T07:10:00.000Z,2026-07-14T10:10:00,26.11,26.11,26.1,26.1,5000
2026-07-14T07:20:00.000Z,2026-07-14T10:20:00,26.49,26.49,26.11,26.11,21
2026-07-14T07:48:00.000Z,2026-07-14T10:48:00,26.4,26.4,26.4,26.4,100
2026-07-14T07:49:00.000Z,2026-07-14T10:49:00,26.4,26.4,26.4,26.4,100
2026-07-14T08:01:00.000Z,2026-07-14T11:01:00,26.2,26.2,26.2,26.2,966
2026-07-14T08:26:00.000Z,2026-07-14T11:26:00,26.39,26.39,26.39,26.39,2
2026-07-14T08:36:00.000Z,2026-07-14T11:36:00,26.22,26.22,26.22,26.22,105
2026-07-14T08:58:00.000Z,2026-07-14T11:58:00,26.22,26.22,26.22,26.22,17
2026-07-14T09:02:00.000Z,2026-07-14T12:02:00,26.22,26.22,26.22,26.22,373
2026-07-14T09:26:00.000Z,2026-07-14T12:26:00,26.21,26.21,26.21,26.21,200
2026-07-14T09:30:00.000Z,2026-07-14T12:30:00,26.21,26.21,26.21,26.21,500
2026-07-14T09:32:00.000Z,2026-07-14T12:32:00,26.21,26.21,26.21,26.21,300
2026-07-14T09:34:00.000Z,2026-07-14T12:34:00,26.21,26.21,26.1,26.1,15000
2026-07-14T10:02:00.000Z,2026-07-14T13:02:00,26.22,26.22,26.22,26.22,10
2026-07-14T10:08:00.000Z,2026-07-14T13:08:00,26.22,26.35,26.22,26.35,860
2026-07-14T10:13:00.000Z,2026-07-14T13:13:00,26.2,26.2,26.15,26.15,5518
2026-07-14T10:34:00.000Z,2026-07-14T13:34:00,26.2,26.2,26.15,26.15,8115
2026-07-14T10:48:00.000Z,2026-07-14T13:48:00,26.2,26.2,26.2,26.2,5000
2026-07-14T10:49:00.000Z,2026-07-14T13:49:00,26.33,26.33,26.33,26.33,2
2026-07-14T10:53:00.000Z,2026-07-14T13:53:00,26.33,26.33,26.33,26.33,2
2026-07-14T10:54:00.000Z,2026-07-14T13:54:00,26.33,26.33,26.33,26.33,10
2026-07-14T11:00:00.000Z,2026-07-14T14:00:00,26.2,26.2,26.2,26.2,5000
2026-07-14T11:03:00.000Z,2026-07-14T14:03:00,26.2,26.2,26.2,26.2,360
2026-07-14T11:07:00.000Z,2026-07-14T14:07:00,26.22,26.22,26.22,26.22,500
2026-07-14T11:12:00.000Z,2026-07-14T14:12:00,26.22,26.22,26.2,26.2,4940
2026-07-14T11:13:00.000Z,2026-07-14T14:13:00,26.2,26.2,26.2,26.2,50
2026-07-14T11:27:00.000Z,2026-07-14T14:27:00,26.2,26.2,26.2,26.2,3950
2026-07-15T07:01:00.000Z,2026-07-15T10:01:00,26.21,26.21,26.21,26.21,12
2026-07-15T07:11:00.000Z,2026-07-15T10:11:00,26.44,26.44,26.44,26.44,200
2026-07-15T07:53:00.000Z,2026-07-15T10:53:00,26.2,26.2,26.2,26.2,1280
2026-07-15T08:05:00.000Z,2026-07-15T11:05:00,26.3,26.3,26.3,26.3,10
2026-07-15T08:26:00.000Z,2026-07-15T11:26:00,26.4,26.4,26.4,26.4,1
2026-07-15T08:29:00.000Z,2026-07-15T11:29:00,26.4,26.4,26.4,26.4,491
2026-07-15T08:50:00.000Z,2026-07-15T11:50:00,26.25,26.25,26.25,26.25,4879
2026-07-15T08:56:00.000Z,2026-07-15T11:56:00,26.23,26.23,26.23,26.23,121
2026-07-15T09:27:00.000Z,2026-07-15T12:27:00,26.25,26.25,26.25,26.25,1
2026-07-15T10:17:00.000Z,2026-07-15T13:17:00,26.25,26.25,26.25,26.25,1500
2026-07-15T10:31:00.000Z,2026-07-15T13:31:00,26.25,26.25,26.2,26.2,4078
2026-07-15T10:34:00.000Z,2026-07-15T13:34:00,26.2,26.2,26.2,26.2,7922
2026-07-15T10:36:00.000Z,2026-07-15T13:36:00,26.2,26.2,26.2,26.2,3000
2026-07-15T10:43:00.000Z,2026-07-15T13:43:00,26.25,26.25,26.25,26.25,20
2026-07-15T10:51:00.000Z,2026-07-15T13:51:00,26.25,26.25,26.25,26.25,3980
2026-07-15T11:00:00.000Z,2026-07-15T14:00:00,26.2,26.2,26.2,26.2,250
2026-07-15T11:05:00.000Z,2026-07-15T14:05:00,26.25,26.25,26.25,26.25,2220
2026-07-15T11:07:00.000Z,2026-07-15T14:07:00,26.25,26.25,26.25,26.25,2780
2026-07-15T11:13:00.000Z,2026-07-15T14:13:00,26.2,26.2,26.2,26.2,1000
2026-07-15T11:14:00.000Z,2026-07-15T14:14:00,26.2,26.2,26.2,26.2,1200
2026-07-16T07:02:00.000Z,2026-07-16T10:02:00,26.12,26.12,26.12,26.12,137
2026-07-16T07:13:00.000Z,2026-07-16T10:13:00,26.78,26.78,26.78,26.78,76
2026-07-16T07:24:00.000Z,2026-07-16T10:24:00,26.2,26.2,26.2,26.2,500
2026-07-16T07:30:00.000Z,2026-07-16T10:30:00,26.2,26.2,26.2,26.2,4500
2026-07-16T07:37:00.000Z,2026-07-16T10:37:00,26.2,26.7,26.2,26.7,805
2026-07-16T07:42:00.000Z,2026-07-16T10:42:00,26.2,26.2,26.2,26.2,2873
2026-07-16T08:07:00.000Z,2026-07-16T11:07:00,26.25,26.25,26.25,26.25,2000
2026-07-16T08:09:00.000Z,2026-07-16T11:09:00,26.6,26.6,26.6,26.6,500
2026-07-16T08:10:00.000Z,2026-07-16T11:10:00,26.6,26.65,26.6,26.65,1976
2026-07-16T08:11:00.000Z,2026-07-16T11:11:00,26.65,26.7,26.65,26.7,5000
2026-07-16T08:12:00.000Z,2026-07-16T11:12:00,26.7,26.88,26.7,26.88,10046
2026-07-16T08:13:00.000Z,2026-07-16T11:13:00,26.88,27.39,26.88,27.39,9134
2026-07-16T08:14:00.000Z,2026-07-16T11:14:00,27.3,27.47,27.3,27.47,10393
2026-07-16T08:15:00.000Z,2026-07-16T11:15:00,27.46,28.5,27.46,28,36288
2026-07-16T08:16:00.000Z,2026-07-16T11:16:00,28,28,27.16,27.5,13746
2026-07-16T08:17:00.000Z,2026-07-16T11:17:00,27.8,28,27.79,28,15447
2026-07-16T08:18:00.000Z,2026-07-16T11:18:00,28.16,28.2,28,28,35368
2026-07-16T08:19:00.000Z,2026-07-16T11:19:00,28,28.1,28,28,5710
2026-07-16T08:20:00.000Z,2026-07-16T11:20:00,28.09,28.09,28,28,5316
2026-07-16T08:22:00.000Z,2026-07-16T11:22:00,27.9,27.9,27.51,27.51,1503
2026-07-16T08:23:00.000Z,2026-07-16T11:23:00,27.5,27.5,27.21,27.21,4689
2026-07-16T08:24:00.000Z,2026-07-16T11:24:00,27.3,27.3,27.21,27.3,8955
2026-07-16T08:25:00.000Z,2026-07-16T11:25:00,27.74,28,27.5,28,11166
2026-07-16T08:26:00.000Z,2026-07-16T11:26:00,27.8,27.8,27.8,27.8,1142
2026-07-16T08:27:00.000Z,2026-07-16T11:27:00,27.8,27.8,27.8,27.8,115
2026-07-16T08:28:00.000Z,2026-07-16T11:28:00,27.5,27.5,27.39,27.5,8744
2026-07-16T08:29:00.000Z,2026-07-16T11:29:00,27.51,28,27.39,28,8253
2026-07-16T08:30:00.000Z,2026-07-16T11:30:00,28,28.5,27.6,28.5,21899
2026-07-16T08:31:00.000Z,2026-07-16T11:31:00,28.48,28.9,28.48,28.86,37251
2026-07-16T08:41:00.000Z,2026-07-16T11:41:00,28.9,29,28.9,29,56528
2026-07-16T08:42:00.000Z,2026-07-16T11:42:00,28.95,30.94,28.11,30.5,202736
2026-07-16T08:43:00.000Z,2026-07-16T11:43:00,30,30.22,29.9,30,126690
2026-07-16T08:44:00.000Z,2026-07-16T11:44:00,30,30.4,30,30,59292
2026-07-16T08:45:00.000Z,2026-07-16T11:45:00,30.19,30.8,30.19,30.8,47836
2026-07-16T08:46:00.000Z,2026-07-16T11:46:00,30.69,31.3,30.55,30.99,97567
2026-07-16T08:47:00.000Z,2026-07-16T11:47:00,30.99,30.99,30.55,30.55,21974
2026-07-16T08:48:00.000Z,2026-07-16T11:48:00,30.51,30.55,30.19,30.19,8812
2026-07-16T08:49:00.000Z,2026-07-16T11:49:00,30.19,30.2,30.01,30.01,44066
2026-07-16T08:50:00.000Z,2026-07-16T11:50:00,30.01,30.01,29.5,29.5,36528
2026-07-16T08:51:00.000Z,2026-07-16T11:51:00,29.48,29.5,29.25,29.49,7850
2026-07-16T08:52:00.000Z,2026-07-16T11:52:00,29.45,29.49,29.27,29.4,13049
2026-07-16T08:53:00.000Z,2026-07-16T11:53:00,29.4,29.9,29.25,29.9,16641
2026-07-16T08:54:00.000Z,2026-07-16T11:54:00,29.9,30.45,29.9,30.45,25539
2026-07-16T08:55:00.000Z,2026-07-16T11:55:00,30.44,30.5,30.02,30.49,26990
2026-07-16T08:56:00.000Z,2026-07-16T11:56:00,30.49,30.8,30.45,30.8,15552
2026-07-16T08:57:00.000Z,2026-07-16T11:57:00,30.8,30.98,30.7,30.95,13367
2026-07-16T08:58:00.000Z,2026-07-16T11:58:00,30.93,30.93,30,30.52,34677
2026-07-16T08:59:00.000Z,2026-07-16T11:59:00,30.52,30.52,30,30.52,11235
2026-07-16T09:00:00.000Z,2026-07-16T12:00:00,30.5,30.6,30.5,30.5,11030
2026-07-16T09:01:00.000Z,2026-07-16T12:01:00,30.31,30.48,30.02,30.47,11334
2026-07-16T09:02:00.000Z,2026-07-16T12:02:00,30.2,30.2,30.2,30.2,1184
2026-07-16T09:03:00.000Z,2026-07-16T12:03:00,30.2,30.43,30.2,30.21,2190
2026-07-16T09:04:00.000Z,2026-07-16T12:04:00,30.19,30.4,30.19,30.4,4559
2026-07-16T09:05:00.000Z,2026-07-16T12:05:00,30.3,30.3,30.07,30.3,1589
2026-07-16T09:06:00.000Z,2026-07-16T12:06:00,30.09,30.09,30.09,30.09,100
2026-07-16T09:07:00.000Z,2026-07-16T12:07:00,30.28,30.28,30.09,30.09,2304
2026-07-16T09:08:00.000Z,2026-07-16T12:08:00,30.2,30.2,30.1,30.15,1380
2026-07-16T09:09:00.000Z,2026-07-16T12:09:00,30.13,30.15,30.02,30.02,19718
2026-07-16T09:10:00.000Z,2026-07-16T12:10:00,30.15,30.15,30.03,30.14,400
2026-07-16T09:11:00.000Z,2026-07-16T12:11:00,30.05,30.05,30.01,30.01,3436
2026-07-16T09:12:00.000Z,2026-07-16T12:12:00,30.05,30.1,30,30.09,17725
2026-07-16T09:14:00.000Z,2026-07-16T12:14:00,30.05,30.05,30.05,30.05,162
2026-07-16T09:15:00.000Z,2026-07-16T12:15:00,30.01,30.04,30.01,30.04,2188
2026-07-16T09:16:00.000Z,2026-07-16T12:16:00,30,30,29.7,29.7,21755
2026-07-16T09:17:00.000Z,2026-07-16T12:17:00,29.7,29.7,29.51,29.51,4848
2026-07-16T09:18:00.000Z,2026-07-16T12:18:00,29.51,29.7,29.51,29.6,4367
2026-07-16T09:19:00.000Z,2026-07-16T12:19:00,29.6,29.6,29.51,29.52,2280
2026-07-16T09:20:00.000Z,2026-07-16T12:20:00,29.7,29.7,29.7,29.7,386
2026-07-16T09:21:00.000Z,2026-07-16T12:21:00,29.7,29.7,29.6,29.6,1570
2026-07-16T09:22:00.000Z,2026-07-16T12:22:00,29.7,29.9,29.54,29.54,3524
2026-07-16T09:23:00.000Z,2026-07-16T12:23:00,29.88,29.88,29.88,29.88,500
2026-07-16T09:24:00.000Z,2026-07-16T12:24:00,29.88,29.88,29.62,29.62,3420
2026-07-16T09:25:00.000Z,2026-07-16T12:25:00,29.89,29.89,29.63,29.87,3933
2026-07-16T09:27:00.000Z,2026-07-16T12:27:00,29.64,29.7,29.64,29.64,410
2026-07-16T09:28:00.000Z,2026-07-16T12:28:00,29.63,29.63,29.54,29.54,10214
2026-07-16T09:29:00.000Z,2026-07-16T12:29:00,29.7,29.7,28.42,29.5,50968
2026-07-16T09:30:00.000Z,2026-07-16T12:30:00,29.5,29.5,29.45,29.45,940
2026-07-16T09:31:00.000Z,2026-07-16T12:31:00,29.35,29.4,29,29,4494
2026-07-16T09:32:00.000Z,2026-07-16T12:32:00,29,29.29,28.81,29.29,4777
2026-07-16T09:33:00.000Z,2026-07-16T12:33:00,29.28,29.68,29.28,29.68,4918
2026-07-16T09:34:00.000Z,2026-07-16T12:34:00,29.68,30,29.66,29.66,24116
2026-07-16T09:35:00.000Z,2026-07-16T12:35:00,29.66,29.66,29.5,29.5,1442
2026-07-16T09:36:00.000Z,2026-07-16T12:36:00,29.4,29.5,29.3,29.3,2537
2026-07-16T09:38:00.000Z,2026-07-16T12:38:00,29.45,29.65,29.43,29.65,8509
2026-07-16T09:39:00.000Z,2026-07-16T12:39:00,29.45,29.65,29.45,29.65,1276
2026-07-16T09:40:00.000Z,2026-07-16T12:40:00,29.9,29.9,29.9,29.9,23
2026-07-16T09:41:00.000Z,2026-07-16T12:41:00,29.9,29.92,29.9,29.9,1855
2026-07-16T09:42:00.000Z,2026-07-16T12:42:00,29.8,29.85,29.7,29.7,3720
2026-07-16T09:43:00.000Z,2026-07-16T12:43:00,29.7,29.8,29.7,29.7,13388
2026-07-16T09:44:00.000Z,2026-07-16T12:44:00,29.7,29.7,29.67,29.67,1677
2026-07-16T09:45:00.000Z,2026-07-16T12:45:00,29.66,29.66,29.66,29.66,1437
2026-07-16T09:46:00.000Z,2026-07-16T12:46:00,29.6,29.6,29.6,29.6,86
2026-07-16T09:47:00.000Z,2026-07-16T12:47:00,29.51,29.58,29.51,29.51,2447
2026-07-16T09:48:00.000Z,2026-07-16T12:48:00,29.51,29.51,29.21,29.21,2145
2026-07-16T09:49:00.000Z,2026-07-16T12:49:00,29.21,29.47,29.21,29.21,1511
2026-07-16T09:50:00.000Z,2026-07-16T12:50:00,29.21,29.21,29.21,29.21,1396
2026-07-16T09:51:00.000Z,2026-07-16T12:51:00,29.21,29.21,29.01,29.01,12766
2026-07-16T09:53:00.000Z,2026-07-16T12:53:00,29.3,29.3,29,29.01,19199
2026-07-16T09:54:00.000Z,2026-07-16T12:54:00,29.03,29.03,29.03,29.03,500
2026-07-16T09:55:00.000Z,2026-07-16T12:55:00,29.11,29.33,29.11,29.33,3956
2026-07-16T09:57:00.000Z,2026-07-16T12:57:00,29.29,29.29,29,29,31877
2026-07-16T09:58:00.000Z,2026-07-16T12:58:00,29.01,29.01,29,29,2822
2026-07-16T09:59:00.000Z,2026-07-16T12:59:00,29.01,29.29,29.01,29.29,553
2026-07-16T10:01:00.000Z,2026-07-16T13:01:00,29.28,29.28,29.28,29.28,400
2026-07-16T10:02:00.000Z,2026-07-16T13:02:00,29.25,29.28,29.25,29.28,3461
2026-07-16T10:03:00.000Z,2026-07-16T13:03:00,29.2,29.2,29.01,29.01,1850
2026-07-16T10:04:00.000Z,2026-07-16T13:04:00,29.17,29.17,29,29,6287
2026-07-16T10:05:00.000Z,2026-07-16T13:05:00,29,29,28.9,29,5957
2026-07-16T10:06:00.000Z,2026-07-16T13:06:00,29,29,29,29,1050
2026-07-16T10:07:00.000Z,2026-07-16T13:07:00,29,29,28.71,28.71,3989
2026-07-16T10:08:00.000Z,2026-07-16T13:08:00,28.97,28.97,28.71,28.71,174
2026-07-16T10:09:00.000Z,2026-07-16T13:09:00,28.71,28.71,28.71,28.71,1814
2026-07-16T10:10:00.000Z,2026-07-16T13:10:00,28.8,28.8,28.8,28.8,305
2026-07-16T10:11:00.000Z,2026-07-16T13:11:00,28.75,28.8,28.75,28.8,8000
2026-07-16T10:12:00.000Z,2026-07-16T13:12:00,28.71,28.71,28.71,28.71,29
2026-07-16T10:13:00.000Z,2026-07-16T13:13:00,28.71,28.71,28.7,28.7,4493
2026-07-16T10:14:00.000Z,2026-07-16T13:14:00,28.68,28.71,28.68,28.71,3848
2026-07-16T10:15:00.000Z,2026-07-16T13:15:00,28.69,28.69,28.6,28.6,2615
2026-07-16T10:16:00.000Z,2026-07-16T13:16:00,28.55,28.69,28.3,28.69,12052
2026-07-16T10:17:00.000Z,2026-07-16T13:17:00,28.69,28.69,28.69,28.69,3105
2026-07-16T10:18:00.000Z,2026-07-16T13:18:00,28.68,28.68,28.68,28.68,172
2026-07-16T10:19:00.000Z,2026-07-16T13:19:00,28.65,28.69,28.65,28.69,6187
2026-07-16T10:20:00.000Z,2026-07-16T13:20:00,28.78,28.8,28.68,28.68,8481
2026-07-16T10:21:00.000Z,2026-07-16T13:21:00,28.68,28.68,28.65,28.65,3014
2026-07-16T10:24:00.000Z,2026-07-16T13:24:00,28.45,28.45,28.3,28.3,15000
2026-07-16T10:25:00.000Z,2026-07-16T13:25:00,28.37,28.37,28.31,28.33,9584
2026-07-16T10:27:00.000Z,2026-07-16T13:27:00,28.31,28.31,28.28,28.28,7000
2026-07-16T10:28:00.000Z,2026-07-16T13:28:00,28.28,28.28,28.07,28.07,12439
2026-07-16T10:30:00.000Z,2026-07-16T13:30:00,28.33,28.58,28.33,28.57,500
2026-07-16T10:31:00.000Z,2026-07-16T13:31:00,28.33,28.33,28.33,28.33,22
2026-07-16T10:33:00.000Z,2026-07-16T13:33:00,28.21,28.21,28.2,28.2,4586
2026-07-16T10:34:00.000Z,2026-07-16T13:34:00,28.2,28.2,28.2,28.2,2414
2026-07-16T10:35:00.000Z,2026-07-16T13:35:00,28.17,28.2,28.16,28.16,5346
2026-07-16T10:36:00.000Z,2026-07-16T13:36:00,28.33,28.33,28.33,28.33,1432
2026-07-16T10:37:00.000Z,2026-07-16T13:37:00,28.2,28.33,28.18,28.33,11106
2026-07-16T10:38:00.000Z,2026-07-16T13:38:00,28.35,28.35,28.35,28.35,50
2026-07-16T10:39:00.000Z,2026-07-16T13:39:00,28.33,28.33,28.33,28.33,6900
2026-07-16T10:40:00.000Z,2026-07-16T13:40:00,28.22,28.22,28.22,28.22,5950
2026-07-16T10:41:00.000Z,2026-07-16T13:41:00,28.22,28.22,28.2,28.2,4866
2026-07-16T10:42:00.000Z,2026-07-16T13:42:00,28.33,28.35,28.2,28.2,1438
2026-07-16T10:46:00.000Z,2026-07-16T13:46:00,28.22,28.22,28.22,28.22,966
2026-07-16T10:47:00.000Z,2026-07-16T13:47:00,28.25,28.25,28.2,28.2,2544
2026-07-16T10:48:00.000Z,2026-07-16T13:48:00,28.2,28.2,28.17,28.17,16536
2026-07-16T10:49:00.000Z,2026-07-16T13:49:00,28.17,28.17,28.1,28.1,4009
2026-07-16T10:50:00.000Z,2026-07-16T13:50:00,28.1,28.17,28.1,28.1,2670
2026-07-16T10:51:00.000Z,2026-07-16T13:51:00,28.08,28.08,28.06,28.06,1655
2026-07-16T10:52:00.000Z,2026-07-16T13:52:00,28.06,28.06,28,28,20783
2026-07-16T10:53:00.000Z,2026-07-16T13:53:00,28.01,28.01,28,28,12866
2026-07-16T10:54:00.000Z,2026-07-16T13:54:00,28,28.1,28,28,5086
2026-07-16T10:55:00.000Z,2026-07-16T13:55:00,28,28,28,28,15291
2026-07-16T10:56:00.000Z,2026-07-16T13:56:00,28,28.01,28,28,3746
2026-07-16T10:57:00.000Z,2026-07-16T13:57:00,28.17,28.17,28.17,28.17,90
2026-07-16T10:58:00.000Z,2026-07-16T13:58:00,28.15,28.15,28,28,10000
2026-07-16T10:59:00.000Z,2026-07-16T13:59:00,28.01,28.01,28,28,3012
2026-07-16T11:00:00.000Z,2026-07-16T14:00:00,28,28.16,28,28.16,13305
2026-07-16T11:01:00.000Z,2026-07-16T14:01:00,28.16,28.16,28,28,17952
2026-07-16T11:02:00.000Z,2026-07-16T14:02:00,28,28.17,28,28,19874
2026-07-16T11:04:00.000Z,2026-07-16T14:04:00,28,28.24,28,28.01,3571
2026-07-16T11:05:00.000Z,2026-07-16T14:05:00,28.01,28.01,28,28,8367
2026-07-16T11:06:00.000Z,2026-07-16T14:06:00,28.1,28.1,28.1,28.1,2000
2026-07-16T11:08:00.000Z,2026-07-16T14:08:00,28,28,28,28,2405
2026-07-16T11:09:00.000Z,2026-07-16T14:09:00,28,28.15,28,28,2864
2026-07-16T11:13:00.000Z,2026-07-16T14:13:00,28.05,28.05,28.05,28.05,2000
2026-07-16T11:14:00.000Z,2026-07-16T14:14:00,28.05,28.15,28.05,28.05,3850
2026-07-16T11:25:00.000Z,2026-07-16T14:25:00,28.06,28.06,28.06,28.06,14200
2026-07-16T11:26:00.000Z,2026-07-16T14:26:00,28.06,28.06,28.06,28.06,100
2026-07-19T07:00:00.000Z,2026-07-19T10:00:00,28.6,28.7,28.6,28.7,5073
2026-07-19T07:01:00.000Z,2026-07-19T10:01:00,28.7,29,28.6,29,23796
2026-07-19T07:02:00.000Z,2026-07-19T10:02:00,29,29.75,29,29.5,42321
2026-07-19T07:03:00.000Z,2026-07-19T10:03:00,29.5,29.5,29.45,29.45,10330
2026-07-19T07:04:00.000Z,2026-07-19T10:04:00,29.32,29.4,29.12,29.2,15720
2026-07-19T07:05:00.000Z,2026-07-19T10:05:00,29.2,29.39,29.12,29.35,17113
2026-07-19T07:06:00.000Z,2026-07-19T10:06:00,29.13,29.33,29.13,29.2,5953
2026-07-19T07:07:00.000Z,2026-07-19T10:07:00,29.15,29.15,29.13,29.13,4145
2026-07-19T07:08:00.000Z,2026-07-19T10:08:00,29.13,29.15,29.09,29.09,15206
2026-07-19T07:09:00.000Z,2026-07-19T10:09:00,29.09,29.09,29,29,3353
2026-07-19T07:10:00.000Z,2026-07-19T10:10:00,29,29,29,29,4000
2026-07-19T07:11:00.000Z,2026-07-19T10:11:00,28.82,28.82,28.82,28.82,1000
2026-07-19T07:12:00.000Z,2026-07-19T10:12:00,28.82,28.82,28.8,28.8,3979
2026-07-19T07:13:00.000Z,2026-07-19T10:13:00,28.8,28.8,28.3,28.33,7309
2026-07-19T07:14:00.000Z,2026-07-19T10:14:00,28.33,28.33,28.33,28.33,9081
2026-07-19T07:15:00.000Z,2026-07-19T10:15:00,28.34,28.34,28.34,28.34,1
2026-07-19T07:16:00.000Z,2026-07-19T10:16:00,28.5,28.5,28.5,28.5,999
2026-07-19T07:17:00.000Z,2026-07-19T10:17:00,28.5,28.5,28.5,28.5,1
2026-07-19T07:19:00.000Z,2026-07-19T10:19:00,28.51,28.8,28.5,28.5,11750
2026-07-19T07:20:00.000Z,2026-07-19T10:20:00,28.5,28.5,28.42,28.42,8080
2026-07-19T07:22:00.000Z,2026-07-19T10:22:00,28.52,28.69,28.52,28.69,800
2026-07-19T07:23:00.000Z,2026-07-19T10:23:00,28.74,28.75,28.53,28.75,3460
2026-07-19T07:24:00.000Z,2026-07-19T10:24:00,28.54,28.54,28.54,28.54,38
2026-07-19T07:25:00.000Z,2026-07-19T10:25:00,28.6,28.6,28.6,28.6,5815
2026-07-19T07:26:00.000Z,2026-07-19T10:26:00,28.6,28.6,28.51,28.51,1558
2026-07-19T07:27:00.000Z,2026-07-19T10:27:00,28.53,28.7,28.53,28.7,11
2026-07-19T07:28:00.000Z,2026-07-19T10:28:00,28.68,28.68,28.68,28.68,20
2026-07-19T07:29:00.000Z,2026-07-19T10:29:00,28.54,28.54,28.54,28.54,1200
2026-07-19T07:30:00.000Z,2026-07-19T10:30:00,28.54,28.54,28.53,28.53,2772
2026-07-19T07:31:00.000Z,2026-07-19T10:31:00,28.53,28.53,28.51,28.51,78
2026-07-19T07:32:00.000Z,2026-07-19T10:32:00,28.42,28.43,28.41,28.41,2327
2026-07-19T07:35:00.000Z,2026-07-19T10:35:00,28.54,28.54,28.54,28.54,1100
2026-07-19T07:37:00.000Z,2026-07-19T10:37:00,28.54,28.54,28.41,28.41,4085
2026-07-19T07:38:00.000Z,2026-07-19T10:38:00,28.41,28.41,28.4,28.4,1931
2026-07-19T07:39:00.000Z,2026-07-19T10:39:00,28.38,28.39,28.21,28.39,9580
2026-07-19T07:41:00.000Z,2026-07-19T10:41:00,28.37,28.39,28.37,28.37,305
2026-07-19T07:42:00.000Z,2026-07-19T10:42:00,28.21,28.21,28.21,28.21,435
2026-07-19T07:43:00.000Z,2026-07-19T10:43:00,28.2,28.34,28.2,28.34,676
2026-07-19T07:44:00.000Z,2026-07-19T10:44:00,28.34,28.34,28.34,28.34,17
2026-07-19T07:45:00.000Z,2026-07-19T10:45:00,28.2,28.2,28,28,9432
2026-07-19T07:46:00.000Z,2026-07-19T10:46:00,28,28,27.91,28,10161
2026-07-19T07:47:00.000Z,2026-07-19T10:47:00,28,28,27.77,27.77,10311
2026-07-19T07:48:00.000Z,2026-07-19T10:48:00,27.77,27.77,27.77,27.77,1109
2026-07-19T07:50:00.000Z,2026-07-19T10:50:00,27.98,28,27.98,28,3111
2026-07-19T07:51:00.000Z,2026-07-19T10:51:00,28.02,28.02,27.72,27.72,16013
2026-07-19T07:52:00.000Z,2026-07-19T10:52:00,27.72,27.72,27.7,27.7,9893
2026-07-19T07:53:00.000Z,2026-07-19T10:53:00,27.7,27.7,27.62,27.7,5443
2026-07-19T07:54:00.000Z,2026-07-19T10:54:00,27.7,27.7,27.7,27.7,497
2026-07-19T07:55:00.000Z,2026-07-19T10:55:00,27.7,27.7,27.7,27.7,228
2026-07-19T07:56:00.000Z,2026-07-19T10:56:00,28,28,27.6,27.6,3020
2026-07-19T07:57:00.000Z,2026-07-19T10:57:00,27.71,27.71,27.71,27.71,1022
2026-07-19T07:59:00.000Z,2026-07-19T10:59:00,27.63,27.63,27.6,27.6,8287
2026-07-19T08:00:00.000Z,2026-07-19T11:00:00,27.6,27.6,27.56,27.56,3803
2026-07-19T08:01:00.000Z,2026-07-19T11:01:00,27.56,27.56,27.55,27.55,8150
2026-07-19T08:02:00.000Z,2026-07-19T11:02:00,27.55,27.55,27.55,27.55,1000
2026-07-19T08:04:00.000Z,2026-07-19T11:04:00,27.61,27.61,27.61,27.61,16
2026-07-19T08:06:00.000Z,2026-07-19T11:06:00,27.61,27.75,27.61,27.75,230
2026-07-19T08:08:00.000Z,2026-07-19T11:08:00,27.61,27.61,27.61,27.61,2478
2026-07-19T08:09:00.000Z,2026-07-19T11:09:00,27.61,27.61,27.61,27.61,50
2026-07-19T08:10:00.000Z,2026-07-19T11:10:00,27.75,27.75,27.75,27.75,150
2026-07-19T08:11:00.000Z,2026-07-19T11:11:00,27.75,27.75,27.75,27.75,720
2026-07-19T08:12:00.000Z,2026-07-19T11:12:00,27.75,27.75,27.75,27.75,241
2026-07-19T08:13:00.000Z,2026-07-19T11:13:00,27.75,27.75,27.75,27.75,289
2026-07-19T08:15:00.000Z,2026-07-19T11:15:00,27.75,27.75,27.75,27.75,33
2026-07-19T08:17:00.000Z,2026-07-19T11:17:00,27.75,27.88,27.75,27.88,1174
2026-07-19T08:18:00.000Z,2026-07-19T11:18:00,27.62,27.62,27.6,27.6,4000
2026-07-19T08:19:00.000Z,2026-07-19T11:19:00,27.6,27.6,27.5,27.5,8771
2026-07-19T08:20:00.000Z,2026-07-19T11:20:00,27.5,27.5,27.5,27.5,500
2026-07-19T08:21:00.000Z,2026-07-19T11:21:00,27.5,27.5,27.5,27.5,627
2026-07-19T08:22:00.000Z,2026-07-19T11:22:00,27.5,27.5,27.5,27.5,78
2026-07-19T08:23:00.000Z,2026-07-19T11:23:00,27.5,27.5,27.5,27.5,22
2026-07-19T08:25:00.000Z,2026-07-19T11:25:00,27.5,27.5,27.5,27.5,3178
2026-07-19T08:26:00.000Z,2026-07-19T11:26:00,27.5,27.5,27.5,27.5,2400
2026-07-19T08:29:00.000Z,2026-07-19T11:29:00,27.5,27.5,27.5,27.5,7
2026-07-19T08:31:00.000Z,2026-07-19T11:31:00,27.8,27.8,27.8,27.8,25
2026-07-19T08:33:00.000Z,2026-07-19T11:33:00,27.7,27.7,27.7,27.7,350
2026-07-19T08:34:00.000Z,2026-07-19T11:34:00,27.7,27.7,27.7,27.7,405
2026-07-19T08:35:00.000Z,2026-07-19T11:35:00,27.7,27.7,27.7,27.7,25
2026-07-19T08:36:00.000Z,2026-07-19T11:36:00,27.58,27.58,27.58,27.58,400
2026-07-19T08:37:00.000Z,2026-07-19T11:37:00,27.7,27.99,27.7,27.99,5000
2026-07-19T08:39:00.000Z,2026-07-19T11:39:00,27.99,27.99,27.99,27.99,30
2026-07-19T08:40:00.000Z,2026-07-19T11:40:00,27.99,28,27.58,28,5447
2026-07-19T08:42:00.000Z,2026-07-19T11:42:00,28,28,28,28,4000
2026-07-19T08:43:00.000Z,2026-07-19T11:43:00,28.02,28.1,28.02,28.1,1077
2026-07-19T08:49:00.000Z,2026-07-19T11:49:00,28.12,28.13,28.11,28.11,5547
2026-07-19T08:50:00.000Z,2026-07-19T11:50:00,28.11,28.11,28.11,28.11,1400
2026-07-19T08:51:00.000Z,2026-07-19T11:51:00,28.11,28.11,28.1,28.1,1715
2026-07-19T08:52:00.000Z,2026-07-19T11:52:00,28.1,28.1,28.1,28.1,12500
2026-07-19T08:56:00.000Z,2026-07-19T11:56:00,28.11,28.11,28,28,9881
2026-07-19T08:58:00.000Z,2026-07-19T11:58:00,28,28,28,28,200
2026-07-19T09:02:00.000Z,2026-07-19T12:02:00,28,28,28,28,1000
2026-07-19T09:04:00.000Z,2026-07-19T12:04:00,28,28,27.57,27.57,5648
2026-07-19T09:06:00.000Z,2026-07-19T12:06:00,28,28,28,28,750
2026-07-19T09:07:00.000Z,2026-07-19T12:07:00,28,28,28,28,4250
2026-07-19T09:09:00.000Z,2026-07-19T12:09:00,28.55,28.68,28.55,28.68,914
2026-07-19T09:10:00.000Z,2026-07-19T12:10:00,28.2,28.2,28.2,28.2,4619
2026-07-19T09:11:00.000Z,2026-07-19T12:11:00,28.2,28.2,28.2,28.2,714
2026-07-19T09:12:00.000Z,2026-07-19T12:12:00,28.66,28.66,28.66,28.66,5
2026-07-19T09:19:00.000Z,2026-07-19T12:19:00,28.07,28.07,28,28,2000
2026-07-19T09:20:00.000Z,2026-07-19T12:20:00,28,28,28,28,1500
2026-07-19T09:21:00.000Z,2026-07-19T12:21:00,28.5,28.58,28.5,28.58,1607
2026-07-19T09:31:00.000Z,2026-07-19T12:31:00,28.03,28.03,28.03,28.03,1000
2026-07-19T09:35:00.000Z,2026-07-19T12:35:00,28.1,28.1,28,28,100
2026-07-19T09:43:00.000Z,2026-07-19T12:43:00,28.01,28.01,28.01,28.01,3
2026-07-19T09:46:00.000Z,2026-07-19T12:46:00,28.01,28.01,28.01,28.01,2000
2026-07-19T09:47:00.000Z,2026-07-19T12:47:00,28.39,28.39,28.39,28.39,72
2026-07-19T09:59:00.000Z,2026-07-19T12:59:00,28.1,28.1,28.1,28.1,1862
2026-07-19T10:00:00.000Z,2026-07-19T13:00:00,28.1,28.1,28.1,28.1,1100
2026-07-19T10:02:00.000Z,2026-07-19T13:02:00,28.1,28.1,28.1,28.1,507
2026-07-19T10:04:00.000Z,2026-07-19T13:04:00,28.1,28.1,28.1,28.1,1700
2026-07-19T10:05:00.000Z,2026-07-19T13:05:00,28.15,28.15,28.15,28.15,25
2026-07-19T10:08:00.000Z,2026-07-19T13:08:00,28.15,28.15,28.15,28.15,632
2026-07-19T10:10:00.000Z,2026-07-19T13:10:00,28.11,28.11,28.1,28.1,1098
2026-07-19T10:11:00.000Z,2026-07-19T13:11:00,28.1,28.1,28.1,28.1,9
2026-07-19T10:16:00.000Z,2026-07-19T13:16:00,28.1,28.1,28.1,28.1,200
2026-07-19T10:18:00.000Z,2026-07-19T13:18:00,28.1,28.1,28.1,28.1,4584
2026-07-19T10:20:00.000Z,2026-07-19T13:20:00,28.02,28.02,28,28,261
2026-07-19T10:21:00.000Z,2026-07-19T13:21:00,28.02,28.02,28.02,28.02,30
2026-07-19T10:24:00.000Z,2026-07-19T13:24:00,28.1,28.44,28.1,28.44,823
2026-07-19T10:29:00.000Z,2026-07-19T13:29:00,28.3,28.3,28.3,28.3,106
2026-07-19T10:33:00.000Z,2026-07-19T13:33:00,28.1,28.1,28.1,28.1,2000
2026-07-19T10:36:00.000Z,2026-07-19T13:36:00,28.1,28.1,28.1,28.1,789
2026-07-19T10:39:00.000Z,2026-07-19T13:39:00,28.1,28.1,28.1,28.1,5
2026-07-19T10:40:00.000Z,2026-07-19T13:40:00,28.1,28.1,28.1,28.1,494
2026-07-19T10:42:00.000Z,2026-07-19T13:42:00,28.1,28.1,28.1,28.1,15
2026-07-19T10:43:00.000Z,2026-07-19T13:43:00,28.1,28.1,28.1,28.1,1413
2026-07-19T10:55:00.000Z,2026-07-19T13:55:00,28.1,28.1,28.1,28.1,1168
2026-07-19T10:56:00.000Z,2026-07-19T13:56:00,28.1,28.1,28.1,28.1,1000
2026-07-19T10:57:00.000Z,2026-07-19T13:57:00,28.1,28.1,28.1,28.1,3264
2026-07-19T10:58:00.000Z,2026-07-19T13:58:00,28.1,28.1,28.1,28.1,1070
2026-07-19T11:01:00.000Z,2026-07-19T14:01:00,28.1,28.1,28.1,28.1,54
2026-07-19T11:02:00.000Z,2026-07-19T14:02:00,28.1,28.1,28.1,28.1,62
2026-07-19T11:04:00.000Z,2026-07-19T14:04:00,28.1,28.1,28.03,28.03,2000
2026-07-19T11:05:00.000Z,2026-07-19T14:05:00,28.03,28.03,28.02,28.02,500
2026-07-19T11:10:00.000Z,2026-07-19T14:10:00,28.1,28.1,28.1,28.1,4000
2026-07-19T11:11:00.000Z,2026-07-19T14:11:00,28.1,28.1,28.1,28.1,1000
2026-07-19T11:13:00.000Z,2026-07-19T14:13:00,28.11,28.11,28.11,28.11,254
2026-07-19T11:14:00.000Z,2026-07-19T14:14:00,28.11,28.11,28.11,28.11,1100
2026-07-19T11:25:00.000Z,2026-07-19T14:25:00,28.09,28.09,28.09,28.09,5800
2026-07-19T11:26:00.000Z,2026-07-19T14:26:00,28.09,28.09,28.09,28.09,500
2026-07-19T11:27:00.000Z,2026-07-19T14:27:00,28.09,28.09,28.09,28.09,1000
2026-07-19T11:28:00.000Z,2026-07-19T14:28:00,28.09,28.09,28.09,28.09,120
2026-07-20T07:00:00.000Z,2026-07-20T10:00:00,28.15,28.15,28.15,28.15,4
2026-07-20T07:02:00.000Z,2026-07-20T10:02:00,28.3,28.3,28.3,28.3,200
2026-07-20T07:03:00.000Z,2026-07-20T10:03:00,28.97,28.97,28.3,28.3,38
2026-07-20T07:04:00.000Z,2026-07-20T10:04:00,28.96,29,28.96,29,2000
2026-07-20T07:06:00.000Z,2026-07-20T10:06:00,28.31,28.31,28.31,28.31,696
2026-07-20T07:12:00.000Z,2026-07-20T10:12:00,28.32,28.32,28.32,28.32,500
2026-07-20T07:15:00.000Z,2026-07-20T10:15:00,28.32,28.32,28.32,28.32,60
2026-07-20T07:20:00.000Z,2026-07-20T10:20:00,28.32,28.32,28.3,28.3,835
2026-07-20T07:27:00.000Z,2026-07-20T10:27:00,28.18,28.3,28.17,28.3,3228
2026-07-20T07:32:00.000Z,2026-07-20T10:32:00,28.17,28.17,28.17,28.17,50
2026-07-20T07:36:00.000Z,2026-07-20T10:36:00,28.17,28.17,28.17,28.17,33
2026-07-20T07:37:00.000Z,2026-07-20T10:37:00,28.17,28.17,28.1,28.1,140
2026-07-20T07:38:00.000Z,2026-07-20T10:38:00,28.1,28.1,28.1,28.1,2044
2026-07-20T07:39:00.000Z,2026-07-20T10:39:00,28.1,28.1,28.1,28.1,1006
2026-07-20T07:45:00.000Z,2026-07-20T10:45:00,28.3,28.3,28.3,28.3,61
2026-07-20T07:52:00.000Z,2026-07-20T10:52:00,28.12,28.12,28.12,28.12,100
2026-07-20T07:55:00.000Z,2026-07-20T10:55:00,28.12,28.12,28.12,28.12,783
2026-07-20T07:57:00.000Z,2026-07-20T10:57:00,28.1,28.1,28.1,28.1,165
2026-07-20T08:00:00.000Z,2026-07-20T11:00:00,28.1,28.1,28.1,28.1,200
2026-07-20T08:03:00.000Z,2026-07-20T11:03:00,28.12,28.12,28.1,28.1,1022
2026-07-20T08:04:00.000Z,2026-07-20T11:04:00,28.1,28.12,28.1,28.12,11695
2026-07-20T08:05:00.000Z,2026-07-20T11:05:00,28.12,28.12,28.1,28.1,2150
2026-07-20T08:24:00.000Z,2026-07-20T11:24:00,28.3,28.65,28.3,28.65,4150
2026-07-20T08:27:00.000Z,2026-07-20T11:27:00,28.21,28.21,28.21,28.21,12
2026-07-20T08:28:00.000Z,2026-07-20T11:28:00,28.6,28.65,28.6,28.65,7491
2026-07-20T08:29:00.000Z,2026-07-20T11:29:00,28.65,28.8,28.65,28.8,12090
2026-07-20T08:30:00.000Z,2026-07-20T11:30:00,28.81,29.1,28.8,29.1,22306
2026-07-20T08:31:00.000Z,2026-07-20T11:31:00,29.1,29.9,29.1,29.49,37768
2026-07-20T08:32:00.000Z,2026-07-20T11:32:00,29.1,29.39,29.1,29.35,6655
2026-07-20T08:33:00.000Z,2026-07-20T11:33:00,29.35,29.75,29.3,29.75,17747
2026-07-20T08:34:00.000Z,2026-07-20T11:34:00,29.75,29.99,29.75,29.97,38432
2026-07-20T08:35:00.000Z,2026-07-20T11:35:00,29.97,30,29.88,30,41187
2026-07-20T08:36:00.000Z,2026-07-20T11:36:00,30,30,29.9,29.91,13163
2026-07-20T08:37:00.000Z,2026-07-20T11:37:00,29.91,29.95,29.8,29.8,20179
2026-07-20T08:38:00.000Z,2026-07-20T11:38:00,29.8,29.8,29.8,29.8,567
2026-07-20T08:39:00.000Z,2026-07-20T11:39:00,29.51,29.51,29.1,29.1,9401
2026-07-20T08:40:00.000Z,2026-07-20T11:40:00,29.1,29.49,29.1,29.49,3280
2026-07-20T08:41:00.000Z,2026-07-20T11:41:00,29.48,29.48,29.48,29.48,17
2026-07-20T08:42:00.000Z,2026-07-20T11:42:00,29.47,29.48,29.46,29.48,1039
2026-07-20T08:43:00.000Z,2026-07-20T11:43:00,29.1,29.1,29.1,29.1,22
2026-07-20T08:45:00.000Z,2026-07-20T11:45:00,29.12,29.12,29.12,29.12,1212
2026-07-20T08:46:00.000Z,2026-07-20T11:46:00,29.12,29.2,29.12,29.2,5021
2026-07-20T08:47:00.000Z,2026-07-20T11:47:00,29.12,29.12,29.04,29.1,7341
2026-07-20T08:48:00.000Z,2026-07-20T11:48:00,29.1,29.1,29.03,29.03,2716
2026-07-20T08:49:00.000Z,2026-07-20T11:49:00,29.1,29.1,29.07,29.1,4901
2026-07-20T08:50:00.000Z,2026-07-20T11:50:00,29.1,29.18,29.1,29.18,269
2026-07-20T08:51:00.000Z,2026-07-20T11:51:00,29.18,29.18,29.07,29.07,1996
2026-07-20T08:52:00.000Z,2026-07-20T11:52:00,29.07,29.07,29.07,29.07,1842
2026-07-20T08:53:00.000Z,2026-07-20T11:53:00,29.07,29.1,29.06,29.06,6289
2026-07-20T08:54:00.000Z,2026-07-20T11:54:00,29.1,29.1,29.1,29.1,6217
2026-07-20T08:55:00.000Z,2026-07-20T11:55:00,29.1,29.1,29.1,29.1,153
2026-07-20T08:59:00.000Z,2026-07-20T11:59:00,29.1,29.1,29.07,29.07,2316
2026-07-20T09:01:00.000Z,2026-07-20T12:01:00,29.04,29.05,29,29,10482
2026-07-20T09:02:00.000Z,2026-07-20T12:02:00,29,29,29,29,3776
2026-07-20T09:03:00.000Z,2026-07-20T12:03:00,29,29,28.9,28.9,3423
2026-07-20T09:04:00.000Z,2026-07-20T12:04:00,28.9,28.9,28.9,28.9,2500
2026-07-20T09:08:00.000Z,2026-07-20T12:08:00,28.71,28.71,28.7,28.7,3000
2026-07-20T09:09:00.000Z,2026-07-20T12:09:00,28.7,28.7,28.6,28.6,1080
2026-07-20T09:10:00.000Z,2026-07-20T12:10:00,28.6,28.6,28.53,28.6,5992
2026-07-20T09:12:00.000Z,2026-07-20T12:12:00,28.53,28.53,28.5,28.5,165
2026-07-20T09:13:00.000Z,2026-07-20T12:13:00,28.5,28.5,28.42,28.42,3369
2026-07-20T09:14:00.000Z,2026-07-20T12:14:00,28.5,28.51,28.5,28.5,10276
2026-07-20T09:15:00.000Z,2026-07-20T12:15:00,28.5,28.6,28.5,28.6,833
2026-07-20T09:17:00.000Z,2026-07-20T12:17:00,28.6,28.61,28.6,28.61,2327
2026-07-20T09:18:00.000Z,2026-07-20T12:18:00,28.62,28.62,28.62,28.62,10
2026-07-20T09:22:00.000Z,2026-07-20T12:22:00,28.99,29,28.99,29,2000
2026-07-20T09:23:00.000Z,2026-07-20T12:23:00,28.99,29,28.99,29,1602
2026-07-20T09:27:00.000Z,2026-07-20T12:27:00,28.98,28.99,28.98,28.99,1500
2026-07-20T09:29:00.000Z,2026-07-20T12:29:00,28.99,28.99,28.99,28.99,5
2026-07-20T09:31:00.000Z,2026-07-20T12:31:00,28.95,28.95,28.95,28.95,1
2026-07-20T09:36:00.000Z,2026-07-20T12:36:00,28.68,28.68,28.67,28.67,3468
2026-07-20T09:37:00.000Z,2026-07-20T12:37:00,28.67,28.67,28.67,28.67,77
2026-07-20T09:38:00.000Z,2026-07-20T12:38:00,28.67,28.7,28.67,28.67,1906
2026-07-20T09:39:00.000Z,2026-07-20T12:39:00,28.67,28.67,28.67,28.67,2039
2026-07-20T09:40:00.000Z,2026-07-20T12:40:00,28.63,28.63,28.63,28.63,2054
2026-07-20T09:43:00.000Z,2026-07-20T12:43:00,28.63,28.63,28.63,28.63,310
2026-07-20T09:45:00.000Z,2026-07-20T12:45:00,28.52,28.52,28.45,28.45,774
2026-07-20T09:47:00.000Z,2026-07-20T12:47:00,28.6,28.6,28.6,28.6,22
2026-07-20T09:49:00.000Z,2026-07-20T12:49:00,28.44,28.44,28.44,28.44,897
2026-07-20T09:51:00.000Z,2026-07-20T12:51:00,28.6,28.6,28.6,28.6,500
2026-07-20T09:56:00.000Z,2026-07-20T12:56:00,28.44,28.44,28.43,28.43,356
2026-07-20T09:58:00.000Z,2026-07-20T12:58:00,28.43,28.43,28.28,28.28,3000
2026-07-20T09:59:00.000Z,2026-07-20T12:59:00,28.6,28.63,28.6,28.63,1000
2026-07-20T10:00:00.000Z,2026-07-20T13:00:00,28.3,28.3,28.3,28.3,60
2026-07-20T10:03:00.000Z,2026-07-20T13:03:00,28.32,28.32,28.31,28.31,534
2026-07-20T10:06:00.000Z,2026-07-20T13:06:00,28.49,28.49,28.49,28.49,9
2026-07-20T10:19:00.000Z,2026-07-20T13:19:00,28.48,28.48,28.48,28.48,3336
2026-07-20T10:22:00.000Z,2026-07-20T13:22:00,28.63,28.63,28.63,28.63,64
2026-07-20T10:36:00.000Z,2026-07-20T13:36:00,28.48,28.48,28.48,28.48,17
2026-07-20T10:44:00.000Z,2026-07-20T13:44:00,28.63,28.63,28.63,28.63,250
2026-07-20T10:50:00.000Z,2026-07-20T13:50:00,28.5,28.5,28.5,28.5,100
2026-07-20T10:53:00.000Z,2026-07-20T13:53:00,28.5,28.5,28.48,28.48,5000
2026-07-20T10:54:00.000Z,2026-07-20T13:54:00,28.48,28.48,28.48,28.48,119
2026-07-20T11:00:00.000Z,2026-07-20T14:00:00,28.48,28.48,28.48,28.48,1000
2026-07-20T11:04:00.000Z,2026-07-20T14:04:00,28.48,28.48,28.33,28.33,5000
2026-07-20T11:05:00.000Z,2026-07-20T14:05:00,28.33,28.33,28.33,28.33,500
2026-07-20T11:07:00.000Z,2026-07-20T14:07:00,28.34,28.34,28.33,28.33,500
2026-07-20T11:12:00.000Z,2026-07-20T14:12:00,28.35,28.35,28.35,28.35,1000
2026-07-20T11:14:00.000Z,2026-07-20T14:14:00,28.34,28.34,28.33,28.33,701
2026-07-20T11:25:00.000Z,2026-07-20T14:25:00,28.39,28.39,28.39,28.39,36
2026-07-20T11:27:00.000Z,2026-07-20T14:27:00,28.39,28.39,28.39,28.39,324
2026-07-20T11:29:00.000Z,2026-07-20T14:29:00,28.39,28.39,28.39,28.39,1000
2026-07-21T07:02:00.000Z,2026-07-21T10:02:00,28.99,28.99,28.99,28.99,10
2026-07-21T07:03:00.000Z,2026-07-21T10:03:00,28.4,28.4,28.4,28.4,383
2026-07-21T07:05:00.000Z,2026-07-21T10:05:00,28.99,28.99,28.99,28.99,3
2026-07-21T07:07:00.000Z,2026-07-21T10:07:00,28.98,28.98,28.98,28.98,346
2026-07-21T07:14:00.000Z,2026-07-21T10:14:00,28.7,28.9,28.4,28.4,1665
2026-07-21T07:15:00.000Z,2026-07-21T10:15:00,28.4,28.4,28.4,28.4,147
2026-07-21T07:17:00.000Z,2026-07-21T10:17:00,28.4,28.4,28.33,28.33,4985
2026-07-21T07:19:00.000Z,2026-07-21T10:19:00,28.33,28.4,28.33,28.4,5116
2026-07-21T07:20:00.000Z,2026-07-21T10:20:00,28.4,28.4,28.4,28.4,125
2026-07-21T07:29:00.000Z,2026-07-21T10:29:00,28.41,28.41,28.41,28.41,103
2026-07-21T07:31:00.000Z,2026-07-21T10:31:00,28.41,28.41,28.41,28.41,507
2026-07-21T07:33:00.000Z,2026-07-21T10:33:00,28.42,28.42,28.42,28.42,1
2026-07-21T07:35:00.000Z,2026-07-21T10:35:00,28.5,28.5,28.5,28.5,39
2026-07-21T07:37:00.000Z,2026-07-21T10:37:00,28.51,28.51,28.51,28.51,631
2026-07-21T07:44:00.000Z,2026-07-21T10:44:00,28.52,28.52,28.52,28.52,960
2026-07-21T07:50:00.000Z,2026-07-21T10:50:00,28.51,28.51,28.51,28.51,1041
2026-07-21T07:54:00.000Z,2026-07-21T10:54:00,28.52,28.52,28.52,28.52,68
2026-07-21T07:57:00.000Z,2026-07-21T10:57:00,28.51,28.51,28.51,28.51,150
2026-07-21T08:04:00.000Z,2026-07-21T11:04:00,28.51,28.51,28.51,28.51,568
2026-07-21T08:06:00.000Z,2026-07-21T11:06:00,28.52,28.52,28.52,28.52,218
2026-07-21T08:08:00.000Z,2026-07-21T11:08:00,28.52,28.52,28.52,28.52,124
2026-07-21T08:09:00.000Z,2026-07-21T11:09:00,28.6,28.6,28.6,28.6,1967
2026-07-21T08:26:00.000Z,2026-07-21T11:26:00,28.52,28.52,28.52,28.52,37
2026-07-21T08:28:00.000Z,2026-07-21T11:28:00,28.6,28.6,28.6,28.6,81
2026-07-21T08:31:00.000Z,2026-07-21T11:31:00,28.85,28.88,28.85,28.88,1000
2026-07-21T08:42:00.000Z,2026-07-21T11:42:00,28.55,28.55,28.55,28.55,24
2026-07-21T08:56:00.000Z,2026-07-21T11:56:00,28.6,28.6,28.6,28.6,404
2026-07-21T09:02:00.000Z,2026-07-21T12:02:00,28.6,28.6,28.6,28.6,400
2026-07-21T09:03:00.000Z,2026-07-21T12:03:00,28.6,28.6,28.6,28.6,500
2026-07-21T09:06:00.000Z,2026-07-21T12:06:00,28.6,28.6,28.6,28.6,678
2026-07-21T09:07:00.000Z,2026-07-21T12:07:00,28.6,28.6,28.56,28.56,1150
2026-07-21T09:13:00.000Z,2026-07-21T12:13:00,28.6,28.6,28.6,28.6,1000
2026-07-21T09:14:00.000Z,2026-07-21T12:14:00,28.6,28.6,28.6,28.6,1000
2026-07-21T09:16:00.000Z,2026-07-21T12:16:00,28.6,28.6,28.6,28.6,2515
2026-07-21T09:19:00.000Z,2026-07-21T12:19:00,28.6,28.6,28.56,28.56,1846
2026-07-21T09:23:00.000Z,2026-07-21T12:23:00,28.56,28.56,28.56,28.56,2000
2026-07-21T09:37:00.000Z,2026-07-21T12:37:00,28.88,28.88,28.88,28.88,175
2026-07-21T09:45:00.000Z,2026-07-21T12:45:00,28.87,28.87,28.87,28.87,500
2026-07-21T09:47:00.000Z,2026-07-21T12:47:00,28.6,28.6,28.6,28.6,700
2026-07-21T09:50:00.000Z,2026-07-21T12:50:00,28.6,28.6,28.6,28.6,1800
2026-07-21T09:52:00.000Z,2026-07-21T12:52:00,28.56,28.56,28.56,28.56,1200
2026-07-21T10:02:00.000Z,2026-07-21T13:02:00,28.61,28.61,28.6,28.6,3000
2026-07-21T10:04:00.000Z,2026-07-21T13:04:00,28.6,28.6,28.6,28.6,570
2026-07-21T10:06:00.000Z,2026-07-21T13:06:00,28.6,28.6,28.6,28.6,800
2026-07-21T10:08:00.000Z,2026-07-21T13:08:00,28.6,28.6,28.6,28.6,3000
2026-07-21T10:14:00.000Z,2026-07-21T13:14:00,28.61,28.61,28.61,28.61,500
2026-07-21T10:22:00.000Z,2026-07-21T13:22:00,28.61,28.61,28.6,28.6,5425
2026-07-21T10:23:00.000Z,2026-07-21T13:23:00,28.84,28.85,28.84,28.85,2000
2026-07-21T10:27:00.000Z,2026-07-21T13:27:00,28.6,28.6,28.6,28.6,339
2026-07-21T10:32:00.000Z,2026-07-21T13:32:00,28.6,28.6,28.43,28.43,5000
2026-07-21T10:34:00.000Z,2026-07-21T13:34:00,28.41,28.41,28.31,28.31,4254
2026-07-21T10:38:00.000Z,2026-07-21T13:38:00,28.31,28.31,28.31,28.31,3508
2026-07-21T10:40:00.000Z,2026-07-21T13:40:00,28.31,28.31,28.31,28.31,282
2026-07-21T10:43:00.000Z,2026-07-21T13:43:00,28.31,28.85,28.31,28.85,287
2026-07-21T10:49:00.000Z,2026-07-21T13:49:00,28.33,28.33,28.17,28.17,5102
2026-07-21T10:54:00.000Z,2026-07-21T13:54:00,28.3,28.3,28.2,28.2,9000
2026-07-21T10:55:00.000Z,2026-07-21T13:55:00,28.2,28.2,28.2,28.2,4315
2026-07-21T10:56:00.000Z,2026-07-21T13:56:00,28.2,28.2,28.2,28.2,685
2026-07-21T11:00:00.000Z,2026-07-21T14:00:00,28.3,28.3,28.3,28.3,450
2026-07-21T11:11:00.000Z,2026-07-21T14:11:00,28.75,28.75,28.3,28.3,3001
2026-07-22T07:01:00.000Z,2026-07-22T10:01:00,28.14,28.14,28.14,28.14,3
2026-07-22T07:11:00.000Z,2026-07-22T10:11:00,28.15,28.15,28.15,28.15,2008
2026-07-22T07:13:00.000Z,2026-07-22T10:13:00,28.2,28.2,28.2,28.2,1000
2026-07-22T07:26:00.000Z,2026-07-22T10:26:00,28.2,28.2,28.2,28.2,1
2026-07-22T07:27:00.000Z,2026-07-22T10:27:00,28.2,28.2,28.2,28.2,3059
2026-07-22T07:30:00.000Z,2026-07-22T10:30:00,28.2,28.2,28.14,28.14,4611
2026-07-22T07:32:00.000Z,2026-07-22T10:32:00,28.14,28.14,28.14,28.14,346
2026-07-22T07:39:00.000Z,2026-07-22T10:39:00,28.2,28.2,28.2,28.2,700
2026-07-22T07:46:00.000Z,2026-07-22T10:46:00,28.3,28.73,28.3,28.73,77
2026-07-22T07:47:00.000Z,2026-07-22T10:47:00,28.29,28.29,28.29,28.29,1000
2026-07-22T07:51:00.000Z,2026-07-22T10:51:00,28.73,28.73,28.73,28.73,9
2026-07-22T08:00:00.000Z,2026-07-22T11:00:00,28.29,28.29,28.29,28.29,20
2026-07-22T08:01:00.000Z,2026-07-22T11:01:00,28.29,28.29,28.29,28.29,20
2026-07-22T08:02:00.000Z,2026-07-22T11:02:00,28.29,28.29,28.29,28.29,50
2026-07-22T08:08:00.000Z,2026-07-22T11:08:00,28.29,28.29,28.29,28.29,38
2026-07-22T08:17:00.000Z,2026-07-22T11:17:00,28.29,28.29,28.2,28.2,1000
2026-07-22T08:19:00.000Z,2026-07-22T11:19:00,28.21,28.21,28.21,28.21,16
2026-07-22T08:20:00.000Z,2026-07-22T11:20:00,28.21,28.21,28.21,28.21,1
2026-07-22T08:31:00.000Z,2026-07-22T11:31:00,28.21,28.21,28.21,28.21,5
2026-07-22T08:32:00.000Z,2026-07-22T11:32:00,28.69,28.7,28.69,28.7,3678
2026-07-22T08:33:00.000Z,2026-07-22T11:33:00,28.7,28.7,28.7,28.7,11
2026-07-22T08:46:00.000Z,2026-07-22T11:46:00,28.69,28.69,28.69,28.69,39
2026-07-22T08:55:00.000Z,2026-07-22T11:55:00,28.5,28.5,28.5,28.5,105
2026-07-22T08:59:00.000Z,2026-07-22T11:59:00,28.2,28.2,28.2,28.2,900
2026-07-22T09:04:00.000Z,2026-07-22T12:04:00,28.2,28.2,28.2,28.2,1805
2026-07-22T09:07:00.000Z,2026-07-22T12:07:00,28.2,28.2,28.2,28.2,55
2026-07-22T09:43:00.000Z,2026-07-22T12:43:00,28.29,28.29,28.29,28.29,65
2026-07-22T09:47:00.000Z,2026-07-22T12:47:00,28.29,28.29,28.2,28.2,1000
2026-07-22T09:53:00.000Z,2026-07-22T12:53:00,28.3,28.3,28.3,28.3,36
2026-07-22T10:14:00.000Z,2026-07-22T13:14:00,28.22,28.22,28.22,28.22,1000
2026-07-22T10:19:00.000Z,2026-07-22T13:19:00,28.2,28.2,28.2,28.2,84
2026-07-22T10:28:00.000Z,2026-07-22T13:28:00,28.2,28.2,28.2,28.2,5390
2026-07-22T10:30:00.000Z,2026-07-22T13:30:00,28.2,28.2,28.2,28.2,33
2026-07-22T10:50:00.000Z,2026-07-22T13:50:00,28.49,28.49,28.49,28.49,1000
2026-07-22T10:57:00.000Z,2026-07-22T13:57:00,28.3,28.49,28.3,28.49,1700
2026-07-22T11:12:00.000Z,2026-07-22T14:12:00,28.2,28.2,28,28,1000
2026-07-22T11:14:00.000Z,2026-07-22T14:14:00,28,28,27.6,27.6,1000
2026-07-26T07:00:00.000Z,2026-07-26T10:00:00,27.67,27.67,27.67,27.67,54
2026-07-26T07:01:00.000Z,2026-07-26T10:01:00,27.67,27.67,27.6,27.6,125
2026-07-26T07:02:00.000Z,2026-07-26T10:02:00,28.5,28.65,28.5,28.65,172
2026-07-26T07:03:00.000Z,2026-07-26T10:03:00,27.6,27.6,27.6,27.6,1470
2026-07-26T07:07:00.000Z,2026-07-26T10:07:00,28.6,28.6,28.6,28.6,1
2026-07-26T07:08:00.000Z,2026-07-26T10:08:00,28.6,28.6,28.6,28.6,200
2026-07-26T07:09:00.000Z,2026-07-26T10:09:00,28,28,28,28,10
2026-07-26T07:19:00.000Z,2026-07-26T10:19:00,28.47,28.47,28.47,28.47,29
2026-07-26T07:22:00.000Z,2026-07-26T10:22:00,28.2,28.45,28.2,28.45,28
2026-07-26T07:33:00.000Z,2026-07-26T10:33:00,28.2,28.2,28.2,28.2,774
2026-07-26T07:40:00.000Z,2026-07-26T10:40:00,28.2,28.2,28.2,28.2,1
2026-07-26T07:42:00.000Z,2026-07-26T10:42:00,28.2,28.2,28.2,28.2,2336
2026-07-26T07:52:00.000Z,2026-07-26T10:52:00,28.2,28.2,28.2,28.2,215
2026-07-26T07:57:00.000Z,2026-07-26T10:57:00,28.45,28.49,28.45,28.49,4528
2026-07-26T08:05:00.000Z,2026-07-26T11:05:00,28.5,28.6,28.5,28.6,2035
2026-07-26T08:07:00.000Z,2026-07-26T11:07:00,28.6,28.65,28.6,28.65,1000
2026-07-26T08:08:00.000Z,2026-07-26T11:08:00,28.65,28.65,28.65,28.65,1000
2026-07-26T08:10:00.000Z,2026-07-26T11:10:00,28.6,28.65,28.6,28.65,3600
2026-07-26T08:11:00.000Z,2026-07-26T11:11:00,28.65,29,28.65,29,7464
2026-07-26T08:12:00.000Z,2026-07-26T11:12:00,29,29,28.99,29,1305
2026-07-26T08:13:00.000Z,2026-07-26T11:13:00,29,29.1,29,29.1,1622
2026-07-26T08:16:00.000Z,2026-07-26T11:16:00,28.9,28.9,28.9,28.9,142
2026-07-26T08:17:00.000Z,2026-07-26T11:17:00,28.9,28.9,28.37,28.37,2090
2026-07-26T08:19:00.000Z,2026-07-26T11:19:00,28.45,28.45,28.45,28.45,505
2026-07-26T08:21:00.000Z,2026-07-26T11:21:00,28.84,28.85,28.6,28.6,1928
2026-07-26T08:22:00.000Z,2026-07-26T11:22:00,28.6,28.6,28.5,28.5,1966
2026-07-26T08:23:00.000Z,2026-07-26T11:23:00,28.5,28.5,28.5,28.5,110
2026-07-26T08:24:00.000Z,2026-07-26T11:24:00,28.5,28.5,28.45,28.5,2390
2026-07-26T08:25:00.000Z,2026-07-26T11:25:00,28.45,28.45,28.45,28.45,200
2026-07-26T08:28:00.000Z,2026-07-26T11:28:00,28.58,29.19,28.58,29,12908
2026-07-26T08:29:00.000Z,2026-07-26T11:29:00,28.99,28.99,28.99,28.99,10
2026-07-26T08:31:00.000Z,2026-07-26T11:31:00,28.99,29,28.99,29,1365
2026-07-26T08:32:00.000Z,2026-07-26T11:32:00,29,29,29,29,200
2026-07-26T08:33:00.000Z,2026-07-26T11:33:00,29,29.18,29,29.18,7326
2026-07-26T08:34:00.000Z,2026-07-26T11:34:00,29.18,29.25,29.18,29.25,2965
2026-07-26T08:35:00.000Z,2026-07-26T11:35:00,29.2,29.3,29.2,29.3,4884
2026-07-26T08:36:00.000Z,2026-07-26T11:36:00,29.3,29.85,29.3,29.85,29486
2026-07-26T08:37:00.000Z,2026-07-26T11:37:00,29.5,29.9,29.5,29.51,4905
2026-07-26T08:38:00.000Z,2026-07-26T11:38:00,29.51,29.51,29.31,29.31,5477
2026-07-26T08:39:00.000Z,2026-07-26T11:39:00,29.32,29.32,29.05,29.06,6845
2026-07-26T08:40:00.000Z,2026-07-26T11:40:00,29.3,29.3,29.3,29.3,412
2026-07-26T08:41:00.000Z,2026-07-26T11:41:00,29.2,29.3,29.01,29.01,6105
2026-07-26T08:42:00.000Z,2026-07-26T11:42:00,28.96,28.96,28.96,28.96,99
2026-07-26T08:43:00.000Z,2026-07-26T11:43:00,29,29,29,29,425
2026-07-26T08:46:00.000Z,2026-07-26T11:46:00,29.01,29.01,29,29,3364
2026-07-26T08:48:00.000Z,2026-07-26T11:48:00,29.29,29.29,29.29,29.29,4350
2026-07-26T08:49:00.000Z,2026-07-26T11:49:00,29.27,29.27,29.25,29.25,2650
2026-07-26T08:50:00.000Z,2026-07-26T11:50:00,29.25,29.25,29.25,29.25,1120
2026-07-26T08:52:00.000Z,2026-07-26T11:52:00,29.12,29.12,29.12,29.12,100
2026-07-26T08:53:00.000Z,2026-07-26T11:53:00,29.12,29.12,28.97,28.97,7885
2026-07-26T08:54:00.000Z,2026-07-26T11:54:00,28.96,28.96,28.9,28.9,1912
2026-07-26T08:55:00.000Z,2026-07-26T11:55:00,28.71,28.71,28.65,28.65,8217
2026-07-26T08:56:00.000Z,2026-07-26T11:56:00,28.72,28.72,28.72,28.72,238
2026-07-26T08:59:00.000Z,2026-07-26T11:59:00,28.8,28.8,28.65,28.65,923
2026-07-26T09:01:00.000Z,2026-07-26T12:01:00,28.65,28.65,28.65,28.65,67
2026-07-26T09:04:00.000Z,2026-07-26T12:04:00,28.65,28.65,28.61,28.61,3145
2026-07-26T09:05:00.000Z,2026-07-26T12:05:00,28.61,28.61,28.6,28.6,1012
2026-07-26T09:06:00.000Z,2026-07-26T12:06:00,28.6,28.6,28.6,28.6,216
2026-07-26T09:10:00.000Z,2026-07-26T12:10:00,28.62,28.62,28.6,28.6,1120
2026-07-26T09:11:00.000Z,2026-07-26T12:11:00,28.6,28.6,28.4,28.4,8659
2026-07-26T09:14:00.000Z,2026-07-26T12:14:00,28.41,28.41,28.4,28.4,290
2026-07-26T09:17:00.000Z,2026-07-26T12:17:00,28.8,28.8,28.8,28.8,5
2026-07-26T09:19:00.000Z,2026-07-26T12:19:00,28.8,28.8,28.8,28.8,288
2026-07-26T09:21:00.000Z,2026-07-26T12:21:00,28.5,28.5,28.5,28.5,300
2026-07-26T09:22:00.000Z,2026-07-26T12:22:00,28.41,28.41,28.41,28.41,176
2026-07-26T09:36:00.000Z,2026-07-26T12:36:00,28.41,28.41,28.4,28.4,139
2026-07-26T09:38:00.000Z,2026-07-26T12:38:00,28.5,28.5,28.5,28.5,1168
2026-07-26T09:40:00.000Z,2026-07-26T12:40:00,28.5,28.5,28.44,28.44,5410
2026-07-26T09:50:00.000Z,2026-07-26T12:50:00,28.42,28.42,28.4,28.4,1168
2026-07-26T09:52:00.000Z,2026-07-26T12:52:00,28.4,28.4,28.39,28.39,208
2026-07-26T09:54:00.000Z,2026-07-26T12:54:00,28.39,28.39,28.38,28.38,2388
2026-07-26T09:57:00.000Z,2026-07-26T12:57:00,28.38,28.38,28.37,28.37,3380
2026-07-26T09:58:00.000Z,2026-07-26T12:58:00,28.37,28.37,28.25,28.25,5500
2026-07-26T10:00:00.000Z,2026-07-26T13:00:00,28.25,28.25,28.21,28.21,2454
2026-07-26T10:12:00.000Z,2026-07-26T13:12:00,28.3,28.3,28.3,28.3,679
2026-07-26T10:16:00.000Z,2026-07-26T13:16:00,28.3,28.3,28.3,28.3,500
2026-07-26T10:17:00.000Z,2026-07-26T13:17:00,28.39,28.5,28.39,28.5,1800
2026-07-26T10:18:00.000Z,2026-07-26T13:18:00,28.5,28.5,28.5,28.5,1021
2026-07-26T10:45:00.000Z,2026-07-26T13:45:00,28.5,28.5,28.5,28.5,120
2026-07-26T10:48:00.000Z,2026-07-26T13:48:00,28.5,28.5,28.5,28.5,1860
2026-07-26T10:49:00.000Z,2026-07-26T13:49:00,28.5,28.5,28.5,28.5,590
2026-07-26T10:51:00.000Z,2026-07-26T13:51:00,28.5,28.5,28.5,28.5,2617
2026-07-26T10:52:00.000Z,2026-07-26T13:52:00,28.5,28.5,28.5,28.5,219
2026-07-26T11:06:00.000Z,2026-07-26T14:06:00,28.3,28.3,28.3,28.3,192
2026-07-26T11:07:00.000Z,2026-07-26T14:07:00,28.3,28.3,28.3,28.3,2764
2026-07-26T11:08:00.000Z,2026-07-26T14:08:00,28.3,28.3,28.3,28.3,850
2026-07-26T11:09:00.000Z,2026-07-26T14:09:00,28.5,28.5,28.5,28.5,500
2026-07-26T11:12:00.000Z,2026-07-26T14:12:00,28.3,28.3,28.3,28.3,1300
2026-07-26T11:14:00.000Z,2026-07-26T14:14:00,28.3,28.3,28.3,28.3,176
2026-07-26T11:25:00.000Z,2026-07-26T14:25:00,28.4,28.4,28.4,28.4,2000
2026-07-27T07:00:00.000Z,2026-07-27T10:00:00,28.4,29,28.4,29,93
2026-07-27T07:02:00.000Z,2026-07-27T10:02:00,28.4,28.4,28.4,28.4,116
2026-07-27T07:06:00.000Z,2026-07-27T10:06:00,28.4,28.4,28.4,28.4,1704
2026-07-27T07:07:00.000Z,2026-07-27T10:07:00,28.3,28.3,28.3,28.3,741
2026-07-27T07:14:00.000Z,2026-07-27T10:14:00,28.31,28.31,28.31,28.31,102
2026-07-27T07:16:00.000Z,2026-07-27T10:16:00,28.31,28.31,28.31,28.31,898
2026-07-27T07:19:00.000Z,2026-07-27T10:19:00,28.3,28.3,28.3,28.3,1000
2026-07-27T07:20:00.000Z,2026-07-27T10:20:00,28.25,28.25,28.25,28.25,1
2026-07-27T07:25:00.000Z,2026-07-27T10:25:00,28.3,28.3,28.3,28.3,884
2026-07-27T07:29:00.000Z,2026-07-27T10:29:00,28.28,28.28,28.28,28.28,500
2026-07-27T07:31:00.000Z,2026-07-27T10:31:00,28.28,28.28,28.28,28.28,300
2026-07-27T07:33:00.000Z,2026-07-27T10:33:00,28.28,28.28,28.26,28.26,1616
2026-07-27T07:34:00.000Z,2026-07-27T10:34:00,28.26,28.28,28.26,28.28,500
2026-07-27T07:35:00.000Z,2026-07-27T10:35:00,28.28,28.28,28.25,28.25,1596
2026-07-27T07:38:00.000Z,2026-07-27T10:38:00,28.25,28.25,28.25,28.25,3601
2026-07-27T07:39:00.000Z,2026-07-27T10:39:00,28.25,28.25,28.25,28.25,802
2026-07-27T07:40:00.000Z,2026-07-27T10:40:00,28.2,28.2,27.25,27.25,9400
2026-07-27T07:41:00.000Z,2026-07-27T10:41:00,28.48,28.48,28.48,28.48,1
2026-07-27T07:46:00.000Z,2026-07-27T10:46:00,28.47,28.49,28.47,28.49,2236
2026-07-27T07:47:00.000Z,2026-07-27T10:47:00,28.49,28.49,28.49,28.49,2764
2026-07-27T07:48:00.000Z,2026-07-27T10:48:00,28.49,28.49,28.49,28.49,4524
2026-07-27T07:50:00.000Z,2026-07-27T10:50:00,28.49,28.49,28.49,28.49,476
2026-07-27T07:51:00.000Z,2026-07-27T10:51:00,28.49,28.49,28.49,28.49,244
2026-07-27T07:52:00.000Z,2026-07-27T10:52:00,28.49,28.49,28.49,28.49,4756
2026-07-27T07:56:00.000Z,2026-07-27T10:56:00,28.11,28.11,27.7,27.7,10200
2026-07-27T07:57:00.000Z,2026-07-27T10:57:00,28.12,28.12,28.12,28.12,5
2026-07-27T07:58:00.000Z,2026-07-27T10:58:00,28.47,28.8,28.47,28.49,5029
2026-07-27T08:00:00.000Z,2026-07-27T11:00:00,28.49,28.49,28.49,28.49,175
2026-07-27T08:05:00.000Z,2026-07-27T11:05:00,28.48,28.49,28.48,28.49,1146
2026-07-27T08:07:00.000Z,2026-07-27T11:07:00,28.8,28.8,28.8,28.8,14
2026-07-27T08:10:00.000Z,2026-07-27T11:10:00,28.4,28.4,28.4,28.4,923
2026-07-27T08:14:00.000Z,2026-07-27T11:14:00,28.35,28.35,28.35,28.35,720
2026-07-27T08:17:00.000Z,2026-07-27T11:17:00,28.36,28.7,28.35,28.7,1711
2026-07-27T08:18:00.000Z,2026-07-27T11:18:00,28.49,28.49,28.49,28.49,700
2026-07-27T08:19:00.000Z,2026-07-27T11:19:00,28.49,28.49,28.49,28.49,4300
2026-07-27T08:20:00.000Z,2026-07-27T11:20:00,28.3,28.3,28.3,28.3,139
2026-07-27T08:21:00.000Z,2026-07-27T11:21:00,28.3,28.3,28.3,28.3,167
2026-07-27T08:30:00.000Z,2026-07-27T11:30:00,28.49,28.49,28.49,28.49,500
2026-07-27T08:31:00.000Z,2026-07-27T11:31:00,28.49,28.49,28.49,28.49,2000
2026-07-27T08:33:00.000Z,2026-07-27T11:33:00,28.49,28.49,28.49,28.49,1000
2026-07-27T08:38:00.000Z,2026-07-27T11:38:00,28.49,28.49,28.49,28.49,700
2026-07-27T08:47:00.000Z,2026-07-27T11:47:00,28.49,28.49,28.3,28.3,5241
2026-07-27T08:57:00.000Z,2026-07-27T11:57:00,28.49,28.49,28.49,28.49,438
2026-07-27T09:00:00.000Z,2026-07-27T12:00:00,28.3,28.3,28.3,28.3,303
2026-07-27T09:19:00.000Z,2026-07-27T12:19:00,28.3,28.3,28.01,28.01,10000
2026-07-27T09:20:00.000Z,2026-07-27T12:20:00,28.01,28.01,27.5,27.5,10000
2026-07-27T09:25:00.000Z,2026-07-27T12:25:00,28.4,28.4,28,28,5012
2026-07-27T09:26:00.000Z,2026-07-27T12:26:00,28.4,28.4,28.4,28.4,1
2026-07-27T09:28:00.000Z,2026-07-27T12:28:00,28.02,28.02,28.02,28.02,600
2026-07-27T09:30:00.000Z,2026-07-27T12:30:00,28.02,28.02,28,28,5000
2026-07-27T09:31:00.000Z,2026-07-27T12:31:00,28.01,28.01,28,28,9400
2026-07-27T09:33:00.000Z,2026-07-27T12:33:00,28.4,28.4,28.4,28.4,700
2026-07-27T09:35:00.000Z,2026-07-27T12:35:00,28,28,28,28,1
2026-07-27T09:44:00.000Z,2026-07-27T12:44:00,28.01,28.01,28,28,6000
2026-07-27T09:49:00.000Z,2026-07-27T12:49:00,28.28,28.28,28.28,28.28,500
2026-07-27T09:50:00.000Z,2026-07-27T12:50:00,28.28,28.28,28.28,28.28,22
2026-07-27T10:07:00.000Z,2026-07-27T13:07:00,28.24,28.24,28.24,28.24,110
2026-07-27T10:09:00.000Z,2026-07-27T13:09:00,28.24,28.24,28.1,28.1,430
2026-07-27T10:10:00.000Z,2026-07-27T13:10:00,28.1,28.1,28.1,28.1,172
2026-07-27T10:17:00.000Z,2026-07-27T13:17:00,28.1,28.1,28.1,28.1,5117
2026-07-27T10:19:00.000Z,2026-07-27T13:19:00,28.01,28.01,28.01,28.01,320
2026-07-27T10:20:00.000Z,2026-07-27T13:20:00,28.05,28.05,28.05,28.05,5000
2026-07-27T10:22:00.000Z,2026-07-27T13:22:00,28.05,28.05,28.05,28.05,383
2026-07-27T10:35:00.000Z,2026-07-27T13:35:00,28.1,28.1,28.01,28.01,14297
2026-07-27T10:36:00.000Z,2026-07-27T13:36:00,28,28,28,28,1703
2026-07-27T10:37:00.000Z,2026-07-27T13:37:00,28.02,28.02,28.02,28.02,300
2026-07-27T10:38:00.000Z,2026-07-27T13:38:00,28.11,28.11,28.11,28.11,500
2026-07-27T10:41:00.000Z,2026-07-27T13:41:00,28.24,28.24,28.24,28.24,650
2026-07-27T10:45:00.000Z,2026-07-27T13:45:00,28.24,28.24,28.24,28.24,50
2026-07-27T11:02:00.000Z,2026-07-27T14:02:00,28.11,28.11,28.02,28.02,10000
2026-07-27T11:09:00.000Z,2026-07-27T14:09:00,28.02,28.25,28,28.25,17000
2026-07-27T11:14:00.000Z,2026-07-27T14:14:00,28.11,28.11,28.11,28.11,1
2026-07-28T07:26:00.000Z,2026-07-28T10:26:00,28.12,28.12,28.12,28.12,1
2026-07-28T07:28:00.000Z,2026-07-28T10:28:00,28.85,28.85,28.85,28.85,1
2026-07-28T07:56:00.000Z,2026-07-28T10:56:00,28.2,28.2,28.2,28.2,17
2026-07-28T08:09:00.000Z,2026-07-28T11:09:00,28.48,28.5,28.48,28.5,1510
2026-07-28T08:10:00.000Z,2026-07-28T11:10:00,28.7,29,28.7,29,17500
2026-07-28T08:11:00.000Z,2026-07-28T11:11:00,28.8,28.8,28.8,28.8,2000
2026-07-28T08:16:00.000Z,2026-07-28T11:16:00,28.95,28.98,28.95,28.98,1850
2026-07-28T08:17:00.000Z,2026-07-28T11:17:00,28.98,28.99,28.98,28.99,2056
2026-07-28T08:18:00.000Z,2026-07-28T11:18:00,28.8,28.8,28.8,28.8,1
2026-07-28T08:19:00.000Z,2026-07-28T11:19:00,28.8,28.8,28.8,28.8,173
2026-07-28T08:21:00.000Z,2026-07-28T11:21:00,28.62,28.62,28.62,28.62,63
2026-07-28T08:22:00.000Z,2026-07-28T11:22:00,28.62,28.62,28.62,28.62,656
2026-07-28T08:24:00.000Z,2026-07-28T11:24:00,28.62,28.62,28.62,28.62,281
2026-07-28T08:25:00.000Z,2026-07-28T11:25:00,28.56,28.56,28.56,28.56,2000
2026-07-28T08:35:00.000Z,2026-07-28T11:35:00,28.3,28.3,28.3,28.3,174
2026-07-28T08:38:00.000Z,2026-07-28T11:38:00,28.69,28.69,28.69,28.69,3
2026-07-28T08:40:00.000Z,2026-07-28T11:40:00,28.6,28.6,28.6,28.6,1
2026-07-28T08:45:00.000Z,2026-07-28T11:45:00,28.3,28.3,28.25,28.25,2000
2026-07-28T08:46:00.000Z,2026-07-28T11:46:00,28.25,28.25,28.25,28.25,17
2026-07-28T09:08:00.000Z,2026-07-28T12:08:00,28.25,28.25,28.25,28.25,550
2026-07-28T09:20:00.000Z,2026-07-28T12:20:00,28.25,28.25,28.25,28.25,395
2026-07-28T09:26:00.000Z,2026-07-28T12:26:00,28.5,28.5,28.5,28.5,1668
2026-07-28T09:27:00.000Z,2026-07-28T12:27:00,28.51,28.51,28.51,28.51,4000
2026-07-28T09:28:00.000Z,2026-07-28T12:28:00,28.51,28.51,28.51,28.51,800
2026-07-28T09:29:00.000Z,2026-07-28T12:29:00,28.51,28.51,28.5,28.5,383
2026-07-28T09:30:00.000Z,2026-07-28T12:30:00,28.5,28.5,28.5,28.5,317
2026-07-28T09:35:00.000Z,2026-07-28T12:35:00,28.5,28.5,28.48,28.48,2000
2026-07-28T09:36:00.000Z,2026-07-28T12:36:00,28.5,28.5,28.48,28.48,1000
2026-07-28T09:37:00.000Z,2026-07-28T12:37:00,28.5,28.5,28.5,28.5,500
2026-07-28T09:39:00.000Z,2026-07-28T12:39:00,28.5,28.5,28.5,28.5,1000
2026-07-28T09:45:00.000Z,2026-07-28T12:45:00,28.5,28.5,28.5,28.5,2000
2026-07-28T09:50:00.000Z,2026-07-28T12:50:00,28.5,28.5,28.5,28.5,1000
2026-07-28T09:51:00.000Z,2026-07-28T12:51:00,28.5,28.5,28.5,28.5,2000
2026-07-28T09:52:00.000Z,2026-07-28T12:52:00,28.5,28.5,28.5,28.5,555
2026-07-28T09:54:00.000Z,2026-07-28T12:54:00,28.5,28.5,28.5,28.5,2000
2026-07-28T09:55:00.000Z,2026-07-28T12:55:00,28.5,28.5,28.5,28.5,1000
2026-07-28T09:56:00.000Z,2026-07-28T12:56:00,28.65,28.65,28.65,28.65,1544
2026-07-28T10:02:00.000Z,2026-07-28T13:02:00,28.5,28.5,28.5,28.5,500
2026-07-28T10:04:00.000Z,2026-07-28T13:04:00,28.5,28.5,28.5,28.5,2260
2026-07-28T10:05:00.000Z,2026-07-28T13:05:00,28.5,28.5,28.5,28.5,2740
2026-07-28T10:11:00.000Z,2026-07-28T13:11:00,28.5,28.5,28.5,28.5,1000
2026-07-28T10:13:00.000Z,2026-07-28T13:13:00,28.5,28.5,28.5,28.5,260
2026-07-28T10:14:00.000Z,2026-07-28T13:14:00,28.5,28.5,28.5,28.5,2740
2026-07-28T10:24:00.000Z,2026-07-28T13:24:00,28.51,28.51,28.5,28.5,3456
2026-07-28T10:26:00.000Z,2026-07-28T13:26:00,28.5,28.5,28.5,28.5,157
2026-07-28T10:28:00.000Z,2026-07-28T13:28:00,28.5,28.5,28.5,28.5,1000
2026-07-28T10:29:00.000Z,2026-07-28T13:29:00,28.5,28.5,28.5,28.5,200
2026-07-28T10:30:00.000Z,2026-07-28T13:30:00,28.5,28.5,28.5,28.5,500
2026-07-28T10:31:00.000Z,2026-07-28T13:31:00,28.5,28.5,28.25,28.5,2400
2026-07-28T10:32:00.000Z,2026-07-28T13:32:00,28.5,28.5,28.5,28.5,1000
2026-07-28T10:33:00.000Z,2026-07-28T13:33:00,28.5,28.5,28.5,28.5,1000
2026-07-28T10:37:00.000Z,2026-07-28T13:37:00,28.5,28.5,28.5,28.5,5000
2026-07-28T10:40:00.000Z,2026-07-28T13:40:00,28.5,28.5,28.5,28.5,10850
2026-07-28T10:43:00.000Z,2026-07-28T13:43:00,28.5,28.5,28.5,28.5,500
2026-07-28T10:45:00.000Z,2026-07-28T13:45:00,28.5,28.5,28.5,28.5,500
2026-07-28T10:49:00.000Z,2026-07-28T13:49:00,28.5,28.5,28.5,28.5,7
2026-07-28T10:57:00.000Z,2026-07-28T13:57:00,28.5,28.5,28.5,28.5,1000
2026-07-28T11:00:00.000Z,2026-07-28T14:00:00,28.64,28.64,28.64,28.64,10
2026-07-28T11:06:00.000Z,2026-07-28T14:06:00,28.5,28.5,28.5,28.5,349
2026-07-28T11:07:00.000Z,2026-07-28T14:07:00,28.5,28.5,28.5,28.5,4794
2026-07-28T11:08:00.000Z,2026-07-28T14:08:00,28.5,28.5,28.5,28.5,206
2026-07-28T11:25:00.000Z,2026-07-28T14:25:00,28.5,28.5,28.5,28.5,1424
2026-07-29T07:00:00.000Z,2026-07-29T10:00:00,28.8,28.8,28.8,28.8,10
2026-07-29T07:01:00.000Z,2026-07-29T10:01:00,28.5,28.5,28.5,28.5,35
2026-07-29T07:02:00.000Z,2026-07-29T10:02:00,28.8,28.8,28.8,28.8,28
2026-07-29T07:03:00.000Z,2026-07-29T10:03:00,28.8,28.8,28.8,28.8,1095
2026-07-29T07:05:00.000Z,2026-07-29T10:05:00,28.8,28.8,28.8,28.8,2422
2026-07-29T07:13:00.000Z,2026-07-29T10:13:00,28.5,28.5,28.23,28.23,528
2026-07-29T07:14:00.000Z,2026-07-29T10:14:00,28.5,28.5,28.5,28.5,1905
2026-07-29T07:16:00.000Z,2026-07-29T10:16:00,28.5,28.5,28.5,28.5,2095
2026-07-29T07:27:00.000Z,2026-07-29T10:27:00,28.23,28.23,28.23,28.23,6
2026-07-29T07:28:00.000Z,2026-07-29T10:28:00,28.23,28.23,28.02,28.02,1087
2026-07-29T07:30:00.000Z,2026-07-29T10:30:00,28.03,28.03,28.03,28.03,201
2026-07-29T07:44:00.000Z,2026-07-29T10:44:00,28.1,28.1,28.1,28.1,79
2026-07-29T07:51:00.000Z,2026-07-29T10:51:00,28.1,28.1,28.1,28.1,139
2026-07-29T07:53:00.000Z,2026-07-29T10:53:00,28.5,28.5,28.5,28.5,945
2026-07-29T07:57:00.000Z,2026-07-29T10:57:00,28.5,28.5,28.5,28.5,500
2026-07-29T08:00:00.000Z,2026-07-29T11:00:00,28.79,28.79,28.79,28.79,700
2026-07-29T08:01:00.000Z,2026-07-29T11:01:00,28.79,28.79,28.79,28.79,700
2026-07-29T08:11:00.000Z,2026-07-29T11:11:00,28.5,28.5,28.5,28.5,1000
2026-07-29T08:14:00.000Z,2026-07-29T11:14:00,28.5,28.5,28.5,28.5,555
2026-07-29T08:15:00.000Z,2026-07-29T11:15:00,28.5,28.5,28.5,28.5,445
2026-07-29T08:16:00.000Z,2026-07-29T11:16:00,28.5,28.5,28.5,28.5,5483
2026-07-29T08:17:00.000Z,2026-07-29T11:17:00,28.5,28.5,28.5,28.5,1072
2026-07-29T08:18:00.000Z,2026-07-29T11:18:00,28.4,28.4,28.4,28.4,1428
2026-07-29T08:20:00.000Z,2026-07-29T11:20:00,28.4,28.4,28.4,28.4,1200
2026-07-29T08:32:00.000Z,2026-07-29T11:32:00,28.5,28.5,28.5,28.5,1000
2026-07-29T08:33:00.000Z,2026-07-29T11:33:00,28.5,28.5,28.5,28.5,150
2026-07-29T08:37:00.000Z,2026-07-29T11:37:00,28.5,28.5,28.5,28.5,1000
2026-07-29T08:43:00.000Z,2026-07-29T11:43:00,28.5,28.5,28.5,28.5,3160
2026-07-29T08:44:00.000Z,2026-07-29T11:44:00,28.5,28.5,28.5,28.5,800
2026-07-29T08:46:00.000Z,2026-07-29T11:46:00,28.5,28.5,28.5,28.5,14243
2026-07-29T08:47:00.000Z,2026-07-29T11:47:00,28.5,28.51,28.5,28.51,4257
2026-07-29T09:11:00.000Z,2026-07-29T12:11:00,28.51,28.76,28.51,28.76,503
2026-07-29T09:26:00.000Z,2026-07-29T12:26:00,28.5,28.5,28.5,28.5,1000
2026-07-29T09:38:00.000Z,2026-07-29T12:38:00,28.5,28.5,28.5,28.5,201
2026-07-29T09:41:00.000Z,2026-07-29T12:41:00,28.7,28.74,28.7,28.74,742
2026-07-29T09:52:00.000Z,2026-07-29T12:52:00,28.51,28.51,28.51,28.51,300
2026-07-29T10:14:00.000Z,2026-07-29T13:14:00,28.7,28.74,28.7,28.74,2300
2026-07-29T10:15:00.000Z,2026-07-29T13:15:00,28.7,28.75,28.7,28.7,2497
2026-07-29T10:16:00.000Z,2026-07-29T13:16:00,28.76,28.8,28.76,28.8,4233
2026-07-29T10:17:00.000Z,2026-07-29T13:17:00,28.8,29,28.8,29,4371
2026-07-29T10:18:00.000Z,2026-07-29T13:18:00,29,29,29,29,1655
2026-07-29T10:20:00.000Z,2026-07-29T13:20:00,28.51,28.51,28.51,28.51,500
2026-07-29T10:21:00.000Z,2026-07-29T13:21:00,28.99,29,28.99,29,1602
2026-07-29T10:24:00.000Z,2026-07-29T13:24:00,28.99,28.99,28.99,28.99,3055
2026-07-29T10:29:00.000Z,2026-07-29T13:29:00,28.99,28.99,28.99,28.99,627
2026-07-29T10:31:00.000Z,2026-07-29T13:31:00,29,29,28.99,29,2525
2026-07-29T10:32:00.000Z,2026-07-29T13:32:00,28.99,28.99,28.99,28.99,1500
2026-07-29T10:36:00.000Z,2026-07-29T13:36:00,28.63,28.63,28.63,28.63,61
2026-07-29T10:38:00.000Z,2026-07-29T13:38:00,28.63,28.63,28.63,28.63,497
2026-07-29T10:46:00.000Z,2026-07-29T13:46:00,28.98,28.98,28.98,28.98,85
2026-07-29T10:56:00.000Z,2026-07-29T13:56:00,28.94,28.94,28.94,28.94,238
2026-07-29T10:57:00.000Z,2026-07-29T13:57:00,28.94,29,28.94,29,19000
2026-07-29T11:02:00.000Z,2026-07-29T14:02:00,28.8,28.8,28.8,28.8,50
2026-07-29T11:03:00.000Z,2026-07-29T14:03:00,29,29,29,29,9
2026-07-29T11:09:00.000Z,2026-07-29T14:09:00,28.8,28.8,28.8,28.8,471
2026-07-29T11:12:00.000Z,2026-07-29T14:12:00,28.63,28.8,28.55,28.8,1500
2026-07-29T11:13:00.000Z,2026-07-29T14:13:00,28.55,28.55,28.55,28.55,524
2026-07-30T07:18:00.000Z,2026-07-30T10:18:00,28.55,28.55,28.55,28.55,10
2026-07-30T07:31:00.000Z,2026-07-30T10:31:00,28.54,28.54,28.54,28.54,205
2026-07-30T07:34:00.000Z,2026-07-30T10:34:00,28.54,28.54,28.54,28.54,104
2026-07-30T07:36:00.000Z,2026-07-30T10:36:00,28.5,28.5,28.5,28.5,388
2026-07-30T07:37:00.000Z,2026-07-30T10:37:00,28.5,28.5,28.5,28.5,2112
2026-07-30T07:38:00.000Z,2026-07-30T10:38:00,28.28,28.28,28.03,28.03,2875
2026-07-30T07:39:00.000Z,2026-07-30T10:39:00,28,28,28,28,1125
2026-07-30T07:40:00.000Z,2026-07-30T10:40:00,28.49,28.5,28.49,28.5,6888
2026-07-30T07:41:00.000Z,2026-07-30T10:41:00,28.5,28.5,28.5,28.5,3131
2026-07-30T07:49:00.000Z,2026-07-30T10:49:00,28.08,28.08,28.08,28.08,102
2026-07-30T07:52:00.000Z,2026-07-30T10:52:00,28.09,28.09,28.05,28.05,3875
2026-07-30T07:55:00.000Z,2026-07-30T10:55:00,28.3,28.3,28.05,28.05,2204
2026-07-30T08:00:00.000Z,2026-07-30T11:00:00,28.3,28.3,28.3,28.3,2165
2026-07-30T08:02:00.000Z,2026-07-30T11:02:00,28.3,28.3,28.3,28.3,1000
2026-07-30T08:12:00.000Z,2026-07-30T11:12:00,28.3,28.3,28.3,28.3,175
2026-07-30T08:14:00.000Z,2026-07-30T11:14:00,28.3,28.3,28,28,8210
2026-07-30T08:16:00.000Z,2026-07-30T11:16:00,28.45,28.48,28.45,28.48,4372
2026-07-30T08:17:00.000Z,2026-07-30T11:17:00,28.5,28.5,28.5,28.5,750
2026-07-30T08:18:00.000Z,2026-07-30T11:18:00,28.55,28.99,28.55,28.99,106
2026-07-30T08:28:00.000Z,2026-07-30T11:28:00,28.5,28.5,28.5,28.5,1388
2026-07-30T08:51:00.000Z,2026-07-30T11:51:00,28.5,28.5,28.5,28.5,9
2026-07-30T08:57:00.000Z,2026-07-30T11:57:00,28.75,28.75,28.75,28.75,2
2026-07-30T08:58:00.000Z,2026-07-30T11:58:00,28.5,28.5,28.5,28.5,770
2026-07-30T09:04:00.000Z,2026-07-30T12:04:00,28.5,28.5,28.5,28.5,2500
2026-07-30T09:06:00.000Z,2026-07-30T12:06:00,28.5,28.5,28.5,28.5,25
2026-07-30T09:22:00.000Z,2026-07-30T12:22:00,28.5,28.5,28.5,28.5,77
2026-07-30T09:26:00.000Z,2026-07-30T12:26:00,28.89,28.89,28.89,28.89,20
2026-07-30T09:45:00.000Z,2026-07-30T12:45:00,28.85,28.85,28.85,28.85,69
2026-07-30T09:59:00.000Z,2026-07-30T12:59:00,28.55,28.55,28.55,28.55,500
2026-07-30T10:08:00.000Z,2026-07-30T13:08:00,28.55,28.55,28.5,28.5,2610
2026-07-30T10:15:00.000Z,2026-07-30T13:15:00,28.8,28.8,28.8,28.8,350
2026-07-30T10:35:00.000Z,2026-07-30T13:35:00,28.5,28.5,28.5,28.5,500
2026-07-30T10:37:00.000Z,2026-07-30T13:37:00,28.8,28.85,28.8,28.85,2000
2026-07-30T10:55:00.000Z,2026-07-30T13:55:00,28.85,28.99,28.85,28.99,3190
2026-07-30T10:59:00.000Z,2026-07-30T13:59:00,28.22,28.22,28.22,28.22,100
2026-07-30T11:03:00.000Z,2026-07-30T14:03:00,28.99,28.99,28.99,28.99,1279
2026-08-02T07:00:00.000Z,2026-08-02T10:00:00,29,29,29,29,53
2026-08-02T07:02:00.000Z,2026-08-02T10:02:00,29,29,29,29,1747
2026-08-02T07:04:00.000Z,2026-08-02T10:04:00,28.99,28.99,28.99,28.99,500
2026-08-02T07:08:00.000Z,2026-08-02T10:08:00,28.99,28.99,28.99,28.99,8
2026-08-02T07:13:00.000Z,2026-08-02T10:13:00,28.3,28.3,28.25,28.25,1918
2026-08-02T07:14:00.000Z,2026-08-02T10:14:00,28.99,28.99,28.99,28.99,25
2026-08-02T07:24:00.000Z,2026-08-02T10:24:00,28.89,28.9,28.89,28.9,67
2026-08-02T07:25:00.000Z,2026-08-02T10:25:00,28.9,28.9,28.9,28.9,1
2026-08-02T07:29:00.000Z,2026-08-02T10:29:00,28.9,28.9,28.9,28.9,28
2026-08-02T07:32:00.000Z,2026-08-02T10:32:00,28.25,28.25,28.22,28.22,2300
2026-08-02T07:35:00.000Z,2026-08-02T10:35:00,28.26,28.26,28.25,28.25,1100
2026-08-02T07:36:00.000Z,2026-08-02T10:36:00,28.22,28.22,28.22,28.22,55
2026-08-02T07:57:00.000Z,2026-08-02T10:57:00,28.7,28.7,28.7,28.7,4
2026-08-02T08:02:00.000Z,2026-08-02T11:02:00,28.5,28.5,28.5,28.5,500
2026-08-02T08:03:00.000Z,2026-08-02T11:03:00,28.5,28.5,28.5,28.5,500
2026-08-02T08:10:00.000Z,2026-08-02T11:10:00,28.5,28.5,28.5,28.5,200
2026-08-02T08:40:00.000Z,2026-08-02T11:40:00,28.5,28.5,28.5,28.5,175
2026-08-02T08:52:00.000Z,2026-08-02T11:52:00,28.5,28.5,28.5,28.5,911
2026-08-02T08:54:00.000Z,2026-08-02T11:54:00,28.5,28.5,28.5,28.5,720
2026-08-02T08:58:00.000Z,2026-08-02T11:58:00,28.67,28.67,28.67,28.67,8
2026-08-02T09:07:00.000Z,2026-08-02T12:07:00,28.63,28.63,28.63,28.63,3
2026-08-02T09:10:00.000Z,2026-08-02T12:10:00,28.51,28.51,28.51,28.51,8
2026-08-02T09:13:00.000Z,2026-08-02T12:13:00,28.51,28.51,28.5,28.5,500
2026-08-02T09:22:00.000Z,2026-08-02T12:22:00,28.6,28.6,28.6,28.6,690
2026-08-02T09:37:00.000Z,2026-08-02T12:37:00,28.55,28.55,28.55,28.55,20
2026-08-02T09:38:00.000Z,2026-08-02T12:38:00,28.51,28.51,28.51,28.51,492
2026-08-02T09:41:00.000Z,2026-08-02T12:41:00,28.51,28.51,28.5,28.5,1751
2026-08-02T09:42:00.000Z,2026-08-02T12:42:00,28.54,28.54,28.54,28.54,20
2026-08-02T09:46:00.000Z,2026-08-02T12:46:00,28.5,28.5,28.5,28.5,38
2026-08-02T09:52:00.000Z,2026-08-02T12:52:00,28.5,28.5,28.5,28.5,480
2026-08-02T10:00:00.000Z,2026-08-02T13:00:00,28.5,28.5,28.5,28.5,2
2026-08-02T10:14:00.000Z,2026-08-02T13:14:00,28.5,28.5,28.31,28.31,521
2026-08-02T10:35:00.000Z,2026-08-02T13:35:00,28.7,28.89,28.7,28.89,500
2026-08-02T10:36:00.000Z,2026-08-02T13:36:00,28.31,28.31,28.27,28.27,3451
2026-08-02T10:38:00.000Z,2026-08-02T13:38:00,28.89,28.94,28.89,28.94,500
2026-08-02T10:39:00.000Z,2026-08-02T13:39:00,28.3,28.3,28.3,28.3,1000
2026-08-02T10:52:00.000Z,2026-08-02T13:52:00,28.3,28.88,28.27,28.88,2442
2026-08-02T11:04:00.000Z,2026-08-02T14:04:00,28.8,28.8,28.8,28.8,40
2026-08-02T11:09:00.000Z,2026-08-02T14:09:00,28.75,28.75,28.75,28.75,4
2026-08-02T11:11:00.000Z,2026-08-02T14:11:00,28.55,28.55,28.55,28.55,400
2026-08-02T11:13:00.000Z,2026-08-02T14:13:00,28.45,28.45,28.45,28.45,150
2026-08-02T11:28:00.000Z,2026-08-02T14:28:00,28.43,28.43,28.43,28.43,400
2026-08-03T07:11:00.000Z,2026-08-03T10:11:00,28.43,28.43,28.11,28.11,950
2026-08-03T07:36:00.000Z,2026-08-03T10:36:00,28.45,28.45,28.45,28.45,83
2026-08-03T07:39:00.000Z,2026-08-03T10:39:00,28.45,28.45,28.45,28.45,207
2026-08-03T07:43:00.000Z,2026-08-03T10:43:00,28.45,28.45,28.45,28.45,4
2026-08-03T07:45:00.000Z,2026-08-03T10:45:00,28.45,28.5,28.45,28.5,806
2026-08-03T07:55:00.000Z,2026-08-03T10:55:00,28.5,28.5,28.5,28.5,130
2026-08-03T08:03:00.000Z,2026-08-03T11:03:00,28.5,28.5,28.5,28.5,2765
2026-08-03T08:07:00.000Z,2026-08-03T11:07:00,28.5,28.5,28.5,28.5,100
2026-08-03T08:19:00.000Z,2026-08-03T11:19:00,28.5,28.5,28.5,28.5,2135
2026-08-03T08:23:00.000Z,2026-08-03T11:23:00,28.5,28.5,28.5,28.5,659
2026-08-03T08:27:00.000Z,2026-08-03T11:27:00,28.5,28.5,28.5,28.5,67
2026-08-03T08:32:00.000Z,2026-08-03T11:32:00,28.5,28.5,28.5,28.5,110
2026-08-03T08:48:00.000Z,2026-08-03T11:48:00,28.5,28.5,28.5,28.5,1046
2026-08-03T08:57:00.000Z,2026-08-03T11:57:00,28.51,28.51,28.5,28.5,1758
2026-08-03T09:11:00.000Z,2026-08-03T12:11:00,28.5,28.5,28.5,28.5,350
2026-08-03T09:15:00.000Z,2026-08-03T12:15:00,28.5,28.5,28.5,28.5,2
2026-08-03T09:21:00.000Z,2026-08-03T12:21:00,28.5,28.5,28.5,28.5,935
2026-08-03T09:30:00.000Z,2026-08-03T12:30:00,28.5,28.5,28.5,28.5,80
2026-08-03T09:31:00.000Z,2026-08-03T12:31:00,28.5,28.5,28.5,28.5,12
2026-08-03T09:38:00.000Z,2026-08-03T12:38:00,28.5,28.5,28.5,28.5,1800
2026-08-03T09:44:00.000Z,2026-08-03T12:44:00,28.5,28.5,28.5,28.5,100
2026-08-03T10:00:00.000Z,2026-08-03T13:00:00,28.5,28.5,28.5,28.5,1000
2026-08-03T10:28:00.000Z,2026-08-03T13:28:00,28.5,28.5,28.5,28.5,500
2026-08-03T10:44:00.000Z,2026-08-03T13:44:00,28.5,28.5,28.5,28.5,690
2026-08-03T10:48:00.000Z,2026-08-03T13:48:00,28.5,28.5,28.5,28.5,4000
2026-08-03T10:49:00.000Z,2026-08-03T13:49:00,28.5,28.5,28.5,28.5,5000
2026-08-03T11:04:00.000Z,2026-08-03T14:04:00,28.5,28.5,28.5,28.5,6
2026-08-03T11:05:00.000Z,2026-08-03T14:05:00,28.5,28.5,28.5,28.5,1000
2026-08-03T11:09:00.000Z,2026-08-03T14:09:00,28.5,28.5,28.5,28.5,4041
2026-08-03T11:10:00.000Z,2026-08-03T14:10:00,28.5,28.5,28.5,28.5,959
2026-08-03T11:11:00.000Z,2026-08-03T14:11:00,28.5,28.5,28.5,28.5,250
2026-08-03T11:12:00.000Z,2026-08-03T14:12:00,28.5,28.5,28.5,28.5,590
2026-08-03T11:13:00.000Z,2026-08-03T14:13:00,28.5,28.5,28.5,28.5,1500
2026-08-03T11:14:00.000Z,2026-08-03T14:14:00,28.5,28.5,28.5,28.5,50
2026-08-04T07:00:00.000Z,2026-08-04T10:00:00,28.21,28.21,28.21,28.21,200
2026-08-04T07:07:00.000Z,2026-08-04T10:07:00,28.21,28.21,28.21,28.21,1
2026-08-04T07:35:00.000Z,2026-08-04T10:35:00,28.26,28.26,28.26,28.26,1000
2026-08-04T07:41:00.000Z,2026-08-04T10:41:00,28.26,28.26,28.26,28.26,500
2026-08-04T07:49:00.000Z,2026-08-04T10:49:00,28.27,28.27,28.27,28.27,2
2026-08-04T08:14:00.000Z,2026-08-04T11:14:00,28.48,28.48,28.48,28.48,100
2026-08-04T08:25:00.000Z,2026-08-04T11:25:00,28.48,28.48,28.48,28.48,1250
2026-08-04T08:27:00.000Z,2026-08-04T11:27:00,28.5,28.5,28.5,28.5,500
2026-08-04T08:36:00.000Z,2026-08-04T11:36:00,28.5,28.5,28.5,28.5,40
2026-08-04T08:38:00.000Z,2026-08-04T11:38:00,28.5,28.5,28.5,28.5,40
2026-08-04T08:46:00.000Z,2026-08-04T11:46:00,28.5,28.5,28.5,28.5,2000
2026-08-04T09:05:00.000Z,2026-08-04T12:05:00,28.5,28.5,28.5,28.5,75
2026-08-04T09:10:00.000Z,2026-08-04T12:10:00,28.5,28.5,28.5,28.5,1220
2026-08-04T09:13:00.000Z,2026-08-04T12:13:00,28.5,28.5,28.5,28.5,2800
2026-08-04T09:17:00.000Z,2026-08-04T12:17:00,28.5,28.5,28.5,28.5,1000
2026-08-04T09:19:00.000Z,2026-08-04T12:19:00,28.5,28.5,28.5,28.5,310
2026-08-04T09:28:00.000Z,2026-08-04T12:28:00,28.5,28.5,28.5,28.5,700
2026-08-04T09:36:00.000Z,2026-08-04T12:36:00,28.51,28.51,28.51,28.51,1
2026-08-04T09:38:00.000Z,2026-08-04T12:38:00,28.51,28.51,28.51,28.51,210
2026-08-04T09:51:00.000Z,2026-08-04T12:51:00,28.59,28.88,28.59,28.88,5000
2026-08-04T10:23:00.000Z,2026-08-04T13:23:00,28.51,28.51,28.51,28.51,5
2026-08-04T10:48:00.000Z,2026-08-04T13:48:00,28.85,28.85,28.85,28.85,150
2026-08-04T10:53:00.000Z,2026-08-04T13:53:00,28.83,28.83,28.83,28.83,500
2026-08-04T11:05:00.000Z,2026-08-04T14:05:00,28.51,28.51,28.51,28.51,1684
2026-08-04T11:06:00.000Z,2026-08-04T14:06:00,28.5,28.5,28.5,28.5,2821
2026-08-04T11:08:00.000Z,2026-08-04T14:08:00,28.5,28.5,28.5,28.5,185
2026-08-04T11:10:00.000Z,2026-08-04T14:10:00,28.5,28.5,28.5,28.5,5950
2026-08-05T07:11:00.000Z,2026-08-05T10:11:00,28.4,28.5,28.4,28.5,100
2026-08-05T07:16:00.000Z,2026-08-05T10:16:00,28.5,28.5,28.5,28.5,2760
2026-08-05T07:23:00.000Z,2026-08-05T10:23:00,28.5,28.5,28.5,28.5,6
2026-08-05T07:38:00.000Z,2026-08-05T10:38:00,28.5,28.5,28.5,28.5,1505
2026-08-05T07:41:00.000Z,2026-08-05T10:41:00,28.79,28.79,28.79,28.79,56
2026-08-05T08:01:00.000Z,2026-08-05T11:01:00,28.51,28.51,28.51,28.51,447
2026-08-05T08:02:00.000Z,2026-08-05T11:02:00,28.79,28.84,28.79,28.84,2144
2026-08-05T08:03:00.000Z,2026-08-05T11:03:00,28.84,28.84,28.84,28.84,950
2026-08-05T08:15:00.000Z,2026-08-05T11:15:00,28.84,28.84,28.84,28.84,12
2026-08-05T09:02:00.000Z,2026-08-05T12:02:00,28.84,28.87,28.84,28.87,569
2026-08-05T09:04:00.000Z,2026-08-05T12:04:00,28.52,28.52,28.52,28.52,4
2026-08-05T09:20:00.000Z,2026-08-05T12:20:00,28.87,28.87,28.87,28.87,3
2026-08-05T09:34:00.000Z,2026-08-05T12:34:00,28.55,28.55,28.55,28.55,759
2026-08-05T09:39:00.000Z,2026-08-05T12:39:00,28.55,28.55,28.55,28.55,101
2026-08-05T10:14:00.000Z,2026-08-05T13:14:00,28.55,28.55,28.55,28.55,1100
2026-08-05T10:20:00.000Z,2026-08-05T13:20:00,28.55,28.55,28.55,28.55,16
2026-08-05T10:46:00.000Z,2026-08-05T13:46:00,28.55,28.55,28.55,28.55,5
2026-08-05T10:51:00.000Z,2026-08-05T13:51:00,28.55,28.55,28.55,28.55,100
2026-08-05T10:55:00.000Z,2026-08-05T13:55:00,28.94,28.94,28.94,28.94,5
2026-08-05T11:11:00.000Z,2026-08-05T14:11:00,28.55,28.55,28.55,28.55,1400
2026-08-06T07:00:00.000Z,2026-08-06T10:00:00,28.97,28.97,28.97,28.97,4
2026-08-06T07:34:00.000Z,2026-08-06T10:34:00,28.55,28.55,28.5,28.5,1764
2026-08-06T07:45:00.000Z,2026-08-06T10:45:00,28.5,28.5,28.31,28.31,1750
2026-08-06T07:46:00.000Z,2026-08-06T10:46:00,28.31,28.31,28.31,28.31,1
2026-08-06T08:15:00.000Z,2026-08-06T11:15:00,28.33,28.33,28.33,28.33,88
2026-08-06T09:28:00.000Z,2026-08-06T12:28:00,28.35,28.35,28.35,28.35,1030
2026-08-06T09:31:00.000Z,2026-08-06T12:31:00,28.8,28.8,28.8,28.8,1000
2026-08-06T09:34:00.000Z,2026-08-06T12:34:00,28.8,28.8,28.8,28.8,500
2026-08-06T09:43:00.000Z,2026-08-06T12:43:00,28.8,28.8,28.8,28.8,1350
2026-08-06T09:44:00.000Z,2026-08-06T12:44:00,28.8,28.8,28.8,28.8,150
2026-08-06T09:48:00.000Z,2026-08-06T12:48:00,28.89,29.05,28.89,29.05,9487
2026-08-06T09:50:00.000Z,2026-08-06T12:50:00,29.25,29.9,29.25,29.9,2250
2026-08-06T09:51:00.000Z,2026-08-06T12:51:00,29.8,30,29.8,30,30500
2026-08-06T09:52:00.000Z,2026-08-06T12:52:00,30,30,30,30,28463
2026-08-06T09:53:00.000Z,2026-08-06T12:53:00,30,30,30,30,9487
2026-08-06T09:54:00.000Z,2026-08-06T12:54:00,30,30,30,30,4200
2026-08-06T09:55:00.000Z,2026-08-06T12:55:00,30,30.95,30,30.95,116490
2026-08-06T09:56:00.000Z,2026-08-06T12:56:00,30.69,30.88,30.1,30.4,17448
2026-08-06T09:57:00.000Z,2026-08-06T12:57:00,30.3,30.5,30.12,30.3,50010
2026-08-06T09:58:00.000Z,2026-08-06T12:58:00,30.3,30.3,30,30,27171
2026-08-06T09:59:00.000Z,2026-08-06T12:59:00,30,30.49,30,30.49,22789
2026-08-06T10:00:00.000Z,2026-08-06T13:00:00,30.48,30.5,30.01,30.5,39895
2026-08-06T10:01:00.000Z,2026-08-06T13:01:00,30.5,30.6,30.49,30.5,39595
2026-08-06T10:02:00.000Z,2026-08-06T13:02:00,30.5,31.89,30.49,31.4,41715
2026-08-06T10:12:00.000Z,2026-08-06T13:12:00,31.88,32,31.88,32,14633
2026-08-06T10:13:00.000Z,2026-08-06T13:13:00,32,32,30.51,31.19,60599
2026-08-06T10:14:00.000Z,2026-08-06T13:14:00,31.85,31.89,31.65,31.65,6862
2026-08-06T10:15:00.000Z,2026-08-06T13:15:00,31.25,31.59,31.25,31.25,2594
2026-08-06T10:16:00.000Z,2026-08-06T13:16:00,31.25,31.45,31.2,31.3,7618
2026-08-06T10:17:00.000Z,2026-08-06T13:17:00,31.44,31.9,31.44,31.9,21687
2026-08-06T10:18:00.000Z,2026-08-06T13:18:00,31.9,32,31.89,31.99,35060
2026-08-06T10:19:00.000Z,2026-08-06T13:19:00,31.9,32,31.9,32,23958
2026-08-06T10:20:00.000Z,2026-08-06T13:20:00,32,32,31.9,32,71579
2026-08-06T10:21:00.000Z,2026-08-06T13:21:00,32,32,32,32,3697
2026-08-06T10:22:00.000Z,2026-08-06T13:22:00,32,32,32,32,19196
2026-08-06T10:23:00.000Z,2026-08-06T13:23:00,32,32.88,32,32.88,66707
2026-08-06T10:24:00.000Z,2026-08-06T13:24:00,32.79,32.98,32.01,32.12,54883
2026-08-06T10:25:00.000Z,2026-08-06T13:25:00,32.12,32.12,31.26,31.26,159606
2026-08-06T10:26:00.000Z,2026-08-06T13:26:00,31.49,31.7,31,31.5,13132
2026-08-06T10:27:00.000Z,2026-08-06T13:27:00,31.49,31.5,31,31,11360
2026-08-06T10:28:00.000Z,2026-08-06T13:28:00,31.49,31.49,30.6,31.1,11334
2026-08-06T10:29:00.000Z,2026-08-06T13:29:00,31,31,30.75,30.75,2572
2026-08-06T10:30:00.000Z,2026-08-06T13:30:00,31,31.25,30.8,31.25,14818
2026-08-06T10:31:00.000Z,2026-08-06T13:31:00,31.2,31.3,31.05,31.3,6332
2026-08-06T10:32:00.000Z,2026-08-06T13:32:00,31.05,31.27,30.95,30.99,10200
2026-08-06T10:33:00.000Z,2026-08-06T13:33:00,30.99,31.25,30.99,31,20240
2026-08-06T10:34:00.000Z,2026-08-06T13:34:00,30.81,30.98,30.81,30.81,2082
2026-08-06T10:35:00.000Z,2026-08-06T13:35:00,30.81,30.97,30.8,30.97,6910
2026-08-06T10:36:00.000Z,2026-08-06T13:36:00,30.81,31,30.8,30.8,4386
2026-08-06T10:37:00.000Z,2026-08-06T13:37:00,31,31,31,31,5581
2026-08-06T10:38:00.000Z,2026-08-06T13:38:00,31,31.25,31,31.25,6227
2026-08-06T10:39:00.000Z,2026-08-06T13:39:00,31,31,31,31,1409
2026-08-06T10:40:00.000Z,2026-08-06T13:40:00,30.99,30.99,30.8,30.82,6315
2026-08-06T10:41:00.000Z,2026-08-06T13:41:00,30.98,30.98,30.8,30.8,5590
2026-08-06T10:42:00.000Z,2026-08-06T13:42:00,30.9,30.9,30.5,30.5,20262
2026-08-06T10:43:00.000Z,2026-08-06T13:43:00,30.4,30.4,30.3,30.4,3745
2026-08-06T10:44:00.000Z,2026-08-06T13:44:00,30.6,30.6,30.6,30.6,356
2026-08-06T10:45:00.000Z,2026-08-06T13:45:00,30.6,30.79,30.4,30.79,12457
2026-08-06T10:46:00.000Z,2026-08-06T13:46:00,30.78,30.79,30.78,30.79,1115
2026-08-06T10:47:00.000Z,2026-08-06T13:47:00,30.6,30.61,30.5,30.61,3754
2026-08-06T10:48:00.000Z,2026-08-06T13:48:00,30.61,30.89,30.61,30.88,4093
2026-08-06T10:49:00.000Z,2026-08-06T13:49:00,30.88,31,30.88,31,6700
2026-08-06T10:50:00.000Z,2026-08-06T13:50:00,30.99,30.99,30.99,30.99,250
2026-08-06T10:51:00.000Z,2026-08-06T13:51:00,30.99,31,30.88,31,6874
2026-08-06T10:52:00.000Z,2026-08-06T13:52:00,30.99,31.19,30.99,31.19,2879
2026-08-06T10:53:00.000Z,2026-08-06T13:53:00,31.19,31.25,31.13,31.25,3953
2026-08-06T10:54:00.000Z,2026-08-06T13:54:00,31.2,31.24,31,31,5628
2026-08-06T10:55:00.000Z,2026-08-06T13:55:00,31.01,31.01,31.01,31.01,30
2026-08-06T10:56:00.000Z,2026-08-06T13:56:00,31.2,31.74,31.2,31.74,17000
2026-08-06T10:57:00.000Z,2026-08-06T13:57:00,31.7,31.7,31.5,31.65,1993
2026-08-06T10:58:00.000Z,2026-08-06T13:58:00,31.5,31.8,31.15,31.8,9757
2026-08-06T10:59:00.000Z,2026-08-06T13:59:00,31.77,31.78,31.31,31.4,19577
2026-08-06T11:00:00.000Z,2026-08-06T14:00:00,31.31,31.4,31.05,31.05,16148
2026-08-06T11:01:00.000Z,2026-08-06T14:01:00,31.05,31.68,31.05,31.07,2849
2026-08-06T11:02:00.000Z,2026-08-06T14:02:00,31.1,31.1,31.1,31.1,50
2026-08-06T11:03:00.000Z,2026-08-06T14:03:00,31.12,31.12,31.12,31.12,500
2026-08-06T11:04:00.000Z,2026-08-06T14:04:00,31.13,31.13,31.12,31.12,2347
2026-08-06T11:05:00.000Z,2026-08-06T14:05:00,31.12,31.61,31.1,31.1,10099
2026-08-06T11:06:00.000Z,2026-08-06T14:06:00,31.2,31.2,31.2,31.2,349
2026-08-06T11:07:00.000Z,2026-08-06T14:07:00,31.25,31.58,31.25,31.57,5822
2026-08-06T11:08:00.000Z,2026-08-06T14:08:00,31.57,31.57,31.2,31.54,193
2026-08-06T11:09:00.000Z,2026-08-06T14:09:00,31.5,31.5,31.5,31.5,310
2026-08-06T11:10:00.000Z,2026-08-06T14:10:00,31.5,31.54,31.3,31.54,9059
2026-08-06T11:11:00.000Z,2026-08-06T14:11:00,31.54,31.54,31.5,31.5,11405
2026-08-06T11:12:00.000Z,2026-08-06T14:12:00,31.47,31.47,31.25,31.47,5327
2026-08-06T11:13:00.000Z,2026-08-06T14:13:00,31.25,31.3,31.25,31.25,5713
2026-08-06T11:14:00.000Z,2026-08-06T14:14:00,31.26,31.4,31.25,31.4,503
2026-08-06T11:15:00.000Z,2026-08-06T14:15:00,31.25,31.25,31.25,31.25,50
2026-08-06T11:25:00.000Z,2026-08-06T14:25:00,31.26,31.26,31.26,31.26,24907
2026-08-06T11:26:00.000Z,2026-08-06T14:26:00,31.26,31.26,31.26,31.26,10363
2026-08-06T11:27:00.000Z,2026-08-06T14:27:00,31.26,31.26,31.26,31.26,500
2026-08-06T11:28:00.000Z,2026-08-06T14:28:00,31.26,31.26,31.26,31.26,599
2026-08-06T11:29:00.000Z,2026-08-06T14:29:00,31.26,31.26,31.26,31.26,850
2026-08-09T07:00:00.000Z,2026-08-09T10:00:00,32.99,32.99,32.99,32.99,17771
2026-08-09T07:01:00.000Z,2026-08-09T10:01:00,32.01,32.9,32.01,32.9,1450
2026-08-09T07:02:00.000Z,2026-08-09T10:02:00,32.89,33,32.89,32.89,6649
2026-08-09T07:03:00.000Z,2026-08-09T10:03:00,32.5,32.5,32,32,15333
2026-08-09T07:04:00.000Z,2026-08-09T10:04:00,32,32,31.7,32,4233
2026-08-09T07:05:00.000Z,2026-08-09T10:05:00,32,32,31.5,31.5,8812
2026-08-09T07:06:00.000Z,2026-08-09T10:06:00,31.8,31.99,31.35,31.99,5206
2026-08-09T07:07:00.000Z,2026-08-09T10:07:00,31.98,32.01,31.98,32,32830
2026-08-09T07:08:00.000Z,2026-08-09T10:08:00,32,32,31.9,31.9,15135
2026-08-09T07:09:00.000Z,2026-08-09T10:09:00,31.9,32.39,31.9,32.39,16000
2026-08-09T07:10:00.000Z,2026-08-09T10:10:00,32.39,32.39,32,32,5308
2026-08-09T07:11:00.000Z,2026-08-09T10:11:00,32,32,32,32,11940
2026-08-09T07:12:00.000Z,2026-08-09T10:12:00,31.65,31.65,31.65,31.65,145
2026-08-09T07:13:00.000Z,2026-08-09T10:13:00,31.66,31.7,31.65,31.65,3574
2026-08-09T07:14:00.000Z,2026-08-09T10:14:00,31.65,31.7,31.65,31.7,1616
2026-08-09T07:15:00.000Z,2026-08-09T10:15:00,31.7,31.7,31.7,31.7,70
2026-08-09T07:16:00.000Z,2026-08-09T10:16:00,31.7,32,31.33,32,23502
2026-08-09T07:17:00.000Z,2026-08-09T10:17:00,31.97,31.97,31.97,31.97,296
2026-08-09T07:19:00.000Z,2026-08-09T10:19:00,31.9,32,31.9,31.99,4055
2026-08-09T07:20:00.000Z,2026-08-09T10:20:00,31.4,31.4,31.37,31.37,2902
2026-08-09T07:21:00.000Z,2026-08-09T10:21:00,31.92,31.92,31.92,31.92,1018
2026-08-09T07:22:00.000Z,2026-08-09T10:22:00,31.41,31.41,31.41,31.41,340
2026-08-09T07:24:00.000Z,2026-08-09T10:24:00,31.9,31.9,31.9,31.9,1500
2026-08-09T07:25:00.000Z,2026-08-09T10:25:00,31.9,32,31.9,32,10003
2026-08-09T07:26:00.000Z,2026-08-09T10:26:00,31.9,31.9,31.8,31.8,1962
2026-08-09T07:27:00.000Z,2026-08-09T10:27:00,31.8,32,31.7,32,26889
2026-08-09T07:30:00.000Z,2026-08-09T10:30:00,31.8,31.8,31.5,31.5,7968
2026-08-09T07:31:00.000Z,2026-08-09T10:31:00,31.5,31.5,31.3,31.3,3913
2026-08-09T07:32:00.000Z,2026-08-09T10:32:00,31.8,31.8,31.8,31.8,319
2026-08-09T07:33:00.000Z,2026-08-09T10:33:00,31.77,31.77,31.77,31.77,60
2026-08-09T07:34:00.000Z,2026-08-09T10:34:00,31.31,31.31,31.31,31.31,400
2026-08-09T07:35:00.000Z,2026-08-09T10:35:00,31.75,31.75,31.75,31.75,400
2026-08-09T07:37:00.000Z,2026-08-09T10:37:00,31.4,31.4,31.4,31.4,1464
2026-08-09T07:38:00.000Z,2026-08-09T10:38:00,31.4,31.4,31.4,31.4,518
2026-08-09T07:39:00.000Z,2026-08-09T10:39:00,31.4,31.4,31.4,31.4,15
2026-08-09T07:40:00.000Z,2026-08-09T10:40:00,31.4,31.4,31.4,31.4,1
2026-08-09T07:42:00.000Z,2026-08-09T10:42:00,31.4,31.4,31.4,31.4,47
2026-08-09T07:43:00.000Z,2026-08-09T10:43:00,31.3,31.5,31.28,31.5,2456
2026-08-09T07:44:00.000Z,2026-08-09T10:44:00,31.39,31.39,31.28,31.28,595
2026-08-09T07:45:00.000Z,2026-08-09T10:45:00,31.64,31.64,31.64,31.64,8
2026-08-09T07:50:00.000Z,2026-08-09T10:50:00,31.4,31.4,31.18,31.18,744
2026-08-09T07:51:00.000Z,2026-08-09T10:51:00,31,31,31,31,920
2026-08-09T07:52:00.000Z,2026-08-09T10:52:00,31,31,31,31,208
2026-08-09T07:53:00.000Z,2026-08-09T10:53:00,31.32,31.32,31,31,2069
2026-08-09T07:54:00.000Z,2026-08-09T10:54:00,31,31.29,31,31,6203
2026-08-09T07:55:00.000Z,2026-08-09T10:55:00,31,31.49,31,31.49,1745
2026-08-09T07:57:00.000Z,2026-08-09T10:57:00,31.28,31.28,31.28,31.28,650
2026-08-09T07:58:00.000Z,2026-08-09T10:58:00,31.28,31.28,31.28,31.28,1300
2026-08-09T07:59:00.000Z,2026-08-09T10:59:00,31.28,31.28,31.28,31.28,155
2026-08-09T08:01:00.000Z,2026-08-09T11:01:00,31.2,31.2,31,31,85
2026-08-09T08:08:00.000Z,2026-08-09T11:08:00,31,31,31,31,137
2026-08-09T08:09:00.000Z,2026-08-09T11:09:00,31,31.49,30.81,31.49,7236
2026-08-09T08:10:00.000Z,2026-08-09T11:10:00,31.4,31.4,31.4,31.4,200
2026-08-09T08:11:00.000Z,2026-08-09T11:11:00,30.82,30.82,30.61,30.61,10005
2026-08-09T08:12:00.000Z,2026-08-09T11:12:00,30.62,30.62,29.66,30,30319
2026-08-09T08:13:00.000Z,2026-08-09T11:13:00,30.84,30.85,30.84,30.85,307
2026-08-09T08:15:00.000Z,2026-08-09T11:15:00,30.2,30.2,30.18,30.18,1980
2026-08-09T08:16:00.000Z,2026-08-09T11:16:00,30.73,30.73,30.73,30.73,20
2026-08-09T08:18:00.000Z,2026-08-09T11:18:00,30.23,30.23,30.22,30.22,1026
2026-08-09T08:19:00.000Z,2026-08-09T11:19:00,30.25,30.49,30.25,30.49,880
2026-08-09T08:21:00.000Z,2026-08-09T11:21:00,30.5,30.5,30.32,30.32,95
2026-08-09T08:22:00.000Z,2026-08-09T11:22:00,30.5,30.98,30.32,30.98,3013
2026-08-09T08:24:00.000Z,2026-08-09T11:24:00,30.9,30.9,30.9,30.9,6
2026-08-09T08:28:00.000Z,2026-08-09T11:28:00,30.85,30.85,30.85,30.85,10
2026-08-09T08:32:00.000Z,2026-08-09T11:32:00,30.85,30.89,30.85,30.89,750
2026-08-09T08:35:00.000Z,2026-08-09T11:35:00,30.7,30.7,30.7,30.7,1500
2026-08-09T08:36:00.000Z,2026-08-09T11:36:00,30.7,30.7,30.7,30.7,2300
2026-08-09T08:37:00.000Z,2026-08-09T11:37:00,30.99,30.99,30.99,30.99,100
2026-08-09T08:43:00.000Z,2026-08-09T11:43:00,30.8,31.14,30.8,31.14,1500
2026-08-09T08:44:00.000Z,2026-08-09T11:44:00,31,31.1,31,31.1,2654
2026-08-09T08:45:00.000Z,2026-08-09T11:45:00,31.1,31.1,31.1,31.1,346
2026-08-09T08:46:00.000Z,2026-08-09T11:46:00,30.74,30.74,30.74,30.74,5
2026-08-09T08:53:00.000Z,2026-08-09T11:53:00,30.75,30.75,30.75,30.75,4000
2026-08-09T08:54:00.000Z,2026-08-09T11:54:00,30.75,30.75,30.75,30.75,2000
2026-08-09T08:55:00.000Z,2026-08-09T11:55:00,30.99,31.5,30.99,31.5,7799
2026-08-09T08:56:00.000Z,2026-08-09T11:56:00,31.6,31.75,31.6,31.75,3752
2026-08-09T08:57:00.000Z,2026-08-09T11:57:00,31.75,31.75,31.22,31.25,5165
2026-08-09T08:59:00.000Z,2026-08-09T11:59:00,31.2,31.2,31.1,31.1,11404
2026-08-09T09:00:00.000Z,2026-08-09T12:00:00,31,31,31,31,1000
2026-08-09T09:01:00.000Z,2026-08-09T12:01:00,31,31,31,31,3000
2026-08-09T09:02:00.000Z,2026-08-09T12:02:00,31,31,30.8,30.8,4111
2026-08-09T09:05:00.000Z,2026-08-09T12:05:00,31,31,31,31,1000
2026-08-09T09:06:00.000Z,2026-08-09T12:06:00,30.97,30.97,30.97,30.97,445
2026-08-09T09:07:00.000Z,2026-08-09T12:07:00,30.9,30.9,30.9,30.9,92
2026-08-09T09:08:00.000Z,2026-08-09T12:08:00,30.82,30.82,30.74,30.74,2719
2026-08-09T09:10:00.000Z,2026-08-09T12:10:00,30.95,31.39,30.95,31.39,10000
2026-08-09T09:11:00.000Z,2026-08-09T12:11:00,31.3,31.4,31.3,31.4,3268
2026-08-09T09:16:00.000Z,2026-08-09T12:16:00,30.8,30.8,30.8,30.8,1
2026-08-09T09:17:00.000Z,2026-08-09T12:17:00,30.8,30.8,30.8,30.8,6
2026-08-09T09:20:00.000Z,2026-08-09T12:20:00,31,31,31,31,4000
2026-08-09T09:21:00.000Z,2026-08-09T12:21:00,31.15,31.15,31.15,31.15,5
2026-08-09T09:24:00.000Z,2026-08-09T12:24:00,31.15,31.47,31.15,31.47,10000
2026-08-09T09:26:00.000Z,2026-08-09T12:26:00,31.46,31.46,31.46,31.46,334
2026-08-09T09:27:00.000Z,2026-08-09T12:27:00,31.45,31.5,31.45,31.5,10290
2026-08-09T09:35:00.000Z,2026-08-09T12:35:00,31.45,31.5,31.45,31.5,2215
2026-08-09T09:36:00.000Z,2026-08-09T12:36:00,31.5,31.5,31.5,31.5,4785
2026-08-09T09:38:00.000Z,2026-08-09T12:38:00,31.49,31.5,31.49,31.5,850
2026-08-09T09:42:00.000Z,2026-08-09T12:42:00,31.1,31.1,31.1,31.1,3345
2026-08-09T09:43:00.000Z,2026-08-09T12:43:00,31.1,31.1,31.1,31.1,1702
2026-08-09T09:45:00.000Z,2026-08-09T12:45:00,31.12,31.12,31.12,31.12,3441
2026-08-09T09:46:00.000Z,2026-08-09T12:46:00,31.12,31.12,31.12,31.12,33
2026-08-09T09:47:00.000Z,2026-08-09T12:47:00,31.5,31.69,31.5,31.69,6000
2026-08-09T09:48:00.000Z,2026-08-09T12:48:00,31.69,33,31.69,33,66133
2026-08-09T09:49:00.000Z,2026-08-09T12:49:00,32.89,32.89,32,32,17271
2026-08-09T09:50:00.000Z,2026-08-09T12:50:00,32,32,32,32,15100
2026-08-09T09:51:00.000Z,2026-08-09T12:51:00,32.3,32.8,31.25,31.25,39027
2026-08-09T09:52:00.000Z,2026-08-09T12:52:00,32.48,32.5,32.4,32.4,11000
2026-08-09T09:53:00.000Z,2026-08-09T12:53:00,32,32.19,32,32.19,138
2026-08-09T09:55:00.000Z,2026-08-09T12:55:00,31.99,31.99,31.99,31.99,1567
2026-08-09T09:56:00.000Z,2026-08-09T12:56:00,31.94,32,31.94,31.99,12000
2026-08-09T09:57:00.000Z,2026-08-09T12:57:00,32,32,32,32,1006
2026-08-09T09:58:00.000Z,2026-08-09T12:58:00,32,32.9,32,32,18631
2026-08-09T09:59:00.000Z,2026-08-09T12:59:00,32.88,32.88,32.88,32.88,6000
2026-08-09T10:00:00.000Z,2026-08-09T13:00:00,32.88,32.9,32.88,32.88,2796
2026-08-09T10:01:00.000Z,2026-08-09T13:01:00,32.8,33,32.8,33,84807
2026-08-09T10:02:00.000Z,2026-08-09T13:02:00,32.99,32.99,32.8,32.98,8018
2026-08-09T10:03:00.000Z,2026-08-09T13:03:00,32.8,32.8,32.55,32.56,8688
2026-08-09T10:04:00.000Z,2026-08-09T13:04:00,32.66,32.66,32.55,32.55,3151
2026-08-09T10:05:00.000Z,2026-08-09T13:05:00,32.27,32.27,32.05,32.05,1500
2026-08-09T10:06:00.000Z,2026-08-09T13:06:00,32.4,32.4,32.08,32.08,7000
2026-08-09T10:07:00.000Z,2026-08-09T13:07:00,32.08,32.35,32.01,32.35,9454
2026-08-09T10:08:00.000Z,2026-08-09T13:08:00,32.35,32.45,32.03,32.1,1723
2026-08-09T10:10:00.000Z,2026-08-09T13:10:00,32.09,32.09,32.05,32.05,522
2026-08-09T10:11:00.000Z,2026-08-09T13:11:00,32.19,32.29,32.19,32.29,33
2026-08-09T10:13:00.000Z,2026-08-09T13:13:00,32.25,32.25,32.03,32.03,2605
2026-08-09T10:14:00.000Z,2026-08-09T13:14:00,32.03,32.03,32,32,38184
2026-08-09T10:15:00.000Z,2026-08-09T13:15:00,32,32,32,32,4843
2026-08-09T10:16:00.000Z,2026-08-09T13:16:00,31.94,31.95,31.94,31.95,3894
2026-08-09T10:17:00.000Z,2026-08-09T13:17:00,31.57,31.57,31.57,31.57,756
2026-08-09T10:19:00.000Z,2026-08-09T13:19:00,31.93,31.93,31.93,31.93,1000
2026-08-09T10:25:00.000Z,2026-08-09T13:25:00,31.63,31.94,31.62,31.62,3121
2026-08-09T10:26:00.000Z,2026-08-09T13:26:00,31.94,31.94,31.94,31.94,1576
2026-08-09T10:30:00.000Z,2026-08-09T13:30:00,31.66,31.66,31.66,31.66,76
2026-08-09T10:31:00.000Z,2026-08-09T13:31:00,31.9,31.9,31.9,31.9,1469
2026-08-09T10:32:00.000Z,2026-08-09T13:32:00,31.66,31.66,31.66,31.66,297
2026-08-09T10:33:00.000Z,2026-08-09T13:33:00,31.66,31.66,31.52,31.52,4029
2026-08-09T10:34:00.000Z,2026-08-09T13:34:00,31.52,31.9,31.52,31.9,2042
2026-08-09T10:36:00.000Z,2026-08-09T13:36:00,31.4,31.4,31.15,31.15,4157
2026-08-09T10:38:00.000Z,2026-08-09T13:38:00,31.5,31.5,31.5,31.5,3098
2026-08-09T10:39:00.000Z,2026-08-09T13:39:00,31.23,31.23,31.12,31.12,13735
2026-08-09T10:41:00.000Z,2026-08-09T13:41:00,31.15,31.15,31.15,31.15,3223
2026-08-09T10:43:00.000Z,2026-08-09T13:43:00,31.16,31.16,31.16,31.16,22
2026-08-09T10:44:00.000Z,2026-08-09T13:44:00,31.17,31.17,31.12,31.12,5940
2026-08-09T10:46:00.000Z,2026-08-09T13:46:00,31.49,31.77,31.49,31.74,4384
2026-08-09T10:47:00.000Z,2026-08-09T13:47:00,31.74,31.78,31.74,31.75,5000
2026-08-09T10:51:00.000Z,2026-08-09T13:51:00,31.29,31.29,31.2,31.2,3779
2026-08-09T10:54:00.000Z,2026-08-09T13:54:00,31.2,31.2,31.2,31.2,2000
2026-08-09T10:56:00.000Z,2026-08-09T13:56:00,31.2,31.2,31.2,31.2,283
2026-08-09T10:57:00.000Z,2026-08-09T13:57:00,31.2,31.2,31.2,31.2,2205
2026-08-09T10:59:00.000Z,2026-08-09T13:59:00,31.25,31.25,31.25,31.25,5
2026-08-09T11:02:00.000Z,2026-08-09T14:02:00,31.25,31.25,31.25,31.25,399
2026-08-09T11:06:00.000Z,2026-08-09T14:06:00,31.25,31.26,31.25,31.26,1205
2026-08-09T11:07:00.000Z,2026-08-09T14:07:00,31.26,31.26,31.26,31.26,500
2026-08-09T11:08:00.000Z,2026-08-09T14:08:00,31.26,31.26,31.2,31.2,2623
2026-08-09T11:10:00.000Z,2026-08-09T14:10:00,31.2,31.2,31.11,31.11,3620
2026-08-09T11:11:00.000Z,2026-08-09T14:11:00,31.45,31.45,31.45,31.45,550
2026-08-09T11:14:00.000Z,2026-08-09T14:14:00,31.3,31.3,31,31,14214
2026-08-09T11:25:00.000Z,2026-08-09T14:25:00,31.02,31.02,31.02,31.02,13000
2026-08-09T11:27:00.000Z,2026-08-09T14:27:00,31.02,31.02,31.02,31.02,7500
2026-08-09T11:29:00.000Z,2026-08-09T14:29:00,31.02,31.02,31.02,31.02,3950
2026-08-10T07:00:00.000Z,2026-08-10T10:00:00,31.4,31.4,31,31,500
2026-08-10T07:01:00.000Z,2026-08-10T10:01:00,31,31,31,31,513
2026-08-10T07:02:00.000Z,2026-08-10T10:02:00,30.8,30.8,30.37,30.37,5275
2026-08-10T07:03:00.000Z,2026-08-10T10:03:00,30.4,30.4,30.37,30.37,4293
2026-08-10T07:04:00.000Z,2026-08-10T10:04:00,30.35,30.35,30.35,30.35,228
2026-08-10T07:06:00.000Z,2026-08-10T10:06:00,30.51,30.84,30.51,30.84,1245
2026-08-10T07:07:00.000Z,2026-08-10T10:07:00,31,31,30.87,30.87,1087
2026-08-10T07:11:00.000Z,2026-08-10T10:11:00,30.8,30.8,30.22,30.22,20110
2026-08-10T07:13:00.000Z,2026-08-10T10:13:00,30.56,30.56,30.56,30.56,3500
2026-08-10T07:14:00.000Z,2026-08-10T10:14:00,30.56,30.56,30.55,30.55,3500
2026-08-10T07:15:00.000Z,2026-08-10T10:15:00,30.55,30.55,30.55,30.55,7000
2026-08-10T07:16:00.000Z,2026-08-10T10:16:00,30.54,30.54,30.54,30.54,307
2026-08-10T07:17:00.000Z,2026-08-10T10:17:00,30.55,30.55,30.55,30.55,9
2026-08-10T07:18:00.000Z,2026-08-10T10:18:00,30.26,30.26,30.26,30.26,408
2026-08-10T07:20:00.000Z,2026-08-10T10:20:00,30.3,30.3,30.3,30.3,2214
2026-08-10T07:21:00.000Z,2026-08-10T10:21:00,30.3,30.3,30.25,30.25,1913
2026-08-10T07:23:00.000Z,2026-08-10T10:23:00,30.26,30.27,30.02,30.02,20923
2026-08-10T07:24:00.000Z,2026-08-10T10:24:00,30.02,30.02,30,30,4400
2026-08-10T07:25:00.000Z,2026-08-10T10:25:00,29.81,30,29.51,30,5251
2026-08-10T07:26:00.000Z,2026-08-10T10:26:00,30,30,30,30,250
2026-08-10T07:27:00.000Z,2026-08-10T10:27:00,29.99,29.99,29.99,29.99,90
2026-08-10T07:28:00.000Z,2026-08-10T10:28:00,29.98,29.99,29.98,29.99,1000
2026-08-10T07:30:00.000Z,2026-08-10T10:30:00,29.9,29.9,29.7,29.7,171
2026-08-10T07:31:00.000Z,2026-08-10T10:31:00,29.76,29.76,29.75,29.75,3300
2026-08-10T07:32:00.000Z,2026-08-10T10:32:00,29.77,30,29.75,30,3670
2026-08-10T07:33:00.000Z,2026-08-10T10:33:00,30,30,30,30,2500
2026-08-10T07:34:00.000Z,2026-08-10T10:34:00,30,30,30,30,208
2026-08-10T07:36:00.000Z,2026-08-10T10:36:00,30,30,30,30,1842
2026-08-10T07:38:00.000Z,2026-08-10T10:38:00,29.75,29.75,29.74,29.74,309
2026-08-10T07:39:00.000Z,2026-08-10T10:39:00,29.9,29.9,29.9,29.9,168
2026-08-10T07:40:00.000Z,2026-08-10T10:40:00,29.77,29.77,29.76,29.76,1000
2026-08-10T07:41:00.000Z,2026-08-10T10:41:00,29.76,29.76,29.76,29.76,327
2026-08-10T07:42:00.000Z,2026-08-10T10:42:00,29.75,29.76,29.75,29.76,1170
2026-08-10T07:43:00.000Z,2026-08-10T10:43:00,29.95,30,29.95,30,3200
2026-08-10T07:46:00.000Z,2026-08-10T10:46:00,30.2,30.29,30.2,30.29,2750
2026-08-10T07:47:00.000Z,2026-08-10T10:47:00,30.28,30.28,30.28,30.28,10
2026-08-10T07:51:00.000Z,2026-08-10T10:51:00,30.19,30.19,30,30,2547
2026-08-10T07:52:00.000Z,2026-08-10T10:52:00,30,30,30,30,2000
2026-08-10T07:53:00.000Z,2026-08-10T10:53:00,30,30,30,30,1705
2026-08-10T07:54:00.000Z,2026-08-10T10:54:00,29.96,29.96,29.96,29.96,103
2026-08-10T07:55:00.000Z,2026-08-10T10:55:00,29.76,29.76,29.75,29.75,2000
2026-08-10T07:56:00.000Z,2026-08-10T10:56:00,29.76,29.76,29.76,29.76,196
2026-08-10T07:57:00.000Z,2026-08-10T10:57:00,29.9,29.9,29.9,29.9,10
2026-08-10T07:58:00.000Z,2026-08-10T10:58:00,29.9,29.9,29.9,29.9,50
2026-08-10T08:00:00.000Z,2026-08-10T11:00:00,29.9,29.9,29.8,29.8,1300
2026-08-10T08:01:00.000Z,2026-08-10T11:01:00,29.9,29.9,29.9,29.9,55
2026-08-10T08:03:00.000Z,2026-08-10T11:03:00,29.9,29.9,29.9,29.9,172
2026-08-10T08:04:00.000Z,2026-08-10T11:04:00,29.9,29.9,29.8,29.8,1500
2026-08-10T08:06:00.000Z,2026-08-10T11:06:00,29.8,29.8,29.8,29.8,7
2026-08-10T08:07:00.000Z,2026-08-10T11:07:00,29.77,29.8,29.77,29.77,2985
2026-08-10T08:08:00.000Z,2026-08-10T11:08:00,29.8,29.8,29.8,29.8,500
2026-08-10T08:09:00.000Z,2026-08-10T11:09:00,29.77,29.77,29.77,29.77,1920
2026-08-10T08:10:00.000Z,2026-08-10T11:10:00,29.77,29.77,29.73,29.73,600
2026-08-10T08:12:00.000Z,2026-08-10T11:12:00,29.74,29.74,29.7,29.7,1000
2026-08-10T08:13:00.000Z,2026-08-10T11:13:00,29.7,29.7,29.65,29.65,2495
2026-08-10T08:14:00.000Z,2026-08-10T11:14:00,29.65,29.65,29.61,29.61,1000
2026-08-10T08:15:00.000Z,2026-08-10T11:15:00,29.64,29.64,29.61,29.61,4512
2026-08-10T08:16:00.000Z,2026-08-10T11:16:00,29.64,29.71,29.64,29.71,27
2026-08-10T08:18:00.000Z,2026-08-10T11:18:00,29.71,29.71,29.71,29.71,337
2026-08-10T08:19:00.000Z,2026-08-10T11:19:00,29.8,29.8,29.8,29.8,34
2026-08-10T08:21:00.000Z,2026-08-10T11:21:00,29.71,29.71,29.65,29.65,2000
2026-08-10T08:22:00.000Z,2026-08-10T11:22:00,29.8,29.95,29.8,29.95,473
2026-08-10T08:24:00.000Z,2026-08-10T11:24:00,29.66,29.66,29.65,29.65,1732
2026-08-10T08:25:00.000Z,2026-08-10T11:25:00,29.65,29.65,29.65,29.65,60
2026-08-10T08:26:00.000Z,2026-08-10T11:26:00,29.65,29.65,29.65,29.65,30
2026-08-10T08:27:00.000Z,2026-08-10T11:27:00,29.65,29.65,29.65,29.65,178
2026-08-10T08:28:00.000Z,2026-08-10T11:28:00,29.65,29.65,29.65,29.65,5
2026-08-10T08:29:00.000Z,2026-08-10T11:29:00,29.66,29.66,29.65,29.65,2214
2026-08-10T08:30:00.000Z,2026-08-10T11:30:00,29.88,29.89,29.88,29.89,2000
2026-08-10T08:32:00.000Z,2026-08-10T11:32:00,29.93,29.96,29.93,29.96,3168
2026-08-10T08:33:00.000Z,2026-08-10T11:33:00,29.99,29.99,29.99,29.99,237
2026-08-10T08:35:00.000Z,2026-08-10T11:35:00,29.77,30.3,29.76,30.3,6200
2026-08-10T08:36:00.000Z,2026-08-10T11:36:00,30.3,30.5,30.3,30.5,6500
2026-08-10T08:39:00.000Z,2026-08-10T11:39:00,29.93,29.93,29.8,29.8,2162
2026-08-10T08:41:00.000Z,2026-08-10T11:41:00,30.28,30.28,30.28,30.28,8
2026-08-10T08:42:00.000Z,2026-08-10T11:42:00,29.81,29.81,29.81,29.81,4
2026-08-10T08:49:00.000Z,2026-08-10T11:49:00,30.28,30.28,30.28,30.28,3
2026-08-10T08:50:00.000Z,2026-08-10T11:50:00,29.83,29.83,29.82,29.82,500
2026-08-10T08:52:00.000Z,2026-08-10T11:52:00,30,30,30,30,5000
2026-08-10T08:55:00.000Z,2026-08-10T11:55:00,29.83,29.83,29.83,29.83,111
2026-08-10T08:56:00.000Z,2026-08-10T11:56:00,29.85,29.85,29.85,29.85,1000
2026-08-10T08:58:00.000Z,2026-08-10T11:58:00,29.99,29.99,29.99,29.99,521
2026-08-10T09:01:00.000Z,2026-08-10T12:01:00,30.28,30.3,30.28,30.3,2500
2026-08-10T09:05:00.000Z,2026-08-10T12:05:00,30.06,30.06,30.01,30.01,10000
2026-08-10T09:06:00.000Z,2026-08-10T12:06:00,30.01,30.01,30,30,8555
2026-08-10T09:08:00.000Z,2026-08-10T12:08:00,30,30,30,30,2975
2026-08-10T09:09:00.000Z,2026-08-10T12:09:00,30,30,30,30,4671
2026-08-10T09:10:00.000Z,2026-08-10T12:10:00,30,30,30,30,329
2026-08-10T09:15:00.000Z,2026-08-10T12:15:00,30.01,30.39,30.01,30.39,2000
2026-08-10T09:16:00.000Z,2026-08-10T12:16:00,30.39,30.4,30.39,30.4,500
2026-08-10T09:20:00.000Z,2026-08-10T12:20:00,30.39,30.39,30.39,30.39,500
2026-08-10T09:21:00.000Z,2026-08-10T12:21:00,30.1,30.1,30.1,30.1,500
2026-08-10T09:25:00.000Z,2026-08-10T12:25:00,30.1,30.1,30.1,30.1,500
2026-08-10T09:28:00.000Z,2026-08-10T12:28:00,30.25,30.25,30.25,30.25,1
2026-08-10T09:29:00.000Z,2026-08-10T12:29:00,30.25,30.25,30.25,30.25,250
2026-08-10T09:31:00.000Z,2026-08-10T12:31:00,30,30,30,30,749
2026-08-10T09:44:00.000Z,2026-08-10T12:44:00,30.19,30.19,30.19,30.19,25
2026-08-10T09:46:00.000Z,2026-08-10T12:46:00,30,30,30,30,975
2026-08-10T09:48:00.000Z,2026-08-10T12:48:00,30,30,30,30,934
2026-08-10T09:51:00.000Z,2026-08-10T12:51:00,30,30,30,30,1783
2026-08-10T09:59:00.000Z,2026-08-10T12:59:00,30,30,30,30,10
2026-08-10T10:08:00.000Z,2026-08-10T13:08:00,30.02,30.02,30.02,30.02,600
2026-08-10T10:16:00.000Z,2026-08-10T13:16:00,30.18,30.18,30.03,30.03,242
2026-08-10T10:18:00.000Z,2026-08-10T13:18:00,30.03,30.03,30.03,30.03,155
2026-08-10T10:21:00.000Z,2026-08-10T13:21:00,30.03,30.03,29.7,29.7,10435
2026-08-10T10:24:00.000Z,2026-08-10T13:24:00,30.03,30.2,30.03,30.2,300
2026-08-10T10:25:00.000Z,2026-08-10T13:25:00,30.2,30.2,30.2,30.2,390
2026-08-10T10:43:00.000Z,2026-08-10T13:43:00,29.8,29.8,29.8,29.8,270
2026-08-10T10:45:00.000Z,2026-08-10T13:45:00,29.81,29.81,29.81,29.81,1000
2026-08-10T10:46:00.000Z,2026-08-10T13:46:00,29.8,29.8,29.8,29.8,2200
2026-08-10T10:47:00.000Z,2026-08-10T13:47:00,29.81,29.81,29.8,29.8,2899
2026-08-10T10:48:00.000Z,2026-08-10T13:48:00,30,30,30,30,5000
2026-08-10T10:49:00.000Z,2026-08-10T13:49:00,29.8,29.8,29.8,29.8,500
2026-08-10T10:52:00.000Z,2026-08-10T13:52:00,29.83,29.83,29.82,29.82,3700
2026-08-10T10:53:00.000Z,2026-08-10T13:53:00,29.82,29.82,29.82,29.82,2000
2026-08-10T10:57:00.000Z,2026-08-10T13:57:00,29.98,30,29.98,30,2538
2026-08-10T10:59:00.000Z,2026-08-10T13:59:00,30,30,30,30,5000
2026-08-10T11:01:00.000Z,2026-08-10T14:01:00,29.82,29.82,29.82,29.82,684
2026-08-10T11:03:00.000Z,2026-08-10T14:03:00,29.82,29.82,29.82,29.82,2500
2026-08-10T11:06:00.000Z,2026-08-10T14:06:00,29.87,29.87,29.87,29.87,2500
2026-08-10T11:09:00.000Z,2026-08-10T14:09:00,29.87,29.87,29.87,29.87,3500
2026-08-10T11:10:00.000Z,2026-08-10T14:10:00,30.07,30.07,30.07,30.07,2
2026-08-10T11:14:00.000Z,2026-08-10T14:14:00,30,30,29.7,29.7,12374
2026-08-10T11:25:00.000Z,2026-08-10T14:25:00,29.83,29.83,29.83,29.83,8326
2026-08-10T11:26:00.000Z,2026-08-10T14:26:00,29.83,29.83,29.83,29.83,2366
2026-08-10T11:28:00.000Z,2026-08-10T14:28:00,29.83,29.83,29.83,29.83,800
2026-08-10T11:29:00.000Z,2026-08-10T14:29:00,29.83,29.83,29.83,29.83,2000
2026-08-11T07:00:00.000Z,2026-08-11T10:00:00,30.5,30.75,30.5,30.75,4777
2026-08-11T07:01:00.000Z,2026-08-11T10:01:00,30.5,30.5,30.5,30.5,2382
2026-08-11T07:02:00.000Z,2026-08-11T10:02:00,30.21,30.21,30.21,30.21,90
2026-08-11T07:04:00.000Z,2026-08-11T10:04:00,30.5,30.78,30.5,30.78,1782
2026-08-11T07:05:00.000Z,2026-08-11T10:05:00,30.78,30.78,30.25,30.25,2986
2026-08-11T07:07:00.000Z,2026-08-11T10:07:00,30.78,30.9,30.78,30.9,200
2026-08-11T07:09:00.000Z,2026-08-11T10:09:00,30.89,31,30.89,31,3902
2026-08-11T07:10:00.000Z,2026-08-11T10:10:00,31,31,30.89,30.89,6831
2026-08-11T07:11:00.000Z,2026-08-11T10:11:00,30.89,30.89,30.52,30.52,734
2026-08-11T07:12:00.000Z,2026-08-11T10:12:00,30.9,30.9,30.9,30.9,1
2026-08-11T07:13:00.000Z,2026-08-11T10:13:00,30.52,30.52,30.5,30.5,913
2026-08-11T07:14:00.000Z,2026-08-11T10:14:00,30.5,30.5,30.5,30.5,799
2026-08-11T07:15:00.000Z,2026-08-11T10:15:00,30.5,30.75,30.5,30.75,1000
2026-08-11T07:16:00.000Z,2026-08-11T10:16:00,30.75,30.75,30.75,30.75,36
2026-08-11T07:19:00.000Z,2026-08-11T10:19:00,30.4,30.4,30.4,30.4,5
2026-08-11T07:20:00.000Z,2026-08-11T10:20:00,30.4,30.4,30.4,30.4,382
2026-08-11T07:24:00.000Z,2026-08-11T10:24:00,30.4,30.4,30.4,30.4,1613
2026-08-11T07:25:00.000Z,2026-08-11T10:25:00,30.31,30.31,30.25,30.25,509
2026-08-11T07:27:00.000Z,2026-08-11T10:27:00,30.25,30.25,30.25,30.25,307
2026-08-11T07:33:00.000Z,2026-08-11T10:33:00,30.25,30.25,30.21,30.21,300
2026-08-11T07:38:00.000Z,2026-08-11T10:38:00,30.21,30.21,30.2,30.2,1500
2026-08-11T07:39:00.000Z,2026-08-11T10:39:00,30.2,30.2,30.2,30.2,2800
2026-08-11T07:42:00.000Z,2026-08-11T10:42:00,30.2,30.2,30.2,30.2,1000
2026-08-11T07:44:00.000Z,2026-08-11T10:44:00,30.2,30.2,30.15,30.15,1000
2026-08-11T07:48:00.000Z,2026-08-11T10:48:00,30.39,30.39,30.39,30.39,1000
2026-08-11T07:49:00.000Z,2026-08-11T10:49:00,30.4,30.4,30.4,30.4,1000
2026-08-11T08:00:00.000Z,2026-08-11T11:00:00,30.2,30.2,30.2,30.2,16
2026-08-11T08:10:00.000Z,2026-08-11T11:10:00,30.2,30.2,30.2,30.2,484
2026-08-11T08:22:00.000Z,2026-08-11T11:22:00,30.15,30.15,30.15,30.15,5
2026-08-11T08:31:00.000Z,2026-08-11T11:31:00,30.2,30.3,30.2,30.3,1831
2026-08-11T08:33:00.000Z,2026-08-11T11:33:00,30.15,30.15,30.15,30.15,117
2026-08-11T08:44:00.000Z,2026-08-11T11:44:00,30.16,30.16,30.16,30.16,443
2026-08-11T08:46:00.000Z,2026-08-11T11:46:00,30.16,30.16,30.15,30.15,890
2026-08-11T08:48:00.000Z,2026-08-11T11:48:00,30.15,30.15,30.15,30.15,3756
2026-08-11T08:49:00.000Z,2026-08-11T11:49:00,30.15,30.15,30.15,30.15,3290
2026-08-11T08:50:00.000Z,2026-08-11T11:50:00,30.14,30.14,30.14,30.14,454
2026-08-11T08:52:00.000Z,2026-08-11T11:52:00,30,30,30,30,5000
2026-08-11T08:55:00.000Z,2026-08-11T11:55:00,30.15,30.23,30.15,30.23,2100
2026-08-11T09:05:00.000Z,2026-08-11T12:05:00,30.29,30.29,30.29,30.29,863
2026-08-11T09:09:00.000Z,2026-08-11T12:09:00,30.26,30.3,30.26,30.3,469
2026-08-11T09:19:00.000Z,2026-08-11T12:19:00,30.3,30.3,30.3,30.3,231
2026-08-11T09:27:00.000Z,2026-08-11T12:27:00,30.3,30.3,30.3,30.3,100
2026-08-11T09:40:00.000Z,2026-08-11T12:40:00,30.06,30.06,30.06,30.06,1000
2026-08-11T09:41:00.000Z,2026-08-11T12:41:00,30.05,30.05,30.05,30.05,3270
2026-08-11T09:44:00.000Z,2026-08-11T12:44:00,30.1,30.1,30.1,30.1,316
2026-08-11T09:47:00.000Z,2026-08-11T12:47:00,30.29,30.29,30.29,30.29,33
2026-08-11T10:00:00.000Z,2026-08-11T13:00:00,30.1,30.4,30.1,30.4,2141
2026-08-11T10:03:00.000Z,2026-08-11T13:03:00,30.4,30.4,30.4,30.4,320
2026-08-11T10:06:00.000Z,2026-08-11T13:06:00,30.5,30.5,30.5,30.5,680
2026-08-11T10:13:00.000Z,2026-08-11T13:13:00,30.4,30.4,30.35,30.35,1000
2026-08-11T10:14:00.000Z,2026-08-11T13:14:00,30.35,30.35,30.35,30.35,3320
2026-08-11T10:15:00.000Z,2026-08-11T13:15:00,30.35,30.35,30.35,30.35,6430
2026-08-11T10:19:00.000Z,2026-08-11T13:19:00,30.1,30.1,30.01,30.01,3000
2026-08-11T10:30:00.000Z,2026-08-11T13:30:00,30.49,30.49,30.49,30.49,1
2026-08-11T10:35:00.000Z,2026-08-11T13:35:00,30.05,30.05,30.05,30.05,5
2026-08-11T10:36:00.000Z,2026-08-11T13:36:00,30.05,30.05,30.04,30.04,1050
2026-08-11T10:44:00.000Z,2026-08-11T13:44:00,30.25,30.25,30.25,30.25,66
2026-08-11T10:50:00.000Z,2026-08-11T13:50:00,30.25,30.25,30.25,30.25,2205
2026-08-11T10:55:00.000Z,2026-08-11T13:55:00,30.25,30.25,30.25,30.25,1100
2026-08-11T10:58:00.000Z,2026-08-11T13:58:00,30.25,30.25,30.25,30.25,11
2026-08-11T11:04:00.000Z,2026-08-11T14:04:00,30.22,30.22,30.22,30.22,2000
2026-08-11T11:06:00.000Z,2026-08-11T14:06:00,30.04,30.04,30,30,5000
2026-08-11T11:09:00.000Z,2026-08-11T14:09:00,30.22,30.49,30.22,30.49,4690
2026-08-11T11:11:00.000Z,2026-08-11T14:11:00,30.5,30.5,30.5,30.5,10000
2026-08-11T11:12:00.000Z,2026-08-11T14:12:00,30.6,30.74,30.6,30.6,3460
2026-08-11T11:13:00.000Z,2026-08-11T14:13:00,30.6,30.6,30.5,30.6,13050
2026-08-11T11:14:00.000Z,2026-08-11T14:14:00,30.6,30.6,30.6,30.6,1100
2026-08-11T11:25:00.000Z,2026-08-11T14:25:00,30.53,30.53,30.53,30.53,5222
2026-08-11T11:27:00.000Z,2026-08-11T14:27:00,30.53,30.53,30.53,30.53,2263
2026-08-12T07:00:00.000Z,2026-08-12T10:00:00,30.4,30.4,30.4,30.4,20
2026-08-12T07:02:00.000Z,2026-08-12T10:02:00,30.4,30.4,30.4,30.4,70
2026-08-12T07:04:00.000Z,2026-08-12T10:04:00,30.4,30.4,30.4,30.4,164
2026-08-12T07:05:00.000Z,2026-08-12T10:05:00,30.4,30.4,30.4,30.4,21
2026-08-12T07:06:00.000Z,2026-08-12T10:06:00,31.25,31.53,31.25,31.53,6978
2026-08-12T07:07:00.000Z,2026-08-12T10:07:00,31.53,31.53,31.53,31.53,168
2026-08-12T07:09:00.000Z,2026-08-12T10:09:00,31.2,31.5,31.2,31.5,2663
2026-08-12T07:10:00.000Z,2026-08-12T10:10:00,31.19,31.19,31.19,31.19,500
2026-08-12T07:11:00.000Z,2026-08-12T10:11:00,31.2,31.53,31.2,31.53,1000
2026-08-12T07:12:00.000Z,2026-08-12T10:12:00,31.19,31.19,30.5,30.5,64
2026-08-12T07:13:00.000Z,2026-08-12T10:13:00,31.53,31.8,31.53,31.8,1570
2026-08-12T07:14:00.000Z,2026-08-12T10:14:00,31.74,31.74,31.5,31.7,2089
2026-08-12T07:15:00.000Z,2026-08-12T10:15:00,31.69,31.7,31.69,31.7,1510
2026-08-12T07:17:00.000Z,2026-08-12T10:17:00,31.7,31.7,31.65,31.65,1141
2026-08-12T07:18:00.000Z,2026-08-12T10:18:00,31.65,31.74,31.65,31.7,6960
2026-08-12T07:19:00.000Z,2026-08-12T10:19:00,31.74,31.8,31.74,31.8,558
2026-08-12T07:20:00.000Z,2026-08-12T10:20:00,31.8,31.8,31.8,31.8,1493
2026-08-12T07:21:00.000Z,2026-08-12T10:21:00,31.8,31.97,31.6,31.6,1776
2026-08-12T07:22:00.000Z,2026-08-12T10:22:00,31.6,31.6,31.5,31.5,1735
2026-08-12T07:23:00.000Z,2026-08-12T10:23:00,31.5,31.5,30.5,30.5,2250
2026-08-12T07:25:00.000Z,2026-08-12T10:25:00,30.62,30.62,30.62,30.62,63
2026-08-12T07:27:00.000Z,2026-08-12T10:27:00,31.77,31.78,31.77,31.78,655
2026-08-12T07:29:00.000Z,2026-08-12T10:29:00,31.63,31.63,31.63,31.63,566
2026-08-12T07:39:00.000Z,2026-08-12T10:39:00,31.49,31.49,31.49,31.49,9
2026-08-12T07:40:00.000Z,2026-08-12T10:40:00,31.49,31.49,31.49,31.49,2
2026-08-12T07:44:00.000Z,2026-08-12T10:44:00,31.48,31.48,31.48,31.48,1000
2026-08-12T07:50:00.000Z,2026-08-12T10:50:00,31,31,31,31,1000
2026-08-12T07:51:00.000Z,2026-08-12T10:51:00,31,31,31,31,500
2026-08-12T07:55:00.000Z,2026-08-12T10:55:00,31.45,31.45,31.45,31.45,31
2026-08-12T07:56:00.000Z,2026-08-12T10:56:00,30.9,31.45,30.86,30.86,1895
2026-08-12T07:57:00.000Z,2026-08-12T10:57:00,30.86,31.45,30.82,31.45,429
2026-08-12T08:02:00.000Z,2026-08-12T11:02:00,30.82,30.82,30.82,30.82,239
2026-08-12T08:03:00.000Z,2026-08-12T11:03:00,30.7,30.7,30.62,30.62,1265
2026-08-12T08:15:00.000Z,2026-08-12T11:15:00,30.66,30.66,30.01,30.01,11889
2026-08-12T08:20:00.000Z,2026-08-12T11:20:00,30.32,30.32,30.32,30.32,60
2026-08-12T08:26:00.000Z,2026-08-12T11:26:00,30.98,30.99,30.98,30.99,93
2026-08-12T08:28:00.000Z,2026-08-12T11:28:00,30.34,30.34,30.34,30.34,5
2026-08-12T08:33:00.000Z,2026-08-12T11:33:00,30.34,30.34,30.34,30.34,1
2026-08-12T08:46:00.000Z,2026-08-12T11:46:00,30.35,30.35,30.35,30.35,257
2026-08-12T08:47:00.000Z,2026-08-12T11:47:00,30.36,30.36,30.36,30.36,1
2026-08-12T08:50:00.000Z,2026-08-12T11:50:00,30.38,30.38,30.36,30.36,1343
2026-08-12T08:51:00.000Z,2026-08-12T11:51:00,30.36,30.36,30.32,30.32,3434
2026-08-12T09:04:00.000Z,2026-08-12T12:04:00,30.77,30.84,30.77,30.84,500
2026-08-12T09:13:00.000Z,2026-08-12T12:13:00,30.9,30.9,30.9,30.9,37
2026-08-12T09:25:00.000Z,2026-08-12T12:25:00,30.41,30.41,30.4,30.4,3000
2026-08-12T09:26:00.000Z,2026-08-12T12:26:00,30.4,30.4,30.4,30.4,1133
2026-08-12T09:28:00.000Z,2026-08-12T12:28:00,30.4,30.4,30.4,30.4,739
2026-08-12T09:29:00.000Z,2026-08-12T12:29:00,30.32,30.32,30.32,30.32,617
2026-08-12T09:30:00.000Z,2026-08-12T12:30:00,30.32,30.32,30.32,30.32,429
2026-08-12T09:33:00.000Z,2026-08-12T12:33:00,30.4,30.4,30.25,30.25,2623
2026-08-12T09:34:00.000Z,2026-08-12T12:34:00,30.25,30.25,30.25,30.25,5171
2026-08-12T09:35:00.000Z,2026-08-12T12:35:00,30.25,30.25,30.25,30.25,492
2026-08-12T09:36:00.000Z,2026-08-12T12:36:00,30.69,30.69,30.69,30.69,6
2026-08-12T09:37:00.000Z,2026-08-12T12:37:00,30.69,30.7,30.69,30.7,2994
2026-08-12T09:38:00.000Z,2026-08-12T12:38:00,30.8,30.8,30.8,30.8,50
2026-08-12T09:39:00.000Z,2026-08-12T12:39:00,30.8,30.88,30.8,30.88,7000
2026-08-12T09:40:00.000Z,2026-08-12T12:40:00,30.88,31,30.88,31,5000
2026-08-12T09:42:00.000Z,2026-08-12T12:42:00,30.7,30.7,30.5,30.5,4004
2026-08-12T09:43:00.000Z,2026-08-12T12:43:00,30.5,30.5,30.5,30.5,710
2026-08-12T09:44:00.000Z,2026-08-12T12:44:00,30.5,30.5,30.5,30.5,790
2026-08-12T09:49:00.000Z,2026-08-12T12:49:00,30.51,30.51,30.5,30.5,2350
2026-08-12T09:50:00.000Z,2026-08-12T12:50:00,30.5,30.5,30.5,30.5,560
2026-08-12T09:54:00.000Z,2026-08-12T12:54:00,30.26,30.26,30.26,30.26,168
2026-08-12T10:00:00.000Z,2026-08-12T13:00:00,30.3,30.3,30.3,30.3,332
2026-08-12T10:01:00.000Z,2026-08-12T13:01:00,30.49,30.49,30.49,30.49,3
2026-08-12T10:04:00.000Z,2026-08-12T13:04:00,30.3,30.3,30.3,30.3,118
2026-08-12T10:09:00.000Z,2026-08-12T13:09:00,30.3,30.3,30.13,30.13,3250
2026-08-12T10:15:00.000Z,2026-08-12T13:15:00,30.16,30.16,30.16,30.16,359
2026-08-12T10:18:00.000Z,2026-08-12T13:18:00,30.17,30.17,30.17,30.17,1072
2026-08-12T10:19:00.000Z,2026-08-12T13:19:00,30.17,30.17,30.13,30.13,5066
2026-08-12T10:21:00.000Z,2026-08-12T13:21:00,30.17,30.17,30.17,30.17,126
2026-08-12T10:22:00.000Z,2026-08-12T13:22:00,30.3,30.3,30.03,30.03,5000
2026-08-12T10:23:00.000Z,2026-08-12T13:23:00,30.05,30.05,30,30,7023
2026-08-12T10:24:00.000Z,2026-08-12T13:24:00,30,30,30,30,1600
2026-08-12T10:25:00.000Z,2026-08-12T13:25:00,29.85,30,29.85,30,5377
2026-08-12T10:26:00.000Z,2026-08-12T13:26:00,30,30,30,30,2623
2026-08-12T10:27:00.000Z,2026-08-12T13:27:00,30,30,30,30,1300
2026-08-12T10:28:00.000Z,2026-08-12T13:28:00,30,30,30,30,6077
2026-08-12T10:29:00.000Z,2026-08-12T13:29:00,30,30,30,30,5000
2026-08-12T10:30:00.000Z,2026-08-12T13:30:00,30,30,30,30,8000
2026-08-12T10:38:00.000Z,2026-08-12T13:38:00,30.01,30.01,30.01,30.01,1000
2026-08-12T10:56:00.000Z,2026-08-12T13:56:00,30.07,30.07,30.06,30.06,1000
2026-08-12T11:00:00.000Z,2026-08-12T14:00:00,30.03,30.35,30.03,30.35,1065
2026-08-12T11:01:00.000Z,2026-08-12T14:01:00,30.02,30.02,30.02,30.02,7
2026-08-12T11:10:00.000Z,2026-08-12T14:10:00,30.15,30.15,30.03,30.03,500
2026-08-12T11:11:00.000Z,2026-08-12T14:11:00,30.03,30.03,30.02,30.02,1700
2026-08-12T11:13:00.000Z,2026-08-12T14:13:00,30.02,30.02,30.01,30.01,1000
2026-08-12T11:14:00.000Z,2026-08-12T14:14:00,30.01,30.01,30,30,600
2026-08-12T11:28:00.000Z,2026-08-12T14:28:00,30.05,30.05,30.05,30.05,4150
2026-08-13T07:00:00.000Z,2026-08-13T10:00:00,30,30,30,30,15
2026-08-13T07:02:00.000Z,2026-08-13T10:02:00,30.05,30.05,30.05,30.05,143
2026-08-13T07:08:00.000Z,2026-08-13T10:08:00,30.05,30.05,30.05,30.05,334
2026-08-13T07:12:00.000Z,2026-08-13T10:12:00,30.05,30.05,30.05,30.05,996
2026-08-13T07:14:00.000Z,2026-08-13T10:14:00,30,30,30,30,1000
2026-08-13T07:15:00.000Z,2026-08-13T10:15:00,30,30,30,30,6003
2026-08-13T07:16:00.000Z,2026-08-13T10:16:00,30.2,30.2,30.2,30.2,5
2026-08-13T07:20:00.000Z,2026-08-13T10:20:00,30,30,30,30,1561
2026-08-13T07:25:00.000Z,2026-08-13T10:25:00,30,30.2,30,30.2,1650
2026-08-13T07:32:00.000Z,2026-08-13T10:32:00,30,30,30,30,48
2026-08-13T07:39:00.000Z,2026-08-13T10:39:00,30,30,30,30,2000
2026-08-13T07:41:00.000Z,2026-08-13T10:41:00,30,30,30,30,5100
2026-08-13T07:42:00.000Z,2026-08-13T10:42:00,30,30,30,30,1000
2026-08-13T07:44:00.000Z,2026-08-13T10:44:00,30.01,30.01,30,30,4000
2026-08-13T07:47:00.000Z,2026-08-13T10:47:00,30,30,30,30,3
2026-08-13T07:48:00.000Z,2026-08-13T10:48:00,30.2,30.2,30.2,30.2,17
2026-08-13T07:51:00.000Z,2026-08-13T10:51:00,30,30,30,30,4000
2026-08-13T07:53:00.000Z,2026-08-13T10:53:00,30,30.2,30,30.2,1012
2026-08-13T07:55:00.000Z,2026-08-13T10:55:00,30,30,30,30,54
2026-08-13T07:56:00.000Z,2026-08-13T10:56:00,30,30,30,30,150
2026-08-13T07:57:00.000Z,2026-08-13T10:57:00,30,30,30,30,2000
2026-08-13T08:03:00.000Z,2026-08-13T11:03:00,30,30,30,30,330
2026-08-13T08:15:00.000Z,2026-08-13T11:15:00,30,30,30,30,1000
2026-08-13T08:18:00.000Z,2026-08-13T11:18:00,30.01,30.01,30.01,30.01,3072
2026-08-13T08:30:00.000Z,2026-08-13T11:30:00,30.01,30.01,30.01,30.01,1000
2026-08-13T08:43:00.000Z,2026-08-13T11:43:00,30.01,30.01,30,30,885
2026-08-13T08:46:00.000Z,2026-08-13T11:46:00,30.19,30.19,30.19,30.19,187
2026-08-13T08:53:00.000Z,2026-08-13T11:53:00,30.18,30.18,30.18,30.18,18
2026-08-13T09:00:00.000Z,2026-08-13T12:00:00,30.01,30.01,29.52,29.52,4000
2026-08-13T09:02:00.000Z,2026-08-13T12:02:00,29.65,29.65,29.65,29.65,390
2026-08-13T09:05:00.000Z,2026-08-13T12:05:00,30.01,30.01,30,30,600
2026-08-13T09:06:00.000Z,2026-08-13T12:06:00,30.01,30.01,30,30,3305
2026-08-13T09:07:00.000Z,2026-08-13T12:07:00,30,30,30,30,1669
2026-08-13T09:10:00.000Z,2026-08-13T12:10:00,30,30,30,30,5000
2026-08-13T09:11:00.000Z,2026-08-13T12:11:00,30,30,30,30,5000
2026-08-13T09:13:00.000Z,2026-08-13T12:13:00,30,30,30,30,5000
2026-08-13T09:14:00.000Z,2026-08-13T12:14:00,30,30,30,30,5000
2026-08-13T09:15:00.000Z,2026-08-13T12:15:00,30,30,30,30,5000
2026-08-13T09:18:00.000Z,2026-08-13T12:18:00,30,30,30,30,1880
2026-08-13T09:28:00.000Z,2026-08-13T12:28:00,30.17,30.17,30.17,30.17,16
2026-08-13T09:46:00.000Z,2026-08-13T12:46:00,30.01,30.01,30.01,30.01,4068
2026-08-13T09:47:00.000Z,2026-08-13T12:47:00,30.01,30.01,30,30,5000
2026-08-13T09:48:00.000Z,2026-08-13T12:48:00,30,30,30,30,1966
2026-08-13T09:55:00.000Z,2026-08-13T12:55:00,30,30,30,30,1118
2026-08-13T10:02:00.000Z,2026-08-13T13:02:00,30,30,30,30,1493
2026-08-13T10:05:00.000Z,2026-08-13T13:05:00,30,30,30,30,10000
2026-08-13T10:06:00.000Z,2026-08-13T13:06:00,30,30,30,30,10000
2026-08-13T10:10:00.000Z,2026-08-13T13:10:00,30,30,30,30,1650
2026-08-13T10:19:00.000Z,2026-08-13T13:19:00,30,30,30,30,165
2026-08-13T10:27:00.000Z,2026-08-13T13:27:00,30,30,30,30,807
2026-08-13T10:29:00.000Z,2026-08-13T13:29:00,30,30,30,30,500
2026-08-13T10:30:00.000Z,2026-08-13T13:30:00,30,30,30,30,30
2026-08-13T10:33:00.000Z,2026-08-13T13:33:00,30,30,30,30,2500
2026-08-13T10:35:00.000Z,2026-08-13T13:35:00,30,30,30,30,720
2026-08-13T10:40:00.000Z,2026-08-13T13:40:00,30,30,30,30,500
2026-08-13T10:47:00.000Z,2026-08-13T13:47:00,30.2,30.44,30.2,30.44,50
2026-08-13T10:55:00.000Z,2026-08-13T13:55:00,30.43,30.43,30.43,30.43,6
2026-08-13T11:02:00.000Z,2026-08-13T14:02:00,30.01,30.01,29.7,29.7,5000
2026-08-13T11:13:00.000Z,2026-08-13T14:13:00,30,30,30,30,200
2026-08-13T11:14:00.000Z,2026-08-13T14:14:00,29.8,29.8,29.8,29.8,266
2026-08-16T07:00:00.000Z,2026-08-16T10:00:00,30,30,30,30,504
2026-08-16T07:08:00.000Z,2026-08-16T10:08:00,30,30,30,30,1
2026-08-16T07:31:00.000Z,2026-08-16T10:31:00,30,30,30,30,20
2026-08-16T07:41:00.000Z,2026-08-16T10:41:00,30.02,30.02,30,30,4976
2026-08-16T07:42:00.000Z,2026-08-16T10:42:00,30,30,30,30,24
2026-08-16T07:47:00.000Z,2026-08-16T10:47:00,30,30,30,30,3000
2026-08-16T07:53:00.000Z,2026-08-16T10:53:00,30,30,29.6,29.6,2500
2026-08-16T07:55:00.000Z,2026-08-16T10:55:00,30,30,30,30,15
2026-08-16T07:56:00.000Z,2026-08-16T10:56:00,30,30,30,30,5000
2026-08-16T07:59:00.000Z,2026-08-16T10:59:00,30.3,30.3,30.3,30.3,1000
2026-08-16T08:06:00.000Z,2026-08-16T11:06:00,30,30,30,30,1050
2026-08-16T08:22:00.000Z,2026-08-16T11:22:00,30,30,30,30,299
2026-08-16T08:25:00.000Z,2026-08-16T11:25:00,30,30,30,30,898
2026-08-16T08:52:00.000Z,2026-08-16T11:52:00,30.05,30.05,30,30,10000
2026-08-16T09:01:00.000Z,2026-08-16T12:01:00,30.29,30.29,30.29,30.29,17
2026-08-16T09:14:00.000Z,2026-08-16T12:14:00,30.01,30.01,30,30,4355
2026-08-16T09:15:00.000Z,2026-08-16T12:15:00,30,30,30,30,15645
2026-08-16T09:23:00.000Z,2026-08-16T12:23:00,30,30,30,30,65
2026-08-16T09:38:00.000Z,2026-08-16T12:38:00,30,30,30,30,10
2026-08-16T09:45:00.000Z,2026-08-16T12:45:00,30,30,30,30,3000
2026-08-16T09:47:00.000Z,2026-08-16T12:47:00,30,30,30,30,1426
2026-08-16T09:59:00.000Z,2026-08-16T12:59:00,30.06,30.06,30,30,300
2026-08-16T10:15:00.000Z,2026-08-16T13:15:00,30,30,30,30,5
2026-08-16T10:18:00.000Z,2026-08-16T13:18:00,30.05,30.05,30.05,30.05,11
2026-08-16T10:22:00.000Z,2026-08-16T13:22:00,30.05,30.05,30.05,30.05,1200
2026-08-16T10:33:00.000Z,2026-08-16T13:33:00,30.05,30.05,30.05,30.05,566
2026-08-16T10:42:00.000Z,2026-08-16T13:42:00,30.05,30.05,30.05,30.05,1500
2026-08-16T10:45:00.000Z,2026-08-16T13:45:00,30.05,30.05,30,30,750
2026-08-16T11:09:00.000Z,2026-08-16T14:09:00,30,30,30,30,4031
2026-08-16T11:10:00.000Z,2026-08-16T14:10:00,30,30,30,30,719
2026-08-16T11:11:00.000Z,2026-08-16T14:11:00,30,30,29.62,29.62,4750
2026-08-16T11:12:00.000Z,2026-08-16T14:12:00,30,30,30,30,886
2026-08-17T07:38:00.000Z,2026-08-17T10:38:00,30,30,30,30,615
2026-08-17T07:47:00.000Z,2026-08-17T10:47:00,30.41,30.49,30.41,30.49,2500
2026-08-17T07:48:00.000Z,2026-08-17T10:48:00,30.49,30.49,30.49,30.49,115
2026-08-17T07:51:00.000Z,2026-08-17T10:51:00,30.4,30.4,30.4,30.4,1845
2026-08-17T07:54:00.000Z,2026-08-17T10:54:00,30.4,30.49,30.4,30.49,1000
2026-08-17T07:55:00.000Z,2026-08-17T10:55:00,30.03,30.03,30,30,900
2026-08-17T07:57:00.000Z,2026-08-17T10:57:00,30.44,30.45,30.44,30.45,900
2026-08-17T08:04:00.000Z,2026-08-17T11:04:00,30,30,30,30,115
2026-08-17T08:05:00.000Z,2026-08-17T11:05:00,30,30,30,30,1845
2026-08-17T08:07:00.000Z,2026-08-17T11:07:00,30,30,30,30,160
2026-08-17T08:14:00.000Z,2026-08-17T11:14:00,30,30,30,30,2031
2026-08-17T08:20:00.000Z,2026-08-17T11:20:00,30,30,30,30,2482
2026-08-17T08:23:00.000Z,2026-08-17T11:23:00,30.43,30.43,30.43,30.43,25
2026-08-17T08:28:00.000Z,2026-08-17T11:28:00,30.03,30.03,30.03,30.03,553
2026-08-17T08:37:00.000Z,2026-08-17T11:37:00,30.03,30.03,30.03,30.03,500
2026-08-17T08:54:00.000Z,2026-08-17T11:54:00,30.01,30.01,30.01,30.01,350
2026-08-17T09:04:00.000Z,2026-08-17T12:04:00,30.02,30.02,30.02,30.02,100
2026-08-17T09:10:00.000Z,2026-08-17T12:10:00,30.02,30.02,30.02,30.02,900
2026-08-17T09:14:00.000Z,2026-08-17T12:14:00,30.02,30.02,30.02,30.02,592
2026-08-17T09:17:00.000Z,2026-08-17T12:17:00,30.01,30.01,30,30,3000
2026-08-17T09:25:00.000Z,2026-08-17T12:25:00,30,30,30,30,30
2026-08-17T09:26:00.000Z,2026-08-17T12:26:00,30.02,30.02,30.02,30.02,8
2026-08-17T09:28:00.000Z,2026-08-17T12:28:00,30.4,30.4,30.4,30.4,120
2026-08-17T09:48:00.000Z,2026-08-17T12:48:00,30.1,30.1,30.1,30.1,10
2026-08-17T09:54:00.000Z,2026-08-17T12:54:00,30.1,30.1,30.1,30.1,37
2026-08-17T10:01:00.000Z,2026-08-17T13:01:00,30.1,30.1,30,30,1500
2026-08-17T10:18:00.000Z,2026-08-17T13:18:00,30.1,30.1,30.1,30.1,1
2026-08-17T10:25:00.000Z,2026-08-17T13:25:00,30.1,30.1,30.1,30.1,791
2026-08-17T10:31:00.000Z,2026-08-17T13:31:00,30.37,30.37,30.37,30.37,8
2026-08-17T10:37:00.000Z,2026-08-17T13:37:00,30.1,30.1,30.1,30.1,2000
2026-08-17T10:39:00.000Z,2026-08-17T13:39:00,30.1,30.1,30,30,2000
2026-08-17T10:41:00.000Z,2026-08-17T13:41:00,30,30,30,30,1000
2026-08-17T10:47:00.000Z,2026-08-17T13:47:00,30.01,30.01,30.01,30.01,500
2026-08-17T11:10:00.000Z,2026-08-17T14:10:00,30.34,30.38,30.34,30.38,2500
2026-08-17T11:11:00.000Z,2026-08-17T14:11:00,30.38,30.38,30.38,30.38,750
2026-08-18T07:00:00.000Z,2026-08-18T10:00:00,30.35,30.35,30.35,30.35,5
2026-08-18T07:11:00.000Z,2026-08-18T10:11:00,30.35,30.35,30.35,30.35,1
2026-08-18T07:33:00.000Z,2026-08-18T10:33:00,30.35,30.37,30.35,30.37,2500
2026-08-18T07:53:00.000Z,2026-08-18T10:53:00,30.37,30.37,30.37,30.37,55
2026-08-18T08:09:00.000Z,2026-08-18T11:09:00,30.15,30.15,30.15,30.15,1509
2026-08-18T08:57:00.000Z,2026-08-18T11:57:00,30.37,30.5,30.37,30.5,2000
2026-08-18T08:58:00.000Z,2026-08-18T11:58:00,30.5,30.85,30.5,30.85,1000
2026-08-18T09:00:00.000Z,2026-08-18T12:00:00,30.84,30.85,30.84,30.85,1000
2026-08-18T09:01:00.000Z,2026-08-18T12:01:00,30.85,31.89,30.5,30.5,5060
2026-08-18T09:04:00.000Z,2026-08-18T12:04:00,31,31,31,31,4940
2026-08-18T09:05:00.000Z,2026-08-18T12:05:00,31,31,31,31,500
2026-08-18T09:06:00.000Z,2026-08-18T12:06:00,31,31,31,31,1747
2026-08-18T09:07:00.000Z,2026-08-18T12:07:00,31.01,31.01,31,31,1010
2026-08-18T09:08:00.000Z,2026-08-18T12:08:00,31,31,31,31,243
2026-08-18T09:14:00.000Z,2026-08-18T12:14:00,30.6,30.6,30.6,30.6,5000
2026-08-18T09:53:00.000Z,2026-08-18T12:53:00,30.35,30.35,30.02,30.02,19836
2026-08-18T10:27:00.000Z,2026-08-18T13:27:00,30.11,30.11,30.1,30.1,2000
2026-08-18T10:29:00.000Z,2026-08-18T13:29:00,30.1,30.1,30.1,30.1,2000
2026-08-18T10:31:00.000Z,2026-08-18T13:31:00,30.1,30.1,30.1,30.1,600
2026-08-18T10:33:00.000Z,2026-08-18T13:33:00,30.15,30.15,30.15,30.15,67
2026-08-18T10:42:00.000Z,2026-08-18T13:42:00,30.15,30.15,30.15,30.15,418
2026-08-18T10:50:00.000Z,2026-08-18T13:50:00,30.16,30.16,30.15,30.15,1000
2026-08-18T10:51:00.000Z,2026-08-18T13:51:00,30.15,30.15,30.15,30.15,2457
2026-08-18T11:13:00.000Z,2026-08-18T14:13:00,30.15,30.15,30.15,30.15,333
2026-08-18T11:25:00.000Z,2026-08-18T14:25:00,30.11,30.11,30.11,30.11,1000
2026-08-19T07:00:00.000Z,2026-08-19T10:00:00,30.11,30.11,30.11,30.11,71
2026-08-19T07:08:00.000Z,2026-08-19T10:08:00,30.05,30.05,30.05,30.05,1
2026-08-19T07:21:00.000Z,2026-08-19T10:21:00,30.89,31,30.89,31,11000
2026-08-19T07:22:00.000Z,2026-08-19T10:22:00,30.26,30.26,30.26,30.26,55
2026-08-19T07:24:00.000Z,2026-08-19T10:24:00,31,31,31,31,3
2026-08-19T07:29:00.000Z,2026-08-19T10:29:00,30.8,30.8,30.69,30.69,2000
2026-08-19T07:36:00.000Z,2026-08-19T10:36:00,30.99,30.99,30.99,30.99,1000
2026-08-19T07:38:00.000Z,2026-08-19T10:38:00,30.98,30.98,30.98,30.98,550
2026-08-19T07:46:00.000Z,2026-08-19T10:46:00,30.98,30.98,30.98,30.98,51
2026-08-19T08:00:00.000Z,2026-08-19T11:00:00,30.88,30.88,30.88,30.88,500
2026-08-19T08:03:00.000Z,2026-08-19T11:03:00,30.88,31.5,30.88,31.5,12000
2026-08-19T08:04:00.000Z,2026-08-19T11:04:00,30.65,30.65,30.65,30.65,25
2026-08-19T08:20:00.000Z,2026-08-19T11:20:00,30.65,30.65,30.65,30.65,18
2026-08-19T08:24:00.000Z,2026-08-19T11:24:00,31.25,31.25,31.25,31.25,1100
2026-08-19T08:33:00.000Z,2026-08-19T11:33:00,30.7,30.7,30.39,30.39,3262
2026-08-19T08:35:00.000Z,2026-08-19T11:35:00,31.2,31.2,31.2,31.2,103
2026-08-19T08:42:00.000Z,2026-08-19T11:42:00,30.5,30.5,30.5,30.5,218
2026-08-19T08:46:00.000Z,2026-08-19T11:46:00,30.52,30.52,30.52,30.52,450
2026-08-19T09:00:00.000Z,2026-08-19T12:00:00,30.37,30.37,30.37,30.37,897
2026-08-19T09:11:00.000Z,2026-08-19T12:11:00,30.65,30.65,30.65,30.65,668
2026-08-19T09:19:00.000Z,2026-08-19T12:19:00,30.5,30.5,30.5,30.5,550
2026-08-19T09:43:00.000Z,2026-08-19T12:43:00,30.5,30.5,30.5,30.5,125
2026-08-19T09:44:00.000Z,2026-08-19T12:44:00,30.37,30.37,30.35,30.35,543
2026-08-19T10:12:00.000Z,2026-08-19T13:12:00,30.35,30.35,30.35,30.35,560
2026-08-19T10:13:00.000Z,2026-08-19T13:13:00,30.2,30.2,30.2,30.2,440
2026-08-19T10:17:00.000Z,2026-08-19T13:17:00,30.97,30.97,30.97,30.97,33
2026-08-19T10:21:00.000Z,2026-08-19T13:21:00,30.97,30.98,30.97,30.98,327
2026-08-19T10:29:00.000Z,2026-08-19T13:29:00,30.29,30.29,30.22,30.22,1000
2026-08-19T10:37:00.000Z,2026-08-19T13:37:00,30.21,30.21,30.21,30.21,305
2026-08-19T10:47:00.000Z,2026-08-19T13:47:00,30.21,30.21,30.2,30.2,695
2026-08-19T10:50:00.000Z,2026-08-19T13:50:00,30.2,30.2,30.2,30.2,5019
2026-08-19T10:55:00.000Z,2026-08-19T13:55:00,30.15,30.15,30.1,30.1,1000
2026-08-19T11:00:00.000Z,2026-08-19T14:00:00,30.12,30.12,30.12,30.12,500
2026-08-19T11:01:00.000Z,2026-08-19T14:01:00,30.1,30.1,30.1,30.1,1050
2026-08-19T11:02:00.000Z,2026-08-19T14:02:00,30.02,30.02,30.01,30.01,450
2026-08-19T11:04:00.000Z,2026-08-19T14:04:00,30.01,30.01,30.01,30.01,1981
2026-08-19T11:08:00.000Z,2026-08-19T14:08:00,30.1,30.1,30.1,30.1,250
2026-08-19T11:11:00.000Z,2026-08-19T14:11:00,30.15,30.15,30,30,14089
2026-08-19T11:12:00.000Z,2026-08-19T14:12:00,30.5,31,30.5,31,5054
2026-08-20T07:00:00.000Z,2026-08-20T10:00:00,30.9,30.9,30.9,30.9,11
2026-08-20T07:14:00.000Z,2026-08-20T10:14:00,30,30,29.53,29.53,700
2026-08-20T07:25:00.000Z,2026-08-20T10:25:00,29.54,29.54,29.54,29.54,33
2026-08-20T07:28:00.000Z,2026-08-20T10:28:00,30.88,30.88,30.88,30.88,11
2026-08-20T07:33:00.000Z,2026-08-20T10:33:00,29.55,29.55,29.55,29.55,10
2026-08-20T07:38:00.000Z,2026-08-20T10:38:00,30.77,30.8,30.77,30.8,270
2026-08-20T07:49:00.000Z,2026-08-20T10:49:00,30.8,30.8,30.8,30.8,30
2026-08-20T07:50:00.000Z,2026-08-20T10:50:00,30.8,30.8,30.8,30.8,2
2026-08-20T07:51:00.000Z,2026-08-20T10:51:00,29.8,30,29.56,30,6000
2026-08-20T08:11:00.000Z,2026-08-20T11:11:00,30.15,30.15,30,30,550
2026-08-20T08:12:00.000Z,2026-08-20T11:12:00,30,30,30,30,15
2026-08-20T08:57:00.000Z,2026-08-20T11:57:00,30.15,30.15,30.15,30.15,50
2026-08-20T09:04:00.000Z,2026-08-20T12:04:00,30.15,30.15,30.15,30.15,439
2026-08-20T09:17:00.000Z,2026-08-20T12:17:00,30.15,30.15,30.15,30.15,2000
2026-08-20T09:20:00.000Z,2026-08-20T12:20:00,30.15,30.15,30.15,30.15,346
2026-08-20T10:18:00.000Z,2026-08-20T13:18:00,30.03,30.15,30,30.15,1004
2026-08-20T10:21:00.000Z,2026-08-20T13:21:00,30.15,30.15,30.15,30.15,50
2026-08-20T10:24:00.000Z,2026-08-20T13:24:00,30.15,30.15,30.15,30.15,5
2026-08-20T10:26:00.000Z,2026-08-20T13:26:00,30.15,30.15,30.15,30.15,1325
2026-08-20T10:33:00.000Z,2026-08-20T13:33:00,30.15,30.15,30.15,30.15,7
2026-08-20T10:45:00.000Z,2026-08-20T13:45:00,30.15,30.15,30.15,30.15,5
2026-08-20T10:58:00.000Z,2026-08-20T13:58:00,30.15,30.5,30.15,30.5,952
2026-08-20T11:06:00.000Z,2026-08-20T14:06:00,30.5,30.5,30.5,30.5,132
2026-08-20T11:09:00.000Z,2026-08-20T14:09:00,30.16,30.16,30.15,30.15,1000
2026-08-20T11:12:00.000Z,2026-08-20T14:12:00,30.4,30.4,30.4,30.4,1157
2026-08-20T11:14:00.000Z,2026-08-20T14:14:00,30.15,30.15,30,30,843
2026-08-23T07:54:00.000Z,2026-08-23T10:54:00,30.01,30.01,30.01,30.01,600
2026-08-23T07:55:00.000Z,2026-08-23T10:55:00,29.72,29.72,29.72,29.72,35
2026-08-23T08:02:00.000Z,2026-08-23T11:02:00,29.75,29.75,29.75,29.75,19
2026-08-23T08:33:00.000Z,2026-08-23T11:33:00,30.01,30.75,30.01,30.75,189
2026-08-23T08:45:00.000Z,2026-08-23T11:45:00,30.75,30.75,30.75,30.75,13
2026-08-23T09:20:00.000Z,2026-08-23T12:20:00,30.66,30.66,30.66,30.66,26
2026-08-23T09:39:00.000Z,2026-08-23T12:39:00,30.25,30.25,30.1,30.1,1000
2026-08-23T09:41:00.000Z,2026-08-23T12:41:00,30.1,30.1,30.1,30.1,121
2026-08-23T10:46:00.000Z,2026-08-23T13:46:00,30.1,30.1,30.1,30.1,2357
2026-08-23T10:49:00.000Z,2026-08-23T13:49:00,30.1,30.1,30.1,30.1,6400
2026-08-23T10:50:00.000Z,2026-08-23T13:50:00,30.1,30.1,30.1,30.1,1243
2026-08-23T10:51:00.000Z,2026-08-23T13:51:00,30.1,30.1,30.1,30.1,974
2026-08-23T10:56:00.000Z,2026-08-23T13:56:00,30.1,30.1,30.1,30.1,350
2026-08-23T11:00:00.000Z,2026-08-23T14:00:00,30.1,30.1,30.1,30.1,403
2026-08-23T11:01:00.000Z,2026-08-23T14:01:00,30.1,30.1,30.1,30.1,230
2026-08-23T11:11:00.000Z,2026-08-23T14:11:00,29.71,29.71,29.66,29.66,500
2026-08-23T11:25:00.000Z,2026-08-23T14:25:00,30.08,30.08,30.08,30.08,820
2026-08-23T11:26:00.000Z,2026-08-23T14:26:00,30.08,30.08,30.08,30.08,189
2026-08-24T07:05:00.000Z,2026-08-24T10:05:00,30.72,30.73,30.72,30.73,320
2026-08-24T07:19:00.000Z,2026-08-24T10:19:00,29.9,29.9,29.68,29.68,2020
2026-08-24T07:27:00.000Z,2026-08-24T10:27:00,30.48,30.48,30.48,30.48,3
2026-08-24T07:51:00.000Z,2026-08-24T10:51:00,30,30,30,30,11
2026-08-24T08:02:00.000Z,2026-08-24T11:02:00,30.2,30.2,30.2,30.2,820
2026-08-24T08:17:00.000Z,2026-08-24T11:17:00,30.2,30.2,30.2,30.2,96
2026-08-24T08:20:00.000Z,2026-08-24T11:20:00,30.2,30.25,30.2,30.25,656
2026-08-24T08:25:00.000Z,2026-08-24T11:25:00,30.2,30.2,30.2,30.2,600
2026-08-24T08:30:00.000Z,2026-08-24T11:30:00,30.22,30.22,30.22,30.22,400
2026-08-24T08:33:00.000Z,2026-08-24T11:33:00,30.22,30.22,30.22,30.22,41
2026-08-24T08:37:00.000Z,2026-08-24T11:37:00,30.25,30.25,30.25,30.25,304
2026-08-24T08:51:00.000Z,2026-08-24T11:51:00,30.47,30.47,30.47,30.47,26
2026-08-24T08:57:00.000Z,2026-08-24T11:57:00,30.28,30.28,30.25,30.25,3000
2026-08-24T09:23:00.000Z,2026-08-24T12:23:00,30.25,30.25,30.25,30.25,4
2026-08-24T09:29:00.000Z,2026-08-24T12:29:00,30.25,30.25,30.25,30.25,525
2026-08-24T09:35:00.000Z,2026-08-24T12:35:00,30.22,30.22,30.2,30.2,1336
2026-08-24T09:36:00.000Z,2026-08-24T12:36:00,30.2,30.2,30.2,30.2,214
2026-08-24T09:43:00.000Z,2026-08-24T12:43:00,30.15,30.15,30.15,30.15,475
2026-08-24T09:51:00.000Z,2026-08-24T12:51:00,30.2,30.2,30.2,30.2,346
2026-08-24T09:53:00.000Z,2026-08-24T12:53:00,30.15,30.15,30,30,43
2026-08-24T10:15:00.000Z,2026-08-24T13:15:00,30,30,30,30,1
2026-08-24T10:24:00.000Z,2026-08-24T13:24:00,30.39,30.66,30.39,30.66,166
2026-08-24T10:39:00.000Z,2026-08-24T13:39:00,30.1,30.1,30,30,4360
2026-08-24T10:58:00.000Z,2026-08-24T13:58:00,30.05,30.05,30.05,30.05,30
2026-08-24T11:04:00.000Z,2026-08-24T14:04:00,30.05,30.05,30.05,30.05,8
2026-08-24T11:11:00.000Z,2026-08-24T14:11:00,30.05,30.05,30.05,30.05,400
2026-08-24T11:15:00.000Z,2026-08-24T14:15:00,30.1,30.1,30.1,30.1,125
2026-08-25T07:07:00.000Z,2026-08-25T10:07:00,30.63,30.63,30.2,30.2,26
2026-08-25T07:11:00.000Z,2026-08-25T10:11:00,30.2,30.2,30.15,30.15,520
2026-08-25T07:13:00.000Z,2026-08-25T10:13:00,30.15,30.15,30.15,30.15,6
2026-08-25T07:20:00.000Z,2026-08-25T10:20:00,30.15,30.15,30.15,30.15,50
2026-08-25T07:35:00.000Z,2026-08-25T10:35:00,30.15,30.15,30.15,30.15,15
2026-08-25T07:56:00.000Z,2026-08-25T10:56:00,30.15,30.15,30.15,30.15,245
2026-08-25T08:01:00.000Z,2026-08-25T11:01:00,30,30,30,30,348
2026-08-25T08:13:00.000Z,2026-08-25T11:13:00,30,30,30,30,10652
2026-08-25T08:14:00.000Z,2026-08-25T11:14:00,30,30,30,30,4348
2026-08-25T08:21:00.000Z,2026-08-25T11:21:00,30.01,30.01,30.01,30.01,2
2026-08-25T08:27:00.000Z,2026-08-25T11:27:00,30.01,30.01,30.01,30.01,906
2026-08-25T08:45:00.000Z,2026-08-25T11:45:00,30,30,30,30,5840
2026-08-25T08:48:00.000Z,2026-08-25T11:48:00,30,30,30,30,2531
2026-08-25T09:03:00.000Z,2026-08-25T12:03:00,30,30,30,30,166
2026-08-25T09:29:00.000Z,2026-08-25T12:29:00,30,30,30,30,5000
2026-08-25T09:56:00.000Z,2026-08-25T12:56:00,30,30,30,30,5
2026-08-25T10:03:00.000Z,2026-08-25T13:03:00,30.08,30.08,30.08,30.08,47
2026-08-25T10:05:00.000Z,2026-08-25T13:05:00,30.08,30.08,30.08,30.08,50
2026-08-25T10:48:00.000Z,2026-08-25T13:48:00,30.07,30.1,30.07,30.1,4753
2026-08-25T11:11:00.000Z,2026-08-25T14:11:00,30.1,30.1,30.1,30.1,10
2026-08-25T11:25:00.000Z,2026-08-25T14:25:00,30.04,30.04,30.04,30.04,1237
2026-08-26T07:27:00.000Z,2026-08-26T10:27:00,30.02,30.02,30,30,500
2026-08-26T07:52:00.000Z,2026-08-26T10:52:00,30.04,30.5,30.04,30.5,2000
2026-08-26T08:29:00.000Z,2026-08-26T11:29:00,30.06,30.06,30.06,30.06,104
2026-08-26T08:39:00.000Z,2026-08-26T11:39:00,30.06,30.06,30.06,30.06,388
2026-08-26T08:54:00.000Z,2026-08-26T11:54:00,30.08,30.08,30.08,30.08,6
2026-08-26T09:18:00.000Z,2026-08-26T12:18:00,30.1,30.1,30.1,30.1,350
2026-08-26T10:01:00.000Z,2026-08-26T13:01:00,30.12,30.12,30.06,30.06,800
2026-08-26T10:21:00.000Z,2026-08-26T13:21:00,30.06,30.06,30.06,30.06,138
2026-08-26T10:23:00.000Z,2026-08-26T13:23:00,30,30,30,30,1000
2026-08-26T10:27:00.000Z,2026-08-26T13:27:00,30,30,30,30,1862
2026-08-26T10:48:00.000Z,2026-08-26T13:48:00,30,30,30,30,2000
2026-08-26T11:02:00.000Z,2026-08-26T14:02:00,30,30,30,30,1000
2026-08-26T11:03:00.000Z,2026-08-26T14:03:00,30,30,30,30,110
2026-08-26T11:04:00.000Z,2026-08-26T14:04:00,30,30,30,30,200
2026-08-26T11:14:00.000Z,2026-08-26T14:14:00,30,30,30,30,20
2026-08-30T07:00:00.000Z,2026-08-30T10:00:00,30.06,30.06,30.06,30.06,17
2026-08-30T07:25:00.000Z,2026-08-30T10:25:00,29.82,29.82,29.82,29.82,33
2026-08-30T07:32:00.000Z,2026-08-30T10:32:00,30.1,30.1,30.1,30.1,16
2026-08-30T07:33:00.000Z,2026-08-30T10:33:00,30.1,30.1,30.1,30.1,334
2026-08-30T07:34:00.000Z,2026-08-30T10:34:00,30.49,30.67,30.49,30.67,1535
2026-08-30T07:37:00.000Z,2026-08-30T10:37:00,30.88,31,30.88,31,3000
2026-08-30T07:43:00.000Z,2026-08-30T10:43:00,31,31.3,31,31.3,1000
2026-08-30T07:44:00.000Z,2026-08-30T10:44:00,31.24,31.3,31.24,31.3,2908
2026-08-30T07:48:00.000Z,2026-08-30T10:48:00,31.29,31.3,31.29,31.3,3180
2026-08-30T07:51:00.000Z,2026-08-30T10:51:00,31.01,31.01,31.01,31.01,3000
2026-08-30T07:54:00.000Z,2026-08-30T10:54:00,31.01,31.01,31.01,31.01,1483
2026-08-30T07:56:00.000Z,2026-08-30T10:56:00,31.01,31.01,31,31,539
2026-08-30T07:58:00.000Z,2026-08-30T10:58:00,31,31,31,31,4978
2026-08-30T08:00:00.000Z,2026-08-30T11:00:00,31,31.1,31,31.1,161
2026-08-30T08:12:00.000Z,2026-08-30T11:12:00,31.01,31.01,31.01,31.01,32
2026-08-30T08:14:00.000Z,2026-08-30T11:14:00,30.75,30.75,30.75,30.75,500
2026-08-30T08:28:00.000Z,2026-08-30T11:28:00,30.75,30.75,30.75,30.75,122
2026-08-30T08:39:00.000Z,2026-08-30T11:39:00,31,31,31,31,200
2026-08-30T08:40:00.000Z,2026-08-30T11:40:00,31,31,31,31,1766
2026-08-30T08:41:00.000Z,2026-08-30T11:41:00,31,31.25,31,31.25,3968
2026-08-30T08:42:00.000Z,2026-08-30T11:42:00,31.25,31.3,31.25,31.3,1594
2026-08-30T08:48:00.000Z,2026-08-30T11:48:00,31,31,31,31,8
2026-08-30T08:53:00.000Z,2026-08-30T11:53:00,31,31,31,31,5
2026-08-30T09:00:00.000Z,2026-08-30T12:00:00,31,31,31,31,5
2026-08-30T09:01:00.000Z,2026-08-30T12:01:00,31,31,31,31,65
2026-08-30T09:03:00.000Z,2026-08-30T12:03:00,30.75,30.75,30.75,30.75,1612
2026-08-30T09:04:00.000Z,2026-08-30T12:04:00,30.75,30.75,30.75,30.75,4
2026-08-30T09:11:00.000Z,2026-08-30T12:11:00,30.75,30.75,30.75,30.75,1068
2026-08-30T09:18:00.000Z,2026-08-30T12:18:00,30.76,30.76,30.76,30.76,29
2026-08-30T09:23:00.000Z,2026-08-30T12:23:00,30.76,30.76,30.76,30.76,4
2026-08-30T09:25:00.000Z,2026-08-30T12:25:00,30.76,30.76,30.76,30.76,28
2026-08-30T09:29:00.000Z,2026-08-30T12:29:00,30.76,30.76,30.76,30.76,35
2026-08-30T09:45:00.000Z,2026-08-30T12:45:00,30.76,30.76,30.72,30.72,1000
2026-08-30T09:52:00.000Z,2026-08-30T12:52:00,31,31.2,31,31.2,950
2026-08-30T09:54:00.000Z,2026-08-30T12:54:00,30.72,30.72,30.72,30.72,234
2026-08-30T09:57:00.000Z,2026-08-30T12:57:00,30.72,30.72,30.72,30.72,161
2026-08-30T09:59:00.000Z,2026-08-30T12:59:00,31.2,31.2,31.2,31.2,500
2026-08-30T10:08:00.000Z,2026-08-30T13:08:00,31.19,31.19,31.19,31.19,2
2026-08-30T10:18:00.000Z,2026-08-30T13:18:00,30.72,30.72,30.72,30.72,355
2026-08-30T10:19:00.000Z,2026-08-30T13:19:00,30.52,30.52,30.52,30.52,1027
2026-08-30T10:20:00.000Z,2026-08-30T13:20:00,30.52,30.52,30.52,30.52,1389
2026-08-30T10:38:00.000Z,2026-08-30T13:38:00,30.52,30.75,30.52,30.75,98
2026-08-30T10:49:00.000Z,2026-08-30T13:49:00,30.52,31.19,30.52,31.19,427
2026-08-30T10:58:00.000Z,2026-08-30T13:58:00,30.6,30.6,30.6,30.6,399
2026-08-30T11:14:00.000Z,2026-08-30T14:14:00,30.99,31.18,30.99,31.18,1601
2026-08-31T07:00:00.000Z,2026-08-31T10:00:00,31.18,31.18,31.18,31.18,275
2026-08-31T07:06:00.000Z,2026-08-31T10:06:00,30.8,30.8,30.8,30.8,500
2026-08-31T07:11:00.000Z,2026-08-31T10:11:00,30.2,30.2,30.2,30.2,4
2026-08-31T07:21:00.000Z,2026-08-31T10:21:00,31.15,31.15,31.15,31.15,1
2026-08-31T07:40:00.000Z,2026-08-31T10:40:00,30.51,30.51,30.51,30.51,65
2026-08-31T08:10:00.000Z,2026-08-31T11:10:00,30.55,30.55,30.55,30.55,50
2026-08-31T08:11:00.000Z,2026-08-31T11:11:00,31.1,31.14,31.1,31.14,8000
2026-08-31T08:12:00.000Z,2026-08-31T11:12:00,31.14,31.15,31.14,31.15,3769
2026-08-31T08:25:00.000Z,2026-08-31T11:25:00,31.14,31.14,31.14,31.14,2
2026-08-31T08:27:00.000Z,2026-08-31T11:27:00,30.81,30.81,30.81,30.81,350
2026-08-31T08:30:00.000Z,2026-08-31T11:30:00,31.13,31.14,31.13,31.14,2115
2026-08-31T08:38:00.000Z,2026-08-31T11:38:00,30.9,30.9,30.81,30.81,1680
2026-08-31T08:54:00.000Z,2026-08-31T11:54:00,31.09,31.09,31.09,31.09,227
2026-08-31T09:12:00.000Z,2026-08-31T12:12:00,30.82,30.82,30.82,30.82,500
2026-08-31T09:22:00.000Z,2026-08-31T12:22:00,30.82,30.82,30.81,30.81,1115
2026-08-31T09:25:00.000Z,2026-08-31T12:25:00,31.07,31.07,31.07,31.07,223
2026-08-31T09:47:00.000Z,2026-08-31T12:47:00,30.81,30.81,30.81,30.81,40
2026-08-31T10:17:00.000Z,2026-08-31T13:17:00,30.97,30.97,30.97,30.97,1
2026-08-31T10:20:00.000Z,2026-08-31T13:20:00,30.95,30.97,30.95,30.97,219
2026-08-31T10:24:00.000Z,2026-08-31T13:24:00,30.55,30.55,30.55,30.55,70
2026-08-31T10:42:00.000Z,2026-08-31T13:42:00,30.5,30.5,30.5,30.5,100
2026-08-31T10:56:00.000Z,2026-08-31T13:56:00,30.5,30.5,30.5,30.5,660
2026-08-31T11:01:00.000Z,2026-08-31T14:01:00,30.5,30.5,30.4,30.4,900
2026-08-31T11:06:00.000Z,2026-08-31T14:06:00,30.5,30.5,30.5,30.5,200
2026-09-01T07:22:00.000Z,2026-09-01T10:22:00,30.5,30.5,30.5,30.5,800
2026-09-01T07:26:00.000Z,2026-09-01T10:26:00,30.5,30.5,30.5,30.5,154
2026-09-01T07:35:00.000Z,2026-09-01T10:35:00,30.5,30.5,30,30,7617
2026-09-01T07:39:00.000Z,2026-09-01T10:39:00,30.49,30.49,30.49,30.49,67
2026-09-01T07:42:00.000Z,2026-09-01T10:42:00,30.49,30.49,30.49,30.49,133
2026-09-01T07:49:00.000Z,2026-09-01T10:49:00,30.5,30.5,30.49,30.49,620
2026-09-01T08:40:00.000Z,2026-09-01T11:40:00,30.5,30.5,30.5,30.5,8
2026-09-01T08:41:00.000Z,2026-09-01T11:41:00,30.5,30.5,30.49,30.49,326
2026-09-01T09:10:00.000Z,2026-09-01T12:10:00,30.49,30.49,30.49,30.49,100
2026-09-01T09:11:00.000Z,2026-09-01T12:11:00,30.49,30.49,30.49,30.49,300
2026-09-01T09:46:00.000Z,2026-09-01T12:46:00,30.49,30.49,30.49,30.49,35
2026-09-01T09:47:00.000Z,2026-09-01T12:47:00,30.2,30.2,30.2,30.2,13
2026-09-01T09:58:00.000Z,2026-09-01T12:58:00,30.2,30.2,30,30,640
2026-09-01T10:47:00.000Z,2026-09-01T13:47:00,30.49,30.49,30.49,30.49,65
2026-09-01T10:51:00.000Z,2026-09-01T13:51:00,30.5,30.5,29.6,29.6,5593
2026-09-01T11:06:00.000Z,2026-09-01T14:06:00,30.01,30.01,30.01,30.01,86
2026-09-01T11:07:00.000Z,2026-09-01T14:07:00,30.1,30.1,29.61,29.61,2559
2026-09-01T11:09:00.000Z,2026-09-01T14:09:00,29.62,29.62,29.62,29.62,4
2026-09-01T11:10:00.000Z,2026-09-01T14:10:00,29.61,29.61,29.61,29.61,4
2026-09-01T11:25:00.000Z,2026-09-01T14:25:00,30.15,30.15,30.15,30.15,2000
2026-09-02T07:48:00.000Z,2026-09-02T10:48:00,30.01,30.01,30,30,202
2026-09-02T07:50:00.000Z,2026-09-02T10:50:00,30.7,30.7,30.7,30.7,3
2026-09-02T07:59:00.000Z,2026-09-02T10:59:00,29.75,29.75,29.75,29.75,899
2026-09-02T08:07:00.000Z,2026-09-02T11:07:00,30.67,30.7,30.67,30.7,11000
2026-09-02T08:08:00.000Z,2026-09-02T11:08:00,30.7,30.7,30.7,30.7,364
2026-09-02T08:35:00.000Z,2026-09-02T11:35:00,30.03,30.03,30.03,30.03,4
2026-09-02T08:40:00.000Z,2026-09-02T11:40:00,30.68,30.68,30.68,30.68,101
2026-09-02T09:16:00.000Z,2026-09-02T12:16:00,30.04,30.67,30.04,30.67,251
2026-09-02T09:19:00.000Z,2026-09-02T12:19:00,29.75,29.75,29.75,29.75,50
2026-09-02T09:56:00.000Z,2026-09-02T12:56:00,30.65,30.65,30.65,30.65,16
2026-09-02T10:19:00.000Z,2026-09-02T13:19:00,30,30,30,30,4
2026-09-02T10:32:00.000Z,2026-09-02T13:32:00,30,30,30,30,504
2026-09-02T10:36:00.000Z,2026-09-02T13:36:00,30.01,30.01,30.01,30.01,99
2026-09-02T10:37:00.000Z,2026-09-02T13:37:00,30.01,30.01,30.01,30.01,9
2026-09-02T10:40:00.000Z,2026-09-02T13:40:00,30.01,30.01,30.01,30.01,2
2026-09-02T11:01:00.000Z,2026-09-02T14:01:00,30.01,30.01,30.01,30.01,430
2026-09-03T07:08:00.000Z,2026-09-03T10:08:00,30.99,31.3,29.84,29.84,2707
2026-09-03T07:14:00.000Z,2026-09-03T10:14:00,30.04,30.04,30.03,30.03,319
2026-09-03T07:20:00.000Z,2026-09-03T10:20:00,30.07,30.07,30.07,30.07,5
2026-09-03T07:49:00.000Z,2026-09-03T10:49:00,30.2,30.2,30.11,30.11,1850
2026-09-03T07:51:00.000Z,2026-09-03T10:51:00,30.2,30.2,30.2,30.2,1150
2026-09-03T08:00:00.000Z,2026-09-03T11:00:00,30.25,30.25,30.25,30.25,500
2026-09-03T08:13:00.000Z,2026-09-03T11:13:00,30.32,30.32,30.32,30.32,470
2026-09-03T08:14:00.000Z,2026-09-03T11:14:00,30.89,30.89,30.89,30.89,33
2026-09-03T08:36:00.000Z,2026-09-03T11:36:00,30.8,30.85,30.8,30.85,2500
2026-09-03T08:37:00.000Z,2026-09-03T11:37:00,30.14,30.14,30.1,30.1,324
2026-09-03T08:38:00.000Z,2026-09-03T11:38:00,30.1,30.1,30.1,30.1,326
2026-09-03T09:00:00.000Z,2026-09-03T12:00:00,30.11,30.11,30.11,30.11,1150
2026-09-03T09:06:00.000Z,2026-09-03T12:06:00,30.21,30.21,30.21,30.21,2000
2026-09-03T09:10:00.000Z,2026-09-03T12:10:00,30.21,30.21,30.21,30.21,3
2026-09-03T09:23:00.000Z,2026-09-03T12:23:00,30.21,30.21,30.21,30.21,5
2026-09-03T09:35:00.000Z,2026-09-03T12:35:00,30.21,30.21,30.21,30.21,2
2026-09-03T09:39:00.000Z,2026-09-03T12:39:00,30.21,30.21,30.21,30.21,58
2026-09-03T09:46:00.000Z,2026-09-03T12:46:00,30.21,30.21,30.21,30.21,20
2026-09-03T10:34:00.000Z,2026-09-03T13:34:00,30.11,30.11,30.11,30.11,300
2026-09-03T10:36:00.000Z,2026-09-03T13:36:00,30.11,30.11,30.1,30.1,98
2026-09-03T10:50:00.000Z,2026-09-03T13:50:00,30.11,30.11,30.11,30.11,300
2026-09-06T07:00:00.000Z,2026-09-06T10:00:00,30.1,30.11,30.1,30.11,6
2026-09-06T07:05:00.000Z,2026-09-06T10:05:00,30.67,30.79,30.67,30.79,332
2026-09-06T07:19:00.000Z,2026-09-06T10:19:00,30.5,30.5,30.5,30.5,1099
2026-09-06T07:23:00.000Z,2026-09-06T10:23:00,30.2,30.2,30.2,30.2,34
2026-09-06T07:52:00.000Z,2026-09-06T10:52:00,30.3,30.3,30.3,30.3,500
2026-09-06T08:04:00.000Z,2026-09-06T11:04:00,30.79,30.79,30.79,30.79,262
2026-09-06T08:22:00.000Z,2026-09-06T11:22:00,30.3,30.3,30.3,30.3,1
2026-09-06T08:32:00.000Z,2026-09-06T11:32:00,30.35,30.35,30.35,30.35,290
2026-09-06T08:41:00.000Z,2026-09-06T11:41:00,30.36,30.36,30.36,30.36,1
2026-09-06T08:49:00.000Z,2026-09-06T11:49:00,30.78,30.78,30.78,30.78,300
2026-09-06T09:03:00.000Z,2026-09-06T12:03:00,30.77,30.77,30.77,30.77,1480
2026-09-06T09:20:00.000Z,2026-09-06T12:20:00,30.5,30.5,30.5,30.5,900
2026-09-06T09:29:00.000Z,2026-09-06T12:29:00,30.41,30.41,30.4,30.4,3000
2026-09-06T09:30:00.000Z,2026-09-06T12:30:00,30.4,30.4,30.4,30.4,323
2026-09-06T09:31:00.000Z,2026-09-06T12:31:00,30.35,30.35,30.35,30.35,503
2026-09-06T09:34:00.000Z,2026-09-06T12:34:00,30.35,30.35,30.3,30.3,446
2026-09-06T09:42:00.000Z,2026-09-06T12:42:00,30.5,30.69,30.5,30.69,2000
2026-09-06T10:19:00.000Z,2026-09-06T13:19:00,30.68,30.68,30.68,30.68,300
2026-09-06T10:21:00.000Z,2026-09-06T13:21:00,30.3,30.3,30.25,30.25,2000
2026-09-06T10:50:00.000Z,2026-09-06T13:50:00,30.3,30.3,30.3,30.3,29
2026-09-06T10:56:00.000Z,2026-09-06T13:56:00,30.3,30.3,30.22,30.22,4000
2026-09-06T10:57:00.000Z,2026-09-06T13:57:00,30.22,30.22,30.22,30.22,1100
2026-09-06T11:07:00.000Z,2026-09-06T14:07:00,30.22,30.22,30.22,30.22,500
2026-09-07T07:00:00.000Z,2026-09-07T10:00:00,30.11,30.11,30.11,30.11,600
2026-09-07T07:14:00.000Z,2026-09-07T10:14:00,30.4,30.4,30.4,30.4,2920
2026-09-07T07:36:00.000Z,2026-09-07T10:36:00,30.55,30.55,30.55,30.55,848
2026-09-07T07:40:00.000Z,2026-09-07T10:40:00,30.55,30.55,30.55,30.55,440
2026-09-07T07:43:00.000Z,2026-09-07T10:43:00,30.55,30.55,30.55,30.55,540
2026-09-07T08:13:00.000Z,2026-09-07T11:13:00,30.55,30.55,30.55,30.55,50
2026-09-07T08:25:00.000Z,2026-09-07T11:25:00,30.54,30.54,30.54,30.54,5
2026-09-07T09:18:00.000Z,2026-09-07T12:18:00,30.54,30.55,30.54,30.55,130
2026-09-07T09:24:00.000Z,2026-09-07T12:24:00,30.55,30.55,30.55,30.55,87
2026-09-07T09:31:00.000Z,2026-09-07T12:31:00,30.6,30.6,30.6,30.6,120
2026-09-07T09:34:00.000Z,2026-09-07T12:34:00,30.6,30.6,30.6,30.6,658
2026-09-07T09:35:00.000Z,2026-09-07T12:35:00,30.6,30.6,30.6,30.6,125
2026-09-07T09:45:00.000Z,2026-09-07T12:45:00,30.4,30.4,30.4,30.4,62
2026-09-07T10:48:00.000Z,2026-09-07T13:48:00,30.5,30.5,30.5,30.5,120
2026-09-07T10:58:00.000Z,2026-09-07T13:58:00,30.64,30.64,30.64,30.64,290
2026-09-07T11:09:00.000Z,2026-09-07T14:09:00,30.6,30.6,30.6,30.6,60
2026-09-07T11:15:00.000Z,2026-09-07T14:15:00,30.6,30.6,30.6,30.6,200
2026-09-08T07:41:00.000Z,2026-09-08T10:41:00,30.3,30.3,30.3,30.3,740
2026-09-08T07:42:00.000Z,2026-09-08T10:42:00,30.12,30.12,29.8,29.8,1060
2026-09-08T07:48:00.000Z,2026-09-08T10:48:00,30.6,30.6,30.6,30.6,59
2026-09-08T08:40:00.000Z,2026-09-08T11:40:00,29.86,29.86,29.86,29.86,50
2026-09-08T08:53:00.000Z,2026-09-08T11:53:00,30.6,30.6,30.6,30.6,3
2026-09-08T09:25:00.000Z,2026-09-08T12:25:00,30.59,30.6,30.59,30.6,81
2026-09-08T09:43:00.000Z,2026-09-08T12:43:00,30.6,30.6,30.6,30.6,163
2026-09-08T10:00:00.000Z,2026-09-08T13:00:00,30.6,30.6,30.6,30.6,1
2026-09-08T10:06:00.000Z,2026-09-08T13:06:00,29.87,29.87,29.87,29.87,69
2026-09-08T10:58:00.000Z,2026-09-08T13:58:00,29.88,29.88,29.87,29.87,5000
2026-09-09T07:32:00.000Z,2026-09-09T10:32:00,30.3,30.3,29.75,29.75,124
2026-09-09T08:23:00.000Z,2026-09-09T11:23:00,29.8,29.8,29.8,29.8,50
2026-09-09T08:49:00.000Z,2026-09-09T11:49:00,29.81,29.81,29.81,29.81,18
2026-09-09T08:57:00.000Z,2026-09-09T11:57:00,30.27,30.27,30.27,30.27,1
2026-09-09T09:18:00.000Z,2026-09-09T12:18:00,29.9,29.9,29.81,29.81,130
2026-09-09T10:02:00.000Z,2026-09-09T13:02:00,30.24,30.25,30.24,30.25,3189
2026-09-09T10:26:00.000Z,2026-09-09T13:26:00,30,30.24,30,30.24,386
2026-09-09T10:33:00.000Z,2026-09-09T13:33:00,30,30,29.75,29.75,6000
2026-09-09T10:34:00.000Z,2026-09-09T13:34:00,29.75,29.75,29.75,29.75,3289
2026-09-09T10:47:00.000Z,2026-09-09T13:47:00,29.75,29.75,29.75,29.75,6000
2026-09-09T10:48:00.000Z,2026-09-09T13:48:00,30.24,30.24,30.24,30.24,5
2026-09-09T11:03:00.000Z,2026-09-09T14:03:00,29.8,29.8,29.8,29.8,600
2026-09-09T11:05:00.000Z,2026-09-09T14:05:00,29.75,29.75,29.75,29.75,238
2026-09-10T07:12:00.000Z,2026-09-10T10:12:00,29.7,29.7,29.7,29.7,5000
2026-09-10T07:15:00.000Z,2026-09-10T10:15:00,29.71,29.71,29.7,29.7,5000
2026-09-10T07:31:00.000Z,2026-09-10T10:31:00,29.75,29.75,29.75,29.75,1
2026-09-10T07:33:00.000Z,2026-09-10T10:33:00,29.75,29.75,29.75,29.75,5
2026-09-10T07:35:00.000Z,2026-09-10T10:35:00,29.99,29.99,29.99,29.99,1
2026-09-10T07:44:00.000Z,2026-09-10T10:44:00,30,30,30,30,10
2026-09-10T08:37:00.000Z,2026-09-10T11:37:00,29.99,30,29.99,30,6200
2026-09-10T08:39:00.000Z,2026-09-10T11:39:00,30,30,30,30,5000
2026-09-10T08:44:00.000Z,2026-09-10T11:44:00,30,30,30,30,5500
2026-09-10T08:45:00.000Z,2026-09-10T11:45:00,30,30,30,30,11644
2026-09-10T09:57:00.000Z,2026-09-10T12:57:00,30.01,30.01,30.01,30.01,300
2026-09-10T09:59:00.000Z,2026-09-10T12:59:00,30.01,30.01,30.01,30.01,50
2026-09-10T10:19:00.000Z,2026-09-10T13:19:00,30.01,30.01,30,30,2506
2026-09-10T10:22:00.000Z,2026-09-10T13:22:00,30,30,30,30,955
2026-09-10T10:27:00.000Z,2026-09-10T13:27:00,30,30,30,30,45
2026-09-10T10:33:00.000Z,2026-09-10T13:33:00,30,30,30,30,366
2026-09-10T10:39:00.000Z,2026-09-10T13:39:00,30,30,30,30,20
2026-09-10T10:42:00.000Z,2026-09-10T13:42:00,30,30,30,30,1000
2026-09-10T10:55:00.000Z,2026-09-10T13:55:00,30,30,30,30,450
2026-09-10T10:56:00.000Z,2026-09-10T13:56:00,30.05,30.05,30.05,30.05,323
2026-09-10T11:02:00.000Z,2026-09-10T14:02:00,30.23,30.23,30.23,30.23,100
2026-09-10T11:12:00.000Z,2026-09-10T14:12:00,30,30,30,30,106
2026-09-13T07:43:00.000Z,2026-09-13T10:43:00,29.81,29.81,29.81,29.81,1
2026-09-13T07:52:00.000Z,2026-09-13T10:52:00,30.24,30.25,30.24,30.25,100
2026-09-13T08:03:00.000Z,2026-09-13T11:03:00,30.25,30.25,30.25,30.25,3
2026-09-13T08:47:00.000Z,2026-09-13T11:47:00,30.25,30.25,30.25,30.25,150
2026-09-13T09:12:00.000Z,2026-09-13T12:12:00,30.26,30.26,30.26,30.26,300
2026-09-13T09:13:00.000Z,2026-09-13T12:13:00,30.25,30.25,30.25,30.25,3850
2026-09-13T09:14:00.000Z,2026-09-13T12:14:00,30.25,30.25,30.25,30.25,1150
2026-09-13T09:23:00.000Z,2026-09-13T12:23:00,30.26,30.99,30.26,30.99,5000
2026-09-13T09:24:00.000Z,2026-09-13T12:24:00,30.99,31,30.99,31,2000
2026-09-13T09:25:00.000Z,2026-09-13T12:25:00,30.9,31.3,30.9,31.3,3000
2026-09-13T09:26:00.000Z,2026-09-13T12:26:00,31.3,31.3,31.3,31.3,79
2026-09-13T09:27:00.000Z,2026-09-13T12:27:00,31.2,31.4,31.2,31.4,3021
2026-09-13T09:28:00.000Z,2026-09-13T12:28:00,31.4,32.78,31.4,32.78,5584
2026-09-13T09:29:00.000Z,2026-09-13T12:29:00,32.4,32.4,32.4,32.4,2500
2026-09-13T09:30:00.000Z,2026-09-13T12:30:00,31.2,32.29,31.2,32.29,619
2026-09-13T09:31:00.000Z,2026-09-13T12:31:00,32.2,32.4,32.2,32.4,6051
2026-09-13T09:32:00.000Z,2026-09-13T12:32:00,32.4,32.9,32,32.9,15099
2026-09-13T09:33:00.000Z,2026-09-13T12:33:00,32.6,33.5,32.6,33.5,8633
2026-09-13T09:43:00.000Z,2026-09-13T12:43:00,33.49,33.7,33.49,33.5,6469
2026-09-13T09:44:00.000Z,2026-09-13T12:44:00,33.69,33.75,33.5,33.7,12818
2026-09-13T09:45:00.000Z,2026-09-13T12:45:00,33.7,34,33.7,34,13386
2026-09-13T09:46:00.000Z,2026-09-13T12:46:00,34,35,34,35,19109
2026-09-13T09:47:00.000Z,2026-09-13T12:47:00,34.4,34.97,34.4,34.9,3073
2026-09-13T09:48:00.000Z,2026-09-13T12:48:00,34.85,34.89,34.07,34.11,3276
2026-09-13T09:49:00.000Z,2026-09-13T12:49:00,34.69,34.75,34.07,34.2,1374
2026-09-13T09:50:00.000Z,2026-09-13T12:50:00,34.2,34.7,34.07,34.7,1913
2026-09-13T09:51:00.000Z,2026-09-13T12:51:00,34.7,34.9,34.7,34.9,9311
2026-09-13T09:52:00.000Z,2026-09-13T12:52:00,34.9,34.9,34.75,34.9,158
2026-09-13T09:53:00.000Z,2026-09-13T12:53:00,34.89,35.96,34.89,35.96,67048
2026-09-13T09:54:00.000Z,2026-09-13T12:54:00,35.15,35.96,35.07,35.96,13277
2026-09-13T09:55:00.000Z,2026-09-13T12:55:00,35.96,36,35.96,36,104427
2026-09-13T09:56:00.000Z,2026-09-13T12:56:00,36,36,35.87,35.87,87536
2026-09-13T09:57:00.000Z,2026-09-13T12:57:00,35.86,35.86,35.5,35.5,3070
2026-09-13T09:58:00.000Z,2026-09-13T12:58:00,35.5,35.7,35.5,35.7,8880
2026-09-13T09:59:00.000Z,2026-09-13T12:59:00,35.53,36,35.53,36,23395
2026-09-13T10:00:00.000Z,2026-09-13T13:00:00,36,36,36,36,7188
2026-09-13T10:01:00.000Z,2026-09-13T13:01:00,36,36,36,36,933
2026-09-13T10:02:00.000Z,2026-09-13T13:02:00,36,36,36,36,1
2026-09-13T10:03:00.000Z,2026-09-13T13:03:00,36,36,36,36,1733
2026-09-13T10:04:00.000Z,2026-09-13T13:04:00,36,36,36,36,150
2026-09-13T10:05:00.000Z,2026-09-13T13:05:00,36,36,36,36,138
2026-09-13T10:06:00.000Z,2026-09-13T13:06:00,36,36,36,36,500
2026-09-13T10:08:00.000Z,2026-09-13T13:08:00,36,36,36,36,111
2026-09-13T10:11:00.000Z,2026-09-13T13:11:00,36,36,36,36,212
2026-09-13T10:12:00.000Z,2026-09-13T13:12:00,36,36,36,36,1626
2026-09-13T10:14:00.000Z,2026-09-13T13:14:00,36,36,36,36,159
2026-09-13T10:20:00.000Z,2026-09-13T13:20:00,36,36,36,36,451
2026-09-13T10:25:00.000Z,2026-09-13T13:25:00,36,36,36,36,327
2026-09-13T10:27:00.000Z,2026-09-13T13:27:00,36,36,36,36,500
2026-09-13T10:28:00.000Z,2026-09-13T13:28:00,36,36,36,36,351
2026-09-13T10:29:00.000Z,2026-09-13T13:29:00,36,36,36,36,4864
2026-09-13T10:31:00.000Z,2026-09-13T13:31:00,36,36,36,36,5000
2026-09-13T10:33:00.000Z,2026-09-13T13:33:00,36,36,36,36,30
2026-09-13T10:34:00.000Z,2026-09-13T13:34:00,36,36,36,36,30
2026-09-13T10:35:00.000Z,2026-09-13T13:35:00,36,36,36,36,47
2026-09-13T10:37:00.000Z,2026-09-13T13:37:00,36,36,36,36,2000
2026-09-13T10:38:00.000Z,2026-09-13T13:38:00,36,36,36,36,9
2026-09-13T10:40:00.000Z,2026-09-13T13:40:00,36,36,36,36,110
2026-09-13T10:42:00.000Z,2026-09-13T13:42:00,36,36,36,36,20
2026-09-13T10:43:00.000Z,2026-09-13T13:43:00,36,36,36,36,3457
2026-09-13T10:48:00.000Z,2026-09-13T13:48:00,36,36,36,36,5000
2026-09-13T10:50:00.000Z,2026-09-13T13:50:00,36,36,36,36,1330
2026-09-13T10:55:00.000Z,2026-09-13T13:55:00,36,36,36,36,900
2026-09-13T10:58:00.000Z,2026-09-13T13:58:00,36,36,36,36,305
2026-09-13T11:00:00.000Z,2026-09-13T14:00:00,36,36,36,36,107
2026-09-13T11:08:00.000Z,2026-09-13T14:08:00,36,36,36,36,290
2026-09-13T11:13:00.000Z,2026-09-13T14:13:00,36,36,36,36,1100
2026-09-14T07:00:00.000Z,2026-09-14T10:00:00,41.88,41.88,41.88,41.88,7337
2026-09-14T07:10:00.000Z,2026-09-14T10:10:00,43.2,43.2,38.22,39.94,44579
2026-09-14T07:11:00.000Z,2026-09-14T10:11:00,39.9,39.99,39,39.95,19307
2026-09-14T07:12:00.000Z,2026-09-14T10:12:00,39.95,40.9,39,40,64676
2026-09-14T07:13:00.000Z,2026-09-14T10:13:00,40,40.9,40,40.65,41637
2026-09-14T07:14:00.000Z,2026-09-14T10:14:00,40.65,40.66,40,40.06,8689
2026-09-14T07:15:00.000Z,2026-09-14T10:15:00,40.4,40.99,40.05,40.9,37474
2026-09-14T07:16:00.000Z,2026-09-14T10:16:00,40.88,41.4,40.88,41.4,35813
2026-09-14T07:17:00.000Z,2026-09-14T10:17:00,41.4,41.4,40.12,40.98,24084
2026-09-14T07:18:00.000Z,2026-09-14T10:18:00,40.5,40.96,39.51,39.6,21331
2026-09-14T07:19:00.000Z,2026-09-14T10:19:00,39.7,39.8,39.6,39.8,6437
2026-09-14T07:20:00.000Z,2026-09-14T10:20:00,39.8,40.5,39.8,40.3,3111
2026-09-14T07:21:00.000Z,2026-09-14T10:21:00,40.3,40.3,40.3,40.3,3429
2026-09-14T07:22:00.000Z,2026-09-14T10:22:00,40.3,40.8,40.3,40.79,11911
2026-09-14T07:23:00.000Z,2026-09-14T10:23:00,40.78,40.79,40.5,40.5,3478
2026-09-14T07:24:00.000Z,2026-09-14T10:24:00,40.49,40.8,40.02,40.02,5503
2026-09-14T07:25:00.000Z,2026-09-14T10:25:00,40.02,40.02,40,40,12468
2026-09-14T07:26:00.000Z,2026-09-14T10:26:00,40.3,40.3,40,40.3,6483
2026-09-14T07:27:00.000Z,2026-09-14T10:27:00,40.6,40.6,40.5,40.55,120
2026-09-14T07:28:00.000Z,2026-09-14T10:28:00,40.48,40.48,40.44,40.44,354
2026-09-14T07:29:00.000Z,2026-09-14T10:29:00,40.4,40.4,39.03,39.9,8526
2026-09-14T07:30:00.000Z,2026-09-14T10:30:00,39.68,39.79,38.54,38.54,21237
2026-09-14T07:31:00.000Z,2026-09-14T10:31:00,39,40.2,39,40.2,8216
2026-09-14T07:32:00.000Z,2026-09-14T10:32:00,40,40.3,39.01,40.3,11747
2026-09-14T07:33:00.000Z,2026-09-14T10:33:00,40,40.3,40,40,4798
2026-09-14T07:34:00.000Z,2026-09-14T10:34:00,40,40,39.11,39.9,6891
2026-09-14T07:35:00.000Z,2026-09-14T10:35:00,39.14,39.79,39,39,3542
2026-09-14T07:36:00.000Z,2026-09-14T10:36:00,38.56,39.15,38.55,39,5503
2026-09-14T07:37:00.000Z,2026-09-14T10:37:00,39.15,39.49,39,39.4,10358
2026-09-14T07:38:00.000Z,2026-09-14T10:38:00,39.4,39.4,39,39,1066
2026-09-14T07:39:00.000Z,2026-09-14T10:39:00,39.39,39.39,39,39,9553
2026-09-14T07:40:00.000Z,2026-09-14T10:40:00,38.99,39,38.11,38.11,4818
2026-09-14T07:41:00.000Z,2026-09-14T10:41:00,38.11,38.44,38.11,38.44,696
2026-09-14T07:42:00.000Z,2026-09-14T10:42:00,38.44,39,38.06,39,7711
2026-09-14T07:43:00.000Z,2026-09-14T10:43:00,39,39,38.15,38.9,814
2026-09-14T07:44:00.000Z,2026-09-14T10:44:00,38.16,39,38.15,39,8417
2026-09-14T07:45:00.000Z,2026-09-14T10:45:00,39.38,39.8,39,39.74,4616
2026-09-14T07:46:00.000Z,2026-09-14T10:46:00,39.74,40.25,39.74,40,17297
2026-09-14T07:47:00.000Z,2026-09-14T10:47:00,40,40.25,39.77,39.77,5431
2026-09-14T07:48:00.000Z,2026-09-14T10:48:00,40,40.2,39.77,40,4956
2026-09-14T07:49:00.000Z,2026-09-14T10:49:00,40,40,39.77,39.77,1241
2026-09-14T07:50:00.000Z,2026-09-14T10:50:00,39.77,39.77,39,39.5,3014
2026-09-14T07:51:00.000Z,2026-09-14T10:51:00,39.5,39.5,39,39,4843
2026-09-14T07:52:00.000Z,2026-09-14T10:52:00,39,39.44,38.56,39.39,6578
2026-09-14T07:53:00.000Z,2026-09-14T10:53:00,39.39,39.39,39.39,39.39,58
2026-09-14T07:54:00.000Z,2026-09-14T10:54:00,39,39,39,39,73
2026-09-14T07:55:00.000Z,2026-09-14T10:55:00,38.65,38.99,38.65,38.99,174
2026-09-14T07:56:00.000Z,2026-09-14T10:56:00,38.9,38.9,38.31,38.31,8497
2026-09-14T07:57:00.000Z,2026-09-14T10:57:00,38.8,38.9,38.31,38.31,3658
2026-09-14T07:58:00.000Z,2026-09-14T10:58:00,38.5,38.5,37.5,37.5,24368
2026-09-14T07:59:00.000Z,2026-09-14T10:59:00,37.5,38,37.5,38,4903
2026-09-14T08:00:00.000Z,2026-09-14T11:00:00,37.62,38.48,37.62,38,1359
2026-09-14T08:01:00.000Z,2026-09-14T11:01:00,38.44,38.99,38.44,38.9,5596
2026-09-14T08:02:00.000Z,2026-09-14T11:02:00,38.9,39,38.9,39,7009
2026-09-14T08:03:00.000Z,2026-09-14T11:03:00,39.4,39.7,39,39.69,2501
2026-09-14T08:04:00.000Z,2026-09-14T11:04:00,39.65,39.69,38.6,39.65,2550
2026-09-14T08:05:00.000Z,2026-09-14T11:05:00,38.7,39.59,37.9,39.59,19060
2026-09-14T08:06:00.000Z,2026-09-14T11:06:00,38.02,38.02,38.02,38.02,103
2026-09-14T08:07:00.000Z,2026-09-14T11:07:00,38.26,39,38.26,39,169
2026-09-14T08:08:00.000Z,2026-09-14T11:08:00,39,39.15,38.4,39.14,3533
2026-09-14T08:09:00.000Z,2026-09-14T11:09:00,39,39.44,39,39.44,5817
2026-09-14T08:10:00.000Z,2026-09-14T11:10:00,39.44,39.99,39.44,39.99,26847
2026-09-14T08:11:00.000Z,2026-09-14T11:11:00,39.96,40.4,39.9,40.2,28960
2026-09-14T08:12:00.000Z,2026-09-14T11:12:00,40,40,39.6,40,21581
2026-09-14T08:13:00.000Z,2026-09-14T11:13:00,39.14,39.8,39.01,39.77,2081
2026-09-14T08:14:00.000Z,2026-09-14T11:14:00,39.38,39.38,39.38,39.38,21
2026-09-14T08:15:00.000Z,2026-09-14T11:15:00,39,39.38,39,39,2551
2026-09-14T08:16:00.000Z,2026-09-14T11:16:00,39,39,39,39,10
2026-09-14T08:17:00.000Z,2026-09-14T11:17:00,38.6,39,38.6,39,2633
2026-09-14T08:18:00.000Z,2026-09-14T11:18:00,38.99,39,38.99,39,834
2026-09-14T08:19:00.000Z,2026-09-14T11:19:00,38.66,39,38.6,38.61,14075
2026-09-14T08:20:00.000Z,2026-09-14T11:20:00,38.61,38.62,38.61,38.61,4019
2026-09-14T08:21:00.000Z,2026-09-14T11:21:00,38.61,38.61,38.53,38.53,9587
2026-09-14T08:22:00.000Z,2026-09-14T11:22:00,38.5,38.5,38.03,38.04,4551
2026-09-14T08:23:00.000Z,2026-09-14T11:23:00,38.4,38.4,38,38,11651
2026-09-14T08:24:00.000Z,2026-09-14T11:24:00,38,38,38,38,4409
2026-09-14T08:25:00.000Z,2026-09-14T11:25:00,37.9,37.9,37.7,37.75,3568
2026-09-14T08:26:00.000Z,2026-09-14T11:26:00,37.75,38,37.7,38,13168
2026-09-14T08:27:00.000Z,2026-09-14T11:27:00,38.4,38.4,38.4,38.4,6
2026-09-14T08:28:00.000Z,2026-09-14T11:28:00,38.1,38.7,38.1,38.5,2701
2026-09-14T08:29:00.000Z,2026-09-14T11:29:00,38.65,38.65,38.49,38.5,1312
2026-09-14T08:30:00.000Z,2026-09-14T11:30:00,38.05,38.45,38,38.45,682
2026-09-14T08:31:00.000Z,2026-09-14T11:31:00,38,38.45,38,38.4,1611
2026-09-14T08:32:00.000Z,2026-09-14T11:32:00,38.4,38.4,38.35,38.35,71
2026-09-14T08:33:00.000Z,2026-09-14T11:33:00,38.34,38.34,38.34,38.34,200
2026-09-14T08:34:00.000Z,2026-09-14T11:34:00,38.2,38.2,38.2,38.2,746
2026-09-14T08:35:00.000Z,2026-09-14T11:35:00,38.1,38.2,38.1,38.2,1446
2026-09-14T08:37:00.000Z,2026-09-14T11:37:00,38.1,38.1,38.01,38.01,834
2026-09-14T08:38:00.000Z,2026-09-14T11:38:00,38.01,38.1,38.01,38.1,37
2026-09-14T08:39:00.000Z,2026-09-14T11:39:00,38.1,38.1,38.1,38.1,26
2026-09-14T08:40:00.000Z,2026-09-14T11:40:00,38.05,38.05,37.72,37.72,2138
2026-09-14T08:41:00.000Z,2026-09-14T11:41:00,37.72,38,37.72,37.73,43
2026-09-14T08:42:00.000Z,2026-09-14T11:42:00,37.75,37.96,37.71,37.72,5269
2026-09-14T08:43:00.000Z,2026-09-14T11:43:00,38,38.1,38,38.1,385
2026-09-14T08:45:00.000Z,2026-09-14T11:45:00,38.1,38.1,37.8,37.8,2101
2026-09-14T08:46:00.000Z,2026-09-14T11:46:00,37.8,37.8,37.75,37.75,1825
2026-09-14T08:47:00.000Z,2026-09-14T11:47:00,37.8,37.8,37.5,37.5,7996
2026-09-14T08:48:00.000Z,2026-09-14T11:48:00,37.27,38,37.02,37.98,10759
2026-09-14T08:49:00.000Z,2026-09-14T11:49:00,37.05,37.8,37.02,37.5,2863
2026-09-14T08:50:00.000Z,2026-09-14T11:50:00,37.2,37.2,37,37,3878
2026-09-14T08:51:00.000Z,2026-09-14T11:51:00,37.1,37.1,37.1,37.1,820
2026-09-14T08:52:00.000Z,2026-09-14T11:52:00,37.1,37.1,37,37,175
2026-09-14T08:53:00.000Z,2026-09-14T11:53:00,37,37,36.53,36.53,7704
2026-09-14T08:54:00.000Z,2026-09-14T11:54:00,36.53,36.53,36.5,36.53,10027
2026-09-14T08:55:00.000Z,2026-09-14T11:55:00,36.97,37.65,36.97,37.65,6454
2026-09-14T08:56:00.000Z,2026-09-14T11:56:00,37.65,37.89,37.65,37.8,6181
2026-09-14T08:57:00.000Z,2026-09-14T11:57:00,37.79,38,37.71,38,6881
2026-09-14T08:58:00.000Z,2026-09-14T11:58:00,38,39.4,38,39,17337
2026-09-14T08:59:00.000Z,2026-09-14T11:59:00,39,39.99,39,39.95,18661
2026-09-14T09:00:00.000Z,2026-09-14T12:00:00,39.8,39.8,39,39,7731
2026-09-14T09:01:00.000Z,2026-09-14T12:01:00,39,39.5,39,39.5,5835
2026-09-14T09:02:00.000Z,2026-09-14T12:02:00,39.4,39.5,39.2,39.2,7670
2026-09-14T09:03:00.000Z,2026-09-14T12:03:00,39.2,39.3,39.2,39.2,5852
2026-09-14T09:04:00.000Z,2026-09-14T12:04:00,39.11,39.11,39,39,1514
2026-09-14T09:05:00.000Z,2026-09-14T12:05:00,38.8,38.8,38.8,38.8,1670
2026-09-14T09:06:00.000Z,2026-09-14T12:06:00,38.8,38.99,38.5,38.75,6188
2026-09-14T09:07:00.000Z,2026-09-14T12:07:00,38.75,38.75,38.75,38.75,863
2026-09-14T09:08:00.000Z,2026-09-14T12:08:00,38.6,38.6,38.2,38.2,4911
2026-09-14T09:09:00.000Z,2026-09-14T12:09:00,38.6,38.6,38.6,38.6,513
2026-09-14T09:10:00.000Z,2026-09-14T12:10:00,38.6,38.6,38.6,38.6,4864
2026-09-14T09:11:00.000Z,2026-09-14T12:11:00,38.6,38.6,38.35,38.35,2611
2026-09-14T09:12:00.000Z,2026-09-14T12:12:00,38.35,38.35,38.3,38.35,790
2026-09-14T09:13:00.000Z,2026-09-14T12:13:00,38.59,39,38.35,39,1192
2026-09-14T09:14:00.000Z,2026-09-14T12:14:00,39,39.25,38.99,39.25,5315
2026-09-14T09:15:00.000Z,2026-09-14T12:15:00,39,39,39,39,710
2026-09-14T09:16:00.000Z,2026-09-14T12:16:00,39,39,38.66,38.66,1585
2026-09-14T09:17:00.000Z,2026-09-14T12:17:00,39,39,38.9,38.9,3337
2026-09-14T09:18:00.000Z,2026-09-14T12:18:00,38.9,38.9,38.9,38.9,46
2026-09-14T09:19:00.000Z,2026-09-14T12:19:00,38.67,38.67,38,38,6345
2026-09-14T09:20:00.000Z,2026-09-14T12:20:00,38.05,38.59,38.01,38.59,4200
2026-09-14T09:21:00.000Z,2026-09-14T12:21:00,38.1,38.1,38.1,38.1,4393
2026-09-14T09:22:00.000Z,2026-09-14T12:22:00,38.1,38.85,38.1,38.85,1390
2026-09-14T09:23:00.000Z,2026-09-14T12:23:00,38.79,38.79,38.15,38.79,990
2026-09-14T09:24:00.000Z,2026-09-14T12:24:00,38.75,38.75,38.01,38.01,502
2026-09-14T09:25:00.000Z,2026-09-14T12:25:00,38.1,38.1,38,38,6443
2026-09-14T09:26:00.000Z,2026-09-14T12:26:00,37.6,38,37.6,37.8,436
2026-09-14T09:27:00.000Z,2026-09-14T12:27:00,37.8,37.8,37.51,37.51,2561
2026-09-14T09:28:00.000Z,2026-09-14T12:28:00,37.51,37.51,37.01,37.51,9198
2026-09-14T09:29:00.000Z,2026-09-14T12:29:00,37.01,37.01,37,37,2464
2026-09-14T09:30:00.000Z,2026-09-14T12:30:00,37,37.5,37,37.5,542
2026-09-14T09:32:00.000Z,2026-09-14T12:32:00,37.2,37.2,37,37,5621
2026-09-14T09:33:00.000Z,2026-09-14T12:33:00,37,37,36.54,36.54,4410
2026-09-14T09:34:00.000Z,2026-09-14T12:34:00,36.53,37,36.5,37,6865
2026-09-14T09:35:00.000Z,2026-09-14T12:35:00,37,37,37,37,254
2026-09-14T09:36:00.000Z,2026-09-14T12:36:00,37,37,37,37,13
2026-09-14T09:37:00.000Z,2026-09-14T12:37:00,37,37.2,37,37.2,780
2026-09-14T09:38:00.000Z,2026-09-14T12:38:00,37.4,37.4,37.39,37.39,750
2026-09-14T09:39:00.000Z,2026-09-14T12:39:00,37.39,37.5,37.39,37.5,2487
2026-09-14T09:40:00.000Z,2026-09-14T12:40:00,37.49,37.49,37.49,37.49,803
2026-09-14T09:41:00.000Z,2026-09-14T12:41:00,37.22,37.22,37.22,37.22,1694
2026-09-14T09:42:00.000Z,2026-09-14T12:42:00,37.48,37.48,37.2,37.2,3505
2026-09-14T09:43:00.000Z,2026-09-14T12:43:00,37.2,37.2,37,37,361
2026-09-14T09:44:00.000Z,2026-09-14T12:44:00,37,37,37,37,33
2026-09-14T09:45:00.000Z,2026-09-14T12:45:00,36.73,36.73,36.65,36.65,1414
2026-09-14T09:46:00.000Z,2026-09-14T12:46:00,36.67,36.67,36.61,36.61,1907
2026-09-14T09:47:00.000Z,2026-09-14T12:47:00,36.61,36.66,36.6,36.66,3810
2026-09-14T09:48:00.000Z,2026-09-14T12:48:00,36.7,36.7,36.7,36.7,193
2026-09-14T09:50:00.000Z,2026-09-14T12:50:00,36.77,36.77,36.7,36.7,1182
2026-09-14T09:51:00.000Z,2026-09-14T12:51:00,36.66,36.66,36.5,36.5,7231
2026-09-14T09:52:00.000Z,2026-09-14T12:52:00,36.43,36.7,36.43,36.43,2511
2026-09-14T09:54:00.000Z,2026-09-14T12:54:00,36.7,37.24,36.7,37.24,4273
2026-09-14T09:55:00.000Z,2026-09-14T12:55:00,37.2,37.2,37,37,600
2026-09-14T09:56:00.000Z,2026-09-14T12:56:00,36.7,36.9,36.7,36.9,309
2026-09-14T09:57:00.000Z,2026-09-14T12:57:00,36.88,36.88,36.8,36.8,195
2026-09-14T09:58:00.000Z,2026-09-14T12:58:00,36.8,36.8,36.43,36.43,3306
2026-09-14T10:01:00.000Z,2026-09-14T13:01:00,36.43,36.43,36.43,36.43,100
2026-09-14T10:02:00.000Z,2026-09-14T13:02:00,36.43,36.43,36.43,36.43,1885
2026-09-14T10:03:00.000Z,2026-09-14T13:03:00,36.8,36.9,36.8,36.9,65
2026-09-14T10:04:00.000Z,2026-09-14T13:04:00,36.9,36.94,36.9,36.94,831
2026-09-14T10:05:00.000Z,2026-09-14T13:05:00,36.94,37,36.45,36.45,3817
2026-09-14T10:06:00.000Z,2026-09-14T13:06:00,36.99,36.99,36.99,36.99,25
2026-09-14T10:07:00.000Z,2026-09-14T13:07:00,36.99,37,36.7,36.7,5236
2026-09-14T10:08:00.000Z,2026-09-14T13:08:00,36.7,37.38,36.7,37.38,1919
2026-09-14T10:09:00.000Z,2026-09-14T13:09:00,37.5,37.69,37.49,37.5,4460
2026-09-14T10:10:00.000Z,2026-09-14T13:10:00,37.99,37.99,37.55,37.55,2408
2026-09-14T10:11:00.000Z,2026-09-14T13:11:00,37.97,38,37.97,38,4654
2026-09-14T10:12:00.000Z,2026-09-14T13:12:00,38,39.4,38,39.4,29504
2026-09-14T10:13:00.000Z,2026-09-14T13:13:00,39.4,40,39,40,71922
2026-09-14T10:14:00.000Z,2026-09-14T13:14:00,39.99,40,38.07,39,4075
2026-09-14T10:15:00.000Z,2026-09-14T13:15:00,39,39.99,39,39.99,8626
2026-09-14T10:16:00.000Z,2026-09-14T13:16:00,39.99,39.99,39.51,39.51,378
2026-09-14T10:17:00.000Z,2026-09-14T13:17:00,39.51,39.51,39,39,675
2026-09-14T10:18:00.000Z,2026-09-14T13:18:00,39,39,38.9,38.9,595
2026-09-14T10:19:00.000Z,2026-09-14T13:19:00,38.89,38.89,38,38,4549
2026-09-14T10:20:00.000Z,2026-09-14T13:20:00,37.62,38.89,37.62,38.89,1007
2026-09-14T10:21:00.000Z,2026-09-14T13:21:00,38.89,38.89,38,38,520
2026-09-14T10:22:00.000Z,2026-09-14T13:22:00,38,38,38,38,1289
2026-09-14T10:23:00.000Z,2026-09-14T13:23:00,37.9,37.9,37.63,37.65,2587
2026-09-14T10:24:00.000Z,2026-09-14T13:24:00,37.66,38.79,37.65,38.76,4649
2026-09-14T10:25:00.000Z,2026-09-14T13:25:00,37.89,38.7,37.89,38.7,289
2026-09-14T10:26:00.000Z,2026-09-14T13:26:00,38.7,38.7,38.7,38.7,50
2026-09-14T10:27:00.000Z,2026-09-14T13:27:00,37.8,37.99,37.8,37.99,308
2026-09-14T10:28:00.000Z,2026-09-14T13:28:00,37.8,37.8,37.8,37.8,1506
2026-09-14T10:29:00.000Z,2026-09-14T13:29:00,37.98,37.99,37.98,37.99,1556
2026-09-14T10:30:00.000Z,2026-09-14T13:30:00,37.9,37.99,37.9,37.99,597
2026-09-14T10:31:00.000Z,2026-09-14T13:31:00,37.99,38,37.99,37.99,1390
2026-09-14T10:32:00.000Z,2026-09-14T13:32:00,37.8,37.99,37.65,37.65,10087
2026-09-14T10:33:00.000Z,2026-09-14T13:33:00,37.65,37.65,37.65,37.65,1511
2026-09-14T10:34:00.000Z,2026-09-14T13:34:00,37.66,37.66,37,37.01,10311
2026-09-14T10:36:00.000Z,2026-09-14T13:36:00,37.07,37.07,37.07,37.07,1000
2026-09-14T10:38:00.000Z,2026-09-14T13:38:00,37.8,37.8,37.8,37.8,10
2026-09-14T10:39:00.000Z,2026-09-14T13:39:00,37.78,37.78,37.5,37.7,623
2026-09-14T10:40:00.000Z,2026-09-14T13:40:00,37.7,37.7,37.7,37.7,134
2026-09-14T10:41:00.000Z,2026-09-14T13:41:00,37.7,37.7,37.08,37.08,4730
2026-09-14T10:42:00.000Z,2026-09-14T13:42:00,37.5,37.5,37.1,37.1,51
2026-09-14T10:43:00.000Z,2026-09-14T13:43:00,37.08,37.08,37.08,37.08,35
2026-09-14T10:46:00.000Z,2026-09-14T13:46:00,37.1,37.95,37.1,37.95,1459
2026-09-14T10:47:00.000Z,2026-09-14T13:47:00,37.1,37.1,37.1,37.1,531
2026-09-14T10:48:00.000Z,2026-09-14T13:48:00,37.9,37.9,37.9,37.9,215
2026-09-14T10:49:00.000Z,2026-09-14T13:49:00,37.13,37.75,37.08,37.75,2009
2026-09-14T10:50:00.000Z,2026-09-14T13:50:00,37.08,37.08,37.08,37.08,2896
2026-09-14T10:51:00.000Z,2026-09-14T13:51:00,37.01,37.01,37,37,279
2026-09-14T10:52:00.000Z,2026-09-14T13:52:00,37,37,37,37,2199
2026-09-14T10:53:00.000Z,2026-09-14T13:53:00,37,37,37,37,853
2026-09-14T10:54:00.000Z,2026-09-14T13:54:00,37,37,37,37,5
2026-09-14T10:56:00.000Z,2026-09-14T13:56:00,36.7,36.7,36.41,36.41,1723
2026-09-14T10:57:00.000Z,2026-09-14T13:57:00,36.7,36.7,36.4,36.4,2100
2026-09-14T10:58:00.000Z,2026-09-14T13:58:00,36.7,36.7,36.36,36.36,7500
2026-09-14T10:59:00.000Z,2026-09-14T13:59:00,36.99,36.99,36.5,36.5,200
2026-09-14T11:00:00.000Z,2026-09-14T14:00:00,37,37,36.51,36.51,1145
2026-09-14T11:01:00.000Z,2026-09-14T14:01:00,37,37,37,37,1165
2026-09-14T11:03:00.000Z,2026-09-14T14:03:00,36.51,36.51,36.25,36.25,3486
2026-09-14T11:04:00.000Z,2026-09-14T14:04:00,36.52,36.52,36.05,36.5,6070
2026-09-14T11:06:00.000Z,2026-09-14T14:06:00,36.06,36.06,36.05,36.05,536
2026-09-14T11:08:00.000Z,2026-09-14T14:08:00,36.1,36.45,36.1,36.4,2128
2026-09-14T11:09:00.000Z,2026-09-14T14:09:00,36.49,36.86,36.49,36.86,1486
2026-09-14T11:10:00.000Z,2026-09-14T14:10:00,36.86,36.86,36.86,36.86,215
2026-09-14T11:11:00.000Z,2026-09-14T14:11:00,36.8,36.87,36.7,36.8,3496
2026-09-14T11:12:00.000Z,2026-09-14T14:12:00,36.5,36.89,36.5,36.8,1487
2026-09-14T11:13:00.000Z,2026-09-14T14:13:00,36.8,36.8,36.5,36.5,1766
2026-09-14T11:14:00.000Z,2026-09-14T14:14:00,36.5,36.79,36.1,36.51,8485
2026-09-14T11:25:00.000Z,2026-09-14T14:25:00,36.3,36.3,36.3,36.3,24868
2026-09-14T11:26:00.000Z,2026-09-14T14:26:00,36.3,36.3,36.3,36.3,399
2026-09-14T11:27:00.000Z,2026-09-14T14:27:00,36.3,36.3,36.3,36.3,1082
2026-09-14T11:29:00.000Z,2026-09-14T14:29:00,36.3,36.3,36.3,36.3,15312
2026-09-15T07:00:00.000Z,2026-09-15T10:00:00,36.41,37.77,36.41,37.77,751
2026-09-15T07:01:00.000Z,2026-09-15T10:01:00,37,37,36.41,36.42,1991
2026-09-15T07:02:00.000Z,2026-09-15T10:02:00,36.43,36.43,36.4,36.4,5570
2026-09-15T07:03:00.000Z,2026-09-15T10:03:00,37.25,37.25,37.25,37.25,137
2026-09-15T07:04:00.000Z,2026-09-15T10:04:00,36.5,36.5,36.4,36.4,5714
2026-09-15T07:05:00.000Z,2026-09-15T10:05:00,36.93,36.93,36.93,36.93,44
2026-09-15T07:06:00.000Z,2026-09-15T10:06:00,36.4,36.4,36.1,36.1,5199
2026-09-15T07:07:00.000Z,2026-09-15T10:07:00,36.1,36.1,36,36,4143
2026-09-15T07:08:00.000Z,2026-09-15T10:08:00,35.99,36,35.25,36,3704
2026-09-15T07:09:00.000Z,2026-09-15T10:09:00,36,36.9,35.51,36.69,1921
2026-09-15T07:10:00.000Z,2026-09-15T10:10:00,36,36,36,36,54
2026-09-15T07:11:00.000Z,2026-09-15T10:11:00,36,36,36,36,257
2026-09-15T07:12:00.000Z,2026-09-15T10:12:00,36.47,36.47,36,36,868
2026-09-15T07:13:00.000Z,2026-09-15T10:13:00,36,36,36,36,850
2026-09-15T07:14:00.000Z,2026-09-15T10:14:00,35.67,36.44,35.67,36.44,581
2026-09-15T07:15:00.000Z,2026-09-15T10:15:00,36.4,36.4,36.29,36.29,105
2026-09-15T07:17:00.000Z,2026-09-15T10:17:00,36.25,36.25,34.01,34.01,18197
2026-09-15T07:18:00.000Z,2026-09-15T10:18:00,35,36.25,34,36.25,10417
2026-09-15T07:19:00.000Z,2026-09-15T10:19:00,34.5,34.5,34.5,34.5,1000
2026-09-15T07:20:00.000Z,2026-09-15T10:20:00,35.7,35.7,35.7,35.7,150
2026-09-15T07:21:00.000Z,2026-09-15T10:21:00,35.65,35.65,35.01,35.01,980
2026-09-15T07:22:00.000Z,2026-09-15T10:22:00,35.6,35.6,35.6,35.6,50
2026-09-15T07:23:00.000Z,2026-09-15T10:23:00,35.67,35.67,35.3,35.3,175
2026-09-15T07:24:00.000Z,2026-09-15T10:24:00,35.02,35.02,34,34,38143
2026-09-15T07:25:00.000Z,2026-09-15T10:25:00,34.25,34.95,34.25,34.95,2792
2026-09-15T07:26:00.000Z,2026-09-15T10:26:00,34.51,35.6,34.51,35.2,16483
2026-09-15T07:27:00.000Z,2026-09-15T10:27:00,35.45,35.48,35.45,35.48,1088
2026-09-15T07:28:00.000Z,2026-09-15T10:28:00,35.38,35.4,35.3,35.4,2844
2026-09-15T07:29:00.000Z,2026-09-15T10:29:00,35.4,35.99,35,35.99,4600
2026-09-15T07:30:00.000Z,2026-09-15T10:30:00,35.99,36.2,35.99,36,3686
2026-09-15T07:31:00.000Z,2026-09-15T10:31:00,36,36,36,36,50
2026-09-15T07:32:00.000Z,2026-09-15T10:32:00,35.99,35.99,35.99,35.99,1000
2026-09-15T07:33:00.000Z,2026-09-15T10:33:00,35.99,35.99,35.99,35.99,513
2026-09-15T07:34:00.000Z,2026-09-15T10:34:00,35.52,35.52,35.51,35.51,1412
2026-09-15T07:36:00.000Z,2026-09-15T10:36:00,35.4,35.4,35.2,35.2,861
2026-09-15T07:37:00.000Z,2026-09-15T10:37:00,35.2,35.2,35.2,35.2,184
2026-09-15T07:38:00.000Z,2026-09-15T10:38:00,35.2,35.96,35.2,35.96,189
2026-09-15T07:39:00.000Z,2026-09-15T10:39:00,35.22,35.22,35.2,35.2,547
2026-09-15T07:40:00.000Z,2026-09-15T10:40:00,35.2,35.94,35.2,35.94,811
2026-09-15T07:41:00.000Z,2026-09-15T10:41:00,35.2,35.2,35.2,35.2,573
2026-09-15T07:42:00.000Z,2026-09-15T10:42:00,35.2,35.2,35.02,35.02,2375
2026-09-15T07:43:00.000Z,2026-09-15T10:43:00,35.03,35.03,35.03,35.03,900
2026-09-15T07:44:00.000Z,2026-09-15T10:44:00,35.1,35.79,35.1,35.79,867
2026-09-15T07:45:00.000Z,2026-09-15T10:45:00,35.13,35.13,35.13,35.13,972
2026-09-15T07:46:00.000Z,2026-09-15T10:46:00,35.7,35.85,35.13,35.85,3110
2026-09-15T07:47:00.000Z,2026-09-15T10:47:00,35.5,35.84,35.1,35.1,3994
2026-09-15T07:48:00.000Z,2026-09-15T10:48:00,35.8,35.8,35.75,35.75,75
2026-09-15T07:49:00.000Z,2026-09-15T10:49:00,35.74,35.74,35.74,35.74,50
2026-09-15T07:51:00.000Z,2026-09-15T10:51:00,35.72,35.72,35.72,35.72,250
2026-09-15T07:52:00.000Z,2026-09-15T10:52:00,35.2,35.2,35.1,35.1,2837
2026-09-15T07:55:00.000Z,2026-09-15T10:55:00,35.15,35.15,35,35,2500
2026-09-15T07:56:00.000Z,2026-09-15T10:56:00,35.11,35.11,35.11,35.11,500
2026-09-15T07:57:00.000Z,2026-09-15T10:57:00,35.11,35.49,35.11,35.49,101
2026-09-15T07:58:00.000Z,2026-09-15T10:58:00,35.49,36.5,35.49,36.5,10102
2026-09-15T07:59:00.000Z,2026-09-15T10:59:00,36.5,36.7,36.5,36.5,9308
2026-09-15T08:00:00.000Z,2026-09-15T11:00:00,36.46,36.49,36.46,36.49,1000
2026-09-15T08:01:00.000Z,2026-09-15T11:01:00,36.48,36.5,36.02,36.02,4054
2026-09-15T08:02:00.000Z,2026-09-15T11:02:00,36.05,36.05,36.01,36.01,500
2026-09-15T08:03:00.000Z,2026-09-15T11:03:00,36.02,36.39,36.02,36.39,565
2026-09-15T08:04:00.000Z,2026-09-15T11:04:00,36.03,36.03,36.01,36.01,2141
2026-09-15T08:05:00.000Z,2026-09-15T11:05:00,36,36,36,36,258
2026-09-15T08:06:00.000Z,2026-09-15T11:06:00,35.41,35.41,35.4,35.4,2215
2026-09-15T08:07:00.000Z,2026-09-15T11:07:00,35.41,35.41,35.41,35.41,280
2026-09-15T08:08:00.000Z,2026-09-15T11:08:00,35.42,35.42,35.42,35.42,250
2026-09-15T08:09:00.000Z,2026-09-15T11:09:00,35.42,35.42,35.21,35.21,7104
2026-09-15T08:11:00.000Z,2026-09-15T11:11:00,35.11,35.11,35.1,35.1,1500
2026-09-15T08:13:00.000Z,2026-09-15T11:13:00,35.16,35.16,35.16,35.16,3
2026-09-15T08:14:00.000Z,2026-09-15T11:14:00,35.16,35.16,35,35,17621
2026-09-15T08:17:00.000Z,2026-09-15T11:17:00,35.01,35.43,35.01,35.43,876
2026-09-15T08:18:00.000Z,2026-09-15T11:18:00,35.03,35.03,35.02,35.02,1250
2026-09-15T08:19:00.000Z,2026-09-15T11:19:00,35.02,35.3,35.01,35.01,3295
2026-09-15T08:20:00.000Z,2026-09-15T11:20:00,35.25,35.3,35.24,35.3,5087
2026-09-15T08:22:00.000Z,2026-09-15T11:22:00,35.3,35.3,35,35.01,5962
2026-09-15T08:23:00.000Z,2026-09-15T11:23:00,35.1,35.1,35.01,35.01,684
2026-09-15T08:25:00.000Z,2026-09-15T11:25:00,35.1,35.1,35.01,35.02,1847
2026-09-15T08:26:00.000Z,2026-09-15T11:26:00,35.03,35.03,35.01,35.01,1000
2026-09-15T08:27:00.000Z,2026-09-15T11:27:00,35.5,35.97,35.5,35.95,3477
2026-09-15T08:30:00.000Z,2026-09-15T11:30:00,35.83,35.83,35.83,35.83,100
2026-09-15T08:32:00.000Z,2026-09-15T11:32:00,35.15,35.15,35.1,35.1,3277
2026-09-15T08:33:00.000Z,2026-09-15T11:33:00,35.47,35.47,35.47,35.47,50
2026-09-15T08:35:00.000Z,2026-09-15T11:35:00,35.5,35.5,35.5,35.5,3
2026-09-15T08:37:00.000Z,2026-09-15T11:37:00,35.5,35.5,35.2,35.2,474
2026-09-15T08:38:00.000Z,2026-09-15T11:38:00,35.5,35.81,35.5,35.81,1500
2026-09-15T08:40:00.000Z,2026-09-15T11:40:00,35.8,35.8,35.8,35.8,550
2026-09-15T08:41:00.000Z,2026-09-15T11:41:00,35.8,35.8,35.8,35.8,2145
2026-09-15T08:42:00.000Z,2026-09-15T11:42:00,35.79,35.79,35.79,35.79,33
2026-09-15T08:43:00.000Z,2026-09-15T11:43:00,35.79,35.79,35.79,35.79,452
2026-09-15T08:44:00.000Z,2026-09-15T11:44:00,35.79,35.79,35.79,35.79,197
2026-09-15T08:46:00.000Z,2026-09-15T11:46:00,35.79,35.79,35.5,35.5,45
2026-09-15T08:48:00.000Z,2026-09-15T11:48:00,35.5,35.5,35.5,35.5,128
2026-09-15T08:50:00.000Z,2026-09-15T11:50:00,35.5,35.5,35.5,35.5,100
2026-09-15T08:53:00.000Z,2026-09-15T11:53:00,35.21,35.21,35.2,35.2,565
2026-09-15T08:54:00.000Z,2026-09-15T11:54:00,35.2,35.2,35.2,35.2,250
2026-09-15T08:55:00.000Z,2026-09-15T11:55:00,35.2,35.2,35.2,35.2,255
2026-09-15T08:57:00.000Z,2026-09-15T11:57:00,35.48,35.5,35,35,10948
2026-09-15T08:59:00.000Z,2026-09-15T11:59:00,35.01,35.01,35.01,35.01,1477
2026-09-15T09:01:00.000Z,2026-09-15T12:01:00,35.01,35.01,35.01,35.01,1670
2026-09-15T09:03:00.000Z,2026-09-15T12:03:00,35.03,35.03,35.03,35.03,71
2026-09-15T09:04:00.000Z,2026-09-15T12:04:00,35.48,35.48,35.45,35.45,222
2026-09-15T09:06:00.000Z,2026-09-15T12:06:00,35.45,35.45,35.45,35.45,12
2026-09-15T09:10:00.000Z,2026-09-15T12:10:00,35.07,35.07,35.07,35.07,1011
2026-09-15T09:11:00.000Z,2026-09-15T12:11:00,35.04,35.04,35.03,35.03,316
2026-09-15T09:12:00.000Z,2026-09-15T12:12:00,35.03,35.24,35.03,35.24,575
2026-09-15T09:14:00.000Z,2026-09-15T12:14:00,35.03,35.03,35.03,35.03,889
2026-09-15T09:15:00.000Z,2026-09-15T12:15:00,35.03,35.03,35.03,35.03,368
2026-09-15T09:16:00.000Z,2026-09-15T12:16:00,35.03,35.03,35,35,4319
2026-09-15T09:17:00.000Z,2026-09-15T12:17:00,35,35,35,35,11850
2026-09-15T09:25:00.000Z,2026-09-15T12:25:00,35.45,35.45,35.45,35.45,10
2026-09-15T09:28:00.000Z,2026-09-15T12:28:00,35.07,35.4,35.07,35.39,1561
2026-09-15T09:29:00.000Z,2026-09-15T12:29:00,35.03,35.35,35.03,35.3,1482
2026-09-15T09:30:00.000Z,2026-09-15T12:30:00,35.29,35.29,35.29,35.29,50
2026-09-15T09:32:00.000Z,2026-09-15T12:32:00,35.22,35.22,35.22,35.22,515
2026-09-15T09:33:00.000Z,2026-09-15T12:33:00,35.03,35.03,35.01,35.01,1971
2026-09-15T09:34:00.000Z,2026-09-15T12:34:00,35.17,35.17,35.17,35.17,20
2026-09-15T09:35:00.000Z,2026-09-15T12:35:00,35.17,35.17,35.17,35.17,25
2026-09-15T09:36:00.000Z,2026-09-15T12:36:00,35.16,35.16,35.16,35.16,35
2026-09-15T09:37:00.000Z,2026-09-15T12:37:00,35.03,35.03,35.01,35.01,2140
2026-09-15T09:38:00.000Z,2026-09-15T12:38:00,35.01,35.01,35.01,35.01,380
2026-09-15T09:39:00.000Z,2026-09-15T12:39:00,35.01,35.01,35.01,35.01,1
2026-09-15T09:40:00.000Z,2026-09-15T12:40:00,35.01,35.01,35,35,568
2026-09-15T09:41:00.000Z,2026-09-15T12:41:00,35,35,35,35,7093
2026-09-15T09:42:00.000Z,2026-09-15T12:42:00,35,35,35,35,5802
2026-09-15T09:43:00.000Z,2026-09-15T12:43:00,35,35,35,35,3500
2026-09-15T09:44:00.000Z,2026-09-15T12:44:00,35,35,35,35,691
2026-09-15T09:45:00.000Z,2026-09-15T12:45:00,35,35,35,35,1027
2026-09-15T09:46:00.000Z,2026-09-15T12:46:00,35,35,35,35,500
2026-09-15T09:47:00.000Z,2026-09-15T12:47:00,35,35,35,35,5520
2026-09-15T09:48:00.000Z,2026-09-15T12:48:00,35.4,35.4,35.4,35.4,20
2026-09-15T09:49:00.000Z,2026-09-15T12:49:00,35.39,35.4,35.39,35.4,5625
2026-09-15T09:51:00.000Z,2026-09-15T12:51:00,35,35,35,35,1236
2026-09-15T09:54:00.000Z,2026-09-15T12:54:00,35.49,35.49,35.49,35.49,571
2026-09-15T09:58:00.000Z,2026-09-15T12:58:00,35.01,35.01,35,35,5625
2026-09-15T09:59:00.000Z,2026-09-15T12:59:00,35.45,35.45,35.45,35.45,20
2026-09-15T10:02:00.000Z,2026-09-15T13:02:00,35,35,35,35,1750
2026-09-15T10:06:00.000Z,2026-09-15T13:06:00,35.01,35.01,35.01,35.01,50
2026-09-15T10:09:00.000Z,2026-09-15T13:09:00,35.01,35.01,35.01,35.01,68
2026-09-15T10:13:00.000Z,2026-09-15T13:13:00,35.01,35.01,35.01,35.01,70
2026-09-15T10:14:00.000Z,2026-09-15T13:14:00,35.01,35.01,35.01,35.01,2000
2026-09-15T10:16:00.000Z,2026-09-15T13:16:00,35.01,35.01,35.01,35.01,1209
2026-09-15T10:20:00.000Z,2026-09-15T13:20:00,35.01,35.01,35.01,35.01,300
2026-09-15T10:24:00.000Z,2026-09-15T13:24:00,35.01,35.01,35.01,35.01,1000
2026-09-15T10:25:00.000Z,2026-09-15T13:25:00,35.01,35.01,35.01,35.01,2
2026-09-15T10:26:00.000Z,2026-09-15T13:26:00,35.01,35.01,34.75,34.75,7000
2026-09-15T10:27:00.000Z,2026-09-15T13:27:00,35,35,35,35,100
2026-09-15T10:28:00.000Z,2026-09-15T13:28:00,35,35,35,35,1354
2026-09-15T10:30:00.000Z,2026-09-15T13:30:00,35,35,35,35,2050
2026-09-15T10:31:00.000Z,2026-09-15T13:31:00,35,35,35,35,400
2026-09-15T10:32:00.000Z,2026-09-15T13:32:00,35,35,35,35,1096
2026-09-15T10:34:00.000Z,2026-09-15T13:34:00,35,35,34.6,34.6,5996
2026-09-15T10:39:00.000Z,2026-09-15T13:39:00,34.99,34.99,34.99,34.99,500
2026-09-15T10:41:00.000Z,2026-09-15T13:41:00,34.99,34.99,34.99,34.99,350
2026-09-15T10:43:00.000Z,2026-09-15T13:43:00,34.99,34.99,34.99,34.99,57
2026-09-15T10:46:00.000Z,2026-09-15T13:46:00,34.7,34.7,34.7,34.7,250
2026-09-15T10:47:00.000Z,2026-09-15T13:47:00,34.7,34.7,34.7,34.7,100
2026-09-15T10:48:00.000Z,2026-09-15T13:48:00,34.99,35,34.99,35,1500
2026-09-15T10:50:00.000Z,2026-09-15T13:50:00,34.7,34.7,34.7,34.7,1200
2026-09-15T10:52:00.000Z,2026-09-15T13:52:00,34.9,34.96,34.9,34.96,458
2026-09-15T10:53:00.000Z,2026-09-15T13:53:00,34.9,35,34.9,35,1401
2026-09-15T10:58:00.000Z,2026-09-15T13:58:00,35.05,35.05,35.05,35.05,33
2026-09-15T11:00:00.000Z,2026-09-15T14:00:00,35.05,35.05,35.05,35.05,500
2026-09-15T11:01:00.000Z,2026-09-15T14:01:00,35.3,35.3,35.3,35.3,100
2026-09-15T11:03:00.000Z,2026-09-15T14:03:00,35.05,35.05,35.05,35.05,100
2026-09-15T11:05:00.000Z,2026-09-15T14:05:00,35.05,35.05,35.03,35.03,612
2026-09-15T11:06:00.000Z,2026-09-15T14:06:00,35.03,35.03,35.03,35.03,170
2026-09-15T11:09:00.000Z,2026-09-15T14:09:00,35.05,35.19,35.01,35.19,4572
2026-09-15T11:11:00.000Z,2026-09-15T14:11:00,35.18,35.4,35.01,35.01,1030
2026-09-15T11:12:00.000Z,2026-09-15T14:12:00,35.01,35.01,35.01,35.01,658
2026-09-15T11:13:00.000Z,2026-09-15T14:13:00,35.01,35.01,35.01,35.01,1000
2026-09-15T11:14:00.000Z,2026-09-15T14:14:00,35.01,35.1,35.01,35.01,1992
2026-09-15T11:25:00.000Z,2026-09-15T14:25:00,35.09,35.09,35.09,35.09,4816
2026-09-15T11:26:00.000Z,2026-09-15T14:26:00,35.09,35.09,35.09,35.09,227
2026-09-16T07:00:00.000Z,2026-09-16T10:00:00,35.19,38,35.19,38,8621
2026-09-16T07:01:00.000Z,2026-09-16T10:01:00,37.9,37.9,37.6,37.6,2571
2026-09-16T07:02:00.000Z,2026-09-16T10:02:00,37.6,37.6,36.25,37.49,2273
2026-09-16T07:03:00.000Z,2026-09-16T10:03:00,36.25,37,36.21,37,2578
2026-09-16T07:04:00.000Z,2026-09-16T10:04:00,37,37,36.12,36.13,2801
2026-09-16T07:05:00.000Z,2026-09-16T10:05:00,36.8,36.8,36.5,36.5,2680
2026-09-16T07:06:00.000Z,2026-09-16T10:06:00,36.2,36.5,36.13,36.5,468
2026-09-16T07:07:00.000Z,2026-09-16T10:07:00,36.5,36.5,36.12,36.12,1505
2026-09-16T07:08:00.000Z,2026-09-16T10:08:00,36,36.12,35.46,35.46,1179
2026-09-16T07:09:00.000Z,2026-09-16T10:09:00,35.5,36.45,35.5,36.45,1785
2026-09-16T07:10:00.000Z,2026-09-16T10:10:00,36.7,36.7,35.55,35.57,275
2026-09-16T07:12:00.000Z,2026-09-16T10:12:00,35.74,35.74,35.74,35.74,1000
2026-09-16T07:13:00.000Z,2026-09-16T10:13:00,35.74,36.39,35.72,35.72,4577
2026-09-16T07:14:00.000Z,2026-09-16T10:14:00,35.73,35.73,35.73,35.73,1564
2026-09-16T07:15:00.000Z,2026-09-16T10:15:00,35.74,35.74,35.74,35.74,1232
2026-09-16T07:16:00.000Z,2026-09-16T10:16:00,36,36,36,36,1000
2026-09-16T07:17:00.000Z,2026-09-16T10:17:00,36.39,36.5,36.39,36.5,363
2026-09-16T07:18:00.000Z,2026-09-16T10:18:00,36.5,36.5,36.5,36.5,1435
2026-09-16T07:19:00.000Z,2026-09-16T10:19:00,36.5,36.77,36.5,36.77,824
2026-09-16T07:20:00.000Z,2026-09-16T10:20:00,36.77,37.9,36.77,37.9,28057
2026-09-16T07:21:00.000Z,2026-09-16T10:21:00,37.5,38.35,37.49,38.35,14579
2026-09-16T07:22:00.000Z,2026-09-16T10:22:00,38.35,39.75,38.35,39.75,13061
2026-09-16T07:32:00.000Z,2026-09-16T10:32:00,39.75,40,39.5,39.5,13344
2026-09-16T07:33:00.000Z,2026-09-16T10:33:00,39.51,39.98,38.03,38.9,26069
2026-09-16T07:34:00.000Z,2026-09-16T10:34:00,39,40.7,38.2,40.69,41914
2026-09-16T07:35:00.000Z,2026-09-16T10:35:00,40.02,40.9,39.01,39.01,44505
2026-09-16T07:36:00.000Z,2026-09-16T10:36:00,39.01,40,39.01,39.5,11258
2026-09-16T07:37:00.000Z,2026-09-16T10:37:00,39.65,40.27,39.51,40,7428
2026-09-16T07:38:00.000Z,2026-09-16T10:38:00,40,40.5,40,40,18438
2026-09-16T07:39:00.000Z,2026-09-16T10:39:00,40.49,40.89,40.05,40.5,6430
2026-09-16T07:40:00.000Z,2026-09-16T10:40:00,40.5,40.99,40.5,40.7,21942
2026-09-16T07:41:00.000Z,2026-09-16T10:41:00,40.99,41.4,40.98,41.4,9132
2026-09-16T07:42:00.000Z,2026-09-16T10:42:00,41.44,41.45,39,40,20176
2026-09-16T07:43:00.000Z,2026-09-16T10:43:00,40,40,39.02,39.9,1179
2026-09-16T07:44:00.000Z,2026-09-16T10:44:00,39.9,40,39.9,40,1438
2026-09-16T07:45:00.000Z,2026-09-16T10:45:00,40,40.55,39.9,40.55,6171
2026-09-16T07:46:00.000Z,2026-09-16T10:46:00,40.5,40.6,40.5,40.5,6717
2026-09-16T07:47:00.000Z,2026-09-16T10:47:00,40.6,40.9,40.5,40.5,10207
2026-09-16T07:48:00.000Z,2026-09-16T10:48:00,40.7,40.7,40.7,40.7,276
2026-09-16T07:49:00.000Z,2026-09-16T10:49:00,40.51,40.79,40.51,40.79,3902
2026-09-16T07:50:00.000Z,2026-09-16T10:50:00,40.79,41.9,40.79,41.5,61125
2026-09-16T07:51:00.000Z,2026-09-16T10:51:00,41.9,41.99,41.55,41.98,18148
2026-09-16T07:52:00.000Z,2026-09-16T10:52:00,41.98,41.98,40.78,41.96,6091
2026-09-16T07:53:00.000Z,2026-09-16T10:53:00,41.9,41.9,41.5,41.5,1676
2026-09-16T07:54:00.000Z,2026-09-16T10:54:00,41,41,40.84,41,13423
2026-09-16T07:55:00.000Z,2026-09-16T10:55:00,41,41,41,41,536
2026-09-16T07:56:00.000Z,2026-09-16T10:56:00,41.49,41.49,41.01,41.01,133
2026-09-16T07:57:00.000Z,2026-09-16T10:57:00,41.49,41.5,41.01,41.01,5935
2026-09-16T07:58:00.000Z,2026-09-16T10:58:00,41.45,41.5,41.45,41.5,16987
2026-09-16T07:59:00.000Z,2026-09-16T10:59:00,41.5,41.5,41.12,41.5,3163
2026-09-16T08:00:00.000Z,2026-09-16T11:00:00,41.85,41.88,41.5,41.5,8734
2026-09-16T08:01:00.000Z,2026-09-16T11:01:00,41.8,41.8,41.5,41.5,2204
2026-09-16T08:02:00.000Z,2026-09-16T11:02:00,41.5,41.5,41,41,56724
2026-09-16T08:03:00.000Z,2026-09-16T11:03:00,41,41,39.39,39.39,10054
2026-09-16T08:04:00.000Z,2026-09-16T11:04:00,39.88,41,39.88,41,9858
2026-09-16T08:05:00.000Z,2026-09-16T11:05:00,41,41,39.85,40.75,14153
2026-09-16T08:06:00.000Z,2026-09-16T11:06:00,39.8,40.7,39.5,40.65,957
2026-09-16T08:07:00.000Z,2026-09-16T11:07:00,40.5,40.65,40.5,40.65,1495
2026-09-16T08:08:00.000Z,2026-09-16T11:08:00,40,40,40,40,464
2026-09-16T08:09:00.000Z,2026-09-16T11:09:00,40,40,39.5,39.52,8376
2026-09-16T08:10:00.000Z,2026-09-16T11:10:00,39.52,39.6,39.52,39.52,867
2026-09-16T08:11:00.000Z,2026-09-16T11:11:00,39.98,40.97,39.5,40.97,20537
2026-09-16T08:12:00.000Z,2026-09-16T11:12:00,39.99,40.95,39.6,39.6,2580
2026-09-16T08:13:00.000Z,2026-09-16T11:13:00,40,40.5,40,40.5,1510
2026-09-16T08:14:00.000Z,2026-09-16T11:14:00,40.5,40.5,40,40.3,638
2026-09-16T08:15:00.000Z,2026-09-16T11:15:00,40.3,40.8,40.3,40.8,6053
2026-09-16T08:16:00.000Z,2026-09-16T11:16:00,40.5,40.88,40.06,40.06,5754
2026-09-16T08:17:00.000Z,2026-09-16T11:17:00,40.5,40.5,40.5,40.5,750
2026-09-16T08:18:00.000Z,2026-09-16T11:18:00,40.5,40.5,40,40,6845
2026-09-16T08:19:00.000Z,2026-09-16T11:19:00,40,40.11,40,40,2926
2026-09-16T08:20:00.000Z,2026-09-16T11:20:00,40.01,40.11,40,40.11,1601
2026-09-16T08:21:00.000Z,2026-09-16T11:21:00,40.11,40.11,40,40.11,1890
2026-09-16T08:22:00.000Z,2026-09-16T11:22:00,40.11,40.11,40.11,40.11,2974
2026-09-16T08:23:00.000Z,2026-09-16T11:23:00,40.11,40.11,40,40,453
2026-09-16T08:24:00.000Z,2026-09-16T11:24:00,40,40.39,40,40,5950
2026-09-16T08:25:00.000Z,2026-09-16T11:25:00,40.3,40.3,40,40.29,2951
2026-09-16T08:26:00.000Z,2026-09-16T11:26:00,40.29,40.36,40.29,40.36,917
2026-09-16T08:27:00.000Z,2026-09-16T11:27:00,40.29,40.29,40,40,1222
2026-09-16T08:28:00.000Z,2026-09-16T11:28:00,40.28,40.28,40.28,40.28,94
2026-09-16T08:29:00.000Z,2026-09-16T11:29:00,40.28,40.29,40.28,40.29,1221
2026-09-16T08:30:00.000Z,2026-09-16T11:30:00,40.01,40.29,40.01,40.29,1609
2026-09-16T08:31:00.000Z,2026-09-16T11:31:00,40.01,40.28,40,40,1475
2026-09-16T08:32:00.000Z,2026-09-16T11:32:00,40,40.19,40,40.19,4004
2026-09-16T08:33:00.000Z,2026-09-16T11:33:00,40,40,40,40,933
2026-09-16T08:34:00.000Z,2026-09-16T11:34:00,40,40,40,40,464
2026-09-16T08:35:00.000Z,2026-09-16T11:35:00,40,40,40,40,113
2026-09-16T08:36:00.000Z,2026-09-16T11:36:00,40,40,39.6,39.6,249
2026-09-16T08:37:00.000Z,2026-09-16T11:37:00,39.6,39.6,39.59,39.59,152
2026-09-16T08:38:00.000Z,2026-09-16T11:38:00,39.59,39.6,39.17,39.5,3123
2026-09-16T08:39:00.000Z,2026-09-16T11:39:00,39.5,40,39.5,39.88,660
2026-09-16T08:40:00.000Z,2026-09-16T11:40:00,39.88,39.88,39.85,39.85,2050
2026-09-16T08:42:00.000Z,2026-09-16T11:42:00,39.7,39.7,39.3,39.3,633
2026-09-16T08:43:00.000Z,2026-09-16T11:43:00,39.5,39.5,39.25,39.5,953
2026-09-16T08:44:00.000Z,2026-09-16T11:44:00,39.75,39.89,39.75,39.88,7647
2026-09-16T08:45:00.000Z,2026-09-16T11:45:00,39.88,40,39.88,40,7297
2026-09-16T08:46:00.000Z,2026-09-16T11:46:00,39.88,40,39.88,40,212
2026-09-16T08:47:00.000Z,2026-09-16T11:47:00,40,40,40,40,500
2026-09-16T08:48:00.000Z,2026-09-16T11:48:00,39.89,39.96,39.89,39.96,301
2026-09-16T08:49:00.000Z,2026-09-16T11:49:00,39.96,39.99,39.96,39.99,450
2026-09-16T08:50:00.000Z,2026-09-16T11:50:00,39.99,39.99,39.99,39.99,698
2026-09-16T08:51:00.000Z,2026-09-16T11:51:00,39.99,39.99,39.88,39.98,503
2026-09-16T08:52:00.000Z,2026-09-16T11:52:00,39.88,39.88,39.88,39.88,300
2026-09-16T08:53:00.000Z,2026-09-16T11:53:00,39.98,39.98,39.88,39.88,2767
2026-09-16T08:54:00.000Z,2026-09-16T11:54:00,39.84,39.84,39.25,39.25,1082
2026-09-16T08:55:00.000Z,2026-09-16T11:55:00,39.84,39.84,39.25,39.84,163
2026-09-16T08:56:00.000Z,2026-09-16T11:56:00,39.25,39.76,39.25,39.76,836
2026-09-16T08:57:00.000Z,2026-09-16T11:57:00,39.26,39.74,39.26,39.6,79
2026-09-16T08:58:00.000Z,2026-09-16T11:58:00,39.6,39.84,39.6,39.84,1234
2026-09-16T08:59:00.000Z,2026-09-16T11:59:00,39.6,39.6,39.6,39.6,31
2026-09-16T09:00:00.000Z,2026-09-16T12:00:00,39.84,39.84,39.84,39.84,700
2026-09-16T09:01:00.000Z,2026-09-16T12:01:00,39.84,39.84,39.84,39.84,130
2026-09-16T09:02:00.000Z,2026-09-16T12:02:00,39.88,39.88,39.85,39.88,1529
2026-09-16T09:03:00.000Z,2026-09-16T12:03:00,39.88,39.99,39.88,39.99,3658
2026-09-16T09:04:00.000Z,2026-09-16T12:04:00,39.99,39.99,39.99,39.99,1533
2026-09-16T09:05:00.000Z,2026-09-16T12:05:00,39.99,39.99,39.6,39.6,2537
2026-09-16T09:07:00.000Z,2026-09-16T12:07:00,39.6,39.6,39.5,39.5,1309
2026-09-16T09:09:00.000Z,2026-09-16T12:09:00,39.51,39.99,39.51,39.99,247
2026-09-16T09:10:00.000Z,2026-09-16T12:10:00,39.99,39.99,39.99,39.99,94
2026-09-16T09:13:00.000Z,2026-09-16T12:13:00,39.97,39.97,39.97,39.97,13
2026-09-16T09:16:00.000Z,2026-09-16T12:16:00,39.85,39.85,39.85,39.85,29
2026-09-16T09:17:00.000Z,2026-09-16T12:17:00,39.6,39.6,39.6,39.6,40
2026-09-16T09:18:00.000Z,2026-09-16T12:18:00,39.84,39.84,39.84,39.84,10
2026-09-16T09:19:00.000Z,2026-09-16T12:19:00,39.61,39.61,39.61,39.61,352
2026-09-16T09:21:00.000Z,2026-09-16T12:21:00,39.61,39.8,39.61,39.8,2
2026-09-16T09:22:00.000Z,2026-09-16T12:22:00,39.61,39.61,39.61,39.61,24
2026-09-16T09:23:00.000Z,2026-09-16T12:23:00,39.8,39.8,39.8,39.8,8
2026-09-16T09:24:00.000Z,2026-09-16T12:24:00,39.8,39.8,39.61,39.61,831
2026-09-16T09:25:00.000Z,2026-09-16T12:25:00,39.8,39.8,39.8,39.8,130
2026-09-16T09:26:00.000Z,2026-09-16T12:26:00,39.8,39.8,39.8,39.8,1
2026-09-16T09:27:00.000Z,2026-09-16T12:27:00,39.62,39.62,39.62,39.62,171
2026-09-16T09:28:00.000Z,2026-09-16T12:28:00,39.62,39.62,39.62,39.62,500
2026-09-16T09:29:00.000Z,2026-09-16T12:29:00,39.8,39.8,39.61,39.61,1884
2026-09-16T09:30:00.000Z,2026-09-16T12:30:00,39.61,39.79,39.51,39.51,125
2026-09-16T09:31:00.000Z,2026-09-16T12:31:00,39.5,39.5,39.5,39.5,359
2026-09-16T09:32:00.000Z,2026-09-16T12:32:00,39.4,39.4,39.4,39.4,494
2026-09-16T09:33:00.000Z,2026-09-16T12:33:00,39.5,39.5,39.4,39.4,73
2026-09-16T09:34:00.000Z,2026-09-16T12:34:00,39.25,39.25,39.03,39.03,1171
2026-09-16T09:35:00.000Z,2026-09-16T12:35:00,39.03,39.03,39.03,39.03,583
2026-09-16T09:36:00.000Z,2026-09-16T12:36:00,39.03,39.03,39,39,3198
2026-09-16T09:37:00.000Z,2026-09-16T12:37:00,39,39,39,39,71
2026-09-16T09:39:00.000Z,2026-09-16T12:39:00,39.3,39.5,39.3,39.5,797
2026-09-16T09:40:00.000Z,2026-09-16T12:40:00,39.5,39.8,39.5,39.8,5560
2026-09-16T09:41:00.000Z,2026-09-16T12:41:00,39.95,39.95,39.95,39.95,1190
2026-09-16T09:42:00.000Z,2026-09-16T12:42:00,39.95,39.95,39.95,39.95,113
2026-09-16T09:43:00.000Z,2026-09-16T12:43:00,39.95,39.95,39.95,39.95,100
2026-09-16T09:44:00.000Z,2026-09-16T12:44:00,39.94,39.94,39.94,39.94,2
2026-09-16T09:45:00.000Z,2026-09-16T12:45:00,39.94,39.94,39.94,39.94,7
2026-09-16T09:46:00.000Z,2026-09-16T12:46:00,39.85,39.85,39,39,4558
2026-09-16T09:47:00.000Z,2026-09-16T12:47:00,39.84,39.84,39.84,39.84,3500
2026-09-16T09:48:00.000Z,2026-09-16T12:48:00,39.88,39.88,39.84,39.84,52
2026-09-16T09:50:00.000Z,2026-09-16T12:50:00,39.84,40.25,39.84,40.25,2389
2026-09-16T09:51:00.000Z,2026-09-16T12:51:00,40.25,40.29,40,40,3027
2026-09-16T09:54:00.000Z,2026-09-16T12:54:00,40.25,40.25,40.25,40.25,2
2026-09-16T09:55:00.000Z,2026-09-16T12:55:00,40.25,40.5,40.25,40.5,1156
2026-09-16T09:56:00.000Z,2026-09-16T12:56:00,40.6,40.67,40.5,40.5,714
2026-09-16T09:57:00.000Z,2026-09-16T12:57:00,40.66,40.66,40.66,40.66,359
2026-09-16T09:58:00.000Z,2026-09-16T12:58:00,40.66,40.7,40.25,40.25,4231
2026-09-16T09:59:00.000Z,2026-09-16T12:59:00,40.7,40.7,40.7,40.7,850
2026-09-16T10:00:00.000Z,2026-09-16T13:00:00,40.7,40.7,40.7,40.7,32
2026-09-16T10:01:00.000Z,2026-09-16T13:01:00,40.25,40.25,40,40,3015
2026-09-16T10:03:00.000Z,2026-09-16T13:03:00,40.01,40.99,40.01,40.99,5773
2026-09-16T10:05:00.000Z,2026-09-16T13:05:00,40.6,40.99,40.5,40.5,835
2026-09-16T10:06:00.000Z,2026-09-16T13:06:00,40.5,41.5,40.5,41.5,32529
2026-09-16T10:07:00.000Z,2026-09-16T13:07:00,41.5,41.6,41.5,41.6,2300
2026-09-16T10:08:00.000Z,2026-09-16T13:08:00,41.6,41.88,41.5,41.5,14863
2026-09-16T10:09:00.000Z,2026-09-16T13:09:00,41.5,41.5,41.5,41.5,1623
2026-09-16T10:10:00.000Z,2026-09-16T13:10:00,40.51,40.65,40.51,40.65,322
2026-09-16T10:11:00.000Z,2026-09-16T13:11:00,41.25,41.5,41.25,41.5,1820
2026-09-16T10:12:00.000Z,2026-09-16T13:12:00,41.45,41.79,41,41,6514
2026-09-16T10:13:00.000Z,2026-09-16T13:13:00,41.79,41.79,41.1,41.1,160
2026-09-16T10:14:00.000Z,2026-09-16T13:14:00,41.1,41.69,41.1,41.68,894
2026-09-16T10:15:00.000Z,2026-09-16T13:15:00,41.12,41.7,41.12,41.3,4870
2026-09-16T10:16:00.000Z,2026-09-16T13:16:00,41.7,41.79,41.7,41.79,17845
2026-09-16T10:17:00.000Z,2026-09-16T13:17:00,41.79,42.1,41.7,42.1,137807
2026-09-16T10:18:00.000Z,2026-09-16T13:18:00,42.1,42.1,42.1,42.1,32214
2026-09-16T10:20:00.000Z,2026-09-16T13:20:00,42.1,42.1,42.1,42.1,385260
2026-09-16T10:21:00.000Z,2026-09-16T13:21:00,42.1,42.1,42.1,42.1,343610
2026-09-16T10:22:00.000Z,2026-09-16T13:22:00,42.1,42.1,42.1,42.1,531
2026-09-16T10:23:00.000Z,2026-09-16T13:23:00,42.1,42.1,42.1,42.1,101000
2026-09-16T10:24:00.000Z,2026-09-16T13:24:00,42.1,42.1,42.1,42.1,42
2026-09-16T10:25:00.000Z,2026-09-16T13:25:00,42.1,42.1,42.1,42.1,8851
2026-09-16T10:27:00.000Z,2026-09-16T13:27:00,42.1,42.1,42.1,42.1,81
2026-09-16T10:28:00.000Z,2026-09-16T13:28:00,42.1,42.1,42.1,42.1,1612
2026-09-16T10:32:00.000Z,2026-09-16T13:32:00,42.1,42.1,42.1,42.1,585
2026-09-16T10:34:00.000Z,2026-09-16T13:34:00,42.1,42.1,42.1,42.1,25
2026-09-16T10:39:00.000Z,2026-09-16T13:39:00,42.1,42.1,42.1,42.1,120
2026-09-16T10:40:00.000Z,2026-09-16T13:40:00,42.1,42.1,42.1,42.1,712
2026-09-16T10:41:00.000Z,2026-09-16T13:41:00,42.1,42.1,42.1,42.1,1803
2026-09-16T10:42:00.000Z,2026-09-16T13:42:00,42.1,42.1,42.1,42.1,47
2026-09-16T10:43:00.000Z,2026-09-16T13:43:00,42.1,42.1,42.1,42.1,1259
2026-09-16T10:44:00.000Z,2026-09-16T13:44:00,42.1,42.1,42.1,42.1,1000
2026-09-16T10:45:00.000Z,2026-09-16T13:45:00,42.1,42.1,42.1,42.1,65
2026-09-16T10:50:00.000Z,2026-09-16T13:50:00,42.1,42.1,42.1,42.1,10
2026-09-16T10:52:00.000Z,2026-09-16T13:52:00,42.1,42.1,42.1,42.1,10
2026-09-16T10:54:00.000Z,2026-09-16T13:54:00,42.1,42.1,42.1,42.1,1900
2026-09-16T10:56:00.000Z,2026-09-16T13:56:00,42.1,42.1,42.1,42.1,800
2026-09-16T10:59:00.000Z,2026-09-16T13:59:00,42.1,42.1,42.1,42.1,582
2026-09-16T11:01:00.000Z,2026-09-16T14:01:00,42.1,42.1,42.1,42.1,18500
2026-09-16T11:03:00.000Z,2026-09-16T14:03:00,42.1,42.1,42.1,42.1,10
2026-09-16T11:04:00.000Z,2026-09-16T14:04:00,42.1,42.1,42.1,42.1,130
2026-09-16T11:05:00.000Z,2026-09-16T14:05:00,42.1,42.1,42.1,42.1,900
2026-09-16T11:08:00.000Z,2026-09-16T14:08:00,42.1,42.1,42.1,42.1,10
2026-09-16T11:10:00.000Z,2026-09-16T14:10:00,42.1,42.1,42.1,42.1,75
2026-09-16T11:13:00.000Z,2026-09-16T14:13:00,42.1,42.1,42.1,42.1,1093
2026-09-16T11:25:00.000Z,2026-09-16T14:25:00,42.1,42.1,42.1,42.1,3831
2026-09-16T11:26:00.000Z,2026-09-16T14:26:00,42.1,42.1,42.1,42.1,500
2026-09-16T11:29:00.000Z,2026-09-16T14:29:00,42.1,42.1,42.1,42.1,15
2026-09-17T07:00:00.000Z,2026-09-17T10:00:00,42.1,42.7,41.8,42.1,19087
2026-09-17T07:01:00.000Z,2026-09-17T10:01:00,42.1,42.75,41.25,42.75,6544
2026-09-17T07:02:00.000Z,2026-09-17T10:02:00,42.7,44,42.7,43.49,40415
2026-09-17T07:03:00.000Z,2026-09-17T10:03:00,43.49,43.5,42.09,42.09,21834
2026-09-17T07:04:00.000Z,2026-09-17T10:04:00,42.76,42.99,42.76,42.9,13741
2026-09-17T07:05:00.000Z,2026-09-17T10:05:00,42.9,43.5,42.22,43,21085
2026-09-17T07:06:00.000Z,2026-09-17T10:06:00,43.5,44.2,43.5,44.2,15214
2026-09-17T07:07:00.000Z,2026-09-17T10:07:00,44.2,44.2,42.8,43.5,23997
2026-09-17T07:08:00.000Z,2026-09-17T10:08:00,43.43,43.43,42.7,43,28674
2026-09-17T07:09:00.000Z,2026-09-17T10:09:00,43.4,43.4,43,43,8090
2026-09-17T07:10:00.000Z,2026-09-17T10:10:00,43,43,42.6,42.6,5266
2026-09-17T07:11:00.000Z,2026-09-17T10:11:00,42.6,42.6,42.01,42.15,15255
2026-09-17T07:12:00.000Z,2026-09-17T10:12:00,42.05,42.1,41.42,41.5,17395
2026-09-17T07:13:00.000Z,2026-09-17T10:13:00,41.5,42,41.5,42,2267
2026-09-17T07:14:00.000Z,2026-09-17T10:14:00,42,42,41.6,41.9,1747
2026-09-17T07:15:00.000Z,2026-09-17T10:15:00,41.8,41.8,41.5,41.5,10213
2026-09-17T07:16:00.000Z,2026-09-17T10:16:00,41.44,41.44,40.66,41,24556
2026-09-17T07:17:00.000Z,2026-09-17T10:17:00,41.3,41.93,41.3,41.9,5863
2026-09-17T07:18:00.000Z,2026-09-17T10:18:00,41.9,41.9,41.4,41.9,2556
2026-09-17T07:19:00.000Z,2026-09-17T10:19:00,41.9,42.68,41.9,42.68,10798
2026-09-17T07:20:00.000Z,2026-09-17T10:20:00,42.69,42.98,42.01,42.01,8299
2026-09-17T07:21:00.000Z,2026-09-17T10:21:00,42.01,42.01,40.65,40.65,24093
2026-09-17T07:22:00.000Z,2026-09-17T10:22:00,41,41.5,41,41,6015
2026-09-17T07:23:00.000Z,2026-09-17T10:23:00,41.25,41.25,41,41,4192
2026-09-17T07:24:00.000Z,2026-09-17T10:24:00,40.85,40.85,40,40.45,17259
2026-09-17T07:25:00.000Z,2026-09-17T10:25:00,40.8,40.99,40.8,40.99,2634
2026-09-17T07:26:00.000Z,2026-09-17T10:26:00,40.99,40.99,40.7,40.7,3502
2026-09-17T07:27:00.000Z,2026-09-17T10:27:00,40.7,40.99,40.7,40.99,1945
2026-09-17T07:29:00.000Z,2026-09-17T10:29:00,40.96,40.96,40.96,40.96,20
2026-09-17T07:30:00.000Z,2026-09-17T10:30:00,40.9,40.9,40.9,40.9,15
2026-09-17T07:31:00.000Z,2026-09-17T10:31:00,40.7,40.7,40.7,40.7,2182
2026-09-17T07:32:00.000Z,2026-09-17T10:32:00,40.85,40.85,40.52,40.52,9980
2026-09-17T07:33:00.000Z,2026-09-17T10:33:00,40.8,41,40.2,40.2,6560
2026-09-17T07:34:00.000Z,2026-09-17T10:34:00,40.2,40.99,40.04,40.04,7885
2026-09-17T07:35:00.000Z,2026-09-17T10:35:00,40.06,40.07,39.7,40,10055
2026-09-17T07:36:00.000Z,2026-09-17T10:36:00,40,40.49,40,40.01,2727
2026-09-17T07:37:00.000Z,2026-09-17T10:37:00,40.1,40.1,40.1,40.1,124
2026-09-17T07:38:00.000Z,2026-09-17T10:38:00,40.39,40.7,40.11,40.11,6036
2026-09-17T07:39:00.000Z,2026-09-17T10:39:00,40.49,40.49,40.49,40.49,25
2026-09-17T07:40:00.000Z,2026-09-17T10:40:00,40.49,40.7,40.49,40.7,4274
2026-09-17T07:41:00.000Z,2026-09-17T10:41:00,40.5,41.5,40.5,41.5,29044
2026-09-17T07:42:00.000Z,2026-09-17T10:42:00,41.7,43.38,41.7,43.3,21694
2026-09-17T07:43:00.000Z,2026-09-17T10:43:00,43,43,42.9,42.99,25316
2026-09-17T07:44:00.000Z,2026-09-17T10:44:00,42.5,42.5,40,40.6,40405
2026-09-17T07:45:00.000Z,2026-09-17T10:45:00,41.77,41.77,41.06,41.06,5288
2026-09-17T07:46:00.000Z,2026-09-17T10:46:00,41.1,41.7,41.1,41.7,986
2026-09-17T07:47:00.000Z,2026-09-17T10:47:00,41.7,43,41.7,43,34529
2026-09-17T07:48:00.000Z,2026-09-17T10:48:00,43,43,42,42,7806
2026-09-17T07:49:00.000Z,2026-09-17T10:49:00,42,42,42,42,995
2026-09-17T07:50:00.000Z,2026-09-17T10:50:00,41.7,42,41.7,42,6287
2026-09-17T07:51:00.000Z,2026-09-17T10:51:00,42.5,42.5,42,42,1183
2026-09-17T07:52:00.000Z,2026-09-17T10:52:00,41.99,41.99,41.1,41.1,5326
2026-09-17T07:53:00.000Z,2026-09-17T10:53:00,41.16,41.16,41,41,3382
2026-09-17T07:54:00.000Z,2026-09-17T10:54:00,40.62,41,40.11,41,24125
2026-09-17T07:55:00.000Z,2026-09-17T10:55:00,40.95,40.98,40.4,40.4,1375
2026-09-17T07:56:00.000Z,2026-09-17T10:56:00,40.8,40.87,40.8,40.8,1084
2026-09-17T07:57:00.000Z,2026-09-17T10:57:00,40.79,40.8,40.79,40.8,5312
2026-09-17T07:58:00.000Z,2026-09-17T10:58:00,40.5,41.2,40.5,41.2,9303
2026-09-17T07:59:00.000Z,2026-09-17T10:59:00,41.69,42,41.68,41.99,10772
2026-09-17T08:00:00.000Z,2026-09-17T11:00:00,41.95,42.5,41.95,42,8327
2026-09-17T08:01:00.000Z,2026-09-17T11:01:00,42,42,42,42,2224
2026-09-17T08:02:00.000Z,2026-09-17T11:02:00,41.61,41.61,40.99,40.99,47067
2026-09-17T08:03:00.000Z,2026-09-17T11:03:00,40.6,41,40,40,47807
2026-09-17T08:04:00.000Z,2026-09-17T11:04:00,40,40.62,40,40,25754
2026-09-17T08:05:00.000Z,2026-09-17T11:05:00,40,40,40,40,7362
2026-09-17T08:06:00.000Z,2026-09-17T11:06:00,39.99,40,39.99,40,8825
2026-09-17T08:07:00.000Z,2026-09-17T11:07:00,39.9,39.9,39.5,39.5,5948
2026-09-17T08:08:00.000Z,2026-09-17T11:08:00,39.5,39.99,39.34,39.92,2373
2026-09-17T08:09:00.000Z,2026-09-17T11:09:00,39.92,40.01,39.67,39.67,4320
2026-09-17T08:10:00.000Z,2026-09-17T11:10:00,39.7,40,39.7,39.99,462
2026-09-17T08:11:00.000Z,2026-09-17T11:11:00,39.99,40.29,39.99,40.29,3965
2026-09-17T08:12:00.000Z,2026-09-17T11:12:00,40,40,40,40,11882
2026-09-17T08:13:00.000Z,2026-09-17T11:13:00,40.26,40.26,40.26,40.26,25
2026-09-17T08:14:00.000Z,2026-09-17T11:14:00,40.26,40.4,40.26,40.3,4654
2026-09-17T08:15:00.000Z,2026-09-17T11:15:00,40.3,40.45,40.3,40.3,3885
2026-09-17T08:16:00.000Z,2026-09-17T11:16:00,40.13,40.13,39.7,39.7,11990
2026-09-17T08:17:00.000Z,2026-09-17T11:17:00,39.71,40.55,39.7,40.55,7842
2026-09-17T08:18:00.000Z,2026-09-17T11:18:00,40.5,40.5,40,40,1542
2026-09-17T08:19:00.000Z,2026-09-17T11:19:00,39.8,40,39.71,40,6368
2026-09-17T08:20:00.000Z,2026-09-17T11:20:00,39.97,39.97,39.71,39.71,2585
2026-09-17T08:21:00.000Z,2026-09-17T11:21:00,39.72,40,39.52,40,6727
2026-09-17T08:22:00.000Z,2026-09-17T11:22:00,39.54,39.54,39.33,39.33,15000
2026-09-17T08:23:00.000Z,2026-09-17T11:23:00,39.33,39.33,39.33,39.33,559
2026-09-17T08:24:00.000Z,2026-09-17T11:24:00,39.34,39.5,39.34,39.5,2683
2026-09-17T08:25:00.000Z,2026-09-17T11:25:00,39.35,39.5,39.33,39.5,4329
2026-09-17T08:26:00.000Z,2026-09-17T11:26:00,39.5,39.5,39.33,39.33,1763
2026-09-17T08:27:00.000Z,2026-09-17T11:27:00,39.51,39.74,38.63,39.7,35485
2026-09-17T08:28:00.000Z,2026-09-17T11:28:00,39.02,39.02,38.7,38.8,17264
2026-09-17T08:29:00.000Z,2026-09-17T11:29:00,38.99,39,38.85,39,2161
2026-09-17T08:30:00.000Z,2026-09-17T11:30:00,39,39,38.65,38.65,4255
2026-09-17T08:31:00.000Z,2026-09-17T11:31:00,38.68,38.97,38.52,38.97,20705
2026-09-17T08:32:00.000Z,2026-09-17T11:32:00,38.55,38.55,38,38.01,64102
2026-09-17T08:33:00.000Z,2026-09-17T11:33:00,38.18,38.18,37.55,37.55,23858
2026-09-17T08:43:00.000Z,2026-09-17T11:43:00,38.47,38.47,38,38.3,10936
2026-09-17T08:44:00.000Z,2026-09-17T11:44:00,38.3,38.66,38.3,38.3,15474
2026-09-17T08:45:00.000Z,2026-09-17T11:45:00,38.3,38.3,38,38.1,9147
2026-09-17T08:46:00.000Z,2026-09-17T11:46:00,38.3,38.3,38.3,38.3,1485
2026-09-17T08:47:00.000Z,2026-09-17T11:47:00,38.3,39.48,38.3,39.48,59546
2026-09-17T08:48:00.000Z,2026-09-17T11:48:00,39,39.38,38.7,38.7,24495
2026-09-17T08:49:00.000Z,2026-09-17T11:49:00,38.7,38.85,38.15,38.77,4395
2026-09-17T08:50:00.000Z,2026-09-17T11:50:00,38.5,38.55,38.5,38.5,4238
2026-09-17T08:51:00.000Z,2026-09-17T11:51:00,38.5,38.5,38.21,38.21,7865
2026-09-17T08:52:00.000Z,2026-09-17T11:52:00,38.25,38.45,38.25,38.45,5109
2026-09-17T08:53:00.000Z,2026-09-17T11:53:00,38.45,38.85,38.45,38.85,3955
2026-09-17T08:54:00.000Z,2026-09-17T11:54:00,38.85,39.5,38.85,39.5,23585
2026-09-17T08:55:00.000Z,2026-09-17T11:55:00,39.5,39.6,39.01,39.5,21584
2026-09-17T08:56:00.000Z,2026-09-17T11:56:00,39.5,40.49,39.33,39.46,22316
2026-09-17T08:57:00.000Z,2026-09-17T11:57:00,39.4,40.47,39.4,40.1,9822
2026-09-17T08:58:00.000Z,2026-09-17T11:58:00,40,40.5,40,40.5,31659
2026-09-17T08:59:00.000Z,2026-09-17T11:59:00,40.8,40.8,40,40.35,5248
2026-09-17T09:00:00.000Z,2026-09-17T12:00:00,40.35,40.35,39.55,39.55,16879
2026-09-17T09:01:00.000Z,2026-09-17T12:01:00,39.55,40.2,39.2,40,21715
2026-09-17T09:02:00.000Z,2026-09-17T12:02:00,40.2,40.2,40,40,2325
2026-09-17T09:03:00.000Z,2026-09-17T12:03:00,40.14,40.15,40,40.13,2022
2026-09-17T09:04:00.000Z,2026-09-17T12:04:00,40.15,40.35,40.01,40.35,1523
2026-09-17T09:05:00.000Z,2026-09-17T12:05:00,40.15,40.15,40.03,40.03,103
2026-09-17T09:06:00.000Z,2026-09-17T12:06:00,40.05,40.29,40,40.29,7657
2026-09-17T09:07:00.000Z,2026-09-17T12:07:00,40.29,40.29,40,40.01,688
2026-09-17T09:08:00.000Z,2026-09-17T12:08:00,40.01,40.02,39.55,39.55,7722
2026-09-17T09:09:00.000Z,2026-09-17T12:09:00,40,40,39.55,40,773
2026-09-17T09:10:00.000Z,2026-09-17T12:10:00,39.66,39.66,39.1,39.1,7723
2026-09-17T09:11:00.000Z,2026-09-17T12:11:00,39.2,39.2,39.2,39.2,100
2026-09-17T09:12:00.000Z,2026-09-17T12:12:00,39.7,39.7,39.7,39.7,2
2026-09-17T09:13:00.000Z,2026-09-17T12:13:00,39.7,40,39.5,40,15127
2026-09-17T09:14:00.000Z,2026-09-17T12:14:00,40,40.18,40,40,1425
2026-09-17T09:15:00.000Z,2026-09-17T12:15:00,39.98,39.98,39.53,39.53,2123
2026-09-17T09:16:00.000Z,2026-09-17T12:16:00,39.53,39.53,39.5,39.5,2976
2026-09-17T09:17:00.000Z,2026-09-17T12:17:00,39.52,39.52,39.5,39.5,9578
2026-09-17T09:18:00.000Z,2026-09-17T12:18:00,39.5,39.5,39.15,39.15,1799
2026-09-17T09:19:00.000Z,2026-09-17T12:19:00,39.5,39.5,39.2,39.2,2052
2026-09-17T09:20:00.000Z,2026-09-17T12:20:00,39.21,39.5,39.16,39.5,6200
2026-09-17T09:21:00.000Z,2026-09-17T12:21:00,39.45,39.45,39,39,15692
2026-09-17T09:22:00.000Z,2026-09-17T12:22:00,39,39,38.72,38.72,816
2026-09-17T09:23:00.000Z,2026-09-17T12:23:00,38.73,38.73,38.69,38.7,1926
2026-09-17T09:24:00.000Z,2026-09-17T12:24:00,38.7,39,38.69,39,10395
2026-09-17T09:25:00.000Z,2026-09-17T12:25:00,39.4,39.4,39.4,39.4,10
2026-09-17T09:26:00.000Z,2026-09-17T12:26:00,39.39,39.4,39.39,39.4,477
2026-09-17T09:27:00.000Z,2026-09-17T12:27:00,39.25,39.3,39,39,1969
2026-09-17T09:28:00.000Z,2026-09-17T12:28:00,39,39,39,39,500
2026-09-17T09:29:00.000Z,2026-09-17T12:29:00,39,39,39,39,5545
2026-09-17T09:30:00.000Z,2026-09-17T12:30:00,39.01,39.01,39,39,1055
2026-09-17T09:31:00.000Z,2026-09-17T12:31:00,38.87,38.87,38.43,38.43,10321
2026-09-17T09:32:00.000Z,2026-09-17T12:32:00,38.5,38.96,38.5,38.96,1376
2026-09-17T09:34:00.000Z,2026-09-17T12:34:00,38.67,38.9,38.65,38.65,7304
2026-09-17T09:35:00.000Z,2026-09-17T12:35:00,38.65,38.65,38.65,38.65,696
2026-09-17T09:36:00.000Z,2026-09-17T12:36:00,38.7,38.87,38.65,38.87,669
2026-09-17T09:38:00.000Z,2026-09-17T12:38:00,38.86,38.86,38.65,38.7,4677
2026-09-17T09:40:00.000Z,2026-09-17T12:40:00,38.71,38.81,38.65,38.65,1740
2026-09-17T09:41:00.000Z,2026-09-17T12:41:00,38.65,38.65,38.15,38.59,6251
2026-09-17T09:43:00.000Z,2026-09-17T12:43:00,38.58,38.58,38.58,38.58,459
2026-09-17T09:44:00.000Z,2026-09-17T12:44:00,38.59,38.59,38.22,38.58,762
2026-09-17T09:45:00.000Z,2026-09-17T12:45:00,38.58,38.58,38.58,38.58,392
2026-09-17T09:46:00.000Z,2026-09-17T12:46:00,38.69,38.7,38.69,38.7,932
2026-09-17T09:47:00.000Z,2026-09-17T12:47:00,38.73,38.99,38.73,38.99,1294
2026-09-17T09:48:00.000Z,2026-09-17T12:48:00,39,39,38.99,38.99,1308
2026-09-17T09:49:00.000Z,2026-09-17T12:49:00,38.99,38.99,38.3,38.3,9858
2026-09-17T09:50:00.000Z,2026-09-17T12:50:00,38.98,38.98,38.98,38.98,350
2026-09-17T09:51:00.000Z,2026-09-17T12:51:00,38.9,38.9,38.4,38.4,2190
2026-09-17T09:52:00.000Z,2026-09-17T12:52:00,38.4,38.5,38.25,38.25,15820
2026-09-17T09:53:00.000Z,2026-09-17T12:53:00,38.7,38.7,38.25,38.26,7397
2026-09-17T09:54:00.000Z,2026-09-17T12:54:00,38.3,38.3,38.3,38.3,1161
2026-09-17T09:55:00.000Z,2026-09-17T12:55:00,38.32,38.32,38.29,38.29,7116
2026-09-17T09:56:00.000Z,2026-09-17T12:56:00,38.3,38.3,38.3,38.3,58
2026-09-17T09:57:00.000Z,2026-09-17T12:57:00,38.3,38.3,38.3,38.3,29
2026-09-17T09:58:00.000Z,2026-09-17T12:58:00,38.33,38.34,38.33,38.34,263
2026-09-17T09:59:00.000Z,2026-09-17T12:59:00,38.5,38.7,38.5,38.59,3467
2026-09-17T10:00:00.000Z,2026-09-17T13:00:00,38.59,38.75,38.57,38.57,4768
2026-09-17T10:01:00.000Z,2026-09-17T13:01:00,38.75,38.94,38.75,38.94,1028
2026-09-17T10:02:00.000Z,2026-09-17T13:02:00,38.92,38.93,38.92,38.93,1415
2026-09-17T10:03:00.000Z,2026-09-17T13:03:00,38.9,39,38.9,39,7880
2026-09-17T10:04:00.000Z,2026-09-17T13:04:00,39,39,38.98,39,2260
2026-09-17T10:05:00.000Z,2026-09-17T13:05:00,39,39,39,39,2751
2026-09-17T10:06:00.000Z,2026-09-17T13:06:00,39.1,39.1,39,39,2500
2026-09-17T10:07:00.000Z,2026-09-17T13:07:00,39,39,38.82,38.82,2040
2026-09-17T10:08:00.000Z,2026-09-17T13:08:00,38.94,39,38.94,39,5626
2026-09-17T10:09:00.000Z,2026-09-17T13:09:00,39.2,39.25,39.2,39.25,222
2026-09-17T10:10:00.000Z,2026-09-17T13:10:00,39.15,39.4,39,39.4,9569
2026-09-17T10:11:00.000Z,2026-09-17T13:11:00,39.39,39.74,39,39.74,8250
2026-09-17T10:12:00.000Z,2026-09-17T13:12:00,39.7,39.74,39.66,39.66,347
2026-09-17T10:13:00.000Z,2026-09-17T13:13:00,39.66,39.66,39.32,39.66,9301
2026-09-17T10:14:00.000Z,2026-09-17T13:14:00,39.6,39.66,39.6,39.66,1457
2026-09-17T10:15:00.000Z,2026-09-17T13:15:00,39.66,40,39.66,40,18143
2026-09-17T10:16:00.000Z,2026-09-17T13:16:00,40,41.85,40,41.85,32316
2026-09-17T10:17:00.000Z,2026-09-17T13:17:00,41.7,41.7,41.01,41.35,15862
2026-09-17T10:18:00.000Z,2026-09-17T13:18:00,41.34,41.34,39.53,39.55,21936
2026-09-17T10:19:00.000Z,2026-09-17T13:19:00,40,40.99,40,40.99,24039
2026-09-17T10:20:00.000Z,2026-09-17T13:20:00,40.99,41,40.89,41,11111
2026-09-17T10:21:00.000Z,2026-09-17T13:21:00,41.3,43,41.3,43,55875
2026-09-17T10:22:00.000Z,2026-09-17T13:22:00,43,45.69,43,45,122353
2026-09-17T10:23:00.000Z,2026-09-17T13:23:00,45,45,43.06,44.03,64110
2026-09-17T10:24:00.000Z,2026-09-17T13:24:00,44.03,47,44.03,47,65940
2026-09-17T10:34:00.000Z,2026-09-17T13:34:00,47,47,46,47,10691
2026-09-17T10:35:00.000Z,2026-09-17T13:35:00,47,48.9,45.05,45.05,75478
2026-09-17T10:36:00.000Z,2026-09-17T13:36:00,45.97,46,45,46,51575
2026-09-17T10:37:00.000Z,2026-09-17T13:37:00,45.99,45.99,44,44.02,32314
2026-09-17T10:38:00.000Z,2026-09-17T13:38:00,44.02,45.8,43.52,45.69,32366
2026-09-17T10:39:00.000Z,2026-09-17T13:39:00,45.5,45.69,44.99,45.34,15486
2026-09-17T10:40:00.000Z,2026-09-17T13:40:00,45.34,45.79,45,45.5,8597
2026-09-17T10:41:00.000Z,2026-09-17T13:41:00,45.11,46.8,45.11,46,25386
2026-09-17T10:42:00.000Z,2026-09-17T13:42:00,46,46,45,45.45,19151
2026-09-17T10:43:00.000Z,2026-09-17T13:43:00,45.4,45.5,44.5,44.5,10206
2026-09-17T10:44:00.000Z,2026-09-17T13:44:00,44.35,44.99,44.35,44.98,5462
2026-09-17T10:45:00.000Z,2026-09-17T13:45:00,44.97,44.97,43.85,44,38192
2026-09-17T10:46:00.000Z,2026-09-17T13:46:00,44,44,43.13,44,15749
2026-09-17T10:47:00.000Z,2026-09-17T13:47:00,44,44,43.11,43.11,4540
2026-09-17T10:48:00.000Z,2026-09-17T13:48:00,43.15,44,43.11,43.9,27430
2026-09-17T10:49:00.000Z,2026-09-17T13:49:00,43.9,44.64,43.5,44.59,36588
2026-09-17T10:50:00.000Z,2026-09-17T13:50:00,44.65,45,44.5,44.5,36452
2026-09-17T10:51:00.000Z,2026-09-17T13:51:00,44.5,44.5,43.25,43.3,30792
2026-09-17T10:52:00.000Z,2026-09-17T13:52:00,43.5,43.99,43.5,43.99,6817
2026-09-17T10:53:00.000Z,2026-09-17T13:53:00,43.99,45.5,43.99,45.5,35131
2026-09-17T10:54:00.000Z,2026-09-17T13:54:00,45.5,45.5,45,45,40754
2026-09-17T10:55:00.000Z,2026-09-17T13:55:00,45.45,45.45,44,44.45,27404
2026-09-17T10:56:00.000Z,2026-09-17T13:56:00,44.45,44.75,44.12,44.7,3432
2026-09-17T10:57:00.000Z,2026-09-17T13:57:00,44.69,44.74,44.69,44.74,5690
2026-09-17T10:58:00.000Z,2026-09-17T13:58:00,44.7,44.7,44,44,25015
2026-09-17T10:59:00.000Z,2026-09-17T13:59:00,44,44,43,43.39,42217
2026-09-17T11:00:00.000Z,2026-09-17T14:00:00,43,43.75,43,43.74,10608
2026-09-17T11:01:00.000Z,2026-09-17T14:01:00,43.51,43.51,43.11,43.45,7504
2026-09-17T11:02:00.000Z,2026-09-17T14:02:00,43.1,43.35,42.65,42.7,17122
2026-09-17T11:03:00.000Z,2026-09-17T14:03:00,42.71,43,42.7,43,7679
2026-09-17T11:04:00.000Z,2026-09-17T14:04:00,43,43,42.9,43,2739
2026-09-17T11:05:00.000Z,2026-09-17T14:05:00,42.9,43.41,42.9,43.41,5307
2026-09-17T11:06:00.000Z,2026-09-17T14:06:00,43.4,43.72,43.4,43.72,8675
2026-09-17T11:07:00.000Z,2026-09-17T14:07:00,43.72,43.9,43.5,43.8,6529
2026-09-17T11:08:00.000Z,2026-09-17T14:08:00,43.52,43.88,43.41,43.41,20607
2026-09-17T11:09:00.000Z,2026-09-17T14:09:00,43.5,43.8,43.41,43.41,3951
2026-09-17T11:10:00.000Z,2026-09-17T14:10:00,43.41,43.41,43,43,13905
2026-09-17T11:11:00.000Z,2026-09-17T14:11:00,43,43,42.81,42.81,3875
2026-09-17T11:12:00.000Z,2026-09-17T14:12:00,43,43,42.54,43,17292
2026-09-17T11:13:00.000Z,2026-09-17T14:13:00,42.99,43.26,42.56,43,13736
2026-09-17T11:14:00.000Z,2026-09-17T14:14:00,42.56,43.2,42.56,43.2,8391
2026-09-17T11:25:00.000Z,2026-09-17T14:25:00,42.56,42.56,42.56,42.56,66195
2026-09-17T11:26:00.000Z,2026-09-17T14:26:00,42.56,42.56,42.56,42.56,12557
2026-09-17T11:27:00.000Z,2026-09-17T14:27:00,42.56,42.56,42.56,42.56,15
2026-09-17T11:28:00.000Z,2026-09-17T14:28:00,42.56,42.56,42.56,42.56,880
2026-09-20T07:00:00.000Z,2026-09-20T10:00:00,43.5,44.85,43.5,44.85,47464
2026-09-20T07:01:00.000Z,2026-09-20T10:01:00,44.85,45.7,44.5,45,28057
2026-09-20T07:02:00.000Z,2026-09-20T10:02:00,45,46,44.5,45.58,35951
2026-09-20T07:03:00.000Z,2026-09-20T10:03:00,45.58,45.59,44.04,44.5,36943
2026-09-20T07:04:00.000Z,2026-09-20T10:04:00,44.5,44.9,44.01,44.9,27419
2026-09-20T07:05:00.000Z,2026-09-20T10:05:00,44.9,45.99,44.6,45.99,24209
2026-09-20T07:06:00.000Z,2026-09-20T10:06:00,45.99,47,45.01,47,62432
2026-09-20T07:16:00.000Z,2026-09-20T10:16:00,47,47,47,47,757
2026-09-20T07:17:00.000Z,2026-09-20T10:17:00,47,47,45.21,45.9,38028
2026-09-20T07:18:00.000Z,2026-09-20T10:18:00,45.51,46.9,45.1,45.5,39908
2026-09-20T07:19:00.000Z,2026-09-20T10:19:00,45.51,46.89,45.51,46.5,11599
2026-09-20T07:20:00.000Z,2026-09-20T10:20:00,46.5,46.7,46.5,46.5,9876
2026-09-20T07:21:00.000Z,2026-09-20T10:21:00,46.45,46.5,45.66,46,12670
2026-09-20T07:22:00.000Z,2026-09-20T10:22:00,46,46,45.25,45.25,14656
2026-09-20T07:23:00.000Z,2026-09-20T10:23:00,45.3,46.3,45,46.3,25139
2026-09-20T07:24:00.000Z,2026-09-20T10:24:00,45.66,46,45.5,46,4358
2026-09-20T07:25:00.000Z,2026-09-20T10:25:00,46,46,45.6,45.6,307
2026-09-20T07:26:00.000Z,2026-09-20T10:26:00,45.6,45.99,45.5,45.8,2685
2026-09-20T07:27:00.000Z,2026-09-20T10:27:00,45.6,45.8,45.5,45.5,15632
2026-09-20T07:28:00.000Z,2026-09-20T10:28:00,45.5,45.5,45,45.4,6856
2026-09-20T07:29:00.000Z,2026-09-20T10:29:00,45,45.4,45,45.4,4897
2026-09-20T07:30:00.000Z,2026-09-20T10:30:00,45.1,45.6,45.02,45.6,6712
2026-09-20T07:31:00.000Z,2026-09-20T10:31:00,45.6,45.7,44.52,45.6,24737
2026-09-20T07:32:00.000Z,2026-09-20T10:32:00,45.6,45.6,45.6,45.6,743
2026-09-20T07:33:00.000Z,2026-09-20T10:33:00,45.15,45.5,45.11,45.5,332
2026-09-20T07:34:00.000Z,2026-09-20T10:34:00,45.5,45.5,45.5,45.5,3315
2026-09-20T07:35:00.000Z,2026-09-20T10:35:00,45.5,45.99,45.5,45.99,16592
2026-09-20T07:36:00.000Z,2026-09-20T10:36:00,45.99,46.7,45.99,46.7,22473
2026-09-20T07:37:00.000Z,2026-09-20T10:37:00,46.5,47.1,46.5,47.1,25791
2026-09-20T07:38:00.000Z,2026-09-20T10:38:00,47.5,47.95,46.9,46.9,48197
2026-09-20T07:39:00.000Z,2026-09-20T10:39:00,46.81,46.81,45.71,46.4,13186
2026-09-20T07:40:00.000Z,2026-09-20T10:40:00,46.4,46.49,45.8,45.98,20393
2026-09-20T07:41:00.000Z,2026-09-20T10:41:00,45.98,46,45.8,45.94,13990
2026-09-20T07:42:00.000Z,2026-09-20T10:42:00,45.94,46.3,45.8,46.3,5884
2026-09-20T07:43:00.000Z,2026-09-20T10:43:00,46.01,46.01,45.8,45.99,6771
2026-09-20T07:44:00.000Z,2026-09-20T10:44:00,45.99,45.99,45.3,45.3,10957
2026-09-20T07:45:00.000Z,2026-09-20T10:45:00,45.3,45.79,45.26,45.79,2738
2026-09-20T07:46:00.000Z,2026-09-20T10:46:00,45.79,46,45.79,46,5082
2026-09-20T07:47:00.000Z,2026-09-20T10:47:00,46,46.46,46,46.3,7140
2026-09-20T07:48:00.000Z,2026-09-20T10:48:00,46.01,46.28,45.51,46,6400
2026-09-20T07:49:00.000Z,2026-09-20T10:49:00,46,46,45.05,45.05,32520
2026-09-20T07:50:00.000Z,2026-09-20T10:50:00,45.11,45.75,45.1,45.75,488
2026-09-20T07:51:00.000Z,2026-09-20T10:51:00,45.72,45.75,45.72,45.75,2121
2026-09-20T07:52:00.000Z,2026-09-20T10:52:00,45.75,45.75,45.2,45.6,6234
2026-09-20T07:53:00.000Z,2026-09-20T10:53:00,45.22,45.22,45.13,45.13,9093
2026-09-20T07:54:00.000Z,2026-09-20T10:54:00,45.21,45.55,45.21,45.55,3795
2026-09-20T07:55:00.000Z,2026-09-20T10:55:00,45.22,45.22,44.52,44.52,32889
2026-09-20T07:56:00.000Z,2026-09-20T10:56:00,44.51,44.9,44.1,44.5,13537
2026-09-20T07:57:00.000Z,2026-09-20T10:57:00,44.5,44.5,43.35,44,25837
2026-09-20T07:58:00.000Z,2026-09-20T10:58:00,44,44.7,44,44.7,7324
2026-09-20T07:59:00.000Z,2026-09-20T10:59:00,44.5,44.7,44.02,44.02,5325
2026-09-20T08:00:00.000Z,2026-09-20T11:00:00,44.66,44.67,44.58,44.58,2269
2026-09-20T08:01:00.000Z,2026-09-20T11:01:00,44.58,44.58,44.04,44.04,3234
2026-09-20T08:02:00.000Z,2026-09-20T11:02:00,44.49,44.49,44,44.44,7737
2026-09-20T08:03:00.000Z,2026-09-20T11:03:00,44.05,44.05,43.6,44,3024
2026-09-20T08:04:00.000Z,2026-09-20T11:04:00,44,44,43.9,43.9,1154
2026-09-20T08:05:00.000Z,2026-09-20T11:05:00,43.75,43.9,43.65,43.9,4708
2026-09-20T08:06:00.000Z,2026-09-20T11:06:00,43.99,44.4,43.9,44.4,3662
2026-09-20T08:07:00.000Z,2026-09-20T11:07:00,44.3,44.3,44.3,44.3,869
2026-09-20T08:08:00.000Z,2026-09-20T11:08:00,44.3,44.3,44.05,44.05,3616
2026-09-20T08:09:00.000Z,2026-09-20T11:09:00,44.24,44.24,44.05,44.05,2878
2026-09-20T08:10:00.000Z,2026-09-20T11:10:00,44.2,44.25,44,44.25,3875
2026-09-20T08:12:00.000Z,2026-09-20T11:12:00,44.24,44.9,44.24,44.9,6614
2026-09-20T08:13:00.000Z,2026-09-20T11:13:00,44.6,44.9,44.6,44.9,635
2026-09-20T08:14:00.000Z,2026-09-20T11:14:00,44.6,44.9,44.6,44.88,7344
2026-09-20T08:15:00.000Z,2026-09-20T11:15:00,44.88,44.88,44.23,44.23,2260
2026-09-20T08:16:00.000Z,2026-09-20T11:16:00,44.7,44.89,44.25,44.89,1985
2026-09-20T08:17:00.000Z,2026-09-20T11:17:00,44.8,44.8,44.8,44.8,135
2026-09-20T08:18:00.000Z,2026-09-20T11:18:00,44.79,44.79,44.26,44.26,749
2026-09-20T08:19:00.000Z,2026-09-20T11:19:00,44.64,44.64,44.02,44.02,7111
2026-09-20T08:20:00.000Z,2026-09-20T11:20:00,44.02,44.48,44.01,44.48,5288
2026-09-20T08:21:00.000Z,2026-09-20T11:21:00,44.02,44.48,44.02,44.02,2132
2026-09-20T08:22:00.000Z,2026-09-20T11:22:00,44.46,44.46,44.02,44.03,514
2026-09-20T08:23:00.000Z,2026-09-20T11:23:00,44.4,44.4,44.03,44.03,3525
2026-09-20T08:24:00.000Z,2026-09-20T11:24:00,44.25,44.3,44.01,44.01,3323
2026-09-20T08:25:00.000Z,2026-09-20T11:25:00,44.01,44.01,44,44,1336
2026-09-20T08:26:00.000Z,2026-09-20T11:26:00,44,44,44,44,3881
2026-09-20T08:27:00.000Z,2026-09-20T11:27:00,43.9,44,43.8,44,957
2026-09-20T08:28:00.000Z,2026-09-20T11:28:00,44,44.38,44,44.38,2600
2026-09-20T08:29:00.000Z,2026-09-20T11:29:00,44.37,44.37,44.37,44.37,195
2026-09-20T08:30:00.000Z,2026-09-20T11:30:00,44.25,44.34,44.25,44.34,224
2026-09-20T08:31:00.000Z,2026-09-20T11:31:00,44.01,44.24,44,44.24,1846
2026-09-20T08:32:00.000Z,2026-09-20T11:32:00,44,44,43.8,43.8,2225
2026-09-20T08:33:00.000Z,2026-09-20T11:33:00,43.97,44,43.7,43.7,2728
2026-09-20T08:34:00.000Z,2026-09-20T11:34:00,43.75,44,43.75,43.75,758
2026-09-20T08:35:00.000Z,2026-09-20T11:35:00,44,44,43.75,43.75,2945
2026-09-20T08:36:00.000Z,2026-09-20T11:36:00,43.75,43.75,43.66,43.66,24910
2026-09-20T08:37:00.000Z,2026-09-20T11:37:00,43.66,43.68,43.61,43.61,1145
2026-09-20T08:38:00.000Z,2026-09-20T11:38:00,43.68,43.68,43.68,43.68,570
2026-09-20T08:39:00.000Z,2026-09-20T11:39:00,43.68,43.68,43.32,43.32,3736
2026-09-20T08:40:00.000Z,2026-09-20T11:40:00,43.5,43.68,43.5,43.68,2342
2026-09-20T08:41:00.000Z,2026-09-20T11:41:00,43.68,43.68,43.52,43.68,1204
2026-09-20T08:43:00.000Z,2026-09-20T11:43:00,43.93,44,43.9,44,1072
2026-09-20T08:44:00.000Z,2026-09-20T11:44:00,44.18,44.19,44.18,44.19,759
2026-09-20T08:45:00.000Z,2026-09-20T11:45:00,44.18,44.19,44,44,3401
2026-09-20T08:46:00.000Z,2026-09-20T11:46:00,44,44,44,44,1930
2026-09-20T08:47:00.000Z,2026-09-20T11:47:00,44,44,44,44,3323
2026-09-20T08:48:00.000Z,2026-09-20T11:48:00,44,44,44,44,1086
2026-09-20T08:49:00.000Z,2026-09-20T11:49:00,44,44,44,44,5530
2026-09-20T08:50:00.000Z,2026-09-20T11:50:00,44,44,43.56,44,1232
2026-09-20T08:51:00.000Z,2026-09-20T11:51:00,44,44,44,44,220
2026-09-20T08:53:00.000Z,2026-09-20T11:53:00,44,44,43.55,43.55,7220
2026-09-20T08:54:00.000Z,2026-09-20T11:54:00,43.55,43.55,43.35,43.35,2247
2026-09-20T08:55:00.000Z,2026-09-20T11:55:00,43.35,43.35,43.27,43.27,4404
2026-09-20T08:56:00.000Z,2026-09-20T11:56:00,43.27,43.5,43.27,43.5,179
2026-09-20T08:57:00.000Z,2026-09-20T11:57:00,43.5,43.5,43.5,43.5,200
2026-09-20T08:58:00.000Z,2026-09-20T11:58:00,43.5,43.5,43.3,43.3,4311
2026-09-20T08:59:00.000Z,2026-09-20T11:59:00,43.5,43.98,43.3,43.3,615
2026-09-20T09:00:00.000Z,2026-09-20T12:00:00,43.6,43.6,43.49,43.49,736
2026-09-20T09:01:00.000Z,2026-09-20T12:01:00,43.3,43.49,43.25,43.49,1069
2026-09-20T09:02:00.000Z,2026-09-20T12:02:00,43.4,43.4,43.4,43.4,93
2026-09-20T09:03:00.000Z,2026-09-20T12:03:00,43.26,43.26,43.26,43.26,716
2026-09-20T09:04:00.000Z,2026-09-20T12:04:00,43.26,43.3,43.26,43.3,550
2026-09-20T09:05:00.000Z,2026-09-20T12:05:00,43.38,43.39,43.38,43.39,1600
2026-09-20T09:06:00.000Z,2026-09-20T12:06:00,43.4,43.48,43.09,43.09,3788
2026-09-20T09:07:00.000Z,2026-09-20T12:07:00,43.09,43.09,43.03,43.03,5066
2026-09-20T09:08:00.000Z,2026-09-20T12:08:00,43.03,43.04,43.03,43.04,1641
2026-09-20T09:09:00.000Z,2026-09-20T12:09:00,43.2,43.2,43.19,43.19,1624
2026-09-20T09:10:00.000Z,2026-09-20T12:10:00,43.19,43.48,43.18,43.48,3236
2026-09-20T09:11:00.000Z,2026-09-20T12:11:00,43.45,43.45,43.42,43.42,364
2026-09-20T09:15:00.000Z,2026-09-20T12:15:00,43.1,43.48,43.05,43.2,2507
2026-09-20T09:16:00.000Z,2026-09-20T12:16:00,43.3,43.3,43.1,43.1,300
2026-09-20T09:17:00.000Z,2026-09-20T12:17:00,43.39,43.42,43.39,43.42,460
2026-09-20T09:18:00.000Z,2026-09-20T12:18:00,43.42,43.42,43.42,43.42,1
2026-09-20T09:19:00.000Z,2026-09-20T12:19:00,43.42,43.42,43.42,43.42,91
2026-09-20T09:20:00.000Z,2026-09-20T12:20:00,43.4,43.4,43.4,43.4,3
2026-09-20T09:21:00.000Z,2026-09-20T12:21:00,43.4,43.4,43.4,43.4,10
2026-09-20T09:22:00.000Z,2026-09-20T12:22:00,43.1,43.1,43.1,43.1,270
2026-09-20T09:23:00.000Z,2026-09-20T12:23:00,43.1,43.39,43.1,43.39,343
2026-09-20T09:24:00.000Z,2026-09-20T12:24:00,43.39,43.5,43.39,43.5,3010
2026-09-20T09:25:00.000Z,2026-09-20T12:25:00,43.5,43.5,43.5,43.5,7125
2026-09-20T09:26:00.000Z,2026-09-20T12:26:00,43.5,44,43.5,43.9,8612
2026-09-20T09:27:00.000Z,2026-09-20T12:27:00,43.89,44,43.52,44,7952
2026-09-20T09:28:00.000Z,2026-09-20T12:28:00,43.98,44.66,43.98,44.66,7361
2026-09-20T09:29:00.000Z,2026-09-20T12:29:00,44.66,45.5,44.66,45.39,39655
2026-09-20T09:30:00.000Z,2026-09-20T12:30:00,45.3,45.3,44.1,44.7,6768
2026-09-20T09:31:00.000Z,2026-09-20T12:31:00,44.1,44.6,44.1,44.12,1704
2026-09-20T09:32:00.000Z,2026-09-20T12:32:00,44.5,44.89,44.13,44.5,2918
2026-09-20T09:33:00.000Z,2026-09-20T12:33:00,44.5,44.5,44.5,44.5,3486
2026-09-20T09:34:00.000Z,2026-09-20T12:34:00,44.5,44.5,44.12,44.12,642
2026-09-20T09:35:00.000Z,2026-09-20T12:35:00,44.13,44.13,44.12,44.12,2676
2026-09-20T09:36:00.000Z,2026-09-20T12:36:00,44.12,44.12,43.5,43.5,7074
2026-09-20T09:37:00.000Z,2026-09-20T12:37:00,43.98,44,43.98,44,650
2026-09-20T09:39:00.000Z,2026-09-20T12:39:00,43.54,43.54,43.2,43.2,9302
2026-09-20T09:40:00.000Z,2026-09-20T12:40:00,43.98,43.98,43.05,43.07,4181
2026-09-20T09:41:00.000Z,2026-09-20T12:41:00,43.11,43.8,43.1,43.8,337
2026-09-20T09:42:00.000Z,2026-09-20T12:42:00,43.11,43.68,43.11,43.68,366
2026-09-20T09:43:00.000Z,2026-09-20T12:43:00,43.68,43.69,43.11,43.21,4846
2026-09-20T09:44:00.000Z,2026-09-20T12:44:00,43.3,43.3,43.1,43.1,13896
2026-09-20T09:45:00.000Z,2026-09-20T12:45:00,43.11,43.5,43.1,43.39,2455
2026-09-20T09:46:00.000Z,2026-09-20T12:46:00,43.15,43.3,43.15,43.3,1119
2026-09-20T09:47:00.000Z,2026-09-20T12:47:00,43.3,43.35,43.3,43.3,2030
2026-09-20T09:48:00.000Z,2026-09-20T12:48:00,43.35,43.35,43.35,43.35,251
2026-09-20T09:49:00.000Z,2026-09-20T12:49:00,43.35,43.55,43.35,43.55,1551
2026-09-20T09:50:00.000Z,2026-09-20T12:50:00,43.35,43.35,43.35,43.35,2000
2026-09-20T09:51:00.000Z,2026-09-20T12:51:00,43.54,43.54,43.35,43.35,285
2026-09-20T09:52:00.000Z,2026-09-20T12:52:00,43.35,43.35,43.18,43.18,2281
2026-09-20T09:53:00.000Z,2026-09-20T12:53:00,43.21,43.21,43.02,43.02,8366
2026-09-20T09:54:00.000Z,2026-09-20T12:54:00,43.42,43.65,43.42,43.65,235
2026-09-20T09:55:00.000Z,2026-09-20T12:55:00,43.05,43.06,43.05,43.06,702
2026-09-20T09:56:00.000Z,2026-09-20T12:56:00,43.4,43.65,43.4,43.65,207
2026-09-20T09:57:00.000Z,2026-09-20T12:57:00,43.64,43.65,43.64,43.65,495
2026-09-20T09:58:00.000Z,2026-09-20T12:58:00,43.5,43.5,43.15,43.15,2835
2026-09-20T09:59:00.000Z,2026-09-20T12:59:00,43.15,43.5,43.15,43.5,101
2026-09-20T10:00:00.000Z,2026-09-20T13:00:00,43.15,43.5,43.15,43.5,370
2026-09-20T10:01:00.000Z,2026-09-20T13:01:00,43.15,43.15,43.1,43.1,1007
2026-09-20T10:02:00.000Z,2026-09-20T13:02:00,43.15,43.48,43.1,43.48,3142
2026-09-20T10:03:00.000Z,2026-09-20T13:03:00,43.4,43.4,43.11,43.11,32
2026-09-20T10:04:00.000Z,2026-09-20T13:04:00,43.15,43.15,43.08,43.08,7486
2026-09-20T10:05:00.000Z,2026-09-20T13:05:00,43.15,43.15,43.15,43.15,233
2026-09-20T10:06:00.000Z,2026-09-20T13:06:00,43.08,43.08,43.08,43.08,1260
2026-09-20T10:07:00.000Z,2026-09-20T13:07:00,43.08,43.08,42.02,42.02,37786
2026-09-20T10:08:00.000Z,2026-09-20T13:08:00,42.54,42.54,42.54,42.54,100
2026-09-20T10:09:00.000Z,2026-09-20T13:09:00,42.54,42.54,42.54,42.54,643
2026-09-20T10:10:00.000Z,2026-09-20T13:10:00,42.54,42.78,42.21,42.21,1140
2026-09-20T10:11:00.000Z,2026-09-20T13:11:00,42.74,42.74,42.21,42.22,1947
2026-09-20T10:12:00.000Z,2026-09-20T13:12:00,42.22,42.23,42.22,42.22,435
2026-09-20T10:13:00.000Z,2026-09-20T13:13:00,42.22,42.65,42.22,42.5,570
2026-09-20T10:15:00.000Z,2026-09-20T13:15:00,42.5,42.5,42.25,42.5,49
2026-09-20T10:16:00.000Z,2026-09-20T13:16:00,42.5,42.58,42.5,42.58,500
2026-09-20T10:18:00.000Z,2026-09-20T13:18:00,42.31,42.57,42.31,42.56,330
2026-09-20T10:19:00.000Z,2026-09-20T13:19:00,42.54,42.54,42.54,42.54,54
2026-09-20T10:20:00.000Z,2026-09-20T13:20:00,42.54,42.56,42.54,42.54,836
2026-09-20T10:22:00.000Z,2026-09-20T13:22:00,42.27,42.27,42.25,42.25,2328
2026-09-20T10:23:00.000Z,2026-09-20T13:23:00,42.51,42.51,42.51,42.51,4
2026-09-20T10:24:00.000Z,2026-09-20T13:24:00,42.5,42.51,42.5,42.51,165
2026-09-20T10:25:00.000Z,2026-09-20T13:25:00,42.57,42.57,42.07,42.07,4748
2026-09-20T10:26:00.000Z,2026-09-20T13:26:00,42.07,42.57,42.07,42.08,4600
2026-09-20T10:27:00.000Z,2026-09-20T13:27:00,42.1,42.1,42.07,42.07,2200
2026-09-20T10:28:00.000Z,2026-09-20T13:28:00,42.1,42.48,42.01,42.48,2701
2026-09-20T10:29:00.000Z,2026-09-20T13:29:00,42.47,42.69,42.47,42.69,5397
2026-09-20T10:30:00.000Z,2026-09-20T13:30:00,42.49,42.49,42,42,9539
2026-09-20T10:31:00.000Z,2026-09-20T13:31:00,42,42.38,42,42.38,794
2026-09-20T10:32:00.000Z,2026-09-20T13:32:00,42,42,41.6,42,4269
2026-09-20T10:33:00.000Z,2026-09-20T13:33:00,41.99,42.29,41.99,42.29,2555
2026-09-20T10:34:00.000Z,2026-09-20T13:34:00,42.29,42.29,42.29,42.29,590
2026-09-20T10:35:00.000Z,2026-09-20T13:35:00,42.29,42.29,42,42,2264
2026-09-20T10:36:00.000Z,2026-09-20T13:36:00,42,42.36,41.62,42.02,6753
2026-09-20T10:37:00.000Z,2026-09-20T13:37:00,41.99,41.99,41.99,41.99,792
2026-09-20T10:38:00.000Z,2026-09-20T13:38:00,41.99,41.99,41.62,41.62,576
2026-09-20T10:39:00.000Z,2026-09-20T13:39:00,41.9,41.9,41.9,41.9,168
2026-09-20T10:40:00.000Z,2026-09-20T13:40:00,41.9,41.99,41.9,41.99,1082
2026-09-20T10:41:00.000Z,2026-09-20T13:41:00,41.9,41.9,41.9,41.9,830
2026-09-20T10:42:00.000Z,2026-09-20T13:42:00,41.9,41.95,41.9,41.95,920
2026-09-20T10:43:00.000Z,2026-09-20T13:43:00,41.67,41.89,41.67,41.67,208
2026-09-20T10:44:00.000Z,2026-09-20T13:44:00,41.67,42,41.67,42,5000
2026-09-20T10:45:00.000Z,2026-09-20T13:45:00,41.95,42,41.95,42,2056
2026-09-20T10:46:00.000Z,2026-09-20T13:46:00,42.28,42.49,42.28,42.49,2815
2026-09-20T10:47:00.000Z,2026-09-20T13:47:00,42.4,42.4,42.4,42.4,100
2026-09-20T10:48:00.000Z,2026-09-20T13:48:00,42.5,42.6,42.5,42.6,2548
2026-09-20T10:49:00.000Z,2026-09-20T13:49:00,42.6,42.69,42.6,42.6,2675
2026-09-20T10:50:00.000Z,2026-09-20T13:50:00,42.6,42.78,42.6,42.78,2000
2026-09-20T10:51:00.000Z,2026-09-20T13:51:00,42.5,42.7,42.35,42.5,3420
2026-09-20T10:52:00.000Z,2026-09-20T13:52:00,42.35,42.5,42.32,42.5,1100
2026-09-20T10:53:00.000Z,2026-09-20T13:53:00,42.5,42.5,42.5,42.5,485
2026-09-20T10:54:00.000Z,2026-09-20T13:54:00,42.49,42.5,42.49,42.5,80
2026-09-20T10:55:00.000Z,2026-09-20T13:55:00,42.32,42.32,42.3,42.3,1392
2026-09-20T10:56:00.000Z,2026-09-20T13:56:00,42.3,42.3,42.02,42.02,5643
2026-09-20T10:57:00.000Z,2026-09-20T13:57:00,42.02,42.78,42.02,42.5,2111
2026-09-20T10:58:00.000Z,2026-09-20T13:58:00,42.5,42.5,42.5,42.5,3088
2026-09-20T10:59:00.000Z,2026-09-20T13:59:00,42.49,42.49,42.49,42.49,120
2026-09-20T11:00:00.000Z,2026-09-20T14:00:00,42.12,42.5,42.11,42.5,5043
2026-09-20T11:01:00.000Z,2026-09-20T14:01:00,42.5,42.5,42.5,42.5,500
2026-09-20T11:02:00.000Z,2026-09-20T14:02:00,42.77,42.77,42.77,42.77,50
2026-09-20T11:03:00.000Z,2026-09-20T14:03:00,42.5,42.5,42.49,42.49,1069
2026-09-20T11:04:00.000Z,2026-09-20T14:04:00,42.49,42.49,42.49,42.49,40
2026-09-20T11:05:00.000Z,2026-09-20T14:05:00,42.2,42.48,42.2,42.2,1327
2026-09-20T11:06:00.000Z,2026-09-20T14:06:00,42.2,42.2,42.17,42.17,500
2026-09-20T11:07:00.000Z,2026-09-20T14:07:00,42.2,42.2,42.17,42.2,4490
2026-09-20T11:08:00.000Z,2026-09-20T14:08:00,42.2,42.2,42.08,42.08,3557
2026-09-20T11:09:00.000Z,2026-09-20T14:09:00,42.17,42.2,42.07,42.07,4940
2026-09-20T11:10:00.000Z,2026-09-20T14:10:00,42.2,42.2,42.04,42.2,3498
2026-09-20T11:11:00.000Z,2026-09-20T14:11:00,42.2,42.45,42.2,42.45,75
2026-09-20T11:12:00.000Z,2026-09-20T14:12:00,42.44,42.69,42.11,42.69,4867
2026-09-20T11:13:00.000Z,2026-09-20T14:13:00,42.69,42.7,42.68,42.68,393
2026-09-20T11:14:00.000Z,2026-09-20T14:14:00,42.45,42.65,42.2,42.65,728
2026-09-20T11:25:00.000Z,2026-09-20T14:25:00,42.15,42.15,42.15,42.15,18435
2026-09-20T11:26:00.000Z,2026-09-20T14:26:00,42.15,42.15,42.15,42.15,1100
2026-09-20T11:28:00.000Z,2026-09-20T14:28:00,42.15,42.15,42.15,42.15,1045
2026-09-20T11:29:00.000Z,2026-09-20T14:29:00,42.15,42.15,42.15,42.15,199
2026-09-21T07:00:00.000Z,2026-09-21T10:00:00,42.52,42.52,41.04,41.04,12261
2026-09-21T07:01:00.000Z,2026-09-21T10:01:00,41.5,41.5,41.01,41.1,3956
2026-09-21T07:02:00.000Z,2026-09-21T10:02:00,41.26,41.5,41.2,41.2,5079
2026-09-21T07:03:00.000Z,2026-09-21T10:03:00,41.33,41.88,41.23,41.25,4002
2026-09-21T07:04:00.000Z,2026-09-21T10:04:00,41.25,41.74,41.1,41.74,9138
2026-09-21T07:05:00.000Z,2026-09-21T10:05:00,41.6,41.6,41.2,41.2,134
2026-09-21T07:06:00.000Z,2026-09-21T10:06:00,41.2,41.2,41.16,41.16,6301
2026-09-21T07:07:00.000Z,2026-09-21T10:07:00,41.2,41.4,40.61,41,7534
2026-09-21T07:08:00.000Z,2026-09-21T10:08:00,41.15,41.15,41,41,2596
2026-09-21T07:09:00.000Z,2026-09-21T10:09:00,41,41.3,41,41.29,2640
2026-09-21T07:10:00.000Z,2026-09-21T10:10:00,41.29,41.3,41.29,41.29,645
2026-09-21T07:11:00.000Z,2026-09-21T10:11:00,41.28,41.29,41.28,41.29,875
2026-09-21T07:12:00.000Z,2026-09-21T10:12:00,41.06,41.06,41,41,6342
2026-09-21T07:13:00.000Z,2026-09-21T10:13:00,40.99,41,40.7,41,1108
2026-09-21T07:14:00.000Z,2026-09-21T10:14:00,40.73,40.73,40.73,40.73,226
2026-09-21T07:15:00.000Z,2026-09-21T10:15:00,40.8,40.99,40.75,40.81,1780
2026-09-21T07:16:00.000Z,2026-09-21T10:16:00,40.81,41,40.81,41,1016
2026-09-21T07:17:00.000Z,2026-09-21T10:17:00,41.45,41.77,41.4,41.77,3818
2026-09-21T07:18:00.000Z,2026-09-21T10:18:00,41.77,41.97,41.59,41.97,4942
2026-09-21T07:19:00.000Z,2026-09-21T10:19:00,41.71,41.97,41.2,41.7,15090
2026-09-21T07:20:00.000Z,2026-09-21T10:20:00,41.69,41.69,41.06,41.06,6828
2026-09-21T07:21:00.000Z,2026-09-21T10:21:00,41.06,41.06,41.05,41.05,5588
2026-09-21T07:22:00.000Z,2026-09-21T10:22:00,41.05,41.05,41.05,41.05,891
2026-09-21T07:23:00.000Z,2026-09-21T10:23:00,41.05,41.06,41,41,4982
2026-09-21T07:24:00.000Z,2026-09-21T10:24:00,41,41,40.77,40.77,3471
2026-09-21T07:25:00.000Z,2026-09-21T10:25:00,41,41,41,41,2
2026-09-21T07:26:00.000Z,2026-09-21T10:26:00,41,41,41,41,1005
2026-09-21T07:27:00.000Z,2026-09-21T10:27:00,40.99,40.99,40.99,40.99,500
2026-09-21T07:28:00.000Z,2026-09-21T10:28:00,40.99,40.99,40.8,40.8,1100
2026-09-21T07:29:00.000Z,2026-09-21T10:29:00,40.8,40.81,40.8,40.8,2173
2026-09-21T07:30:00.000Z,2026-09-21T10:30:00,40.96,41.01,40.96,41.01,4322
2026-09-21T07:31:00.000Z,2026-09-21T10:31:00,41.15,41.15,41.15,41.15,500
2026-09-21T07:32:00.000Z,2026-09-21T10:32:00,41.1,41.1,41,41,2391
2026-09-21T07:33:00.000Z,2026-09-21T10:33:00,41,41,41,41,225
2026-09-21T07:36:00.000Z,2026-09-21T10:36:00,41.1,41.1,41.1,41.1,731
2026-09-21T07:38:00.000Z,2026-09-21T10:38:00,41,41,41,41,14
2026-09-21T07:39:00.000Z,2026-09-21T10:39:00,41.1,41.1,41.1,41.1,654
2026-09-21T07:40:00.000Z,2026-09-21T10:40:00,41.1,41.1,41.1,41.1,271
2026-09-21T07:41:00.000Z,2026-09-21T10:41:00,41.01,41.1,41,41.1,1499
2026-09-21T07:42:00.000Z,2026-09-21T10:42:00,41.1,41.1,41,41,10047
2026-09-21T07:43:00.000Z,2026-09-21T10:43:00,41,41.2,41,41.2,1808
2026-09-21T07:44:00.000Z,2026-09-21T10:44:00,41,41.19,41,41.19,465
2026-09-21T07:45:00.000Z,2026-09-21T10:45:00,41.18,41.18,41.18,41.18,1000
2026-09-21T07:46:00.000Z,2026-09-21T10:46:00,41.18,41.18,41.18,41.18,2888
2026-09-21T07:47:00.000Z,2026-09-21T10:47:00,41.18,41.19,41.18,41.19,500
2026-09-21T07:48:00.000Z,2026-09-21T10:48:00,41.19,41.19,41.19,41.19,100
2026-09-21T07:49:00.000Z,2026-09-21T10:49:00,41.04,41.19,41.04,41.04,2210
2026-09-21T07:50:00.000Z,2026-09-21T10:50:00,41.19,41.19,41,41,8252
2026-09-21T07:52:00.000Z,2026-09-21T10:52:00,41,41,41,41,243
2026-09-21T07:53:00.000Z,2026-09-21T10:53:00,41,41,41,41,10552
2026-09-21T07:54:00.000Z,2026-09-21T10:54:00,41.01,41.01,41,41,672
2026-09-21T07:56:00.000Z,2026-09-21T10:56:00,41.01,41.01,41.01,41.01,952
2026-09-21T07:57:00.000Z,2026-09-21T10:57:00,41,41.01,41,41,1421
2026-09-21T07:58:00.000Z,2026-09-21T10:58:00,41.01,41.01,41,41,570
2026-09-21T07:59:00.000Z,2026-09-21T10:59:00,41,41,41,41,1598
2026-09-21T08:00:00.000Z,2026-09-21T11:00:00,41,41,40.8,41,16109
2026-09-21T08:01:00.000Z,2026-09-21T11:01:00,41,41.37,41,41.25,2249
2026-09-21T08:03:00.000Z,2026-09-21T11:03:00,41,41.25,41,41.25,2525
2026-09-21T08:04:00.000Z,2026-09-21T11:04:00,41.19,41.19,41.19,41.19,50
2026-09-21T08:06:00.000Z,2026-09-21T11:06:00,41.01,41.01,41,41,1000
2026-09-21T08:07:00.000Z,2026-09-21T11:07:00,41.01,41.13,41.01,41.01,570
2026-09-21T08:09:00.000Z,2026-09-21T11:09:00,41.01,41.01,41.01,41.01,27
2026-09-21T08:11:00.000Z,2026-09-21T11:11:00,41.03,41.03,41.03,41.03,73
2026-09-21T08:12:00.000Z,2026-09-21T11:12:00,41.03,41.03,41,41,15000
2026-09-21T08:13:00.000Z,2026-09-21T11:13:00,41,41.17,41,41,15556
2026-09-21T08:14:00.000Z,2026-09-21T11:14:00,41,41.17,41,41,15854
2026-09-21T08:15:00.000Z,2026-09-21T11:15:00,41,41,41,41,25367
2026-09-21T08:16:00.000Z,2026-09-21T11:16:00,41,41,41,41,2365
2026-09-21T08:19:00.000Z,2026-09-21T11:19:00,41.17,41.17,41.17,41.17,522
2026-09-21T08:21:00.000Z,2026-09-21T11:21:00,41.17,41.17,41.17,41.17,5
2026-09-21T08:22:00.000Z,2026-09-21T11:22:00,41.17,41.17,41.17,41.17,200
2026-09-21T08:23:00.000Z,2026-09-21T11:23:00,41.03,41.17,41,41,13266
2026-09-21T08:24:00.000Z,2026-09-21T11:24:00,41.16,41.17,41.16,41.17,1159
2026-09-21T08:25:00.000Z,2026-09-21T11:25:00,41.17,41.19,41.17,41.17,2341
2026-09-21T08:26:00.000Z,2026-09-21T11:26:00,41,41,41,41,3264
2026-09-21T08:27:00.000Z,2026-09-21T11:27:00,41,41,41,41,4328
2026-09-21T08:28:00.000Z,2026-09-21T11:28:00,41,41.17,41,41.17,3672
2026-09-21T08:29:00.000Z,2026-09-21T11:29:00,41,41,41,41,6828
2026-09-21T08:30:00.000Z,2026-09-21T11:30:00,41,41,41,41,10000
2026-09-21T08:31:00.000Z,2026-09-21T11:31:00,41,41.17,41,41,34185
2026-09-21T08:32:00.000Z,2026-09-21T11:32:00,41.15,41.15,41,41,9301
2026-09-21T08:33:00.000Z,2026-09-21T11:33:00,41,41.14,40.88,41,9568
2026-09-21T08:34:00.000Z,2026-09-21T11:34:00,41,41,41,41,2796
2026-09-21T08:35:00.000Z,2026-09-21T11:35:00,41,41.01,41,41,7654
2026-09-21T08:36:00.000Z,2026-09-21T11:36:00,41,41.14,41,41.14,29769
2026-09-21T08:37:00.000Z,2026-09-21T11:37:00,41,41.14,41,41.14,2257
2026-09-21T08:38:00.000Z,2026-09-21T11:38:00,41.02,41.02,41,41,9128
2026-09-21T08:39:00.000Z,2026-09-21T11:39:00,41,41,41,41,12730
2026-09-21T08:40:00.000Z,2026-09-21T11:40:00,41,41,40.88,40.88,29496
2026-09-21T08:41:00.000Z,2026-09-21T11:41:00,41,41,41,41,9077
2026-09-21T08:42:00.000Z,2026-09-21T11:42:00,40.8,40.8,40.11,40.11,3061
2026-09-21T08:43:00.000Z,2026-09-21T11:43:00,40.15,40.15,40.15,40.15,345
2026-09-21T08:45:00.000Z,2026-09-21T11:45:00,40.17,40.17,40.15,40.15,658
2026-09-21T08:46:00.000Z,2026-09-21T11:46:00,40.15,40.15,40,40,6711
2026-09-21T08:47:00.000Z,2026-09-21T11:47:00,40,40.49,40,40.49,58998
2026-09-21T08:48:00.000Z,2026-09-21T11:48:00,40,40.85,39.05,40,35409
2026-09-21T08:49:00.000Z,2026-09-21T11:49:00,40.5,40.5,40.5,40.5,126
2026-09-21T08:50:00.000Z,2026-09-21T11:50:00,40.01,40.5,40,40.5,3821
2026-09-21T08:51:00.000Z,2026-09-21T11:51:00,40,40,40,40,2424
2026-09-21T08:52:00.000Z,2026-09-21T11:52:00,40,40,40,40,3760
2026-09-21T08:53:00.000Z,2026-09-21T11:53:00,40.5,40.94,40.01,40.94,4326
2026-09-21T08:54:00.000Z,2026-09-21T11:54:00,40.94,41.14,40.88,41.14,10079
2026-09-21T08:55:00.000Z,2026-09-21T11:55:00,41.14,41.14,41.14,41.14,122
2026-09-21T08:56:00.000Z,2026-09-21T11:56:00,40.1,40.1,40.1,40.1,1150
2026-09-21T08:58:00.000Z,2026-09-21T11:58:00,40.13,40.13,40.11,40.11,207
2026-09-21T08:59:00.000Z,2026-09-21T11:59:00,40.9,40.9,40.06,40.06,1003
2026-09-21T09:00:00.000Z,2026-09-21T12:00:00,40.9,40.9,40.9,40.9,50
2026-09-21T09:02:00.000Z,2026-09-21T12:02:00,40.2,41.09,40.2,41.09,4361
2026-09-21T09:03:00.000Z,2026-09-21T12:03:00,41.09,41.89,41,41.5,17295
2026-09-21T09:04:00.000Z,2026-09-21T12:04:00,41.5,42,41.5,42,4929
2026-09-21T09:05:00.000Z,2026-09-21T12:05:00,42,42.6,42,42.5,3371
2026-09-21T09:06:00.000Z,2026-09-21T12:06:00,42.48,42.5,42,42.49,3435
2026-09-21T09:07:00.000Z,2026-09-21T12:07:00,42.4,42.5,42.01,42.01,3694
2026-09-21T09:08:00.000Z,2026-09-21T12:08:00,42.05,42.39,42.05,42.39,499
2026-09-21T09:09:00.000Z,2026-09-21T12:09:00,42.39,42.5,42.02,42.5,5413
2026-09-21T09:10:00.000Z,2026-09-21T12:10:00,42.5,42.5,42.5,42.5,218
2026-09-21T09:11:00.000Z,2026-09-21T12:11:00,42.05,42.5,41.14,42.5,14065
2026-09-21T09:12:00.000Z,2026-09-21T12:12:00,42.5,44,42.5,44,20369
2026-09-21T09:13:00.000Z,2026-09-21T12:13:00,44.4,44.48,43.99,44,18014
2026-09-21T09:14:00.000Z,2026-09-21T12:14:00,43.9,43.9,43,43,795
2026-09-21T09:15:00.000Z,2026-09-21T12:15:00,43,43.5,42.61,43.5,9372
2026-09-21T09:16:00.000Z,2026-09-21T12:16:00,42.65,42.65,42.65,42.65,29
2026-09-21T09:17:00.000Z,2026-09-21T12:17:00,43.01,43.01,43.01,43.01,50
2026-09-21T09:18:00.000Z,2026-09-21T12:18:00,43.02,43.8,43,43,7162
2026-09-21T09:19:00.000Z,2026-09-21T12:19:00,43.01,43.01,43,43,1542
2026-09-21T09:20:00.000Z,2026-09-21T12:20:00,43,43.02,43,43,2430
2026-09-21T09:21:00.000Z,2026-09-21T12:21:00,42.75,43,42,42,16039
2026-09-21T09:22:00.000Z,2026-09-21T12:22:00,42,42,42,42,78
2026-09-21T09:23:00.000Z,2026-09-21T12:23:00,41.51,41.51,41.2,41.2,1243
2026-09-21T09:24:00.000Z,2026-09-21T12:24:00,42,42,42,42,528
2026-09-21T09:26:00.000Z,2026-09-21T12:26:00,42.1,42.1,42.1,42.1,22
2026-09-21T09:27:00.000Z,2026-09-21T12:27:00,42.1,42.8,42,42,1369
2026-09-21T09:28:00.000Z,2026-09-21T12:28:00,42,42,41.52,41.52,1106
2026-09-21T09:29:00.000Z,2026-09-21T12:29:00,41.51,42.7,41.5,42.7,1969
2026-09-21T09:30:00.000Z,2026-09-21T12:30:00,42.6,42.69,42.6,42.69,608
2026-09-21T09:31:00.000Z,2026-09-21T12:31:00,41.6,42.5,41.31,42.18,3259
2026-09-21T09:32:00.000Z,2026-09-21T12:32:00,42,42,42,42,294
2026-09-21T09:35:00.000Z,2026-09-21T12:35:00,42,42,42,42,60
2026-09-21T09:36:00.000Z,2026-09-21T12:36:00,41.99,41.99,41.4,41.4,715
2026-09-21T09:38:00.000Z,2026-09-21T12:38:00,41.51,41.51,41.41,41.41,2000
2026-09-21T09:39:00.000Z,2026-09-21T12:39:00,41.41,41.94,41.41,41.94,1398
2026-09-21T09:40:00.000Z,2026-09-21T12:40:00,41.94,42,41.94,42,1632
2026-09-21T09:41:00.000Z,2026-09-21T12:41:00,41.99,41.99,41.99,41.99,1
2026-09-21T09:42:00.000Z,2026-09-21T12:42:00,41.98,41.98,41.98,41.98,13
2026-09-21T09:44:00.000Z,2026-09-21T12:44:00,41.55,41.55,41.55,41.55,40
2026-09-21T09:45:00.000Z,2026-09-21T12:45:00,41.6,41.6,41.6,41.6,101
2026-09-21T09:48:00.000Z,2026-09-21T12:48:00,41.61,41.61,41.5,41.5,4434
2026-09-21T09:50:00.000Z,2026-09-21T12:50:00,41.43,41.43,41.4,41.4,2478
2026-09-21T09:51:00.000Z,2026-09-21T12:51:00,41.5,41.95,41.5,41.95,187
2026-09-21T09:52:00.000Z,2026-09-21T12:52:00,41.95,41.95,41.95,41.95,18
2026-09-21T09:58:00.000Z,2026-09-21T12:58:00,41.52,41.52,41.52,41.52,76
2026-09-21T09:59:00.000Z,2026-09-21T12:59:00,41.52,41.52,41.41,41.41,2700
2026-09-21T10:00:00.000Z,2026-09-21T13:00:00,41.41,41.41,41.08,41.41,2188
2026-09-21T10:01:00.000Z,2026-09-21T13:01:00,41.41,41.41,41,41,5550
2026-09-21T10:02:00.000Z,2026-09-21T13:02:00,41.38,41.38,41.38,41.38,129
2026-09-21T10:04:00.000Z,2026-09-21T13:04:00,41.38,41.38,41.38,41.38,443
2026-09-21T10:05:00.000Z,2026-09-21T13:05:00,41.41,41.41,41.41,41.41,209
2026-09-21T10:06:00.000Z,2026-09-21T13:06:00,41.9,41.99,41.9,41.99,120
2026-09-21T10:07:00.000Z,2026-09-21T13:07:00,41.99,42.2,41.98,41.98,2641
2026-09-21T10:09:00.000Z,2026-09-21T13:09:00,41.97,41.98,41.97,41.98,1000
2026-09-21T10:11:00.000Z,2026-09-21T13:11:00,41.55,41.55,41.55,41.55,5
2026-09-21T10:12:00.000Z,2026-09-21T13:12:00,41.97,41.98,41.97,41.98,601
2026-09-21T10:15:00.000Z,2026-09-21T13:15:00,41.65,41.65,41.5,41.5,3381
2026-09-21T10:16:00.000Z,2026-09-21T13:16:00,41.5,41.5,41.5,41.5,100
2026-09-21T10:24:00.000Z,2026-09-21T13:24:00,41.51,41.51,41.01,41.01,6508
2026-09-21T10:27:00.000Z,2026-09-21T13:27:00,41.49,41.49,41.49,41.49,195
2026-09-21T10:30:00.000Z,2026-09-21T13:30:00,41.5,41.89,41.06,41.89,2999
2026-09-21T10:31:00.000Z,2026-09-21T13:31:00,41.89,41.89,41.89,41.89,5
2026-09-21T10:32:00.000Z,2026-09-21T13:32:00,41.2,41.88,41.2,41.88,593
2026-09-21T10:34:00.000Z,2026-09-21T13:34:00,41.2,41.2,41,41,4639
2026-09-21T10:35:00.000Z,2026-09-21T13:35:00,41.1,41.88,41,41.02,4882
2026-09-21T10:36:00.000Z,2026-09-21T13:36:00,41.02,41.02,40.32,41,12886
2026-09-21T10:37:00.000Z,2026-09-21T13:37:00,41.1,41.7,41.1,41.7,4
2026-09-21T10:38:00.000Z,2026-09-21T13:38:00,41.69,41.69,40.56,41.68,4907
2026-09-21T10:39:00.000Z,2026-09-21T13:39:00,41.5,41.5,41.5,41.5,290
2026-09-21T10:40:00.000Z,2026-09-21T13:40:00,41.49,41.49,41.49,41.49,228
2026-09-21T10:41:00.000Z,2026-09-21T13:41:00,41.05,41.05,41,41,3828
2026-09-21T10:42:00.000Z,2026-09-21T13:42:00,41,41,41,41,200
2026-09-21T10:45:00.000Z,2026-09-21T13:45:00,41.01,41.01,41,41,997
2026-09-21T10:46:00.000Z,2026-09-21T13:46:00,41,41,41,41,30
2026-09-21T10:47:00.000Z,2026-09-21T13:47:00,41.29,41.29,41,41.29,307
2026-09-21T10:48:00.000Z,2026-09-21T13:48:00,41,41,41,41,500
2026-09-21T10:49:00.000Z,2026-09-21T13:49:00,41.01,41.01,41.01,41.01,1000
2026-09-21T10:50:00.000Z,2026-09-21T13:50:00,41.39,41.39,41.39,41.39,12
2026-09-21T10:51:00.000Z,2026-09-21T13:51:00,41.02,41.02,41,41,4550
2026-09-21T10:53:00.000Z,2026-09-21T13:53:00,41.01,41.37,41.01,41.37,400
2026-09-21T10:54:00.000Z,2026-09-21T13:54:00,41.01,41.01,41.01,41.01,50
2026-09-21T10:56:00.000Z,2026-09-21T13:56:00,41.01,41.01,41.01,41.01,251
2026-09-21T10:57:00.000Z,2026-09-21T13:57:00,41.3,41.3,41.3,41.3,2
2026-09-21T10:58:00.000Z,2026-09-21T13:58:00,41.13,41.13,41,41,10710
2026-09-21T10:59:00.000Z,2026-09-21T13:59:00,41.01,41.01,41,41,1000
2026-09-21T11:01:00.000Z,2026-09-21T14:01:00,41.1,41.1,41,41,12220
2026-09-21T11:02:00.000Z,2026-09-21T14:02:00,41,41,41,41,1000
2026-09-21T11:03:00.000Z,2026-09-21T14:03:00,41,41,41,41,1300
2026-09-21T11:07:00.000Z,2026-09-21T14:07:00,41.1,41.1,41,41,10000
2026-09-21T11:09:00.000Z,2026-09-21T14:09:00,41.02,41.02,41.02,41.02,1000
2026-09-21T11:10:00.000Z,2026-09-21T14:10:00,41.04,41.04,41.03,41.03,308
2026-09-21T11:11:00.000Z,2026-09-21T14:11:00,41.03,41.03,41.03,41.03,30
2026-09-21T11:12:00.000Z,2026-09-21T14:12:00,41.05,41.05,41,41,6806
2026-09-21T11:13:00.000Z,2026-09-21T14:13:00,41.01,41.25,41,41,2817
2026-09-21T11:14:00.000Z,2026-09-21T14:14:00,41,41,41,41,7812
2026-09-21T11:25:00.000Z,2026-09-21T14:25:00,41,41,41,41,11383
2026-09-21T11:26:00.000Z,2026-09-21T14:26:00,41,41,41,41,1534
2026-09-22T07:00:00.000Z,2026-09-22T10:00:00,42,42,42,42,1164
2026-09-22T07:01:00.000Z,2026-09-22T10:01:00,43,43,42.5,42.5,1203
2026-09-22T07:02:00.000Z,2026-09-22T10:02:00,42.5,42.95,42,42.1,2375
2026-09-22T07:03:00.000Z,2026-09-22T10:03:00,42.15,42.8,42.1,42.1,2008
2026-09-22T07:04:00.000Z,2026-09-22T10:04:00,42.2,42.2,42.1,42.1,2672
2026-09-22T07:05:00.000Z,2026-09-22T10:05:00,42.11,42.66,42.1,42.66,2018
2026-09-22T07:06:00.000Z,2026-09-22T10:06:00,42.1,43,42.1,43,7291
2026-09-22T07:07:00.000Z,2026-09-22T10:07:00,43,43.97,43,43.97,8379
2026-09-22T07:08:00.000Z,2026-09-22T10:08:00,43.97,44.8,43.97,44.19,20540
2026-09-22T07:09:00.000Z,2026-09-22T10:09:00,44.19,44.5,44,44,9756
2026-09-22T07:10:00.000Z,2026-09-22T10:10:00,44,44.15,43.99,44.14,7447
2026-09-22T07:11:00.000Z,2026-09-22T10:11:00,44.01,44.14,43.8,43.8,14768
2026-09-22T07:12:00.000Z,2026-09-22T10:12:00,43.8,43.8,43.01,43.31,2346
2026-09-22T07:13:00.000Z,2026-09-22T10:13:00,43.31,43.65,43.01,43.5,2464
2026-09-22T07:14:00.000Z,2026-09-22T10:14:00,43.1,43.1,43.01,43.01,6625
2026-09-22T07:15:00.000Z,2026-09-22T10:15:00,43.1,43.1,42.9,42.9,3135
2026-09-22T07:16:00.000Z,2026-09-22T10:16:00,42.9,42.9,42.56,42.7,6290
2026-09-22T07:17:00.000Z,2026-09-22T10:17:00,42.7,42.7,42.67,42.68,5647
2026-09-22T07:18:00.000Z,2026-09-22T10:18:00,42.9,43.35,42.71,43,3475
2026-09-22T07:19:00.000Z,2026-09-22T10:19:00,43.3,43.8,43,43.5,6214
2026-09-22T07:20:00.000Z,2026-09-22T10:20:00,43.7,43.8,43.6,43.8,4561
2026-09-22T07:21:00.000Z,2026-09-22T10:21:00,43.8,44.8,43.8,44.8,32993
2026-09-22T07:22:00.000Z,2026-09-22T10:22:00,44.8,44.97,44.8,44.8,27657
2026-09-22T07:23:00.000Z,2026-09-22T10:23:00,44.8,44.8,44,44.2,9195
2026-09-22T07:24:00.000Z,2026-09-22T10:24:00,44.2,44.96,44.2,44.96,21152
2026-09-22T07:25:00.000Z,2026-09-22T10:25:00,44.9,45.09,44.2,45,32373
2026-09-22T07:26:00.000Z,2026-09-22T10:26:00,44.52,45,44.52,44.89,5503
2026-09-22T07:27:00.000Z,2026-09-22T10:27:00,44.8,45.3,44.33,45.1,24679
2026-09-22T07:37:00.000Z,2026-09-22T10:37:00,45,45,45,45,700
2026-09-22T07:38:00.000Z,2026-09-22T10:38:00,45.3,45.3,45,45,4917
2026-09-22T07:39:00.000Z,2026-09-22T10:39:00,45,45.25,44.21,44.95,24916
2026-09-22T07:40:00.000Z,2026-09-22T10:40:00,44.95,46,44.9,46,26442
2026-09-22T07:41:00.000Z,2026-09-22T10:41:00,46,46.48,45.5,45.5,40481
2026-09-22T07:42:00.000Z,2026-09-22T10:42:00,45.5,45.99,45.3,45.88,14560
2026-09-22T07:43:00.000Z,2026-09-22T10:43:00,45.5,45.5,45,45,13653
2026-09-22T07:44:00.000Z,2026-09-22T10:44:00,44.8,45,44.8,45,10291
2026-09-22T07:45:00.000Z,2026-09-22T10:45:00,45.3,45.45,45,45.44,1640
2026-09-22T07:46:00.000Z,2026-09-22T10:46:00,45.43,45.7,45,45.4,21000
2026-09-22T07:47:00.000Z,2026-09-22T10:47:00,45,45.37,45,45,8972
2026-09-22T07:48:00.000Z,2026-09-22T10:48:00,45.24,45.24,44.9,45,5381
2026-09-22T07:49:00.000Z,2026-09-22T10:49:00,44.99,44.99,44.5,44.5,4352
2026-09-22T07:50:00.000Z,2026-09-22T10:50:00,44.5,44.89,44.29,44.3,4318
2026-09-22T07:51:00.000Z,2026-09-22T10:51:00,44.41,44.8,44.41,44.8,1087
2026-09-22T07:52:00.000Z,2026-09-22T10:52:00,44.5,45,44.5,45,3976
2026-09-22T07:53:00.000Z,2026-09-22T10:53:00,45.25,45.5,45.25,45.5,3833
2026-09-22T07:54:00.000Z,2026-09-22T10:54:00,45.5,45.5,44.2,44.26,18780
2026-09-22T07:55:00.000Z,2026-09-22T10:55:00,44.77,44.84,44.2,44.21,3745
2026-09-22T07:56:00.000Z,2026-09-22T10:56:00,44.3,44.5,44.3,44.34,254
2026-09-22T07:57:00.000Z,2026-09-22T10:57:00,44.5,44.5,44.35,44.5,1472
2026-09-22T07:58:00.000Z,2026-09-22T10:58:00,44.5,44.8,44.5,44.5,1565
2026-09-22T07:59:00.000Z,2026-09-22T10:59:00,44.79,44.99,44.5,44.99,7139
2026-09-22T08:00:00.000Z,2026-09-22T11:00:00,44.99,44.99,44.5,44.9,67
2026-09-22T08:01:00.000Z,2026-09-22T11:01:00,44.9,45,44.9,45,14336
2026-09-22T08:02:00.000Z,2026-09-22T11:02:00,45,45.25,44.7,45,3308
2026-09-22T08:03:00.000Z,2026-09-22T11:03:00,45,45.5,45,45.5,10127
2026-09-22T08:04:00.000Z,2026-09-22T11:04:00,45.55,46.94,45.55,46.94,40870
2026-09-22T08:05:00.000Z,2026-09-22T11:05:00,46.1,46.95,45,45,32267
2026-09-22T08:06:00.000Z,2026-09-22T11:06:00,45,46,44.6,45.5,12756
2026-09-22T08:07:00.000Z,2026-09-22T11:07:00,45.51,45.51,45,45,8649
2026-09-22T08:08:00.000Z,2026-09-22T11:08:00,45,45.4,45,45.2,6556
2026-09-22T08:09:00.000Z,2026-09-22T11:09:00,45.2,45.2,45,45,17349
2026-09-22T08:10:00.000Z,2026-09-22T11:10:00,45,45.3,45,45,7066
2026-09-22T08:11:00.000Z,2026-09-22T11:11:00,44.9,44.9,44.61,44.61,3230
2026-09-22T08:12:00.000Z,2026-09-22T11:12:00,44.61,44.75,44.6,44.61,3168
2026-09-22T08:13:00.000Z,2026-09-22T11:13:00,44.61,44.73,44.6,44.73,4430
2026-09-22T08:14:00.000Z,2026-09-22T11:14:00,44.73,44.73,44.73,44.73,177
2026-09-22T08:15:00.000Z,2026-09-22T11:15:00,44.7,44.7,44.6,44.68,1218
2026-09-22T08:16:00.000Z,2026-09-22T11:16:00,44.68,44.8,44.6,44.8,3575
2026-09-22T08:17:00.000Z,2026-09-22T11:17:00,44.73,44.73,44.6,44.6,1536
2026-09-22T08:18:00.000Z,2026-09-22T11:18:00,44.6,44.6,44.25,44.5,7969
2026-09-22T08:19:00.000Z,2026-09-22T11:19:00,44.5,44.5,43.02,43.05,33438
2026-09-22T08:20:00.000Z,2026-09-22T11:20:00,43.15,44.45,43.15,44.45,7851
2026-09-22T08:21:00.000Z,2026-09-22T11:21:00,44,44.45,44,44.45,1407
2026-09-22T08:22:00.000Z,2026-09-22T11:22:00,44.45,44.45,44.45,44.45,2599
2026-09-22T08:23:00.000Z,2026-09-22T11:23:00,44.45,44.45,44,44,3075
2026-09-22T08:24:00.000Z,2026-09-22T11:24:00,44,44,43.3,43.5,5051
2026-09-22T08:25:00.000Z,2026-09-22T11:25:00,44,44.48,44,44.48,5000
2026-09-22T08:26:00.000Z,2026-09-22T11:26:00,44.45,44.45,44.4,44.4,51
2026-09-22T08:27:00.000Z,2026-09-22T11:27:00,44.3,44.3,44,44,532
2026-09-22T08:28:00.000Z,2026-09-22T11:28:00,44,44,44,44,696
2026-09-22T08:29:00.000Z,2026-09-22T11:29:00,44,44,43.8,43.8,2791
2026-09-22T08:30:00.000Z,2026-09-22T11:30:00,43.8,43.8,43.8,43.8,1713
2026-09-22T08:31:00.000Z,2026-09-22T11:31:00,43.8,43.8,43.52,43.8,2329
2026-09-22T08:32:00.000Z,2026-09-22T11:32:00,43.7,43.8,43.51,43.7,2916
2026-09-22T08:33:00.000Z,2026-09-22T11:33:00,43.6,43.7,43.6,43.7,1464
2026-09-22T08:34:00.000Z,2026-09-22T11:34:00,43.7,43.8,43.7,43.8,817
2026-09-22T08:35:00.000Z,2026-09-22T11:35:00,43.7,43.98,43.6,43.98,1069
2026-09-22T08:36:00.000Z,2026-09-22T11:36:00,43.9,43.9,43.9,43.9,447
2026-09-22T08:37:00.000Z,2026-09-22T11:37:00,43.71,43.9,43.71,43.9,450
2026-09-22T08:38:00.000Z,2026-09-22T11:38:00,43.71,43.9,43.71,43.9,158
2026-09-22T08:39:00.000Z,2026-09-22T11:39:00,43.9,44.27,43.72,43.72,763
2026-09-22T08:41:00.000Z,2026-09-22T11:41:00,43.73,43.73,43.71,43.71,1424
2026-09-22T08:42:00.000Z,2026-09-22T11:42:00,43.72,43.72,43.46,43.46,2815
2026-09-22T08:43:00.000Z,2026-09-22T11:43:00,43.96,43.96,43.5,43.5,122
2026-09-22T08:44:00.000Z,2026-09-22T11:44:00,43.51,43.51,43.51,43.51,423
2026-09-22T08:45:00.000Z,2026-09-22T11:45:00,43.51,43.51,43.51,43.51,443
2026-09-22T08:47:00.000Z,2026-09-22T11:47:00,43.91,43.91,43.9,43.9,140
2026-09-22T08:48:00.000Z,2026-09-22T11:48:00,43.9,43.9,43.9,43.9,26
2026-09-22T08:49:00.000Z,2026-09-22T11:49:00,43.7,43.7,43.51,43.51,1013
2026-09-22T08:50:00.000Z,2026-09-22T11:50:00,43.51,43.52,43.51,43.51,365
2026-09-22T08:52:00.000Z,2026-09-22T11:52:00,43.52,43.52,43.16,43.16,1675
2026-09-22T08:53:00.000Z,2026-09-22T11:53:00,43.16,43.49,43,43.49,5408
2026-09-22T08:54:00.000Z,2026-09-22T11:54:00,43.02,43.2,43.02,43.03,2120
2026-09-22T08:55:00.000Z,2026-09-22T11:55:00,43.49,43.49,43.45,43.49,2260
2026-09-22T08:56:00.000Z,2026-09-22T11:56:00,43.49,43.49,43.49,43.49,2865
2026-09-22T08:57:00.000Z,2026-09-22T11:57:00,43.3,43.49,43.3,43.49,316
2026-09-22T08:58:00.000Z,2026-09-22T11:58:00,43.49,43.49,43.3,43.3,102
2026-09-22T08:59:00.000Z,2026-09-22T11:59:00,43.3,43.3,43.04,43.04,593
2026-09-22T09:00:00.000Z,2026-09-22T12:00:00,43.04,43.49,43.04,43.04,112
2026-09-22T09:01:00.000Z,2026-09-22T12:01:00,43.49,43.49,43.49,43.49,646
2026-09-22T09:02:00.000Z,2026-09-22T12:02:00,43.49,43.49,43.49,43.49,23
2026-09-22T09:04:00.000Z,2026-09-22T12:04:00,43.49,43.49,43.49,43.49,4
2026-09-22T09:05:00.000Z,2026-09-22T12:05:00,43.49,43.49,43.2,43.25,714
2026-09-22T09:06:00.000Z,2026-09-22T12:06:00,43.49,43.49,43.45,43.45,219
2026-09-22T09:07:00.000Z,2026-09-22T12:07:00,43.26,43.4,43.03,43.03,4528
2026-09-22T09:09:00.000Z,2026-09-22T12:09:00,43.39,43.39,43.39,43.39,2
2026-09-22T09:10:00.000Z,2026-09-22T12:10:00,43.06,43.25,43.06,43.07,557
2026-09-22T09:11:00.000Z,2026-09-22T12:11:00,43.1,43.1,43.1,43.1,529
2026-09-22T09:12:00.000Z,2026-09-22T12:12:00,43.24,43.39,43.24,43.39,265
2026-09-22T09:13:00.000Z,2026-09-22T12:13:00,43.39,43.39,43.39,43.39,2
2026-09-22T09:14:00.000Z,2026-09-22T12:14:00,43.39,43.39,43.2,43.2,102
2026-09-22T09:15:00.000Z,2026-09-22T12:15:00,43.2,43.2,43.2,43.2,100
2026-09-22T09:16:00.000Z,2026-09-22T12:16:00,43.2,43.2,43.14,43.14,977
2026-09-22T09:18:00.000Z,2026-09-22T12:18:00,43.39,43.39,43.38,43.39,326
2026-09-22T09:19:00.000Z,2026-09-22T12:19:00,43.39,43.48,43.39,43.48,251
2026-09-22T09:20:00.000Z,2026-09-22T12:20:00,43.39,43.39,43.39,43.39,256
2026-09-22T09:21:00.000Z,2026-09-22T12:21:00,43.21,43.47,43.2,43.47,3784
2026-09-22T09:22:00.000Z,2026-09-22T12:22:00,43.47,43.47,43.2,43.21,1702
2026-09-22T09:23:00.000Z,2026-09-22T12:23:00,43.45,43.79,43.45,43.79,2145
2026-09-22T09:24:00.000Z,2026-09-22T12:24:00,43.79,43.79,43.79,43.79,33
2026-09-22T09:25:00.000Z,2026-09-22T12:25:00,43.7,43.79,43.7,43.7,2167
2026-09-22T09:26:00.000Z,2026-09-22T12:26:00,43.7,44.23,43.7,44.23,3218
2026-09-22T09:27:00.000Z,2026-09-22T12:27:00,44.23,44.44,43.3,44.44,3297
2026-09-22T09:28:00.000Z,2026-09-22T12:28:00,44.44,46.4,44.44,46,50433
2026-09-22T09:29:00.000Z,2026-09-22T12:29:00,46,46.38,45,45,13489
2026-09-22T09:30:00.000Z,2026-09-22T12:30:00,45,45,44.5,45,4996
2026-09-22T09:31:00.000Z,2026-09-22T12:31:00,45,46,45,46,18525
2026-09-22T09:32:00.000Z,2026-09-22T12:32:00,45.1,45.8,45,45.01,13326
2026-09-22T09:33:00.000Z,2026-09-22T12:33:00,45.01,45.79,45,45,6475
2026-09-22T09:34:00.000Z,2026-09-22T12:34:00,45,45.4,45,45.4,1542
2026-09-22T09:35:00.000Z,2026-09-22T12:35:00,45,45.01,44.99,44.99,1483
2026-09-22T09:36:00.000Z,2026-09-22T12:36:00,44.99,44.99,44.99,44.99,101
2026-09-22T09:37:00.000Z,2026-09-22T12:37:00,44.99,45,44.99,45,864
2026-09-22T09:38:00.000Z,2026-09-22T12:38:00,45.01,45.4,45.01,45.39,7934
2026-09-22T09:39:00.000Z,2026-09-22T12:39:00,45.39,46,45.39,46,36212
2026-09-22T09:40:00.000Z,2026-09-22T12:40:00,46,47.4,46,47,59902
2026-09-22T09:41:00.000Z,2026-09-22T12:41:00,47.35,47.5,46.52,46.52,37951
2026-09-22T09:42:00.000Z,2026-09-22T12:42:00,46.9,46.9,46.1,46.51,12264
2026-09-22T09:43:00.000Z,2026-09-22T12:43:00,46.53,48.74,46.53,48,60867
2026-09-22T09:44:00.000Z,2026-09-22T12:44:00,48,48,46.61,46.61,16112
2026-09-22T09:45:00.000Z,2026-09-22T12:45:00,47,47.9,47,47.4,15800
2026-09-22T09:46:00.000Z,2026-09-22T12:46:00,47.68,47.75,47,47.5,13027
2026-09-22T09:47:00.000Z,2026-09-22T12:47:00,47,48,47,47.99,21137
2026-09-22T09:48:00.000Z,2026-09-22T12:48:00,47.8,48.1,47.5,48.1,12261
2026-09-22T09:49:00.000Z,2026-09-22T12:49:00,48.1,48.1,47.63,47.98,5393
2026-09-22T09:50:00.000Z,2026-09-22T12:50:00,47.7,47.99,47.65,47.65,7394
2026-09-22T09:51:00.000Z,2026-09-22T12:51:00,47.65,48.2,47.5,48.2,19000
2026-09-22T09:52:00.000Z,2026-09-22T12:52:00,48.4,49.2,48.2,49.2,117471
2026-09-22T09:53:00.000Z,2026-09-22T12:53:00,49.2,49.2,48.51,48.6,69035
2026-09-22T09:54:00.000Z,2026-09-22T12:54:00,48.6,49,48.6,49,12262
2026-09-22T09:55:00.000Z,2026-09-22T12:55:00,48.9,49,48.5,48.5,14388
2026-09-22T09:56:00.000Z,2026-09-22T12:56:00,48.5,48.95,48.3,48.94,11628
2026-09-22T09:57:00.000Z,2026-09-22T12:57:00,48.94,48.94,48.31,48.5,28095
2026-09-22T09:58:00.000Z,2026-09-22T12:58:00,48.31,48.5,48.15,48.48,11129
2026-09-22T09:59:00.000Z,2026-09-22T12:59:00,48.4,48.8,48.3,48.8,20025
2026-09-22T10:00:00.000Z,2026-09-22T13:00:00,48.8,48.8,48,48,24460
2026-09-22T10:01:00.000Z,2026-09-22T13:01:00,48.3,48.3,47.7,47.7,2368
2026-09-22T10:02:00.000Z,2026-09-22T13:02:00,48,48.28,47.66,48,3963
2026-09-22T10:03:00.000Z,2026-09-22T13:03:00,48,48.7,47.81,48.7,6574
2026-09-22T10:04:00.000Z,2026-09-22T13:04:00,48.7,48.7,48.01,48.01,2561
2026-09-22T10:05:00.000Z,2026-09-22T13:05:00,48.01,48.66,48.01,48.66,7336
2026-09-22T10:06:00.000Z,2026-09-22T13:06:00,48.5,48.5,48.5,48.5,1710
2026-09-22T10:07:00.000Z,2026-09-22T13:07:00,48.11,48.5,48.11,48.49,581
2026-09-22T10:08:00.000Z,2026-09-22T13:08:00,48.14,48.5,47.66,47.66,23794
2026-09-22T10:09:00.000Z,2026-09-22T13:09:00,48,48.1,48,48,3306
2026-09-22T10:10:00.000Z,2026-09-22T13:10:00,48,48.49,48,48,1148
2026-09-22T10:11:00.000Z,2026-09-22T13:11:00,48.44,48.47,48.44,48.45,1076
2026-09-22T10:12:00.000Z,2026-09-22T13:12:00,48.45,48.5,48.08,48.08,11151
2026-09-22T10:14:00.000Z,2026-09-22T13:14:00,48.11,48.5,48.11,48.5,5043
2026-09-22T10:15:00.000Z,2026-09-22T13:15:00,48.5,48.98,48.5,48.5,7597
2026-09-22T10:16:00.000Z,2026-09-22T13:16:00,48.5,48.9,48.5,48.9,465
2026-09-22T10:17:00.000Z,2026-09-22T13:17:00,48.9,48.9,48.85,48.85,338
2026-09-22T10:18:00.000Z,2026-09-22T13:18:00,48.85,49.18,48.51,49,69347
2026-09-22T10:19:00.000Z,2026-09-22T13:19:00,49,49.1,48.55,49,8496
2026-09-22T10:20:00.000Z,2026-09-22T13:20:00,48.99,49,48.52,48.52,4714
2026-09-22T10:21:00.000Z,2026-09-22T13:21:00,48.53,48.98,48.53,48.53,1398
2026-09-22T10:22:00.000Z,2026-09-22T13:22:00,48.65,48.65,48.65,48.65,150
2026-09-22T10:23:00.000Z,2026-09-22T13:23:00,48.65,48.98,48.65,48.65,256
2026-09-22T10:24:00.000Z,2026-09-22T13:24:00,48.9,48.97,48.9,48.97,162
2026-09-22T10:25:00.000Z,2026-09-22T13:25:00,48.66,48.9,48.21,48.9,10154
2026-09-22T10:26:00.000Z,2026-09-22T13:26:00,48.79,48.79,48.21,48.6,67
2026-09-22T10:27:00.000Z,2026-09-22T13:27:00,48.22,48.59,48,48.2,22147
2026-09-22T10:28:00.000Z,2026-09-22T13:28:00,48.49,48.49,48.2,48.2,1002
2026-09-22T10:29:00.000Z,2026-09-22T13:29:00,48.48,48.57,48.15,48.15,467
2026-09-22T10:30:00.000Z,2026-09-22T13:30:00,48.23,48.23,48,48,6937
2026-09-22T10:31:00.000Z,2026-09-22T13:31:00,47.79,47.8,47.71,47.71,4930
2026-09-22T10:32:00.000Z,2026-09-22T13:32:00,47.71,47.99,47.11,47.8,24949
2026-09-22T10:33:00.000Z,2026-09-22T13:33:00,47.95,47.95,47.7,47.9,2714
2026-09-22T10:34:00.000Z,2026-09-22T13:34:00,47.8,47.9,47.8,47.9,2193
2026-09-22T10:35:00.000Z,2026-09-22T13:35:00,47.89,47.89,47.8,47.89,760
2026-09-22T10:36:00.000Z,2026-09-22T13:36:00,47.89,47.89,47.89,47.89,104
2026-09-22T10:37:00.000Z,2026-09-22T13:37:00,47.89,47.89,47.87,47.87,411
2026-09-22T10:38:00.000Z,2026-09-22T13:38:00,47.87,47.87,47.85,47.85,21
2026-09-22T10:39:00.000Z,2026-09-22T13:39:00,47.85,47.85,47.85,47.85,187
2026-09-22T10:40:00.000Z,2026-09-22T13:40:00,47.87,48,47.8,48,2247
2026-09-22T10:41:00.000Z,2026-09-22T13:41:00,48.2,48.2,48,48,1271
2026-09-22T10:42:00.000Z,2026-09-22T13:42:00,48,48.46,48,48.44,1045
2026-09-22T10:43:00.000Z,2026-09-22T13:43:00,48.4,48.8,48.4,48.78,9424
2026-09-22T10:44:00.000Z,2026-09-22T13:44:00,48.77,48.9,48.5,48.9,10814
2026-09-22T10:45:00.000Z,2026-09-22T13:45:00,48.9,48.99,48.9,48.9,17488
2026-09-22T10:46:00.000Z,2026-09-22T13:46:00,48.86,48.86,48.5,48.86,2547
2026-09-22T10:47:00.000Z,2026-09-22T13:47:00,48.89,48.89,48.3,48.5,1993
2026-09-22T10:48:00.000Z,2026-09-22T13:48:00,48.5,48.78,48.3,48.3,4055
2026-09-22T10:49:00.000Z,2026-09-22T13:49:00,48.3,48.7,48.3,48.7,555
2026-09-22T10:50:00.000Z,2026-09-22T13:50:00,48.7,48.7,48.31,48.69,901
2026-09-22T10:51:00.000Z,2026-09-22T13:51:00,48.33,48.6,48.31,48.31,5322
2026-09-22T10:52:00.000Z,2026-09-22T13:52:00,48.4,48.4,48.4,48.4,255
2026-09-22T10:53:00.000Z,2026-09-22T13:53:00,48.59,48.7,48.33,48.7,8751
2026-09-22T10:54:00.000Z,2026-09-22T13:54:00,48.68,48.68,48.33,48.33,5850
2026-09-22T10:55:00.000Z,2026-09-22T13:55:00,48.33,48.75,48.2,48.4,10644
2026-09-22T10:56:00.000Z,2026-09-22T13:56:00,48.4,48.6,48.4,48.6,1035
2026-09-22T10:57:00.000Z,2026-09-22T13:57:00,48.3,48.58,48.3,48.58,220
2026-09-22T10:58:00.000Z,2026-09-22T13:58:00,48.3,48.55,48.2,48.55,6373
2026-09-22T10:59:00.000Z,2026-09-22T13:59:00,48.35,48.35,48.35,48.35,142
2026-09-22T11:00:00.000Z,2026-09-22T14:00:00,48.53,48.53,48.09,48.09,12107
2026-09-22T11:01:00.000Z,2026-09-22T14:01:00,48.09,48.45,48.04,48.45,4572
2026-09-22T11:02:00.000Z,2026-09-22T14:02:00,48.45,48.45,48.1,48.1,604
2026-09-22T11:03:00.000Z,2026-09-22T14:03:00,48.2,48.2,48.2,48.2,2023
2026-09-22T11:04:00.000Z,2026-09-22T14:04:00,48.2,48.2,48.1,48.2,6016
2026-09-22T11:05:00.000Z,2026-09-22T14:05:00,48.1,48.2,48,48.2,3507
2026-09-22T11:06:00.000Z,2026-09-22T14:06:00,48,48,48,48,970
2026-09-22T11:07:00.000Z,2026-09-22T14:07:00,48,48,48,48,538
2026-09-22T11:08:00.000Z,2026-09-22T14:08:00,48,48,47.99,48,5920
2026-09-22T11:09:00.000Z,2026-09-22T14:09:00,48,48.1,48,48.01,491
2026-09-22T11:10:00.000Z,2026-09-22T14:10:00,48.1,48.1,48.1,48.1,774
2026-09-22T11:11:00.000Z,2026-09-22T14:11:00,48.1,48.15,48.01,48.15,4578
2026-09-22T11:12:00.000Z,2026-09-22T14:12:00,48.3,48.65,48.3,48.65,25400
2026-09-22T11:13:00.000Z,2026-09-22T14:13:00,48.65,48.69,48.6,48.69,4658
2026-09-22T11:14:00.000Z,2026-09-22T14:14:00,48.69,48.69,48.01,48.01,34635
2026-09-22T11:15:00.000Z,2026-09-22T14:15:00,48.2,48.2,48.2,48.2,142
2026-09-22T11:25:00.000Z,2026-09-22T14:25:00,48.01,48.01,48.01,48.01,18718
2026-09-22T11:26:00.000Z,2026-09-22T14:26:00,48.01,48.01,48.01,48.01,740
2026-09-22T11:27:00.000Z,2026-09-22T14:27:00,48.01,48.01,48.01,48.01,28700
2026-09-22T11:28:00.000Z,2026-09-22T14:28:00,48.01,48.01,48.01,48.01,4400
2026-09-22T11:29:00.000Z,2026-09-22T14:29:00,48.01,48.01,48.01,48.01,100
2026-09-23T07:00:00.000Z,2026-09-23T10:00:00,46.99,47.4,46.25,47.4,49878
2026-09-23T07:01:00.000Z,2026-09-23T10:01:00,47.4,47.95,47.01,47.01,12934
2026-09-23T07:02:00.000Z,2026-09-23T10:02:00,47.01,47.01,46.61,46.97,5921
2026-09-23T07:03:00.000Z,2026-09-23T10:03:00,46.97,46.97,46.62,46.97,6686
2026-09-23T07:04:00.000Z,2026-09-23T10:04:00,46.7,47.3,46.65,47,4512
2026-09-23T07:05:00.000Z,2026-09-23T10:05:00,47.3,47.8,47.3,47.6,9259
2026-09-23T07:06:00.000Z,2026-09-23T10:06:00,47.6,47.6,47.51,47.51,749
2026-09-23T07:07:00.000Z,2026-09-23T10:07:00,47.51,47.6,47.51,47.6,5185
2026-09-23T07:08:00.000Z,2026-09-23T10:08:00,47.6,47.6,47.5,47.6,2418
2026-09-23T07:09:00.000Z,2026-09-23T10:09:00,47.5,47.5,47.05,47.05,7360
2026-09-23T07:10:00.000Z,2026-09-23T10:10:00,47.5,47.89,47.5,47.89,15768
2026-09-23T07:11:00.000Z,2026-09-23T10:11:00,47.89,48.5,47.89,48.5,21969
2026-09-23T07:12:00.000Z,2026-09-23T10:12:00,48.87,50.8,48.86,50.77,39888
2026-09-23T07:13:00.000Z,2026-09-23T10:13:00,50.77,50.77,49,49,51125
2026-09-23T07:14:00.000Z,2026-09-23T10:14:00,49.01,49.9,48.8,49.89,28361
2026-09-23T07:15:00.000Z,2026-09-23T10:15:00,49.89,51,49.02,50.8,81032
2026-09-23T07:16:00.000Z,2026-09-23T10:16:00,50.8,52.3,50.8,52,67607
2026-09-23T07:17:00.000Z,2026-09-23T10:17:00,52,52,51.3,51.5,31078
2026-09-23T07:18:00.000Z,2026-09-23T10:18:00,51.5,51.5,50.5,51.47,22537
2026-09-23T07:19:00.000Z,2026-09-23T10:19:00,51.2,51.2,50.99,51.2,15508
2026-09-23T07:20:00.000Z,2026-09-23T10:20:00,51.2,51.95,51.2,51.9,19927
2026-09-23T07:21:00.000Z,2026-09-23T10:21:00,51.8,51.95,51.5,51.6,20183
2026-09-23T07:22:00.000Z,2026-09-23T10:22:00,51.6,51.6,50.8,51,22951
2026-09-23T07:23:00.000Z,2026-09-23T10:23:00,50.81,51.45,50.55,50.66,12918
2026-09-23T07:24:00.000Z,2026-09-23T10:24:00,50.62,50.63,50,50,40011
2026-09-23T07:25:00.000Z,2026-09-23T10:25:00,50,50.5,49.21,50.48,17162
2026-09-23T07:26:00.000Z,2026-09-23T10:26:00,50,50.45,50,50,15855
2026-09-23T07:27:00.000Z,2026-09-23T10:27:00,50,51,50,51,21021
2026-09-23T07:28:00.000Z,2026-09-23T10:28:00,51,51,50.5,51,12764
2026-09-23T07:29:00.000Z,2026-09-23T10:29:00,51,51.2,50.5,50.5,17986
2026-09-23T07:30:00.000Z,2026-09-23T10:30:00,51,51,50.12,50.99,23069
2026-09-23T07:31:00.000Z,2026-09-23T10:31:00,50.98,50.99,50.5,50.99,2051
2026-09-23T07:32:00.000Z,2026-09-23T10:32:00,50.89,50.99,50.77,50.95,2018
2026-09-23T07:33:00.000Z,2026-09-23T10:33:00,50.95,51.49,50.8,51.49,17491
2026-09-23T07:34:00.000Z,2026-09-23T10:34:00,51,52.5,51,52.49,67267
2026-09-23T07:35:00.000Z,2026-09-23T10:35:00,52.49,52.7,52,52.38,63104
2026-09-23T07:36:00.000Z,2026-09-23T10:36:00,52.1,52.1,51.5,51.5,31518
2026-09-23T07:37:00.000Z,2026-09-23T10:37:00,51.9,51.9,51.01,51.1,15005
2026-09-23T07:38:00.000Z,2026-09-23T10:38:00,51.4,51.6,51.1,51.5,11779
2026-09-23T07:39:00.000Z,2026-09-23T10:39:00,51.5,51.95,51.5,51.9,3516
2026-09-23T07:40:00.000Z,2026-09-23T10:40:00,51.9,51.9,51.85,51.85,1873
2026-09-23T07:41:00.000Z,2026-09-23T10:41:00,51.75,51.8,51.15,51.49,17443
2026-09-23T07:42:00.000Z,2026-09-23T10:42:00,51.4,51.4,51,51,11668
2026-09-23T07:43:00.000Z,2026-09-23T10:43:00,51,51,50.54,50.95,4671
2026-09-23T07:44:00.000Z,2026-09-23T10:44:00,50.95,50.95,50.66,50.7,7633
2026-09-23T07:45:00.000Z,2026-09-23T10:45:00,50.7,50.92,50.67,50.92,3412
2026-09-23T07:46:00.000Z,2026-09-23T10:46:00,50.91,51.43,50.91,51.3,6027
2026-09-23T07:47:00.000Z,2026-09-23T10:47:00,51.43,51.5,51.02,51.3,6942
2026-09-23T07:48:00.000Z,2026-09-23T10:48:00,51.3,51.3,51.01,51.01,6674
2026-09-23T07:49:00.000Z,2026-09-23T10:49:00,51.01,51.2,51,51,14346
2026-09-23T07:50:00.000Z,2026-09-23T10:50:00,50.99,50.99,50.7,50.9,1774
2026-09-23T07:51:00.000Z,2026-09-23T10:51:00,50.7,50.79,50.56,50.56,2441
2026-09-23T07:52:00.000Z,2026-09-23T10:52:00,50.55,50.55,50.5,50.5,6341
2026-09-23T07:53:00.000Z,2026-09-23T10:53:00,50.4,51.5,50.13,51.5,17818
2026-09-23T07:54:00.000Z,2026-09-23T10:54:00,51.89,52,51.3,51.3,11427
2026-09-23T07:55:00.000Z,2026-09-23T10:55:00,51.3,51.3,51,51.06,2906
2026-09-23T07:56:00.000Z,2026-09-23T10:56:00,51.49,52,51.11,52,25943
2026-09-23T07:57:00.000Z,2026-09-23T10:57:00,52.1,52.1,51.52,52,4942
2026-09-23T07:58:00.000Z,2026-09-23T10:58:00,52,52,51.65,51.98,1962
2026-09-23T07:59:00.000Z,2026-09-23T10:59:00,51.68,52.3,51.51,51.51,24718
2026-09-23T08:00:00.000Z,2026-09-23T11:00:00,51.6,51.7,51.51,51.7,2753
2026-09-23T08:01:00.000Z,2026-09-23T11:01:00,51.7,52.2,51.7,52.2,5401
2026-09-23T08:02:00.000Z,2026-09-23T11:02:00,52.2,52.78,52.2,52.78,38109
2026-09-23T08:03:00.000Z,2026-09-23T11:03:00,52.78,52.79,52.7,52.79,29154
2026-09-23T08:04:00.000Z,2026-09-23T11:04:00,52.79,52.85,52.7,52.85,36043
2026-09-23T08:14:00.000Z,2026-09-23T11:14:00,52.81,53,52.8,52.8,11833
2026-09-23T08:15:00.000Z,2026-09-23T11:15:00,52.77,53.6,52.5,52.9,74819
2026-09-23T08:16:00.000Z,2026-09-23T11:16:00,52.88,53.4,52.87,53.29,30857
2026-09-23T08:17:00.000Z,2026-09-23T11:17:00,53.29,53.3,53,53.1,30171
2026-09-23T08:18:00.000Z,2026-09-23T11:18:00,53,54.7,53,54.7,46268
2026-09-23T08:19:00.000Z,2026-09-23T11:19:00,54.7,54.7,54.01,54.3,34108
2026-09-23T08:20:00.000Z,2026-09-23T11:20:00,54.3,54.4,54.11,54.11,8120
2026-09-23T08:21:00.000Z,2026-09-23T11:21:00,54.11,54.11,53.5,53.98,48123
2026-09-23T08:22:00.000Z,2026-09-23T11:22:00,53.9,53.99,53.4,53.5,13254
2026-09-23T08:23:00.000Z,2026-09-23T11:23:00,53.5,53.98,53.4,53.7,10586
2026-09-23T08:24:00.000Z,2026-09-23T11:24:00,53.7,53.98,53.5,53.5,6201
2026-09-23T08:25:00.000Z,2026-09-23T11:25:00,53.5,54,53,53.6,38189
2026-09-23T08:26:00.000Z,2026-09-23T11:26:00,53.45,54,53.06,54,8839
2026-09-23T08:27:00.000Z,2026-09-23T11:27:00,54,54.5,53.99,54.5,26308
2026-09-23T08:28:00.000Z,2026-09-23T11:28:00,54.5,54.5,54.05,54.1,12552
2026-09-23T08:29:00.000Z,2026-09-23T11:29:00,54.1,54.2,53.98,53.98,13016
2026-09-23T08:30:00.000Z,2026-09-23T11:30:00,53.98,54.4,53.98,54.4,4086
2026-09-23T08:31:00.000Z,2026-09-23T11:31:00,54.4,54.4,54.21,54.4,9302
2026-09-23T08:32:00.000Z,2026-09-23T11:32:00,54.3,54.43,54.21,54.43,12480
2026-09-23T08:33:00.000Z,2026-09-23T11:33:00,54.4,54.5,54.4,54.5,10975
2026-09-23T08:34:00.000Z,2026-09-23T11:34:00,54.6,55.6,54.6,55.01,46529
2026-09-23T08:35:00.000Z,2026-09-23T11:35:00,55.01,55.5,55,55.4,50315
2026-09-23T08:36:00.000Z,2026-09-23T11:36:00,55.49,55.9,55.49,55.49,14789
2026-09-23T08:37:00.000Z,2026-09-23T11:37:00,55.87,55.9,55.49,55.8,15154
2026-09-23T08:38:00.000Z,2026-09-23T11:38:00,55.8,55.8,55,55,25214
2026-09-23T08:39:00.000Z,2026-09-23T11:39:00,55.5,55.8,55.02,55.02,3988
2026-09-23T08:40:00.000Z,2026-09-23T11:40:00,55.1,55.99,55,55.99,42277
2026-09-23T08:41:00.000Z,2026-09-23T11:41:00,55.99,56.7,55.9,56.5,31504
2026-09-23T08:42:00.000Z,2026-09-23T11:42:00,56.4,56.4,56,56,21942
2026-09-23T08:43:00.000Z,2026-09-23T11:43:00,56,56.3,55.92,56.1,12091
2026-09-23T08:44:00.000Z,2026-09-23T11:44:00,56.29,56.5,56,56,22086
2026-09-23T08:45:00.000Z,2026-09-23T11:45:00,55.95,56.2,55.95,55.95,6498
2026-09-23T08:46:00.000Z,2026-09-23T11:46:00,55.95,55.95,55.11,55.4,27647
2026-09-23T08:47:00.000Z,2026-09-23T11:47:00,55.4,55.5,55.03,55.5,8365
2026-09-23T08:48:00.000Z,2026-09-23T11:48:00,55.5,55.5,55.03,55.14,1429
2026-09-23T08:49:00.000Z,2026-09-23T11:49:00,55.2,55.9,55.2,55.6,6312
2026-09-23T08:50:00.000Z,2026-09-23T11:50:00,55.6,55.9,55.52,55.9,958
2026-09-23T08:51:00.000Z,2026-09-23T11:51:00,55.88,56,55.57,55.8,6293
2026-09-23T08:52:00.000Z,2026-09-23T11:52:00,55.8,55.8,55.52,55.52,4146
2026-09-23T08:53:00.000Z,2026-09-23T11:53:00,55.6,55.99,55.5,55.9,13582
2026-09-23T08:54:00.000Z,2026-09-23T11:54:00,55.9,55.9,55.5,55.5,5930
2026-09-23T08:55:00.000Z,2026-09-23T11:55:00,55.8,55.8,55.5,55.8,4909
2026-09-23T08:56:00.000Z,2026-09-23T11:56:00,55.51,55.79,55.5,55.79,2474
2026-09-23T08:57:00.000Z,2026-09-23T11:57:00,55.79,55.79,55.5,55.5,3256
2026-09-23T08:58:00.000Z,2026-09-23T11:58:00,55.5,55.68,55.15,55.49,17993
2026-09-23T08:59:00.000Z,2026-09-23T11:59:00,55.2,55.45,55.15,55.2,4890
2026-09-23T09:00:00.000Z,2026-09-23T12:00:00,55.2,55.2,55.15,55.15,10430
2026-09-23T09:01:00.000Z,2026-09-23T12:01:00,55.19,55.2,54.03,54.31,30345
2026-09-23T09:02:00.000Z,2026-09-23T12:02:00,54.89,54.89,54.35,54.78,2481
2026-09-23T09:03:00.000Z,2026-09-23T12:03:00,54.65,54.65,54.5,54.5,3895
2026-09-23T09:04:00.000Z,2026-09-23T12:04:00,54.69,54.69,54.32,54.32,2814
2026-09-23T09:05:00.000Z,2026-09-23T12:05:00,54.32,54.32,54,54,15386
2026-09-23T09:06:00.000Z,2026-09-23T12:06:00,54,54,53.55,54,6118
2026-09-23T09:07:00.000Z,2026-09-23T12:07:00,54,54.7,53.63,54.5,19499
2026-09-23T09:08:00.000Z,2026-09-23T12:08:00,54.5,54.5,54.05,54.05,5727
2026-09-23T09:09:00.000Z,2026-09-23T12:09:00,54.25,54.25,54.09,54.24,6779
2026-09-23T09:10:00.000Z,2026-09-23T12:10:00,54.2,54.49,54.2,54.47,1170
2026-09-23T09:11:00.000Z,2026-09-23T12:11:00,54.25,54.5,54.2,54.5,4865
2026-09-23T09:12:00.000Z,2026-09-23T12:12:00,54.5,55.19,54.12,55.19,3486
2026-09-23T09:13:00.000Z,2026-09-23T12:13:00,55.19,55.65,55,55.65,5768
2026-09-23T09:14:00.000Z,2026-09-23T12:14:00,55.64,55.64,55.49,55.6,5572
2026-09-23T09:15:00.000Z,2026-09-23T12:15:00,55.59,55.59,55.49,55.49,652
2026-09-23T09:16:00.000Z,2026-09-23T12:16:00,55.49,55.49,55.11,55.11,2605
2026-09-23T09:17:00.000Z,2026-09-23T12:17:00,55.11,55.2,55,55,9444
2026-09-23T09:18:00.000Z,2026-09-23T12:18:00,55,55,54.99,54.99,664
2026-09-23T09:19:00.000Z,2026-09-23T12:19:00,54.99,54.99,54.5,54.5,633
2026-09-23T09:20:00.000Z,2026-09-23T12:20:00,54.97,54.99,54.97,54.99,714
2026-09-23T09:21:00.000Z,2026-09-23T12:21:00,54.9,54.99,54.9,54.9,787
2026-09-23T09:22:00.000Z,2026-09-23T12:22:00,54.99,54.99,54.9,54.9,45
2026-09-23T09:23:00.000Z,2026-09-23T12:23:00,54.99,54.99,54.9,54.9,66
2026-09-23T09:24:00.000Z,2026-09-23T12:24:00,54.98,54.98,54.9,54.9,4641
2026-09-23T09:25:00.000Z,2026-09-23T12:25:00,54.9,54.95,54.9,54.9,3215
2026-09-23T09:26:00.000Z,2026-09-23T12:26:00,54.9,54.95,54.9,54.95,652
2026-09-23T09:27:00.000Z,2026-09-23T12:27:00,54.95,54.99,54.9,54.99,3565
2026-09-23T09:28:00.000Z,2026-09-23T12:28:00,54.99,55.45,54.99,55.45,3740
2026-09-23T09:29:00.000Z,2026-09-23T12:29:00,55.45,55.45,55.44,55.44,2726
2026-09-23T09:30:00.000Z,2026-09-23T12:30:00,55.1,55.44,55,55.42,8904
2026-09-23T09:31:00.000Z,2026-09-23T12:31:00,55.4,55.4,55.4,55.4,841
2026-09-23T09:32:00.000Z,2026-09-23T12:32:00,55.35,55.35,55,55,1255
2026-09-23T09:33:00.000Z,2026-09-23T12:33:00,55,55,54.9,54.9,3001
2026-09-23T09:34:00.000Z,2026-09-23T12:34:00,54.88,54.9,54.17,54.17,18511
2026-09-23T09:35:00.000Z,2026-09-23T12:35:00,54.8,54.8,54.11,54.3,2131
2026-09-23T09:36:00.000Z,2026-09-23T12:36:00,54.3,54.8,54.02,54.6,6085
2026-09-23T09:37:00.000Z,2026-09-23T12:37:00,54.6,54.6,54.25,54.59,51
2026-09-23T09:38:00.000Z,2026-09-23T12:38:00,54.59,54.59,54.5,54.59,3426
2026-09-23T09:39:00.000Z,2026-09-23T12:39:00,54.59,54.59,54.55,54.57,256
2026-09-23T09:40:00.000Z,2026-09-23T12:40:00,54.4,54.57,54.03,54.57,6776
2026-09-23T09:41:00.000Z,2026-09-23T12:41:00,54.06,54.57,54.06,54.5,363
2026-09-23T09:42:00.000Z,2026-09-23T12:42:00,54.5,54.5,54.07,54.49,3810
2026-09-23T09:43:00.000Z,2026-09-23T12:43:00,54.5,54.9,54.5,54.9,2029
2026-09-23T09:44:00.000Z,2026-09-23T12:44:00,54.54,54.87,54.54,54.87,108
2026-09-23T09:45:00.000Z,2026-09-23T12:45:00,54.84,54.84,54.8,54.8,810
2026-09-23T09:46:00.000Z,2026-09-23T12:46:00,54.8,54.8,54.79,54.8,3842
2026-09-23T09:47:00.000Z,2026-09-23T12:47:00,54.8,54.83,54.56,54.83,90
2026-09-23T09:48:00.000Z,2026-09-23T12:48:00,54.56,55.3,54.56,55.3,12267
2026-09-23T09:49:00.000Z,2026-09-23T12:49:00,55.3,55.38,55.02,55.37,2219
2026-09-23T09:50:00.000Z,2026-09-23T12:50:00,55.35,55.37,55.06,55.37,1724
2026-09-23T09:51:00.000Z,2026-09-23T12:51:00,55.37,55.37,55.05,55.35,4550
2026-09-23T09:52:00.000Z,2026-09-23T12:52:00,55.25,55.25,55.1,55.1,710
2026-09-23T09:53:00.000Z,2026-09-23T12:53:00,55.1,55.25,55.07,55.1,4054
2026-09-23T09:54:00.000Z,2026-09-23T12:54:00,55.1,55.25,55,55.24,7262
2026-09-23T09:55:00.000Z,2026-09-23T12:55:00,55.09,55.23,54.61,54.61,655
2026-09-23T09:56:00.000Z,2026-09-23T12:56:00,55,55.2,54.5,55.2,4124
2026-09-23T09:58:00.000Z,2026-09-23T12:58:00,55,55,54.5,54.5,1120
2026-09-23T09:59:00.000Z,2026-09-23T12:59:00,54.99,54.99,54.51,54.51,166
2026-09-23T10:00:00.000Z,2026-09-23T13:00:00,54.55,54.8,54.55,54.8,7
2026-09-23T10:01:00.000Z,2026-09-23T13:01:00,54.56,54.56,54.52,54.53,3551
2026-09-23T10:02:00.000Z,2026-09-23T13:02:00,54.53,54.53,54.52,54.53,2131
2026-09-23T10:03:00.000Z,2026-09-23T13:03:00,54.54,54.78,54.54,54.78,3890
2026-09-23T10:04:00.000Z,2026-09-23T13:04:00,54.7,54.7,54.7,54.7,184
2026-09-23T10:05:00.000Z,2026-09-23T13:05:00,54.7,54.77,54.7,54.7,492
2026-09-23T10:06:00.000Z,2026-09-23T13:06:00,54.7,54.7,54.55,54.56,562
2026-09-23T10:07:00.000Z,2026-09-23T13:07:00,54.57,54.74,54.55,54.55,834
2026-09-23T10:08:00.000Z,2026-09-23T13:08:00,54.54,54.74,54.5,54.53,12489
2026-09-23T10:09:00.000Z,2026-09-23T13:09:00,54.5,54.5,54.5,54.5,4374
2026-09-23T10:10:00.000Z,2026-09-23T13:10:00,54.5,54.5,54.3,54.5,440
2026-09-23T10:11:00.000Z,2026-09-23T13:11:00,54.48,54.48,54.3,54.3,364
2026-09-23T10:12:00.000Z,2026-09-23T13:12:00,54.46,54.46,54.44,54.44,5
2026-09-23T10:13:00.000Z,2026-09-23T13:13:00,54.3,54.4,54.04,54.29,3416
2026-09-23T10:14:00.000Z,2026-09-23T13:14:00,54.08,54.08,54.02,54.02,6524
2026-09-23T10:15:00.000Z,2026-09-23T13:15:00,54.02,54.29,54,54,12281
2026-09-23T10:16:00.000Z,2026-09-23T13:16:00,54,54,53.6,54,7573
2026-09-23T10:17:00.000Z,2026-09-23T13:17:00,53.6,53.6,53.55,53.55,4502
2026-09-23T10:18:00.000Z,2026-09-23T13:18:00,53.56,53.56,53.05,53.05,9442
2026-09-23T10:19:00.000Z,2026-09-23T13:19:00,53.2,53.2,52.42,52.74,13008
2026-09-23T10:20:00.000Z,2026-09-23T13:20:00,52.74,53,52.5,53,16877
2026-09-23T10:21:00.000Z,2026-09-23T13:21:00,53,53.5,53,53.5,9291
2026-09-23T10:22:00.000Z,2026-09-23T13:22:00,53.75,53.9,53.01,53.5,14463
2026-09-23T10:23:00.000Z,2026-09-23T13:23:00,53.5,53.8,53.5,53.8,1655
2026-09-23T10:24:00.000Z,2026-09-23T13:24:00,53.98,54.74,53.75,54.22,20537
2026-09-23T10:25:00.000Z,2026-09-23T13:25:00,54.49,54.5,53.01,53.01,11038
2026-09-23T10:26:00.000Z,2026-09-23T13:26:00,53.95,53.95,53.21,53.21,119
2026-09-23T10:28:00.000Z,2026-09-23T13:28:00,53.32,53.75,53.32,53.5,1759
2026-09-23T10:29:00.000Z,2026-09-23T13:29:00,53.5,53.5,53.25,53.5,7737
2026-09-23T10:30:00.000Z,2026-09-23T13:30:00,53.25,53.46,53.25,53.46,1615
2026-09-23T10:31:00.000Z,2026-09-23T13:31:00,53.46,53.5,53.44,53.44,950
2026-09-23T10:32:00.000Z,2026-09-23T13:32:00,53.44,53.5,53.44,53.5,263
2026-09-23T10:33:00.000Z,2026-09-23T13:33:00,53.44,53.5,53.27,53.44,2279
2026-09-23T10:34:00.000Z,2026-09-23T13:34:00,53.29,53.5,53.25,53.5,11853
2026-09-23T10:35:00.000Z,2026-09-23T13:35:00,53.49,53.49,53,53,4597
2026-09-23T10:36:00.000Z,2026-09-23T13:36:00,53.02,53.02,52.27,52.8,5070
2026-09-23T10:37:00.000Z,2026-09-23T13:37:00,52.8,52.98,52.05,52.11,12286
2026-09-23T10:38:00.000Z,2026-09-23T13:38:00,52.13,52.2,52.12,52.2,3055
2026-09-23T10:39:00.000Z,2026-09-23T13:39:00,52.85,52.85,52.68,52.68,807
2026-09-23T10:40:00.000Z,2026-09-23T13:40:00,52.5,52.5,52.23,52.5,629
2026-09-23T10:41:00.000Z,2026-09-23T13:41:00,52.5,52.59,52.5,52.59,244
2026-09-23T10:42:00.000Z,2026-09-23T13:42:00,52.5,52.55,52.3,52.3,713
2026-09-23T10:43:00.000Z,2026-09-23T13:43:00,52.49,52.55,52.3,52.49,1336
2026-09-23T10:44:00.000Z,2026-09-23T13:44:00,52.49,52.49,52.15,52.15,4898
2026-09-23T10:45:00.000Z,2026-09-23T13:45:00,52.31,52.31,52.12,52.15,1151
2026-09-23T10:46:00.000Z,2026-09-23T13:46:00,52.12,52.15,51.7,52.12,14235
2026-09-23T10:47:00.000Z,2026-09-23T13:47:00,52.12,52.12,51.75,51.75,4059
2026-09-23T10:48:00.000Z,2026-09-23T13:48:00,52,52,51.9,51.9,501
2026-09-23T10:49:00.000Z,2026-09-23T13:49:00,52,52,51.8,51.88,2843
2026-09-23T10:50:00.000Z,2026-09-23T13:50:00,51.8,51.88,51.54,51.79,2187
2026-09-23T10:51:00.000Z,2026-09-23T13:51:00,51.7,51.7,51.51,51.51,3267
2026-09-23T10:52:00.000Z,2026-09-23T13:52:00,51.5,51.5,51.11,51.11,1877
2026-09-23T10:53:00.000Z,2026-09-23T13:53:00,51.1,51.11,50.6,51,14941
2026-09-23T10:54:00.000Z,2026-09-23T13:54:00,50.99,50.99,50.99,50.99,176
2026-09-23T10:55:00.000Z,2026-09-23T13:55:00,50.75,50.98,50.5,50.7,14493
2026-09-23T10:56:00.000Z,2026-09-23T13:56:00,50.7,51,50.67,51,2811
2026-09-23T10:57:00.000Z,2026-09-23T13:57:00,51,51.7,51,51.59,9677
2026-09-23T10:58:00.000Z,2026-09-23T13:58:00,51.5,51.5,51.45,51.5,1277
2026-09-23T10:59:00.000Z,2026-09-23T13:59:00,51.4,51.45,51.4,51.44,1089
2026-09-23T11:00:00.000Z,2026-09-23T14:00:00,51.2,51.44,51.2,51.3,2772
2026-09-23T11:01:00.000Z,2026-09-23T14:01:00,51.3,51.3,50.9,50.9,5679
2026-09-23T11:02:00.000Z,2026-09-23T14:02:00,50.99,51,50.51,50.9,1436
2026-09-23T11:03:00.000Z,2026-09-23T14:03:00,50.8,50.8,50.7,50.8,213
2026-09-23T11:04:00.000Z,2026-09-23T14:04:00,50.8,50.89,50.8,50.89,1555
2026-09-23T11:05:00.000Z,2026-09-23T14:05:00,50.89,50.99,50.89,50.99,4297
2026-09-23T11:06:00.000Z,2026-09-23T14:06:00,50.99,51.3,50.92,51.3,9638
2026-09-23T11:07:00.000Z,2026-09-23T14:07:00,51.3,51.49,51.3,51.4,1553
2026-09-23T11:08:00.000Z,2026-09-23T14:08:00,51.4,51.4,51.4,51.4,1498
2026-09-23T11:09:00.000Z,2026-09-23T14:09:00,51.1,51.4,51.1,51.1,913
2026-09-23T11:10:00.000Z,2026-09-23T14:10:00,51.09,51.35,50.9,51,1417
2026-09-23T11:11:00.000Z,2026-09-23T14:11:00,51,51,50.55,50.55,5387
2026-09-23T11:12:00.000Z,2026-09-23T14:12:00,50.7,50.98,50.51,50.98,6902
2026-09-23T11:13:00.000Z,2026-09-23T14:13:00,50.97,50.97,50.97,50.97,198
2026-09-23T11:14:00.000Z,2026-09-23T14:14:00,50.65,50.85,50.5,50.82,9619
2026-09-23T11:15:00.000Z,2026-09-23T14:15:00,50.6,50.6,50.5,50.5,14824
2026-09-23T11:25:00.000Z,2026-09-23T14:25:00,50.5,50.5,50.5,50.5,12130
2026-09-23T11:26:00.000Z,2026-09-23T14:26:00,50.5,50.5,50.5,50.5,218
2026-09-23T11:27:00.000Z,2026-09-23T14:27:00,50.5,50.5,50.5,50.5,100
2026-09-23T11:28:00.000Z,2026-09-23T14:28:00,50.5,50.5,50.5,50.5,680
2026-09-23T11:29:00.000Z,2026-09-23T14:29:00,50.5,50.5,50.5,50.5,130
2026-09-24T07:00:00.000Z,2026-09-24T10:00:00,53.6,53.6,52,53,22590
2026-09-24T07:01:00.000Z,2026-09-24T10:01:00,53,54,53,53.8,36532
2026-09-24T07:02:00.000Z,2026-09-24T10:02:00,53.8,53.96,53,53,17843
2026-09-24T07:03:00.000Z,2026-09-24T10:03:00,53,53,52,52,10492
2026-09-24T07:04:00.000Z,2026-09-24T10:04:00,52,52,51.5,51.5,7051
2026-09-24T07:05:00.000Z,2026-09-24T10:05:00,51.9,52.99,51,52.96,33341
2026-09-24T07:06:00.000Z,2026-09-24T10:06:00,52.96,52.96,52.1,52.6,1442
2026-09-24T07:07:00.000Z,2026-09-24T10:07:00,52.3,52.59,52,52,8983
2026-09-24T07:08:00.000Z,2026-09-24T10:08:00,51.9,52,51.84,51.84,2727
2026-09-24T07:09:00.000Z,2026-09-24T10:09:00,51.84,51.84,51.6,51.6,3348
2026-09-24T07:10:00.000Z,2026-09-24T10:10:00,51.5,51.6,51.1,51.4,2994
2026-09-24T07:11:00.000Z,2026-09-24T10:11:00,51.12,51.4,51.1,51.14,1904
2026-09-24T07:12:00.000Z,2026-09-24T10:12:00,51.14,51.4,51.1,51.1,5050
2026-09-24T07:13:00.000Z,2026-09-24T10:13:00,51.15,51.5,50.5,51.3,20796
2026-09-24T07:14:00.000Z,2026-09-24T10:14:00,51.3,51.5,51.01,51.01,4868
2026-09-24T07:15:00.000Z,2026-09-24T10:15:00,51.3,51.5,51.3,51.3,1263
2026-09-24T07:16:00.000Z,2026-09-24T10:16:00,51.3,51.6,51.3,51.6,1711
2026-09-24T07:17:00.000Z,2026-09-24T10:17:00,51.6,52,51.3,51.98,1928
2026-09-24T07:18:00.000Z,2026-09-24T10:18:00,51.98,52.98,51.98,52.49,15356
2026-09-24T07:19:00.000Z,2026-09-24T10:19:00,52.97,54.88,52.9,54.88,31420
2026-09-24T07:20:00.000Z,2026-09-24T10:20:00,54.88,55.85,54,55.85,52586
2026-09-24T07:30:00.000Z,2026-09-24T10:30:00,55,55.88,54.02,55,20824
2026-09-24T07:31:00.000Z,2026-09-24T10:31:00,55,55,53.9,53.9,22268
2026-09-24T07:32:00.000Z,2026-09-24T10:32:00,54,55.5,54,55.5,34626
2026-09-24T07:33:00.000Z,2026-09-24T10:33:00,55.48,55.5,54.5,54.5,31430
2026-09-24T07:34:00.000Z,2026-09-24T10:34:00,54.5,54.97,54.2,54.8,30671
2026-09-24T07:35:00.000Z,2026-09-24T10:35:00,54.8,54.8,54.25,54.25,14602
2026-09-24T07:36:00.000Z,2026-09-24T10:36:00,54.25,54.5,54.25,54.49,8077
2026-09-24T07:37:00.000Z,2026-09-24T10:37:00,54.25,54.25,53,53.5,38143
2026-09-24T07:38:00.000Z,2026-09-24T10:38:00,53.01,53.5,53.01,53.48,5970
2026-09-24T07:39:00.000Z,2026-09-24T10:39:00,53.48,53.48,53.1,53.48,13941
2026-09-24T07:40:00.000Z,2026-09-24T10:40:00,53.48,54,53.48,53.99,8551
2026-09-24T07:41:00.000Z,2026-09-24T10:41:00,53.69,53.95,53.51,53.9,5162
2026-09-24T07:42:00.000Z,2026-09-24T10:42:00,53.7,53.8,53.25,53.25,3178
2026-09-24T07:43:00.000Z,2026-09-24T10:43:00,53.2,53.5,53.1,53.5,6155
2026-09-24T07:44:00.000Z,2026-09-24T10:44:00,53.3,53.7,53.2,53.7,7896
2026-09-24T07:45:00.000Z,2026-09-24T10:45:00,53.68,53.7,53.49,53.6,4336
2026-09-24T07:46:00.000Z,2026-09-24T10:46:00,53.3,54,53.3,54,16824
2026-09-24T07:47:00.000Z,2026-09-24T10:47:00,54.25,55,54,54.5,27668
2026-09-24T07:48:00.000Z,2026-09-24T10:48:00,54.5,54.5,54.01,54.39,8959
2026-09-24T07:49:00.000Z,2026-09-24T10:49:00,54.01,54.19,53.61,53.61,17982
2026-09-24T07:50:00.000Z,2026-09-24T10:50:00,53.9,54,53.61,54,6891
2026-09-24T07:51:00.000Z,2026-09-24T10:51:00,54,54.39,54,54,1686
2026-09-24T07:52:00.000Z,2026-09-24T10:52:00,54,54,54,54,2387
2026-09-24T07:53:00.000Z,2026-09-24T10:53:00,53.65,54,53.63,53.66,1571
2026-09-24T07:54:00.000Z,2026-09-24T10:54:00,53.95,53.95,53.71,53.71,1230
2026-09-24T07:55:00.000Z,2026-09-24T10:55:00,53.71,53.99,53.66,53.66,9778
2026-09-24T07:56:00.000Z,2026-09-24T10:56:00,53.66,53.99,53.66,53.99,1039
2026-09-24T07:57:00.000Z,2026-09-24T10:57:00,53.99,53.99,53.8,53.8,210
2026-09-24T07:58:00.000Z,2026-09-24T10:58:00,53.8,53.8,53.66,53.8,1062
2026-09-24T07:59:00.000Z,2026-09-24T10:59:00,53.8,54,53.8,54,3001
2026-09-24T08:00:00.000Z,2026-09-24T11:00:00,54,54.48,53.8,54.05,13513
2026-09-24T08:01:00.000Z,2026-09-24T11:01:00,54.34,54.81,54.15,54.15,12353
2026-09-24T08:02:00.000Z,2026-09-24T11:02:00,54.79,54.79,54.15,54.25,3975
2026-09-24T08:03:00.000Z,2026-09-24T11:03:00,54.5,54.5,53.85,54.4,4802
2026-09-24T08:04:00.000Z,2026-09-24T11:04:00,54.39,54.39,54.3,54.3,35
2026-09-24T08:05:00.000Z,2026-09-24T11:05:00,54,54.29,54,54,300
2026-09-24T08:06:00.000Z,2026-09-24T11:06:00,54,54,53.9,53.9,3234
2026-09-24T08:07:00.000Z,2026-09-24T11:07:00,53.86,53.9,53.85,53.9,2085
2026-09-24T08:08:00.000Z,2026-09-24T11:08:00,53.85,53.9,53.71,53.71,2112
2026-09-24T08:09:00.000Z,2026-09-24T11:09:00,53.85,53.85,53.71,53.85,1439
2026-09-24T08:10:00.000Z,2026-09-24T11:10:00,53.85,54,53.71,54,1852
2026-09-24T08:11:00.000Z,2026-09-24T11:11:00,54,54,53.99,53.99,88
2026-09-24T08:12:00.000Z,2026-09-24T11:12:00,53.99,53.99,53.98,53.98,2575
2026-09-24T08:13:00.000Z,2026-09-24T11:13:00,53.98,53.98,53.7,53.8,1662
2026-09-24T08:14:00.000Z,2026-09-24T11:14:00,53.7,53.8,53.7,53.8,150
2026-09-24T08:15:00.000Z,2026-09-24T11:15:00,53.8,53.8,53.5,53.5,4728
2026-09-24T08:16:00.000Z,2026-09-24T11:16:00,53.6,53.8,53.6,53.7,544
2026-09-24T08:17:00.000Z,2026-09-24T11:17:00,53.7,54.3,53.7,54.3,2929
2026-09-24T08:18:00.000Z,2026-09-24T11:18:00,54.2,54.49,54.2,54.48,3145
2026-09-24T08:19:00.000Z,2026-09-24T11:19:00,54.48,54.48,54.31,54.31,5779
2026-09-24T08:20:00.000Z,2026-09-24T11:20:00,54.31,54.31,54,54,14547
2026-09-24T08:21:00.000Z,2026-09-24T11:21:00,54,54,53.71,54,773
2026-09-24T08:22:00.000Z,2026-09-24T11:22:00,54.19,54.19,54,54,2519
2026-09-24T08:23:00.000Z,2026-09-24T11:23:00,53.76,53.76,53.6,53.7,5908
2026-09-24T08:24:00.000Z,2026-09-24T11:24:00,53.7,53.7,53.26,53.5,6545
2026-09-24T08:25:00.000Z,2026-09-24T11:25:00,53.5,53.5,53.26,53.5,2752
2026-09-24T08:26:00.000Z,2026-09-24T11:26:00,53.5,53.71,53.5,53.71,392
2026-09-24T08:27:00.000Z,2026-09-24T11:27:00,53.71,53.99,53.71,53.99,214
2026-09-24T08:29:00.000Z,2026-09-24T11:29:00,53.51,53.89,53.51,53.89,1072
2026-09-24T08:30:00.000Z,2026-09-24T11:30:00,53.89,53.98,53.34,53.34,3273
2026-09-24T08:31:00.000Z,2026-09-24T11:31:00,53.34,53.89,53.32,53.88,638
2026-09-24T08:32:00.000Z,2026-09-24T11:32:00,53.4,53.8,53.25,53.25,2447
2026-09-24T08:33:00.000Z,2026-09-24T11:33:00,53.6,53.6,53.25,53.5,1082
2026-09-24T08:34:00.000Z,2026-09-24T11:34:00,53.5,53.6,53.5,53.5,421
2026-09-24T08:35:00.000Z,2026-09-24T11:35:00,53.6,53.6,53.5,53.5,536
2026-09-24T08:37:00.000Z,2026-09-24T11:37:00,53.3,53.3,53.3,53.3,55
2026-09-24T08:38:00.000Z,2026-09-24T11:38:00,53.46,53.5,53.46,53.5,359
2026-09-24T08:39:00.000Z,2026-09-24T11:39:00,53.5,53.88,53.5,53.88,6907
2026-09-24T08:40:00.000Z,2026-09-24T11:40:00,53.46,53.88,53.26,53.26,2299
2026-09-24T08:41:00.000Z,2026-09-24T11:41:00,53.7,53.8,53.26,53.79,255
2026-09-24T08:42:00.000Z,2026-09-24T11:42:00,53.79,53.79,53.79,53.79,138
2026-09-24T08:43:00.000Z,2026-09-24T11:43:00,53.31,53.31,53.3,53.3,138
2026-09-24T08:44:00.000Z,2026-09-24T11:44:00,53.77,53.77,53.77,53.77,588
2026-09-24T08:45:00.000Z,2026-09-24T11:45:00,53.33,53.76,53.27,53.76,2003
2026-09-24T08:47:00.000Z,2026-09-24T11:47:00,53.7,53.7,53.26,53.26,2009
2026-09-24T08:48:00.000Z,2026-09-24T11:48:00,53.26,53.69,53.26,53.69,1235
2026-09-24T08:49:00.000Z,2026-09-24T11:49:00,53.6,53.6,53.27,53.27,42
2026-09-24T08:50:00.000Z,2026-09-24T11:50:00,53.58,53.58,53.27,53.27,1654
2026-09-24T08:51:00.000Z,2026-09-24T11:51:00,53.27,53.27,53.01,53.01,4453
2026-09-24T08:52:00.000Z,2026-09-24T11:52:00,53.01,53.24,52.4,53,5543
2026-09-24T08:53:00.000Z,2026-09-24T11:53:00,53,53,52.6,53,945
2026-09-24T08:54:00.000Z,2026-09-24T11:54:00,53,53.39,52.65,52.65,5339
2026-09-24T08:55:00.000Z,2026-09-24T11:55:00,53,53,53,53,2176
2026-09-24T08:56:00.000Z,2026-09-24T11:56:00,53,53,52.72,53,2857
2026-09-24T08:57:00.000Z,2026-09-24T11:57:00,52.72,53,52.72,52.99,86
2026-09-24T08:58:00.000Z,2026-09-24T11:58:00,52.72,52.99,52.72,52.72,766
2026-09-24T08:59:00.000Z,2026-09-24T11:59:00,52.88,52.88,52.72,52.8,2077
2026-09-24T09:00:00.000Z,2026-09-24T12:00:00,52.8,52.8,52.8,52.8,95
2026-09-24T09:01:00.000Z,2026-09-24T12:01:00,52.73,52.73,52.71,52.71,1643
2026-09-24T09:02:00.000Z,2026-09-24T12:02:00,52.7,52.71,52.45,52.71,5404
2026-09-24T09:03:00.000Z,2026-09-24T12:03:00,52.6,52.6,52.4,52.6,9854
2026-09-24T09:04:00.000Z,2026-09-24T12:04:00,52.5,52.5,52.5,52.5,3000
2026-09-24T09:05:00.000Z,2026-09-24T12:05:00,52.5,52.5,52.4,52.4,3302
2026-09-24T09:06:00.000Z,2026-09-24T12:06:00,52.41,52.41,52,52,11770
2026-09-24T09:07:00.000Z,2026-09-24T12:07:00,52,52.85,52,52.85,8342
2026-09-24T09:08:00.000Z,2026-09-24T12:08:00,52.85,53.69,52.5,53.69,13458
2026-09-24T09:09:00.000Z,2026-09-24T12:09:00,53.69,53.69,53,53.45,11578
2026-09-24T09:10:00.000Z,2026-09-24T12:10:00,53.41,53.41,52.7,53.39,938
2026-09-24T09:11:00.000Z,2026-09-24T12:11:00,53.3,53.7,53,53.7,8175
2026-09-24T09:12:00.000Z,2026-09-24T12:12:00,53.7,54,53.45,54,20532
2026-09-24T09:13:00.000Z,2026-09-24T12:13:00,54,54.5,54,54.01,23441
2026-09-24T09:14:00.000Z,2026-09-24T12:14:00,54.5,54.97,54.45,54.97,11916
2026-09-24T09:15:00.000Z,2026-09-24T12:15:00,54.79,55.62,54.7,55.5,76189
2026-09-24T09:16:00.000Z,2026-09-24T12:16:00,55.51,56.5,55.5,55.99,77276
2026-09-24T09:17:00.000Z,2026-09-24T12:17:00,55.7,55.97,55,55.39,34372
2026-09-24T09:18:00.000Z,2026-09-24T12:18:00,55.05,55.3,54.22,54.5,20835
2026-09-24T09:19:00.000Z,2026-09-24T12:19:00,54.39,55.3,54.39,55.3,13912
2026-09-24T09:20:00.000Z,2026-09-24T12:20:00,55.3,55.3,55,55,10100
2026-09-24T09:21:00.000Z,2026-09-24T12:21:00,54.98,55.4,54.97,55.4,11811
2026-09-24T09:22:00.000Z,2026-09-24T12:22:00,55.4,55.5,55,55,5716
2026-09-24T09:23:00.000Z,2026-09-24T12:23:00,55,55,54.61,55,4134
2026-09-24T09:24:00.000Z,2026-09-24T12:24:00,55,55,54.6,54.6,3776
2026-09-24T09:25:00.000Z,2026-09-24T12:25:00,54.6,54.6,54.2,54.25,8581
2026-09-24T09:26:00.000Z,2026-09-24T12:26:00,54.5,55,54.5,54.61,8578
2026-09-24T09:27:00.000Z,2026-09-24T12:27:00,54.61,56,54.61,56,39176
2026-09-24T09:28:00.000Z,2026-09-24T12:28:00,55.51,56.29,55,55.8,37965
2026-09-24T09:29:00.000Z,2026-09-24T12:29:00,55.8,56.45,55.15,56.4,30481
2026-09-24T09:30:00.000Z,2026-09-24T12:30:00,56.4,57.8,56,57.5,90527
2026-09-24T09:31:00.000Z,2026-09-24T12:31:00,57.5,57.5,56,56,46966
2026-09-24T09:32:00.000Z,2026-09-24T12:32:00,56.19,56.99,55.2,56.7,52074
2026-09-24T09:33:00.000Z,2026-09-24T12:33:00,56.7,56.7,55.5,55.5,30347
2026-09-24T09:34:00.000Z,2026-09-24T12:34:00,55.51,56.8,55.51,56.8,26436
2026-09-24T09:35:00.000Z,2026-09-24T12:35:00,56.8,56.8,56.13,56.5,31710
2026-09-24T09:36:00.000Z,2026-09-24T12:36:00,56.5,56.5,55.5,55.52,71621
2026-09-24T09:37:00.000Z,2026-09-24T12:37:00,55.98,56,55.5,55.98,20918
2026-09-24T09:38:00.000Z,2026-09-24T12:38:00,55.5,55.98,55.15,55.7,8457
2026-09-24T09:39:00.000Z,2026-09-24T12:39:00,55.7,55.89,55.22,55.88,3350
2026-09-24T09:40:00.000Z,2026-09-24T12:40:00,55.8,55.84,55.33,55.33,28070
2026-09-24T09:41:00.000Z,2026-09-24T12:41:00,55.33,55.33,54.3,54.3,28037
2026-09-24T09:42:00.000Z,2026-09-24T12:42:00,54.6,55,54.5,55,14020
2026-09-24T09:43:00.000Z,2026-09-24T12:43:00,55.48,55.5,55,55.5,5538
2026-09-24T09:44:00.000Z,2026-09-24T12:44:00,55.18,55.49,54.62,55,14749
2026-09-24T09:45:00.000Z,2026-09-24T12:45:00,55,55.3,54.65,54.65,5720
2026-09-24T09:46:00.000Z,2026-09-24T12:46:00,55.3,55.4,54.72,55.4,2636
2026-09-24T09:47:00.000Z,2026-09-24T12:47:00,55.35,55.35,54.81,55,728
2026-09-24T09:48:00.000Z,2026-09-24T12:48:00,55,55.19,54.7,54.99,8282
2026-09-24T09:49:00.000Z,2026-09-24T12:49:00,54.7,54.7,54.29,54.3,5188
2026-09-24T09:50:00.000Z,2026-09-24T12:50:00,54.35,54.9,54.35,54.89,1435
2026-09-24T09:51:00.000Z,2026-09-24T12:51:00,54.87,54.87,54.45,54.5,451
2026-09-24T09:52:00.000Z,2026-09-24T12:52:00,54.5,54.79,54.5,54.76,2077
2026-09-24T09:53:00.000Z,2026-09-24T12:53:00,54.52,54.73,54.52,54.73,407
2026-09-24T09:54:00.000Z,2026-09-24T12:54:00,54.53,54.74,54.51,54.52,5356
2026-09-24T09:55:00.000Z,2026-09-24T12:55:00,54.69,55.25,54.53,54.53,7861
2026-09-24T09:56:00.000Z,2026-09-24T12:56:00,54.6,55,54.53,55,1412
2026-09-24T09:57:00.000Z,2026-09-24T12:57:00,55,55.5,55,55.5,11300
2026-09-24T09:58:00.000Z,2026-09-24T12:58:00,55.6,55.89,55.6,55.75,7467
2026-09-24T09:59:00.000Z,2026-09-24T12:59:00,55.75,55.75,55.01,55.12,4011
2026-09-24T10:00:00.000Z,2026-09-24T13:00:00,55.16,55.55,55.16,55.2,991
2026-09-24T10:01:00.000Z,2026-09-24T13:01:00,55.39,55.49,55.2,55.2,3106
2026-09-24T10:02:00.000Z,2026-09-24T13:02:00,55.26,55.26,54.5,54.5,22189
2026-09-24T10:03:00.000Z,2026-09-24T13:03:00,54.51,54.51,54.3,54.3,6718
2026-09-24T10:04:00.000Z,2026-09-24T13:04:00,54.3,54.4,54.02,54.09,9413
2026-09-24T10:05:00.000Z,2026-09-24T13:05:00,54.29,54.3,54.02,54.3,9635
2026-09-24T10:06:00.000Z,2026-09-24T13:06:00,54.3,54.47,54.3,54.47,788
2026-09-24T10:07:00.000Z,2026-09-24T13:07:00,54.72,54.72,54.47,54.71,242
2026-09-24T10:08:00.000Z,2026-09-24T13:08:00,54.51,55,54.51,54.55,6820
2026-09-24T10:09:00.000Z,2026-09-24T13:09:00,54.89,55,54.56,54.6,7166
2026-09-24T10:10:00.000Z,2026-09-24T13:10:00,54.77,54.8,54.77,54.78,2020
2026-09-24T10:11:00.000Z,2026-09-24T13:11:00,54.94,54.97,54.94,54.97,1224
2026-09-24T10:12:00.000Z,2026-09-24T13:12:00,54.95,54.95,54.5,54.94,6868
2026-09-24T10:13:00.000Z,2026-09-24T13:13:00,54.5,54.7,54.3,54.7,2748
2026-09-24T10:14:00.000Z,2026-09-24T13:14:00,54.6,54.68,54.6,54.68,781
2026-09-24T10:15:00.000Z,2026-09-24T13:15:00,54.3,54.3,53.2,53.21,18810
2026-09-24T10:16:00.000Z,2026-09-24T13:16:00,53.23,53.99,53.23,53.23,10283
2026-09-24T10:17:00.000Z,2026-09-24T13:17:00,53.7,53.7,53.23,53.5,1414
2026-09-24T10:18:00.000Z,2026-09-24T13:18:00,53.3,53.5,53.11,53.5,4135
2026-09-24T10:19:00.000Z,2026-09-24T13:19:00,53.45,53.5,52.11,52.11,31485
2026-09-24T10:20:00.000Z,2026-09-24T13:20:00,52.27,53,52,52.1,21029
2026-09-24T10:21:00.000Z,2026-09-24T13:21:00,52.21,52.77,52.12,52.75,911
2026-09-24T10:22:00.000Z,2026-09-24T13:22:00,52.69,52.84,52.2,52.84,3222
2026-09-24T10:23:00.000Z,2026-09-24T13:23:00,52.84,53.4,52.67,53.4,13829
2026-09-24T10:24:00.000Z,2026-09-24T13:24:00,53.4,54,53.4,53.99,17258
2026-09-24T10:25:00.000Z,2026-09-24T13:25:00,53.95,53.95,53.49,53.5,6854
2026-09-24T10:26:00.000Z,2026-09-24T13:26:00,53.18,53.8,53.18,53.8,5471
2026-09-24T10:27:00.000Z,2026-09-24T13:27:00,53.75,54.59,53.61,54.5,27188
2026-09-24T10:28:00.000Z,2026-09-24T13:28:00,54.44,54.6,53.7,54,14714
2026-09-24T10:29:00.000Z,2026-09-24T13:29:00,53.8,54,53.8,53.8,3162
2026-09-24T10:30:00.000Z,2026-09-24T13:30:00,53.8,53.99,53.6,53.9,2015
2026-09-24T10:31:00.000Z,2026-09-24T13:31:00,53.8,53.8,53.24,53.24,2761
2026-09-24T10:32:00.000Z,2026-09-24T13:32:00,53.79,53.79,53.21,53.23,5586
2026-09-24T10:33:00.000Z,2026-09-24T13:33:00,53.23,53.23,53.21,53.23,945
2026-09-24T10:34:00.000Z,2026-09-24T13:34:00,53.3,53.5,53.3,53.5,2304
2026-09-24T10:35:00.000Z,2026-09-24T13:35:00,53.49,53.5,53.47,53.5,3608
2026-09-24T10:36:00.000Z,2026-09-24T13:36:00,53.5,53.79,53.5,53.79,6312
2026-09-24T10:37:00.000Z,2026-09-24T13:37:00,53.79,53.8,53.78,53.8,3281
2026-09-24T10:38:00.000Z,2026-09-24T13:38:00,53.95,54.9,53.95,54.9,10591
2026-09-24T10:39:00.000Z,2026-09-24T13:39:00,54.9,54.9,54.25,54.79,9162
2026-09-24T10:40:00.000Z,2026-09-24T13:40:00,54.79,55.5,54.7,55,30580
2026-09-24T10:41:00.000Z,2026-09-24T13:41:00,55,55,54.26,54.26,9216
2026-09-24T10:42:00.000Z,2026-09-24T13:42:00,54.25,54.5,53.5,54,16464
2026-09-24T10:43:00.000Z,2026-09-24T13:43:00,54,54,53.5,53.99,6196
2026-09-24T10:44:00.000Z,2026-09-24T13:44:00,53.98,53.98,53.98,53.98,100
2026-09-24T10:45:00.000Z,2026-09-24T13:45:00,53.9,53.9,53.4,53.4,2171
2026-09-24T10:46:00.000Z,2026-09-24T13:46:00,53.4,53.85,53.4,53.42,550
2026-09-24T10:47:00.000Z,2026-09-24T13:47:00,53.5,53.5,53.4,53.42,3509
2026-09-24T10:48:00.000Z,2026-09-24T13:48:00,53.5,53.75,52.35,52.35,16591
2026-09-24T10:49:00.000Z,2026-09-24T13:49:00,52.5,52.51,52.31,52.5,10518
2026-09-24T10:50:00.000Z,2026-09-24T13:50:00,52.5,52.94,52.5,52.65,6290
2026-09-24T10:51:00.000Z,2026-09-24T13:51:00,52.6,53.35,52.6,53.34,1397
2026-09-24T10:52:00.000Z,2026-09-24T13:52:00,53,53,52.65,52.7,7491
2026-09-24T10:53:00.000Z,2026-09-24T13:53:00,52.7,52.7,52.22,52.6,19782
2026-09-24T10:54:00.000Z,2026-09-24T13:54:00,52.6,52.85,52.05,52.06,41089
2026-09-24T10:55:00.000Z,2026-09-24T13:55:00,52.55,52.78,52,52.01,32675
2026-09-24T10:56:00.000Z,2026-09-24T13:56:00,52.01,52.5,51.9,51.9,5715
2026-09-24T10:57:00.000Z,2026-09-24T13:57:00,51.8,51.9,51.3,51.3,23844
2026-09-24T10:58:00.000Z,2026-09-24T13:58:00,51.5,51.6,51.5,51.6,5387
2026-09-24T10:59:00.000Z,2026-09-24T13:59:00,51.99,52.4,51.99,52.4,14766
2026-09-24T11:00:00.000Z,2026-09-24T14:00:00,52,52.01,51.66,52,13283
2026-09-24T11:01:00.000Z,2026-09-24T14:01:00,52,52,51.66,51.67,3354
2026-09-24T11:02:00.000Z,2026-09-24T14:02:00,51.67,51.77,51.62,51.77,7096
2026-09-24T11:03:00.000Z,2026-09-24T14:03:00,51.77,51.99,51.64,51.64,636
2026-09-24T11:04:00.000Z,2026-09-24T14:04:00,51.8,51.99,51.64,51.99,5019
2026-09-24T11:05:00.000Z,2026-09-24T14:05:00,51.99,51.99,51.99,51.99,546
2026-09-24T11:06:00.000Z,2026-09-24T14:06:00,51.77,52,51.7,52,4093
2026-09-24T11:07:00.000Z,2026-09-24T14:07:00,51.72,52.43,51.72,51.75,4739
2026-09-24T11:08:00.000Z,2026-09-24T14:08:00,51.99,52,51.8,51.99,1956
2026-09-24T11:09:00.000Z,2026-09-24T14:09:00,51.99,52,51.8,51.9,4623
2026-09-24T11:10:00.000Z,2026-09-24T14:10:00,52,52.38,52,52,9511
2026-09-24T11:11:00.000Z,2026-09-24T14:11:00,52,52.29,51.9,52.29,10289
2026-09-24T11:12:00.000Z,2026-09-24T14:12:00,52,52.1,51.9,52.1,4974
2026-09-24T11:13:00.000Z,2026-09-24T14:13:00,52.1,52.24,51.71,51.71,19747
2026-09-24T11:14:00.000Z,2026-09-24T14:14:00,52.15,52.15,51.71,52,1548
2026-09-24T11:25:00.000Z,2026-09-24T14:25:00,52.17,52.17,52.17,52.17,11342
2026-09-24T11:26:00.000Z,2026-09-24T14:26:00,52.17,52.17,52.17,52.17,11630
2026-09-24T11:27:00.000Z,2026-09-24T14:27:00,52.17,52.17,52.17,52.17,288
2026-09-24T11:28:00.000Z,2026-09-24T14:28:00,52.17,52.17,52.17,52.17,253
2026-09-24T11:29:00.000Z,2026-09-24T14:29:00,52.17,52.17,52.17,52.17,102
