timestamp_utc,timestamp_cairo,open,high,low,close,volume
2026-08-25T07:27:00.000Z,2026-08-25T10:27:00,0.972,0.972,0.971,0.971,100238
2026-08-25T07:28:00.000Z,2026-08-25T10:28:00,0.97,0.97,0.969,0.969,1251437
2026-08-25T07:29:00.000Z,2026-08-25T10:29:00,0.97,0.97,0.969,0.969,97016
2026-08-25T07:30:00.000Z,2026-08-25T10:30:00,0.969,0.97,0.969,0.969,555265
2026-08-25T07:31:00.000Z,2026-08-25T10:31:00,0.969,0.969,0.966,0.966,21108
2026-08-25T07:32:00.000Z,2026-08-25T10:32:00,0.968,0.969,0.966,0.969,54255
2026-08-25T07:33:00.000Z,2026-08-25T10:33:00,0.968,0.969,0.968,0.969,1006000
2026-08-25T07:34:00.000Z,2026-08-25T10:34:00,0.969,0.969,0.969,0.969,10010
2026-08-25T07:35:00.000Z,2026-08-25T10:35:00,0.968,0.969,0.968,0.969,9000
2026-08-25T07:36:00.000Z,2026-08-25T10:36:00,0.968,0.969,0.968,0.969,2097
2026-08-25T07:37:00.000Z,2026-08-25T10:37:00,0.969,0.969,0.968,0.969,36994
2026-08-25T07:38:00.000Z,2026-08-25T10:38:00,0.969,0.969,0.969,0.969,47467
2026-08-25T07:39:00.000Z,2026-08-25T10:39:00,0.966,0.969,0.966,0.969,15242
2026-08-25T07:40:00.000Z,2026-08-25T10:40:00,0.968,0.969,0.968,0.969,15316
2026-08-25T07:41:00.000Z,2026-08-25T10:41:00,0.969,0.97,0.969,0.97,103000
2026-08-25T07:42:00.000Z,2026-08-25T10:42:00,0.97,0.974,0.966,0.973,1265315
2026-08-25T07:43:00.000Z,2026-08-25T10:43:00,0.973,0.974,0.973,0.974,1000000
2026-08-25T07:45:00.000Z,2026-08-25T10:45:00,0.973,0.973,0.973,0.973,11
2026-08-25T07:46:00.000Z,2026-08-25T10:46:00,0.973,0.974,0.973,0.974,514740
2026-08-25T07:47:00.000Z,2026-08-25T10:47:00,0.973,0.974,0.972,0.973,260310
2026-08-25T07:48:00.000Z,2026-08-25T10:48:00,0.973,0.973,0.973,0.973,596
2026-08-25T07:49:00.000Z,2026-08-25T10:49:00,0.972,0.972,0.97,0.972,23184
2026-08-25T07:50:00.000Z,2026-08-25T10:50:00,0.972,0.972,0.97,0.971,130236
2026-08-25T07:51:00.000Z,2026-08-25T10:51:00,0.971,0.973,0.971,0.973,137048
2026-08-25T07:52:00.000Z,2026-08-25T10:52:00,0.971,0.973,0.971,0.973,22071
2026-08-25T07:53:00.000Z,2026-08-25T10:53:00,0.972,0.977,0.972,0.977,2502526
2026-08-25T07:54:00.000Z,2026-08-25T10:54:00,0.973,0.979,0.971,0.979,2470221
2026-08-25T07:55:00.000Z,2026-08-25T10:55:00,0.978,0.979,0.973,0.977,751031
2026-08-25T07:56:00.000Z,2026-08-25T10:56:00,0.975,0.975,0.975,0.975,108425
2026-08-25T07:57:00.000Z,2026-08-25T10:57:00,0.974,0.978,0.974,0.977,195050
2026-08-25T07:58:00.000Z,2026-08-25T10:58:00,0.976,0.977,0.976,0.977,502669
2026-08-25T07:59:00.000Z,2026-08-25T10:59:00,0.976,0.977,0.976,0.977,306985
2026-08-25T08:00:00.000Z,2026-08-25T11:00:00,0.978,0.978,0.977,0.977,236863
2026-08-25T08:02:00.000Z,2026-08-25T11:02:00,0.977,0.977,0.977,0.977,19997
2026-08-25T08:04:00.000Z,2026-08-25T11:04:00,0.977,0.977,0.975,0.977,642499
2026-08-25T08:05:00.000Z,2026-08-25T11:05:00,0.977,0.977,0.977,0.977,283000
2026-08-25T08:06:00.000Z,2026-08-25T11:06:00,0.977,0.977,0.976,0.977,30099
2026-08-25T08:07:00.000Z,2026-08-25T11:07:00,0.976,0.976,0.976,0.976,35153
2026-08-25T08:08:00.000Z,2026-08-25T11:08:00,0.976,0.976,0.976,0.976,5164
2026-08-25T08:09:00.000Z,2026-08-25T11:09:00,0.977,0.977,0.976,0.976,117944
2026-08-25T08:10:00.000Z,2026-08-25T11:10:00,0.977,0.977,0.976,0.976,50500
2026-08-25T08:11:00.000Z,2026-08-25T11:11:00,0.976,0.976,0.976,0.976,500
2026-08-25T08:13:00.000Z,2026-08-25T11:13:00,0.977,0.977,0.976,0.976,86657
2026-08-25T08:14:00.000Z,2026-08-25T11:14:00,0.975,0.975,0.975,0.975,948297
2026-08-25T08:15:00.000Z,2026-08-25T11:15:00,0.974,0.974,0.973,0.973,1768746
2026-08-25T08:16:00.000Z,2026-08-25T11:16:00,0.974,0.974,0.974,0.974,71
2026-08-25T08:17:00.000Z,2026-08-25T11:17:00,0.974,0.974,0.974,0.974,21516
2026-08-25T08:18:00.000Z,2026-08-25T11:18:00,0.974,0.974,0.974,0.974,19809
2026-08-25T08:19:00.000Z,2026-08-25T11:19:00,0.974,0.974,0.973,0.974,12026
2026-08-25T08:20:00.000Z,2026-08-25T11:20:00,0.974,0.974,0.973,0.974,104000
2026-08-25T08:21:00.000Z,2026-08-25T11:21:00,0.974,0.974,0.974,0.974,143
2026-08-25T08:22:00.000Z,2026-08-25T11:22:00,0.973,0.973,0.973,0.973,12000
2026-08-25T08:25:00.000Z,2026-08-25T11:25:00,0.973,0.973,0.973,0.973,16643
2026-08-25T08:26:00.000Z,2026-08-25T11:26:00,0.973,0.973,0.973,0.973,2000
2026-08-25T08:27:00.000Z,2026-08-25T11:27:00,0.973,0.974,0.973,0.974,300500
2026-08-25T08:28:00.000Z,2026-08-25T11:28:00,0.973,0.974,0.973,0.974,33691
2026-08-25T08:29:00.000Z,2026-08-25T11:29:00,0.973,0.974,0.973,0.974,11211
2026-08-25T08:30:00.000Z,2026-08-25T11:30:00,0.974,0.975,0.974,0.975,90000
2026-08-25T08:31:00.000Z,2026-08-25T11:31:00,0.975,0.975,0.975,0.975,11228
2026-08-25T08:32:00.000Z,2026-08-25T11:32:00,0.975,0.975,0.973,0.973,552946
2026-08-25T08:33:00.000Z,2026-08-25T11:33:00,0.975,0.975,0.975,0.975,15825
2026-08-25T08:34:00.000Z,2026-08-25T11:34:00,0.973,0.973,0.973,0.973,64917
2026-08-25T08:35:00.000Z,2026-08-25T11:35:00,0.973,0.974,0.972,0.972,1788450
2026-08-25T08:36:00.000Z,2026-08-25T11:36:00,0.973,0.973,0.972,0.972,100021
2026-08-25T08:37:00.000Z,2026-08-25T11:37:00,0.972,0.972,0.972,0.972,5759
2026-08-25T08:38:00.000Z,2026-08-25T11:38:00,0.971,0.972,0.971,0.972,120000
2026-08-25T08:39:00.000Z,2026-08-25T11:39:00,0.972,0.972,0.971,0.972,41829
2026-08-25T08:40:00.000Z,2026-08-25T11:40:00,0.971,0.972,0.971,0.972,2810
2026-08-25T08:41:00.000Z,2026-08-25T11:41:00,0.971,0.972,0.971,0.971,22976
2026-08-25T08:43:00.000Z,2026-08-25T11:43:00,0.972,0.972,0.972,0.972,9990
2026-08-25T08:44:00.000Z,2026-08-25T11:44:00,0.972,0.974,0.972,0.974,902774
2026-08-25T08:45:00.000Z,2026-08-25T11:45:00,0.974,0.974,0.974,0.974,56
2026-08-25T08:46:00.000Z,2026-08-25T11:46:00,0.974,0.974,0.971,0.971,23303
2026-08-25T08:47:00.000Z,2026-08-25T11:47:00,0.974,0.978,0.974,0.974,2075000
2026-08-25T08:48:00.000Z,2026-08-25T11:48:00,0.975,0.979,0.975,0.979,821066
2026-08-25T08:49:00.000Z,2026-08-25T11:49:00,0.979,0.981,0.979,0.981,2210000
2026-08-25T08:50:00.000Z,2026-08-25T11:50:00,0.979,0.979,0.975,0.979,102400
2026-08-25T08:51:00.000Z,2026-08-25T11:51:00,0.975,0.981,0.972,0.981,533179
2026-08-25T08:52:00.000Z,2026-08-25T11:52:00,0.981,0.981,0.974,0.975,71133
2026-08-25T08:53:00.000Z,2026-08-25T11:53:00,0.975,0.975,0.975,0.975,1950000
2026-08-25T08:54:00.000Z,2026-08-25T11:54:00,0.98,0.98,0.975,0.975,27191
2026-08-25T08:55:00.000Z,2026-08-25T11:55:00,0.976,0.976,0.975,0.975,250000
2026-08-25T08:56:00.000Z,2026-08-25T11:56:00,0.979,0.98,0.979,0.98,68731
2026-08-25T08:57:00.000Z,2026-08-25T11:57:00,0.98,0.98,0.98,0.98,111311
2026-08-25T08:58:00.000Z,2026-08-25T11:58:00,0.98,0.984,0.975,0.984,2962679
2026-08-25T09:00:00.000Z,2026-08-25T12:00:00,0.982,0.982,0.98,0.98,100360
2026-08-25T09:01:00.000Z,2026-08-25T12:01:00,0.98,0.984,0.977,0.984,164863
2026-08-25T09:02:00.000Z,2026-08-25T12:02:00,0.984,0.984,0.982,0.982,305688
2026-08-25T09:04:00.000Z,2026-08-25T12:04:00,0.984,0.984,0.982,0.982,5925
2026-08-25T09:05:00.000Z,2026-08-25T12:05:00,0.982,0.984,0.978,0.978,9128
2026-08-25T09:06:00.000Z,2026-08-25T12:06:00,0.983,0.985,0.978,0.984,2501025
2026-08-25T09:07:00.000Z,2026-08-25T12:07:00,0.984,0.984,0.984,0.984,3206
2026-08-25T09:09:00.000Z,2026-08-25T12:09:00,0.98,0.984,0.98,0.984,360204
2026-08-25T09:10:00.000Z,2026-08-25T12:10:00,0.984,0.985,0.98,0.985,1698707
2026-08-25T09:11:00.000Z,2026-08-25T12:11:00,0.981,0.984,0.981,0.984,704160
2026-08-25T09:12:00.000Z,2026-08-25T12:12:00,0.984,0.984,0.984,0.984,539292
2026-08-25T09:13:00.000Z,2026-08-25T12:13:00,0.984,0.984,0.984,0.984,300000
2026-08-25T09:14:00.000Z,2026-08-25T12:14:00,0.983,0.983,0.983,0.983,1002660
2026-08-25T09:16:00.000Z,2026-08-25T12:16:00,0.983,0.983,0.983,0.983,3000
2026-08-25T09:19:00.000Z,2026-08-25T12:19:00,0.983,0.983,0.982,0.982,67000
2026-08-25T09:20:00.000Z,2026-08-25T12:20:00,0.981,0.983,0.981,0.983,68897
2026-08-25T09:21:00.000Z,2026-08-25T12:21:00,0.98,0.98,0.98,0.98,500000
2026-08-25T09:22:00.000Z,2026-08-25T12:22:00,0.98,0.98,0.98,0.98,15318
2026-08-25T09:23:00.000Z,2026-08-25T12:23:00,0.98,0.982,0.98,0.98,311955
2026-08-25T09:25:00.000Z,2026-08-25T12:25:00,0.978,0.978,0.977,0.977,65700
2026-08-25T09:27:00.000Z,2026-08-25T12:27:00,0.977,0.977,0.977,0.977,477960
2026-08-25T09:28:00.000Z,2026-08-25T12:28:00,0.977,0.977,0.977,0.977,3685
2026-08-25T09:29:00.000Z,2026-08-25T12:29:00,0.977,0.977,0.976,0.976,11736
2026-08-25T09:30:00.000Z,2026-08-25T12:30:00,0.975,0.975,0.973,0.973,736432
2026-08-25T09:31:00.000Z,2026-08-25T12:31:00,0.973,0.973,0.973,0.973,46624
2026-08-25T09:32:00.000Z,2026-08-25T12:32:00,0.973,0.975,0.971,0.972,1005473
2026-08-25T09:34:00.000Z,2026-08-25T12:34:00,0.972,0.975,0.972,0.975,158300
2026-08-25T09:35:00.000Z,2026-08-25T12:35:00,0.972,0.972,0.972,0.972,83000
2026-08-25T09:36:00.000Z,2026-08-25T12:36:00,0.974,0.975,0.974,0.975,21019
2026-08-25T09:37:00.000Z,2026-08-25T12:37:00,0.975,0.975,0.975,0.975,17
2026-08-25T09:38:00.000Z,2026-08-25T12:38:00,0.973,0.975,0.973,0.975,250000
2026-08-25T09:40:00.000Z,2026-08-25T12:40:00,0.975,0.975,0.975,0.975,10256
2026-08-25T09:41:00.000Z,2026-08-25T12:41:00,0.974,0.974,0.974,0.974,9354
2026-08-25T09:45:00.000Z,2026-08-25T12:45:00,0.973,0.974,0.972,0.974,60366
2026-08-25T09:46:00.000Z,2026-08-25T12:46:00,0.973,0.973,0.972,0.972,73061
2026-08-25T09:47:00.000Z,2026-08-25T12:47:00,0.974,0.976,0.974,0.976,700100
2026-08-25T09:48:00.000Z,2026-08-25T12:48:00,0.973,0.973,0.973,0.973,11000
2026-08-25T09:51:00.000Z,2026-08-25T12:51:00,0.973,0.973,0.973,0.973,14178
2026-08-25T09:52:00.000Z,2026-08-25T12:52:00,0.972,0.973,0.972,0.973,52450
2026-08-25T09:54:00.000Z,2026-08-25T12:54:00,0.972,0.972,0.972,0.972,100000
2026-08-25T09:55:00.000Z,2026-08-25T12:55:00,0.973,0.973,0.972,0.972,30073
2026-08-25T09:56:00.000Z,2026-08-25T12:56:00,0.972,0.972,0.972,0.972,15703
2026-08-25T09:57:00.000Z,2026-08-25T12:57:00,0.975,0.975,0.975,0.975,75
2026-08-25T09:58:00.000Z,2026-08-25T12:58:00,0.975,0.975,0.975,0.975,87
2026-08-25T09:59:00.000Z,2026-08-25T12:59:00,0.975,0.975,0.975,0.975,5587
2026-08-25T10:00:00.000Z,2026-08-25T13:00:00,0.972,0.975,0.971,0.975,98545
2026-08-25T10:01:00.000Z,2026-08-25T13:01:00,0.971,0.975,0.971,0.975,250205
2026-08-25T10:03:00.000Z,2026-08-25T13:03:00,0.973,0.98,0.973,0.98,2235245
2026-08-25T10:04:00.000Z,2026-08-25T13:04:00,0.98,0.98,0.98,0.98,372421
2026-08-25T10:05:00.000Z,2026-08-25T13:05:00,0.98,0.98,0.98,0.98,3367
2026-08-25T10:07:00.000Z,2026-08-25T13:07:00,0.973,0.973,0.973,0.973,100000
2026-08-25T10:08:00.000Z,2026-08-25T13:08:00,0.98,0.98,0.98,0.98,275075
2026-08-25T10:09:00.000Z,2026-08-25T13:09:00,0.982,0.982,0.98,0.98,4104
2026-08-25T10:10:00.000Z,2026-08-25T13:10:00,0.98,0.98,0.976,0.98,50551
2026-08-25T10:11:00.000Z,2026-08-25T13:11:00,0.98,0.98,0.98,0.98,390
2026-08-25T10:12:00.000Z,2026-08-25T13:12:00,0.978,0.978,0.978,0.978,2500
2026-08-25T10:13:00.000Z,2026-08-25T13:13:00,0.98,0.98,0.98,0.98,100037
2026-08-25T10:14:00.000Z,2026-08-25T13:14:00,0.98,0.982,0.979,0.982,115247
2026-08-25T10:15:00.000Z,2026-08-25T13:15:00,0.98,0.98,0.98,0.98,489753
2026-08-25T10:16:00.000Z,2026-08-25T13:16:00,0.98,0.98,0.98,0.98,100
2026-08-25T10:17:00.000Z,2026-08-25T13:17:00,0.98,0.98,0.98,0.98,189
2026-08-25T10:18:00.000Z,2026-08-25T13:18:00,0.98,0.98,0.98,0.98,202956
2026-08-25T10:19:00.000Z,2026-08-25T13:19:00,0.98,0.98,0.98,0.98,157001
2026-08-25T10:20:00.000Z,2026-08-25T13:20:00,0.98,0.982,0.98,0.98,17059
2026-08-25T10:21:00.000Z,2026-08-25T13:21:00,0.98,0.98,0.98,0.98,143322
2026-08-25T10:22:00.000Z,2026-08-25T13:22:00,0.98,0.98,0.98,0.98,306678
2026-08-25T10:23:00.000Z,2026-08-25T13:23:00,0.982,0.982,0.98,0.98,205576
2026-08-25T10:24:00.000Z,2026-08-25T13:24:00,0.98,0.98,0.98,0.98,235169
2026-08-25T10:26:00.000Z,2026-08-25T13:26:00,0.979,0.98,0.979,0.98,15102
2026-08-25T10:27:00.000Z,2026-08-25T13:27:00,0.979,0.979,0.979,0.979,91500
2026-08-25T10:28:00.000Z,2026-08-25T13:28:00,0.979,0.981,0.979,0.981,786629
2026-08-25T10:29:00.000Z,2026-08-25T13:29:00,0.98,0.98,0.98,0.98,1200000
2026-08-25T10:30:00.000Z,2026-08-25T13:30:00,0.98,0.981,0.98,0.981,506350
2026-08-25T10:31:00.000Z,2026-08-25T13:31:00,0.98,0.981,0.98,0.98,741678
2026-08-25T10:32:00.000Z,2026-08-25T13:32:00,0.98,0.982,0.979,0.98,645280
2026-08-25T10:33:00.000Z,2026-08-25T13:33:00,0.98,0.98,0.98,0.98,212833
2026-08-25T10:34:00.000Z,2026-08-25T13:34:00,0.98,0.98,0.98,0.98,1000000
2026-08-25T10:35:00.000Z,2026-08-25T13:35:00,0.98,0.981,0.98,0.981,545000
2026-08-25T10:36:00.000Z,2026-08-25T13:36:00,0.98,0.982,0.98,0.98,130015
2026-08-25T10:37:00.000Z,2026-08-25T13:37:00,0.982,0.982,0.982,0.982,30612
2026-08-25T10:38:00.000Z,2026-08-25T13:38:00,0.981,0.981,0.981,0.981,6931
2026-08-25T10:39:00.000Z,2026-08-25T13:39:00,0.981,0.981,0.98,0.98,199688
2026-08-25T10:40:00.000Z,2026-08-25T13:40:00,0.977,0.983,0.977,0.983,1034828
2026-08-25T10:41:00.000Z,2026-08-25T13:41:00,0.983,0.984,0.983,0.984,1000000
2026-08-25T10:42:00.000Z,2026-08-25T13:42:00,0.984,0.984,0.984,0.984,50000
2026-08-25T10:43:00.000Z,2026-08-25T13:43:00,0.983,0.985,0.983,0.985,5000000
2026-08-25T10:44:00.000Z,2026-08-25T13:44:00,0.985,0.99,0.985,0.99,17554039
2026-08-25T10:45:00.000Z,2026-08-25T13:45:00,0.99,0.99,0.99,0.99,251948
2026-08-25T10:46:00.000Z,2026-08-25T13:46:00,0.99,0.99,0.985,0.985,31503
2026-08-25T10:47:00.000Z,2026-08-25T13:47:00,0.99,0.99,0.99,0.99,145248
2026-08-25T10:48:00.000Z,2026-08-25T13:48:00,0.99,0.99,0.989,0.989,69838
2026-08-25T10:49:00.000Z,2026-08-25T13:49:00,0.99,0.99,0.988,0.99,513143
2026-08-25T10:50:00.000Z,2026-08-25T13:50:00,0.99,0.99,0.986,0.99,734769
2026-08-25T10:51:00.000Z,2026-08-25T13:51:00,0.99,0.994,0.99,0.994,919607
2026-08-25T10:52:00.000Z,2026-08-25T13:52:00,0.994,0.999,0.994,0.999,5058817
2026-08-25T10:53:00.000Z,2026-08-25T13:53:00,0.996,1,0.994,1,5477819
2026-08-25T10:54:00.000Z,2026-08-25T13:54:00,0.998,0.998,0.995,0.995,205396
2026-08-25T10:55:00.000Z,2026-08-25T13:55:00,0.997,0.998,0.994,0.994,331095
2026-08-25T10:56:00.000Z,2026-08-25T13:56:00,0.996,0.997,0.995,0.996,948897
2026-08-25T10:57:00.000Z,2026-08-25T13:57:00,0.996,0.997,0.996,0.997,400001
2026-08-25T10:58:00.000Z,2026-08-25T13:58:00,0.996,0.997,0.995,0.996,1160319
2026-08-25T10:59:00.000Z,2026-08-25T13:59:00,0.996,0.996,0.995,0.995,146721
2026-08-25T11:00:00.000Z,2026-08-25T14:00:00,0.995,0.996,0.994,0.996,73308
2026-08-25T11:01:00.000Z,2026-08-25T14:01:00,0.995,0.999,0.995,0.997,2291357
2026-08-25T11:02:00.000Z,2026-08-25T14:02:00,0.997,0.998,0.993,0.996,965430
2026-08-25T11:03:00.000Z,2026-08-25T14:03:00,0.995,0.999,0.995,0.995,1316338
2026-08-25T11:04:00.000Z,2026-08-25T14:04:00,0.998,0.998,0.998,0.998,173531
2026-08-25T11:05:00.000Z,2026-08-25T14:05:00,0.998,1,0.998,1,6262838
2026-08-25T11:06:00.000Z,2026-08-25T14:06:00,1,1.004,0.999,1.004,4866238
2026-08-25T11:07:00.000Z,2026-08-25T14:07:00,1.004,1.004,0.999,1,4139238
2026-08-25T11:08:00.000Z,2026-08-25T14:08:00,1,1,0.999,0.999,1221357
2026-08-25T11:09:00.000Z,2026-08-25T14:09:00,1,1.003,1,1.003,58464
2026-08-25T11:10:00.000Z,2026-08-25T14:10:00,1,1,0.995,0.998,1924753
2026-08-25T11:11:00.000Z,2026-08-25T14:11:00,0.996,0.998,0.996,0.998,280385
2026-08-25T11:12:00.000Z,2026-08-25T14:12:00,0.998,0.999,0.998,0.999,135379
2026-08-25T11:13:00.000Z,2026-08-25T14:13:00,0.999,1,0.999,0.999,2566148
2026-08-25T11:14:00.000Z,2026-08-25T14:14:00,0.999,1.004,0.998,1.004,6153330
2026-08-25T11:25:00.000Z,2026-08-25T14:25:00,1.004,1.004,1.004,1.004,2868806
2026-08-25T11:26:00.000Z,2026-08-25T14:26:00,1.004,1.004,1.004,1.004,500253
2026-08-25T11:27:00.000Z,2026-08-25T14:27:00,1.004,1.004,1.004,1.004,419411
2026-08-25T11:29:00.000Z,2026-08-25T14:29:00,1.004,1.004,1.004,1.004,1269634
2026-08-26T07:00:00.000Z,2026-08-26T10:00:00,1.019,1.02,1.012,1.015,1526780
2026-08-26T07:01:00.000Z,2026-08-26T10:01:00,1.018,1.02,1.013,1.019,1762929
2026-08-26T07:02:00.000Z,2026-08-26T10:02:00,1.019,1.019,1.01,1.01,2005759
2026-08-26T07:03:00.000Z,2026-08-26T10:03:00,1.009,1.012,1,1,5374358
2026-08-26T07:04:00.000Z,2026-08-26T10:04:00,1.004,1.005,0.991,1,2169932
2026-08-26T07:05:00.000Z,2026-08-26T10:05:00,1,1.009,0.999,1.009,1205104
2026-08-26T07:06:00.000Z,2026-08-26T10:06:00,1.009,1.009,1,1.001,1358567
2026-08-26T07:07:00.000Z,2026-08-26T10:07:00,1.001,1.01,1.001,1.01,563364
2026-08-26T07:08:00.000Z,2026-08-26T10:08:00,1.01,1.013,1.01,1.01,573384
2026-08-26T07:09:00.000Z,2026-08-26T10:09:00,1.01,1.013,1.004,1.01,1781957
2026-08-26T07:10:00.000Z,2026-08-26T10:10:00,1.01,1.013,1.005,1.01,375655
2026-08-26T07:11:00.000Z,2026-08-26T10:11:00,1.01,1.01,1.01,1.01,1334024
2026-08-26T07:12:00.000Z,2026-08-26T10:12:00,1.01,1.013,1.007,1.012,271402
2026-08-26T07:13:00.000Z,2026-08-26T10:13:00,1.01,1.012,1.01,1.012,487871
2026-08-26T07:14:00.000Z,2026-08-26T10:14:00,1.012,1.012,1.012,1.012,56836
2026-08-26T07:15:00.000Z,2026-08-26T10:15:00,1.01,1.012,1.003,1.003,1946204
2026-08-26T07:16:00.000Z,2026-08-26T10:16:00,1.01,1.011,0.986,1,11519439
2026-08-26T07:17:00.000Z,2026-08-26T10:17:00,1.003,1.009,1,1.007,792530
2026-08-26T07:18:00.000Z,2026-08-26T10:18:00,1.007,1.007,1.006,1.006,13258
2026-08-26T07:19:00.000Z,2026-08-26T10:19:00,1.006,1.006,1,1.001,372364
2026-08-26T07:20:00.000Z,2026-08-26T10:20:00,1.001,1.001,0.981,0.992,11506781
2026-08-26T07:21:00.000Z,2026-08-26T10:21:00,0.998,0.999,0.998,0.999,37334
2026-08-26T07:22:00.000Z,2026-08-26T10:22:00,0.997,0.997,0.986,0.997,5023963
2026-08-26T07:23:00.000Z,2026-08-26T10:23:00,0.996,1,0.995,0.995,1721233
2026-08-26T07:24:00.000Z,2026-08-26T10:24:00,0.999,0.999,0.999,0.999,155945
2026-08-26T07:25:00.000Z,2026-08-26T10:25:00,0.999,0.999,0.997,0.998,430482
2026-08-26T07:26:00.000Z,2026-08-26T10:26:00,0.996,0.996,0.994,0.995,367877
2026-08-26T07:27:00.000Z,2026-08-26T10:27:00,0.995,0.995,0.993,0.993,446652
2026-08-26T07:28:00.000Z,2026-08-26T10:28:00,0.994,0.994,0.994,0.994,105470
2026-08-26T07:29:00.000Z,2026-08-26T10:29:00,0.994,0.994,0.99,0.99,1892417
2026-08-26T07:30:00.000Z,2026-08-26T10:30:00,0.99,0.997,0.99,0.996,911949
2026-08-26T07:31:00.000Z,2026-08-26T10:31:00,0.996,0.999,0.995,0.999,426168
2026-08-26T07:32:00.000Z,2026-08-26T10:32:00,0.995,1,0.995,0.995,825138
2026-08-26T07:33:00.000Z,2026-08-26T10:33:00,1,1,1,1,300500
2026-08-26T07:34:00.000Z,2026-08-26T10:34:00,1,1.003,0.997,1.003,3439271
2026-08-26T07:35:00.000Z,2026-08-26T10:35:00,1.003,1.009,1.003,1.009,961821
2026-08-26T07:36:00.000Z,2026-08-26T10:36:00,1.006,1.01,1.005,1.01,1338682
2026-08-26T07:37:00.000Z,2026-08-26T10:37:00,1.011,1.012,1.01,1.01,1205370
2026-08-26T07:38:00.000Z,2026-08-26T10:38:00,1.01,1.01,1.008,1.01,164578
2026-08-26T07:39:00.000Z,2026-08-26T10:39:00,1.01,1.011,1.01,1.011,289289
2026-08-26T07:40:00.000Z,2026-08-26T10:40:00,1.013,1.014,1.01,1.01,1352110
2026-08-26T07:41:00.000Z,2026-08-26T10:41:00,1.01,1.014,1.003,1.01,1125535
2026-08-26T07:42:00.000Z,2026-08-26T10:42:00,1.01,1.01,1.003,1.01,476740
2026-08-26T07:43:00.000Z,2026-08-26T10:43:00,1.009,1.01,1.005,1.01,757754
2026-08-26T07:44:00.000Z,2026-08-26T10:44:00,1.01,1.01,1.01,1.01,87518
2026-08-26T07:45:00.000Z,2026-08-26T10:45:00,1.005,1.009,1.005,1.005,499801
2026-08-26T07:46:00.000Z,2026-08-26T10:46:00,1.004,1.005,1.003,1.003,550057
2026-08-26T07:47:00.000Z,2026-08-26T10:47:00,1.008,1.008,1.005,1.005,81024
2026-08-26T07:48:00.000Z,2026-08-26T10:48:00,1.007,1.007,1.007,1.007,85000
2026-08-26T07:49:00.000Z,2026-08-26T10:49:00,1.007,1.007,1.007,1.007,20845
2026-08-26T07:50:00.000Z,2026-08-26T10:50:00,1.007,1.009,1.007,1.009,800020
2026-08-26T07:51:00.000Z,2026-08-26T10:51:00,1.005,1.008,1.005,1.008,206631
2026-08-26T07:52:00.000Z,2026-08-26T10:52:00,1.008,1.008,1.008,1.008,736
2026-08-26T07:53:00.000Z,2026-08-26T10:53:00,1.008,1.008,1.008,1.008,3398
2026-08-26T07:54:00.000Z,2026-08-26T10:54:00,1.008,1.009,1.008,1.009,16729
2026-08-26T07:55:00.000Z,2026-08-26T10:55:00,1.008,1.008,1.004,1.004,53850
2026-08-26T07:56:00.000Z,2026-08-26T10:56:00,1.009,1.009,1.009,1.009,996
2026-08-26T07:57:00.000Z,2026-08-26T10:57:00,1.005,1.005,1.005,1.005,6871
2026-08-26T07:58:00.000Z,2026-08-26T10:58:00,1.008,1.008,1.008,1.008,7000
2026-08-26T07:59:00.000Z,2026-08-26T10:59:00,1.008,1.008,1.008,1.008,3072
2026-08-26T08:00:00.000Z,2026-08-26T11:00:00,1.008,1.009,1.008,1.009,21399
2026-08-26T08:01:00.000Z,2026-08-26T11:01:00,1.009,1.009,1.009,1.009,251153
2026-08-26T08:02:00.000Z,2026-08-26T11:02:00,1.009,1.01,1.008,1.01,550547
2026-08-26T08:03:00.000Z,2026-08-26T11:03:00,1.01,1.013,1.005,1.013,484432
2026-08-26T08:04:00.000Z,2026-08-26T11:04:00,1.013,1.013,1.005,1.013,11912
2026-08-26T08:05:00.000Z,2026-08-26T11:05:00,1.013,1.013,1.013,1.013,200000
2026-08-26T08:06:00.000Z,2026-08-26T11:06:00,1.006,1.013,1.006,1.013,10012
2026-08-26T08:07:00.000Z,2026-08-26T11:07:00,1.012,1.014,1.012,1.014,450000
2026-08-26T08:08:00.000Z,2026-08-26T11:08:00,1.014,1.015,1.002,1.002,33755025
2026-08-26T08:09:00.000Z,2026-08-26T11:09:00,1.002,1.015,1.002,1.013,3096210
2026-08-26T08:10:00.000Z,2026-08-26T11:10:00,1.01,1.015,1.01,1.015,3304790
2026-08-26T08:11:00.000Z,2026-08-26T11:11:00,1.012,1.014,1.012,1.014,83763
2026-08-26T08:12:00.000Z,2026-08-26T11:12:00,1.014,1.019,1.014,1.018,2723332
2026-08-26T08:13:00.000Z,2026-08-26T11:13:00,1.018,1.018,1.015,1.018,147588
2026-08-26T08:14:00.000Z,2026-08-26T11:14:00,1.018,1.024,1.018,1.024,6102797
2026-08-26T08:15:00.000Z,2026-08-26T11:15:00,1.024,1.025,1.023,1.024,1476928
2026-08-26T08:16:00.000Z,2026-08-26T11:16:00,1.025,1.028,1.023,1.025,2081903
2026-08-26T08:17:00.000Z,2026-08-26T11:17:00,1.025,1.027,1.025,1.027,544524
2026-08-26T08:18:00.000Z,2026-08-26T11:18:00,1.027,1.029,1.027,1.029,295943
2026-08-26T08:19:00.000Z,2026-08-26T11:19:00,1.029,1.03,1.028,1.03,2083239
2026-08-26T08:20:00.000Z,2026-08-26T11:20:00,1.03,1.035,1.029,1.034,754998
2026-08-26T08:21:00.000Z,2026-08-26T11:21:00,1.032,1.035,1.03,1.03,282117
2026-08-26T08:22:00.000Z,2026-08-26T11:22:00,1.031,1.032,1.029,1.029,613448
2026-08-26T08:23:00.000Z,2026-08-26T11:23:00,1.029,1.029,1.026,1.029,80831
2026-08-26T08:24:00.000Z,2026-08-26T11:24:00,1.029,1.029,1.026,1.026,59275
2026-08-26T08:25:00.000Z,2026-08-26T11:25:00,1.029,1.029,1.026,1.029,523350
2026-08-26T08:26:00.000Z,2026-08-26T11:26:00,1.027,1.029,1.026,1.029,1111170
2026-08-26T08:27:00.000Z,2026-08-26T11:27:00,1.029,1.029,1.026,1.026,18062
2026-08-26T08:28:00.000Z,2026-08-26T11:28:00,1.028,1.029,1.026,1.029,53520
2026-08-26T08:29:00.000Z,2026-08-26T11:29:00,1.028,1.028,1.02,1.02,517907
2026-08-26T08:30:00.000Z,2026-08-26T11:30:00,1.02,1.02,1.016,1.02,145619
2026-08-26T08:31:00.000Z,2026-08-26T11:31:00,1.016,1.028,1.016,1.028,251191
2026-08-26T08:32:00.000Z,2026-08-26T11:32:00,1.028,1.03,1.028,1.03,377911
2026-08-26T08:33:00.000Z,2026-08-26T11:33:00,1.03,1.03,1.02,1.03,319957
2026-08-26T08:34:00.000Z,2026-08-26T11:34:00,1.03,1.03,1.03,1.03,89425
2026-08-26T08:35:00.000Z,2026-08-26T11:35:00,1.03,1.03,1.029,1.029,62496
2026-08-26T08:36:00.000Z,2026-08-26T11:36:00,1.029,1.029,1.025,1.029,3878
2026-08-26T08:37:00.000Z,2026-08-26T11:37:00,1.028,1.028,1.025,1.027,9371
2026-08-26T08:38:00.000Z,2026-08-26T11:38:00,1.027,1.027,1.026,1.026,4333
2026-08-26T08:39:00.000Z,2026-08-26T11:39:00,1.026,1.03,1.026,1.03,1020696
2026-08-26T08:40:00.000Z,2026-08-26T11:40:00,1.03,1.031,1.03,1.03,175340
2026-08-26T08:41:00.000Z,2026-08-26T11:41:00,1.029,1.029,1.029,1.029,36494
2026-08-26T08:42:00.000Z,2026-08-26T11:42:00,1.029,1.03,1.029,1.029,209626
2026-08-26T08:43:00.000Z,2026-08-26T11:43:00,1.029,1.029,1.029,1.029,1943
2026-08-26T08:44:00.000Z,2026-08-26T11:44:00,1.029,1.031,1.029,1.031,1000500
2026-08-26T08:45:00.000Z,2026-08-26T11:45:00,1.03,1.031,1.03,1.031,130332
2026-08-26T08:46:00.000Z,2026-08-26T11:46:00,1.031,1.031,1.03,1.03,132145
2026-08-26T08:47:00.000Z,2026-08-26T11:47:00,1.03,1.031,1.03,1.031,209797
2026-08-26T08:48:00.000Z,2026-08-26T11:48:00,1.028,1.03,1.027,1.027,29434
2026-08-26T08:49:00.000Z,2026-08-26T11:49:00,1.03,1.03,1.028,1.03,104341
2026-08-26T08:50:00.000Z,2026-08-26T11:50:00,1.031,1.031,1.03,1.031,301687
2026-08-26T08:51:00.000Z,2026-08-26T11:51:00,1.031,1.032,1.03,1.03,239796
2026-08-26T08:52:00.000Z,2026-08-26T11:52:00,1.03,1.03,1.03,1.03,184162
2026-08-26T08:53:00.000Z,2026-08-26T11:53:00,1.028,1.03,1.028,1.03,7431
2026-08-26T08:54:00.000Z,2026-08-26T11:54:00,1.03,1.03,1.028,1.028,3953
2026-08-26T08:55:00.000Z,2026-08-26T11:55:00,1.03,1.03,1.02,1.022,11938429
2026-08-26T08:56:00.000Z,2026-08-26T11:56:00,1.022,1.03,1.022,1.022,4087923
2026-08-26T08:57:00.000Z,2026-08-26T11:57:00,1.022,1.03,1.022,1.029,1037527
2026-08-26T08:58:00.000Z,2026-08-26T11:58:00,1.029,1.029,1.025,1.025,207402
2026-08-26T08:59:00.000Z,2026-08-26T11:59:00,1.025,1.029,1.025,1.029,163000
2026-08-26T09:01:00.000Z,2026-08-26T12:01:00,1.026,1.03,1.026,1.03,1518994
2026-08-26T09:02:00.000Z,2026-08-26T12:02:00,1.028,1.031,1.028,1.031,106791
2026-08-26T09:03:00.000Z,2026-08-26T12:03:00,1.031,1.034,1.031,1.034,563000
2026-08-26T09:04:00.000Z,2026-08-26T12:04:00,1.034,1.035,1.034,1.035,302685
2026-08-26T09:05:00.000Z,2026-08-26T12:05:00,1.035,1.036,1.034,1.036,179069
2026-08-26T09:06:00.000Z,2026-08-26T12:06:00,1.035,1.035,1.035,1.035,69014
2026-08-26T09:07:00.000Z,2026-08-26T12:07:00,1.034,1.035,1.034,1.034,100142
2026-08-26T09:08:00.000Z,2026-08-26T12:08:00,1.034,1.034,1.034,1.034,46844
2026-08-26T09:09:00.000Z,2026-08-26T12:09:00,1.034,1.034,1.034,1.034,284594
2026-08-26T09:10:00.000Z,2026-08-26T12:10:00,1.034,1.034,1.034,1.034,87746
2026-08-26T09:11:00.000Z,2026-08-26T12:11:00,1.034,1.04,1.033,1.04,5055041
2026-08-26T09:13:00.000Z,2026-08-26T12:13:00,1.039,1.04,1.039,1.04,767797
2026-08-26T09:14:00.000Z,2026-08-26T12:14:00,1.04,1.041,1.04,1.04,547951
2026-08-26T09:15:00.000Z,2026-08-26T12:15:00,1.04,1.04,1.04,1.04,586130
2026-08-26T09:16:00.000Z,2026-08-26T12:16:00,1.042,1.043,1.04,1.04,910593
2026-08-26T09:17:00.000Z,2026-08-26T12:17:00,1.04,1.043,1.04,1.043,302714
2026-08-26T09:18:00.000Z,2026-08-26T12:18:00,1.043,1.044,1.043,1.044,248487
2026-08-26T09:19:00.000Z,2026-08-26T12:19:00,1.044,1.044,1.041,1.041,297697
2026-08-26T09:21:00.000Z,2026-08-26T12:21:00,1.041,1.043,1.04,1.043,615767
2026-08-26T09:22:00.000Z,2026-08-26T12:22:00,1.04,1.042,1.04,1.041,129315
2026-08-26T09:23:00.000Z,2026-08-26T12:23:00,1.041,1.043,1.04,1.043,521338
2026-08-26T09:24:00.000Z,2026-08-26T12:24:00,1.042,1.043,1.042,1.043,269190
2026-08-26T09:25:00.000Z,2026-08-26T12:25:00,1.043,1.05,1.043,1.05,5423747
2026-08-26T09:26:00.000Z,2026-08-26T12:26:00,1.046,1.055,1.046,1.055,2942460
2026-08-26T09:27:00.000Z,2026-08-26T12:27:00,1.05,1.05,1.047,1.05,1022250
2026-08-26T09:28:00.000Z,2026-08-26T12:28:00,1.053,1.053,1.051,1.051,461976
2026-08-26T09:29:00.000Z,2026-08-26T12:29:00,1.051,1.051,1.05,1.05,411032
2026-08-26T09:30:00.000Z,2026-08-26T12:30:00,1.05,1.051,1.05,1.051,1790884
2026-08-26T09:31:00.000Z,2026-08-26T12:31:00,1.052,1.052,1.05,1.05,586328
2026-08-26T09:32:00.000Z,2026-08-26T12:32:00,1.049,1.05,1.047,1.05,629950
2026-08-26T09:33:00.000Z,2026-08-26T12:33:00,1.049,1.049,1.046,1.047,86790
2026-08-26T09:34:00.000Z,2026-08-26T12:34:00,1.046,1.047,1.046,1.047,111985
2026-08-26T09:35:00.000Z,2026-08-26T12:35:00,1.047,1.047,1.04,1.04,2961766
2026-08-26T09:36:00.000Z,2026-08-26T12:36:00,1.046,1.046,1.04,1.04,2092034
2026-08-26T09:37:00.000Z,2026-08-26T12:37:00,1.04,1.046,1.04,1.04,1886534
2026-08-26T09:38:00.000Z,2026-08-26T12:38:00,1.04,1.04,1.037,1.04,1637433
2026-08-26T09:39:00.000Z,2026-08-26T12:39:00,1.04,1.04,1.038,1.038,1514092
2026-08-26T09:40:00.000Z,2026-08-26T12:40:00,1.039,1.04,1.037,1.04,1174502
2026-08-26T09:41:00.000Z,2026-08-26T12:41:00,1.039,1.04,1.035,1.04,2267202
2026-08-26T09:42:00.000Z,2026-08-26T12:42:00,1.04,1.04,1.035,1.035,565245
2026-08-26T09:43:00.000Z,2026-08-26T12:43:00,1.035,1.035,1.033,1.035,1413517
2026-08-26T09:44:00.000Z,2026-08-26T12:44:00,1.035,1.035,1.035,1.035,1134506
2026-08-26T09:45:00.000Z,2026-08-26T12:45:00,1.039,1.039,1.03,1.03,3015682
2026-08-26T09:46:00.000Z,2026-08-26T12:46:00,1.03,1.037,1.03,1.037,1002501
2026-08-26T09:47:00.000Z,2026-08-26T12:47:00,1.037,1.037,1.035,1.035,621673
2026-08-26T09:48:00.000Z,2026-08-26T12:48:00,1.035,1.035,1.032,1.032,2289500
2026-08-26T09:49:00.000Z,2026-08-26T12:49:00,1.032,1.032,1.026,1.026,1637599
2026-08-26T09:50:00.000Z,2026-08-26T12:50:00,1.026,1.026,1.026,1.026,333929
2026-08-26T09:51:00.000Z,2026-08-26T12:51:00,1.026,1.026,1.024,1.025,77212
2026-08-26T09:52:00.000Z,2026-08-26T12:52:00,1.024,1.03,1.024,1.03,2357063
2026-08-26T09:53:00.000Z,2026-08-26T12:53:00,1.028,1.029,1.025,1.025,900000
2026-08-26T09:54:00.000Z,2026-08-26T12:54:00,1.028,1.03,1.028,1.03,556986
2026-08-26T09:55:00.000Z,2026-08-26T12:55:00,1.028,1.035,1.026,1.035,121161
2026-08-26T09:56:00.000Z,2026-08-26T12:56:00,1.034,1.034,1.034,1.034,14
2026-08-26T09:57:00.000Z,2026-08-26T12:57:00,1.034,1.034,1.03,1.03,340203
2026-08-26T09:58:00.000Z,2026-08-26T12:58:00,1.03,1.034,1.03,1.03,772432
2026-08-26T09:59:00.000Z,2026-08-26T12:59:00,1.034,1.034,1.034,1.034,1954
2026-08-26T10:00:00.000Z,2026-08-26T13:00:00,1.034,1.04,1.034,1.04,1262832
2026-08-26T10:01:00.000Z,2026-08-26T13:01:00,1.04,1.049,1.032,1.045,1979020
2026-08-26T10:02:00.000Z,2026-08-26T13:02:00,1.045,1.05,1.044,1.05,3021115
2026-08-26T10:03:00.000Z,2026-08-26T13:03:00,1.049,1.049,1.033,1.033,10243562
2026-08-26T10:04:00.000Z,2026-08-26T13:04:00,1.04,1.04,1.04,1.04,337850
2026-08-26T10:05:00.000Z,2026-08-26T13:05:00,1.041,1.041,1.04,1.04,800000
2026-08-26T10:06:00.000Z,2026-08-26T13:06:00,1.04,1.045,1.04,1.045,122800
2026-08-26T10:07:00.000Z,2026-08-26T13:07:00,1.045,1.045,1.045,1.045,104
2026-08-26T10:09:00.000Z,2026-08-26T13:09:00,1.041,1.041,1.041,1.041,10000
2026-08-26T10:10:00.000Z,2026-08-26T13:10:00,1.044,1.045,1.041,1.045,34478
2026-08-26T10:11:00.000Z,2026-08-26T13:11:00,1.045,1.045,1.037,1.037,688620
2026-08-26T10:12:00.000Z,2026-08-26T13:12:00,1.039,1.04,1.037,1.037,178499
2026-08-26T10:13:00.000Z,2026-08-26T13:13:00,1.037,1.04,1.036,1.04,2698041
2026-08-26T10:14:00.000Z,2026-08-26T13:14:00,1.04,1.047,1.04,1.047,1350087
2026-08-26T10:15:00.000Z,2026-08-26T13:15:00,1.04,1.04,1.04,1.04,16815
2026-08-26T10:16:00.000Z,2026-08-26T13:16:00,1.04,1.048,1.04,1.048,528400
2026-08-26T10:17:00.000Z,2026-08-26T13:17:00,1.048,1.048,1.045,1.045,14560
2026-08-26T10:18:00.000Z,2026-08-26T13:18:00,1.045,1.045,1.045,1.045,15000
2026-08-26T10:19:00.000Z,2026-08-26T13:19:00,1.045,1.047,1.045,1.047,780646
2026-08-26T10:20:00.000Z,2026-08-26T13:20:00,1.048,1.048,1.047,1.047,225447
2026-08-26T10:21:00.000Z,2026-08-26T13:21:00,1.047,1.048,1.047,1.048,500000
2026-08-26T10:22:00.000Z,2026-08-26T13:22:00,1.041,1.045,1.041,1.041,498299
2026-08-26T10:23:00.000Z,2026-08-26T13:23:00,1.045,1.045,1.045,1.045,17301
2026-08-26T10:24:00.000Z,2026-08-26T13:24:00,1.045,1.049,1.041,1.049,2414904
2026-08-26T10:25:00.000Z,2026-08-26T13:25:00,1.049,1.049,1.049,1.049,53842
2026-08-26T10:26:00.000Z,2026-08-26T13:26:00,1.049,1.05,1.049,1.05,3052600
2026-08-26T10:27:00.000Z,2026-08-26T13:27:00,1.05,1.054,1.05,1.05,375540
2026-08-26T10:28:00.000Z,2026-08-26T13:28:00,1.053,1.053,1.053,1.053,50000
2026-08-26T10:29:00.000Z,2026-08-26T13:29:00,1.05,1.05,1.05,1.05,548915
2026-08-26T10:30:00.000Z,2026-08-26T13:30:00,1.05,1.053,1.05,1.053,508207
2026-08-26T10:31:00.000Z,2026-08-26T13:31:00,1.053,1.055,1.05,1.05,3619477
2026-08-26T10:32:00.000Z,2026-08-26T13:32:00,1.05,1.055,1.05,1.055,1314567
2026-08-26T10:33:00.000Z,2026-08-26T13:33:00,1.057,1.059,1.057,1.058,607698
2026-08-26T10:34:00.000Z,2026-08-26T13:34:00,1.058,1.06,1.058,1.06,1403254
2026-08-26T10:35:00.000Z,2026-08-26T13:35:00,1.061,1.061,1.059,1.06,4221466
2026-08-26T10:36:00.000Z,2026-08-26T13:36:00,1.06,1.06,1.055,1.06,632253
2026-08-26T10:37:00.000Z,2026-08-26T13:37:00,1.06,1.06,1.059,1.06,983422
2026-08-26T10:38:00.000Z,2026-08-26T13:38:00,1.059,1.06,1.059,1.06,242181
2026-08-26T10:39:00.000Z,2026-08-26T13:39:00,1.059,1.06,1.059,1.059,575607
2026-08-26T10:40:00.000Z,2026-08-26T13:40:00,1.059,1.06,1.059,1.06,1626268
2026-08-26T10:41:00.000Z,2026-08-26T13:41:00,1.06,1.063,1.06,1.06,964828
2026-08-26T10:42:00.000Z,2026-08-26T13:42:00,1.06,1.06,1.06,1.06,862749
2026-08-26T10:43:00.000Z,2026-08-26T13:43:00,1.06,1.063,1.059,1.06,2089239
2026-08-26T10:44:00.000Z,2026-08-26T13:44:00,1.06,1.06,1.057,1.058,1416532
2026-08-26T10:45:00.000Z,2026-08-26T13:45:00,1.06,1.06,1.058,1.06,3083581
2026-08-26T10:46:00.000Z,2026-08-26T13:46:00,1.06,1.06,1.058,1.059,577516
2026-08-26T10:47:00.000Z,2026-08-26T13:47:00,1.06,1.06,1.059,1.06,424875
2026-08-26T10:48:00.000Z,2026-08-26T13:48:00,1.06,1.06,1.06,1.06,203971
2026-08-26T10:49:00.000Z,2026-08-26T13:49:00,1.062,1.065,1.062,1.065,468148
2026-08-26T10:50:00.000Z,2026-08-26T13:50:00,1.065,1.066,1.065,1.065,1102442
2026-08-26T10:51:00.000Z,2026-08-26T13:51:00,1.066,1.066,1.055,1.055,4768780
2026-08-26T10:52:00.000Z,2026-08-26T13:52:00,1.055,1.065,1.055,1.065,2444799
2026-08-26T10:53:00.000Z,2026-08-26T13:53:00,1.06,1.065,1.06,1.06,1810777
2026-08-26T10:54:00.000Z,2026-08-26T13:54:00,1.063,1.063,1.06,1.06,681246
2026-08-26T10:55:00.000Z,2026-08-26T13:55:00,1.063,1.063,1.061,1.061,64640
2026-08-26T10:56:00.000Z,2026-08-26T13:56:00,1.061,1.063,1.061,1.063,126952
2026-08-26T10:57:00.000Z,2026-08-26T13:57:00,1.061,1.063,1.061,1.062,236478
2026-08-26T10:58:00.000Z,2026-08-26T13:58:00,1.062,1.063,1.062,1.062,103822
2026-08-26T10:59:00.000Z,2026-08-26T13:59:00,1.062,1.063,1.062,1.063,230954
2026-08-26T11:00:00.000Z,2026-08-26T14:00:00,1.062,1.062,1.059,1.06,2009273
2026-08-26T11:01:00.000Z,2026-08-26T14:01:00,1.06,1.062,1.06,1.06,495806
2026-08-26T11:02:00.000Z,2026-08-26T14:02:00,1.06,1.06,1.059,1.059,1435833
2026-08-26T11:03:00.000Z,2026-08-26T14:03:00,1.059,1.06,1.056,1.058,832796
2026-08-26T11:04:00.000Z,2026-08-26T14:04:00,1.059,1.06,1.058,1.058,1151283
2026-08-26T11:05:00.000Z,2026-08-26T14:05:00,1.058,1.06,1.056,1.056,631463
2026-08-26T11:06:00.000Z,2026-08-26T14:06:00,1.06,1.06,1.06,1.06,78630
2026-08-26T11:07:00.000Z,2026-08-26T14:07:00,1.06,1.06,1.06,1.06,738759
2026-08-26T11:08:00.000Z,2026-08-26T14:08:00,1.063,1.063,1.06,1.06,110531
2026-08-26T11:09:00.000Z,2026-08-26T14:09:00,1.06,1.064,1.06,1.064,297897
2026-08-26T11:10:00.000Z,2026-08-26T14:10:00,1.063,1.065,1.062,1.063,622983
2026-08-26T11:11:00.000Z,2026-08-26T14:11:00,1.063,1.066,1.063,1.065,692780
2026-08-26T11:12:00.000Z,2026-08-26T14:12:00,1.065,1.069,1.061,1.069,1851128
2026-08-26T11:13:00.000Z,2026-08-26T14:13:00,1.069,1.069,1.061,1.069,1187880
2026-08-26T11:14:00.000Z,2026-08-26T14:14:00,1.068,1.091,1.066,1.089,14033896
2026-08-26T11:15:00.000Z,2026-08-26T14:15:00,1.089,1.089,1.089,1.089,800000
2026-08-26T11:25:00.000Z,2026-08-26T14:25:00,1.1,1.1,1.1,1.1,9571537
2026-08-26T11:26:00.000Z,2026-08-26T14:26:00,1.1,1.1,1.1,1.1,2270759
2026-08-26T11:27:00.000Z,2026-08-26T14:27:00,1.1,1.1,1.1,1.1,363009
2026-08-26T11:28:00.000Z,2026-08-26T14:28:00,1.1,1.1,1.1,1.1,16048659
2026-08-26T11:29:00.000Z,2026-08-26T14:29:00,1.1,1.1,1.1,1.1,55700
2026-08-30T07:00:00.000Z,2026-08-30T10:00:00,1.12,1.14,1.11,1.13,2013633
2026-08-30T07:01:00.000Z,2026-08-30T10:01:00,1.13,1.14,1.11,1.14,8123720
2026-08-30T07:02:00.000Z,2026-08-30T10:02:00,1.14,1.15,1.12,1.12,6311304
2026-08-30T07:03:00.000Z,2026-08-30T10:03:00,1.12,1.14,1.12,1.13,2576708
2026-08-30T07:04:00.000Z,2026-08-30T10:04:00,1.13,1.14,1.11,1.13,5214513
2026-08-30T07:05:00.000Z,2026-08-30T10:05:00,1.13,1.15,1.1,1.13,8387167
2026-08-30T07:06:00.000Z,2026-08-30T10:06:00,1.13,1.13,1.11,1.13,2952309
2026-08-30T07:07:00.000Z,2026-08-30T10:07:00,1.13,1.13,1.11,1.11,1466721
2026-08-30T07:08:00.000Z,2026-08-30T10:08:00,1.11,1.11,1.08,1.1,4325679
2026-08-30T07:09:00.000Z,2026-08-30T10:09:00,1.09,1.11,1.09,1.1,2573919
2026-08-30T07:10:00.000Z,2026-08-30T10:10:00,1.09,1.11,1.09,1.1,633339
2026-08-30T07:11:00.000Z,2026-08-30T10:11:00,1.1,1.1,1.08,1.08,6979894
2026-08-30T07:12:00.000Z,2026-08-30T10:12:00,1.09,1.11,1.09,1.1,4207154
2026-08-30T07:13:00.000Z,2026-08-30T10:13:00,1.1,1.11,1.1,1.11,1070953
2026-08-30T07:14:00.000Z,2026-08-30T10:14:00,1.1,1.1,1.09,1.1,1478373
2026-08-30T07:15:00.000Z,2026-08-30T10:15:00,1.1,1.1,1.1,1.1,455398
2026-08-30T07:16:00.000Z,2026-08-30T10:16:00,1.1,1.1,1.09,1.1,176117
2026-08-30T07:17:00.000Z,2026-08-30T10:17:00,1.09,1.09,1.08,1.09,1974707
2026-08-30T07:18:00.000Z,2026-08-30T10:18:00,1.1,1.1,1.08,1.09,1751443
2026-08-30T07:19:00.000Z,2026-08-30T10:19:00,1.09,1.09,1.09,1.09,205195
2026-08-30T07:20:00.000Z,2026-08-30T10:20:00,1.09,1.1,1.08,1.09,653197
2026-08-30T07:21:00.000Z,2026-08-30T10:21:00,1.09,1.1,1.08,1.09,683787
2026-08-30T07:22:00.000Z,2026-08-30T10:22:00,1.09,1.09,1.06,1.07,4317477
2026-08-30T07:23:00.000Z,2026-08-30T10:23:00,1.09,1.09,1.07,1.08,1139535
2026-08-30T07:24:00.000Z,2026-08-30T10:24:00,1.08,1.08,1.07,1.08,1196992
2026-08-30T07:25:00.000Z,2026-08-30T10:25:00,1.07,1.08,1.07,1.08,691492
2026-08-30T07:26:00.000Z,2026-08-30T10:26:00,1.07,1.08,1.07,1.08,1004728
2026-08-30T07:27:00.000Z,2026-08-30T10:27:00,1.08,1.08,1.08,1.08,320990
2026-08-30T07:28:00.000Z,2026-08-30T10:28:00,1.08,1.09,1.08,1.09,623952
2026-08-30T07:29:00.000Z,2026-08-30T10:29:00,1.09,1.1,1.08,1.09,956839
2026-08-30T07:30:00.000Z,2026-08-30T10:30:00,1.1,1.1,1.09,1.1,95168
2026-08-30T07:31:00.000Z,2026-08-30T10:31:00,1.1,1.1,1.09,1.1,2266080
2026-08-30T07:32:00.000Z,2026-08-30T10:32:00,1.1,1.1,1.1,1.1,675219
2026-08-30T07:33:00.000Z,2026-08-30T10:33:00,1.1,1.1,1.09,1.1,51393
2026-08-30T07:34:00.000Z,2026-08-30T10:34:00,1.1,1.1,1.09,1.09,24980
2026-08-30T07:35:00.000Z,2026-08-30T10:35:00,1.1,1.1,1.09,1.1,121004
2026-08-30T07:36:00.000Z,2026-08-30T10:36:00,1.09,1.1,1.09,1.09,116097
2026-08-30T07:37:00.000Z,2026-08-30T10:37:00,1.1,1.1,1.09,1.1,308627
2026-08-30T07:38:00.000Z,2026-08-30T10:38:00,1.09,1.11,1.09,1.11,2345691
2026-08-30T07:39:00.000Z,2026-08-30T10:39:00,1.1,1.11,1.1,1.11,1734843
2026-08-30T07:40:00.000Z,2026-08-30T10:40:00,1.1,1.11,1.1,1.11,114741
2026-08-30T07:41:00.000Z,2026-08-30T10:41:00,1.11,1.11,1.1,1.1,384204
2026-08-30T07:42:00.000Z,2026-08-30T10:42:00,1.11,1.11,1.11,1.11,35061
2026-08-30T07:43:00.000Z,2026-08-30T10:43:00,1.11,1.11,1.11,1.11,1568407
2026-08-30T07:44:00.000Z,2026-08-30T10:44:00,1.12,1.12,1.11,1.11,1319237
2026-08-30T07:45:00.000Z,2026-08-30T10:45:00,1.11,1.12,1.11,1.11,744399
2026-08-30T07:46:00.000Z,2026-08-30T10:46:00,1.11,1.11,1.1,1.1,669500
2026-08-30T07:48:00.000Z,2026-08-30T10:48:00,1.11,1.11,1.11,1.11,18977
2026-08-30T07:49:00.000Z,2026-08-30T10:49:00,1.11,1.11,1.11,1.11,234133
2026-08-30T07:50:00.000Z,2026-08-30T10:50:00,1.11,1.11,1.11,1.11,566481
2026-08-30T07:51:00.000Z,2026-08-30T10:51:00,1.11,1.12,1.11,1.12,406987
2026-08-30T07:52:00.000Z,2026-08-30T10:52:00,1.12,1.12,1.11,1.12,1015936
2026-08-30T07:53:00.000Z,2026-08-30T10:53:00,1.12,1.12,1.12,1.12,66725
2026-08-30T07:54:00.000Z,2026-08-30T10:54:00,1.12,1.12,1.11,1.12,669060
2026-08-30T07:55:00.000Z,2026-08-30T10:55:00,1.12,1.12,1.12,1.12,120994
2026-08-30T07:56:00.000Z,2026-08-30T10:56:00,1.12,1.12,1.11,1.12,78123
2026-08-30T07:57:00.000Z,2026-08-30T10:57:00,1.11,1.12,1.11,1.12,69648
2026-08-30T07:58:00.000Z,2026-08-30T10:58:00,1.12,1.12,1.12,1.12,65849
2026-08-30T07:59:00.000Z,2026-08-30T10:59:00,1.12,1.12,1.11,1.12,195230
2026-08-30T08:00:00.000Z,2026-08-30T11:00:00,1.11,1.12,1.11,1.11,1435086
2026-08-30T08:01:00.000Z,2026-08-30T11:01:00,1.11,1.12,1.1,1.1,1089754
2026-08-30T08:02:00.000Z,2026-08-30T11:02:00,1.11,1.11,1.1,1.1,1107994
2026-08-30T08:03:00.000Z,2026-08-30T11:03:00,1.1,1.12,1.1,1.11,1148258
2026-08-30T08:04:00.000Z,2026-08-30T11:04:00,1.11,1.11,1.11,1.11,239239
2026-08-30T08:05:00.000Z,2026-08-30T11:05:00,1.11,1.11,1.1,1.1,133885
2026-08-30T08:06:00.000Z,2026-08-30T11:06:00,1.11,1.11,1.1,1.11,10177
2026-08-30T08:07:00.000Z,2026-08-30T11:07:00,1.11,1.11,1.11,1.11,12819
2026-08-30T08:08:00.000Z,2026-08-30T11:08:00,1.11,1.11,1.11,1.11,30965
2026-08-30T08:09:00.000Z,2026-08-30T11:09:00,1.11,1.11,1.1,1.1,326025
2026-08-30T08:10:00.000Z,2026-08-30T11:10:00,1.1,1.11,1.1,1.1,1747585
2026-08-30T08:11:00.000Z,2026-08-30T11:11:00,1.1,1.1,1.09,1.09,1059037
2026-08-30T08:12:00.000Z,2026-08-30T11:12:00,1.09,1.1,1.08,1.08,1988249
2026-08-30T08:13:00.000Z,2026-08-30T11:13:00,1.08,1.09,1.08,1.09,1136527
2026-08-30T08:14:00.000Z,2026-08-30T11:14:00,1.08,1.09,1.08,1.09,29755
2026-08-30T08:15:00.000Z,2026-08-30T11:15:00,1.09,1.09,1.08,1.09,222989
2026-08-30T08:16:00.000Z,2026-08-30T11:16:00,1.08,1.09,1.07,1.09,738730
2026-08-30T08:17:00.000Z,2026-08-30T11:17:00,1.09,1.09,1.08,1.08,142408
2026-08-30T08:18:00.000Z,2026-08-30T11:18:00,1.09,1.1,1.09,1.09,1443400
2026-08-30T08:19:00.000Z,2026-08-30T11:19:00,1.09,1.09,1.09,1.09,82551
2026-08-30T08:20:00.000Z,2026-08-30T11:20:00,1.09,1.09,1.09,1.09,1180851
2026-08-30T08:21:00.000Z,2026-08-30T11:21:00,1.1,1.1,1.1,1.1,400
2026-08-30T08:22:00.000Z,2026-08-30T11:22:00,1.1,1.1,1.09,1.1,28775
2026-08-30T08:23:00.000Z,2026-08-30T11:23:00,1.09,1.1,1.09,1.1,1000004
2026-08-30T08:24:00.000Z,2026-08-30T11:24:00,1.1,1.1,1.09,1.09,1116363
2026-08-30T08:25:00.000Z,2026-08-30T11:25:00,1.09,1.09,1.09,1.09,1000000
2026-08-30T08:26:00.000Z,2026-08-30T11:26:00,1.09,1.1,1.09,1.09,1207402
2026-08-30T08:27:00.000Z,2026-08-30T11:27:00,1.09,1.1,1.09,1.09,611849
2026-08-30T08:28:00.000Z,2026-08-30T11:28:00,1.09,1.1,1.09,1.09,838136
2026-08-30T08:29:00.000Z,2026-08-30T11:29:00,1.09,1.1,1.09,1.09,193211
2026-08-30T08:30:00.000Z,2026-08-30T11:30:00,1.09,1.09,1.09,1.09,547113
2026-08-30T08:31:00.000Z,2026-08-30T11:31:00,1.09,1.09,1.08,1.09,2520902
2026-08-30T08:32:00.000Z,2026-08-30T11:32:00,1.08,1.09,1.08,1.09,203000
2026-08-30T08:33:00.000Z,2026-08-30T11:33:00,1.08,1.09,1.08,1.08,176280
2026-08-30T08:34:00.000Z,2026-08-30T11:34:00,1.08,1.09,1.08,1.08,162517
2026-08-30T08:35:00.000Z,2026-08-30T11:35:00,1.09,1.09,1.08,1.09,128056
2026-08-30T08:36:00.000Z,2026-08-30T11:36:00,1.09,1.09,1.08,1.08,366811
2026-08-30T08:37:00.000Z,2026-08-30T11:37:00,1.08,1.08,1.07,1.08,458959
2026-08-30T08:38:00.000Z,2026-08-30T11:38:00,1.08,1.09,1.08,1.09,43868
2026-08-30T08:39:00.000Z,2026-08-30T11:39:00,1.09,1.09,1.09,1.09,10064
2026-08-30T08:40:00.000Z,2026-08-30T11:40:00,1.09,1.09,1.08,1.09,49936
2026-08-30T08:41:00.000Z,2026-08-30T11:41:00,1.08,1.08,1.08,1.08,1328077
2026-08-30T08:42:00.000Z,2026-08-30T11:42:00,1.08,1.08,1.07,1.07,2271964
2026-08-30T08:43:00.000Z,2026-08-30T11:43:00,1.07,1.08,1.07,1.07,608049
2026-08-30T08:44:00.000Z,2026-08-30T11:44:00,1.07,1.08,1.07,1.08,157301
2026-08-30T08:45:00.000Z,2026-08-30T11:45:00,1.08,1.08,1.07,1.08,119473
2026-08-30T08:46:00.000Z,2026-08-30T11:46:00,1.08,1.08,1.07,1.08,2704129
2026-08-30T08:47:00.000Z,2026-08-30T11:47:00,1.07,1.07,1.07,1.07,1419217
2026-08-30T08:48:00.000Z,2026-08-30T11:48:00,1.07,1.08,1.07,1.08,279863
2026-08-30T08:49:00.000Z,2026-08-30T11:49:00,1.07,1.08,1.07,1.08,1514150
2026-08-30T08:50:00.000Z,2026-08-30T11:50:00,1.08,1.09,1.08,1.08,370016
2026-08-30T08:51:00.000Z,2026-08-30T11:51:00,1.09,1.09,1.08,1.09,297370
2026-08-30T08:52:00.000Z,2026-08-30T11:52:00,1.08,1.08,1.08,1.08,2895
2026-08-30T08:53:00.000Z,2026-08-30T11:53:00,1.09,1.09,1.08,1.08,504301
2026-08-30T08:54:00.000Z,2026-08-30T11:54:00,1.09,1.09,1.07,1.08,1002750
2026-08-30T08:55:00.000Z,2026-08-30T11:55:00,1.09,1.09,1.08,1.09,43387
2026-08-30T08:56:00.000Z,2026-08-30T11:56:00,1.09,1.09,1.08,1.09,17144
2026-08-30T08:57:00.000Z,2026-08-30T11:57:00,1.09,1.09,1.08,1.08,12273
2026-08-30T08:58:00.000Z,2026-08-30T11:58:00,1.09,1.09,1.09,1.09,59376
2026-08-30T08:59:00.000Z,2026-08-30T11:59:00,1.09,1.09,1.08,1.09,3076
2026-08-30T09:00:00.000Z,2026-08-30T12:00:00,1.08,1.09,1.08,1.09,10046
2026-08-30T09:01:00.000Z,2026-08-30T12:01:00,1.09,1.09,1.08,1.09,104819
2026-08-30T09:02:00.000Z,2026-08-30T12:02:00,1.09,1.09,1.09,1.09,4672
2026-08-30T09:03:00.000Z,2026-08-30T12:03:00,1.09,1.09,1.09,1.09,1456
2026-08-30T09:04:00.000Z,2026-08-30T12:04:00,1.08,1.09,1.08,1.09,102494
2026-08-30T09:05:00.000Z,2026-08-30T12:05:00,1.09,1.09,1.08,1.08,25104
2026-08-30T09:06:00.000Z,2026-08-30T12:06:00,1.08,1.08,1.08,1.08,65000
2026-08-30T09:07:00.000Z,2026-08-30T12:07:00,1.09,1.09,1.08,1.09,39478
2026-08-30T09:08:00.000Z,2026-08-30T12:08:00,1.09,1.09,1.08,1.09,420895
2026-08-30T09:09:00.000Z,2026-08-30T12:09:00,1.08,1.09,1.08,1.08,478990
2026-08-30T09:10:00.000Z,2026-08-30T12:10:00,1.08,1.08,1.07,1.07,22885
2026-08-30T09:11:00.000Z,2026-08-30T12:11:00,1.08,1.08,1.07,1.08,52144
2026-08-30T09:12:00.000Z,2026-08-30T12:12:00,1.08,1.08,1.08,1.08,500009
2026-08-30T09:13:00.000Z,2026-08-30T12:13:00,1.08,1.08,1.08,1.08,2292265
2026-08-30T09:14:00.000Z,2026-08-30T12:14:00,1.09,1.09,1.09,1.09,501598
2026-08-30T09:15:00.000Z,2026-08-30T12:15:00,1.09,1.09,1.09,1.09,128375
2026-08-30T09:16:00.000Z,2026-08-30T12:16:00,1.09,1.09,1.08,1.09,59590
2026-08-30T09:17:00.000Z,2026-08-30T12:17:00,1.09,1.09,1.08,1.08,315300
2026-08-30T09:18:00.000Z,2026-08-30T12:18:00,1.09,1.09,1.09,1.09,104644
2026-08-30T09:19:00.000Z,2026-08-30T12:19:00,1.09,1.09,1.09,1.09,134866
2026-08-30T09:20:00.000Z,2026-08-30T12:20:00,1.09,1.09,1.08,1.09,11238
2026-08-30T09:21:00.000Z,2026-08-30T12:21:00,1.09,1.09,1.09,1.09,9000
2026-08-30T09:23:00.000Z,2026-08-30T12:23:00,1.09,1.09,1.09,1.09,208919
2026-08-30T09:25:00.000Z,2026-08-30T12:25:00,1.09,1.09,1.09,1.09,7610
2026-08-30T09:26:00.000Z,2026-08-30T12:26:00,1.08,1.09,1.08,1.09,550262
2026-08-30T09:27:00.000Z,2026-08-30T12:27:00,1.09,1.09,1.09,1.09,25832
2026-08-30T09:28:00.000Z,2026-08-30T12:28:00,1.09,1.09,1.08,1.08,4000
2026-08-30T09:29:00.000Z,2026-08-30T12:29:00,1.08,1.09,1.08,1.09,4125
2026-08-30T09:30:00.000Z,2026-08-30T12:30:00,1.09,1.09,1.08,1.09,115372
2026-08-30T09:31:00.000Z,2026-08-30T12:31:00,1.09,1.09,1.09,1.09,24774
2026-08-30T09:32:00.000Z,2026-08-30T12:32:00,1.08,1.09,1.08,1.09,4010
2026-08-30T09:33:00.000Z,2026-08-30T12:33:00,1.09,1.09,1.09,1.09,30000
2026-08-30T09:34:00.000Z,2026-08-30T12:34:00,1.09,1.09,1.09,1.09,134397
2026-08-30T09:35:00.000Z,2026-08-30T12:35:00,1.09,1.09,1.09,1.09,38145
2026-08-30T09:36:00.000Z,2026-08-30T12:36:00,1.09,1.1,1.09,1.1,2127810
2026-08-30T09:37:00.000Z,2026-08-30T12:37:00,1.1,1.1,1.09,1.09,538873
2026-08-30T09:38:00.000Z,2026-08-30T12:38:00,1.09,1.1,1.08,1.09,7740086
2026-08-30T09:39:00.000Z,2026-08-30T12:39:00,1.08,1.08,1.08,1.08,980494
2026-08-30T09:40:00.000Z,2026-08-30T12:40:00,1.08,1.08,1.07,1.08,104506
2026-08-30T09:41:00.000Z,2026-08-30T12:41:00,1.08,1.08,1.07,1.07,504904
2026-08-30T09:42:00.000Z,2026-08-30T12:42:00,1.08,1.08,1.08,1.08,87363
2026-08-30T09:43:00.000Z,2026-08-30T12:43:00,1.07,1.08,1.07,1.08,63662
2026-08-30T09:44:00.000Z,2026-08-30T12:44:00,1.08,1.08,1.07,1.07,296074
2026-08-30T09:45:00.000Z,2026-08-30T12:45:00,1.08,1.08,1.08,1.08,274667
2026-08-30T09:46:00.000Z,2026-08-30T12:46:00,1.08,1.09,1.07,1.08,301723
2026-08-30T09:47:00.000Z,2026-08-30T12:47:00,1.08,1.08,1.08,1.08,273354
2026-08-30T09:48:00.000Z,2026-08-30T12:48:00,1.07,1.08,1.07,1.08,20594
2026-08-30T09:49:00.000Z,2026-08-30T12:49:00,1.08,1.09,1.07,1.08,295466
2026-08-30T09:50:00.000Z,2026-08-30T12:50:00,1.08,1.08,1.07,1.08,39127
2026-08-30T09:51:00.000Z,2026-08-30T12:51:00,1.08,1.08,1.08,1.08,1000
2026-08-30T09:52:00.000Z,2026-08-30T12:52:00,1.08,1.08,1.07,1.08,241941
2026-08-30T09:53:00.000Z,2026-08-30T12:53:00,1.08,1.08,1.08,1.08,3588788
2026-08-30T09:54:00.000Z,2026-08-30T12:54:00,1.08,1.08,1.08,1.08,111033
2026-08-30T09:55:00.000Z,2026-08-30T12:55:00,1.08,1.09,1.08,1.08,156341
2026-08-30T09:56:00.000Z,2026-08-30T12:56:00,1.08,1.09,1.08,1.09,249838
2026-08-30T09:57:00.000Z,2026-08-30T12:57:00,1.08,1.08,1.07,1.07,70167
2026-08-30T09:58:00.000Z,2026-08-30T12:58:00,1.07,1.08,1.07,1.07,811326
2026-08-30T09:59:00.000Z,2026-08-30T12:59:00,1.07,1.08,1.07,1.08,204900
2026-08-30T10:00:00.000Z,2026-08-30T13:00:00,1.08,1.08,1.07,1.08,48012
2026-08-30T10:01:00.000Z,2026-08-30T13:01:00,1.07,1.08,1.07,1.08,28120
2026-08-30T10:02:00.000Z,2026-08-30T13:02:00,1.08,1.08,1.08,1.08,71734
2026-08-30T10:03:00.000Z,2026-08-30T13:03:00,1.08,1.09,1.08,1.08,342785
2026-08-30T10:04:00.000Z,2026-08-30T13:04:00,1.08,1.08,1.08,1.08,19394
2026-08-30T10:05:00.000Z,2026-08-30T13:05:00,1.08,1.08,1.08,1.08,4039
2026-08-30T10:06:00.000Z,2026-08-30T13:06:00,1.08,1.08,1.07,1.07,780748
2026-08-30T10:07:00.000Z,2026-08-30T13:07:00,1.08,1.08,1.08,1.08,100000
2026-08-30T10:08:00.000Z,2026-08-30T13:08:00,1.08,1.08,1.08,1.08,7841
2026-08-30T10:09:00.000Z,2026-08-30T13:09:00,1.08,1.08,1.07,1.08,108420
2026-08-30T10:10:00.000Z,2026-08-30T13:10:00,1.07,1.08,1.07,1.08,380226
2026-08-30T10:11:00.000Z,2026-08-30T13:11:00,1.08,1.08,1.08,1.08,6564
2026-08-30T10:12:00.000Z,2026-08-30T13:12:00,1.08,1.08,1.07,1.08,1701265
2026-08-30T10:13:00.000Z,2026-08-30T13:13:00,1.08,1.08,1.07,1.08,267880
2026-08-30T10:14:00.000Z,2026-08-30T13:14:00,1.08,1.09,1.08,1.09,332506
2026-08-30T10:16:00.000Z,2026-08-30T13:16:00,1.09,1.09,1.08,1.08,343925
2026-08-30T10:17:00.000Z,2026-08-30T13:17:00,1.08,1.09,1.07,1.09,700832
2026-08-30T10:18:00.000Z,2026-08-30T13:18:00,1.08,1.08,1.08,1.08,192357
2026-08-30T10:19:00.000Z,2026-08-30T13:19:00,1.08,1.08,1.07,1.08,137820
2026-08-30T10:20:00.000Z,2026-08-30T13:20:00,1.07,1.08,1.07,1.08,250500
2026-08-30T10:21:00.000Z,2026-08-30T13:21:00,1.07,1.08,1.07,1.08,79064
2026-08-30T10:22:00.000Z,2026-08-30T13:22:00,1.08,1.08,1.08,1.08,86624
2026-08-30T10:23:00.000Z,2026-08-30T13:23:00,1.08,1.08,1.07,1.08,423123
2026-08-30T10:24:00.000Z,2026-08-30T13:24:00,1.08,1.08,1.07,1.08,125148
2026-08-30T10:25:00.000Z,2026-08-30T13:25:00,1.08,1.08,1.08,1.08,53280
2026-08-30T10:26:00.000Z,2026-08-30T13:26:00,1.08,1.08,1.08,1.08,3270
2026-08-30T10:27:00.000Z,2026-08-30T13:27:00,1.08,1.08,1.07,1.07,261949
2026-08-30T10:28:00.000Z,2026-08-30T13:28:00,1.07,1.08,1.07,1.08,68770
2026-08-30T10:29:00.000Z,2026-08-30T13:29:00,1.08,1.08,1.07,1.07,46923
2026-08-30T10:30:00.000Z,2026-08-30T13:30:00,1.08,1.08,1.07,1.08,178371
2026-08-30T10:31:00.000Z,2026-08-30T13:31:00,1.08,1.08,1.07,1.08,185371
2026-08-30T10:32:00.000Z,2026-08-30T13:32:00,1.08,1.09,1.08,1.08,1000000
2026-08-30T10:33:00.000Z,2026-08-30T13:33:00,1.08,1.09,1.08,1.08,391772
2026-08-30T10:34:00.000Z,2026-08-30T13:34:00,1.07,1.08,1.07,1.08,1543475
2026-08-30T10:35:00.000Z,2026-08-30T13:35:00,1.08,1.08,1.08,1.08,29297
2026-08-30T10:36:00.000Z,2026-08-30T13:36:00,1.08,1.08,1.07,1.08,352706
2026-08-30T10:37:00.000Z,2026-08-30T13:37:00,1.08,1.08,1.08,1.08,5032
2026-08-30T10:38:00.000Z,2026-08-30T13:38:00,1.08,1.08,1.08,1.08,4244
2026-08-30T10:39:00.000Z,2026-08-30T13:39:00,1.08,1.08,1.07,1.08,33156
2026-08-30T10:40:00.000Z,2026-08-30T13:40:00,1.08,1.08,1.07,1.07,168828
2026-08-30T10:41:00.000Z,2026-08-30T13:41:00,1.08,1.08,1.08,1.08,69047
2026-08-30T10:42:00.000Z,2026-08-30T13:42:00,1.08,1.08,1.07,1.08,2023768
2026-08-30T10:43:00.000Z,2026-08-30T13:43:00,1.08,1.08,1.07,1.08,34054
2026-08-30T10:45:00.000Z,2026-08-30T13:45:00,1.08,1.08,1.08,1.08,10056
2026-08-30T10:46:00.000Z,2026-08-30T13:46:00,1.08,1.08,1.08,1.08,3483
2026-08-30T10:47:00.000Z,2026-08-30T13:47:00,1.08,1.08,1.07,1.08,70175
2026-08-30T10:48:00.000Z,2026-08-30T13:48:00,1.08,1.08,1.08,1.08,170000
2026-08-30T10:49:00.000Z,2026-08-30T13:49:00,1.08,1.08,1.07,1.08,331239
2026-08-30T10:50:00.000Z,2026-08-30T13:50:00,1.07,1.07,1.07,1.07,119534
2026-08-30T10:51:00.000Z,2026-08-30T13:51:00,1.08,1.08,1.07,1.08,187784
2026-08-30T10:52:00.000Z,2026-08-30T13:52:00,1.08,1.08,1.07,1.07,615802
2026-08-30T10:54:00.000Z,2026-08-30T13:54:00,1.07,1.08,1.07,1.07,1052276
2026-08-30T10:55:00.000Z,2026-08-30T13:55:00,1.07,1.07,1.06,1.07,2582075
2026-08-30T10:56:00.000Z,2026-08-30T13:56:00,1.07,1.07,1.06,1.06,782617
2026-08-30T10:57:00.000Z,2026-08-30T13:57:00,1.06,1.07,1.06,1.07,223412
2026-08-30T10:58:00.000Z,2026-08-30T13:58:00,1.06,1.07,1.06,1.07,124396
2026-08-30T10:59:00.000Z,2026-08-30T13:59:00,1.07,1.07,1.06,1.07,40266
2026-08-30T11:00:00.000Z,2026-08-30T14:00:00,1.07,1.07,1.06,1.07,12238
2026-08-30T11:01:00.000Z,2026-08-30T14:01:00,1.07,1.07,1.06,1.06,23794
2026-08-30T11:02:00.000Z,2026-08-30T14:02:00,1.06,1.08,1.06,1.07,1808192
2026-08-30T11:03:00.000Z,2026-08-30T14:03:00,1.07,1.07,1.06,1.06,556928
2026-08-30T11:04:00.000Z,2026-08-30T14:04:00,1.06,1.07,1.06,1.06,117018
2026-08-30T11:05:00.000Z,2026-08-30T14:05:00,1.07,1.07,1.06,1.06,92709
2026-08-30T11:06:00.000Z,2026-08-30T14:06:00,1.06,1.07,1.06,1.07,89453
2026-08-30T11:07:00.000Z,2026-08-30T14:07:00,1.06,1.06,1.06,1.06,1687961
2026-08-30T11:08:00.000Z,2026-08-30T14:08:00,1.06,1.06,1.06,1.06,901984
2026-08-30T11:09:00.000Z,2026-08-30T14:09:00,1.07,1.07,1.06,1.06,4722156
2026-08-30T11:10:00.000Z,2026-08-30T14:10:00,1.06,1.07,1.05,1.06,2808074
2026-08-30T11:11:00.000Z,2026-08-30T14:11:00,1.06,1.07,1.06,1.06,1156819
2026-08-30T11:12:00.000Z,2026-08-30T14:12:00,1.06,1.07,1.05,1.06,1180641
2026-08-30T11:13:00.000Z,2026-08-30T14:13:00,1.06,1.06,1.05,1.06,368068
2026-08-30T11:14:00.000Z,2026-08-30T14:14:00,1.05,1.06,1.05,1.05,1083415
2026-08-30T11:25:00.000Z,2026-08-30T14:25:00,1.03,1.03,1.03,1.03,21774890
2026-08-30T11:26:00.000Z,2026-08-30T14:26:00,1.03,1.03,1.03,1.03,4501611
2026-08-30T11:27:00.000Z,2026-08-30T14:27:00,1.03,1.03,1.03,1.03,1784036
2026-08-30T11:28:00.000Z,2026-08-30T14:28:00,1.03,1.03,1.03,1.03,1750000
2026-08-30T11:29:00.000Z,2026-08-30T14:29:00,1.03,1.03,1.03,1.03,177761
2026-08-31T07:00:00.000Z,2026-08-31T10:00:00,1.03,1.06,1.03,1.05,4399959
2026-08-31T07:01:00.000Z,2026-08-31T10:01:00,1.05,1.06,1.04,1.05,4334169
2026-08-31T07:02:00.000Z,2026-08-31T10:02:00,1.05,1.05,1.05,1.05,156000
2026-08-31T07:03:00.000Z,2026-08-31T10:03:00,1.06,1.06,1.05,1.06,442206
2026-08-31T07:04:00.000Z,2026-08-31T10:04:00,1.05,1.06,1.05,1.06,25493
2026-08-31T07:05:00.000Z,2026-08-31T10:05:00,1.06,1.06,1.05,1.05,173849
2026-08-31T07:06:00.000Z,2026-08-31T10:06:00,1.05,1.07,1.05,1.05,3152418
2026-08-31T07:07:00.000Z,2026-08-31T10:07:00,1.05,1.05,1.04,1.05,5939868
2026-08-31T07:08:00.000Z,2026-08-31T10:08:00,1.05,1.06,1.05,1.05,2719972
2026-08-31T07:09:00.000Z,2026-08-31T10:09:00,1.05,1.06,1.05,1.05,1131071
2026-08-31T07:10:00.000Z,2026-08-31T10:10:00,1.04,1.05,1.04,1.05,224875
2026-08-31T07:11:00.000Z,2026-08-31T10:11:00,1.05,1.05,1.04,1.05,1447040
2026-08-31T07:12:00.000Z,2026-08-31T10:12:00,1.05,1.06,1.05,1.05,162326
2026-08-31T07:13:00.000Z,2026-08-31T10:13:00,1.05,1.05,1.04,1.04,1025800
2026-08-31T07:14:00.000Z,2026-08-31T10:14:00,1.05,1.06,1.05,1.06,1640762
2026-08-31T07:15:00.000Z,2026-08-31T10:15:00,1.05,1.06,1.05,1.06,313843
2026-08-31T07:16:00.000Z,2026-08-31T10:16:00,1.05,1.06,1.05,1.06,302835
2026-08-31T07:17:00.000Z,2026-08-31T10:17:00,1.06,1.06,1.06,1.06,10863
2026-08-31T07:18:00.000Z,2026-08-31T10:18:00,1.06,1.06,1.06,1.06,11800
2026-08-31T07:19:00.000Z,2026-08-31T10:19:00,1.06,1.06,1.05,1.05,129422
2026-08-31T07:20:00.000Z,2026-08-31T10:20:00,1.05,1.06,1.05,1.05,326067
2026-08-31T07:21:00.000Z,2026-08-31T10:21:00,1.06,1.06,1.05,1.05,633007
2026-08-31T07:22:00.000Z,2026-08-31T10:22:00,1.05,1.05,1.05,1.05,97014
2026-08-31T07:23:00.000Z,2026-08-31T10:23:00,1.05,1.05,1.05,1.05,439032
2026-08-31T07:24:00.000Z,2026-08-31T10:24:00,1.05,1.05,1.05,1.05,67000
2026-08-31T07:25:00.000Z,2026-08-31T10:25:00,1.05,1.05,1.04,1.05,116995
2026-08-31T07:26:00.000Z,2026-08-31T10:26:00,1.05,1.05,1.05,1.05,2550592
2026-08-31T07:27:00.000Z,2026-08-31T10:27:00,1.05,1.05,1.04,1.05,396676
2026-08-31T07:28:00.000Z,2026-08-31T10:28:00,1.05,1.05,1.05,1.05,265406
2026-08-31T07:29:00.000Z,2026-08-31T10:29:00,1.05,1.06,1.05,1.05,729659
2026-08-31T07:30:00.000Z,2026-08-31T10:30:00,1.06,1.06,1.05,1.06,56205
2026-08-31T07:31:00.000Z,2026-08-31T10:31:00,1.06,1.06,1.05,1.05,79181
2026-08-31T07:32:00.000Z,2026-08-31T10:32:00,1.05,1.05,1.05,1.05,1180988
2026-08-31T07:33:00.000Z,2026-08-31T10:33:00,1.05,1.06,1.05,1.06,820112
2026-08-31T07:34:00.000Z,2026-08-31T10:34:00,1.05,1.06,1.05,1.06,795242
2026-08-31T07:35:00.000Z,2026-08-31T10:35:00,1.05,1.05,1.05,1.05,80660
2026-08-31T07:36:00.000Z,2026-08-31T10:36:00,1.06,1.06,1.05,1.05,34295
2026-08-31T07:37:00.000Z,2026-08-31T10:37:00,1.05,1.06,1.05,1.06,14664
2026-08-31T07:38:00.000Z,2026-08-31T10:38:00,1.06,1.06,1.05,1.06,252412
2026-08-31T07:39:00.000Z,2026-08-31T10:39:00,1.04,1.06,1.04,1.06,40852
2026-08-31T07:40:00.000Z,2026-08-31T10:40:00,1.05,1.05,1.05,1.05,34285
2026-08-31T07:41:00.000Z,2026-08-31T10:41:00,1.05,1.05,1.05,1.05,166491
2026-08-31T07:42:00.000Z,2026-08-31T10:42:00,1.05,1.05,1.05,1.05,16923
2026-08-31T07:43:00.000Z,2026-08-31T10:43:00,1.05,1.05,1.04,1.04,117285
2026-08-31T07:44:00.000Z,2026-08-31T10:44:00,1.05,1.05,1.05,1.05,102602
2026-08-31T07:45:00.000Z,2026-08-31T10:45:00,1.04,1.05,1.04,1.05,5915
2026-08-31T07:46:00.000Z,2026-08-31T10:46:00,1.05,1.05,1.05,1.05,2776
2026-08-31T07:47:00.000Z,2026-08-31T10:47:00,1.04,1.05,1.04,1.05,665682
2026-08-31T07:48:00.000Z,2026-08-31T10:48:00,1.04,1.05,1.04,1.05,55351
2026-08-31T07:49:00.000Z,2026-08-31T10:49:00,1.05,1.05,1.04,1.04,1032677
2026-08-31T07:50:00.000Z,2026-08-31T10:50:00,1.05,1.05,1.05,1.05,1120392
2026-08-31T07:51:00.000Z,2026-08-31T10:51:00,1.05,1.05,1.04,1.05,4546
2026-08-31T07:52:00.000Z,2026-08-31T10:52:00,1.05,1.05,1.04,1.05,1291172
2026-08-31T07:53:00.000Z,2026-08-31T10:53:00,1.05,1.05,1.05,1.05,20194
2026-08-31T07:54:00.000Z,2026-08-31T10:54:00,1.05,1.05,1.05,1.05,1943
2026-08-31T07:55:00.000Z,2026-08-31T10:55:00,1.05,1.05,1.05,1.05,74000
2026-08-31T07:56:00.000Z,2026-08-31T10:56:00,1.05,1.05,1.05,1.05,54357
2026-08-31T07:57:00.000Z,2026-08-31T10:57:00,1.04,1.05,1.04,1.04,305544
2026-08-31T07:58:00.000Z,2026-08-31T10:58:00,1.05,1.05,1.04,1.05,592052
2026-08-31T07:59:00.000Z,2026-08-31T10:59:00,1.05,1.05,1.04,1.05,86856
2026-08-31T08:00:00.000Z,2026-08-31T11:00:00,1.04,1.05,1.04,1.05,56433
2026-08-31T08:01:00.000Z,2026-08-31T11:01:00,1.04,1.05,1.04,1.05,23623
2026-08-31T08:02:00.000Z,2026-08-31T11:02:00,1.04,1.05,1.04,1.05,51073
2026-08-31T08:03:00.000Z,2026-08-31T11:03:00,1.05,1.05,1.04,1.04,1000006
2026-08-31T08:04:00.000Z,2026-08-31T11:04:00,1.05,1.05,1.04,1.04,2428425
2026-08-31T08:05:00.000Z,2026-08-31T11:05:00,1.04,1.05,1.04,1.04,2015634
2026-08-31T08:06:00.000Z,2026-08-31T11:06:00,1.04,1.04,1.04,1.04,165614
2026-08-31T08:07:00.000Z,2026-08-31T11:07:00,1.04,1.04,1.04,1.04,804488
2026-08-31T08:08:00.000Z,2026-08-31T11:08:00,1.04,1.04,1.04,1.04,150485
2026-08-31T08:09:00.000Z,2026-08-31T11:09:00,1.04,1.05,1.04,1.05,36531
2026-08-31T08:10:00.000Z,2026-08-31T11:10:00,1.04,1.04,1.04,1.04,250000
2026-08-31T08:11:00.000Z,2026-08-31T11:11:00,1.05,1.05,1.04,1.04,414464
2026-08-31T08:12:00.000Z,2026-08-31T11:12:00,1.04,1.04,1.04,1.04,2000
2026-08-31T08:13:00.000Z,2026-08-31T11:13:00,1.04,1.04,1.04,1.04,69551
2026-08-31T08:14:00.000Z,2026-08-31T11:14:00,1.04,1.05,1.04,1.05,225035
2026-08-31T08:15:00.000Z,2026-08-31T11:15:00,1.04,1.05,1.04,1.04,10746
2026-08-31T08:16:00.000Z,2026-08-31T11:16:00,1.05,1.05,1.04,1.05,616371
2026-08-31T08:17:00.000Z,2026-08-31T11:17:00,1.05,1.05,1.04,1.05,11208
2026-08-31T08:18:00.000Z,2026-08-31T11:18:00,1.05,1.05,1.04,1.05,326998
2026-08-31T08:19:00.000Z,2026-08-31T11:19:00,1.05,1.05,1.04,1.04,463485
2026-08-31T08:20:00.000Z,2026-08-31T11:20:00,1.04,1.04,1.04,1.04,36534
2026-08-31T08:21:00.000Z,2026-08-31T11:21:00,1.04,1.04,1.04,1.04,25000
2026-08-31T08:22:00.000Z,2026-08-31T11:22:00,1.04,1.04,1.04,1.04,12500
2026-08-31T08:23:00.000Z,2026-08-31T11:23:00,1.04,1.05,1.04,1.05,28693
2026-08-31T08:24:00.000Z,2026-08-31T11:24:00,1.04,1.05,1.04,1.04,3333
2026-08-31T08:25:00.000Z,2026-08-31T11:25:00,1.05,1.05,1.04,1.05,176059
2026-08-31T08:26:00.000Z,2026-08-31T11:26:00,1.04,1.04,1.04,1.04,103677
2026-08-31T08:27:00.000Z,2026-08-31T11:27:00,1.04,1.04,1.04,1.04,280229
2026-08-31T08:28:00.000Z,2026-08-31T11:28:00,1.05,1.05,1.04,1.05,49836
2026-08-31T08:29:00.000Z,2026-08-31T11:29:00,1.04,1.05,1.04,1.05,4017
2026-08-31T08:30:00.000Z,2026-08-31T11:30:00,1.04,1.04,1.04,1.04,273933
2026-08-31T08:31:00.000Z,2026-08-31T11:31:00,1.04,1.05,1.04,1.05,21007
2026-08-31T08:32:00.000Z,2026-08-31T11:32:00,1.04,1.05,1.04,1.05,75812
2026-08-31T08:33:00.000Z,2026-08-31T11:33:00,1.05,1.05,1.05,1.05,12501
2026-08-31T08:34:00.000Z,2026-08-31T11:34:00,1.04,1.04,1.04,1.04,10000
2026-08-31T08:36:00.000Z,2026-08-31T11:36:00,1.05,1.05,1.04,1.04,16458
2026-08-31T08:37:00.000Z,2026-08-31T11:37:00,1.05,1.05,1.04,1.04,58994
2026-08-31T08:38:00.000Z,2026-08-31T11:38:00,1.05,1.05,1.05,1.05,9523
2026-08-31T08:39:00.000Z,2026-08-31T11:39:00,1.05,1.05,1.04,1.04,186114
2026-08-31T08:40:00.000Z,2026-08-31T11:40:00,1.05,1.05,1.05,1.05,100
2026-08-31T08:42:00.000Z,2026-08-31T11:42:00,1.05,1.05,1.04,1.04,53819
2026-08-31T08:43:00.000Z,2026-08-31T11:43:00,1.05,1.05,1.04,1.05,1102481
2026-08-31T08:44:00.000Z,2026-08-31T11:44:00,1.04,1.05,1.04,1.05,5394
2026-08-31T08:45:00.000Z,2026-08-31T11:45:00,1.05,1.05,1.05,1.05,104
2026-08-31T08:46:00.000Z,2026-08-31T11:46:00,1.05,1.05,1.05,1.05,6546
2026-08-31T08:47:00.000Z,2026-08-31T11:47:00,1.05,1.05,1.04,1.04,7468
2026-08-31T08:48:00.000Z,2026-08-31T11:48:00,1.04,1.05,1.04,1.05,7265
2026-08-31T08:49:00.000Z,2026-08-31T11:49:00,1.04,1.04,1.04,1.04,21427
2026-08-31T08:50:00.000Z,2026-08-31T11:50:00,1.04,1.04,1.04,1.04,88650
2026-08-31T08:51:00.000Z,2026-08-31T11:51:00,1.04,1.04,1.04,1.04,16291
2026-08-31T08:52:00.000Z,2026-08-31T11:52:00,1.04,1.04,1.04,1.04,30000
2026-08-31T08:53:00.000Z,2026-08-31T11:53:00,1.05,1.05,1.04,1.05,64449
2026-08-31T08:54:00.000Z,2026-08-31T11:54:00,1.05,1.05,1.04,1.04,1180
2026-08-31T08:55:00.000Z,2026-08-31T11:55:00,1.04,1.04,1.04,1.04,10000
2026-08-31T08:56:00.000Z,2026-08-31T11:56:00,1.05,1.05,1.05,1.05,8900
2026-08-31T08:57:00.000Z,2026-08-31T11:57:00,1.05,1.05,1.05,1.05,5694
2026-08-31T08:59:00.000Z,2026-08-31T11:59:00,1.05,1.05,1.05,1.05,13228
2026-08-31T09:00:00.000Z,2026-08-31T12:00:00,1.05,1.05,1.04,1.04,7925
2026-08-31T09:01:00.000Z,2026-08-31T12:01:00,1.05,1.05,1.04,1.04,955
2026-08-31T09:02:00.000Z,2026-08-31T12:02:00,1.04,1.05,1.04,1.04,27313
2026-08-31T09:03:00.000Z,2026-08-31T12:03:00,1.04,1.05,1.04,1.04,24942
2026-08-31T09:04:00.000Z,2026-08-31T12:04:00,1.05,1.05,1.05,1.05,25000
2026-08-31T09:05:00.000Z,2026-08-31T12:05:00,1.05,1.05,1.05,1.05,59
2026-08-31T09:06:00.000Z,2026-08-31T12:06:00,1.05,1.05,1.05,1.05,607338
2026-08-31T09:07:00.000Z,2026-08-31T12:07:00,1.04,1.05,1.04,1.05,8807
2026-08-31T09:09:00.000Z,2026-08-31T12:09:00,1.05,1.05,1.05,1.05,12000
2026-08-31T09:10:00.000Z,2026-08-31T12:10:00,1.04,1.04,1.04,1.04,1000
2026-08-31T09:11:00.000Z,2026-08-31T12:11:00,1.05,1.05,1.04,1.04,450000
2026-08-31T09:12:00.000Z,2026-08-31T12:12:00,1.04,1.04,1.04,1.04,345200
2026-08-31T09:13:00.000Z,2026-08-31T12:13:00,1.05,1.05,1.05,1.05,1003
2026-08-31T09:14:00.000Z,2026-08-31T12:14:00,1.05,1.05,1.04,1.05,801000
2026-08-31T09:15:00.000Z,2026-08-31T12:15:00,1.04,1.04,1.04,1.04,563504
2026-08-31T09:16:00.000Z,2026-08-31T12:16:00,1.04,1.04,1.04,1.04,41552
2026-08-31T09:18:00.000Z,2026-08-31T12:18:00,1.04,1.04,1.04,1.04,811665
2026-08-31T09:19:00.000Z,2026-08-31T12:19:00,1.04,1.05,1.04,1.05,25050
2026-08-31T09:20:00.000Z,2026-08-31T12:20:00,1.04,1.04,1.04,1.04,132735
2026-08-31T09:21:00.000Z,2026-08-31T12:21:00,1.04,1.04,1.04,1.04,63774
2026-08-31T09:22:00.000Z,2026-08-31T12:22:00,1.05,1.05,1.05,1.05,55011
2026-08-31T09:23:00.000Z,2026-08-31T12:23:00,1.04,1.04,1.04,1.04,12676
2026-08-31T09:24:00.000Z,2026-08-31T12:24:00,1.04,1.04,1.04,1.04,7789
2026-08-31T09:25:00.000Z,2026-08-31T12:25:00,1.05,1.05,1.04,1.04,518439
2026-08-31T09:27:00.000Z,2026-08-31T12:27:00,1.04,1.04,1.04,1.04,4000
2026-08-31T09:28:00.000Z,2026-08-31T12:28:00,1.04,1.04,1.04,1.04,40035
2026-08-31T09:29:00.000Z,2026-08-31T12:29:00,1.03,1.03,1.03,1.03,500000
2026-08-31T09:30:00.000Z,2026-08-31T12:30:00,1.03,1.04,1.03,1.04,2005
2026-08-31T09:31:00.000Z,2026-08-31T12:31:00,1.03,1.04,1.03,1.04,501000
2026-08-31T09:32:00.000Z,2026-08-31T12:32:00,1.04,1.04,1.03,1.03,195
2026-08-31T09:33:00.000Z,2026-08-31T12:33:00,1.03,1.03,1.03,1.03,40000
2026-08-31T09:34:00.000Z,2026-08-31T12:34:00,1.03,1.04,1.03,1.04,73864
2026-08-31T09:35:00.000Z,2026-08-31T12:35:00,1.04,1.04,1.03,1.03,14984
2026-08-31T09:36:00.000Z,2026-08-31T12:36:00,1.03,1.04,1.03,1.04,1174437
2026-08-31T09:37:00.000Z,2026-08-31T12:37:00,1.03,1.04,1.03,1.04,51000
2026-08-31T09:38:00.000Z,2026-08-31T12:38:00,1.03,1.04,1.03,1.04,59209
2026-08-31T09:39:00.000Z,2026-08-31T12:39:00,1.04,1.04,1.04,1.04,123916
2026-08-31T09:40:00.000Z,2026-08-31T12:40:00,1.04,1.04,1.04,1.04,2202
2026-08-31T09:41:00.000Z,2026-08-31T12:41:00,1.04,1.04,1.03,1.04,10115
2026-08-31T09:42:00.000Z,2026-08-31T12:42:00,1.04,1.04,1.04,1.04,41
2026-08-31T09:44:00.000Z,2026-08-31T12:44:00,1.03,1.03,1.03,1.03,4370
2026-08-31T09:45:00.000Z,2026-08-31T12:45:00,1.04,1.04,1.04,1.04,151025
2026-08-31T09:46:00.000Z,2026-08-31T12:46:00,1.04,1.04,1.04,1.04,163359
2026-08-31T09:47:00.000Z,2026-08-31T12:47:00,1.05,1.05,1.05,1.05,50012
2026-08-31T09:48:00.000Z,2026-08-31T12:48:00,1.05,1.05,1.05,1.05,800
2026-08-31T09:49:00.000Z,2026-08-31T12:49:00,1.04,1.04,1.04,1.04,6000
2026-08-31T09:50:00.000Z,2026-08-31T12:50:00,1.04,1.04,1.04,1.04,7500
2026-08-31T09:51:00.000Z,2026-08-31T12:51:00,1.04,1.05,1.04,1.05,10048
2026-08-31T09:52:00.000Z,2026-08-31T12:52:00,1.04,1.05,1.04,1.05,59852
2026-08-31T09:53:00.000Z,2026-08-31T12:53:00,1.04,1.04,1.04,1.04,27515
2026-08-31T09:54:00.000Z,2026-08-31T12:54:00,1.05,1.05,1.04,1.04,5732
2026-08-31T09:55:00.000Z,2026-08-31T12:55:00,1.05,1.05,1.05,1.05,1
2026-08-31T09:56:00.000Z,2026-08-31T12:56:00,1.05,1.05,1.04,1.04,177841
2026-08-31T09:57:00.000Z,2026-08-31T12:57:00,1.04,1.05,1.04,1.05,40075
2026-08-31T09:58:00.000Z,2026-08-31T12:58:00,1.04,1.04,1.04,1.04,324359
2026-08-31T09:59:00.000Z,2026-08-31T12:59:00,1.04,1.05,1.04,1.04,124847
2026-08-31T10:00:00.000Z,2026-08-31T13:00:00,1.04,1.04,1.04,1.04,124359
2026-08-31T10:02:00.000Z,2026-08-31T13:02:00,1.04,1.04,1.03,1.03,10379
2026-08-31T10:03:00.000Z,2026-08-31T13:03:00,1.03,1.04,1.03,1.04,30000
2026-08-31T10:04:00.000Z,2026-08-31T13:04:00,1.04,1.04,1.03,1.03,34359
2026-08-31T10:05:00.000Z,2026-08-31T13:05:00,1.04,1.04,1.03,1.03,33408
2026-08-31T10:06:00.000Z,2026-08-31T13:06:00,1.03,1.03,1.03,1.03,52639
2026-08-31T10:07:00.000Z,2026-08-31T13:07:00,1.03,1.04,1.03,1.04,91002
2026-08-31T10:08:00.000Z,2026-08-31T13:08:00,1.04,1.04,1.03,1.04,81594
2026-08-31T10:09:00.000Z,2026-08-31T13:09:00,1.04,1.04,1.04,1.04,250000
2026-08-31T10:10:00.000Z,2026-08-31T13:10:00,1.03,1.03,1.03,1.03,348718
2026-08-31T10:11:00.000Z,2026-08-31T13:11:00,1.04,1.04,1.04,1.04,8311
2026-08-31T10:12:00.000Z,2026-08-31T13:12:00,1.04,1.04,1.04,1.04,16837
2026-08-31T10:13:00.000Z,2026-08-31T13:13:00,1.04,1.04,1.04,1.04,277
2026-08-31T10:14:00.000Z,2026-08-31T13:14:00,1.03,1.03,1.03,1.03,71441
2026-08-31T10:15:00.000Z,2026-08-31T13:15:00,1.03,1.03,1.03,1.03,250000
2026-08-31T10:16:00.000Z,2026-08-31T13:16:00,1.03,1.03,1.03,1.03,37725
2026-08-31T10:17:00.000Z,2026-08-31T13:17:00,1.04,1.04,1.03,1.03,5716413
2026-08-31T10:18:00.000Z,2026-08-31T13:18:00,1.03,1.03,1.01,1.01,4396041
2026-08-31T10:19:00.000Z,2026-08-31T13:19:00,1.02,1.03,1.02,1.02,255581
2026-08-31T10:20:00.000Z,2026-08-31T13:20:00,1.03,1.03,1.02,1.02,898888
2026-08-31T10:21:00.000Z,2026-08-31T13:21:00,1.01,1.02,1.01,1.02,206372
2026-08-31T10:22:00.000Z,2026-08-31T13:22:00,1.02,1.02,1.02,1.02,202113
2026-08-31T10:23:00.000Z,2026-08-31T13:23:00,1.02,1.02,1.02,1.02,1998163
2026-08-31T10:24:00.000Z,2026-08-31T13:24:00,1.01,1.02,1.01,1.02,857023
2026-08-31T10:25:00.000Z,2026-08-31T13:25:00,1.01,1.02,1.01,1.01,2094286
2026-08-31T10:26:00.000Z,2026-08-31T13:26:00,1.02,1.02,1.01,1.02,25631489
2026-08-31T10:27:00.000Z,2026-08-31T13:27:00,1.01,1.03,1.01,1.03,1410786
2026-08-31T10:28:00.000Z,2026-08-31T13:28:00,1.03,1.03,1.03,1.03,1094
2026-08-31T10:29:00.000Z,2026-08-31T13:29:00,1.03,1.03,1.03,1.03,15797
2026-08-31T10:30:00.000Z,2026-08-31T13:30:00,1.02,1.03,1.02,1.03,30259
2026-08-31T10:31:00.000Z,2026-08-31T13:31:00,1.03,1.03,1.03,1.03,7500
2026-08-31T10:32:00.000Z,2026-08-31T13:32:00,1.02,1.03,1.02,1.02,257519
2026-08-31T10:33:00.000Z,2026-08-31T13:33:00,1.02,1.03,1.02,1.02,943840
2026-08-31T10:34:00.000Z,2026-08-31T13:34:00,1.03,1.03,1.02,1.02,1072494
2026-08-31T10:35:00.000Z,2026-08-31T13:35:00,1.02,1.03,1.02,1.03,31995
2026-08-31T10:36:00.000Z,2026-08-31T13:36:00,1.02,1.02,1.02,1.02,77210
2026-08-31T10:37:00.000Z,2026-08-31T13:37:00,1.02,1.03,1.02,1.02,37884
2026-08-31T10:38:00.000Z,2026-08-31T13:38:00,1.03,1.03,1.02,1.02,69019
2026-08-31T10:39:00.000Z,2026-08-31T13:39:00,1.02,1.03,1.02,1.03,2870
2026-08-31T10:40:00.000Z,2026-08-31T13:40:00,1.02,1.03,1.02,1.02,49215
2026-08-31T10:41:00.000Z,2026-08-31T13:41:00,1.03,1.03,1.03,1.03,18393
2026-08-31T10:42:00.000Z,2026-08-31T13:42:00,1.03,1.03,1.03,1.03,11000
2026-08-31T10:43:00.000Z,2026-08-31T13:43:00,1.03,1.03,1.03,1.03,48067
2026-08-31T10:44:00.000Z,2026-08-31T13:44:00,1.03,1.03,1.02,1.03,1041807
2026-08-31T10:45:00.000Z,2026-08-31T13:45:00,1.03,1.04,1.02,1.03,1279737
2026-08-31T10:46:00.000Z,2026-08-31T13:46:00,1.03,1.03,1.03,1.03,74359
2026-08-31T10:47:00.000Z,2026-08-31T13:47:00,1.04,1.04,1.03,1.04,159278
2026-08-31T10:49:00.000Z,2026-08-31T13:49:00,1.03,1.04,1.03,1.03,3667641
2026-08-31T10:50:00.000Z,2026-08-31T13:50:00,1.04,1.05,1.04,1.04,2254359
2026-08-31T10:51:00.000Z,2026-08-31T13:51:00,1.04,1.05,1.04,1.05,66754
2026-08-31T10:53:00.000Z,2026-08-31T13:53:00,1.04,1.05,1.04,1.05,8544
2026-08-31T10:54:00.000Z,2026-08-31T13:54:00,1.04,1.04,1.04,1.04,618946
2026-08-31T10:55:00.000Z,2026-08-31T13:55:00,1.04,1.04,1.03,1.04,193475
2026-08-31T10:56:00.000Z,2026-08-31T13:56:00,1.04,1.04,1.04,1.04,78164
2026-08-31T10:57:00.000Z,2026-08-31T13:57:00,1.03,1.03,1.03,1.03,9
2026-08-31T10:58:00.000Z,2026-08-31T13:58:00,1.04,1.04,1.03,1.03,31415
2026-08-31T10:59:00.000Z,2026-08-31T13:59:00,1.04,1.04,1.03,1.04,138453
2026-08-31T11:00:00.000Z,2026-08-31T14:00:00,1.04,1.04,1.03,1.04,24593
2026-08-31T11:01:00.000Z,2026-08-31T14:01:00,1.04,1.04,1.04,1.04,11917
2026-08-31T11:02:00.000Z,2026-08-31T14:02:00,1.04,1.04,1.03,1.03,76608
2026-08-31T11:03:00.000Z,2026-08-31T14:03:00,1.03,1.04,1.03,1.04,242072
2026-08-31T11:04:00.000Z,2026-08-31T14:04:00,1.03,1.03,1.02,1.03,483070
2026-08-31T11:05:00.000Z,2026-08-31T14:05:00,1.03,1.03,1.02,1.02,71000
2026-08-31T11:06:00.000Z,2026-08-31T14:06:00,1.02,1.02,1.02,1.02,48718
2026-08-31T11:07:00.000Z,2026-08-31T14:07:00,1.02,1.03,1.02,1.03,205239
2026-08-31T11:08:00.000Z,2026-08-31T14:08:00,1.03,1.04,1.03,1.03,856144
2026-08-31T11:09:00.000Z,2026-08-31T14:09:00,1.04,1.04,1.04,1.04,193345
2026-08-31T11:10:00.000Z,2026-08-31T14:10:00,1.04,1.04,1.04,1.04,204350
2026-08-31T11:11:00.000Z,2026-08-31T14:11:00,1.03,1.04,1.03,1.04,665497
2026-08-31T11:12:00.000Z,2026-08-31T14:12:00,1.03,1.04,1.03,1.04,371265
2026-08-31T11:13:00.000Z,2026-08-31T14:13:00,1.04,1.05,1.04,1.05,5834675
2026-08-31T11:14:00.000Z,2026-08-31T14:14:00,1.06,1.06,1.06,1.06,24271
2026-08-31T11:15:00.000Z,2026-08-31T14:15:00,1.06,1.06,1.06,1.06,100500
2026-08-31T11:25:00.000Z,2026-08-31T14:25:00,1.05,1.05,1.05,1.05,6492000
2026-08-31T11:27:00.000Z,2026-08-31T14:27:00,1.05,1.05,1.05,1.05,1807679
2026-08-31T11:28:00.000Z,2026-08-31T14:28:00,1.05,1.05,1.05,1.05,300200
2026-08-31T11:29:00.000Z,2026-08-31T14:29:00,1.05,1.05,1.05,1.05,200000
2026-09-01T07:00:00.000Z,2026-09-01T10:00:00,1.06,1.07,1.06,1.07,1139512
2026-09-01T07:01:00.000Z,2026-09-01T10:01:00,1.07,1.07,1.05,1.06,3039147
2026-09-01T07:02:00.000Z,2026-09-01T10:02:00,1.07,1.07,1.07,1.07,510262
2026-09-01T07:03:00.000Z,2026-09-01T10:03:00,1.07,1.07,1.07,1.07,166973
2026-09-01T07:04:00.000Z,2026-09-01T10:04:00,1.07,1.07,1.06,1.07,239582
2026-09-01T07:05:00.000Z,2026-09-01T10:05:00,1.06,1.07,1.06,1.07,1937210
2026-09-01T07:06:00.000Z,2026-09-01T10:06:00,1.07,1.08,1.07,1.08,1101171
2026-09-01T07:07:00.000Z,2026-09-01T10:07:00,1.07,1.08,1.07,1.07,534361
2026-09-01T07:08:00.000Z,2026-09-01T10:08:00,1.07,1.08,1.07,1.08,79083
2026-09-01T07:09:00.000Z,2026-09-01T10:09:00,1.07,1.08,1.07,1.07,1339175
2026-09-01T07:10:00.000Z,2026-09-01T10:10:00,1.07,1.07,1.07,1.07,169650
2026-09-01T07:11:00.000Z,2026-09-01T10:11:00,1.07,1.07,1.06,1.06,985351
2026-09-01T07:12:00.000Z,2026-09-01T10:12:00,1.07,1.07,1.06,1.07,10350
2026-09-01T07:13:00.000Z,2026-09-01T10:13:00,1.06,1.06,1.06,1.06,700
2026-09-01T07:14:00.000Z,2026-09-01T10:14:00,1.06,1.07,1.06,1.07,251710
2026-09-01T07:15:00.000Z,2026-09-01T10:15:00,1.06,1.06,1.06,1.06,159250
2026-09-01T07:16:00.000Z,2026-09-01T10:16:00,1.06,1.07,1.06,1.06,1876613
2026-09-01T07:17:00.000Z,2026-09-01T10:17:00,1.06,1.06,1.06,1.06,28164
2026-09-01T07:18:00.000Z,2026-09-01T10:18:00,1.05,1.06,1.05,1.06,54799
2026-09-01T07:19:00.000Z,2026-09-01T10:19:00,1.05,1.06,1.05,1.06,4001586
2026-09-01T07:20:00.000Z,2026-09-01T10:20:00,1.06,1.06,1.05,1.06,92510
2026-09-01T07:21:00.000Z,2026-09-01T10:21:00,1.05,1.05,1.05,1.05,40200
2026-09-01T07:22:00.000Z,2026-09-01T10:22:00,1.05,1.06,1.05,1.06,56323
2026-09-01T07:23:00.000Z,2026-09-01T10:23:00,1.06,1.06,1.05,1.06,8592
2026-09-01T07:24:00.000Z,2026-09-01T10:24:00,1.06,1.06,1.05,1.06,10384
2026-09-01T07:25:00.000Z,2026-09-01T10:25:00,1.05,1.06,1.05,1.06,10394
2026-09-01T07:26:00.000Z,2026-09-01T10:26:00,1.06,1.06,1.06,1.06,505702
2026-09-01T07:27:00.000Z,2026-09-01T10:27:00,1.06,1.06,1.05,1.05,119833
2026-09-01T07:28:00.000Z,2026-09-01T10:28:00,1.05,1.06,1.05,1.06,10194
2026-09-01T07:29:00.000Z,2026-09-01T10:29:00,1.06,1.06,1.05,1.05,146319
2026-09-01T07:30:00.000Z,2026-09-01T10:30:00,1.05,1.06,1.05,1.05,91945
2026-09-01T07:31:00.000Z,2026-09-01T10:31:00,1.05,1.05,1.05,1.05,33186
2026-09-01T07:32:00.000Z,2026-09-01T10:32:00,1.05,1.05,1.05,1.05,10850
2026-09-01T07:33:00.000Z,2026-09-01T10:33:00,1.06,1.06,1.05,1.06,11063
2026-09-01T07:34:00.000Z,2026-09-01T10:34:00,1.06,1.06,1.06,1.06,29511
2026-09-01T07:35:00.000Z,2026-09-01T10:35:00,1.06,1.06,1.06,1.06,19221
2026-09-01T07:36:00.000Z,2026-09-01T10:36:00,1.05,1.06,1.05,1.06,72227
2026-09-01T07:38:00.000Z,2026-09-01T10:38:00,1.05,1.06,1.05,1.06,47039
2026-09-01T07:39:00.000Z,2026-09-01T10:39:00,1.06,1.06,1.05,1.05,16539
2026-09-01T07:40:00.000Z,2026-09-01T10:40:00,1.06,1.06,1.06,1.06,68338
2026-09-01T07:41:00.000Z,2026-09-01T10:41:00,1.06,1.06,1.06,1.06,13873
2026-09-01T07:42:00.000Z,2026-09-01T10:42:00,1.06,1.06,1.06,1.06,1
2026-09-01T07:43:00.000Z,2026-09-01T10:43:00,1.05,1.06,1.05,1.06,16985
2026-09-01T07:44:00.000Z,2026-09-01T10:44:00,1.06,1.06,1.06,1.06,21021
2026-09-01T07:45:00.000Z,2026-09-01T10:45:00,1.06,1.06,1.06,1.06,517
2026-09-01T07:46:00.000Z,2026-09-01T10:46:00,1.06,1.06,1.05,1.06,75121
2026-09-01T07:47:00.000Z,2026-09-01T10:47:00,1.05,1.06,1.05,1.06,26045
2026-09-01T07:49:00.000Z,2026-09-01T10:49:00,1.05,1.06,1.05,1.06,66003
2026-09-01T07:51:00.000Z,2026-09-01T10:51:00,1.05,1.06,1.05,1.06,210510
2026-09-01T07:52:00.000Z,2026-09-01T10:52:00,1.06,1.06,1.05,1.05,1268007
2026-09-01T07:53:00.000Z,2026-09-01T10:53:00,1.05,1.05,1.04,1.04,22871
2026-09-01T07:54:00.000Z,2026-09-01T10:54:00,1.04,1.05,1.04,1.05,234675
2026-09-01T07:55:00.000Z,2026-09-01T10:55:00,1.05,1.05,1.04,1.04,119133
2026-09-01T07:56:00.000Z,2026-09-01T10:56:00,1.04,1.05,1.04,1.05,185551
2026-09-01T07:57:00.000Z,2026-09-01T10:57:00,1.05,1.05,1.05,1.05,856
2026-09-01T07:58:00.000Z,2026-09-01T10:58:00,1.05,1.05,1.05,1.05,34
2026-09-01T08:00:00.000Z,2026-09-01T11:00:00,1.05,1.05,1.04,1.05,105101
2026-09-01T08:01:00.000Z,2026-09-01T11:01:00,1.05,1.05,1.04,1.05,34164
2026-09-01T08:02:00.000Z,2026-09-01T11:02:00,1.05,1.05,1.05,1.05,6761
2026-09-01T08:03:00.000Z,2026-09-01T11:03:00,1.05,1.05,1.05,1.05,1354
2026-09-01T08:04:00.000Z,2026-09-01T11:04:00,1.04,1.05,1.04,1.05,44099
2026-09-01T08:05:00.000Z,2026-09-01T11:05:00,1.04,1.05,1.04,1.05,61904
2026-09-01T08:06:00.000Z,2026-09-01T11:06:00,1.05,1.05,1.05,1.05,9523
2026-09-01T08:07:00.000Z,2026-09-01T11:07:00,1.05,1.05,1.05,1.05,10535
2026-09-01T08:08:00.000Z,2026-09-01T11:08:00,1.05,1.05,1.04,1.05,801077
2026-09-01T08:09:00.000Z,2026-09-01T11:09:00,1.06,1.06,1.05,1.05,1579219
2026-09-01T08:10:00.000Z,2026-09-01T11:10:00,1.05,1.06,1.05,1.05,152517
2026-09-01T08:11:00.000Z,2026-09-01T11:11:00,1.05,1.05,1.05,1.05,670000
2026-09-01T08:12:00.000Z,2026-09-01T11:12:00,1.05,1.05,1.05,1.05,78018
2026-09-01T08:13:00.000Z,2026-09-01T11:13:00,1.05,1.05,1.05,1.05,256453
2026-09-01T08:14:00.000Z,2026-09-01T11:14:00,1.05,1.05,1.04,1.04,1020241
2026-09-01T08:15:00.000Z,2026-09-01T11:15:00,1.05,1.05,1.05,1.05,1
2026-09-01T08:16:00.000Z,2026-09-01T11:16:00,1.05,1.05,1.05,1.05,24708
2026-09-01T08:17:00.000Z,2026-09-01T11:17:00,1.04,1.04,1.04,1.04,1098
2026-09-01T08:18:00.000Z,2026-09-01T11:18:00,1.04,1.05,1.04,1.05,209615
2026-09-01T08:19:00.000Z,2026-09-01T11:19:00,1.04,1.04,1.04,1.04,20000
2026-09-01T08:20:00.000Z,2026-09-01T11:20:00,1.05,1.05,1.05,1.05,4850
2026-09-01T08:21:00.000Z,2026-09-01T11:21:00,1.05,1.05,1.05,1.05,111021
2026-09-01T08:22:00.000Z,2026-09-01T11:22:00,1.05,1.05,1.05,1.05,31633
2026-09-01T08:23:00.000Z,2026-09-01T11:23:00,1.05,1.05,1.05,1.05,33435
2026-09-01T08:24:00.000Z,2026-09-01T11:24:00,1.05,1.05,1.04,1.04,76264
2026-09-01T08:25:00.000Z,2026-09-01T11:25:00,1.05,1.05,1.04,1.04,30000
2026-09-01T08:26:00.000Z,2026-09-01T11:26:00,1.05,1.05,1.05,1.05,21
2026-09-01T08:27:00.000Z,2026-09-01T11:27:00,1.05,1.05,1.05,1.05,1111
2026-09-01T08:28:00.000Z,2026-09-01T11:28:00,1.05,1.05,1.05,1.05,150
2026-09-01T08:29:00.000Z,2026-09-01T11:29:00,1.04,1.04,1.04,1.04,280
2026-09-01T08:30:00.000Z,2026-09-01T11:30:00,1.05,1.05,1.05,1.05,71924
2026-09-01T08:31:00.000Z,2026-09-01T11:31:00,1.05,1.05,1.05,1.05,1000
2026-09-01T08:32:00.000Z,2026-09-01T11:32:00,1.05,1.05,1.05,1.05,4761
2026-09-01T08:33:00.000Z,2026-09-01T11:33:00,1.04,1.05,1.04,1.05,15112
2026-09-01T08:34:00.000Z,2026-09-01T11:34:00,1.05,1.05,1.05,1.05,200000
2026-09-01T08:35:00.000Z,2026-09-01T11:35:00,1.05,1.05,1.05,1.05,3833
2026-09-01T08:36:00.000Z,2026-09-01T11:36:00,1.05,1.05,1.05,1.05,2888
2026-09-01T08:37:00.000Z,2026-09-01T11:37:00,1.04,1.05,1.04,1.05,100534
2026-09-01T08:38:00.000Z,2026-09-01T11:38:00,1.04,1.04,1.04,1.04,2400
2026-09-01T08:39:00.000Z,2026-09-01T11:39:00,1.05,1.05,1.04,1.04,57116
2026-09-01T08:40:00.000Z,2026-09-01T11:40:00,1.05,1.05,1.04,1.04,31068
2026-09-01T08:41:00.000Z,2026-09-01T11:41:00,1.05,1.05,1.05,1.05,3576
2026-09-01T08:42:00.000Z,2026-09-01T11:42:00,1.05,1.05,1.05,1.05,2384
2026-09-01T08:43:00.000Z,2026-09-01T11:43:00,1.05,1.05,1.05,1.05,1338
2026-09-01T08:44:00.000Z,2026-09-01T11:44:00,1.05,1.05,1.05,1.05,47343
2026-09-01T08:45:00.000Z,2026-09-01T11:45:00,1.05,1.05,1.05,1.05,201
2026-09-01T08:46:00.000Z,2026-09-01T11:46:00,1.05,1.05,1.04,1.05,50809
2026-09-01T08:47:00.000Z,2026-09-01T11:47:00,1.05,1.05,1.05,1.05,42042
2026-09-01T08:49:00.000Z,2026-09-01T11:49:00,1.05,1.05,1.05,1.05,19
2026-09-01T08:50:00.000Z,2026-09-01T11:50:00,1.04,1.05,1.04,1.05,2149
2026-09-01T08:51:00.000Z,2026-09-01T11:51:00,1.05,1.05,1.05,1.05,4000
2026-09-01T08:52:00.000Z,2026-09-01T11:52:00,1.05,1.05,1.04,1.04,7926
2026-09-01T08:53:00.000Z,2026-09-01T11:53:00,1.05,1.05,1.05,1.05,15476
2026-09-01T08:54:00.000Z,2026-09-01T11:54:00,1.04,1.04,1.04,1.04,9400
2026-09-01T08:55:00.000Z,2026-09-01T11:55:00,1.04,1.04,1.04,1.04,10000
2026-09-01T08:56:00.000Z,2026-09-01T11:56:00,1.05,1.05,1.04,1.04,187
2026-09-01T08:58:00.000Z,2026-09-01T11:58:00,1.04,1.05,1.04,1.05,100988
2026-09-01T08:59:00.000Z,2026-09-01T11:59:00,1.05,1.06,1.05,1.05,1230218
2026-09-01T09:00:00.000Z,2026-09-01T12:00:00,1.06,1.06,1.06,1.06,6273
2026-09-01T09:01:00.000Z,2026-09-01T12:01:00,1.06,1.06,1.05,1.05,4120
2026-09-01T09:02:00.000Z,2026-09-01T12:02:00,1.05,1.05,1.05,1.05,498
2026-09-01T09:03:00.000Z,2026-09-01T12:03:00,1.06,1.06,1.06,1.06,142000
2026-09-01T09:04:00.000Z,2026-09-01T12:04:00,1.05,1.05,1.05,1.05,204830
2026-09-01T09:05:00.000Z,2026-09-01T12:05:00,1.05,1.06,1.05,1.05,19403
2026-09-01T09:06:00.000Z,2026-09-01T12:06:00,1.06,1.06,1.06,1.06,5970
2026-09-01T09:07:00.000Z,2026-09-01T12:07:00,1.06,1.06,1.06,1.06,250000
2026-09-01T09:08:00.000Z,2026-09-01T12:08:00,1.06,1.06,1.06,1.06,500000
2026-09-01T09:09:00.000Z,2026-09-01T12:09:00,1.06,1.06,1.05,1.06,147523
2026-09-01T09:11:00.000Z,2026-09-01T12:11:00,1.05,1.05,1.05,1.05,18867
2026-09-01T09:12:00.000Z,2026-09-01T12:12:00,1.06,1.06,1.06,1.06,400
2026-09-01T09:13:00.000Z,2026-09-01T12:13:00,1.06,1.06,1.06,1.06,15000
2026-09-01T09:16:00.000Z,2026-09-01T12:16:00,1.06,1.06,1.06,1.06,2803
2026-09-01T09:18:00.000Z,2026-09-01T12:18:00,1.05,1.05,1.05,1.05,1130000
2026-09-01T09:19:00.000Z,2026-09-01T12:19:00,1.05,1.06,1.05,1.05,479261
2026-09-01T09:20:00.000Z,2026-09-01T12:20:00,1.06,1.06,1.05,1.05,982711
2026-09-01T09:21:00.000Z,2026-09-01T12:21:00,1.04,1.05,1.04,1.04,31179
2026-09-01T09:22:00.000Z,2026-09-01T12:22:00,1.05,1.05,1.05,1.05,2297
2026-09-01T09:23:00.000Z,2026-09-01T12:23:00,1.05,1.05,1.05,1.05,15133
2026-09-01T09:24:00.000Z,2026-09-01T12:24:00,1.05,1.05,1.05,1.05,1500
2026-09-01T09:25:00.000Z,2026-09-01T12:25:00,1.05,1.05,1.04,1.04,60010
2026-09-01T09:26:00.000Z,2026-09-01T12:26:00,1.05,1.05,1.05,1.05,12000
2026-09-01T09:27:00.000Z,2026-09-01T12:27:00,1.05,1.05,1.05,1.05,100000
2026-09-01T09:31:00.000Z,2026-09-01T12:31:00,1.04,1.05,1.04,1.05,20000
2026-09-01T09:32:00.000Z,2026-09-01T12:32:00,1.04,1.05,1.04,1.05,18080
2026-09-01T09:33:00.000Z,2026-09-01T12:33:00,1.04,1.04,1.04,1.04,48546
2026-09-01T09:34:00.000Z,2026-09-01T12:34:00,1.05,1.05,1.05,1.05,1500
2026-09-01T09:35:00.000Z,2026-09-01T12:35:00,1.05,1.05,1.04,1.04,509570
2026-09-01T09:36:00.000Z,2026-09-01T12:36:00,1.04,1.04,1.04,1.04,11500
2026-09-01T09:37:00.000Z,2026-09-01T12:37:00,1.05,1.05,1.05,1.05,90000
2026-09-01T09:38:00.000Z,2026-09-01T12:38:00,1.05,1.05,1.05,1.05,2962
2026-09-01T09:39:00.000Z,2026-09-01T12:39:00,1.04,1.05,1.04,1.05,540000
2026-09-01T09:40:00.000Z,2026-09-01T12:40:00,1.05,1.05,1.04,1.04,1389604
2026-09-01T09:41:00.000Z,2026-09-01T12:41:00,1.05,1.05,1.05,1.05,638458
2026-09-01T09:43:00.000Z,2026-09-01T12:43:00,1.06,1.06,1.04,1.04,843890
2026-09-01T09:44:00.000Z,2026-09-01T12:44:00,1.05,1.05,1.04,1.05,544670
2026-09-01T09:45:00.000Z,2026-09-01T12:45:00,1.05,1.05,1.05,1.05,198994
2026-09-01T09:47:00.000Z,2026-09-01T12:47:00,1.05,1.05,1.05,1.05,66145
2026-09-01T09:48:00.000Z,2026-09-01T12:48:00,1.05,1.05,1.05,1.05,400
2026-09-01T09:49:00.000Z,2026-09-01T12:49:00,1.05,1.06,1.05,1.05,1047619
2026-09-01T09:50:00.000Z,2026-09-01T12:50:00,1.05,1.06,1.05,1.06,1329604
2026-09-01T09:51:00.000Z,2026-09-01T12:51:00,1.05,1.05,1.05,1.05,25
2026-09-01T09:53:00.000Z,2026-09-01T12:53:00,1.05,1.05,1.05,1.05,500000
2026-09-01T09:54:00.000Z,2026-09-01T12:54:00,1.05,1.05,1.05,1.05,67892
2026-09-01T09:55:00.000Z,2026-09-01T12:55:00,1.05,1.05,1.05,1.05,160115
2026-09-01T09:56:00.000Z,2026-09-01T12:56:00,1.05,1.05,1.04,1.05,41723
2026-09-01T09:57:00.000Z,2026-09-01T12:57:00,1.05,1.05,1.05,1.05,221616
2026-09-01T09:58:00.000Z,2026-09-01T12:58:00,1.04,1.05,1.04,1.05,1129973
2026-09-01T10:00:00.000Z,2026-09-01T13:00:00,1.04,1.04,1.04,1.04,1096153
2026-09-01T10:01:00.000Z,2026-09-01T13:01:00,1.05,1.05,1.04,1.05,2029066
2026-09-01T10:02:00.000Z,2026-09-01T13:02:00,1.04,1.04,1.04,1.04,10070
2026-09-01T10:03:00.000Z,2026-09-01T13:03:00,1.04,1.04,1.04,1.04,24321
2026-09-01T10:04:00.000Z,2026-09-01T13:04:00,1.04,1.04,1.03,1.03,11010
2026-09-01T10:05:00.000Z,2026-09-01T13:05:00,1.03,1.04,1.03,1.03,60943
2026-09-01T10:06:00.000Z,2026-09-01T13:06:00,1.04,1.04,1.03,1.04,16250
2026-09-01T10:07:00.000Z,2026-09-01T13:07:00,1.03,1.04,1.03,1.04,660314
2026-09-01T10:08:00.000Z,2026-09-01T13:08:00,1.04,1.04,1.04,1.04,101003
2026-09-01T10:09:00.000Z,2026-09-01T13:09:00,1.04,1.04,1.04,1.04,161923
2026-09-01T10:10:00.000Z,2026-09-01T13:10:00,1.04,1.04,1.04,1.04,490000
2026-09-01T10:12:00.000Z,2026-09-01T13:12:00,1.05,1.05,1.04,1.04,22361
2026-09-01T10:13:00.000Z,2026-09-01T13:13:00,1.04,1.05,1.04,1.05,142353
2026-09-01T10:14:00.000Z,2026-09-01T13:14:00,1.05,1.05,1.05,1.05,4761
2026-09-01T10:15:00.000Z,2026-09-01T13:15:00,1.05,1.05,1.05,1.05,104
2026-09-01T10:18:00.000Z,2026-09-01T13:18:00,1.05,1.05,1.04,1.04,6156
2026-09-01T10:19:00.000Z,2026-09-01T13:19:00,1.04,1.04,1.04,1.04,10000
2026-09-01T10:20:00.000Z,2026-09-01T13:20:00,1.05,1.05,1.05,1.05,1994
2026-09-01T10:21:00.000Z,2026-09-01T13:21:00,1.05,1.05,1.04,1.05,5745
2026-09-01T10:22:00.000Z,2026-09-01T13:22:00,1.04,1.05,1.04,1.05,7015
2026-09-01T10:23:00.000Z,2026-09-01T13:23:00,1.05,1.05,1.05,1.05,1000
2026-09-01T10:24:00.000Z,2026-09-01T13:24:00,1.05,1.05,1.05,1.05,13000
2026-09-01T10:25:00.000Z,2026-09-01T13:25:00,1.04,1.05,1.04,1.05,61156
2026-09-01T10:26:00.000Z,2026-09-01T13:26:00,1.04,1.04,1.04,1.04,18000
2026-09-01T10:28:00.000Z,2026-09-01T13:28:00,1.04,1.05,1.04,1.05,4762
2026-09-01T10:29:00.000Z,2026-09-01T13:29:00,1.04,1.05,1.04,1.05,30090
2026-09-01T10:30:00.000Z,2026-09-01T13:30:00,1.05,1.05,1.04,1.05,4752154
2026-09-01T10:31:00.000Z,2026-09-01T13:31:00,1.05,1.05,1.05,1.05,257746
2026-09-01T10:32:00.000Z,2026-09-01T13:32:00,1.05,1.05,1.05,1.05,17350
2026-09-01T10:33:00.000Z,2026-09-01T13:33:00,1.05,1.05,1.04,1.04,1004573
2026-09-01T10:34:00.000Z,2026-09-01T13:34:00,1.05,1.05,1.05,1.05,24156
2026-09-01T10:36:00.000Z,2026-09-01T13:36:00,1.04,1.05,1.04,1.05,20298
2026-09-01T10:37:00.000Z,2026-09-01T13:37:00,1.05,1.05,1.04,1.04,971
2026-09-01T10:38:00.000Z,2026-09-01T13:38:00,1.05,1.05,1.04,1.04,3090700
2026-09-01T10:39:00.000Z,2026-09-01T13:39:00,1.05,1.05,1.05,1.05,500000
2026-09-01T10:40:00.000Z,2026-09-01T13:40:00,1.05,1.05,1.05,1.05,2592
2026-09-01T10:41:00.000Z,2026-09-01T13:41:00,1.04,1.04,1.04,1.04,30090
2026-09-01T10:43:00.000Z,2026-09-01T13:43:00,1.05,1.05,1.05,1.05,877522
2026-09-01T10:44:00.000Z,2026-09-01T13:44:00,1.05,1.05,1.04,1.05,19510
2026-09-01T10:45:00.000Z,2026-09-01T13:45:00,1.04,1.04,1.04,1.04,40000
2026-09-01T10:46:00.000Z,2026-09-01T13:46:00,1.05,1.05,1.05,1.05,6235
2026-09-01T10:48:00.000Z,2026-09-01T13:48:00,1.04,1.05,1.04,1.04,52753
2026-09-01T10:49:00.000Z,2026-09-01T13:49:00,1.04,1.05,1.04,1.05,1031057
2026-09-01T10:50:00.000Z,2026-09-01T13:50:00,1.04,1.05,1.04,1.04,2902000
2026-09-01T10:51:00.000Z,2026-09-01T13:51:00,1.04,1.05,1.04,1.04,906319
2026-09-01T10:52:00.000Z,2026-09-01T13:52:00,1.05,1.05,1.05,1.05,151915
2026-09-01T10:54:00.000Z,2026-09-01T13:54:00,1.04,1.04,1.04,1.04,212664
2026-09-01T10:56:00.000Z,2026-09-01T13:56:00,1.03,1.03,1.03,1.03,67821
2026-09-01T10:57:00.000Z,2026-09-01T13:57:00,1.04,1.04,1.03,1.04,8852
2026-09-01T10:58:00.000Z,2026-09-01T13:58:00,1.03,1.04,1.03,1.04,148353
2026-09-01T10:59:00.000Z,2026-09-01T13:59:00,1.04,1.04,1.04,1.04,1254
2026-09-01T11:00:00.000Z,2026-09-01T14:00:00,1.04,1.04,1.03,1.03,10115
2026-09-01T11:01:00.000Z,2026-09-01T14:01:00,1.03,1.04,1.03,1.04,833150
2026-09-01T11:02:00.000Z,2026-09-01T14:02:00,1.03,1.03,1.03,1.03,153083
2026-09-01T11:03:00.000Z,2026-09-01T14:03:00,1.03,1.03,1.03,1.03,15000
2026-09-01T11:04:00.000Z,2026-09-01T14:04:00,1.03,1.03,1.03,1.03,200000
2026-09-01T11:05:00.000Z,2026-09-01T14:05:00,1.03,1.04,1.03,1.03,40500
2026-09-01T11:06:00.000Z,2026-09-01T14:06:00,1.04,1.04,1.03,1.04,32916
2026-09-01T11:07:00.000Z,2026-09-01T14:07:00,1.04,1.04,1.04,1.04,4029
2026-09-01T11:08:00.000Z,2026-09-01T14:08:00,1.04,1.04,1.03,1.04,150075
2026-09-01T11:09:00.000Z,2026-09-01T14:09:00,1.03,1.03,1.03,1.03,961
2026-09-01T11:10:00.000Z,2026-09-01T14:10:00,1.03,1.03,1.03,1.03,489048
2026-09-01T11:11:00.000Z,2026-09-01T14:11:00,1.04,1.04,1.03,1.04,321423
2026-09-01T11:12:00.000Z,2026-09-01T14:12:00,1.03,1.04,1.03,1.04,4810
2026-09-01T11:13:00.000Z,2026-09-01T14:13:00,1.03,1.03,1.03,1.03,9500
2026-09-01T11:14:00.000Z,2026-09-01T14:14:00,1.03,1.03,1.03,1.03,231000
2026-09-01T11:25:00.000Z,2026-09-01T14:25:00,1.03,1.03,1.03,1.03,7188112
2026-09-01T11:26:00.000Z,2026-09-01T14:26:00,1.03,1.03,1.03,1.03,61900
2026-09-01T11:27:00.000Z,2026-09-01T14:27:00,1.03,1.03,1.03,1.03,216328
2026-09-01T11:28:00.000Z,2026-09-01T14:28:00,1.03,1.03,1.03,1.03,63400
2026-09-02T07:00:00.000Z,2026-09-02T10:00:00,1.03,1.04,1.03,1.04,519560
2026-09-02T07:01:00.000Z,2026-09-02T10:01:00,1.04,1.05,1.04,1.05,31892
2026-09-02T07:02:00.000Z,2026-09-02T10:02:00,1.05,1.05,1.04,1.04,526862
2026-09-02T07:03:00.000Z,2026-09-02T10:03:00,1.04,1.04,1.04,1.04,10970
2026-09-02T07:04:00.000Z,2026-09-02T10:04:00,1.04,1.04,1.04,1.04,39085
2026-09-02T07:05:00.000Z,2026-09-02T10:05:00,1.04,1.05,1.04,1.05,267128
2026-09-02T07:06:00.000Z,2026-09-02T10:06:00,1.04,1.05,1.04,1.04,69673
2026-09-02T07:07:00.000Z,2026-09-02T10:07:00,1.04,1.04,1.04,1.04,5450
2026-09-02T07:08:00.000Z,2026-09-02T10:08:00,1.05,1.05,1.04,1.04,1086
2026-09-02T07:09:00.000Z,2026-09-02T10:09:00,1.04,1.05,1.04,1.04,18398
2026-09-02T07:10:00.000Z,2026-09-02T10:10:00,1.05,1.05,1.05,1.05,284
2026-09-02T07:11:00.000Z,2026-09-02T10:11:00,1.05,1.05,1.05,1.05,2427
2026-09-02T07:12:00.000Z,2026-09-02T10:12:00,1.04,1.04,1.04,1.04,755427
2026-09-02T07:13:00.000Z,2026-09-02T10:13:00,1.03,1.04,1.03,1.03,207970
2026-09-02T07:14:00.000Z,2026-09-02T10:14:00,1.04,1.05,1.04,1.05,236542
2026-09-02T07:15:00.000Z,2026-09-02T10:15:00,1.04,1.04,1.04,1.04,1508062
2026-09-02T07:16:00.000Z,2026-09-02T10:16:00,1.04,1.04,1.04,1.04,440000
2026-09-02T07:17:00.000Z,2026-09-02T10:17:00,1.04,1.04,1.04,1.04,22518
2026-09-02T07:18:00.000Z,2026-09-02T10:18:00,1.04,1.04,1.03,1.04,51032
2026-09-02T07:19:00.000Z,2026-09-02T10:19:00,1.04,1.04,1.04,1.04,1351
2026-09-02T07:20:00.000Z,2026-09-02T10:20:00,1.04,1.04,1.03,1.04,116064
2026-09-02T07:21:00.000Z,2026-09-02T10:21:00,1.04,1.04,1.03,1.03,12814
2026-09-02T07:22:00.000Z,2026-09-02T10:22:00,1.03,1.04,1.03,1.04,20840
2026-09-02T07:23:00.000Z,2026-09-02T10:23:00,1.04,1.04,1.03,1.03,276
2026-09-02T07:24:00.000Z,2026-09-02T10:24:00,1.03,1.04,1.03,1.04,95889
2026-09-02T07:25:00.000Z,2026-09-02T10:25:00,1.04,1.04,1.04,1.04,6203
2026-09-02T07:26:00.000Z,2026-09-02T10:26:00,1.04,1.05,1.03,1.05,47442
2026-09-02T07:27:00.000Z,2026-09-02T10:27:00,1.04,1.04,1.04,1.04,60380
2026-09-02T07:28:00.000Z,2026-09-02T10:28:00,1.04,1.04,1.04,1.04,38893
2026-09-02T07:29:00.000Z,2026-09-02T10:29:00,1.04,1.05,1.04,1.04,14094
2026-09-02T07:30:00.000Z,2026-09-02T10:30:00,1.05,1.05,1.04,1.04,143675
2026-09-02T07:31:00.000Z,2026-09-02T10:31:00,1.03,1.04,1.03,1.03,1000571
2026-09-02T07:32:00.000Z,2026-09-02T10:32:00,1.04,1.04,1.04,1.04,2403
2026-09-02T07:33:00.000Z,2026-09-02T10:33:00,1.03,1.04,1.03,1.04,82006
2026-09-02T07:34:00.000Z,2026-09-02T10:34:00,1.04,1.04,1.03,1.03,12630
2026-09-02T07:35:00.000Z,2026-09-02T10:35:00,1.04,1.04,1.04,1.04,1105016
2026-09-02T07:36:00.000Z,2026-09-02T10:36:00,1.04,1.05,1.04,1.05,991909
2026-09-02T07:37:00.000Z,2026-09-02T10:37:00,1.04,1.05,1.04,1.05,46500
2026-09-02T07:38:00.000Z,2026-09-02T10:38:00,1.04,1.05,1.04,1.05,10393
2026-09-02T07:39:00.000Z,2026-09-02T10:39:00,1.04,1.04,1.03,1.04,902648
2026-09-02T07:40:00.000Z,2026-09-02T10:40:00,1.04,1.04,1.04,1.04,153157
2026-09-02T07:41:00.000Z,2026-09-02T10:41:00,1.04,1.04,1.04,1.04,2000
2026-09-02T07:42:00.000Z,2026-09-02T10:42:00,1.05,1.05,1.04,1.04,409560
2026-09-02T07:43:00.000Z,2026-09-02T10:43:00,1.04,1.04,1.03,1.04,23074
2026-09-02T07:44:00.000Z,2026-09-02T10:44:00,1.04,1.04,1.04,1.04,102233
2026-09-02T07:45:00.000Z,2026-09-02T10:45:00,1.04,1.04,1.03,1.03,168648
2026-09-02T07:46:00.000Z,2026-09-02T10:46:00,1.03,1.03,1.03,1.03,181
2026-09-02T07:47:00.000Z,2026-09-02T10:47:00,1.05,1.05,1.03,1.03,24889
2026-09-02T07:48:00.000Z,2026-09-02T10:48:00,1.05,1.05,1.05,1.05,30000
2026-09-02T07:49:00.000Z,2026-09-02T10:49:00,1.03,1.04,1.03,1.04,6269
2026-09-02T07:50:00.000Z,2026-09-02T10:50:00,1.03,1.04,1.03,1.04,9692
2026-09-02T07:51:00.000Z,2026-09-02T10:51:00,1.03,1.04,1.03,1.04,14582
2026-09-02T07:52:00.000Z,2026-09-02T10:52:00,1.04,1.04,1.03,1.03,13201
2026-09-02T07:53:00.000Z,2026-09-02T10:53:00,1.03,1.05,1.03,1.05,125228
2026-09-02T07:54:00.000Z,2026-09-02T10:54:00,1.04,1.04,1.04,1.04,337074
2026-09-02T07:55:00.000Z,2026-09-02T10:55:00,1.04,1.04,1.03,1.04,108004
2026-09-02T07:56:00.000Z,2026-09-02T10:56:00,1.04,1.04,1.04,1.04,230000
2026-09-02T07:57:00.000Z,2026-09-02T10:57:00,1.04,1.04,1.04,1.04,9615
2026-09-02T07:58:00.000Z,2026-09-02T10:58:00,1.04,1.04,1.04,1.04,50000
2026-09-02T07:59:00.000Z,2026-09-02T10:59:00,1.04,1.04,1.04,1.04,156268
2026-09-02T08:00:00.000Z,2026-09-02T11:00:00,1.03,1.03,1.03,1.03,8500
2026-09-02T08:01:00.000Z,2026-09-02T11:01:00,1.04,1.04,1.03,1.03,20780
2026-09-02T08:02:00.000Z,2026-09-02T11:02:00,1.04,1.04,1.04,1.04,900
2026-09-02T08:03:00.000Z,2026-09-02T11:03:00,1.04,1.04,1.04,1.04,100000
2026-09-02T08:04:00.000Z,2026-09-02T11:04:00,1.04,1.05,1.03,1.05,219093
2026-09-02T08:06:00.000Z,2026-09-02T11:06:00,1.04,1.05,1.03,1.05,129000
2026-09-02T08:08:00.000Z,2026-09-02T11:08:00,1.05,1.05,1.05,1.05,20000
2026-09-02T08:09:00.000Z,2026-09-02T11:09:00,1.04,1.04,1.04,1.04,16054
2026-09-02T08:10:00.000Z,2026-09-02T11:10:00,1.04,1.04,1.04,1.04,100
2026-09-02T08:11:00.000Z,2026-09-02T11:11:00,1.03,1.04,1.03,1.04,1948640
2026-09-02T08:12:00.000Z,2026-09-02T11:12:00,1.05,1.05,1.04,1.04,8813
2026-09-02T08:13:00.000Z,2026-09-02T11:13:00,1.05,1.05,1.03,1.03,15586
2026-09-02T08:14:00.000Z,2026-09-02T11:14:00,1.04,1.04,1.04,1.04,8610
2026-09-02T08:15:00.000Z,2026-09-02T11:15:00,1.03,1.03,1.03,1.03,500
2026-09-02T08:16:00.000Z,2026-09-02T11:16:00,1.03,1.04,1.03,1.03,1253
2026-09-02T08:17:00.000Z,2026-09-02T11:17:00,1.04,1.04,1.04,1.04,196
2026-09-02T08:18:00.000Z,2026-09-02T11:18:00,1.04,1.04,1.04,1.04,56223
2026-09-02T08:19:00.000Z,2026-09-02T11:19:00,1.04,1.04,1.04,1.04,1474
2026-09-02T08:20:00.000Z,2026-09-02T11:20:00,1.03,1.04,1.03,1.04,5015
2026-09-02T08:21:00.000Z,2026-09-02T11:21:00,1.04,1.04,1.04,1.04,1000
2026-09-02T08:22:00.000Z,2026-09-02T11:22:00,1.03,1.03,1.03,1.03,40792
2026-09-02T08:23:00.000Z,2026-09-02T11:23:00,1.03,1.03,1.03,1.03,2952289
2026-09-02T08:24:00.000Z,2026-09-02T11:24:00,1.04,1.04,1.03,1.03,2428
2026-09-02T08:25:00.000Z,2026-09-02T11:25:00,1.03,1.04,1.03,1.04,718875
2026-09-02T08:26:00.000Z,2026-09-02T11:26:00,1.03,1.03,1.03,1.03,550000
2026-09-02T08:28:00.000Z,2026-09-02T11:28:00,1.03,1.03,1.03,1.03,4800
2026-09-02T08:29:00.000Z,2026-09-02T11:29:00,1.04,1.04,1.03,1.03,5664
2026-09-02T08:31:00.000Z,2026-09-02T11:31:00,1.03,1.03,1.03,1.03,26076
2026-09-02T08:32:00.000Z,2026-09-02T11:32:00,1.03,1.03,1.02,1.03,2916971
2026-09-02T08:33:00.000Z,2026-09-02T11:33:00,1.03,1.03,1.02,1.03,46852
2026-09-02T08:34:00.000Z,2026-09-02T11:34:00,1.02,1.02,1.02,1.02,1033750
2026-09-02T08:35:00.000Z,2026-09-02T11:35:00,1.02,1.02,1.02,1.02,234197
2026-09-02T08:36:00.000Z,2026-09-02T11:36:00,1.02,1.03,1.02,1.03,703053
2026-09-02T08:37:00.000Z,2026-09-02T11:37:00,1.02,1.03,1.02,1.02,42376
2026-09-02T08:39:00.000Z,2026-09-02T11:39:00,1.03,1.03,1.02,1.03,49434
2026-09-02T08:40:00.000Z,2026-09-02T11:40:00,1.02,1.03,1.02,1.02,336271
2026-09-02T08:42:00.000Z,2026-09-02T11:42:00,1.02,1.02,1.02,1.02,383309
2026-09-02T08:44:00.000Z,2026-09-02T11:44:00,1.02,1.03,1.02,1.03,2224
2026-09-02T08:46:00.000Z,2026-09-02T11:46:00,1.02,1.02,1.02,1.02,132910
2026-09-02T08:48:00.000Z,2026-09-02T11:48:00,1.02,1.03,1.02,1.02,102468
2026-09-02T08:49:00.000Z,2026-09-02T11:49:00,1.02,1.02,1.02,1.02,100
2026-09-02T08:50:00.000Z,2026-09-02T11:50:00,1.02,1.03,1.02,1.03,2380
2026-09-02T08:51:00.000Z,2026-09-02T11:51:00,1.02,1.02,1.02,1.02,42904
2026-09-02T08:52:00.000Z,2026-09-02T11:52:00,1.02,1.03,1.02,1.03,203457
2026-09-02T08:53:00.000Z,2026-09-02T11:53:00,1.02,1.03,1.02,1.03,319777
2026-09-02T08:55:00.000Z,2026-09-02T11:55:00,1.03,1.03,1.02,1.02,17602
2026-09-02T08:56:00.000Z,2026-09-02T11:56:00,1.03,1.03,1.03,1.03,668
2026-09-02T08:58:00.000Z,2026-09-02T11:58:00,1.02,1.02,1.02,1.02,68574
2026-09-02T08:59:00.000Z,2026-09-02T11:59:00,1.03,1.03,1.03,1.03,1000
2026-09-02T09:00:00.000Z,2026-09-02T12:00:00,1.03,1.03,1.02,1.02,10000
2026-09-02T09:01:00.000Z,2026-09-02T12:01:00,1.03,1.03,1.02,1.02,67966
2026-09-02T09:02:00.000Z,2026-09-02T12:02:00,1.02,1.02,1.02,1.02,50000
2026-09-02T09:03:00.000Z,2026-09-02T12:03:00,1.02,1.02,1.02,1.02,26655
2026-09-02T09:04:00.000Z,2026-09-02T12:04:00,1.03,1.03,1.03,1.03,21941
2026-09-02T09:05:00.000Z,2026-09-02T12:05:00,1.03,1.03,1.03,1.03,25149
2026-09-02T09:07:00.000Z,2026-09-02T12:07:00,1.03,1.03,1.02,1.03,20055
2026-09-02T09:08:00.000Z,2026-09-02T12:08:00,1.03,1.03,1.03,1.03,7000
2026-09-02T09:10:00.000Z,2026-09-02T12:10:00,1.03,1.03,1.03,1.03,19873
2026-09-02T09:14:00.000Z,2026-09-02T12:14:00,1.03,1.03,1.03,1.03,100000
2026-09-02T09:15:00.000Z,2026-09-02T12:15:00,1.03,1.03,1.03,1.03,270
2026-09-02T09:16:00.000Z,2026-09-02T12:16:00,1.03,1.03,1.03,1.03,388
2026-09-02T09:17:00.000Z,2026-09-02T12:17:00,1.03,1.03,1.03,1.03,3000
2026-09-02T09:18:00.000Z,2026-09-02T12:18:00,1.03,1.03,1.03,1.03,10300
2026-09-02T09:21:00.000Z,2026-09-02T12:21:00,1.02,1.02,1.02,1.02,8189
2026-09-02T09:22:00.000Z,2026-09-02T12:22:00,1.02,1.03,1.02,1.02,43196
2026-09-02T09:23:00.000Z,2026-09-02T12:23:00,1.02,1.03,1.02,1.03,1501894
2026-09-02T09:24:00.000Z,2026-09-02T12:24:00,1.03,1.03,1.03,1.03,100
2026-09-02T09:25:00.000Z,2026-09-02T12:25:00,1.03,1.03,1.03,1.03,20000
2026-09-02T09:27:00.000Z,2026-09-02T12:27:00,1.03,1.03,1.03,1.03,500000
2026-09-02T09:28:00.000Z,2026-09-02T12:28:00,1.02,1.02,1.02,1.02,275952
2026-09-02T09:29:00.000Z,2026-09-02T12:29:00,1.03,1.03,1.03,1.03,38825
2026-09-02T09:30:00.000Z,2026-09-02T12:30:00,1.02,1.02,1.02,1.02,42652
2026-09-02T09:31:00.000Z,2026-09-02T12:31:00,1.02,1.02,1.02,1.02,1
2026-09-02T09:32:00.000Z,2026-09-02T12:32:00,1.03,1.03,1.03,1.03,54
2026-09-02T09:33:00.000Z,2026-09-02T12:33:00,1.03,1.03,1.02,1.02,2562461
2026-09-02T09:34:00.000Z,2026-09-02T12:34:00,1.02,1.03,1.01,1.03,90084
2026-09-02T09:35:00.000Z,2026-09-02T12:35:00,1.01,1.02,1.01,1.02,23559
2026-09-02T09:36:00.000Z,2026-09-02T12:36:00,1.02,1.02,1.02,1.02,55000
2026-09-02T09:38:00.000Z,2026-09-02T12:38:00,1.02,1.02,1.02,1.02,50000
2026-09-02T09:39:00.000Z,2026-09-02T12:39:00,1.02,1.02,1.02,1.02,40000
2026-09-02T09:40:00.000Z,2026-09-02T12:40:00,1.03,1.03,1.03,1.03,4901
2026-09-02T09:46:00.000Z,2026-09-02T12:46:00,1.02,1.02,1.02,1.02,3500
2026-09-02T09:48:00.000Z,2026-09-02T12:48:00,1.03,1.03,1.03,1.03,133
2026-09-02T09:49:00.000Z,2026-09-02T12:49:00,1.02,1.02,1.02,1.02,3718
2026-09-02T09:51:00.000Z,2026-09-02T12:51:00,1.02,1.03,1.02,1.02,42753
2026-09-02T09:52:00.000Z,2026-09-02T12:52:00,1.03,1.03,1.03,1.03,51600
2026-09-02T09:53:00.000Z,2026-09-02T12:53:00,1.02,1.02,1.02,1.02,9803
2026-09-02T09:54:00.000Z,2026-09-02T12:54:00,1.02,1.03,1.02,1.03,20501
2026-09-02T09:55:00.000Z,2026-09-02T12:55:00,1.02,1.02,1.02,1.02,485
2026-09-02T09:56:00.000Z,2026-09-02T12:56:00,1.03,1.03,1.03,1.03,178
2026-09-02T09:57:00.000Z,2026-09-02T12:57:00,1.03,1.03,1.02,1.02,22512
2026-09-02T09:59:00.000Z,2026-09-02T12:59:00,1.03,1.03,1.02,1.02,5288
2026-09-02T10:00:00.000Z,2026-09-02T13:00:00,1.03,1.03,1.03,1.03,53397
2026-09-02T10:02:00.000Z,2026-09-02T13:02:00,1.03,1.03,1.03,1.03,1660
2026-09-02T10:03:00.000Z,2026-09-02T13:03:00,1.03,1.03,1.02,1.02,103621
2026-09-02T10:04:00.000Z,2026-09-02T13:04:00,1.02,1.02,1.02,1.02,11
2026-09-02T10:05:00.000Z,2026-09-02T13:05:00,1.02,1.02,1.02,1.02,3000
2026-09-02T10:06:00.000Z,2026-09-02T13:06:00,1.02,1.02,1.02,1.02,933632
2026-09-02T10:07:00.000Z,2026-09-02T13:07:00,1.01,1.01,1.01,1.01,100263
2026-09-02T10:08:00.000Z,2026-09-02T13:08:00,1.02,1.02,1.02,1.02,150000
2026-09-02T10:09:00.000Z,2026-09-02T13:09:00,1.02,1.03,1.02,1.03,151405
2026-09-02T10:10:00.000Z,2026-09-02T13:10:00,1.02,1.02,1.02,1.02,50000
2026-09-02T10:11:00.000Z,2026-09-02T13:11:00,1.02,1.02,1.02,1.02,33113
2026-09-02T10:12:00.000Z,2026-09-02T13:12:00,1.03,1.03,1.03,1.03,54
2026-09-02T10:17:00.000Z,2026-09-02T13:17:00,1.02,1.02,1.02,1.02,9355
2026-09-02T10:18:00.000Z,2026-09-02T13:18:00,1.03,1.03,1.03,1.03,100
2026-09-02T10:19:00.000Z,2026-09-02T13:19:00,1.03,1.03,1.03,1.03,1000
2026-09-02T10:20:00.000Z,2026-09-02T13:20:00,1.02,1.03,1.02,1.03,486006
2026-09-02T10:21:00.000Z,2026-09-02T13:21:00,1.02,1.02,1.02,1.02,881
2026-09-02T10:23:00.000Z,2026-09-02T13:23:00,1.02,1.02,1.02,1.02,1800
2026-09-02T10:25:00.000Z,2026-09-02T13:25:00,1.02,1.02,1.02,1.02,5000
2026-09-02T10:26:00.000Z,2026-09-02T13:26:00,1.02,1.02,1.02,1.02,102500
2026-09-02T10:27:00.000Z,2026-09-02T13:27:00,1.02,1.02,1.02,1.02,200
2026-09-02T10:28:00.000Z,2026-09-02T13:28:00,1.02,1.03,1.02,1.03,4975
2026-09-02T10:30:00.000Z,2026-09-02T13:30:00,1.03,1.03,1.03,1.03,104862
2026-09-02T10:31:00.000Z,2026-09-02T13:31:00,1.02,1.03,1.02,1.03,100400
2026-09-02T10:32:00.000Z,2026-09-02T13:32:00,1.02,1.02,1.02,1.02,50011
2026-09-02T10:34:00.000Z,2026-09-02T13:34:00,1.02,1.03,1.02,1.03,14886
2026-09-02T10:35:00.000Z,2026-09-02T13:35:00,1.03,1.03,1.03,1.03,10000
2026-09-02T10:37:00.000Z,2026-09-02T13:37:00,1.02,1.02,1.02,1.02,485
2026-09-02T10:38:00.000Z,2026-09-02T13:38:00,1.03,1.03,1.03,1.03,1169
2026-09-02T10:39:00.000Z,2026-09-02T13:39:00,1.02,1.02,1.02,1.02,1440
2026-09-02T10:41:00.000Z,2026-09-02T13:41:00,1.02,1.03,1.02,1.03,505
2026-09-02T10:42:00.000Z,2026-09-02T13:42:00,1.02,1.03,1.02,1.03,514
2026-09-02T10:43:00.000Z,2026-09-02T13:43:00,1.03,1.03,1.03,1.03,2014
2026-09-02T10:44:00.000Z,2026-09-02T13:44:00,1.02,1.02,1.02,1.02,515
2026-09-02T10:45:00.000Z,2026-09-02T13:45:00,1.03,1.03,1.03,1.03,1500029
2026-09-02T10:46:00.000Z,2026-09-02T13:46:00,1.03,1.03,1.03,1.03,100000
2026-09-02T10:47:00.000Z,2026-09-02T13:47:00,1.03,1.03,1.03,1.03,492069
2026-09-02T10:48:00.000Z,2026-09-02T13:48:00,1.04,1.04,1.04,1.04,980
2026-09-02T10:49:00.000Z,2026-09-02T13:49:00,1.03,1.03,1.03,1.03,33271
2026-09-02T10:50:00.000Z,2026-09-02T13:50:00,1.03,1.03,1.03,1.03,25000
2026-09-02T10:52:00.000Z,2026-09-02T13:52:00,1.02,1.03,1.02,1.03,3717
2026-09-02T10:54:00.000Z,2026-09-02T13:54:00,1.03,1.03,1.02,1.02,20563
2026-09-02T10:55:00.000Z,2026-09-02T13:55:00,1.02,1.02,1.02,1.02,125010
2026-09-02T10:56:00.000Z,2026-09-02T13:56:00,1.03,1.03,1.02,1.02,34800
2026-09-02T10:57:00.000Z,2026-09-02T13:57:00,1.03,1.03,1.02,1.02,6515
2026-09-02T10:59:00.000Z,2026-09-02T13:59:00,1.03,1.03,1.03,1.03,590
2026-09-02T11:01:00.000Z,2026-09-02T14:01:00,1.02,1.02,1.02,1.02,89709
2026-09-02T11:02:00.000Z,2026-09-02T14:02:00,1.03,1.03,1.03,1.03,263
2026-09-02T11:03:00.000Z,2026-09-02T14:03:00,1.03,1.03,1.03,1.03,192
2026-09-02T11:04:00.000Z,2026-09-02T14:04:00,1.03,1.03,1.02,1.02,22815
2026-09-02T11:05:00.000Z,2026-09-02T14:05:00,1.03,1.03,1.03,1.03,110000
2026-09-02T11:06:00.000Z,2026-09-02T14:06:00,1.02,1.03,1.02,1.03,50440
2026-09-02T11:08:00.000Z,2026-09-02T14:08:00,1.03,1.03,1.02,1.02,664832
2026-09-02T11:09:00.000Z,2026-09-02T14:09:00,1.02,1.02,1.01,1.01,9634017
2026-09-02T11:10:00.000Z,2026-09-02T14:10:00,1.01,1.02,1.01,1.02,137884
2026-09-02T11:11:00.000Z,2026-09-02T14:11:00,1.01,1.02,1.01,1.01,400000
2026-09-02T11:12:00.000Z,2026-09-02T14:12:00,1.02,1.02,1.02,1.02,10350
2026-09-02T11:13:00.000Z,2026-09-02T14:13:00,1.02,1.02,1.02,1.02,136500
2026-09-02T11:14:00.000Z,2026-09-02T14:14:00,1.02,1.02,1.02,1.02,4563441
2026-09-02T11:25:00.000Z,2026-09-02T14:25:00,1.02,1.02,1.02,1.02,9514040
2026-09-02T11:26:00.000Z,2026-09-02T14:26:00,1.02,1.02,1.02,1.02,100000
2026-09-02T11:27:00.000Z,2026-09-02T14:27:00,1.02,1.02,1.02,1.02,50000
2026-09-02T11:28:00.000Z,2026-09-02T14:28:00,1.02,1.02,1.02,1.02,50000
2026-09-03T07:01:00.000Z,2026-09-03T10:01:00,1.02,1.04,1.02,1.04,641528
2026-09-03T07:02:00.000Z,2026-09-03T10:02:00,1.04,1.05,1.04,1.05,1454510
2026-09-03T07:03:00.000Z,2026-09-03T10:03:00,1.04,1.05,1.04,1.04,1725347
2026-09-03T07:04:00.000Z,2026-09-03T10:04:00,1.04,1.05,1.04,1.04,1685686
2026-09-03T07:05:00.000Z,2026-09-03T10:05:00,1.04,1.04,1.04,1.04,1177039
2026-09-03T07:06:00.000Z,2026-09-03T10:06:00,1.04,1.04,1.04,1.04,2041181
2026-09-03T07:07:00.000Z,2026-09-03T10:07:00,1.04,1.05,1.04,1.04,1926560
2026-09-03T07:08:00.000Z,2026-09-03T10:08:00,1.04,1.04,1.04,1.04,1002717
2026-09-03T07:09:00.000Z,2026-09-03T10:09:00,1.03,1.04,1.03,1.04,22023
2026-09-03T07:10:00.000Z,2026-09-03T10:10:00,1.03,1.03,1.03,1.03,8590
2026-09-03T07:11:00.000Z,2026-09-03T10:11:00,1.04,1.04,1.04,1.04,1983459
2026-09-03T07:12:00.000Z,2026-09-03T10:12:00,1.04,1.05,1.04,1.05,3460166
2026-09-03T07:13:00.000Z,2026-09-03T10:13:00,1.06,1.06,1.05,1.06,3976964
2026-09-03T07:14:00.000Z,2026-09-03T10:14:00,1.06,1.06,1.05,1.06,752833
2026-09-03T07:15:00.000Z,2026-09-03T10:15:00,1.06,1.06,1.06,1.06,369751
2026-09-03T07:16:00.000Z,2026-09-03T10:16:00,1.06,1.06,1.04,1.06,2185152
2026-09-03T07:17:00.000Z,2026-09-03T10:17:00,1.06,1.06,1.05,1.05,30175
2026-09-03T07:18:00.000Z,2026-09-03T10:18:00,1.05,1.06,1.05,1.05,512377
2026-09-03T07:19:00.000Z,2026-09-03T10:19:00,1.06,1.06,1.05,1.05,44769
2026-09-03T07:20:00.000Z,2026-09-03T10:20:00,1.05,1.06,1.05,1.05,2127403
2026-09-03T07:21:00.000Z,2026-09-03T10:21:00,1.06,1.06,1.06,1.06,142461
2026-09-03T07:22:00.000Z,2026-09-03T10:22:00,1.06,1.06,1.06,1.06,100
2026-09-03T07:23:00.000Z,2026-09-03T10:23:00,1.05,1.06,1.05,1.05,1431187
2026-09-03T07:24:00.000Z,2026-09-03T10:24:00,1.04,1.04,1.04,1.04,5000000
2026-09-03T07:25:00.000Z,2026-09-03T10:25:00,1.04,1.05,1.04,1.05,29051
2026-09-03T07:26:00.000Z,2026-09-03T10:26:00,1.04,1.05,1.04,1.05,38323
2026-09-03T07:27:00.000Z,2026-09-03T10:27:00,1.05,1.05,1.05,1.05,38
2026-09-03T07:28:00.000Z,2026-09-03T10:28:00,1.05,1.05,1.04,1.04,15945
2026-09-03T07:29:00.000Z,2026-09-03T10:29:00,1.04,1.04,1.04,1.04,60001
2026-09-03T07:31:00.000Z,2026-09-03T10:31:00,1.05,1.05,1.04,1.05,336700
2026-09-03T07:32:00.000Z,2026-09-03T10:32:00,1.05,1.05,1.05,1.05,385000
2026-09-03T07:33:00.000Z,2026-09-03T10:33:00,1.05,1.05,1.05,1.05,125508
2026-09-03T07:34:00.000Z,2026-09-03T10:34:00,1.04,1.05,1.04,1.05,602635
2026-09-03T07:35:00.000Z,2026-09-03T10:35:00,1.05,1.05,1.04,1.05,501424
2026-09-03T07:36:00.000Z,2026-09-03T10:36:00,1.05,1.05,1.05,1.05,552
2026-09-03T07:37:00.000Z,2026-09-03T10:37:00,1.05,1.05,1.04,1.04,9864
2026-09-03T07:38:00.000Z,2026-09-03T10:38:00,1.04,1.04,1.04,1.04,260000
2026-09-03T07:39:00.000Z,2026-09-03T10:39:00,1.05,1.05,1.04,1.04,5857
2026-09-03T07:40:00.000Z,2026-09-03T10:40:00,1.04,1.05,1.04,1.05,46012
2026-09-03T07:41:00.000Z,2026-09-03T10:41:00,1.04,1.06,1.04,1.05,9046015
2026-09-03T07:42:00.000Z,2026-09-03T10:42:00,1.05,1.05,1.05,1.05,1196741
2026-09-03T07:43:00.000Z,2026-09-03T10:43:00,1.05,1.06,1.05,1.06,1025000
2026-09-03T07:44:00.000Z,2026-09-03T10:44:00,1.05,1.05,1.05,1.05,100000
2026-09-03T07:45:00.000Z,2026-09-03T10:45:00,1.04,1.04,1.04,1.04,15100
2026-09-03T07:46:00.000Z,2026-09-03T10:46:00,1.05,1.05,1.04,1.04,38442
2026-09-03T07:47:00.000Z,2026-09-03T10:47:00,1.04,1.04,1.04,1.04,240
2026-09-03T07:48:00.000Z,2026-09-03T10:48:00,1.04,1.04,1.04,1.04,5366
2026-09-03T07:49:00.000Z,2026-09-03T10:49:00,1.05,1.05,1.05,1.05,42
2026-09-03T07:50:00.000Z,2026-09-03T10:50:00,1.04,1.05,1.04,1.05,62194
2026-09-03T07:52:00.000Z,2026-09-03T10:52:00,1.04,1.04,1.04,1.04,5000
2026-09-03T07:55:00.000Z,2026-09-03T10:55:00,1.05,1.05,1.04,1.04,501
2026-09-03T07:56:00.000Z,2026-09-03T10:56:00,1.05,1.05,1.04,1.04,6205
2026-09-03T07:57:00.000Z,2026-09-03T10:57:00,1.04,1.04,1.04,1.04,34528
2026-09-03T07:58:00.000Z,2026-09-03T10:58:00,1.04,1.04,1.04,1.04,239329
2026-09-03T07:59:00.000Z,2026-09-03T10:59:00,1.04,1.04,1.04,1.04,1000000
2026-09-03T08:00:00.000Z,2026-09-03T11:00:00,1.04,1.05,1.04,1.05,62570
2026-09-03T08:01:00.000Z,2026-09-03T11:01:00,1.04,1.05,1.04,1.05,195312
2026-09-03T08:02:00.000Z,2026-09-03T11:02:00,1.04,1.04,1.03,1.03,269474
2026-09-03T08:03:00.000Z,2026-09-03T11:03:00,1.03,1.04,1.03,1.04,9325
2026-09-03T08:05:00.000Z,2026-09-03T11:05:00,1.04,1.04,1.04,1.04,624
2026-09-03T08:07:00.000Z,2026-09-03T11:07:00,1.03,1.03,1.03,1.03,11111
2026-09-03T08:08:00.000Z,2026-09-03T11:08:00,1.04,1.04,1.04,1.04,613578
2026-09-03T08:09:00.000Z,2026-09-03T11:09:00,1.04,1.04,1.04,1.04,418440
2026-09-03T08:11:00.000Z,2026-09-03T11:11:00,1.03,1.04,1.03,1.04,754783
2026-09-03T08:13:00.000Z,2026-09-03T11:13:00,1.03,1.04,1.03,1.04,176408
2026-09-03T08:14:00.000Z,2026-09-03T11:14:00,1.04,1.05,1.04,1.05,1012957
2026-09-03T08:15:00.000Z,2026-09-03T11:15:00,1.04,1.04,1.03,1.03,102479
2026-09-03T08:17:00.000Z,2026-09-03T11:17:00,1.03,1.04,1.03,1.04,2589249
2026-09-03T08:18:00.000Z,2026-09-03T11:18:00,1.04,1.04,1.04,1.04,4892
2026-09-03T08:19:00.000Z,2026-09-03T11:19:00,1.04,1.04,1.03,1.03,43333
2026-09-03T08:20:00.000Z,2026-09-03T11:20:00,1.03,1.03,1.03,1.03,30000
2026-09-03T08:21:00.000Z,2026-09-03T11:21:00,1.04,1.04,1.04,1.04,50000
2026-09-03T08:22:00.000Z,2026-09-03T11:22:00,1.03,1.03,1.03,1.03,25
2026-09-03T08:23:00.000Z,2026-09-03T11:23:00,1.03,1.03,1.03,1.03,843954
2026-09-03T08:24:00.000Z,2026-09-03T11:24:00,1.04,1.04,1.03,1.04,16301
2026-09-03T08:25:00.000Z,2026-09-03T11:25:00,1.04,1.04,1.04,1.04,553
2026-09-03T08:26:00.000Z,2026-09-03T11:26:00,1.04,1.04,1.04,1.04,50288
2026-09-03T08:28:00.000Z,2026-09-03T11:28:00,1.03,1.03,1.03,1.03,380000
2026-09-03T08:30:00.000Z,2026-09-03T11:30:00,1.04,1.04,1.03,1.03,24523
2026-09-03T08:31:00.000Z,2026-09-03T11:31:00,1.04,1.04,1.03,1.03,1500091
2026-09-03T08:32:00.000Z,2026-09-03T11:32:00,1.03,1.04,1.03,1.04,2135282
2026-09-03T08:33:00.000Z,2026-09-03T11:33:00,1.04,1.04,1.04,1.04,383858
2026-09-03T08:34:00.000Z,2026-09-03T11:34:00,1.04,1.04,1.04,1.04,769542
2026-09-03T08:35:00.000Z,2026-09-03T11:35:00,1.05,1.05,1.04,1.04,330833
2026-09-03T08:36:00.000Z,2026-09-03T11:36:00,1.03,1.03,1.03,1.03,18115
2026-09-03T08:37:00.000Z,2026-09-03T11:37:00,1.04,1.04,1.03,1.03,500062
2026-09-03T08:40:00.000Z,2026-09-03T11:40:00,1.04,1.04,1.04,1.04,80782
2026-09-03T08:41:00.000Z,2026-09-03T11:41:00,1.04,1.04,1.04,1.04,18768
2026-09-03T08:42:00.000Z,2026-09-03T11:42:00,1.03,1.03,1.03,1.03,34816
2026-09-03T08:43:00.000Z,2026-09-03T11:43:00,1.04,1.04,1.03,1.03,103
2026-09-03T08:44:00.000Z,2026-09-03T11:44:00,1.03,1.03,1.03,1.03,31096
2026-09-03T08:46:00.000Z,2026-09-03T11:46:00,1.04,1.04,1.04,1.04,4912
2026-09-03T08:47:00.000Z,2026-09-03T11:47:00,1.03,1.03,1.03,1.03,5000
2026-09-03T08:49:00.000Z,2026-09-03T11:49:00,1.04,1.04,1.04,1.04,155
2026-09-03T08:50:00.000Z,2026-09-03T11:50:00,1.04,1.04,1.04,1.04,20014
2026-09-03T08:51:00.000Z,2026-09-03T11:51:00,1.04,1.04,1.03,1.04,8341
2026-09-03T08:52:00.000Z,2026-09-03T11:52:00,1.04,1.04,1.04,1.04,25000
2026-09-03T08:53:00.000Z,2026-09-03T11:53:00,1.03,1.03,1.03,1.03,93
2026-09-03T08:54:00.000Z,2026-09-03T11:54:00,1.03,1.03,1.03,1.03,10000
2026-09-03T08:58:00.000Z,2026-09-03T11:58:00,1.03,1.03,1.03,1.03,642
2026-09-03T08:59:00.000Z,2026-09-03T11:59:00,1.03,1.03,1.03,1.03,11
2026-09-03T09:00:00.000Z,2026-09-03T12:00:00,1.04,1.04,1.04,1.04,38
2026-09-03T09:01:00.000Z,2026-09-03T12:01:00,1.04,1.04,1.04,1.04,5289
2026-09-03T09:03:00.000Z,2026-09-03T12:03:00,1.04,1.04,1.04,1.04,1065
2026-09-03T09:05:00.000Z,2026-09-03T12:05:00,1.03,1.03,1.03,1.03,92
2026-09-03T09:08:00.000Z,2026-09-03T12:08:00,1.03,1.03,1.03,1.03,1527
2026-09-03T09:09:00.000Z,2026-09-03T12:09:00,1.03,1.03,1.03,1.03,1000
2026-09-03T09:10:00.000Z,2026-09-03T12:10:00,1.04,1.04,1.04,1.04,5
2026-09-03T09:11:00.000Z,2026-09-03T12:11:00,1.04,1.04,1.04,1.04,436
2026-09-03T09:12:00.000Z,2026-09-03T12:12:00,1.03,1.03,1.03,1.03,50
2026-09-03T09:13:00.000Z,2026-09-03T12:13:00,1.03,1.03,1.03,1.03,85532
2026-09-03T09:14:00.000Z,2026-09-03T12:14:00,1.04,1.04,1.04,1.04,7
2026-09-03T09:15:00.000Z,2026-09-03T12:15:00,1.03,1.03,1.03,1.03,361857
2026-09-03T09:17:00.000Z,2026-09-03T12:17:00,1.03,1.03,1.03,1.03,700
2026-09-03T09:18:00.000Z,2026-09-03T12:18:00,1.03,1.03,1.03,1.03,750961
2026-09-03T09:19:00.000Z,2026-09-03T12:19:00,1.03,1.03,1.02,1.02,6385356
2026-09-03T09:20:00.000Z,2026-09-03T12:20:00,1.02,1.02,1.02,1.02,1500000
2026-09-03T09:21:00.000Z,2026-09-03T12:21:00,1.02,1.03,1.02,1.03,501000
2026-09-03T09:23:00.000Z,2026-09-03T12:23:00,1.03,1.03,1.03,1.03,10000
2026-09-03T09:24:00.000Z,2026-09-03T12:24:00,1.02,1.03,1.02,1.03,10015
2026-09-03T09:25:00.000Z,2026-09-03T12:25:00,1.02,1.02,1.02,1.02,3000
2026-09-03T09:26:00.000Z,2026-09-03T12:26:00,1.02,1.02,1.02,1.02,5000
2026-09-03T09:27:00.000Z,2026-09-03T12:27:00,1.03,1.03,1.03,1.03,1510000
2026-09-03T09:28:00.000Z,2026-09-03T12:28:00,1.03,1.03,1.03,1.03,1500
2026-09-03T09:29:00.000Z,2026-09-03T12:29:00,1.03,1.03,1.03,1.03,70392
2026-09-03T09:30:00.000Z,2026-09-03T12:30:00,1.03,1.03,1.02,1.03,249351
2026-09-03T09:31:00.000Z,2026-09-03T12:31:00,1.03,1.03,1.03,1.03,10000
2026-09-03T09:32:00.000Z,2026-09-03T12:32:00,1.03,1.03,1.03,1.03,4335
2026-09-03T09:33:00.000Z,2026-09-03T12:33:00,1.02,1.03,1.02,1.02,2068
2026-09-03T09:34:00.000Z,2026-09-03T12:34:00,1.02,1.03,1.02,1.03,74323
2026-09-03T09:37:00.000Z,2026-09-03T12:37:00,1.03,1.03,1.03,1.03,23371
2026-09-03T09:39:00.000Z,2026-09-03T12:39:00,1.03,1.03,1.03,1.03,100
2026-09-03T09:40:00.000Z,2026-09-03T12:40:00,1.02,1.02,1.02,1.02,48543
2026-09-03T09:41:00.000Z,2026-09-03T12:41:00,1.02,1.03,1.02,1.03,40000
2026-09-03T09:43:00.000Z,2026-09-03T12:43:00,1.03,1.03,1.03,1.03,1300
2026-09-03T09:44:00.000Z,2026-09-03T12:44:00,1.02,1.02,1.02,1.02,330
2026-09-03T09:45:00.000Z,2026-09-03T12:45:00,1.02,1.02,1.02,1.02,49020
2026-09-03T09:46:00.000Z,2026-09-03T12:46:00,1.02,1.02,1.02,1.02,1
2026-09-03T09:47:00.000Z,2026-09-03T12:47:00,1.03,1.03,1.03,1.03,101961
2026-09-03T09:48:00.000Z,2026-09-03T12:48:00,1.02,1.02,1.02,1.02,4368
2026-09-03T09:49:00.000Z,2026-09-03T12:49:00,1.03,1.03,1.03,1.03,1000000
2026-09-03T09:50:00.000Z,2026-09-03T12:50:00,1.03,1.03,1.03,1.03,634495
2026-09-03T09:51:00.000Z,2026-09-03T12:51:00,1.04,1.04,1.04,1.04,1812
2026-09-03T09:52:00.000Z,2026-09-03T12:52:00,1.04,1.04,1.04,1.04,1038
2026-09-03T09:53:00.000Z,2026-09-03T12:53:00,1.03,1.03,1.03,1.03,1000000
2026-09-03T09:56:00.000Z,2026-09-03T12:56:00,1.03,1.04,1.03,1.04,132215
2026-09-03T09:59:00.000Z,2026-09-03T12:59:00,1.04,1.04,1.04,1.04,58
2026-09-03T10:00:00.000Z,2026-09-03T13:00:00,1.03,1.03,1.03,1.03,220000
2026-09-03T10:01:00.000Z,2026-09-03T13:01:00,1.03,1.03,1.03,1.03,1000
2026-09-03T10:02:00.000Z,2026-09-03T13:02:00,1.03,1.04,1.03,1.04,11421
2026-09-03T10:03:00.000Z,2026-09-03T13:03:00,1.04,1.04,1.04,1.04,4850
2026-09-03T10:04:00.000Z,2026-09-03T13:04:00,1.04,1.04,1.04,1.04,5
2026-09-03T10:05:00.000Z,2026-09-03T13:05:00,1.04,1.04,1.03,1.03,48064
2026-09-03T10:06:00.000Z,2026-09-03T13:06:00,1.03,1.03,1.03,1.03,10000
2026-09-03T10:07:00.000Z,2026-09-03T13:07:00,1.03,1.03,1.03,1.03,100000
2026-09-03T10:09:00.000Z,2026-09-03T13:09:00,1.03,1.03,1.03,1.03,1038
2026-09-03T10:10:00.000Z,2026-09-03T13:10:00,1.03,1.03,1.03,1.03,3375
2026-09-03T10:11:00.000Z,2026-09-03T13:11:00,1.03,1.03,1.03,1.03,8500
2026-09-03T10:13:00.000Z,2026-09-03T13:13:00,1.04,1.04,1.03,1.04,105446
2026-09-03T10:14:00.000Z,2026-09-03T13:14:00,1.03,1.03,1.03,1.03,1200
2026-09-03T10:17:00.000Z,2026-09-03T13:17:00,1.03,1.03,1.03,1.03,1941
2026-09-03T10:18:00.000Z,2026-09-03T13:18:00,1.03,1.03,1.03,1.03,25996
2026-09-03T10:19:00.000Z,2026-09-03T13:19:00,1.03,1.03,1.03,1.03,253433
2026-09-03T10:20:00.000Z,2026-09-03T13:20:00,1.04,1.04,1.03,1.04,5923
2026-09-03T10:21:00.000Z,2026-09-03T13:21:00,1.04,1.04,1.04,1.04,673
2026-09-03T10:22:00.000Z,2026-09-03T13:22:00,1.03,1.04,1.03,1.03,3813
2026-09-03T10:23:00.000Z,2026-09-03T13:23:00,1.03,1.03,1.03,1.03,10700
2026-09-03T10:24:00.000Z,2026-09-03T13:24:00,1.04,1.04,1.04,1.04,10000
2026-09-03T10:25:00.000Z,2026-09-03T13:25:00,1.04,1.04,1.03,1.03,1005000
2026-09-03T10:27:00.000Z,2026-09-03T13:27:00,1.04,1.04,1.04,1.04,5585
2026-09-03T10:28:00.000Z,2026-09-03T13:28:00,1.03,1.03,1.03,1.03,3300
2026-09-03T10:29:00.000Z,2026-09-03T13:29:00,1.03,1.03,1.03,1.03,101004
2026-09-03T10:30:00.000Z,2026-09-03T13:30:00,1.04,1.04,1.04,1.04,12136
2026-09-03T10:32:00.000Z,2026-09-03T13:32:00,1.04,1.04,1.03,1.03,110000
2026-09-03T10:33:00.000Z,2026-09-03T13:33:00,1.03,1.04,1.03,1.04,190694
2026-09-03T10:34:00.000Z,2026-09-03T13:34:00,1.03,1.04,1.03,1.04,175200
2026-09-03T10:35:00.000Z,2026-09-03T13:35:00,1.04,1.04,1.04,1.04,5500
2026-09-03T10:39:00.000Z,2026-09-03T13:39:00,1.04,1.04,1.04,1.04,292000
2026-09-03T10:41:00.000Z,2026-09-03T13:41:00,1.03,1.03,1.03,1.03,903751
2026-09-03T10:43:00.000Z,2026-09-03T13:43:00,1.03,1.04,1.03,1.03,1165569
2026-09-03T10:44:00.000Z,2026-09-03T13:44:00,1.03,1.03,1.02,1.03,84680
2026-09-03T10:45:00.000Z,2026-09-03T13:45:00,1.03,1.04,1.03,1.03,1217604
2026-09-03T10:46:00.000Z,2026-09-03T13:46:00,1.03,1.03,1.03,1.03,475500
2026-09-03T10:47:00.000Z,2026-09-03T13:47:00,1.03,1.03,1.03,1.03,1501000
2026-09-03T10:48:00.000Z,2026-09-03T13:48:00,1.03,1.03,1.03,1.03,50000
2026-09-03T10:49:00.000Z,2026-09-03T13:49:00,1.03,1.03,1.03,1.03,16575
2026-09-03T10:50:00.000Z,2026-09-03T13:50:00,1.03,1.03,1.03,1.03,10500
2026-09-03T10:51:00.000Z,2026-09-03T13:51:00,1.03,1.03,1.03,1.03,15000
2026-09-03T10:52:00.000Z,2026-09-03T13:52:00,1.03,1.03,1.03,1.03,60726
2026-09-03T10:53:00.000Z,2026-09-03T13:53:00,1.04,1.04,1.04,1.04,6154
2026-09-03T10:54:00.000Z,2026-09-03T13:54:00,1.04,1.04,1.04,1.04,5100000
2026-09-03T10:55:00.000Z,2026-09-03T13:55:00,1.04,1.04,1.04,1.04,564810
2026-09-03T10:56:00.000Z,2026-09-03T13:56:00,1.04,1.04,1.03,1.03,4122
2026-09-03T10:57:00.000Z,2026-09-03T13:57:00,1.04,1.04,1.03,1.03,96273
2026-09-03T10:58:00.000Z,2026-09-03T13:58:00,1.03,1.03,1.03,1.03,25000
2026-09-03T10:59:00.000Z,2026-09-03T13:59:00,1.04,1.04,1.03,1.04,20036
2026-09-03T11:00:00.000Z,2026-09-03T14:00:00,1.03,1.03,1.03,1.03,10028
2026-09-03T11:02:00.000Z,2026-09-03T14:02:00,1.04,1.04,1.04,1.04,3000
2026-09-03T11:03:00.000Z,2026-09-03T14:03:00,1.04,1.04,1.04,1.04,163
2026-09-03T11:04:00.000Z,2026-09-03T14:04:00,1.04,1.04,1.04,1.04,180379
2026-09-03T11:05:00.000Z,2026-09-03T14:05:00,1.04,1.04,1.04,1.04,206
2026-09-03T11:06:00.000Z,2026-09-03T14:06:00,1.03,1.03,1.03,1.03,2431614
2026-09-03T11:07:00.000Z,2026-09-03T14:07:00,1.03,1.04,1.03,1.03,944058
2026-09-03T11:08:00.000Z,2026-09-03T14:08:00,1.03,1.03,1.03,1.03,1594102
2026-09-03T11:09:00.000Z,2026-09-03T14:09:00,1.03,1.04,1.03,1.03,175201
2026-09-03T11:10:00.000Z,2026-09-03T14:10:00,1.03,1.03,1.03,1.03,1087475
2026-09-03T11:11:00.000Z,2026-09-03T14:11:00,1.03,1.04,1.03,1.04,72405
2026-09-03T11:12:00.000Z,2026-09-03T14:12:00,1.03,1.03,1.03,1.03,70201
2026-09-03T11:13:00.000Z,2026-09-03T14:13:00,1.03,1.04,1.03,1.04,1285786
2026-09-03T11:14:00.000Z,2026-09-03T14:14:00,1.04,1.04,1.04,1.04,769935
2026-09-03T11:15:00.000Z,2026-09-03T14:15:00,1.04,1.04,1.04,1.04,635639
2026-09-03T11:25:00.000Z,2026-09-03T14:25:00,1.03,1.03,1.03,1.03,10936710
2026-09-03T11:26:00.000Z,2026-09-03T14:26:00,1.03,1.03,1.03,1.03,42000
2026-09-03T11:29:00.000Z,2026-09-03T14:29:00,1.03,1.03,1.03,1.03,96917
2026-09-06T07:00:00.000Z,2026-09-06T10:00:00,1.04,1.06,1.04,1.06,2218328
2026-09-06T07:01:00.000Z,2026-09-06T10:01:00,1.05,1.05,1.04,1.05,1113552
2026-09-06T07:02:00.000Z,2026-09-06T10:02:00,1.05,1.05,1.05,1.05,500092
2026-09-06T07:03:00.000Z,2026-09-06T10:03:00,1.05,1.05,1.04,1.04,18097
2026-09-06T07:04:00.000Z,2026-09-06T10:04:00,1.05,1.05,1.04,1.05,2932029
2026-09-06T07:05:00.000Z,2026-09-06T10:05:00,1.05,1.05,1.05,1.05,534610
2026-09-06T07:06:00.000Z,2026-09-06T10:06:00,1.05,1.05,1.05,1.05,1008522
2026-09-06T07:07:00.000Z,2026-09-06T10:07:00,1.05,1.05,1.04,1.04,81934
2026-09-06T07:08:00.000Z,2026-09-06T10:08:00,1.04,1.04,1.04,1.04,266
2026-09-06T07:10:00.000Z,2026-09-06T10:10:00,1.05,1.05,1.04,1.04,141129
2026-09-06T07:11:00.000Z,2026-09-06T10:11:00,1.04,1.05,1.04,1.04,111398
2026-09-06T07:12:00.000Z,2026-09-06T10:12:00,1.05,1.05,1.05,1.05,2641080
2026-09-06T07:13:00.000Z,2026-09-06T10:13:00,1.05,1.05,1.05,1.05,33100
2026-09-06T07:14:00.000Z,2026-09-06T10:14:00,1.05,1.05,1.05,1.05,376208
2026-09-06T07:15:00.000Z,2026-09-06T10:15:00,1.05,1.05,1.04,1.05,506843
2026-09-06T07:16:00.000Z,2026-09-06T10:16:00,1.05,1.06,1.05,1.05,130794
2026-09-06T07:18:00.000Z,2026-09-06T10:18:00,1.05,1.05,1.05,1.05,501904
2026-09-06T07:19:00.000Z,2026-09-06T10:19:00,1.05,1.05,1.05,1.05,55200
2026-09-06T07:20:00.000Z,2026-09-06T10:20:00,1.05,1.05,1.05,1.05,2166435
2026-09-06T07:21:00.000Z,2026-09-06T10:21:00,1.05,1.05,1.04,1.05,113516
2026-09-06T07:22:00.000Z,2026-09-06T10:22:00,1.05,1.05,1.04,1.04,31248
2026-09-06T07:23:00.000Z,2026-09-06T10:23:00,1.05,1.05,1.04,1.05,181926
2026-09-06T07:24:00.000Z,2026-09-06T10:24:00,1.05,1.05,1.04,1.05,13172
2026-09-06T07:25:00.000Z,2026-09-06T10:25:00,1.04,1.05,1.04,1.04,40230
2026-09-06T07:26:00.000Z,2026-09-06T10:26:00,1.04,1.04,1.04,1.04,78214
2026-09-06T07:27:00.000Z,2026-09-06T10:27:00,1.04,1.04,1.04,1.04,100
2026-09-06T07:29:00.000Z,2026-09-06T10:29:00,1.04,1.04,1.04,1.04,8610
2026-09-06T07:30:00.000Z,2026-09-06T10:30:00,1.05,1.05,1.04,1.04,966
2026-09-06T07:31:00.000Z,2026-09-06T10:31:00,1.04,1.05,1.04,1.04,105855
2026-09-06T07:32:00.000Z,2026-09-06T10:32:00,1.05,1.05,1.05,1.05,250000
2026-09-06T07:34:00.000Z,2026-09-06T10:34:00,1.05,1.05,1.04,1.05,5869
2026-09-06T07:35:00.000Z,2026-09-06T10:35:00,1.05,1.05,1.05,1.05,6
2026-09-06T07:36:00.000Z,2026-09-06T10:36:00,1.04,1.05,1.04,1.05,29801
2026-09-06T07:37:00.000Z,2026-09-06T10:37:00,1.04,1.05,1.04,1.05,48846
2026-09-06T07:39:00.000Z,2026-09-06T10:39:00,1.04,1.04,1.04,1.04,1000000
2026-09-06T07:40:00.000Z,2026-09-06T10:40:00,1.04,1.05,1.04,1.04,570139
2026-09-06T07:41:00.000Z,2026-09-06T10:41:00,1.05,1.05,1.04,1.04,2041736
2026-09-06T07:42:00.000Z,2026-09-06T10:42:00,1.04,1.04,1.04,1.04,251078
2026-09-06T07:44:00.000Z,2026-09-06T10:44:00,1.04,1.04,1.03,1.04,70186
2026-09-06T07:45:00.000Z,2026-09-06T10:45:00,1.04,1.04,1.03,1.03,549556
2026-09-06T07:46:00.000Z,2026-09-06T10:46:00,1.03,1.04,1.03,1.04,2275
2026-09-06T07:47:00.000Z,2026-09-06T10:47:00,1.04,1.04,1.04,1.04,39709
2026-09-06T07:48:00.000Z,2026-09-06T10:48:00,1.04,1.04,1.03,1.03,27171
2026-09-06T07:49:00.000Z,2026-09-06T10:49:00,1.04,1.04,1.03,1.03,173300
2026-09-06T07:50:00.000Z,2026-09-06T10:50:00,1.03,1.04,1.03,1.04,32383
2026-09-06T07:51:00.000Z,2026-09-06T10:51:00,1.04,1.04,1.03,1.04,2760375
2026-09-06T07:52:00.000Z,2026-09-06T10:52:00,1.05,1.05,1.04,1.04,7584
2026-09-06T07:53:00.000Z,2026-09-06T10:53:00,1.04,1.04,1.04,1.04,35963
2026-09-06T07:54:00.000Z,2026-09-06T10:54:00,1.04,1.04,1.04,1.04,85555
2026-09-06T07:55:00.000Z,2026-09-06T10:55:00,1.04,1.05,1.04,1.04,29234
2026-09-06T07:57:00.000Z,2026-09-06T10:57:00,1.04,1.04,1.04,1.04,214423
2026-09-06T07:58:00.000Z,2026-09-06T10:58:00,1.05,1.05,1.05,1.05,17
2026-09-06T07:59:00.000Z,2026-09-06T10:59:00,1.04,1.05,1.04,1.04,167330
2026-09-06T08:00:00.000Z,2026-09-06T11:00:00,1.05,1.05,1.05,1.05,11627
2026-09-06T08:02:00.000Z,2026-09-06T11:02:00,1.04,1.05,1.04,1.05,14538
2026-09-06T08:03:00.000Z,2026-09-06T11:03:00,1.04,1.05,1.04,1.05,42000
2026-09-06T08:04:00.000Z,2026-09-06T11:04:00,1.05,1.05,1.03,1.03,37003
2026-09-06T08:05:00.000Z,2026-09-06T11:05:00,1.04,1.04,1.03,1.03,23997
2026-09-06T08:07:00.000Z,2026-09-06T11:07:00,1.05,1.05,1.04,1.04,21342
2026-09-06T08:08:00.000Z,2026-09-06T11:08:00,1.04,1.04,1.04,1.04,72619
2026-09-06T08:09:00.000Z,2026-09-06T11:09:00,1.04,1.04,1.04,1.04,51116
2026-09-06T08:10:00.000Z,2026-09-06T11:10:00,1.04,1.04,1.04,1.04,30000
2026-09-06T08:11:00.000Z,2026-09-06T11:11:00,1.04,1.05,1.04,1.05,26896
2026-09-06T08:12:00.000Z,2026-09-06T11:12:00,1.04,1.04,1.04,1.04,25100
2026-09-06T08:13:00.000Z,2026-09-06T11:13:00,1.04,1.04,1.04,1.04,59809
2026-09-06T08:16:00.000Z,2026-09-06T11:16:00,1.04,1.05,1.04,1.05,45923
2026-09-06T08:17:00.000Z,2026-09-06T11:17:00,1.04,1.05,1.04,1.04,9600
2026-09-06T08:18:00.000Z,2026-09-06T11:18:00,1.05,1.05,1.05,1.05,558648
2026-09-06T08:19:00.000Z,2026-09-06T11:19:00,1.05,1.05,1.04,1.05,1442718
2026-09-06T08:20:00.000Z,2026-09-06T11:20:00,1.05,1.05,1.04,1.05,2472166
2026-09-06T08:21:00.000Z,2026-09-06T11:21:00,1.05,1.05,1.05,1.05,2600
2026-09-06T08:22:00.000Z,2026-09-06T11:22:00,1.05,1.05,1.05,1.05,951356
2026-09-06T08:23:00.000Z,2026-09-06T11:23:00,1.05,1.05,1.05,1.05,254144
2026-09-06T08:24:00.000Z,2026-09-06T11:24:00,1.05,1.06,1.05,1.06,1659483
2026-09-06T08:25:00.000Z,2026-09-06T11:25:00,1.06,1.07,1.06,1.06,967098
2026-09-06T08:26:00.000Z,2026-09-06T11:26:00,1.07,1.07,1.06,1.06,1270700
2026-09-06T08:27:00.000Z,2026-09-06T11:27:00,1.06,1.07,1.06,1.06,28646
2026-09-06T08:28:00.000Z,2026-09-06T11:28:00,1.06,1.06,1.06,1.06,42000
2026-09-06T08:29:00.000Z,2026-09-06T11:29:00,1.07,1.07,1.06,1.07,2122047
2026-09-06T08:30:00.000Z,2026-09-06T11:30:00,1.07,1.07,1.07,1.07,2834509
2026-09-06T08:31:00.000Z,2026-09-06T11:31:00,1.07,1.08,1.07,1.07,90036
2026-09-06T08:32:00.000Z,2026-09-06T11:32:00,1.07,1.08,1.07,1.08,188055
2026-09-06T08:33:00.000Z,2026-09-06T11:33:00,1.08,1.09,1.07,1.08,6746729
2026-09-06T08:34:00.000Z,2026-09-06T11:34:00,1.08,1.08,1.07,1.07,2658558
2026-09-06T08:35:00.000Z,2026-09-06T11:35:00,1.07,1.07,1.06,1.07,2510000
2026-09-06T08:36:00.000Z,2026-09-06T11:36:00,1.07,1.08,1.07,1.08,1318968
2026-09-06T08:37:00.000Z,2026-09-06T11:37:00,1.08,1.08,1.07,1.08,53082
2026-09-06T08:38:00.000Z,2026-09-06T11:38:00,1.08,1.08,1.08,1.08,290250
2026-09-06T08:39:00.000Z,2026-09-06T11:39:00,1.08,1.08,1.07,1.08,50634
2026-09-06T08:40:00.000Z,2026-09-06T11:40:00,1.08,1.08,1.08,1.08,10000
2026-09-06T08:41:00.000Z,2026-09-06T11:41:00,1.07,1.08,1.07,1.07,1342020
2026-09-06T08:42:00.000Z,2026-09-06T11:42:00,1.07,1.07,1.06,1.06,500362
2026-09-06T08:43:00.000Z,2026-09-06T11:43:00,1.06,1.07,1.06,1.07,2116063
2026-09-06T08:44:00.000Z,2026-09-06T11:44:00,1.07,1.07,1.06,1.06,682724
2026-09-06T08:45:00.000Z,2026-09-06T11:45:00,1.07,1.07,1.07,1.07,166800
2026-09-06T08:46:00.000Z,2026-09-06T11:46:00,1.06,1.06,1.06,1.06,5000
2026-09-06T08:47:00.000Z,2026-09-06T11:47:00,1.07,1.07,1.07,1.07,70000
2026-09-06T08:48:00.000Z,2026-09-06T11:48:00,1.06,1.06,1.06,1.06,180820
2026-09-06T08:49:00.000Z,2026-09-06T11:49:00,1.06,1.07,1.06,1.07,758507
2026-09-06T08:50:00.000Z,2026-09-06T11:50:00,1.07,1.07,1.07,1.07,3214504
2026-09-06T08:51:00.000Z,2026-09-06T11:51:00,1.07,1.07,1.06,1.07,2928062
2026-09-06T08:52:00.000Z,2026-09-06T11:52:00,1.07,1.07,1.07,1.07,1742421
2026-09-06T08:53:00.000Z,2026-09-06T11:53:00,1.06,1.07,1.06,1.07,1640917
2026-09-06T08:54:00.000Z,2026-09-06T11:54:00,1.06,1.06,1.06,1.06,100000
2026-09-06T08:55:00.000Z,2026-09-06T11:55:00,1.07,1.07,1.07,1.07,82
2026-09-06T08:56:00.000Z,2026-09-06T11:56:00,1.07,1.07,1.06,1.06,12040
2026-09-06T08:57:00.000Z,2026-09-06T11:57:00,1.06,1.06,1.06,1.06,50300
2026-09-06T08:58:00.000Z,2026-09-06T11:58:00,1.07,1.07,1.07,1.07,5807143
2026-09-06T08:59:00.000Z,2026-09-06T11:59:00,1.08,1.08,1.07,1.07,5012282
2026-09-06T09:00:00.000Z,2026-09-06T12:00:00,1.08,1.08,1.08,1.08,1004990
2026-09-06T09:01:00.000Z,2026-09-06T12:01:00,1.07,1.08,1.07,1.08,722168
2026-09-06T09:02:00.000Z,2026-09-06T12:02:00,1.07,1.07,1.07,1.07,550000
2026-09-06T09:03:00.000Z,2026-09-06T12:03:00,1.08,1.08,1.07,1.07,106228
2026-09-06T09:04:00.000Z,2026-09-06T12:04:00,1.08,1.08,1.08,1.08,45
2026-09-06T09:05:00.000Z,2026-09-06T12:05:00,1.08,1.08,1.07,1.08,413495
2026-09-06T09:06:00.000Z,2026-09-06T12:06:00,1.07,1.08,1.07,1.08,3727
2026-09-06T09:07:00.000Z,2026-09-06T12:07:00,1.08,1.08,1.08,1.08,2903879
2026-09-06T09:08:00.000Z,2026-09-06T12:08:00,1.08,1.08,1.07,1.08,1648282
2026-09-06T09:09:00.000Z,2026-09-06T12:09:00,1.08,1.08,1.07,1.07,355789
2026-09-06T09:10:00.000Z,2026-09-06T12:10:00,1.07,1.08,1.07,1.08,239240
2026-09-06T09:12:00.000Z,2026-09-06T12:12:00,1.07,1.07,1.07,1.07,50069
2026-09-06T09:13:00.000Z,2026-09-06T12:13:00,1.07,1.08,1.07,1.08,1010
2026-09-06T09:14:00.000Z,2026-09-06T12:14:00,1.07,1.08,1.07,1.08,4025000
2026-09-06T09:15:00.000Z,2026-09-06T12:15:00,1.07,1.08,1.07,1.08,3747541
2026-09-06T09:16:00.000Z,2026-09-06T12:16:00,1.08,1.08,1.07,1.07,3030600
2026-09-06T09:17:00.000Z,2026-09-06T12:17:00,1.08,1.08,1.08,1.08,2507000
2026-09-06T09:18:00.000Z,2026-09-06T12:18:00,1.08,1.08,1.08,1.08,3518518
2026-09-06T09:19:00.000Z,2026-09-06T12:19:00,1.07,1.08,1.07,1.08,814018
2026-09-06T09:20:00.000Z,2026-09-06T12:20:00,1.07,1.07,1.07,1.07,4835
2026-09-06T09:21:00.000Z,2026-09-06T12:21:00,1.08,1.08,1.08,1.08,500000
2026-09-06T09:22:00.000Z,2026-09-06T12:22:00,1.08,1.08,1.07,1.07,648148
2026-09-06T09:23:00.000Z,2026-09-06T12:23:00,1.07,1.08,1.07,1.07,32740
2026-09-06T09:25:00.000Z,2026-09-06T12:25:00,1.07,1.08,1.07,1.07,20068978
2026-09-06T09:26:00.000Z,2026-09-06T12:26:00,1.07,1.08,1.07,1.08,2216388
2026-09-06T09:27:00.000Z,2026-09-06T12:27:00,1.08,1.08,1.07,1.07,20925
2026-09-06T09:28:00.000Z,2026-09-06T12:28:00,1.07,1.08,1.07,1.08,95042
2026-09-06T09:29:00.000Z,2026-09-06T12:29:00,1.08,1.08,1.08,1.08,20700
2026-09-06T09:30:00.000Z,2026-09-06T12:30:00,1.07,1.08,1.07,1.08,563603
2026-09-06T09:31:00.000Z,2026-09-06T12:31:00,1.07,1.08,1.07,1.08,56246
2026-09-06T09:32:00.000Z,2026-09-06T12:32:00,1.07,1.07,1.07,1.07,20000
2026-09-06T09:33:00.000Z,2026-09-06T12:33:00,1.08,1.08,1.08,1.08,200
2026-09-06T09:34:00.000Z,2026-09-06T12:34:00,1.07,1.07,1.07,1.07,15000000
2026-09-06T09:35:00.000Z,2026-09-06T12:35:00,1.08,1.08,1.08,1.08,1000000
2026-09-06T09:36:00.000Z,2026-09-06T12:36:00,1.08,1.08,1.07,1.07,2350252
2026-09-06T09:37:00.000Z,2026-09-06T12:37:00,1.08,1.08,1.08,1.08,500925
2026-09-06T09:38:00.000Z,2026-09-06T12:38:00,1.08,1.08,1.08,1.08,1975000
2026-09-06T09:39:00.000Z,2026-09-06T12:39:00,1.08,1.08,1.08,1.08,2734869
2026-09-06T09:40:00.000Z,2026-09-06T12:40:00,1.08,1.09,1.08,1.08,1015185
2026-09-06T09:41:00.000Z,2026-09-06T12:41:00,1.09,1.09,1.08,1.08,620000
2026-09-06T09:42:00.000Z,2026-09-06T12:42:00,1.08,1.09,1.08,1.08,315117
2026-09-06T09:43:00.000Z,2026-09-06T12:43:00,1.09,1.09,1.08,1.08,2191907
2026-09-06T09:44:00.000Z,2026-09-06T12:44:00,1.08,1.09,1.08,1.08,2118993
2026-09-06T09:45:00.000Z,2026-09-06T12:45:00,1.08,1.08,1.07,1.08,770452
2026-09-06T09:46:00.000Z,2026-09-06T12:46:00,1.08,1.08,1.08,1.08,20000
2026-09-06T09:47:00.000Z,2026-09-06T12:47:00,1.07,1.08,1.07,1.08,101869
2026-09-06T09:48:00.000Z,2026-09-06T12:48:00,1.08,1.08,1.07,1.07,403300
2026-09-06T09:49:00.000Z,2026-09-06T12:49:00,1.08,1.08,1.08,1.08,1093538
2026-09-06T09:50:00.000Z,2026-09-06T12:50:00,1.09,1.09,1.08,1.08,820002
2026-09-06T09:51:00.000Z,2026-09-06T12:51:00,1.08,1.08,1.08,1.08,171761
2026-09-06T09:52:00.000Z,2026-09-06T12:52:00,1.08,1.08,1.08,1.08,666826
2026-09-06T09:53:00.000Z,2026-09-06T12:53:00,1.08,1.08,1.07,1.08,407710
2026-09-06T09:54:00.000Z,2026-09-06T12:54:00,1.08,1.08,1.08,1.08,343146
2026-09-06T09:55:00.000Z,2026-09-06T12:55:00,1.08,1.08,1.08,1.08,495639
2026-09-06T09:56:00.000Z,2026-09-06T12:56:00,1.09,1.09,1.08,1.08,167106
2026-09-06T09:57:00.000Z,2026-09-06T12:57:00,1.08,1.08,1.08,1.08,2029875
2026-09-06T09:58:00.000Z,2026-09-06T12:58:00,1.08,1.08,1.08,1.08,1547421
2026-09-06T09:59:00.000Z,2026-09-06T12:59:00,1.08,1.09,1.08,1.08,2411138
2026-09-06T10:00:00.000Z,2026-09-06T13:00:00,1.08,1.09,1.08,1.08,522620
2026-09-06T10:01:00.000Z,2026-09-06T13:01:00,1.08,1.08,1.08,1.08,1000
2026-09-06T10:02:00.000Z,2026-09-06T13:02:00,1.09,1.1,1.09,1.09,11273745
2026-09-06T10:03:00.000Z,2026-09-06T13:03:00,1.1,1.11,1.1,1.1,20642813
2026-09-06T10:04:00.000Z,2026-09-06T13:04:00,1.1,1.1,1.1,1.1,1221065
2026-09-06T10:05:00.000Z,2026-09-06T13:05:00,1.09,1.1,1.09,1.1,479203
2026-09-06T10:06:00.000Z,2026-09-06T13:06:00,1.1,1.11,1.09,1.1,5723905
2026-09-06T10:07:00.000Z,2026-09-06T13:07:00,1.1,1.1,1.1,1.1,1181858
2026-09-06T10:08:00.000Z,2026-09-06T13:08:00,1.1,1.11,1.1,1.11,1250142
2026-09-06T10:09:00.000Z,2026-09-06T13:09:00,1.11,1.11,1.1,1.11,1498681
2026-09-06T10:10:00.000Z,2026-09-06T13:10:00,1.11,1.11,1.1,1.1,1069400
2026-09-06T10:11:00.000Z,2026-09-06T13:11:00,1.11,1.11,1.1,1.1,503766
2026-09-06T10:12:00.000Z,2026-09-06T13:12:00,1.1,1.1,1.1,1.1,110659
2026-09-06T10:13:00.000Z,2026-09-06T13:13:00,1.1,1.11,1.09,1.11,772244
2026-09-06T10:14:00.000Z,2026-09-06T13:14:00,1.1,1.1,1.09,1.09,49853
2026-09-06T10:15:00.000Z,2026-09-06T13:15:00,1.09,1.09,1.09,1.09,20452
2026-09-06T10:16:00.000Z,2026-09-06T13:16:00,1.1,1.1,1.09,1.09,3030
2026-09-06T10:17:00.000Z,2026-09-06T13:17:00,1.09,1.09,1.09,1.09,129056
2026-09-06T10:18:00.000Z,2026-09-06T13:18:00,1.1,1.1,1.09,1.09,4097250
2026-09-06T10:19:00.000Z,2026-09-06T13:19:00,1.09,1.1,1.09,1.1,6157770
2026-09-06T10:20:00.000Z,2026-09-06T13:20:00,1.09,1.09,1.09,1.09,600000
2026-09-06T10:21:00.000Z,2026-09-06T13:21:00,1.09,1.09,1.09,1.09,2504362
2026-09-06T10:22:00.000Z,2026-09-06T13:22:00,1.09,1.09,1.08,1.09,450600
2026-09-06T10:23:00.000Z,2026-09-06T13:23:00,1.09,1.09,1.09,1.09,788422
2026-09-06T10:24:00.000Z,2026-09-06T13:24:00,1.1,1.1,1.1,1.1,100
2026-09-06T10:25:00.000Z,2026-09-06T13:25:00,1.1,1.1,1.09,1.09,159987
2026-09-06T10:26:00.000Z,2026-09-06T13:26:00,1.1,1.1,1.09,1.09,471084
2026-09-06T10:27:00.000Z,2026-09-06T13:27:00,1.09,1.09,1.09,1.09,255215
2026-09-06T10:28:00.000Z,2026-09-06T13:28:00,1.1,1.1,1.09,1.1,19529
2026-09-06T10:29:00.000Z,2026-09-06T13:29:00,1.1,1.1,1.09,1.09,250860
2026-09-06T10:30:00.000Z,2026-09-06T13:30:00,1.1,1.1,1.1,1.1,70
2026-09-06T10:31:00.000Z,2026-09-06T13:31:00,1.1,1.1,1.09,1.09,6545
2026-09-06T10:32:00.000Z,2026-09-06T13:32:00,1.09,1.09,1.09,1.09,114790
2026-09-06T10:33:00.000Z,2026-09-06T13:33:00,1.1,1.1,1.09,1.09,102572
2026-09-06T10:34:00.000Z,2026-09-06T13:34:00,1.09,1.1,1.09,1.09,364100
2026-09-06T10:35:00.000Z,2026-09-06T13:35:00,1.1,1.1,1.1,1.1,50000
2026-09-06T10:36:00.000Z,2026-09-06T13:36:00,1.1,1.1,1.1,1.1,510000
2026-09-06T10:37:00.000Z,2026-09-06T13:37:00,1.1,1.1,1.1,1.1,327791
2026-09-06T10:38:00.000Z,2026-09-06T13:38:00,1.1,1.1,1.1,1.1,350200
2026-09-06T10:39:00.000Z,2026-09-06T13:39:00,1.1,1.1,1.1,1.1,28000
2026-09-06T10:40:00.000Z,2026-09-06T13:40:00,1.1,1.1,1.1,1.1,451000
2026-09-06T10:41:00.000Z,2026-09-06T13:41:00,1.1,1.1,1.09,1.1,139277
2026-09-06T10:42:00.000Z,2026-09-06T13:42:00,1.1,1.1,1.09,1.09,113175
2026-09-06T10:43:00.000Z,2026-09-06T13:43:00,1.1,1.1,1.09,1.1,90859
2026-09-06T10:44:00.000Z,2026-09-06T13:44:00,1.1,1.1,1.1,1.1,12739
2026-09-06T10:45:00.000Z,2026-09-06T13:45:00,1.09,1.09,1.09,1.09,2650526
2026-09-06T10:46:00.000Z,2026-09-06T13:46:00,1.09,1.09,1.09,1.09,414423
2026-09-06T10:47:00.000Z,2026-09-06T13:47:00,1.09,1.09,1.09,1.09,350050
2026-09-06T10:48:00.000Z,2026-09-06T13:48:00,1.09,1.09,1.09,1.09,14699
2026-09-06T10:49:00.000Z,2026-09-06T13:49:00,1.09,1.09,1.08,1.09,87612
2026-09-06T10:50:00.000Z,2026-09-06T13:50:00,1.09,1.09,1.09,1.09,148840
2026-09-06T10:51:00.000Z,2026-09-06T13:51:00,1.08,1.09,1.08,1.08,1775232
2026-09-06T10:52:00.000Z,2026-09-06T13:52:00,1.09,1.09,1.08,1.09,4215
2026-09-06T10:53:00.000Z,2026-09-06T13:53:00,1.08,1.09,1.08,1.08,1068909
2026-09-06T10:54:00.000Z,2026-09-06T13:54:00,1.09,1.1,1.09,1.09,1168519
2026-09-06T10:55:00.000Z,2026-09-06T13:55:00,1.09,1.09,1.09,1.09,754830
2026-09-06T10:56:00.000Z,2026-09-06T13:56:00,1.08,1.09,1.08,1.09,910390
2026-09-06T10:57:00.000Z,2026-09-06T13:57:00,1.1,1.1,1.09,1.09,412000
2026-09-06T10:58:00.000Z,2026-09-06T13:58:00,1.09,1.1,1.09,1.1,100100
2026-09-06T11:00:00.000Z,2026-09-06T14:00:00,1.1,1.1,1.09,1.1,105108
2026-09-06T11:01:00.000Z,2026-09-06T14:01:00,1.1,1.1,1.09,1.09,52082
2026-09-06T11:02:00.000Z,2026-09-06T14:02:00,1.1,1.1,1.09,1.09,436944
2026-09-06T11:03:00.000Z,2026-09-06T14:03:00,1.1,1.1,1.09,1.1,215852
2026-09-06T11:04:00.000Z,2026-09-06T14:04:00,1.09,1.1,1.09,1.09,110100
2026-09-06T11:06:00.000Z,2026-09-06T14:06:00,1.09,1.1,1.09,1.1,42562
2026-09-06T11:07:00.000Z,2026-09-06T14:07:00,1.1,1.1,1.1,1.1,100000
2026-09-06T11:08:00.000Z,2026-09-06T14:08:00,1.09,1.1,1.09,1.09,179398
2026-09-06T11:09:00.000Z,2026-09-06T14:09:00,1.1,1.1,1.09,1.09,16100
2026-09-06T11:10:00.000Z,2026-09-06T14:10:00,1.09,1.1,1.09,1.1,472363
2026-09-06T11:11:00.000Z,2026-09-06T14:11:00,1.1,1.1,1.09,1.09,301529
2026-09-06T11:12:00.000Z,2026-09-06T14:12:00,1.1,1.1,1.09,1.09,904347
2026-09-06T11:13:00.000Z,2026-09-06T14:13:00,1.08,1.09,1.08,1.09,1546819
2026-09-06T11:14:00.000Z,2026-09-06T14:14:00,1.09,1.09,1.09,1.09,371602
2026-09-06T11:25:00.000Z,2026-09-06T14:25:00,1.09,1.09,1.09,1.09,5819390
2026-09-06T11:26:00.000Z,2026-09-06T14:26:00,1.09,1.09,1.09,1.09,43067
2026-09-06T11:27:00.000Z,2026-09-06T14:27:00,1.09,1.09,1.09,1.09,90000
2026-09-06T11:28:00.000Z,2026-09-06T14:28:00,1.09,1.09,1.09,1.09,57006
2026-09-07T07:00:00.000Z,2026-09-07T10:00:00,1.1,1.1,1.09,1.1,742168
2026-09-07T07:01:00.000Z,2026-09-07T10:01:00,1.1,1.11,1.09,1.11,3035576
2026-09-07T07:02:00.000Z,2026-09-07T10:02:00,1.1,1.11,1.1,1.1,634154
2026-09-07T07:03:00.000Z,2026-09-07T10:03:00,1.1,1.11,1.1,1.11,2953249
2026-09-07T07:04:00.000Z,2026-09-07T10:04:00,1.11,1.11,1.11,1.11,4102100
2026-09-07T07:05:00.000Z,2026-09-07T10:05:00,1.11,1.12,1.11,1.11,519408
2026-09-07T07:06:00.000Z,2026-09-07T10:06:00,1.12,1.12,1.11,1.12,1155093
2026-09-07T07:07:00.000Z,2026-09-07T10:07:00,1.12,1.13,1.11,1.12,5169838
2026-09-07T07:08:00.000Z,2026-09-07T10:08:00,1.12,1.13,1.12,1.13,3645965
2026-09-07T07:09:00.000Z,2026-09-07T10:09:00,1.13,1.13,1.12,1.13,508307
2026-09-07T07:10:00.000Z,2026-09-07T10:10:00,1.13,1.13,1.13,1.13,254572
2026-09-07T07:11:00.000Z,2026-09-07T10:11:00,1.13,1.13,1.13,1.13,2578711
2026-09-07T07:12:00.000Z,2026-09-07T10:12:00,1.13,1.15,1.13,1.14,13621192
2026-09-07T07:13:00.000Z,2026-09-07T10:13:00,1.14,1.16,1.14,1.15,10643607
2026-09-07T07:14:00.000Z,2026-09-07T10:14:00,1.15,1.16,1.14,1.15,4929790
2026-09-07T07:15:00.000Z,2026-09-07T10:15:00,1.15,1.15,1.14,1.15,1008526
2026-09-07T07:16:00.000Z,2026-09-07T10:16:00,1.15,1.15,1.14,1.15,1197557
2026-09-07T07:17:00.000Z,2026-09-07T10:17:00,1.15,1.15,1.14,1.14,4804282
2026-09-07T07:18:00.000Z,2026-09-07T10:18:00,1.13,1.14,1.13,1.13,1258412
2026-09-07T07:19:00.000Z,2026-09-07T10:19:00,1.14,1.15,1.13,1.14,4973712
2026-09-07T07:20:00.000Z,2026-09-07T10:20:00,1.14,1.15,1.13,1.14,3484395
2026-09-07T07:21:00.000Z,2026-09-07T10:21:00,1.14,1.16,1.14,1.16,15060363
2026-09-07T07:22:00.000Z,2026-09-07T10:22:00,1.16,1.16,1.15,1.16,1148352
2026-09-07T07:23:00.000Z,2026-09-07T10:23:00,1.16,1.16,1.15,1.16,1764943
2026-09-07T07:24:00.000Z,2026-09-07T10:24:00,1.16,1.17,1.15,1.16,6369472
2026-09-07T07:25:00.000Z,2026-09-07T10:25:00,1.16,1.17,1.15,1.16,8944127
2026-09-07T07:26:00.000Z,2026-09-07T10:26:00,1.17,1.17,1.16,1.16,4431920
2026-09-07T07:27:00.000Z,2026-09-07T10:27:00,1.16,1.16,1.16,1.16,1389065
2026-09-07T07:28:00.000Z,2026-09-07T10:28:00,1.16,1.16,1.15,1.16,493606
2026-09-07T07:29:00.000Z,2026-09-07T10:29:00,1.16,1.17,1.14,1.15,4950240
2026-09-07T07:30:00.000Z,2026-09-07T10:30:00,1.15,1.16,1.15,1.16,1090089
2026-09-07T07:31:00.000Z,2026-09-07T10:31:00,1.15,1.15,1.15,1.15,11351
2026-09-07T07:32:00.000Z,2026-09-07T10:32:00,1.15,1.16,1.15,1.15,1915171
2026-09-07T07:33:00.000Z,2026-09-07T10:33:00,1.15,1.15,1.14,1.14,150600
2026-09-07T07:34:00.000Z,2026-09-07T10:34:00,1.15,1.15,1.15,1.15,532219
2026-09-07T07:35:00.000Z,2026-09-07T10:35:00,1.15,1.16,1.15,1.15,3343792
2026-09-07T07:36:00.000Z,2026-09-07T10:36:00,1.15,1.15,1.15,1.15,533639
2026-09-07T07:37:00.000Z,2026-09-07T10:37:00,1.15,1.16,1.15,1.16,93012
2026-09-07T07:38:00.000Z,2026-09-07T10:38:00,1.15,1.16,1.15,1.16,164825
2026-09-07T07:39:00.000Z,2026-09-07T10:39:00,1.16,1.16,1.15,1.16,4441
2026-09-07T07:40:00.000Z,2026-09-07T10:40:00,1.15,1.16,1.15,1.15,375400
2026-09-07T07:41:00.000Z,2026-09-07T10:41:00,1.16,1.16,1.15,1.16,88801
2026-09-07T07:42:00.000Z,2026-09-07T10:42:00,1.16,1.16,1.15,1.15,213587
2026-09-07T07:43:00.000Z,2026-09-07T10:43:00,1.16,1.17,1.15,1.17,14500234
2026-09-07T07:44:00.000Z,2026-09-07T10:44:00,1.16,1.17,1.16,1.17,1438537
2026-09-07T07:45:00.000Z,2026-09-07T10:45:00,1.17,1.17,1.16,1.17,336591
2026-09-07T07:46:00.000Z,2026-09-07T10:46:00,1.17,1.17,1.16,1.17,1556242
2026-09-07T07:47:00.000Z,2026-09-07T10:47:00,1.17,1.17,1.16,1.16,1090375
2026-09-07T07:48:00.000Z,2026-09-07T10:48:00,1.17,1.17,1.16,1.17,118050
2026-09-07T07:49:00.000Z,2026-09-07T10:49:00,1.16,1.17,1.16,1.17,426467
2026-09-07T07:50:00.000Z,2026-09-07T10:50:00,1.17,1.17,1.16,1.17,2069280
2026-09-07T07:51:00.000Z,2026-09-07T10:51:00,1.16,1.18,1.16,1.18,1709962
2026-09-07T07:52:00.000Z,2026-09-07T10:52:00,1.17,1.18,1.17,1.18,358945
2026-09-07T07:53:00.000Z,2026-09-07T10:53:00,1.18,1.18,1.16,1.17,1772687
2026-09-07T07:54:00.000Z,2026-09-07T10:54:00,1.17,1.17,1.16,1.17,187684
2026-09-07T07:55:00.000Z,2026-09-07T10:55:00,1.17,1.17,1.15,1.15,13139203
2026-09-07T07:56:00.000Z,2026-09-07T10:56:00,1.16,1.16,1.15,1.15,1251120
2026-09-07T07:57:00.000Z,2026-09-07T10:57:00,1.16,1.16,1.15,1.16,793296
2026-09-07T07:58:00.000Z,2026-09-07T10:58:00,1.15,1.16,1.15,1.16,307074
2026-09-07T07:59:00.000Z,2026-09-07T10:59:00,1.16,1.16,1.15,1.15,4197528
2026-09-07T08:00:00.000Z,2026-09-07T11:00:00,1.14,1.15,1.14,1.15,10922373
2026-09-07T08:01:00.000Z,2026-09-07T11:01:00,1.15,1.15,1.13,1.14,1900503
2026-09-07T08:02:00.000Z,2026-09-07T11:02:00,1.14,1.15,1.14,1.14,59352
2026-09-07T08:03:00.000Z,2026-09-07T11:03:00,1.15,1.15,1.14,1.15,223074
2026-09-07T08:04:00.000Z,2026-09-07T11:04:00,1.15,1.15,1.15,1.15,98727
2026-09-07T08:05:00.000Z,2026-09-07T11:05:00,1.15,1.15,1.14,1.15,82882
2026-09-07T08:06:00.000Z,2026-09-07T11:06:00,1.15,1.15,1.13,1.13,11613000
2026-09-07T08:07:00.000Z,2026-09-07T11:07:00,1.13,1.14,1.13,1.14,123108
2026-09-07T08:08:00.000Z,2026-09-07T11:08:00,1.14,1.14,1.13,1.13,1196142
2026-09-07T08:09:00.000Z,2026-09-07T11:09:00,1.13,1.15,1.13,1.15,1019092
2026-09-07T08:10:00.000Z,2026-09-07T11:10:00,1.14,1.15,1.14,1.14,42353
2026-09-07T08:11:00.000Z,2026-09-07T11:11:00,1.15,1.15,1.14,1.15,6534
2026-09-07T08:12:00.000Z,2026-09-07T11:12:00,1.15,1.15,1.14,1.15,91032
2026-09-07T08:13:00.000Z,2026-09-07T11:13:00,1.15,1.15,1.14,1.15,28833
2026-09-07T08:14:00.000Z,2026-09-07T11:14:00,1.14,1.15,1.14,1.15,307231
2026-09-07T08:15:00.000Z,2026-09-07T11:15:00,1.15,1.15,1.14,1.14,191220
2026-09-07T08:16:00.000Z,2026-09-07T11:16:00,1.14,1.15,1.14,1.15,337158
2026-09-07T08:17:00.000Z,2026-09-07T11:17:00,1.14,1.14,1.14,1.14,10000
2026-09-07T08:18:00.000Z,2026-09-07T11:18:00,1.14,1.15,1.14,1.14,174340
2026-09-07T08:19:00.000Z,2026-09-07T11:19:00,1.14,1.15,1.14,1.14,8300
2026-09-07T08:20:00.000Z,2026-09-07T11:20:00,1.14,1.15,1.13,1.13,286903
2026-09-07T08:21:00.000Z,2026-09-07T11:21:00,1.14,1.14,1.13,1.14,181198
2026-09-07T08:22:00.000Z,2026-09-07T11:22:00,1.14,1.14,1.14,1.14,121283
2026-09-07T08:23:00.000Z,2026-09-07T11:23:00,1.14,1.14,1.13,1.14,2156418
2026-09-07T08:24:00.000Z,2026-09-07T11:24:00,1.13,1.13,1.13,1.13,339940
2026-09-07T08:25:00.000Z,2026-09-07T11:25:00,1.13,1.13,1.13,1.13,204927
2026-09-07T08:26:00.000Z,2026-09-07T11:26:00,1.12,1.14,1.12,1.13,774423
2026-09-07T08:27:00.000Z,2026-09-07T11:27:00,1.13,1.14,1.13,1.13,3753209
2026-09-07T08:28:00.000Z,2026-09-07T11:28:00,1.13,1.13,1.13,1.13,387449
2026-09-07T08:29:00.000Z,2026-09-07T11:29:00,1.14,1.14,1.12,1.13,70954
2026-09-07T08:30:00.000Z,2026-09-07T11:30:00,1.13,1.13,1.12,1.13,319126
2026-09-07T08:31:00.000Z,2026-09-07T11:31:00,1.13,1.13,1.12,1.12,1218647
2026-09-07T08:32:00.000Z,2026-09-07T11:32:00,1.12,1.13,1.12,1.13,599323
2026-09-07T08:33:00.000Z,2026-09-07T11:33:00,1.13,1.13,1.13,1.13,143911
2026-09-07T08:34:00.000Z,2026-09-07T11:34:00,1.13,1.13,1.12,1.12,103598
2026-09-07T08:35:00.000Z,2026-09-07T11:35:00,1.13,1.13,1.12,1.12,14830
2026-09-07T08:36:00.000Z,2026-09-07T11:36:00,1.13,1.13,1.12,1.13,300005
2026-09-07T08:37:00.000Z,2026-09-07T11:37:00,1.13,1.13,1.12,1.12,147191
2026-09-07T08:38:00.000Z,2026-09-07T11:38:00,1.13,1.13,1.12,1.12,60539
2026-09-07T08:39:00.000Z,2026-09-07T11:39:00,1.13,1.13,1.13,1.13,757321
2026-09-07T08:40:00.000Z,2026-09-07T11:40:00,1.13,1.13,1.13,1.13,410122
2026-09-07T08:41:00.000Z,2026-09-07T11:41:00,1.13,1.13,1.13,1.13,266631
2026-09-07T08:42:00.000Z,2026-09-07T11:42:00,1.13,1.13,1.13,1.13,54571
2026-09-07T08:43:00.000Z,2026-09-07T11:43:00,1.12,1.13,1.12,1.12,333898
2026-09-07T08:44:00.000Z,2026-09-07T11:44:00,1.13,1.13,1.12,1.12,84920
2026-09-07T08:45:00.000Z,2026-09-07T11:45:00,1.13,1.13,1.12,1.12,11033
2026-09-07T08:46:00.000Z,2026-09-07T11:46:00,1.13,1.13,1.13,1.13,2629312
2026-09-07T08:47:00.000Z,2026-09-07T11:47:00,1.13,1.13,1.13,1.13,1023620
2026-09-07T08:48:00.000Z,2026-09-07T11:48:00,1.13,1.14,1.13,1.14,40325
2026-09-07T08:49:00.000Z,2026-09-07T11:49:00,1.14,1.14,1.13,1.13,487213
2026-09-07T08:50:00.000Z,2026-09-07T11:50:00,1.13,1.13,1.13,1.13,54881
2026-09-07T08:51:00.000Z,2026-09-07T11:51:00,1.13,1.13,1.12,1.12,30828
2026-09-07T08:52:00.000Z,2026-09-07T11:52:00,1.13,1.13,1.12,1.13,51259
2026-09-07T08:53:00.000Z,2026-09-07T11:53:00,1.13,1.13,1.12,1.13,30009
2026-09-07T08:54:00.000Z,2026-09-07T11:54:00,1.13,1.13,1.12,1.13,137484
2026-09-07T08:55:00.000Z,2026-09-07T11:55:00,1.13,1.13,1.13,1.13,10000
2026-09-07T08:58:00.000Z,2026-09-07T11:58:00,1.13,1.13,1.12,1.13,62885
2026-09-07T08:59:00.000Z,2026-09-07T11:59:00,1.13,1.13,1.13,1.13,4194
2026-09-07T09:00:00.000Z,2026-09-07T12:00:00,1.12,1.13,1.12,1.12,71463
2026-09-07T09:01:00.000Z,2026-09-07T12:01:00,1.13,1.13,1.12,1.12,5066
2026-09-07T09:03:00.000Z,2026-09-07T12:03:00,1.13,1.13,1.12,1.12,69126
2026-09-07T09:04:00.000Z,2026-09-07T12:04:00,1.13,1.13,1.13,1.13,20464
2026-09-07T09:05:00.000Z,2026-09-07T12:05:00,1.13,1.13,1.13,1.13,28245
2026-09-07T09:06:00.000Z,2026-09-07T12:06:00,1.13,1.13,1.13,1.13,23000
2026-09-07T09:07:00.000Z,2026-09-07T12:07:00,1.12,1.12,1.12,1.12,5000
2026-09-07T09:08:00.000Z,2026-09-07T12:08:00,1.13,1.13,1.13,1.13,90795
2026-09-07T09:09:00.000Z,2026-09-07T12:09:00,1.12,1.12,1.12,1.12,50000
2026-09-07T09:11:00.000Z,2026-09-07T12:11:00,1.13,1.13,1.13,1.13,23294
2026-09-07T09:12:00.000Z,2026-09-07T12:12:00,1.13,1.13,1.13,1.13,39425
2026-09-07T09:13:00.000Z,2026-09-07T12:13:00,1.13,1.13,1.13,1.13,747
2026-09-07T09:14:00.000Z,2026-09-07T12:14:00,1.12,1.12,1.12,1.12,12511
2026-09-07T09:15:00.000Z,2026-09-07T12:15:00,1.12,1.13,1.12,1.13,59709
2026-09-07T09:16:00.000Z,2026-09-07T12:16:00,1.12,1.13,1.12,1.13,10067
2026-09-07T09:18:00.000Z,2026-09-07T12:18:00,1.12,1.12,1.12,1.12,1108222
2026-09-07T09:19:00.000Z,2026-09-07T12:19:00,1.13,1.13,1.13,1.13,41798
2026-09-07T09:20:00.000Z,2026-09-07T12:20:00,1.13,1.13,1.12,1.12,57061
2026-09-07T09:21:00.000Z,2026-09-07T12:21:00,1.12,1.12,1.12,1.12,87977
2026-09-07T09:22:00.000Z,2026-09-07T12:22:00,1.12,1.13,1.12,1.13,78725
2026-09-07T09:23:00.000Z,2026-09-07T12:23:00,1.13,1.13,1.12,1.12,140988
2026-09-07T09:24:00.000Z,2026-09-07T12:24:00,1.13,1.13,1.13,1.13,9000
2026-09-07T09:25:00.000Z,2026-09-07T12:25:00,1.13,1.13,1.12,1.13,191571
2026-09-07T09:27:00.000Z,2026-09-07T12:27:00,1.13,1.13,1.13,1.13,35856
2026-09-07T09:28:00.000Z,2026-09-07T12:28:00,1.13,1.13,1.13,1.13,20000
2026-09-07T09:29:00.000Z,2026-09-07T12:29:00,1.13,1.13,1.13,1.13,39380
2026-09-07T09:31:00.000Z,2026-09-07T12:31:00,1.12,1.13,1.12,1.12,1023301
2026-09-07T09:32:00.000Z,2026-09-07T12:32:00,1.13,1.13,1.13,1.13,610100
2026-09-07T09:33:00.000Z,2026-09-07T12:33:00,1.13,1.13,1.13,1.13,34344
2026-09-07T09:34:00.000Z,2026-09-07T12:34:00,1.12,1.13,1.12,1.13,548889
2026-09-07T09:35:00.000Z,2026-09-07T12:35:00,1.13,1.13,1.13,1.13,165380
2026-09-07T09:36:00.000Z,2026-09-07T12:36:00,1.12,1.12,1.12,1.12,120
2026-09-07T09:37:00.000Z,2026-09-07T12:37:00,1.13,1.13,1.13,1.13,51576
2026-09-07T09:38:00.000Z,2026-09-07T12:38:00,1.13,1.13,1.13,1.13,83805
2026-09-07T09:39:00.000Z,2026-09-07T12:39:00,1.13,1.13,1.13,1.13,606
2026-09-07T09:40:00.000Z,2026-09-07T12:40:00,1.13,1.13,1.13,1.13,38566
2026-09-07T09:41:00.000Z,2026-09-07T12:41:00,1.13,1.13,1.13,1.13,51375
2026-09-07T09:42:00.000Z,2026-09-07T12:42:00,1.13,1.13,1.13,1.13,256
2026-09-07T09:43:00.000Z,2026-09-07T12:43:00,1.12,1.13,1.12,1.13,13832
2026-09-07T09:44:00.000Z,2026-09-07T12:44:00,1.12,1.12,1.12,1.12,91925
2026-09-07T09:45:00.000Z,2026-09-07T12:45:00,1.13,1.13,1.12,1.12,17877
2026-09-07T09:46:00.000Z,2026-09-07T12:46:00,1.13,1.13,1.12,1.12,4841
2026-09-07T09:47:00.000Z,2026-09-07T12:47:00,1.13,1.13,1.13,1.13,50422
2026-09-07T09:48:00.000Z,2026-09-07T12:48:00,1.12,1.13,1.12,1.13,41439
2026-09-07T09:49:00.000Z,2026-09-07T12:49:00,1.13,1.13,1.12,1.12,465946
2026-09-07T09:50:00.000Z,2026-09-07T12:50:00,1.12,1.12,1.12,1.12,22396
2026-09-07T09:51:00.000Z,2026-09-07T12:51:00,1.12,1.12,1.12,1.12,265000
2026-09-07T09:52:00.000Z,2026-09-07T12:52:00,1.12,1.13,1.12,1.13,18269
2026-09-07T09:53:00.000Z,2026-09-07T12:53:00,1.13,1.13,1.13,1.13,10000
2026-09-07T09:54:00.000Z,2026-09-07T12:54:00,1.13,1.13,1.13,1.13,1
2026-09-07T09:55:00.000Z,2026-09-07T12:55:00,1.13,1.13,1.13,1.13,25663
2026-09-07T09:56:00.000Z,2026-09-07T12:56:00,1.13,1.13,1.12,1.12,208536
2026-09-07T09:57:00.000Z,2026-09-07T12:57:00,1.13,1.13,1.13,1.13,61746
2026-09-07T09:58:00.000Z,2026-09-07T12:58:00,1.12,1.12,1.12,1.12,355000
2026-09-07T09:59:00.000Z,2026-09-07T12:59:00,1.12,1.12,1.12,1.12,130000
2026-09-07T10:00:00.000Z,2026-09-07T13:00:00,1.12,1.12,1.12,1.12,12893
2026-09-07T10:01:00.000Z,2026-09-07T13:01:00,1.12,1.12,1.12,1.12,5913872
2026-09-07T10:02:00.000Z,2026-09-07T13:02:00,1.12,1.12,1.11,1.11,236573
2026-09-07T10:03:00.000Z,2026-09-07T13:03:00,1.11,1.12,1.11,1.12,2608812
2026-09-07T10:04:00.000Z,2026-09-07T13:04:00,1.12,1.12,1.11,1.12,89338
2026-09-07T10:05:00.000Z,2026-09-07T13:05:00,1.12,1.12,1.11,1.12,177339
2026-09-07T10:06:00.000Z,2026-09-07T13:06:00,1.11,1.12,1.11,1.11,339140
2026-09-07T10:07:00.000Z,2026-09-07T13:07:00,1.11,1.11,1.11,1.11,61414
2026-09-07T10:08:00.000Z,2026-09-07T13:08:00,1.12,1.12,1.12,1.12,1214
2026-09-07T10:09:00.000Z,2026-09-07T13:09:00,1.12,1.12,1.12,1.12,499275
2026-09-07T10:10:00.000Z,2026-09-07T13:10:00,1.12,1.12,1.12,1.12,46000
2026-09-07T10:11:00.000Z,2026-09-07T13:11:00,1.12,1.12,1.12,1.12,11
2026-09-07T10:12:00.000Z,2026-09-07T13:12:00,1.12,1.12,1.12,1.12,124000
2026-09-07T10:13:00.000Z,2026-09-07T13:13:00,1.12,1.13,1.12,1.13,14707
2026-09-07T10:14:00.000Z,2026-09-07T13:14:00,1.13,1.13,1.12,1.13,139000
2026-09-07T10:15:00.000Z,2026-09-07T13:15:00,1.13,1.13,1.13,1.13,6300
2026-09-07T10:17:00.000Z,2026-09-07T13:17:00,1.13,1.13,1.13,1.13,46
2026-09-07T10:18:00.000Z,2026-09-07T13:18:00,1.13,1.13,1.11,1.11,2040681
2026-09-07T10:19:00.000Z,2026-09-07T13:19:00,1.12,1.12,1.12,1.12,2277505
2026-09-07T10:20:00.000Z,2026-09-07T13:20:00,1.12,1.12,1.11,1.11,9339320
2026-09-07T10:21:00.000Z,2026-09-07T13:21:00,1.11,1.11,1.11,1.11,265000
2026-09-07T10:22:00.000Z,2026-09-07T13:22:00,1.12,1.12,1.11,1.11,24868
2026-09-07T10:23:00.000Z,2026-09-07T13:23:00,1.12,1.12,1.11,1.11,3148847
2026-09-07T10:24:00.000Z,2026-09-07T13:24:00,1.11,1.12,1.11,1.11,1062182
2026-09-07T10:25:00.000Z,2026-09-07T13:25:00,1.11,1.12,1.11,1.12,190001
2026-09-07T10:26:00.000Z,2026-09-07T13:26:00,1.12,1.12,1.12,1.12,555
2026-09-07T10:27:00.000Z,2026-09-07T13:27:00,1.11,1.11,1.11,1.11,204730
2026-09-07T10:28:00.000Z,2026-09-07T13:28:00,1.11,1.12,1.11,1.12,187414
2026-09-07T10:29:00.000Z,2026-09-07T13:29:00,1.12,1.12,1.12,1.12,113
2026-09-07T10:30:00.000Z,2026-09-07T13:30:00,1.12,1.12,1.11,1.12,70334
2026-09-07T10:32:00.000Z,2026-09-07T13:32:00,1.12,1.12,1.12,1.12,28057
2026-09-07T10:33:00.000Z,2026-09-07T13:33:00,1.12,1.12,1.12,1.12,25000
2026-09-07T10:34:00.000Z,2026-09-07T13:34:00,1.11,1.11,1.11,1.11,20757
2026-09-07T10:35:00.000Z,2026-09-07T13:35:00,1.12,1.12,1.11,1.12,60830
2026-09-07T10:36:00.000Z,2026-09-07T13:36:00,1.12,1.12,1.12,1.12,7033
2026-09-07T10:37:00.000Z,2026-09-07T13:37:00,1.12,1.12,1.12,1.12,1056
2026-09-07T10:39:00.000Z,2026-09-07T13:39:00,1.11,1.12,1.11,1.12,60000
2026-09-07T10:40:00.000Z,2026-09-07T13:40:00,1.12,1.12,1.11,1.12,137547
2026-09-07T10:41:00.000Z,2026-09-07T13:41:00,1.12,1.12,1.11,1.11,120880
2026-09-07T10:42:00.000Z,2026-09-07T13:42:00,1.11,1.11,1.11,1.11,1000
2026-09-07T10:44:00.000Z,2026-09-07T13:44:00,1.11,1.11,1.11,1.11,20000
2026-09-07T10:45:00.000Z,2026-09-07T13:45:00,1.12,1.12,1.12,1.12,15000
2026-09-07T10:46:00.000Z,2026-09-07T13:46:00,1.12,1.12,1.12,1.12,1271
2026-09-07T10:47:00.000Z,2026-09-07T13:47:00,1.12,1.12,1.12,1.12,10000
2026-09-07T10:48:00.000Z,2026-09-07T13:48:00,1.11,1.11,1.11,1.11,280
2026-09-07T10:49:00.000Z,2026-09-07T13:49:00,1.12,1.12,1.11,1.12,195378
2026-09-07T10:50:00.000Z,2026-09-07T13:50:00,1.12,1.12,1.11,1.12,26403
2026-09-07T10:51:00.000Z,2026-09-07T13:51:00,1.12,1.12,1.12,1.12,19001
2026-09-07T10:52:00.000Z,2026-09-07T13:52:00,1.12,1.12,1.12,1.12,16009
2026-09-07T10:53:00.000Z,2026-09-07T13:53:00,1.12,1.12,1.12,1.12,334
2026-09-07T10:54:00.000Z,2026-09-07T13:54:00,1.12,1.12,1.11,1.11,720202
2026-09-07T10:55:00.000Z,2026-09-07T13:55:00,1.11,1.12,1.11,1.12,13967
2026-09-07T10:56:00.000Z,2026-09-07T13:56:00,1.11,1.12,1.11,1.11,5356181
2026-09-07T10:57:00.000Z,2026-09-07T13:57:00,1.11,1.11,1.11,1.11,45828
2026-09-07T10:58:00.000Z,2026-09-07T13:58:00,1.11,1.11,1.1,1.1,7610445
2026-09-07T10:59:00.000Z,2026-09-07T13:59:00,1.1,1.1,1.09,1.1,283580
2026-09-07T11:00:00.000Z,2026-09-07T14:00:00,1.1,1.1,1.1,1.1,650734
2026-09-07T11:01:00.000Z,2026-09-07T14:01:00,1.11,1.11,1.11,1.11,200000
2026-09-07T11:02:00.000Z,2026-09-07T14:02:00,1.11,1.11,1.11,1.11,501538
2026-09-07T11:03:00.000Z,2026-09-07T14:03:00,1.11,1.11,1.1,1.1,741500
2026-09-07T11:04:00.000Z,2026-09-07T14:04:00,1.11,1.11,1.1,1.1,22106
2026-09-07T11:05:00.000Z,2026-09-07T14:05:00,1.11,1.11,1.1,1.1,1131924
2026-09-07T11:06:00.000Z,2026-09-07T14:06:00,1.1,1.1,1.1,1.1,6553510
2026-09-07T11:07:00.000Z,2026-09-07T14:07:00,1.1,1.1,1.09,1.1,2160116
2026-09-07T11:08:00.000Z,2026-09-07T14:08:00,1.1,1.11,1.1,1.1,567755
2026-09-07T11:09:00.000Z,2026-09-07T14:09:00,1.1,1.1,1.09,1.09,1639296
2026-09-07T11:10:00.000Z,2026-09-07T14:10:00,1.1,1.11,1.1,1.11,1306967
2026-09-07T11:12:00.000Z,2026-09-07T14:12:00,1.11,1.11,1.1,1.1,2467185
2026-09-07T11:13:00.000Z,2026-09-07T14:13:00,1.1,1.1,1.1,1.1,1642296
2026-09-07T11:14:00.000Z,2026-09-07T14:14:00,1.11,1.11,1.11,1.11,155027
2026-09-07T11:25:00.000Z,2026-09-07T14:25:00,1.1,1.1,1.1,1.1,6440678
2026-09-07T11:28:00.000Z,2026-09-07T14:28:00,1.1,1.1,1.1,1.1,41300
2026-09-07T11:29:00.000Z,2026-09-07T14:29:00,1.1,1.1,1.1,1.1,3589004
2026-09-08T07:01:00.000Z,2026-09-08T10:01:00,1.11,1.12,1.1,1.11,3453249
2026-09-08T07:02:00.000Z,2026-09-08T10:02:00,1.11,1.12,1.11,1.12,874935
2026-09-08T07:03:00.000Z,2026-09-08T10:03:00,1.12,1.12,1.11,1.11,300430
2026-09-08T07:04:00.000Z,2026-09-08T10:04:00,1.12,1.12,1.11,1.11,550533
2026-09-08T07:05:00.000Z,2026-09-08T10:05:00,1.11,1.12,1.11,1.12,117669
2026-09-08T07:06:00.000Z,2026-09-08T10:06:00,1.12,1.12,1.12,1.12,16457
2026-09-08T07:07:00.000Z,2026-09-08T10:07:00,1.12,1.12,1.12,1.12,15001
2026-09-08T07:08:00.000Z,2026-09-08T10:08:00,1.12,1.12,1.12,1.12,10527
2026-09-08T07:09:00.000Z,2026-09-08T10:09:00,1.12,1.13,1.12,1.12,3012223
2026-09-08T07:10:00.000Z,2026-09-08T10:10:00,1.12,1.12,1.12,1.12,10796
2026-09-08T07:11:00.000Z,2026-09-08T10:11:00,1.11,1.11,1.11,1.11,23067
2026-09-08T07:12:00.000Z,2026-09-08T10:12:00,1.11,1.11,1.11,1.11,153555
2026-09-08T07:13:00.000Z,2026-09-08T10:13:00,1.11,1.12,1.11,1.12,304770
2026-09-08T07:14:00.000Z,2026-09-08T10:14:00,1.12,1.12,1.12,1.12,909
2026-09-08T07:16:00.000Z,2026-09-08T10:16:00,1.12,1.12,1.11,1.11,830163
2026-09-08T07:17:00.000Z,2026-09-08T10:17:00,1.12,1.12,1.11,1.12,58254
2026-09-08T07:18:00.000Z,2026-09-08T10:18:00,1.12,1.12,1.11,1.11,121217
2026-09-08T07:19:00.000Z,2026-09-08T10:19:00,1.11,1.12,1.11,1.11,882928
2026-09-08T07:20:00.000Z,2026-09-08T10:20:00,1.11,1.12,1.11,1.11,37306
2026-09-08T07:21:00.000Z,2026-09-08T10:21:00,1.11,1.12,1.11,1.12,55101
2026-09-08T07:22:00.000Z,2026-09-08T10:22:00,1.12,1.12,1.12,1.12,255000
2026-09-08T07:23:00.000Z,2026-09-08T10:23:00,1.12,1.12,1.11,1.12,134900
2026-09-08T07:24:00.000Z,2026-09-08T10:24:00,1.11,1.11,1.11,1.11,316837
2026-09-08T07:25:00.000Z,2026-09-08T10:25:00,1.11,1.12,1.11,1.12,244517
2026-09-08T07:26:00.000Z,2026-09-08T10:26:00,1.12,1.12,1.11,1.11,3755
2026-09-08T07:27:00.000Z,2026-09-08T10:27:00,1.11,1.12,1.11,1.12,325052
2026-09-08T07:28:00.000Z,2026-09-08T10:28:00,1.11,1.11,1.11,1.11,3295
2026-09-08T07:29:00.000Z,2026-09-08T10:29:00,1.12,1.12,1.12,1.12,2252
2026-09-08T07:30:00.000Z,2026-09-08T10:30:00,1.12,1.12,1.11,1.11,180969
2026-09-08T07:31:00.000Z,2026-09-08T10:31:00,1.11,1.12,1.11,1.12,2034
2026-09-08T07:32:00.000Z,2026-09-08T10:32:00,1.11,1.12,1.11,1.12,37036
2026-09-08T07:33:00.000Z,2026-09-08T10:33:00,1.12,1.12,1.12,1.12,29000
2026-09-08T07:34:00.000Z,2026-09-08T10:34:00,1.12,1.12,1.11,1.11,7168
2026-09-08T07:35:00.000Z,2026-09-08T10:35:00,1.11,1.12,1.11,1.11,39356
2026-09-08T07:37:00.000Z,2026-09-08T10:37:00,1.11,1.12,1.11,1.12,8848
2026-09-08T07:38:00.000Z,2026-09-08T10:38:00,1.11,1.11,1.11,1.11,95664
2026-09-08T07:39:00.000Z,2026-09-08T10:39:00,1.11,1.11,1.11,1.11,50029
2026-09-08T07:40:00.000Z,2026-09-08T10:40:00,1.12,1.12,1.11,1.11,188394
2026-09-08T07:41:00.000Z,2026-09-08T10:41:00,1.11,1.11,1.11,1.11,50993
2026-09-08T07:43:00.000Z,2026-09-08T10:43:00,1.11,1.11,1.11,1.11,1
2026-09-08T07:44:00.000Z,2026-09-08T10:44:00,1.11,1.11,1.11,1.11,14800
2026-09-08T07:45:00.000Z,2026-09-08T10:45:00,1.11,1.11,1.11,1.11,47884
2026-09-08T07:46:00.000Z,2026-09-08T10:46:00,1.12,1.12,1.11,1.11,380200
2026-09-08T07:47:00.000Z,2026-09-08T10:47:00,1.11,1.11,1.11,1.11,1000000
2026-09-08T07:48:00.000Z,2026-09-08T10:48:00,1.11,1.12,1.11,1.11,41266
2026-09-08T07:49:00.000Z,2026-09-08T10:49:00,1.11,1.11,1.11,1.11,138941
2026-09-08T07:50:00.000Z,2026-09-08T10:50:00,1.11,1.12,1.11,1.12,136667
2026-09-08T07:51:00.000Z,2026-09-08T10:51:00,1.11,1.12,1.11,1.12,474516
2026-09-08T07:52:00.000Z,2026-09-08T10:52:00,1.11,1.11,1.11,1.11,72800
2026-09-08T07:53:00.000Z,2026-09-08T10:53:00,1.11,1.11,1.11,1.11,23404
2026-09-08T07:54:00.000Z,2026-09-08T10:54:00,1.12,1.12,1.12,1.12,60
2026-09-08T07:55:00.000Z,2026-09-08T10:55:00,1.12,1.12,1.11,1.12,21255
2026-09-08T07:56:00.000Z,2026-09-08T10:56:00,1.11,1.11,1.11,1.11,96224
2026-09-08T07:57:00.000Z,2026-09-08T10:57:00,1.11,1.11,1.1,1.11,1145160
2026-09-08T07:58:00.000Z,2026-09-08T10:58:00,1.12,1.12,1.12,1.12,35
2026-09-08T07:59:00.000Z,2026-09-08T10:59:00,1.11,1.12,1.11,1.11,16483
2026-09-08T08:00:00.000Z,2026-09-08T11:00:00,1.11,1.11,1.11,1.11,105000
2026-09-08T08:01:00.000Z,2026-09-08T11:01:00,1.11,1.11,1.11,1.11,100000
2026-09-08T08:02:00.000Z,2026-09-08T11:02:00,1.11,1.11,1.11,1.11,1144500
2026-09-08T08:03:00.000Z,2026-09-08T11:03:00,1.11,1.12,1.11,1.11,1379765
2026-09-08T08:04:00.000Z,2026-09-08T11:04:00,1.11,1.11,1.1,1.1,133799
2026-09-08T08:05:00.000Z,2026-09-08T11:05:00,1.11,1.11,1.11,1.11,50000
2026-09-08T08:07:00.000Z,2026-09-08T11:07:00,1.1,1.11,1.1,1.11,133675
2026-09-08T08:09:00.000Z,2026-09-08T11:09:00,1.1,1.11,1.1,1.11,343500
2026-09-08T08:10:00.000Z,2026-09-08T11:10:00,1.1,1.11,1.1,1.11,271269
2026-09-08T08:12:00.000Z,2026-09-08T11:12:00,1.1,1.1,1.1,1.1,2638
2026-09-08T08:13:00.000Z,2026-09-08T11:13:00,1.1,1.1,1.1,1.1,10000
2026-09-08T08:15:00.000Z,2026-09-08T11:15:00,1.1,1.11,1.1,1.11,933697
2026-09-08T08:16:00.000Z,2026-09-08T11:16:00,1.12,1.12,1.11,1.11,546125
2026-09-08T08:18:00.000Z,2026-09-08T11:18:00,1.11,1.11,1.1,1.1,200770
2026-09-08T08:19:00.000Z,2026-09-08T11:19:00,1.11,1.11,1.11,1.11,30555
2026-09-08T08:20:00.000Z,2026-09-08T11:20:00,1.12,1.12,1.12,1.12,6128
2026-09-08T08:22:00.000Z,2026-09-08T11:22:00,1.12,1.12,1.11,1.11,1300
2026-09-08T08:23:00.000Z,2026-09-08T11:23:00,1.11,1.12,1.11,1.12,2914195
2026-09-08T08:24:00.000Z,2026-09-08T11:24:00,1.12,1.12,1.11,1.11,18600
2026-09-08T08:25:00.000Z,2026-09-08T11:25:00,1.11,1.12,1.11,1.12,344554
2026-09-08T08:26:00.000Z,2026-09-08T11:26:00,1.11,1.11,1.11,1.11,31222
2026-09-08T08:27:00.000Z,2026-09-08T11:27:00,1.11,1.12,1.11,1.11,2559127
2026-09-08T08:28:00.000Z,2026-09-08T11:28:00,1.12,1.12,1.12,1.12,13149
2026-09-08T08:29:00.000Z,2026-09-08T11:29:00,1.12,1.12,1.11,1.11,1866
2026-09-08T08:30:00.000Z,2026-09-08T11:30:00,1.12,1.12,1.11,1.11,1064
2026-09-08T08:32:00.000Z,2026-09-08T11:32:00,1.11,1.11,1.11,1.11,68370
2026-09-08T08:33:00.000Z,2026-09-08T11:33:00,1.12,1.12,1.12,1.12,50000
2026-09-08T08:34:00.000Z,2026-09-08T11:34:00,1.11,1.12,1.11,1.12,31264
2026-09-08T08:37:00.000Z,2026-09-08T11:37:00,1.12,1.12,1.12,1.12,113526
2026-09-08T08:38:00.000Z,2026-09-08T11:38:00,1.12,1.12,1.12,1.12,37000
2026-09-08T08:40:00.000Z,2026-09-08T11:40:00,1.11,1.11,1.11,1.11,898
2026-09-08T08:41:00.000Z,2026-09-08T11:41:00,1.11,1.11,1.11,1.11,202100
2026-09-08T08:42:00.000Z,2026-09-08T11:42:00,1.11,1.11,1.11,1.11,69000
2026-09-08T08:43:00.000Z,2026-09-08T11:43:00,1.12,1.12,1.12,1.12,1261
2026-09-08T08:44:00.000Z,2026-09-08T11:44:00,1.12,1.12,1.12,1.12,60000
2026-09-08T08:45:00.000Z,2026-09-08T11:45:00,1.11,1.11,1.11,1.11,5000
2026-09-08T08:46:00.000Z,2026-09-08T11:46:00,1.11,1.11,1.11,1.11,1098294
2026-09-08T08:47:00.000Z,2026-09-08T11:47:00,1.11,1.11,1.11,1.11,1185100
2026-09-08T08:48:00.000Z,2026-09-08T11:48:00,1.11,1.11,1.11,1.11,118833
2026-09-08T08:49:00.000Z,2026-09-08T11:49:00,1.11,1.11,1.11,1.11,387978
2026-09-08T08:50:00.000Z,2026-09-08T11:50:00,1.11,1.11,1.11,1.11,13400
2026-09-08T08:51:00.000Z,2026-09-08T11:51:00,1.1,1.1,1.1,1.1,9012
2026-09-08T08:52:00.000Z,2026-09-08T11:52:00,1.1,1.11,1.1,1.11,7188
2026-09-08T08:54:00.000Z,2026-09-08T11:54:00,1.11,1.11,1.1,1.1,5384
2026-09-08T08:55:00.000Z,2026-09-08T11:55:00,1.11,1.11,1.11,1.11,11800
2026-09-08T08:56:00.000Z,2026-09-08T11:56:00,1.1,1.1,1.1,1.1,131
2026-09-08T08:57:00.000Z,2026-09-08T11:57:00,1.11,1.11,1.11,1.11,25009
2026-09-08T08:58:00.000Z,2026-09-08T11:58:00,1.11,1.11,1.1,1.1,223809
2026-09-08T08:59:00.000Z,2026-09-08T11:59:00,1.11,1.11,1.11,1.11,3571
2026-09-08T09:00:00.000Z,2026-09-08T12:00:00,1.11,1.11,1.11,1.11,9156
2026-09-08T09:01:00.000Z,2026-09-08T12:01:00,1.11,1.11,1.11,1.11,100000
2026-09-08T09:02:00.000Z,2026-09-08T12:02:00,1.1,1.1,1.1,1.1,900
2026-09-08T09:04:00.000Z,2026-09-08T12:04:00,1.11,1.11,1.11,1.11,13802
2026-09-08T09:05:00.000Z,2026-09-08T12:05:00,1.11,1.11,1.11,1.11,320617
2026-09-08T09:06:00.000Z,2026-09-08T12:06:00,1.11,1.11,1.11,1.11,1000060
2026-09-08T09:07:00.000Z,2026-09-08T12:07:00,1.11,1.11,1.11,1.11,11080
2026-09-08T09:09:00.000Z,2026-09-08T12:09:00,1.11,1.11,1.11,1.11,10000
2026-09-08T09:11:00.000Z,2026-09-08T12:11:00,1.11,1.11,1.11,1.11,10300
2026-09-08T09:12:00.000Z,2026-09-08T12:12:00,1.11,1.11,1.11,1.11,1962
2026-09-08T09:13:00.000Z,2026-09-08T12:13:00,1.11,1.11,1.11,1.11,30000
2026-09-08T09:14:00.000Z,2026-09-08T12:14:00,1.11,1.11,1.11,1.11,1500
2026-09-08T09:16:00.000Z,2026-09-08T12:16:00,1.12,1.12,1.11,1.11,50010
2026-09-08T09:17:00.000Z,2026-09-08T12:17:00,1.12,1.12,1.12,1.12,8839
2026-09-08T09:18:00.000Z,2026-09-08T12:18:00,1.11,1.11,1.11,1.11,17500
2026-09-08T09:19:00.000Z,2026-09-08T12:19:00,1.11,1.11,1.11,1.11,1337000
2026-09-08T09:20:00.000Z,2026-09-08T12:20:00,1.11,1.11,1.11,1.11,112869
2026-09-08T09:21:00.000Z,2026-09-08T12:21:00,1.12,1.12,1.11,1.11,40021
2026-09-08T09:22:00.000Z,2026-09-08T12:22:00,1.11,1.11,1.11,1.11,14019
2026-09-08T09:23:00.000Z,2026-09-08T12:23:00,1.11,1.11,1.11,1.11,250
2026-09-08T09:24:00.000Z,2026-09-08T12:24:00,1.1,1.1,1.1,1.1,500000
2026-09-08T09:25:00.000Z,2026-09-08T12:25:00,1.1,1.11,1.1,1.1,1697144
2026-09-08T09:26:00.000Z,2026-09-08T12:26:00,1.1,1.1,1.1,1.1,1855319
2026-09-08T09:27:00.000Z,2026-09-08T12:27:00,1.11,1.11,1.11,1.11,281
2026-09-08T09:28:00.000Z,2026-09-08T12:28:00,1.11,1.11,1.11,1.11,5
2026-09-08T09:30:00.000Z,2026-09-08T12:30:00,1.11,1.11,1.11,1.11,7000
2026-09-08T09:32:00.000Z,2026-09-08T12:32:00,1.1,1.1,1.1,1.1,10000
2026-09-08T09:33:00.000Z,2026-09-08T12:33:00,1.1,1.1,1.1,1.1,54000
2026-09-08T09:34:00.000Z,2026-09-08T12:34:00,1.1,1.1,1.1,1.1,2550
2026-09-08T09:36:00.000Z,2026-09-08T12:36:00,1.1,1.1,1.1,1.1,745121
2026-09-08T09:37:00.000Z,2026-09-08T12:37:00,1.09,1.09,1.09,1.09,1001000
2026-09-08T09:38:00.000Z,2026-09-08T12:38:00,1.1,1.1,1.1,1.1,119352
2026-09-08T09:39:00.000Z,2026-09-08T12:39:00,1.1,1.1,1.1,1.1,162527
2026-09-08T09:40:00.000Z,2026-09-08T12:40:00,1.11,1.11,1.11,1.11,8172
2026-09-08T09:41:00.000Z,2026-09-08T12:41:00,1.11,1.11,1.1,1.1,127680
2026-09-08T09:42:00.000Z,2026-09-08T12:42:00,1.1,1.1,1.1,1.1,1918
2026-09-08T09:43:00.000Z,2026-09-08T12:43:00,1.1,1.1,1.09,1.1,16006
2026-09-08T09:44:00.000Z,2026-09-08T12:44:00,1.1,1.1,1.1,1.1,10000
2026-09-08T09:45:00.000Z,2026-09-08T12:45:00,1.1,1.1,1.1,1.1,80900
2026-09-08T09:46:00.000Z,2026-09-08T12:46:00,1.1,1.1,1.09,1.1,11427
2026-09-08T09:48:00.000Z,2026-09-08T12:48:00,1.1,1.1,1.1,1.1,50000
2026-09-08T09:49:00.000Z,2026-09-08T12:49:00,1.1,1.1,1.09,1.1,258230
2026-09-08T09:51:00.000Z,2026-09-08T12:51:00,1.09,1.09,1.09,1.09,999
2026-09-08T09:52:00.000Z,2026-09-08T12:52:00,1.09,1.1,1.09,1.1,51502
2026-09-08T09:53:00.000Z,2026-09-08T12:53:00,1.1,1.1,1.1,1.1,468
2026-09-08T09:56:00.000Z,2026-09-08T12:56:00,1.1,1.1,1.1,1.1,5000
2026-09-08T09:57:00.000Z,2026-09-08T12:57:00,1.1,1.1,1.09,1.09,158481
2026-09-08T09:58:00.000Z,2026-09-08T12:58:00,1.09,1.1,1.09,1.1,2264
2026-09-08T09:59:00.000Z,2026-09-08T12:59:00,1.1,1.1,1.1,1.1,151000
2026-09-08T10:00:00.000Z,2026-09-08T13:00:00,1.1,1.1,1.1,1.1,10011
2026-09-08T10:01:00.000Z,2026-09-08T13:01:00,1.1,1.1,1.1,1.1,46268
2026-09-08T10:02:00.000Z,2026-09-08T13:02:00,1.1,1.1,1.09,1.09,1289801
2026-09-08T10:03:00.000Z,2026-09-08T13:03:00,1.09,1.1,1.09,1.1,36824
2026-09-08T10:04:00.000Z,2026-09-08T13:04:00,1.1,1.1,1.09,1.09,16149
2026-09-08T10:05:00.000Z,2026-09-08T13:05:00,1.09,1.09,1.09,1.09,6039
2026-09-08T10:06:00.000Z,2026-09-08T13:06:00,1.1,1.1,1.1,1.1,9174
2026-09-08T10:08:00.000Z,2026-09-08T13:08:00,1.09,1.09,1.09,1.09,1200
2026-09-08T10:09:00.000Z,2026-09-08T13:09:00,1.1,1.1,1.09,1.09,6000
2026-09-08T10:10:00.000Z,2026-09-08T13:10:00,1.1,1.1,1.1,1.1,5000
2026-09-08T10:11:00.000Z,2026-09-08T13:11:00,1.09,1.09,1.09,1.09,89131
2026-09-08T10:13:00.000Z,2026-09-08T13:13:00,1.09,1.09,1.09,1.09,6559
2026-09-08T10:14:00.000Z,2026-09-08T13:14:00,1.09,1.1,1.09,1.09,17125
2026-09-08T10:15:00.000Z,2026-09-08T13:15:00,1.1,1.1,1.09,1.09,208671
2026-09-08T10:16:00.000Z,2026-09-08T13:16:00,1.09,1.1,1.09,1.09,53885
2026-09-08T10:17:00.000Z,2026-09-08T13:17:00,1.09,1.1,1.09,1.1,263432
2026-09-08T10:18:00.000Z,2026-09-08T13:18:00,1.09,1.09,1.09,1.09,550
2026-09-08T10:19:00.000Z,2026-09-08T13:19:00,1.09,1.09,1.09,1.09,96739
2026-09-08T10:20:00.000Z,2026-09-08T13:20:00,1.09,1.09,1.09,1.09,18192
2026-09-08T10:21:00.000Z,2026-09-08T13:21:00,1.09,1.09,1.09,1.09,105836
2026-09-08T10:22:00.000Z,2026-09-08T13:22:00,1.1,1.1,1.09,1.09,36504
2026-09-08T10:23:00.000Z,2026-09-08T13:23:00,1.09,1.09,1.09,1.09,5903
2026-09-08T10:24:00.000Z,2026-09-08T13:24:00,1.09,1.09,1.09,1.09,255377
2026-09-08T10:25:00.000Z,2026-09-08T13:25:00,1.09,1.1,1.09,1.09,139004
2026-09-08T10:26:00.000Z,2026-09-08T13:26:00,1.1,1.1,1.1,1.1,342
2026-09-08T10:27:00.000Z,2026-09-08T13:27:00,1.09,1.1,1.09,1.1,40304
2026-09-08T10:28:00.000Z,2026-09-08T13:28:00,1.09,1.1,1.09,1.09,432782
2026-09-08T10:29:00.000Z,2026-09-08T13:29:00,1.09,1.09,1.09,1.09,14628
2026-09-08T10:30:00.000Z,2026-09-08T13:30:00,1.09,1.09,1.09,1.09,1250000
2026-09-08T10:31:00.000Z,2026-09-08T13:31:00,1.1,1.1,1.1,1.1,100000
2026-09-08T10:32:00.000Z,2026-09-08T13:32:00,1.09,1.09,1.09,1.09,277327
2026-09-08T10:33:00.000Z,2026-09-08T13:33:00,1.1,1.1,1.1,1.1,62
2026-09-08T10:34:00.000Z,2026-09-08T13:34:00,1.1,1.1,1.1,1.1,50000
2026-09-08T10:35:00.000Z,2026-09-08T13:35:00,1.1,1.1,1.1,1.1,1298
2026-09-08T10:36:00.000Z,2026-09-08T13:36:00,1.1,1.1,1.1,1.1,10498
2026-09-08T10:37:00.000Z,2026-09-08T13:37:00,1.09,1.09,1.09,1.09,55628
2026-09-08T10:38:00.000Z,2026-09-08T13:38:00,1.09,1.1,1.09,1.1,105114
2026-09-08T10:39:00.000Z,2026-09-08T13:39:00,1.1,1.1,1.09,1.1,104242
2026-09-08T10:40:00.000Z,2026-09-08T13:40:00,1.1,1.1,1.09,1.1,20821
2026-09-08T10:42:00.000Z,2026-09-08T13:42:00,1.09,1.09,1.09,1.09,181555
2026-09-08T10:43:00.000Z,2026-09-08T13:43:00,1.09,1.1,1.09,1.09,617110
2026-09-08T10:44:00.000Z,2026-09-08T13:44:00,1.09,1.09,1.09,1.09,300000
2026-09-08T10:45:00.000Z,2026-09-08T13:45:00,1.1,1.1,1.1,1.1,50004
2026-09-08T10:46:00.000Z,2026-09-08T13:46:00,1.09,1.09,1.09,1.09,320000
2026-09-08T10:48:00.000Z,2026-09-08T13:48:00,1.09,1.09,1.09,1.09,201000
2026-09-08T10:49:00.000Z,2026-09-08T13:49:00,1.09,1.09,1.09,1.09,9824
2026-09-08T10:50:00.000Z,2026-09-08T13:50:00,1.09,1.09,1.09,1.09,50000
2026-09-08T10:51:00.000Z,2026-09-08T13:51:00,1.1,1.1,1.1,1.1,45871
2026-09-08T10:52:00.000Z,2026-09-08T13:52:00,1.09,1.1,1.09,1.1,69800
2026-09-08T10:53:00.000Z,2026-09-08T13:53:00,1.09,1.09,1.09,1.09,16000
2026-09-08T10:54:00.000Z,2026-09-08T13:54:00,1.09,1.09,1.09,1.09,55865
2026-09-08T10:55:00.000Z,2026-09-08T13:55:00,1.09,1.09,1.09,1.09,141510
2026-09-08T10:56:00.000Z,2026-09-08T13:56:00,1.09,1.1,1.09,1.1,70700
2026-09-08T10:57:00.000Z,2026-09-08T13:57:00,1.09,1.1,1.09,1.09,100503
2026-09-08T10:58:00.000Z,2026-09-08T13:58:00,1.09,1.09,1.09,1.09,7771
2026-09-08T11:00:00.000Z,2026-09-08T14:00:00,1.09,1.09,1.09,1.09,10900
2026-09-08T11:01:00.000Z,2026-09-08T14:01:00,1.09,1.1,1.09,1.1,125048
2026-09-08T11:03:00.000Z,2026-09-08T14:03:00,1.1,1.1,1.09,1.09,55250
2026-09-08T11:04:00.000Z,2026-09-08T14:04:00,1.09,1.09,1.09,1.09,306785
2026-09-08T11:05:00.000Z,2026-09-08T14:05:00,1.09,1.1,1.09,1.1,558237
2026-09-08T11:06:00.000Z,2026-09-08T14:06:00,1.09,1.1,1.09,1.09,68702
2026-09-08T11:07:00.000Z,2026-09-08T14:07:00,1.09,1.1,1.09,1.09,42082
2026-09-08T11:08:00.000Z,2026-09-08T14:08:00,1.09,1.09,1.09,1.09,21302
2026-09-08T11:09:00.000Z,2026-09-08T14:09:00,1.09,1.09,1.09,1.09,28225
2026-09-08T11:10:00.000Z,2026-09-08T14:10:00,1.09,1.1,1.09,1.1,720642
2026-09-08T11:12:00.000Z,2026-09-08T14:12:00,1.09,1.09,1.09,1.09,350000
2026-09-08T11:13:00.000Z,2026-09-08T14:13:00,1.08,1.09,1.08,1.09,550499
2026-09-08T11:14:00.000Z,2026-09-08T14:14:00,1.08,1.09,1.08,1.09,10850
2026-09-08T11:25:00.000Z,2026-09-08T14:25:00,1.08,1.08,1.08,1.08,6163740
2026-09-08T11:26:00.000Z,2026-09-08T14:26:00,1.08,1.08,1.08,1.08,2000000
2026-09-09T07:00:00.000Z,2026-09-09T10:00:00,1.08,1.08,1.08,1.08,1195973
2026-09-09T07:01:00.000Z,2026-09-09T10:01:00,1.08,1.08,1.07,1.07,23148
2026-09-09T07:02:00.000Z,2026-09-09T10:02:00,1.08,1.08,1.08,1.08,519182
2026-09-09T07:03:00.000Z,2026-09-09T10:03:00,1.08,1.09,1.08,1.09,100925
2026-09-09T07:05:00.000Z,2026-09-09T10:05:00,1.09,1.09,1.08,1.09,1100157
2026-09-09T07:06:00.000Z,2026-09-09T10:06:00,1.09,1.09,1.09,1.09,776
2026-09-09T07:07:00.000Z,2026-09-09T10:07:00,1.08,1.09,1.08,1.09,6400
2026-09-09T07:09:00.000Z,2026-09-09T10:09:00,1.08,1.09,1.08,1.09,117281
2026-09-09T07:10:00.000Z,2026-09-09T10:10:00,1.09,1.09,1.09,1.09,539524
2026-09-09T07:11:00.000Z,2026-09-09T10:11:00,1.1,1.1,1.1,1.1,1099599
2026-09-09T07:12:00.000Z,2026-09-09T10:12:00,1.11,1.11,1.1,1.1,187330
2026-09-09T07:13:00.000Z,2026-09-09T10:13:00,1.11,1.11,1.11,1.11,28381
2026-09-09T07:14:00.000Z,2026-09-09T10:14:00,1.11,1.11,1.11,1.11,21055
2026-09-09T07:16:00.000Z,2026-09-09T10:16:00,1.11,1.11,1.1,1.1,7000
2026-09-09T07:17:00.000Z,2026-09-09T10:17:00,1.1,1.11,1.1,1.11,797641
2026-09-09T07:18:00.000Z,2026-09-09T10:18:00,1.1,1.1,1.1,1.1,418695
2026-09-09T07:19:00.000Z,2026-09-09T10:19:00,1.1,1.1,1.1,1.1,100000
2026-09-09T07:20:00.000Z,2026-09-09T10:20:00,1.1,1.1,1.1,1.1,25000
2026-09-09T07:21:00.000Z,2026-09-09T10:21:00,1.09,1.09,1.09,1.09,10608
2026-09-09T07:22:00.000Z,2026-09-09T10:22:00,1.1,1.1,1.1,1.1,1006305
2026-09-09T07:23:00.000Z,2026-09-09T10:23:00,1.1,1.11,1.1,1.1,209816
2026-09-09T07:24:00.000Z,2026-09-09T10:24:00,1.1,1.1,1.1,1.1,46458
2026-09-09T07:25:00.000Z,2026-09-09T10:25:00,1.1,1.1,1.1,1.1,1066358
2026-09-09T07:26:00.000Z,2026-09-09T10:26:00,1.1,1.1,1.1,1.1,511420
2026-09-09T07:27:00.000Z,2026-09-09T10:27:00,1.11,1.11,1.11,1.11,31954
2026-09-09T07:28:00.000Z,2026-09-09T10:28:00,1.1,1.11,1.1,1.1,19900
2026-09-09T07:29:00.000Z,2026-09-09T10:29:00,1.1,1.1,1.1,1.1,44505
2026-09-09T07:30:00.000Z,2026-09-09T10:30:00,1.1,1.1,1.1,1.1,8200
2026-09-09T07:31:00.000Z,2026-09-09T10:31:00,1.11,1.11,1.1,1.1,198258
2026-09-09T07:32:00.000Z,2026-09-09T10:32:00,1.11,1.11,1.11,1.11,2687455
2026-09-09T07:33:00.000Z,2026-09-09T10:33:00,1.11,1.12,1.11,1.12,395446
2026-09-09T07:34:00.000Z,2026-09-09T10:34:00,1.12,1.13,1.12,1.13,4867234
2026-09-09T07:35:00.000Z,2026-09-09T10:35:00,1.12,1.13,1.12,1.13,7049799
2026-09-09T07:36:00.000Z,2026-09-09T10:36:00,1.13,1.13,1.12,1.13,3075982
2026-09-09T07:37:00.000Z,2026-09-09T10:37:00,1.12,1.14,1.12,1.12,3271404
2026-09-09T07:38:00.000Z,2026-09-09T10:38:00,1.13,1.14,1.13,1.13,1253577
2026-09-09T07:39:00.000Z,2026-09-09T10:39:00,1.14,1.14,1.13,1.13,287939
2026-09-09T07:40:00.000Z,2026-09-09T10:40:00,1.12,1.13,1.12,1.13,1058639
2026-09-09T07:41:00.000Z,2026-09-09T10:41:00,1.13,1.14,1.13,1.14,272520
2026-09-09T07:42:00.000Z,2026-09-09T10:42:00,1.14,1.14,1.13,1.14,203507
2026-09-09T07:43:00.000Z,2026-09-09T10:43:00,1.13,1.14,1.13,1.13,599884
2026-09-09T07:44:00.000Z,2026-09-09T10:44:00,1.13,1.14,1.12,1.13,1087956
2026-09-09T07:45:00.000Z,2026-09-09T10:45:00,1.12,1.13,1.11,1.13,2025662
2026-09-09T07:46:00.000Z,2026-09-09T10:46:00,1.13,1.13,1.13,1.13,200
2026-09-09T07:47:00.000Z,2026-09-09T10:47:00,1.13,1.13,1.11,1.11,1537080
2026-09-09T07:48:00.000Z,2026-09-09T10:48:00,1.12,1.13,1.12,1.13,61573
2026-09-09T07:49:00.000Z,2026-09-09T10:49:00,1.12,1.12,1.12,1.12,8661
2026-09-09T07:50:00.000Z,2026-09-09T10:50:00,1.12,1.13,1.12,1.13,98085
2026-09-09T07:51:00.000Z,2026-09-09T10:51:00,1.12,1.13,1.12,1.12,1017561
2026-09-09T07:52:00.000Z,2026-09-09T10:52:00,1.12,1.12,1.11,1.12,32227
2026-09-09T07:53:00.000Z,2026-09-09T10:53:00,1.11,1.12,1.11,1.12,86376
2026-09-09T07:54:00.000Z,2026-09-09T10:54:00,1.12,1.12,1.12,1.12,1064500
2026-09-09T07:55:00.000Z,2026-09-09T10:55:00,1.12,1.12,1.12,1.12,225816
2026-09-09T07:56:00.000Z,2026-09-09T10:56:00,1.11,1.12,1.11,1.12,22239
2026-09-09T07:57:00.000Z,2026-09-09T10:57:00,1.12,1.12,1.11,1.11,35706
2026-09-09T07:58:00.000Z,2026-09-09T10:58:00,1.11,1.11,1.11,1.11,3893178
2026-09-09T07:59:00.000Z,2026-09-09T10:59:00,1.11,1.11,1.11,1.11,596854
2026-09-09T08:00:00.000Z,2026-09-09T11:00:00,1.11,1.12,1.11,1.12,1497400
2026-09-09T08:01:00.000Z,2026-09-09T11:01:00,1.11,1.11,1.1,1.11,316657
2026-09-09T08:02:00.000Z,2026-09-09T11:02:00,1.11,1.11,1.1,1.11,53223
2026-09-09T08:03:00.000Z,2026-09-09T11:03:00,1.1,1.1,1.1,1.1,18
2026-09-09T08:04:00.000Z,2026-09-09T11:04:00,1.11,1.11,1.11,1.11,18354
2026-09-09T08:05:00.000Z,2026-09-09T11:05:00,1.1,1.11,1.1,1.11,56439
2026-09-09T08:06:00.000Z,2026-09-09T11:06:00,1.1,1.1,1.1,1.1,11951
2026-09-09T08:07:00.000Z,2026-09-09T11:07:00,1.1,1.1,1.1,1.1,5
2026-09-09T08:08:00.000Z,2026-09-09T11:08:00,1.11,1.11,1.11,1.11,502461
2026-09-09T08:09:00.000Z,2026-09-09T11:09:00,1.1,1.11,1.1,1.11,14000
2026-09-09T08:10:00.000Z,2026-09-09T11:10:00,1.1,1.11,1.1,1.11,2666
2026-09-09T08:11:00.000Z,2026-09-09T11:11:00,1.1,1.11,1.1,1.1,1176
2026-09-09T08:12:00.000Z,2026-09-09T11:12:00,1.1,1.11,1.1,1.11,67021
2026-09-09T08:13:00.000Z,2026-09-09T11:13:00,1.11,1.11,1.11,1.11,302450
2026-09-09T08:14:00.000Z,2026-09-09T11:14:00,1.11,1.11,1.1,1.11,237296
2026-09-09T08:15:00.000Z,2026-09-09T11:15:00,1.11,1.11,1.1,1.1,13781
2026-09-09T08:16:00.000Z,2026-09-09T11:16:00,1.1,1.11,1.1,1.11,414118
2026-09-09T08:17:00.000Z,2026-09-09T11:17:00,1.11,1.11,1.11,1.11,548939
2026-09-09T08:18:00.000Z,2026-09-09T11:18:00,1.11,1.11,1.11,1.11,626467
2026-09-09T08:19:00.000Z,2026-09-09T11:19:00,1.11,1.11,1.1,1.11,368139
2026-09-09T08:20:00.000Z,2026-09-09T11:20:00,1.11,1.11,1.11,1.11,25000
2026-09-09T08:21:00.000Z,2026-09-09T11:21:00,1.11,1.11,1.1,1.11,680225
2026-09-09T08:22:00.000Z,2026-09-09T11:22:00,1.11,1.11,1.11,1.11,703704
2026-09-09T08:23:00.000Z,2026-09-09T11:23:00,1.11,1.11,1.1,1.11,107281
2026-09-09T08:26:00.000Z,2026-09-09T11:26:00,1.1,1.11,1.1,1.11,14645
2026-09-09T08:27:00.000Z,2026-09-09T11:27:00,1.11,1.11,1.11,1.11,1631
2026-09-09T08:28:00.000Z,2026-09-09T11:28:00,1.11,1.11,1.11,1.11,161
2026-09-09T08:29:00.000Z,2026-09-09T11:29:00,1.11,1.11,1.11,1.11,5000
2026-09-09T08:30:00.000Z,2026-09-09T11:30:00,1.11,1.11,1.11,1.11,8
2026-09-09T08:31:00.000Z,2026-09-09T11:31:00,1.1,1.1,1.1,1.1,102292
2026-09-09T08:32:00.000Z,2026-09-09T11:32:00,1.1,1.1,1.1,1.1,2292
2026-09-09T08:33:00.000Z,2026-09-09T11:33:00,1.1,1.11,1.1,1.11,7752
2026-09-09T08:34:00.000Z,2026-09-09T11:34:00,1.1,1.11,1.1,1.1,25292
2026-09-09T08:35:00.000Z,2026-09-09T11:35:00,1.1,1.11,1.1,1.11,6292
2026-09-09T08:36:00.000Z,2026-09-09T11:36:00,1.1,1.1,1.1,1.1,2680
2026-09-09T08:37:00.000Z,2026-09-09T11:37:00,1.1,1.11,1.1,1.1,4588
2026-09-09T08:38:00.000Z,2026-09-09T11:38:00,1.1,1.1,1.1,1.1,26422
2026-09-09T08:39:00.000Z,2026-09-09T11:39:00,1.1,1.11,1.1,1.11,2878
2026-09-09T08:40:00.000Z,2026-09-09T11:40:00,1.11,1.11,1.1,1.1,5042309
2026-09-09T08:41:00.000Z,2026-09-09T11:41:00,1.1,1.1,1.1,1.1,2291
2026-09-09T08:42:00.000Z,2026-09-09T11:42:00,1.11,1.11,1.1,1.1,122549
2026-09-09T08:43:00.000Z,2026-09-09T11:43:00,1.1,1.1,1.1,1.1,884150
2026-09-09T08:44:00.000Z,2026-09-09T11:44:00,1.1,1.1,1.09,1.09,198777
2026-09-09T08:45:00.000Z,2026-09-09T11:45:00,1.1,1.1,1.1,1.1,118365
2026-09-09T08:46:00.000Z,2026-09-09T11:46:00,1.09,1.09,1.09,1.09,122076
2026-09-09T08:47:00.000Z,2026-09-09T11:47:00,1.1,1.1,1.1,1.1,4187
2026-09-09T08:48:00.000Z,2026-09-09T11:48:00,1.09,1.1,1.09,1.09,5631
2026-09-09T08:49:00.000Z,2026-09-09T11:49:00,1.1,1.1,1.1,1.1,127874
2026-09-09T08:50:00.000Z,2026-09-09T11:50:00,1.1,1.1,1.1,1.1,204545
2026-09-09T08:53:00.000Z,2026-09-09T11:53:00,1.1,1.1,1.1,1.1,50000
2026-09-09T08:54:00.000Z,2026-09-09T11:54:00,1.09,1.09,1.09,1.09,42112
2026-09-09T08:55:00.000Z,2026-09-09T11:55:00,1.09,1.09,1.09,1.09,100000
2026-09-09T08:56:00.000Z,2026-09-09T11:56:00,1.1,1.1,1.09,1.09,33786
2026-09-09T08:57:00.000Z,2026-09-09T11:57:00,1.1,1.1,1.1,1.1,131
2026-09-09T08:58:00.000Z,2026-09-09T11:58:00,1.1,1.1,1.1,1.1,94
2026-09-09T08:59:00.000Z,2026-09-09T11:59:00,1.1,1.1,1.09,1.09,100100
2026-09-09T09:00:00.000Z,2026-09-09T12:00:00,1.1,1.1,1.1,1.1,41000
2026-09-09T09:01:00.000Z,2026-09-09T12:01:00,1.1,1.1,1.1,1.1,52
2026-09-09T09:02:00.000Z,2026-09-09T12:02:00,1.09,1.09,1.09,1.09,1000
2026-09-09T09:03:00.000Z,2026-09-09T12:03:00,1.09,1.1,1.09,1.1,1756478
2026-09-09T09:04:00.000Z,2026-09-09T12:04:00,1.1,1.11,1.1,1.11,687905
2026-09-09T09:06:00.000Z,2026-09-09T12:06:00,1.1,1.1,1.1,1.1,2500000
2026-09-09T09:07:00.000Z,2026-09-09T12:07:00,1.1,1.1,1.1,1.1,1500000
2026-09-09T09:08:00.000Z,2026-09-09T12:08:00,1.11,1.11,1.11,1.11,3
2026-09-09T09:10:00.000Z,2026-09-09T12:10:00,1.1,1.1,1.1,1.1,26030
2026-09-09T09:12:00.000Z,2026-09-09T12:12:00,1.1,1.11,1.1,1.11,65030
2026-09-09T09:13:00.000Z,2026-09-09T12:13:00,1.1,1.1,1.1,1.1,101000
2026-09-09T09:14:00.000Z,2026-09-09T12:14:00,1.1,1.1,1.1,1.1,1200000
2026-09-09T09:15:00.000Z,2026-09-09T12:15:00,1.1,1.1,1.09,1.09,403904
2026-09-09T09:16:00.000Z,2026-09-09T12:16:00,1.1,1.1,1.1,1.1,346605
2026-09-09T09:17:00.000Z,2026-09-09T12:17:00,1.1,1.1,1.1,1.1,237295
2026-09-09T09:18:00.000Z,2026-09-09T12:18:00,1.1,1.1,1.1,1.1,4000
2026-09-09T09:19:00.000Z,2026-09-09T12:19:00,1.1,1.1,1.1,1.1,54879
2026-09-09T09:20:00.000Z,2026-09-09T12:20:00,1.09,1.09,1.09,1.09,6
2026-09-09T09:21:00.000Z,2026-09-09T12:21:00,1.1,1.1,1.1,1.1,37051
2026-09-09T09:22:00.000Z,2026-09-09T12:22:00,1.1,1.1,1.09,1.09,384
2026-09-09T09:23:00.000Z,2026-09-09T12:23:00,1.1,1.1,1.1,1.1,100910
2026-09-09T09:24:00.000Z,2026-09-09T12:24:00,1.1,1.1,1.1,1.1,34090
2026-09-09T09:25:00.000Z,2026-09-09T12:25:00,1.1,1.1,1.1,1.1,615156
2026-09-09T09:26:00.000Z,2026-09-09T12:26:00,1.1,1.1,1.09,1.1,26880
2026-09-09T09:27:00.000Z,2026-09-09T12:27:00,1.1,1.1,1.1,1.1,42355
2026-09-09T09:28:00.000Z,2026-09-09T12:28:00,1.09,1.1,1.09,1.1,13141
2026-09-09T09:29:00.000Z,2026-09-09T12:29:00,1.1,1.1,1.1,1.1,3
2026-09-09T09:30:00.000Z,2026-09-09T12:30:00,1.09,1.09,1.09,1.09,555
2026-09-09T09:31:00.000Z,2026-09-09T12:31:00,1.09,1.09,1.09,1.09,4176
2026-09-09T09:33:00.000Z,2026-09-09T12:33:00,1.1,1.1,1.09,1.09,38237
2026-09-09T09:34:00.000Z,2026-09-09T12:34:00,1.1,1.1,1.1,1.1,909
2026-09-09T09:36:00.000Z,2026-09-09T12:36:00,1.1,1.1,1.1,1.1,116385
2026-09-09T09:37:00.000Z,2026-09-09T12:37:00,1.09,1.1,1.09,1.1,52395
2026-09-09T09:38:00.000Z,2026-09-09T12:38:00,1.1,1.1,1.1,1.1,19222
2026-09-09T09:39:00.000Z,2026-09-09T12:39:00,1.09,1.1,1.09,1.09,27043
2026-09-09T09:40:00.000Z,2026-09-09T12:40:00,1.1,1.1,1.1,1.1,40
2026-09-09T09:41:00.000Z,2026-09-09T12:41:00,1.1,1.1,1.1,1.1,114
2026-09-09T09:42:00.000Z,2026-09-09T12:42:00,1.1,1.1,1.1,1.1,440
2026-09-09T09:43:00.000Z,2026-09-09T12:43:00,1.1,1.1,1.09,1.09,56157
2026-09-09T09:45:00.000Z,2026-09-09T12:45:00,1.1,1.11,1.1,1.11,1818338
2026-09-09T09:46:00.000Z,2026-09-09T12:46:00,1.11,1.11,1.11,1.11,700000
2026-09-09T09:47:00.000Z,2026-09-09T12:47:00,1.11,1.11,1.1,1.1,358
2026-09-09T09:48:00.000Z,2026-09-09T12:48:00,1.11,1.11,1.11,1.11,20000
2026-09-09T09:50:00.000Z,2026-09-09T12:50:00,1.11,1.11,1.11,1.11,800000
2026-09-09T09:51:00.000Z,2026-09-09T12:51:00,1.11,1.11,1.11,1.11,2000
2026-09-09T09:52:00.000Z,2026-09-09T12:52:00,1.11,1.11,1.11,1.11,748
2026-09-09T09:54:00.000Z,2026-09-09T12:54:00,1.1,1.1,1.1,1.1,1495
2026-09-09T09:55:00.000Z,2026-09-09T12:55:00,1.11,1.11,1.11,1.11,4533
2026-09-09T09:56:00.000Z,2026-09-09T12:56:00,1.11,1.11,1.11,1.11,12871
2026-09-09T09:57:00.000Z,2026-09-09T12:57:00,1.11,1.11,1.1,1.1,123104
2026-09-09T09:59:00.000Z,2026-09-09T12:59:00,1.11,1.11,1.1,1.1,20036
2026-09-09T10:02:00.000Z,2026-09-09T13:02:00,1.1,1.1,1.1,1.1,201500
2026-09-09T10:04:00.000Z,2026-09-09T13:04:00,1.11,1.11,1.11,1.11,25000
2026-09-09T10:05:00.000Z,2026-09-09T13:05:00,1.1,1.1,1.1,1.1,3580
2026-09-09T10:06:00.000Z,2026-09-09T13:06:00,1.1,1.11,1.1,1.11,19754
2026-09-09T10:07:00.000Z,2026-09-09T13:07:00,1.1,1.1,1.1,1.1,7
2026-09-09T10:08:00.000Z,2026-09-09T13:08:00,1.1,1.11,1.1,1.1,39000
2026-09-09T10:09:00.000Z,2026-09-09T13:09:00,1.1,1.1,1.1,1.1,28558
2026-09-09T10:10:00.000Z,2026-09-09T13:10:00,1.11,1.11,1.11,1.11,8165
2026-09-09T10:11:00.000Z,2026-09-09T13:11:00,1.11,1.11,1.11,1.11,244
2026-09-09T10:13:00.000Z,2026-09-09T13:13:00,1.11,1.11,1.11,1.11,69
2026-09-09T10:14:00.000Z,2026-09-09T13:14:00,1.1,1.1,1.1,1.1,10000
2026-09-09T10:15:00.000Z,2026-09-09T13:15:00,1.1,1.1,1.1,1.1,49045
2026-09-09T10:16:00.000Z,2026-09-09T13:16:00,1.11,1.11,1.1,1.1,17000
2026-09-09T10:17:00.000Z,2026-09-09T13:17:00,1.11,1.11,1.11,1.11,141
2026-09-09T10:18:00.000Z,2026-09-09T13:18:00,1.1,1.11,1.1,1.11,509500
2026-09-09T10:19:00.000Z,2026-09-09T13:19:00,1.11,1.11,1.11,1.11,1
2026-09-09T10:20:00.000Z,2026-09-09T13:20:00,1.11,1.11,1.11,1.11,104000
2026-09-09T10:21:00.000Z,2026-09-09T13:21:00,1.11,1.11,1.11,1.11,500000
2026-09-09T10:22:00.000Z,2026-09-09T13:22:00,1.1,1.11,1.1,1.11,52727
2026-09-09T10:25:00.000Z,2026-09-09T13:25:00,1.11,1.11,1.11,1.11,3385
2026-09-09T10:28:00.000Z,2026-09-09T13:28:00,1.1,1.11,1.1,1.11,4263
2026-09-09T10:29:00.000Z,2026-09-09T13:29:00,1.1,1.1,1.1,1.1,7700
2026-09-09T10:31:00.000Z,2026-09-09T13:31:00,1.11,1.11,1.11,1.11,855
2026-09-09T10:32:00.000Z,2026-09-09T13:32:00,1.1,1.11,1.1,1.11,275000
2026-09-09T10:33:00.000Z,2026-09-09T13:33:00,1.11,1.11,1.1,1.1,1002905
2026-09-09T10:34:00.000Z,2026-09-09T13:34:00,1.11,1.11,1.11,1.11,89124
2026-09-09T10:35:00.000Z,2026-09-09T13:35:00,1.11,1.11,1.11,1.11,45
2026-09-09T10:36:00.000Z,2026-09-09T13:36:00,1.11,1.11,1.11,1.11,102976
2026-09-09T10:37:00.000Z,2026-09-09T13:37:00,1.1,1.1,1.1,1.1,9002
2026-09-09T10:38:00.000Z,2026-09-09T13:38:00,1.11,1.11,1.1,1.11,6539
2026-09-09T10:39:00.000Z,2026-09-09T13:39:00,1.1,1.1,1.1,1.1,58
2026-09-09T10:40:00.000Z,2026-09-09T13:40:00,1.1,1.11,1.1,1.11,56216
2026-09-09T10:41:00.000Z,2026-09-09T13:41:00,1.1,1.11,1.1,1.11,217189
2026-09-09T10:44:00.000Z,2026-09-09T13:44:00,1.1,1.11,1.1,1.11,12000
2026-09-09T10:45:00.000Z,2026-09-09T13:45:00,1.1,1.1,1.1,1.1,44951
2026-09-09T10:46:00.000Z,2026-09-09T13:46:00,1.1,1.11,1.1,1.11,128690
2026-09-09T10:47:00.000Z,2026-09-09T13:47:00,1.1,1.1,1.1,1.1,1285955
2026-09-09T10:48:00.000Z,2026-09-09T13:48:00,1.1,1.11,1.1,1.1,530523
2026-09-09T10:49:00.000Z,2026-09-09T13:49:00,1.1,1.11,1.1,1.11,109909
2026-09-09T10:50:00.000Z,2026-09-09T13:50:00,1.1,1.1,1.1,1.1,500000
2026-09-09T10:51:00.000Z,2026-09-09T13:51:00,1.11,1.11,1.09,1.09,300907
2026-09-09T10:52:00.000Z,2026-09-09T13:52:00,1.1,1.1,1.09,1.1,4183707
2026-09-09T10:54:00.000Z,2026-09-09T13:54:00,1.09,1.1,1.09,1.1,23996
2026-09-09T10:55:00.000Z,2026-09-09T13:55:00,1.09,1.09,1.09,1.09,1180
2026-09-09T10:56:00.000Z,2026-09-09T13:56:00,1.1,1.1,1.09,1.09,748094
2026-09-09T10:57:00.000Z,2026-09-09T13:57:00,1.09,1.1,1.09,1.1,74157
2026-09-09T10:58:00.000Z,2026-09-09T13:58:00,1.1,1.1,1.1,1.1,77958
2026-09-09T10:59:00.000Z,2026-09-09T13:59:00,1.09,1.09,1.09,1.09,2744
2026-09-09T11:00:00.000Z,2026-09-09T14:00:00,1.09,1.1,1.09,1.1,892794
2026-09-09T11:01:00.000Z,2026-09-09T14:01:00,1.1,1.1,1.09,1.09,97940
2026-09-09T11:02:00.000Z,2026-09-09T14:02:00,1.1,1.1,1.09,1.09,1865809
2026-09-09T11:03:00.000Z,2026-09-09T14:03:00,1.1,1.1,1.09,1.09,559346
2026-09-09T11:04:00.000Z,2026-09-09T14:04:00,1.09,1.09,1.08,1.09,237864
2026-09-09T11:05:00.000Z,2026-09-09T14:05:00,1.09,1.09,1.08,1.09,320619
2026-09-09T11:06:00.000Z,2026-09-09T14:06:00,1.09,1.09,1.08,1.09,297898
2026-09-09T11:07:00.000Z,2026-09-09T14:07:00,1.09,1.1,1.09,1.09,1072154
2026-09-09T11:08:00.000Z,2026-09-09T14:08:00,1.09,1.1,1.09,1.1,292032
2026-09-09T11:09:00.000Z,2026-09-09T14:09:00,1.09,1.09,1.09,1.09,152169
2026-09-09T11:10:00.000Z,2026-09-09T14:10:00,1.09,1.1,1.09,1.1,647578
2026-09-09T11:11:00.000Z,2026-09-09T14:11:00,1.09,1.09,1.09,1.09,873298
2026-09-09T11:12:00.000Z,2026-09-09T14:12:00,1.09,1.09,1.09,1.09,300860
2026-09-09T11:13:00.000Z,2026-09-09T14:13:00,1.08,1.09,1.08,1.09,5796531
2026-09-09T11:14:00.000Z,2026-09-09T14:14:00,1.09,1.09,1.08,1.08,52591
2026-09-09T11:25:00.000Z,2026-09-09T14:25:00,1.08,1.08,1.08,1.08,3192177
2026-09-09T11:28:00.000Z,2026-09-09T14:28:00,1.08,1.08,1.08,1.08,20000
2026-09-09T11:29:00.000Z,2026-09-09T14:29:00,1.08,1.08,1.08,1.08,10000
2026-09-10T07:00:00.000Z,2026-09-10T10:00:00,1.09,1.1,1.09,1.1,425999
2026-09-10T07:01:00.000Z,2026-09-10T10:01:00,1.1,1.1,1.1,1.1,60277
2026-09-10T07:02:00.000Z,2026-09-10T10:02:00,1.09,1.1,1.09,1.09,310500
2026-09-10T07:03:00.000Z,2026-09-10T10:03:00,1.1,1.1,1.1,1.1,79
2026-09-10T07:04:00.000Z,2026-09-10T10:04:00,1.09,1.1,1.09,1.1,109305
2026-09-10T07:05:00.000Z,2026-09-10T10:05:00,1.1,1.1,1.1,1.1,50010
2026-09-10T07:06:00.000Z,2026-09-10T10:06:00,1.1,1.1,1.1,1.1,50310
2026-09-10T07:07:00.000Z,2026-09-10T10:07:00,1.1,1.1,1.1,1.1,504598
2026-09-10T07:08:00.000Z,2026-09-10T10:08:00,1.1,1.1,1.1,1.1,300000
2026-09-10T07:09:00.000Z,2026-09-10T10:09:00,1.1,1.1,1.1,1.1,29019
2026-09-10T07:10:00.000Z,2026-09-10T10:10:00,1.1,1.1,1.1,1.1,31487
2026-09-10T07:11:00.000Z,2026-09-10T10:11:00,1.1,1.1,1.1,1.1,425109
2026-09-10T07:12:00.000Z,2026-09-10T10:12:00,1.1,1.11,1.1,1.1,1075147
2026-09-10T07:13:00.000Z,2026-09-10T10:13:00,1.1,1.1,1.09,1.1,502979
2026-09-10T07:14:00.000Z,2026-09-10T10:14:00,1.1,1.1,1.1,1.1,782518
2026-09-10T07:15:00.000Z,2026-09-10T10:15:00,1.11,1.11,1.11,1.11,20000
2026-09-10T07:16:00.000Z,2026-09-10T10:16:00,1.11,1.11,1.11,1.11,2033
2026-09-10T07:17:00.000Z,2026-09-10T10:17:00,1.1,1.11,1.1,1.1,490122
2026-09-10T07:18:00.000Z,2026-09-10T10:18:00,1.11,1.11,1.11,1.11,40749
2026-09-10T07:19:00.000Z,2026-09-10T10:19:00,1.11,1.11,1.11,1.11,10000
2026-09-10T07:20:00.000Z,2026-09-10T10:20:00,1.1,1.1,1.1,1.1,10000
2026-09-10T07:21:00.000Z,2026-09-10T10:21:00,1.11,1.11,1.1,1.1,326491
2026-09-10T07:22:00.000Z,2026-09-10T10:22:00,1.11,1.11,1.11,1.11,1158
2026-09-10T07:23:00.000Z,2026-09-10T10:23:00,1.11,1.11,1.1,1.11,5307
2026-09-10T07:24:00.000Z,2026-09-10T10:24:00,1.11,1.11,1.1,1.1,2227197
2026-09-10T07:25:00.000Z,2026-09-10T10:25:00,1.09,1.1,1.09,1.1,253092
2026-09-10T07:27:00.000Z,2026-09-10T10:27:00,1.1,1.11,1.1,1.11,2085891
2026-09-10T07:28:00.000Z,2026-09-10T10:28:00,1.09,1.11,1.09,1.11,133854
2026-09-10T07:30:00.000Z,2026-09-10T10:30:00,1.11,1.11,1.1,1.1,42900
2026-09-10T07:31:00.000Z,2026-09-10T10:31:00,1.11,1.11,1.1,1.1,18739
2026-09-10T07:32:00.000Z,2026-09-10T10:32:00,1.1,1.1,1.1,1.1,160496
2026-09-10T07:33:00.000Z,2026-09-10T10:33:00,1.09,1.09,1.09,1.09,2000
2026-09-10T07:34:00.000Z,2026-09-10T10:34:00,1.1,1.1,1.1,1.1,99799
2026-09-10T07:35:00.000Z,2026-09-10T10:35:00,1.11,1.11,1.1,1.1,293446
2026-09-10T07:39:00.000Z,2026-09-10T10:39:00,1.1,1.1,1.1,1.1,1812249
2026-09-10T07:40:00.000Z,2026-09-10T10:40:00,1.1,1.1,1.09,1.09,10009
2026-09-10T07:41:00.000Z,2026-09-10T10:41:00,1.1,1.1,1.1,1.1,322653
2026-09-10T07:45:00.000Z,2026-09-10T10:45:00,1.1,1.1,1.09,1.1,71250
2026-09-10T07:46:00.000Z,2026-09-10T10:46:00,1.09,1.09,1.09,1.09,50000
2026-09-10T07:47:00.000Z,2026-09-10T10:47:00,1.1,1.1,1.1,1.1,2921
2026-09-10T07:48:00.000Z,2026-09-10T10:48:00,1.1,1.1,1.1,1.1,1818
2026-09-10T07:49:00.000Z,2026-09-10T10:49:00,1.09,1.09,1.09,1.09,1022000
2026-09-10T07:51:00.000Z,2026-09-10T10:51:00,1.09,1.1,1.09,1.1,2272
2026-09-10T07:52:00.000Z,2026-09-10T10:52:00,1.1,1.1,1.09,1.1,47868
2026-09-10T07:53:00.000Z,2026-09-10T10:53:00,1.09,1.09,1.09,1.09,800
2026-09-10T07:54:00.000Z,2026-09-10T10:54:00,1.09,1.09,1.09,1.09,1058064
2026-09-10T07:55:00.000Z,2026-09-10T10:55:00,1.09,1.09,1.09,1.09,716220
2026-09-10T07:56:00.000Z,2026-09-10T10:56:00,1.09,1.09,1.09,1.09,130000
2026-09-10T07:57:00.000Z,2026-09-10T10:57:00,1.09,1.09,1.09,1.09,142300
2026-09-10T08:00:00.000Z,2026-09-10T11:00:00,1.09,1.09,1.09,1.09,684224
2026-09-10T08:01:00.000Z,2026-09-10T11:01:00,1.09,1.09,1.09,1.09,4351
2026-09-10T08:02:00.000Z,2026-09-10T11:02:00,1.09,1.1,1.09,1.1,330362
2026-09-10T08:03:00.000Z,2026-09-10T11:03:00,1.09,1.09,1.09,1.09,196472
2026-09-10T08:04:00.000Z,2026-09-10T11:04:00,1.09,1.09,1.09,1.09,36447
2026-09-10T08:05:00.000Z,2026-09-10T11:05:00,1.09,1.09,1.09,1.09,5242
2026-09-10T08:06:00.000Z,2026-09-10T11:06:00,1.09,1.09,1.09,1.09,520147
2026-09-10T08:07:00.000Z,2026-09-10T11:07:00,1.09,1.09,1.09,1.09,116422
2026-09-10T08:08:00.000Z,2026-09-10T11:08:00,1.09,1.09,1.08,1.09,305129
2026-09-10T08:09:00.000Z,2026-09-10T11:09:00,1.09,1.09,1.09,1.09,50000
2026-09-10T08:10:00.000Z,2026-09-10T11:10:00,1.09,1.09,1.09,1.09,70942
2026-09-10T08:12:00.000Z,2026-09-10T11:12:00,1.09,1.09,1.09,1.09,15850
2026-09-10T08:13:00.000Z,2026-09-10T11:13:00,1.08,1.09,1.08,1.09,10119
2026-09-10T08:14:00.000Z,2026-09-10T11:14:00,1.09,1.09,1.09,1.09,1403
2026-09-10T08:15:00.000Z,2026-09-10T11:15:00,1.08,1.09,1.08,1.08,170390
2026-09-10T08:17:00.000Z,2026-09-10T11:17:00,1.08,1.08,1.08,1.08,1469
2026-09-10T08:18:00.000Z,2026-09-10T11:18:00,1.09,1.09,1.09,1.09,10400
2026-09-10T08:19:00.000Z,2026-09-10T11:19:00,1.08,1.09,1.08,1.08,903588
2026-09-10T08:20:00.000Z,2026-09-10T11:20:00,1.08,1.09,1.08,1.09,117018
2026-09-10T08:21:00.000Z,2026-09-10T11:21:00,1.09,1.09,1.09,1.09,34834
2026-09-10T08:22:00.000Z,2026-09-10T11:22:00,1.08,1.08,1.08,1.08,3679
2026-09-10T08:23:00.000Z,2026-09-10T11:23:00,1.09,1.09,1.09,1.09,1317
2026-09-10T08:24:00.000Z,2026-09-10T11:24:00,1.09,1.09,1.09,1.09,4587
2026-09-10T08:25:00.000Z,2026-09-10T11:25:00,1.08,1.09,1.08,1.09,1143
2026-09-10T08:27:00.000Z,2026-09-10T11:27:00,1.09,1.09,1.09,1.09,27350
2026-09-10T08:29:00.000Z,2026-09-10T11:29:00,1.09,1.09,1.09,1.09,10000
2026-09-10T08:30:00.000Z,2026-09-10T11:30:00,1.09,1.09,1.08,1.08,22261
2026-09-10T08:31:00.000Z,2026-09-10T11:31:00,1.09,1.09,1.09,1.09,2175
2026-09-10T08:34:00.000Z,2026-09-10T11:34:00,1.09,1.09,1.08,1.08,21310
2026-09-10T08:35:00.000Z,2026-09-10T11:35:00,1.08,1.08,1.08,1.08,1
2026-09-10T08:36:00.000Z,2026-09-10T11:36:00,1.08,1.09,1.08,1.08,554302
2026-09-10T08:37:00.000Z,2026-09-10T11:37:00,1.08,1.09,1.08,1.09,6322
2026-09-10T08:38:00.000Z,2026-09-10T11:38:00,1.08,1.08,1.08,1.08,80
2026-09-10T08:40:00.000Z,2026-09-10T11:40:00,1.08,1.08,1.08,1.08,458
2026-09-10T08:42:00.000Z,2026-09-10T11:42:00,1.08,1.08,1.08,1.08,3703
2026-09-10T08:43:00.000Z,2026-09-10T11:43:00,1.08,1.09,1.08,1.08,101785
2026-09-10T08:45:00.000Z,2026-09-10T11:45:00,1.08,1.09,1.08,1.09,262791
2026-09-10T08:46:00.000Z,2026-09-10T11:46:00,1.08,1.09,1.08,1.09,9311
2026-09-10T08:47:00.000Z,2026-09-10T11:47:00,1.08,1.08,1.08,1.08,27027
2026-09-10T08:49:00.000Z,2026-09-10T11:49:00,1.09,1.09,1.08,1.08,33418
2026-09-10T08:50:00.000Z,2026-09-10T11:50:00,1.09,1.09,1.09,1.09,918
2026-09-10T08:51:00.000Z,2026-09-10T11:51:00,1.08,1.08,1.08,1.08,1248500
2026-09-10T08:52:00.000Z,2026-09-10T11:52:00,1.09,1.09,1.08,1.08,1953737
2026-09-10T08:53:00.000Z,2026-09-10T11:53:00,1.08,1.08,1.07,1.08,62059
2026-09-10T08:54:00.000Z,2026-09-10T11:54:00,1.08,1.08,1.07,1.07,30428
2026-09-10T08:55:00.000Z,2026-09-10T11:55:00,1.08,1.08,1.07,1.08,245310
2026-09-10T08:56:00.000Z,2026-09-10T11:56:00,1.08,1.08,1.08,1.08,900
2026-09-10T08:57:00.000Z,2026-09-10T11:57:00,1.08,1.08,1.08,1.08,942291
2026-09-10T08:58:00.000Z,2026-09-10T11:58:00,1.08,1.08,1.08,1.08,9590
2026-09-10T08:59:00.000Z,2026-09-10T11:59:00,1.08,1.09,1.08,1.09,11374
2026-09-10T09:02:00.000Z,2026-09-10T12:02:00,1.08,1.08,1.08,1.08,5300
2026-09-10T09:04:00.000Z,2026-09-10T12:04:00,1.09,1.09,1.08,1.09,85519
2026-09-10T09:05:00.000Z,2026-09-10T12:05:00,1.09,1.09,1.09,1.09,1812
2026-09-10T09:06:00.000Z,2026-09-10T12:06:00,1.09,1.09,1.08,1.08,17332
2026-09-10T09:07:00.000Z,2026-09-10T12:07:00,1.08,1.08,1.08,1.08,10779
2026-09-10T09:10:00.000Z,2026-09-10T12:10:00,1.08,1.09,1.08,1.09,105446
2026-09-10T09:11:00.000Z,2026-09-10T12:11:00,1.09,1.09,1.09,1.09,51750
2026-09-10T09:12:00.000Z,2026-09-10T12:12:00,1.08,1.09,1.08,1.09,11861
2026-09-10T09:13:00.000Z,2026-09-10T12:13:00,1.09,1.09,1.09,1.09,4668
2026-09-10T09:14:00.000Z,2026-09-10T12:14:00,1.08,1.08,1.08,1.08,23655
2026-09-10T09:15:00.000Z,2026-09-10T12:15:00,1.09,1.09,1.08,1.08,48482
2026-09-10T09:16:00.000Z,2026-09-10T12:16:00,1.08,1.09,1.08,1.08,1251268
2026-09-10T09:17:00.000Z,2026-09-10T12:17:00,1.08,1.08,1.08,1.08,5772
2026-09-10T09:18:00.000Z,2026-09-10T12:18:00,1.07,1.08,1.07,1.07,107695
2026-09-10T09:19:00.000Z,2026-09-10T12:19:00,1.08,1.08,1.08,1.08,84373
2026-09-10T09:20:00.000Z,2026-09-10T12:20:00,1.08,1.08,1.08,1.08,3669
2026-09-10T09:21:00.000Z,2026-09-10T12:21:00,1.08,1.08,1.08,1.08,5018
2026-09-10T09:22:00.000Z,2026-09-10T12:22:00,1.08,1.08,1.08,1.08,222
2026-09-10T09:23:00.000Z,2026-09-10T12:23:00,1.08,1.08,1.08,1.08,139502
2026-09-10T09:24:00.000Z,2026-09-10T12:24:00,1.08,1.08,1.08,1.08,90
2026-09-10T09:25:00.000Z,2026-09-10T12:25:00,1.07,1.07,1.07,1.07,2777
2026-09-10T09:26:00.000Z,2026-09-10T12:26:00,1.07,1.08,1.07,1.08,42221
2026-09-10T09:27:00.000Z,2026-09-10T12:27:00,1.08,1.08,1.08,1.08,3925
2026-09-10T09:28:00.000Z,2026-09-10T12:28:00,1.07,1.07,1.07,1.07,199
2026-09-10T09:29:00.000Z,2026-09-10T12:29:00,1.08,1.08,1.08,1.08,444701
2026-09-10T09:30:00.000Z,2026-09-10T12:30:00,1.07,1.08,1.07,1.07,202500
2026-09-10T09:31:00.000Z,2026-09-10T12:31:00,1.08,1.09,1.08,1.09,44010
2026-09-10T09:32:00.000Z,2026-09-10T12:32:00,1.08,1.08,1.08,1.08,66237
2026-09-10T09:33:00.000Z,2026-09-10T12:33:00,1.08,1.08,1.07,1.08,20182
2026-09-10T09:34:00.000Z,2026-09-10T12:34:00,1.08,1.08,1.08,1.08,6439
2026-09-10T09:35:00.000Z,2026-09-10T12:35:00,1.08,1.08,1.08,1.08,255159
2026-09-10T09:36:00.000Z,2026-09-10T12:36:00,1.08,1.08,1.08,1.08,20000
2026-09-10T09:37:00.000Z,2026-09-10T12:37:00,1.08,1.08,1.08,1.08,5000
2026-09-10T09:38:00.000Z,2026-09-10T12:38:00,1.08,1.08,1.08,1.08,204629
2026-09-10T09:39:00.000Z,2026-09-10T12:39:00,1.08,1.08,1.07,1.08,29759
2026-09-10T09:40:00.000Z,2026-09-10T12:40:00,1.08,1.08,1.08,1.08,30000
2026-09-10T09:41:00.000Z,2026-09-10T12:41:00,1.07,1.08,1.07,1.08,5000
2026-09-10T09:42:00.000Z,2026-09-10T12:42:00,1.08,1.08,1.08,1.08,78718
2026-09-10T09:43:00.000Z,2026-09-10T12:43:00,1.08,1.08,1.07,1.07,5542
2026-09-10T09:44:00.000Z,2026-09-10T12:44:00,1.08,1.08,1.08,1.08,45000
2026-09-10T09:45:00.000Z,2026-09-10T12:45:00,1.08,1.08,1.08,1.08,20648
2026-09-10T09:47:00.000Z,2026-09-10T12:47:00,1.07,1.07,1.07,1.07,278297
2026-09-10T09:48:00.000Z,2026-09-10T12:48:00,1.08,1.08,1.08,1.08,1519
2026-09-10T09:49:00.000Z,2026-09-10T12:49:00,1.08,1.08,1.07,1.07,20500
2026-09-10T09:50:00.000Z,2026-09-10T12:50:00,1.08,1.08,1.07,1.08,368199
2026-09-10T09:51:00.000Z,2026-09-10T12:51:00,1.08,1.08,1.08,1.08,500640
2026-09-10T09:52:00.000Z,2026-09-10T12:52:00,1.08,1.08,1.08,1.08,500000
2026-09-10T09:53:00.000Z,2026-09-10T12:53:00,1.08,1.08,1.08,1.08,122480
2026-09-10T09:55:00.000Z,2026-09-10T12:55:00,1.07,1.08,1.07,1.08,2000500
2026-09-10T09:56:00.000Z,2026-09-10T12:56:00,1.08,1.08,1.08,1.08,20000
2026-09-10T09:58:00.000Z,2026-09-10T12:58:00,1.07,1.07,1.07,1.07,50
2026-09-10T09:59:00.000Z,2026-09-10T12:59:00,1.07,1.08,1.07,1.08,151934
2026-09-10T10:01:00.000Z,2026-09-10T13:01:00,1.07,1.07,1.07,1.07,10189
2026-09-10T10:02:00.000Z,2026-09-10T13:02:00,1.08,1.08,1.08,1.08,200
2026-09-10T10:03:00.000Z,2026-09-10T13:03:00,1.08,1.08,1.08,1.08,254
2026-09-10T10:04:00.000Z,2026-09-10T13:04:00,1.08,1.08,1.07,1.07,81660
2026-09-10T10:05:00.000Z,2026-09-10T13:05:00,1.07,1.07,1.07,1.07,315
2026-09-10T10:06:00.000Z,2026-09-10T13:06:00,1.08,1.08,1.07,1.07,26295
2026-09-10T10:07:00.000Z,2026-09-10T13:07:00,1.07,1.07,1.07,1.07,500
2026-09-10T10:08:00.000Z,2026-09-10T13:08:00,1.07,1.07,1.07,1.07,170000
2026-09-10T10:09:00.000Z,2026-09-10T13:09:00,1.08,1.08,1.07,1.08,68306
2026-09-10T10:10:00.000Z,2026-09-10T13:10:00,1.07,1.08,1.07,1.08,16759
2026-09-10T10:11:00.000Z,2026-09-10T13:11:00,1.07,1.07,1.07,1.07,46766
2026-09-10T10:12:00.000Z,2026-09-10T13:12:00,1.08,1.08,1.08,1.08,23057
2026-09-10T10:13:00.000Z,2026-09-10T13:13:00,1.07,1.07,1.07,1.07,370
2026-09-10T10:14:00.000Z,2026-09-10T13:14:00,1.08,1.08,1.07,1.08,20977
2026-09-10T10:16:00.000Z,2026-09-10T13:16:00,1.08,1.08,1.07,1.07,1440
2026-09-10T10:17:00.000Z,2026-09-10T13:17:00,1.07,1.07,1.07,1.07,19905
2026-09-10T10:18:00.000Z,2026-09-10T13:18:00,1.08,1.08,1.08,1.08,2076
2026-09-10T10:19:00.000Z,2026-09-10T13:19:00,1.08,1.08,1.08,1.08,4579
2026-09-10T10:20:00.000Z,2026-09-10T13:20:00,1.07,1.08,1.07,1.07,43010
2026-09-10T10:21:00.000Z,2026-09-10T13:21:00,1.07,1.08,1.07,1.08,596538
2026-09-10T10:22:00.000Z,2026-09-10T13:22:00,1.08,1.08,1.07,1.07,133949
2026-09-10T10:23:00.000Z,2026-09-10T13:23:00,1.08,1.08,1.08,1.08,22400
2026-09-10T10:25:00.000Z,2026-09-10T13:25:00,1.08,1.08,1.08,1.08,42
2026-09-10T10:26:00.000Z,2026-09-10T13:26:00,1.08,1.08,1.07,1.07,20934
2026-09-10T10:27:00.000Z,2026-09-10T13:27:00,1.07,1.07,1.07,1.07,1050
2026-09-10T10:28:00.000Z,2026-09-10T13:28:00,1.07,1.07,1.07,1.07,2000
2026-09-10T10:29:00.000Z,2026-09-10T13:29:00,1.07,1.07,1.07,1.07,40000
2026-09-10T10:30:00.000Z,2026-09-10T13:30:00,1.07,1.07,1.07,1.07,2090
2026-09-10T10:31:00.000Z,2026-09-10T13:31:00,1.08,1.08,1.08,1.08,6484
2026-09-10T10:32:00.000Z,2026-09-10T13:32:00,1.08,1.08,1.07,1.07,1019383
2026-09-10T10:34:00.000Z,2026-09-10T13:34:00,1.07,1.07,1.07,1.07,100
2026-09-10T10:35:00.000Z,2026-09-10T13:35:00,1.08,1.08,1.08,1.08,25
2026-09-10T10:36:00.000Z,2026-09-10T13:36:00,1.08,1.09,1.07,1.08,292791
2026-09-10T10:37:00.000Z,2026-09-10T13:37:00,1.08,1.08,1.08,1.08,2997
2026-09-10T10:39:00.000Z,2026-09-10T13:39:00,1.08,1.09,1.08,1.09,17586
2026-09-10T10:40:00.000Z,2026-09-10T13:40:00,1.08,1.09,1.08,1.09,4818
2026-09-10T10:41:00.000Z,2026-09-10T13:41:00,1.09,1.09,1.08,1.08,10004
2026-09-10T10:42:00.000Z,2026-09-10T13:42:00,1.08,1.09,1.08,1.09,11591
2026-09-10T10:45:00.000Z,2026-09-10T13:45:00,1.08,1.08,1.08,1.08,9174
2026-09-10T10:46:00.000Z,2026-09-10T13:46:00,1.08,1.08,1.06,1.06,5591370
2026-09-10T10:47:00.000Z,2026-09-10T13:47:00,1.06,1.06,1.06,1.06,3000
2026-09-10T10:48:00.000Z,2026-09-10T13:48:00,1.08,1.08,1.06,1.08,50885
2026-09-10T10:49:00.000Z,2026-09-10T13:49:00,1.07,1.07,1.07,1.07,1
2026-09-10T10:50:00.000Z,2026-09-10T13:50:00,1.08,1.09,1.07,1.09,979504
2026-09-10T10:51:00.000Z,2026-09-10T13:51:00,1.08,1.08,1.08,1.08,13000
2026-09-10T10:52:00.000Z,2026-09-10T13:52:00,1.08,1.08,1.08,1.08,50300
2026-09-10T10:53:00.000Z,2026-09-10T13:53:00,1.09,1.09,1.09,1.09,200
2026-09-10T10:54:00.000Z,2026-09-10T13:54:00,1.09,1.09,1.08,1.08,457759
2026-09-10T10:55:00.000Z,2026-09-10T13:55:00,1.08,1.08,1.08,1.08,460000
2026-09-10T10:56:00.000Z,2026-09-10T13:56:00,1.07,1.08,1.07,1.08,66300
2026-09-10T10:57:00.000Z,2026-09-10T13:57:00,1.08,1.08,1.08,1.08,1900
2026-09-10T10:58:00.000Z,2026-09-10T13:58:00,1.08,1.08,1.07,1.07,11173
2026-09-10T10:59:00.000Z,2026-09-10T13:59:00,1.08,1.08,1.08,1.08,779
2026-09-10T11:00:00.000Z,2026-09-10T14:00:00,1.08,1.08,1.08,1.08,14461
2026-09-10T11:01:00.000Z,2026-09-10T14:01:00,1.07,1.08,1.07,1.07,101911
2026-09-10T11:02:00.000Z,2026-09-10T14:02:00,1.07,1.08,1.07,1.08,15261
2026-09-10T11:03:00.000Z,2026-09-10T14:03:00,1.07,1.08,1.07,1.07,1108311
2026-09-10T11:05:00.000Z,2026-09-10T14:05:00,1.08,1.08,1.08,1.08,20000
2026-09-10T11:06:00.000Z,2026-09-10T14:06:00,1.08,1.09,1.08,1.09,884447
2026-09-10T11:07:00.000Z,2026-09-10T14:07:00,1.08,1.08,1.08,1.08,729
2026-09-10T11:08:00.000Z,2026-09-10T14:08:00,1.08,1.08,1.08,1.08,15958
2026-09-10T11:09:00.000Z,2026-09-10T14:09:00,1.09,1.09,1.08,1.08,135536
2026-09-10T11:10:00.000Z,2026-09-10T14:10:00,1.08,1.08,1.08,1.08,83971
2026-09-10T11:11:00.000Z,2026-09-10T14:11:00,1.07,1.08,1.07,1.08,103312
2026-09-10T11:12:00.000Z,2026-09-10T14:12:00,1.07,1.08,1.07,1.08,4471581
2026-09-10T11:13:00.000Z,2026-09-10T14:13:00,1.08,1.08,1.08,1.08,45199
2026-09-10T11:14:00.000Z,2026-09-10T14:14:00,1.07,1.08,1.07,1.08,1125287
2026-09-10T11:25:00.000Z,2026-09-10T14:25:00,1.07,1.07,1.07,1.07,2255328
2026-09-10T11:27:00.000Z,2026-09-10T14:27:00,1.07,1.07,1.07,1.07,13067
2026-09-13T07:00:00.000Z,2026-09-13T10:00:00,1.08,1.09,1.08,1.08,259743
2026-09-13T07:01:00.000Z,2026-09-13T10:01:00,1.08,1.09,1.08,1.08,42862
2026-09-13T07:02:00.000Z,2026-09-13T10:02:00,1.07,1.08,1.07,1.07,1108738
2026-09-13T07:03:00.000Z,2026-09-13T10:03:00,1.08,1.08,1.07,1.08,132447
2026-09-13T07:04:00.000Z,2026-09-13T10:04:00,1.09,1.09,1.09,1.09,321
2026-09-13T07:05:00.000Z,2026-09-13T10:05:00,1.09,1.09,1.09,1.09,41990
2026-09-13T07:06:00.000Z,2026-09-13T10:06:00,1.08,1.09,1.08,1.09,279889
2026-09-13T07:07:00.000Z,2026-09-13T10:07:00,1.08,1.09,1.08,1.09,209
2026-09-13T07:08:00.000Z,2026-09-13T10:08:00,1.08,1.09,1.08,1.09,110000
2026-09-13T07:09:00.000Z,2026-09-13T10:09:00,1.09,1.09,1.09,1.09,86552
2026-09-13T07:10:00.000Z,2026-09-13T10:10:00,1.08,1.08,1.08,1.08,100149
2026-09-13T07:11:00.000Z,2026-09-13T10:11:00,1.09,1.09,1.09,1.09,1373
2026-09-13T07:12:00.000Z,2026-09-13T10:12:00,1.09,1.09,1.08,1.08,206726
2026-09-13T07:13:00.000Z,2026-09-13T10:13:00,1.09,1.09,1.09,1.09,4064
2026-09-13T07:14:00.000Z,2026-09-13T10:14:00,1.08,1.09,1.08,1.08,60272
2026-09-13T07:15:00.000Z,2026-09-13T10:15:00,1.09,1.09,1.09,1.09,35763
2026-09-13T07:16:00.000Z,2026-09-13T10:16:00,1.09,1.09,1.09,1.09,2400
2026-09-13T07:17:00.000Z,2026-09-13T10:17:00,1.09,1.09,1.09,1.09,21000
2026-09-13T07:18:00.000Z,2026-09-13T10:18:00,1.09,1.09,1.09,1.09,50969
2026-09-13T07:19:00.000Z,2026-09-13T10:19:00,1.08,1.08,1.08,1.08,3553
2026-09-13T07:20:00.000Z,2026-09-13T10:20:00,1.08,1.08,1.08,1.08,118362
2026-09-13T07:21:00.000Z,2026-09-13T10:21:00,1.09,1.09,1.09,1.09,3332
2026-09-13T07:22:00.000Z,2026-09-13T10:22:00,1.08,1.08,1.08,1.08,33
2026-09-13T07:23:00.000Z,2026-09-13T10:23:00,1.08,1.08,1.08,1.08,105000
2026-09-13T07:25:00.000Z,2026-09-13T10:25:00,1.09,1.09,1.09,1.09,100000
2026-09-13T07:26:00.000Z,2026-09-13T10:26:00,1.08,1.08,1.08,1.08,700
2026-09-13T07:28:00.000Z,2026-09-13T10:28:00,1.08,1.08,1.08,1.08,2200
2026-09-13T07:29:00.000Z,2026-09-13T10:29:00,1.09,1.09,1.09,1.09,30000
2026-09-13T07:30:00.000Z,2026-09-13T10:30:00,1.09,1.09,1.09,1.09,50000
2026-09-13T07:32:00.000Z,2026-09-13T10:32:00,1.09,1.09,1.09,1.09,1982373
2026-09-13T07:33:00.000Z,2026-09-13T10:33:00,1.09,1.09,1.08,1.09,119010
2026-09-13T07:34:00.000Z,2026-09-13T10:34:00,1.09,1.09,1.08,1.09,4201
2026-09-13T07:35:00.000Z,2026-09-13T10:35:00,1.08,1.09,1.08,1.09,156871
2026-09-13T07:36:00.000Z,2026-09-13T10:36:00,1.09,1.09,1.09,1.09,82662
2026-09-13T07:37:00.000Z,2026-09-13T10:37:00,1.09,1.09,1.09,1.09,50000
2026-09-13T07:38:00.000Z,2026-09-13T10:38:00,1.1,1.11,1.1,1.1,2494853
2026-09-13T07:39:00.000Z,2026-09-13T10:39:00,1.11,1.11,1.1,1.1,112531
2026-09-13T07:40:00.000Z,2026-09-13T10:40:00,1.1,1.11,1.1,1.1,182614
2026-09-13T07:41:00.000Z,2026-09-13T10:41:00,1.11,1.11,1.11,1.11,106950
2026-09-13T07:42:00.000Z,2026-09-13T10:42:00,1.11,1.11,1.1,1.11,3293097
2026-09-13T07:43:00.000Z,2026-09-13T10:43:00,1.11,1.12,1.11,1.12,585413
2026-09-13T07:44:00.000Z,2026-09-13T10:44:00,1.12,1.12,1.11,1.11,139575
2026-09-13T07:45:00.000Z,2026-09-13T10:45:00,1.11,1.11,1.1,1.11,619515
2026-09-13T07:46:00.000Z,2026-09-13T10:46:00,1.11,1.11,1.1,1.1,23173
2026-09-13T07:47:00.000Z,2026-09-13T10:47:00,1.1,1.11,1.1,1.11,6952
2026-09-13T07:48:00.000Z,2026-09-13T10:48:00,1.11,1.11,1.1,1.11,14539
2026-09-13T07:49:00.000Z,2026-09-13T10:49:00,1.1,1.1,1.09,1.09,2545021
2026-09-13T07:50:00.000Z,2026-09-13T10:50:00,1.1,1.1,1.1,1.1,22926
2026-09-13T07:51:00.000Z,2026-09-13T10:51:00,1.1,1.11,1.1,1.11,674258
2026-09-13T07:52:00.000Z,2026-09-13T10:52:00,1.11,1.11,1.1,1.1,75000
2026-09-13T07:53:00.000Z,2026-09-13T10:53:00,1.11,1.11,1.1,1.1,19363
2026-09-13T07:54:00.000Z,2026-09-13T10:54:00,1.1,1.1,1.1,1.1,13371
2026-09-13T07:55:00.000Z,2026-09-13T10:55:00,1.11,1.11,1.1,1.1,41300
2026-09-13T07:57:00.000Z,2026-09-13T10:57:00,1.11,1.11,1.11,1.11,1261
2026-09-13T07:58:00.000Z,2026-09-13T10:58:00,1.1,1.11,1.1,1.11,16598
2026-09-13T07:59:00.000Z,2026-09-13T10:59:00,1.1,1.11,1.1,1.11,100018
2026-09-13T08:00:00.000Z,2026-09-13T11:00:00,1.1,1.1,1.09,1.09,912446
2026-09-13T08:01:00.000Z,2026-09-13T11:01:00,1.1,1.1,1.1,1.1,2709885
2026-09-13T08:03:00.000Z,2026-09-13T11:03:00,1.11,1.11,1.11,1.11,1665
2026-09-13T08:04:00.000Z,2026-09-13T11:04:00,1.1,1.11,1.1,1.11,506476
2026-09-13T08:06:00.000Z,2026-09-13T11:06:00,1.1,1.11,1.1,1.1,629290
2026-09-13T08:07:00.000Z,2026-09-13T11:07:00,1.1,1.11,1.1,1.11,51401
2026-09-13T08:08:00.000Z,2026-09-13T11:08:00,1.1,1.1,1.1,1.1,10000
2026-09-13T08:09:00.000Z,2026-09-13T11:09:00,1.11,1.11,1.1,1.1,70067
2026-09-13T08:10:00.000Z,2026-09-13T11:10:00,1.1,1.1,1.1,1.1,1036978
2026-09-13T08:11:00.000Z,2026-09-13T11:11:00,1.1,1.1,1.09,1.1,6192
2026-09-13T08:12:00.000Z,2026-09-13T11:12:00,1.09,1.1,1.09,1.1,4980
2026-09-13T08:13:00.000Z,2026-09-13T11:13:00,1.09,1.09,1.09,1.09,45000
2026-09-13T08:14:00.000Z,2026-09-13T11:14:00,1.09,1.1,1.09,1.09,46435
2026-09-13T08:15:00.000Z,2026-09-13T11:15:00,1.09,1.09,1.09,1.09,9320
2026-09-13T08:17:00.000Z,2026-09-13T11:17:00,1.09,1.09,1.09,1.09,1834
2026-09-13T08:18:00.000Z,2026-09-13T11:18:00,1.1,1.1,1.1,1.1,21084
2026-09-13T08:19:00.000Z,2026-09-13T11:19:00,1.09,1.1,1.09,1.1,3098
2026-09-13T08:20:00.000Z,2026-09-13T11:20:00,1.1,1.1,1.09,1.09,42972
2026-09-13T08:21:00.000Z,2026-09-13T11:21:00,1.1,1.1,1.1,1.1,42106
2026-09-13T08:22:00.000Z,2026-09-13T11:22:00,1.1,1.1,1.09,1.1,7112
2026-09-13T08:24:00.000Z,2026-09-13T11:24:00,1.1,1.1,1.09,1.09,98360
2026-09-13T08:25:00.000Z,2026-09-13T11:25:00,1.1,1.1,1.1,1.1,35264
2026-09-13T08:26:00.000Z,2026-09-13T11:26:00,1.1,1.1,1.09,1.09,2920
2026-09-13T08:27:00.000Z,2026-09-13T11:27:00,1.1,1.1,1.1,1.1,14001
2026-09-13T08:28:00.000Z,2026-09-13T11:28:00,1.1,1.1,1.09,1.1,15593
2026-09-13T08:30:00.000Z,2026-09-13T11:30:00,1.09,1.09,1.09,1.09,16916
2026-09-13T08:31:00.000Z,2026-09-13T11:31:00,1.09,1.09,1.09,1.09,960
2026-09-13T08:32:00.000Z,2026-09-13T11:32:00,1.09,1.09,1.09,1.09,30000
2026-09-13T08:33:00.000Z,2026-09-13T11:33:00,1.09,1.09,1.09,1.09,510001
2026-09-13T08:34:00.000Z,2026-09-13T11:34:00,1.1,1.1,1.1,1.1,500000
2026-09-13T08:35:00.000Z,2026-09-13T11:35:00,1.1,1.1,1.1,1.1,300000
2026-09-13T08:37:00.000Z,2026-09-13T11:37:00,1.09,1.1,1.09,1.1,235520
2026-09-13T08:38:00.000Z,2026-09-13T11:38:00,1.1,1.1,1.1,1.1,2
2026-09-13T08:39:00.000Z,2026-09-13T11:39:00,1.09,1.09,1.09,1.09,8000
2026-09-13T08:41:00.000Z,2026-09-13T11:41:00,1.1,1.1,1.1,1.1,6563
2026-09-13T08:42:00.000Z,2026-09-13T11:42:00,1.1,1.1,1.1,1.1,6
2026-09-13T08:44:00.000Z,2026-09-13T11:44:00,1.1,1.1,1.1,1.1,100000
2026-09-13T08:48:00.000Z,2026-09-13T11:48:00,1.09,1.09,1.09,1.09,2272
2026-09-13T08:50:00.000Z,2026-09-13T11:50:00,1.1,1.1,1.1,1.1,3100
2026-09-13T08:52:00.000Z,2026-09-13T11:52:00,1.09,1.1,1.09,1.1,1605
2026-09-13T08:54:00.000Z,2026-09-13T11:54:00,1.1,1.1,1.1,1.1,1762
2026-09-13T08:55:00.000Z,2026-09-13T11:55:00,1.09,1.1,1.09,1.1,24505
2026-09-13T08:56:00.000Z,2026-09-13T11:56:00,1.1,1.1,1.09,1.09,50229
2026-09-13T08:57:00.000Z,2026-09-13T11:57:00,1.09,1.09,1.09,1.09,355
2026-09-13T08:58:00.000Z,2026-09-13T11:58:00,1.09,1.09,1.09,1.09,183486
2026-09-13T09:00:00.000Z,2026-09-13T12:00:00,1.09,1.1,1.09,1.1,36127
2026-09-13T09:01:00.000Z,2026-09-13T12:01:00,1.1,1.1,1.1,1.1,9090
2026-09-13T09:02:00.000Z,2026-09-13T12:02:00,1.09,1.09,1.09,1.09,40749
2026-09-13T09:03:00.000Z,2026-09-13T12:03:00,1.09,1.09,1.09,1.09,120951
2026-09-13T09:05:00.000Z,2026-09-13T12:05:00,1.1,1.1,1.09,1.09,9180
2026-09-13T09:06:00.000Z,2026-09-13T12:06:00,1.09,1.09,1.09,1.09,20183
2026-09-13T09:07:00.000Z,2026-09-13T12:07:00,1.1,1.1,1.1,1.1,1000
2026-09-13T09:08:00.000Z,2026-09-13T12:08:00,1.09,1.09,1.09,1.09,450
2026-09-13T09:09:00.000Z,2026-09-13T12:09:00,1.09,1.09,1.09,1.09,101010
2026-09-13T09:11:00.000Z,2026-09-13T12:11:00,1.1,1.1,1.1,1.1,1184
2026-09-13T09:12:00.000Z,2026-09-13T12:12:00,1.09,1.1,1.09,1.09,13230
2026-09-13T09:13:00.000Z,2026-09-13T12:13:00,1.09,1.09,1.09,1.09,2716
2026-09-13T09:14:00.000Z,2026-09-13T12:14:00,1.09,1.1,1.09,1.1,557
2026-09-13T09:16:00.000Z,2026-09-13T12:16:00,1.09,1.09,1.09,1.09,105145
2026-09-13T09:17:00.000Z,2026-09-13T12:17:00,1.1,1.1,1.1,1.1,127
2026-09-13T09:19:00.000Z,2026-09-13T12:19:00,1.1,1.1,1.1,1.1,800
2026-09-13T09:20:00.000Z,2026-09-13T12:20:00,1.09,1.09,1.09,1.09,175500
2026-09-13T09:21:00.000Z,2026-09-13T12:21:00,1.09,1.09,1.09,1.09,39000
2026-09-13T09:22:00.000Z,2026-09-13T12:22:00,1.09,1.1,1.09,1.09,100049
2026-09-13T09:23:00.000Z,2026-09-13T12:23:00,1.1,1.1,1.1,1.1,145000
2026-09-13T09:24:00.000Z,2026-09-13T12:24:00,1.1,1.1,1.1,1.1,9915
2026-09-13T09:25:00.000Z,2026-09-13T12:25:00,1.1,1.1,1.1,1.1,733
2026-09-13T09:26:00.000Z,2026-09-13T12:26:00,1.09,1.09,1.09,1.09,1000
2026-09-13T09:27:00.000Z,2026-09-13T12:27:00,1.09,1.1,1.09,1.1,2404
2026-09-13T09:28:00.000Z,2026-09-13T12:28:00,1.09,1.09,1.09,1.09,5181
2026-09-13T09:29:00.000Z,2026-09-13T12:29:00,1.1,1.1,1.1,1.1,116910
2026-09-13T09:30:00.000Z,2026-09-13T12:30:00,1.1,1.1,1.1,1.1,2293
2026-09-13T09:32:00.000Z,2026-09-13T12:32:00,1.09,1.09,1.09,1.09,379
2026-09-13T09:33:00.000Z,2026-09-13T12:33:00,1.09,1.09,1.09,1.09,275710
2026-09-13T09:34:00.000Z,2026-09-13T12:34:00,1.09,1.09,1.09,1.09,1000
2026-09-13T09:37:00.000Z,2026-09-13T12:37:00,1.1,1.1,1.1,1.1,39
2026-09-13T09:41:00.000Z,2026-09-13T12:41:00,1.1,1.1,1.1,1.1,3584
2026-09-13T09:43:00.000Z,2026-09-13T12:43:00,1.1,1.1,1.1,1.1,300250
2026-09-13T09:44:00.000Z,2026-09-13T12:44:00,1.09,1.09,1.09,1.09,4671
2026-09-13T09:45:00.000Z,2026-09-13T12:45:00,1.09,1.09,1.09,1.09,29671
2026-09-13T09:46:00.000Z,2026-09-13T12:46:00,1.09,1.09,1.09,1.09,4671
2026-09-13T09:47:00.000Z,2026-09-13T12:47:00,1.09,1.1,1.09,1.09,10252
2026-09-13T09:48:00.000Z,2026-09-13T12:48:00,1.09,1.09,1.09,1.09,4670
2026-09-13T09:49:00.000Z,2026-09-13T12:49:00,1.1,1.1,1.09,1.09,8425
2026-09-13T09:50:00.000Z,2026-09-13T12:50:00,1.09,1.09,1.09,1.09,4670
2026-09-13T09:51:00.000Z,2026-09-13T12:51:00,1.09,1.09,1.09,1.09,4670
2026-09-13T09:52:00.000Z,2026-09-13T12:52:00,1.09,1.09,1.09,1.09,17344
2026-09-13T09:53:00.000Z,2026-09-13T12:53:00,1.09,1.09,1.09,1.09,4670
2026-09-13T09:54:00.000Z,2026-09-13T12:54:00,1.09,1.09,1.09,1.09,4670
2026-09-13T09:55:00.000Z,2026-09-13T12:55:00,1.09,1.09,1.09,1.09,7670
2026-09-13T09:56:00.000Z,2026-09-13T12:56:00,1.09,1.09,1.09,1.09,4670
2026-09-13T09:57:00.000Z,2026-09-13T12:57:00,1.1,1.1,1.09,1.09,80860
2026-09-13T09:58:00.000Z,2026-09-13T12:58:00,1.09,1.09,1.09,1.09,9340
2026-09-13T09:59:00.000Z,2026-09-13T12:59:00,1.09,1.09,1.09,1.09,4670
2026-09-13T10:00:00.000Z,2026-09-13T13:00:00,1.09,1.09,1.09,1.09,4670
2026-09-13T10:01:00.000Z,2026-09-13T13:01:00,1.1,1.1,1.09,1.09,9257
2026-09-13T10:02:00.000Z,2026-09-13T13:02:00,1.09,1.09,1.09,1.09,4670
2026-09-13T10:03:00.000Z,2026-09-13T13:03:00,1.09,1.09,1.09,1.09,4670
2026-09-13T10:04:00.000Z,2026-09-13T13:04:00,1.09,1.09,1.09,1.09,9340
2026-09-13T10:05:00.000Z,2026-09-13T13:05:00,1.09,1.09,1.09,1.09,4870
2026-09-13T10:06:00.000Z,2026-09-13T13:06:00,1.09,1.09,1.09,1.09,7670
2026-09-13T10:07:00.000Z,2026-09-13T13:07:00,1.1,1.1,1.09,1.09,10312
2026-09-13T10:08:00.000Z,2026-09-13T13:08:00,1.09,1.09,1.09,1.09,4825
2026-09-13T10:09:00.000Z,2026-09-13T13:09:00,1.09,1.09,1.09,1.09,84413
2026-09-13T10:10:00.000Z,2026-09-13T13:10:00,1.09,1.09,1.09,1.09,20000
2026-09-13T10:11:00.000Z,2026-09-13T13:11:00,1.09,1.09,1.09,1.09,1000
2026-09-13T10:13:00.000Z,2026-09-13T13:13:00,1.09,1.09,1.09,1.09,25000
2026-09-13T10:14:00.000Z,2026-09-13T13:14:00,1.09,1.09,1.09,1.09,30000
2026-09-13T10:15:00.000Z,2026-09-13T13:15:00,1.09,1.1,1.09,1.1,1000002
2026-09-13T10:17:00.000Z,2026-09-13T13:17:00,1.1,1.1,1.09,1.09,14727
2026-09-13T10:21:00.000Z,2026-09-13T13:21:00,1.1,1.1,1.1,1.1,29
2026-09-13T10:22:00.000Z,2026-09-13T13:22:00,1.09,1.09,1.09,1.09,200000
2026-09-13T10:23:00.000Z,2026-09-13T13:23:00,1.09,1.09,1.09,1.09,40337
2026-09-13T10:26:00.000Z,2026-09-13T13:26:00,1.09,1.09,1.09,1.09,1000
2026-09-13T10:27:00.000Z,2026-09-13T13:27:00,1.1,1.1,1.1,1.1,400
2026-09-13T10:28:00.000Z,2026-09-13T13:28:00,1.09,1.09,1.09,1.09,7000
2026-09-13T10:29:00.000Z,2026-09-13T13:29:00,1.09,1.09,1.09,1.09,2500
2026-09-13T10:30:00.000Z,2026-09-13T13:30:00,1.09,1.09,1.09,1.09,11559
2026-09-13T10:31:00.000Z,2026-09-13T13:31:00,1.09,1.09,1.09,1.09,33943
2026-09-13T10:34:00.000Z,2026-09-13T13:34:00,1.1,1.1,1.1,1.1,137934
2026-09-13T10:35:00.000Z,2026-09-13T13:35:00,1.09,1.09,1.09,1.09,63943
2026-09-13T10:37:00.000Z,2026-09-13T13:37:00,1.09,1.09,1.09,1.09,20000
2026-09-13T10:38:00.000Z,2026-09-13T13:38:00,1.09,1.1,1.09,1.1,34795
2026-09-13T10:39:00.000Z,2026-09-13T13:39:00,1.09,1.09,1.09,1.09,23943
2026-09-13T10:41:00.000Z,2026-09-13T13:41:00,1.09,1.09,1.09,1.09,15426
2026-09-13T10:42:00.000Z,2026-09-13T13:42:00,1.09,1.09,1.09,1.09,101803
2026-09-13T10:43:00.000Z,2026-09-13T13:43:00,1.1,1.1,1.09,1.09,1507788
2026-09-13T10:44:00.000Z,2026-09-13T13:44:00,1.09,1.09,1.09,1.09,8285
2026-09-13T10:45:00.000Z,2026-09-13T13:45:00,1.09,1.1,1.08,1.1,300767
2026-09-13T10:46:00.000Z,2026-09-13T13:46:00,1.09,1.09,1.09,1.09,101000
2026-09-13T10:47:00.000Z,2026-09-13T13:47:00,1.1,1.1,1.1,1.1,5000
2026-09-13T10:48:00.000Z,2026-09-13T13:48:00,1.1,1.1,1.09,1.1,32915
2026-09-13T10:49:00.000Z,2026-09-13T13:49:00,1.09,1.09,1.08,1.08,1221852
2026-09-13T10:50:00.000Z,2026-09-13T13:50:00,1.08,1.08,1.08,1.08,4719
2026-09-13T10:52:00.000Z,2026-09-13T13:52:00,1.08,1.08,1.08,1.08,555
2026-09-13T10:53:00.000Z,2026-09-13T13:53:00,1.08,1.08,1.08,1.08,20915
2026-09-13T10:54:00.000Z,2026-09-13T13:54:00,1.09,1.09,1.08,1.08,62767
2026-09-13T10:55:00.000Z,2026-09-13T13:55:00,1.08,1.09,1.08,1.09,555555
2026-09-13T10:56:00.000Z,2026-09-13T13:56:00,1.09,1.09,1.08,1.08,11787
2026-09-13T10:57:00.000Z,2026-09-13T13:57:00,1.08,1.08,1.08,1.08,3599
2026-09-13T10:58:00.000Z,2026-09-13T13:58:00,1.08,1.08,1.08,1.08,287
2026-09-13T10:59:00.000Z,2026-09-13T13:59:00,1.08,1.08,1.08,1.08,28177
2026-09-13T11:01:00.000Z,2026-09-13T14:01:00,1.09,1.09,1.08,1.08,71867
2026-09-13T11:04:00.000Z,2026-09-13T14:04:00,1.08,1.08,1.08,1.08,2293
2026-09-13T11:05:00.000Z,2026-09-13T14:05:00,1.08,1.09,1.08,1.09,48174
2026-09-13T11:06:00.000Z,2026-09-13T14:06:00,1.09,1.09,1.09,1.09,3440
2026-09-13T11:07:00.000Z,2026-09-13T14:07:00,1.08,1.09,1.08,1.08,54153
2026-09-13T11:08:00.000Z,2026-09-13T14:08:00,1.09,1.09,1.09,1.09,58000
2026-09-13T11:09:00.000Z,2026-09-13T14:09:00,1.09,1.09,1.09,1.09,8000
2026-09-13T11:10:00.000Z,2026-09-13T14:10:00,1.08,1.09,1.08,1.09,52994
2026-09-13T11:11:00.000Z,2026-09-13T14:11:00,1.08,1.08,1.08,1.08,5000
2026-09-13T11:12:00.000Z,2026-09-13T14:12:00,1.09,1.09,1.08,1.09,734084
2026-09-13T11:13:00.000Z,2026-09-13T14:13:00,1.08,1.08,1.08,1.08,101100
2026-09-13T11:14:00.000Z,2026-09-13T14:14:00,1.09,1.09,1.09,1.09,995
2026-09-13T11:25:00.000Z,2026-09-13T14:25:00,1.09,1.09,1.09,1.09,3277277
2026-09-13T11:26:00.000Z,2026-09-13T14:26:00,1.09,1.09,1.09,1.09,75726
2026-09-13T11:27:00.000Z,2026-09-13T14:27:00,1.09,1.09,1.09,1.09,52971
2026-09-13T11:28:00.000Z,2026-09-13T14:28:00,1.09,1.09,1.09,1.09,83500
2026-09-13T11:29:00.000Z,2026-09-13T14:29:00,1.09,1.09,1.09,1.09,431241
2026-09-14T07:00:00.000Z,2026-09-14T10:00:00,1.09,1.1,1.09,1.1,993685
2026-09-14T07:01:00.000Z,2026-09-14T10:01:00,1.11,1.12,1.11,1.11,2360597
2026-09-14T07:02:00.000Z,2026-09-14T10:02:00,1.11,1.12,1.11,1.11,366887
2026-09-14T07:03:00.000Z,2026-09-14T10:03:00,1.11,1.11,1.11,1.11,1072834
2026-09-14T07:04:00.000Z,2026-09-14T10:04:00,1.11,1.11,1.11,1.11,428449
2026-09-14T07:05:00.000Z,2026-09-14T10:05:00,1.11,1.12,1.11,1.11,929514
2026-09-14T07:06:00.000Z,2026-09-14T10:06:00,1.11,1.12,1.11,1.11,576270
2026-09-14T07:07:00.000Z,2026-09-14T10:07:00,1.11,1.12,1.1,1.1,1661480
2026-09-14T07:08:00.000Z,2026-09-14T10:08:00,1.11,1.11,1.1,1.1,112000
2026-09-14T07:09:00.000Z,2026-09-14T10:09:00,1.1,1.1,1.1,1.1,79445
2026-09-14T07:10:00.000Z,2026-09-14T10:10:00,1.11,1.11,1.11,1.11,10000
2026-09-14T07:11:00.000Z,2026-09-14T10:11:00,1.1,1.11,1.1,1.1,12081
2026-09-14T07:12:00.000Z,2026-09-14T10:12:00,1.1,1.1,1.1,1.1,30000
2026-09-14T07:13:00.000Z,2026-09-14T10:13:00,1.1,1.1,1.1,1.1,28000
2026-09-14T07:14:00.000Z,2026-09-14T10:14:00,1.11,1.11,1.1,1.1,1033425
2026-09-14T07:15:00.000Z,2026-09-14T10:15:00,1.1,1.1,1.1,1.1,1222
2026-09-14T07:16:00.000Z,2026-09-14T10:16:00,1.1,1.1,1.09,1.1,2001960
2026-09-14T07:17:00.000Z,2026-09-14T10:17:00,1.1,1.1,1.1,1.1,914663
2026-09-14T07:18:00.000Z,2026-09-14T10:18:00,1.09,1.1,1.09,1.09,103515
2026-09-14T07:19:00.000Z,2026-09-14T10:19:00,1.1,1.1,1.09,1.09,12084
2026-09-14T07:21:00.000Z,2026-09-14T10:21:00,1.1,1.1,1.1,1.1,2500000
2026-09-14T07:22:00.000Z,2026-09-14T10:22:00,1.1,1.1,1.1,1.1,76967
2026-09-14T07:24:00.000Z,2026-09-14T10:24:00,1.1,1.1,1.1,1.1,13
2026-09-14T07:25:00.000Z,2026-09-14T10:25:00,1.1,1.1,1.1,1.1,1000000
2026-09-14T07:26:00.000Z,2026-09-14T10:26:00,1.1,1.1,1.1,1.1,3636
2026-09-14T07:27:00.000Z,2026-09-14T10:27:00,1.09,1.09,1.09,1.09,4005
2026-09-14T07:28:00.000Z,2026-09-14T10:28:00,1.1,1.1,1.09,1.09,16544
2026-09-14T07:29:00.000Z,2026-09-14T10:29:00,1.1,1.1,1.1,1.1,102962
2026-09-14T07:30:00.000Z,2026-09-14T10:30:00,1.09,1.09,1.09,1.09,10578
2026-09-14T07:31:00.000Z,2026-09-14T10:31:00,1.1,1.1,1.09,1.09,109805
2026-09-14T07:32:00.000Z,2026-09-14T10:32:00,1.09,1.1,1.09,1.1,1000989
2026-09-14T07:33:00.000Z,2026-09-14T10:33:00,1.1,1.1,1.1,1.1,31636
2026-09-14T07:34:00.000Z,2026-09-14T10:34:00,1.1,1.1,1.1,1.1,5000
2026-09-14T07:35:00.000Z,2026-09-14T10:35:00,1.09,1.09,1.09,1.09,1000000
2026-09-14T07:36:00.000Z,2026-09-14T10:36:00,1.09,1.09,1.09,1.09,1560398
2026-09-14T07:37:00.000Z,2026-09-14T10:37:00,1.09,1.09,1.09,1.09,230947
2026-09-14T07:38:00.000Z,2026-09-14T10:38:00,1.09,1.09,1.09,1.09,270000
2026-09-14T07:39:00.000Z,2026-09-14T10:39:00,1.09,1.09,1.09,1.09,255000
2026-09-14T07:40:00.000Z,2026-09-14T10:40:00,1.09,1.09,1.09,1.09,9945
2026-09-14T07:41:00.000Z,2026-09-14T10:41:00,1.09,1.09,1.09,1.09,50
2026-09-14T07:42:00.000Z,2026-09-14T10:42:00,1.09,1.09,1.09,1.09,1093000
2026-09-14T07:43:00.000Z,2026-09-14T10:43:00,1.09,1.09,1.09,1.09,755058
2026-09-14T07:44:00.000Z,2026-09-14T10:44:00,1.09,1.09,1.09,1.09,764438
2026-09-14T07:45:00.000Z,2026-09-14T10:45:00,1.09,1.09,1.08,1.08,1004
2026-09-14T07:46:00.000Z,2026-09-14T10:46:00,1.09,1.09,1.09,1.09,55000
2026-09-14T07:47:00.000Z,2026-09-14T10:47:00,1.09,1.09,1.08,1.09,242010
2026-09-14T07:48:00.000Z,2026-09-14T10:48:00,1.09,1.09,1.09,1.09,20
2026-09-14T07:49:00.000Z,2026-09-14T10:49:00,1.08,1.08,1.08,1.08,20
2026-09-14T07:50:00.000Z,2026-09-14T10:50:00,1.09,1.09,1.08,1.08,17086
2026-09-14T07:52:00.000Z,2026-09-14T10:52:00,1.09,1.09,1.09,1.09,159064
2026-09-14T07:53:00.000Z,2026-09-14T10:53:00,1.09,1.09,1.08,1.09,10526
2026-09-14T07:54:00.000Z,2026-09-14T10:54:00,1.09,1.09,1.09,1.09,1100000
2026-09-14T07:55:00.000Z,2026-09-14T10:55:00,1.09,1.09,1.09,1.09,183288
2026-09-14T07:56:00.000Z,2026-09-14T10:56:00,1.09,1.09,1.09,1.09,92656
2026-09-14T07:58:00.000Z,2026-09-14T10:58:00,1.09,1.1,1.09,1.09,257499
2026-09-14T07:59:00.000Z,2026-09-14T10:59:00,1.09,1.09,1.09,1.09,1555
2026-09-14T08:00:00.000Z,2026-09-14T11:00:00,1.09,1.09,1.09,1.09,15000
2026-09-14T08:01:00.000Z,2026-09-14T11:01:00,1.09,1.09,1.09,1.09,536
2026-09-14T08:02:00.000Z,2026-09-14T11:02:00,1.1,1.1,1.09,1.09,63480
2026-09-14T08:03:00.000Z,2026-09-14T11:03:00,1.1,1.1,1.1,1.1,1796874
2026-09-14T08:04:00.000Z,2026-09-14T11:04:00,1.1,1.1,1.1,1.1,178189
2026-09-14T08:05:00.000Z,2026-09-14T11:05:00,1.1,1.1,1.1,1.1,25937
2026-09-14T08:06:00.000Z,2026-09-14T11:06:00,1.09,1.09,1.09,1.09,4629
2026-09-14T08:07:00.000Z,2026-09-14T11:07:00,1.1,1.1,1.1,1.1,487
2026-09-14T08:09:00.000Z,2026-09-14T11:09:00,1.09,1.09,1.09,1.09,5000
2026-09-14T08:11:00.000Z,2026-09-14T11:11:00,1.09,1.09,1.09,1.09,6429
2026-09-14T08:12:00.000Z,2026-09-14T11:12:00,1.1,1.1,1.1,1.1,9000
2026-09-14T08:13:00.000Z,2026-09-14T11:13:00,1.09,1.09,1.09,1.09,624
2026-09-14T08:14:00.000Z,2026-09-14T11:14:00,1.09,1.09,1.09,1.09,10017
2026-09-14T08:15:00.000Z,2026-09-14T11:15:00,1.09,1.1,1.09,1.1,1631407
2026-09-14T08:16:00.000Z,2026-09-14T11:16:00,1.1,1.1,1.1,1.1,368594
2026-09-14T08:17:00.000Z,2026-09-14T11:17:00,1.1,1.1,1.09,1.09,81500
2026-09-14T08:19:00.000Z,2026-09-14T11:19:00,1.1,1.1,1.1,1.1,4625
2026-09-14T08:20:00.000Z,2026-09-14T11:20:00,1.1,1.1,1.1,1.1,30
2026-09-14T08:21:00.000Z,2026-09-14T11:21:00,1.09,1.09,1.09,1.09,11257
2026-09-14T08:22:00.000Z,2026-09-14T11:22:00,1.09,1.1,1.09,1.1,53136
2026-09-14T08:23:00.000Z,2026-09-14T11:23:00,1.09,1.09,1.09,1.09,5000
2026-09-14T08:25:00.000Z,2026-09-14T11:25:00,1.09,1.09,1.09,1.09,2500
2026-09-14T08:26:00.000Z,2026-09-14T11:26:00,1.09,1.09,1.09,1.09,89
2026-09-14T08:27:00.000Z,2026-09-14T11:27:00,1.09,1.09,1.09,1.09,5000
2026-09-14T08:28:00.000Z,2026-09-14T11:28:00,1.09,1.1,1.09,1.1,2516
2026-09-14T08:29:00.000Z,2026-09-14T11:29:00,1.09,1.09,1.09,1.09,2000
2026-09-14T08:30:00.000Z,2026-09-14T11:30:00,1.1,1.1,1.09,1.09,899
2026-09-14T08:31:00.000Z,2026-09-14T11:31:00,1.09,1.09,1.09,1.09,9308
2026-09-14T08:32:00.000Z,2026-09-14T11:32:00,1.09,1.1,1.09,1.1,16369
2026-09-14T08:33:00.000Z,2026-09-14T11:33:00,1.09,1.09,1.09,1.09,6727
2026-09-14T08:34:00.000Z,2026-09-14T11:34:00,1.1,1.1,1.1,1.1,36
2026-09-14T08:35:00.000Z,2026-09-14T11:35:00,1.1,1.1,1.09,1.09,56811
2026-09-14T08:36:00.000Z,2026-09-14T11:36:00,1.09,1.09,1.09,1.09,5000
2026-09-14T08:37:00.000Z,2026-09-14T11:37:00,1.1,1.1,1.1,1.1,2000
2026-09-14T08:39:00.000Z,2026-09-14T11:39:00,1.1,1.1,1.1,1.1,51
2026-09-14T08:40:00.000Z,2026-09-14T11:40:00,1.09,1.09,1.09,1.09,213
2026-09-14T08:41:00.000Z,2026-09-14T11:41:00,1.1,1.1,1.1,1.1,95
2026-09-14T08:42:00.000Z,2026-09-14T11:42:00,1.09,1.09,1.09,1.09,238
2026-09-14T08:43:00.000Z,2026-09-14T11:43:00,1.09,1.09,1.09,1.09,45
2026-09-14T08:44:00.000Z,2026-09-14T11:44:00,1.09,1.09,1.09,1.09,353800
2026-09-14T08:49:00.000Z,2026-09-14T11:49:00,1.09,1.09,1.09,1.09,85000
2026-09-14T08:51:00.000Z,2026-09-14T11:51:00,1.1,1.1,1.09,1.09,2498
2026-09-14T08:52:00.000Z,2026-09-14T11:52:00,1.1,1.1,1.1,1.1,4400
2026-09-14T08:54:00.000Z,2026-09-14T11:54:00,1.09,1.09,1.09,1.09,9099
2026-09-14T08:56:00.000Z,2026-09-14T11:56:00,1.09,1.09,1.09,1.09,1034
2026-09-14T08:58:00.000Z,2026-09-14T11:58:00,1.09,1.09,1.09,1.09,2666
2026-09-14T08:59:00.000Z,2026-09-14T11:59:00,1.1,1.1,1.1,1.1,12
2026-09-14T09:00:00.000Z,2026-09-14T12:00:00,1.1,1.1,1.1,1.1,20000
2026-09-14T09:04:00.000Z,2026-09-14T12:04:00,1.09,1.09,1.09,1.09,22499
2026-09-14T09:08:00.000Z,2026-09-14T12:08:00,1.09,1.09,1.09,1.09,400
2026-09-14T09:10:00.000Z,2026-09-14T12:10:00,1.1,1.1,1.1,1.1,250
2026-09-14T09:11:00.000Z,2026-09-14T12:11:00,1.09,1.09,1.09,1.09,1072
2026-09-14T09:13:00.000Z,2026-09-14T12:13:00,1.09,1.09,1.09,1.09,19625
2026-09-14T09:17:00.000Z,2026-09-14T12:17:00,1.1,1.1,1.09,1.09,14944
2026-09-14T09:20:00.000Z,2026-09-14T12:20:00,1.1,1.1,1.1,1.1,303
2026-09-14T09:21:00.000Z,2026-09-14T12:21:00,1.1,1.1,1.09,1.09,22920
2026-09-14T09:22:00.000Z,2026-09-14T12:22:00,1.09,1.09,1.09,1.09,2738
2026-09-14T09:23:00.000Z,2026-09-14T12:23:00,1.09,1.09,1.09,1.09,5475
2026-09-14T09:24:00.000Z,2026-09-14T12:24:00,1.09,1.09,1.09,1.09,5474
2026-09-14T09:25:00.000Z,2026-09-14T12:25:00,1.09,1.1,1.09,1.1,106000
2026-09-14T09:26:00.000Z,2026-09-14T12:26:00,1.09,1.1,1.09,1.09,524658
2026-09-14T09:27:00.000Z,2026-09-14T12:27:00,1.09,1.09,1.09,1.09,70474
2026-09-14T09:28:00.000Z,2026-09-14T12:28:00,1.09,1.09,1.09,1.09,15474
2026-09-14T09:29:00.000Z,2026-09-14T12:29:00,1.09,1.09,1.09,1.09,31034
2026-09-14T09:30:00.000Z,2026-09-14T12:30:00,1.09,1.09,1.09,1.09,67389
2026-09-14T09:31:00.000Z,2026-09-14T12:31:00,1.09,1.09,1.09,1.09,5474
2026-09-14T09:32:00.000Z,2026-09-14T12:32:00,1.09,1.1,1.09,1.1,202000
2026-09-14T09:33:00.000Z,2026-09-14T12:33:00,1.1,1.1,1.09,1.09,707951
2026-09-14T09:34:00.000Z,2026-09-14T12:34:00,1.09,1.09,1.08,1.08,105625
2026-09-14T09:35:00.000Z,2026-09-14T12:35:00,1.09,1.09,1.09,1.09,16300
2026-09-14T09:36:00.000Z,2026-09-14T12:36:00,1.08,1.08,1.08,1.08,28373
2026-09-14T09:37:00.000Z,2026-09-14T12:37:00,1.08,1.08,1.08,1.08,35474
2026-09-14T09:38:00.000Z,2026-09-14T12:38:00,1.08,1.08,1.08,1.08,5474
2026-09-14T09:39:00.000Z,2026-09-14T12:39:00,1.09,1.09,1.09,1.09,50000
2026-09-14T09:40:00.000Z,2026-09-14T12:40:00,1.08,1.08,1.08,1.08,5474
2026-09-14T09:41:00.000Z,2026-09-14T12:41:00,1.09,1.09,1.08,1.08,5655
2026-09-14T09:42:00.000Z,2026-09-14T12:42:00,1.09,1.09,1.09,1.09,3071
2026-09-14T09:43:00.000Z,2026-09-14T12:43:00,1.08,1.08,1.08,1.08,5474
2026-09-14T09:44:00.000Z,2026-09-14T12:44:00,1.08,1.08,1.08,1.08,55483
2026-09-14T09:45:00.000Z,2026-09-14T12:45:00,1.09,1.09,1.08,1.08,111100
2026-09-14T09:46:00.000Z,2026-09-14T12:46:00,1.08,1.08,1.08,1.08,5474
2026-09-14T09:47:00.000Z,2026-09-14T12:47:00,1.09,1.09,1.08,1.08,22873
2026-09-14T09:48:00.000Z,2026-09-14T12:48:00,1.08,1.09,1.08,1.08,10192
2026-09-14T09:49:00.000Z,2026-09-14T12:49:00,1.08,1.08,1.08,1.08,2737
2026-09-14T09:50:00.000Z,2026-09-14T12:50:00,1.08,1.08,1.08,1.08,2122
2026-09-14T09:51:00.000Z,2026-09-14T12:51:00,1.08,1.08,1.08,1.08,10000
2026-09-14T09:52:00.000Z,2026-09-14T12:52:00,1.09,1.09,1.09,1.09,1479
2026-09-14T09:53:00.000Z,2026-09-14T12:53:00,1.09,1.09,1.09,1.09,31443
2026-09-14T09:54:00.000Z,2026-09-14T12:54:00,1.09,1.09,1.09,1.09,13762
2026-09-14T09:55:00.000Z,2026-09-14T12:55:00,1.09,1.09,1.09,1.09,118
2026-09-14T09:56:00.000Z,2026-09-14T12:56:00,1.09,1.09,1.09,1.09,30
2026-09-14T09:57:00.000Z,2026-09-14T12:57:00,1.09,1.09,1.09,1.09,10000
2026-09-14T09:58:00.000Z,2026-09-14T12:58:00,1.09,1.09,1.09,1.09,27960
2026-09-14T10:00:00.000Z,2026-09-14T13:00:00,1.09,1.09,1.09,1.09,3000
2026-09-14T10:01:00.000Z,2026-09-14T13:01:00,1.09,1.09,1.08,1.08,25150
2026-09-14T10:02:00.000Z,2026-09-14T13:02:00,1.08,1.08,1.08,1.08,675000
2026-09-14T10:03:00.000Z,2026-09-14T13:03:00,1.08,1.08,1.08,1.08,251000
2026-09-14T10:04:00.000Z,2026-09-14T13:04:00,1.09,1.09,1.09,1.09,64200
2026-09-14T10:07:00.000Z,2026-09-14T13:07:00,1.09,1.09,1.09,1.09,2400
2026-09-14T10:08:00.000Z,2026-09-14T13:08:00,1.09,1.09,1.08,1.09,116875
2026-09-14T10:09:00.000Z,2026-09-14T13:09:00,1.09,1.09,1.09,1.09,550
2026-09-14T10:10:00.000Z,2026-09-14T13:10:00,1.08,1.08,1.08,1.08,5501
2026-09-14T10:11:00.000Z,2026-09-14T13:11:00,1.08,1.08,1.08,1.08,6059
2026-09-14T10:12:00.000Z,2026-09-14T13:12:00,1.08,1.08,1.08,1.08,10
2026-09-14T10:13:00.000Z,2026-09-14T13:13:00,1.08,1.08,1.08,1.08,1673998
2026-09-14T10:14:00.000Z,2026-09-14T13:14:00,1.08,1.08,1.08,1.08,260000
2026-09-14T10:15:00.000Z,2026-09-14T13:15:00,1.08,1.08,1.08,1.08,1312996
2026-09-14T10:16:00.000Z,2026-09-14T13:16:00,1.08,1.08,1.08,1.08,93004
2026-09-14T10:17:00.000Z,2026-09-14T13:17:00,1.08,1.09,1.08,1.08,927233
2026-09-14T10:18:00.000Z,2026-09-14T13:18:00,1.08,1.08,1.08,1.08,32624
2026-09-14T10:19:00.000Z,2026-09-14T13:19:00,1.08,1.08,1.08,1.08,10000
2026-09-14T10:20:00.000Z,2026-09-14T13:20:00,1.08,1.08,1.07,1.07,77555
2026-09-14T10:21:00.000Z,2026-09-14T13:21:00,1.08,1.08,1.07,1.07,44000
2026-09-14T10:22:00.000Z,2026-09-14T13:22:00,1.08,1.09,1.08,1.09,504328
2026-09-14T10:23:00.000Z,2026-09-14T13:23:00,1.09,1.09,1.09,1.09,2293
2026-09-14T10:24:00.000Z,2026-09-14T13:24:00,1.08,1.09,1.08,1.09,42431
2026-09-14T10:25:00.000Z,2026-09-14T13:25:00,1.08,1.09,1.08,1.09,45123
2026-09-14T10:26:00.000Z,2026-09-14T13:26:00,1.08,1.09,1.08,1.08,153793
2026-09-14T10:27:00.000Z,2026-09-14T13:27:00,1.08,1.09,1.08,1.08,90050
2026-09-14T10:28:00.000Z,2026-09-14T13:28:00,1.08,1.08,1.08,1.08,7848
2026-09-14T10:29:00.000Z,2026-09-14T13:29:00,1.08,1.08,1.08,1.08,40000
2026-09-14T10:30:00.000Z,2026-09-14T13:30:00,1.08,1.09,1.08,1.08,40450
2026-09-14T10:31:00.000Z,2026-09-14T13:31:00,1.08,1.08,1.08,1.08,30000
2026-09-14T10:32:00.000Z,2026-09-14T13:32:00,1.08,1.09,1.08,1.08,45930
2026-09-14T10:33:00.000Z,2026-09-14T13:33:00,1.08,1.09,1.08,1.09,106509
2026-09-14T10:34:00.000Z,2026-09-14T13:34:00,1.08,1.09,1.08,1.09,1349
2026-09-14T10:35:00.000Z,2026-09-14T13:35:00,1.09,1.09,1.08,1.08,57740
2026-09-14T10:36:00.000Z,2026-09-14T13:36:00,1.08,1.08,1.08,1.08,20747
2026-09-14T10:37:00.000Z,2026-09-14T13:37:00,1.08,1.08,1.08,1.08,15999
2026-09-14T10:38:00.000Z,2026-09-14T13:38:00,1.08,1.08,1.08,1.08,2385
2026-09-14T10:39:00.000Z,2026-09-14T13:39:00,1.09,1.09,1.09,1.09,53
2026-09-14T10:40:00.000Z,2026-09-14T13:40:00,1.08,1.09,1.08,1.08,513750
2026-09-14T10:41:00.000Z,2026-09-14T13:41:00,1.08,1.08,1.08,1.08,950000
2026-09-14T10:42:00.000Z,2026-09-14T13:42:00,1.08,1.08,1.08,1.08,2805170
2026-09-14T10:43:00.000Z,2026-09-14T13:43:00,1.08,1.08,1.08,1.08,255601
2026-09-14T10:44:00.000Z,2026-09-14T13:44:00,1.08,1.08,1.08,1.08,253000
2026-09-14T10:47:00.000Z,2026-09-14T13:47:00,1.07,1.07,1.07,1.07,6876
2026-09-14T10:48:00.000Z,2026-09-14T13:48:00,1.08,1.08,1.07,1.07,510594
2026-09-14T10:49:00.000Z,2026-09-14T13:49:00,1.08,1.08,1.08,1.08,34672
2026-09-14T10:50:00.000Z,2026-09-14T13:50:00,1.07,1.07,1.07,1.07,138423
2026-09-14T10:51:00.000Z,2026-09-14T13:51:00,1.07,1.07,1.07,1.07,10000
2026-09-14T10:52:00.000Z,2026-09-14T13:52:00,1.07,1.07,1.07,1.07,4590
2026-09-14T10:53:00.000Z,2026-09-14T13:53:00,1.07,1.08,1.07,1.08,1162755
2026-09-14T10:54:00.000Z,2026-09-14T13:54:00,1.07,1.08,1.07,1.08,1405
2026-09-14T10:55:00.000Z,2026-09-14T13:55:00,1.08,1.08,1.08,1.08,833
2026-09-14T10:56:00.000Z,2026-09-14T13:56:00,1.08,1.08,1.07,1.07,29251
2026-09-14T10:57:00.000Z,2026-09-14T13:57:00,1.07,1.07,1.07,1.07,69211
2026-09-14T10:58:00.000Z,2026-09-14T13:58:00,1.07,1.07,1.07,1.07,69212
2026-09-14T10:59:00.000Z,2026-09-14T13:59:00,1.07,1.08,1.07,1.07,1144356
2026-09-14T11:00:00.000Z,2026-09-14T14:00:00,1.08,1.08,1.08,1.08,57476
2026-09-14T11:01:00.000Z,2026-09-14T14:01:00,1.07,1.07,1.07,1.07,6854
2026-09-14T11:02:00.000Z,2026-09-14T14:02:00,1.07,1.08,1.07,1.08,2192291
2026-09-14T11:03:00.000Z,2026-09-14T14:03:00,1.07,1.07,1.07,1.07,64356
2026-09-14T11:04:00.000Z,2026-09-14T14:04:00,1.08,1.08,1.07,1.07,4746051
2026-09-14T11:05:00.000Z,2026-09-14T14:05:00,1.07,1.07,1.07,1.07,241683
2026-09-14T11:06:00.000Z,2026-09-14T14:06:00,1.07,1.07,1.07,1.07,2102856
2026-09-14T11:07:00.000Z,2026-09-14T14:07:00,1.07,1.07,1.07,1.07,100000
2026-09-14T11:08:00.000Z,2026-09-14T14:08:00,1.07,1.07,1.07,1.07,201705
2026-09-14T11:09:00.000Z,2026-09-14T14:09:00,1.07,1.07,1.07,1.07,15887
2026-09-14T11:10:00.000Z,2026-09-14T14:10:00,1.06,1.07,1.06,1.07,121913
2026-09-14T11:11:00.000Z,2026-09-14T14:11:00,1.08,1.08,1.08,1.08,250
2026-09-14T11:12:00.000Z,2026-09-14T14:12:00,1.07,1.07,1.07,1.07,113661
2026-09-14T11:13:00.000Z,2026-09-14T14:13:00,1.07,1.08,1.07,1.08,1005000
2026-09-14T11:14:00.000Z,2026-09-14T14:14:00,1.07,1.08,1.07,1.08,40535
2026-09-14T11:15:00.000Z,2026-09-14T14:15:00,1.08,1.08,1.08,1.08,39596
2026-09-14T11:25:00.000Z,2026-09-14T14:25:00,1.06,1.06,1.06,1.06,2617429
2026-09-14T11:26:00.000Z,2026-09-14T14:26:00,1.06,1.06,1.06,1.06,418812
2026-09-15T07:00:00.000Z,2026-09-15T10:00:00,1.07,1.08,1.07,1.07,274286
2026-09-15T07:01:00.000Z,2026-09-15T10:01:00,1.08,1.08,1.07,1.07,521150
2026-09-15T07:02:00.000Z,2026-09-15T10:02:00,1.07,1.07,1.07,1.07,1991
2026-09-15T07:03:00.000Z,2026-09-15T10:03:00,1.07,1.07,1.07,1.07,6425
2026-09-15T07:05:00.000Z,2026-09-15T10:05:00,1.07,1.07,1.07,1.07,20000
2026-09-15T07:06:00.000Z,2026-09-15T10:06:00,1.07,1.07,1.07,1.07,2542620
2026-09-15T07:07:00.000Z,2026-09-15T10:07:00,1.08,1.08,1.06,1.06,305087
2026-09-15T07:08:00.000Z,2026-09-15T10:08:00,1.06,1.07,1.06,1.06,6020407
2026-09-15T07:09:00.000Z,2026-09-15T10:09:00,1.06,1.06,1.06,1.06,943
2026-09-15T07:10:00.000Z,2026-09-15T10:10:00,1.05,1.05,1.05,1.05,649609
2026-09-15T07:11:00.000Z,2026-09-15T10:11:00,1.05,1.05,1.05,1.05,714636
2026-09-15T07:12:00.000Z,2026-09-15T10:12:00,1.05,1.05,1.05,1.05,133535
2026-09-15T07:13:00.000Z,2026-09-15T10:13:00,1.05,1.05,1.04,1.04,165842
2026-09-15T07:14:00.000Z,2026-09-15T10:14:00,1.04,1.05,1.04,1.05,565000
2026-09-15T07:15:00.000Z,2026-09-15T10:15:00,1.05,1.05,1.04,1.04,1347543
2026-09-15T07:16:00.000Z,2026-09-15T10:16:00,1.05,1.05,1.05,1.05,737234
2026-09-15T07:17:00.000Z,2026-09-15T10:17:00,1.05,1.07,1.05,1.06,2037697
2026-09-15T07:18:00.000Z,2026-09-15T10:18:00,1.06,1.07,1.06,1.06,245224
2026-09-15T07:19:00.000Z,2026-09-15T10:19:00,1.05,1.06,1.05,1.06,26155
2026-09-15T07:20:00.000Z,2026-09-15T10:20:00,1.06,1.06,1.06,1.06,27482
2026-09-15T07:21:00.000Z,2026-09-15T10:21:00,1.06,1.06,1.06,1.06,233
2026-09-15T07:22:00.000Z,2026-09-15T10:22:00,1.06,1.06,1.06,1.06,327325
2026-09-15T07:23:00.000Z,2026-09-15T10:23:00,1.06,1.06,1.06,1.06,515534
2026-09-15T07:24:00.000Z,2026-09-15T10:24:00,1.07,1.07,1.07,1.07,2872
2026-09-15T07:25:00.000Z,2026-09-15T10:25:00,1.07,1.07,1.06,1.06,155219
2026-09-15T07:26:00.000Z,2026-09-15T10:26:00,1.05,1.06,1.05,1.06,7845
2026-09-15T07:27:00.000Z,2026-09-15T10:27:00,1.06,1.06,1.06,1.06,830000
2026-09-15T07:29:00.000Z,2026-09-15T10:29:00,1.06,1.06,1.06,1.06,10004
2026-09-15T07:30:00.000Z,2026-09-15T10:30:00,1.06,1.06,1.05,1.05,27500
2026-09-15T07:31:00.000Z,2026-09-15T10:31:00,1.06,1.06,1.06,1.06,372743
2026-09-15T07:32:00.000Z,2026-09-15T10:32:00,1.06,1.06,1.06,1.06,400000
2026-09-15T07:33:00.000Z,2026-09-15T10:33:00,1.06,1.07,1.06,1.07,200090
2026-09-15T07:34:00.000Z,2026-09-15T10:34:00,1.06,1.06,1.06,1.06,205161
2026-09-15T07:35:00.000Z,2026-09-15T10:35:00,1.06,1.06,1.06,1.06,3000
2026-09-15T07:37:00.000Z,2026-09-15T10:37:00,1.05,1.06,1.05,1.06,14638
2026-09-15T07:38:00.000Z,2026-09-15T10:38:00,1.06,1.06,1.06,1.06,6000
2026-09-15T07:39:00.000Z,2026-09-15T10:39:00,1.06,1.06,1.05,1.06,237470
2026-09-15T07:41:00.000Z,2026-09-15T10:41:00,1.06,1.06,1.06,1.06,128700
2026-09-15T07:42:00.000Z,2026-09-15T10:42:00,1.06,1.07,1.06,1.07,51100
2026-09-15T07:43:00.000Z,2026-09-15T10:43:00,1.07,1.07,1.07,1.07,199
2026-09-15T07:44:00.000Z,2026-09-15T10:44:00,1.07,1.07,1.06,1.06,201453
2026-09-15T07:45:00.000Z,2026-09-15T10:45:00,1.06,1.06,1.06,1.06,114176
2026-09-15T07:46:00.000Z,2026-09-15T10:46:00,1.07,1.07,1.07,1.07,30000
2026-09-15T07:47:00.000Z,2026-09-15T10:47:00,1.07,1.07,1.07,1.07,1000
2026-09-15T07:48:00.000Z,2026-09-15T10:48:00,1.07,1.07,1.07,1.07,7296
2026-09-15T07:49:00.000Z,2026-09-15T10:49:00,1.07,1.07,1.07,1.07,4120
2026-09-15T07:50:00.000Z,2026-09-15T10:50:00,1.06,1.07,1.06,1.07,35100
2026-09-15T07:51:00.000Z,2026-09-15T10:51:00,1.07,1.07,1.07,1.07,50273
2026-09-15T07:52:00.000Z,2026-09-15T10:52:00,1.06,1.07,1.06,1.06,307547
2026-09-15T07:53:00.000Z,2026-09-15T10:53:00,1.07,1.07,1.07,1.07,1100
2026-09-15T07:54:00.000Z,2026-09-15T10:54:00,1.07,1.07,1.06,1.06,75100
2026-09-15T07:55:00.000Z,2026-09-15T10:55:00,1.07,1.07,1.07,1.07,45657
2026-09-15T07:56:00.000Z,2026-09-15T10:56:00,1.07,1.07,1.07,1.07,1000000
2026-09-15T07:57:00.000Z,2026-09-15T10:57:00,1.06,1.08,1.06,1.07,6055013
2026-09-15T07:58:00.000Z,2026-09-15T10:58:00,1.08,1.08,1.08,1.08,350
2026-09-15T07:59:00.000Z,2026-09-15T10:59:00,1.08,1.08,1.08,1.08,1000000
2026-09-15T08:00:00.000Z,2026-09-15T11:00:00,1.08,1.08,1.08,1.08,10291
2026-09-15T08:02:00.000Z,2026-09-15T11:02:00,1.08,1.08,1.07,1.07,357631
2026-09-15T08:04:00.000Z,2026-09-15T11:04:00,1.07,1.07,1.07,1.07,700000
2026-09-15T08:05:00.000Z,2026-09-15T11:05:00,1.08,1.08,1.07,1.07,598915
2026-09-15T08:06:00.000Z,2026-09-15T11:06:00,1.07,1.08,1.07,1.07,1103000
2026-09-15T08:07:00.000Z,2026-09-15T11:07:00,1.07,1.07,1.07,1.07,427531
2026-09-15T08:08:00.000Z,2026-09-15T11:08:00,1.07,1.07,1.07,1.07,50
2026-09-15T08:09:00.000Z,2026-09-15T11:09:00,1.07,1.08,1.07,1.08,2006600
2026-09-15T08:11:00.000Z,2026-09-15T11:11:00,1.07,1.07,1.07,1.07,166083
2026-09-15T08:12:00.000Z,2026-09-15T11:12:00,1.07,1.07,1.07,1.07,19058
2026-09-15T08:14:00.000Z,2026-09-15T11:14:00,1.07,1.07,1.07,1.07,20000
2026-09-15T08:15:00.000Z,2026-09-15T11:15:00,1.07,1.07,1.07,1.07,25
2026-09-15T08:16:00.000Z,2026-09-15T11:16:00,1.07,1.07,1.07,1.07,50105
2026-09-15T08:17:00.000Z,2026-09-15T11:17:00,1.07,1.07,1.06,1.06,35944
2026-09-15T08:18:00.000Z,2026-09-15T11:18:00,1.06,1.07,1.06,1.07,250504
2026-09-15T08:19:00.000Z,2026-09-15T11:19:00,1.07,1.07,1.07,1.07,60000
2026-09-15T08:20:00.000Z,2026-09-15T11:20:00,1.07,1.08,1.07,1.08,250095
2026-09-15T08:21:00.000Z,2026-09-15T11:21:00,1.07,1.07,1.07,1.07,64874
2026-09-15T08:23:00.000Z,2026-09-15T11:23:00,1.07,1.07,1.07,1.07,1000
2026-09-15T08:24:00.000Z,2026-09-15T11:24:00,1.07,1.07,1.07,1.07,34126
2026-09-15T08:25:00.000Z,2026-09-15T11:25:00,1.08,1.08,1.07,1.07,4150
2026-09-15T08:26:00.000Z,2026-09-15T11:26:00,1.08,1.08,1.08,1.08,22429
2026-09-15T08:28:00.000Z,2026-09-15T11:28:00,1.07,1.07,1.07,1.07,59874
2026-09-15T08:30:00.000Z,2026-09-15T11:30:00,1.06,1.07,1.06,1.07,13024
2026-09-15T08:31:00.000Z,2026-09-15T11:31:00,1.07,1.07,1.07,1.07,100
2026-09-15T08:33:00.000Z,2026-09-15T11:33:00,1.07,1.07,1.07,1.07,4000
2026-09-15T08:34:00.000Z,2026-09-15T11:34:00,1.07,1.07,1.07,1.07,19270
2026-09-15T08:35:00.000Z,2026-09-15T11:35:00,1.07,1.07,1.07,1.07,202524
2026-09-15T08:36:00.000Z,2026-09-15T11:36:00,1.07,1.07,1.07,1.07,55000
2026-09-15T08:37:00.000Z,2026-09-15T11:37:00,1.07,1.07,1.07,1.07,10853
2026-09-15T08:38:00.000Z,2026-09-15T11:38:00,1.06,1.06,1.06,1.06,1402908
2026-09-15T08:41:00.000Z,2026-09-15T11:41:00,1.06,1.06,1.06,1.06,48112
2026-09-15T08:42:00.000Z,2026-09-15T11:42:00,1.06,1.06,1.06,1.06,192
2026-09-15T08:43:00.000Z,2026-09-15T11:43:00,1.07,1.07,1.06,1.06,496017
2026-09-15T08:44:00.000Z,2026-09-15T11:44:00,1.07,1.07,1.07,1.07,96621
2026-09-15T08:47:00.000Z,2026-09-15T11:47:00,1.07,1.07,1.07,1.07,2856
2026-09-15T08:49:00.000Z,2026-09-15T11:49:00,1.07,1.07,1.07,1.07,2000
2026-09-15T08:51:00.000Z,2026-09-15T11:51:00,1.07,1.07,1.07,1.07,4672
2026-09-15T08:54:00.000Z,2026-09-15T11:54:00,1.07,1.07,1.07,1.07,1000
2026-09-15T08:56:00.000Z,2026-09-15T11:56:00,1.07,1.07,1.07,1.07,510000
2026-09-15T08:57:00.000Z,2026-09-15T11:57:00,1.07,1.07,1.07,1.07,152000
2026-09-15T08:58:00.000Z,2026-09-15T11:58:00,1.06,1.06,1.06,1.06,215
2026-09-15T08:59:00.000Z,2026-09-15T11:59:00,1.07,1.07,1.06,1.06,40754
2026-09-15T09:00:00.000Z,2026-09-15T12:00:00,1.07,1.07,1.07,1.07,934
2026-09-15T09:01:00.000Z,2026-09-15T12:01:00,1.07,1.07,1.07,1.07,46000
2026-09-15T09:04:00.000Z,2026-09-15T12:04:00,1.07,1.07,1.07,1.07,99558
2026-09-15T09:05:00.000Z,2026-09-15T12:05:00,1.07,1.07,1.07,1.07,50106
2026-09-15T09:07:00.000Z,2026-09-15T12:07:00,1.06,1.06,1.06,1.06,83
2026-09-15T09:10:00.000Z,2026-09-15T12:10:00,1.06,1.06,1.06,1.06,5550
2026-09-15T09:11:00.000Z,2026-09-15T12:11:00,1.07,1.07,1.07,1.07,3092
2026-09-15T09:12:00.000Z,2026-09-15T12:12:00,1.07,1.07,1.06,1.06,52968
2026-09-15T09:13:00.000Z,2026-09-15T12:13:00,1.06,1.06,1.06,1.06,3396
2026-09-15T09:14:00.000Z,2026-09-15T12:14:00,1.06,1.06,1.06,1.06,47
2026-09-15T09:17:00.000Z,2026-09-15T12:17:00,1.06,1.07,1.06,1.07,1115
2026-09-15T09:18:00.000Z,2026-09-15T12:18:00,1.06,1.06,1.06,1.06,1096
2026-09-15T09:19:00.000Z,2026-09-15T12:19:00,1.07,1.07,1.07,1.07,2450
2026-09-15T09:20:00.000Z,2026-09-15T12:20:00,1.07,1.07,1.07,1.07,9345
2026-09-15T09:25:00.000Z,2026-09-15T12:25:00,1.06,1.06,1.06,1.06,701454
2026-09-15T09:26:00.000Z,2026-09-15T12:26:00,1.07,1.07,1.06,1.06,18785
2026-09-15T09:27:00.000Z,2026-09-15T12:27:00,1.07,1.07,1.07,1.07,10000
2026-09-15T09:28:00.000Z,2026-09-15T12:28:00,1.06,1.07,1.06,1.07,6361
2026-09-15T09:30:00.000Z,2026-09-15T12:30:00,1.07,1.07,1.07,1.07,50
2026-09-15T09:31:00.000Z,2026-09-15T12:31:00,1.07,1.07,1.07,1.07,20253
2026-09-15T09:33:00.000Z,2026-09-15T12:33:00,1.06,1.06,1.06,1.06,25000
2026-09-15T09:34:00.000Z,2026-09-15T12:34:00,1.06,1.07,1.06,1.07,32886
2026-09-15T09:35:00.000Z,2026-09-15T12:35:00,1.07,1.07,1.06,1.06,42220
2026-09-15T09:36:00.000Z,2026-09-15T12:36:00,1.07,1.07,1.07,1.07,13545
2026-09-15T09:39:00.000Z,2026-09-15T12:39:00,1.07,1.07,1.07,1.07,4
2026-09-15T09:41:00.000Z,2026-09-15T12:41:00,1.06,1.07,1.06,1.07,25345
2026-09-15T09:43:00.000Z,2026-09-15T12:43:00,1.06,1.06,1.06,1.06,800
2026-09-15T09:45:00.000Z,2026-09-15T12:45:00,1.07,1.07,1.06,1.06,1085475
2026-09-15T09:46:00.000Z,2026-09-15T12:46:00,1.06,1.06,1.06,1.06,8804
2026-09-15T09:47:00.000Z,2026-09-15T12:47:00,1.06,1.06,1.06,1.06,1255
2026-09-15T09:50:00.000Z,2026-09-15T12:50:00,1.07,1.07,1.07,1.07,3773
2026-09-15T09:51:00.000Z,2026-09-15T12:51:00,1.06,1.06,1.06,1.06,701454
2026-09-15T09:52:00.000Z,2026-09-15T12:52:00,1.06,1.06,1.06,1.06,5000
2026-09-15T09:54:00.000Z,2026-09-15T12:54:00,1.06,1.06,1.06,1.06,800000
2026-09-15T09:55:00.000Z,2026-09-15T12:55:00,1.06,1.06,1.06,1.06,1186962
2026-09-15T09:56:00.000Z,2026-09-15T12:56:00,1.06,1.06,1.06,1.06,152895
2026-09-15T09:57:00.000Z,2026-09-15T12:57:00,1.07,1.07,1.07,1.07,488
2026-09-15T09:58:00.000Z,2026-09-15T12:58:00,1.06,1.06,1.06,1.06,40000
2026-09-15T09:59:00.000Z,2026-09-15T12:59:00,1.06,1.06,1.05,1.05,349240
2026-09-15T10:00:00.000Z,2026-09-15T13:00:00,1.06,1.06,1.06,1.06,492760
2026-09-15T10:05:00.000Z,2026-09-15T13:05:00,1.07,1.07,1.07,1.07,10
2026-09-15T10:06:00.000Z,2026-09-15T13:06:00,1.07,1.07,1.07,1.07,10
2026-09-15T10:07:00.000Z,2026-09-15T13:07:00,1.06,1.06,1.06,1.06,120040
2026-09-15T10:08:00.000Z,2026-09-15T13:08:00,1.06,1.06,1.06,1.06,280
2026-09-15T10:09:00.000Z,2026-09-15T13:09:00,1.06,1.06,1.06,1.06,4500
2026-09-15T10:10:00.000Z,2026-09-15T13:10:00,1.06,1.06,1.06,1.06,219992
2026-09-15T10:11:00.000Z,2026-09-15T13:11:00,1.06,1.06,1.06,1.06,88769
2026-09-15T10:14:00.000Z,2026-09-15T13:14:00,1.06,1.06,1.06,1.06,1093
2026-09-15T10:15:00.000Z,2026-09-15T13:15:00,1.06,1.06,1.06,1.06,6603
2026-09-15T10:17:00.000Z,2026-09-15T13:17:00,1.05,1.05,1.05,1.05,31156
2026-09-15T10:18:00.000Z,2026-09-15T13:18:00,1.05,1.05,1.05,1.05,2000
2026-09-15T10:19:00.000Z,2026-09-15T13:19:00,1.06,1.06,1.06,1.06,15000
2026-09-15T10:20:00.000Z,2026-09-15T13:20:00,1.05,1.05,1.05,1.05,4000
2026-09-15T10:21:00.000Z,2026-09-15T13:21:00,1.06,1.06,1.06,1.06,25000
2026-09-15T10:24:00.000Z,2026-09-15T13:24:00,1.06,1.06,1.06,1.06,943
2026-09-15T10:26:00.000Z,2026-09-15T13:26:00,1.06,1.06,1.06,1.06,12833
2026-09-15T10:28:00.000Z,2026-09-15T13:28:00,1.06,1.06,1.06,1.06,837
2026-09-15T10:29:00.000Z,2026-09-15T13:29:00,1.06,1.06,1.06,1.06,13000
2026-09-15T10:30:00.000Z,2026-09-15T13:30:00,1.06,1.06,1.05,1.05,3881
2026-09-15T10:31:00.000Z,2026-09-15T13:31:00,1.06,1.06,1.06,1.06,140748
2026-09-15T10:32:00.000Z,2026-09-15T13:32:00,1.06,1.06,1.06,1.06,20000
2026-09-15T10:33:00.000Z,2026-09-15T13:33:00,1.06,1.06,1.06,1.06,9623
2026-09-15T10:35:00.000Z,2026-09-15T13:35:00,1.06,1.06,1.06,1.06,9387
2026-09-15T10:36:00.000Z,2026-09-15T13:36:00,1.06,1.06,1.06,1.06,9433
2026-09-15T10:37:00.000Z,2026-09-15T13:37:00,1.06,1.06,1.06,1.06,87
2026-09-15T10:38:00.000Z,2026-09-15T13:38:00,1.05,1.05,1.05,1.05,443007
2026-09-15T10:39:00.000Z,2026-09-15T13:39:00,1.06,1.06,1.06,1.06,18005
2026-09-15T10:40:00.000Z,2026-09-15T13:40:00,1.06,1.06,1.06,1.06,12113
2026-09-15T10:42:00.000Z,2026-09-15T13:42:00,1.05,1.05,1.05,1.05,65032
2026-09-15T10:44:00.000Z,2026-09-15T13:44:00,1.05,1.05,1.05,1.05,200000
2026-09-15T10:45:00.000Z,2026-09-15T13:45:00,1.05,1.05,1.05,1.05,34523
2026-09-15T10:46:00.000Z,2026-09-15T13:46:00,1.05,1.06,1.05,1.06,1001025
2026-09-15T10:47:00.000Z,2026-09-15T13:47:00,1.06,1.06,1.06,1.06,48613
2026-09-15T10:48:00.000Z,2026-09-15T13:48:00,1.05,1.07,1.05,1.07,215858
2026-09-15T10:50:00.000Z,2026-09-15T13:50:00,1.06,1.06,1.06,1.06,465057
2026-09-15T10:51:00.000Z,2026-09-15T13:51:00,1.05,1.06,1.05,1.06,12407
2026-09-15T10:52:00.000Z,2026-09-15T13:52:00,1.05,1.05,1.05,1.05,75417
2026-09-15T10:53:00.000Z,2026-09-15T13:53:00,1.05,1.05,1.05,1.05,51799
2026-09-15T10:54:00.000Z,2026-09-15T13:54:00,1.05,1.05,1.05,1.05,9523
2026-09-15T10:56:00.000Z,2026-09-15T13:56:00,1.05,1.06,1.05,1.05,142400
2026-09-15T10:57:00.000Z,2026-09-15T13:57:00,1.06,1.06,1.05,1.05,224400
2026-09-15T10:58:00.000Z,2026-09-15T13:58:00,1.05,1.05,1.05,1.05,50409
2026-09-15T10:59:00.000Z,2026-09-15T13:59:00,1.06,1.06,1.06,1.06,3000
2026-09-15T11:00:00.000Z,2026-09-15T14:00:00,1.06,1.06,1.05,1.05,51839
2026-09-15T11:01:00.000Z,2026-09-15T14:01:00,1.05,1.05,1.04,1.05,1404319
2026-09-15T11:02:00.000Z,2026-09-15T14:02:00,1.05,1.05,1.05,1.05,135451
2026-09-15T11:03:00.000Z,2026-09-15T14:03:00,1.05,1.05,1.05,1.05,2200
2026-09-15T11:04:00.000Z,2026-09-15T14:04:00,1.05,1.05,1.05,1.05,442538
2026-09-15T11:05:00.000Z,2026-09-15T14:05:00,1.04,1.05,1.04,1.05,79674
2026-09-15T11:06:00.000Z,2026-09-15T14:06:00,1.05,1.05,1.05,1.05,366424
2026-09-15T11:07:00.000Z,2026-09-15T14:07:00,1.04,1.05,1.04,1.05,1111454
2026-09-15T11:08:00.000Z,2026-09-15T14:08:00,1.05,1.05,1.04,1.05,1005305
2026-09-15T11:09:00.000Z,2026-09-15T14:09:00,1.05,1.05,1.05,1.05,494246
2026-09-15T11:10:00.000Z,2026-09-15T14:10:00,1.05,1.05,1.05,1.05,74417
2026-09-15T11:11:00.000Z,2026-09-15T14:11:00,1.05,1.05,1.04,1.04,410000
2026-09-15T11:12:00.000Z,2026-09-15T14:12:00,1.05,1.05,1.04,1.04,6785665
2026-09-15T11:13:00.000Z,2026-09-15T14:13:00,1.03,1.05,1.03,1.05,435597
2026-09-15T11:14:00.000Z,2026-09-15T14:14:00,1.05,1.06,1.05,1.05,500561
2026-09-15T11:25:00.000Z,2026-09-15T14:25:00,1.05,1.05,1.05,1.05,8248869
2026-09-15T11:27:00.000Z,2026-09-15T14:27:00,1.05,1.05,1.05,1.05,11500
2026-09-15T11:28:00.000Z,2026-09-15T14:28:00,1.05,1.05,1.05,1.05,23000
2026-09-16T07:00:00.000Z,2026-09-16T10:00:00,1.06,1.07,1.06,1.07,989790
2026-09-16T07:01:00.000Z,2026-09-16T10:01:00,1.06,1.07,1.06,1.07,221359
2026-09-16T07:02:00.000Z,2026-09-16T10:02:00,1.07,1.07,1.06,1.07,2168454
2026-09-16T07:03:00.000Z,2026-09-16T10:03:00,1.07,1.07,1.07,1.07,132463
2026-09-16T07:04:00.000Z,2026-09-16T10:04:00,1.07,1.07,1.06,1.07,253064
2026-09-16T07:05:00.000Z,2026-09-16T10:05:00,1.07,1.07,1.07,1.07,230409
2026-09-16T07:06:00.000Z,2026-09-16T10:06:00,1.06,1.07,1.06,1.07,203339
2026-09-16T07:07:00.000Z,2026-09-16T10:07:00,1.07,1.07,1.06,1.06,85149
2026-09-16T07:08:00.000Z,2026-09-16T10:08:00,1.07,1.07,1.06,1.06,50050
2026-09-16T07:09:00.000Z,2026-09-16T10:09:00,1.06,1.07,1.06,1.06,102391
2026-09-16T07:10:00.000Z,2026-09-16T10:10:00,1.06,1.07,1.06,1.07,536708
2026-09-16T07:11:00.000Z,2026-09-16T10:11:00,1.06,1.06,1.06,1.06,166929
2026-09-16T07:12:00.000Z,2026-09-16T10:12:00,1.07,1.07,1.06,1.06,20009
2026-09-16T07:13:00.000Z,2026-09-16T10:13:00,1.06,1.06,1.06,1.06,417403
2026-09-16T07:14:00.000Z,2026-09-16T10:14:00,1.06,1.06,1.06,1.06,152708
2026-09-16T07:15:00.000Z,2026-09-16T10:15:00,1.05,1.06,1.05,1.06,269007
2026-09-16T07:16:00.000Z,2026-09-16T10:16:00,1.05,1.06,1.05,1.05,405093
2026-09-16T07:17:00.000Z,2026-09-16T10:17:00,1.06,1.06,1.06,1.06,20844
2026-09-16T07:18:00.000Z,2026-09-16T10:18:00,1.06,1.06,1.05,1.06,3886
2026-09-16T07:19:00.000Z,2026-09-16T10:19:00,1.06,1.06,1.06,1.06,210000
2026-09-16T07:20:00.000Z,2026-09-16T10:20:00,1.06,1.06,1.06,1.06,28266
2026-09-16T07:21:00.000Z,2026-09-16T10:21:00,1.06,1.06,1.06,1.06,256637
2026-09-16T07:22:00.000Z,2026-09-16T10:22:00,1.06,1.06,1.06,1.06,5401
2026-09-16T07:23:00.000Z,2026-09-16T10:23:00,1.06,1.06,1.06,1.06,10819
2026-09-16T07:24:00.000Z,2026-09-16T10:24:00,1.06,1.06,1.06,1.06,732
2026-09-16T07:25:00.000Z,2026-09-16T10:25:00,1.06,1.06,1.06,1.06,1896
2026-09-16T07:26:00.000Z,2026-09-16T10:26:00,1.06,1.06,1.06,1.06,1886
2026-09-16T07:27:00.000Z,2026-09-16T10:27:00,1.06,1.06,1.05,1.05,15891
2026-09-16T07:28:00.000Z,2026-09-16T10:28:00,1.06,1.06,1.06,1.06,1870
2026-09-16T07:29:00.000Z,2026-09-16T10:29:00,1.06,1.06,1.06,1.06,32000
2026-09-16T07:30:00.000Z,2026-09-16T10:30:00,1.05,1.05,1.05,1.05,2618
2026-09-16T07:31:00.000Z,2026-09-16T10:31:00,1.06,1.06,1.06,1.06,10000
2026-09-16T07:32:00.000Z,2026-09-16T10:32:00,1.06,1.06,1.06,1.06,103268
2026-09-16T07:33:00.000Z,2026-09-16T10:33:00,1.06,1.06,1.06,1.06,101000
2026-09-16T07:34:00.000Z,2026-09-16T10:34:00,1.05,1.07,1.05,1.07,206101
2026-09-16T07:35:00.000Z,2026-09-16T10:35:00,1.07,1.07,1.07,1.07,11214
2026-09-16T07:36:00.000Z,2026-09-16T10:36:00,1.06,1.06,1.06,1.06,250000
2026-09-16T07:37:00.000Z,2026-09-16T10:37:00,1.07,1.07,1.07,1.07,2000
2026-09-16T07:38:00.000Z,2026-09-16T10:38:00,1.06,1.06,1.06,1.06,10000
2026-09-16T07:39:00.000Z,2026-09-16T10:39:00,1.06,1.06,1.06,1.06,311315
2026-09-16T07:41:00.000Z,2026-09-16T10:41:00,1.07,1.07,1.07,1.07,178
2026-09-16T07:42:00.000Z,2026-09-16T10:42:00,1.06,1.07,1.06,1.07,5040
2026-09-16T07:43:00.000Z,2026-09-16T10:43:00,1.07,1.07,1.07,1.07,37551
2026-09-16T07:44:00.000Z,2026-09-16T10:44:00,1.06,1.06,1.06,1.06,9345
2026-09-16T07:46:00.000Z,2026-09-16T10:46:00,1.07,1.07,1.07,1.07,616
2026-09-16T07:47:00.000Z,2026-09-16T10:47:00,1.07,1.07,1.07,1.07,6
2026-09-16T07:48:00.000Z,2026-09-16T10:48:00,1.06,1.06,1.06,1.06,253083
2026-09-16T07:49:00.000Z,2026-09-16T10:49:00,1.07,1.07,1.06,1.06,85566
2026-09-16T07:50:00.000Z,2026-09-16T10:50:00,1.07,1.07,1.06,1.06,34253
2026-09-16T07:51:00.000Z,2026-09-16T10:51:00,1.06,1.07,1.06,1.07,119944
2026-09-16T07:52:00.000Z,2026-09-16T10:52:00,1.07,1.07,1.07,1.07,10644
2026-09-16T07:54:00.000Z,2026-09-16T10:54:00,1.07,1.07,1.07,1.07,1512
2026-09-16T07:55:00.000Z,2026-09-16T10:55:00,1.06,1.06,1.06,1.06,137396
2026-09-16T07:56:00.000Z,2026-09-16T10:56:00,1.06,1.06,1.06,1.06,105000
2026-09-16T07:57:00.000Z,2026-09-16T10:57:00,1.06,1.07,1.06,1.07,39466
2026-09-16T07:58:00.000Z,2026-09-16T10:58:00,1.06,1.06,1.06,1.06,255100
2026-09-16T07:59:00.000Z,2026-09-16T10:59:00,1.07,1.07,1.07,1.07,966
2026-09-16T08:00:00.000Z,2026-09-16T11:00:00,1.06,1.07,1.06,1.07,72991
2026-09-16T08:01:00.000Z,2026-09-16T11:01:00,1.06,1.06,1.05,1.06,413853
2026-09-16T08:02:00.000Z,2026-09-16T11:02:00,1.06,1.06,1.06,1.06,75250
2026-09-16T08:05:00.000Z,2026-09-16T11:05:00,1.06,1.06,1.05,1.05,6102
2026-09-16T08:06:00.000Z,2026-09-16T11:06:00,1.06,1.06,1.05,1.06,284528
2026-09-16T08:07:00.000Z,2026-09-16T11:07:00,1.06,1.06,1.06,1.06,4758
2026-09-16T08:08:00.000Z,2026-09-16T11:08:00,1.06,1.06,1.06,1.06,6870
2026-09-16T08:09:00.000Z,2026-09-16T11:09:00,1.05,1.05,1.05,1.05,49968
2026-09-16T08:10:00.000Z,2026-09-16T11:10:00,1.06,1.06,1.06,1.06,700
2026-09-16T08:11:00.000Z,2026-09-16T11:11:00,1.05,1.06,1.05,1.06,9565
2026-09-16T08:12:00.000Z,2026-09-16T11:12:00,1.06,1.06,1.06,1.06,5000
2026-09-16T08:14:00.000Z,2026-09-16T11:14:00,1.06,1.06,1.06,1.06,22
2026-09-16T08:15:00.000Z,2026-09-16T11:15:00,1.06,1.06,1.06,1.06,3301
2026-09-16T08:16:00.000Z,2026-09-16T11:16:00,1.06,1.07,1.06,1.07,330701
2026-09-16T08:17:00.000Z,2026-09-16T11:17:00,1.06,1.07,1.05,1.05,3030100
2026-09-16T08:18:00.000Z,2026-09-16T11:18:00,1.06,1.07,1.06,1.07,504712
2026-09-16T08:19:00.000Z,2026-09-16T11:19:00,1.07,1.07,1.07,1.07,100015
2026-09-16T08:20:00.000Z,2026-09-16T11:20:00,1.07,1.07,1.06,1.06,48560
2026-09-16T08:21:00.000Z,2026-09-16T11:21:00,1.07,1.07,1.07,1.07,50000
2026-09-16T08:23:00.000Z,2026-09-16T11:23:00,1.07,1.07,1.07,1.07,5000
2026-09-16T08:24:00.000Z,2026-09-16T11:24:00,1.06,1.07,1.06,1.07,192890
2026-09-16T08:25:00.000Z,2026-09-16T11:25:00,1.07,1.07,1.07,1.07,952
2026-09-16T08:26:00.000Z,2026-09-16T11:26:00,1.07,1.07,1.06,1.06,144292
2026-09-16T08:27:00.000Z,2026-09-16T11:27:00,1.07,1.07,1.07,1.07,4716
2026-09-16T08:28:00.000Z,2026-09-16T11:28:00,1.06,1.07,1.06,1.07,3032
2026-09-16T08:29:00.000Z,2026-09-16T11:29:00,1.07,1.07,1.07,1.07,71402
2026-09-16T08:30:00.000Z,2026-09-16T11:30:00,1.07,1.07,1.06,1.07,100726
2026-09-16T08:31:00.000Z,2026-09-16T11:31:00,1.07,1.07,1.07,1.07,20000
2026-09-16T08:32:00.000Z,2026-09-16T11:32:00,1.07,1.07,1.07,1.07,98729
2026-09-16T08:33:00.000Z,2026-09-16T11:33:00,1.06,1.07,1.06,1.07,662
2026-09-16T08:34:00.000Z,2026-09-16T11:34:00,1.06,1.06,1.06,1.06,2869
2026-09-16T08:35:00.000Z,2026-09-16T11:35:00,1.07,1.07,1.07,1.07,42115
2026-09-16T08:36:00.000Z,2026-09-16T11:36:00,1.07,1.07,1.07,1.07,300
2026-09-16T08:38:00.000Z,2026-09-16T11:38:00,1.06,1.06,1.06,1.06,1000
2026-09-16T08:39:00.000Z,2026-09-16T11:39:00,1.06,1.06,1.06,1.06,14942
2026-09-16T08:40:00.000Z,2026-09-16T11:40:00,1.07,1.07,1.07,1.07,1400000
2026-09-16T08:41:00.000Z,2026-09-16T11:41:00,1.07,1.07,1.07,1.07,20280
2026-09-16T08:43:00.000Z,2026-09-16T11:43:00,1.07,1.07,1.06,1.06,64872
2026-09-16T08:44:00.000Z,2026-09-16T11:44:00,1.07,1.07,1.07,1.07,558
2026-09-16T08:45:00.000Z,2026-09-16T11:45:00,1.07,1.07,1.07,1.07,55625
2026-09-16T08:46:00.000Z,2026-09-16T11:46:00,1.07,1.07,1.07,1.07,3000
2026-09-16T08:47:00.000Z,2026-09-16T11:47:00,1.07,1.07,1.07,1.07,53842
2026-09-16T08:49:00.000Z,2026-09-16T11:49:00,1.06,1.06,1.06,1.06,310
2026-09-16T08:50:00.000Z,2026-09-16T11:50:00,1.06,1.06,1.06,1.06,10000
2026-09-16T08:52:00.000Z,2026-09-16T11:52:00,1.06,1.07,1.06,1.07,20559
2026-09-16T08:54:00.000Z,2026-09-16T11:54:00,1.06,1.07,1.06,1.07,78858
2026-09-16T08:55:00.000Z,2026-09-16T11:55:00,1.07,1.07,1.06,1.07,11107
2026-09-16T08:56:00.000Z,2026-09-16T11:56:00,1.07,1.07,1.06,1.07,7041
2026-09-16T08:57:00.000Z,2026-09-16T11:57:00,1.06,1.06,1.06,1.06,22500
2026-09-16T08:58:00.000Z,2026-09-16T11:58:00,1.06,1.07,1.06,1.06,1580829
2026-09-16T08:59:00.000Z,2026-09-16T11:59:00,1.06,1.06,1.06,1.06,216336
2026-09-16T09:00:00.000Z,2026-09-16T12:00:00,1.06,1.06,1.06,1.06,3665
2026-09-16T09:01:00.000Z,2026-09-16T12:01:00,1.06,1.06,1.06,1.06,200000
2026-09-16T09:02:00.000Z,2026-09-16T12:02:00,1.06,1.06,1.05,1.05,1000790
2026-09-16T09:03:00.000Z,2026-09-16T12:03:00,1.06,1.06,1.06,1.06,183642
2026-09-16T09:04:00.000Z,2026-09-16T12:04:00,1.06,1.06,1.06,1.06,50000
2026-09-16T09:05:00.000Z,2026-09-16T12:05:00,1.06,1.06,1.06,1.06,2284
2026-09-16T09:07:00.000Z,2026-09-16T12:07:00,1.05,1.05,1.05,1.05,1000000
2026-09-16T09:09:00.000Z,2026-09-16T12:09:00,1.05,1.05,1.05,1.05,300000
2026-09-16T09:11:00.000Z,2026-09-16T12:11:00,1.06,1.06,1.06,1.06,28000
2026-09-16T09:12:00.000Z,2026-09-16T12:12:00,1.05,1.06,1.05,1.06,3529
2026-09-16T09:13:00.000Z,2026-09-16T12:13:00,1.05,1.05,1.05,1.05,1823
2026-09-16T09:14:00.000Z,2026-09-16T12:14:00,1.06,1.06,1.06,1.06,357
2026-09-16T09:15:00.000Z,2026-09-16T12:15:00,1.06,1.06,1.06,1.06,2500
2026-09-16T09:16:00.000Z,2026-09-16T12:16:00,1.05,1.05,1.05,1.05,1000000
2026-09-16T09:17:00.000Z,2026-09-16T12:17:00,1.06,1.06,1.05,1.05,102150
2026-09-16T09:18:00.000Z,2026-09-16T12:18:00,1.05,1.05,1.05,1.05,209000
2026-09-16T09:20:00.000Z,2026-09-16T12:20:00,1.06,1.06,1.06,1.06,952
2026-09-16T09:21:00.000Z,2026-09-16T12:21:00,1.06,1.06,1.06,1.06,100000
2026-09-16T09:24:00.000Z,2026-09-16T12:24:00,1.06,1.06,1.06,1.06,10000
2026-09-16T09:25:00.000Z,2026-09-16T12:25:00,1.06,1.06,1.06,1.06,2
2026-09-16T09:26:00.000Z,2026-09-16T12:26:00,1.06,1.06,1.06,1.06,80273
2026-09-16T09:27:00.000Z,2026-09-16T12:27:00,1.05,1.06,1.05,1.06,20034
2026-09-16T09:28:00.000Z,2026-09-16T12:28:00,1.06,1.06,1.06,1.06,1886
2026-09-16T09:29:00.000Z,2026-09-16T12:29:00,1.06,1.06,1.06,1.06,35
2026-09-16T09:30:00.000Z,2026-09-16T12:30:00,1.05,1.06,1.05,1.05,1452076
2026-09-16T09:31:00.000Z,2026-09-16T12:31:00,1.06,1.06,1.06,1.06,10059
2026-09-16T09:32:00.000Z,2026-09-16T12:32:00,1.06,1.06,1.06,1.06,85
2026-09-16T09:34:00.000Z,2026-09-16T12:34:00,1.06,1.06,1.05,1.05,4588122
2026-09-16T09:35:00.000Z,2026-09-16T12:35:00,1.05,1.06,1.05,1.05,995025
2026-09-16T09:36:00.000Z,2026-09-16T12:36:00,1.05,1.05,1.05,1.05,700136
2026-09-16T09:37:00.000Z,2026-09-16T12:37:00,1.05,1.05,1.05,1.05,49686
2026-09-16T09:38:00.000Z,2026-09-16T12:38:00,1.05,1.05,1.05,1.05,11967
2026-09-16T09:40:00.000Z,2026-09-16T12:40:00,1.05,1.05,1.05,1.05,2907
2026-09-16T09:41:00.000Z,2026-09-16T12:41:00,1.04,1.05,1.04,1.05,150732
2026-09-16T09:42:00.000Z,2026-09-16T12:42:00,1.05,1.05,1.05,1.05,74834
2026-09-16T09:44:00.000Z,2026-09-16T12:44:00,1.05,1.05,1.05,1.05,10000
2026-09-16T09:45:00.000Z,2026-09-16T12:45:00,1.05,1.06,1.05,1.06,25047
2026-09-16T09:46:00.000Z,2026-09-16T12:46:00,1.05,1.05,1.05,1.05,21000
2026-09-16T09:47:00.000Z,2026-09-16T12:47:00,1.05,1.05,1.05,1.05,1761
2026-09-16T09:49:00.000Z,2026-09-16T12:49:00,1.05,1.05,1.05,1.05,55249
2026-09-16T09:50:00.000Z,2026-09-16T12:50:00,1.05,1.05,1.05,1.05,214751
2026-09-16T09:51:00.000Z,2026-09-16T12:51:00,1.05,1.05,1.04,1.04,26030
2026-09-16T09:52:00.000Z,2026-09-16T12:52:00,1.05,1.05,1.05,1.05,20500
2026-09-16T09:53:00.000Z,2026-09-16T12:53:00,1.05,1.05,1.05,1.05,260439
2026-09-16T09:56:00.000Z,2026-09-16T12:56:00,1.05,1.05,1.05,1.05,205634
2026-09-16T09:57:00.000Z,2026-09-16T12:57:00,1.05,1.05,1.05,1.05,40000
2026-09-16T09:58:00.000Z,2026-09-16T12:58:00,1.04,1.04,1.04,1.04,8
2026-09-16T09:59:00.000Z,2026-09-16T12:59:00,1.04,1.05,1.04,1.05,7439
2026-09-16T10:00:00.000Z,2026-09-16T13:00:00,1.05,1.05,1.05,1.05,98
2026-09-16T10:01:00.000Z,2026-09-16T13:01:00,1.05,1.05,1.04,1.04,500582
2026-09-16T10:02:00.000Z,2026-09-16T13:02:00,1.04,1.05,1.04,1.05,24247
2026-09-16T10:03:00.000Z,2026-09-16T13:03:00,1.05,1.05,1.05,1.05,35
2026-09-16T10:04:00.000Z,2026-09-16T13:04:00,1.05,1.05,1.05,1.05,50000
2026-09-16T10:05:00.000Z,2026-09-16T13:05:00,1.05,1.05,1.05,1.05,64128
2026-09-16T10:06:00.000Z,2026-09-16T13:06:00,1.05,1.05,1.04,1.04,59975
2026-09-16T10:08:00.000Z,2026-09-16T13:08:00,1.05,1.05,1.05,1.05,20823
2026-09-16T10:09:00.000Z,2026-09-16T13:09:00,1.04,1.05,1.04,1.05,305000
2026-09-16T10:11:00.000Z,2026-09-16T13:11:00,1.04,1.04,1.04,1.04,857
2026-09-16T10:12:00.000Z,2026-09-16T13:12:00,1.05,1.05,1.05,1.05,1921
2026-09-16T10:14:00.000Z,2026-09-16T13:14:00,1.05,1.05,1.05,1.05,61648
2026-09-16T10:16:00.000Z,2026-09-16T13:16:00,1.05,1.05,1.05,1.05,12097
2026-09-16T10:17:00.000Z,2026-09-16T13:17:00,1.05,1.05,1.05,1.05,16375
2026-09-16T10:18:00.000Z,2026-09-16T13:18:00,1.05,1.05,1.05,1.05,13250
2026-09-16T10:21:00.000Z,2026-09-16T13:21:00,1.05,1.05,1.05,1.05,3000
2026-09-16T10:23:00.000Z,2026-09-16T13:23:00,1.04,1.05,1.04,1.05,2985
2026-09-16T10:24:00.000Z,2026-09-16T13:24:00,1.05,1.05,1.05,1.05,26808
2026-09-16T10:25:00.000Z,2026-09-16T13:25:00,1.05,1.05,1.05,1.05,7913
2026-09-16T10:26:00.000Z,2026-09-16T13:26:00,1.05,1.05,1.05,1.05,9368
2026-09-16T10:27:00.000Z,2026-09-16T13:27:00,1.05,1.05,1.05,1.05,990975
2026-09-16T10:28:00.000Z,2026-09-16T13:28:00,1.04,1.04,1.04,1.04,205000
2026-09-16T10:29:00.000Z,2026-09-16T13:29:00,1.05,1.05,1.05,1.05,32586
2026-09-16T10:30:00.000Z,2026-09-16T13:30:00,1.05,1.05,1.05,1.05,1510
2026-09-16T10:31:00.000Z,2026-09-16T13:31:00,1.05,1.05,1.05,1.05,100000
2026-09-16T10:32:00.000Z,2026-09-16T13:32:00,1.05,1.05,1.05,1.05,7380
2026-09-16T10:33:00.000Z,2026-09-16T13:33:00,1.05,1.05,1.05,1.05,169
2026-09-16T10:34:00.000Z,2026-09-16T13:34:00,1.05,1.05,1.05,1.05,13910
2026-09-16T10:35:00.000Z,2026-09-16T13:35:00,1.04,1.04,1.04,1.04,1428
2026-09-16T10:36:00.000Z,2026-09-16T13:36:00,1.04,1.05,1.04,1.05,3864
2026-09-16T10:37:00.000Z,2026-09-16T13:37:00,1.05,1.05,1.05,1.05,44069
2026-09-16T10:38:00.000Z,2026-09-16T13:38:00,1.05,1.05,1.05,1.05,20811
2026-09-16T10:39:00.000Z,2026-09-16T13:39:00,1.05,1.05,1.05,1.05,65
2026-09-16T10:40:00.000Z,2026-09-16T13:40:00,1.04,1.04,1.04,1.04,12141
2026-09-16T10:41:00.000Z,2026-09-16T13:41:00,1.04,1.04,1.04,1.04,8000
2026-09-16T10:42:00.000Z,2026-09-16T13:42:00,1.04,1.05,1.04,1.04,19558
2026-09-16T10:43:00.000Z,2026-09-16T13:43:00,1.05,1.05,1.05,1.05,125238
2026-09-16T10:44:00.000Z,2026-09-16T13:44:00,1.04,1.04,1.04,1.04,40078
2026-09-16T10:45:00.000Z,2026-09-16T13:45:00,1.05,1.05,1.05,1.05,1839
2026-09-16T10:47:00.000Z,2026-09-16T13:47:00,1.05,1.05,1.04,1.04,16559
2026-09-16T10:51:00.000Z,2026-09-16T13:51:00,1.05,1.05,1.04,1.05,9081
2026-09-16T10:52:00.000Z,2026-09-16T13:52:00,1.05,1.05,1.05,1.05,2000
2026-09-16T10:53:00.000Z,2026-09-16T13:53:00,1.04,1.04,1.04,1.04,45000
2026-09-16T10:54:00.000Z,2026-09-16T13:54:00,1.04,1.04,1.04,1.04,9911
2026-09-16T10:55:00.000Z,2026-09-16T13:55:00,1.04,1.05,1.04,1.05,4813
2026-09-16T10:56:00.000Z,2026-09-16T13:56:00,1.05,1.05,1.05,1.05,100000
2026-09-16T10:58:00.000Z,2026-09-16T13:58:00,1.05,1.05,1.05,1.05,500
2026-09-16T11:00:00.000Z,2026-09-16T14:00:00,1.04,1.04,1.04,1.04,1500000
2026-09-16T11:01:00.000Z,2026-09-16T14:01:00,1.04,1.05,1.04,1.05,25500
2026-09-16T11:02:00.000Z,2026-09-16T14:02:00,1.05,1.05,1.05,1.05,33516
2026-09-16T11:04:00.000Z,2026-09-16T14:04:00,1.04,1.04,1.04,1.04,230000
2026-09-16T11:05:00.000Z,2026-09-16T14:05:00,1.04,1.05,1.04,1.05,287885
2026-09-16T11:06:00.000Z,2026-09-16T14:06:00,1.04,1.05,1.04,1.04,549127
2026-09-16T11:07:00.000Z,2026-09-16T14:07:00,1.04,1.04,1.04,1.04,4000100
2026-09-16T11:08:00.000Z,2026-09-16T14:08:00,1.04,1.05,1.04,1.04,1303211
2026-09-16T11:09:00.000Z,2026-09-16T14:09:00,1.04,1.04,1.04,1.04,68661
2026-09-16T11:10:00.000Z,2026-09-16T14:10:00,1.04,1.04,1.04,1.04,151687
2026-09-16T11:11:00.000Z,2026-09-16T14:11:00,1.04,1.04,1.03,1.03,191415
2026-09-16T11:12:00.000Z,2026-09-16T14:12:00,1.03,1.04,1.03,1.04,71653
2026-09-16T11:13:00.000Z,2026-09-16T14:13:00,1.04,1.04,1.04,1.04,179746
2026-09-16T11:14:00.000Z,2026-09-16T14:14:00,1.04,1.04,1.03,1.04,60661
2026-09-16T11:25:00.000Z,2026-09-16T14:25:00,1.05,1.05,1.05,1.05,1349438
2026-09-16T11:26:00.000Z,2026-09-16T14:26:00,1.05,1.05,1.05,1.05,1003502
2026-09-16T11:27:00.000Z,2026-09-16T14:27:00,1.05,1.05,1.05,1.05,49302
2026-09-16T11:29:00.000Z,2026-09-16T14:29:00,1.05,1.05,1.05,1.05,189498
2026-09-17T07:00:00.000Z,2026-09-17T10:00:00,1.04,1.04,1.04,1.04,667730
2026-09-17T07:01:00.000Z,2026-09-17T10:01:00,1.04,1.04,1.04,1.04,100000
2026-09-17T07:02:00.000Z,2026-09-17T10:02:00,1.04,1.04,1.03,1.03,206037
2026-09-17T07:04:00.000Z,2026-09-17T10:04:00,1.04,1.04,1.04,1.04,190
2026-09-17T07:05:00.000Z,2026-09-17T10:05:00,1.04,1.04,1.04,1.04,87014
2026-09-17T07:06:00.000Z,2026-09-17T10:06:00,1.04,1.04,1.04,1.04,5007
2026-09-17T07:08:00.000Z,2026-09-17T10:08:00,1.04,1.04,1.04,1.04,18843
2026-09-17T07:09:00.000Z,2026-09-17T10:09:00,1.05,1.05,1.05,1.05,250593
2026-09-17T07:10:00.000Z,2026-09-17T10:10:00,1.04,1.04,1.04,1.04,87542
2026-09-17T07:11:00.000Z,2026-09-17T10:11:00,1.05,1.05,1.05,1.05,2005646
2026-09-17T07:12:00.000Z,2026-09-17T10:12:00,1.06,1.06,1.06,1.06,91
2026-09-17T07:13:00.000Z,2026-09-17T10:13:00,1.06,1.06,1.06,1.06,1904
2026-09-17T07:15:00.000Z,2026-09-17T10:15:00,1.05,1.06,1.05,1.06,377
2026-09-17T07:16:00.000Z,2026-09-17T10:16:00,1.05,1.06,1.05,1.06,1697
2026-09-17T07:17:00.000Z,2026-09-17T10:17:00,1.06,1.06,1.05,1.05,3279
2026-09-17T07:18:00.000Z,2026-09-17T10:18:00,1.06,1.06,1.06,1.06,3481
2026-09-17T07:19:00.000Z,2026-09-17T10:19:00,1.06,1.06,1.06,1.06,1000000
2026-09-17T07:20:00.000Z,2026-09-17T10:20:00,1.06,1.06,1.06,1.06,653042
2026-09-17T07:21:00.000Z,2026-09-17T10:21:00,1.07,1.07,1.06,1.06,487509
2026-09-17T07:22:00.000Z,2026-09-17T10:22:00,1.07,1.07,1.06,1.06,432980
2026-09-17T07:23:00.000Z,2026-09-17T10:23:00,1.06,1.06,1.06,1.06,207098
2026-09-17T07:24:00.000Z,2026-09-17T10:24:00,1.06,1.06,1.06,1.06,11017
2026-09-17T07:25:00.000Z,2026-09-17T10:25:00,1.07,1.07,1.07,1.07,16666
2026-09-17T07:26:00.000Z,2026-09-17T10:26:00,1.06,1.06,1.06,1.06,355000
2026-09-17T07:28:00.000Z,2026-09-17T10:28:00,1.06,1.07,1.06,1.06,13888
2026-09-17T07:29:00.000Z,2026-09-17T10:29:00,1.06,1.07,1.06,1.07,25900
2026-09-17T07:30:00.000Z,2026-09-17T10:30:00,1.07,1.07,1.06,1.06,12000
2026-09-17T07:31:00.000Z,2026-09-17T10:31:00,1.06,1.06,1.06,1.06,100000
2026-09-17T07:32:00.000Z,2026-09-17T10:32:00,1.07,1.07,1.07,1.07,25000
2026-09-17T07:33:00.000Z,2026-09-17T10:33:00,1.07,1.07,1.07,1.07,12527
2026-09-17T07:34:00.000Z,2026-09-17T10:34:00,1.07,1.07,1.07,1.07,60000
2026-09-17T07:35:00.000Z,2026-09-17T10:35:00,1.07,1.07,1.06,1.07,1150184
2026-09-17T07:36:00.000Z,2026-09-17T10:36:00,1.07,1.07,1.06,1.07,654223
2026-09-17T07:37:00.000Z,2026-09-17T10:37:00,1.07,1.07,1.07,1.07,240292
2026-09-17T07:38:00.000Z,2026-09-17T10:38:00,1.07,1.07,1.07,1.07,16560
2026-09-17T07:39:00.000Z,2026-09-17T10:39:00,1.07,1.07,1.06,1.06,52233
2026-09-17T07:40:00.000Z,2026-09-17T10:40:00,1.07,1.07,1.07,1.07,492527
2026-09-17T07:41:00.000Z,2026-09-17T10:41:00,1.07,1.07,1.07,1.07,519457
2026-09-17T07:42:00.000Z,2026-09-17T10:42:00,1.06,1.07,1.06,1.06,33975
2026-09-17T07:44:00.000Z,2026-09-17T10:44:00,1.07,1.07,1.07,1.07,29668
2026-09-17T07:45:00.000Z,2026-09-17T10:45:00,1.06,1.07,1.06,1.07,613128
2026-09-17T07:47:00.000Z,2026-09-17T10:47:00,1.07,1.07,1.07,1.07,3210
2026-09-17T07:48:00.000Z,2026-09-17T10:48:00,1.07,1.07,1.07,1.07,65
2026-09-17T07:50:00.000Z,2026-09-17T10:50:00,1.07,1.07,1.07,1.07,1000
2026-09-17T07:51:00.000Z,2026-09-17T10:51:00,1.06,1.07,1.06,1.06,840500
2026-09-17T07:52:00.000Z,2026-09-17T10:52:00,1.06,1.06,1.06,1.06,54250
2026-09-17T07:53:00.000Z,2026-09-17T10:53:00,1.07,1.07,1.06,1.06,18432
2026-09-17T07:54:00.000Z,2026-09-17T10:54:00,1.07,1.07,1.06,1.06,12272
2026-09-17T07:55:00.000Z,2026-09-17T10:55:00,1.07,1.07,1.06,1.07,4003
2026-09-17T07:57:00.000Z,2026-09-17T10:57:00,1.07,1.07,1.07,1.07,4000
2026-09-17T07:58:00.000Z,2026-09-17T10:58:00,1.07,1.07,1.07,1.07,50352
2026-09-17T07:59:00.000Z,2026-09-17T10:59:00,1.06,1.07,1.06,1.07,162192
2026-09-17T08:00:00.000Z,2026-09-17T11:00:00,1.06,1.07,1.06,1.07,93539
2026-09-17T08:01:00.000Z,2026-09-17T11:01:00,1.07,1.07,1.07,1.07,10000
2026-09-17T08:02:00.000Z,2026-09-17T11:02:00,1.07,1.07,1.07,1.07,11550
2026-09-17T08:03:00.000Z,2026-09-17T11:03:00,1.07,1.07,1.07,1.07,708000
2026-09-17T08:04:00.000Z,2026-09-17T11:04:00,1.07,1.07,1.07,1.07,1000
2026-09-17T08:05:00.000Z,2026-09-17T11:05:00,1.07,1.07,1.07,1.07,2000
2026-09-17T08:06:00.000Z,2026-09-17T11:06:00,1.07,1.07,1.07,1.07,665
2026-09-17T08:08:00.000Z,2026-09-17T11:08:00,1.06,1.06,1.06,1.06,38986
2026-09-17T08:09:00.000Z,2026-09-17T11:09:00,1.06,1.06,1.06,1.06,47120
2026-09-17T08:10:00.000Z,2026-09-17T11:10:00,1.07,1.07,1.07,1.07,4716
2026-09-17T08:11:00.000Z,2026-09-17T11:11:00,1.07,1.07,1.07,1.07,1083
2026-09-17T08:12:00.000Z,2026-09-17T11:12:00,1.07,1.07,1.07,1.07,5000
2026-09-17T08:14:00.000Z,2026-09-17T11:14:00,1.07,1.07,1.07,1.07,4074
2026-09-17T08:15:00.000Z,2026-09-17T11:15:00,1.07,1.07,1.07,1.07,9266
2026-09-17T08:16:00.000Z,2026-09-17T11:16:00,1.07,1.07,1.06,1.06,392060
2026-09-17T08:17:00.000Z,2026-09-17T11:17:00,1.06,1.07,1.06,1.07,628839
2026-09-17T08:18:00.000Z,2026-09-17T11:18:00,1.06,1.06,1.06,1.06,223467
2026-09-17T08:19:00.000Z,2026-09-17T11:19:00,1.06,1.06,1.05,1.05,82426
2026-09-17T08:21:00.000Z,2026-09-17T11:21:00,1.06,1.06,1.06,1.06,902680
2026-09-17T08:22:00.000Z,2026-09-17T11:22:00,1.06,1.06,1.06,1.06,4000
2026-09-17T08:23:00.000Z,2026-09-17T11:23:00,1.06,1.06,1.06,1.06,40
2026-09-17T08:24:00.000Z,2026-09-17T11:24:00,1.06,1.06,1.06,1.06,40000
2026-09-17T08:25:00.000Z,2026-09-17T11:25:00,1.05,1.06,1.05,1.06,10040
2026-09-17T08:26:00.000Z,2026-09-17T11:26:00,1.05,1.06,1.05,1.06,12803
2026-09-17T08:28:00.000Z,2026-09-17T11:28:00,1.05,1.05,1.05,1.05,3883
2026-09-17T08:29:00.000Z,2026-09-17T11:29:00,1.05,1.06,1.05,1.06,4940
2026-09-17T08:30:00.000Z,2026-09-17T11:30:00,1.05,1.05,1.05,1.05,4672
2026-09-17T08:31:00.000Z,2026-09-17T11:31:00,1.06,1.06,1.06,1.06,2448
2026-09-17T08:32:00.000Z,2026-09-17T11:32:00,1.06,1.06,1.06,1.06,1467
2026-09-17T08:33:00.000Z,2026-09-17T11:33:00,1.06,1.06,1.06,1.06,5000
2026-09-17T08:34:00.000Z,2026-09-17T11:34:00,1.05,1.05,1.05,1.05,6740
2026-09-17T08:35:00.000Z,2026-09-17T11:35:00,1.06,1.06,1.06,1.06,47619
2026-09-17T08:36:00.000Z,2026-09-17T11:36:00,1.06,1.06,1.06,1.06,424
2026-09-17T08:37:00.000Z,2026-09-17T11:37:00,1.06,1.06,1.05,1.05,296
2026-09-17T08:40:00.000Z,2026-09-17T11:40:00,1.05,1.05,1.05,1.05,20000
2026-09-17T08:41:00.000Z,2026-09-17T11:41:00,1.06,1.06,1.05,1.05,844143
2026-09-17T08:42:00.000Z,2026-09-17T11:42:00,1.05,1.06,1.05,1.06,520
2026-09-17T08:43:00.000Z,2026-09-17T11:43:00,1.05,1.05,1.05,1.05,9354
2026-09-17T08:44:00.000Z,2026-09-17T11:44:00,1.06,1.06,1.06,1.06,27469
2026-09-17T08:45:00.000Z,2026-09-17T11:45:00,1.06,1.06,1.06,1.06,1000
2026-09-17T08:46:00.000Z,2026-09-17T11:46:00,1.06,1.06,1.06,1.06,705524
2026-09-17T08:47:00.000Z,2026-09-17T11:47:00,1.06,1.07,1.06,1.07,65553
2026-09-17T08:48:00.000Z,2026-09-17T11:48:00,1.07,1.07,1.07,1.07,2
2026-09-17T08:50:00.000Z,2026-09-17T11:50:00,1.06,1.06,1.06,1.06,10000
2026-09-17T08:51:00.000Z,2026-09-17T11:51:00,1.06,1.06,1.06,1.06,14921
2026-09-17T08:53:00.000Z,2026-09-17T11:53:00,1.06,1.06,1.06,1.06,30231
2026-09-17T08:55:00.000Z,2026-09-17T11:55:00,1.07,1.07,1.07,1.07,23589
2026-09-17T08:56:00.000Z,2026-09-17T11:56:00,1.06,1.06,1.06,1.06,113208
2026-09-17T08:58:00.000Z,2026-09-17T11:58:00,1.06,1.06,1.06,1.06,131592
2026-09-17T09:00:00.000Z,2026-09-17T12:00:00,1.06,1.06,1.06,1.06,64
2026-09-17T09:01:00.000Z,2026-09-17T12:01:00,1.06,1.06,1.06,1.06,5000
2026-09-17T09:04:00.000Z,2026-09-17T12:04:00,1.05,1.05,1.05,1.05,165
2026-09-17T09:05:00.000Z,2026-09-17T12:05:00,1.06,1.06,1.06,1.06,18634
2026-09-17T09:06:00.000Z,2026-09-17T12:06:00,1.06,1.06,1.06,1.06,43573
2026-09-17T09:07:00.000Z,2026-09-17T12:07:00,1.06,1.06,1.06,1.06,442587
2026-09-17T09:09:00.000Z,2026-09-17T12:09:00,1.06,1.06,1.06,1.06,7000
2026-09-17T09:11:00.000Z,2026-09-17T12:11:00,1.06,1.06,1.06,1.06,2500
2026-09-17T09:12:00.000Z,2026-09-17T12:12:00,1.06,1.06,1.06,1.06,5500
2026-09-17T09:14:00.000Z,2026-09-17T12:14:00,1.06,1.06,1.06,1.06,118703
2026-09-17T09:15:00.000Z,2026-09-17T12:15:00,1.06,1.06,1.06,1.06,15019
2026-09-17T09:16:00.000Z,2026-09-17T12:16:00,1.06,1.06,1.06,1.06,40059
2026-09-17T09:19:00.000Z,2026-09-17T12:19:00,1.07,1.07,1.07,1.07,10
2026-09-17T09:20:00.000Z,2026-09-17T12:20:00,1.06,1.07,1.06,1.07,5808
2026-09-17T09:21:00.000Z,2026-09-17T12:21:00,1.06,1.07,1.06,1.07,100008
2026-09-17T09:22:00.000Z,2026-09-17T12:22:00,1.06,1.07,1.06,1.07,20010
2026-09-17T09:23:00.000Z,2026-09-17T12:23:00,1.06,1.06,1.06,1.06,20000
2026-09-17T09:24:00.000Z,2026-09-17T12:24:00,1.06,1.06,1.06,1.06,4000
2026-09-17T09:26:00.000Z,2026-09-17T12:26:00,1.07,1.07,1.07,1.07,1000
2026-09-17T09:27:00.000Z,2026-09-17T12:27:00,1.07,1.07,1.07,1.07,33
2026-09-17T09:30:00.000Z,2026-09-17T12:30:00,1.06,1.06,1.06,1.06,1000
2026-09-17T09:31:00.000Z,2026-09-17T12:31:00,1.07,1.07,1.07,1.07,1500
2026-09-17T09:33:00.000Z,2026-09-17T12:33:00,1.06,1.06,1.06,1.06,110
2026-09-17T09:36:00.000Z,2026-09-17T12:36:00,1.06,1.06,1.06,1.06,11000
2026-09-17T09:38:00.000Z,2026-09-17T12:38:00,1.07,1.07,1.06,1.06,44081
2026-09-17T09:40:00.000Z,2026-09-17T12:40:00,1.06,1.06,1.06,1.06,10000
2026-09-17T09:41:00.000Z,2026-09-17T12:41:00,1.06,1.06,1.06,1.06,2500
2026-09-17T09:42:00.000Z,2026-09-17T12:42:00,1.07,1.07,1.06,1.06,25140
2026-09-17T09:43:00.000Z,2026-09-17T12:43:00,1.06,1.06,1.06,1.06,550010
2026-09-17T09:45:00.000Z,2026-09-17T12:45:00,1.07,1.07,1.07,1.07,332
2026-09-17T09:47:00.000Z,2026-09-17T12:47:00,1.06,1.06,1.06,1.06,54672
2026-09-17T09:49:00.000Z,2026-09-17T12:49:00,1.07,1.07,1.07,1.07,1940
2026-09-17T09:52:00.000Z,2026-09-17T12:52:00,1.07,1.07,1.07,1.07,60
2026-09-17T09:55:00.000Z,2026-09-17T12:55:00,1.07,1.07,1.07,1.07,5637
2026-09-17T09:56:00.000Z,2026-09-17T12:56:00,1.07,1.07,1.06,1.06,773163
2026-09-17T09:57:00.000Z,2026-09-17T12:57:00,1.05,1.06,1.05,1.06,13174
2026-09-17T09:58:00.000Z,2026-09-17T12:58:00,1.05,1.06,1.05,1.06,25310
2026-09-17T09:59:00.000Z,2026-09-17T12:59:00,1.06,1.06,1.06,1.06,10
2026-09-17T10:00:00.000Z,2026-09-17T13:00:00,1.06,1.06,1.06,1.06,91000
2026-09-17T10:03:00.000Z,2026-09-17T13:03:00,1.06,1.06,1.05,1.05,33534
2026-09-17T10:04:00.000Z,2026-09-17T13:04:00,1.06,1.06,1.06,1.06,27932
2026-09-17T10:05:00.000Z,2026-09-17T13:05:00,1.06,1.06,1.06,1.06,23616
2026-09-17T10:06:00.000Z,2026-09-17T13:06:00,1.06,1.06,1.06,1.06,2384
2026-09-17T10:07:00.000Z,2026-09-17T13:07:00,1.06,1.06,1.06,1.06,2000
2026-09-17T10:08:00.000Z,2026-09-17T13:08:00,1.06,1.06,1.06,1.06,90000
2026-09-17T10:09:00.000Z,2026-09-17T13:09:00,1.06,1.06,1.06,1.06,419061
2026-09-17T10:12:00.000Z,2026-09-17T13:12:00,1.06,1.07,1.06,1.07,23875
2026-09-17T10:13:00.000Z,2026-09-17T13:13:00,1.07,1.07,1.07,1.07,101871
2026-09-17T10:15:00.000Z,2026-09-17T13:15:00,1.07,1.07,1.06,1.06,41630
2026-09-17T10:16:00.000Z,2026-09-17T13:16:00,1.07,1.07,1.07,1.07,1415
2026-09-17T10:17:00.000Z,2026-09-17T13:17:00,1.07,1.07,1.06,1.06,837828
2026-09-17T10:18:00.000Z,2026-09-17T13:18:00,1.05,1.05,1.05,1.05,100
2026-09-17T10:20:00.000Z,2026-09-17T13:20:00,1.06,1.06,1.06,1.06,50031
2026-09-17T10:23:00.000Z,2026-09-17T13:23:00,1.06,1.06,1.06,1.06,1000
2026-09-17T10:24:00.000Z,2026-09-17T13:24:00,1.06,1.06,1.06,1.06,396
2026-09-17T10:25:00.000Z,2026-09-17T13:25:00,1.06,1.06,1.06,1.06,12
2026-09-17T10:29:00.000Z,2026-09-17T13:29:00,1.05,1.05,1.05,1.05,349400
2026-09-17T10:31:00.000Z,2026-09-17T13:31:00,1.05,1.06,1.05,1.05,3505025
2026-09-17T10:32:00.000Z,2026-09-17T13:32:00,1.05,1.05,1.05,1.05,2320
2026-09-17T10:33:00.000Z,2026-09-17T13:33:00,1.06,1.06,1.06,1.06,37458
2026-09-17T10:34:00.000Z,2026-09-17T13:34:00,1.06,1.06,1.05,1.06,1054816
2026-09-17T10:35:00.000Z,2026-09-17T13:35:00,1.06,1.06,1.06,1.06,10000
2026-09-17T10:36:00.000Z,2026-09-17T13:36:00,1.06,1.06,1.05,1.05,43253
2026-09-17T10:37:00.000Z,2026-09-17T13:37:00,1.05,1.05,1.05,1.05,21
2026-09-17T10:38:00.000Z,2026-09-17T13:38:00,1.05,1.05,1.05,1.05,2000016
2026-09-17T10:39:00.000Z,2026-09-17T13:39:00,1.05,1.05,1.05,1.05,1300000
2026-09-17T10:41:00.000Z,2026-09-17T13:41:00,1.06,1.06,1.06,1.06,80200
2026-09-17T10:42:00.000Z,2026-09-17T13:42:00,1.06,1.06,1.06,1.06,2002991
2026-09-17T10:43:00.000Z,2026-09-17T13:43:00,1.06,1.06,1.06,1.06,15152
2026-09-17T10:44:00.000Z,2026-09-17T13:44:00,1.07,1.07,1.07,1.07,73013
2026-09-17T10:45:00.000Z,2026-09-17T13:45:00,1.06,1.06,1.05,1.05,457716
2026-09-17T10:46:00.000Z,2026-09-17T13:46:00,1.06,1.06,1.06,1.06,11986
2026-09-17T10:47:00.000Z,2026-09-17T13:47:00,1.06,1.06,1.06,1.06,5993
2026-09-17T10:48:00.000Z,2026-09-17T13:48:00,1.06,1.06,1.06,1.06,11986
2026-09-17T10:49:00.000Z,2026-09-17T13:49:00,1.05,1.06,1.05,1.05,98337
2026-09-17T10:50:00.000Z,2026-09-17T13:50:00,1.05,1.06,1.05,1.06,79310
2026-09-17T10:51:00.000Z,2026-09-17T13:51:00,1.06,1.06,1.06,1.06,36214
2026-09-17T10:52:00.000Z,2026-09-17T13:52:00,1.06,1.06,1.06,1.06,5993
2026-09-17T10:53:00.000Z,2026-09-17T13:53:00,1.06,1.06,1.06,1.06,15553
2026-09-17T10:54:00.000Z,2026-09-17T13:54:00,1.06,1.06,1.06,1.06,5993
2026-09-17T10:55:00.000Z,2026-09-17T13:55:00,1.06,1.06,1.06,1.06,483492
2026-09-17T10:56:00.000Z,2026-09-17T13:56:00,1.06,1.07,1.06,1.06,555987
2026-09-17T10:57:00.000Z,2026-09-17T13:57:00,1.06,1.06,1.06,1.06,5993
2026-09-17T10:58:00.000Z,2026-09-17T13:58:00,1.06,1.06,1.06,1.06,11984
2026-09-17T10:59:00.000Z,2026-09-17T13:59:00,1.06,1.06,1.06,1.06,400064
2026-09-17T11:00:00.000Z,2026-09-17T14:00:00,1.06,1.06,1.06,1.06,20098
2026-09-17T11:01:00.000Z,2026-09-17T14:01:00,1.06,1.07,1.06,1.07,2464033
2026-09-17T11:02:00.000Z,2026-09-17T14:02:00,1.07,1.07,1.07,1.07,6992
2026-09-17T11:03:00.000Z,2026-09-17T14:03:00,1.07,1.07,1.06,1.06,11334
2026-09-17T11:04:00.000Z,2026-09-17T14:04:00,1.07,1.07,1.07,1.07,2853709
2026-09-17T11:05:00.000Z,2026-09-17T14:05:00,1.07,1.07,1.07,1.07,1803153
2026-09-17T11:06:00.000Z,2026-09-17T14:06:00,1.08,1.08,1.08,1.08,11984
2026-09-17T11:07:00.000Z,2026-09-17T14:07:00,1.08,1.08,1.08,1.08,5992
2026-09-17T11:08:00.000Z,2026-09-17T14:08:00,1.08,1.08,1.07,1.08,243020
2026-09-17T11:09:00.000Z,2026-09-17T14:09:00,1.08,1.08,1.08,1.08,11984
2026-09-17T11:10:00.000Z,2026-09-17T14:10:00,1.07,1.08,1.07,1.07,1414275
2026-09-17T11:11:00.000Z,2026-09-17T14:11:00,1.07,1.07,1.06,1.07,129883
2026-09-17T11:12:00.000Z,2026-09-17T14:12:00,1.07,1.07,1.07,1.07,2006792
2026-09-17T11:13:00.000Z,2026-09-17T14:13:00,1.07,1.07,1.07,1.07,5196
2026-09-17T11:14:00.000Z,2026-09-17T14:14:00,1.07,1.07,1.06,1.07,3468718
2026-09-17T11:25:00.000Z,2026-09-17T14:25:00,1.05,1.05,1.05,1.05,6959816
2026-09-17T11:27:00.000Z,2026-09-17T14:27:00,1.05,1.05,1.05,1.05,5000
2026-09-17T11:28:00.000Z,2026-09-17T14:28:00,1.05,1.05,1.05,1.05,14848
2026-09-20T07:00:00.000Z,2026-09-20T10:00:00,1.06,1.06,1.06,1.06,50100
2026-09-20T07:01:00.000Z,2026-09-20T10:01:00,1.06,1.06,1.06,1.06,11000
2026-09-20T07:02:00.000Z,2026-09-20T10:02:00,1.06,1.06,1.05,1.06,535795
2026-09-20T07:03:00.000Z,2026-09-20T10:03:00,1.06,1.07,1.06,1.06,20643
2026-09-20T07:04:00.000Z,2026-09-20T10:04:00,1.06,1.07,1.06,1.07,12434
2026-09-20T07:05:00.000Z,2026-09-20T10:05:00,1.07,1.07,1.07,1.07,170
2026-09-20T07:06:00.000Z,2026-09-20T10:06:00,1.07,1.07,1.06,1.06,1519
2026-09-20T07:07:00.000Z,2026-09-20T10:07:00,1.07,1.07,1.07,1.07,63
2026-09-20T07:08:00.000Z,2026-09-20T10:08:00,1.06,1.06,1.06,1.06,294111
2026-09-20T07:09:00.000Z,2026-09-20T10:09:00,1.06,1.06,1.05,1.05,251904
2026-09-20T07:10:00.000Z,2026-09-20T10:10:00,1.06,1.06,1.06,1.06,187809
2026-09-20T07:12:00.000Z,2026-09-20T10:12:00,1.06,1.06,1.06,1.06,2000
2026-09-20T07:15:00.000Z,2026-09-20T10:15:00,1.07,1.07,1.07,1.07,100000
2026-09-20T07:16:00.000Z,2026-09-20T10:16:00,1.07,1.07,1.07,1.07,2094
2026-09-20T07:17:00.000Z,2026-09-20T10:17:00,1.07,1.07,1.06,1.06,547
2026-09-20T07:18:00.000Z,2026-09-20T10:18:00,1.06,1.06,1.06,1.06,632
2026-09-20T07:19:00.000Z,2026-09-20T10:19:00,1.06,1.06,1.06,1.06,90000
2026-09-20T07:20:00.000Z,2026-09-20T10:20:00,1.07,1.07,1.07,1.07,336448
2026-09-20T07:21:00.000Z,2026-09-20T10:21:00,1.07,1.07,1.07,1.07,500777
2026-09-20T07:22:00.000Z,2026-09-20T10:22:00,1.07,1.07,1.07,1.07,1000000
2026-09-20T07:23:00.000Z,2026-09-20T10:23:00,1.07,1.07,1.06,1.07,1027403
2026-09-20T07:24:00.000Z,2026-09-20T10:24:00,1.08,1.08,1.07,1.07,13807
2026-09-20T07:25:00.000Z,2026-09-20T10:25:00,1.08,1.08,1.07,1.08,38400
2026-09-20T07:27:00.000Z,2026-09-20T10:27:00,1.08,1.08,1.07,1.07,488343
2026-09-20T07:28:00.000Z,2026-09-20T10:28:00,1.07,1.07,1.07,1.07,119713
2026-09-20T07:29:00.000Z,2026-09-20T10:29:00,1.07,1.07,1.07,1.07,14292
2026-09-20T07:30:00.000Z,2026-09-20T10:30:00,1.08,1.08,1.08,1.08,471
2026-09-20T07:31:00.000Z,2026-09-20T10:31:00,1.08,1.08,1.07,1.07,9776
2026-09-20T07:32:00.000Z,2026-09-20T10:32:00,1.08,1.08,1.07,1.07,149145
2026-09-20T07:33:00.000Z,2026-09-20T10:33:00,1.07,1.07,1.06,1.06,317833
2026-09-20T07:34:00.000Z,2026-09-20T10:34:00,1.07,1.07,1.06,1.06,50759
2026-09-20T07:35:00.000Z,2026-09-20T10:35:00,1.07,1.07,1.07,1.07,584787
2026-09-20T07:36:00.000Z,2026-09-20T10:36:00,1.07,1.07,1.06,1.06,600329
2026-09-20T07:38:00.000Z,2026-09-20T10:38:00,1.07,1.07,1.07,1.07,251000
2026-09-20T07:39:00.000Z,2026-09-20T10:39:00,1.07,1.07,1.07,1.07,261162
2026-09-20T07:40:00.000Z,2026-09-20T10:40:00,1.07,1.07,1.07,1.07,531397
2026-09-20T07:41:00.000Z,2026-09-20T10:41:00,1.07,1.07,1.07,1.07,500509
2026-09-20T07:44:00.000Z,2026-09-20T10:44:00,1.07,1.07,1.07,1.07,103824
2026-09-20T07:45:00.000Z,2026-09-20T10:45:00,1.07,1.07,1.06,1.06,18784
2026-09-20T07:46:00.000Z,2026-09-20T10:46:00,1.07,1.07,1.07,1.07,39000
2026-09-20T07:47:00.000Z,2026-09-20T10:47:00,1.06,1.07,1.06,1.07,74651
2026-09-20T07:49:00.000Z,2026-09-20T10:49:00,1.07,1.07,1.07,1.07,301000
2026-09-20T07:50:00.000Z,2026-09-20T10:50:00,1.07,1.07,1.07,1.07,500000
2026-09-20T07:51:00.000Z,2026-09-20T10:51:00,1.06,1.06,1.06,1.06,34000
2026-09-20T07:52:00.000Z,2026-09-20T10:52:00,1.07,1.07,1.07,1.07,1539
2026-09-20T07:53:00.000Z,2026-09-20T10:53:00,1.07,1.08,1.07,1.08,459292
2026-09-20T07:54:00.000Z,2026-09-20T10:54:00,1.07,1.07,1.07,1.07,150
2026-09-20T07:55:00.000Z,2026-09-20T10:55:00,1.07,1.07,1.07,1.07,2833
2026-09-20T07:56:00.000Z,2026-09-20T10:56:00,1.07,1.07,1.07,1.07,2044
2026-09-20T07:57:00.000Z,2026-09-20T10:57:00,1.07,1.08,1.07,1.08,12000
2026-09-20T07:59:00.000Z,2026-09-20T10:59:00,1.07,1.07,1.06,1.07,2000546
2026-09-20T08:00:00.000Z,2026-09-20T11:00:00,1.07,1.08,1.07,1.07,650131
2026-09-20T08:01:00.000Z,2026-09-20T11:01:00,1.07,1.07,1.07,1.07,26548
2026-09-20T08:02:00.000Z,2026-09-20T11:02:00,1.07,1.07,1.07,1.07,835321
2026-09-20T08:03:00.000Z,2026-09-20T11:03:00,1.07,1.07,1.07,1.07,414679
2026-09-20T08:04:00.000Z,2026-09-20T11:04:00,1.07,1.08,1.07,1.08,3806363
2026-09-20T08:05:00.000Z,2026-09-20T11:05:00,1.08,1.08,1.07,1.08,907275
2026-09-20T08:08:00.000Z,2026-09-20T11:08:00,1.08,1.08,1.08,1.08,500000
2026-09-20T08:09:00.000Z,2026-09-20T11:09:00,1.07,1.07,1.07,1.07,41123
2026-09-20T08:10:00.000Z,2026-09-20T11:10:00,1.08,1.08,1.07,1.07,19429
2026-09-20T08:13:00.000Z,2026-09-20T11:13:00,1.07,1.08,1.07,1.08,120114
2026-09-20T08:14:00.000Z,2026-09-20T11:14:00,1.08,1.08,1.08,1.08,2500
2026-09-20T08:15:00.000Z,2026-09-20T11:15:00,1.07,1.07,1.07,1.07,6811
2026-09-20T08:17:00.000Z,2026-09-20T11:17:00,1.07,1.08,1.07,1.08,24672
2026-09-20T08:20:00.000Z,2026-09-20T11:20:00,1.07,1.07,1.07,1.07,93024
2026-09-20T08:21:00.000Z,2026-09-20T11:21:00,1.07,1.07,1.07,1.07,1080888
2026-09-20T08:22:00.000Z,2026-09-20T11:22:00,1.08,1.08,1.08,1.08,126500
2026-09-20T08:23:00.000Z,2026-09-20T11:23:00,1.07,1.07,1.07,1.07,42505
2026-09-20T08:24:00.000Z,2026-09-20T11:24:00,1.07,1.08,1.07,1.08,17367
2026-09-20T08:26:00.000Z,2026-09-20T11:26:00,1.07,1.07,1.07,1.07,10162
2026-09-20T08:30:00.000Z,2026-09-20T11:30:00,1.07,1.08,1.07,1.08,229712
2026-09-20T08:31:00.000Z,2026-09-20T11:31:00,1.08,1.08,1.08,1.08,3251
2026-09-20T08:35:00.000Z,2026-09-20T11:35:00,1.08,1.08,1.08,1.08,200030
2026-09-20T08:36:00.000Z,2026-09-20T11:36:00,1.08,1.08,1.07,1.07,3000
2026-09-20T08:37:00.000Z,2026-09-20T11:37:00,1.08,1.08,1.07,1.07,30013405
2026-09-20T08:38:00.000Z,2026-09-20T11:38:00,1.07,1.07,1.07,1.07,119907
2026-09-20T08:39:00.000Z,2026-09-20T11:39:00,1.08,1.08,1.08,1.08,3000520
2026-09-20T08:40:00.000Z,2026-09-20T11:40:00,1.08,1.08,1.08,1.08,30321
2026-09-20T08:41:00.000Z,2026-09-20T11:41:00,1.08,1.08,1.08,1.08,1270868
2026-09-20T08:42:00.000Z,2026-09-20T11:42:00,1.08,1.08,1.08,1.08,1107613
2026-09-20T08:43:00.000Z,2026-09-20T11:43:00,1.08,1.09,1.08,1.09,1078978
2026-09-20T08:44:00.000Z,2026-09-20T11:44:00,1.08,1.09,1.08,1.09,250241
2026-09-20T08:45:00.000Z,2026-09-20T11:45:00,1.09,1.09,1.09,1.09,38019
2026-09-20T08:46:00.000Z,2026-09-20T11:46:00,1.09,1.09,1.09,1.09,3000
2026-09-20T08:48:00.000Z,2026-09-20T11:48:00,1.09,1.09,1.09,1.09,2467114
2026-09-20T08:49:00.000Z,2026-09-20T11:49:00,1.1,1.1,1.09,1.1,2150011
2026-09-20T08:50:00.000Z,2026-09-20T11:50:00,1.1,1.1,1.1,1.1,5648647
2026-09-20T08:51:00.000Z,2026-09-20T11:51:00,1.1,1.11,1.09,1.1,5097525
2026-09-20T08:52:00.000Z,2026-09-20T11:52:00,1.1,1.11,1.1,1.11,449235
2026-09-20T08:53:00.000Z,2026-09-20T11:53:00,1.11,1.11,1.1,1.1,3671115
2026-09-20T08:54:00.000Z,2026-09-20T11:54:00,1.1,1.1,1.1,1.1,435568
2026-09-20T08:55:00.000Z,2026-09-20T11:55:00,1.1,1.1,1.1,1.1,1210544
2026-09-20T08:56:00.000Z,2026-09-20T11:56:00,1.09,1.1,1.09,1.09,102876
2026-09-20T08:58:00.000Z,2026-09-20T11:58:00,1.09,1.1,1.09,1.1,256338
2026-09-20T08:59:00.000Z,2026-09-20T11:59:00,1.09,1.1,1.09,1.1,53762
2026-09-20T09:00:00.000Z,2026-09-20T12:00:00,1.1,1.1,1.1,1.1,46109
2026-09-20T09:01:00.000Z,2026-09-20T12:01:00,1.09,1.1,1.09,1.1,2003917
2026-09-20T09:02:00.000Z,2026-09-20T12:02:00,1.09,1.1,1.09,1.09,1313404
2026-09-20T09:03:00.000Z,2026-09-20T12:03:00,1.09,1.09,1.09,1.09,344444
2026-09-20T09:04:00.000Z,2026-09-20T12:04:00,1.09,1.1,1.09,1.09,119629
2026-09-20T09:05:00.000Z,2026-09-20T12:05:00,1.09,1.09,1.08,1.09,9930
2026-09-20T09:06:00.000Z,2026-09-20T12:06:00,1.09,1.09,1.09,1.09,3912
2026-09-20T09:07:00.000Z,2026-09-20T12:07:00,1.09,1.09,1.09,1.09,150871
2026-09-20T09:08:00.000Z,2026-09-20T12:08:00,1.09,1.09,1.09,1.09,261989
2026-09-20T09:09:00.000Z,2026-09-20T12:09:00,1.09,1.09,1.09,1.09,332398
2026-09-20T09:10:00.000Z,2026-09-20T12:10:00,1.09,1.09,1.08,1.08,37000
2026-09-20T09:11:00.000Z,2026-09-20T12:11:00,1.09,1.09,1.09,1.09,350
2026-09-20T09:12:00.000Z,2026-09-20T12:12:00,1.08,1.09,1.08,1.09,29021
2026-09-20T09:13:00.000Z,2026-09-20T12:13:00,1.09,1.09,1.09,1.09,2937253
2026-09-20T09:14:00.000Z,2026-09-20T12:14:00,1.09,1.09,1.09,1.09,200000
2026-09-20T09:15:00.000Z,2026-09-20T12:15:00,1.09,1.1,1.09,1.09,1052000
2026-09-20T09:16:00.000Z,2026-09-20T12:16:00,1.09,1.09,1.09,1.09,30519
2026-09-20T09:17:00.000Z,2026-09-20T12:17:00,1.09,1.1,1.09,1.1,17553
2026-09-20T09:18:00.000Z,2026-09-20T12:18:00,1.09,1.1,1.09,1.1,9587
2026-09-20T09:19:00.000Z,2026-09-20T12:19:00,1.1,1.1,1.09,1.09,11868
2026-09-20T09:21:00.000Z,2026-09-20T12:21:00,1.09,1.09,1.09,1.09,814000
2026-09-20T09:22:00.000Z,2026-09-20T12:22:00,1.09,1.09,1.09,1.09,105000
2026-09-20T09:23:00.000Z,2026-09-20T12:23:00,1.09,1.09,1.09,1.09,109644
2026-09-20T09:24:00.000Z,2026-09-20T12:24:00,1.09,1.09,1.08,1.08,350000
2026-09-20T09:25:00.000Z,2026-09-20T12:25:00,1.09,1.09,1.09,1.09,4909
2026-09-20T09:26:00.000Z,2026-09-20T12:26:00,1.08,1.09,1.08,1.09,644444
2026-09-20T09:27:00.000Z,2026-09-20T12:27:00,1.09,1.09,1.09,1.09,80000
2026-09-20T09:28:00.000Z,2026-09-20T12:28:00,1.09,1.09,1.09,1.09,120001
2026-09-20T09:29:00.000Z,2026-09-20T12:29:00,1.09,1.1,1.09,1.1,120209
2026-09-20T09:30:00.000Z,2026-09-20T12:30:00,1.1,1.1,1.1,1.1,1
2026-09-20T09:31:00.000Z,2026-09-20T12:31:00,1.09,1.1,1.09,1.09,818009
2026-09-20T09:32:00.000Z,2026-09-20T12:32:00,1.1,1.1,1.1,1.1,5
2026-09-20T09:33:00.000Z,2026-09-20T12:33:00,1.1,1.1,1.1,1.1,4
2026-09-20T09:34:00.000Z,2026-09-20T12:34:00,1.1,1.1,1.09,1.09,1818
2026-09-20T09:35:00.000Z,2026-09-20T12:35:00,1.09,1.09,1.09,1.09,1000
2026-09-20T09:36:00.000Z,2026-09-20T12:36:00,1.09,1.1,1.09,1.1,13846
2026-09-20T09:37:00.000Z,2026-09-20T12:37:00,1.09,1.09,1.09,1.09,4000
2026-09-20T09:38:00.000Z,2026-09-20T12:38:00,1.09,1.09,1.09,1.09,309587
2026-09-20T09:39:00.000Z,2026-09-20T12:39:00,1.1,1.1,1.09,1.09,544501
2026-09-20T09:40:00.000Z,2026-09-20T12:40:00,1.09,1.09,1.09,1.09,288088
2026-09-20T09:41:00.000Z,2026-09-20T12:41:00,1.09,1.09,1.09,1.09,2494
2026-09-20T09:42:00.000Z,2026-09-20T12:42:00,1.09,1.09,1.08,1.08,79371
2026-09-20T09:43:00.000Z,2026-09-20T12:43:00,1.08,1.08,1.08,1.08,443
2026-09-20T09:45:00.000Z,2026-09-20T12:45:00,1.09,1.09,1.09,1.09,10042
2026-09-20T09:46:00.000Z,2026-09-20T12:46:00,1.09,1.09,1.09,1.09,37000
2026-09-20T09:47:00.000Z,2026-09-20T12:47:00,1.09,1.09,1.09,1.09,10000
2026-09-20T09:48:00.000Z,2026-09-20T12:48:00,1.09,1.09,1.09,1.09,26540
2026-09-20T09:49:00.000Z,2026-09-20T12:49:00,1.08,1.08,1.08,1.08,11111
2026-09-20T09:50:00.000Z,2026-09-20T12:50:00,1.08,1.09,1.08,1.09,7110
2026-09-20T09:51:00.000Z,2026-09-20T12:51:00,1.09,1.09,1.09,1.09,16180
2026-09-20T09:52:00.000Z,2026-09-20T12:52:00,1.09,1.09,1.08,1.08,3497
2026-09-20T09:56:00.000Z,2026-09-20T12:56:00,1.08,1.08,1.08,1.08,10000
2026-09-20T09:58:00.000Z,2026-09-20T12:58:00,1.08,1.08,1.08,1.08,100000
2026-09-20T09:59:00.000Z,2026-09-20T12:59:00,1.09,1.09,1.09,1.09,614
2026-09-20T10:01:00.000Z,2026-09-20T13:01:00,1.09,1.09,1.09,1.09,24702
2026-09-20T10:04:00.000Z,2026-09-20T13:04:00,1.08,1.08,1.08,1.08,41000
2026-09-20T10:07:00.000Z,2026-09-20T13:07:00,1.08,1.08,1.08,1.08,1
2026-09-20T10:09:00.000Z,2026-09-20T13:09:00,1.08,1.08,1.08,1.08,3093
2026-09-20T10:10:00.000Z,2026-09-20T13:10:00,1.08,1.08,1.08,1.08,18479
2026-09-20T10:11:00.000Z,2026-09-20T13:11:00,1.08,1.08,1.08,1.08,1000
2026-09-20T10:12:00.000Z,2026-09-20T13:12:00,1.09,1.09,1.09,1.09,95
2026-09-20T10:13:00.000Z,2026-09-20T13:13:00,1.08,1.08,1.08,1.08,48
2026-09-20T10:15:00.000Z,2026-09-20T13:15:00,1.08,1.09,1.08,1.08,7850
2026-09-20T10:16:00.000Z,2026-09-20T13:16:00,1.09,1.09,1.09,1.09,875
2026-09-20T10:17:00.000Z,2026-09-20T13:17:00,1.09,1.09,1.09,1.09,694
2026-09-20T10:18:00.000Z,2026-09-20T13:18:00,1.08,1.09,1.08,1.08,50955
2026-09-20T10:19:00.000Z,2026-09-20T13:19:00,1.09,1.09,1.09,1.09,12589
2026-09-20T10:20:00.000Z,2026-09-20T13:20:00,1.08,1.08,1.08,1.08,3
2026-09-20T10:22:00.000Z,2026-09-20T13:22:00,1.08,1.08,1.08,1.08,8316
2026-09-20T10:24:00.000Z,2026-09-20T13:24:00,1.09,1.09,1.09,1.09,30
2026-09-20T10:27:00.000Z,2026-09-20T13:27:00,1.08,1.09,1.08,1.09,502293
2026-09-20T10:29:00.000Z,2026-09-20T13:29:00,1.09,1.09,1.09,1.09,24788
2026-09-20T10:30:00.000Z,2026-09-20T13:30:00,1.09,1.09,1.09,1.09,52289
2026-09-20T10:31:00.000Z,2026-09-20T13:31:00,1.08,1.08,1.08,1.08,51299
2026-09-20T10:33:00.000Z,2026-09-20T13:33:00,1.09,1.09,1.09,1.09,22144
2026-09-20T10:34:00.000Z,2026-09-20T13:34:00,1.08,1.08,1.08,1.08,3500
2026-09-20T10:36:00.000Z,2026-09-20T13:36:00,1.08,1.08,1.08,1.08,40760
2026-09-20T10:37:00.000Z,2026-09-20T13:37:00,1.09,1.09,1.09,1.09,7185
2026-09-20T10:38:00.000Z,2026-09-20T13:38:00,1.08,1.08,1.08,1.08,367625
2026-09-20T10:39:00.000Z,2026-09-20T13:39:00,1.08,1.09,1.08,1.09,229114
2026-09-20T10:40:00.000Z,2026-09-20T13:40:00,1.09,1.09,1.09,1.09,4428
2026-09-20T10:41:00.000Z,2026-09-20T13:41:00,1.09,1.09,1.09,1.09,64218
2026-09-20T10:42:00.000Z,2026-09-20T13:42:00,1.09,1.09,1.09,1.09,150000
2026-09-20T10:43:00.000Z,2026-09-20T13:43:00,1.08,1.09,1.08,1.09,314048
2026-09-20T10:44:00.000Z,2026-09-20T13:44:00,1.09,1.1,1.09,1.1,343896
2026-09-20T10:45:00.000Z,2026-09-20T13:45:00,1.09,1.09,1.08,1.08,702786
2026-09-20T10:46:00.000Z,2026-09-20T13:46:00,1.09,1.09,1.09,1.09,4483
2026-09-20T10:47:00.000Z,2026-09-20T13:47:00,1.08,1.09,1.08,1.08,30910
2026-09-20T10:48:00.000Z,2026-09-20T13:48:00,1.09,1.09,1.09,1.09,9084217
2026-09-20T10:49:00.000Z,2026-09-20T13:49:00,1.09,1.09,1.09,1.09,30100
2026-09-20T10:50:00.000Z,2026-09-20T13:50:00,1.09,1.09,1.08,1.08,23401
2026-09-20T10:51:00.000Z,2026-09-20T13:51:00,1.08,1.08,1.08,1.08,200000
2026-09-20T10:52:00.000Z,2026-09-20T13:52:00,1.09,1.09,1.08,1.08,350740
2026-09-20T10:54:00.000Z,2026-09-20T13:54:00,1.08,1.09,1.08,1.09,3417
2026-09-20T10:55:00.000Z,2026-09-20T13:55:00,1.09,1.09,1.09,1.09,11072
2026-09-20T10:57:00.000Z,2026-09-20T13:57:00,1.09,1.09,1.09,1.09,8862
2026-09-20T10:59:00.000Z,2026-09-20T13:59:00,1.08,1.09,1.08,1.09,14637
2026-09-20T11:00:00.000Z,2026-09-20T14:00:00,1.09,1.09,1.09,1.09,50000
2026-09-20T11:01:00.000Z,2026-09-20T14:01:00,1.09,1.09,1.09,1.09,100000
2026-09-20T11:03:00.000Z,2026-09-20T14:03:00,1.09,1.09,1.09,1.09,525000
2026-09-20T11:04:00.000Z,2026-09-20T14:04:00,1.09,1.09,1.08,1.08,86229
2026-09-20T11:05:00.000Z,2026-09-20T14:05:00,1.09,1.09,1.08,1.09,198778
2026-09-20T11:06:00.000Z,2026-09-20T14:06:00,1.09,1.09,1.09,1.09,415498
2026-09-20T11:08:00.000Z,2026-09-20T14:08:00,1.08,1.09,1.08,1.09,22115
2026-09-20T11:09:00.000Z,2026-09-20T14:09:00,1.09,1.09,1.09,1.09,4240
2026-09-20T11:10:00.000Z,2026-09-20T14:10:00,1.08,1.08,1.08,1.08,400000
2026-09-20T11:11:00.000Z,2026-09-20T14:11:00,1.08,1.08,1.08,1.08,3000000
2026-09-20T11:12:00.000Z,2026-09-20T14:12:00,1.08,1.09,1.08,1.08,276014
2026-09-20T11:13:00.000Z,2026-09-20T14:13:00,1.08,1.09,1.08,1.08,569250
2026-09-20T11:14:00.000Z,2026-09-20T14:14:00,1.08,1.08,1.08,1.08,10255
2026-09-20T11:25:00.000Z,2026-09-20T14:25:00,1.08,1.08,1.08,1.08,5082247
2026-09-20T11:26:00.000Z,2026-09-20T14:26:00,1.08,1.08,1.08,1.08,51400
2026-09-21T07:00:00.000Z,2026-09-21T10:00:00,1.1,1.1,1.09,1.09,541118
2026-09-21T07:01:00.000Z,2026-09-21T10:01:00,1.09,1.1,1.09,1.1,456527
2026-09-21T07:02:00.000Z,2026-09-21T10:02:00,1.1,1.1,1.09,1.09,92511
2026-09-21T07:03:00.000Z,2026-09-21T10:03:00,1.1,1.1,1.09,1.09,18380
2026-09-21T07:04:00.000Z,2026-09-21T10:04:00,1.1,1.1,1.09,1.09,451046
2026-09-21T07:05:00.000Z,2026-09-21T10:05:00,1.1,1.1,1.1,1.1,504620
2026-09-21T07:07:00.000Z,2026-09-21T10:07:00,1.09,1.1,1.09,1.09,474230
2026-09-21T07:08:00.000Z,2026-09-21T10:08:00,1.09,1.09,1.08,1.09,1068919
2026-09-21T07:09:00.000Z,2026-09-21T10:09:00,1.09,1.09,1.09,1.09,20001
2026-09-21T07:10:00.000Z,2026-09-21T10:10:00,1.09,1.09,1.09,1.09,30421
2026-09-21T07:11:00.000Z,2026-09-21T10:11:00,1.09,1.09,1.09,1.09,14900
2026-09-21T07:13:00.000Z,2026-09-21T10:13:00,1.08,1.09,1.08,1.08,196343
2026-09-21T07:15:00.000Z,2026-09-21T10:15:00,1.09,1.09,1.09,1.09,17422
2026-09-21T07:16:00.000Z,2026-09-21T10:16:00,1.08,1.09,1.08,1.09,74871
2026-09-21T07:17:00.000Z,2026-09-21T10:17:00,1.09,1.09,1.09,1.09,275
2026-09-21T07:18:00.000Z,2026-09-21T10:18:00,1.09,1.09,1.08,1.08,136987
2026-09-21T07:19:00.000Z,2026-09-21T10:19:00,1.09,1.09,1.09,1.09,9
2026-09-21T07:20:00.000Z,2026-09-21T10:20:00,1.09,1.09,1.08,1.09,60138
2026-09-21T07:21:00.000Z,2026-09-21T10:21:00,1.09,1.09,1.09,1.09,1818
2026-09-21T07:22:00.000Z,2026-09-21T10:22:00,1.08,1.09,1.08,1.09,22563
2026-09-21T07:23:00.000Z,2026-09-21T10:23:00,1.09,1.09,1.09,1.09,501000
2026-09-21T07:25:00.000Z,2026-09-21T10:25:00,1.09,1.09,1.09,1.09,48
2026-09-21T07:26:00.000Z,2026-09-21T10:26:00,1.09,1.09,1.09,1.09,100025
2026-09-21T07:27:00.000Z,2026-09-21T10:27:00,1.08,1.09,1.08,1.08,52668
2026-09-21T07:30:00.000Z,2026-09-21T10:30:00,1.08,1.08,1.08,1.08,10000
2026-09-21T07:31:00.000Z,2026-09-21T10:31:00,1.08,1.08,1.08,1.08,12
2026-09-21T07:32:00.000Z,2026-09-21T10:32:00,1.08,1.08,1.08,1.08,586980
2026-09-21T07:33:00.000Z,2026-09-21T10:33:00,1.09,1.09,1.08,1.08,2925
2026-09-21T07:34:00.000Z,2026-09-21T10:34:00,1.08,1.08,1.08,1.08,74664
2026-09-21T07:35:00.000Z,2026-09-21T10:35:00,1.08,1.08,1.08,1.08,995
2026-09-21T07:39:00.000Z,2026-09-21T10:39:00,1.09,1.09,1.09,1.09,917
2026-09-21T07:40:00.000Z,2026-09-21T10:40:00,1.09,1.09,1.09,1.09,1914
2026-09-21T07:41:00.000Z,2026-09-21T10:41:00,1.08,1.08,1.08,1.08,1282
2026-09-21T07:42:00.000Z,2026-09-21T10:42:00,1.09,1.09,1.09,1.09,917
2026-09-21T07:43:00.000Z,2026-09-21T10:43:00,1.09,1.09,1.09,1.09,11396
2026-09-21T07:44:00.000Z,2026-09-21T10:44:00,1.08,1.08,1.08,1.08,13
2026-09-21T07:45:00.000Z,2026-09-21T10:45:00,1.09,1.09,1.09,1.09,9277
2026-09-21T07:46:00.000Z,2026-09-21T10:46:00,1.09,1.09,1.08,1.08,14135
2026-09-21T07:47:00.000Z,2026-09-21T10:47:00,1.08,1.08,1.08,1.08,17500
2026-09-21T07:48:00.000Z,2026-09-21T10:48:00,1.09,1.09,1.09,1.09,13
2026-09-21T07:49:00.000Z,2026-09-21T10:49:00,1.09,1.09,1.08,1.09,14569
2026-09-21T07:50:00.000Z,2026-09-21T10:50:00,1.08,1.08,1.08,1.08,14612
2026-09-21T07:52:00.000Z,2026-09-21T10:52:00,1.09,1.09,1.08,1.08,415000
2026-09-21T07:54:00.000Z,2026-09-21T10:54:00,1.09,1.09,1.08,1.08,64519
2026-09-21T07:55:00.000Z,2026-09-21T10:55:00,1.09,1.09,1.08,1.09,175000
2026-09-21T07:56:00.000Z,2026-09-21T10:56:00,1.09,1.09,1.09,1.09,50009
2026-09-21T07:57:00.000Z,2026-09-21T10:57:00,1.09,1.09,1.09,1.09,30
2026-09-21T07:58:00.000Z,2026-09-21T10:58:00,1.09,1.09,1.09,1.09,1000
2026-09-21T07:59:00.000Z,2026-09-21T10:59:00,1.09,1.09,1.09,1.09,7500
2026-09-21T08:00:00.000Z,2026-09-21T11:00:00,1.08,1.08,1.08,1.08,28708
2026-09-21T08:01:00.000Z,2026-09-21T11:01:00,1.09,1.09,1.09,1.09,980
2026-09-21T08:02:00.000Z,2026-09-21T11:02:00,1.09,1.09,1.09,1.09,3306
2026-09-21T08:04:00.000Z,2026-09-21T11:04:00,1.08,1.08,1.08,1.08,200000
2026-09-21T08:05:00.000Z,2026-09-21T11:05:00,1.09,1.09,1.09,1.09,1851
2026-09-21T08:07:00.000Z,2026-09-21T11:07:00,1.08,1.08,1.08,1.08,12000
2026-09-21T08:08:00.000Z,2026-09-21T11:08:00,1.09,1.09,1.09,1.09,17729
2026-09-21T08:09:00.000Z,2026-09-21T11:09:00,1.08,1.08,1.08,1.08,11000
2026-09-21T08:10:00.000Z,2026-09-21T11:10:00,1.08,1.08,1.08,1.08,1286000
2026-09-21T08:11:00.000Z,2026-09-21T11:11:00,1.08,1.08,1.08,1.08,1184160
2026-09-21T08:12:00.000Z,2026-09-21T11:12:00,1.08,1.08,1.08,1.08,1000
2026-09-21T08:13:00.000Z,2026-09-21T11:13:00,1.08,1.08,1.08,1.08,2752
2026-09-21T08:15:00.000Z,2026-09-21T11:15:00,1.07,1.07,1.07,1.07,500
2026-09-21T08:16:00.000Z,2026-09-21T11:16:00,1.08,1.08,1.07,1.07,274025
2026-09-21T08:17:00.000Z,2026-09-21T11:17:00,1.08,1.08,1.07,1.07,27000
2026-09-21T08:18:00.000Z,2026-09-21T11:18:00,1.07,1.07,1.07,1.07,211821
2026-09-21T08:19:00.000Z,2026-09-21T11:19:00,1.08,1.08,1.08,1.08,4700
2026-09-21T08:20:00.000Z,2026-09-21T11:20:00,1.08,1.08,1.08,1.08,4677
2026-09-21T08:21:00.000Z,2026-09-21T11:21:00,1.08,1.08,1.08,1.08,9518
2026-09-21T08:22:00.000Z,2026-09-21T11:22:00,1.07,1.08,1.07,1.08,105000
2026-09-21T08:23:00.000Z,2026-09-21T11:23:00,1.07,1.07,1.07,1.07,890
2026-09-21T08:25:00.000Z,2026-09-21T11:25:00,1.07,1.07,1.07,1.07,800
2026-09-21T08:26:00.000Z,2026-09-21T11:26:00,1.07,1.07,1.07,1.07,16447
2026-09-21T08:28:00.000Z,2026-09-21T11:28:00,1.08,1.08,1.08,1.08,1514
2026-09-21T08:29:00.000Z,2026-09-21T11:29:00,1.08,1.08,1.08,1.08,234
2026-09-21T08:30:00.000Z,2026-09-21T11:30:00,1.07,1.07,1.07,1.07,105000
2026-09-21T08:31:00.000Z,2026-09-21T11:31:00,1.07,1.08,1.07,1.07,1072000
2026-09-21T08:32:00.000Z,2026-09-21T11:32:00,1.08,1.08,1.07,1.07,1963657
2026-09-21T08:33:00.000Z,2026-09-21T11:33:00,1.07,1.07,1.07,1.07,10960
2026-09-21T08:34:00.000Z,2026-09-21T11:34:00,1.06,1.07,1.06,1.06,221120
2026-09-21T08:35:00.000Z,2026-09-21T11:35:00,1.06,1.06,1.06,1.06,1144550
2026-09-21T08:36:00.000Z,2026-09-21T11:36:00,1.06,1.06,1.06,1.06,6554
2026-09-21T08:37:00.000Z,2026-09-21T11:37:00,1.05,1.05,1.05,1.05,27152
2026-09-21T08:38:00.000Z,2026-09-21T11:38:00,1.05,1.06,1.05,1.05,47293
2026-09-21T08:39:00.000Z,2026-09-21T11:39:00,1.05,1.06,1.04,1.04,3783073
2026-09-21T08:40:00.000Z,2026-09-21T11:40:00,1.05,1.05,1.05,1.05,120942
2026-09-21T08:41:00.000Z,2026-09-21T11:41:00,1.04,1.06,1.03,1.04,4002031
2026-09-21T08:42:00.000Z,2026-09-21T11:42:00,1.03,1.04,1.03,1.04,2006181
2026-09-21T08:43:00.000Z,2026-09-21T11:43:00,1.04,1.04,1.04,1.04,26520
2026-09-21T08:44:00.000Z,2026-09-21T11:44:00,1.04,1.05,1.04,1.05,1143000
2026-09-21T08:45:00.000Z,2026-09-21T11:45:00,1.05,1.05,1.04,1.04,189824
2026-09-21T08:46:00.000Z,2026-09-21T11:46:00,1.04,1.04,1.03,1.03,1186983
2026-09-21T08:47:00.000Z,2026-09-21T11:47:00,1.03,1.04,1.03,1.03,1045725
2026-09-21T08:48:00.000Z,2026-09-21T11:48:00,1.03,1.04,1.02,1.03,2002844
2026-09-21T08:49:00.000Z,2026-09-21T11:49:00,1.04,1.04,1.04,1.04,588458
2026-09-21T08:50:00.000Z,2026-09-21T11:50:00,1.04,1.05,1.04,1.04,423505
2026-09-21T08:51:00.000Z,2026-09-21T11:51:00,1.05,1.05,1.04,1.04,266428
2026-09-21T08:52:00.000Z,2026-09-21T11:52:00,1.04,1.04,1.03,1.03,765458
2026-09-21T08:53:00.000Z,2026-09-21T11:53:00,1.03,1.03,1.03,1.03,169626
2026-09-21T08:54:00.000Z,2026-09-21T11:54:00,1.03,1.04,1.03,1.03,93703
2026-09-21T08:55:00.000Z,2026-09-21T11:55:00,1.03,1.04,1.03,1.03,46846
2026-09-21T08:57:00.000Z,2026-09-21T11:57:00,1.04,1.04,1.03,1.04,271370
2026-09-21T08:58:00.000Z,2026-09-21T11:58:00,1.04,1.04,1.03,1.03,18685
2026-09-21T08:59:00.000Z,2026-09-21T11:59:00,1.03,1.04,1.03,1.04,45434
2026-09-21T09:00:00.000Z,2026-09-21T12:00:00,1.04,1.04,1.04,1.04,50576
2026-09-21T09:01:00.000Z,2026-09-21T12:01:00,1.04,1.04,1.03,1.03,345301
2026-09-21T09:02:00.000Z,2026-09-21T12:02:00,1.04,1.04,1.03,1.04,768881
2026-09-21T09:04:00.000Z,2026-09-21T12:04:00,1.04,1.05,1.04,1.05,105002
2026-09-21T09:05:00.000Z,2026-09-21T12:05:00,1.05,1.05,1.05,1.05,594927
2026-09-21T09:06:00.000Z,2026-09-21T12:06:00,1.05,1.05,1.05,1.05,502930
2026-09-21T09:07:00.000Z,2026-09-21T12:07:00,1.05,1.05,1.05,1.05,1000
2026-09-21T09:08:00.000Z,2026-09-21T12:08:00,1.06,1.06,1.05,1.05,471140
2026-09-21T09:09:00.000Z,2026-09-21T12:09:00,1.05,1.05,1.05,1.05,41228
2026-09-21T09:10:00.000Z,2026-09-21T12:10:00,1.04,1.04,1.04,1.04,288
2026-09-21T09:11:00.000Z,2026-09-21T12:11:00,1.05,1.05,1.05,1.05,3148
2026-09-21T09:12:00.000Z,2026-09-21T12:12:00,1.05,1.05,1.04,1.05,104482
2026-09-21T09:13:00.000Z,2026-09-21T12:13:00,1.05,1.05,1.04,1.04,62285
2026-09-21T09:15:00.000Z,2026-09-21T12:15:00,1.05,1.05,1.05,1.05,13367
2026-09-21T09:16:00.000Z,2026-09-21T12:16:00,1.05,1.05,1.05,1.05,419929
2026-09-21T09:17:00.000Z,2026-09-21T12:17:00,1.05,1.05,1.04,1.05,3693
2026-09-21T09:18:00.000Z,2026-09-21T12:18:00,1.05,1.05,1.05,1.05,10000
2026-09-21T09:20:00.000Z,2026-09-21T12:20:00,1.05,1.05,1.05,1.05,9523
2026-09-21T09:21:00.000Z,2026-09-21T12:21:00,1.05,1.05,1.05,1.05,120000
2026-09-21T09:22:00.000Z,2026-09-21T12:22:00,1.05,1.05,1.05,1.05,95238
2026-09-21T09:23:00.000Z,2026-09-21T12:23:00,1.05,1.05,1.04,1.04,30055
2026-09-21T09:24:00.000Z,2026-09-21T12:24:00,1.05,1.05,1.05,1.05,1056
2026-09-21T09:25:00.000Z,2026-09-21T12:25:00,1.04,1.05,1.04,1.05,63
2026-09-21T09:26:00.000Z,2026-09-21T12:26:00,1.04,1.05,1.04,1.05,5403
2026-09-21T09:27:00.000Z,2026-09-21T12:27:00,1.05,1.05,1.05,1.05,96738
2026-09-21T09:28:00.000Z,2026-09-21T12:28:00,1.05,1.05,1.05,1.05,29682
2026-09-21T09:29:00.000Z,2026-09-21T12:29:00,1.05,1.05,1.04,1.04,94678
2026-09-21T09:30:00.000Z,2026-09-21T12:30:00,1.05,1.05,1.05,1.05,14000
2026-09-21T09:31:00.000Z,2026-09-21T12:31:00,1.04,1.05,1.04,1.05,51000
2026-09-21T09:32:00.000Z,2026-09-21T12:32:00,1.05,1.05,1.05,1.05,8428
2026-09-21T09:34:00.000Z,2026-09-21T12:34:00,1.04,1.05,1.04,1.05,26088
2026-09-21T09:35:00.000Z,2026-09-21T12:35:00,1.05,1.05,1.04,1.04,153608
2026-09-21T09:36:00.000Z,2026-09-21T12:36:00,1.04,1.05,1.04,1.05,87615
2026-09-21T09:38:00.000Z,2026-09-21T12:38:00,1.05,1.05,1.04,1.04,22629
2026-09-21T09:40:00.000Z,2026-09-21T12:40:00,1.04,1.04,1.04,1.04,500
2026-09-21T09:41:00.000Z,2026-09-21T12:41:00,1.05,1.05,1.04,1.04,10609
2026-09-21T09:42:00.000Z,2026-09-21T12:42:00,1.04,1.04,1.04,1.04,120192
2026-09-21T09:43:00.000Z,2026-09-21T12:43:00,1.05,1.05,1.04,1.05,20280
2026-09-21T09:46:00.000Z,2026-09-21T12:46:00,1.05,1.05,1.04,1.04,21500
2026-09-21T09:47:00.000Z,2026-09-21T12:47:00,1.05,1.05,1.04,1.05,17909
2026-09-21T09:48:00.000Z,2026-09-21T12:48:00,1.05,1.05,1.05,1.05,56555
2026-09-21T09:51:00.000Z,2026-09-21T12:51:00,1.04,1.05,1.04,1.05,182166
2026-09-21T09:52:00.000Z,2026-09-21T12:52:00,1.05,1.05,1.05,1.05,43023
2026-09-21T09:53:00.000Z,2026-09-21T12:53:00,1.05,1.05,1.05,1.05,9636
2026-09-21T09:54:00.000Z,2026-09-21T12:54:00,1.05,1.05,1.05,1.05,150986
2026-09-21T09:55:00.000Z,2026-09-21T12:55:00,1.05,1.05,1.05,1.05,7240
2026-09-21T09:56:00.000Z,2026-09-21T12:56:00,1.05,1.05,1.05,1.05,10000
2026-09-21T09:57:00.000Z,2026-09-21T12:57:00,1.05,1.05,1.05,1.05,393000
2026-09-21T09:58:00.000Z,2026-09-21T12:58:00,1.05,1.05,1.05,1.05,36117
2026-09-21T09:59:00.000Z,2026-09-21T12:59:00,1.05,1.05,1.04,1.04,357700
2026-09-21T10:00:00.000Z,2026-09-21T13:00:00,1.05,1.05,1.05,1.05,800500
2026-09-21T10:01:00.000Z,2026-09-21T13:01:00,1.05,1.05,1.05,1.05,2000
2026-09-21T10:02:00.000Z,2026-09-21T13:02:00,1.05,1.05,1.05,1.05,15250
2026-09-21T10:03:00.000Z,2026-09-21T13:03:00,1.05,1.05,1.05,1.05,9799
2026-09-21T10:04:00.000Z,2026-09-21T13:04:00,1.05,1.05,1.05,1.05,15444
2026-09-21T10:05:00.000Z,2026-09-21T13:05:00,1.05,1.05,1.04,1.05,137000
2026-09-21T10:06:00.000Z,2026-09-21T13:06:00,1.05,1.05,1.04,1.05,250365
2026-09-21T10:07:00.000Z,2026-09-21T13:07:00,1.05,1.05,1.05,1.05,90221
2026-09-21T10:08:00.000Z,2026-09-21T13:08:00,1.05,1.05,1.05,1.05,1428
2026-09-21T10:09:00.000Z,2026-09-21T13:09:00,1.04,1.05,1.04,1.05,3593
2026-09-21T10:11:00.000Z,2026-09-21T13:11:00,1.04,1.05,1.04,1.05,850458
2026-09-21T10:12:00.000Z,2026-09-21T13:12:00,1.05,1.06,1.05,1.06,172860
2026-09-21T10:13:00.000Z,2026-09-21T13:13:00,1.05,1.06,1.05,1.05,354707
2026-09-21T10:15:00.000Z,2026-09-21T13:15:00,1.05,1.05,1.05,1.05,40000
2026-09-21T10:16:00.000Z,2026-09-21T13:16:00,1.05,1.05,1.05,1.05,114538
2026-09-21T10:17:00.000Z,2026-09-21T13:17:00,1.05,1.05,1.05,1.05,39689
2026-09-21T10:18:00.000Z,2026-09-21T13:18:00,1.05,1.05,1.04,1.05,53000
2026-09-21T10:22:00.000Z,2026-09-21T13:22:00,1.05,1.05,1.05,1.05,10000
2026-09-21T10:23:00.000Z,2026-09-21T13:23:00,1.05,1.05,1.05,1.05,25
2026-09-21T10:24:00.000Z,2026-09-21T13:24:00,1.05,1.05,1.05,1.05,2118
2026-09-21T10:25:00.000Z,2026-09-21T13:25:00,1.05,1.05,1.05,1.05,509523
2026-09-21T10:26:00.000Z,2026-09-21T13:26:00,1.05,1.05,1.05,1.05,101000
2026-09-21T10:27:00.000Z,2026-09-21T13:27:00,1.05,1.05,1.05,1.05,14941
2026-09-21T10:28:00.000Z,2026-09-21T13:28:00,1.04,1.04,1.04,1.04,10000
2026-09-21T10:29:00.000Z,2026-09-21T13:29:00,1.04,1.05,1.04,1.05,544
2026-09-21T10:31:00.000Z,2026-09-21T13:31:00,1.05,1.05,1.05,1.05,3000
2026-09-21T10:32:00.000Z,2026-09-21T13:32:00,1.05,1.05,1.05,1.05,1611
2026-09-21T10:33:00.000Z,2026-09-21T13:33:00,1.04,1.05,1.04,1.05,24146
2026-09-21T10:34:00.000Z,2026-09-21T13:34:00,1.04,1.05,1.04,1.04,78895
2026-09-21T10:35:00.000Z,2026-09-21T13:35:00,1.04,1.05,1.04,1.05,58353
2026-09-21T10:38:00.000Z,2026-09-21T13:38:00,1.05,1.06,1.04,1.04,1297399
2026-09-21T10:39:00.000Z,2026-09-21T13:39:00,1.04,1.06,1.04,1.06,636
2026-09-21T10:40:00.000Z,2026-09-21T13:40:00,1.05,1.05,1.05,1.05,13433
2026-09-21T10:41:00.000Z,2026-09-21T13:41:00,1.05,1.05,1.05,1.05,195724
2026-09-21T10:42:00.000Z,2026-09-21T13:42:00,1.04,1.05,1.04,1.04,60839
2026-09-21T10:44:00.000Z,2026-09-21T13:44:00,1.04,1.04,1.04,1.04,106883
2026-09-21T10:46:00.000Z,2026-09-21T13:46:00,1.04,1.05,1.04,1.05,65362
2026-09-21T10:47:00.000Z,2026-09-21T13:47:00,1.04,1.04,1.04,1.04,19883
2026-09-21T10:48:00.000Z,2026-09-21T13:48:00,1.05,1.05,1.05,1.05,43736
2026-09-21T10:49:00.000Z,2026-09-21T13:49:00,1.04,1.04,1.04,1.04,8038
2026-09-21T10:50:00.000Z,2026-09-21T13:50:00,1.04,1.04,1.04,1.04,9318
2026-09-21T10:51:00.000Z,2026-09-21T13:51:00,1.05,1.05,1.05,1.05,2000
2026-09-21T10:52:00.000Z,2026-09-21T13:52:00,1.05,1.05,1.05,1.05,5414
2026-09-21T10:53:00.000Z,2026-09-21T13:53:00,1.04,1.04,1.04,1.04,10933
2026-09-21T10:54:00.000Z,2026-09-21T13:54:00,1.05,1.05,1.04,1.04,40055
2026-09-21T10:55:00.000Z,2026-09-21T13:55:00,1.05,1.05,1.05,1.05,2413
2026-09-21T10:56:00.000Z,2026-09-21T13:56:00,1.04,1.04,1.04,1.04,1741549
2026-09-21T10:57:00.000Z,2026-09-21T13:57:00,1.04,1.04,1.04,1.04,13465
2026-09-21T10:58:00.000Z,2026-09-21T13:58:00,1.04,1.04,1.04,1.04,85951
2026-09-21T10:59:00.000Z,2026-09-21T13:59:00,1.03,1.04,1.03,1.04,111070
2026-09-21T11:00:00.000Z,2026-09-21T14:00:00,1.04,1.04,1.04,1.04,96701
2026-09-21T11:01:00.000Z,2026-09-21T14:01:00,1.04,1.04,1.03,1.03,227057
2026-09-21T11:02:00.000Z,2026-09-21T14:02:00,1.04,1.04,1.04,1.04,7074
2026-09-21T11:03:00.000Z,2026-09-21T14:03:00,1.04,1.04,1.04,1.04,19242
2026-09-21T11:04:00.000Z,2026-09-21T14:04:00,1.04,1.04,1.04,1.04,27182
2026-09-21T11:05:00.000Z,2026-09-21T14:05:00,1.04,1.04,1.03,1.04,4648
2026-09-21T11:06:00.000Z,2026-09-21T14:06:00,1.03,1.04,1.03,1.04,60284
2026-09-21T11:07:00.000Z,2026-09-21T14:07:00,1.04,1.04,1.04,1.04,32961
2026-09-21T11:08:00.000Z,2026-09-21T14:08:00,1.03,1.04,1.03,1.04,317168
2026-09-21T11:09:00.000Z,2026-09-21T14:09:00,1.04,1.04,1.04,1.04,14000
2026-09-21T11:10:00.000Z,2026-09-21T14:10:00,1.04,1.04,1.03,1.04,73751
2026-09-21T11:11:00.000Z,2026-09-21T14:11:00,1.03,1.04,1.03,1.04,11627
2026-09-21T11:12:00.000Z,2026-09-21T14:12:00,1.04,1.04,1.04,1.04,19230
2026-09-21T11:13:00.000Z,2026-09-21T14:13:00,1.04,1.04,1.03,1.04,160317
2026-09-21T11:14:00.000Z,2026-09-21T14:14:00,1.04,1.04,1.04,1.04,74409
2026-09-21T11:15:00.000Z,2026-09-21T14:15:00,1.04,1.04,1.04,1.04,5000
2026-09-21T11:25:00.000Z,2026-09-21T14:25:00,1.03,1.03,1.03,1.03,4805007
2026-09-21T11:26:00.000Z,2026-09-21T14:26:00,1.03,1.03,1.03,1.03,3000
2026-09-21T11:27:00.000Z,2026-09-21T14:27:00,1.03,1.03,1.03,1.03,500000
2026-09-21T11:28:00.000Z,2026-09-21T14:28:00,1.03,1.03,1.03,1.03,25413
2026-09-22T07:00:00.000Z,2026-09-22T10:00:00,1.04,1.06,1.04,1.05,3969988
2026-09-22T07:01:00.000Z,2026-09-22T10:01:00,1.06,1.06,1.05,1.05,198294
2026-09-22T07:02:00.000Z,2026-09-22T10:02:00,1.06,1.06,1.05,1.05,550541
2026-09-22T07:03:00.000Z,2026-09-22T10:03:00,1.05,1.06,1.05,1.06,699838
2026-09-22T07:04:00.000Z,2026-09-22T10:04:00,1.07,1.07,1.06,1.07,229628
2026-09-22T07:05:00.000Z,2026-09-22T10:05:00,1.07,1.08,1.07,1.08,2096481
2026-09-22T07:06:00.000Z,2026-09-22T10:06:00,1.08,1.08,1.07,1.07,203504
2026-09-22T07:07:00.000Z,2026-09-22T10:07:00,1.07,1.07,1.06,1.07,74058
2026-09-22T07:08:00.000Z,2026-09-22T10:08:00,1.07,1.07,1.07,1.07,80504
2026-09-22T07:09:00.000Z,2026-09-22T10:09:00,1.07,1.07,1.06,1.07,1457610
2026-09-22T07:10:00.000Z,2026-09-22T10:10:00,1.08,1.08,1.07,1.07,1430516
2026-09-22T07:11:00.000Z,2026-09-22T10:11:00,1.07,1.07,1.06,1.07,813019
2026-09-22T07:12:00.000Z,2026-09-22T10:12:00,1.07,1.08,1.07,1.08,500007
2026-09-22T07:13:00.000Z,2026-09-22T10:13:00,1.07,1.08,1.07,1.08,38221
2026-09-22T07:14:00.000Z,2026-09-22T10:14:00,1.07,1.08,1.07,1.07,102500
2026-09-22T07:15:00.000Z,2026-09-22T10:15:00,1.07,1.07,1.07,1.07,1856039
2026-09-22T07:16:00.000Z,2026-09-22T10:16:00,1.07,1.07,1.06,1.07,476289
2026-09-22T07:17:00.000Z,2026-09-22T10:17:00,1.08,1.08,1.07,1.07,870577
2026-09-22T07:18:00.000Z,2026-09-22T10:18:00,1.06,1.08,1.06,1.07,303116
2026-09-22T07:19:00.000Z,2026-09-22T10:19:00,1.07,1.07,1.07,1.07,252816
2026-09-22T07:20:00.000Z,2026-09-22T10:20:00,1.06,1.08,1.06,1.08,558709
2026-09-22T07:21:00.000Z,2026-09-22T10:21:00,1.08,1.08,1.07,1.07,4276701
2026-09-22T07:22:00.000Z,2026-09-22T10:22:00,1.08,1.08,1.07,1.08,84804
2026-09-22T07:23:00.000Z,2026-09-22T10:23:00,1.07,1.08,1.07,1.08,2669
2026-09-22T07:24:00.000Z,2026-09-22T10:24:00,1.08,1.08,1.08,1.08,21601
2026-09-22T07:25:00.000Z,2026-09-22T10:25:00,1.07,1.07,1.07,1.07,80928
2026-09-22T07:26:00.000Z,2026-09-22T10:26:00,1.08,1.08,1.07,1.07,59938
2026-09-22T07:27:00.000Z,2026-09-22T10:27:00,1.08,1.08,1.08,1.08,36138
2026-09-22T07:28:00.000Z,2026-09-22T10:28:00,1.07,1.08,1.07,1.08,551859
2026-09-22T07:31:00.000Z,2026-09-22T10:31:00,1.08,1.08,1.08,1.08,500000
2026-09-22T07:32:00.000Z,2026-09-22T10:32:00,1.07,1.08,1.07,1.07,1545224
2026-09-22T07:33:00.000Z,2026-09-22T10:33:00,1.08,1.08,1.07,1.07,423737
2026-09-22T07:34:00.000Z,2026-09-22T10:34:00,1.08,1.08,1.07,1.07,1605070
2026-09-22T07:35:00.000Z,2026-09-22T10:35:00,1.08,1.08,1.07,1.08,1024252
2026-09-22T07:36:00.000Z,2026-09-22T10:36:00,1.08,1.08,1.07,1.08,256193
2026-09-22T07:37:00.000Z,2026-09-22T10:37:00,1.08,1.08,1.08,1.08,79046
2026-09-22T07:38:00.000Z,2026-09-22T10:38:00,1.08,1.08,1.07,1.08,3251896
2026-09-22T07:39:00.000Z,2026-09-22T10:39:00,1.08,1.09,1.08,1.08,625609
2026-09-22T07:40:00.000Z,2026-09-22T10:40:00,1.09,1.09,1.09,1.09,1000022
2026-09-22T07:41:00.000Z,2026-09-22T10:41:00,1.08,1.09,1.08,1.09,837275
2026-09-22T07:42:00.000Z,2026-09-22T10:42:00,1.09,1.09,1.09,1.09,1570470
2026-09-22T07:43:00.000Z,2026-09-22T10:43:00,1.09,1.09,1.08,1.09,1780311
2026-09-22T07:44:00.000Z,2026-09-22T10:44:00,1.09,1.09,1.09,1.09,425702
2026-09-22T07:45:00.000Z,2026-09-22T10:45:00,1.09,1.09,1.08,1.09,880977
2026-09-22T07:46:00.000Z,2026-09-22T10:46:00,1.09,1.09,1.08,1.09,382033
2026-09-22T07:47:00.000Z,2026-09-22T10:47:00,1.09,1.09,1.08,1.09,175987
2026-09-22T07:48:00.000Z,2026-09-22T10:48:00,1.08,1.09,1.08,1.08,62933
2026-09-22T07:49:00.000Z,2026-09-22T10:49:00,1.09,1.09,1.08,1.08,800128
2026-09-22T07:50:00.000Z,2026-09-22T10:50:00,1.09,1.09,1.08,1.08,650600
2026-09-22T07:51:00.000Z,2026-09-22T10:51:00,1.08,1.09,1.08,1.09,250000
2026-09-22T07:52:00.000Z,2026-09-22T10:52:00,1.09,1.09,1.09,1.09,79656
2026-09-22T07:53:00.000Z,2026-09-22T10:53:00,1.09,1.09,1.09,1.09,550199
2026-09-22T07:54:00.000Z,2026-09-22T10:54:00,1.09,1.09,1.08,1.08,807004
2026-09-22T07:55:00.000Z,2026-09-22T10:55:00,1.09,1.09,1.09,1.09,40145
2026-09-22T07:56:00.000Z,2026-09-22T10:56:00,1.08,1.08,1.08,1.08,14000
2026-09-22T07:57:00.000Z,2026-09-22T10:57:00,1.08,1.09,1.08,1.09,153651
2026-09-22T07:58:00.000Z,2026-09-22T10:58:00,1.09,1.09,1.08,1.08,10556
2026-09-22T07:59:00.000Z,2026-09-22T10:59:00,1.08,1.09,1.08,1.08,3513920
2026-09-22T08:00:00.000Z,2026-09-22T11:00:00,1.08,1.09,1.08,1.09,7447
2026-09-22T08:01:00.000Z,2026-09-22T11:01:00,1.08,1.09,1.08,1.09,43503
2026-09-22T08:02:00.000Z,2026-09-22T11:02:00,1.09,1.09,1.09,1.09,1899
2026-09-22T08:03:00.000Z,2026-09-22T11:03:00,1.08,1.09,1.08,1.09,1506065
2026-09-22T08:04:00.000Z,2026-09-22T11:04:00,1.09,1.09,1.09,1.09,150000
2026-09-22T08:05:00.000Z,2026-09-22T11:05:00,1.08,1.08,1.08,1.08,8000
2026-09-22T08:06:00.000Z,2026-09-22T11:06:00,1.09,1.09,1.09,1.09,23232
2026-09-22T08:07:00.000Z,2026-09-22T11:07:00,1.09,1.09,1.08,1.09,452026
2026-09-22T08:08:00.000Z,2026-09-22T11:08:00,1.08,1.08,1.08,1.08,2000
2026-09-22T08:09:00.000Z,2026-09-22T11:09:00,1.09,1.09,1.09,1.09,2290570
2026-09-22T08:10:00.000Z,2026-09-22T11:10:00,1.08,1.09,1.08,1.09,559677
2026-09-22T08:11:00.000Z,2026-09-22T11:11:00,1.09,1.09,1.08,1.09,583789
2026-09-22T08:12:00.000Z,2026-09-22T11:12:00,1.09,1.09,1.09,1.09,251000
2026-09-22T08:13:00.000Z,2026-09-22T11:13:00,1.09,1.09,1.08,1.09,1069627
2026-09-22T08:14:00.000Z,2026-09-22T11:14:00,1.09,1.09,1.08,1.09,2741558
2026-09-22T08:15:00.000Z,2026-09-22T11:15:00,1.09,1.09,1.09,1.09,50000
2026-09-22T08:16:00.000Z,2026-09-22T11:16:00,1.09,1.09,1.08,1.09,440957
2026-09-22T08:17:00.000Z,2026-09-22T11:17:00,1.09,1.09,1.08,1.08,29020
2026-09-22T08:18:00.000Z,2026-09-22T11:18:00,1.09,1.09,1.09,1.09,60000
2026-09-22T08:19:00.000Z,2026-09-22T11:19:00,1.08,1.09,1.08,1.09,1271725
2026-09-22T08:20:00.000Z,2026-09-22T11:20:00,1.1,1.1,1.1,1.1,2750120
2026-09-22T08:21:00.000Z,2026-09-22T11:21:00,1.09,1.11,1.09,1.1,11160392
2026-09-22T08:22:00.000Z,2026-09-22T11:22:00,1.11,1.11,1.1,1.11,3063461
2026-09-22T08:23:00.000Z,2026-09-22T11:23:00,1.11,1.12,1.1,1.11,9204433
2026-09-22T08:24:00.000Z,2026-09-22T11:24:00,1.11,1.11,1.1,1.11,3910123
2026-09-22T08:25:00.000Z,2026-09-22T11:25:00,1.11,1.11,1.09,1.1,6742192
2026-09-22T08:26:00.000Z,2026-09-22T11:26:00,1.09,1.1,1.09,1.1,1751797
2026-09-22T08:27:00.000Z,2026-09-22T11:27:00,1.1,1.1,1.09,1.1,455636
2026-09-22T08:28:00.000Z,2026-09-22T11:28:00,1.1,1.1,1.09,1.09,114536
2026-09-22T08:29:00.000Z,2026-09-22T11:29:00,1.09,1.1,1.09,1.1,30757
2026-09-22T08:30:00.000Z,2026-09-22T11:30:00,1.1,1.1,1.1,1.1,68898
2026-09-22T08:31:00.000Z,2026-09-22T11:31:00,1.09,1.1,1.09,1.1,12568
2026-09-22T08:32:00.000Z,2026-09-22T11:32:00,1.09,1.1,1.09,1.1,135356
2026-09-22T08:33:00.000Z,2026-09-22T11:33:00,1.1,1.1,1.09,1.09,3315
2026-09-22T08:34:00.000Z,2026-09-22T11:34:00,1.1,1.1,1.1,1.1,17063
2026-09-22T08:35:00.000Z,2026-09-22T11:35:00,1.09,1.09,1.09,1.09,11172
2026-09-22T08:36:00.000Z,2026-09-22T11:36:00,1.1,1.1,1.09,1.1,77204
2026-09-22T08:37:00.000Z,2026-09-22T11:37:00,1.1,1.1,1.09,1.1,47903
2026-09-22T08:38:00.000Z,2026-09-22T11:38:00,1.1,1.1,1.1,1.1,15930
2026-09-22T08:39:00.000Z,2026-09-22T11:39:00,1.09,1.1,1.09,1.1,34589
2026-09-22T08:40:00.000Z,2026-09-22T11:40:00,1.1,1.1,1.09,1.09,419453
2026-09-22T08:41:00.000Z,2026-09-22T11:41:00,1.1,1.1,1.09,1.1,3310756
2026-09-22T08:42:00.000Z,2026-09-22T11:42:00,1.1,1.1,1.09,1.1,1109202
2026-09-22T08:43:00.000Z,2026-09-22T11:43:00,1.1,1.1,1.1,1.1,851133
2026-09-22T08:44:00.000Z,2026-09-22T11:44:00,1.1,1.1,1.09,1.09,34000
2026-09-22T08:45:00.000Z,2026-09-22T11:45:00,1.1,1.1,1.09,1.09,4725
2026-09-22T08:46:00.000Z,2026-09-22T11:46:00,1.09,1.1,1.09,1.09,64743
2026-09-22T08:47:00.000Z,2026-09-22T11:47:00,1.1,1.1,1.1,1.1,1705339
2026-09-22T08:48:00.000Z,2026-09-22T11:48:00,1.1,1.1,1.1,1.1,461418
2026-09-22T08:49:00.000Z,2026-09-22T11:49:00,1.1,1.11,1.1,1.1,793000
2026-09-22T08:50:00.000Z,2026-09-22T11:50:00,1.11,1.11,1.11,1.11,76288
2026-09-22T08:51:00.000Z,2026-09-22T11:51:00,1.1,1.1,1.1,1.1,10000
2026-09-22T08:52:00.000Z,2026-09-22T11:52:00,1.1,1.11,1.1,1.1,1370
2026-09-22T08:53:00.000Z,2026-09-22T11:53:00,1.1,1.11,1.1,1.1,743112
2026-09-22T08:54:00.000Z,2026-09-22T11:54:00,1.1,1.11,1.1,1.11,86675
2026-09-22T08:55:00.000Z,2026-09-22T11:55:00,1.11,1.11,1.1,1.11,7680
2026-09-22T08:56:00.000Z,2026-09-22T11:56:00,1.11,1.11,1.1,1.1,643653
2026-09-22T08:57:00.000Z,2026-09-22T11:57:00,1.11,1.11,1.1,1.11,6326201
2026-09-22T08:58:00.000Z,2026-09-22T11:58:00,1.11,1.11,1.1,1.11,1163721
2026-09-22T08:59:00.000Z,2026-09-22T11:59:00,1.11,1.11,1.11,1.11,111922
2026-09-22T09:00:00.000Z,2026-09-22T12:00:00,1.1,1.11,1.1,1.11,7990
2026-09-22T09:01:00.000Z,2026-09-22T12:01:00,1.11,1.11,1.11,1.11,806905
2026-09-22T09:02:00.000Z,2026-09-22T12:02:00,1.11,1.12,1.11,1.11,2615322
2026-09-22T09:03:00.000Z,2026-09-22T12:03:00,1.11,1.11,1.11,1.11,3179375
2026-09-22T09:04:00.000Z,2026-09-22T12:04:00,1.11,1.11,1.11,1.11,1433776
2026-09-22T09:05:00.000Z,2026-09-22T12:05:00,1.11,1.11,1.11,1.11,2235847
2026-09-22T09:06:00.000Z,2026-09-22T12:06:00,1.11,1.12,1.1,1.1,13359853
2026-09-22T09:07:00.000Z,2026-09-22T12:07:00,1.1,1.12,1.1,1.12,239773
2026-09-22T09:08:00.000Z,2026-09-22T12:08:00,1.11,1.12,1.11,1.11,1385455
2026-09-22T09:09:00.000Z,2026-09-22T12:09:00,1.11,1.11,1.1,1.11,2425890
2026-09-22T09:10:00.000Z,2026-09-22T12:10:00,1.11,1.11,1.1,1.1,69506
2026-09-22T09:11:00.000Z,2026-09-22T12:11:00,1.11,1.11,1.1,1.1,578981
2026-09-22T09:12:00.000Z,2026-09-22T12:12:00,1.11,1.11,1.11,1.11,160210
2026-09-22T09:13:00.000Z,2026-09-22T12:13:00,1.1,1.11,1.1,1.11,225405
2026-09-22T09:14:00.000Z,2026-09-22T12:14:00,1.11,1.11,1.11,1.11,10226
2026-09-22T09:15:00.000Z,2026-09-22T12:15:00,1.11,1.11,1.11,1.11,2635608
2026-09-22T09:16:00.000Z,2026-09-22T12:16:00,1.11,1.11,1.11,1.11,131808
2026-09-22T09:17:00.000Z,2026-09-22T12:17:00,1.11,1.11,1.1,1.1,18890
2026-09-22T09:18:00.000Z,2026-09-22T12:18:00,1.11,1.11,1.11,1.11,1021705
2026-09-22T09:19:00.000Z,2026-09-22T12:19:00,1.1,1.11,1.1,1.11,416725
2026-09-22T09:20:00.000Z,2026-09-22T12:20:00,1.11,1.11,1.11,1.11,58719
2026-09-22T09:21:00.000Z,2026-09-22T12:21:00,1.1,1.11,1.1,1.11,251284
2026-09-22T09:22:00.000Z,2026-09-22T12:22:00,1.11,1.11,1.1,1.1,237234
2026-09-22T09:23:00.000Z,2026-09-22T12:23:00,1.1,1.11,1.1,1.11,640212
2026-09-22T09:24:00.000Z,2026-09-22T12:24:00,1.11,1.11,1.1,1.1,3255687
2026-09-22T09:25:00.000Z,2026-09-22T12:25:00,1.1,1.11,1.1,1.1,8703998
2026-09-22T09:26:00.000Z,2026-09-22T12:26:00,1.1,1.11,1.1,1.11,265008
2026-09-22T09:27:00.000Z,2026-09-22T12:27:00,1.11,1.11,1.1,1.1,533062
2026-09-22T09:28:00.000Z,2026-09-22T12:28:00,1.1,1.11,1.1,1.11,59750
2026-09-22T09:29:00.000Z,2026-09-22T12:29:00,1.1,1.11,1.1,1.1,296864
2026-09-22T09:30:00.000Z,2026-09-22T12:30:00,1.1,1.11,1.1,1.1,1695973
2026-09-22T09:31:00.000Z,2026-09-22T12:31:00,1.1,1.1,1.09,1.1,1369725
2026-09-22T09:32:00.000Z,2026-09-22T12:32:00,1.11,1.11,1.1,1.11,6036
2026-09-22T09:33:00.000Z,2026-09-22T12:33:00,1.11,1.11,1.1,1.1,50100
2026-09-22T09:34:00.000Z,2026-09-22T12:34:00,1.11,1.11,1.1,1.1,1209364
2026-09-22T09:35:00.000Z,2026-09-22T12:35:00,1.1,1.11,1.1,1.1,656000
2026-09-22T09:36:00.000Z,2026-09-22T12:36:00,1.1,1.11,1.1,1.11,972000
2026-09-22T09:37:00.000Z,2026-09-22T12:37:00,1.11,1.11,1.1,1.11,3314500
2026-09-22T09:38:00.000Z,2026-09-22T12:38:00,1.11,1.11,1.1,1.1,200030
2026-09-22T09:40:00.000Z,2026-09-22T12:40:00,1.1,1.11,1.1,1.11,752151
2026-09-22T09:41:00.000Z,2026-09-22T12:41:00,1.1,1.11,1.1,1.1,1610
2026-09-22T09:42:00.000Z,2026-09-22T12:42:00,1.11,1.11,1.11,1.11,51037
2026-09-22T09:43:00.000Z,2026-09-22T12:43:00,1.11,1.11,1.11,1.11,250800
2026-09-22T09:44:00.000Z,2026-09-22T12:44:00,1.11,1.11,1.1,1.1,10215000
2026-09-22T09:45:00.000Z,2026-09-22T12:45:00,1.1,1.1,1.1,1.1,8000
2026-09-22T09:46:00.000Z,2026-09-22T12:46:00,1.1,1.11,1.1,1.11,107370
2026-09-22T09:47:00.000Z,2026-09-22T12:47:00,1.1,1.11,1.1,1.11,89436
2026-09-22T09:48:00.000Z,2026-09-22T12:48:00,1.11,1.11,1.1,1.11,2183585
2026-09-22T09:49:00.000Z,2026-09-22T12:49:00,1.1,1.11,1.1,1.11,188492
2026-09-22T09:50:00.000Z,2026-09-22T12:50:00,1.1,1.1,1.09,1.1,886908
2026-09-22T09:51:00.000Z,2026-09-22T12:51:00,1.09,1.1,1.09,1.1,35200
2026-09-22T09:52:00.000Z,2026-09-22T12:52:00,1.1,1.1,1.1,1.1,2775
2026-09-22T09:53:00.000Z,2026-09-22T12:53:00,1.1,1.1,1.09,1.09,9294
2026-09-22T09:54:00.000Z,2026-09-22T12:54:00,1.1,1.1,1.09,1.1,309790
2026-09-22T09:55:00.000Z,2026-09-22T12:55:00,1.1,1.1,1.09,1.09,101500
2026-09-22T09:56:00.000Z,2026-09-22T12:56:00,1.09,1.09,1.09,1.09,1000
2026-09-22T09:57:00.000Z,2026-09-22T12:57:00,1.1,1.1,1.1,1.1,5000
2026-09-22T09:58:00.000Z,2026-09-22T12:58:00,1.1,1.1,1.09,1.1,73621
2026-09-22T09:59:00.000Z,2026-09-22T12:59:00,1.1,1.1,1.09,1.09,50442
2026-09-22T10:00:00.000Z,2026-09-22T13:00:00,1.09,1.1,1.09,1.1,26197
2026-09-22T10:02:00.000Z,2026-09-22T13:02:00,1.1,1.1,1.1,1.1,3024
2026-09-22T10:03:00.000Z,2026-09-22T13:03:00,1.09,1.09,1.09,1.09,20306
2026-09-22T10:04:00.000Z,2026-09-22T13:04:00,1.1,1.1,1.09,1.1,27533
2026-09-22T10:05:00.000Z,2026-09-22T13:05:00,1.1,1.1,1.09,1.1,506472
2026-09-22T10:06:00.000Z,2026-09-22T13:06:00,1.1,1.1,1.1,1.1,80057
2026-09-22T10:07:00.000Z,2026-09-22T13:07:00,1.1,1.1,1.09,1.09,3027
2026-09-22T10:08:00.000Z,2026-09-22T13:08:00,1.1,1.1,1.1,1.1,50
2026-09-22T10:10:00.000Z,2026-09-22T13:10:00,1.1,1.1,1.1,1.1,2698641
2026-09-22T10:11:00.000Z,2026-09-22T13:11:00,1.1,1.1,1.09,1.09,511818
2026-09-22T10:14:00.000Z,2026-09-22T13:14:00,1.09,1.1,1.09,1.1,1019
2026-09-22T10:16:00.000Z,2026-09-22T13:16:00,1.1,1.1,1.09,1.1,304013
2026-09-22T10:17:00.000Z,2026-09-22T13:17:00,1.1,1.1,1.1,1.1,14376
2026-09-22T10:18:00.000Z,2026-09-22T13:18:00,1.1,1.1,1.1,1.1,20000
2026-09-22T10:19:00.000Z,2026-09-22T13:19:00,1.1,1.1,1.1,1.1,30037
2026-09-22T10:20:00.000Z,2026-09-22T13:20:00,1.1,1.1,1.1,1.1,4877
2026-09-22T10:21:00.000Z,2026-09-22T13:21:00,1.09,1.1,1.09,1.1,1330
2026-09-22T10:22:00.000Z,2026-09-22T13:22:00,1.1,1.1,1.1,1.1,271247
2026-09-22T10:23:00.000Z,2026-09-22T13:23:00,1.09,1.09,1.09,1.09,54545
2026-09-22T10:24:00.000Z,2026-09-22T13:24:00,1.1,1.11,1.1,1.11,3295245
2026-09-22T10:25:00.000Z,2026-09-22T13:25:00,1.1,1.11,1.09,1.09,303818
2026-09-22T10:26:00.000Z,2026-09-22T13:26:00,1.1,1.11,1.1,1.1,1221050
2026-09-22T10:27:00.000Z,2026-09-22T13:27:00,1.1,1.1,1.1,1.1,250050
2026-09-22T10:28:00.000Z,2026-09-22T13:28:00,1.1,1.1,1.1,1.1,250
2026-09-22T10:29:00.000Z,2026-09-22T13:29:00,1.1,1.1,1.1,1.1,30062
2026-09-22T10:30:00.000Z,2026-09-22T13:30:00,1.1,1.1,1.1,1.1,30000
2026-09-22T10:31:00.000Z,2026-09-22T13:31:00,1.1,1.1,1.09,1.09,845
2026-09-22T10:32:00.000Z,2026-09-22T13:32:00,1.1,1.1,1.1,1.1,300088
2026-09-22T10:33:00.000Z,2026-09-22T13:33:00,1.1,1.1,1.1,1.1,40339
2026-09-22T10:34:00.000Z,2026-09-22T13:34:00,1.1,1.11,1.1,1.1,2032001
2026-09-22T10:35:00.000Z,2026-09-22T13:35:00,1.1,1.1,1.1,1.1,1987277
2026-09-22T10:36:00.000Z,2026-09-22T13:36:00,1.11,1.11,1.1,1.11,224664
2026-09-22T10:37:00.000Z,2026-09-22T13:37:00,1.11,1.11,1.1,1.1,54700
2026-09-22T10:38:00.000Z,2026-09-22T13:38:00,1.11,1.11,1.11,1.11,953
2026-09-22T10:39:00.000Z,2026-09-22T13:39:00,1.11,1.11,1.11,1.11,35012
2026-09-22T10:40:00.000Z,2026-09-22T13:40:00,1.11,1.11,1.1,1.1,2007
2026-09-22T10:41:00.000Z,2026-09-22T13:41:00,1.1,1.1,1.1,1.1,566000
2026-09-22T10:42:00.000Z,2026-09-22T13:42:00,1.11,1.11,1.11,1.11,100000
2026-09-22T10:43:00.000Z,2026-09-22T13:43:00,1.1,1.1,1.1,1.1,100400
2026-09-22T10:44:00.000Z,2026-09-22T13:44:00,1.1,1.1,1.1,1.1,28022
2026-09-22T10:45:00.000Z,2026-09-22T13:45:00,1.1,1.11,1.1,1.11,28421
2026-09-22T10:46:00.000Z,2026-09-22T13:46:00,1.11,1.11,1.1,1.1,2183816
2026-09-22T10:47:00.000Z,2026-09-22T13:47:00,1.1,1.1,1.09,1.1,2309777
2026-09-22T10:48:00.000Z,2026-09-22T13:48:00,1.1,1.1,1.1,1.1,1867340
2026-09-22T10:49:00.000Z,2026-09-22T13:49:00,1.09,1.1,1.09,1.1,36195
2026-09-22T10:50:00.000Z,2026-09-22T13:50:00,1.1,1.1,1.1,1.1,923812
2026-09-22T10:51:00.000Z,2026-09-22T13:51:00,1.1,1.1,1.1,1.1,76188
2026-09-22T10:52:00.000Z,2026-09-22T13:52:00,1.1,1.1,1.09,1.1,1017182
2026-09-22T10:53:00.000Z,2026-09-22T13:53:00,1.11,1.11,1.09,1.1,1178087
2026-09-22T10:54:00.000Z,2026-09-22T13:54:00,1.09,1.09,1.09,1.09,114050
2026-09-22T10:55:00.000Z,2026-09-22T13:55:00,1.09,1.1,1.09,1.09,1085442
2026-09-22T10:58:00.000Z,2026-09-22T13:58:00,1.1,1.1,1.09,1.09,243346
2026-09-22T10:59:00.000Z,2026-09-22T13:59:00,1.1,1.1,1.09,1.1,79257
2026-09-22T11:00:00.000Z,2026-09-22T14:00:00,1.1,1.1,1.09,1.09,765555
2026-09-22T11:01:00.000Z,2026-09-22T14:01:00,1.1,1.1,1.09,1.09,1147294
2026-09-22T11:02:00.000Z,2026-09-22T14:02:00,1.09,1.09,1.09,1.09,13899
2026-09-22T11:03:00.000Z,2026-09-22T14:03:00,1.09,1.09,1.09,1.09,16800
2026-09-22T11:04:00.000Z,2026-09-22T14:04:00,1.1,1.1,1.09,1.09,302000
2026-09-22T11:05:00.000Z,2026-09-22T14:05:00,1.1,1.1,1.1,1.1,11817
2026-09-22T11:06:00.000Z,2026-09-22T14:06:00,1.1,1.1,1.1,1.1,15
2026-09-22T11:07:00.000Z,2026-09-22T14:07:00,1.1,1.1,1.1,1.1,1000
2026-09-22T11:08:00.000Z,2026-09-22T14:08:00,1.1,1.1,1.1,1.1,7500
2026-09-22T11:09:00.000Z,2026-09-22T14:09:00,1.09,1.09,1.09,1.09,74666
2026-09-22T11:10:00.000Z,2026-09-22T14:10:00,1.1,1.1,1.09,1.09,1327722
2026-09-22T11:11:00.000Z,2026-09-22T14:11:00,1.1,1.1,1.1,1.1,21021
2026-09-22T11:12:00.000Z,2026-09-22T14:12:00,1.09,1.09,1.09,1.09,60000
2026-09-22T11:13:00.000Z,2026-09-22T14:13:00,1.1,1.1,1.09,1.09,1266337
2026-09-22T11:14:00.000Z,2026-09-22T14:14:00,1.09,1.1,1.09,1.1,3011392
2026-09-22T11:25:00.000Z,2026-09-22T14:25:00,1.09,1.09,1.09,1.09,8055175
2026-09-22T11:26:00.000Z,2026-09-22T14:26:00,1.09,1.09,1.09,1.09,100000
2026-09-22T11:27:00.000Z,2026-09-22T14:27:00,1.09,1.09,1.09,1.09,305300
2026-09-23T07:00:00.000Z,2026-09-23T10:00:00,1.11,1.11,1.1,1.1,3867257
2026-09-23T07:01:00.000Z,2026-09-23T10:01:00,1.1,1.1,1.1,1.1,600000
2026-09-23T07:02:00.000Z,2026-09-23T10:02:00,1.1,1.1,1.09,1.1,4933063
2026-09-23T07:03:00.000Z,2026-09-23T10:03:00,1.09,1.09,1.09,1.09,118229
2026-09-23T07:04:00.000Z,2026-09-23T10:04:00,1.09,1.09,1.09,1.09,107148
2026-09-23T07:05:00.000Z,2026-09-23T10:05:00,1.09,1.1,1.09,1.1,1519414
2026-09-23T07:06:00.000Z,2026-09-23T10:06:00,1.09,1.09,1.09,1.09,597207
2026-09-23T07:07:00.000Z,2026-09-23T10:07:00,1.09,1.09,1.09,1.09,28300
2026-09-23T07:08:00.000Z,2026-09-23T10:08:00,1.08,1.09,1.07,1.09,2910558
2026-09-23T07:09:00.000Z,2026-09-23T10:09:00,1.09,1.09,1.08,1.08,1874007
2026-09-23T07:10:00.000Z,2026-09-23T10:10:00,1.09,1.09,1.08,1.08,2532312
2026-09-23T07:11:00.000Z,2026-09-23T10:11:00,1.08,1.08,1.08,1.08,64446
2026-09-23T07:12:00.000Z,2026-09-23T10:12:00,1.09,1.09,1.09,1.09,1000000
2026-09-23T07:13:00.000Z,2026-09-23T10:13:00,1.09,1.09,1.08,1.09,2034131
2026-09-23T07:14:00.000Z,2026-09-23T10:14:00,1.09,1.09,1.09,1.09,210000
2026-09-23T07:15:00.000Z,2026-09-23T10:15:00,1.09,1.09,1.09,1.09,70000
2026-09-23T07:16:00.000Z,2026-09-23T10:16:00,1.09,1.09,1.09,1.09,31696
2026-09-23T07:17:00.000Z,2026-09-23T10:17:00,1.09,1.09,1.09,1.09,1223797
2026-09-23T07:18:00.000Z,2026-09-23T10:18:00,1.09,1.09,1.08,1.08,529461
2026-09-23T07:19:00.000Z,2026-09-23T10:19:00,1.09,1.1,1.09,1.1,1331852
2026-09-23T07:20:00.000Z,2026-09-23T10:20:00,1.1,1.1,1.09,1.1,2200992
2026-09-23T07:21:00.000Z,2026-09-23T10:21:00,1.1,1.1,1.09,1.1,680200
2026-09-23T07:22:00.000Z,2026-09-23T10:22:00,1.1,1.1,1.1,1.1,10246
2026-09-23T07:23:00.000Z,2026-09-23T10:23:00,1.1,1.1,1.1,1.1,10296
2026-09-23T07:24:00.000Z,2026-09-23T10:24:00,1.09,1.1,1.09,1.1,1000990
2026-09-23T07:25:00.000Z,2026-09-23T10:25:00,1.1,1.1,1.09,1.1,1766356
2026-09-23T07:26:00.000Z,2026-09-23T10:26:00,1.1,1.1,1.1,1.1,2767642
2026-09-23T07:27:00.000Z,2026-09-23T10:27:00,1.1,1.1,1.1,1.1,36368
2026-09-23T07:28:00.000Z,2026-09-23T10:28:00,1.11,1.11,1.11,1.11,2000000
2026-09-23T07:29:00.000Z,2026-09-23T10:29:00,1.11,1.11,1.11,1.11,2831851
2026-09-23T07:30:00.000Z,2026-09-23T10:30:00,1.11,1.12,1.11,1.12,4498729
2026-09-23T07:31:00.000Z,2026-09-23T10:31:00,1.11,1.12,1.11,1.12,5469409
2026-09-23T07:32:00.000Z,2026-09-23T10:32:00,1.12,1.12,1.11,1.12,13491578
2026-09-23T07:33:00.000Z,2026-09-23T10:33:00,1.12,1.12,1.12,1.12,4439626
2026-09-23T07:34:00.000Z,2026-09-23T10:34:00,1.11,1.12,1.11,1.12,1714379
2026-09-23T07:35:00.000Z,2026-09-23T10:35:00,1.11,1.11,1.1,1.1,2261646
2026-09-23T07:36:00.000Z,2026-09-23T10:36:00,1.11,1.11,1.11,1.11,2443937
2026-09-23T07:37:00.000Z,2026-09-23T10:37:00,1.11,1.11,1.11,1.11,3092645
2026-09-23T07:38:00.000Z,2026-09-23T10:38:00,1.1,1.11,1.1,1.11,614071
2026-09-23T07:39:00.000Z,2026-09-23T10:39:00,1.11,1.11,1.11,1.11,1001931
2026-09-23T07:40:00.000Z,2026-09-23T10:40:00,1.11,1.11,1.1,1.1,3436000
2026-09-23T07:41:00.000Z,2026-09-23T10:41:00,1.11,1.11,1.1,1.1,94934
2026-09-23T07:42:00.000Z,2026-09-23T10:42:00,1.11,1.11,1.11,1.11,100195
2026-09-23T07:43:00.000Z,2026-09-23T10:43:00,1.1,1.1,1.1,1.1,4000000
2026-09-23T07:44:00.000Z,2026-09-23T10:44:00,1.1,1.1,1.1,1.1,12099
2026-09-23T07:45:00.000Z,2026-09-23T10:45:00,1.11,1.11,1.1,1.1,680700
2026-09-23T07:46:00.000Z,2026-09-23T10:46:00,1.1,1.1,1.09,1.1,866768
2026-09-23T07:47:00.000Z,2026-09-23T10:47:00,1.09,1.1,1.09,1.09,203572
2026-09-23T07:48:00.000Z,2026-09-23T10:48:00,1.09,1.1,1.09,1.1,3760631
2026-09-23T07:49:00.000Z,2026-09-23T10:49:00,1.1,1.11,1.1,1.11,2040000
2026-09-23T07:51:00.000Z,2026-09-23T10:51:00,1.1,1.1,1.1,1.1,204826
2026-09-23T07:52:00.000Z,2026-09-23T10:52:00,1.11,1.11,1.11,1.11,3025
2026-09-23T07:55:00.000Z,2026-09-23T10:55:00,1.1,1.11,1.1,1.11,1523700
2026-09-23T07:56:00.000Z,2026-09-23T10:56:00,1.1,1.1,1.1,1.1,500
2026-09-23T07:57:00.000Z,2026-09-23T10:57:00,1.11,1.11,1.11,1.11,8005
2026-09-23T07:59:00.000Z,2026-09-23T10:59:00,1.1,1.1,1.1,1.1,1070000
2026-09-23T08:00:00.000Z,2026-09-23T11:00:00,1.1,1.1,1.1,1.1,250000
2026-09-23T08:01:00.000Z,2026-09-23T11:01:00,1.1,1.1,1.1,1.1,510000
2026-09-23T08:02:00.000Z,2026-09-23T11:02:00,1.11,1.11,1.11,1.11,2000000
2026-09-23T08:04:00.000Z,2026-09-23T11:04:00,1.11,1.11,1.1,1.1,805190
2026-09-23T08:05:00.000Z,2026-09-23T11:05:00,1.1,1.11,1.1,1.11,790000
2026-09-23T08:06:00.000Z,2026-09-23T11:06:00,1.1,1.11,1.1,1.11,208253
2026-09-23T08:07:00.000Z,2026-09-23T11:07:00,1.11,1.11,1.1,1.11,603953
2026-09-23T08:08:00.000Z,2026-09-23T11:08:00,1.1,1.1,1.1,1.1,605322
2026-09-23T08:09:00.000Z,2026-09-23T11:09:00,1.1,1.1,1.1,1.1,488169
2026-09-23T08:10:00.000Z,2026-09-23T11:10:00,1.1,1.1,1.1,1.1,453062
2026-09-23T08:11:00.000Z,2026-09-23T11:11:00,1.1,1.1,1.09,1.1,447097
2026-09-23T08:12:00.000Z,2026-09-23T11:12:00,1.09,1.1,1.09,1.1,318823
2026-09-23T08:13:00.000Z,2026-09-23T11:13:00,1.1,1.1,1.1,1.1,2000
2026-09-23T08:14:00.000Z,2026-09-23T11:14:00,1.1,1.1,1.1,1.1,100000
2026-09-23T08:15:00.000Z,2026-09-23T11:15:00,1.1,1.1,1.1,1.1,108177
2026-09-23T08:16:00.000Z,2026-09-23T11:16:00,1.1,1.1,1.1,1.1,277
2026-09-23T08:17:00.000Z,2026-09-23T11:17:00,1.1,1.1,1.1,1.1,50
2026-09-23T08:18:00.000Z,2026-09-23T11:18:00,1.09,1.09,1.09,1.09,6674
2026-09-23T08:19:00.000Z,2026-09-23T11:19:00,1.09,1.1,1.09,1.1,157899
2026-09-23T08:20:00.000Z,2026-09-23T11:20:00,1.09,1.09,1.09,1.09,366805
2026-09-23T08:22:00.000Z,2026-09-23T11:22:00,1.09,1.09,1.09,1.09,74586
2026-09-23T08:23:00.000Z,2026-09-23T11:23:00,1.09,1.09,1.09,1.09,12000
2026-09-23T08:24:00.000Z,2026-09-23T11:24:00,1.09,1.09,1.09,1.09,57700
2026-09-23T08:25:00.000Z,2026-09-23T11:25:00,1.1,1.1,1.1,1.1,45871
2026-09-23T08:26:00.000Z,2026-09-23T11:26:00,1.1,1.1,1.1,1.1,100000
2026-09-23T08:28:00.000Z,2026-09-23T11:28:00,1.1,1.1,1.1,1.1,1076633
2026-09-23T08:29:00.000Z,2026-09-23T11:29:00,1.09,1.09,1.09,1.09,67500
2026-09-23T08:32:00.000Z,2026-09-23T11:32:00,1.09,1.1,1.09,1.1,7999
2026-09-23T08:33:00.000Z,2026-09-23T11:33:00,1.1,1.1,1.1,1.1,2513
2026-09-23T08:35:00.000Z,2026-09-23T11:35:00,1.1,1.1,1.1,1.1,818
2026-09-23T08:36:00.000Z,2026-09-23T11:36:00,1.1,1.1,1.1,1.1,739951
2026-09-23T08:39:00.000Z,2026-09-23T11:39:00,1.09,1.09,1.09,1.09,2112
2026-09-23T08:40:00.000Z,2026-09-23T11:40:00,1.1,1.1,1.1,1.1,1215
2026-09-23T08:41:00.000Z,2026-09-23T11:41:00,1.1,1.1,1.1,1.1,214570
2026-09-23T08:42:00.000Z,2026-09-23T11:42:00,1.1,1.1,1.1,1.1,11668
2026-09-23T08:44:00.000Z,2026-09-23T11:44:00,1.1,1.1,1.1,1.1,3000363
2026-09-23T08:45:00.000Z,2026-09-23T11:45:00,1.1,1.1,1.1,1.1,300000
2026-09-23T08:46:00.000Z,2026-09-23T11:46:00,1.1,1.1,1.1,1.1,50000
2026-09-23T08:47:00.000Z,2026-09-23T11:47:00,1.11,1.11,1.1,1.1,130024
2026-09-23T08:48:00.000Z,2026-09-23T11:48:00,1.1,1.1,1.1,1.1,5044
2026-09-23T08:51:00.000Z,2026-09-23T11:51:00,1.11,1.11,1.1,1.1,105000
2026-09-23T08:53:00.000Z,2026-09-23T11:53:00,1.1,1.11,1.1,1.1,171613
2026-09-23T08:54:00.000Z,2026-09-23T11:54:00,1.11,1.11,1.1,1.1,172702
2026-09-23T08:55:00.000Z,2026-09-23T11:55:00,1.11,1.11,1.11,1.11,60005
2026-09-23T08:56:00.000Z,2026-09-23T11:56:00,1.11,1.11,1.11,1.11,9575
2026-09-23T08:58:00.000Z,2026-09-23T11:58:00,1.1,1.1,1.1,1.1,675000
2026-09-23T08:59:00.000Z,2026-09-23T11:59:00,1.1,1.1,1.1,1.1,7697
2026-09-23T09:00:00.000Z,2026-09-23T12:00:00,1.1,1.1,1.1,1.1,2998381
2026-09-23T09:01:00.000Z,2026-09-23T12:01:00,1.1,1.1,1.1,1.1,1085000
2026-09-23T09:03:00.000Z,2026-09-23T12:03:00,1.1,1.11,1.1,1.11,200050
2026-09-23T09:04:00.000Z,2026-09-23T12:04:00,1.1,1.1,1.1,1.1,184316
2026-09-23T09:05:00.000Z,2026-09-23T12:05:00,1.1,1.1,1.1,1.1,1550
2026-09-23T09:07:00.000Z,2026-09-23T12:07:00,1.1,1.1,1.1,1.1,500000
2026-09-23T09:09:00.000Z,2026-09-23T12:09:00,1.1,1.1,1.1,1.1,5
2026-09-23T09:11:00.000Z,2026-09-23T12:11:00,1.09,1.09,1.09,1.09,5386
2026-09-23T09:12:00.000Z,2026-09-23T12:12:00,1.09,1.09,1.09,1.09,20815
2026-09-23T09:13:00.000Z,2026-09-23T12:13:00,1.1,1.1,1.1,1.1,500
2026-09-23T09:14:00.000Z,2026-09-23T12:14:00,1.1,1.1,1.1,1.1,454
2026-09-23T09:16:00.000Z,2026-09-23T12:16:00,1.1,1.11,1.1,1.11,671298
2026-09-23T09:18:00.000Z,2026-09-23T12:18:00,1.1,1.1,1.1,1.1,851552
2026-09-23T09:19:00.000Z,2026-09-23T12:19:00,1.1,1.1,1.1,1.1,17976
2026-09-23T09:21:00.000Z,2026-09-23T12:21:00,1.1,1.1,1.1,1.1,651
2026-09-23T09:22:00.000Z,2026-09-23T12:22:00,1.1,1.1,1.1,1.1,10250
2026-09-23T09:23:00.000Z,2026-09-23T12:23:00,1.1,1.1,1.1,1.1,9885
2026-09-23T09:24:00.000Z,2026-09-23T12:24:00,1.1,1.11,1.1,1.11,9930
2026-09-23T09:25:00.000Z,2026-09-23T12:25:00,1.1,1.1,1.1,1.1,9885
2026-09-23T09:26:00.000Z,2026-09-23T12:26:00,1.1,1.1,1.1,1.1,9885
2026-09-23T09:27:00.000Z,2026-09-23T12:27:00,1.1,1.1,1.1,1.1,10580
2026-09-23T09:28:00.000Z,2026-09-23T12:28:00,1.1,1.1,1.1,1.1,9885
2026-09-23T09:29:00.000Z,2026-09-23T12:29:00,1.11,1.11,1.1,1.1,9963
2026-09-23T09:30:00.000Z,2026-09-23T12:30:00,1.1,1.1,1.1,1.1,1363
2026-09-23T09:31:00.000Z,2026-09-23T12:31:00,1.1,1.1,1.1,1.1,39885
2026-09-23T09:32:00.000Z,2026-09-23T12:32:00,1.1,1.11,1.1,1.1,161608
2026-09-23T09:33:00.000Z,2026-09-23T12:33:00,1.1,1.1,1.1,1.1,9885
2026-09-23T09:34:00.000Z,2026-09-23T12:34:00,1.1,1.11,1.1,1.1,640465
2026-09-23T09:35:00.000Z,2026-09-23T12:35:00,1.1,1.1,1.1,1.1,9885
2026-09-23T09:36:00.000Z,2026-09-23T12:36:00,1.1,1.1,1.1,1.1,9884
2026-09-23T09:37:00.000Z,2026-09-23T12:37:00,1.1,1.1,1.1,1.1,27044
2026-09-23T09:38:00.000Z,2026-09-23T12:38:00,1.1,1.1,1.1,1.1,9884
2026-09-23T09:39:00.000Z,2026-09-23T12:39:00,1.1,1.1,1.1,1.1,9884
2026-09-23T09:40:00.000Z,2026-09-23T12:40:00,1.1,1.1,1.1,1.1,309884
2026-09-23T09:42:00.000Z,2026-09-23T12:42:00,1.1,1.1,1.1,1.1,9884
2026-09-23T09:43:00.000Z,2026-09-23T12:43:00,1.1,1.11,1.1,1.11,5009884
2026-09-23T09:44:00.000Z,2026-09-23T12:44:00,1.11,1.11,1.1,1.11,1304942
2026-09-23T09:45:00.000Z,2026-09-23T12:45:00,1.11,1.11,1.11,1.11,50000
2026-09-23T09:46:00.000Z,2026-09-23T12:46:00,1.1,1.1,1.1,1.1,900
2026-09-23T09:47:00.000Z,2026-09-23T12:47:00,1.11,1.11,1.11,1.11,101065
2026-09-23T09:48:00.000Z,2026-09-23T12:48:00,1.1,1.11,1.1,1.1,132581
2026-09-23T09:49:00.000Z,2026-09-23T12:49:00,1.11,1.11,1.11,1.11,110000
2026-09-23T09:50:00.000Z,2026-09-23T12:50:00,1.11,1.11,1.11,1.11,9000
2026-09-23T09:51:00.000Z,2026-09-23T12:51:00,1.11,1.11,1.11,1.11,225000
2026-09-23T09:52:00.000Z,2026-09-23T12:52:00,1.11,1.11,1.11,1.11,1000000
2026-09-23T09:53:00.000Z,2026-09-23T12:53:00,1.11,1.11,1.11,1.11,1275000
2026-09-23T09:54:00.000Z,2026-09-23T12:54:00,1.11,1.11,1.1,1.1,102500
2026-09-23T09:56:00.000Z,2026-09-23T12:56:00,1.1,1.1,1.1,1.1,15059
2026-09-23T10:01:00.000Z,2026-09-23T13:01:00,1.1,1.1,1.1,1.1,38770
2026-09-23T10:02:00.000Z,2026-09-23T13:02:00,1.11,1.11,1.11,1.11,100000
2026-09-23T10:04:00.000Z,2026-09-23T13:04:00,1.11,1.11,1.11,1.11,3000000
2026-09-23T10:05:00.000Z,2026-09-23T13:05:00,1.1,1.1,1.1,1.1,50000
2026-09-23T10:06:00.000Z,2026-09-23T13:06:00,1.1,1.1,1.1,1.1,200000
2026-09-23T10:07:00.000Z,2026-09-23T13:07:00,1.11,1.11,1.11,1.11,184
2026-09-23T10:08:00.000Z,2026-09-23T13:08:00,1.11,1.11,1.1,1.1,5015
2026-09-23T10:09:00.000Z,2026-09-23T13:09:00,1.11,1.11,1.11,1.11,15000
2026-09-23T10:11:00.000Z,2026-09-23T13:11:00,1.1,1.1,1.1,1.1,7260
2026-09-23T10:12:00.000Z,2026-09-23T13:12:00,1.11,1.11,1.11,1.11,5000
2026-09-23T10:13:00.000Z,2026-09-23T13:13:00,1.11,1.11,1.11,1.11,135
2026-09-23T10:14:00.000Z,2026-09-23T13:14:00,1.1,1.11,1.1,1.11,17179
2026-09-23T10:15:00.000Z,2026-09-23T13:15:00,1.1,1.1,1.1,1.1,14763
2026-09-23T10:16:00.000Z,2026-09-23T13:16:00,1.1,1.11,1.1,1.11,10909
2026-09-23T10:17:00.000Z,2026-09-23T13:17:00,1.1,1.11,1.1,1.11,1073181
2026-09-23T10:18:00.000Z,2026-09-23T13:18:00,1.1,1.11,1.1,1.11,49867
2026-09-23T10:19:00.000Z,2026-09-23T13:19:00,1.11,1.11,1.11,1.11,20000
2026-09-23T10:22:00.000Z,2026-09-23T13:22:00,1.11,1.11,1.1,1.1,225000
2026-09-23T10:23:00.000Z,2026-09-23T13:23:00,1.1,1.1,1.1,1.1,28414
2026-09-23T10:24:00.000Z,2026-09-23T13:24:00,1.1,1.11,1.1,1.11,24560
2026-09-23T10:25:00.000Z,2026-09-23T13:25:00,1.1,1.1,1.1,1.1,1100000
2026-09-23T10:26:00.000Z,2026-09-23T13:26:00,1.1,1.1,1.1,1.1,3000000
2026-09-23T10:27:00.000Z,2026-09-23T13:27:00,1.1,1.1,1.1,1.1,85433
2026-09-23T10:28:00.000Z,2026-09-23T13:28:00,1.1,1.1,1.1,1.1,9345
2026-09-23T10:29:00.000Z,2026-09-23T13:29:00,1.11,1.11,1.1,1.1,32224
2026-09-23T10:30:00.000Z,2026-09-23T13:30:00,1.11,1.11,1.11,1.11,1345
2026-09-23T10:32:00.000Z,2026-09-23T13:32:00,1.1,1.1,1.1,1.1,24524
2026-09-23T10:33:00.000Z,2026-09-23T13:33:00,1.1,1.1,1.1,1.1,5074704
2026-09-23T10:34:00.000Z,2026-09-23T13:34:00,1.1,1.1,1.09,1.1,2216480
2026-09-23T10:35:00.000Z,2026-09-23T13:35:00,1.1,1.1,1.09,1.09,985654
2026-09-23T10:36:00.000Z,2026-09-23T13:36:00,1.1,1.1,1.1,1.1,124101
2026-09-23T10:37:00.000Z,2026-09-23T13:37:00,1.09,1.09,1.09,1.09,24524
2026-09-23T10:38:00.000Z,2026-09-23T13:38:00,1.09,1.09,1.09,1.09,17285
2026-09-23T10:39:00.000Z,2026-09-23T13:39:00,1.09,1.09,1.09,1.09,460
2026-09-23T10:40:00.000Z,2026-09-23T13:40:00,1.09,1.09,1.09,1.09,25927
2026-09-23T10:41:00.000Z,2026-09-23T13:41:00,1.1,1.1,1.09,1.09,3029085
2026-09-23T10:42:00.000Z,2026-09-23T13:42:00,1.09,1.09,1.09,1.09,1000
2026-09-23T10:43:00.000Z,2026-09-23T13:43:00,1.1,1.1,1.1,1.1,2000
2026-09-23T10:44:00.000Z,2026-09-23T13:44:00,1.09,1.09,1.09,1.09,15000
2026-09-23T10:45:00.000Z,2026-09-23T13:45:00,1.1,1.1,1.09,1.09,26787
2026-09-23T10:46:00.000Z,2026-09-23T13:46:00,1.09,1.1,1.09,1.1,25235
2026-09-23T10:47:00.000Z,2026-09-23T13:47:00,1.09,1.1,1.09,1.1,117736
2026-09-23T10:48:00.000Z,2026-09-23T13:48:00,1.09,1.1,1.09,1.09,534089
2026-09-23T10:50:00.000Z,2026-09-23T13:50:00,1.09,1.09,1.09,1.09,5000
2026-09-23T10:51:00.000Z,2026-09-23T13:51:00,1.09,1.09,1.09,1.09,1154
2026-09-23T10:52:00.000Z,2026-09-23T13:52:00,1.09,1.09,1.09,1.09,625126
2026-09-23T10:53:00.000Z,2026-09-23T13:53:00,1.1,1.1,1.09,1.09,528429
2026-09-23T10:54:00.000Z,2026-09-23T13:54:00,1.1,1.1,1.09,1.09,56858
2026-09-23T10:55:00.000Z,2026-09-23T13:55:00,1.09,1.09,1.09,1.09,9530
2026-09-23T10:56:00.000Z,2026-09-23T13:56:00,1.1,1.1,1.09,1.09,1220550
2026-09-23T10:57:00.000Z,2026-09-23T13:57:00,1.09,1.09,1.09,1.09,2179780
2026-09-23T10:58:00.000Z,2026-09-23T13:58:00,1.09,1.09,1.09,1.09,3972216
2026-09-23T10:59:00.000Z,2026-09-23T13:59:00,1.1,1.1,1.09,1.09,5545858
2026-09-23T11:00:00.000Z,2026-09-23T14:00:00,1.09,1.09,1.09,1.09,3700000
2026-09-23T11:01:00.000Z,2026-09-23T14:01:00,1.09,1.1,1.09,1.09,3908
2026-09-23T11:05:00.000Z,2026-09-23T14:05:00,1.09,1.1,1.09,1.1,488000
2026-09-23T11:06:00.000Z,2026-09-23T14:06:00,1.09,1.09,1.09,1.09,7000
2026-09-23T11:07:00.000Z,2026-09-23T14:07:00,1.09,1.09,1.09,1.09,35000
2026-09-23T11:08:00.000Z,2026-09-23T14:08:00,1.09,1.09,1.09,1.09,2104600
2026-09-23T11:09:00.000Z,2026-09-23T14:09:00,1.09,1.09,1.09,1.09,167453
2026-09-23T11:10:00.000Z,2026-09-23T14:10:00,1.09,1.09,1.09,1.09,213832
2026-09-23T11:11:00.000Z,2026-09-23T14:11:00,1.1,1.1,1.09,1.09,95753
2026-09-23T11:12:00.000Z,2026-09-23T14:12:00,1.09,1.09,1.09,1.09,192194
2026-09-23T11:13:00.000Z,2026-09-23T14:13:00,1.09,1.09,1.09,1.09,125000
2026-09-23T11:14:00.000Z,2026-09-23T14:14:00,1.09,1.1,1.09,1.1,2559058
2026-09-23T11:25:00.000Z,2026-09-23T14:25:00,1.09,1.09,1.09,1.09,10752915
2026-09-23T11:26:00.000Z,2026-09-23T14:26:00,1.09,1.09,1.09,1.09,1846812
2026-09-23T11:27:00.000Z,2026-09-23T14:27:00,1.09,1.09,1.09,1.09,60000
2026-09-23T11:28:00.000Z,2026-09-23T14:28:00,1.09,1.09,1.09,1.09,35131
2026-09-23T11:29:00.000Z,2026-09-23T14:29:00,1.09,1.09,1.09,1.09,3398555
2026-09-24T07:00:00.000Z,2026-09-24T10:00:00,1.09,1.1,1.09,1.1,1819848
2026-09-24T07:01:00.000Z,2026-09-24T10:01:00,1.09,1.1,1.09,1.09,954048
2026-09-24T07:02:00.000Z,2026-09-24T10:02:00,1.08,1.08,1.08,1.08,1260400
2026-09-24T07:03:00.000Z,2026-09-24T10:03:00,1.09,1.09,1.09,1.09,2126809
2026-09-24T07:04:00.000Z,2026-09-24T10:04:00,1.09,1.09,1.09,1.09,50000
2026-09-24T07:05:00.000Z,2026-09-24T10:05:00,1.09,1.1,1.09,1.09,54032
2026-09-24T07:06:00.000Z,2026-09-24T10:06:00,1.1,1.1,1.1,1.1,305
2026-09-24T07:07:00.000Z,2026-09-24T10:07:00,1.09,1.09,1.08,1.08,153123
2026-09-24T07:08:00.000Z,2026-09-24T10:08:00,1.08,1.08,1.08,1.08,31443
2026-09-24T07:09:00.000Z,2026-09-24T10:09:00,1.09,1.09,1.09,1.09,361000
2026-09-24T07:10:00.000Z,2026-09-24T10:10:00,1.08,1.08,1.08,1.08,3814
2026-09-24T07:11:00.000Z,2026-09-24T10:11:00,1.08,1.09,1.08,1.08,170168
2026-09-24T07:12:00.000Z,2026-09-24T10:12:00,1.09,1.09,1.08,1.08,48900
2026-09-24T07:13:00.000Z,2026-09-24T10:13:00,1.09,1.09,1.07,1.08,3671692
2026-09-24T07:14:00.000Z,2026-09-24T10:14:00,1.07,1.08,1.07,1.08,2509856
2026-09-24T07:15:00.000Z,2026-09-24T10:15:00,1.08,1.08,1.08,1.08,1264322
2026-09-24T07:16:00.000Z,2026-09-24T10:16:00,1.08,1.08,1.07,1.08,1660001
2026-09-24T07:17:00.000Z,2026-09-24T10:17:00,1.08,1.08,1.08,1.08,550000
2026-09-24T07:18:00.000Z,2026-09-24T10:18:00,1.07,1.07,1.07,1.07,103641
2026-09-24T07:19:00.000Z,2026-09-24T10:19:00,1.08,1.08,1.08,1.08,424
2026-09-24T07:20:00.000Z,2026-09-24T10:20:00,1.08,1.08,1.07,1.07,49438
2026-09-24T07:21:00.000Z,2026-09-24T10:21:00,1.07,1.08,1.07,1.08,72320
2026-09-24T07:22:00.000Z,2026-09-24T10:22:00,1.07,1.08,1.07,1.08,899829
2026-09-24T07:23:00.000Z,2026-09-24T10:23:00,1.08,1.08,1.08,1.08,247000
2026-09-24T07:24:00.000Z,2026-09-24T10:24:00,1.08,1.08,1.07,1.08,42496
2026-09-24T07:25:00.000Z,2026-09-24T10:25:00,1.08,1.08,1.08,1.08,50000
2026-09-24T07:26:00.000Z,2026-09-24T10:26:00,1.08,1.08,1.08,1.08,202776
2026-09-24T07:27:00.000Z,2026-09-24T10:27:00,1.08,1.08,1.08,1.08,21289
2026-09-24T07:28:00.000Z,2026-09-24T10:28:00,1.07,1.07,1.05,1.05,18287370
2026-09-24T07:29:00.000Z,2026-09-24T10:29:00,1.05,1.06,1.05,1.05,4097852
2026-09-24T07:30:00.000Z,2026-09-24T10:30:00,1.05,1.07,1.05,1.06,3032855
2026-09-24T07:31:00.000Z,2026-09-24T10:31:00,1.06,1.06,1.05,1.05,6669000
2026-09-24T07:32:00.000Z,2026-09-24T10:32:00,1.05,1.05,1.04,1.04,1100131
2026-09-24T07:33:00.000Z,2026-09-24T10:33:00,1.05,1.06,1.05,1.05,2407903
2026-09-24T07:34:00.000Z,2026-09-24T10:34:00,1.06,1.06,1.04,1.05,1556745
2026-09-24T07:35:00.000Z,2026-09-24T10:35:00,1.05,1.05,1.05,1.05,500000
2026-09-24T07:36:00.000Z,2026-09-24T10:36:00,1.05,1.06,1.05,1.06,1310072
2026-09-24T07:37:00.000Z,2026-09-24T10:37:00,1.06,1.06,1.06,1.06,6037243
2026-09-24T07:38:00.000Z,2026-09-24T10:38:00,1.06,1.06,1.05,1.06,4596228
2026-09-24T07:39:00.000Z,2026-09-24T10:39:00,1.06,1.07,1.06,1.07,854176
2026-09-24T07:41:00.000Z,2026-09-24T10:41:00,1.07,1.07,1.06,1.06,259
2026-09-24T07:42:00.000Z,2026-09-24T10:42:00,1.06,1.07,1.06,1.07,50198
2026-09-24T07:43:00.000Z,2026-09-24T10:43:00,1.06,1.07,1.06,1.06,2193457
2026-09-24T07:44:00.000Z,2026-09-24T10:44:00,1.07,1.07,1.06,1.06,214005
2026-09-24T07:45:00.000Z,2026-09-24T10:45:00,1.07,1.07,1.07,1.07,100000
2026-09-24T07:46:00.000Z,2026-09-24T10:46:00,1.06,1.07,1.06,1.07,320056
2026-09-24T07:48:00.000Z,2026-09-24T10:48:00,1.07,1.07,1.07,1.07,120004
2026-09-24T07:49:00.000Z,2026-09-24T10:49:00,1.07,1.07,1.07,1.07,60742
2026-09-24T07:50:00.000Z,2026-09-24T10:50:00,1.07,1.07,1.06,1.07,3077808
2026-09-24T07:51:00.000Z,2026-09-24T10:51:00,1.07,1.07,1.06,1.06,42155
2026-09-24T07:52:00.000Z,2026-09-24T10:52:00,1.07,1.07,1.07,1.07,2000
2026-09-24T07:53:00.000Z,2026-09-24T10:53:00,1.07,1.07,1.06,1.07,750000
2026-09-24T07:54:00.000Z,2026-09-24T10:54:00,1.07,1.07,1.06,1.07,59763
2026-09-24T07:55:00.000Z,2026-09-24T10:55:00,1.07,1.07,1.07,1.07,3025000
2026-09-24T07:56:00.000Z,2026-09-24T10:56:00,1.07,1.07,1.07,1.07,6023401
2026-09-24T07:57:00.000Z,2026-09-24T10:57:00,1.06,1.07,1.06,1.07,1193457
2026-09-24T07:58:00.000Z,2026-09-24T10:58:00,1.07,1.07,1.07,1.07,121229
2026-09-24T07:59:00.000Z,2026-09-24T10:59:00,1.07,1.07,1.07,1.07,47000
2026-09-24T08:00:00.000Z,2026-09-24T11:00:00,1.07,1.07,1.07,1.07,1010000
2026-09-24T08:01:00.000Z,2026-09-24T11:01:00,1.07,1.07,1.07,1.07,16900
2026-09-24T08:02:00.000Z,2026-09-24T11:02:00,1.07,1.07,1.06,1.06,42814
2026-09-24T08:03:00.000Z,2026-09-24T11:03:00,1.07,1.07,1.07,1.07,41500
2026-09-24T08:05:00.000Z,2026-09-24T11:05:00,1.07,1.07,1.07,1.07,5510
2026-09-24T08:06:00.000Z,2026-09-24T11:06:00,1.07,1.07,1.07,1.07,120000
2026-09-24T08:07:00.000Z,2026-09-24T11:07:00,1.07,1.07,1.07,1.07,853
2026-09-24T08:08:00.000Z,2026-09-24T11:08:00,1.07,1.07,1.07,1.07,100433
2026-09-24T08:09:00.000Z,2026-09-24T11:09:00,1.06,1.06,1.06,1.06,1000000
2026-09-24T08:11:00.000Z,2026-09-24T11:11:00,1.06,1.07,1.06,1.07,1520000
2026-09-24T08:12:00.000Z,2026-09-24T11:12:00,1.06,1.06,1.06,1.06,5723003
2026-09-24T08:13:00.000Z,2026-09-24T11:13:00,1.06,1.06,1.06,1.06,38280
2026-09-24T08:14:00.000Z,2026-09-24T11:14:00,1.06,1.06,1.06,1.06,1065669
2026-09-24T08:15:00.000Z,2026-09-24T11:15:00,1.06,1.06,1.06,1.06,50193
2026-09-24T08:16:00.000Z,2026-09-24T11:16:00,1.06,1.06,1.06,1.06,5319
2026-09-24T08:18:00.000Z,2026-09-24T11:18:00,1.06,1.06,1.05,1.06,3066008
2026-09-24T08:19:00.000Z,2026-09-24T11:19:00,1.06,1.06,1.06,1.06,5716
2026-09-24T08:20:00.000Z,2026-09-24T11:20:00,1.06,1.06,1.06,1.06,5000
2026-09-24T08:21:00.000Z,2026-09-24T11:21:00,1.05,1.06,1.05,1.06,23919
2026-09-24T08:22:00.000Z,2026-09-24T11:22:00,1.06,1.06,1.06,1.06,685
2026-09-24T08:23:00.000Z,2026-09-24T11:23:00,1.06,1.06,1.05,1.05,1003329
2026-09-24T08:24:00.000Z,2026-09-24T11:24:00,1.06,1.06,1.06,1.06,2028
2026-09-24T08:25:00.000Z,2026-09-24T11:25:00,1.05,1.06,1.05,1.06,5061
2026-09-24T08:26:00.000Z,2026-09-24T11:26:00,1.06,1.06,1.06,1.06,1100000
2026-09-24T08:27:00.000Z,2026-09-24T11:27:00,1.06,1.06,1.06,1.06,300011
2026-09-24T08:28:00.000Z,2026-09-24T11:28:00,1.06,1.06,1.06,1.06,249840
2026-09-24T08:29:00.000Z,2026-09-24T11:29:00,1.06,1.06,1.06,1.06,1113393
2026-09-24T08:30:00.000Z,2026-09-24T11:30:00,1.06,1.07,1.06,1.06,7045308
2026-09-24T08:31:00.000Z,2026-09-24T11:31:00,1.06,1.06,1.06,1.06,600000
2026-09-24T08:32:00.000Z,2026-09-24T11:32:00,1.06,1.06,1.06,1.06,2290000
2026-09-24T08:33:00.000Z,2026-09-24T11:33:00,1.06,1.06,1.06,1.06,2000879
2026-09-24T08:34:00.000Z,2026-09-24T11:34:00,1.06,1.06,1.06,1.06,166690
2026-09-24T08:35:00.000Z,2026-09-24T11:35:00,1.06,1.06,1.06,1.06,8997
2026-09-24T08:36:00.000Z,2026-09-24T11:36:00,1.05,1.06,1.05,1.05,115233
2026-09-24T08:37:00.000Z,2026-09-24T11:37:00,1.06,1.06,1.06,1.06,1716279
2026-09-24T08:39:00.000Z,2026-09-24T11:39:00,1.07,1.07,1.06,1.06,60034
2026-09-24T08:40:00.000Z,2026-09-24T11:40:00,1.06,1.07,1.06,1.07,13116
2026-09-24T08:41:00.000Z,2026-09-24T11:41:00,1.07,1.07,1.06,1.07,7201000
2026-09-24T08:42:00.000Z,2026-09-24T11:42:00,1.07,1.07,1.06,1.07,2525186
2026-09-24T08:43:00.000Z,2026-09-24T11:43:00,1.06,1.07,1.06,1.07,3135455
2026-09-24T08:44:00.000Z,2026-09-24T11:44:00,1.07,1.08,1.07,1.08,7520001
2026-09-24T08:45:00.000Z,2026-09-24T11:45:00,1.08,1.08,1.07,1.07,10703818
2026-09-24T08:46:00.000Z,2026-09-24T11:46:00,1.07,1.07,1.07,1.07,54043
2026-09-24T08:47:00.000Z,2026-09-24T11:47:00,1.07,1.07,1.07,1.07,21200
2026-09-24T08:48:00.000Z,2026-09-24T11:48:00,1.07,1.07,1.07,1.07,85000
2026-09-24T08:49:00.000Z,2026-09-24T11:49:00,1.07,1.07,1.07,1.07,331
2026-09-24T08:50:00.000Z,2026-09-24T11:50:00,1.07,1.07,1.07,1.07,26500
2026-09-24T08:51:00.000Z,2026-09-24T11:51:00,1.07,1.07,1.07,1.07,7215
2026-09-24T08:52:00.000Z,2026-09-24T11:52:00,1.07,1.07,1.06,1.06,263600
2026-09-24T08:53:00.000Z,2026-09-24T11:53:00,1.07,1.07,1.07,1.07,65414
2026-09-24T08:56:00.000Z,2026-09-24T11:56:00,1.06,1.07,1.06,1.07,4392150
2026-09-24T08:57:00.000Z,2026-09-24T11:57:00,1.07,1.07,1.07,1.07,760170
2026-09-24T08:58:00.000Z,2026-09-24T11:58:00,1.07,1.07,1.07,1.07,739830
2026-09-24T09:00:00.000Z,2026-09-24T12:00:00,1.08,1.08,1.07,1.07,11000
2026-09-24T09:03:00.000Z,2026-09-24T12:03:00,1.08,1.08,1.08,1.08,300
2026-09-24T09:04:00.000Z,2026-09-24T12:04:00,1.07,1.08,1.07,1.08,20009
2026-09-24T09:06:00.000Z,2026-09-24T12:06:00,1.07,1.07,1.07,1.07,1817
2026-09-24T09:07:00.000Z,2026-09-24T12:07:00,1.07,1.07,1.07,1.07,36101
2026-09-24T09:09:00.000Z,2026-09-24T12:09:00,1.08,1.08,1.08,1.08,7777
2026-09-24T09:10:00.000Z,2026-09-24T12:10:00,1.08,1.08,1.08,1.08,18518
2026-09-24T09:12:00.000Z,2026-09-24T12:12:00,1.08,1.08,1.08,1.08,7
2026-09-24T09:13:00.000Z,2026-09-24T12:13:00,1.08,1.08,1.08,1.08,5326
2026-09-24T09:14:00.000Z,2026-09-24T12:14:00,1.08,1.08,1.08,1.08,22227
2026-09-24T09:15:00.000Z,2026-09-24T12:15:00,1.08,1.08,1.07,1.07,1010000
2026-09-24T09:16:00.000Z,2026-09-24T12:16:00,1.08,1.08,1.07,1.07,1455223
2026-09-24T09:17:00.000Z,2026-09-24T12:17:00,1.07,1.07,1.07,1.07,4713
2026-09-24T09:18:00.000Z,2026-09-24T12:18:00,1.07,1.07,1.07,1.07,11425
2026-09-24T09:19:00.000Z,2026-09-24T12:19:00,1.07,1.07,1.07,1.07,9424
2026-09-24T09:20:00.000Z,2026-09-24T12:20:00,1.07,1.07,1.07,1.07,1350000
2026-09-24T09:21:00.000Z,2026-09-24T12:21:00,1.07,1.07,1.07,1.07,842849
2026-09-24T09:22:00.000Z,2026-09-24T12:22:00,1.07,1.07,1.07,1.07,2294472
2026-09-24T09:23:00.000Z,2026-09-24T12:23:00,1.07,1.07,1.07,1.07,6303
2026-09-24T09:24:00.000Z,2026-09-24T12:24:00,1.06,1.07,1.06,1.07,34424
2026-09-24T09:25:00.000Z,2026-09-24T12:25:00,1.07,1.07,1.06,1.06,84424
2026-09-24T09:26:00.000Z,2026-09-24T12:26:00,1.07,1.07,1.06,1.06,29424
2026-09-24T09:27:00.000Z,2026-09-24T12:27:00,1.07,1.07,1.06,1.06,32480
2026-09-24T09:28:00.000Z,2026-09-24T12:28:00,1.06,1.06,1.06,1.06,9424
2026-09-24T09:29:00.000Z,2026-09-24T12:29:00,1.07,1.07,1.07,1.07,1340623
2026-09-24T09:30:00.000Z,2026-09-24T12:30:00,1.07,1.07,1.07,1.07,1500000
2026-09-24T09:31:00.000Z,2026-09-24T12:31:00,1.07,1.07,1.07,1.07,159377
2026-09-24T09:32:00.000Z,2026-09-24T12:32:00,1.06,1.06,1.06,1.06,10424
2026-09-24T09:34:00.000Z,2026-09-24T12:34:00,1.06,1.06,1.06,1.06,9424
2026-09-24T09:35:00.000Z,2026-09-24T12:35:00,1.07,1.07,1.06,1.07,17435
2026-09-24T09:37:00.000Z,2026-09-24T12:37:00,1.06,1.07,1.06,1.06,7009444
2026-09-24T09:38:00.000Z,2026-09-24T12:38:00,1.06,1.06,1.05,1.05,39361803
2026-09-24T09:39:00.000Z,2026-09-24T12:39:00,1.04,1.05,1.04,1.05,4406132
2026-09-24T09:40:00.000Z,2026-09-24T12:40:00,1.04,1.05,1.03,1.04,17859076
2026-09-24T09:41:00.000Z,2026-09-24T12:41:00,1.05,1.05,1.03,1.03,7450775
2026-09-24T09:42:00.000Z,2026-09-24T12:42:00,1.04,1.04,1.03,1.03,4694888
2026-09-24T09:43:00.000Z,2026-09-24T12:43:00,1.04,1.04,1.04,1.04,2206633
2026-09-24T09:44:00.000Z,2026-09-24T12:44:00,1.04,1.04,1.03,1.03,35330
2026-09-24T09:45:00.000Z,2026-09-24T12:45:00,1.03,1.04,1.02,1.02,11467379
2026-09-24T09:46:00.000Z,2026-09-24T12:46:00,1.02,1.03,1.02,1.02,12641604
2026-09-24T09:47:00.000Z,2026-09-24T12:47:00,1.01,1.02,1.01,1.02,517076
2026-09-24T09:48:00.000Z,2026-09-24T12:48:00,1.02,1.02,1,1.01,15537264
2026-09-24T09:49:00.000Z,2026-09-24T12:49:00,1.01,1.01,1,1.01,1430885
2026-09-24T09:50:00.000Z,2026-09-24T12:50:00,1.01,1.02,1.01,1.01,4054876
2026-09-24T09:51:00.000Z,2026-09-24T12:51:00,1.02,1.02,1.01,1.02,2688641
2026-09-24T09:52:00.000Z,2026-09-24T12:52:00,1.01,1.01,1,1,4835980
2026-09-24T09:53:00.000Z,2026-09-24T12:53:00,1.01,1.01,1,1.01,280606
2026-09-24T09:54:00.000Z,2026-09-24T12:54:00,1,1.01,1,1.01,1014590
2026-09-24T09:55:00.000Z,2026-09-24T12:55:00,1,1.01,1,1,3691490
2026-09-24T09:56:00.000Z,2026-09-24T12:56:00,1.01,1.01,1,1,1497670
2026-09-24T09:57:00.000Z,2026-09-24T12:57:00,0.99,1,0.99,1,1104808
2026-09-24T09:58:00.000Z,2026-09-24T12:58:00,1,1,0.99,0.99,2812774
2026-09-24T09:59:00.000Z,2026-09-24T12:59:00,0.99,1,0.98,0.99,1548879
2026-09-24T10:00:00.000Z,2026-09-24T13:00:00,0.99,1,0.99,1,1762558
2026-09-24T10:01:00.000Z,2026-09-24T13:01:00,1,1,0.99,1,1249112
2026-09-24T10:02:00.000Z,2026-09-24T13:02:00,1,1,0.99,0.99,1012894
2026-09-24T10:03:00.000Z,2026-09-24T13:03:00,0.99,1,0.98,0.99,201362
2026-09-24T10:04:00.000Z,2026-09-24T13:04:00,0.99,0.99,0.98,0.99,4885121
2026-09-24T10:05:00.000Z,2026-09-24T13:05:00,0.99,1.01,0.99,1.01,3116830
2026-09-24T10:06:00.000Z,2026-09-24T13:06:00,1,1,1,1,754823
2026-09-24T10:07:00.000Z,2026-09-24T13:07:00,1,1,0.99,1,940057
2026-09-24T10:08:00.000Z,2026-09-24T13:08:00,1,1,0.99,1,90295
2026-09-24T10:09:00.000Z,2026-09-24T13:09:00,1,1,0.99,0.99,1532893
2026-09-24T10:10:00.000Z,2026-09-24T13:10:00,1,1,1,1,1486582
2026-09-24T10:11:00.000Z,2026-09-24T13:11:00,1,1,0.99,1,824506
2026-09-24T10:12:00.000Z,2026-09-24T13:12:00,0.99,1,0.99,1,2613786
2026-09-24T10:13:00.000Z,2026-09-24T13:13:00,1,1,0.99,1,20918
2026-09-24T10:14:00.000Z,2026-09-24T13:14:00,1,1,1,1,38262
2026-09-24T10:15:00.000Z,2026-09-24T13:15:00,1,1,1,1,253737
2026-09-24T10:16:00.000Z,2026-09-24T13:16:00,1,1,0.99,1,389003
2026-09-24T10:17:00.000Z,2026-09-24T13:17:00,0.99,1,0.99,1,180797
2026-09-24T10:18:00.000Z,2026-09-24T13:18:00,1,1,0.99,0.99,145357
2026-09-24T10:19:00.000Z,2026-09-24T13:19:00,1,1,1,1,244
2026-09-24T10:20:00.000Z,2026-09-24T13:20:00,1,1,1,1,1360751
2026-09-24T10:21:00.000Z,2026-09-24T13:21:00,1,1,1,1,9753
2026-09-24T10:22:00.000Z,2026-09-24T13:22:00,1,1,0.99,1,189895
2026-09-24T10:23:00.000Z,2026-09-24T13:23:00,1,1,0.99,1,2558288
2026-09-24T10:24:00.000Z,2026-09-24T13:24:00,1,1,1,1,1347765
2026-09-24T10:25:00.000Z,2026-09-24T13:25:00,1,1,1,1,450515
2026-09-24T10:26:00.000Z,2026-09-24T13:26:00,1,1.01,1,1.01,320965
2026-09-24T10:27:00.000Z,2026-09-24T13:27:00,1.01,1.02,1.01,1.02,1058199
2026-09-24T10:28:00.000Z,2026-09-24T13:28:00,1.02,1.02,1,1.01,617956
2026-09-24T10:29:00.000Z,2026-09-24T13:29:00,1.01,1.02,1,1,572183
2026-09-24T10:30:00.000Z,2026-09-24T13:30:00,1.01,1.01,1.01,1.01,171000
2026-09-24T10:31:00.000Z,2026-09-24T13:31:00,1.01,1.01,1.01,1.01,15
2026-09-24T10:32:00.000Z,2026-09-24T13:32:00,1.02,1.02,1.01,1.02,1000483
2026-09-24T10:33:00.000Z,2026-09-24T13:33:00,1.01,1.02,1,1,485776
2026-09-24T10:34:00.000Z,2026-09-24T13:34:00,1.02,1.02,1.02,1.02,22897
2026-09-24T10:35:00.000Z,2026-09-24T13:35:00,1.02,1.02,1.02,1.02,9796
2026-09-24T10:36:00.000Z,2026-09-24T13:36:00,1.02,1.02,1.01,1.01,520477
2026-09-24T10:37:00.000Z,2026-09-24T13:37:00,1.01,1.02,1.01,1.02,313742
2026-09-24T10:38:00.000Z,2026-09-24T13:38:00,1.01,1.02,1.01,1.02,777824
2026-09-24T10:39:00.000Z,2026-09-24T13:39:00,1.01,1.01,1.01,1.01,719273
2026-09-24T10:40:00.000Z,2026-09-24T13:40:00,1.01,1.01,1.01,1.01,354913
2026-09-24T10:41:00.000Z,2026-09-24T13:41:00,1.01,1.01,1.01,1.01,43292
2026-09-24T10:42:00.000Z,2026-09-24T13:42:00,1.01,1.01,1,1,115978
2026-09-24T10:43:00.000Z,2026-09-24T13:43:00,1.01,1.01,1.01,1.01,144877
2026-09-24T10:44:00.000Z,2026-09-24T13:44:00,1,1.01,1,1.01,108091
2026-09-24T10:45:00.000Z,2026-09-24T13:45:00,1.01,1.01,1.01,1.01,20864
2026-09-24T10:46:00.000Z,2026-09-24T13:46:00,1.01,1.01,1,1,65497
2026-09-24T10:47:00.000Z,2026-09-24T13:47:00,1.01,1.01,1,1.01,79357
2026-09-24T10:48:00.000Z,2026-09-24T13:48:00,1.01,1.01,1.01,1.01,1203701
2026-09-24T10:49:00.000Z,2026-09-24T13:49:00,1.01,1.01,1.01,1.01,100813
2026-09-24T10:50:00.000Z,2026-09-24T13:50:00,1.01,1.01,1,1.01,1834527
2026-09-24T10:51:00.000Z,2026-09-24T13:51:00,1.01,1.01,1.01,1.01,1176815
2026-09-24T10:52:00.000Z,2026-09-24T13:52:00,1.01,1.01,1,1,1094841
2026-09-24T10:53:00.000Z,2026-09-24T13:53:00,1,1.01,1,1.01,576933
2026-09-24T10:54:00.000Z,2026-09-24T13:54:00,1.01,1.01,1.01,1.01,348195
2026-09-24T10:55:00.000Z,2026-09-24T13:55:00,1.01,1.01,1,1.01,321720
2026-09-24T10:56:00.000Z,2026-09-24T13:56:00,1.01,1.01,1,1.01,537768
2026-09-24T10:57:00.000Z,2026-09-24T13:57:00,1.01,1.01,1.01,1.01,74530
2026-09-24T10:58:00.000Z,2026-09-24T13:58:00,1.01,1.01,1,1.01,254357
2026-09-24T10:59:00.000Z,2026-09-24T13:59:00,1.01,1.01,1.01,1.01,761764
2026-09-24T11:00:00.000Z,2026-09-24T14:00:00,1.01,1.02,1,1.01,2250981
2026-09-24T11:01:00.000Z,2026-09-24T14:01:00,1.01,1.02,1,1.01,4046836
2026-09-24T11:02:00.000Z,2026-09-24T14:02:00,1.01,1.02,1.01,1.02,1740640
2026-09-24T11:03:00.000Z,2026-09-24T14:03:00,1.01,1.02,1.01,1.02,68975
2026-09-24T11:04:00.000Z,2026-09-24T14:04:00,1.02,1.02,1.01,1.02,786747
2026-09-24T11:05:00.000Z,2026-09-24T14:05:00,1.02,1.02,1.02,1.02,190788
2026-09-24T11:06:00.000Z,2026-09-24T14:06:00,1.02,1.02,1.01,1.01,7808224
2026-09-24T11:07:00.000Z,2026-09-24T14:07:00,1.02,1.02,1.01,1.02,88270
2026-09-24T11:08:00.000Z,2026-09-24T14:08:00,1.01,1.02,1.01,1.02,5165712
2026-09-24T11:09:00.000Z,2026-09-24T14:09:00,1.01,1.02,1.01,1.01,146263
2026-09-24T11:10:00.000Z,2026-09-24T14:10:00,1.01,1.02,1.01,1.02,302704
2026-09-24T11:11:00.000Z,2026-09-24T14:11:00,1.02,1.03,1.01,1.02,3712930
2026-09-24T11:12:00.000Z,2026-09-24T14:12:00,1.02,1.02,1.01,1.02,2151779
2026-09-24T11:13:00.000Z,2026-09-24T14:13:00,1.02,1.02,1.01,1.02,2254585
2026-09-24T11:14:00.000Z,2026-09-24T14:14:00,1.02,1.02,1.01,1.01,1200293
2026-09-24T11:15:00.000Z,2026-09-24T14:15:00,1.02,1.02,1.02,1.02,585000
2026-09-24T11:25:00.000Z,2026-09-24T14:25:00,1.02,1.02,1.02,1.02,7337376
2026-09-24T11:26:00.000Z,2026-09-24T14:26:00,1.02,1.02,1.02,1.02,6088029
2026-09-24T11:27:00.000Z,2026-09-24T14:27:00,1.02,1.02,1.02,1.02,993068
2026-09-24T11:28:00.000Z,2026-09-24T14:28:00,1.02,1.02,1.02,1.02,150000
2026-09-24T11:29:00.000Z,2026-09-24T14:29:00,1.02,1.02,1.02,1.02,12347
