timestamp_utc,timestamp_cairo,open,high,low,close,volume
2026-08-25T07:43:00.000Z,2026-08-25T10:43:00,1.92,1.92,1.92,1.92,20104
2026-08-25T07:44:00.000Z,2026-08-25T10:44:00,1.92,1.92,1.92,1.92,58911
2026-08-25T07:45:00.000Z,2026-08-25T10:45:00,1.93,1.93,1.92,1.92,1066
2026-08-25T07:46:00.000Z,2026-08-25T10:46:00,1.93,1.93,1.92,1.92,12460
2026-08-25T07:47:00.000Z,2026-08-25T10:47:00,1.93,1.93,1.92,1.92,537556
2026-08-25T07:48:00.000Z,2026-08-25T10:48:00,1.93,1.94,1.92,1.92,2011191
2026-08-25T07:49:00.000Z,2026-08-25T10:49:00,1.94,1.94,1.93,1.93,50012
2026-08-25T07:50:00.000Z,2026-08-25T10:50:00,1.94,1.94,1.93,1.93,56125
2026-08-25T07:51:00.000Z,2026-08-25T10:51:00,1.94,1.94,1.94,1.94,11371
2026-08-25T07:52:00.000Z,2026-08-25T10:52:00,1.94,1.94,1.93,1.93,4206
2026-08-25T07:53:00.000Z,2026-08-25T10:53:00,1.94,1.94,1.93,1.93,5725
2026-08-25T07:54:00.000Z,2026-08-25T10:54:00,1.94,1.94,1.94,1.94,20154
2026-08-25T07:55:00.000Z,2026-08-25T10:55:00,1.94,1.94,1.93,1.93,224698
2026-08-25T07:56:00.000Z,2026-08-25T10:56:00,1.94,1.94,1.93,1.94,49302
2026-08-25T07:57:00.000Z,2026-08-25T10:57:00,1.94,1.94,1.93,1.93,12511
2026-08-25T07:58:00.000Z,2026-08-25T10:58:00,1.94,1.94,1.94,1.94,2523357
2026-08-25T07:59:00.000Z,2026-08-25T10:59:00,1.94,1.94,1.94,1.94,105216
2026-08-25T08:00:00.000Z,2026-08-25T11:00:00,1.93,1.94,1.93,1.94,147155
2026-08-25T08:01:00.000Z,2026-08-25T11:01:00,1.94,1.94,1.94,1.94,52961
2026-08-25T08:02:00.000Z,2026-08-25T11:02:00,1.94,1.94,1.93,1.94,214891
2026-08-25T08:03:00.000Z,2026-08-25T11:03:00,1.94,1.94,1.93,1.94,4668
2026-08-25T08:04:00.000Z,2026-08-25T11:04:00,1.94,1.94,1.94,1.94,240
2026-08-25T08:05:00.000Z,2026-08-25T11:05:00,1.94,1.94,1.93,1.94,23009
2026-08-25T08:06:00.000Z,2026-08-25T11:06:00,1.94,1.94,1.94,1.94,51546
2026-08-25T08:07:00.000Z,2026-08-25T11:07:00,1.94,1.94,1.94,1.94,131608
2026-08-25T08:08:00.000Z,2026-08-25T11:08:00,1.93,1.94,1.93,1.93,8599
2026-08-25T08:09:00.000Z,2026-08-25T11:09:00,1.94,1.95,1.94,1.95,427624
2026-08-25T08:10:00.000Z,2026-08-25T11:10:00,1.95,1.95,1.95,1.95,29772
2026-08-25T08:11:00.000Z,2026-08-25T11:11:00,1.95,1.95,1.95,1.95,50069
2026-08-25T08:12:00.000Z,2026-08-25T11:12:00,1.95,1.95,1.95,1.95,1025
2026-08-25T08:13:00.000Z,2026-08-25T11:13:00,1.95,1.95,1.95,1.95,10493
2026-08-25T08:14:00.000Z,2026-08-25T11:14:00,1.95,1.95,1.95,1.95,37855
2026-08-25T08:15:00.000Z,2026-08-25T11:15:00,1.94,1.94,1.94,1.94,14250
2026-08-25T08:18:00.000Z,2026-08-25T11:18:00,1.95,1.95,1.94,1.94,502736
2026-08-25T08:19:00.000Z,2026-08-25T11:19:00,1.94,1.95,1.94,1.95,347985
2026-08-25T08:20:00.000Z,2026-08-25T11:20:00,1.94,1.95,1.94,1.95,12968
2026-08-25T08:21:00.000Z,2026-08-25T11:21:00,1.94,1.95,1.94,1.94,205425
2026-08-25T08:23:00.000Z,2026-08-25T11:23:00,1.95,1.95,1.95,1.95,156
2026-08-25T08:25:00.000Z,2026-08-25T11:25:00,1.95,1.95,1.95,1.95,110546
2026-08-25T08:26:00.000Z,2026-08-25T11:26:00,1.94,1.95,1.94,1.94,693
2026-08-25T08:27:00.000Z,2026-08-25T11:27:00,1.95,1.95,1.95,1.95,2300
2026-08-25T08:28:00.000Z,2026-08-25T11:28:00,1.95,1.95,1.95,1.95,14365
2026-08-25T08:29:00.000Z,2026-08-25T11:29:00,1.95,1.95,1.95,1.95,12657
2026-08-25T08:30:00.000Z,2026-08-25T11:30:00,1.95,1.95,1.94,1.95,48984
2026-08-25T08:32:00.000Z,2026-08-25T11:32:00,1.95,1.95,1.95,1.95,74632
2026-08-25T08:33:00.000Z,2026-08-25T11:33:00,1.95,1.95,1.95,1.95,7400
2026-08-25T08:34:00.000Z,2026-08-25T11:34:00,1.94,1.95,1.94,1.95,2636
2026-08-25T08:35:00.000Z,2026-08-25T11:35:00,1.95,1.95,1.94,1.94,5072
2026-08-25T08:36:00.000Z,2026-08-25T11:36:00,1.95,1.95,1.94,1.94,649
2026-08-25T08:37:00.000Z,2026-08-25T11:37:00,1.95,1.95,1.94,1.94,13242
2026-08-25T08:38:00.000Z,2026-08-25T11:38:00,1.95,1.95,1.94,1.95,11688
2026-08-25T08:39:00.000Z,2026-08-25T11:39:00,1.95,1.95,1.95,1.95,18974
2026-08-25T08:40:00.000Z,2026-08-25T11:40:00,1.95,1.95,1.94,1.95,200314
2026-08-25T08:41:00.000Z,2026-08-25T11:41:00,1.95,1.95,1.94,1.94,56430
2026-08-25T08:42:00.000Z,2026-08-25T11:42:00,1.94,1.95,1.94,1.95,7789
2026-08-25T08:43:00.000Z,2026-08-25T11:43:00,1.94,1.95,1.94,1.95,15615
2026-08-25T08:44:00.000Z,2026-08-25T11:44:00,1.95,1.95,1.95,1.95,10
2026-08-25T08:45:00.000Z,2026-08-25T11:45:00,1.95,1.95,1.94,1.95,20310
2026-08-25T08:46:00.000Z,2026-08-25T11:46:00,1.95,1.95,1.94,1.95,29691
2026-08-25T08:47:00.000Z,2026-08-25T11:47:00,1.94,1.95,1.94,1.94,11119
2026-08-25T08:48:00.000Z,2026-08-25T11:48:00,1.94,1.95,1.94,1.95,3254488
2026-08-25T08:49:00.000Z,2026-08-25T11:49:00,1.94,1.95,1.94,1.94,526155
2026-08-25T08:50:00.000Z,2026-08-25T11:50:00,1.95,1.95,1.94,1.95,560556
2026-08-25T08:51:00.000Z,2026-08-25T11:51:00,1.95,1.95,1.94,1.95,1549871
2026-08-25T08:52:00.000Z,2026-08-25T11:52:00,1.95,1.95,1.95,1.95,117627
2026-08-25T08:53:00.000Z,2026-08-25T11:53:00,1.95,1.95,1.95,1.95,4358216
2026-08-25T08:54:00.000Z,2026-08-25T11:54:00,1.95,1.95,1.94,1.95,3782900
2026-08-25T08:55:00.000Z,2026-08-25T11:55:00,1.94,1.95,1.94,1.95,2000144
2026-08-25T08:56:00.000Z,2026-08-25T11:56:00,1.95,1.95,1.94,1.95,458803
2026-08-25T08:57:00.000Z,2026-08-25T11:57:00,1.95,1.95,1.95,1.95,2004192
2026-08-25T08:58:00.000Z,2026-08-25T11:58:00,1.95,1.95,1.94,1.95,1770751
2026-08-25T08:59:00.000Z,2026-08-25T11:59:00,1.95,1.96,1.95,1.95,128635
2026-08-25T09:00:00.000Z,2026-08-25T12:00:00,1.96,1.96,1.95,1.96,16482
2026-08-25T09:01:00.000Z,2026-08-25T12:01:00,1.96,1.96,1.95,1.96,513193
2026-08-25T09:02:00.000Z,2026-08-25T12:02:00,1.95,1.96,1.95,1.95,100527
2026-08-25T09:03:00.000Z,2026-08-25T12:03:00,1.95,1.96,1.95,1.96,2401348
2026-08-25T09:04:00.000Z,2026-08-25T12:04:00,1.96,1.96,1.96,1.96,1545619
2026-08-25T09:05:00.000Z,2026-08-25T12:05:00,1.96,1.96,1.96,1.96,3364
2026-08-25T09:06:00.000Z,2026-08-25T12:06:00,1.95,1.95,1.95,1.95,4745
2026-08-25T09:07:00.000Z,2026-08-25T12:07:00,1.96,1.96,1.95,1.95,766620
2026-08-25T09:08:00.000Z,2026-08-25T12:08:00,1.96,1.96,1.96,1.96,7823
2026-08-25T09:09:00.000Z,2026-08-25T12:09:00,1.96,1.96,1.96,1.96,271250
2026-08-25T09:10:00.000Z,2026-08-25T12:10:00,1.96,1.96,1.95,1.96,36256
2026-08-25T09:11:00.000Z,2026-08-25T12:11:00,1.96,1.96,1.96,1.96,6467
2026-08-25T09:12:00.000Z,2026-08-25T12:12:00,1.96,1.96,1.95,1.95,8282
2026-08-25T09:13:00.000Z,2026-08-25T12:13:00,1.96,1.96,1.95,1.96,58566
2026-08-25T09:14:00.000Z,2026-08-25T12:14:00,1.96,1.96,1.95,1.96,5031074
2026-08-25T09:16:00.000Z,2026-08-25T12:16:00,1.96,1.96,1.95,1.96,278625
2026-08-25T09:17:00.000Z,2026-08-25T12:17:00,1.96,1.96,1.95,1.96,133670
2026-08-25T09:18:00.000Z,2026-08-25T12:18:00,1.96,1.96,1.96,1.96,19676
2026-08-25T09:19:00.000Z,2026-08-25T12:19:00,1.95,1.96,1.95,1.96,124098
2026-08-25T09:20:00.000Z,2026-08-25T12:20:00,1.95,1.95,1.95,1.95,874
2026-08-25T09:21:00.000Z,2026-08-25T12:21:00,1.95,1.95,1.95,1.95,5505
2026-08-25T09:22:00.000Z,2026-08-25T12:22:00,1.96,1.96,1.96,1.96,1386
2026-08-25T09:23:00.000Z,2026-08-25T12:23:00,1.96,1.96,1.96,1.96,16262
2026-08-25T09:24:00.000Z,2026-08-25T12:24:00,1.96,1.96,1.95,1.95,11690
2026-08-25T09:25:00.000Z,2026-08-25T12:25:00,1.95,1.95,1.95,1.95,50000
2026-08-25T09:26:00.000Z,2026-08-25T12:26:00,1.96,1.96,1.96,1.96,7
2026-08-25T09:27:00.000Z,2026-08-25T12:27:00,1.95,1.96,1.95,1.95,72481
2026-08-25T09:28:00.000Z,2026-08-25T12:28:00,1.96,1.96,1.96,1.96,1005128
2026-08-25T09:30:00.000Z,2026-08-25T12:30:00,1.96,1.96,1.95,1.96,6745
2026-08-25T09:31:00.000Z,2026-08-25T12:31:00,1.96,1.96,1.96,1.96,57015
2026-08-25T09:32:00.000Z,2026-08-25T12:32:00,1.96,1.96,1.96,1.96,1129043
2026-08-25T09:33:00.000Z,2026-08-25T12:33:00,1.96,1.96,1.96,1.96,201986
2026-08-25T09:34:00.000Z,2026-08-25T12:34:00,1.96,1.96,1.96,1.96,62565
2026-08-25T09:35:00.000Z,2026-08-25T12:35:00,1.96,1.96,1.96,1.96,3720
2026-08-25T09:36:00.000Z,2026-08-25T12:36:00,1.96,1.96,1.96,1.96,1530
2026-08-25T09:37:00.000Z,2026-08-25T12:37:00,1.95,1.96,1.95,1.96,213562
2026-08-25T09:38:00.000Z,2026-08-25T12:38:00,1.96,1.96,1.96,1.96,1816
2026-08-25T09:39:00.000Z,2026-08-25T12:39:00,1.96,1.96,1.96,1.96,1545
2026-08-25T09:40:00.000Z,2026-08-25T12:40:00,1.96,1.96,1.96,1.96,55019
2026-08-25T09:41:00.000Z,2026-08-25T12:41:00,1.96,1.96,1.95,1.96,2183
2026-08-25T09:42:00.000Z,2026-08-25T12:42:00,1.96,1.96,1.96,1.96,26060
2026-08-25T09:43:00.000Z,2026-08-25T12:43:00,1.96,1.96,1.96,1.96,16138
2026-08-25T09:44:00.000Z,2026-08-25T12:44:00,1.96,1.96,1.96,1.96,1004
2026-08-25T09:45:00.000Z,2026-08-25T12:45:00,1.96,1.96,1.95,1.95,72500
2026-08-25T09:46:00.000Z,2026-08-25T12:46:00,1.95,1.96,1.95,1.96,72104
2026-08-25T09:47:00.000Z,2026-08-25T12:47:00,1.96,1.96,1.95,1.96,3900
2026-08-25T09:48:00.000Z,2026-08-25T12:48:00,1.96,1.96,1.96,1.96,2064
2026-08-25T09:49:00.000Z,2026-08-25T12:49:00,1.96,1.96,1.96,1.96,1117
2026-08-25T09:50:00.000Z,2026-08-25T12:50:00,1.96,1.96,1.95,1.96,32775
2026-08-25T09:51:00.000Z,2026-08-25T12:51:00,1.96,1.96,1.96,1.96,2067
2026-08-25T09:52:00.000Z,2026-08-25T12:52:00,1.96,1.96,1.96,1.96,20708
2026-08-25T09:53:00.000Z,2026-08-25T12:53:00,1.96,1.96,1.96,1.96,9
2026-08-25T09:55:00.000Z,2026-08-25T12:55:00,1.96,1.96,1.96,1.96,16072
2026-08-25T09:56:00.000Z,2026-08-25T12:56:00,1.96,1.96,1.96,1.96,10
2026-08-25T09:57:00.000Z,2026-08-25T12:57:00,1.96,1.96,1.95,1.96,5677
2026-08-25T09:58:00.000Z,2026-08-25T12:58:00,1.96,1.96,1.96,1.96,7558
2026-08-25T09:59:00.000Z,2026-08-25T12:59:00,1.95,1.96,1.95,1.95,35185
2026-08-25T10:00:00.000Z,2026-08-25T13:00:00,1.96,1.96,1.96,1.96,25142
2026-08-25T10:02:00.000Z,2026-08-25T13:02:00,1.96,1.96,1.96,1.96,5166
2026-08-25T10:03:00.000Z,2026-08-25T13:03:00,1.96,1.96,1.96,1.96,64288
2026-08-25T10:04:00.000Z,2026-08-25T13:04:00,1.95,1.96,1.95,1.96,5220
2026-08-25T10:06:00.000Z,2026-08-25T13:06:00,1.96,1.96,1.96,1.96,532
2026-08-25T10:07:00.000Z,2026-08-25T13:07:00,1.96,1.96,1.96,1.96,255
2026-08-25T10:08:00.000Z,2026-08-25T13:08:00,1.96,1.96,1.96,1.96,198
2026-08-25T10:09:00.000Z,2026-08-25T13:09:00,1.95,1.96,1.95,1.96,2284
2026-08-25T10:10:00.000Z,2026-08-25T13:10:00,1.95,1.95,1.95,1.95,20
2026-08-25T10:11:00.000Z,2026-08-25T13:11:00,1.96,1.96,1.96,1.96,15047
2026-08-25T10:12:00.000Z,2026-08-25T13:12:00,1.96,1.96,1.95,1.96,2350533
2026-08-25T10:13:00.000Z,2026-08-25T13:13:00,1.96,1.96,1.96,1.96,156362
2026-08-25T10:14:00.000Z,2026-08-25T13:14:00,1.96,1.96,1.96,1.96,66903
2026-08-25T10:15:00.000Z,2026-08-25T13:15:00,1.95,1.95,1.95,1.95,8822
2026-08-25T10:16:00.000Z,2026-08-25T13:16:00,1.96,1.96,1.95,1.95,2063
2026-08-25T10:17:00.000Z,2026-08-25T13:17:00,1.95,1.96,1.95,1.96,5854
2026-08-25T10:18:00.000Z,2026-08-25T13:18:00,1.96,1.96,1.95,1.95,66937
2026-08-25T10:19:00.000Z,2026-08-25T13:19:00,1.96,1.96,1.95,1.96,82
2026-08-25T10:20:00.000Z,2026-08-25T13:20:00,1.96,1.96,1.96,1.96,100024
2026-08-25T10:21:00.000Z,2026-08-25T13:21:00,1.96,1.96,1.95,1.95,26121
2026-08-25T10:22:00.000Z,2026-08-25T13:22:00,1.96,1.96,1.96,1.96,1020
2026-08-25T10:23:00.000Z,2026-08-25T13:23:00,1.95,1.96,1.95,1.96,37474
2026-08-25T10:24:00.000Z,2026-08-25T13:24:00,1.96,1.96,1.96,1.96,4859
2026-08-25T10:25:00.000Z,2026-08-25T13:25:00,1.95,1.96,1.95,1.96,413318
2026-08-25T10:26:00.000Z,2026-08-25T13:26:00,1.96,1.96,1.95,1.95,387
2026-08-25T10:28:00.000Z,2026-08-25T13:28:00,1.96,1.96,1.96,1.96,18392
2026-08-25T10:29:00.000Z,2026-08-25T13:29:00,1.96,1.96,1.96,1.96,10792
2026-08-25T10:30:00.000Z,2026-08-25T13:30:00,1.96,1.96,1.96,1.96,213
2026-08-25T10:31:00.000Z,2026-08-25T13:31:00,1.96,1.96,1.95,1.96,29353
2026-08-25T10:32:00.000Z,2026-08-25T13:32:00,1.96,1.96,1.95,1.95,255102
2026-08-25T10:33:00.000Z,2026-08-25T13:33:00,1.96,1.96,1.95,1.96,10030
2026-08-25T10:34:00.000Z,2026-08-25T13:34:00,1.96,1.96,1.95,1.95,250071
2026-08-25T10:35:00.000Z,2026-08-25T13:35:00,1.96,1.96,1.95,1.95,6619
2026-08-25T10:38:00.000Z,2026-08-25T13:38:00,1.96,1.96,1.95,1.95,16250
2026-08-25T10:39:00.000Z,2026-08-25T13:39:00,1.96,1.96,1.96,1.96,17387
2026-08-25T10:40:00.000Z,2026-08-25T13:40:00,1.96,1.96,1.96,1.96,93
2026-08-25T10:41:00.000Z,2026-08-25T13:41:00,1.95,1.95,1.95,1.95,801
2026-08-25T10:42:00.000Z,2026-08-25T13:42:00,1.96,1.96,1.95,1.96,110319
2026-08-25T10:43:00.000Z,2026-08-25T13:43:00,1.96,1.96,1.95,1.96,310386
2026-08-25T10:44:00.000Z,2026-08-25T13:44:00,1.95,1.95,1.95,1.95,408675
2026-08-25T10:45:00.000Z,2026-08-25T13:45:00,1.96,1.96,1.95,1.95,1010309
2026-08-25T10:46:00.000Z,2026-08-25T13:46:00,1.96,1.96,1.95,1.95,626
2026-08-25T10:47:00.000Z,2026-08-25T13:47:00,1.96,1.96,1.95,1.95,4933912
2026-08-25T10:48:00.000Z,2026-08-25T13:48:00,1.95,1.96,1.95,1.96,526004
2026-08-25T10:49:00.000Z,2026-08-25T13:49:00,1.95,1.96,1.95,1.96,19871
2026-08-25T10:50:00.000Z,2026-08-25T13:50:00,1.95,1.96,1.95,1.96,1623
2026-08-25T10:51:00.000Z,2026-08-25T13:51:00,1.96,1.96,1.95,1.96,137183
2026-08-25T10:52:00.000Z,2026-08-25T13:52:00,1.96,1.96,1.95,1.96,72199
2026-08-25T10:53:00.000Z,2026-08-25T13:53:00,1.96,1.96,1.95,1.95,2428
2026-08-25T10:54:00.000Z,2026-08-25T13:54:00,1.96,1.96,1.95,1.96,97809
2026-08-25T10:55:00.000Z,2026-08-25T13:55:00,1.96,1.96,1.95,1.95,101835
2026-08-25T10:56:00.000Z,2026-08-25T13:56:00,1.95,1.95,1.95,1.95,10000
2026-08-25T10:57:00.000Z,2026-08-25T13:57:00,1.96,1.96,1.96,1.96,36179
2026-08-25T10:58:00.000Z,2026-08-25T13:58:00,1.96,1.96,1.95,1.96,72564
2026-08-25T10:59:00.000Z,2026-08-25T13:59:00,1.96,1.96,1.95,1.96,86795
2026-08-25T11:00:00.000Z,2026-08-25T14:00:00,1.96,1.96,1.96,1.96,9030
2026-08-25T11:01:00.000Z,2026-08-25T14:01:00,1.96,1.96,1.95,1.95,76735
2026-08-25T11:02:00.000Z,2026-08-25T14:02:00,1.95,1.96,1.95,1.96,106861
2026-08-25T11:03:00.000Z,2026-08-25T14:03:00,1.95,1.96,1.95,1.95,28484
2026-08-25T11:04:00.000Z,2026-08-25T14:04:00,1.96,1.96,1.95,1.96,27534
2026-08-25T11:05:00.000Z,2026-08-25T14:05:00,1.96,1.96,1.95,1.96,1114553
2026-08-25T11:06:00.000Z,2026-08-25T14:06:00,1.96,1.96,1.96,1.96,543041
2026-08-25T11:07:00.000Z,2026-08-25T14:07:00,1.95,1.96,1.95,1.96,42584
2026-08-25T11:08:00.000Z,2026-08-25T14:08:00,1.96,1.96,1.95,1.95,30642
2026-08-25T11:09:00.000Z,2026-08-25T14:09:00,1.96,1.96,1.96,1.96,219285
2026-08-25T11:10:00.000Z,2026-08-25T14:10:00,1.96,1.96,1.95,1.95,2566
2026-08-25T11:11:00.000Z,2026-08-25T14:11:00,1.96,1.96,1.95,1.96,2002013
2026-08-25T11:12:00.000Z,2026-08-25T14:12:00,1.96,1.96,1.96,1.96,1137577
2026-08-25T11:13:00.000Z,2026-08-25T14:13:00,1.96,1.96,1.95,1.96,396193
2026-08-25T11:14:00.000Z,2026-08-25T14:14:00,1.96,1.96,1.95,1.96,1950493
2026-08-25T11:25:00.000Z,2026-08-25T14:25:00,1.95,1.95,1.95,1.95,11351834
2026-08-25T11:26:00.000Z,2026-08-25T14:26:00,1.95,1.95,1.95,1.95,297210
2026-08-25T11:27:00.000Z,2026-08-25T14:27:00,1.95,1.95,1.95,1.95,412
2026-08-25T11:28:00.000Z,2026-08-25T14:28:00,1.95,1.95,1.95,1.95,8740
2026-08-25T11:29:00.000Z,2026-08-25T14:29:00,1.95,1.95,1.95,1.95,5001850
2026-08-26T07:00:00.000Z,2026-08-26T10:00:00,1.96,1.97,1.96,1.97,175666
2026-08-26T07:01:00.000Z,2026-08-26T10:01:00,1.97,1.97,1.96,1.96,339002
2026-08-26T07:02:00.000Z,2026-08-26T10:02:00,1.96,1.96,1.96,1.96,114994
2026-08-26T07:03:00.000Z,2026-08-26T10:03:00,1.96,1.96,1.95,1.95,288016
2026-08-26T07:04:00.000Z,2026-08-26T10:04:00,1.95,1.95,1.94,1.95,6205
2026-08-26T07:05:00.000Z,2026-08-26T10:05:00,1.95,1.95,1.95,1.95,207013
2026-08-26T07:06:00.000Z,2026-08-26T10:06:00,1.95,1.95,1.94,1.94,3005640
2026-08-26T07:07:00.000Z,2026-08-26T10:07:00,1.94,1.95,1.94,1.94,32185
2026-08-26T07:08:00.000Z,2026-08-26T10:08:00,1.94,1.95,1.94,1.95,67129
2026-08-26T07:09:00.000Z,2026-08-26T10:09:00,1.94,1.95,1.94,1.95,11154
2026-08-26T07:10:00.000Z,2026-08-26T10:10:00,1.94,1.95,1.94,1.95,293310
2026-08-26T07:11:00.000Z,2026-08-26T10:11:00,1.95,1.95,1.94,1.95,12984
2026-08-26T07:12:00.000Z,2026-08-26T10:12:00,1.95,1.96,1.95,1.95,2750655
2026-08-26T07:13:00.000Z,2026-08-26T10:13:00,1.95,1.96,1.95,1.96,493226
2026-08-26T07:14:00.000Z,2026-08-26T10:14:00,1.96,1.96,1.95,1.96,38427
2026-08-26T07:15:00.000Z,2026-08-26T10:15:00,1.96,1.96,1.95,1.96,10869
2026-08-26T07:16:00.000Z,2026-08-26T10:16:00,1.96,1.96,1.95,1.96,13002
2026-08-26T07:17:00.000Z,2026-08-26T10:17:00,1.96,1.96,1.96,1.96,234215
2026-08-26T07:18:00.000Z,2026-08-26T10:18:00,1.96,1.96,1.96,1.96,215886
2026-08-26T07:19:00.000Z,2026-08-26T10:19:00,1.95,1.96,1.95,1.96,9510
2026-08-26T07:20:00.000Z,2026-08-26T10:20:00,1.96,1.96,1.96,1.96,15640
2026-08-26T07:21:00.000Z,2026-08-26T10:21:00,1.96,1.96,1.96,1.96,19524
2026-08-26T07:22:00.000Z,2026-08-26T10:22:00,1.96,1.96,1.95,1.96,25774
2026-08-26T07:23:00.000Z,2026-08-26T10:23:00,1.96,1.96,1.96,1.96,60512
2026-08-26T07:24:00.000Z,2026-08-26T10:24:00,1.96,1.96,1.95,1.96,29247
2026-08-26T07:25:00.000Z,2026-08-26T10:25:00,1.96,1.96,1.95,1.96,161105
2026-08-26T07:26:00.000Z,2026-08-26T10:26:00,1.96,1.96,1.96,1.96,28431
2026-08-26T07:27:00.000Z,2026-08-26T10:27:00,1.95,1.96,1.95,1.96,504013
2026-08-26T07:28:00.000Z,2026-08-26T10:28:00,1.96,1.96,1.96,1.96,3513
2026-08-26T07:29:00.000Z,2026-08-26T10:29:00,1.96,1.96,1.95,1.95,31310
2026-08-26T07:30:00.000Z,2026-08-26T10:30:00,1.96,1.96,1.95,1.96,286967
2026-08-26T07:31:00.000Z,2026-08-26T10:31:00,1.96,1.96,1.96,1.96,3368
2026-08-26T07:32:00.000Z,2026-08-26T10:32:00,1.96,1.96,1.95,1.96,1003434
2026-08-26T07:33:00.000Z,2026-08-26T10:33:00,1.96,1.96,1.96,1.96,1652
2026-08-26T07:34:00.000Z,2026-08-26T10:34:00,1.96,1.96,1.95,1.96,31714
2026-08-26T07:35:00.000Z,2026-08-26T10:35:00,1.95,1.97,1.95,1.97,3005621
2026-08-26T07:36:00.000Z,2026-08-26T10:36:00,1.97,1.97,1.96,1.96,3040
2026-08-26T07:37:00.000Z,2026-08-26T10:37:00,1.96,1.96,1.96,1.96,16674
2026-08-26T07:38:00.000Z,2026-08-26T10:38:00,1.95,1.96,1.95,1.96,5082790
2026-08-26T07:39:00.000Z,2026-08-26T10:39:00,1.95,1.95,1.95,1.95,107544
2026-08-26T07:40:00.000Z,2026-08-26T10:40:00,1.95,1.95,1.95,1.95,445679
2026-08-26T07:41:00.000Z,2026-08-26T10:41:00,1.94,1.96,1.94,1.95,501705
2026-08-26T07:42:00.000Z,2026-08-26T10:42:00,1.95,1.96,1.95,1.95,1054341
2026-08-26T07:43:00.000Z,2026-08-26T10:43:00,1.95,1.96,1.95,1.95,2030010
2026-08-26T07:44:00.000Z,2026-08-26T10:44:00,1.95,1.95,1.95,1.95,33582
2026-08-26T07:45:00.000Z,2026-08-26T10:45:00,1.95,1.96,1.95,1.95,543986
2026-08-26T07:46:00.000Z,2026-08-26T10:46:00,1.95,1.95,1.95,1.95,250000
2026-08-26T07:47:00.000Z,2026-08-26T10:47:00,1.96,1.96,1.96,1.96,1410
2026-08-26T07:48:00.000Z,2026-08-26T10:48:00,1.95,1.96,1.95,1.95,101198
2026-08-26T07:49:00.000Z,2026-08-26T10:49:00,1.96,1.96,1.95,1.96,117036
2026-08-26T07:50:00.000Z,2026-08-26T10:50:00,1.96,1.96,1.96,1.96,1692
2026-08-26T07:51:00.000Z,2026-08-26T10:51:00,1.96,1.96,1.95,1.96,7549
2026-08-26T07:52:00.000Z,2026-08-26T10:52:00,1.96,1.96,1.96,1.96,8633
2026-08-26T07:53:00.000Z,2026-08-26T10:53:00,1.96,1.96,1.96,1.96,14
2026-08-26T07:54:00.000Z,2026-08-26T10:54:00,1.96,1.96,1.96,1.96,254744
2026-08-26T07:55:00.000Z,2026-08-26T10:55:00,1.96,1.96,1.95,1.95,122514
2026-08-26T07:56:00.000Z,2026-08-26T10:56:00,1.95,1.96,1.95,1.96,110606
2026-08-26T07:57:00.000Z,2026-08-26T10:57:00,1.96,1.96,1.95,1.95,1038407
2026-08-26T07:58:00.000Z,2026-08-26T10:58:00,1.96,1.96,1.96,1.96,1828
2026-08-26T07:59:00.000Z,2026-08-26T10:59:00,1.96,1.96,1.96,1.96,68091
2026-08-26T08:00:00.000Z,2026-08-26T11:00:00,1.96,1.96,1.96,1.96,9742
2026-08-26T08:02:00.000Z,2026-08-26T11:02:00,1.95,1.96,1.95,1.96,71180
2026-08-26T08:03:00.000Z,2026-08-26T11:03:00,1.95,1.95,1.95,1.95,1000
2026-08-26T08:04:00.000Z,2026-08-26T11:04:00,1.96,1.96,1.95,1.96,53168
2026-08-26T08:05:00.000Z,2026-08-26T11:05:00,1.96,1.96,1.95,1.95,10285
2026-08-26T08:06:00.000Z,2026-08-26T11:06:00,1.95,1.95,1.95,1.95,12210
2026-08-26T08:07:00.000Z,2026-08-26T11:07:00,1.96,1.96,1.96,1.96,1000
2026-08-26T08:08:00.000Z,2026-08-26T11:08:00,1.96,1.96,1.95,1.96,253191
2026-08-26T08:09:00.000Z,2026-08-26T11:09:00,1.96,1.96,1.96,1.96,405000
2026-08-26T08:10:00.000Z,2026-08-26T11:10:00,1.96,1.96,1.96,1.96,41123
2026-08-26T08:11:00.000Z,2026-08-26T11:11:00,1.96,1.96,1.96,1.96,2
2026-08-26T08:12:00.000Z,2026-08-26T11:12:00,1.95,1.95,1.95,1.95,488478
2026-08-26T08:13:00.000Z,2026-08-26T11:13:00,1.95,1.95,1.95,1.95,1
2026-08-26T08:14:00.000Z,2026-08-26T11:14:00,1.96,1.96,1.96,1.96,136
2026-08-26T08:15:00.000Z,2026-08-26T11:15:00,1.95,1.96,1.95,1.96,4341
2026-08-26T08:16:00.000Z,2026-08-26T11:16:00,1.96,1.96,1.96,1.96,25940
2026-08-26T08:17:00.000Z,2026-08-26T11:17:00,1.95,1.96,1.95,1.95,80828
2026-08-26T08:19:00.000Z,2026-08-26T11:19:00,1.96,1.96,1.96,1.96,5051
2026-08-26T08:20:00.000Z,2026-08-26T11:20:00,1.96,1.96,1.95,1.95,273250
2026-08-26T08:21:00.000Z,2026-08-26T11:21:00,1.96,1.96,1.96,1.96,1500
2026-08-26T08:22:00.000Z,2026-08-26T11:22:00,1.96,1.96,1.95,1.96,305349
2026-08-26T08:23:00.000Z,2026-08-26T11:23:00,1.96,1.96,1.96,1.96,2198
2026-08-26T08:24:00.000Z,2026-08-26T11:24:00,1.96,1.96,1.96,1.96,52796
2026-08-26T08:25:00.000Z,2026-08-26T11:25:00,1.95,1.95,1.95,1.95,1000
2026-08-26T08:26:00.000Z,2026-08-26T11:26:00,1.96,1.96,1.96,1.96,2057
2026-08-26T08:27:00.000Z,2026-08-26T11:27:00,1.96,1.96,1.96,1.96,1550
2026-08-26T08:28:00.000Z,2026-08-26T11:28:00,1.95,1.96,1.95,1.95,18113
2026-08-26T08:29:00.000Z,2026-08-26T11:29:00,1.96,1.96,1.96,1.96,16103
2026-08-26T08:30:00.000Z,2026-08-26T11:30:00,1.96,1.96,1.96,1.96,10000
2026-08-26T08:31:00.000Z,2026-08-26T11:31:00,1.96,1.96,1.96,1.96,150000
2026-08-26T08:32:00.000Z,2026-08-26T11:32:00,1.96,1.96,1.96,1.96,2560
2026-08-26T08:33:00.000Z,2026-08-26T11:33:00,1.96,1.96,1.95,1.95,5167
2026-08-26T08:34:00.000Z,2026-08-26T11:34:00,1.96,1.96,1.95,1.95,30500
2026-08-26T08:35:00.000Z,2026-08-26T11:35:00,1.96,1.96,1.96,1.96,5015
2026-08-26T08:36:00.000Z,2026-08-26T11:36:00,1.96,1.96,1.96,1.96,4081
2026-08-26T08:37:00.000Z,2026-08-26T11:37:00,1.96,1.96,1.96,1.96,9364
2026-08-26T08:38:00.000Z,2026-08-26T11:38:00,1.96,1.96,1.96,1.96,49
2026-08-26T08:39:00.000Z,2026-08-26T11:39:00,1.96,1.96,1.96,1.96,675
2026-08-26T08:40:00.000Z,2026-08-26T11:40:00,1.96,1.96,1.95,1.95,305630
2026-08-26T08:41:00.000Z,2026-08-26T11:41:00,1.96,1.96,1.96,1.96,173
2026-08-26T08:43:00.000Z,2026-08-26T11:43:00,1.96,1.96,1.96,1.96,554
2026-08-26T08:44:00.000Z,2026-08-26T11:44:00,1.96,1.96,1.96,1.96,2380
2026-08-26T08:45:00.000Z,2026-08-26T11:45:00,1.95,1.96,1.95,1.96,1000350
2026-08-26T08:46:00.000Z,2026-08-26T11:46:00,1.96,1.96,1.95,1.96,11174
2026-08-26T08:47:00.000Z,2026-08-26T11:47:00,1.96,1.96,1.96,1.96,40102
2026-08-26T08:48:00.000Z,2026-08-26T11:48:00,1.96,1.96,1.96,1.96,1000
2026-08-26T08:49:00.000Z,2026-08-26T11:49:00,1.95,1.96,1.95,1.96,1250
2026-08-26T08:50:00.000Z,2026-08-26T11:50:00,1.96,1.96,1.96,1.96,56525
2026-08-26T08:51:00.000Z,2026-08-26T11:51:00,1.96,1.96,1.96,1.96,5003
2026-08-26T08:52:00.000Z,2026-08-26T11:52:00,1.96,1.96,1.95,1.95,37579
2026-08-26T08:53:00.000Z,2026-08-26T11:53:00,1.96,1.96,1.95,1.96,2756
2026-08-26T08:54:00.000Z,2026-08-26T11:54:00,1.96,1.96,1.96,1.96,1504
2026-08-26T08:55:00.000Z,2026-08-26T11:55:00,1.96,1.96,1.96,1.96,1725
2026-08-26T08:56:00.000Z,2026-08-26T11:56:00,1.96,1.96,1.95,1.95,865
2026-08-26T08:57:00.000Z,2026-08-26T11:57:00,1.95,1.95,1.95,1.95,48600
2026-08-26T08:59:00.000Z,2026-08-26T11:59:00,1.96,1.96,1.95,1.95,8867
2026-08-26T09:00:00.000Z,2026-08-26T12:00:00,1.96,1.96,1.96,1.96,107
2026-08-26T09:01:00.000Z,2026-08-26T12:01:00,1.96,1.96,1.96,1.96,24000
2026-08-26T09:02:00.000Z,2026-08-26T12:02:00,1.95,1.95,1.95,1.95,15
2026-08-26T09:03:00.000Z,2026-08-26T12:03:00,1.95,1.95,1.95,1.95,999
2026-08-26T09:04:00.000Z,2026-08-26T12:04:00,1.96,1.96,1.96,1.96,139735
2026-08-26T09:06:00.000Z,2026-08-26T12:06:00,1.95,1.96,1.95,1.96,565
2026-08-26T09:07:00.000Z,2026-08-26T12:07:00,1.96,1.96,1.96,1.96,4914
2026-08-26T09:08:00.000Z,2026-08-26T12:08:00,1.96,1.96,1.96,1.96,3500
2026-08-26T09:09:00.000Z,2026-08-26T12:09:00,1.96,1.96,1.96,1.96,304000
2026-08-26T09:10:00.000Z,2026-08-26T12:10:00,1.96,1.96,1.95,1.96,6327
2026-08-26T09:11:00.000Z,2026-08-26T12:11:00,1.96,1.96,1.96,1.96,2810
2026-08-26T09:12:00.000Z,2026-08-26T12:12:00,1.96,1.96,1.96,1.96,1416721
2026-08-26T09:13:00.000Z,2026-08-26T12:13:00,1.96,1.97,1.96,1.97,1089863
2026-08-26T09:14:00.000Z,2026-08-26T12:14:00,1.97,1.97,1.96,1.97,25879
2026-08-26T09:15:00.000Z,2026-08-26T12:15:00,1.97,1.97,1.97,1.97,76693
2026-08-26T09:17:00.000Z,2026-08-26T12:17:00,1.97,1.97,1.96,1.96,94913
2026-08-26T09:18:00.000Z,2026-08-26T12:18:00,1.97,1.97,1.97,1.97,6726
2026-08-26T09:19:00.000Z,2026-08-26T12:19:00,1.96,1.97,1.96,1.97,19901
2026-08-26T09:20:00.000Z,2026-08-26T12:20:00,1.96,1.96,1.96,1.96,1200
2026-08-26T09:21:00.000Z,2026-08-26T12:21:00,1.96,1.96,1.96,1.96,4800
2026-08-26T09:22:00.000Z,2026-08-26T12:22:00,1.97,1.97,1.97,1.97,3159
2026-08-26T09:23:00.000Z,2026-08-26T12:23:00,1.97,1.97,1.97,1.97,153127
2026-08-26T09:24:00.000Z,2026-08-26T12:24:00,1.97,1.97,1.97,1.97,38
2026-08-26T09:25:00.000Z,2026-08-26T12:25:00,1.97,1.97,1.96,1.97,105504
2026-08-26T09:26:00.000Z,2026-08-26T12:26:00,1.97,1.97,1.96,1.96,6476
2026-08-26T09:27:00.000Z,2026-08-26T12:27:00,1.97,1.97,1.96,1.96,5860
2026-08-26T09:29:00.000Z,2026-08-26T12:29:00,1.96,1.97,1.96,1.97,2692
2026-08-26T09:30:00.000Z,2026-08-26T12:30:00,1.97,1.97,1.97,1.97,2007
2026-08-26T09:31:00.000Z,2026-08-26T12:31:00,1.97,1.97,1.96,1.97,17832
2026-08-26T09:32:00.000Z,2026-08-26T12:32:00,1.96,1.96,1.95,1.95,568901
2026-08-26T09:33:00.000Z,2026-08-26T12:33:00,1.96,1.96,1.96,1.96,32945
2026-08-26T09:34:00.000Z,2026-08-26T12:34:00,1.96,1.96,1.96,1.96,500
2026-08-26T09:35:00.000Z,2026-08-26T12:35:00,1.96,1.96,1.95,1.96,3269
2026-08-26T09:36:00.000Z,2026-08-26T12:36:00,1.96,1.96,1.96,1.96,85
2026-08-26T09:37:00.000Z,2026-08-26T12:37:00,1.96,1.96,1.95,1.95,36
2026-08-26T09:38:00.000Z,2026-08-26T12:38:00,1.95,1.95,1.95,1.95,800
2026-08-26T09:39:00.000Z,2026-08-26T12:39:00,1.96,1.96,1.95,1.96,410893
2026-08-26T09:40:00.000Z,2026-08-26T12:40:00,1.96,1.96,1.96,1.96,239997
2026-08-26T09:42:00.000Z,2026-08-26T12:42:00,1.97,1.97,1.97,1.97,4328
2026-08-26T09:43:00.000Z,2026-08-26T12:43:00,1.97,1.97,1.97,1.97,7
2026-08-26T09:45:00.000Z,2026-08-26T12:45:00,1.97,1.97,1.96,1.96,13762
2026-08-26T09:46:00.000Z,2026-08-26T12:46:00,1.95,1.96,1.95,1.96,5260
2026-08-26T09:47:00.000Z,2026-08-26T12:47:00,1.95,1.95,1.95,1.95,5000
2026-08-26T09:48:00.000Z,2026-08-26T12:48:00,1.96,1.96,1.95,1.96,55359
2026-08-26T09:49:00.000Z,2026-08-26T12:49:00,1.96,1.97,1.96,1.97,733
2026-08-26T09:50:00.000Z,2026-08-26T12:50:00,1.95,1.95,1.95,1.95,76
2026-08-26T09:51:00.000Z,2026-08-26T12:51:00,1.96,1.96,1.96,1.96,233
2026-08-26T09:52:00.000Z,2026-08-26T12:52:00,1.96,1.96,1.96,1.96,5379
2026-08-26T09:53:00.000Z,2026-08-26T12:53:00,1.95,1.95,1.95,1.95,2760
2026-08-26T09:54:00.000Z,2026-08-26T12:54:00,1.95,1.96,1.95,1.96,3364
2026-08-26T09:55:00.000Z,2026-08-26T12:55:00,1.96,1.96,1.96,1.96,2029
2026-08-26T09:57:00.000Z,2026-08-26T12:57:00,1.95,1.96,1.95,1.96,56229
2026-08-26T09:58:00.000Z,2026-08-26T12:58:00,1.96,1.96,1.96,1.96,71416
2026-08-26T10:00:00.000Z,2026-08-26T13:00:00,1.96,1.96,1.96,1.96,1255
2026-08-26T10:01:00.000Z,2026-08-26T13:01:00,1.96,1.96,1.95,1.96,9516
2026-08-26T10:02:00.000Z,2026-08-26T13:02:00,1.95,1.96,1.95,1.95,214355
2026-08-26T10:03:00.000Z,2026-08-26T13:03:00,1.96,1.96,1.96,1.96,1152
2026-08-26T10:04:00.000Z,2026-08-26T13:04:00,1.95,1.95,1.95,1.95,1001252
2026-08-26T10:05:00.000Z,2026-08-26T13:05:00,1.96,1.96,1.96,1.96,1556
2026-08-26T10:06:00.000Z,2026-08-26T13:06:00,1.95,1.96,1.95,1.96,304002
2026-08-26T10:07:00.000Z,2026-08-26T13:07:00,1.96,1.97,1.96,1.96,2007851
2026-08-26T10:08:00.000Z,2026-08-26T13:08:00,1.96,1.96,1.96,1.96,52640
2026-08-26T10:09:00.000Z,2026-08-26T13:09:00,1.96,1.96,1.96,1.96,3000
2026-08-26T10:10:00.000Z,2026-08-26T13:10:00,1.95,1.96,1.95,1.96,21502
2026-08-26T10:11:00.000Z,2026-08-26T13:11:00,1.96,1.96,1.96,1.96,6
2026-08-26T10:12:00.000Z,2026-08-26T13:12:00,1.96,1.96,1.95,1.96,84220
2026-08-26T10:14:00.000Z,2026-08-26T13:14:00,1.96,1.96,1.96,1.96,5182
2026-08-26T10:15:00.000Z,2026-08-26T13:15:00,1.95,1.96,1.95,1.96,82226
2026-08-26T10:16:00.000Z,2026-08-26T13:16:00,1.96,1.96,1.96,1.96,8000
2026-08-26T10:17:00.000Z,2026-08-26T13:17:00,1.96,1.96,1.95,1.96,26847
2026-08-26T10:18:00.000Z,2026-08-26T13:18:00,1.96,1.96,1.96,1.96,856
2026-08-26T10:19:00.000Z,2026-08-26T13:19:00,1.96,1.96,1.96,1.96,230
2026-08-26T10:20:00.000Z,2026-08-26T13:20:00,1.96,1.96,1.96,1.96,15
2026-08-26T10:21:00.000Z,2026-08-26T13:21:00,1.96,1.96,1.96,1.96,196
2026-08-26T10:22:00.000Z,2026-08-26T13:22:00,1.96,1.96,1.96,1.96,1020
2026-08-26T10:23:00.000Z,2026-08-26T13:23:00,1.96,1.96,1.96,1.96,4000
2026-08-26T10:25:00.000Z,2026-08-26T13:25:00,1.96,1.96,1.96,1.96,2551
2026-08-26T10:27:00.000Z,2026-08-26T13:27:00,1.96,1.96,1.96,1.96,1800
2026-08-26T10:28:00.000Z,2026-08-26T13:28:00,1.95,1.96,1.95,1.95,18806
2026-08-26T10:29:00.000Z,2026-08-26T13:29:00,1.96,1.96,1.96,1.96,12930
2026-08-26T10:30:00.000Z,2026-08-26T13:30:00,1.95,1.96,1.95,1.95,2501148
2026-08-26T10:32:00.000Z,2026-08-26T13:32:00,1.96,1.96,1.96,1.96,733
2026-08-26T10:33:00.000Z,2026-08-26T13:33:00,1.95,1.96,1.95,1.96,9561
2026-08-26T10:34:00.000Z,2026-08-26T13:34:00,1.96,1.96,1.95,1.95,660090
2026-08-26T10:35:00.000Z,2026-08-26T13:35:00,1.95,1.96,1.95,1.96,456152
2026-08-26T10:36:00.000Z,2026-08-26T13:36:00,1.96,1.96,1.96,1.96,1000
2026-08-26T10:37:00.000Z,2026-08-26T13:37:00,1.96,1.96,1.96,1.96,2250
2026-08-26T10:38:00.000Z,2026-08-26T13:38:00,1.95,1.96,1.95,1.96,107693
2026-08-26T10:39:00.000Z,2026-08-26T13:39:00,1.96,1.96,1.96,1.96,1000
2026-08-26T10:40:00.000Z,2026-08-26T13:40:00,1.95,1.96,1.95,1.95,727
2026-08-26T10:41:00.000Z,2026-08-26T13:41:00,1.96,1.96,1.95,1.96,314444
2026-08-26T10:43:00.000Z,2026-08-26T13:43:00,1.95,1.96,1.95,1.96,4475
2026-08-26T10:44:00.000Z,2026-08-26T13:44:00,1.96,1.98,1.96,1.98,8560427
2026-08-26T10:45:00.000Z,2026-08-26T13:45:00,1.98,1.98,1.98,1.98,117143
2026-08-26T10:46:00.000Z,2026-08-26T13:46:00,1.98,1.98,1.96,1.97,230629
2026-08-26T10:47:00.000Z,2026-08-26T13:47:00,1.98,1.98,1.97,1.98,598990
2026-08-26T10:48:00.000Z,2026-08-26T13:48:00,1.98,1.98,1.98,1.98,1200
2026-08-26T10:49:00.000Z,2026-08-26T13:49:00,1.98,1.98,1.97,1.98,3094002
2026-08-26T10:50:00.000Z,2026-08-26T13:50:00,1.98,1.99,1.98,1.98,1796445
2026-08-26T10:51:00.000Z,2026-08-26T13:51:00,1.98,1.98,1.98,1.98,90752
2026-08-26T10:52:00.000Z,2026-08-26T13:52:00,1.97,1.98,1.97,1.98,2049863
2026-08-26T10:54:00.000Z,2026-08-26T13:54:00,1.98,1.99,1.97,1.99,3831645
2026-08-26T10:55:00.000Z,2026-08-26T13:55:00,1.99,1.99,1.99,1.99,1445000
2026-08-26T10:56:00.000Z,2026-08-26T13:56:00,1.98,1.99,1.98,1.99,2028604
2026-08-26T10:57:00.000Z,2026-08-26T13:57:00,1.99,1.99,1.99,1.99,1061758
2026-08-26T10:58:00.000Z,2026-08-26T13:58:00,1.99,1.99,1.98,1.98,2030583
2026-08-26T10:59:00.000Z,2026-08-26T13:59:00,1.98,1.98,1.98,1.98,10942
2026-08-26T11:00:00.000Z,2026-08-26T14:00:00,1.98,2,1.98,1.99,3501194
2026-08-26T11:01:00.000Z,2026-08-26T14:01:00,1.99,1.99,1.97,1.98,132527
2026-08-26T11:02:00.000Z,2026-08-26T14:02:00,1.98,1.99,1.98,1.99,3157994
2026-08-26T11:03:00.000Z,2026-08-26T14:03:00,2,2,1.98,1.99,5076070
2026-08-26T11:04:00.000Z,2026-08-26T14:04:00,1.99,1.99,1.98,1.99,69547
2026-08-26T11:05:00.000Z,2026-08-26T14:05:00,1.99,2,1.98,1.99,1027012
2026-08-26T11:06:00.000Z,2026-08-26T14:06:00,1.99,1.99,1.98,1.98,210650
2026-08-26T11:07:00.000Z,2026-08-26T14:07:00,1.99,1.99,1.98,1.99,316884
2026-08-26T11:08:00.000Z,2026-08-26T14:08:00,1.99,2,1.99,1.99,184709
2026-08-26T11:09:00.000Z,2026-08-26T14:09:00,1.99,1.99,1.99,1.99,147296
2026-08-26T11:10:00.000Z,2026-08-26T14:10:00,1.99,2,1.99,2,1018923
2026-08-26T11:11:00.000Z,2026-08-26T14:11:00,1.99,1.99,1.99,1.99,17025
2026-08-26T11:12:00.000Z,2026-08-26T14:12:00,2,2,1.99,1.99,4002180
2026-08-26T11:13:00.000Z,2026-08-26T14:13:00,1.99,2,1.99,2,854537
2026-08-26T11:14:00.000Z,2026-08-26T14:14:00,2,2.01,2,2.01,532042
2026-08-26T11:15:00.000Z,2026-08-26T14:15:00,2,2.01,2,2.01,105000
2026-08-26T11:25:00.000Z,2026-08-26T14:25:00,2,2,2,2,4513795
2026-08-26T11:26:00.000Z,2026-08-26T14:26:00,2,2,2,2,85000
2026-08-26T11:27:00.000Z,2026-08-26T14:27:00,2,2,2,2,28840
2026-08-26T11:28:00.000Z,2026-08-26T14:28:00,2,2,2,2,353978
2026-08-26T11:29:00.000Z,2026-08-26T14:29:00,2,2,2,2,133030
2026-08-30T07:00:00.000Z,2026-08-30T10:00:00,2.01,2.01,1.99,1.99,7142799
2026-08-30T07:01:00.000Z,2026-08-30T10:01:00,2,2,1.99,1.99,231500
2026-08-30T07:02:00.000Z,2026-08-30T10:02:00,1.99,2,1.98,2,210427
2026-08-30T07:03:00.000Z,2026-08-30T10:03:00,2,2,1.99,1.99,1436042
2026-08-30T07:04:00.000Z,2026-08-30T10:04:00,2,2,1.99,2,642426
2026-08-30T07:05:00.000Z,2026-08-30T10:05:00,1.99,2,1.99,1.99,1523708
2026-08-30T07:06:00.000Z,2026-08-30T10:06:00,1.99,1.99,1.98,1.99,372001
2026-08-30T07:07:00.000Z,2026-08-30T10:07:00,1.99,1.99,1.98,1.99,110297
2026-08-30T07:08:00.000Z,2026-08-30T10:08:00,1.99,1.99,1.98,1.99,64653
2026-08-30T07:09:00.000Z,2026-08-30T10:09:00,1.99,1.99,1.98,1.98,2084916
2026-08-30T07:10:00.000Z,2026-08-30T10:10:00,1.99,2,1.98,1.99,253620
2026-08-30T07:11:00.000Z,2026-08-30T10:11:00,1.98,1.99,1.98,1.99,79051
2026-08-30T07:12:00.000Z,2026-08-30T10:12:00,1.99,2,1.98,1.98,3354994
2026-08-30T07:13:00.000Z,2026-08-30T10:13:00,1.99,1.99,1.98,1.99,78305
2026-08-30T07:14:00.000Z,2026-08-30T10:14:00,1.99,1.99,1.99,1.99,1993427
2026-08-30T07:15:00.000Z,2026-08-30T10:15:00,1.99,1.99,1.98,1.99,106931
2026-08-30T07:16:00.000Z,2026-08-30T10:16:00,1.98,1.99,1.98,1.99,545198
2026-08-30T07:17:00.000Z,2026-08-30T10:17:00,1.99,2,1.99,1.99,1010000
2026-08-30T07:18:00.000Z,2026-08-30T10:18:00,1.99,1.99,1.98,1.99,204072
2026-08-30T07:19:00.000Z,2026-08-30T10:19:00,1.99,2,1.98,2,74094
2026-08-30T07:20:00.000Z,2026-08-30T10:20:00,2,2,2,2,25000
2026-08-30T07:21:00.000Z,2026-08-30T10:21:00,2,2,2,2,48507
2026-08-30T07:22:00.000Z,2026-08-30T10:22:00,1.99,1.99,1.99,1.99,357335
2026-08-30T07:23:00.000Z,2026-08-30T10:23:00,1.99,1.99,1.99,1.99,43454
2026-08-30T07:24:00.000Z,2026-08-30T10:24:00,1.99,1.99,1.99,1.99,25674
2026-08-30T07:25:00.000Z,2026-08-30T10:25:00,1.99,1.99,1.99,1.99,131224
2026-08-30T07:26:00.000Z,2026-08-30T10:26:00,1.99,1.99,1.99,1.99,33648
2026-08-30T07:27:00.000Z,2026-08-30T10:27:00,1.99,1.99,1.98,1.98,13946
2026-08-30T07:28:00.000Z,2026-08-30T10:28:00,1.99,1.99,1.99,1.99,51564
2026-08-30T07:29:00.000Z,2026-08-30T10:29:00,1.99,1.99,1.98,1.98,14854
2026-08-30T07:30:00.000Z,2026-08-30T10:30:00,1.99,1.99,1.99,1.99,50289
2026-08-30T07:31:00.000Z,2026-08-30T10:31:00,1.99,1.99,1.98,1.99,149021
2026-08-30T07:32:00.000Z,2026-08-30T10:32:00,1.99,1.99,1.99,1.99,31092
2026-08-30T07:33:00.000Z,2026-08-30T10:33:00,1.99,1.99,1.99,1.99,42346
2026-08-30T07:34:00.000Z,2026-08-30T10:34:00,1.99,1.99,1.99,1.99,126500
2026-08-30T07:35:00.000Z,2026-08-30T10:35:00,1.98,1.99,1.98,1.99,116270
2026-08-30T07:36:00.000Z,2026-08-30T10:36:00,1.99,1.99,1.99,1.99,81092
2026-08-30T07:37:00.000Z,2026-08-30T10:37:00,1.99,1.99,1.98,1.98,73513
2026-08-30T07:38:00.000Z,2026-08-30T10:38:00,1.98,1.99,1.98,1.99,36467
2026-08-30T07:39:00.000Z,2026-08-30T10:39:00,1.98,1.99,1.98,1.99,872083
2026-08-30T07:40:00.000Z,2026-08-30T10:40:00,1.99,2,1.98,2,458855
2026-08-30T07:41:00.000Z,2026-08-30T10:41:00,2,2,2,2,234127
2026-08-30T07:42:00.000Z,2026-08-30T10:42:00,1.99,2,1.99,2,103354
2026-08-30T07:43:00.000Z,2026-08-30T10:43:00,2,2,1.99,2,31327
2026-08-30T07:44:00.000Z,2026-08-30T10:44:00,1.99,2,1.99,2,15205
2026-08-30T07:45:00.000Z,2026-08-30T10:45:00,2,2,2,2,243468
2026-08-30T07:46:00.000Z,2026-08-30T10:46:00,2,2,2,2,104174
2026-08-30T07:47:00.000Z,2026-08-30T10:47:00,2,2,1.99,2,59169
2026-08-30T07:48:00.000Z,2026-08-30T10:48:00,2,2,1.99,1.99,34906
2026-08-30T07:49:00.000Z,2026-08-30T10:49:00,1.99,2,1.99,2,27025
2026-08-30T07:50:00.000Z,2026-08-30T10:50:00,2,2,1.99,2,240128
2026-08-30T07:51:00.000Z,2026-08-30T10:51:00,2,2,1.99,2,54512
2026-08-30T07:52:00.000Z,2026-08-30T10:52:00,2,2,2,2,694
2026-08-30T07:53:00.000Z,2026-08-30T10:53:00,2,2,1.99,2,102035
2026-08-30T07:54:00.000Z,2026-08-30T10:54:00,1.99,2,1.99,2,262448
2026-08-30T07:55:00.000Z,2026-08-30T10:55:00,1.99,2,1.99,2,366003
2026-08-30T07:56:00.000Z,2026-08-30T10:56:00,1.99,2,1.99,2,607
2026-08-30T07:57:00.000Z,2026-08-30T10:57:00,2,2,1.99,1.99,7573
2026-08-30T07:58:00.000Z,2026-08-30T10:58:00,2,2,1.99,1.99,106454
2026-08-30T07:59:00.000Z,2026-08-30T10:59:00,2,2,2,2,22581
2026-08-30T08:00:00.000Z,2026-08-30T11:00:00,2,2,1.99,2,2049329
2026-08-30T08:01:00.000Z,2026-08-30T11:01:00,2,2,1.99,2,10707
2026-08-30T08:02:00.000Z,2026-08-30T11:02:00,2,2,2,2,50011
2026-08-30T08:03:00.000Z,2026-08-30T11:03:00,1.99,2,1.99,1.99,39838
2026-08-30T08:04:00.000Z,2026-08-30T11:04:00,2,2,1.99,1.99,2105
2026-08-30T08:05:00.000Z,2026-08-30T11:05:00,1.99,2,1.99,2,305370
2026-08-30T08:06:00.000Z,2026-08-30T11:06:00,2,2,2,2,25485
2026-08-30T08:07:00.000Z,2026-08-30T11:07:00,2,2,2,2,4446
2026-08-30T08:08:00.000Z,2026-08-30T11:08:00,2,2,2,2,832131
2026-08-30T08:09:00.000Z,2026-08-30T11:09:00,2,2,1.99,2,34249
2026-08-30T08:10:00.000Z,2026-08-30T11:10:00,2,2,2,2,33013
2026-08-30T08:11:00.000Z,2026-08-30T11:11:00,2,2,2,2,74989
2026-08-30T08:12:00.000Z,2026-08-30T11:12:00,2,2,1.99,2,42920
2026-08-30T08:13:00.000Z,2026-08-30T11:13:00,2,2,2,2,607
2026-08-30T08:14:00.000Z,2026-08-30T11:14:00,2,2,2,2,16867
2026-08-30T08:15:00.000Z,2026-08-30T11:15:00,2,2,2,2,66250
2026-08-30T08:16:00.000Z,2026-08-30T11:16:00,2,2,1.99,1.99,2025998
2026-08-30T08:17:00.000Z,2026-08-30T11:17:00,2,2,1.99,2,101794
2026-08-30T08:18:00.000Z,2026-08-30T11:18:00,1.99,1.99,1.99,1.99,30
2026-08-30T08:19:00.000Z,2026-08-30T11:19:00,2,2,1.99,1.99,30
2026-08-30T08:20:00.000Z,2026-08-30T11:20:00,1.99,2,1.99,2,82614
2026-08-30T08:21:00.000Z,2026-08-30T11:21:00,2,2,2,2,30207
2026-08-30T08:22:00.000Z,2026-08-30T11:22:00,2,2,1.99,2,51995
2026-08-30T08:23:00.000Z,2026-08-30T11:23:00,2,2,2,2,558801
2026-08-30T08:24:00.000Z,2026-08-30T11:24:00,2,2,2,2,516
2026-08-30T08:25:00.000Z,2026-08-30T11:25:00,2.01,2.01,2,2.01,1124580
2026-08-30T08:26:00.000Z,2026-08-30T11:26:00,2.01,2.01,2,2.01,526288
2026-08-30T08:27:00.000Z,2026-08-30T11:27:00,2.01,2.01,2,2.01,46690
2026-08-30T08:28:00.000Z,2026-08-30T11:28:00,2.01,2.01,2,2,10422
2026-08-30T08:29:00.000Z,2026-08-30T11:29:00,2,2.01,2,2.01,866247
2026-08-30T08:30:00.000Z,2026-08-30T11:30:00,2.01,2.01,2.01,2.01,30903
2026-08-30T08:31:00.000Z,2026-08-30T11:31:00,2.01,2.01,2.01,2.01,4832
2026-08-30T08:32:00.000Z,2026-08-30T11:32:00,2.01,2.01,2,2.01,77127
2026-08-30T08:33:00.000Z,2026-08-30T11:33:00,2,2.01,2,2,113133
2026-08-30T08:34:00.000Z,2026-08-30T11:34:00,2,2.01,2,2.01,101531
2026-08-30T08:35:00.000Z,2026-08-30T11:35:00,2.01,2.01,2.01,2.01,34004
2026-08-30T08:36:00.000Z,2026-08-30T11:36:00,2.01,2.01,1.99,2,55849
2026-08-30T08:37:00.000Z,2026-08-30T11:37:00,2,2,2,2,50507
2026-08-30T08:38:00.000Z,2026-08-30T11:38:00,2,2.01,2,2.01,948119
2026-08-30T08:39:00.000Z,2026-08-30T11:39:00,2.01,2.01,2,2.01,16978
2026-08-30T08:40:00.000Z,2026-08-30T11:40:00,2.01,2.01,2.01,2.01,79272
2026-08-30T08:41:00.000Z,2026-08-30T11:41:00,2.01,2.01,2,2.01,165523
2026-08-30T08:42:00.000Z,2026-08-30T11:42:00,2.01,2.01,2.01,2.01,28554
2026-08-30T08:43:00.000Z,2026-08-30T11:43:00,2.01,2.01,2,2,21107
2026-08-30T08:44:00.000Z,2026-08-30T11:44:00,2,2,1.99,2,686222
2026-08-30T08:45:00.000Z,2026-08-30T11:45:00,2,2,1.99,1.99,35820
2026-08-30T08:46:00.000Z,2026-08-30T11:46:00,2,2,1.99,2,7464
2026-08-30T08:47:00.000Z,2026-08-30T11:47:00,2,2.01,2,2.01,2536794
2026-08-30T08:48:00.000Z,2026-08-30T11:48:00,2.01,2.01,2.01,2.01,112172
2026-08-30T08:49:00.000Z,2026-08-30T11:49:00,2.01,2.01,2,2.01,165603
2026-08-30T08:50:00.000Z,2026-08-30T11:50:00,2.01,2.02,2.01,2.01,101153
2026-08-30T08:51:00.000Z,2026-08-30T11:51:00,2.01,2.01,2.01,2.01,57505
2026-08-30T08:52:00.000Z,2026-08-30T11:52:00,2.01,2.01,2.01,2.01,159858
2026-08-30T08:53:00.000Z,2026-08-30T11:53:00,2,2.01,2,2,29137
2026-08-30T08:54:00.000Z,2026-08-30T11:54:00,2.01,2.01,2.01,2.01,124065
2026-08-30T08:55:00.000Z,2026-08-30T11:55:00,2.01,2.02,2,2.02,2196411
2026-08-30T08:56:00.000Z,2026-08-30T11:56:00,2.01,2.02,2.01,2.02,753991
2026-08-30T08:57:00.000Z,2026-08-30T11:57:00,2.02,2.02,2.01,2.01,1314962
2026-08-30T08:58:00.000Z,2026-08-30T11:58:00,2.01,2.01,2.01,2.01,603956
2026-08-30T08:59:00.000Z,2026-08-30T11:59:00,2.01,2.02,2.01,2.02,2044398
2026-08-30T09:00:00.000Z,2026-08-30T12:00:00,2.02,2.03,2.02,2.02,1108462
2026-08-30T09:01:00.000Z,2026-08-30T12:01:00,2.02,2.02,2.02,2.02,138130
2026-08-30T09:02:00.000Z,2026-08-30T12:02:00,2.02,2.03,2.01,2.02,139975
2026-08-30T09:03:00.000Z,2026-08-30T12:03:00,2.02,2.02,2.02,2.02,248898
2026-08-30T09:04:00.000Z,2026-08-30T12:04:00,2.02,2.02,2.02,2.02,409352
2026-08-30T09:05:00.000Z,2026-08-30T12:05:00,2.02,2.03,2.02,2.02,829188
2026-08-30T09:06:00.000Z,2026-08-30T12:06:00,2.02,2.03,2.02,2.03,2065427
2026-08-30T09:07:00.000Z,2026-08-30T12:07:00,2.03,2.03,2.03,2.03,270621
2026-08-30T09:08:00.000Z,2026-08-30T12:08:00,2.02,2.03,2.02,2.03,1192000
2026-08-30T09:09:00.000Z,2026-08-30T12:09:00,2.03,2.03,2.03,2.03,151471
2026-08-30T09:10:00.000Z,2026-08-30T12:10:00,2.03,2.03,2.02,2.02,111202
2026-08-30T09:11:00.000Z,2026-08-30T12:11:00,2.03,2.03,2.03,2.03,512825
2026-08-30T09:12:00.000Z,2026-08-30T12:12:00,2.03,2.03,2.02,2.03,665370
2026-08-30T09:13:00.000Z,2026-08-30T12:13:00,2.03,2.03,2.02,2.02,427753
2026-08-30T09:14:00.000Z,2026-08-30T12:14:00,2.03,2.04,2.03,2.03,2042852
2026-08-30T09:15:00.000Z,2026-08-30T12:15:00,2.03,2.03,2.02,2.03,757958
2026-08-30T09:16:00.000Z,2026-08-30T12:16:00,2.03,2.04,2.03,2.04,668986
2026-08-30T09:17:00.000Z,2026-08-30T12:17:00,2.03,2.03,2.02,2.03,147868
2026-08-30T09:18:00.000Z,2026-08-30T12:18:00,2.03,2.03,2.03,2.03,67380
2026-08-30T09:19:00.000Z,2026-08-30T12:19:00,2.03,2.04,2.03,2.03,161385
2026-08-30T09:20:00.000Z,2026-08-30T12:20:00,2.04,2.04,2.02,2.02,252729
2026-08-30T09:21:00.000Z,2026-08-30T12:21:00,2.03,2.04,2.03,2.04,58142
2026-08-30T09:22:00.000Z,2026-08-30T12:22:00,2.04,2.04,2.03,2.03,140647
2026-08-30T09:23:00.000Z,2026-08-30T12:23:00,2.03,2.03,2.02,2.03,41421
2026-08-30T09:24:00.000Z,2026-08-30T12:24:00,2.03,2.03,2.02,2.02,100280
2026-08-30T09:25:00.000Z,2026-08-30T12:25:00,2.03,2.03,2.02,2.02,12729
2026-08-30T09:26:00.000Z,2026-08-30T12:26:00,2.03,2.03,2.03,2.03,28522
2026-08-30T09:27:00.000Z,2026-08-30T12:27:00,2.03,2.03,2.02,2.03,39287
2026-08-30T09:28:00.000Z,2026-08-30T12:28:00,2.02,2.05,2.02,2.05,5430793
2026-08-30T09:29:00.000Z,2026-08-30T12:29:00,2.05,2.05,2.04,2.04,30683
2026-08-30T09:30:00.000Z,2026-08-30T12:30:00,2.04,2.04,2.04,2.04,50341
2026-08-30T09:31:00.000Z,2026-08-30T12:31:00,2.04,2.04,2.03,2.04,67056
2026-08-30T09:32:00.000Z,2026-08-30T12:32:00,2.04,2.04,2.03,2.03,380992
2026-08-30T09:33:00.000Z,2026-08-30T12:33:00,2.03,2.03,2.03,2.03,38954
2026-08-30T09:34:00.000Z,2026-08-30T12:34:00,2.03,2.03,2.03,2.03,31113
2026-08-30T09:35:00.000Z,2026-08-30T12:35:00,2.03,2.03,2.03,2.03,77891
2026-08-30T09:36:00.000Z,2026-08-30T12:36:00,2.03,2.03,2.02,2.02,245157
2026-08-30T09:37:00.000Z,2026-08-30T12:37:00,2.03,2.04,2.03,2.03,403659
2026-08-30T09:38:00.000Z,2026-08-30T12:38:00,2.04,2.04,2.03,2.03,265209
2026-08-30T09:39:00.000Z,2026-08-30T12:39:00,2.03,2.03,2.02,2.03,45604
2026-08-30T09:40:00.000Z,2026-08-30T12:40:00,2.03,2.03,2.02,2.03,52970
2026-08-30T09:41:00.000Z,2026-08-30T12:41:00,2.03,2.03,2.02,2.03,37088
2026-08-30T09:42:00.000Z,2026-08-30T12:42:00,2.03,2.03,2.02,2.02,2487584
2026-08-30T09:43:00.000Z,2026-08-30T12:43:00,2.03,2.03,2.02,2.03,94157
2026-08-30T09:44:00.000Z,2026-08-30T12:44:00,2.03,2.03,2.03,2.03,370368
2026-08-30T09:45:00.000Z,2026-08-30T12:45:00,2.03,2.03,2.03,2.03,4623
2026-08-30T09:46:00.000Z,2026-08-30T12:46:00,2.03,2.03,2.03,2.03,113851
2026-08-30T09:47:00.000Z,2026-08-30T12:47:00,2.03,2.03,2.02,2.03,13139
2026-08-30T09:48:00.000Z,2026-08-30T12:48:00,2.02,2.03,2.02,2.03,41949
2026-08-30T09:49:00.000Z,2026-08-30T12:49:00,2.02,2.03,2.02,2.03,109805
2026-08-30T09:50:00.000Z,2026-08-30T12:50:00,2.03,2.03,2.02,2.03,81854
2026-08-30T09:51:00.000Z,2026-08-30T12:51:00,2.03,2.03,2.03,2.03,54494
2026-08-30T09:52:00.000Z,2026-08-30T12:52:00,2.03,2.04,2.02,2.04,21572
2026-08-30T09:53:00.000Z,2026-08-30T12:53:00,2.04,2.04,2.04,2.04,129646
2026-08-30T09:54:00.000Z,2026-08-30T12:54:00,2.03,2.03,2.03,2.03,47295
2026-08-30T09:55:00.000Z,2026-08-30T12:55:00,2.03,2.03,2.02,2.03,3078
2026-08-30T09:56:00.000Z,2026-08-30T12:56:00,2.03,2.03,2.02,2.03,179269
2026-08-30T09:57:00.000Z,2026-08-30T12:57:00,2.03,2.03,2.03,2.03,7518
2026-08-30T09:58:00.000Z,2026-08-30T12:58:00,2.03,2.04,2.03,2.04,28694
2026-08-30T09:59:00.000Z,2026-08-30T12:59:00,2.03,2.04,2.03,2.04,5828
2026-08-30T10:00:00.000Z,2026-08-30T13:00:00,2.04,2.04,2.04,2.04,1577
2026-08-30T10:01:00.000Z,2026-08-30T13:01:00,2.03,2.04,2.03,2.04,54702
2026-08-30T10:02:00.000Z,2026-08-30T13:02:00,2.03,2.04,2.03,2.04,53075
2026-08-30T10:03:00.000Z,2026-08-30T13:03:00,2.04,2.04,2.04,2.04,29705
2026-08-30T10:04:00.000Z,2026-08-30T13:04:00,2.04,2.04,2.04,2.04,39067
2026-08-30T10:05:00.000Z,2026-08-30T13:05:00,2.04,2.04,2.03,2.03,77720
2026-08-30T10:06:00.000Z,2026-08-30T13:06:00,2.04,2.04,2.03,2.04,32225
2026-08-30T10:07:00.000Z,2026-08-30T13:07:00,2.04,2.04,2.03,2.04,119800
2026-08-30T10:08:00.000Z,2026-08-30T13:08:00,2.04,2.04,2.04,2.04,39594
2026-08-30T10:09:00.000Z,2026-08-30T13:09:00,2.04,2.04,2.04,2.04,2993
2026-08-30T10:10:00.000Z,2026-08-30T13:10:00,2.04,2.04,2.03,2.03,2330
2026-08-30T10:11:00.000Z,2026-08-30T13:11:00,2.04,2.04,2.04,2.04,1029826
2026-08-30T10:12:00.000Z,2026-08-30T13:12:00,2.04,2.04,2.03,2.03,1005500
2026-08-30T10:13:00.000Z,2026-08-30T13:13:00,2.04,2.05,2.04,2.05,175696
2026-08-30T10:14:00.000Z,2026-08-30T13:14:00,2.05,2.05,2.05,2.05,153969
2026-08-30T10:15:00.000Z,2026-08-30T13:15:00,2.05,2.05,2.04,2.05,1251581
2026-08-30T10:16:00.000Z,2026-08-30T13:16:00,2.05,2.05,2.04,2.04,21316
2026-08-30T10:17:00.000Z,2026-08-30T13:17:00,2.05,2.05,2.04,2.05,21403
2026-08-30T10:18:00.000Z,2026-08-30T13:18:00,2.04,2.05,2.04,2.05,51892
2026-08-30T10:19:00.000Z,2026-08-30T13:19:00,2.05,2.05,2.05,2.05,28892
2026-08-30T10:20:00.000Z,2026-08-30T13:20:00,2.05,2.05,2.04,2.05,49806
2026-08-30T10:21:00.000Z,2026-08-30T13:21:00,2.05,2.05,2.05,2.05,200315
2026-08-30T10:22:00.000Z,2026-08-30T13:22:00,2.05,2.05,2.04,2.05,4556
2026-08-30T10:23:00.000Z,2026-08-30T13:23:00,2.05,2.05,2.05,2.05,47800
2026-08-30T10:24:00.000Z,2026-08-30T13:24:00,2.05,2.05,2.04,2.04,154726
2026-08-30T10:25:00.000Z,2026-08-30T13:25:00,2.05,2.05,2.04,2.05,33132
2026-08-30T10:26:00.000Z,2026-08-30T13:26:00,2.04,2.05,2.04,2.05,57611
2026-08-30T10:27:00.000Z,2026-08-30T13:27:00,2.05,2.06,2.05,2.06,2082770
2026-08-30T10:28:00.000Z,2026-08-30T13:28:00,2.05,2.06,2.05,2.06,2038883
2026-08-30T10:29:00.000Z,2026-08-30T13:29:00,2.06,2.07,2.06,2.07,136337
2026-08-30T10:30:00.000Z,2026-08-30T13:30:00,2.07,2.07,2.06,2.07,66780
2026-08-30T10:31:00.000Z,2026-08-30T13:31:00,2.07,2.07,2.06,2.06,250513
2026-08-30T10:32:00.000Z,2026-08-30T13:32:00,2.07,2.08,2.05,2.06,2047435
2026-08-30T10:33:00.000Z,2026-08-30T13:33:00,2.08,2.08,2.06,2.08,125702
2026-08-30T10:34:00.000Z,2026-08-30T13:34:00,2.07,2.08,2.07,2.08,38424
2026-08-30T10:35:00.000Z,2026-08-30T13:35:00,2.08,2.09,2.08,2.09,3211739
2026-08-30T10:36:00.000Z,2026-08-30T13:36:00,2.09,2.09,2.08,2.08,597970
2026-08-30T10:37:00.000Z,2026-08-30T13:37:00,2.09,2.09,2.08,2.09,420560
2026-08-30T10:38:00.000Z,2026-08-30T13:38:00,2.09,2.09,2.08,2.08,246642
2026-08-30T10:39:00.000Z,2026-08-30T13:39:00,2.09,2.09,2.08,2.08,192905
2026-08-30T10:40:00.000Z,2026-08-30T13:40:00,2.08,2.09,2.07,2.07,2192877
2026-08-30T10:41:00.000Z,2026-08-30T13:41:00,2.08,2.09,2.07,2.08,1022295
2026-08-30T10:42:00.000Z,2026-08-30T13:42:00,2.08,2.08,2.07,2.07,36862
2026-08-30T10:43:00.000Z,2026-08-30T13:43:00,2.08,2.08,2.07,2.08,34805
2026-08-30T10:44:00.000Z,2026-08-30T13:44:00,2.08,2.08,2.08,2.08,47818
2026-08-30T10:45:00.000Z,2026-08-30T13:45:00,2.08,2.08,2.08,2.08,104487
2026-08-30T10:46:00.000Z,2026-08-30T13:46:00,2.08,2.08,2.08,2.08,260785
2026-08-30T10:47:00.000Z,2026-08-30T13:47:00,2.08,2.09,2.08,2.09,37903
2026-08-30T10:48:00.000Z,2026-08-30T13:48:00,2.09,2.09,2.08,2.08,154307
2026-08-30T10:49:00.000Z,2026-08-30T13:49:00,2.08,2.09,2.08,2.09,1004600
2026-08-30T10:50:00.000Z,2026-08-30T13:50:00,2.09,2.09,2.09,2.09,1042632
2026-08-30T10:51:00.000Z,2026-08-30T13:51:00,2.09,2.09,2.08,2.09,2370191
2026-08-30T10:52:00.000Z,2026-08-30T13:52:00,2.08,2.09,2.08,2.09,606976
2026-08-30T10:53:00.000Z,2026-08-30T13:53:00,2.09,2.09,2.08,2.09,176714
2026-08-30T10:54:00.000Z,2026-08-30T13:54:00,2.09,2.09,2.08,2.09,110010
2026-08-30T10:55:00.000Z,2026-08-30T13:55:00,2.08,2.09,2.08,2.09,101601
2026-08-30T10:56:00.000Z,2026-08-30T13:56:00,2.08,2.09,2.08,2.08,143419
2026-08-30T10:57:00.000Z,2026-08-30T13:57:00,2.09,2.09,2.08,2.08,613932
2026-08-30T10:58:00.000Z,2026-08-30T13:58:00,2.09,2.09,2.09,2.09,1061
2026-08-30T10:59:00.000Z,2026-08-30T13:59:00,2.09,2.09,2.08,2.09,334700
2026-08-30T11:00:00.000Z,2026-08-30T14:00:00,2.09,2.09,2.08,2.09,63997
2026-08-30T11:01:00.000Z,2026-08-30T14:01:00,2.08,2.09,2.08,2.09,77221
2026-08-30T11:02:00.000Z,2026-08-30T14:02:00,2.09,2.09,2.08,2.09,40657
2026-08-30T11:03:00.000Z,2026-08-30T14:03:00,2.08,2.09,2.08,2.08,1213268
2026-08-30T11:04:00.000Z,2026-08-30T14:04:00,2.09,2.09,2.08,2.09,2259442
2026-08-30T11:05:00.000Z,2026-08-30T14:05:00,2.09,2.09,2.08,2.08,3647179
2026-08-30T11:06:00.000Z,2026-08-30T14:06:00,2.09,2.09,2.08,2.08,607166
2026-08-30T11:07:00.000Z,2026-08-30T14:07:00,2.08,2.08,2.07,2.07,46478
2026-08-30T11:08:00.000Z,2026-08-30T14:08:00,2.08,2.09,2.08,2.08,374965
2026-08-30T11:09:00.000Z,2026-08-30T14:09:00,2.08,2.1,2.08,2.1,2055405
2026-08-30T11:10:00.000Z,2026-08-30T14:10:00,2.09,2.1,2.09,2.09,152000
2026-08-30T11:11:00.000Z,2026-08-30T14:11:00,2.1,2.1,2.09,2.1,75001
2026-08-30T11:12:00.000Z,2026-08-30T14:12:00,2.09,2.1,2.09,2.1,69413
2026-08-30T11:13:00.000Z,2026-08-30T14:13:00,2.1,2.1,2.09,2.09,16740
2026-08-30T11:14:00.000Z,2026-08-30T14:14:00,2.1,2.1,2.09,2.1,5321373
2026-08-30T11:15:00.000Z,2026-08-30T14:15:00,2.1,2.1,2.1,2.1,1977837
2026-08-30T11:25:00.000Z,2026-08-30T14:25:00,2.11,2.11,2.11,2.11,8006042
2026-08-30T11:26:00.000Z,2026-08-30T14:26:00,2.11,2.11,2.11,2.11,27672
2026-08-30T11:27:00.000Z,2026-08-30T14:27:00,2.11,2.11,2.11,2.11,14250
2026-08-30T11:28:00.000Z,2026-08-30T14:28:00,2.11,2.11,2.11,2.11,30040
2026-08-30T11:29:00.000Z,2026-08-30T14:29:00,2.11,2.11,2.11,2.11,34866
2026-08-31T07:00:00.000Z,2026-08-31T10:00:00,2.09,2.09,2.07,2.07,964875
2026-08-31T07:01:00.000Z,2026-08-31T10:01:00,2.07,2.08,2.07,2.07,53037
2026-08-31T07:02:00.000Z,2026-08-31T10:02:00,2.08,2.08,2.08,2.08,2857
2026-08-31T07:03:00.000Z,2026-08-31T10:03:00,2.07,2.08,2.05,2.07,1055969
2026-08-31T07:04:00.000Z,2026-08-31T10:04:00,2.07,2.07,2.05,2.05,1535891
2026-08-31T07:05:00.000Z,2026-08-31T10:05:00,2.05,2.05,2.03,2.03,445903
2026-08-31T07:06:00.000Z,2026-08-31T10:06:00,2.03,2.05,2.01,2.05,335844
2026-08-31T07:07:00.000Z,2026-08-31T10:07:00,2.05,2.05,2.03,2.04,246258
2026-08-31T07:08:00.000Z,2026-08-31T10:08:00,2.04,2.05,2.03,2.05,320416
2026-08-31T07:09:00.000Z,2026-08-31T10:09:00,2.05,2.05,2.04,2.05,73631
2026-08-31T07:10:00.000Z,2026-08-31T10:10:00,2.05,2.05,2.03,2.04,622225
2026-08-31T07:11:00.000Z,2026-08-31T10:11:00,2.05,2.06,2.05,2.05,1640887
2026-08-31T07:12:00.000Z,2026-08-31T10:12:00,2.06,2.06,2.05,2.06,1335446
2026-08-31T07:13:00.000Z,2026-08-31T10:13:00,2.05,2.06,2.05,2.06,555115
2026-08-31T07:14:00.000Z,2026-08-31T10:14:00,2.06,2.06,2.06,2.06,419765
2026-08-31T07:15:00.000Z,2026-08-31T10:15:00,2.06,2.06,2.06,2.06,114158
2026-08-31T07:16:00.000Z,2026-08-31T10:16:00,2.06,2.06,2.05,2.05,972967
2026-08-31T07:17:00.000Z,2026-08-31T10:17:00,2.04,2.05,2.04,2.04,218949
2026-08-31T07:18:00.000Z,2026-08-31T10:18:00,2.04,2.05,2.04,2.04,161821
2026-08-31T07:19:00.000Z,2026-08-31T10:19:00,2.05,2.05,2.04,2.05,240842
2026-08-31T07:20:00.000Z,2026-08-31T10:20:00,2.04,2.06,2.04,2.06,302310
2026-08-31T07:21:00.000Z,2026-08-31T10:21:00,2.06,2.06,2.05,2.05,770256
2026-08-31T07:22:00.000Z,2026-08-31T10:22:00,2.05,2.05,2.04,2.05,273486
2026-08-31T07:23:00.000Z,2026-08-31T10:23:00,2.05,2.05,2.04,2.05,304650
2026-08-31T07:24:00.000Z,2026-08-31T10:24:00,2.04,2.05,2.04,2.05,458171
2026-08-31T07:25:00.000Z,2026-08-31T10:25:00,2.05,2.05,2.03,2.03,1223356
2026-08-31T07:26:00.000Z,2026-08-31T10:26:00,2.03,2.04,2.02,2.04,214629
2026-08-31T07:27:00.000Z,2026-08-31T10:27:00,2.04,2.04,2.03,2.03,802361
2026-08-31T07:28:00.000Z,2026-08-31T10:28:00,2.04,2.04,2.04,2.04,377825
2026-08-31T07:29:00.000Z,2026-08-31T10:29:00,2.04,2.04,2.03,2.04,228403
2026-08-31T07:30:00.000Z,2026-08-31T10:30:00,2.04,2.04,2.03,2.04,685403
2026-08-31T07:31:00.000Z,2026-08-31T10:31:00,2.03,2.04,2.02,2.04,607722
2026-08-31T07:32:00.000Z,2026-08-31T10:32:00,2.04,2.04,2.02,2.04,26532
2026-08-31T07:33:00.000Z,2026-08-31T10:33:00,2.04,2.04,2.02,2.03,209047
2026-08-31T07:34:00.000Z,2026-08-31T10:34:00,2.03,2.03,2.02,2.03,460066
2026-08-31T07:35:00.000Z,2026-08-31T10:35:00,2.04,2.04,2.03,2.04,16108
2026-08-31T07:36:00.000Z,2026-08-31T10:36:00,2.04,2.04,2.03,2.04,19147
2026-08-31T07:37:00.000Z,2026-08-31T10:37:00,2.04,2.04,2.04,2.04,244772
2026-08-31T07:38:00.000Z,2026-08-31T10:38:00,2.04,2.04,2.04,2.04,1023229
2026-08-31T07:39:00.000Z,2026-08-31T10:39:00,2.03,2.04,2.03,2.04,340715
2026-08-31T07:40:00.000Z,2026-08-31T10:40:00,2.04,2.04,2.03,2.04,1202767
2026-08-31T07:41:00.000Z,2026-08-31T10:41:00,2.04,2.04,2.03,2.04,119404
2026-08-31T07:42:00.000Z,2026-08-31T10:42:00,2.04,2.04,2.03,2.04,211099
2026-08-31T07:43:00.000Z,2026-08-31T10:43:00,2.04,2.04,2.04,2.04,6580
2026-08-31T07:44:00.000Z,2026-08-31T10:44:00,2.04,2.04,2.04,2.04,67540
2026-08-31T07:45:00.000Z,2026-08-31T10:45:00,2.04,2.04,2.03,2.03,21442
2026-08-31T07:46:00.000Z,2026-08-31T10:46:00,2.04,2.04,2.04,2.04,28989
2026-08-31T07:47:00.000Z,2026-08-31T10:47:00,2.04,2.04,2.03,2.04,37505
2026-08-31T07:48:00.000Z,2026-08-31T10:48:00,2.04,2.04,2.03,2.04,25207
2026-08-31T07:49:00.000Z,2026-08-31T10:49:00,2.04,2.04,2.04,2.04,12509
2026-08-31T07:50:00.000Z,2026-08-31T10:50:00,2.04,2.04,2.03,2.03,1650403
2026-08-31T07:51:00.000Z,2026-08-31T10:51:00,2.04,2.04,2.04,2.04,45726
2026-08-31T07:52:00.000Z,2026-08-31T10:52:00,2.03,2.04,2.03,2.04,3611
2026-08-31T07:53:00.000Z,2026-08-31T10:53:00,2.04,2.04,2.04,2.04,49500
2026-08-31T07:54:00.000Z,2026-08-31T10:54:00,2.04,2.04,2.04,2.04,234627
2026-08-31T07:55:00.000Z,2026-08-31T10:55:00,2.04,2.04,2.03,2.04,464332
2026-08-31T07:56:00.000Z,2026-08-31T10:56:00,2.04,2.04,2.03,2.03,14600
2026-08-31T07:57:00.000Z,2026-08-31T10:57:00,2.04,2.04,2.03,2.04,137619
2026-08-31T07:58:00.000Z,2026-08-31T10:58:00,2.04,2.04,2.04,2.04,27744
2026-08-31T07:59:00.000Z,2026-08-31T10:59:00,2.04,2.04,2.03,2.03,12434
2026-08-31T08:00:00.000Z,2026-08-31T11:00:00,2.04,2.04,2.04,2.04,1138
2026-08-31T08:01:00.000Z,2026-08-31T11:01:00,2.04,2.04,2.04,2.04,24590
2026-08-31T08:02:00.000Z,2026-08-31T11:02:00,2.04,2.05,2.03,2.05,510607
2026-08-31T08:03:00.000Z,2026-08-31T11:03:00,2.05,2.05,2.05,2.05,31968
2026-08-31T08:04:00.000Z,2026-08-31T11:04:00,2.04,2.05,2.04,2.05,43561
2026-08-31T08:05:00.000Z,2026-08-31T11:05:00,2.05,2.05,2.05,2.05,287572
2026-08-31T08:06:00.000Z,2026-08-31T11:06:00,2.05,2.05,2.05,2.05,3540327
2026-08-31T08:07:00.000Z,2026-08-31T11:07:00,2.05,2.05,2.05,2.05,238123
2026-08-31T08:08:00.000Z,2026-08-31T11:08:00,2.05,2.05,2.05,2.05,476951
2026-08-31T08:09:00.000Z,2026-08-31T11:09:00,2.05,2.06,2.04,2.06,2203216
2026-08-31T08:10:00.000Z,2026-08-31T11:10:00,2.05,2.06,2.05,2.05,666367
2026-08-31T08:11:00.000Z,2026-08-31T11:11:00,2.05,2.05,2.05,2.05,156586
2026-08-31T08:12:00.000Z,2026-08-31T11:12:00,2.04,2.05,2.04,2.05,48525
2026-08-31T08:13:00.000Z,2026-08-31T11:13:00,2.05,2.05,2.04,2.05,61237
2026-08-31T08:14:00.000Z,2026-08-31T11:14:00,2.05,2.05,2.05,2.05,15070
2026-08-31T08:15:00.000Z,2026-08-31T11:15:00,2.04,2.05,2.04,2.05,90323
2026-08-31T08:16:00.000Z,2026-08-31T11:16:00,2.04,2.05,2.04,2.05,4894
2026-08-31T08:17:00.000Z,2026-08-31T11:17:00,2.05,2.05,2.05,2.05,22738
2026-08-31T08:18:00.000Z,2026-08-31T11:18:00,2.05,2.05,2.05,2.05,20
2026-08-31T08:19:00.000Z,2026-08-31T11:19:00,2.04,2.05,2.04,2.05,327409
2026-08-31T08:20:00.000Z,2026-08-31T11:20:00,2.05,2.05,2.04,2.04,273284
2026-08-31T08:21:00.000Z,2026-08-31T11:21:00,2.04,2.05,2.04,2.05,28832
2026-08-31T08:22:00.000Z,2026-08-31T11:22:00,2.05,2.05,2.05,2.05,25888
2026-08-31T08:23:00.000Z,2026-08-31T11:23:00,2.05,2.05,2.05,2.05,6812
2026-08-31T08:24:00.000Z,2026-08-31T11:24:00,2.04,2.05,2.04,2.04,10759
2026-08-31T08:25:00.000Z,2026-08-31T11:25:00,2.05,2.05,2.05,2.05,319364
2026-08-31T08:26:00.000Z,2026-08-31T11:26:00,2.05,2.05,2.05,2.05,8600
2026-08-31T08:27:00.000Z,2026-08-31T11:27:00,2.05,2.06,2.05,2.06,16569
2026-08-31T08:28:00.000Z,2026-08-31T11:28:00,2.06,2.06,2.06,2.06,181385
2026-08-31T08:29:00.000Z,2026-08-31T11:29:00,2.06,2.06,2.05,2.05,5158
2026-08-31T08:30:00.000Z,2026-08-31T11:30:00,2.05,2.05,2.04,2.04,932082
2026-08-31T08:31:00.000Z,2026-08-31T11:31:00,2.05,2.06,2.05,2.05,908358
2026-08-31T08:32:00.000Z,2026-08-31T11:32:00,2.05,2.05,2.05,2.05,84058
2026-08-31T08:33:00.000Z,2026-08-31T11:33:00,2.05,2.05,2.05,2.05,24950
2026-08-31T08:34:00.000Z,2026-08-31T11:34:00,2.05,2.05,2.05,2.05,9056
2026-08-31T08:35:00.000Z,2026-08-31T11:35:00,2.05,2.05,2.05,2.05,245306
2026-08-31T08:36:00.000Z,2026-08-31T11:36:00,2.05,2.05,2.05,2.05,296009
2026-08-31T08:37:00.000Z,2026-08-31T11:37:00,2.05,2.05,2.04,2.04,118977
2026-08-31T08:38:00.000Z,2026-08-31T11:38:00,2.05,2.05,2.05,2.05,50
2026-08-31T08:39:00.000Z,2026-08-31T11:39:00,2.04,2.05,2.04,2.05,15241
2026-08-31T08:40:00.000Z,2026-08-31T11:40:00,2.05,2.06,2.04,2.05,610364
2026-08-31T08:41:00.000Z,2026-08-31T11:41:00,2.06,2.06,2.04,2.04,99150
2026-08-31T08:42:00.000Z,2026-08-31T11:42:00,2.05,2.05,2.05,2.05,130575
2026-08-31T08:43:00.000Z,2026-08-31T11:43:00,2.05,2.05,2.04,2.05,1316784
2026-08-31T08:44:00.000Z,2026-08-31T11:44:00,2.04,2.05,2.04,2.05,561719
2026-08-31T08:45:00.000Z,2026-08-31T11:45:00,2.05,2.05,2.04,2.05,2021
2026-08-31T08:46:00.000Z,2026-08-31T11:46:00,2.05,2.05,2.05,2.05,671
2026-08-31T08:47:00.000Z,2026-08-31T11:47:00,2.05,2.05,2.05,2.05,3500
2026-08-31T08:48:00.000Z,2026-08-31T11:48:00,2.05,2.05,2.05,2.05,247501
2026-08-31T08:49:00.000Z,2026-08-31T11:49:00,2.05,2.05,2.04,2.05,91078
2026-08-31T08:50:00.000Z,2026-08-31T11:50:00,2.04,2.05,2.04,2.05,35013
2026-08-31T08:51:00.000Z,2026-08-31T11:51:00,2.05,2.05,2.05,2.05,1024
2026-08-31T08:52:00.000Z,2026-08-31T11:52:00,2.05,2.05,2.04,2.05,248208
2026-08-31T08:54:00.000Z,2026-08-31T11:54:00,2.04,2.05,2.04,2.05,11763
2026-08-31T08:55:00.000Z,2026-08-31T11:55:00,2.05,2.05,2.05,2.05,8002
2026-08-31T08:56:00.000Z,2026-08-31T11:56:00,2.05,2.05,2.05,2.05,4901
2026-08-31T08:57:00.000Z,2026-08-31T11:57:00,2.05,2.05,2.04,2.04,15152
2026-08-31T08:58:00.000Z,2026-08-31T11:58:00,2.05,2.05,2.04,2.05,130000
2026-08-31T08:59:00.000Z,2026-08-31T11:59:00,2.05,2.05,2.04,2.04,5697
2026-08-31T09:02:00.000Z,2026-08-31T12:02:00,2.05,2.05,2.05,2.05,2050
2026-08-31T09:03:00.000Z,2026-08-31T12:03:00,2.05,2.05,2.04,2.05,215213
2026-08-31T09:04:00.000Z,2026-08-31T12:04:00,2.05,2.05,2.04,2.04,2849
2026-08-31T09:05:00.000Z,2026-08-31T12:05:00,2.05,2.05,2.05,2.05,679
2026-08-31T09:06:00.000Z,2026-08-31T12:06:00,2.05,2.05,2.05,2.05,3927
2026-08-31T09:07:00.000Z,2026-08-31T12:07:00,2.04,2.05,2.04,2.04,330501
2026-08-31T09:08:00.000Z,2026-08-31T12:08:00,2.05,2.05,2.04,2.04,100085
2026-08-31T09:09:00.000Z,2026-08-31T12:09:00,2.04,2.05,2.04,2.05,37
2026-08-31T09:10:00.000Z,2026-08-31T12:10:00,2.05,2.05,2.05,2.05,28970
2026-08-31T09:11:00.000Z,2026-08-31T12:11:00,2.05,2.05,2.05,2.05,2262
2026-08-31T09:12:00.000Z,2026-08-31T12:12:00,2.05,2.05,2.04,2.05,58500
2026-08-31T09:13:00.000Z,2026-08-31T12:13:00,2.05,2.05,2.04,2.04,6264
2026-08-31T09:14:00.000Z,2026-08-31T12:14:00,2.05,2.05,2.04,2.05,1009315
2026-08-31T09:15:00.000Z,2026-08-31T12:15:00,2.05,2.05,2.04,2.05,24806
2026-08-31T09:16:00.000Z,2026-08-31T12:16:00,2.05,2.05,2.04,2.04,3218606
2026-08-31T09:17:00.000Z,2026-08-31T12:17:00,2.03,2.03,2.03,2.03,1
2026-08-31T09:18:00.000Z,2026-08-31T12:18:00,2.04,2.04,2.03,2.04,2000560
2026-08-31T09:19:00.000Z,2026-08-31T12:19:00,2.03,2.04,2.03,2.03,13012
2026-08-31T09:20:00.000Z,2026-08-31T12:20:00,2.04,2.04,2.03,2.04,987782
2026-08-31T09:21:00.000Z,2026-08-31T12:21:00,2.04,2.04,2.04,2.04,167620
2026-08-31T09:22:00.000Z,2026-08-31T12:22:00,2.03,2.04,2.03,2.04,20492
2026-08-31T09:23:00.000Z,2026-08-31T12:23:00,2.04,2.04,2.03,2.03,750
2026-08-31T09:24:00.000Z,2026-08-31T12:24:00,2.04,2.04,2.03,2.03,557096
2026-08-31T09:25:00.000Z,2026-08-31T12:25:00,2.04,2.04,2.04,2.04,5283
2026-08-31T09:26:00.000Z,2026-08-31T12:26:00,2.04,2.04,2.03,2.03,21963
2026-08-31T09:27:00.000Z,2026-08-31T12:27:00,2.04,2.04,2.03,2.04,53117
2026-08-31T09:28:00.000Z,2026-08-31T12:28:00,2.04,2.04,2.04,2.04,15935
2026-08-31T09:29:00.000Z,2026-08-31T12:29:00,2.04,2.04,2.03,2.03,302752
2026-08-31T09:30:00.000Z,2026-08-31T12:30:00,2.04,2.04,2.04,2.04,3647
2026-08-31T09:31:00.000Z,2026-08-31T12:31:00,2.03,2.04,2.03,2.04,1746
2026-08-31T09:32:00.000Z,2026-08-31T12:32:00,2.04,2.04,2.04,2.04,2830
2026-08-31T09:33:00.000Z,2026-08-31T12:33:00,2.04,2.04,2.03,2.04,1641
2026-08-31T09:34:00.000Z,2026-08-31T12:34:00,2.04,2.04,2.03,2.04,227867
2026-08-31T09:35:00.000Z,2026-08-31T12:35:00,2.03,2.04,2.03,2.03,17039
2026-08-31T09:36:00.000Z,2026-08-31T12:36:00,2.03,2.04,2.03,2.03,1935
2026-08-31T09:37:00.000Z,2026-08-31T12:37:00,2.04,2.04,2.03,2.03,19025
2026-08-31T09:38:00.000Z,2026-08-31T12:38:00,2.04,2.04,2.04,2.04,1059
2026-08-31T09:39:00.000Z,2026-08-31T12:39:00,2.04,2.04,2.03,2.03,6173
2026-08-31T09:40:00.000Z,2026-08-31T12:40:00,2.04,2.04,2.04,2.04,5005
2026-08-31T09:41:00.000Z,2026-08-31T12:41:00,2.04,2.04,2.03,2.04,14471
2026-08-31T09:42:00.000Z,2026-08-31T12:42:00,2.03,2.04,2.03,2.04,28041
2026-08-31T09:43:00.000Z,2026-08-31T12:43:00,2.04,2.04,2.04,2.04,775
2026-08-31T09:44:00.000Z,2026-08-31T12:44:00,2.04,2.04,2.04,2.04,1470
2026-08-31T09:45:00.000Z,2026-08-31T12:45:00,2.04,2.04,2.03,2.04,7515
2026-08-31T09:46:00.000Z,2026-08-31T12:46:00,2.04,2.04,2.04,2.04,33
2026-08-31T09:47:00.000Z,2026-08-31T12:47:00,2.04,2.04,2.04,2.04,5279
2026-08-31T09:48:00.000Z,2026-08-31T12:48:00,2.04,2.04,2.04,2.04,134869
2026-08-31T09:49:00.000Z,2026-08-31T12:49:00,2.04,2.04,2.04,2.04,12450
2026-08-31T09:50:00.000Z,2026-08-31T12:50:00,2.04,2.04,2.04,2.04,3920
2026-08-31T09:51:00.000Z,2026-08-31T12:51:00,2.04,2.04,2.04,2.04,228763
2026-08-31T09:52:00.000Z,2026-08-31T12:52:00,2.04,2.04,2.03,2.03,65047
2026-08-31T09:53:00.000Z,2026-08-31T12:53:00,2.03,2.04,2.03,2.04,13911
2026-08-31T09:54:00.000Z,2026-08-31T12:54:00,2.04,2.04,2.03,2.04,7004
2026-08-31T09:56:00.000Z,2026-08-31T12:56:00,2.04,2.04,2.04,2.04,5
2026-08-31T09:57:00.000Z,2026-08-31T12:57:00,2.04,2.04,2.04,2.04,2509
2026-08-31T09:58:00.000Z,2026-08-31T12:58:00,2.04,2.04,2.04,2.04,15833
2026-08-31T09:59:00.000Z,2026-08-31T12:59:00,2.04,2.04,2.04,2.04,3464
2026-08-31T10:00:00.000Z,2026-08-31T13:00:00,2.04,2.04,2.04,2.04,150
2026-08-31T10:01:00.000Z,2026-08-31T13:01:00,2.04,2.04,2.04,2.04,22466
2026-08-31T10:02:00.000Z,2026-08-31T13:02:00,2.04,2.04,2.03,2.03,107752
2026-08-31T10:03:00.000Z,2026-08-31T13:03:00,2.04,2.04,2.03,2.03,104734
2026-08-31T10:04:00.000Z,2026-08-31T13:04:00,2.03,2.04,2.03,2.04,100580
2026-08-31T10:05:00.000Z,2026-08-31T13:05:00,2.04,2.04,2.03,2.03,18653
2026-08-31T10:06:00.000Z,2026-08-31T13:06:00,2.04,2.04,2.04,2.04,30209
2026-08-31T10:08:00.000Z,2026-08-31T13:08:00,2.03,2.03,2.03,2.03,2551
2026-08-31T10:09:00.000Z,2026-08-31T13:09:00,2.03,2.04,2.03,2.04,192085
2026-08-31T10:10:00.000Z,2026-08-31T13:10:00,2.04,2.04,2.03,2.03,400034
2026-08-31T10:11:00.000Z,2026-08-31T13:11:00,2.04,2.04,2.03,2.04,42950
2026-08-31T10:12:00.000Z,2026-08-31T13:12:00,2.03,2.04,2.03,2.04,1452717
2026-08-31T10:13:00.000Z,2026-08-31T13:13:00,2.04,2.04,2.03,2.03,129000
2026-08-31T10:14:00.000Z,2026-08-31T13:14:00,2.04,2.04,2.03,2.04,30141
2026-08-31T10:15:00.000Z,2026-08-31T13:15:00,2.03,2.04,2.03,2.04,6008
2026-08-31T10:16:00.000Z,2026-08-31T13:16:00,2.03,2.04,2.03,2.04,55898
2026-08-31T10:17:00.000Z,2026-08-31T13:17:00,2.03,2.04,2.03,2.04,22964
2026-08-31T10:18:00.000Z,2026-08-31T13:18:00,2.04,2.04,2.04,2.04,8422
2026-08-31T10:19:00.000Z,2026-08-31T13:19:00,2.03,2.04,2.03,2.04,6511
2026-08-31T10:20:00.000Z,2026-08-31T13:20:00,2.04,2.04,2.04,2.04,4794
2026-08-31T10:21:00.000Z,2026-08-31T13:21:00,2.04,2.04,2.03,2.03,1712
2026-08-31T10:22:00.000Z,2026-08-31T13:22:00,2.04,2.04,2.04,2.04,1704
2026-08-31T10:23:00.000Z,2026-08-31T13:23:00,2.04,2.04,2.03,2.04,327250
2026-08-31T10:24:00.000Z,2026-08-31T13:24:00,2.03,2.04,2.03,2.04,107624
2026-08-31T10:25:00.000Z,2026-08-31T13:25:00,2.04,2.04,2.04,2.04,2219
2026-08-31T10:26:00.000Z,2026-08-31T13:26:00,2.04,2.04,2.03,2.04,66211
2026-08-31T10:27:00.000Z,2026-08-31T13:27:00,2.04,2.04,2.03,2.04,472430
2026-08-31T10:28:00.000Z,2026-08-31T13:28:00,2.03,2.04,2.03,2.04,15005
2026-08-31T10:29:00.000Z,2026-08-31T13:29:00,2.04,2.04,2.03,2.04,325213
2026-08-31T10:30:00.000Z,2026-08-31T13:30:00,2.03,2.04,2.03,2.04,42085
2026-08-31T10:31:00.000Z,2026-08-31T13:31:00,2.04,2.04,2.03,2.04,36264
2026-08-31T10:32:00.000Z,2026-08-31T13:32:00,2.03,2.04,2.03,2.04,42000
2026-08-31T10:33:00.000Z,2026-08-31T13:33:00,2.03,2.04,2.03,2.04,176933
2026-08-31T10:34:00.000Z,2026-08-31T13:34:00,2.04,2.04,2.03,2.04,879089
2026-08-31T10:35:00.000Z,2026-08-31T13:35:00,2.03,2.04,2.03,2.04,4429
2026-08-31T10:36:00.000Z,2026-08-31T13:36:00,2.04,2.04,2.03,2.04,2767
2026-08-31T10:37:00.000Z,2026-08-31T13:37:00,2.04,2.04,2.04,2.04,12190
2026-08-31T10:38:00.000Z,2026-08-31T13:38:00,2.04,2.04,2.03,2.03,608239
2026-08-31T10:39:00.000Z,2026-08-31T13:39:00,2.03,2.04,2.03,2.03,194773
2026-08-31T10:40:00.000Z,2026-08-31T13:40:00,2.04,2.04,2.03,2.03,207404
2026-08-31T10:41:00.000Z,2026-08-31T13:41:00,2.04,2.04,2.04,2.04,594
2026-08-31T10:42:00.000Z,2026-08-31T13:42:00,2.04,2.04,2.03,2.03,28925
2026-08-31T10:43:00.000Z,2026-08-31T13:43:00,2.03,2.04,2.03,2.04,25866
2026-08-31T10:44:00.000Z,2026-08-31T13:44:00,2.03,2.04,2.03,2.03,505041
2026-08-31T10:45:00.000Z,2026-08-31T13:45:00,2.03,2.04,2.03,2.04,436245
2026-08-31T10:46:00.000Z,2026-08-31T13:46:00,2.04,2.04,2.03,2.04,7759
2026-08-31T10:47:00.000Z,2026-08-31T13:47:00,2.04,2.04,2.03,2.03,4393
2026-08-31T10:48:00.000Z,2026-08-31T13:48:00,2.03,2.03,2.03,2.03,28500
2026-08-31T10:49:00.000Z,2026-08-31T13:49:00,2.03,2.03,2.03,2.03,5000
2026-08-31T10:50:00.000Z,2026-08-31T13:50:00,2.04,2.04,2.03,2.03,928
2026-08-31T10:51:00.000Z,2026-08-31T13:51:00,2.04,2.04,2.03,2.03,1011129
2026-08-31T10:52:00.000Z,2026-08-31T13:52:00,2.04,2.04,2.03,2.04,7224
2026-08-31T10:53:00.000Z,2026-08-31T13:53:00,2.04,2.04,2.03,2.03,200510
2026-08-31T10:54:00.000Z,2026-08-31T13:54:00,2.04,2.04,2.04,2.04,4742
2026-08-31T10:55:00.000Z,2026-08-31T13:55:00,2.04,2.04,2.04,2.04,65001
2026-08-31T10:56:00.000Z,2026-08-31T13:56:00,2.04,2.04,2.04,2.04,235952
2026-08-31T10:57:00.000Z,2026-08-31T13:57:00,2.04,2.04,2.03,2.03,10156
2026-08-31T10:58:00.000Z,2026-08-31T13:58:00,2.04,2.04,2.03,2.03,7160
2026-08-31T10:59:00.000Z,2026-08-31T13:59:00,2.03,2.04,2.03,2.04,1664
2026-08-31T11:00:00.000Z,2026-08-31T14:00:00,2.04,2.04,2.03,2.04,3391
2026-08-31T11:01:00.000Z,2026-08-31T14:01:00,2.03,2.03,2.03,2.03,365174
2026-08-31T11:02:00.000Z,2026-08-31T14:02:00,2.03,2.03,2.02,2.02,3044165
2026-08-31T11:03:00.000Z,2026-08-31T14:03:00,2.01,2.03,2.01,2.03,1574806
2026-08-31T11:04:00.000Z,2026-08-31T14:04:00,2.01,2.02,2.01,2.02,16991
2026-08-31T11:05:00.000Z,2026-08-31T14:05:00,2.01,2.02,2.01,2.02,549646
2026-08-31T11:06:00.000Z,2026-08-31T14:06:00,2.01,2.02,2,2.01,3984420
2026-08-31T11:07:00.000Z,2026-08-31T14:07:00,2.01,2.01,2,2.01,516973
2026-08-31T11:08:00.000Z,2026-08-31T14:08:00,2.01,2.01,2,2,462763
2026-08-31T11:09:00.000Z,2026-08-31T14:09:00,2,2,1.99,1.99,468569
2026-08-31T11:10:00.000Z,2026-08-31T14:10:00,2,2,1.99,2,433909
2026-08-31T11:11:00.000Z,2026-08-31T14:11:00,1.99,2,1.99,2,1195466
2026-08-31T11:12:00.000Z,2026-08-31T14:12:00,2,2,1.99,2,2596452
2026-08-31T11:13:00.000Z,2026-08-31T14:13:00,2,2.01,2,2.01,2181694
2026-08-31T11:14:00.000Z,2026-08-31T14:14:00,2.01,2.01,2,2.01,2271945
2026-08-31T11:15:00.000Z,2026-08-31T14:15:00,2.01,2.02,2,2.02,27596
2026-08-31T11:25:00.000Z,2026-08-31T14:25:00,2.02,2.02,2.02,2.02,3584051
2026-08-31T11:26:00.000Z,2026-08-31T14:26:00,2.02,2.02,2.02,2.02,3033420
2026-08-31T11:27:00.000Z,2026-08-31T14:27:00,2.02,2.02,2.02,2.02,225000
2026-09-01T07:00:00.000Z,2026-09-01T10:00:00,2.02,2.03,2.02,2.03,311591
2026-09-01T07:01:00.000Z,2026-09-01T10:01:00,2.03,2.03,2,2,202293
2026-09-01T07:02:00.000Z,2026-09-01T10:02:00,2.01,2.02,2.01,2.01,233343
2026-09-01T07:03:00.000Z,2026-09-01T10:03:00,2.01,2.02,2.01,2.01,107572
2026-09-01T07:04:00.000Z,2026-09-01T10:04:00,2.02,2.02,2.02,2.02,43050
2026-09-01T07:05:00.000Z,2026-09-01T10:05:00,2.02,2.02,2.01,2.01,63595
2026-09-01T07:06:00.000Z,2026-09-01T10:06:00,2.01,2.02,2,2.01,224648
2026-09-01T07:07:00.000Z,2026-09-01T10:07:00,2.01,2.01,2,2.01,256431
2026-09-01T07:08:00.000Z,2026-09-01T10:08:00,2.01,2.02,2.01,2.01,41446
2026-09-01T07:09:00.000Z,2026-09-01T10:09:00,2.01,2.01,2,2.01,125423
2026-09-01T07:10:00.000Z,2026-09-01T10:10:00,2.01,2.01,2,2.01,83985
2026-09-01T07:11:00.000Z,2026-09-01T10:11:00,2.01,2.01,2,2.01,131808
2026-09-01T07:12:00.000Z,2026-09-01T10:12:00,2.01,2.01,2,2,2989
2026-09-01T07:13:00.000Z,2026-09-01T10:13:00,2.01,2.01,2,2.01,136448
2026-09-01T07:14:00.000Z,2026-09-01T10:14:00,2.01,2.01,2.01,2.01,49210
2026-09-01T07:15:00.000Z,2026-09-01T10:15:00,2,2.01,2,2.01,55805
2026-09-01T07:16:00.000Z,2026-09-01T10:16:00,2.01,2.01,2,2.01,44925
2026-09-01T07:17:00.000Z,2026-09-01T10:17:00,2.01,2.01,2,2.01,83041
2026-09-01T07:18:00.000Z,2026-09-01T10:18:00,2,2.01,2,2,70693
2026-09-01T07:19:00.000Z,2026-09-01T10:19:00,2.01,2.01,2,2.01,59455
2026-09-01T07:20:00.000Z,2026-09-01T10:20:00,2.01,2.01,2,2,51084
2026-09-01T07:21:00.000Z,2026-09-01T10:21:00,2.01,2.01,2,2,138795
2026-09-01T07:22:00.000Z,2026-09-01T10:22:00,2.01,2.01,2.01,2.01,14221
2026-09-01T07:23:00.000Z,2026-09-01T10:23:00,2.01,2.01,2,2.01,53152
2026-09-01T07:24:00.000Z,2026-09-01T10:24:00,2,2.01,2,2.01,50937
2026-09-01T07:25:00.000Z,2026-09-01T10:25:00,2,2.01,2,2.01,352804
2026-09-01T07:26:00.000Z,2026-09-01T10:26:00,2,2.02,2,2.01,400664
2026-09-01T07:27:00.000Z,2026-09-01T10:27:00,2.01,2.01,2.01,2.01,65276
2026-09-01T07:28:00.000Z,2026-09-01T10:28:00,2,2.02,2,2.02,653752
2026-09-01T07:29:00.000Z,2026-09-01T10:29:00,2,2.01,2,2.01,33248
2026-09-01T07:30:00.000Z,2026-09-01T10:30:00,2.01,2.01,2,2.01,4082
2026-09-01T07:31:00.000Z,2026-09-01T10:31:00,2.01,2.01,2.01,2.01,3500
2026-09-01T07:32:00.000Z,2026-09-01T10:32:00,2.01,2.01,2,2,21164
2026-09-01T07:33:00.000Z,2026-09-01T10:33:00,2,2.01,1.99,1.99,256045
2026-09-01T07:34:00.000Z,2026-09-01T10:34:00,2.01,2.01,2,2.01,115171
2026-09-01T07:35:00.000Z,2026-09-01T10:35:00,2.01,2.01,2,2,17402
2026-09-01T07:36:00.000Z,2026-09-01T10:36:00,2,2,1.99,2,81699
2026-09-01T07:37:00.000Z,2026-09-01T10:37:00,2,2,1.99,1.99,45445
2026-09-01T07:38:00.000Z,2026-09-01T10:38:00,2,2,1.98,2,534273
2026-09-01T07:39:00.000Z,2026-09-01T10:39:00,2,2,1.99,1.99,234903
2026-09-01T07:40:00.000Z,2026-09-01T10:40:00,1.99,1.99,1.99,1.99,251322
2026-09-01T07:41:00.000Z,2026-09-01T10:41:00,1.98,1.99,1.98,1.99,1112382
2026-09-01T07:42:00.000Z,2026-09-01T10:42:00,1.99,1.99,1.98,1.99,1064573
2026-09-01T07:43:00.000Z,2026-09-01T10:43:00,1.99,2,1.99,1.99,102913
2026-09-01T07:44:00.000Z,2026-09-01T10:44:00,1.99,2,1.99,1.99,149949
2026-09-01T07:45:00.000Z,2026-09-01T10:45:00,2,2,1.99,2,59546
2026-09-01T07:46:00.000Z,2026-09-01T10:46:00,2,2,1.99,1.99,1400
2026-09-01T07:47:00.000Z,2026-09-01T10:47:00,2,2,2,2,7036
2026-09-01T07:48:00.000Z,2026-09-01T10:48:00,1.99,1.99,1.99,1.99,417829
2026-09-01T07:49:00.000Z,2026-09-01T10:49:00,1.99,1.99,1.98,1.99,83214
2026-09-01T07:50:00.000Z,2026-09-01T10:50:00,1.99,1.99,1.98,1.98,43534
2026-09-01T07:51:00.000Z,2026-09-01T10:51:00,1.99,1.99,1.98,1.99,28758
2026-09-01T07:52:00.000Z,2026-09-01T10:52:00,1.98,2,1.98,2,510304
2026-09-01T07:53:00.000Z,2026-09-01T10:53:00,2,2,2,2,41513
2026-09-01T07:54:00.000Z,2026-09-01T10:54:00,2,2,1.99,1.99,6131
2026-09-01T07:55:00.000Z,2026-09-01T10:55:00,2,2,2,2,42139
2026-09-01T07:56:00.000Z,2026-09-01T10:56:00,1.99,2,1.99,1.99,1573
2026-09-01T07:57:00.000Z,2026-09-01T10:57:00,1.99,2,1.99,2,50582
2026-09-01T07:58:00.000Z,2026-09-01T10:58:00,1.99,2,1.99,2,4096
2026-09-01T07:59:00.000Z,2026-09-01T10:59:00,1.99,2,1.99,2,10919
2026-09-01T08:00:00.000Z,2026-09-01T11:00:00,2,2,2,2,67232
2026-09-01T08:01:00.000Z,2026-09-01T11:01:00,2,2,2,2,196782
2026-09-01T08:02:00.000Z,2026-09-01T11:02:00,2,2,1.99,2,56087
2026-09-01T08:03:00.000Z,2026-09-01T11:03:00,2,2,1.99,2,164282
2026-09-01T08:04:00.000Z,2026-09-01T11:04:00,2,2,2,2,68768
2026-09-01T08:05:00.000Z,2026-09-01T11:05:00,2,2,2,2,1781461
2026-09-01T08:06:00.000Z,2026-09-01T11:06:00,2,2.01,2,2,1945540
2026-09-01T08:07:00.000Z,2026-09-01T11:07:00,1.99,2.01,1.99,2.01,849645
2026-09-01T08:08:00.000Z,2026-09-01T11:08:00,2.01,2.02,2.01,2.01,1385042
2026-09-01T08:09:00.000Z,2026-09-01T11:09:00,2.01,2.02,2,2,951920
2026-09-01T08:10:00.000Z,2026-09-01T11:10:00,2,2,2,2,1170
2026-09-01T08:11:00.000Z,2026-09-01T11:11:00,2.01,2.02,2.01,2.01,161089
2026-09-01T08:12:00.000Z,2026-09-01T11:12:00,2.01,2.01,2,2.01,956920
2026-09-01T08:13:00.000Z,2026-09-01T11:13:00,2.02,2.02,2.01,2.02,197490
2026-09-01T08:14:00.000Z,2026-09-01T11:14:00,2.02,2.02,2.02,2.02,1019
2026-09-01T08:15:00.000Z,2026-09-01T11:15:00,2.01,2.02,2.01,2.02,2126384
2026-09-01T08:16:00.000Z,2026-09-01T11:16:00,2.02,2.02,2.02,2.02,67527
2026-09-01T08:17:00.000Z,2026-09-01T11:17:00,2.02,2.02,2.02,2.02,187461
2026-09-01T08:18:00.000Z,2026-09-01T11:18:00,2.01,2.01,2.01,2.01,60602
2026-09-01T08:20:00.000Z,2026-09-01T11:20:00,2.01,2.01,2.01,2.01,160833
2026-09-01T08:21:00.000Z,2026-09-01T11:21:00,2.01,2.01,2.01,2.01,41088
2026-09-01T08:22:00.000Z,2026-09-01T11:22:00,2.01,2.01,2.01,2.01,221153
2026-09-01T08:23:00.000Z,2026-09-01T11:23:00,2.01,2.01,2,2,66631
2026-09-01T08:24:00.000Z,2026-09-01T11:24:00,2.01,2.02,2,2.02,122318
2026-09-01T08:25:00.000Z,2026-09-01T11:25:00,2.02,2.02,2.01,2.01,1550
2026-09-01T08:26:00.000Z,2026-09-01T11:26:00,2.02,2.02,2.01,2.02,159869
2026-09-01T08:27:00.000Z,2026-09-01T11:27:00,2.01,2.01,2.01,2.01,172648
2026-09-01T08:29:00.000Z,2026-09-01T11:29:00,2.01,2.01,2.01,2.01,162919
2026-09-01T08:30:00.000Z,2026-09-01T11:30:00,2.01,2.01,2,2.01,122868
2026-09-01T08:31:00.000Z,2026-09-01T11:31:00,2.01,2.01,2.01,2.01,164270
2026-09-01T08:33:00.000Z,2026-09-01T11:33:00,2.01,2.01,2,2,16851
2026-09-01T08:34:00.000Z,2026-09-01T11:34:00,2,2.01,2,2.01,480921
2026-09-01T08:35:00.000Z,2026-09-01T11:35:00,2.01,2.01,2.01,2.01,348
2026-09-01T08:36:00.000Z,2026-09-01T11:36:00,2.01,2.02,2,2.02,298913
2026-09-01T08:37:00.000Z,2026-09-01T11:37:00,2.02,2.02,2.02,2.02,17129
2026-09-01T08:39:00.000Z,2026-09-01T11:39:00,2.01,2.01,2,2,162772
2026-09-01T08:40:00.000Z,2026-09-01T11:40:00,2,2.01,2,2.01,769
2026-09-01T08:41:00.000Z,2026-09-01T11:41:00,2.01,2.01,2.01,2.01,166741
2026-09-01T08:42:00.000Z,2026-09-01T11:42:00,2.01,2.01,2.01,2.01,4630
2026-09-01T08:43:00.000Z,2026-09-01T11:43:00,2,2.01,2,2.01,175209
2026-09-01T08:44:00.000Z,2026-09-01T11:44:00,2.01,2.01,2.01,2.01,24979
2026-09-01T08:45:00.000Z,2026-09-01T11:45:00,2.01,2.01,2,2,12471
2026-09-01T08:46:00.000Z,2026-09-01T11:46:00,2.01,2.01,2,2,168648
2026-09-01T08:47:00.000Z,2026-09-01T11:47:00,2,2.01,2,2.01,93287
2026-09-01T08:48:00.000Z,2026-09-01T11:48:00,2.01,2.01,2.01,2.01,160272
2026-09-01T08:49:00.000Z,2026-09-01T11:49:00,2.01,2.01,2.01,2.01,450
2026-09-01T08:50:00.000Z,2026-09-01T11:50:00,2.01,2.01,2.01,2.01,189747
2026-09-01T08:51:00.000Z,2026-09-01T11:51:00,2.01,2.01,2.01,2.01,12846
2026-09-01T08:52:00.000Z,2026-09-01T11:52:00,2.01,2.01,2.01,2.01,579
2026-09-01T08:53:00.000Z,2026-09-01T11:53:00,2.01,2.02,2.01,2.02,279875
2026-09-01T08:54:00.000Z,2026-09-01T11:54:00,2.02,2.02,2.02,2.02,46
2026-09-01T08:55:00.000Z,2026-09-01T11:55:00,2.02,2.02,2.02,2.02,51
2026-09-01T08:56:00.000Z,2026-09-01T11:56:00,2.01,2.02,2.01,2.02,163813
2026-09-01T08:57:00.000Z,2026-09-01T11:57:00,2.01,2.01,2.01,2.01,1998
2026-09-01T08:58:00.000Z,2026-09-01T11:58:00,2.02,2.02,2.02,2.02,164695
2026-09-01T08:59:00.000Z,2026-09-01T11:59:00,2.02,2.02,2.02,2.02,2000000
2026-09-01T09:00:00.000Z,2026-09-01T12:00:00,2.01,2.04,2.01,2.04,5571352
2026-09-01T09:01:00.000Z,2026-09-01T12:01:00,2.04,2.04,2.02,2.02,8347
2026-09-01T09:02:00.000Z,2026-09-01T12:02:00,2.02,2.02,2.02,2.02,1020
2026-09-01T09:03:00.000Z,2026-09-01T12:03:00,2.04,2.04,2.04,2.04,168042
2026-09-01T09:04:00.000Z,2026-09-01T12:04:00,2.02,2.04,2.02,2.04,1362
2026-09-01T09:05:00.000Z,2026-09-01T12:05:00,2.04,2.04,2.04,2.04,167770
2026-09-01T09:06:00.000Z,2026-09-01T12:06:00,2.04,2.04,2.04,2.04,4901
2026-09-01T09:07:00.000Z,2026-09-01T12:07:00,2.04,2.04,2.03,2.03,174360
2026-09-01T09:08:00.000Z,2026-09-01T12:08:00,2.03,2.03,2.03,2.03,3
2026-09-01T09:09:00.000Z,2026-09-01T12:09:00,2.03,2.03,2.03,2.03,200000
2026-09-01T09:10:00.000Z,2026-09-01T12:10:00,2.04,2.04,2.04,2.04,14859
2026-09-01T09:11:00.000Z,2026-09-01T12:11:00,2.04,2.04,2.04,2.04,678
2026-09-01T09:13:00.000Z,2026-09-01T12:13:00,2.03,2.03,2.02,2.03,167991
2026-09-01T09:14:00.000Z,2026-09-01T12:14:00,2.03,2.03,2.03,2.03,54530
2026-09-01T09:15:00.000Z,2026-09-01T12:15:00,2.03,2.04,2.03,2.04,109499
2026-09-01T09:16:00.000Z,2026-09-01T12:16:00,2.03,2.03,2.02,2.03,319799
2026-09-01T09:17:00.000Z,2026-09-01T12:17:00,2.03,2.03,2.03,2.03,100
2026-09-01T09:18:00.000Z,2026-09-01T12:18:00,2.04,2.04,2.03,2.04,48344
2026-09-01T09:19:00.000Z,2026-09-01T12:19:00,2.04,2.04,2.04,2.04,158470
2026-09-01T09:20:00.000Z,2026-09-01T12:20:00,2.03,2.04,2.03,2.04,690
2026-09-01T09:21:00.000Z,2026-09-01T12:21:00,2.04,2.04,2.02,2.03,4769
2026-09-01T09:22:00.000Z,2026-09-01T12:22:00,2.04,2.04,2.03,2.04,156870
2026-09-01T09:23:00.000Z,2026-09-01T12:23:00,2.04,2.04,2.04,2.04,1
2026-09-01T09:24:00.000Z,2026-09-01T12:24:00,2.04,2.04,2.04,2.04,160270
2026-09-01T09:25:00.000Z,2026-09-01T12:25:00,2.04,2.04,2.03,2.04,159904
2026-09-01T09:26:00.000Z,2026-09-01T12:26:00,2.04,2.04,2.04,2.04,122705
2026-09-01T09:27:00.000Z,2026-09-01T12:27:00,2.02,2.04,2.02,2.04,1007810
2026-09-01T09:28:00.000Z,2026-09-01T12:28:00,2.03,2.04,2.03,2.04,165700
2026-09-01T09:30:00.000Z,2026-09-01T12:30:00,2.04,2.04,2.04,2.04,7625
2026-09-01T09:31:00.000Z,2026-09-01T12:31:00,2.04,2.04,2.03,2.03,207270
2026-09-01T09:32:00.000Z,2026-09-01T12:32:00,2.03,2.04,2.03,2.04,46261
2026-09-01T09:33:00.000Z,2026-09-01T12:33:00,2.03,2.04,2.03,2.04,165269
2026-09-01T09:34:00.000Z,2026-09-01T12:34:00,2.04,2.04,2.04,2.04,31
2026-09-01T09:35:00.000Z,2026-09-01T12:35:00,2.04,2.04,2.04,2.04,161786
2026-09-01T09:36:00.000Z,2026-09-01T12:36:00,2.04,2.04,2.03,2.03,8634
2026-09-01T09:37:00.000Z,2026-09-01T12:37:00,2.03,2.03,2.03,2.03,219810
2026-09-01T09:38:00.000Z,2026-09-01T12:38:00,2.03,2.04,2.03,2.04,117715
2026-09-01T09:40:00.000Z,2026-09-01T12:40:00,2.03,2.04,2.03,2.04,162372
2026-09-01T09:41:00.000Z,2026-09-01T12:41:00,2.04,2.04,2.04,2.04,347598
2026-09-01T09:42:00.000Z,2026-09-01T12:42:00,2.04,2.04,2.04,2.04,100000
2026-09-01T09:43:00.000Z,2026-09-01T12:43:00,2.05,2.05,2.05,2.05,763
2026-09-01T09:44:00.000Z,2026-09-01T12:44:00,2.05,2.05,2.05,2.05,82514
2026-09-01T09:45:00.000Z,2026-09-01T12:45:00,2.05,2.05,2.04,2.04,162269
2026-09-01T09:47:00.000Z,2026-09-01T12:47:00,2.05,2.05,2.04,2.04,169959
2026-09-01T09:48:00.000Z,2026-09-01T12:48:00,2.05,2.05,2.05,2.05,30076
2026-09-01T09:49:00.000Z,2026-09-01T12:49:00,2.05,2.05,2.04,2.05,350601
2026-09-01T09:50:00.000Z,2026-09-01T12:50:00,2.05,2.05,2.04,2.04,464008
2026-09-01T09:51:00.000Z,2026-09-01T12:51:00,2.05,2.06,2.04,2.05,2405197
2026-09-01T09:52:00.000Z,2026-09-01T12:52:00,2.05,2.06,2.05,2.05,1360242
2026-09-01T09:53:00.000Z,2026-09-01T12:53:00,2.05,2.05,2.04,2.04,259537
2026-09-01T09:54:00.000Z,2026-09-01T12:54:00,2.05,2.05,2.04,2.04,500214
2026-09-01T09:55:00.000Z,2026-09-01T12:55:00,2.04,2.04,2.04,2.04,1746
2026-09-01T09:56:00.000Z,2026-09-01T12:56:00,2.05,2.05,2.05,2.05,36182
2026-09-01T09:57:00.000Z,2026-09-01T12:57:00,2.05,2.05,2.04,2.04,174985
2026-09-01T09:58:00.000Z,2026-09-01T12:58:00,2.05,2.05,2.05,2.05,35260
2026-09-01T09:59:00.000Z,2026-09-01T12:59:00,2.05,2.05,2.05,2.05,785430
2026-09-01T10:00:00.000Z,2026-09-01T13:00:00,2.05,2.06,2.05,2.05,951834
2026-09-01T10:01:00.000Z,2026-09-01T13:01:00,2.05,2.05,2.04,2.04,97241
2026-09-01T10:02:00.000Z,2026-09-01T13:02:00,2.04,2.05,2.04,2.05,2580
2026-09-01T10:03:00.000Z,2026-09-01T13:03:00,2.05,2.05,2.04,2.04,28380
2026-09-01T10:04:00.000Z,2026-09-01T13:04:00,2.05,2.05,2.05,2.05,160269
2026-09-01T10:05:00.000Z,2026-09-01T13:05:00,2.05,2.05,2.04,2.04,124953
2026-09-01T10:06:00.000Z,2026-09-01T13:06:00,2.04,2.04,2.04,2.04,109892
2026-09-01T10:07:00.000Z,2026-09-01T13:07:00,2.05,2.05,2.04,2.05,81501
2026-09-01T10:08:00.000Z,2026-09-01T13:08:00,2.05,2.05,2.04,2.04,6886
2026-09-01T10:09:00.000Z,2026-09-01T13:09:00,2.05,2.05,2.04,2.04,162297
2026-09-01T10:11:00.000Z,2026-09-01T13:11:00,2.04,2.05,2.04,2.05,170643
2026-09-01T10:12:00.000Z,2026-09-01T13:12:00,2.05,2.05,2.03,2.05,153
2026-09-01T10:13:00.000Z,2026-09-01T13:13:00,2.05,2.05,2.05,2.05,160269
2026-09-01T10:14:00.000Z,2026-09-01T13:14:00,2.04,2.05,2.04,2.04,13614
2026-09-01T10:15:00.000Z,2026-09-01T13:15:00,2.05,2.05,2.04,2.05,8144
2026-09-01T10:16:00.000Z,2026-09-01T13:16:00,2.05,2.05,2.05,2.05,149979
2026-09-01T10:17:00.000Z,2026-09-01T13:17:00,2.05,2.05,2.05,2.05,11347
2026-09-01T10:18:00.000Z,2026-09-01T13:18:00,2.04,2.05,2.04,2.05,160844
2026-09-01T10:19:00.000Z,2026-09-01T13:19:00,2.05,2.05,2.05,2.05,707
2026-09-01T10:20:00.000Z,2026-09-01T13:20:00,2.05,2.05,2.05,2.05,117460
2026-09-01T10:21:00.000Z,2026-09-01T13:21:00,2.05,2.05,2.05,2.05,42809
2026-09-01T10:22:00.000Z,2026-09-01T13:22:00,2.04,2.04,2.04,2.04,900
2026-09-01T10:23:00.000Z,2026-09-01T13:23:00,2.05,2.05,2.04,2.04,160274
2026-09-01T10:24:00.000Z,2026-09-01T13:24:00,2.05,2.05,2.04,2.04,4545
2026-09-01T10:25:00.000Z,2026-09-01T13:25:00,2.04,2.05,2.04,2.04,160877
2026-09-01T10:27:00.000Z,2026-09-01T13:27:00,2.05,2.05,2.04,2.05,182618
2026-09-01T10:28:00.000Z,2026-09-01T13:28:00,2.05,2.05,2.04,2.04,3561
2026-09-01T10:29:00.000Z,2026-09-01T13:29:00,2.04,2.04,2.03,2.03,400466
2026-09-01T10:30:00.000Z,2026-09-01T13:30:00,2.03,2.04,2.03,2.03,560269
2026-09-01T10:31:00.000Z,2026-09-01T13:31:00,2.04,2.04,2.03,2.03,2608
2026-09-01T10:32:00.000Z,2026-09-01T13:32:00,2.03,2.04,2.03,2.04,161756
2026-09-01T10:33:00.000Z,2026-09-01T13:33:00,2.04,2.04,2.04,2.04,2258
2026-09-01T10:35:00.000Z,2026-09-01T13:35:00,2.04,2.04,2.04,2.04,163029
2026-09-01T10:36:00.000Z,2026-09-01T13:36:00,2.03,2.04,2.03,2.04,33328
2026-09-01T10:37:00.000Z,2026-09-01T13:37:00,2.03,2.04,2.03,2.04,220056
2026-09-01T10:38:00.000Z,2026-09-01T13:38:00,2.02,2.02,2.02,2.02,87500
2026-09-01T10:39:00.000Z,2026-09-01T13:39:00,2.02,2.02,2.02,2.02,1000
2026-09-01T10:40:00.000Z,2026-09-01T13:40:00,2.04,2.04,2.03,2.04,166851
2026-09-01T10:41:00.000Z,2026-09-01T13:41:00,2.02,2.04,2.02,2.04,16003
2026-09-01T10:42:00.000Z,2026-09-01T13:42:00,2.04,2.04,2.03,2.04,181538
2026-09-01T10:43:00.000Z,2026-09-01T13:43:00,2.04,2.06,2.04,2.05,1101059
2026-09-01T10:44:00.000Z,2026-09-01T13:44:00,2.05,2.06,2.05,2.06,2820149
2026-09-01T10:45:00.000Z,2026-09-01T13:45:00,2.05,2.05,2.04,2.04,279389
2026-09-01T10:46:00.000Z,2026-09-01T13:46:00,2.05,2.05,2.04,2.04,220661
2026-09-01T10:47:00.000Z,2026-09-01T13:47:00,2.04,2.04,2.04,2.04,21628
2026-09-01T10:48:00.000Z,2026-09-01T13:48:00,2.03,2.03,2.03,2.03,5
2026-09-01T10:49:00.000Z,2026-09-01T13:49:00,2.04,2.04,2.03,2.03,165182
2026-09-01T10:50:00.000Z,2026-09-01T13:50:00,2.04,2.04,2.04,2.04,718
2026-09-01T10:51:00.000Z,2026-09-01T13:51:00,2.04,2.05,2.04,2.04,161304
2026-09-01T10:52:00.000Z,2026-09-01T13:52:00,2.04,2.05,2.04,2.04,17823
2026-09-01T10:53:00.000Z,2026-09-01T13:53:00,2.04,2.04,2.04,2.04,152079
2026-09-01T10:54:00.000Z,2026-09-01T13:54:00,2.04,2.04,2.03,2.04,9336
2026-09-01T10:56:00.000Z,2026-09-01T13:56:00,2.04,2.04,2.04,2.04,164156
2026-09-01T10:57:00.000Z,2026-09-01T13:57:00,2.05,2.05,2.04,2.04,3599
2026-09-01T10:58:00.000Z,2026-09-01T13:58:00,2.03,2.04,2.03,2.04,160801
2026-09-01T10:59:00.000Z,2026-09-01T13:59:00,2.04,2.04,2.04,2.04,1000
2026-09-01T11:00:00.000Z,2026-09-01T14:00:00,2.03,2.03,2.03,2.03,2
2026-09-01T11:01:00.000Z,2026-09-01T14:01:00,2.04,2.04,2.03,2.04,190293
2026-09-01T11:02:00.000Z,2026-09-01T14:02:00,2.03,2.04,2.03,2.04,4678
2026-09-01T11:03:00.000Z,2026-09-01T14:03:00,2.04,2.04,2.04,2.04,187773
2026-09-01T11:04:00.000Z,2026-09-01T14:04:00,2.04,2.04,2.04,2.04,4901
2026-09-01T11:05:00.000Z,2026-09-01T14:05:00,2.04,2.04,2.04,2.04,199861
2026-09-01T11:06:00.000Z,2026-09-01T14:06:00,2.04,2.04,2.03,2.03,8244
2026-09-01T11:07:00.000Z,2026-09-01T14:07:00,2.04,2.04,2.04,2.04,53423
2026-09-01T11:08:00.000Z,2026-09-01T14:08:00,2.04,2.04,2.03,2.03,144715
2026-09-01T11:09:00.000Z,2026-09-01T14:09:00,2.03,2.05,2.03,2.03,1494496
2026-09-01T11:10:00.000Z,2026-09-01T14:10:00,2.05,2.05,2.04,2.04,76454
2026-09-01T11:11:00.000Z,2026-09-01T14:11:00,2.03,2.04,2.03,2.03,4454
2026-09-01T11:12:00.000Z,2026-09-01T14:12:00,2.04,2.04,2.03,2.03,68017
2026-09-01T11:13:00.000Z,2026-09-01T14:13:00,2.03,2.03,2.03,2.03,10939
2026-09-01T11:14:00.000Z,2026-09-01T14:14:00,2.03,2.03,2.03,2.03,96562
2026-09-01T11:25:00.000Z,2026-09-01T14:25:00,2.05,2.05,2.05,2.05,2000
2026-09-01T11:26:00.000Z,2026-09-01T14:26:00,2.05,2.05,2.05,2.05,32281
2026-09-01T11:27:00.000Z,2026-09-01T14:27:00,2.05,2.05,2.05,2.05,17000
2026-09-01T11:29:00.000Z,2026-09-01T14:29:00,2.05,2.05,2.05,2.05,726
2026-09-02T07:00:00.000Z,2026-09-02T10:00:00,2.04,2.05,2.04,2.05,67957
2026-09-02T07:01:00.000Z,2026-09-02T10:01:00,2.05,2.05,2.04,2.04,3992
2026-09-02T07:02:00.000Z,2026-09-02T10:02:00,2.04,2.04,2.03,2.03,2657
2026-09-02T07:03:00.000Z,2026-09-02T10:03:00,2.03,2.03,2.02,2.02,169235
2026-09-02T07:04:00.000Z,2026-09-02T10:04:00,2.02,2.03,2.01,2.03,236254
2026-09-02T07:05:00.000Z,2026-09-02T10:05:00,2.03,2.03,2.02,2.03,10429
2026-09-02T07:06:00.000Z,2026-09-02T10:06:00,2.03,2.04,2.03,2.04,207148
2026-09-02T07:07:00.000Z,2026-09-02T10:07:00,2.04,2.04,2.04,2.04,48
2026-09-02T07:08:00.000Z,2026-09-02T10:08:00,2.04,2.04,2.02,2.03,23482
2026-09-02T07:09:00.000Z,2026-09-02T10:09:00,2.03,2.03,2.02,2.03,83852
2026-09-02T07:10:00.000Z,2026-09-02T10:10:00,2.03,2.03,2.02,2.02,179
2026-09-02T07:11:00.000Z,2026-09-02T10:11:00,2.02,2.02,2.02,2.02,54518
2026-09-02T07:12:00.000Z,2026-09-02T10:12:00,2.02,2.02,2.01,2.01,88000
2026-09-02T07:13:00.000Z,2026-09-02T10:13:00,2.02,2.02,2.01,2.02,220236
2026-09-02T07:14:00.000Z,2026-09-02T10:14:00,2.01,2.01,1.99,2,1408064
2026-09-02T07:15:00.000Z,2026-09-02T10:15:00,1.99,2,1.99,1.99,578381
2026-09-02T07:16:00.000Z,2026-09-02T10:16:00,2,2,2,2,110376
2026-09-02T07:17:00.000Z,2026-09-02T10:17:00,2,2.01,2,2.01,261246
2026-09-02T07:18:00.000Z,2026-09-02T10:18:00,2,2.01,1.99,1.99,18390
2026-09-02T07:19:00.000Z,2026-09-02T10:19:00,2,2.01,2,2.01,114191
2026-09-02T07:20:00.000Z,2026-09-02T10:20:00,2.01,2.01,2,2,120781
2026-09-02T07:21:00.000Z,2026-09-02T10:21:00,2,2,2,2,79235
2026-09-02T07:22:00.000Z,2026-09-02T10:22:00,2.01,2.01,2,2,315288
2026-09-02T07:23:00.000Z,2026-09-02T10:23:00,2.01,2.01,2.01,2.01,500
2026-09-02T07:24:00.000Z,2026-09-02T10:24:00,2.01,2.01,2,2,241231
2026-09-02T07:25:00.000Z,2026-09-02T10:25:00,2.01,2.01,2,2.01,468863
2026-09-02T07:26:00.000Z,2026-09-02T10:26:00,2.01,2.01,2.01,2.01,600004
2026-09-02T07:27:00.000Z,2026-09-02T10:27:00,2,2.02,2,2.01,135741
2026-09-02T07:28:00.000Z,2026-09-02T10:28:00,2.02,2.02,2.01,2.02,506373
2026-09-02T07:29:00.000Z,2026-09-02T10:29:00,2.02,2.02,2.02,2.02,17664
2026-09-02T07:30:00.000Z,2026-09-02T10:30:00,2.02,2.02,2.02,2.02,97082
2026-09-02T07:31:00.000Z,2026-09-02T10:31:00,2.02,2.02,2.02,2.02,26775
2026-09-02T07:32:00.000Z,2026-09-02T10:32:00,2.02,2.02,2.01,2.02,604751
2026-09-02T07:33:00.000Z,2026-09-02T10:33:00,2.02,2.02,2.01,2.01,161299
2026-09-02T07:34:00.000Z,2026-09-02T10:34:00,2.01,2.02,2,2.02,1906584
2026-09-02T07:35:00.000Z,2026-09-02T10:35:00,2.02,2.02,2.01,2.01,4596
2026-09-02T07:36:00.000Z,2026-09-02T10:36:00,2.02,2.02,2.01,2.01,4413
2026-09-02T07:37:00.000Z,2026-09-02T10:37:00,2.02,2.02,2.01,2.02,27283
2026-09-02T07:39:00.000Z,2026-09-02T10:39:00,2.02,2.02,2.02,2.02,50456
2026-09-02T07:40:00.000Z,2026-09-02T10:40:00,2.02,2.02,2.01,2.02,4134
2026-09-02T07:41:00.000Z,2026-09-02T10:41:00,2.01,2.01,2.01,2.01,2
2026-09-02T07:42:00.000Z,2026-09-02T10:42:00,2.01,2.01,2.01,2.01,373
2026-09-02T07:43:00.000Z,2026-09-02T10:43:00,2.01,2.02,2,2.02,311284
2026-09-02T07:44:00.000Z,2026-09-02T10:44:00,2.01,2.01,2.01,2.01,109948
2026-09-02T07:45:00.000Z,2026-09-02T10:45:00,2.01,2.01,2.01,2.01,2522
2026-09-02T07:46:00.000Z,2026-09-02T10:46:00,2,2.01,2,2,44437
2026-09-02T07:47:00.000Z,2026-09-02T10:47:00,2.01,2.02,2.01,2.02,20009
2026-09-02T07:48:00.000Z,2026-09-02T10:48:00,2.01,2.02,2.01,2.01,12451
2026-09-02T07:49:00.000Z,2026-09-02T10:49:00,2.02,2.02,2.01,2.02,6522
2026-09-02T07:51:00.000Z,2026-09-02T10:51:00,2.02,2.02,2.02,2.02,110101
2026-09-02T07:52:00.000Z,2026-09-02T10:52:00,2.02,2.02,2.01,2.02,5601
2026-09-02T07:53:00.000Z,2026-09-02T10:53:00,2.02,2.02,2.01,2.02,17569
2026-09-02T07:54:00.000Z,2026-09-02T10:54:00,2.01,2.02,2,2.01,1073898
2026-09-02T07:55:00.000Z,2026-09-02T10:55:00,2.01,2.01,2,2,457001
2026-09-02T07:56:00.000Z,2026-09-02T10:56:00,2.01,2.01,1.99,1.99,4162549
2026-09-02T07:57:00.000Z,2026-09-02T10:57:00,1.98,2,1.98,1.99,244425
2026-09-02T07:58:00.000Z,2026-09-02T10:58:00,1.99,2,1.99,1.99,195817
2026-09-02T07:59:00.000Z,2026-09-02T10:59:00,1.99,2,1.99,2,202582
2026-09-02T08:00:00.000Z,2026-09-02T11:00:00,2,2,1.99,2,83045
2026-09-02T08:01:00.000Z,2026-09-02T11:01:00,2,2,1.99,1.99,324003
2026-09-02T08:02:00.000Z,2026-09-02T11:02:00,1.99,2,1.99,1.99,78072
2026-09-02T08:03:00.000Z,2026-09-02T11:03:00,2,2,1.99,2,934960
2026-09-02T08:04:00.000Z,2026-09-02T11:04:00,2,2,1.99,2,165361
2026-09-02T08:05:00.000Z,2026-09-02T11:05:00,2,2,2,2,602
2026-09-02T08:06:00.000Z,2026-09-02T11:06:00,2,2,1.99,2,34405
2026-09-02T08:07:00.000Z,2026-09-02T11:07:00,1.99,1.99,1.99,1.99,68
2026-09-02T08:08:00.000Z,2026-09-02T11:08:00,2,2,1.99,2,3783
2026-09-02T08:09:00.000Z,2026-09-02T11:09:00,2,2,2,2,5351
2026-09-02T08:10:00.000Z,2026-09-02T11:10:00,2,2,1.99,2,692009
2026-09-02T08:11:00.000Z,2026-09-02T11:11:00,2,2.01,2,2,1039147
2026-09-02T08:12:00.000Z,2026-09-02T11:12:00,2,2.01,2,2,318207
2026-09-02T08:13:00.000Z,2026-09-02T11:13:00,2.01,2.01,2,2,30520
2026-09-02T08:14:00.000Z,2026-09-02T11:14:00,2,2.01,2,2,101986
2026-09-02T08:15:00.000Z,2026-09-02T11:15:00,2,2,2,2,110000
2026-09-02T08:16:00.000Z,2026-09-02T11:16:00,2,2,2,2,7470
2026-09-02T08:17:00.000Z,2026-09-02T11:17:00,2.01,2.01,2,2,105200
2026-09-02T08:18:00.000Z,2026-09-02T11:18:00,2.01,2.01,2.01,2.01,11820
2026-09-02T08:19:00.000Z,2026-09-02T11:19:00,2.01,2.01,2,2,345127
2026-09-02T08:20:00.000Z,2026-09-02T11:20:00,2,2.01,2,2.01,64834
2026-09-02T08:21:00.000Z,2026-09-02T11:21:00,2.01,2.01,2.01,2.01,1176966
2026-09-02T08:23:00.000Z,2026-09-02T11:23:00,2.01,2.01,2.01,2.01,10036
2026-09-02T08:24:00.000Z,2026-09-02T11:24:00,2.01,2.01,2,2.01,251142
2026-09-02T08:25:00.000Z,2026-09-02T11:25:00,2.01,2.01,2,2,9313
2026-09-02T08:26:00.000Z,2026-09-02T11:26:00,2.01,2.01,2,2,3863
2026-09-02T08:27:00.000Z,2026-09-02T11:27:00,2.01,2.01,2,2.01,1591884
2026-09-02T08:28:00.000Z,2026-09-02T11:28:00,2.01,2.01,2,2,11995
2026-09-02T08:29:00.000Z,2026-09-02T11:29:00,2,2.01,2,2.01,10663
2026-09-02T08:30:00.000Z,2026-09-02T11:30:00,2,2,2,2,3399
2026-09-02T08:31:00.000Z,2026-09-02T11:31:00,2.01,2.01,2.01,2.01,40
2026-09-02T08:32:00.000Z,2026-09-02T11:32:00,2,2,2,2,1477
2026-09-02T08:33:00.000Z,2026-09-02T11:33:00,2,2,2,2,2280
2026-09-02T08:34:00.000Z,2026-09-02T11:34:00,2.01,2.01,2.01,2.01,90
2026-09-02T08:35:00.000Z,2026-09-02T11:35:00,2.01,2.01,2.01,2.01,995
2026-09-02T08:36:00.000Z,2026-09-02T11:36:00,2.01,2.01,2.01,2.01,108
2026-09-02T08:37:00.000Z,2026-09-02T11:37:00,2.01,2.01,2.01,2.01,150
2026-09-02T08:39:00.000Z,2026-09-02T11:39:00,2,2,2,2,55286
2026-09-02T08:40:00.000Z,2026-09-02T11:40:00,2,2,2,2,1000
2026-09-02T08:41:00.000Z,2026-09-02T11:41:00,2,2.01,2,2.01,522260
2026-09-02T08:42:00.000Z,2026-09-02T11:42:00,2,2,2,2,150000
2026-09-02T08:43:00.000Z,2026-09-02T11:43:00,2,2,1.99,1.99,24875
2026-09-02T08:44:00.000Z,2026-09-02T11:44:00,2,2,2,2,16792
2026-09-02T08:45:00.000Z,2026-09-02T11:45:00,2,2,2,2,310075
2026-09-02T08:46:00.000Z,2026-09-02T11:46:00,2,2,2,2,2668
2026-09-02T08:47:00.000Z,2026-09-02T11:47:00,2,2,2,2,8691
2026-09-02T08:48:00.000Z,2026-09-02T11:48:00,2,2,2,2,21708
2026-09-02T08:49:00.000Z,2026-09-02T11:49:00,2,2,2,2,53
2026-09-02T08:50:00.000Z,2026-09-02T11:50:00,2,2,2,2,1000
2026-09-02T08:51:00.000Z,2026-09-02T11:51:00,2,2,1.99,1.99,125328
2026-09-02T08:52:00.000Z,2026-09-02T11:52:00,2,2,2,2,3514
2026-09-02T08:53:00.000Z,2026-09-02T11:53:00,2,2,2,2,7483
2026-09-02T08:54:00.000Z,2026-09-02T11:54:00,2,2,1.99,2,1499
2026-09-02T08:55:00.000Z,2026-09-02T11:55:00,2,2,1.99,2,140303
2026-09-02T08:56:00.000Z,2026-09-02T11:56:00,2,2,2,2,12117
2026-09-02T08:57:00.000Z,2026-09-02T11:57:00,2,2,2,2,60299
2026-09-02T08:58:00.000Z,2026-09-02T11:58:00,2,2,1.99,1.99,127978
2026-09-02T08:59:00.000Z,2026-09-02T11:59:00,2,2,2,2,4
2026-09-02T09:00:00.000Z,2026-09-02T12:00:00,2,2,1.99,1.99,8000
2026-09-02T09:01:00.000Z,2026-09-02T12:01:00,2,2,2,2,500
2026-09-02T09:02:00.000Z,2026-09-02T12:02:00,2,2,2,2,544
2026-09-02T09:03:00.000Z,2026-09-02T12:03:00,2,2,2,2,253158
2026-09-02T09:04:00.000Z,2026-09-02T12:04:00,2,2,2,2,282459
2026-09-02T09:05:00.000Z,2026-09-02T12:05:00,2,2,2,2,88
2026-09-02T09:06:00.000Z,2026-09-02T12:06:00,2,2,1.99,1.99,5439
2026-09-02T09:07:00.000Z,2026-09-02T12:07:00,2,2,2,2,1344
2026-09-02T09:08:00.000Z,2026-09-02T12:08:00,1.99,2,1.99,2,297
2026-09-02T09:09:00.000Z,2026-09-02T12:09:00,2,2,1.99,2,15587
2026-09-02T09:10:00.000Z,2026-09-02T12:10:00,1.99,2,1.99,2,288
2026-09-02T09:11:00.000Z,2026-09-02T12:11:00,2,2,1.99,2,52387
2026-09-02T09:12:00.000Z,2026-09-02T12:12:00,2,2,2,2,350800
2026-09-02T09:13:00.000Z,2026-09-02T12:13:00,2,2,1.99,1.99,1495
2026-09-02T09:14:00.000Z,2026-09-02T12:14:00,2,2,2,2,19443
2026-09-02T09:15:00.000Z,2026-09-02T12:15:00,2,2,2,2,4150
2026-09-02T09:16:00.000Z,2026-09-02T12:16:00,2,2,2,2,10013
2026-09-02T09:17:00.000Z,2026-09-02T12:17:00,2,2,1.99,1.99,2461
2026-09-02T09:18:00.000Z,2026-09-02T12:18:00,2,2,2,2,1194167
2026-09-02T09:19:00.000Z,2026-09-02T12:19:00,2,2,1.99,2,3424
2026-09-02T09:20:00.000Z,2026-09-02T12:20:00,2,2,1.99,2,8837
2026-09-02T09:21:00.000Z,2026-09-02T12:21:00,2,2,1.99,1.99,1514
2026-09-02T09:22:00.000Z,2026-09-02T12:22:00,2,2,2,2,29492
2026-09-02T09:23:00.000Z,2026-09-02T12:23:00,2,2,1.99,2,17650
2026-09-02T09:24:00.000Z,2026-09-02T12:24:00,2,2,2,2,22416
2026-09-02T09:25:00.000Z,2026-09-02T12:25:00,2,2,2,2,1320
2026-09-02T09:26:00.000Z,2026-09-02T12:26:00,2,2,1.99,2,209160
2026-09-02T09:27:00.000Z,2026-09-02T12:27:00,2,2,2,2,300
2026-09-02T09:28:00.000Z,2026-09-02T12:28:00,1.99,1.99,1.99,1.99,4201023
2026-09-02T09:29:00.000Z,2026-09-02T12:29:00,1.99,1.99,1.98,1.98,605227
2026-09-02T09:30:00.000Z,2026-09-02T12:30:00,2,2,1.98,1.98,15902
2026-09-02T09:31:00.000Z,2026-09-02T12:31:00,1.99,1.99,1.98,1.98,655305
2026-09-02T09:33:00.000Z,2026-09-02T12:33:00,1.98,2,1.98,2,12688
2026-09-02T09:35:00.000Z,2026-09-02T12:35:00,1.98,2,1.98,2,1218
2026-09-02T09:36:00.000Z,2026-09-02T12:36:00,2,2,2,2,2139
2026-09-02T09:37:00.000Z,2026-09-02T12:37:00,2,2,2,2,1135
2026-09-02T09:39:00.000Z,2026-09-02T12:39:00,1.99,2,1.99,2,980
2026-09-02T09:40:00.000Z,2026-09-02T12:40:00,2,2,2,2,2
2026-09-02T09:41:00.000Z,2026-09-02T12:41:00,1.99,2,1.99,2,16070
2026-09-02T09:42:00.000Z,2026-09-02T12:42:00,2,2,2,2,5000
2026-09-02T09:43:00.000Z,2026-09-02T12:43:00,2,2,2,2,8500
2026-09-02T09:44:00.000Z,2026-09-02T12:44:00,2,2,2,2,5550
2026-09-02T09:45:00.000Z,2026-09-02T12:45:00,2,2,1.98,2,204832
2026-09-02T09:46:00.000Z,2026-09-02T12:46:00,1.98,1.98,1.98,1.98,36000
2026-09-02T09:47:00.000Z,2026-09-02T12:47:00,2,2,1.98,1.99,57115
2026-09-02T09:48:00.000Z,2026-09-02T12:48:00,1.99,1.99,1.98,1.98,2050
2026-09-02T09:49:00.000Z,2026-09-02T12:49:00,1.99,2,1.99,1.99,232637
2026-09-02T09:50:00.000Z,2026-09-02T12:50:00,1.99,1.99,1.99,1.99,82203
2026-09-02T09:51:00.000Z,2026-09-02T12:51:00,1.99,2,1.99,2,321
2026-09-02T09:52:00.000Z,2026-09-02T12:52:00,2,2,2,2,4593
2026-09-02T09:53:00.000Z,2026-09-02T12:53:00,1.99,2,1.99,2,297
2026-09-02T09:54:00.000Z,2026-09-02T12:54:00,1.99,2,1.99,2,45590
2026-09-02T09:55:00.000Z,2026-09-02T12:55:00,1.99,2,1.98,2,8287
2026-09-02T09:56:00.000Z,2026-09-02T12:56:00,2,2,1.99,2,50587
2026-09-02T09:57:00.000Z,2026-09-02T12:57:00,2,2,1.99,1.99,656
2026-09-02T09:58:00.000Z,2026-09-02T12:58:00,2,2,1.99,1.99,21695
2026-09-02T09:59:00.000Z,2026-09-02T12:59:00,2,2,2,2,17655
2026-09-02T10:00:00.000Z,2026-09-02T13:00:00,2,2,2,2,607
2026-09-02T10:01:00.000Z,2026-09-02T13:01:00,1.99,1.99,1.99,1.99,49009
2026-09-02T10:02:00.000Z,2026-09-02T13:02:00,2,2,2,2,3500
2026-09-02T10:03:00.000Z,2026-09-02T13:03:00,1.99,1.99,1.99,1.99,5042
2026-09-02T10:04:00.000Z,2026-09-02T13:04:00,1.99,1.99,1.99,1.99,10000
2026-09-02T10:05:00.000Z,2026-09-02T13:05:00,1.99,1.99,1.99,1.99,131691
2026-09-02T10:06:00.000Z,2026-09-02T13:06:00,2,2,1.99,2,15172
2026-09-02T10:07:00.000Z,2026-09-02T13:07:00,2,2,2,2,51836
2026-09-02T10:08:00.000Z,2026-09-02T13:08:00,2,2,2,2,164
2026-09-02T10:09:00.000Z,2026-09-02T13:09:00,2,2,2,2,69
2026-09-02T10:10:00.000Z,2026-09-02T13:10:00,2,2,1.99,1.99,250015
2026-09-02T10:11:00.000Z,2026-09-02T13:11:00,1.99,1.99,1.99,1.99,782341
2026-09-02T10:12:00.000Z,2026-09-02T13:12:00,1.98,1.99,1.98,1.99,1638
2026-09-02T10:13:00.000Z,2026-09-02T13:13:00,1.99,1.99,1.98,1.98,36925
2026-09-02T10:15:00.000Z,2026-09-02T13:15:00,1.99,2,1.99,1.99,1001164
2026-09-02T10:16:00.000Z,2026-09-02T13:16:00,2,2,2,2,8
2026-09-02T10:17:00.000Z,2026-09-02T13:17:00,1.99,2,1.99,2,10261
2026-09-02T10:18:00.000Z,2026-09-02T13:18:00,1.99,2,1.99,2,250161
2026-09-02T10:20:00.000Z,2026-09-02T13:20:00,2,2,1.99,1.99,2057
2026-09-02T10:22:00.000Z,2026-09-02T13:22:00,2,2,1.99,2,57743
2026-09-02T10:23:00.000Z,2026-09-02T13:23:00,1.99,2,1.99,2,65171
2026-09-02T10:24:00.000Z,2026-09-02T13:24:00,2,2,2,2,6948
2026-09-02T10:25:00.000Z,2026-09-02T13:25:00,2,2,2,2,13268
2026-09-02T10:26:00.000Z,2026-09-02T13:26:00,1.99,2,1.99,2,871
2026-09-02T10:27:00.000Z,2026-09-02T13:27:00,2,2,2,2,437
2026-09-02T10:28:00.000Z,2026-09-02T13:28:00,2,2,2,2,6
2026-09-02T10:29:00.000Z,2026-09-02T13:29:00,1.99,1.99,1.99,1.99,5000
2026-09-02T10:30:00.000Z,2026-09-02T13:30:00,1.99,1.99,1.99,1.99,13506
2026-09-02T10:31:00.000Z,2026-09-02T13:31:00,2,2,1.99,1.99,12636
2026-09-02T10:32:00.000Z,2026-09-02T13:32:00,2,2,1.99,1.99,16950
2026-09-02T10:33:00.000Z,2026-09-02T13:33:00,2,2,1.99,1.99,1303
2026-09-02T10:34:00.000Z,2026-09-02T13:34:00,2,2,2,2,5000
2026-09-02T10:35:00.000Z,2026-09-02T13:35:00,2,2,2,2,122
2026-09-02T10:36:00.000Z,2026-09-02T13:36:00,2,2,2,2,4667
2026-09-02T10:37:00.000Z,2026-09-02T13:37:00,1.99,2,1.99,2,30072
2026-09-02T10:38:00.000Z,2026-09-02T13:38:00,2,2,2,2,502
2026-09-02T10:39:00.000Z,2026-09-02T13:39:00,2,2,2,2,180
2026-09-02T10:40:00.000Z,2026-09-02T13:40:00,2,2,2,2,1001750
2026-09-02T10:41:00.000Z,2026-09-02T13:41:00,1.99,2,1.99,2,4202
2026-09-02T10:42:00.000Z,2026-09-02T13:42:00,2,2,2,2,4953
2026-09-02T10:43:00.000Z,2026-09-02T13:43:00,2,2,1.99,1.99,313597
2026-09-02T10:44:00.000Z,2026-09-02T13:44:00,2,2,2,2,669
2026-09-02T10:46:00.000Z,2026-09-02T13:46:00,2,2,2,2,119
2026-09-02T10:47:00.000Z,2026-09-02T13:47:00,2,2,1.99,1.99,14780
2026-09-02T10:48:00.000Z,2026-09-02T13:48:00,2,2,2,2,62296
2026-09-02T10:49:00.000Z,2026-09-02T13:49:00,1.99,2,1.99,2,45095
2026-09-02T10:50:00.000Z,2026-09-02T13:50:00,2,2,2,2,90
2026-09-02T10:51:00.000Z,2026-09-02T13:51:00,2,2,2,2,1050
2026-09-02T10:52:00.000Z,2026-09-02T13:52:00,1.99,2,1.99,2,2033116
2026-09-02T10:53:00.000Z,2026-09-02T13:53:00,2,2,2,2,7751
2026-09-02T10:54:00.000Z,2026-09-02T13:54:00,2,2,1.99,1.99,80000
2026-09-02T10:55:00.000Z,2026-09-02T13:55:00,2,2,2,2,1281
2026-09-02T10:56:00.000Z,2026-09-02T13:56:00,1.99,2,1.99,2,50481
2026-09-02T10:57:00.000Z,2026-09-02T13:57:00,2,2,1.99,2,85700
2026-09-02T10:58:00.000Z,2026-09-02T13:58:00,2,2.01,2,2.01,11736
2026-09-02T10:59:00.000Z,2026-09-02T13:59:00,2,2,2,2,4735
2026-09-02T11:00:00.000Z,2026-09-02T14:00:00,2.01,2.01,2.01,2.01,50
2026-09-02T11:01:00.000Z,2026-09-02T14:01:00,2,2,2,2,638
2026-09-02T11:02:00.000Z,2026-09-02T14:02:00,2,2,2,2,466527
2026-09-02T11:03:00.000Z,2026-09-02T14:03:00,2.01,2.01,2.01,2.01,229824
2026-09-02T11:04:00.000Z,2026-09-02T14:04:00,2.01,2.01,2,2,5107
2026-09-02T11:05:00.000Z,2026-09-02T14:05:00,2.01,2.01,2,2.01,17985
2026-09-02T11:06:00.000Z,2026-09-02T14:06:00,2.01,2.01,2.01,2.01,120
2026-09-02T11:07:00.000Z,2026-09-02T14:07:00,2,2.01,2,2.01,1007760
2026-09-02T11:08:00.000Z,2026-09-02T14:08:00,2,2,2,2,41804
2026-09-02T11:09:00.000Z,2026-09-02T14:09:00,2.01,2.01,2,2,500500
2026-09-02T11:10:00.000Z,2026-09-02T14:10:00,2,2,2,2,11374
2026-09-02T11:11:00.000Z,2026-09-02T14:11:00,2.01,2.01,2.01,2.01,141000
2026-09-02T11:12:00.000Z,2026-09-02T14:12:00,2.01,2.02,2.01,2.01,610838
2026-09-02T11:13:00.000Z,2026-09-02T14:13:00,2,2,2,2,707
2026-09-02T11:25:00.000Z,2026-09-02T14:25:00,2,2,2,2,1343400
2026-09-02T11:27:00.000Z,2026-09-02T14:27:00,2,2,2,2,500000
2026-09-02T11:29:00.000Z,2026-09-02T14:29:00,2,2,2,2,20000
2026-09-03T07:01:00.000Z,2026-09-03T10:01:00,2,2.01,2,2.01,110565
2026-09-03T07:02:00.000Z,2026-09-03T10:02:00,2.01,2.01,2,2,66561
2026-09-03T07:03:00.000Z,2026-09-03T10:03:00,2.01,2.01,2.01,2.01,7500
2026-09-03T07:04:00.000Z,2026-09-03T10:04:00,2.01,2.01,2.01,2.01,8500
2026-09-03T07:05:00.000Z,2026-09-03T10:05:00,2.01,2.01,1.99,1.99,49263
2026-09-03T07:06:00.000Z,2026-09-03T10:06:00,2,2.01,2,2.01,4065
2026-09-03T07:07:00.000Z,2026-09-03T10:07:00,2,2.01,2,2.01,130004
2026-09-03T07:08:00.000Z,2026-09-03T10:08:00,2,2.01,2,2,12961
2026-09-03T07:09:00.000Z,2026-09-03T10:09:00,2,2.01,2,2.01,105538
2026-09-03T07:10:00.000Z,2026-09-03T10:10:00,2,2.01,2,2,33683
2026-09-03T07:11:00.000Z,2026-09-03T10:11:00,2,2.01,2,2,24731
2026-09-03T07:12:00.000Z,2026-09-03T10:12:00,2,2,2,2,158565
2026-09-03T07:13:00.000Z,2026-09-03T10:13:00,2,2.02,2,2.02,745484
2026-09-03T07:14:00.000Z,2026-09-03T10:14:00,2.01,2.01,2.01,2.01,500
2026-09-03T07:15:00.000Z,2026-09-03T10:15:00,2.02,2.02,2.01,2.01,1073
2026-09-03T07:16:00.000Z,2026-09-03T10:16:00,2.02,2.02,2.01,2.01,3540
2026-09-03T07:17:00.000Z,2026-09-03T10:17:00,2.02,2.02,2.01,2.02,5014
2026-09-03T07:19:00.000Z,2026-09-03T10:19:00,2.02,2.02,2.01,2.01,452797
2026-09-03T07:20:00.000Z,2026-09-03T10:20:00,2.01,2.01,2,2.01,25431
2026-09-03T07:21:00.000Z,2026-09-03T10:21:00,2,2.01,2,2.01,61842
2026-09-03T07:22:00.000Z,2026-09-03T10:22:00,2,2,2,2,8288
2026-09-03T07:23:00.000Z,2026-09-03T10:23:00,2.01,2.01,2,2.01,19860
2026-09-03T07:24:00.000Z,2026-09-03T10:24:00,2.01,2.01,2,2.01,116370
2026-09-03T07:25:00.000Z,2026-09-03T10:25:00,2,2,2,2,2800
2026-09-03T07:26:00.000Z,2026-09-03T10:26:00,2.01,2.01,2.01,2.01,32000
2026-09-03T07:27:00.000Z,2026-09-03T10:27:00,2.01,2.01,2.01,2.01,21156
2026-09-03T07:28:00.000Z,2026-09-03T10:28:00,2.01,2.01,2,2,282457
2026-09-03T07:29:00.000Z,2026-09-03T10:29:00,2,2.01,2,2.01,46746
2026-09-03T07:30:00.000Z,2026-09-03T10:30:00,2.01,2.01,2,2,1163431
2026-09-03T07:31:00.000Z,2026-09-03T10:31:00,2,2,2,2,9000
2026-09-03T07:32:00.000Z,2026-09-03T10:32:00,2,2,2,2,153127
2026-09-03T07:34:00.000Z,2026-09-03T10:34:00,2,2,2,2,3241
2026-09-03T07:35:00.000Z,2026-09-03T10:35:00,2.01,2.01,2,2.01,5941
2026-09-03T07:36:00.000Z,2026-09-03T10:36:00,2,2.01,2,2.01,1745
2026-09-03T07:37:00.000Z,2026-09-03T10:37:00,2.01,2.01,2,2.01,13615
2026-09-03T07:38:00.000Z,2026-09-03T10:38:00,2,2,2,2,4698
2026-09-03T07:39:00.000Z,2026-09-03T10:39:00,2,2.01,2,2.01,92105
2026-09-03T07:40:00.000Z,2026-09-03T10:40:00,2.01,2.01,2,2,11038
2026-09-03T07:41:00.000Z,2026-09-03T10:41:00,2.01,2.01,2,2,5558
2026-09-03T07:42:00.000Z,2026-09-03T10:42:00,2.01,2.01,2,2.01,1127287
2026-09-03T07:43:00.000Z,2026-09-03T10:43:00,2,2.01,2,2.01,927523
2026-09-03T07:45:00.000Z,2026-09-03T10:45:00,2,2,2,2,28405
2026-09-03T07:46:00.000Z,2026-09-03T10:46:00,2,2,2,2,100
2026-09-03T07:47:00.000Z,2026-09-03T10:47:00,2.02,2.02,2,2,11778
2026-09-03T07:48:00.000Z,2026-09-03T10:48:00,2.01,2.02,2,2,24234
2026-09-03T07:49:00.000Z,2026-09-03T10:49:00,2.02,2.02,2.02,2.02,15000
2026-09-03T07:50:00.000Z,2026-09-03T10:50:00,2,2.01,2,2.01,2360
2026-09-03T07:51:00.000Z,2026-09-03T10:51:00,2.02,2.02,2.02,2.02,2639
2026-09-03T07:52:00.000Z,2026-09-03T10:52:00,2.02,2.02,2.02,2.02,11488
2026-09-03T07:53:00.000Z,2026-09-03T10:53:00,2.01,2.01,2.01,2.01,1000
2026-09-03T07:54:00.000Z,2026-09-03T10:54:00,2.01,2.02,2.01,2.02,53510
2026-09-03T07:55:00.000Z,2026-09-03T10:55:00,2.02,2.02,2.02,2.02,2909506
2026-09-03T07:56:00.000Z,2026-09-03T10:56:00,2.03,2.03,2.03,2.03,4207
2026-09-03T07:57:00.000Z,2026-09-03T10:57:00,2.03,2.03,2.02,2.03,2014117
2026-09-03T07:58:00.000Z,2026-09-03T10:58:00,2.03,2.03,2.01,2.02,2450470
2026-09-03T07:59:00.000Z,2026-09-03T10:59:00,2.02,2.03,2.02,2.02,501993
2026-09-03T08:00:00.000Z,2026-09-03T11:00:00,2.02,2.02,2.02,2.02,268873
2026-09-03T08:01:00.000Z,2026-09-03T11:01:00,2.02,2.02,2.02,2.02,66
2026-09-03T08:02:00.000Z,2026-09-03T11:02:00,2.02,2.02,2.01,2.02,13425
2026-09-03T08:03:00.000Z,2026-09-03T11:03:00,2.01,2.02,2.01,2.02,363332
2026-09-03T08:04:00.000Z,2026-09-03T11:04:00,2.02,2.02,2.02,2.02,3
2026-09-03T08:06:00.000Z,2026-09-03T11:06:00,2.02,2.02,2.01,2.01,1764
2026-09-03T08:08:00.000Z,2026-09-03T11:08:00,2.02,2.02,2.01,2.01,1785
2026-09-03T08:09:00.000Z,2026-09-03T11:09:00,2.01,2.02,2.01,2.02,1140
2026-09-03T08:10:00.000Z,2026-09-03T11:10:00,2.02,2.02,2.02,2.02,5000
2026-09-03T08:11:00.000Z,2026-09-03T11:11:00,2.01,2.02,2.01,2.02,27
2026-09-03T08:12:00.000Z,2026-09-03T11:12:00,2.02,2.02,2.02,2.02,50000
2026-09-03T08:13:00.000Z,2026-09-03T11:13:00,2.02,2.02,2.02,2.02,570
2026-09-03T08:14:00.000Z,2026-09-03T11:14:00,2.02,2.02,2.02,2.02,122180
2026-09-03T08:15:00.000Z,2026-09-03T11:15:00,2.02,2.02,2.02,2.02,400
2026-09-03T08:16:00.000Z,2026-09-03T11:16:00,2.02,2.02,2.01,2.02,3435
2026-09-03T08:18:00.000Z,2026-09-03T11:18:00,2.02,2.02,2.02,2.02,250000
2026-09-03T08:19:00.000Z,2026-09-03T11:19:00,2.02,2.02,2.02,2.02,100000
2026-09-03T08:20:00.000Z,2026-09-03T11:20:00,2.01,2.01,2.01,2.01,1
2026-09-03T08:21:00.000Z,2026-09-03T11:21:00,2.02,2.02,2.02,2.02,831
2026-09-03T08:22:00.000Z,2026-09-03T11:22:00,2.02,2.02,2.02,2.02,71
2026-09-03T08:23:00.000Z,2026-09-03T11:23:00,2.01,2.02,2.01,2.02,13051
2026-09-03T08:25:00.000Z,2026-09-03T11:25:00,2.01,2.01,2.01,2.01,9
2026-09-03T08:26:00.000Z,2026-09-03T11:26:00,2.01,2.01,2.01,2.01,41
2026-09-03T08:27:00.000Z,2026-09-03T11:27:00,2.01,2.01,2.01,2.01,50500
2026-09-03T08:28:00.000Z,2026-09-03T11:28:00,2.01,2.01,2.01,2.01,352000
2026-09-03T08:29:00.000Z,2026-09-03T11:29:00,2.01,2.01,2.01,2.01,600
2026-09-03T08:30:00.000Z,2026-09-03T11:30:00,2.02,2.02,2.02,2.02,1000
2026-09-03T08:31:00.000Z,2026-09-03T11:31:00,2.02,2.02,2.02,2.02,5000
2026-09-03T08:32:00.000Z,2026-09-03T11:32:00,2.02,2.02,2.02,2.02,550
2026-09-03T08:33:00.000Z,2026-09-03T11:33:00,2.02,2.02,2.02,2.02,362
2026-09-03T08:34:00.000Z,2026-09-03T11:34:00,2.02,2.02,2.01,2.02,26383
2026-09-03T08:35:00.000Z,2026-09-03T11:35:00,2.02,2.02,2.02,2.02,350
2026-09-03T08:36:00.000Z,2026-09-03T11:36:00,2.02,2.02,2.02,2.02,7430
2026-09-03T08:37:00.000Z,2026-09-03T11:37:00,2.02,2.02,2.02,2.02,8641
2026-09-03T08:38:00.000Z,2026-09-03T11:38:00,2.01,2.02,2.01,2.02,254
2026-09-03T08:39:00.000Z,2026-09-03T11:39:00,2.02,2.02,2.01,2.01,3673
2026-09-03T08:40:00.000Z,2026-09-03T11:40:00,2.01,2.01,2.01,2.01,5563
2026-09-03T08:42:00.000Z,2026-09-03T11:42:00,2.01,2.01,2.01,2.01,1001
2026-09-03T08:43:00.000Z,2026-09-03T11:43:00,2.02,2.02,2.02,2.02,484
2026-09-03T08:44:00.000Z,2026-09-03T11:44:00,2.01,2.01,2.01,2.01,245
2026-09-03T08:45:00.000Z,2026-09-03T11:45:00,2.02,2.02,2.01,2.02,10141
2026-09-03T08:46:00.000Z,2026-09-03T11:46:00,2.01,2.02,2.01,2.02,13399
2026-09-03T08:48:00.000Z,2026-09-03T11:48:00,2.01,2.02,2.01,2.01,1061
2026-09-03T08:49:00.000Z,2026-09-03T11:49:00,2.01,2.02,2.01,2.02,3568
2026-09-03T08:50:00.000Z,2026-09-03T11:50:00,2.01,2.02,2.01,2.02,5147
2026-09-03T08:51:00.000Z,2026-09-03T11:51:00,2.01,2.02,2.01,2.01,200710
2026-09-03T08:52:00.000Z,2026-09-03T11:52:00,2.02,2.02,2.02,2.02,4370
2026-09-03T08:53:00.000Z,2026-09-03T11:53:00,2.01,2.01,2.01,2.01,611
2026-09-03T08:54:00.000Z,2026-09-03T11:54:00,2.02,2.02,2.02,2.02,798
2026-09-03T08:55:00.000Z,2026-09-03T11:55:00,2.01,2.02,2.01,2.02,80874
2026-09-03T08:56:00.000Z,2026-09-03T11:56:00,2.02,2.02,2.02,2.02,27
2026-09-03T08:57:00.000Z,2026-09-03T11:57:00,2.02,2.02,2.01,2.02,6519
2026-09-03T08:58:00.000Z,2026-09-03T11:58:00,2.02,2.02,2.02,2.02,23
2026-09-03T08:59:00.000Z,2026-09-03T11:59:00,2.02,2.02,2.02,2.02,34067
2026-09-03T09:00:00.000Z,2026-09-03T12:00:00,2.02,2.02,2.02,2.02,497
2026-09-03T09:01:00.000Z,2026-09-03T12:01:00,2.02,2.02,2.02,2.02,5475
2026-09-03T09:03:00.000Z,2026-09-03T12:03:00,2.02,2.02,2.01,2.01,15256
2026-09-03T09:05:00.000Z,2026-09-03T12:05:00,2.01,2.02,2.01,2.02,2903
2026-09-03T09:06:00.000Z,2026-09-03T12:06:00,2.01,2.01,2.01,2.01,50000
2026-09-03T09:07:00.000Z,2026-09-03T12:07:00,2.01,2.02,2.01,2.01,55450
2026-09-03T09:08:00.000Z,2026-09-03T12:08:00,2.02,2.02,2.02,2.02,9950
2026-09-03T09:09:00.000Z,2026-09-03T12:09:00,2.01,2.01,2.01,2.01,27136
2026-09-03T09:10:00.000Z,2026-09-03T12:10:00,2.01,2.01,2.01,2.01,40534
2026-09-03T09:11:00.000Z,2026-09-03T12:11:00,2.02,2.02,2.01,2.01,37155
2026-09-03T09:12:00.000Z,2026-09-03T12:12:00,2.01,2.02,2.01,2.01,32430
2026-09-03T09:13:00.000Z,2026-09-03T12:13:00,2.01,2.01,2.01,2.01,1009
2026-09-03T09:14:00.000Z,2026-09-03T12:14:00,2.01,2.01,2.01,2.01,27704
2026-09-03T09:15:00.000Z,2026-09-03T12:15:00,2.01,2.02,2.01,2.02,1546081
2026-09-03T09:17:00.000Z,2026-09-03T12:17:00,2.01,2.02,2.01,2.01,25291
2026-09-03T09:18:00.000Z,2026-09-03T12:18:00,2.02,2.02,2.02,2.02,2055
2026-09-03T09:19:00.000Z,2026-09-03T12:19:00,2.01,2.01,2.01,2.01,12000
2026-09-03T09:20:00.000Z,2026-09-03T12:20:00,2.02,2.02,2.01,2.01,1837
2026-09-03T09:21:00.000Z,2026-09-03T12:21:00,2.01,2.02,2.01,2.02,200100
2026-09-03T09:22:00.000Z,2026-09-03T12:22:00,2.02,2.02,2.01,2.02,80496
2026-09-03T09:23:00.000Z,2026-09-03T12:23:00,2.02,2.02,2.01,2.01,28537
2026-09-03T09:25:00.000Z,2026-09-03T12:25:00,2.02,2.02,2.02,2.02,54050
2026-09-03T09:26:00.000Z,2026-09-03T12:26:00,2.02,2.02,2.02,2.02,5337
2026-09-03T09:27:00.000Z,2026-09-03T12:27:00,2.01,2.01,2.01,2.01,280857
2026-09-03T09:28:00.000Z,2026-09-03T12:28:00,2.01,2.01,2,2,45213
2026-09-03T09:29:00.000Z,2026-09-03T12:29:00,2.02,2.02,2.02,2.02,783
2026-09-03T09:30:00.000Z,2026-09-03T12:30:00,2.01,2.01,2.01,2.01,100
2026-09-03T09:32:00.000Z,2026-09-03T12:32:00,2,2.01,2,2.01,2416
2026-09-03T09:33:00.000Z,2026-09-03T12:33:00,2.01,2.01,2,2,430742
2026-09-03T09:34:00.000Z,2026-09-03T12:34:00,2,2.01,2,2.01,2860
2026-09-03T09:35:00.000Z,2026-09-03T12:35:00,2.01,2.01,2.01,2.01,39
2026-09-03T09:36:00.000Z,2026-09-03T12:36:00,2,2.01,2,2.01,126217
2026-09-03T09:37:00.000Z,2026-09-03T12:37:00,2.01,2.01,2,2,16004
2026-09-03T09:41:00.000Z,2026-09-03T12:41:00,2.01,2.01,2,2,548
2026-09-03T09:42:00.000Z,2026-09-03T12:42:00,2.01,2.01,2,2.01,51647
2026-09-03T09:43:00.000Z,2026-09-03T12:43:00,2.01,2.01,2.01,2.01,5023
2026-09-03T09:44:00.000Z,2026-09-03T12:44:00,2,2.01,2,2.01,15927
2026-09-03T09:45:00.000Z,2026-09-03T12:45:00,2.01,2.01,2,2,59772
2026-09-03T09:46:00.000Z,2026-09-03T12:46:00,2,2.01,2,2.01,98108
2026-09-03T09:47:00.000Z,2026-09-03T12:47:00,2,2.01,2,2.01,16318
2026-09-03T09:48:00.000Z,2026-09-03T12:48:00,2.01,2.01,2.01,2.01,3320
2026-09-03T09:49:00.000Z,2026-09-03T12:49:00,2.01,2.01,2,2.01,455
2026-09-03T09:51:00.000Z,2026-09-03T12:51:00,2.01,2.01,2,2,17432
2026-09-03T09:52:00.000Z,2026-09-03T12:52:00,2,2.01,2,2.01,9873
2026-09-03T09:53:00.000Z,2026-09-03T12:53:00,2.01,2.01,2.01,2.01,9750
2026-09-03T09:54:00.000Z,2026-09-03T12:54:00,2.01,2.01,2.01,2.01,1000
2026-09-03T09:55:00.000Z,2026-09-03T12:55:00,2,2.01,2,2,27398
2026-09-03T09:56:00.000Z,2026-09-03T12:56:00,2,2,2,2,3244
2026-09-03T09:57:00.000Z,2026-09-03T12:57:00,2,2,2,2,850
2026-09-03T09:58:00.000Z,2026-09-03T12:58:00,2.01,2.01,2.01,2.01,850
2026-09-03T09:59:00.000Z,2026-09-03T12:59:00,2,2.01,2,2.01,1176
2026-09-03T10:00:00.000Z,2026-09-03T13:00:00,2,2.01,2,2.01,10472
2026-09-03T10:01:00.000Z,2026-09-03T13:01:00,2.01,2.01,2.01,2.01,292
2026-09-03T10:02:00.000Z,2026-09-03T13:02:00,2.01,2.01,2.01,2.01,31689
2026-09-03T10:03:00.000Z,2026-09-03T13:03:00,2.01,2.01,2.01,2.01,4
2026-09-03T10:04:00.000Z,2026-09-03T13:04:00,2.01,2.01,2.01,2.01,31
2026-09-03T10:05:00.000Z,2026-09-03T13:05:00,2,2,2,2,30
2026-09-03T10:09:00.000Z,2026-09-03T13:09:00,2.01,2.01,2.01,2.01,750
2026-09-03T10:10:00.000Z,2026-09-03T13:10:00,2.01,2.01,2,2,2794542
2026-09-03T10:11:00.000Z,2026-09-03T13:11:00,2,2,2,2,105691
2026-09-03T10:12:00.000Z,2026-09-03T13:12:00,2,2,2,2,140582
2026-09-03T10:13:00.000Z,2026-09-03T13:13:00,2,2.01,2,2.01,1949
2026-09-03T10:14:00.000Z,2026-09-03T13:14:00,2,2,2,2,342278
2026-09-03T10:15:00.000Z,2026-09-03T13:15:00,2,2,2,2,14510
2026-09-03T10:16:00.000Z,2026-09-03T13:16:00,2,2,2,2,1699266
2026-09-03T10:17:00.000Z,2026-09-03T13:17:00,2,2,1.99,1.99,15783
2026-09-03T10:18:00.000Z,2026-09-03T13:18:00,2,2,2,2,153285
2026-09-03T10:19:00.000Z,2026-09-03T13:19:00,2,2,1.99,1.99,7479
2026-09-03T10:20:00.000Z,2026-09-03T13:20:00,2,2,2,2,1002512
2026-09-03T10:21:00.000Z,2026-09-03T13:21:00,1.99,2,1.99,2,945
2026-09-03T10:22:00.000Z,2026-09-03T13:22:00,2,2,2,2,100
2026-09-03T10:23:00.000Z,2026-09-03T13:23:00,1.99,2,1.99,1.99,103989
2026-09-03T10:24:00.000Z,2026-09-03T13:24:00,2,2,2,2,750725
2026-09-03T10:25:00.000Z,2026-09-03T13:25:00,2,2,2,2,214198
2026-09-03T10:26:00.000Z,2026-09-03T13:26:00,2,2,2,2,621072
2026-09-03T10:27:00.000Z,2026-09-03T13:27:00,1.99,1.99,1.99,1.99,10000
2026-09-03T10:28:00.000Z,2026-09-03T13:28:00,1.99,2,1.99,2,4500
2026-09-03T10:29:00.000Z,2026-09-03T13:29:00,1.99,2,1.99,2,124434
2026-09-03T10:30:00.000Z,2026-09-03T13:30:00,2,2,1.99,2,571748
2026-09-03T10:31:00.000Z,2026-09-03T13:31:00,2,2,2,2,112
2026-09-03T10:32:00.000Z,2026-09-03T13:32:00,1.99,2,1.99,2,501011
2026-09-03T10:33:00.000Z,2026-09-03T13:33:00,2,2,1.99,2,251602
2026-09-03T10:34:00.000Z,2026-09-03T13:34:00,1.99,1.99,1.99,1.99,8750
2026-09-03T10:35:00.000Z,2026-09-03T13:35:00,2,2,1.99,2,11649
2026-09-03T10:36:00.000Z,2026-09-03T13:36:00,2,2,1.99,2,6125
2026-09-03T10:37:00.000Z,2026-09-03T13:37:00,2,2.01,2,2.01,477717
2026-09-03T10:38:00.000Z,2026-09-03T13:38:00,2.01,2.01,2.01,2.01,491
2026-09-03T10:40:00.000Z,2026-09-03T13:40:00,2.01,2.01,2.01,2.01,11
2026-09-03T10:41:00.000Z,2026-09-03T13:41:00,2.01,2.01,2.01,2.01,351
2026-09-03T10:42:00.000Z,2026-09-03T13:42:00,2.01,2.01,2.01,2.01,26
2026-09-03T10:43:00.000Z,2026-09-03T13:43:00,2.01,2.01,2.01,2.01,32
2026-09-03T10:44:00.000Z,2026-09-03T13:44:00,2.01,2.01,2.01,2.01,16092
2026-09-03T10:45:00.000Z,2026-09-03T13:45:00,2.01,2.01,2,2.01,442
2026-09-03T10:46:00.000Z,2026-09-03T13:46:00,2,2.01,2,2,91788
2026-09-03T10:47:00.000Z,2026-09-03T13:47:00,2.01,2.01,2.01,2.01,891950
2026-09-03T10:48:00.000Z,2026-09-03T13:48:00,2.01,2.02,2.01,2.02,175290
2026-09-03T10:50:00.000Z,2026-09-03T13:50:00,2.02,2.02,2.01,2.01,51644
2026-09-03T10:52:00.000Z,2026-09-03T13:52:00,2.02,2.02,2.02,2.02,100
2026-09-03T10:53:00.000Z,2026-09-03T13:53:00,2.01,2.01,2.01,2.01,5704
2026-09-03T10:54:00.000Z,2026-09-03T13:54:00,2.02,2.02,2.01,2.02,201110
2026-09-03T10:55:00.000Z,2026-09-03T13:55:00,2.02,2.02,2.02,2.02,19
2026-09-03T10:56:00.000Z,2026-09-03T13:56:00,2.02,2.02,2.02,2.02,180521
2026-09-03T10:57:00.000Z,2026-09-03T13:57:00,2.02,2.02,2.01,2.01,404418
2026-09-03T10:58:00.000Z,2026-09-03T13:58:00,2.02,2.02,2.02,2.02,1780
2026-09-03T10:59:00.000Z,2026-09-03T13:59:00,2.01,2.02,2.01,2.02,21903
2026-09-03T11:00:00.000Z,2026-09-03T14:00:00,2.02,2.02,2.01,2.01,401299
2026-09-03T11:01:00.000Z,2026-09-03T14:01:00,2.02,2.02,2.02,2.02,51
2026-09-03T11:02:00.000Z,2026-09-03T14:02:00,2.02,2.02,2.02,2.02,1224
2026-09-03T11:03:00.000Z,2026-09-03T14:03:00,2.02,2.02,2.02,2.02,130000
2026-09-03T11:04:00.000Z,2026-09-03T14:04:00,2.02,2.02,2.02,2.02,47759
2026-09-03T11:05:00.000Z,2026-09-03T14:05:00,2.02,2.03,2.02,2.03,1023186
2026-09-03T11:06:00.000Z,2026-09-03T14:06:00,2.02,2.03,2.02,2.03,1793
2026-09-03T11:07:00.000Z,2026-09-03T14:07:00,2.03,2.03,2.02,2.02,2000
2026-09-03T11:08:00.000Z,2026-09-03T14:08:00,2.02,2.03,2.02,2.03,77592
2026-09-03T11:09:00.000Z,2026-09-03T14:09:00,2.02,2.02,2.02,2.02,121200
2026-09-03T11:10:00.000Z,2026-09-03T14:10:00,2.02,2.02,2.02,2.02,150000
2026-09-03T11:11:00.000Z,2026-09-03T14:11:00,2.02,2.04,2.02,2.03,2495000
2026-09-03T11:12:00.000Z,2026-09-03T14:12:00,2.03,2.04,2.02,2.04,2100957
2026-09-03T11:13:00.000Z,2026-09-03T14:13:00,2.04,2.04,2.02,2.02,250430
2026-09-03T11:14:00.000Z,2026-09-03T14:14:00,2.03,2.05,2.03,2.04,1062215
2026-09-03T11:25:00.000Z,2026-09-03T14:25:00,2.04,2.04,2.04,2.04,470350
2026-09-03T11:28:00.000Z,2026-09-03T14:28:00,2.04,2.04,2.04,2.04,6280
2026-09-03T11:29:00.000Z,2026-09-03T14:29:00,2.04,2.04,2.04,2.04,20020
2026-09-06T07:00:00.000Z,2026-09-06T10:00:00,2.05,2.05,2.03,2.03,711585
2026-09-06T07:01:00.000Z,2026-09-06T10:01:00,2.04,2.04,2.03,2.03,103737
2026-09-06T07:02:00.000Z,2026-09-06T10:02:00,2.03,2.03,2.03,2.03,59504
2026-09-06T07:03:00.000Z,2026-09-06T10:03:00,2.04,2.04,2.04,2.04,12910
2026-09-06T07:04:00.000Z,2026-09-06T10:04:00,2.04,2.04,2.03,2.04,47364
2026-09-06T07:05:00.000Z,2026-09-06T10:05:00,2.03,2.04,2.03,2.04,102744
2026-09-06T07:06:00.000Z,2026-09-06T10:06:00,2.03,2.04,2.03,2.04,18374
2026-09-06T07:07:00.000Z,2026-09-06T10:07:00,2.03,2.04,2.03,2.04,106504
2026-09-06T07:08:00.000Z,2026-09-06T10:08:00,2.04,2.04,2.03,2.04,1140
2026-09-06T07:09:00.000Z,2026-09-06T10:09:00,2.03,2.04,2.03,2.04,27958
2026-09-06T07:10:00.000Z,2026-09-06T10:10:00,2.04,2.04,2.03,2.03,30020
2026-09-06T07:11:00.000Z,2026-09-06T10:11:00,2.04,2.04,2.03,2.03,2948
2026-09-06T07:12:00.000Z,2026-09-06T10:12:00,2.04,2.04,2.03,2.03,153065
2026-09-06T07:13:00.000Z,2026-09-06T10:13:00,2.03,2.03,2.03,2.03,52132
2026-09-06T07:14:00.000Z,2026-09-06T10:14:00,2.04,2.04,2.03,2.03,6165
2026-09-06T07:15:00.000Z,2026-09-06T10:15:00,2.04,2.05,2.03,2.05,475631
2026-09-06T07:16:00.000Z,2026-09-06T10:16:00,2.04,2.05,2.04,2.04,7010
2026-09-06T07:17:00.000Z,2026-09-06T10:17:00,2.05,2.05,2.03,2.04,315784
2026-09-06T07:18:00.000Z,2026-09-06T10:18:00,2.04,2.04,2.03,2.04,518058
2026-09-06T07:19:00.000Z,2026-09-06T10:19:00,2.04,2.04,2.03,2.04,100537
2026-09-06T07:21:00.000Z,2026-09-06T10:21:00,2.03,2.04,2.03,2.04,18374
2026-09-06T07:22:00.000Z,2026-09-06T10:22:00,2.04,2.04,2.04,2.04,3398
2026-09-06T07:23:00.000Z,2026-09-06T10:23:00,2.03,2.04,2.02,2.02,141899
2026-09-06T07:24:00.000Z,2026-09-06T10:24:00,2.02,2.02,2.02,2.02,3142
2026-09-06T07:25:00.000Z,2026-09-06T10:25:00,2.03,2.04,2.03,2.04,17014
2026-09-06T07:26:00.000Z,2026-09-06T10:26:00,2.04,2.04,2.03,2.03,6190
2026-09-06T07:27:00.000Z,2026-09-06T10:27:00,2.04,2.04,2.02,2.03,497930
2026-09-06T07:28:00.000Z,2026-09-06T10:28:00,2.03,2.04,2.03,2.04,523995
2026-09-06T07:29:00.000Z,2026-09-06T10:29:00,2.03,2.04,2.03,2.03,1457
2026-09-06T07:30:00.000Z,2026-09-06T10:30:00,2.04,2.04,2.04,2.04,9372
2026-09-06T07:31:00.000Z,2026-09-06T10:31:00,2.03,2.04,2.03,2.03,31971
2026-09-06T07:32:00.000Z,2026-09-06T10:32:00,2.03,2.03,2.03,2.03,6826
2026-09-06T07:33:00.000Z,2026-09-06T10:33:00,2.03,2.04,2.03,2.03,26294
2026-09-06T07:34:00.000Z,2026-09-06T10:34:00,2.03,2.04,2.03,2.04,538406
2026-09-06T07:35:00.000Z,2026-09-06T10:35:00,2.04,2.04,2.03,2.04,5894
2026-09-06T07:36:00.000Z,2026-09-06T10:36:00,2.03,2.03,2.03,2.03,132
2026-09-06T07:37:00.000Z,2026-09-06T10:37:00,2.03,2.04,2.03,2.03,57312
2026-09-06T07:38:00.000Z,2026-09-06T10:38:00,2.03,2.04,2.03,2.03,52273
2026-09-06T07:39:00.000Z,2026-09-06T10:39:00,2.03,2.04,2.02,2.04,35355
2026-09-06T07:40:00.000Z,2026-09-06T10:40:00,2.04,2.04,2.02,2.02,3433
2026-09-06T07:41:00.000Z,2026-09-06T10:41:00,2.04,2.04,2.03,2.03,5977
2026-09-06T07:42:00.000Z,2026-09-06T10:42:00,2.03,2.03,2.03,2.03,16099
2026-09-06T07:43:00.000Z,2026-09-06T10:43:00,2.03,2.03,2.03,2.03,9537
2026-09-06T07:44:00.000Z,2026-09-06T10:44:00,2.03,2.03,2.03,2.03,496
2026-09-06T07:45:00.000Z,2026-09-06T10:45:00,2.03,2.03,2.02,2.03,2509
2026-09-06T07:46:00.000Z,2026-09-06T10:46:00,2.03,2.03,2.03,2.03,4413
2026-09-06T07:47:00.000Z,2026-09-06T10:47:00,2.03,2.03,2.03,2.03,251
2026-09-06T07:48:00.000Z,2026-09-06T10:48:00,2.03,2.03,2.02,2.02,1152
2026-09-06T07:49:00.000Z,2026-09-06T10:49:00,2.03,2.03,2.02,2.03,65579
2026-09-06T07:50:00.000Z,2026-09-06T10:50:00,2.03,2.03,2.02,2.03,264350
2026-09-06T07:51:00.000Z,2026-09-06T10:51:00,2.02,2.03,2.02,2.02,515077
2026-09-06T07:52:00.000Z,2026-09-06T10:52:00,2.03,2.03,2.02,2.02,98298
2026-09-06T07:53:00.000Z,2026-09-06T10:53:00,2.03,2.03,2.02,2.02,50003
2026-09-06T07:54:00.000Z,2026-09-06T10:54:00,2.03,2.03,2.02,2.02,63000
2026-09-06T07:55:00.000Z,2026-09-06T10:55:00,2.03,2.03,2.03,2.03,2583
2026-09-06T07:56:00.000Z,2026-09-06T10:56:00,2.02,2.03,2.02,2.02,20320
2026-09-06T07:57:00.000Z,2026-09-06T10:57:00,2.02,2.03,2.02,2.02,78435
2026-09-06T07:58:00.000Z,2026-09-06T10:58:00,2.03,2.03,2.03,2.03,1065
2026-09-06T07:59:00.000Z,2026-09-06T10:59:00,2.02,2.02,2.02,2.02,30158
2026-09-06T08:00:00.000Z,2026-09-06T11:00:00,2.03,2.03,2.02,2.03,11148
2026-09-06T08:01:00.000Z,2026-09-06T11:01:00,2.02,2.03,2.02,2.02,75984
2026-09-06T08:02:00.000Z,2026-09-06T11:02:00,2.03,2.03,2.03,2.03,5004
2026-09-06T08:03:00.000Z,2026-09-06T11:03:00,2.03,2.03,2.02,2.03,16446
2026-09-06T08:04:00.000Z,2026-09-06T11:04:00,2.03,2.03,2.02,2.02,112812
2026-09-06T08:05:00.000Z,2026-09-06T11:05:00,2.03,2.03,2.03,2.03,447
2026-09-06T08:07:00.000Z,2026-09-06T11:07:00,2.03,2.03,2.02,2.02,5141
2026-09-06T08:08:00.000Z,2026-09-06T11:08:00,2.03,2.03,2.03,2.03,6848
2026-09-06T08:09:00.000Z,2026-09-06T11:09:00,2.03,2.03,2.03,2.03,3000
2026-09-06T08:10:00.000Z,2026-09-06T11:10:00,2.03,2.03,2.03,2.03,13838
2026-09-06T08:12:00.000Z,2026-09-06T11:12:00,2.02,2.02,2.02,2.02,2
2026-09-06T08:13:00.000Z,2026-09-06T11:13:00,2.02,2.02,2.02,2.02,20000
2026-09-06T08:14:00.000Z,2026-09-06T11:14:00,2.02,2.03,2.02,2.03,25022
2026-09-06T08:15:00.000Z,2026-09-06T11:15:00,2.03,2.03,2.02,2.03,75956
2026-09-06T08:16:00.000Z,2026-09-06T11:16:00,2.03,2.03,2.02,2.03,6277
2026-09-06T08:17:00.000Z,2026-09-06T11:17:00,2.03,2.03,2.02,2.02,1603
2026-09-06T08:18:00.000Z,2026-09-06T11:18:00,2.03,2.03,2.02,2.03,996735
2026-09-06T08:19:00.000Z,2026-09-06T11:19:00,2.03,2.04,2.03,2.04,4298
2026-09-06T08:20:00.000Z,2026-09-06T11:20:00,2.03,2.03,2.03,2.03,7697
2026-09-06T08:21:00.000Z,2026-09-06T11:21:00,2.03,2.03,2.03,2.03,46337
2026-09-06T08:23:00.000Z,2026-09-06T11:23:00,2.02,2.03,2.02,2.03,25050
2026-09-06T08:25:00.000Z,2026-09-06T11:25:00,2.03,2.03,2.02,2.03,153
2026-09-06T08:26:00.000Z,2026-09-06T11:26:00,2.02,2.02,2.02,2.02,5
2026-09-06T08:27:00.000Z,2026-09-06T11:27:00,2.03,2.03,2.02,2.02,7054
2026-09-06T08:28:00.000Z,2026-09-06T11:28:00,2.02,2.02,2.02,2.02,150000
2026-09-06T08:29:00.000Z,2026-09-06T11:29:00,2.03,2.03,2.02,2.02,501466
2026-09-06T08:31:00.000Z,2026-09-06T11:31:00,2.03,2.03,2.03,2.03,4010
2026-09-06T08:32:00.000Z,2026-09-06T11:32:00,2.03,2.03,2.02,2.03,3164
2026-09-06T08:33:00.000Z,2026-09-06T11:33:00,2.03,2.03,2.02,2.02,16716
2026-09-06T08:34:00.000Z,2026-09-06T11:34:00,2.03,2.04,2.03,2.04,426032
2026-09-06T08:35:00.000Z,2026-09-06T11:35:00,2.04,2.04,2.03,2.03,10113
2026-09-06T08:36:00.000Z,2026-09-06T11:36:00,2.03,2.03,2.03,2.03,114332
2026-09-06T08:37:00.000Z,2026-09-06T11:37:00,2.03,2.03,2.03,2.03,250
2026-09-06T08:38:00.000Z,2026-09-06T11:38:00,2.03,2.03,2.03,2.03,5000
2026-09-06T08:39:00.000Z,2026-09-06T11:39:00,2.02,2.03,2.02,2.03,161586
2026-09-06T08:40:00.000Z,2026-09-06T11:40:00,2.03,2.03,2.03,2.03,12103
2026-09-06T08:43:00.000Z,2026-09-06T11:43:00,2.03,2.04,2.03,2.04,306615
2026-09-06T08:44:00.000Z,2026-09-06T11:44:00,2.03,2.03,2.03,2.03,24000
2026-09-06T08:45:00.000Z,2026-09-06T11:45:00,2.04,2.04,2.04,2.04,10000
2026-09-06T08:46:00.000Z,2026-09-06T11:46:00,2.03,2.04,2.03,2.04,2969
2026-09-06T08:48:00.000Z,2026-09-06T11:48:00,2.03,2.03,2.03,2.03,2236
2026-09-06T08:49:00.000Z,2026-09-06T11:49:00,2.04,2.04,2.04,2.04,7790
2026-09-06T08:50:00.000Z,2026-09-06T11:50:00,2.04,2.04,2.03,2.03,25004
2026-09-06T08:52:00.000Z,2026-09-06T11:52:00,2.03,2.04,2.03,2.04,25107
2026-09-06T08:53:00.000Z,2026-09-06T11:53:00,2.04,2.04,2.03,2.04,44753
2026-09-06T08:54:00.000Z,2026-09-06T11:54:00,2.04,2.04,2.03,2.03,25567
2026-09-06T08:55:00.000Z,2026-09-06T11:55:00,2.04,2.04,2.03,2.03,587
2026-09-06T08:56:00.000Z,2026-09-06T11:56:00,2.03,2.03,2.03,2.03,1263
2026-09-06T08:57:00.000Z,2026-09-06T11:57:00,2.04,2.04,2.03,2.03,792
2026-09-06T08:58:00.000Z,2026-09-06T11:58:00,2.03,2.03,2.03,2.03,10000
2026-09-06T08:59:00.000Z,2026-09-06T11:59:00,2.03,2.03,2.03,2.03,530799
2026-09-06T09:00:00.000Z,2026-09-06T12:00:00,2.04,2.04,2.03,2.04,13528
2026-09-06T09:01:00.000Z,2026-09-06T12:01:00,2.03,2.04,2.03,2.03,110916
2026-09-06T09:02:00.000Z,2026-09-06T12:02:00,2.04,2.04,2.03,2.03,1180
2026-09-06T09:03:00.000Z,2026-09-06T12:03:00,2.04,2.04,2.03,2.03,186389
2026-09-06T09:04:00.000Z,2026-09-06T12:04:00,2.03,2.03,2.03,2.03,18431
2026-09-06T09:05:00.000Z,2026-09-06T12:05:00,2.03,2.03,2.03,2.03,20709
2026-09-06T09:06:00.000Z,2026-09-06T12:06:00,2.02,2.02,2.02,2.02,500
2026-09-06T09:07:00.000Z,2026-09-06T12:07:00,2.02,2.03,2.02,2.03,2700
2026-09-06T09:08:00.000Z,2026-09-06T12:08:00,2.02,2.02,2.02,2.02,110
2026-09-06T09:09:00.000Z,2026-09-06T12:09:00,2.03,2.03,2.02,2.02,2190
2026-09-06T09:10:00.000Z,2026-09-06T12:10:00,2.03,2.03,2.02,2.02,31000
2026-09-06T09:11:00.000Z,2026-09-06T12:11:00,2.03,2.03,2.03,2.03,473
2026-09-06T09:12:00.000Z,2026-09-06T12:12:00,2.02,2.02,2.02,2.02,140
2026-09-06T09:13:00.000Z,2026-09-06T12:13:00,2.03,2.03,2.03,2.03,100
2026-09-06T09:14:00.000Z,2026-09-06T12:14:00,2.03,2.03,2.03,2.03,5004
2026-09-06T09:15:00.000Z,2026-09-06T12:15:00,2.02,2.03,2.02,2.03,12157
2026-09-06T09:16:00.000Z,2026-09-06T12:16:00,2.03,2.03,2.02,2.02,10507
2026-09-06T09:17:00.000Z,2026-09-06T12:17:00,2.03,2.03,2.03,2.03,2988
2026-09-06T09:18:00.000Z,2026-09-06T12:18:00,2.03,2.03,2.03,2.03,10000
2026-09-06T09:19:00.000Z,2026-09-06T12:19:00,2.02,2.03,2.02,2.02,7254
2026-09-06T09:20:00.000Z,2026-09-06T12:20:00,2.03,2.03,2.03,2.03,864
2026-09-06T09:21:00.000Z,2026-09-06T12:21:00,2.02,2.03,2.02,2.03,25706
2026-09-06T09:23:00.000Z,2026-09-06T12:23:00,2.03,2.03,2.02,2.02,635
2026-09-06T09:24:00.000Z,2026-09-06T12:24:00,2.03,2.03,2.03,2.03,8910
2026-09-06T09:25:00.000Z,2026-09-06T12:25:00,2.03,2.03,2.03,2.03,9866
2026-09-06T09:26:00.000Z,2026-09-06T12:26:00,2.03,2.03,2.02,2.03,497
2026-09-06T09:27:00.000Z,2026-09-06T12:27:00,2.03,2.03,2.03,2.03,34841
2026-09-06T09:28:00.000Z,2026-09-06T12:28:00,2.03,2.03,2.03,2.03,78
2026-09-06T09:29:00.000Z,2026-09-06T12:29:00,2.03,2.03,2.03,2.03,334
2026-09-06T09:30:00.000Z,2026-09-06T12:30:00,2.03,2.03,2.03,2.03,2678
2026-09-06T09:31:00.000Z,2026-09-06T12:31:00,2.03,2.03,2.02,2.03,10926
2026-09-06T09:32:00.000Z,2026-09-06T12:32:00,2.03,2.03,2.03,2.03,650
2026-09-06T09:33:00.000Z,2026-09-06T12:33:00,2.02,2.03,2.02,2.03,4046
2026-09-06T09:34:00.000Z,2026-09-06T12:34:00,2.03,2.03,2.03,2.03,3480
2026-09-06T09:35:00.000Z,2026-09-06T12:35:00,2.03,2.03,2.02,2.02,1480
2026-09-06T09:36:00.000Z,2026-09-06T12:36:00,2.03,2.03,2.03,2.03,2114
2026-09-06T09:37:00.000Z,2026-09-06T12:37:00,2.02,2.03,2.02,2.03,2069
2026-09-06T09:38:00.000Z,2026-09-06T12:38:00,2.03,2.03,2.03,2.03,160036
2026-09-06T09:39:00.000Z,2026-09-06T12:39:00,2.03,2.03,2.02,2.02,98208
2026-09-06T09:40:00.000Z,2026-09-06T12:40:00,2.02,2.03,2.02,2.03,12688
2026-09-06T09:41:00.000Z,2026-09-06T12:41:00,2.02,2.03,2.02,2.02,15492
2026-09-06T09:43:00.000Z,2026-09-06T12:43:00,2.03,2.03,2.02,2.02,593
2026-09-06T09:44:00.000Z,2026-09-06T12:44:00,2.03,2.03,2.02,2.02,326
2026-09-06T09:45:00.000Z,2026-09-06T12:45:00,2.02,2.03,2.02,2.02,501
2026-09-06T09:46:00.000Z,2026-09-06T12:46:00,2.02,2.03,2.02,2.03,10585
2026-09-06T09:47:00.000Z,2026-09-06T12:47:00,2.02,2.03,2.02,2.03,18479
2026-09-06T09:48:00.000Z,2026-09-06T12:48:00,2.03,2.03,2.02,2.03,13591
2026-09-06T09:49:00.000Z,2026-09-06T12:49:00,2.03,2.03,2.03,2.03,30
2026-09-06T09:50:00.000Z,2026-09-06T12:50:00,2.02,2.03,2.02,2.03,1655
2026-09-06T09:51:00.000Z,2026-09-06T12:51:00,2.03,2.03,2.03,2.03,23774
2026-09-06T09:54:00.000Z,2026-09-06T12:54:00,2.03,2.03,2.03,2.03,1006
2026-09-06T09:55:00.000Z,2026-09-06T12:55:00,2.02,2.02,2.02,2.02,1788581
2026-09-06T09:56:00.000Z,2026-09-06T12:56:00,2.02,2.02,2.02,2.02,100
2026-09-06T09:57:00.000Z,2026-09-06T12:57:00,2.02,2.03,2.02,2.03,282820
2026-09-06T09:58:00.000Z,2026-09-06T12:58:00,2.03,2.03,2.02,2.02,4240
2026-09-06T09:59:00.000Z,2026-09-06T12:59:00,2.02,2.02,2.02,2.02,100
2026-09-06T10:00:00.000Z,2026-09-06T13:00:00,2.03,2.03,2.03,2.03,1210
2026-09-06T10:01:00.000Z,2026-09-06T13:01:00,2.02,2.03,2.02,2.02,4398
2026-09-06T10:04:00.000Z,2026-09-06T13:04:00,2.03,2.03,2.03,2.03,23
2026-09-06T10:05:00.000Z,2026-09-06T13:05:00,2.03,2.03,2.02,2.02,5639
2026-09-06T10:06:00.000Z,2026-09-06T13:06:00,2.02,2.03,2.02,2.03,187830
2026-09-06T10:07:00.000Z,2026-09-06T13:07:00,2.02,2.03,2.02,2.02,187348
2026-09-06T10:08:00.000Z,2026-09-06T13:08:00,2.02,2.02,2.02,2.02,300222
2026-09-06T10:09:00.000Z,2026-09-06T13:09:00,2.02,2.02,2.02,2.02,141
2026-09-06T10:10:00.000Z,2026-09-06T13:10:00,2.02,2.02,2.02,2.02,19236
2026-09-06T10:11:00.000Z,2026-09-06T13:11:00,2.02,2.02,2.02,2.02,603
2026-09-06T10:12:00.000Z,2026-09-06T13:12:00,2.02,2.02,2.02,2.02,5032
2026-09-06T10:13:00.000Z,2026-09-06T13:13:00,2.02,2.02,2.02,2.02,300
2026-09-06T10:14:00.000Z,2026-09-06T13:14:00,2.01,2.02,2.01,2.02,396199
2026-09-06T10:15:00.000Z,2026-09-06T13:15:00,2.02,2.03,2.02,2.02,418442
2026-09-06T10:16:00.000Z,2026-09-06T13:16:00,2.02,2.02,2.01,2.02,74912
2026-09-06T10:17:00.000Z,2026-09-06T13:17:00,2.02,2.02,2.01,2.01,305200
2026-09-06T10:18:00.000Z,2026-09-06T13:18:00,2.02,2.02,2.01,2.01,14500
2026-09-06T10:19:00.000Z,2026-09-06T13:19:00,2.01,2.02,2.01,2.01,2481481
2026-09-06T10:20:00.000Z,2026-09-06T13:20:00,2.01,2.02,2.01,2.02,250159
2026-09-06T10:21:00.000Z,2026-09-06T13:21:00,2.02,2.03,2.02,2.03,603127
2026-09-06T10:22:00.000Z,2026-09-06T13:22:00,2.03,2.03,2.02,2.03,5683
2026-09-06T10:24:00.000Z,2026-09-06T13:24:00,2.03,2.03,2.03,2.03,3
2026-09-06T10:25:00.000Z,2026-09-06T13:25:00,2.02,2.03,2.02,2.03,3697
2026-09-06T10:26:00.000Z,2026-09-06T13:26:00,2.02,2.02,2.02,2.02,11337
2026-09-06T10:27:00.000Z,2026-09-06T13:27:00,2.02,2.03,2.02,2.02,75366
2026-09-06T10:28:00.000Z,2026-09-06T13:28:00,2.03,2.03,2.03,2.03,1179
2026-09-06T10:29:00.000Z,2026-09-06T13:29:00,2.03,2.03,2.02,2.02,77508
2026-09-06T10:31:00.000Z,2026-09-06T13:31:00,2.03,2.03,2.02,2.03,7764
2026-09-06T10:32:00.000Z,2026-09-06T13:32:00,2.03,2.03,2.02,2.02,8050
2026-09-06T10:33:00.000Z,2026-09-06T13:33:00,2.02,2.03,2.02,2.03,17400
2026-09-06T10:36:00.000Z,2026-09-06T13:36:00,2.03,2.03,2.02,2.02,5333
2026-09-06T10:37:00.000Z,2026-09-06T13:37:00,2.02,2.02,2.02,2.02,500000
2026-09-06T10:38:00.000Z,2026-09-06T13:38:00,2.03,2.03,2.03,2.03,66
2026-09-06T10:39:00.000Z,2026-09-06T13:39:00,2.02,2.03,2.02,2.03,14562
2026-09-06T10:40:00.000Z,2026-09-06T13:40:00,2.03,2.03,2.03,2.03,344
2026-09-06T10:41:00.000Z,2026-09-06T13:41:00,2.03,2.03,2.03,2.03,238
2026-09-06T10:42:00.000Z,2026-09-06T13:42:00,2.03,2.03,2.03,2.03,990
2026-09-06T10:43:00.000Z,2026-09-06T13:43:00,2.03,2.03,2.03,2.03,738
2026-09-06T10:44:00.000Z,2026-09-06T13:44:00,2.03,2.03,2.02,2.03,4998
2026-09-06T10:45:00.000Z,2026-09-06T13:45:00,2.02,2.02,2.02,2.02,10000
2026-09-06T10:46:00.000Z,2026-09-06T13:46:00,2.03,2.03,2.03,2.03,1999
2026-09-06T10:47:00.000Z,2026-09-06T13:47:00,2.03,2.03,2.02,2.02,1006000
2026-09-06T10:48:00.000Z,2026-09-06T13:48:00,2.03,2.04,2.03,2.04,277524
2026-09-06T10:49:00.000Z,2026-09-06T13:49:00,2.03,2.04,2.03,2.04,302575
2026-09-06T10:50:00.000Z,2026-09-06T13:50:00,2.04,2.04,2.04,2.04,1755
2026-09-06T10:51:00.000Z,2026-09-06T13:51:00,2.03,2.04,2.03,2.03,92949
2026-09-06T10:52:00.000Z,2026-09-06T13:52:00,2.04,2.04,2.03,2.03,262503
2026-09-06T10:53:00.000Z,2026-09-06T13:53:00,2.04,2.04,2.03,2.03,189104
2026-09-06T10:54:00.000Z,2026-09-06T13:54:00,2.03,2.03,2.03,2.03,623
2026-09-06T10:55:00.000Z,2026-09-06T13:55:00,2.02,2.02,2.02,2.02,200
2026-09-06T10:56:00.000Z,2026-09-06T13:56:00,2.03,2.03,2.02,2.02,9273
2026-09-06T10:57:00.000Z,2026-09-06T13:57:00,2.03,2.03,2.03,2.03,71
2026-09-06T10:58:00.000Z,2026-09-06T13:58:00,2.03,2.03,2.03,2.03,4926
2026-09-06T10:59:00.000Z,2026-09-06T13:59:00,2.02,2.02,2.02,2.02,100
2026-09-06T11:00:00.000Z,2026-09-06T14:00:00,2.03,2.03,2.03,2.03,297
2026-09-06T11:01:00.000Z,2026-09-06T14:01:00,2.03,2.03,2.03,2.03,456
2026-09-06T11:02:00.000Z,2026-09-06T14:02:00,2.03,2.03,2.03,2.03,3198
2026-09-06T11:03:00.000Z,2026-09-06T14:03:00,2.02,2.03,2.02,2.03,191435
2026-09-06T11:04:00.000Z,2026-09-06T14:04:00,2.03,2.03,2.03,2.03,200050
2026-09-06T11:05:00.000Z,2026-09-06T14:05:00,2.03,2.03,2.03,2.03,30422
2026-09-06T11:06:00.000Z,2026-09-06T14:06:00,2.03,2.04,2.03,2.04,3491
2026-09-06T11:07:00.000Z,2026-09-06T14:07:00,2.03,2.04,2.03,2.03,4036
2026-09-06T11:08:00.000Z,2026-09-06T14:08:00,2.03,2.03,2.03,2.03,82803
2026-09-06T11:09:00.000Z,2026-09-06T14:09:00,2.03,2.03,2.03,2.03,13422
2026-09-06T11:10:00.000Z,2026-09-06T14:10:00,2.03,2.03,2.03,2.03,500000
2026-09-06T11:11:00.000Z,2026-09-06T14:11:00,2.03,2.03,2.02,2.02,80325
2026-09-06T11:12:00.000Z,2026-09-06T14:12:00,2.02,2.02,2.02,2.02,501056
2026-09-06T11:14:00.000Z,2026-09-06T14:14:00,2.03,2.03,2.03,2.03,387868
2026-09-06T11:25:00.000Z,2026-09-06T14:25:00,2.03,2.03,2.03,2.03,27806
2026-09-06T11:26:00.000Z,2026-09-06T14:26:00,2.03,2.03,2.03,2.03,5001
2026-09-06T11:27:00.000Z,2026-09-06T14:27:00,2.03,2.03,2.03,2.03,21500
2026-09-06T11:28:00.000Z,2026-09-06T14:28:00,2.03,2.03,2.03,2.03,78000
2026-09-06T11:29:00.000Z,2026-09-06T14:29:00,2.03,2.03,2.03,2.03,8500
2026-09-07T07:00:00.000Z,2026-09-07T10:00:00,2.03,2.03,2.03,2.03,7490
2026-09-07T07:01:00.000Z,2026-09-07T10:01:00,2.03,2.03,2.03,2.03,734
2026-09-07T07:02:00.000Z,2026-09-07T10:02:00,2.03,2.04,2.02,2.03,89459
2026-09-07T07:03:00.000Z,2026-09-07T10:03:00,2.02,2.03,2.02,2.02,1317
2026-09-07T07:04:00.000Z,2026-09-07T10:04:00,2.02,2.03,2.02,2.03,13967
2026-09-07T07:05:00.000Z,2026-09-07T10:05:00,2.02,2.03,2.02,2.03,17657
2026-09-07T07:06:00.000Z,2026-09-07T10:06:00,2.03,2.04,2.02,2.03,376846
2026-09-07T07:07:00.000Z,2026-09-07T10:07:00,2.02,2.04,2.02,2.04,1425
2026-09-07T07:08:00.000Z,2026-09-07T10:08:00,2.02,2.04,2.02,2.02,57722
2026-09-07T07:09:00.000Z,2026-09-07T10:09:00,2.02,2.03,2.02,2.03,44499
2026-09-07T07:10:00.000Z,2026-09-07T10:10:00,2.03,2.03,2.02,2.02,2612
2026-09-07T07:11:00.000Z,2026-09-07T10:11:00,2.02,2.03,2.02,2.03,89556
2026-09-07T07:13:00.000Z,2026-09-07T10:13:00,2.02,2.03,2.02,2.03,40094
2026-09-07T07:14:00.000Z,2026-09-07T10:14:00,2.02,2.03,2.02,2.03,19928
2026-09-07T07:15:00.000Z,2026-09-07T10:15:00,2.03,2.03,2.02,2.02,58792
2026-09-07T07:16:00.000Z,2026-09-07T10:16:00,2.02,2.03,2.02,2.03,3019
2026-09-07T07:17:00.000Z,2026-09-07T10:17:00,2.03,2.03,2.02,2.02,62545
2026-09-07T07:18:00.000Z,2026-09-07T10:18:00,2.02,2.03,2.02,2.03,18892
2026-09-07T07:19:00.000Z,2026-09-07T10:19:00,2.02,2.03,2.02,2.02,10737
2026-09-07T07:20:00.000Z,2026-09-07T10:20:00,2.02,2.02,2.02,2.02,30151
2026-09-07T07:21:00.000Z,2026-09-07T10:21:00,2.03,2.03,2.02,2.03,58824
2026-09-07T07:22:00.000Z,2026-09-07T10:22:00,2.03,2.03,2.03,2.03,50492
2026-09-07T07:23:00.000Z,2026-09-07T10:23:00,2.02,2.03,2.02,2.03,155500
2026-09-07T07:24:00.000Z,2026-09-07T10:24:00,2.03,2.03,2.02,2.02,25186
2026-09-07T07:25:00.000Z,2026-09-07T10:25:00,2.03,2.03,2.03,2.03,363
2026-09-07T07:26:00.000Z,2026-09-07T10:26:00,2.02,2.02,2.02,2.02,256485
2026-09-07T07:27:00.000Z,2026-09-07T10:27:00,2.03,2.03,2.02,2.02,92006
2026-09-07T07:28:00.000Z,2026-09-07T10:28:00,2.02,2.02,2.02,2.02,28305
2026-09-07T07:29:00.000Z,2026-09-07T10:29:00,2.02,2.02,2.02,2.02,3500
2026-09-07T07:30:00.000Z,2026-09-07T10:30:00,2.03,2.03,2.03,2.03,495
2026-09-07T07:31:00.000Z,2026-09-07T10:31:00,2.02,2.03,2.02,2.03,388
2026-09-07T07:32:00.000Z,2026-09-07T10:32:00,2.02,2.03,2.02,2.03,45100
2026-09-07T07:33:00.000Z,2026-09-07T10:33:00,2.02,2.02,2.02,2.02,2650
2026-09-07T07:34:00.000Z,2026-09-07T10:34:00,2.02,2.02,2.02,2.02,500
2026-09-07T07:35:00.000Z,2026-09-07T10:35:00,2.02,2.02,2.02,2.02,100712
2026-09-07T07:36:00.000Z,2026-09-07T10:36:00,2.03,2.03,2.02,2.03,3546
2026-09-07T07:37:00.000Z,2026-09-07T10:37:00,2.03,2.03,2.02,2.02,1168
2026-09-07T07:38:00.000Z,2026-09-07T10:38:00,2.03,2.03,2.03,2.03,95
2026-09-07T07:39:00.000Z,2026-09-07T10:39:00,2.02,2.03,2.02,2.02,622022
2026-09-07T07:40:00.000Z,2026-09-07T10:40:00,2.01,2.03,2.01,2.03,146293
2026-09-07T07:41:00.000Z,2026-09-07T10:41:00,2.01,2.02,2.01,2.02,91998
2026-09-07T07:42:00.000Z,2026-09-07T10:42:00,2.03,2.03,2.02,2.02,225600
2026-09-07T07:43:00.000Z,2026-09-07T10:43:00,2.02,2.02,2.01,2.02,91899
2026-09-07T07:44:00.000Z,2026-09-07T10:44:00,2.02,2.03,2.02,2.03,36746
2026-09-07T07:45:00.000Z,2026-09-07T10:45:00,2.03,2.03,2.03,2.03,10852
2026-09-07T07:46:00.000Z,2026-09-07T10:46:00,2.03,2.03,2.03,2.03,7000
2026-09-07T07:47:00.000Z,2026-09-07T10:47:00,2.03,2.03,2.03,2.03,2463
2026-09-07T07:48:00.000Z,2026-09-07T10:48:00,2.02,2.03,2.02,2.03,6250
2026-09-07T07:49:00.000Z,2026-09-07T10:49:00,2.03,2.03,2.02,2.02,62738
2026-09-07T07:50:00.000Z,2026-09-07T10:50:00,2.02,2.03,2.02,2.02,40905
2026-09-07T07:52:00.000Z,2026-09-07T10:52:00,2.02,2.03,2.02,2.03,550050
2026-09-07T07:53:00.000Z,2026-09-07T10:53:00,2.03,2.03,2.02,2.02,3808
2026-09-07T07:54:00.000Z,2026-09-07T10:54:00,2.02,2.03,2.02,2.03,10165
2026-09-07T07:55:00.000Z,2026-09-07T10:55:00,2.03,2.03,2.02,2.02,26839
2026-09-07T07:56:00.000Z,2026-09-07T10:56:00,2.02,2.03,2.02,2.02,58563
2026-09-07T07:57:00.000Z,2026-09-07T10:57:00,2.03,2.03,2.03,2.03,1063
2026-09-07T07:58:00.000Z,2026-09-07T10:58:00,2.02,2.03,2.02,2.03,2559
2026-09-07T07:59:00.000Z,2026-09-07T10:59:00,2.03,2.03,2.03,2.03,27
2026-09-07T08:00:00.000Z,2026-09-07T11:00:00,2.02,2.02,2.02,2.02,2035
2026-09-07T08:01:00.000Z,2026-09-07T11:01:00,2.03,2.03,2.02,2.03,19612
2026-09-07T08:02:00.000Z,2026-09-07T11:02:00,2.03,2.03,2.03,2.03,689695
2026-09-07T08:04:00.000Z,2026-09-07T11:04:00,2.02,2.03,2.02,2.03,4720
2026-09-07T08:06:00.000Z,2026-09-07T11:06:00,2.02,2.03,2.02,2.03,32627
2026-09-07T08:07:00.000Z,2026-09-07T11:07:00,2.03,2.03,2.02,2.02,205190
2026-09-07T08:09:00.000Z,2026-09-07T11:09:00,2.02,2.03,2.02,2.03,18609
2026-09-07T08:10:00.000Z,2026-09-07T11:10:00,2.03,2.03,2.02,2.03,140084
2026-09-07T08:11:00.000Z,2026-09-07T11:11:00,2.03,2.03,2.03,2.03,10000
2026-09-07T08:12:00.000Z,2026-09-07T11:12:00,2.03,2.03,2.03,2.03,102
2026-09-07T08:13:00.000Z,2026-09-07T11:13:00,2.03,2.03,2.03,2.03,20049
2026-09-07T08:14:00.000Z,2026-09-07T11:14:00,2.03,2.03,2.03,2.03,36519
2026-09-07T08:15:00.000Z,2026-09-07T11:15:00,2.03,2.04,2.03,2.04,38929
2026-09-07T08:16:00.000Z,2026-09-07T11:16:00,2.03,2.03,2.03,2.03,2646
2026-09-07T08:17:00.000Z,2026-09-07T11:17:00,2.03,2.04,2.03,2.04,345
2026-09-07T08:19:00.000Z,2026-09-07T11:19:00,2.03,2.03,2.03,2.03,259
2026-09-07T08:20:00.000Z,2026-09-07T11:20:00,2.03,2.04,2.03,2.04,1915
2026-09-07T08:22:00.000Z,2026-09-07T11:22:00,2.03,2.03,2.03,2.03,9
2026-09-07T08:23:00.000Z,2026-09-07T11:23:00,2.03,2.04,2.03,2.04,8532
2026-09-07T08:26:00.000Z,2026-09-07T11:26:00,2.03,2.04,2.03,2.04,20003383
2026-09-07T08:29:00.000Z,2026-09-07T11:29:00,2.03,2.03,2.02,2.02,752000
2026-09-07T08:30:00.000Z,2026-09-07T11:30:00,2.02,2.03,2.02,2.03,5150
2026-09-07T08:31:00.000Z,2026-09-07T11:31:00,2.03,2.03,2.03,2.03,6652
2026-09-07T08:32:00.000Z,2026-09-07T11:32:00,2.03,2.03,2.03,2.03,393
2026-09-07T08:33:00.000Z,2026-09-07T11:33:00,2.03,2.03,2.02,2.03,60091
2026-09-07T08:34:00.000Z,2026-09-07T11:34:00,2.02,2.03,2.02,2.02,2050950
2026-09-07T08:35:00.000Z,2026-09-07T11:35:00,2.02,2.02,2.02,2.02,259494
2026-09-07T08:36:00.000Z,2026-09-07T11:36:00,2.02,2.02,2.02,2.02,6000
2026-09-07T08:38:00.000Z,2026-09-07T11:38:00,2.01,2.01,2.01,2.01,7426
2026-09-07T08:39:00.000Z,2026-09-07T11:39:00,2.01,2.01,2.01,2.01,4950
2026-09-07T08:40:00.000Z,2026-09-07T11:40:00,2.01,2.01,2.01,2.01,476
2026-09-07T08:41:00.000Z,2026-09-07T11:41:00,2.02,2.02,2.01,2.01,20367
2026-09-07T08:42:00.000Z,2026-09-07T11:42:00,2.02,2.02,2.01,2.01,26672
2026-09-07T08:43:00.000Z,2026-09-07T11:43:00,2.02,2.02,2.02,2.02,40500
2026-09-07T08:44:00.000Z,2026-09-07T11:44:00,2.02,2.02,2.02,2.02,145000
2026-09-07T08:45:00.000Z,2026-09-07T11:45:00,2.02,2.02,2.01,2.02,16137
2026-09-07T08:46:00.000Z,2026-09-07T11:46:00,2.02,2.02,2.02,2.02,5313
2026-09-07T08:47:00.000Z,2026-09-07T11:47:00,2.01,2.02,2.01,2.02,28785
2026-09-07T08:48:00.000Z,2026-09-07T11:48:00,2.01,2.02,2.01,2.02,500001
2026-09-07T08:49:00.000Z,2026-09-07T11:49:00,2.01,2.01,2.01,2.01,4518
2026-09-07T08:50:00.000Z,2026-09-07T11:50:00,2.02,2.03,2.02,2.02,548160
2026-09-07T08:51:00.000Z,2026-09-07T11:51:00,2.02,2.03,2.01,2.02,1009361
2026-09-07T08:52:00.000Z,2026-09-07T11:52:00,2.03,2.03,2.03,2.03,15
2026-09-07T08:53:00.000Z,2026-09-07T11:53:00,2.03,2.04,2.02,2.02,1004674
2026-09-07T08:54:00.000Z,2026-09-07T11:54:00,2.03,2.03,2.02,2.03,60000
2026-09-07T08:57:00.000Z,2026-09-07T11:57:00,2.02,2.02,2.02,2.02,210000
2026-09-07T08:58:00.000Z,2026-09-07T11:58:00,2.03,2.03,2.02,2.03,10484
2026-09-07T08:59:00.000Z,2026-09-07T11:59:00,2.03,2.03,2.03,2.03,101551
2026-09-07T09:00:00.000Z,2026-09-07T12:00:00,2.03,2.03,2.02,2.02,20499
2026-09-07T09:01:00.000Z,2026-09-07T12:01:00,2.03,2.03,2.03,2.03,50
2026-09-07T09:02:00.000Z,2026-09-07T12:02:00,2.02,2.02,2.02,2.02,1975
2026-09-07T09:03:00.000Z,2026-09-07T12:03:00,2.03,2.03,2.03,2.03,116
2026-09-07T09:05:00.000Z,2026-09-07T12:05:00,2.03,2.03,2.02,2.02,510
2026-09-07T09:07:00.000Z,2026-09-07T12:07:00,2.02,2.02,2.02,2.02,2500250
2026-09-07T09:08:00.000Z,2026-09-07T12:08:00,2.02,2.02,2.02,2.02,250000
2026-09-07T09:10:00.000Z,2026-09-07T12:10:00,2.02,2.02,2.02,2.02,168
2026-09-07T09:12:00.000Z,2026-09-07T12:12:00,2.01,2.01,2.01,2.01,5470
2026-09-07T09:13:00.000Z,2026-09-07T12:13:00,2.02,2.02,2.02,2.02,2000
2026-09-07T09:14:00.000Z,2026-09-07T12:14:00,2.02,2.02,2.02,2.02,3
2026-09-07T09:15:00.000Z,2026-09-07T12:15:00,2.01,2.01,2.01,2.01,500297
2026-09-07T09:16:00.000Z,2026-09-07T12:16:00,2.01,2.01,2.01,2.01,110
2026-09-07T09:17:00.000Z,2026-09-07T12:17:00,2.02,2.02,2.02,2.02,105
2026-09-07T09:18:00.000Z,2026-09-07T12:18:00,2.02,2.02,2.02,2.02,10
2026-09-07T09:20:00.000Z,2026-09-07T12:20:00,2.01,2.01,2.01,2.01,27254
2026-09-07T09:21:00.000Z,2026-09-07T12:21:00,2.02,2.02,2.02,2.02,893784
2026-09-07T09:22:00.000Z,2026-09-07T12:22:00,2.03,2.03,2.02,2.02,130334
2026-09-07T09:23:00.000Z,2026-09-07T12:23:00,2.02,2.02,2.02,2.02,10000
2026-09-07T09:24:00.000Z,2026-09-07T12:24:00,2.02,2.02,2.01,2.02,12915
2026-09-07T09:25:00.000Z,2026-09-07T12:25:00,2.02,2.02,2.02,2.02,20
2026-09-07T09:26:00.000Z,2026-09-07T12:26:00,2.02,2.02,2.02,2.02,74
2026-09-07T09:27:00.000Z,2026-09-07T12:27:00,2.01,2.02,2.01,2.02,3002
2026-09-07T09:28:00.000Z,2026-09-07T12:28:00,2.02,2.02,2.02,2.02,49
2026-09-07T09:29:00.000Z,2026-09-07T12:29:00,2.02,2.02,2.02,2.02,89616
2026-09-07T09:31:00.000Z,2026-09-07T12:31:00,2.02,2.02,2.01,2.01,1002
2026-09-07T09:32:00.000Z,2026-09-07T12:32:00,2.01,2.02,2.01,2.02,5015000
2026-09-07T09:33:00.000Z,2026-09-07T12:33:00,2.02,2.02,2.02,2.02,47771
2026-09-07T09:34:00.000Z,2026-09-07T12:34:00,2.02,2.02,2.01,2.01,1034
2026-09-07T09:35:00.000Z,2026-09-07T12:35:00,2.02,2.02,2.02,2.02,218
2026-09-07T09:36:00.000Z,2026-09-07T12:36:00,2.02,2.02,2.02,2.02,1746
2026-09-07T09:37:00.000Z,2026-09-07T12:37:00,2.02,2.02,2.02,2.02,104
2026-09-07T09:38:00.000Z,2026-09-07T12:38:00,2.02,2.02,2.01,2.02,30498
2026-09-07T09:39:00.000Z,2026-09-07T12:39:00,2.02,2.02,2.02,2.02,33471
2026-09-07T09:40:00.000Z,2026-09-07T12:40:00,2.02,2.02,2.02,2.02,2312
2026-09-07T09:42:00.000Z,2026-09-07T12:42:00,2.02,2.02,2.01,2.01,20245
2026-09-07T09:44:00.000Z,2026-09-07T12:44:00,2.02,2.02,2.02,2.02,8700
2026-09-07T09:45:00.000Z,2026-09-07T12:45:00,2.02,2.02,2.02,2.02,4206
2026-09-07T09:46:00.000Z,2026-09-07T12:46:00,2.02,2.02,2.01,2.01,2306
2026-09-07T09:47:00.000Z,2026-09-07T12:47:00,2.02,2.02,2.02,2.02,30097
2026-09-07T09:48:00.000Z,2026-09-07T12:48:00,2.01,2.01,2.01,2.01,28000
2026-09-07T09:49:00.000Z,2026-09-07T12:49:00,2.01,2.01,2.01,2.01,2500
2026-09-07T09:51:00.000Z,2026-09-07T12:51:00,2.02,2.02,2.01,2.01,3269
2026-09-07T09:52:00.000Z,2026-09-07T12:52:00,2.02,2.02,2.02,2.02,2676
2026-09-07T09:53:00.000Z,2026-09-07T12:53:00,2.01,2.02,2.01,2.01,1750223
2026-09-07T09:54:00.000Z,2026-09-07T12:54:00,2.01,2.02,2,2.02,1858548
2026-09-07T09:55:00.000Z,2026-09-07T12:55:00,2.01,2.02,2.01,2.01,506626
2026-09-07T09:56:00.000Z,2026-09-07T12:56:00,2.01,2.01,2.01,2.01,8424
2026-09-07T09:57:00.000Z,2026-09-07T12:57:00,2.01,2.02,2.01,2.02,1254
2026-09-07T09:59:00.000Z,2026-09-07T12:59:00,2.01,2.01,2.01,2.01,400000
2026-09-07T10:00:00.000Z,2026-09-07T13:00:00,2.01,2.01,2.01,2.01,121889
2026-09-07T10:01:00.000Z,2026-09-07T13:01:00,2.01,2.01,2.01,2.01,497
2026-09-07T10:04:00.000Z,2026-09-07T13:04:00,2,2,2,2,381
2026-09-07T10:05:00.000Z,2026-09-07T13:05:00,2.01,2.01,2.01,2.01,5000
2026-09-07T10:06:00.000Z,2026-09-07T13:06:00,2,2,2,2,9494
2026-09-07T10:07:00.000Z,2026-09-07T13:07:00,2,2,2,2,1
2026-09-07T10:08:00.000Z,2026-09-07T13:08:00,2.01,2.01,2,2,37406
2026-09-07T10:09:00.000Z,2026-09-07T13:09:00,2.01,2.01,2,2,75703
2026-09-07T10:11:00.000Z,2026-09-07T13:11:00,2,2.01,2,2.01,2906
2026-09-07T10:12:00.000Z,2026-09-07T13:12:00,2.01,2.01,2.01,2.01,298173
2026-09-07T10:13:00.000Z,2026-09-07T13:13:00,2.02,2.02,2.01,2.01,51004
2026-09-07T10:14:00.000Z,2026-09-07T13:14:00,2.01,2.01,2.01,2.01,449735
2026-09-07T10:15:00.000Z,2026-09-07T13:15:00,2.01,2.01,2.01,2.01,30000
2026-09-07T10:16:00.000Z,2026-09-07T13:16:00,2.02,2.02,2.01,2.01,5976
2026-09-07T10:18:00.000Z,2026-09-07T13:18:00,2.02,2.02,2.02,2.02,6
2026-09-07T10:19:00.000Z,2026-09-07T13:19:00,2.01,2.01,2.01,2.01,150000
2026-09-07T10:20:00.000Z,2026-09-07T13:20:00,2.02,2.02,2.02,2.02,91
2026-09-07T10:21:00.000Z,2026-09-07T13:21:00,2.01,2.02,2.01,2.02,53
2026-09-07T10:23:00.000Z,2026-09-07T13:23:00,2.01,2.02,2.01,2.02,6978
2026-09-07T10:24:00.000Z,2026-09-07T13:24:00,2.01,2.01,2,2,100000
2026-09-07T10:25:00.000Z,2026-09-07T13:25:00,2.01,2.01,2,2,42595
2026-09-07T10:26:00.000Z,2026-09-07T13:26:00,2.02,2.02,2.02,2.02,10018
2026-09-07T10:27:00.000Z,2026-09-07T13:27:00,2.02,2.02,2,2,58227
2026-09-07T10:28:00.000Z,2026-09-07T13:28:00,2,2.02,2,2.02,5847
2026-09-07T10:29:00.000Z,2026-09-07T13:29:00,2,2.02,2,2.02,520
2026-09-07T10:30:00.000Z,2026-09-07T13:30:00,2.01,2.02,2.01,2.02,15051
2026-09-07T10:31:00.000Z,2026-09-07T13:31:00,2.02,2.02,2.02,2.02,406
2026-09-07T10:32:00.000Z,2026-09-07T13:32:00,2.02,2.02,2.02,2.02,3206
2026-09-07T10:33:00.000Z,2026-09-07T13:33:00,2.01,2.02,2,2.01,10787
2026-09-07T10:34:00.000Z,2026-09-07T13:34:00,2.01,2.01,2.01,2.01,8100
2026-09-07T10:35:00.000Z,2026-09-07T13:35:00,2.01,2.01,2,2,635
2026-09-07T10:39:00.000Z,2026-09-07T13:39:00,2.02,2.02,2.02,2.02,3992
2026-09-07T10:40:00.000Z,2026-09-07T13:40:00,2.02,2.02,2.01,2.01,50200
2026-09-07T10:41:00.000Z,2026-09-07T13:41:00,2.02,2.02,2.01,2.01,13057
2026-09-07T10:42:00.000Z,2026-09-07T13:42:00,2.01,2.01,2.01,2.01,5996
2026-09-07T10:43:00.000Z,2026-09-07T13:43:00,2.01,2.01,2,2.01,55327
2026-09-07T10:44:00.000Z,2026-09-07T13:44:00,2.01,2.01,2.01,2.01,62
2026-09-07T10:46:00.000Z,2026-09-07T13:46:00,2.01,2.01,2,2.01,58461
2026-09-07T10:47:00.000Z,2026-09-07T13:47:00,2,2.02,2,2.02,1505331
2026-09-07T10:48:00.000Z,2026-09-07T13:48:00,2.01,2.02,2.01,2.02,2000000
2026-09-07T10:49:00.000Z,2026-09-07T13:49:00,2.01,2.01,2.01,2.01,25400
2026-09-07T10:51:00.000Z,2026-09-07T13:51:00,2.01,2.02,2.01,2.02,11117
2026-09-07T10:53:00.000Z,2026-09-07T13:53:00,2.02,2.02,2.01,2.02,21823
2026-09-07T10:55:00.000Z,2026-09-07T13:55:00,2.01,2.01,2.01,2.01,200
2026-09-07T10:56:00.000Z,2026-09-07T13:56:00,2.01,2.01,2.01,2.01,31848
2026-09-07T10:57:00.000Z,2026-09-07T13:57:00,2.02,2.02,2.02,2.02,372
2026-09-07T10:58:00.000Z,2026-09-07T13:58:00,2.01,2.01,2.01,2.01,2009
2026-09-07T10:59:00.000Z,2026-09-07T13:59:00,2.02,2.02,2.01,2.01,26356
2026-09-07T11:02:00.000Z,2026-09-07T14:02:00,2.02,2.02,2.02,2.02,10367
2026-09-07T11:03:00.000Z,2026-09-07T14:03:00,2.02,2.02,2.02,2.02,112000
2026-09-07T11:05:00.000Z,2026-09-07T14:05:00,2.02,2.02,2.01,2.01,29378
2026-09-07T11:06:00.000Z,2026-09-07T14:06:00,2.02,2.02,2.01,2.01,23880
2026-09-07T11:07:00.000Z,2026-09-07T14:07:00,2.01,2.02,2.01,2.01,989758
2026-09-07T11:08:00.000Z,2026-09-07T14:08:00,2.02,2.02,2.02,2.02,125784
2026-09-07T11:09:00.000Z,2026-09-07T14:09:00,2.02,2.03,2.01,2.01,2238913
2026-09-07T11:10:00.000Z,2026-09-07T14:10:00,2.02,2.03,2.02,2.03,16972
2026-09-07T11:11:00.000Z,2026-09-07T14:11:00,2.03,2.03,2.02,2.03,1746327
2026-09-07T11:12:00.000Z,2026-09-07T14:12:00,2.03,2.04,2.01,2.03,1743913
2026-09-07T11:13:00.000Z,2026-09-07T14:13:00,2.03,2.04,2.01,2.01,1745119
2026-09-07T11:14:00.000Z,2026-09-07T14:14:00,2.04,2.04,2.04,2.04,3754
2026-09-07T11:25:00.000Z,2026-09-07T14:25:00,2.05,2.05,2.05,2.05,4938641
2026-09-07T11:26:00.000Z,2026-09-07T14:26:00,2.05,2.05,2.05,2.05,3922549
2026-09-07T11:27:00.000Z,2026-09-07T14:27:00,2.05,2.05,2.05,2.05,1036598
2026-09-07T11:28:00.000Z,2026-09-07T14:28:00,2.05,2.05,2.05,2.05,1000000
2026-09-07T11:29:00.000Z,2026-09-07T14:29:00,2.05,2.05,2.05,2.05,262158
2026-09-08T07:01:00.000Z,2026-09-08T10:01:00,2.05,2.06,2.05,2.06,1053728
2026-09-08T07:02:00.000Z,2026-09-08T10:02:00,2.06,2.06,2.05,2.05,56905
2026-09-08T07:03:00.000Z,2026-09-08T10:03:00,2.05,2.06,2.05,2.05,578170
2026-09-08T07:04:00.000Z,2026-09-08T10:04:00,2.06,2.06,2.06,2.06,52232
2026-09-08T07:05:00.000Z,2026-09-08T10:05:00,2.05,2.06,2.04,2.05,771041
2026-09-08T07:06:00.000Z,2026-09-08T10:06:00,2.04,2.04,2.04,2.04,160400
2026-09-08T07:07:00.000Z,2026-09-08T10:07:00,2.04,2.04,2.04,2.04,25698
2026-09-08T07:08:00.000Z,2026-09-08T10:08:00,2.04,2.05,2.04,2.05,853202
2026-09-08T07:09:00.000Z,2026-09-08T10:09:00,2.05,2.05,2.04,2.05,372780
2026-09-08T07:10:00.000Z,2026-09-08T10:10:00,2.05,2.05,2.04,2.05,1204656
2026-09-08T07:11:00.000Z,2026-09-08T10:11:00,2.05,2.05,2.05,2.05,742605
2026-09-08T07:12:00.000Z,2026-09-08T10:12:00,2.05,2.05,2.05,2.05,1250000
2026-09-08T07:13:00.000Z,2026-09-08T10:13:00,2.05,2.06,2.05,2.06,1434343
2026-09-08T07:14:00.000Z,2026-09-08T10:14:00,2.06,2.06,2.05,2.06,151023
2026-09-08T07:15:00.000Z,2026-09-08T10:15:00,2.06,2.06,2.05,2.06,287340
2026-09-08T07:16:00.000Z,2026-09-08T10:16:00,2.06,2.06,2.05,2.06,1149304
2026-09-08T07:17:00.000Z,2026-09-08T10:17:00,2.05,2.06,2.05,2.05,1502448
2026-09-08T07:18:00.000Z,2026-09-08T10:18:00,2.06,2.06,2.05,2.05,741054
2026-09-08T07:19:00.000Z,2026-09-08T10:19:00,2.05,2.05,2.05,2.05,100500
2026-09-08T07:21:00.000Z,2026-09-08T10:21:00,2.05,2.05,2.05,2.05,500000
2026-09-08T07:22:00.000Z,2026-09-08T10:22:00,2.05,2.05,2.05,2.05,510000
2026-09-08T07:23:00.000Z,2026-09-08T10:23:00,2.06,2.06,2.05,2.05,903064
2026-09-08T07:24:00.000Z,2026-09-08T10:24:00,2.05,2.06,2.05,2.06,1721797
2026-09-08T07:25:00.000Z,2026-09-08T10:25:00,2.06,2.06,2.05,2.06,552735
2026-09-08T07:26:00.000Z,2026-09-08T10:26:00,2.06,2.06,2.05,2.06,775966
2026-09-08T07:27:00.000Z,2026-09-08T10:27:00,2.06,2.06,2.05,2.05,383486
2026-09-08T07:28:00.000Z,2026-09-08T10:28:00,2.05,2.05,2.04,2.04,205773
2026-09-08T07:29:00.000Z,2026-09-08T10:29:00,2.04,2.06,2.04,2.06,237776
2026-09-08T07:30:00.000Z,2026-09-08T10:30:00,2.05,2.06,2.05,2.06,293578
2026-09-08T07:31:00.000Z,2026-09-08T10:31:00,2.05,2.05,2.04,2.04,499841
2026-09-08T07:32:00.000Z,2026-09-08T10:32:00,2.05,2.05,2.05,2.05,1826
2026-09-08T07:33:00.000Z,2026-09-08T10:33:00,2.04,2.05,2.04,2.05,13739
2026-09-08T07:34:00.000Z,2026-09-08T10:34:00,2.05,2.05,2.04,2.05,42155
2026-09-08T07:35:00.000Z,2026-09-08T10:35:00,2.05,2.05,2.04,2.04,206
2026-09-08T07:36:00.000Z,2026-09-08T10:36:00,2.04,2.05,2.04,2.05,50335
2026-09-08T07:37:00.000Z,2026-09-08T10:37:00,2.05,2.05,2.05,2.05,14628
2026-09-08T07:38:00.000Z,2026-09-08T10:38:00,2.05,2.05,2.05,2.05,10909
2026-09-08T07:39:00.000Z,2026-09-08T10:39:00,2.04,2.05,2.04,2.05,500507
2026-09-08T07:40:00.000Z,2026-09-08T10:40:00,2.05,2.05,2.04,2.05,69253
2026-09-08T07:42:00.000Z,2026-09-08T10:42:00,2.05,2.05,2.04,2.05,146107
2026-09-08T07:43:00.000Z,2026-09-08T10:43:00,2.05,2.06,2.04,2.06,6059303
2026-09-08T07:44:00.000Z,2026-09-08T10:44:00,2.06,2.06,2.06,2.06,500024
2026-09-08T07:45:00.000Z,2026-09-08T10:45:00,2.05,2.06,2.05,2.06,11978
2026-09-08T07:46:00.000Z,2026-09-08T10:46:00,2.05,2.05,2.05,2.05,302764
2026-09-08T07:47:00.000Z,2026-09-08T10:47:00,2.06,2.06,2.05,2.05,10852
2026-09-08T07:48:00.000Z,2026-09-08T10:48:00,2.06,2.06,2.06,2.06,60037
2026-09-08T07:49:00.000Z,2026-09-08T10:49:00,2.05,2.06,2.05,2.05,21610
2026-09-08T07:50:00.000Z,2026-09-08T10:50:00,2.06,2.06,2.06,2.06,8485
2026-09-08T07:51:00.000Z,2026-09-08T10:51:00,2.05,2.05,2.05,2.05,1000
2026-09-08T07:52:00.000Z,2026-09-08T10:52:00,2.06,2.06,2.05,2.05,1508
2026-09-08T07:53:00.000Z,2026-09-08T10:53:00,2.06,2.06,2.06,2.06,20000
2026-09-08T07:55:00.000Z,2026-09-08T10:55:00,2.05,2.06,2.05,2.06,134873
2026-09-08T07:56:00.000Z,2026-09-08T10:56:00,2.06,2.06,2.05,2.06,234323
2026-09-08T07:57:00.000Z,2026-09-08T10:57:00,2.06,2.06,2.05,2.05,1516485
2026-09-08T07:59:00.000Z,2026-09-08T10:59:00,2.05,2.05,2.05,2.05,200000
2026-09-08T08:00:00.000Z,2026-09-08T11:00:00,2.06,2.06,2.06,2.06,5
2026-09-08T08:01:00.000Z,2026-09-08T11:01:00,2.06,2.06,2.06,2.06,93
2026-09-08T08:04:00.000Z,2026-09-08T11:04:00,2.05,2.06,2.05,2.06,335000
2026-09-08T08:06:00.000Z,2026-09-08T11:06:00,2.06,2.06,2.06,2.06,33
2026-09-08T08:08:00.000Z,2026-09-08T11:08:00,2.05,2.06,2.05,2.06,74216
2026-09-08T08:09:00.000Z,2026-09-08T11:09:00,2.06,2.06,2.06,2.06,932
2026-09-08T08:10:00.000Z,2026-09-08T11:10:00,2.05,2.06,2.05,2.06,111900
2026-09-08T08:11:00.000Z,2026-09-08T11:11:00,2.06,2.06,2.05,2.05,22241
2026-09-08T08:12:00.000Z,2026-09-08T11:12:00,2.06,2.06,2.06,2.06,20
2026-09-08T08:13:00.000Z,2026-09-08T11:13:00,2.05,2.06,2.05,2.06,25001
2026-09-08T08:14:00.000Z,2026-09-08T11:14:00,2.05,2.05,2.05,2.05,23418
2026-09-08T08:17:00.000Z,2026-09-08T11:17:00,2.06,2.06,2.06,2.06,12281
2026-09-08T08:18:00.000Z,2026-09-08T11:18:00,2.05,2.05,2.05,2.05,716209
2026-09-08T08:19:00.000Z,2026-09-08T11:19:00,2.05,2.06,2.05,2.06,41092
2026-09-08T08:20:00.000Z,2026-09-08T11:20:00,2.06,2.06,2.06,2.06,17000
2026-09-08T08:22:00.000Z,2026-09-08T11:22:00,2.06,2.06,2.05,2.05,2002000
2026-09-08T08:23:00.000Z,2026-09-08T11:23:00,2.06,2.06,2.06,2.06,1500
2026-09-08T08:24:00.000Z,2026-09-08T11:24:00,2.06,2.06,2.05,2.05,1273357
2026-09-08T08:25:00.000Z,2026-09-08T11:25:00,2.05,2.05,2.05,2.05,150
2026-09-08T08:26:00.000Z,2026-09-08T11:26:00,2.06,2.06,2.06,2.06,100
2026-09-08T08:27:00.000Z,2026-09-08T11:27:00,2.05,2.05,2.05,2.05,3150
2026-09-08T08:28:00.000Z,2026-09-08T11:28:00,2.05,2.06,2.05,2.06,34878
2026-09-08T08:29:00.000Z,2026-09-08T11:29:00,2.06,2.06,2.06,2.06,100
2026-09-08T08:30:00.000Z,2026-09-08T11:30:00,2.05,2.06,2.05,2.05,200070
2026-09-08T08:31:00.000Z,2026-09-08T11:31:00,2.06,2.06,2.06,2.06,18580
2026-09-08T08:32:00.000Z,2026-09-08T11:32:00,2.06,2.06,2.05,2.05,129777
2026-09-08T08:33:00.000Z,2026-09-08T11:33:00,2.05,2.05,2.04,2.04,345
2026-09-08T08:34:00.000Z,2026-09-08T11:34:00,2.05,2.05,2.05,2.05,12155
2026-09-08T08:35:00.000Z,2026-09-08T11:35:00,2.05,2.06,2.05,2.06,2000000
2026-09-08T08:36:00.000Z,2026-09-08T11:36:00,2.06,2.06,2.05,2.05,1011562
2026-09-08T08:37:00.000Z,2026-09-08T11:37:00,2.05,2.05,2.04,2.04,176693
2026-09-08T08:39:00.000Z,2026-09-08T11:39:00,2.05,2.05,2.04,2.04,1502007
2026-09-08T08:40:00.000Z,2026-09-08T11:40:00,2.05,2.05,2.04,2.05,36054
2026-09-08T08:41:00.000Z,2026-09-08T11:41:00,2.04,2.05,2.04,2.05,22397
2026-09-08T08:42:00.000Z,2026-09-08T11:42:00,2.05,2.05,2.05,2.05,306484
2026-09-08T08:43:00.000Z,2026-09-08T11:43:00,2.05,2.05,2.05,2.05,24330
2026-09-08T08:44:00.000Z,2026-09-08T11:44:00,2.04,2.04,2.04,2.04,40000
2026-09-08T08:45:00.000Z,2026-09-08T11:45:00,2.04,2.04,2.04,2.04,5150
2026-09-08T08:46:00.000Z,2026-09-08T11:46:00,2.05,2.05,2.05,2.05,158
2026-09-08T08:47:00.000Z,2026-09-08T11:47:00,2.05,2.05,2.05,2.05,10200
2026-09-08T08:49:00.000Z,2026-09-08T11:49:00,2.05,2.05,2.05,2.05,487
2026-09-08T08:50:00.000Z,2026-09-08T11:50:00,2.05,2.05,2.05,2.05,826
2026-09-08T08:51:00.000Z,2026-09-08T11:51:00,2.05,2.05,2.05,2.05,90
2026-09-08T08:52:00.000Z,2026-09-08T11:52:00,2.04,2.05,2.04,2.05,15034
2026-09-08T08:53:00.000Z,2026-09-08T11:53:00,2.05,2.05,2.05,2.05,50000
2026-09-08T08:54:00.000Z,2026-09-08T11:54:00,2.04,2.05,2.04,2.05,29412
2026-09-08T08:55:00.000Z,2026-09-08T11:55:00,2.04,2.04,2.04,2.04,287193
2026-09-08T08:56:00.000Z,2026-09-08T11:56:00,2.05,2.05,2.04,2.05,317184
2026-09-08T08:57:00.000Z,2026-09-08T11:57:00,2.05,2.05,2.04,2.04,24616
2026-09-08T08:58:00.000Z,2026-09-08T11:58:00,2.05,2.05,2.04,2.05,5616
2026-09-08T08:59:00.000Z,2026-09-08T11:59:00,2.04,2.04,2.04,2.04,91378
2026-09-08T09:01:00.000Z,2026-09-08T12:01:00,2.05,2.05,2.05,2.05,47864
2026-09-08T09:03:00.000Z,2026-09-08T12:03:00,2.05,2.05,2.05,2.05,487
2026-09-08T09:04:00.000Z,2026-09-08T12:04:00,2.05,2.05,2.05,2.05,1463
2026-09-08T09:05:00.000Z,2026-09-08T12:05:00,2.05,2.05,2.04,2.05,106795
2026-09-08T09:07:00.000Z,2026-09-08T12:07:00,2.04,2.04,2.04,2.04,1495
2026-09-08T09:08:00.000Z,2026-09-08T12:08:00,2.04,2.04,2.04,2.04,94
2026-09-08T09:09:00.000Z,2026-09-08T12:09:00,2.05,2.05,2.05,2.05,116189
2026-09-08T09:10:00.000Z,2026-09-08T12:10:00,2.05,2.05,2.04,2.04,258679
2026-09-08T09:11:00.000Z,2026-09-08T12:11:00,2.05,2.05,2.04,2.04,376
2026-09-08T09:12:00.000Z,2026-09-08T12:12:00,2.04,2.04,2.04,2.04,38737
2026-09-08T09:13:00.000Z,2026-09-08T12:13:00,2.04,2.05,2.04,2.05,15553
2026-09-08T09:14:00.000Z,2026-09-08T12:14:00,2.04,2.04,2.04,2.04,6785
2026-09-08T09:15:00.000Z,2026-09-08T12:15:00,2.05,2.05,2.05,2.05,2526
2026-09-08T09:16:00.000Z,2026-09-08T12:16:00,2.05,2.05,2.05,2.05,19975
2026-09-08T09:17:00.000Z,2026-09-08T12:17:00,2.04,2.04,2.04,2.04,7500
2026-09-08T09:18:00.000Z,2026-09-08T12:18:00,2.04,2.04,2.04,2.04,310000
2026-09-08T09:19:00.000Z,2026-09-08T12:19:00,2.05,2.05,2.04,2.05,15854
2026-09-08T09:20:00.000Z,2026-09-08T12:20:00,2.05,2.05,2.05,2.05,15
2026-09-08T09:24:00.000Z,2026-09-08T12:24:00,2.05,2.05,2.04,2.04,324536
2026-09-08T09:25:00.000Z,2026-09-08T12:25:00,2.05,2.05,2.05,2.05,50000
2026-09-08T09:26:00.000Z,2026-09-08T12:26:00,2.05,2.05,2.05,2.05,15370
2026-09-08T09:27:00.000Z,2026-09-08T12:27:00,2.05,2.05,2.05,2.05,25470
2026-09-08T09:28:00.000Z,2026-09-08T12:28:00,2.05,2.05,2.05,2.05,33170
2026-09-08T09:29:00.000Z,2026-09-08T12:29:00,2.05,2.05,2.05,2.05,20000
2026-09-08T09:31:00.000Z,2026-09-08T12:31:00,2.05,2.05,2.05,2.05,8892
2026-09-08T09:34:00.000Z,2026-09-08T12:34:00,2.04,2.05,2.04,2.05,254718
2026-09-08T09:35:00.000Z,2026-09-08T12:35:00,2.05,2.05,2.05,2.05,15141
2026-09-08T09:36:00.000Z,2026-09-08T12:36:00,2.04,2.05,2.04,2.05,102550
2026-09-08T09:37:00.000Z,2026-09-08T12:37:00,2.04,2.06,2.04,2.05,26821
2026-09-08T09:38:00.000Z,2026-09-08T12:38:00,2.05,2.06,2.05,2.06,203851
2026-09-08T09:39:00.000Z,2026-09-08T12:39:00,2.05,2.06,2.05,2.06,209000
2026-09-08T09:40:00.000Z,2026-09-08T12:40:00,2.06,2.06,2.06,2.06,1220
2026-09-08T09:41:00.000Z,2026-09-08T12:41:00,2.05,2.06,2.05,2.06,80107
2026-09-08T09:42:00.000Z,2026-09-08T12:42:00,2.06,2.06,2.05,2.05,3017
2026-09-08T09:43:00.000Z,2026-09-08T12:43:00,2.06,2.06,2.06,2.06,1377
2026-09-08T09:44:00.000Z,2026-09-08T12:44:00,2.06,2.06,2.05,2.05,600000
2026-09-08T09:45:00.000Z,2026-09-08T12:45:00,2.05,2.05,2.05,2.05,15000
2026-09-08T09:46:00.000Z,2026-09-08T12:46:00,2.05,2.06,2.05,2.06,200050
2026-09-08T09:47:00.000Z,2026-09-08T12:47:00,2.06,2.06,2.06,2.06,10000
2026-09-08T09:49:00.000Z,2026-09-08T12:49:00,2.05,2.05,2.05,2.05,500500
2026-09-08T09:50:00.000Z,2026-09-08T12:50:00,2.06,2.06,2.06,2.06,825
2026-09-08T09:52:00.000Z,2026-09-08T12:52:00,2.06,2.06,2.06,2.06,3341
2026-09-08T09:53:00.000Z,2026-09-08T12:53:00,2.06,2.06,2.05,2.06,98581
2026-09-08T09:54:00.000Z,2026-09-08T12:54:00,2.05,2.06,2.05,2.05,18932
2026-09-08T09:55:00.000Z,2026-09-08T12:55:00,2.05,2.06,2.05,2.06,50010
2026-09-08T09:56:00.000Z,2026-09-08T12:56:00,2.06,2.06,2.06,2.06,1431342
2026-09-08T09:57:00.000Z,2026-09-08T12:57:00,2.05,2.06,2.05,2.06,69629
2026-09-08T10:00:00.000Z,2026-09-08T13:00:00,2.06,2.06,2.06,2.06,564392
2026-09-08T10:01:00.000Z,2026-09-08T13:01:00,2.06,2.06,2.05,2.06,263892
2026-09-08T10:02:00.000Z,2026-09-08T13:02:00,2.06,2.06,2.06,2.06,49034
2026-09-08T10:03:00.000Z,2026-09-08T13:03:00,2.06,2.06,2.06,2.06,37
2026-09-08T10:04:00.000Z,2026-09-08T13:04:00,2.05,2.05,2.05,2.05,47725
2026-09-08T10:05:00.000Z,2026-09-08T13:05:00,2.06,2.06,2.05,2.05,200407
2026-09-08T10:07:00.000Z,2026-09-08T13:07:00,2.05,2.06,2.05,2.05,23637
2026-09-08T10:08:00.000Z,2026-09-08T13:08:00,2.06,2.06,2.05,2.05,107197
2026-09-08T10:09:00.000Z,2026-09-08T13:09:00,2.06,2.06,2.06,2.06,100000
2026-09-08T10:10:00.000Z,2026-09-08T13:10:00,2.06,2.06,2.05,2.05,63632
2026-09-08T10:11:00.000Z,2026-09-08T13:11:00,2.06,2.07,2.06,2.07,9769
2026-09-08T10:12:00.000Z,2026-09-08T13:12:00,2.06,2.06,2.05,2.05,274525
2026-09-08T10:13:00.000Z,2026-09-08T13:13:00,2.06,2.07,2.06,2.06,602536
2026-09-08T10:14:00.000Z,2026-09-08T13:14:00,2.06,2.06,2.05,2.06,744662
2026-09-08T10:16:00.000Z,2026-09-08T13:16:00,2.05,2.05,2.05,2.05,4
2026-09-08T10:17:00.000Z,2026-09-08T13:17:00,2.05,2.05,2.05,2.05,200000
2026-09-08T10:18:00.000Z,2026-09-08T13:18:00,2.05,2.05,2.05,2.05,8775
2026-09-08T10:19:00.000Z,2026-09-08T13:19:00,2.06,2.06,2.06,2.06,400525
2026-09-08T10:20:00.000Z,2026-09-08T13:20:00,2.06,2.06,2.05,2.06,24123
2026-09-08T10:21:00.000Z,2026-09-08T13:21:00,2.06,2.06,2.05,2.06,335075
2026-09-08T10:22:00.000Z,2026-09-08T13:22:00,2.06,2.06,2.05,2.06,98575
2026-09-08T10:24:00.000Z,2026-09-08T13:24:00,2.05,2.05,2.05,2.05,6044
2026-09-08T10:25:00.000Z,2026-09-08T13:25:00,2.05,2.05,2.05,2.05,6222
2026-09-08T10:26:00.000Z,2026-09-08T13:26:00,2.06,2.06,2.06,2.06,500005
2026-09-08T10:27:00.000Z,2026-09-08T13:27:00,2.06,2.06,2.05,2.05,7138
2026-09-08T10:28:00.000Z,2026-09-08T13:28:00,2.05,2.05,2.05,2.05,4713
2026-09-08T10:29:00.000Z,2026-09-08T13:29:00,2.05,2.06,2.05,2.05,112044
2026-09-08T10:31:00.000Z,2026-09-08T13:31:00,2.05,2.05,2.05,2.05,41
2026-09-08T10:32:00.000Z,2026-09-08T13:32:00,2.06,2.06,2.05,2.05,34312
2026-09-08T10:34:00.000Z,2026-09-08T13:34:00,2.06,2.06,2.06,2.06,25000
2026-09-08T10:36:00.000Z,2026-09-08T13:36:00,2.05,2.06,2.05,2.06,115
2026-09-08T10:37:00.000Z,2026-09-08T13:37:00,2.05,2.06,2.05,2.06,1506544
2026-09-08T10:38:00.000Z,2026-09-08T13:38:00,2.05,2.06,2.05,2.06,33044
2026-09-08T10:39:00.000Z,2026-09-08T13:39:00,2.05,2.06,2.05,2.06,17317
2026-09-08T10:40:00.000Z,2026-09-08T13:40:00,2.06,2.06,2.05,2.05,14044
2026-09-08T10:41:00.000Z,2026-09-08T13:41:00,2.05,2.06,2.05,2.06,11000
2026-09-08T10:42:00.000Z,2026-09-08T13:42:00,2.06,2.06,2.06,2.06,3000000
2026-09-08T10:43:00.000Z,2026-09-08T13:43:00,2.05,2.06,2.05,2.05,16463
2026-09-08T10:44:00.000Z,2026-09-08T13:44:00,2.06,2.06,2.06,2.06,13664
2026-09-08T10:45:00.000Z,2026-09-08T13:45:00,2.06,2.06,2.06,2.06,413
2026-09-08T10:46:00.000Z,2026-09-08T13:46:00,2.06,2.06,2.06,2.06,4000
2026-09-08T10:47:00.000Z,2026-09-08T13:47:00,2.05,2.06,2.05,2.06,60127
2026-09-08T10:48:00.000Z,2026-09-08T13:48:00,2.05,2.05,2.05,2.05,50
2026-09-08T10:49:00.000Z,2026-09-08T13:49:00,2.06,2.06,2.05,2.05,1502
2026-09-08T10:51:00.000Z,2026-09-08T13:51:00,2.06,2.06,2.05,2.05,588
2026-09-08T10:52:00.000Z,2026-09-08T13:52:00,2.06,2.06,2.06,2.06,24761
2026-09-08T10:53:00.000Z,2026-09-08T13:53:00,2.06,2.06,2.06,2.06,54215
2026-09-08T10:54:00.000Z,2026-09-08T13:54:00,2.06,2.07,2.05,2.07,2633438
2026-09-08T10:55:00.000Z,2026-09-08T13:55:00,2.06,2.07,2.06,2.06,533847
2026-09-08T10:56:00.000Z,2026-09-08T13:56:00,2.07,2.07,2.06,2.06,172276
2026-09-08T10:58:00.000Z,2026-09-08T13:58:00,2.06,2.07,2.06,2.07,13920
2026-09-08T10:59:00.000Z,2026-09-08T13:59:00,2.06,2.06,2.06,2.06,728353
2026-09-08T11:00:00.000Z,2026-09-08T14:00:00,2.06,2.06,2.06,2.06,210581
2026-09-08T11:01:00.000Z,2026-09-08T14:01:00,2.07,2.07,2.06,2.07,36242
2026-09-08T11:02:00.000Z,2026-09-08T14:02:00,2.06,2.07,2.06,2.07,382192
2026-09-08T11:03:00.000Z,2026-09-08T14:03:00,2.06,2.07,2.06,2.06,199105
2026-09-08T11:04:00.000Z,2026-09-08T14:04:00,2.07,2.07,2.06,2.06,1103514
2026-09-08T11:05:00.000Z,2026-09-08T14:05:00,2.06,2.06,2.06,2.06,193694
2026-09-08T11:06:00.000Z,2026-09-08T14:06:00,2.06,2.07,2.06,2.07,52897
2026-09-08T11:08:00.000Z,2026-09-08T14:08:00,2.07,2.07,2.07,2.07,5851
2026-09-08T11:09:00.000Z,2026-09-08T14:09:00,2.07,2.07,2.06,2.06,1232020
2026-09-08T11:10:00.000Z,2026-09-08T14:10:00,2.06,2.07,2.06,2.07,224280
2026-09-08T11:11:00.000Z,2026-09-08T14:11:00,2.07,2.07,2.07,2.07,16189
2026-09-08T11:12:00.000Z,2026-09-08T14:12:00,2.06,2.06,2.06,2.06,350328
2026-09-08T11:13:00.000Z,2026-09-08T14:13:00,2.06,2.06,2.06,2.06,7682
2026-09-08T11:14:00.000Z,2026-09-08T14:14:00,2.07,2.07,2.06,2.06,1000486
2026-09-08T11:25:00.000Z,2026-09-08T14:25:00,2.08,2.08,2.08,2.08,1574536
2026-09-08T11:26:00.000Z,2026-09-08T14:26:00,2.08,2.08,2.08,2.08,73000
2026-09-08T11:27:00.000Z,2026-09-08T14:27:00,2.08,2.08,2.08,2.08,2071804
2026-09-08T11:28:00.000Z,2026-09-08T14:28:00,2.08,2.08,2.08,2.08,838011
2026-09-08T11:29:00.000Z,2026-09-08T14:29:00,2.08,2.08,2.08,2.08,1500
2026-09-09T07:00:00.000Z,2026-09-09T10:00:00,2.09,2.09,2.09,2.09,264610
2026-09-09T07:01:00.000Z,2026-09-09T10:01:00,2.09,2.09,2.09,2.09,95510
2026-09-09T07:02:00.000Z,2026-09-09T10:02:00,2.09,2.09,2.08,2.08,1002830
2026-09-09T07:03:00.000Z,2026-09-09T10:03:00,2.09,2.09,2.09,2.09,11775
2026-09-09T07:04:00.000Z,2026-09-09T10:04:00,2.09,2.1,2.09,2.09,754491
2026-09-09T07:05:00.000Z,2026-09-09T10:05:00,2.1,2.1,2.09,2.09,447634
2026-09-09T07:06:00.000Z,2026-09-09T10:06:00,2.1,2.1,2.1,2.1,89548
2026-09-09T07:07:00.000Z,2026-09-09T10:07:00,2.09,2.09,2.09,2.09,18254
2026-09-09T07:08:00.000Z,2026-09-09T10:08:00,2.09,2.09,2.09,2.09,32996
2026-09-09T07:09:00.000Z,2026-09-09T10:09:00,2.1,2.1,2.09,2.09,15044
2026-09-09T07:10:00.000Z,2026-09-09T10:10:00,2.09,2.09,2.08,2.09,328365
2026-09-09T07:11:00.000Z,2026-09-09T10:11:00,2.09,2.09,2.09,2.09,177076
2026-09-09T07:12:00.000Z,2026-09-09T10:12:00,2.09,2.09,2.09,2.09,913746
2026-09-09T07:13:00.000Z,2026-09-09T10:13:00,2.08,2.1,2.08,2.09,624904
2026-09-09T07:14:00.000Z,2026-09-09T10:14:00,2.1,2.1,2.08,2.09,451903
2026-09-09T07:16:00.000Z,2026-09-09T10:16:00,2.09,2.09,2.09,2.09,110504
2026-09-09T07:17:00.000Z,2026-09-09T10:17:00,2.09,2.09,2.09,2.09,33492
2026-09-09T07:18:00.000Z,2026-09-09T10:18:00,2.08,2.09,2.08,2.08,93826
2026-09-09T07:19:00.000Z,2026-09-09T10:19:00,2.08,2.09,2.08,2.09,3090
2026-09-09T07:20:00.000Z,2026-09-09T10:20:00,2.09,2.09,2.09,2.09,1062
2026-09-09T07:21:00.000Z,2026-09-09T10:21:00,2.09,2.09,2.09,2.09,42858
2026-09-09T07:22:00.000Z,2026-09-09T10:22:00,2.09,2.09,2.08,2.09,551143
2026-09-09T07:23:00.000Z,2026-09-09T10:23:00,2.08,2.09,2.08,2.08,10114
2026-09-09T07:24:00.000Z,2026-09-09T10:24:00,2.09,2.09,2.08,2.08,2918
2026-09-09T07:25:00.000Z,2026-09-09T10:25:00,2.09,2.09,2.08,2.09,6075
2026-09-09T07:27:00.000Z,2026-09-09T10:27:00,2.09,2.09,2.09,2.09,493366
2026-09-09T07:28:00.000Z,2026-09-09T10:28:00,2.09,2.09,2.09,2.09,1113372
2026-09-09T07:29:00.000Z,2026-09-09T10:29:00,2.09,2.09,2.09,2.09,2900555
2026-09-09T07:30:00.000Z,2026-09-09T10:30:00,2.09,2.09,2.09,2.09,2219
2026-09-09T07:31:00.000Z,2026-09-09T10:31:00,2.09,2.09,2.09,2.09,499239
2026-09-09T07:32:00.000Z,2026-09-09T10:32:00,2.09,2.09,2.08,2.08,1110080
2026-09-09T07:33:00.000Z,2026-09-09T10:33:00,2.08,2.08,2.08,2.08,2242
2026-09-09T07:34:00.000Z,2026-09-09T10:34:00,2.08,2.08,2.08,2.08,190010
2026-09-09T07:35:00.000Z,2026-09-09T10:35:00,2.09,2.09,2.09,2.09,106246
2026-09-09T07:36:00.000Z,2026-09-09T10:36:00,2.09,2.09,2.09,2.09,1250
2026-09-09T07:37:00.000Z,2026-09-09T10:37:00,2.09,2.09,2.09,2.09,948678
2026-09-09T07:38:00.000Z,2026-09-09T10:38:00,2.09,2.1,2.09,2.1,101768
2026-09-09T07:39:00.000Z,2026-09-09T10:39:00,2.1,2.1,2.09,2.1,223813
2026-09-09T07:40:00.000Z,2026-09-09T10:40:00,2.1,2.1,2.09,2.09,543
2026-09-09T07:41:00.000Z,2026-09-09T10:41:00,2.1,2.1,2.1,2.1,216
2026-09-09T07:42:00.000Z,2026-09-09T10:42:00,2.09,2.09,2.09,2.09,1045838
2026-09-09T07:43:00.000Z,2026-09-09T10:43:00,2.09,2.1,2.09,2.1,960132
2026-09-09T07:44:00.000Z,2026-09-09T10:44:00,2.1,2.1,2.09,2.09,12659
2026-09-09T07:45:00.000Z,2026-09-09T10:45:00,2.09,2.09,2.09,2.09,30000
2026-09-09T07:46:00.000Z,2026-09-09T10:46:00,2.1,2.1,2.1,2.1,137
2026-09-09T07:47:00.000Z,2026-09-09T10:47:00,2.09,2.1,2.09,2.09,39899
2026-09-09T07:48:00.000Z,2026-09-09T10:48:00,2.09,2.09,2.09,2.09,1000
2026-09-09T07:49:00.000Z,2026-09-09T10:49:00,2.09,2.09,2.09,2.09,10000
2026-09-09T07:50:00.000Z,2026-09-09T10:50:00,2.09,2.1,2.09,2.09,569684
2026-09-09T07:51:00.000Z,2026-09-09T10:51:00,2.09,2.1,2.09,2.09,1060771
2026-09-09T07:52:00.000Z,2026-09-09T10:52:00,2.09,2.1,2.09,2.1,1470170
2026-09-09T07:53:00.000Z,2026-09-09T10:53:00,2.09,2.09,2.09,2.09,175949
2026-09-09T07:54:00.000Z,2026-09-09T10:54:00,2.09,2.1,2.09,2.1,164000
2026-09-09T07:55:00.000Z,2026-09-09T10:55:00,2.09,2.1,2.09,2.09,15913
2026-09-09T07:56:00.000Z,2026-09-09T10:56:00,2.09,2.1,2.09,2.1,32491
2026-09-09T07:57:00.000Z,2026-09-09T10:57:00,2.09,2.09,2.09,2.09,3000
2026-09-09T07:58:00.000Z,2026-09-09T10:58:00,2.09,2.1,2.09,2.1,4154
2026-09-09T07:59:00.000Z,2026-09-09T10:59:00,2.09,2.09,2.09,2.09,1706377
2026-09-09T08:00:00.000Z,2026-09-09T11:00:00,2.09,2.1,2.09,2.09,796955
2026-09-09T08:01:00.000Z,2026-09-09T11:01:00,2.1,2.1,2.09,2.1,801500
2026-09-09T08:02:00.000Z,2026-09-09T11:02:00,2.09,2.09,2.09,2.09,251297
2026-09-09T08:03:00.000Z,2026-09-09T11:03:00,2.09,2.09,2.09,2.09,101500
2026-09-09T08:04:00.000Z,2026-09-09T11:04:00,2.1,2.1,2.1,2.1,3178
2026-09-09T08:05:00.000Z,2026-09-09T11:05:00,2.09,2.1,2.09,2.1,619
2026-09-09T08:06:00.000Z,2026-09-09T11:06:00,2.1,2.1,2.1,2.1,9254
2026-09-09T08:07:00.000Z,2026-09-09T11:07:00,2.1,2.1,2.09,2.09,890
2026-09-09T08:08:00.000Z,2026-09-09T11:08:00,2.1,2.1,2.1,2.1,4000
2026-09-09T08:09:00.000Z,2026-09-09T11:09:00,2.09,2.09,2.09,2.09,16528
2026-09-09T08:10:00.000Z,2026-09-09T11:10:00,2.09,2.1,2.09,2.1,1205050
2026-09-09T08:11:00.000Z,2026-09-09T11:11:00,2.09,2.1,2.09,2.1,960700
2026-09-09T08:12:00.000Z,2026-09-09T11:12:00,2.1,2.1,2.09,2.09,13958
2026-09-09T08:13:00.000Z,2026-09-09T11:13:00,2.09,2.09,2.09,2.09,91892
2026-09-09T08:14:00.000Z,2026-09-09T11:14:00,2.08,2.09,2.08,2.08,40674
2026-09-09T08:15:00.000Z,2026-09-09T11:15:00,2.09,2.09,2.09,2.09,10732
2026-09-09T08:16:00.000Z,2026-09-09T11:16:00,2.09,2.09,2.09,2.09,262
2026-09-09T08:17:00.000Z,2026-09-09T11:17:00,2.09,2.09,2.09,2.09,1000
2026-09-09T08:18:00.000Z,2026-09-09T11:18:00,2.08,2.09,2.08,2.09,2424
2026-09-09T08:19:00.000Z,2026-09-09T11:19:00,2.09,2.09,2.08,2.09,72041
2026-09-09T08:20:00.000Z,2026-09-09T11:20:00,2.09,2.09,2.09,2.09,3402
2026-09-09T08:21:00.000Z,2026-09-09T11:21:00,2.09,2.09,2.09,2.09,2746
2026-09-09T08:22:00.000Z,2026-09-09T11:22:00,2.08,2.09,2.08,2.09,11435
2026-09-09T08:23:00.000Z,2026-09-09T11:23:00,2.09,2.09,2.09,2.09,1500
2026-09-09T08:25:00.000Z,2026-09-09T11:25:00,2.08,2.08,2.08,2.08,28962
2026-09-09T08:27:00.000Z,2026-09-09T11:27:00,2.09,2.09,2.09,2.09,10
2026-09-09T08:28:00.000Z,2026-09-09T11:28:00,2.09,2.09,2.09,2.09,15
2026-09-09T08:29:00.000Z,2026-09-09T11:29:00,2.09,2.09,2.09,2.09,82
2026-09-09T08:31:00.000Z,2026-09-09T11:31:00,2.08,2.08,2.08,2.08,1192
2026-09-09T08:32:00.000Z,2026-09-09T11:32:00,2.08,2.08,2.08,2.08,5192
2026-09-09T08:33:00.000Z,2026-09-09T11:33:00,2.08,2.08,2.08,2.08,1191
2026-09-09T08:34:00.000Z,2026-09-09T11:34:00,2.08,2.08,2.08,2.08,1191
2026-09-09T08:35:00.000Z,2026-09-09T11:35:00,2.08,2.09,2.08,2.09,2149
2026-09-09T08:36:00.000Z,2026-09-09T11:36:00,2.09,2.09,2.08,2.09,1470
2026-09-09T08:37:00.000Z,2026-09-09T11:37:00,2.08,2.08,2.08,2.08,1291
2026-09-09T08:38:00.000Z,2026-09-09T11:38:00,2.08,2.09,2.08,2.08,7166
2026-09-09T08:39:00.000Z,2026-09-09T11:39:00,2.09,2.09,2.08,2.08,5689
2026-09-09T08:40:00.000Z,2026-09-09T11:40:00,2.09,2.09,2.08,2.08,24595
2026-09-09T08:41:00.000Z,2026-09-09T11:41:00,2.09,2.1,2.08,2.1,5005366
2026-09-09T08:42:00.000Z,2026-09-09T11:42:00,2.09,2.1,2.09,2.1,560405
2026-09-09T08:43:00.000Z,2026-09-09T11:43:00,2.1,2.1,2.09,2.1,1448219
2026-09-09T08:44:00.000Z,2026-09-09T11:44:00,2.1,2.1,2.09,2.1,72814
2026-09-09T08:45:00.000Z,2026-09-09T11:45:00,2.09,2.1,2.09,2.1,809261
2026-09-09T08:46:00.000Z,2026-09-09T11:46:00,2.1,2.1,2.1,2.1,480
2026-09-09T08:47:00.000Z,2026-09-09T11:47:00,2.1,2.1,2.1,2.1,1041937
2026-09-09T08:48:00.000Z,2026-09-09T11:48:00,2.1,2.1,2.09,2.09,348554
2026-09-09T08:49:00.000Z,2026-09-09T11:49:00,2.1,2.11,2.1,2.11,310253
2026-09-09T08:50:00.000Z,2026-09-09T11:50:00,2.1,2.11,2.1,2.1,2154486
2026-09-09T08:51:00.000Z,2026-09-09T11:51:00,2.11,2.11,2.1,2.1,2000189
2026-09-09T08:52:00.000Z,2026-09-09T11:52:00,2.1,2.11,2.1,2.11,1194
2026-09-09T08:54:00.000Z,2026-09-09T11:54:00,2.11,2.11,2.11,2.11,250000
2026-09-09T08:55:00.000Z,2026-09-09T11:55:00,2.1,2.11,2.1,2.11,92961
2026-09-09T08:56:00.000Z,2026-09-09T11:56:00,2.1,2.1,2.1,2.1,10000
2026-09-09T08:57:00.000Z,2026-09-09T11:57:00,2.11,2.11,2.11,2.11,30300
2026-09-09T08:59:00.000Z,2026-09-09T11:59:00,2.1,2.1,2.1,2.1,2500
2026-09-09T09:01:00.000Z,2026-09-09T12:01:00,2.11,2.11,2.1,2.11,6437
2026-09-09T09:02:00.000Z,2026-09-09T12:02:00,2.11,2.11,2.11,2.11,1000532
2026-09-09T09:03:00.000Z,2026-09-09T12:03:00,2.1,2.11,2.1,2.11,3560976
2026-09-09T09:04:00.000Z,2026-09-09T12:04:00,2.11,2.12,2.11,2.12,166159
2026-09-09T09:05:00.000Z,2026-09-09T12:05:00,2.11,2.11,2.11,2.11,21916
2026-09-09T09:06:00.000Z,2026-09-09T12:06:00,2.11,2.11,2.1,2.1,2034423
2026-09-09T09:07:00.000Z,2026-09-09T12:07:00,2.11,2.11,2.11,2.11,41651
2026-09-09T09:08:00.000Z,2026-09-09T12:08:00,2.11,2.11,2.11,2.11,73603
2026-09-09T09:09:00.000Z,2026-09-09T12:09:00,2.11,2.11,2.11,2.11,1657
2026-09-09T09:10:00.000Z,2026-09-09T12:10:00,2.12,2.12,2.11,2.12,27300
2026-09-09T09:11:00.000Z,2026-09-09T12:11:00,2.11,2.11,2.11,2.11,29000
2026-09-09T09:12:00.000Z,2026-09-09T12:12:00,2.11,2.12,2.11,2.12,34398
2026-09-09T09:13:00.000Z,2026-09-09T12:13:00,2.11,2.12,2.11,2.11,4196
2026-09-09T09:14:00.000Z,2026-09-09T12:14:00,2.11,2.11,2.11,2.11,4000
2026-09-09T09:15:00.000Z,2026-09-09T12:15:00,2.12,2.12,2.11,2.11,986806
2026-09-09T09:16:00.000Z,2026-09-09T12:16:00,2.11,2.11,2.11,2.11,10000
2026-09-09T09:17:00.000Z,2026-09-09T12:17:00,2.11,2.11,2.1,2.1,51000
2026-09-09T09:18:00.000Z,2026-09-09T12:18:00,2.1,2.1,2.1,2.1,11382
2026-09-09T09:19:00.000Z,2026-09-09T12:19:00,2.11,2.11,2.11,2.11,270
2026-09-09T09:21:00.000Z,2026-09-09T12:21:00,2.11,2.11,2.11,2.11,156549
2026-09-09T09:22:00.000Z,2026-09-09T12:22:00,2.11,2.11,2.11,2.11,1894
2026-09-09T09:23:00.000Z,2026-09-09T12:23:00,2.11,2.11,2.11,2.11,8
2026-09-09T09:24:00.000Z,2026-09-09T12:24:00,2.11,2.11,2.11,2.11,19
2026-09-09T09:25:00.000Z,2026-09-09T12:25:00,2.11,2.11,2.11,2.11,3000
2026-09-09T09:26:00.000Z,2026-09-09T12:26:00,2.1,2.11,2.1,2.11,50164
2026-09-09T09:28:00.000Z,2026-09-09T12:28:00,2.11,2.11,2.11,2.11,100
2026-09-09T09:29:00.000Z,2026-09-09T12:29:00,2.11,2.11,2.11,2.11,130044
2026-09-09T09:30:00.000Z,2026-09-09T12:30:00,2.11,2.11,2.11,2.11,28845
2026-09-09T09:31:00.000Z,2026-09-09T12:31:00,2.11,2.11,2.11,2.11,47
2026-09-09T09:33:00.000Z,2026-09-09T12:33:00,2.11,2.11,2.11,2.11,3388
2026-09-09T09:34:00.000Z,2026-09-09T12:34:00,2.11,2.11,2.11,2.11,1579
2026-09-09T09:35:00.000Z,2026-09-09T12:35:00,2.11,2.11,2.11,2.11,20000
2026-09-09T09:36:00.000Z,2026-09-09T12:36:00,2.11,2.11,2.11,2.11,241179
2026-09-09T09:37:00.000Z,2026-09-09T12:37:00,2.11,2.11,2.11,2.11,695
2026-09-09T09:38:00.000Z,2026-09-09T12:38:00,2.11,2.11,2.1,2.11,1690
2026-09-09T09:39:00.000Z,2026-09-09T12:39:00,2.11,2.11,2.1,2.1,2276
2026-09-09T09:41:00.000Z,2026-09-09T12:41:00,2.11,2.11,2.11,2.11,108391
2026-09-09T09:42:00.000Z,2026-09-09T12:42:00,2.1,2.11,2.1,2.11,9184
2026-09-09T09:43:00.000Z,2026-09-09T12:43:00,2.11,2.11,2.11,2.11,980
2026-09-09T09:44:00.000Z,2026-09-09T12:44:00,2.1,2.11,2.1,2.11,60051
2026-09-09T09:45:00.000Z,2026-09-09T12:45:00,2.11,2.11,2.11,2.11,1563
2026-09-09T09:46:00.000Z,2026-09-09T12:46:00,2.11,2.11,2.1,2.1,106944
2026-09-09T09:47:00.000Z,2026-09-09T12:47:00,2.1,2.1,2.1,2.1,10500
2026-09-09T09:48:00.000Z,2026-09-09T12:48:00,2.1,2.11,2.1,2.11,3338
2026-09-09T09:49:00.000Z,2026-09-09T12:49:00,2.1,2.11,2.1,2.1,10375
2026-09-09T09:50:00.000Z,2026-09-09T12:50:00,2.11,2.11,2.1,2.1,100300
2026-09-09T09:53:00.000Z,2026-09-09T12:53:00,2.1,2.1,2.1,2.1,61684
2026-09-09T09:54:00.000Z,2026-09-09T12:54:00,2.11,2.11,2.11,2.11,3345
2026-09-09T09:55:00.000Z,2026-09-09T12:55:00,2.11,2.11,2.11,2.11,2375
2026-09-09T09:56:00.000Z,2026-09-09T12:56:00,2.11,2.11,2.1,2.1,3040
2026-09-09T09:57:00.000Z,2026-09-09T12:57:00,2.11,2.11,2.11,2.11,1856282
2026-09-09T09:58:00.000Z,2026-09-09T12:58:00,2.11,2.11,2.11,2.11,500000
2026-09-09T09:59:00.000Z,2026-09-09T12:59:00,2.12,2.12,2.11,2.12,3051
2026-09-09T10:01:00.000Z,2026-09-09T13:01:00,2.11,2.11,2.11,2.11,1928
2026-09-09T10:02:00.000Z,2026-09-09T13:02:00,2.11,2.12,2.11,2.11,33194
2026-09-09T10:03:00.000Z,2026-09-09T13:03:00,2.12,2.12,2.12,2.12,51000
2026-09-09T10:04:00.000Z,2026-09-09T13:04:00,2.12,2.12,2.12,2.12,1000
2026-09-09T10:05:00.000Z,2026-09-09T13:05:00,2.11,2.11,2.11,2.11,250
2026-09-09T10:06:00.000Z,2026-09-09T13:06:00,2.11,2.12,2.11,2.12,1095008
2026-09-09T10:07:00.000Z,2026-09-09T13:07:00,2.11,2.11,2.11,2.11,3825
2026-09-09T10:09:00.000Z,2026-09-09T13:09:00,2.12,2.12,2.11,2.11,32625
2026-09-09T10:10:00.000Z,2026-09-09T13:10:00,2.11,2.11,2.11,2.11,1
2026-09-09T10:11:00.000Z,2026-09-09T13:11:00,2.11,2.12,2.11,2.11,181742
2026-09-09T10:12:00.000Z,2026-09-09T13:12:00,2.12,2.12,2.12,2.12,10063
2026-09-09T10:13:00.000Z,2026-09-09T13:13:00,2.11,2.11,2.11,2.11,11177
2026-09-09T10:14:00.000Z,2026-09-09T13:14:00,2.12,2.12,2.11,2.11,7508
2026-09-09T10:15:00.000Z,2026-09-09T13:15:00,2.11,2.11,2.11,2.11,47242
2026-09-09T10:16:00.000Z,2026-09-09T13:16:00,2.11,2.11,2.11,2.11,2463
2026-09-09T10:17:00.000Z,2026-09-09T13:17:00,2.11,2.12,2.11,2.11,70850
2026-09-09T10:18:00.000Z,2026-09-09T13:18:00,2.11,2.12,2.11,2.12,10090
2026-09-09T10:19:00.000Z,2026-09-09T13:19:00,2.12,2.12,2.12,2.12,23588
2026-09-09T10:20:00.000Z,2026-09-09T13:20:00,2.12,2.12,2.11,2.11,17591
2026-09-09T10:21:00.000Z,2026-09-09T13:21:00,2.12,2.12,2.11,2.11,7677
2026-09-09T10:22:00.000Z,2026-09-09T13:22:00,2.11,2.12,2.11,2.11,3603
2026-09-09T10:23:00.000Z,2026-09-09T13:23:00,2.11,2.12,2.11,2.12,9804
2026-09-09T10:24:00.000Z,2026-09-09T13:24:00,2.12,2.12,2.12,2.12,127000
2026-09-09T10:25:00.000Z,2026-09-09T13:25:00,2.12,2.12,2.11,2.12,20292
2026-09-09T10:27:00.000Z,2026-09-09T13:27:00,2.12,2.12,2.12,2.12,1929
2026-09-09T10:28:00.000Z,2026-09-09T13:28:00,2.12,2.12,2.11,2.11,15929
2026-09-09T10:32:00.000Z,2026-09-09T13:32:00,2.12,2.12,2.11,2.11,2087
2026-09-09T10:33:00.000Z,2026-09-09T13:33:00,2.11,2.12,2.11,2.11,44484
2026-09-09T10:34:00.000Z,2026-09-09T13:34:00,2.12,2.12,2.11,2.11,75614
2026-09-09T10:35:00.000Z,2026-09-09T13:35:00,2.12,2.12,2.12,2.12,7722
2026-09-09T10:36:00.000Z,2026-09-09T13:36:00,2.12,2.12,2.11,2.12,785
2026-09-09T10:37:00.000Z,2026-09-09T13:37:00,2.12,2.12,2.11,2.11,700290
2026-09-09T10:38:00.000Z,2026-09-09T13:38:00,2.11,2.11,2.11,2.11,5199
2026-09-09T10:39:00.000Z,2026-09-09T13:39:00,2.11,2.12,2.11,2.12,249
2026-09-09T10:40:00.000Z,2026-09-09T13:40:00,2.11,2.12,2.11,2.11,34933
2026-09-09T10:41:00.000Z,2026-09-09T13:41:00,2.11,2.12,2.11,2.12,90828
2026-09-09T10:42:00.000Z,2026-09-09T13:42:00,2.11,2.12,2.11,2.11,255638
2026-09-09T10:43:00.000Z,2026-09-09T13:43:00,2.11,2.12,2.11,2.11,6117
2026-09-09T10:44:00.000Z,2026-09-09T13:44:00,2.11,2.12,2.11,2.12,11067
2026-09-09T10:45:00.000Z,2026-09-09T13:45:00,2.11,2.12,2.11,2.11,48366
2026-09-09T10:46:00.000Z,2026-09-09T13:46:00,2.11,2.13,2.11,2.12,3720081
2026-09-09T10:47:00.000Z,2026-09-09T13:47:00,2.13,2.13,2.12,2.12,23859
2026-09-09T10:48:00.000Z,2026-09-09T13:48:00,2.13,2.13,2.12,2.12,51001
2026-09-09T10:50:00.000Z,2026-09-09T13:50:00,2.12,2.13,2.12,2.13,256905
2026-09-09T10:51:00.000Z,2026-09-09T13:51:00,2.13,2.13,2.12,2.13,143635
2026-09-09T10:52:00.000Z,2026-09-09T13:52:00,2.13,2.13,2.12,2.12,56994
2026-09-09T10:53:00.000Z,2026-09-09T13:53:00,2.13,2.13,2.13,2.13,6983
2026-09-09T10:54:00.000Z,2026-09-09T13:54:00,2.12,2.13,2.12,2.13,1719870
2026-09-09T10:55:00.000Z,2026-09-09T13:55:00,2.13,2.13,2.12,2.12,60858
2026-09-09T10:56:00.000Z,2026-09-09T13:56:00,2.13,2.13,2.12,2.12,58617
2026-09-09T10:57:00.000Z,2026-09-09T13:57:00,2.13,2.13,2.13,2.13,260000
2026-09-09T10:58:00.000Z,2026-09-09T13:58:00,2.13,2.13,2.13,2.13,110970
2026-09-09T10:59:00.000Z,2026-09-09T13:59:00,2.13,2.13,2.12,2.12,13431
2026-09-09T11:00:00.000Z,2026-09-09T14:00:00,2.12,2.13,2.12,2.12,46407
2026-09-09T11:01:00.000Z,2026-09-09T14:01:00,2.12,2.13,2.12,2.12,114771
2026-09-09T11:02:00.000Z,2026-09-09T14:02:00,2.13,2.13,2.13,2.13,93043
2026-09-09T11:03:00.000Z,2026-09-09T14:03:00,2.13,2.14,2.13,2.13,5466283
2026-09-09T11:04:00.000Z,2026-09-09T14:04:00,2.13,2.13,2.13,2.13,1090061
2026-09-09T11:05:00.000Z,2026-09-09T14:05:00,2.13,2.14,2.13,2.13,84940
2026-09-09T11:06:00.000Z,2026-09-09T14:06:00,2.14,2.14,2.13,2.14,438389
2026-09-09T11:07:00.000Z,2026-09-09T14:07:00,2.13,2.14,2.13,2.14,163246
2026-09-09T11:08:00.000Z,2026-09-09T14:08:00,2.14,2.14,2.13,2.14,18853
2026-09-09T11:09:00.000Z,2026-09-09T14:09:00,2.13,2.14,2.13,2.14,14375
2026-09-09T11:10:00.000Z,2026-09-09T14:10:00,2.14,2.14,2.13,2.14,14757
2026-09-09T11:11:00.000Z,2026-09-09T14:11:00,2.14,2.14,2.13,2.14,3852
2026-09-09T11:12:00.000Z,2026-09-09T14:12:00,2.13,2.14,2.13,2.14,294698
2026-09-09T11:13:00.000Z,2026-09-09T14:13:00,2.14,2.14,2.13,2.14,73529
2026-09-09T11:14:00.000Z,2026-09-09T14:14:00,2.14,2.14,2.13,2.14,3676448
2026-09-09T11:25:00.000Z,2026-09-09T14:25:00,2.13,2.13,2.13,2.13,7117000
2026-09-09T11:26:00.000Z,2026-09-09T14:26:00,2.13,2.13,2.13,2.13,2588612
2026-09-09T11:27:00.000Z,2026-09-09T14:27:00,2.13,2.13,2.13,2.13,9101
2026-09-09T11:28:00.000Z,2026-09-09T14:28:00,2.13,2.13,2.13,2.13,160038
2026-09-09T11:29:00.000Z,2026-09-09T14:29:00,2.13,2.13,2.13,2.13,500000
2026-09-10T07:00:00.000Z,2026-09-10T10:00:00,2.14,2.14,2.13,2.13,446922
2026-09-10T07:01:00.000Z,2026-09-10T10:01:00,2.13,2.14,2.13,2.14,105500
2026-09-10T07:02:00.000Z,2026-09-10T10:02:00,2.14,2.14,2.13,2.14,11491
2026-09-10T07:03:00.000Z,2026-09-10T10:03:00,2.14,2.14,2.13,2.13,545001
2026-09-10T07:04:00.000Z,2026-09-10T10:04:00,2.14,2.14,2.13,2.13,4721
2026-09-10T07:05:00.000Z,2026-09-10T10:05:00,2.14,2.14,2.13,2.13,1139
2026-09-10T07:06:00.000Z,2026-09-10T10:06:00,2.14,2.14,2.14,2.14,106754
2026-09-10T07:07:00.000Z,2026-09-10T10:07:00,2.14,2.14,2.13,2.14,101253
2026-09-10T07:08:00.000Z,2026-09-10T10:08:00,2.14,2.14,2.14,2.14,863
2026-09-10T07:09:00.000Z,2026-09-10T10:09:00,2.14,2.14,2.13,2.13,802154
2026-09-10T07:10:00.000Z,2026-09-10T10:10:00,2.14,2.14,2.13,2.13,87212
2026-09-10T07:11:00.000Z,2026-09-10T10:11:00,2.12,2.12,2.12,2.12,54324
2026-09-10T07:12:00.000Z,2026-09-10T10:12:00,2.13,2.13,2.13,2.13,4600
2026-09-10T07:13:00.000Z,2026-09-10T10:13:00,2.12,2.13,2.12,2.12,25500
2026-09-10T07:14:00.000Z,2026-09-10T10:14:00,2.12,2.12,2.12,2.12,5
2026-09-10T07:15:00.000Z,2026-09-10T10:15:00,2.13,2.13,2.13,2.13,5113
2026-09-10T07:16:00.000Z,2026-09-10T10:16:00,2.13,2.13,2.12,2.12,20529
2026-09-10T07:17:00.000Z,2026-09-10T10:17:00,2.13,2.13,2.12,2.13,94556
2026-09-10T07:18:00.000Z,2026-09-10T10:18:00,2.12,2.13,2.12,2.12,330001
2026-09-10T07:19:00.000Z,2026-09-10T10:19:00,2.13,2.13,2.13,2.13,2939
2026-09-10T07:20:00.000Z,2026-09-10T10:20:00,2.12,2.13,2.12,2.13,47046
2026-09-10T07:21:00.000Z,2026-09-10T10:21:00,2.12,2.13,2.12,2.13,24355
2026-09-10T07:22:00.000Z,2026-09-10T10:22:00,2.13,2.13,2.13,2.13,377
2026-09-10T07:23:00.000Z,2026-09-10T10:23:00,2.13,2.13,2.12,2.12,5511
2026-09-10T07:24:00.000Z,2026-09-10T10:24:00,2.12,2.13,2.12,2.13,2195
2026-09-10T07:25:00.000Z,2026-09-10T10:25:00,2.12,2.13,2.12,2.13,7508
2026-09-10T07:26:00.000Z,2026-09-10T10:26:00,2.12,2.13,2.12,2.12,25393
2026-09-10T07:27:00.000Z,2026-09-10T10:27:00,2.12,2.13,2.12,2.13,19017
2026-09-10T07:28:00.000Z,2026-09-10T10:28:00,2.13,2.13,2.13,2.13,214984
2026-09-10T07:30:00.000Z,2026-09-10T10:30:00,2.12,2.12,2.12,2.12,65600
2026-09-10T07:31:00.000Z,2026-09-10T10:31:00,2.13,2.13,2.13,2.13,3027
2026-09-10T07:32:00.000Z,2026-09-10T10:32:00,2.13,2.13,2.13,2.13,14787
2026-09-10T07:33:00.000Z,2026-09-10T10:33:00,2.13,2.13,2.12,2.13,7622
2026-09-10T07:34:00.000Z,2026-09-10T10:34:00,2.13,2.13,2.12,2.13,107738
2026-09-10T07:35:00.000Z,2026-09-10T10:35:00,2.13,2.13,2.12,2.12,9753
2026-09-10T07:36:00.000Z,2026-09-10T10:36:00,2.13,2.13,2.13,2.13,703
2026-09-10T07:37:00.000Z,2026-09-10T10:37:00,2.12,2.13,2.12,2.13,2984
2026-09-10T07:38:00.000Z,2026-09-10T10:38:00,2.13,2.13,2.12,2.12,2491
2026-09-10T07:39:00.000Z,2026-09-10T10:39:00,2.12,2.13,2.12,2.13,24357
2026-09-10T07:40:00.000Z,2026-09-10T10:40:00,2.13,2.13,2.12,2.12,27978
2026-09-10T07:41:00.000Z,2026-09-10T10:41:00,2.13,2.13,2.12,2.12,28164
2026-09-10T07:43:00.000Z,2026-09-10T10:43:00,2.13,2.13,2.13,2.13,7075
2026-09-10T07:45:00.000Z,2026-09-10T10:45:00,2.12,2.12,2.12,2.12,603
2026-09-10T07:46:00.000Z,2026-09-10T10:46:00,2.12,2.12,2.12,2.12,400
2026-09-10T07:47:00.000Z,2026-09-10T10:47:00,2.13,2.13,2.13,2.13,4162
2026-09-10T07:48:00.000Z,2026-09-10T10:48:00,2.12,2.13,2.12,2.13,5734
2026-09-10T07:49:00.000Z,2026-09-10T10:49:00,2.12,2.13,2.12,2.13,30241
2026-09-10T07:50:00.000Z,2026-09-10T10:50:00,2.13,2.13,2.13,2.13,58378
2026-09-10T07:51:00.000Z,2026-09-10T10:51:00,2.12,2.12,2.12,2.12,25592
2026-09-10T07:52:00.000Z,2026-09-10T10:52:00,2.13,2.13,2.13,2.13,300
2026-09-10T07:53:00.000Z,2026-09-10T10:53:00,2.13,2.13,2.13,2.13,283
2026-09-10T07:54:00.000Z,2026-09-10T10:54:00,2.12,2.13,2.12,2.12,14018
2026-09-10T07:55:00.000Z,2026-09-10T10:55:00,2.12,2.12,2.12,2.12,282669
2026-09-10T07:56:00.000Z,2026-09-10T10:56:00,2.12,2.12,2.12,2.12,363727
2026-09-10T07:57:00.000Z,2026-09-10T10:57:00,2.12,2.13,2.12,2.13,26768
2026-09-10T07:58:00.000Z,2026-09-10T10:58:00,2.12,2.12,2.12,2.12,500
2026-09-10T07:59:00.000Z,2026-09-10T10:59:00,2.12,2.13,2.12,2.13,18887
2026-09-10T08:00:00.000Z,2026-09-10T11:00:00,2.13,2.13,2.12,2.12,44747
2026-09-10T08:01:00.000Z,2026-09-10T11:01:00,2.13,2.13,2.13,2.13,22612
2026-09-10T08:02:00.000Z,2026-09-10T11:02:00,2.12,2.13,2.12,2.13,102373
2026-09-10T08:03:00.000Z,2026-09-10T11:03:00,2.13,2.13,2.11,2.12,7938
2026-09-10T08:04:00.000Z,2026-09-10T11:04:00,2.11,2.12,2.11,2.12,40054
2026-09-10T08:05:00.000Z,2026-09-10T11:05:00,2.12,2.12,2.11,2.11,5111
2026-09-10T08:06:00.000Z,2026-09-10T11:06:00,2.11,2.12,2.11,2.11,80729
2026-09-10T08:07:00.000Z,2026-09-10T11:07:00,2.11,2.11,2.11,2.11,90000
2026-09-10T08:08:00.000Z,2026-09-10T11:08:00,2.11,2.12,2.11,2.12,9184
2026-09-10T08:09:00.000Z,2026-09-10T11:09:00,2.12,2.12,2.11,2.11,33449
2026-09-10T08:10:00.000Z,2026-09-10T11:10:00,2.12,2.13,2.12,2.12,182804
2026-09-10T08:11:00.000Z,2026-09-10T11:11:00,2.12,2.13,2.12,2.13,4722
2026-09-10T08:12:00.000Z,2026-09-10T11:12:00,2.13,2.13,2.13,2.13,11490
2026-09-10T08:13:00.000Z,2026-09-10T11:13:00,2.12,2.13,2.12,2.13,1452
2026-09-10T08:14:00.000Z,2026-09-10T11:14:00,2.12,2.12,2.12,2.12,100500
2026-09-10T08:15:00.000Z,2026-09-10T11:15:00,2.12,2.12,2.12,2.12,547
2026-09-10T08:16:00.000Z,2026-09-10T11:16:00,2.12,2.13,2.12,2.12,28093
2026-09-10T08:18:00.000Z,2026-09-10T11:18:00,2.13,2.13,2.13,2.13,682
2026-09-10T08:19:00.000Z,2026-09-10T11:19:00,2.12,2.12,2.12,2.12,419
2026-09-10T08:20:00.000Z,2026-09-10T11:20:00,2.13,2.13,2.13,2.13,5034
2026-09-10T08:21:00.000Z,2026-09-10T11:21:00,2.13,2.13,2.13,2.13,9478
2026-09-10T08:22:00.000Z,2026-09-10T11:22:00,2.13,2.13,2.13,2.13,4
2026-09-10T08:23:00.000Z,2026-09-10T11:23:00,2.13,2.13,2.12,2.12,25952
2026-09-10T08:24:00.000Z,2026-09-10T11:24:00,2.13,2.13,2.12,2.12,63051
2026-09-10T08:25:00.000Z,2026-09-10T11:25:00,2.13,2.13,2.13,2.13,24673
2026-09-10T08:26:00.000Z,2026-09-10T11:26:00,2.12,2.12,2.12,2.12,29000
2026-09-10T08:27:00.000Z,2026-09-10T11:27:00,2.12,2.12,2.12,2.12,23754
2026-09-10T08:28:00.000Z,2026-09-10T11:28:00,2.13,2.13,2.12,2.12,8958
2026-09-10T08:29:00.000Z,2026-09-10T11:29:00,2.12,2.12,2.12,2.12,5437
2026-09-10T08:30:00.000Z,2026-09-10T11:30:00,2.12,2.13,2.12,2.12,29438
2026-09-10T08:32:00.000Z,2026-09-10T11:32:00,2.13,2.13,2.12,2.13,5999
2026-09-10T08:33:00.000Z,2026-09-10T11:33:00,2.12,2.13,2.12,2.13,44362
2026-09-10T08:34:00.000Z,2026-09-10T11:34:00,2.13,2.13,2.13,2.13,10000
2026-09-10T08:35:00.000Z,2026-09-10T11:35:00,2.13,2.13,2.13,2.13,25
2026-09-10T08:36:00.000Z,2026-09-10T11:36:00,2.13,2.13,2.13,2.13,63
2026-09-10T08:37:00.000Z,2026-09-10T11:37:00,2.13,2.13,2.13,2.13,5
2026-09-10T08:38:00.000Z,2026-09-10T11:38:00,2.13,2.13,2.13,2.13,648
2026-09-10T08:39:00.000Z,2026-09-10T11:39:00,2.12,2.13,2.12,2.12,877
2026-09-10T08:41:00.000Z,2026-09-10T11:41:00,2.13,2.13,2.12,2.12,487
2026-09-10T08:43:00.000Z,2026-09-10T11:43:00,2.13,2.13,2.13,2.13,4709
2026-09-10T08:44:00.000Z,2026-09-10T11:44:00,2.13,2.13,2.13,2.13,4
2026-09-10T08:45:00.000Z,2026-09-10T11:45:00,2.13,2.13,2.13,2.13,7176
2026-09-10T08:47:00.000Z,2026-09-10T11:47:00,2.13,2.13,2.13,2.13,1047
2026-09-10T08:48:00.000Z,2026-09-10T11:48:00,2.13,2.13,2.13,2.13,220
2026-09-10T08:49:00.000Z,2026-09-10T11:49:00,2.13,2.13,2.12,2.12,2944
2026-09-10T08:51:00.000Z,2026-09-10T11:51:00,2.13,2.13,2.13,2.13,7250
2026-09-10T08:53:00.000Z,2026-09-10T11:53:00,2.13,2.13,2.12,2.12,2830
2026-09-10T08:54:00.000Z,2026-09-10T11:54:00,2.12,2.12,2.12,2.12,72500
2026-09-10T08:56:00.000Z,2026-09-10T11:56:00,2.13,2.13,2.13,2.13,5
2026-09-10T08:57:00.000Z,2026-09-10T11:57:00,2.13,2.13,2.12,2.13,851488
2026-09-10T08:58:00.000Z,2026-09-10T11:58:00,2.13,2.13,2.13,2.13,176431
2026-09-10T09:02:00.000Z,2026-09-10T12:02:00,2.12,2.12,2.12,2.12,3000
2026-09-10T09:04:00.000Z,2026-09-10T12:04:00,2.13,2.13,2.13,2.13,3000
2026-09-10T09:05:00.000Z,2026-09-10T12:05:00,2.12,2.12,2.12,2.12,100
2026-09-10T09:07:00.000Z,2026-09-10T12:07:00,2.12,2.12,2.12,2.12,1500
2026-09-10T09:08:00.000Z,2026-09-10T12:08:00,2.12,2.13,2.12,2.13,30009
2026-09-10T09:09:00.000Z,2026-09-10T12:09:00,2.13,2.13,2.13,2.13,250
2026-09-10T09:12:00.000Z,2026-09-10T12:12:00,2.12,2.13,2.12,2.12,5730
2026-09-10T09:14:00.000Z,2026-09-10T12:14:00,2.13,2.13,2.13,2.13,3
2026-09-10T09:15:00.000Z,2026-09-10T12:15:00,2.13,2.13,2.13,2.13,28234
2026-09-10T09:17:00.000Z,2026-09-10T12:17:00,2.12,2.13,2.12,2.13,15553
2026-09-10T09:18:00.000Z,2026-09-10T12:18:00,2.12,2.12,2.12,2.12,8938
2026-09-10T09:19:00.000Z,2026-09-10T12:19:00,2.12,2.12,2.12,2.12,4476
2026-09-10T09:20:00.000Z,2026-09-10T12:20:00,2.13,2.13,2.12,2.13,9210
2026-09-10T09:21:00.000Z,2026-09-10T12:21:00,2.13,2.13,2.13,2.13,1000
2026-09-10T09:22:00.000Z,2026-09-10T12:22:00,2.12,2.12,2.12,2.12,2338
2026-09-10T09:24:00.000Z,2026-09-10T12:24:00,2.12,2.13,2.12,2.13,101238
2026-09-10T09:25:00.000Z,2026-09-10T12:25:00,2.13,2.13,2.13,2.13,2
2026-09-10T09:26:00.000Z,2026-09-10T12:26:00,2.13,2.13,2.12,2.12,2750
2026-09-10T09:27:00.000Z,2026-09-10T12:27:00,2.13,2.13,2.13,2.13,5
2026-09-10T09:28:00.000Z,2026-09-10T12:28:00,2.12,2.12,2.12,2.12,21640
2026-09-10T09:29:00.000Z,2026-09-10T12:29:00,2.12,2.12,2.12,2.12,1529
2026-09-10T09:30:00.000Z,2026-09-10T12:30:00,2.13,2.13,2.13,2.13,384
2026-09-10T09:31:00.000Z,2026-09-10T12:31:00,2.13,2.13,2.13,2.13,874
2026-09-10T09:32:00.000Z,2026-09-10T12:32:00,2.12,2.13,2.12,2.13,55220
2026-09-10T09:33:00.000Z,2026-09-10T12:33:00,2.13,2.13,2.13,2.13,777
2026-09-10T09:34:00.000Z,2026-09-10T12:34:00,2.13,2.13,2.12,2.12,20094
2026-09-10T09:35:00.000Z,2026-09-10T12:35:00,2.12,2.13,2.12,2.13,10640
2026-09-10T09:36:00.000Z,2026-09-10T12:36:00,2.13,2.13,2.13,2.13,2347
2026-09-10T09:37:00.000Z,2026-09-10T12:37:00,2.12,2.13,2.12,2.13,153868
2026-09-10T09:38:00.000Z,2026-09-10T12:38:00,2.13,2.13,2.12,2.13,39493
2026-09-10T09:39:00.000Z,2026-09-10T12:39:00,2.12,2.13,2.12,2.12,103023
2026-09-10T09:40:00.000Z,2026-09-10T12:40:00,2.12,2.12,2.12,2.12,110
2026-09-10T09:43:00.000Z,2026-09-10T12:43:00,2.12,2.12,2.12,2.12,31
2026-09-10T09:44:00.000Z,2026-09-10T12:44:00,2.13,2.13,2.13,2.13,10000
2026-09-10T09:45:00.000Z,2026-09-10T12:45:00,2.13,2.13,2.13,2.13,1198
2026-09-10T09:48:00.000Z,2026-09-10T12:48:00,2.13,2.13,2.13,2.13,1308
2026-09-10T09:49:00.000Z,2026-09-10T12:49:00,2.13,2.13,2.12,2.12,266
2026-09-10T09:50:00.000Z,2026-09-10T12:50:00,2.12,2.12,2.12,2.12,600
2026-09-10T09:51:00.000Z,2026-09-10T12:51:00,2.12,2.12,2.12,2.12,2025
2026-09-10T09:52:00.000Z,2026-09-10T12:52:00,2.13,2.13,2.13,2.13,469
2026-09-10T09:53:00.000Z,2026-09-10T12:53:00,2.13,2.13,2.13,2.13,4694
2026-09-10T09:54:00.000Z,2026-09-10T12:54:00,2.12,2.13,2.12,2.12,101572
2026-09-10T09:57:00.000Z,2026-09-10T12:57:00,2.12,2.12,2.12,2.12,6000
2026-09-10T09:58:00.000Z,2026-09-10T12:58:00,2.12,2.12,2.12,2.12,213366
2026-09-10T09:59:00.000Z,2026-09-10T12:59:00,2.12,2.13,2.12,2.12,33504
2026-09-10T10:00:00.000Z,2026-09-10T13:00:00,2.12,2.12,2.12,2.12,2500
2026-09-10T10:01:00.000Z,2026-09-10T13:01:00,2.12,2.12,2.12,2.12,7380
2026-09-10T10:02:00.000Z,2026-09-10T13:02:00,2.13,2.13,2.13,2.13,65
2026-09-10T10:03:00.000Z,2026-09-10T13:03:00,2.13,2.13,2.12,2.12,10023
2026-09-10T10:04:00.000Z,2026-09-10T13:04:00,2.13,2.13,2.13,2.13,2952
2026-09-10T10:05:00.000Z,2026-09-10T13:05:00,2.13,2.13,2.12,2.13,59566
2026-09-10T10:06:00.000Z,2026-09-10T13:06:00,2.13,2.13,2.13,2.13,250
2026-09-10T10:07:00.000Z,2026-09-10T13:07:00,2.12,2.12,2.12,2.12,1801
2026-09-10T10:08:00.000Z,2026-09-10T13:08:00,2.13,2.13,2.13,2.13,720500
2026-09-10T10:09:00.000Z,2026-09-10T13:09:00,2.13,2.13,2.13,2.13,1004750
2026-09-10T10:10:00.000Z,2026-09-10T13:10:00,2.13,2.14,2.13,2.14,894147
2026-09-10T10:12:00.000Z,2026-09-10T13:12:00,2.14,2.14,2.14,2.14,521
2026-09-10T10:13:00.000Z,2026-09-10T13:13:00,2.14,2.14,2.13,2.13,8152
2026-09-10T10:14:00.000Z,2026-09-10T13:14:00,2.14,2.14,2.14,2.14,41753
2026-09-10T10:15:00.000Z,2026-09-10T13:15:00,2.14,2.14,2.13,2.13,51000
2026-09-10T10:16:00.000Z,2026-09-10T13:16:00,2.14,2.14,2.14,2.14,3209
2026-09-10T10:17:00.000Z,2026-09-10T13:17:00,2.14,2.14,2.13,2.13,1871
2026-09-10T10:18:00.000Z,2026-09-10T13:18:00,2.14,2.14,2.14,2.14,5
2026-09-10T10:19:00.000Z,2026-09-10T13:19:00,2.14,2.14,2.14,2.14,1601255
2026-09-10T10:20:00.000Z,2026-09-10T13:20:00,2.14,2.14,2.14,2.14,1752495
2026-09-10T10:21:00.000Z,2026-09-10T13:21:00,2.14,2.14,2.13,2.14,801965
2026-09-10T10:22:00.000Z,2026-09-10T13:22:00,2.14,2.14,2.14,2.14,101
2026-09-10T10:23:00.000Z,2026-09-10T13:23:00,2.14,2.14,2.14,2.14,25
2026-09-10T10:24:00.000Z,2026-09-10T13:24:00,2.13,2.13,2.13,2.13,1810
2026-09-10T10:25:00.000Z,2026-09-10T13:25:00,2.14,2.14,2.14,2.14,2452
2026-09-10T10:26:00.000Z,2026-09-10T13:26:00,2.14,2.14,2.14,2.14,250414
2026-09-10T10:27:00.000Z,2026-09-10T13:27:00,2.13,2.14,2.13,2.14,20016
2026-09-10T10:28:00.000Z,2026-09-10T13:28:00,2.14,2.15,2.14,2.14,827910
2026-09-10T10:29:00.000Z,2026-09-10T13:29:00,2.14,2.15,2.14,2.15,4090
2026-09-10T10:30:00.000Z,2026-09-10T13:30:00,2.14,2.14,2.14,2.14,165000
2026-09-10T10:32:00.000Z,2026-09-10T13:32:00,2.15,2.15,2.15,2.15,1000000
2026-09-10T10:33:00.000Z,2026-09-10T13:33:00,2.15,2.15,2.15,2.15,644051
2026-09-10T10:34:00.000Z,2026-09-10T13:34:00,2.15,2.15,2.14,2.15,3989777
2026-09-10T10:35:00.000Z,2026-09-10T13:35:00,2.15,2.16,2.15,2.15,610383
2026-09-10T10:36:00.000Z,2026-09-10T13:36:00,2.15,2.16,2.15,2.16,1143233
2026-09-10T10:37:00.000Z,2026-09-10T13:37:00,2.15,2.15,2.15,2.15,3798
2026-09-10T10:38:00.000Z,2026-09-10T13:38:00,2.15,2.16,2.15,2.15,120695
2026-09-10T10:39:00.000Z,2026-09-10T13:39:00,2.16,2.16,2.16,2.16,212
2026-09-10T10:40:00.000Z,2026-09-10T13:40:00,2.16,2.16,2.16,2.16,5168
2026-09-10T10:41:00.000Z,2026-09-10T13:41:00,2.16,2.16,2.16,2.16,1132
2026-09-10T10:42:00.000Z,2026-09-10T13:42:00,2.16,2.16,2.16,2.16,1000000
2026-09-10T10:43:00.000Z,2026-09-10T13:43:00,2.16,2.16,2.15,2.15,3785175
2026-09-10T10:44:00.000Z,2026-09-10T13:44:00,2.16,2.16,2.15,2.15,12409
2026-09-10T10:45:00.000Z,2026-09-10T13:45:00,2.16,2.16,2.15,2.16,6345
2026-09-10T10:46:00.000Z,2026-09-10T13:46:00,2.15,2.15,2.15,2.15,433673
2026-09-10T10:47:00.000Z,2026-09-10T13:47:00,2.15,2.15,2.14,2.14,110104
2026-09-10T10:48:00.000Z,2026-09-10T13:48:00,2.15,2.15,2.15,2.15,496027
2026-09-10T10:49:00.000Z,2026-09-10T13:49:00,2.16,2.16,2.14,2.15,16000
2026-09-10T10:50:00.000Z,2026-09-10T13:50:00,2.16,2.16,2.15,2.15,1640
2026-09-10T10:51:00.000Z,2026-09-10T13:51:00,2.16,2.16,2.16,2.16,24750
2026-09-10T10:52:00.000Z,2026-09-10T13:52:00,2.16,2.16,2.16,2.16,73000
2026-09-10T10:53:00.000Z,2026-09-10T13:53:00,2.15,2.16,2.15,2.16,342254
2026-09-10T10:54:00.000Z,2026-09-10T13:54:00,2.16,2.16,2.16,2.16,10714
2026-09-10T10:55:00.000Z,2026-09-10T13:55:00,2.16,2.16,2.16,2.16,22593
2026-09-10T10:56:00.000Z,2026-09-10T13:56:00,2.16,2.16,2.16,2.16,1366
2026-09-10T10:57:00.000Z,2026-09-10T13:57:00,2.16,2.16,2.16,2.16,116944
2026-09-10T10:59:00.000Z,2026-09-10T13:59:00,2.15,2.15,2.15,2.15,519689
2026-09-10T11:00:00.000Z,2026-09-10T14:00:00,2.15,2.16,2.15,2.15,632317
2026-09-10T11:01:00.000Z,2026-09-10T14:01:00,2.16,2.16,2.15,2.15,31317
2026-09-10T11:02:00.000Z,2026-09-10T14:02:00,2.16,2.16,2.16,2.16,110974
2026-09-10T11:03:00.000Z,2026-09-10T14:03:00,2.16,2.16,2.15,2.16,1407049
2026-09-10T11:04:00.000Z,2026-09-10T14:04:00,2.16,2.16,2.15,2.16,318165
2026-09-10T11:05:00.000Z,2026-09-10T14:05:00,2.16,2.16,2.16,2.16,743
2026-09-10T11:06:00.000Z,2026-09-10T14:06:00,2.15,2.16,2.15,2.16,5110
2026-09-10T11:07:00.000Z,2026-09-10T14:07:00,2.16,2.16,2.16,2.16,4571
2026-09-10T11:08:00.000Z,2026-09-10T14:08:00,2.16,2.16,2.16,2.16,60242
2026-09-10T11:09:00.000Z,2026-09-10T14:09:00,2.16,2.16,2.16,2.16,4298
2026-09-10T11:10:00.000Z,2026-09-10T14:10:00,2.15,2.16,2.15,2.16,124269
2026-09-10T11:11:00.000Z,2026-09-10T14:11:00,2.16,2.16,2.16,2.16,4996
2026-09-10T11:12:00.000Z,2026-09-10T14:12:00,2.16,2.16,2.15,2.15,47494
2026-09-10T11:13:00.000Z,2026-09-10T14:13:00,2.16,2.16,2.15,2.15,397331
2026-09-10T11:14:00.000Z,2026-09-10T14:14:00,2.16,2.16,2.15,2.15,188875
2026-09-10T11:15:00.000Z,2026-09-10T14:15:00,2.15,2.15,2.15,2.15,13953
2026-09-10T11:25:00.000Z,2026-09-10T14:25:00,2.16,2.16,2.16,2.16,5707369
2026-09-10T11:26:00.000Z,2026-09-10T14:26:00,2.16,2.16,2.16,2.16,20040
2026-09-10T11:27:00.000Z,2026-09-10T14:27:00,2.16,2.16,2.16,2.16,64750
2026-09-10T11:29:00.000Z,2026-09-10T14:29:00,2.16,2.16,2.16,2.16,1013346
2026-09-13T07:00:00.000Z,2026-09-13T10:00:00,2.16,2.17,2.16,2.17,91557
2026-09-13T07:01:00.000Z,2026-09-13T10:01:00,2.15,2.16,2.15,2.16,123795
2026-09-13T07:02:00.000Z,2026-09-13T10:02:00,2.16,2.16,2.15,2.15,371
2026-09-13T07:03:00.000Z,2026-09-13T10:03:00,2.15,2.16,2.15,2.16,328651
2026-09-13T07:04:00.000Z,2026-09-13T10:04:00,2.16,2.16,2.14,2.16,294848
2026-09-13T07:05:00.000Z,2026-09-13T10:05:00,2.16,2.16,2.14,2.14,43302
2026-09-13T07:06:00.000Z,2026-09-13T10:06:00,2.15,2.15,2.14,2.15,7042
2026-09-13T07:07:00.000Z,2026-09-13T10:07:00,2.15,2.15,2.15,2.15,3420
2026-09-13T07:08:00.000Z,2026-09-13T10:08:00,2.15,2.15,2.14,2.14,9203
2026-09-13T07:09:00.000Z,2026-09-13T10:09:00,2.14,2.15,2.14,2.14,30033
2026-09-13T07:10:00.000Z,2026-09-13T10:10:00,2.15,2.15,2.14,2.15,4074
2026-09-13T07:11:00.000Z,2026-09-13T10:11:00,2.14,2.15,2.14,2.14,38916
2026-09-13T07:12:00.000Z,2026-09-13T10:12:00,2.14,2.15,2.14,2.15,37895
2026-09-13T07:13:00.000Z,2026-09-13T10:13:00,2.14,2.15,2.14,2.14,21565
2026-09-13T07:14:00.000Z,2026-09-13T10:14:00,2.15,2.15,2.15,2.15,103
2026-09-13T07:15:00.000Z,2026-09-13T10:15:00,2.15,2.15,2.15,2.15,4014
2026-09-13T07:16:00.000Z,2026-09-13T10:16:00,2.15,2.15,2.15,2.15,1286
2026-09-13T07:17:00.000Z,2026-09-13T10:17:00,2.15,2.15,2.15,2.15,4268
2026-09-13T07:18:00.000Z,2026-09-13T10:18:00,2.15,2.15,2.14,2.14,7304
2026-09-13T07:19:00.000Z,2026-09-13T10:19:00,2.15,2.15,2.14,2.15,3622
2026-09-13T07:20:00.000Z,2026-09-13T10:20:00,2.15,2.16,2.15,2.16,57296
2026-09-13T07:21:00.000Z,2026-09-13T10:21:00,2.16,2.16,2.15,2.15,34792
2026-09-13T07:22:00.000Z,2026-09-13T10:22:00,2.15,2.16,2.15,2.16,78042
2026-09-13T07:23:00.000Z,2026-09-13T10:23:00,2.15,2.15,2.15,2.15,1000
2026-09-13T07:24:00.000Z,2026-09-13T10:24:00,2.16,2.16,2.16,2.16,21465
2026-09-13T07:25:00.000Z,2026-09-13T10:25:00,2.16,2.16,2.15,2.16,258
2026-09-13T07:26:00.000Z,2026-09-13T10:26:00,2.16,2.16,2.16,2.16,100316
2026-09-13T07:27:00.000Z,2026-09-13T10:27:00,2.16,2.16,2.15,2.15,3513
2026-09-13T07:28:00.000Z,2026-09-13T10:28:00,2.15,2.16,2.15,2.16,105150
2026-09-13T07:29:00.000Z,2026-09-13T10:29:00,2.16,2.16,2.15,2.16,17348
2026-09-13T07:30:00.000Z,2026-09-13T10:30:00,2.15,2.16,2.15,2.16,237767
2026-09-13T07:31:00.000Z,2026-09-13T10:31:00,2.15,2.16,2.14,2.16,473557
2026-09-13T07:32:00.000Z,2026-09-13T10:32:00,2.15,2.15,2.14,2.15,14675
2026-09-13T07:33:00.000Z,2026-09-13T10:33:00,2.15,2.15,2.14,2.14,2868
2026-09-13T07:34:00.000Z,2026-09-13T10:34:00,2.15,2.15,2.15,2.15,735
2026-09-13T07:35:00.000Z,2026-09-13T10:35:00,2.15,2.15,2.14,2.15,4651
2026-09-13T07:36:00.000Z,2026-09-13T10:36:00,2.15,2.15,2.15,2.15,145
2026-09-13T07:37:00.000Z,2026-09-13T10:37:00,2.15,2.15,2.15,2.15,4505
2026-09-13T07:38:00.000Z,2026-09-13T10:38:00,2.15,2.15,2.15,2.15,745
2026-09-13T07:39:00.000Z,2026-09-13T10:39:00,2.14,2.15,2.14,2.15,25809
2026-09-13T07:40:00.000Z,2026-09-13T10:40:00,2.15,2.15,2.15,2.15,200
2026-09-13T07:41:00.000Z,2026-09-13T10:41:00,2.14,2.15,2.14,2.14,254481
2026-09-13T07:42:00.000Z,2026-09-13T10:42:00,2.15,2.15,2.14,2.14,8636
2026-09-13T07:44:00.000Z,2026-09-13T10:44:00,2.14,2.15,2.14,2.14,300942
2026-09-13T07:45:00.000Z,2026-09-13T10:45:00,2.14,2.15,2.14,2.15,37065
2026-09-13T07:46:00.000Z,2026-09-13T10:46:00,2.15,2.15,2.14,2.15,71408
2026-09-13T07:47:00.000Z,2026-09-13T10:47:00,2.14,2.14,2.14,2.14,5118
2026-09-13T07:49:00.000Z,2026-09-13T10:49:00,2.14,2.14,2.14,2.14,66853
2026-09-13T07:50:00.000Z,2026-09-13T10:50:00,2.14,2.14,2.14,2.14,1280
2026-09-13T07:51:00.000Z,2026-09-13T10:51:00,2.13,2.14,2.13,2.14,2894
2026-09-13T07:52:00.000Z,2026-09-13T10:52:00,2.14,2.14,2.13,2.14,5679
2026-09-13T07:53:00.000Z,2026-09-13T10:53:00,2.14,2.14,2.14,2.14,7000
2026-09-13T07:54:00.000Z,2026-09-13T10:54:00,2.14,2.14,2.14,2.14,565
2026-09-13T07:55:00.000Z,2026-09-13T10:55:00,2.14,2.14,2.14,2.14,127349
2026-09-13T07:56:00.000Z,2026-09-13T10:56:00,2.14,2.14,2.13,2.14,37862
2026-09-13T07:57:00.000Z,2026-09-13T10:57:00,2.13,2.14,2.13,2.14,3012
2026-09-13T07:58:00.000Z,2026-09-13T10:58:00,2.14,2.14,2.14,2.14,7211
2026-09-13T07:59:00.000Z,2026-09-13T10:59:00,2.15,2.15,2.14,2.15,357
2026-09-13T08:00:00.000Z,2026-09-13T11:00:00,2.15,2.15,2.14,2.14,21127
2026-09-13T08:01:00.000Z,2026-09-13T11:01:00,2.14,2.14,2.14,2.14,2300
2026-09-13T08:02:00.000Z,2026-09-13T11:02:00,2.14,2.14,2.14,2.14,5014
2026-09-13T08:03:00.000Z,2026-09-13T11:03:00,2.14,2.14,2.14,2.14,3880
2026-09-13T08:04:00.000Z,2026-09-13T11:04:00,2.14,2.14,2.13,2.13,121157
2026-09-13T08:05:00.000Z,2026-09-13T11:05:00,2.14,2.14,2.14,2.14,983
2026-09-13T08:06:00.000Z,2026-09-13T11:06:00,2.14,2.14,2.14,2.14,46
2026-09-13T08:07:00.000Z,2026-09-13T11:07:00,2.14,2.14,2.14,2.14,60133
2026-09-13T08:08:00.000Z,2026-09-13T11:08:00,2.14,2.14,2.14,2.14,6615
2026-09-13T08:09:00.000Z,2026-09-13T11:09:00,2.14,2.14,2.14,2.14,14
2026-09-13T08:11:00.000Z,2026-09-13T11:11:00,2.14,2.14,2.14,2.14,11394
2026-09-13T08:12:00.000Z,2026-09-13T11:12:00,2.13,2.14,2.13,2.14,8283
2026-09-13T08:13:00.000Z,2026-09-13T11:13:00,2.13,2.14,2.13,2.14,161941
2026-09-13T08:14:00.000Z,2026-09-13T11:14:00,2.13,2.13,2.13,2.13,90000
2026-09-13T08:15:00.000Z,2026-09-13T11:15:00,2.14,2.14,2.13,2.14,5456
2026-09-13T08:16:00.000Z,2026-09-13T11:16:00,2.14,2.14,2.13,2.13,16838
2026-09-13T08:17:00.000Z,2026-09-13T11:17:00,2.13,2.14,2.13,2.13,130053
2026-09-13T08:18:00.000Z,2026-09-13T11:18:00,2.12,2.13,2.12,2.12,53332
2026-09-13T08:19:00.000Z,2026-09-13T11:19:00,2.13,2.13,2.13,2.13,7019
2026-09-13T08:20:00.000Z,2026-09-13T11:20:00,2.12,2.13,2.12,2.12,225316
2026-09-13T08:21:00.000Z,2026-09-13T11:21:00,2.12,2.12,2.12,2.12,1855
2026-09-13T08:22:00.000Z,2026-09-13T11:22:00,2.13,2.13,2.13,2.13,257277
2026-09-13T08:23:00.000Z,2026-09-13T11:23:00,2.13,2.14,2.13,2.14,101833
2026-09-13T08:24:00.000Z,2026-09-13T11:24:00,2.14,2.14,2.13,2.13,1198
2026-09-13T08:26:00.000Z,2026-09-13T11:26:00,2.13,2.14,2.13,2.14,2881667
2026-09-13T08:27:00.000Z,2026-09-13T11:27:00,2.14,2.15,2.14,2.15,122640
2026-09-13T08:28:00.000Z,2026-09-13T11:28:00,2.15,2.15,2.15,2.15,116
2026-09-13T08:29:00.000Z,2026-09-13T11:29:00,2.14,2.14,2.14,2.14,4415
2026-09-13T08:32:00.000Z,2026-09-13T11:32:00,2.14,2.15,2.14,2.14,12643
2026-09-13T08:33:00.000Z,2026-09-13T11:33:00,2.15,2.15,2.14,2.14,1123
2026-09-13T08:34:00.000Z,2026-09-13T11:34:00,2.14,2.14,2.14,2.14,101
2026-09-13T08:35:00.000Z,2026-09-13T11:35:00,2.15,2.15,2.14,2.14,97927
2026-09-13T08:36:00.000Z,2026-09-13T11:36:00,2.14,2.15,2.14,2.15,3415
2026-09-13T08:38:00.000Z,2026-09-13T11:38:00,2.15,2.15,2.15,2.15,2000
2026-09-13T08:39:00.000Z,2026-09-13T11:39:00,2.15,2.15,2.15,2.15,79
2026-09-13T08:40:00.000Z,2026-09-13T11:40:00,2.14,2.14,2.14,2.14,5190
2026-09-13T08:41:00.000Z,2026-09-13T11:41:00,2.15,2.15,2.15,2.15,23753
2026-09-13T08:45:00.000Z,2026-09-13T11:45:00,2.15,2.15,2.15,2.15,500
2026-09-13T08:46:00.000Z,2026-09-13T11:46:00,2.15,2.15,2.15,2.15,100
2026-09-13T08:47:00.000Z,2026-09-13T11:47:00,2.14,2.14,2.14,2.14,52000
2026-09-13T08:49:00.000Z,2026-09-13T11:49:00,2.15,2.15,2.13,2.13,155256
2026-09-13T08:50:00.000Z,2026-09-13T11:50:00,2.14,2.14,2.13,2.14,414
2026-09-13T08:52:00.000Z,2026-09-13T11:52:00,2.14,2.14,2.14,2.14,3268
2026-09-13T08:54:00.000Z,2026-09-13T11:54:00,2.14,2.14,2.13,2.14,36932
2026-09-13T08:55:00.000Z,2026-09-13T11:55:00,2.13,2.13,2.13,2.13,8118
2026-09-13T08:56:00.000Z,2026-09-13T11:56:00,2.14,2.14,2.14,2.14,9305
2026-09-13T08:57:00.000Z,2026-09-13T11:57:00,2.14,2.14,2.14,2.14,146073
2026-09-13T08:59:00.000Z,2026-09-13T11:59:00,2.14,2.14,2.13,2.14,10012
2026-09-13T09:00:00.000Z,2026-09-13T12:00:00,2.14,2.14,2.14,2.14,348600
2026-09-13T09:01:00.000Z,2026-09-13T12:01:00,2.14,2.14,2.14,2.14,4974
2026-09-13T09:02:00.000Z,2026-09-13T12:02:00,2.14,2.14,2.14,2.14,638
2026-09-13T09:03:00.000Z,2026-09-13T12:03:00,2.14,2.14,2.14,2.14,200000
2026-09-13T09:04:00.000Z,2026-09-13T12:04:00,2.13,2.13,2.13,2.13,233
2026-09-13T09:05:00.000Z,2026-09-13T12:05:00,2.14,2.14,2.14,2.14,2000
2026-09-13T09:07:00.000Z,2026-09-13T12:07:00,2.13,2.14,2.13,2.14,3215
2026-09-13T09:09:00.000Z,2026-09-13T12:09:00,2.14,2.14,2.14,2.14,2200
2026-09-13T09:10:00.000Z,2026-09-13T12:10:00,2.13,2.13,2.13,2.13,2336
2026-09-13T09:11:00.000Z,2026-09-13T12:11:00,2.14,2.14,2.13,2.14,3302
2026-09-13T09:12:00.000Z,2026-09-13T12:12:00,2.14,2.14,2.14,2.14,4350
2026-09-13T09:13:00.000Z,2026-09-13T12:13:00,2.14,2.14,2.14,2.14,23050
2026-09-13T09:14:00.000Z,2026-09-13T12:14:00,2.14,2.14,2.14,2.14,40
2026-09-13T09:15:00.000Z,2026-09-13T12:15:00,2.13,2.14,2.13,2.14,814
2026-09-13T09:16:00.000Z,2026-09-13T12:16:00,2.14,2.14,2.14,2.14,102467
2026-09-13T09:18:00.000Z,2026-09-13T12:18:00,2.14,2.14,2.12,2.14,530859
2026-09-13T09:19:00.000Z,2026-09-13T12:19:00,2.14,2.14,2.12,2.12,2994
2026-09-13T09:20:00.000Z,2026-09-13T12:20:00,2.14,2.14,2.12,2.12,8331
2026-09-13T09:21:00.000Z,2026-09-13T12:21:00,2.14,2.14,2.14,2.14,2358
2026-09-13T09:22:00.000Z,2026-09-13T12:22:00,2.14,2.14,2.13,2.13,872
2026-09-13T09:23:00.000Z,2026-09-13T12:23:00,2.14,2.14,2.14,2.14,1000
2026-09-13T09:24:00.000Z,2026-09-13T12:24:00,2.14,2.14,2.14,2.14,2013
2026-09-13T09:25:00.000Z,2026-09-13T12:25:00,2.14,2.14,2.13,2.13,104000
2026-09-13T09:26:00.000Z,2026-09-13T12:26:00,2.14,2.14,2.14,2.14,5000
2026-09-13T09:27:00.000Z,2026-09-13T12:27:00,2.14,2.14,2.14,2.14,771
2026-09-13T09:28:00.000Z,2026-09-13T12:28:00,2.14,2.14,2.14,2.14,2755
2026-09-13T09:29:00.000Z,2026-09-13T12:29:00,2.14,2.14,2.14,2.14,40
2026-09-13T09:30:00.000Z,2026-09-13T12:30:00,2.14,2.14,2.14,2.14,3000
2026-09-13T09:31:00.000Z,2026-09-13T12:31:00,2.13,2.13,2.13,2.13,312
2026-09-13T09:32:00.000Z,2026-09-13T12:32:00,2.13,2.13,2.13,2.13,127439
2026-09-13T09:33:00.000Z,2026-09-13T12:33:00,2.13,2.13,2.12,2.12,7110
2026-09-13T09:35:00.000Z,2026-09-13T12:35:00,2.12,2.12,2.12,2.12,1000000
2026-09-13T09:36:00.000Z,2026-09-13T12:36:00,2.13,2.13,2.13,2.13,2702
2026-09-13T09:37:00.000Z,2026-09-13T12:37:00,2.13,2.13,2.13,2.13,15000
2026-09-13T09:40:00.000Z,2026-09-13T12:40:00,2.12,2.13,2.12,2.13,222073
2026-09-13T09:41:00.000Z,2026-09-13T12:41:00,2.12,2.13,2.12,2.13,501120
2026-09-13T09:42:00.000Z,2026-09-13T12:42:00,2.13,2.13,2.13,2.13,20325
2026-09-13T09:43:00.000Z,2026-09-13T12:43:00,2.13,2.13,2.13,2.13,59
2026-09-13T09:44:00.000Z,2026-09-13T12:44:00,2.12,2.13,2.12,2.12,11671
2026-09-13T09:45:00.000Z,2026-09-13T12:45:00,2.12,2.12,2.11,2.12,1004832
2026-09-13T09:46:00.000Z,2026-09-13T12:46:00,2.12,2.12,2.11,2.12,69944
2026-09-13T09:47:00.000Z,2026-09-13T12:47:00,2.11,2.12,2.11,2.12,939963
2026-09-13T09:48:00.000Z,2026-09-13T12:48:00,2.13,2.13,2.12,2.12,606939
2026-09-13T09:49:00.000Z,2026-09-13T12:49:00,2.11,2.13,2.11,2.13,1510302
2026-09-13T09:50:00.000Z,2026-09-13T12:50:00,2.12,2.13,2.12,2.13,3098
2026-09-13T09:51:00.000Z,2026-09-13T12:51:00,2.12,2.12,2.12,2.12,2415
2026-09-13T09:52:00.000Z,2026-09-13T12:52:00,2.12,2.12,2.12,2.12,4830
2026-09-13T09:53:00.000Z,2026-09-13T12:53:00,2.12,2.12,2.11,2.11,373953
2026-09-13T09:54:00.000Z,2026-09-13T12:54:00,2.12,2.12,2.12,2.12,632877
2026-09-13T09:55:00.000Z,2026-09-13T12:55:00,2.12,2.13,2.12,2.13,2817
2026-09-13T09:56:00.000Z,2026-09-13T12:56:00,2.12,2.12,2.12,2.12,585168
2026-09-13T09:57:00.000Z,2026-09-13T12:57:00,2.11,2.12,2.11,2.12,422077
2026-09-13T09:58:00.000Z,2026-09-13T12:58:00,2.12,2.12,2.12,2.12,3638
2026-09-13T09:59:00.000Z,2026-09-13T12:59:00,2.12,2.13,2.12,2.13,8012
2026-09-13T10:00:00.000Z,2026-09-13T13:00:00,2.12,2.12,2.12,2.12,2415
2026-09-13T10:01:00.000Z,2026-09-13T13:01:00,2.13,2.13,2.12,2.13,5847
2026-09-13T10:02:00.000Z,2026-09-13T13:02:00,2.13,2.13,2.12,2.12,8671
2026-09-13T10:03:00.000Z,2026-09-13T13:03:00,2.13,2.13,2.12,2.13,54170
2026-09-13T10:04:00.000Z,2026-09-13T13:04:00,2.13,2.13,2.12,2.13,9862
2026-09-13T10:05:00.000Z,2026-09-13T13:05:00,2.12,2.13,2.12,2.13,2985
2026-09-13T10:06:00.000Z,2026-09-13T13:06:00,2.12,2.12,2.12,2.12,2415
2026-09-13T10:07:00.000Z,2026-09-13T13:07:00,2.13,2.13,2.12,2.12,74209
2026-09-13T10:08:00.000Z,2026-09-13T13:08:00,2.12,2.12,2.12,2.12,62809
2026-09-13T10:09:00.000Z,2026-09-13T13:09:00,2.12,2.13,2.12,2.13,15510
2026-09-13T10:10:00.000Z,2026-09-13T13:10:00,2.12,2.12,2.12,2.12,2245
2026-09-13T10:11:00.000Z,2026-09-13T13:11:00,2.13,2.13,2.13,2.13,57
2026-09-13T10:13:00.000Z,2026-09-13T13:13:00,2.12,2.12,2.12,2.12,317
2026-09-13T10:14:00.000Z,2026-09-13T13:14:00,2.13,2.13,2.13,2.13,200
2026-09-13T10:15:00.000Z,2026-09-13T13:15:00,2.13,2.13,2.13,2.13,3
2026-09-13T10:16:00.000Z,2026-09-13T13:16:00,2.13,2.13,2.13,2.13,4326
2026-09-13T10:17:00.000Z,2026-09-13T13:17:00,2.13,2.13,2.13,2.13,141
2026-09-13T10:18:00.000Z,2026-09-13T13:18:00,2.13,2.13,2.13,2.13,2017
2026-09-13T10:20:00.000Z,2026-09-13T13:20:00,2.12,2.13,2.12,2.13,3758
2026-09-13T10:21:00.000Z,2026-09-13T13:21:00,2.13,2.13,2.13,2.13,10708
2026-09-13T10:22:00.000Z,2026-09-13T13:22:00,2.13,2.13,2.13,2.13,4228
2026-09-13T10:23:00.000Z,2026-09-13T13:23:00,2.12,2.13,2.12,2.13,7267
2026-09-13T10:24:00.000Z,2026-09-13T13:24:00,2.12,2.13,2.12,2.12,51151
2026-09-13T10:25:00.000Z,2026-09-13T13:25:00,2.12,2.13,2.12,2.13,62737
2026-09-13T10:26:00.000Z,2026-09-13T13:26:00,2.12,2.13,2.12,2.13,2823
2026-09-13T10:27:00.000Z,2026-09-13T13:27:00,2.13,2.13,2.13,2.13,2947
2026-09-13T10:28:00.000Z,2026-09-13T13:28:00,2.13,2.13,2.13,2.13,2850
2026-09-13T10:29:00.000Z,2026-09-13T13:29:00,2.13,2.13,2.13,2.13,37
2026-09-13T10:30:00.000Z,2026-09-13T13:30:00,2.12,2.13,2.12,2.13,975
2026-09-13T10:31:00.000Z,2026-09-13T13:31:00,2.12,2.13,2.12,2.13,7497
2026-09-13T10:32:00.000Z,2026-09-13T13:32:00,2.13,2.13,2.12,2.12,1401
2026-09-13T10:33:00.000Z,2026-09-13T13:33:00,2.13,2.13,2.13,2.13,66
2026-09-13T10:34:00.000Z,2026-09-13T13:34:00,2.13,2.13,2.13,2.13,5000407
2026-09-13T10:35:00.000Z,2026-09-13T13:35:00,2.12,2.13,2.12,2.13,54547
2026-09-13T10:36:00.000Z,2026-09-13T13:36:00,2.12,2.13,2.12,2.13,325
2026-09-13T10:37:00.000Z,2026-09-13T13:37:00,2.12,2.13,2.12,2.13,5428
2026-09-13T10:38:00.000Z,2026-09-13T13:38:00,2.13,2.13,2.13,2.13,13
2026-09-13T10:39:00.000Z,2026-09-13T13:39:00,2.13,2.13,2.12,2.13,57644
2026-09-13T10:40:00.000Z,2026-09-13T13:40:00,2.12,2.12,2.12,2.12,6765
2026-09-13T10:41:00.000Z,2026-09-13T13:41:00,2.12,2.12,2.12,2.12,22169
2026-09-13T10:42:00.000Z,2026-09-13T13:42:00,2.13,2.13,2.13,2.13,503
2026-09-13T10:43:00.000Z,2026-09-13T13:43:00,2.13,2.13,2.13,2.13,479430
2026-09-13T10:44:00.000Z,2026-09-13T13:44:00,2.13,2.13,2.13,2.13,5500000
2026-09-13T10:45:00.000Z,2026-09-13T13:45:00,2.13,2.13,2.13,2.13,24829
2026-09-13T10:46:00.000Z,2026-09-13T13:46:00,2.13,2.13,2.13,2.13,2448
2026-09-13T10:48:00.000Z,2026-09-13T13:48:00,2.14,2.14,2.13,2.13,11456
2026-09-13T10:49:00.000Z,2026-09-13T13:49:00,2.14,2.14,2.13,2.14,113458
2026-09-13T10:50:00.000Z,2026-09-13T13:50:00,2.13,2.13,2.13,2.13,115773
2026-09-13T10:51:00.000Z,2026-09-13T13:51:00,2.13,2.13,2.13,2.13,4694
2026-09-13T10:52:00.000Z,2026-09-13T13:52:00,2.13,2.13,2.13,2.13,24017
2026-09-13T10:53:00.000Z,2026-09-13T13:53:00,2.13,2.13,2.13,2.13,15871
2026-09-13T10:54:00.000Z,2026-09-13T13:54:00,2.13,2.13,2.13,2.13,24945
2026-09-13T10:55:00.000Z,2026-09-13T13:55:00,2.13,2.13,2.13,2.13,15000
2026-09-13T10:56:00.000Z,2026-09-13T13:56:00,2.13,2.14,2.13,2.14,2173
2026-09-13T10:57:00.000Z,2026-09-13T13:57:00,2.14,2.14,2.14,2.14,5000
2026-09-13T10:59:00.000Z,2026-09-13T13:59:00,2.13,2.14,2.13,2.13,18374
2026-09-13T11:00:00.000Z,2026-09-13T14:00:00,2.13,2.13,2.13,2.13,57
2026-09-13T11:01:00.000Z,2026-09-13T14:01:00,2.13,2.13,2.13,2.13,94830
2026-09-13T11:02:00.000Z,2026-09-13T14:02:00,2.13,2.13,2.13,2.13,38000
2026-09-13T11:03:00.000Z,2026-09-13T14:03:00,2.13,2.13,2.13,2.13,10000
2026-09-13T11:04:00.000Z,2026-09-13T14:04:00,2.14,2.14,2.14,2.14,20394
2026-09-13T11:05:00.000Z,2026-09-13T14:05:00,2.13,2.14,2.13,2.14,28329
2026-09-13T11:06:00.000Z,2026-09-13T14:06:00,2.13,2.14,2.13,2.14,51590
2026-09-13T11:07:00.000Z,2026-09-13T14:07:00,2.13,2.14,2.13,2.13,22098
2026-09-13T11:08:00.000Z,2026-09-13T14:08:00,2.13,2.14,2.13,2.14,259500
2026-09-13T11:09:00.000Z,2026-09-13T14:09:00,2.14,2.14,2.14,2.14,50000
2026-09-13T11:10:00.000Z,2026-09-13T14:10:00,2.13,2.14,2.13,2.14,28048
2026-09-13T11:11:00.000Z,2026-09-13T14:11:00,2.14,2.14,2.14,2.14,35000
2026-09-13T11:12:00.000Z,2026-09-13T14:12:00,2.14,2.14,2.14,2.14,37
2026-09-13T11:13:00.000Z,2026-09-13T14:13:00,2.15,2.15,2.14,2.14,286127
2026-09-13T11:14:00.000Z,2026-09-13T14:14:00,2.15,2.16,2.13,2.16,1268357
2026-09-13T11:25:00.000Z,2026-09-13T14:25:00,2.16,2.16,2.16,2.16,1419629
2026-09-13T11:26:00.000Z,2026-09-13T14:26:00,2.16,2.16,2.16,2.16,4164
2026-09-13T11:27:00.000Z,2026-09-13T14:27:00,2.16,2.16,2.16,2.16,8
2026-09-13T11:28:00.000Z,2026-09-13T14:28:00,2.16,2.16,2.16,2.16,3000
2026-09-14T07:00:00.000Z,2026-09-14T10:00:00,2.16,2.16,2.15,2.15,54599
2026-09-14T07:01:00.000Z,2026-09-14T10:01:00,2.15,2.16,2.15,2.15,77807
2026-09-14T07:02:00.000Z,2026-09-14T10:02:00,2.14,2.14,2.14,2.14,29356
2026-09-14T07:03:00.000Z,2026-09-14T10:03:00,2.13,2.14,2.12,2.12,47069
2026-09-14T07:04:00.000Z,2026-09-14T10:04:00,2.12,2.14,2.12,2.14,317986
2026-09-14T07:05:00.000Z,2026-09-14T10:05:00,2.14,2.14,2.14,2.14,8044
2026-09-14T07:06:00.000Z,2026-09-14T10:06:00,2.12,2.12,2.12,2.12,15818
2026-09-14T07:07:00.000Z,2026-09-14T10:07:00,2.12,2.14,2.12,2.14,12682
2026-09-14T07:08:00.000Z,2026-09-14T10:08:00,2.14,2.14,2.14,2.14,7098
2026-09-14T07:09:00.000Z,2026-09-14T10:09:00,2.13,2.13,2.12,2.12,1000
2026-09-14T07:10:00.000Z,2026-09-14T10:10:00,2.12,2.12,2.12,2.12,111792
2026-09-14T07:11:00.000Z,2026-09-14T10:11:00,2.14,2.14,2.12,2.12,5896
2026-09-14T07:12:00.000Z,2026-09-14T10:12:00,2.12,2.12,2.12,2.12,33691
2026-09-14T07:13:00.000Z,2026-09-14T10:13:00,2.14,2.14,2.13,2.13,2758
2026-09-14T07:14:00.000Z,2026-09-14T10:14:00,2.12,2.13,2.12,2.13,2697
2026-09-14T07:15:00.000Z,2026-09-14T10:15:00,2.13,2.13,2.12,2.12,55571
2026-09-14T07:16:00.000Z,2026-09-14T10:16:00,2.12,2.13,2.12,2.12,38890
2026-09-14T07:17:00.000Z,2026-09-14T10:17:00,2.13,2.13,2.12,2.13,15075
2026-09-14T07:18:00.000Z,2026-09-14T10:18:00,2.12,2.13,2.12,2.13,2592
2026-09-14T07:19:00.000Z,2026-09-14T10:19:00,2.13,2.13,2.13,2.13,266112
2026-09-14T07:20:00.000Z,2026-09-14T10:20:00,2.13,2.14,2.13,2.14,3591
2026-09-14T07:21:00.000Z,2026-09-14T10:21:00,2.13,2.13,2.13,2.13,8777
2026-09-14T07:22:00.000Z,2026-09-14T10:22:00,2.14,2.14,2.14,2.14,10032
2026-09-14T07:23:00.000Z,2026-09-14T10:23:00,2.14,2.14,2.13,2.13,2105
2026-09-14T07:24:00.000Z,2026-09-14T10:24:00,2.13,2.13,2.13,2.13,5326
2026-09-14T07:25:00.000Z,2026-09-14T10:25:00,2.14,2.14,2.13,2.13,10008
2026-09-14T07:27:00.000Z,2026-09-14T10:27:00,2.14,2.14,2.13,2.14,18151
2026-09-14T07:28:00.000Z,2026-09-14T10:28:00,2.13,2.14,2.13,2.14,34701
2026-09-14T07:29:00.000Z,2026-09-14T10:29:00,2.13,2.13,2.12,2.12,145000
2026-09-14T07:30:00.000Z,2026-09-14T10:30:00,2.12,2.12,2.12,2.12,66500
2026-09-14T07:31:00.000Z,2026-09-14T10:31:00,2.12,2.12,2.12,2.12,5
2026-09-14T07:33:00.000Z,2026-09-14T10:33:00,2.13,2.13,2.13,2.13,653
2026-09-14T07:34:00.000Z,2026-09-14T10:34:00,2.13,2.13,2.13,2.13,1526
2026-09-14T07:35:00.000Z,2026-09-14T10:35:00,2.12,2.13,2.12,2.13,4328
2026-09-14T07:36:00.000Z,2026-09-14T10:36:00,2.12,2.13,2.12,2.13,186
2026-09-14T07:37:00.000Z,2026-09-14T10:37:00,2.13,2.13,2.12,2.13,7492
2026-09-14T07:38:00.000Z,2026-09-14T10:38:00,2.12,2.12,2.12,2.12,2816
2026-09-14T07:40:00.000Z,2026-09-14T10:40:00,2.13,2.13,2.13,2.13,2358
2026-09-14T07:41:00.000Z,2026-09-14T10:41:00,2.13,2.13,2.12,2.13,3815
2026-09-14T07:42:00.000Z,2026-09-14T10:42:00,2.12,2.13,2.12,2.13,10099
2026-09-14T07:43:00.000Z,2026-09-14T10:43:00,2.13,2.13,2.12,2.13,8517
2026-09-14T07:44:00.000Z,2026-09-14T10:44:00,2.13,2.13,2.13,2.13,14205
2026-09-14T07:45:00.000Z,2026-09-14T10:45:00,2.13,2.13,2.13,2.13,1
2026-09-14T07:46:00.000Z,2026-09-14T10:46:00,2.13,2.13,2.12,2.13,8935
2026-09-14T07:47:00.000Z,2026-09-14T10:47:00,2.12,2.13,2.12,2.12,30887
2026-09-14T07:48:00.000Z,2026-09-14T10:48:00,2.13,2.13,2.13,2.13,41583
2026-09-14T07:49:00.000Z,2026-09-14T10:49:00,2.14,2.14,2.13,2.13,8712
2026-09-14T07:50:00.000Z,2026-09-14T10:50:00,2.13,2.13,2.12,2.13,242457
2026-09-14T07:51:00.000Z,2026-09-14T10:51:00,2.14,2.14,2.14,2.14,20941
2026-09-14T07:52:00.000Z,2026-09-14T10:52:00,2.13,2.14,2.13,2.14,4145
2026-09-14T07:55:00.000Z,2026-09-14T10:55:00,2.13,2.13,2.13,2.13,6
2026-09-14T07:56:00.000Z,2026-09-14T10:56:00,2.13,2.13,2.13,2.13,107262
2026-09-14T07:58:00.000Z,2026-09-14T10:58:00,2.14,2.14,2.14,2.14,324
2026-09-14T07:59:00.000Z,2026-09-14T10:59:00,2.13,2.13,2.13,2.13,5937
2026-09-14T08:00:00.000Z,2026-09-14T11:00:00,2.13,2.13,2.13,2.13,12129
2026-09-14T08:01:00.000Z,2026-09-14T11:01:00,2.14,2.14,2.14,2.14,242
2026-09-14T08:02:00.000Z,2026-09-14T11:02:00,2.13,2.14,2.13,2.14,1180
2026-09-14T08:04:00.000Z,2026-09-14T11:04:00,2.14,2.14,2.14,2.14,500
2026-09-14T08:05:00.000Z,2026-09-14T11:05:00,2.14,2.14,2.13,2.13,5147
2026-09-14T08:06:00.000Z,2026-09-14T11:06:00,2.13,2.13,2.13,2.13,47307
2026-09-14T08:07:00.000Z,2026-09-14T11:07:00,2.13,2.13,2.13,2.13,1008
2026-09-14T08:08:00.000Z,2026-09-14T11:08:00,2.13,2.13,2.13,2.13,5440
2026-09-14T08:09:00.000Z,2026-09-14T11:09:00,2.13,2.13,2.12,2.12,2584
2026-09-14T08:12:00.000Z,2026-09-14T11:12:00,2.13,2.13,2.13,2.13,181359
2026-09-14T08:15:00.000Z,2026-09-14T11:15:00,2.13,2.14,2.12,2.12,2515
2026-09-14T08:16:00.000Z,2026-09-14T11:16:00,2.12,2.14,2.12,2.14,7620
2026-09-14T08:17:00.000Z,2026-09-14T11:17:00,2.12,2.12,2.12,2.12,8336
2026-09-14T08:18:00.000Z,2026-09-14T11:18:00,2.14,2.14,2.14,2.14,3505
2026-09-14T08:19:00.000Z,2026-09-14T11:19:00,2.13,2.13,2.13,2.13,10000
2026-09-14T08:20:00.000Z,2026-09-14T11:20:00,2.14,2.14,2.14,2.14,2336
2026-09-14T08:22:00.000Z,2026-09-14T11:22:00,2.14,2.14,2.13,2.13,101360
2026-09-14T08:23:00.000Z,2026-09-14T11:23:00,2.13,2.14,2.13,2.14,473
2026-09-14T08:24:00.000Z,2026-09-14T11:24:00,2.14,2.14,2.14,2.14,338996
2026-09-14T08:25:00.000Z,2026-09-14T11:25:00,2.14,2.14,2.14,2.14,20943
2026-09-14T08:26:00.000Z,2026-09-14T11:26:00,2.14,2.14,2.14,2.14,20000
2026-09-14T08:27:00.000Z,2026-09-14T11:27:00,2.15,2.15,2.15,2.15,36
2026-09-14T08:29:00.000Z,2026-09-14T11:29:00,2.15,2.15,2.15,2.15,34149
2026-09-14T08:30:00.000Z,2026-09-14T11:30:00,2.15,2.15,2.15,2.15,99563
2026-09-14T08:31:00.000Z,2026-09-14T11:31:00,2.15,2.15,2.14,2.14,481
2026-09-14T08:33:00.000Z,2026-09-14T11:33:00,2.15,2.15,2.14,2.14,392
2026-09-14T08:34:00.000Z,2026-09-14T11:34:00,2.15,2.15,2.14,2.14,17400
2026-09-14T08:35:00.000Z,2026-09-14T11:35:00,2.15,2.15,2.15,2.15,44
2026-09-14T08:37:00.000Z,2026-09-14T11:37:00,2.15,2.15,2.14,2.15,5583
2026-09-14T08:38:00.000Z,2026-09-14T11:38:00,2.14,2.14,2.14,2.14,200
2026-09-14T08:40:00.000Z,2026-09-14T11:40:00,2.14,2.14,2.14,2.14,131500
2026-09-14T08:41:00.000Z,2026-09-14T11:41:00,2.15,2.15,2.15,2.15,1317
2026-09-14T08:42:00.000Z,2026-09-14T11:42:00,2.15,2.15,2.15,2.15,216
2026-09-14T08:44:00.000Z,2026-09-14T11:44:00,2.15,2.15,2.15,2.15,266
2026-09-14T08:45:00.000Z,2026-09-14T11:45:00,2.15,2.15,2.15,2.15,24
2026-09-14T08:46:00.000Z,2026-09-14T11:46:00,2.14,2.14,2.14,2.14,137
2026-09-14T08:47:00.000Z,2026-09-14T11:47:00,2.15,2.15,2.15,2.15,441
2026-09-14T08:48:00.000Z,2026-09-14T11:48:00,2.15,2.15,2.15,2.15,55
2026-09-14T08:50:00.000Z,2026-09-14T11:50:00,2.14,2.15,2.14,2.15,47
2026-09-14T08:51:00.000Z,2026-09-14T11:51:00,2.15,2.15,2.14,2.15,814
2026-09-14T08:52:00.000Z,2026-09-14T11:52:00,2.14,2.14,2.14,2.14,44464
2026-09-14T08:53:00.000Z,2026-09-14T11:53:00,2.13,2.13,2.13,2.13,11782
2026-09-14T08:54:00.000Z,2026-09-14T11:54:00,2.13,2.13,2.13,2.13,81400
2026-09-14T08:56:00.000Z,2026-09-14T11:56:00,2.14,2.14,2.14,2.14,27
2026-09-14T09:00:00.000Z,2026-09-14T12:00:00,2.13,2.13,2.13,2.13,1113
2026-09-14T09:02:00.000Z,2026-09-14T12:02:00,2.14,2.14,2.14,2.14,1609
2026-09-14T09:03:00.000Z,2026-09-14T12:03:00,2.14,2.14,2.14,2.14,10280
2026-09-14T09:06:00.000Z,2026-09-14T12:06:00,2.13,2.14,2.13,2.14,25020
2026-09-14T09:08:00.000Z,2026-09-14T12:08:00,2.14,2.14,2.14,2.14,1000
2026-09-14T09:09:00.000Z,2026-09-14T12:09:00,2.14,2.14,2.13,2.13,119438
2026-09-14T09:10:00.000Z,2026-09-14T12:10:00,2.12,2.12,2.12,2.12,25195
2026-09-14T09:12:00.000Z,2026-09-14T12:12:00,2.12,2.12,2.12,2.12,5000
2026-09-14T09:13:00.000Z,2026-09-14T12:13:00,2.12,2.13,2.12,2.13,3846
2026-09-14T09:14:00.000Z,2026-09-14T12:14:00,2.12,2.12,2.12,2.12,165836
2026-09-14T09:15:00.000Z,2026-09-14T12:15:00,2.12,2.12,2.12,2.12,431
2026-09-14T09:16:00.000Z,2026-09-14T12:16:00,2.13,2.13,2.13,2.13,940
2026-09-14T09:17:00.000Z,2026-09-14T12:17:00,2.12,2.12,2.12,2.12,2314
2026-09-14T09:18:00.000Z,2026-09-14T12:18:00,2.13,2.13,2.13,2.13,4696
2026-09-14T09:19:00.000Z,2026-09-14T12:19:00,2.13,2.13,2.13,2.13,1678
2026-09-14T09:20:00.000Z,2026-09-14T12:20:00,2.13,2.13,2.13,2.13,1714
2026-09-14T09:21:00.000Z,2026-09-14T12:21:00,2.13,2.13,2.12,2.12,3747
2026-09-14T09:22:00.000Z,2026-09-14T12:22:00,2.12,2.13,2.12,2.13,4130
2026-09-14T09:23:00.000Z,2026-09-14T12:23:00,2.12,2.13,2.12,2.13,7633497
2026-09-14T09:24:00.000Z,2026-09-14T12:24:00,2.11,2.13,2.11,2.13,503573
2026-09-14T09:25:00.000Z,2026-09-14T12:25:00,2.13,2.13,2.13,2.13,24699
2026-09-14T09:26:00.000Z,2026-09-14T12:26:00,2.12,2.13,2.12,2.13,3294
2026-09-14T09:27:00.000Z,2026-09-14T12:27:00,2.13,2.13,2.12,2.12,14618
2026-09-14T09:28:00.000Z,2026-09-14T12:28:00,2.13,2.13,2.11,2.11,125448
2026-09-14T09:29:00.000Z,2026-09-14T12:29:00,2.12,2.13,2.12,2.12,550864
2026-09-14T09:30:00.000Z,2026-09-14T12:30:00,2.13,2.13,2.12,2.13,8835
2026-09-14T09:31:00.000Z,2026-09-14T12:31:00,2.12,2.12,2.1,2.1,2051158
2026-09-14T09:32:00.000Z,2026-09-14T12:32:00,2.11,2.11,2.1,2.1,23286
2026-09-14T09:33:00.000Z,2026-09-14T12:33:00,2.11,2.11,2.1,2.11,492382
2026-09-14T09:34:00.000Z,2026-09-14T12:34:00,2.11,2.11,2.1,2.11,13169
2026-09-14T09:35:00.000Z,2026-09-14T12:35:00,2.11,2.11,2.11,2.11,76219
2026-09-14T09:36:00.000Z,2026-09-14T12:36:00,2.1,2.1,2.1,2.1,72290
2026-09-14T09:37:00.000Z,2026-09-14T12:37:00,2.1,2.11,2.1,2.1,309178
2026-09-14T09:38:00.000Z,2026-09-14T12:38:00,2.11,2.11,2.1,2.1,4832
2026-09-14T09:39:00.000Z,2026-09-14T12:39:00,2.11,2.11,2.11,2.11,15000
2026-09-14T09:40:00.000Z,2026-09-14T12:40:00,2.1,2.11,2.1,2.11,55186
2026-09-14T09:41:00.000Z,2026-09-14T12:41:00,2.11,2.11,2.11,2.11,400000
2026-09-14T09:42:00.000Z,2026-09-14T12:42:00,2.1,2.1,2.1,2.1,20
2026-09-14T09:43:00.000Z,2026-09-14T12:43:00,2.1,2.12,2.1,2.12,152969
2026-09-14T09:44:00.000Z,2026-09-14T12:44:00,2.12,2.12,2.12,2.12,15282
2026-09-14T09:45:00.000Z,2026-09-14T12:45:00,2.11,2.12,2.1,2.1,6655
2026-09-14T09:46:00.000Z,2026-09-14T12:46:00,2.11,2.12,2.11,2.12,19983
2026-09-14T09:47:00.000Z,2026-09-14T12:47:00,2.11,2.12,2.11,2.12,3072
2026-09-14T09:48:00.000Z,2026-09-14T12:48:00,2.12,2.12,2.11,2.11,51452
2026-09-14T09:49:00.000Z,2026-09-14T12:49:00,2.11,2.11,2.11,2.11,1552
2026-09-14T09:51:00.000Z,2026-09-14T12:51:00,2.11,2.11,2.11,2.11,236
2026-09-14T09:52:00.000Z,2026-09-14T12:52:00,2.11,2.12,2.11,2.11,115800
2026-09-14T09:53:00.000Z,2026-09-14T12:53:00,2.12,2.12,2.12,2.12,1000
2026-09-14T09:54:00.000Z,2026-09-14T12:54:00,2.12,2.12,2.12,2.12,17008
2026-09-14T09:55:00.000Z,2026-09-14T12:55:00,2.12,2.12,2.11,2.11,458504
2026-09-14T09:56:00.000Z,2026-09-14T12:56:00,2.11,2.11,2.11,2.11,28675
2026-09-14T09:57:00.000Z,2026-09-14T12:57:00,2.11,2.11,2.11,2.11,1778
2026-09-14T09:58:00.000Z,2026-09-14T12:58:00,2.1,2.11,2.1,2.1,13497
2026-09-14T09:59:00.000Z,2026-09-14T12:59:00,2.11,2.11,2.11,2.11,277512
2026-09-14T10:00:00.000Z,2026-09-14T13:00:00,2.12,2.12,2.12,2.12,26
2026-09-14T10:01:00.000Z,2026-09-14T13:01:00,2.12,2.12,2.12,2.12,47
2026-09-14T10:02:00.000Z,2026-09-14T13:02:00,2.11,2.11,2.11,2.11,25051
2026-09-14T10:03:00.000Z,2026-09-14T13:03:00,2.12,2.12,2.11,2.12,300307
2026-09-14T10:04:00.000Z,2026-09-14T13:04:00,2.12,2.12,2.12,2.12,394
2026-09-14T10:05:00.000Z,2026-09-14T13:05:00,2.12,2.12,2.12,2.12,10000
2026-09-14T10:06:00.000Z,2026-09-14T13:06:00,2.12,2.12,2.12,2.12,47787
2026-09-14T10:07:00.000Z,2026-09-14T13:07:00,2.12,2.13,2.12,2.13,11073
2026-09-14T10:08:00.000Z,2026-09-14T13:08:00,2.12,2.13,2.12,2.13,3100
2026-09-14T10:09:00.000Z,2026-09-14T13:09:00,2.12,2.13,2.12,2.13,11375
2026-09-14T10:11:00.000Z,2026-09-14T13:11:00,2.12,2.12,2.12,2.12,206
2026-09-14T10:12:00.000Z,2026-09-14T13:12:00,2.13,2.13,2.13,2.13,570
2026-09-14T10:14:00.000Z,2026-09-14T13:14:00,2.12,2.13,2.12,2.13,5023
2026-09-14T10:15:00.000Z,2026-09-14T13:15:00,2.13,2.13,2.12,2.12,8890
2026-09-14T10:16:00.000Z,2026-09-14T13:16:00,2.12,2.12,2.12,2.12,98
2026-09-14T10:17:00.000Z,2026-09-14T13:17:00,2.11,2.11,2.11,2.11,130100
2026-09-14T10:18:00.000Z,2026-09-14T13:18:00,2.11,2.11,2.11,2.11,14545
2026-09-14T10:19:00.000Z,2026-09-14T13:19:00,2.11,2.12,2.11,2.12,2363
2026-09-14T10:20:00.000Z,2026-09-14T13:20:00,2.12,2.12,2.11,2.11,31117
2026-09-14T10:21:00.000Z,2026-09-14T13:21:00,2.11,2.11,2.11,2.11,145955
2026-09-14T10:22:00.000Z,2026-09-14T13:22:00,2.11,2.12,2.11,2.12,15432
2026-09-14T10:23:00.000Z,2026-09-14T13:23:00,2.12,2.12,2.12,2.12,2000
2026-09-14T10:24:00.000Z,2026-09-14T13:24:00,2.11,2.11,2.11,2.11,35000
2026-09-14T10:25:00.000Z,2026-09-14T13:25:00,2.12,2.12,2.11,2.11,16336
2026-09-14T10:26:00.000Z,2026-09-14T13:26:00,2.12,2.12,2.12,2.12,60
2026-09-14T10:28:00.000Z,2026-09-14T13:28:00,2.12,2.12,2.12,2.12,2793
2026-09-14T10:29:00.000Z,2026-09-14T13:29:00,2.12,2.12,2.12,2.12,1877
2026-09-14T10:31:00.000Z,2026-09-14T13:31:00,2.12,2.12,2.11,2.12,1321
2026-09-14T10:32:00.000Z,2026-09-14T13:32:00,2.12,2.12,2.12,2.12,66
2026-09-14T10:33:00.000Z,2026-09-14T13:33:00,2.11,2.12,2.11,2.12,5083
2026-09-14T10:34:00.000Z,2026-09-14T13:34:00,2.12,2.12,2.11,2.11,6178
2026-09-14T10:35:00.000Z,2026-09-14T13:35:00,2.11,2.12,2.11,2.12,415
2026-09-14T10:36:00.000Z,2026-09-14T13:36:00,2.11,2.12,2.11,2.12,315
2026-09-14T10:38:00.000Z,2026-09-14T13:38:00,2.11,2.12,2.11,2.12,4460
2026-09-14T10:39:00.000Z,2026-09-14T13:39:00,2.12,2.12,2.11,2.11,56474
2026-09-14T10:40:00.000Z,2026-09-14T13:40:00,2.12,2.12,2.12,2.12,2036
2026-09-14T10:41:00.000Z,2026-09-14T13:41:00,2.12,2.12,2.12,2.12,943
2026-09-14T10:42:00.000Z,2026-09-14T13:42:00,2.11,2.11,2.11,2.11,5000
2026-09-14T10:43:00.000Z,2026-09-14T13:43:00,2.11,2.12,2.11,2.12,7062
2026-09-14T10:45:00.000Z,2026-09-14T13:45:00,2.11,2.12,2.11,2.12,7082
2026-09-14T10:46:00.000Z,2026-09-14T13:46:00,2.12,2.12,2.11,2.12,66955
2026-09-14T10:47:00.000Z,2026-09-14T13:47:00,2.12,2.12,2.11,2.11,62054
2026-09-14T10:48:00.000Z,2026-09-14T13:48:00,2.12,2.12,2.11,2.11,130005
2026-09-14T10:49:00.000Z,2026-09-14T13:49:00,2.11,2.12,2.11,2.12,7975
2026-09-14T10:50:00.000Z,2026-09-14T13:50:00,2.11,2.11,2.11,2.11,102579
2026-09-14T10:51:00.000Z,2026-09-14T13:51:00,2.12,2.12,2.12,2.12,186
2026-09-14T10:52:00.000Z,2026-09-14T13:52:00,2.11,2.12,2.11,2.12,18554
2026-09-14T10:53:00.000Z,2026-09-14T13:53:00,2.11,2.12,2.11,2.11,60220
2026-09-14T10:54:00.000Z,2026-09-14T13:54:00,2.12,2.13,2.12,2.13,470000
2026-09-14T10:55:00.000Z,2026-09-14T13:55:00,2.12,2.12,2.12,2.12,6200
2026-09-14T10:56:00.000Z,2026-09-14T13:56:00,2.12,2.12,2.11,2.11,5000
2026-09-14T10:57:00.000Z,2026-09-14T13:57:00,2.12,2.12,2.11,2.11,36012
2026-09-14T10:58:00.000Z,2026-09-14T13:58:00,2.11,2.12,2.11,2.11,37218
2026-09-14T10:59:00.000Z,2026-09-14T13:59:00,2.11,2.12,2.11,2.12,47684
2026-09-14T11:00:00.000Z,2026-09-14T14:00:00,2.12,2.12,2.12,2.12,18477
2026-09-14T11:01:00.000Z,2026-09-14T14:01:00,2.12,2.12,2.12,2.12,6025
2026-09-14T11:02:00.000Z,2026-09-14T14:02:00,2.11,2.11,2.11,2.11,40305
2026-09-14T11:03:00.000Z,2026-09-14T14:03:00,2.12,2.12,2.11,2.12,34376
2026-09-14T11:04:00.000Z,2026-09-14T14:04:00,2.12,2.12,2.11,2.12,356254
2026-09-14T11:05:00.000Z,2026-09-14T14:05:00,2.12,2.13,2.11,2.12,52067
2026-09-14T11:06:00.000Z,2026-09-14T14:06:00,2.11,2.12,2.11,2.11,71671
2026-09-14T11:07:00.000Z,2026-09-14T14:07:00,2.12,2.13,2.12,2.12,4234
2026-09-14T11:08:00.000Z,2026-09-14T14:08:00,2.12,2.13,2.12,2.13,21000
2026-09-14T11:09:00.000Z,2026-09-14T14:09:00,2.13,2.13,2.12,2.13,19173
2026-09-14T11:10:00.000Z,2026-09-14T14:10:00,2.13,2.13,2.13,2.13,1877
2026-09-14T11:11:00.000Z,2026-09-14T14:11:00,2.12,2.13,2.12,2.13,7349
2026-09-14T11:12:00.000Z,2026-09-14T14:12:00,2.12,2.12,2.12,2.12,64119
2026-09-14T11:13:00.000Z,2026-09-14T14:13:00,2.12,2.13,2.12,2.13,20022
2026-09-14T11:14:00.000Z,2026-09-14T14:14:00,2.13,2.13,2.12,2.12,7941
2026-09-14T11:25:00.000Z,2026-09-14T14:25:00,2.14,2.14,2.14,2.14,3312778
2026-09-14T11:26:00.000Z,2026-09-14T14:26:00,2.14,2.14,2.14,2.14,50000
2026-09-14T11:29:00.000Z,2026-09-14T14:29:00,2.14,2.14,2.14,2.14,4066
2026-09-15T07:00:00.000Z,2026-09-15T10:00:00,2.14,2.14,2.12,2.13,65951
2026-09-15T07:01:00.000Z,2026-09-15T10:01:00,2.12,2.12,2.12,2.12,7305
2026-09-15T07:02:00.000Z,2026-09-15T10:02:00,2.14,2.14,2.12,2.12,2175
2026-09-15T07:04:00.000Z,2026-09-15T10:04:00,2.14,2.14,2.12,2.12,12483
2026-09-15T07:05:00.000Z,2026-09-15T10:05:00,2.12,2.12,2.12,2.12,13
2026-09-15T07:06:00.000Z,2026-09-15T10:06:00,2.12,2.14,2.12,2.14,22978
2026-09-15T07:09:00.000Z,2026-09-15T10:09:00,2.14,2.14,2.13,2.14,51206
2026-09-15T07:10:00.000Z,2026-09-15T10:10:00,2.14,2.14,2.14,2.14,8685
2026-09-15T07:11:00.000Z,2026-09-15T10:11:00,2.14,2.14,2.14,2.14,3000
2026-09-15T07:12:00.000Z,2026-09-15T10:12:00,2.13,2.13,2.12,2.12,146961
2026-09-15T07:14:00.000Z,2026-09-15T10:14:00,2.12,2.12,2.12,2.12,16517
2026-09-15T07:15:00.000Z,2026-09-15T10:15:00,2.13,2.13,2.12,2.12,2452
2026-09-15T07:16:00.000Z,2026-09-15T10:16:00,2.12,2.13,2.12,2.13,28999
2026-09-15T07:17:00.000Z,2026-09-15T10:17:00,2.13,2.13,2.12,2.13,30653
2026-09-15T07:18:00.000Z,2026-09-15T10:18:00,2.12,2.12,2.12,2.12,453
2026-09-15T07:19:00.000Z,2026-09-15T10:19:00,2.13,2.13,2.13,2.13,847
2026-09-15T07:20:00.000Z,2026-09-15T10:20:00,2.13,2.13,2.13,2.13,15316
2026-09-15T07:21:00.000Z,2026-09-15T10:21:00,2.13,2.13,2.12,2.12,119336
2026-09-15T07:22:00.000Z,2026-09-15T10:22:00,2.12,2.12,2.12,2.12,200000
2026-09-15T07:23:00.000Z,2026-09-15T10:23:00,2.13,2.13,2.13,2.13,4239
2026-09-15T07:24:00.000Z,2026-09-15T10:24:00,2.13,2.13,2.12,2.12,2785
2026-09-15T07:25:00.000Z,2026-09-15T10:25:00,2.13,2.13,2.13,2.13,250
2026-09-15T07:26:00.000Z,2026-09-15T10:26:00,2.13,2.13,2.12,2.12,52840
2026-09-15T07:27:00.000Z,2026-09-15T10:27:00,2.13,2.13,2.12,2.13,5817
2026-09-15T07:28:00.000Z,2026-09-15T10:28:00,2.12,2.13,2.12,2.13,251963
2026-09-15T07:29:00.000Z,2026-09-15T10:29:00,2.12,2.12,2.12,2.12,2358
2026-09-15T07:30:00.000Z,2026-09-15T10:30:00,2.13,2.13,2.12,2.12,7852
2026-09-15T07:32:00.000Z,2026-09-15T10:32:00,2.13,2.13,2.12,2.12,22079
2026-09-15T07:33:00.000Z,2026-09-15T10:33:00,2.13,2.13,2.12,2.12,10041
2026-09-15T07:35:00.000Z,2026-09-15T10:35:00,2.13,2.13,2.12,2.12,197848
2026-09-15T07:36:00.000Z,2026-09-15T10:36:00,2.12,2.12,2.12,2.12,21074
2026-09-15T07:37:00.000Z,2026-09-15T10:37:00,2.12,2.12,2.12,2.12,5020
2026-09-15T07:38:00.000Z,2026-09-15T10:38:00,2.13,2.13,2.13,2.13,42334
2026-09-15T07:39:00.000Z,2026-09-15T10:39:00,2.12,2.12,2.12,2.12,190
2026-09-15T07:40:00.000Z,2026-09-15T10:40:00,2.12,2.12,2.12,2.12,22555
2026-09-15T07:41:00.000Z,2026-09-15T10:41:00,2.12,2.13,2.12,2.13,581
2026-09-15T07:42:00.000Z,2026-09-15T10:42:00,2.13,2.13,2.12,2.12,1501458
2026-09-15T07:43:00.000Z,2026-09-15T10:43:00,2.12,2.13,2.12,2.13,1286
2026-09-15T07:44:00.000Z,2026-09-15T10:44:00,2.12,2.13,2.12,2.12,31745
2026-09-15T07:45:00.000Z,2026-09-15T10:45:00,2.13,2.13,2.12,2.12,184
2026-09-15T07:46:00.000Z,2026-09-15T10:46:00,2.12,2.12,2.12,2.12,1665
2026-09-15T07:47:00.000Z,2026-09-15T10:47:00,2.12,2.12,2.12,2.12,30000
2026-09-15T07:48:00.000Z,2026-09-15T10:48:00,2.13,2.13,2.12,2.12,31989
2026-09-15T07:49:00.000Z,2026-09-15T10:49:00,2.12,2.13,2.12,2.13,102014
2026-09-15T07:50:00.000Z,2026-09-15T10:50:00,2.12,2.13,2.12,2.13,1422
2026-09-15T07:51:00.000Z,2026-09-15T10:51:00,2.13,2.13,2.12,2.12,40047
2026-09-15T07:52:00.000Z,2026-09-15T10:52:00,2.13,2.13,2.12,2.12,965
2026-09-15T07:53:00.000Z,2026-09-15T10:53:00,2.12,2.12,2.12,2.12,446285
2026-09-15T07:54:00.000Z,2026-09-15T10:54:00,2.12,2.12,2.12,2.12,250000
2026-09-15T07:55:00.000Z,2026-09-15T10:55:00,2.13,2.13,2.12,2.13,15391
2026-09-15T07:56:00.000Z,2026-09-15T10:56:00,2.12,2.12,2.12,2.12,483
2026-09-15T07:57:00.000Z,2026-09-15T10:57:00,2.12,2.13,2.12,2.13,15892
2026-09-15T07:58:00.000Z,2026-09-15T10:58:00,2.12,2.13,2.12,2.13,1279
2026-09-15T08:00:00.000Z,2026-09-15T11:00:00,2.13,2.13,2.13,2.13,721232
2026-09-15T08:01:00.000Z,2026-09-15T11:01:00,2.13,2.13,2.13,2.13,535631
2026-09-15T08:02:00.000Z,2026-09-15T11:02:00,2.12,2.13,2.12,2.13,2021
2026-09-15T08:03:00.000Z,2026-09-15T11:03:00,2.13,2.13,2.13,2.13,1733
2026-09-15T08:04:00.000Z,2026-09-15T11:04:00,2.13,2.13,2.13,2.13,3248
2026-09-15T08:05:00.000Z,2026-09-15T11:05:00,2.12,2.13,2.12,2.13,17860
2026-09-15T08:06:00.000Z,2026-09-15T11:06:00,2.13,2.13,2.13,2.13,22080
2026-09-15T08:07:00.000Z,2026-09-15T11:07:00,2.13,2.13,2.13,2.13,172
2026-09-15T08:08:00.000Z,2026-09-15T11:08:00,2.12,2.13,2.12,2.13,5015
2026-09-15T08:09:00.000Z,2026-09-15T11:09:00,2.13,2.13,2.13,2.13,1000000
2026-09-15T08:10:00.000Z,2026-09-15T11:10:00,2.13,2.13,2.13,2.13,95
2026-09-15T08:11:00.000Z,2026-09-15T11:11:00,2.13,2.13,2.13,2.13,40749
2026-09-15T08:13:00.000Z,2026-09-15T11:13:00,2.13,2.13,2.13,2.13,1825
2026-09-15T08:15:00.000Z,2026-09-15T11:15:00,2.12,2.13,2.12,2.13,1734
2026-09-15T08:16:00.000Z,2026-09-15T11:16:00,2.13,2.13,2.13,2.13,1000
2026-09-15T08:17:00.000Z,2026-09-15T11:17:00,2.13,2.13,2.13,2.13,419
2026-09-15T08:18:00.000Z,2026-09-15T11:18:00,2.13,2.13,2.13,2.13,19227
2026-09-15T08:20:00.000Z,2026-09-15T11:20:00,2.12,2.13,2.12,2.13,33021
2026-09-15T08:23:00.000Z,2026-09-15T11:23:00,2.13,2.13,2.12,2.12,4362
2026-09-15T08:24:00.000Z,2026-09-15T11:24:00,2.12,2.13,2.12,2.12,212851
2026-09-15T08:25:00.000Z,2026-09-15T11:25:00,2.13,2.13,2.13,2.13,2358
2026-09-15T08:26:00.000Z,2026-09-15T11:26:00,2.13,2.13,2.13,2.13,1856563
2026-09-15T08:27:00.000Z,2026-09-15T11:27:00,2.12,2.12,2.12,2.12,979
2026-09-15T08:29:00.000Z,2026-09-15T11:29:00,2.12,2.12,2.12,2.12,2272
2026-09-15T08:30:00.000Z,2026-09-15T11:30:00,2.12,2.13,2.12,2.13,1500050
2026-09-15T08:31:00.000Z,2026-09-15T11:31:00,2.13,2.13,2.12,2.12,6421
2026-09-15T08:33:00.000Z,2026-09-15T11:33:00,2.12,2.12,2.12,2.12,1208184
2026-09-15T08:34:00.000Z,2026-09-15T11:34:00,2.13,2.13,2.13,2.13,7001
2026-09-15T08:36:00.000Z,2026-09-15T11:36:00,2.13,2.13,2.12,2.12,215300
2026-09-15T08:37:00.000Z,2026-09-15T11:37:00,2.13,2.13,2.12,2.13,710200
2026-09-15T08:41:00.000Z,2026-09-15T11:41:00,2.13,2.13,2.13,2.13,100
2026-09-15T08:42:00.000Z,2026-09-15T11:42:00,2.12,2.12,2.12,2.12,1004000
2026-09-15T08:43:00.000Z,2026-09-15T11:43:00,2.12,2.13,2.12,2.13,213
2026-09-15T08:46:00.000Z,2026-09-15T11:46:00,2.12,2.12,2.12,2.12,20232
2026-09-15T08:49:00.000Z,2026-09-15T11:49:00,2.13,2.13,2.13,2.13,38
2026-09-15T08:51:00.000Z,2026-09-15T11:51:00,2.13,2.13,2.13,2.13,489
2026-09-15T08:53:00.000Z,2026-09-15T11:53:00,2.12,2.12,2.12,2.12,10000
2026-09-15T08:55:00.000Z,2026-09-15T11:55:00,2.12,2.13,2.12,2.13,2045
2026-09-15T08:56:00.000Z,2026-09-15T11:56:00,2.13,2.13,2.13,2.13,4504
2026-09-15T08:57:00.000Z,2026-09-15T11:57:00,2.12,2.13,2.12,2.13,1000312
2026-09-15T08:58:00.000Z,2026-09-15T11:58:00,2.13,2.14,2.13,2.14,1000016
2026-09-15T08:59:00.000Z,2026-09-15T11:59:00,2.13,2.13,2.13,2.13,1500000
2026-09-15T09:00:00.000Z,2026-09-15T12:00:00,2.13,2.13,2.13,2.13,23000
2026-09-15T09:01:00.000Z,2026-09-15T12:01:00,2.13,2.13,2.12,2.12,400352
2026-09-15T09:02:00.000Z,2026-09-15T12:02:00,2.13,2.14,2.13,2.13,749820
2026-09-15T09:04:00.000Z,2026-09-15T12:04:00,2.13,2.13,2.13,2.13,250300
2026-09-15T09:05:00.000Z,2026-09-15T12:05:00,2.13,2.13,2.13,2.13,1000000
2026-09-15T09:06:00.000Z,2026-09-15T12:06:00,2.13,2.14,2.13,2.14,10216
2026-09-15T09:08:00.000Z,2026-09-15T12:08:00,2.13,2.13,2.12,2.12,189732
2026-09-15T09:09:00.000Z,2026-09-15T12:09:00,2.13,2.13,2.12,2.12,25868
2026-09-15T09:10:00.000Z,2026-09-15T12:10:00,2.13,2.13,2.12,2.12,5554
2026-09-15T09:11:00.000Z,2026-09-15T12:11:00,2.12,2.12,2.12,2.12,1013
2026-09-15T09:12:00.000Z,2026-09-15T12:12:00,2.13,2.13,2.13,2.13,14037
2026-09-15T09:15:00.000Z,2026-09-15T12:15:00,2.13,2.13,2.13,2.13,5012
2026-09-15T09:16:00.000Z,2026-09-15T12:16:00,2.13,2.13,2.13,2.13,4000
2026-09-15T09:17:00.000Z,2026-09-15T12:17:00,2.12,2.13,2.12,2.13,2712
2026-09-15T09:18:00.000Z,2026-09-15T12:18:00,2.13,2.13,2.12,2.12,4224
2026-09-15T09:19:00.000Z,2026-09-15T12:19:00,2.13,2.13,2.13,2.13,11737
2026-09-15T09:20:00.000Z,2026-09-15T12:20:00,2.13,2.13,2.13,2.13,23500
2026-09-15T09:22:00.000Z,2026-09-15T12:22:00,2.12,2.12,2.12,2.12,3688
2026-09-15T09:23:00.000Z,2026-09-15T12:23:00,2.13,2.14,2.13,2.14,752425
2026-09-15T09:24:00.000Z,2026-09-15T12:24:00,2.12,2.12,2.12,2.12,745
2026-09-15T09:25:00.000Z,2026-09-15T12:25:00,2.12,2.12,2.12,2.12,42330
2026-09-15T09:26:00.000Z,2026-09-15T12:26:00,2.12,2.12,2.12,2.12,707
2026-09-15T09:28:00.000Z,2026-09-15T12:28:00,2.14,2.14,2.14,2.14,545
2026-09-15T09:29:00.000Z,2026-09-15T12:29:00,2.14,2.14,2.12,2.12,135835
2026-09-15T09:30:00.000Z,2026-09-15T12:30:00,2.12,2.14,2.12,2.14,10010
2026-09-15T09:31:00.000Z,2026-09-15T12:31:00,2.13,2.13,2.13,2.13,1000
2026-09-15T09:32:00.000Z,2026-09-15T12:32:00,2.12,2.13,2.12,2.13,2733
2026-09-15T09:33:00.000Z,2026-09-15T12:33:00,2.13,2.13,2.13,2.13,55
2026-09-15T09:34:00.000Z,2026-09-15T12:34:00,2.13,2.13,2.13,2.13,187
2026-09-15T09:35:00.000Z,2026-09-15T12:35:00,2.13,2.13,2.13,2.13,16376
2026-09-15T09:36:00.000Z,2026-09-15T12:36:00,2.13,2.13,2.13,2.13,1000
2026-09-15T09:39:00.000Z,2026-09-15T12:39:00,2.13,2.13,2.13,2.13,67984
2026-09-15T09:40:00.000Z,2026-09-15T12:40:00,2.13,2.13,2.13,2.13,3000
2026-09-15T09:41:00.000Z,2026-09-15T12:41:00,2.12,2.12,2.12,2.12,54
2026-09-15T09:42:00.000Z,2026-09-15T12:42:00,2.12,2.13,2.12,2.13,3754
2026-09-15T09:46:00.000Z,2026-09-15T12:46:00,2.12,2.12,2.12,2.12,8000
2026-09-15T09:47:00.000Z,2026-09-15T12:47:00,2.13,2.13,2.13,2.13,1564
2026-09-15T09:48:00.000Z,2026-09-15T12:48:00,2.13,2.13,2.13,2.13,1250000
2026-09-15T09:49:00.000Z,2026-09-15T12:49:00,2.13,2.13,2.12,2.12,10518
2026-09-15T09:51:00.000Z,2026-09-15T12:51:00,2.13,2.13,2.13,2.13,112081
2026-09-15T09:52:00.000Z,2026-09-15T12:52:00,2.13,2.13,2.13,2.13,88108
2026-09-15T09:53:00.000Z,2026-09-15T12:53:00,2.13,2.13,2.13,2.13,13
2026-09-15T09:54:00.000Z,2026-09-15T12:54:00,2.12,2.13,2.12,2.13,55861
2026-09-15T09:55:00.000Z,2026-09-15T12:55:00,2.13,2.13,2.12,2.13,11631
2026-09-15T09:56:00.000Z,2026-09-15T12:56:00,2.13,2.13,2.13,2.13,768
2026-09-15T09:58:00.000Z,2026-09-15T12:58:00,2.13,2.13,2.13,2.13,4586
2026-09-15T09:59:00.000Z,2026-09-15T12:59:00,2.13,2.13,2.13,2.13,5139
2026-09-15T10:01:00.000Z,2026-09-15T13:01:00,2.13,2.14,2.12,2.14,1751411
2026-09-15T10:02:00.000Z,2026-09-15T13:02:00,2.13,2.13,2.13,2.13,6372
2026-09-15T10:03:00.000Z,2026-09-15T13:03:00,2.13,2.14,2.13,2.13,8910
2026-09-15T10:05:00.000Z,2026-09-15T13:05:00,2.14,2.14,2.14,2.14,2037
2026-09-15T10:06:00.000Z,2026-09-15T13:06:00,2.14,2.14,2.14,2.14,7042
2026-09-15T10:07:00.000Z,2026-09-15T13:07:00,2.13,2.13,2.13,2.13,234
2026-09-15T10:08:00.000Z,2026-09-15T13:08:00,2.13,2.13,2.13,2.13,342
2026-09-15T10:12:00.000Z,2026-09-15T13:12:00,2.14,2.14,2.14,2.14,50500
2026-09-15T10:16:00.000Z,2026-09-15T13:16:00,2.13,2.14,2.13,2.14,5821
2026-09-15T10:18:00.000Z,2026-09-15T13:18:00,2.13,2.13,2.13,2.13,1200
2026-09-15T10:19:00.000Z,2026-09-15T13:19:00,2.13,2.14,2.13,2.13,216009
2026-09-15T10:20:00.000Z,2026-09-15T13:20:00,2.13,2.13,2.13,2.13,12500
2026-09-15T10:23:00.000Z,2026-09-15T13:23:00,2.13,2.13,2.13,2.13,10000
2026-09-15T10:25:00.000Z,2026-09-15T13:25:00,2.13,2.13,2.13,2.13,1
2026-09-15T10:26:00.000Z,2026-09-15T13:26:00,2.13,2.13,2.13,2.13,2000
2026-09-15T10:27:00.000Z,2026-09-15T13:27:00,2.14,2.14,2.13,2.13,2091
2026-09-15T10:28:00.000Z,2026-09-15T13:28:00,2.13,2.13,2.13,2.13,300000
2026-09-15T10:29:00.000Z,2026-09-15T13:29:00,2.14,2.14,2.14,2.14,3
2026-09-15T10:32:00.000Z,2026-09-15T13:32:00,2.13,2.13,2.13,2.13,8
2026-09-15T10:33:00.000Z,2026-09-15T13:33:00,2.14,2.14,2.14,2.14,40
2026-09-15T10:34:00.000Z,2026-09-15T13:34:00,2.13,2.13,2.13,2.13,2400
2026-09-15T10:36:00.000Z,2026-09-15T13:36:00,2.13,2.13,2.13,2.13,250
2026-09-15T10:37:00.000Z,2026-09-15T13:37:00,2.14,2.14,2.13,2.13,15609
2026-09-15T10:38:00.000Z,2026-09-15T13:38:00,2.13,2.14,2.13,2.13,452001
2026-09-15T10:41:00.000Z,2026-09-15T13:41:00,2.13,2.13,2.13,2.13,5000
2026-09-15T10:42:00.000Z,2026-09-15T13:42:00,2.13,2.14,2.13,2.14,1371769
2026-09-15T10:43:00.000Z,2026-09-15T13:43:00,2.14,2.14,2.14,2.14,1198233
2026-09-15T10:44:00.000Z,2026-09-15T13:44:00,2.15,2.15,2.14,2.15,899902
2026-09-15T10:45:00.000Z,2026-09-15T13:45:00,2.15,2.15,2.15,2.15,1235790
2026-09-15T10:46:00.000Z,2026-09-15T13:46:00,2.15,2.16,2.15,2.16,1714025
2026-09-15T10:47:00.000Z,2026-09-15T13:47:00,2.16,2.16,2.15,2.16,471316
2026-09-15T10:48:00.000Z,2026-09-15T13:48:00,2.16,2.16,2.15,2.15,27203
2026-09-15T10:49:00.000Z,2026-09-15T13:49:00,2.16,2.16,2.15,2.16,2032326
2026-09-15T10:50:00.000Z,2026-09-15T13:50:00,2.16,2.16,2.16,2.16,2186696
2026-09-15T10:51:00.000Z,2026-09-15T13:51:00,2.16,2.16,2.16,2.16,2722138
2026-09-15T10:52:00.000Z,2026-09-15T13:52:00,2.16,2.16,2.15,2.16,2000884
2026-09-15T10:53:00.000Z,2026-09-15T13:53:00,2.16,2.16,2.15,2.15,1053595
2026-09-15T10:54:00.000Z,2026-09-15T13:54:00,2.16,2.16,2.16,2.16,434774
2026-09-15T10:55:00.000Z,2026-09-15T13:55:00,2.16,2.16,2.16,2.16,80200
2026-09-15T10:56:00.000Z,2026-09-15T13:56:00,2.16,2.16,2.15,2.15,4908
2026-09-15T10:57:00.000Z,2026-09-15T13:57:00,2.16,2.16,2.16,2.16,575
2026-09-15T10:58:00.000Z,2026-09-15T13:58:00,2.15,2.16,2.15,2.16,332013
2026-09-15T10:59:00.000Z,2026-09-15T13:59:00,2.16,2.16,2.16,2.16,960520
2026-09-15T11:00:00.000Z,2026-09-15T14:00:00,2.16,2.16,2.15,2.15,663850
2026-09-15T11:01:00.000Z,2026-09-15T14:01:00,2.15,2.16,2.15,2.16,1321001
2026-09-15T11:02:00.000Z,2026-09-15T14:02:00,2.16,2.16,2.16,2.16,515070
2026-09-15T11:03:00.000Z,2026-09-15T14:03:00,2.16,2.16,2.15,2.16,520979
2026-09-15T11:04:00.000Z,2026-09-15T14:04:00,2.15,2.15,2.15,2.15,5000
2026-09-15T11:05:00.000Z,2026-09-15T14:05:00,2.15,2.16,2.15,2.16,97600
2026-09-15T11:06:00.000Z,2026-09-15T14:06:00,2.15,2.15,2.15,2.15,5000
2026-09-15T11:07:00.000Z,2026-09-15T14:07:00,2.15,2.16,2.15,2.16,793531
2026-09-15T11:08:00.000Z,2026-09-15T14:08:00,2.15,2.16,2.15,2.15,338029
2026-09-15T11:09:00.000Z,2026-09-15T14:09:00,2.15,2.15,2.15,2.15,46862
2026-09-15T11:10:00.000Z,2026-09-15T14:10:00,2.16,2.16,2.15,2.16,146531
2026-09-15T11:11:00.000Z,2026-09-15T14:11:00,2.15,2.15,2.15,2.15,18859
2026-09-15T11:12:00.000Z,2026-09-15T14:12:00,2.15,2.16,2.15,2.15,20600
2026-09-15T11:13:00.000Z,2026-09-15T14:13:00,2.16,2.16,2.15,2.16,107163
2026-09-15T11:14:00.000Z,2026-09-15T14:14:00,2.16,2.16,2.15,2.15,220043
2026-09-15T11:25:00.000Z,2026-09-15T14:25:00,2.15,2.15,2.15,2.15,6675602
2026-09-15T11:26:00.000Z,2026-09-15T14:26:00,2.15,2.15,2.15,2.15,10000
2026-09-15T11:27:00.000Z,2026-09-15T14:27:00,2.15,2.15,2.15,2.15,6000
2026-09-15T11:29:00.000Z,2026-09-15T14:29:00,2.15,2.15,2.15,2.15,1510000
2026-09-16T07:00:00.000Z,2026-09-16T10:00:00,2.15,2.16,2.15,2.15,94772
2026-09-16T07:01:00.000Z,2026-09-16T10:01:00,2.16,2.16,2.16,2.16,3255
2026-09-16T07:02:00.000Z,2026-09-16T10:02:00,2.16,2.16,2.16,2.16,3200
2026-09-16T07:03:00.000Z,2026-09-16T10:03:00,2.16,2.16,2.15,2.16,25825
2026-09-16T07:04:00.000Z,2026-09-16T10:04:00,2.15,2.15,2.15,2.15,3440
2026-09-16T07:05:00.000Z,2026-09-16T10:05:00,2.15,2.15,2.15,2.15,900
2026-09-16T07:06:00.000Z,2026-09-16T10:06:00,2.15,2.15,2.15,2.15,45000
2026-09-16T07:07:00.000Z,2026-09-16T10:07:00,2.15,2.15,2.15,2.15,3416
2026-09-16T07:08:00.000Z,2026-09-16T10:08:00,2.15,2.16,2.15,2.16,253835
2026-09-16T07:09:00.000Z,2026-09-16T10:09:00,2.16,2.16,2.16,2.16,95
2026-09-16T07:11:00.000Z,2026-09-16T10:11:00,2.16,2.16,2.16,2.16,6500
2026-09-16T07:12:00.000Z,2026-09-16T10:12:00,2.15,2.15,2.15,2.15,32587
2026-09-16T07:14:00.000Z,2026-09-16T10:14:00,2.14,2.14,2.14,2.14,39392
2026-09-16T07:15:00.000Z,2026-09-16T10:15:00,2.14,2.14,2.14,2.14,14018
2026-09-16T07:16:00.000Z,2026-09-16T10:16:00,2.15,2.15,2.15,2.15,120608
2026-09-16T07:17:00.000Z,2026-09-16T10:17:00,2.16,2.16,2.16,2.16,127
2026-09-16T07:18:00.000Z,2026-09-16T10:18:00,2.16,2.16,2.16,2.16,2314
2026-09-16T07:19:00.000Z,2026-09-16T10:19:00,2.16,2.16,2.16,2.16,370
2026-09-16T07:20:00.000Z,2026-09-16T10:20:00,2.16,2.16,2.16,2.16,150006
2026-09-16T07:21:00.000Z,2026-09-16T10:21:00,2.15,2.15,2.15,2.15,5579
2026-09-16T07:22:00.000Z,2026-09-16T10:22:00,2.16,2.16,2.16,2.16,1500
2026-09-16T07:23:00.000Z,2026-09-16T10:23:00,2.16,2.16,2.15,2.15,2326
2026-09-16T07:25:00.000Z,2026-09-16T10:25:00,2.16,2.16,2.16,2.16,5030
2026-09-16T07:26:00.000Z,2026-09-16T10:26:00,2.15,2.15,2.15,2.15,5000
2026-09-16T07:27:00.000Z,2026-09-16T10:27:00,2.16,2.16,2.16,2.16,4267
2026-09-16T07:28:00.000Z,2026-09-16T10:28:00,2.16,2.16,2.16,2.16,3
2026-09-16T07:29:00.000Z,2026-09-16T10:29:00,2.16,2.16,2.16,2.16,11028
2026-09-16T07:30:00.000Z,2026-09-16T10:30:00,2.16,2.16,2.16,2.16,6
2026-09-16T07:31:00.000Z,2026-09-16T10:31:00,2.15,2.15,2.15,2.15,20
2026-09-16T07:34:00.000Z,2026-09-16T10:34:00,2.15,2.15,2.15,2.15,1057
2026-09-16T07:35:00.000Z,2026-09-16T10:35:00,2.16,2.16,2.16,2.16,683
2026-09-16T07:36:00.000Z,2026-09-16T10:36:00,2.15,2.15,2.15,2.15,695000
2026-09-16T07:37:00.000Z,2026-09-16T10:37:00,2.16,2.16,2.16,2.16,29985
2026-09-16T07:38:00.000Z,2026-09-16T10:38:00,2.15,2.16,2.15,2.16,2858
2026-09-16T07:39:00.000Z,2026-09-16T10:39:00,2.15,2.15,2.15,2.15,24000
2026-09-16T07:41:00.000Z,2026-09-16T10:41:00,2.16,2.16,2.16,2.16,6
2026-09-16T07:42:00.000Z,2026-09-16T10:42:00,2.16,2.16,2.15,2.15,841
2026-09-16T07:43:00.000Z,2026-09-16T10:43:00,2.16,2.16,2.15,2.16,182797
2026-09-16T07:44:00.000Z,2026-09-16T10:44:00,2.16,2.16,2.16,2.16,1851
2026-09-16T07:45:00.000Z,2026-09-16T10:45:00,2.16,2.16,2.16,2.16,1100000
2026-09-16T07:46:00.000Z,2026-09-16T10:46:00,2.15,2.16,2.15,2.16,6004
2026-09-16T07:48:00.000Z,2026-09-16T10:48:00,2.16,2.16,2.16,2.16,20000
2026-09-16T07:49:00.000Z,2026-09-16T10:49:00,2.16,2.16,2.16,2.16,40
2026-09-16T07:50:00.000Z,2026-09-16T10:50:00,2.16,2.16,2.15,2.15,51
2026-09-16T07:51:00.000Z,2026-09-16T10:51:00,2.16,2.16,2.15,2.15,2661
2026-09-16T07:52:00.000Z,2026-09-16T10:52:00,2.15,2.15,2.15,2.15,1
2026-09-16T07:53:00.000Z,2026-09-16T10:53:00,2.16,2.16,2.15,2.15,35646
2026-09-16T07:54:00.000Z,2026-09-16T10:54:00,2.15,2.16,2.15,2.16,55409
2026-09-16T07:55:00.000Z,2026-09-16T10:55:00,2.16,2.16,2.15,2.15,402
2026-09-16T07:56:00.000Z,2026-09-16T10:56:00,2.16,2.16,2.15,2.15,4150000
2026-09-16T07:57:00.000Z,2026-09-16T10:57:00,2.16,2.16,2.15,2.16,1257
2026-09-16T07:58:00.000Z,2026-09-16T10:58:00,2.16,2.16,2.16,2.16,92
2026-09-16T07:59:00.000Z,2026-09-16T10:59:00,2.15,2.16,2.15,2.15,13264
2026-09-16T08:00:00.000Z,2026-09-16T11:00:00,2.16,2.16,2.16,2.16,5330
2026-09-16T08:01:00.000Z,2026-09-16T11:01:00,2.16,2.16,2.16,2.16,232
2026-09-16T08:02:00.000Z,2026-09-16T11:02:00,2.16,2.16,2.16,2.16,151351
2026-09-16T08:03:00.000Z,2026-09-16T11:03:00,2.16,2.16,2.16,2.16,81203
2026-09-16T08:04:00.000Z,2026-09-16T11:04:00,2.15,2.16,2.15,2.16,108000
2026-09-16T08:07:00.000Z,2026-09-16T11:07:00,2.15,2.16,2.15,2.16,50355
2026-09-16T08:08:00.000Z,2026-09-16T11:08:00,2.15,2.15,2.15,2.15,50
2026-09-16T08:10:00.000Z,2026-09-16T11:10:00,2.16,2.16,2.16,2.16,428
2026-09-16T08:12:00.000Z,2026-09-16T11:12:00,2.16,2.16,2.15,2.15,60259
2026-09-16T08:13:00.000Z,2026-09-16T11:13:00,2.16,2.16,2.16,2.16,44
2026-09-16T08:14:00.000Z,2026-09-16T11:14:00,2.15,2.16,2.15,2.16,564
2026-09-16T08:15:00.000Z,2026-09-16T11:15:00,2.16,2.16,2.16,2.16,9402
2026-09-16T08:16:00.000Z,2026-09-16T11:16:00,2.15,2.15,2.15,2.15,1127
2026-09-16T08:17:00.000Z,2026-09-16T11:17:00,2.15,2.16,2.15,2.16,101347
2026-09-16T08:18:00.000Z,2026-09-16T11:18:00,2.16,2.16,2.15,2.15,50779
2026-09-16T08:19:00.000Z,2026-09-16T11:19:00,2.16,2.16,2.15,2.16,4072
2026-09-16T08:20:00.000Z,2026-09-16T11:20:00,2.15,2.15,2.15,2.15,50000
2026-09-16T08:21:00.000Z,2026-09-16T11:21:00,2.15,2.15,2.15,2.15,1204
2026-09-16T08:23:00.000Z,2026-09-16T11:23:00,2.15,2.15,2.15,2.15,31500
2026-09-16T08:25:00.000Z,2026-09-16T11:25:00,2.15,2.15,2.15,2.15,88073
2026-09-16T08:26:00.000Z,2026-09-16T11:26:00,2.15,2.15,2.15,2.15,3500
2026-09-16T08:27:00.000Z,2026-09-16T11:27:00,2.16,2.16,2.16,2.16,1655
2026-09-16T08:29:00.000Z,2026-09-16T11:29:00,2.16,2.16,2.16,2.16,25
2026-09-16T08:30:00.000Z,2026-09-16T11:30:00,2.15,2.16,2.15,2.16,8114
2026-09-16T08:31:00.000Z,2026-09-16T11:31:00,2.15,2.15,2.15,2.15,1296
2026-09-16T08:32:00.000Z,2026-09-16T11:32:00,2.15,2.15,2.15,2.15,465
2026-09-16T08:33:00.000Z,2026-09-16T11:33:00,2.15,2.15,2.15,2.15,611575
2026-09-16T08:34:00.000Z,2026-09-16T11:34:00,2.15,2.16,2.15,2.16,95829
2026-09-16T08:35:00.000Z,2026-09-16T11:35:00,2.16,2.16,2.15,2.15,1788
2026-09-16T08:36:00.000Z,2026-09-16T11:36:00,2.16,2.16,2.16,2.16,1257
2026-09-16T08:37:00.000Z,2026-09-16T11:37:00,2.16,2.16,2.15,2.15,55457
2026-09-16T08:38:00.000Z,2026-09-16T11:38:00,2.16,2.16,2.16,2.16,4788
2026-09-16T08:39:00.000Z,2026-09-16T11:39:00,2.15,2.15,2.15,2.15,731
2026-09-16T08:42:00.000Z,2026-09-16T11:42:00,2.16,2.16,2.16,2.16,2318
2026-09-16T08:43:00.000Z,2026-09-16T11:43:00,2.15,2.15,2.15,2.15,2552
2026-09-16T08:44:00.000Z,2026-09-16T11:44:00,2.16,2.16,2.16,2.16,4634
2026-09-16T08:46:00.000Z,2026-09-16T11:46:00,2.16,2.16,2.15,2.15,218
2026-09-16T08:47:00.000Z,2026-09-16T11:47:00,2.15,2.15,2.15,2.15,282903
2026-09-16T08:48:00.000Z,2026-09-16T11:48:00,2.15,2.15,2.15,2.15,465
2026-09-16T08:49:00.000Z,2026-09-16T11:49:00,2.14,2.14,2.14,2.14,11136
2026-09-16T08:51:00.000Z,2026-09-16T11:51:00,2.15,2.15,2.15,2.15,14018
2026-09-16T08:52:00.000Z,2026-09-16T11:52:00,2.15,2.15,2.15,2.15,60
2026-09-16T08:54:00.000Z,2026-09-16T11:54:00,2.15,2.15,2.15,2.15,5000
2026-09-16T08:55:00.000Z,2026-09-16T11:55:00,2.14,2.14,2.14,2.14,10000
2026-09-16T08:58:00.000Z,2026-09-16T11:58:00,2.14,2.15,2.14,2.15,26067
2026-09-16T09:00:00.000Z,2026-09-16T12:00:00,2.15,2.15,2.14,2.14,12094
2026-09-16T09:01:00.000Z,2026-09-16T12:01:00,2.15,2.15,2.14,2.15,73
2026-09-16T09:02:00.000Z,2026-09-16T12:02:00,2.15,2.15,2.15,2.15,2260
2026-09-16T09:03:00.000Z,2026-09-16T12:03:00,2.15,2.15,2.15,2.15,14
2026-09-16T09:04:00.000Z,2026-09-16T12:04:00,2.15,2.15,2.15,2.15,10000
2026-09-16T09:05:00.000Z,2026-09-16T12:05:00,2.15,2.15,2.14,2.15,59151
2026-09-16T09:06:00.000Z,2026-09-16T12:06:00,2.15,2.15,2.14,2.15,4421
2026-09-16T09:07:00.000Z,2026-09-16T12:07:00,2.15,2.15,2.15,2.15,2853
2026-09-16T09:08:00.000Z,2026-09-16T12:08:00,2.15,2.15,2.14,2.14,464
2026-09-16T09:09:00.000Z,2026-09-16T12:09:00,2.14,2.14,2.14,2.14,10000
2026-09-16T09:10:00.000Z,2026-09-16T12:10:00,2.14,2.14,2.14,2.14,133
2026-09-16T09:14:00.000Z,2026-09-16T12:14:00,2.15,2.15,2.15,2.15,21215
2026-09-16T09:15:00.000Z,2026-09-16T12:15:00,2.14,2.15,2.14,2.14,7032
2026-09-16T09:16:00.000Z,2026-09-16T12:16:00,2.14,2.14,2.14,2.14,85018
2026-09-16T09:17:00.000Z,2026-09-16T12:17:00,2.14,2.15,2.14,2.14,207779
2026-09-16T09:18:00.000Z,2026-09-16T12:18:00,2.15,2.15,2.14,2.15,5078
2026-09-16T09:20:00.000Z,2026-09-16T12:20:00,2.15,2.15,2.14,2.14,20001
2026-09-16T09:22:00.000Z,2026-09-16T12:22:00,2.14,2.14,2.14,2.14,6300
2026-09-16T09:23:00.000Z,2026-09-16T12:23:00,2.14,2.14,2.14,2.14,3508
2026-09-16T09:24:00.000Z,2026-09-16T12:24:00,2.14,2.14,2.14,2.14,500
2026-09-16T09:25:00.000Z,2026-09-16T12:25:00,2.15,2.15,2.14,2.14,15720
2026-09-16T09:26:00.000Z,2026-09-16T12:26:00,2.15,2.15,2.14,2.14,1042
2026-09-16T09:27:00.000Z,2026-09-16T12:27:00,2.15,2.15,2.15,2.15,3000
2026-09-16T09:28:00.000Z,2026-09-16T12:28:00,2.15,2.15,2.15,2.15,465
2026-09-16T09:30:00.000Z,2026-09-16T12:30:00,2.14,2.15,2.14,2.14,14009
2026-09-16T09:31:00.000Z,2026-09-16T12:31:00,2.15,2.15,2.14,2.14,2672
2026-09-16T09:32:00.000Z,2026-09-16T12:32:00,2.14,2.14,2.14,2.14,24000
2026-09-16T09:33:00.000Z,2026-09-16T12:33:00,2.15,2.15,2.15,2.15,2500
2026-09-16T09:34:00.000Z,2026-09-16T12:34:00,2.14,2.14,2.14,2.14,1000
2026-09-16T09:35:00.000Z,2026-09-16T12:35:00,2.14,2.14,2.14,2.14,100000
2026-09-16T09:36:00.000Z,2026-09-16T12:36:00,2.15,2.15,2.14,2.15,505557
2026-09-16T09:38:00.000Z,2026-09-16T12:38:00,2.15,2.15,2.15,2.15,795
2026-09-16T09:39:00.000Z,2026-09-16T12:39:00,2.15,2.15,2.15,2.15,3924
2026-09-16T09:41:00.000Z,2026-09-16T12:41:00,2.15,2.15,2.14,2.15,21377
2026-09-16T09:42:00.000Z,2026-09-16T12:42:00,2.15,2.15,2.15,2.15,2
2026-09-16T09:44:00.000Z,2026-09-16T12:44:00,2.14,2.14,2.14,2.14,1951
2026-09-16T09:45:00.000Z,2026-09-16T12:45:00,2.15,2.15,2.15,2.15,372
2026-09-16T09:46:00.000Z,2026-09-16T12:46:00,2.15,2.15,2.14,2.15,1446
2026-09-16T09:47:00.000Z,2026-09-16T12:47:00,2.15,2.15,2.15,2.15,600
2026-09-16T09:48:00.000Z,2026-09-16T12:48:00,2.14,2.14,2.14,2.14,859
2026-09-16T09:49:00.000Z,2026-09-16T12:49:00,2.14,2.15,2.14,2.15,2736
2026-09-16T09:51:00.000Z,2026-09-16T12:51:00,2.15,2.15,2.14,2.15,949
2026-09-16T09:52:00.000Z,2026-09-16T12:52:00,2.14,2.15,2.14,2.15,9507
2026-09-16T09:54:00.000Z,2026-09-16T12:54:00,2.15,2.15,2.15,2.15,12138
2026-09-16T09:55:00.000Z,2026-09-16T12:55:00,2.15,2.15,2.15,2.15,4651
2026-09-16T09:56:00.000Z,2026-09-16T12:56:00,2.15,2.15,2.15,2.15,30338
2026-09-16T09:57:00.000Z,2026-09-16T12:57:00,2.15,2.15,2.14,2.14,712
2026-09-16T09:58:00.000Z,2026-09-16T12:58:00,2.15,2.15,2.15,2.15,232
2026-09-16T10:00:00.000Z,2026-09-16T13:00:00,2.15,2.15,2.15,2.15,351000
2026-09-16T10:02:00.000Z,2026-09-16T13:02:00,2.15,2.15,2.14,2.14,24350
2026-09-16T10:03:00.000Z,2026-09-16T13:03:00,2.15,2.15,2.15,2.15,47
2026-09-16T10:04:00.000Z,2026-09-16T13:04:00,2.15,2.15,2.15,2.15,620
2026-09-16T10:05:00.000Z,2026-09-16T13:05:00,2.15,2.15,2.14,2.14,11
2026-09-16T10:06:00.000Z,2026-09-16T13:06:00,2.15,2.15,2.15,2.15,5064
2026-09-16T10:09:00.000Z,2026-09-16T13:09:00,2.14,2.14,2.14,2.14,2065
2026-09-16T10:10:00.000Z,2026-09-16T13:10:00,2.15,2.15,2.15,2.15,17
2026-09-16T10:11:00.000Z,2026-09-16T13:11:00,2.14,2.14,2.14,2.14,36000
2026-09-16T10:12:00.000Z,2026-09-16T13:12:00,2.15,2.15,2.14,2.14,1116
2026-09-16T10:13:00.000Z,2026-09-16T13:13:00,2.15,2.15,2.14,2.14,4896
2026-09-16T10:15:00.000Z,2026-09-16T13:15:00,2.14,2.15,2.14,2.15,7
2026-09-16T10:16:00.000Z,2026-09-16T13:16:00,2.15,2.15,2.15,2.15,2445
2026-09-16T10:17:00.000Z,2026-09-16T13:17:00,2.14,2.15,2.14,2.15,4941
2026-09-16T10:18:00.000Z,2026-09-16T13:18:00,2.15,2.15,2.14,2.14,1140
2026-09-16T10:19:00.000Z,2026-09-16T13:19:00,2.15,2.15,2.15,2.15,465
2026-09-16T10:21:00.000Z,2026-09-16T13:21:00,2.15,2.15,2.15,2.15,1340769
2026-09-16T10:22:00.000Z,2026-09-16T13:22:00,2.15,2.15,2.15,2.15,591384
2026-09-16T10:23:00.000Z,2026-09-16T13:23:00,2.15,2.15,2.15,2.15,74426
2026-09-16T10:25:00.000Z,2026-09-16T13:25:00,2.16,2.16,2.16,2.16,10
2026-09-16T10:26:00.000Z,2026-09-16T13:26:00,2.15,2.16,2.15,2.15,13099
2026-09-16T10:28:00.000Z,2026-09-16T13:28:00,2.15,2.16,2.15,2.15,1031538
2026-09-16T10:29:00.000Z,2026-09-16T13:29:00,2.15,2.15,2.15,2.15,401
2026-09-16T10:30:00.000Z,2026-09-16T13:30:00,2.15,2.15,2.15,2.15,257042
2026-09-16T10:31:00.000Z,2026-09-16T13:31:00,2.15,2.15,2.14,2.14,6186
2026-09-16T10:34:00.000Z,2026-09-16T13:34:00,2.14,2.14,2.14,2.14,5
2026-09-16T10:35:00.000Z,2026-09-16T13:35:00,2.15,2.15,2.15,2.15,7209
2026-09-16T10:36:00.000Z,2026-09-16T13:36:00,2.15,2.15,2.15,2.15,140
2026-09-16T10:37:00.000Z,2026-09-16T13:37:00,2.14,2.14,2.14,2.14,100
2026-09-16T10:38:00.000Z,2026-09-16T13:38:00,2.15,2.15,2.15,2.15,13267
2026-09-16T10:39:00.000Z,2026-09-16T13:39:00,2.15,2.15,2.14,2.14,3684663
2026-09-16T10:40:00.000Z,2026-09-16T13:40:00,2.14,2.15,2.14,2.14,3158221
2026-09-16T10:41:00.000Z,2026-09-16T13:41:00,2.14,2.15,2.14,2.14,1160523
2026-09-16T10:42:00.000Z,2026-09-16T13:42:00,2.14,2.15,2.14,2.15,240055
2026-09-16T10:43:00.000Z,2026-09-16T13:43:00,2.15,2.15,2.14,2.15,4065529
2026-09-16T10:46:00.000Z,2026-09-16T13:46:00,2.15,2.15,2.14,2.14,2010262
2026-09-16T10:47:00.000Z,2026-09-16T13:47:00,2.15,2.15,2.14,2.14,57844
2026-09-16T10:48:00.000Z,2026-09-16T13:48:00,2.15,2.16,2.15,2.16,2100000
2026-09-16T10:50:00.000Z,2026-09-16T13:50:00,2.15,2.15,2.15,2.15,18271
2026-09-16T10:51:00.000Z,2026-09-16T13:51:00,2.15,2.15,2.15,2.15,77
2026-09-16T10:52:00.000Z,2026-09-16T13:52:00,2.15,2.15,2.15,2.15,150000
2026-09-16T10:55:00.000Z,2026-09-16T13:55:00,2.15,2.15,2.15,2.15,1574502
2026-09-16T10:56:00.000Z,2026-09-16T13:56:00,2.16,2.16,2.16,2.16,1426198
2026-09-16T10:57:00.000Z,2026-09-16T13:57:00,2.15,2.15,2.15,2.15,500
2026-09-16T10:58:00.000Z,2026-09-16T13:58:00,2.16,2.16,2.16,2.16,388
2026-09-16T11:00:00.000Z,2026-09-16T14:00:00,2.15,2.15,2.15,2.15,186
2026-09-16T11:01:00.000Z,2026-09-16T14:01:00,2.15,2.15,2.15,2.15,267
2026-09-16T11:03:00.000Z,2026-09-16T14:03:00,2.16,2.16,2.16,2.16,10885
2026-09-16T11:04:00.000Z,2026-09-16T14:04:00,2.15,2.15,2.15,2.15,258095
2026-09-16T11:06:00.000Z,2026-09-16T14:06:00,2.16,2.16,2.15,2.15,56644
2026-09-16T11:07:00.000Z,2026-09-16T14:07:00,2.15,2.16,2.15,2.16,1116426
2026-09-16T11:08:00.000Z,2026-09-16T14:08:00,2.16,2.16,2.15,2.16,1003966
2026-09-16T11:09:00.000Z,2026-09-16T14:09:00,2.15,2.15,2.15,2.15,3667
2026-09-16T11:10:00.000Z,2026-09-16T14:10:00,2.16,2.16,2.16,2.16,2325
2026-09-16T11:11:00.000Z,2026-09-16T14:11:00,2.15,2.16,2.15,2.16,100087
2026-09-16T11:12:00.000Z,2026-09-16T14:12:00,2.15,2.15,2.15,2.15,22196
2026-09-16T11:14:00.000Z,2026-09-16T14:14:00,2.15,2.17,2.15,2.17,2549302
2026-09-16T11:25:00.000Z,2026-09-16T14:25:00,2.16,2.16,2.16,2.16,2910579
2026-09-16T11:26:00.000Z,2026-09-16T14:26:00,2.16,2.16,2.16,2.16,202211
2026-09-16T11:27:00.000Z,2026-09-16T14:27:00,2.16,2.16,2.16,2.16,1903636
2026-09-17T07:00:00.000Z,2026-09-17T10:00:00,2.16,2.16,2.15,2.15,266723
2026-09-17T07:01:00.000Z,2026-09-17T10:01:00,2.15,2.15,2.15,2.15,8200
2026-09-17T07:02:00.000Z,2026-09-17T10:02:00,2.16,2.16,2.16,2.16,470
2026-09-17T07:03:00.000Z,2026-09-17T10:03:00,2.16,2.16,2.16,2.16,241
2026-09-17T07:04:00.000Z,2026-09-17T10:04:00,2.15,2.15,2.15,2.15,31265
2026-09-17T07:05:00.000Z,2026-09-17T10:05:00,2.16,2.16,2.15,2.15,7214
2026-09-17T07:06:00.000Z,2026-09-17T10:06:00,2.16,2.16,2.16,2.16,210
2026-09-17T07:07:00.000Z,2026-09-17T10:07:00,2.15,2.15,2.15,2.15,7430
2026-09-17T07:08:00.000Z,2026-09-17T10:08:00,2.15,2.16,2.15,2.15,4298
2026-09-17T07:09:00.000Z,2026-09-17T10:09:00,2.16,2.16,2.16,2.16,180
2026-09-17T07:10:00.000Z,2026-09-17T10:10:00,2.16,2.16,2.16,2.16,71
2026-09-17T07:11:00.000Z,2026-09-17T10:11:00,2.16,2.17,2.15,2.17,418366
2026-09-17T07:12:00.000Z,2026-09-17T10:12:00,2.17,2.17,2.16,2.16,221892
2026-09-17T07:13:00.000Z,2026-09-17T10:13:00,2.16,2.16,2.16,2.16,7000
2026-09-17T07:14:00.000Z,2026-09-17T10:14:00,2.16,2.16,2.16,2.16,41704
2026-09-17T07:15:00.000Z,2026-09-17T10:15:00,2.16,2.16,2.16,2.16,86
2026-09-17T07:16:00.000Z,2026-09-17T10:16:00,2.16,2.16,2.15,2.15,254349
2026-09-17T07:17:00.000Z,2026-09-17T10:17:00,2.15,2.16,2.15,2.16,63632
2026-09-17T07:18:00.000Z,2026-09-17T10:18:00,2.16,2.16,2.16,2.16,550012
2026-09-17T07:19:00.000Z,2026-09-17T10:19:00,2.16,2.16,2.16,2.16,190
2026-09-17T07:21:00.000Z,2026-09-17T10:21:00,2.16,2.17,2.16,2.17,81896
2026-09-17T07:22:00.000Z,2026-09-17T10:22:00,2.17,2.17,2.17,2.17,129754
2026-09-17T07:23:00.000Z,2026-09-17T10:23:00,2.17,2.17,2.17,2.17,2880
2026-09-17T07:24:00.000Z,2026-09-17T10:24:00,2.17,2.17,2.17,2.17,94
2026-09-17T07:25:00.000Z,2026-09-17T10:25:00,2.17,2.17,2.17,2.17,4448
2026-09-17T07:26:00.000Z,2026-09-17T10:26:00,2.16,2.17,2.16,2.16,18314
2026-09-17T07:27:00.000Z,2026-09-17T10:27:00,2.16,2.17,2.16,2.16,28367
2026-09-17T07:28:00.000Z,2026-09-17T10:28:00,2.17,2.17,2.17,2.17,2408641
2026-09-17T07:29:00.000Z,2026-09-17T10:29:00,2.17,2.17,2.17,2.17,591606
2026-09-17T07:30:00.000Z,2026-09-17T10:30:00,2.16,2.17,2.16,2.17,1385
2026-09-17T07:31:00.000Z,2026-09-17T10:31:00,2.17,2.17,2.17,2.17,6912
2026-09-17T07:32:00.000Z,2026-09-17T10:32:00,2.17,2.17,2.16,2.17,69224
2026-09-17T07:33:00.000Z,2026-09-17T10:33:00,2.16,2.17,2.16,2.17,109017
2026-09-17T07:36:00.000Z,2026-09-17T10:36:00,2.17,2.17,2.17,2.17,30
2026-09-17T07:39:00.000Z,2026-09-17T10:39:00,2.16,2.18,2.16,2.18,2000318
2026-09-17T07:40:00.000Z,2026-09-17T10:40:00,2.17,2.18,2.16,2.18,7070
2026-09-17T07:41:00.000Z,2026-09-17T10:41:00,2.17,2.17,2.17,2.17,5034
2026-09-17T07:42:00.000Z,2026-09-17T10:42:00,2.18,2.18,2.17,2.18,25458
2026-09-17T07:43:00.000Z,2026-09-17T10:43:00,2.18,2.18,2.18,2.18,4266
2026-09-17T07:44:00.000Z,2026-09-17T10:44:00,2.18,2.18,2.18,2.18,7416
2026-09-17T07:45:00.000Z,2026-09-17T10:45:00,2.18,2.18,2.18,2.18,49
2026-09-17T07:46:00.000Z,2026-09-17T10:46:00,2.18,2.18,2.18,2.18,14665
2026-09-17T07:47:00.000Z,2026-09-17T10:47:00,2.18,2.18,2.18,2.18,12000
2026-09-17T07:48:00.000Z,2026-09-17T10:48:00,2.18,2.18,2.18,2.18,75930
2026-09-17T07:49:00.000Z,2026-09-17T10:49:00,2.18,2.18,2.18,2.18,200
2026-09-17T07:51:00.000Z,2026-09-17T10:51:00,2.18,2.18,2.18,2.18,3412
2026-09-17T07:52:00.000Z,2026-09-17T10:52:00,2.18,2.18,2.18,2.18,1000000
2026-09-17T07:53:00.000Z,2026-09-17T10:53:00,2.18,2.18,2.18,2.18,2500000
2026-09-17T07:54:00.000Z,2026-09-17T10:54:00,2.18,2.18,2.18,2.18,418755
2026-09-17T07:55:00.000Z,2026-09-17T10:55:00,2.18,2.18,2.17,2.18,167831
2026-09-17T07:56:00.000Z,2026-09-17T10:56:00,2.18,2.18,2.17,2.17,4479
2026-09-17T07:57:00.000Z,2026-09-17T10:57:00,2.18,2.19,2.18,2.19,1076709
2026-09-17T07:58:00.000Z,2026-09-17T10:58:00,2.19,2.19,2.18,2.18,221332
2026-09-17T07:59:00.000Z,2026-09-17T10:59:00,2.18,2.18,2.18,2.18,950000
2026-09-17T08:00:00.000Z,2026-09-17T11:00:00,2.18,2.18,2.18,2.18,8539
2026-09-17T08:01:00.000Z,2026-09-17T11:01:00,2.18,2.18,2.18,2.18,40570
2026-09-17T08:02:00.000Z,2026-09-17T11:02:00,2.18,2.19,2.18,2.19,732264
2026-09-17T08:03:00.000Z,2026-09-17T11:03:00,2.19,2.19,2.18,2.19,14923
2026-09-17T08:04:00.000Z,2026-09-17T11:04:00,2.18,2.19,2.17,2.18,6939325
2026-09-17T08:05:00.000Z,2026-09-17T11:05:00,2.18,2.18,2.18,2.18,4645
2026-09-17T08:06:00.000Z,2026-09-17T11:06:00,2.18,2.18,2.18,2.18,4812
2026-09-17T08:07:00.000Z,2026-09-17T11:07:00,2.17,2.17,2.17,2.17,42636
2026-09-17T08:08:00.000Z,2026-09-17T11:08:00,2.18,2.18,2.17,2.17,200002
2026-09-17T08:09:00.000Z,2026-09-17T11:09:00,2.18,2.18,2.18,2.18,3116
2026-09-17T08:10:00.000Z,2026-09-17T11:10:00,2.17,2.17,2.17,2.17,470
2026-09-17T08:14:00.000Z,2026-09-17T11:14:00,2.18,2.18,2.17,2.18,851
2026-09-17T08:16:00.000Z,2026-09-17T11:16:00,2.17,2.18,2.17,2.18,2100
2026-09-17T08:17:00.000Z,2026-09-17T11:17:00,2.18,2.18,2.18,2.18,15717
2026-09-17T08:18:00.000Z,2026-09-17T11:18:00,2.18,2.18,2.18,2.18,966976
2026-09-17T08:19:00.000Z,2026-09-17T11:19:00,2.18,2.18,2.18,2.18,1687
2026-09-17T08:21:00.000Z,2026-09-17T11:21:00,2.18,2.18,2.18,2.18,13309
2026-09-17T08:22:00.000Z,2026-09-17T11:22:00,2.18,2.18,2.18,2.18,12
2026-09-17T08:23:00.000Z,2026-09-17T11:23:00,2.18,2.18,2.17,2.18,22637
2026-09-17T08:25:00.000Z,2026-09-17T11:25:00,2.18,2.18,2.18,2.18,26876
2026-09-17T08:26:00.000Z,2026-09-17T11:26:00,2.17,2.18,2.17,2.18,458
2026-09-17T08:27:00.000Z,2026-09-17T11:27:00,2.18,2.18,2.18,2.18,1348
2026-09-17T08:28:00.000Z,2026-09-17T11:28:00,2.17,2.18,2.17,2.18,9488
2026-09-17T08:29:00.000Z,2026-09-17T11:29:00,2.18,2.18,2.17,2.18,255423
2026-09-17T08:31:00.000Z,2026-09-17T11:31:00,2.18,2.18,2.18,2.18,1747
2026-09-17T08:32:00.000Z,2026-09-17T11:32:00,2.18,2.18,2.17,2.17,11997
2026-09-17T08:33:00.000Z,2026-09-17T11:33:00,2.18,2.18,2.18,2.18,2393
2026-09-17T08:35:00.000Z,2026-09-17T11:35:00,2.18,2.18,2.18,2.18,26040
2026-09-17T08:36:00.000Z,2026-09-17T11:36:00,2.17,2.18,2.17,2.18,67
2026-09-17T08:37:00.000Z,2026-09-17T11:37:00,2.17,2.18,2.17,2.17,6003
2026-09-17T08:38:00.000Z,2026-09-17T11:38:00,2.17,2.17,2.17,2.17,500
2026-09-17T08:39:00.000Z,2026-09-17T11:39:00,2.17,2.17,2.17,2.17,8031
2026-09-17T08:40:00.000Z,2026-09-17T11:40:00,2.17,2.17,2.17,2.17,5000
2026-09-17T08:41:00.000Z,2026-09-17T11:41:00,2.18,2.18,2.17,2.17,7388
2026-09-17T08:42:00.000Z,2026-09-17T11:42:00,2.18,2.18,2.17,2.17,3100
2026-09-17T08:43:00.000Z,2026-09-17T11:43:00,2.18,2.18,2.18,2.18,408
2026-09-17T08:46:00.000Z,2026-09-17T11:46:00,2.18,2.18,2.18,2.18,39622
2026-09-17T08:47:00.000Z,2026-09-17T11:47:00,2.17,2.18,2.17,2.18,10061
2026-09-17T08:48:00.000Z,2026-09-17T11:48:00,2.18,2.18,2.18,2.18,2488
2026-09-17T08:49:00.000Z,2026-09-17T11:49:00,2.18,2.18,2.18,2.18,7
2026-09-17T08:50:00.000Z,2026-09-17T11:50:00,2.18,2.18,2.18,2.18,10077
2026-09-17T08:51:00.000Z,2026-09-17T11:51:00,2.17,2.18,2.17,2.18,9726
2026-09-17T08:53:00.000Z,2026-09-17T11:53:00,2.18,2.18,2.18,2.18,320
2026-09-17T08:54:00.000Z,2026-09-17T11:54:00,2.18,2.18,2.18,2.18,4927
2026-09-17T08:55:00.000Z,2026-09-17T11:55:00,2.18,2.18,2.18,2.18,8830
2026-09-17T08:57:00.000Z,2026-09-17T11:57:00,2.17,2.17,2.17,2.17,912
2026-09-17T08:58:00.000Z,2026-09-17T11:58:00,2.18,2.18,2.18,2.18,16030
2026-09-17T08:59:00.000Z,2026-09-17T11:59:00,2.17,2.17,2.17,2.17,636
2026-09-17T09:01:00.000Z,2026-09-17T12:01:00,2.18,2.18,2.18,2.18,55000
2026-09-17T09:02:00.000Z,2026-09-17T12:02:00,2.18,2.18,2.18,2.18,262
2026-09-17T09:03:00.000Z,2026-09-17T12:03:00,2.17,2.17,2.17,2.17,1042
2026-09-17T09:04:00.000Z,2026-09-17T12:04:00,2.18,2.18,2.18,2.18,23
2026-09-17T09:06:00.000Z,2026-09-17T12:06:00,2.18,2.18,2.17,2.17,704
2026-09-17T09:07:00.000Z,2026-09-17T12:07:00,2.18,2.18,2.18,2.18,171258
2026-09-17T09:08:00.000Z,2026-09-17T12:08:00,2.18,2.18,2.18,2.18,263088
2026-09-17T09:09:00.000Z,2026-09-17T12:09:00,2.18,2.18,2.18,2.18,153435
2026-09-17T09:10:00.000Z,2026-09-17T12:10:00,2.18,2.18,2.17,2.17,601493
2026-09-17T09:11:00.000Z,2026-09-17T12:11:00,2.18,2.18,2.18,2.18,1505
2026-09-17T09:12:00.000Z,2026-09-17T12:12:00,2.18,2.18,2.17,2.17,43000
2026-09-17T09:14:00.000Z,2026-09-17T12:14:00,2.18,2.18,2.18,2.18,1328
2026-09-17T09:16:00.000Z,2026-09-17T12:16:00,2.18,2.18,2.18,2.18,22
2026-09-17T09:17:00.000Z,2026-09-17T12:17:00,2.18,2.18,2.18,2.18,10500
2026-09-17T09:18:00.000Z,2026-09-17T12:18:00,2.18,2.18,2.18,2.18,64777
2026-09-17T09:21:00.000Z,2026-09-17T12:21:00,2.18,2.18,2.18,2.18,7
2026-09-17T09:22:00.000Z,2026-09-17T12:22:00,2.17,2.18,2.17,2.18,19696
2026-09-17T09:23:00.000Z,2026-09-17T12:23:00,2.18,2.18,2.18,2.18,100027
2026-09-17T09:24:00.000Z,2026-09-17T12:24:00,2.18,2.18,2.17,2.17,8980
2026-09-17T09:25:00.000Z,2026-09-17T12:25:00,2.17,2.17,2.17,2.17,199
2026-09-17T09:27:00.000Z,2026-09-17T12:27:00,2.17,2.17,2.17,2.17,99
2026-09-17T09:28:00.000Z,2026-09-17T12:28:00,2.17,2.18,2.17,2.18,18053
2026-09-17T09:30:00.000Z,2026-09-17T12:30:00,2.18,2.18,2.18,2.18,20000
2026-09-17T09:32:00.000Z,2026-09-17T12:32:00,2.18,2.18,2.17,2.18,20044
2026-09-17T09:33:00.000Z,2026-09-17T12:33:00,2.18,2.18,2.18,2.18,2564
2026-09-17T09:34:00.000Z,2026-09-17T12:34:00,2.17,2.17,2.17,2.17,1079
2026-09-17T09:35:00.000Z,2026-09-17T12:35:00,2.18,2.18,2.18,2.18,228
2026-09-17T09:36:00.000Z,2026-09-17T12:36:00,2.18,2.18,2.18,2.18,37520
2026-09-17T09:38:00.000Z,2026-09-17T12:38:00,2.17,2.18,2.17,2.18,3012
2026-09-17T09:39:00.000Z,2026-09-17T12:39:00,2.17,2.18,2.17,2.18,6905
2026-09-17T09:41:00.000Z,2026-09-17T12:41:00,2.18,2.18,2.18,2.18,10
2026-09-17T09:44:00.000Z,2026-09-17T12:44:00,2.17,2.18,2.17,2.18,10102
2026-09-17T09:45:00.000Z,2026-09-17T12:45:00,2.18,2.18,2.18,2.18,13
2026-09-17T09:46:00.000Z,2026-09-17T12:46:00,2.18,2.18,2.18,2.18,2000
2026-09-17T09:47:00.000Z,2026-09-17T12:47:00,2.17,2.17,2.17,2.17,1000000
2026-09-17T09:48:00.000Z,2026-09-17T12:48:00,2.18,2.18,2.18,2.18,205
2026-09-17T09:49:00.000Z,2026-09-17T12:49:00,2.18,2.18,2.18,2.18,1
2026-09-17T09:50:00.000Z,2026-09-17T12:50:00,2.18,2.18,2.17,2.17,31014
2026-09-17T09:51:00.000Z,2026-09-17T12:51:00,2.17,2.18,2.17,2.18,23367
2026-09-17T09:52:00.000Z,2026-09-17T12:52:00,2.18,2.18,2.18,2.18,75326
2026-09-17T09:53:00.000Z,2026-09-17T12:53:00,2.18,2.18,2.18,2.18,5343
2026-09-17T09:54:00.000Z,2026-09-17T12:54:00,2.17,2.17,2.17,2.17,9903
2026-09-17T09:55:00.000Z,2026-09-17T12:55:00,2.18,2.18,2.18,2.18,2293
2026-09-17T09:56:00.000Z,2026-09-17T12:56:00,2.17,2.17,2.17,2.17,96
2026-09-17T09:58:00.000Z,2026-09-17T12:58:00,2.17,2.17,2.17,2.17,10
2026-09-17T09:59:00.000Z,2026-09-17T12:59:00,2.17,2.18,2.17,2.18,337
2026-09-17T10:02:00.000Z,2026-09-17T13:02:00,2.18,2.18,2.17,2.18,13433
2026-09-17T10:03:00.000Z,2026-09-17T13:03:00,2.18,2.18,2.18,2.18,6071
2026-09-17T10:04:00.000Z,2026-09-17T13:04:00,2.18,2.19,2.17,2.19,2009406
2026-09-17T10:05:00.000Z,2026-09-17T13:05:00,2.18,2.18,2.18,2.18,5303850
2026-09-17T10:06:00.000Z,2026-09-17T13:06:00,2.18,2.18,2.17,2.18,2045240
2026-09-17T10:07:00.000Z,2026-09-17T13:07:00,2.18,2.18,2.18,2.18,1003926
2026-09-17T10:08:00.000Z,2026-09-17T13:08:00,2.18,2.19,2.17,2.17,5002900
2026-09-17T10:09:00.000Z,2026-09-17T13:09:00,2.19,2.19,2.19,2.19,56673
2026-09-17T10:10:00.000Z,2026-09-17T13:10:00,2.18,2.18,2.18,2.18,474500
2026-09-17T10:11:00.000Z,2026-09-17T13:11:00,2.18,2.18,2.18,2.18,21354
2026-09-17T10:12:00.000Z,2026-09-17T13:12:00,2.18,2.19,2.18,2.18,1045299
2026-09-17T10:13:00.000Z,2026-09-17T13:13:00,2.18,2.18,2.18,2.18,139
2026-09-17T10:14:00.000Z,2026-09-17T13:14:00,2.17,2.17,2.17,2.17,100000
2026-09-17T10:15:00.000Z,2026-09-17T13:15:00,2.18,2.18,2.18,2.18,275
2026-09-17T10:16:00.000Z,2026-09-17T13:16:00,2.18,2.18,2.18,2.18,3458
2026-09-17T10:17:00.000Z,2026-09-17T13:17:00,2.18,2.18,2.18,2.18,31201
2026-09-17T10:18:00.000Z,2026-09-17T13:18:00,2.18,2.18,2.17,2.18,685530
2026-09-17T10:20:00.000Z,2026-09-17T13:20:00,2.17,2.18,2.17,2.18,32217
2026-09-17T10:21:00.000Z,2026-09-17T13:21:00,2.18,2.18,2.18,2.18,41000
2026-09-17T10:22:00.000Z,2026-09-17T13:22:00,2.18,2.18,2.17,2.17,27572
2026-09-17T10:23:00.000Z,2026-09-17T13:23:00,2.18,2.18,2.18,2.18,24000
2026-09-17T10:24:00.000Z,2026-09-17T13:24:00,2.18,2.18,2.18,2.18,300
2026-09-17T10:25:00.000Z,2026-09-17T13:25:00,2.18,2.18,2.18,2.18,2502
2026-09-17T10:26:00.000Z,2026-09-17T13:26:00,2.18,2.18,2.18,2.18,1881
2026-09-17T10:27:00.000Z,2026-09-17T13:27:00,2.18,2.18,2.17,2.17,36659
2026-09-17T10:28:00.000Z,2026-09-17T13:28:00,2.18,2.18,2.18,2.18,356
2026-09-17T10:31:00.000Z,2026-09-17T13:31:00,2.17,2.17,2.17,2.17,510
2026-09-17T10:32:00.000Z,2026-09-17T13:32:00,2.18,2.18,2.18,2.18,33000
2026-09-17T10:33:00.000Z,2026-09-17T13:33:00,2.18,2.18,2.17,2.18,44426
2026-09-17T10:34:00.000Z,2026-09-17T13:34:00,2.18,2.18,2.18,2.18,28464
2026-09-17T10:35:00.000Z,2026-09-17T13:35:00,2.18,2.18,2.18,2.18,2293
2026-09-17T10:36:00.000Z,2026-09-17T13:36:00,2.18,2.18,2.17,2.17,10611
2026-09-17T10:38:00.000Z,2026-09-17T13:38:00,2.18,2.18,2.18,2.18,5997
2026-09-17T10:40:00.000Z,2026-09-17T13:40:00,2.18,2.18,2.18,2.18,1717
2026-09-17T10:41:00.000Z,2026-09-17T13:41:00,2.18,2.18,2.18,2.18,37952
2026-09-17T10:42:00.000Z,2026-09-17T13:42:00,2.18,2.18,2.18,2.18,19076
2026-09-17T10:43:00.000Z,2026-09-17T13:43:00,2.18,2.18,2.18,2.18,10142
2026-09-17T10:44:00.000Z,2026-09-17T13:44:00,2.18,2.18,2.18,2.18,37952
2026-09-17T10:45:00.000Z,2026-09-17T13:45:00,2.18,2.18,2.17,2.17,10426
2026-09-17T10:46:00.000Z,2026-09-17T13:46:00,2.18,2.18,2.18,2.18,6232
2026-09-17T10:47:00.000Z,2026-09-17T13:47:00,2.18,2.18,2.17,2.17,153216
2026-09-17T10:48:00.000Z,2026-09-17T13:48:00,2.17,2.18,2.17,2.18,1051436
2026-09-17T10:49:00.000Z,2026-09-17T13:49:00,2.17,2.19,2.17,2.18,4433348
2026-09-17T10:50:00.000Z,2026-09-17T13:50:00,2.18,2.19,2.18,2.18,2041616
2026-09-17T10:51:00.000Z,2026-09-17T13:51:00,2.19,2.19,2.18,2.19,210352
2026-09-17T10:52:00.000Z,2026-09-17T13:52:00,2.19,2.19,2.19,2.19,13509
2026-09-17T10:53:00.000Z,2026-09-17T13:53:00,2.19,2.19,2.18,2.18,116362
2026-09-17T10:54:00.000Z,2026-09-17T13:54:00,2.19,2.19,2.19,2.19,3116
2026-09-17T10:55:00.000Z,2026-09-17T13:55:00,2.19,2.19,2.19,2.19,3118
2026-09-17T10:56:00.000Z,2026-09-17T13:56:00,2.19,2.19,2.19,2.19,101234
2026-09-17T10:57:00.000Z,2026-09-17T13:57:00,2.19,2.19,2.18,2.18,43989
2026-09-17T10:58:00.000Z,2026-09-17T13:58:00,2.19,2.19,2.19,2.19,9237
2026-09-17T10:59:00.000Z,2026-09-17T13:59:00,2.19,2.19,2.19,2.19,8719
2026-09-17T11:00:00.000Z,2026-09-17T14:00:00,2.19,2.19,2.19,2.19,65031
2026-09-17T11:01:00.000Z,2026-09-17T14:01:00,2.19,2.19,2.19,2.19,68145
2026-09-17T11:02:00.000Z,2026-09-17T14:02:00,2.19,2.19,2.19,2.19,3546
2026-09-17T11:03:00.000Z,2026-09-17T14:03:00,2.19,2.19,2.18,2.18,2034603
2026-09-17T11:04:00.000Z,2026-09-17T14:04:00,2.19,2.19,2.18,2.19,2163952
2026-09-17T11:05:00.000Z,2026-09-17T14:05:00,2.19,2.19,2.19,2.19,3119
2026-09-17T11:06:00.000Z,2026-09-17T14:06:00,2.19,2.19,2.18,2.18,3588783
2026-09-17T11:07:00.000Z,2026-09-17T14:07:00,2.18,2.19,2.18,2.18,154585
2026-09-17T11:08:00.000Z,2026-09-17T14:08:00,2.19,2.19,2.19,2.19,3116
2026-09-17T11:09:00.000Z,2026-09-17T14:09:00,2.19,2.19,2.19,2.19,17072
2026-09-17T11:10:00.000Z,2026-09-17T14:10:00,2.19,2.19,2.19,2.19,113702
2026-09-17T11:11:00.000Z,2026-09-17T14:11:00,2.19,2.19,2.19,2.19,109499
2026-09-17T11:12:00.000Z,2026-09-17T14:12:00,2.19,2.19,2.19,2.19,11249
2026-09-17T11:13:00.000Z,2026-09-17T14:13:00,2.19,2.19,2.19,2.19,1557
2026-09-17T11:14:00.000Z,2026-09-17T14:14:00,2.19,2.19,2.18,2.19,107814
2026-09-17T11:25:00.000Z,2026-09-17T14:25:00,2.17,2.17,2.17,2.17,2010000
2026-09-17T11:27:00.000Z,2026-09-17T14:27:00,2.17,2.17,2.17,2.17,10001
2026-09-17T11:28:00.000Z,2026-09-17T14:28:00,2.17,2.17,2.17,2.17,275000
2026-09-20T07:00:00.000Z,2026-09-20T10:00:00,2.17,2.17,2.16,2.16,559656
2026-09-20T07:01:00.000Z,2026-09-20T10:01:00,2.17,2.17,2.16,2.16,17944
2026-09-20T07:02:00.000Z,2026-09-20T10:02:00,2.16,2.17,2.16,2.17,54659
2026-09-20T07:03:00.000Z,2026-09-20T10:03:00,2.17,2.17,2.17,2.17,502908
2026-09-20T07:04:00.000Z,2026-09-20T10:04:00,2.17,2.18,2.17,2.18,1411691
2026-09-20T07:05:00.000Z,2026-09-20T10:05:00,2.18,2.18,2.18,2.18,200
2026-09-20T07:06:00.000Z,2026-09-20T10:06:00,2.18,2.18,2.17,2.18,9153
2026-09-20T07:07:00.000Z,2026-09-20T10:07:00,2.18,2.18,2.18,2.18,1000
2026-09-20T07:08:00.000Z,2026-09-20T10:08:00,2.18,2.18,2.18,2.18,5687
2026-09-20T07:10:00.000Z,2026-09-20T10:10:00,2.17,2.18,2.17,2.18,12708
2026-09-20T07:11:00.000Z,2026-09-20T10:11:00,2.18,2.18,2.17,2.17,44162
2026-09-20T07:12:00.000Z,2026-09-20T10:12:00,2.17,2.17,2.17,2.17,40100
2026-09-20T07:14:00.000Z,2026-09-20T10:14:00,2.18,2.18,2.17,2.17,278747
2026-09-20T07:15:00.000Z,2026-09-20T10:15:00,2.17,2.18,2.17,2.18,64553
2026-09-20T07:16:00.000Z,2026-09-20T10:16:00,2.18,2.18,2.17,2.17,800000
2026-09-20T07:17:00.000Z,2026-09-20T10:17:00,2.17,2.17,2.17,2.17,557
2026-09-20T07:19:00.000Z,2026-09-20T10:19:00,2.18,2.18,2.18,2.18,29840
2026-09-20T07:20:00.000Z,2026-09-20T10:20:00,2.18,2.18,2.17,2.17,1032891
2026-09-20T07:21:00.000Z,2026-09-20T10:21:00,2.18,2.18,2.18,2.18,203
2026-09-20T07:22:00.000Z,2026-09-20T10:22:00,2.17,2.18,2.17,2.18,17780
2026-09-20T07:23:00.000Z,2026-09-20T10:23:00,2.18,2.18,2.17,2.17,931
2026-09-20T07:24:00.000Z,2026-09-20T10:24:00,2.18,2.18,2.17,2.17,10541
2026-09-20T07:26:00.000Z,2026-09-20T10:26:00,2.18,2.18,2.18,2.18,46082
2026-09-20T07:27:00.000Z,2026-09-20T10:27:00,2.18,2.18,2.18,2.18,1
2026-09-20T07:28:00.000Z,2026-09-20T10:28:00,2.18,2.18,2.17,2.18,76088
2026-09-20T07:29:00.000Z,2026-09-20T10:29:00,2.17,2.17,2.17,2.17,9500
2026-09-20T07:30:00.000Z,2026-09-20T10:30:00,2.17,2.18,2.17,2.18,13661
2026-09-20T07:31:00.000Z,2026-09-20T10:31:00,2.18,2.18,2.18,2.18,10712
2026-09-20T07:32:00.000Z,2026-09-20T10:32:00,2.17,2.18,2.17,2.18,1755
2026-09-20T07:33:00.000Z,2026-09-20T10:33:00,2.18,2.18,2.17,2.17,2500652
2026-09-20T07:34:00.000Z,2026-09-20T10:34:00,2.18,2.18,2.18,2.18,217
2026-09-20T07:35:00.000Z,2026-09-20T10:35:00,2.17,2.17,2.17,2.17,19578
2026-09-20T07:36:00.000Z,2026-09-20T10:36:00,2.17,2.17,2.17,2.17,1378371
2026-09-20T07:37:00.000Z,2026-09-20T10:37:00,2.17,2.17,2.17,2.17,50765
2026-09-20T07:38:00.000Z,2026-09-20T10:38:00,2.17,2.17,2.17,2.17,514503
2026-09-20T07:39:00.000Z,2026-09-20T10:39:00,2.17,2.17,2.17,2.17,11852
2026-09-20T07:40:00.000Z,2026-09-20T10:40:00,2.17,2.17,2.17,2.17,14464
2026-09-20T07:41:00.000Z,2026-09-20T10:41:00,2.17,2.17,2.17,2.17,5
2026-09-20T07:42:00.000Z,2026-09-20T10:42:00,2.17,2.17,2.17,2.17,1762
2026-09-20T07:43:00.000Z,2026-09-20T10:43:00,2.17,2.17,2.17,2.17,10749
2026-09-20T07:44:00.000Z,2026-09-20T10:44:00,2.17,2.18,2.16,2.17,73517
2026-09-20T07:45:00.000Z,2026-09-20T10:45:00,2.18,2.18,2.17,2.17,676
2026-09-20T07:46:00.000Z,2026-09-20T10:46:00,2.17,2.17,2.17,2.17,998545
2026-09-20T07:47:00.000Z,2026-09-20T10:47:00,2.16,2.17,2.16,2.17,6387
2026-09-20T07:48:00.000Z,2026-09-20T10:48:00,2.17,2.17,2.17,2.17,1703
2026-09-20T07:49:00.000Z,2026-09-20T10:49:00,2.17,2.17,2.17,2.17,196024
2026-09-20T07:50:00.000Z,2026-09-20T10:50:00,2.16,2.16,2.16,2.16,652
2026-09-20T07:51:00.000Z,2026-09-20T10:51:00,2.16,2.17,2.16,2.16,4556
2026-09-20T07:52:00.000Z,2026-09-20T10:52:00,2.17,2.17,2.17,2.17,1319
2026-09-20T07:53:00.000Z,2026-09-20T10:53:00,2.17,2.17,2.17,2.17,2304
2026-09-20T07:54:00.000Z,2026-09-20T10:54:00,2.17,2.17,2.17,2.17,20934
2026-09-20T07:55:00.000Z,2026-09-20T10:55:00,2.16,2.17,2.16,2.16,9976
2026-09-20T07:56:00.000Z,2026-09-20T10:56:00,2.17,2.17,2.17,2.17,426
2026-09-20T07:57:00.000Z,2026-09-20T10:57:00,2.17,2.17,2.17,2.17,3734
2026-09-20T07:58:00.000Z,2026-09-20T10:58:00,2.17,2.17,2.17,2.17,32
2026-09-20T07:59:00.000Z,2026-09-20T10:59:00,2.17,2.17,2.17,2.17,116
2026-09-20T08:00:00.000Z,2026-09-20T11:00:00,2.16,2.17,2.16,2.17,19234
2026-09-20T08:01:00.000Z,2026-09-20T11:01:00,2.17,2.17,2.17,2.17,2798
2026-09-20T08:02:00.000Z,2026-09-20T11:02:00,2.16,2.16,2.16,2.16,802956
2026-09-20T08:03:00.000Z,2026-09-20T11:03:00,2.16,2.17,2.16,2.17,1147
2026-09-20T08:04:00.000Z,2026-09-20T11:04:00,2.17,2.17,2.17,2.17,2100
2026-09-20T08:05:00.000Z,2026-09-20T11:05:00,2.16,2.17,2.16,2.17,23441
2026-09-20T08:06:00.000Z,2026-09-20T11:06:00,2.16,2.17,2.16,2.17,1674800
2026-09-20T08:07:00.000Z,2026-09-20T11:07:00,2.16,2.17,2.16,2.17,5065
2026-09-20T08:08:00.000Z,2026-09-20T11:08:00,2.17,2.17,2.17,2.17,2023
2026-09-20T08:09:00.000Z,2026-09-20T11:09:00,2.16,2.16,2.16,2.16,1908
2026-09-20T08:10:00.000Z,2026-09-20T11:10:00,2.16,2.16,2.16,2.16,30000
2026-09-20T08:11:00.000Z,2026-09-20T11:11:00,2.16,2.16,2.16,2.16,4330
2026-09-20T08:14:00.000Z,2026-09-20T11:14:00,2.17,2.18,2.17,2.18,87741
2026-09-20T08:15:00.000Z,2026-09-20T11:15:00,2.17,2.17,2.17,2.17,10
2026-09-20T08:16:00.000Z,2026-09-20T11:16:00,2.17,2.17,2.17,2.17,414349
2026-09-20T08:18:00.000Z,2026-09-20T11:18:00,2.17,2.17,2.17,2.17,126941
2026-09-20T08:19:00.000Z,2026-09-20T11:19:00,2.17,2.17,2.16,2.16,75731
2026-09-20T08:20:00.000Z,2026-09-20T11:20:00,2.17,2.17,2.17,2.17,300373
2026-09-20T08:21:00.000Z,2026-09-20T11:21:00,2.17,2.17,2.17,2.17,6
2026-09-20T08:22:00.000Z,2026-09-20T11:22:00,2.18,2.19,2.18,2.19,1767073
2026-09-20T08:23:00.000Z,2026-09-20T11:23:00,2.18,2.19,2.18,2.19,4331
2026-09-20T08:24:00.000Z,2026-09-20T11:24:00,2.19,2.19,2.19,2.19,4629
2026-09-20T08:25:00.000Z,2026-09-20T11:25:00,2.18,2.18,2.18,2.18,137
2026-09-20T08:27:00.000Z,2026-09-20T11:27:00,2.18,2.18,2.18,2.18,10000
2026-09-20T08:29:00.000Z,2026-09-20T11:29:00,2.19,2.19,2.19,2.19,25000
2026-09-20T08:30:00.000Z,2026-09-20T11:30:00,2.18,2.19,2.18,2.19,714
2026-09-20T08:31:00.000Z,2026-09-20T11:31:00,2.19,2.19,2.19,2.19,2318
2026-09-20T08:33:00.000Z,2026-09-20T11:33:00,2.19,2.19,2.19,2.19,23
2026-09-20T08:35:00.000Z,2026-09-20T11:35:00,2.18,2.18,2.18,2.18,422779
2026-09-20T08:36:00.000Z,2026-09-20T11:36:00,2.18,2.18,2.17,2.18,373772
2026-09-20T08:37:00.000Z,2026-09-20T11:37:00,2.17,2.17,2.17,2.17,857
2026-09-20T08:38:00.000Z,2026-09-20T11:38:00,2.18,2.18,2.17,2.17,16609
2026-09-20T08:39:00.000Z,2026-09-20T11:39:00,2.18,2.18,2.17,2.18,102412
2026-09-20T08:40:00.000Z,2026-09-20T11:40:00,2.18,2.19,2.18,2.19,249560
2026-09-20T08:41:00.000Z,2026-09-20T11:41:00,2.17,2.18,2.17,2.17,17681
2026-09-20T08:42:00.000Z,2026-09-20T11:42:00,2.19,2.19,2.17,2.17,1919
2026-09-20T08:43:00.000Z,2026-09-20T11:43:00,2.19,2.19,2.17,2.17,12849
2026-09-20T08:44:00.000Z,2026-09-20T11:44:00,2.19,2.19,2.18,2.18,23130
2026-09-20T08:45:00.000Z,2026-09-20T11:45:00,2.17,2.17,2.17,2.17,100
2026-09-20T08:46:00.000Z,2026-09-20T11:46:00,2.18,2.18,2.18,2.18,65000
2026-09-20T08:48:00.000Z,2026-09-20T11:48:00,2.18,2.18,2.18,2.18,10391
2026-09-20T08:49:00.000Z,2026-09-20T11:49:00,2.18,2.18,2.18,2.18,2000
2026-09-20T08:50:00.000Z,2026-09-20T11:50:00,2.17,2.17,2.17,2.17,5600
2026-09-20T08:51:00.000Z,2026-09-20T11:51:00,2.18,2.18,2.18,2.18,46182
2026-09-20T08:52:00.000Z,2026-09-20T11:52:00,2.18,2.18,2.18,2.18,25500
2026-09-20T08:53:00.000Z,2026-09-20T11:53:00,2.18,2.18,2.18,2.18,52038
2026-09-20T08:54:00.000Z,2026-09-20T11:54:00,2.19,2.19,2.19,2.19,5620
2026-09-20T08:55:00.000Z,2026-09-20T11:55:00,2.18,2.18,2.18,2.18,42967
2026-09-20T08:56:00.000Z,2026-09-20T11:56:00,2.19,2.19,2.19,2.19,19034
2026-09-20T08:58:00.000Z,2026-09-20T11:58:00,2.19,2.19,2.19,2.19,408
2026-09-20T08:59:00.000Z,2026-09-20T11:59:00,2.18,2.19,2.18,2.19,102160
2026-09-20T09:00:00.000Z,2026-09-20T12:00:00,2.19,2.19,2.18,2.19,18710
2026-09-20T09:01:00.000Z,2026-09-20T12:01:00,2.19,2.19,2.19,2.19,230
2026-09-20T09:02:00.000Z,2026-09-20T12:02:00,2.19,2.19,2.18,2.18,4963584
2026-09-20T09:03:00.000Z,2026-09-20T12:03:00,2.19,2.19,2.18,2.18,15000
2026-09-20T09:04:00.000Z,2026-09-20T12:04:00,2.18,2.18,2.18,2.18,1400
2026-09-20T09:05:00.000Z,2026-09-20T12:05:00,2.19,2.19,2.18,2.18,20002
2026-09-20T09:06:00.000Z,2026-09-20T12:06:00,2.19,2.19,2.19,2.19,184
2026-09-20T09:07:00.000Z,2026-09-20T12:07:00,2.19,2.19,2.18,2.18,37512
2026-09-20T09:08:00.000Z,2026-09-20T12:08:00,2.18,2.19,2.18,2.19,16266
2026-09-20T09:12:00.000Z,2026-09-20T12:12:00,2.18,2.18,2.18,2.18,10
2026-09-20T09:13:00.000Z,2026-09-20T12:13:00,2.18,2.18,2.18,2.18,54452
2026-09-20T09:15:00.000Z,2026-09-20T12:15:00,2.18,2.18,2.18,2.18,2000
2026-09-20T09:16:00.000Z,2026-09-20T12:16:00,2.19,2.19,2.19,2.19,10
2026-09-20T09:17:00.000Z,2026-09-20T12:17:00,2.19,2.19,2.19,2.19,1000
2026-09-20T09:18:00.000Z,2026-09-20T12:18:00,2.19,2.19,2.19,2.19,41
2026-09-20T09:19:00.000Z,2026-09-20T12:19:00,2.18,2.19,2.18,2.18,507700
2026-09-20T09:20:00.000Z,2026-09-20T12:20:00,2.19,2.19,2.19,2.19,1
2026-09-20T09:21:00.000Z,2026-09-20T12:21:00,2.18,2.19,2.18,2.19,61250
2026-09-20T09:22:00.000Z,2026-09-20T12:22:00,2.18,2.18,2.18,2.18,7054
2026-09-20T09:23:00.000Z,2026-09-20T12:23:00,2.18,2.19,2.18,2.18,260241
2026-09-20T09:24:00.000Z,2026-09-20T12:24:00,2.18,2.18,2.18,2.18,1001200
2026-09-20T09:25:00.000Z,2026-09-20T12:25:00,2.18,2.19,2.18,2.19,50109
2026-09-20T09:26:00.000Z,2026-09-20T12:26:00,2.19,2.19,2.18,2.18,506100
2026-09-20T09:27:00.000Z,2026-09-20T12:27:00,2.18,2.18,2.17,2.18,611702
2026-09-20T09:28:00.000Z,2026-09-20T12:28:00,2.18,2.18,2.18,2.18,20001
2026-09-20T09:29:00.000Z,2026-09-20T12:29:00,2.18,2.18,2.18,2.18,46291
2026-09-20T09:32:00.000Z,2026-09-20T12:32:00,2.18,2.18,2.17,2.17,628000
2026-09-20T09:33:00.000Z,2026-09-20T12:33:00,2.18,2.18,2.18,2.18,50
2026-09-20T09:35:00.000Z,2026-09-20T12:35:00,2.18,2.18,2.18,2.18,4898
2026-09-20T09:36:00.000Z,2026-09-20T12:36:00,2.18,2.18,2.18,2.18,10000
2026-09-20T09:37:00.000Z,2026-09-20T12:37:00,2.17,2.18,2.17,2.18,1003
2026-09-20T09:42:00.000Z,2026-09-20T12:42:00,2.17,2.18,2.17,2.18,2731
2026-09-20T09:46:00.000Z,2026-09-20T12:46:00,2.18,2.18,2.18,2.18,100000
2026-09-20T09:47:00.000Z,2026-09-20T12:47:00,2.18,2.18,2.17,2.17,280000
2026-09-20T09:48:00.000Z,2026-09-20T12:48:00,2.18,2.18,2.18,2.18,17
2026-09-20T09:50:00.000Z,2026-09-20T12:50:00,2.17,2.17,2.17,2.17,5000
2026-09-20T09:51:00.000Z,2026-09-20T12:51:00,2.17,2.18,2.17,2.17,65444
2026-09-20T09:53:00.000Z,2026-09-20T12:53:00,2.17,2.18,2.17,2.18,31
2026-09-20T09:55:00.000Z,2026-09-20T12:55:00,2.18,2.18,2.18,2.18,790
2026-09-20T09:56:00.000Z,2026-09-20T12:56:00,2.18,2.18,2.18,2.18,4
2026-09-20T09:57:00.000Z,2026-09-20T12:57:00,2.18,2.18,2.18,2.18,80
2026-09-20T09:58:00.000Z,2026-09-20T12:58:00,2.18,2.18,2.17,2.18,10681
2026-09-20T09:59:00.000Z,2026-09-20T12:59:00,2.18,2.18,2.18,2.18,400
2026-09-20T10:00:00.000Z,2026-09-20T13:00:00,2.18,2.18,2.18,2.18,190
2026-09-20T10:01:00.000Z,2026-09-20T13:01:00,2.18,2.18,2.18,2.18,5
2026-09-20T10:03:00.000Z,2026-09-20T13:03:00,2.18,2.18,2.18,2.18,1834
2026-09-20T10:04:00.000Z,2026-09-20T13:04:00,2.18,2.18,2.18,2.18,50
2026-09-20T10:05:00.000Z,2026-09-20T13:05:00,2.17,2.18,2.17,2.18,482
2026-09-20T10:07:00.000Z,2026-09-20T13:07:00,2.18,2.18,2.17,2.17,2283
2026-09-20T10:08:00.000Z,2026-09-20T13:08:00,2.18,2.18,2.18,2.18,200000
2026-09-20T10:09:00.000Z,2026-09-20T13:09:00,2.18,2.18,2.18,2.18,187
2026-09-20T10:10:00.000Z,2026-09-20T13:10:00,2.17,2.17,2.17,2.17,7205
2026-09-20T10:11:00.000Z,2026-09-20T13:11:00,2.18,2.18,2.18,2.18,1142
2026-09-20T10:13:00.000Z,2026-09-20T13:13:00,2.18,2.18,2.17,2.17,300002
2026-09-20T10:14:00.000Z,2026-09-20T13:14:00,2.18,2.18,2.18,2.18,2632
2026-09-20T10:15:00.000Z,2026-09-20T13:15:00,2.18,2.18,2.18,2.18,37
2026-09-20T10:16:00.000Z,2026-09-20T13:16:00,2.17,2.18,2.17,2.18,200171
2026-09-20T10:17:00.000Z,2026-09-20T13:17:00,2.17,2.17,2.17,2.17,7
2026-09-20T10:18:00.000Z,2026-09-20T13:18:00,2.17,2.17,2.17,2.17,1208
2026-09-20T10:19:00.000Z,2026-09-20T13:19:00,2.17,2.17,2.17,2.17,1903203
2026-09-20T10:20:00.000Z,2026-09-20T13:20:00,2.17,2.17,2.17,2.17,200
2026-09-20T10:21:00.000Z,2026-09-20T13:21:00,2.16,2.16,2.16,2.16,3380
2026-09-20T10:22:00.000Z,2026-09-20T13:22:00,2.16,2.16,2.16,2.16,25
2026-09-20T10:24:00.000Z,2026-09-20T13:24:00,2.17,2.17,2.17,2.17,26200
2026-09-20T10:27:00.000Z,2026-09-20T13:27:00,2.17,2.17,2.16,2.16,1688
2026-09-20T10:28:00.000Z,2026-09-20T13:28:00,2.17,2.18,2.17,2.18,252806
2026-09-20T10:29:00.000Z,2026-09-20T13:29:00,2.16,2.18,2.16,2.18,58
2026-09-20T10:30:00.000Z,2026-09-20T13:30:00,2.18,2.18,2.18,2.18,23981
2026-09-20T10:31:00.000Z,2026-09-20T13:31:00,2.18,2.18,2.17,2.17,3086
2026-09-20T10:33:00.000Z,2026-09-20T13:33:00,2.18,2.18,2.18,2.18,11510
2026-09-20T10:34:00.000Z,2026-09-20T13:34:00,2.18,2.18,2.18,2.18,158
2026-09-20T10:35:00.000Z,2026-09-20T13:35:00,2.18,2.18,2.18,2.18,28514
2026-09-20T10:36:00.000Z,2026-09-20T13:36:00,2.17,2.18,2.17,2.18,3991
2026-09-20T10:37:00.000Z,2026-09-20T13:37:00,2.17,2.18,2.17,2.18,10020
2026-09-20T10:38:00.000Z,2026-09-20T13:38:00,2.17,2.17,2.17,2.17,5000
2026-09-20T10:39:00.000Z,2026-09-20T13:39:00,2.17,2.17,2.17,2.17,3762
2026-09-20T10:40:00.000Z,2026-09-20T13:40:00,2.18,2.18,2.18,2.18,2302
2026-09-20T10:41:00.000Z,2026-09-20T13:41:00,2.18,2.18,2.18,2.18,305624
2026-09-20T10:43:00.000Z,2026-09-20T13:43:00,2.17,2.18,2.17,2.18,10144
2026-09-20T10:44:00.000Z,2026-09-20T13:44:00,2.18,2.18,2.18,2.18,17266
2026-09-20T10:45:00.000Z,2026-09-20T13:45:00,2.18,2.18,2.17,2.17,15639
2026-09-20T10:46:00.000Z,2026-09-20T13:46:00,2.17,2.18,2.17,2.18,500018
2026-09-20T10:47:00.000Z,2026-09-20T13:47:00,2.17,2.18,2.17,2.18,141283
2026-09-20T10:48:00.000Z,2026-09-20T13:48:00,2.18,2.18,2.18,2.18,267326
2026-09-20T10:49:00.000Z,2026-09-20T13:49:00,2.18,2.18,2.18,2.18,9419
2026-09-20T10:50:00.000Z,2026-09-20T13:50:00,2.18,2.18,2.18,2.18,819
2026-09-20T10:51:00.000Z,2026-09-20T13:51:00,2.18,2.18,2.18,2.18,3761
2026-09-20T10:53:00.000Z,2026-09-20T13:53:00,2.18,2.18,2.18,2.18,622
2026-09-20T10:54:00.000Z,2026-09-20T13:54:00,2.18,2.18,2.18,2.18,154
2026-09-20T10:55:00.000Z,2026-09-20T13:55:00,2.18,2.18,2.18,2.18,6255
2026-09-20T10:56:00.000Z,2026-09-20T13:56:00,2.17,2.18,2.17,2.18,384
2026-09-20T10:57:00.000Z,2026-09-20T13:57:00,2.18,2.18,2.18,2.18,12709
2026-09-20T10:58:00.000Z,2026-09-20T13:58:00,2.18,2.18,2.18,2.18,54
2026-09-20T10:59:00.000Z,2026-09-20T13:59:00,2.17,2.17,2.17,2.17,410806
2026-09-20T11:00:00.000Z,2026-09-20T14:00:00,2.17,2.17,2.17,2.17,50
2026-09-20T11:01:00.000Z,2026-09-20T14:01:00,2.16,2.17,2.16,2.16,2556912
2026-09-20T11:02:00.000Z,2026-09-20T14:02:00,2.16,2.16,2.16,2.16,100000
2026-09-20T11:03:00.000Z,2026-09-20T14:03:00,2.17,2.17,2.17,2.17,917
2026-09-20T11:04:00.000Z,2026-09-20T14:04:00,2.17,2.17,2.17,2.17,250208
2026-09-20T11:05:00.000Z,2026-09-20T14:05:00,2.17,2.17,2.17,2.17,2239
2026-09-20T11:06:00.000Z,2026-09-20T14:06:00,2.17,2.17,2.16,2.16,3421
2026-09-20T11:07:00.000Z,2026-09-20T14:07:00,2.17,2.17,2.17,2.17,67346
2026-09-20T11:08:00.000Z,2026-09-20T14:08:00,2.17,2.17,2.17,2.17,366010
2026-09-20T11:09:00.000Z,2026-09-20T14:09:00,2.17,2.17,2.17,2.17,1925109
2026-09-20T11:10:00.000Z,2026-09-20T14:10:00,2.17,2.18,2.17,2.17,1501789
2026-09-20T11:11:00.000Z,2026-09-20T14:11:00,2.17,2.17,2.17,2.17,10000
2026-09-20T11:12:00.000Z,2026-09-20T14:12:00,2.17,2.17,2.17,2.17,1145390
2026-09-20T11:13:00.000Z,2026-09-20T14:13:00,2.17,2.18,2.17,2.18,252260
2026-09-20T11:14:00.000Z,2026-09-20T14:14:00,2.18,2.18,2.18,2.18,420023
2026-09-20T11:25:00.000Z,2026-09-20T14:25:00,2.17,2.17,2.17,2.17,2015000
2026-09-20T11:26:00.000Z,2026-09-20T14:26:00,2.17,2.17,2.17,2.17,85220
2026-09-20T11:27:00.000Z,2026-09-20T14:27:00,2.17,2.17,2.17,2.17,1000184
2026-09-20T11:29:00.000Z,2026-09-20T14:29:00,2.17,2.17,2.17,2.17,15000
2026-09-21T07:00:00.000Z,2026-09-21T10:00:00,2.17,2.18,2.17,2.18,411234
2026-09-21T07:02:00.000Z,2026-09-21T10:02:00,2.18,2.18,2.17,2.17,6223
2026-09-21T07:03:00.000Z,2026-09-21T10:03:00,2.17,2.18,2.16,2.18,616233
2026-09-21T07:04:00.000Z,2026-09-21T10:04:00,2.18,2.18,2.17,2.18,226331
2026-09-21T07:05:00.000Z,2026-09-21T10:05:00,2.18,2.18,2.18,2.18,13
2026-09-21T07:06:00.000Z,2026-09-21T10:06:00,2.18,2.18,2.18,2.18,408
2026-09-21T07:07:00.000Z,2026-09-21T10:07:00,2.17,2.18,2.17,2.18,9628
2026-09-21T07:08:00.000Z,2026-09-21T10:08:00,2.18,2.18,2.18,2.18,2293
2026-09-21T07:09:00.000Z,2026-09-21T10:09:00,2.18,2.18,2.18,2.18,1000
2026-09-21T07:10:00.000Z,2026-09-21T10:10:00,2.18,2.18,2.18,2.18,38
2026-09-21T07:12:00.000Z,2026-09-21T10:12:00,2.17,2.18,2.17,2.18,43576
2026-09-21T07:13:00.000Z,2026-09-21T10:13:00,2.17,2.17,2.17,2.17,1762
2026-09-21T07:14:00.000Z,2026-09-21T10:14:00,2.18,2.18,2.18,2.18,849
2026-09-21T07:18:00.000Z,2026-09-21T10:18:00,2.17,2.17,2.17,2.17,24041
2026-09-21T07:19:00.000Z,2026-09-21T10:19:00,2.17,2.18,2.17,2.18,36766
2026-09-21T07:20:00.000Z,2026-09-21T10:20:00,2.18,2.18,2.18,2.18,1568
2026-09-21T07:21:00.000Z,2026-09-21T10:21:00,2.18,2.18,2.18,2.18,4273
2026-09-21T07:22:00.000Z,2026-09-21T10:22:00,2.18,2.18,2.18,2.18,1215661
2026-09-21T07:23:00.000Z,2026-09-21T10:23:00,2.18,2.18,2.17,2.17,1002489
2026-09-21T07:24:00.000Z,2026-09-21T10:24:00,2.18,2.18,2.17,2.17,19990
2026-09-21T07:25:00.000Z,2026-09-21T10:25:00,2.17,2.17,2.16,2.17,1139340
2026-09-21T07:26:00.000Z,2026-09-21T10:26:00,2.17,2.17,2.17,2.17,1001125
2026-09-21T07:27:00.000Z,2026-09-21T10:27:00,2.17,2.18,2.17,2.18,12324
2026-09-21T07:28:00.000Z,2026-09-21T10:28:00,2.18,2.18,2.18,2.18,5417
2026-09-21T07:30:00.000Z,2026-09-21T10:30:00,2.17,2.17,2.17,2.17,2917
2026-09-21T07:31:00.000Z,2026-09-21T10:31:00,2.18,2.18,2.17,2.17,1974
2026-09-21T07:33:00.000Z,2026-09-21T10:33:00,2.17,2.18,2.17,2.18,70348
2026-09-21T07:34:00.000Z,2026-09-21T10:34:00,2.17,2.18,2.17,2.17,8384
2026-09-21T07:35:00.000Z,2026-09-21T10:35:00,2.17,2.18,2.17,2.18,71851
2026-09-21T07:36:00.000Z,2026-09-21T10:36:00,2.18,2.18,2.17,2.18,21935
2026-09-21T07:37:00.000Z,2026-09-21T10:37:00,2.18,2.18,2.18,2.18,600
2026-09-21T07:38:00.000Z,2026-09-21T10:38:00,2.18,2.18,2.18,2.18,917
2026-09-21T07:41:00.000Z,2026-09-21T10:41:00,2.18,2.18,2.18,2.18,15
2026-09-21T07:42:00.000Z,2026-09-21T10:42:00,2.17,2.18,2.17,2.18,209720
2026-09-21T07:43:00.000Z,2026-09-21T10:43:00,2.17,2.18,2.17,2.17,299576
2026-09-21T07:44:00.000Z,2026-09-21T10:44:00,2.17,2.18,2.17,2.18,11003
2026-09-21T07:45:00.000Z,2026-09-21T10:45:00,2.17,2.18,2.17,2.18,146
2026-09-21T07:46:00.000Z,2026-09-21T10:46:00,2.17,2.18,2.17,2.17,2388
2026-09-21T07:48:00.000Z,2026-09-21T10:48:00,2.17,2.17,2.17,2.17,16000
2026-09-21T07:49:00.000Z,2026-09-21T10:49:00,2.17,2.17,2.16,2.16,254626
2026-09-21T07:50:00.000Z,2026-09-21T10:50:00,2.16,2.18,2.16,2.18,29717
2026-09-21T07:51:00.000Z,2026-09-21T10:51:00,2.17,2.18,2.17,2.17,11031
2026-09-21T07:52:00.000Z,2026-09-21T10:52:00,2.17,2.18,2.17,2.18,1590
2026-09-21T07:53:00.000Z,2026-09-21T10:53:00,2.18,2.18,2.18,2.18,20309
2026-09-21T07:54:00.000Z,2026-09-21T10:54:00,2.17,2.18,2.17,2.18,150252
2026-09-21T07:55:00.000Z,2026-09-21T10:55:00,2.17,2.18,2.17,2.18,69554
2026-09-21T07:58:00.000Z,2026-09-21T10:58:00,2.17,2.17,2.17,2.17,21
2026-09-21T08:00:00.000Z,2026-09-21T11:00:00,2.17,2.18,2.17,2.17,26371
2026-09-21T08:01:00.000Z,2026-09-21T11:01:00,2.18,2.18,2.17,2.17,424
2026-09-21T08:02:00.000Z,2026-09-21T11:02:00,2.17,2.17,2.17,2.17,387
2026-09-21T08:04:00.000Z,2026-09-21T11:04:00,2.17,2.18,2.17,2.18,20161
2026-09-21T08:05:00.000Z,2026-09-21T11:05:00,2.18,2.18,2.18,2.18,270
2026-09-21T08:07:00.000Z,2026-09-21T11:07:00,2.17,2.17,2.17,2.17,50000
2026-09-21T08:10:00.000Z,2026-09-21T11:10:00,2.17,2.18,2.17,2.17,695300
2026-09-21T08:11:00.000Z,2026-09-21T11:11:00,2.18,2.18,2.17,2.18,1505500
2026-09-21T08:12:00.000Z,2026-09-21T11:12:00,2.18,2.18,2.18,2.18,15
2026-09-21T08:13:00.000Z,2026-09-21T11:13:00,2.18,2.18,2.18,2.18,1039
2026-09-21T08:14:00.000Z,2026-09-21T11:14:00,2.18,2.18,2.18,2.18,738
2026-09-21T08:16:00.000Z,2026-09-21T11:16:00,2.18,2.18,2.18,2.18,500
2026-09-21T08:17:00.000Z,2026-09-21T11:17:00,2.18,2.18,2.17,2.18,86256
2026-09-21T08:18:00.000Z,2026-09-21T11:18:00,2.17,2.17,2.17,2.17,27957
2026-09-21T08:20:00.000Z,2026-09-21T11:20:00,2.17,2.17,2.17,2.17,6668
2026-09-21T08:21:00.000Z,2026-09-21T11:21:00,2.17,2.17,2.17,2.17,612
2026-09-21T08:22:00.000Z,2026-09-21T11:22:00,2.17,2.17,2.17,2.17,27819
2026-09-21T08:23:00.000Z,2026-09-21T11:23:00,2.17,2.17,2.17,2.17,59053
2026-09-21T08:24:00.000Z,2026-09-21T11:24:00,2.17,2.17,2.17,2.17,40011
2026-09-21T08:25:00.000Z,2026-09-21T11:25:00,2.18,2.18,2.18,2.18,1735
2026-09-21T08:26:00.000Z,2026-09-21T11:26:00,2.18,2.18,2.18,2.18,10286
2026-09-21T08:27:00.000Z,2026-09-21T11:27:00,2.17,2.17,2.17,2.17,79977
2026-09-21T08:28:00.000Z,2026-09-21T11:28:00,2.18,2.18,2.17,2.17,26309
2026-09-21T08:29:00.000Z,2026-09-21T11:29:00,2.17,2.18,2.17,2.18,343
2026-09-21T08:30:00.000Z,2026-09-21T11:30:00,2.17,2.18,2.17,2.18,6161
2026-09-21T08:31:00.000Z,2026-09-21T11:31:00,2.18,2.18,2.18,2.18,101
2026-09-21T08:32:00.000Z,2026-09-21T11:32:00,2.17,2.17,2.17,2.17,60045
2026-09-21T08:33:00.000Z,2026-09-21T11:33:00,2.18,2.18,2.18,2.18,1
2026-09-21T08:34:00.000Z,2026-09-21T11:34:00,2.17,2.17,2.17,2.17,40022
2026-09-21T08:36:00.000Z,2026-09-21T11:36:00,2.17,2.17,2.17,2.17,723589
2026-09-21T08:37:00.000Z,2026-09-21T11:37:00,2.16,2.16,2.16,2.16,2351
2026-09-21T08:38:00.000Z,2026-09-21T11:38:00,2.16,2.16,2.16,2.16,96913
2026-09-21T08:39:00.000Z,2026-09-21T11:39:00,2.16,2.16,2.16,2.16,505604
2026-09-21T08:40:00.000Z,2026-09-21T11:40:00,2.16,2.17,2.16,2.17,30541
2026-09-21T08:41:00.000Z,2026-09-21T11:41:00,2.16,2.16,2.15,2.15,932281
2026-09-21T08:42:00.000Z,2026-09-21T11:42:00,2.15,2.16,2.15,2.15,84185
2026-09-21T08:43:00.000Z,2026-09-21T11:43:00,2.15,2.16,2.15,2.15,86500
2026-09-21T08:44:00.000Z,2026-09-21T11:44:00,2.15,2.15,2.15,2.15,8532
2026-09-21T08:45:00.000Z,2026-09-21T11:45:00,2.15,2.15,2.15,2.15,30000
2026-09-21T08:46:00.000Z,2026-09-21T11:46:00,2.15,2.15,2.15,2.15,3905339
2026-09-21T08:47:00.000Z,2026-09-21T11:47:00,2.15,2.15,2.14,2.14,1001753
2026-09-21T08:48:00.000Z,2026-09-21T11:48:00,2.14,2.14,2.14,2.14,114500
2026-09-21T08:49:00.000Z,2026-09-21T11:49:00,2.14,2.15,2.14,2.15,307820
2026-09-21T08:50:00.000Z,2026-09-21T11:50:00,2.14,2.15,2.14,2.14,1684295
2026-09-21T08:51:00.000Z,2026-09-21T11:51:00,2.14,2.14,2.13,2.13,350376
2026-09-21T08:52:00.000Z,2026-09-21T11:52:00,2.13,2.13,2.13,2.13,311955
2026-09-21T08:53:00.000Z,2026-09-21T11:53:00,2.13,2.14,2.13,2.14,65815
2026-09-21T08:54:00.000Z,2026-09-21T11:54:00,2.14,2.14,2.13,2.13,41983
2026-09-21T08:55:00.000Z,2026-09-21T11:55:00,2.13,2.15,2.13,2.14,916613
2026-09-21T08:56:00.000Z,2026-09-21T11:56:00,2.14,2.14,2.13,2.13,204325
2026-09-21T08:57:00.000Z,2026-09-21T11:57:00,2.15,2.15,2.14,2.14,3824
2026-09-21T08:58:00.000Z,2026-09-21T11:58:00,2.14,2.14,2.14,2.14,3619
2026-09-21T08:59:00.000Z,2026-09-21T11:59:00,2.14,2.14,2.14,2.14,132019
2026-09-21T09:01:00.000Z,2026-09-21T12:01:00,2.15,2.15,2.14,2.14,2435
2026-09-21T09:03:00.000Z,2026-09-21T12:03:00,2.14,2.14,2.14,2.14,26625
2026-09-21T09:05:00.000Z,2026-09-21T12:05:00,2.15,2.15,2.14,2.15,44963
2026-09-21T09:06:00.000Z,2026-09-21T12:06:00,2.15,2.15,2.15,2.15,7870
2026-09-21T09:07:00.000Z,2026-09-21T12:07:00,2.15,2.15,2.14,2.14,5024
2026-09-21T09:08:00.000Z,2026-09-21T12:08:00,2.15,2.15,2.15,2.15,3858
2026-09-21T09:09:00.000Z,2026-09-21T12:09:00,2.15,2.15,2.14,2.14,102229
2026-09-21T09:10:00.000Z,2026-09-21T12:10:00,2.15,2.15,2.15,2.15,1116
2026-09-21T09:11:00.000Z,2026-09-21T12:11:00,2.15,2.15,2.15,2.15,30313
2026-09-21T09:12:00.000Z,2026-09-21T12:12:00,2.14,2.15,2.14,2.15,39975
2026-09-21T09:14:00.000Z,2026-09-21T12:14:00,2.15,2.15,2.15,2.15,2256
2026-09-21T09:15:00.000Z,2026-09-21T12:15:00,2.14,2.15,2.14,2.15,1500
2026-09-21T09:16:00.000Z,2026-09-21T12:16:00,2.15,2.15,2.15,2.15,532
2026-09-21T09:17:00.000Z,2026-09-21T12:17:00,2.14,2.14,2.14,2.14,263
2026-09-21T09:18:00.000Z,2026-09-21T12:18:00,2.14,2.14,2.14,2.14,171403
2026-09-21T09:19:00.000Z,2026-09-21T12:19:00,2.15,2.15,2.15,2.15,233
2026-09-21T09:20:00.000Z,2026-09-21T12:20:00,2.15,2.15,2.15,2.15,4651
2026-09-21T09:22:00.000Z,2026-09-21T12:22:00,2.15,2.15,2.15,2.15,814672
2026-09-21T09:23:00.000Z,2026-09-21T12:23:00,2.15,2.16,2.15,2.16,15028
2026-09-21T09:24:00.000Z,2026-09-21T12:24:00,2.16,2.16,2.16,2.16,626
2026-09-21T09:27:00.000Z,2026-09-21T12:27:00,2.16,2.16,2.16,2.16,1000
2026-09-21T09:29:00.000Z,2026-09-21T12:29:00,2.15,2.15,2.15,2.15,17080
2026-09-21T09:30:00.000Z,2026-09-21T12:30:00,2.15,2.15,2.15,2.15,233
2026-09-21T09:31:00.000Z,2026-09-21T12:31:00,2.16,2.16,2.16,2.16,140
2026-09-21T09:33:00.000Z,2026-09-21T12:33:00,2.15,2.16,2.15,2.15,361567
2026-09-21T09:34:00.000Z,2026-09-21T12:34:00,2.15,2.16,2.15,2.16,11878
2026-09-21T09:35:00.000Z,2026-09-21T12:35:00,2.16,2.16,2.16,2.16,1500
2026-09-21T09:37:00.000Z,2026-09-21T12:37:00,2.16,2.16,2.16,2.16,4
2026-09-21T09:38:00.000Z,2026-09-21T12:38:00,2.15,2.15,2.15,2.15,15000
2026-09-21T09:39:00.000Z,2026-09-21T12:39:00,2.15,2.15,2.15,2.15,10000
2026-09-21T09:40:00.000Z,2026-09-21T12:40:00,2.15,2.16,2.15,2.16,79744
2026-09-21T09:41:00.000Z,2026-09-21T12:41:00,2.16,2.16,2.16,2.16,3320
2026-09-21T09:42:00.000Z,2026-09-21T12:42:00,2.16,2.16,2.14,2.14,100536
2026-09-21T09:43:00.000Z,2026-09-21T12:43:00,2.14,2.14,2.14,2.14,50000
2026-09-21T09:44:00.000Z,2026-09-21T12:44:00,2.15,2.15,2.15,2.15,23266
2026-09-21T09:45:00.000Z,2026-09-21T12:45:00,2.15,2.15,2.14,2.14,27741
2026-09-21T09:48:00.000Z,2026-09-21T12:48:00,2.14,2.14,2.14,2.14,7000
2026-09-21T09:50:00.000Z,2026-09-21T12:50:00,2.14,2.14,2.14,2.14,466613
2026-09-21T09:51:00.000Z,2026-09-21T12:51:00,2.14,2.15,2.14,2.15,121324
2026-09-21T09:52:00.000Z,2026-09-21T12:52:00,2.14,2.14,2.14,2.14,11041
2026-09-21T09:53:00.000Z,2026-09-21T12:53:00,2.14,2.15,2.14,2.15,6971
2026-09-21T09:54:00.000Z,2026-09-21T12:54:00,2.15,2.15,2.15,2.15,2185
2026-09-21T09:55:00.000Z,2026-09-21T12:55:00,2.15,2.15,2.15,2.15,10
2026-09-21T09:56:00.000Z,2026-09-21T12:56:00,2.15,2.15,2.15,2.15,50
2026-09-21T09:57:00.000Z,2026-09-21T12:57:00,2.14,2.14,2.14,2.14,50
2026-09-21T09:59:00.000Z,2026-09-21T12:59:00,2.14,2.14,2.14,2.14,86
2026-09-21T10:00:00.000Z,2026-09-21T13:00:00,2.15,2.15,2.15,2.15,1291
2026-09-21T10:01:00.000Z,2026-09-21T13:01:00,2.15,2.15,2.15,2.15,875
2026-09-21T10:02:00.000Z,2026-09-21T13:02:00,2.15,2.15,2.15,2.15,355
2026-09-21T10:03:00.000Z,2026-09-21T13:03:00,2.15,2.15,2.15,2.15,2149
2026-09-21T10:04:00.000Z,2026-09-21T13:04:00,2.15,2.15,2.15,2.15,5000
2026-09-21T10:05:00.000Z,2026-09-21T13:05:00,2.14,2.14,2.14,2.14,1000
2026-09-21T10:06:00.000Z,2026-09-21T13:06:00,2.14,2.14,2.14,2.14,5000
2026-09-21T10:07:00.000Z,2026-09-21T13:07:00,2.14,2.15,2.14,2.15,2150
2026-09-21T10:08:00.000Z,2026-09-21T13:08:00,2.14,2.15,2.14,2.15,2604
2026-09-21T10:09:00.000Z,2026-09-21T13:09:00,2.14,2.15,2.14,2.14,16718
2026-09-21T10:10:00.000Z,2026-09-21T13:10:00,2.14,2.14,2.14,2.14,12179
2026-09-21T10:11:00.000Z,2026-09-21T13:11:00,2.15,2.15,2.14,2.14,952
2026-09-21T10:12:00.000Z,2026-09-21T13:12:00,2.15,2.15,2.14,2.14,68000
2026-09-21T10:13:00.000Z,2026-09-21T13:13:00,2.14,2.14,2.14,2.14,1518
2026-09-21T10:14:00.000Z,2026-09-21T13:14:00,2.15,2.15,2.15,2.15,795
2026-09-21T10:15:00.000Z,2026-09-21T13:15:00,2.15,2.15,2.14,2.14,150030
2026-09-21T10:16:00.000Z,2026-09-21T13:16:00,2.15,2.15,2.15,2.15,2164
2026-09-21T10:17:00.000Z,2026-09-21T13:17:00,2.15,2.15,2.15,2.15,250
2026-09-21T10:18:00.000Z,2026-09-21T13:18:00,2.15,2.15,2.15,2.15,3600
2026-09-21T10:19:00.000Z,2026-09-21T13:19:00,2.15,2.15,2.15,2.15,896
2026-09-21T10:23:00.000Z,2026-09-21T13:23:00,2.15,2.15,2.15,2.15,387
2026-09-21T10:24:00.000Z,2026-09-21T13:24:00,2.15,2.15,2.15,2.15,12000
2026-09-21T10:25:00.000Z,2026-09-21T13:25:00,2.14,2.14,2.14,2.14,81
2026-09-21T10:26:00.000Z,2026-09-21T13:26:00,2.14,2.15,2.14,2.15,110
2026-09-21T10:27:00.000Z,2026-09-21T13:27:00,2.15,2.15,2.14,2.14,404513
2026-09-21T10:30:00.000Z,2026-09-21T13:30:00,2.14,2.14,2.14,2.14,481837
2026-09-21T10:31:00.000Z,2026-09-21T13:31:00,2.15,2.15,2.15,2.15,57
2026-09-21T10:32:00.000Z,2026-09-21T13:32:00,2.14,2.14,2.14,2.14,878
2026-09-21T10:33:00.000Z,2026-09-21T13:33:00,2.14,2.15,2.13,2.15,138249
2026-09-21T10:34:00.000Z,2026-09-21T13:34:00,2.14,2.14,2.14,2.14,21755
2026-09-21T10:35:00.000Z,2026-09-21T13:35:00,2.15,2.15,2.14,2.14,12691
2026-09-21T10:36:00.000Z,2026-09-21T13:36:00,2.15,2.15,2.15,2.15,4659
2026-09-21T10:37:00.000Z,2026-09-21T13:37:00,2.15,2.15,2.14,2.14,19596
2026-09-21T10:38:00.000Z,2026-09-21T13:38:00,2.15,2.15,2.14,2.14,13071
2026-09-21T10:40:00.000Z,2026-09-21T13:40:00,2.14,2.14,2.14,2.14,8183
2026-09-21T10:41:00.000Z,2026-09-21T13:41:00,2.14,2.14,2.14,2.14,4
2026-09-21T10:42:00.000Z,2026-09-21T13:42:00,2.14,2.14,2.14,2.14,33638
2026-09-21T10:43:00.000Z,2026-09-21T13:43:00,2.15,2.15,2.15,2.15,2000
2026-09-21T10:44:00.000Z,2026-09-21T13:44:00,2.15,2.15,2.14,2.14,61904
2026-09-21T10:45:00.000Z,2026-09-21T13:45:00,2.14,2.15,2.14,2.15,1500056
2026-09-21T10:46:00.000Z,2026-09-21T13:46:00,2.15,2.15,2.14,2.14,133132
2026-09-21T10:47:00.000Z,2026-09-21T13:47:00,2.14,2.14,2.13,2.13,10250
2026-09-21T10:48:00.000Z,2026-09-21T13:48:00,2.14,2.14,2.14,2.14,95438
2026-09-21T10:49:00.000Z,2026-09-21T13:49:00,2.14,2.14,2.14,2.14,3800
2026-09-21T10:50:00.000Z,2026-09-21T13:50:00,2.14,2.14,2.14,2.14,11250
2026-09-21T10:51:00.000Z,2026-09-21T13:51:00,2.15,2.15,2.15,2.15,116
2026-09-21T10:53:00.000Z,2026-09-21T13:53:00,2.14,2.15,2.14,2.15,17365
2026-09-21T10:54:00.000Z,2026-09-21T13:54:00,2.15,2.15,2.15,2.15,11
2026-09-21T10:55:00.000Z,2026-09-21T13:55:00,2.14,2.14,2.14,2.14,200000
2026-09-21T10:56:00.000Z,2026-09-21T13:56:00,2.14,2.14,2.14,2.14,58288
2026-09-21T10:57:00.000Z,2026-09-21T13:57:00,2.14,2.15,2.14,2.15,14061
2026-09-21T10:58:00.000Z,2026-09-21T13:58:00,2.15,2.15,2.15,2.15,12000
2026-09-21T10:59:00.000Z,2026-09-21T13:59:00,2.14,2.14,2.14,2.14,1144749
2026-09-21T11:00:00.000Z,2026-09-21T14:00:00,2.14,2.14,2.14,2.14,113775
2026-09-21T11:01:00.000Z,2026-09-21T14:01:00,2.14,2.15,2.14,2.14,711365
2026-09-21T11:02:00.000Z,2026-09-21T14:02:00,2.14,2.14,2.14,2.14,221290
2026-09-21T11:03:00.000Z,2026-09-21T14:03:00,2.13,2.15,2.13,2.15,215410
2026-09-21T11:05:00.000Z,2026-09-21T14:05:00,2.14,2.14,2.14,2.14,95
2026-09-21T11:06:00.000Z,2026-09-21T14:06:00,2.14,2.15,2.14,2.15,58018
2026-09-21T11:08:00.000Z,2026-09-21T14:08:00,2.15,2.15,2.15,2.15,220
2026-09-21T11:09:00.000Z,2026-09-21T14:09:00,2.14,2.14,2.14,2.14,10000
2026-09-21T11:11:00.000Z,2026-09-21T14:11:00,2.15,2.15,2.15,2.15,921
2026-09-21T11:12:00.000Z,2026-09-21T14:12:00,2.15,2.15,2.15,2.15,96
2026-09-21T11:13:00.000Z,2026-09-21T14:13:00,2.15,2.15,2.14,2.14,30000
2026-09-21T11:25:00.000Z,2026-09-21T14:25:00,2.16,2.16,2.16,2.16,706195
2026-09-21T11:26:00.000Z,2026-09-21T14:26:00,2.16,2.16,2.16,2.16,4587
2026-09-22T07:00:00.000Z,2026-09-22T10:00:00,2.16,2.16,2.15,2.15,15313
2026-09-22T07:01:00.000Z,2026-09-22T10:01:00,2.15,2.16,2.15,2.16,19701
2026-09-22T07:02:00.000Z,2026-09-22T10:02:00,2.16,2.16,2.14,2.14,295453
2026-09-22T07:03:00.000Z,2026-09-22T10:03:00,2.15,2.16,2.14,2.14,104918
2026-09-22T07:04:00.000Z,2026-09-22T10:04:00,2.14,2.14,2.14,2.14,955449
2026-09-22T07:05:00.000Z,2026-09-22T10:05:00,2.14,2.14,2.14,2.14,95873
2026-09-22T07:06:00.000Z,2026-09-22T10:06:00,2.14,2.15,2.14,2.15,2140
2026-09-22T07:07:00.000Z,2026-09-22T10:07:00,2.15,2.15,2.14,2.15,3000139
2026-09-22T07:08:00.000Z,2026-09-22T10:08:00,2.14,2.15,2.14,2.15,3099
2026-09-22T07:09:00.000Z,2026-09-22T10:09:00,2.15,2.15,2.15,2.15,50000
2026-09-22T07:11:00.000Z,2026-09-22T10:11:00,2.14,2.15,2.14,2.14,43036
2026-09-22T07:12:00.000Z,2026-09-22T10:12:00,2.14,2.15,2.14,2.14,26090
2026-09-22T07:13:00.000Z,2026-09-22T10:13:00,2.14,2.14,2.14,2.14,109214
2026-09-22T07:14:00.000Z,2026-09-22T10:14:00,2.14,2.14,2.13,2.13,4224
2026-09-22T07:15:00.000Z,2026-09-22T10:15:00,2.14,2.14,2.13,2.13,12851
2026-09-22T07:16:00.000Z,2026-09-22T10:16:00,2.14,2.14,2.13,2.13,13990
2026-09-22T07:17:00.000Z,2026-09-22T10:17:00,2.14,2.14,2.14,2.14,22987
2026-09-22T07:18:00.000Z,2026-09-22T10:18:00,2.14,2.14,2.14,2.14,866339
2026-09-22T07:19:00.000Z,2026-09-22T10:19:00,2.14,2.14,2.14,2.14,233661
2026-09-22T07:20:00.000Z,2026-09-22T10:20:00,2.14,2.14,2.13,2.13,48373
2026-09-22T07:21:00.000Z,2026-09-22T10:21:00,2.13,2.14,2.13,2.14,18686
2026-09-22T07:22:00.000Z,2026-09-22T10:22:00,2.14,2.14,2.14,2.14,1000000
2026-09-22T07:23:00.000Z,2026-09-22T10:23:00,2.14,2.14,2.14,2.14,33930
2026-09-22T07:24:00.000Z,2026-09-22T10:24:00,2.13,2.14,2.13,2.13,46895
2026-09-22T07:25:00.000Z,2026-09-22T10:25:00,2.14,2.14,2.14,2.14,469
2026-09-22T07:26:00.000Z,2026-09-22T10:26:00,2.14,2.14,2.14,2.14,27500
2026-09-22T07:27:00.000Z,2026-09-22T10:27:00,2.14,2.14,2.14,2.14,658200
2026-09-22T07:28:00.000Z,2026-09-22T10:28:00,2.14,2.14,2.13,2.13,14636
2026-09-22T07:30:00.000Z,2026-09-22T10:30:00,2.14,2.14,2.13,2.13,13001
2026-09-22T07:31:00.000Z,2026-09-22T10:31:00,2.14,2.14,2.14,2.14,1383
2026-09-22T07:32:00.000Z,2026-09-22T10:32:00,2.14,2.14,2.14,2.14,2151
2026-09-22T07:33:00.000Z,2026-09-22T10:33:00,2.14,2.14,2.14,2.14,168
2026-09-22T07:34:00.000Z,2026-09-22T10:34:00,2.13,2.13,2.13,2.13,37
2026-09-22T07:36:00.000Z,2026-09-22T10:36:00,2.14,2.14,2.14,2.14,2347
2026-09-22T07:37:00.000Z,2026-09-22T10:37:00,2.14,2.14,2.13,2.13,52820
2026-09-22T07:38:00.000Z,2026-09-22T10:38:00,2.13,2.14,2.13,2.14,34052
2026-09-22T07:39:00.000Z,2026-09-22T10:39:00,2.14,2.14,2.13,2.13,8142
2026-09-22T07:40:00.000Z,2026-09-22T10:40:00,2.14,2.14,2.14,2.14,1766
2026-09-22T07:42:00.000Z,2026-09-22T10:42:00,2.14,2.14,2.14,2.14,33
2026-09-22T07:43:00.000Z,2026-09-22T10:43:00,2.13,2.14,2.13,2.14,12611
2026-09-22T07:44:00.000Z,2026-09-22T10:44:00,2.14,2.14,2.13,2.14,11026
2026-09-22T07:45:00.000Z,2026-09-22T10:45:00,2.13,2.14,2.13,2.14,3750
2026-09-22T07:46:00.000Z,2026-09-22T10:46:00,2.14,2.14,2.14,2.14,14642
2026-09-22T07:47:00.000Z,2026-09-22T10:47:00,2.13,2.13,2.13,2.13,467
2026-09-22T07:48:00.000Z,2026-09-22T10:48:00,2.13,2.14,2.13,2.13,76895
2026-09-22T07:49:00.000Z,2026-09-22T10:49:00,2.14,2.14,2.13,2.14,14387
2026-09-22T07:50:00.000Z,2026-09-22T10:50:00,2.13,2.13,2.13,2.13,28844
2026-09-22T07:51:00.000Z,2026-09-22T10:51:00,2.13,2.14,2.13,2.14,7167
2026-09-22T07:52:00.000Z,2026-09-22T10:52:00,2.13,2.13,2.13,2.13,100
2026-09-22T07:53:00.000Z,2026-09-22T10:53:00,2.14,2.14,2.14,2.14,131
2026-09-22T07:55:00.000Z,2026-09-22T10:55:00,2.13,2.13,2.13,2.13,4583
2026-09-22T07:56:00.000Z,2026-09-22T10:56:00,2.13,2.14,2.13,2.14,101602
2026-09-22T07:57:00.000Z,2026-09-22T10:57:00,2.13,2.13,2.13,2.13,464
2026-09-22T07:58:00.000Z,2026-09-22T10:58:00,2.14,2.14,2.13,2.13,7307
2026-09-22T07:59:00.000Z,2026-09-22T10:59:00,2.14,2.14,2.14,2.14,200
2026-09-22T08:00:00.000Z,2026-09-22T11:00:00,2.14,2.14,2.14,2.14,1040
2026-09-22T08:02:00.000Z,2026-09-22T11:02:00,2.14,2.14,2.14,2.14,2007
2026-09-22T08:03:00.000Z,2026-09-22T11:03:00,2.13,2.13,2.13,2.13,2336
2026-09-22T08:04:00.000Z,2026-09-22T11:04:00,2.13,2.13,2.13,2.13,3984
2026-09-22T08:05:00.000Z,2026-09-22T11:05:00,2.14,2.14,2.14,2.14,441
2026-09-22T08:06:00.000Z,2026-09-22T11:06:00,2.14,2.14,2.14,2.14,275001
2026-09-22T08:07:00.000Z,2026-09-22T11:07:00,2.14,2.14,2.13,2.13,450010
2026-09-22T08:08:00.000Z,2026-09-22T11:08:00,2.14,2.14,2.14,2.14,1023117
2026-09-22T08:09:00.000Z,2026-09-22T11:09:00,2.14,2.14,2.13,2.13,105334
2026-09-22T08:12:00.000Z,2026-09-22T11:12:00,2.13,2.13,2.13,2.13,550
2026-09-22T08:15:00.000Z,2026-09-22T11:15:00,2.13,2.13,2.13,2.13,8560
2026-09-22T08:17:00.000Z,2026-09-22T11:17:00,2.14,2.14,2.13,2.13,14978
2026-09-22T08:18:00.000Z,2026-09-22T11:18:00,2.13,2.13,2.13,2.13,15269
2026-09-22T08:19:00.000Z,2026-09-22T11:19:00,2.13,2.14,2.13,2.14,6903
2026-09-22T08:21:00.000Z,2026-09-22T11:21:00,2.14,2.14,2.14,2.14,15015
2026-09-22T08:22:00.000Z,2026-09-22T11:22:00,2.13,2.14,2.13,2.14,452373
2026-09-22T08:23:00.000Z,2026-09-22T11:23:00,2.14,2.14,2.13,2.13,2874
2026-09-22T08:24:00.000Z,2026-09-22T11:24:00,2.14,2.14,2.14,2.14,10066
2026-09-22T08:25:00.000Z,2026-09-22T11:25:00,2.13,2.14,2.13,2.13,96213
2026-09-22T08:26:00.000Z,2026-09-22T11:26:00,2.14,2.14,2.14,2.14,8150
2026-09-22T08:28:00.000Z,2026-09-22T11:28:00,2.13,2.13,2.13,2.13,30000
2026-09-22T08:29:00.000Z,2026-09-22T11:29:00,2.14,2.14,2.14,2.14,4
2026-09-22T08:30:00.000Z,2026-09-22T11:30:00,2.14,2.14,2.14,2.14,411
2026-09-22T08:31:00.000Z,2026-09-22T11:31:00,2.14,2.14,2.14,2.14,3664
2026-09-22T08:32:00.000Z,2026-09-22T11:32:00,2.14,2.14,2.14,2.14,52695
2026-09-22T08:33:00.000Z,2026-09-22T11:33:00,2.14,2.14,2.13,2.14,159703
2026-09-22T08:34:00.000Z,2026-09-22T11:34:00,2.14,2.14,2.14,2.14,209
2026-09-22T08:35:00.000Z,2026-09-22T11:35:00,2.14,2.14,2.13,2.13,9380
2026-09-22T08:36:00.000Z,2026-09-22T11:36:00,2.14,2.14,2.13,2.13,8290
2026-09-22T08:37:00.000Z,2026-09-22T11:37:00,2.14,2.14,2.13,2.14,69052
2026-09-22T08:38:00.000Z,2026-09-22T11:38:00,2.13,2.14,2.13,2.14,5466
2026-09-22T08:39:00.000Z,2026-09-22T11:39:00,2.14,2.14,2.13,2.13,885
2026-09-22T08:40:00.000Z,2026-09-22T11:40:00,2.14,2.14,2.14,2.14,84
2026-09-22T08:42:00.000Z,2026-09-22T11:42:00,2.13,2.14,2.13,2.14,753
2026-09-22T08:43:00.000Z,2026-09-22T11:43:00,2.14,2.14,2.14,2.14,19
2026-09-22T08:44:00.000Z,2026-09-22T11:44:00,2.14,2.14,2.14,2.14,1017
2026-09-22T08:46:00.000Z,2026-09-22T11:46:00,2.13,2.13,2.13,2.13,1425
2026-09-22T08:48:00.000Z,2026-09-22T11:48:00,2.14,2.14,2.14,2.14,1000
2026-09-22T08:49:00.000Z,2026-09-22T11:49:00,2.14,2.14,2.13,2.13,8461
2026-09-22T08:50:00.000Z,2026-09-22T11:50:00,2.14,2.14,2.14,2.14,1105
2026-09-22T08:51:00.000Z,2026-09-22T11:51:00,2.14,2.14,2.14,2.14,513
2026-09-22T08:52:00.000Z,2026-09-22T11:52:00,2.14,2.14,2.14,2.14,4198
2026-09-22T08:55:00.000Z,2026-09-22T11:55:00,2.13,2.14,2.13,2.14,272869
2026-09-22T08:57:00.000Z,2026-09-22T11:57:00,2.13,2.13,2.13,2.13,5000
2026-09-22T09:01:00.000Z,2026-09-22T12:01:00,2.14,2.14,2.14,2.14,25000
2026-09-22T09:04:00.000Z,2026-09-22T12:04:00,2.14,2.14,2.14,2.14,3891
2026-09-22T09:05:00.000Z,2026-09-22T12:05:00,2.13,2.14,2.13,2.14,1910
2026-09-22T09:06:00.000Z,2026-09-22T12:06:00,2.14,2.14,2.14,2.14,8
2026-09-22T09:07:00.000Z,2026-09-22T12:07:00,2.14,2.14,2.13,2.13,2555
2026-09-22T09:08:00.000Z,2026-09-22T12:08:00,2.13,2.14,2.13,2.13,8055
2026-09-22T09:10:00.000Z,2026-09-22T12:10:00,2.13,2.14,2.13,2.14,17000
2026-09-22T09:13:00.000Z,2026-09-22T12:13:00,2.14,2.14,2.13,2.13,6264
2026-09-22T09:14:00.000Z,2026-09-22T12:14:00,2.14,2.14,2.13,2.13,1000580
2026-09-22T09:15:00.000Z,2026-09-22T12:15:00,2.14,2.14,2.14,2.14,9860
2026-09-22T09:16:00.000Z,2026-09-22T12:16:00,2.14,2.14,2.14,2.14,27403
2026-09-22T09:18:00.000Z,2026-09-22T12:18:00,2.14,2.14,2.14,2.14,11369
2026-09-22T09:20:00.000Z,2026-09-22T12:20:00,2.13,2.14,2.13,2.14,63036
2026-09-22T09:21:00.000Z,2026-09-22T12:21:00,2.14,2.14,2.14,2.14,3083
2026-09-22T09:23:00.000Z,2026-09-22T12:23:00,2.13,2.13,2.13,2.13,233
2026-09-22T09:25:00.000Z,2026-09-22T12:25:00,2.14,2.14,2.13,2.13,350
2026-09-22T09:26:00.000Z,2026-09-22T12:26:00,2.13,2.14,2.13,2.13,24173
2026-09-22T09:28:00.000Z,2026-09-22T12:28:00,2.13,2.13,2.13,2.13,300000
2026-09-22T09:31:00.000Z,2026-09-22T12:31:00,2.13,2.14,2.13,2.14,2795
2026-09-22T09:34:00.000Z,2026-09-22T12:34:00,2.14,2.14,2.14,2.14,325800
2026-09-22T09:35:00.000Z,2026-09-22T12:35:00,2.14,2.14,2.13,2.13,8311
2026-09-22T09:36:00.000Z,2026-09-22T12:36:00,2.13,2.13,2.13,2.13,106007
2026-09-22T09:38:00.000Z,2026-09-22T12:38:00,2.14,2.14,2.14,2.14,2445
2026-09-22T09:39:00.000Z,2026-09-22T12:39:00,2.14,2.14,2.14,2.14,155220
2026-09-22T09:40:00.000Z,2026-09-22T12:40:00,2.13,2.14,2.13,2.14,113
2026-09-22T09:41:00.000Z,2026-09-22T12:41:00,2.14,2.14,2.14,2.14,29
2026-09-22T09:45:00.000Z,2026-09-22T12:45:00,2.14,2.14,2.14,2.14,4741
2026-09-22T09:46:00.000Z,2026-09-22T12:46:00,2.13,2.14,2.13,2.14,5964
2026-09-22T09:47:00.000Z,2026-09-22T12:47:00,2.14,2.14,2.14,2.14,413
2026-09-22T09:48:00.000Z,2026-09-22T12:48:00,2.14,2.14,2.14,2.14,854
2026-09-22T09:49:00.000Z,2026-09-22T12:49:00,2.14,2.14,2.14,2.14,504
2026-09-22T09:50:00.000Z,2026-09-22T12:50:00,2.14,2.14,2.13,2.13,1000667
2026-09-22T09:51:00.000Z,2026-09-22T12:51:00,2.14,2.14,2.14,2.14,2347
2026-09-22T09:52:00.000Z,2026-09-22T12:52:00,2.14,2.14,2.14,2.14,500
2026-09-22T09:53:00.000Z,2026-09-22T12:53:00,2.13,2.13,2.13,2.13,28619
2026-09-22T09:54:00.000Z,2026-09-22T12:54:00,2.14,2.14,2.14,2.14,1000
2026-09-22T09:55:00.000Z,2026-09-22T12:55:00,2.14,2.14,2.13,2.13,567
2026-09-22T09:59:00.000Z,2026-09-22T12:59:00,2.14,2.14,2.13,2.13,1000010
2026-09-22T10:00:00.000Z,2026-09-22T13:00:00,2.14,2.14,2.14,2.14,23474
2026-09-22T10:02:00.000Z,2026-09-22T13:02:00,2.13,2.13,2.13,2.13,79
2026-09-22T10:03:00.000Z,2026-09-22T13:03:00,2.14,2.14,2.14,2.14,297
2026-09-22T10:04:00.000Z,2026-09-22T13:04:00,2.13,2.13,2.13,2.13,254
2026-09-22T10:05:00.000Z,2026-09-22T13:05:00,2.14,2.14,2.14,2.14,133
2026-09-22T10:06:00.000Z,2026-09-22T13:06:00,2.14,2.14,2.13,2.13,3006
2026-09-22T10:07:00.000Z,2026-09-22T13:07:00,2.13,2.13,2.13,2.13,35000
2026-09-22T10:08:00.000Z,2026-09-22T13:08:00,2.14,2.14,2.14,2.14,1006
2026-09-22T10:09:00.000Z,2026-09-22T13:09:00,2.14,2.14,2.14,2.14,2007156
2026-09-22T10:11:00.000Z,2026-09-22T13:11:00,2.14,2.14,2.14,2.14,500
2026-09-22T10:13:00.000Z,2026-09-22T13:13:00,2.14,2.14,2.14,2.14,203
2026-09-22T10:16:00.000Z,2026-09-22T13:16:00,2.14,2.14,2.14,2.14,2000200
2026-09-22T10:17:00.000Z,2026-09-22T13:17:00,2.14,2.14,2.14,2.14,55
2026-09-22T10:18:00.000Z,2026-09-22T13:18:00,2.14,2.14,2.14,2.14,4342
2026-09-22T10:19:00.000Z,2026-09-22T13:19:00,2.14,2.14,2.14,2.14,15598
2026-09-22T10:21:00.000Z,2026-09-22T13:21:00,2.14,2.15,2.14,2.15,1067069
2026-09-22T10:22:00.000Z,2026-09-22T13:22:00,2.15,2.15,2.14,2.14,22544
2026-09-22T10:23:00.000Z,2026-09-22T13:23:00,2.14,2.15,2.14,2.15,8026
2026-09-22T10:24:00.000Z,2026-09-22T13:24:00,2.15,2.15,2.14,2.14,2677
2026-09-22T10:25:00.000Z,2026-09-22T13:25:00,2.15,2.15,2.15,2.15,441200
2026-09-22T10:28:00.000Z,2026-09-22T13:28:00,2.14,2.14,2.14,2.14,250000
2026-09-22T10:30:00.000Z,2026-09-22T13:30:00,2.14,2.14,2.14,2.14,655549
2026-09-22T10:31:00.000Z,2026-09-22T13:31:00,2.14,2.14,2.14,2.14,417255
2026-09-22T10:33:00.000Z,2026-09-22T13:33:00,2.13,2.13,2.13,2.13,5100
2026-09-22T10:34:00.000Z,2026-09-22T13:34:00,2.14,2.14,2.14,2.14,60988
2026-09-22T10:35:00.000Z,2026-09-22T13:35:00,2.14,2.14,2.14,2.14,437
2026-09-22T10:37:00.000Z,2026-09-22T13:37:00,2.14,2.15,2.14,2.15,87145
2026-09-22T10:38:00.000Z,2026-09-22T13:38:00,2.14,2.14,2.14,2.14,134922
2026-09-22T10:41:00.000Z,2026-09-22T13:41:00,2.13,2.14,2.13,2.14,2397
2026-09-22T10:42:00.000Z,2026-09-22T13:42:00,2.14,2.14,2.14,2.14,1501
2026-09-22T10:43:00.000Z,2026-09-22T13:43:00,2.14,2.14,2.14,2.14,1151
2026-09-22T10:44:00.000Z,2026-09-22T13:44:00,2.14,2.14,2.14,2.14,639
2026-09-22T10:45:00.000Z,2026-09-22T13:45:00,2.13,2.14,2.13,2.13,13164
2026-09-22T10:46:00.000Z,2026-09-22T13:46:00,2.13,2.13,2.13,2.13,113000
2026-09-22T10:47:00.000Z,2026-09-22T13:47:00,2.14,2.14,2.13,2.14,24054
2026-09-22T10:48:00.000Z,2026-09-22T13:48:00,2.14,2.14,2.14,2.14,2293
2026-09-22T10:49:00.000Z,2026-09-22T13:49:00,2.14,2.14,2.13,2.13,19563
2026-09-22T10:50:00.000Z,2026-09-22T13:50:00,2.14,2.14,2.14,2.14,344998
2026-09-22T10:52:00.000Z,2026-09-22T13:52:00,2.15,2.15,2.13,2.13,59996
2026-09-22T10:53:00.000Z,2026-09-22T13:53:00,2.14,2.14,2.13,2.13,13732
2026-09-22T10:55:00.000Z,2026-09-22T13:55:00,2.14,2.14,2.14,2.14,2000
2026-09-22T10:56:00.000Z,2026-09-22T13:56:00,2.13,2.14,2.13,2.14,4334
2026-09-22T10:58:00.000Z,2026-09-22T13:58:00,2.14,2.14,2.13,2.13,10806
2026-09-22T10:59:00.000Z,2026-09-22T13:59:00,2.13,2.13,2.13,2.13,4000
2026-09-22T11:00:00.000Z,2026-09-22T14:00:00,2.14,2.14,2.14,2.14,94
2026-09-22T11:01:00.000Z,2026-09-22T14:01:00,2.13,2.13,2.13,2.13,23444
2026-09-22T11:02:00.000Z,2026-09-22T14:02:00,2.13,2.13,2.13,2.13,50065
2026-09-22T11:03:00.000Z,2026-09-22T14:03:00,2.14,2.14,2.14,2.14,2100
2026-09-22T11:04:00.000Z,2026-09-22T14:04:00,2.13,2.14,2.13,2.14,19582
2026-09-22T11:05:00.000Z,2026-09-22T14:05:00,2.13,2.13,2.13,2.13,2934
2026-09-22T11:07:00.000Z,2026-09-22T14:07:00,2.14,2.14,2.14,2.14,430
2026-09-22T11:08:00.000Z,2026-09-22T14:08:00,2.14,2.14,2.13,2.13,15400
2026-09-22T11:09:00.000Z,2026-09-22T14:09:00,2.14,2.14,2.14,2.14,200
2026-09-22T11:10:00.000Z,2026-09-22T14:10:00,2.14,2.14,2.14,2.14,500
2026-09-22T11:11:00.000Z,2026-09-22T14:11:00,2.13,2.13,2.13,2.13,5001
2026-09-22T11:12:00.000Z,2026-09-22T14:12:00,2.14,2.14,2.14,2.14,14984
2026-09-22T11:13:00.000Z,2026-09-22T14:13:00,2.14,2.14,2.13,2.13,1521000
2026-09-22T11:14:00.000Z,2026-09-22T14:14:00,2.13,2.13,2.13,2.13,883693
2026-09-22T11:25:00.000Z,2026-09-22T14:25:00,2.14,2.14,2.14,2.14,889573
2026-09-22T11:29:00.000Z,2026-09-22T14:29:00,2.14,2.14,2.14,2.14,2112427
2026-09-23T07:00:00.000Z,2026-09-23T10:00:00,2.14,2.14,2.14,2.14,31815
2026-09-23T07:01:00.000Z,2026-09-23T10:01:00,2.13,2.14,2.13,2.14,1050
2026-09-23T07:02:00.000Z,2026-09-23T10:02:00,2.14,2.14,2.14,2.14,466700
2026-09-23T07:03:00.000Z,2026-09-23T10:03:00,2.14,2.14,2.14,2.14,18354
2026-09-23T07:04:00.000Z,2026-09-23T10:04:00,2.15,2.15,2.14,2.14,30619
2026-09-23T07:05:00.000Z,2026-09-23T10:05:00,2.14,2.14,2.14,2.14,10000
2026-09-23T07:07:00.000Z,2026-09-23T10:07:00,2.14,2.14,2.14,2.14,500
2026-09-23T07:08:00.000Z,2026-09-23T10:08:00,2.13,2.14,2.13,2.14,48255
2026-09-23T07:09:00.000Z,2026-09-23T10:09:00,2.14,2.14,2.14,2.14,17491
2026-09-23T07:10:00.000Z,2026-09-23T10:10:00,2.14,2.14,2.13,2.14,254
2026-09-23T07:12:00.000Z,2026-09-23T10:12:00,2.14,2.14,2.14,2.14,1100000
2026-09-23T07:13:00.000Z,2026-09-23T10:13:00,2.14,2.14,2.14,2.14,1073
2026-09-23T07:14:00.000Z,2026-09-23T10:14:00,2.13,2.13,2.13,2.13,3000
2026-09-23T07:15:00.000Z,2026-09-23T10:15:00,2.13,2.13,2.13,2.13,27000
2026-09-23T07:16:00.000Z,2026-09-23T10:16:00,2.13,2.14,2.13,2.14,4813
2026-09-23T07:17:00.000Z,2026-09-23T10:17:00,2.14,2.14,2.14,2.14,500201
2026-09-23T07:19:00.000Z,2026-09-23T10:19:00,2.13,2.13,2.13,2.13,25
2026-09-23T07:20:00.000Z,2026-09-23T10:20:00,2.14,2.14,2.14,2.14,46
2026-09-23T07:21:00.000Z,2026-09-23T10:21:00,2.14,2.14,2.14,2.14,145
2026-09-23T07:22:00.000Z,2026-09-23T10:22:00,2.14,2.14,2.14,2.14,500000
2026-09-23T07:23:00.000Z,2026-09-23T10:23:00,2.14,2.14,2.14,2.14,314
2026-09-23T07:24:00.000Z,2026-09-23T10:24:00,2.14,2.14,2.14,2.14,10000
2026-09-23T07:25:00.000Z,2026-09-23T10:25:00,2.13,2.13,2.13,2.13,1
2026-09-23T07:26:00.000Z,2026-09-23T10:26:00,2.14,2.14,2.13,2.13,27622
2026-09-23T07:27:00.000Z,2026-09-23T10:27:00,2.14,2.14,2.14,2.14,2000
2026-09-23T07:28:00.000Z,2026-09-23T10:28:00,2.14,2.15,2.14,2.15,852853
2026-09-23T07:29:00.000Z,2026-09-23T10:29:00,2.14,2.15,2.14,2.15,1750063
2026-09-23T07:32:00.000Z,2026-09-23T10:32:00,2.14,2.15,2.14,2.14,1000946
2026-09-23T07:33:00.000Z,2026-09-23T10:33:00,2.14,2.15,2.14,2.14,2130
2026-09-23T07:34:00.000Z,2026-09-23T10:34:00,2.14,2.14,2.14,2.14,500000
2026-09-23T07:36:00.000Z,2026-09-23T10:36:00,2.14,2.14,2.14,2.14,100170
2026-09-23T07:37:00.000Z,2026-09-23T10:37:00,2.14,2.14,2.14,2.14,500
2026-09-23T07:38:00.000Z,2026-09-23T10:38:00,2.14,2.15,2.14,2.15,300050
2026-09-23T07:39:00.000Z,2026-09-23T10:39:00,2.15,2.15,2.15,2.15,2410
2026-09-23T07:40:00.000Z,2026-09-23T10:40:00,2.14,2.14,2.14,2.14,3900
2026-09-23T07:41:00.000Z,2026-09-23T10:41:00,2.14,2.15,2.14,2.15,10009
2026-09-23T07:42:00.000Z,2026-09-23T10:42:00,2.14,2.14,2.14,2.14,100
2026-09-23T07:45:00.000Z,2026-09-23T10:45:00,2.15,2.15,2.15,2.15,2047
2026-09-23T07:46:00.000Z,2026-09-23T10:46:00,2.14,2.14,2.14,2.14,2025
2026-09-23T07:47:00.000Z,2026-09-23T10:47:00,2.15,2.15,2.14,2.14,582532
2026-09-23T07:48:00.000Z,2026-09-23T10:48:00,2.14,2.14,2.14,2.14,750000
2026-09-23T07:50:00.000Z,2026-09-23T10:50:00,2.15,2.15,2.14,2.14,5327
2026-09-23T07:51:00.000Z,2026-09-23T10:51:00,2.14,2.15,2.14,2.15,501975
2026-09-23T07:54:00.000Z,2026-09-23T10:54:00,2.14,2.15,2.14,2.15,10144
2026-09-23T07:55:00.000Z,2026-09-23T10:55:00,2.14,2.14,2.14,2.14,7000
2026-09-23T07:56:00.000Z,2026-09-23T10:56:00,2.15,2.15,2.14,2.14,25617
2026-09-23T07:58:00.000Z,2026-09-23T10:58:00,2.14,2.14,2.14,2.14,19592
2026-09-23T07:59:00.000Z,2026-09-23T10:59:00,2.14,2.14,2.14,2.14,22042
2026-09-23T08:00:00.000Z,2026-09-23T11:00:00,2.15,2.15,2.14,2.14,8984
2026-09-23T08:01:00.000Z,2026-09-23T11:01:00,2.14,2.15,2.14,2.14,9676
2026-09-23T08:02:00.000Z,2026-09-23T11:02:00,2.14,2.14,2.14,2.14,20000
2026-09-23T08:03:00.000Z,2026-09-23T11:03:00,2.14,2.14,2.14,2.14,10000
2026-09-23T08:06:00.000Z,2026-09-23T11:06:00,2.14,2.14,2.14,2.14,10017
2026-09-23T08:07:00.000Z,2026-09-23T11:07:00,2.14,2.15,2.14,2.15,5205
2026-09-23T08:08:00.000Z,2026-09-23T11:08:00,2.15,2.15,2.15,2.15,46
2026-09-23T08:10:00.000Z,2026-09-23T11:10:00,2.14,2.15,2.14,2.15,3517
2026-09-23T08:12:00.000Z,2026-09-23T11:12:00,2.14,2.14,2.14,2.14,13
2026-09-23T08:14:00.000Z,2026-09-23T11:14:00,2.14,2.14,2.14,2.14,20000
2026-09-23T08:15:00.000Z,2026-09-23T11:15:00,2.14,2.14,2.14,2.14,52375
2026-09-23T08:16:00.000Z,2026-09-23T11:16:00,2.14,2.14,2.14,2.14,6073
2026-09-23T08:18:00.000Z,2026-09-23T11:18:00,2.15,2.15,2.14,2.14,1752103
2026-09-23T08:19:00.000Z,2026-09-23T11:19:00,2.14,2.14,2.14,2.14,3
2026-09-23T08:21:00.000Z,2026-09-23T11:21:00,2.14,2.14,2.14,2.14,51
2026-09-23T08:23:00.000Z,2026-09-23T11:23:00,2.13,2.14,2.13,2.14,12218
2026-09-23T08:24:00.000Z,2026-09-23T11:24:00,2.13,2.13,2.13,2.13,100
2026-09-23T08:25:00.000Z,2026-09-23T11:25:00,2.14,2.14,2.13,2.13,17681
2026-09-23T08:26:00.000Z,2026-09-23T11:26:00,2.14,2.14,2.14,2.14,3286
2026-09-23T08:27:00.000Z,2026-09-23T11:27:00,2.13,2.13,2.13,2.13,243
2026-09-23T08:28:00.000Z,2026-09-23T11:28:00,2.14,2.14,2.13,2.14,1863
2026-09-23T08:29:00.000Z,2026-09-23T11:29:00,2.13,2.13,2.13,2.13,25000
2026-09-23T08:31:00.000Z,2026-09-23T11:31:00,2.13,2.13,2.13,2.13,2000
2026-09-23T08:32:00.000Z,2026-09-23T11:32:00,2.13,2.14,2.13,2.14,3091
2026-09-23T08:34:00.000Z,2026-09-23T11:34:00,2.14,2.14,2.14,2.14,51
2026-09-23T08:35:00.000Z,2026-09-23T11:35:00,2.13,2.13,2.13,2.13,504
2026-09-23T08:36:00.000Z,2026-09-23T11:36:00,2.14,2.14,2.14,2.14,450
2026-09-23T08:38:00.000Z,2026-09-23T11:38:00,2.13,2.13,2.13,2.13,1650
2026-09-23T08:40:00.000Z,2026-09-23T11:40:00,2.13,2.13,2.13,2.13,25
2026-09-23T08:41:00.000Z,2026-09-23T11:41:00,2.14,2.14,2.14,2.14,1000000
2026-09-23T08:43:00.000Z,2026-09-23T11:43:00,2.13,2.13,2.13,2.13,358097
2026-09-23T08:44:00.000Z,2026-09-23T11:44:00,2.14,2.14,2.14,2.14,9214
2026-09-23T08:47:00.000Z,2026-09-23T11:47:00,2.13,2.13,2.13,2.13,404
2026-09-23T08:49:00.000Z,2026-09-23T11:49:00,2.14,2.14,2.13,2.14,31399
2026-09-23T08:50:00.000Z,2026-09-23T11:50:00,2.13,2.13,2.13,2.13,31111
2026-09-23T08:51:00.000Z,2026-09-23T11:51:00,2.13,2.14,2.13,2.14,33459
2026-09-23T08:52:00.000Z,2026-09-23T11:52:00,2.13,2.13,2.13,2.13,93334
2026-09-23T08:53:00.000Z,2026-09-23T11:53:00,2.13,2.13,2.13,2.13,394
2026-09-23T08:54:00.000Z,2026-09-23T11:54:00,2.13,2.14,2.13,2.14,1560
2026-09-23T08:55:00.000Z,2026-09-23T11:55:00,2.13,2.13,2.13,2.13,93334
2026-09-23T08:56:00.000Z,2026-09-23T11:56:00,2.14,2.14,2.14,2.14,2039
2026-09-23T08:57:00.000Z,2026-09-23T11:57:00,2.13,2.13,2.13,2.13,93734
2026-09-23T08:59:00.000Z,2026-09-23T11:59:00,2.14,2.14,2.13,2.13,102730
2026-09-23T09:00:00.000Z,2026-09-23T12:00:00,2.14,2.14,2.13,2.13,300016
2026-09-23T09:01:00.000Z,2026-09-23T12:01:00,2.13,2.13,2.13,2.13,422
2026-09-23T09:02:00.000Z,2026-09-23T12:02:00,2.13,2.13,2.13,2.13,93334
2026-09-23T09:03:00.000Z,2026-09-23T12:03:00,2.13,2.13,2.13,2.13,11575
2026-09-23T09:04:00.000Z,2026-09-23T12:04:00,2.13,2.13,2.13,2.13,93334
2026-09-23T09:05:00.000Z,2026-09-23T12:05:00,2.13,2.14,2.13,2.14,333010
2026-09-23T09:06:00.000Z,2026-09-23T12:06:00,2.14,2.14,2.13,2.13,94902
2026-09-23T09:08:00.000Z,2026-09-23T12:08:00,2.13,2.13,2.13,2.13,950
2026-09-23T09:09:00.000Z,2026-09-23T12:09:00,2.13,2.13,2.13,2.13,96912
2026-09-23T09:10:00.000Z,2026-09-23T12:10:00,2.14,2.14,2.14,2.14,1000038
2026-09-23T09:11:00.000Z,2026-09-23T12:11:00,2.13,2.14,2.13,2.14,98426
2026-09-23T09:12:00.000Z,2026-09-23T12:12:00,2.13,2.14,2.13,2.14,399
2026-09-23T09:13:00.000Z,2026-09-23T12:13:00,2.13,2.13,2.13,2.13,93334
2026-09-23T09:14:00.000Z,2026-09-23T12:14:00,2.14,2.15,2.14,2.14,492372
2026-09-23T09:16:00.000Z,2026-09-23T12:16:00,2.14,2.14,2.14,2.14,26749
2026-09-23T09:17:00.000Z,2026-09-23T12:17:00,2.13,2.15,2.13,2.15,66765
2026-09-23T09:18:00.000Z,2026-09-23T12:18:00,2.14,2.14,2.14,2.14,2818
2026-09-23T09:19:00.000Z,2026-09-23T12:19:00,2.13,2.13,2.13,2.13,90581
2026-09-23T09:20:00.000Z,2026-09-23T12:20:00,2.14,2.14,2.13,2.13,1526
2026-09-23T09:21:00.000Z,2026-09-23T12:21:00,2.13,2.13,2.13,2.13,91920
2026-09-23T09:22:00.000Z,2026-09-23T12:22:00,2.14,2.14,2.14,2.14,1784
2026-09-23T09:23:00.000Z,2026-09-23T12:23:00,2.13,2.14,2.13,2.13,103550
2026-09-23T09:24:00.000Z,2026-09-23T12:24:00,2.13,2.13,2.13,2.13,4982
2026-09-23T09:25:00.000Z,2026-09-23T12:25:00,2.13,2.13,2.13,2.13,98316
2026-09-23T09:26:00.000Z,2026-09-23T12:26:00,2.13,2.13,2.13,2.13,4982
2026-09-23T09:27:00.000Z,2026-09-23T12:27:00,2.14,2.14,2.13,2.13,117765
2026-09-23T09:28:00.000Z,2026-09-23T12:28:00,2.13,2.13,2.13,2.13,4982
2026-09-23T09:29:00.000Z,2026-09-23T12:29:00,2.14,2.14,2.13,2.13,5039
2026-09-23T09:30:00.000Z,2026-09-23T12:30:00,2.13,2.14,2.13,2.14,1093334
2026-09-23T09:31:00.000Z,2026-09-23T12:31:00,2.13,2.14,2.13,2.14,19723
2026-09-23T09:32:00.000Z,2026-09-23T12:32:00,2.14,2.14,2.13,2.13,103750
2026-09-23T09:33:00.000Z,2026-09-23T12:33:00,2.13,2.13,2.13,2.13,4981
2026-09-23T09:34:00.000Z,2026-09-23T12:34:00,2.13,2.13,2.13,2.13,117546
2026-09-23T09:35:00.000Z,2026-09-23T12:35:00,2.13,2.13,2.13,2.13,5826
2026-09-23T09:36:00.000Z,2026-09-23T12:36:00,2.13,2.13,2.13,2.13,5043
2026-09-23T09:37:00.000Z,2026-09-23T12:37:00,2.13,2.13,2.13,2.13,98324
2026-09-23T09:38:00.000Z,2026-09-23T12:38:00,2.13,2.14,2.13,2.14,848700
2026-09-23T09:39:00.000Z,2026-09-23T12:39:00,2.14,2.15,2.14,2.14,17289
2026-09-23T09:40:00.000Z,2026-09-23T12:40:00,2.15,2.15,2.13,2.14,781988
2026-09-23T09:41:00.000Z,2026-09-23T12:41:00,2.14,2.14,2.14,2.14,567894
2026-09-23T09:42:00.000Z,2026-09-23T12:42:00,2.14,2.15,2.14,2.15,17827
2026-09-23T09:43:00.000Z,2026-09-23T12:43:00,2.14,2.14,2.14,2.14,70805
2026-09-23T09:44:00.000Z,2026-09-23T12:44:00,2.14,2.14,2.14,2.14,98314
2026-09-23T09:45:00.000Z,2026-09-23T12:45:00,2.14,2.15,2.14,2.15,994
2026-09-23T09:46:00.000Z,2026-09-23T12:46:00,2.14,2.14,2.14,2.14,103333
2026-09-23T09:48:00.000Z,2026-09-23T12:48:00,2.14,2.14,2.14,2.14,93833
2026-09-23T09:49:00.000Z,2026-09-23T12:49:00,2.15,2.15,2.15,2.15,704
2026-09-23T09:50:00.000Z,2026-09-23T12:50:00,2.15,2.15,2.14,2.14,300234
2026-09-23T09:51:00.000Z,2026-09-23T12:51:00,2.14,2.14,2.14,2.14,93333
2026-09-23T09:52:00.000Z,2026-09-23T12:52:00,2.14,2.14,2.14,2.14,42407
2026-09-23T09:53:00.000Z,2026-09-23T12:53:00,2.14,2.14,2.14,2.14,93333
2026-09-23T09:55:00.000Z,2026-09-23T12:55:00,2.14,2.14,2.14,2.14,93333
2026-09-23T09:58:00.000Z,2026-09-23T12:58:00,2.14,2.14,2.14,2.14,93333
2026-09-23T09:59:00.000Z,2026-09-23T12:59:00,2.15,2.15,2.15,2.15,949
2026-09-23T10:00:00.000Z,2026-09-23T13:00:00,2.14,2.14,2.14,2.14,178625
2026-09-23T10:02:00.000Z,2026-09-23T13:02:00,2.14,2.14,2.14,2.14,93333
2026-09-23T10:03:00.000Z,2026-09-23T13:03:00,2.14,2.14,2.14,2.14,25000
2026-09-23T10:05:00.000Z,2026-09-23T13:05:00,2.14,2.15,2.14,2.15,97160
2026-09-23T10:07:00.000Z,2026-09-23T13:07:00,2.14,2.15,2.14,2.15,93533
2026-09-23T10:08:00.000Z,2026-09-23T13:08:00,2.14,2.14,2.14,2.14,6293
2026-09-23T10:09:00.000Z,2026-09-23T13:09:00,2.14,2.14,2.13,2.13,1835307
2026-09-23T10:10:00.000Z,2026-09-23T13:10:00,2.13,2.14,2.13,2.14,674
2026-09-23T10:11:00.000Z,2026-09-23T13:11:00,2.14,2.15,2.14,2.15,2100978
2026-09-23T10:13:00.000Z,2026-09-23T13:13:00,2.14,2.14,2.14,2.14,2484
2026-09-23T10:14:00.000Z,2026-09-23T13:14:00,2.14,2.15,2.14,2.15,95333
2026-09-23T10:15:00.000Z,2026-09-23T13:15:00,2.14,2.14,2.14,2.14,1000872
2026-09-23T10:16:00.000Z,2026-09-23T13:16:00,2.14,2.15,2.14,2.15,6128893
2026-09-23T10:17:00.000Z,2026-09-23T13:17:00,2.15,2.15,2.15,2.15,250000
2026-09-23T10:18:00.000Z,2026-09-23T13:18:00,2.14,2.15,2.14,2.15,250088
2026-09-23T10:19:00.000Z,2026-09-23T13:19:00,2.14,2.15,2.14,2.15,58333
2026-09-23T10:20:00.000Z,2026-09-23T13:20:00,2.15,2.15,2.15,2.15,3000000
2026-09-23T10:21:00.000Z,2026-09-23T13:21:00,2.15,2.16,2.15,2.16,3974538
2026-09-23T10:22:00.000Z,2026-09-23T13:22:00,2.15,2.16,2.15,2.16,1303040
2026-09-23T10:23:00.000Z,2026-09-23T13:23:00,2.16,2.16,2.16,2.16,5000
2026-09-23T10:24:00.000Z,2026-09-23T13:24:00,2.16,2.16,2.15,2.15,1541786
2026-09-23T10:25:00.000Z,2026-09-23T13:25:00,2.16,2.16,2.16,2.16,4000000
2026-09-23T10:26:00.000Z,2026-09-23T13:26:00,2.15,2.16,2.15,2.16,144218
2026-09-23T10:27:00.000Z,2026-09-23T13:27:00,2.15,2.16,2.15,2.16,31274
2026-09-23T10:28:00.000Z,2026-09-23T13:28:00,2.16,2.16,2.15,2.15,128333
2026-09-23T10:29:00.000Z,2026-09-23T13:29:00,2.16,2.16,2.15,2.15,137584
2026-09-23T10:30:00.000Z,2026-09-23T13:30:00,2.16,2.16,2.15,2.16,105931
2026-09-23T10:31:00.000Z,2026-09-23T13:31:00,2.16,2.16,2.16,2.16,1446
2026-09-23T10:32:00.000Z,2026-09-23T13:32:00,2.16,2.16,2.15,2.15,3044228
2026-09-23T10:33:00.000Z,2026-09-23T13:33:00,2.16,2.16,2.16,2.16,1057666
2026-09-23T10:34:00.000Z,2026-09-23T13:34:00,2.16,2.16,2.16,2.16,60142
2026-09-23T10:35:00.000Z,2026-09-23T13:35:00,2.16,2.16,2.16,2.16,258100
2026-09-23T10:36:00.000Z,2026-09-23T13:36:00,2.16,2.16,2.16,2.16,1460891
2026-09-23T10:37:00.000Z,2026-09-23T13:37:00,2.16,2.16,2.16,2.16,848161
2026-09-23T10:38:00.000Z,2026-09-23T13:38:00,2.15,2.17,2.15,2.17,375409
2026-09-23T10:39:00.000Z,2026-09-23T13:39:00,2.16,2.17,2.16,2.17,543288
2026-09-23T10:40:00.000Z,2026-09-23T13:40:00,2.16,2.17,2.16,2.16,1404720
2026-09-23T10:41:00.000Z,2026-09-23T13:41:00,2.16,2.17,2.16,2.17,2070600
2026-09-23T10:42:00.000Z,2026-09-23T13:42:00,2.17,2.17,2.16,2.16,603397
2026-09-23T10:43:00.000Z,2026-09-23T13:43:00,2.16,2.17,2.16,2.16,38205
2026-09-23T10:44:00.000Z,2026-09-23T13:44:00,2.17,2.17,2.16,2.17,1093590
2026-09-23T10:45:00.000Z,2026-09-23T13:45:00,2.16,2.17,2.16,2.17,4011231
2026-09-23T10:46:00.000Z,2026-09-23T13:46:00,2.17,2.17,2.16,2.16,2065424
2026-09-23T10:47:00.000Z,2026-09-23T13:47:00,2.16,2.17,2.16,2.17,2128542
2026-09-23T10:48:00.000Z,2026-09-23T13:48:00,2.17,2.18,2.16,2.16,3549441
2026-09-23T10:49:00.000Z,2026-09-23T13:49:00,2.18,2.18,2.17,2.17,25595
2026-09-23T10:50:00.000Z,2026-09-23T13:50:00,2.18,2.18,2.17,2.17,843972
2026-09-23T10:51:00.000Z,2026-09-23T13:51:00,2.18,2.18,2.17,2.17,814422
2026-09-23T10:52:00.000Z,2026-09-23T13:52:00,2.18,2.18,2.17,2.17,5342677
2026-09-23T10:53:00.000Z,2026-09-23T13:53:00,2.17,2.17,2.17,2.17,449
2026-09-23T10:54:00.000Z,2026-09-23T13:54:00,2.18,2.18,2.17,2.17,113430
2026-09-23T10:55:00.000Z,2026-09-23T13:55:00,2.18,2.18,2.17,2.18,1303000
2026-09-23T10:56:00.000Z,2026-09-23T13:56:00,2.17,2.18,2.17,2.18,103726
2026-09-23T10:57:00.000Z,2026-09-23T13:57:00,2.18,2.18,2.18,2.18,1450
2026-09-23T10:58:00.000Z,2026-09-23T13:58:00,2.18,2.18,2.17,2.18,1130880
2026-09-23T10:59:00.000Z,2026-09-23T13:59:00,2.18,2.18,2.17,2.18,158141
2026-09-23T11:00:00.000Z,2026-09-23T14:00:00,2.17,2.17,2.17,2.17,50659
2026-09-23T11:01:00.000Z,2026-09-23T14:01:00,2.17,2.18,2.17,2.18,196452
2026-09-23T11:02:00.000Z,2026-09-23T14:02:00,2.18,2.18,2.17,2.17,387445
2026-09-23T11:03:00.000Z,2026-09-23T14:03:00,2.18,2.18,2.17,2.17,118072
2026-09-23T11:04:00.000Z,2026-09-23T14:04:00,2.18,2.18,2.17,2.17,1003214
2026-09-23T11:05:00.000Z,2026-09-23T14:05:00,2.17,2.17,2.17,2.17,9005000
2026-09-23T11:06:00.000Z,2026-09-23T14:06:00,2.17,2.18,2.17,2.17,66540
2026-09-23T11:07:00.000Z,2026-09-23T14:07:00,2.16,2.17,2.16,2.17,625652
2026-09-23T11:08:00.000Z,2026-09-23T14:08:00,2.17,2.17,2.17,2.17,2093
2026-09-23T11:09:00.000Z,2026-09-23T14:09:00,2.17,2.17,2.17,2.17,1914973
2026-09-23T11:10:00.000Z,2026-09-23T14:10:00,2.17,2.17,2.17,2.17,134708
2026-09-23T11:11:00.000Z,2026-09-23T14:11:00,2.17,2.18,2.17,2.17,13340
2026-09-23T11:12:00.000Z,2026-09-23T14:12:00,2.17,2.17,2.16,2.16,33195
2026-09-23T11:14:00.000Z,2026-09-23T14:14:00,2.16,2.18,2.16,2.16,1008153
2026-09-23T11:25:00.000Z,2026-09-23T14:25:00,2.17,2.17,2.17,2.17,5544420
2026-09-23T11:26:00.000Z,2026-09-23T14:26:00,2.17,2.17,2.17,2.17,9792
2026-09-23T11:28:00.000Z,2026-09-23T14:28:00,2.17,2.17,2.17,2.17,515000
2026-09-23T11:29:00.000Z,2026-09-23T14:29:00,2.17,2.17,2.17,2.17,104606
2026-09-24T07:00:00.000Z,2026-09-24T10:00:00,2.17,2.17,2.16,2.16,3654838
2026-09-24T07:01:00.000Z,2026-09-24T10:01:00,2.16,2.17,2.16,2.16,1321
2026-09-24T07:03:00.000Z,2026-09-24T10:03:00,2.16,2.17,2.16,2.17,96824
2026-09-24T07:04:00.000Z,2026-09-24T10:04:00,2.17,2.17,2.17,2.17,5000
2026-09-24T07:05:00.000Z,2026-09-24T10:05:00,2.16,2.17,2.16,2.17,43843
2026-09-24T07:06:00.000Z,2026-09-24T10:06:00,2.17,2.17,2.16,2.16,54776
2026-09-24T07:07:00.000Z,2026-09-24T10:07:00,2.17,2.17,2.16,2.16,3966
2026-09-24T07:08:00.000Z,2026-09-24T10:08:00,2.16,2.16,2.16,2.16,211479
2026-09-24T07:09:00.000Z,2026-09-24T10:09:00,2.16,2.16,2.15,2.16,802286
2026-09-24T07:10:00.000Z,2026-09-24T10:10:00,2.16,2.16,2.15,2.16,117871
2026-09-24T07:11:00.000Z,2026-09-24T10:11:00,2.15,2.16,2.15,2.16,40571
2026-09-24T07:12:00.000Z,2026-09-24T10:12:00,2.16,2.16,2.15,2.16,580721
2026-09-24T07:13:00.000Z,2026-09-24T10:13:00,2.16,2.16,2.16,2.16,132590
2026-09-24T07:14:00.000Z,2026-09-24T10:14:00,2.16,2.16,2.16,2.16,44644
2026-09-24T07:15:00.000Z,2026-09-24T10:15:00,2.17,2.17,2.16,2.16,289810
2026-09-24T07:17:00.000Z,2026-09-24T10:17:00,2.16,2.16,2.16,2.16,529455
2026-09-24T07:18:00.000Z,2026-09-24T10:18:00,2.16,2.16,2.16,2.16,102268
2026-09-24T07:19:00.000Z,2026-09-24T10:19:00,2.16,2.16,2.16,2.16,6575
2026-09-24T07:20:00.000Z,2026-09-24T10:20:00,2.16,2.16,2.16,2.16,54515
2026-09-24T07:21:00.000Z,2026-09-24T10:21:00,2.16,2.16,2.16,2.16,1429
2026-09-24T07:22:00.000Z,2026-09-24T10:22:00,2.16,2.16,2.15,2.15,92174
2026-09-24T07:23:00.000Z,2026-09-24T10:23:00,2.15,2.15,2.15,2.15,894
2026-09-24T07:24:00.000Z,2026-09-24T10:24:00,2.15,2.15,2.15,2.15,21429
2026-09-24T07:25:00.000Z,2026-09-24T10:25:00,2.16,2.16,2.15,2.15,4402
2026-09-24T07:26:00.000Z,2026-09-24T10:26:00,2.15,2.15,2.15,2.15,101
2026-09-24T07:27:00.000Z,2026-09-24T10:27:00,2.15,2.16,2.15,2.16,42707
2026-09-24T07:28:00.000Z,2026-09-24T10:28:00,2.16,2.16,2.15,2.15,2050
2026-09-24T07:29:00.000Z,2026-09-24T10:29:00,2.15,2.15,2.15,2.15,11627
2026-09-24T07:30:00.000Z,2026-09-24T10:30:00,2.16,2.16,2.16,2.16,12000
2026-09-24T07:32:00.000Z,2026-09-24T10:32:00,2.16,2.16,2.16,2.16,96
2026-09-24T07:33:00.000Z,2026-09-24T10:33:00,2.16,2.16,2.15,2.15,500
2026-09-24T07:34:00.000Z,2026-09-24T10:34:00,2.16,2.16,2.15,2.15,1315334
2026-09-24T07:35:00.000Z,2026-09-24T10:35:00,2.15,2.15,2.15,2.15,477572
2026-09-24T07:36:00.000Z,2026-09-24T10:36:00,2.15,2.15,2.15,2.15,373827
2026-09-24T07:37:00.000Z,2026-09-24T10:37:00,2.16,2.16,2.15,2.15,83444
2026-09-24T07:40:00.000Z,2026-09-24T10:40:00,2.15,2.15,2.15,2.15,2898
2026-09-24T07:41:00.000Z,2026-09-24T10:41:00,2.15,2.16,2.15,2.16,142866
2026-09-24T07:42:00.000Z,2026-09-24T10:42:00,2.15,2.15,2.15,2.15,2000
2026-09-24T07:43:00.000Z,2026-09-24T10:43:00,2.15,2.15,2.15,2.15,445715
2026-09-24T07:44:00.000Z,2026-09-24T10:44:00,2.16,2.16,2.15,2.15,136169
2026-09-24T07:45:00.000Z,2026-09-24T10:45:00,2.16,2.16,2.16,2.16,600
2026-09-24T07:46:00.000Z,2026-09-24T10:46:00,2.15,2.16,2.15,2.16,25428
2026-09-24T07:47:00.000Z,2026-09-24T10:47:00,2.15,2.15,2.15,2.15,250000
2026-09-24T07:48:00.000Z,2026-09-24T10:48:00,2.15,2.15,2.15,2.15,214286
2026-09-24T07:49:00.000Z,2026-09-24T10:49:00,2.16,2.16,2.16,2.16,30
2026-09-24T07:52:00.000Z,2026-09-24T10:52:00,2.16,2.16,2.16,2.16,10245
2026-09-24T07:53:00.000Z,2026-09-24T10:53:00,2.16,2.16,2.16,2.16,69
2026-09-24T07:54:00.000Z,2026-09-24T10:54:00,2.15,2.16,2.15,2.16,16978
2026-09-24T07:55:00.000Z,2026-09-24T10:55:00,2.15,2.15,2.15,2.15,24461
2026-09-24T07:56:00.000Z,2026-09-24T10:56:00,2.15,2.15,2.15,2.15,11725
2026-09-24T07:57:00.000Z,2026-09-24T10:57:00,2.16,2.16,2.16,2.16,333
2026-09-24T07:58:00.000Z,2026-09-24T10:58:00,2.15,2.16,2.15,2.16,814
2026-09-24T07:59:00.000Z,2026-09-24T10:59:00,2.16,2.16,2.16,2.16,1537
2026-09-24T08:01:00.000Z,2026-09-24T11:01:00,2.15,2.15,2.15,2.15,4301
2026-09-24T08:02:00.000Z,2026-09-24T11:02:00,2.15,2.15,2.15,2.15,232
2026-09-24T08:03:00.000Z,2026-09-24T11:03:00,2.16,2.16,2.16,2.16,24113
2026-09-24T08:04:00.000Z,2026-09-24T11:04:00,2.15,2.15,2.15,2.15,8997
2026-09-24T08:08:00.000Z,2026-09-24T11:08:00,2.16,2.16,2.15,2.16,18911
2026-09-24T08:10:00.000Z,2026-09-24T11:10:00,2.16,2.16,2.16,2.16,108
2026-09-24T08:12:00.000Z,2026-09-24T11:12:00,2.16,2.16,2.16,2.16,930
2026-09-24T08:13:00.000Z,2026-09-24T11:13:00,2.15,2.15,2.15,2.15,33636
2026-09-24T08:14:00.000Z,2026-09-24T11:14:00,2.16,2.16,2.16,2.16,966
2026-09-24T08:15:00.000Z,2026-09-24T11:15:00,2.15,2.15,2.15,2.15,75967
2026-09-24T08:18:00.000Z,2026-09-24T11:18:00,2.15,2.15,2.15,2.15,14
2026-09-24T08:19:00.000Z,2026-09-24T11:19:00,2.15,2.15,2.15,2.15,911067
2026-09-24T08:20:00.000Z,2026-09-24T11:20:00,2.15,2.15,2.15,2.15,420
2026-09-24T08:21:00.000Z,2026-09-24T11:21:00,2.16,2.16,2.16,2.16,50
2026-09-24T08:23:00.000Z,2026-09-24T11:23:00,2.16,2.16,2.15,2.16,28180
2026-09-24T08:25:00.000Z,2026-09-24T11:25:00,2.15,2.15,2.15,2.15,2314
2026-09-24T08:27:00.000Z,2026-09-24T11:27:00,2.16,2.16,2.15,2.15,5384
2026-09-24T08:28:00.000Z,2026-09-24T11:28:00,2.16,2.16,2.16,2.16,32
2026-09-24T08:29:00.000Z,2026-09-24T11:29:00,2.15,2.15,2.15,2.15,2100
2026-09-24T08:30:00.000Z,2026-09-24T11:30:00,2.15,2.15,2.15,2.15,24
2026-09-24T08:34:00.000Z,2026-09-24T11:34:00,2.15,2.15,2.15,2.15,465
2026-09-24T08:35:00.000Z,2026-09-24T11:35:00,2.15,2.15,2.15,2.15,10677
2026-09-24T08:36:00.000Z,2026-09-24T11:36:00,2.15,2.15,2.15,2.15,626
2026-09-24T08:37:00.000Z,2026-09-24T11:37:00,2.15,2.16,2.15,2.16,10436
2026-09-24T08:39:00.000Z,2026-09-24T11:39:00,2.15,2.15,2.15,2.15,32279
2026-09-24T08:40:00.000Z,2026-09-24T11:40:00,2.15,2.15,2.15,2.15,357143
2026-09-24T08:41:00.000Z,2026-09-24T11:41:00,2.16,2.16,2.16,2.16,5388
2026-09-24T08:42:00.000Z,2026-09-24T11:42:00,2.15,2.16,2.15,2.16,81409
2026-09-24T08:43:00.000Z,2026-09-24T11:43:00,2.15,2.15,2.15,2.15,3019
2026-09-24T08:44:00.000Z,2026-09-24T11:44:00,2.16,2.16,2.16,2.16,1
2026-09-24T08:45:00.000Z,2026-09-24T11:45:00,2.16,2.16,2.16,2.16,279
2026-09-24T08:46:00.000Z,2026-09-24T11:46:00,2.15,2.16,2.15,2.16,52663
2026-09-24T08:47:00.000Z,2026-09-24T11:47:00,2.15,2.15,2.15,2.15,403062
2026-09-24T08:48:00.000Z,2026-09-24T11:48:00,2.15,2.16,2.15,2.16,539466
2026-09-24T08:49:00.000Z,2026-09-24T11:49:00,2.16,2.16,2.16,2.16,92
2026-09-24T08:50:00.000Z,2026-09-24T11:50:00,2.15,2.16,2.15,2.16,143654
2026-09-24T08:51:00.000Z,2026-09-24T11:51:00,2.15,2.15,2.15,2.15,665
2026-09-24T08:52:00.000Z,2026-09-24T11:52:00,2.15,2.15,2.15,2.15,5980
2026-09-24T08:53:00.000Z,2026-09-24T11:53:00,2.15,2.15,2.15,2.15,5394
2026-09-24T08:55:00.000Z,2026-09-24T11:55:00,2.16,2.16,2.15,2.15,607
2026-09-24T08:56:00.000Z,2026-09-24T11:56:00,2.16,2.16,2.15,2.16,43825
2026-09-24T08:58:00.000Z,2026-09-24T11:58:00,2.16,2.16,2.16,2.16,4
2026-09-24T09:01:00.000Z,2026-09-24T12:01:00,2.16,2.16,2.16,2.16,222
2026-09-24T09:02:00.000Z,2026-09-24T12:02:00,2.15,2.15,2.15,2.15,3605
2026-09-24T09:03:00.000Z,2026-09-24T12:03:00,2.15,2.16,2.15,2.16,144
2026-09-24T09:07:00.000Z,2026-09-24T12:07:00,2.16,2.16,2.15,2.15,19525
2026-09-24T09:08:00.000Z,2026-09-24T12:08:00,2.16,2.16,2.15,2.15,1757
2026-09-24T09:10:00.000Z,2026-09-24T12:10:00,2.15,2.15,2.15,2.15,8559
2026-09-24T09:11:00.000Z,2026-09-24T12:11:00,2.16,2.16,2.15,2.15,357146
2026-09-24T09:12:00.000Z,2026-09-24T12:12:00,2.16,2.16,2.16,2.16,948
2026-09-24T09:13:00.000Z,2026-09-24T12:13:00,2.16,2.16,2.15,2.15,16982
2026-09-24T09:15:00.000Z,2026-09-24T12:15:00,2.15,2.16,2.15,2.16,89581
2026-09-24T09:16:00.000Z,2026-09-24T12:16:00,2.15,2.15,2.15,2.15,2380
2026-09-24T09:17:00.000Z,2026-09-24T12:17:00,2.15,2.16,2.15,2.15,1363441
2026-09-24T09:18:00.000Z,2026-09-24T12:18:00,2.15,2.15,2.15,2.15,178492
2026-09-24T09:19:00.000Z,2026-09-24T12:19:00,2.15,2.15,2.15,2.15,21965
2026-09-24T09:20:00.000Z,2026-09-24T12:20:00,2.15,2.15,2.15,2.15,437546
2026-09-24T09:21:00.000Z,2026-09-24T12:21:00,2.15,2.15,2.15,2.15,8524
2026-09-24T09:22:00.000Z,2026-09-24T12:22:00,2.15,2.16,2.15,2.16,8898
2026-09-24T09:24:00.000Z,2026-09-24T12:24:00,2.15,2.15,2.15,2.15,8555
2026-09-24T09:25:00.000Z,2026-09-24T12:25:00,2.15,2.16,2.15,2.16,6989465
2026-09-24T09:26:00.000Z,2026-09-24T12:26:00,2.16,2.16,2.15,2.15,8628
2026-09-24T09:27:00.000Z,2026-09-24T12:27:00,2.15,2.15,2.15,2.15,46001
2026-09-24T09:28:00.000Z,2026-09-24T12:28:00,2.15,2.15,2.15,2.15,8366
2026-09-24T09:29:00.000Z,2026-09-24T12:29:00,2.15,2.15,2.15,2.15,8334
2026-09-24T09:31:00.000Z,2026-09-24T12:31:00,2.15,2.15,2.15,2.15,13158
2026-09-24T09:32:00.000Z,2026-09-24T12:32:00,2.15,2.15,2.15,2.15,56182
2026-09-24T09:33:00.000Z,2026-09-24T12:33:00,2.15,2.15,2.15,2.15,175034
2026-09-24T09:34:00.000Z,2026-09-24T12:34:00,2.15,2.16,2.15,2.16,39575
2026-09-24T09:35:00.000Z,2026-09-24T12:35:00,2.15,2.15,2.15,2.15,8331
2026-09-24T09:36:00.000Z,2026-09-24T12:36:00,2.15,2.16,2.15,2.16,11433
2026-09-24T09:37:00.000Z,2026-09-24T12:37:00,2.15,2.16,2.15,2.16,23613
2026-09-24T09:38:00.000Z,2026-09-24T12:38:00,2.15,2.15,2.15,2.15,183381
2026-09-24T09:39:00.000Z,2026-09-24T12:39:00,2.16,2.16,2.16,2.16,402
2026-09-24T09:40:00.000Z,2026-09-24T12:40:00,2.15,2.15,2.15,2.15,1743892
2026-09-24T09:41:00.000Z,2026-09-24T12:41:00,2.16,2.16,2.15,2.16,1005612
2026-09-24T09:42:00.000Z,2026-09-24T12:42:00,2.15,2.15,2.15,2.15,4760
2026-09-24T09:43:00.000Z,2026-09-24T12:43:00,2.16,2.16,2.16,2.16,18433
2026-09-24T09:44:00.000Z,2026-09-24T12:44:00,2.15,2.15,2.15,2.15,12728
2026-09-24T09:45:00.000Z,2026-09-24T12:45:00,2.15,2.16,2.15,2.15,161686
2026-09-24T09:46:00.000Z,2026-09-24T12:46:00,2.15,2.15,2.15,2.15,300000
2026-09-24T09:47:00.000Z,2026-09-24T12:47:00,2.15,2.15,2.15,2.15,3627540
2026-09-24T09:48:00.000Z,2026-09-24T12:48:00,2.15,2.16,2.15,2.15,2755762
2026-09-24T09:49:00.000Z,2026-09-24T12:49:00,2.15,2.15,2.14,2.14,2210173
2026-09-24T09:50:00.000Z,2026-09-24T12:50:00,2.14,2.15,2.14,2.14,9760
2026-09-24T09:51:00.000Z,2026-09-24T12:51:00,2.14,2.15,2.14,2.14,11125328
2026-09-24T09:52:00.000Z,2026-09-24T12:52:00,2.14,2.14,2.14,2.14,1420343
2026-09-24T09:53:00.000Z,2026-09-24T12:53:00,2.14,2.14,2.13,2.13,166887
2026-09-24T09:54:00.000Z,2026-09-24T12:54:00,2.13,2.14,2.13,2.13,5044760
2026-09-24T09:55:00.000Z,2026-09-24T12:55:00,2.13,2.13,2.11,2.11,21356439
2026-09-24T09:56:00.000Z,2026-09-24T12:56:00,2.11,2.12,2.1,2.1,5172349
2026-09-24T09:57:00.000Z,2026-09-24T12:57:00,2.11,2.12,2.1,2.1,13523356
2026-09-24T09:58:00.000Z,2026-09-24T12:58:00,2.1,2.12,2.1,2.1,923408
2026-09-24T09:59:00.000Z,2026-09-24T12:59:00,2.1,2.11,2.08,2.08,48825
2026-09-24T10:00:00.000Z,2026-09-24T13:00:00,2.11,2.11,2.09,2.11,32782
2026-09-24T10:01:00.000Z,2026-09-24T13:01:00,2.1,2.1,2.09,2.1,14818
2026-09-24T10:02:00.000Z,2026-09-24T13:02:00,2.1,2.1,2.09,2.09,48194
2026-09-24T10:03:00.000Z,2026-09-24T13:03:00,2.1,2.1,2.1,2.1,772982
2026-09-24T10:04:00.000Z,2026-09-24T13:04:00,2.1,2.1,2.1,2.1,5000
2026-09-24T10:05:00.000Z,2026-09-24T13:05:00,2.1,2.1,2.1,2.1,1287314
2026-09-24T10:06:00.000Z,2026-09-24T13:06:00,2.1,2.11,2.09,2.1,900542
2026-09-24T10:07:00.000Z,2026-09-24T13:07:00,2.11,2.11,2.1,2.11,50267
2026-09-24T10:08:00.000Z,2026-09-24T13:08:00,2.1,2.1,2.09,2.1,424865
2026-09-24T10:09:00.000Z,2026-09-24T13:09:00,2.1,2.1,2.09,2.09,116817
2026-09-24T10:10:00.000Z,2026-09-24T13:10:00,2.09,2.09,2.09,2.09,144697
2026-09-24T10:11:00.000Z,2026-09-24T13:11:00,2.1,2.1,2.09,2.1,32616
2026-09-24T10:12:00.000Z,2026-09-24T13:12:00,2.09,2.1,2.08,2.1,443136
2026-09-24T10:13:00.000Z,2026-09-24T13:13:00,2.09,2.09,2.09,2.09,1598
2026-09-24T10:14:00.000Z,2026-09-24T13:14:00,2.09,2.09,2.08,2.08,1545637
2026-09-24T10:15:00.000Z,2026-09-24T13:15:00,2.07,2.08,2.07,2.07,34152
2026-09-24T10:16:00.000Z,2026-09-24T13:16:00,2.07,2.07,2.07,2.07,8495
2026-09-24T10:17:00.000Z,2026-09-24T13:17:00,2.07,2.08,2.07,2.07,68082
2026-09-24T10:18:00.000Z,2026-09-24T13:18:00,2.08,2.08,2.08,2.08,5509
2026-09-24T10:19:00.000Z,2026-09-24T13:19:00,2.08,2.08,2.06,2.08,1047398
2026-09-24T10:20:00.000Z,2026-09-24T13:20:00,2.07,2.08,2.06,2.08,651456
2026-09-24T10:22:00.000Z,2026-09-24T13:22:00,2.07,2.08,2.07,2.08,23985
2026-09-24T10:23:00.000Z,2026-09-24T13:23:00,2.09,2.09,2.09,2.09,250791
2026-09-24T10:24:00.000Z,2026-09-24T13:24:00,2.09,2.1,2.09,2.1,909070
2026-09-24T10:25:00.000Z,2026-09-24T13:25:00,2.1,2.11,2.09,2.09,333508
2026-09-24T10:27:00.000Z,2026-09-24T13:27:00,2.1,2.11,2.1,2.11,24765
2026-09-24T10:28:00.000Z,2026-09-24T13:28:00,2.11,2.11,2.09,2.09,19007
2026-09-24T10:29:00.000Z,2026-09-24T13:29:00,2.09,2.11,2.09,2.1,263184
2026-09-24T10:30:00.000Z,2026-09-24T13:30:00,2.1,2.11,2.1,2.1,35811
2026-09-24T10:31:00.000Z,2026-09-24T13:31:00,2.11,2.11,2.11,2.11,483
2026-09-24T10:32:00.000Z,2026-09-24T13:32:00,2.1,2.11,2.1,2.11,30089
2026-09-24T10:33:00.000Z,2026-09-24T13:33:00,2.1,2.11,2.09,2.09,665583
2026-09-24T10:34:00.000Z,2026-09-24T13:34:00,2.11,2.11,2.1,2.1,398155
2026-09-24T10:35:00.000Z,2026-09-24T13:35:00,2.09,2.1,2.09,2.1,2241
2026-09-24T10:36:00.000Z,2026-09-24T13:36:00,2.09,2.11,2.09,2.11,516014
2026-09-24T10:37:00.000Z,2026-09-24T13:37:00,2.1,2.12,2.1,2.12,15956
2026-09-24T10:39:00.000Z,2026-09-24T13:39:00,2.1,2.1,2.1,2.1,43965
2026-09-24T10:40:00.000Z,2026-09-24T13:40:00,2.1,2.1,2.1,2.1,50000
2026-09-24T10:41:00.000Z,2026-09-24T13:41:00,2.11,2.11,2.11,2.11,41
2026-09-24T10:42:00.000Z,2026-09-24T13:42:00,2.1,2.1,2.1,2.1,45965
2026-09-24T10:43:00.000Z,2026-09-24T13:43:00,2.11,2.11,2.09,2.09,242282
2026-09-24T10:44:00.000Z,2026-09-24T13:44:00,2.1,2.1,2.09,2.1,171209
2026-09-24T10:46:00.000Z,2026-09-24T13:46:00,2.1,2.1,2.09,2.09,21083
2026-09-24T10:47:00.000Z,2026-09-24T13:47:00,2.09,2.1,2.09,2.09,119123
2026-09-24T10:49:00.000Z,2026-09-24T13:49:00,2.1,2.1,2.1,2.1,410
2026-09-24T10:50:00.000Z,2026-09-24T13:50:00,2.1,2.1,2.1,2.1,701
2026-09-24T10:51:00.000Z,2026-09-24T13:51:00,2.1,2.1,2.1,2.1,5200
2026-09-24T10:52:00.000Z,2026-09-24T13:52:00,2.1,2.1,2.09,2.09,3954
2026-09-24T10:53:00.000Z,2026-09-24T13:53:00,2.1,2.1,2.09,2.1,104789
2026-09-24T10:54:00.000Z,2026-09-24T13:54:00,2.1,2.1,2.09,2.09,19306
2026-09-24T10:55:00.000Z,2026-09-24T13:55:00,2.1,2.1,2.09,2.09,50254
2026-09-24T10:56:00.000Z,2026-09-24T13:56:00,2.09,2.1,2.09,2.1,114856
2026-09-24T10:57:00.000Z,2026-09-24T13:57:00,2.09,2.09,2.09,2.09,103275
2026-09-24T10:58:00.000Z,2026-09-24T13:58:00,2.1,2.1,2.09,2.09,202106
2026-09-24T10:59:00.000Z,2026-09-24T13:59:00,2.09,2.1,2.09,2.1,4917
2026-09-24T11:00:00.000Z,2026-09-24T14:00:00,2.1,2.1,2.09,2.1,14816
2026-09-24T11:01:00.000Z,2026-09-24T14:01:00,2.09,2.1,2.09,2.09,18239
2026-09-24T11:02:00.000Z,2026-09-24T14:02:00,2.09,2.1,2.09,2.1,61019
2026-09-24T11:03:00.000Z,2026-09-24T14:03:00,2.1,2.1,2.09,2.09,12448
2026-09-24T11:04:00.000Z,2026-09-24T14:04:00,2.09,2.1,2.09,2.1,3197
2026-09-24T11:05:00.000Z,2026-09-24T14:05:00,2.1,2.1,2.1,2.1,259322
2026-09-24T11:06:00.000Z,2026-09-24T14:06:00,2.1,2.1,2.1,2.1,20548
2026-09-24T11:07:00.000Z,2026-09-24T14:07:00,2.1,2.12,2.1,2.12,478148
2026-09-24T11:08:00.000Z,2026-09-24T14:08:00,2.12,2.12,2.1,2.11,61436
2026-09-24T11:09:00.000Z,2026-09-24T14:09:00,2.1,2.11,2.1,2.11,162931
2026-09-24T11:10:00.000Z,2026-09-24T14:10:00,2.1,2.1,2.1,2.1,10548
2026-09-24T11:11:00.000Z,2026-09-24T14:11:00,2.1,2.11,2.1,2.11,118746
2026-09-24T11:12:00.000Z,2026-09-24T14:12:00,2.1,2.11,2.1,2.11,7646946
2026-09-24T11:13:00.000Z,2026-09-24T14:13:00,2.1,2.11,2.1,2.11,14314
2026-09-24T11:14:00.000Z,2026-09-24T14:14:00,2.11,2.11,2.1,2.1,590166
2026-09-24T11:25:00.000Z,2026-09-24T14:25:00,2.11,2.11,2.11,2.11,1532498
2026-09-24T11:26:00.000Z,2026-09-24T14:26:00,2.11,2.11,2.11,2.11,3501
2026-09-24T11:27:00.000Z,2026-09-24T14:27:00,2.11,2.11,2.11,2.11,4400
2026-09-24T11:28:00.000Z,2026-09-24T14:28:00,2.11,2.11,2.11,2.11,27266
2026-09-24T11:29:00.000Z,2026-09-24T14:29:00,2.11,2.11,2.11,2.11,6000
