timestamp_utc,timestamp_cairo,open,high,low,close,volume
2026-06-11T11:04:00.000Z,2026-06-11T14:04:00,4.5,4.5,4.5,4.5,1
2026-06-11T11:05:00.000Z,2026-06-11T14:05:00,4.69,4.69,4.69,4.69,194
2026-06-11T11:11:00.000Z,2026-06-11T14:11:00,4.68,4.69,4.68,4.69,950
2026-06-14T07:00:00.000Z,2026-06-14T10:00:00,4.69,4.8,4.69,4.8,83
2026-06-14T07:01:00.000Z,2026-06-14T10:01:00,4.69,4.8,4.51,4.8,1556
2026-06-14T07:02:00.000Z,2026-06-14T10:02:00,4.51,4.8,4.5,4.51,3931
2026-06-14T07:03:00.000Z,2026-06-14T10:03:00,4.5,4.5,4.36,4.5,7331
2026-06-14T07:04:00.000Z,2026-06-14T10:04:00,4.5,4.5,4.37,4.4,1617
2026-06-14T07:05:00.000Z,2026-06-14T10:05:00,4.5,4.79,4.5,4.79,11002
2026-06-14T07:06:00.000Z,2026-06-14T10:06:00,4.78,4.78,4.78,4.78,6309
2026-06-14T07:07:00.000Z,2026-06-14T10:07:00,4.78,4.78,4.78,4.78,50000
2026-06-14T07:18:00.000Z,2026-06-14T10:18:00,4.79,4.79,4.78,4.78,8643
2026-06-14T07:19:00.000Z,2026-06-14T10:19:00,4.51,4.78,4.51,4.51,948
2026-06-14T07:20:00.000Z,2026-06-14T10:20:00,4.78,4.78,4.78,4.78,40056
2026-06-14T07:21:00.000Z,2026-06-14T10:21:00,4.79,4.79,4.78,4.78,1430
2026-06-14T07:23:00.000Z,2026-06-14T10:23:00,4.78,4.78,4.78,4.78,3
2026-06-14T07:26:00.000Z,2026-06-14T10:26:00,4.55,4.55,4.55,4.55,41
2026-06-14T07:27:00.000Z,2026-06-14T10:27:00,4.76,4.77,4.76,4.77,477
2026-06-14T07:28:00.000Z,2026-06-14T10:28:00,4.77,4.77,4.77,4.77,4330
2026-06-14T07:29:00.000Z,2026-06-14T10:29:00,4.77,4.77,4.77,4.77,6236
2026-06-14T07:30:00.000Z,2026-06-14T10:30:00,4.76,4.77,4.76,4.77,10000
2026-06-14T07:34:00.000Z,2026-06-14T10:34:00,4.77,4.77,4.77,4.77,85
2026-06-14T07:35:00.000Z,2026-06-14T10:35:00,4.58,4.77,4.58,4.77,7575
2026-06-14T07:38:00.000Z,2026-06-14T10:38:00,4.6,4.77,4.6,4.77,3443
2026-06-14T07:39:00.000Z,2026-06-14T10:39:00,4.6,4.75,4.6,4.75,4302
2026-06-14T07:40:00.000Z,2026-06-14T10:40:00,4.6,4.6,4.57,4.57,11934
2026-06-14T07:41:00.000Z,2026-06-14T10:41:00,4.7,4.7,4.7,4.7,1500
2026-06-14T07:42:00.000Z,2026-06-14T10:42:00,4.58,4.58,4.58,4.58,1
2026-06-14T07:43:00.000Z,2026-06-14T10:43:00,4.7,4.75,4.58,4.58,2597
2026-06-14T07:44:00.000Z,2026-06-14T10:44:00,4.75,4.75,4.75,4.75,131
2026-06-14T07:45:00.000Z,2026-06-14T10:45:00,4.58,4.75,4.58,4.75,4562
2026-06-14T07:48:00.000Z,2026-06-14T10:48:00,4.58,4.58,4.58,4.58,20
2026-06-14T07:49:00.000Z,2026-06-14T10:49:00,4.58,4.58,4.58,4.58,200
2026-06-14T07:50:00.000Z,2026-06-14T10:50:00,4.74,4.74,4.74,4.74,2183
2026-06-14T07:54:00.000Z,2026-06-14T10:54:00,4.74,4.74,4.74,4.74,16
2026-06-14T07:55:00.000Z,2026-06-14T10:55:00,4.74,4.74,4.74,4.74,1
2026-06-14T08:01:00.000Z,2026-06-14T11:01:00,4.59,4.59,4.59,4.59,1190
2026-06-14T08:02:00.000Z,2026-06-14T11:02:00,4.73,4.73,4.73,4.73,455
2026-06-14T08:04:00.000Z,2026-06-14T11:04:00,4.6,4.73,4.6,4.73,1170
2026-06-14T08:06:00.000Z,2026-06-14T11:06:00,4.73,4.73,4.73,4.73,8
2026-06-14T08:10:00.000Z,2026-06-14T11:10:00,4.6,4.6,4.6,4.6,1040
2026-06-14T08:15:00.000Z,2026-06-14T11:15:00,4.61,4.61,4.61,4.61,614
2026-06-14T08:26:00.000Z,2026-06-14T11:26:00,4.7,4.7,4.7,4.7,1
2026-06-14T08:27:00.000Z,2026-06-14T11:27:00,4.7,4.7,4.61,4.61,2029
2026-06-14T08:31:00.000Z,2026-06-14T11:31:00,4.72,4.72,4.61,4.61,73
2026-06-14T09:00:00.000Z,2026-06-14T12:00:00,4.72,4.72,4.72,4.72,80
2026-06-14T09:02:00.000Z,2026-06-14T12:02:00,4.61,4.61,4.61,4.61,1320
2026-06-14T09:03:00.000Z,2026-06-14T12:03:00,4.61,4.61,4.6,4.6,1700
2026-06-14T09:05:00.000Z,2026-06-14T12:05:00,4.72,4.72,4.72,4.72,11
2026-06-14T09:06:00.000Z,2026-06-14T12:06:00,4.71,4.71,4.71,4.71,265
2026-06-14T09:09:00.000Z,2026-06-14T12:09:00,4.6,4.6,4.6,4.6,610
2026-06-14T09:34:00.000Z,2026-06-14T12:34:00,4.62,4.62,4.62,4.62,2000
2026-06-14T09:40:00.000Z,2026-06-14T12:40:00,4.63,4.63,4.62,4.62,5000
2026-06-14T09:45:00.000Z,2026-06-14T12:45:00,4.63,4.63,4.63,4.63,4113
2026-06-14T09:49:00.000Z,2026-06-14T12:49:00,4.63,4.63,4.63,4.63,34
2026-06-14T09:50:00.000Z,2026-06-14T12:50:00,4.63,4.63,4.63,4.63,60
2026-06-14T10:06:00.000Z,2026-06-14T13:06:00,4.7,4.71,4.7,4.71,3000
2026-06-14T10:08:00.000Z,2026-06-14T13:08:00,4.71,4.71,4.61,4.61,18100
2026-06-14T10:23:00.000Z,2026-06-14T13:23:00,4.61,4.61,4.61,4.61,3000
2026-06-14T10:34:00.000Z,2026-06-14T13:34:00,4.7,4.7,4.7,4.7,108
2026-06-14T10:36:00.000Z,2026-06-14T13:36:00,4.7,4.7,4.7,4.7,2000
2026-06-14T10:37:00.000Z,2026-06-14T13:37:00,4.7,4.73,4.7,4.73,11000
2026-06-14T10:47:00.000Z,2026-06-14T13:47:00,4.58,4.58,4.58,4.58,700
2026-06-14T10:48:00.000Z,2026-06-14T13:48:00,4.58,4.58,4.58,4.58,152
2026-06-14T10:52:00.000Z,2026-06-14T13:52:00,4.71,4.71,4.71,4.71,11
2026-06-14T10:53:00.000Z,2026-06-14T13:53:00,4.6,4.6,4.6,4.6,6
2026-06-14T11:12:00.000Z,2026-06-14T14:12:00,4.71,4.71,4.71,4.71,6
2026-06-15T07:00:00.000Z,2026-06-15T10:00:00,4.65,4.65,4.57,4.57,164
2026-06-15T07:02:00.000Z,2026-06-15T10:02:00,4.65,4.65,4.57,4.65,4639
2026-06-15T07:03:00.000Z,2026-06-15T10:03:00,4.57,4.65,4.57,4.65,245
2026-06-15T07:04:00.000Z,2026-06-15T10:04:00,4.57,4.64,4.57,4.64,672
2026-06-15T07:07:00.000Z,2026-06-15T10:07:00,4.64,4.64,4.64,4.64,21
2026-06-15T07:08:00.000Z,2026-06-15T10:08:00,4.59,4.59,4.58,4.58,862
2026-06-15T07:09:00.000Z,2026-06-15T10:09:00,4.58,4.58,4.58,4.58,3879
2026-06-15T07:10:00.000Z,2026-06-15T10:10:00,4.58,4.58,4.58,4.58,489
2026-06-15T07:11:00.000Z,2026-06-15T10:11:00,4.63,4.64,4.63,4.64,1708
2026-06-15T07:12:00.000Z,2026-06-15T10:12:00,4.59,4.59,4.59,4.59,35
2026-06-15T07:14:00.000Z,2026-06-15T10:14:00,4.64,4.64,4.64,4.64,4052
2026-06-15T07:15:00.000Z,2026-06-15T10:15:00,4.64,4.64,4.64,4.64,59
2026-06-15T07:20:00.000Z,2026-06-15T10:20:00,4.59,4.59,4.59,4.59,1
2026-06-15T07:22:00.000Z,2026-06-15T10:22:00,4.59,4.59,4.59,4.59,2000
2026-06-15T07:23:00.000Z,2026-06-15T10:23:00,4.59,4.62,4.59,4.62,12404
2026-06-15T07:27:00.000Z,2026-06-15T10:27:00,4.59,4.64,4.59,4.64,8874
2026-06-15T07:28:00.000Z,2026-06-15T10:28:00,4.64,4.64,4.64,4.64,3
2026-06-15T07:32:00.000Z,2026-06-15T10:32:00,4.59,4.59,4.59,4.59,620
2026-06-15T07:33:00.000Z,2026-06-15T10:33:00,4.59,4.59,4.58,4.58,3500
2026-06-15T07:35:00.000Z,2026-06-15T10:35:00,4.63,4.63,4.58,4.58,567
2026-06-15T07:37:00.000Z,2026-06-15T10:37:00,4.58,4.58,4.58,4.58,1433
2026-06-15T07:41:00.000Z,2026-06-15T10:41:00,4.58,4.58,4.58,4.58,9181
2026-06-15T07:48:00.000Z,2026-06-15T10:48:00,4.58,4.58,4.58,4.58,21
2026-06-15T07:50:00.000Z,2026-06-15T10:50:00,4.61,4.61,4.61,4.61,43
2026-06-15T07:52:00.000Z,2026-06-15T10:52:00,4.58,4.58,4.58,4.58,1
2026-06-15T07:53:00.000Z,2026-06-15T10:53:00,4.58,4.58,4.58,4.58,204
2026-06-15T07:55:00.000Z,2026-06-15T10:55:00,4.61,4.61,4.58,4.58,448
2026-06-15T07:58:00.000Z,2026-06-15T10:58:00,4.58,4.58,4.58,4.58,5
2026-06-15T08:00:00.000Z,2026-06-15T11:00:00,4.58,4.58,4.58,4.58,13
2026-06-15T08:01:00.000Z,2026-06-15T11:01:00,4.58,4.58,4.58,4.58,1
2026-06-15T08:08:00.000Z,2026-06-15T11:08:00,4.58,4.58,4.58,4.58,3000
2026-06-15T08:13:00.000Z,2026-06-15T11:13:00,4.6,4.61,4.6,4.61,218
2026-06-15T08:18:00.000Z,2026-06-15T11:18:00,4.61,4.61,4.61,4.61,109
2026-06-15T08:25:00.000Z,2026-06-15T11:25:00,4.58,4.58,4.57,4.57,65
2026-06-15T08:29:00.000Z,2026-06-15T11:29:00,4.57,4.57,4.55,4.55,550
2026-06-15T08:30:00.000Z,2026-06-15T11:30:00,4.55,4.55,4.51,4.51,2000
2026-06-15T08:33:00.000Z,2026-06-15T11:33:00,4.51,4.51,4.51,4.51,1000
2026-06-15T08:45:00.000Z,2026-06-15T11:45:00,4.52,4.6,4.52,4.6,29
2026-06-15T08:48:00.000Z,2026-06-15T11:48:00,4.6,4.6,4.6,4.6,271
2026-06-15T08:50:00.000Z,2026-06-15T11:50:00,4.52,4.52,4.52,4.52,208
2026-06-15T08:56:00.000Z,2026-06-15T11:56:00,4.52,4.52,4.52,4.52,2080
2026-06-15T08:58:00.000Z,2026-06-15T11:58:00,4.52,4.52,4.52,4.52,5284
2026-06-15T09:03:00.000Z,2026-06-15T12:03:00,4.52,4.52,4.52,4.52,2534
2026-06-15T09:08:00.000Z,2026-06-15T12:08:00,4.52,4.52,4.52,4.52,5
2026-06-15T09:14:00.000Z,2026-06-15T12:14:00,4.52,4.52,4.52,4.52,1257
2026-06-15T09:16:00.000Z,2026-06-15T12:16:00,4.55,4.55,4.55,4.55,50
2026-06-15T09:21:00.000Z,2026-06-15T12:21:00,4.55,4.6,4.55,4.6,2197
2026-06-15T09:22:00.000Z,2026-06-15T12:22:00,4.52,4.52,4.52,4.52,513
2026-06-15T09:23:00.000Z,2026-06-15T12:23:00,4.52,4.52,4.52,4.52,124
2026-06-15T09:26:00.000Z,2026-06-15T12:26:00,4.53,4.53,4.53,4.53,6
2026-06-15T09:29:00.000Z,2026-06-15T12:29:00,4.53,4.53,4.53,4.53,23
2026-06-15T09:37:00.000Z,2026-06-15T12:37:00,4.59,4.59,4.59,4.59,3
2026-06-15T09:39:00.000Z,2026-06-15T12:39:00,4.55,4.55,4.52,4.52,5021
2026-06-15T09:45:00.000Z,2026-06-15T12:45:00,4.59,4.59,4.59,4.59,111
2026-06-15T09:47:00.000Z,2026-06-15T12:47:00,4.52,4.52,4.52,4.52,10
2026-06-15T09:55:00.000Z,2026-06-15T12:55:00,4.52,4.52,4.52,4.52,4080
2026-06-15T10:00:00.000Z,2026-06-15T13:00:00,4.59,4.59,4.59,4.59,97
2026-06-15T10:08:00.000Z,2026-06-15T13:08:00,4.52,4.52,4.52,4.52,5
2026-06-15T10:11:00.000Z,2026-06-15T13:11:00,4.52,4.52,4.52,4.52,1
2026-06-15T10:12:00.000Z,2026-06-15T13:12:00,4.53,4.53,4.53,4.53,55
2026-06-15T10:16:00.000Z,2026-06-15T13:16:00,4.53,4.53,4.53,4.53,19
2026-06-15T10:18:00.000Z,2026-06-15T13:18:00,4.58,4.58,4.58,4.58,4
2026-06-15T10:21:00.000Z,2026-06-15T13:21:00,4.53,4.53,4.5,4.5,35855
2026-06-15T10:23:00.000Z,2026-06-15T13:23:00,4.5,4.5,4.5,4.5,150
2026-06-15T10:25:00.000Z,2026-06-15T13:25:00,4.5,4.5,4.5,4.5,4
2026-06-15T10:26:00.000Z,2026-06-15T13:26:00,4.58,4.58,4.58,4.58,1200
2026-06-15T10:33:00.000Z,2026-06-15T13:33:00,4.51,4.51,4.51,4.51,145
2026-06-15T10:34:00.000Z,2026-06-15T13:34:00,4.51,4.51,4.51,4.51,10
2026-06-15T10:39:00.000Z,2026-06-15T13:39:00,4.51,4.51,4.51,4.51,2000
2026-06-15T10:43:00.000Z,2026-06-15T13:43:00,4.51,4.51,4.51,4.51,182
2026-06-15T10:45:00.000Z,2026-06-15T13:45:00,4.51,4.51,4.51,4.51,3
2026-06-15T10:46:00.000Z,2026-06-15T13:46:00,4.51,4.51,4.51,4.51,1
2026-06-15T10:47:00.000Z,2026-06-15T13:47:00,4.56,4.56,4.56,4.56,221
2026-06-15T10:53:00.000Z,2026-06-15T13:53:00,4.51,4.51,4.51,4.51,25
2026-06-15T10:57:00.000Z,2026-06-15T13:57:00,4.51,4.51,4.51,4.51,1171
2026-06-15T10:58:00.000Z,2026-06-15T13:58:00,4.5,4.5,4.5,4.5,5347
2026-06-15T11:01:00.000Z,2026-06-15T14:01:00,4.5,4.5,4.5,4.5,2350
2026-06-15T11:11:00.000Z,2026-06-15T14:11:00,4.5,4.5,4.5,4.5,2000
2026-06-16T07:00:00.000Z,2026-06-16T10:00:00,4.35,4.35,4.35,4.35,11215
2026-06-16T07:01:00.000Z,2026-06-16T10:01:00,4.35,4.55,4.35,4.35,323
2026-06-16T07:02:00.000Z,2026-06-16T10:02:00,4.35,4.55,4.23,4.55,20184
2026-06-16T07:03:00.000Z,2026-06-16T10:03:00,4.24,4.24,4.24,4.24,5635
2026-06-16T07:04:00.000Z,2026-06-16T10:04:00,4.24,4.24,4.24,4.24,1
2026-06-16T07:05:00.000Z,2026-06-16T10:05:00,4.25,4.25,4.25,4.25,56
2026-06-16T07:06:00.000Z,2026-06-16T10:06:00,4.26,4.54,4.26,4.54,8493
2026-06-16T07:07:00.000Z,2026-06-16T10:07:00,4.27,4.27,4.27,4.27,11
2026-06-16T07:08:00.000Z,2026-06-16T10:08:00,4.51,4.51,4.51,4.51,4467
2026-06-16T07:11:00.000Z,2026-06-16T10:11:00,4.32,4.32,4.32,4.32,25
2026-06-16T07:14:00.000Z,2026-06-16T10:14:00,4.36,4.36,4.36,4.36,10
2026-06-16T07:20:00.000Z,2026-06-16T10:20:00,4.51,4.51,4.38,4.38,2235
2026-06-16T07:24:00.000Z,2026-06-16T10:24:00,4.5,4.5,4.5,4.5,100
2026-06-16T07:25:00.000Z,2026-06-16T10:25:00,4.5,4.5,4.38,4.38,6550
2026-06-16T07:28:00.000Z,2026-06-16T10:28:00,4.38,4.38,4.38,4.38,300
2026-06-16T07:29:00.000Z,2026-06-16T10:29:00,4.38,4.38,4.37,4.37,10047
2026-06-16T07:32:00.000Z,2026-06-16T10:32:00,4.5,4.5,4.5,4.5,9
2026-06-16T07:33:00.000Z,2026-06-16T10:33:00,4.37,4.37,4.37,4.37,1500
2026-06-16T07:39:00.000Z,2026-06-16T10:39:00,4.48,4.48,4.48,4.48,1
2026-06-16T07:42:00.000Z,2026-06-16T10:42:00,4.37,4.37,4.37,4.37,4
2026-06-16T07:46:00.000Z,2026-06-16T10:46:00,4.37,4.37,4.37,4.37,217
2026-06-16T07:47:00.000Z,2026-06-16T10:47:00,4.45,4.45,4.45,4.45,77
2026-06-16T07:49:00.000Z,2026-06-16T10:49:00,4.37,4.37,4.37,4.37,1123
2026-06-16T07:50:00.000Z,2026-06-16T10:50:00,4.46,4.46,4.35,4.35,11507
2026-06-16T07:59:00.000Z,2026-06-16T10:59:00,4.48,4.48,4.48,4.48,5850
2026-06-16T08:03:00.000Z,2026-06-16T11:03:00,4.35,4.35,4.23,4.23,53612
2026-06-16T08:16:00.000Z,2026-06-16T11:16:00,4.24,4.24,4.24,4.24,11
2026-06-16T08:19:00.000Z,2026-06-16T11:19:00,4.45,4.5,4.45,4.5,24690
2026-06-16T08:20:00.000Z,2026-06-16T11:20:00,4.25,4.25,4.25,4.25,750
2026-06-16T08:24:00.000Z,2026-06-16T11:24:00,4.49,4.49,4.49,4.49,38
2026-06-16T08:38:00.000Z,2026-06-16T11:38:00,4.29,4.29,4.29,4.29,652
2026-06-16T08:50:00.000Z,2026-06-16T11:50:00,4.35,4.35,4.35,4.35,1500
2026-06-16T09:10:00.000Z,2026-06-16T12:10:00,4.48,4.48,4.48,4.48,229
2026-06-16T09:21:00.000Z,2026-06-16T12:21:00,4.32,4.32,4.32,4.32,1829
2026-06-16T09:23:00.000Z,2026-06-16T12:23:00,4.46,4.46,4.46,4.46,108
2026-06-16T09:24:00.000Z,2026-06-16T12:24:00,4.46,4.46,4.46,4.46,45
2026-06-16T09:28:00.000Z,2026-06-16T12:28:00,4.44,4.44,4.44,4.44,2755
2026-06-16T09:29:00.000Z,2026-06-16T12:29:00,4.34,4.34,4.34,4.34,1006
2026-06-16T09:36:00.000Z,2026-06-16T12:36:00,4.42,4.44,4.42,4.44,399
2026-06-16T09:40:00.000Z,2026-06-16T12:40:00,4.34,4.34,4.34,4.34,11
2026-06-16T09:47:00.000Z,2026-06-16T12:47:00,4.44,4.44,4.44,4.44,61
2026-06-16T10:14:00.000Z,2026-06-16T13:14:00,4.36,4.36,4.36,4.36,2251
2026-06-16T10:27:00.000Z,2026-06-16T13:27:00,4.36,4.36,4.36,4.36,16702
2026-06-16T10:30:00.000Z,2026-06-16T13:30:00,4.43,4.43,4.43,4.43,10
2026-06-16T10:42:00.000Z,2026-06-16T13:42:00,4.42,4.43,4.42,4.43,458
2026-06-16T10:52:00.000Z,2026-06-16T13:52:00,4.43,4.43,4.43,4.43,112
2026-06-16T11:04:00.000Z,2026-06-16T14:04:00,4.43,4.44,4.4,4.4,5100
2026-06-16T11:07:00.000Z,2026-06-16T14:07:00,4.44,4.44,4.44,4.44,69
2026-06-16T11:12:00.000Z,2026-06-16T14:12:00,4.44,4.44,4.4,4.4,3100
2026-06-16T11:25:00.000Z,2026-06-16T14:25:00,4.39,4.39,4.39,4.39,5619
2026-06-17T07:01:00.000Z,2026-06-17T10:01:00,4.39,4.5,4.39,4.39,197
2026-06-17T07:02:00.000Z,2026-06-17T10:02:00,4.39,4.49,4.39,4.39,283
2026-06-17T07:03:00.000Z,2026-06-17T10:03:00,4.39,4.39,4.39,4.39,394
2026-06-17T07:06:00.000Z,2026-06-17T10:06:00,4.4,4.46,4.4,4.46,556
2026-06-17T07:07:00.000Z,2026-06-17T10:07:00,4.46,4.47,4.46,4.47,11665
2026-06-17T07:13:00.000Z,2026-06-17T10:13:00,4.35,4.35,4.35,4.35,211
2026-06-17T07:14:00.000Z,2026-06-17T10:14:00,4.35,4.35,4.35,4.35,1030
2026-06-17T07:18:00.000Z,2026-06-17T10:18:00,4.35,4.35,4.35,4.35,51
2026-06-17T07:19:00.000Z,2026-06-17T10:19:00,4.36,4.36,4.36,4.36,1131
2026-06-17T07:25:00.000Z,2026-06-17T10:25:00,4.36,4.36,4.36,4.36,1107
2026-06-17T07:38:00.000Z,2026-06-17T10:38:00,4.36,4.36,4.36,4.36,345
2026-06-17T07:40:00.000Z,2026-06-17T10:40:00,4.4,4.4,4.36,4.36,2022
2026-06-17T07:46:00.000Z,2026-06-17T10:46:00,4.36,4.36,4.36,4.36,2000
2026-06-17T07:48:00.000Z,2026-06-17T10:48:00,4.4,4.4,4.4,4.4,1146
2026-06-17T07:49:00.000Z,2026-06-17T10:49:00,4.36,4.36,4.36,4.36,1
2026-06-17T08:00:00.000Z,2026-06-17T11:00:00,4.37,4.37,4.36,4.36,85
2026-06-17T08:11:00.000Z,2026-06-17T11:11:00,4.37,4.37,4.37,4.37,31
2026-06-17T08:15:00.000Z,2026-06-17T11:15:00,4.4,4.4,4.4,4.4,47
2026-06-17T08:16:00.000Z,2026-06-17T11:16:00,4.37,4.37,4.37,4.37,394
2026-06-17T08:19:00.000Z,2026-06-17T11:19:00,4.37,4.37,4.37,4.37,6
2026-06-17T08:21:00.000Z,2026-06-17T11:21:00,4.37,4.37,4.37,4.37,950
2026-06-17T08:23:00.000Z,2026-06-17T11:23:00,4.37,4.37,4.37,4.37,2454
2026-06-17T08:24:00.000Z,2026-06-17T11:24:00,4.38,4.38,4.38,4.38,41
2026-06-17T08:26:00.000Z,2026-06-17T11:26:00,4.4,4.4,4.4,4.4,2735
2026-06-17T08:35:00.000Z,2026-06-17T11:35:00,4.43,4.43,4.42,4.42,1396
2026-06-17T08:36:00.000Z,2026-06-17T11:36:00,4.45,4.45,4.45,4.45,15356
2026-06-17T08:37:00.000Z,2026-06-17T11:37:00,4.47,4.5,4.47,4.5,26178
2026-06-17T08:38:00.000Z,2026-06-17T11:38:00,4.51,4.6,4.51,4.6,4000
2026-06-17T08:39:00.000Z,2026-06-17T11:39:00,4.5,4.5,4.5,4.5,90
2026-06-17T08:40:00.000Z,2026-06-17T11:40:00,4.5,4.5,4.5,4.5,800
2026-06-17T08:41:00.000Z,2026-06-17T11:41:00,4.5,4.5,4.5,4.5,100
2026-06-17T08:45:00.000Z,2026-06-17T11:45:00,4.5,4.5,4.5,4.5,745
2026-06-17T08:48:00.000Z,2026-06-17T11:48:00,4.5,4.5,4.5,4.5,18285
2026-06-17T08:55:00.000Z,2026-06-17T11:55:00,4.46,4.46,4.46,4.46,1683
2026-06-17T08:57:00.000Z,2026-06-17T11:57:00,4.45,4.45,4.45,4.45,1
2026-06-17T09:00:00.000Z,2026-06-17T12:00:00,4.47,4.5,4.47,4.5,3592
2026-06-17T09:05:00.000Z,2026-06-17T12:05:00,4.52,4.52,4.46,4.46,151
2026-06-17T09:07:00.000Z,2026-06-17T12:07:00,4.46,4.46,4.46,4.46,235
2026-06-17T09:11:00.000Z,2026-06-17T12:11:00,4.46,4.46,4.46,4.46,1023
2026-06-17T09:15:00.000Z,2026-06-17T12:15:00,4.43,4.43,4.43,4.43,107
2026-06-17T09:19:00.000Z,2026-06-17T12:19:00,4.43,4.43,4.43,4.43,192
2026-06-17T09:21:00.000Z,2026-06-17T12:21:00,4.43,4.43,4.43,4.43,12
2026-06-17T09:25:00.000Z,2026-06-17T12:25:00,4.43,4.43,4.43,4.43,5
2026-06-17T09:53:00.000Z,2026-06-17T12:53:00,4.52,4.52,4.52,4.52,452
2026-06-17T09:54:00.000Z,2026-06-17T12:54:00,4.52,4.52,4.52,4.52,95
2026-06-17T09:56:00.000Z,2026-06-17T12:56:00,4.43,4.43,4.43,4.43,213
2026-06-17T09:57:00.000Z,2026-06-17T12:57:00,4.52,4.52,4.52,4.52,4453
2026-06-17T10:02:00.000Z,2026-06-17T13:02:00,4.5,4.5,4.5,4.5,10
2026-06-17T10:09:00.000Z,2026-06-17T13:09:00,4.5,4.5,4.5,4.5,80
2026-06-17T10:11:00.000Z,2026-06-17T13:11:00,4.43,4.43,4.43,4.43,1111
2026-06-17T10:13:00.000Z,2026-06-17T13:13:00,4.43,4.43,4.43,4.43,2
2026-06-17T10:17:00.000Z,2026-06-17T13:17:00,4.43,4.49,4.43,4.49,4728
2026-06-17T10:19:00.000Z,2026-06-17T13:19:00,4.44,4.44,4.44,4.44,9
2026-06-17T10:20:00.000Z,2026-06-17T13:20:00,4.49,4.49,4.49,4.49,250
2026-06-17T10:21:00.000Z,2026-06-17T13:21:00,4.49,4.49,4.49,4.49,8
2026-06-17T10:23:00.000Z,2026-06-17T13:23:00,4.44,4.44,4.44,4.44,250
2026-06-17T10:24:00.000Z,2026-06-17T13:24:00,4.44,4.44,4.44,4.44,43
2026-06-17T10:25:00.000Z,2026-06-17T13:25:00,4.49,4.6,4.49,4.6,22461
2026-06-17T10:26:00.000Z,2026-06-17T13:26:00,4.6,4.6,4.6,4.6,3000
2026-06-17T10:29:00.000Z,2026-06-17T13:29:00,4.6,4.65,4.6,4.65,25445
2026-06-17T10:30:00.000Z,2026-06-17T13:30:00,4.65,4.66,4.65,4.66,10764
2026-06-17T10:41:00.000Z,2026-06-17T13:41:00,4.66,4.66,4.66,4.66,7000
2026-06-17T10:45:00.000Z,2026-06-17T13:45:00,4.65,4.66,4.65,4.66,967
2026-06-17T10:46:00.000Z,2026-06-17T13:46:00,4.66,4.68,4.66,4.68,1300
2026-06-17T10:47:00.000Z,2026-06-17T13:47:00,4.65,4.68,4.65,4.68,15861
2026-06-17T10:48:00.000Z,2026-06-17T13:48:00,4.68,4.7,4.43,4.7,15623
2026-06-17T10:52:00.000Z,2026-06-17T13:52:00,4.5,4.65,4.44,4.65,2980
2026-06-17T10:53:00.000Z,2026-06-17T13:53:00,4.65,4.66,4.65,4.66,20000
2026-06-17T10:55:00.000Z,2026-06-17T13:55:00,4.66,4.69,4.66,4.69,3515
2026-06-17T10:56:00.000Z,2026-06-17T13:56:00,4.51,4.51,4.51,4.51,90
2026-06-17T11:06:00.000Z,2026-06-17T14:06:00,4.68,4.7,4.68,4.7,4170
2026-06-17T11:07:00.000Z,2026-06-17T14:07:00,4.7,4.7,4.7,4.7,2400
2026-06-17T11:09:00.000Z,2026-06-17T14:09:00,4.56,4.56,4.56,4.56,2
2026-06-17T11:11:00.000Z,2026-06-17T14:11:00,4.69,4.69,4.69,4.69,100
2026-06-17T11:12:00.000Z,2026-06-17T14:12:00,4.69,4.69,4.69,4.69,511
2026-06-17T11:14:00.000Z,2026-06-17T14:14:00,4.69,4.69,4.69,4.69,4
2026-06-21T07:00:00.000Z,2026-06-21T10:00:00,4.78,4.79,4.78,4.79,13300
2026-06-21T07:01:00.000Z,2026-06-21T10:01:00,4.75,4.79,4.75,4.75,15243
2026-06-21T07:02:00.000Z,2026-06-21T10:02:00,4.79,4.79,4.75,4.79,9394
2026-06-21T07:03:00.000Z,2026-06-21T10:03:00,4.76,4.79,4.76,4.76,3938
2026-06-21T07:04:00.000Z,2026-06-21T10:04:00,4.79,4.79,4.79,4.79,62
2026-06-21T07:05:00.000Z,2026-06-21T10:05:00,4.79,4.8,4.76,4.8,6250
2026-06-21T07:06:00.000Z,2026-06-21T10:06:00,4.8,4.82,4.7,4.7,22786
2026-06-21T07:07:00.000Z,2026-06-21T10:07:00,4.71,5.11,4.71,5.11,6676
2026-06-21T07:08:00.000Z,2026-06-21T10:08:00,5.08,5.12,4.71,5,9905
2026-06-21T07:09:00.000Z,2026-06-21T10:09:00,5.1,5.1,5.1,5.1,2000
2026-06-21T07:19:00.000Z,2026-06-21T10:19:00,5.1,5.1,4.9,5.1,20471
2026-06-21T07:20:00.000Z,2026-06-21T10:20:00,5.1,5.1,4.72,4.72,41691
2026-06-21T07:21:00.000Z,2026-06-21T10:21:00,5,5,4.75,5,6150
2026-06-21T07:22:00.000Z,2026-06-21T10:22:00,4.9,4.95,4.9,4.95,358
2026-06-21T07:23:00.000Z,2026-06-21T10:23:00,4.77,4.95,4.76,4.95,20462
2026-06-21T07:24:00.000Z,2026-06-21T10:24:00,4.79,4.95,4.76,4.95,13109
2026-06-21T07:25:00.000Z,2026-06-21T10:25:00,4.95,5,4.95,5,8229
2026-06-21T07:26:00.000Z,2026-06-21T10:26:00,5.02,5.02,5.02,5.02,1000
2026-06-21T07:27:00.000Z,2026-06-21T10:27:00,5.02,5.12,5.02,5.12,19705
2026-06-21T07:28:00.000Z,2026-06-21T10:28:00,5.12,5.12,5.1,5.1,28721
2026-06-21T07:29:00.000Z,2026-06-21T10:29:00,5.1,5.12,5.1,5.12,3522
2026-06-21T07:30:00.000Z,2026-06-21T10:30:00,5.12,5.12,5,5,78
2026-06-21T07:32:00.000Z,2026-06-21T10:32:00,5.01,5.11,5,5.11,9840
2026-06-21T07:33:00.000Z,2026-06-21T10:33:00,5.12,5.12,5.11,5.12,23310
2026-06-21T07:34:00.000Z,2026-06-21T10:34:00,5.12,5.12,5,5.12,16982
2026-06-21T07:35:00.000Z,2026-06-21T10:35:00,5.12,5.12,5.12,5.12,280
2026-06-21T07:36:00.000Z,2026-06-21T10:36:00,5.12,5.12,5.12,5.12,1114
2026-06-21T07:37:00.000Z,2026-06-21T10:37:00,5.12,5.12,5.12,5.12,8085
2026-06-21T07:38:00.000Z,2026-06-21T10:38:00,5.12,5.12,5.12,5.12,20305
2026-06-21T07:39:00.000Z,2026-06-21T10:39:00,5.12,5.12,5.12,5.12,19695
2026-06-21T07:40:00.000Z,2026-06-21T10:40:00,5.12,5.12,5.12,5.12,414
2026-06-21T07:42:00.000Z,2026-06-21T10:42:00,5.12,5.12,5.12,5.12,4900
2026-06-21T07:43:00.000Z,2026-06-21T10:43:00,5.12,5.12,5.12,5.12,4000
2026-06-21T07:44:00.000Z,2026-06-21T10:44:00,5.12,5.12,5.12,5.12,143
2026-06-21T07:45:00.000Z,2026-06-21T10:45:00,5.12,5.12,5.12,5.12,19
2026-06-21T07:47:00.000Z,2026-06-21T10:47:00,5.12,5.12,5.12,5.12,3988
2026-06-21T07:48:00.000Z,2026-06-21T10:48:00,5.12,5.12,5.12,5.12,884
2026-06-21T07:50:00.000Z,2026-06-21T10:50:00,5.12,5.12,5.12,5.12,1000
2026-06-21T07:53:00.000Z,2026-06-21T10:53:00,5.12,5.12,5.12,5.12,7628
2026-06-21T07:54:00.000Z,2026-06-21T10:54:00,5.12,5.12,5.12,5.12,5004
2026-06-21T07:55:00.000Z,2026-06-21T10:55:00,5.12,5.12,5.12,5.12,24368
2026-06-21T07:57:00.000Z,2026-06-21T10:57:00,5.12,5.12,5.12,5.12,26373
2026-06-21T07:58:00.000Z,2026-06-21T10:58:00,5.12,5.12,5.12,5.12,3950
2026-06-21T08:01:00.000Z,2026-06-21T11:01:00,5.12,5.12,5.12,5.12,11817
2026-06-21T08:02:00.000Z,2026-06-21T11:02:00,5.12,5.12,5.12,5.12,5051
2026-06-21T08:03:00.000Z,2026-06-21T11:03:00,5.12,5.12,5.12,5.12,4601
2026-06-21T08:04:00.000Z,2026-06-21T11:04:00,5.12,5.12,5.12,5.12,2497
2026-06-21T08:05:00.000Z,2026-06-21T11:05:00,5.12,5.12,5.12,5.12,4292
2026-06-21T08:06:00.000Z,2026-06-21T11:06:00,5.12,5.12,5.12,5.12,15000
2026-06-21T08:08:00.000Z,2026-06-21T11:08:00,5.12,5.12,5.12,5.12,788
2026-06-21T08:09:00.000Z,2026-06-21T11:09:00,5.12,5.12,5.12,5.12,917
2026-06-21T08:11:00.000Z,2026-06-21T11:11:00,5.12,5.12,5.12,5.12,5000
2026-06-21T08:12:00.000Z,2026-06-21T11:12:00,5.12,5.12,5.12,5.12,3000
2026-06-21T08:15:00.000Z,2026-06-21T11:15:00,5.12,5.12,5.12,5.12,500
2026-06-21T08:16:00.000Z,2026-06-21T11:16:00,5.12,5.12,5.12,5.12,15295
2026-06-21T08:18:00.000Z,2026-06-21T11:18:00,5.12,5.12,5.12,5.12,250
2026-06-21T08:19:00.000Z,2026-06-21T11:19:00,5.12,5.12,5.12,5.12,2279
2026-06-21T08:21:00.000Z,2026-06-21T11:21:00,5.12,5.12,5.12,5.12,48
2026-06-21T08:22:00.000Z,2026-06-21T11:22:00,5.05,5.05,5.05,5.05,147
2026-06-21T08:25:00.000Z,2026-06-21T11:25:00,5.06,5.06,5.05,5.05,7622
2026-06-21T08:27:00.000Z,2026-06-21T11:27:00,5.05,5.12,5.05,5.12,3458
2026-06-21T08:28:00.000Z,2026-06-21T11:28:00,5.12,5.12,5.12,5.12,23017
2026-06-21T08:29:00.000Z,2026-06-21T11:29:00,5.12,5.12,5.12,5.12,4542
2026-06-21T08:37:00.000Z,2026-06-21T11:37:00,5.12,5.12,5.12,5.12,379
2026-06-21T08:39:00.000Z,2026-06-21T11:39:00,5.12,5.12,5.12,5.12,20
2026-06-21T08:40:00.000Z,2026-06-21T11:40:00,5.12,5.12,5.12,5.12,23102
2026-06-21T08:43:00.000Z,2026-06-21T11:43:00,5.06,5.06,5.06,5.06,220
2026-06-21T08:45:00.000Z,2026-06-21T11:45:00,5.06,5.06,5.01,5.01,16898
2026-06-21T08:46:00.000Z,2026-06-21T11:46:00,5.1,5.1,5.1,5.1,60
2026-06-21T08:47:00.000Z,2026-06-21T11:47:00,5.1,5.1,5.1,5.1,10161
2026-06-21T08:48:00.000Z,2026-06-21T11:48:00,5.1,5.1,5.1,5.1,2745
2026-06-21T08:49:00.000Z,2026-06-21T11:49:00,5.1,5.1,5.1,5.1,1
2026-06-21T08:50:00.000Z,2026-06-21T11:50:00,5.1,5.1,5.1,5.1,2033
2026-06-21T08:51:00.000Z,2026-06-21T11:51:00,5.11,5.11,5.11,5.11,1000
2026-06-21T08:53:00.000Z,2026-06-21T11:53:00,5.12,5.12,5.12,5.12,1076
2026-06-21T08:57:00.000Z,2026-06-21T11:57:00,5.12,5.12,5.12,5.12,1005
2026-06-21T08:59:00.000Z,2026-06-21T11:59:00,5.12,5.12,5.12,5.12,19
2026-06-21T09:04:00.000Z,2026-06-21T12:04:00,5.12,5.12,5.12,5.12,9770
2026-06-21T09:05:00.000Z,2026-06-21T12:05:00,5.12,5.12,5.12,5.12,165
2026-06-21T09:06:00.000Z,2026-06-21T12:06:00,5.12,5.12,5.12,5.12,102
2026-06-21T09:07:00.000Z,2026-06-21T12:07:00,5.11,5.11,5.11,5.11,327
2026-06-21T09:10:00.000Z,2026-06-21T12:10:00,5.12,5.12,5.12,5.12,1000
2026-06-21T09:14:00.000Z,2026-06-21T12:14:00,5.12,5.12,5.02,5.02,986
2026-06-21T09:15:00.000Z,2026-06-21T12:15:00,5.12,5.12,5.12,5.12,1000
2026-06-21T09:16:00.000Z,2026-06-21T12:16:00,5.12,5.12,5.12,5.12,1000
2026-06-21T09:17:00.000Z,2026-06-21T12:17:00,5.05,5.12,5.05,5.12,10402
2026-06-21T09:18:00.000Z,2026-06-21T12:18:00,5.05,5.05,5.05,5.05,2000
2026-06-21T09:25:00.000Z,2026-06-21T12:25:00,5.1,5.1,5.1,5.1,3000
2026-06-21T09:35:00.000Z,2026-06-21T12:35:00,5.12,5.12,5.12,5.12,800
2026-06-21T09:53:00.000Z,2026-06-21T12:53:00,5.12,5.12,5.12,5.12,377
2026-06-21T09:54:00.000Z,2026-06-21T12:54:00,5.12,5.12,5.12,5.12,1410
2026-06-21T10:00:00.000Z,2026-06-21T13:00:00,5.12,5.12,5.12,5.12,1285
2026-06-21T10:07:00.000Z,2026-06-21T13:07:00,5.12,5.12,5.12,5.12,11700
2026-06-21T10:13:00.000Z,2026-06-21T13:13:00,5.12,5.12,5.12,5.12,100
2026-06-21T10:20:00.000Z,2026-06-21T13:20:00,5.12,5.12,5.12,5.12,71
2026-06-21T10:25:00.000Z,2026-06-21T13:25:00,5.12,5.12,5.12,5.12,4500
2026-06-21T10:27:00.000Z,2026-06-21T13:27:00,5.12,5.12,5.12,5.12,500
2026-06-21T10:31:00.000Z,2026-06-21T13:31:00,5.12,5.12,5.12,5.12,3740
2026-06-21T10:34:00.000Z,2026-06-21T13:34:00,5.12,5.12,5.12,5.12,4858
2026-06-21T10:35:00.000Z,2026-06-21T13:35:00,5.07,5.07,5.07,5.07,2
2026-06-21T10:36:00.000Z,2026-06-21T13:36:00,5.12,5.12,5.12,5.12,10193
2026-06-21T10:37:00.000Z,2026-06-21T13:37:00,5.12,5.12,5.12,5.12,504
2026-06-21T10:38:00.000Z,2026-06-21T13:38:00,5.12,5.12,5.12,5.12,459
2026-06-21T10:43:00.000Z,2026-06-21T13:43:00,5.12,5.12,5.12,5.12,2886
2026-06-21T10:45:00.000Z,2026-06-21T13:45:00,5.07,5.07,5.07,5.07,486
2026-06-21T10:48:00.000Z,2026-06-21T13:48:00,5.09,5.1,5.09,5.1,2000
2026-06-21T10:49:00.000Z,2026-06-21T13:49:00,5.1,5.1,5.1,5.1,3200
2026-06-21T10:51:00.000Z,2026-06-21T13:51:00,5.12,5.12,5.12,5.12,6
2026-06-21T10:53:00.000Z,2026-06-21T13:53:00,5.1,5.1,5.1,5.1,655
2026-06-21T10:55:00.000Z,2026-06-21T13:55:00,5.12,5.12,5.12,5.12,95
2026-06-21T10:56:00.000Z,2026-06-21T13:56:00,5.12,5.12,5.12,5.12,1347
2026-06-21T10:58:00.000Z,2026-06-21T13:58:00,5.12,5.12,5.12,5.12,435
2026-06-21T10:59:00.000Z,2026-06-21T13:59:00,5.12,5.12,5.12,5.12,100
2026-06-21T11:01:00.000Z,2026-06-21T14:01:00,5.12,5.12,5.12,5.12,2000
2026-06-21T11:14:00.000Z,2026-06-21T14:14:00,5.12,5.12,5.12,5.12,68
2026-06-21T11:25:00.000Z,2026-06-21T14:25:00,5.12,5.12,5.12,5.12,1150
2026-06-22T07:00:00.000Z,2026-06-22T10:00:00,5.14,5.34,5.12,5.34,8508
2026-06-22T07:01:00.000Z,2026-06-22T10:01:00,5.34,5.48,5.12,5.3,4333
2026-06-22T07:02:00.000Z,2026-06-22T10:02:00,5.3,5.3,5.29,5.29,1093
2026-06-22T07:03:00.000Z,2026-06-22T10:03:00,5.29,5.29,5.29,5.29,25286
2026-06-22T07:04:00.000Z,2026-06-22T10:04:00,5.29,5.29,5.28,5.28,3378
2026-06-22T07:05:00.000Z,2026-06-22T10:05:00,5.25,5.27,5.25,5.25,3542
2026-06-22T07:06:00.000Z,2026-06-22T10:06:00,5.25,5.26,5.25,5.26,4983
2026-06-22T07:07:00.000Z,2026-06-22T10:07:00,5.14,5.14,5.12,5.12,19000
2026-06-22T07:08:00.000Z,2026-06-22T10:08:00,5.12,5.22,5.01,5.1,8381
2026-06-22T07:09:00.000Z,2026-06-22T10:09:00,5.1,5.1,5.1,5.1,1205
2026-06-22T07:10:00.000Z,2026-06-22T10:10:00,5.1,5.1,5.1,5.1,5000
2026-06-22T07:11:00.000Z,2026-06-22T10:11:00,5.19,5.19,5.19,5.19,9
2026-06-22T07:13:00.000Z,2026-06-22T10:13:00,5.1,5.1,5.1,5.1,295
2026-06-22T07:14:00.000Z,2026-06-22T10:14:00,5.1,5.1,5.1,5.1,14
2026-06-22T07:18:00.000Z,2026-06-22T10:18:00,5.1,5.25,5.1,5.25,25000
2026-06-22T07:20:00.000Z,2026-06-22T10:20:00,5.2,5.23,5.2,5.23,5000
2026-06-22T07:21:00.000Z,2026-06-22T10:21:00,5.1,5.2,5.1,5.2,10480
2026-06-22T07:24:00.000Z,2026-06-22T10:24:00,5.11,5.11,5.11,5.11,3000
2026-06-22T07:25:00.000Z,2026-06-22T10:25:00,5.11,5.11,5.11,5.11,3500
2026-06-22T07:31:00.000Z,2026-06-22T10:31:00,5.12,5.12,5.1,5.1,23000
2026-06-22T07:33:00.000Z,2026-06-22T10:33:00,5.11,5.11,5.11,5.11,10000
2026-06-22T07:36:00.000Z,2026-06-22T10:36:00,5.19,5.19,5.1,5.1,7477
2026-06-22T07:37:00.000Z,2026-06-22T10:37:00,5.1,5.1,5.1,5.1,3000
2026-06-22T07:40:00.000Z,2026-06-22T10:40:00,5.1,5.19,5.1,5.19,1956
2026-06-22T07:42:00.000Z,2026-06-22T10:42:00,5.08,5.08,5.06,5.06,30400
2026-06-22T07:43:00.000Z,2026-06-22T10:43:00,5.18,5.18,5.05,5.05,18358
2026-06-22T07:44:00.000Z,2026-06-22T10:44:00,5.17,5.17,5.17,5.17,19
2026-06-22T07:46:00.000Z,2026-06-22T10:46:00,5.05,5.05,4.94,4.94,34858
2026-06-22T07:47:00.000Z,2026-06-22T10:47:00,5,5,5,5,6
2026-06-22T07:48:00.000Z,2026-06-22T10:48:00,4.94,4.94,4.78,4.78,56447
2026-06-22T07:59:00.000Z,2026-06-22T10:59:00,5,5.15,5,5.15,1800
2026-06-22T08:00:00.000Z,2026-06-22T11:00:00,5.14,5.14,5.14,5.14,420
2026-06-22T08:03:00.000Z,2026-06-22T11:03:00,5,5,5,5,4020
2026-06-22T08:04:00.000Z,2026-06-22T11:04:00,5,5,5,5,2932
2026-06-22T08:05:00.000Z,2026-06-22T11:05:00,5,5,5,5,818
2026-06-22T08:09:00.000Z,2026-06-22T11:09:00,5.09,5.09,5,5,42
2026-06-22T08:16:00.000Z,2026-06-22T11:16:00,5,5,5,5,10000
2026-06-22T08:20:00.000Z,2026-06-22T11:20:00,5,5,5,5,7000
2026-06-22T08:21:00.000Z,2026-06-22T11:21:00,5,5,5,5,3000
2026-06-22T08:23:00.000Z,2026-06-22T11:23:00,5,5,5,5,2000
2026-06-22T08:24:00.000Z,2026-06-22T11:24:00,5,5,5,5,4237
2026-06-22T08:25:00.000Z,2026-06-22T11:25:00,5,5.07,5,5.07,938
2026-06-22T08:34:00.000Z,2026-06-22T11:34:00,5,5.07,4.94,4.94,1752
2026-06-22T08:38:00.000Z,2026-06-22T11:38:00,4.92,4.92,4.92,4.92,2400
2026-06-22T08:40:00.000Z,2026-06-22T11:40:00,4.92,4.92,4.92,4.92,1078
2026-06-22T08:41:00.000Z,2026-06-22T11:41:00,5.04,5.04,5.04,5.04,4
2026-06-22T08:48:00.000Z,2026-06-22T11:48:00,5,5,5,5,914
2026-06-22T08:49:00.000Z,2026-06-22T11:49:00,5,5,5,5,9000
2026-06-22T09:00:00.000Z,2026-06-22T12:00:00,5,5,5,5,114
2026-06-22T09:01:00.000Z,2026-06-22T12:01:00,5,5,5,5,172
2026-06-22T09:02:00.000Z,2026-06-22T12:02:00,5,5,5,5,3500
2026-06-22T09:12:00.000Z,2026-06-22T12:12:00,5,5,5,5,2328
2026-06-22T09:14:00.000Z,2026-06-22T12:14:00,5,5,5,5,2672
2026-06-22T09:19:00.000Z,2026-06-22T12:19:00,5,5,5,5,11691
2026-06-22T09:22:00.000Z,2026-06-22T12:22:00,5,5,5,5,4975
2026-06-22T09:23:00.000Z,2026-06-22T12:23:00,5,5,5,5,662
2026-06-22T09:24:00.000Z,2026-06-22T12:24:00,5,5,5,5,1338
2026-06-22T09:26:00.000Z,2026-06-22T12:26:00,4.97,4.97,4.97,4.97,1500
2026-06-22T09:28:00.000Z,2026-06-22T12:28:00,5,5,5,5,743
2026-06-22T09:33:00.000Z,2026-06-22T12:33:00,4.97,4.97,4.91,4.91,35000
2026-06-22T09:34:00.000Z,2026-06-22T12:34:00,4.91,4.91,4.9,4.9,18690
2026-06-22T09:35:00.000Z,2026-06-22T12:35:00,4.91,4.91,4.8,4.8,23333
2026-06-22T09:37:00.000Z,2026-06-22T12:37:00,4.97,4.97,4.97,4.97,249
2026-06-22T09:45:00.000Z,2026-06-22T12:45:00,4.9,4.9,4.9,4.9,2919
2026-06-22T09:46:00.000Z,2026-06-22T12:46:00,4.97,5,4.97,5,20000
2026-06-22T09:50:00.000Z,2026-06-22T12:50:00,4.98,4.98,4.98,4.98,150
2026-06-22T09:58:00.000Z,2026-06-22T12:58:00,4.9,4.9,4.9,4.9,9000
2026-06-22T10:03:00.000Z,2026-06-22T13:03:00,4.97,4.97,4.97,4.97,3964
2026-06-22T10:05:00.000Z,2026-06-22T13:05:00,4.97,4.97,4.97,4.97,200
2026-06-22T10:06:00.000Z,2026-06-22T13:06:00,4.92,4.92,4.9,4.9,4011
2026-06-22T10:08:00.000Z,2026-06-22T13:08:00,4.9,4.9,4.9,4.9,989
2026-06-22T10:10:00.000Z,2026-06-22T13:10:00,4.9,4.9,4.9,4.9,11
2026-06-22T10:11:00.000Z,2026-06-22T13:11:00,4.9,4.9,4.9,4.9,370
2026-06-22T10:14:00.000Z,2026-06-22T13:14:00,4.9,4.9,4.9,4.9,2119
2026-06-22T10:15:00.000Z,2026-06-22T13:15:00,4.9,4.9,4.9,4.9,6803
2026-06-22T10:17:00.000Z,2026-06-22T13:17:00,4.9,4.9,4.9,4.9,315
2026-06-22T10:18:00.000Z,2026-06-22T13:18:00,4.89,4.89,4.89,4.89,122
2026-06-22T10:21:00.000Z,2026-06-22T13:21:00,4.9,4.97,4.9,4.97,1000
2026-06-22T10:32:00.000Z,2026-06-22T13:32:00,4.91,4.91,4.91,4.91,1006
2026-06-22T10:33:00.000Z,2026-06-22T13:33:00,4.97,4.97,4.97,4.97,1095
2026-06-22T10:39:00.000Z,2026-06-22T13:39:00,4.91,4.91,4.9,4.9,23480
2026-06-22T10:42:00.000Z,2026-06-22T13:42:00,4.9,4.9,4.9,4.9,1520
2026-06-22T10:44:00.000Z,2026-06-22T13:44:00,4.97,4.97,4.97,4.97,756
2026-06-22T10:45:00.000Z,2026-06-22T13:45:00,4.9,4.9,4.9,4.9,3480
2026-06-22T10:46:00.000Z,2026-06-22T13:46:00,4.9,4.9,4.9,4.9,75
2026-06-22T10:50:00.000Z,2026-06-22T13:50:00,4.9,4.9,4.9,4.9,1870
2026-06-22T10:54:00.000Z,2026-06-22T13:54:00,4.9,4.9,4.9,4.9,2500
2026-06-22T10:58:00.000Z,2026-06-22T13:58:00,4.9,4.9,4.9,4.9,1
2026-06-22T11:04:00.000Z,2026-06-22T14:04:00,4.9,4.9,4.9,4.9,2444
2026-06-22T11:05:00.000Z,2026-06-22T14:05:00,4.9,4.97,4.9,4.97,15851
2026-06-23T07:00:00.000Z,2026-06-23T10:00:00,4.96,4.96,4.85,4.85,1019
2026-06-23T07:01:00.000Z,2026-06-23T10:01:00,4.86,4.86,4.86,4.86,504
2026-06-23T07:02:00.000Z,2026-06-23T10:02:00,4.86,4.94,4.86,4.86,4857
2026-06-23T07:03:00.000Z,2026-06-23T10:03:00,4.87,4.87,4.87,4.87,88
2026-06-23T07:07:00.000Z,2026-06-23T10:07:00,4.87,4.87,4.87,4.87,4000
2026-06-23T07:08:00.000Z,2026-06-23T10:08:00,4.87,4.87,4.87,4.87,6436
2026-06-23T07:11:00.000Z,2026-06-23T10:11:00,4.87,4.87,4.87,4.87,1257
2026-06-23T07:12:00.000Z,2026-06-23T10:12:00,4.87,4.87,4.87,4.87,10000
2026-06-23T07:13:00.000Z,2026-06-23T10:13:00,4.87,4.87,4.87,4.87,413
2026-06-23T07:15:00.000Z,2026-06-23T10:15:00,4.87,4.87,4.87,4.87,1771
2026-06-23T07:18:00.000Z,2026-06-23T10:18:00,4.9,4.9,4.9,4.9,2692
2026-06-23T07:19:00.000Z,2026-06-23T10:19:00,4.9,4.9,4.9,4.9,16
2026-06-23T07:20:00.000Z,2026-06-23T10:20:00,4.87,4.87,4.87,4.87,2008
2026-06-23T07:21:00.000Z,2026-06-23T10:21:00,4.87,4.87,4.87,4.87,3801
2026-06-23T07:23:00.000Z,2026-06-23T10:23:00,4.87,4.87,4.86,4.86,2292
2026-06-23T07:24:00.000Z,2026-06-23T10:24:00,4.86,4.86,4.86,4.86,4750
2026-06-23T07:25:00.000Z,2026-06-23T10:25:00,4.86,4.87,4.86,4.86,5285
2026-06-23T07:26:00.000Z,2026-06-23T10:26:00,4.86,4.86,4.86,4.86,655
2026-06-23T07:27:00.000Z,2026-06-23T10:27:00,4.86,4.86,4.63,4.63,18547
2026-06-23T07:29:00.000Z,2026-06-23T10:29:00,4.87,4.87,4.87,4.87,41
2026-06-23T07:30:00.000Z,2026-06-23T10:30:00,4.7,4.71,4.7,4.71,409
2026-06-23T07:32:00.000Z,2026-06-23T10:32:00,4.87,4.87,4.87,4.87,5
2026-06-23T07:34:00.000Z,2026-06-23T10:34:00,4.71,4.71,4.71,4.71,2500
2026-06-23T07:36:00.000Z,2026-06-23T10:36:00,4.72,4.72,4.72,4.72,356
2026-06-23T07:39:00.000Z,2026-06-23T10:39:00,4.87,4.87,4.87,4.87,10
2026-06-23T07:42:00.000Z,2026-06-23T10:42:00,4.86,4.87,4.86,4.87,3770
2026-06-23T07:52:00.000Z,2026-06-23T10:52:00,4.87,4.87,4.87,4.87,102
2026-06-23T07:53:00.000Z,2026-06-23T10:53:00,4.87,4.87,4.87,4.87,1128
2026-06-23T07:54:00.000Z,2026-06-23T10:54:00,4.71,4.71,4.71,4.71,1683
2026-06-23T07:55:00.000Z,2026-06-23T10:55:00,4.71,4.71,4.71,4.71,150
2026-06-23T07:57:00.000Z,2026-06-23T10:57:00,4.86,4.86,4.86,4.86,1161
2026-06-23T08:00:00.000Z,2026-06-23T11:00:00,4.73,4.73,4.73,4.73,1767
2026-06-23T08:01:00.000Z,2026-06-23T11:01:00,4.72,4.72,4.72,4.72,272
2026-06-23T08:03:00.000Z,2026-06-23T11:03:00,4.72,4.72,4.72,4.72,20
2026-06-23T08:11:00.000Z,2026-06-23T11:11:00,4.85,4.85,4.85,4.85,5
2026-06-23T08:14:00.000Z,2026-06-23T11:14:00,4.74,4.74,4.74,4.74,292
2026-06-23T08:19:00.000Z,2026-06-23T11:19:00,4.74,4.74,4.74,4.74,2500
2026-06-23T08:21:00.000Z,2026-06-23T11:21:00,4.74,4.74,4.74,4.74,1000
2026-06-23T08:22:00.000Z,2026-06-23T11:22:00,4.85,4.85,4.85,4.85,9623
2026-06-23T08:25:00.000Z,2026-06-23T11:25:00,4.85,4.85,4.85,4.85,151
2026-06-23T08:26:00.000Z,2026-06-23T11:26:00,4.85,4.85,4.73,4.73,12000
2026-06-23T08:27:00.000Z,2026-06-23T11:27:00,4.73,4.73,4.73,4.73,871
2026-06-23T08:28:00.000Z,2026-06-23T11:28:00,4.73,4.73,4.73,4.73,500
2026-06-23T08:29:00.000Z,2026-06-23T11:29:00,4.85,4.85,4.85,4.85,50
2026-06-23T08:39:00.000Z,2026-06-23T11:39:00,4.74,4.74,4.74,4.74,170
2026-06-23T08:42:00.000Z,2026-06-23T11:42:00,4.74,4.74,4.74,4.74,872
2026-06-23T08:43:00.000Z,2026-06-23T11:43:00,4.74,4.74,4.74,4.74,3217
2026-06-23T08:44:00.000Z,2026-06-23T11:44:00,4.74,4.74,4.74,4.74,2329
2026-06-23T08:47:00.000Z,2026-06-23T11:47:00,4.75,4.75,4.75,4.75,459
2026-06-23T08:49:00.000Z,2026-06-23T11:49:00,4.85,4.85,4.85,4.85,952
2026-06-23T08:52:00.000Z,2026-06-23T11:52:00,4.83,4.83,4.83,4.83,400
2026-06-23T09:09:00.000Z,2026-06-23T12:09:00,4.77,4.77,4.75,4.75,5000
2026-06-23T09:13:00.000Z,2026-06-23T12:13:00,4.75,4.75,4.74,4.74,4048
2026-06-23T09:14:00.000Z,2026-06-23T12:14:00,4.83,4.83,4.83,4.83,10610
2026-06-23T09:16:00.000Z,2026-06-23T12:16:00,4.83,4.83,4.83,4.83,19
2026-06-23T09:24:00.000Z,2026-06-23T12:24:00,4.83,4.83,4.83,4.83,5
2026-06-23T09:25:00.000Z,2026-06-23T12:25:00,4.83,4.83,4.83,4.83,1366
2026-06-23T09:30:00.000Z,2026-06-23T12:30:00,4.78,4.78,4.76,4.76,6000
2026-06-23T09:38:00.000Z,2026-06-23T12:38:00,4.83,4.83,4.76,4.76,8412
2026-06-23T09:44:00.000Z,2026-06-23T12:44:00,4.76,4.76,4.76,4.76,11061
2026-06-23T09:46:00.000Z,2026-06-23T12:46:00,4.77,4.77,4.74,4.74,27000
2026-06-23T09:47:00.000Z,2026-06-23T12:47:00,4.74,4.74,4.74,4.74,708
2026-06-23T09:53:00.000Z,2026-06-23T12:53:00,4.76,4.76,4.76,4.76,156
2026-06-23T09:55:00.000Z,2026-06-23T12:55:00,4.77,4.77,4.77,4.77,500
2026-06-23T09:56:00.000Z,2026-06-23T12:56:00,4.83,4.84,4.83,4.84,10000
2026-06-23T09:57:00.000Z,2026-06-23T12:57:00,4.84,5,4.84,5,10000
2026-06-23T09:58:00.000Z,2026-06-23T12:58:00,5,5.13,5,5.13,10000
2026-06-23T09:59:00.000Z,2026-06-23T12:59:00,5.13,5.13,5.13,5.13,1000
2026-06-23T10:03:00.000Z,2026-06-23T13:03:00,5.13,5.15,5.13,5.15,5000
2026-06-23T10:04:00.000Z,2026-06-23T13:04:00,5.15,5.19,5.15,5.19,5000
2026-06-23T10:05:00.000Z,2026-06-23T13:05:00,4.9,5.2,4.89,5.2,3923
2026-06-23T10:06:00.000Z,2026-06-23T13:06:00,5.2,5.2,5.2,5.2,769
2026-06-23T10:09:00.000Z,2026-06-23T13:09:00,5.2,5.2,5.2,5.2,1
2026-06-23T10:11:00.000Z,2026-06-23T13:11:00,5.2,5.2,5.2,5.2,2680
2026-06-23T10:13:00.000Z,2026-06-23T13:13:00,4.97,4.97,4.97,4.97,2000
2026-06-23T10:14:00.000Z,2026-06-23T13:14:00,5.2,5.2,5.2,5.2,250
2026-06-23T10:16:00.000Z,2026-06-23T13:16:00,5.19,5.19,5,5,2279
2026-06-23T10:17:00.000Z,2026-06-23T13:17:00,5.19,5.19,5.19,5.19,50
2026-06-23T10:18:00.000Z,2026-06-23T13:18:00,5.19,5.19,5.19,5.19,2000
2026-06-23T10:19:00.000Z,2026-06-23T13:19:00,5.19,5.19,5.19,5.19,75
2026-06-23T10:20:00.000Z,2026-06-23T13:20:00,5.19,5.19,5.19,5.19,192
2026-06-23T10:22:00.000Z,2026-06-23T13:22:00,5.19,5.19,5.19,5.19,4786
2026-06-23T10:24:00.000Z,2026-06-23T13:24:00,4.98,4.98,4.98,4.98,1000
2026-06-23T10:28:00.000Z,2026-06-23T13:28:00,5,5,5,5,25
2026-06-23T10:33:00.000Z,2026-06-23T13:33:00,5,5,5,5,1093
2026-06-23T10:40:00.000Z,2026-06-23T13:40:00,5.15,5.15,5.15,5.15,8
2026-06-23T10:43:00.000Z,2026-06-23T13:43:00,5,5,5,5,250
2026-06-23T10:48:00.000Z,2026-06-23T13:48:00,5.01,5.01,5.01,5.01,15
2026-06-23T10:49:00.000Z,2026-06-23T13:49:00,5.1,5.1,5.1,5.1,8500
2026-06-23T10:51:00.000Z,2026-06-23T13:51:00,5.1,5.1,5.1,5.1,50
2026-06-23T10:56:00.000Z,2026-06-23T13:56:00,5.01,5.1,5.01,5.1,8150
2026-06-23T10:57:00.000Z,2026-06-23T13:57:00,5.09,5.1,5.09,5.1,15557
2026-06-23T11:00:00.000Z,2026-06-23T14:00:00,5.14,5.19,5.1,5.19,20618
2026-06-23T11:01:00.000Z,2026-06-23T14:01:00,5.19,5.19,5.19,5.19,280
2026-06-23T11:02:00.000Z,2026-06-23T14:02:00,5.1,5.1,5.1,5.1,56
2026-06-23T11:04:00.000Z,2026-06-23T14:04:00,5.1,5.1,5.1,5.1,310
2026-06-23T11:05:00.000Z,2026-06-23T14:05:00,5.15,5.15,5.15,5.15,2941
2026-06-23T11:10:00.000Z,2026-06-23T14:10:00,5.15,5.15,5.15,5.15,2900
2026-06-23T11:11:00.000Z,2026-06-23T14:11:00,5.15,5.19,5.15,5.19,8000
2026-06-23T11:12:00.000Z,2026-06-23T14:12:00,5.19,5.2,5.19,5.2,5000
2026-06-23T11:14:00.000Z,2026-06-23T14:14:00,5.2,5.2,5.2,5.2,500
2026-06-24T07:00:00.000Z,2026-06-24T10:00:00,5.1,5.25,5.1,5.25,1472
2026-06-24T07:01:00.000Z,2026-06-24T10:01:00,5.24,5.24,5.01,5.01,25711
2026-06-24T07:03:00.000Z,2026-06-24T10:03:00,5.04,5.04,5.04,5.04,1871
2026-06-24T07:04:00.000Z,2026-06-24T10:04:00,5.06,5.06,5.05,5.05,4000
2026-06-24T07:05:00.000Z,2026-06-24T10:05:00,5.05,5.07,5.04,5.07,2160
2026-06-24T07:06:00.000Z,2026-06-24T10:06:00,5.17,5.17,5.17,5.17,1257
2026-06-24T07:09:00.000Z,2026-06-24T10:09:00,5.16,5.21,5.16,5.21,13089
2026-06-24T07:10:00.000Z,2026-06-24T10:10:00,5.21,5.21,5.17,5.17,2500
2026-06-24T07:11:00.000Z,2026-06-24T10:11:00,5.2,5.21,5.2,5.2,12008
2026-06-24T07:12:00.000Z,2026-06-24T10:12:00,5.2,5.29,5.2,5.29,8885
2026-06-24T07:13:00.000Z,2026-06-24T10:13:00,5.22,5.22,5.22,5.22,106
2026-06-24T07:14:00.000Z,2026-06-24T10:14:00,5.22,5.27,5.22,5.22,9460
2026-06-24T07:15:00.000Z,2026-06-24T10:15:00,5.22,5.3,5.22,5.3,29404
2026-06-24T07:16:00.000Z,2026-06-24T10:16:00,5.3,5.3,5.3,5.3,128
2026-06-24T07:17:00.000Z,2026-06-24T10:17:00,5.34,5.5,5.34,5.5,20288
2026-06-24T07:18:00.000Z,2026-06-24T10:18:00,5.39,5.5,5.35,5.35,5857
2026-06-24T07:19:00.000Z,2026-06-24T10:19:00,5.35,5.35,5.3,5.35,587
2026-06-24T07:20:00.000Z,2026-06-24T10:20:00,5.35,5.49,5.35,5.49,33804
2026-06-24T07:31:00.000Z,2026-06-24T10:31:00,5.35,5.49,5.35,5.49,211
2026-06-24T07:32:00.000Z,2026-06-24T10:32:00,5.49,5.49,5.49,5.49,10414
2026-06-24T07:33:00.000Z,2026-06-24T10:33:00,5.49,5.49,5.35,5.45,4669
2026-06-24T07:34:00.000Z,2026-06-24T10:34:00,5.34,5.45,5.32,5.45,25352
2026-06-24T07:35:00.000Z,2026-06-24T10:35:00,5.45,5.48,5.33,5.33,5629
2026-06-24T07:38:00.000Z,2026-06-24T10:38:00,5.35,5.47,5.33,5.45,27723
2026-06-24T07:39:00.000Z,2026-06-24T10:39:00,5.45,5.45,5.45,5.45,12990
2026-06-24T07:40:00.000Z,2026-06-24T10:40:00,5.45,5.45,5.45,5.45,2380
2026-06-24T07:41:00.000Z,2026-06-24T10:41:00,5.45,5.45,5.36,5.36,343
2026-06-24T07:42:00.000Z,2026-06-24T10:42:00,5.45,5.45,5.45,5.45,4
2026-06-24T07:43:00.000Z,2026-06-24T10:43:00,5.43,5.43,5.43,5.43,4987
2026-06-24T07:44:00.000Z,2026-06-24T10:44:00,5.44,5.45,5.44,5.45,10329
2026-06-24T07:45:00.000Z,2026-06-24T10:45:00,5.45,5.48,5.41,5.41,47518
2026-06-24T07:46:00.000Z,2026-06-24T10:46:00,5.41,5.41,5.41,5.41,1
2026-06-24T07:47:00.000Z,2026-06-24T10:47:00,5.48,5.48,5.48,5.48,500
2026-06-24T07:48:00.000Z,2026-06-24T10:48:00,5.48,5.49,5.48,5.49,3466
2026-06-24T07:49:00.000Z,2026-06-24T10:49:00,5.49,5.5,5.49,5.5,7142
2026-06-24T07:50:00.000Z,2026-06-24T10:50:00,5.5,5.5,5.5,5.5,5188
2026-06-24T07:51:00.000Z,2026-06-24T10:51:00,5.56,5.58,5.56,5.58,1728
2026-06-24T07:52:00.000Z,2026-06-24T10:52:00,5.58,5.58,5.58,5.58,102
2026-06-24T07:53:00.000Z,2026-06-24T10:53:00,5.57,5.57,5.51,5.51,5256
2026-06-24T07:55:00.000Z,2026-06-24T10:55:00,5.52,5.57,5.52,5.57,10001
2026-06-24T07:56:00.000Z,2026-06-24T10:56:00,5.57,5.58,5.52,5.52,9094
2026-06-24T07:57:00.000Z,2026-06-24T10:57:00,5.52,5.52,5.52,5.52,95
2026-06-24T07:58:00.000Z,2026-06-24T10:58:00,5.58,5.58,5.58,5.58,5452
2026-06-24T07:59:00.000Z,2026-06-24T10:59:00,5.58,5.6,5.58,5.6,28083
2026-06-24T08:00:00.000Z,2026-06-24T11:00:00,5.6,5.64,5.59,5.64,22022
2026-06-24T08:01:00.000Z,2026-06-24T11:01:00,5.64,5.64,5.64,5.64,13493
2026-06-24T08:02:00.000Z,2026-06-24T11:02:00,5.64,5.64,5.64,5.64,8512
2026-06-24T08:03:00.000Z,2026-06-24T11:03:00,5.64,5.64,5.64,5.64,9261
2026-06-24T08:04:00.000Z,2026-06-24T11:04:00,5.65,5.67,5.65,5.67,45100
2026-06-24T08:05:00.000Z,2026-06-24T11:05:00,5.66,5.67,5.66,5.67,12415
2026-06-24T08:06:00.000Z,2026-06-24T11:06:00,5.67,5.67,5.67,5.67,11549
2026-06-24T08:07:00.000Z,2026-06-24T11:07:00,5.67,5.67,5.67,5.67,29610
2026-06-24T08:08:00.000Z,2026-06-24T11:08:00,5.64,5.67,5.64,5.67,1632
2026-06-24T08:09:00.000Z,2026-06-24T11:09:00,5.67,5.67,5.64,5.64,1036
2026-06-24T08:10:00.000Z,2026-06-24T11:10:00,5.67,5.67,5.67,5.67,1000
2026-06-24T08:11:00.000Z,2026-06-24T11:11:00,5.67,5.67,5.67,5.67,7000
2026-06-24T08:12:00.000Z,2026-06-24T11:12:00,5.67,5.67,5.67,5.67,5000
2026-06-24T08:13:00.000Z,2026-06-24T11:13:00,5.67,5.67,5.67,5.67,311
2026-06-24T08:14:00.000Z,2026-06-24T11:14:00,5.67,5.67,5.67,5.67,881
2026-06-24T08:16:00.000Z,2026-06-24T11:16:00,5.67,5.67,5.67,5.67,1939
2026-06-24T08:17:00.000Z,2026-06-24T11:17:00,5.67,5.67,5.67,5.67,3267
2026-06-24T08:18:00.000Z,2026-06-24T11:18:00,5.67,5.67,5.67,5.67,665
2026-06-24T08:19:00.000Z,2026-06-24T11:19:00,5.67,5.67,5.67,5.67,68
2026-06-24T08:20:00.000Z,2026-06-24T11:20:00,5.67,5.67,5.67,5.67,301
2026-06-24T08:21:00.000Z,2026-06-24T11:21:00,5.67,5.67,5.67,5.67,1199
2026-06-24T08:22:00.000Z,2026-06-24T11:22:00,5.67,5.67,5.67,5.67,2444
2026-06-24T08:23:00.000Z,2026-06-24T11:23:00,5.67,5.67,5.67,5.67,522
2026-06-24T08:24:00.000Z,2026-06-24T11:24:00,5.67,5.67,5.67,5.67,60
2026-06-24T08:25:00.000Z,2026-06-24T11:25:00,5.67,5.67,5.67,5.67,5393
2026-06-24T08:26:00.000Z,2026-06-24T11:26:00,5.67,5.67,5.67,5.67,8469
2026-06-24T08:27:00.000Z,2026-06-24T11:27:00,5.67,5.67,5.67,5.67,1701
2026-06-24T08:28:00.000Z,2026-06-24T11:28:00,5.67,5.67,5.67,5.67,5102
2026-06-24T08:29:00.000Z,2026-06-24T11:29:00,5.66,5.66,5.66,5.66,123
2026-06-24T08:30:00.000Z,2026-06-24T11:30:00,5.66,5.67,5.66,5.67,3533
2026-06-24T08:31:00.000Z,2026-06-24T11:31:00,5.67,5.67,5.67,5.67,472
2026-06-24T08:32:00.000Z,2026-06-24T11:32:00,5.67,5.67,5.65,5.65,2248
2026-06-24T08:33:00.000Z,2026-06-24T11:33:00,5.64,5.65,5.61,5.65,3489
2026-06-24T08:34:00.000Z,2026-06-24T11:34:00,5.65,5.65,5.6,5.6,2031
2026-06-24T08:35:00.000Z,2026-06-24T11:35:00,5.65,5.65,5.65,5.65,579
2026-06-24T08:36:00.000Z,2026-06-24T11:36:00,5.65,5.65,5.65,5.65,6
2026-06-24T08:37:00.000Z,2026-06-24T11:37:00,5.65,5.65,5.65,5.65,884
2026-06-24T08:38:00.000Z,2026-06-24T11:38:00,5.65,5.65,5.62,5.65,5583
2026-06-24T08:39:00.000Z,2026-06-24T11:39:00,5.65,5.65,5.65,5.65,724
2026-06-24T08:40:00.000Z,2026-06-24T11:40:00,5.65,5.67,5.65,5.67,8174
2026-06-24T08:41:00.000Z,2026-06-24T11:41:00,5.67,5.67,5.67,5.67,180
2026-06-24T08:42:00.000Z,2026-06-24T11:42:00,5.67,5.67,5.67,5.67,16692
2026-06-24T08:43:00.000Z,2026-06-24T11:43:00,5.67,5.67,5.67,5.67,1918
2026-06-24T08:45:00.000Z,2026-06-24T11:45:00,5.67,5.67,5.67,5.67,6300
2026-06-24T08:47:00.000Z,2026-06-24T11:47:00,5.67,5.67,5.67,5.67,500
2026-06-24T08:49:00.000Z,2026-06-24T11:49:00,5.67,5.67,5.67,5.67,100
2026-06-24T08:53:00.000Z,2026-06-24T11:53:00,5.67,5.67,5.67,5.67,64
2026-06-24T08:57:00.000Z,2026-06-24T11:57:00,5.67,5.67,5.67,5.67,5814
2026-06-24T08:58:00.000Z,2026-06-24T11:58:00,5.67,5.67,5.67,5.67,8830
2026-06-24T08:59:00.000Z,2026-06-24T11:59:00,5.67,5.67,5.67,5.67,519
2026-06-24T09:00:00.000Z,2026-06-24T12:00:00,5.67,5.67,5.67,5.67,4337
2026-06-24T09:04:00.000Z,2026-06-24T12:04:00,5.67,5.67,5.67,5.67,46
2026-06-24T09:07:00.000Z,2026-06-24T12:07:00,5.67,5.67,5.67,5.67,9023
2026-06-24T09:09:00.000Z,2026-06-24T12:09:00,5.67,5.67,5.67,5.67,1000
2026-06-24T09:10:00.000Z,2026-06-24T12:10:00,5.67,5.67,5.67,5.67,444
2026-06-24T09:12:00.000Z,2026-06-24T12:12:00,5.67,5.67,5.67,5.67,2000
2026-06-24T09:13:00.000Z,2026-06-24T12:13:00,5.67,5.67,5.66,5.66,6556
2026-06-24T09:15:00.000Z,2026-06-24T12:15:00,5.66,5.66,5.66,5.66,5000
2026-06-24T09:18:00.000Z,2026-06-24T12:18:00,5.67,5.67,5.67,5.67,1683
2026-06-24T09:20:00.000Z,2026-06-24T12:20:00,5.66,5.67,5.66,5.67,9035
2026-06-24T09:24:00.000Z,2026-06-24T12:24:00,5.65,5.67,5.65,5.67,215
2026-06-24T09:25:00.000Z,2026-06-24T12:25:00,5.65,5.67,5.65,5.67,1993
2026-06-24T09:26:00.000Z,2026-06-24T12:26:00,5.67,5.67,5.67,5.67,1007
2026-06-24T09:28:00.000Z,2026-06-24T12:28:00,5.67,5.67,5.65,5.65,810
2026-06-24T09:30:00.000Z,2026-06-24T12:30:00,5.67,5.67,5.67,5.67,89
2026-06-24T09:31:00.000Z,2026-06-24T12:31:00,5.65,5.65,5.65,5.65,1485
2026-06-24T09:32:00.000Z,2026-06-24T12:32:00,5.67,5.67,5.67,5.67,3645
2026-06-24T09:33:00.000Z,2026-06-24T12:33:00,5.67,5.67,5.67,5.67,31
2026-06-24T09:44:00.000Z,2026-06-24T12:44:00,5.67,5.67,5.67,5.67,2175
2026-06-24T09:45:00.000Z,2026-06-24T12:45:00,5.67,5.67,5.67,5.67,9
2026-06-24T09:49:00.000Z,2026-06-24T12:49:00,5.67,5.67,5.67,5.67,1270
2026-06-24T09:50:00.000Z,2026-06-24T12:50:00,5.67,5.67,5.67,5.67,193
2026-06-24T09:51:00.000Z,2026-06-24T12:51:00,5.67,5.67,5.67,5.67,1537
2026-06-24T10:11:00.000Z,2026-06-24T13:11:00,5.67,5.67,5.67,5.67,1781
2026-06-24T10:12:00.000Z,2026-06-24T13:12:00,5.67,5.67,5.67,5.67,544
2026-06-24T10:13:00.000Z,2026-06-24T13:13:00,5.67,5.67,5.67,5.67,3000
2026-06-24T10:14:00.000Z,2026-06-24T13:14:00,5.67,5.67,5.67,5.67,1000
2026-06-24T10:15:00.000Z,2026-06-24T13:15:00,5.67,5.67,5.65,5.65,1378
2026-06-24T10:17:00.000Z,2026-06-24T13:17:00,5.67,5.67,5.67,5.67,116
2026-06-24T10:23:00.000Z,2026-06-24T13:23:00,5.67,5.67,5.67,5.67,1475
2026-06-24T10:25:00.000Z,2026-06-24T13:25:00,5.65,5.65,5.65,5.65,6589
2026-06-24T10:26:00.000Z,2026-06-24T13:26:00,5.65,5.65,5.65,5.65,74
2026-06-24T10:27:00.000Z,2026-06-24T13:27:00,5.65,5.65,5.65,5.65,30
2026-06-24T10:28:00.000Z,2026-06-24T13:28:00,5.65,5.65,5.65,5.65,30
2026-06-24T10:29:00.000Z,2026-06-24T13:29:00,5.65,5.65,5.65,5.65,350
2026-06-24T10:31:00.000Z,2026-06-24T13:31:00,5.65,5.65,5.65,5.65,18
2026-06-24T10:32:00.000Z,2026-06-24T13:32:00,5.65,5.65,5.65,5.65,469
2026-06-24T10:35:00.000Z,2026-06-24T13:35:00,5.65,5.65,5.65,5.65,1
2026-06-24T10:37:00.000Z,2026-06-24T13:37:00,5.65,5.65,5.65,5.65,1
2026-06-24T10:38:00.000Z,2026-06-24T13:38:00,5.65,5.65,5.6,5.6,2393
2026-06-24T10:40:00.000Z,2026-06-24T13:40:00,5.65,5.67,5.65,5.67,357
2026-06-24T10:42:00.000Z,2026-06-24T13:42:00,5.65,5.67,5.65,5.67,15433
2026-06-24T10:43:00.000Z,2026-06-24T13:43:00,5.67,5.67,5.67,5.67,567
2026-06-24T10:44:00.000Z,2026-06-24T13:44:00,5.67,5.67,5.67,5.67,4324
2026-06-24T10:45:00.000Z,2026-06-24T13:45:00,5.67,5.67,5.6,5.6,733
2026-06-24T10:46:00.000Z,2026-06-24T13:46:00,5.67,5.67,5.67,5.67,4
2026-06-24T10:47:00.000Z,2026-06-24T13:47:00,5.66,5.66,5.66,5.66,25
2026-06-24T10:48:00.000Z,2026-06-24T13:48:00,5.66,5.67,5.66,5.67,16943
2026-06-24T10:49:00.000Z,2026-06-24T13:49:00,5.67,5.67,5.67,5.67,828
2026-06-24T10:50:00.000Z,2026-06-24T13:50:00,5.67,5.67,5.67,5.67,387
2026-06-24T10:51:00.000Z,2026-06-24T13:51:00,5.65,5.67,5.65,5.67,2002
2026-06-24T10:52:00.000Z,2026-06-24T13:52:00,5.67,5.67,5.67,5.67,258
2026-06-24T10:54:00.000Z,2026-06-24T13:54:00,5.67,5.67,5.67,5.67,161
2026-06-24T10:57:00.000Z,2026-06-24T13:57:00,5.65,5.65,5.6,5.6,16000
2026-06-24T10:58:00.000Z,2026-06-24T13:58:00,5.65,5.65,5.65,5.65,100
2026-06-24T10:59:00.000Z,2026-06-24T13:59:00,5.65,5.65,5.65,5.65,5000
2026-06-24T11:00:00.000Z,2026-06-24T14:00:00,5.65,5.65,5.65,5.65,298
2026-06-24T11:01:00.000Z,2026-06-24T14:01:00,5.65,5.65,5.65,5.65,1009
2026-06-24T11:02:00.000Z,2026-06-24T14:02:00,5.6,5.65,5.6,5.65,806
2026-06-24T11:06:00.000Z,2026-06-24T14:06:00,5.65,5.65,5.65,5.65,1
2026-06-24T11:07:00.000Z,2026-06-24T14:07:00,5.65,5.65,5.65,5.65,38
2026-06-24T11:08:00.000Z,2026-06-24T14:08:00,5.65,5.65,5.65,5.65,10
2026-06-24T11:14:00.000Z,2026-06-24T14:14:00,5.65,5.65,5.65,5.65,1
2026-06-24T11:25:00.000Z,2026-06-24T14:25:00,5.63,5.63,5.63,5.63,100
2026-06-25T07:00:00.000Z,2026-06-25T10:00:00,5.97,5.97,5.63,5.63,15851
2026-06-25T07:01:00.000Z,2026-06-25T10:01:00,5.91,5.91,5.63,5.9,4039
2026-06-25T07:02:00.000Z,2026-06-25T10:02:00,5.9,5.9,5.5,5.8,5214
2026-06-25T07:03:00.000Z,2026-06-25T10:03:00,5.88,5.88,5.7,5.7,13415
2026-06-25T07:04:00.000Z,2026-06-25T10:04:00,5.7,5.87,5.7,5.87,3000
2026-06-25T07:05:00.000Z,2026-06-25T10:05:00,5.68,5.85,5.4,5.85,11013
2026-06-25T07:07:00.000Z,2026-06-25T10:07:00,5.5,5.5,5.42,5.42,3411
2026-06-25T07:08:00.000Z,2026-06-25T10:08:00,5.8,5.8,5.8,5.8,1000
2026-06-25T07:09:00.000Z,2026-06-25T10:09:00,5.8,5.8,5.8,5.8,883
2026-06-25T07:12:00.000Z,2026-06-25T10:12:00,5.77,5.77,5.77,5.77,80
2026-06-25T07:17:00.000Z,2026-06-25T10:17:00,5.6,5.6,5.47,5.47,1118
2026-06-25T07:18:00.000Z,2026-06-25T10:18:00,5.76,5.76,5.76,5.76,1000
2026-06-25T07:19:00.000Z,2026-06-25T10:19:00,5.76,5.8,5.76,5.79,9392
2026-06-25T07:21:00.000Z,2026-06-25T10:21:00,5.8,5.8,5.8,5.8,500
2026-06-25T07:24:00.000Z,2026-06-25T10:24:00,5.8,5.8,5.79,5.79,331
2026-06-25T07:25:00.000Z,2026-06-25T10:25:00,5.79,5.79,5.79,5.79,537
2026-06-25T07:26:00.000Z,2026-06-25T10:26:00,5.79,5.79,5.79,5.79,61
2026-06-25T07:27:00.000Z,2026-06-25T10:27:00,5.79,5.79,5.79,5.79,28
2026-06-25T07:29:00.000Z,2026-06-25T10:29:00,5.76,5.76,5.76,5.76,1
2026-06-25T07:30:00.000Z,2026-06-25T10:30:00,5.76,5.79,5.76,5.79,1286
2026-06-25T07:32:00.000Z,2026-06-25T10:32:00,5.79,5.79,5.79,5.79,10
2026-06-25T07:33:00.000Z,2026-06-25T10:33:00,5.79,5.8,5.79,5.8,88
2026-06-25T07:34:00.000Z,2026-06-25T10:34:00,5.77,5.77,5.77,5.77,101
2026-06-25T07:38:00.000Z,2026-06-25T10:38:00,5.77,5.77,5.77,5.77,2399
2026-06-25T07:40:00.000Z,2026-06-25T10:40:00,5.77,5.77,5.77,5.77,328
2026-06-25T07:43:00.000Z,2026-06-25T10:43:00,5.77,5.78,5.77,5.78,549
2026-06-25T07:44:00.000Z,2026-06-25T10:44:00,5.77,5.78,5.77,5.78,8034
2026-06-25T07:46:00.000Z,2026-06-25T10:46:00,5.77,5.78,5.77,5.78,2505
2026-06-25T07:48:00.000Z,2026-06-25T10:48:00,5.78,5.78,5.78,5.78,669
2026-06-25T07:49:00.000Z,2026-06-25T10:49:00,5.78,5.78,5.77,5.77,504
2026-06-25T07:50:00.000Z,2026-06-25T10:50:00,5.78,5.78,5.78,5.78,37
2026-06-25T07:56:00.000Z,2026-06-25T10:56:00,5.78,5.79,5.78,5.79,1063
2026-06-25T08:00:00.000Z,2026-06-25T11:00:00,5.79,5.8,5.79,5.8,9532
2026-06-25T08:01:00.000Z,2026-06-25T11:01:00,5.82,5.85,5.82,5.85,2500
2026-06-25T08:02:00.000Z,2026-06-25T11:02:00,5.85,5.86,5.85,5.86,4830
2026-06-25T08:03:00.000Z,2026-06-25T11:03:00,5.87,5.87,5.87,5.87,2500
2026-06-25T08:04:00.000Z,2026-06-25T11:04:00,5.88,5.88,5.88,5.88,356
2026-06-25T08:05:00.000Z,2026-06-25T11:05:00,5.93,5.96,5.93,5.96,2250
2026-06-25T08:06:00.000Z,2026-06-25T11:06:00,5.96,5.96,5.96,5.96,1007
2026-06-25T08:07:00.000Z,2026-06-25T11:07:00,5.96,6,5.96,6,4034
2026-06-25T08:08:00.000Z,2026-06-25T11:08:00,5.99,6,5.99,6,8154
2026-06-25T08:18:00.000Z,2026-06-25T11:18:00,6.06,6.14,6.06,6.1,20689
2026-06-25T08:19:00.000Z,2026-06-25T11:19:00,6.01,6.1,6,6.1,35096
2026-06-25T08:20:00.000Z,2026-06-25T11:20:00,6.1,6.1,6,6,12359
2026-06-25T08:21:00.000Z,2026-06-25T11:21:00,5.97,5.97,5.97,5.97,1163
2026-06-25T08:22:00.000Z,2026-06-25T11:22:00,5.97,5.99,5.97,5.99,2878
2026-06-25T08:23:00.000Z,2026-06-25T11:23:00,5.97,5.97,5.97,5.97,17000
2026-06-25T08:24:00.000Z,2026-06-25T11:24:00,5.97,5.97,5.97,5.97,50
2026-06-25T08:25:00.000Z,2026-06-25T11:25:00,5.95,5.95,5.95,5.95,159
2026-06-25T08:26:00.000Z,2026-06-25T11:26:00,5.95,5.95,5.95,5.95,16
2026-06-25T08:27:00.000Z,2026-06-25T11:27:00,5.95,5.95,5.95,5.95,36
2026-06-25T08:28:00.000Z,2026-06-25T11:28:00,5.87,5.87,5.87,5.87,50
2026-06-25T08:29:00.000Z,2026-06-25T11:29:00,5.95,5.95,5.95,5.95,26
2026-06-25T08:30:00.000Z,2026-06-25T11:30:00,5.95,5.95,5.95,5.95,200
2026-06-25T08:31:00.000Z,2026-06-25T11:31:00,5.87,5.87,5.87,5.87,192
2026-06-25T08:33:00.000Z,2026-06-25T11:33:00,5.95,5.95,5.95,5.95,4000
2026-06-25T08:34:00.000Z,2026-06-25T11:34:00,5.95,5.95,5.95,5.95,1563
2026-06-25T08:35:00.000Z,2026-06-25T11:35:00,5.95,5.96,5.95,5.96,15957
2026-06-25T08:36:00.000Z,2026-06-25T11:36:00,5.95,5.95,5.95,5.95,2305
2026-06-25T08:37:00.000Z,2026-06-25T11:37:00,5.95,5.95,5.95,5.95,1545
2026-06-25T08:40:00.000Z,2026-06-25T11:40:00,5.95,5.95,5.95,5.95,150
2026-06-25T08:42:00.000Z,2026-06-25T11:42:00,5.95,5.95,5.95,5.95,5
2026-06-25T08:44:00.000Z,2026-06-25T11:44:00,5.95,5.95,5.87,5.87,1074
2026-06-25T08:45:00.000Z,2026-06-25T11:45:00,5.95,5.95,5.95,5.95,1
2026-06-25T08:47:00.000Z,2026-06-25T11:47:00,5.95,5.95,5.95,5.95,17
2026-06-25T08:48:00.000Z,2026-06-25T11:48:00,5.95,5.95,5.95,5.95,33
2026-06-25T08:50:00.000Z,2026-06-25T11:50:00,5.9,5.9,5.9,5.9,1734
2026-06-25T08:51:00.000Z,2026-06-25T11:51:00,5.9,5.9,5.9,5.9,187
2026-06-25T08:53:00.000Z,2026-06-25T11:53:00,5.9,5.9,5.9,5.9,13
2026-06-25T08:54:00.000Z,2026-06-25T11:54:00,5.9,5.9,5.78,5.78,11888
2026-06-25T08:55:00.000Z,2026-06-25T11:55:00,5.9,5.9,5.9,5.9,19
2026-06-25T08:58:00.000Z,2026-06-25T11:58:00,5.89,5.89,5.89,5.89,110
2026-06-25T08:59:00.000Z,2026-06-25T11:59:00,5.78,5.78,5.78,5.78,14322
2026-06-25T09:00:00.000Z,2026-06-25T12:00:00,5.78,5.78,5.77,5.77,405
2026-06-25T09:01:00.000Z,2026-06-25T12:01:00,5.75,5.75,5.75,5.75,10000
2026-06-25T09:02:00.000Z,2026-06-25T12:02:00,5.7,5.7,5.6,5.6,10326
2026-06-25T09:03:00.000Z,2026-06-25T12:03:00,5.75,5.75,5.75,5.75,3
2026-06-25T09:04:00.000Z,2026-06-25T12:04:00,5.62,5.62,5.61,5.61,7000
2026-06-25T09:05:00.000Z,2026-06-25T12:05:00,5.61,5.61,5.6,5.6,28278
2026-06-25T09:06:00.000Z,2026-06-25T12:06:00,5.6,5.6,5.6,5.6,500
2026-06-25T09:07:00.000Z,2026-06-25T12:07:00,5.69,5.69,5.69,5.69,1
2026-06-25T09:08:00.000Z,2026-06-25T12:08:00,5.69,5.69,5.69,5.69,1
2026-06-25T09:09:00.000Z,2026-06-25T12:09:00,5.57,5.57,5.57,5.57,10000
2026-06-25T09:11:00.000Z,2026-06-25T12:11:00,5.69,5.69,5.69,5.69,1
2026-06-25T09:12:00.000Z,2026-06-25T12:12:00,5.69,5.69,5.69,5.69,5
2026-06-25T09:13:00.000Z,2026-06-25T12:13:00,5.53,5.53,5.53,5.53,1000
2026-06-25T09:14:00.000Z,2026-06-25T12:14:00,5.69,5.69,5.69,5.69,1000
2026-06-25T09:19:00.000Z,2026-06-25T12:19:00,5.6,5.69,5.6,5.69,5
2026-06-25T09:21:00.000Z,2026-06-25T12:21:00,5.69,5.69,5.69,5.69,14
2026-06-25T09:23:00.000Z,2026-06-25T12:23:00,5.56,5.56,5.56,5.56,21
2026-06-25T09:24:00.000Z,2026-06-25T12:24:00,5.68,5.68,5.68,5.68,1
2026-06-25T09:25:00.000Z,2026-06-25T12:25:00,5.68,5.68,5.68,5.68,4
2026-06-25T09:27:00.000Z,2026-06-25T12:27:00,5.6,5.6,5.6,5.6,1512
2026-06-25T09:30:00.000Z,2026-06-25T12:30:00,5.6,5.6,5.6,5.6,19
2026-06-25T09:31:00.000Z,2026-06-25T12:31:00,5.6,5.6,5.6,5.6,78
2026-06-25T09:32:00.000Z,2026-06-25T12:32:00,5.6,5.6,5.6,5.6,2069
2026-06-25T09:34:00.000Z,2026-06-25T12:34:00,5.6,5.6,5.6,5.6,542
2026-06-25T09:35:00.000Z,2026-06-25T12:35:00,5.6,5.6,5.53,5.53,546
2026-06-25T09:36:00.000Z,2026-06-25T12:36:00,5.6,5.68,5.6,5.68,602
2026-06-25T09:42:00.000Z,2026-06-25T12:42:00,5.68,5.68,5.68,5.68,111
2026-06-25T09:47:00.000Z,2026-06-25T12:47:00,5.6,5.6,5.6,5.6,600
2026-06-25T09:48:00.000Z,2026-06-25T12:48:00,5.68,5.68,5.68,5.68,1
2026-06-25T09:52:00.000Z,2026-06-25T12:52:00,5.6,5.6,5.6,5.6,9804
2026-06-25T09:53:00.000Z,2026-06-25T12:53:00,5.6,5.6,5.6,5.6,4000
2026-06-25T09:56:00.000Z,2026-06-25T12:56:00,5.56,5.56,5.56,5.56,4
2026-06-25T09:57:00.000Z,2026-06-25T12:57:00,5.6,5.6,5.6,5.6,7
2026-06-25T09:59:00.000Z,2026-06-25T12:59:00,5.56,5.56,5.55,5.55,2289
2026-06-25T10:00:00.000Z,2026-06-25T13:00:00,5.54,5.54,5.53,5.53,3170
2026-06-25T10:01:00.000Z,2026-06-25T13:01:00,5.53,5.53,5.51,5.51,3739
2026-06-25T10:02:00.000Z,2026-06-25T13:02:00,5.51,5.55,5.4,5.55,25424
2026-06-25T10:03:00.000Z,2026-06-25T13:03:00,5.55,5.55,5.55,5.55,210
2026-06-25T10:04:00.000Z,2026-06-25T13:04:00,5.6,5.65,5.6,5.65,1814
2026-06-25T10:06:00.000Z,2026-06-25T13:06:00,5.65,5.65,5.4,5.4,590
2026-06-25T10:07:00.000Z,2026-06-25T13:07:00,5.6,5.6,5.6,5.6,1
2026-06-25T10:10:00.000Z,2026-06-25T13:10:00,5.4,5.4,5.4,5.4,8
2026-06-25T10:15:00.000Z,2026-06-25T13:15:00,5.4,5.4,5.4,5.4,750
2026-06-25T10:17:00.000Z,2026-06-25T13:17:00,5.4,5.4,5.4,5.4,14000
2026-06-25T10:20:00.000Z,2026-06-25T13:20:00,5.34,5.34,5.34,5.34,100
2026-06-25T10:21:00.000Z,2026-06-25T13:21:00,5.4,5.4,5.4,5.4,996
2026-06-25T10:22:00.000Z,2026-06-25T13:22:00,5.4,5.4,5.4,5.4,5253
2026-06-25T10:23:00.000Z,2026-06-25T13:23:00,5.4,5.4,5.4,5.4,2291
2026-06-25T10:25:00.000Z,2026-06-25T13:25:00,5.59,5.59,5.59,5.59,1
2026-06-25T10:26:00.000Z,2026-06-25T13:26:00,5.59,5.59,5.59,5.59,350
2026-06-25T10:28:00.000Z,2026-06-25T13:28:00,5.42,5.42,5.42,5.42,4
2026-06-25T10:32:00.000Z,2026-06-25T13:32:00,5.42,5.42,5.41,5.41,10000
2026-06-25T10:33:00.000Z,2026-06-25T13:33:00,5.42,5.42,5.41,5.41,1206
2026-06-25T10:34:00.000Z,2026-06-25T13:34:00,5.41,5.41,5.41,5.41,2500
2026-06-25T10:35:00.000Z,2026-06-25T13:35:00,5.41,5.41,5.4,5.4,13543
2026-06-25T10:36:00.000Z,2026-06-25T13:36:00,5.4,5.4,5.4,5.4,5000
2026-06-25T10:37:00.000Z,2026-06-25T13:37:00,5.4,5.4,5.4,5.4,50
2026-06-25T10:38:00.000Z,2026-06-25T13:38:00,5.4,5.4,5.4,5.4,2000
2026-06-25T10:40:00.000Z,2026-06-25T13:40:00,5.4,5.4,5.37,5.37,807
2026-06-25T10:41:00.000Z,2026-06-25T13:41:00,5.5,5.5,5.5,5.5,179
2026-06-25T10:42:00.000Z,2026-06-25T13:42:00,5.5,5.5,5.5,5.5,2
2026-06-25T10:44:00.000Z,2026-06-25T13:44:00,5.5,5.5,5.5,5.5,900
2026-06-25T10:48:00.000Z,2026-06-25T13:48:00,5.43,5.5,5.43,5.5,1420
2026-06-25T10:54:00.000Z,2026-06-25T13:54:00,5.5,5.5,5.44,5.44,5987
2026-06-25T10:55:00.000Z,2026-06-25T13:55:00,5.65,5.65,5.65,5.65,1
2026-06-25T11:00:00.000Z,2026-06-25T14:00:00,5.5,5.5,5.44,5.44,2999
2026-06-25T11:03:00.000Z,2026-06-25T14:03:00,5.5,5.5,5.5,5.5,162
2026-06-25T11:04:00.000Z,2026-06-25T14:04:00,5.5,5.5,5.44,5.44,758
2026-06-25T11:06:00.000Z,2026-06-25T14:06:00,5.44,5.5,5.43,5.5,15264
2026-06-25T11:07:00.000Z,2026-06-25T14:07:00,5.5,5.5,5.5,5.5,6
2026-06-25T11:08:00.000Z,2026-06-25T14:08:00,5.5,5.5,5.5,5.5,2145
2026-06-25T11:12:00.000Z,2026-06-25T14:12:00,5.5,5.5,5.5,5.5,321
2026-06-25T11:14:00.000Z,2026-06-25T14:14:00,5.5,5.5,5.5,5.5,2000
2026-06-28T07:00:00.000Z,2026-06-28T10:00:00,5.68,5.68,5.42,5.43,2943
2026-06-28T07:01:00.000Z,2026-06-28T10:01:00,5.43,5.43,5.4,5.4,5597
2026-06-28T07:02:00.000Z,2026-06-28T10:02:00,5.4,5.65,5.4,5.4,6044
2026-06-28T07:03:00.000Z,2026-06-28T10:03:00,5.4,5.4,5.4,5.4,380
2026-06-28T07:04:00.000Z,2026-06-28T10:04:00,5.5,5.68,5.13,5.68,39254
2026-06-28T07:06:00.000Z,2026-06-28T10:06:00,5.67,5.67,5.16,5.16,8999
2026-06-28T07:07:00.000Z,2026-06-28T10:07:00,5.16,5.65,5.16,5.65,304
2026-06-28T07:08:00.000Z,2026-06-28T10:08:00,5.5,5.65,5.5,5.65,1207
2026-06-28T07:09:00.000Z,2026-06-28T10:09:00,5.22,5.22,5.22,5.22,65
2026-06-28T07:11:00.000Z,2026-06-28T10:11:00,5.23,5.23,5.23,5.23,50
2026-06-28T07:13:00.000Z,2026-06-28T10:13:00,5.27,5.59,5.27,5.59,466
2026-06-28T07:14:00.000Z,2026-06-28T10:14:00,5.59,5.6,5.59,5.6,2000
2026-06-28T07:15:00.000Z,2026-06-28T10:15:00,5.3,5.3,5.29,5.29,3490
2026-06-28T07:16:00.000Z,2026-06-28T10:16:00,5.31,5.4,5.31,5.4,1414
2026-06-28T07:17:00.000Z,2026-06-28T10:17:00,5.59,5.59,5.59,5.59,1000
2026-06-28T07:20:00.000Z,2026-06-28T10:20:00,5.58,5.58,5.56,5.56,519
2026-06-28T07:21:00.000Z,2026-06-28T10:21:00,5.56,5.56,5.56,5.56,501
2026-06-28T07:22:00.000Z,2026-06-28T10:22:00,5.42,5.55,5.42,5.55,347
2026-06-28T07:25:00.000Z,2026-06-28T10:25:00,5.55,5.55,5.55,5.55,21
2026-06-28T07:28:00.000Z,2026-06-28T10:28:00,5.48,5.48,5.48,5.48,2000
2026-06-28T07:29:00.000Z,2026-06-28T10:29:00,5.44,5.44,5.44,5.44,634
2026-06-28T07:30:00.000Z,2026-06-28T10:30:00,5.44,5.44,5.44,5.44,68
2026-06-28T07:31:00.000Z,2026-06-28T10:31:00,5.5,5.5,5.5,5.5,5000
2026-06-28T07:33:00.000Z,2026-06-28T10:33:00,5.5,5.5,5.44,5.44,810
2026-06-28T07:39:00.000Z,2026-06-28T10:39:00,5.45,5.45,5.45,5.45,2000
2026-06-28T07:40:00.000Z,2026-06-28T10:40:00,5.44,5.44,5.42,5.42,5971
2026-06-28T07:41:00.000Z,2026-06-28T10:41:00,5.41,5.41,5.4,5.4,15000
2026-06-28T07:42:00.000Z,2026-06-28T10:42:00,5.4,5.4,5.22,5.22,21530
2026-06-28T07:43:00.000Z,2026-06-28T10:43:00,5.23,5.23,5.23,5.23,5500
2026-06-28T07:44:00.000Z,2026-06-28T10:44:00,5.4,5.49,5.23,5.23,509
2026-06-28T07:48:00.000Z,2026-06-28T10:48:00,5.24,5.24,5.23,5.23,14580
2026-06-28T07:49:00.000Z,2026-06-28T10:49:00,5.22,5.22,5.2,5.2,1420
2026-06-28T07:55:00.000Z,2026-06-28T10:55:00,5.23,5.23,5.23,5.23,4
2026-06-28T07:56:00.000Z,2026-06-28T10:56:00,5.25,5.25,5.25,5.25,100
2026-06-28T08:05:00.000Z,2026-06-28T11:05:00,5.35,5.35,5.35,5.35,160
2026-06-28T08:07:00.000Z,2026-06-28T11:07:00,5.35,5.35,5.35,5.35,137
2026-06-28T08:11:00.000Z,2026-06-28T11:11:00,5.26,5.26,5.26,5.26,5
2026-06-28T08:18:00.000Z,2026-06-28T11:18:00,5.33,5.33,5.33,5.33,600
2026-06-28T08:22:00.000Z,2026-06-28T11:22:00,5.35,5.5,5.35,5.5,3500
2026-06-28T08:23:00.000Z,2026-06-28T11:23:00,5.5,5.5,5.5,5.5,18278
2026-06-28T08:24:00.000Z,2026-06-28T11:24:00,5.53,5.53,5.53,5.53,4
2026-06-28T08:25:00.000Z,2026-06-28T11:25:00,5.53,5.53,5.53,5.53,1
2026-06-28T08:26:00.000Z,2026-06-28T11:26:00,5.5,5.5,5.5,5.5,15000
2026-06-28T08:27:00.000Z,2026-06-28T11:27:00,5.51,5.51,5.51,5.51,17524
2026-06-28T08:29:00.000Z,2026-06-28T11:29:00,5.4,5.45,5.4,5.45,128
2026-06-28T08:31:00.000Z,2026-06-28T11:31:00,5.45,5.45,5.45,5.45,3874
2026-06-28T08:32:00.000Z,2026-06-28T11:32:00,5.4,5.4,5.4,5.4,64
2026-06-28T08:35:00.000Z,2026-06-28T11:35:00,5.4,5.4,5.4,5.4,20
2026-06-28T08:36:00.000Z,2026-06-28T11:36:00,5.35,5.45,5.35,5.45,161
2026-06-28T08:45:00.000Z,2026-06-28T11:45:00,5.4,5.4,5.4,5.4,1
2026-06-28T08:47:00.000Z,2026-06-28T11:47:00,5.4,5.45,5.4,5.45,5163
2026-06-28T08:49:00.000Z,2026-06-28T11:49:00,5.45,5.45,5.45,5.45,324
2026-06-28T08:50:00.000Z,2026-06-28T11:50:00,5.5,5.5,5.5,5.5,250
2026-06-28T08:54:00.000Z,2026-06-28T11:54:00,5.5,5.54,5.5,5.54,25000
2026-06-28T08:55:00.000Z,2026-06-28T11:55:00,5.54,5.54,5.54,5.54,1000
2026-06-28T08:57:00.000Z,2026-06-28T11:57:00,5.54,5.54,5.4,5.4,2255
2026-06-28T09:01:00.000Z,2026-06-28T12:01:00,5.4,5.4,5.4,5.4,260
2026-06-28T09:04:00.000Z,2026-06-28T12:04:00,5.5,5.5,5.5,5.5,4
2026-06-28T09:08:00.000Z,2026-06-28T12:08:00,5.5,5.5,5.5,5.5,56
2026-06-28T09:12:00.000Z,2026-06-28T12:12:00,5.5,5.5,5.5,5.5,2
2026-06-28T09:14:00.000Z,2026-06-28T12:14:00,5.44,5.44,5.44,5.44,400
2026-06-28T09:19:00.000Z,2026-06-28T12:19:00,5.44,5.44,5.44,5.44,5000
2026-06-28T09:27:00.000Z,2026-06-28T12:27:00,5.5,5.5,5.5,5.5,10
2026-06-28T09:28:00.000Z,2026-06-28T12:28:00,5.44,5.44,5.44,5.44,350
2026-06-28T09:31:00.000Z,2026-06-28T12:31:00,5.44,5.44,5.44,5.44,30
2026-06-28T09:43:00.000Z,2026-06-28T12:43:00,5.49,5.49,5.49,5.49,161
2026-06-28T09:44:00.000Z,2026-06-28T12:44:00,5.44,5.44,5.4,5.4,1330
2026-06-28T09:45:00.000Z,2026-06-28T12:45:00,5.4,5.4,5.4,5.4,4400
2026-06-28T09:48:00.000Z,2026-06-28T12:48:00,5.49,5.49,5.49,5.49,719
2026-06-28T09:52:00.000Z,2026-06-28T12:52:00,5.45,5.45,5.45,5.45,2000
2026-06-28T09:53:00.000Z,2026-06-28T12:53:00,5.4,5.4,5.4,5.4,2
2026-06-28T10:06:00.000Z,2026-06-28T13:06:00,5.4,5.4,5.4,5.4,166
2026-06-28T10:07:00.000Z,2026-06-28T13:07:00,5.45,5.45,5.45,5.45,766
2026-06-28T10:12:00.000Z,2026-06-28T13:12:00,5.4,5.4,5.4,5.4,20
2026-06-28T10:15:00.000Z,2026-06-28T13:15:00,5.45,5.49,5.4,5.4,379
2026-06-28T10:16:00.000Z,2026-06-28T13:16:00,5.4,5.4,5.4,5.4,103
2026-06-28T10:19:00.000Z,2026-06-28T13:19:00,5.4,5.4,5.39,5.39,5
2026-06-28T10:24:00.000Z,2026-06-28T13:24:00,5.39,5.39,5.39,5.39,924
2026-06-28T10:31:00.000Z,2026-06-28T13:31:00,5.39,5.39,5.31,5.31,2433
2026-06-28T10:38:00.000Z,2026-06-28T13:38:00,5.31,5.31,5.31,5.31,3013
2026-06-28T10:42:00.000Z,2026-06-28T13:42:00,5.31,5.31,5.31,5.31,185
2026-06-28T10:43:00.000Z,2026-06-28T13:43:00,5.3,5.31,5.3,5.31,16802
2026-06-28T10:44:00.000Z,2026-06-28T13:44:00,5.31,5.31,5.31,5.31,298
2026-06-28T10:48:00.000Z,2026-06-28T13:48:00,5.3,5.3,5.3,5.3,828
2026-06-28T10:49:00.000Z,2026-06-28T13:49:00,5.31,5.31,5.31,5.31,1802
2026-06-28T10:50:00.000Z,2026-06-28T13:50:00,5.41,5.41,5.41,5.41,2
2026-06-28T10:51:00.000Z,2026-06-28T13:51:00,5.36,5.36,5.36,5.36,4
2026-06-28T10:55:00.000Z,2026-06-28T13:55:00,5.41,5.41,5.41,5.41,1
2026-06-28T10:56:00.000Z,2026-06-28T13:56:00,5.41,5.48,5.41,5.48,5000
2026-06-28T11:01:00.000Z,2026-06-28T14:01:00,5.45,5.48,5.45,5.48,542
2026-06-28T11:03:00.000Z,2026-06-28T14:03:00,5.48,5.48,5.48,5.48,77
2026-06-28T11:07:00.000Z,2026-06-28T14:07:00,5.36,5.36,5.36,5.36,8
2026-06-28T11:11:00.000Z,2026-06-28T14:11:00,5.48,5.48,5.48,5.48,1
2026-06-28T11:14:00.000Z,2026-06-28T14:14:00,5.48,5.49,5.48,5.49,5000
2026-06-29T07:00:00.000Z,2026-06-29T10:00:00,5.47,5.58,5.45,5.45,3960
2026-06-29T07:01:00.000Z,2026-06-29T10:01:00,5.45,5.45,5.43,5.43,4518
2026-06-29T07:02:00.000Z,2026-06-29T10:02:00,5.43,5.58,5.4,5.4,17362
2026-06-29T07:03:00.000Z,2026-06-29T10:03:00,5.39,5.39,5.39,5.39,50
2026-06-29T07:05:00.000Z,2026-06-29T10:05:00,5.39,5.39,5.39,5.39,1
2026-06-29T07:07:00.000Z,2026-06-29T10:07:00,5.49,5.49,5.39,5.39,2000
2026-06-29T07:08:00.000Z,2026-06-29T10:08:00,5.39,5.4,5.38,5.4,8339
2026-06-29T07:10:00.000Z,2026-06-29T10:10:00,5.4,5.4,5.4,5.4,15
2026-06-29T07:14:00.000Z,2026-06-29T10:14:00,5.4,5.4,5.38,5.38,600
2026-06-29T07:16:00.000Z,2026-06-29T10:16:00,5.48,5.48,5.48,5.48,329
2026-06-29T07:17:00.000Z,2026-06-29T10:17:00,5.38,5.38,5.38,5.38,2000
2026-06-29T07:18:00.000Z,2026-06-29T10:18:00,5.45,5.45,5.45,5.45,2000
2026-06-29T07:19:00.000Z,2026-06-29T10:19:00,5.4,5.48,5.4,5.48,1500
2026-06-29T07:21:00.000Z,2026-06-29T10:21:00,5.46,5.46,5.46,5.46,93
2026-06-29T07:23:00.000Z,2026-06-29T10:23:00,5.4,5.4,5.4,5.4,2343
2026-06-29T07:25:00.000Z,2026-06-29T10:25:00,5.4,5.4,5.4,5.4,500
2026-06-29T07:26:00.000Z,2026-06-29T10:26:00,5.44,5.44,5.44,5.44,185
2026-06-29T07:27:00.000Z,2026-06-29T10:27:00,5.4,5.4,5.4,5.4,750
2026-06-29T07:28:00.000Z,2026-06-29T10:28:00,5.44,5.45,5.44,5.45,1600
2026-06-29T07:29:00.000Z,2026-06-29T10:29:00,5.47,5.47,5.47,5.47,2016
2026-06-29T07:30:00.000Z,2026-06-29T10:30:00,5.47,5.47,5.47,5.47,2000
2026-06-29T07:31:00.000Z,2026-06-29T10:31:00,5.47,5.47,5.47,5.47,183
2026-06-29T07:34:00.000Z,2026-06-29T10:34:00,5.45,5.47,5.45,5.45,2350
2026-06-29T07:35:00.000Z,2026-06-29T10:35:00,5.4,5.4,5.4,5.4,2675
2026-06-29T07:37:00.000Z,2026-06-29T10:37:00,5.4,5.4,5.4,5.4,5432
2026-06-29T07:38:00.000Z,2026-06-29T10:38:00,5.4,5.4,5.4,5.4,1000
2026-06-29T07:39:00.000Z,2026-06-29T10:39:00,5.38,5.38,5.38,5.38,5465
2026-06-29T07:42:00.000Z,2026-06-29T10:42:00,5.38,5.38,5.31,5.38,14169
2026-06-29T07:45:00.000Z,2026-06-29T10:45:00,5.31,5.31,5.31,5.31,74
2026-06-29T07:46:00.000Z,2026-06-29T10:46:00,5.35,5.35,5.31,5.31,2000
2026-06-29T07:47:00.000Z,2026-06-29T10:47:00,5.31,5.31,5.31,5.31,6
2026-06-29T07:48:00.000Z,2026-06-29T10:48:00,5.35,5.35,5.31,5.31,3625
2026-06-29T07:49:00.000Z,2026-06-29T10:49:00,5.31,5.4,5.31,5.4,3035
2026-06-29T07:54:00.000Z,2026-06-29T10:54:00,5.36,5.36,5.36,5.36,35
2026-06-29T07:55:00.000Z,2026-06-29T10:55:00,5.31,5.31,5.31,5.31,888
2026-06-29T08:02:00.000Z,2026-06-29T11:02:00,5.31,5.31,5.3,5.3,8604
2026-06-29T08:03:00.000Z,2026-06-29T11:03:00,5.3,5.3,5.3,5.3,6414
2026-06-29T08:04:00.000Z,2026-06-29T11:04:00,5.25,5.25,5.2,5.2,809
2026-06-29T08:05:00.000Z,2026-06-29T11:05:00,5.2,5.2,5.2,5.2,2000
2026-06-29T08:07:00.000Z,2026-06-29T11:07:00,5.2,5.2,4.88,4.88,16510
2026-06-29T08:08:00.000Z,2026-06-29T11:08:00,5.27,5.27,5.27,5.27,975
2026-06-29T08:24:00.000Z,2026-06-29T11:24:00,5.02,5.02,5.02,5.02,2140
2026-06-29T08:26:00.000Z,2026-06-29T11:26:00,5.04,5.04,5.04,5.04,40
2026-06-29T08:27:00.000Z,2026-06-29T11:27:00,5.2,5.24,5.2,5.24,3043
2026-06-29T08:37:00.000Z,2026-06-29T11:37:00,5.2,5.2,5.05,5.05,819
2026-06-29T08:38:00.000Z,2026-06-29T11:38:00,5.05,5.05,5.05,5.05,2172
2026-06-29T08:42:00.000Z,2026-06-29T11:42:00,5.12,5.12,5.12,5.12,731
2026-06-29T08:43:00.000Z,2026-06-29T11:43:00,5.15,5.39,5.15,5.39,3207
2026-06-29T08:45:00.000Z,2026-06-29T11:45:00,5.39,5.39,5.39,5.39,6269
2026-06-29T08:47:00.000Z,2026-06-29T11:47:00,5.27,5.27,5.27,5.27,308
2026-06-29T08:48:00.000Z,2026-06-29T11:48:00,5.38,5.38,5.38,5.38,11
2026-06-29T08:52:00.000Z,2026-06-29T11:52:00,5.36,5.36,5.36,5.36,567
2026-06-29T08:53:00.000Z,2026-06-29T11:53:00,5.36,5.36,5.36,5.36,3712
2026-06-29T08:54:00.000Z,2026-06-29T11:54:00,5.36,5.36,5.36,5.36,3288
2026-06-29T08:55:00.000Z,2026-06-29T11:55:00,5.36,5.36,5.36,5.36,177
2026-06-29T08:59:00.000Z,2026-06-29T11:59:00,5.35,5.35,5.35,5.35,24
2026-06-29T09:01:00.000Z,2026-06-29T12:01:00,5.3,5.3,5.3,5.3,1
2026-06-29T09:11:00.000Z,2026-06-29T12:11:00,5.3,5.3,5.3,5.3,1
2026-06-29T09:12:00.000Z,2026-06-29T12:12:00,5.34,5.35,5.34,5.35,7644
2026-06-29T09:13:00.000Z,2026-06-29T12:13:00,5.35,5.35,5.35,5.35,2357
2026-06-29T09:14:00.000Z,2026-06-29T12:14:00,5.35,5.35,5.35,5.35,1000
2026-06-29T09:15:00.000Z,2026-06-29T12:15:00,5.35,5.37,5.35,5.37,13692
2026-06-29T09:20:00.000Z,2026-06-29T12:20:00,5.36,5.36,5.36,5.36,675
2026-06-29T09:21:00.000Z,2026-06-29T12:21:00,5.35,5.36,5.31,5.36,16923
2026-06-29T09:26:00.000Z,2026-06-29T12:26:00,5.32,5.32,5.32,5.32,10
2026-06-29T09:27:00.000Z,2026-06-29T12:27:00,5.32,5.32,5.32,5.32,5
2026-06-29T09:29:00.000Z,2026-06-29T12:29:00,5.32,5.32,5.32,5.32,5
2026-06-29T09:32:00.000Z,2026-06-29T12:32:00,5.37,5.37,5.27,5.27,16954
2026-06-29T09:33:00.000Z,2026-06-29T12:33:00,5.37,5.37,5.27,5.27,2
2026-06-29T09:34:00.000Z,2026-06-29T12:34:00,5.33,5.33,5.33,5.33,1
2026-06-29T09:36:00.000Z,2026-06-29T12:36:00,5.28,5.28,5.28,5.28,884
2026-06-29T09:45:00.000Z,2026-06-29T12:45:00,5.28,5.28,5.28,5.28,34
2026-06-29T09:49:00.000Z,2026-06-29T12:49:00,5.33,5.33,5.33,5.33,10
2026-06-29T09:54:00.000Z,2026-06-29T12:54:00,5.3,5.3,5.3,5.3,2000
2026-06-29T09:56:00.000Z,2026-06-29T12:56:00,5.3,5.3,5.28,5.28,1000
2026-06-29T09:58:00.000Z,2026-06-29T12:58:00,5.28,5.28,5.27,5.27,15000
2026-06-29T09:59:00.000Z,2026-06-29T12:59:00,5.27,5.27,5.27,5.27,74
2026-06-29T10:00:00.000Z,2026-06-29T13:00:00,5.27,5.27,5.27,5.27,123
2026-06-29T10:01:00.000Z,2026-06-29T13:01:00,5.27,5.27,5.26,5.26,9254
2026-06-29T10:09:00.000Z,2026-06-29T13:09:00,5.26,5.26,5.26,5.26,319
2026-06-29T10:18:00.000Z,2026-06-29T13:18:00,5.26,5.26,5.26,5.26,420
2026-06-29T10:41:00.000Z,2026-06-29T13:41:00,5.27,5.27,5.27,5.27,700
2026-06-29T10:43:00.000Z,2026-06-29T13:43:00,5.27,5.27,5.26,5.26,3494
2026-06-29T10:52:00.000Z,2026-06-29T13:52:00,5.27,5.32,5.27,5.32,120
2026-06-29T10:59:00.000Z,2026-06-29T13:59:00,5.27,5.27,5.27,5.27,1999
2026-06-29T11:03:00.000Z,2026-06-29T14:03:00,5.27,5.27,5.27,5.27,2593
2026-06-29T11:04:00.000Z,2026-06-29T14:04:00,5.26,5.26,5.26,5.26,7004
2026-06-29T11:06:00.000Z,2026-06-29T14:06:00,5.27,5.27,5.24,5.24,3809
2026-06-29T11:08:00.000Z,2026-06-29T14:08:00,5.24,5.24,5.24,5.24,784
2026-06-29T11:09:00.000Z,2026-06-29T14:09:00,5.2,5.33,5.2,5.33,3628
2026-06-29T11:14:00.000Z,2026-06-29T14:14:00,5.33,5.33,5.33,5.33,1
2026-06-30T07:00:00.000Z,2026-06-30T10:00:00,5.28,5.28,5.28,5.28,10100
2026-06-30T07:01:00.000Z,2026-06-30T10:01:00,5.26,5.28,5.13,5.28,339
2026-06-30T07:02:00.000Z,2026-06-30T10:02:00,5.13,5.28,5.13,5.13,1857
2026-06-30T07:03:00.000Z,2026-06-30T10:03:00,5.28,5.28,5.28,5.28,1778
2026-06-30T07:05:00.000Z,2026-06-30T10:05:00,5.27,5.27,5.27,5.27,354
2026-06-30T07:06:00.000Z,2026-06-30T10:06:00,5.12,5.12,5.11,5.11,1870
2026-06-30T07:08:00.000Z,2026-06-30T10:08:00,5.25,5.25,5.25,5.25,186
2026-06-30T07:12:00.000Z,2026-06-30T10:12:00,5.2,5.2,5.2,5.2,50
2026-06-30T07:13:00.000Z,2026-06-30T10:13:00,5.2,5.2,5.15,5.2,800
2026-06-30T07:15:00.000Z,2026-06-30T10:15:00,5.13,5.13,5.13,5.13,766
2026-06-30T07:18:00.000Z,2026-06-30T10:18:00,5.2,5.2,5.2,5.2,1048
2026-06-30T07:19:00.000Z,2026-06-30T10:19:00,5.2,5.25,5.2,5.25,1200
2026-06-30T07:25:00.000Z,2026-06-30T10:25:00,5.25,5.25,5.25,5.25,1923
2026-06-30T07:26:00.000Z,2026-06-30T10:26:00,5.25,5.25,5.2,5.2,3760
2026-06-30T07:28:00.000Z,2026-06-30T10:28:00,5.25,5.25,5.25,5.25,400
2026-06-30T07:30:00.000Z,2026-06-30T10:30:00,5.3,5.3,5.3,5.3,1063
2026-06-30T07:31:00.000Z,2026-06-30T10:31:00,5.2,5.2,5.2,5.2,2000
2026-06-30T07:32:00.000Z,2026-06-30T10:32:00,5.33,5.42,5.33,5.42,34
2026-06-30T07:33:00.000Z,2026-06-30T10:33:00,5.42,5.43,5.16,5.16,3068
2026-06-30T07:35:00.000Z,2026-06-30T10:35:00,5.43,5.43,5.43,5.43,1
2026-06-30T07:37:00.000Z,2026-06-30T10:37:00,5.41,5.41,5.41,5.41,2000
2026-06-30T07:38:00.000Z,2026-06-30T10:38:00,5.17,5.17,5.17,5.17,194
2026-06-30T07:40:00.000Z,2026-06-30T10:40:00,5.4,5.41,5.19,5.19,968
2026-06-30T07:42:00.000Z,2026-06-30T10:42:00,5.42,5.42,5.42,5.42,1
2026-06-30T07:43:00.000Z,2026-06-30T10:43:00,5.42,5.42,5.2,5.2,452
2026-06-30T07:47:00.000Z,2026-06-30T10:47:00,5.41,5.41,5.41,5.41,47
2026-06-30T07:48:00.000Z,2026-06-30T10:48:00,5.26,5.42,5.25,5.42,20542
2026-06-30T07:49:00.000Z,2026-06-30T10:49:00,5.23,5.23,5.23,5.23,699
2026-06-30T07:50:00.000Z,2026-06-30T10:50:00,5.23,5.23,5.23,5.23,4
2026-06-30T07:51:00.000Z,2026-06-30T10:51:00,5.4,5.4,5.4,5.4,3
2026-06-30T07:52:00.000Z,2026-06-30T10:52:00,5.4,5.4,5.4,5.4,10000
2026-06-30T08:08:00.000Z,2026-06-30T11:08:00,5.23,5.23,5.23,5.23,926
2026-06-30T08:15:00.000Z,2026-06-30T11:15:00,5.23,5.23,5.22,5.22,7140
2026-06-30T08:16:00.000Z,2026-06-30T11:16:00,5.2,5.2,5.2,5.2,573
2026-06-30T08:17:00.000Z,2026-06-30T11:17:00,5.2,5.2,5.2,5.2,315
2026-06-30T08:19:00.000Z,2026-06-30T11:19:00,5.22,5.22,5.21,5.21,698
2026-06-30T08:22:00.000Z,2026-06-30T11:22:00,5.25,5.25,5.25,5.25,191
2026-06-30T08:24:00.000Z,2026-06-30T11:24:00,5.25,5.25,5.25,5.25,178
2026-06-30T08:26:00.000Z,2026-06-30T11:26:00,5.21,5.21,5.21,5.21,1987
2026-06-30T08:34:00.000Z,2026-06-30T11:34:00,5.38,5.38,5.38,5.38,4
2026-06-30T08:44:00.000Z,2026-06-30T11:44:00,5.38,5.38,5.38,5.38,9
2026-06-30T08:46:00.000Z,2026-06-30T11:46:00,5.3,5.3,5.2,5.2,7000
2026-06-30T08:50:00.000Z,2026-06-30T11:50:00,5.38,5.38,5.38,5.38,300
2026-06-30T09:11:00.000Z,2026-06-30T12:11:00,5.22,5.22,5.2,5.2,4758
2026-06-30T09:14:00.000Z,2026-06-30T12:14:00,5.2,5.2,5.2,5.2,350
2026-06-30T09:20:00.000Z,2026-06-30T12:20:00,5.36,5.36,5.36,5.36,1630
2026-06-30T09:23:00.000Z,2026-06-30T12:23:00,5.25,5.25,5.25,5.25,42
2026-06-30T09:28:00.000Z,2026-06-30T12:28:00,5.25,5.25,5.25,5.25,6
2026-06-30T09:33:00.000Z,2026-06-30T12:33:00,5.34,5.34,5.34,5.34,1
2026-06-30T09:35:00.000Z,2026-06-30T12:35:00,5.34,5.34,5.34,5.34,369
2026-06-30T09:40:00.000Z,2026-06-30T12:40:00,5.34,5.39,5.34,5.39,15000
2026-06-30T09:43:00.000Z,2026-06-30T12:43:00,5.25,5.25,5.25,5.25,363
2026-06-30T09:47:00.000Z,2026-06-30T12:47:00,5.26,5.3,5.26,5.3,23
2026-06-30T09:48:00.000Z,2026-06-30T12:48:00,5.25,5.25,5.25,5.25,2
2026-06-30T09:50:00.000Z,2026-06-30T12:50:00,5.3,5.38,5.3,5.38,55
2026-06-30T09:59:00.000Z,2026-06-30T12:59:00,5.31,5.31,5.31,5.31,87
2026-06-30T10:00:00.000Z,2026-06-30T13:00:00,5.38,5.38,5.38,5.38,7000
2026-06-30T10:01:00.000Z,2026-06-30T13:01:00,5.38,5.38,5.38,5.38,5000
2026-06-30T10:02:00.000Z,2026-06-30T13:02:00,5.38,5.38,5.38,5.38,9900
2026-06-30T10:14:00.000Z,2026-06-30T13:14:00,5.37,5.37,5.37,5.37,100
2026-06-30T10:21:00.000Z,2026-06-30T13:21:00,5.37,5.37,5.37,5.37,20
2026-06-30T10:22:00.000Z,2026-06-30T13:22:00,5.36,5.38,5.3,5.3,19505
2026-06-30T10:24:00.000Z,2026-06-30T13:24:00,5.38,5.38,5.38,5.38,1
2026-06-30T10:31:00.000Z,2026-06-30T13:31:00,5.3,5.3,5.3,5.3,10
2026-06-30T10:33:00.000Z,2026-06-30T13:33:00,5.3,5.3,5.3,5.3,70
2026-06-30T10:36:00.000Z,2026-06-30T13:36:00,5.36,5.36,5.36,5.36,1
2026-06-30T10:39:00.000Z,2026-06-30T13:39:00,5.3,5.3,5.3,5.3,1000
2026-06-30T10:41:00.000Z,2026-06-30T13:41:00,5.3,5.3,5.3,5.3,1
2026-06-30T10:42:00.000Z,2026-06-30T13:42:00,5.3,5.3,5.3,5.3,2000
2026-06-30T10:51:00.000Z,2026-06-30T13:51:00,5.36,5.36,5.36,5.36,778
2026-06-30T10:55:00.000Z,2026-06-30T13:55:00,5.31,5.31,5.31,5.31,3530
2026-06-30T10:58:00.000Z,2026-06-30T13:58:00,5.3,5.36,5.3,5.36,1471
2026-06-30T11:08:00.000Z,2026-06-30T14:08:00,5.3,5.3,5.3,5.3,230
2026-06-30T11:12:00.000Z,2026-06-30T14:12:00,5.36,5.36,5.36,5.36,1
2026-06-30T11:13:00.000Z,2026-06-30T14:13:00,5.36,5.36,5.36,5.36,110
2026-06-30T11:25:00.000Z,2026-06-30T14:25:00,5.35,5.35,5.35,5.35,7942
2026-06-30T11:26:00.000Z,2026-06-30T14:26:00,5.35,5.35,5.35,5.35,2000
2026-06-30T11:27:00.000Z,2026-06-30T14:27:00,5.35,5.35,5.35,5.35,2000
2026-07-01T07:00:00.000Z,2026-07-01T10:00:00,5.36,5.59,5.35,5.59,2037
2026-07-01T07:01:00.000Z,2026-07-01T10:01:00,5.59,5.59,5.59,5.59,1
2026-07-01T07:02:00.000Z,2026-07-01T10:02:00,5.35,5.35,5.35,5.35,11
2026-07-01T07:03:00.000Z,2026-07-01T10:03:00,5.35,5.35,5.22,5.22,2002
2026-07-01T07:05:00.000Z,2026-07-01T10:05:00,5.5,5.5,5.24,5.24,2508
2026-07-01T07:06:00.000Z,2026-07-01T10:06:00,5.24,5.24,5.24,5.24,97
2026-07-01T07:07:00.000Z,2026-07-01T10:07:00,5.24,5.24,5.24,5.24,250
2026-07-01T07:11:00.000Z,2026-07-01T10:11:00,5.38,5.38,5.38,5.38,500
2026-07-01T07:15:00.000Z,2026-07-01T10:15:00,5.35,5.35,5.35,5.35,303
2026-07-01T07:16:00.000Z,2026-07-01T10:16:00,5.49,5.49,5.49,5.49,1
2026-07-01T07:18:00.000Z,2026-07-01T10:18:00,5.36,5.36,5.26,5.26,2741
2026-07-01T07:19:00.000Z,2026-07-01T10:19:00,5.49,5.49,5.49,5.49,18
2026-07-01T07:21:00.000Z,2026-07-01T10:21:00,5.3,5.3,5.3,5.3,300
2026-07-01T07:22:00.000Z,2026-07-01T10:22:00,5.47,5.47,5.47,5.47,49
2026-07-01T07:24:00.000Z,2026-07-01T10:24:00,5.3,5.3,5.3,5.3,1614
2026-07-01T07:25:00.000Z,2026-07-01T10:25:00,5.3,5.3,5.3,5.3,386
2026-07-01T07:26:00.000Z,2026-07-01T10:26:00,5.3,5.3,5.3,5.3,518
2026-07-01T07:32:00.000Z,2026-07-01T10:32:00,5.45,5.45,5.45,5.45,57
2026-07-01T07:42:00.000Z,2026-07-01T10:42:00,5.4,5.45,5.4,5.45,13381
2026-07-01T07:44:00.000Z,2026-07-01T10:44:00,5.45,5.45,5.45,5.45,4276
2026-07-01T07:45:00.000Z,2026-07-01T10:45:00,5.45,5.45,5.45,5.45,2140
2026-07-01T07:47:00.000Z,2026-07-01T10:47:00,5.45,5.47,5.45,5.47,590
2026-07-01T07:55:00.000Z,2026-07-01T10:55:00,5.47,5.54,5.47,5.54,1373
2026-07-01T07:56:00.000Z,2026-07-01T10:56:00,5.54,5.55,5.54,5.55,161
2026-07-01T08:00:00.000Z,2026-07-01T11:00:00,5.54,5.54,5.54,5.54,100
2026-07-01T08:01:00.000Z,2026-07-01T11:01:00,5.55,5.55,5.55,5.55,2761
2026-07-01T08:10:00.000Z,2026-07-01T11:10:00,5.55,5.55,5.55,5.55,10
2026-07-01T08:14:00.000Z,2026-07-01T11:14:00,5.54,5.54,5.54,5.54,90
2026-07-01T08:18:00.000Z,2026-07-01T11:18:00,5.53,5.53,5.53,5.53,23
2026-07-01T08:29:00.000Z,2026-07-01T11:29:00,5.53,5.53,5.53,5.53,6
2026-07-01T08:30:00.000Z,2026-07-01T11:30:00,5.46,5.46,5.46,5.46,137
2026-07-01T08:36:00.000Z,2026-07-01T11:36:00,5.46,5.46,5.46,5.46,40
2026-07-01T08:38:00.000Z,2026-07-01T11:38:00,5.5,5.53,5.5,5.53,401
2026-07-01T08:40:00.000Z,2026-07-01T11:40:00,5.53,5.53,5.53,5.53,100
2026-07-01T08:41:00.000Z,2026-07-01T11:41:00,5.53,5.54,5.53,5.54,5067
2026-07-01T08:42:00.000Z,2026-07-01T11:42:00,5.55,5.55,5.55,5.55,4934
2026-07-01T08:48:00.000Z,2026-07-01T11:48:00,5.52,5.52,5.46,5.46,1383
2026-07-01T08:56:00.000Z,2026-07-01T11:56:00,5.54,5.54,5.54,5.54,30
2026-07-01T08:57:00.000Z,2026-07-01T11:57:00,5.46,5.54,5.46,5.54,1240
2026-07-01T09:08:00.000Z,2026-07-01T12:08:00,5.47,5.47,5.47,5.47,10
2026-07-01T09:15:00.000Z,2026-07-01T12:15:00,5.54,5.54,5.54,5.54,1
2026-07-01T09:17:00.000Z,2026-07-01T12:17:00,5.54,5.54,5.54,5.54,4
2026-07-01T09:20:00.000Z,2026-07-01T12:20:00,5.47,5.47,5.47,5.47,1250
2026-07-01T09:22:00.000Z,2026-07-01T12:22:00,5.47,5.47,5.47,5.47,2750
2026-07-01T09:28:00.000Z,2026-07-01T12:28:00,5.48,5.48,5.48,5.48,550
2026-07-01T09:32:00.000Z,2026-07-01T12:32:00,5.48,5.48,5.48,5.48,34
2026-07-01T09:33:00.000Z,2026-07-01T12:33:00,5.48,5.48,5.48,5.48,424
2026-07-01T09:35:00.000Z,2026-07-01T12:35:00,5.47,5.47,5.47,5.47,200
2026-07-01T09:38:00.000Z,2026-07-01T12:38:00,5.47,5.47,5.47,5.47,500
2026-07-01T09:42:00.000Z,2026-07-01T12:42:00,5.48,5.48,5.48,5.48,992
2026-07-01T09:45:00.000Z,2026-07-01T12:45:00,5.54,5.54,5.54,5.54,3376
2026-07-01T09:46:00.000Z,2026-07-01T12:46:00,5.54,5.54,5.54,5.54,132
2026-07-01T09:47:00.000Z,2026-07-01T12:47:00,5.53,5.53,5.53,5.53,100
2026-07-01T10:12:00.000Z,2026-07-01T13:12:00,5.47,5.47,5.47,5.47,300
2026-07-01T10:16:00.000Z,2026-07-01T13:16:00,5.53,5.73,5.53,5.73,5000
2026-07-01T10:17:00.000Z,2026-07-01T13:17:00,5.47,5.47,5.47,5.47,200
2026-07-01T10:19:00.000Z,2026-07-01T13:19:00,5.73,5.73,5.47,5.47,5200
2026-07-01T10:20:00.000Z,2026-07-01T13:20:00,5.72,5.72,5.72,5.72,1
2026-07-01T10:23:00.000Z,2026-07-01T13:23:00,5.47,5.47,5.47,5.47,200
2026-07-01T10:25:00.000Z,2026-07-01T13:25:00,5.71,5.71,5.71,5.71,1
2026-07-01T10:26:00.000Z,2026-07-01T13:26:00,5.47,5.71,5.47,5.71,201
2026-07-01T10:28:00.000Z,2026-07-01T13:28:00,5.7,5.7,5.7,5.7,1
2026-07-01T10:37:00.000Z,2026-07-01T13:37:00,5.48,5.68,5.48,5.68,163
2026-07-01T10:46:00.000Z,2026-07-01T13:46:00,5.66,5.66,5.66,5.66,100
2026-07-01T10:50:00.000Z,2026-07-01T13:50:00,5.63,5.63,5.63,5.63,35
2026-07-01T10:53:00.000Z,2026-07-01T13:53:00,5.63,5.63,5.63,5.63,923
2026-07-01T10:56:00.000Z,2026-07-01T13:56:00,5.63,5.63,5.63,5.63,1
2026-07-01T10:59:00.000Z,2026-07-01T13:59:00,5.62,5.63,5.62,5.63,10000
2026-07-01T11:02:00.000Z,2026-07-01T14:02:00,5.5,5.5,5.47,5.47,3426
2026-07-01T11:12:00.000Z,2026-07-01T14:12:00,5.5,5.5,5.5,5.5,1
2026-07-01T11:13:00.000Z,2026-07-01T14:13:00,5.47,5.47,5.47,5.47,1000
2026-07-01T11:14:00.000Z,2026-07-01T14:14:00,5.5,5.5,5.47,5.5,2051
2026-07-01T11:15:00.000Z,2026-07-01T14:15:00,5.5,5.5,5.5,5.5,172
2026-07-05T07:00:00.000Z,2026-07-05T10:00:00,5.59,5.59,5.59,5.59,32
2026-07-05T07:01:00.000Z,2026-07-05T10:01:00,5.59,5.64,5.31,5.31,3808
2026-07-05T07:02:00.000Z,2026-07-05T10:02:00,5.5,5.5,5.5,5.5,137
2026-07-05T07:04:00.000Z,2026-07-05T10:04:00,5.49,5.49,5.49,5.49,1
2026-07-05T07:06:00.000Z,2026-07-05T10:06:00,5.49,5.59,5.43,5.43,5008
2026-07-05T07:07:00.000Z,2026-07-05T10:07:00,5.59,5.59,5.44,5.59,67
2026-07-05T07:08:00.000Z,2026-07-05T10:08:00,5.44,5.59,5.44,5.59,394
2026-07-05T07:09:00.000Z,2026-07-05T10:09:00,5.6,5.6,5.44,5.44,415
2026-07-05T07:29:00.000Z,2026-07-05T10:29:00,5.47,5.47,5.47,5.47,19
2026-07-05T07:39:00.000Z,2026-07-05T10:39:00,5.59,5.59,5.59,5.59,776
2026-07-05T07:44:00.000Z,2026-07-05T10:44:00,5.47,5.47,5.47,5.47,25
2026-07-05T07:46:00.000Z,2026-07-05T10:46:00,5.56,5.56,5.56,5.56,2
2026-07-05T07:47:00.000Z,2026-07-05T10:47:00,5.47,5.47,5.47,5.47,100
2026-07-05T08:00:00.000Z,2026-07-05T11:00:00,5.5,5.5,5.5,5.5,2000
2026-07-05T08:07:00.000Z,2026-07-05T11:07:00,5.55,5.55,5.55,5.55,1652
2026-07-05T08:08:00.000Z,2026-07-05T11:08:00,5.55,5.55,5.55,5.55,142
2026-07-05T08:09:00.000Z,2026-07-05T11:09:00,5.51,5.51,5.51,5.51,300
2026-07-05T08:11:00.000Z,2026-07-05T11:11:00,5.51,5.51,5.51,5.51,7500
2026-07-05T08:14:00.000Z,2026-07-05T11:14:00,5.51,5.51,5.51,5.51,9
2026-07-05T08:15:00.000Z,2026-07-05T11:15:00,5.55,5.55,5.55,5.55,12
2026-07-05T08:21:00.000Z,2026-07-05T11:21:00,5.51,5.51,5.51,5.51,2807
2026-07-05T08:23:00.000Z,2026-07-05T11:23:00,5.51,5.51,5.51,5.51,35
2026-07-05T08:27:00.000Z,2026-07-05T11:27:00,5.51,5.51,5.5,5.5,306
2026-07-05T08:30:00.000Z,2026-07-05T11:30:00,5.47,5.47,5.47,5.47,23
2026-07-05T08:36:00.000Z,2026-07-05T11:36:00,5.47,5.47,5.47,5.47,8
2026-07-05T08:39:00.000Z,2026-07-05T11:39:00,5.47,5.47,5.46,5.46,9402
2026-07-05T08:40:00.000Z,2026-07-05T11:40:00,5.46,5.46,5.44,5.44,24500
2026-07-05T08:45:00.000Z,2026-07-05T11:45:00,5.45,5.45,5.45,5.45,2000
2026-07-05T08:47:00.000Z,2026-07-05T11:47:00,5.5,5.5,5.5,5.5,500
2026-07-05T09:06:00.000Z,2026-07-05T12:06:00,5.45,5.45,5.45,5.45,88
2026-07-05T09:12:00.000Z,2026-07-05T12:12:00,5.47,5.47,5.47,5.47,113
2026-07-05T09:19:00.000Z,2026-07-05T12:19:00,5.47,5.47,5.45,5.45,2097
2026-07-05T09:21:00.000Z,2026-07-05T12:21:00,5.45,5.45,5.45,5.45,2091
2026-07-05T09:22:00.000Z,2026-07-05T12:22:00,5.45,5.45,5.44,5.44,5836
2026-07-05T09:25:00.000Z,2026-07-05T12:25:00,5.45,5.45,5.45,5.45,369
2026-07-05T09:32:00.000Z,2026-07-05T12:32:00,5.45,5.45,5.45,5.45,2498
2026-07-05T09:39:00.000Z,2026-07-05T12:39:00,5.47,5.49,5.47,5.49,3669
2026-07-05T09:54:00.000Z,2026-07-05T12:54:00,5.46,5.46,5.46,5.46,2880
2026-07-05T09:57:00.000Z,2026-07-05T12:57:00,5.45,5.45,5.45,5.45,100
2026-07-05T09:58:00.000Z,2026-07-05T12:58:00,5.45,5.45,5.45,5.45,7000
2026-07-05T09:59:00.000Z,2026-07-05T12:59:00,5.45,5.45,5.45,5.45,1
2026-07-05T10:00:00.000Z,2026-07-05T13:00:00,5.45,5.45,5.45,5.45,47
2026-07-05T10:01:00.000Z,2026-07-05T13:01:00,5.45,5.45,5.45,5.45,314
2026-07-05T10:04:00.000Z,2026-07-05T13:04:00,5.48,5.48,5.48,5.48,1284
2026-07-05T10:05:00.000Z,2026-07-05T13:05:00,5.45,5.45,5.45,5.45,250
2026-07-05T10:09:00.000Z,2026-07-05T13:09:00,5.48,5.48,5.48,5.48,18
2026-07-05T10:11:00.000Z,2026-07-05T13:11:00,5.48,5.48,5.48,5.48,698
2026-07-05T10:12:00.000Z,2026-07-05T13:12:00,5.48,5.48,5.48,5.48,1302
2026-07-05T10:22:00.000Z,2026-07-05T13:22:00,5.46,5.46,5.46,5.46,35
2026-07-05T10:23:00.000Z,2026-07-05T13:23:00,5.45,5.45,5.42,5.42,243
2026-07-05T10:25:00.000Z,2026-07-05T13:25:00,5.46,5.46,5.46,5.46,182
2026-07-05T10:33:00.000Z,2026-07-05T13:33:00,5.42,5.42,5.42,5.42,25
2026-07-05T10:38:00.000Z,2026-07-05T13:38:00,5.45,5.45,5.45,5.45,2
2026-07-05T10:39:00.000Z,2026-07-05T13:39:00,5.45,5.45,5.45,5.45,1828
2026-07-05T10:41:00.000Z,2026-07-05T13:41:00,5.42,5.42,5.4,5.4,11219
2026-07-05T10:47:00.000Z,2026-07-05T13:47:00,5.4,5.4,5.36,5.36,2625
2026-07-05T10:59:00.000Z,2026-07-05T13:59:00,5.45,5.45,5.45,5.45,1
2026-07-05T11:00:00.000Z,2026-07-05T14:00:00,5.42,5.42,5.42,5.42,1698
2026-07-05T11:02:00.000Z,2026-07-05T14:02:00,5.42,5.42,5.42,5.42,11029
2026-07-05T11:03:00.000Z,2026-07-05T14:03:00,5.4,5.4,5.4,5.4,394
2026-07-05T11:08:00.000Z,2026-07-05T14:08:00,5.39,5.39,5.36,5.36,10000
2026-07-05T11:10:00.000Z,2026-07-05T14:10:00,5.45,5.45,5.45,5.45,1
2026-07-05T11:12:00.000Z,2026-07-05T14:12:00,5.39,5.39,5.38,5.38,1168
2026-07-05T11:13:00.000Z,2026-07-05T14:13:00,5.38,5.38,5.38,5.38,22
2026-07-05T11:27:00.000Z,2026-07-05T14:27:00,5.4,5.4,5.4,5.4,614
2026-07-05T11:29:00.000Z,2026-07-05T14:29:00,5.4,5.4,5.4,5.4,5
2026-07-06T07:00:00.000Z,2026-07-06T10:00:00,5.4,5.46,5.32,5.32,1248
2026-07-06T07:01:00.000Z,2026-07-06T10:01:00,5.33,5.46,5.33,5.46,159
2026-07-06T07:02:00.000Z,2026-07-06T10:02:00,5.33,5.34,5.33,5.34,886
2026-07-06T07:03:00.000Z,2026-07-06T10:03:00,5.34,5.45,5.34,5.34,365
2026-07-06T07:06:00.000Z,2026-07-06T10:06:00,5.35,5.35,5.35,5.35,1146
2026-07-06T07:13:00.000Z,2026-07-06T10:13:00,5.35,5.35,5.35,5.35,103
2026-07-06T07:16:00.000Z,2026-07-06T10:16:00,5.35,5.35,5.35,5.35,162
2026-07-06T07:17:00.000Z,2026-07-06T10:17:00,5.35,5.35,5.35,5.35,508
2026-07-06T07:19:00.000Z,2026-07-06T10:19:00,5.44,5.44,5.44,5.44,50
2026-07-06T07:20:00.000Z,2026-07-06T10:20:00,5.35,5.35,5.35,5.35,1884
2026-07-06T07:21:00.000Z,2026-07-06T10:21:00,5.44,5.44,5.44,5.44,187
2026-07-06T07:22:00.000Z,2026-07-06T10:22:00,5.35,5.35,5.35,5.35,50
2026-07-06T07:26:00.000Z,2026-07-06T10:26:00,5.36,5.36,5.35,5.35,10000
2026-07-06T07:27:00.000Z,2026-07-06T10:27:00,5.35,5.35,5.35,5.35,24
2026-07-06T07:32:00.000Z,2026-07-06T10:32:00,5.35,5.35,5.35,5.35,6
2026-07-06T07:43:00.000Z,2026-07-06T10:43:00,5.35,5.35,5.35,5.35,900
2026-07-06T07:50:00.000Z,2026-07-06T10:50:00,5.43,5.43,5.43,5.43,55
2026-07-06T07:58:00.000Z,2026-07-06T10:58:00,5.36,5.36,5.34,5.34,10000
2026-07-06T08:20:00.000Z,2026-07-06T11:20:00,5.41,5.41,5.41,5.41,148
2026-07-06T08:28:00.000Z,2026-07-06T11:28:00,5.35,5.35,5.34,5.34,14000
2026-07-06T08:30:00.000Z,2026-07-06T11:30:00,5.34,5.34,5.34,5.34,99
2026-07-06T08:32:00.000Z,2026-07-06T11:32:00,5.34,5.34,5.32,5.32,25847
2026-07-06T08:39:00.000Z,2026-07-06T11:39:00,5.4,5.4,5.4,5.4,2501
2026-07-06T08:44:00.000Z,2026-07-06T11:44:00,5.4,5.4,5.4,5.4,660
2026-07-06T08:46:00.000Z,2026-07-06T11:46:00,5.33,5.33,5.32,5.32,528
2026-07-06T08:49:00.000Z,2026-07-06T11:49:00,5.39,5.39,5.39,5.39,106
2026-07-06T08:55:00.000Z,2026-07-06T11:55:00,5.32,5.32,5.32,5.32,2
2026-07-06T09:00:00.000Z,2026-07-06T12:00:00,5.32,5.32,5.32,5.32,540
2026-07-06T09:10:00.000Z,2026-07-06T12:10:00,5.33,5.33,5.32,5.32,13642
2026-07-06T09:12:00.000Z,2026-07-06T12:12:00,5.39,5.39,5.39,5.39,150
2026-07-06T09:13:00.000Z,2026-07-06T12:13:00,5.33,5.33,5.31,5.31,1500
2026-07-06T09:15:00.000Z,2026-07-06T12:15:00,5.39,5.39,5.39,5.39,1322
2026-07-06T09:16:00.000Z,2026-07-06T12:16:00,5.31,5.31,5.31,5.31,30
2026-07-06T09:19:00.000Z,2026-07-06T12:19:00,5.31,5.31,5.31,5.31,3000
2026-07-06T09:22:00.000Z,2026-07-06T12:22:00,5.31,5.31,5.3,5.3,8814
2026-07-06T09:23:00.000Z,2026-07-06T12:23:00,5.3,5.3,5.3,5.3,940
2026-07-06T09:25:00.000Z,2026-07-06T12:25:00,5.16,5.16,5.11,5.11,5520
2026-07-06T09:26:00.000Z,2026-07-06T12:26:00,5.3,5.38,5.3,5.38,1500
2026-07-06T09:28:00.000Z,2026-07-06T12:28:00,5.38,5.38,5.38,5.38,5
2026-07-06T09:46:00.000Z,2026-07-06T12:46:00,5.35,5.35,5.35,5.35,50
2026-07-06T09:54:00.000Z,2026-07-06T12:54:00,5.18,5.18,5.18,5.18,839
2026-07-06T09:55:00.000Z,2026-07-06T12:55:00,5.34,5.34,5.34,5.34,50
2026-07-06T09:57:00.000Z,2026-07-06T12:57:00,5.34,5.34,5.34,5.34,3
2026-07-06T09:58:00.000Z,2026-07-06T12:58:00,5.18,5.34,5.18,5.34,96
2026-07-06T10:00:00.000Z,2026-07-06T13:00:00,5.2,5.2,5.2,5.2,5000
2026-07-06T10:01:00.000Z,2026-07-06T13:01:00,5.32,5.32,5.32,5.32,5
2026-07-06T10:02:00.000Z,2026-07-06T13:02:00,5.21,5.21,5.2,5.2,1146
2026-07-06T10:03:00.000Z,2026-07-06T13:03:00,5.32,5.32,5.32,5.32,50
2026-07-06T10:09:00.000Z,2026-07-06T13:09:00,5.21,5.21,5.19,5.19,5000
2026-07-06T10:11:00.000Z,2026-07-06T13:11:00,5.2,5.2,5.2,5.2,5500
2026-07-06T10:12:00.000Z,2026-07-06T13:12:00,5.2,5.2,5.2,5.2,1691
2026-07-06T10:17:00.000Z,2026-07-06T13:17:00,5.2,5.2,5.19,5.19,5000
2026-07-06T10:19:00.000Z,2026-07-06T13:19:00,5.2,5.2,5.2,5.2,5000
2026-07-06T10:29:00.000Z,2026-07-06T13:29:00,5.3,5.3,5.3,5.3,192
2026-07-06T10:31:00.000Z,2026-07-06T13:31:00,5.3,5.3,5.3,5.3,37
2026-07-06T10:32:00.000Z,2026-07-06T13:32:00,5.21,5.21,5.2,5.2,10000
2026-07-06T10:34:00.000Z,2026-07-06T13:34:00,5.28,5.3,5.28,5.3,407
2026-07-06T10:36:00.000Z,2026-07-06T13:36:00,5.31,5.32,5.31,5.32,7000
2026-07-06T10:39:00.000Z,2026-07-06T13:39:00,5.32,5.32,5.32,5.32,3
2026-07-06T10:40:00.000Z,2026-07-06T13:40:00,5.32,5.32,5.32,5.32,127
2026-07-06T10:44:00.000Z,2026-07-06T13:44:00,5.32,5.32,5.32,5.32,155
2026-07-06T10:50:00.000Z,2026-07-06T13:50:00,5.32,5.32,5.32,5.32,150
2026-07-06T10:51:00.000Z,2026-07-06T13:51:00,5.3,5.3,5.3,5.3,350
2026-07-06T11:05:00.000Z,2026-07-06T14:05:00,5.31,5.31,5.31,5.31,500
2026-07-06T11:09:00.000Z,2026-07-06T14:09:00,5.31,5.31,5.31,5.31,566
2026-07-06T11:10:00.000Z,2026-07-06T14:10:00,5.31,5.31,5.31,5.31,4934
2026-07-06T11:14:00.000Z,2026-07-06T14:14:00,5.3,5.3,5.3,5.3,10066
2026-07-07T07:01:00.000Z,2026-07-07T10:01:00,5.35,5.35,5.35,5.35,51
2026-07-07T07:02:00.000Z,2026-07-07T10:02:00,5.35,5.35,5.35,5.35,16
2026-07-07T07:03:00.000Z,2026-07-07T10:03:00,5.35,5.35,5.3,5.3,86
2026-07-07T07:06:00.000Z,2026-07-07T10:06:00,5.3,5.3,5.3,5.3,5666
2026-07-07T07:07:00.000Z,2026-07-07T10:07:00,5.25,5.25,5.25,5.25,4000
2026-07-07T07:12:00.000Z,2026-07-07T10:12:00,5.25,5.25,5.25,5.25,200
2026-07-07T07:19:00.000Z,2026-07-07T10:19:00,5.2,5.2,5.2,5.2,35
2026-07-07T07:21:00.000Z,2026-07-07T10:21:00,5.2,5.2,5.2,5.2,18
2026-07-07T07:23:00.000Z,2026-07-07T10:23:00,5.2,5.2,5.2,5.2,5487
2026-07-07T07:25:00.000Z,2026-07-07T10:25:00,5.2,5.2,5.2,5.2,1858
2026-07-07T07:28:00.000Z,2026-07-07T10:28:00,5.2,5.2,5.2,5.2,7000
2026-07-07T07:29:00.000Z,2026-07-07T10:29:00,5.19,5.19,5.19,5.19,2
2026-07-07T07:33:00.000Z,2026-07-07T10:33:00,5.2,5.2,5.2,5.2,100
2026-07-07T07:35:00.000Z,2026-07-07T10:35:00,5.2,5.25,5.2,5.25,5689
2026-07-07T07:42:00.000Z,2026-07-07T10:42:00,5.2,5.2,5.18,5.18,24118
2026-07-07T07:43:00.000Z,2026-07-07T10:43:00,5.25,5.25,5.25,5.25,5
2026-07-07T07:44:00.000Z,2026-07-07T10:44:00,5.18,5.18,5.18,5.18,500
2026-07-07T07:45:00.000Z,2026-07-07T10:45:00,5.14,5.14,5.1,5.1,2516
2026-07-07T07:46:00.000Z,2026-07-07T10:46:00,5.09,5.09,5.08,5.08,517
2026-07-07T07:48:00.000Z,2026-07-07T10:48:00,5.25,5.25,5.25,5.25,2
2026-07-07T07:50:00.000Z,2026-07-07T10:50:00,5.25,5.25,5.25,5.25,192
2026-07-07T07:53:00.000Z,2026-07-07T10:53:00,5.2,5.2,5.2,5.2,250
2026-07-07T08:00:00.000Z,2026-07-07T11:00:00,5.24,5.24,5.24,5.24,20
2026-07-07T08:01:00.000Z,2026-07-07T11:01:00,5.24,5.24,5.24,5.24,1730
2026-07-07T08:02:00.000Z,2026-07-07T11:02:00,5.25,5.25,5.25,5.25,3000
2026-07-07T08:06:00.000Z,2026-07-07T11:06:00,5.24,5.24,5.24,5.24,270
2026-07-07T08:09:00.000Z,2026-07-07T11:09:00,5.25,5.25,5.25,5.25,200
2026-07-07T08:12:00.000Z,2026-07-07T11:12:00,5.25,5.25,5.25,5.25,40
2026-07-07T08:13:00.000Z,2026-07-07T11:13:00,5.25,5.25,5.25,5.25,210
2026-07-07T08:14:00.000Z,2026-07-07T11:14:00,5.17,5.17,5.16,5.16,6150
2026-07-07T08:19:00.000Z,2026-07-07T11:19:00,5.16,5.16,5.16,5.16,3000
2026-07-07T08:22:00.000Z,2026-07-07T11:22:00,5.16,5.16,5.16,5.16,1000
2026-07-07T08:24:00.000Z,2026-07-07T11:24:00,5.2,5.2,5.2,5.2,4
2026-07-07T08:30:00.000Z,2026-07-07T11:30:00,5.2,5.2,5.2,5.2,9
2026-07-07T08:31:00.000Z,2026-07-07T11:31:00,5.2,5.2,5.2,5.2,325
2026-07-07T08:32:00.000Z,2026-07-07T11:32:00,5.2,5.2,5.2,5.2,20
2026-07-07T08:33:00.000Z,2026-07-07T11:33:00,5.25,5.25,5.2,5.2,2146
2026-07-07T08:42:00.000Z,2026-07-07T11:42:00,5.24,5.25,5.24,5.25,5000
2026-07-07T08:46:00.000Z,2026-07-07T11:46:00,5.2,5.25,5.2,5.25,30200
2026-07-07T08:54:00.000Z,2026-07-07T11:54:00,5.2,5.2,5.16,5.16,4900
2026-07-07T08:57:00.000Z,2026-07-07T11:57:00,5.24,5.24,5.24,5.24,2
2026-07-07T08:58:00.000Z,2026-07-07T11:58:00,5.24,5.39,5.24,5.39,4770
2026-07-07T08:59:00.000Z,2026-07-07T11:59:00,5.2,5.2,5.2,5.2,3669
2026-07-07T09:08:00.000Z,2026-07-07T12:08:00,5.2,5.2,5.2,5.2,49
2026-07-07T09:10:00.000Z,2026-07-07T12:10:00,5.2,5.2,5.16,5.16,1440
2026-07-07T09:13:00.000Z,2026-07-07T12:13:00,5.17,5.17,5.15,5.15,20000
2026-07-07T09:14:00.000Z,2026-07-07T12:14:00,5.15,5.15,5.15,5.15,10836
2026-07-07T09:15:00.000Z,2026-07-07T12:15:00,5.11,5.37,5.08,5.37,25515
2026-07-07T09:19:00.000Z,2026-07-07T12:19:00,5.34,5.34,5.34,5.34,1
2026-07-07T09:24:00.000Z,2026-07-07T12:24:00,5.11,5.11,5.11,5.11,150
2026-07-07T09:26:00.000Z,2026-07-07T12:26:00,5.11,5.11,5.11,5.11,13349
2026-07-07T09:29:00.000Z,2026-07-07T12:29:00,5.11,5.11,5.11,5.11,1000
2026-07-07T09:31:00.000Z,2026-07-07T12:31:00,5.25,5.25,5.25,5.25,500
2026-07-07T09:40:00.000Z,2026-07-07T12:40:00,5.21,5.22,5.21,5.22,4000
2026-07-07T09:41:00.000Z,2026-07-07T12:41:00,5.22,5.23,5.22,5.23,4000
2026-07-07T09:42:00.000Z,2026-07-07T12:42:00,5.23,5.24,5.23,5.24,5406
2026-07-07T09:43:00.000Z,2026-07-07T12:43:00,5.25,5.25,5.25,5.25,6056
2026-07-07T09:44:00.000Z,2026-07-07T12:44:00,5.25,5.25,5.25,5.25,2450
2026-07-07T09:45:00.000Z,2026-07-07T12:45:00,5.25,5.25,5.25,5.25,6494
2026-07-07T09:47:00.000Z,2026-07-07T12:47:00,5.25,5.25,5.25,5.25,1006
2026-07-07T09:48:00.000Z,2026-07-07T12:48:00,5.29,5.41,5.29,5.41,10000
2026-07-07T09:50:00.000Z,2026-07-07T12:50:00,5.4,5.4,5.4,5.4,994
2026-07-07T09:55:00.000Z,2026-07-07T12:55:00,5.16,5.16,5.14,5.14,17434
2026-07-07T09:58:00.000Z,2026-07-07T12:58:00,5.17,5.17,5.12,5.12,17847
2026-07-07T10:02:00.000Z,2026-07-07T13:02:00,5.12,5.12,5.09,5.09,95461
2026-07-07T10:04:00.000Z,2026-07-07T13:04:00,5.35,5.35,5.35,5.35,120
2026-07-07T10:08:00.000Z,2026-07-07T13:08:00,5.14,5.29,5.05,5.29,128628
2026-07-07T10:09:00.000Z,2026-07-07T13:09:00,5.28,5.28,5.28,5.28,2040
2026-07-07T10:13:00.000Z,2026-07-07T13:13:00,5.08,5.08,5,5,78872
2026-07-07T10:23:00.000Z,2026-07-07T13:23:00,5.01,5.01,5.01,5.01,10
2026-07-07T10:24:00.000Z,2026-07-07T13:24:00,5.01,5.01,5,5,5596
2026-07-07T10:25:00.000Z,2026-07-07T13:25:00,5,5.24,5,5.24,4704
2026-07-07T10:28:00.000Z,2026-07-07T13:28:00,5.1,5.1,5,5,2783
2026-07-07T10:29:00.000Z,2026-07-07T13:29:00,5,5.23,5,5.23,7219
2026-07-07T10:30:00.000Z,2026-07-07T13:30:00,5.23,5.23,5.23,5.23,189
2026-07-07T10:31:00.000Z,2026-07-07T13:31:00,5.23,5.24,5.23,5.24,2536
2026-07-07T10:32:00.000Z,2026-07-07T13:32:00,5.23,5.23,5.23,5.23,196
2026-07-07T10:34:00.000Z,2026-07-07T13:34:00,5.03,5.23,5,5.23,30002
2026-07-07T10:59:00.000Z,2026-07-07T13:59:00,5.02,5.02,5.02,5.02,8000
2026-07-07T11:02:00.000Z,2026-07-07T14:02:00,5.18,5.18,5.18,5.18,11
2026-07-07T11:03:00.000Z,2026-07-07T14:03:00,5.03,5.03,5,5,51000
2026-07-07T11:04:00.000Z,2026-07-07T14:04:00,5.17,5.17,5.17,5.17,8
2026-07-07T11:10:00.000Z,2026-07-07T14:10:00,5.01,5.16,5,5.16,24001
2026-07-07T11:12:00.000Z,2026-07-07T14:12:00,5.16,5.16,5.16,5.16,99
2026-07-07T11:13:00.000Z,2026-07-07T14:13:00,5.17,5.17,5.16,5.16,101
2026-07-07T11:14:00.000Z,2026-07-07T14:14:00,5.17,5.19,5,5.19,12061
2026-07-08T07:00:00.000Z,2026-07-08T10:00:00,5.19,5.19,5.01,5.01,529
2026-07-08T07:01:00.000Z,2026-07-08T10:01:00,5.18,5.18,5.18,5.18,3
2026-07-08T07:02:00.000Z,2026-07-08T10:02:00,5.01,5.01,5,5,9628
2026-07-08T07:03:00.000Z,2026-07-08T10:03:00,5,5,5,5,311
2026-07-08T07:04:00.000Z,2026-07-08T10:04:00,4.99,5,4.9,5,25002
2026-07-08T07:05:00.000Z,2026-07-08T10:05:00,4.9,5.16,4.9,5.16,5560
2026-07-08T07:10:00.000Z,2026-07-08T10:10:00,5.11,5.11,5.1,5.1,2267
2026-07-08T07:11:00.000Z,2026-07-08T10:11:00,4.9,5.09,4.9,5.09,10
2026-07-08T07:24:00.000Z,2026-07-08T10:24:00,4.99,4.99,4.99,4.99,3
2026-07-08T07:25:00.000Z,2026-07-08T10:25:00,5.06,5.06,5.06,5.06,2
2026-07-08T07:27:00.000Z,2026-07-08T10:27:00,5,5,4.99,4.99,2705
2026-07-08T07:29:00.000Z,2026-07-08T10:29:00,4.99,4.99,4.99,4.99,5
2026-07-08T07:30:00.000Z,2026-07-08T10:30:00,4.99,5.06,4.99,5.06,502
2026-07-08T07:48:00.000Z,2026-07-08T10:48:00,5.05,5.05,5.05,5.05,2000
2026-07-08T07:52:00.000Z,2026-07-08T10:52:00,5.05,5.06,5.05,5.05,1908
2026-07-08T07:53:00.000Z,2026-07-08T10:53:00,5.06,5.18,5.06,5.18,4611
2026-07-08T07:54:00.000Z,2026-07-08T10:54:00,5.18,5.18,5.07,5.18,20003
2026-07-08T07:57:00.000Z,2026-07-08T10:57:00,5.17,5.17,5.17,5.17,2
2026-07-08T08:04:00.000Z,2026-07-08T11:04:00,5.17,5.17,5.17,5.17,600
2026-07-08T08:06:00.000Z,2026-07-08T11:06:00,5.17,5.18,5.17,5.18,1598
2026-07-08T08:14:00.000Z,2026-07-08T11:14:00,5.25,5.25,5.25,5.25,1930
2026-07-08T08:15:00.000Z,2026-07-08T11:15:00,5.25,5.25,5.25,5.25,14
2026-07-08T08:16:00.000Z,2026-07-08T11:16:00,5.25,5.34,5.25,5.34,9523
2026-07-08T08:17:00.000Z,2026-07-08T11:17:00,5.34,5.34,5.34,5.34,6270
2026-07-08T08:18:00.000Z,2026-07-08T11:18:00,5.34,5.34,5.34,5.34,12951
2026-07-08T08:29:00.000Z,2026-07-08T11:29:00,5.35,5.35,5.34,5.34,541
2026-07-08T08:31:00.000Z,2026-07-08T11:31:00,5.35,5.35,5.09,5.09,5633
2026-07-08T08:32:00.000Z,2026-07-08T11:32:00,5.09,5.09,5.09,5.09,9252
2026-07-08T08:33:00.000Z,2026-07-08T11:33:00,5.09,5.34,5.09,5.33,1490
2026-07-08T08:34:00.000Z,2026-07-08T11:34:00,5.33,5.33,5.33,5.33,80
2026-07-08T08:37:00.000Z,2026-07-08T11:37:00,5.33,5.33,5.33,5.33,4110
2026-07-08T08:39:00.000Z,2026-07-08T11:39:00,5.34,5.34,5.1,5.1,2400
2026-07-08T08:43:00.000Z,2026-07-08T11:43:00,5.3,5.3,5.3,5.3,2
2026-07-08T08:46:00.000Z,2026-07-08T11:46:00,5.15,5.3,5.15,5.3,14
2026-07-08T08:50:00.000Z,2026-07-08T11:50:00,5.3,5.3,5.3,5.3,250
2026-07-08T08:53:00.000Z,2026-07-08T11:53:00,5.3,5.3,5.3,5.3,2000
2026-07-08T08:58:00.000Z,2026-07-08T11:58:00,5.3,5.3,5.19,5.19,26
2026-07-08T08:59:00.000Z,2026-07-08T11:59:00,5.3,5.3,5.3,5.3,5
2026-07-08T09:02:00.000Z,2026-07-08T12:02:00,5.3,5.3,5.19,5.19,599
2026-07-08T09:03:00.000Z,2026-07-08T12:03:00,5.3,5.3,5.3,5.3,568
2026-07-08T09:05:00.000Z,2026-07-08T12:05:00,5.3,5.3,5.3,5.3,18
2026-07-08T09:07:00.000Z,2026-07-08T12:07:00,5.3,5.3,5.3,5.3,377
2026-07-08T09:08:00.000Z,2026-07-08T12:08:00,5.29,5.29,5.19,5.19,1521
2026-07-08T09:11:00.000Z,2026-07-08T12:11:00,5.29,5.29,5.29,5.29,3
2026-07-08T09:12:00.000Z,2026-07-08T12:12:00,5.29,5.29,5.29,5.29,3
2026-07-08T09:14:00.000Z,2026-07-08T12:14:00,5.29,5.29,5.29,5.29,12
2026-07-08T09:16:00.000Z,2026-07-08T12:16:00,5.29,5.29,5.29,5.29,43
2026-07-08T09:18:00.000Z,2026-07-08T12:18:00,5.19,5.28,5.17,5.28,5383
2026-07-08T09:20:00.000Z,2026-07-08T12:20:00,5.28,5.28,5.28,5.28,2
2026-07-08T09:21:00.000Z,2026-07-08T12:21:00,5.28,5.28,5.28,5.28,84
2026-07-08T09:22:00.000Z,2026-07-08T12:22:00,5.28,5.28,5.28,5.28,50
2026-07-08T09:23:00.000Z,2026-07-08T12:23:00,5.17,5.17,5.17,5.17,62
2026-07-08T09:28:00.000Z,2026-07-08T12:28:00,5.17,5.17,5.17,5.17,6142
2026-07-08T09:29:00.000Z,2026-07-08T12:29:00,5.17,5.17,5.17,5.17,200
2026-07-08T09:34:00.000Z,2026-07-08T12:34:00,5.17,5.17,5.17,5.17,500
2026-07-08T09:37:00.000Z,2026-07-08T12:37:00,5.17,5.17,5.17,5.17,2770
2026-07-08T09:40:00.000Z,2026-07-08T12:40:00,5.17,5.17,5.17,5.17,45
2026-07-08T09:42:00.000Z,2026-07-08T12:42:00,5.17,5.17,5.17,5.17,500
2026-07-08T09:43:00.000Z,2026-07-08T12:43:00,5.17,5.17,5.17,5.17,70
2026-07-08T09:44:00.000Z,2026-07-08T12:44:00,5.17,5.17,5.17,5.17,10
2026-07-08T09:56:00.000Z,2026-07-08T12:56:00,5.14,5.17,5.1,5.17,10898
2026-07-08T10:04:00.000Z,2026-07-08T13:04:00,5.1,5.1,5.1,5.1,10
2026-07-08T10:09:00.000Z,2026-07-08T13:09:00,5.1,5.1,5.1,5.1,1
2026-07-08T10:10:00.000Z,2026-07-08T13:10:00,5.11,5.11,5.1,5.1,25000
2026-07-08T10:17:00.000Z,2026-07-08T13:17:00,5.17,5.17,5.17,5.17,25
2026-07-08T10:27:00.000Z,2026-07-08T13:27:00,5.12,5.12,5.1,5.1,4890
2026-07-08T10:28:00.000Z,2026-07-08T13:28:00,5.17,5.17,5.17,5.17,1
2026-07-08T10:44:00.000Z,2026-07-08T13:44:00,5.11,5.11,5.11,5.11,485
2026-07-08T10:46:00.000Z,2026-07-08T13:46:00,5.17,5.17,5.17,5.17,5
2026-07-08T11:03:00.000Z,2026-07-08T14:03:00,5.17,5.17,5.17,5.17,6000
2026-07-08T11:13:00.000Z,2026-07-08T14:13:00,5.17,5.17,5.17,5.17,800
2026-07-09T07:00:00.000Z,2026-07-09T10:00:00,5.2,5.2,5,5,47
2026-07-09T07:01:00.000Z,2026-07-09T10:01:00,5.17,5.17,5.17,5.17,8
2026-07-09T07:02:00.000Z,2026-07-09T10:02:00,5,5,5,5,4384
2026-07-09T07:07:00.000Z,2026-07-09T10:07:00,5.01,5.01,5,5,4000
2026-07-09T07:09:00.000Z,2026-07-09T10:09:00,5.13,5.14,5,5,2430
2026-07-09T07:10:00.000Z,2026-07-09T10:10:00,5.13,5.13,5.13,5.13,2
2026-07-09T07:20:00.000Z,2026-07-09T10:20:00,5,5,5,5,1250
2026-07-09T07:21:00.000Z,2026-07-09T10:21:00,5.13,5.13,5.13,5.13,1
2026-07-09T07:22:00.000Z,2026-07-09T10:22:00,5.13,5.16,5.13,5.16,3291
2026-07-09T07:23:00.000Z,2026-07-09T10:23:00,4.99,4.99,4.95,4.95,5601
2026-07-09T07:24:00.000Z,2026-07-09T10:24:00,5.16,5.16,5.16,5.16,243
2026-07-09T07:30:00.000Z,2026-07-09T10:30:00,4.95,4.95,4.95,4.95,90
2026-07-09T07:34:00.000Z,2026-07-09T10:34:00,4.96,4.96,4.95,4.95,24900
2026-07-09T07:35:00.000Z,2026-07-09T10:35:00,5.09,5.13,5.09,5.13,1212
2026-07-09T07:45:00.000Z,2026-07-09T10:45:00,5.1,5.1,5.1,5.1,600
2026-07-09T07:47:00.000Z,2026-07-09T10:47:00,5.11,5.12,5.1,5.1,6260
2026-07-09T07:48:00.000Z,2026-07-09T10:48:00,4.96,5.12,4.93,5.12,15340
2026-07-09T07:50:00.000Z,2026-07-09T10:50:00,4.93,4.93,4.93,4.93,3200
2026-07-09T07:51:00.000Z,2026-07-09T10:51:00,5.11,5.11,5.11,5.11,202
2026-07-09T08:09:00.000Z,2026-07-09T11:09:00,4.96,4.96,4.95,4.95,15000
2026-07-09T08:14:00.000Z,2026-07-09T11:14:00,5,5,4.95,4.95,23000
2026-07-09T08:17:00.000Z,2026-07-09T11:17:00,4.95,4.95,4.95,4.95,166
2026-07-09T08:21:00.000Z,2026-07-09T11:21:00,4.95,4.95,4.95,4.95,7
2026-07-09T08:25:00.000Z,2026-07-09T11:25:00,5.1,5.1,5.1,5.1,345
2026-07-09T08:47:00.000Z,2026-07-09T11:47:00,5,5,5,5,1015
2026-07-09T08:49:00.000Z,2026-07-09T11:49:00,5.08,5.08,5.08,5.08,93
2026-07-09T09:30:00.000Z,2026-07-09T12:30:00,5.07,5.07,5.07,5.07,3
2026-07-09T09:37:00.000Z,2026-07-09T12:37:00,5.07,5.07,5.07,5.07,400
2026-07-09T09:46:00.000Z,2026-07-09T12:46:00,5.07,5.07,5.07,5.07,984
2026-07-09T09:48:00.000Z,2026-07-09T12:48:00,5.07,5.07,5.07,5.07,1748
2026-07-09T09:56:00.000Z,2026-07-09T12:56:00,5.03,5.03,5,5,15000
2026-07-09T10:05:00.000Z,2026-07-09T13:05:00,5,5,5,5,200
2026-07-09T10:12:00.000Z,2026-07-09T13:12:00,5.07,5.07,5.07,5.07,63
2026-07-09T10:20:00.000Z,2026-07-09T13:20:00,5,5,5,5,2348
2026-07-09T10:25:00.000Z,2026-07-09T13:25:00,5.08,5.08,5.08,5.08,722
2026-07-09T10:37:00.000Z,2026-07-09T13:37:00,5,5,5,5,8000
2026-07-09T10:41:00.000Z,2026-07-09T13:41:00,5.07,5.07,5.07,5.07,1360
2026-07-09T10:49:00.000Z,2026-07-09T13:49:00,5,5,5,5,232
2026-07-09T10:54:00.000Z,2026-07-09T13:54:00,5.03,5.03,5.01,5.01,7331
2026-07-09T11:04:00.000Z,2026-07-09T14:04:00,5.08,5.08,5.08,5.08,250
2026-07-09T11:05:00.000Z,2026-07-09T14:05:00,5.02,5.02,5.02,5.02,519
2026-07-09T11:12:00.000Z,2026-07-09T14:12:00,5.02,5.02,5.02,5.02,100
2026-07-09T11:13:00.000Z,2026-07-09T14:13:00,5.08,5.08,5.08,5.08,143
2026-07-12T07:00:00.000Z,2026-07-12T10:00:00,5.02,5.02,5.02,5.02,598
2026-07-12T07:01:00.000Z,2026-07-12T10:01:00,5.02,5.07,5.02,5.02,108
2026-07-12T07:02:00.000Z,2026-07-12T10:02:00,5.02,5.02,5.02,5.02,1
2026-07-12T07:03:00.000Z,2026-07-12T10:03:00,5.02,5.09,5,5.09,21264
2026-07-12T07:04:00.000Z,2026-07-12T10:04:00,5,5.09,5,5.02,2304
2026-07-12T07:05:00.000Z,2026-07-12T10:05:00,5.02,5.02,5.02,5.02,28
2026-07-12T07:06:00.000Z,2026-07-12T10:06:00,5.02,5.02,5.02,5.02,53
2026-07-12T07:07:00.000Z,2026-07-12T10:07:00,5.02,5.02,5,5,7242
2026-07-12T07:08:00.000Z,2026-07-12T10:08:00,5,5,5,5,3025
2026-07-12T07:09:00.000Z,2026-07-12T10:09:00,5,5,5,5,75
2026-07-12T07:11:00.000Z,2026-07-12T10:11:00,5,5,5,5,200
2026-07-12T07:12:00.000Z,2026-07-12T10:12:00,5,5,5,5,111
2026-07-12T07:13:00.000Z,2026-07-12T10:13:00,4.99,4.99,4.95,4.95,16379
2026-07-12T07:14:00.000Z,2026-07-12T10:14:00,4.96,4.96,4.96,4.96,2989
2026-07-12T07:16:00.000Z,2026-07-12T10:16:00,4.96,4.96,4.96,4.96,2864
2026-07-12T07:17:00.000Z,2026-07-12T10:17:00,4.96,4.96,4.96,4.96,2242
2026-07-12T07:18:00.000Z,2026-07-12T10:18:00,5,5,5,5,18925
2026-07-12T07:19:00.000Z,2026-07-12T10:19:00,5.08,5.08,5.08,5.08,982
2026-07-12T07:20:00.000Z,2026-07-12T10:20:00,5,5,5,5,600
2026-07-12T07:22:00.000Z,2026-07-12T10:22:00,5,5,5,5,55
2026-07-12T07:23:00.000Z,2026-07-12T10:23:00,5,5,5,5,100
2026-07-12T07:24:00.000Z,2026-07-12T10:24:00,5,5,5,5,91
2026-07-12T07:27:00.000Z,2026-07-12T10:27:00,5,5,5,5,1937
2026-07-12T07:36:00.000Z,2026-07-12T10:36:00,5.07,5.07,5.07,5.07,100
2026-07-12T07:39:00.000Z,2026-07-12T10:39:00,4.97,4.97,4.97,4.97,18
2026-07-12T07:40:00.000Z,2026-07-12T10:40:00,4.97,4.97,4.97,4.97,876
2026-07-12T07:44:00.000Z,2026-07-12T10:44:00,5,5.05,4.97,5.05,201
2026-07-12T07:46:00.000Z,2026-07-12T10:46:00,4.97,4.97,4.97,4.97,383
2026-07-12T07:47:00.000Z,2026-07-12T10:47:00,5.05,5.05,5.05,5.05,14
2026-07-12T07:51:00.000Z,2026-07-12T10:51:00,5.04,5.05,5.04,5.05,1124
2026-07-12T07:54:00.000Z,2026-07-12T10:54:00,5.04,5.04,5.04,5.04,2
2026-07-12T07:55:00.000Z,2026-07-12T10:55:00,5.05,5.05,5.05,5.05,2600
2026-07-12T07:56:00.000Z,2026-07-12T10:56:00,5.04,5.04,5.04,5.04,20
2026-07-12T08:00:00.000Z,2026-07-12T11:00:00,5.04,5.04,5.04,5.04,128
2026-07-12T08:01:00.000Z,2026-07-12T11:01:00,4.97,4.97,4.96,4.96,14081
2026-07-12T08:05:00.000Z,2026-07-12T11:05:00,5,5,5,5,82
2026-07-12T08:06:00.000Z,2026-07-12T11:06:00,4.96,4.96,4.96,4.96,844
2026-07-12T08:11:00.000Z,2026-07-12T11:11:00,5,5,5,5,100
2026-07-12T08:14:00.000Z,2026-07-12T11:14:00,4.97,4.97,4.97,4.97,1
2026-07-12T08:20:00.000Z,2026-07-12T11:20:00,4.97,5,4.97,5,421
2026-07-12T08:21:00.000Z,2026-07-12T11:21:00,4.97,4.97,4.97,4.97,1
2026-07-12T08:24:00.000Z,2026-07-12T11:24:00,4.99,4.99,4.99,4.99,1000
2026-07-12T08:25:00.000Z,2026-07-12T11:25:00,5,5,5,5,2000
2026-07-12T08:26:00.000Z,2026-07-12T11:26:00,5,5,5,5,10422
2026-07-12T08:27:00.000Z,2026-07-12T11:27:00,5,5,4.92,5,72150
2026-07-12T08:36:00.000Z,2026-07-12T11:36:00,5,5,5,5,449
2026-07-12T08:42:00.000Z,2026-07-12T11:42:00,5,5,4.96,4.96,3255
2026-07-12T08:57:00.000Z,2026-07-12T11:57:00,5.01,5.01,5.01,5.01,200
2026-07-12T08:58:00.000Z,2026-07-12T11:58:00,5,5,5,5,3230
2026-07-12T09:00:00.000Z,2026-07-12T12:00:00,5,5,5,5,18
2026-07-12T09:02:00.000Z,2026-07-12T12:02:00,4.97,4.97,4.97,4.97,265
2026-07-12T09:05:00.000Z,2026-07-12T12:05:00,4.97,4.97,4.97,4.97,500
2026-07-12T09:06:00.000Z,2026-07-12T12:06:00,4.97,4.97,4.97,4.97,2
2026-07-12T09:09:00.000Z,2026-07-12T12:09:00,4.99,4.99,4.99,4.99,2033
2026-07-12T09:10:00.000Z,2026-07-12T12:10:00,4.99,4.99,4.99,4.99,50
2026-07-12T09:14:00.000Z,2026-07-12T12:14:00,4.99,4.99,4.99,4.99,49
2026-07-12T09:15:00.000Z,2026-07-12T12:15:00,4.99,4.99,4.99,4.99,2520
2026-07-12T09:19:00.000Z,2026-07-12T12:19:00,4.97,4.99,4.95,4.99,25100
2026-07-12T09:23:00.000Z,2026-07-12T12:23:00,4.97,4.97,4.97,4.97,74
2026-07-12T09:24:00.000Z,2026-07-12T12:24:00,4.97,4.97,4.97,4.97,200
2026-07-12T09:25:00.000Z,2026-07-12T12:25:00,4.97,4.97,4.97,4.97,50
2026-07-12T09:41:00.000Z,2026-07-12T12:41:00,4.99,4.99,4.99,4.99,50
2026-07-12T09:42:00.000Z,2026-07-12T12:42:00,4.99,5.09,4.99,5.09,12089
2026-07-12T09:43:00.000Z,2026-07-12T12:43:00,5.09,5.09,5.09,5.09,998
2026-07-12T09:46:00.000Z,2026-07-12T12:46:00,4.97,4.97,4.97,4.97,200
2026-07-12T09:50:00.000Z,2026-07-12T12:50:00,5.07,5.07,5.07,5.07,50
2026-07-12T09:55:00.000Z,2026-07-12T12:55:00,4.98,4.98,4.95,4.95,35000
2026-07-12T09:56:00.000Z,2026-07-12T12:56:00,5.06,5.06,5.06,5.06,1571
2026-07-12T09:57:00.000Z,2026-07-12T12:57:00,4.96,4.96,4.96,4.96,4000
2026-07-12T10:00:00.000Z,2026-07-12T13:00:00,4.96,4.96,4.96,4.96,1116
2026-07-12T10:02:00.000Z,2026-07-12T13:02:00,5,5,4.95,4.95,85000
2026-07-12T10:14:00.000Z,2026-07-12T13:14:00,4.98,4.98,4.98,4.98,5
2026-07-12T10:27:00.000Z,2026-07-12T13:27:00,4.98,4.98,4.98,4.98,195
2026-07-12T10:28:00.000Z,2026-07-12T13:28:00,4.99,4.99,4.99,4.99,20
2026-07-12T10:31:00.000Z,2026-07-12T13:31:00,4.99,5.04,4.99,5,3347
2026-07-12T10:41:00.000Z,2026-07-12T13:41:00,5.04,5.04,5.04,5.04,100
2026-07-12T10:43:00.000Z,2026-07-12T13:43:00,5,5,5,5,318
2026-07-12T10:47:00.000Z,2026-07-12T13:47:00,5.04,5.04,5.04,5.04,50
2026-07-12T10:48:00.000Z,2026-07-12T13:48:00,5,5,5,5,250
2026-07-12T10:50:00.000Z,2026-07-12T13:50:00,5,5,5,5,1
2026-07-12T10:58:00.000Z,2026-07-12T13:58:00,5,5,5,5,1084
2026-07-12T11:07:00.000Z,2026-07-12T14:07:00,5,5.03,5,5.03,2000
2026-07-12T11:09:00.000Z,2026-07-12T14:09:00,4.98,4.98,4.97,4.97,250
2026-07-13T07:00:00.000Z,2026-07-13T10:00:00,5,5,5,5,50
2026-07-13T07:01:00.000Z,2026-07-13T10:01:00,4.97,4.97,4.97,4.97,519
2026-07-13T07:02:00.000Z,2026-07-13T10:02:00,4.97,4.97,4.97,4.97,10
2026-07-13T07:04:00.000Z,2026-07-13T10:04:00,4.97,4.97,4.97,4.97,3
2026-07-13T07:06:00.000Z,2026-07-13T10:06:00,4.97,4.97,4.97,4.97,1
2026-07-13T07:12:00.000Z,2026-07-13T10:12:00,4.97,4.97,4.95,4.95,60000
2026-07-13T07:14:00.000Z,2026-07-13T10:14:00,5,5,5,5,98
2026-07-13T07:20:00.000Z,2026-07-13T10:20:00,4.98,4.99,4.95,4.99,2262
2026-07-13T07:21:00.000Z,2026-07-13T10:21:00,4.95,4.95,4.95,4.95,5
2026-07-13T07:27:00.000Z,2026-07-13T10:27:00,4.95,4.95,4.61,4.61,71414
2026-07-13T07:37:00.000Z,2026-07-13T10:37:00,4.97,4.97,4.97,4.97,926
2026-07-13T07:39:00.000Z,2026-07-13T10:39:00,4.93,4.93,4.93,4.93,126
2026-07-13T07:42:00.000Z,2026-07-13T10:42:00,4.92,4.93,4.92,4.93,1574
2026-07-13T07:43:00.000Z,2026-07-13T10:43:00,4.92,4.92,4.9,4.9,2426
2026-07-13T07:46:00.000Z,2026-07-13T10:46:00,4.85,4.85,4.85,4.85,50
2026-07-13T07:48:00.000Z,2026-07-13T10:48:00,4.85,4.85,4.85,4.85,220
2026-07-13T07:49:00.000Z,2026-07-13T10:49:00,4.85,4.98,4.85,4.98,20000
2026-07-13T07:50:00.000Z,2026-07-13T10:50:00,4.98,4.99,4.98,4.99,4016
2026-07-13T07:53:00.000Z,2026-07-13T10:53:00,4.99,4.99,4.99,4.99,10
2026-07-13T07:55:00.000Z,2026-07-13T10:55:00,4.95,4.95,4.95,4.95,411
2026-07-13T07:56:00.000Z,2026-07-13T10:56:00,4.95,4.95,4.95,4.95,4
2026-07-13T08:02:00.000Z,2026-07-13T11:02:00,4.97,4.97,4.97,4.97,466
2026-07-13T08:04:00.000Z,2026-07-13T11:04:00,4.95,4.95,4.9,4.9,1150
2026-07-13T08:07:00.000Z,2026-07-13T11:07:00,4.9,4.9,4.9,4.9,1062
2026-07-13T08:08:00.000Z,2026-07-13T11:08:00,4.95,4.95,4.95,4.95,30
2026-07-13T08:09:00.000Z,2026-07-13T11:09:00,4.91,4.91,4.91,4.91,40
2026-07-13T08:12:00.000Z,2026-07-13T11:12:00,4.92,4.92,4.92,4.92,245
2026-07-13T08:16:00.000Z,2026-07-13T11:16:00,4.95,4.95,4.95,4.95,13
2026-07-13T08:17:00.000Z,2026-07-13T11:17:00,4.92,4.92,4.92,4.92,1616
2026-07-13T08:18:00.000Z,2026-07-13T11:18:00,4.92,4.92,4.91,4.91,500
2026-07-13T08:23:00.000Z,2026-07-13T11:23:00,4.94,4.94,4.91,4.91,504
2026-07-13T08:24:00.000Z,2026-07-13T11:24:00,4.93,4.93,4.93,4.93,190
2026-07-13T08:25:00.000Z,2026-07-13T11:25:00,4.93,4.93,4.93,4.93,1
2026-07-13T08:27:00.000Z,2026-07-13T11:27:00,4.91,4.91,4.91,4.91,900
2026-07-13T08:31:00.000Z,2026-07-13T11:31:00,4.91,4.91,4.91,4.91,10000
2026-07-13T08:38:00.000Z,2026-07-13T11:38:00,4.92,4.92,4.92,4.92,100
2026-07-13T08:39:00.000Z,2026-07-13T11:39:00,4.92,4.92,4.92,4.92,1900
2026-07-13T08:40:00.000Z,2026-07-13T11:40:00,4.91,4.91,4.91,4.91,23855
2026-07-13T08:43:00.000Z,2026-07-13T11:43:00,4.91,4.91,4.91,4.91,2000
2026-07-13T08:48:00.000Z,2026-07-13T11:48:00,4.91,4.91,4.9,4.91,4700
2026-07-13T08:49:00.000Z,2026-07-13T11:49:00,4.91,4.91,4.91,4.91,185
2026-07-13T08:51:00.000Z,2026-07-13T11:51:00,4.91,4.91,4.88,4.88,3109
2026-07-13T08:53:00.000Z,2026-07-13T11:53:00,4.9,4.9,4.9,4.9,639
2026-07-13T08:54:00.000Z,2026-07-13T11:54:00,4.9,4.9,4.9,4.9,306
2026-07-13T08:57:00.000Z,2026-07-13T11:57:00,4.9,4.9,4.9,4.9,200
2026-07-13T09:01:00.000Z,2026-07-13T12:01:00,4.88,4.88,4.88,4.88,10
2026-07-13T09:04:00.000Z,2026-07-13T12:04:00,4.9,4.9,4.9,4.9,800
2026-07-13T09:07:00.000Z,2026-07-13T12:07:00,4.88,4.88,4.88,4.88,146
2026-07-13T09:09:00.000Z,2026-07-13T12:09:00,4.88,4.88,4.88,4.88,40
2026-07-13T09:12:00.000Z,2026-07-13T12:12:00,4.88,4.88,4.88,4.88,789
2026-07-13T09:18:00.000Z,2026-07-13T12:18:00,4.88,4.88,4.88,4.88,930
2026-07-13T09:19:00.000Z,2026-07-13T12:19:00,4.9,4.9,4.9,4.9,354
2026-07-13T09:20:00.000Z,2026-07-13T12:20:00,4.9,4.9,4.9,4.9,65
2026-07-13T09:23:00.000Z,2026-07-13T12:23:00,4.9,4.9,4.9,4.9,750
2026-07-13T09:26:00.000Z,2026-07-13T12:26:00,4.9,4.9,4.9,4.9,3000
2026-07-13T09:30:00.000Z,2026-07-13T12:30:00,4.9,4.9,4.9,4.9,1800
2026-07-13T09:32:00.000Z,2026-07-13T12:32:00,4.9,4.9,4.9,4.9,706
2026-07-13T09:34:00.000Z,2026-07-13T12:34:00,4.89,4.89,4.88,4.89,4046
2026-07-13T09:36:00.000Z,2026-07-13T12:36:00,4.89,4.89,4.89,4.89,90
2026-07-13T09:38:00.000Z,2026-07-13T12:38:00,4.85,4.85,4.85,4.85,1500
2026-07-13T09:40:00.000Z,2026-07-13T12:40:00,4.81,4.85,4.81,4.85,19
2026-07-13T09:41:00.000Z,2026-07-13T12:41:00,4.85,4.85,4.85,4.85,4
2026-07-13T09:46:00.000Z,2026-07-13T12:46:00,4.85,4.85,4.85,4.85,2150
2026-07-13T09:47:00.000Z,2026-07-13T12:47:00,4.85,4.85,4.85,4.85,2400
2026-07-13T09:56:00.000Z,2026-07-13T12:56:00,4.81,4.81,4.81,4.81,100
2026-07-13T10:04:00.000Z,2026-07-13T13:04:00,4.85,4.85,4.85,4.85,300
2026-07-13T10:05:00.000Z,2026-07-13T13:05:00,4.85,4.85,4.85,4.85,235
2026-07-13T10:06:00.000Z,2026-07-13T13:06:00,4.85,4.85,4.85,4.85,660
2026-07-13T10:07:00.000Z,2026-07-13T13:07:00,4.85,4.85,4.85,4.85,3000
2026-07-13T10:08:00.000Z,2026-07-13T13:08:00,4.85,4.85,4.85,4.85,200
2026-07-13T10:11:00.000Z,2026-07-13T13:11:00,4.85,4.85,4.85,4.85,3000
2026-07-13T10:13:00.000Z,2026-07-13T13:13:00,4.85,4.85,4.85,4.85,300
2026-07-13T10:15:00.000Z,2026-07-13T13:15:00,4.85,4.85,4.85,4.85,193
2026-07-13T10:16:00.000Z,2026-07-13T13:16:00,4.88,4.88,4.88,4.88,14
2026-07-13T10:17:00.000Z,2026-07-13T13:17:00,4.83,4.83,4.83,4.83,162
2026-07-13T10:30:00.000Z,2026-07-13T13:30:00,4.83,4.83,4.83,4.83,9
2026-07-13T10:35:00.000Z,2026-07-13T13:35:00,4.83,4.83,4.83,4.83,630
2026-07-13T10:40:00.000Z,2026-07-13T13:40:00,4.83,4.83,4.83,4.83,1
2026-07-13T10:42:00.000Z,2026-07-13T13:42:00,4.83,4.83,4.83,4.83,7764
2026-07-13T11:02:00.000Z,2026-07-13T14:02:00,4.83,4.83,4.82,4.82,10000
2026-07-13T11:03:00.000Z,2026-07-13T14:03:00,4.89,4.89,4.89,4.89,250
2026-07-13T11:10:00.000Z,2026-07-13T14:10:00,4.82,4.82,4.81,4.81,10000
2026-07-13T11:11:00.000Z,2026-07-13T14:11:00,4.83,4.83,4.8,4.8,16829
2026-07-13T11:12:00.000Z,2026-07-13T14:12:00,4.8,4.8,4.8,4.8,303
2026-07-13T11:13:00.000Z,2026-07-13T14:13:00,4.8,4.8,4.8,4.8,2000
2026-07-13T11:14:00.000Z,2026-07-13T14:14:00,4.8,4.8,4.8,4.8,10440
2026-07-14T07:00:00.000Z,2026-07-14T10:00:00,4.88,4.9,4.88,4.9,3014
2026-07-14T07:01:00.000Z,2026-07-14T10:01:00,4.9,4.9,4.9,4.9,1123
2026-07-14T07:02:00.000Z,2026-07-14T10:02:00,4.82,4.82,4.82,4.82,4
2026-07-14T07:03:00.000Z,2026-07-14T10:03:00,4.89,4.89,4.89,4.89,4274
2026-07-14T07:04:00.000Z,2026-07-14T10:04:00,4.89,4.89,4.82,4.82,176
2026-07-14T07:05:00.000Z,2026-07-14T10:05:00,4.82,4.82,4.82,4.82,25
2026-07-14T07:13:00.000Z,2026-07-14T10:13:00,4.82,4.82,4.82,4.82,1826
2026-07-14T07:14:00.000Z,2026-07-14T10:14:00,4.82,4.89,4.82,4.89,8298
2026-07-14T07:19:00.000Z,2026-07-14T10:19:00,4.82,4.82,4.82,4.82,1700
2026-07-14T07:20:00.000Z,2026-07-14T10:20:00,4.81,4.81,4.81,4.81,3120
2026-07-14T07:21:00.000Z,2026-07-14T10:21:00,4.8,4.8,4.8,4.8,394
2026-07-14T07:22:00.000Z,2026-07-14T10:22:00,4.8,4.8,4.8,4.8,106
2026-07-14T07:27:00.000Z,2026-07-14T10:27:00,4.81,4.81,4.81,4.81,244
2026-07-14T07:29:00.000Z,2026-07-14T10:29:00,4.81,4.81,4.81,4.81,900
2026-07-14T07:30:00.000Z,2026-07-14T10:30:00,4.81,4.81,4.81,4.81,14036
2026-07-14T07:31:00.000Z,2026-07-14T10:31:00,4.86,4.86,4.86,4.86,169
2026-07-14T07:33:00.000Z,2026-07-14T10:33:00,4.81,4.81,4.81,4.81,20
2026-07-14T07:36:00.000Z,2026-07-14T10:36:00,4.81,4.81,4.81,4.81,2093
2026-07-14T07:38:00.000Z,2026-07-14T10:38:00,4.81,4.81,4.81,4.81,188
2026-07-14T07:40:00.000Z,2026-07-14T10:40:00,4.81,4.81,4.81,4.81,100
2026-07-14T07:41:00.000Z,2026-07-14T10:41:00,4.81,4.81,4.81,4.81,150
2026-07-14T07:43:00.000Z,2026-07-14T10:43:00,4.85,4.85,4.85,4.85,500
2026-07-14T07:44:00.000Z,2026-07-14T10:44:00,4.81,4.81,4.8,4.8,2000
2026-07-14T07:47:00.000Z,2026-07-14T10:47:00,4.85,4.9,4.85,4.9,12000
2026-07-14T07:48:00.000Z,2026-07-14T10:48:00,4.9,4.9,4.9,4.9,565
2026-07-14T07:50:00.000Z,2026-07-14T10:50:00,4.9,4.9,4.9,4.9,11
2026-07-14T07:51:00.000Z,2026-07-14T10:51:00,4.9,4.9,4.9,4.9,1000
2026-07-14T07:57:00.000Z,2026-07-14T10:57:00,4.83,4.83,4.83,4.83,1674
2026-07-14T08:00:00.000Z,2026-07-14T11:00:00,4.9,4.9,4.9,4.9,200
2026-07-14T08:01:00.000Z,2026-07-14T11:01:00,4.83,4.83,4.83,4.83,20
2026-07-14T08:07:00.000Z,2026-07-14T11:07:00,4.9,4.9,4.9,4.9,102
2026-07-14T08:08:00.000Z,2026-07-14T11:08:00,4.83,4.83,4.83,4.83,204
2026-07-14T08:09:00.000Z,2026-07-14T11:09:00,4.9,4.9,4.9,4.9,518
2026-07-14T08:11:00.000Z,2026-07-14T11:11:00,4.84,4.84,4.84,4.84,25
2026-07-14T08:23:00.000Z,2026-07-14T11:23:00,4.84,4.9,4.84,4.9,8546
2026-07-14T08:24:00.000Z,2026-07-14T11:24:00,4.9,4.9,4.9,4.9,2900
2026-07-14T08:27:00.000Z,2026-07-14T11:27:00,4.84,4.84,4.82,4.82,5000
2026-07-14T08:28:00.000Z,2026-07-14T11:28:00,4.82,4.82,4.8,4.8,6247
2026-07-14T08:29:00.000Z,2026-07-14T11:29:00,4.8,4.8,4.8,4.8,2000
2026-07-14T08:33:00.000Z,2026-07-14T11:33:00,4.78,4.78,4.78,4.78,449
2026-07-14T08:36:00.000Z,2026-07-14T11:36:00,4.8,4.8,4.8,4.8,1455
2026-07-14T08:38:00.000Z,2026-07-14T11:38:00,4.8,4.8,4.8,4.8,6102
2026-07-14T08:41:00.000Z,2026-07-14T11:41:00,4.8,4.8,4.8,4.8,740
2026-07-14T08:46:00.000Z,2026-07-14T11:46:00,4.8,4.8,4.8,4.8,679
2026-07-14T08:47:00.000Z,2026-07-14T11:47:00,4.8,4.8,4.8,4.8,3004
2026-07-14T08:51:00.000Z,2026-07-14T11:51:00,4.8,4.8,4.8,4.8,14
2026-07-14T09:02:00.000Z,2026-07-14T12:02:00,4.87,4.87,4.87,4.87,211
2026-07-14T09:06:00.000Z,2026-07-14T12:06:00,4.8,4.8,4.8,4.8,1
2026-07-14T09:12:00.000Z,2026-07-14T12:12:00,4.87,4.89,4.87,4.89,46300
2026-07-14T09:30:00.000Z,2026-07-14T12:30:00,4.89,4.89,4.89,4.89,76
2026-07-14T09:35:00.000Z,2026-07-14T12:35:00,4.82,4.82,4.82,4.82,500
2026-07-14T09:52:00.000Z,2026-07-14T12:52:00,4.82,4.82,4.82,4.82,2215
2026-07-14T09:53:00.000Z,2026-07-14T12:53:00,4.82,4.82,4.82,4.82,2785
2026-07-14T10:00:00.000Z,2026-07-14T13:00:00,4.81,4.81,4.8,4.8,3265
2026-07-14T10:01:00.000Z,2026-07-14T13:01:00,4.8,4.8,4.8,4.8,854
2026-07-14T10:21:00.000Z,2026-07-14T13:21:00,4.82,4.82,4.82,4.82,126
2026-07-14T10:32:00.000Z,2026-07-14T13:32:00,4.82,4.82,4.82,4.82,1
2026-07-14T10:37:00.000Z,2026-07-14T13:37:00,4.83,4.83,4.83,4.83,25
2026-07-14T10:38:00.000Z,2026-07-14T13:38:00,4.89,4.89,4.89,4.89,260
2026-07-14T10:42:00.000Z,2026-07-14T13:42:00,4.89,4.89,4.89,4.89,9874
2026-07-14T10:49:00.000Z,2026-07-14T13:49:00,4.9,4.9,4.9,4.9,500
2026-07-14T10:50:00.000Z,2026-07-14T13:50:00,4.9,4.9,4.9,4.9,5
2026-07-14T10:51:00.000Z,2026-07-14T13:51:00,4.9,4.9,4.9,4.9,4495
2026-07-14T10:53:00.000Z,2026-07-14T13:53:00,4.9,4.9,4.9,4.9,500
2026-07-14T10:54:00.000Z,2026-07-14T13:54:00,4.86,4.86,4.81,4.81,8000
2026-07-14T11:03:00.000Z,2026-07-14T14:03:00,4.82,4.82,4.82,4.82,340
2026-07-14T11:13:00.000Z,2026-07-14T14:13:00,4.83,4.83,4.81,4.81,4540
2026-07-15T07:04:00.000Z,2026-07-15T10:04:00,4.81,4.81,4.81,4.81,25
2026-07-15T07:06:00.000Z,2026-07-15T10:06:00,4.81,4.81,4.81,4.81,3
2026-07-15T07:09:00.000Z,2026-07-15T10:09:00,4.81,4.81,4.81,4.81,517
2026-07-15T07:16:00.000Z,2026-07-15T10:16:00,4.82,4.82,4.81,4.81,220
2026-07-15T07:17:00.000Z,2026-07-15T10:17:00,4.82,4.82,4.81,4.81,111
2026-07-15T07:21:00.000Z,2026-07-15T10:21:00,4.81,4.81,4.81,4.81,3
2026-07-15T07:30:00.000Z,2026-07-15T10:30:00,4.81,4.81,4.81,4.81,16890
2026-07-15T07:31:00.000Z,2026-07-15T10:31:00,4.8,4.8,4.8,4.8,10486
2026-07-15T07:33:00.000Z,2026-07-15T10:33:00,4.8,4.8,4.8,4.8,100
2026-07-15T07:34:00.000Z,2026-07-15T10:34:00,4.8,4.8,4.8,4.8,300
2026-07-15T07:35:00.000Z,2026-07-15T10:35:00,4.8,4.8,4.8,4.8,540
2026-07-15T07:36:00.000Z,2026-07-15T10:36:00,4.8,4.8,4.8,4.8,100
2026-07-15T07:38:00.000Z,2026-07-15T10:38:00,4.8,4.8,4.8,4.8,3239
2026-07-15T07:40:00.000Z,2026-07-15T10:40:00,4.8,4.8,4.8,4.8,18648
2026-07-15T07:41:00.000Z,2026-07-15T10:41:00,4.87,4.87,4.87,4.87,18
2026-07-15T07:42:00.000Z,2026-07-15T10:42:00,4.87,4.87,4.87,4.87,1982
2026-07-15T07:50:00.000Z,2026-07-15T10:50:00,4.85,4.86,4.85,4.86,4296
2026-07-15T07:53:00.000Z,2026-07-15T10:53:00,4.81,4.81,4.81,4.81,186
2026-07-15T07:55:00.000Z,2026-07-15T10:55:00,4.81,4.81,4.81,4.81,832
2026-07-15T08:05:00.000Z,2026-07-15T11:05:00,4.81,4.81,4.81,4.81,55
2026-07-15T08:15:00.000Z,2026-07-15T11:15:00,4.82,4.82,4.82,4.82,1000
2026-07-15T08:30:00.000Z,2026-07-15T11:30:00,4.83,4.83,4.83,4.83,650
2026-07-15T08:42:00.000Z,2026-07-15T11:42:00,4.86,4.86,4.86,4.86,25
2026-07-15T08:44:00.000Z,2026-07-15T11:44:00,4.86,4.86,4.86,4.86,4069
2026-07-15T08:51:00.000Z,2026-07-15T11:51:00,4.82,4.82,4.82,4.82,181
2026-07-15T09:01:00.000Z,2026-07-15T12:01:00,4.83,4.83,4.83,4.83,100
2026-07-15T09:29:00.000Z,2026-07-15T12:29:00,4.83,4.83,4.83,4.83,166
2026-07-15T09:32:00.000Z,2026-07-15T12:32:00,4.83,4.85,4.83,4.85,1000
2026-07-15T09:33:00.000Z,2026-07-15T12:33:00,4.85,4.85,4.85,4.85,6000
2026-07-15T09:37:00.000Z,2026-07-15T12:37:00,4.85,4.85,4.85,4.85,9
2026-07-15T09:39:00.000Z,2026-07-15T12:39:00,4.82,4.82,4.82,4.82,5000
2026-07-15T09:42:00.000Z,2026-07-15T12:42:00,4.85,4.86,4.85,4.86,1101
2026-07-15T09:44:00.000Z,2026-07-15T12:44:00,4.83,4.83,4.83,4.83,1100
2026-07-15T09:47:00.000Z,2026-07-15T12:47:00,4.83,4.83,4.83,4.83,5000
2026-07-15T09:52:00.000Z,2026-07-15T12:52:00,4.83,4.83,4.83,4.83,2041
2026-07-15T09:56:00.000Z,2026-07-15T12:56:00,4.86,4.86,4.86,4.86,12141
2026-07-15T09:59:00.000Z,2026-07-15T12:59:00,4.86,4.86,4.86,4.86,2859
2026-07-15T10:12:00.000Z,2026-07-15T13:12:00,4.86,4.86,4.86,4.86,600
2026-07-15T10:14:00.000Z,2026-07-15T13:14:00,4.87,4.87,4.87,4.87,3349
2026-07-15T10:15:00.000Z,2026-07-15T13:15:00,4.87,4.87,4.87,4.87,185
2026-07-15T10:16:00.000Z,2026-07-15T13:16:00,4.87,4.87,4.87,4.87,141
2026-07-15T10:18:00.000Z,2026-07-15T13:18:00,4.86,4.86,4.86,4.86,200
2026-07-15T10:20:00.000Z,2026-07-15T13:20:00,4.86,4.86,4.83,4.83,10951
2026-07-15T10:27:00.000Z,2026-07-15T13:27:00,4.87,4.87,4.87,4.87,241
2026-07-15T10:36:00.000Z,2026-07-15T13:36:00,4.83,4.83,4.83,4.83,839
2026-07-15T10:37:00.000Z,2026-07-15T13:37:00,4.83,4.83,4.82,4.82,10385
2026-07-15T10:38:00.000Z,2026-07-15T13:38:00,4.81,4.81,4.8,4.8,28000
2026-07-15T10:39:00.000Z,2026-07-15T13:39:00,4.8,4.8,4.8,4.8,115
2026-07-15T10:40:00.000Z,2026-07-15T13:40:00,4.81,4.81,4.79,4.79,2000
2026-07-15T10:52:00.000Z,2026-07-15T13:52:00,4.8,4.8,4.8,4.8,1000
2026-07-15T10:53:00.000Z,2026-07-15T13:53:00,4.8,4.8,4.8,4.8,5199
2026-07-15T10:54:00.000Z,2026-07-15T13:54:00,4.8,4.8,4.8,4.8,4000
2026-07-15T10:57:00.000Z,2026-07-15T13:57:00,4.8,4.8,4.8,4.8,24
2026-07-15T10:59:00.000Z,2026-07-15T13:59:00,4.8,4.8,4.8,4.8,377
2026-07-15T11:00:00.000Z,2026-07-15T14:00:00,4.82,4.82,4.82,4.82,120
2026-07-15T11:01:00.000Z,2026-07-15T14:01:00,4.82,4.82,4.82,4.82,2661
2026-07-15T11:03:00.000Z,2026-07-15T14:03:00,4.84,4.84,4.84,4.84,417
2026-07-15T11:07:00.000Z,2026-07-15T14:07:00,4.82,4.82,4.82,4.82,2066
2026-07-15T11:09:00.000Z,2026-07-15T14:09:00,4.82,4.82,4.82,4.82,2500
2026-07-15T11:12:00.000Z,2026-07-15T14:12:00,4.82,4.82,4.8,4.8,7500
2026-07-16T07:00:00.000Z,2026-07-16T10:00:00,4.86,4.86,4.81,4.81,4513
2026-07-16T07:01:00.000Z,2026-07-16T10:01:00,4.86,4.86,4.86,4.86,104
2026-07-16T07:02:00.000Z,2026-07-16T10:02:00,4.81,4.81,4.81,4.81,167
2026-07-16T07:04:00.000Z,2026-07-16T10:04:00,4.86,4.86,4.86,4.86,384
2026-07-16T07:05:00.000Z,2026-07-16T10:05:00,4.86,4.86,4.86,4.86,50
2026-07-16T07:06:00.000Z,2026-07-16T10:06:00,4.85,4.85,4.85,4.85,252
2026-07-16T07:09:00.000Z,2026-07-16T10:09:00,4.85,4.87,4.85,4.87,11433
2026-07-16T07:16:00.000Z,2026-07-16T10:16:00,4.81,4.81,4.81,4.81,102
2026-07-16T07:20:00.000Z,2026-07-16T10:20:00,4.81,4.81,4.81,4.81,626
2026-07-16T07:22:00.000Z,2026-07-16T10:22:00,4.81,4.81,4.81,4.81,1842
2026-07-16T07:30:00.000Z,2026-07-16T10:30:00,4.81,4.81,4.81,4.81,1
2026-07-16T07:31:00.000Z,2026-07-16T10:31:00,4.86,4.86,4.86,4.86,170
2026-07-16T07:32:00.000Z,2026-07-16T10:32:00,4.81,4.81,4.81,4.81,401
2026-07-16T07:44:00.000Z,2026-07-16T10:44:00,4.83,4.83,4.83,4.83,111
2026-07-16T07:48:00.000Z,2026-07-16T10:48:00,4.83,4.83,4.83,4.83,900
2026-07-16T08:04:00.000Z,2026-07-16T11:04:00,4.84,4.85,4.84,4.85,5000
2026-07-16T08:11:00.000Z,2026-07-16T11:11:00,4.85,4.85,4.85,4.85,250
2026-07-16T08:17:00.000Z,2026-07-16T11:17:00,4.85,4.85,4.85,4.85,2658
2026-07-16T08:18:00.000Z,2026-07-16T11:18:00,4.86,4.86,4.86,4.86,2000
2026-07-16T08:21:00.000Z,2026-07-16T11:21:00,4.86,4.86,4.85,4.85,367
2026-07-16T08:26:00.000Z,2026-07-16T11:26:00,4.83,4.83,4.82,4.82,9874
2026-07-16T08:27:00.000Z,2026-07-16T11:27:00,4.85,4.85,4.85,4.85,2
2026-07-16T08:32:00.000Z,2026-07-16T11:32:00,4.85,4.85,4.85,4.85,81
2026-07-16T08:35:00.000Z,2026-07-16T11:35:00,4.83,4.83,4.82,4.82,4123
2026-07-16T08:36:00.000Z,2026-07-16T11:36:00,4.82,4.82,4.82,4.82,1650
2026-07-16T08:37:00.000Z,2026-07-16T11:37:00,4.85,4.85,4.85,4.85,415
2026-07-16T08:40:00.000Z,2026-07-16T11:40:00,4.85,4.85,4.85,4.85,5000
2026-07-16T08:44:00.000Z,2026-07-16T11:44:00,4.82,4.82,4.82,4.82,4175
2026-07-16T08:51:00.000Z,2026-07-16T11:51:00,4.85,4.95,4.85,4.95,11857
2026-07-16T08:53:00.000Z,2026-07-16T11:53:00,4.94,4.94,4.94,4.94,1
2026-07-16T09:06:00.000Z,2026-07-16T12:06:00,4.89,4.92,4.89,4.92,10000
2026-07-16T09:21:00.000Z,2026-07-16T12:21:00,4.83,4.83,4.83,4.83,37
2026-07-16T09:47:00.000Z,2026-07-16T12:47:00,4.89,4.89,4.89,4.89,65
2026-07-16T09:57:00.000Z,2026-07-16T12:57:00,4.83,4.83,4.83,4.83,2543
2026-07-16T09:58:00.000Z,2026-07-16T12:58:00,4.83,4.83,4.83,4.83,18
2026-07-16T10:00:00.000Z,2026-07-16T13:00:00,4.84,4.84,4.84,4.84,25
2026-07-16T10:07:00.000Z,2026-07-16T13:07:00,4.83,4.83,4.83,4.83,5000
2026-07-16T10:11:00.000Z,2026-07-16T13:11:00,4.87,4.87,4.87,4.87,981
2026-07-16T10:20:00.000Z,2026-07-16T13:20:00,4.83,4.83,4.83,4.83,8428
2026-07-16T10:23:00.000Z,2026-07-16T13:23:00,4.87,4.87,4.87,4.87,300
2026-07-16T10:26:00.000Z,2026-07-16T13:26:00,4.87,4.87,4.87,4.87,212
2026-07-16T10:28:00.000Z,2026-07-16T13:28:00,4.83,4.83,4.8,4.8,25035
2026-07-16T10:30:00.000Z,2026-07-16T13:30:00,4.81,4.81,4.8,4.8,207
2026-07-16T10:31:00.000Z,2026-07-16T13:31:00,4.81,4.81,4.8,4.8,25000
2026-07-16T10:33:00.000Z,2026-07-16T13:33:00,4.81,4.81,4.8,4.8,500
2026-07-16T10:35:00.000Z,2026-07-16T13:35:00,4.8,4.8,4.8,4.8,26750
2026-07-16T10:38:00.000Z,2026-07-16T13:38:00,4.83,4.83,4.83,4.83,1000
2026-07-16T10:42:00.000Z,2026-07-16T13:42:00,4.83,4.83,4.83,4.83,300
2026-07-16T10:43:00.000Z,2026-07-16T13:43:00,4.81,4.81,4.8,4.8,3561
2026-07-16T10:46:00.000Z,2026-07-16T13:46:00,4.8,4.8,4.8,4.8,1407
2026-07-16T10:47:00.000Z,2026-07-16T13:47:00,4.8,4.8,4.8,4.8,32
2026-07-16T10:52:00.000Z,2026-07-16T13:52:00,4.83,4.83,4.8,4.8,11700
2026-07-16T10:53:00.000Z,2026-07-16T13:53:00,4.8,4.8,4.79,4.79,1578
2026-07-16T10:54:00.000Z,2026-07-16T13:54:00,4.79,4.79,4.79,4.79,195
2026-07-16T10:56:00.000Z,2026-07-16T13:56:00,4.8,4.8,4.8,4.8,6060
2026-07-16T10:57:00.000Z,2026-07-16T13:57:00,4.8,4.8,4.8,4.8,1331
2026-07-16T10:58:00.000Z,2026-07-16T13:58:00,4.8,4.8,4.8,4.8,5000
2026-07-16T10:59:00.000Z,2026-07-16T13:59:00,4.8,4.86,4.8,4.86,8118
2026-07-16T11:00:00.000Z,2026-07-16T14:00:00,4.81,4.81,4.8,4.8,9731
2026-07-16T11:01:00.000Z,2026-07-16T14:01:00,4.8,4.8,4.8,4.8,1827
2026-07-16T11:03:00.000Z,2026-07-16T14:03:00,4.8,4.8,4.8,4.8,208
2026-07-16T11:04:00.000Z,2026-07-16T14:04:00,4.79,4.79,4.79,4.79,7
2026-07-16T11:05:00.000Z,2026-07-16T14:05:00,4.8,4.8,4.8,4.8,17934
2026-07-16T11:06:00.000Z,2026-07-16T14:06:00,4.86,4.86,4.86,4.86,1
2026-07-16T11:09:00.000Z,2026-07-16T14:09:00,4.86,4.87,4.86,4.87,4000
2026-07-16T11:10:00.000Z,2026-07-16T14:10:00,4.87,4.88,4.87,4.88,7802
2026-07-16T11:12:00.000Z,2026-07-16T14:12:00,4.88,4.89,4.88,4.89,16157
2026-07-16T11:13:00.000Z,2026-07-16T14:13:00,4.89,4.89,4.89,4.89,731
2026-07-16T11:14:00.000Z,2026-07-16T14:14:00,4.89,4.89,4.89,4.89,7139
2026-07-19T07:00:00.000Z,2026-07-19T10:00:00,4.88,4.9,4.79,4.79,18804
2026-07-19T07:03:00.000Z,2026-07-19T10:03:00,4.8,4.8,4.8,4.8,22
2026-07-19T07:04:00.000Z,2026-07-19T10:04:00,4.8,4.8,4.8,4.8,1
2026-07-19T07:05:00.000Z,2026-07-19T10:05:00,4.8,4.8,4.8,4.8,99
2026-07-19T07:06:00.000Z,2026-07-19T10:06:00,4.8,4.8,4.8,4.8,62
2026-07-19T07:07:00.000Z,2026-07-19T10:07:00,4.8,4.9,4.8,4.9,11875
2026-07-19T07:08:00.000Z,2026-07-19T10:08:00,4.89,4.89,4.8,4.8,419
2026-07-19T07:09:00.000Z,2026-07-19T10:09:00,4.88,4.88,4.88,4.88,10
2026-07-19T07:12:00.000Z,2026-07-19T10:12:00,4.8,4.8,4.8,4.8,2000
2026-07-19T07:20:00.000Z,2026-07-19T10:20:00,4.86,4.86,4.86,4.86,27
2026-07-19T07:21:00.000Z,2026-07-19T10:21:00,4.8,4.8,4.8,4.8,260
2026-07-19T07:23:00.000Z,2026-07-19T10:23:00,4.81,4.81,4.81,4.81,18
2026-07-19T07:25:00.000Z,2026-07-19T10:25:00,4.85,4.85,4.85,4.85,4158
2026-07-19T07:31:00.000Z,2026-07-19T10:31:00,4.85,4.85,4.8,4.8,925
2026-07-19T07:32:00.000Z,2026-07-19T10:32:00,4.8,4.8,4.8,4.8,1000
2026-07-19T07:35:00.000Z,2026-07-19T10:35:00,4.8,4.8,4.8,4.8,5390
2026-07-19T07:36:00.000Z,2026-07-19T10:36:00,4.8,4.8,4.8,4.8,4610
2026-07-19T07:43:00.000Z,2026-07-19T10:43:00,4.79,4.79,4.79,4.79,3632
2026-07-19T07:45:00.000Z,2026-07-19T10:45:00,4.78,4.78,4.75,4.75,379
2026-07-19T07:50:00.000Z,2026-07-19T10:50:00,4.75,4.75,4.75,4.75,864
2026-07-19T07:56:00.000Z,2026-07-19T10:56:00,4.76,4.76,4.76,4.76,326
2026-07-19T08:04:00.000Z,2026-07-19T11:04:00,4.76,4.76,4.76,4.76,49
2026-07-19T08:06:00.000Z,2026-07-19T11:06:00,4.78,4.78,4.78,4.78,7729
2026-07-19T08:07:00.000Z,2026-07-19T11:07:00,4.78,4.78,4.78,4.78,3088
2026-07-19T08:10:00.000Z,2026-07-19T11:10:00,4.79,4.79,4.79,4.79,7001
2026-07-19T08:24:00.000Z,2026-07-19T11:24:00,4.85,4.85,4.85,4.85,115
2026-07-19T08:28:00.000Z,2026-07-19T11:28:00,4.85,4.85,4.85,4.85,15
2026-07-19T08:50:00.000Z,2026-07-19T11:50:00,4.77,4.77,4.77,4.77,1147
2026-07-19T08:51:00.000Z,2026-07-19T11:51:00,4.84,4.84,4.84,4.84,300
2026-07-19T08:55:00.000Z,2026-07-19T11:55:00,4.84,4.84,4.84,4.84,100
2026-07-19T09:31:00.000Z,2026-07-19T12:31:00,4.8,4.8,4.8,4.8,1998
2026-07-19T09:33:00.000Z,2026-07-19T12:33:00,4.8,4.8,4.78,4.78,1898
2026-07-19T09:48:00.000Z,2026-07-19T12:48:00,4.79,4.79,4.79,4.79,9
2026-07-19T09:58:00.000Z,2026-07-19T12:58:00,4.8,4.87,4.8,4.87,9462
2026-07-19T10:17:00.000Z,2026-07-19T13:17:00,4.79,4.79,4.79,4.79,100
2026-07-19T10:19:00.000Z,2026-07-19T13:19:00,4.79,4.79,4.79,4.79,5
2026-07-19T10:54:00.000Z,2026-07-19T13:54:00,4.83,4.83,4.83,4.83,1000
2026-07-19T11:00:00.000Z,2026-07-19T14:00:00,4.79,4.79,4.78,4.78,6900
2026-07-19T11:04:00.000Z,2026-07-19T14:04:00,4.78,4.78,4.78,4.78,570
2026-07-19T11:13:00.000Z,2026-07-19T14:13:00,4.78,4.78,4.78,4.78,2430
2026-07-20T07:00:00.000Z,2026-07-20T10:00:00,4.78,4.78,4.76,4.76,467
2026-07-20T07:01:00.000Z,2026-07-20T10:01:00,4.76,4.76,4.76,4.76,8
2026-07-20T07:02:00.000Z,2026-07-20T10:02:00,4.76,4.76,4.7,4.7,6803
2026-07-20T07:03:00.000Z,2026-07-20T10:03:00,4.7,4.7,4.65,4.65,17741
2026-07-20T07:04:00.000Z,2026-07-20T10:04:00,4.7,4.7,4.65,4.65,243
2026-07-20T07:07:00.000Z,2026-07-20T10:07:00,4.7,4.7,4.7,4.7,3010
2026-07-20T07:08:00.000Z,2026-07-20T10:08:00,4.7,4.7,4.7,4.7,3722
2026-07-20T07:09:00.000Z,2026-07-20T10:09:00,4.7,4.78,4.56,4.78,11858
2026-07-20T07:14:00.000Z,2026-07-20T10:14:00,4.75,4.75,4.75,4.75,100
2026-07-20T07:24:00.000Z,2026-07-20T10:24:00,4.65,4.65,4.57,4.57,5731
2026-07-20T07:26:00.000Z,2026-07-20T10:26:00,4.69,4.69,4.69,4.69,202
2026-07-20T07:27:00.000Z,2026-07-20T10:27:00,4.57,4.57,4.56,4.56,11423
2026-07-20T07:29:00.000Z,2026-07-20T10:29:00,4.67,4.67,4.67,4.67,219
2026-07-20T07:30:00.000Z,2026-07-20T10:30:00,4.57,4.66,4.55,4.66,15001
2026-07-20T07:31:00.000Z,2026-07-20T10:31:00,4.66,4.66,4.66,4.66,1365
2026-07-20T07:38:00.000Z,2026-07-20T10:38:00,4.58,4.58,4.55,4.55,5000
2026-07-20T07:39:00.000Z,2026-07-20T10:39:00,4.63,4.63,4.63,4.63,350
2026-07-20T07:40:00.000Z,2026-07-20T10:40:00,4.56,4.56,4.55,4.55,20000
2026-07-20T07:47:00.000Z,2026-07-20T10:47:00,4.63,4.64,4.63,4.64,3700
2026-07-20T07:48:00.000Z,2026-07-20T10:48:00,4.64,4.64,4.58,4.58,2600
2026-07-20T07:50:00.000Z,2026-07-20T10:50:00,4.58,4.58,4.58,4.58,300
2026-07-20T07:51:00.000Z,2026-07-20T10:51:00,4.64,4.66,4.64,4.66,5009
2026-07-20T07:52:00.000Z,2026-07-20T10:52:00,4.66,4.66,4.66,4.66,7915
2026-07-20T07:53:00.000Z,2026-07-20T10:53:00,4.66,4.66,4.66,4.66,2000
2026-07-20T07:54:00.000Z,2026-07-20T10:54:00,4.66,4.66,4.66,4.66,85
2026-07-20T07:55:00.000Z,2026-07-20T10:55:00,4.67,4.67,4.66,4.66,663
2026-07-20T07:58:00.000Z,2026-07-20T10:58:00,4.67,4.67,4.67,4.67,50
2026-07-20T07:59:00.000Z,2026-07-20T10:59:00,4.66,4.66,4.66,4.66,20000
2026-07-20T08:00:00.000Z,2026-07-20T11:00:00,4.66,4.66,4.66,4.66,126
2026-07-20T08:01:00.000Z,2026-07-20T11:01:00,4.66,4.66,4.66,4.66,385
2026-07-20T08:05:00.000Z,2026-07-20T11:05:00,4.59,4.59,4.59,4.59,23
2026-07-20T08:07:00.000Z,2026-07-20T11:07:00,4.66,4.67,4.66,4.67,4000
2026-07-20T08:08:00.000Z,2026-07-20T11:08:00,4.67,4.67,4.67,4.67,50
2026-07-20T08:09:00.000Z,2026-07-20T11:09:00,4.67,4.67,4.67,4.67,151
2026-07-20T08:14:00.000Z,2026-07-20T11:14:00,4.61,4.61,4.61,4.61,250
2026-07-20T08:15:00.000Z,2026-07-20T11:15:00,4.6,4.6,4.6,4.6,5000
2026-07-20T08:16:00.000Z,2026-07-20T11:16:00,4.6,4.6,4.59,4.6,11772
2026-07-20T08:19:00.000Z,2026-07-20T11:19:00,4.67,4.67,4.67,4.67,200
2026-07-20T08:29:00.000Z,2026-07-20T11:29:00,4.66,4.66,4.66,4.66,2000
2026-07-20T08:32:00.000Z,2026-07-20T11:32:00,4.67,4.67,4.67,4.67,3800
2026-07-20T08:35:00.000Z,2026-07-20T11:35:00,4.67,4.67,4.67,4.67,1200
2026-07-20T08:36:00.000Z,2026-07-20T11:36:00,4.67,4.67,4.67,4.67,6432
2026-07-20T08:40:00.000Z,2026-07-20T11:40:00,4.67,4.67,4.67,4.67,250
2026-07-20T08:41:00.000Z,2026-07-20T11:41:00,4.61,4.61,4.61,4.61,3211
2026-07-20T08:45:00.000Z,2026-07-20T11:45:00,4.62,4.62,4.62,4.62,1412
2026-07-20T08:47:00.000Z,2026-07-20T11:47:00,4.67,4.67,4.67,4.67,427
2026-07-20T08:49:00.000Z,2026-07-20T11:49:00,4.67,4.67,4.65,4.65,1209
2026-07-20T08:50:00.000Z,2026-07-20T11:50:00,4.67,4.67,4.67,4.67,897
2026-07-20T08:53:00.000Z,2026-07-20T11:53:00,4.67,4.67,4.67,4.67,100
2026-07-20T08:57:00.000Z,2026-07-20T11:57:00,4.69,4.69,4.69,4.69,16
2026-07-20T09:02:00.000Z,2026-07-20T12:02:00,4.67,4.67,4.62,4.62,6597
2026-07-20T09:03:00.000Z,2026-07-20T12:03:00,4.68,4.68,4.68,4.68,1
2026-07-20T09:13:00.000Z,2026-07-20T12:13:00,4.65,4.65,4.65,4.65,25
2026-07-20T09:14:00.000Z,2026-07-20T12:14:00,4.67,4.67,4.67,4.67,3000
2026-07-20T09:21:00.000Z,2026-07-20T12:21:00,4.69,4.69,4.69,4.69,107
2026-07-20T09:26:00.000Z,2026-07-20T12:26:00,4.69,4.69,4.69,4.69,4
2026-07-20T09:27:00.000Z,2026-07-20T12:27:00,4.69,4.69,4.69,4.69,500
2026-07-20T09:38:00.000Z,2026-07-20T12:38:00,4.67,4.67,4.65,4.65,30000
2026-07-20T09:40:00.000Z,2026-07-20T12:40:00,4.68,4.68,4.68,4.68,500
2026-07-20T09:47:00.000Z,2026-07-20T12:47:00,4.65,4.65,4.62,4.62,9443
2026-07-20T09:49:00.000Z,2026-07-20T12:49:00,4.66,4.66,4.66,4.66,5000
2026-07-20T09:53:00.000Z,2026-07-20T12:53:00,4.68,4.68,4.68,4.68,8
2026-07-20T10:03:00.000Z,2026-07-20T13:03:00,4.68,4.68,4.68,4.68,20
2026-07-20T10:12:00.000Z,2026-07-20T13:12:00,4.64,4.64,4.63,4.63,15000
2026-07-20T10:17:00.000Z,2026-07-20T13:17:00,4.68,4.69,4.68,4.69,893
2026-07-20T10:18:00.000Z,2026-07-20T13:18:00,4.73,4.73,4.73,4.73,275
2026-07-20T10:24:00.000Z,2026-07-20T13:24:00,4.66,4.66,4.66,4.66,80
2026-07-20T10:25:00.000Z,2026-07-20T13:25:00,4.7,4.7,4.7,4.7,14
2026-07-20T10:48:00.000Z,2026-07-20T13:48:00,4.7,4.7,4.7,4.7,100
2026-07-20T10:52:00.000Z,2026-07-20T13:52:00,4.7,4.7,4.7,4.7,370
2026-07-20T10:56:00.000Z,2026-07-20T13:56:00,4.7,4.7,4.7,4.7,25
2026-07-20T11:01:00.000Z,2026-07-20T14:01:00,4.7,4.7,4.7,4.7,15
2026-07-20T11:04:00.000Z,2026-07-20T14:04:00,4.68,4.68,4.68,4.68,425
2026-07-20T11:05:00.000Z,2026-07-20T14:05:00,4.68,4.68,4.68,4.68,535
2026-07-20T11:07:00.000Z,2026-07-20T14:07:00,4.68,4.68,4.68,4.68,2040
2026-07-20T11:10:00.000Z,2026-07-20T14:10:00,4.7,4.7,4.7,4.7,426
2026-07-20T11:11:00.000Z,2026-07-20T14:11:00,4.7,4.73,4.7,4.7,7961
2026-07-21T07:01:00.000Z,2026-07-21T10:01:00,4.73,4.73,4.73,4.73,1
2026-07-21T07:02:00.000Z,2026-07-21T10:02:00,4.73,4.73,4.73,4.73,7
2026-07-21T07:03:00.000Z,2026-07-21T10:03:00,4.7,4.73,4.7,4.73,347
2026-07-21T07:04:00.000Z,2026-07-21T10:04:00,4.79,4.79,4.7,4.7,2
2026-07-21T07:05:00.000Z,2026-07-21T10:05:00,4.73,4.73,4.7,4.73,12
2026-07-21T07:06:00.000Z,2026-07-21T10:06:00,4.7,4.7,4.7,4.7,81
2026-07-21T07:08:00.000Z,2026-07-21T10:08:00,4.7,4.7,4.7,4.7,14
2026-07-21T07:09:00.000Z,2026-07-21T10:09:00,4.72,4.72,4.66,4.66,32300
2026-07-21T07:12:00.000Z,2026-07-21T10:12:00,4.72,4.72,4.72,4.72,1
2026-07-21T07:15:00.000Z,2026-07-21T10:15:00,4.67,4.67,4.66,4.66,11311
2026-07-21T07:17:00.000Z,2026-07-21T10:17:00,4.65,4.65,4.65,4.65,20
2026-07-21T07:19:00.000Z,2026-07-21T10:19:00,4.65,4.65,4.65,4.65,18
2026-07-21T07:28:00.000Z,2026-07-21T10:28:00,4.65,4.65,4.65,4.65,962
2026-07-21T07:30:00.000Z,2026-07-21T10:30:00,4.62,4.62,4.62,4.62,389
2026-07-21T07:31:00.000Z,2026-07-21T10:31:00,4.62,4.62,4.62,4.62,337
2026-07-21T07:33:00.000Z,2026-07-21T10:33:00,4.62,4.62,4.62,4.62,250
2026-07-21T07:34:00.000Z,2026-07-21T10:34:00,4.62,4.62,4.62,4.62,8451
2026-07-21T07:37:00.000Z,2026-07-21T10:37:00,4.62,4.62,4.6,4.6,2000
2026-07-21T07:41:00.000Z,2026-07-21T10:41:00,4.6,4.6,4.6,4.6,6
2026-07-21T07:42:00.000Z,2026-07-21T10:42:00,4.69,4.69,4.69,4.69,8
2026-07-21T07:44:00.000Z,2026-07-21T10:44:00,4.6,4.6,4.6,4.6,2000
2026-07-21T07:46:00.000Z,2026-07-21T10:46:00,4.68,4.68,4.68,4.68,1
2026-07-21T07:51:00.000Z,2026-07-21T10:51:00,4.61,4.61,4.61,4.61,1923
2026-07-21T07:54:00.000Z,2026-07-21T10:54:00,4.68,4.68,4.68,4.68,2
2026-07-21T08:03:00.000Z,2026-07-21T11:03:00,4.66,4.66,4.61,4.61,2000
2026-07-21T08:18:00.000Z,2026-07-21T11:18:00,4.68,4.68,4.68,4.68,1
2026-07-21T08:32:00.000Z,2026-07-21T11:32:00,4.61,4.61,4.61,4.61,2350
2026-07-21T08:38:00.000Z,2026-07-21T11:38:00,4.67,4.67,4.67,4.67,1084
2026-07-21T08:41:00.000Z,2026-07-21T11:41:00,4.61,4.61,4.61,4.61,139
2026-07-21T08:42:00.000Z,2026-07-21T11:42:00,4.67,4.67,4.61,4.61,1085
2026-07-21T08:49:00.000Z,2026-07-21T11:49:00,4.62,4.62,4.6,4.6,35000
2026-07-21T09:18:00.000Z,2026-07-21T12:18:00,4.61,4.61,4.61,4.61,5190
2026-07-21T09:21:00.000Z,2026-07-21T12:21:00,4.61,4.61,4.61,4.61,182
2026-07-21T09:37:00.000Z,2026-07-21T12:37:00,4.65,4.67,4.65,4.67,116
2026-07-21T09:42:00.000Z,2026-07-21T12:42:00,4.67,4.67,4.67,4.67,5000
2026-07-21T09:58:00.000Z,2026-07-21T12:58:00,4.61,4.61,4.61,4.61,1
2026-07-21T10:08:00.000Z,2026-07-21T13:08:00,4.66,4.66,4.66,4.66,337
2026-07-21T10:30:00.000Z,2026-07-21T13:30:00,4.63,4.63,4.63,4.63,650
2026-07-21T10:48:00.000Z,2026-07-21T13:48:00,4.63,4.63,4.63,4.63,519
2026-07-21T10:49:00.000Z,2026-07-21T13:49:00,4.63,4.63,4.63,4.63,144
2026-07-21T10:59:00.000Z,2026-07-21T13:59:00,4.65,4.65,4.65,4.65,1
2026-07-21T11:00:00.000Z,2026-07-21T14:00:00,4.65,4.65,4.63,4.63,1016
2026-07-21T11:02:00.000Z,2026-07-21T14:02:00,4.65,4.65,4.63,4.63,550
2026-07-21T11:03:00.000Z,2026-07-21T14:03:00,4.65,4.65,4.65,4.65,500
2026-07-21T11:09:00.000Z,2026-07-21T14:09:00,4.63,4.63,4.63,4.63,3143
2026-07-21T11:10:00.000Z,2026-07-21T14:10:00,4.63,4.63,4.63,4.63,249
2026-07-22T07:00:00.000Z,2026-07-22T10:00:00,4.61,4.61,4.61,4.61,6
2026-07-22T07:03:00.000Z,2026-07-22T10:03:00,4.61,4.61,4.61,4.61,399
2026-07-22T07:04:00.000Z,2026-07-22T10:04:00,4.61,4.67,4.61,4.67,157
2026-07-22T07:06:00.000Z,2026-07-22T10:06:00,4.62,4.62,4.62,4.62,1497
2026-07-22T07:08:00.000Z,2026-07-22T10:08:00,4.67,4.68,4.67,4.68,5411
2026-07-22T07:14:00.000Z,2026-07-22T10:14:00,4.62,4.62,4.62,4.62,1375
2026-07-22T07:15:00.000Z,2026-07-22T10:15:00,4.62,4.62,4.62,4.62,8
2026-07-22T07:20:00.000Z,2026-07-22T10:20:00,4.62,4.62,4.62,4.62,15
2026-07-22T07:21:00.000Z,2026-07-22T10:21:00,4.67,4.67,4.67,4.67,2164
2026-07-22T07:22:00.000Z,2026-07-22T10:22:00,4.62,4.62,4.62,4.62,2000
2026-07-22T07:26:00.000Z,2026-07-22T10:26:00,4.62,4.62,4.62,4.62,500
2026-07-22T07:30:00.000Z,2026-07-22T10:30:00,4.67,4.67,4.67,4.67,432
2026-07-22T07:31:00.000Z,2026-07-22T10:31:00,4.62,4.62,4.62,4.62,30
2026-07-22T07:40:00.000Z,2026-07-22T10:40:00,4.67,4.67,4.67,4.67,400
2026-07-22T07:41:00.000Z,2026-07-22T10:41:00,4.62,4.62,4.61,4.61,2000
2026-07-22T07:43:00.000Z,2026-07-22T10:43:00,4.67,4.67,4.67,4.67,15
2026-07-22T07:48:00.000Z,2026-07-22T10:48:00,4.61,4.61,4.61,4.61,3664
2026-07-22T08:04:00.000Z,2026-07-22T11:04:00,4.65,4.65,4.65,4.65,1
2026-07-22T08:07:00.000Z,2026-07-22T11:07:00,4.61,4.65,4.61,4.65,25
2026-07-22T08:11:00.000Z,2026-07-22T11:11:00,4.61,4.61,4.55,4.55,50000
2026-07-22T08:14:00.000Z,2026-07-22T11:14:00,4.55,4.55,4.55,4.55,20000
2026-07-22T08:17:00.000Z,2026-07-22T11:17:00,4.65,4.65,4.65,4.65,1000
2026-07-22T08:20:00.000Z,2026-07-22T11:20:00,4.55,4.55,4.52,4.52,4000
2026-07-22T08:22:00.000Z,2026-07-22T11:22:00,4.64,4.64,4.64,4.64,1
2026-07-22T08:35:00.000Z,2026-07-22T11:35:00,4.62,4.62,4.52,4.62,32285
2026-07-22T08:40:00.000Z,2026-07-22T11:40:00,4.62,4.62,4.62,4.62,1138
2026-07-22T08:47:00.000Z,2026-07-22T11:47:00,4.52,4.6,4.52,4.6,93
2026-07-22T08:49:00.000Z,2026-07-22T11:49:00,4.6,4.6,4.6,4.6,511
2026-07-22T08:53:00.000Z,2026-07-22T11:53:00,4.53,4.53,4.53,4.53,18
2026-07-22T08:57:00.000Z,2026-07-22T11:57:00,4.54,4.54,4.53,4.53,252
2026-07-22T08:58:00.000Z,2026-07-22T11:58:00,4.6,4.6,4.33,4.33,36834
2026-07-22T08:59:00.000Z,2026-07-22T11:59:00,4.6,4.6,4.6,4.6,1
2026-07-22T09:09:00.000Z,2026-07-22T12:09:00,4.5,4.5,4.35,4.35,23235
2026-07-22T09:19:00.000Z,2026-07-22T12:19:00,4.57,4.58,4.57,4.58,2300
2026-07-22T09:20:00.000Z,2026-07-22T12:20:00,4.57,4.57,4.57,4.57,87
2026-07-22T09:21:00.000Z,2026-07-22T12:21:00,4.5,4.5,4.5,4.5,3
2026-07-22T09:23:00.000Z,2026-07-22T12:23:00,4.5,4.57,4.5,4.57,2500
2026-07-22T09:24:00.000Z,2026-07-22T12:24:00,4.43,4.43,4.43,4.43,156
2026-07-22T09:25:00.000Z,2026-07-22T12:25:00,4.56,4.56,4.56,4.56,3621
2026-07-22T09:26:00.000Z,2026-07-22T12:26:00,4.55,4.55,4.55,4.55,300
2026-07-22T09:28:00.000Z,2026-07-22T12:28:00,4.55,4.56,4.55,4.56,2100
2026-07-22T09:29:00.000Z,2026-07-22T12:29:00,4.56,4.56,4.55,4.55,719
2026-07-22T09:35:00.000Z,2026-07-22T12:35:00,4.54,4.54,4.54,4.54,138
2026-07-22T09:39:00.000Z,2026-07-22T12:39:00,4.54,4.55,4.54,4.55,2500
2026-07-22T09:48:00.000Z,2026-07-22T12:48:00,4.55,4.55,4.55,4.55,2200
2026-07-22T09:49:00.000Z,2026-07-22T12:49:00,4.57,4.57,4.55,4.55,1319
2026-07-22T09:50:00.000Z,2026-07-22T12:50:00,4.55,4.55,4.55,4.55,1484
2026-07-22T09:51:00.000Z,2026-07-22T12:51:00,4.55,4.55,4.55,4.55,10000
2026-07-22T09:52:00.000Z,2026-07-22T12:52:00,4.54,4.55,4.54,4.55,5000
2026-07-22T09:54:00.000Z,2026-07-22T12:54:00,4.5,4.5,4.5,4.5,989
2026-07-22T09:55:00.000Z,2026-07-22T12:55:00,4.5,4.55,4.5,4.55,3431
2026-07-22T09:58:00.000Z,2026-07-22T12:58:00,4.55,4.55,4.55,4.55,250
2026-07-22T09:59:00.000Z,2026-07-22T12:59:00,4.55,4.55,4.55,4.55,200
2026-07-22T10:04:00.000Z,2026-07-22T13:04:00,4.55,4.55,4.41,4.41,30193
2026-07-22T10:08:00.000Z,2026-07-22T13:08:00,4.54,4.54,4.54,4.54,1
2026-07-22T10:10:00.000Z,2026-07-22T13:10:00,4.54,4.54,4.54,4.54,105
2026-07-22T10:27:00.000Z,2026-07-22T13:27:00,4.54,4.54,4.54,4.54,100
2026-07-22T10:29:00.000Z,2026-07-22T13:29:00,4.54,4.54,4.54,4.54,2342
2026-07-22T10:31:00.000Z,2026-07-22T13:31:00,4.54,4.54,4.54,4.54,7227
2026-07-22T10:34:00.000Z,2026-07-22T13:34:00,4.54,4.54,4.54,4.54,19
2026-07-22T10:36:00.000Z,2026-07-22T13:36:00,4.53,4.53,4.53,4.53,1000
2026-07-22T10:37:00.000Z,2026-07-22T13:37:00,4.56,4.56,4.56,4.56,1
2026-07-22T10:41:00.000Z,2026-07-22T13:41:00,4.48,4.48,4.48,4.48,27
2026-07-22T10:43:00.000Z,2026-07-22T13:43:00,4.56,4.56,4.56,4.56,50
2026-07-22T10:49:00.000Z,2026-07-22T13:49:00,4.48,4.56,4.45,4.56,2178
2026-07-22T10:56:00.000Z,2026-07-22T13:56:00,4.55,4.56,4.55,4.56,848
2026-07-22T10:57:00.000Z,2026-07-22T13:57:00,4.56,4.56,4.56,4.56,1700
2026-07-22T11:04:00.000Z,2026-07-22T14:04:00,4.54,4.54,4.54,4.54,155
2026-07-22T11:07:00.000Z,2026-07-22T14:07:00,4.54,4.54,4.54,4.54,3819
2026-07-22T11:09:00.000Z,2026-07-22T14:09:00,4.54,4.54,4.54,4.54,181
2026-07-22T11:12:00.000Z,2026-07-22T14:12:00,4.55,4.55,4.55,4.55,1000
2026-07-22T11:28:00.000Z,2026-07-22T14:28:00,4.49,4.49,4.49,4.49,3500
2026-07-26T07:00:00.000Z,2026-07-26T10:00:00,4.6,4.6,4.55,4.6,2223
2026-07-26T07:02:00.000Z,2026-07-26T10:02:00,4.6,4.65,4.6,4.65,8617
2026-07-26T07:03:00.000Z,2026-07-26T10:03:00,4.64,4.64,4.64,4.64,234
2026-07-26T07:04:00.000Z,2026-07-26T10:04:00,4.6,4.6,4.55,4.55,4171
2026-07-26T07:06:00.000Z,2026-07-26T10:06:00,4.63,4.63,4.56,4.56,89
2026-07-26T07:07:00.000Z,2026-07-26T10:07:00,4.56,4.56,4.56,4.56,535
2026-07-26T07:09:00.000Z,2026-07-26T10:09:00,4.56,4.63,4.56,4.63,2795
2026-07-26T07:10:00.000Z,2026-07-26T10:10:00,4.63,4.63,4.63,4.63,10
2026-07-26T07:11:00.000Z,2026-07-26T10:11:00,4.55,4.55,4.55,4.55,6
2026-07-26T07:13:00.000Z,2026-07-26T10:13:00,4.63,4.63,4.63,4.63,4395
2026-07-26T07:14:00.000Z,2026-07-26T10:14:00,4.62,4.63,4.62,4.63,8338
2026-07-26T07:18:00.000Z,2026-07-26T10:18:00,4.62,4.62,4.62,4.62,1000
2026-07-26T07:25:00.000Z,2026-07-26T10:25:00,4.61,4.62,4.61,4.62,12000
2026-07-26T07:26:00.000Z,2026-07-26T10:26:00,4.62,4.62,4.62,4.62,182
2026-07-26T07:27:00.000Z,2026-07-26T10:27:00,4.6,4.6,4.6,4.6,2000
2026-07-26T07:28:00.000Z,2026-07-26T10:28:00,4.6,4.6,4.6,4.6,2000
2026-07-26T07:29:00.000Z,2026-07-26T10:29:00,4.62,4.62,4.62,4.62,64
2026-07-26T07:30:00.000Z,2026-07-26T10:30:00,4.61,4.62,4.61,4.62,4000
2026-07-26T07:34:00.000Z,2026-07-26T10:34:00,4.62,4.62,4.62,4.62,3588
2026-07-26T07:35:00.000Z,2026-07-26T10:35:00,4.62,4.62,4.62,4.62,5250
2026-07-26T07:36:00.000Z,2026-07-26T10:36:00,4.6,4.6,4.6,4.6,2000
2026-07-26T07:39:00.000Z,2026-07-26T10:39:00,4.6,4.62,4.6,4.62,4347
2026-07-26T07:44:00.000Z,2026-07-26T10:44:00,4.6,4.6,4.6,4.6,200
2026-07-26T07:57:00.000Z,2026-07-26T10:57:00,4.6,4.6,4.6,4.6,660
2026-07-26T08:01:00.000Z,2026-07-26T11:01:00,4.6,4.6,4.6,4.6,173
2026-07-26T08:13:00.000Z,2026-07-26T11:13:00,4.58,4.61,4.58,4.61,4732
2026-07-26T08:16:00.000Z,2026-07-26T11:16:00,4.6,4.6,4.6,4.6,124
2026-07-26T08:17:00.000Z,2026-07-26T11:17:00,4.6,4.6,4.6,4.6,466
2026-07-26T08:35:00.000Z,2026-07-26T11:35:00,4.58,4.58,4.58,4.58,405
2026-07-26T08:36:00.000Z,2026-07-26T11:36:00,4.58,4.61,4.58,4.61,3000
2026-07-26T08:45:00.000Z,2026-07-26T11:45:00,4.55,4.55,4.5,4.5,18500
2026-07-26T08:49:00.000Z,2026-07-26T11:49:00,4.51,4.51,4.51,4.51,1989
2026-07-26T08:50:00.000Z,2026-07-26T11:50:00,4.59,4.59,4.59,4.59,2217
2026-07-26T08:53:00.000Z,2026-07-26T11:53:00,4.59,4.59,4.59,4.59,100
2026-07-26T08:59:00.000Z,2026-07-26T11:59:00,4.59,4.59,4.59,4.59,2664
2026-07-26T09:02:00.000Z,2026-07-26T12:02:00,4.51,4.51,4.51,4.51,227
2026-07-26T09:08:00.000Z,2026-07-26T12:08:00,4.58,4.59,4.58,4.59,435
2026-07-26T09:20:00.000Z,2026-07-26T12:20:00,4.59,4.59,4.59,4.59,1000
2026-07-26T09:22:00.000Z,2026-07-26T12:22:00,4.53,4.53,4.53,4.53,3338
2026-07-26T09:25:00.000Z,2026-07-26T12:25:00,4.53,4.53,4.53,4.53,12
2026-07-26T09:27:00.000Z,2026-07-26T12:27:00,4.59,4.59,4.59,4.59,1000
2026-07-26T09:50:00.000Z,2026-07-26T12:50:00,4.58,4.59,4.58,4.59,407
2026-07-26T09:52:00.000Z,2026-07-26T12:52:00,4.59,4.59,4.59,4.59,40
2026-07-26T09:54:00.000Z,2026-07-26T12:54:00,4.59,4.6,4.59,4.6,5709
2026-07-26T09:55:00.000Z,2026-07-26T12:55:00,4.55,4.55,4.55,4.55,2
2026-07-26T09:56:00.000Z,2026-07-26T12:56:00,4.6,4.6,4.6,4.6,2
2026-07-26T09:57:00.000Z,2026-07-26T12:57:00,4.6,4.6,4.6,4.6,250
2026-07-26T10:10:00.000Z,2026-07-26T13:10:00,4.59,4.59,4.59,4.59,1565
2026-07-26T10:13:00.000Z,2026-07-26T13:13:00,4.59,4.59,4.59,4.59,278
2026-07-26T10:15:00.000Z,2026-07-26T13:15:00,4.56,4.56,4.56,4.56,76
2026-07-26T10:17:00.000Z,2026-07-26T13:17:00,4.59,4.6,4.59,4.6,2192
2026-07-26T10:18:00.000Z,2026-07-26T13:18:00,4.6,4.6,4.6,4.6,5129
2026-07-26T10:19:00.000Z,2026-07-26T13:19:00,4.6,4.6,4.6,4.6,297
2026-07-26T10:31:00.000Z,2026-07-26T13:31:00,4.6,4.61,4.6,4.61,2492
2026-07-26T10:33:00.000Z,2026-07-26T13:33:00,4.63,4.63,4.63,4.63,30
2026-07-26T10:34:00.000Z,2026-07-26T13:34:00,4.61,4.62,4.61,4.62,1305
2026-07-26T10:35:00.000Z,2026-07-26T13:35:00,4.62,4.62,4.62,4.62,842
2026-07-26T10:36:00.000Z,2026-07-26T13:36:00,4.61,4.61,4.61,4.61,408
2026-07-26T10:37:00.000Z,2026-07-26T13:37:00,4.61,4.61,4.61,4.61,833
2026-07-26T10:38:00.000Z,2026-07-26T13:38:00,4.61,4.62,4.61,4.62,100
2026-07-26T11:10:00.000Z,2026-07-26T14:10:00,4.6,4.6,4.6,4.6,2600
2026-07-26T11:11:00.000Z,2026-07-26T14:11:00,4.6,4.6,4.6,4.6,1
2026-07-26T11:14:00.000Z,2026-07-26T14:14:00,4.6,4.61,4.6,4.61,4001
2026-07-26T11:28:00.000Z,2026-07-26T14:28:00,4.59,4.59,4.59,4.59,219
2026-07-26T11:29:00.000Z,2026-07-26T14:29:00,4.59,4.59,4.59,4.59,200
2026-07-27T07:00:00.000Z,2026-07-27T10:00:00,4.56,4.56,4.56,4.56,17
2026-07-27T07:02:00.000Z,2026-07-27T10:02:00,4.61,4.61,4.61,4.61,1
2026-07-27T07:03:00.000Z,2026-07-27T10:03:00,4.61,4.61,4.61,4.61,1269
2026-07-27T07:09:00.000Z,2026-07-27T10:09:00,4.57,4.61,4.57,4.61,1269
2026-07-27T07:15:00.000Z,2026-07-27T10:15:00,4.6,4.61,4.6,4.61,1084
2026-07-27T07:16:00.000Z,2026-07-27T10:16:00,4.58,4.61,4.58,4.61,2501
2026-07-27T07:21:00.000Z,2026-07-27T10:21:00,4.58,4.58,4.58,4.58,1700
2026-07-27T07:22:00.000Z,2026-07-27T10:22:00,4.6,4.6,4.6,4.6,1
2026-07-27T07:28:00.000Z,2026-07-27T10:28:00,4.58,4.6,4.58,4.58,2666
2026-07-27T07:29:00.000Z,2026-07-27T10:29:00,4.6,4.6,4.6,4.6,1
2026-07-27T07:35:00.000Z,2026-07-27T10:35:00,4.58,4.6,4.58,4.6,56
2026-07-27T07:37:00.000Z,2026-07-27T10:37:00,4.58,4.58,4.58,4.58,5
2026-07-27T07:41:00.000Z,2026-07-27T10:41:00,4.6,4.6,4.6,4.6,1
2026-07-27T07:44:00.000Z,2026-07-27T10:44:00,4.58,4.6,4.58,4.6,501
2026-07-27T07:50:00.000Z,2026-07-27T10:50:00,4.6,4.6,4.6,4.6,3750
2026-07-27T07:54:00.000Z,2026-07-27T10:54:00,4.58,4.58,4.58,4.58,300
2026-07-27T07:56:00.000Z,2026-07-27T10:56:00,4.6,4.6,4.6,4.6,1
2026-07-27T08:02:00.000Z,2026-07-27T11:02:00,4.59,4.59,4.59,4.59,170
2026-07-27T08:03:00.000Z,2026-07-27T11:03:00,4.6,4.6,4.6,4.6,1
2026-07-27T08:16:00.000Z,2026-07-27T11:16:00,4.59,4.59,4.59,4.59,219
2026-07-27T08:17:00.000Z,2026-07-27T11:17:00,4.6,4.6,4.6,4.6,2
2026-07-27T08:27:00.000Z,2026-07-27T11:27:00,4.59,4.59,4.58,4.58,4686
2026-07-27T08:32:00.000Z,2026-07-27T11:32:00,4.58,4.58,4.58,4.58,1406
2026-07-27T08:38:00.000Z,2026-07-27T11:38:00,4.58,4.58,4.58,4.58,231
2026-07-27T08:41:00.000Z,2026-07-27T11:41:00,4.54,4.54,4.54,4.54,500
2026-07-27T08:48:00.000Z,2026-07-27T11:48:00,4.57,4.57,4.57,4.57,1998
2026-07-27T09:00:00.000Z,2026-07-27T12:00:00,4.58,4.6,4.58,4.6,900
2026-07-27T09:30:00.000Z,2026-07-27T12:30:00,4.59,4.59,4.59,4.59,100
2026-07-27T09:32:00.000Z,2026-07-27T12:32:00,4.59,4.59,4.59,4.59,550
2026-07-27T09:41:00.000Z,2026-07-27T12:41:00,4.59,4.59,4.59,4.59,273
2026-07-27T09:46:00.000Z,2026-07-27T12:46:00,4.59,4.59,4.59,4.59,218
2026-07-27T09:50:00.000Z,2026-07-27T12:50:00,4.59,4.59,4.59,4.59,326
2026-07-27T09:52:00.000Z,2026-07-27T12:52:00,4.59,4.6,4.59,4.6,1000
2026-07-27T10:02:00.000Z,2026-07-27T13:02:00,4.57,4.57,4.57,4.57,21
2026-07-27T10:03:00.000Z,2026-07-27T13:03:00,4.6,4.6,4.6,4.6,1
2026-07-27T10:30:00.000Z,2026-07-27T13:30:00,4.58,4.58,4.58,4.58,4
2026-07-27T10:31:00.000Z,2026-07-27T13:31:00,4.6,4.6,4.6,4.6,1
2026-07-27T10:37:00.000Z,2026-07-27T13:37:00,4.6,4.6,4.6,4.6,900
2026-07-27T10:44:00.000Z,2026-07-27T13:44:00,4.6,4.6,4.6,4.6,110
2026-07-27T10:45:00.000Z,2026-07-27T13:45:00,4.58,4.58,4.56,4.56,2355
2026-07-27T10:46:00.000Z,2026-07-27T13:46:00,4.6,4.6,4.6,4.6,1
2026-07-27T10:50:00.000Z,2026-07-27T13:50:00,4.56,4.6,4.56,4.6,7
2026-07-27T10:57:00.000Z,2026-07-27T13:57:00,4.56,4.56,4.56,4.56,1300
2026-07-27T10:59:00.000Z,2026-07-27T13:59:00,4.6,4.6,4.6,4.6,1
2026-07-27T11:00:00.000Z,2026-07-27T14:00:00,4.56,4.56,4.56,4.56,108
2026-07-27T11:01:00.000Z,2026-07-27T14:01:00,4.6,4.6,4.6,4.6,1
2026-07-27T11:12:00.000Z,2026-07-27T14:12:00,4.56,4.56,4.55,4.55,13000
2026-07-27T11:13:00.000Z,2026-07-27T14:13:00,4.6,4.6,4.6,4.6,1
2026-07-28T07:00:00.000Z,2026-07-28T10:00:00,4.6,4.61,4.35,4.35,61569
2026-07-28T07:01:00.000Z,2026-07-28T10:01:00,4.6,4.6,4.6,4.6,354
2026-07-28T07:04:00.000Z,2026-07-28T10:04:00,4.41,4.41,4.41,4.41,2406
2026-07-28T07:08:00.000Z,2026-07-28T10:08:00,4.59,4.59,4.59,4.59,680
2026-07-28T07:09:00.000Z,2026-07-28T10:09:00,4.59,4.59,4.59,4.59,400
2026-07-28T07:11:00.000Z,2026-07-28T10:11:00,4.46,4.46,4.46,4.46,1700
2026-07-28T07:13:00.000Z,2026-07-28T10:13:00,4.46,4.46,4.43,4.43,8300
2026-07-28T07:14:00.000Z,2026-07-28T10:14:00,4.59,4.59,4.59,4.59,213
2026-07-28T07:15:00.000Z,2026-07-28T10:15:00,4.58,4.58,4.58,4.58,1
2026-07-28T07:24:00.000Z,2026-07-28T10:24:00,4.43,4.43,4.43,4.43,500
2026-07-28T07:26:00.000Z,2026-07-28T10:26:00,4.43,4.43,4.43,4.43,2142
2026-07-28T07:28:00.000Z,2026-07-28T10:28:00,4.58,4.58,4.58,4.58,1000
2026-07-28T07:31:00.000Z,2026-07-28T10:31:00,4.45,4.45,4.45,4.45,222
2026-07-28T07:34:00.000Z,2026-07-28T10:34:00,4.58,4.58,4.58,4.58,1013
2026-07-28T07:35:00.000Z,2026-07-28T10:35:00,4.5,4.5,4.5,4.5,4000
2026-07-28T07:38:00.000Z,2026-07-28T10:38:00,4.5,4.5,4.5,4.5,12000
2026-07-28T07:39:00.000Z,2026-07-28T10:39:00,4.5,4.5,4.5,4.5,6879
2026-07-28T07:48:00.000Z,2026-07-28T10:48:00,4.5,4.5,4.5,4.5,96
2026-07-28T07:54:00.000Z,2026-07-28T10:54:00,4.51,4.51,4.51,4.51,250
2026-07-28T07:57:00.000Z,2026-07-28T10:57:00,4.51,4.51,4.5,4.5,6432
2026-07-28T07:58:00.000Z,2026-07-28T10:58:00,4.5,4.5,4.5,4.5,250
2026-07-28T08:05:00.000Z,2026-07-28T11:05:00,4.51,4.51,4.51,4.51,830
2026-07-28T08:07:00.000Z,2026-07-28T11:07:00,4.51,4.51,4.51,4.51,3170
2026-07-28T08:19:00.000Z,2026-07-28T11:19:00,4.53,4.53,4.5,4.5,18000
2026-07-28T08:21:00.000Z,2026-07-28T11:21:00,4.5,4.5,4.45,4.45,967
2026-07-28T08:26:00.000Z,2026-07-28T11:26:00,4.5,4.5,4.5,4.5,1986
2026-07-28T08:32:00.000Z,2026-07-28T11:32:00,4.5,4.5,4.46,4.46,100
2026-07-28T08:54:00.000Z,2026-07-28T11:54:00,4.54,4.54,4.54,4.54,1775
2026-07-28T08:55:00.000Z,2026-07-28T11:55:00,4.54,4.55,4.54,4.55,10000
2026-07-28T09:01:00.000Z,2026-07-28T12:01:00,4.54,4.54,4.54,4.54,25
2026-07-28T09:12:00.000Z,2026-07-28T12:12:00,4.54,4.54,4.54,4.54,2975
2026-07-28T09:16:00.000Z,2026-07-28T12:16:00,4.54,4.54,4.54,4.54,2100
2026-07-28T09:17:00.000Z,2026-07-28T12:17:00,4.54,4.54,4.54,4.54,250
2026-07-28T09:22:00.000Z,2026-07-28T12:22:00,4.51,4.51,4.5,4.5,7128
2026-07-28T09:23:00.000Z,2026-07-28T12:23:00,4.5,4.54,4.5,4.54,2548
2026-07-28T09:27:00.000Z,2026-07-28T12:27:00,4.5,4.5,4.45,4.45,12609
2026-07-28T09:35:00.000Z,2026-07-28T12:35:00,4.54,4.54,4.54,4.54,660
2026-07-28T09:43:00.000Z,2026-07-28T12:43:00,4.47,4.47,4.47,4.47,2046
2026-07-28T09:49:00.000Z,2026-07-28T12:49:00,4.53,4.53,4.53,4.53,440
2026-07-28T10:34:00.000Z,2026-07-28T13:34:00,4.47,4.47,4.47,4.47,5000
2026-07-28T10:46:00.000Z,2026-07-28T13:46:00,4.47,4.47,4.47,4.47,1
2026-07-28T11:02:00.000Z,2026-07-28T14:02:00,4.51,4.51,4.51,4.51,1000
2026-07-28T11:04:00.000Z,2026-07-28T14:04:00,4.47,4.47,4.47,4.47,2953
2026-07-28T11:08:00.000Z,2026-07-28T14:08:00,4.47,4.47,4.47,4.47,230
2026-07-28T11:14:00.000Z,2026-07-28T14:14:00,4.47,4.47,4.47,4.47,6800
2026-07-28T11:27:00.000Z,2026-07-28T14:27:00,4.47,4.47,4.47,4.47,1500
2026-07-29T07:01:00.000Z,2026-07-29T10:01:00,4.54,4.54,4.54,4.54,57
2026-07-29T07:06:00.000Z,2026-07-29T10:06:00,4.45,4.45,4.45,4.45,32
2026-07-29T07:10:00.000Z,2026-07-29T10:10:00,4.54,4.54,4.54,4.54,1277
2026-07-29T07:11:00.000Z,2026-07-29T10:11:00,4.46,4.46,4.46,4.46,900
2026-07-29T07:20:00.000Z,2026-07-29T10:20:00,4.47,4.47,4.47,4.47,34
2026-07-29T07:21:00.000Z,2026-07-29T10:21:00,4.47,4.47,4.47,4.47,1258
2026-07-29T07:28:00.000Z,2026-07-29T10:28:00,4.47,4.47,4.45,4.45,7000
2026-07-29T07:31:00.000Z,2026-07-29T10:31:00,4.45,4.45,4.4,4.4,511
2026-07-29T07:37:00.000Z,2026-07-29T10:37:00,4.4,4.4,4.4,4.4,231
2026-07-29T07:38:00.000Z,2026-07-29T10:38:00,4.45,4.45,4.45,4.45,4900
2026-07-29T07:40:00.000Z,2026-07-29T10:40:00,4.49,4.5,4.49,4.5,2045
2026-07-29T07:58:00.000Z,2026-07-29T10:58:00,4.4,4.4,4.35,4.35,9213
2026-07-29T08:00:00.000Z,2026-07-29T11:00:00,4.46,4.46,4.46,4.46,200
2026-07-29T08:04:00.000Z,2026-07-29T11:04:00,4.45,4.45,4.45,4.45,2000
2026-07-29T08:05:00.000Z,2026-07-29T11:05:00,4.45,4.45,4.45,4.45,1381
2026-07-29T08:06:00.000Z,2026-07-29T11:06:00,4.45,4.45,4.45,4.45,1000
2026-07-29T08:14:00.000Z,2026-07-29T11:14:00,4.36,4.45,4.36,4.45,2500
2026-07-29T08:31:00.000Z,2026-07-29T11:31:00,4.45,4.45,4.45,4.45,2000
2026-07-29T08:32:00.000Z,2026-07-29T11:32:00,4.45,4.45,4.45,4.45,1000
2026-07-29T08:45:00.000Z,2026-07-29T11:45:00,4.45,4.45,4.45,4.45,2500
2026-07-29T09:23:00.000Z,2026-07-29T12:23:00,4.38,4.38,4.35,4.35,39808
2026-07-29T09:24:00.000Z,2026-07-29T12:24:00,4.35,4.35,4.35,4.35,602
2026-07-29T09:25:00.000Z,2026-07-29T12:25:00,4.35,4.35,4.35,4.35,4000
2026-07-29T09:27:00.000Z,2026-07-29T12:27:00,4.35,4.35,4.35,4.35,15000
2026-07-29T09:31:00.000Z,2026-07-29T12:31:00,4.36,4.36,4.35,4.35,28480
2026-07-29T09:33:00.000Z,2026-07-29T12:33:00,4.35,4.35,4.35,4.35,1520
2026-07-29T09:38:00.000Z,2026-07-29T12:38:00,4.35,4.35,4.3,4.3,3854
2026-07-29T09:39:00.000Z,2026-07-29T12:39:00,4.3,4.3,4.3,4.3,1146
2026-07-29T09:42:00.000Z,2026-07-29T12:42:00,4.35,4.35,4.35,4.35,1874
2026-07-29T09:43:00.000Z,2026-07-29T12:43:00,4.35,4.35,4.35,4.35,2342
2026-07-29T09:47:00.000Z,2026-07-29T12:47:00,4.36,4.36,4.36,4.36,2300
2026-07-29T09:51:00.000Z,2026-07-29T12:51:00,4.35,4.35,4.35,4.35,1000
2026-07-29T09:54:00.000Z,2026-07-29T12:54:00,4.35,4.35,4.35,4.35,471
2026-07-29T09:55:00.000Z,2026-07-29T12:55:00,4.36,4.36,4.36,4.36,70
2026-07-29T09:56:00.000Z,2026-07-29T12:56:00,4.36,4.37,4.36,4.37,9228
2026-07-29T09:57:00.000Z,2026-07-29T12:57:00,4.36,4.37,4.35,4.37,28068
2026-07-29T09:58:00.000Z,2026-07-29T12:58:00,4.42,4.42,4.42,4.42,1000
2026-07-29T10:00:00.000Z,2026-07-29T13:00:00,4.42,4.42,4.33,4.33,1005
2026-07-29T10:06:00.000Z,2026-07-29T13:06:00,4.39,4.39,4.35,4.35,5000
2026-07-29T10:07:00.000Z,2026-07-29T13:07:00,4.4,4.4,4.4,4.4,1000
2026-07-29T10:22:00.000Z,2026-07-29T13:22:00,4.4,4.4,4.4,4.4,250
2026-07-29T10:23:00.000Z,2026-07-29T13:23:00,4.39,4.4,4.39,4.4,10000
2026-07-29T10:36:00.000Z,2026-07-29T13:36:00,4.37,4.37,4.35,4.35,3000
2026-07-29T10:45:00.000Z,2026-07-29T13:45:00,4.39,4.39,4.39,4.39,12
2026-07-29T10:56:00.000Z,2026-07-29T13:56:00,4.39,4.39,4.39,4.39,20
2026-07-29T11:03:00.000Z,2026-07-29T14:03:00,4.39,4.39,4.39,4.39,680
2026-07-29T11:05:00.000Z,2026-07-29T14:05:00,4.39,4.39,4.39,4.39,450
2026-07-29T11:06:00.000Z,2026-07-29T14:06:00,4.39,4.39,4.39,4.39,111
2026-07-29T11:08:00.000Z,2026-07-29T14:08:00,4.39,4.39,4.39,4.39,1884
2026-07-29T11:11:00.000Z,2026-07-29T14:11:00,4.39,4.39,4.36,4.36,6757
2026-07-29T11:13:00.000Z,2026-07-29T14:13:00,4.43,4.43,4.43,4.43,223
2026-07-30T07:00:00.000Z,2026-07-30T10:00:00,4.31,4.48,4.31,4.48,2
2026-07-30T07:01:00.000Z,2026-07-30T10:01:00,4.47,4.47,4.47,4.47,854
2026-07-30T07:02:00.000Z,2026-07-30T10:02:00,4.31,4.31,4.3,4.3,4176
2026-07-30T07:05:00.000Z,2026-07-30T10:05:00,4.45,4.45,4.45,4.45,1
2026-07-30T07:06:00.000Z,2026-07-30T10:06:00,4.32,4.32,4.32,4.32,1395
2026-07-30T07:11:00.000Z,2026-07-30T10:11:00,4.35,4.35,4.34,4.34,2226
2026-07-30T07:12:00.000Z,2026-07-30T10:12:00,4.34,4.34,4.34,4.34,94
2026-07-30T07:23:00.000Z,2026-07-30T10:23:00,4.42,4.42,4.42,4.42,1000
2026-07-30T07:27:00.000Z,2026-07-30T10:27:00,4.36,4.36,4.36,4.36,1000
2026-07-30T07:30:00.000Z,2026-07-30T10:30:00,4.41,4.41,4.41,4.41,550
2026-07-30T07:37:00.000Z,2026-07-30T10:37:00,4.37,4.37,4.37,4.37,72
2026-07-30T07:39:00.000Z,2026-07-30T10:39:00,4.37,4.37,4.37,4.37,200
2026-07-30T07:49:00.000Z,2026-07-30T10:49:00,4.36,4.36,4.36,4.36,200
2026-07-30T07:54:00.000Z,2026-07-30T10:54:00,4.36,4.36,4.36,4.36,400
2026-07-30T07:59:00.000Z,2026-07-30T10:59:00,4.36,4.36,4.36,4.36,3400
2026-07-30T08:00:00.000Z,2026-07-30T11:00:00,4.36,4.36,4.36,4.36,1600
2026-07-30T08:12:00.000Z,2026-07-30T11:12:00,4.34,4.34,4.34,4.34,917
2026-07-30T08:13:00.000Z,2026-07-30T11:13:00,4.35,4.35,4.35,4.35,190
2026-07-30T08:33:00.000Z,2026-07-30T11:33:00,4.36,4.36,4.36,4.36,445
2026-07-30T08:35:00.000Z,2026-07-30T11:35:00,4.37,4.37,4.37,4.37,400
2026-07-30T08:42:00.000Z,2026-07-30T11:42:00,4.37,4.37,4.37,4.37,1144
2026-07-30T08:46:00.000Z,2026-07-30T11:46:00,4.37,4.37,4.37,4.37,12
2026-07-30T09:03:00.000Z,2026-07-30T12:03:00,4.37,4.37,4.37,4.37,1000
2026-07-30T09:04:00.000Z,2026-07-30T12:04:00,4.37,4.37,4.37,4.37,1646
2026-07-30T09:08:00.000Z,2026-07-30T12:08:00,4.37,4.38,4.37,4.38,2000
2026-07-30T09:10:00.000Z,2026-07-30T12:10:00,4.38,4.38,4.38,4.38,3000
2026-07-30T09:11:00.000Z,2026-07-30T12:11:00,4.38,4.39,4.38,4.38,2700
2026-07-30T09:19:00.000Z,2026-07-30T12:19:00,4.37,4.37,4.37,4.37,1898
2026-07-30T09:21:00.000Z,2026-07-30T12:21:00,4.4,4.42,4.4,4.42,1717
2026-07-30T09:31:00.000Z,2026-07-30T12:31:00,4.37,4.37,4.37,4.37,3000
2026-07-30T09:46:00.000Z,2026-07-30T12:46:00,4.42,4.45,4.42,4.45,30000
2026-07-30T09:49:00.000Z,2026-07-30T12:49:00,4.45,4.45,4.45,4.45,2507
2026-07-30T09:51:00.000Z,2026-07-30T12:51:00,4.46,4.46,4.46,4.46,3160
2026-07-30T09:55:00.000Z,2026-07-30T12:55:00,4.46,4.46,4.46,4.46,2970
2026-07-30T09:57:00.000Z,2026-07-30T12:57:00,4.42,4.42,4.42,4.42,2002
2026-07-30T10:20:00.000Z,2026-07-30T13:20:00,4.45,4.5,4.45,4.5,15000
2026-07-30T10:22:00.000Z,2026-07-30T13:22:00,4.49,4.49,4.49,4.49,2831
2026-07-30T10:23:00.000Z,2026-07-30T13:23:00,4.49,4.5,4.42,4.42,11219
2026-07-30T10:24:00.000Z,2026-07-30T13:24:00,4.5,4.5,4.5,4.5,200
2026-07-30T10:26:00.000Z,2026-07-30T13:26:00,4.49,4.49,4.49,4.49,850
2026-07-30T10:47:00.000Z,2026-07-30T13:47:00,4.45,4.45,4.45,4.45,1000
2026-07-30T10:48:00.000Z,2026-07-30T13:48:00,4.45,4.45,4.45,4.45,130
2026-07-30T10:49:00.000Z,2026-07-30T13:49:00,4.45,4.45,4.45,4.45,134
2026-07-30T10:56:00.000Z,2026-07-30T13:56:00,4.49,4.5,4.49,4.5,10000
2026-07-30T11:00:00.000Z,2026-07-30T14:00:00,4.5,4.5,4.5,4.5,300
2026-07-30T11:01:00.000Z,2026-07-30T14:01:00,4.5,4.52,4.5,4.52,1000
2026-07-30T11:02:00.000Z,2026-07-30T14:02:00,4.52,4.62,4.52,4.62,12766
2026-07-30T11:04:00.000Z,2026-07-30T14:04:00,4.46,4.6,4.46,4.6,1499
2026-07-30T11:13:00.000Z,2026-07-30T14:13:00,4.6,4.6,4.6,4.6,180
2026-07-30T11:14:00.000Z,2026-07-30T14:14:00,4.59,4.6,4.59,4.6,320
2026-08-02T07:00:00.000Z,2026-08-02T10:00:00,4.6,4.6,4.43,4.44,8094
2026-08-02T07:01:00.000Z,2026-08-02T10:01:00,4.44,4.44,4.44,4.44,872
2026-08-02T07:02:00.000Z,2026-08-02T10:02:00,4.6,4.6,4.6,4.6,1
2026-08-02T07:04:00.000Z,2026-08-02T10:04:00,4.59,4.59,4.48,4.48,1001
2026-08-02T07:05:00.000Z,2026-08-02T10:05:00,4.5,4.6,4.48,4.48,10947
2026-08-02T07:06:00.000Z,2026-08-02T10:06:00,4.48,4.48,4.48,4.48,20
2026-08-02T07:07:00.000Z,2026-08-02T10:07:00,4.49,4.49,4.49,4.49,6
2026-08-02T07:08:00.000Z,2026-08-02T10:08:00,4.59,4.59,4.49,4.49,20
2026-08-02T07:13:00.000Z,2026-08-02T10:13:00,4.59,4.59,4.59,4.59,2100
2026-08-02T07:14:00.000Z,2026-08-02T10:14:00,4.59,4.59,4.5,4.5,500
2026-08-02T07:18:00.000Z,2026-08-02T10:18:00,4.53,4.59,4.53,4.59,2105
2026-08-02T07:20:00.000Z,2026-08-02T10:20:00,4.59,4.59,4.59,4.59,700
2026-08-02T07:28:00.000Z,2026-08-02T10:28:00,4.54,4.54,4.53,4.53,1360
2026-08-02T07:40:00.000Z,2026-08-02T10:40:00,4.58,4.59,4.58,4.59,300
2026-08-02T07:41:00.000Z,2026-08-02T10:41:00,4.54,4.54,4.54,4.54,8
2026-08-02T07:49:00.000Z,2026-08-02T10:49:00,4.59,4.59,4.59,4.59,22000
2026-08-02T07:50:00.000Z,2026-08-02T10:50:00,4.59,4.59,4.59,4.59,1400
2026-08-02T07:53:00.000Z,2026-08-02T10:53:00,4.59,4.6,4.59,4.6,21786
2026-08-02T07:54:00.000Z,2026-08-02T10:54:00,4.6,4.6,4.6,4.6,7700
2026-08-02T07:55:00.000Z,2026-08-02T10:55:00,4.6,4.6,4.6,4.6,6760
2026-08-02T07:57:00.000Z,2026-08-02T10:57:00,4.63,4.63,4.63,4.63,1
2026-08-02T07:59:00.000Z,2026-08-02T10:59:00,4.63,4.64,4.6,4.64,1925
2026-08-02T08:02:00.000Z,2026-08-02T11:02:00,4.63,4.63,4.63,4.63,10000
2026-08-02T08:04:00.000Z,2026-08-02T11:04:00,4.64,4.66,4.64,4.66,5050
2026-08-02T08:06:00.000Z,2026-08-02T11:06:00,4.64,4.66,4.64,4.66,7962
2026-08-02T08:09:00.000Z,2026-08-02T11:09:00,4.66,4.69,4.66,4.69,1800
2026-08-02T08:11:00.000Z,2026-08-02T11:11:00,4.69,4.7,4.69,4.7,2984
2026-08-02T08:12:00.000Z,2026-08-02T11:12:00,4.69,4.69,4.69,4.69,2071
2026-08-02T08:14:00.000Z,2026-08-02T11:14:00,4.69,4.69,4.69,4.69,625
2026-08-02T08:18:00.000Z,2026-08-02T11:18:00,4.65,4.65,4.65,4.65,300
2026-08-02T08:20:00.000Z,2026-08-02T11:20:00,4.66,4.69,4.66,4.69,4217
2026-08-02T08:21:00.000Z,2026-08-02T11:21:00,4.7,4.74,4.7,4.74,9228
2026-08-02T08:22:00.000Z,2026-08-02T11:22:00,4.75,4.75,4.75,4.75,250
2026-08-02T08:23:00.000Z,2026-08-02T11:23:00,4.76,4.76,4.76,4.76,555
2026-08-02T08:24:00.000Z,2026-08-02T11:24:00,4.77,4.78,4.77,4.78,13979
2026-08-02T08:25:00.000Z,2026-08-02T11:25:00,4.76,4.79,4.76,4.79,8966
2026-08-02T08:35:00.000Z,2026-08-02T11:35:00,4.79,4.8,4.79,4.8,2674
2026-08-02T08:36:00.000Z,2026-08-02T11:36:00,4.8,4.8,4.79,4.8,48401
2026-08-02T08:37:00.000Z,2026-08-02T11:37:00,4.8,4.8,4.8,4.8,1500
2026-08-02T08:41:00.000Z,2026-08-02T11:41:00,4.79,4.79,4.75,4.75,4700
2026-08-02T08:42:00.000Z,2026-08-02T11:42:00,4.75,4.8,4.75,4.8,5000
2026-08-02T08:43:00.000Z,2026-08-02T11:43:00,4.8,4.85,4.8,4.85,13197
2026-08-02T08:44:00.000Z,2026-08-02T11:44:00,4.8,4.85,4.8,4.85,10646
2026-08-02T08:48:00.000Z,2026-08-02T11:48:00,4.83,4.83,4.83,4.83,1119
2026-08-02T08:51:00.000Z,2026-08-02T11:51:00,4.8,4.8,4.8,4.8,6000
2026-08-02T08:52:00.000Z,2026-08-02T11:52:00,4.8,4.8,4.8,4.8,964
2026-08-02T08:54:00.000Z,2026-08-02T11:54:00,4.8,4.8,4.8,4.8,96
2026-08-02T08:55:00.000Z,2026-08-02T11:55:00,4.8,4.8,4.8,4.8,370
2026-08-02T08:56:00.000Z,2026-08-02T11:56:00,4.82,4.82,4.82,4.82,5
2026-08-02T09:00:00.000Z,2026-08-02T12:00:00,4.8,4.8,4.8,4.8,489
2026-08-02T09:01:00.000Z,2026-08-02T12:01:00,4.8,4.81,4.8,4.81,5416
2026-08-02T09:11:00.000Z,2026-08-02T12:11:00,4.81,4.81,4.81,4.81,5000
2026-08-02T09:12:00.000Z,2026-08-02T12:12:00,4.78,4.78,4.78,4.78,25
2026-08-02T09:15:00.000Z,2026-08-02T12:15:00,4.78,4.78,4.78,4.78,370
2026-08-02T09:17:00.000Z,2026-08-02T12:17:00,4.81,4.81,4.81,4.81,20000
2026-08-02T09:20:00.000Z,2026-08-02T12:20:00,4.78,4.8,4.78,4.8,4046
2026-08-02T09:22:00.000Z,2026-08-02T12:22:00,4.8,4.8,4.8,4.8,20833
2026-08-02T09:23:00.000Z,2026-08-02T12:23:00,4.8,4.8,4.8,4.8,1000
2026-08-02T09:26:00.000Z,2026-08-02T12:26:00,4.8,4.8,4.8,4.8,1000
2026-08-02T09:30:00.000Z,2026-08-02T12:30:00,4.8,4.8,4.8,4.8,34
2026-08-02T09:31:00.000Z,2026-08-02T12:31:00,4.8,4.81,4.8,4.81,35416
2026-08-02T09:32:00.000Z,2026-08-02T12:32:00,4.81,4.81,4.81,4.81,500
2026-08-02T09:38:00.000Z,2026-08-02T12:38:00,4.78,4.81,4.75,4.81,2910
2026-08-02T09:39:00.000Z,2026-08-02T12:39:00,4.81,4.81,4.81,4.81,1000
2026-08-02T09:40:00.000Z,2026-08-02T12:40:00,4.75,4.75,4.75,4.75,93
2026-08-02T09:51:00.000Z,2026-08-02T12:51:00,4.81,4.81,4.81,4.81,1
2026-08-02T09:52:00.000Z,2026-08-02T12:52:00,4.76,4.76,4.76,4.76,1067
2026-08-02T09:56:00.000Z,2026-08-02T12:56:00,4.81,4.81,4.81,4.81,5
2026-08-02T09:57:00.000Z,2026-08-02T12:57:00,4.81,4.81,4.81,4.81,1000
2026-08-02T10:03:00.000Z,2026-08-02T13:03:00,4.81,4.81,4.81,4.81,526
2026-08-02T10:04:00.000Z,2026-08-02T13:04:00,4.81,4.81,4.81,4.81,2
2026-08-02T10:05:00.000Z,2026-08-02T13:05:00,4.77,4.77,4.77,4.77,660
2026-08-02T10:09:00.000Z,2026-08-02T13:09:00,4.81,4.81,4.81,4.81,2050
2026-08-02T10:10:00.000Z,2026-08-02T13:10:00,4.81,4.82,4.81,4.82,43411
2026-08-02T10:11:00.000Z,2026-08-02T13:11:00,4.82,4.82,4.82,4.82,8690
2026-08-02T10:12:00.000Z,2026-08-02T13:12:00,4.82,4.84,4.82,4.84,11413
2026-08-02T10:13:00.000Z,2026-08-02T13:13:00,4.84,4.85,4.84,4.85,7081
2026-08-02T10:16:00.000Z,2026-08-02T13:16:00,4.85,4.85,4.84,4.84,509
2026-08-02T10:17:00.000Z,2026-08-02T13:17:00,4.84,4.85,4.84,4.85,4505
2026-08-02T10:18:00.000Z,2026-08-02T13:18:00,4.85,4.85,4.85,4.85,6330
2026-08-02T10:19:00.000Z,2026-08-02T13:19:00,4.85,4.85,4.85,4.85,500
2026-08-02T10:20:00.000Z,2026-08-02T13:20:00,4.85,4.85,4.85,4.85,1895
2026-08-02T10:22:00.000Z,2026-08-02T13:22:00,4.85,4.85,4.85,4.85,9461
2026-08-02T10:23:00.000Z,2026-08-02T13:23:00,4.85,4.85,4.85,4.85,3000
2026-08-02T10:24:00.000Z,2026-08-02T13:24:00,4.85,4.85,4.85,4.85,3600
2026-08-02T10:25:00.000Z,2026-08-02T13:25:00,4.85,4.85,4.85,4.85,1200
2026-08-02T10:26:00.000Z,2026-08-02T13:26:00,4.85,4.85,4.85,4.85,1425
2026-08-02T10:27:00.000Z,2026-08-02T13:27:00,4.85,4.88,4.85,4.88,2750
2026-08-02T10:28:00.000Z,2026-08-02T13:28:00,4.88,4.88,4.88,4.88,6649
2026-08-02T10:30:00.000Z,2026-08-02T13:30:00,4.88,4.89,4.88,4.89,1505
2026-08-02T10:31:00.000Z,2026-08-02T13:31:00,4.89,4.89,4.89,4.89,1061
2026-08-02T10:32:00.000Z,2026-08-02T13:32:00,4.9,4.9,4.9,4.9,7666
2026-08-02T10:33:00.000Z,2026-08-02T13:33:00,4.9,4.9,4.9,4.9,11352
2026-08-02T10:37:00.000Z,2026-08-02T13:37:00,4.9,4.9,4.9,4.9,3
2026-08-02T10:41:00.000Z,2026-08-02T13:41:00,4.88,4.9,4.81,4.9,803
2026-08-02T10:42:00.000Z,2026-08-02T13:42:00,4.9,4.9,4.9,4.9,5
2026-08-02T10:44:00.000Z,2026-08-02T13:44:00,4.86,4.86,4.86,4.86,1
2026-08-02T10:47:00.000Z,2026-08-02T13:47:00,4.86,4.86,4.86,4.86,2342
2026-08-02T10:51:00.000Z,2026-08-02T13:51:00,4.89,4.89,4.89,4.89,2
2026-08-02T10:52:00.000Z,2026-08-02T13:52:00,4.89,4.9,4.89,4.9,2055
2026-08-02T10:53:00.000Z,2026-08-02T13:53:00,4.9,4.9,4.9,4.9,9
2026-08-02T11:03:00.000Z,2026-08-02T14:03:00,4.9,4.9,4.9,4.9,6300
2026-08-02T11:04:00.000Z,2026-08-02T14:04:00,4.9,4.9,4.9,4.9,5000
2026-08-02T11:06:00.000Z,2026-08-02T14:06:00,4.9,4.9,4.9,4.9,2300
2026-08-02T11:08:00.000Z,2026-08-02T14:08:00,4.9,4.9,4.9,4.9,480
2026-08-02T11:09:00.000Z,2026-08-02T14:09:00,4.91,4.91,4.91,4.91,10
2026-08-02T11:10:00.000Z,2026-08-02T14:10:00,4.91,4.91,4.91,4.91,1133
2026-08-02T11:11:00.000Z,2026-08-02T14:11:00,4.9,4.91,4.9,4.91,204
2026-08-02T11:14:00.000Z,2026-08-02T14:14:00,4.91,4.91,4.91,4.91,115
2026-08-03T07:00:00.000Z,2026-08-03T10:00:00,4.95,4.95,4.95,4.95,2
2026-08-03T07:01:00.000Z,2026-08-03T10:01:00,4.95,4.95,4.95,4.95,1207
2026-08-03T07:02:00.000Z,2026-08-03T10:02:00,4.93,4.93,4.93,4.93,4000
2026-08-03T07:03:00.000Z,2026-08-03T10:03:00,4.95,4.97,4.93,4.97,4404
2026-08-03T07:04:00.000Z,2026-08-03T10:04:00,4.93,4.97,4.93,4.97,20628
2026-08-03T07:05:00.000Z,2026-08-03T10:05:00,4.97,5.1,4.97,5.1,26431
2026-08-03T07:06:00.000Z,2026-08-03T10:06:00,5.1,5.1,5,5.1,2003
2026-08-03T07:07:00.000Z,2026-08-03T10:07:00,5,5.1,5,5,882
2026-08-03T07:08:00.000Z,2026-08-03T10:08:00,5.1,5.1,5.01,5.01,136
2026-08-03T07:09:00.000Z,2026-08-03T10:09:00,5.1,5.1,5,5.1,8695
2026-08-03T07:11:00.000Z,2026-08-03T10:11:00,5.08,5.09,5.08,5.09,2407
2026-08-03T07:13:00.000Z,2026-08-03T10:13:00,5.08,5.08,5.08,5.08,404
2026-08-03T07:14:00.000Z,2026-08-03T10:14:00,5.02,5.02,5.02,5.02,4900
2026-08-03T07:17:00.000Z,2026-08-03T10:17:00,5.02,5.02,5,5,10219
2026-08-03T07:21:00.000Z,2026-08-03T10:21:00,5,5,5,5,276
2026-08-03T07:23:00.000Z,2026-08-03T10:23:00,4.96,4.96,4.96,4.96,50
2026-08-03T07:24:00.000Z,2026-08-03T10:24:00,4.96,4.96,4.96,4.96,950
2026-08-03T07:27:00.000Z,2026-08-03T10:27:00,4.92,4.92,4.92,4.92,24
2026-08-03T07:30:00.000Z,2026-08-03T10:30:00,4.92,4.92,4.92,4.92,3500
2026-08-03T07:33:00.000Z,2026-08-03T10:33:00,4.92,4.92,4.91,4.91,5700
2026-08-03T07:34:00.000Z,2026-08-03T10:34:00,4.91,4.91,4.91,4.91,5000
2026-08-03T07:35:00.000Z,2026-08-03T10:35:00,4.91,4.91,4.9,4.9,2036
2026-08-03T07:36:00.000Z,2026-08-03T10:36:00,4.96,4.96,4.9,4.9,503
2026-08-03T07:37:00.000Z,2026-08-03T10:37:00,4.9,4.9,4.9,4.9,1220
2026-08-03T07:39:00.000Z,2026-08-03T10:39:00,4.86,4.86,4.86,4.86,3
2026-08-03T07:41:00.000Z,2026-08-03T10:41:00,4.86,4.86,4.82,4.82,8910
2026-08-03T07:44:00.000Z,2026-08-03T10:44:00,4.82,4.82,4.82,4.82,173
2026-08-03T07:58:00.000Z,2026-08-03T10:58:00,4.9,4.9,4.9,4.9,207
2026-08-03T07:59:00.000Z,2026-08-03T10:59:00,4.9,4.9,4.82,4.82,14500
2026-08-03T08:01:00.000Z,2026-08-03T11:01:00,4.9,4.9,4.9,4.9,5
2026-08-03T08:18:00.000Z,2026-08-03T11:18:00,4.82,4.82,4.82,4.82,2406
2026-08-03T08:22:00.000Z,2026-08-03T11:22:00,4.89,4.89,4.89,4.89,1000
2026-08-03T08:49:00.000Z,2026-08-03T11:49:00,4.82,4.82,4.8,4.8,2015
2026-08-03T08:50:00.000Z,2026-08-03T11:50:00,4.8,4.8,4.8,4.8,485
2026-08-03T08:53:00.000Z,2026-08-03T11:53:00,4.88,4.88,4.88,4.88,1
2026-08-03T09:23:00.000Z,2026-08-03T12:23:00,4.86,4.86,4.86,4.86,2000
2026-08-03T09:26:00.000Z,2026-08-03T12:26:00,4.86,4.86,4.86,4.86,2
2026-08-03T09:27:00.000Z,2026-08-03T12:27:00,4.86,4.86,4.86,4.86,3022
2026-08-03T09:28:00.000Z,2026-08-03T12:28:00,4.86,4.86,4.86,4.86,3000
2026-08-03T09:29:00.000Z,2026-08-03T12:29:00,4.87,4.88,4.87,4.88,45000
2026-08-03T09:30:00.000Z,2026-08-03T12:30:00,4.88,4.89,4.88,4.89,1000
2026-08-03T09:31:00.000Z,2026-08-03T12:31:00,4.89,4.9,4.89,4.9,7108
2026-08-03T09:32:00.000Z,2026-08-03T12:32:00,4.9,4.9,4.9,4.9,1907
2026-08-03T09:37:00.000Z,2026-08-03T12:37:00,4.9,4.9,4.9,4.9,1000
2026-08-03T09:47:00.000Z,2026-08-03T12:47:00,4.88,4.88,4.88,4.88,997
2026-08-03T09:48:00.000Z,2026-08-03T12:48:00,4.9,4.9,4.9,4.9,5
2026-08-03T09:56:00.000Z,2026-08-03T12:56:00,4.88,4.88,4.88,4.88,1871
2026-08-03T09:59:00.000Z,2026-08-03T12:59:00,4.88,4.89,4.88,4.89,2705
2026-08-03T10:00:00.000Z,2026-08-03T13:00:00,4.89,4.9,4.89,4.9,200
2026-08-03T10:01:00.000Z,2026-08-03T13:01:00,4.87,4.87,4.87,4.87,250
2026-08-03T10:03:00.000Z,2026-08-03T13:03:00,4.9,4.9,4.9,4.9,2
2026-08-03T10:08:00.000Z,2026-08-03T13:08:00,4.87,4.9,4.87,4.9,1101
2026-08-03T10:22:00.000Z,2026-08-03T13:22:00,4.87,4.87,4.87,4.87,2300
2026-08-03T10:23:00.000Z,2026-08-03T13:23:00,4.87,4.87,4.87,4.87,177
2026-08-03T10:31:00.000Z,2026-08-03T13:31:00,4.87,4.87,4.87,4.87,2526
2026-08-03T10:34:00.000Z,2026-08-03T13:34:00,4.9,4.9,4.9,4.9,141
2026-08-03T10:41:00.000Z,2026-08-03T13:41:00,4.87,4.87,4.87,4.87,130
2026-08-03T10:54:00.000Z,2026-08-03T13:54:00,4.87,4.87,4.87,4.87,570
2026-08-03T11:10:00.000Z,2026-08-03T14:10:00,4.87,4.87,4.87,4.87,450
2026-08-03T11:11:00.000Z,2026-08-03T14:11:00,4.9,4.9,4.9,4.9,2000
2026-08-04T07:00:00.000Z,2026-08-04T10:00:00,4.85,4.85,4.82,4.82,12874
2026-08-04T07:01:00.000Z,2026-08-04T10:01:00,4.82,4.82,4.82,4.82,8417
2026-08-04T07:02:00.000Z,2026-08-04T10:02:00,4.85,4.85,4.85,4.85,4
2026-08-04T07:03:00.000Z,2026-08-04T10:03:00,4.82,4.82,4.82,4.82,1903
2026-08-04T07:04:00.000Z,2026-08-04T10:04:00,4.82,4.82,4.82,4.82,5298
2026-08-04T07:05:00.000Z,2026-08-04T10:05:00,4.82,4.82,4.8,4.8,6291
2026-08-04T07:06:00.000Z,2026-08-04T10:06:00,4.72,4.72,4.63,4.63,6918
2026-08-04T07:07:00.000Z,2026-08-04T10:07:00,4.63,4.73,4.63,4.73,3345
2026-08-04T07:08:00.000Z,2026-08-04T10:08:00,4.73,4.73,4.73,4.73,1659
2026-08-04T07:09:00.000Z,2026-08-04T10:09:00,4.63,4.63,4.63,4.63,21
2026-08-04T07:10:00.000Z,2026-08-04T10:10:00,4.73,4.73,4.73,4.73,2
2026-08-04T07:13:00.000Z,2026-08-04T10:13:00,4.73,4.73,4.73,4.73,1639
2026-08-04T07:14:00.000Z,2026-08-04T10:14:00,4.73,4.73,4.73,4.73,859
2026-08-04T07:22:00.000Z,2026-08-04T10:22:00,4.73,4.8,4.73,4.8,6
2026-08-04T07:32:00.000Z,2026-08-04T10:32:00,4.74,4.74,4.74,4.74,2000
2026-08-04T07:33:00.000Z,2026-08-04T10:33:00,4.74,4.74,4.74,4.74,177
2026-08-04T07:35:00.000Z,2026-08-04T10:35:00,4.73,4.73,4.54,4.54,21786
2026-08-04T07:38:00.000Z,2026-08-04T10:38:00,4.74,4.74,4.74,4.74,5
2026-08-04T07:41:00.000Z,2026-08-04T10:41:00,4.74,4.74,4.74,4.74,156
2026-08-04T07:42:00.000Z,2026-08-04T10:42:00,4.74,4.74,4.74,4.74,1000
2026-08-04T07:45:00.000Z,2026-08-04T10:45:00,4.74,4.74,4.74,4.74,344
2026-08-04T07:46:00.000Z,2026-08-04T10:46:00,4.74,4.74,4.74,4.74,5000
2026-08-04T07:50:00.000Z,2026-08-04T10:50:00,4.74,4.74,4.74,4.74,154
2026-08-04T07:54:00.000Z,2026-08-04T10:54:00,4.78,4.78,4.78,4.78,1
2026-08-04T07:56:00.000Z,2026-08-04T10:56:00,4.74,4.74,4.74,4.74,1015
2026-08-04T08:11:00.000Z,2026-08-04T11:11:00,4.77,4.77,4.77,4.77,1012
2026-08-04T08:12:00.000Z,2026-08-04T11:12:00,4.74,4.74,4.74,4.74,2668
2026-08-04T08:18:00.000Z,2026-08-04T11:18:00,4.74,4.74,4.74,4.74,1200
2026-08-04T08:19:00.000Z,2026-08-04T11:19:00,4.74,4.78,4.74,4.78,5500
2026-08-04T08:24:00.000Z,2026-08-04T11:24:00,4.78,4.78,4.78,4.78,1548
2026-08-04T08:40:00.000Z,2026-08-04T11:40:00,4.78,4.78,4.78,4.78,9731
2026-08-04T08:46:00.000Z,2026-08-04T11:46:00,4.74,4.74,4.65,4.65,2000
2026-08-04T08:52:00.000Z,2026-08-04T11:52:00,4.77,4.77,4.77,4.77,1
2026-08-04T08:56:00.000Z,2026-08-04T11:56:00,4.77,4.77,4.77,4.77,690
2026-08-04T09:06:00.000Z,2026-08-04T12:06:00,4.77,4.77,4.64,4.64,5354
2026-08-04T09:27:00.000Z,2026-08-04T12:27:00,4.67,4.67,4.67,4.67,4000
2026-08-04T09:37:00.000Z,2026-08-04T12:37:00,4.77,4.77,4.77,4.77,5
2026-08-04T09:46:00.000Z,2026-08-04T12:46:00,4.67,4.67,4.64,4.64,40269
2026-08-04T09:47:00.000Z,2026-08-04T12:47:00,4.77,4.77,4.77,4.77,5
2026-08-04T09:48:00.000Z,2026-08-04T12:48:00,4.65,4.77,4.65,4.77,2
2026-08-04T09:50:00.000Z,2026-08-04T12:50:00,4.65,4.77,4.65,4.77,6
2026-08-04T09:53:00.000Z,2026-08-04T12:53:00,4.65,4.65,4.65,4.65,832
2026-08-04T09:54:00.000Z,2026-08-04T12:54:00,4.65,4.65,4.65,4.65,33
2026-08-04T10:16:00.000Z,2026-08-04T13:16:00,4.66,4.66,4.66,4.66,75
2026-08-04T10:31:00.000Z,2026-08-04T13:31:00,4.65,4.65,4.65,4.65,900
2026-08-04T10:45:00.000Z,2026-08-04T13:45:00,4.77,4.77,4.77,4.77,2
2026-08-04T11:08:00.000Z,2026-08-04T14:08:00,4.68,4.77,4.68,4.77,988
2026-08-04T11:10:00.000Z,2026-08-04T14:10:00,4.69,4.69,4.68,4.68,13975
2026-08-04T11:11:00.000Z,2026-08-04T14:11:00,4.68,4.68,4.68,4.68,2
2026-08-04T11:15:00.000Z,2026-08-04T14:15:00,4.68,4.68,4.68,4.68,461
2026-08-05T07:00:00.000Z,2026-08-05T10:00:00,4.68,4.68,4.62,4.62,12348
2026-08-05T07:06:00.000Z,2026-08-05T10:06:00,4.62,4.62,4.62,4.62,28
2026-08-05T07:08:00.000Z,2026-08-05T10:08:00,4.69,4.69,4.69,4.69,300
2026-08-05T07:12:00.000Z,2026-08-05T10:12:00,4.62,4.62,4.62,4.62,1000
2026-08-05T07:14:00.000Z,2026-08-05T10:14:00,4.69,4.69,4.62,4.62,11
2026-08-05T07:15:00.000Z,2026-08-05T10:15:00,4.69,4.69,4.69,4.69,1
2026-08-05T07:31:00.000Z,2026-08-05T10:31:00,4.63,4.63,4.63,4.63,1
2026-08-05T07:40:00.000Z,2026-08-05T10:40:00,4.64,4.64,4.64,4.64,1
2026-08-05T07:48:00.000Z,2026-08-05T10:48:00,4.68,4.68,4.68,4.68,25
2026-08-05T07:49:00.000Z,2026-08-05T10:49:00,4.64,4.64,4.64,4.64,3
2026-08-05T07:51:00.000Z,2026-08-05T10:51:00,4.64,4.64,4.64,4.64,178
2026-08-05T07:53:00.000Z,2026-08-05T10:53:00,4.64,4.64,4.61,4.61,31000
2026-08-05T07:54:00.000Z,2026-08-05T10:54:00,4.64,4.64,4.63,4.63,8590
2026-08-05T07:55:00.000Z,2026-08-05T10:55:00,4.63,4.63,4.63,4.63,1410
2026-08-05T07:56:00.000Z,2026-08-05T10:56:00,4.61,4.61,4.6,4.6,7000
2026-08-05T08:03:00.000Z,2026-08-05T11:03:00,4.6,4.6,4.6,4.6,300
2026-08-05T08:07:00.000Z,2026-08-05T11:07:00,4.67,4.67,4.67,4.67,660
2026-08-05T08:11:00.000Z,2026-08-05T11:11:00,4.6,4.6,4.51,4.51,11900
2026-08-05T08:16:00.000Z,2026-08-05T11:16:00,4.66,4.66,4.66,4.66,622
2026-08-05T08:20:00.000Z,2026-08-05T11:20:00,4.66,4.67,4.66,4.67,7173
2026-08-05T08:21:00.000Z,2026-08-05T11:21:00,4.67,4.69,4.67,4.69,5000
2026-08-05T08:22:00.000Z,2026-08-05T11:22:00,4.69,4.79,4.69,4.79,1000
2026-08-05T08:24:00.000Z,2026-08-05T11:24:00,4.77,4.78,4.77,4.78,1400
2026-08-05T08:31:00.000Z,2026-08-05T11:31:00,4.78,4.78,4.78,4.78,600
2026-08-05T08:33:00.000Z,2026-08-05T11:33:00,4.63,4.63,4.63,4.63,350
2026-08-05T08:41:00.000Z,2026-08-05T11:41:00,4.63,4.63,4.63,4.63,653
2026-08-05T08:42:00.000Z,2026-08-05T11:42:00,4.63,4.63,4.63,4.63,5
2026-08-05T08:45:00.000Z,2026-08-05T11:45:00,4.63,4.63,4.63,4.63,74
2026-08-05T08:47:00.000Z,2026-08-05T11:47:00,4.63,4.63,4.63,4.63,100
2026-08-05T09:09:00.000Z,2026-08-05T12:09:00,4.64,4.64,4.63,4.63,14987
2026-08-05T09:20:00.000Z,2026-08-05T12:20:00,4.6,4.6,4.6,4.6,18013
2026-08-05T09:39:00.000Z,2026-08-05T12:39:00,4.63,4.63,4.63,4.63,20000
2026-08-05T09:41:00.000Z,2026-08-05T12:41:00,4.62,4.62,4.6,4.6,13400
2026-08-05T09:42:00.000Z,2026-08-05T12:42:00,4.6,4.6,4.52,4.52,37674
2026-08-05T09:43:00.000Z,2026-08-05T12:43:00,4.74,4.77,4.74,4.77,3756
2026-08-05T09:49:00.000Z,2026-08-05T12:49:00,4.6,4.6,4.53,4.53,3000
2026-08-05T09:51:00.000Z,2026-08-05T12:51:00,4.55,4.55,4.55,4.55,984
2026-08-05T09:58:00.000Z,2026-08-05T12:58:00,4.6,4.6,4.6,4.6,5000
2026-08-05T10:00:00.000Z,2026-08-05T13:00:00,4.6,4.6,4.6,4.6,1979
2026-08-05T10:06:00.000Z,2026-08-05T13:06:00,4.6,4.6,4.6,4.6,122
2026-08-05T10:07:00.000Z,2026-08-05T13:07:00,4.56,4.56,4.56,4.56,1671
2026-08-05T10:08:00.000Z,2026-08-05T13:08:00,4.56,4.56,4.56,4.56,1052
2026-08-05T10:37:00.000Z,2026-08-05T13:37:00,4.66,4.66,4.66,4.66,2000
2026-08-05T11:12:00.000Z,2026-08-05T14:12:00,4.66,4.66,4.56,4.56,22000
2026-08-05T11:13:00.000Z,2026-08-05T14:13:00,4.56,4.56,4.56,4.56,4
2026-08-06T07:03:00.000Z,2026-08-06T10:03:00,4.69,4.69,4.69,4.69,1
2026-08-06T07:06:00.000Z,2026-08-06T10:06:00,4.69,4.69,4.69,4.69,261
2026-08-06T07:15:00.000Z,2026-08-06T10:15:00,4.58,4.58,4.58,4.58,14
2026-08-06T07:16:00.000Z,2026-08-06T10:16:00,4.58,4.58,4.58,4.58,100
2026-08-06T07:18:00.000Z,2026-08-06T10:18:00,4.67,4.67,4.67,4.67,2
2026-08-06T07:19:00.000Z,2026-08-06T10:19:00,4.58,4.67,4.58,4.67,1942
2026-08-06T07:27:00.000Z,2026-08-06T10:27:00,4.66,4.66,4.66,4.66,212
2026-08-06T07:30:00.000Z,2026-08-06T10:30:00,4.59,4.59,4.59,4.59,14
2026-08-06T07:31:00.000Z,2026-08-06T10:31:00,4.63,4.68,4.63,4.68,10000
2026-08-06T07:40:00.000Z,2026-08-06T10:40:00,4.66,4.66,4.66,4.66,1000
2026-08-06T07:51:00.000Z,2026-08-06T10:51:00,4.67,4.69,4.67,4.69,10000
2026-08-06T08:19:00.000Z,2026-08-06T11:19:00,4.63,4.63,4.63,4.63,1000
2026-08-06T08:48:00.000Z,2026-08-06T11:48:00,4.68,4.68,4.68,4.68,230
2026-08-06T08:51:00.000Z,2026-08-06T11:51:00,4.68,4.69,4.68,4.69,1070
2026-08-06T08:58:00.000Z,2026-08-06T11:58:00,4.63,4.63,4.63,4.63,51
2026-08-06T09:28:00.000Z,2026-08-06T12:28:00,4.69,4.69,4.69,4.69,3
2026-08-06T09:33:00.000Z,2026-08-06T12:33:00,4.69,4.69,4.69,4.69,100
2026-08-06T09:41:00.000Z,2026-08-06T12:41:00,4.69,4.69,4.69,4.69,96
2026-08-06T09:43:00.000Z,2026-08-06T12:43:00,4.69,4.69,4.69,4.69,14
2026-08-06T09:52:00.000Z,2026-08-06T12:52:00,4.65,4.65,4.65,4.65,10
2026-08-06T09:56:00.000Z,2026-08-06T12:56:00,4.65,4.65,4.65,4.65,490
2026-08-06T09:58:00.000Z,2026-08-06T12:58:00,4.64,4.64,4.63,4.63,3400
2026-08-06T09:59:00.000Z,2026-08-06T12:59:00,4.67,4.67,4.67,4.67,1000
2026-08-06T10:07:00.000Z,2026-08-06T13:07:00,4.68,4.68,4.68,4.68,2
2026-08-06T10:13:00.000Z,2026-08-06T13:13:00,4.65,4.65,4.65,4.65,1500
2026-08-06T10:15:00.000Z,2026-08-06T13:15:00,4.65,4.65,4.65,4.65,2000
2026-08-06T10:19:00.000Z,2026-08-06T13:19:00,4.65,4.65,4.65,4.65,69
2026-08-06T10:21:00.000Z,2026-08-06T13:21:00,4.64,4.64,4.64,4.64,3409
2026-08-06T10:30:00.000Z,2026-08-06T13:30:00,4.65,4.66,4.65,4.66,5
2026-08-06T10:40:00.000Z,2026-08-06T13:40:00,4.66,4.66,4.66,4.66,1999
2026-08-06T10:42:00.000Z,2026-08-06T13:42:00,4.66,4.66,4.65,4.65,1197
2026-08-06T10:44:00.000Z,2026-08-06T13:44:00,4.65,4.65,4.65,4.65,3000
2026-08-06T10:46:00.000Z,2026-08-06T13:46:00,4.65,4.65,4.65,4.65,2500
2026-08-06T10:47:00.000Z,2026-08-06T13:47:00,4.64,4.64,4.63,4.63,25000
2026-08-06T10:51:00.000Z,2026-08-06T13:51:00,4.64,4.64,4.64,4.64,3
2026-08-06T10:54:00.000Z,2026-08-06T13:54:00,4.65,4.75,4.65,4.75,86206
2026-08-06T11:07:00.000Z,2026-08-06T14:07:00,4.65,4.65,4.65,4.65,3
2026-08-06T11:08:00.000Z,2026-08-06T14:08:00,4.65,4.65,4.65,4.65,100
2026-08-06T11:14:00.000Z,2026-08-06T14:14:00,4.65,4.65,4.65,4.65,500
2026-08-09T07:00:00.000Z,2026-08-09T10:00:00,4.73,4.73,4.73,4.73,82
2026-08-09T07:03:00.000Z,2026-08-09T10:03:00,4.67,4.67,4.63,4.63,30000
2026-08-09T07:05:00.000Z,2026-08-09T10:05:00,4.73,4.73,4.73,4.73,5
2026-08-09T07:10:00.000Z,2026-08-09T10:10:00,4.64,4.64,4.61,4.61,13000
2026-08-09T07:16:00.000Z,2026-08-09T10:16:00,4.62,4.62,4.62,4.62,1012
2026-08-09T07:17:00.000Z,2026-08-09T10:17:00,4.68,4.69,4.68,4.69,2912
2026-08-09T07:18:00.000Z,2026-08-09T10:18:00,4.71,4.73,4.71,4.73,22039
2026-08-09T07:20:00.000Z,2026-08-09T10:20:00,4.72,4.73,4.72,4.73,10570
2026-08-09T07:28:00.000Z,2026-08-09T10:28:00,4.62,4.62,4.62,4.62,50
2026-08-09T07:29:00.000Z,2026-08-09T10:29:00,4.62,4.62,4.62,4.62,5112
2026-08-09T07:30:00.000Z,2026-08-09T10:30:00,4.62,4.62,4.62,4.62,1000
2026-08-09T07:32:00.000Z,2026-08-09T10:32:00,4.72,4.72,4.72,4.72,37
2026-08-09T07:38:00.000Z,2026-08-09T10:38:00,4.62,4.62,4.62,4.62,510
2026-08-09T07:41:00.000Z,2026-08-09T10:41:00,4.71,4.71,4.71,4.71,6
2026-08-09T07:42:00.000Z,2026-08-09T10:42:00,4.63,4.63,4.63,4.63,184
2026-08-09T07:44:00.000Z,2026-08-09T10:44:00,4.71,4.71,4.71,4.71,432
2026-08-09T07:46:00.000Z,2026-08-09T10:46:00,4.63,4.63,4.63,4.63,1777
2026-08-09T07:57:00.000Z,2026-08-09T10:57:00,4.7,4.7,4.7,4.7,400
2026-08-09T07:58:00.000Z,2026-08-09T10:58:00,4.63,4.63,4.63,4.63,101
2026-08-09T08:02:00.000Z,2026-08-09T11:02:00,4.7,4.7,4.7,4.7,3
2026-08-09T08:03:00.000Z,2026-08-09T11:03:00,4.63,4.63,4.63,4.63,1100
2026-08-09T08:08:00.000Z,2026-08-09T11:08:00,4.66,4.66,4.66,4.66,215
2026-08-09T08:23:00.000Z,2026-08-09T11:23:00,4.65,4.66,4.65,4.66,629
2026-08-09T08:26:00.000Z,2026-08-09T11:26:00,4.66,4.7,4.66,4.7,410
2026-08-09T08:37:00.000Z,2026-08-09T11:37:00,4.63,4.63,4.63,4.63,2400
2026-08-09T08:38:00.000Z,2026-08-09T11:38:00,4.63,4.63,4.63,4.63,4050
2026-08-09T08:47:00.000Z,2026-08-09T11:47:00,4.63,4.63,4.63,4.63,338
2026-08-09T08:48:00.000Z,2026-08-09T11:48:00,4.63,4.63,4.63,4.63,100
2026-08-09T08:49:00.000Z,2026-08-09T11:49:00,4.7,4.7,4.63,4.63,241
2026-08-09T08:51:00.000Z,2026-08-09T11:51:00,4.7,4.7,4.7,4.7,700
2026-08-09T09:15:00.000Z,2026-08-09T12:15:00,4.63,4.63,4.63,4.63,1
2026-08-09T09:19:00.000Z,2026-08-09T12:19:00,4.63,4.63,4.63,4.63,5
2026-08-09T09:35:00.000Z,2026-08-09T12:35:00,4.7,4.7,4.7,4.7,600
2026-08-09T10:01:00.000Z,2026-08-09T13:01:00,4.69,4.69,4.69,4.69,3
2026-08-09T10:04:00.000Z,2026-08-09T13:04:00,4.69,4.69,4.69,4.69,10
2026-08-09T10:10:00.000Z,2026-08-09T13:10:00,4.67,4.67,4.67,4.67,1000
2026-08-09T10:21:00.000Z,2026-08-09T13:21:00,4.65,4.65,4.65,4.65,500
2026-08-09T10:24:00.000Z,2026-08-09T13:24:00,4.65,4.65,4.65,4.65,92
2026-08-09T10:25:00.000Z,2026-08-09T13:25:00,4.65,4.65,4.65,4.65,5202
2026-08-09T10:38:00.000Z,2026-08-09T13:38:00,4.65,4.65,4.65,4.65,2212
2026-08-09T10:43:00.000Z,2026-08-09T13:43:00,4.64,4.64,4.64,4.64,6000
2026-08-09T10:45:00.000Z,2026-08-09T13:45:00,4.64,4.64,4.64,4.64,7
2026-08-09T10:53:00.000Z,2026-08-09T13:53:00,4.64,4.64,4.64,4.64,50
2026-08-09T10:59:00.000Z,2026-08-09T13:59:00,4.64,4.64,4.64,4.64,4
2026-08-09T11:01:00.000Z,2026-08-09T14:01:00,4.65,4.65,4.65,4.65,788
2026-08-09T11:08:00.000Z,2026-08-09T14:08:00,4.65,4.65,4.65,4.65,212
2026-08-09T11:09:00.000Z,2026-08-09T14:09:00,4.64,4.64,4.64,4.64,18023
2026-08-09T11:25:00.000Z,2026-08-09T14:25:00,4.64,4.64,4.64,4.64,304
2026-08-09T11:28:00.000Z,2026-08-09T14:28:00,4.64,4.64,4.64,4.64,4000
2026-08-10T07:00:00.000Z,2026-08-10T10:00:00,4.63,4.63,4.6,4.6,8223
2026-08-10T07:02:00.000Z,2026-08-10T10:02:00,4.6,4.6,4.6,4.6,1070
2026-08-10T07:04:00.000Z,2026-08-10T10:04:00,4.6,4.6,4.6,4.6,6131
2026-08-10T07:08:00.000Z,2026-08-10T10:08:00,4.61,4.61,4.61,4.61,2993
2026-08-10T07:13:00.000Z,2026-08-10T10:13:00,4.61,4.61,4.57,4.57,9399
2026-08-10T07:14:00.000Z,2026-08-10T10:14:00,4.63,4.63,4.63,4.63,11
2026-08-10T07:22:00.000Z,2026-08-10T10:22:00,4.58,4.58,4.56,4.56,25800
2026-08-10T07:43:00.000Z,2026-08-10T10:43:00,4.57,4.57,4.57,4.57,212
2026-08-10T07:47:00.000Z,2026-08-10T10:47:00,4.57,4.57,4.57,4.57,511
2026-08-10T07:48:00.000Z,2026-08-10T10:48:00,4.59,4.59,4.59,4.59,5000
2026-08-10T07:49:00.000Z,2026-08-10T10:49:00,4.6,4.6,4.6,4.6,277
2026-08-10T07:50:00.000Z,2026-08-10T10:50:00,4.59,4.59,4.59,4.59,4
2026-08-10T07:53:00.000Z,2026-08-10T10:53:00,4.6,4.6,4.6,4.6,223
2026-08-10T07:56:00.000Z,2026-08-10T10:56:00,4.62,4.62,4.62,4.62,5
2026-08-10T08:00:00.000Z,2026-08-10T11:00:00,4.6,4.6,4.52,4.52,5768
2026-08-10T08:05:00.000Z,2026-08-10T11:05:00,4.52,4.52,4.52,4.52,2000
2026-08-10T08:07:00.000Z,2026-08-10T11:07:00,4.52,4.52,4.51,4.51,10000
2026-08-10T08:17:00.000Z,2026-08-10T11:17:00,4.62,4.62,4.62,4.62,1000
2026-08-10T08:19:00.000Z,2026-08-10T11:19:00,4.61,4.61,4.61,4.61,759
2026-08-10T08:28:00.000Z,2026-08-10T11:28:00,4.55,4.61,4.55,4.61,188
2026-08-10T08:30:00.000Z,2026-08-10T11:30:00,4.61,4.61,4.61,4.61,6500
2026-08-10T08:31:00.000Z,2026-08-10T11:31:00,4.61,4.61,4.61,4.61,5331
2026-08-10T08:35:00.000Z,2026-08-10T11:35:00,4.55,4.55,4.53,4.53,1000
2026-08-10T08:36:00.000Z,2026-08-10T11:36:00,4.61,4.62,4.61,4.62,600
2026-08-10T08:50:00.000Z,2026-08-10T11:50:00,4.53,4.53,4.53,4.53,1500
2026-08-10T08:56:00.000Z,2026-08-10T11:56:00,4.53,4.53,4.53,4.53,750
2026-08-10T09:05:00.000Z,2026-08-10T12:05:00,4.53,4.53,4.53,4.53,8
2026-08-10T09:11:00.000Z,2026-08-10T12:11:00,4.53,4.53,4.53,4.53,2660
2026-08-10T09:26:00.000Z,2026-08-10T12:26:00,4.53,4.53,4.53,4.53,1400
2026-08-10T09:28:00.000Z,2026-08-10T12:28:00,4.53,4.53,4.53,4.53,4
2026-08-10T09:39:00.000Z,2026-08-10T12:39:00,4.53,4.53,4.53,4.53,3656
2026-08-10T09:41:00.000Z,2026-08-10T12:41:00,4.54,4.54,4.53,4.53,27521
2026-08-10T09:42:00.000Z,2026-08-10T12:42:00,4.53,4.53,4.53,4.53,61
2026-08-10T09:49:00.000Z,2026-08-10T12:49:00,4.61,4.61,4.61,4.61,1000
2026-08-10T09:59:00.000Z,2026-08-10T12:59:00,4.53,4.53,4.53,4.53,122
2026-08-10T10:19:00.000Z,2026-08-10T13:19:00,4.53,4.53,4.53,4.53,800
2026-08-10T10:27:00.000Z,2026-08-10T13:27:00,4.53,4.53,4.53,4.53,41
2026-08-10T10:32:00.000Z,2026-08-10T13:32:00,4.53,4.53,4.53,4.53,82
2026-08-10T10:33:00.000Z,2026-08-10T13:33:00,4.59,4.59,4.59,4.59,470
2026-08-10T10:59:00.000Z,2026-08-10T13:59:00,4.54,4.54,4.54,4.54,33
2026-08-10T11:09:00.000Z,2026-08-10T14:09:00,4.59,4.59,4.59,4.59,221
2026-08-10T11:12:00.000Z,2026-08-10T14:12:00,4.59,4.59,4.59,4.59,12497
2026-08-10T11:13:00.000Z,2026-08-10T14:13:00,4.59,4.59,4.59,4.59,1222
2026-08-10T11:14:00.000Z,2026-08-10T14:14:00,4.6,4.6,4.59,4.59,1424
2026-08-11T07:00:00.000Z,2026-08-11T10:00:00,4.59,4.59,4.59,4.59,3330
2026-08-11T07:04:00.000Z,2026-08-11T10:04:00,4.59,4.59,4.59,4.59,119
2026-08-11T07:18:00.000Z,2026-08-11T10:18:00,4.56,4.56,4.56,4.56,1500
2026-08-11T07:21:00.000Z,2026-08-11T10:21:00,4.54,4.54,4.53,4.53,984
2026-08-11T07:22:00.000Z,2026-08-11T10:22:00,4.53,4.53,4.51,4.51,13500
2026-08-11T07:25:00.000Z,2026-08-11T10:25:00,4.58,4.58,4.58,4.58,20
2026-08-11T07:33:00.000Z,2026-08-11T10:33:00,4.57,4.58,4.57,4.58,4328
2026-08-11T07:39:00.000Z,2026-08-11T10:39:00,4.51,4.51,4.51,4.51,1835
2026-08-11T07:40:00.000Z,2026-08-11T10:40:00,4.51,4.51,4.51,4.51,429
2026-08-11T07:54:00.000Z,2026-08-11T10:54:00,4.51,4.51,4.51,4.51,10207
2026-08-11T08:07:00.000Z,2026-08-11T11:07:00,4.55,4.55,4.55,4.55,200
2026-08-11T08:21:00.000Z,2026-08-11T11:21:00,4.52,4.52,4.52,4.52,2300
2026-08-11T08:29:00.000Z,2026-08-11T11:29:00,4.52,4.52,4.52,4.52,1
2026-08-11T08:35:00.000Z,2026-08-11T11:35:00,4.52,4.52,4.51,4.51,7000
2026-08-11T08:36:00.000Z,2026-08-11T11:36:00,4.53,4.53,4.53,4.53,9
2026-08-11T08:49:00.000Z,2026-08-11T11:49:00,4.52,4.52,4.52,4.52,996
2026-08-11T08:51:00.000Z,2026-08-11T11:51:00,4.51,4.51,4.5,4.5,13235
2026-08-11T09:00:00.000Z,2026-08-11T12:00:00,4.5,4.5,4.5,4.5,24
2026-08-11T09:05:00.000Z,2026-08-11T12:05:00,4.51,4.51,4.5,4.5,10000
2026-08-11T09:11:00.000Z,2026-08-11T12:11:00,4.5,4.5,4.5,4.5,20
2026-08-11T09:25:00.000Z,2026-08-11T12:25:00,4.51,4.51,4.51,4.51,700
2026-08-11T09:29:00.000Z,2026-08-11T12:29:00,4.51,4.51,4.5,4.5,2000
2026-08-11T09:30:00.000Z,2026-08-11T12:30:00,4.5,4.5,4.5,4.5,1120
2026-08-11T09:34:00.000Z,2026-08-11T12:34:00,4.51,4.51,4.51,4.51,3000
2026-08-11T09:36:00.000Z,2026-08-11T12:36:00,4.5,4.5,4.5,4.5,1500
2026-08-11T09:41:00.000Z,2026-08-11T12:41:00,4.54,4.54,4.54,4.54,5
2026-08-11T09:47:00.000Z,2026-08-11T12:47:00,4.54,4.54,4.54,4.54,444
2026-08-11T09:59:00.000Z,2026-08-11T12:59:00,4.5,4.5,4.5,4.5,5691
2026-08-11T10:03:00.000Z,2026-08-11T13:03:00,4.5,4.5,4.5,4.5,500
2026-08-11T10:17:00.000Z,2026-08-11T13:17:00,4.5,4.5,4.5,4.5,1469
2026-08-11T10:19:00.000Z,2026-08-11T13:19:00,4.5,4.5,4.5,4.5,800
2026-08-11T10:21:00.000Z,2026-08-11T13:21:00,4.51,4.51,4.51,4.51,1500
2026-08-11T10:23:00.000Z,2026-08-11T13:23:00,4.52,4.52,4.52,4.52,1000
2026-08-11T10:28:00.000Z,2026-08-11T13:28:00,4.52,4.52,4.52,4.52,1000
2026-08-11T10:29:00.000Z,2026-08-11T13:29:00,4.53,4.53,4.53,4.53,155
2026-08-11T10:32:00.000Z,2026-08-11T13:32:00,4.53,4.53,4.53,4.53,2000
2026-08-11T10:35:00.000Z,2026-08-11T13:35:00,4.52,4.52,4.52,4.52,2585
2026-08-11T10:40:00.000Z,2026-08-11T13:40:00,4.52,4.52,4.52,4.52,1000
2026-08-11T10:44:00.000Z,2026-08-11T13:44:00,4.54,4.54,4.54,4.54,117
2026-08-11T11:02:00.000Z,2026-08-11T14:02:00,4.54,4.54,4.54,4.54,6900
2026-08-11T11:12:00.000Z,2026-08-11T14:12:00,4.54,4.54,4.54,4.54,10000
2026-08-11T11:13:00.000Z,2026-08-11T14:13:00,4.54,4.54,4.54,4.54,9644
2026-08-11T11:26:00.000Z,2026-08-11T14:26:00,4.54,4.54,4.54,4.54,500
2026-08-12T07:09:00.000Z,2026-08-12T10:09:00,4.54,4.54,4.54,4.54,200
2026-08-12T07:11:00.000Z,2026-08-12T10:11:00,4.58,4.6,4.58,4.6,15032
2026-08-12T07:14:00.000Z,2026-08-12T10:14:00,4.6,4.6,4.6,4.6,4968
2026-08-12T07:15:00.000Z,2026-08-12T10:15:00,4.6,4.6,4.6,4.6,500
2026-08-12T07:16:00.000Z,2026-08-12T10:16:00,4.6,4.6,4.6,4.6,5000
2026-08-12T07:17:00.000Z,2026-08-12T10:17:00,4.6,4.68,4.6,4.68,800
2026-08-12T07:18:00.000Z,2026-08-12T10:18:00,4.66,4.66,4.66,4.66,650
2026-08-12T07:21:00.000Z,2026-08-12T10:21:00,4.61,4.68,4.61,4.68,800
2026-08-12T07:27:00.000Z,2026-08-12T10:27:00,4.55,4.55,4.5,4.5,31000
2026-08-12T07:36:00.000Z,2026-08-12T10:36:00,4.51,4.51,4.51,4.51,90
2026-08-12T07:59:00.000Z,2026-08-12T10:59:00,4.51,4.51,4.51,4.51,221
2026-08-12T08:01:00.000Z,2026-08-12T11:01:00,4.51,4.51,4.51,4.51,26
2026-08-12T08:14:00.000Z,2026-08-12T11:14:00,4.51,4.51,4.51,4.51,1108
2026-08-12T08:18:00.000Z,2026-08-12T11:18:00,4.6,4.6,4.6,4.6,2000
2026-08-12T08:19:00.000Z,2026-08-12T11:19:00,4.61,4.61,4.61,4.61,48
2026-08-12T08:22:00.000Z,2026-08-12T11:22:00,4.54,4.54,4.54,4.54,47
2026-08-12T08:55:00.000Z,2026-08-12T11:55:00,4.54,4.54,4.54,4.54,8374
2026-08-12T08:56:00.000Z,2026-08-12T11:56:00,4.54,4.54,4.54,4.54,1804
2026-08-12T08:58:00.000Z,2026-08-12T11:58:00,4.54,4.54,4.52,4.52,516
2026-08-12T09:15:00.000Z,2026-08-12T12:15:00,4.58,4.58,4.58,4.58,1000
2026-08-12T09:44:00.000Z,2026-08-12T12:44:00,4.54,4.54,4.54,4.54,37
2026-08-12T09:45:00.000Z,2026-08-12T12:45:00,4.54,4.54,4.54,4.54,115
2026-08-12T09:50:00.000Z,2026-08-12T12:50:00,4.54,4.54,4.54,4.54,10
2026-08-12T09:51:00.000Z,2026-08-12T12:51:00,4.54,4.54,4.53,4.53,166
2026-08-12T10:04:00.000Z,2026-08-12T13:04:00,4.53,4.53,4.53,4.53,283
2026-08-12T10:05:00.000Z,2026-08-12T13:05:00,4.53,4.58,4.53,4.58,7417
2026-08-12T10:15:00.000Z,2026-08-12T13:15:00,4.53,4.53,4.53,4.53,30
2026-08-12T10:17:00.000Z,2026-08-12T13:17:00,4.57,4.57,4.57,4.57,1500
2026-08-12T10:36:00.000Z,2026-08-12T13:36:00,4.53,4.53,4.51,4.51,10601
2026-08-12T10:38:00.000Z,2026-08-12T13:38:00,4.51,4.51,4.51,4.51,6000
2026-08-12T10:41:00.000Z,2026-08-12T13:41:00,4.51,4.51,4.51,4.51,3000
2026-08-12T10:42:00.000Z,2026-08-12T13:42:00,4.51,4.51,4.51,4.51,4000
2026-08-12T10:43:00.000Z,2026-08-12T13:43:00,4.51,4.51,4.51,4.51,2000
2026-08-12T10:45:00.000Z,2026-08-12T13:45:00,4.51,4.51,4.51,4.51,566
2026-08-12T10:47:00.000Z,2026-08-12T13:47:00,4.51,4.51,4.51,4.51,1750
2026-08-12T10:48:00.000Z,2026-08-12T13:48:00,4.51,4.51,4.51,4.51,3121
2026-08-12T10:49:00.000Z,2026-08-12T13:49:00,4.51,4.51,4.51,4.51,129
2026-08-12T10:51:00.000Z,2026-08-12T13:51:00,4.51,4.51,4.51,4.51,5000
2026-08-12T10:55:00.000Z,2026-08-12T13:55:00,4.56,4.56,4.56,4.56,100
2026-08-12T11:01:00.000Z,2026-08-12T14:01:00,4.51,4.51,4.51,4.51,6
2026-08-12T11:03:00.000Z,2026-08-12T14:03:00,4.51,4.51,4.51,4.51,3994
2026-08-12T11:05:00.000Z,2026-08-12T14:05:00,4.51,4.51,4.51,4.51,1006
2026-08-12T11:09:00.000Z,2026-08-12T14:09:00,4.56,4.56,4.56,4.56,221
2026-08-13T07:18:00.000Z,2026-08-13T10:18:00,4.56,4.56,4.56,4.56,46
2026-08-13T07:20:00.000Z,2026-08-13T10:20:00,4.6,4.6,4.6,4.6,18
2026-08-13T07:21:00.000Z,2026-08-13T10:21:00,4.56,4.56,4.56,4.56,2500
2026-08-13T07:33:00.000Z,2026-08-13T10:33:00,4.5,4.5,4.5,4.5,3000
2026-08-13T07:37:00.000Z,2026-08-13T10:37:00,4.5,4.5,4.5,4.5,2972
2026-08-13T07:53:00.000Z,2026-08-13T10:53:00,4.59,4.59,4.59,4.59,1
2026-08-13T07:56:00.000Z,2026-08-13T10:56:00,4.5,4.5,4.5,4.5,653
2026-08-13T07:57:00.000Z,2026-08-13T10:57:00,4.5,4.5,4.5,4.5,1000
2026-08-13T08:00:00.000Z,2026-08-13T11:00:00,4.5,4.5,4.5,4.5,500
2026-08-13T08:22:00.000Z,2026-08-13T11:22:00,4.58,4.58,4.58,4.58,1000
2026-08-13T09:09:00.000Z,2026-08-13T12:09:00,4.51,4.51,4.51,4.51,10
2026-08-13T09:19:00.000Z,2026-08-13T12:19:00,4.5,4.5,4.5,4.5,1000
2026-08-13T09:22:00.000Z,2026-08-13T12:22:00,4.5,4.5,4.5,4.5,15000
2026-08-13T09:36:00.000Z,2026-08-13T12:36:00,4.51,4.51,4.51,4.51,1545
2026-08-13T09:47:00.000Z,2026-08-13T12:47:00,4.51,4.51,4.51,4.51,200
2026-08-13T09:50:00.000Z,2026-08-13T12:50:00,4.51,4.51,4.5,4.5,3000
2026-08-13T09:55:00.000Z,2026-08-13T12:55:00,4.5,4.5,4.5,4.5,1804
2026-08-13T10:22:00.000Z,2026-08-13T13:22:00,4.56,4.56,4.56,4.56,1
2026-08-13T10:33:00.000Z,2026-08-13T13:33:00,4.5,4.5,4.5,4.5,249
2026-08-13T10:46:00.000Z,2026-08-13T13:46:00,4.5,4.56,4.5,4.56,3293
2026-08-13T10:50:00.000Z,2026-08-13T13:50:00,4.5,4.5,4.5,4.5,10
2026-08-13T10:55:00.000Z,2026-08-13T13:55:00,4.56,4.56,4.56,4.56,1
2026-08-13T11:01:00.000Z,2026-08-13T14:01:00,4.5,4.5,4.5,4.5,35
2026-08-13T11:02:00.000Z,2026-08-13T14:02:00,4.56,4.56,4.56,4.56,1
2026-08-16T07:00:00.000Z,2026-08-16T10:00:00,4.5,4.5,4.5,4.5,2000
2026-08-16T07:02:00.000Z,2026-08-16T10:02:00,4.5,4.5,4.5,4.5,2110
2026-08-16T07:09:00.000Z,2026-08-16T10:09:00,4.51,4.51,4.51,4.51,1500
2026-08-16T07:13:00.000Z,2026-08-16T10:13:00,4.51,4.51,4.51,4.51,1000
2026-08-16T07:14:00.000Z,2026-08-16T10:14:00,4.51,4.51,4.51,4.51,1500
2026-08-16T07:25:00.000Z,2026-08-16T10:25:00,4.51,4.51,4.51,4.51,144
2026-08-16T07:31:00.000Z,2026-08-16T10:31:00,4.51,4.51,4.51,4.51,578
2026-08-16T07:39:00.000Z,2026-08-16T10:39:00,4.51,4.51,4.51,4.51,111
2026-08-16T07:41:00.000Z,2026-08-16T10:41:00,4.51,4.51,4.51,4.51,2111
2026-08-16T07:55:00.000Z,2026-08-16T10:55:00,4.48,4.48,4.44,4.44,21088
2026-08-16T08:13:00.000Z,2026-08-16T11:13:00,4.45,4.45,4.45,4.45,600
2026-08-16T08:17:00.000Z,2026-08-16T11:17:00,4.51,4.52,4.51,4.52,400
2026-08-16T08:22:00.000Z,2026-08-16T11:22:00,4.52,4.53,4.52,4.53,7000
2026-08-16T08:26:00.000Z,2026-08-16T11:26:00,4.45,4.45,4.45,4.45,131
2026-08-16T08:28:00.000Z,2026-08-16T11:28:00,4.45,4.53,4.44,4.53,5806
2026-08-16T08:34:00.000Z,2026-08-16T11:34:00,4.44,4.44,4.44,4.44,14
2026-08-16T08:35:00.000Z,2026-08-16T11:35:00,4.44,4.44,4.4,4.4,5000
2026-08-16T08:46:00.000Z,2026-08-16T11:46:00,4.52,4.52,4.52,4.52,1
2026-08-16T08:55:00.000Z,2026-08-16T11:55:00,4.45,4.45,4.45,4.45,63
2026-08-16T08:57:00.000Z,2026-08-16T11:57:00,4.52,4.52,4.52,4.52,113
2026-08-16T09:06:00.000Z,2026-08-16T12:06:00,4.45,4.45,4.45,4.45,775
2026-08-16T09:24:00.000Z,2026-08-16T12:24:00,4.52,4.52,4.52,4.52,597
2026-08-16T09:31:00.000Z,2026-08-16T12:31:00,4.51,4.51,4.51,4.51,225
2026-08-16T09:34:00.000Z,2026-08-16T12:34:00,4.51,4.51,4.51,4.51,3075
2026-08-16T09:36:00.000Z,2026-08-16T12:36:00,4.52,4.52,4.52,4.52,587
2026-08-16T10:04:00.000Z,2026-08-16T13:04:00,4.5,4.5,4.5,4.5,44
2026-08-16T10:07:00.000Z,2026-08-16T13:07:00,4.46,4.46,4.42,4.42,1995
2026-08-16T10:23:00.000Z,2026-08-16T13:23:00,4.5,4.5,4.5,4.5,41
2026-08-16T10:26:00.000Z,2026-08-16T13:26:00,4.48,4.48,4.48,4.48,1000
2026-08-16T10:36:00.000Z,2026-08-16T13:36:00,4.42,4.42,4.42,4.42,2
2026-08-16T10:47:00.000Z,2026-08-16T13:47:00,4.48,4.48,4.48,4.48,1
2026-08-17T07:00:00.000Z,2026-08-17T10:00:00,4.41,4.41,4.4,4.4,600
2026-08-17T07:04:00.000Z,2026-08-17T10:04:00,4.4,4.4,4.4,4.4,6111
2026-08-17T07:08:00.000Z,2026-08-17T10:08:00,4.5,4.5,4.5,4.5,511
2026-08-17T07:34:00.000Z,2026-08-17T10:34:00,4.5,4.5,4.5,4.5,5000
2026-08-17T08:09:00.000Z,2026-08-17T11:09:00,4.45,4.45,4.41,4.41,1500
2026-08-17T08:21:00.000Z,2026-08-17T11:21:00,4.49,4.49,4.49,4.49,1
2026-08-17T08:34:00.000Z,2026-08-17T11:34:00,4.42,4.42,4.41,4.41,25000
2026-08-17T08:37:00.000Z,2026-08-17T11:37:00,4.41,4.41,4.41,4.41,6094
2026-08-17T08:39:00.000Z,2026-08-17T11:39:00,4.49,4.49,4.49,4.49,900
2026-08-17T08:54:00.000Z,2026-08-17T11:54:00,4.42,4.42,4.4,4.4,21946
2026-08-17T09:03:00.000Z,2026-08-17T12:03:00,4.4,4.4,4.4,4.4,5000
2026-08-17T09:23:00.000Z,2026-08-17T12:23:00,4.45,4.45,4.45,4.45,1300
2026-08-17T09:26:00.000Z,2026-08-17T12:26:00,4.4,4.4,4.4,4.4,100
2026-08-17T09:42:00.000Z,2026-08-17T12:42:00,4.41,4.41,4.41,4.41,1
2026-08-17T10:01:00.000Z,2026-08-17T13:01:00,4.41,4.41,4.41,4.41,270
2026-08-17T10:03:00.000Z,2026-08-17T13:03:00,4.41,4.41,4.41,4.41,2500
2026-08-17T10:04:00.000Z,2026-08-17T13:04:00,4.41,4.41,4.41,4.41,50
2026-08-17T10:12:00.000Z,2026-08-17T13:12:00,4.41,4.41,4.4,4.4,10000
2026-08-17T10:23:00.000Z,2026-08-17T13:23:00,4.48,4.48,4.48,4.48,4
2026-08-17T10:26:00.000Z,2026-08-17T13:26:00,4.41,4.41,4.41,4.41,1500
2026-08-17T10:39:00.000Z,2026-08-17T13:39:00,4.48,4.48,4.48,4.48,1000
2026-08-17T10:43:00.000Z,2026-08-17T13:43:00,4.48,4.48,4.48,4.48,104
2026-08-17T10:50:00.000Z,2026-08-17T13:50:00,4.48,4.48,4.48,4.48,8
2026-08-17T10:57:00.000Z,2026-08-17T13:57:00,4.41,4.41,4.41,4.41,465
2026-08-18T07:00:00.000Z,2026-08-18T10:00:00,4.4,4.4,4.4,4.4,1303
2026-08-18T07:06:00.000Z,2026-08-18T10:06:00,4.4,4.4,4.4,4.4,5000
2026-08-18T07:10:00.000Z,2026-08-18T10:10:00,4.4,4.4,4.4,4.4,1500
2026-08-18T07:11:00.000Z,2026-08-18T10:11:00,4.4,4.4,4.4,4.4,5404
2026-08-18T07:13:00.000Z,2026-08-18T10:13:00,4.4,4.4,4.4,4.4,2451
2026-08-18T07:34:00.000Z,2026-08-18T10:34:00,4.4,4.4,4.4,4.4,4597
2026-08-18T07:55:00.000Z,2026-08-18T10:55:00,4.4,4.4,4.4,4.4,452
2026-08-18T07:57:00.000Z,2026-08-18T10:57:00,4.4,4.4,4.4,4.4,111
2026-08-18T08:00:00.000Z,2026-08-18T11:00:00,4.4,4.4,4.4,4.4,3000
2026-08-18T08:13:00.000Z,2026-08-18T11:13:00,4.39,4.39,4.39,4.39,100
2026-08-18T08:20:00.000Z,2026-08-18T11:20:00,4.4,4.4,4.4,4.4,300
2026-08-18T08:21:00.000Z,2026-08-18T11:21:00,4.4,4.4,4.4,4.4,6137
2026-08-18T08:25:00.000Z,2026-08-18T11:25:00,4.39,4.39,4.39,4.39,20
2026-08-18T08:42:00.000Z,2026-08-18T11:42:00,4.4,4.4,4.4,4.4,1000
2026-08-18T08:51:00.000Z,2026-08-18T11:51:00,4.4,4.4,4.4,4.4,1000
2026-08-18T08:54:00.000Z,2026-08-18T11:54:00,4.45,4.45,4.45,4.45,260
2026-08-18T09:02:00.000Z,2026-08-18T12:02:00,4.4,4.4,4.4,4.4,2131
2026-08-18T09:07:00.000Z,2026-08-18T12:07:00,4.4,4.4,4.4,4.4,27
2026-08-18T09:25:00.000Z,2026-08-18T12:25:00,4.4,4.4,4.4,4.4,9
2026-08-18T09:37:00.000Z,2026-08-18T12:37:00,4.45,4.48,4.45,4.48,4000
2026-08-18T09:52:00.000Z,2026-08-18T12:52:00,4.47,4.47,4.47,4.47,5000
2026-08-18T09:58:00.000Z,2026-08-18T12:58:00,4.42,4.42,4.4,4.4,2460
2026-08-18T10:14:00.000Z,2026-08-18T13:14:00,4.47,4.47,4.47,4.47,100
2026-08-18T10:34:00.000Z,2026-08-18T13:34:00,4.46,4.46,4.46,4.46,300
2026-08-18T10:50:00.000Z,2026-08-18T13:50:00,4.4,4.4,4.4,4.4,116
2026-08-18T11:00:00.000Z,2026-08-18T14:00:00,4.4,4.4,4.4,4.4,177
2026-08-19T07:00:00.000Z,2026-08-19T10:00:00,4.48,4.48,4.4,4.4,745
2026-08-19T07:01:00.000Z,2026-08-19T10:01:00,4.4,4.4,4.4,4.4,1500
2026-08-19T07:02:00.000Z,2026-08-19T10:02:00,4.4,4.4,4.4,4.4,11
2026-08-19T07:07:00.000Z,2026-08-19T10:07:00,4.42,4.42,4.42,4.42,1000
2026-08-19T07:09:00.000Z,2026-08-19T10:09:00,4.42,4.42,4.42,4.42,9000
2026-08-19T07:19:00.000Z,2026-08-19T10:19:00,4.42,4.42,4.42,4.42,5000
2026-08-19T07:21:00.000Z,2026-08-19T10:21:00,4.42,4.42,4.42,4.42,45
2026-08-19T07:22:00.000Z,2026-08-19T10:22:00,4.42,4.42,4.42,4.42,5000
2026-08-19T07:26:00.000Z,2026-08-19T10:26:00,4.42,4.42,4.42,4.42,2339
2026-08-19T07:44:00.000Z,2026-08-19T10:44:00,4.41,4.42,4.41,4.42,903
2026-08-19T07:59:00.000Z,2026-08-19T10:59:00,4.4,4.4,4.38,4.38,185
2026-08-19T08:07:00.000Z,2026-08-19T11:07:00,4.47,4.47,4.47,4.47,14
2026-08-19T08:08:00.000Z,2026-08-19T11:08:00,4.39,4.39,4.39,4.39,1000
2026-08-19T08:28:00.000Z,2026-08-19T11:28:00,4.4,4.4,4.4,4.4,4000
2026-08-19T08:47:00.000Z,2026-08-19T11:47:00,4.4,4.4,4.4,4.4,3000
2026-08-19T09:25:00.000Z,2026-08-19T12:25:00,4.41,4.41,4.41,4.41,1611
2026-08-19T09:27:00.000Z,2026-08-19T12:27:00,4.41,4.41,4.41,4.41,43
2026-08-19T09:32:00.000Z,2026-08-19T12:32:00,4.38,4.38,4.38,4.38,1388
2026-08-19T09:40:00.000Z,2026-08-19T12:40:00,4.39,4.39,4.39,4.39,2000
2026-08-19T09:47:00.000Z,2026-08-19T12:47:00,4.39,4.39,4.39,4.39,500
2026-08-19T09:51:00.000Z,2026-08-19T12:51:00,4.38,4.38,4.38,4.38,2283
2026-08-19T09:56:00.000Z,2026-08-19T12:56:00,4.38,4.38,4.38,4.38,1101
2026-08-19T10:17:00.000Z,2026-08-19T13:17:00,4.39,4.39,4.39,4.39,1000
2026-08-19T10:18:00.000Z,2026-08-19T13:18:00,4.39,4.39,4.39,4.39,2000
2026-08-19T10:25:00.000Z,2026-08-19T13:25:00,4.4,4.4,4.4,4.4,2000
2026-08-19T10:26:00.000Z,2026-08-19T13:26:00,4.4,4.4,4.4,4.4,1000
2026-08-19T10:27:00.000Z,2026-08-19T13:27:00,4.4,4.4,4.4,4.4,1000
2026-08-19T10:28:00.000Z,2026-08-19T13:28:00,4.4,4.4,4.4,4.4,1000
2026-08-19T10:31:00.000Z,2026-08-19T13:31:00,4.41,4.41,4.41,4.41,13
2026-08-19T10:36:00.000Z,2026-08-19T13:36:00,4.4,4.4,4.37,4.37,5794
2026-08-19T10:58:00.000Z,2026-08-19T13:58:00,4.37,4.37,4.36,4.36,5000
2026-08-20T07:00:00.000Z,2026-08-20T10:00:00,4.37,4.37,4.37,4.37,5000
2026-08-20T07:05:00.000Z,2026-08-20T10:05:00,4.41,4.41,4.41,4.41,200
2026-08-20T07:07:00.000Z,2026-08-20T10:07:00,4.41,4.41,4.41,4.41,10
2026-08-20T07:18:00.000Z,2026-08-20T10:18:00,4.4,4.41,4.4,4.41,1416
2026-08-20T07:22:00.000Z,2026-08-20T10:22:00,4.41,4.41,4.41,4.41,500
2026-08-20T07:40:00.000Z,2026-08-20T10:40:00,4.37,4.37,4.36,4.36,300
2026-08-20T08:18:00.000Z,2026-08-20T11:18:00,4.36,4.36,4.36,4.36,290
2026-08-20T08:28:00.000Z,2026-08-20T11:28:00,4.36,4.36,4.36,4.36,9
2026-08-20T08:32:00.000Z,2026-08-20T11:32:00,4.36,4.36,4.36,4.36,5
2026-08-20T08:34:00.000Z,2026-08-20T11:34:00,4.4,4.4,4.4,4.4,1410
2026-08-20T08:38:00.000Z,2026-08-20T11:38:00,4.4,4.4,4.4,4.4,2000
2026-08-20T08:39:00.000Z,2026-08-20T11:39:00,4.4,4.4,4.4,4.4,244
2026-08-20T08:49:00.000Z,2026-08-20T11:49:00,4.4,4.4,4.4,4.4,22
2026-08-20T09:17:00.000Z,2026-08-20T12:17:00,4.36,4.36,4.36,4.36,100
2026-08-20T09:21:00.000Z,2026-08-20T12:21:00,4.39,4.39,4.39,4.39,20
2026-08-20T09:28:00.000Z,2026-08-20T12:28:00,4.39,4.39,4.39,4.39,1574
2026-08-20T09:31:00.000Z,2026-08-20T12:31:00,4.37,4.37,4.37,4.37,7500
2026-08-20T09:35:00.000Z,2026-08-20T12:35:00,4.37,4.37,4.37,4.37,2500
2026-08-20T09:41:00.000Z,2026-08-20T12:41:00,4.36,4.36,4.36,4.36,261
2026-08-20T09:50:00.000Z,2026-08-20T12:50:00,4.36,4.36,4.35,4.35,10000
2026-08-20T10:04:00.000Z,2026-08-20T13:04:00,4.36,4.36,4.36,4.36,1
2026-08-20T10:32:00.000Z,2026-08-20T13:32:00,4.36,4.36,4.36,4.36,2200
2026-08-20T10:41:00.000Z,2026-08-20T13:41:00,4.39,4.39,4.39,4.39,99
2026-08-20T10:42:00.000Z,2026-08-20T13:42:00,4.39,4.39,4.39,4.39,1
2026-08-20T10:50:00.000Z,2026-08-20T13:50:00,4.38,4.38,4.38,4.38,95
2026-08-20T10:56:00.000Z,2026-08-20T13:56:00,4.36,4.36,4.36,4.36,42555
2026-08-20T10:57:00.000Z,2026-08-20T13:57:00,4.35,4.35,4.35,4.35,1600
2026-08-20T10:59:00.000Z,2026-08-20T13:59:00,4.35,4.35,4.35,4.35,3748
2026-08-20T11:00:00.000Z,2026-08-20T14:00:00,4.34,4.34,4.34,4.34,3436
2026-08-20T11:05:00.000Z,2026-08-20T14:05:00,4.35,4.35,4.35,4.35,2000
2026-08-20T11:06:00.000Z,2026-08-20T14:06:00,4.38,4.38,4.38,4.38,5
2026-08-23T07:00:00.000Z,2026-08-23T10:00:00,4.38,4.39,4.38,4.39,13000
2026-08-23T07:03:00.000Z,2026-08-23T10:03:00,4.39,4.41,4.39,4.41,5000
2026-08-23T07:04:00.000Z,2026-08-23T10:04:00,4.39,4.58,4.39,4.58,6165
2026-08-23T07:05:00.000Z,2026-08-23T10:05:00,4.57,4.57,4.57,4.57,400
2026-08-23T07:07:00.000Z,2026-08-23T10:07:00,4.55,4.55,4.55,4.55,500
2026-08-23T07:08:00.000Z,2026-08-23T10:08:00,4.54,4.54,4.54,4.54,1000
2026-08-23T07:14:00.000Z,2026-08-23T10:14:00,4.51,4.51,4.51,4.51,1000
2026-08-23T07:15:00.000Z,2026-08-23T10:15:00,4.51,4.51,4.35,4.35,2619
2026-08-23T07:18:00.000Z,2026-08-23T10:18:00,4.45,4.48,4.45,4.48,4000
2026-08-23T07:19:00.000Z,2026-08-23T10:19:00,4.48,4.48,4.25,4.25,31315
2026-08-23T07:29:00.000Z,2026-08-23T10:29:00,4.3,4.3,4.3,4.3,50
2026-08-23T07:33:00.000Z,2026-08-23T10:33:00,4.34,4.34,4.34,4.34,11
2026-08-23T07:34:00.000Z,2026-08-23T10:34:00,4.47,4.47,4.47,4.47,230
2026-08-23T07:35:00.000Z,2026-08-23T10:35:00,4.47,4.47,4.47,4.47,201
2026-08-23T07:44:00.000Z,2026-08-23T10:44:00,4.47,4.47,4.47,4.47,100
2026-08-23T07:52:00.000Z,2026-08-23T10:52:00,4.46,4.46,4.46,4.46,29
2026-08-23T08:00:00.000Z,2026-08-23T11:00:00,4.44,4.46,4.44,4.46,2500
2026-08-23T09:00:00.000Z,2026-08-23T12:00:00,4.41,4.41,4.4,4.4,6939
2026-08-23T09:02:00.000Z,2026-08-23T12:02:00,4.4,4.4,4.4,4.4,61
2026-08-23T09:03:00.000Z,2026-08-23T12:03:00,4.4,4.4,4.4,4.4,4939
2026-08-23T09:45:00.000Z,2026-08-23T12:45:00,4.4,4.4,4.4,4.4,3278
2026-08-23T09:48:00.000Z,2026-08-23T12:48:00,4.44,4.44,4.44,4.44,630
2026-08-23T09:57:00.000Z,2026-08-23T12:57:00,4.4,4.4,4.4,4.4,79
2026-08-23T09:58:00.000Z,2026-08-23T12:58:00,4.4,4.4,4.4,4.4,1
2026-08-23T10:00:00.000Z,2026-08-23T13:00:00,4.4,4.4,4.4,4.4,94
2026-08-23T10:15:00.000Z,2026-08-23T13:15:00,4.4,4.4,4.4,4.4,1000
2026-08-23T10:30:00.000Z,2026-08-23T13:30:00,4.44,4.46,4.44,4.46,4545
2026-08-23T10:33:00.000Z,2026-08-23T13:33:00,4.4,4.4,4.4,4.4,548
2026-08-23T10:43:00.000Z,2026-08-23T13:43:00,4.4,4.4,4.4,4.4,3000
2026-08-23T10:47:00.000Z,2026-08-23T13:47:00,4.4,4.4,4.4,4.4,1
2026-08-23T11:07:00.000Z,2026-08-23T14:07:00,4.4,4.4,4.4,4.4,4
2026-08-24T07:05:00.000Z,2026-08-24T10:05:00,4.42,4.42,4.42,4.42,3
2026-08-24T07:18:00.000Z,2026-08-24T10:18:00,4.48,4.48,4.48,4.48,200
2026-08-24T07:26:00.000Z,2026-08-24T10:26:00,4.42,4.42,4.42,4.42,2000
2026-08-24T07:54:00.000Z,2026-08-24T10:54:00,4.37,4.37,4.37,4.37,200
2026-08-24T07:57:00.000Z,2026-08-24T10:57:00,4.37,4.37,4.37,4.37,250
2026-08-24T08:08:00.000Z,2026-08-24T11:08:00,4.44,4.44,4.44,4.44,864
2026-08-24T08:37:00.000Z,2026-08-24T11:37:00,4.38,4.38,3.95,3.95,65137
2026-08-24T08:38:00.000Z,2026-08-24T11:38:00,4.43,4.43,4.43,4.43,243
2026-08-24T08:49:00.000Z,2026-08-24T11:49:00,3.96,4.42,3.96,4.42,312
2026-08-24T09:06:00.000Z,2026-08-24T12:06:00,4.39,4.4,4.39,4.4,10000
2026-08-24T09:09:00.000Z,2026-08-24T12:09:00,4.4,4.42,4.4,4.42,4000
2026-08-24T09:20:00.000Z,2026-08-24T12:20:00,4.22,4.22,4.21,4.21,836
2026-08-24T09:22:00.000Z,2026-08-24T12:22:00,4.4,4.4,4.4,4.4,503
2026-08-24T09:30:00.000Z,2026-08-24T12:30:00,4.21,4.21,4.21,4.21,1
2026-08-24T09:42:00.000Z,2026-08-24T12:42:00,4.39,4.39,4.39,4.39,1
2026-08-24T09:50:00.000Z,2026-08-24T12:50:00,4.38,4.38,4.38,4.38,4000
2026-08-24T09:54:00.000Z,2026-08-24T12:54:00,4.38,4.39,4.38,4.39,6500
2026-08-24T09:55:00.000Z,2026-08-24T12:55:00,4.39,4.39,4.39,4.39,3100
2026-08-24T10:41:00.000Z,2026-08-24T13:41:00,4.38,4.38,4.29,4.29,9
2026-08-24T10:42:00.000Z,2026-08-24T13:42:00,4.38,4.38,4.38,4.38,1
2026-08-24T10:44:00.000Z,2026-08-24T13:44:00,4.38,4.38,4.28,4.38,6212
2026-08-24T10:48:00.000Z,2026-08-24T13:48:00,4.37,4.4,4.37,4.4,5166
2026-08-24T10:49:00.000Z,2026-08-24T13:49:00,4.4,4.42,4.4,4.42,19765
2026-08-24T10:50:00.000Z,2026-08-24T13:50:00,4.42,4.42,4.42,4.42,95
2026-08-24T10:59:00.000Z,2026-08-24T13:59:00,4.25,4.42,4.25,4.42,2
2026-08-24T11:06:00.000Z,2026-08-24T14:06:00,4.29,4.29,4.29,4.29,9999
2026-08-24T11:07:00.000Z,2026-08-24T14:07:00,4.29,4.29,4.29,4.29,13000
2026-08-24T11:08:00.000Z,2026-08-24T14:08:00,4.29,4.29,4.29,4.29,111
2026-08-24T11:09:00.000Z,2026-08-24T14:09:00,4.29,4.42,4.29,4.42,200
2026-08-25T07:00:00.000Z,2026-08-25T10:00:00,4.4,4.4,4.4,4.4,2222
2026-08-25T07:04:00.000Z,2026-08-25T10:04:00,4.21,4.21,4.03,4.03,10000
2026-08-25T07:05:00.000Z,2026-08-25T10:05:00,4.4,4.4,4.4,4.4,1
2026-08-25T07:11:00.000Z,2026-08-25T10:11:00,4.39,4.4,4.39,4.4,2000
2026-08-25T07:16:00.000Z,2026-08-25T10:16:00,4.4,4.4,4.4,4.4,2000
2026-08-25T07:18:00.000Z,2026-08-25T10:18:00,4.16,4.16,4.16,4.16,1000
2026-08-25T07:22:00.000Z,2026-08-25T10:22:00,4.4,4.4,4.4,4.4,1
2026-08-25T07:29:00.000Z,2026-08-25T10:29:00,4.4,4.4,4.4,4.4,50
2026-08-25T07:32:00.000Z,2026-08-25T10:32:00,4.22,4.22,4.22,4.22,201
2026-08-25T07:38:00.000Z,2026-08-25T10:38:00,4.3,4.3,4.3,4.3,500
2026-08-25T07:44:00.000Z,2026-08-25T10:44:00,4.4,4.4,4.4,4.4,2896
2026-08-25T07:45:00.000Z,2026-08-25T10:45:00,4.4,4.4,4.4,4.4,1656
2026-08-25T07:51:00.000Z,2026-08-25T10:51:00,4.4,4.4,4.4,4.4,579
2026-08-25T07:52:00.000Z,2026-08-25T10:52:00,4.4,4.4,4.4,4.4,10
2026-08-25T08:04:00.000Z,2026-08-25T11:04:00,4.35,4.35,4.31,4.31,5616
2026-08-25T08:08:00.000Z,2026-08-25T11:08:00,4.39,4.39,4.39,4.39,185
2026-08-25T08:11:00.000Z,2026-08-25T11:11:00,4.22,4.22,4.22,4.22,500
2026-08-25T08:26:00.000Z,2026-08-25T11:26:00,4.25,4.25,4.25,4.25,2
2026-08-25T08:28:00.000Z,2026-08-25T11:28:00,4.25,4.25,4.25,4.25,3
2026-08-25T08:34:00.000Z,2026-08-25T11:34:00,4.39,4.39,4.39,4.39,300
2026-08-25T09:03:00.000Z,2026-08-25T12:03:00,4.25,4.25,4.22,4.22,200
2026-08-25T09:04:00.000Z,2026-08-25T12:04:00,4.22,4.22,4.08,4.08,35000
2026-08-25T09:05:00.000Z,2026-08-25T12:05:00,4.39,4.39,4.39,4.39,245
2026-08-25T09:28:00.000Z,2026-08-25T12:28:00,4.37,4.37,4.37,4.37,5
2026-08-25T09:30:00.000Z,2026-08-25T12:30:00,4.21,4.21,4.21,4.21,2
2026-08-25T09:36:00.000Z,2026-08-25T12:36:00,4.37,4.37,4.37,4.37,1
2026-08-25T09:41:00.000Z,2026-08-25T12:41:00,4.22,4.22,4.22,4.22,5
2026-08-25T09:42:00.000Z,2026-08-25T12:42:00,4.22,4.22,4.22,4.22,273
2026-08-25T10:14:00.000Z,2026-08-25T13:14:00,4.37,4.37,4.37,4.37,5
2026-08-25T10:21:00.000Z,2026-08-25T13:21:00,4.37,4.37,4.37,4.37,228
2026-08-25T10:31:00.000Z,2026-08-25T13:31:00,4.37,4.42,4.37,4.42,22883
2026-08-25T10:32:00.000Z,2026-08-25T13:32:00,4.42,4.42,4.42,4.42,4000
2026-08-25T10:34:00.000Z,2026-08-25T13:34:00,4.42,4.42,4.3,4.3,54
2026-08-25T10:36:00.000Z,2026-08-25T13:36:00,4.42,4.42,4.42,4.42,1000
2026-08-25T10:37:00.000Z,2026-08-25T13:37:00,4.4,4.4,4.4,4.4,3198
2026-08-25T10:45:00.000Z,2026-08-25T13:45:00,4.4,4.4,4.4,4.4,4802
2026-08-25T10:46:00.000Z,2026-08-25T13:46:00,4.4,4.4,4.4,4.4,10000
2026-08-25T10:49:00.000Z,2026-08-25T13:49:00,4.4,4.4,4.4,4.4,753
2026-08-25T10:55:00.000Z,2026-08-25T13:55:00,4.4,4.41,4.4,4.41,15
2026-08-25T11:11:00.000Z,2026-08-25T14:11:00,4.41,4.41,4.41,4.41,1
2026-08-26T07:07:00.000Z,2026-08-26T10:07:00,4.28,4.28,4.28,4.28,200
2026-08-26T07:10:00.000Z,2026-08-26T10:10:00,4.28,4.28,4.28,4.28,6
2026-08-26T07:11:00.000Z,2026-08-26T10:11:00,4.4,4.4,4.4,4.4,53
2026-08-26T07:13:00.000Z,2026-08-26T10:13:00,4.39,4.39,4.39,4.39,521
2026-08-26T07:17:00.000Z,2026-08-26T10:17:00,4.39,4.39,4.39,4.39,25
2026-08-26T07:19:00.000Z,2026-08-26T10:19:00,4.35,4.35,4.35,4.35,500
2026-08-26T07:33:00.000Z,2026-08-26T10:33:00,4.35,4.35,4.35,4.35,1000
2026-08-26T07:44:00.000Z,2026-08-26T10:44:00,4.29,4.29,4.29,4.29,6475
2026-08-26T07:49:00.000Z,2026-08-26T10:49:00,4.37,4.37,4.37,4.37,3
2026-08-26T08:03:00.000Z,2026-08-26T11:03:00,4.32,4.32,4.32,4.32,600
2026-08-26T08:04:00.000Z,2026-08-26T11:04:00,4.37,4.39,4.37,4.39,932
2026-08-26T08:07:00.000Z,2026-08-26T11:07:00,4.32,4.32,4.32,4.32,1595
2026-08-26T08:17:00.000Z,2026-08-26T11:17:00,4.32,4.32,4.32,4.32,50
2026-08-26T08:25:00.000Z,2026-08-26T11:25:00,4.38,4.38,4.38,4.38,35
2026-08-26T08:36:00.000Z,2026-08-26T11:36:00,4.38,4.38,4.38,4.38,10
2026-08-26T08:38:00.000Z,2026-08-26T11:38:00,4.38,4.39,4.38,4.39,1157
2026-08-26T08:45:00.000Z,2026-08-26T11:45:00,4.35,4.35,4.35,4.35,500
2026-08-26T08:52:00.000Z,2026-08-26T11:52:00,4.35,4.35,4.35,4.35,1
2026-08-26T09:06:00.000Z,2026-08-26T12:06:00,4.38,4.38,4.38,4.38,41
2026-08-26T09:07:00.000Z,2026-08-26T12:07:00,4.38,4.38,4.38,4.38,50
2026-08-26T09:09:00.000Z,2026-08-26T12:09:00,4.35,4.35,4.35,4.35,409
2026-08-26T09:11:00.000Z,2026-08-26T12:11:00,4.35,4.35,4.35,4.35,360
2026-08-26T09:16:00.000Z,2026-08-26T12:16:00,4.35,4.35,4.35,4.35,10
2026-08-26T09:27:00.000Z,2026-08-26T12:27:00,4.35,4.35,4.35,4.35,1590
2026-08-26T09:28:00.000Z,2026-08-26T12:28:00,4.36,4.36,4.36,4.36,5000
2026-08-26T09:30:00.000Z,2026-08-26T12:30:00,4.39,4.39,4.39,4.39,1
2026-08-26T09:34:00.000Z,2026-08-26T12:34:00,4.36,4.36,4.36,4.36,3692
2026-08-26T09:36:00.000Z,2026-08-26T12:36:00,4.36,4.39,4.02,4.02,21610
2026-08-26T09:37:00.000Z,2026-08-26T12:37:00,4.39,4.39,4.39,4.39,4
2026-08-26T10:07:00.000Z,2026-08-26T13:07:00,4.37,4.37,4.37,4.37,2
2026-08-26T10:26:00.000Z,2026-08-26T13:26:00,4.3,4.3,4.3,4.3,800
2026-08-26T10:27:00.000Z,2026-08-26T13:27:00,4.37,4.37,4.37,4.37,1
2026-08-26T10:28:00.000Z,2026-08-26T13:28:00,4.3,4.3,4.3,4.3,200
2026-08-26T10:35:00.000Z,2026-08-26T13:35:00,4.3,4.3,4.3,4.3,100
2026-08-26T10:38:00.000Z,2026-08-26T13:38:00,4.37,4.37,4.37,4.37,1
2026-08-26T10:55:00.000Z,2026-08-26T13:55:00,4.3,4.3,4.3,4.3,800
2026-08-26T10:56:00.000Z,2026-08-26T13:56:00,4.29,4.29,4.29,4.29,10000
2026-08-26T10:57:00.000Z,2026-08-26T13:57:00,4.3,4.37,4.3,4.37,4201
2026-08-26T11:00:00.000Z,2026-08-26T14:00:00,4.36,4.36,4.36,4.36,5900
2026-08-26T11:14:00.000Z,2026-08-26T14:14:00,4.33,4.33,4.3,4.3,1100
2026-08-30T07:00:00.000Z,2026-08-30T10:00:00,4.34,4.34,4.34,4.34,200
2026-08-30T07:02:00.000Z,2026-08-30T10:02:00,4.34,4.34,4.34,4.34,3
2026-08-30T07:13:00.000Z,2026-08-30T10:13:00,4.19,4.19,4.19,4.19,53
2026-08-30T07:24:00.000Z,2026-08-30T10:24:00,4.19,4.19,4.1,4.1,16000
2026-08-30T07:25:00.000Z,2026-08-30T10:25:00,4.33,4.33,4.33,4.33,1
2026-08-30T07:37:00.000Z,2026-08-30T10:37:00,4.1,4.1,4.1,4.1,395
2026-08-30T07:38:00.000Z,2026-08-30T10:38:00,4.31,4.31,4.31,4.31,1
2026-08-30T07:41:00.000Z,2026-08-30T10:41:00,4.28,4.28,4.28,4.28,60
2026-08-30T07:42:00.000Z,2026-08-30T10:42:00,4.11,4.11,4.02,4.02,22400
2026-08-30T07:43:00.000Z,2026-08-30T10:43:00,4.28,4.28,4.28,4.28,1
2026-08-30T07:57:00.000Z,2026-08-30T10:57:00,4.11,4.11,4.11,4.11,19
2026-08-30T07:58:00.000Z,2026-08-30T10:58:00,4.25,4.25,4.25,4.25,220
2026-08-30T08:09:00.000Z,2026-08-30T11:09:00,4.2,4.2,4.2,4.2,55
2026-08-30T08:23:00.000Z,2026-08-30T11:23:00,4.2,4.2,4.2,4.2,1
2026-08-30T08:41:00.000Z,2026-08-30T11:41:00,4.11,4.11,4.11,4.11,78
2026-08-30T08:44:00.000Z,2026-08-30T11:44:00,4.19,4.19,4.19,4.19,1
2026-08-30T09:10:00.000Z,2026-08-30T12:10:00,4.11,4.11,4.11,4.11,5
2026-08-30T09:14:00.000Z,2026-08-30T12:14:00,4.18,4.19,4.18,4.19,999
2026-08-30T09:26:00.000Z,2026-08-30T12:26:00,4.19,4.19,4.19,4.19,2280
2026-08-30T09:28:00.000Z,2026-08-30T12:28:00,4.19,4.19,4.12,4.12,286
2026-08-30T09:30:00.000Z,2026-08-30T12:30:00,4.12,4.12,4.12,4.12,25
2026-08-30T09:32:00.000Z,2026-08-30T12:32:00,4.12,4.12,4.12,4.12,1
2026-08-30T09:38:00.000Z,2026-08-30T12:38:00,4.19,4.28,4.19,4.28,4673
2026-08-30T09:55:00.000Z,2026-08-30T12:55:00,4.13,4.13,4.13,4.13,92
2026-08-30T10:01:00.000Z,2026-08-30T13:01:00,4.27,4.27,4.27,4.27,300
2026-08-30T10:25:00.000Z,2026-08-30T13:25:00,4.15,4.15,4.15,4.15,2375
2026-08-30T10:35:00.000Z,2026-08-30T13:35:00,4.15,4.15,4.15,4.15,2
2026-08-30T10:41:00.000Z,2026-08-30T13:41:00,4.26,4.26,4.26,4.26,1
2026-08-30T10:45:00.000Z,2026-08-30T13:45:00,4.27,4.27,4.27,4.27,699
2026-08-30T10:46:00.000Z,2026-08-30T13:46:00,4.16,4.3,4.15,4.3,3067
2026-08-30T11:01:00.000Z,2026-08-30T14:01:00,4.29,4.29,4.29,4.29,313
2026-08-30T11:02:00.000Z,2026-08-30T14:02:00,4.26,4.26,4.26,4.26,264
2026-08-30T11:09:00.000Z,2026-08-30T14:09:00,4.26,4.26,4.26,4.26,23
2026-08-30T11:14:00.000Z,2026-08-30T14:14:00,4.16,4.16,4.16,4.16,150
2026-08-31T07:00:00.000Z,2026-08-31T10:00:00,4.15,4.15,4.15,4.15,25
2026-08-31T07:03:00.000Z,2026-08-31T10:03:00,4.24,4.24,4.24,4.24,1
2026-08-31T07:14:00.000Z,2026-08-31T10:14:00,4.24,4.24,4.24,4.24,400
2026-08-31T07:15:00.000Z,2026-08-31T10:15:00,4.15,4.15,4.12,4.12,1806
2026-08-31T07:17:00.000Z,2026-08-31T10:17:00,4.22,4.22,4.22,4.22,1
2026-08-31T07:20:00.000Z,2026-08-31T10:20:00,4.22,4.22,4.22,4.22,2
2026-08-31T07:27:00.000Z,2026-08-31T10:27:00,4.18,4.19,4.18,4.19,3001
2026-08-31T07:31:00.000Z,2026-08-31T10:31:00,4.19,4.19,4.19,4.19,500
2026-08-31T07:55:00.000Z,2026-08-31T10:55:00,4.19,4.19,4.19,4.19,307
2026-08-31T08:07:00.000Z,2026-08-31T11:07:00,4.12,4.12,4.12,4.12,179
2026-08-31T08:18:00.000Z,2026-08-31T11:18:00,4.19,4.19,4.19,4.19,59
2026-08-31T08:50:00.000Z,2026-08-31T11:50:00,4.12,4.12,4.12,4.12,100
2026-08-31T09:15:00.000Z,2026-08-31T12:15:00,4.19,4.19,4.19,4.19,800
2026-08-31T09:19:00.000Z,2026-08-31T12:19:00,4.19,4.19,4.19,4.19,1623
2026-08-31T09:20:00.000Z,2026-08-31T12:20:00,4.19,4.19,4.19,4.19,7800
2026-08-31T09:23:00.000Z,2026-08-31T12:23:00,4.19,4.19,4.19,4.19,578
2026-08-31T09:27:00.000Z,2026-08-31T12:27:00,4.19,4.19,4.19,4.19,1
2026-08-31T09:28:00.000Z,2026-08-31T12:28:00,4.19,4.19,4.19,4.19,3
2026-08-31T09:35:00.000Z,2026-08-31T12:35:00,4.13,4.13,4.13,4.13,4
2026-08-31T09:40:00.000Z,2026-08-31T12:40:00,4.13,4.13,4.13,4.13,100
2026-08-31T09:46:00.000Z,2026-08-31T12:46:00,4.2,4.2,4.2,4.2,1
2026-08-31T09:58:00.000Z,2026-08-31T12:58:00,4.2,4.2,4.2,4.2,1094
2026-08-31T10:32:00.000Z,2026-08-31T13:32:00,4.19,4.19,4.19,4.19,10
2026-08-31T10:33:00.000Z,2026-08-31T13:33:00,4.19,4.19,4.19,4.19,10
2026-08-31T10:39:00.000Z,2026-08-31T13:39:00,4.19,4.19,4.19,4.19,26
2026-08-31T10:40:00.000Z,2026-08-31T13:40:00,4.19,4.19,4.19,4.19,10
2026-08-31T10:41:00.000Z,2026-08-31T13:41:00,4.19,4.19,4.19,4.19,5
2026-08-31T10:42:00.000Z,2026-08-31T13:42:00,4.19,4.19,4.19,4.19,10
2026-08-31T10:47:00.000Z,2026-08-31T13:47:00,4.19,4.19,4.19,4.19,2000
2026-08-31T10:49:00.000Z,2026-08-31T13:49:00,4.19,4.19,4.19,4.19,1000
2026-08-31T10:53:00.000Z,2026-08-31T13:53:00,4.19,4.19,4.16,4.16,2656
2026-08-31T10:54:00.000Z,2026-08-31T13:54:00,4.19,4.19,4.19,4.19,30
2026-08-31T10:55:00.000Z,2026-08-31T13:55:00,4.2,4.2,4.2,4.2,5
2026-08-31T10:56:00.000Z,2026-08-31T13:56:00,4.2,4.2,4.2,4.2,5
2026-08-31T10:57:00.000Z,2026-08-31T13:57:00,4.19,4.19,4.19,4.19,101
2026-08-31T10:59:00.000Z,2026-08-31T13:59:00,4.19,4.19,4.19,4.19,5
2026-08-31T11:07:00.000Z,2026-08-31T14:07:00,4.2,4.2,4.2,4.2,1
2026-08-31T11:12:00.000Z,2026-08-31T14:12:00,4.16,4.16,4.16,4.16,24
2026-08-31T11:13:00.000Z,2026-08-31T14:13:00,4.2,4.2,4.2,4.2,1000
2026-09-01T07:00:00.000Z,2026-09-01T10:00:00,4.15,4.15,4.15,4.15,1
2026-09-01T07:10:00.000Z,2026-09-01T10:10:00,4.25,4.38,4.25,4.38,7228
2026-09-01T07:11:00.000Z,2026-09-01T10:11:00,4.16,4.38,4.16,4.38,5098
2026-09-01T07:12:00.000Z,2026-09-01T10:12:00,4.37,4.37,4.37,4.37,1000
2026-09-01T07:13:00.000Z,2026-09-01T10:13:00,4.37,4.37,4.37,4.37,250
2026-09-01T07:15:00.000Z,2026-09-01T10:15:00,4.35,4.35,4.35,4.35,3000
2026-09-01T07:18:00.000Z,2026-09-01T10:18:00,4.35,4.35,4.35,4.35,100
2026-09-01T07:21:00.000Z,2026-09-01T10:21:00,4.17,4.35,4.17,4.35,129
2026-09-01T07:22:00.000Z,2026-09-01T10:22:00,4.18,4.35,4.18,4.35,8
2026-09-01T07:23:00.000Z,2026-09-01T10:23:00,4.35,4.35,4.35,4.35,100
2026-09-01T07:24:00.000Z,2026-09-01T10:24:00,4.34,4.34,4.34,4.34,2000
2026-09-01T07:27:00.000Z,2026-09-01T10:27:00,4.34,4.34,4.34,4.34,20
2026-09-01T07:28:00.000Z,2026-09-01T10:28:00,4.33,4.34,4.33,4.34,4160
2026-09-01T07:29:00.000Z,2026-09-01T10:29:00,4.33,4.33,4.33,4.33,4
2026-09-01T07:32:00.000Z,2026-09-01T10:32:00,4.3,4.3,4.3,4.3,11499
2026-09-01T07:33:00.000Z,2026-09-01T10:33:00,4.3,4.32,4.3,4.32,50
2026-09-01T07:44:00.000Z,2026-09-01T10:44:00,4.29,4.32,4.29,4.32,2816
2026-09-01T07:45:00.000Z,2026-09-01T10:45:00,4.32,4.32,4.32,4.32,185
2026-09-01T07:47:00.000Z,2026-09-01T10:47:00,4.29,4.29,4.29,4.29,4700
2026-09-01T07:51:00.000Z,2026-09-01T10:51:00,4.3,4.3,4.3,4.3,1000
2026-09-01T07:52:00.000Z,2026-09-01T10:52:00,4.3,4.3,4.3,4.3,1157
2026-09-01T07:53:00.000Z,2026-09-01T10:53:00,4.3,4.3,4.3,4.3,820
2026-09-01T07:54:00.000Z,2026-09-01T10:54:00,4.3,4.3,4.3,4.3,10
2026-09-01T07:55:00.000Z,2026-09-01T10:55:00,4.3,4.34,4.3,4.34,2486
2026-09-01T08:00:00.000Z,2026-09-01T11:00:00,4.32,4.32,4.32,4.32,250
2026-09-01T08:05:00.000Z,2026-09-01T11:05:00,4.32,4.34,4.32,4.34,578
2026-09-01T08:09:00.000Z,2026-09-01T11:09:00,4.34,4.34,4.34,4.34,100
2026-09-01T08:10:00.000Z,2026-09-01T11:10:00,4.34,4.37,4.34,4.37,5765
2026-09-01T08:12:00.000Z,2026-09-01T11:12:00,4.37,4.37,4.37,4.37,2975
2026-09-01T08:13:00.000Z,2026-09-01T11:13:00,4.37,4.37,4.37,4.37,15
2026-09-01T08:15:00.000Z,2026-09-01T11:15:00,4.37,4.37,4.37,4.37,8880
2026-09-01T08:22:00.000Z,2026-09-01T11:22:00,4.37,4.37,4.37,4.37,2983
2026-09-01T08:24:00.000Z,2026-09-01T11:24:00,4.37,4.37,4.37,4.37,992
2026-09-01T08:27:00.000Z,2026-09-01T11:27:00,4.37,4.38,4.37,4.38,2288
2026-09-01T08:28:00.000Z,2026-09-01T11:28:00,4.38,4.38,4.38,4.38,2283
2026-09-01T08:29:00.000Z,2026-09-01T11:29:00,4.38,4.39,4.38,4.39,11365
2026-09-01T08:30:00.000Z,2026-09-01T11:30:00,4.39,4.4,4.39,4.4,21427
2026-09-01T08:31:00.000Z,2026-09-01T11:31:00,4.4,4.45,4.4,4.45,1844
2026-09-01T08:32:00.000Z,2026-09-01T11:32:00,4.45,4.5,4.45,4.5,3561
2026-09-01T08:33:00.000Z,2026-09-01T11:33:00,4.45,4.51,4.41,4.51,42685
2026-09-01T08:35:00.000Z,2026-09-01T11:35:00,4.51,4.51,4.51,4.51,9083
2026-09-01T08:37:00.000Z,2026-09-01T11:37:00,4.51,4.51,4.51,4.51,1390
2026-09-01T08:38:00.000Z,2026-09-01T11:38:00,4.51,4.51,4.51,4.51,2001
2026-09-01T08:39:00.000Z,2026-09-01T11:39:00,4.51,4.51,4.51,4.51,7885
2026-09-01T08:41:00.000Z,2026-09-01T11:41:00,4.51,4.51,4.51,4.51,10941
2026-09-01T08:44:00.000Z,2026-09-01T11:44:00,4.51,4.51,4.51,4.51,2545
2026-09-01T08:45:00.000Z,2026-09-01T11:45:00,4.51,4.51,4.51,4.51,350
2026-09-01T08:46:00.000Z,2026-09-01T11:46:00,4.51,4.51,4.51,4.51,2419
2026-09-01T08:48:00.000Z,2026-09-01T11:48:00,4.51,4.51,4.51,4.51,2000
2026-09-01T08:59:00.000Z,2026-09-01T11:59:00,4.51,4.51,4.51,4.51,6666
2026-09-01T09:07:00.000Z,2026-09-01T12:07:00,4.51,4.51,4.51,4.51,665
2026-09-01T09:13:00.000Z,2026-09-01T12:13:00,4.51,4.51,4.51,4.51,5000
2026-09-01T09:22:00.000Z,2026-09-01T12:22:00,4.51,4.51,4.51,4.51,2611
2026-09-01T09:23:00.000Z,2026-09-01T12:23:00,4.51,4.51,4.51,4.51,684
2026-09-01T09:24:00.000Z,2026-09-01T12:24:00,4.51,4.51,4.51,4.51,60
2026-09-01T09:26:00.000Z,2026-09-01T12:26:00,4.51,4.51,4.51,4.51,1000
2026-09-01T09:37:00.000Z,2026-09-01T12:37:00,4.51,4.51,4.51,4.51,31439
2026-09-01T09:42:00.000Z,2026-09-01T12:42:00,4.51,4.51,4.51,4.51,850
2026-09-01T10:00:00.000Z,2026-09-01T13:00:00,4.51,4.51,4.51,4.51,1000
2026-09-01T10:02:00.000Z,2026-09-01T13:02:00,4.51,4.51,4.51,4.51,24979
2026-09-01T10:04:00.000Z,2026-09-01T13:04:00,4.51,4.51,4.51,4.51,453
2026-09-01T10:06:00.000Z,2026-09-01T13:06:00,4.51,4.51,4.51,4.51,10
2026-09-01T10:29:00.000Z,2026-09-01T13:29:00,4.51,4.51,4.51,4.51,989
2026-09-01T10:33:00.000Z,2026-09-01T13:33:00,4.51,4.51,4.51,4.51,248
2026-09-01T10:35:00.000Z,2026-09-01T13:35:00,4.51,4.51,4.51,4.51,4
2026-09-01T10:49:00.000Z,2026-09-01T13:49:00,4.51,4.51,4.51,4.51,54647
2026-09-01T10:56:00.000Z,2026-09-01T13:56:00,4.51,4.51,4.51,4.51,500
2026-09-01T10:57:00.000Z,2026-09-01T13:57:00,4.51,4.51,4.51,4.51,500
2026-09-01T11:07:00.000Z,2026-09-01T14:07:00,4.51,4.51,4.51,4.51,1000
2026-09-02T07:00:00.000Z,2026-09-02T10:00:00,4.85,4.85,4.85,4.85,2
2026-09-02T07:01:00.000Z,2026-09-02T10:01:00,4.55,4.96,4.55,4.96,11075
2026-09-02T07:02:00.000Z,2026-09-02T10:02:00,4.96,4.96,4.96,4.96,20399
2026-09-02T07:12:00.000Z,2026-09-02T10:12:00,4.96,4.96,4.96,4.96,66532
2026-09-02T07:13:00.000Z,2026-09-02T10:13:00,4.96,4.96,4.96,4.96,21750
2026-09-02T07:14:00.000Z,2026-09-02T10:14:00,4.96,4.96,4.96,4.96,54663
2026-09-02T07:15:00.000Z,2026-09-02T10:15:00,4.96,4.96,4.96,4.96,30692
2026-09-02T07:16:00.000Z,2026-09-02T10:16:00,4.96,4.96,4.61,4.96,6022
2026-09-02T07:17:00.000Z,2026-09-02T10:17:00,4.96,4.96,4.96,4.96,13096
2026-09-02T07:18:00.000Z,2026-09-02T10:18:00,4.96,4.96,4.95,4.95,15508
2026-09-02T07:19:00.000Z,2026-09-02T10:19:00,4.95,4.96,4.95,4.96,2178
2026-09-02T07:20:00.000Z,2026-09-02T10:20:00,4.95,4.95,4.95,4.95,1430
2026-09-02T07:21:00.000Z,2026-09-02T10:21:00,4.91,4.95,4.9,4.95,15277
2026-09-02T07:22:00.000Z,2026-09-02T10:22:00,4.95,4.96,4.95,4.96,3357
2026-09-02T07:23:00.000Z,2026-09-02T10:23:00,4.96,4.96,4.95,4.96,399
2026-09-02T07:24:00.000Z,2026-09-02T10:24:00,4.96,4.96,4.96,4.96,4828
2026-09-02T07:25:00.000Z,2026-09-02T10:25:00,4.95,4.96,4.95,4.96,5560
2026-09-02T07:26:00.000Z,2026-09-02T10:26:00,4.96,4.96,4.96,4.96,21498
2026-09-02T07:27:00.000Z,2026-09-02T10:27:00,4.95,4.96,4.95,4.96,30011
2026-09-02T07:28:00.000Z,2026-09-02T10:28:00,4.96,4.96,4.96,4.96,18358
2026-09-02T07:29:00.000Z,2026-09-02T10:29:00,4.96,4.96,4.96,4.96,491
2026-09-02T07:31:00.000Z,2026-09-02T10:31:00,4.96,4.96,4.96,4.96,5020
2026-09-02T07:32:00.000Z,2026-09-02T10:32:00,4.96,4.96,4.96,4.96,1105
2026-09-02T07:33:00.000Z,2026-09-02T10:33:00,4.96,4.96,4.96,4.96,1063
2026-09-02T07:34:00.000Z,2026-09-02T10:34:00,4.96,4.96,4.96,4.96,3000
2026-09-02T07:35:00.000Z,2026-09-02T10:35:00,4.96,4.96,4.96,4.96,2812
2026-09-02T07:36:00.000Z,2026-09-02T10:36:00,4.96,4.96,4.96,4.96,2285
2026-09-02T07:37:00.000Z,2026-09-02T10:37:00,4.95,4.96,4.64,4.96,4432
2026-09-02T07:38:00.000Z,2026-09-02T10:38:00,4.96,4.96,4.96,4.96,2841
2026-09-02T07:43:00.000Z,2026-09-02T10:43:00,4.96,4.96,4.96,4.96,10669
2026-09-02T07:45:00.000Z,2026-09-02T10:45:00,4.96,4.96,4.96,4.96,1000
2026-09-02T07:46:00.000Z,2026-09-02T10:46:00,4.96,4.96,4.96,4.96,5000
2026-09-02T07:47:00.000Z,2026-09-02T10:47:00,4.96,4.96,4.8,4.8,8331
2026-09-02T07:48:00.000Z,2026-09-02T10:48:00,4.8,4.96,4.8,4.96,1906
2026-09-02T07:49:00.000Z,2026-09-02T10:49:00,4.96,4.96,4.96,4.96,2506
2026-09-02T07:51:00.000Z,2026-09-02T10:51:00,4.96,4.96,4.96,4.96,8000
2026-09-02T07:52:00.000Z,2026-09-02T10:52:00,4.96,4.96,4.96,4.96,210
2026-09-02T07:53:00.000Z,2026-09-02T10:53:00,4.96,4.96,4.9,4.9,435
2026-09-02T07:54:00.000Z,2026-09-02T10:54:00,4.9,4.9,4.9,4.9,186
2026-09-02T07:56:00.000Z,2026-09-02T10:56:00,4.9,4.9,4.9,4.9,1
2026-09-02T07:57:00.000Z,2026-09-02T10:57:00,4.8,4.9,4.66,4.9,4277
2026-09-02T07:59:00.000Z,2026-09-02T10:59:00,4.9,4.9,4.9,4.9,300
2026-09-02T08:02:00.000Z,2026-09-02T11:02:00,4.9,4.9,4.9,4.9,186
2026-09-02T08:03:00.000Z,2026-09-02T11:03:00,4.9,4.9,4.66,4.66,3614
2026-09-02T08:04:00.000Z,2026-09-02T11:04:00,4.9,4.9,4.9,4.9,2
2026-09-02T08:08:00.000Z,2026-09-02T11:08:00,4.89,4.89,4.63,4.63,2574
2026-09-02T08:09:00.000Z,2026-09-02T11:09:00,4.9,4.9,4.63,4.9,589
2026-09-02T08:10:00.000Z,2026-09-02T11:10:00,4.89,4.9,4.89,4.9,8732
2026-09-02T08:13:00.000Z,2026-09-02T11:13:00,4.89,4.89,4.89,4.89,253
2026-09-02T08:14:00.000Z,2026-09-02T11:14:00,4.66,4.66,4.66,4.66,1401
2026-09-02T08:17:00.000Z,2026-09-02T11:17:00,4.88,4.88,4.88,4.88,2
2026-09-02T08:18:00.000Z,2026-09-02T11:18:00,4.88,4.88,4.88,4.88,2
2026-09-02T08:20:00.000Z,2026-09-02T11:20:00,4.88,4.88,4.88,4.88,11
2026-09-02T08:21:00.000Z,2026-09-02T11:21:00,4.88,4.88,4.88,4.88,2014
2026-09-02T08:26:00.000Z,2026-09-02T11:26:00,4.88,4.88,4.88,4.88,107
2026-09-02T08:31:00.000Z,2026-09-02T11:31:00,4.77,4.77,4.77,4.77,50
2026-09-02T08:32:00.000Z,2026-09-02T11:32:00,4.88,4.88,4.88,4.88,10
2026-09-02T08:35:00.000Z,2026-09-02T11:35:00,4.88,4.88,4.88,4.88,1
2026-09-02T08:38:00.000Z,2026-09-02T11:38:00,4.88,4.88,4.88,4.88,1234
2026-09-02T08:39:00.000Z,2026-09-02T11:39:00,4.78,4.88,4.63,4.88,8384
2026-09-02T08:41:00.000Z,2026-09-02T11:41:00,4.87,4.88,4.87,4.88,1000
2026-09-02T08:46:00.000Z,2026-09-02T11:46:00,4.66,4.85,4.14,4.85,47223
2026-09-02T08:47:00.000Z,2026-09-02T11:47:00,4.8,4.8,4.8,4.8,273
2026-09-02T08:48:00.000Z,2026-09-02T11:48:00,4.8,4.88,4.8,4.88,39355
2026-09-02T08:49:00.000Z,2026-09-02T11:49:00,4.88,4.88,4.88,4.88,1041
2026-09-02T08:50:00.000Z,2026-09-02T11:50:00,4.88,4.89,4.88,4.89,28023
2026-09-02T08:57:00.000Z,2026-09-02T11:57:00,4.88,4.88,4.88,4.88,2
2026-09-02T08:58:00.000Z,2026-09-02T11:58:00,4.88,4.88,4.88,4.88,28
2026-09-02T09:00:00.000Z,2026-09-02T12:00:00,4.87,4.87,4.87,4.87,652
2026-09-02T09:01:00.000Z,2026-09-02T12:01:00,4.8,4.87,4.8,4.87,1366
2026-09-02T09:02:00.000Z,2026-09-02T12:02:00,4.8,4.8,4.8,4.8,1543
2026-09-02T09:03:00.000Z,2026-09-02T12:03:00,4.8,4.8,4.8,4.8,19306
2026-09-02T09:05:00.000Z,2026-09-02T12:05:00,4.88,4.88,4.41,4.41,5114
2026-09-02T09:06:00.000Z,2026-09-02T12:06:00,4.88,4.88,4.88,4.88,2
2026-09-02T09:09:00.000Z,2026-09-02T12:09:00,4.8,4.8,4.8,4.8,140
2026-09-02T09:13:00.000Z,2026-09-02T12:13:00,4.8,4.8,4.8,4.8,75
2026-09-02T09:14:00.000Z,2026-09-02T12:14:00,4.8,4.8,4.8,4.8,17
2026-09-02T09:15:00.000Z,2026-09-02T12:15:00,4.8,4.8,4.8,4.8,2
2026-09-02T09:19:00.000Z,2026-09-02T12:19:00,4.8,4.8,4.8,4.8,616
2026-09-02T09:27:00.000Z,2026-09-02T12:27:00,4.52,4.52,4.51,4.51,417
2026-09-02T09:28:00.000Z,2026-09-02T12:28:00,4.8,4.8,4.8,4.8,2
2026-09-02T09:29:00.000Z,2026-09-02T12:29:00,4.52,4.52,4.52,4.52,3999
2026-09-02T09:30:00.000Z,2026-09-02T12:30:00,4.8,4.8,4.8,4.8,2
2026-09-02T09:35:00.000Z,2026-09-02T12:35:00,4.8,4.8,4.8,4.8,300
2026-09-02T09:45:00.000Z,2026-09-02T12:45:00,4.55,4.55,4.53,4.53,1314
2026-09-02T09:46:00.000Z,2026-09-02T12:46:00,4.53,4.79,4.53,4.79,13
2026-09-02T09:53:00.000Z,2026-09-02T12:53:00,4.56,4.78,4.56,4.78,629
2026-09-02T09:59:00.000Z,2026-09-02T12:59:00,4.78,4.78,4.78,4.78,6
2026-09-02T10:01:00.000Z,2026-09-02T13:01:00,4.56,4.75,4.56,4.75,445
2026-09-02T10:02:00.000Z,2026-09-02T13:02:00,4.75,4.75,4.75,4.75,32
2026-09-02T10:06:00.000Z,2026-09-02T13:06:00,4.56,4.56,4.56,4.56,200
2026-09-02T10:07:00.000Z,2026-09-02T13:07:00,4.6,4.78,4.6,4.78,3202
2026-09-02T10:11:00.000Z,2026-09-02T13:11:00,4.56,4.56,4.52,4.52,24676
2026-09-02T10:16:00.000Z,2026-09-02T13:16:00,4.53,4.53,4.53,4.53,75
2026-09-02T10:18:00.000Z,2026-09-02T13:18:00,4.78,4.78,4.78,4.78,2
2026-09-02T10:22:00.000Z,2026-09-02T13:22:00,4.77,4.77,4.77,4.77,20
2026-09-02T10:23:00.000Z,2026-09-02T13:23:00,4.77,4.77,4.77,4.77,1212
2026-09-02T10:24:00.000Z,2026-09-02T13:24:00,4.77,4.77,4.77,4.77,1
2026-09-02T10:36:00.000Z,2026-09-02T13:36:00,4.75,4.76,4.75,4.76,1000
2026-09-02T10:47:00.000Z,2026-09-02T13:47:00,4.76,4.76,4.76,4.76,90
2026-09-02T10:48:00.000Z,2026-09-02T13:48:00,4.76,4.76,4.76,4.76,30
2026-09-02T10:50:00.000Z,2026-09-02T13:50:00,4.76,4.76,4.76,4.76,1740
2026-09-02T10:53:00.000Z,2026-09-02T13:53:00,4.6,4.6,4.6,4.6,104
2026-09-02T11:09:00.000Z,2026-09-02T14:09:00,4.6,4.6,4.6,4.6,44
2026-09-02T11:13:00.000Z,2026-09-02T14:13:00,4.76,4.76,4.76,4.76,12
2026-09-03T07:01:00.000Z,2026-09-03T10:01:00,4.76,4.76,4.58,4.58,17937
2026-09-03T07:02:00.000Z,2026-09-03T10:02:00,4.76,4.88,4.76,4.88,40938
2026-09-03T07:12:00.000Z,2026-09-03T10:12:00,4.89,5.03,4.89,5.03,113771
2026-09-03T07:13:00.000Z,2026-09-03T10:13:00,5.03,5.03,5.03,5.03,18374
2026-09-03T07:14:00.000Z,2026-09-03T10:14:00,5.03,5.03,4.81,4.99,4790
2026-09-03T07:15:00.000Z,2026-09-03T10:15:00,4.81,4.99,4.81,4.99,1410
2026-09-03T07:16:00.000Z,2026-09-03T10:16:00,4.98,4.98,4.98,4.98,8369
2026-09-03T07:17:00.000Z,2026-09-03T10:17:00,4.99,4.99,4.98,4.98,10886
2026-09-03T07:18:00.000Z,2026-09-03T10:18:00,4.98,4.98,4.98,4.98,2500
2026-09-03T07:19:00.000Z,2026-09-03T10:19:00,4.98,4.98,4.98,4.98,188
2026-09-03T07:20:00.000Z,2026-09-03T10:20:00,4.98,4.98,4.97,4.97,460
2026-09-03T07:21:00.000Z,2026-09-03T10:21:00,4.97,4.97,4.97,4.97,278
2026-09-03T07:22:00.000Z,2026-09-03T10:22:00,4.97,4.97,4.9,4.9,567
2026-09-03T07:23:00.000Z,2026-09-03T10:23:00,4.95,4.97,4.95,4.97,2578
2026-09-03T07:24:00.000Z,2026-09-03T10:24:00,4.95,4.98,4.95,4.98,60357
2026-09-03T07:25:00.000Z,2026-09-03T10:25:00,4.91,4.91,4.91,4.91,100
2026-09-03T07:26:00.000Z,2026-09-03T10:26:00,4.98,4.98,4.97,4.97,9551
2026-09-03T07:27:00.000Z,2026-09-03T10:27:00,4.97,4.98,4.97,4.98,800
2026-09-03T07:28:00.000Z,2026-09-03T10:28:00,4.98,4.98,4.98,4.98,113
2026-09-03T07:29:00.000Z,2026-09-03T10:29:00,4.98,4.98,4.97,4.97,24198
2026-09-03T07:30:00.000Z,2026-09-03T10:30:00,4.98,4.98,4.98,4.98,1
2026-09-03T07:31:00.000Z,2026-09-03T10:31:00,4.98,4.98,4.98,4.98,1538
2026-09-03T07:32:00.000Z,2026-09-03T10:32:00,4.98,4.98,4.98,4.98,187
2026-09-03T07:33:00.000Z,2026-09-03T10:33:00,4.97,4.98,4.97,4.97,1910
2026-09-03T07:34:00.000Z,2026-09-03T10:34:00,4.97,4.97,4.97,4.97,1
2026-09-03T07:35:00.000Z,2026-09-03T10:35:00,4.97,4.98,4.97,4.98,4677
2026-09-03T07:37:00.000Z,2026-09-03T10:37:00,4.97,4.98,4.97,4.98,1096
2026-09-03T07:38:00.000Z,2026-09-03T10:38:00,4.98,4.98,4.97,4.97,674
2026-09-03T07:39:00.000Z,2026-09-03T10:39:00,4.95,4.95,4.95,4.95,2
2026-09-03T07:40:00.000Z,2026-09-03T10:40:00,4.95,4.95,4.95,4.95,41
2026-09-03T07:43:00.000Z,2026-09-03T10:43:00,4.95,4.97,4.95,4.97,7291
2026-09-03T07:44:00.000Z,2026-09-03T10:44:00,4.97,4.98,4.95,4.98,13129
2026-09-03T07:46:00.000Z,2026-09-03T10:46:00,4.97,4.98,4.97,4.98,1832
2026-09-03T07:50:00.000Z,2026-09-03T10:50:00,4.98,4.98,4.95,4.95,1389
2026-09-03T07:51:00.000Z,2026-09-03T10:51:00,4.91,4.98,4.91,4.91,8155
2026-09-03T07:52:00.000Z,2026-09-03T10:52:00,4.98,4.98,4.98,4.98,310
2026-09-03T07:55:00.000Z,2026-09-03T10:55:00,4.91,4.98,4.91,4.98,4197
2026-09-03T07:56:00.000Z,2026-09-03T10:56:00,4.98,4.99,4.98,4.99,6713
2026-09-03T07:57:00.000Z,2026-09-03T10:57:00,4.99,4.99,4.98,4.98,4171
2026-09-03T07:58:00.000Z,2026-09-03T10:58:00,4.98,4.99,4.98,4.99,3462
2026-09-03T07:59:00.000Z,2026-09-03T10:59:00,4.99,4.99,4.99,4.99,1843
2026-09-03T08:00:00.000Z,2026-09-03T11:00:00,4.99,4.99,4.99,4.99,856
2026-09-03T08:02:00.000Z,2026-09-03T11:02:00,4.97,4.97,4.97,4.97,2000
2026-09-03T08:04:00.000Z,2026-09-03T11:04:00,4.99,4.99,4.99,4.99,501
2026-09-03T08:06:00.000Z,2026-09-03T11:06:00,4.99,4.99,4.99,4.99,4001
2026-09-03T08:07:00.000Z,2026-09-03T11:07:00,4.99,4.99,4.99,4.99,1446
2026-09-03T08:11:00.000Z,2026-09-03T11:11:00,4.99,4.99,4.99,4.99,198
2026-09-03T08:12:00.000Z,2026-09-03T11:12:00,4.98,4.98,4.98,4.98,50
2026-09-03T08:14:00.000Z,2026-09-03T11:14:00,4.98,4.98,4.98,4.98,479
2026-09-03T08:18:00.000Z,2026-09-03T11:18:00,4.98,4.98,4.98,4.98,2
2026-09-03T08:19:00.000Z,2026-09-03T11:19:00,4.98,4.98,4.98,4.98,706
2026-09-03T08:20:00.000Z,2026-09-03T11:20:00,4.98,4.98,4.98,4.98,1000
2026-09-03T08:23:00.000Z,2026-09-03T11:23:00,4.98,4.98,4.97,4.97,122
2026-09-03T08:25:00.000Z,2026-09-03T11:25:00,4.98,4.98,4.97,4.97,3006
2026-09-03T08:26:00.000Z,2026-09-03T11:26:00,4.97,4.97,4.9,4.9,4008
2026-09-03T08:27:00.000Z,2026-09-03T11:27:00,4.98,4.98,4.98,4.98,6
2026-09-03T08:28:00.000Z,2026-09-03T11:28:00,4.98,4.98,4.98,4.98,2924
2026-09-03T08:29:00.000Z,2026-09-03T11:29:00,4.98,4.98,4.98,4.98,1000
2026-09-03T08:30:00.000Z,2026-09-03T11:30:00,4.98,4.98,4.98,4.98,14
2026-09-03T08:31:00.000Z,2026-09-03T11:31:00,4.98,4.98,4.98,4.98,1000
2026-09-03T08:33:00.000Z,2026-09-03T11:33:00,4.98,4.98,4.98,4.98,38
2026-09-03T08:35:00.000Z,2026-09-03T11:35:00,4.98,4.98,4.98,4.98,401
2026-09-03T08:40:00.000Z,2026-09-03T11:40:00,4.98,5,4.97,5,49601
2026-09-03T08:42:00.000Z,2026-09-03T11:42:00,5,5,5,5,60
2026-09-03T08:44:00.000Z,2026-09-03T11:44:00,4.99,4.99,4.99,4.99,201
2026-09-03T08:48:00.000Z,2026-09-03T11:48:00,4.99,4.99,4.99,4.99,75
2026-09-03T08:50:00.000Z,2026-09-03T11:50:00,4.95,4.99,4.95,4.99,559
2026-09-03T08:51:00.000Z,2026-09-03T11:51:00,4.95,4.95,4.95,4.95,200
2026-09-03T08:52:00.000Z,2026-09-03T11:52:00,4.99,4.99,4.99,4.99,2
2026-09-03T08:53:00.000Z,2026-09-03T11:53:00,4.99,5,4.99,5,28785
2026-09-03T08:54:00.000Z,2026-09-03T11:54:00,5,5,5,5,1000
2026-09-03T08:55:00.000Z,2026-09-03T11:55:00,5,5.01,5,5.01,10021
2026-09-03T08:56:00.000Z,2026-09-03T11:56:00,5.01,5.02,5.01,5.02,15079
2026-09-03T08:57:00.000Z,2026-09-03T11:57:00,5.02,5.02,5.01,5.02,8478
2026-09-03T08:58:00.000Z,2026-09-03T11:58:00,5.02,5.02,5.02,5.02,70
2026-09-03T09:00:00.000Z,2026-09-03T12:00:00,5.02,5.02,5.02,5.02,1026
2026-09-03T09:03:00.000Z,2026-09-03T12:03:00,5,5,5,5,10000
2026-09-03T09:05:00.000Z,2026-09-03T12:05:00,5.02,5.02,5.02,5.02,4982
2026-09-03T09:06:00.000Z,2026-09-03T12:06:00,5.02,5.03,5.02,5.03,92457
2026-09-03T09:07:00.000Z,2026-09-03T12:07:00,5.03,5.03,5.03,5.03,34150
2026-09-03T09:08:00.000Z,2026-09-03T12:08:00,5.03,5.03,5.03,5.03,62228
2026-09-03T09:09:00.000Z,2026-09-03T12:09:00,5.03,5.03,5.03,5.03,9
2026-09-03T09:10:00.000Z,2026-09-03T12:10:00,5.03,5.03,5.03,5.03,14682
2026-09-03T09:11:00.000Z,2026-09-03T12:11:00,5.03,5.03,5,5.03,8950
2026-09-03T09:13:00.000Z,2026-09-03T12:13:00,5.03,5.03,5.03,5.03,7420
2026-09-03T09:14:00.000Z,2026-09-03T12:14:00,5.03,5.03,5.03,5.03,24961
2026-09-03T09:15:00.000Z,2026-09-03T12:15:00,5.03,5.03,5.03,5.03,48
2026-09-03T09:16:00.000Z,2026-09-03T12:16:00,5.03,5.03,5.03,5.03,19880
2026-09-03T09:18:00.000Z,2026-09-03T12:18:00,5.03,5.03,5.03,5.03,5994
2026-09-03T09:19:00.000Z,2026-09-03T12:19:00,5.03,5.03,5.03,5.03,10500
2026-09-03T09:20:00.000Z,2026-09-03T12:20:00,5.03,5.03,5.03,5.03,24368
2026-09-03T09:21:00.000Z,2026-09-03T12:21:00,5.03,5.03,5.03,5.03,15057
2026-09-03T09:22:00.000Z,2026-09-03T12:22:00,5.03,5.03,5.03,5.03,782
2026-09-03T09:23:00.000Z,2026-09-03T12:23:00,5.03,5.03,5.03,5.03,5371
2026-09-03T09:24:00.000Z,2026-09-03T12:24:00,5.03,5.03,5.03,5.03,21047
2026-09-03T09:25:00.000Z,2026-09-03T12:25:00,5.03,5.03,5.03,5.03,30000
2026-09-03T09:26:00.000Z,2026-09-03T12:26:00,5.03,5.03,5.03,5.03,2047
2026-09-03T09:27:00.000Z,2026-09-03T12:27:00,5.03,5.03,5.03,5.03,2
2026-09-03T09:28:00.000Z,2026-09-03T12:28:00,5.01,5.01,5.01,5.01,1000
2026-09-03T09:30:00.000Z,2026-09-03T12:30:00,5.03,5.03,5.01,5.03,1845
2026-09-03T09:32:00.000Z,2026-09-03T12:32:00,5.03,5.03,5.03,5.03,3030
2026-09-03T09:34:00.000Z,2026-09-03T12:34:00,5.03,5.03,5.03,5.03,47
2026-09-03T09:36:00.000Z,2026-09-03T12:36:00,5.03,5.03,5.03,5.03,238
2026-09-03T09:38:00.000Z,2026-09-03T12:38:00,5.03,5.03,5.03,5.03,3976
2026-09-03T09:39:00.000Z,2026-09-03T12:39:00,5.03,5.03,5.03,5.03,13
2026-09-03T09:43:00.000Z,2026-09-03T12:43:00,5.03,5.03,5.03,5.03,5000
2026-09-03T09:44:00.000Z,2026-09-03T12:44:00,5.03,5.03,5,5,80000
2026-09-03T09:46:00.000Z,2026-09-03T12:46:00,5.03,5.03,5.03,5.03,1000
2026-09-03T09:47:00.000Z,2026-09-03T12:47:00,5.03,5.03,5.03,5.03,1994
2026-09-03T09:49:00.000Z,2026-09-03T12:49:00,5,5,5,5,5000
2026-09-03T09:50:00.000Z,2026-09-03T12:50:00,5.03,5.03,5.03,5.03,2000
2026-09-03T09:52:00.000Z,2026-09-03T12:52:00,5.03,5.03,5.03,5.03,2850
2026-09-03T09:53:00.000Z,2026-09-03T12:53:00,5.03,5.03,5.03,5.03,5541
2026-09-03T09:55:00.000Z,2026-09-03T12:55:00,5.03,5.03,5.03,5.03,200
2026-09-03T09:58:00.000Z,2026-09-03T12:58:00,5.03,5.03,5.03,5.03,607
2026-09-03T10:03:00.000Z,2026-09-03T13:03:00,5.03,5.03,5.03,5.03,2474
2026-09-03T10:04:00.000Z,2026-09-03T13:04:00,5.03,5.03,5.03,5.03,9
2026-09-03T10:05:00.000Z,2026-09-03T13:05:00,5.03,5.03,5.03,5.03,5017
2026-09-03T10:10:00.000Z,2026-09-03T13:10:00,5.03,5.03,5.03,5.03,18636
2026-09-03T10:11:00.000Z,2026-09-03T13:11:00,5.03,5.03,5.03,5.03,6806
2026-09-03T10:12:00.000Z,2026-09-03T13:12:00,5.03,5.03,5.03,5.03,677
2026-09-03T10:13:00.000Z,2026-09-03T13:13:00,5.03,5.03,5.03,5.03,44
2026-09-03T10:14:00.000Z,2026-09-03T13:14:00,5.03,5.03,5.03,5.03,21856
2026-09-03T10:16:00.000Z,2026-09-03T13:16:00,5.03,5.03,5.03,5.03,236
2026-09-03T10:17:00.000Z,2026-09-03T13:17:00,5.03,5.03,5.03,5.03,24764
2026-09-03T10:21:00.000Z,2026-09-03T13:21:00,5.03,5.03,5.03,5.03,390
2026-09-03T10:25:00.000Z,2026-09-03T13:25:00,5.03,5.03,5.03,5.03,51799
2026-09-03T10:27:00.000Z,2026-09-03T13:27:00,5.03,5.03,5.02,5.02,1024
2026-09-03T10:28:00.000Z,2026-09-03T13:28:00,5.02,5.02,5.02,5.02,6
2026-09-03T10:32:00.000Z,2026-09-03T13:32:00,5.02,5.02,5.02,5.02,301
2026-09-03T10:33:00.000Z,2026-09-03T13:33:00,5.02,5.02,5.02,5.02,48
2026-09-03T10:34:00.000Z,2026-09-03T13:34:00,5.02,5.02,5.02,5.02,207
2026-09-03T10:35:00.000Z,2026-09-03T13:35:00,5.02,5.02,5.02,5.02,120
2026-09-03T10:36:00.000Z,2026-09-03T13:36:00,5.02,5.03,5.02,5.03,57495
2026-09-03T10:37:00.000Z,2026-09-03T13:37:00,5.03,5.03,5.03,5.03,2505
2026-09-03T10:38:00.000Z,2026-09-03T13:38:00,5.03,5.03,5.03,5.03,7500
2026-09-03T10:39:00.000Z,2026-09-03T13:39:00,5.03,5.03,5.03,5.03,57
2026-09-03T10:40:00.000Z,2026-09-03T13:40:00,5.03,5.03,5.03,5.03,50
2026-09-03T10:41:00.000Z,2026-09-03T13:41:00,5.03,5.03,5.03,5.03,10662
2026-09-03T10:42:00.000Z,2026-09-03T13:42:00,5.03,5.03,5.03,5.03,2530
2026-09-03T10:44:00.000Z,2026-09-03T13:44:00,5.03,5.03,5.03,5.03,163
2026-09-03T10:47:00.000Z,2026-09-03T13:47:00,5.03,5.03,5.03,5.03,4
2026-09-03T10:48:00.000Z,2026-09-03T13:48:00,5.03,5.03,5.03,5.03,3553
2026-09-03T10:50:00.000Z,2026-09-03T13:50:00,5.03,5.03,5.03,5.03,727
2026-09-03T10:53:00.000Z,2026-09-03T13:53:00,5.03,5.03,5.03,5.03,7000
2026-09-03T10:54:00.000Z,2026-09-03T13:54:00,5.03,5.03,5.03,5.03,604
2026-09-03T10:55:00.000Z,2026-09-03T13:55:00,5.03,5.03,5.03,5.03,8473
2026-09-03T10:56:00.000Z,2026-09-03T13:56:00,5,5,5,5,100
2026-09-03T10:58:00.000Z,2026-09-03T13:58:00,4.99,4.99,4.99,4.99,727
2026-09-03T10:59:00.000Z,2026-09-03T13:59:00,5.03,5.03,5.03,5.03,7406
2026-09-03T11:02:00.000Z,2026-09-03T14:02:00,5.03,5.03,5.03,5.03,100
2026-09-03T11:03:00.000Z,2026-09-03T14:03:00,5.03,5.03,5.03,5.03,20
2026-09-03T11:05:00.000Z,2026-09-03T14:05:00,5,5.03,5,5.03,1136
2026-09-03T11:07:00.000Z,2026-09-03T14:07:00,5.03,5.03,5.03,5.03,5158
2026-09-03T11:10:00.000Z,2026-09-03T14:10:00,5.03,5.03,5.03,5.03,2000
2026-09-03T11:11:00.000Z,2026-09-03T14:11:00,5.03,5.03,5.03,5.03,1734
2026-09-03T11:12:00.000Z,2026-09-03T14:12:00,5.03,5.03,5.03,5.03,5333
2026-09-03T11:25:00.000Z,2026-09-03T14:25:00,5.03,5.03,5.03,5.03,13930
2026-09-03T11:26:00.000Z,2026-09-03T14:26:00,5.03,5.03,5.03,5.03,3000
2026-09-03T11:28:00.000Z,2026-09-03T14:28:00,5.03,5.03,5.03,5.03,1000
2026-09-06T07:00:00.000Z,2026-09-06T10:00:00,5.03,5.03,5.03,5.03,6042
2026-09-06T07:01:00.000Z,2026-09-06T10:01:00,5.02,5.49,4.98,5.49,37741
2026-09-06T07:12:00.000Z,2026-09-06T10:12:00,5.5,5.53,5.49,5.53,274004
2026-09-06T07:13:00.000Z,2026-09-06T10:13:00,5.49,5.53,5.01,5.52,3399
2026-09-06T07:14:00.000Z,2026-09-06T10:14:00,5.52,5.53,5.05,5.53,37924
2026-09-06T07:15:00.000Z,2026-09-06T10:15:00,5.53,5.53,5.53,5.53,12082
2026-09-06T07:16:00.000Z,2026-09-06T10:16:00,5.53,5.53,5.53,5.53,11170
2026-09-06T07:17:00.000Z,2026-09-06T10:17:00,5.53,5.53,5.53,5.53,18652
2026-09-06T07:18:00.000Z,2026-09-06T10:18:00,5.53,5.53,5.53,5.53,10308
2026-09-06T07:19:00.000Z,2026-09-06T10:19:00,5.53,5.53,5.53,5.53,80304
2026-09-06T07:21:00.000Z,2026-09-06T10:21:00,5.53,5.53,5.53,5.53,6097
2026-09-06T07:22:00.000Z,2026-09-06T10:22:00,5.53,5.53,5.53,5.53,3630
2026-09-06T07:23:00.000Z,2026-09-06T10:23:00,5.53,5.53,5.53,5.53,124
2026-09-06T07:24:00.000Z,2026-09-06T10:24:00,5.53,5.53,5.49,5.49,73070
2026-09-06T07:25:00.000Z,2026-09-06T10:25:00,5.53,5.53,5.53,5.53,178700
2026-09-06T07:26:00.000Z,2026-09-06T10:26:00,5.53,5.53,5.53,5.53,21305
2026-09-06T07:27:00.000Z,2026-09-06T10:27:00,5.53,5.53,5.52,5.52,465
2026-09-06T07:28:00.000Z,2026-09-06T10:28:00,5.52,5.53,5.52,5.53,83230
2026-09-06T07:30:00.000Z,2026-09-06T10:30:00,5.53,5.53,5.53,5.53,8070
2026-09-06T07:31:00.000Z,2026-09-06T10:31:00,5.53,5.53,5.53,5.53,10127
2026-09-06T07:32:00.000Z,2026-09-06T10:32:00,5.53,5.53,5.53,5.53,2024
2026-09-06T07:33:00.000Z,2026-09-06T10:33:00,5.53,5.53,5.5,5.5,4091
2026-09-06T07:34:00.000Z,2026-09-06T10:34:00,5.5,5.5,5.5,5.5,264
2026-09-06T07:35:00.000Z,2026-09-06T10:35:00,5.49,5.53,5.49,5.53,9970
2026-09-06T07:36:00.000Z,2026-09-06T10:36:00,5.51,5.51,5.5,5.5,5000
2026-09-06T07:37:00.000Z,2026-09-06T10:37:00,5.51,5.51,5.51,5.51,791
2026-09-06T07:38:00.000Z,2026-09-06T10:38:00,5.5,5.51,5.5,5.5,57005
2026-09-06T07:39:00.000Z,2026-09-06T10:39:00,5.5,5.5,5.11,5.11,10151
2026-09-06T07:40:00.000Z,2026-09-06T10:40:00,5.49,5.49,5.08,5.39,915
2026-09-06T07:41:00.000Z,2026-09-06T10:41:00,5.3,5.3,5.25,5.25,1315
2026-09-06T07:42:00.000Z,2026-09-06T10:42:00,5.25,5.3,5.25,5.3,11958
2026-09-06T07:43:00.000Z,2026-09-06T10:43:00,5.3,5.35,5.3,5.35,30494
2026-09-06T07:44:00.000Z,2026-09-06T10:44:00,5.35,5.35,5.34,5.34,11199
2026-09-06T07:45:00.000Z,2026-09-06T10:45:00,5.3,5.3,5.29,5.3,8496
2026-09-06T07:46:00.000Z,2026-09-06T10:46:00,5.3,5.3,5.1,5.29,2404
2026-09-06T07:47:00.000Z,2026-09-06T10:47:00,5.29,5.29,5.29,5.29,4
2026-09-06T07:48:00.000Z,2026-09-06T10:48:00,5.25,5.29,5.11,5.29,3662
2026-09-06T07:49:00.000Z,2026-09-06T10:49:00,5.29,5.29,5.29,5.29,3451
2026-09-06T07:52:00.000Z,2026-09-06T10:52:00,5.09,5.28,5.08,5.28,17424
2026-09-06T07:53:00.000Z,2026-09-06T10:53:00,5.28,5.28,5.28,5.28,9
2026-09-06T07:55:00.000Z,2026-09-06T10:55:00,5.27,5.27,5.12,5.12,1803
2026-09-06T07:56:00.000Z,2026-09-06T10:56:00,5.1,5.27,5.1,5.27,43699
2026-09-06T07:57:00.000Z,2026-09-06T10:57:00,5.27,5.27,5.26,5.26,124
2026-09-06T07:58:00.000Z,2026-09-06T10:58:00,5.26,5.26,5.26,5.26,400
2026-09-06T07:59:00.000Z,2026-09-06T10:59:00,5.26,5.26,5.26,5.26,30
2026-09-06T08:00:00.000Z,2026-09-06T11:00:00,5.26,5.26,5.26,5.26,1
2026-09-06T08:01:00.000Z,2026-09-06T11:01:00,5.2,5.2,5.2,5.2,1000
2026-09-06T08:02:00.000Z,2026-09-06T11:02:00,5.2,5.2,5.11,5.2,212
2026-09-06T08:03:00.000Z,2026-09-06T11:03:00,5.11,5.11,5.1,5.1,1168
2026-09-06T08:04:00.000Z,2026-09-06T11:04:00,5.1,5.2,5.1,5.2,9890
2026-09-06T08:05:00.000Z,2026-09-06T11:05:00,5.2,5.2,5.2,5.2,189
2026-09-06T08:09:00.000Z,2026-09-06T11:09:00,5.19,5.19,5.19,5.19,650
2026-09-06T08:10:00.000Z,2026-09-06T11:10:00,5.2,5.2,5.2,5.2,148
2026-09-06T08:11:00.000Z,2026-09-06T11:11:00,5.19,5.19,5.08,5.08,4000
2026-09-06T08:12:00.000Z,2026-09-06T11:12:00,5.08,5.08,5.08,5.08,186
2026-09-06T08:14:00.000Z,2026-09-06T11:14:00,5.2,5.2,5.08,5.2,1608
2026-09-06T08:15:00.000Z,2026-09-06T11:15:00,5.2,5.2,5.2,5.2,190
2026-09-06T08:16:00.000Z,2026-09-06T11:16:00,5.1,5.1,5.1,5.1,17746
2026-09-06T08:17:00.000Z,2026-09-06T11:17:00,5.08,5.08,5.05,5.05,26243
2026-09-06T08:18:00.000Z,2026-09-06T11:18:00,5.05,5.05,5.05,5.05,668
2026-09-06T08:19:00.000Z,2026-09-06T11:19:00,5.05,5.1,5.05,5.1,3460
2026-09-06T08:20:00.000Z,2026-09-06T11:20:00,5.1,5.1,5.1,5.1,13564
2026-09-06T08:22:00.000Z,2026-09-06T11:22:00,5.2,5.2,5.1,5.2,161
2026-09-06T08:24:00.000Z,2026-09-06T11:24:00,5.2,5.2,5.2,5.2,9735
2026-09-06T08:28:00.000Z,2026-09-06T11:28:00,5.19,5.19,5.11,5.11,47
2026-09-06T08:30:00.000Z,2026-09-06T11:30:00,5.19,5.19,5.19,5.19,27
2026-09-06T08:31:00.000Z,2026-09-06T11:31:00,5.12,5.12,5.11,5.11,500
2026-09-06T08:34:00.000Z,2026-09-06T11:34:00,5.19,5.19,5.19,5.19,1779
2026-09-06T08:35:00.000Z,2026-09-06T11:35:00,5.19,5.19,5.19,5.19,1096
2026-09-06T08:40:00.000Z,2026-09-06T11:40:00,5.11,5.19,5.11,5.19,3866
2026-09-06T08:41:00.000Z,2026-09-06T11:41:00,5.18,5.18,5.18,5.18,3
2026-09-06T08:44:00.000Z,2026-09-06T11:44:00,5.18,5.18,5.18,5.18,2000
2026-09-06T08:46:00.000Z,2026-09-06T11:46:00,5.18,5.18,5.18,5.18,2000
2026-09-06T08:47:00.000Z,2026-09-06T11:47:00,5.16,5.16,5.11,5.11,7264
2026-09-06T08:48:00.000Z,2026-09-06T11:48:00,5.18,5.18,5.18,5.18,2
2026-09-06T08:50:00.000Z,2026-09-06T11:50:00,5.11,5.11,5.11,5.11,1441
2026-09-06T08:51:00.000Z,2026-09-06T11:51:00,5.18,5.18,5.18,5.18,410
2026-09-06T08:52:00.000Z,2026-09-06T11:52:00,5.18,5.18,5.18,5.18,12
2026-09-06T08:53:00.000Z,2026-09-06T11:53:00,5.11,5.11,5.11,5.11,22464
2026-09-06T08:54:00.000Z,2026-09-06T11:54:00,5.11,5.18,5.11,5.11,601
2026-09-06T08:56:00.000Z,2026-09-06T11:56:00,5.11,5.11,5.04,5.04,50000
2026-09-06T08:58:00.000Z,2026-09-06T11:58:00,5.18,5.18,5.18,5.18,10
2026-09-06T09:00:00.000Z,2026-09-06T12:00:00,5.18,5.18,5.18,5.18,4
2026-09-06T09:02:00.000Z,2026-09-06T12:02:00,5.04,5.04,5.04,5.04,6408
2026-09-06T09:06:00.000Z,2026-09-06T12:06:00,5.17,5.17,5.17,5.17,1020
2026-09-06T09:07:00.000Z,2026-09-06T12:07:00,5.04,5.04,5.04,5.04,1
2026-09-06T09:08:00.000Z,2026-09-06T12:08:00,5.17,5.17,5.17,5.17,2
2026-09-06T09:13:00.000Z,2026-09-06T12:13:00,5.04,5.04,5.04,5.04,967
2026-09-06T09:16:00.000Z,2026-09-06T12:16:00,5.17,5.17,5.17,5.17,2
2026-09-06T09:18:00.000Z,2026-09-06T12:18:00,5.17,5.17,5.17,5.17,573
2026-09-06T09:20:00.000Z,2026-09-06T12:20:00,5.17,5.17,5.17,5.17,1018
2026-09-06T09:33:00.000Z,2026-09-06T12:33:00,5.15,5.15,5.15,5.15,96
2026-09-06T09:34:00.000Z,2026-09-06T12:34:00,5.05,5.05,4.68,4.68,46402
2026-09-06T09:35:00.000Z,2026-09-06T12:35:00,5.15,5.15,5.15,5.15,6
2026-09-06T09:36:00.000Z,2026-09-06T12:36:00,4.71,4.71,4.71,4.71,776
2026-09-06T09:37:00.000Z,2026-09-06T12:37:00,4.71,5.14,4.7,5.14,240
2026-09-06T09:42:00.000Z,2026-09-06T12:42:00,4.8,4.8,4.8,4.8,1
2026-09-06T09:43:00.000Z,2026-09-06T12:43:00,5.14,5.14,5.14,5.14,10
2026-09-06T09:45:00.000Z,2026-09-06T12:45:00,5.14,5.14,5.14,5.14,43
2026-09-06T09:46:00.000Z,2026-09-06T12:46:00,4.8,4.8,4.8,4.8,2725
2026-09-06T09:48:00.000Z,2026-09-06T12:48:00,5.14,5.14,4.81,4.81,194
2026-09-06T09:55:00.000Z,2026-09-06T12:55:00,4.85,4.85,4.85,4.85,210
2026-09-06T09:57:00.000Z,2026-09-06T12:57:00,4.9,4.9,4.9,4.9,48
2026-09-06T10:01:00.000Z,2026-09-06T13:01:00,5.14,5.14,5.14,5.14,2
2026-09-06T10:12:00.000Z,2026-09-06T13:12:00,5.13,5.13,5.13,5.13,349
2026-09-06T10:13:00.000Z,2026-09-06T13:13:00,5.13,5.13,5.13,5.13,1554
2026-09-06T10:15:00.000Z,2026-09-06T13:15:00,4.9,4.9,4.9,4.9,1
2026-09-06T10:16:00.000Z,2026-09-06T13:16:00,5.13,5.13,5.13,5.13,1
2026-09-06T10:22:00.000Z,2026-09-06T13:22:00,5.13,5.13,5.13,5.13,50
2026-09-06T10:30:00.000Z,2026-09-06T13:30:00,4.91,4.91,4.91,4.91,1627
2026-09-06T10:33:00.000Z,2026-09-06T13:33:00,4.92,4.92,4.92,4.92,1
2026-09-06T10:34:00.000Z,2026-09-06T13:34:00,5.1,5.1,5.1,5.1,2352
2026-09-06T10:51:00.000Z,2026-09-06T13:51:00,5.1,5.1,5.1,5.1,87
2026-09-06T10:52:00.000Z,2026-09-06T13:52:00,5.1,5.1,5.1,5.1,443
2026-09-06T10:55:00.000Z,2026-09-06T13:55:00,5.03,5.03,5.02,5.02,1991
2026-09-06T10:58:00.000Z,2026-09-06T13:58:00,5.09,5.09,5.09,5.09,1
2026-09-06T11:02:00.000Z,2026-09-06T14:02:00,5.05,5.05,5.05,5.05,1381
2026-09-06T11:04:00.000Z,2026-09-06T14:04:00,5.02,5.02,5.02,5.02,8300
2026-09-06T11:07:00.000Z,2026-09-06T14:07:00,5.02,5.02,5.02,5.02,2000
2026-09-06T11:08:00.000Z,2026-09-06T14:08:00,5.04,5.04,5.04,5.04,68
2026-09-06T11:11:00.000Z,2026-09-06T14:11:00,5.02,5.02,4.86,5.02,8978
2026-09-06T11:12:00.000Z,2026-09-06T14:12:00,4.86,4.86,4.83,4.83,5000
2026-09-06T11:13:00.000Z,2026-09-06T14:13:00,4.9,4.9,4.75,4.75,9880
2026-09-06T11:14:00.000Z,2026-09-06T14:14:00,4.76,4.76,4.71,4.76,21058
2026-09-06T11:25:00.000Z,2026-09-06T14:25:00,4.78,4.78,4.78,4.78,1311
2026-09-06T11:27:00.000Z,2026-09-06T14:27:00,4.78,4.78,4.78,4.78,857
2026-09-07T07:00:00.000Z,2026-09-07T10:00:00,4.8,5.09,4.8,5.09,1210
2026-09-07T07:01:00.000Z,2026-09-07T10:01:00,4.8,5.09,4.8,5.09,999
2026-09-07T07:02:00.000Z,2026-09-07T10:02:00,5.08,5.08,4.8,4.8,1990
2026-09-07T07:03:00.000Z,2026-09-07T10:03:00,4.8,5.08,4.8,5.05,4742
2026-09-07T07:04:00.000Z,2026-09-07T10:04:00,5,5,5,5,1500
2026-09-07T07:05:00.000Z,2026-09-07T10:05:00,5,5,4.8,4.8,18348
2026-09-07T07:06:00.000Z,2026-09-07T10:06:00,4.8,4.81,4.8,4.81,9432
2026-09-07T07:07:00.000Z,2026-09-07T10:07:00,4.8,4.81,4.8,4.81,58396
2026-09-07T07:09:00.000Z,2026-09-07T10:09:00,4.85,4.85,4.85,4.85,2
2026-09-07T07:10:00.000Z,2026-09-07T10:10:00,4.81,4.85,4.81,4.85,530
2026-09-07T07:11:00.000Z,2026-09-07T10:11:00,4.85,4.85,4.85,4.85,1
2026-09-07T07:12:00.000Z,2026-09-07T10:12:00,4.85,4.98,4.85,4.98,100
2026-09-07T07:14:00.000Z,2026-09-07T10:14:00,4.82,4.82,4.82,4.82,1
2026-09-07T07:15:00.000Z,2026-09-07T10:15:00,4.82,4.97,4.82,4.97,262
2026-09-07T07:16:00.000Z,2026-09-07T10:16:00,4.97,4.97,4.82,4.82,7520
2026-09-07T07:17:00.000Z,2026-09-07T10:17:00,4.84,4.97,4.82,4.97,2521
2026-09-07T07:18:00.000Z,2026-09-07T10:18:00,4.82,5,4.82,5,11073
2026-09-07T07:19:00.000Z,2026-09-07T10:19:00,4.82,4.99,4.82,4.83,290
2026-09-07T07:20:00.000Z,2026-09-07T10:20:00,4.83,4.99,4.82,4.99,4494
2026-09-07T07:24:00.000Z,2026-09-07T10:24:00,4.83,4.98,4.82,4.98,8369
2026-09-07T07:25:00.000Z,2026-09-07T10:25:00,4.82,4.82,4.82,4.82,3099
2026-09-07T07:27:00.000Z,2026-09-07T10:27:00,4.9,4.98,4.82,4.82,3620
2026-09-07T07:28:00.000Z,2026-09-07T10:28:00,4.97,4.97,4.97,4.97,957
2026-09-07T07:31:00.000Z,2026-09-07T10:31:00,4.83,4.83,4.83,4.83,673
2026-09-07T07:32:00.000Z,2026-09-07T10:32:00,4.95,4.95,4.95,4.95,990
2026-09-07T07:33:00.000Z,2026-09-07T10:33:00,4.84,4.95,4.83,4.95,1229
2026-09-07T07:35:00.000Z,2026-09-07T10:35:00,4.83,4.83,4.83,4.83,1227
2026-09-07T07:37:00.000Z,2026-09-07T10:37:00,4.83,4.83,4.83,4.83,11
2026-09-07T07:38:00.000Z,2026-09-07T10:38:00,4.83,4.95,4.82,4.82,22799
2026-09-07T07:43:00.000Z,2026-09-07T10:43:00,4.83,4.83,4.83,4.83,57
2026-09-07T07:45:00.000Z,2026-09-07T10:45:00,4.83,4.83,4.83,4.83,44
2026-09-07T07:51:00.000Z,2026-09-07T10:51:00,4.83,4.83,4.83,4.83,2404
2026-09-07T07:52:00.000Z,2026-09-07T10:52:00,4.83,4.83,4.83,4.83,348
2026-09-07T07:53:00.000Z,2026-09-07T10:53:00,4.83,4.83,4.79,4.79,62541
2026-09-07T07:58:00.000Z,2026-09-07T10:58:00,4.79,4.79,4.72,4.73,5641
2026-09-07T07:59:00.000Z,2026-09-07T10:59:00,4.9,4.95,4.73,4.73,26358
2026-09-07T08:00:00.000Z,2026-09-07T11:00:00,4.73,4.73,4.73,4.73,1252
2026-09-07T08:01:00.000Z,2026-09-07T11:01:00,4.94,4.94,4.94,4.94,211
2026-09-07T08:04:00.000Z,2026-09-07T11:04:00,4.94,4.94,4.94,4.94,600
2026-09-07T08:10:00.000Z,2026-09-07T11:10:00,4.78,4.78,4.75,4.75,6834
2026-09-07T08:11:00.000Z,2026-09-07T11:11:00,4.75,4.75,4.63,4.63,120914
2026-09-07T08:12:00.000Z,2026-09-07T11:12:00,4.64,4.64,4.64,4.64,45
2026-09-07T08:13:00.000Z,2026-09-07T11:13:00,4.85,4.85,4.85,4.85,1
2026-09-07T08:14:00.000Z,2026-09-07T11:14:00,4.92,4.92,4.67,4.67,203
2026-09-07T08:15:00.000Z,2026-09-07T11:15:00,4.7,4.7,4.68,4.68,650
2026-09-07T08:16:00.000Z,2026-09-07T11:16:00,4.92,4.99,4.66,4.66,21923
2026-09-07T08:18:00.000Z,2026-09-07T11:18:00,4.98,4.99,4.66,4.66,21621
2026-09-07T08:26:00.000Z,2026-09-07T11:26:00,4.98,4.98,4.98,4.98,1738
2026-09-07T08:27:00.000Z,2026-09-07T11:27:00,4.98,4.99,4.75,4.75,5500
2026-09-07T08:36:00.000Z,2026-09-07T11:36:00,4.97,4.99,4.97,4.99,4000
2026-09-07T08:38:00.000Z,2026-09-07T11:38:00,4.99,4.99,4.99,4.99,2500
2026-09-07T08:43:00.000Z,2026-09-07T11:43:00,4.99,4.99,4.99,4.99,2500
2026-09-07T08:44:00.000Z,2026-09-07T11:44:00,4.99,4.99,4.99,4.99,199
2026-09-07T08:46:00.000Z,2026-09-07T11:46:00,4.99,4.99,4.99,4.99,20000
2026-09-07T08:48:00.000Z,2026-09-07T11:48:00,4.99,4.99,4.99,4.99,10000
2026-09-07T08:52:00.000Z,2026-09-07T11:52:00,4.81,4.81,4.81,4.81,48
2026-09-07T08:53:00.000Z,2026-09-07T11:53:00,4.81,4.81,4.81,4.81,103
2026-09-07T08:58:00.000Z,2026-09-07T11:58:00,4.81,4.81,4.81,4.81,250
2026-09-07T09:01:00.000Z,2026-09-07T12:01:00,4.81,4.81,4.81,4.81,750
2026-09-07T09:03:00.000Z,2026-09-07T12:03:00,4.81,4.89,4.81,4.89,2431
2026-09-07T09:08:00.000Z,2026-09-07T12:08:00,4.89,4.89,4.89,4.89,2378
2026-09-07T09:12:00.000Z,2026-09-07T12:12:00,4.99,4.99,4.99,4.99,11
2026-09-07T09:13:00.000Z,2026-09-07T12:13:00,4.99,5,4.99,5,2432
2026-09-07T09:17:00.000Z,2026-09-07T12:17:00,4.99,4.99,4.99,4.99,5000
2026-09-07T09:21:00.000Z,2026-09-07T12:21:00,4.99,4.99,4.99,4.99,5000
2026-09-07T09:23:00.000Z,2026-09-07T12:23:00,4.99,4.99,4.99,4.99,5000
2026-09-07T09:24:00.000Z,2026-09-07T12:24:00,4.95,4.95,4.95,4.95,10000
2026-09-07T09:25:00.000Z,2026-09-07T12:25:00,4.99,4.99,4.99,4.99,17000
2026-09-07T09:27:00.000Z,2026-09-07T12:27:00,4.95,4.95,4.95,4.95,10000
2026-09-07T09:29:00.000Z,2026-09-07T12:29:00,4.8,4.8,4.8,4.8,994
2026-09-07T09:37:00.000Z,2026-09-07T12:37:00,4.99,4.99,4.99,4.99,17
2026-09-07T09:43:00.000Z,2026-09-07T12:43:00,4.75,4.75,4.75,4.75,469
2026-09-07T09:45:00.000Z,2026-09-07T12:45:00,4.98,4.99,4.98,4.99,15000
2026-09-07T09:47:00.000Z,2026-09-07T12:47:00,4.99,4.99,4.77,4.99,25402
2026-09-07T09:48:00.000Z,2026-09-07T12:48:00,4.99,4.99,4.99,4.99,10000
2026-09-07T09:49:00.000Z,2026-09-07T12:49:00,4.99,4.99,4.99,4.99,120
2026-09-07T09:50:00.000Z,2026-09-07T12:50:00,4.76,5.01,4.76,4.76,18337
2026-09-07T09:53:00.000Z,2026-09-07T12:53:00,5.01,5.01,5.01,5.01,20
2026-09-07T10:00:00.000Z,2026-09-07T13:00:00,4.79,5.01,4.79,5.01,1056
2026-09-07T10:08:00.000Z,2026-09-07T13:08:00,5,5,5,5,20
2026-09-07T10:16:00.000Z,2026-09-07T13:16:00,4.79,4.79,4.77,4.77,7806
2026-09-07T10:27:00.000Z,2026-09-07T13:27:00,5,5,5,5,1
2026-09-07T10:32:00.000Z,2026-09-07T13:32:00,4.78,4.78,4.78,4.78,1
2026-09-07T10:34:00.000Z,2026-09-07T13:34:00,4.8,4.8,4.8,4.8,125
2026-09-07T10:35:00.000Z,2026-09-07T13:35:00,4.9,4.9,4.9,4.9,2
2026-09-07T10:37:00.000Z,2026-09-07T13:37:00,4.9,4.9,4.9,4.9,1428
2026-09-07T10:38:00.000Z,2026-09-07T13:38:00,5,5,4.8,4.8,3040
2026-09-07T10:39:00.000Z,2026-09-07T13:39:00,5,5,5,5,1
2026-09-07T10:40:00.000Z,2026-09-07T13:40:00,4.8,5,4.8,5,3
2026-09-07T10:41:00.000Z,2026-09-07T13:41:00,4.8,4.8,4.8,4.8,15
2026-09-07T10:42:00.000Z,2026-09-07T13:42:00,5,5,5,5,1
2026-09-07T10:43:00.000Z,2026-09-07T13:43:00,4.99,5,4.8,5,1123
2026-09-07T10:46:00.000Z,2026-09-07T13:46:00,4.99,4.99,4.99,4.99,2934
2026-09-07T10:47:00.000Z,2026-09-07T13:47:00,5,5,5,5,500
2026-09-07T10:48:00.000Z,2026-09-07T13:48:00,5.01,5.01,5.01,5.01,1
2026-09-07T10:51:00.000Z,2026-09-07T13:51:00,5.01,5.01,5.01,5.01,900
2026-09-07T11:00:00.000Z,2026-09-07T14:00:00,5.01,5.01,5.01,5.01,75
2026-09-07T11:02:00.000Z,2026-09-07T14:02:00,5,5.03,5,5.03,2375
2026-09-07T11:05:00.000Z,2026-09-07T14:05:00,5,5,5,5,20254
2026-09-07T11:09:00.000Z,2026-09-07T14:09:00,4.82,4.82,4.82,4.82,900
2026-09-07T11:15:00.000Z,2026-09-07T14:15:00,5,5,5,5,1
2026-09-07T11:25:00.000Z,2026-09-07T14:25:00,4.98,4.98,4.98,4.98,1
2026-09-08T07:01:00.000Z,2026-09-08T10:01:00,4.85,5.13,4.85,4.85,55134
2026-09-08T07:02:00.000Z,2026-09-08T10:02:00,4.83,4.85,4.83,4.85,5953
2026-09-08T07:03:00.000Z,2026-09-08T10:03:00,4.86,4.86,4.85,4.85,3976
2026-09-08T07:04:00.000Z,2026-09-08T10:04:00,5.1,5.1,5.1,5.1,1
2026-09-08T07:05:00.000Z,2026-09-08T10:05:00,5.1,5.1,5.1,5.1,3599
2026-09-08T07:07:00.000Z,2026-09-08T10:07:00,5.05,5.05,4.9,5.01,396
2026-09-08T07:08:00.000Z,2026-09-08T10:08:00,5,5,5,5,167
2026-09-08T07:09:00.000Z,2026-09-08T10:09:00,4.99,5.01,4.99,5,1998
2026-09-08T07:10:00.000Z,2026-09-08T10:10:00,5,5,5,5,1374
2026-09-08T07:11:00.000Z,2026-09-08T10:11:00,4.9,4.99,4.9,4.99,64
2026-09-08T07:13:00.000Z,2026-09-08T10:13:00,4.9,4.9,4.9,4.9,23
2026-09-08T07:14:00.000Z,2026-09-08T10:14:00,4.9,4.94,4.9,4.9,894
2026-09-08T07:15:00.000Z,2026-09-08T10:15:00,4.9,4.9,4.88,4.88,48
2026-09-08T07:16:00.000Z,2026-09-08T10:16:00,4.94,4.94,4.94,4.94,1
2026-09-08T07:20:00.000Z,2026-09-08T10:20:00,4.88,4.88,4.86,4.86,1112
2026-09-08T07:23:00.000Z,2026-09-08T10:23:00,4.87,4.87,4.86,4.86,5275
2026-09-08T07:26:00.000Z,2026-09-08T10:26:00,4.87,4.87,4.87,4.87,105
2026-09-08T07:27:00.000Z,2026-09-08T10:27:00,4.87,4.87,4.87,4.87,185
2026-09-08T07:29:00.000Z,2026-09-08T10:29:00,4.93,4.93,4.93,4.93,100
2026-09-08T07:32:00.000Z,2026-09-08T10:32:00,4.87,4.87,4.87,4.87,705
2026-09-08T07:33:00.000Z,2026-09-08T10:33:00,4.87,4.87,4.87,4.87,458
2026-09-08T07:40:00.000Z,2026-09-08T10:40:00,4.87,4.87,4.87,4.87,2002
2026-09-08T07:45:00.000Z,2026-09-08T10:45:00,4.87,4.87,4.87,4.87,18
2026-09-08T07:46:00.000Z,2026-09-08T10:46:00,4.87,4.87,4.87,4.87,2050
2026-09-08T07:47:00.000Z,2026-09-08T10:47:00,4.87,4.87,4.87,4.87,100
2026-09-08T07:52:00.000Z,2026-09-08T10:52:00,4.91,4.92,4.91,4.92,549
2026-09-08T07:58:00.000Z,2026-09-08T10:58:00,4.92,4.92,4.92,4.92,778
2026-09-08T08:00:00.000Z,2026-09-08T11:00:00,4.92,4.92,4.88,4.88,12590
2026-09-08T08:03:00.000Z,2026-09-08T11:03:00,4.88,4.88,4.88,4.88,939
2026-09-08T08:04:00.000Z,2026-09-08T11:04:00,4.87,4.87,4.87,4.87,5041
2026-09-08T08:06:00.000Z,2026-09-08T11:06:00,4.87,4.87,4.86,4.86,22097
2026-09-08T08:08:00.000Z,2026-09-08T11:08:00,4.85,4.85,4.85,4.85,260
2026-09-08T08:12:00.000Z,2026-09-08T11:12:00,4.86,4.86,4.86,4.86,826
2026-09-08T08:14:00.000Z,2026-09-08T11:14:00,4.86,4.86,4.86,4.86,940
2026-09-08T08:15:00.000Z,2026-09-08T11:15:00,4.9,4.9,4.9,4.9,10
2026-09-08T08:16:00.000Z,2026-09-08T11:16:00,4.9,4.9,4.9,4.9,25304
2026-09-08T08:18:00.000Z,2026-09-08T11:18:00,4.9,4.9,4.9,4.9,585
2026-09-08T08:28:00.000Z,2026-09-08T11:28:00,4.9,4.9,4.9,4.9,1000
2026-09-08T08:33:00.000Z,2026-09-08T11:33:00,4.9,4.9,4.86,4.86,23274
2026-09-08T08:34:00.000Z,2026-09-08T11:34:00,4.9,4.9,4.9,4.9,3895
2026-09-08T08:36:00.000Z,2026-09-08T11:36:00,4.93,4.93,4.93,4.93,102
2026-09-08T08:40:00.000Z,2026-09-08T11:40:00,4.9,4.9,4.9,4.9,2
2026-09-08T08:41:00.000Z,2026-09-08T11:41:00,4.93,4.93,4.93,4.93,2751
2026-09-08T08:42:00.000Z,2026-09-08T11:42:00,4.9,4.9,4.9,4.9,2228
2026-09-08T08:48:00.000Z,2026-09-08T11:48:00,4.9,4.9,4.9,4.9,4
2026-09-08T08:49:00.000Z,2026-09-08T11:49:00,4.9,4.9,4.9,4.9,60
2026-09-08T08:50:00.000Z,2026-09-08T11:50:00,4.92,4.92,4.9,4.9,19811
2026-09-08T08:53:00.000Z,2026-09-08T11:53:00,4.87,4.87,4.86,4.86,28685
2026-09-08T08:59:00.000Z,2026-09-08T11:59:00,4.86,4.86,4.86,4.86,514
2026-09-08T09:09:00.000Z,2026-09-08T12:09:00,4.99,4.99,4.99,4.99,46
2026-09-08T09:10:00.000Z,2026-09-08T12:10:00,4.91,4.91,4.91,4.91,11
2026-09-08T09:11:00.000Z,2026-09-08T12:11:00,4.99,4.99,4.99,4.99,800
2026-09-08T09:13:00.000Z,2026-09-08T12:13:00,4.91,4.91,4.91,4.91,88
2026-09-08T09:17:00.000Z,2026-09-08T12:17:00,4.99,4.99,4.99,4.99,205
2026-09-08T09:23:00.000Z,2026-09-08T12:23:00,4.91,4.91,4.91,4.91,20
2026-09-08T09:33:00.000Z,2026-09-08T12:33:00,4.91,4.91,4.91,4.91,1
2026-09-08T09:37:00.000Z,2026-09-08T12:37:00,4.91,4.91,4.91,4.91,98
2026-09-08T09:42:00.000Z,2026-09-08T12:42:00,4.99,4.99,4.99,4.99,50
2026-09-08T09:46:00.000Z,2026-09-08T12:46:00,4.99,4.99,4.99,4.99,1
2026-09-08T09:47:00.000Z,2026-09-08T12:47:00,4.91,4.91,4.91,4.91,200
2026-09-08T09:48:00.000Z,2026-09-08T12:48:00,4.91,4.91,4.9,4.9,20000
2026-09-08T09:58:00.000Z,2026-09-08T12:58:00,4.9,4.9,4.9,4.9,2016
2026-09-08T09:59:00.000Z,2026-09-08T12:59:00,4.9,4.9,4.9,4.9,20
2026-09-08T10:04:00.000Z,2026-09-08T13:04:00,4.91,4.91,4.91,4.91,16523
2026-09-08T10:11:00.000Z,2026-09-08T13:11:00,4.91,4.91,4.91,4.91,229
2026-09-08T10:14:00.000Z,2026-09-08T13:14:00,4.99,4.99,4.99,4.99,2
2026-09-08T10:25:00.000Z,2026-09-08T13:25:00,4.93,4.93,4.93,4.93,5
2026-09-08T10:28:00.000Z,2026-09-08T13:28:00,4.93,4.93,4.93,4.93,8132
2026-09-08T10:29:00.000Z,2026-09-08T13:29:00,4.93,4.93,4.93,4.93,97
2026-09-08T10:31:00.000Z,2026-09-08T13:31:00,4.98,4.98,4.93,4.93,1496
2026-09-08T10:35:00.000Z,2026-09-08T13:35:00,4.97,4.97,4.97,4.97,50
2026-09-08T10:45:00.000Z,2026-09-08T13:45:00,4.93,4.93,4.91,4.91,195
2026-09-08T10:46:00.000Z,2026-09-08T13:46:00,4.97,4.97,4.97,4.97,200
2026-09-08T10:54:00.000Z,2026-09-08T13:54:00,4.9,4.9,4.9,4.9,10079
2026-09-08T10:55:00.000Z,2026-09-08T13:55:00,4.86,4.9,4.82,4.9,28976
2026-09-08T10:56:00.000Z,2026-09-08T13:56:00,4.9,4.9,4.9,4.9,21209
2026-09-08T11:03:00.000Z,2026-09-08T14:03:00,4.9,4.9,4.9,4.9,900
2026-09-08T11:07:00.000Z,2026-09-08T14:07:00,4.93,4.93,4.93,4.93,1
2026-09-08T11:08:00.000Z,2026-09-08T14:08:00,4.93,4.93,4.93,4.93,999
2026-09-08T11:12:00.000Z,2026-09-08T14:12:00,4.94,4.94,4.94,4.94,100
2026-09-09T07:00:00.000Z,2026-09-09T10:00:00,4.95,4.95,4.95,4.95,1000
2026-09-09T07:01:00.000Z,2026-09-09T10:01:00,4.83,4.98,4.82,4.98,1601
2026-09-09T07:02:00.000Z,2026-09-09T10:02:00,4.82,4.82,4.82,4.82,137
2026-09-09T07:04:00.000Z,2026-09-09T10:04:00,4.85,4.85,4.84,4.84,6390
2026-09-09T07:08:00.000Z,2026-09-09T10:08:00,4.85,4.85,4.85,4.85,252
2026-09-09T07:09:00.000Z,2026-09-09T10:09:00,4.96,4.96,4.96,4.96,26
2026-09-09T07:16:00.000Z,2026-09-09T10:16:00,4.85,4.85,4.82,4.82,3786
2026-09-09T07:18:00.000Z,2026-09-09T10:18:00,4.85,4.94,4.85,4.94,22
2026-09-09T07:20:00.000Z,2026-09-09T10:20:00,4.92,4.92,4.82,4.82,5086
2026-09-09T07:27:00.000Z,2026-09-09T10:27:00,4.85,4.85,4.85,4.85,14
2026-09-09T07:30:00.000Z,2026-09-09T10:30:00,4.85,4.85,4.85,4.85,60
2026-09-09T07:36:00.000Z,2026-09-09T10:36:00,4.85,4.85,4.85,4.85,4926
2026-09-09T07:37:00.000Z,2026-09-09T10:37:00,4.85,4.85,4.85,4.85,6265
2026-09-09T07:42:00.000Z,2026-09-09T10:42:00,4.85,4.85,4.85,4.85,133
2026-09-09T07:46:00.000Z,2026-09-09T10:46:00,4.85,4.85,4.85,4.85,500
2026-09-09T07:49:00.000Z,2026-09-09T10:49:00,4.85,4.85,4.85,4.85,120
2026-09-09T07:50:00.000Z,2026-09-09T10:50:00,4.85,4.85,4.85,4.85,297
2026-09-09T07:53:00.000Z,2026-09-09T10:53:00,4.85,4.85,4.85,4.85,40
2026-09-09T07:54:00.000Z,2026-09-09T10:54:00,4.85,4.85,4.85,4.85,4
2026-09-09T07:56:00.000Z,2026-09-09T10:56:00,4.85,4.85,4.71,4.71,47189
2026-09-09T08:00:00.000Z,2026-09-09T11:00:00,4.85,4.85,4.85,4.85,103
2026-09-09T08:04:00.000Z,2026-09-09T11:04:00,4.85,4.85,4.85,4.85,500
2026-09-09T08:05:00.000Z,2026-09-09T11:05:00,4.85,4.85,4.85,4.85,607
2026-09-09T08:08:00.000Z,2026-09-09T11:08:00,4.85,4.85,4.85,4.85,2000
2026-09-09T08:09:00.000Z,2026-09-09T11:09:00,4.85,4.85,4.85,4.85,295
2026-09-09T08:13:00.000Z,2026-09-09T11:13:00,4.92,4.92,4.92,4.92,1
2026-09-09T08:16:00.000Z,2026-09-09T11:16:00,4.85,4.85,4.85,4.85,5000
2026-09-09T08:29:00.000Z,2026-09-09T11:29:00,4.85,4.85,4.85,4.85,1
2026-09-09T08:30:00.000Z,2026-09-09T11:30:00,4.85,4.85,4.82,4.82,39355
2026-09-09T08:31:00.000Z,2026-09-09T11:31:00,4.82,4.82,4.82,4.82,101
2026-09-09T08:46:00.000Z,2026-09-09T11:46:00,4.82,4.82,4.82,4.82,4000
2026-09-09T08:47:00.000Z,2026-09-09T11:47:00,4.82,4.82,4.82,4.82,4488
2026-09-09T08:50:00.000Z,2026-09-09T11:50:00,4.81,4.81,4.81,4.81,5000
2026-09-09T08:51:00.000Z,2026-09-09T11:51:00,4.8,4.8,4.8,4.8,512
2026-09-09T08:56:00.000Z,2026-09-09T11:56:00,4.8,4.8,4.8,4.8,1057
2026-09-09T09:00:00.000Z,2026-09-09T12:00:00,4.8,4.8,4.8,4.8,103
2026-09-09T09:03:00.000Z,2026-09-09T12:03:00,4.8,4.8,4.8,4.8,8328
2026-09-09T09:07:00.000Z,2026-09-09T12:07:00,4.8,4.83,4.8,4.83,1607
2026-09-09T09:15:00.000Z,2026-09-09T12:15:00,4.85,4.85,4.85,4.85,189
2026-09-09T09:19:00.000Z,2026-09-09T12:19:00,4.85,4.85,4.85,4.85,3193
2026-09-09T09:21:00.000Z,2026-09-09T12:21:00,4.85,4.85,4.85,4.85,600
2026-09-09T09:23:00.000Z,2026-09-09T12:23:00,4.85,4.85,4.85,4.85,20000
2026-09-09T09:24:00.000Z,2026-09-09T12:24:00,4.85,4.85,4.85,4.85,206
2026-09-09T09:35:00.000Z,2026-09-09T12:35:00,4.85,4.85,4.85,4.85,1
2026-09-09T09:50:00.000Z,2026-09-09T12:50:00,4.85,4.85,4.85,4.85,1
2026-09-09T09:51:00.000Z,2026-09-09T12:51:00,4.85,4.85,4.8,4.8,403
2026-09-09T09:53:00.000Z,2026-09-09T12:53:00,4.8,4.8,4.8,4.8,4166
2026-09-09T10:02:00.000Z,2026-09-09T13:02:00,4.8,4.8,4.8,4.8,9
2026-09-09T10:07:00.000Z,2026-09-09T13:07:00,4.9,4.9,4.9,4.9,416
2026-09-09T10:09:00.000Z,2026-09-09T13:09:00,4.8,4.8,4.8,4.8,211
2026-09-09T10:10:00.000Z,2026-09-09T13:10:00,4.8,4.8,4.8,4.8,72
2026-09-09T10:13:00.000Z,2026-09-09T13:13:00,4.81,4.81,4.81,4.81,78
2026-09-09T10:20:00.000Z,2026-09-09T13:20:00,4.81,4.81,4.81,4.81,2
2026-09-09T10:22:00.000Z,2026-09-09T13:22:00,4.88,4.88,4.88,4.88,41
2026-09-09T10:34:00.000Z,2026-09-09T13:34:00,4.85,4.9,4.85,4.9,80000
2026-09-09T10:35:00.000Z,2026-09-09T13:35:00,4.9,4.9,4.9,4.9,20250
2026-09-09T10:37:00.000Z,2026-09-09T13:37:00,4.9,4.9,4.9,4.9,957
2026-09-09T10:43:00.000Z,2026-09-09T13:43:00,4.86,4.86,4.86,4.86,10
2026-09-09T10:55:00.000Z,2026-09-09T13:55:00,4.86,4.86,4.86,4.86,313
2026-09-09T10:57:00.000Z,2026-09-09T13:57:00,4.85,4.85,4.85,4.85,200
2026-09-09T11:08:00.000Z,2026-09-09T14:08:00,4.9,4.9,4.9,4.9,20000
2026-09-09T11:10:00.000Z,2026-09-09T14:10:00,4.91,4.91,4.91,4.91,28
2026-09-09T11:11:00.000Z,2026-09-09T14:11:00,4.86,4.86,4.86,4.86,50
2026-09-09T11:13:00.000Z,2026-09-09T14:13:00,4.9,4.9,4.9,4.9,1416
2026-09-09T11:14:00.000Z,2026-09-09T14:14:00,4.91,4.91,4.91,4.91,461
2026-09-10T07:00:00.000Z,2026-09-10T10:00:00,4.89,4.89,4.89,4.89,8
2026-09-10T07:01:00.000Z,2026-09-10T10:01:00,4.8,4.8,4.71,4.71,3371
2026-09-10T07:02:00.000Z,2026-09-10T10:02:00,4.71,4.71,4.71,4.71,3599
2026-09-10T07:03:00.000Z,2026-09-10T10:03:00,4.71,4.71,4.71,4.71,1778
2026-09-10T07:04:00.000Z,2026-09-10T10:04:00,4.72,4.9,4.72,4.9,2250
2026-09-10T07:05:00.000Z,2026-09-10T10:05:00,4.89,4.89,4.72,4.72,2082
2026-09-10T07:07:00.000Z,2026-09-10T10:07:00,4.73,4.73,4.73,4.73,211
2026-09-10T07:08:00.000Z,2026-09-10T10:08:00,4.73,4.73,4.73,4.73,375
2026-09-10T07:09:00.000Z,2026-09-10T10:09:00,4.74,4.74,4.74,4.74,4323
2026-09-10T07:10:00.000Z,2026-09-10T10:10:00,4.8,4.8,4.8,4.8,3000
2026-09-10T07:12:00.000Z,2026-09-10T10:12:00,4.75,4.75,4.75,4.75,1
2026-09-10T07:13:00.000Z,2026-09-10T10:13:00,4.75,4.75,4.75,4.75,1
2026-09-10T07:16:00.000Z,2026-09-10T10:16:00,4.75,4.75,4.75,4.75,76
2026-09-10T07:21:00.000Z,2026-09-10T10:21:00,4.75,4.75,4.7,4.7,67180
2026-09-10T07:22:00.000Z,2026-09-10T10:22:00,4.85,4.85,4.66,4.66,1804
2026-09-10T07:23:00.000Z,2026-09-10T10:23:00,4.85,4.85,4.66,4.67,689
2026-09-10T07:28:00.000Z,2026-09-10T10:28:00,4.74,4.74,4.74,4.74,4065
2026-09-10T07:29:00.000Z,2026-09-10T10:29:00,4.75,4.75,4.75,4.75,2000
2026-09-10T07:34:00.000Z,2026-09-10T10:34:00,4.8,4.8,4.8,4.8,100
2026-09-10T07:36:00.000Z,2026-09-10T10:36:00,4.73,4.73,4.73,4.73,191
2026-09-10T07:38:00.000Z,2026-09-10T10:38:00,4.8,4.8,4.8,4.8,1321
2026-09-10T07:39:00.000Z,2026-09-10T10:39:00,4.84,4.84,4.84,4.84,107
2026-09-10T07:40:00.000Z,2026-09-10T10:40:00,4.8,4.85,4.8,4.8,23650
2026-09-10T07:41:00.000Z,2026-09-10T10:41:00,4.85,4.85,4.85,4.85,7791
2026-09-10T07:42:00.000Z,2026-09-10T10:42:00,4.87,4.87,4.87,4.87,5746
2026-09-10T07:44:00.000Z,2026-09-10T10:44:00,4.89,4.92,4.89,4.92,6365
2026-09-10T07:45:00.000Z,2026-09-10T10:45:00,4.92,4.92,4.92,4.92,209
2026-09-10T07:46:00.000Z,2026-09-10T10:46:00,4.92,4.92,4.92,4.92,440
2026-09-10T07:49:00.000Z,2026-09-10T10:49:00,4.85,4.85,4.85,4.85,198
2026-09-10T07:51:00.000Z,2026-09-10T10:51:00,4.85,4.85,4.85,4.85,102
2026-09-10T07:57:00.000Z,2026-09-10T10:57:00,4.89,4.89,4.89,4.89,31
2026-09-10T08:00:00.000Z,2026-09-10T11:00:00,4.85,4.85,4.8,4.8,9183
2026-09-10T08:01:00.000Z,2026-09-10T11:01:00,4.8,4.8,4.8,4.8,1033
2026-09-10T08:04:00.000Z,2026-09-10T11:04:00,4.8,4.8,4.8,4.8,3
2026-09-10T08:13:00.000Z,2026-09-10T11:13:00,4.91,4.91,4.91,4.91,15
2026-09-10T08:16:00.000Z,2026-09-10T11:16:00,4.85,4.85,4.85,4.85,57
2026-09-10T08:22:00.000Z,2026-09-10T11:22:00,4.85,4.85,4.85,4.85,4943
2026-09-10T08:40:00.000Z,2026-09-10T11:40:00,4.8,4.8,4.8,4.8,143
2026-09-10T08:43:00.000Z,2026-09-10T11:43:00,4.8,4.8,4.8,4.8,1041
2026-09-10T08:44:00.000Z,2026-09-10T11:44:00,4.8,4.8,4.8,4.8,145
2026-09-10T08:49:00.000Z,2026-09-10T11:49:00,4.8,4.8,4.8,4.8,43
2026-09-10T08:51:00.000Z,2026-09-10T11:51:00,4.8,4.8,4.8,4.8,720
2026-09-10T08:53:00.000Z,2026-09-10T11:53:00,4.85,4.85,4.85,4.85,15
2026-09-10T08:59:00.000Z,2026-09-10T11:59:00,4.85,4.85,4.85,4.85,34375
2026-09-10T09:10:00.000Z,2026-09-10T12:10:00,4.85,4.85,4.85,4.85,625
2026-09-10T09:13:00.000Z,2026-09-10T12:13:00,4.85,4.85,4.85,4.85,3375
2026-09-10T09:21:00.000Z,2026-09-10T12:21:00,4.91,4.95,4.91,4.95,23731
2026-09-10T09:22:00.000Z,2026-09-10T12:22:00,4.95,4.95,4.95,4.95,1269
2026-09-10T09:23:00.000Z,2026-09-10T12:23:00,4.81,4.81,4.81,4.81,171
2026-09-10T09:34:00.000Z,2026-09-10T12:34:00,4.82,4.82,4.82,4.82,1073
2026-09-10T09:48:00.000Z,2026-09-10T12:48:00,4.82,4.82,4.82,4.82,1
2026-09-10T10:01:00.000Z,2026-09-10T13:01:00,4.82,4.82,4.82,4.82,1926
2026-09-10T10:02:00.000Z,2026-09-10T13:02:00,4.81,4.81,4.81,4.81,1
2026-09-10T10:03:00.000Z,2026-09-10T13:03:00,4.81,4.81,4.81,4.81,70
2026-09-10T10:07:00.000Z,2026-09-10T13:07:00,4.82,4.82,4.82,4.82,2841
2026-09-10T10:15:00.000Z,2026-09-10T13:15:00,4.82,4.82,4.82,4.82,9
2026-09-10T10:16:00.000Z,2026-09-10T13:16:00,4.82,4.82,4.82,4.82,30
2026-09-10T10:17:00.000Z,2026-09-10T13:17:00,4.81,4.81,4.81,4.81,200
2026-09-10T10:19:00.000Z,2026-09-10T13:19:00,4.82,4.82,4.82,4.82,8000
2026-09-10T10:20:00.000Z,2026-09-10T13:20:00,4.82,4.82,4.82,4.82,638
2026-09-10T10:26:00.000Z,2026-09-10T13:26:00,4.82,4.82,4.82,4.82,1
2026-09-10T10:29:00.000Z,2026-09-10T13:29:00,4.82,4.82,4.82,4.82,86
2026-09-10T10:41:00.000Z,2026-09-10T13:41:00,4.82,4.82,4.82,4.82,4000
2026-09-10T10:51:00.000Z,2026-09-10T13:51:00,4.86,4.86,4.86,4.86,771
2026-09-10T10:52:00.000Z,2026-09-10T13:52:00,4.86,4.86,4.86,4.86,3742
2026-09-10T10:53:00.000Z,2026-09-10T13:53:00,4.86,4.86,4.86,4.86,25
2026-09-10T11:05:00.000Z,2026-09-10T14:05:00,4.82,4.82,4.82,4.82,1
2026-09-10T11:11:00.000Z,2026-09-10T14:11:00,4.82,4.82,4.82,4.82,207
2026-09-13T07:00:00.000Z,2026-09-13T10:00:00,4.76,4.76,4.76,4.76,1810
2026-09-13T07:10:00.000Z,2026-09-13T10:10:00,4.77,4.77,4.77,4.77,97
2026-09-13T07:20:00.000Z,2026-09-13T10:20:00,4.78,4.78,4.78,4.78,1250
2026-09-13T07:24:00.000Z,2026-09-13T10:24:00,4.77,4.77,4.77,4.77,370
2026-09-13T07:34:00.000Z,2026-09-13T10:34:00,4.77,4.81,4.77,4.81,1550
2026-09-13T07:39:00.000Z,2026-09-13T10:39:00,4.8,4.82,4.8,4.82,3018
2026-09-13T07:47:00.000Z,2026-09-13T10:47:00,4.85,4.85,4.85,4.85,1111
2026-09-13T07:55:00.000Z,2026-09-13T10:55:00,4.85,4.85,4.85,4.85,1000
2026-09-13T07:57:00.000Z,2026-09-13T10:57:00,4.85,4.85,4.85,4.85,4871
2026-09-13T07:59:00.000Z,2026-09-13T10:59:00,4.8,4.8,4.8,4.8,710
2026-09-13T08:02:00.000Z,2026-09-13T11:02:00,4.84,4.85,4.84,4.85,13875
2026-09-13T08:09:00.000Z,2026-09-13T11:09:00,4.81,4.81,4.81,4.81,1032
2026-09-13T08:10:00.000Z,2026-09-13T11:10:00,4.85,4.85,4.85,4.85,4
2026-09-13T08:12:00.000Z,2026-09-13T11:12:00,4.85,4.85,4.81,4.85,33050
2026-09-13T08:17:00.000Z,2026-09-13T11:17:00,4.85,4.85,4.85,4.85,100
2026-09-13T08:26:00.000Z,2026-09-13T11:26:00,4.85,4.85,4.85,4.85,1808
2026-09-13T08:32:00.000Z,2026-09-13T11:32:00,4.85,4.85,4.81,4.81,618
2026-09-13T08:43:00.000Z,2026-09-13T11:43:00,4.9,4.97,4.9,4.97,10000
2026-09-13T08:44:00.000Z,2026-09-13T11:44:00,4.97,5,4.97,5,40000
2026-09-13T08:47:00.000Z,2026-09-13T11:47:00,5,5,5,5,519
2026-09-13T08:48:00.000Z,2026-09-13T11:48:00,4.85,4.85,4.85,4.85,2169
2026-09-13T08:51:00.000Z,2026-09-13T11:51:00,5,5,5,5,8000
2026-09-13T08:52:00.000Z,2026-09-13T11:52:00,4.9,4.9,4.9,4.9,1843
2026-09-13T08:54:00.000Z,2026-09-13T11:54:00,5,5,5,5,2025
2026-09-13T08:56:00.000Z,2026-09-13T11:56:00,4.9,4.9,4.9,4.9,1277
2026-09-13T08:57:00.000Z,2026-09-13T11:57:00,5,5,5,5,241
2026-09-13T08:58:00.000Z,2026-09-13T11:58:00,5,5,5,5,10400
2026-09-13T08:59:00.000Z,2026-09-13T11:59:00,5,5,5,5,5542
2026-09-13T09:01:00.000Z,2026-09-13T12:01:00,5,5,5,5,1143
2026-09-13T09:05:00.000Z,2026-09-13T12:05:00,5,5,5,5,430
2026-09-13T09:06:00.000Z,2026-09-13T12:06:00,4.9,4.9,4.9,4.9,1572
2026-09-13T09:07:00.000Z,2026-09-13T12:07:00,4.9,4.9,4.85,4.85,3929
2026-09-13T09:10:00.000Z,2026-09-13T12:10:00,4.86,4.86,4.86,4.86,6
2026-09-13T09:54:00.000Z,2026-09-13T12:54:00,5,5,5,5,205
2026-09-13T09:57:00.000Z,2026-09-13T12:57:00,4.87,4.87,4.87,4.87,2261
2026-09-13T09:59:00.000Z,2026-09-13T12:59:00,5,5,5,5,7258
2026-09-13T10:03:00.000Z,2026-09-13T13:03:00,5,5,5,5,2357
2026-09-13T10:04:00.000Z,2026-09-13T13:04:00,5,5,4.95,4.95,2000
2026-09-13T10:15:00.000Z,2026-09-13T13:15:00,4.95,4.95,4.95,4.95,30
2026-09-13T10:17:00.000Z,2026-09-13T13:17:00,4.95,4.95,4.95,4.95,3040
2026-09-13T10:25:00.000Z,2026-09-13T13:25:00,4.95,4.95,4.95,4.95,5315
2026-09-13T10:26:00.000Z,2026-09-13T13:26:00,4.95,5.02,4.95,5.02,688
2026-09-13T10:30:00.000Z,2026-09-13T13:30:00,4.91,4.91,4.91,4.91,200
2026-09-13T10:43:00.000Z,2026-09-13T13:43:00,4.91,4.91,4.91,4.91,1000
2026-09-13T10:56:00.000Z,2026-09-13T13:56:00,4.91,4.91,4.91,4.91,41
2026-09-13T10:59:00.000Z,2026-09-13T13:59:00,5,5,5,5,30000
2026-09-13T11:00:00.000Z,2026-09-13T14:00:00,5,5,5,5,13959
2026-09-13T11:01:00.000Z,2026-09-13T14:01:00,5,5,5,5,12000
2026-09-13T11:03:00.000Z,2026-09-13T14:03:00,5,5,5,5,8066
2026-09-13T11:04:00.000Z,2026-09-13T14:04:00,5,5,5,5,1000
2026-09-13T11:06:00.000Z,2026-09-13T14:06:00,5.02,5.05,5.02,5.05,26364
2026-09-13T11:07:00.000Z,2026-09-13T14:07:00,5.05,5.05,5.05,5.05,15000
2026-09-13T11:08:00.000Z,2026-09-13T14:08:00,5.05,5.07,5.05,5.05,2082
2026-09-13T11:09:00.000Z,2026-09-13T14:09:00,5.07,5.09,5,5,22944
2026-09-13T11:14:00.000Z,2026-09-13T14:14:00,5,5,5,5,17056
2026-09-13T11:29:00.000Z,2026-09-13T14:29:00,5,5,5,5,408
2026-09-14T07:00:00.000Z,2026-09-14T10:00:00,5.09,5.09,5.09,5.09,5875
2026-09-14T07:01:00.000Z,2026-09-14T10:01:00,5,5,5,5,2400
2026-09-14T07:05:00.000Z,2026-09-14T10:05:00,5,5,5,5,50
2026-09-14T07:06:00.000Z,2026-09-14T10:06:00,5,5,5,5,307
2026-09-14T07:07:00.000Z,2026-09-14T10:07:00,4.89,4.89,4.87,4.87,8909
2026-09-14T07:08:00.000Z,2026-09-14T10:08:00,4.87,4.87,4.87,4.87,6365
2026-09-14T07:17:00.000Z,2026-09-14T10:17:00,5,5.04,4.89,4.89,10080
2026-09-14T07:18:00.000Z,2026-09-14T10:18:00,5.03,5.04,5.03,5.04,14245
2026-09-14T07:19:00.000Z,2026-09-14T10:19:00,5.04,5.04,5.04,5.04,38
2026-09-14T07:25:00.000Z,2026-09-14T10:25:00,5.05,5.05,5.05,5.05,47
2026-09-14T07:30:00.000Z,2026-09-14T10:30:00,5.05,5.05,5.05,5.05,9189
2026-09-14T07:33:00.000Z,2026-09-14T10:33:00,5.05,5.07,5.05,5.07,288
2026-09-14T07:37:00.000Z,2026-09-14T10:37:00,5.07,5.07,5.07,5.07,2329
2026-09-14T07:42:00.000Z,2026-09-14T10:42:00,5.09,5.09,5.09,5.09,3489
2026-09-14T07:43:00.000Z,2026-09-14T10:43:00,5.1,5.23,5.1,5.23,104697
2026-09-14T07:44:00.000Z,2026-09-14T10:44:00,5.23,5.23,5.07,5.07,7000
2026-09-14T07:45:00.000Z,2026-09-14T10:45:00,5.08,5.3,5.08,5.3,35751
2026-09-14T07:55:00.000Z,2026-09-14T10:55:00,5.33,5.33,5.3,5.3,28923
2026-09-14T07:56:00.000Z,2026-09-14T10:56:00,5.3,5.33,5.3,5.31,46473
2026-09-14T07:57:00.000Z,2026-09-14T10:57:00,5.3,5.33,5.12,5.33,59427
2026-09-14T07:58:00.000Z,2026-09-14T10:58:00,5.12,5.4,5.12,5.4,84150
2026-09-14T07:59:00.000Z,2026-09-14T10:59:00,5.4,5.44,5.35,5.35,83389
2026-09-14T08:00:00.000Z,2026-09-14T11:00:00,5.2,5.2,5.2,5.2,8160
2026-09-14T08:01:00.000Z,2026-09-14T11:01:00,5.35,5.39,5.35,5.39,55707
2026-09-14T08:02:00.000Z,2026-09-14T11:02:00,5.35,5.44,5.35,5.44,64526
2026-09-14T08:03:00.000Z,2026-09-14T11:03:00,5.3,5.3,5.3,5.3,2844
2026-09-14T08:04:00.000Z,2026-09-14T11:04:00,5.44,5.5,5.44,5.5,337657
2026-09-14T08:05:00.000Z,2026-09-14T11:05:00,5.5,5.5,5.5,5.5,331633
2026-09-14T08:06:00.000Z,2026-09-14T11:06:00,5.5,5.5,5.5,5.5,107300
2026-09-14T08:07:00.000Z,2026-09-14T11:07:00,5.5,5.5,5.5,5.5,100509
2026-09-14T08:08:00.000Z,2026-09-14T11:08:00,5.5,5.5,5.23,5.5,100845
2026-09-14T08:09:00.000Z,2026-09-14T11:09:00,5.25,5.25,5.25,5.25,2785
2026-09-14T08:11:00.000Z,2026-09-14T11:11:00,5.3,5.5,5.3,5.5,2056
2026-09-14T08:12:00.000Z,2026-09-14T11:12:00,5.5,5.5,5.5,5.5,4964
2026-09-14T08:13:00.000Z,2026-09-14T11:13:00,5.5,5.5,5.5,5.5,244
2026-09-14T08:15:00.000Z,2026-09-14T11:15:00,5.5,5.5,5.5,5.5,5000
2026-09-14T08:16:00.000Z,2026-09-14T11:16:00,5.5,5.5,5.5,5.5,4000
2026-09-14T08:18:00.000Z,2026-09-14T11:18:00,5.5,5.5,5.5,5.5,1100
2026-09-14T08:19:00.000Z,2026-09-14T11:19:00,5.5,5.5,5.5,5.5,10000
2026-09-14T08:20:00.000Z,2026-09-14T11:20:00,5.5,5.5,5.5,5.5,10000
2026-09-14T08:22:00.000Z,2026-09-14T11:22:00,5.5,5.5,5.5,5.5,1
2026-09-14T08:23:00.000Z,2026-09-14T11:23:00,5.5,5.5,5.5,5.5,191
2026-09-14T08:24:00.000Z,2026-09-14T11:24:00,5.5,5.5,5.5,5.5,2533
2026-09-14T08:25:00.000Z,2026-09-14T11:25:00,5.5,5.5,5.5,5.5,1868
2026-09-14T08:27:00.000Z,2026-09-14T11:27:00,5.5,5.5,5.26,5.26,72503
2026-09-14T08:29:00.000Z,2026-09-14T11:29:00,5.26,5.27,5.26,5.26,4464
2026-09-14T08:30:00.000Z,2026-09-14T11:30:00,5.5,5.5,5.5,5.5,28872
2026-09-14T08:31:00.000Z,2026-09-14T11:31:00,5.5,5.5,5.5,5.5,327
2026-09-14T08:34:00.000Z,2026-09-14T11:34:00,5.5,5.5,5.5,5.5,135
2026-09-14T08:36:00.000Z,2026-09-14T11:36:00,5.5,5.5,5.31,5.31,2826
2026-09-14T08:37:00.000Z,2026-09-14T11:37:00,5.49,5.5,5.49,5.5,11481
2026-09-14T08:41:00.000Z,2026-09-14T11:41:00,5.5,5.5,5.3,5.3,22883
2026-09-14T08:44:00.000Z,2026-09-14T11:44:00,5.31,5.31,5.3,5.3,47074
2026-09-14T08:45:00.000Z,2026-09-14T11:45:00,5.3,5.3,5.3,5.3,2926
2026-09-14T08:46:00.000Z,2026-09-14T11:46:00,5.5,5.5,5.5,5.5,2507
2026-09-14T08:47:00.000Z,2026-09-14T11:47:00,5.5,5.5,5.5,5.5,31483
2026-09-14T08:48:00.000Z,2026-09-14T11:48:00,5.32,5.32,5.3,5.3,20000
2026-09-14T08:49:00.000Z,2026-09-14T11:49:00,5.5,5.5,5.3,5.5,11916
2026-09-14T08:50:00.000Z,2026-09-14T11:50:00,5.5,5.5,5.5,5.5,12031
2026-09-14T08:57:00.000Z,2026-09-14T11:57:00,5.5,5.5,5.5,5.5,321
2026-09-14T08:58:00.000Z,2026-09-14T11:58:00,5.5,5.5,5.5,5.5,1300
2026-09-14T09:03:00.000Z,2026-09-14T12:03:00,5.5,5.5,5.5,5.5,101000
2026-09-14T09:04:00.000Z,2026-09-14T12:04:00,5.5,5.5,5.34,5.34,50000
2026-09-14T09:05:00.000Z,2026-09-14T12:05:00,5.35,5.35,5.31,5.31,50000
2026-09-14T09:06:00.000Z,2026-09-14T12:06:00,5.32,5.32,5.3,5.3,50000
2026-09-14T09:07:00.000Z,2026-09-14T12:07:00,5.32,5.32,5.1,5.1,100000
2026-09-14T09:08:00.000Z,2026-09-14T12:08:00,5.1,5.35,5,5.35,300346
2026-09-14T09:09:00.000Z,2026-09-14T12:09:00,5.02,5.02,5,5,195171
2026-09-14T09:10:00.000Z,2026-09-14T12:10:00,5.5,5.5,5.5,5.5,100
2026-09-14T09:11:00.000Z,2026-09-14T12:11:00,5.5,5.5,5.5,5.5,9190
2026-09-14T09:12:00.000Z,2026-09-14T12:12:00,5.5,5.5,5.5,5.5,727
2026-09-14T09:13:00.000Z,2026-09-14T12:13:00,5.2,5.5,5.2,5.2,6619
2026-09-14T09:14:00.000Z,2026-09-14T12:14:00,5.5,5.5,5.5,5.5,2000
2026-09-14T09:15:00.000Z,2026-09-14T12:15:00,5.5,5.5,5.5,5.5,6
2026-09-14T09:16:00.000Z,2026-09-14T12:16:00,5.5,5.5,5.5,5.5,4
2026-09-14T09:18:00.000Z,2026-09-14T12:18:00,5.5,5.5,5.5,5.5,2
2026-09-14T09:21:00.000Z,2026-09-14T12:21:00,5.3,5.3,5.3,5.3,1000
2026-09-14T09:22:00.000Z,2026-09-14T12:22:00,5.5,5.5,5.5,5.5,398
2026-09-14T09:23:00.000Z,2026-09-14T12:23:00,5.26,5.26,5.26,5.26,1
2026-09-14T09:24:00.000Z,2026-09-14T12:24:00,5.5,5.5,5.5,5.5,124
2026-09-14T09:26:00.000Z,2026-09-14T12:26:00,5.5,5.5,5.26,5.5,5502
2026-09-14T09:33:00.000Z,2026-09-14T12:33:00,5.5,5.5,5.5,5.5,722
2026-09-14T09:34:00.000Z,2026-09-14T12:34:00,5.5,5.5,5.5,5.5,35
2026-09-14T09:35:00.000Z,2026-09-14T12:35:00,5.5,5.5,5.5,5.5,20
2026-09-14T09:37:00.000Z,2026-09-14T12:37:00,5.5,5.5,5.5,5.5,400
2026-09-14T09:40:00.000Z,2026-09-14T12:40:00,5.31,5.31,5.31,5.31,15
2026-09-14T09:42:00.000Z,2026-09-14T12:42:00,5.5,5.5,5.5,5.5,250
2026-09-14T09:43:00.000Z,2026-09-14T12:43:00,5.5,5.5,5.5,5.5,700
2026-09-14T09:45:00.000Z,2026-09-14T12:45:00,5.5,5.5,5.5,5.5,8
2026-09-14T09:47:00.000Z,2026-09-14T12:47:00,5.31,5.31,5.31,5.31,751
2026-09-14T09:48:00.000Z,2026-09-14T12:48:00,5.5,5.5,5.5,5.5,7
2026-09-14T09:51:00.000Z,2026-09-14T12:51:00,5.5,5.5,5.5,5.5,91
2026-09-14T09:52:00.000Z,2026-09-14T12:52:00,5.5,5.5,5.5,5.5,6379
2026-09-14T09:53:00.000Z,2026-09-14T12:53:00,5.5,5.5,5.5,5.5,19264
2026-09-14T09:54:00.000Z,2026-09-14T12:54:00,5.5,5.5,5.5,5.5,32
2026-09-14T09:55:00.000Z,2026-09-14T12:55:00,5.5,5.5,5.5,5.5,9947
2026-09-14T10:02:00.000Z,2026-09-14T13:02:00,5.5,5.5,5.5,5.5,406
2026-09-14T10:09:00.000Z,2026-09-14T13:09:00,5.35,5.5,5.35,5.5,2251
2026-09-14T10:10:00.000Z,2026-09-14T13:10:00,5.32,5.32,5.32,5.32,690
2026-09-14T10:12:00.000Z,2026-09-14T13:12:00,5.5,5.5,5.5,5.5,1
2026-09-14T10:13:00.000Z,2026-09-14T13:13:00,5.32,5.32,5.32,5.32,20
2026-09-14T10:14:00.000Z,2026-09-14T13:14:00,5.5,5.5,5.5,5.5,1
2026-09-14T10:15:00.000Z,2026-09-14T13:15:00,5.4,5.5,5.32,5.5,1391
2026-09-14T10:16:00.000Z,2026-09-14T13:16:00,5.5,5.5,5.5,5.5,301
2026-09-14T10:17:00.000Z,2026-09-14T13:17:00,5.5,5.5,5.5,5.5,3049
2026-09-14T10:36:00.000Z,2026-09-14T13:36:00,5.5,5.5,5.5,5.5,30000
2026-09-14T10:37:00.000Z,2026-09-14T13:37:00,5.5,5.5,5.5,5.5,177
2026-09-14T10:38:00.000Z,2026-09-14T13:38:00,5.5,5.5,5.5,5.5,123
2026-09-14T10:44:00.000Z,2026-09-14T13:44:00,5.5,5.5,5.5,5.5,777
2026-09-14T10:45:00.000Z,2026-09-14T13:45:00,5.5,5.5,5.5,5.5,12
2026-09-14T10:48:00.000Z,2026-09-14T13:48:00,5.5,5.5,5.5,5.5,99
2026-09-14T10:51:00.000Z,2026-09-14T13:51:00,5.5,5.5,5.41,5.41,33365
2026-09-14T10:52:00.000Z,2026-09-14T13:52:00,5.4,5.5,5.4,5.5,69503
2026-09-14T10:57:00.000Z,2026-09-14T13:57:00,5.5,5.5,5.5,5.5,24
2026-09-14T10:58:00.000Z,2026-09-14T13:58:00,5.5,5.5,5.5,5.5,2
2026-09-14T10:59:00.000Z,2026-09-14T13:59:00,5.5,5.5,5.5,5.5,1974
2026-09-14T11:00:00.000Z,2026-09-14T14:00:00,5.5,5.5,5.5,5.5,5927
2026-09-14T11:03:00.000Z,2026-09-14T14:03:00,5.5,5.5,5.5,5.5,6412
2026-09-14T11:08:00.000Z,2026-09-14T14:08:00,5.5,5.5,5.5,5.5,22
2026-09-14T11:09:00.000Z,2026-09-14T14:09:00,5.5,5.5,5.5,5.5,11704
2026-09-14T11:13:00.000Z,2026-09-14T14:13:00,5.5,5.5,5.5,5.5,1004
2026-09-14T11:14:00.000Z,2026-09-14T14:14:00,5.5,5.5,5.5,5.5,380
2026-09-14T11:25:00.000Z,2026-09-14T14:25:00,5.5,5.5,5.5,5.5,14
2026-09-15T07:00:00.000Z,2026-09-15T10:00:00,5.7,5.7,5.7,5.7,510
2026-09-15T07:01:00.000Z,2026-09-15T10:01:00,5.7,5.7,5.7,5.7,8163
2026-09-15T07:02:00.000Z,2026-09-15T10:02:00,5.7,5.7,5.5,5.7,3675
2026-09-15T07:03:00.000Z,2026-09-15T10:03:00,5.7,5.7,5.7,5.7,910
2026-09-15T07:04:00.000Z,2026-09-15T10:04:00,5.7,5.7,5.5,5.5,647
2026-09-15T07:05:00.000Z,2026-09-15T10:05:00,5.7,5.7,5.7,5.7,45
2026-09-15T07:06:00.000Z,2026-09-15T10:06:00,5.69,5.69,5.69,5.69,173
2026-09-15T07:07:00.000Z,2026-09-15T10:07:00,5.69,5.7,5.69,5.7,1843
2026-09-15T07:10:00.000Z,2026-09-15T10:10:00,5.51,5.51,5.51,5.51,350
2026-09-15T07:11:00.000Z,2026-09-15T10:11:00,5.7,5.7,5.7,5.7,633
2026-09-15T07:12:00.000Z,2026-09-15T10:12:00,5.5,5.5,5.5,5.5,1
2026-09-15T07:13:00.000Z,2026-09-15T10:13:00,5.5,5.5,5.5,5.5,10000
2026-09-15T07:14:00.000Z,2026-09-15T10:14:00,5.5,5.5,5.5,5.5,1692
2026-09-15T07:15:00.000Z,2026-09-15T10:15:00,5.4,5.4,5.25,5.25,2397
2026-09-15T07:16:00.000Z,2026-09-15T10:16:00,5.25,5.4,5.25,5.4,778
2026-09-15T07:17:00.000Z,2026-09-15T10:17:00,5.4,5.4,5.4,5.4,1
2026-09-15T07:18:00.000Z,2026-09-15T10:18:00,5.4,5.4,5.4,5.4,2610
2026-09-15T07:19:00.000Z,2026-09-15T10:19:00,5.4,5.4,5.22,5.22,21714
2026-09-15T07:20:00.000Z,2026-09-15T10:20:00,5.4,5.4,5.2,5.2,20100
2026-09-15T07:21:00.000Z,2026-09-15T10:21:00,5.35,5.35,5.2,5.21,15004
2026-09-15T07:22:00.000Z,2026-09-15T10:22:00,5.35,5.35,5.22,5.35,74
2026-09-15T07:23:00.000Z,2026-09-15T10:23:00,5.22,5.35,5.22,5.35,2019
2026-09-15T07:24:00.000Z,2026-09-15T10:24:00,5.23,5.4,5.23,5.4,1001
2026-09-15T07:25:00.000Z,2026-09-15T10:25:00,5.4,5.4,5.4,5.4,50
2026-09-15T07:26:00.000Z,2026-09-15T10:26:00,5.28,5.28,5.24,5.24,10000
2026-09-15T07:27:00.000Z,2026-09-15T10:27:00,5.24,5.24,5.21,5.21,10000
2026-09-15T07:28:00.000Z,2026-09-15T10:28:00,5.35,5.35,5.35,5.35,3
2026-09-15T07:30:00.000Z,2026-09-15T10:30:00,5.35,5.35,5.35,5.35,14997
2026-09-15T07:37:00.000Z,2026-09-15T10:37:00,5.4,5.4,5.4,5.4,6
2026-09-15T07:38:00.000Z,2026-09-15T10:38:00,5.35,5.35,5.23,5.23,6000
2026-09-15T07:40:00.000Z,2026-09-15T10:40:00,5.4,5.4,5.24,5.24,10
2026-09-15T07:41:00.000Z,2026-09-15T10:41:00,5.39,5.39,5.39,5.39,2
2026-09-15T07:43:00.000Z,2026-09-15T10:43:00,5.24,5.24,5.24,5.24,190
2026-09-15T07:44:00.000Z,2026-09-15T10:44:00,5.37,5.37,5.37,5.37,50
2026-09-15T07:47:00.000Z,2026-09-15T10:47:00,5.38,5.4,5.38,5.4,20018
2026-09-15T07:49:00.000Z,2026-09-15T10:49:00,5.4,5.4,5.4,5.4,700
2026-09-15T07:50:00.000Z,2026-09-15T10:50:00,5.4,5.4,5.4,5.4,1318
2026-09-15T07:56:00.000Z,2026-09-15T10:56:00,5.45,5.45,5.45,5.45,5
2026-09-15T08:04:00.000Z,2026-09-15T11:04:00,5.34,5.34,5.34,5.34,189
2026-09-15T08:05:00.000Z,2026-09-15T11:05:00,5.45,5.45,5.45,5.45,1
2026-09-15T08:07:00.000Z,2026-09-15T11:07:00,5.36,5.36,5.3,5.3,20000
2026-09-15T08:09:00.000Z,2026-09-15T11:09:00,5.44,5.45,5.44,5.45,1700
2026-09-15T08:10:00.000Z,2026-09-15T11:10:00,5.44,5.44,5.44,5.44,18
2026-09-15T08:27:00.000Z,2026-09-15T11:27:00,5.44,5.44,5.44,5.44,1067
2026-09-15T08:28:00.000Z,2026-09-15T11:28:00,5.44,5.44,5.44,5.44,721
2026-09-15T08:29:00.000Z,2026-09-15T11:29:00,5.36,5.36,5.35,5.35,12208
2026-09-15T08:31:00.000Z,2026-09-15T11:31:00,5.44,5.44,5.44,5.44,25
2026-09-15T08:38:00.000Z,2026-09-15T11:38:00,5.44,5.44,5.44,5.44,4
2026-09-15T08:40:00.000Z,2026-09-15T11:40:00,5.44,5.44,5.44,5.44,27558
2026-09-15T08:43:00.000Z,2026-09-15T11:43:00,5.36,5.36,5.36,5.36,197
2026-09-15T08:44:00.000Z,2026-09-15T11:44:00,5.44,5.44,5.44,5.44,1
2026-09-15T08:59:00.000Z,2026-09-15T11:59:00,5.44,5.44,5.44,5.44,2
2026-09-15T09:00:00.000Z,2026-09-15T12:00:00,5.44,5.5,5.44,5.5,52384
2026-09-15T09:01:00.000Z,2026-09-15T12:01:00,5.55,5.55,5.55,5.55,9601
2026-09-15T09:02:00.000Z,2026-09-15T12:02:00,5.55,5.55,5.55,5.55,2609
2026-09-15T09:03:00.000Z,2026-09-15T12:03:00,5.65,5.79,5.65,5.79,57787
2026-09-15T09:04:00.000Z,2026-09-15T12:04:00,5.79,5.79,5.41,5.41,5188
2026-09-15T09:06:00.000Z,2026-09-15T12:06:00,5.79,5.79,5.79,5.79,5003
2026-09-15T09:08:00.000Z,2026-09-15T12:08:00,5.79,5.81,5.79,5.81,520
2026-09-15T09:10:00.000Z,2026-09-15T12:10:00,5.81,5.81,5.81,5.81,341
2026-09-15T09:11:00.000Z,2026-09-15T12:11:00,5.81,5.81,5.81,5.81,660
2026-09-15T09:12:00.000Z,2026-09-15T12:12:00,5.76,5.81,5.76,5.81,500
2026-09-15T09:13:00.000Z,2026-09-15T12:13:00,5.81,5.81,5.81,5.81,860
2026-09-15T09:14:00.000Z,2026-09-15T12:14:00,5.59,5.59,5.59,5.59,89
2026-09-15T09:15:00.000Z,2026-09-15T12:15:00,5.8,5.8,5.8,5.8,25
2026-09-15T09:20:00.000Z,2026-09-15T12:20:00,5.8,5.8,5.8,5.8,520
2026-09-15T09:21:00.000Z,2026-09-15T12:21:00,5.8,5.8,5.8,5.8,39
2026-09-15T09:22:00.000Z,2026-09-15T12:22:00,5.8,5.95,5.8,5.95,17690
2026-09-15T09:32:00.000Z,2026-09-15T12:32:00,5.97,6,5.97,6,42310
2026-09-15T09:33:00.000Z,2026-09-15T12:33:00,6,6,5.59,5.59,1283
2026-09-15T09:34:00.000Z,2026-09-15T12:34:00,6,6,5.99,5.99,60
2026-09-15T09:35:00.000Z,2026-09-15T12:35:00,6,6.05,5.99,6.05,54367
2026-09-15T09:36:00.000Z,2026-09-15T12:36:00,6.05,6.05,6.04,6.04,8574
2026-09-15T09:37:00.000Z,2026-09-15T12:37:00,6.04,6.04,6.04,6.04,7
2026-09-15T09:38:00.000Z,2026-09-15T12:38:00,6.04,6.04,6.04,6.04,33
2026-09-15T09:42:00.000Z,2026-09-15T12:42:00,6.04,6.04,6.04,6.04,400
2026-09-15T09:45:00.000Z,2026-09-15T12:45:00,5.95,6.04,5.9,6.04,929
2026-09-15T09:46:00.000Z,2026-09-15T12:46:00,6.04,6.04,6.04,6.04,104
2026-09-15T09:47:00.000Z,2026-09-15T12:47:00,5.91,5.91,5.9,5.9,20000
2026-09-15T09:48:00.000Z,2026-09-15T12:48:00,5.88,6.03,5.88,6.03,1742
2026-09-15T09:49:00.000Z,2026-09-15T12:49:00,6.03,6.04,6.03,6.04,5258
2026-09-15T09:50:00.000Z,2026-09-15T12:50:00,6.04,6.05,5.88,6.05,17403
2026-09-15T09:51:00.000Z,2026-09-15T12:51:00,6.05,6.05,6.05,6.05,2566
2026-09-15T09:52:00.000Z,2026-09-15T12:52:00,6.05,6.05,6.05,6.05,677
2026-09-15T09:53:00.000Z,2026-09-15T12:53:00,6.05,6.05,5.91,6.05,7169
2026-09-15T09:54:00.000Z,2026-09-15T12:54:00,6.05,6.05,6.05,6.05,3206
2026-09-15T09:55:00.000Z,2026-09-15T12:55:00,6.05,6.05,6.05,6.05,12677
2026-09-15T09:57:00.000Z,2026-09-15T12:57:00,6.05,6.05,6.05,6.05,3
2026-09-15T09:59:00.000Z,2026-09-15T12:59:00,6.04,6.04,6.04,6.04,340
2026-09-15T10:00:00.000Z,2026-09-15T13:00:00,6.04,6.05,6.04,6.05,253
2026-09-15T10:01:00.000Z,2026-09-15T13:01:00,6.05,6.05,6.05,6.05,17
2026-09-15T10:02:00.000Z,2026-09-15T13:02:00,6.05,6.05,6.05,6.05,49
2026-09-15T10:03:00.000Z,2026-09-15T13:03:00,6.05,6.05,6.05,6.05,100
2026-09-15T10:05:00.000Z,2026-09-15T13:05:00,6.05,6.05,6.05,6.05,11552
2026-09-15T10:06:00.000Z,2026-09-15T13:06:00,6.05,6.05,5.89,6.05,1646
2026-09-15T10:07:00.000Z,2026-09-15T13:07:00,6.04,6.04,6.04,6.04,13
2026-09-15T10:08:00.000Z,2026-09-15T13:08:00,6.04,6.04,6.04,6.04,5562
2026-09-15T10:09:00.000Z,2026-09-15T13:09:00,6.05,6.05,6.05,6.05,22077
2026-09-15T10:15:00.000Z,2026-09-15T13:15:00,6.05,6.05,5.89,5.89,15087
2026-09-15T10:16:00.000Z,2026-09-15T13:16:00,6.05,6.05,6.05,6.05,165
2026-09-15T10:17:00.000Z,2026-09-15T13:17:00,5.89,6.05,5.89,6.05,16
2026-09-15T10:18:00.000Z,2026-09-15T13:18:00,6.05,6.05,5.89,5.89,4006
2026-09-15T10:19:00.000Z,2026-09-15T13:19:00,6.05,6.05,6.05,6.05,5883
2026-09-15T10:23:00.000Z,2026-09-15T13:23:00,6.05,6.05,5.89,6.05,5541
2026-09-15T10:24:00.000Z,2026-09-15T13:24:00,6.05,6.05,6.05,6.05,4888
2026-09-15T10:25:00.000Z,2026-09-15T13:25:00,6.05,6.05,6.05,6.05,868
2026-09-15T10:31:00.000Z,2026-09-15T13:31:00,5.89,6.05,5.88,6.05,2251
2026-09-15T10:32:00.000Z,2026-09-15T13:32:00,6.05,6.05,6.05,6.05,1000
2026-09-15T10:40:00.000Z,2026-09-15T13:40:00,6.05,6.05,6.05,6.05,33800
2026-09-15T10:42:00.000Z,2026-09-15T13:42:00,6.05,6.05,6.05,6.05,22
2026-09-15T10:46:00.000Z,2026-09-15T13:46:00,6,6,5.9,5.9,944
2026-09-15T10:47:00.000Z,2026-09-15T13:47:00,6.05,6.05,6.05,6.05,178
2026-09-15T10:48:00.000Z,2026-09-15T13:48:00,6.05,6.05,6.05,6.05,1170
2026-09-15T10:59:00.000Z,2026-09-15T13:59:00,6.05,6.05,6.05,6.05,2000
2026-09-15T11:03:00.000Z,2026-09-15T14:03:00,6.05,6.05,6.05,6.05,3000
2026-09-15T11:07:00.000Z,2026-09-15T14:07:00,6.05,6.05,6.05,6.05,334
2026-09-15T11:12:00.000Z,2026-09-15T14:12:00,5.9,5.9,5.9,5.9,289
2026-09-15T11:25:00.000Z,2026-09-15T14:25:00,6.05,6.05,6.05,6.05,2280
2026-09-16T07:00:00.000Z,2026-09-16T10:00:00,5.76,5.76,5.7,5.7,26895
2026-09-16T07:10:00.000Z,2026-09-16T10:10:00,5.61,5.61,5.45,5.5,74419
2026-09-16T07:11:00.000Z,2026-09-16T10:11:00,5.52,5.75,5.52,5.75,12355
2026-09-16T07:12:00.000Z,2026-09-16T10:12:00,5.55,5.55,5.46,5.47,65771
2026-09-16T07:13:00.000Z,2026-09-16T10:13:00,5.5,5.74,5.45,5.74,28037
2026-09-16T07:14:00.000Z,2026-09-16T10:14:00,5.74,5.74,5.51,5.73,10986
2026-09-16T07:15:00.000Z,2026-09-16T10:15:00,5.73,5.75,5.6,5.6,52552
2026-09-16T07:16:00.000Z,2026-09-16T10:16:00,5.8,5.8,5.6,5.7,23628
2026-09-16T07:17:00.000Z,2026-09-16T10:17:00,5.62,5.7,5.5,5.51,63451
2026-09-16T07:18:00.000Z,2026-09-16T10:18:00,5.55,5.7,5.47,5.47,50999
2026-09-16T07:19:00.000Z,2026-09-16T10:19:00,5.5,5.6,5.5,5.6,15031
2026-09-16T07:20:00.000Z,2026-09-16T10:20:00,5.52,5.52,5.45,5.45,60000
2026-09-16T07:21:00.000Z,2026-09-16T10:21:00,5.46,5.46,5.46,5.46,20000
2026-09-16T07:22:00.000Z,2026-09-16T10:22:00,5.46,5.46,5.46,5.46,7674
2026-09-16T07:23:00.000Z,2026-09-16T10:23:00,5.54,5.54,5.54,5.54,141
2026-09-16T07:24:00.000Z,2026-09-16T10:24:00,5.46,5.54,5.45,5.54,40126
2026-09-16T07:25:00.000Z,2026-09-16T10:25:00,5.46,5.46,5.45,5.45,74367
2026-09-16T07:26:00.000Z,2026-09-16T10:26:00,5.45,5.45,5.45,5.45,26360
2026-09-16T07:27:00.000Z,2026-09-16T10:27:00,5.45,5.45,5.45,5.45,3009
2026-09-16T07:28:00.000Z,2026-09-16T10:28:00,5.45,5.45,5.45,5.45,575
2026-09-16T07:29:00.000Z,2026-09-16T10:29:00,5.45,5.45,5.45,5.45,1904
2026-09-16T07:30:00.000Z,2026-09-16T10:30:00,5.45,5.45,5.45,5.45,3300
2026-09-16T07:31:00.000Z,2026-09-16T10:31:00,5.45,5.45,5.45,5.45,849
2026-09-16T07:32:00.000Z,2026-09-16T10:32:00,5.45,5.45,5.45,5.45,90000
2026-09-16T07:33:00.000Z,2026-09-16T10:33:00,5.45,5.45,5.45,5.45,2655
2026-09-16T07:34:00.000Z,2026-09-16T10:34:00,5.45,5.45,5.45,5.45,113
2026-09-16T07:35:00.000Z,2026-09-16T10:35:00,5.45,5.45,5.45,5.45,14000
2026-09-16T07:39:00.000Z,2026-09-16T10:39:00,5.45,5.45,5.45,5.45,6
2026-09-16T07:42:00.000Z,2026-09-16T10:42:00,5.45,5.45,5.45,5.45,100
2026-09-16T07:46:00.000Z,2026-09-16T10:46:00,5.45,5.45,5.45,5.45,242
2026-09-16T07:48:00.000Z,2026-09-16T10:48:00,5.45,5.45,5.45,5.45,1392
2026-09-16T07:55:00.000Z,2026-09-16T10:55:00,5.45,5.45,5.45,5.45,118176
2026-09-16T07:56:00.000Z,2026-09-16T10:56:00,5.45,5.45,5.45,5.45,1824
2026-09-16T07:58:00.000Z,2026-09-16T10:58:00,5.45,5.45,5.45,5.45,734
2026-09-16T07:59:00.000Z,2026-09-16T10:59:00,5.45,5.45,5.45,5.45,91
2026-09-16T08:01:00.000Z,2026-09-16T11:01:00,5.45,5.45,5.45,5.45,2309
2026-09-16T08:03:00.000Z,2026-09-16T11:03:00,5.45,5.45,5.45,5.45,3647
2026-09-16T08:04:00.000Z,2026-09-16T11:04:00,5.45,5.45,5.45,5.45,6437
2026-09-16T08:06:00.000Z,2026-09-16T11:06:00,5.45,5.45,5.45,5.45,1
2026-09-16T08:07:00.000Z,2026-09-16T11:07:00,5.45,5.45,5.45,5.45,772
2026-09-16T08:11:00.000Z,2026-09-16T11:11:00,5.45,5.45,5.45,5.45,44691
2026-09-16T08:18:00.000Z,2026-09-16T11:18:00,5.45,5.45,5.45,5.45,23
2026-09-16T08:20:00.000Z,2026-09-16T11:20:00,5.45,5.45,5.45,5.45,1834
2026-09-16T08:24:00.000Z,2026-09-16T11:24:00,5.45,5.45,5.45,5.45,500
2026-09-16T08:25:00.000Z,2026-09-16T11:25:00,5.45,5.45,5.45,5.45,69
2026-09-16T08:27:00.000Z,2026-09-16T11:27:00,5.45,5.45,5.45,5.45,942
2026-09-16T08:30:00.000Z,2026-09-16T11:30:00,5.45,5.45,5.45,5.45,15
2026-09-16T08:40:00.000Z,2026-09-16T11:40:00,5.45,5.45,5.45,5.45,4
2026-09-16T08:42:00.000Z,2026-09-16T11:42:00,5.45,5.45,5.45,5.45,71
2026-09-16T08:49:00.000Z,2026-09-16T11:49:00,5.45,5.45,5.45,5.45,2084
2026-09-16T08:50:00.000Z,2026-09-16T11:50:00,5.45,5.45,5.45,5.45,34
2026-09-16T08:52:00.000Z,2026-09-16T11:52:00,5.45,5.45,5.45,5.45,406
2026-09-16T08:54:00.000Z,2026-09-16T11:54:00,5.45,5.45,5.45,5.45,284
2026-09-16T08:56:00.000Z,2026-09-16T11:56:00,5.45,5.45,5.45,5.45,5
2026-09-16T09:04:00.000Z,2026-09-16T12:04:00,5.45,5.45,5.45,5.45,251
2026-09-16T09:06:00.000Z,2026-09-16T12:06:00,5.45,5.45,5.45,5.45,1000
2026-09-16T09:07:00.000Z,2026-09-16T12:07:00,5.45,5.45,5.45,5.45,2121
2026-09-16T09:09:00.000Z,2026-09-16T12:09:00,5.45,5.45,5.45,5.45,2000
2026-09-16T09:21:00.000Z,2026-09-16T12:21:00,5.45,5.45,5.45,5.45,1699
2026-09-16T09:30:00.000Z,2026-09-16T12:30:00,5.45,5.45,5.45,5.45,625
2026-09-16T09:32:00.000Z,2026-09-16T12:32:00,5.45,5.45,5.45,5.45,298
2026-09-16T09:38:00.000Z,2026-09-16T12:38:00,5.45,5.45,5.45,5.45,2000
2026-09-16T09:44:00.000Z,2026-09-16T12:44:00,5.45,5.45,5.45,5.45,24
2026-09-16T09:57:00.000Z,2026-09-16T12:57:00,5.45,5.45,5.45,5.45,4657
2026-09-16T09:58:00.000Z,2026-09-16T12:58:00,5.45,5.45,5.45,5.45,369
2026-09-16T10:00:00.000Z,2026-09-16T13:00:00,5.45,5.45,5.45,5.45,185
2026-09-16T10:04:00.000Z,2026-09-16T13:04:00,5.45,5.45,5.45,5.45,204
2026-09-16T10:06:00.000Z,2026-09-16T13:06:00,5.45,5.45,5.45,5.45,1100
2026-09-16T10:12:00.000Z,2026-09-16T13:12:00,5.45,5.45,5.45,5.45,5
2026-09-16T10:15:00.000Z,2026-09-16T13:15:00,5.45,5.45,5.45,5.45,9
2026-09-16T10:17:00.000Z,2026-09-16T13:17:00,5.45,5.45,5.45,5.45,1000
2026-09-16T10:22:00.000Z,2026-09-16T13:22:00,5.45,5.45,5.45,5.45,213
2026-09-16T10:29:00.000Z,2026-09-16T13:29:00,5.45,5.45,5.45,5.45,10000
2026-09-16T10:30:00.000Z,2026-09-16T13:30:00,5.45,5.45,5.45,5.45,917
2026-09-16T10:37:00.000Z,2026-09-16T13:37:00,5.45,5.45,5.45,5.45,917
2026-09-16T10:39:00.000Z,2026-09-16T13:39:00,5.45,5.45,5.45,5.45,5000
2026-09-16T10:50:00.000Z,2026-09-16T13:50:00,5.45,5.45,5.45,5.45,1000
2026-09-16T10:53:00.000Z,2026-09-16T13:53:00,5.45,5.45,5.45,5.45,518
2026-09-16T11:01:00.000Z,2026-09-16T14:01:00,5.45,5.45,5.45,5.45,1000
2026-09-16T11:05:00.000Z,2026-09-16T14:05:00,5.45,5.45,5.45,5.45,200
2026-09-16T11:07:00.000Z,2026-09-16T14:07:00,5.45,5.45,5.45,5.45,58
2026-09-16T11:12:00.000Z,2026-09-16T14:12:00,5.45,5.45,5.45,5.45,244
2026-09-17T07:00:00.000Z,2026-09-17T10:00:00,5.45,5.45,4.95,4.95,9787
2026-09-17T07:01:00.000Z,2026-09-17T10:01:00,4.95,4.95,4.93,4.93,1894
2026-09-17T07:02:00.000Z,2026-09-17T10:02:00,5,5,5,5,315
2026-09-17T07:03:00.000Z,2026-09-17T10:03:00,5.03,5.43,4.96,5.43,7356
2026-09-17T07:04:00.000Z,2026-09-17T10:04:00,5.04,5.06,5.04,5.06,79
2026-09-17T07:05:00.000Z,2026-09-17T10:05:00,5.07,5.07,5.07,5.07,10001
2026-09-17T07:06:00.000Z,2026-09-17T10:06:00,5.08,5.08,5.08,5.08,2000
2026-09-17T07:17:00.000Z,2026-09-17T10:17:00,5.05,5.05,4.93,4.93,25000
2026-09-17T07:18:00.000Z,2026-09-17T10:18:00,5.08,5.08,4.91,5.08,38258
2026-09-17T07:19:00.000Z,2026-09-17T10:19:00,4.91,5.08,4.91,4.92,5302
2026-09-17T07:20:00.000Z,2026-09-17T10:20:00,5.07,5.07,4.93,5.07,357
2026-09-17T07:21:00.000Z,2026-09-17T10:21:00,5.07,5.1,5.07,5.1,50000
2026-09-17T07:22:00.000Z,2026-09-17T10:22:00,5.1,5.1,5.01,5.01,670
2026-09-17T07:23:00.000Z,2026-09-17T10:23:00,5.1,5.2,5.1,5.2,3570
2026-09-17T07:24:00.000Z,2026-09-17T10:24:00,5.2,5.2,5.2,5.2,4028
2026-09-17T07:25:00.000Z,2026-09-17T10:25:00,5.2,5.2,5.2,5.2,2
2026-09-17T07:26:00.000Z,2026-09-17T10:26:00,5.15,5.2,5.15,5.2,10421
2026-09-17T07:29:00.000Z,2026-09-17T10:29:00,5.1,5.1,5.02,5.02,14107
2026-09-17T07:30:00.000Z,2026-09-17T10:30:00,5,5,4.96,5,112
2026-09-17T07:31:00.000Z,2026-09-17T10:31:00,5,5,4.96,5,2161
2026-09-17T07:32:00.000Z,2026-09-17T10:32:00,5,5,5,5,12841
2026-09-17T07:33:00.000Z,2026-09-17T10:33:00,5,5.2,5,5.2,6309
2026-09-17T07:34:00.000Z,2026-09-17T10:34:00,5.2,5.2,5.2,5.2,5935
2026-09-17T07:35:00.000Z,2026-09-17T10:35:00,5,5,5,5,3
2026-09-17T07:36:00.000Z,2026-09-17T10:36:00,5.07,5.19,5.07,5.19,1215
2026-09-17T07:40:00.000Z,2026-09-17T10:40:00,5,5,4.97,4.97,21436
2026-09-17T07:41:00.000Z,2026-09-17T10:41:00,5,5,5,5,78668
2026-09-17T07:42:00.000Z,2026-09-17T10:42:00,5,5,5,5,24132
2026-09-17T07:43:00.000Z,2026-09-17T10:43:00,5,5.18,5,5.18,75869
2026-09-17T07:44:00.000Z,2026-09-17T10:44:00,5,5,5,5,20000
2026-09-17T07:45:00.000Z,2026-09-17T10:45:00,5,5,5,5,15307
2026-09-17T07:46:00.000Z,2026-09-17T10:46:00,5,5,5,5,14000
2026-09-17T07:47:00.000Z,2026-09-17T10:47:00,5,5,5,5,211
2026-09-17T07:48:00.000Z,2026-09-17T10:48:00,4.99,5,4.99,5,3370
2026-09-17T07:49:00.000Z,2026-09-17T10:49:00,4.99,5,4.91,5,68065
2026-09-17T07:50:00.000Z,2026-09-17T10:50:00,4.99,4.99,4.91,4.99,38355
2026-09-17T07:51:00.000Z,2026-09-17T10:51:00,4.99,4.99,4.99,4.99,620
2026-09-17T07:52:00.000Z,2026-09-17T10:52:00,4.92,4.98,4.91,4.98,292
2026-09-17T07:53:00.000Z,2026-09-17T10:53:00,4.92,4.92,4.92,4.92,1031
2026-09-17T07:54:00.000Z,2026-09-17T10:54:00,4.98,4.98,4.98,4.98,36
2026-09-17T07:55:00.000Z,2026-09-17T10:55:00,4.97,4.98,4.97,4.98,460
2026-09-17T07:56:00.000Z,2026-09-17T10:56:00,4.98,4.99,4.92,4.99,3062
2026-09-17T07:57:00.000Z,2026-09-17T10:57:00,4.99,4.99,4.99,4.99,40
2026-09-17T07:59:00.000Z,2026-09-17T10:59:00,4.99,4.99,4.99,4.99,200
2026-09-17T08:03:00.000Z,2026-09-17T11:03:00,4.99,4.99,4.92,4.99,25728
2026-09-17T08:05:00.000Z,2026-09-17T11:05:00,4.93,4.93,4.93,4.93,1
2026-09-17T08:07:00.000Z,2026-09-17T11:07:00,4.94,4.94,4.91,4.91,62282
2026-09-17T08:08:00.000Z,2026-09-17T11:08:00,4.99,4.99,4.91,4.91,5853
2026-09-17T08:09:00.000Z,2026-09-17T11:09:00,4.91,4.91,4.91,4.91,2206
2026-09-17T08:10:00.000Z,2026-09-17T11:10:00,4.99,4.99,4.99,4.99,1
2026-09-17T08:11:00.000Z,2026-09-17T11:11:00,4.92,4.92,4.91,4.91,1500
2026-09-17T08:12:00.000Z,2026-09-17T11:12:00,4.99,4.99,4.91,4.99,374
2026-09-17T08:13:00.000Z,2026-09-17T11:13:00,4.92,4.92,4.91,4.91,877
2026-09-17T08:14:00.000Z,2026-09-17T11:14:00,4.99,4.99,4.99,4.99,4510
2026-09-17T08:15:00.000Z,2026-09-17T11:15:00,4.99,4.99,4.99,4.99,10
2026-09-17T08:17:00.000Z,2026-09-17T11:17:00,4.93,4.93,4.93,4.93,5
2026-09-17T08:18:00.000Z,2026-09-17T11:18:00,4.93,4.99,4.93,4.99,2006
2026-09-17T08:20:00.000Z,2026-09-17T11:20:00,4.98,4.98,4.98,4.98,1
2026-09-17T08:25:00.000Z,2026-09-17T11:25:00,4.98,5,4.93,4.93,2973
2026-09-17T08:26:00.000Z,2026-09-17T11:26:00,5,5,5,5,178
2026-09-17T08:27:00.000Z,2026-09-17T11:27:00,5,5,5,5,7
2026-09-17T08:30:00.000Z,2026-09-17T11:30:00,5,5.18,5,5.18,30994
2026-09-17T08:31:00.000Z,2026-09-17T11:31:00,5,5,5,5,84207
2026-09-17T08:32:00.000Z,2026-09-17T11:32:00,5,5,5,5,525
2026-09-17T08:34:00.000Z,2026-09-17T11:34:00,4.95,5,4.94,5,1053
2026-09-17T08:36:00.000Z,2026-09-17T11:36:00,4.94,4.94,4.94,4.94,2
2026-09-17T08:37:00.000Z,2026-09-17T11:37:00,5,5,5,5,2
2026-09-17T08:38:00.000Z,2026-09-17T11:38:00,4.94,4.94,4.94,4.94,24
2026-09-17T08:39:00.000Z,2026-09-17T11:39:00,5,5,5,5,24
2026-09-17T08:40:00.000Z,2026-09-17T11:40:00,5,5,5,5,6
2026-09-17T08:41:00.000Z,2026-09-17T11:41:00,5,5,5,5,65
2026-09-17T08:45:00.000Z,2026-09-17T11:45:00,5,5,5,5,940
2026-09-17T08:48:00.000Z,2026-09-17T11:48:00,5,5,4.91,4.91,20460
2026-09-17T08:49:00.000Z,2026-09-17T11:49:00,5,5,5,5,77
2026-09-17T08:53:00.000Z,2026-09-17T11:53:00,4.99,4.99,4.99,4.99,5
2026-09-17T08:54:00.000Z,2026-09-17T11:54:00,5,5,5,5,5
2026-09-17T08:59:00.000Z,2026-09-17T11:59:00,4.92,4.92,4.92,4.92,2
2026-09-17T09:00:00.000Z,2026-09-17T12:00:00,5,5,5,5,899
2026-09-17T09:13:00.000Z,2026-09-17T12:13:00,5,5,5,5,6
2026-09-17T09:14:00.000Z,2026-09-17T12:14:00,5,5,5,5,1362
2026-09-17T09:15:00.000Z,2026-09-17T12:15:00,5,5,5,5,591
2026-09-17T09:19:00.000Z,2026-09-17T12:19:00,4.95,4.95,4.93,4.93,703
2026-09-17T09:20:00.000Z,2026-09-17T12:20:00,5,5,5,5,205
2026-09-17T09:23:00.000Z,2026-09-17T12:23:00,4.93,4.93,4.92,4.92,14413
2026-09-17T09:24:00.000Z,2026-09-17T12:24:00,5,5,5,5,20
2026-09-17T09:27:00.000Z,2026-09-17T12:27:00,4.93,4.93,4.93,4.93,20
2026-09-17T09:29:00.000Z,2026-09-17T12:29:00,5,5,5,5,29
2026-09-17T09:30:00.000Z,2026-09-17T12:30:00,5,5,5,5,1008
2026-09-17T09:32:00.000Z,2026-09-17T12:32:00,4.93,4.93,4.91,4.91,36789
2026-09-17T09:33:00.000Z,2026-09-17T12:33:00,5,5,5,5,200
2026-09-17T09:34:00.000Z,2026-09-17T12:34:00,4.92,5,4.92,5,236
2026-09-17T09:44:00.000Z,2026-09-17T12:44:00,5,5,5,5,60
2026-09-17T09:45:00.000Z,2026-09-17T12:45:00,5,5,5,5,2500
2026-09-17T09:48:00.000Z,2026-09-17T12:48:00,5,5,5,5,1015
2026-09-17T09:53:00.000Z,2026-09-17T12:53:00,5,5,5,5,894
2026-09-17T09:55:00.000Z,2026-09-17T12:55:00,5,5,5,5,800
2026-09-17T09:58:00.000Z,2026-09-17T12:58:00,5,5,5,5,4225
2026-09-17T09:59:00.000Z,2026-09-17T12:59:00,5.09,5.09,5.09,5.09,20
2026-09-17T10:00:00.000Z,2026-09-17T13:00:00,5.09,5.1,5.09,5.1,5893
2026-09-17T10:01:00.000Z,2026-09-17T13:01:00,5,5.1,5,5.1,154
2026-09-17T10:02:00.000Z,2026-09-17T13:02:00,5.1,5.1,5.1,5.1,193
2026-09-17T10:05:00.000Z,2026-09-17T13:05:00,5.1,5.1,5.1,5.1,2156
2026-09-17T10:07:00.000Z,2026-09-17T13:07:00,5.1,5.1,5.1,5.1,4961
2026-09-17T10:11:00.000Z,2026-09-17T13:11:00,5,5,4.94,4.94,2000
2026-09-17T10:12:00.000Z,2026-09-17T13:12:00,5.1,5.1,5.1,5.1,17
2026-09-17T10:14:00.000Z,2026-09-17T13:14:00,5.1,5.1,5.1,5.1,219
2026-09-17T10:17:00.000Z,2026-09-17T13:17:00,5.1,5.1,5.1,5.1,5
2026-09-17T10:22:00.000Z,2026-09-17T13:22:00,5,5,4.99,4.99,407
2026-09-17T10:26:00.000Z,2026-09-17T13:26:00,5,5.1,5,5.1,155
2026-09-17T10:27:00.000Z,2026-09-17T13:27:00,5.1,5.1,5.1,5.1,45
2026-09-17T10:31:00.000Z,2026-09-17T13:31:00,5.01,5.01,5.01,5.01,2807
2026-09-17T10:38:00.000Z,2026-09-17T13:38:00,5.1,5.1,5.1,5.1,1
2026-09-17T10:39:00.000Z,2026-09-17T13:39:00,5.01,5.01,5.01,5.01,20
2026-09-17T10:40:00.000Z,2026-09-17T13:40:00,5.1,5.1,5.1,5.1,1
2026-09-17T10:44:00.000Z,2026-09-17T13:44:00,5.01,5.01,5,5,16075
2026-09-17T10:46:00.000Z,2026-09-17T13:46:00,5.1,5.1,5.1,5.1,10
2026-09-17T10:48:00.000Z,2026-09-17T13:48:00,5.1,5.1,5,5,1103
2026-09-17T10:49:00.000Z,2026-09-17T13:49:00,5.1,5.1,5.1,5.1,2
2026-09-17T10:52:00.000Z,2026-09-17T13:52:00,5.1,5.1,5,5,1013
2026-09-17T10:54:00.000Z,2026-09-17T13:54:00,5.1,5.1,5.1,5.1,1
2026-09-17T10:55:00.000Z,2026-09-17T13:55:00,5.1,5.1,5.1,5.1,333
2026-09-17T10:58:00.000Z,2026-09-17T13:58:00,5,5,4.91,4.91,139650
2026-09-17T10:59:00.000Z,2026-09-17T13:59:00,4.91,4.91,4.91,4.91,37711
2026-09-17T11:00:00.000Z,2026-09-17T14:00:00,4.92,5.09,4.92,5.09,10001
2026-09-17T11:02:00.000Z,2026-09-17T14:02:00,5.09,5.09,5.09,5.09,980
2026-09-17T11:03:00.000Z,2026-09-17T14:03:00,5.09,5.09,5.09,5.09,982
2026-09-17T11:07:00.000Z,2026-09-17T14:07:00,5,5,5,5,151737
2026-09-17T11:08:00.000Z,2026-09-17T14:08:00,5.08,5.09,5,5,252000
2026-09-17T11:09:00.000Z,2026-09-17T14:09:00,5,5,5,5,4
2026-09-17T11:11:00.000Z,2026-09-17T14:11:00,5.09,5.09,5.09,5.09,5500
2026-09-17T11:14:00.000Z,2026-09-17T14:14:00,5.09,5.09,5,5,303979
2026-09-17T11:28:00.000Z,2026-09-17T14:28:00,5,5,5,5,23553
2026-09-17T11:29:00.000Z,2026-09-17T14:29:00,5,5,5,5,4447
2026-09-20T07:00:00.000Z,2026-09-20T10:00:00,5,5,5,5,4842
2026-09-20T07:01:00.000Z,2026-09-20T10:01:00,5,5,5,5,518
2026-09-20T07:02:00.000Z,2026-09-20T10:02:00,5.1,5.1,5,5,501
2026-09-20T07:03:00.000Z,2026-09-20T10:03:00,5,5,5,5,245
2026-09-20T07:06:00.000Z,2026-09-20T10:06:00,5,5,5,5,2593
2026-09-20T07:07:00.000Z,2026-09-20T10:07:00,5,5,5,5,3630
2026-09-20T07:08:00.000Z,2026-09-20T10:08:00,5,5,5,5,10146
2026-09-20T07:09:00.000Z,2026-09-20T10:09:00,5,5,5,5,10000
2026-09-20T07:12:00.000Z,2026-09-20T10:12:00,5.01,5.01,5.01,5.01,2520
2026-09-20T07:19:00.000Z,2026-09-20T10:19:00,5.08,5.08,5.08,5.08,3
2026-09-20T07:22:00.000Z,2026-09-20T10:22:00,5.08,5.08,5.08,5.08,51
2026-09-20T07:23:00.000Z,2026-09-20T10:23:00,5.01,5.01,5.01,5.01,1076
2026-09-20T07:24:00.000Z,2026-09-20T10:24:00,5.01,5.01,5,5,1885
2026-09-20T07:32:00.000Z,2026-09-20T10:32:00,5,5,5,5,772
2026-09-20T07:35:00.000Z,2026-09-20T10:35:00,5,5,5,5,341
2026-09-20T07:36:00.000Z,2026-09-20T10:36:00,5,5,5,5,2408
2026-09-20T07:38:00.000Z,2026-09-20T10:38:00,5,5.08,5,5.08,13004
2026-09-20T07:39:00.000Z,2026-09-20T10:39:00,5,5,5,5,97
2026-09-20T07:41:00.000Z,2026-09-20T10:41:00,5.01,5.01,5,5,14493
2026-09-20T07:44:00.000Z,2026-09-20T10:44:00,5,5,4.98,4.98,1878
2026-09-20T07:48:00.000Z,2026-09-20T10:48:00,5.07,5.07,5.07,5.07,180
2026-09-20T07:51:00.000Z,2026-09-20T10:51:00,5,5,5,5,70
2026-09-20T07:53:00.000Z,2026-09-20T10:53:00,5,5,5,5,1
2026-09-20T07:54:00.000Z,2026-09-20T10:54:00,5,5,5,5,4942
2026-09-20T07:56:00.000Z,2026-09-20T10:56:00,5,5,5,5,4987
2026-09-20T08:03:00.000Z,2026-09-20T11:03:00,5,5,4.98,4.98,13679
2026-09-20T08:08:00.000Z,2026-09-20T11:08:00,4.98,4.98,4.98,4.98,7728
2026-09-20T08:09:00.000Z,2026-09-20T11:09:00,4.99,5,4.99,5,129462
2026-09-20T08:13:00.000Z,2026-09-20T11:13:00,5,5,5,5,20538
2026-09-20T08:14:00.000Z,2026-09-20T11:14:00,5,5,5,5,179910
2026-09-20T08:25:00.000Z,2026-09-20T11:25:00,5,5,5,5,20090
2026-09-20T08:29:00.000Z,2026-09-20T11:29:00,5,5,5,5,100000
2026-09-20T08:31:00.000Z,2026-09-20T11:31:00,5,5,5,5,7692
2026-09-20T08:32:00.000Z,2026-09-20T11:32:00,5,5,5,5,497
2026-09-20T08:33:00.000Z,2026-09-20T11:33:00,5,5,5,5,1000
2026-09-20T08:34:00.000Z,2026-09-20T11:34:00,5,5,5,5,500
2026-09-20T08:35:00.000Z,2026-09-20T11:35:00,5.06,5.06,5.06,5.06,86
2026-09-20T08:36:00.000Z,2026-09-20T11:36:00,5.06,5.06,5.06,5.06,84
2026-09-20T08:39:00.000Z,2026-09-20T11:39:00,5,5,5,5,809
2026-09-20T08:40:00.000Z,2026-09-20T11:40:00,5,5,5,5,4000
2026-09-20T08:42:00.000Z,2026-09-20T11:42:00,5,5,5,5,99
2026-09-20T08:49:00.000Z,2026-09-20T11:49:00,4.98,4.98,4.98,4.98,1
2026-09-20T08:53:00.000Z,2026-09-20T11:53:00,5,5,5,5,6
2026-09-20T08:54:00.000Z,2026-09-20T11:54:00,4.98,4.98,4.98,4.98,11
2026-09-20T09:05:00.000Z,2026-09-20T12:05:00,4.98,5,4.98,5,386
2026-09-20T09:06:00.000Z,2026-09-20T12:06:00,5,5,5,5,50
2026-09-20T09:08:00.000Z,2026-09-20T12:08:00,4.98,4.98,4.98,4.98,23
2026-09-20T09:09:00.000Z,2026-09-20T12:09:00,4.98,4.98,4.98,4.98,100
2026-09-20T09:10:00.000Z,2026-09-20T12:10:00,4.98,4.98,4.98,4.98,29
2026-09-20T09:16:00.000Z,2026-09-20T12:16:00,4.98,4.98,4.98,4.98,1000
2026-09-20T09:38:00.000Z,2026-09-20T12:38:00,5,5,5,5,1914
2026-09-20T09:39:00.000Z,2026-09-20T12:39:00,5,5,5,5,1000
2026-09-20T09:43:00.000Z,2026-09-20T12:43:00,5,5,5,5,300
2026-09-20T09:51:00.000Z,2026-09-20T12:51:00,5,5,5,5,1
2026-09-20T09:59:00.000Z,2026-09-20T12:59:00,5,5,5,5,1750
2026-09-20T10:06:00.000Z,2026-09-20T13:06:00,5.04,5.04,5.04,5.04,360
2026-09-20T10:12:00.000Z,2026-09-20T13:12:00,5.04,5.04,5.04,5.04,640
2026-09-20T10:24:00.000Z,2026-09-20T13:24:00,5.04,5.04,5.04,5.04,1
2026-09-20T10:28:00.000Z,2026-09-20T13:28:00,5.04,5.04,5.01,5.01,10621
2026-09-20T10:30:00.000Z,2026-09-20T13:30:00,5.01,5.01,5.01,5.01,6
2026-09-20T10:32:00.000Z,2026-09-20T13:32:00,5.01,5.01,5.01,5.01,150
2026-09-20T10:33:00.000Z,2026-09-20T13:33:00,5.01,5.01,5.01,5.01,5
2026-09-20T10:34:00.000Z,2026-09-20T13:34:00,5,5,5,5,999
2026-09-20T10:39:00.000Z,2026-09-20T13:39:00,5,5,5,5,20
2026-09-20T10:40:00.000Z,2026-09-20T13:40:00,5,5,5,5,400
2026-09-20T10:44:00.000Z,2026-09-20T13:44:00,5.01,5.01,5.01,5.01,2
2026-09-20T10:48:00.000Z,2026-09-20T13:48:00,5.01,5.01,5.01,5.01,511
2026-09-20T10:49:00.000Z,2026-09-20T13:49:00,5.01,5.01,5.01,5.01,826
2026-09-20T10:55:00.000Z,2026-09-20T13:55:00,5.01,5.01,5.01,5.01,20
2026-09-20T10:56:00.000Z,2026-09-20T13:56:00,5,5,5,5,275
2026-09-20T11:00:00.000Z,2026-09-20T14:00:00,5.01,5.01,5.01,5.01,200
2026-09-20T11:04:00.000Z,2026-09-20T14:04:00,5.01,5.01,5.01,5.01,200
2026-09-20T11:05:00.000Z,2026-09-20T14:05:00,5,5,5,5,3091
2026-09-20T11:08:00.000Z,2026-09-20T14:08:00,5,5,5,5,20000
2026-09-20T11:09:00.000Z,2026-09-20T14:09:00,5,5,5,5,13909
2026-09-21T07:00:00.000Z,2026-09-21T10:00:00,5.01,5.01,5.01,5.01,12296
2026-09-21T07:02:00.000Z,2026-09-21T10:02:00,5.01,5.01,4.73,4.73,5729
2026-09-21T07:06:00.000Z,2026-09-21T10:06:00,4.99,4.99,4.75,4.75,5885
2026-09-21T07:07:00.000Z,2026-09-21T10:07:00,4.75,4.75,4.75,4.75,1571
2026-09-21T07:08:00.000Z,2026-09-21T10:08:00,4.99,4.99,4.99,4.99,200
2026-09-21T07:11:00.000Z,2026-09-21T10:11:00,4.99,5,4.99,5,11650
2026-09-21T07:12:00.000Z,2026-09-21T10:12:00,5,5,4.92,4.92,2000
2026-09-21T07:13:00.000Z,2026-09-21T10:13:00,4.92,4.92,4.75,4.75,2000
2026-09-21T07:14:00.000Z,2026-09-21T10:14:00,4.76,4.76,4.76,4.76,792
2026-09-21T07:15:00.000Z,2026-09-21T10:15:00,4.97,4.97,4.97,4.97,200
2026-09-21T07:20:00.000Z,2026-09-21T10:20:00,4.92,4.96,4.8,4.8,38314
2026-09-21T07:21:00.000Z,2026-09-21T10:21:00,4.96,4.96,4.96,4.96,234
2026-09-21T07:24:00.000Z,2026-09-21T10:24:00,4.96,4.96,4.96,4.96,8665
2026-09-21T07:26:00.000Z,2026-09-21T10:26:00,4.86,4.86,4.86,4.86,73
2026-09-21T07:30:00.000Z,2026-09-21T10:30:00,4.95,4.95,4.91,4.91,4502
2026-09-21T07:32:00.000Z,2026-09-21T10:32:00,4.95,4.95,4.95,4.95,101
2026-09-21T07:42:00.000Z,2026-09-21T10:42:00,4.91,4.91,4.91,4.91,11
2026-09-21T07:46:00.000Z,2026-09-21T10:46:00,4.91,5,4.91,5,24355
2026-09-21T07:47:00.000Z,2026-09-21T10:47:00,5.01,5.01,5,5,673
2026-09-21T07:49:00.000Z,2026-09-21T10:49:00,5,5,5,5,11337
2026-09-21T07:51:00.000Z,2026-09-21T10:51:00,5,5,5,5,15000
2026-09-21T07:52:00.000Z,2026-09-21T10:52:00,5,5.02,5,5.02,3882
2026-09-21T07:54:00.000Z,2026-09-21T10:54:00,5.02,5.02,5.02,5.02,674
2026-09-21T07:56:00.000Z,2026-09-21T10:56:00,5.02,5.02,5.02,5.02,7000
2026-09-21T07:57:00.000Z,2026-09-21T10:57:00,5,5,5,5,17599
2026-09-21T07:59:00.000Z,2026-09-21T10:59:00,4.9,4.9,4.9,4.9,20
2026-09-21T08:02:00.000Z,2026-09-21T11:02:00,4.91,4.92,4.91,4.92,2149
2026-09-21T08:04:00.000Z,2026-09-21T11:04:00,4.92,4.92,4.92,4.92,296
2026-09-21T08:06:00.000Z,2026-09-21T11:06:00,4.99,5,4.99,5,7443
2026-09-21T08:07:00.000Z,2026-09-21T11:07:00,5,5,5,5,1505
2026-09-21T08:08:00.000Z,2026-09-21T11:08:00,5.01,5.05,5,5,94541
2026-09-21T08:09:00.000Z,2026-09-21T11:09:00,5,5,5,5,1100
2026-09-21T08:10:00.000Z,2026-09-21T11:10:00,5,5,5,5,12811
2026-09-21T08:12:00.000Z,2026-09-21T11:12:00,5,5.1,5,5.1,51460
2026-09-21T08:13:00.000Z,2026-09-21T11:13:00,5.1,5.1,4.9,4.9,30108
2026-09-21T08:15:00.000Z,2026-09-21T11:15:00,5,5,5,5,2000
2026-09-21T08:16:00.000Z,2026-09-21T11:16:00,5.01,5.01,5.01,5.01,6
2026-09-21T08:17:00.000Z,2026-09-21T11:17:00,5.09,5.1,5.01,5.1,27640
2026-09-21T08:18:00.000Z,2026-09-21T11:18:00,5.1,5.1,5.1,5.1,1110
2026-09-21T08:19:00.000Z,2026-09-21T11:19:00,5.1,5.1,5.1,5.1,105
2026-09-21T08:20:00.000Z,2026-09-21T11:20:00,5.1,5.1,5.1,5.1,10
2026-09-21T08:21:00.000Z,2026-09-21T11:21:00,5.01,5.18,5,5,35534
2026-09-21T08:24:00.000Z,2026-09-21T11:24:00,5.02,5.02,5.02,5.02,155
2026-09-21T08:27:00.000Z,2026-09-21T11:27:00,5.15,5.16,5.02,5.02,4236
2026-09-21T08:39:00.000Z,2026-09-21T11:39:00,5.05,5.05,5.05,5.05,3000
2026-09-21T08:40:00.000Z,2026-09-21T11:40:00,5.14,5.15,5.14,5.15,101000
2026-09-21T08:41:00.000Z,2026-09-21T11:41:00,5.15,5.15,5.15,5.15,17000
2026-09-21T08:42:00.000Z,2026-09-21T11:42:00,5.15,5.15,5.05,5.05,50
2026-09-21T08:44:00.000Z,2026-09-21T11:44:00,5.05,5.05,5.05,5.05,10713
2026-09-21T08:45:00.000Z,2026-09-21T11:45:00,5.05,5.05,5.05,5.05,800
2026-09-21T08:46:00.000Z,2026-09-21T11:46:00,5.04,5.04,5.03,5.03,2396
2026-09-21T08:47:00.000Z,2026-09-21T11:47:00,5.08,5.08,5.08,5.08,2018
2026-09-21T08:48:00.000Z,2026-09-21T11:48:00,5.05,5.08,5.01,5.01,20290
2026-09-21T08:50:00.000Z,2026-09-21T11:50:00,5.02,5.02,5.01,5.01,7692
2026-09-21T08:54:00.000Z,2026-09-21T11:54:00,5.01,5.01,5.01,5.01,2000
2026-09-21T08:56:00.000Z,2026-09-21T11:56:00,5.07,5.07,5.02,5.02,379
2026-09-21T08:57:00.000Z,2026-09-21T11:57:00,5.02,5.02,5.02,5.02,2669
2026-09-21T08:58:00.000Z,2026-09-21T11:58:00,5.01,5.01,5.01,5.01,10000
2026-09-21T09:03:00.000Z,2026-09-21T12:03:00,5.07,5.07,5.07,5.07,3
2026-09-21T09:05:00.000Z,2026-09-21T12:05:00,5.07,5.07,5.07,5.07,204
2026-09-21T09:08:00.000Z,2026-09-21T12:08:00,5.01,5.01,5,5,6500
2026-09-21T09:15:00.000Z,2026-09-21T12:15:00,5.06,5.06,5.06,5.06,199
2026-09-21T09:16:00.000Z,2026-09-21T12:16:00,5.02,5.02,5.02,5.02,5900
2026-09-21T09:17:00.000Z,2026-09-21T12:17:00,5.02,5.02,5.02,5.02,2100
2026-09-21T09:21:00.000Z,2026-09-21T12:21:00,5.06,5.06,5.06,5.06,16
2026-09-21T09:22:00.000Z,2026-09-21T12:22:00,5.02,5.02,5.02,5.02,1000
2026-09-21T09:27:00.000Z,2026-09-21T12:27:00,5.03,5.03,5.03,5.03,1150
2026-09-21T09:31:00.000Z,2026-09-21T12:31:00,5.03,5.03,5.03,5.03,95
2026-09-21T09:35:00.000Z,2026-09-21T12:35:00,5.06,5.06,5.06,5.06,778
2026-09-21T09:38:00.000Z,2026-09-21T12:38:00,5.06,5.06,5.06,5.06,5112
2026-09-21T09:39:00.000Z,2026-09-21T12:39:00,5.06,5.06,5.06,5.06,23
2026-09-21T09:46:00.000Z,2026-09-21T12:46:00,5.06,5.06,5.06,5.06,1341
2026-09-21T09:48:00.000Z,2026-09-21T12:48:00,5.06,5.06,5.06,5.06,3032
2026-09-21T09:49:00.000Z,2026-09-21T12:49:00,5.09,5.09,5.03,5.03,6578
2026-09-21T09:52:00.000Z,2026-09-21T12:52:00,5.09,5.09,5.09,5.09,20
2026-09-21T09:58:00.000Z,2026-09-21T12:58:00,5.09,5.09,5.09,5.09,23
2026-09-21T09:59:00.000Z,2026-09-21T12:59:00,5.09,5.09,5.09,5.09,1
2026-09-21T10:01:00.000Z,2026-09-21T13:01:00,5.03,5.03,5.03,5.03,739
2026-09-21T10:16:00.000Z,2026-09-21T13:16:00,5.09,5.1,5.09,5.1,11797
2026-09-21T10:17:00.000Z,2026-09-21T13:17:00,5.1,5.1,5.1,5.1,2111
2026-09-21T10:18:00.000Z,2026-09-21T13:18:00,5.11,5.15,5.11,5.15,57223
2026-09-21T10:19:00.000Z,2026-09-21T13:19:00,5.04,5.04,5.04,5.04,67
2026-09-21T10:23:00.000Z,2026-09-21T13:23:00,5.15,5.15,5.15,5.15,1
2026-09-21T10:24:00.000Z,2026-09-21T13:24:00,5.05,5.05,5.05,5.05,108
2026-09-21T10:28:00.000Z,2026-09-21T13:28:00,5.15,5.15,5.15,5.15,29
2026-09-21T10:37:00.000Z,2026-09-21T13:37:00,5.06,5.06,5.06,5.06,200
2026-09-21T10:39:00.000Z,2026-09-21T13:39:00,5.15,5.15,5.15,5.15,4
2026-09-21T10:40:00.000Z,2026-09-21T13:40:00,5.06,5.06,5.06,5.06,20
2026-09-21T10:42:00.000Z,2026-09-21T13:42:00,5.06,5.06,5.06,5.06,7
2026-09-21T10:44:00.000Z,2026-09-21T13:44:00,5.15,5.15,5.15,5.15,1380
2026-09-21T10:45:00.000Z,2026-09-21T13:45:00,5.15,5.15,5.15,5.15,2
2026-09-21T10:46:00.000Z,2026-09-21T13:46:00,5.06,5.06,5.05,5.05,10320
2026-09-21T10:58:00.000Z,2026-09-21T13:58:00,5.15,5.38,5.15,5.38,34861
2026-09-21T10:59:00.000Z,2026-09-21T13:59:00,5.18,5.38,5.07,5.38,1983
2026-09-21T11:00:00.000Z,2026-09-21T14:00:00,5.07,5.07,5.07,5.07,1
2026-09-21T11:01:00.000Z,2026-09-21T14:01:00,5.34,5.34,5.07,5.31,9720
2026-09-21T11:03:00.000Z,2026-09-21T14:03:00,5.25,5.25,5.25,5.25,47
2026-09-21T11:05:00.000Z,2026-09-21T14:05:00,5.08,5.08,5.08,5.08,2
2026-09-21T11:07:00.000Z,2026-09-21T14:07:00,5.08,5.08,5.08,5.08,510
2026-09-21T11:14:00.000Z,2026-09-21T14:14:00,5.09,5.09,5.09,5.09,1500
2026-09-21T11:26:00.000Z,2026-09-21T14:26:00,5.2,5.2,5.2,5.2,25
2026-09-22T07:00:00.000Z,2026-09-22T10:00:00,5.3,5.3,4.9,4.9,59699
2026-09-22T07:10:00.000Z,2026-09-22T10:10:00,4.9,4.9,4.9,4.9,6
2026-09-22T07:11:00.000Z,2026-09-22T10:11:00,4.9,5.38,4.81,4.9,16107
2026-09-22T07:12:00.000Z,2026-09-22T10:12:00,5.38,5.38,5.38,5.38,1
2026-09-22T07:15:00.000Z,2026-09-22T10:15:00,5.35,5.36,5.35,5.36,5000
2026-09-22T07:17:00.000Z,2026-09-22T10:17:00,5.35,5.35,5.35,5.35,25
2026-09-22T07:19:00.000Z,2026-09-22T10:19:00,5.05,5.05,5.05,5.05,3
2026-09-22T07:21:00.000Z,2026-09-22T10:21:00,5.05,5.05,5.05,5.05,1
2026-09-22T07:23:00.000Z,2026-09-22T10:23:00,5.3,5.3,5.3,5.3,59
2026-09-22T07:24:00.000Z,2026-09-22T10:24:00,5.05,5.05,5.05,5.05,198
2026-09-22T07:28:00.000Z,2026-09-22T10:28:00,5.1,5.1,5.1,5.1,9765
2026-09-22T07:30:00.000Z,2026-09-22T10:30:00,5.1,5.1,5.1,5.1,6
2026-09-22T07:32:00.000Z,2026-09-22T10:32:00,5.1,5.3,5.1,5.3,7637
2026-09-22T07:40:00.000Z,2026-09-22T10:40:00,5.05,5.05,5.05,5.05,3
2026-09-22T07:41:00.000Z,2026-09-22T10:41:00,5.05,5.05,5.05,5.05,4000
2026-09-22T07:42:00.000Z,2026-09-22T10:42:00,5.05,5.06,5.05,5.06,5498
2026-09-22T07:43:00.000Z,2026-09-22T10:43:00,5.28,5.28,5.28,5.28,814
2026-09-22T07:49:00.000Z,2026-09-22T10:49:00,5.06,5.06,5.06,5.06,1592
2026-09-22T07:50:00.000Z,2026-09-22T10:50:00,5.06,5.06,5.06,5.06,346
2026-09-22T07:56:00.000Z,2026-09-22T10:56:00,5.06,5.27,5.06,5.27,3113
2026-09-22T07:59:00.000Z,2026-09-22T10:59:00,5.27,5.27,5.27,5.27,39
2026-09-22T08:05:00.000Z,2026-09-22T11:05:00,5.1,5.1,5.1,5.1,360
2026-09-22T08:06:00.000Z,2026-09-22T11:06:00,5.27,5.27,5.27,5.27,100
2026-09-22T08:10:00.000Z,2026-09-22T11:10:00,5.27,5.27,5.27,5.27,948
2026-09-22T08:11:00.000Z,2026-09-22T11:11:00,5.11,5.11,5.11,5.11,2
2026-09-22T08:15:00.000Z,2026-09-22T11:15:00,5.11,5.11,5.11,5.11,2100
2026-09-22T08:19:00.000Z,2026-09-22T11:19:00,5.11,5.11,5.11,5.11,20
2026-09-22T08:25:00.000Z,2026-09-22T11:25:00,5.27,5.27,5.27,5.27,1
2026-09-22T08:31:00.000Z,2026-09-22T11:31:00,5.27,5.27,5.27,5.27,5897
2026-09-22T08:32:00.000Z,2026-09-22T11:32:00,5.27,5.27,5.27,5.27,28
2026-09-22T08:38:00.000Z,2026-09-22T11:38:00,5.11,5.11,5.11,5.11,5
2026-09-22T08:40:00.000Z,2026-09-22T11:40:00,5.27,5.27,5.27,5.27,1
2026-09-22T08:48:00.000Z,2026-09-22T11:48:00,5.11,5.27,5.11,5.27,4
2026-09-22T08:49:00.000Z,2026-09-22T11:49:00,5.27,5.27,5.27,5.27,152
2026-09-22T08:52:00.000Z,2026-09-22T11:52:00,5.11,5.11,5.11,5.11,800
2026-09-22T08:56:00.000Z,2026-09-22T11:56:00,5.26,5.26,5.26,5.26,1
2026-09-22T08:58:00.000Z,2026-09-22T11:58:00,5.26,5.27,5.26,5.27,190
2026-09-22T09:00:00.000Z,2026-09-22T12:00:00,5.15,5.15,5.15,5.15,152
2026-09-22T09:02:00.000Z,2026-09-22T12:02:00,5.27,5.27,5.27,5.27,1
2026-09-22T09:07:00.000Z,2026-09-22T12:07:00,5.27,5.3,5.27,5.3,4174
2026-09-22T09:08:00.000Z,2026-09-22T12:08:00,5.15,5.15,5.15,5.15,110
2026-09-22T09:10:00.000Z,2026-09-22T12:10:00,5.3,5.3,5.3,5.3,1
2026-09-22T09:15:00.000Z,2026-09-22T12:15:00,5.3,5.3,5.3,5.3,1
2026-09-22T09:16:00.000Z,2026-09-22T12:16:00,5.3,5.3,5.15,5.15,190
2026-09-22T09:17:00.000Z,2026-09-22T12:17:00,5.15,5.15,5.15,5.15,11
2026-09-22T09:20:00.000Z,2026-09-22T12:20:00,5.3,5.3,5.3,5.3,100
2026-09-22T09:26:00.000Z,2026-09-22T12:26:00,5.2,5.2,5.2,5.2,30
2026-09-22T09:28:00.000Z,2026-09-22T12:28:00,5.3,5.3,5.3,5.3,1
2026-09-22T09:30:00.000Z,2026-09-22T12:30:00,5.21,5.21,5.2,5.2,12772
2026-09-22T09:36:00.000Z,2026-09-22T12:36:00,5.2,5.2,5.2,5.2,29
2026-09-22T09:39:00.000Z,2026-09-22T12:39:00,5.2,5.3,5.2,5.3,8439
2026-09-22T09:57:00.000Z,2026-09-22T12:57:00,5.2,5.2,5.2,5.2,2700
2026-09-22T09:59:00.000Z,2026-09-22T12:59:00,5.2,5.2,5.2,5.2,1255
2026-09-22T10:03:00.000Z,2026-09-22T13:03:00,5.2,5.2,5.16,5.16,300
2026-09-22T10:09:00.000Z,2026-09-22T13:09:00,5.28,5.28,5.28,5.28,1
2026-09-22T10:19:00.000Z,2026-09-22T13:19:00,5.13,5.13,5.13,5.13,58
2026-09-22T10:29:00.000Z,2026-09-22T13:29:00,5.13,5.13,5.13,5.13,100
2026-09-22T10:33:00.000Z,2026-09-22T13:33:00,5.28,5.28,5.28,5.28,2
2026-09-22T10:40:00.000Z,2026-09-22T13:40:00,5.28,5.3,5.28,5.3,51443
2026-09-22T10:41:00.000Z,2026-09-22T13:41:00,5.3,5.3,5.3,5.3,7132
2026-09-22T10:47:00.000Z,2026-09-22T13:47:00,5.2,5.2,5.2,5.2,198
2026-09-22T10:49:00.000Z,2026-09-22T13:49:00,5.3,5.3,5.3,5.3,2
2026-09-22T10:53:00.000Z,2026-09-22T13:53:00,5.2,5.2,5.13,5.13,5000
2026-09-22T10:54:00.000Z,2026-09-22T13:54:00,5.13,5.3,5.13,5.3,206
2026-09-22T10:56:00.000Z,2026-09-22T13:56:00,5.28,5.28,5.28,5.28,1530
2026-09-22T11:00:00.000Z,2026-09-22T14:00:00,5.13,5.13,5.13,5.13,1474
2026-09-22T11:02:00.000Z,2026-09-22T14:02:00,5.3,5.3,5.3,5.3,1
2026-09-22T11:12:00.000Z,2026-09-22T14:12:00,5.13,5.13,5.1,5.1,3510
2026-09-22T11:13:00.000Z,2026-09-22T14:13:00,5.3,5.3,5.3,5.3,1
2026-09-22T11:14:00.000Z,2026-09-22T14:14:00,5.1,5.3,5.1,5.3,72
2026-09-22T11:25:00.000Z,2026-09-22T14:25:00,5.26,5.26,5.26,5.26,1335
2026-09-23T07:00:00.000Z,2026-09-23T10:00:00,5.03,5.03,5.03,5.03,514
2026-09-23T07:01:00.000Z,2026-09-23T10:01:00,5.03,5.03,5.03,5.03,1489
2026-09-23T07:04:00.000Z,2026-09-23T10:04:00,5.04,5.04,5.04,5.04,140
2026-09-23T07:05:00.000Z,2026-09-23T10:05:00,5.04,5.04,5.04,5.04,211
2026-09-23T07:07:00.000Z,2026-09-23T10:07:00,5.05,5.05,5.02,5.02,13707
2026-09-23T07:14:00.000Z,2026-09-23T10:14:00,5.24,5.25,5.24,5.25,976
2026-09-23T07:16:00.000Z,2026-09-23T10:16:00,5.03,5.24,5.03,5.24,796
2026-09-23T07:17:00.000Z,2026-09-23T10:17:00,5.24,5.24,5.04,5.24,1118
2026-09-23T07:18:00.000Z,2026-09-23T10:18:00,5.04,5.24,5.01,5.24,11294
2026-09-23T07:20:00.000Z,2026-09-23T10:20:00,5.02,5.22,5.01,5.22,1001
2026-09-23T07:24:00.000Z,2026-09-23T10:24:00,5.2,5.2,5.2,5.2,11
2026-09-23T07:28:00.000Z,2026-09-23T10:28:00,5.03,5.1,5.03,5.1,160
2026-09-23T07:37:00.000Z,2026-09-23T10:37:00,5.1,5.1,5.1,5.1,21
2026-09-23T07:39:00.000Z,2026-09-23T10:39:00,5.04,5.04,5.04,5.04,150
2026-09-23T07:40:00.000Z,2026-09-23T10:40:00,5.04,5.19,5.04,5.19,1999
2026-09-23T07:41:00.000Z,2026-09-23T10:41:00,5.04,5.17,5.03,5.17,11895
2026-09-23T07:48:00.000Z,2026-09-23T10:48:00,5.14,5.14,5.14,5.14,79
2026-09-23T08:04:00.000Z,2026-09-23T11:04:00,5.13,5.13,5.13,5.13,2000
2026-09-23T08:12:00.000Z,2026-09-23T11:12:00,5.04,5.04,5.04,5.04,100
2026-09-23T08:13:00.000Z,2026-09-23T11:13:00,5.14,5.14,5.14,5.14,39
2026-09-23T08:14:00.000Z,2026-09-23T11:14:00,5.05,5.14,5.05,5.14,319
2026-09-23T08:20:00.000Z,2026-09-23T11:20:00,5.05,5.05,5.05,5.05,104
2026-09-23T08:23:00.000Z,2026-09-23T11:23:00,5.14,5.14,5.14,5.14,990
2026-09-23T08:24:00.000Z,2026-09-23T11:24:00,5.05,5.05,5.05,5.05,512
2026-09-23T08:25:00.000Z,2026-09-23T11:25:00,5.14,5.14,5.14,5.14,990
2026-09-23T08:31:00.000Z,2026-09-23T11:31:00,5.06,5.06,5.06,5.06,26
2026-09-23T08:39:00.000Z,2026-09-23T11:39:00,5.13,5.2,5.13,5.2,50019
2026-09-23T08:45:00.000Z,2026-09-23T11:45:00,5.2,5.2,5.2,5.2,250
2026-09-23T08:46:00.000Z,2026-09-23T11:46:00,5.2,5.2,5.2,5.2,261
2026-09-23T08:50:00.000Z,2026-09-23T11:50:00,5.2,5.21,5.2,5.21,8720
2026-09-23T09:02:00.000Z,2026-09-23T12:02:00,5.08,5.08,5.07,5.07,1826
2026-09-23T09:05:00.000Z,2026-09-23T12:05:00,5.25,5.29,5.25,5.29,1074
2026-09-23T09:06:00.000Z,2026-09-23T12:06:00,5.07,5.07,5.07,5.07,3
2026-09-23T09:17:00.000Z,2026-09-23T12:17:00,5.28,5.29,5.1,5.29,184
2026-09-23T09:18:00.000Z,2026-09-23T12:18:00,5.1,5.1,5.1,5.1,20
2026-09-23T09:19:00.000Z,2026-09-23T12:19:00,5.1,5.1,5.1,5.1,20
2026-09-23T09:23:00.000Z,2026-09-23T12:23:00,5.1,5.1,5.1,5.1,204
2026-09-23T09:34:00.000Z,2026-09-23T12:34:00,5.27,5.27,5.27,5.27,98
2026-09-23T09:42:00.000Z,2026-09-23T12:42:00,5.1,5.1,5.1,5.1,46
2026-09-23T09:58:00.000Z,2026-09-23T12:58:00,5.25,5.25,5.25,5.25,19
2026-09-23T10:07:00.000Z,2026-09-23T13:07:00,5.12,5.12,5.12,5.12,2
2026-09-23T10:09:00.000Z,2026-09-23T13:09:00,5.12,5.12,5.12,5.12,5
2026-09-23T10:10:00.000Z,2026-09-23T13:10:00,5.12,5.12,5.12,5.12,1
2026-09-23T10:17:00.000Z,2026-09-23T13:17:00,5.12,5.12,5.12,5.12,3780
2026-09-23T10:25:00.000Z,2026-09-23T13:25:00,5.12,5.12,5.12,5.12,3000
2026-09-23T10:26:00.000Z,2026-09-23T13:26:00,5.12,5.12,5.07,5.07,214
2026-09-23T10:28:00.000Z,2026-09-23T13:28:00,5.12,5.12,5.12,5.12,489
2026-09-23T10:33:00.000Z,2026-09-23T13:33:00,5.08,5.08,5.08,5.08,350
2026-09-23T10:37:00.000Z,2026-09-23T13:37:00,5.14,5.15,5.14,5.15,4383
2026-09-23T10:40:00.000Z,2026-09-23T13:40:00,5.15,5.15,5.15,5.15,1371
2026-09-23T10:41:00.000Z,2026-09-23T13:41:00,5.15,5.15,5.15,5.15,1246
2026-09-23T10:52:00.000Z,2026-09-23T13:52:00,5.1,5.1,5.1,5.1,655
2026-09-23T11:13:00.000Z,2026-09-23T14:13:00,5.19,5.19,5.19,5.19,2
2026-09-23T11:14:00.000Z,2026-09-23T14:14:00,5.1,5.19,5.1,5.19,3002
2026-09-23T11:26:00.000Z,2026-09-23T14:26:00,5.15,5.15,5.15,5.15,32650
2026-09-23T11:27:00.000Z,2026-09-23T14:27:00,5.15,5.15,5.15,5.15,15345
2026-09-23T11:28:00.000Z,2026-09-23T14:28:00,5.15,5.15,5.15,5.15,25000
2026-09-23T11:29:00.000Z,2026-09-23T14:29:00,5.15,5.15,5.15,5.15,10000
2026-09-24T07:00:00.000Z,2026-09-24T10:00:00,5.15,5.15,5.07,5.07,7644
2026-09-24T07:02:00.000Z,2026-09-24T10:02:00,5.07,5.07,5.07,5.07,5000
2026-09-24T07:03:00.000Z,2026-09-24T10:03:00,5.07,5.07,5.06,5.06,2115
2026-09-24T07:12:00.000Z,2026-09-24T10:12:00,5.2,5.2,5.2,5.2,25
2026-09-24T07:13:00.000Z,2026-09-24T10:13:00,5.2,5.2,5.2,5.2,1
2026-09-24T07:18:00.000Z,2026-09-24T10:18:00,5.09,5.09,5.08,5.08,4209
2026-09-24T07:21:00.000Z,2026-09-24T10:21:00,5.2,5.2,5.2,5.2,84
2026-09-24T07:22:00.000Z,2026-09-24T10:22:00,5.09,5.09,5.09,5.09,840
2026-09-24T07:24:00.000Z,2026-09-24T10:24:00,5.09,5.09,5.09,5.09,19050
2026-09-24T07:33:00.000Z,2026-09-24T10:33:00,5.09,5.09,5.09,5.09,4200
2026-09-24T07:37:00.000Z,2026-09-24T10:37:00,5.1,5.19,5.09,5.19,4175
2026-09-24T07:46:00.000Z,2026-09-24T10:46:00,5.07,5.07,5.07,5.07,366
2026-09-24T07:47:00.000Z,2026-09-24T10:47:00,5.07,5.07,5.07,5.07,96
2026-09-24T07:49:00.000Z,2026-09-24T10:49:00,5.18,5.18,5.18,5.18,1
2026-09-24T07:57:00.000Z,2026-09-24T10:57:00,5.18,5.18,5.18,5.18,1799
2026-09-24T08:01:00.000Z,2026-09-24T11:01:00,5.19,5.2,5.19,5.2,1985
2026-09-24T08:02:00.000Z,2026-09-24T11:02:00,5.2,5.2,5.2,5.2,184
2026-09-24T08:03:00.000Z,2026-09-24T11:03:00,5.2,5.2,5.2,5.2,592
2026-09-24T08:07:00.000Z,2026-09-24T11:07:00,5.27,5.3,5.27,5.3,5000
2026-09-24T08:09:00.000Z,2026-09-24T11:09:00,5.2,5.2,5.2,5.2,100
2026-09-24T08:12:00.000Z,2026-09-24T11:12:00,5.29,5.3,5.29,5.3,3850
2026-09-24T08:13:00.000Z,2026-09-24T11:13:00,5.3,5.3,5.3,5.3,4000
2026-09-24T08:14:00.000Z,2026-09-24T11:14:00,5.3,5.3,5.3,5.3,6503
2026-09-24T08:17:00.000Z,2026-09-24T11:17:00,5.29,5.29,5.29,5.29,476
2026-09-24T08:20:00.000Z,2026-09-24T11:20:00,5.28,5.28,5.28,5.28,500
2026-09-24T08:21:00.000Z,2026-09-24T11:21:00,5.18,5.18,5.18,5.18,211
2026-09-24T08:30:00.000Z,2026-09-24T11:30:00,5.24,5.24,5.24,5.24,8770
2026-09-24T08:31:00.000Z,2026-09-24T11:31:00,5.29,5.29,5.29,5.29,4
2026-09-24T08:33:00.000Z,2026-09-24T11:33:00,5.25,5.25,5.25,5.25,94
2026-09-24T08:34:00.000Z,2026-09-24T11:34:00,5.25,5.25,5.24,5.24,19520
2026-09-24T08:38:00.000Z,2026-09-24T11:38:00,5.29,5.29,5.24,5.24,5695
2026-09-24T08:41:00.000Z,2026-09-24T11:41:00,5.27,5.27,5.27,5.27,2200
2026-09-24T08:43:00.000Z,2026-09-24T11:43:00,5.29,5.29,5.29,5.29,5703
2026-09-24T08:44:00.000Z,2026-09-24T11:44:00,5.29,5.29,5.18,5.18,6258
2026-09-24T08:46:00.000Z,2026-09-24T11:46:00,5.29,5.29,5.29,5.29,5000
2026-09-24T08:47:00.000Z,2026-09-24T11:47:00,5.27,5.29,5.27,5.29,7748
2026-09-24T08:48:00.000Z,2026-09-24T11:48:00,5.29,5.29,5.29,5.29,7352
2026-09-24T08:50:00.000Z,2026-09-24T11:50:00,5.3,5.3,5.3,5.3,5000
2026-09-24T08:51:00.000Z,2026-09-24T11:51:00,5.3,5.3,5.3,5.3,11440
2026-09-24T08:52:00.000Z,2026-09-24T11:52:00,5.33,5.34,5.33,5.34,9147
2026-09-24T08:53:00.000Z,2026-09-24T11:53:00,5.35,5.35,5.35,5.35,14685
2026-09-24T08:54:00.000Z,2026-09-24T11:54:00,5.35,5.35,5.35,5.35,64
2026-09-24T08:56:00.000Z,2026-09-24T11:56:00,5.38,5.38,5.38,5.38,2
2026-09-24T08:59:00.000Z,2026-09-24T11:59:00,5.38,5.38,5.38,5.38,5676
2026-09-24T09:01:00.000Z,2026-09-24T12:01:00,5.38,5.4,5.38,5.4,18100
2026-09-24T09:03:00.000Z,2026-09-24T12:03:00,5.4,5.4,5.4,5.4,2290
2026-09-24T09:04:00.000Z,2026-09-24T12:04:00,5.46,5.46,5.46,5.46,13000
2026-09-24T09:14:00.000Z,2026-09-24T12:14:00,5.47,5.49,5.47,5.47,13459
2026-09-24T09:15:00.000Z,2026-09-24T12:15:00,5.47,5.5,5.47,5.5,39990
2026-09-24T09:16:00.000Z,2026-09-24T12:16:00,5.5,5.5,5.5,5.5,31346
2026-09-24T09:17:00.000Z,2026-09-24T12:17:00,5.49,5.49,5.46,5.46,3994
2026-09-24T09:18:00.000Z,2026-09-24T12:18:00,5.48,5.48,5.48,5.48,73
2026-09-24T09:19:00.000Z,2026-09-24T12:19:00,5.46,5.48,5.46,5.48,1002
2026-09-24T09:20:00.000Z,2026-09-24T12:20:00,5.48,5.48,5.48,5.48,269
2026-09-24T09:21:00.000Z,2026-09-24T12:21:00,5.48,5.5,5.48,5.5,9047
2026-09-24T09:22:00.000Z,2026-09-24T12:22:00,5.5,5.5,5.4,5.4,33031
2026-09-24T09:23:00.000Z,2026-09-24T12:23:00,5.5,5.5,5.5,5.5,2
2026-09-24T09:24:00.000Z,2026-09-24T12:24:00,5.5,5.5,5.5,5.5,2544
2026-09-24T09:25:00.000Z,2026-09-24T12:25:00,5.5,5.5,5.5,5.5,149
2026-09-24T09:30:00.000Z,2026-09-24T12:30:00,5.5,5.5,5.49,5.49,14205
2026-09-24T09:31:00.000Z,2026-09-24T12:31:00,5.49,5.49,5.49,5.49,22
2026-09-24T09:32:00.000Z,2026-09-24T12:32:00,5.49,5.49,5.49,5.49,191
2026-09-24T09:33:00.000Z,2026-09-24T12:33:00,5.49,5.55,5.49,5.55,25193
2026-09-24T09:34:00.000Z,2026-09-24T12:34:00,5.55,5.58,5.5,5.5,65496
2026-09-24T09:35:00.000Z,2026-09-24T12:35:00,5.6,5.6,5.6,5.6,37
2026-09-24T09:36:00.000Z,2026-09-24T12:36:00,5.6,5.6,5.6,5.6,6
2026-09-24T09:38:00.000Z,2026-09-24T12:38:00,5.6,5.6,5.6,5.6,50
2026-09-24T09:39:00.000Z,2026-09-24T12:39:00,5.5,5.59,5.5,5.59,2490
2026-09-24T09:40:00.000Z,2026-09-24T12:40:00,5.59,5.59,5.59,5.59,180
2026-09-24T09:41:00.000Z,2026-09-24T12:41:00,5.59,5.59,5.5,5.59,10102
2026-09-24T09:42:00.000Z,2026-09-24T12:42:00,5.59,5.59,5.59,5.59,8
2026-09-24T09:43:00.000Z,2026-09-24T12:43:00,5.56,5.56,5.56,5.56,250
2026-09-24T09:44:00.000Z,2026-09-24T12:44:00,5.56,5.59,5.5,5.59,1977
2026-09-24T09:45:00.000Z,2026-09-24T12:45:00,5.5,5.59,5.5,5.58,3247
2026-09-24T09:46:00.000Z,2026-09-24T12:46:00,5.57,5.57,5.57,5.57,5
2026-09-24T09:48:00.000Z,2026-09-24T12:48:00,5.57,5.57,5.57,5.57,14
2026-09-24T09:49:00.000Z,2026-09-24T12:49:00,5.54,5.57,5.52,5.57,10229
2026-09-24T09:50:00.000Z,2026-09-24T12:50:00,5.55,5.55,5.55,5.55,1250
2026-09-24T09:51:00.000Z,2026-09-24T12:51:00,5.55,5.55,5.55,5.55,208
2026-09-24T09:52:00.000Z,2026-09-24T12:52:00,5.56,5.57,5.56,5.57,907
2026-09-24T09:53:00.000Z,2026-09-24T12:53:00,5.55,5.55,5.5,5.5,21462
2026-09-24T09:54:00.000Z,2026-09-24T12:54:00,5.5,5.5,5.5,5.5,2558
2026-09-24T09:56:00.000Z,2026-09-24T12:56:00,5.5,5.58,5.5,5.58,6062
2026-09-24T09:57:00.000Z,2026-09-24T12:57:00,5.57,5.57,5.57,5.57,4797
2026-09-24T10:00:00.000Z,2026-09-24T13:00:00,5.56,5.57,5.56,5.57,517
2026-09-24T10:02:00.000Z,2026-09-24T13:02:00,5.57,5.57,5.57,5.57,263
2026-09-24T10:04:00.000Z,2026-09-24T13:04:00,5.57,5.57,5.57,5.57,1
2026-09-24T10:05:00.000Z,2026-09-24T13:05:00,5.57,5.57,5.57,5.57,5245
2026-09-24T10:08:00.000Z,2026-09-24T13:08:00,5.56,5.57,5.56,5.57,4430
2026-09-24T10:10:00.000Z,2026-09-24T13:10:00,5.57,5.57,5.57,5.57,3
2026-09-24T10:11:00.000Z,2026-09-24T13:11:00,5.57,5.57,5.57,5.57,356
2026-09-24T10:12:00.000Z,2026-09-24T13:12:00,5.57,5.57,5.57,5.57,12
2026-09-24T10:16:00.000Z,2026-09-24T13:16:00,5.56,5.56,5.56,5.56,71
2026-09-24T10:17:00.000Z,2026-09-24T13:17:00,5.4,5.56,5.4,5.56,118
2026-09-24T10:19:00.000Z,2026-09-24T13:19:00,5.56,5.56,5.56,5.56,6
2026-09-24T10:20:00.000Z,2026-09-24T13:20:00,5.56,5.56,5.56,5.56,30
2026-09-24T10:22:00.000Z,2026-09-24T13:22:00,5.4,5.56,5.4,5.4,3236
2026-09-24T10:23:00.000Z,2026-09-24T13:23:00,5.57,5.57,5.57,5.57,10
2026-09-24T10:25:00.000Z,2026-09-24T13:25:00,5.57,5.57,5.57,5.57,17
2026-09-24T10:26:00.000Z,2026-09-24T13:26:00,5.57,5.57,5.57,5.57,6
2026-09-24T10:27:00.000Z,2026-09-24T13:27:00,5.57,5.57,5.41,5.41,321
2026-09-24T10:28:00.000Z,2026-09-24T13:28:00,5.57,5.57,5.57,5.57,1
2026-09-24T10:29:00.000Z,2026-09-24T13:29:00,5.57,5.57,5.56,5.56,31
2026-09-24T10:30:00.000Z,2026-09-24T13:30:00,5.56,5.56,5.41,5.41,169
2026-09-24T10:31:00.000Z,2026-09-24T13:31:00,5.55,5.55,5.41,5.55,9348
2026-09-24T10:32:00.000Z,2026-09-24T13:32:00,5.55,5.55,5.5,5.5,4855
2026-09-24T10:33:00.000Z,2026-09-24T13:33:00,5.5,5.5,5.41,5.5,4018
2026-09-24T10:34:00.000Z,2026-09-24T13:34:00,5.5,5.5,5.5,5.5,18
2026-09-24T10:35:00.000Z,2026-09-24T13:35:00,5.5,5.5,5.5,5.5,128
2026-09-24T10:36:00.000Z,2026-09-24T13:36:00,5.5,5.5,5.5,5.5,24
2026-09-24T10:37:00.000Z,2026-09-24T13:37:00,5.31,5.5,5.28,5.5,21001
2026-09-24T10:38:00.000Z,2026-09-24T13:38:00,5.5,5.5,5.5,5.5,11
2026-09-24T10:40:00.000Z,2026-09-24T13:40:00,5.5,5.5,5.5,5.5,156
2026-09-24T10:41:00.000Z,2026-09-24T13:41:00,5.41,5.41,5.41,5.41,100
2026-09-24T10:42:00.000Z,2026-09-24T13:42:00,5.41,5.41,5.41,5.41,1271
2026-09-24T10:43:00.000Z,2026-09-24T13:43:00,5.41,5.41,5.41,5.41,20
2026-09-24T10:44:00.000Z,2026-09-24T13:44:00,5.41,5.41,5.41,5.41,82
2026-09-24T10:45:00.000Z,2026-09-24T13:45:00,5.41,5.41,5.21,5.21,21474
2026-09-24T10:46:00.000Z,2026-09-24T13:46:00,5.41,5.41,5.41,5.41,15
2026-09-24T10:47:00.000Z,2026-09-24T13:47:00,5.41,5.41,5.41,5.41,558
2026-09-24T10:49:00.000Z,2026-09-24T13:49:00,5.41,5.41,5.41,5.41,10
2026-09-24T10:50:00.000Z,2026-09-24T13:50:00,5.41,5.41,5.41,5.41,4052
2026-09-24T10:52:00.000Z,2026-09-24T13:52:00,5.41,5.41,5.41,5.41,5
2026-09-24T10:53:00.000Z,2026-09-24T13:53:00,5.41,5.49,5.23,5.49,661
2026-09-24T10:54:00.000Z,2026-09-24T13:54:00,5.48,5.48,5.48,5.48,4
2026-09-24T10:55:00.000Z,2026-09-24T13:55:00,5.48,5.48,5.48,5.48,15
2026-09-24T10:56:00.000Z,2026-09-24T13:56:00,5.48,5.48,5.48,5.48,1000
2026-09-24T10:57:00.000Z,2026-09-24T13:57:00,5.48,5.48,5.48,5.48,17
2026-09-24T10:58:00.000Z,2026-09-24T13:58:00,5.48,5.48,5.26,5.26,10
2026-09-24T11:00:00.000Z,2026-09-24T14:00:00,5.48,5.48,5.26,5.48,28
2026-09-24T11:01:00.000Z,2026-09-24T14:01:00,5.26,5.48,5.26,5.48,1010
2026-09-24T11:07:00.000Z,2026-09-24T14:07:00,5.47,5.47,5.47,5.47,1
2026-09-24T11:09:00.000Z,2026-09-24T14:09:00,5.26,5.4,5.26,5.4,112
2026-09-24T11:13:00.000Z,2026-09-24T14:13:00,5.29,5.29,5.29,5.29,497
2026-09-24T11:14:00.000Z,2026-09-24T14:14:00,5.48,5.48,5.48,5.48,30
