timestamp_utc,timestamp_cairo,open,high,low,close,volume
2026-08-11T09:10:00.000Z,2026-08-11T12:10:00,12.27,12.27,12.27,12.27,12907
2026-08-11T09:11:00.000Z,2026-08-11T12:11:00,12.26,12.26,12.26,12.26,890
2026-08-11T09:14:00.000Z,2026-08-11T12:14:00,12.29,12.29,12.29,12.29,6093
2026-08-11T09:15:00.000Z,2026-08-11T12:15:00,12.3,12.3,12.3,12.3,2904
2026-08-11T09:16:00.000Z,2026-08-11T12:16:00,12.29,12.29,12.29,12.29,659
2026-08-11T09:20:00.000Z,2026-08-11T12:20:00,12.29,12.3,12.29,12.3,5909
2026-08-11T09:24:00.000Z,2026-08-11T12:24:00,12.29,12.29,12.29,12.29,162
2026-08-11T09:26:00.000Z,2026-08-11T12:26:00,12.3,12.3,12.3,12.3,5000
2026-08-11T09:29:00.000Z,2026-08-11T12:29:00,12.3,12.3,12.29,12.29,1955
2026-08-11T09:30:00.000Z,2026-08-11T12:30:00,12.29,12.29,12.29,12.29,1200
2026-08-11T09:31:00.000Z,2026-08-11T12:31:00,12.29,12.29,12.29,12.29,141
2026-08-11T09:32:00.000Z,2026-08-11T12:32:00,12.29,12.29,12.29,12.29,703
2026-08-11T09:33:00.000Z,2026-08-11T12:33:00,12.29,12.29,12.29,12.29,500
2026-08-11T09:34:00.000Z,2026-08-11T12:34:00,12.3,12.3,12.3,12.3,100
2026-08-11T09:35:00.000Z,2026-08-11T12:35:00,12.29,12.29,12.29,12.29,1500
2026-08-11T09:36:00.000Z,2026-08-11T12:36:00,12.29,12.29,12.29,12.29,1500
2026-08-11T09:41:00.000Z,2026-08-11T12:41:00,12.29,12.29,12.29,12.29,1950
2026-08-11T09:42:00.000Z,2026-08-11T12:42:00,12.28,12.29,12.28,12.29,1300
2026-08-11T09:44:00.000Z,2026-08-11T12:44:00,12.28,12.28,12.28,12.28,37
2026-08-11T09:45:00.000Z,2026-08-11T12:45:00,12.28,12.28,12.28,12.28,500
2026-08-11T09:53:00.000Z,2026-08-11T12:53:00,12.29,12.29,12.29,12.29,2000
2026-08-11T09:57:00.000Z,2026-08-11T12:57:00,12.28,12.28,12.28,12.28,13739
2026-08-11T09:58:00.000Z,2026-08-11T12:58:00,12.29,12.29,12.29,12.29,2571
2026-08-11T09:59:00.000Z,2026-08-11T12:59:00,12.28,12.29,12.28,12.29,6503
2026-08-11T10:00:00.000Z,2026-08-11T13:00:00,12.29,12.3,12.29,12.3,865
2026-08-11T10:03:00.000Z,2026-08-11T13:03:00,12.3,12.3,12.29,12.29,3900
2026-08-11T10:04:00.000Z,2026-08-11T13:04:00,12.28,12.28,12.27,12.27,5000
2026-08-11T10:05:00.000Z,2026-08-11T13:05:00,12.27,12.29,12.26,12.29,3076
2026-08-11T10:06:00.000Z,2026-08-11T13:06:00,12.3,12.3,12.3,12.3,1000
2026-08-11T10:07:00.000Z,2026-08-11T13:07:00,12.3,12.3,12.3,12.3,13777
2026-08-11T10:09:00.000Z,2026-08-11T13:09:00,12.3,12.3,12.3,12.3,29331
2026-08-11T10:10:00.000Z,2026-08-11T13:10:00,12.3,12.3,12.29,12.29,2000
2026-08-11T10:11:00.000Z,2026-08-11T13:11:00,12.29,12.29,12.29,12.29,9000
2026-08-11T10:12:00.000Z,2026-08-11T13:12:00,12.29,12.29,12.29,12.29,447
2026-08-11T10:18:00.000Z,2026-08-11T13:18:00,12.28,12.28,12.28,12.28,5000
2026-08-11T10:25:00.000Z,2026-08-11T13:25:00,12.28,12.29,12.28,12.29,1624
2026-08-11T10:28:00.000Z,2026-08-11T13:28:00,12.29,12.29,12.29,12.29,107
2026-08-11T10:29:00.000Z,2026-08-11T13:29:00,12.28,12.28,12.28,12.28,371
2026-08-11T10:30:00.000Z,2026-08-11T13:30:00,12.29,12.29,12.29,12.29,2800
2026-08-11T10:31:00.000Z,2026-08-11T13:31:00,12.29,12.29,12.29,12.29,10111
2026-08-11T10:32:00.000Z,2026-08-11T13:32:00,12.29,12.29,12.29,12.29,35
2026-08-11T10:33:00.000Z,2026-08-11T13:33:00,12.29,12.29,12.29,12.29,1675
2026-08-11T10:34:00.000Z,2026-08-11T13:34:00,12.29,12.3,12.29,12.3,30431
2026-08-11T10:38:00.000Z,2026-08-11T13:38:00,12.3,12.3,12.3,12.3,500
2026-08-11T10:44:00.000Z,2026-08-11T13:44:00,12.3,12.3,12.3,12.3,31
2026-08-11T10:45:00.000Z,2026-08-11T13:45:00,12.3,12.3,12.3,12.3,4000
2026-08-11T10:46:00.000Z,2026-08-11T13:46:00,12.3,12.3,12.3,12.3,247
2026-08-11T10:47:00.000Z,2026-08-11T13:47:00,12.3,12.3,12.3,12.3,800
2026-08-11T10:49:00.000Z,2026-08-11T13:49:00,12.29,12.29,12.27,12.28,1200
2026-08-11T10:51:00.000Z,2026-08-11T13:51:00,12.28,12.29,12.27,12.29,2371
2026-08-11T10:54:00.000Z,2026-08-11T13:54:00,12.29,12.29,12.28,12.28,3410
2026-08-11T10:55:00.000Z,2026-08-11T13:55:00,12.28,12.29,12.28,12.29,6601
2026-08-11T10:56:00.000Z,2026-08-11T13:56:00,12.28,12.28,12.28,12.28,1597
2026-08-11T10:57:00.000Z,2026-08-11T13:57:00,12.28,12.28,12.27,12.27,3000
2026-08-11T11:02:00.000Z,2026-08-11T14:02:00,12.27,12.27,12.27,12.27,2133
2026-08-11T11:03:00.000Z,2026-08-11T14:03:00,12.26,12.26,12.26,12.26,3125
2026-08-11T11:04:00.000Z,2026-08-11T14:04:00,12.26,12.26,12.26,12.26,1000
2026-08-11T11:05:00.000Z,2026-08-11T14:05:00,12.26,12.26,12.26,12.26,875
2026-08-11T11:06:00.000Z,2026-08-11T14:06:00,12.26,12.26,12.26,12.26,5000
2026-08-11T11:07:00.000Z,2026-08-11T14:07:00,12.26,12.26,12.26,12.26,10000
2026-08-11T11:08:00.000Z,2026-08-11T14:08:00,12.27,12.27,12.27,12.27,6000
2026-08-11T11:09:00.000Z,2026-08-11T14:09:00,12.26,12.26,12.25,12.25,10000
2026-08-11T11:10:00.000Z,2026-08-11T14:10:00,12.27,12.27,12.27,12.27,5000
2026-08-11T11:11:00.000Z,2026-08-11T14:11:00,12.26,12.27,12.25,12.27,6225
2026-08-11T11:13:00.000Z,2026-08-11T14:13:00,12.27,12.27,12.27,12.27,2000
2026-08-11T11:14:00.000Z,2026-08-11T14:14:00,12.27,12.27,12.27,12.27,8000
2026-08-11T11:25:00.000Z,2026-08-11T14:25:00,12.27,12.27,12.27,12.27,19500
2026-08-11T11:27:00.000Z,2026-08-11T14:27:00,12.27,12.27,12.27,12.27,2199
2026-08-12T07:00:00.000Z,2026-08-12T10:00:00,12.33,12.33,12.33,12.33,1200
2026-08-12T07:01:00.000Z,2026-08-12T10:01:00,12.38,12.4,12.32,12.32,12500
2026-08-12T07:05:00.000Z,2026-08-12T10:05:00,12.31,12.31,12.3,12.31,33041
2026-08-12T07:06:00.000Z,2026-08-12T10:06:00,12.3,12.32,12.3,12.32,31432
2026-08-12T07:07:00.000Z,2026-08-12T10:07:00,12.32,12.39,12.32,12.39,37141
2026-08-12T07:08:00.000Z,2026-08-12T10:08:00,12.39,12.39,12.3,12.3,16307
2026-08-12T07:09:00.000Z,2026-08-12T10:09:00,12.31,12.31,12.3,12.3,8130
2026-08-12T07:11:00.000Z,2026-08-12T10:11:00,12.35,12.35,12.3,12.3,8130
2026-08-12T07:12:00.000Z,2026-08-12T10:12:00,12.3,12.31,12.3,12.3,14186
2026-08-12T07:13:00.000Z,2026-08-12T10:13:00,12.39,12.39,12.31,12.31,20416
2026-08-12T07:14:00.000Z,2026-08-12T10:14:00,12.39,12.39,12.39,12.39,568
2026-08-12T07:15:00.000Z,2026-08-12T10:15:00,12.39,12.4,12.39,12.4,15000
2026-08-12T07:16:00.000Z,2026-08-12T10:16:00,12.4,12.4,12.4,12.4,4338
2026-08-12T07:17:00.000Z,2026-08-12T10:17:00,12.41,12.43,12.41,12.43,6711
2026-08-12T07:18:00.000Z,2026-08-12T10:18:00,12.4,12.44,12.33,12.33,10568
2026-08-12T07:19:00.000Z,2026-08-12T10:19:00,12.4,12.4,12.4,12.4,4687
2026-08-12T07:20:00.000Z,2026-08-12T10:20:00,12.44,12.44,12.44,12.44,7432
2026-08-12T07:21:00.000Z,2026-08-12T10:21:00,12.44,12.44,12.44,12.44,2004
2026-08-12T07:22:00.000Z,2026-08-12T10:22:00,12.44,12.44,12.44,12.44,8800
2026-08-12T07:23:00.000Z,2026-08-12T10:23:00,12.45,12.45,12.45,12.45,500
2026-08-12T07:24:00.000Z,2026-08-12T10:24:00,12.45,12.45,12.45,12.45,602
2026-08-12T07:25:00.000Z,2026-08-12T10:25:00,12.44,12.45,12.41,12.45,19983
2026-08-12T07:26:00.000Z,2026-08-12T10:26:00,12.45,12.45,12.44,12.44,5489
2026-08-12T07:29:00.000Z,2026-08-12T10:29:00,12.42,12.42,12.41,12.41,6785
2026-08-12T07:30:00.000Z,2026-08-12T10:30:00,12.41,12.42,12.4,12.42,3807
2026-08-12T07:31:00.000Z,2026-08-12T10:31:00,12.4,12.42,12.4,12.4,14540
2026-08-12T07:32:00.000Z,2026-08-12T10:32:00,12.4,12.4,12.4,12.4,1171
2026-08-12T07:33:00.000Z,2026-08-12T10:33:00,12.4,12.4,12.4,12.4,7243
2026-08-12T07:34:00.000Z,2026-08-12T10:34:00,12.4,12.42,12.4,12.42,265
2026-08-12T07:35:00.000Z,2026-08-12T10:35:00,12.38,12.38,12.38,12.38,15
2026-08-12T07:36:00.000Z,2026-08-12T10:36:00,12.41,12.41,12.41,12.41,50
2026-08-12T07:39:00.000Z,2026-08-12T10:39:00,12.38,12.38,12.38,12.38,200
2026-08-12T07:41:00.000Z,2026-08-12T10:41:00,12.39,12.4,12.34,12.34,31622
2026-08-12T07:42:00.000Z,2026-08-12T10:42:00,12.35,12.35,12.35,12.35,888
2026-08-12T07:44:00.000Z,2026-08-12T10:44:00,12.33,12.35,12.33,12.35,5000
2026-08-12T07:46:00.000Z,2026-08-12T10:46:00,12.33,12.33,12.33,12.33,600
2026-08-12T07:47:00.000Z,2026-08-12T10:47:00,12.35,12.35,12.35,12.35,10027
2026-08-12T07:48:00.000Z,2026-08-12T10:48:00,12.35,12.35,12.35,12.35,10
2026-08-12T07:49:00.000Z,2026-08-12T10:49:00,12.39,12.39,12.39,12.39,50
2026-08-12T07:50:00.000Z,2026-08-12T10:50:00,12.36,12.36,12.36,12.36,15
2026-08-12T07:51:00.000Z,2026-08-12T10:51:00,12.39,12.39,12.39,12.39,770
2026-08-12T07:52:00.000Z,2026-08-12T10:52:00,12.37,12.39,12.37,12.39,3985
2026-08-12T07:54:00.000Z,2026-08-12T10:54:00,12.39,12.41,12.35,12.35,30015
2026-08-12T07:57:00.000Z,2026-08-12T10:57:00,12.4,12.4,12.4,12.4,770
2026-08-12T08:01:00.000Z,2026-08-12T11:01:00,12.4,12.4,12.35,12.35,775
2026-08-12T08:02:00.000Z,2026-08-12T11:02:00,12.4,12.4,12.4,12.4,300
2026-08-12T08:04:00.000Z,2026-08-12T11:04:00,12.4,12.4,12.4,12.4,5
2026-08-12T08:05:00.000Z,2026-08-12T11:05:00,12.4,12.4,12.35,12.35,12300
2026-08-12T08:06:00.000Z,2026-08-12T11:06:00,12.4,12.4,12.4,12.4,7520
2026-08-12T08:07:00.000Z,2026-08-12T11:07:00,12.35,12.35,12.35,12.35,2536
2026-08-12T08:10:00.000Z,2026-08-12T11:10:00,12.35,12.35,12.35,12.35,2464
2026-08-12T08:11:00.000Z,2026-08-12T11:11:00,12.4,12.4,12.4,12.4,7500
2026-08-12T08:13:00.000Z,2026-08-12T11:13:00,12.34,12.34,12.34,12.34,673
2026-08-12T08:14:00.000Z,2026-08-12T11:14:00,12.35,12.35,12.35,12.35,500
2026-08-12T08:16:00.000Z,2026-08-12T11:16:00,12.35,12.35,12.35,12.35,4000
2026-08-12T08:18:00.000Z,2026-08-12T11:18:00,12.35,12.35,12.35,12.35,230
2026-08-12T08:20:00.000Z,2026-08-12T11:20:00,12.38,12.38,12.38,12.38,579
2026-08-12T08:21:00.000Z,2026-08-12T11:21:00,12.35,12.35,12.35,12.35,2000
2026-08-12T08:22:00.000Z,2026-08-12T11:22:00,12.35,12.35,12.35,12.35,3
2026-08-12T08:25:00.000Z,2026-08-12T11:25:00,12.35,12.35,12.35,12.35,404
2026-08-12T08:26:00.000Z,2026-08-12T11:26:00,12.35,12.35,12.3,12.3,60000
2026-08-12T08:27:00.000Z,2026-08-12T11:27:00,12.3,12.3,12.2,12.2,105500
2026-08-12T08:28:00.000Z,2026-08-12T11:28:00,12.3,12.4,12.3,12.4,62643
2026-08-12T08:29:00.000Z,2026-08-12T11:29:00,12.4,12.4,12.4,12.4,37357
2026-08-12T08:32:00.000Z,2026-08-12T11:32:00,12.31,12.39,12.31,12.39,7502
2026-08-12T08:34:00.000Z,2026-08-12T11:34:00,12.31,12.31,12.31,12.31,14
2026-08-12T08:36:00.000Z,2026-08-12T11:36:00,12.31,12.31,12.31,12.31,50
2026-08-12T08:38:00.000Z,2026-08-12T11:38:00,12.32,12.32,12.32,12.32,1500
2026-08-12T08:41:00.000Z,2026-08-12T11:41:00,12.38,12.38,12.38,12.38,7500
2026-08-12T08:44:00.000Z,2026-08-12T11:44:00,12.38,12.38,12.38,12.38,149
2026-08-12T08:45:00.000Z,2026-08-12T11:45:00,12.38,12.38,12.38,12.38,1597
2026-08-12T08:47:00.000Z,2026-08-12T11:47:00,12.38,12.38,12.38,12.38,1211
2026-08-12T08:50:00.000Z,2026-08-12T11:50:00,12.37,12.37,12.37,12.37,7500
2026-08-12T08:54:00.000Z,2026-08-12T11:54:00,12.33,12.33,12.33,12.33,3000
2026-08-12T08:55:00.000Z,2026-08-12T11:55:00,12.33,12.33,12.33,12.33,48000
2026-08-12T08:56:00.000Z,2026-08-12T11:56:00,12.36,12.36,12.33,12.33,1666
2026-08-12T08:59:00.000Z,2026-08-12T11:59:00,12.36,12.36,12.36,12.36,3000
2026-08-12T09:00:00.000Z,2026-08-12T12:00:00,12.36,12.38,12.36,12.38,7500
2026-08-12T09:02:00.000Z,2026-08-12T12:02:00,12.34,12.34,12.34,12.34,579
2026-08-12T09:03:00.000Z,2026-08-12T12:03:00,12.34,12.34,12.31,12.31,5000
2026-08-12T09:04:00.000Z,2026-08-12T12:04:00,12.32,12.32,12.31,12.31,10000
2026-08-12T09:06:00.000Z,2026-08-12T12:06:00,12.32,12.32,12.32,12.32,4002
2026-08-12T09:09:00.000Z,2026-08-12T12:09:00,12.36,12.37,12.36,12.37,1850
2026-08-12T09:11:00.000Z,2026-08-12T12:11:00,12.34,12.34,12.33,12.33,4405
2026-08-12T09:14:00.000Z,2026-08-12T12:14:00,12.33,12.33,12.33,12.33,324
2026-08-12T09:15:00.000Z,2026-08-12T12:15:00,12.36,12.36,12.36,12.36,7500
2026-08-12T09:18:00.000Z,2026-08-12T12:18:00,12.36,12.38,12.36,12.38,18190
2026-08-12T09:19:00.000Z,2026-08-12T12:19:00,12.38,12.39,12.38,12.39,14705
2026-08-12T09:21:00.000Z,2026-08-12T12:21:00,12.34,12.34,12.34,12.34,10000
2026-08-12T09:28:00.000Z,2026-08-12T12:28:00,12.39,12.4,12.39,12.4,33627
2026-08-12T09:29:00.000Z,2026-08-12T12:29:00,12.37,12.37,12.37,12.37,1500
2026-08-12T09:32:00.000Z,2026-08-12T12:32:00,12.35,12.35,12.35,12.35,6000
2026-08-12T09:35:00.000Z,2026-08-12T12:35:00,12.35,12.35,12.35,12.35,550
2026-08-12T09:37:00.000Z,2026-08-12T12:37:00,12.35,12.35,12.35,12.35,4450
2026-08-12T09:39:00.000Z,2026-08-12T12:39:00,12.38,12.39,12.38,12.39,7500
2026-08-12T09:45:00.000Z,2026-08-12T12:45:00,12.39,12.4,12.39,12.4,13400
2026-08-12T09:47:00.000Z,2026-08-12T12:47:00,12.4,12.4,12.4,12.4,700
2026-08-12T09:48:00.000Z,2026-08-12T12:48:00,12.4,12.4,12.4,12.4,5071
2026-08-12T09:50:00.000Z,2026-08-12T12:50:00,12.37,12.37,12.3,12.3,25804
2026-08-12T09:51:00.000Z,2026-08-12T12:51:00,12.3,12.3,12.3,12.3,46558
2026-08-12T09:52:00.000Z,2026-08-12T12:52:00,12.3,12.3,12.3,12.3,18033
2026-08-12T09:53:00.000Z,2026-08-12T12:53:00,12.27,12.27,12.27,12.27,3922
2026-08-12T09:54:00.000Z,2026-08-12T12:54:00,12.3,12.3,12.3,12.3,9605
2026-08-12T09:58:00.000Z,2026-08-12T12:58:00,12.39,12.4,12.39,12.4,20219
2026-08-12T09:59:00.000Z,2026-08-12T12:59:00,12.4,12.46,12.4,12.46,33503
2026-08-12T10:00:00.000Z,2026-08-12T13:00:00,12.47,12.58,12.47,12.58,82029
2026-08-12T10:01:00.000Z,2026-08-12T13:01:00,12.58,12.58,12.58,12.58,22000
2026-08-12T10:02:00.000Z,2026-08-12T13:02:00,12.55,12.6,12.55,12.6,61786
2026-08-12T10:03:00.000Z,2026-08-12T13:03:00,12.62,12.8,12.6,12.8,122227
2026-08-12T10:04:00.000Z,2026-08-12T13:04:00,12.79,12.84,12.7,12.78,88103
2026-08-12T10:05:00.000Z,2026-08-12T13:05:00,12.78,12.8,12.7,12.7,36960
2026-08-12T10:06:00.000Z,2026-08-12T13:06:00,12.66,12.66,12.66,12.66,18337
2026-08-12T10:07:00.000Z,2026-08-12T13:07:00,12.65,12.65,12.62,12.62,11754
2026-08-12T10:08:00.000Z,2026-08-12T13:08:00,12.62,12.65,12.6,12.6,33221
2026-08-12T10:09:00.000Z,2026-08-12T13:09:00,12.6,12.65,12.58,12.58,7247
2026-08-12T10:10:00.000Z,2026-08-12T13:10:00,12.58,12.6,12.58,12.58,5097
2026-08-12T10:11:00.000Z,2026-08-12T13:11:00,12.6,12.62,12.6,12.62,5675
2026-08-12T10:12:00.000Z,2026-08-12T13:12:00,12.64,12.64,12.63,12.63,14356
2026-08-12T10:13:00.000Z,2026-08-12T13:13:00,12.63,12.65,12.63,12.64,15845
2026-08-12T10:14:00.000Z,2026-08-12T13:14:00,12.65,12.65,12.64,12.64,13263
2026-08-12T10:15:00.000Z,2026-08-12T13:15:00,12.65,12.69,12.65,12.69,4624
2026-08-12T10:16:00.000Z,2026-08-12T13:16:00,12.69,12.7,12.69,12.7,20000
2026-08-12T10:17:00.000Z,2026-08-12T13:17:00,12.66,12.7,12.65,12.69,7745
2026-08-12T10:18:00.000Z,2026-08-12T13:18:00,12.65,12.65,12.64,12.64,13845
2026-08-12T10:19:00.000Z,2026-08-12T13:19:00,12.64,12.64,12.64,12.64,11300
2026-08-12T10:20:00.000Z,2026-08-12T13:20:00,12.64,12.64,12.63,12.63,11610
2026-08-12T10:21:00.000Z,2026-08-12T13:21:00,12.63,12.64,12.63,12.64,1400
2026-08-12T10:23:00.000Z,2026-08-12T13:23:00,12.64,12.69,12.64,12.65,12500
2026-08-12T10:24:00.000Z,2026-08-12T13:24:00,12.64,12.64,12.64,12.64,9750
2026-08-12T10:25:00.000Z,2026-08-12T13:25:00,12.64,12.69,12.64,12.69,16070
2026-08-12T10:26:00.000Z,2026-08-12T13:26:00,12.64,12.64,12.64,12.64,750
2026-08-12T10:27:00.000Z,2026-08-12T13:27:00,12.64,12.64,12.63,12.63,8371
2026-08-12T10:29:00.000Z,2026-08-12T13:29:00,12.65,12.65,12.61,12.61,9400
2026-08-12T10:31:00.000Z,2026-08-12T13:31:00,12.66,12.66,12.6,12.6,10497
2026-08-12T10:32:00.000Z,2026-08-12T13:32:00,12.65,12.66,12.6,12.6,8350
2026-08-12T10:33:00.000Z,2026-08-12T13:33:00,12.6,12.66,12.6,12.66,5109
2026-08-12T10:35:00.000Z,2026-08-12T13:35:00,12.66,12.66,12.61,12.61,855
2026-08-12T10:36:00.000Z,2026-08-12T13:36:00,12.61,12.61,12.6,12.6,50000
2026-08-12T10:37:00.000Z,2026-08-12T13:37:00,12.62,12.62,12.62,12.62,1500
2026-08-12T10:39:00.000Z,2026-08-12T13:39:00,12.62,12.62,12.56,12.56,14050
2026-08-12T10:41:00.000Z,2026-08-12T13:41:00,12.6,12.6,12.6,12.6,24
2026-08-12T10:42:00.000Z,2026-08-12T13:42:00,12.6,12.6,12.6,12.6,800
2026-08-12T10:43:00.000Z,2026-08-12T13:43:00,12.6,12.6,12.6,12.6,79
2026-08-12T10:45:00.000Z,2026-08-12T13:45:00,12.6,12.6,12.56,12.56,950
2026-08-12T10:46:00.000Z,2026-08-12T13:46:00,12.56,12.56,12.51,12.51,20000
2026-08-12T10:47:00.000Z,2026-08-12T13:47:00,12.59,12.6,12.57,12.57,4000
2026-08-12T10:48:00.000Z,2026-08-12T13:48:00,12.51,12.51,12.5,12.5,27999
2026-08-12T10:49:00.000Z,2026-08-12T13:49:00,12.56,12.56,12.5,12.5,360
2026-08-12T10:50:00.000Z,2026-08-12T13:50:00,12.5,12.5,12.42,12.42,26050
2026-08-12T10:51:00.000Z,2026-08-12T13:51:00,12.5,12.5,12.5,12.5,5150
2026-08-12T10:52:00.000Z,2026-08-12T13:52:00,12.5,12.56,12.5,12.56,9000
2026-08-12T10:56:00.000Z,2026-08-12T13:56:00,12.55,12.56,12.5,12.5,8001
2026-08-12T10:57:00.000Z,2026-08-12T13:57:00,12.51,12.51,12.5,12.5,15816
2026-08-12T10:59:00.000Z,2026-08-12T13:59:00,12.49,12.49,12.44,12.45,16089
2026-08-12T11:00:00.000Z,2026-08-12T14:00:00,12.45,12.45,12.45,12.45,184
2026-08-12T11:02:00.000Z,2026-08-12T14:02:00,12.5,12.5,12.5,12.5,1632
2026-08-12T11:03:00.000Z,2026-08-12T14:03:00,12.55,12.59,12.51,12.51,7518
2026-08-12T11:04:00.000Z,2026-08-12T14:04:00,12.51,12.59,12.5,12.5,12881
2026-08-12T11:05:00.000Z,2026-08-12T14:05:00,12.51,12.51,12.51,12.51,60
2026-08-12T11:06:00.000Z,2026-08-12T14:06:00,12.52,12.52,12.5,12.5,20379
2026-08-12T11:08:00.000Z,2026-08-12T14:08:00,12.49,12.5,12.49,12.5,2278
2026-08-12T11:09:00.000Z,2026-08-12T14:09:00,12.53,12.57,12.53,12.57,1896
2026-08-12T11:10:00.000Z,2026-08-12T14:10:00,12.57,12.58,12.57,12.58,21135
2026-08-12T11:11:00.000Z,2026-08-12T14:11:00,12.58,12.58,12.55,12.55,6640
2026-08-12T11:12:00.000Z,2026-08-12T14:12:00,12.55,12.56,12.5,12.5,27823
2026-08-12T11:13:00.000Z,2026-08-12T14:13:00,12.55,12.55,12.55,12.55,4613
2026-08-12T11:14:00.000Z,2026-08-12T14:14:00,12.53,12.53,12.51,12.51,14334
2026-08-12T11:25:00.000Z,2026-08-12T14:25:00,12.6,12.6,12.6,12.6,45650
2026-08-12T11:26:00.000Z,2026-08-12T14:26:00,12.6,12.6,12.6,12.6,5049
2026-08-12T11:27:00.000Z,2026-08-12T14:27:00,12.6,12.6,12.6,12.6,9000
2026-08-12T11:28:00.000Z,2026-08-12T14:28:00,12.6,12.6,12.6,12.6,3000
2026-08-13T07:00:00.000Z,2026-08-13T10:00:00,12.62,12.62,12.62,12.62,13955
2026-08-13T07:01:00.000Z,2026-08-13T10:01:00,12.63,12.63,12.63,12.63,818
2026-08-13T07:02:00.000Z,2026-08-13T10:02:00,12.65,12.7,12.65,12.7,11200
2026-08-13T07:03:00.000Z,2026-08-13T10:03:00,12.69,12.7,12.69,12.7,6000
2026-08-13T07:04:00.000Z,2026-08-13T10:04:00,12.7,12.7,12.65,12.65,12975
2026-08-13T07:05:00.000Z,2026-08-13T10:05:00,12.73,12.75,12.73,12.75,20790
2026-08-13T07:06:00.000Z,2026-08-13T10:06:00,12.74,12.75,12.65,12.65,38020
2026-08-13T07:07:00.000Z,2026-08-13T10:07:00,12.7,12.75,12.7,12.75,31980
2026-08-13T07:08:00.000Z,2026-08-13T10:08:00,12.75,12.75,12.75,12.75,6120
2026-08-13T07:09:00.000Z,2026-08-13T10:09:00,12.75,12.75,12.75,12.75,2100
2026-08-13T07:10:00.000Z,2026-08-13T10:10:00,12.74,12.74,12.66,12.66,23088
2026-08-13T07:11:00.000Z,2026-08-13T10:11:00,12.7,12.7,12.7,12.7,2118
2026-08-13T07:12:00.000Z,2026-08-13T10:12:00,12.74,12.74,12.7,12.7,14388
2026-08-13T07:13:00.000Z,2026-08-13T10:13:00,12.71,12.74,12.71,12.71,3501
2026-08-13T07:14:00.000Z,2026-08-13T10:14:00,12.7,12.74,12.7,12.74,8492
2026-08-13T07:15:00.000Z,2026-08-13T10:15:00,12.74,12.74,12.7,12.7,17008
2026-08-13T07:16:00.000Z,2026-08-13T10:16:00,12.73,12.73,12.7,12.73,4114
2026-08-13T07:17:00.000Z,2026-08-13T10:17:00,12.71,12.71,12.71,12.71,2000
2026-08-13T07:18:00.000Z,2026-08-13T10:18:00,12.7,12.7,12.7,12.7,18482
2026-08-13T07:20:00.000Z,2026-08-13T10:20:00,12.7,12.7,12.68,12.68,6718
2026-08-13T07:21:00.000Z,2026-08-13T10:21:00,12.7,12.7,12.7,12.7,25504
2026-08-13T07:22:00.000Z,2026-08-13T10:22:00,12.7,12.73,12.7,12.73,16020
2026-08-13T07:24:00.000Z,2026-08-13T10:24:00,12.72,12.72,12.72,12.72,150
2026-08-13T07:25:00.000Z,2026-08-13T10:25:00,12.72,12.72,12.72,12.72,700
2026-08-13T07:26:00.000Z,2026-08-13T10:26:00,12.7,12.7,12.7,12.7,2000
2026-08-13T07:27:00.000Z,2026-08-13T10:27:00,12.7,12.7,12.7,12.7,12800
2026-08-13T07:28:00.000Z,2026-08-13T10:28:00,12.67,12.69,12.67,12.69,4010
2026-08-13T07:30:00.000Z,2026-08-13T10:30:00,12.67,12.67,12.67,12.67,2000
2026-08-13T07:31:00.000Z,2026-08-13T10:31:00,12.69,12.7,12.69,12.7,2000
2026-08-13T07:34:00.000Z,2026-08-13T10:34:00,12.7,12.7,12.63,12.63,29222
2026-08-13T07:36:00.000Z,2026-08-13T10:36:00,12.65,12.65,12.65,12.65,1999
2026-08-13T07:38:00.000Z,2026-08-13T10:38:00,12.66,12.66,12.65,12.65,8000
2026-08-13T07:40:00.000Z,2026-08-13T10:40:00,12.7,12.7,12.7,12.7,2000
2026-08-13T07:43:00.000Z,2026-08-13T10:43:00,12.69,12.69,12.69,12.69,300
2026-08-13T07:44:00.000Z,2026-08-13T10:44:00,12.69,12.7,12.69,12.7,6023
2026-08-13T07:48:00.000Z,2026-08-13T10:48:00,12.69,12.69,12.69,12.69,2000
2026-08-13T07:49:00.000Z,2026-08-13T10:49:00,12.7,12.7,12.7,12.7,26
2026-08-13T07:52:00.000Z,2026-08-13T10:52:00,12.65,12.65,12.65,12.65,617
2026-08-13T07:53:00.000Z,2026-08-13T10:53:00,12.65,12.65,12.64,12.64,4073
2026-08-13T07:55:00.000Z,2026-08-13T10:55:00,12.69,12.69,12.64,12.64,5005
2026-08-13T07:59:00.000Z,2026-08-13T10:59:00,12.64,12.64,12.64,12.64,1800
2026-08-13T08:00:00.000Z,2026-08-13T11:00:00,12.64,12.64,12.64,12.64,2106
2026-08-13T08:01:00.000Z,2026-08-13T11:01:00,12.63,12.63,12.6,12.6,32812
2026-08-13T08:09:00.000Z,2026-08-13T11:09:00,12.62,12.62,12.61,12.61,1241
2026-08-13T08:10:00.000Z,2026-08-13T11:10:00,12.61,12.61,12.61,12.61,150
2026-08-13T08:11:00.000Z,2026-08-13T11:11:00,12.61,12.61,12.61,12.61,1500
2026-08-13T08:12:00.000Z,2026-08-13T11:12:00,12.61,12.61,12.6,12.6,16515
2026-08-13T08:14:00.000Z,2026-08-13T11:14:00,12.59,12.59,12.58,12.58,11617
2026-08-13T08:16:00.000Z,2026-08-13T11:16:00,12.6,12.6,12.6,12.6,10
2026-08-13T08:17:00.000Z,2026-08-13T11:17:00,12.6,12.6,12.6,12.6,475
2026-08-13T08:18:00.000Z,2026-08-13T11:18:00,12.64,12.64,12.6,12.6,7526
2026-08-13T08:19:00.000Z,2026-08-13T11:19:00,12.6,12.6,12.6,12.6,500
2026-08-13T08:20:00.000Z,2026-08-13T11:20:00,12.6,12.6,12.6,12.6,42
2026-08-13T08:21:00.000Z,2026-08-13T11:21:00,12.6,12.6,12.6,12.6,396
2026-08-13T08:23:00.000Z,2026-08-13T11:23:00,12.6,12.6,12.6,12.6,13878
2026-08-13T08:25:00.000Z,2026-08-13T11:25:00,12.65,12.65,12.65,12.65,2250
2026-08-13T08:28:00.000Z,2026-08-13T11:28:00,12.61,12.61,12.61,12.61,118
2026-08-13T08:32:00.000Z,2026-08-13T11:32:00,12.65,12.65,12.6,12.6,15000
2026-08-13T08:34:00.000Z,2026-08-13T11:34:00,12.65,12.68,12.65,12.68,13000
2026-08-13T08:35:00.000Z,2026-08-13T11:35:00,12.69,12.69,12.68,12.68,2000
2026-08-13T08:37:00.000Z,2026-08-13T11:37:00,12.67,12.69,12.67,12.69,13000
2026-08-13T08:38:00.000Z,2026-08-13T11:38:00,12.61,12.69,12.59,12.69,26621
2026-08-13T08:50:00.000Z,2026-08-13T11:50:00,12.62,12.67,12.62,12.67,1098
2026-08-13T08:51:00.000Z,2026-08-13T11:51:00,12.62,12.62,12.62,12.62,2
2026-08-13T08:52:00.000Z,2026-08-13T11:52:00,12.62,12.67,12.62,12.67,8246
2026-08-13T08:53:00.000Z,2026-08-13T11:53:00,12.67,12.67,12.67,12.67,24
2026-08-13T08:54:00.000Z,2026-08-13T11:54:00,12.62,12.62,12.6,12.6,6000
2026-08-13T08:56:00.000Z,2026-08-13T11:56:00,12.61,12.61,12.61,12.61,100
2026-08-13T08:57:00.000Z,2026-08-13T11:57:00,12.61,12.61,12.61,12.61,5300
2026-08-13T08:58:00.000Z,2026-08-13T11:58:00,12.61,12.61,12.61,12.61,2380
2026-08-13T08:59:00.000Z,2026-08-13T11:59:00,12.65,12.65,12.61,12.61,5281
2026-08-13T09:03:00.000Z,2026-08-13T12:03:00,12.63,12.65,12.6,12.6,24759
2026-08-13T09:04:00.000Z,2026-08-13T12:04:00,12.6,12.6,12.6,12.6,21000
2026-08-13T09:05:00.000Z,2026-08-13T12:05:00,12.6,12.6,12.6,12.6,20595
2026-08-13T09:06:00.000Z,2026-08-13T12:06:00,12.59,12.59,12.59,12.59,4950
2026-08-13T09:07:00.000Z,2026-08-13T12:07:00,12.6,12.6,12.6,12.6,4900
2026-08-13T09:08:00.000Z,2026-08-13T12:08:00,12.59,12.59,12.59,12.59,1447
2026-08-13T09:09:00.000Z,2026-08-13T12:09:00,12.6,12.6,12.6,12.6,4300
2026-08-13T09:10:00.000Z,2026-08-13T12:10:00,12.6,12.6,12.6,12.6,71
2026-08-13T09:11:00.000Z,2026-08-13T12:11:00,12.59,12.59,12.59,12.59,2261
2026-08-13T09:12:00.000Z,2026-08-13T12:12:00,12.59,12.59,12.58,12.58,3840
2026-08-13T09:13:00.000Z,2026-08-13T12:13:00,12.58,12.58,12.57,12.58,3057
2026-08-13T09:14:00.000Z,2026-08-13T12:14:00,12.6,12.6,12.6,12.6,1500
2026-08-13T09:15:00.000Z,2026-08-13T12:15:00,12.58,12.58,12.58,12.58,1000
2026-08-13T09:16:00.000Z,2026-08-13T12:16:00,12.58,12.58,12.57,12.57,5000
2026-08-13T09:19:00.000Z,2026-08-13T12:19:00,12.57,12.57,12.55,12.55,18137
2026-08-13T09:21:00.000Z,2026-08-13T12:21:00,12.52,12.52,12.52,12.52,6863
2026-08-13T09:23:00.000Z,2026-08-13T12:23:00,12.52,12.52,12.51,12.51,16501
2026-08-13T09:24:00.000Z,2026-08-13T12:24:00,12.51,12.51,12.51,12.51,2000
2026-08-13T09:27:00.000Z,2026-08-13T12:27:00,12.56,12.56,12.56,12.56,5000
2026-08-13T09:29:00.000Z,2026-08-13T12:29:00,12.55,12.55,12.55,12.55,35
2026-08-13T09:33:00.000Z,2026-08-13T12:33:00,12.55,12.55,12.55,12.55,2226
2026-08-13T09:35:00.000Z,2026-08-13T12:35:00,12.55,12.55,12.55,12.55,5400
2026-08-13T09:36:00.000Z,2026-08-13T12:36:00,12.53,12.53,12.53,12.53,113
2026-08-13T09:40:00.000Z,2026-08-13T12:40:00,12.53,12.53,12.5,12.5,10703
2026-08-13T09:42:00.000Z,2026-08-13T12:42:00,12.5,12.54,12.5,12.54,8535
2026-08-13T09:45:00.000Z,2026-08-13T12:45:00,12.5,12.5,12.5,12.5,2378
2026-08-13T09:48:00.000Z,2026-08-13T12:48:00,12.49,12.49,12.49,12.49,800
2026-08-13T09:49:00.000Z,2026-08-13T12:49:00,12.5,12.5,12.5,12.5,4000
2026-08-13T09:51:00.000Z,2026-08-13T12:51:00,12.5,12.5,12.49,12.49,5050
2026-08-13T09:54:00.000Z,2026-08-13T12:54:00,12.49,12.49,12.49,12.49,50
2026-08-13T09:55:00.000Z,2026-08-13T12:55:00,12.47,12.47,12.46,12.46,2439
2026-08-13T09:57:00.000Z,2026-08-13T12:57:00,12.46,12.46,12.46,12.46,3000
2026-08-13T09:58:00.000Z,2026-08-13T12:58:00,12.49,12.49,12.49,12.49,36
2026-08-13T10:00:00.000Z,2026-08-13T13:00:00,12.47,12.47,12.46,12.46,401
2026-08-13T10:03:00.000Z,2026-08-13T13:03:00,12.48,12.5,12.48,12.5,800
2026-08-13T10:05:00.000Z,2026-08-13T13:05:00,12.5,12.5,12.5,12.5,2500
2026-08-13T10:08:00.000Z,2026-08-13T13:08:00,12.49,12.49,12.48,12.48,3500
2026-08-13T10:09:00.000Z,2026-08-13T13:09:00,12.5,12.5,12.46,12.46,735
2026-08-13T10:11:00.000Z,2026-08-13T13:11:00,12.46,12.46,12.45,12.45,1000
2026-08-13T10:12:00.000Z,2026-08-13T13:12:00,12.46,12.46,12.46,12.46,15
2026-08-13T10:14:00.000Z,2026-08-13T13:14:00,12.45,12.45,12.45,12.45,2185
2026-08-13T10:15:00.000Z,2026-08-13T13:15:00,12.45,12.45,12.45,12.45,36
2026-08-13T10:17:00.000Z,2026-08-13T13:17:00,12.46,12.46,12.46,12.46,350
2026-08-13T10:18:00.000Z,2026-08-13T13:18:00,12.45,12.45,12.4,12.4,12000
2026-08-13T10:19:00.000Z,2026-08-13T13:19:00,12.4,12.4,12.4,12.4,1320
2026-08-13T10:21:00.000Z,2026-08-13T13:21:00,12.4,12.4,12.4,12.4,4167
2026-08-13T10:22:00.000Z,2026-08-13T13:22:00,12.4,12.4,12.4,12.4,20000
2026-08-13T10:33:00.000Z,2026-08-13T13:33:00,12.43,12.43,12.43,12.43,335
2026-08-13T10:37:00.000Z,2026-08-13T13:37:00,12.43,12.45,12.43,12.45,2407
2026-08-13T10:38:00.000Z,2026-08-13T13:38:00,12.43,12.43,12.41,12.41,1000
2026-08-13T10:39:00.000Z,2026-08-13T13:39:00,12.45,12.55,12.45,12.49,15000
2026-08-13T10:40:00.000Z,2026-08-13T13:40:00,12.49,12.49,12.49,12.49,7000
2026-08-13T10:41:00.000Z,2026-08-13T13:41:00,12.42,12.42,12.42,12.42,1000
2026-08-13T10:43:00.000Z,2026-08-13T13:43:00,12.49,12.49,12.49,12.49,3000
2026-08-13T10:45:00.000Z,2026-08-13T13:45:00,12.42,12.42,12.4,12.4,15000
2026-08-13T10:46:00.000Z,2026-08-13T13:46:00,12.48,12.48,12.4,12.4,10403
2026-08-13T10:47:00.000Z,2026-08-13T13:47:00,12.4,12.4,12.4,12.4,8416
2026-08-13T10:49:00.000Z,2026-08-13T13:49:00,12.37,12.37,12.37,12.37,437
2026-08-13T10:50:00.000Z,2026-08-13T13:50:00,12.4,12.4,12.4,12.4,6897
2026-08-13T10:51:00.000Z,2026-08-13T13:51:00,12.4,12.4,12.4,12.4,13103
2026-08-13T10:52:00.000Z,2026-08-13T13:52:00,12.4,12.47,12.4,12.47,8848
2026-08-13T10:54:00.000Z,2026-08-13T13:54:00,12.42,12.42,12.42,12.42,1951
2026-08-13T10:57:00.000Z,2026-08-13T13:57:00,12.42,12.42,12.42,12.42,6000
2026-08-13T11:02:00.000Z,2026-08-13T14:02:00,12.42,12.42,12.42,12.42,3096
2026-08-13T11:05:00.000Z,2026-08-13T14:05:00,12.42,12.42,12.42,12.42,4256
2026-08-13T11:06:00.000Z,2026-08-13T14:06:00,12.42,12.44,12.38,12.38,26780
2026-08-13T11:07:00.000Z,2026-08-13T14:07:00,12.4,12.4,12.4,12.4,1490
2026-08-13T11:08:00.000Z,2026-08-13T14:08:00,12.4,12.4,12.37,12.37,12988
2026-08-13T11:09:00.000Z,2026-08-13T14:09:00,12.37,12.38,12.36,12.38,26010
2026-08-13T11:10:00.000Z,2026-08-13T14:10:00,12.38,12.4,12.38,12.4,6500
2026-08-13T11:12:00.000Z,2026-08-13T14:12:00,12.4,12.43,12.4,12.4,16200
2026-08-13T11:13:00.000Z,2026-08-13T14:13:00,12.37,12.4,12.37,12.37,4062
2026-08-13T11:14:00.000Z,2026-08-13T14:14:00,12.38,12.38,12.37,12.37,12000
2026-08-13T11:25:00.000Z,2026-08-13T14:25:00,12.38,12.38,12.38,12.38,5450
2026-08-16T07:00:00.000Z,2026-08-16T10:00:00,12.58,12.6,12.58,12.6,8726
2026-08-16T07:01:00.000Z,2026-08-16T10:01:00,12.57,12.6,12.46,12.6,4849
2026-08-16T07:03:00.000Z,2026-08-16T10:03:00,12.6,12.6,12.6,12.6,934
2026-08-16T07:04:00.000Z,2026-08-16T10:04:00,12.6,12.6,12.57,12.57,607
2026-08-16T07:05:00.000Z,2026-08-16T10:05:00,12.57,12.57,12.5,12.5,3958
2026-08-16T07:06:00.000Z,2026-08-16T10:06:00,12.5,12.59,12.5,12.59,7226
2026-08-16T07:07:00.000Z,2026-08-16T10:07:00,12.59,12.59,12.59,12.59,660
2026-08-16T07:08:00.000Z,2026-08-16T10:08:00,12.59,12.6,12.59,12.6,2883
2026-08-16T07:09:00.000Z,2026-08-16T10:09:00,12.6,12.6,12.5,12.6,2061
2026-08-16T07:11:00.000Z,2026-08-16T10:11:00,12.59,12.6,12.59,12.6,14821
2026-08-16T07:12:00.000Z,2026-08-16T10:12:00,12.6,12.67,12.6,12.67,16554
2026-08-16T07:13:00.000Z,2026-08-16T10:13:00,12.67,12.69,12.66,12.69,29918
2026-08-16T07:14:00.000Z,2026-08-16T10:14:00,12.68,12.7,12.68,12.7,13224
2026-08-16T07:15:00.000Z,2026-08-16T10:15:00,12.6,12.6,12.6,12.6,831
2026-08-16T07:16:00.000Z,2026-08-16T10:16:00,12.6,12.6,12.6,12.6,4462
2026-08-16T07:17:00.000Z,2026-08-16T10:17:00,12.6,12.6,12.58,12.6,5255
2026-08-16T07:18:00.000Z,2026-08-16T10:18:00,12.6,12.7,12.6,12.7,5578
2026-08-16T07:20:00.000Z,2026-08-16T10:20:00,12.69,12.7,12.69,12.7,11657
2026-08-16T07:21:00.000Z,2026-08-16T10:21:00,12.7,12.7,12.69,12.69,3308
2026-08-16T07:22:00.000Z,2026-08-16T10:22:00,12.61,12.61,12.61,12.61,224
2026-08-16T07:24:00.000Z,2026-08-16T10:24:00,12.67,12.67,12.67,12.67,943
2026-08-16T07:25:00.000Z,2026-08-16T10:25:00,12.62,12.62,12.62,12.62,72
2026-08-16T07:26:00.000Z,2026-08-16T10:26:00,12.67,12.67,12.61,12.61,10198
2026-08-16T07:27:00.000Z,2026-08-16T10:27:00,12.65,12.65,12.65,12.65,100
2026-08-16T07:28:00.000Z,2026-08-16T10:28:00,12.67,12.67,12.67,12.67,9
2026-08-16T07:29:00.000Z,2026-08-16T10:29:00,12.65,12.65,12.61,12.61,4092
2026-08-16T07:31:00.000Z,2026-08-16T10:31:00,12.61,12.64,12.6,12.6,17041
2026-08-16T07:33:00.000Z,2026-08-16T10:33:00,12.6,12.65,12.6,12.65,9293
2026-08-16T07:34:00.000Z,2026-08-16T10:34:00,12.6,12.6,12.6,12.6,1382
2026-08-16T07:37:00.000Z,2026-08-16T10:37:00,12.6,12.6,12.6,12.6,1803
2026-08-16T07:38:00.000Z,2026-08-16T10:38:00,12.6,12.6,12.55,12.55,10536
2026-08-16T07:39:00.000Z,2026-08-16T10:39:00,12.53,12.53,12.53,12.53,150
2026-08-16T07:40:00.000Z,2026-08-16T10:40:00,12.53,12.55,12.53,12.55,781
2026-08-16T07:41:00.000Z,2026-08-16T10:41:00,12.55,12.55,12.55,12.55,800
2026-08-16T07:42:00.000Z,2026-08-16T10:42:00,12.55,12.64,12.55,12.64,18448
2026-08-16T07:43:00.000Z,2026-08-16T10:43:00,12.64,12.64,12.6,12.6,14706
2026-08-16T07:45:00.000Z,2026-08-16T10:45:00,12.55,12.55,12.55,12.55,32
2026-08-16T07:46:00.000Z,2026-08-16T10:46:00,12.64,12.64,12.64,12.64,15
2026-08-16T07:47:00.000Z,2026-08-16T10:47:00,12.64,12.64,12.64,12.64,316
2026-08-16T07:51:00.000Z,2026-08-16T10:51:00,12.63,12.63,12.55,12.55,9762
2026-08-16T07:53:00.000Z,2026-08-16T10:53:00,12.6,12.6,12.6,12.6,50
2026-08-16T07:54:00.000Z,2026-08-16T10:54:00,12.6,12.6,12.6,12.6,33
2026-08-16T07:57:00.000Z,2026-08-16T10:57:00,12.6,12.6,12.6,12.6,100
2026-08-16T08:00:00.000Z,2026-08-16T11:00:00,12.56,12.56,12.56,12.56,16
2026-08-16T08:02:00.000Z,2026-08-16T11:02:00,12.6,12.6,12.6,12.6,20
2026-08-16T08:03:00.000Z,2026-08-16T11:03:00,12.56,12.6,12.55,12.6,13054
2026-08-16T08:06:00.000Z,2026-08-16T11:06:00,12.56,12.56,12.55,12.55,4500
2026-08-16T08:07:00.000Z,2026-08-16T11:07:00,12.55,12.6,12.55,12.6,1337
2026-08-16T08:09:00.000Z,2026-08-16T11:09:00,12.56,12.56,12.56,12.56,1136
2026-08-16T08:14:00.000Z,2026-08-16T11:14:00,12.56,12.56,12.56,12.56,1137
2026-08-16T08:17:00.000Z,2026-08-16T11:17:00,12.59,12.59,12.59,12.59,62
2026-08-16T08:18:00.000Z,2026-08-16T11:18:00,12.59,12.59,12.59,12.59,1500
2026-08-16T08:19:00.000Z,2026-08-16T11:19:00,12.59,12.59,12.59,12.59,15
2026-08-16T08:20:00.000Z,2026-08-16T11:20:00,12.59,12.59,12.59,12.59,810
2026-08-16T08:21:00.000Z,2026-08-16T11:21:00,12.59,12.59,12.57,12.57,2264
2026-08-16T08:22:00.000Z,2026-08-16T11:22:00,12.58,12.59,12.58,12.59,119
2026-08-16T08:23:00.000Z,2026-08-16T11:23:00,12.59,12.59,12.59,12.59,1
2026-08-16T08:25:00.000Z,2026-08-16T11:25:00,12.57,12.57,12.57,12.57,3280
2026-08-16T08:26:00.000Z,2026-08-16T11:26:00,12.56,12.56,12.55,12.55,5942
2026-08-16T08:28:00.000Z,2026-08-16T11:28:00,12.55,12.55,12.55,12.55,500
2026-08-16T08:30:00.000Z,2026-08-16T11:30:00,12.56,12.56,12.56,12.56,300
2026-08-16T08:31:00.000Z,2026-08-16T11:31:00,12.56,12.58,12.56,12.58,836
2026-08-16T08:33:00.000Z,2026-08-16T11:33:00,12.55,12.55,12.55,12.55,226
2026-08-16T08:34:00.000Z,2026-08-16T11:34:00,12.55,12.55,12.55,12.55,6000
2026-08-16T08:35:00.000Z,2026-08-16T11:35:00,12.58,12.58,12.56,12.56,632
2026-08-16T08:36:00.000Z,2026-08-16T11:36:00,12.56,12.56,12.56,12.56,537
2026-08-16T08:37:00.000Z,2026-08-16T11:37:00,12.55,12.56,12.55,12.56,2800
2026-08-16T08:38:00.000Z,2026-08-16T11:38:00,12.55,12.56,12.51,12.51,17979
2026-08-16T08:39:00.000Z,2026-08-16T11:39:00,12.57,12.57,12.57,12.57,100
2026-08-16T08:40:00.000Z,2026-08-16T11:40:00,12.52,12.52,12.52,12.52,150
2026-08-16T08:43:00.000Z,2026-08-16T11:43:00,12.57,12.57,12.57,12.57,1176
2026-08-16T08:46:00.000Z,2026-08-16T11:46:00,12.57,12.58,12.57,12.57,4970
2026-08-16T08:47:00.000Z,2026-08-16T11:47:00,12.57,12.57,12.57,12.57,757
2026-08-16T08:48:00.000Z,2026-08-16T11:48:00,12.55,12.55,12.51,12.51,10000
2026-08-16T08:52:00.000Z,2026-08-16T11:52:00,12.56,12.56,12.56,12.56,2155
2026-08-16T08:57:00.000Z,2026-08-16T11:57:00,12.56,12.56,12.56,12.56,1936
2026-08-16T08:58:00.000Z,2026-08-16T11:58:00,12.56,12.57,12.56,12.57,1137
2026-08-16T09:00:00.000Z,2026-08-16T12:00:00,12.52,12.52,12.51,12.51,8335
2026-08-16T09:02:00.000Z,2026-08-16T12:02:00,12.51,12.51,12.5,12.5,10366
2026-08-16T09:03:00.000Z,2026-08-16T12:03:00,12.51,12.51,12.5,12.5,5000
2026-08-16T09:04:00.000Z,2026-08-16T12:04:00,12.51,12.51,12.51,12.51,33
2026-08-16T09:05:00.000Z,2026-08-16T12:05:00,12.51,12.51,12.51,12.51,1209
2026-08-16T09:07:00.000Z,2026-08-16T12:07:00,12.51,12.51,12.51,12.51,2536
2026-08-16T09:09:00.000Z,2026-08-16T12:09:00,12.55,12.55,12.5,12.5,10200
2026-08-16T09:10:00.000Z,2026-08-16T12:10:00,12.5,12.51,12.5,12.5,11000
2026-08-16T09:13:00.000Z,2026-08-16T12:13:00,12.55,12.55,12.51,12.51,430
2026-08-16T09:14:00.000Z,2026-08-16T12:14:00,12.51,12.51,12.5,12.5,4755
2026-08-16T09:15:00.000Z,2026-08-16T12:15:00,12.5,12.5,12.5,12.5,245
2026-08-16T09:16:00.000Z,2026-08-16T12:16:00,12.51,12.51,12.5,12.5,6368
2026-08-16T09:17:00.000Z,2026-08-16T12:17:00,12.5,12.5,12.5,12.5,3708
2026-08-16T09:19:00.000Z,2026-08-16T12:19:00,12.51,12.51,12.51,12.51,277
2026-08-16T09:23:00.000Z,2026-08-16T12:23:00,12.54,12.54,12.54,12.54,1
2026-08-16T09:24:00.000Z,2026-08-16T12:24:00,12.54,12.55,12.54,12.55,2272
2026-08-16T09:33:00.000Z,2026-08-16T12:33:00,12.51,12.51,12.5,12.5,2557
2026-08-16T09:34:00.000Z,2026-08-16T12:34:00,12.49,12.49,12.49,12.49,376
2026-08-16T09:35:00.000Z,2026-08-16T12:35:00,12.5,12.55,12.5,12.55,1744
2026-08-16T09:37:00.000Z,2026-08-16T12:37:00,12.55,12.55,12.55,12.55,48
2026-08-16T09:39:00.000Z,2026-08-16T12:39:00,12.54,12.54,12.54,12.54,32
2026-08-16T09:41:00.000Z,2026-08-16T12:41:00,12.54,12.55,12.54,12.55,1000
2026-08-16T09:43:00.000Z,2026-08-16T12:43:00,12.54,12.54,12.54,12.54,2849
2026-08-16T09:46:00.000Z,2026-08-16T12:46:00,12.53,12.53,12.53,12.53,1136
2026-08-16T09:51:00.000Z,2026-08-16T12:51:00,12.53,12.53,12.53,12.53,1136
2026-08-16T09:56:00.000Z,2026-08-16T12:56:00,12.51,12.53,12.51,12.53,1535
2026-08-16T09:57:00.000Z,2026-08-16T12:57:00,12.53,12.53,12.53,12.53,393
2026-08-16T09:59:00.000Z,2026-08-16T12:59:00,12.52,12.52,12.5,12.5,4000
2026-08-16T10:01:00.000Z,2026-08-16T13:01:00,12.53,12.53,12.53,12.53,397
2026-08-16T10:03:00.000Z,2026-08-16T13:03:00,12.53,12.53,12.53,12.53,3000
2026-08-16T10:04:00.000Z,2026-08-16T13:04:00,12.53,12.53,12.53,12.53,2950
2026-08-16T10:05:00.000Z,2026-08-16T13:05:00,12.53,12.53,12.53,12.53,2
2026-08-16T10:07:00.000Z,2026-08-16T13:07:00,12.53,12.53,12.53,12.53,1136
2026-08-16T10:08:00.000Z,2026-08-16T13:08:00,12.53,12.54,12.53,12.54,2273
2026-08-16T10:09:00.000Z,2026-08-16T13:09:00,12.51,12.54,12.51,12.54,2381
2026-08-16T10:10:00.000Z,2026-08-16T13:10:00,12.54,12.54,12.54,12.54,50
2026-08-16T10:11:00.000Z,2026-08-16T13:11:00,12.54,12.55,12.54,12.55,20000
2026-08-16T10:12:00.000Z,2026-08-16T13:12:00,12.55,12.55,12.55,12.55,4287
2026-08-16T10:13:00.000Z,2026-08-16T13:13:00,12.55,12.55,12.55,12.55,11713
2026-08-16T10:14:00.000Z,2026-08-16T13:14:00,12.55,12.55,12.55,12.55,8000
2026-08-16T10:15:00.000Z,2026-08-16T13:15:00,12.57,12.57,12.57,12.57,1136
2026-08-16T10:17:00.000Z,2026-08-16T13:17:00,12.57,12.57,12.57,12.57,3000
2026-08-16T10:18:00.000Z,2026-08-16T13:18:00,12.55,12.55,12.55,12.55,10000
2026-08-16T10:22:00.000Z,2026-08-16T13:22:00,12.58,12.58,12.58,12.58,1136
2026-08-16T10:24:00.000Z,2026-08-16T13:24:00,12.52,12.52,12.52,12.52,1330
2026-08-16T10:31:00.000Z,2026-08-16T13:31:00,12.52,12.52,12.52,12.52,76
2026-08-16T10:32:00.000Z,2026-08-16T13:32:00,12.57,12.57,12.57,12.57,1137
2026-08-16T10:33:00.000Z,2026-08-16T13:33:00,12.57,12.57,12.57,12.57,2863
2026-08-16T10:35:00.000Z,2026-08-16T13:35:00,12.58,12.58,12.58,12.58,5035
2026-08-16T10:36:00.000Z,2026-08-16T13:36:00,12.58,12.58,12.58,12.58,956
2026-08-16T10:37:00.000Z,2026-08-16T13:37:00,12.58,12.58,12.58,12.58,397
2026-08-16T10:40:00.000Z,2026-08-16T13:40:00,12.57,12.57,12.57,12.57,2328
2026-08-16T10:44:00.000Z,2026-08-16T13:44:00,12.52,12.54,12.5,12.54,14554
2026-08-16T10:45:00.000Z,2026-08-16T13:45:00,12.51,12.51,12.5,12.5,2707
2026-08-16T10:46:00.000Z,2026-08-16T13:46:00,12.5,12.5,12.5,12.5,7293
2026-08-16T10:47:00.000Z,2026-08-16T13:47:00,12.54,12.54,12.5,12.5,6533
2026-08-16T10:48:00.000Z,2026-08-16T13:48:00,12.5,12.55,12.5,12.55,3943
2026-08-16T10:49:00.000Z,2026-08-16T13:49:00,12.54,12.54,12.54,12.54,1136
2026-08-16T10:50:00.000Z,2026-08-16T13:50:00,12.53,12.53,12.53,12.53,254
2026-08-16T10:51:00.000Z,2026-08-16T13:51:00,12.53,12.53,12.53,12.53,746
2026-08-16T10:52:00.000Z,2026-08-16T13:52:00,12.53,12.53,12.53,12.53,498
2026-08-16T10:54:00.000Z,2026-08-16T13:54:00,12.52,12.52,12.52,12.52,1116
2026-08-16T10:55:00.000Z,2026-08-16T13:55:00,12.52,12.53,12.52,12.53,1738
2026-08-16T10:57:00.000Z,2026-08-16T13:57:00,12.53,12.53,12.53,12.53,1200
2026-08-16T10:58:00.000Z,2026-08-16T13:58:00,12.52,12.52,12.52,12.52,2965
2026-08-16T10:59:00.000Z,2026-08-16T13:59:00,12.52,12.55,12.52,12.55,2272
2026-08-16T11:00:00.000Z,2026-08-16T14:00:00,12.55,12.67,12.55,12.67,34557
2026-08-16T11:01:00.000Z,2026-08-16T14:01:00,12.67,12.67,12.65,12.65,6080
2026-08-16T11:03:00.000Z,2026-08-16T14:03:00,12.55,12.64,12.55,12.64,2550
2026-08-16T11:04:00.000Z,2026-08-16T14:04:00,12.64,12.64,12.64,12.64,1136
2026-08-16T11:05:00.000Z,2026-08-16T14:05:00,12.64,12.64,12.64,12.64,1350
2026-08-16T11:06:00.000Z,2026-08-16T14:06:00,12.56,12.56,12.56,12.56,700
2026-08-16T11:07:00.000Z,2026-08-16T14:07:00,12.56,12.56,12.52,12.52,12000
2026-08-16T11:08:00.000Z,2026-08-16T14:08:00,12.53,12.53,12.53,12.53,1477
2026-08-16T11:12:00.000Z,2026-08-16T14:12:00,12.58,12.63,12.58,12.63,7670
2026-08-16T11:13:00.000Z,2026-08-16T14:13:00,12.55,12.63,12.55,12.63,4419
2026-08-16T11:14:00.000Z,2026-08-16T14:14:00,12.63,12.63,12.54,12.54,48966
2026-08-16T11:27:00.000Z,2026-08-16T14:27:00,12.63,12.63,12.63,12.63,5000
2026-08-16T11:28:00.000Z,2026-08-16T14:28:00,12.63,12.63,12.63,12.63,6566
2026-08-17T07:00:00.000Z,2026-08-17T10:00:00,12.79,12.79,12.79,12.79,28636
2026-08-17T07:01:00.000Z,2026-08-17T10:01:00,12.79,12.79,12.72,12.72,6625
2026-08-17T07:02:00.000Z,2026-08-17T10:02:00,12.72,12.78,12.71,12.78,17925
2026-08-17T07:03:00.000Z,2026-08-17T10:03:00,12.72,12.76,12.71,12.76,13452
2026-08-17T07:04:00.000Z,2026-08-17T10:04:00,12.7,12.7,12.7,12.7,757
2026-08-17T07:05:00.000Z,2026-08-17T10:05:00,12.7,12.7,12.7,12.7,15019
2026-08-17T07:06:00.000Z,2026-08-17T10:06:00,12.7,12.77,12.7,12.77,22500
2026-08-17T07:07:00.000Z,2026-08-17T10:07:00,12.7,12.77,12.7,12.7,1131
2026-08-17T07:08:00.000Z,2026-08-17T10:08:00,12.7,12.7,12.7,12.7,1608
2026-08-17T07:09:00.000Z,2026-08-17T10:09:00,12.7,12.7,12.7,12.7,13127
2026-08-17T07:11:00.000Z,2026-08-17T10:11:00,12.7,12.7,12.7,12.7,1149
2026-08-17T07:12:00.000Z,2026-08-17T10:12:00,12.7,12.7,12.7,12.7,2096
2026-08-17T07:14:00.000Z,2026-08-17T10:14:00,12.71,12.71,12.71,12.71,708
2026-08-17T07:15:00.000Z,2026-08-17T10:15:00,12.72,12.75,12.71,12.75,1633
2026-08-17T07:17:00.000Z,2026-08-17T10:17:00,12.73,12.73,12.73,12.73,1419
2026-08-17T07:18:00.000Z,2026-08-17T10:18:00,12.73,12.75,12.72,12.75,12014
2026-08-17T07:20:00.000Z,2026-08-17T10:20:00,12.75,12.75,12.72,12.72,14666
2026-08-17T07:21:00.000Z,2026-08-17T10:21:00,12.75,12.75,12.7,12.7,20069
2026-08-17T07:22:00.000Z,2026-08-17T10:22:00,12.7,12.7,12.7,12.7,4944
2026-08-17T07:24:00.000Z,2026-08-17T10:24:00,12.75,12.75,12.71,12.71,2578
2026-08-17T07:25:00.000Z,2026-08-17T10:25:00,12.71,12.74,12.71,12.74,910
2026-08-17T07:27:00.000Z,2026-08-17T10:27:00,12.74,12.78,12.74,12.78,21000
2026-08-17T07:28:00.000Z,2026-08-17T10:28:00,12.71,12.71,12.7,12.7,24000
2026-08-17T07:29:00.000Z,2026-08-17T10:29:00,12.75,12.77,12.75,12.77,20070
2026-08-17T07:30:00.000Z,2026-08-17T10:30:00,12.77,12.77,12.76,12.76,1300
2026-08-17T07:31:00.000Z,2026-08-17T10:31:00,12.72,12.72,12.72,12.72,802
2026-08-17T07:32:00.000Z,2026-08-17T10:32:00,12.74,12.76,12.74,12.76,10000
2026-08-17T07:33:00.000Z,2026-08-17T10:33:00,12.76,12.77,12.76,12.76,14026
2026-08-17T07:34:00.000Z,2026-08-17T10:34:00,12.76,12.8,12.76,12.8,70792
2026-08-17T07:35:00.000Z,2026-08-17T10:35:00,12.8,12.8,12.8,12.8,260
2026-08-17T07:36:00.000Z,2026-08-17T10:36:00,12.84,12.84,12.8,12.8,4127
2026-08-17T07:37:00.000Z,2026-08-17T10:37:00,12.84,12.99,12.84,12.97,144779
2026-08-17T07:38:00.000Z,2026-08-17T10:38:00,12.97,13.1,12.95,13.1,136473
2026-08-17T07:39:00.000Z,2026-08-17T10:39:00,13.13,13.26,13.1,13.25,235897
2026-08-17T07:40:00.000Z,2026-08-17T10:40:00,13.24,13.25,13.12,13.21,78955
2026-08-17T07:41:00.000Z,2026-08-17T10:41:00,13.22,13.25,13.05,13.06,146943
2026-08-17T07:42:00.000Z,2026-08-17T10:42:00,13.06,13.2,13.06,13.17,74434
2026-08-17T07:43:00.000Z,2026-08-17T10:43:00,13.11,13.15,13.11,13.11,42398
2026-08-17T07:44:00.000Z,2026-08-17T10:44:00,13.13,13.18,13.13,13.16,37167
2026-08-17T07:45:00.000Z,2026-08-17T10:45:00,13.15,13.18,13.15,13.18,28550
2026-08-17T07:46:00.000Z,2026-08-17T10:46:00,13.18,13.18,13.13,13.13,39077
2026-08-17T07:47:00.000Z,2026-08-17T10:47:00,13.13,13.13,13.07,13.1,58122
2026-08-17T07:48:00.000Z,2026-08-17T10:48:00,13.09,13.1,13.07,13.1,13841
2026-08-17T07:49:00.000Z,2026-08-17T10:49:00,13.1,13.1,13,13,121371
2026-08-17T07:50:00.000Z,2026-08-17T10:50:00,12.96,13,12.96,13,17016
2026-08-17T07:51:00.000Z,2026-08-17T10:51:00,13,13,13,13,19345
2026-08-17T07:52:00.000Z,2026-08-17T10:52:00,13,13,13,13,3800
2026-08-17T07:53:00.000Z,2026-08-17T10:53:00,13,13,12.98,13,26551
2026-08-17T07:54:00.000Z,2026-08-17T10:54:00,13,13.04,13,13,20246
2026-08-17T07:55:00.000Z,2026-08-17T10:55:00,13,13.01,12.98,13,17432
2026-08-17T07:56:00.000Z,2026-08-17T10:56:00,13,13,13,13,14500
2026-08-17T07:57:00.000Z,2026-08-17T10:57:00,13,13,13,13,789
2026-08-17T07:58:00.000Z,2026-08-17T10:58:00,13,13,13,13,10176
2026-08-17T07:59:00.000Z,2026-08-17T10:59:00,13,13.05,13,13.05,43333
2026-08-17T08:00:00.000Z,2026-08-17T11:00:00,13.05,13.1,13.05,13.1,36918
2026-08-17T08:01:00.000Z,2026-08-17T11:01:00,13.1,13.1,13.1,13.1,14451
2026-08-17T08:02:00.000Z,2026-08-17T11:02:00,13.1,13.1,13.1,13.1,2396
2026-08-17T08:03:00.000Z,2026-08-17T11:03:00,13.1,13.13,13.1,13.13,5606
2026-08-17T08:04:00.000Z,2026-08-17T11:04:00,13.13,13.13,13.1,13.1,5846
2026-08-17T08:05:00.000Z,2026-08-17T11:05:00,13.1,13.1,13.1,13.1,80
2026-08-17T08:06:00.000Z,2026-08-17T11:06:00,13.09,13.1,13.09,13.09,4994
2026-08-17T08:07:00.000Z,2026-08-17T11:07:00,13.1,13.1,13.08,13.08,6820
2026-08-17T08:08:00.000Z,2026-08-17T11:08:00,13.03,13.03,13.02,13.02,15174
2026-08-17T08:09:00.000Z,2026-08-17T11:09:00,13.02,13.02,13.01,13.02,6026
2026-08-17T08:10:00.000Z,2026-08-17T11:10:00,13.07,13.07,13.07,13.07,69
2026-08-17T08:11:00.000Z,2026-08-17T11:11:00,13.07,13.09,13.07,13.09,15000
2026-08-17T08:13:00.000Z,2026-08-17T11:13:00,13.05,13.05,13.05,13.05,76
2026-08-17T08:14:00.000Z,2026-08-17T11:14:00,13.05,13.05,13.05,13.05,5194
2026-08-17T08:15:00.000Z,2026-08-17T11:15:00,13.08,13.08,13.08,13.08,7
2026-08-17T08:16:00.000Z,2026-08-17T11:16:00,13.05,13.05,13.02,13.02,10862
2026-08-17T08:17:00.000Z,2026-08-17T11:17:00,13.02,13.02,13.02,13.02,400
2026-08-17T08:18:00.000Z,2026-08-17T11:18:00,13.05,13.05,13.05,13.05,1283
2026-08-17T08:19:00.000Z,2026-08-17T11:19:00,13.06,13.06,13.05,13.05,1078
2026-08-17T08:20:00.000Z,2026-08-17T11:20:00,13.06,13.09,13.06,13.09,8779
2026-08-17T08:21:00.000Z,2026-08-17T11:21:00,13.08,13.09,13.08,13.09,4574
2026-08-17T08:22:00.000Z,2026-08-17T11:22:00,13.09,13.13,13.09,13.13,19087
2026-08-17T08:23:00.000Z,2026-08-17T11:23:00,13.14,13.2,13.14,13.2,35530
2026-08-17T08:24:00.000Z,2026-08-17T11:24:00,13.19,13.29,13.19,13.29,105532
2026-08-17T08:25:00.000Z,2026-08-17T11:25:00,13.29,13.35,13.27,13.35,88765
2026-08-17T08:26:00.000Z,2026-08-17T11:26:00,13.31,13.35,13.3,13.3,60837
2026-08-17T08:27:00.000Z,2026-08-17T11:27:00,13.3,13.41,13.3,13.41,178984
2026-08-17T08:28:00.000Z,2026-08-17T11:28:00,13.32,13.4,13.32,13.39,70063
2026-08-17T08:29:00.000Z,2026-08-17T11:29:00,13.39,13.46,13.39,13.46,218868
2026-08-17T08:30:00.000Z,2026-08-17T11:30:00,13.45,13.7,13.42,13.7,304731
2026-08-17T08:31:00.000Z,2026-08-17T11:31:00,13.75,13.8,13.7,13.8,437467
2026-08-17T08:32:00.000Z,2026-08-17T11:32:00,13.81,13.9,13.81,13.9,125041
2026-08-17T08:42:00.000Z,2026-08-17T11:42:00,13.89,13.94,13.7,13.8,101470
2026-08-17T08:43:00.000Z,2026-08-17T11:43:00,13.72,13.72,13.51,13.68,90076
2026-08-17T08:44:00.000Z,2026-08-17T11:44:00,13.68,13.76,13.57,13.7,80382
2026-08-17T08:45:00.000Z,2026-08-17T11:45:00,13.7,13.75,13.56,13.65,56663
2026-08-17T08:46:00.000Z,2026-08-17T11:46:00,13.65,13.65,13.58,13.6,48184
2026-08-17T08:47:00.000Z,2026-08-17T11:47:00,13.63,13.7,13.6,13.7,50958
2026-08-17T08:48:00.000Z,2026-08-17T11:48:00,13.69,13.75,13.67,13.7,75977
2026-08-17T08:49:00.000Z,2026-08-17T11:49:00,13.67,13.68,13.58,13.6,116480
2026-08-17T08:50:00.000Z,2026-08-17T11:50:00,13.6,13.65,13.54,13.54,44284
2026-08-17T08:51:00.000Z,2026-08-17T11:51:00,13.54,13.54,13.46,13.46,56566
2026-08-17T08:52:00.000Z,2026-08-17T11:52:00,13.49,13.5,13.42,13.46,26923
2026-08-17T08:53:00.000Z,2026-08-17T11:53:00,13.46,13.49,13.45,13.45,22218
2026-08-17T08:54:00.000Z,2026-08-17T11:54:00,13.43,13.43,13.41,13.43,73429
2026-08-17T08:55:00.000Z,2026-08-17T11:55:00,13.46,13.59,13.45,13.57,30908
2026-08-17T08:56:00.000Z,2026-08-17T11:56:00,13.57,13.57,13.52,13.52,12732
2026-08-17T08:57:00.000Z,2026-08-17T11:57:00,13.45,13.45,13.4,13.4,51024
2026-08-17T08:58:00.000Z,2026-08-17T11:58:00,13.4,13.47,13.4,13.4,4759
2026-08-17T08:59:00.000Z,2026-08-17T11:59:00,13.4,13.4,13.33,13.34,15809
2026-08-17T09:00:00.000Z,2026-08-17T12:00:00,13.34,13.34,13.34,13.34,1824
2026-08-17T09:02:00.000Z,2026-08-17T12:02:00,13.35,13.4,13.35,13.4,3400
2026-08-17T09:03:00.000Z,2026-08-17T12:03:00,13.44,13.44,13.44,13.44,5210
2026-08-17T09:04:00.000Z,2026-08-17T12:04:00,13.44,13.44,13.41,13.44,14901
2026-08-17T09:05:00.000Z,2026-08-17T12:05:00,13.44,13.45,13.44,13.45,37
2026-08-17T09:06:00.000Z,2026-08-17T12:06:00,13.45,13.45,13.4,13.4,4374
2026-08-17T09:07:00.000Z,2026-08-17T12:07:00,13.4,13.4,13.3,13.3,69439
2026-08-17T09:08:00.000Z,2026-08-17T12:08:00,13.3,13.3,13.28,13.3,18427
2026-08-17T09:09:00.000Z,2026-08-17T12:09:00,13.28,13.3,13.21,13.26,46853
2026-08-17T09:10:00.000Z,2026-08-17T12:10:00,13.3,13.3,13.26,13.26,2526
2026-08-17T09:11:00.000Z,2026-08-17T12:11:00,13.28,13.28,13.26,13.27,25701
2026-08-17T09:12:00.000Z,2026-08-17T12:12:00,13.28,13.28,13.28,13.28,150
2026-08-17T09:13:00.000Z,2026-08-17T12:13:00,13.37,13.37,13.28,13.28,4652
2026-08-17T09:14:00.000Z,2026-08-17T12:14:00,13.37,13.39,13.28,13.28,32516
2026-08-17T09:15:00.000Z,2026-08-17T12:15:00,13.28,13.38,13.28,13.38,2212
2026-08-17T09:16:00.000Z,2026-08-17T12:16:00,13.28,13.28,13.28,13.28,130
2026-08-17T09:17:00.000Z,2026-08-17T12:17:00,13.28,13.28,13.23,13.23,15000
2026-08-17T09:18:00.000Z,2026-08-17T12:18:00,13.24,13.39,13.24,13.38,1324
2026-08-17T09:19:00.000Z,2026-08-17T12:19:00,13.25,13.25,13.23,13.23,10000
2026-08-17T09:21:00.000Z,2026-08-17T12:21:00,13.35,13.35,13.35,13.35,137
2026-08-17T09:22:00.000Z,2026-08-17T12:22:00,13.35,13.35,13.1,13.1,154206
2026-08-17T09:23:00.000Z,2026-08-17T12:23:00,13.2,13.2,13.19,13.2,3969
2026-08-17T09:24:00.000Z,2026-08-17T12:24:00,13.2,13.2,13.17,13.17,3200
2026-08-17T09:26:00.000Z,2026-08-17T12:26:00,13.22,13.22,13.22,13.22,3541
2026-08-17T09:27:00.000Z,2026-08-17T12:27:00,13.22,13.22,13.22,13.22,3937
2026-08-17T09:28:00.000Z,2026-08-17T12:28:00,13.25,13.25,13.25,13.25,2792
2026-08-17T09:29:00.000Z,2026-08-17T12:29:00,13.28,13.3,13.28,13.3,10732
2026-08-17T09:30:00.000Z,2026-08-17T12:30:00,13.33,13.35,13.3,13.35,19842
2026-08-17T09:31:00.000Z,2026-08-17T12:31:00,13.33,13.33,13.3,13.3,4500
2026-08-17T09:32:00.000Z,2026-08-17T12:32:00,13.35,13.35,13.35,13.35,614
2026-08-17T09:33:00.000Z,2026-08-17T12:33:00,13.34,13.35,13.3,13.3,10849
2026-08-17T09:34:00.000Z,2026-08-17T12:34:00,13.37,13.37,13.35,13.35,10300
2026-08-17T09:35:00.000Z,2026-08-17T12:35:00,13.37,13.37,13.37,13.37,5866
2026-08-17T09:36:00.000Z,2026-08-17T12:36:00,13.37,13.38,13.37,13.38,8368
2026-08-17T09:37:00.000Z,2026-08-17T12:37:00,13.37,13.38,13.37,13.37,8526
2026-08-17T09:38:00.000Z,2026-08-17T12:38:00,13.31,13.31,13.3,13.3,1463
2026-08-17T09:39:00.000Z,2026-08-17T12:39:00,13.3,13.3,13.3,13.3,10725
2026-08-17T09:40:00.000Z,2026-08-17T12:40:00,13.35,13.39,13.35,13.35,14471
2026-08-17T09:41:00.000Z,2026-08-17T12:41:00,13.35,13.35,13.34,13.34,1622
2026-08-17T09:42:00.000Z,2026-08-17T12:42:00,13.35,13.35,13.35,13.35,3341
2026-08-17T09:43:00.000Z,2026-08-17T12:43:00,13.34,13.34,13.34,13.34,181
2026-08-17T09:44:00.000Z,2026-08-17T12:44:00,13.34,13.34,13.34,13.34,250
2026-08-17T09:46:00.000Z,2026-08-17T12:46:00,13.34,13.35,13.34,13.35,7206
2026-08-17T09:48:00.000Z,2026-08-17T12:48:00,13.32,13.35,13.32,13.35,1940
2026-08-17T09:49:00.000Z,2026-08-17T12:49:00,13.34,13.39,13.34,13.39,8090
2026-08-17T09:53:00.000Z,2026-08-17T12:53:00,13.38,13.38,13.35,13.35,2222
2026-08-17T09:54:00.000Z,2026-08-17T12:54:00,13.3,13.3,13.29,13.3,12267
2026-08-17T09:55:00.000Z,2026-08-17T12:55:00,13.3,13.3,13.3,13.3,5746
2026-08-17T09:56:00.000Z,2026-08-17T12:56:00,13.3,13.3,13.25,13.25,45296
2026-08-17T09:57:00.000Z,2026-08-17T12:57:00,13.25,13.25,13.25,13.25,804
2026-08-17T09:58:00.000Z,2026-08-17T12:58:00,13.3,13.3,13.25,13.25,2295
2026-08-17T09:59:00.000Z,2026-08-17T12:59:00,13.25,13.25,13.19,13.19,13399
2026-08-17T10:00:00.000Z,2026-08-17T13:00:00,13.19,13.19,13.19,13.19,1132
2026-08-17T10:01:00.000Z,2026-08-17T13:01:00,13.2,13.2,13.2,13.2,3276
2026-08-17T10:02:00.000Z,2026-08-17T13:02:00,13.24,13.24,13.24,13.24,1500
2026-08-17T10:03:00.000Z,2026-08-17T13:03:00,13.21,13.21,13.21,13.21,555
2026-08-17T10:04:00.000Z,2026-08-17T13:04:00,13.21,13.21,13.21,13.21,183
2026-08-17T10:05:00.000Z,2026-08-17T13:05:00,13.21,13.24,13.21,13.24,2800
2026-08-17T10:06:00.000Z,2026-08-17T13:06:00,13.24,13.37,13.24,13.37,14335
2026-08-17T10:07:00.000Z,2026-08-17T13:07:00,13.34,13.37,13.34,13.37,10668
2026-08-17T10:08:00.000Z,2026-08-17T13:08:00,13.36,13.36,13.36,13.36,1000
2026-08-17T10:09:00.000Z,2026-08-17T13:09:00,13.23,13.23,13.23,13.23,403
2026-08-17T10:11:00.000Z,2026-08-17T13:11:00,13.23,13.23,13.22,13.22,3000
2026-08-17T10:12:00.000Z,2026-08-17T13:12:00,13.24,13.24,13.21,13.21,9276
2026-08-17T10:15:00.000Z,2026-08-17T13:15:00,13.21,13.21,13.21,13.21,10000
2026-08-17T10:16:00.000Z,2026-08-17T13:16:00,13.3,13.3,13.3,13.3,824
2026-08-17T10:21:00.000Z,2026-08-17T13:21:00,13.29,13.29,13.29,13.29,400
2026-08-17T10:23:00.000Z,2026-08-17T13:23:00,13.29,13.35,13.2,13.2,71073
2026-08-17T10:24:00.000Z,2026-08-17T13:24:00,13.2,13.2,13.15,13.15,17500
2026-08-17T10:27:00.000Z,2026-08-17T13:27:00,13.2,13.2,13.2,13.2,193
2026-08-17T10:29:00.000Z,2026-08-17T13:29:00,13.2,13.2,13.2,13.2,2007
2026-08-17T10:30:00.000Z,2026-08-17T13:30:00,13.2,13.2,13.2,13.2,580
2026-08-17T10:31:00.000Z,2026-08-17T13:31:00,13.2,13.2,13.2,13.2,3
2026-08-17T10:33:00.000Z,2026-08-17T13:33:00,13.18,13.18,13.13,13.13,39933
2026-08-17T10:34:00.000Z,2026-08-17T13:34:00,13.12,13.13,13.12,13.13,4065
2026-08-17T10:35:00.000Z,2026-08-17T13:35:00,13.15,13.2,13.13,13.2,13037
2026-08-17T10:38:00.000Z,2026-08-17T13:38:00,13.14,13.14,13.14,13.14,911
2026-08-17T10:40:00.000Z,2026-08-17T13:40:00,13.19,13.19,13.19,13.19,830
2026-08-17T10:41:00.000Z,2026-08-17T13:41:00,13.15,13.28,13.15,13.28,17453
2026-08-17T10:42:00.000Z,2026-08-17T13:42:00,13.3,13.3,13.3,13.3,1000
2026-08-17T10:43:00.000Z,2026-08-17T13:43:00,13.3,13.3,13.15,13.29,65100
2026-08-17T10:44:00.000Z,2026-08-17T13:44:00,13.29,13.29,13.29,13.29,527
2026-08-17T10:45:00.000Z,2026-08-17T13:45:00,13.17,13.3,13.17,13.18,10151
2026-08-17T10:46:00.000Z,2026-08-17T13:46:00,13.2,13.2,13.16,13.16,21000
2026-08-17T10:47:00.000Z,2026-08-17T13:47:00,13.3,13.3,13.3,13.3,1
2026-08-17T10:50:00.000Z,2026-08-17T13:50:00,13.17,13.28,13.17,13.28,1817
2026-08-17T10:51:00.000Z,2026-08-17T13:51:00,13.28,13.28,13.27,13.27,772
2026-08-17T10:54:00.000Z,2026-08-17T13:54:00,13.17,13.3,13.17,13.3,25247
2026-08-17T10:55:00.000Z,2026-08-17T13:55:00,13.21,13.29,13.21,13.29,410
2026-08-17T10:56:00.000Z,2026-08-17T13:56:00,13.29,13.33,13.29,13.33,16647
2026-08-17T10:57:00.000Z,2026-08-17T13:57:00,13.33,13.33,13.3,13.3,1250
2026-08-17T10:58:00.000Z,2026-08-17T13:58:00,13.3,13.3,13.3,13.3,8501
2026-08-17T11:00:00.000Z,2026-08-17T14:00:00,13.29,13.3,13.29,13.3,1000
2026-08-17T11:02:00.000Z,2026-08-17T14:02:00,13.28,13.3,13.28,13.3,7518
2026-08-17T11:05:00.000Z,2026-08-17T14:05:00,13.25,13.25,13.25,13.25,600
2026-08-17T11:07:00.000Z,2026-08-17T14:07:00,13.25,13.25,13.21,13.21,6097
2026-08-17T11:08:00.000Z,2026-08-17T14:08:00,13.25,13.28,13.2,13.2,21506
2026-08-17T11:09:00.000Z,2026-08-17T14:09:00,13.2,13.2,13.18,13.18,6409
2026-08-17T11:10:00.000Z,2026-08-17T14:10:00,13.18,13.18,13.16,13.18,15237
2026-08-17T11:12:00.000Z,2026-08-17T14:12:00,13.2,13.2,13.18,13.18,1200
2026-08-17T11:13:00.000Z,2026-08-17T14:13:00,13.17,13.17,13.16,13.16,21148
2026-08-17T11:14:00.000Z,2026-08-17T14:14:00,13.18,13.2,13.16,13.19,7390
2026-08-17T11:25:00.000Z,2026-08-17T14:25:00,13.3,13.3,13.3,13.3,64422
2026-08-17T11:26:00.000Z,2026-08-17T14:26:00,13.3,13.3,13.3,13.3,22755
2026-08-17T11:27:00.000Z,2026-08-17T14:27:00,13.3,13.3,13.3,13.3,750
2026-08-17T11:28:00.000Z,2026-08-17T14:28:00,13.3,13.3,13.3,13.3,4000
2026-08-17T11:29:00.000Z,2026-08-17T14:29:00,13.3,13.3,13.3,13.3,2000
2026-08-18T07:00:00.000Z,2026-08-18T10:00:00,13.4,13.41,13.31,13.4,33874
2026-08-18T07:01:00.000Z,2026-08-18T10:01:00,13.33,13.41,13.33,13.41,25650
2026-08-18T07:02:00.000Z,2026-08-18T10:02:00,13.4,13.4,13.35,13.35,1560
2026-08-18T07:03:00.000Z,2026-08-18T10:03:00,13.35,13.39,13.31,13.31,35681
2026-08-18T07:05:00.000Z,2026-08-18T10:05:00,13.31,13.32,13.31,13.31,2770
2026-08-18T07:06:00.000Z,2026-08-18T10:06:00,13.31,13.32,13.31,13.32,5000
2026-08-18T07:07:00.000Z,2026-08-18T10:07:00,13.31,13.32,13.31,13.32,11082
2026-08-18T07:08:00.000Z,2026-08-18T10:08:00,13.42,13.42,13.32,13.33,5300
2026-08-18T07:09:00.000Z,2026-08-18T10:09:00,13.4,13.4,13.34,13.4,16492
2026-08-18T07:10:00.000Z,2026-08-18T10:10:00,13.35,13.4,13.35,13.4,2371
2026-08-18T07:11:00.000Z,2026-08-18T10:11:00,13.4,13.4,13.4,13.4,2501
2026-08-18T07:12:00.000Z,2026-08-18T10:12:00,13.37,13.4,13.37,13.4,21764
2026-08-18T07:13:00.000Z,2026-08-18T10:13:00,13.4,13.4,13.38,13.4,17179
2026-08-18T07:14:00.000Z,2026-08-18T10:14:00,13.4,13.4,13.4,13.4,2072
2026-08-18T07:15:00.000Z,2026-08-18T10:15:00,13.45,13.5,13.45,13.5,35000
2026-08-18T07:16:00.000Z,2026-08-18T10:16:00,13.49,13.49,13.37,13.37,10011
2026-08-18T07:17:00.000Z,2026-08-18T10:17:00,13.37,13.47,13.37,13.47,1020
2026-08-18T07:19:00.000Z,2026-08-18T10:19:00,13.47,13.48,13.47,13.48,10000
2026-08-18T07:20:00.000Z,2026-08-18T10:20:00,13.48,13.48,13.48,13.48,1500
2026-08-18T07:21:00.000Z,2026-08-18T10:21:00,13.42,13.42,13.42,13.42,655
2026-08-18T07:22:00.000Z,2026-08-18T10:22:00,13.42,13.48,13.42,13.48,450
2026-08-18T07:24:00.000Z,2026-08-18T10:24:00,13.48,13.5,13.42,13.5,39460
2026-08-18T07:25:00.000Z,2026-08-18T10:25:00,13.54,13.54,13.5,13.5,34426
2026-08-18T07:26:00.000Z,2026-08-18T10:26:00,13.46,13.5,13.46,13.5,7240
2026-08-18T07:27:00.000Z,2026-08-18T10:27:00,13.47,13.47,13.47,13.47,5000
2026-08-18T07:28:00.000Z,2026-08-18T10:28:00,13.47,13.47,13.43,13.43,2268
2026-08-18T07:29:00.000Z,2026-08-18T10:29:00,13.44,13.45,13.43,13.45,7050
2026-08-18T07:30:00.000Z,2026-08-18T10:30:00,13.43,13.43,13.42,13.42,7240
2026-08-18T07:31:00.000Z,2026-08-18T10:31:00,13.43,13.43,13.41,13.41,16630
2026-08-18T07:33:00.000Z,2026-08-18T10:33:00,13.41,13.44,13.41,13.44,4967
2026-08-18T07:34:00.000Z,2026-08-18T10:34:00,13.44,13.44,13.41,13.41,7011
2026-08-18T07:35:00.000Z,2026-08-18T10:35:00,13.41,13.41,13.41,13.41,17439
2026-08-18T07:36:00.000Z,2026-08-18T10:36:00,13.41,13.44,13.38,13.44,20451
2026-08-18T07:37:00.000Z,2026-08-18T10:37:00,13.43,13.43,13.43,13.43,2261
2026-08-18T07:38:00.000Z,2026-08-18T10:38:00,13.4,13.4,13.4,13.4,1
2026-08-18T07:39:00.000Z,2026-08-18T10:39:00,13.4,13.4,13.4,13.4,11899
2026-08-18T07:40:00.000Z,2026-08-18T10:40:00,13.37,13.4,13.37,13.4,2111
2026-08-18T07:41:00.000Z,2026-08-18T10:41:00,13.4,13.4,13.4,13.4,4373
2026-08-18T07:42:00.000Z,2026-08-18T10:42:00,13.4,13.4,13.37,13.37,1161
2026-08-18T07:43:00.000Z,2026-08-18T10:43:00,13.37,13.37,13.36,13.36,1477
2026-08-18T07:44:00.000Z,2026-08-18T10:44:00,13.37,13.37,13.37,13.37,4438
2026-08-18T07:45:00.000Z,2026-08-18T10:45:00,13.37,13.37,13.37,13.37,562
2026-08-18T07:46:00.000Z,2026-08-18T10:46:00,13.37,13.37,13.37,13.37,10500
2026-08-18T07:47:00.000Z,2026-08-18T10:47:00,13.37,13.38,13.37,13.37,9538
2026-08-18T07:49:00.000Z,2026-08-18T10:49:00,13.39,13.39,13.39,13.39,5000
2026-08-18T07:50:00.000Z,2026-08-18T10:50:00,13.4,13.4,13.39,13.4,16428
2026-08-18T07:51:00.000Z,2026-08-18T10:51:00,13.4,13.42,13.4,13.42,9582
2026-08-18T07:53:00.000Z,2026-08-18T10:53:00,13.4,13.4,13.4,13.4,1386
2026-08-18T07:54:00.000Z,2026-08-18T10:54:00,13.39,13.39,13.37,13.37,2996
2026-08-18T07:55:00.000Z,2026-08-18T10:55:00,13.38,13.4,13.37,13.4,4500
2026-08-18T07:56:00.000Z,2026-08-18T10:56:00,13.4,13.4,13.37,13.37,9331
2026-08-18T07:57:00.000Z,2026-08-18T10:57:00,13.38,13.38,13.38,13.38,5000
2026-08-18T07:58:00.000Z,2026-08-18T10:58:00,13.38,13.38,13.37,13.37,1206
2026-08-18T07:59:00.000Z,2026-08-18T10:59:00,13.37,13.37,13.37,13.37,9591
2026-08-18T08:00:00.000Z,2026-08-18T11:00:00,13.37,13.37,13.36,13.36,5424
2026-08-18T08:01:00.000Z,2026-08-18T11:01:00,13.35,13.35,13.34,13.34,16544
2026-08-18T08:02:00.000Z,2026-08-18T11:02:00,13.35,13.35,13.3,13.3,37845
2026-08-18T08:03:00.000Z,2026-08-18T11:03:00,13.34,13.34,13.31,13.31,4300
2026-08-18T08:04:00.000Z,2026-08-18T11:04:00,13.3,13.31,13.3,13.31,8041
2026-08-18T08:06:00.000Z,2026-08-18T11:06:00,13.31,13.31,13.31,13.31,3087
2026-08-18T08:07:00.000Z,2026-08-18T11:07:00,13.31,13.31,13.3,13.3,11624
2026-08-18T08:08:00.000Z,2026-08-18T11:08:00,13.3,13.3,13.25,13.25,8417
2026-08-18T08:09:00.000Z,2026-08-18T11:09:00,13.3,13.34,13.23,13.23,24859
2026-08-18T08:11:00.000Z,2026-08-18T11:11:00,13.28,13.28,13.28,13.28,2000
2026-08-18T08:13:00.000Z,2026-08-18T11:13:00,13.28,13.3,13.28,13.3,10030
2026-08-18T08:14:00.000Z,2026-08-18T11:14:00,13.3,13.3,13.3,13.3,2000
2026-08-18T08:15:00.000Z,2026-08-18T11:15:00,13.3,13.35,13.3,13.35,7776
2026-08-18T08:17:00.000Z,2026-08-18T11:17:00,13.35,13.35,13.35,13.35,2224
2026-08-18T08:18:00.000Z,2026-08-18T11:18:00,13.35,13.35,13.35,13.35,78
2026-08-18T08:20:00.000Z,2026-08-18T11:20:00,13.3,13.34,13.28,13.34,10320
2026-08-18T08:24:00.000Z,2026-08-18T11:24:00,13.3,13.3,13.3,13.3,2754
2026-08-18T08:25:00.000Z,2026-08-18T11:25:00,13.3,13.3,13.3,13.3,246
2026-08-18T08:26:00.000Z,2026-08-18T11:26:00,13.29,13.29,13.28,13.28,6341
2026-08-18T08:27:00.000Z,2026-08-18T11:27:00,13.28,13.28,13.28,13.28,230
2026-08-18T08:28:00.000Z,2026-08-18T11:28:00,13.28,13.28,13.28,13.28,219
2026-08-18T08:29:00.000Z,2026-08-18T11:29:00,13.28,13.28,13.28,13.28,815
2026-08-18T08:30:00.000Z,2026-08-18T11:30:00,13.28,13.28,13.26,13.26,5342
2026-08-18T08:31:00.000Z,2026-08-18T11:31:00,13.26,13.26,13.26,13.26,7741
2026-08-18T08:33:00.000Z,2026-08-18T11:33:00,13.3,13.3,13.3,13.3,110
2026-08-18T08:34:00.000Z,2026-08-18T11:34:00,13.3,13.3,13.3,13.3,400
2026-08-18T08:36:00.000Z,2026-08-18T11:36:00,13.28,13.28,13.26,13.26,6000
2026-08-18T08:37:00.000Z,2026-08-18T11:37:00,13.27,13.3,13.27,13.3,1845
2026-08-18T08:39:00.000Z,2026-08-18T11:39:00,13.3,13.3,13.3,13.3,19
2026-08-18T08:40:00.000Z,2026-08-18T11:40:00,13.3,13.3,13.26,13.26,7000
2026-08-18T08:42:00.000Z,2026-08-18T11:42:00,13.3,13.3,13.3,13.3,2000
2026-08-18T08:45:00.000Z,2026-08-18T11:45:00,13.3,13.3,13.26,13.26,24000
2026-08-18T08:47:00.000Z,2026-08-18T11:47:00,13.26,13.26,13.26,13.26,5000
2026-08-18T08:48:00.000Z,2026-08-18T11:48:00,13.3,13.3,13.3,13.3,6273
2026-08-18T08:51:00.000Z,2026-08-18T11:51:00,13.27,13.27,13.26,13.26,20000
2026-08-18T08:52:00.000Z,2026-08-18T11:52:00,13.3,13.3,13.3,13.3,8300
2026-08-18T08:54:00.000Z,2026-08-18T11:54:00,13.27,13.3,13.27,13.3,3004
2026-08-18T08:56:00.000Z,2026-08-18T11:56:00,13.27,13.27,13.27,13.27,27
2026-08-18T08:58:00.000Z,2026-08-18T11:58:00,13.3,13.35,13.3,13.35,4419
2026-08-18T08:59:00.000Z,2026-08-18T11:59:00,13.27,13.27,13.27,13.27,100
2026-08-18T09:00:00.000Z,2026-08-18T12:00:00,13.27,13.36,13.27,13.36,7147
2026-08-18T09:01:00.000Z,2026-08-18T12:01:00,13.3,13.31,13.3,13.31,12538
2026-08-18T09:02:00.000Z,2026-08-18T12:02:00,13.31,13.31,13.31,13.31,15000
2026-08-18T09:04:00.000Z,2026-08-18T12:04:00,13.35,13.35,13.35,13.35,2672
2026-08-18T09:06:00.000Z,2026-08-18T12:06:00,13.35,13.35,13.35,13.35,500
2026-08-18T09:07:00.000Z,2026-08-18T12:07:00,13.29,13.29,13.29,13.29,3627
2026-08-18T09:08:00.000Z,2026-08-18T12:08:00,13.29,13.34,13.28,13.28,19905
2026-08-18T09:10:00.000Z,2026-08-18T12:10:00,13.28,13.28,13.28,13.28,800
2026-08-18T09:16:00.000Z,2026-08-18T12:16:00,13.3,13.3,13.3,13.3,40
2026-08-18T09:19:00.000Z,2026-08-18T12:19:00,13.3,13.3,13.3,13.3,1893
2026-08-18T09:20:00.000Z,2026-08-18T12:20:00,13.3,13.3,13.3,13.3,11807
2026-08-18T09:21:00.000Z,2026-08-18T12:21:00,13.3,13.36,13.29,13.36,20430
2026-08-18T09:23:00.000Z,2026-08-18T12:23:00,13.29,13.29,13.29,13.29,100
2026-08-18T09:24:00.000Z,2026-08-18T12:24:00,13.35,13.35,13.35,13.35,2499
2026-08-18T09:26:00.000Z,2026-08-18T12:26:00,13.35,13.45,13.35,13.45,35831
2026-08-18T09:27:00.000Z,2026-08-18T12:27:00,13.43,13.43,13.43,13.43,13000
2026-08-18T09:28:00.000Z,2026-08-18T12:28:00,13.43,13.44,13.43,13.43,7429
2026-08-18T09:30:00.000Z,2026-08-18T12:30:00,13.34,13.35,13.34,13.35,2153
2026-08-18T09:31:00.000Z,2026-08-18T12:31:00,13.41,13.41,13.35,13.35,1708
2026-08-18T09:32:00.000Z,2026-08-18T12:32:00,13.35,13.35,13.31,13.31,12775
2026-08-18T09:33:00.000Z,2026-08-18T12:33:00,13.31,13.31,13.31,13.31,5153
2026-08-18T09:34:00.000Z,2026-08-18T12:34:00,13.31,13.31,13.31,13.31,10000
2026-08-18T09:36:00.000Z,2026-08-18T12:36:00,13.31,13.31,13.31,13.31,3191
2026-08-18T09:37:00.000Z,2026-08-18T12:37:00,13.31,13.31,13.31,13.31,250
2026-08-18T09:38:00.000Z,2026-08-18T12:38:00,13.31,13.31,13.31,13.31,400
2026-08-18T09:39:00.000Z,2026-08-18T12:39:00,13.31,13.31,13.3,13.3,3569
2026-08-18T09:40:00.000Z,2026-08-18T12:40:00,13.3,13.3,13.3,13.3,26427
2026-08-18T09:41:00.000Z,2026-08-18T12:41:00,13.33,13.33,13.33,13.33,69
2026-08-18T09:42:00.000Z,2026-08-18T12:42:00,13.33,13.33,13.32,13.32,429
2026-08-18T09:43:00.000Z,2026-08-18T12:43:00,13.29,13.29,13.29,13.29,3201
2026-08-18T09:45:00.000Z,2026-08-18T12:45:00,13.27,13.27,13.26,13.26,3475
2026-08-18T09:46:00.000Z,2026-08-18T12:46:00,13.26,13.29,13.26,13.29,151
2026-08-18T09:49:00.000Z,2026-08-18T12:49:00,13.27,13.27,13.27,13.27,6867
2026-08-18T09:50:00.000Z,2026-08-18T12:50:00,13.27,13.29,13.26,13.26,15959
2026-08-18T09:52:00.000Z,2026-08-18T12:52:00,13.26,13.26,13.24,13.24,9899
2026-08-18T09:54:00.000Z,2026-08-18T12:54:00,13.24,13.24,13.24,13.24,445
2026-08-18T09:55:00.000Z,2026-08-18T12:55:00,13.23,13.23,13.23,13.23,1000
2026-08-18T09:56:00.000Z,2026-08-18T12:56:00,13.23,13.23,13.23,13.23,1500
2026-08-18T09:57:00.000Z,2026-08-18T12:57:00,13.23,13.23,13.23,13.23,1000
2026-08-18T10:04:00.000Z,2026-08-18T13:04:00,13.23,13.23,13.23,13.23,698
2026-08-18T10:05:00.000Z,2026-08-18T13:05:00,13.23,13.24,13.23,13.24,380
2026-08-18T10:06:00.000Z,2026-08-18T13:06:00,13.24,13.24,13.22,13.22,1900
2026-08-18T10:08:00.000Z,2026-08-18T13:08:00,13.22,13.3,13.22,13.3,8087
2026-08-18T10:11:00.000Z,2026-08-18T13:11:00,13.29,13.29,13.29,13.29,1400
2026-08-18T10:15:00.000Z,2026-08-18T13:15:00,13.23,13.23,13.23,13.23,1250
2026-08-18T10:16:00.000Z,2026-08-18T13:16:00,13.23,13.23,13.21,13.21,10000
2026-08-18T10:20:00.000Z,2026-08-18T13:20:00,13.21,13.21,13.21,13.21,1025
2026-08-18T10:21:00.000Z,2026-08-18T13:21:00,13.21,13.21,13.2,13.2,6370
2026-08-18T10:23:00.000Z,2026-08-18T13:23:00,13.2,13.2,13.2,13.2,8168
2026-08-18T10:24:00.000Z,2026-08-18T13:24:00,13.2,13.2,13.2,13.2,5000
2026-08-18T10:30:00.000Z,2026-08-18T13:30:00,13.2,13.2,13.2,13.2,783
2026-08-18T10:31:00.000Z,2026-08-18T13:31:00,13.2,13.2,13.18,13.18,4237
2026-08-18T10:34:00.000Z,2026-08-18T13:34:00,13.19,13.19,13.18,13.18,5670
2026-08-18T10:37:00.000Z,2026-08-18T13:37:00,13.19,13.19,13.19,13.19,106
2026-08-18T10:38:00.000Z,2026-08-18T13:38:00,13.19,13.2,13.18,13.2,1875
2026-08-18T10:39:00.000Z,2026-08-18T13:39:00,13.19,13.19,13.18,13.18,14727
2026-08-18T10:40:00.000Z,2026-08-18T13:40:00,13.17,13.17,13.16,13.16,109773
2026-08-18T10:41:00.000Z,2026-08-18T13:41:00,13.16,13.26,13.16,13.26,19400
2026-08-18T10:46:00.000Z,2026-08-18T13:46:00,13.18,13.18,13.16,13.16,5000
2026-08-18T10:48:00.000Z,2026-08-18T13:48:00,13.17,13.17,13.15,13.15,53383
2026-08-18T10:49:00.000Z,2026-08-18T13:49:00,13.15,13.15,13.15,13.15,13385
2026-08-18T10:50:00.000Z,2026-08-18T13:50:00,13.14,13.14,13.13,13.13,15100
2026-08-18T10:51:00.000Z,2026-08-18T13:51:00,13.13,13.13,13.13,13.13,10000
2026-08-18T10:52:00.000Z,2026-08-18T13:52:00,13.13,13.13,13.13,13.13,6615
2026-08-18T10:53:00.000Z,2026-08-18T13:53:00,13.13,13.13,13.1,13.1,16852
2026-08-18T10:54:00.000Z,2026-08-18T13:54:00,13.1,13.1,13.09,13.09,9450
2026-08-18T10:55:00.000Z,2026-08-18T13:55:00,13.11,13.11,13.1,13.1,782
2026-08-18T10:56:00.000Z,2026-08-18T13:56:00,13.1,13.14,13.1,13.1,2368
2026-08-18T10:58:00.000Z,2026-08-18T13:58:00,13.14,13.14,13.14,13.14,76
2026-08-18T10:59:00.000Z,2026-08-18T13:59:00,13.1,13.1,13.1,13.1,8632
2026-08-18T11:00:00.000Z,2026-08-18T14:00:00,13.09,13.09,13.05,13.08,27994
2026-08-18T11:01:00.000Z,2026-08-18T14:01:00,13.05,13.05,12.92,12.92,61031
2026-08-18T11:02:00.000Z,2026-08-18T14:02:00,12.96,13.09,12.92,13.08,10200
2026-08-18T11:04:00.000Z,2026-08-18T14:04:00,13.06,13.06,13.06,13.06,382
2026-08-18T11:05:00.000Z,2026-08-18T14:05:00,13.05,13.05,13.05,13.05,2000
2026-08-18T11:06:00.000Z,2026-08-18T14:06:00,13.05,13.05,13.05,13.05,756
2026-08-18T11:07:00.000Z,2026-08-18T14:07:00,12.97,12.97,12.96,12.97,9482
2026-08-18T11:08:00.000Z,2026-08-18T14:08:00,12.99,13,12.99,12.99,234
2026-08-18T11:09:00.000Z,2026-08-18T14:09:00,12.99,12.99,12.98,12.98,719
2026-08-18T11:10:00.000Z,2026-08-18T14:10:00,12.99,12.99,12.92,12.92,30818
2026-08-18T11:11:00.000Z,2026-08-18T14:11:00,12.93,12.93,12.92,12.92,696
2026-08-18T11:12:00.000Z,2026-08-18T14:12:00,12.93,12.98,12.9,12.98,39802
2026-08-18T11:13:00.000Z,2026-08-18T14:13:00,12.9,12.9,12.9,12.9,22244
2026-08-18T11:14:00.000Z,2026-08-18T14:14:00,12.92,12.93,12.92,12.92,3374
2026-08-18T11:15:00.000Z,2026-08-18T14:15:00,12.92,12.92,12.92,12.92,2000
2026-08-18T11:25:00.000Z,2026-08-18T14:25:00,12.9,12.9,12.9,12.9,79950
2026-08-19T07:01:00.000Z,2026-08-19T10:01:00,13,13,13,13,5000
2026-08-19T07:02:00.000Z,2026-08-19T10:02:00,12.96,12.96,12.91,12.91,1748
2026-08-19T07:03:00.000Z,2026-08-19T10:03:00,12.91,13.08,12.9,13.08,11573
2026-08-19T07:04:00.000Z,2026-08-19T10:04:00,13,13,12.95,12.95,8345
2026-08-19T07:05:00.000Z,2026-08-19T10:05:00,12.99,13,12.99,13,5000
2026-08-19T07:06:00.000Z,2026-08-19T10:06:00,12.95,12.95,12.95,12.95,1251
2026-08-19T07:07:00.000Z,2026-08-19T10:07:00,12.95,13,12.95,13,2002
2026-08-19T07:08:00.000Z,2026-08-19T10:08:00,12.95,13.07,12.9,12.9,15784
2026-08-19T07:09:00.000Z,2026-08-19T10:09:00,13.05,13.05,12.9,12.9,5387
2026-08-19T07:12:00.000Z,2026-08-19T10:12:00,12.95,12.95,12.9,12.9,9346
2026-08-19T07:13:00.000Z,2026-08-19T10:13:00,12.9,12.9,12.9,12.9,2000
2026-08-19T07:14:00.000Z,2026-08-19T10:14:00,12.9,12.9,12.9,12.9,4654
2026-08-19T07:15:00.000Z,2026-08-19T10:15:00,13,13,13,13,3
2026-08-19T07:16:00.000Z,2026-08-19T10:16:00,13,13,13,13,4690
2026-08-19T07:21:00.000Z,2026-08-19T10:21:00,12.99,12.99,12.99,12.99,5002
2026-08-19T07:24:00.000Z,2026-08-19T10:24:00,12.92,12.92,12.92,12.92,1000
2026-08-19T07:25:00.000Z,2026-08-19T10:25:00,12.92,12.92,12.92,12.92,2171
2026-08-19T07:26:00.000Z,2026-08-19T10:26:00,12.92,12.93,12.91,12.91,5730
2026-08-19T07:27:00.000Z,2026-08-19T10:27:00,12.91,12.91,12.9,12.9,4718
2026-08-19T07:28:00.000Z,2026-08-19T10:28:00,12.9,12.9,12.86,12.86,1731
2026-08-19T07:30:00.000Z,2026-08-19T10:30:00,12.87,12.87,12.85,12.85,7900
2026-08-19T07:31:00.000Z,2026-08-19T10:31:00,12.85,12.85,12.85,12.85,326
2026-08-19T07:32:00.000Z,2026-08-19T10:32:00,12.86,12.91,12.85,12.91,2824
2026-08-19T07:33:00.000Z,2026-08-19T10:33:00,12.9,12.91,12.9,12.91,35
2026-08-19T07:34:00.000Z,2026-08-19T10:34:00,12.91,12.91,12.91,12.91,618
2026-08-19T07:35:00.000Z,2026-08-19T10:35:00,12.96,12.96,12.96,12.96,7
2026-08-19T07:37:00.000Z,2026-08-19T10:37:00,12.91,12.91,12.9,12.9,1026
2026-08-19T07:38:00.000Z,2026-08-19T10:38:00,12.9,12.95,12.9,12.95,4885
2026-08-19T07:39:00.000Z,2026-08-19T10:39:00,12.95,12.98,12.91,12.98,7191
2026-08-19T07:41:00.000Z,2026-08-19T10:41:00,12.93,12.93,12.93,12.93,214
2026-08-19T07:42:00.000Z,2026-08-19T10:42:00,12.93,12.93,12.93,12.93,552
2026-08-19T07:43:00.000Z,2026-08-19T10:43:00,12.93,12.93,12.93,12.93,10
2026-08-19T07:44:00.000Z,2026-08-19T10:44:00,12.98,12.98,12.98,12.98,249
2026-08-19T07:45:00.000Z,2026-08-19T10:45:00,12.98,12.98,12.98,12.98,139
2026-08-19T07:46:00.000Z,2026-08-19T10:46:00,12.98,13,12.98,13,40228
2026-08-19T07:48:00.000Z,2026-08-19T10:48:00,13.04,13.05,13.04,13.05,1809
2026-08-19T07:50:00.000Z,2026-08-19T10:50:00,13,13,13,13,500
2026-08-19T07:51:00.000Z,2026-08-19T10:51:00,13,13,13,13,2000
2026-08-19T07:53:00.000Z,2026-08-19T10:53:00,13.03,13.04,13.03,13.04,11385
2026-08-19T07:54:00.000Z,2026-08-19T10:54:00,13.04,13.04,13.04,13.04,10015
2026-08-19T07:55:00.000Z,2026-08-19T10:55:00,13.04,13.04,13.04,13.04,1540
2026-08-19T07:57:00.000Z,2026-08-19T10:57:00,13,13,12.93,12.93,12050
2026-08-19T07:58:00.000Z,2026-08-19T10:58:00,13,13,12.96,12.96,1621
2026-08-19T07:59:00.000Z,2026-08-19T10:59:00,12.96,13.04,12.96,13.04,896
2026-08-19T08:00:00.000Z,2026-08-19T11:00:00,13.04,13.04,13.04,13.04,3581
2026-08-19T08:01:00.000Z,2026-08-19T11:01:00,13.05,13.05,13.05,13.05,2000
2026-08-19T08:02:00.000Z,2026-08-19T11:02:00,13.05,13.05,13.04,13.04,5101
2026-08-19T08:03:00.000Z,2026-08-19T11:03:00,12.98,13.04,12.94,13.04,42021
2026-08-19T08:06:00.000Z,2026-08-19T11:06:00,13,13,13,13,1110
2026-08-19T08:07:00.000Z,2026-08-19T11:07:00,12.95,12.95,12.95,12.95,2782
2026-08-19T08:10:00.000Z,2026-08-19T11:10:00,13,13.04,13,13.04,4563
2026-08-19T08:13:00.000Z,2026-08-19T11:13:00,13.03,13.03,13.03,13.03,117
2026-08-19T08:14:00.000Z,2026-08-19T11:14:00,13.03,13.04,13.02,13.04,2410
2026-08-19T08:15:00.000Z,2026-08-19T11:15:00,13.04,13.04,13.04,13.04,42
2026-08-19T08:16:00.000Z,2026-08-19T11:16:00,13,13.04,13,13.04,17000
2026-08-19T08:19:00.000Z,2026-08-19T11:19:00,13.03,13.03,13.03,13.03,100
2026-08-19T08:20:00.000Z,2026-08-19T11:20:00,13.04,13.04,13.04,13.04,1307
2026-08-19T08:24:00.000Z,2026-08-19T11:24:00,13.03,13.03,13.03,13.03,633
2026-08-19T08:25:00.000Z,2026-08-19T11:25:00,13.03,13.03,13,13,5000
2026-08-19T08:26:00.000Z,2026-08-19T11:26:00,12.99,13,12.99,13,2500
2026-08-19T08:27:00.000Z,2026-08-19T11:27:00,13,13,12.99,12.99,2000
2026-08-19T08:34:00.000Z,2026-08-19T11:34:00,12.99,12.99,12.99,12.99,900
2026-08-19T08:35:00.000Z,2026-08-19T11:35:00,12.99,12.99,12.99,12.99,2065
2026-08-19T08:38:00.000Z,2026-08-19T11:38:00,12.99,12.99,12.99,12.99,1535
2026-08-19T08:40:00.000Z,2026-08-19T11:40:00,12.98,12.98,12.95,12.95,12000
2026-08-19T08:41:00.000Z,2026-08-19T11:41:00,13.02,13.02,13.02,13.02,2509
2026-08-19T08:42:00.000Z,2026-08-19T11:42:00,13.02,13.02,13,13,2101
2026-08-19T08:43:00.000Z,2026-08-19T11:43:00,12.98,13.02,12.98,13.02,6473
2026-08-19T08:45:00.000Z,2026-08-19T11:45:00,13.02,13.04,13.02,13.04,13874
2026-08-19T08:46:00.000Z,2026-08-19T11:46:00,13.06,13.1,13.06,13.1,10000
2026-08-19T08:48:00.000Z,2026-08-19T11:48:00,13.1,13.1,13.1,13.1,3000
2026-08-19T08:49:00.000Z,2026-08-19T11:49:00,13.1,13.17,13.1,13.1,21829
2026-08-19T08:50:00.000Z,2026-08-19T11:50:00,13.17,13.18,13.1,13.1,25515
2026-08-19T08:51:00.000Z,2026-08-19T11:51:00,13.1,13.17,13.1,13.17,18472
2026-08-19T08:52:00.000Z,2026-08-19T11:52:00,13.11,13.11,13.1,13.1,25444
2026-08-19T08:53:00.000Z,2026-08-19T11:53:00,13.1,13.13,13.1,13.1,22054
2026-08-19T08:55:00.000Z,2026-08-19T11:55:00,13.1,13.13,13.1,13.13,12501
2026-08-19T08:57:00.000Z,2026-08-19T11:57:00,13.1,13.1,13.07,13.07,12768
2026-08-19T08:58:00.000Z,2026-08-19T11:58:00,13.07,13.2,13.07,13.2,23141
2026-08-19T08:59:00.000Z,2026-08-19T11:59:00,13.1,13.1,13.1,13.1,9
2026-08-19T09:00:00.000Z,2026-08-19T12:00:00,13.1,13.1,13.08,13.08,17462
2026-08-19T09:01:00.000Z,2026-08-19T12:01:00,13.08,13.08,13.08,13.08,10788
2026-08-19T09:02:00.000Z,2026-08-19T12:02:00,13.1,13.1,13.1,13.1,12800
2026-08-19T09:03:00.000Z,2026-08-19T12:03:00,13.1,13.1,13.1,13.1,9400
2026-08-19T09:04:00.000Z,2026-08-19T12:04:00,13.1,13.1,13.08,13.08,6800
2026-08-19T09:05:00.000Z,2026-08-19T12:05:00,13.08,13.08,13.01,13.01,25000
2026-08-19T09:06:00.000Z,2026-08-19T12:06:00,13.02,13.02,13,13,13015
2026-08-19T09:10:00.000Z,2026-08-19T12:10:00,13,13,13,13,1240
2026-08-19T09:13:00.000Z,2026-08-19T12:13:00,13,13,13,13,21000
2026-08-19T09:14:00.000Z,2026-08-19T12:14:00,13,13,13,13,29290
2026-08-19T09:16:00.000Z,2026-08-19T12:16:00,13,13,13,13,696
2026-08-19T09:17:00.000Z,2026-08-19T12:17:00,12.99,12.99,12.98,12.98,17490
2026-08-19T09:20:00.000Z,2026-08-19T12:20:00,12.95,12.95,12.94,12.95,5444
2026-08-19T09:22:00.000Z,2026-08-19T12:22:00,12.95,12.95,12.95,12.95,699
2026-08-19T09:23:00.000Z,2026-08-19T12:23:00,12.98,13,12.98,13,6184
2026-08-19T09:24:00.000Z,2026-08-19T12:24:00,13,13,13,13,247
2026-08-19T09:26:00.000Z,2026-08-19T12:26:00,13.06,13.06,13.06,13.06,10
2026-08-19T09:27:00.000Z,2026-08-19T12:27:00,13,13,13,13,1997
2026-08-19T09:29:00.000Z,2026-08-19T12:29:00,13.05,13.05,13.05,13.05,207
2026-08-19T09:32:00.000Z,2026-08-19T12:32:00,13.01,13.01,13,13,7905
2026-08-19T09:33:00.000Z,2026-08-19T12:33:00,13,13,13,13,2097
2026-08-19T09:34:00.000Z,2026-08-19T12:34:00,13.02,13.05,13,13,1942
2026-08-19T09:35:00.000Z,2026-08-19T12:35:00,13.05,13.08,13.05,13.08,9000
2026-08-19T09:37:00.000Z,2026-08-19T12:37:00,13.08,13.09,13.01,13.01,13000
2026-08-19T09:39:00.000Z,2026-08-19T12:39:00,13.01,13.01,13.01,13.01,1
2026-08-19T09:41:00.000Z,2026-08-19T12:41:00,13.05,13.05,13.05,13.05,1200
2026-08-19T09:43:00.000Z,2026-08-19T12:43:00,13.05,13.05,13.05,13.05,169
2026-08-19T09:45:00.000Z,2026-08-19T12:45:00,13.01,13.01,13,13,18056
2026-08-19T09:47:00.000Z,2026-08-19T12:47:00,12.98,12.98,12.98,12.98,1000
2026-08-19T09:48:00.000Z,2026-08-19T12:48:00,12.98,13,12.98,13,10530
2026-08-19T09:49:00.000Z,2026-08-19T12:49:00,12.97,12.97,12.97,12.97,5000
2026-08-19T09:51:00.000Z,2026-08-19T12:51:00,12.96,12.96,12.96,12.96,3817
2026-08-19T09:54:00.000Z,2026-08-19T12:54:00,12.96,12.96,12.96,12.96,2689
2026-08-19T09:55:00.000Z,2026-08-19T12:55:00,12.95,12.95,12.95,12.95,12812
2026-08-19T09:56:00.000Z,2026-08-19T12:56:00,12.94,12.94,12.9,12.9,46205
2026-08-19T09:58:00.000Z,2026-08-19T12:58:00,12.9,12.9,12.86,12.86,9016
2026-08-19T09:59:00.000Z,2026-08-19T12:59:00,12.86,12.86,12.86,12.86,602
2026-08-19T10:00:00.000Z,2026-08-19T13:00:00,12.86,12.86,12.86,12.86,1670
2026-08-19T10:01:00.000Z,2026-08-19T13:01:00,12.9,12.94,12.9,12.94,4000
2026-08-19T10:03:00.000Z,2026-08-19T13:03:00,12.94,12.94,12.94,12.94,200
2026-08-19T10:07:00.000Z,2026-08-19T13:07:00,12.9,12.9,12.9,12.9,182
2026-08-19T10:11:00.000Z,2026-08-19T13:11:00,12.9,12.9,12.9,12.9,250
2026-08-19T10:12:00.000Z,2026-08-19T13:12:00,12.9,12.9,12.9,12.9,17
2026-08-19T10:14:00.000Z,2026-08-19T13:14:00,12.86,12.86,12.83,12.83,58173
2026-08-19T10:15:00.000Z,2026-08-19T13:15:00,12.83,12.85,12.81,12.81,15862
2026-08-19T10:18:00.000Z,2026-08-19T13:18:00,12.81,12.81,12.79,12.79,30666
2026-08-19T10:19:00.000Z,2026-08-19T13:19:00,12.8,12.8,12.8,12.8,24947
2026-08-19T10:20:00.000Z,2026-08-19T13:20:00,12.82,12.82,12.8,12.8,550
2026-08-19T10:21:00.000Z,2026-08-19T13:21:00,12.8,12.8,12.77,12.77,3000
2026-08-19T10:22:00.000Z,2026-08-19T13:22:00,12.77,12.77,12.77,12.77,4393
2026-08-19T10:23:00.000Z,2026-08-19T13:23:00,12.78,12.78,12.73,12.73,12897
2026-08-19T10:25:00.000Z,2026-08-19T13:25:00,12.74,12.8,12.74,12.8,8034
2026-08-19T10:27:00.000Z,2026-08-19T13:27:00,12.8,12.8,12.8,12.8,100
2026-08-19T10:29:00.000Z,2026-08-19T13:29:00,12.83,12.9,12.83,12.9,23735
2026-08-19T10:32:00.000Z,2026-08-19T13:32:00,12.9,12.9,12.81,12.81,3410
2026-08-19T10:34:00.000Z,2026-08-19T13:34:00,12.9,12.9,12.9,12.9,2293
2026-08-19T10:37:00.000Z,2026-08-19T13:37:00,12.81,12.81,12.77,12.77,6000
2026-08-19T10:38:00.000Z,2026-08-19T13:38:00,12.77,12.77,12.77,12.77,608
2026-08-19T10:39:00.000Z,2026-08-19T13:39:00,12.77,12.77,12.75,12.75,1938
2026-08-19T10:40:00.000Z,2026-08-19T13:40:00,12.75,12.75,12.75,12.75,3000
2026-08-19T10:44:00.000Z,2026-08-19T13:44:00,12.8,12.8,12.76,12.76,723
2026-08-19T10:46:00.000Z,2026-08-19T13:46:00,12.76,12.76,12.72,12.72,11410
2026-08-19T10:47:00.000Z,2026-08-19T13:47:00,12.72,12.72,12.72,12.72,304
2026-08-19T10:50:00.000Z,2026-08-19T13:50:00,12.73,12.73,12.73,12.73,393
2026-08-19T10:51:00.000Z,2026-08-19T13:51:00,12.73,12.73,12.7,12.7,62180
2026-08-19T10:52:00.000Z,2026-08-19T13:52:00,12.7,12.7,12.7,12.7,2000
2026-08-19T10:54:00.000Z,2026-08-19T13:54:00,12.7,12.7,12.7,12.7,4000
2026-08-19T10:55:00.000Z,2026-08-19T13:55:00,12.67,12.67,12.65,12.65,9189
2026-08-19T10:56:00.000Z,2026-08-19T13:56:00,12.65,12.66,12.61,12.66,23908
2026-08-19T10:57:00.000Z,2026-08-19T13:57:00,12.61,12.61,12.61,12.61,88300
2026-08-19T10:58:00.000Z,2026-08-19T13:58:00,12.61,12.8,12.61,12.8,5138
2026-08-19T10:59:00.000Z,2026-08-19T13:59:00,12.61,12.62,12.61,12.62,950
2026-08-19T11:00:00.000Z,2026-08-19T14:00:00,12.62,12.62,12.62,12.62,19500
2026-08-19T11:01:00.000Z,2026-08-19T14:01:00,12.63,12.63,12.63,12.63,1750
2026-08-19T11:04:00.000Z,2026-08-19T14:04:00,12.64,12.64,12.6,12.6,81445
2026-08-19T11:06:00.000Z,2026-08-19T14:06:00,12.57,12.57,12.55,12.55,12000
2026-08-19T11:07:00.000Z,2026-08-19T14:07:00,12.7,12.7,12.7,12.7,398
2026-08-19T11:09:00.000Z,2026-08-19T14:09:00,12.69,12.69,12.69,12.69,221
2026-08-19T11:10:00.000Z,2026-08-19T14:10:00,12.67,12.67,12.67,12.67,50
2026-08-19T11:12:00.000Z,2026-08-19T14:12:00,12.65,12.65,12.65,12.65,500
2026-08-19T11:13:00.000Z,2026-08-19T14:13:00,12.64,12.64,12.64,12.64,277
2026-08-19T11:14:00.000Z,2026-08-19T14:14:00,12.56,12.66,12.55,12.56,20802
2026-08-19T11:15:00.000Z,2026-08-19T14:15:00,12.56,12.56,12.56,12.56,6000
2026-08-19T11:25:00.000Z,2026-08-19T14:25:00,12.58,12.58,12.58,12.58,24800
2026-08-19T11:27:00.000Z,2026-08-19T14:27:00,12.58,12.58,12.58,12.58,1000
2026-08-19T11:28:00.000Z,2026-08-19T14:28:00,12.58,12.58,12.58,12.58,36225
2026-08-20T07:00:00.000Z,2026-08-20T10:00:00,12.6,12.6,12.58,12.58,2158
2026-08-20T07:01:00.000Z,2026-08-20T10:01:00,12.57,12.57,12.57,12.57,5609
2026-08-20T07:02:00.000Z,2026-08-20T10:02:00,12.57,12.57,12.56,12.56,12658
2026-08-20T07:03:00.000Z,2026-08-20T10:03:00,12.56,12.57,12.55,12.55,18025
2026-08-20T07:04:00.000Z,2026-08-20T10:04:00,12.55,12.55,12.55,12.55,500
2026-08-20T07:05:00.000Z,2026-08-20T10:05:00,12.52,12.52,12.38,12.38,55523
2026-08-20T07:06:00.000Z,2026-08-20T10:06:00,12.39,12.39,12.39,12.39,100
2026-08-20T07:08:00.000Z,2026-08-20T10:08:00,12.39,12.39,12.38,12.38,1397
2026-08-20T07:09:00.000Z,2026-08-20T10:09:00,12.38,12.38,12.36,12.37,6369
2026-08-20T07:10:00.000Z,2026-08-20T10:10:00,12.39,12.4,12.37,12.37,6963
2026-08-20T07:11:00.000Z,2026-08-20T10:11:00,12.37,12.4,12.37,12.37,7248
2026-08-20T07:12:00.000Z,2026-08-20T10:12:00,12.37,12.39,12.36,12.39,11820
2026-08-20T07:13:00.000Z,2026-08-20T10:13:00,12.55,12.55,12.4,12.4,109
2026-08-20T07:14:00.000Z,2026-08-20T10:14:00,12.4,12.4,12.4,12.4,2022
2026-08-20T07:15:00.000Z,2026-08-20T10:15:00,12.4,12.4,12.36,12.36,14566
2026-08-20T07:16:00.000Z,2026-08-20T10:16:00,12.36,12.39,12.36,12.36,16500
2026-08-20T07:17:00.000Z,2026-08-20T10:17:00,12.39,12.39,12.39,12.39,126
2026-08-20T07:18:00.000Z,2026-08-20T10:18:00,12.39,12.39,12.37,12.37,6262
2026-08-20T07:19:00.000Z,2026-08-20T10:19:00,12.39,12.39,12.39,12.39,10092
2026-08-20T07:20:00.000Z,2026-08-20T10:20:00,12.39,12.39,12.39,12.39,1782
2026-08-20T07:22:00.000Z,2026-08-20T10:22:00,12.49,12.49,12.49,12.49,3100
2026-08-20T07:25:00.000Z,2026-08-20T10:25:00,12.49,12.49,12.49,12.49,900
2026-08-20T07:27:00.000Z,2026-08-20T10:27:00,12.49,12.49,12.49,12.49,135
2026-08-20T07:28:00.000Z,2026-08-20T10:28:00,12.49,12.49,12.49,12.49,1636
2026-08-20T07:30:00.000Z,2026-08-20T10:30:00,12.5,12.5,12.49,12.49,1800
2026-08-20T07:31:00.000Z,2026-08-20T10:31:00,12.49,12.49,12.49,12.49,25
2026-08-20T07:32:00.000Z,2026-08-20T10:32:00,12.49,12.49,12.49,12.49,1212
2026-08-20T07:34:00.000Z,2026-08-20T10:34:00,12.48,12.53,12.48,12.53,6000
2026-08-20T07:35:00.000Z,2026-08-20T10:35:00,12.53,12.53,12.53,12.53,80
2026-08-20T07:38:00.000Z,2026-08-20T10:38:00,12.5,12.5,12.5,12.5,1750
2026-08-20T07:39:00.000Z,2026-08-20T10:39:00,12.46,12.46,12.46,12.46,665
2026-08-20T07:44:00.000Z,2026-08-20T10:44:00,12.49,12.5,12.49,12.5,7878
2026-08-20T07:49:00.000Z,2026-08-20T10:49:00,12.52,12.52,12.52,12.52,530
2026-08-20T07:51:00.000Z,2026-08-20T10:51:00,12.5,12.5,12.5,12.5,530
2026-08-20T07:52:00.000Z,2026-08-20T10:52:00,12.53,12.54,12.53,12.54,1008
2026-08-20T07:53:00.000Z,2026-08-20T10:53:00,12.54,12.54,12.54,12.54,1046
2026-08-20T07:56:00.000Z,2026-08-20T10:56:00,12.54,12.54,12.54,12.54,300
2026-08-20T07:57:00.000Z,2026-08-20T10:57:00,12.51,12.51,12.5,12.5,18570
2026-08-20T08:02:00.000Z,2026-08-20T11:02:00,12.48,12.48,12.48,12.48,530
2026-08-20T08:03:00.000Z,2026-08-20T11:03:00,12.52,12.52,12.52,12.52,240
2026-08-20T08:04:00.000Z,2026-08-20T11:04:00,12.52,12.52,12.52,12.52,2000
2026-08-20T08:05:00.000Z,2026-08-20T11:05:00,12.49,12.49,12.49,12.49,530
2026-08-20T08:08:00.000Z,2026-08-20T11:08:00,12.52,12.52,12.52,12.52,18
2026-08-20T08:09:00.000Z,2026-08-20T11:09:00,12.49,12.49,12.48,12.48,530
2026-08-20T08:10:00.000Z,2026-08-20T11:10:00,12.48,12.48,12.47,12.47,4358
2026-08-20T08:11:00.000Z,2026-08-20T11:11:00,12.49,12.49,12.46,12.46,6534
2026-08-20T08:12:00.000Z,2026-08-20T11:12:00,12.46,12.46,12.46,12.46,485
2026-08-20T08:14:00.000Z,2026-08-20T11:14:00,12.46,12.46,12.46,12.46,8675
2026-08-20T08:15:00.000Z,2026-08-20T11:15:00,12.46,12.46,12.46,12.46,2938
2026-08-20T08:16:00.000Z,2026-08-20T11:16:00,12.45,12.45,12.43,12.43,9380
2026-08-20T08:17:00.000Z,2026-08-20T11:17:00,12.46,12.46,12.43,12.43,610
2026-08-20T08:19:00.000Z,2026-08-20T11:19:00,12.46,12.46,12.46,12.46,580
2026-08-20T08:21:00.000Z,2026-08-20T11:21:00,12.43,12.43,12.43,12.43,500
2026-08-20T08:24:00.000Z,2026-08-20T11:24:00,12.45,12.45,12.45,12.45,5000
2026-08-20T08:26:00.000Z,2026-08-20T11:26:00,12.45,12.48,12.45,12.48,1500
2026-08-20T08:27:00.000Z,2026-08-20T11:27:00,12.48,12.5,12.48,12.5,10998
2026-08-20T08:28:00.000Z,2026-08-20T11:28:00,12.47,12.47,12.47,12.47,530
2026-08-20T08:29:00.000Z,2026-08-20T11:29:00,12.5,12.5,12.5,12.5,181
2026-08-20T08:31:00.000Z,2026-08-20T11:31:00,12.5,12.5,12.5,12.5,3819
2026-08-20T08:32:00.000Z,2026-08-20T11:32:00,12.47,12.47,12.47,12.47,8805
2026-08-20T08:33:00.000Z,2026-08-20T11:33:00,12.47,12.47,12.47,12.47,269
2026-08-20T08:34:00.000Z,2026-08-20T11:34:00,12.46,12.46,12.46,12.46,30
2026-08-20T08:36:00.000Z,2026-08-20T11:36:00,12.44,12.44,12.44,12.44,6995
2026-08-20T08:37:00.000Z,2026-08-20T11:37:00,12.43,12.43,12.4,12.4,10000
2026-08-20T08:40:00.000Z,2026-08-20T11:40:00,12.41,12.41,12.41,12.41,9963
2026-08-20T08:42:00.000Z,2026-08-20T11:42:00,12.41,12.41,12.4,12.4,15000
2026-08-20T08:43:00.000Z,2026-08-20T11:43:00,12.4,12.4,12.38,12.38,15000
2026-08-20T08:44:00.000Z,2026-08-20T11:44:00,12.4,12.4,12.4,12.4,1030
2026-08-20T08:45:00.000Z,2026-08-20T11:45:00,12.4,12.4,12.4,12.4,282
2026-08-20T08:46:00.000Z,2026-08-20T11:46:00,12.42,12.42,12.42,12.42,500
2026-08-20T08:47:00.000Z,2026-08-20T11:47:00,12.4,12.42,12.4,12.42,1560
2026-08-20T08:49:00.000Z,2026-08-20T11:49:00,12.43,12.43,12.4,12.4,2493
2026-08-20T08:50:00.000Z,2026-08-20T11:50:00,12.39,12.39,12.39,12.39,254
2026-08-20T08:52:00.000Z,2026-08-20T11:52:00,12.4,12.4,12.4,12.4,50
2026-08-20T08:53:00.000Z,2026-08-20T11:53:00,12.4,12.4,12.4,12.4,1846
2026-08-20T08:54:00.000Z,2026-08-20T11:54:00,12.4,12.4,12.4,12.4,2446
2026-08-20T08:55:00.000Z,2026-08-20T11:55:00,12.47,12.49,12.47,12.49,6451
2026-08-20T08:59:00.000Z,2026-08-20T11:59:00,12.42,12.42,12.42,12.42,1
2026-08-20T09:01:00.000Z,2026-08-20T12:01:00,12.46,12.48,12.46,12.48,1610
2026-08-20T09:06:00.000Z,2026-08-20T12:06:00,12.43,12.43,12.43,12.43,300
2026-08-20T09:08:00.000Z,2026-08-20T12:08:00,12.47,12.48,12.47,12.48,1000
2026-08-20T09:11:00.000Z,2026-08-20T12:11:00,12.46,12.46,12.46,12.46,72
2026-08-20T09:13:00.000Z,2026-08-20T12:13:00,12.47,12.47,12.44,12.44,730
2026-08-20T09:19:00.000Z,2026-08-20T12:19:00,12.45,12.48,12.45,12.48,1769
2026-08-20T09:20:00.000Z,2026-08-20T12:20:00,12.47,12.47,12.47,12.47,6116
2026-08-20T09:23:00.000Z,2026-08-20T12:23:00,12.47,12.49,12.4,12.4,41000
2026-08-20T09:29:00.000Z,2026-08-20T12:29:00,12.41,12.41,12.41,12.41,800
2026-08-20T09:36:00.000Z,2026-08-20T12:36:00,12.43,12.43,12.43,12.43,1
2026-08-20T09:39:00.000Z,2026-08-20T12:39:00,12.44,12.44,12.4,12.4,36139
2026-08-20T09:40:00.000Z,2026-08-20T12:40:00,12.39,12.39,12.38,12.38,1432
2026-08-20T09:42:00.000Z,2026-08-20T12:42:00,12.45,12.45,12.45,12.45,71
2026-08-20T09:46:00.000Z,2026-08-20T12:46:00,12.45,12.45,12.45,12.45,168
2026-08-20T09:47:00.000Z,2026-08-20T12:47:00,12.4,12.4,12.4,12.4,2971
2026-08-20T09:48:00.000Z,2026-08-20T12:48:00,12.4,12.4,12.4,12.4,1346
2026-08-20T09:49:00.000Z,2026-08-20T12:49:00,12.4,12.4,12.4,12.4,612
2026-08-20T09:50:00.000Z,2026-08-20T12:50:00,12.4,12.4,12.4,12.4,13775
2026-08-20T09:52:00.000Z,2026-08-20T12:52:00,12.41,12.41,12.41,12.41,1346
2026-08-20T09:53:00.000Z,2026-08-20T12:53:00,12.41,12.41,12.4,12.4,16404
2026-08-20T09:57:00.000Z,2026-08-20T12:57:00,12.41,12.41,12.41,12.41,1346
2026-08-20T10:01:00.000Z,2026-08-20T13:01:00,12.42,12.42,12.42,12.42,2346
2026-08-20T10:03:00.000Z,2026-08-20T13:03:00,12.45,12.45,12.45,12.45,1064
2026-08-20T10:07:00.000Z,2026-08-20T13:07:00,12.45,12.45,12.45,12.45,500
2026-08-20T10:10:00.000Z,2026-08-20T13:10:00,12.43,12.43,12.43,12.43,1346
2026-08-20T10:11:00.000Z,2026-08-20T13:11:00,12.43,12.43,12.42,12.42,5213
2026-08-20T10:12:00.000Z,2026-08-20T13:12:00,12.42,12.42,12.42,12.42,186
2026-08-20T10:15:00.000Z,2026-08-20T13:15:00,12.42,12.44,12.42,12.44,402
2026-08-20T10:19:00.000Z,2026-08-20T13:19:00,12.42,12.42,12.42,12.42,40
2026-08-20T10:23:00.000Z,2026-08-20T13:23:00,12.42,12.42,12.41,12.41,3806
2026-08-20T10:24:00.000Z,2026-08-20T13:24:00,12.42,12.42,12.41,12.42,13334
2026-08-20T10:25:00.000Z,2026-08-20T13:25:00,12.42,12.42,12.42,12.42,3869
2026-08-20T10:26:00.000Z,2026-08-20T13:26:00,12.42,12.42,12.42,12.42,983
2026-08-20T10:29:00.000Z,2026-08-20T13:29:00,12.46,12.46,12.46,12.46,300
2026-08-20T10:32:00.000Z,2026-08-20T13:32:00,12.43,12.43,12.43,12.43,1046
2026-08-20T10:33:00.000Z,2026-08-20T13:33:00,12.43,12.43,12.43,12.43,2000
2026-08-20T10:38:00.000Z,2026-08-20T13:38:00,12.44,12.44,12.44,12.44,1
2026-08-20T10:39:00.000Z,2026-08-20T13:39:00,12.44,12.44,12.44,12.44,692
2026-08-20T10:42:00.000Z,2026-08-20T13:42:00,12.45,12.45,12.45,12.45,16350
2026-08-20T10:43:00.000Z,2026-08-20T13:43:00,12.47,12.47,12.45,12.45,2511
2026-08-20T10:44:00.000Z,2026-08-20T13:44:00,12.45,12.45,12.45,12.45,4508
2026-08-20T10:45:00.000Z,2026-08-20T13:45:00,12.45,12.45,12.45,12.45,4000
2026-08-20T10:48:00.000Z,2026-08-20T13:48:00,12.45,12.45,12.45,12.45,1842
2026-08-20T10:49:00.000Z,2026-08-20T13:49:00,12.45,12.45,12.45,12.45,1650
2026-08-20T10:50:00.000Z,2026-08-20T13:50:00,12.45,12.45,12.45,12.45,5250
2026-08-20T10:52:00.000Z,2026-08-20T13:52:00,12.46,12.46,12.42,12.46,12026
2026-08-20T10:53:00.000Z,2026-08-20T13:53:00,12.45,12.46,12.45,12.46,3974
2026-08-20T10:54:00.000Z,2026-08-20T13:54:00,12.46,12.46,12.46,12.46,1000
2026-08-20T10:55:00.000Z,2026-08-20T13:55:00,12.46,12.46,12.45,12.45,3570
2026-08-20T10:56:00.000Z,2026-08-20T13:56:00,12.45,12.45,12.45,12.45,6390
2026-08-20T10:57:00.000Z,2026-08-20T13:57:00,12.45,12.48,12.42,12.48,34060
2026-08-20T10:58:00.000Z,2026-08-20T13:58:00,12.45,12.45,12.45,12.45,3000
2026-08-20T10:59:00.000Z,2026-08-20T13:59:00,12.45,12.45,12.45,12.45,2984
2026-08-20T11:00:00.000Z,2026-08-20T14:00:00,12.45,12.47,12.45,12.47,281
2026-08-20T11:01:00.000Z,2026-08-20T14:01:00,12.47,12.49,12.47,12.49,8610
2026-08-20T11:06:00.000Z,2026-08-20T14:06:00,12.44,12.44,12.44,12.44,824
2026-08-20T11:08:00.000Z,2026-08-20T14:08:00,12.44,12.44,12.44,12.44,1000
2026-08-20T11:09:00.000Z,2026-08-20T14:09:00,12.44,12.44,12.43,12.43,18900
2026-08-20T11:11:00.000Z,2026-08-20T14:11:00,12.43,12.46,12.43,12.46,3500
2026-08-20T11:12:00.000Z,2026-08-20T14:12:00,12.46,12.46,12.43,12.43,3800
2026-08-20T11:13:00.000Z,2026-08-20T14:13:00,12.49,12.5,12.49,12.49,2500
2026-08-20T11:14:00.000Z,2026-08-20T14:14:00,12.43,12.43,12.43,12.43,2550
2026-08-20T11:25:00.000Z,2026-08-20T14:25:00,12.44,12.44,12.44,12.44,4500
2026-08-23T07:00:00.000Z,2026-08-23T10:00:00,12.41,12.5,12.41,12.5,15029
2026-08-23T07:01:00.000Z,2026-08-23T10:01:00,12.54,12.54,12.5,12.5,1980
2026-08-23T07:03:00.000Z,2026-08-23T10:03:00,12.5,12.5,12.5,12.5,200
2026-08-23T07:04:00.000Z,2026-08-23T10:04:00,12.45,12.45,12.45,12.45,335
2026-08-23T07:05:00.000Z,2026-08-23T10:05:00,12.45,12.45,12.45,12.45,560
2026-08-23T07:07:00.000Z,2026-08-23T10:07:00,12.5,12.5,12.45,12.45,13105
2026-08-23T07:08:00.000Z,2026-08-23T10:08:00,12.54,12.58,12.54,12.58,803
2026-08-23T07:09:00.000Z,2026-08-23T10:09:00,12.46,12.46,12.45,12.45,18044
2026-08-23T07:10:00.000Z,2026-08-23T10:10:00,12.45,12.45,12.43,12.43,20100
2026-08-23T07:11:00.000Z,2026-08-23T10:11:00,12.44,12.44,12.44,12.44,50
2026-08-23T07:17:00.000Z,2026-08-23T10:17:00,12.44,12.44,12.41,12.41,20513
2026-08-23T07:18:00.000Z,2026-08-23T10:18:00,12.42,12.42,12.42,12.42,361
2026-08-23T07:19:00.000Z,2026-08-23T10:19:00,12.49,12.49,12.49,12.49,10000
2026-08-23T07:23:00.000Z,2026-08-23T10:23:00,12.45,12.45,12.45,12.45,7100
2026-08-23T07:24:00.000Z,2026-08-23T10:24:00,12.5,12.5,12.5,12.5,144
2026-08-23T07:26:00.000Z,2026-08-23T10:26:00,12.45,12.46,12.45,12.45,4017
2026-08-23T07:29:00.000Z,2026-08-23T10:29:00,12.45,12.45,12.45,12.45,88
2026-08-23T07:30:00.000Z,2026-08-23T10:30:00,12.45,12.45,12.45,12.45,1000
2026-08-23T07:31:00.000Z,2026-08-23T10:31:00,12.5,12.5,12.5,12.5,5969
2026-08-23T07:32:00.000Z,2026-08-23T10:32:00,12.5,12.5,12.5,12.5,10
2026-08-23T07:33:00.000Z,2026-08-23T10:33:00,12.5,12.5,12.5,12.5,6
2026-08-23T07:34:00.000Z,2026-08-23T10:34:00,12.55,12.55,12.55,12.55,16
2026-08-23T07:36:00.000Z,2026-08-23T10:36:00,12.55,12.55,12.55,12.55,2
2026-08-23T07:38:00.000Z,2026-08-23T10:38:00,12.51,12.51,12.51,12.51,1593
2026-08-23T07:40:00.000Z,2026-08-23T10:40:00,12.55,12.6,12.55,12.6,25345
2026-08-23T07:42:00.000Z,2026-08-23T10:42:00,12.6,12.6,12.6,12.6,31020
2026-08-23T07:45:00.000Z,2026-08-23T10:45:00,12.51,12.51,12.5,12.5,3883
2026-08-23T07:47:00.000Z,2026-08-23T10:47:00,12.5,12.5,12.5,12.5,6000
2026-08-23T07:48:00.000Z,2026-08-23T10:48:00,12.55,12.55,12.55,12.55,100
2026-08-23T07:52:00.000Z,2026-08-23T10:52:00,12.53,12.53,12.53,12.53,370
2026-08-23T07:53:00.000Z,2026-08-23T10:53:00,12.53,12.53,12.53,12.53,319
2026-08-23T07:54:00.000Z,2026-08-23T10:54:00,12.53,12.53,12.53,12.53,159
2026-08-23T07:56:00.000Z,2026-08-23T10:56:00,12.53,12.53,12.53,12.53,1552
2026-08-23T07:58:00.000Z,2026-08-23T10:58:00,12.53,12.53,12.53,12.53,21
2026-08-23T07:59:00.000Z,2026-08-23T10:59:00,12.53,12.53,12.5,12.5,1695
2026-08-23T08:00:00.000Z,2026-08-23T11:00:00,12.49,12.5,12.49,12.5,7415
2026-08-23T08:01:00.000Z,2026-08-23T11:01:00,12.6,12.6,12.6,12.6,5700
2026-08-23T08:02:00.000Z,2026-08-23T11:02:00,12.6,12.6,12.6,12.6,3900
2026-08-23T08:04:00.000Z,2026-08-23T11:04:00,12.6,12.6,12.6,12.6,340
2026-08-23T08:08:00.000Z,2026-08-23T11:08:00,12.6,12.6,12.44,12.44,3028
2026-08-23T08:10:00.000Z,2026-08-23T11:10:00,12.45,12.45,12.45,12.45,8632
2026-08-23T08:12:00.000Z,2026-08-23T11:12:00,12.5,12.5,12.5,12.5,600
2026-08-23T08:13:00.000Z,2026-08-23T11:13:00,12.6,12.6,12.48,12.6,5723
2026-08-23T08:14:00.000Z,2026-08-23T11:14:00,12.52,12.52,12.46,12.46,4400
2026-08-23T08:17:00.000Z,2026-08-23T11:17:00,12.47,12.47,12.46,12.46,7000
2026-08-23T08:20:00.000Z,2026-08-23T11:20:00,12.58,12.58,12.58,12.58,839
2026-08-23T08:21:00.000Z,2026-08-23T11:21:00,12.47,12.47,12.46,12.46,20000
2026-08-23T08:23:00.000Z,2026-08-23T11:23:00,12.46,12.46,12.46,12.46,6000
2026-08-23T08:29:00.000Z,2026-08-23T11:29:00,12.54,12.54,12.54,12.54,20
2026-08-23T08:31:00.000Z,2026-08-23T11:31:00,12.54,12.54,12.54,12.54,2000
2026-08-23T08:32:00.000Z,2026-08-23T11:32:00,12.48,12.48,12.48,12.48,2396
2026-08-23T08:33:00.000Z,2026-08-23T11:33:00,12.46,12.46,12.42,12.42,7000
2026-08-23T08:34:00.000Z,2026-08-23T11:34:00,12.48,12.48,12.48,12.48,150
2026-08-23T08:40:00.000Z,2026-08-23T11:40:00,12.48,12.48,12.48,12.48,254
2026-08-23T08:45:00.000Z,2026-08-23T11:45:00,12.49,12.49,12.49,12.49,1
2026-08-23T08:49:00.000Z,2026-08-23T11:49:00,12.49,12.49,12.46,12.46,3000
2026-08-23T08:55:00.000Z,2026-08-23T11:55:00,12.46,12.46,12.46,12.46,1506
2026-08-23T08:57:00.000Z,2026-08-23T11:57:00,12.46,12.46,12.44,12.44,975
2026-08-23T09:01:00.000Z,2026-08-23T12:01:00,12.44,12.44,12.42,12.42,9300
2026-08-23T09:02:00.000Z,2026-08-23T12:02:00,12.54,12.54,12.54,12.54,40
2026-08-23T09:05:00.000Z,2026-08-23T12:05:00,12.54,12.54,12.54,12.54,50
2026-08-23T09:11:00.000Z,2026-08-23T12:11:00,12.46,12.46,12.46,12.46,15
2026-08-23T09:12:00.000Z,2026-08-23T12:12:00,12.46,12.46,12.46,12.46,3869
2026-08-23T09:14:00.000Z,2026-08-23T12:14:00,12.46,12.46,12.43,12.43,14180
2026-08-23T09:16:00.000Z,2026-08-23T12:16:00,12.44,12.44,12.43,12.43,36020
2026-08-23T09:18:00.000Z,2026-08-23T12:18:00,12.45,12.45,12.45,12.45,2000
2026-08-23T09:20:00.000Z,2026-08-23T12:20:00,12.45,12.45,12.42,12.42,43200
2026-08-23T09:21:00.000Z,2026-08-23T12:21:00,12.45,12.45,12.45,12.45,10400
2026-08-23T09:22:00.000Z,2026-08-23T12:22:00,12.5,12.5,12.5,12.5,190
2026-08-23T09:24:00.000Z,2026-08-23T12:24:00,12.43,12.43,12.4,12.4,37000
2026-08-23T09:27:00.000Z,2026-08-23T12:27:00,12.41,12.41,12.41,12.41,143
2026-08-23T09:28:00.000Z,2026-08-23T12:28:00,12.42,12.42,12.4,12.4,18008
2026-08-23T09:29:00.000Z,2026-08-23T12:29:00,12.45,12.45,12.45,12.45,9900
2026-08-23T09:30:00.000Z,2026-08-23T12:30:00,12.45,12.45,12.4,12.4,40402
2026-08-23T09:36:00.000Z,2026-08-23T12:36:00,12.42,12.42,12.42,12.42,37
2026-08-23T09:42:00.000Z,2026-08-23T12:42:00,12.45,12.45,12.45,12.45,130
2026-08-23T09:50:00.000Z,2026-08-23T12:50:00,12.45,12.45,12.45,12.45,5019
2026-08-23T09:53:00.000Z,2026-08-23T12:53:00,12.45,12.45,12.45,12.45,750
2026-08-23T09:57:00.000Z,2026-08-23T12:57:00,12.45,12.45,12.45,12.45,350
2026-08-23T09:58:00.000Z,2026-08-23T12:58:00,12.45,12.45,12.45,12.45,25000
2026-08-23T10:02:00.000Z,2026-08-23T13:02:00,12.45,12.5,12.45,12.5,10500
2026-08-23T10:03:00.000Z,2026-08-23T13:03:00,12.5,12.5,12.5,12.5,1100
2026-08-23T10:05:00.000Z,2026-08-23T13:05:00,12.5,12.5,12.5,12.5,82
2026-08-23T10:12:00.000Z,2026-08-23T13:12:00,12.49,12.49,12.49,12.49,362
2026-08-23T10:15:00.000Z,2026-08-23T13:15:00,12.49,12.49,12.49,12.49,1500
2026-08-23T10:21:00.000Z,2026-08-23T13:21:00,12.45,12.45,12.45,12.45,743
2026-08-23T10:22:00.000Z,2026-08-23T13:22:00,12.45,12.46,12.45,12.46,297
2026-08-23T10:24:00.000Z,2026-08-23T13:24:00,12.46,12.46,12.46,12.46,2
2026-08-23T10:25:00.000Z,2026-08-23T13:25:00,12.46,12.46,12.43,12.43,5800
2026-08-23T10:30:00.000Z,2026-08-23T13:30:00,12.45,12.45,12.44,12.44,1372
2026-08-23T10:33:00.000Z,2026-08-23T13:33:00,12.44,12.44,12.43,12.43,2910
2026-08-23T10:34:00.000Z,2026-08-23T13:34:00,12.43,12.43,12.43,12.43,13000
2026-08-23T10:35:00.000Z,2026-08-23T13:35:00,12.43,12.43,12.42,12.42,15000
2026-08-23T10:36:00.000Z,2026-08-23T13:36:00,12.42,12.42,12.42,12.42,2344
2026-08-23T10:37:00.000Z,2026-08-23T13:37:00,12.45,12.45,12.42,12.42,770
2026-08-23T10:38:00.000Z,2026-08-23T13:38:00,12.42,12.42,12.42,12.42,900
2026-08-23T10:41:00.000Z,2026-08-23T13:41:00,12.43,12.47,12.43,12.45,10289
2026-08-23T10:42:00.000Z,2026-08-23T13:42:00,12.46,12.46,12.46,12.46,342
2026-08-23T10:43:00.000Z,2026-08-23T13:43:00,12.46,12.46,12.45,12.45,10900
2026-08-23T10:45:00.000Z,2026-08-23T13:45:00,12.47,12.47,12.47,12.47,627
2026-08-23T10:48:00.000Z,2026-08-23T13:48:00,12.47,12.47,12.47,12.47,3013
2026-08-23T10:51:00.000Z,2026-08-23T13:51:00,12.48,12.52,12.48,12.52,36667
2026-08-23T10:55:00.000Z,2026-08-23T13:55:00,12.47,12.47,12.47,12.47,6
2026-08-23T10:58:00.000Z,2026-08-23T13:58:00,12.47,12.47,12.47,12.47,6000
2026-08-23T11:02:00.000Z,2026-08-23T14:02:00,12.49,12.49,12.49,12.49,64
2026-08-23T11:03:00.000Z,2026-08-23T14:03:00,12.49,12.51,12.49,12.51,4450
2026-08-23T11:06:00.000Z,2026-08-23T14:06:00,12.48,12.5,12.48,12.5,2942
2026-08-23T11:08:00.000Z,2026-08-23T14:08:00,12.5,12.51,12.5,12.51,5587
2026-08-23T11:13:00.000Z,2026-08-23T14:13:00,12.48,12.48,12.48,12.48,13767
2026-08-23T11:14:00.000Z,2026-08-23T14:14:00,12.47,12.47,12.42,12.42,16233
2026-08-23T11:15:00.000Z,2026-08-23T14:15:00,12.42,12.42,12.41,12.41,5526
2026-08-23T11:25:00.000Z,2026-08-23T14:25:00,12.45,12.45,12.45,12.45,8000
2026-08-23T11:28:00.000Z,2026-08-23T14:28:00,12.45,12.45,12.45,12.45,10250
2026-08-24T07:00:00.000Z,2026-08-24T10:00:00,12.56,12.68,12.56,12.68,17260
2026-08-24T07:01:00.000Z,2026-08-24T10:01:00,12.68,12.8,12.68,12.8,50506
2026-08-24T07:02:00.000Z,2026-08-24T10:02:00,12.85,13.07,12.85,13.04,91322
2026-08-24T07:03:00.000Z,2026-08-24T10:03:00,13.08,13.19,13.06,13.1,13741
2026-08-24T07:04:00.000Z,2026-08-24T10:04:00,13.1,13.19,13.1,13.19,38931
2026-08-24T07:05:00.000Z,2026-08-24T10:05:00,13.17,13.4,13.15,13.39,74640
2026-08-24T07:06:00.000Z,2026-08-24T10:06:00,13.25,13.4,13.11,13.3,48887
2026-08-24T07:07:00.000Z,2026-08-24T10:07:00,13.26,13.36,13.26,13.32,33021
2026-08-24T07:08:00.000Z,2026-08-24T10:08:00,13.3,13.3,13.13,13.26,17368
2026-08-24T07:09:00.000Z,2026-08-24T10:09:00,13.26,13.3,13.16,13.2,70923
2026-08-24T07:10:00.000Z,2026-08-24T10:10:00,13.2,13.3,13.16,13.16,45222
2026-08-24T07:11:00.000Z,2026-08-24T10:11:00,13.27,13.27,13.16,13.16,9712
2026-08-24T07:12:00.000Z,2026-08-24T10:12:00,13.16,13.23,13.13,13.22,67530
2026-08-24T07:13:00.000Z,2026-08-24T10:13:00,13.2,13.22,13.13,13.2,28066
2026-08-24T07:14:00.000Z,2026-08-24T10:14:00,13.2,13.2,13.19,13.19,19532
2026-08-24T07:15:00.000Z,2026-08-24T10:15:00,13.19,13.2,13.18,13.2,31015
2026-08-24T07:16:00.000Z,2026-08-24T10:16:00,13.2,13.2,13.18,13.18,9664
2026-08-24T07:17:00.000Z,2026-08-24T10:17:00,13.15,13.15,13.15,13.15,10200
2026-08-24T07:18:00.000Z,2026-08-24T10:18:00,13.15,13.15,13.13,13.15,6460
2026-08-24T07:19:00.000Z,2026-08-24T10:19:00,13.13,13.2,13.12,13.16,61719
2026-08-24T07:20:00.000Z,2026-08-24T10:20:00,13.16,13.2,13.16,13.2,1746
2026-08-24T07:21:00.000Z,2026-08-24T10:21:00,13.2,13.2,13.2,13.2,30015
2026-08-24T07:22:00.000Z,2026-08-24T10:22:00,13.2,13.22,13.15,13.22,53510
2026-08-24T07:23:00.000Z,2026-08-24T10:23:00,13.23,13.25,13.21,13.25,22850
2026-08-24T07:24:00.000Z,2026-08-24T10:24:00,13.18,13.23,13.18,13.23,3181
2026-08-24T07:25:00.000Z,2026-08-24T10:25:00,13.23,13.24,13.2,13.24,12070
2026-08-24T07:26:00.000Z,2026-08-24T10:26:00,13.25,13.28,13.25,13.28,39892
2026-08-24T07:27:00.000Z,2026-08-24T10:27:00,13.28,13.36,13.27,13.35,67509
2026-08-24T07:28:00.000Z,2026-08-24T10:28:00,13.36,13.49,13.36,13.49,120282
2026-08-24T07:29:00.000Z,2026-08-24T10:29:00,13.49,13.6,13.48,13.53,166360
2026-08-24T07:30:00.000Z,2026-08-24T10:30:00,13.53,13.55,13.35,13.5,45924
2026-08-24T07:31:00.000Z,2026-08-24T10:31:00,13.48,13.49,13.35,13.44,30934
2026-08-24T07:32:00.000Z,2026-08-24T10:32:00,13.42,13.42,13.35,13.35,12660
2026-08-24T07:33:00.000Z,2026-08-24T10:33:00,13.3,13.39,13.29,13.39,17478
2026-08-24T07:34:00.000Z,2026-08-24T10:34:00,13.38,13.38,13.34,13.34,12823
2026-08-24T07:35:00.000Z,2026-08-24T10:35:00,13.25,13.25,13.24,13.25,11862
2026-08-24T07:36:00.000Z,2026-08-24T10:36:00,13.25,13.25,13.22,13.22,5898
2026-08-24T07:37:00.000Z,2026-08-24T10:37:00,13.25,13.25,13.23,13.25,1869
2026-08-24T07:38:00.000Z,2026-08-24T10:38:00,13.25,13.34,13.25,13.25,6155
2026-08-24T07:39:00.000Z,2026-08-24T10:39:00,13.26,13.26,13.25,13.25,3224
2026-08-24T07:40:00.000Z,2026-08-24T10:40:00,13.33,13.33,13.33,13.33,801
2026-08-24T07:41:00.000Z,2026-08-24T10:41:00,13.24,13.31,13.23,13.31,7867
2026-08-24T07:42:00.000Z,2026-08-24T10:42:00,13.23,13.29,13.23,13.23,1449
2026-08-24T07:43:00.000Z,2026-08-24T10:43:00,13.23,13.34,13.23,13.34,37107
2026-08-24T07:44:00.000Z,2026-08-24T10:44:00,13.33,13.4,13.32,13.39,32424
2026-08-24T07:45:00.000Z,2026-08-24T10:45:00,13.38,13.39,13.25,13.35,22470
2026-08-24T07:46:00.000Z,2026-08-24T10:46:00,13.35,13.39,13.35,13.38,702
2026-08-24T07:47:00.000Z,2026-08-24T10:47:00,13.26,13.34,13.26,13.34,2948
2026-08-24T07:48:00.000Z,2026-08-24T10:48:00,13.34,13.38,13.28,13.36,14748
2026-08-24T07:49:00.000Z,2026-08-24T10:49:00,13.36,13.36,13.35,13.35,260
2026-08-24T07:50:00.000Z,2026-08-24T10:50:00,13.35,13.35,13.35,13.35,165
2026-08-24T07:51:00.000Z,2026-08-24T10:51:00,13.34,13.34,13.28,13.3,2437
2026-08-24T07:52:00.000Z,2026-08-24T10:52:00,13.28,13.28,13.28,13.28,2665
2026-08-24T07:53:00.000Z,2026-08-24T10:53:00,13.28,13.28,13.27,13.27,9618
2026-08-24T07:54:00.000Z,2026-08-24T10:54:00,13.27,13.28,13.27,13.28,1475
2026-08-24T07:55:00.000Z,2026-08-24T10:55:00,13.28,13.28,13.27,13.27,7042
2026-08-24T07:56:00.000Z,2026-08-24T10:56:00,13.27,13.27,13.15,13.15,18883
2026-08-24T07:57:00.000Z,2026-08-24T10:57:00,13.15,13.2,13.1,13.2,39915
2026-08-24T07:58:00.000Z,2026-08-24T10:58:00,13.15,13.15,13.15,13.15,10000
2026-08-24T07:59:00.000Z,2026-08-24T10:59:00,13.15,13.15,13.15,13.15,887
2026-08-24T08:00:00.000Z,2026-08-24T11:00:00,13.16,13.19,13.16,13.16,3332
2026-08-24T08:01:00.000Z,2026-08-24T11:01:00,13.19,13.19,13.15,13.15,3052
2026-08-24T08:02:00.000Z,2026-08-24T11:02:00,13.15,13.15,13.07,13.07,53697
2026-08-24T08:03:00.000Z,2026-08-24T11:03:00,13.09,13.1,13.07,13.1,15542
2026-08-24T08:04:00.000Z,2026-08-24T11:04:00,13.1,13.15,13.1,13.15,3900
2026-08-24T08:05:00.000Z,2026-08-24T11:05:00,13.15,13.15,13.14,13.15,3781
2026-08-24T08:06:00.000Z,2026-08-24T11:06:00,13.15,13.2,13.15,13.2,9545
2026-08-24T08:07:00.000Z,2026-08-24T11:07:00,13.2,13.2,13.2,13.2,6227
2026-08-24T08:08:00.000Z,2026-08-24T11:08:00,13.12,13.19,13.11,13.19,7560
2026-08-24T08:09:00.000Z,2026-08-24T11:09:00,13.19,13.19,13.11,13.11,321
2026-08-24T08:10:00.000Z,2026-08-24T11:10:00,13.13,13.13,13.12,13.12,374
2026-08-24T08:11:00.000Z,2026-08-24T11:11:00,13.19,13.19,13.11,13.19,9978
2026-08-24T08:12:00.000Z,2026-08-24T11:12:00,13.19,13.19,13.11,13.13,134
2026-08-24T08:13:00.000Z,2026-08-24T11:13:00,13.13,13.19,13.13,13.19,2862
2026-08-24T08:14:00.000Z,2026-08-24T11:14:00,13.18,13.18,13.18,13.18,364
2026-08-24T08:17:00.000Z,2026-08-24T11:17:00,13.13,13.13,13.13,13.13,258
2026-08-24T08:18:00.000Z,2026-08-24T11:18:00,13.11,13.11,13.11,13.11,238
2026-08-24T08:19:00.000Z,2026-08-24T11:19:00,13.13,13.13,13.1,13.1,9744
2026-08-24T08:20:00.000Z,2026-08-24T11:20:00,13.07,13.07,13.07,13.07,500
2026-08-24T08:21:00.000Z,2026-08-24T11:21:00,13.08,13.1,13.08,13.1,105
2026-08-24T08:22:00.000Z,2026-08-24T11:22:00,13.1,13.13,13.1,13.13,6450
2026-08-24T08:23:00.000Z,2026-08-24T11:23:00,13.13,13.13,13.13,13.13,151
2026-08-24T08:25:00.000Z,2026-08-24T11:25:00,13.1,13.1,13.07,13.07,5000
2026-08-24T08:26:00.000Z,2026-08-24T11:26:00,13.12,13.13,13.12,13.13,382
2026-08-24T08:27:00.000Z,2026-08-24T11:27:00,13.07,13.07,13.04,13.05,23492
2026-08-24T08:28:00.000Z,2026-08-24T11:28:00,13.05,13.09,13.04,13.04,4758
2026-08-24T08:29:00.000Z,2026-08-24T11:29:00,13.04,13.04,13.04,13.04,6000
2026-08-24T08:30:00.000Z,2026-08-24T11:30:00,13.04,13.04,13.04,13.04,8330
2026-08-24T08:31:00.000Z,2026-08-24T11:31:00,13.09,13.09,13.09,13.09,150
2026-08-24T08:32:00.000Z,2026-08-24T11:32:00,13.05,13.05,13.04,13.04,12382
2026-08-24T08:33:00.000Z,2026-08-24T11:33:00,13.02,13.03,13.02,13.03,1351
2026-08-24T08:34:00.000Z,2026-08-24T11:34:00,13.02,13.02,13.02,13.02,1000
2026-08-24T08:35:00.000Z,2026-08-24T11:35:00,13.03,13.03,13.03,13.03,2743
2026-08-24T08:38:00.000Z,2026-08-24T11:38:00,13.08,13.09,13.08,13.09,15000
2026-08-24T08:39:00.000Z,2026-08-24T11:39:00,13.06,13.06,13,13,79513
2026-08-24T08:40:00.000Z,2026-08-24T11:40:00,13.01,13.15,13,13.15,21331
2026-08-24T08:41:00.000Z,2026-08-24T11:41:00,13.12,13.15,13.12,13.15,465
2026-08-24T08:42:00.000Z,2026-08-24T11:42:00,13.01,13.15,13.01,13.01,1037
2026-08-24T08:45:00.000Z,2026-08-24T11:45:00,13.14,13.14,13.14,13.14,7
2026-08-24T08:47:00.000Z,2026-08-24T11:47:00,13.12,13.12,13.12,13.12,4491
2026-08-24T08:52:00.000Z,2026-08-24T11:52:00,13.03,13.03,13.03,13.03,400
2026-08-24T08:53:00.000Z,2026-08-24T11:53:00,13.03,13.03,13.03,13.03,913
2026-08-24T08:54:00.000Z,2026-08-24T11:54:00,13.03,13.03,13.03,13.03,192
2026-08-24T08:57:00.000Z,2026-08-24T11:57:00,13.11,13.11,13.11,13.11,311
2026-08-24T08:58:00.000Z,2026-08-24T11:58:00,13.11,13.11,13.11,13.11,200
2026-08-24T08:59:00.000Z,2026-08-24T11:59:00,13.1,13.11,13.1,13.11,1000
2026-08-24T09:00:00.000Z,2026-08-24T12:00:00,13.03,13.03,13.03,13.03,5
2026-08-24T09:01:00.000Z,2026-08-24T12:01:00,13.03,13.03,13.03,13.03,323
2026-08-24T09:02:00.000Z,2026-08-24T12:02:00,13.03,13.03,13.02,13.02,6378
2026-08-24T09:04:00.000Z,2026-08-24T12:04:00,13.05,13.05,13.05,13.05,1567
2026-08-24T09:06:00.000Z,2026-08-24T12:06:00,13.05,13.05,13.04,13.05,1496
2026-08-24T09:07:00.000Z,2026-08-24T12:07:00,13.05,13.05,13.05,13.05,832
2026-08-24T09:08:00.000Z,2026-08-24T12:08:00,13.05,13.05,13.05,13.05,35
2026-08-24T09:09:00.000Z,2026-08-24T12:09:00,13.05,13.05,13.05,13.05,10
2026-08-24T09:10:00.000Z,2026-08-24T12:10:00,13.06,13.06,13.05,13.05,5098
2026-08-24T09:11:00.000Z,2026-08-24T12:11:00,13.05,13.05,13.05,13.05,78
2026-08-24T09:13:00.000Z,2026-08-24T12:13:00,13.05,13.05,13.04,13.04,1400
2026-08-24T09:14:00.000Z,2026-08-24T12:14:00,13.04,13.04,13.04,13.04,4703
2026-08-24T09:15:00.000Z,2026-08-24T12:15:00,13.02,13.02,12.95,12.95,13308
2026-08-24T09:17:00.000Z,2026-08-24T12:17:00,12.95,12.95,12.95,12.95,17160
2026-08-24T09:19:00.000Z,2026-08-24T12:19:00,12.95,12.95,12.95,12.95,932
2026-08-24T09:20:00.000Z,2026-08-24T12:20:00,12.96,12.96,12.96,12.96,2298
2026-08-24T09:21:00.000Z,2026-08-24T12:21:00,12.96,13,12.96,13,3750
2026-08-24T09:22:00.000Z,2026-08-24T12:22:00,13,13,13,13,4500
2026-08-24T09:23:00.000Z,2026-08-24T12:23:00,13,13,13,13,4380
2026-08-24T09:25:00.000Z,2026-08-24T12:25:00,12.99,12.99,12.99,12.99,10032
2026-08-24T09:27:00.000Z,2026-08-24T12:27:00,12.95,12.95,12.95,12.95,1000
2026-08-24T09:28:00.000Z,2026-08-24T12:28:00,12.96,12.96,12.96,12.96,4746
2026-08-24T09:30:00.000Z,2026-08-24T12:30:00,12.96,12.96,12.96,12.96,138
2026-08-24T09:31:00.000Z,2026-08-24T12:31:00,12.96,12.96,12.96,12.96,573
2026-08-24T09:33:00.000Z,2026-08-24T12:33:00,12.97,12.97,12.97,12.97,170
2026-08-24T09:35:00.000Z,2026-08-24T12:35:00,12.96,12.96,12.95,12.95,4432
2026-08-24T09:36:00.000Z,2026-08-24T12:36:00,12.93,12.98,12.93,12.98,944
2026-08-24T09:37:00.000Z,2026-08-24T12:37:00,12.98,12.98,12.98,12.98,153
2026-08-24T09:38:00.000Z,2026-08-24T12:38:00,12.99,12.99,12.99,12.99,847
2026-08-24T09:39:00.000Z,2026-08-24T12:39:00,12.96,12.96,12.94,12.94,4649
2026-08-24T09:40:00.000Z,2026-08-24T12:40:00,12.98,12.98,12.94,12.94,1700
2026-08-24T09:42:00.000Z,2026-08-24T12:42:00,12.98,12.98,12.98,12.98,5000
2026-08-24T09:43:00.000Z,2026-08-24T12:43:00,12.98,12.98,12.98,12.98,5
2026-08-24T09:48:00.000Z,2026-08-24T12:48:00,12.95,12.95,12.95,12.95,55
2026-08-24T09:50:00.000Z,2026-08-24T12:50:00,12.98,12.99,12.98,12.99,1356
2026-08-24T09:51:00.000Z,2026-08-24T12:51:00,12.99,13,12.99,13,2076
2026-08-24T09:53:00.000Z,2026-08-24T12:53:00,13.02,13.02,13.02,13.02,500
2026-08-24T09:55:00.000Z,2026-08-24T12:55:00,13.08,13.15,13.07,13.15,42500
2026-08-24T09:56:00.000Z,2026-08-24T12:56:00,13.1,13.13,13.1,13.13,14589
2026-08-24T09:58:00.000Z,2026-08-24T12:58:00,13.1,13.1,13.02,13.02,2387
2026-08-24T10:00:00.000Z,2026-08-24T13:00:00,13.02,13.02,13.01,13.01,15317
2026-08-24T10:02:00.000Z,2026-08-24T13:02:00,13.02,13.02,13.02,13.02,71
2026-08-24T10:06:00.000Z,2026-08-24T13:06:00,13.11,13.11,13.11,13.11,7000
2026-08-24T10:07:00.000Z,2026-08-24T13:07:00,13.12,13.17,13.05,13.17,43470
2026-08-24T10:08:00.000Z,2026-08-24T13:08:00,13.17,13.17,13.17,13.17,250
2026-08-24T10:10:00.000Z,2026-08-24T13:10:00,13.1,13.1,13.07,13.07,3958
2026-08-24T10:11:00.000Z,2026-08-24T13:11:00,13.07,13.07,13.05,13.05,7051
2026-08-24T10:13:00.000Z,2026-08-24T13:13:00,13.06,13.06,13.05,13.05,3500
2026-08-24T10:14:00.000Z,2026-08-24T13:14:00,13.07,13.07,13.07,13.07,12949
2026-08-24T10:18:00.000Z,2026-08-24T13:18:00,13.1,13.1,13.1,13.1,3935
2026-08-24T10:20:00.000Z,2026-08-24T13:20:00,13.1,13.1,13.08,13.08,4050
2026-08-24T10:21:00.000Z,2026-08-24T13:21:00,13.08,13.08,13.08,13.08,12326
2026-08-24T10:24:00.000Z,2026-08-24T13:24:00,13.08,13.08,13.08,13.08,550
2026-08-24T10:25:00.000Z,2026-08-24T13:25:00,13.09,13.09,13.09,13.09,3000
2026-08-24T10:27:00.000Z,2026-08-24T13:27:00,13.08,13.08,13.08,13.08,275
2026-08-24T10:28:00.000Z,2026-08-24T13:28:00,13.08,13.08,13.08,13.08,6000
2026-08-24T10:30:00.000Z,2026-08-24T13:30:00,13.08,13.08,13.08,13.08,4090
2026-08-24T10:31:00.000Z,2026-08-24T13:31:00,13.07,13.07,13.07,13.07,250
2026-08-24T10:35:00.000Z,2026-08-24T13:35:00,13.05,13.05,13.05,13.05,1120
2026-08-24T10:36:00.000Z,2026-08-24T13:36:00,13.01,13.01,12.95,12.95,12821
2026-08-24T10:38:00.000Z,2026-08-24T13:38:00,12.95,12.95,12.95,12.95,800
2026-08-24T10:39:00.000Z,2026-08-24T13:39:00,12.95,13,12.95,13,10044
2026-08-24T10:40:00.000Z,2026-08-24T13:40:00,12.96,12.96,12.96,12.96,830
2026-08-24T10:41:00.000Z,2026-08-24T13:41:00,13,13,12.99,13,8712
2026-08-24T10:43:00.000Z,2026-08-24T13:43:00,13,13,12.92,12.92,12280
2026-08-24T10:45:00.000Z,2026-08-24T13:45:00,12.95,12.95,12.95,12.95,4000
2026-08-24T10:48:00.000Z,2026-08-24T13:48:00,12.95,13,12.95,13,600
2026-08-24T10:50:00.000Z,2026-08-24T13:50:00,12.97,12.97,12.97,12.97,30
2026-08-24T10:51:00.000Z,2026-08-24T13:51:00,12.97,12.97,12.97,12.97,3
2026-08-24T10:53:00.000Z,2026-08-24T13:53:00,12.97,12.97,12.97,12.97,1367
2026-08-24T10:55:00.000Z,2026-08-24T13:55:00,12.97,12.97,12.97,12.97,2619
2026-08-24T10:56:00.000Z,2026-08-24T13:56:00,12.96,12.97,12.95,12.95,4307
2026-08-24T10:57:00.000Z,2026-08-24T13:57:00,12.97,12.97,12.97,12.97,1000
2026-08-24T10:58:00.000Z,2026-08-24T13:58:00,12.96,12.96,12.96,12.96,81
2026-08-24T11:01:00.000Z,2026-08-24T14:01:00,12.96,12.96,12.92,12.96,14000
2026-08-24T11:02:00.000Z,2026-08-24T14:02:00,12.98,13.07,12.98,13.07,14318
2026-08-24T11:04:00.000Z,2026-08-24T14:04:00,13.06,13.16,13.06,13.16,15518
2026-08-24T11:05:00.000Z,2026-08-24T14:05:00,13.16,13.16,13.16,13.16,5
2026-08-24T11:06:00.000Z,2026-08-24T14:06:00,13.01,13.01,13,13,5570
2026-08-24T11:07:00.000Z,2026-08-24T14:07:00,13,13,13,13,20000
2026-08-24T11:08:00.000Z,2026-08-24T14:08:00,13,13,13,13,875
2026-08-24T11:09:00.000Z,2026-08-24T14:09:00,13,13,13,13,4
2026-08-24T11:10:00.000Z,2026-08-24T14:10:00,13,13,13,13,4121
2026-08-24T11:11:00.000Z,2026-08-24T14:11:00,13,13.1,13,13.1,22505
2026-08-24T11:15:00.000Z,2026-08-24T14:15:00,13.1,13.1,13.1,13.1,155
2026-08-24T11:25:00.000Z,2026-08-24T14:25:00,13.33,13.33,13.33,13.33,72510
2026-08-24T11:26:00.000Z,2026-08-24T14:26:00,13.33,13.33,13.33,13.33,110
2026-08-24T11:28:00.000Z,2026-08-24T14:28:00,13.33,13.33,13.33,13.33,318
2026-08-25T07:00:00.000Z,2026-08-25T10:00:00,13.45,13.49,13.44,13.46,55333
2026-08-25T07:01:00.000Z,2026-08-25T10:01:00,13.45,13.5,13.44,13.5,61400
2026-08-25T07:02:00.000Z,2026-08-25T10:02:00,13.49,13.49,13.33,13.33,2459
2026-08-25T07:03:00.000Z,2026-08-25T10:03:00,13.33,13.33,13.33,13.33,25669
2026-08-25T07:04:00.000Z,2026-08-25T10:04:00,13.33,13.44,13.33,13.44,3166
2026-08-25T07:05:00.000Z,2026-08-25T10:05:00,13.35,13.39,13.33,13.39,13095
2026-08-25T07:06:00.000Z,2026-08-25T10:06:00,13.39,13.39,13.31,13.31,32493
2026-08-25T07:08:00.000Z,2026-08-25T10:08:00,13.31,13.31,13.31,13.31,7904
2026-08-25T07:09:00.000Z,2026-08-25T10:09:00,13.3,13.31,13.3,13.31,8032
2026-08-25T07:10:00.000Z,2026-08-25T10:10:00,13.31,13.31,13.31,13.31,1500
2026-08-25T07:11:00.000Z,2026-08-25T10:11:00,13.32,13.35,13.32,13.35,15723
2026-08-25T07:12:00.000Z,2026-08-25T10:12:00,13.35,13.35,13.31,13.31,2432
2026-08-25T07:13:00.000Z,2026-08-25T10:13:00,13.31,13.31,13.26,13.26,22174
2026-08-25T07:14:00.000Z,2026-08-25T10:14:00,13.27,13.27,13.27,13.27,4500
2026-08-25T07:15:00.000Z,2026-08-25T10:15:00,13.31,13.31,13.31,13.31,1085
2026-08-25T07:16:00.000Z,2026-08-25T10:16:00,13.33,13.33,13.31,13.31,11415
2026-08-25T07:17:00.000Z,2026-08-25T10:17:00,13.3,13.3,13.3,13.3,5000
2026-08-25T07:18:00.000Z,2026-08-25T10:18:00,13.31,13.31,13.26,13.26,5000
2026-08-25T07:19:00.000Z,2026-08-25T10:19:00,13.3,13.3,13.3,13.3,7000
2026-08-25T07:21:00.000Z,2026-08-25T10:21:00,13.3,13.3,13.3,13.3,1200
2026-08-25T07:22:00.000Z,2026-08-25T10:22:00,13.3,13.3,13.3,13.3,407
2026-08-25T07:24:00.000Z,2026-08-25T10:24:00,13.33,13.33,13.33,13.33,10002
2026-08-25T07:25:00.000Z,2026-08-25T10:25:00,13.32,13.32,13.31,13.31,3203
2026-08-25T07:26:00.000Z,2026-08-25T10:26:00,13.31,13.31,13.31,13.31,4312
2026-08-25T07:27:00.000Z,2026-08-25T10:27:00,13.3,13.31,13.3,13.3,13299
2026-08-25T07:28:00.000Z,2026-08-25T10:28:00,13.31,13.31,13.31,13.31,2000
2026-08-25T07:29:00.000Z,2026-08-25T10:29:00,13.31,13.31,13.31,13.31,686
2026-08-25T07:30:00.000Z,2026-08-25T10:30:00,13.31,13.31,13.3,13.3,22489
2026-08-25T07:31:00.000Z,2026-08-25T10:31:00,13.3,13.3,13.3,13.3,18575
2026-08-25T07:32:00.000Z,2026-08-25T10:32:00,13.3,13.3,13.3,13.3,557
2026-08-25T07:33:00.000Z,2026-08-25T10:33:00,13.3,13.3,13.3,13.3,38
2026-08-25T07:35:00.000Z,2026-08-25T10:35:00,13.26,13.26,13.26,13.26,11800
2026-08-25T07:36:00.000Z,2026-08-25T10:36:00,13.29,13.29,13.29,13.29,6
2026-08-25T07:38:00.000Z,2026-08-25T10:38:00,13.26,13.26,13.26,13.26,7823
2026-08-25T07:39:00.000Z,2026-08-25T10:39:00,13.22,13.22,13.22,13.22,2364
2026-08-25T07:40:00.000Z,2026-08-25T10:40:00,13.23,13.23,13.21,13.21,12866
2026-08-25T07:41:00.000Z,2026-08-25T10:41:00,13.22,13.22,13.2,13.2,2288
2026-08-25T07:42:00.000Z,2026-08-25T10:42:00,13.2,13.2,13.2,13.2,1302
2026-08-25T07:43:00.000Z,2026-08-25T10:43:00,13.24,13.25,13.2,13.2,10597
2026-08-25T07:44:00.000Z,2026-08-25T10:44:00,13.2,13.2,13.2,13.2,314
2026-08-25T07:45:00.000Z,2026-08-25T10:45:00,13.18,13.26,13.18,13.26,20300
2026-08-25T07:48:00.000Z,2026-08-25T10:48:00,13.2,13.2,13.19,13.19,5500
2026-08-25T07:50:00.000Z,2026-08-25T10:50:00,13.19,13.19,13.19,13.19,3931
2026-08-25T07:51:00.000Z,2026-08-25T10:51:00,13.19,13.19,13.19,13.19,676
2026-08-25T07:52:00.000Z,2026-08-25T10:52:00,13.19,13.19,13.19,13.19,5493
2026-08-25T07:53:00.000Z,2026-08-25T10:53:00,13.18,13.2,13.18,13.2,10518
2026-08-25T07:55:00.000Z,2026-08-25T10:55:00,13.17,13.17,13.17,13.17,3000
2026-08-25T07:57:00.000Z,2026-08-25T10:57:00,13.2,13.2,13.17,13.17,4575
2026-08-25T08:02:00.000Z,2026-08-25T11:02:00,13.15,13.15,13.15,13.15,8500
2026-08-25T08:03:00.000Z,2026-08-25T11:03:00,13.15,13.15,13.15,13.15,6421
2026-08-25T08:05:00.000Z,2026-08-25T11:05:00,13.15,13.15,13.15,13.15,243
2026-08-25T08:06:00.000Z,2026-08-25T11:06:00,13.18,13.3,13.18,13.3,50000
2026-08-25T08:09:00.000Z,2026-08-25T11:09:00,13.29,13.33,13.29,13.33,20000
2026-08-25T08:14:00.000Z,2026-08-25T11:14:00,13.31,13.33,13.31,13.33,6000
2026-08-25T08:15:00.000Z,2026-08-25T11:15:00,13.22,13.22,13.22,13.22,214
2026-08-25T08:19:00.000Z,2026-08-25T11:19:00,13.22,13.22,13.2,13.2,13795
2026-08-25T08:20:00.000Z,2026-08-25T11:20:00,13.22,13.22,13.2,13.2,8000
2026-08-25T08:25:00.000Z,2026-08-25T11:25:00,13.21,13.21,13.2,13.2,4000
2026-08-25T08:26:00.000Z,2026-08-25T11:26:00,13.2,13.2,13.2,13.2,6000
2026-08-25T08:28:00.000Z,2026-08-25T11:28:00,13.2,13.29,13.2,13.29,6000
2026-08-25T08:31:00.000Z,2026-08-25T11:31:00,13.29,13.29,13.16,13.29,1337
2026-08-25T08:32:00.000Z,2026-08-25T11:32:00,13.16,13.16,13.16,13.16,67
2026-08-25T08:34:00.000Z,2026-08-25T11:34:00,13.16,13.16,13.16,13.16,1139
2026-08-25T08:37:00.000Z,2026-08-25T11:37:00,13.16,13.16,13.1,13.1,50000
2026-08-25T08:44:00.000Z,2026-08-25T11:44:00,13.11,13.11,13.11,13.11,465
2026-08-25T08:45:00.000Z,2026-08-25T11:45:00,13.11,13.11,13.11,13.11,500
2026-08-25T08:47:00.000Z,2026-08-25T11:47:00,13.15,13.15,13.1,13.1,40000
2026-08-25T08:53:00.000Z,2026-08-25T11:53:00,13.11,13.11,13.11,13.11,4337
2026-08-25T08:54:00.000Z,2026-08-25T11:54:00,13.11,13.11,13,13,45024
2026-08-25T08:55:00.000Z,2026-08-25T11:55:00,13,13.2,13,13.2,10908
2026-08-25T08:56:00.000Z,2026-08-25T11:56:00,13,13,13,13,770
2026-08-25T08:57:00.000Z,2026-08-25T11:57:00,13.01,13.14,13.01,13.14,102
2026-08-25T08:58:00.000Z,2026-08-25T11:58:00,13.01,13.01,13.01,13.01,2030
2026-08-25T08:59:00.000Z,2026-08-25T11:59:00,13.01,13.01,13.01,13.01,200
2026-08-25T09:01:00.000Z,2026-08-25T12:01:00,13.14,13.19,13.14,13.19,16000
2026-08-25T09:02:00.000Z,2026-08-25T12:02:00,13.19,13.2,13.19,13.2,5050
2026-08-25T09:04:00.000Z,2026-08-25T12:04:00,13.03,13.03,13.03,13.03,427
2026-08-25T09:07:00.000Z,2026-08-25T12:07:00,13.2,13.29,13.2,13.29,18000
2026-08-25T09:11:00.000Z,2026-08-25T12:11:00,13.11,13.11,13.1,13.1,1191
2026-08-25T09:12:00.000Z,2026-08-25T12:12:00,13.1,13.1,13.1,13.1,50
2026-08-25T09:14:00.000Z,2026-08-25T12:14:00,13.1,13.1,13.06,13.06,2305
2026-08-25T09:20:00.000Z,2026-08-25T12:20:00,13.12,13.12,13.12,13.12,2
2026-08-25T09:23:00.000Z,2026-08-25T12:23:00,13.12,13.12,13.11,13.11,1125
2026-08-25T09:24:00.000Z,2026-08-25T12:24:00,13.11,13.11,13.11,13.11,15
2026-08-25T09:26:00.000Z,2026-08-25T12:26:00,13.22,13.22,13.12,13.12,501
2026-08-25T09:28:00.000Z,2026-08-25T12:28:00,13.12,13.12,13.12,13.12,582
2026-08-25T09:29:00.000Z,2026-08-25T12:29:00,13.12,13.12,13.11,13.11,6000
2026-08-25T09:34:00.000Z,2026-08-25T12:34:00,13.11,13.11,13.1,13.1,3810
2026-08-25T09:37:00.000Z,2026-08-25T12:37:00,13.07,13.07,13.07,13.07,1190
2026-08-25T09:40:00.000Z,2026-08-25T12:40:00,13.09,13.09,13.09,13.09,18
2026-08-25T09:43:00.000Z,2026-08-25T12:43:00,13.09,13.09,13.09,13.09,8
2026-08-25T09:50:00.000Z,2026-08-25T12:50:00,13.18,13.18,13.18,13.18,1000
2026-08-25T09:51:00.000Z,2026-08-25T12:51:00,13.1,13.1,13.1,13.1,6000
2026-08-25T09:56:00.000Z,2026-08-25T12:56:00,13.1,13.1,13.1,13.1,1
2026-08-25T09:59:00.000Z,2026-08-25T12:59:00,13.1,13.17,13.1,13.17,20
2026-08-25T10:02:00.000Z,2026-08-25T13:02:00,13.15,13.17,13.15,13.17,20000
2026-08-25T10:03:00.000Z,2026-08-25T13:03:00,13.11,13.11,13.11,13.11,7000
2026-08-25T10:05:00.000Z,2026-08-25T13:05:00,13.15,13.15,13.15,13.15,6
2026-08-25T10:06:00.000Z,2026-08-25T13:06:00,13.15,13.15,13.15,13.15,1526
2026-08-25T10:09:00.000Z,2026-08-25T13:09:00,13.15,13.15,13.15,13.15,15000
2026-08-25T10:11:00.000Z,2026-08-25T13:11:00,13.11,13.11,13.11,13.11,1065
2026-08-25T10:13:00.000Z,2026-08-25T13:13:00,13.11,13.11,13.11,13.11,2
2026-08-25T10:16:00.000Z,2026-08-25T13:16:00,13.11,13.11,13.11,13.11,693
2026-08-25T10:19:00.000Z,2026-08-25T13:19:00,13.11,13.11,13.08,13.08,3230
2026-08-25T10:20:00.000Z,2026-08-25T13:20:00,13.1,13.11,13.1,13.11,7000
2026-08-25T10:22:00.000Z,2026-08-25T13:22:00,13.12,13.12,13.12,13.12,2000
2026-08-25T10:25:00.000Z,2026-08-25T13:25:00,13.13,13.13,13.11,13.11,23891
2026-08-25T10:29:00.000Z,2026-08-25T13:29:00,13.1,13.1,13.1,13.1,4800
2026-08-25T10:30:00.000Z,2026-08-25T13:30:00,13.1,13.1,13.1,13.1,527
2026-08-25T10:31:00.000Z,2026-08-25T13:31:00,13.09,13.09,13.09,13.09,1554
2026-08-25T10:35:00.000Z,2026-08-25T13:35:00,13.07,13.07,13.05,13.05,3761
2026-08-25T10:37:00.000Z,2026-08-25T13:37:00,13.05,13.05,13.05,13.05,2307
2026-08-25T10:38:00.000Z,2026-08-25T13:38:00,13.05,13.05,13.05,13.05,4615
2026-08-25T10:42:00.000Z,2026-08-25T13:42:00,13.05,13.05,13.03,13.03,1055
2026-08-25T10:45:00.000Z,2026-08-25T13:45:00,13.06,13.06,13.03,13.03,6343
2026-08-25T10:46:00.000Z,2026-08-25T13:46:00,13.06,13.06,13.06,13.06,2
2026-08-25T10:48:00.000Z,2026-08-25T13:48:00,13.03,13.03,13.03,13.03,1031
2026-08-25T10:50:00.000Z,2026-08-25T13:50:00,13.03,13.03,13,13,17000
2026-08-25T10:51:00.000Z,2026-08-25T13:51:00,13,13,12.98,13,6030
2026-08-25T10:52:00.000Z,2026-08-25T13:52:00,13,13,12.96,13,13257
2026-08-25T10:54:00.000Z,2026-08-25T13:54:00,13.05,13.05,13.05,13.05,300
2026-08-25T10:55:00.000Z,2026-08-25T13:55:00,13.05,13.05,13,13,7260
2026-08-25T10:56:00.000Z,2026-08-25T13:56:00,13,13,13,13,25000
2026-08-25T10:59:00.000Z,2026-08-25T13:59:00,13.01,13.01,13,13,2000
2026-08-25T11:02:00.000Z,2026-08-25T14:02:00,13,13,13,13,5628
2026-08-25T11:03:00.000Z,2026-08-25T14:03:00,13,13,12.98,12.98,1702
2026-08-25T11:04:00.000Z,2026-08-25T14:04:00,13,13,13,13,23277
2026-08-25T11:05:00.000Z,2026-08-25T14:05:00,13,13,13,13,1000
2026-08-25T11:07:00.000Z,2026-08-25T14:07:00,13,13,13,13,75
2026-08-25T11:08:00.000Z,2026-08-25T14:08:00,13,13,13,13,45005
2026-08-25T11:09:00.000Z,2026-08-25T14:09:00,13,13,13,13,305
2026-08-25T11:10:00.000Z,2026-08-25T14:10:00,13,13.01,13,13.01,3005
2026-08-25T11:11:00.000Z,2026-08-25T14:11:00,13.01,13.01,13.01,13.01,252
2026-08-25T11:12:00.000Z,2026-08-25T14:12:00,13.01,13.01,13,13,58281
2026-08-25T11:13:00.000Z,2026-08-25T14:13:00,13,13,12.96,12.96,2500
2026-08-25T11:14:00.000Z,2026-08-25T14:14:00,12.97,12.97,12.97,12.97,100
2026-08-25T11:27:00.000Z,2026-08-25T14:27:00,13,13,13,13,5150
2026-08-25T11:28:00.000Z,2026-08-25T14:28:00,13,13,13,13,304
2026-08-26T07:01:00.000Z,2026-08-26T10:01:00,13.05,13.05,12.87,12.87,13000
2026-08-26T07:05:00.000Z,2026-08-26T10:05:00,12.94,12.94,12.92,12.92,9000
2026-08-26T07:06:00.000Z,2026-08-26T10:06:00,13.12,13.12,13.12,13.12,201
2026-08-26T07:09:00.000Z,2026-08-26T10:09:00,12.96,13.12,12.96,13.12,27000
2026-08-26T07:10:00.000Z,2026-08-26T10:10:00,13,13,13,13,7020
2026-08-26T07:11:00.000Z,2026-08-26T10:11:00,13,13,13,13,5704
2026-08-26T07:12:00.000Z,2026-08-26T10:12:00,13,13,12.96,12.96,794
2026-08-26T07:14:00.000Z,2026-08-26T10:14:00,12.97,12.97,12.97,12.97,1
2026-08-26T07:15:00.000Z,2026-08-26T10:15:00,12.97,12.97,12.97,12.97,1
2026-08-26T07:19:00.000Z,2026-08-26T10:19:00,13,13,13,13,4000
2026-08-26T07:21:00.000Z,2026-08-26T10:21:00,13,13,13,13,80
2026-08-26T07:23:00.000Z,2026-08-26T10:23:00,13,13,13,13,5873
2026-08-26T07:25:00.000Z,2026-08-26T10:25:00,12.97,12.97,12.92,12.92,3679
2026-08-26T07:26:00.000Z,2026-08-26T10:26:00,12.92,12.93,12.92,12.93,2000
2026-08-26T07:28:00.000Z,2026-08-26T10:28:00,12.94,13,12.94,13,10190
2026-08-26T07:29:00.000Z,2026-08-26T10:29:00,13,13,13,13,200
2026-08-26T07:32:00.000Z,2026-08-26T10:32:00,13,13,12.92,12.92,6696
2026-08-26T07:36:00.000Z,2026-08-26T10:36:00,12.94,12.94,12.94,12.94,21
2026-08-26T07:41:00.000Z,2026-08-26T10:41:00,12.94,12.94,12.94,12.94,132
2026-08-26T07:42:00.000Z,2026-08-26T10:42:00,12.94,12.94,12.94,12.94,300
2026-08-26T07:43:00.000Z,2026-08-26T10:43:00,12.94,12.94,12.94,12.94,82
2026-08-26T07:44:00.000Z,2026-08-26T10:44:00,12.94,12.94,12.94,12.94,50
2026-08-26T07:45:00.000Z,2026-08-26T10:45:00,12.94,12.94,12.94,12.94,3
2026-08-26T07:48:00.000Z,2026-08-26T10:48:00,12.94,12.94,12.94,12.94,3766
2026-08-26T07:50:00.000Z,2026-08-26T10:50:00,13.05,13.05,13.05,13.05,77
2026-08-26T07:53:00.000Z,2026-08-26T10:53:00,13,13,13,13,4000
2026-08-26T07:57:00.000Z,2026-08-26T10:57:00,13,13,13,13,2293
2026-08-26T07:59:00.000Z,2026-08-26T10:59:00,13,13,13,13,7
2026-08-26T08:04:00.000Z,2026-08-26T11:04:00,13.05,13.05,13,13,349
2026-08-26T08:13:00.000Z,2026-08-26T11:13:00,13,13,13,13,3453
2026-08-26T08:15:00.000Z,2026-08-26T11:15:00,12.94,12.94,12.94,12.94,8
2026-08-26T08:18:00.000Z,2026-08-26T11:18:00,12.94,12.94,12.94,12.94,151
2026-08-26T08:20:00.000Z,2026-08-26T11:20:00,12.94,12.94,12.94,12.94,1
2026-08-26T08:21:00.000Z,2026-08-26T11:21:00,12.94,12.94,12.94,12.94,547
2026-08-26T08:24:00.000Z,2026-08-26T11:24:00,12.94,12.94,12.94,12.94,3435
2026-08-26T08:26:00.000Z,2026-08-26T11:26:00,12.95,12.95,12.95,12.95,222
2026-08-26T08:32:00.000Z,2026-08-26T11:32:00,12.95,12.95,12.94,12.94,2040
2026-08-26T08:37:00.000Z,2026-08-26T11:37:00,12.94,12.94,12.91,12.91,12500
2026-08-26T08:38:00.000Z,2026-08-26T11:38:00,12.91,12.91,12.86,12.86,13343
2026-08-26T08:39:00.000Z,2026-08-26T11:39:00,12.9,12.9,12.9,12.9,1214
2026-08-26T08:40:00.000Z,2026-08-26T11:40:00,12.91,12.91,12.9,12.9,7367
2026-08-26T08:43:00.000Z,2026-08-26T11:43:00,12.89,12.89,12.89,12.89,2
2026-08-26T08:46:00.000Z,2026-08-26T11:46:00,12.91,12.91,12.9,12.9,5133
2026-08-26T08:47:00.000Z,2026-08-26T11:47:00,12.96,13,12.96,13,10655
2026-08-26T08:48:00.000Z,2026-08-26T11:48:00,13,13,13,13,1800
2026-08-26T08:50:00.000Z,2026-08-26T11:50:00,13,13,12.91,12.91,10000
2026-08-26T08:58:00.000Z,2026-08-26T11:58:00,12.94,12.94,12.94,12.94,1000
2026-08-26T09:03:00.000Z,2026-08-26T12:03:00,12.94,12.94,12.94,12.94,4000
2026-08-26T09:04:00.000Z,2026-08-26T12:04:00,12.94,12.94,12.94,12.94,2263
2026-08-26T09:08:00.000Z,2026-08-26T12:08:00,12.93,12.93,12.93,12.93,375
2026-08-26T09:11:00.000Z,2026-08-26T12:11:00,12.99,13,12.99,13,6000
2026-08-26T09:13:00.000Z,2026-08-26T12:13:00,12.94,12.94,12.94,12.94,1000
2026-08-26T09:15:00.000Z,2026-08-26T12:15:00,12.94,12.94,12.94,12.94,40
2026-08-26T09:21:00.000Z,2026-08-26T12:21:00,13,13,13,13,556
2026-08-26T09:23:00.000Z,2026-08-26T12:23:00,12.94,12.94,12.94,12.94,520
2026-08-26T09:27:00.000Z,2026-08-26T12:27:00,12.94,12.94,12.9,12.9,16528
2026-08-26T09:28:00.000Z,2026-08-26T12:28:00,13,13.04,13,13.04,100
2026-08-26T09:32:00.000Z,2026-08-26T12:32:00,12.95,12.95,12.92,12.92,4000
2026-08-26T09:34:00.000Z,2026-08-26T12:34:00,12.92,12.92,12.9,12.9,14506
2026-08-26T09:35:00.000Z,2026-08-26T12:35:00,12.9,12.9,12.9,12.9,500
2026-08-26T09:36:00.000Z,2026-08-26T12:36:00,12.9,12.9,12.9,12.9,11259
2026-08-26T09:42:00.000Z,2026-08-26T12:42:00,12.99,12.99,12.99,12.99,3316
2026-08-26T09:45:00.000Z,2026-08-26T12:45:00,12.99,12.99,12.99,12.99,500
2026-08-26T09:46:00.000Z,2026-08-26T12:46:00,12.99,12.99,12.99,12.99,500
2026-08-26T09:48:00.000Z,2026-08-26T12:48:00,12.99,12.99,12.99,12.99,684
2026-08-26T09:52:00.000Z,2026-08-26T12:52:00,12.99,12.99,12.99,12.99,10
2026-08-26T09:56:00.000Z,2026-08-26T12:56:00,12.99,13,12.99,13,6000
2026-08-26T09:57:00.000Z,2026-08-26T12:57:00,12.91,12.91,12.91,12.91,2008
2026-08-26T09:59:00.000Z,2026-08-26T12:59:00,12.91,12.91,12.91,12.91,1300
2026-08-26T10:00:00.000Z,2026-08-26T13:00:00,13,13,13,13,500
2026-08-26T10:05:00.000Z,2026-08-26T13:05:00,12.91,12.91,12.91,12.91,90
2026-08-26T10:09:00.000Z,2026-08-26T13:09:00,12.91,12.91,12.91,12.91,1602
2026-08-26T10:11:00.000Z,2026-08-26T13:11:00,12.91,12.99,12.91,12.99,2323
2026-08-26T10:13:00.000Z,2026-08-26T13:13:00,12.91,12.91,12.91,12.91,2000
2026-08-26T10:14:00.000Z,2026-08-26T13:14:00,12.91,12.91,12.9,12.9,6500
2026-08-26T10:23:00.000Z,2026-08-26T13:23:00,12.9,12.9,12.9,12.9,1291
2026-08-26T10:26:00.000Z,2026-08-26T13:26:00,12.9,12.9,12.9,12.9,709
2026-08-26T10:32:00.000Z,2026-08-26T13:32:00,12.9,12.9,12.9,12.9,30
2026-08-26T10:33:00.000Z,2026-08-26T13:33:00,12.9,12.9,12.9,12.9,2211
2026-08-26T10:35:00.000Z,2026-08-26T13:35:00,12.9,12.9,12.89,12.89,540
2026-08-26T10:39:00.000Z,2026-08-26T13:39:00,12.89,12.89,12.89,12.89,1
2026-08-26T10:42:00.000Z,2026-08-26T13:42:00,12.89,12.89,12.88,12.88,1000
2026-08-26T10:44:00.000Z,2026-08-26T13:44:00,12.88,12.88,12.87,12.87,4000
2026-08-26T10:45:00.000Z,2026-08-26T13:45:00,12.87,12.87,12.87,12.87,628
2026-08-26T10:47:00.000Z,2026-08-26T13:47:00,12.87,12.87,12.86,12.86,6000
2026-08-26T10:51:00.000Z,2026-08-26T13:51:00,12.89,12.9,12.89,12.9,350
2026-08-26T10:52:00.000Z,2026-08-26T13:52:00,12.89,12.9,12.89,12.9,410
2026-08-26T10:53:00.000Z,2026-08-26T13:53:00,12.9,12.9,12.88,12.88,740
2026-08-26T10:55:00.000Z,2026-08-26T13:55:00,12.9,12.9,12.9,12.9,12471
2026-08-26T10:57:00.000Z,2026-08-26T13:57:00,12.96,13,12.96,13,20000
2026-08-26T10:58:00.000Z,2026-08-26T13:58:00,12.93,13,12.93,13,1273
2026-08-26T10:59:00.000Z,2026-08-26T13:59:00,13,13,12.95,13,13211
2026-08-26T11:00:00.000Z,2026-08-26T14:00:00,13,13,13,13,2100
2026-08-26T11:01:00.000Z,2026-08-26T14:01:00,13,13.01,12.95,13.01,7500
2026-08-26T11:03:00.000Z,2026-08-26T14:03:00,13.03,13.03,13.03,13.03,300
2026-08-26T11:04:00.000Z,2026-08-26T14:04:00,13.03,13.04,13.03,13.04,1000
2026-08-26T11:06:00.000Z,2026-08-26T14:06:00,13.01,13.01,13.01,13.01,350
2026-08-26T11:07:00.000Z,2026-08-26T14:07:00,13.01,13.01,13,13,6000
2026-08-26T11:08:00.000Z,2026-08-26T14:08:00,13.01,13.01,13,13,10950
2026-08-26T11:09:00.000Z,2026-08-26T14:09:00,13.01,13.04,13.01,13.04,546
2026-08-26T11:10:00.000Z,2026-08-26T14:10:00,13.04,13.04,13,13,3270
2026-08-26T11:13:00.000Z,2026-08-26T14:13:00,13.01,13.01,13.01,13.01,767
2026-08-26T11:25:00.000Z,2026-08-26T14:25:00,12.9,12.9,12.9,12.9,52779
2026-08-30T07:00:00.000Z,2026-08-30T10:00:00,12.91,13,12.91,13,42717
2026-08-30T07:01:00.000Z,2026-08-30T10:01:00,13.04,13.04,13.04,13.04,1900
2026-08-30T07:02:00.000Z,2026-08-30T10:02:00,13.04,13.1,13.04,13.1,10000
2026-08-30T07:03:00.000Z,2026-08-30T10:03:00,13,13,13,13,20500
2026-08-30T07:05:00.000Z,2026-08-30T10:05:00,13,13,13,13,1
2026-08-30T07:07:00.000Z,2026-08-30T10:07:00,13,13.09,13,13.09,5400
2026-08-30T07:08:00.000Z,2026-08-30T10:08:00,13.07,13.08,13.07,13.08,7639
2026-08-30T07:11:00.000Z,2026-08-30T10:11:00,13.07,13.09,13.07,13.09,6000
2026-08-30T07:12:00.000Z,2026-08-30T10:12:00,13.01,13.01,13,13,600
2026-08-30T07:13:00.000Z,2026-08-30T10:13:00,13,13,13,13,3716
2026-08-30T07:14:00.000Z,2026-08-30T10:14:00,13,13.01,13,13.01,18000
2026-08-30T07:15:00.000Z,2026-08-30T10:15:00,13.02,13.02,13.02,13.02,2652
2026-08-30T07:18:00.000Z,2026-08-30T10:18:00,13.07,13.18,13.02,13.02,13020
2026-08-30T07:19:00.000Z,2026-08-30T10:19:00,13.18,13.18,13.18,13.18,5184
2026-08-30T07:20:00.000Z,2026-08-30T10:20:00,13.19,13.19,13.19,13.19,7091
2026-08-30T07:21:00.000Z,2026-08-30T10:21:00,13.08,13.2,13.08,13.2,10080
2026-08-30T07:22:00.000Z,2026-08-30T10:22:00,13.2,13.2,13.2,13.2,7650
2026-08-30T07:23:00.000Z,2026-08-30T10:23:00,13.24,13.25,13.22,13.25,8378
2026-08-30T07:24:00.000Z,2026-08-30T10:24:00,13.27,13.3,13.26,13.3,36066
2026-08-30T07:25:00.000Z,2026-08-30T10:25:00,13.35,13.35,13.22,13.22,7015
2026-08-30T07:27:00.000Z,2026-08-30T10:27:00,13.23,13.23,13.22,13.22,22251
2026-08-30T07:28:00.000Z,2026-08-30T10:28:00,13.22,13.22,13.2,13.2,11659
2026-08-30T07:31:00.000Z,2026-08-30T10:31:00,13.14,13.2,13.14,13.2,4091
2026-08-30T07:32:00.000Z,2026-08-30T10:32:00,13.21,13.21,13.21,13.21,1199
2026-08-30T07:33:00.000Z,2026-08-30T10:33:00,13.21,13.21,13.21,13.21,4215
2026-08-30T07:34:00.000Z,2026-08-30T10:34:00,13.21,13.21,13.21,13.21,5000
2026-08-30T07:35:00.000Z,2026-08-30T10:35:00,13.21,13.21,13.21,13.21,1007
2026-08-30T07:37:00.000Z,2026-08-30T10:37:00,13.21,13.21,13.21,13.21,2155
2026-08-30T07:40:00.000Z,2026-08-30T10:40:00,13.21,13.21,13.21,13.21,1297
2026-08-30T07:41:00.000Z,2026-08-30T10:41:00,13.14,13.14,13.13,13.13,8760
2026-08-30T07:42:00.000Z,2026-08-30T10:42:00,13.13,13.13,13.12,13.12,6302
2026-08-30T07:43:00.000Z,2026-08-30T10:43:00,13.12,13.12,13.12,13.12,2294
2026-08-30T07:44:00.000Z,2026-08-30T10:44:00,13.12,13.12,13.12,13.12,2729
2026-08-30T07:45:00.000Z,2026-08-30T10:45:00,13.15,13.15,13.12,13.12,5577
2026-08-30T07:46:00.000Z,2026-08-30T10:46:00,13.1,13.11,13.1,13.1,4922
2026-08-30T07:47:00.000Z,2026-08-30T10:47:00,13.12,13.12,13.12,13.12,2401
2026-08-30T07:49:00.000Z,2026-08-30T10:49:00,13.11,13.11,13.11,13.11,5000
2026-08-30T07:50:00.000Z,2026-08-30T10:50:00,13.11,13.11,13.11,13.11,1480
2026-08-30T07:55:00.000Z,2026-08-30T10:55:00,13.1,13.1,13.1,13.1,905
2026-08-30T07:56:00.000Z,2026-08-30T10:56:00,13.1,13.1,13.1,13.1,150
2026-08-30T07:59:00.000Z,2026-08-30T10:59:00,13.1,13.1,13.1,13.1,1943
2026-08-30T08:01:00.000Z,2026-08-30T11:01:00,13.08,13.08,13.08,13.08,1
2026-08-30T08:02:00.000Z,2026-08-30T11:02:00,13.08,13.08,13.08,13.08,335
2026-08-30T08:03:00.000Z,2026-08-30T11:03:00,13.07,13.07,13.07,13.07,9147
2026-08-30T08:04:00.000Z,2026-08-30T11:04:00,13.03,13.04,13.03,13.03,7884
2026-08-30T08:05:00.000Z,2026-08-30T11:05:00,13.03,13.03,13.03,13.03,5000
2026-08-30T08:12:00.000Z,2026-08-30T11:12:00,13.07,13.07,13.07,13.07,1
2026-08-30T08:22:00.000Z,2026-08-30T11:22:00,13.07,13.07,13.07,13.07,1000
2026-08-30T08:23:00.000Z,2026-08-30T11:23:00,13.07,13.07,13.07,13.07,3
2026-08-30T08:28:00.000Z,2026-08-30T11:28:00,13.07,13.2,13.07,13.2,8794
2026-08-30T08:29:00.000Z,2026-08-30T11:29:00,13.07,13.07,13.07,13.07,1
2026-08-30T08:34:00.000Z,2026-08-30T11:34:00,13.07,13.07,13.07,13.07,368
2026-08-30T08:35:00.000Z,2026-08-30T11:35:00,13.07,13.07,13.07,13.07,750
2026-08-30T08:39:00.000Z,2026-08-30T11:39:00,13.18,13.18,13.18,13.18,4
2026-08-30T08:40:00.000Z,2026-08-30T11:40:00,13.07,13.07,13.07,13.07,248
2026-08-30T08:43:00.000Z,2026-08-30T11:43:00,13.07,13.07,13.07,13.07,63
2026-08-30T08:48:00.000Z,2026-08-30T11:48:00,13.18,13.21,13.18,13.21,24000
2026-08-30T08:51:00.000Z,2026-08-30T11:51:00,13.11,13.11,13.11,13.11,15000
2026-08-30T08:58:00.000Z,2026-08-30T11:58:00,13.11,13.11,13.11,13.11,7
2026-08-30T09:01:00.000Z,2026-08-30T12:01:00,13.11,13.11,13.11,13.11,200
2026-08-30T09:10:00.000Z,2026-08-30T12:10:00,13.11,13.11,13.11,13.11,5793
2026-08-30T09:11:00.000Z,2026-08-30T12:11:00,13.11,13.11,13.11,13.11,3051
2026-08-30T09:13:00.000Z,2026-08-30T12:13:00,13.08,13.08,13.08,13.08,1099
2026-08-30T09:15:00.000Z,2026-08-30T12:15:00,13.12,13.12,13.12,13.12,500
2026-08-30T09:17:00.000Z,2026-08-30T12:17:00,13.09,13.09,13.04,13.04,4005
2026-08-30T09:19:00.000Z,2026-08-30T12:19:00,13.05,13.05,13,13.01,12273
2026-08-30T09:22:00.000Z,2026-08-30T12:22:00,13.02,13.02,13.01,13.01,10358
2026-08-30T09:27:00.000Z,2026-08-30T12:27:00,13.01,13.01,13.01,13.01,50
2026-08-30T09:40:00.000Z,2026-08-30T12:40:00,13.14,13.14,13.14,13.14,138
2026-08-30T09:44:00.000Z,2026-08-30T12:44:00,13.02,13.02,13.02,13.02,61
2026-08-30T09:52:00.000Z,2026-08-30T12:52:00,13.03,13.03,12.93,12.93,16500
2026-08-30T09:53:00.000Z,2026-08-30T12:53:00,13.1,13.1,12.94,12.94,28
2026-08-30T09:55:00.000Z,2026-08-30T12:55:00,12.98,12.98,12.98,12.98,2
2026-08-30T09:59:00.000Z,2026-08-30T12:59:00,12.98,12.98,12.98,12.98,4831
2026-08-30T10:01:00.000Z,2026-08-30T13:01:00,12.98,12.98,12.95,12.95,3101
2026-08-30T10:11:00.000Z,2026-08-30T13:11:00,12.96,12.96,12.95,12.95,600
2026-08-30T10:15:00.000Z,2026-08-30T13:15:00,12.95,12.95,12.95,12.95,2
2026-08-30T10:29:00.000Z,2026-08-30T13:29:00,12.95,12.95,12.95,12.95,880
2026-08-30T10:31:00.000Z,2026-08-30T13:31:00,12.95,12.95,12.95,12.95,80
2026-08-30T10:32:00.000Z,2026-08-30T13:32:00,12.95,12.95,12.92,12.92,20000
2026-08-30T10:34:00.000Z,2026-08-30T13:34:00,12.92,12.92,12.91,12.91,20000
2026-08-30T10:35:00.000Z,2026-08-30T13:35:00,12.91,12.91,12.91,12.91,9998
2026-08-30T10:37:00.000Z,2026-08-30T13:37:00,12.91,12.91,12.9,12.9,7550
2026-08-30T10:39:00.000Z,2026-08-30T13:39:00,12.91,12.91,12.91,12.91,1000
2026-08-30T10:41:00.000Z,2026-08-30T13:41:00,12.92,12.92,12.91,12.91,10000
2026-08-30T10:43:00.000Z,2026-08-30T13:43:00,12.91,12.91,12.9,12.9,15940
2026-08-30T10:48:00.000Z,2026-08-30T13:48:00,12.9,12.9,12.88,12.88,1021
2026-08-30T10:49:00.000Z,2026-08-30T13:49:00,12.88,12.88,12.88,12.88,128
2026-08-30T10:50:00.000Z,2026-08-30T13:50:00,12.88,12.88,12.88,12.88,642
2026-08-30T10:54:00.000Z,2026-08-30T13:54:00,12.97,12.97,12.97,12.97,210
2026-08-30T10:57:00.000Z,2026-08-30T13:57:00,12.9,12.9,12.88,12.88,5000
2026-08-30T10:58:00.000Z,2026-08-30T13:58:00,12.9,12.9,12.88,12.88,2115
2026-08-30T11:00:00.000Z,2026-08-30T14:00:00,12.9,12.9,12.9,12.9,1000
2026-08-30T11:01:00.000Z,2026-08-30T14:01:00,12.9,12.9,12.9,12.9,78
2026-08-30T11:02:00.000Z,2026-08-30T14:02:00,12.88,12.88,12.87,12.87,6877
2026-08-30T11:03:00.000Z,2026-08-30T14:03:00,12.86,12.86,12.82,12.82,6712
2026-08-30T11:08:00.000Z,2026-08-30T14:08:00,12.85,12.87,12.85,12.87,1440
2026-08-30T11:09:00.000Z,2026-08-30T14:09:00,12.85,12.85,12.85,12.85,7600
2026-08-30T11:11:00.000Z,2026-08-30T14:11:00,12.87,12.87,12.87,12.87,2433
2026-08-30T11:13:00.000Z,2026-08-30T14:13:00,12.88,12.88,12.85,12.85,4740
2026-08-30T11:14:00.000Z,2026-08-30T14:14:00,12.85,12.85,12.85,12.85,4507
2026-08-30T11:15:00.000Z,2026-08-30T14:15:00,12.85,12.85,12.85,12.85,750
2026-08-30T11:25:00.000Z,2026-08-30T14:25:00,12.85,12.85,12.85,12.85,57076
2026-08-30T11:26:00.000Z,2026-08-30T14:26:00,12.85,12.85,12.85,12.85,2287
2026-08-30T11:27:00.000Z,2026-08-30T14:27:00,12.85,12.85,12.85,12.85,7520
2026-08-31T07:00:00.000Z,2026-08-31T10:00:00,12.97,12.97,12.85,12.85,8806
2026-08-31T07:03:00.000Z,2026-08-31T10:03:00,12.85,12.95,12.85,12.95,8876
2026-08-31T07:05:00.000Z,2026-08-31T10:05:00,12.93,12.93,12.89,12.89,289
2026-08-31T07:06:00.000Z,2026-08-31T10:06:00,12.89,12.89,12.86,12.86,1025
2026-08-31T07:09:00.000Z,2026-08-31T10:09:00,12.89,12.89,12.86,12.86,4290
2026-08-31T07:10:00.000Z,2026-08-31T10:10:00,12.85,12.86,12.85,12.86,3295
2026-08-31T07:13:00.000Z,2026-08-31T10:13:00,12.94,13,12.94,13,98501
2026-08-31T07:14:00.000Z,2026-08-31T10:14:00,13,13.11,13,13.11,5481
2026-08-31T07:16:00.000Z,2026-08-31T10:16:00,13.01,13.01,13,13,7853
2026-08-31T07:17:00.000Z,2026-08-31T10:17:00,12.91,12.91,12.91,12.91,38
2026-08-31T07:20:00.000Z,2026-08-31T10:20:00,12.93,12.93,12.93,12.93,356
2026-08-31T07:21:00.000Z,2026-08-31T10:21:00,13,13.1,13,13.1,11000
2026-08-31T07:22:00.000Z,2026-08-31T10:22:00,13.1,13.13,13.1,13.13,11000
2026-08-31T07:23:00.000Z,2026-08-31T10:23:00,13.12,13.2,13.12,13.15,67569
2026-08-31T07:24:00.000Z,2026-08-31T10:24:00,13.15,13.19,13.15,13.19,13587
2026-08-31T07:25:00.000Z,2026-08-31T10:25:00,13.19,13.29,13.15,13.29,40959
2026-08-31T07:26:00.000Z,2026-08-31T10:26:00,13.28,13.28,13.2,13.2,8604
2026-08-31T07:27:00.000Z,2026-08-31T10:27:00,13.19,13.19,13.15,13.15,4218
2026-08-31T07:28:00.000Z,2026-08-31T10:28:00,13.15,13.15,13.15,13.15,1316
2026-08-31T07:31:00.000Z,2026-08-31T10:31:00,13.06,13.06,13.06,13.06,3
2026-08-31T07:34:00.000Z,2026-08-31T10:34:00,13.03,13.13,13.01,13.13,2859
2026-08-31T07:35:00.000Z,2026-08-31T10:35:00,13.13,13.2,13.13,13.2,5110
2026-08-31T07:37:00.000Z,2026-08-31T10:37:00,13.14,13.15,13.14,13.15,2000
2026-08-31T07:38:00.000Z,2026-08-31T10:38:00,13.15,13.2,13.15,13.2,46892
2026-08-31T07:39:00.000Z,2026-08-31T10:39:00,13.19,13.19,13.19,13.19,6953
2026-08-31T07:40:00.000Z,2026-08-31T10:40:00,13.18,13.18,13.18,13.18,2
2026-08-31T07:41:00.000Z,2026-08-31T10:41:00,13.15,13.15,13.15,13.15,934
2026-08-31T07:42:00.000Z,2026-08-31T10:42:00,13.1,13.1,13.05,13.05,40000
2026-08-31T07:43:00.000Z,2026-08-31T10:43:00,13.15,13.2,13.15,13.2,58531
2026-08-31T07:44:00.000Z,2026-08-31T10:44:00,13.2,13.2,13.15,13.19,35195
2026-08-31T07:45:00.000Z,2026-08-31T10:45:00,13.16,13.2,13.1,13.2,36473
2026-08-31T07:46:00.000Z,2026-08-31T10:46:00,13.2,13.2,13.2,13.2,16907
2026-08-31T07:48:00.000Z,2026-08-31T10:48:00,13.12,13.12,13.12,13.12,200
2026-08-31T07:49:00.000Z,2026-08-31T10:49:00,13.13,13.13,13.12,13.12,23093
2026-08-31T07:50:00.000Z,2026-08-31T10:50:00,13.12,13.12,13.12,13.12,1910
2026-08-31T07:52:00.000Z,2026-08-31T10:52:00,13.13,13.13,13.13,13.13,1100
2026-08-31T07:53:00.000Z,2026-08-31T10:53:00,13.15,13.15,13.15,13.15,15
2026-08-31T07:54:00.000Z,2026-08-31T10:54:00,13.15,13.15,13.15,13.15,1900
2026-08-31T07:55:00.000Z,2026-08-31T10:55:00,13.19,13.19,13.19,13.19,12048
2026-08-31T07:56:00.000Z,2026-08-31T10:56:00,13.19,13.19,13.19,13.19,10500
2026-08-31T07:57:00.000Z,2026-08-31T10:57:00,13.19,13.19,13.19,13.19,1764
2026-08-31T07:58:00.000Z,2026-08-31T10:58:00,13.15,13.15,13.15,13.15,2388
2026-08-31T07:59:00.000Z,2026-08-31T10:59:00,13.15,13.18,13.15,13.17,30170
2026-08-31T08:00:00.000Z,2026-08-31T11:00:00,13.17,13.17,13.17,13.17,1500
2026-08-31T08:01:00.000Z,2026-08-31T11:01:00,13.17,13.2,13.17,13.2,20000
2026-08-31T08:02:00.000Z,2026-08-31T11:02:00,13.19,13.2,13.19,13.19,6000
2026-08-31T08:03:00.000Z,2026-08-31T11:03:00,13.23,13.23,13.23,13.23,200
2026-08-31T08:04:00.000Z,2026-08-31T11:04:00,13.22,13.24,13.22,13.24,2530
2026-08-31T08:05:00.000Z,2026-08-31T11:05:00,13.24,13.25,13.24,13.25,15274
2026-08-31T08:06:00.000Z,2026-08-31T11:06:00,13.24,13.24,13.19,13.19,3343
2026-08-31T08:07:00.000Z,2026-08-31T11:07:00,13.24,13.25,13.24,13.25,11305
2026-08-31T08:08:00.000Z,2026-08-31T11:08:00,13.27,13.29,13.27,13.29,8125
2026-08-31T08:09:00.000Z,2026-08-31T11:09:00,13.3,13.3,13.29,13.3,40475
2026-08-31T08:10:00.000Z,2026-08-31T11:10:00,13.31,13.32,13.31,13.31,34184
2026-08-31T08:12:00.000Z,2026-08-31T11:12:00,13.27,13.31,13.27,13.31,6559
2026-08-31T08:13:00.000Z,2026-08-31T11:13:00,13.31,13.31,13.31,13.31,7300
2026-08-31T08:14:00.000Z,2026-08-31T11:14:00,13.31,13.31,13.3,13.3,14272
2026-08-31T08:15:00.000Z,2026-08-31T11:15:00,13.3,13.31,13.3,13.3,16728
2026-08-31T08:16:00.000Z,2026-08-31T11:16:00,13.3,13.3,13.3,13.3,1404
2026-08-31T08:17:00.000Z,2026-08-31T11:17:00,13.27,13.27,13.27,13.27,7000
2026-08-31T08:18:00.000Z,2026-08-31T11:18:00,13.3,13.3,13.27,13.27,2500
2026-08-31T08:19:00.000Z,2026-08-31T11:19:00,13.27,13.27,13.27,13.27,8869
2026-08-31T08:20:00.000Z,2026-08-31T11:20:00,13.26,13.26,13.25,13.25,5237
2026-08-31T08:21:00.000Z,2026-08-31T11:21:00,13.2,13.2,13.19,13.19,5630
2026-08-31T08:23:00.000Z,2026-08-31T11:23:00,13.21,13.21,13.19,13.19,4500
2026-08-31T08:26:00.000Z,2026-08-31T11:26:00,13.19,13.19,13.19,13.19,5000
2026-08-31T08:29:00.000Z,2026-08-31T11:29:00,13.25,13.25,13.25,13.25,200
2026-08-31T08:31:00.000Z,2026-08-31T11:31:00,13.2,13.2,13.2,13.2,135
2026-08-31T08:32:00.000Z,2026-08-31T11:32:00,13.24,13.24,13.23,13.23,4440
2026-08-31T08:33:00.000Z,2026-08-31T11:33:00,13.23,13.23,13.23,13.23,650
2026-08-31T08:34:00.000Z,2026-08-31T11:34:00,13.24,13.25,13.23,13.23,13150
2026-08-31T08:35:00.000Z,2026-08-31T11:35:00,13.2,13.2,13.2,13.2,5000
2026-08-31T08:37:00.000Z,2026-08-31T11:37:00,13.2,13.2,13.19,13.19,6038
2026-08-31T08:38:00.000Z,2026-08-31T11:38:00,13.17,13.17,13.1,13.1,15714
2026-08-31T08:39:00.000Z,2026-08-31T11:39:00,13.1,13.1,13.1,13.1,9038
2026-08-31T08:40:00.000Z,2026-08-31T11:40:00,13.1,13.28,13.06,13.06,68004
2026-08-31T08:41:00.000Z,2026-08-31T11:41:00,13.06,13.06,13.06,13.06,1900
2026-08-31T08:42:00.000Z,2026-08-31T11:42:00,13.06,13.06,13.06,13.06,50
2026-08-31T08:54:00.000Z,2026-08-31T11:54:00,13.07,13.07,13.07,13.07,5000
2026-08-31T08:57:00.000Z,2026-08-31T11:57:00,13.07,13.07,13,13,64700
2026-08-31T08:58:00.000Z,2026-08-31T11:58:00,13,13,13,13,5101
2026-08-31T08:59:00.000Z,2026-08-31T11:59:00,13,13,13,13,4175
2026-08-31T09:03:00.000Z,2026-08-31T12:03:00,13.01,13.01,13.01,13.01,1
2026-08-31T09:10:00.000Z,2026-08-31T12:10:00,13.09,13.09,12.98,12.98,17391
2026-08-31T09:11:00.000Z,2026-08-31T12:11:00,12.93,12.93,12.91,12.91,9560
2026-08-31T09:12:00.000Z,2026-08-31T12:12:00,13,13,13,13,1500
2026-08-31T09:13:00.000Z,2026-08-31T12:13:00,13,13,13,13,21675
2026-08-31T09:14:00.000Z,2026-08-31T12:14:00,13,13,13,13,12325
2026-08-31T09:15:00.000Z,2026-08-31T12:15:00,13,13,13,13,175
2026-08-31T09:19:00.000Z,2026-08-31T12:19:00,13.08,13.08,13.08,13.08,2646
2026-08-31T09:20:00.000Z,2026-08-31T12:20:00,13.08,13.08,13.08,13.08,293
2026-08-31T09:21:00.000Z,2026-08-31T12:21:00,13,13,13,13,14451
2026-08-31T09:22:00.000Z,2026-08-31T12:22:00,13.01,13.01,13,13,3290
2026-08-31T09:23:00.000Z,2026-08-31T12:23:00,13,13,13,13,444
2026-08-31T09:28:00.000Z,2026-08-31T12:28:00,13,13,13,13,12000
2026-08-31T09:29:00.000Z,2026-08-31T12:29:00,13,13.06,13,13.06,11350
2026-08-31T09:31:00.000Z,2026-08-31T12:31:00,13.07,13.07,13.07,13.07,4200
2026-08-31T09:34:00.000Z,2026-08-31T12:34:00,13.07,13.07,13.07,13.07,10
2026-08-31T09:42:00.000Z,2026-08-31T12:42:00,13,13,13,13,3
2026-08-31T09:43:00.000Z,2026-08-31T12:43:00,13.01,13.01,13,13,390
2026-08-31T09:44:00.000Z,2026-08-31T12:44:00,13,13,13,13,534
2026-08-31T09:45:00.000Z,2026-08-31T12:45:00,13,13,13,13,184
2026-08-31T09:47:00.000Z,2026-08-31T12:47:00,13,13,13,13,25
2026-08-31T09:48:00.000Z,2026-08-31T12:48:00,13,13,13,13,632
2026-08-31T09:49:00.000Z,2026-08-31T12:49:00,13,13,13,13,159
2026-08-31T09:50:00.000Z,2026-08-31T12:50:00,13,13,13,13,841
2026-08-31T09:54:00.000Z,2026-08-31T12:54:00,13.05,13.05,13.05,13.05,3934
2026-08-31T09:57:00.000Z,2026-08-31T12:57:00,13.06,13.06,13.06,13.06,1000
2026-08-31T09:58:00.000Z,2026-08-31T12:58:00,13.05,13.05,13.05,13.05,100
2026-08-31T09:59:00.000Z,2026-08-31T12:59:00,13.05,13.05,13.05,13.05,3
2026-08-31T10:00:00.000Z,2026-08-31T13:00:00,13.05,13.05,13.05,13.05,7760
2026-08-31T10:02:00.000Z,2026-08-31T13:02:00,13.05,13.05,13,13,7659
2026-08-31T10:03:00.000Z,2026-08-31T13:03:00,13,13,12.98,12.98,10861
2026-08-31T10:04:00.000Z,2026-08-31T13:04:00,13,13.07,13,13.07,300
2026-08-31T10:05:00.000Z,2026-08-31T13:05:00,13.06,13.07,13.06,13.07,22414
2026-08-31T10:15:00.000Z,2026-08-31T13:15:00,13,13,13,13,8897
2026-08-31T10:17:00.000Z,2026-08-31T13:17:00,13,13,13,13,1103
2026-08-31T10:20:00.000Z,2026-08-31T13:20:00,13,13,13,13,647
2026-08-31T10:22:00.000Z,2026-08-31T13:22:00,13,13,13,13,1175
2026-08-31T10:23:00.000Z,2026-08-31T13:23:00,12.99,13,12.99,13,4819
2026-08-31T10:26:00.000Z,2026-08-31T13:26:00,13,13,13,13,799
2026-08-31T10:27:00.000Z,2026-08-31T13:27:00,13,13,13,13,1916
2026-08-31T10:28:00.000Z,2026-08-31T13:28:00,13,13,13,13,1000
2026-08-31T10:31:00.000Z,2026-08-31T13:31:00,12.94,12.94,12.93,12.93,6972
2026-08-31T10:32:00.000Z,2026-08-31T13:32:00,12.91,12.91,12.91,12.91,5
2026-08-31T10:33:00.000Z,2026-08-31T13:33:00,12.91,12.91,12.91,12.91,23
2026-08-31T10:35:00.000Z,2026-08-31T13:35:00,12.92,12.92,12.9,12.9,10196
2026-08-31T10:36:00.000Z,2026-08-31T13:36:00,12.88,12.88,12.88,12.88,1068
2026-08-31T10:46:00.000Z,2026-08-31T13:46:00,12.97,12.97,12.9,12.9,150
2026-08-31T10:54:00.000Z,2026-08-31T13:54:00,12.9,12.9,12.9,12.9,1950
2026-08-31T10:56:00.000Z,2026-08-31T13:56:00,12.9,12.9,12.9,12.9,300
2026-08-31T10:57:00.000Z,2026-08-31T13:57:00,12.9,12.9,12.9,12.9,1000
2026-08-31T10:58:00.000Z,2026-08-31T13:58:00,12.9,12.9,12.89,12.89,17348
2026-08-31T10:59:00.000Z,2026-08-31T13:59:00,12.89,12.89,12.89,12.89,17201
2026-08-31T11:00:00.000Z,2026-08-31T14:00:00,12.88,12.88,12.8,12.8,30000
2026-08-31T11:01:00.000Z,2026-08-31T14:01:00,12.89,12.89,12.89,12.89,156
2026-08-31T11:02:00.000Z,2026-08-31T14:02:00,12.82,12.82,12.82,12.82,5000
2026-08-31T11:03:00.000Z,2026-08-31T14:03:00,12.81,12.81,12.81,12.81,70
2026-08-31T11:04:00.000Z,2026-08-31T14:04:00,12.91,12.91,12.91,12.91,712
2026-08-31T11:07:00.000Z,2026-08-31T14:07:00,12.88,12.88,12.82,12.82,4295
2026-08-31T11:08:00.000Z,2026-08-31T14:08:00,12.85,12.85,12.8,12.8,10322
2026-08-31T11:09:00.000Z,2026-08-31T14:09:00,12.8,12.8,12.8,12.8,10000
2026-08-31T11:10:00.000Z,2026-08-31T14:10:00,12.85,12.94,12.85,12.94,369
2026-08-31T11:12:00.000Z,2026-08-31T14:12:00,12.81,12.87,12.8,12.87,5305
2026-08-31T11:13:00.000Z,2026-08-31T14:13:00,12.8,12.8,12.8,12.8,10884
2026-08-31T11:14:00.000Z,2026-08-31T14:14:00,12.8,12.8,12.76,12.76,2000
2026-08-31T11:25:00.000Z,2026-08-31T14:25:00,12.8,12.8,12.8,12.8,5401
2026-08-31T11:26:00.000Z,2026-08-31T14:26:00,12.8,12.8,12.8,12.8,2408
2026-09-01T07:01:00.000Z,2026-09-01T10:01:00,12.9,13.29,12.9,13.29,67647
2026-09-01T07:04:00.000Z,2026-09-01T10:04:00,12.95,13.19,12.95,13.19,872
2026-09-01T07:14:00.000Z,2026-09-01T10:14:00,13.14,13.14,13.14,13.14,2
2026-09-01T07:15:00.000Z,2026-09-01T10:15:00,13.02,13.02,12.93,13.02,13820
2026-09-01T07:20:00.000Z,2026-09-01T10:20:00,12.94,12.94,12.91,12.91,4186
2026-09-01T07:23:00.000Z,2026-09-01T10:23:00,12.93,12.93,12.93,12.93,1400
2026-09-01T07:28:00.000Z,2026-09-01T10:28:00,12.95,12.95,12.94,12.94,4045
2026-09-01T07:29:00.000Z,2026-09-01T10:29:00,12.99,12.99,12.99,12.99,4400
2026-09-01T07:30:00.000Z,2026-09-01T10:30:00,12.99,13,12.91,13,40000
2026-09-01T07:32:00.000Z,2026-09-01T10:32:00,13,13,12.98,12.98,2735
2026-09-01T07:33:00.000Z,2026-09-01T10:33:00,12.92,12.92,12.92,12.92,568
2026-09-01T07:34:00.000Z,2026-09-01T10:34:00,12.92,12.92,12.92,12.92,1450
2026-09-01T07:42:00.000Z,2026-09-01T10:42:00,12.94,12.94,12.94,12.94,44
2026-09-01T07:44:00.000Z,2026-09-01T10:44:00,12.99,13,12.99,13,13900
2026-09-01T07:45:00.000Z,2026-09-01T10:45:00,13,13,13,13,12
2026-09-01T07:46:00.000Z,2026-09-01T10:46:00,12.95,13,12.95,13,13696
2026-09-01T07:49:00.000Z,2026-09-01T10:49:00,12.95,12.95,12.87,12.9,46266
2026-09-01T07:50:00.000Z,2026-09-01T10:50:00,12.9,12.9,12.9,12.9,7682
2026-09-01T07:56:00.000Z,2026-09-01T10:56:00,12.91,12.91,12.91,12.91,1034
2026-09-01T07:58:00.000Z,2026-09-01T10:58:00,13,13,13,13,77
2026-09-01T08:00:00.000Z,2026-09-01T11:00:00,12.99,12.99,12.99,12.99,1000
2026-09-01T08:01:00.000Z,2026-09-01T11:01:00,12.99,12.99,12.99,12.99,1889
2026-09-01T08:02:00.000Z,2026-09-01T11:02:00,12.99,12.99,12.99,12.99,40
2026-09-01T08:05:00.000Z,2026-09-01T11:05:00,12.92,12.92,12.9,12.9,13598
2026-09-01T08:07:00.000Z,2026-09-01T11:07:00,12.9,12.9,12.9,12.9,1565
2026-09-01T08:08:00.000Z,2026-09-01T11:08:00,12.87,12.9,12.87,12.9,1486
2026-09-01T08:09:00.000Z,2026-09-01T11:09:00,12.87,12.87,12.87,12.87,5615
2026-09-01T08:10:00.000Z,2026-09-01T11:10:00,12.89,12.89,12.89,12.89,30
2026-09-01T08:11:00.000Z,2026-09-01T11:11:00,12.86,12.86,12.86,12.86,2000
2026-09-01T08:12:00.000Z,2026-09-01T11:12:00,12.89,12.89,12.85,12.87,1029
2026-09-01T08:13:00.000Z,2026-09-01T11:13:00,12.87,12.87,12.87,12.87,233
2026-09-01T08:14:00.000Z,2026-09-01T11:14:00,12.86,12.86,12.86,12.86,810
2026-09-01T08:15:00.000Z,2026-09-01T11:15:00,12.85,12.85,12.85,12.85,2112
2026-09-01T08:16:00.000Z,2026-09-01T11:16:00,12.85,12.85,12.85,12.85,3225
2026-09-01T08:18:00.000Z,2026-09-01T11:18:00,12.85,12.85,12.84,12.84,657
2026-09-01T08:19:00.000Z,2026-09-01T11:19:00,12.83,12.83,12.82,12.82,14500
2026-09-01T08:20:00.000Z,2026-09-01T11:20:00,12.82,12.83,12.82,12.83,12349
2026-09-01T08:21:00.000Z,2026-09-01T11:21:00,12.84,12.84,12.84,12.84,662
2026-09-01T08:22:00.000Z,2026-09-01T11:22:00,12.84,12.84,12.84,12.84,4896
2026-09-01T08:23:00.000Z,2026-09-01T11:23:00,12.9,12.9,12.9,12.9,4673
2026-09-01T08:25:00.000Z,2026-09-01T11:25:00,12.96,12.96,12.96,12.96,6111
2026-09-01T08:26:00.000Z,2026-09-01T11:26:00,12.9,12.9,12.9,12.9,1589
2026-09-01T08:29:00.000Z,2026-09-01T11:29:00,12.9,12.9,12.84,12.84,890
2026-09-01T08:32:00.000Z,2026-09-01T11:32:00,12.87,12.87,12.87,12.87,464
2026-09-01T08:37:00.000Z,2026-09-01T11:37:00,12.97,12.97,12.97,12.97,77
2026-09-01T08:41:00.000Z,2026-09-01T11:41:00,12.96,12.96,12.96,12.96,5000
2026-09-01T08:43:00.000Z,2026-09-01T11:43:00,12.97,13,12.92,12.92,10077
2026-09-01T08:44:00.000Z,2026-09-01T11:44:00,13,13,13,13,3678
2026-09-01T08:45:00.000Z,2026-09-01T11:45:00,13,13,13,13,822
2026-09-01T08:46:00.000Z,2026-09-01T11:46:00,12.93,12.93,12.93,12.93,8
2026-09-01T08:47:00.000Z,2026-09-01T11:47:00,13,13,13,13,4000
2026-09-01T08:49:00.000Z,2026-09-01T11:49:00,12.94,12.94,12.94,12.94,772
2026-09-01T08:59:00.000Z,2026-09-01T11:59:00,13,13,13,13,61
2026-09-01T09:02:00.000Z,2026-09-01T12:02:00,12.95,12.95,12.95,12.95,30000
2026-09-01T09:09:00.000Z,2026-09-01T12:09:00,13,13,13,13,390
2026-09-01T09:11:00.000Z,2026-09-01T12:11:00,12.98,12.98,12.98,12.98,6306
2026-09-01T09:12:00.000Z,2026-09-01T12:12:00,12.98,12.98,12.98,12.98,450
2026-09-01T09:13:00.000Z,2026-09-01T12:13:00,12.98,12.98,12.98,12.98,1758
2026-09-01T09:14:00.000Z,2026-09-01T12:14:00,12.98,12.98,12.98,12.98,11486
2026-09-01T09:17:00.000Z,2026-09-01T12:17:00,12.96,12.96,12.96,12.96,1000
2026-09-01T09:18:00.000Z,2026-09-01T12:18:00,12.95,12.98,12.95,12.98,2774
2026-09-01T09:21:00.000Z,2026-09-01T12:21:00,12.97,12.97,12.97,12.97,4000
2026-09-01T09:23:00.000Z,2026-09-01T12:23:00,12.95,12.95,12.95,12.95,5817
2026-09-01T09:24:00.000Z,2026-09-01T12:24:00,12.95,12.95,12.95,12.95,2909
2026-09-01T09:26:00.000Z,2026-09-01T12:26:00,12.95,12.95,12.95,12.95,100
2026-09-01T09:28:00.000Z,2026-09-01T12:28:00,12.94,12.94,12.94,12.94,228
2026-09-01T09:30:00.000Z,2026-09-01T12:30:00,12.94,12.94,12.94,12.94,50
2026-09-01T09:39:00.000Z,2026-09-01T12:39:00,12.9,12.9,12.9,12.9,26
2026-09-01T09:42:00.000Z,2026-09-01T12:42:00,12.91,12.91,12.91,12.91,10
2026-09-01T09:46:00.000Z,2026-09-01T12:46:00,12.91,12.91,12.9,12.9,10000
2026-09-01T09:50:00.000Z,2026-09-01T12:50:00,12.9,12.9,12.9,12.9,1500
2026-09-01T09:51:00.000Z,2026-09-01T12:51:00,12.97,12.97,12.9,12.9,5006
2026-09-01T09:52:00.000Z,2026-09-01T12:52:00,12.9,12.9,12.9,12.9,5000
2026-09-01T09:53:00.000Z,2026-09-01T12:53:00,12.94,12.94,12.94,12.94,100
2026-09-01T09:54:00.000Z,2026-09-01T12:54:00,12.94,13,12.94,13,5000
2026-09-01T09:58:00.000Z,2026-09-01T12:58:00,12.99,13,12.99,13,15921
2026-09-01T10:03:00.000Z,2026-09-01T13:03:00,12.9,12.9,12.9,12.9,1316
2026-09-01T10:08:00.000Z,2026-09-01T13:08:00,12.9,12.9,12.9,12.9,4303
2026-09-01T10:09:00.000Z,2026-09-01T13:09:00,12.9,12.9,12.9,12.9,1000
2026-09-01T10:11:00.000Z,2026-09-01T13:11:00,12.9,12.9,12.89,12.9,3000
2026-09-01T10:12:00.000Z,2026-09-01T13:12:00,12.88,12.9,12.88,12.9,2080
2026-09-01T10:13:00.000Z,2026-09-01T13:13:00,12.88,12.88,12.88,12.88,5
2026-09-01T10:15:00.000Z,2026-09-01T13:15:00,12.9,12.9,12.9,12.9,77
2026-09-01T10:19:00.000Z,2026-09-01T13:19:00,12.9,12.9,12.9,12.9,923
2026-09-01T10:20:00.000Z,2026-09-01T13:20:00,12.88,12.88,12.88,12.88,477
2026-09-01T10:24:00.000Z,2026-09-01T13:24:00,12.92,12.94,12.92,12.94,31752
2026-09-01T10:25:00.000Z,2026-09-01T13:25:00,12.92,12.92,12.92,12.92,250
2026-09-01T10:27:00.000Z,2026-09-01T13:27:00,12.92,12.92,12.92,12.92,1837
2026-09-01T10:28:00.000Z,2026-09-01T13:28:00,12.9,12.9,12.9,12.9,3043
2026-09-01T10:32:00.000Z,2026-09-01T13:32:00,12.89,12.89,12.89,12.89,453
2026-09-01T10:38:00.000Z,2026-09-01T13:38:00,12.9,12.9,12.89,12.89,6067
2026-09-01T10:39:00.000Z,2026-09-01T13:39:00,12.89,12.89,12.89,12.89,100
2026-09-01T10:42:00.000Z,2026-09-01T13:42:00,12.89,12.89,12.89,12.89,400
2026-09-01T10:46:00.000Z,2026-09-01T13:46:00,12.89,12.89,12.88,12.88,128
2026-09-01T10:51:00.000Z,2026-09-01T13:51:00,12.88,12.88,12.8,12.8,51000
2026-09-01T10:53:00.000Z,2026-09-01T13:53:00,12.81,12.81,12.73,12.73,16900
2026-09-01T10:54:00.000Z,2026-09-01T13:54:00,12.74,12.8,12.74,12.8,1240
2026-09-01T10:55:00.000Z,2026-09-01T13:55:00,12.8,12.9,12.8,12.9,7632
2026-09-01T10:56:00.000Z,2026-09-01T13:56:00,12.9,12.9,12.81,12.81,1010
2026-09-01T10:58:00.000Z,2026-09-01T13:58:00,12.87,12.89,12.87,12.89,30943
2026-09-01T10:59:00.000Z,2026-09-01T13:59:00,12.88,12.88,12.88,12.88,64
2026-09-01T11:00:00.000Z,2026-09-01T14:00:00,12.83,12.83,12.83,12.83,1000
2026-09-01T11:01:00.000Z,2026-09-01T14:01:00,12.83,12.83,12.83,12.83,6557
2026-09-01T11:02:00.000Z,2026-09-01T14:02:00,12.83,12.83,12.8,12.8,20000
2026-09-01T11:04:00.000Z,2026-09-01T14:04:00,12.81,12.81,12.62,12.62,52046
2026-09-01T11:05:00.000Z,2026-09-01T14:05:00,12.76,12.77,12.42,12.5,65234
2026-09-01T11:06:00.000Z,2026-09-01T14:06:00,12.5,12.76,12.5,12.76,1464
2026-09-01T11:07:00.000Z,2026-09-01T14:07:00,12.75,12.75,12.75,12.75,970
2026-09-01T11:08:00.000Z,2026-09-01T14:08:00,12.7,12.71,12.65,12.65,7599
2026-09-01T11:09:00.000Z,2026-09-01T14:09:00,12.65,12.71,12.65,12.71,5050
2026-09-01T11:10:00.000Z,2026-09-01T14:10:00,12.71,12.76,12.71,12.76,52082
2026-09-01T11:11:00.000Z,2026-09-01T14:11:00,12.7,12.7,12.58,12.7,19328
2026-09-01T11:12:00.000Z,2026-09-01T14:12:00,12.6,12.61,12.6,12.61,4000
2026-09-01T11:13:00.000Z,2026-09-01T14:13:00,12.62,12.62,12.6,12.6,9000
2026-09-01T11:14:00.000Z,2026-09-01T14:14:00,12.61,12.86,12.6,12.86,13601
2026-09-02T07:00:00.000Z,2026-09-02T10:00:00,12.9,12.9,12.9,12.9,12069
2026-09-02T07:01:00.000Z,2026-09-02T10:01:00,12.9,13.18,12.9,13.18,71500
2026-09-02T07:02:00.000Z,2026-09-02T10:02:00,13.17,13.17,13.17,13.17,112
2026-09-02T07:04:00.000Z,2026-09-02T10:04:00,13.12,13.12,13.1,13.1,8688
2026-09-02T07:05:00.000Z,2026-09-02T10:05:00,13,13,13,13,2398
2026-09-02T07:06:00.000Z,2026-09-02T10:06:00,13,13,13,13,526
2026-09-02T07:07:00.000Z,2026-09-02T10:07:00,13,13.05,13,13,32679
2026-09-02T07:08:00.000Z,2026-09-02T10:08:00,13,13,13,13,6545
2026-09-02T07:09:00.000Z,2026-09-02T10:09:00,13,13,13,13,50034
2026-09-02T07:10:00.000Z,2026-09-02T10:10:00,13,13,13,13,5000
2026-09-02T07:11:00.000Z,2026-09-02T10:11:00,13,13,13,13,250
2026-09-02T07:12:00.000Z,2026-09-02T10:12:00,13,13,13,13,4
2026-09-02T07:13:00.000Z,2026-09-02T10:13:00,12.95,13.08,12.95,13.08,2531
2026-09-02T07:14:00.000Z,2026-09-02T10:14:00,13,13,13,13,4999
2026-09-02T07:15:00.000Z,2026-09-02T10:15:00,13,13.1,13,13.1,24982
2026-09-02T07:19:00.000Z,2026-09-02T10:19:00,13.08,13.08,13,13,999
2026-09-02T07:20:00.000Z,2026-09-02T10:20:00,13,13,13,13,3231
2026-09-02T07:21:00.000Z,2026-09-02T10:21:00,13.09,13.09,13.09,13.09,38
2026-09-02T07:22:00.000Z,2026-09-02T10:22:00,13,13,13,13,348
2026-09-02T07:23:00.000Z,2026-09-02T10:23:00,13,13.09,13,13.09,16280
2026-09-02T07:24:00.000Z,2026-09-02T10:24:00,13,13,13,13,17000
2026-09-02T07:25:00.000Z,2026-09-02T10:25:00,13.09,13.09,13.08,13.08,2527
2026-09-02T07:26:00.000Z,2026-09-02T10:26:00,13.08,13.1,13,13.1,22824
2026-09-02T07:27:00.000Z,2026-09-02T10:27:00,13.09,13.09,13.09,13.09,2063
2026-09-02T07:30:00.000Z,2026-09-02T10:30:00,13,13,13,13,5499
2026-09-02T07:32:00.000Z,2026-09-02T10:32:00,13,13,13,13,1051
2026-09-02T07:33:00.000Z,2026-09-02T10:33:00,13.05,13.05,13.05,13.05,2500
2026-09-02T07:34:00.000Z,2026-09-02T10:34:00,13.05,13.05,13.05,13.05,2749
2026-09-02T07:35:00.000Z,2026-09-02T10:35:00,13.09,13.09,13.09,13.09,5808
2026-09-02T07:36:00.000Z,2026-09-02T10:36:00,13.1,13.1,13.01,13.09,36386
2026-09-02T07:37:00.000Z,2026-09-02T10:37:00,13.09,13.09,13.09,13.09,62
2026-09-02T07:38:00.000Z,2026-09-02T10:38:00,13.08,13.13,13.08,13.13,10500
2026-09-02T07:41:00.000Z,2026-09-02T10:41:00,13.13,13.13,13.13,13.13,2562
2026-09-02T07:42:00.000Z,2026-09-02T10:42:00,13.1,13.12,13,13.12,51000
2026-09-02T07:43:00.000Z,2026-09-02T10:43:00,13.12,13.12,13.12,13.12,9000
2026-09-02T07:44:00.000Z,2026-09-02T10:44:00,13.12,13.12,13.12,13.12,4000
2026-09-02T07:49:00.000Z,2026-09-02T10:49:00,13.01,13.01,13.01,13.01,500
2026-09-02T07:50:00.000Z,2026-09-02T10:50:00,13.01,13.01,13,13,7700
2026-09-02T07:51:00.000Z,2026-09-02T10:51:00,13,13,13,13,19000
2026-09-02T07:53:00.000Z,2026-09-02T10:53:00,13.05,13.05,13,13,5000
2026-09-02T07:55:00.000Z,2026-09-02T10:55:00,13.08,13.09,12.92,12.92,5764
2026-09-02T07:56:00.000Z,2026-09-02T10:56:00,13.09,13.09,13.09,13.09,76
2026-09-02T07:59:00.000Z,2026-09-02T10:59:00,13.09,13.09,13.09,13.09,7916
2026-09-02T08:00:00.000Z,2026-09-02T11:00:00,13.09,13.09,13.09,13.09,1900
2026-09-02T08:03:00.000Z,2026-09-02T11:03:00,13.1,13.1,13.1,13.1,700
2026-09-02T08:04:00.000Z,2026-09-02T11:04:00,13.09,13.09,13.01,13.01,1815
2026-09-02T08:05:00.000Z,2026-09-02T11:05:00,13.09,13.09,13.09,13.09,706
2026-09-02T08:06:00.000Z,2026-09-02T11:06:00,13.02,13.08,13,13.08,17527
2026-09-02T08:08:00.000Z,2026-09-02T11:08:00,13.08,13.08,13.08,13.08,382
2026-09-02T08:09:00.000Z,2026-09-02T11:09:00,13.03,13.03,13.03,13.03,2000
2026-09-02T08:10:00.000Z,2026-09-02T11:10:00,13.01,13.01,13.01,13.01,347
2026-09-02T08:11:00.000Z,2026-09-02T11:11:00,13.01,13.01,12.99,12.99,11146
2026-09-02T08:12:00.000Z,2026-09-02T11:12:00,12.99,12.99,12.99,12.99,400
2026-09-02T08:13:00.000Z,2026-09-02T11:13:00,13,13,13,13,2200
2026-09-02T08:15:00.000Z,2026-09-02T11:15:00,13.01,13.01,13,13,9003
2026-09-02T08:16:00.000Z,2026-09-02T11:16:00,13.01,13.01,13.01,13.01,6
2026-09-02T08:17:00.000Z,2026-09-02T11:17:00,13.01,13.01,13.01,13.01,37
2026-09-02T08:20:00.000Z,2026-09-02T11:20:00,13.01,13.01,13,13,6656
2026-09-02T08:22:00.000Z,2026-09-02T11:22:00,13,13,13,13,429
2026-09-02T08:24:00.000Z,2026-09-02T11:24:00,12.99,12.99,12.96,12.96,2524
2026-09-02T08:26:00.000Z,2026-09-02T11:26:00,12.96,12.96,12.96,12.96,29
2026-09-02T08:28:00.000Z,2026-09-02T11:28:00,12.96,12.96,12.96,12.96,1815
2026-09-02T08:29:00.000Z,2026-09-02T11:29:00,12.96,12.96,12.96,12.96,2185
2026-09-02T08:30:00.000Z,2026-09-02T11:30:00,12.95,12.95,12.95,12.95,173
2026-09-02T08:32:00.000Z,2026-09-02T11:32:00,12.97,12.97,12.97,12.97,1950
2026-09-02T08:33:00.000Z,2026-09-02T11:33:00,12.95,12.95,12.95,12.95,38
2026-09-02T08:34:00.000Z,2026-09-02T11:34:00,12.97,12.97,12.97,12.97,1636
2026-09-02T08:36:00.000Z,2026-09-02T11:36:00,12.99,12.99,12.99,12.99,400
2026-09-02T08:41:00.000Z,2026-09-02T11:41:00,12.99,13.07,12.99,13.07,10000
2026-09-02T08:44:00.000Z,2026-09-02T11:44:00,12.99,12.99,12.99,12.99,62
2026-09-02T08:47:00.000Z,2026-09-02T11:47:00,13,13,12.99,12.99,2000
2026-09-02T08:53:00.000Z,2026-09-02T11:53:00,13.05,13.07,13.05,13.07,5386
2026-09-02T08:54:00.000Z,2026-09-02T11:54:00,13.08,13.1,13.08,13.1,3135
2026-09-02T08:55:00.000Z,2026-09-02T11:55:00,13.05,13.05,12.9,13,32216
2026-09-02T08:56:00.000Z,2026-09-02T11:56:00,13,13,13,13,6666
2026-09-02T08:57:00.000Z,2026-09-02T11:57:00,13,13,12.94,12.94,14956
2026-09-02T08:59:00.000Z,2026-09-02T11:59:00,12.96,12.96,12.9,12.9,29848
2026-09-02T09:00:00.000Z,2026-09-02T12:00:00,12.96,12.96,12.96,12.96,1000
2026-09-02T09:03:00.000Z,2026-09-02T12:03:00,12.96,12.96,12.96,12.96,1400
2026-09-02T09:05:00.000Z,2026-09-02T12:05:00,13.08,13.08,13.08,13.08,1
2026-09-02T09:11:00.000Z,2026-09-02T12:11:00,12.9,12.9,12.9,12.9,10000
2026-09-02T09:12:00.000Z,2026-09-02T12:12:00,12.91,12.91,12.81,12.81,20373
2026-09-02T09:16:00.000Z,2026-09-02T12:16:00,12.84,12.84,12.82,12.82,10000
2026-09-02T09:18:00.000Z,2026-09-02T12:18:00,12.82,12.82,12.8,12.8,10000
2026-09-02T09:21:00.000Z,2026-09-02T12:21:00,12.8,12.8,12.73,12.73,7772
2026-09-02T09:22:00.000Z,2026-09-02T12:22:00,12.93,12.93,12.93,12.93,1000
2026-09-02T09:24:00.000Z,2026-09-02T12:24:00,12.93,12.93,12.93,12.93,764
2026-09-02T09:27:00.000Z,2026-09-02T12:27:00,12.81,12.81,12.81,12.81,70
2026-09-02T09:31:00.000Z,2026-09-02T12:31:00,12.9,12.9,12.9,12.9,80
2026-09-02T09:34:00.000Z,2026-09-02T12:34:00,12.9,12.9,12.9,12.9,2347
2026-09-02T09:35:00.000Z,2026-09-02T12:35:00,12.84,12.84,12.84,12.84,380
2026-09-02T09:38:00.000Z,2026-09-02T12:38:00,12.85,12.85,12.74,12.74,12781
2026-09-02T09:39:00.000Z,2026-09-02T12:39:00,12.8,12.8,12.8,12.8,1000
2026-09-02T09:40:00.000Z,2026-09-02T12:40:00,12.8,12.8,12.8,12.8,58053
2026-09-02T09:43:00.000Z,2026-09-02T12:43:00,12.8,12.8,12.8,12.8,3573
2026-09-02T09:50:00.000Z,2026-09-02T12:50:00,12.9,12.9,12.9,12.9,1000
2026-09-02T09:54:00.000Z,2026-09-02T12:54:00,12.9,12.9,12.9,12.9,1000
2026-09-02T09:55:00.000Z,2026-09-02T12:55:00,12.9,12.97,12.9,12.97,1700
2026-09-02T09:57:00.000Z,2026-09-02T12:57:00,12.85,12.97,12.74,12.97,5020
2026-09-02T10:03:00.000Z,2026-09-02T13:03:00,12.8,12.8,12.8,12.8,1
2026-09-02T10:04:00.000Z,2026-09-02T13:04:00,12.8,12.8,12.75,12.75,10000
2026-09-02T10:13:00.000Z,2026-09-02T13:13:00,12.88,12.89,12.88,12.89,5800
2026-09-02T10:14:00.000Z,2026-09-02T13:14:00,12.89,12.89,12.89,12.89,50
2026-09-02T10:18:00.000Z,2026-09-02T13:18:00,12.83,12.83,12.82,12.82,2821
2026-09-02T10:22:00.000Z,2026-09-02T13:22:00,12.82,12.82,12.82,12.82,911
2026-09-02T10:26:00.000Z,2026-09-02T13:26:00,12.82,12.82,12.82,12.82,800
2026-09-02T10:32:00.000Z,2026-09-02T13:32:00,12.89,12.89,12.89,12.89,155
2026-09-02T10:33:00.000Z,2026-09-02T13:33:00,12.84,12.84,12.84,12.84,50
2026-09-02T10:35:00.000Z,2026-09-02T13:35:00,12.84,12.84,12.82,12.82,2000
2026-09-02T10:41:00.000Z,2026-09-02T13:41:00,12.82,12.82,12.8,12.8,7000
2026-09-02T10:43:00.000Z,2026-09-02T13:43:00,12.8,12.8,12.78,12.78,3000
2026-09-02T10:46:00.000Z,2026-09-02T13:46:00,12.89,12.9,12.89,12.9,10000
2026-09-02T10:47:00.000Z,2026-09-02T13:47:00,12.9,12.9,12.9,12.9,10000
2026-09-02T10:48:00.000Z,2026-09-02T13:48:00,12.78,12.78,12.78,12.78,50
2026-09-02T10:51:00.000Z,2026-09-02T13:51:00,12.78,12.78,12.77,12.77,5795
2026-09-02T10:53:00.000Z,2026-09-02T13:53:00,12.77,12.77,12.77,12.77,3000
2026-09-02T10:54:00.000Z,2026-09-02T13:54:00,12.77,12.77,12.77,12.77,2000
2026-09-02T10:55:00.000Z,2026-09-02T13:55:00,12.77,12.77,12.77,12.77,1000
2026-09-02T10:57:00.000Z,2026-09-02T13:57:00,12.77,12.77,12.77,12.77,804
2026-09-02T10:58:00.000Z,2026-09-02T13:58:00,12.8,12.8,12.8,12.8,4497
2026-09-02T10:59:00.000Z,2026-09-02T13:59:00,12.8,12.8,12.8,12.8,660
2026-09-02T11:00:00.000Z,2026-09-02T14:00:00,12.8,12.8,12.78,12.78,25000
2026-09-02T11:01:00.000Z,2026-09-02T14:01:00,12.87,12.87,12.78,12.78,11138
2026-09-02T11:02:00.000Z,2026-09-02T14:02:00,12.79,12.79,12.79,12.79,1000
2026-09-02T11:07:00.000Z,2026-09-02T14:07:00,12.79,12.79,12.79,12.79,1000
2026-09-02T11:08:00.000Z,2026-09-02T14:08:00,12.78,12.79,12.77,12.79,28257
2026-09-02T11:11:00.000Z,2026-09-02T14:11:00,12.79,12.79,12.79,12.79,7000
2026-09-02T11:12:00.000Z,2026-09-02T14:12:00,12.79,12.79,12.78,12.78,8250
2026-09-02T11:13:00.000Z,2026-09-02T14:13:00,12.78,12.79,12.77,12.79,19930
2026-09-02T11:14:00.000Z,2026-09-02T14:14:00,12.89,12.89,12.89,12.89,500
2026-09-02T11:25:00.000Z,2026-09-02T14:25:00,12.78,12.78,12.78,12.78,14500
2026-09-03T07:01:00.000Z,2026-09-03T10:01:00,12.79,12.79,12.79,12.79,320
2026-09-03T07:02:00.000Z,2026-09-03T10:02:00,12.81,12.96,12.8,12.96,10502
2026-09-03T07:04:00.000Z,2026-09-03T10:04:00,12.8,12.8,12.8,12.8,5000
2026-09-03T07:06:00.000Z,2026-09-03T10:06:00,12.81,12.95,12.8,12.95,30005
2026-09-03T07:08:00.000Z,2026-09-03T10:08:00,12.95,12.95,12.95,12.95,23
2026-09-03T07:11:00.000Z,2026-09-03T10:11:00,12.95,12.95,12.95,12.95,23
2026-09-03T07:20:00.000Z,2026-09-03T10:20:00,12.91,12.91,12.7,12.7,27031
2026-09-03T07:21:00.000Z,2026-09-03T10:21:00,12.7,12.7,12.7,12.7,1572
2026-09-03T07:23:00.000Z,2026-09-03T10:23:00,12.73,12.73,12.71,12.71,4980
2026-09-03T07:25:00.000Z,2026-09-03T10:25:00,12.71,12.71,12.71,12.71,3149
2026-09-03T07:26:00.000Z,2026-09-03T10:26:00,12.75,12.75,12.75,12.75,1491
2026-09-03T07:27:00.000Z,2026-09-03T10:27:00,12.89,12.89,12.89,12.89,120
2026-09-03T07:32:00.000Z,2026-09-03T10:32:00,12.9,12.9,12.9,12.9,36
2026-09-03T07:34:00.000Z,2026-09-03T10:34:00,12.8,12.8,12.8,12.8,675
2026-09-03T07:35:00.000Z,2026-09-03T10:35:00,12.8,12.8,12.8,12.8,20
2026-09-03T07:36:00.000Z,2026-09-03T10:36:00,12.8,12.8,12.8,12.8,2000
2026-09-03T07:42:00.000Z,2026-09-03T10:42:00,12.8,12.8,12.76,12.76,1500
2026-09-03T07:44:00.000Z,2026-09-03T10:44:00,12.77,12.77,12.77,12.77,327
2026-09-03T07:49:00.000Z,2026-09-03T10:49:00,12.77,12.77,12.75,12.76,12492
2026-09-03T07:51:00.000Z,2026-09-03T10:51:00,12.88,12.88,12.88,12.88,50
2026-09-03T07:56:00.000Z,2026-09-03T10:56:00,12.85,12.9,12.85,12.9,6300
2026-09-03T07:58:00.000Z,2026-09-03T10:58:00,12.87,12.87,12.77,12.77,2252
2026-09-03T08:02:00.000Z,2026-09-03T11:02:00,12.77,12.77,12.77,12.77,1700
2026-09-03T08:03:00.000Z,2026-09-03T11:03:00,12.77,12.77,12.77,12.77,4
2026-09-03T08:08:00.000Z,2026-09-03T11:08:00,12.77,12.77,12.75,12.75,11330
2026-09-03T08:11:00.000Z,2026-09-03T11:11:00,12.73,12.73,12.71,12.73,12000
2026-09-03T08:12:00.000Z,2026-09-03T11:12:00,12.73,12.73,12.71,12.71,5000
2026-09-03T08:14:00.000Z,2026-09-03T11:14:00,12.72,12.72,12.72,12.72,412
2026-09-03T08:15:00.000Z,2026-09-03T11:15:00,12.72,12.72,12.72,12.72,6070
2026-09-03T08:26:00.000Z,2026-09-03T11:26:00,12.75,12.75,12.72,12.72,10377
2026-09-03T08:27:00.000Z,2026-09-03T11:27:00,12.79,12.79,12.79,12.79,3900
2026-09-03T08:32:00.000Z,2026-09-03T11:32:00,12.72,12.72,12.72,12.72,5000
2026-09-03T08:33:00.000Z,2026-09-03T11:33:00,12.72,12.72,12.7,12.7,11850
2026-09-03T08:36:00.000Z,2026-09-03T11:36:00,12.77,12.77,12.77,12.77,4500
2026-09-03T08:38:00.000Z,2026-09-03T11:38:00,12.77,12.77,12.77,12.77,268
2026-09-03T08:39:00.000Z,2026-09-03T11:39:00,12.77,12.8,12.77,12.8,2000
2026-09-03T08:40:00.000Z,2026-09-03T11:40:00,12.72,12.72,12.7,12.7,30000
2026-09-03T08:43:00.000Z,2026-09-03T11:43:00,12.7,12.7,12.65,12.65,5000
2026-09-03T08:44:00.000Z,2026-09-03T11:44:00,12.71,12.71,12.71,12.71,2000
2026-09-03T08:49:00.000Z,2026-09-03T11:49:00,12.68,12.68,12.66,12.66,12500
2026-09-03T08:53:00.000Z,2026-09-03T11:53:00,12.7,12.7,12.7,12.7,1000
2026-09-03T09:00:00.000Z,2026-09-03T12:00:00,12.67,12.67,12.67,12.67,3190
2026-09-03T09:01:00.000Z,2026-09-03T12:01:00,12.66,12.66,12.66,12.66,1000
2026-09-03T09:09:00.000Z,2026-09-03T12:09:00,12.67,12.67,12.67,12.67,400
2026-09-03T09:11:00.000Z,2026-09-03T12:11:00,12.66,12.66,12.66,12.66,13030
2026-09-03T09:12:00.000Z,2026-09-03T12:12:00,12.66,12.66,12.66,12.66,907
2026-09-03T09:14:00.000Z,2026-09-03T12:14:00,12.67,12.67,12.67,12.67,93
2026-09-03T09:16:00.000Z,2026-09-03T12:16:00,12.7,12.7,12.7,12.7,3032
2026-09-03T09:18:00.000Z,2026-09-03T12:18:00,12.75,12.75,12.7,12.7,32206
2026-09-03T09:24:00.000Z,2026-09-03T12:24:00,12.68,12.68,12.68,12.68,1207
2026-09-03T09:25:00.000Z,2026-09-03T12:25:00,12.68,12.68,12.68,12.68,2500
2026-09-03T09:26:00.000Z,2026-09-03T12:26:00,12.68,12.68,12.68,12.68,9375
2026-09-03T09:27:00.000Z,2026-09-03T12:27:00,12.68,12.68,12.68,12.68,1387
2026-09-03T09:29:00.000Z,2026-09-03T12:29:00,12.67,12.67,12.67,12.67,1738
2026-09-03T09:32:00.000Z,2026-09-03T12:32:00,12.75,12.75,12.75,12.75,48
2026-09-03T09:34:00.000Z,2026-09-03T12:34:00,12.67,12.67,12.67,12.67,2500
2026-09-03T09:38:00.000Z,2026-09-03T12:38:00,12.7,12.7,12.7,12.7,3000
2026-09-03T09:41:00.000Z,2026-09-03T12:41:00,12.67,12.67,12.66,12.66,1000
2026-09-03T09:43:00.000Z,2026-09-03T12:43:00,12.7,12.75,12.7,12.75,500
2026-09-03T09:45:00.000Z,2026-09-03T12:45:00,12.69,12.69,12.69,12.69,1000
2026-09-03T09:47:00.000Z,2026-09-03T12:47:00,12.68,12.68,12.67,12.67,2400
2026-09-03T09:53:00.000Z,2026-09-03T12:53:00,12.67,12.67,12.66,12.66,2901
2026-09-03T09:56:00.000Z,2026-09-03T12:56:00,12.66,12.66,12.66,12.66,5000
2026-09-03T09:59:00.000Z,2026-09-03T12:59:00,12.66,12.66,12.66,12.66,7
2026-09-03T10:02:00.000Z,2026-09-03T13:02:00,12.7,12.7,12.7,12.7,434
2026-09-03T10:04:00.000Z,2026-09-03T13:04:00,12.68,12.68,12.68,12.68,5057
2026-09-03T10:06:00.000Z,2026-09-03T13:06:00,12.7,12.7,12.7,12.7,4712
2026-09-03T10:07:00.000Z,2026-09-03T13:07:00,12.68,12.68,12.68,12.68,1500
2026-09-03T10:09:00.000Z,2026-09-03T13:09:00,12.68,12.68,12.65,12.65,13000
2026-09-03T10:11:00.000Z,2026-09-03T13:11:00,12.65,12.65,12.6,12.6,22080
2026-09-03T10:12:00.000Z,2026-09-03T13:12:00,12.6,12.6,12.6,12.6,1644
2026-09-03T10:13:00.000Z,2026-09-03T13:13:00,12.6,12.6,12.6,12.6,273
2026-09-03T10:15:00.000Z,2026-09-03T13:15:00,12.6,12.6,12.6,12.6,4090
2026-09-03T10:18:00.000Z,2026-09-03T13:18:00,12.69,12.69,12.69,12.69,996
2026-09-03T10:19:00.000Z,2026-09-03T13:19:00,12.6,12.6,12.6,12.6,1874
2026-09-03T10:20:00.000Z,2026-09-03T13:20:00,12.6,12.6,12.6,12.6,3014
2026-09-03T10:21:00.000Z,2026-09-03T13:21:00,12.6,12.6,12.6,12.6,3106
2026-09-03T10:22:00.000Z,2026-09-03T13:22:00,12.6,12.6,12.6,12.6,394
2026-09-03T10:28:00.000Z,2026-09-03T13:28:00,12.62,12.62,12.6,12.6,7500
2026-09-03T10:29:00.000Z,2026-09-03T13:29:00,12.6,12.6,12.6,12.6,2000
2026-09-03T10:30:00.000Z,2026-09-03T13:30:00,12.6,12.6,12.6,12.6,2000
2026-09-03T10:31:00.000Z,2026-09-03T13:31:00,12.6,12.6,12.6,12.6,800
2026-09-03T10:34:00.000Z,2026-09-03T13:34:00,12.67,12.67,12.67,12.67,70
2026-09-03T10:36:00.000Z,2026-09-03T13:36:00,12.67,12.67,12.67,12.67,2430
2026-09-03T10:39:00.000Z,2026-09-03T13:39:00,12.68,12.69,12.68,12.69,7838
2026-09-03T10:40:00.000Z,2026-09-03T13:40:00,12.69,12.69,12.67,12.67,13162
2026-09-03T10:41:00.000Z,2026-09-03T13:41:00,12.67,12.67,12.67,12.67,5125
2026-09-03T10:46:00.000Z,2026-09-03T13:46:00,12.68,12.68,12.68,12.68,4373
2026-09-03T10:49:00.000Z,2026-09-03T13:49:00,12.67,12.67,12.62,12.62,12000
2026-09-03T10:50:00.000Z,2026-09-03T13:50:00,12.62,12.62,12.62,12.62,2850
2026-09-03T10:51:00.000Z,2026-09-03T13:51:00,12.62,12.62,12.6,12.6,32000
2026-09-03T10:54:00.000Z,2026-09-03T13:54:00,12.67,12.67,12.55,12.55,32000
2026-09-03T10:55:00.000Z,2026-09-03T13:55:00,12.6,12.6,12.55,12.55,30000
2026-09-03T10:56:00.000Z,2026-09-03T13:56:00,12.61,12.67,12.61,12.67,12857
2026-09-03T10:57:00.000Z,2026-09-03T13:57:00,12.62,12.62,12.62,12.62,756
2026-09-03T10:58:00.000Z,2026-09-03T13:58:00,12.62,12.62,12.62,12.62,4829
2026-09-03T10:59:00.000Z,2026-09-03T13:59:00,12.62,12.62,12.6,12.6,38701
2026-09-03T11:01:00.000Z,2026-09-03T14:01:00,12.62,12.62,12.62,12.62,2000
2026-09-03T11:02:00.000Z,2026-09-03T14:02:00,12.63,12.63,12.62,12.62,3752
2026-09-03T11:03:00.000Z,2026-09-03T14:03:00,12.62,12.62,12.62,12.62,1000
2026-09-03T11:04:00.000Z,2026-09-03T14:04:00,12.62,12.66,12.62,12.66,5250
2026-09-03T11:05:00.000Z,2026-09-03T14:05:00,12.64,12.64,12.58,12.58,6775
2026-09-03T11:06:00.000Z,2026-09-03T14:06:00,12.6,12.6,12.55,12.55,11195
2026-09-03T11:07:00.000Z,2026-09-03T14:07:00,12.6,12.6,12.6,12.6,212
2026-09-03T11:08:00.000Z,2026-09-03T14:08:00,12.57,12.57,12.56,12.56,5000
2026-09-03T11:09:00.000Z,2026-09-03T14:09:00,12.6,12.66,12.55,12.56,9528
2026-09-03T11:10:00.000Z,2026-09-03T14:10:00,12.56,12.56,12.56,12.56,796
2026-09-03T11:11:00.000Z,2026-09-03T14:11:00,12.6,12.6,12.6,12.6,7000
2026-09-03T11:12:00.000Z,2026-09-03T14:12:00,12.6,12.6,12.6,12.6,1000
2026-09-03T11:13:00.000Z,2026-09-03T14:13:00,12.66,12.68,12.66,12.68,4950
2026-09-03T11:14:00.000Z,2026-09-03T14:14:00,12.68,12.69,12.68,12.69,3500
2026-09-03T11:25:00.000Z,2026-09-03T14:25:00,12.69,12.69,12.69,12.69,57548
2026-09-03T11:26:00.000Z,2026-09-03T14:26:00,12.69,12.69,12.69,12.69,21453
2026-09-03T11:28:00.000Z,2026-09-03T14:28:00,12.69,12.69,12.69,12.69,18756
2026-09-06T07:03:00.000Z,2026-09-06T10:03:00,12.8,12.84,12.8,12.84,394
2026-09-06T07:04:00.000Z,2026-09-06T10:04:00,12.84,12.84,12.84,12.84,400
2026-09-06T07:05:00.000Z,2026-09-06T10:05:00,12.73,12.73,12.73,12.73,1
2026-09-06T07:09:00.000Z,2026-09-06T10:09:00,12.74,12.74,12.7,12.7,14072
2026-09-06T07:10:00.000Z,2026-09-06T10:10:00,12.7,12.7,12.7,12.7,100
2026-09-06T07:13:00.000Z,2026-09-06T10:13:00,12.7,12.7,12.7,12.7,504
2026-09-06T07:14:00.000Z,2026-09-06T10:14:00,12.7,12.83,12.7,12.83,8221
2026-09-06T07:15:00.000Z,2026-09-06T10:15:00,12.8,12.8,12.67,12.67,14736
2026-09-06T07:16:00.000Z,2026-09-06T10:16:00,12.68,12.68,12.68,12.68,3568
2026-09-06T07:18:00.000Z,2026-09-06T10:18:00,12.8,12.8,12.8,12.8,311
2026-09-06T07:19:00.000Z,2026-09-06T10:19:00,12.8,12.82,12.8,12.82,311
2026-09-06T07:21:00.000Z,2026-09-06T10:21:00,12.71,12.71,12.71,12.71,4
2026-09-06T07:24:00.000Z,2026-09-06T10:24:00,12.8,12.9,12.8,12.89,60000
2026-09-06T07:28:00.000Z,2026-09-06T10:28:00,12.89,12.89,12.89,12.89,90
2026-09-06T07:29:00.000Z,2026-09-06T10:29:00,12.88,12.88,12.88,12.88,3
2026-09-06T07:30:00.000Z,2026-09-06T10:30:00,12.85,12.85,12.85,12.85,6
2026-09-06T07:31:00.000Z,2026-09-06T10:31:00,12.85,12.85,12.85,12.85,4994
2026-09-06T07:33:00.000Z,2026-09-06T10:33:00,12.8,12.8,12.8,12.8,300
2026-09-06T07:34:00.000Z,2026-09-06T10:34:00,12.8,12.8,12.8,12.8,8050
2026-09-06T07:39:00.000Z,2026-09-06T10:39:00,12.78,12.78,12.76,12.76,2347
2026-09-06T07:40:00.000Z,2026-09-06T10:40:00,12.76,12.76,12.75,12.75,23000
2026-09-06T07:41:00.000Z,2026-09-06T10:41:00,12.79,12.79,12.79,12.79,50
2026-09-06T07:44:00.000Z,2026-09-06T10:44:00,12.79,12.79,12.77,12.77,4083
2026-09-06T07:45:00.000Z,2026-09-06T10:45:00,12.79,12.79,12.79,12.79,12
2026-09-06T07:46:00.000Z,2026-09-06T10:46:00,12.79,12.8,12.79,12.8,12000
2026-09-06T07:47:00.000Z,2026-09-06T10:47:00,12.79,12.79,12.79,12.79,9000
2026-09-06T07:49:00.000Z,2026-09-06T10:49:00,12.79,12.79,12.79,12.79,2
2026-09-06T07:50:00.000Z,2026-09-06T10:50:00,12.77,12.77,12.77,12.77,367
2026-09-06T07:51:00.000Z,2026-09-06T10:51:00,12.77,12.77,12.77,12.77,791
2026-09-06T07:52:00.000Z,2026-09-06T10:52:00,12.77,12.77,12.77,12.77,100
2026-09-06T07:53:00.000Z,2026-09-06T10:53:00,12.75,12.77,12.75,12.77,48792
2026-09-06T07:55:00.000Z,2026-09-06T10:55:00,12.77,12.77,12.77,12.77,3072
2026-09-06T07:57:00.000Z,2026-09-06T10:57:00,12.79,12.79,12.77,12.77,3128
2026-09-06T08:02:00.000Z,2026-09-06T11:02:00,12.73,12.73,12.69,12.69,24847
2026-09-06T08:03:00.000Z,2026-09-06T11:03:00,12.69,12.69,12.69,12.69,10000
2026-09-06T08:05:00.000Z,2026-09-06T11:05:00,12.69,12.69,12.69,12.69,9742
2026-09-06T08:06:00.000Z,2026-09-06T11:06:00,12.69,12.69,12.68,12.68,511
2026-09-06T08:08:00.000Z,2026-09-06T11:08:00,12.69,12.69,12.69,12.69,650
2026-09-06T08:10:00.000Z,2026-09-06T11:10:00,12.69,12.69,12.61,12.61,50000
2026-09-06T08:11:00.000Z,2026-09-06T11:11:00,12.61,12.61,12.6,12.6,44680
2026-09-06T08:12:00.000Z,2026-09-06T11:12:00,12.6,12.6,12.6,12.6,8176
2026-09-06T08:16:00.000Z,2026-09-06T11:16:00,12.63,12.63,12.6,12.6,50000
2026-09-06T08:18:00.000Z,2026-09-06T11:18:00,12.61,12.61,12.6,12.6,5554
2026-09-06T08:22:00.000Z,2026-09-06T11:22:00,12.61,12.61,12.61,12.61,11350
2026-09-06T08:23:00.000Z,2026-09-06T11:23:00,12.61,12.61,12.61,12.61,2
2026-09-06T08:25:00.000Z,2026-09-06T11:25:00,12.7,12.7,12.7,12.7,800
2026-09-06T08:26:00.000Z,2026-09-06T11:26:00,12.69,12.69,12.69,12.69,1798
2026-09-06T08:27:00.000Z,2026-09-06T11:27:00,12.69,12.69,12.69,12.69,100
2026-09-06T08:28:00.000Z,2026-09-06T11:28:00,12.62,12.62,12.62,12.62,5870
2026-09-06T08:29:00.000Z,2026-09-06T11:29:00,12.61,12.62,12.6,12.62,10028
2026-09-06T08:31:00.000Z,2026-09-06T11:31:00,12.69,12.69,12.69,12.69,2720
2026-09-06T08:35:00.000Z,2026-09-06T11:35:00,12.68,12.68,12.68,12.68,279
2026-09-06T08:36:00.000Z,2026-09-06T11:36:00,12.65,12.65,12.6,12.6,17223
2026-09-06T08:37:00.000Z,2026-09-06T11:37:00,12.6,12.6,12.6,12.6,14000
2026-09-06T08:38:00.000Z,2026-09-06T11:38:00,12.6,12.6,12.6,12.6,8400
2026-09-06T08:39:00.000Z,2026-09-06T11:39:00,12.6,12.6,12.6,12.6,4355
2026-09-06T08:40:00.000Z,2026-09-06T11:40:00,12.6,12.6,12.6,12.6,1997
2026-09-06T08:41:00.000Z,2026-09-06T11:41:00,12.65,12.65,12.59,12.59,10022
2026-09-06T08:42:00.000Z,2026-09-06T11:42:00,12.59,12.59,12.59,12.59,1168
2026-09-06T08:43:00.000Z,2026-09-06T11:43:00,12.6,12.6,12.6,12.6,2272
2026-09-06T08:49:00.000Z,2026-09-06T11:49:00,12.65,12.65,12.65,12.65,1500
2026-09-06T08:50:00.000Z,2026-09-06T11:50:00,12.68,12.68,12.68,12.68,236
2026-09-06T08:52:00.000Z,2026-09-06T11:52:00,12.62,12.62,12.6,12.6,7703
2026-09-06T08:56:00.000Z,2026-09-06T11:56:00,12.61,12.61,12.6,12.6,14747
2026-09-06T08:57:00.000Z,2026-09-06T11:57:00,12.6,12.6,12.6,12.6,88
2026-09-06T08:58:00.000Z,2026-09-06T11:58:00,12.59,12.59,12.59,12.59,4238
2026-09-06T08:59:00.000Z,2026-09-06T11:59:00,12.59,12.6,12.59,12.6,14792
2026-09-06T09:00:00.000Z,2026-09-06T12:00:00,12.6,12.6,12.6,12.6,4118
2026-09-06T09:02:00.000Z,2026-09-06T12:02:00,12.67,12.67,12.67,12.67,28
2026-09-06T09:03:00.000Z,2026-09-06T12:03:00,12.61,12.61,12.6,12.6,7000
2026-09-06T09:04:00.000Z,2026-09-06T12:04:00,12.61,12.61,12.61,12.61,200
2026-09-06T09:05:00.000Z,2026-09-06T12:05:00,12.67,12.67,12.67,12.67,2000
2026-09-06T09:07:00.000Z,2026-09-06T12:07:00,12.63,12.63,12.62,12.62,5250
2026-09-06T09:08:00.000Z,2026-09-06T12:08:00,12.62,12.62,12.6,12.6,13189
2026-09-06T09:10:00.000Z,2026-09-06T12:10:00,12.6,12.6,12.6,12.6,8464
2026-09-06T09:11:00.000Z,2026-09-06T12:11:00,12.6,12.67,12.6,12.67,14442
2026-09-06T09:13:00.000Z,2026-09-06T12:13:00,12.6,12.6,12.6,12.6,6772
2026-09-06T09:14:00.000Z,2026-09-06T12:14:00,12.6,12.66,12.6,12.66,4728
2026-09-06T09:15:00.000Z,2026-09-06T12:15:00,12.66,12.66,12.66,12.66,60
2026-09-06T09:16:00.000Z,2026-09-06T12:16:00,12.61,12.61,12.59,12.59,23271
2026-09-06T09:18:00.000Z,2026-09-06T12:18:00,12.65,12.68,12.6,12.68,12031
2026-09-06T09:19:00.000Z,2026-09-06T12:19:00,12.68,12.68,12.68,12.68,17000
2026-09-06T09:20:00.000Z,2026-09-06T12:20:00,12.68,12.7,12.68,12.7,14824
2026-09-06T09:21:00.000Z,2026-09-06T12:21:00,12.7,12.75,12.7,12.75,600
2026-09-06T09:22:00.000Z,2026-09-06T12:22:00,12.7,12.75,12.7,12.75,6000
2026-09-06T09:23:00.000Z,2026-09-06T12:23:00,12.75,12.75,12.75,12.75,1500
2026-09-06T09:24:00.000Z,2026-09-06T12:24:00,12.75,12.79,12.7,12.79,18851
2026-09-06T09:25:00.000Z,2026-09-06T12:25:00,12.79,12.79,12.78,12.78,4702
2026-09-06T09:29:00.000Z,2026-09-06T12:29:00,12.77,12.79,12.71,12.71,16595
2026-09-06T09:30:00.000Z,2026-09-06T12:30:00,12.71,12.71,12.71,12.71,624
2026-09-06T09:31:00.000Z,2026-09-06T12:31:00,12.78,12.78,12.78,12.78,5
2026-09-06T09:34:00.000Z,2026-09-06T12:34:00,12.72,12.72,12.72,12.72,9995
2026-09-06T09:35:00.000Z,2026-09-06T12:35:00,12.72,12.72,12.72,12.72,4958
2026-09-06T09:36:00.000Z,2026-09-06T12:36:00,12.71,12.71,12.7,12.7,24424
2026-09-06T09:40:00.000Z,2026-09-06T12:40:00,12.72,12.72,12.72,12.72,8479
2026-09-06T09:41:00.000Z,2026-09-06T12:41:00,12.77,12.78,12.77,12.78,10000
2026-09-06T09:42:00.000Z,2026-09-06T12:42:00,12.78,12.79,12.78,12.79,1529
2026-09-06T09:43:00.000Z,2026-09-06T12:43:00,12.79,12.79,12.79,12.79,5000
2026-09-06T09:48:00.000Z,2026-09-06T12:48:00,12.72,12.72,12.65,12.66,40003
2026-09-06T09:52:00.000Z,2026-09-06T12:52:00,12.7,12.7,12.69,12.69,1800
2026-09-06T09:53:00.000Z,2026-09-06T12:53:00,12.69,12.69,12.65,12.65,22349
2026-09-06T10:17:00.000Z,2026-09-06T13:17:00,12.68,12.68,12.67,12.67,10000
2026-09-06T10:19:00.000Z,2026-09-06T13:19:00,12.67,12.67,12.67,12.67,22600
2026-09-06T10:21:00.000Z,2026-09-06T13:21:00,12.67,12.67,12.66,12.67,6531
2026-09-06T10:22:00.000Z,2026-09-06T13:22:00,12.66,12.66,12.64,12.64,20000
2026-09-06T10:23:00.000Z,2026-09-06T13:23:00,12.64,12.64,12.63,12.63,8996
2026-09-06T10:27:00.000Z,2026-09-06T13:27:00,12.65,12.65,12.65,12.65,3695
2026-09-06T10:28:00.000Z,2026-09-06T13:28:00,12.69,12.75,12.69,12.75,11000
2026-09-06T10:29:00.000Z,2026-09-06T13:29:00,12.66,12.66,12.66,12.66,6000
2026-09-06T10:30:00.000Z,2026-09-06T13:30:00,12.74,12.74,12.74,12.74,510
2026-09-06T10:35:00.000Z,2026-09-06T13:35:00,12.7,12.7,12.7,12.7,10
2026-09-06T10:36:00.000Z,2026-09-06T13:36:00,12.7,12.7,12.7,12.7,820
2026-09-06T10:37:00.000Z,2026-09-06T13:37:00,12.69,12.69,12.61,12.69,51990
2026-09-06T10:38:00.000Z,2026-09-06T13:38:00,12.69,12.69,12.67,12.67,3519
2026-09-06T10:39:00.000Z,2026-09-06T13:39:00,12.61,12.61,12.61,12.61,3000
2026-09-06T10:40:00.000Z,2026-09-06T13:40:00,12.62,12.62,12.61,12.61,14960
2026-09-06T10:42:00.000Z,2026-09-06T13:42:00,12.66,12.66,12.62,12.62,7881
2026-09-06T10:44:00.000Z,2026-09-06T13:44:00,12.66,12.66,12.66,12.66,1025
2026-09-06T10:45:00.000Z,2026-09-06T13:45:00,12.66,12.66,12.66,12.66,1178
2026-09-06T10:46:00.000Z,2026-09-06T13:46:00,12.66,12.66,12.66,12.66,78
2026-09-06T10:47:00.000Z,2026-09-06T13:47:00,12.66,12.66,12.6,12.6,30000
2026-09-06T10:48:00.000Z,2026-09-06T13:48:00,12.61,12.61,12.61,12.61,1
2026-09-06T10:50:00.000Z,2026-09-06T13:50:00,12.61,12.61,12.61,12.61,7200
2026-09-06T10:51:00.000Z,2026-09-06T13:51:00,12.62,12.62,12.62,12.62,800
2026-09-06T10:52:00.000Z,2026-09-06T13:52:00,12.65,12.65,12.62,12.62,10396
2026-09-06T10:53:00.000Z,2026-09-06T13:53:00,12.62,12.62,12.61,12.61,29852
2026-09-06T10:54:00.000Z,2026-09-06T13:54:00,12.6,12.61,12.6,12.6,37351
2026-09-06T10:55:00.000Z,2026-09-06T13:55:00,12.66,12.67,12.66,12.67,5000
2026-09-06T10:56:00.000Z,2026-09-06T13:56:00,12.6,12.6,12.6,12.6,15600
2026-09-06T10:58:00.000Z,2026-09-06T13:58:00,12.62,12.66,12.62,12.66,1960
2026-09-06T11:01:00.000Z,2026-09-06T14:01:00,12.66,12.67,12.66,12.67,20000
2026-09-06T11:05:00.000Z,2026-09-06T14:05:00,12.63,12.63,12.62,12.62,35182
2026-09-06T11:07:00.000Z,2026-09-06T14:07:00,12.62,12.62,12.61,12.61,10751
2026-09-06T11:08:00.000Z,2026-09-06T14:08:00,12.61,12.62,12.61,12.61,14335
2026-09-06T11:09:00.000Z,2026-09-06T14:09:00,12.61,12.61,12.61,12.61,890
2026-09-06T11:10:00.000Z,2026-09-06T14:10:00,12.62,12.62,12.6,12.6,10000
2026-09-06T11:13:00.000Z,2026-09-06T14:13:00,12.62,12.62,12.62,12.62,1500
2026-09-06T11:14:00.000Z,2026-09-06T14:14:00,12.65,12.65,12.65,12.65,5750
2026-09-06T11:25:00.000Z,2026-09-06T14:25:00,12.59,12.59,12.59,12.59,70482
2026-09-06T11:26:00.000Z,2026-09-06T14:26:00,12.59,12.59,12.59,12.59,7718
2026-09-06T11:27:00.000Z,2026-09-06T14:27:00,12.59,12.59,12.59,12.59,5820
2026-09-07T07:01:00.000Z,2026-09-07T10:01:00,12.63,12.63,12.63,12.63,434
2026-09-07T07:02:00.000Z,2026-09-07T10:02:00,12.74,12.74,12.74,12.74,881
2026-09-07T07:04:00.000Z,2026-09-07T10:04:00,12.7,12.7,12.7,12.7,6580
2026-09-07T07:05:00.000Z,2026-09-07T10:05:00,12.7,12.7,12.7,12.7,1460
2026-09-07T07:06:00.000Z,2026-09-07T10:06:00,12.69,12.74,12.69,12.74,8642
2026-09-07T07:07:00.000Z,2026-09-07T10:07:00,12.74,12.74,12.74,12.74,6358
2026-09-07T07:08:00.000Z,2026-09-07T10:08:00,12.73,12.73,12.73,12.73,1000
2026-09-07T07:10:00.000Z,2026-09-07T10:10:00,12.7,12.7,12.7,12.7,3500
2026-09-07T07:13:00.000Z,2026-09-07T10:13:00,12.7,12.7,12.7,12.7,1400
2026-09-07T07:14:00.000Z,2026-09-07T10:14:00,12.7,12.7,12.7,12.7,1000
2026-09-07T07:15:00.000Z,2026-09-07T10:15:00,12.7,12.74,12.7,12.74,15000
2026-09-07T07:16:00.000Z,2026-09-07T10:16:00,12.74,12.74,12.74,12.74,4200
2026-09-07T07:19:00.000Z,2026-09-07T10:19:00,12.73,12.73,12.73,12.73,1501
2026-09-07T07:20:00.000Z,2026-09-07T10:20:00,12.73,12.73,12.73,12.73,4000
2026-09-07T07:21:00.000Z,2026-09-07T10:21:00,12.73,12.73,12.73,12.73,2559
2026-09-07T07:22:00.000Z,2026-09-07T10:22:00,12.7,12.7,12.7,12.7,220
2026-09-07T07:24:00.000Z,2026-09-07T10:24:00,12.67,12.67,12.67,12.67,4000
2026-09-07T07:25:00.000Z,2026-09-07T10:25:00,12.7,12.7,12.67,12.7,4573
2026-09-07T07:26:00.000Z,2026-09-07T10:26:00,12.7,12.7,12.67,12.67,10841
2026-09-07T07:27:00.000Z,2026-09-07T10:27:00,12.67,12.67,12.67,12.67,467
2026-09-07T07:28:00.000Z,2026-09-07T10:28:00,12.67,12.7,12.67,12.7,4001
2026-09-07T07:29:00.000Z,2026-09-07T10:29:00,12.67,12.67,12.66,12.66,7100
2026-09-07T07:30:00.000Z,2026-09-07T10:30:00,12.66,12.66,12.66,12.66,1714
2026-09-07T07:31:00.000Z,2026-09-07T10:31:00,12.66,12.66,12.66,12.66,4052
2026-09-07T07:32:00.000Z,2026-09-07T10:32:00,12.65,12.65,12.65,12.65,1000
2026-09-07T07:35:00.000Z,2026-09-07T10:35:00,12.69,12.7,12.69,12.7,15000
2026-09-07T07:36:00.000Z,2026-09-07T10:36:00,12.7,12.73,12.7,12.73,7300
2026-09-07T07:37:00.000Z,2026-09-07T10:37:00,12.7,12.7,12.7,12.7,1703
2026-09-07T07:38:00.000Z,2026-09-07T10:38:00,12.71,12.71,12.71,12.71,419
2026-09-07T07:39:00.000Z,2026-09-07T10:39:00,12.7,12.7,12.7,12.7,1508
2026-09-07T07:40:00.000Z,2026-09-07T10:40:00,12.71,12.71,12.71,12.71,79
2026-09-07T07:41:00.000Z,2026-09-07T10:41:00,12.7,12.7,12.7,12.7,638
2026-09-07T07:43:00.000Z,2026-09-07T10:43:00,12.7,12.7,12.7,12.7,1578
2026-09-07T07:45:00.000Z,2026-09-07T10:45:00,12.7,12.7,12.7,12.7,4508
2026-09-07T07:46:00.000Z,2026-09-07T10:46:00,12.7,12.7,12.7,12.7,8016
2026-09-07T07:47:00.000Z,2026-09-07T10:47:00,12.7,12.7,12.7,12.7,8403
2026-09-07T07:50:00.000Z,2026-09-07T10:50:00,12.71,12.71,12.71,12.71,4265
2026-09-07T07:51:00.000Z,2026-09-07T10:51:00,12.71,12.71,12.71,12.71,101
2026-09-07T07:52:00.000Z,2026-09-07T10:52:00,12.72,12.72,12.72,12.72,600
2026-09-07T07:53:00.000Z,2026-09-07T10:53:00,12.72,12.74,12.71,12.74,19847
2026-09-07T07:54:00.000Z,2026-09-07T10:54:00,12.73,12.73,12.73,12.73,76
2026-09-07T07:55:00.000Z,2026-09-07T10:55:00,12.74,12.8,12.74,12.8,9766
2026-09-07T07:57:00.000Z,2026-09-07T10:57:00,12.79,12.85,12.79,12.85,30005
2026-09-07T07:58:00.000Z,2026-09-07T10:58:00,12.84,12.9,12.84,12.9,101323
2026-09-07T07:59:00.000Z,2026-09-07T10:59:00,12.91,13.16,12.91,13.15,97857
2026-09-07T08:00:00.000Z,2026-09-07T11:00:00,13.14,13.17,13,13,24938
2026-09-07T08:01:00.000Z,2026-09-07T11:01:00,12.97,12.98,12.94,12.97,35746
2026-09-07T08:02:00.000Z,2026-09-07T11:02:00,12.94,12.96,12.9,12.95,36240
2026-09-07T08:03:00.000Z,2026-09-07T11:03:00,12.95,12.95,12.94,12.95,4226
2026-09-07T08:04:00.000Z,2026-09-07T11:04:00,12.95,12.95,12.9,12.94,19473
2026-09-07T08:05:00.000Z,2026-09-07T11:05:00,12.94,12.94,12.94,12.94,500
2026-09-07T08:06:00.000Z,2026-09-07T11:06:00,12.95,12.99,12.95,12.95,24136
2026-09-07T08:07:00.000Z,2026-09-07T11:07:00,12.95,12.95,12.9,12.92,38366
2026-09-07T08:08:00.000Z,2026-09-07T11:08:00,12.9,12.93,12.9,12.93,8169
2026-09-07T08:09:00.000Z,2026-09-07T11:09:00,12.93,12.93,12.93,12.93,5000
2026-09-07T08:10:00.000Z,2026-09-07T11:10:00,12.92,12.92,12.9,12.9,33309
2026-09-07T08:11:00.000Z,2026-09-07T11:11:00,12.92,12.92,12.88,12.88,14073
2026-09-07T08:12:00.000Z,2026-09-07T11:12:00,12.89,12.89,12.88,12.89,16375
2026-09-07T08:13:00.000Z,2026-09-07T11:13:00,12.89,12.89,12.89,12.89,5315
2026-09-07T08:14:00.000Z,2026-09-07T11:14:00,12.87,12.89,12.87,12.89,849
2026-09-07T08:15:00.000Z,2026-09-07T11:15:00,12.89,12.89,12.88,12.88,1444
2026-09-07T08:16:00.000Z,2026-09-07T11:16:00,12.88,12.88,12.88,12.88,1017
2026-09-07T08:17:00.000Z,2026-09-07T11:17:00,12.87,12.87,12.86,12.87,7211
2026-09-07T08:18:00.000Z,2026-09-07T11:18:00,12.87,12.87,12.86,12.87,7400
2026-09-07T08:19:00.000Z,2026-09-07T11:19:00,12.86,12.88,12.84,12.88,19051
2026-09-07T08:20:00.000Z,2026-09-07T11:20:00,12.87,12.87,12.87,12.87,1000
2026-09-07T08:22:00.000Z,2026-09-07T11:22:00,12.87,12.87,12.87,12.87,3000
2026-09-07T08:23:00.000Z,2026-09-07T11:23:00,12.87,12.87,12.87,12.87,253
2026-09-07T08:25:00.000Z,2026-09-07T11:25:00,12.87,12.87,12.87,12.87,1747
2026-09-07T08:26:00.000Z,2026-09-07T11:26:00,12.87,12.87,12.87,12.87,2165
2026-09-07T08:27:00.000Z,2026-09-07T11:27:00,12.87,12.87,12.87,12.87,2750
2026-09-07T08:30:00.000Z,2026-09-07T11:30:00,12.87,12.87,12.87,12.87,3100
2026-09-07T08:32:00.000Z,2026-09-07T11:32:00,12.87,12.87,12.87,12.87,350
2026-09-07T08:33:00.000Z,2026-09-07T11:33:00,12.86,12.86,12.86,12.86,4000
2026-09-07T08:34:00.000Z,2026-09-07T11:34:00,12.86,12.86,12.86,12.86,1225
2026-09-07T08:36:00.000Z,2026-09-07T11:36:00,12.86,12.86,12.85,12.85,600
2026-09-07T08:41:00.000Z,2026-09-07T11:41:00,12.85,12.85,12.85,12.85,1286
2026-09-07T08:43:00.000Z,2026-09-07T11:43:00,12.85,12.85,12.85,12.85,250
2026-09-07T08:44:00.000Z,2026-09-07T11:44:00,12.85,12.85,12.85,12.85,764
2026-09-07T08:45:00.000Z,2026-09-07T11:45:00,12.85,12.86,12.85,12.86,290
2026-09-07T08:46:00.000Z,2026-09-07T11:46:00,12.86,12.86,12.86,12.86,1456
2026-09-07T08:49:00.000Z,2026-09-07T11:49:00,12.84,12.84,12.83,12.84,20353
2026-09-07T08:50:00.000Z,2026-09-07T11:50:00,12.83,12.84,12.83,12.84,15336
2026-09-07T08:51:00.000Z,2026-09-07T11:51:00,12.84,12.84,12.84,12.84,5000
2026-09-07T08:54:00.000Z,2026-09-07T11:54:00,12.83,12.83,12.82,12.82,2090
2026-09-07T08:57:00.000Z,2026-09-07T11:57:00,12.82,12.82,12.82,12.82,500
2026-09-07T08:58:00.000Z,2026-09-07T11:58:00,12.82,12.82,12.82,12.82,3974
2026-09-07T08:59:00.000Z,2026-09-07T11:59:00,12.83,12.83,12.78,12.78,21000
2026-09-07T09:00:00.000Z,2026-09-07T12:00:00,12.82,12.82,12.82,12.82,30
2026-09-07T09:02:00.000Z,2026-09-07T12:02:00,12.82,12.82,12.82,12.82,405
2026-09-07T09:03:00.000Z,2026-09-07T12:03:00,12.78,12.78,12.78,12.78,36
2026-09-07T09:04:00.000Z,2026-09-07T12:04:00,12.78,12.78,12.78,12.78,400
2026-09-07T09:05:00.000Z,2026-09-07T12:05:00,12.78,12.78,12.75,12.75,920
2026-09-07T09:06:00.000Z,2026-09-07T12:06:00,12.75,12.78,12.74,12.74,2131
2026-09-07T09:07:00.000Z,2026-09-07T12:07:00,12.75,12.75,12.67,12.7,40903
2026-09-07T09:11:00.000Z,2026-09-07T12:11:00,12.7,12.7,12.7,12.7,4881
2026-09-07T09:12:00.000Z,2026-09-07T12:12:00,12.79,12.79,12.79,12.79,600
2026-09-07T09:14:00.000Z,2026-09-07T12:14:00,12.79,12.79,12.79,12.79,500
2026-09-07T09:15:00.000Z,2026-09-07T12:15:00,12.79,12.79,12.79,12.79,4000
2026-09-07T09:16:00.000Z,2026-09-07T12:16:00,12.8,12.8,12.72,12.72,2174
2026-09-07T09:17:00.000Z,2026-09-07T12:17:00,12.8,12.8,12.8,12.8,218
2026-09-07T09:19:00.000Z,2026-09-07T12:19:00,12.72,12.72,12.72,12.72,7
2026-09-07T09:22:00.000Z,2026-09-07T12:22:00,12.79,12.79,12.79,12.79,750
2026-09-07T09:24:00.000Z,2026-09-07T12:24:00,12.79,12.79,12.79,12.79,800
2026-09-07T09:27:00.000Z,2026-09-07T12:27:00,12.79,12.79,12.79,12.79,600
2026-09-07T09:29:00.000Z,2026-09-07T12:29:00,12.79,12.79,12.79,12.79,100
2026-09-07T09:31:00.000Z,2026-09-07T12:31:00,12.79,12.79,12.79,12.79,600
2026-09-07T09:33:00.000Z,2026-09-07T12:33:00,12.79,12.79,12.79,12.79,2600
2026-09-07T09:34:00.000Z,2026-09-07T12:34:00,12.77,12.77,12.77,12.77,1500
2026-09-07T09:36:00.000Z,2026-09-07T12:36:00,12.79,12.79,12.79,12.79,2000
2026-09-07T09:42:00.000Z,2026-09-07T12:42:00,12.79,12.79,12.79,12.79,2000
2026-09-07T09:43:00.000Z,2026-09-07T12:43:00,12.78,12.79,12.78,12.79,1000
2026-09-07T09:44:00.000Z,2026-09-07T12:44:00,12.77,12.77,12.77,12.77,484
2026-09-07T09:45:00.000Z,2026-09-07T12:45:00,12.77,12.77,12.77,12.77,516
2026-09-07T09:50:00.000Z,2026-09-07T12:50:00,12.77,12.77,12.77,12.77,1719
2026-09-07T09:51:00.000Z,2026-09-07T12:51:00,12.77,12.77,12.74,12.74,5800
2026-09-07T09:52:00.000Z,2026-09-07T12:52:00,12.74,12.74,12.7,12.7,48758
2026-09-07T09:53:00.000Z,2026-09-07T12:53:00,12.7,12.7,12.7,12.7,1242
2026-09-07T09:54:00.000Z,2026-09-07T12:54:00,12.73,12.73,12.73,12.73,10
2026-09-07T09:57:00.000Z,2026-09-07T12:57:00,12.77,12.77,12.77,12.77,1000
2026-09-07T09:59:00.000Z,2026-09-07T12:59:00,12.77,12.77,12.77,12.77,1000
2026-09-07T10:01:00.000Z,2026-09-07T13:01:00,12.73,12.73,12.73,12.73,170
2026-09-07T10:02:00.000Z,2026-09-07T13:02:00,12.73,12.73,12.7,12.7,21727
2026-09-07T10:03:00.000Z,2026-09-07T13:03:00,12.7,12.7,12.7,12.7,6941
2026-09-07T10:04:00.000Z,2026-09-07T13:04:00,12.7,12.7,12.7,12.7,4792
2026-09-07T10:06:00.000Z,2026-09-07T13:06:00,12.7,12.7,12.7,12.7,895
2026-09-07T10:12:00.000Z,2026-09-07T13:12:00,12.7,12.7,12.7,12.7,1914
2026-09-07T10:15:00.000Z,2026-09-07T13:15:00,12.7,12.7,12.7,12.7,1000
2026-09-07T10:16:00.000Z,2026-09-07T13:16:00,12.7,12.7,12.7,12.7,300
2026-09-07T10:18:00.000Z,2026-09-07T13:18:00,12.7,12.7,12.7,12.7,2000
2026-09-07T10:20:00.000Z,2026-09-07T13:20:00,12.7,12.7,12.7,12.7,2401
2026-09-07T10:21:00.000Z,2026-09-07T13:21:00,12.7,12.7,12.7,12.7,2886
2026-09-07T10:24:00.000Z,2026-09-07T13:24:00,12.7,12.7,12.7,12.7,1000
2026-09-07T10:26:00.000Z,2026-09-07T13:26:00,12.7,12.7,12.7,12.7,3795
2026-09-07T10:27:00.000Z,2026-09-07T13:27:00,12.7,12.7,12.7,12.7,808
2026-09-07T10:28:00.000Z,2026-09-07T13:28:00,12.7,12.7,12.7,12.7,1615
2026-09-07T10:29:00.000Z,2026-09-07T13:29:00,12.76,12.77,12.76,12.77,1000
2026-09-07T10:30:00.000Z,2026-09-07T13:30:00,12.77,12.77,12.77,12.77,763
2026-09-07T10:32:00.000Z,2026-09-07T13:32:00,12.77,12.77,12.77,12.77,776
2026-09-07T10:33:00.000Z,2026-09-07T13:33:00,12.7,12.7,12.69,12.69,16570
2026-09-07T10:37:00.000Z,2026-09-07T13:37:00,12.7,12.7,12.7,12.7,1000
2026-09-07T10:40:00.000Z,2026-09-07T13:40:00,12.7,12.77,12.7,12.77,2285
2026-09-07T10:47:00.000Z,2026-09-07T13:47:00,12.7,12.7,12.7,12.7,4208
2026-09-07T10:49:00.000Z,2026-09-07T13:49:00,12.7,12.7,12.69,12.7,5715
2026-09-07T10:50:00.000Z,2026-09-07T13:50:00,12.68,12.68,12.68,12.68,2015
2026-09-07T10:51:00.000Z,2026-09-07T13:51:00,12.69,12.7,12.69,12.7,977
2026-09-07T10:52:00.000Z,2026-09-07T13:52:00,12.7,12.7,12.7,12.7,3427
2026-09-07T10:54:00.000Z,2026-09-07T13:54:00,12.7,12.7,12.7,12.7,773
2026-09-07T10:55:00.000Z,2026-09-07T13:55:00,12.7,12.7,12.7,12.7,3191
2026-09-07T10:56:00.000Z,2026-09-07T13:56:00,12.7,12.7,12.7,12.7,309
2026-09-07T10:57:00.000Z,2026-09-07T13:57:00,12.71,12.71,12.71,12.71,3000
2026-09-07T10:59:00.000Z,2026-09-07T13:59:00,12.71,12.71,12.71,12.71,5000
2026-09-07T11:00:00.000Z,2026-09-07T14:00:00,12.72,12.72,12.7,12.7,3000
2026-09-07T11:01:00.000Z,2026-09-07T14:01:00,12.71,12.71,12.71,12.71,436
2026-09-07T11:02:00.000Z,2026-09-07T14:02:00,12.71,12.71,12.7,12.7,40000
2026-09-07T11:03:00.000Z,2026-09-07T14:03:00,12.7,12.7,12.7,12.7,4777
2026-09-07T11:04:00.000Z,2026-09-07T14:04:00,12.69,12.69,12.69,12.69,5085
2026-09-07T11:05:00.000Z,2026-09-07T14:05:00,12.69,12.69,12.69,12.69,2788
2026-09-07T11:06:00.000Z,2026-09-07T14:06:00,12.7,12.7,12.69,12.69,6000
2026-09-07T11:07:00.000Z,2026-09-07T14:07:00,12.69,12.69,12.68,12.68,12000
2026-09-07T11:08:00.000Z,2026-09-07T14:08:00,12.7,12.7,12.7,12.7,2357
2026-09-07T11:09:00.000Z,2026-09-07T14:09:00,12.7,12.7,12.68,12.68,3130
2026-09-07T11:10:00.000Z,2026-09-07T14:10:00,12.69,12.69,12.68,12.68,3142
2026-09-07T11:11:00.000Z,2026-09-07T14:11:00,12.68,12.68,12.67,12.67,9064
2026-09-07T11:12:00.000Z,2026-09-07T14:12:00,12.67,12.67,12.65,12.65,26000
2026-09-07T11:13:00.000Z,2026-09-07T14:13:00,12.65,12.66,12.65,12.66,4798
2026-09-07T11:14:00.000Z,2026-09-07T14:14:00,12.66,12.66,12.66,12.66,1846
2026-09-07T11:25:00.000Z,2026-09-07T14:25:00,12.66,12.66,12.66,12.66,26401
2026-09-08T07:01:00.000Z,2026-09-08T10:01:00,12.96,12.96,12.86,12.86,11322
2026-09-08T07:02:00.000Z,2026-09-08T10:02:00,12.86,12.86,12.8,12.8,5235
2026-09-08T07:03:00.000Z,2026-09-08T10:03:00,12.73,12.73,12.73,12.73,7790
2026-09-08T07:05:00.000Z,2026-09-08T10:05:00,12.73,12.8,12.73,12.8,17918
2026-09-08T07:06:00.000Z,2026-09-08T10:06:00,12.8,12.8,12.8,12.8,2573
2026-09-08T07:07:00.000Z,2026-09-08T10:07:00,12.87,12.87,12.87,12.87,10
2026-09-08T07:09:00.000Z,2026-09-08T10:09:00,12.8,12.8,12.8,12.8,9792
2026-09-08T07:10:00.000Z,2026-09-08T10:10:00,12.8,12.9,12.8,12.9,58235
2026-09-08T07:11:00.000Z,2026-09-08T10:11:00,12.9,12.9,12.9,12.9,10500
2026-09-08T07:13:00.000Z,2026-09-08T10:13:00,12.95,13,12.95,13,100093
2026-09-08T07:14:00.000Z,2026-09-08T10:14:00,13,13,13,13,53176
2026-09-08T07:15:00.000Z,2026-09-08T10:15:00,13,13,12.91,13,26226
2026-09-08T07:16:00.000Z,2026-09-08T10:16:00,13,13.02,13,13,24147
2026-09-08T07:17:00.000Z,2026-09-08T10:17:00,13,13.02,13,13.02,23569
2026-09-08T07:18:00.000Z,2026-09-08T10:18:00,13,13.02,13,13,18368
2026-09-08T07:19:00.000Z,2026-09-08T10:19:00,13,13,12.99,13,4568
2026-09-08T07:20:00.000Z,2026-09-08T10:20:00,13,13,13,13,10000
2026-09-08T07:23:00.000Z,2026-09-08T10:23:00,13,13,13,13,2490
2026-09-08T07:24:00.000Z,2026-09-08T10:24:00,12.99,12.99,12.96,12.96,21000
2026-09-08T07:26:00.000Z,2026-09-08T10:26:00,12.93,12.93,12.93,12.93,8000
2026-09-08T07:28:00.000Z,2026-09-08T10:28:00,12.94,12.98,12.94,12.98,515
2026-09-08T07:29:00.000Z,2026-09-08T10:29:00,12.98,12.98,12.98,12.98,3
2026-09-08T07:30:00.000Z,2026-09-08T10:30:00,12.95,12.95,12.95,12.95,797
2026-09-08T07:31:00.000Z,2026-09-08T10:31:00,12.94,12.94,12.94,12.94,1000
2026-09-08T07:32:00.000Z,2026-09-08T10:32:00,12.94,12.94,12.94,12.94,7459
2026-09-08T07:33:00.000Z,2026-09-08T10:33:00,12.94,12.94,12.94,12.94,1331
2026-09-08T07:34:00.000Z,2026-09-08T10:34:00,12.93,12.93,12.93,12.93,2000
2026-09-08T07:36:00.000Z,2026-09-08T10:36:00,12.9,12.9,12.9,12.9,4529
2026-09-08T07:39:00.000Z,2026-09-08T10:39:00,12.9,12.9,12.9,12.9,719
2026-09-08T07:41:00.000Z,2026-09-08T10:41:00,12.87,12.87,12.87,12.87,2910
2026-09-08T07:42:00.000Z,2026-09-08T10:42:00,12.87,12.87,12.86,12.86,1282
2026-09-08T07:43:00.000Z,2026-09-08T10:43:00,12.86,12.86,12.81,12.82,15780
2026-09-08T07:49:00.000Z,2026-09-08T10:49:00,12.83,12.83,12.83,12.83,31
2026-09-08T07:50:00.000Z,2026-09-08T10:50:00,12.83,12.83,12.83,12.83,3405
2026-09-08T07:52:00.000Z,2026-09-08T10:52:00,12.83,12.83,12.83,12.83,500
2026-09-08T07:54:00.000Z,2026-09-08T10:54:00,12.83,12.83,12.83,12.83,281
2026-09-08T07:57:00.000Z,2026-09-08T10:57:00,12.83,12.91,12.83,12.91,3921
2026-09-08T07:58:00.000Z,2026-09-08T10:58:00,12.9,12.9,12.9,12.9,4000
2026-09-08T08:00:00.000Z,2026-09-08T11:00:00,12.9,12.9,12.9,12.9,382
2026-09-08T08:04:00.000Z,2026-09-08T11:04:00,12.84,12.84,12.84,12.84,200
2026-09-08T08:07:00.000Z,2026-09-08T11:07:00,12.89,12.89,12.89,12.89,3700
2026-09-08T08:09:00.000Z,2026-09-08T11:09:00,12.89,12.99,12.89,12.98,89012
2026-09-08T08:10:00.000Z,2026-09-08T11:10:00,12.99,12.99,12.98,12.98,852
2026-09-08T08:11:00.000Z,2026-09-08T11:11:00,12.98,12.98,12.98,12.98,12000
2026-09-08T08:12:00.000Z,2026-09-08T11:12:00,12.91,12.98,12.91,12.98,3068
2026-09-08T08:13:00.000Z,2026-09-08T11:13:00,12.91,12.95,12.86,12.95,12500
2026-09-08T08:14:00.000Z,2026-09-08T11:14:00,12.95,13,12.85,13,135441
2026-09-08T08:15:00.000Z,2026-09-08T11:15:00,12.92,13.02,12.91,13.02,26787
2026-09-08T08:16:00.000Z,2026-09-08T11:16:00,13.03,13.06,13.03,13.06,20101
2026-09-08T08:17:00.000Z,2026-09-08T11:17:00,13.07,13.29,13.07,13.29,236089
2026-09-08T08:18:00.000Z,2026-09-08T11:18:00,13.29,13.47,13.28,13.36,283925
2026-09-08T08:19:00.000Z,2026-09-08T11:19:00,13.4,13.49,13.33,13.47,228960
2026-09-08T08:20:00.000Z,2026-09-08T11:20:00,13.46,13.49,13.33,13.43,178429
2026-09-08T08:21:00.000Z,2026-09-08T11:21:00,13.39,13.41,13.32,13.32,110694
2026-09-08T08:22:00.000Z,2026-09-08T11:22:00,13.32,13.35,13.3,13.3,31285
2026-09-08T08:23:00.000Z,2026-09-08T11:23:00,13.3,13.3,13.25,13.27,31941
2026-09-08T08:24:00.000Z,2026-09-08T11:24:00,13.26,13.27,13.24,13.25,14101
2026-09-08T08:25:00.000Z,2026-09-08T11:25:00,13.25,13.26,13.16,13.16,21061
2026-09-08T08:26:00.000Z,2026-09-08T11:26:00,13.2,13.24,13.15,13.24,22025
2026-09-08T08:27:00.000Z,2026-09-08T11:27:00,13.24,13.4,13.24,13.38,46263
2026-09-08T08:28:00.000Z,2026-09-08T11:28:00,13.3,13.3,13.25,13.25,4751
2026-09-08T08:29:00.000Z,2026-09-08T11:29:00,13.25,13.35,13.25,13.34,9947
2026-09-08T08:30:00.000Z,2026-09-08T11:30:00,13.34,13.35,13.3,13.34,7595
2026-09-08T08:31:00.000Z,2026-09-08T11:31:00,13.34,13.34,13.34,13.34,2575
2026-09-08T08:32:00.000Z,2026-09-08T11:32:00,13.31,13.31,13.29,13.29,7392
2026-09-08T08:33:00.000Z,2026-09-08T11:33:00,13.28,13.28,13.22,13.22,19427
2026-09-08T08:34:00.000Z,2026-09-08T11:34:00,13.22,13.26,13.13,13.19,17930
2026-09-08T08:35:00.000Z,2026-09-08T11:35:00,13.23,13.26,13.23,13.26,31331
2026-09-08T08:36:00.000Z,2026-09-08T11:36:00,13.26,13.29,13.26,13.29,2433
2026-09-08T08:37:00.000Z,2026-09-08T11:37:00,13.29,13.29,13.29,13.29,1000
2026-09-08T08:38:00.000Z,2026-09-08T11:38:00,13.29,13.29,13.26,13.26,13020
2026-09-08T08:39:00.000Z,2026-09-08T11:39:00,13.26,13.27,13.25,13.27,15833
2026-09-08T08:40:00.000Z,2026-09-08T11:40:00,13.25,13.28,13.25,13.28,7936
2026-09-08T08:41:00.000Z,2026-09-08T11:41:00,13.25,13.28,13.25,13.28,6612
2026-09-08T08:42:00.000Z,2026-09-08T11:42:00,13.26,13.28,13.25,13.25,32547
2026-09-08T08:43:00.000Z,2026-09-08T11:43:00,13.25,13.25,13.21,13.21,10000
2026-09-08T08:44:00.000Z,2026-09-08T11:44:00,13.21,13.24,13.2,13.2,13206
2026-09-08T08:45:00.000Z,2026-09-08T11:45:00,13.2,13.2,13.17,13.17,11500
2026-09-08T08:46:00.000Z,2026-09-08T11:46:00,13.16,13.2,13.16,13.2,4112
2026-09-08T08:47:00.000Z,2026-09-08T11:47:00,13.19,13.19,13.17,13.17,1524
2026-09-08T08:48:00.000Z,2026-09-08T11:48:00,13.17,13.19,13.17,13.19,509
2026-09-08T08:49:00.000Z,2026-09-08T11:49:00,13.19,13.23,13.19,13.2,12500
2026-09-08T08:50:00.000Z,2026-09-08T11:50:00,13.2,13.21,13.2,13.21,3836
2026-09-08T08:51:00.000Z,2026-09-08T11:51:00,13.22,13.23,13.22,13.23,2344
2026-09-08T08:52:00.000Z,2026-09-08T11:52:00,13.23,13.23,13.23,13.23,3500
2026-09-08T08:53:00.000Z,2026-09-08T11:53:00,13.21,13.21,13.2,13.2,6550
2026-09-08T08:54:00.000Z,2026-09-08T11:54:00,13.2,13.23,13.19,13.2,7596
2026-09-08T08:55:00.000Z,2026-09-08T11:55:00,13.2,13.2,13.16,13.16,13324
2026-09-08T08:56:00.000Z,2026-09-08T11:56:00,13.18,13.2,13.18,13.2,731
2026-09-08T08:57:00.000Z,2026-09-08T11:57:00,13.2,13.2,13.2,13.2,9
2026-09-08T08:58:00.000Z,2026-09-08T11:58:00,13.2,13.2,13.19,13.2,5738
2026-09-08T08:59:00.000Z,2026-09-08T11:59:00,13.2,13.22,13.16,13.22,6174
2026-09-08T09:01:00.000Z,2026-09-08T12:01:00,13.22,13.22,13.22,13.22,7700
2026-09-08T09:02:00.000Z,2026-09-08T12:02:00,13.17,13.17,13.17,13.17,1029
2026-09-08T09:03:00.000Z,2026-09-08T12:03:00,13.22,13.22,13.16,13.22,6084
2026-09-08T09:04:00.000Z,2026-09-08T12:04:00,13.21,13.22,13.2,13.2,6486
2026-09-08T09:05:00.000Z,2026-09-08T12:05:00,13.22,13.23,13.22,13.23,2000
2026-09-08T09:06:00.000Z,2026-09-08T12:06:00,13.23,13.23,13.23,13.23,5830
2026-09-08T09:07:00.000Z,2026-09-08T12:07:00,13.23,13.23,13.23,13.23,2632
2026-09-08T09:08:00.000Z,2026-09-08T12:08:00,13.25,13.25,13.24,13.24,4313
2026-09-08T09:09:00.000Z,2026-09-08T12:09:00,13.24,13.26,13.24,13.26,18146
2026-09-08T09:10:00.000Z,2026-09-08T12:10:00,13.26,13.27,13.26,13.27,8300
2026-09-08T09:12:00.000Z,2026-09-08T12:12:00,13.27,13.28,13.25,13.25,15390
2026-09-08T09:13:00.000Z,2026-09-08T12:13:00,13.26,13.28,13.26,13.28,4747
2026-09-08T09:14:00.000Z,2026-09-08T12:14:00,13.28,13.28,13.28,13.28,1
2026-09-08T09:15:00.000Z,2026-09-08T12:15:00,13.28,13.28,13.26,13.26,3694
2026-09-08T09:16:00.000Z,2026-09-08T12:16:00,13.26,13.26,13.21,13.25,12664
2026-09-08T09:17:00.000Z,2026-09-08T12:17:00,13.21,13.25,13.21,13.25,2008
2026-09-08T09:18:00.000Z,2026-09-08T12:18:00,13.22,13.22,13.22,13.22,201
2026-09-08T09:19:00.000Z,2026-09-08T12:19:00,13.22,13.22,13.2,13.2,28943
2026-09-08T09:20:00.000Z,2026-09-08T12:20:00,13.2,13.2,13.19,13.19,1886
2026-09-08T09:21:00.000Z,2026-09-08T12:21:00,13.19,13.2,13.15,13.15,20560
2026-09-08T09:22:00.000Z,2026-09-08T12:22:00,13.15,13.2,13.15,13.15,9512
2026-09-08T09:23:00.000Z,2026-09-08T12:23:00,13.2,13.2,13.16,13.2,23712
2026-09-08T09:24:00.000Z,2026-09-08T12:24:00,13.2,13.22,13.2,13.22,4499
2026-09-08T09:25:00.000Z,2026-09-08T12:25:00,13.25,13.25,13.25,13.25,1900
2026-09-08T09:28:00.000Z,2026-09-08T12:28:00,13.25,13.25,13.2,13.2,2981
2026-09-08T09:29:00.000Z,2026-09-08T12:29:00,13.25,13.25,13.25,13.25,115
2026-09-08T09:31:00.000Z,2026-09-08T12:31:00,13.25,13.25,13.2,13.2,417
2026-09-08T09:32:00.000Z,2026-09-08T12:32:00,13.2,13.2,13.2,13.2,14000
2026-09-08T09:33:00.000Z,2026-09-08T12:33:00,13.2,13.24,13.2,13.24,3206
2026-09-08T09:35:00.000Z,2026-09-08T12:35:00,13.24,13.24,13.24,13.24,3981
2026-09-08T09:36:00.000Z,2026-09-08T12:36:00,13.23,13.24,13.2,13.2,9740
2026-09-08T09:37:00.000Z,2026-09-08T12:37:00,13.2,13.2,13.2,13.2,10071
2026-09-08T09:38:00.000Z,2026-09-08T12:38:00,13.2,13.2,13.2,13.2,2900
2026-09-08T09:39:00.000Z,2026-09-08T12:39:00,13.19,13.19,13.16,13.16,5000
2026-09-08T09:44:00.000Z,2026-09-08T12:44:00,13.19,13.19,13.19,13.19,341
2026-09-08T09:45:00.000Z,2026-09-08T12:45:00,13.19,13.2,13.19,13.2,321
2026-09-08T09:46:00.000Z,2026-09-08T12:46:00,13.2,13.2,13.2,13.2,735
2026-09-08T09:48:00.000Z,2026-09-08T12:48:00,13.18,13.18,13.18,13.18,100
2026-09-08T09:49:00.000Z,2026-09-08T12:49:00,13.18,13.18,13.17,13.17,113
2026-09-08T09:50:00.000Z,2026-09-08T12:50:00,13.17,13.17,13.17,13.17,9
2026-09-08T09:51:00.000Z,2026-09-08T12:51:00,13.16,13.16,13.15,13.15,12121
2026-09-08T09:52:00.000Z,2026-09-08T12:52:00,13.15,13.15,13.15,13.15,12790
2026-09-08T09:53:00.000Z,2026-09-08T12:53:00,13.14,13.14,13.1,13.11,16998
2026-09-08T09:54:00.000Z,2026-09-08T12:54:00,13.11,13.19,13.11,13.19,3283
2026-09-08T09:57:00.000Z,2026-09-08T12:57:00,13.17,13.17,13.17,13.17,3
2026-09-08T09:58:00.000Z,2026-09-08T12:58:00,13.13,13.13,13.13,13.13,5711
2026-09-08T09:59:00.000Z,2026-09-08T12:59:00,13.17,13.17,13.17,13.17,1
2026-09-08T10:00:00.000Z,2026-09-08T13:00:00,13.13,13.13,13.13,13.13,3369
2026-09-08T10:02:00.000Z,2026-09-08T13:02:00,13.13,13.13,13.13,13.13,473
2026-09-08T10:03:00.000Z,2026-09-08T13:03:00,13.13,13.13,13.13,13.13,500
2026-09-08T10:04:00.000Z,2026-09-08T13:04:00,13.13,13.13,13.13,13.13,4000
2026-09-08T10:05:00.000Z,2026-09-08T13:05:00,13.13,13.13,13.1,13.1,5000
2026-09-08T10:06:00.000Z,2026-09-08T13:06:00,13.13,13.13,13.13,13.13,6190
2026-09-08T10:07:00.000Z,2026-09-08T13:07:00,13.13,13.13,13.13,13.13,2000
2026-09-08T10:08:00.000Z,2026-09-08T13:08:00,13.13,13.13,12.93,12.93,102918
2026-09-08T10:09:00.000Z,2026-09-08T13:09:00,13,13,13,13,500
2026-09-08T10:10:00.000Z,2026-09-08T13:10:00,13.15,13.15,13.01,13.01,957
2026-09-08T10:11:00.000Z,2026-09-08T13:11:00,13.15,13.15,13.15,13.15,1
2026-09-08T10:12:00.000Z,2026-09-08T13:12:00,13.08,13.08,13,13,24561
2026-09-08T10:13:00.000Z,2026-09-08T13:13:00,13.01,13.01,13.01,13.01,7000
2026-09-08T10:15:00.000Z,2026-09-08T13:15:00,13.05,13.05,13.01,13.01,6996
2026-09-08T10:16:00.000Z,2026-09-08T13:16:00,13.02,13.02,13.02,13.02,3843
2026-09-08T10:17:00.000Z,2026-09-08T13:17:00,13.01,13.01,13,13,34455
2026-09-08T10:19:00.000Z,2026-09-08T13:19:00,13,13,12.92,12.92,15937
2026-09-08T10:21:00.000Z,2026-09-08T13:21:00,12.96,12.96,12.95,12.95,33200
2026-09-08T10:22:00.000Z,2026-09-08T13:22:00,12.95,12.95,12.95,12.95,3000
2026-09-08T10:28:00.000Z,2026-09-08T13:28:00,13,13.03,13,13,5866
2026-09-08T10:29:00.000Z,2026-09-08T13:29:00,13.03,13.04,13,13.04,10912
2026-09-08T10:30:00.000Z,2026-09-08T13:30:00,13.04,13.09,13.04,13.09,9646
2026-09-08T10:31:00.000Z,2026-09-08T13:31:00,13.09,13.09,13.07,13.07,609
2026-09-08T10:33:00.000Z,2026-09-08T13:33:00,13.08,13.08,13.07,13.07,5000
2026-09-08T10:34:00.000Z,2026-09-08T13:34:00,13.07,13.07,13.07,13.07,631
2026-09-08T10:35:00.000Z,2026-09-08T13:35:00,13.07,13.07,13.06,13.06,16501
2026-09-08T10:37:00.000Z,2026-09-08T13:37:00,13.06,13.07,13.06,13.07,3025
2026-09-08T10:38:00.000Z,2026-09-08T13:38:00,13.08,13.1,13.08,13.1,6694
2026-09-08T10:39:00.000Z,2026-09-08T13:39:00,13.13,13.16,13.13,13.16,14492
2026-09-08T10:40:00.000Z,2026-09-08T13:40:00,13.18,13.2,13.17,13.2,48485
2026-09-08T10:41:00.000Z,2026-09-08T13:41:00,13.21,13.25,13.2,13.24,20493
2026-09-08T10:42:00.000Z,2026-09-08T13:42:00,13.24,13.25,13.24,13.24,31063
2026-09-08T10:43:00.000Z,2026-09-08T13:43:00,13.2,13.2,13.2,13.2,5000
2026-09-08T10:44:00.000Z,2026-09-08T13:44:00,13.19,13.2,13.19,13.19,20680
2026-09-08T10:45:00.000Z,2026-09-08T13:45:00,13.19,13.19,13.15,13.15,8355
2026-09-08T10:46:00.000Z,2026-09-08T13:46:00,13.15,13.15,13.15,13.15,500
2026-09-08T10:47:00.000Z,2026-09-08T13:47:00,13.18,13.18,13.18,13.18,532
2026-09-08T10:49:00.000Z,2026-09-08T13:49:00,13.15,13.15,13.15,13.15,4000
2026-09-08T10:50:00.000Z,2026-09-08T13:50:00,13.15,13.15,13.15,13.15,7221
2026-09-08T10:51:00.000Z,2026-09-08T13:51:00,13.11,13.11,13.11,13.11,3057
2026-09-08T10:52:00.000Z,2026-09-08T13:52:00,13.11,13.11,13.1,13.1,11250
2026-09-08T10:53:00.000Z,2026-09-08T13:53:00,13.1,13.1,13.1,13.1,500
2026-09-08T10:54:00.000Z,2026-09-08T13:54:00,13.1,13.1,13.03,13.1,11056
2026-09-08T10:55:00.000Z,2026-09-08T13:55:00,13.04,13.08,13.04,13.08,1374
2026-09-08T10:57:00.000Z,2026-09-08T13:57:00,13.07,13.07,13.06,13.07,4519
2026-09-08T10:58:00.000Z,2026-09-08T13:58:00,13.04,13.04,13.02,13.02,15198
2026-09-08T11:01:00.000Z,2026-09-08T14:01:00,13.02,13.06,13.02,13.02,3510
2026-09-08T11:02:00.000Z,2026-09-08T14:02:00,13.05,13.05,13.01,13.05,22548
2026-09-08T11:03:00.000Z,2026-09-08T14:03:00,13.04,13.04,13.04,13.04,6581
2026-09-08T11:04:00.000Z,2026-09-08T14:04:00,13.05,13.05,13.05,13.05,904
2026-09-08T11:05:00.000Z,2026-09-08T14:05:00,13.06,13.07,13.06,13.07,5691
2026-09-08T11:06:00.000Z,2026-09-08T14:06:00,13.1,13.1,13.1,13.1,21715
2026-09-08T11:07:00.000Z,2026-09-08T14:07:00,13.15,13.15,13.1,13.1,2500
2026-09-08T11:08:00.000Z,2026-09-08T14:08:00,13.12,13.15,13.11,13.15,15028
2026-09-08T11:10:00.000Z,2026-09-08T14:10:00,13.14,13.15,13.14,13.15,4968
2026-09-08T11:11:00.000Z,2026-09-08T14:11:00,13.11,13.11,13.11,13.11,6000
2026-09-08T11:12:00.000Z,2026-09-08T14:12:00,13.15,13.15,13.1,13.1,16420
2026-09-08T11:13:00.000Z,2026-09-08T14:13:00,13.11,13.12,13.11,13.12,12765
2026-09-08T11:14:00.000Z,2026-09-08T14:14:00,13.12,13.15,13.11,13.15,12120
2026-09-08T11:25:00.000Z,2026-09-08T14:25:00,13.2,13.2,13.2,13.2,48745
2026-09-08T11:26:00.000Z,2026-09-08T14:26:00,13.2,13.2,13.2,13.2,758
2026-09-08T11:27:00.000Z,2026-09-08T14:27:00,13.2,13.2,13.2,13.2,13803
2026-09-08T11:28:00.000Z,2026-09-08T14:28:00,13.2,13.2,13.2,13.2,7935
2026-09-08T11:29:00.000Z,2026-09-08T14:29:00,13.2,13.2,13.2,13.2,10000
2026-09-09T07:00:00.000Z,2026-09-09T10:00:00,13.3,13.48,13.29,13.48,90563
2026-09-09T07:01:00.000Z,2026-09-09T10:01:00,13.48,13.5,13.45,13.5,90835
2026-09-09T07:02:00.000Z,2026-09-09T10:02:00,13.5,13.5,13.37,13.4,60042
2026-09-09T07:03:00.000Z,2026-09-09T10:03:00,13.49,13.52,13.49,13.5,41587
2026-09-09T07:04:00.000Z,2026-09-09T10:04:00,13.5,13.59,13.46,13.59,52471
2026-09-09T07:05:00.000Z,2026-09-09T10:05:00,13.57,13.7,13.55,13.7,119917
2026-09-09T07:06:00.000Z,2026-09-09T10:06:00,13.72,13.9,13.7,13.9,318154
2026-09-09T07:07:00.000Z,2026-09-09T10:07:00,13.85,13.87,13.71,13.85,82989
2026-09-09T07:08:00.000Z,2026-09-09T10:08:00,13.8,13.87,13.8,13.8,110141
2026-09-09T07:09:00.000Z,2026-09-09T10:09:00,13.8,13.85,13.75,13.79,59407
2026-09-09T07:10:00.000Z,2026-09-09T10:10:00,13.79,13.97,13.79,13.9,261839
2026-09-09T07:11:00.000Z,2026-09-09T10:11:00,13.94,13.97,13.9,13.9,47489
2026-09-09T07:12:00.000Z,2026-09-09T10:12:00,13.9,13.96,13.86,13.86,45216
2026-09-09T07:13:00.000Z,2026-09-09T10:13:00,13.86,13.86,13.75,13.85,42214
2026-09-09T07:14:00.000Z,2026-09-09T10:14:00,13.8,13.88,13.76,13.87,53771
2026-09-09T07:15:00.000Z,2026-09-09T10:15:00,13.88,13.9,13.87,13.89,72257
2026-09-09T07:16:00.000Z,2026-09-09T10:16:00,13.9,13.9,13.8,13.9,92086
2026-09-09T07:17:00.000Z,2026-09-09T10:17:00,13.85,13.88,13.8,13.88,3211
2026-09-09T07:18:00.000Z,2026-09-09T10:18:00,13.88,13.88,13.76,13.76,6224
2026-09-09T07:19:00.000Z,2026-09-09T10:19:00,13.76,13.79,13.75,13.79,39038
2026-09-09T07:20:00.000Z,2026-09-09T10:20:00,13.79,13.79,13.75,13.76,4562
2026-09-09T07:21:00.000Z,2026-09-09T10:21:00,13.76,13.76,13.71,13.71,67051
2026-09-09T07:22:00.000Z,2026-09-09T10:22:00,13.72,13.75,13.71,13.72,22482
2026-09-09T07:23:00.000Z,2026-09-09T10:23:00,13.74,13.75,13.72,13.73,15904
2026-09-09T07:24:00.000Z,2026-09-09T10:24:00,13.73,13.73,13.7,13.7,89193
2026-09-09T07:25:00.000Z,2026-09-09T10:25:00,13.65,13.7,13.62,13.62,21810
2026-09-09T07:26:00.000Z,2026-09-09T10:26:00,13.64,13.64,13.6,13.62,25971
2026-09-09T07:27:00.000Z,2026-09-09T10:27:00,13.62,13.68,13.6,13.68,41115
2026-09-09T07:28:00.000Z,2026-09-09T10:28:00,13.62,13.68,13.6,13.61,33917
2026-09-09T07:29:00.000Z,2026-09-09T10:29:00,13.64,13.67,13.61,13.67,8962
2026-09-09T07:30:00.000Z,2026-09-09T10:30:00,13.67,13.7,13.67,13.7,21340
2026-09-09T07:31:00.000Z,2026-09-09T10:31:00,13.7,13.75,13.7,13.7,29831
2026-09-09T07:32:00.000Z,2026-09-09T10:32:00,13.7,13.79,13.7,13.79,6198
2026-09-09T07:33:00.000Z,2026-09-09T10:33:00,13.79,13.82,13.77,13.8,17039
2026-09-09T07:34:00.000Z,2026-09-09T10:34:00,13.79,13.8,13.63,13.63,45581
2026-09-09T07:35:00.000Z,2026-09-09T10:35:00,13.63,13.79,13.61,13.61,24544
2026-09-09T07:36:00.000Z,2026-09-09T10:36:00,13.76,13.76,13.75,13.75,1395
2026-09-09T07:37:00.000Z,2026-09-09T10:37:00,13.63,13.74,13.38,13.49,200075
2026-09-09T07:38:00.000Z,2026-09-09T10:38:00,13.49,13.65,13.49,13.56,2479
2026-09-09T07:39:00.000Z,2026-09-09T10:39:00,13.56,13.64,13.56,13.57,12201
2026-09-09T07:40:00.000Z,2026-09-09T10:40:00,13.58,13.6,13.57,13.57,3044
2026-09-09T07:41:00.000Z,2026-09-09T10:41:00,13.58,13.58,13.58,13.58,7478
2026-09-09T07:42:00.000Z,2026-09-09T10:42:00,13.59,13.59,13.55,13.55,11787
2026-09-09T07:43:00.000Z,2026-09-09T10:43:00,13.55,13.57,13.55,13.55,8986
2026-09-09T07:44:00.000Z,2026-09-09T10:44:00,13.55,13.57,13.5,13.57,10494
2026-09-09T07:45:00.000Z,2026-09-09T10:45:00,13.6,13.65,13.6,13.64,15412
2026-09-09T07:46:00.000Z,2026-09-09T10:46:00,13.63,13.65,13.63,13.65,1323
2026-09-09T07:47:00.000Z,2026-09-09T10:47:00,13.63,13.63,13.5,13.63,4858
2026-09-09T07:48:00.000Z,2026-09-09T10:48:00,13.56,13.56,13.56,13.56,2000
2026-09-09T07:49:00.000Z,2026-09-09T10:49:00,13.5,13.56,13.5,13.56,1193
2026-09-09T07:50:00.000Z,2026-09-09T10:50:00,13.5,13.5,13.5,13.5,1649
2026-09-09T07:51:00.000Z,2026-09-09T10:51:00,13.5,13.5,13.49,13.5,38623
2026-09-09T07:52:00.000Z,2026-09-09T10:52:00,13.48,13.5,13.47,13.5,8416
2026-09-09T07:53:00.000Z,2026-09-09T10:53:00,13.51,13.51,13.51,13.51,2103
2026-09-09T07:55:00.000Z,2026-09-09T10:55:00,13.53,13.53,13.52,13.52,2730
2026-09-09T07:56:00.000Z,2026-09-09T10:56:00,13.57,13.62,13.52,13.53,1722
2026-09-09T07:58:00.000Z,2026-09-09T10:58:00,13.53,13.6,13.53,13.6,30
2026-09-09T07:59:00.000Z,2026-09-09T10:59:00,13.6,13.6,13.53,13.53,1374
2026-09-09T08:00:00.000Z,2026-09-09T11:00:00,13.6,13.6,13.6,13.6,2532
2026-09-09T08:01:00.000Z,2026-09-09T11:01:00,13.55,13.55,13.51,13.51,13901
2026-09-09T08:02:00.000Z,2026-09-09T11:02:00,13.55,13.55,13.55,13.55,401
2026-09-09T08:03:00.000Z,2026-09-09T11:03:00,13.6,13.62,13.6,13.62,7361
2026-09-09T08:04:00.000Z,2026-09-09T11:04:00,13.57,13.63,13.55,13.63,9477
2026-09-09T08:05:00.000Z,2026-09-09T11:05:00,13.63,13.63,13.63,13.63,1200
2026-09-09T08:06:00.000Z,2026-09-09T11:06:00,13.62,13.62,13.62,13.62,3500
2026-09-09T08:07:00.000Z,2026-09-09T11:07:00,13.62,13.62,13.62,13.62,891
2026-09-09T08:09:00.000Z,2026-09-09T11:09:00,13.6,13.6,13.55,13.55,1923
2026-09-09T08:10:00.000Z,2026-09-09T11:10:00,13.54,13.54,13.5,13.5,8468
2026-09-09T08:11:00.000Z,2026-09-09T11:11:00,13.5,13.6,13.5,13.6,3970
2026-09-09T08:14:00.000Z,2026-09-09T11:14:00,13.57,13.57,13.57,13.57,1000
2026-09-09T08:16:00.000Z,2026-09-09T11:16:00,13.59,13.59,13.59,13.59,330
2026-09-09T08:20:00.000Z,2026-09-09T11:20:00,13.51,13.51,13.51,13.51,2000
2026-09-09T08:21:00.000Z,2026-09-09T11:21:00,13.5,13.5,13.5,13.5,11738
2026-09-09T08:22:00.000Z,2026-09-09T11:22:00,13.5,13.5,13.5,13.5,2209
2026-09-09T08:23:00.000Z,2026-09-09T11:23:00,13.51,13.57,13.51,13.57,1450
2026-09-09T08:24:00.000Z,2026-09-09T11:24:00,13.51,13.51,13.51,13.51,470
2026-09-09T08:25:00.000Z,2026-09-09T11:25:00,13.51,13.51,13.51,13.51,1000
2026-09-09T08:26:00.000Z,2026-09-09T11:26:00,13.57,13.65,13.57,13.65,64356
2026-09-09T08:27:00.000Z,2026-09-09T11:27:00,13.65,13.7,13.65,13.7,33042
2026-09-09T08:28:00.000Z,2026-09-09T11:28:00,13.69,13.8,13.69,13.8,30785
2026-09-09T08:29:00.000Z,2026-09-09T11:29:00,13.78,13.8,13.76,13.76,26000
2026-09-09T08:30:00.000Z,2026-09-09T11:30:00,13.77,13.77,13.7,13.7,18248
2026-09-09T08:32:00.000Z,2026-09-09T11:32:00,13.7,13.7,13.7,13.7,1911
2026-09-09T08:35:00.000Z,2026-09-09T11:35:00,13.7,13.7,13.7,13.7,3
2026-09-09T08:36:00.000Z,2026-09-09T11:36:00,13.7,13.7,13.65,13.65,440
2026-09-09T08:37:00.000Z,2026-09-09T11:37:00,13.65,13.65,13.64,13.64,6173
2026-09-09T08:38:00.000Z,2026-09-09T11:38:00,13.65,13.7,13.64,13.7,13160
2026-09-09T08:39:00.000Z,2026-09-09T11:39:00,13.7,13.7,13.7,13.7,1492
2026-09-09T08:40:00.000Z,2026-09-09T11:40:00,13.7,13.7,13.7,13.7,4311
2026-09-09T08:41:00.000Z,2026-09-09T11:41:00,13.65,13.65,13.65,13.65,653
2026-09-09T08:44:00.000Z,2026-09-09T11:44:00,13.69,13.69,13.67,13.67,1460
2026-09-09T08:45:00.000Z,2026-09-09T11:45:00,13.67,13.67,13.67,13.67,1145
2026-09-09T08:46:00.000Z,2026-09-09T11:46:00,13.67,13.67,13.67,13.67,1000
2026-09-09T08:48:00.000Z,2026-09-09T11:48:00,13.67,13.67,13.63,13.63,8167
2026-09-09T08:49:00.000Z,2026-09-09T11:49:00,13.7,13.7,13.63,13.63,921
2026-09-09T08:50:00.000Z,2026-09-09T11:50:00,13.63,13.69,13.63,13.69,407
2026-09-09T08:51:00.000Z,2026-09-09T11:51:00,13.65,13.65,13.58,13.58,666
2026-09-09T08:54:00.000Z,2026-09-09T11:54:00,13.62,13.62,13.58,13.58,320
2026-09-09T08:55:00.000Z,2026-09-09T11:55:00,13.58,13.58,13.58,13.58,2075
2026-09-09T08:56:00.000Z,2026-09-09T11:56:00,13.62,13.62,13.6,13.6,448
2026-09-09T08:57:00.000Z,2026-09-09T11:57:00,13.6,13.6,13.6,13.6,6356
2026-09-09T08:58:00.000Z,2026-09-09T11:58:00,13.62,13.62,13.58,13.58,6149
2026-09-09T09:00:00.000Z,2026-09-09T12:00:00,13.6,13.6,13.6,13.6,905
2026-09-09T09:01:00.000Z,2026-09-09T12:01:00,13.6,13.62,13.6,13.6,5083
2026-09-09T09:02:00.000Z,2026-09-09T12:02:00,13.6,13.6,13.56,13.56,21211
2026-09-09T09:03:00.000Z,2026-09-09T12:03:00,13.56,13.67,13.56,13.67,3055
2026-09-09T09:05:00.000Z,2026-09-09T12:05:00,13.62,13.62,13.56,13.56,3000
2026-09-09T09:06:00.000Z,2026-09-09T12:06:00,13.62,13.62,13.56,13.56,1349
2026-09-09T09:07:00.000Z,2026-09-09T12:07:00,13.57,13.57,13.56,13.56,1000
2026-09-09T09:08:00.000Z,2026-09-09T12:08:00,13.57,13.64,13.57,13.64,97
2026-09-09T09:11:00.000Z,2026-09-09T12:11:00,13.57,13.57,13.57,13.57,4316
2026-09-09T09:12:00.000Z,2026-09-09T12:12:00,13.56,13.56,13.56,13.56,10724
2026-09-09T09:13:00.000Z,2026-09-09T12:13:00,13.56,13.56,13.55,13.55,5746
2026-09-09T09:14:00.000Z,2026-09-09T12:14:00,13.55,13.56,13.55,13.55,5596
2026-09-09T09:16:00.000Z,2026-09-09T12:16:00,13.55,13.55,13.55,13.55,3900
2026-09-09T09:17:00.000Z,2026-09-09T12:17:00,13.55,13.55,13.51,13.51,8030
2026-09-09T09:18:00.000Z,2026-09-09T12:18:00,13.61,13.61,13.61,13.61,1000
2026-09-09T09:20:00.000Z,2026-09-09T12:20:00,13.52,13.52,13.51,13.51,2200
2026-09-09T09:21:00.000Z,2026-09-09T12:21:00,13.51,13.59,13.51,13.59,1900
2026-09-09T09:25:00.000Z,2026-09-09T12:25:00,13.52,13.58,13.5,13.5,32012
2026-09-09T09:26:00.000Z,2026-09-09T12:26:00,13.47,13.47,13.45,13.45,27421
2026-09-09T09:27:00.000Z,2026-09-09T12:27:00,13.5,13.5,13.5,13.5,20104
2026-09-09T09:29:00.000Z,2026-09-09T12:29:00,13.5,13.52,13.5,13.52,116
2026-09-09T09:30:00.000Z,2026-09-09T12:30:00,13.52,13.52,13.52,13.52,130
2026-09-09T09:31:00.000Z,2026-09-09T12:31:00,13.52,13.52,13.52,13.52,3085
2026-09-09T09:32:00.000Z,2026-09-09T12:32:00,13.52,13.52,13.52,13.52,150
2026-09-09T09:33:00.000Z,2026-09-09T12:33:00,13.52,13.52,13.52,13.52,170
2026-09-09T09:34:00.000Z,2026-09-09T12:34:00,13.52,13.52,13.52,13.52,1249
2026-09-09T09:35:00.000Z,2026-09-09T12:35:00,13.5,13.57,13.5,13.57,20000
2026-09-09T09:36:00.000Z,2026-09-09T12:36:00,13.5,13.5,13.5,13.5,2500
2026-09-09T09:37:00.000Z,2026-09-09T12:37:00,13.52,13.52,13.52,13.52,3985
2026-09-09T09:38:00.000Z,2026-09-09T12:38:00,13.57,13.57,13.57,13.57,2407
2026-09-09T09:40:00.000Z,2026-09-09T12:40:00,13.57,13.57,13.57,13.57,17
2026-09-09T09:41:00.000Z,2026-09-09T12:41:00,13.59,13.65,13.59,13.65,16254
2026-09-09T09:42:00.000Z,2026-09-09T12:42:00,13.6,13.6,13.6,13.6,1137
2026-09-09T09:43:00.000Z,2026-09-09T12:43:00,13.6,13.6,13.6,13.6,3363
2026-09-09T09:44:00.000Z,2026-09-09T12:44:00,13.6,13.6,13.6,13.6,1192
2026-09-09T09:50:00.000Z,2026-09-09T12:50:00,13.57,13.57,13.5,13.5,2019
2026-09-09T09:52:00.000Z,2026-09-09T12:52:00,13.5,13.5,13.5,13.5,269
2026-09-09T09:53:00.000Z,2026-09-09T12:53:00,13.5,13.5,13.5,13.5,2000
2026-09-09T09:54:00.000Z,2026-09-09T12:54:00,13.59,13.59,13.59,13.59,1860
2026-09-09T09:55:00.000Z,2026-09-09T12:55:00,13.51,13.51,13.5,13.5,1468
2026-09-09T09:56:00.000Z,2026-09-09T12:56:00,13.5,13.59,13.49,13.59,4822
2026-09-09T09:57:00.000Z,2026-09-09T12:57:00,13.58,13.59,13.58,13.59,2771
2026-09-09T10:00:00.000Z,2026-09-09T13:00:00,13.5,13.5,13.47,13.47,6990
2026-09-09T10:01:00.000Z,2026-09-09T13:01:00,13.47,13.47,13.46,13.46,1000
2026-09-09T10:02:00.000Z,2026-09-09T13:02:00,13.5,13.5,13.5,13.5,1
2026-09-09T10:03:00.000Z,2026-09-09T13:03:00,13.47,13.47,13.47,13.47,541
2026-09-09T10:07:00.000Z,2026-09-09T13:07:00,13.47,13.47,13.41,13.41,30000
2026-09-09T10:08:00.000Z,2026-09-09T13:08:00,13.41,13.5,13.41,13.5,175
2026-09-09T10:09:00.000Z,2026-09-09T13:09:00,13.5,13.5,13.41,13.41,5000
2026-09-09T10:10:00.000Z,2026-09-09T13:10:00,13.43,13.43,13.43,13.43,1598
2026-09-09T10:11:00.000Z,2026-09-09T13:11:00,13.43,13.58,13.43,13.58,4595
2026-09-09T10:12:00.000Z,2026-09-09T13:12:00,13.58,13.59,13.58,13.59,15255
2026-09-09T10:13:00.000Z,2026-09-09T13:13:00,13.59,13.6,13.44,13.44,1858
2026-09-09T10:18:00.000Z,2026-09-09T13:18:00,13.44,13.44,13.44,13.44,100
2026-09-09T10:20:00.000Z,2026-09-09T13:20:00,13.44,13.44,13.44,13.44,1000
2026-09-09T10:21:00.000Z,2026-09-09T13:21:00,13.47,13.47,13.44,13.44,2928
2026-09-09T10:22:00.000Z,2026-09-09T13:22:00,13.44,13.44,13.44,13.44,963
2026-09-09T10:23:00.000Z,2026-09-09T13:23:00,13.44,13.5,13.44,13.5,3700
2026-09-09T10:24:00.000Z,2026-09-09T13:24:00,13.5,13.5,13.5,13.5,7
2026-09-09T10:25:00.000Z,2026-09-09T13:25:00,13.5,13.5,13.5,13.5,219
2026-09-09T10:26:00.000Z,2026-09-09T13:26:00,13.5,13.5,13.5,13.5,242
2026-09-09T10:29:00.000Z,2026-09-09T13:29:00,13.5,13.5,13.5,13.5,37
2026-09-09T10:30:00.000Z,2026-09-09T13:30:00,13.45,13.45,13.43,13.43,6655
2026-09-09T10:32:00.000Z,2026-09-09T13:32:00,13.42,13.42,13.42,13.42,3845
2026-09-09T10:33:00.000Z,2026-09-09T13:33:00,13.43,13.43,13.42,13.42,4409
2026-09-09T10:35:00.000Z,2026-09-09T13:35:00,13.41,13.41,13.38,13.38,34024
2026-09-09T10:37:00.000Z,2026-09-09T13:37:00,13.38,13.38,13.38,13.38,2500
2026-09-09T10:39:00.000Z,2026-09-09T13:39:00,13.38,13.38,13.38,13.38,2500
2026-09-09T10:40:00.000Z,2026-09-09T13:40:00,13.4,13.4,13.38,13.38,664
2026-09-09T10:41:00.000Z,2026-09-09T13:41:00,13.38,13.4,13.38,13.4,12709
2026-09-09T10:42:00.000Z,2026-09-09T13:42:00,13.43,13.49,13.43,13.49,234
2026-09-09T10:43:00.000Z,2026-09-09T13:43:00,13.4,13.4,13.4,13.4,400
2026-09-09T10:44:00.000Z,2026-09-09T13:44:00,13.4,13.4,13.4,13.4,1000
2026-09-09T10:45:00.000Z,2026-09-09T13:45:00,13.41,13.41,13.39,13.39,5078
2026-09-09T10:46:00.000Z,2026-09-09T13:46:00,13.4,13.4,13.2,13.2,71590
2026-09-09T10:47:00.000Z,2026-09-09T13:47:00,13.2,13.4,13.2,13.4,8066
2026-09-09T10:50:00.000Z,2026-09-09T13:50:00,13.39,13.4,13.37,13.37,11996
2026-09-09T10:51:00.000Z,2026-09-09T13:51:00,13.37,13.4,13.37,13.38,34466
2026-09-09T10:53:00.000Z,2026-09-09T13:53:00,13.4,13.4,13.4,13.4,3209
2026-09-09T10:54:00.000Z,2026-09-09T13:54:00,13.4,13.4,13.4,13.4,14334
2026-09-09T10:55:00.000Z,2026-09-09T13:55:00,13.38,13.38,13.38,13.38,1000
2026-09-09T10:57:00.000Z,2026-09-09T13:57:00,13.38,13.38,13.38,13.38,528
2026-09-09T10:58:00.000Z,2026-09-09T13:58:00,13.37,13.37,13.3,13.3,35936
2026-09-09T10:59:00.000Z,2026-09-09T13:59:00,13.31,13.31,13.3,13.3,8577
2026-09-09T11:00:00.000Z,2026-09-09T14:00:00,13.37,13.37,13.3,13.3,12467
2026-09-09T11:01:00.000Z,2026-09-09T14:01:00,13.3,13.3,13.3,13.3,3000
2026-09-09T11:03:00.000Z,2026-09-09T14:03:00,13.28,13.28,13.25,13.25,34983
2026-09-09T11:04:00.000Z,2026-09-09T14:04:00,13.25,13.25,13.25,13.25,661
2026-09-09T11:06:00.000Z,2026-09-09T14:06:00,13.3,13.3,13.26,13.26,10120
2026-09-09T11:07:00.000Z,2026-09-09T14:07:00,13.3,13.3,13.3,13.3,1411
2026-09-09T11:08:00.000Z,2026-09-09T14:08:00,13.3,13.3,13.28,13.3,5937
2026-09-09T11:09:00.000Z,2026-09-09T14:09:00,13.35,13.4,13.35,13.4,2000
2026-09-09T11:10:00.000Z,2026-09-09T14:10:00,13.4,13.47,13.4,13.45,3686
2026-09-09T11:11:00.000Z,2026-09-09T14:11:00,13.44,13.44,13.35,13.35,5029
2026-09-09T11:12:00.000Z,2026-09-09T14:12:00,13.4,13.44,13.37,13.43,4021
2026-09-09T11:13:00.000Z,2026-09-09T14:13:00,13.38,13.38,13.3,13.3,104461
2026-09-09T11:14:00.000Z,2026-09-09T14:14:00,13.3,13.43,13.22,13.42,57543
2026-09-09T11:25:00.000Z,2026-09-09T14:25:00,13.23,13.23,13.23,13.23,97600
2026-09-09T11:26:00.000Z,2026-09-09T14:26:00,13.23,13.23,13.23,13.23,3055
2026-09-09T11:27:00.000Z,2026-09-09T14:27:00,13.23,13.23,13.23,13.23,3004
2026-09-09T11:29:00.000Z,2026-09-09T14:29:00,13.23,13.23,13.23,13.23,12500
2026-09-10T07:00:00.000Z,2026-09-10T10:00:00,13.36,13.48,13.36,13.4,11057
2026-09-10T07:02:00.000Z,2026-09-10T10:02:00,13.32,13.47,13.31,13.47,20900
2026-09-10T07:03:00.000Z,2026-09-10T10:03:00,13.39,13.41,13.3,13.35,16659
2026-09-10T07:04:00.000Z,2026-09-10T10:04:00,13.35,13.35,13.25,13.25,25491
2026-09-10T07:05:00.000Z,2026-09-10T10:05:00,13.3,13.3,13.24,13.24,21058
2026-09-10T07:06:00.000Z,2026-09-10T10:06:00,13.3,13.3,13.3,13.3,26279
2026-09-10T07:07:00.000Z,2026-09-10T10:07:00,13.3,13.3,13.3,13.3,6250
2026-09-10T07:08:00.000Z,2026-09-10T10:08:00,13.3,13.3,13.3,13.3,11
2026-09-10T07:09:00.000Z,2026-09-10T10:09:00,13.31,13.31,13.31,13.31,1000
2026-09-10T07:10:00.000Z,2026-09-10T10:10:00,13.3,13.3,13.3,13.3,10341
2026-09-10T07:11:00.000Z,2026-09-10T10:11:00,13.31,13.4,13.31,13.4,12000
2026-09-10T07:18:00.000Z,2026-09-10T10:18:00,13.39,13.39,13.39,13.39,710
2026-09-10T07:19:00.000Z,2026-09-10T10:19:00,13.4,13.4,13.4,13.4,9957
2026-09-10T07:23:00.000Z,2026-09-10T10:23:00,13.4,13.4,13.34,13.35,1165
2026-09-10T07:24:00.000Z,2026-09-10T10:24:00,13.35,13.35,13.31,13.31,4500
2026-09-10T07:26:00.000Z,2026-09-10T10:26:00,13.44,13.44,13.35,13.35,1852
2026-09-10T07:27:00.000Z,2026-09-10T10:27:00,13.35,13.35,13.31,13.35,16390
2026-09-10T07:29:00.000Z,2026-09-10T10:29:00,13.35,13.35,13.31,13.31,29401
2026-09-10T07:30:00.000Z,2026-09-10T10:30:00,13.35,13.35,13.28,13.28,9999
2026-09-10T07:33:00.000Z,2026-09-10T10:33:00,13.35,13.35,13.35,13.35,602
2026-09-10T07:34:00.000Z,2026-09-10T10:34:00,13.3,13.3,13.28,13.28,27397
2026-09-10T07:35:00.000Z,2026-09-10T10:35:00,13.3,13.3,13.28,13.28,3013
2026-09-10T07:36:00.000Z,2026-09-10T10:36:00,13.27,13.27,13.25,13.25,37987
2026-09-10T07:37:00.000Z,2026-09-10T10:37:00,13.26,13.26,13.25,13.25,3684
2026-09-10T07:38:00.000Z,2026-09-10T10:38:00,13.25,13.25,13.23,13.23,19350
2026-09-10T07:39:00.000Z,2026-09-10T10:39:00,13.24,13.25,13.24,13.25,5923
2026-09-10T07:40:00.000Z,2026-09-10T10:40:00,13.25,13.25,13.24,13.24,3021
2026-09-10T07:41:00.000Z,2026-09-10T10:41:00,13.25,13.25,13.25,13.25,590
2026-09-10T07:42:00.000Z,2026-09-10T10:42:00,13.37,13.37,13.37,13.37,4410
2026-09-10T07:45:00.000Z,2026-09-10T10:45:00,13.37,13.45,13.37,13.45,53135
2026-09-10T07:46:00.000Z,2026-09-10T10:46:00,13.42,13.42,13.42,13.42,1049
2026-09-10T07:47:00.000Z,2026-09-10T10:47:00,13.35,13.35,13.35,13.35,314
2026-09-10T07:48:00.000Z,2026-09-10T10:48:00,13.42,13.42,13.42,13.42,9470
2026-09-10T07:49:00.000Z,2026-09-10T10:49:00,13.35,13.35,13.3,13.3,3435
2026-09-10T07:51:00.000Z,2026-09-10T10:51:00,13.31,13.31,13.3,13.3,2111
2026-09-10T07:52:00.000Z,2026-09-10T10:52:00,13.3,13.3,13.3,13.3,1662
2026-09-10T07:55:00.000Z,2026-09-10T10:55:00,13.35,13.35,13.35,13.35,1
2026-09-10T07:56:00.000Z,2026-09-10T10:56:00,13.35,13.35,13.34,13.34,1001
2026-09-10T07:57:00.000Z,2026-09-10T10:57:00,13.31,13.31,13.3,13.3,3130
2026-09-10T07:58:00.000Z,2026-09-10T10:58:00,13.29,13.29,13.28,13.28,18348
2026-09-10T08:02:00.000Z,2026-09-10T11:02:00,13.26,13.26,13.26,13.26,6600
2026-09-10T08:04:00.000Z,2026-09-10T11:04:00,13.27,13.27,13.26,13.26,9541
2026-09-10T08:05:00.000Z,2026-09-10T11:05:00,13.25,13.25,13.25,13.25,2800
2026-09-10T08:06:00.000Z,2026-09-10T11:06:00,13.26,13.26,13.26,13.26,600
2026-09-10T08:07:00.000Z,2026-09-10T11:07:00,13.25,13.26,12.9,13.07,199348
2026-09-10T08:08:00.000Z,2026-09-10T11:08:00,13.11,13.12,13.1,13.1,3230
2026-09-10T08:09:00.000Z,2026-09-10T11:09:00,13.1,13.1,13.07,13.07,2517
2026-09-10T08:10:00.000Z,2026-09-10T11:10:00,13.08,13.18,13.08,13.18,9220
2026-09-10T08:11:00.000Z,2026-09-10T11:11:00,13.08,13.1,13.05,13.05,36075
2026-09-10T08:12:00.000Z,2026-09-10T11:12:00,13.1,13.1,13.01,13.1,19428
2026-09-10T08:14:00.000Z,2026-09-10T11:14:00,13.1,13.1,13.1,13.1,2475
2026-09-10T08:15:00.000Z,2026-09-10T11:15:00,13.03,13.03,13,13.01,55057
2026-09-10T08:16:00.000Z,2026-09-10T11:16:00,13.01,13.01,13.01,13.01,139
2026-09-10T08:17:00.000Z,2026-09-10T11:17:00,13.1,13.1,13.1,13.1,2000
2026-09-10T08:18:00.000Z,2026-09-10T11:18:00,13.05,13.05,13.05,13.05,100
2026-09-10T08:20:00.000Z,2026-09-10T11:20:00,13.05,13.05,13.01,13.01,2000
2026-09-10T08:21:00.000Z,2026-09-10T11:21:00,13.01,13.01,13.01,13.01,3561
2026-09-10T08:22:00.000Z,2026-09-10T11:22:00,13.01,13.01,12.98,12.98,7816
2026-09-10T08:23:00.000Z,2026-09-10T11:23:00,13.1,13.1,13.09,13.09,1690
2026-09-10T08:24:00.000Z,2026-09-10T11:24:00,12.99,12.99,12.99,12.99,1000
2026-09-10T08:25:00.000Z,2026-09-10T11:25:00,13.08,13.08,13.08,13.08,145
2026-09-10T08:27:00.000Z,2026-09-10T11:27:00,13.07,13.08,13,13,6797
2026-09-10T08:28:00.000Z,2026-09-10T11:28:00,12.99,12.99,12.98,12.98,11275
2026-09-10T08:29:00.000Z,2026-09-10T11:29:00,13,13,12.98,12.98,121
2026-09-10T08:30:00.000Z,2026-09-10T11:30:00,12.97,12.97,12.97,12.97,1
2026-09-10T08:31:00.000Z,2026-09-10T11:31:00,12.99,12.99,12.97,12.97,2650
2026-09-10T08:32:00.000Z,2026-09-10T11:32:00,12.97,13,12.97,13,12572
2026-09-10T08:33:00.000Z,2026-09-10T11:33:00,13,13,12.97,12.97,1050
2026-09-10T08:34:00.000Z,2026-09-10T11:34:00,13,13,13,13,1000
2026-09-10T08:35:00.000Z,2026-09-10T11:35:00,12.98,12.98,12.98,12.98,391
2026-09-10T08:36:00.000Z,2026-09-10T11:36:00,13,13,13,13,784
2026-09-10T08:37:00.000Z,2026-09-10T11:37:00,13,13,13,13,4731
2026-09-10T08:40:00.000Z,2026-09-10T11:40:00,13.01,13.01,13,13,3444
2026-09-10T08:41:00.000Z,2026-09-10T11:41:00,13,13,13,13,800
2026-09-10T08:42:00.000Z,2026-09-10T11:42:00,13,13,13,13,5000
2026-09-10T08:47:00.000Z,2026-09-10T11:47:00,13,13,13,13,293
2026-09-10T08:52:00.000Z,2026-09-10T11:52:00,13.06,13.06,13,13,288
2026-09-10T08:53:00.000Z,2026-09-10T11:53:00,13,13,13,13,3583
2026-09-10T08:55:00.000Z,2026-09-10T11:55:00,13,13,13,13,1248
2026-09-10T08:57:00.000Z,2026-09-10T11:57:00,12.99,12.99,12.99,12.99,1100
2026-09-10T08:59:00.000Z,2026-09-10T11:59:00,12.99,13,12.99,13,1400
2026-09-10T09:00:00.000Z,2026-09-10T12:00:00,12.98,12.98,12.98,12.98,30
2026-09-10T09:01:00.000Z,2026-09-10T12:01:00,13,13,13,13,7
2026-09-10T09:02:00.000Z,2026-09-10T12:02:00,13.08,13.1,13.08,13.1,20267
2026-09-10T09:04:00.000Z,2026-09-10T12:04:00,13.06,13.06,13.06,13.06,1000
2026-09-10T09:05:00.000Z,2026-09-10T12:05:00,13.12,13.13,13.1,13.1,11935
2026-09-10T09:06:00.000Z,2026-09-10T12:06:00,13.13,13.13,13.13,13.13,900
2026-09-10T09:07:00.000Z,2026-09-10T12:07:00,13.13,13.14,13.1,13.1,10570
2026-09-10T09:08:00.000Z,2026-09-10T12:08:00,13.15,13.15,13.15,13.15,16644
2026-09-10T09:09:00.000Z,2026-09-10T12:09:00,13.15,13.15,13.15,13.15,2109
2026-09-10T09:10:00.000Z,2026-09-10T12:10:00,13.15,13.15,13.15,13.15,2000
2026-09-10T09:11:00.000Z,2026-09-10T12:11:00,13.15,13.15,13.15,13.15,2404
2026-09-10T09:18:00.000Z,2026-09-10T12:18:00,13.03,13.03,13.03,13.03,1444
2026-09-10T09:19:00.000Z,2026-09-10T12:19:00,13.1,13.1,13.1,13.1,115
2026-09-10T09:20:00.000Z,2026-09-10T12:20:00,13.03,13.03,13.03,13.03,909
2026-09-10T09:22:00.000Z,2026-09-10T12:22:00,13.05,13.05,13.01,13.01,20000
2026-09-10T09:23:00.000Z,2026-09-10T12:23:00,13.01,13.01,13.01,13.01,5592
2026-09-10T09:24:00.000Z,2026-09-10T12:24:00,13.05,13.05,13.05,13.05,3912
2026-09-10T09:26:00.000Z,2026-09-10T12:26:00,13.08,13.08,13.08,13.08,1000
2026-09-10T09:27:00.000Z,2026-09-10T12:27:00,13.09,13.1,13.09,13.1,9885
2026-09-10T09:28:00.000Z,2026-09-10T12:28:00,13.1,13.1,13.1,13.1,1203
2026-09-10T09:29:00.000Z,2026-09-10T12:29:00,13.05,13.05,13,13,6297
2026-09-10T09:30:00.000Z,2026-09-10T12:30:00,12.98,12.98,12.81,12.81,85000
2026-09-10T09:31:00.000Z,2026-09-10T12:31:00,12.84,12.84,12.83,12.83,9503
2026-09-10T09:32:00.000Z,2026-09-10T12:32:00,12.95,12.95,12.95,12.95,4460
2026-09-10T09:33:00.000Z,2026-09-10T12:33:00,13,13,13,13,1677
2026-09-10T09:35:00.000Z,2026-09-10T12:35:00,12.98,12.98,12.98,12.98,631
2026-09-10T09:37:00.000Z,2026-09-10T12:37:00,12.9,12.9,12.9,12.9,300
2026-09-10T09:39:00.000Z,2026-09-10T12:39:00,12.98,13,12.98,13,10000
2026-09-10T09:41:00.000Z,2026-09-10T12:41:00,13,13,13,13,2000
2026-09-10T09:42:00.000Z,2026-09-10T12:42:00,13,13,13,13,1525
2026-09-10T09:43:00.000Z,2026-09-10T12:43:00,12.99,13,12.99,13,6000
2026-09-10T09:45:00.000Z,2026-09-10T12:45:00,13,13,13,13,35
2026-09-10T09:46:00.000Z,2026-09-10T12:46:00,12.96,13,12.96,13,2199
2026-09-10T09:47:00.000Z,2026-09-10T12:47:00,13,13,13,13,2300
2026-09-10T09:48:00.000Z,2026-09-10T12:48:00,13,13,13,13,11262
2026-09-10T09:49:00.000Z,2026-09-10T12:49:00,13,13,13,13,5500
2026-09-10T09:51:00.000Z,2026-09-10T12:51:00,13,13,13,13,6359
2026-09-10T09:57:00.000Z,2026-09-10T12:57:00,12.96,12.96,12.96,12.96,1110
2026-09-10T10:00:00.000Z,2026-09-10T13:00:00,12.96,12.96,12.96,12.96,8
2026-09-10T10:01:00.000Z,2026-09-10T13:01:00,12.96,12.96,12.96,12.96,901
2026-09-10T10:02:00.000Z,2026-09-10T13:02:00,12.96,12.96,12.94,12.94,85
2026-09-10T10:03:00.000Z,2026-09-10T13:03:00,12.94,12.94,12.94,12.94,3421
2026-09-10T10:04:00.000Z,2026-09-10T13:04:00,12.94,12.94,12.94,12.94,563
2026-09-10T10:05:00.000Z,2026-09-10T13:05:00,12.94,12.94,12.94,12.94,1175
2026-09-10T10:06:00.000Z,2026-09-10T13:06:00,12.94,12.94,12.81,12.81,53030
2026-09-10T10:15:00.000Z,2026-09-10T13:15:00,12.94,12.94,12.94,12.94,12
2026-09-10T10:21:00.000Z,2026-09-10T13:21:00,12.87,12.87,12.87,12.87,800
2026-09-10T10:22:00.000Z,2026-09-10T13:22:00,12.87,12.9,12.87,12.9,666
2026-09-10T10:24:00.000Z,2026-09-10T13:24:00,12.88,12.88,12.88,12.88,450
2026-09-10T10:26:00.000Z,2026-09-10T13:26:00,12.88,12.9,12.88,12.88,684
2026-09-10T10:30:00.000Z,2026-09-10T13:30:00,12.88,12.88,12.88,12.88,443
2026-09-10T10:31:00.000Z,2026-09-10T13:31:00,12.9,12.9,12.9,12.9,35
2026-09-10T10:32:00.000Z,2026-09-10T13:32:00,12.88,12.88,12.85,12.85,3749
2026-09-10T10:33:00.000Z,2026-09-10T13:33:00,12.89,12.89,12.86,12.86,60
2026-09-10T10:34:00.000Z,2026-09-10T13:34:00,12.86,12.86,12.86,12.86,200
2026-09-10T10:35:00.000Z,2026-09-10T13:35:00,12.86,12.9,12.86,12.9,2950
2026-09-10T10:36:00.000Z,2026-09-10T13:36:00,12.9,12.9,12.9,12.9,1000
2026-09-10T10:39:00.000Z,2026-09-10T13:39:00,12.86,12.9,12.86,12.9,2573
2026-09-10T10:40:00.000Z,2026-09-10T13:40:00,12.9,12.9,12.9,12.9,1522
2026-09-10T10:41:00.000Z,2026-09-10T13:41:00,12.86,12.86,12.83,12.83,20100
2026-09-10T10:42:00.000Z,2026-09-10T13:42:00,12.88,12.88,12.88,12.88,803
2026-09-10T10:43:00.000Z,2026-09-10T13:43:00,12.83,12.83,12.83,12.83,2000
2026-09-10T10:44:00.000Z,2026-09-10T13:44:00,12.88,12.88,12.88,12.88,43
2026-09-10T10:45:00.000Z,2026-09-10T13:45:00,12.83,12.88,12.83,12.88,12437
2026-09-10T10:46:00.000Z,2026-09-10T13:46:00,12.88,12.88,12.88,12.88,681
2026-09-10T10:47:00.000Z,2026-09-10T13:47:00,12.91,12.92,12.91,12.92,5684
2026-09-10T10:48:00.000Z,2026-09-10T13:48:00,12.88,12.88,12.82,12.82,22587
2026-09-10T10:50:00.000Z,2026-09-10T13:50:00,12.9,12.9,12.85,12.85,3050
2026-09-10T10:51:00.000Z,2026-09-10T13:51:00,12.85,12.85,12.85,12.85,450
2026-09-10T10:53:00.000Z,2026-09-10T13:53:00,12.85,12.85,12.85,12.85,50
2026-09-10T10:58:00.000Z,2026-09-10T13:58:00,12.86,12.9,12.86,12.9,5381
2026-09-10T10:59:00.000Z,2026-09-10T13:59:00,12.89,12.9,12.85,12.85,9012
2026-09-10T11:00:00.000Z,2026-09-10T14:00:00,12.9,12.9,12.9,12.9,2000
2026-09-10T11:01:00.000Z,2026-09-10T14:01:00,12.85,12.89,12.85,12.85,6550
2026-09-10T11:03:00.000Z,2026-09-10T14:03:00,12.85,12.85,12.85,12.85,466
2026-09-10T11:05:00.000Z,2026-09-10T14:05:00,12.85,12.85,12.85,12.85,10000
2026-09-10T11:06:00.000Z,2026-09-10T14:06:00,12.85,12.85,12.84,12.84,10000
2026-09-10T11:07:00.000Z,2026-09-10T14:07:00,12.84,12.9,12.84,12.9,1604
2026-09-10T11:08:00.000Z,2026-09-10T14:08:00,12.85,12.89,12.82,12.82,22205
2026-09-10T11:09:00.000Z,2026-09-10T14:09:00,12.82,12.83,12.8,12.8,30000
2026-09-10T11:10:00.000Z,2026-09-10T14:10:00,12.85,12.85,12.85,12.85,11
2026-09-10T11:11:00.000Z,2026-09-10T14:11:00,12.85,12.87,12.85,12.87,13189
2026-09-10T11:12:00.000Z,2026-09-10T14:12:00,12.87,12.87,12.87,12.87,5407
2026-09-10T11:13:00.000Z,2026-09-10T14:13:00,12.87,12.89,12.85,12.89,10769
2026-09-10T11:14:00.000Z,2026-09-10T14:14:00,12.87,12.89,12.85,12.89,3527
2026-09-10T11:25:00.000Z,2026-09-10T14:25:00,12.86,12.86,12.86,12.86,13703
2026-09-10T11:26:00.000Z,2026-09-10T14:26:00,12.86,12.86,12.86,12.86,3000
2026-09-10T11:27:00.000Z,2026-09-10T14:27:00,12.86,12.86,12.86,12.86,8000
2026-09-13T07:00:00.000Z,2026-09-13T10:00:00,12.98,12.98,12.98,12.98,1000
2026-09-13T07:01:00.000Z,2026-09-13T10:01:00,12.93,12.98,12.93,12.98,6602
2026-09-13T07:02:00.000Z,2026-09-13T10:02:00,12.98,13,12.98,13,3578
2026-09-13T07:03:00.000Z,2026-09-13T10:03:00,13,13,12.88,12.88,7000
2026-09-13T07:04:00.000Z,2026-09-13T10:04:00,12.89,12.89,12.89,12.89,2400
2026-09-13T07:05:00.000Z,2026-09-13T10:05:00,12.9,12.9,12.88,12.9,11866
2026-09-13T07:06:00.000Z,2026-09-13T10:06:00,12.9,12.95,12.88,12.88,12837
2026-09-13T07:07:00.000Z,2026-09-13T10:07:00,12.88,12.88,12.88,12.88,7157
2026-09-13T07:10:00.000Z,2026-09-13T10:10:00,12.9,12.9,12.9,12.9,4156
2026-09-13T07:11:00.000Z,2026-09-13T10:11:00,12.9,12.9,12.9,12.9,1049
2026-09-13T07:12:00.000Z,2026-09-13T10:12:00,12.9,12.9,12.9,12.9,2795
2026-09-13T07:13:00.000Z,2026-09-13T10:13:00,12.9,12.9,12.9,12.9,200
2026-09-13T07:14:00.000Z,2026-09-13T10:14:00,12.9,12.9,12.9,12.9,5000
2026-09-13T07:15:00.000Z,2026-09-13T10:15:00,12.89,12.89,12.89,12.89,700
2026-09-13T07:16:00.000Z,2026-09-13T10:16:00,12.9,12.9,12.9,12.9,8000
2026-09-13T07:17:00.000Z,2026-09-13T10:17:00,12.9,12.9,12.9,12.9,2926
2026-09-13T07:19:00.000Z,2026-09-13T10:19:00,12.9,12.9,12.9,12.9,168
2026-09-13T07:21:00.000Z,2026-09-13T10:21:00,12.92,12.92,12.91,12.92,2527
2026-09-13T07:22:00.000Z,2026-09-13T10:22:00,12.95,12.95,12.95,12.95,435
2026-09-13T07:29:00.000Z,2026-09-13T10:29:00,13,13,12.96,12.96,5892
2026-09-13T07:32:00.000Z,2026-09-13T10:32:00,13,13,13,13,7
2026-09-13T07:33:00.000Z,2026-09-13T10:33:00,13.01,13.01,13.01,13.01,1000
2026-09-13T07:36:00.000Z,2026-09-13T10:36:00,13.07,13.1,13.07,13.1,10000
2026-09-13T07:37:00.000Z,2026-09-13T10:37:00,13.1,13.1,13.1,13.1,3848
2026-09-13T07:38:00.000Z,2026-09-13T10:38:00,13.1,13.1,13.1,13.1,16000
2026-09-13T07:39:00.000Z,2026-09-13T10:39:00,13.09,13.1,13.09,13.1,6729
2026-09-13T07:40:00.000Z,2026-09-13T10:40:00,13.1,13.1,12.95,12.95,3899
2026-09-13T07:41:00.000Z,2026-09-13T10:41:00,12.95,12.95,12.95,12.95,36
2026-09-13T07:45:00.000Z,2026-09-13T10:45:00,13.01,13.01,13,13,3000
2026-09-13T07:49:00.000Z,2026-09-13T10:49:00,13,13,13,13,3900
2026-09-13T07:50:00.000Z,2026-09-13T10:50:00,13,13,13,13,5000
2026-09-13T07:53:00.000Z,2026-09-13T10:53:00,12.97,12.97,12.97,12.97,136
2026-09-13T07:54:00.000Z,2026-09-13T10:54:00,12.97,12.97,12.96,12.96,3855
2026-09-13T07:55:00.000Z,2026-09-13T10:55:00,13,13,13,13,21
2026-09-13T07:56:00.000Z,2026-09-13T10:56:00,13,13,13,13,163
2026-09-13T07:57:00.000Z,2026-09-13T10:57:00,13,13,13,13,78
2026-09-13T07:59:00.000Z,2026-09-13T10:59:00,12.97,12.97,12.97,12.97,293
2026-09-13T08:02:00.000Z,2026-09-13T11:02:00,12.98,12.98,12.98,12.98,238
2026-09-13T08:04:00.000Z,2026-09-13T11:04:00,12.98,12.98,12.96,12.96,9886
2026-09-13T08:05:00.000Z,2026-09-13T11:05:00,12.95,12.95,12.95,12.95,1559
2026-09-13T08:06:00.000Z,2026-09-13T11:06:00,12.95,12.95,12.95,12.95,5191
2026-09-13T08:08:00.000Z,2026-09-13T11:08:00,12.95,12.96,12.95,12.96,14385
2026-09-13T08:10:00.000Z,2026-09-13T11:10:00,12.96,12.96,12.96,12.96,850
2026-09-13T08:11:00.000Z,2026-09-13T11:11:00,12.96,12.98,12.96,12.98,230
2026-09-13T08:16:00.000Z,2026-09-13T11:16:00,12.98,12.98,12.98,12.98,400
2026-09-13T08:19:00.000Z,2026-09-13T11:19:00,12.96,12.96,12.96,12.96,5000
2026-09-13T08:23:00.000Z,2026-09-13T11:23:00,12.98,13,12.96,12.96,9068
2026-09-13T08:25:00.000Z,2026-09-13T11:25:00,12.96,12.96,12.96,12.96,600
2026-09-13T08:28:00.000Z,2026-09-13T11:28:00,13,13,13,13,38
2026-09-13T08:30:00.000Z,2026-09-13T11:30:00,12.96,12.96,12.96,12.96,1485
2026-09-13T08:31:00.000Z,2026-09-13T11:31:00,12.96,12.96,12.96,12.96,8708
2026-09-13T08:35:00.000Z,2026-09-13T11:35:00,12.96,12.96,12.96,12.96,1000
2026-09-13T08:36:00.000Z,2026-09-13T11:36:00,12.96,12.96,12.96,12.96,2412
2026-09-13T08:37:00.000Z,2026-09-13T11:37:00,12.96,12.96,12.96,12.96,5000
2026-09-13T08:39:00.000Z,2026-09-13T11:39:00,12.96,12.96,12.96,12.96,1038
2026-09-13T08:48:00.000Z,2026-09-13T11:48:00,12.96,12.96,12.95,12.95,3156
2026-09-13T08:49:00.000Z,2026-09-13T11:49:00,12.96,12.97,12.96,12.97,3435
2026-09-13T08:52:00.000Z,2026-09-13T11:52:00,12.95,12.95,12.95,12.95,944
2026-09-13T08:54:00.000Z,2026-09-13T11:54:00,12.95,12.95,12.93,12.93,1879
2026-09-13T09:01:00.000Z,2026-09-13T12:01:00,12.95,12.95,12.95,12.95,25
2026-09-13T09:09:00.000Z,2026-09-13T12:09:00,12.93,12.93,12.93,12.93,1
2026-09-13T09:13:00.000Z,2026-09-13T12:13:00,12.93,12.93,12.92,12.92,5000
2026-09-13T09:14:00.000Z,2026-09-13T12:14:00,12.92,12.92,12.92,12.92,2650
2026-09-13T09:15:00.000Z,2026-09-13T12:15:00,12.92,12.92,12.92,12.92,500
2026-09-13T09:16:00.000Z,2026-09-13T12:16:00,12.93,12.93,12.92,12.92,794
2026-09-13T09:17:00.000Z,2026-09-13T12:17:00,12.95,12.95,12.95,12.95,4056
2026-09-13T09:20:00.000Z,2026-09-13T12:20:00,12.95,12.95,12.95,12.95,169
2026-09-13T09:21:00.000Z,2026-09-13T12:21:00,12.92,12.92,12.92,12.92,1500
2026-09-13T09:26:00.000Z,2026-09-13T12:26:00,12.92,12.92,12.92,12.92,500
2026-09-13T09:27:00.000Z,2026-09-13T12:27:00,12.92,12.92,12.91,12.91,10000
2026-09-13T09:30:00.000Z,2026-09-13T12:30:00,12.92,12.92,12.92,12.92,386
2026-09-13T09:31:00.000Z,2026-09-13T12:31:00,12.92,12.92,12.92,12.92,48
2026-09-13T09:32:00.000Z,2026-09-13T12:32:00,12.92,12.92,12.92,12.92,250
2026-09-13T09:33:00.000Z,2026-09-13T12:33:00,12.95,12.95,12.95,12.95,12
2026-09-13T09:39:00.000Z,2026-09-13T12:39:00,12.92,12.92,12.92,12.92,162
2026-09-13T09:50:00.000Z,2026-09-13T12:50:00,12.95,12.95,12.92,12.92,1100
2026-09-13T09:53:00.000Z,2026-09-13T12:53:00,12.94,12.94,12.94,12.94,33
2026-09-13T09:54:00.000Z,2026-09-13T12:54:00,12.93,12.93,12.93,12.93,1263
2026-09-13T09:57:00.000Z,2026-09-13T12:57:00,12.93,12.93,12.93,12.93,737
2026-09-13T09:58:00.000Z,2026-09-13T12:58:00,12.92,12.92,12.92,12.92,763
2026-09-13T10:01:00.000Z,2026-09-13T13:01:00,12.92,12.92,12.92,12.92,1215
2026-09-13T10:02:00.000Z,2026-09-13T13:02:00,12.92,12.94,12.92,12.94,948
2026-09-13T10:07:00.000Z,2026-09-13T13:07:00,12.92,12.92,12.92,12.92,5000
2026-09-13T10:08:00.000Z,2026-09-13T13:08:00,12.92,12.92,12.92,12.92,50
2026-09-13T10:12:00.000Z,2026-09-13T13:12:00,12.92,12.92,12.92,12.92,4056
2026-09-13T10:13:00.000Z,2026-09-13T13:13:00,12.91,12.91,12.9,12.9,18160
2026-09-13T10:20:00.000Z,2026-09-13T13:20:00,12.9,12.9,12.9,12.9,12572
2026-09-13T10:21:00.000Z,2026-09-13T13:21:00,12.9,12.9,12.9,12.9,1388
2026-09-13T10:22:00.000Z,2026-09-13T13:22:00,12.9,12.9,12.9,12.9,376
2026-09-13T10:23:00.000Z,2026-09-13T13:23:00,12.9,12.9,12.9,12.9,1022
2026-09-13T10:24:00.000Z,2026-09-13T13:24:00,12.89,12.89,12.89,12.89,1286
2026-09-13T10:28:00.000Z,2026-09-13T13:28:00,12.89,12.89,12.89,12.89,6652
2026-09-13T10:29:00.000Z,2026-09-13T13:29:00,12.89,12.89,12.89,12.89,4667
2026-09-13T10:30:00.000Z,2026-09-13T13:30:00,12.89,12.89,12.89,12.89,234
2026-09-13T10:31:00.000Z,2026-09-13T13:31:00,12.9,12.9,12.86,12.86,21905
2026-09-13T10:33:00.000Z,2026-09-13T13:33:00,12.86,12.86,12.86,12.86,650
2026-09-13T10:34:00.000Z,2026-09-13T13:34:00,12.87,12.87,12.87,12.87,5845
2026-09-13T10:35:00.000Z,2026-09-13T13:35:00,12.86,12.86,12.86,12.86,5
2026-09-13T10:38:00.000Z,2026-09-13T13:38:00,12.86,12.86,12.86,12.86,179
2026-09-13T10:39:00.000Z,2026-09-13T13:39:00,12.86,12.86,12.86,12.86,1000
2026-09-13T10:42:00.000Z,2026-09-13T13:42:00,12.86,12.86,12.86,12.86,3144
2026-09-13T10:44:00.000Z,2026-09-13T13:44:00,12.86,12.86,12.86,12.86,253
2026-09-13T10:54:00.000Z,2026-09-13T13:54:00,12.86,12.86,12.86,12.86,5000
2026-09-13T10:55:00.000Z,2026-09-13T13:55:00,12.86,12.86,12.85,12.85,4929
2026-09-13T10:56:00.000Z,2026-09-13T13:56:00,12.85,12.85,12.85,12.85,155
2026-09-13T10:57:00.000Z,2026-09-13T13:57:00,12.85,12.85,12.82,12.82,7705
2026-09-13T10:59:00.000Z,2026-09-13T13:59:00,12.82,12.82,12.82,12.82,195
2026-09-13T11:05:00.000Z,2026-09-13T14:05:00,12.88,12.88,12.88,12.88,3000
2026-09-13T11:06:00.000Z,2026-09-13T14:06:00,12.83,12.88,12.82,12.88,14500
2026-09-13T11:07:00.000Z,2026-09-13T14:07:00,12.88,12.88,12.88,12.88,160
2026-09-13T11:09:00.000Z,2026-09-13T14:09:00,12.84,12.84,12.83,12.83,8500
2026-09-13T11:10:00.000Z,2026-09-13T14:10:00,12.84,12.84,12.83,12.83,6078
2026-09-13T11:11:00.000Z,2026-09-13T14:11:00,12.83,12.84,12.83,12.84,540
2026-09-13T11:12:00.000Z,2026-09-13T14:12:00,12.84,12.84,12.84,12.84,300
2026-09-13T11:25:00.000Z,2026-09-13T14:25:00,12.84,12.84,12.84,12.84,5529
2026-09-14T07:00:00.000Z,2026-09-14T10:00:00,12.85,12.85,12.85,12.85,2500
2026-09-14T07:01:00.000Z,2026-09-14T10:01:00,12.85,12.85,12.85,12.85,631
2026-09-14T07:03:00.000Z,2026-09-14T10:03:00,12.85,12.98,12.85,12.85,9166
2026-09-14T07:04:00.000Z,2026-09-14T10:04:00,12.98,12.98,12.98,12.98,95
2026-09-14T07:05:00.000Z,2026-09-14T10:05:00,12.85,12.85,12.85,12.85,64
2026-09-14T07:06:00.000Z,2026-09-14T10:06:00,12.85,12.85,12.85,12.85,893
2026-09-14T07:07:00.000Z,2026-09-14T10:07:00,12.87,12.87,12.87,12.87,5455
2026-09-14T07:08:00.000Z,2026-09-14T10:08:00,12.86,12.86,12.86,12.86,5000
2026-09-14T07:09:00.000Z,2026-09-14T10:09:00,12.87,12.87,12.87,12.87,18
2026-09-14T07:10:00.000Z,2026-09-14T10:10:00,12.85,12.94,12.77,12.94,17188
2026-09-14T07:11:00.000Z,2026-09-14T10:11:00,12.77,12.77,12.77,12.77,81
2026-09-14T07:12:00.000Z,2026-09-14T10:12:00,12.78,12.84,12.77,12.77,2580
2026-09-14T07:14:00.000Z,2026-09-14T10:14:00,12.75,12.75,12.65,12.65,26100
2026-09-14T07:15:00.000Z,2026-09-14T10:15:00,12.65,12.65,12.65,12.65,3
2026-09-14T07:16:00.000Z,2026-09-14T10:16:00,12.82,12.82,12.79,12.79,1663
2026-09-14T07:17:00.000Z,2026-09-14T10:17:00,12.7,12.7,12.7,12.7,160
2026-09-14T07:19:00.000Z,2026-09-14T10:19:00,12.71,12.71,12.71,12.71,1000
2026-09-14T07:20:00.000Z,2026-09-14T10:20:00,12.7,12.7,12.7,12.7,60
2026-09-14T07:22:00.000Z,2026-09-14T10:22:00,12.71,12.71,12.71,12.71,4904
2026-09-14T07:24:00.000Z,2026-09-14T10:24:00,12.72,12.72,12.71,12.71,2000
2026-09-14T07:27:00.000Z,2026-09-14T10:27:00,12.71,12.71,12.71,12.71,268
2026-09-14T07:31:00.000Z,2026-09-14T10:31:00,12.73,12.73,12.73,12.73,800
2026-09-14T07:36:00.000Z,2026-09-14T10:36:00,12.73,12.73,12.73,12.73,452
2026-09-14T07:38:00.000Z,2026-09-14T10:38:00,12.78,12.78,12.73,12.73,2133
2026-09-14T07:41:00.000Z,2026-09-14T10:41:00,12.73,12.73,12.72,12.72,8091
2026-09-14T07:42:00.000Z,2026-09-14T10:42:00,12.72,12.72,12.72,12.72,201
2026-09-14T07:43:00.000Z,2026-09-14T10:43:00,12.8,12.8,12.8,12.8,3
2026-09-14T07:46:00.000Z,2026-09-14T10:46:00,12.72,12.8,12.71,12.8,23790
2026-09-14T07:47:00.000Z,2026-09-14T10:47:00,12.8,12.8,12.8,12.8,407
2026-09-14T07:48:00.000Z,2026-09-14T10:48:00,12.8,12.8,12.8,12.8,156
2026-09-14T07:50:00.000Z,2026-09-14T10:50:00,12.8,12.8,12.8,12.8,1447
2026-09-14T07:51:00.000Z,2026-09-14T10:51:00,12.75,12.75,12.72,12.72,290
2026-09-14T07:54:00.000Z,2026-09-14T10:54:00,12.73,12.73,12.73,12.73,450
2026-09-14T07:56:00.000Z,2026-09-14T10:56:00,12.82,12.85,12.73,12.73,2064
2026-09-14T07:58:00.000Z,2026-09-14T10:58:00,12.73,12.74,12.73,12.73,1098
2026-09-14T08:00:00.000Z,2026-09-14T11:00:00,12.74,12.74,12.73,12.74,5964
2026-09-14T08:01:00.000Z,2026-09-14T11:01:00,12.74,12.74,12.73,12.73,562
2026-09-14T08:02:00.000Z,2026-09-14T11:02:00,12.73,12.73,12.73,12.73,1844
2026-09-14T08:03:00.000Z,2026-09-14T11:03:00,12.73,12.73,12.73,12.73,407
2026-09-14T08:05:00.000Z,2026-09-14T11:05:00,12.84,12.85,12.84,12.85,13000
2026-09-14T08:08:00.000Z,2026-09-14T11:08:00,12.76,12.76,12.76,12.76,2000
2026-09-14T08:09:00.000Z,2026-09-14T11:09:00,12.76,12.76,12.76,12.76,747
2026-09-14T08:12:00.000Z,2026-09-14T11:12:00,12.87,12.89,12.87,12.89,4866
2026-09-14T08:15:00.000Z,2026-09-14T11:15:00,12.76,12.89,12.76,12.89,10001
2026-09-14T08:20:00.000Z,2026-09-14T11:20:00,12.78,12.78,12.73,12.73,49000
2026-09-14T08:28:00.000Z,2026-09-14T11:28:00,12.75,12.75,12.75,12.75,3
2026-09-14T08:33:00.000Z,2026-09-14T11:33:00,12.82,12.82,12.82,12.82,5400
2026-09-14T08:34:00.000Z,2026-09-14T11:34:00,12.83,12.83,12.83,12.83,36
2026-09-14T08:39:00.000Z,2026-09-14T11:39:00,12.83,12.83,12.83,12.83,2000
2026-09-14T08:40:00.000Z,2026-09-14T11:40:00,12.83,12.83,12.83,12.83,750
2026-09-14T08:41:00.000Z,2026-09-14T11:41:00,12.75,12.75,12.75,12.75,101
2026-09-14T08:44:00.000Z,2026-09-14T11:44:00,12.75,12.75,12.75,12.75,10396
2026-09-14T08:46:00.000Z,2026-09-14T11:46:00,12.75,12.75,12.75,12.75,10000
2026-09-14T08:49:00.000Z,2026-09-14T11:49:00,12.75,12.75,12.75,12.75,33315
2026-09-14T09:00:00.000Z,2026-09-14T12:00:00,12.75,12.75,12.75,12.75,5000
2026-09-14T09:03:00.000Z,2026-09-14T12:03:00,12.75,12.75,12.75,12.75,102
2026-09-14T09:04:00.000Z,2026-09-14T12:04:00,12.75,12.75,12.75,12.75,400
2026-09-14T09:05:00.000Z,2026-09-14T12:05:00,12.75,12.75,12.75,12.75,11336
2026-09-14T09:07:00.000Z,2026-09-14T12:07:00,12.75,12.75,12.75,12.75,3700
2026-09-14T09:11:00.000Z,2026-09-14T12:11:00,12.76,12.76,12.72,12.72,4216
2026-09-14T09:13:00.000Z,2026-09-14T12:13:00,12.81,12.81,12.81,12.81,1
2026-09-14T09:14:00.000Z,2026-09-14T12:14:00,12.81,12.81,12.81,12.81,210
2026-09-14T09:16:00.000Z,2026-09-14T12:16:00,12.73,12.73,12.72,12.72,3000
2026-09-14T09:18:00.000Z,2026-09-14T12:18:00,12.79,12.79,12.79,12.79,2500
2026-09-14T09:19:00.000Z,2026-09-14T12:19:00,12.8,12.8,12.8,12.8,1
2026-09-14T09:20:00.000Z,2026-09-14T12:20:00,12.8,12.81,12.8,12.8,5428
2026-09-14T09:22:00.000Z,2026-09-14T12:22:00,12.81,12.81,12.81,12.81,2592
2026-09-14T09:23:00.000Z,2026-09-14T12:23:00,12.8,12.8,12.8,12.8,25
2026-09-14T09:24:00.000Z,2026-09-14T12:24:00,12.72,12.72,12.72,12.72,350
2026-09-14T09:25:00.000Z,2026-09-14T12:25:00,12.72,12.72,12.72,12.72,5000
2026-09-14T09:26:00.000Z,2026-09-14T12:26:00,12.79,13,12.79,13,122284
2026-09-14T09:27:00.000Z,2026-09-14T12:27:00,13,13,13,13,11112
2026-09-14T09:28:00.000Z,2026-09-14T12:28:00,13,13.03,13,13,71516
2026-09-14T09:29:00.000Z,2026-09-14T12:29:00,13,13,12.77,12.77,53599
2026-09-14T09:31:00.000Z,2026-09-14T12:31:00,12.99,13,12.99,13,16000
2026-09-14T09:42:00.000Z,2026-09-14T12:42:00,12.94,12.94,12.94,12.94,4
2026-09-14T09:45:00.000Z,2026-09-14T12:45:00,12.93,12.94,12.93,12.94,5000
2026-09-14T09:49:00.000Z,2026-09-14T12:49:00,12.94,12.94,12.94,12.94,1
2026-09-14T09:52:00.000Z,2026-09-14T12:52:00,12.89,12.89,12.89,12.89,1000
2026-09-14T09:55:00.000Z,2026-09-14T12:55:00,12.89,12.89,12.89,12.89,497
2026-09-14T10:00:00.000Z,2026-09-14T13:00:00,12.89,12.89,12.89,12.89,322
2026-09-14T10:07:00.000Z,2026-09-14T13:07:00,12.88,12.88,12.88,12.88,75
2026-09-14T10:12:00.000Z,2026-09-14T13:12:00,12.83,12.83,12.82,12.82,1749
2026-09-14T10:14:00.000Z,2026-09-14T13:14:00,12.84,12.94,12.84,12.94,5653
2026-09-14T10:15:00.000Z,2026-09-14T13:15:00,12.8,12.99,12.8,12.98,6616
2026-09-14T10:18:00.000Z,2026-09-14T13:18:00,12.8,12.8,12.78,12.8,2225
2026-09-14T10:20:00.000Z,2026-09-14T13:20:00,12.78,12.78,12.77,12.77,1265
2026-09-14T10:23:00.000Z,2026-09-14T13:23:00,12.77,12.77,12.75,12.75,16941
2026-09-14T10:24:00.000Z,2026-09-14T13:24:00,12.75,12.75,12.73,12.73,7886
2026-09-14T10:25:00.000Z,2026-09-14T13:25:00,12.73,12.73,12.73,12.73,786
2026-09-14T10:27:00.000Z,2026-09-14T13:27:00,12.73,12.73,12.72,12.72,3664
2026-09-14T10:33:00.000Z,2026-09-14T13:33:00,12.73,12.75,12.73,12.75,195
2026-09-14T10:34:00.000Z,2026-09-14T13:34:00,12.75,12.75,12.75,12.75,500
2026-09-14T10:38:00.000Z,2026-09-14T13:38:00,12.75,12.75,12.72,12.75,2875
2026-09-14T10:40:00.000Z,2026-09-14T13:40:00,12.74,12.74,12.74,12.74,300
2026-09-14T10:41:00.000Z,2026-09-14T13:41:00,12.72,12.72,12.71,12.72,5199
2026-09-14T10:42:00.000Z,2026-09-14T13:42:00,12.71,12.71,12.71,12.71,4768
2026-09-14T10:43:00.000Z,2026-09-14T13:43:00,12.71,12.71,12.67,12.67,37987
2026-09-14T10:44:00.000Z,2026-09-14T13:44:00,12.67,12.67,12.67,12.67,1000
2026-09-14T10:45:00.000Z,2026-09-14T13:45:00,12.75,12.75,12.75,12.75,1094
2026-09-14T10:47:00.000Z,2026-09-14T13:47:00,12.67,12.67,12.66,12.66,1300
2026-09-14T10:48:00.000Z,2026-09-14T13:48:00,12.66,12.66,12.65,12.65,18075
2026-09-14T10:49:00.000Z,2026-09-14T13:49:00,12.65,12.65,12.65,12.65,349
2026-09-14T10:50:00.000Z,2026-09-14T13:50:00,12.66,12.66,12.66,12.66,60
2026-09-14T10:51:00.000Z,2026-09-14T13:51:00,12.66,12.66,12.66,12.66,440
2026-09-14T10:57:00.000Z,2026-09-14T13:57:00,12.68,12.68,12.68,12.68,803
2026-09-14T10:58:00.000Z,2026-09-14T13:58:00,12.69,12.69,12.68,12.68,1386
2026-09-14T11:01:00.000Z,2026-09-14T14:01:00,12.68,12.68,12.65,12.65,13687
2026-09-14T11:03:00.000Z,2026-09-14T14:03:00,12.66,12.66,12.66,12.66,2500
2026-09-14T11:04:00.000Z,2026-09-14T14:04:00,12.68,12.75,12.68,12.75,395
2026-09-14T11:08:00.000Z,2026-09-14T14:08:00,12.72,12.72,12.72,12.72,11035
2026-09-14T11:09:00.000Z,2026-09-14T14:09:00,12.72,12.72,12.72,12.72,1000
2026-09-14T11:12:00.000Z,2026-09-14T14:12:00,12.72,12.72,12.72,12.72,6000
2026-09-14T11:14:00.000Z,2026-09-14T14:14:00,12.73,12.75,12.73,12.75,1299
2026-09-14T11:15:00.000Z,2026-09-14T14:15:00,12.73,12.73,12.73,12.73,6000
2026-09-14T11:25:00.000Z,2026-09-14T14:25:00,12.72,12.72,12.72,12.72,2000
2026-09-15T07:00:00.000Z,2026-09-15T10:00:00,12.72,12.72,12.72,12.72,890
2026-09-15T07:09:00.000Z,2026-09-15T10:09:00,12.73,12.73,12.73,12.73,4475
2026-09-15T07:11:00.000Z,2026-09-15T10:11:00,12.73,12.73,12.73,12.73,5000
2026-09-15T07:12:00.000Z,2026-09-15T10:12:00,12.74,12.74,12.73,12.73,1911
2026-09-15T07:15:00.000Z,2026-09-15T10:15:00,12.8,12.8,12.8,12.8,1500
2026-09-15T07:17:00.000Z,2026-09-15T10:17:00,12.82,12.9,12.82,12.9,16061
2026-09-15T07:18:00.000Z,2026-09-15T10:18:00,12.9,12.9,12.9,12.9,3337
2026-09-15T07:20:00.000Z,2026-09-15T10:20:00,12.9,13,12.9,13,102257
2026-09-15T07:21:00.000Z,2026-09-15T10:21:00,13,13,13,13,17100
2026-09-15T07:22:00.000Z,2026-09-15T10:22:00,13,13.09,12.86,13,26453
2026-09-15T07:23:00.000Z,2026-09-15T10:23:00,12.87,12.87,12.87,12.87,673
2026-09-15T07:24:00.000Z,2026-09-15T10:24:00,12.99,12.99,12.86,12.86,6240
2026-09-15T07:25:00.000Z,2026-09-15T10:25:00,12.9,12.9,12.9,12.9,500
2026-09-15T07:26:00.000Z,2026-09-15T10:26:00,12.9,13.37,12.87,12.88,97075
2026-09-15T07:27:00.000Z,2026-09-15T10:27:00,13.1,13.42,13.01,13.2,16352
2026-09-15T07:28:00.000Z,2026-09-15T10:28:00,13.33,13.33,13.2,13.2,3765
2026-09-15T07:29:00.000Z,2026-09-15T10:29:00,13.19,13.21,13.17,13.2,9492
2026-09-15T07:30:00.000Z,2026-09-15T10:30:00,13.17,13.19,13.17,13.19,2363
2026-09-15T07:31:00.000Z,2026-09-15T10:31:00,13.17,13.17,13.17,13.17,1387
2026-09-15T07:32:00.000Z,2026-09-15T10:32:00,13.17,13.34,13.17,13.34,49874
2026-09-15T07:33:00.000Z,2026-09-15T10:33:00,13.3,13.34,13.3,13.3,24177
2026-09-15T07:34:00.000Z,2026-09-15T10:34:00,13.29,13.29,13.01,13.01,31178
2026-09-15T07:35:00.000Z,2026-09-15T10:35:00,13.05,13.05,13,13,15000
2026-09-15T07:36:00.000Z,2026-09-15T10:36:00,13.01,13.01,13.01,13.01,21
2026-09-15T07:37:00.000Z,2026-09-15T10:37:00,13.22,13.22,13.22,13.22,453
2026-09-15T07:38:00.000Z,2026-09-15T10:38:00,13.22,13.22,13.02,13.02,120
2026-09-15T07:39:00.000Z,2026-09-15T10:39:00,13.03,13.2,13.02,13.2,17193
2026-09-15T07:40:00.000Z,2026-09-15T10:40:00,13.2,13.2,13.2,13.2,12208
2026-09-15T07:41:00.000Z,2026-09-15T10:41:00,13.2,13.2,13.2,13.2,275
2026-09-15T07:42:00.000Z,2026-09-15T10:42:00,13.2,13.2,13.2,13.2,1
2026-09-15T07:44:00.000Z,2026-09-15T10:44:00,13.11,13.11,13.02,13.02,4526
2026-09-15T07:45:00.000Z,2026-09-15T10:45:00,13.05,13.05,13.05,13.05,373
2026-09-15T07:48:00.000Z,2026-09-15T10:48:00,13.08,13.08,13.01,13.01,14477
2026-09-15T07:50:00.000Z,2026-09-15T10:50:00,13.05,13.05,13.05,13.05,523
2026-09-15T07:51:00.000Z,2026-09-15T10:51:00,13.05,13.05,13.05,13.05,6000
2026-09-15T07:52:00.000Z,2026-09-15T10:52:00,13.05,13.05,13.05,13.05,122
2026-09-15T07:53:00.000Z,2026-09-15T10:53:00,13.18,13.18,13.18,13.18,1346
2026-09-15T07:56:00.000Z,2026-09-15T10:56:00,13.16,13.16,13.16,13.16,39
2026-09-15T07:58:00.000Z,2026-09-15T10:58:00,13.15,13.15,13.15,13.15,1325
2026-09-15T07:59:00.000Z,2026-09-15T10:59:00,13.06,13.14,13.06,13.14,622
2026-09-15T08:00:00.000Z,2026-09-15T11:00:00,13.06,13.14,13.06,13.14,1235
2026-09-15T08:03:00.000Z,2026-09-15T11:03:00,13.06,13.06,13.06,13.06,1339
2026-09-15T08:05:00.000Z,2026-09-15T11:05:00,13.06,13.2,13.06,13.2,53355
2026-09-15T08:07:00.000Z,2026-09-15T11:07:00,13.11,13.11,13.11,13.11,1000
2026-09-15T08:09:00.000Z,2026-09-15T11:09:00,13.11,13.11,13.1,13.1,622
2026-09-15T08:14:00.000Z,2026-09-15T11:14:00,13.2,13.2,13.2,13.2,1000
2026-09-15T08:19:00.000Z,2026-09-15T11:19:00,13.19,13.19,13.19,13.19,19
2026-09-15T08:21:00.000Z,2026-09-15T11:21:00,13.19,13.19,13.19,13.19,550
2026-09-15T08:23:00.000Z,2026-09-15T11:23:00,13.18,13.18,13.18,13.18,1000
2026-09-15T08:24:00.000Z,2026-09-15T11:24:00,13.12,13.12,13.1,13.1,20000
2026-09-15T08:26:00.000Z,2026-09-15T11:26:00,13.11,13.11,13.1,13.1,3500
2026-09-15T08:27:00.000Z,2026-09-15T11:27:00,13.1,13.13,13.1,13.13,7800
2026-09-15T08:31:00.000Z,2026-09-15T11:31:00,13.1,13.1,13.1,13.1,683
2026-09-15T08:32:00.000Z,2026-09-15T11:32:00,13.07,13.1,13.07,13.1,9360
2026-09-15T08:33:00.000Z,2026-09-15T11:33:00,13.07,13.07,13.07,13.07,26
2026-09-15T08:35:00.000Z,2026-09-15T11:35:00,13.07,13.07,13.07,13.07,400
2026-09-15T08:37:00.000Z,2026-09-15T11:37:00,13.07,13.07,13.07,13.07,1500
2026-09-15T08:38:00.000Z,2026-09-15T11:38:00,13.13,13.13,13.13,13.13,5
2026-09-15T08:46:00.000Z,2026-09-15T11:46:00,13.07,13.07,13.05,13.05,1199
2026-09-15T08:47:00.000Z,2026-09-15T11:47:00,13.05,13.05,13.05,13.05,7801
2026-09-15T08:48:00.000Z,2026-09-15T11:48:00,13.05,13.05,13.03,13.03,3082
2026-09-15T08:49:00.000Z,2026-09-15T11:49:00,13.03,13.03,12.95,12.96,29870
2026-09-15T08:50:00.000Z,2026-09-15T11:50:00,12.96,12.96,12.95,12.95,5000
2026-09-15T08:51:00.000Z,2026-09-15T11:51:00,13,13,13,13,10000
2026-09-15T08:52:00.000Z,2026-09-15T11:52:00,12.97,12.97,12.95,12.95,5000
2026-09-15T08:53:00.000Z,2026-09-15T11:53:00,12.99,13,12.99,13,15117
2026-09-15T08:55:00.000Z,2026-09-15T11:55:00,12.97,12.97,12.97,12.97,100
2026-09-15T08:56:00.000Z,2026-09-15T11:56:00,13.03,13.03,13.03,13.03,1
2026-09-15T08:59:00.000Z,2026-09-15T11:59:00,12.97,12.97,12.97,12.97,500
2026-09-15T09:02:00.000Z,2026-09-15T12:02:00,12.97,12.97,12.97,12.97,2918
2026-09-15T09:06:00.000Z,2026-09-15T12:06:00,12.97,12.97,12.97,12.97,1
2026-09-15T09:12:00.000Z,2026-09-15T12:12:00,13.03,13.03,13.03,13.03,4
2026-09-15T09:15:00.000Z,2026-09-15T12:15:00,12.98,12.98,12.98,12.98,15
2026-09-15T09:34:00.000Z,2026-09-15T12:34:00,12.98,12.98,12.97,12.97,7506
2026-09-15T09:35:00.000Z,2026-09-15T12:35:00,12.97,12.97,12.97,12.97,2
2026-09-15T09:36:00.000Z,2026-09-15T12:36:00,12.97,12.97,12.9,12.9,55343
2026-09-15T09:37:00.000Z,2026-09-15T12:37:00,12.9,12.9,12.9,12.9,5000
2026-09-15T09:39:00.000Z,2026-09-15T12:39:00,12.87,12.87,12.87,12.87,2746
2026-09-15T09:41:00.000Z,2026-09-15T12:41:00,12.87,12.9,12.87,12.87,18918
2026-09-15T09:44:00.000Z,2026-09-15T12:44:00,13,13,13,13,1
2026-09-15T09:46:00.000Z,2026-09-15T12:46:00,13,13.03,13,13.03,6082
2026-09-15T09:50:00.000Z,2026-09-15T12:50:00,12.92,12.92,12.92,12.92,40
2026-09-15T09:55:00.000Z,2026-09-15T12:55:00,12.93,12.93,12.93,12.93,2000
2026-09-15T09:56:00.000Z,2026-09-15T12:56:00,12.92,12.92,12.92,12.92,4
2026-09-15T09:57:00.000Z,2026-09-15T12:57:00,12.93,12.93,12.93,12.93,390
2026-09-15T09:58:00.000Z,2026-09-15T12:58:00,12.93,12.93,12.93,12.93,610
2026-09-15T09:59:00.000Z,2026-09-15T12:59:00,12.93,12.93,12.93,12.93,1000
2026-09-15T10:06:00.000Z,2026-09-15T13:06:00,13,13,13,13,6987
2026-09-15T10:07:00.000Z,2026-09-15T13:07:00,13,13,13,13,5091
2026-09-15T10:14:00.000Z,2026-09-15T13:14:00,13,13.08,13,13.08,7
2026-09-15T10:16:00.000Z,2026-09-15T13:16:00,13,13,13,13,3197
2026-09-15T10:19:00.000Z,2026-09-15T13:19:00,13,13,13,13,1350
2026-09-15T10:20:00.000Z,2026-09-15T13:20:00,13,13,13,13,235
2026-09-15T10:21:00.000Z,2026-09-15T13:21:00,13,13,13,13,2534
2026-09-15T10:24:00.000Z,2026-09-15T13:24:00,13,13,13,13,100
2026-09-15T10:28:00.000Z,2026-09-15T13:28:00,13,13,13,13,100
2026-09-15T10:29:00.000Z,2026-09-15T13:29:00,13,13,13,13,810
2026-09-15T10:30:00.000Z,2026-09-15T13:30:00,12.95,12.95,12.94,12.94,2393
2026-09-15T10:31:00.000Z,2026-09-15T13:31:00,12.94,12.94,12.94,12.94,74
2026-09-15T10:34:00.000Z,2026-09-15T13:34:00,12.94,12.94,12.94,12.94,5
2026-09-15T10:35:00.000Z,2026-09-15T13:35:00,12.94,12.94,12.94,12.94,1187
2026-09-15T10:37:00.000Z,2026-09-15T13:37:00,12.94,12.99,12.94,12.99,621
2026-09-15T10:38:00.000Z,2026-09-15T13:38:00,12.94,12.94,12.94,12.94,2000
2026-09-15T10:39:00.000Z,2026-09-15T13:39:00,12.94,12.94,12.93,12.93,2560
2026-09-15T10:42:00.000Z,2026-09-15T13:42:00,12.93,12.93,12.93,12.93,773
2026-09-15T10:43:00.000Z,2026-09-15T13:43:00,12.94,12.94,12.94,12.94,102
2026-09-15T10:46:00.000Z,2026-09-15T13:46:00,12.95,12.95,12.93,12.93,10001
2026-09-15T10:47:00.000Z,2026-09-15T13:47:00,12.93,12.93,12.93,12.93,275
2026-09-15T10:48:00.000Z,2026-09-15T13:48:00,12.93,12.93,12.91,12.91,6093
2026-09-15T10:49:00.000Z,2026-09-15T13:49:00,12.92,12.92,12.9,12.9,34109
2026-09-15T10:50:00.000Z,2026-09-15T13:50:00,12.9,12.9,12.81,12.81,36389
2026-09-15T10:52:00.000Z,2026-09-15T13:52:00,12.83,12.83,12.75,12.75,100100
2026-09-15T10:54:00.000Z,2026-09-15T13:54:00,12.81,12.81,12.81,12.81,100
2026-09-15T10:58:00.000Z,2026-09-15T13:58:00,12.9,12.99,12.9,12.99,7556
2026-09-15T10:59:00.000Z,2026-09-15T13:59:00,12.98,12.98,12.98,12.98,1
2026-09-15T11:01:00.000Z,2026-09-15T14:01:00,12.95,12.96,12.95,12.96,2410
2026-09-15T11:03:00.000Z,2026-09-15T14:03:00,12.87,12.87,12.87,12.87,2410
2026-09-15T11:05:00.000Z,2026-09-15T14:05:00,12.93,12.93,12.93,12.93,760
2026-09-15T11:06:00.000Z,2026-09-15T14:06:00,12.93,13,12.93,13,37700
2026-09-15T11:08:00.000Z,2026-09-15T14:08:00,12.93,12.93,12.9,12.9,12800
2026-09-15T11:09:00.000Z,2026-09-15T14:09:00,12.98,12.98,12.98,12.98,1600
2026-09-15T11:10:00.000Z,2026-09-15T14:10:00,12.97,12.97,12.97,12.97,3772
2026-09-15T11:11:00.000Z,2026-09-15T14:11:00,12.97,12.97,12.92,12.92,6900
2026-09-15T11:12:00.000Z,2026-09-15T14:12:00,12.98,12.98,12.98,12.98,7
2026-09-15T11:13:00.000Z,2026-09-15T14:13:00,12.98,13,12.93,13,25705
2026-09-15T11:14:00.000Z,2026-09-15T14:14:00,12.99,13,12.99,13,68910
2026-09-15T11:25:00.000Z,2026-09-15T14:25:00,13,13,13,13,14771
2026-09-15T11:26:00.000Z,2026-09-15T14:26:00,13,13,13,13,500
2026-09-15T11:27:00.000Z,2026-09-15T14:27:00,13,13,13,13,775
2026-09-15T11:28:00.000Z,2026-09-15T14:28:00,13,13,13,13,13015
2026-09-15T11:29:00.000Z,2026-09-15T14:29:00,13,13,13,13,5000
2026-09-16T07:00:00.000Z,2026-09-16T10:00:00,13.01,13.01,12.94,13,43131
2026-09-16T07:02:00.000Z,2026-09-16T10:02:00,13,13,12.94,13,35643
2026-09-16T07:06:00.000Z,2026-09-16T10:06:00,13.1,13.1,13.1,13.1,1062
2026-09-16T07:07:00.000Z,2026-09-16T10:07:00,13.1,13.1,13.1,13.1,100
2026-09-16T07:08:00.000Z,2026-09-16T10:08:00,13.09,13.1,13.09,13.1,4846
2026-09-16T07:12:00.000Z,2026-09-16T10:12:00,13.1,13.1,13.1,13.1,2870
2026-09-16T07:14:00.000Z,2026-09-16T10:14:00,13.1,13.1,13.1,13.1,2500
2026-09-16T07:16:00.000Z,2026-09-16T10:16:00,13.1,13.1,13.1,13.1,11
2026-09-16T07:17:00.000Z,2026-09-16T10:17:00,13.04,13.04,13.03,13.03,4673
2026-09-16T07:18:00.000Z,2026-09-16T10:18:00,13.03,13.03,13.03,13.03,400
2026-09-16T07:19:00.000Z,2026-09-16T10:19:00,13.09,13.14,13.09,13.14,3219
2026-09-16T07:20:00.000Z,2026-09-16T10:20:00,13.14,13.17,13.14,13.17,10000
2026-09-16T07:22:00.000Z,2026-09-16T10:22:00,13.17,13.28,13.17,13.28,17000
2026-09-16T07:23:00.000Z,2026-09-16T10:23:00,13.2,13.2,13.2,13.2,10000
2026-09-16T07:24:00.000Z,2026-09-16T10:24:00,13.2,13.29,13.2,13.29,15200
2026-09-16T07:27:00.000Z,2026-09-16T10:27:00,13.2,13.2,13.2,13.2,10000
2026-09-16T07:28:00.000Z,2026-09-16T10:28:00,13.2,13.2,13.2,13.2,2395
2026-09-16T07:29:00.000Z,2026-09-16T10:29:00,13.2,13.2,13.2,13.2,8833
2026-09-16T07:31:00.000Z,2026-09-16T10:31:00,13.2,13.2,13.2,13.2,6914
2026-09-16T07:34:00.000Z,2026-09-16T10:34:00,13.2,13.2,13.2,13.2,14821
2026-09-16T07:36:00.000Z,2026-09-16T10:36:00,13.2,13.2,13.11,13.11,39000
2026-09-16T07:37:00.000Z,2026-09-16T10:37:00,13.11,13.11,13.1,13.1,11075
2026-09-16T07:38:00.000Z,2026-09-16T10:38:00,13.1,13.1,13.1,13.1,8925
2026-09-16T07:39:00.000Z,2026-09-16T10:39:00,13.15,13.2,13.15,13.2,13096
2026-09-16T07:40:00.000Z,2026-09-16T10:40:00,13.2,13.2,13.2,13.2,5600
2026-09-16T07:41:00.000Z,2026-09-16T10:41:00,13.2,13.2,13.2,13.2,957
2026-09-16T07:43:00.000Z,2026-09-16T10:43:00,13.2,13.2,13.2,13.2,347
2026-09-16T07:44:00.000Z,2026-09-16T10:44:00,13.2,13.4,13.2,13.4,100000
2026-09-16T07:45:00.000Z,2026-09-16T10:45:00,13.39,13.4,13.39,13.39,22255
2026-09-16T07:46:00.000Z,2026-09-16T10:46:00,13.36,13.39,13.36,13.39,11200
2026-09-16T07:48:00.000Z,2026-09-16T10:48:00,13.35,13.35,13.3,13.3,2772
2026-09-16T07:51:00.000Z,2026-09-16T10:51:00,13.3,13.3,13.21,13.21,231
2026-09-16T07:52:00.000Z,2026-09-16T10:52:00,13.22,13.22,13.22,13.22,1228
2026-09-16T07:53:00.000Z,2026-09-16T10:53:00,13.22,13.25,13.2,13.25,1010
2026-09-16T07:54:00.000Z,2026-09-16T10:54:00,13.25,13.3,13.25,13.3,16867
2026-09-16T07:55:00.000Z,2026-09-16T10:55:00,13.3,13.3,13.3,13.3,10797
2026-09-16T07:56:00.000Z,2026-09-16T10:56:00,13.35,13.36,13.3,13.3,13203
2026-09-16T07:57:00.000Z,2026-09-16T10:57:00,13.22,13.3,13.22,13.3,13590
2026-09-16T07:59:00.000Z,2026-09-16T10:59:00,13.23,13.23,13.2,13.2,25157
2026-09-16T08:00:00.000Z,2026-09-16T11:00:00,13.2,13.2,13.2,13.2,416
2026-09-16T08:01:00.000Z,2026-09-16T11:01:00,13.19,13.19,13.19,13.19,8192
2026-09-16T08:02:00.000Z,2026-09-16T11:02:00,13.2,13.35,13.19,13.35,249016
2026-09-16T08:03:00.000Z,2026-09-16T11:03:00,13.37,13.39,13.36,13.39,33568
2026-09-16T08:04:00.000Z,2026-09-16T11:04:00,13.39,13.55,13.39,13.5,177212
2026-09-16T08:05:00.000Z,2026-09-16T11:05:00,13.5,13.7,13.5,13.7,91119
2026-09-16T08:06:00.000Z,2026-09-16T11:06:00,13.7,13.73,13.6,13.6,116980
2026-09-16T08:07:00.000Z,2026-09-16T11:07:00,13.63,13.65,13.6,13.63,54263
2026-09-16T08:08:00.000Z,2026-09-16T11:08:00,13.63,13.67,13.63,13.67,10794
2026-09-16T08:09:00.000Z,2026-09-16T11:09:00,13.66,13.66,13.52,13.52,5324
2026-09-16T08:10:00.000Z,2026-09-16T11:10:00,13.55,13.61,13.55,13.6,14259
2026-09-16T08:11:00.000Z,2026-09-16T11:11:00,13.61,13.61,13.51,13.57,27322
2026-09-16T08:12:00.000Z,2026-09-16T11:12:00,13.51,13.55,13.5,13.5,37602
2026-09-16T08:13:00.000Z,2026-09-16T11:13:00,13.51,13.51,13.5,13.5,9160
2026-09-16T08:14:00.000Z,2026-09-16T11:14:00,13.5,13.54,13.49,13.54,13960
2026-09-16T08:15:00.000Z,2026-09-16T11:15:00,13.53,13.53,13.5,13.52,10180
2026-09-16T08:17:00.000Z,2026-09-16T11:17:00,13.54,13.54,13.5,13.5,6219
2026-09-16T08:18:00.000Z,2026-09-16T11:18:00,13.5,13.5,13.5,13.5,8695
2026-09-16T08:19:00.000Z,2026-09-16T11:19:00,13.48,13.48,13.38,13.39,51826
2026-09-16T08:20:00.000Z,2026-09-16T11:20:00,13.41,13.41,13.41,13.41,332
2026-09-16T08:21:00.000Z,2026-09-16T11:21:00,13.41,13.41,13.4,13.4,4100
2026-09-16T08:22:00.000Z,2026-09-16T11:22:00,13.41,13.41,13.41,13.41,1100
2026-09-16T08:23:00.000Z,2026-09-16T11:23:00,13.4,13.4,13.39,13.39,20750
2026-09-16T08:24:00.000Z,2026-09-16T11:24:00,13.46,13.46,13.41,13.41,6011
2026-09-16T08:26:00.000Z,2026-09-16T11:26:00,13.5,13.5,13.5,13.5,12703
2026-09-16T08:27:00.000Z,2026-09-16T11:27:00,13.5,13.54,13.46,13.46,5980
2026-09-16T08:28:00.000Z,2026-09-16T11:28:00,13.46,13.46,13.46,13.46,96
2026-09-16T08:29:00.000Z,2026-09-16T11:29:00,13.46,13.5,13.46,13.5,9019
2026-09-16T08:30:00.000Z,2026-09-16T11:30:00,13.5,13.5,13.5,13.5,3069
2026-09-16T08:31:00.000Z,2026-09-16T11:31:00,13.5,13.5,13.5,13.5,8278
2026-09-16T08:32:00.000Z,2026-09-16T11:32:00,13.5,13.5,13.5,13.5,280
2026-09-16T08:33:00.000Z,2026-09-16T11:33:00,13.53,13.53,13.53,13.53,800
2026-09-16T08:35:00.000Z,2026-09-16T11:35:00,13.53,13.53,13.5,13.5,2789
2026-09-16T08:36:00.000Z,2026-09-16T11:36:00,13.5,13.5,13.5,13.5,1000
2026-09-16T08:38:00.000Z,2026-09-16T11:38:00,13.5,13.5,13.5,13.5,10510
2026-09-16T08:39:00.000Z,2026-09-16T11:39:00,13.5,13.5,13.5,13.5,3325
2026-09-16T08:40:00.000Z,2026-09-16T11:40:00,13.44,13.44,13.44,13.44,1000
2026-09-16T08:41:00.000Z,2026-09-16T11:41:00,13.5,13.53,13.5,13.53,2631
2026-09-16T08:42:00.000Z,2026-09-16T11:42:00,13.53,13.53,13.53,13.53,700
2026-09-16T08:43:00.000Z,2026-09-16T11:43:00,13.47,13.47,13.47,13.47,1185
2026-09-16T08:46:00.000Z,2026-09-16T11:46:00,13.5,13.51,13.45,13.45,85556
2026-09-16T08:47:00.000Z,2026-09-16T11:47:00,13.49,13.49,13.49,13.49,250
2026-09-16T08:48:00.000Z,2026-09-16T11:48:00,13.49,13.49,13.49,13.49,12453
2026-09-16T08:49:00.000Z,2026-09-16T11:49:00,13.5,13.53,13.5,13.53,1713
2026-09-16T08:50:00.000Z,2026-09-16T11:50:00,13.53,13.53,13.53,13.53,2532
2026-09-16T08:52:00.000Z,2026-09-16T11:52:00,13.51,13.57,13.5,13.57,18072
2026-09-16T08:53:00.000Z,2026-09-16T11:53:00,13.57,13.57,13.57,13.57,4000
2026-09-16T08:54:00.000Z,2026-09-16T11:54:00,13.43,13.43,13.43,13.43,368
2026-09-16T08:55:00.000Z,2026-09-16T11:55:00,13.54,13.6,13.54,13.59,86690
2026-09-16T08:56:00.000Z,2026-09-16T11:56:00,13.59,13.6,13.59,13.6,24868
2026-09-16T08:57:00.000Z,2026-09-16T11:57:00,13.6,13.6,13.53,13.6,13999
2026-09-16T08:58:00.000Z,2026-09-16T11:58:00,13.55,13.55,13.42,13.42,11625
2026-09-16T08:59:00.000Z,2026-09-16T11:59:00,13.46,13.46,13.44,13.44,3027
2026-09-16T09:00:00.000Z,2026-09-16T12:00:00,13.44,13.44,13.44,13.44,5500
2026-09-16T09:03:00.000Z,2026-09-16T12:03:00,13.5,13.5,13.5,13.5,100
2026-09-16T09:05:00.000Z,2026-09-16T12:05:00,13.5,13.5,13.42,13.42,13000
2026-09-16T09:06:00.000Z,2026-09-16T12:06:00,13.43,13.43,13.42,13.42,12327
2026-09-16T09:07:00.000Z,2026-09-16T12:07:00,13.43,13.43,13.41,13.42,41825
2026-09-16T09:08:00.000Z,2026-09-16T12:08:00,13.42,13.42,13.42,13.42,7113
2026-09-16T09:09:00.000Z,2026-09-16T12:09:00,13.42,13.42,13.42,13.42,1
2026-09-16T09:10:00.000Z,2026-09-16T12:10:00,13.42,13.42,13.4,13.4,10281
2026-09-16T09:14:00.000Z,2026-09-16T12:14:00,13.41,13.41,13.41,13.41,200
2026-09-16T09:16:00.000Z,2026-09-16T12:16:00,13.41,13.41,13.39,13.39,8020
2026-09-16T09:18:00.000Z,2026-09-16T12:18:00,13.4,13.4,13.4,13.4,1500
2026-09-16T09:20:00.000Z,2026-09-16T12:20:00,13.41,13.41,13.41,13.41,456
2026-09-16T09:21:00.000Z,2026-09-16T12:21:00,13.41,13.41,13.4,13.4,5211
2026-09-16T09:22:00.000Z,2026-09-16T12:22:00,13.4,13.4,13.4,13.4,20000
2026-09-16T09:23:00.000Z,2026-09-16T12:23:00,13.4,13.4,13.4,13.4,480
2026-09-16T09:26:00.000Z,2026-09-16T12:26:00,13.41,13.41,13.41,13.41,570
2026-09-16T09:28:00.000Z,2026-09-16T12:28:00,13.42,13.42,13.4,13.4,1650
2026-09-16T09:30:00.000Z,2026-09-16T12:30:00,13.41,13.41,13.41,13.41,249
2026-09-16T09:31:00.000Z,2026-09-16T12:31:00,13.4,13.4,13.4,13.4,6185
2026-09-16T09:35:00.000Z,2026-09-16T12:35:00,13.42,13.42,13.42,13.42,800
2026-09-16T09:37:00.000Z,2026-09-16T12:37:00,13.42,13.42,13.41,13.41,7000
2026-09-16T09:38:00.000Z,2026-09-16T12:38:00,13.42,13.45,13.42,13.45,16783
2026-09-16T09:39:00.000Z,2026-09-16T12:39:00,13.49,13.49,13.49,13.49,100
2026-09-16T09:40:00.000Z,2026-09-16T12:40:00,13.48,13.5,13.48,13.5,9100
2026-09-16T09:42:00.000Z,2026-09-16T12:42:00,13.44,13.44,13.44,13.44,1105
2026-09-16T09:43:00.000Z,2026-09-16T12:43:00,13.44,13.44,13.44,13.44,500
2026-09-16T09:45:00.000Z,2026-09-16T12:45:00,13.5,13.5,13.5,13.5,3279
2026-09-16T09:46:00.000Z,2026-09-16T12:46:00,13.55,13.56,13.55,13.56,1150
2026-09-16T09:48:00.000Z,2026-09-16T12:48:00,13.51,13.55,13.5,13.5,1523
2026-09-16T09:50:00.000Z,2026-09-16T12:50:00,13.5,13.54,13.5,13.54,14520
2026-09-16T09:51:00.000Z,2026-09-16T12:51:00,13.55,13.55,13.55,13.55,500
2026-09-16T09:52:00.000Z,2026-09-16T12:52:00,13.54,13.54,13.54,13.54,221
2026-09-16T09:54:00.000Z,2026-09-16T12:54:00,13.51,13.69,13.51,13.69,79085
2026-09-16T09:55:00.000Z,2026-09-16T12:55:00,13.6,13.7,13.6,13.7,37460
2026-09-16T09:56:00.000Z,2026-09-16T12:56:00,13.69,13.69,13.69,13.69,10000
2026-09-16T09:58:00.000Z,2026-09-16T12:58:00,13.68,13.77,13.68,13.77,225888
2026-09-16T09:59:00.000Z,2026-09-16T12:59:00,13.77,14.25,13.77,14.25,795621
2026-09-16T10:00:00.000Z,2026-09-16T13:00:00,14.2,14.2,14,14.1,142255
2026-09-16T10:01:00.000Z,2026-09-16T13:01:00,14.05,14.1,13.99,14,51658
2026-09-16T10:02:00.000Z,2026-09-16T13:02:00,13.99,14.05,13.98,13.99,56884
2026-09-16T10:03:00.000Z,2026-09-16T13:03:00,13.99,14.05,13.9,14.05,49195
2026-09-16T10:04:00.000Z,2026-09-16T13:04:00,14.05,14.05,13.92,14,193863
2026-09-16T10:05:00.000Z,2026-09-16T13:05:00,14,14.08,13.95,14,108161
2026-09-16T10:06:00.000Z,2026-09-16T13:06:00,14.08,14.08,14,14.01,49485
2026-09-16T10:07:00.000Z,2026-09-16T13:07:00,14.08,14.08,14,14,37148
2026-09-16T10:08:00.000Z,2026-09-16T13:08:00,14,14.07,14,14,118134
2026-09-16T10:09:00.000Z,2026-09-16T13:09:00,14.06,14.07,14.03,14.03,2595
2026-09-16T10:10:00.000Z,2026-09-16T13:10:00,14.02,14.07,14.01,14.01,11955
2026-09-16T10:11:00.000Z,2026-09-16T13:11:00,14.02,14.02,14,14,42706
2026-09-16T10:12:00.000Z,2026-09-16T13:12:00,14,14,13.96,14,20195
2026-09-16T10:13:00.000Z,2026-09-16T13:13:00,14,14,13.9,13.9,21015
2026-09-16T10:14:00.000Z,2026-09-16T13:14:00,13.96,13.96,13.87,13.88,17613
2026-09-16T10:15:00.000Z,2026-09-16T13:15:00,13.88,13.88,13.87,13.88,2796
2026-09-16T10:16:00.000Z,2026-09-16T13:16:00,13.86,13.86,13.86,13.86,1593
2026-09-16T10:17:00.000Z,2026-09-16T13:17:00,13.88,13.91,13.88,13.91,280
2026-09-16T10:18:00.000Z,2026-09-16T13:18:00,13.91,13.96,13.8,13.95,46808
2026-09-16T10:19:00.000Z,2026-09-16T13:19:00,13.95,13.95,13.95,13.95,504
2026-09-16T10:20:00.000Z,2026-09-16T13:20:00,13.9,13.95,13.9,13.9,14450
2026-09-16T10:21:00.000Z,2026-09-16T13:21:00,13.9,13.95,13.9,13.95,2775
2026-09-16T10:22:00.000Z,2026-09-16T13:22:00,13.94,13.95,13.93,13.93,16109
2026-09-16T10:23:00.000Z,2026-09-16T13:23:00,13.93,13.95,13.93,13.93,5933
2026-09-16T10:24:00.000Z,2026-09-16T13:24:00,13.93,13.93,13.93,13.93,90
2026-09-16T10:25:00.000Z,2026-09-16T13:25:00,13.91,13.91,13.9,13.9,5890
2026-09-16T10:26:00.000Z,2026-09-16T13:26:00,13.87,13.9,13.85,13.9,18895
2026-09-16T10:27:00.000Z,2026-09-16T13:27:00,13.86,13.87,13.86,13.87,3200
2026-09-16T10:29:00.000Z,2026-09-16T13:29:00,13.87,13.9,13.87,13.87,7494
2026-09-16T10:30:00.000Z,2026-09-16T13:30:00,13.87,13.9,13.81,13.9,11061
2026-09-16T10:32:00.000Z,2026-09-16T13:32:00,13.9,13.9,13.8,13.8,14414
2026-09-16T10:33:00.000Z,2026-09-16T13:33:00,13.81,13.85,13.81,13.85,5270
2026-09-16T10:34:00.000Z,2026-09-16T13:34:00,13.89,13.89,13.89,13.89,3026
2026-09-16T10:35:00.000Z,2026-09-16T13:35:00,13.89,14,13.89,14,113706
2026-09-16T10:36:00.000Z,2026-09-16T13:36:00,14.01,14.08,14,14.08,50802
2026-09-16T10:37:00.000Z,2026-09-16T13:37:00,14.08,14.08,14.05,14.07,33824
2026-09-16T10:38:00.000Z,2026-09-16T13:38:00,14.07,14.07,14.01,14.01,4623
2026-09-16T10:39:00.000Z,2026-09-16T13:39:00,14.01,14.01,14,14,10017
2026-09-16T10:40:00.000Z,2026-09-16T13:40:00,14,14,14,14,71
2026-09-16T10:41:00.000Z,2026-09-16T13:41:00,14,14,13.9,13.9,6150
2026-09-16T10:42:00.000Z,2026-09-16T13:42:00,13.9,14,13.9,14,7951
2026-09-16T10:43:00.000Z,2026-09-16T13:43:00,13.91,13.91,13.9,13.91,2200
2026-09-16T10:44:00.000Z,2026-09-16T13:44:00,13.92,13.92,13.9,13.92,23828
2026-09-16T10:45:00.000Z,2026-09-16T13:45:00,13.88,13.92,13.83,13.92,8103
2026-09-16T10:46:00.000Z,2026-09-16T13:46:00,13.83,13.84,13.7,13.84,85948
2026-09-16T10:47:00.000Z,2026-09-16T13:47:00,13.79,13.82,13.71,13.71,13399
2026-09-16T10:48:00.000Z,2026-09-16T13:48:00,13.72,13.72,13.72,13.72,1062
2026-09-16T10:49:00.000Z,2026-09-16T13:49:00,13.75,13.77,13.73,13.77,2777
2026-09-16T10:50:00.000Z,2026-09-16T13:50:00,13.73,13.73,13.72,13.72,2827
2026-09-16T10:51:00.000Z,2026-09-16T13:51:00,13.77,13.77,13.77,13.77,600
2026-09-16T10:52:00.000Z,2026-09-16T13:52:00,13.77,13.9,13.73,13.73,6708
2026-09-16T10:53:00.000Z,2026-09-16T13:53:00,13.85,13.85,13.85,13.85,1980
2026-09-16T10:54:00.000Z,2026-09-16T13:54:00,13.85,13.85,13.85,13.85,18020
2026-09-16T10:55:00.000Z,2026-09-16T13:55:00,13.85,13.85,13.73,13.74,4309
2026-09-16T10:56:00.000Z,2026-09-16T13:56:00,13.75,13.84,13.75,13.84,1753
2026-09-16T10:57:00.000Z,2026-09-16T13:57:00,13.84,13.84,13.84,13.84,10
2026-09-16T10:58:00.000Z,2026-09-16T13:58:00,13.84,13.84,13.8,13.8,3011
2026-09-16T10:59:00.000Z,2026-09-16T13:59:00,13.8,13.8,13.8,13.8,4095
2026-09-16T11:00:00.000Z,2026-09-16T14:00:00,13.79,13.79,13.75,13.75,12740
2026-09-16T11:01:00.000Z,2026-09-16T14:01:00,13.74,13.74,13.74,13.74,878
2026-09-16T11:02:00.000Z,2026-09-16T14:02:00,13.75,13.75,13.75,13.75,1020
2026-09-16T11:03:00.000Z,2026-09-16T14:03:00,13.78,13.8,13.78,13.8,17131
2026-09-16T11:04:00.000Z,2026-09-16T14:04:00,13.81,13.85,13.81,13.85,8798
2026-09-16T11:05:00.000Z,2026-09-16T14:05:00,13.85,13.85,13.84,13.84,11308
2026-09-16T11:06:00.000Z,2026-09-16T14:06:00,13.85,14,13.85,14,33172
2026-09-16T11:07:00.000Z,2026-09-16T14:07:00,14,14,14,14,24888
2026-09-16T11:08:00.000Z,2026-09-16T14:08:00,14,14.04,13.8,13.81,66271
2026-09-16T11:09:00.000Z,2026-09-16T14:09:00,13.98,13.98,13.98,13.98,579
2026-09-16T11:10:00.000Z,2026-09-16T14:10:00,13.84,13.84,13.81,13.81,600
2026-09-16T11:11:00.000Z,2026-09-16T14:11:00,13.95,13.95,13.95,13.95,1000
2026-09-16T11:12:00.000Z,2026-09-16T14:12:00,13.85,13.88,13.85,13.88,3992
2026-09-16T11:13:00.000Z,2026-09-16T14:13:00,13.9,13.94,13.82,13.9,26448
2026-09-16T11:14:00.000Z,2026-09-16T14:14:00,13.95,13.95,13.75,13.75,31397
2026-09-16T11:25:00.000Z,2026-09-16T14:25:00,13.95,13.95,13.95,13.95,57060
2026-09-16T11:26:00.000Z,2026-09-16T14:26:00,13.95,13.95,13.95,13.95,1498
2026-09-16T11:27:00.000Z,2026-09-16T14:27:00,13.95,13.95,13.95,13.95,21528
2026-09-16T11:28:00.000Z,2026-09-16T14:28:00,13.95,13.95,13.95,13.95,2000
2026-09-17T07:00:00.000Z,2026-09-17T10:00:00,13.8,13.9,13.75,13.75,22979
2026-09-17T07:01:00.000Z,2026-09-17T10:01:00,13.74,13.8,13.66,13.66,27672
2026-09-17T07:02:00.000Z,2026-09-17T10:02:00,13.75,13.75,13.7,13.7,7072
2026-09-17T07:03:00.000Z,2026-09-17T10:03:00,13.71,13.71,13.7,13.7,14879
2026-09-17T07:04:00.000Z,2026-09-17T10:04:00,13.72,13.72,13.66,13.7,7160
2026-09-17T07:05:00.000Z,2026-09-17T10:05:00,13.7,13.9,13.66,13.7,18666
2026-09-17T07:06:00.000Z,2026-09-17T10:06:00,13.87,13.87,13.87,13.87,21
2026-09-17T07:07:00.000Z,2026-09-17T10:07:00,13.75,13.85,13.75,13.85,5050
2026-09-17T07:08:00.000Z,2026-09-17T10:08:00,13.75,13.75,13.67,13.67,7622
2026-09-17T07:09:00.000Z,2026-09-17T10:09:00,13.7,13.7,13.68,13.68,5079
2026-09-17T07:10:00.000Z,2026-09-17T10:10:00,13.68,13.72,13.66,13.72,14198
2026-09-17T07:11:00.000Z,2026-09-17T10:11:00,13.72,13.8,13.72,13.8,838
2026-09-17T07:12:00.000Z,2026-09-17T10:12:00,13.79,13.79,13.79,13.79,3000
2026-09-17T07:13:00.000Z,2026-09-17T10:13:00,13.76,13.76,13.76,13.76,1000
2026-09-17T07:14:00.000Z,2026-09-17T10:14:00,13.76,13.76,13.72,13.72,9745
2026-09-17T07:15:00.000Z,2026-09-17T10:15:00,13.77,13.77,13.77,13.77,1048
2026-09-17T07:16:00.000Z,2026-09-17T10:16:00,13.83,13.83,13.83,13.83,8952
2026-09-17T07:18:00.000Z,2026-09-17T10:18:00,13.73,13.82,13.72,13.72,6277
2026-09-17T07:20:00.000Z,2026-09-17T10:20:00,13.8,13.8,13.8,13.8,4
2026-09-17T07:23:00.000Z,2026-09-17T10:23:00,13.76,13.76,13.7,13.7,4000
2026-09-17T07:24:00.000Z,2026-09-17T10:24:00,13.72,13.72,13.7,13.7,3545
2026-09-17T07:25:00.000Z,2026-09-17T10:25:00,13.8,13.8,13.8,13.8,2000
2026-09-17T07:26:00.000Z,2026-09-17T10:26:00,13.71,13.71,13.7,13.7,25367
2026-09-17T07:28:00.000Z,2026-09-17T10:28:00,13.72,13.85,13.71,13.85,8000
2026-09-17T07:30:00.000Z,2026-09-17T10:30:00,13.72,13.72,13.72,13.72,86
2026-09-17T07:31:00.000Z,2026-09-17T10:31:00,13.79,13.8,13.73,13.73,449
2026-09-17T07:32:00.000Z,2026-09-17T10:32:00,13.79,13.85,13.73,13.73,19482
2026-09-17T07:37:00.000Z,2026-09-17T10:37:00,13.75,13.82,13.74,13.82,2671
2026-09-17T07:39:00.000Z,2026-09-17T10:39:00,13.82,13.83,13.82,13.83,4000
2026-09-17T07:40:00.000Z,2026-09-17T10:40:00,13.77,13.77,13.77,13.77,405
2026-09-17T07:43:00.000Z,2026-09-17T10:43:00,13.77,13.77,13.77,13.77,2595
2026-09-17T07:44:00.000Z,2026-09-17T10:44:00,13.77,13.77,13.77,13.77,357
2026-09-17T07:47:00.000Z,2026-09-17T10:47:00,13.77,13.77,13.77,13.77,188
2026-09-17T07:48:00.000Z,2026-09-17T10:48:00,13.77,13.77,13.74,13.74,8671
2026-09-17T07:52:00.000Z,2026-09-17T10:52:00,13.79,13.79,13.74,13.74,1482
2026-09-17T07:53:00.000Z,2026-09-17T10:53:00,13.79,13.79,13.75,13.75,393
2026-09-17T07:54:00.000Z,2026-09-17T10:54:00,13.8,13.8,13.8,13.8,50
2026-09-17T07:55:00.000Z,2026-09-17T10:55:00,13.8,13.8,13.8,13.8,10
2026-09-17T07:56:00.000Z,2026-09-17T10:56:00,13.75,13.8,13.75,13.8,2543
2026-09-17T07:57:00.000Z,2026-09-17T10:57:00,13.8,13.8,13.8,13.8,1171
2026-09-17T07:58:00.000Z,2026-09-17T10:58:00,13.77,13.8,13.75,13.75,938
2026-09-17T07:59:00.000Z,2026-09-17T10:59:00,13.75,13.75,13.75,13.75,352
2026-09-17T08:01:00.000Z,2026-09-17T11:01:00,13.75,13.75,13.74,13.74,7167
2026-09-17T08:02:00.000Z,2026-09-17T11:02:00,13.74,13.75,13.74,13.75,100
2026-09-17T08:03:00.000Z,2026-09-17T11:03:00,13.75,13.75,13.75,13.75,320
2026-09-17T08:05:00.000Z,2026-09-17T11:05:00,13.75,13.75,13.75,13.75,50
2026-09-17T08:06:00.000Z,2026-09-17T11:06:00,13.7,13.75,13.7,13.75,1030
2026-09-17T08:08:00.000Z,2026-09-17T11:08:00,13.7,13.7,13.7,13.7,15816
2026-09-17T08:09:00.000Z,2026-09-17T11:09:00,13.7,13.7,13.7,13.7,20
2026-09-17T08:11:00.000Z,2026-09-17T11:11:00,13.68,13.74,13.68,13.74,125
2026-09-17T08:12:00.000Z,2026-09-17T11:12:00,13.74,13.75,13.68,13.68,8200
2026-09-17T08:13:00.000Z,2026-09-17T11:13:00,13.75,13.75,13.75,13.75,3000
2026-09-17T08:17:00.000Z,2026-09-17T11:17:00,13.68,13.68,13.68,13.68,1000
2026-09-17T08:18:00.000Z,2026-09-17T11:18:00,13.68,13.68,13.68,13.68,2323
2026-09-17T08:21:00.000Z,2026-09-17T11:21:00,13.69,13.69,13.69,13.69,1692
2026-09-17T08:22:00.000Z,2026-09-17T11:22:00,13.69,13.74,13.66,13.74,33472
2026-09-17T08:26:00.000Z,2026-09-17T11:26:00,13.66,13.66,13.66,13.66,2379
2026-09-17T08:27:00.000Z,2026-09-17T11:27:00,13.65,13.65,13.65,13.65,3516
2026-09-17T08:28:00.000Z,2026-09-17T11:28:00,13.66,13.85,13.66,13.85,21981
2026-09-17T08:30:00.000Z,2026-09-17T11:30:00,13.67,13.67,13.67,13.67,500
2026-09-17T08:33:00.000Z,2026-09-17T11:33:00,13.67,13.67,13.67,13.67,925
2026-09-17T08:35:00.000Z,2026-09-17T11:35:00,13.67,13.67,13.67,13.67,2257
2026-09-17T08:37:00.000Z,2026-09-17T11:37:00,13.66,13.66,13.66,13.66,1943
2026-09-17T08:44:00.000Z,2026-09-17T11:44:00,13.7,13.79,13.7,13.79,187
2026-09-17T08:45:00.000Z,2026-09-17T11:45:00,13.79,13.79,13.79,13.79,100
2026-09-17T08:46:00.000Z,2026-09-17T11:46:00,13.7,13.7,13.7,13.7,4000
2026-09-17T08:52:00.000Z,2026-09-17T11:52:00,13.67,13.67,13.66,13.66,4343
2026-09-17T08:53:00.000Z,2026-09-17T11:53:00,13.65,13.65,13.65,13.65,3389
2026-09-17T08:56:00.000Z,2026-09-17T11:56:00,13.7,13.7,13.7,13.7,1153
2026-09-17T08:57:00.000Z,2026-09-17T11:57:00,13.7,13.7,13.7,13.7,5000
2026-09-17T08:58:00.000Z,2026-09-17T11:58:00,13.65,13.65,13.65,13.65,300
2026-09-17T08:59:00.000Z,2026-09-17T11:59:00,13.68,13.7,13.68,13.7,5000
2026-09-17T09:01:00.000Z,2026-09-17T12:01:00,13.7,13.7,13.7,13.7,410
2026-09-17T09:04:00.000Z,2026-09-17T12:04:00,13.7,13.78,13.7,13.78,1513
2026-09-17T09:06:00.000Z,2026-09-17T12:06:00,13.77,13.79,13.7,13.7,25985
2026-09-17T09:07:00.000Z,2026-09-17T12:07:00,13.75,13.75,13.71,13.71,1513
2026-09-17T09:08:00.000Z,2026-09-17T12:08:00,13.78,13.78,13.78,13.78,5
2026-09-17T09:09:00.000Z,2026-09-17T12:09:00,13.71,13.71,13.7,13.7,5800
2026-09-17T09:10:00.000Z,2026-09-17T12:10:00,13.7,13.7,13.7,13.7,7065
2026-09-17T09:17:00.000Z,2026-09-17T12:17:00,13.66,13.66,13.61,13.61,7348
2026-09-17T09:18:00.000Z,2026-09-17T12:18:00,13.63,13.63,13.63,13.63,1000
2026-09-17T09:21:00.000Z,2026-09-17T12:21:00,13.63,13.63,13.6,13.6,7878
2026-09-17T09:23:00.000Z,2026-09-17T12:23:00,13.6,13.6,13.6,13.6,3682
2026-09-17T09:25:00.000Z,2026-09-17T12:25:00,13.6,13.6,13.6,13.6,1929
2026-09-17T09:26:00.000Z,2026-09-17T12:26:00,13.6,13.6,13.6,13.6,3500
2026-09-17T09:27:00.000Z,2026-09-17T12:27:00,13.6,13.6,13.6,13.6,250
2026-09-17T09:31:00.000Z,2026-09-17T12:31:00,13.6,13.6,13.6,13.6,644
2026-09-17T09:33:00.000Z,2026-09-17T12:33:00,13.6,13.6,13.6,13.6,1500
2026-09-17T09:36:00.000Z,2026-09-17T12:36:00,13.56,13.6,13.55,13.6,4019
2026-09-17T09:37:00.000Z,2026-09-17T12:37:00,13.55,13.55,13.55,13.55,7500
2026-09-17T09:38:00.000Z,2026-09-17T12:38:00,13.6,13.6,13.6,13.6,100
2026-09-17T09:40:00.000Z,2026-09-17T12:40:00,13.6,13.6,13.53,13.53,20060
2026-09-17T09:42:00.000Z,2026-09-17T12:42:00,13.53,13.53,13.53,13.53,40
2026-09-17T09:43:00.000Z,2026-09-17T12:43:00,13.53,13.53,13.51,13.51,412
2026-09-17T09:46:00.000Z,2026-09-17T12:46:00,13.51,13.51,13.51,13.51,75
2026-09-17T09:47:00.000Z,2026-09-17T12:47:00,13.51,13.51,13.5,13.5,4233
2026-09-17T09:48:00.000Z,2026-09-17T12:48:00,13.5,13.5,13.49,13.5,11910
2026-09-17T09:50:00.000Z,2026-09-17T12:50:00,13.5,13.5,13.5,13.5,3857
2026-09-17T09:52:00.000Z,2026-09-17T12:52:00,13.51,13.59,13.51,13.59,1540
2026-09-17T09:53:00.000Z,2026-09-17T12:53:00,13.59,13.59,13.59,13.59,12
2026-09-17T09:57:00.000Z,2026-09-17T12:57:00,13.52,13.52,13.51,13.51,10000
2026-09-17T09:58:00.000Z,2026-09-17T12:58:00,13.5,13.58,13.5,13.5,11038
2026-09-17T09:59:00.000Z,2026-09-17T12:59:00,13.5,13.5,13.49,13.49,1776
2026-09-17T10:02:00.000Z,2026-09-17T13:02:00,13.5,13.5,13.5,13.5,1425
2026-09-17T10:04:00.000Z,2026-09-17T13:04:00,13.5,13.59,13.49,13.59,8768
2026-09-17T10:05:00.000Z,2026-09-17T13:05:00,13.5,13.5,13.45,13.45,582
2026-09-17T10:06:00.000Z,2026-09-17T13:06:00,13.45,13.45,13.42,13.42,5186
2026-09-17T10:08:00.000Z,2026-09-17T13:08:00,13.5,13.5,13.5,13.5,58
2026-09-17T10:10:00.000Z,2026-09-17T13:10:00,13.5,13.5,13.5,13.5,250
2026-09-17T10:18:00.000Z,2026-09-17T13:18:00,13.48,13.48,13.48,13.48,50
2026-09-17T10:20:00.000Z,2026-09-17T13:20:00,13.45,13.45,13.45,13.45,950
2026-09-17T10:21:00.000Z,2026-09-17T13:21:00,13.45,13.5,13.44,13.5,12000
2026-09-17T10:22:00.000Z,2026-09-17T13:22:00,13.5,13.51,13.5,13.51,3104
2026-09-17T10:23:00.000Z,2026-09-17T13:23:00,13.51,13.51,13.51,13.51,146
2026-09-17T10:26:00.000Z,2026-09-17T13:26:00,13.58,13.58,13.58,13.58,20
2026-09-17T10:28:00.000Z,2026-09-17T13:28:00,13.51,13.51,13.46,13.46,5525
2026-09-17T10:37:00.000Z,2026-09-17T13:37:00,13.5,13.5,13.5,13.5,700
2026-09-17T10:39:00.000Z,2026-09-17T13:39:00,13.5,13.5,13.5,13.5,8525
2026-09-17T10:40:00.000Z,2026-09-17T13:40:00,13.48,13.48,13.46,13.46,11800
2026-09-17T10:41:00.000Z,2026-09-17T13:41:00,13.47,13.47,13.47,13.47,3334
2026-09-17T10:45:00.000Z,2026-09-17T13:45:00,13.5,13.5,13.5,13.5,5000
2026-09-17T10:46:00.000Z,2026-09-17T13:46:00,13.49,13.49,13.46,13.46,22397
2026-09-17T10:48:00.000Z,2026-09-17T13:48:00,13.47,13.47,13.46,13.47,12035
2026-09-17T10:49:00.000Z,2026-09-17T13:49:00,13.46,13.46,13.46,13.46,17113
2026-09-17T10:50:00.000Z,2026-09-17T13:50:00,13.47,13.47,13.47,13.47,648
2026-09-17T10:52:00.000Z,2026-09-17T13:52:00,13.5,13.5,13.5,13.5,1565
2026-09-17T10:55:00.000Z,2026-09-17T13:55:00,13.5,13.5,13.5,13.5,10005
2026-09-17T10:56:00.000Z,2026-09-17T13:56:00,13.5,13.5,13.5,13.5,285
2026-09-17T10:57:00.000Z,2026-09-17T13:57:00,13.5,13.5,13.5,13.5,980
2026-09-17T10:59:00.000Z,2026-09-17T13:59:00,13.48,13.48,13.48,13.48,774
2026-09-17T11:02:00.000Z,2026-09-17T14:02:00,13.5,13.5,13.5,13.5,7840
2026-09-17T11:03:00.000Z,2026-09-17T14:03:00,13.5,13.5,13.5,13.5,1572
2026-09-17T11:04:00.000Z,2026-09-17T14:04:00,13.5,13.5,13.5,13.5,23108
2026-09-17T11:05:00.000Z,2026-09-17T14:05:00,13.5,13.5,13.5,13.5,25000
2026-09-17T11:06:00.000Z,2026-09-17T14:06:00,13.5,13.5,13.5,13.5,55
2026-09-17T11:07:00.000Z,2026-09-17T14:07:00,13.52,13.52,13.52,13.52,6395
2026-09-17T11:09:00.000Z,2026-09-17T14:09:00,13.52,13.55,13.52,13.52,1752
2026-09-17T11:10:00.000Z,2026-09-17T14:10:00,13.53,13.53,13.5,13.5,8000
2026-09-17T11:11:00.000Z,2026-09-17T14:11:00,13.51,13.51,13.5,13.5,20500
2026-09-17T11:12:00.000Z,2026-09-17T14:12:00,13.55,13.57,13.5,13.5,3683
2026-09-17T11:13:00.000Z,2026-09-17T14:13:00,13.51,13.51,13.5,13.5,8150
2026-09-17T11:14:00.000Z,2026-09-17T14:14:00,13.57,13.58,13.5,13.51,31921
2026-09-17T11:25:00.000Z,2026-09-17T14:25:00,13.56,13.56,13.56,13.56,5864
2026-09-17T11:26:00.000Z,2026-09-17T14:26:00,13.56,13.56,13.56,13.56,164
2026-09-17T11:27:00.000Z,2026-09-17T14:27:00,13.56,13.56,13.56,13.56,5000
2026-09-20T07:00:00.000Z,2026-09-20T10:00:00,16.03,16.03,16.03,16.03,20005
2026-09-20T07:10:00.000Z,2026-09-20T10:10:00,16.27,16.27,12.9,15.8,1041551
2026-09-20T07:11:00.000Z,2026-09-20T10:11:00,15.8,15.85,15.4,15.5,361875
2026-09-20T07:12:00.000Z,2026-09-20T10:12:00,15.5,15.7,15.4,15.7,359462
2026-09-20T07:13:00.000Z,2026-09-20T10:13:00,15.73,16.27,15.7,16.27,1534425
2026-09-20T07:14:00.000Z,2026-09-20T10:14:00,16.27,16.27,16.27,16.27,218247
2026-09-20T07:15:00.000Z,2026-09-20T10:15:00,16.27,16.27,16.27,16.27,26134
2026-09-20T07:16:00.000Z,2026-09-20T10:16:00,16.27,16.27,16.27,16.27,35080
2026-09-20T07:17:00.000Z,2026-09-20T10:17:00,16.27,16.27,16.27,16.27,20971
2026-09-20T07:18:00.000Z,2026-09-20T10:18:00,16.27,16.27,16.27,16.27,45912
2026-09-20T07:19:00.000Z,2026-09-20T10:19:00,16.27,16.27,16.27,16.27,62466
2026-09-20T07:20:00.000Z,2026-09-20T10:20:00,16.27,16.27,16.27,16.27,23137
2026-09-20T07:21:00.000Z,2026-09-20T10:21:00,16.27,16.27,16.27,16.27,164354
2026-09-20T07:22:00.000Z,2026-09-20T10:22:00,16.27,16.27,16.27,16.27,40257
2026-09-20T07:23:00.000Z,2026-09-20T10:23:00,16.27,16.27,16.27,16.27,25285
2026-09-20T07:24:00.000Z,2026-09-20T10:24:00,16.27,16.27,16.27,16.27,6874
2026-09-20T07:25:00.000Z,2026-09-20T10:25:00,16.27,16.27,16.27,16.27,3248
2026-09-20T07:26:00.000Z,2026-09-20T10:26:00,16.27,16.27,16.27,16.27,3304
2026-09-20T07:27:00.000Z,2026-09-20T10:27:00,16.27,16.27,16.27,16.27,1300
2026-09-20T07:28:00.000Z,2026-09-20T10:28:00,16.27,16.27,16.27,16.27,7007
2026-09-20T07:29:00.000Z,2026-09-20T10:29:00,16.27,16.27,16.27,16.27,5388
2026-09-20T07:30:00.000Z,2026-09-20T10:30:00,16.27,16.27,16.27,16.27,16562
2026-09-20T07:31:00.000Z,2026-09-20T10:31:00,16.27,16.27,16.27,16.27,2200
2026-09-20T07:32:00.000Z,2026-09-20T10:32:00,16.27,16.27,16.27,16.27,110
2026-09-20T07:33:00.000Z,2026-09-20T10:33:00,16.27,16.27,16.27,16.27,684
2026-09-20T07:34:00.000Z,2026-09-20T10:34:00,16.27,16.27,16.27,16.27,37451
2026-09-20T07:35:00.000Z,2026-09-20T10:35:00,16.27,16.27,16.27,16.27,3247
2026-09-20T07:36:00.000Z,2026-09-20T10:36:00,16.27,16.27,16.27,16.27,2795
2026-09-20T07:37:00.000Z,2026-09-20T10:37:00,16.27,16.27,16.27,16.27,6580
2026-09-20T07:38:00.000Z,2026-09-20T10:38:00,16.27,16.27,16.27,16.27,12
2026-09-20T07:39:00.000Z,2026-09-20T10:39:00,16.27,16.27,16.27,16.27,3000
2026-09-20T07:40:00.000Z,2026-09-20T10:40:00,16.27,16.27,16.27,16.27,7000
2026-09-20T07:41:00.000Z,2026-09-20T10:41:00,16.27,16.27,16.27,16.27,5941
2026-09-20T07:42:00.000Z,2026-09-20T10:42:00,16.27,16.27,16.27,16.27,2000
2026-09-20T07:43:00.000Z,2026-09-20T10:43:00,16.27,16.27,16.27,16.27,2550
2026-09-20T07:44:00.000Z,2026-09-20T10:44:00,16.27,16.27,16.27,16.27,1374
2026-09-20T07:45:00.000Z,2026-09-20T10:45:00,16.27,16.27,16.27,16.27,47124
2026-09-20T07:46:00.000Z,2026-09-20T10:46:00,16.27,16.27,16.27,16.27,9228
2026-09-20T07:47:00.000Z,2026-09-20T10:47:00,16.27,16.27,16.27,16.27,51117
2026-09-20T07:48:00.000Z,2026-09-20T10:48:00,16.27,16.27,16.27,16.27,60200
2026-09-20T07:49:00.000Z,2026-09-20T10:49:00,16.27,16.27,16.27,16.27,11824
2026-09-20T07:50:00.000Z,2026-09-20T10:50:00,16.27,16.27,16.27,16.27,1474
2026-09-20T07:51:00.000Z,2026-09-20T10:51:00,16.27,16.27,16.27,16.27,22588
2026-09-20T07:53:00.000Z,2026-09-20T10:53:00,16.27,16.27,16.27,16.27,1079
2026-09-20T07:54:00.000Z,2026-09-20T10:54:00,16.27,16.27,16.27,16.27,1677
2026-09-20T07:55:00.000Z,2026-09-20T10:55:00,16.27,16.27,16.27,16.27,2467
2026-09-20T07:57:00.000Z,2026-09-20T10:57:00,16.27,16.27,16.27,16.27,2700
2026-09-20T07:58:00.000Z,2026-09-20T10:58:00,16.27,16.27,16.27,16.27,6633
2026-09-20T07:59:00.000Z,2026-09-20T10:59:00,16.27,16.27,16.27,16.27,3000
2026-09-20T08:00:00.000Z,2026-09-20T11:00:00,16.27,16.27,16.27,16.27,1000
2026-09-20T08:01:00.000Z,2026-09-20T11:01:00,16.27,16.27,16.27,16.27,1867
2026-09-20T08:02:00.000Z,2026-09-20T11:02:00,16.27,16.27,16.27,16.27,31888
2026-09-20T08:04:00.000Z,2026-09-20T11:04:00,16.27,16.27,16.27,16.27,17500
2026-09-20T08:06:00.000Z,2026-09-20T11:06:00,16.27,16.27,16.27,16.27,9421
2026-09-20T08:08:00.000Z,2026-09-20T11:08:00,16.27,16.27,16.27,16.27,350
2026-09-20T08:09:00.000Z,2026-09-20T11:09:00,16.27,16.27,16.27,16.27,10359
2026-09-20T08:13:00.000Z,2026-09-20T11:13:00,16.27,16.27,16.27,16.27,20022
2026-09-20T08:14:00.000Z,2026-09-20T11:14:00,16.27,16.27,16.27,16.27,601
2026-09-20T08:15:00.000Z,2026-09-20T11:15:00,16.27,16.27,16.27,16.27,12079
2026-09-20T08:18:00.000Z,2026-09-20T11:18:00,16.27,16.27,16.27,16.27,6814
2026-09-20T08:19:00.000Z,2026-09-20T11:19:00,16.27,16.27,16.27,16.27,709
2026-09-20T08:20:00.000Z,2026-09-20T11:20:00,16.27,16.27,16.27,16.27,1095
2026-09-20T08:21:00.000Z,2026-09-20T11:21:00,16.27,16.27,16.27,16.27,3000
2026-09-20T08:22:00.000Z,2026-09-20T11:22:00,16.27,16.27,16.27,16.27,4240
2026-09-20T08:23:00.000Z,2026-09-20T11:23:00,16.27,16.27,16.27,16.27,2539
2026-09-20T08:24:00.000Z,2026-09-20T11:24:00,16.27,16.27,16.27,16.27,250
2026-09-20T08:25:00.000Z,2026-09-20T11:25:00,16.27,16.27,16.27,16.27,59
2026-09-20T08:26:00.000Z,2026-09-20T11:26:00,16.27,16.27,16.27,16.27,100
2026-09-20T08:27:00.000Z,2026-09-20T11:27:00,16.27,16.27,16.27,16.27,639
2026-09-20T08:29:00.000Z,2026-09-20T11:29:00,16.27,16.27,16.27,16.27,1588
2026-09-20T08:33:00.000Z,2026-09-20T11:33:00,16.27,16.27,16.27,16.27,2460
2026-09-20T08:35:00.000Z,2026-09-20T11:35:00,16.27,16.27,16.27,16.27,1012
2026-09-20T08:36:00.000Z,2026-09-20T11:36:00,16.27,16.27,16.27,16.27,400
2026-09-20T08:39:00.000Z,2026-09-20T11:39:00,16.27,16.27,16.27,16.27,408
2026-09-20T08:42:00.000Z,2026-09-20T11:42:00,16.27,16.27,16.27,16.27,1
2026-09-20T08:44:00.000Z,2026-09-20T11:44:00,16.27,16.27,16.27,16.27,35000
2026-09-20T08:47:00.000Z,2026-09-20T11:47:00,16.27,16.27,16.27,16.27,100
2026-09-20T08:48:00.000Z,2026-09-20T11:48:00,16.27,16.27,16.27,16.27,1100
2026-09-20T08:52:00.000Z,2026-09-20T11:52:00,16.27,16.27,16.27,16.27,99
2026-09-20T08:54:00.000Z,2026-09-20T11:54:00,16.27,16.27,16.27,16.27,1
2026-09-20T08:55:00.000Z,2026-09-20T11:55:00,16.27,16.27,16.27,16.27,104
2026-09-20T08:56:00.000Z,2026-09-20T11:56:00,16.27,16.27,16.27,16.27,1250
2026-09-20T08:58:00.000Z,2026-09-20T11:58:00,16.27,16.27,16.27,16.27,5000
2026-09-20T08:59:00.000Z,2026-09-20T11:59:00,16.27,16.27,16.27,16.27,5000
2026-09-20T09:00:00.000Z,2026-09-20T12:00:00,16.27,16.27,16.27,16.27,619
2026-09-20T09:01:00.000Z,2026-09-20T12:01:00,16.27,16.27,16.27,16.27,2000
2026-09-20T09:02:00.000Z,2026-09-20T12:02:00,16.27,16.27,16.27,16.27,1000
2026-09-20T09:04:00.000Z,2026-09-20T12:04:00,16.27,16.27,16.27,16.27,10000
2026-09-20T09:05:00.000Z,2026-09-20T12:05:00,16.27,16.27,16.27,16.27,5287
2026-09-20T09:07:00.000Z,2026-09-20T12:07:00,16.27,16.27,16.27,16.27,355
2026-09-20T09:08:00.000Z,2026-09-20T12:08:00,16.27,16.27,16.27,16.27,1200
2026-09-20T09:09:00.000Z,2026-09-20T12:09:00,16.27,16.27,16.27,16.27,1765
2026-09-20T09:10:00.000Z,2026-09-20T12:10:00,16.27,16.27,16.27,16.27,1000
2026-09-20T09:13:00.000Z,2026-09-20T12:13:00,16.27,16.27,16.27,16.27,347
2026-09-20T09:15:00.000Z,2026-09-20T12:15:00,16.27,16.27,16.27,16.27,340
2026-09-20T09:16:00.000Z,2026-09-20T12:16:00,16.27,16.27,16.27,16.27,1503
2026-09-20T09:18:00.000Z,2026-09-20T12:18:00,16.27,16.27,16.27,16.27,200
2026-09-20T09:20:00.000Z,2026-09-20T12:20:00,16.27,16.27,16.27,16.27,69906
2026-09-20T09:23:00.000Z,2026-09-20T12:23:00,16.27,16.27,16.27,16.27,70
2026-09-20T09:25:00.000Z,2026-09-20T12:25:00,16.27,16.27,16.27,16.27,3600
2026-09-20T09:26:00.000Z,2026-09-20T12:26:00,16.27,16.27,16.27,16.27,1269
2026-09-20T09:28:00.000Z,2026-09-20T12:28:00,16.27,16.27,16.27,16.27,2300
2026-09-20T09:29:00.000Z,2026-09-20T12:29:00,16.27,16.27,16.27,16.27,12
2026-09-20T09:31:00.000Z,2026-09-20T12:31:00,16.27,16.27,16.27,16.27,3000
2026-09-20T09:32:00.000Z,2026-09-20T12:32:00,16.27,16.27,16.27,16.27,2
2026-09-20T09:34:00.000Z,2026-09-20T12:34:00,16.27,16.27,16.27,16.27,190
2026-09-20T09:36:00.000Z,2026-09-20T12:36:00,16.27,16.27,16.27,16.27,458
2026-09-20T09:37:00.000Z,2026-09-20T12:37:00,16.27,16.27,16.27,16.27,3000
2026-09-20T09:39:00.000Z,2026-09-20T12:39:00,16.27,16.27,16.27,16.27,144
2026-09-20T09:47:00.000Z,2026-09-20T12:47:00,16.27,16.27,16.27,16.27,1000
2026-09-20T09:48:00.000Z,2026-09-20T12:48:00,16.27,16.27,16.27,16.27,228
2026-09-20T09:49:00.000Z,2026-09-20T12:49:00,16.27,16.27,16.27,16.27,650
2026-09-20T09:51:00.000Z,2026-09-20T12:51:00,16.27,16.27,16.27,16.27,5
2026-09-20T09:52:00.000Z,2026-09-20T12:52:00,16.27,16.27,16.27,16.27,500
2026-09-20T10:01:00.000Z,2026-09-20T13:01:00,16.27,16.27,16.27,16.27,100
2026-09-20T10:03:00.000Z,2026-09-20T13:03:00,16.27,16.27,16.27,16.27,4
2026-09-20T10:08:00.000Z,2026-09-20T13:08:00,16.27,16.27,16.27,16.27,359
2026-09-20T10:09:00.000Z,2026-09-20T13:09:00,16.27,16.27,16.27,16.27,2000
2026-09-20T10:10:00.000Z,2026-09-20T13:10:00,16.27,16.27,16.27,16.27,10000
2026-09-20T10:12:00.000Z,2026-09-20T13:12:00,16.27,16.27,16.27,16.27,200
2026-09-20T10:13:00.000Z,2026-09-20T13:13:00,16.27,16.27,16.27,16.27,5115
2026-09-20T10:15:00.000Z,2026-09-20T13:15:00,16.27,16.27,16.27,16.27,7
2026-09-20T10:19:00.000Z,2026-09-20T13:19:00,16.27,16.27,16.27,16.27,640
2026-09-20T10:25:00.000Z,2026-09-20T13:25:00,16.27,16.27,16.27,16.27,30
2026-09-20T10:27:00.000Z,2026-09-20T13:27:00,16.27,16.27,16.27,16.27,250
2026-09-20T10:30:00.000Z,2026-09-20T13:30:00,16.27,16.27,16.27,16.27,200
2026-09-20T10:32:00.000Z,2026-09-20T13:32:00,16.27,16.27,16.27,16.27,300
2026-09-20T10:35:00.000Z,2026-09-20T13:35:00,16.27,16.27,16.27,16.27,3216
2026-09-20T10:36:00.000Z,2026-09-20T13:36:00,16.27,16.27,16.27,16.27,1000
2026-09-20T10:37:00.000Z,2026-09-20T13:37:00,16.27,16.27,16.27,16.27,500
2026-09-20T10:38:00.000Z,2026-09-20T13:38:00,16.27,16.27,16.27,16.27,100000
2026-09-20T10:40:00.000Z,2026-09-20T13:40:00,16.27,16.27,16.27,16.27,1609
2026-09-20T10:42:00.000Z,2026-09-20T13:42:00,16.27,16.27,16.27,16.27,400
2026-09-20T10:44:00.000Z,2026-09-20T13:44:00,16.27,16.27,16.27,16.27,40000
2026-09-20T10:45:00.000Z,2026-09-20T13:45:00,16.27,16.27,16.27,16.27,10000
2026-09-20T10:46:00.000Z,2026-09-20T13:46:00,16.27,16.27,16.27,16.27,40000
2026-09-20T10:53:00.000Z,2026-09-20T13:53:00,16.27,16.27,16.27,16.27,103622
2026-09-20T10:54:00.000Z,2026-09-20T13:54:00,16.27,16.27,16.27,16.27,50000
2026-09-20T10:56:00.000Z,2026-09-20T13:56:00,16.27,16.27,16.27,16.27,300
2026-09-20T10:58:00.000Z,2026-09-20T13:58:00,16.27,16.27,16.27,16.27,900
2026-09-20T11:00:00.000Z,2026-09-20T14:00:00,16.27,16.27,16.27,16.27,41134
2026-09-20T11:01:00.000Z,2026-09-20T14:01:00,16.27,16.27,16.27,16.27,1115340
2026-09-20T11:02:00.000Z,2026-09-20T14:02:00,16.27,16.27,16.01,16.27,535615
2026-09-20T11:03:00.000Z,2026-09-20T14:03:00,16.27,16.27,16.27,16.27,36143
2026-09-20T11:04:00.000Z,2026-09-20T14:04:00,16.27,16.27,16.27,16.27,62210
2026-09-20T11:05:00.000Z,2026-09-20T14:05:00,16.27,16.27,16.27,16.27,400
2026-09-20T11:06:00.000Z,2026-09-20T14:06:00,16.27,16.27,16.27,16.27,2000
2026-09-20T11:07:00.000Z,2026-09-20T14:07:00,16.27,16.27,16.27,16.27,3000
2026-09-20T11:08:00.000Z,2026-09-20T14:08:00,16.27,16.27,16.27,16.27,3100
2026-09-20T11:10:00.000Z,2026-09-20T14:10:00,16.27,16.27,16.27,16.27,50
2026-09-20T11:12:00.000Z,2026-09-20T14:12:00,16.27,16.27,16.27,16.27,41962
2026-09-20T11:13:00.000Z,2026-09-20T14:13:00,16.27,16.27,16.27,16.27,1300
2026-09-20T11:14:00.000Z,2026-09-20T14:14:00,16.27,16.27,16.27,16.27,500
2026-09-20T11:25:00.000Z,2026-09-20T14:25:00,16.27,16.27,16.27,16.27,5969
2026-09-20T11:26:00.000Z,2026-09-20T14:26:00,16.27,16.27,16.27,16.27,18334
2026-09-21T07:00:00.000Z,2026-09-21T10:00:00,17.15,17.69,17.15,17.69,801605
2026-09-21T07:01:00.000Z,2026-09-21T10:01:00,17.69,17.75,16.9,17.1,504287
2026-09-21T07:02:00.000Z,2026-09-21T10:02:00,17.01,17.5,17.01,17.49,539226
2026-09-21T07:03:00.000Z,2026-09-21T10:03:00,17.49,17.55,17.11,17.29,456058
2026-09-21T07:04:00.000Z,2026-09-21T10:04:00,17.12,17.38,17.06,17.15,346275
2026-09-21T07:05:00.000Z,2026-09-21T10:05:00,17.13,17.19,16.71,16.99,404414
2026-09-21T07:06:00.000Z,2026-09-21T10:06:00,16.92,17.1,16.84,17.1,187029
2026-09-21T07:07:00.000Z,2026-09-21T10:07:00,17.02,17.25,17.01,17.1,187997
2026-09-21T07:08:00.000Z,2026-09-21T10:08:00,17.1,17.1,16.86,16.97,225600
2026-09-21T07:09:00.000Z,2026-09-21T10:09:00,16.9,17.05,16.85,16.99,164812
2026-09-21T07:10:00.000Z,2026-09-21T10:10:00,16.97,16.97,16.67,16.69,190823
2026-09-21T07:11:00.000Z,2026-09-21T10:11:00,16.66,16.89,16.6,16.85,80564
2026-09-21T07:12:00.000Z,2026-09-21T10:12:00,16.8,16.8,16.69,16.79,124352
2026-09-21T07:13:00.000Z,2026-09-21T10:13:00,16.7,16.78,16.56,16.6,109452
2026-09-21T07:14:00.000Z,2026-09-21T10:14:00,16.56,16.6,16.42,16.42,111641
2026-09-21T07:15:00.000Z,2026-09-21T10:15:00,16.44,16.55,16.4,16.43,167377
2026-09-21T07:16:00.000Z,2026-09-21T10:16:00,16.5,16.6,16.45,16.6,109484
2026-09-21T07:17:00.000Z,2026-09-21T10:17:00,16.6,16.68,16.55,16.65,71006
2026-09-21T07:18:00.000Z,2026-09-21T10:18:00,16.66,16.98,16.6,16.94,228279
2026-09-21T07:19:00.000Z,2026-09-21T10:19:00,16.93,16.98,16.67,16.86,225822
2026-09-21T07:20:00.000Z,2026-09-21T10:20:00,16.8,17.1,16.8,17.1,165662
2026-09-21T07:21:00.000Z,2026-09-21T10:21:00,17,17.17,17,17,148245
2026-09-21T07:22:00.000Z,2026-09-21T10:22:00,17,17,16.75,16.9,69503
2026-09-21T07:23:00.000Z,2026-09-21T10:23:00,16.8,16.9,16.75,16.81,15016
2026-09-21T07:24:00.000Z,2026-09-21T10:24:00,16.81,16.94,16.81,16.84,20258
2026-09-21T07:25:00.000Z,2026-09-21T10:25:00,16.84,16.97,16.84,16.9,37172
2026-09-21T07:26:00.000Z,2026-09-21T10:26:00,16.91,17.1,16.91,17.1,98412
2026-09-21T07:27:00.000Z,2026-09-21T10:27:00,17.1,17.1,16.85,16.85,115750
2026-09-21T07:28:00.000Z,2026-09-21T10:28:00,16.85,16.9,16.77,16.8,44601
2026-09-21T07:29:00.000Z,2026-09-21T10:29:00,16.78,16.97,16.71,16.9,60233
2026-09-21T07:30:00.000Z,2026-09-21T10:30:00,16.82,16.97,16.82,16.89,25997
2026-09-21T07:31:00.000Z,2026-09-21T10:31:00,16.9,17.05,16.9,17,103262
2026-09-21T07:32:00.000Z,2026-09-21T10:32:00,16.99,17.05,16.8,16.8,317114
2026-09-21T07:33:00.000Z,2026-09-21T10:33:00,16.8,16.8,16.6,16.7,53566
2026-09-21T07:34:00.000Z,2026-09-21T10:34:00,16.7,16.75,16.53,16.6,47262
2026-09-21T07:35:00.000Z,2026-09-21T10:35:00,16.6,16.7,16.52,16.61,25447
2026-09-21T07:36:00.000Z,2026-09-21T10:36:00,16.61,16.75,16.61,16.75,3086
2026-09-21T07:37:00.000Z,2026-09-21T10:37:00,16.65,16.72,16.55,16.55,49725
2026-09-21T07:38:00.000Z,2026-09-21T10:38:00,16.55,16.6,16.35,16.5,214110
2026-09-21T07:39:00.000Z,2026-09-21T10:39:00,16.59,16.59,16.45,16.45,72056
2026-09-21T07:40:00.000Z,2026-09-21T10:40:00,16.45,16.5,16.27,16.27,144128
2026-09-21T07:41:00.000Z,2026-09-21T10:41:00,16.29,16.3,16.05,16.25,375639
2026-09-21T07:42:00.000Z,2026-09-21T10:42:00,16.25,16.37,16.2,16.3,165282
2026-09-21T07:43:00.000Z,2026-09-21T10:43:00,16.28,16.3,15.9,16,194894
2026-09-21T07:44:00.000Z,2026-09-21T10:44:00,16,16.1,15.93,16,108487
2026-09-21T07:45:00.000Z,2026-09-21T10:45:00,16,16,15.64,15.94,116288
2026-09-21T07:46:00.000Z,2026-09-21T10:46:00,15.9,16.08,15.85,15.9,130446
2026-09-21T07:47:00.000Z,2026-09-21T10:47:00,15.9,15.95,15.56,15.63,81181
2026-09-21T07:48:00.000Z,2026-09-21T10:48:00,15.63,15.71,15.45,15.61,204434
2026-09-21T07:49:00.000Z,2026-09-21T10:49:00,15.61,15.79,15.55,15.79,128515
2026-09-21T07:50:00.000Z,2026-09-21T10:50:00,15.79,15.88,15.71,15.74,75900
2026-09-21T07:51:00.000Z,2026-09-21T10:51:00,15.71,15.71,15.64,15.69,16770
2026-09-21T07:52:00.000Z,2026-09-21T10:52:00,15.64,15.73,15.64,15.73,13499
2026-09-21T07:53:00.000Z,2026-09-21T10:53:00,15.75,15.83,15.75,15.75,42862
2026-09-21T07:54:00.000Z,2026-09-21T10:54:00,15.75,15.75,15.57,15.6,20670
2026-09-21T07:55:00.000Z,2026-09-21T10:55:00,15.62,15.7,15.6,15.6,32070
2026-09-21T07:56:00.000Z,2026-09-21T10:56:00,15.7,15.74,15.7,15.74,5850
2026-09-21T07:57:00.000Z,2026-09-21T10:57:00,15.75,15.84,15.75,15.83,38446
2026-09-21T07:58:00.000Z,2026-09-21T10:58:00,15.83,15.89,15.78,15.85,36046
2026-09-21T07:59:00.000Z,2026-09-21T10:59:00,15.85,15.85,15.73,15.81,87389
2026-09-21T08:00:00.000Z,2026-09-21T11:00:00,15.81,15.93,15.81,15.93,12465
2026-09-21T08:01:00.000Z,2026-09-21T11:01:00,15.93,15.99,15.86,15.9,77455
2026-09-21T08:02:00.000Z,2026-09-21T11:02:00,15.95,15.95,15.61,15.61,32288
2026-09-21T08:03:00.000Z,2026-09-21T11:03:00,15.65,15.71,15.65,15.71,4075
2026-09-21T08:04:00.000Z,2026-09-21T11:04:00,15.72,15.79,15.67,15.79,28215
2026-09-21T08:05:00.000Z,2026-09-21T11:05:00,15.79,16,15.79,15.85,86025
2026-09-21T08:06:00.000Z,2026-09-21T11:06:00,15.9,16,15.9,16,52699
2026-09-21T08:07:00.000Z,2026-09-21T11:07:00,16,16,15.8,15.8,39171
2026-09-21T08:08:00.000Z,2026-09-21T11:08:00,15.8,15.8,15.66,15.66,106335
2026-09-21T08:09:00.000Z,2026-09-21T11:09:00,15.72,15.79,15.72,15.72,22430
2026-09-21T08:10:00.000Z,2026-09-21T11:10:00,15.79,15.8,15.78,15.78,37470
2026-09-21T08:11:00.000Z,2026-09-21T11:11:00,15.75,15.8,15.7,15.75,43175
2026-09-21T08:12:00.000Z,2026-09-21T11:12:00,15.75,15.79,15.61,15.75,31233
2026-09-21T08:13:00.000Z,2026-09-21T11:13:00,15.61,15.68,15.53,15.61,158612
2026-09-21T08:14:00.000Z,2026-09-21T11:14:00,15.64,15.69,15.47,15.5,79119
2026-09-21T08:15:00.000Z,2026-09-21T11:15:00,15.47,15.49,15.42,15.48,37962
2026-09-21T08:16:00.000Z,2026-09-21T11:16:00,15.48,15.6,15.46,15.6,16842
2026-09-21T08:17:00.000Z,2026-09-21T11:17:00,15.6,15.6,15.5,15.6,11105
2026-09-21T08:18:00.000Z,2026-09-21T11:18:00,15.6,15.68,15.5,15.65,70039
2026-09-21T08:19:00.000Z,2026-09-21T11:19:00,15.51,15.51,15.35,15.48,95115
2026-09-21T08:20:00.000Z,2026-09-21T11:20:00,15.37,15.68,15.37,15.5,68128
2026-09-21T08:21:00.000Z,2026-09-21T11:21:00,15.5,15.5,15.44,15.44,16770
2026-09-21T08:22:00.000Z,2026-09-21T11:22:00,15.42,15.5,15.4,15.5,131450
2026-09-21T08:23:00.000Z,2026-09-21T11:23:00,15.5,15.66,15.5,15.64,83046
2026-09-21T08:24:00.000Z,2026-09-21T11:24:00,15.52,15.64,15.52,15.55,20294
2026-09-21T08:25:00.000Z,2026-09-21T11:25:00,15.55,15.64,15.55,15.64,22947
2026-09-21T08:26:00.000Z,2026-09-21T11:26:00,15.6,15.63,15.55,15.55,37467
2026-09-21T08:27:00.000Z,2026-09-21T11:27:00,15.55,15.55,15.52,15.52,1454
2026-09-21T08:28:00.000Z,2026-09-21T11:28:00,15.51,15.55,15.5,15.55,8532
2026-09-21T08:29:00.000Z,2026-09-21T11:29:00,15.52,15.52,15.46,15.5,42455
2026-09-21T08:30:00.000Z,2026-09-21T11:30:00,15.49,15.51,15.46,15.47,45436
2026-09-21T08:31:00.000Z,2026-09-21T11:31:00,15.47,15.5,15.35,15.35,61891
2026-09-21T08:32:00.000Z,2026-09-21T11:32:00,15.35,15.49,15.32,15.4,53134
2026-09-21T08:33:00.000Z,2026-09-21T11:33:00,15.4,15.49,15.33,15.4,78593
2026-09-21T08:34:00.000Z,2026-09-21T11:34:00,15.4,15.4,15.29,15.29,31542
2026-09-21T08:35:00.000Z,2026-09-21T11:35:00,15.29,15.39,15.16,15.16,129542
2026-09-21T08:36:00.000Z,2026-09-21T11:36:00,15.15,15.2,15.14,15.2,38367
2026-09-21T08:37:00.000Z,2026-09-21T11:37:00,15.16,15.29,15.16,15.21,79397
2026-09-21T08:38:00.000Z,2026-09-21T11:38:00,15.13,15.13,14.71,14.81,274753
2026-09-21T08:39:00.000Z,2026-09-21T11:39:00,14.85,15,14.81,14.97,74228
2026-09-21T08:40:00.000Z,2026-09-21T11:40:00,14.98,15,14.93,14.95,65680
2026-09-21T08:41:00.000Z,2026-09-21T11:41:00,14.95,15.07,14.95,15,74752
2026-09-21T08:42:00.000Z,2026-09-21T11:42:00,15,15,14.82,14.95,46739
2026-09-21T08:43:00.000Z,2026-09-21T11:43:00,14.94,14.94,14.77,14.8,32481
2026-09-21T08:44:00.000Z,2026-09-21T11:44:00,14.77,14.82,14.67,14.7,210033
2026-09-21T08:45:00.000Z,2026-09-21T11:45:00,14.67,14.7,14.6,14.6,63214
2026-09-21T08:55:00.000Z,2026-09-21T11:55:00,14.7,15,14.5,14.9,80727
2026-09-21T08:56:00.000Z,2026-09-21T11:56:00,14.9,15,14.7,14.8,131429
2026-09-21T08:57:00.000Z,2026-09-21T11:57:00,14.85,14.9,14.7,14.7,43451
2026-09-21T08:58:00.000Z,2026-09-21T11:58:00,14.7,14.78,14.63,14.75,62467
2026-09-21T08:59:00.000Z,2026-09-21T11:59:00,14.75,14.98,14.7,14.98,86469
2026-09-21T09:00:00.000Z,2026-09-21T12:00:00,14.98,15,14.9,14.9,116052
2026-09-21T09:01:00.000Z,2026-09-21T12:01:00,14.9,14.9,14.71,14.8,30370
2026-09-21T09:02:00.000Z,2026-09-21T12:02:00,14.9,14.9,14.8,14.81,22300
2026-09-21T09:03:00.000Z,2026-09-21T12:03:00,14.94,14.96,14.8,14.81,22007
2026-09-21T09:04:00.000Z,2026-09-21T12:04:00,14.9,14.9,14.8,14.84,40255
2026-09-21T09:05:00.000Z,2026-09-21T12:05:00,14.84,14.9,14.77,14.84,33870
2026-09-21T09:06:00.000Z,2026-09-21T12:06:00,14.84,14.9,14.84,14.9,40726
2026-09-21T09:07:00.000Z,2026-09-21T12:07:00,14.88,14.9,14.8,14.9,7262
2026-09-21T09:08:00.000Z,2026-09-21T12:08:00,14.9,15.05,14.9,15.05,45471
2026-09-21T09:09:00.000Z,2026-09-21T12:09:00,15.05,15.1,15,15.1,144653
2026-09-21T09:10:00.000Z,2026-09-21T12:10:00,15.01,15.01,14.75,14.75,122889
2026-09-21T09:11:00.000Z,2026-09-21T12:11:00,14.82,14.89,14.8,14.8,26803
2026-09-21T09:12:00.000Z,2026-09-21T12:12:00,14.8,14.9,14.63,14.63,84531
2026-09-21T09:13:00.000Z,2026-09-21T12:13:00,14.66,14.79,14.66,14.72,15488
2026-09-21T09:14:00.000Z,2026-09-21T12:14:00,14.72,14.77,14.67,14.77,23595
2026-09-21T09:15:00.000Z,2026-09-21T12:15:00,14.77,14.88,14.77,14.8,9540
2026-09-21T09:16:00.000Z,2026-09-21T12:16:00,14.85,14.89,14.8,14.86,12037
2026-09-21T09:17:00.000Z,2026-09-21T12:17:00,14.87,14.9,14.87,14.9,3900
2026-09-21T09:18:00.000Z,2026-09-21T12:18:00,14.93,15.07,14.93,15,171546
2026-09-21T09:19:00.000Z,2026-09-21T12:19:00,15,15.06,14.9,14.9,53775
2026-09-21T09:20:00.000Z,2026-09-21T12:20:00,14.85,14.89,14.8,14.89,16136
2026-09-21T09:21:00.000Z,2026-09-21T12:21:00,14.89,14.9,14.88,14.89,44815
2026-09-21T09:22:00.000Z,2026-09-21T12:22:00,14.97,15.07,14.95,15.07,75949
2026-09-21T09:23:00.000Z,2026-09-21T12:23:00,15,15.1,15,15.09,122179
2026-09-21T09:24:00.000Z,2026-09-21T12:24:00,15.15,15.18,15.1,15.1,52960
2026-09-21T09:25:00.000Z,2026-09-21T12:25:00,15.1,15.1,14.84,14.84,41468
2026-09-21T09:26:00.000Z,2026-09-21T12:26:00,15,15.03,15,15.03,3507
2026-09-21T09:27:00.000Z,2026-09-21T12:27:00,15.01,15.07,15.01,15.07,13600
2026-09-21T09:28:00.000Z,2026-09-21T12:28:00,15.01,15.07,15,15.06,6211
2026-09-21T09:29:00.000Z,2026-09-21T12:29:00,15.05,15.06,15.01,15.06,13042
2026-09-21T09:30:00.000Z,2026-09-21T12:30:00,15.08,15.12,15.06,15.06,40028
2026-09-21T09:31:00.000Z,2026-09-21T12:31:00,15.06,15.1,15,15,57890
2026-09-21T09:32:00.000Z,2026-09-21T12:32:00,15,15,14.88,14.9,49113
2026-09-21T09:33:00.000Z,2026-09-21T12:33:00,14.9,15,14.9,15,46961
2026-09-21T09:34:00.000Z,2026-09-21T12:34:00,15.01,15.15,15.01,15.14,27241
2026-09-21T09:35:00.000Z,2026-09-21T12:35:00,15.07,15.15,15.07,15.11,49869
2026-09-21T09:36:00.000Z,2026-09-21T12:36:00,15.15,15.33,15.13,15.2,119876
2026-09-21T09:37:00.000Z,2026-09-21T12:37:00,15.18,15.2,15.11,15.2,53867
2026-09-21T09:38:00.000Z,2026-09-21T12:38:00,15.24,15.54,15.2,15.5,220354
2026-09-21T09:39:00.000Z,2026-09-21T12:39:00,15.48,15.48,15.26,15.37,173693
2026-09-21T09:40:00.000Z,2026-09-21T12:40:00,15.3,15.3,15.12,15.12,75458
2026-09-21T09:41:00.000Z,2026-09-21T12:41:00,15.16,15.38,15.15,15.3,38194
2026-09-21T09:42:00.000Z,2026-09-21T12:42:00,15.3,15.63,15.3,15.5,197438
2026-09-21T09:43:00.000Z,2026-09-21T12:43:00,15.5,15.58,15.39,15.4,95974
2026-09-21T09:44:00.000Z,2026-09-21T12:44:00,15.4,15.51,15.39,15.51,104058
2026-09-21T09:45:00.000Z,2026-09-21T12:45:00,15.47,15.6,15.47,15.6,82346
2026-09-21T09:46:00.000Z,2026-09-21T12:46:00,15.6,15.8,15.6,15.78,206316
2026-09-21T09:47:00.000Z,2026-09-21T12:47:00,15.78,15.84,15.52,15.6,183708
2026-09-21T09:48:00.000Z,2026-09-21T12:48:00,15.6,15.95,15.6,15.95,158929
2026-09-21T09:49:00.000Z,2026-09-21T12:49:00,15.84,16.1,15.84,15.9,294271
2026-09-21T09:50:00.000Z,2026-09-21T12:50:00,15.86,15.9,15.8,15.89,133725
2026-09-21T09:51:00.000Z,2026-09-21T12:51:00,15.89,16.01,15.89,15.9,116446
2026-09-21T09:52:00.000Z,2026-09-21T12:52:00,15.9,15.9,15.5,15.5,167420
2026-09-21T09:53:00.000Z,2026-09-21T12:53:00,15.65,15.77,15.51,15.7,85017
2026-09-21T09:54:00.000Z,2026-09-21T12:54:00,15.7,15.77,15.66,15.77,20080
2026-09-21T09:55:00.000Z,2026-09-21T12:55:00,15.7,15.8,15.66,15.7,54296
2026-09-21T09:56:00.000Z,2026-09-21T12:56:00,15.7,15.7,15.7,15.7,27974
2026-09-21T09:57:00.000Z,2026-09-21T12:57:00,15.7,15.75,15.7,15.75,10411
2026-09-21T09:58:00.000Z,2026-09-21T12:58:00,15.69,15.69,15.55,15.55,54688
2026-09-21T09:59:00.000Z,2026-09-21T12:59:00,15.55,15.55,15.43,15.44,63766
2026-09-21T10:00:00.000Z,2026-09-21T13:00:00,15.44,15.6,15.41,15.5,46375
2026-09-21T10:01:00.000Z,2026-09-21T13:01:00,15.5,15.52,15.44,15.44,14877
2026-09-21T10:02:00.000Z,2026-09-21T13:02:00,15.44,15.58,15.44,15.55,26937
2026-09-21T10:03:00.000Z,2026-09-21T13:03:00,15.59,15.61,15.5,15.5,50360
2026-09-21T10:04:00.000Z,2026-09-21T13:04:00,15.47,15.5,15.45,15.5,71687
2026-09-21T10:05:00.000Z,2026-09-21T13:05:00,15.46,15.46,15.2,15.29,146893
2026-09-21T10:06:00.000Z,2026-09-21T13:06:00,15.21,15.4,15.21,15.3,62340
2026-09-21T10:07:00.000Z,2026-09-21T13:07:00,15.35,15.44,15.31,15.4,77797
2026-09-21T10:08:00.000Z,2026-09-21T13:08:00,15.4,15.4,15.33,15.35,24956
2026-09-21T10:09:00.000Z,2026-09-21T13:09:00,15.33,15.33,15.17,15.2,46088
2026-09-21T10:10:00.000Z,2026-09-21T13:10:00,15.29,15.35,15.28,15.3,22113
2026-09-21T10:11:00.000Z,2026-09-21T13:11:00,15.3,15.35,15.3,15.3,38079
2026-09-21T10:12:00.000Z,2026-09-21T13:12:00,15.3,15.3,15.3,15.3,4500
2026-09-21T10:13:00.000Z,2026-09-21T13:13:00,15.3,15.35,15.29,15.35,31504
2026-09-21T10:14:00.000Z,2026-09-21T13:14:00,15.35,15.35,15.22,15.3,63560
2026-09-21T10:15:00.000Z,2026-09-21T13:15:00,15.22,15.22,15.05,15.06,110926
2026-09-21T10:16:00.000Z,2026-09-21T13:16:00,15.1,15.25,15.06,15.25,22276
2026-09-21T10:17:00.000Z,2026-09-21T13:17:00,15.25,15.27,15.18,15.18,26306
2026-09-21T10:18:00.000Z,2026-09-21T13:18:00,15.2,15.2,15.13,15.14,27751
2026-09-21T10:19:00.000Z,2026-09-21T13:19:00,15.14,15.18,15.14,15.15,23066
2026-09-21T10:20:00.000Z,2026-09-21T13:20:00,15.18,15.18,15.16,15.16,1510
2026-09-21T10:21:00.000Z,2026-09-21T13:21:00,15.18,15.23,15.1,15.1,45070
2026-09-21T10:22:00.000Z,2026-09-21T13:22:00,15.1,15.1,15.06,15.06,19514
2026-09-21T10:23:00.000Z,2026-09-21T13:23:00,15.07,15.1,15.06,15.1,15816
2026-09-21T10:24:00.000Z,2026-09-21T13:24:00,15.1,15.19,15.08,15.19,5330
2026-09-21T10:25:00.000Z,2026-09-21T13:25:00,15.18,15.18,15.15,15.15,8849
2026-09-21T10:26:00.000Z,2026-09-21T13:26:00,15.1,15.15,15.05,15.05,48855
2026-09-21T10:27:00.000Z,2026-09-21T13:27:00,15.07,15.08,14.95,14.95,103978
2026-09-21T10:28:00.000Z,2026-09-21T13:28:00,14.96,15.04,14.95,15,22478
2026-09-21T10:29:00.000Z,2026-09-21T13:29:00,15.04,15.05,15,15.01,10429
2026-09-21T10:30:00.000Z,2026-09-21T13:30:00,15.07,15.09,15.07,15.07,47248
2026-09-21T10:31:00.000Z,2026-09-21T13:31:00,15.09,15.14,15,15.07,24966
2026-09-21T10:32:00.000Z,2026-09-21T13:32:00,15.07,15.07,15,15,30555
2026-09-21T10:33:00.000Z,2026-09-21T13:33:00,15.01,15.07,15,15.07,39520
2026-09-21T10:34:00.000Z,2026-09-21T13:34:00,15.1,15.27,15.1,15.22,21288
2026-09-21T10:35:00.000Z,2026-09-21T13:35:00,15.13,15.22,15.1,15.1,136052
2026-09-21T10:36:00.000Z,2026-09-21T13:36:00,15.11,15.2,15.05,15.2,19021
2026-09-21T10:37:00.000Z,2026-09-21T13:37:00,15.2,15.2,15.07,15.1,25782
2026-09-21T10:38:00.000Z,2026-09-21T13:38:00,15.1,15.1,15.05,15.05,29466
2026-09-21T10:39:00.000Z,2026-09-21T13:39:00,15.04,15.08,14.85,14.9,94533
2026-09-21T10:40:00.000Z,2026-09-21T13:40:00,14.9,14.97,14.9,14.91,16074
2026-09-21T10:41:00.000Z,2026-09-21T13:41:00,14.91,14.99,14.91,14.99,19794
2026-09-21T10:42:00.000Z,2026-09-21T13:42:00,14.99,14.99,14.96,14.99,26907
2026-09-21T10:43:00.000Z,2026-09-21T13:43:00,14.99,15,14.97,14.97,8382
2026-09-21T10:44:00.000Z,2026-09-21T13:44:00,15,15,14.96,14.96,3307
2026-09-21T10:45:00.000Z,2026-09-21T13:45:00,14.96,15,14.96,14.96,3556
2026-09-21T10:46:00.000Z,2026-09-21T13:46:00,14.96,15,14.93,14.97,12984
2026-09-21T10:47:00.000Z,2026-09-21T13:47:00,14.94,14.97,14.93,14.97,17530
2026-09-21T10:48:00.000Z,2026-09-21T13:48:00,14.97,14.97,14.9,14.9,35323
2026-09-21T10:49:00.000Z,2026-09-21T13:49:00,14.91,14.91,14.9,14.9,12441
2026-09-21T10:50:00.000Z,2026-09-21T13:50:00,14.91,14.97,14.91,14.97,1195
2026-09-21T10:51:00.000Z,2026-09-21T13:51:00,14.97,15.01,14.96,14.96,4802
2026-09-21T10:52:00.000Z,2026-09-21T13:52:00,15,15,14.96,15,7189
2026-09-21T10:53:00.000Z,2026-09-21T13:53:00,15,15,14.95,14.95,7797
2026-09-21T10:54:00.000Z,2026-09-21T13:54:00,14.95,14.96,14.95,14.96,5410
2026-09-21T10:55:00.000Z,2026-09-21T13:55:00,14.96,15,14.95,14.96,10610
2026-09-21T10:56:00.000Z,2026-09-21T13:56:00,14.97,14.97,14.95,14.95,2396
2026-09-21T10:57:00.000Z,2026-09-21T13:57:00,14.95,14.96,14.94,14.94,10479
2026-09-21T10:58:00.000Z,2026-09-21T13:58:00,14.94,14.94,14.91,14.91,33627
2026-09-21T10:59:00.000Z,2026-09-21T13:59:00,14.9,14.91,14.9,14.9,22623
2026-09-21T11:00:00.000Z,2026-09-21T14:00:00,14.94,14.95,14.91,14.95,29524
2026-09-21T11:01:00.000Z,2026-09-21T14:01:00,14.98,15,14.96,15,58483
2026-09-21T11:02:00.000Z,2026-09-21T14:02:00,15,15,14.95,15,15411
2026-09-21T11:03:00.000Z,2026-09-21T14:03:00,15,15,14.96,14.96,974
2026-09-21T11:04:00.000Z,2026-09-21T14:04:00,14.98,15,14.97,15,17966
2026-09-21T11:05:00.000Z,2026-09-21T14:05:00,15,15.05,15,15,15147
2026-09-21T11:06:00.000Z,2026-09-21T14:06:00,15.01,15.02,15,15,50615
2026-09-21T11:07:00.000Z,2026-09-21T14:07:00,15,15,14.95,14.95,33869
2026-09-21T11:08:00.000Z,2026-09-21T14:08:00,15,15,15,15,1800
2026-09-21T11:09:00.000Z,2026-09-21T14:09:00,15,15,14.97,14.97,13330
2026-09-21T11:10:00.000Z,2026-09-21T14:10:00,14.97,14.98,14.96,14.96,7084
2026-09-21T11:11:00.000Z,2026-09-21T14:11:00,14.96,14.98,14.92,14.97,57954
2026-09-21T11:12:00.000Z,2026-09-21T14:12:00,14.97,14.98,14.97,14.98,23796
2026-09-21T11:13:00.000Z,2026-09-21T14:13:00,14.98,15.1,14.97,15.01,138263
2026-09-21T11:14:00.000Z,2026-09-21T14:14:00,15.09,15.09,14.98,14.98,49852
2026-09-21T11:25:00.000Z,2026-09-21T14:25:00,14.99,14.99,14.99,14.99,123404
2026-09-21T11:26:00.000Z,2026-09-21T14:26:00,14.99,14.99,14.99,14.99,123822
2026-09-21T11:27:00.000Z,2026-09-21T14:27:00,14.99,14.99,14.99,14.99,7533
2026-09-21T11:28:00.000Z,2026-09-21T14:28:00,14.99,14.99,14.99,14.99,13859
2026-09-22T07:00:00.000Z,2026-09-22T10:00:00,15.02,15.18,15.02,15.18,74759
2026-09-22T07:01:00.000Z,2026-09-22T10:01:00,15.28,15.3,15.2,15.25,26046
2026-09-22T07:02:00.000Z,2026-09-22T10:02:00,15.23,15.23,15.18,15.18,34783
2026-09-22T07:03:00.000Z,2026-09-22T10:03:00,15.18,15.18,14.77,14.77,209814
2026-09-22T07:04:00.000Z,2026-09-22T10:04:00,14.77,15.11,14.77,14.99,87785
2026-09-22T07:05:00.000Z,2026-09-22T10:05:00,15,15.1,14.92,15,34415
2026-09-22T07:06:00.000Z,2026-09-22T10:06:00,14.94,15.09,14.94,15.09,20838
2026-09-22T07:07:00.000Z,2026-09-22T10:07:00,15.08,15.08,15,15,7956
2026-09-22T07:08:00.000Z,2026-09-22T10:08:00,15,15,14.94,14.94,24742
2026-09-22T07:09:00.000Z,2026-09-22T10:09:00,14.94,15.07,14.94,15.03,18630
2026-09-22T07:10:00.000Z,2026-09-22T10:10:00,15.05,15.15,14.77,14.77,76646
2026-09-22T07:11:00.000Z,2026-09-22T10:11:00,15.09,15.09,15.09,15.09,1
2026-09-22T07:12:00.000Z,2026-09-22T10:12:00,14.95,15.01,14.85,15,26171
2026-09-22T07:13:00.000Z,2026-09-22T10:13:00,15.03,15.1,15,15.1,118464
2026-09-22T07:14:00.000Z,2026-09-22T10:14:00,15.12,15.15,15,15,79284
2026-09-22T07:15:00.000Z,2026-09-22T10:15:00,15,15.08,15,15.08,30030
2026-09-22T07:16:00.000Z,2026-09-22T10:16:00,15.05,15.06,15.03,15.05,29893
2026-09-22T07:17:00.000Z,2026-09-22T10:17:00,15.03,15.03,14.92,15,39169
2026-09-22T07:18:00.000Z,2026-09-22T10:18:00,14.92,14.92,14.92,14.92,2159
2026-09-22T07:19:00.000Z,2026-09-22T10:19:00,14.92,14.98,14.9,14.9,15407
2026-09-22T07:20:00.000Z,2026-09-22T10:20:00,14.9,15.05,14.9,14.91,33289
2026-09-22T07:21:00.000Z,2026-09-22T10:21:00,14.97,15,14.91,15,32560
2026-09-22T07:22:00.000Z,2026-09-22T10:22:00,14.92,15,14.91,14.91,37454
2026-09-22T07:23:00.000Z,2026-09-22T10:23:00,14.91,14.91,14.89,14.9,50909
2026-09-22T07:24:00.000Z,2026-09-22T10:24:00,14.9,14.9,14.87,14.87,11271
2026-09-22T07:25:00.000Z,2026-09-22T10:25:00,14.87,15,14.8,15,41546
2026-09-22T07:26:00.000Z,2026-09-22T10:26:00,14.99,14.99,14.98,14.99,5277
2026-09-22T07:27:00.000Z,2026-09-22T10:27:00,14.85,14.85,14.85,14.85,301
2026-09-22T07:28:00.000Z,2026-09-22T10:28:00,14.95,14.97,14.85,14.97,2674
2026-09-22T07:29:00.000Z,2026-09-22T10:29:00,14.96,14.96,14.95,14.95,10093
2026-09-22T07:30:00.000Z,2026-09-22T10:30:00,14.9,14.94,14.9,14.94,15979
2026-09-22T07:31:00.000Z,2026-09-22T10:31:00,14.94,14.96,14.94,14.95,5791
2026-09-22T07:32:00.000Z,2026-09-22T10:32:00,14.95,14.95,14.9,14.9,6935
2026-09-22T07:33:00.000Z,2026-09-22T10:33:00,14.91,14.91,14.89,14.9,10759
2026-09-22T07:34:00.000Z,2026-09-22T10:34:00,14.9,14.9,14.88,14.9,2261
2026-09-22T07:35:00.000Z,2026-09-22T10:35:00,14.9,14.9,14.85,14.85,19412
2026-09-22T07:37:00.000Z,2026-09-22T10:37:00,14.86,14.93,14.85,14.93,1010
2026-09-22T07:38:00.000Z,2026-09-22T10:38:00,14.86,14.96,14.85,14.96,11994
2026-09-22T07:39:00.000Z,2026-09-22T10:39:00,14.96,14.96,14.96,14.96,260
2026-09-22T07:41:00.000Z,2026-09-22T10:41:00,14.89,14.94,14.87,14.94,7183
2026-09-22T07:42:00.000Z,2026-09-22T10:42:00,14.9,14.9,14.89,14.89,10832
2026-09-22T07:43:00.000Z,2026-09-22T10:43:00,14.87,14.87,14.67,14.84,202980
2026-09-22T07:44:00.000Z,2026-09-22T10:44:00,14.71,14.71,14.7,14.7,12352
2026-09-22T07:45:00.000Z,2026-09-22T10:45:00,14.7,14.7,14.68,14.68,11218
2026-09-22T07:46:00.000Z,2026-09-22T10:46:00,14.7,14.7,14.69,14.7,7313
2026-09-22T07:47:00.000Z,2026-09-22T10:47:00,14.69,14.79,14.69,14.69,17014
2026-09-22T07:48:00.000Z,2026-09-22T10:48:00,14.7,14.7,14.69,14.7,10594
2026-09-22T07:49:00.000Z,2026-09-22T10:49:00,14.7,14.79,14.7,14.7,11874
2026-09-22T07:50:00.000Z,2026-09-22T10:50:00,14.7,14.7,14.69,14.69,720
2026-09-22T07:51:00.000Z,2026-09-22T10:51:00,14.69,14.69,14.67,14.67,12108
2026-09-22T07:52:00.000Z,2026-09-22T10:52:00,14.68,14.71,14.26,14.7,240435
2026-09-22T07:53:00.000Z,2026-09-22T10:53:00,14.51,14.68,14.51,14.68,1284
2026-09-22T07:54:00.000Z,2026-09-22T10:54:00,14.6,14.61,14.6,14.6,15354
2026-09-22T07:55:00.000Z,2026-09-22T10:55:00,14.61,14.61,14.5,14.6,61714
2026-09-22T07:56:00.000Z,2026-09-22T10:56:00,14.6,14.6,14.46,14.5,20401
2026-09-22T07:57:00.000Z,2026-09-22T10:57:00,14.47,14.47,14.4,14.41,23756
2026-09-22T07:58:00.000Z,2026-09-22T10:58:00,14.41,14.49,14.3,14.4,50343
2026-09-22T07:59:00.000Z,2026-09-22T10:59:00,14.37,14.4,14.26,14.26,95591
2026-09-22T08:00:00.000Z,2026-09-22T11:00:00,14.3,14.4,14.3,14.3,141760
2026-09-22T08:01:00.000Z,2026-09-22T11:01:00,14.28,14.3,14.28,14.3,72396
2026-09-22T08:02:00.000Z,2026-09-22T11:02:00,14.4,14.4,14.35,14.4,32601
2026-09-22T08:03:00.000Z,2026-09-22T11:03:00,14.4,14.4,14.3,14.3,48201
2026-09-22T08:04:00.000Z,2026-09-22T11:04:00,14.3,14.46,14.3,14.4,35294
2026-09-22T08:05:00.000Z,2026-09-22T11:05:00,14.41,14.46,14.4,14.45,20444
2026-09-22T08:06:00.000Z,2026-09-22T11:06:00,14.42,14.45,14.32,14.32,154113
2026-09-22T08:07:00.000Z,2026-09-22T11:07:00,14.33,14.37,14.27,14.3,65223
2026-09-22T08:08:00.000Z,2026-09-22T11:08:00,14.3,14.31,14.3,14.3,10857
2026-09-22T08:09:00.000Z,2026-09-22T11:09:00,14.3,14.3,14.25,14.27,22484
2026-09-22T08:10:00.000Z,2026-09-22T11:10:00,14.27,14.35,14.25,14.35,17958
2026-09-22T08:11:00.000Z,2026-09-22T11:11:00,14.28,14.4,14.28,14.3,72234
2026-09-22T08:12:00.000Z,2026-09-22T11:12:00,14.3,14.4,14.3,14.32,62354
2026-09-22T08:13:00.000Z,2026-09-22T11:13:00,14.32,14.32,14.27,14.27,16947
2026-09-22T08:14:00.000Z,2026-09-22T11:14:00,14.3,14.3,14.3,14.3,16284
2026-09-22T08:15:00.000Z,2026-09-22T11:15:00,14.3,14.3,14.27,14.27,5488
2026-09-22T08:16:00.000Z,2026-09-22T11:16:00,14.27,14.3,14.27,14.27,14974
2026-09-22T08:17:00.000Z,2026-09-22T11:17:00,14.27,14.3,14.27,14.3,5730
2026-09-22T08:18:00.000Z,2026-09-22T11:18:00,14.3,14.3,14.25,14.25,20774
2026-09-22T08:19:00.000Z,2026-09-22T11:19:00,14.25,14.25,14.25,14.25,9316
2026-09-22T08:20:00.000Z,2026-09-22T11:20:00,14.25,14.28,14.21,14.21,14265
2026-09-22T08:21:00.000Z,2026-09-22T11:21:00,14.24,14.24,14.18,14.18,21556
2026-09-22T08:22:00.000Z,2026-09-22T11:22:00,14.19,14.2,14.11,14.12,71410
2026-09-22T08:23:00.000Z,2026-09-22T11:23:00,14.19,14.21,14.19,14.2,18528
2026-09-22T08:24:00.000Z,2026-09-22T11:24:00,14.2,14.29,14.2,14.29,29012
2026-09-22T08:25:00.000Z,2026-09-22T11:25:00,14.29,14.38,14.29,14.38,18286
2026-09-22T08:26:00.000Z,2026-09-22T11:26:00,14.34,14.37,14.29,14.29,21538
2026-09-22T08:27:00.000Z,2026-09-22T11:27:00,14.29,14.32,14.29,14.32,35273
2026-09-22T08:28:00.000Z,2026-09-22T11:28:00,14.34,14.42,14.34,14.4,35961
2026-09-22T08:29:00.000Z,2026-09-22T11:29:00,14.4,14.5,14.4,14.5,71389
2026-09-22T08:30:00.000Z,2026-09-22T11:30:00,14.59,14.6,14.44,14.48,62225
2026-09-22T08:31:00.000Z,2026-09-22T11:31:00,14.47,14.47,14.4,14.4,35606
2026-09-22T08:32:00.000Z,2026-09-22T11:32:00,14.4,14.42,14.35,14.35,14968
2026-09-22T08:33:00.000Z,2026-09-22T11:33:00,14.4,14.4,14.4,14.4,16080
2026-09-22T08:34:00.000Z,2026-09-22T11:34:00,14.42,14.53,14.42,14.53,24472
2026-09-22T08:35:00.000Z,2026-09-22T11:35:00,14.5,14.5,14.46,14.5,96500
2026-09-22T08:36:00.000Z,2026-09-22T11:36:00,14.5,14.54,14.5,14.5,24006
2026-09-22T08:37:00.000Z,2026-09-22T11:37:00,14.5,14.5,14.42,14.42,54628
2026-09-22T08:38:00.000Z,2026-09-22T11:38:00,14.4,14.4,14.4,14.4,3380
2026-09-22T08:39:00.000Z,2026-09-22T11:39:00,14.4,14.4,14.37,14.4,7436
2026-09-22T08:40:00.000Z,2026-09-22T11:40:00,14.37,14.37,14.3,14.3,26632
2026-09-22T08:41:00.000Z,2026-09-22T11:41:00,14.3,14.32,14.3,14.32,10078
2026-09-22T08:42:00.000Z,2026-09-22T11:42:00,14.32,14.32,14.32,14.32,950
2026-09-22T08:43:00.000Z,2026-09-22T11:43:00,14.31,14.35,14.31,14.35,9158
2026-09-22T08:44:00.000Z,2026-09-22T11:44:00,14.35,14.35,14.25,14.25,38610
2026-09-22T08:45:00.000Z,2026-09-22T11:45:00,14.25,14.37,14.25,14.37,59065
2026-09-22T08:46:00.000Z,2026-09-22T11:46:00,14.36,14.36,14.36,14.36,4625
2026-09-22T08:47:00.000Z,2026-09-22T11:47:00,14.36,14.36,14.29,14.36,5661
2026-09-22T08:48:00.000Z,2026-09-22T11:48:00,14.36,14.36,14.36,14.36,12
2026-09-22T08:49:00.000Z,2026-09-22T11:49:00,14.35,14.4,14.32,14.4,64190
2026-09-22T08:50:00.000Z,2026-09-22T11:50:00,14.45,14.5,14.41,14.5,60225
2026-09-22T08:51:00.000Z,2026-09-22T11:51:00,14.42,14.5,14.4,14.5,77623
2026-09-22T08:52:00.000Z,2026-09-22T11:52:00,14.44,14.45,14.44,14.45,773
2026-09-22T08:53:00.000Z,2026-09-22T11:53:00,14.45,14.49,14.45,14.49,1983
2026-09-22T08:54:00.000Z,2026-09-22T11:54:00,14.49,14.5,14.49,14.5,15483
2026-09-22T08:55:00.000Z,2026-09-22T11:55:00,14.46,14.46,14.46,14.46,7
2026-09-22T08:56:00.000Z,2026-09-22T11:56:00,14.46,14.47,14.46,14.47,101
2026-09-22T08:57:00.000Z,2026-09-22T11:57:00,14.47,14.47,14.38,14.38,7224
2026-09-22T08:58:00.000Z,2026-09-22T11:58:00,14.4,14.45,14.35,14.35,31940
2026-09-22T08:59:00.000Z,2026-09-22T11:59:00,14.43,14.43,14.43,14.43,7
2026-09-22T09:00:00.000Z,2026-09-22T12:00:00,14.43,14.43,14.43,14.43,1262
2026-09-22T09:02:00.000Z,2026-09-22T12:02:00,14.43,14.58,14.43,14.58,44353
2026-09-22T09:03:00.000Z,2026-09-22T12:03:00,14.58,14.6,14.58,14.59,51654
2026-09-22T09:04:00.000Z,2026-09-22T12:04:00,14.59,14.59,14.52,14.59,26810
2026-09-22T09:05:00.000Z,2026-09-22T12:05:00,14.54,14.67,14.54,14.67,14658
2026-09-22T09:06:00.000Z,2026-09-22T12:06:00,14.67,14.84,14.67,14.7,137311
2026-09-22T09:07:00.000Z,2026-09-22T12:07:00,14.7,14.7,14.55,14.55,39205
2026-09-22T09:08:00.000Z,2026-09-22T12:08:00,14.55,14.6,14.55,14.55,6647
2026-09-22T09:09:00.000Z,2026-09-22T12:09:00,14.56,14.56,14.52,14.52,19648
2026-09-22T09:10:00.000Z,2026-09-22T12:10:00,14.58,14.58,14.52,14.52,1200
2026-09-22T09:11:00.000Z,2026-09-22T12:11:00,14.58,14.58,14.52,14.52,26930
2026-09-22T09:12:00.000Z,2026-09-22T12:12:00,14.58,14.6,14.58,14.6,1621
2026-09-22T09:13:00.000Z,2026-09-22T12:13:00,14.6,14.6,14.53,14.53,7626
2026-09-22T09:14:00.000Z,2026-09-22T12:14:00,14.58,14.59,14.5,14.58,20262
2026-09-22T09:15:00.000Z,2026-09-22T12:15:00,14.53,14.53,14.45,14.45,110770
2026-09-22T09:16:00.000Z,2026-09-22T12:16:00,14.43,14.45,14.4,14.41,12251
2026-09-22T09:17:00.000Z,2026-09-22T12:17:00,14.4,14.41,14.35,14.4,39763
2026-09-22T09:18:00.000Z,2026-09-22T12:18:00,14.4,14.5,14.4,14.5,8968
2026-09-22T09:19:00.000Z,2026-09-22T12:19:00,14.56,14.56,14.5,14.5,1001
2026-09-22T09:20:00.000Z,2026-09-22T12:20:00,14.5,14.54,14.43,14.43,1879
2026-09-22T09:21:00.000Z,2026-09-22T12:21:00,14.52,14.52,14.41,14.42,16681
2026-09-22T09:22:00.000Z,2026-09-22T12:22:00,14.42,14.42,14.4,14.41,76774
2026-09-22T09:23:00.000Z,2026-09-22T12:23:00,14.41,14.41,14.4,14.4,3519
2026-09-22T09:24:00.000Z,2026-09-22T12:24:00,14.4,14.4,14.4,14.4,24034
2026-09-22T09:25:00.000Z,2026-09-22T12:25:00,14.4,14.44,14.4,14.44,2790
2026-09-22T09:26:00.000Z,2026-09-22T12:26:00,14.4,14.4,14.4,14.4,6802
2026-09-22T09:28:00.000Z,2026-09-22T12:28:00,14.43,14.43,14.35,14.35,29041
2026-09-22T09:29:00.000Z,2026-09-22T12:29:00,14.36,14.36,14.36,14.36,19
2026-09-22T09:30:00.000Z,2026-09-22T12:30:00,14.44,14.44,14.37,14.37,64
2026-09-22T09:31:00.000Z,2026-09-22T12:31:00,14.38,14.4,14.38,14.4,3621
2026-09-22T09:32:00.000Z,2026-09-22T12:32:00,14.4,14.4,14.4,14.4,8028
2026-09-22T09:33:00.000Z,2026-09-22T12:33:00,14.38,14.38,14.38,14.38,582
2026-09-22T09:35:00.000Z,2026-09-22T12:35:00,14.35,14.35,14.35,14.35,2827
2026-09-22T09:36:00.000Z,2026-09-22T12:36:00,14.35,14.35,14.35,14.35,10000
2026-09-22T09:37:00.000Z,2026-09-22T12:37:00,14.35,14.43,14.35,14.43,18021
2026-09-22T09:38:00.000Z,2026-09-22T12:38:00,14.44,14.47,14.44,14.47,6817
2026-09-22T09:39:00.000Z,2026-09-22T12:39:00,14.47,14.5,14.47,14.5,10291
2026-09-22T09:40:00.000Z,2026-09-22T12:40:00,14.5,14.5,14.5,14.5,10067
2026-09-22T09:41:00.000Z,2026-09-22T12:41:00,14.5,14.5,14.5,14.5,27390
2026-09-22T09:42:00.000Z,2026-09-22T12:42:00,14.5,14.5,14.44,14.44,19458
2026-09-22T09:43:00.000Z,2026-09-22T12:43:00,14.4,14.4,14.4,14.4,186
2026-09-22T09:44:00.000Z,2026-09-22T12:44:00,14.4,14.4,14.35,14.35,15804
2026-09-22T09:45:00.000Z,2026-09-22T12:45:00,14.35,14.36,14.33,14.36,17133
2026-09-22T09:46:00.000Z,2026-09-22T12:46:00,14.36,14.36,14.36,14.36,3468
2026-09-22T09:47:00.000Z,2026-09-22T12:47:00,14.45,14.45,14.45,14.45,8
2026-09-22T09:48:00.000Z,2026-09-22T12:48:00,14.4,14.4,14.4,14.4,500
2026-09-22T09:49:00.000Z,2026-09-22T12:49:00,14.4,14.41,14.39,14.41,3226
2026-09-22T09:50:00.000Z,2026-09-22T12:50:00,14.41,14.42,14.39,14.4,9101
2026-09-22T09:51:00.000Z,2026-09-22T12:51:00,14.4,14.42,14.4,14.4,4487
2026-09-22T09:52:00.000Z,2026-09-22T12:52:00,14.41,14.41,14.38,14.4,19705
2026-09-22T09:53:00.000Z,2026-09-22T12:53:00,14.4,14.43,14.4,14.43,6204
2026-09-22T09:55:00.000Z,2026-09-22T12:55:00,14.42,14.42,14.4,14.4,7140
2026-09-22T09:56:00.000Z,2026-09-22T12:56:00,14.36,14.36,14.36,14.36,1719
2026-09-22T09:57:00.000Z,2026-09-22T12:57:00,14.36,14.36,14.36,14.36,1289
2026-09-22T09:58:00.000Z,2026-09-22T12:58:00,14.36,14.37,14.36,14.36,3540
2026-09-22T09:59:00.000Z,2026-09-22T12:59:00,14.36,14.36,14.36,14.36,333
2026-09-22T10:00:00.000Z,2026-09-22T13:00:00,14.36,14.36,14.35,14.35,10383
2026-09-22T10:01:00.000Z,2026-09-22T13:01:00,14.39,14.39,14.39,14.39,250
2026-09-22T10:02:00.000Z,2026-09-22T13:02:00,14.35,14.35,14.35,14.35,7220
2026-09-22T10:03:00.000Z,2026-09-22T13:03:00,14.39,14.5,14.39,14.5,51350
2026-09-22T10:04:00.000Z,2026-09-22T13:04:00,14.4,14.4,14.33,14.36,14500
2026-09-22T10:05:00.000Z,2026-09-22T13:05:00,14.37,14.4,14.36,14.4,505
2026-09-22T10:06:00.000Z,2026-09-22T13:06:00,14.49,14.49,14.4,14.46,16949
2026-09-22T10:07:00.000Z,2026-09-22T13:07:00,14.45,14.48,14.45,14.48,26821
2026-09-22T10:08:00.000Z,2026-09-22T13:08:00,14.5,14.5,14.49,14.5,6331
2026-09-22T10:09:00.000Z,2026-09-22T13:09:00,14.5,14.5,14.44,14.5,16000
2026-09-22T10:10:00.000Z,2026-09-22T13:10:00,14.5,14.53,14.5,14.53,38681
2026-09-22T10:11:00.000Z,2026-09-22T13:11:00,14.54,14.54,14.4,14.4,23987
2026-09-22T10:12:00.000Z,2026-09-22T13:12:00,14.49,14.49,14.38,14.38,10650
2026-09-22T10:13:00.000Z,2026-09-22T13:13:00,14.38,14.4,14.38,14.4,6377
2026-09-22T10:15:00.000Z,2026-09-22T13:15:00,14.4,14.4,14.4,14.4,5603
2026-09-22T10:16:00.000Z,2026-09-22T13:16:00,14.39,14.39,14.37,14.37,6572
2026-09-22T10:18:00.000Z,2026-09-22T13:18:00,14.4,14.4,14.4,14.4,1165
2026-09-22T10:19:00.000Z,2026-09-22T13:19:00,14.37,14.37,14.37,14.37,6646
2026-09-22T10:20:00.000Z,2026-09-22T13:20:00,14.37,14.4,14.37,14.4,776
2026-09-22T10:22:00.000Z,2026-09-22T13:22:00,14.45,14.45,14.45,14.45,799
2026-09-22T10:24:00.000Z,2026-09-22T13:24:00,14.45,14.49,14.45,14.49,2900
2026-09-22T10:25:00.000Z,2026-09-22T13:25:00,14.44,14.44,14.42,14.42,3390
2026-09-22T10:26:00.000Z,2026-09-22T13:26:00,14.42,14.42,14.4,14.4,15194
2026-09-22T10:27:00.000Z,2026-09-22T13:27:00,14.4,14.4,14.4,14.4,3000
2026-09-22T10:28:00.000Z,2026-09-22T13:28:00,14.47,14.47,14.47,14.47,10
2026-09-22T10:29:00.000Z,2026-09-22T13:29:00,14.45,14.5,14.45,14.5,17509
2026-09-22T10:30:00.000Z,2026-09-22T13:30:00,14.5,14.5,14.41,14.41,20975
2026-09-22T10:31:00.000Z,2026-09-22T13:31:00,14.42,14.42,14.42,14.42,708
2026-09-22T10:32:00.000Z,2026-09-22T13:32:00,14.43,14.43,14.4,14.4,59147
2026-09-22T10:33:00.000Z,2026-09-22T13:33:00,14.38,14.38,14.35,14.35,15410
2026-09-22T10:34:00.000Z,2026-09-22T13:34:00,14.36,14.36,14.35,14.35,14925
2026-09-22T10:36:00.000Z,2026-09-22T13:36:00,14.36,14.36,14.36,14.36,389
2026-09-22T10:37:00.000Z,2026-09-22T13:37:00,14.39,14.39,14.36,14.36,2331
2026-09-22T10:38:00.000Z,2026-09-22T13:38:00,14.36,14.4,14.36,14.4,6388
2026-09-22T10:39:00.000Z,2026-09-22T13:39:00,14.4,14.4,14.4,14.4,16852
2026-09-22T10:40:00.000Z,2026-09-22T13:40:00,14.4,14.4,14.4,14.4,215
2026-09-22T10:41:00.000Z,2026-09-22T13:41:00,14.4,14.4,14.38,14.4,9010
2026-09-22T10:42:00.000Z,2026-09-22T13:42:00,14.37,14.4,14.32,14.4,24865
2026-09-22T10:43:00.000Z,2026-09-22T13:43:00,14.4,14.4,14.32,14.32,17282
2026-09-22T10:44:00.000Z,2026-09-22T13:44:00,14.32,14.32,14.3,14.3,7889
2026-09-22T10:45:00.000Z,2026-09-22T13:45:00,14.3,14.3,14.3,14.3,6000
2026-09-22T10:46:00.000Z,2026-09-22T13:46:00,14.31,14.31,14.3,14.3,12261
2026-09-22T10:47:00.000Z,2026-09-22T13:47:00,14.3,14.3,14.26,14.26,3864
2026-09-22T10:49:00.000Z,2026-09-22T13:49:00,14.26,14.26,14.25,14.25,21640
2026-09-22T10:50:00.000Z,2026-09-22T13:50:00,14.26,14.29,14.25,14.29,1463
2026-09-22T10:51:00.000Z,2026-09-22T13:51:00,14.29,14.29,14.29,14.29,100
2026-09-22T10:52:00.000Z,2026-09-22T13:52:00,14.26,14.29,14.25,14.29,11601
2026-09-22T10:53:00.000Z,2026-09-22T13:53:00,14.29,14.29,14.28,14.28,2956
2026-09-22T10:54:00.000Z,2026-09-22T13:54:00,14.28,14.29,14.28,14.29,985
2026-09-22T10:55:00.000Z,2026-09-22T13:55:00,14.25,14.28,14.25,14.28,1032
2026-09-22T10:57:00.000Z,2026-09-22T13:57:00,14.25,14.29,14.25,14.29,8679
2026-09-22T10:58:00.000Z,2026-09-22T13:58:00,14.28,14.29,14.28,14.29,2500
2026-09-22T10:59:00.000Z,2026-09-22T13:59:00,14.28,14.29,14.24,14.24,31071
2026-09-22T11:00:00.000Z,2026-09-22T14:00:00,14.23,14.23,14.07,14.18,195641
2026-09-22T11:01:00.000Z,2026-09-22T14:01:00,14.17,14.17,14.1,14.1,44690
2026-09-22T11:02:00.000Z,2026-09-22T14:02:00,14.11,14.16,14.11,14.12,14757
2026-09-22T11:03:00.000Z,2026-09-22T14:03:00,14.16,14.16,14.16,14.16,14871
2026-09-22T11:04:00.000Z,2026-09-22T14:04:00,14.16,14.24,14.16,14.24,628
2026-09-22T11:05:00.000Z,2026-09-22T14:05:00,14.23,14.24,14.18,14.18,32390
2026-09-22T11:06:00.000Z,2026-09-22T14:06:00,14.17,14.23,14.14,14.14,20750
2026-09-22T11:07:00.000Z,2026-09-22T14:07:00,14.14,14.15,14.14,14.15,16000
2026-09-22T11:08:00.000Z,2026-09-22T14:08:00,14.15,14.15,14.14,14.14,18500
2026-09-22T11:09:00.000Z,2026-09-22T14:09:00,14.14,14.18,14.12,14.14,36600
2026-09-22T11:10:00.000Z,2026-09-22T14:10:00,14.16,14.16,14.12,14.14,6248
2026-09-22T11:11:00.000Z,2026-09-22T14:11:00,14.14,14.15,14.11,14.15,81143
2026-09-22T11:12:00.000Z,2026-09-22T14:12:00,14.13,14.15,14.08,14.1,76486
2026-09-22T11:13:00.000Z,2026-09-22T14:13:00,14.08,14.12,14.07,14.12,26583
2026-09-22T11:14:00.000Z,2026-09-22T14:14:00,14.12,14.14,14.11,14.11,44150
2026-09-22T11:15:00.000Z,2026-09-22T14:15:00,14.12,14.12,14.11,14.11,5935
2026-09-22T11:25:00.000Z,2026-09-22T14:25:00,14.12,14.12,14.12,14.12,26707
2026-09-22T11:26:00.000Z,2026-09-22T14:26:00,14.12,14.12,14.12,14.12,1000
2026-09-22T11:27:00.000Z,2026-09-22T14:27:00,14.12,14.12,14.12,14.12,14540
2026-09-22T11:28:00.000Z,2026-09-22T14:28:00,14.12,14.12,14.12,14.12,600
2026-09-23T09:15:00.000Z,2026-09-23T12:15:00,15.44,16.35,15.44,16.35,40000
2026-09-23T09:25:00.000Z,2026-09-23T12:25:00,16.94,16.94,16.94,16.94,1460093
2026-09-23T09:26:00.000Z,2026-09-23T12:26:00,16.94,16.94,16.03,16.5,448803
2026-09-23T09:27:00.000Z,2026-09-23T12:27:00,16.5,16.5,16.01,16.03,273783
2026-09-23T09:28:00.000Z,2026-09-23T12:28:00,16.05,16.7,16.02,16.65,325794
2026-09-23T09:29:00.000Z,2026-09-23T12:29:00,16.64,16.84,16.6,16.7,360437
2026-09-23T09:30:00.000Z,2026-09-23T12:30:00,16.7,16.72,16.2,16.2,302317
2026-09-23T09:31:00.000Z,2026-09-23T12:31:00,16.2,16.5,16.2,16.46,121389
2026-09-23T09:32:00.000Z,2026-09-23T12:32:00,16.43,16.5,16.32,16.4,159693
2026-09-23T09:33:00.000Z,2026-09-23T12:33:00,16.4,16.48,16.35,16.4,105256
2026-09-23T09:34:00.000Z,2026-09-23T12:34:00,16.39,16.4,16.35,16.35,111762
2026-09-23T09:35:00.000Z,2026-09-23T12:35:00,16.35,16.64,16.35,16.55,231327
2026-09-23T09:36:00.000Z,2026-09-23T12:36:00,16.59,16.79,16.53,16.7,324197
2026-09-23T09:37:00.000Z,2026-09-23T12:37:00,16.7,16.7,16.5,16.6,207296
2026-09-23T09:38:00.000Z,2026-09-23T12:38:00,16.6,16.64,16.5,16.6,61119
2026-09-23T09:39:00.000Z,2026-09-23T12:39:00,16.6,16.68,16.55,16.58,42493
2026-09-23T09:40:00.000Z,2026-09-23T12:40:00,16.58,16.6,16.5,16.53,84030
2026-09-23T09:41:00.000Z,2026-09-23T12:41:00,16.53,16.56,16.44,16.5,47028
2026-09-23T09:42:00.000Z,2026-09-23T12:42:00,16.5,16.56,16.5,16.55,129518
2026-09-23T09:43:00.000Z,2026-09-23T12:43:00,16.55,16.56,16.51,16.55,23001
2026-09-23T09:44:00.000Z,2026-09-23T12:44:00,16.52,16.55,16.51,16.55,103794
2026-09-23T09:45:00.000Z,2026-09-23T12:45:00,16.52,16.58,16.5,16.52,67739
2026-09-23T09:46:00.000Z,2026-09-23T12:46:00,16.58,16.87,16.55,16.87,351950
2026-09-23T09:47:00.000Z,2026-09-23T12:47:00,16.85,16.94,16.75,16.94,785308
2026-09-23T09:48:00.000Z,2026-09-23T12:48:00,16.94,16.94,16.94,16.94,16786
2026-09-23T09:49:00.000Z,2026-09-23T12:49:00,16.94,16.94,16.94,16.94,8482
2026-09-23T09:50:00.000Z,2026-09-23T12:50:00,16.94,16.94,16.94,16.94,3130
2026-09-23T09:51:00.000Z,2026-09-23T12:51:00,16.94,16.94,16.94,16.94,4989
2026-09-23T09:52:00.000Z,2026-09-23T12:52:00,16.94,16.94,16.94,16.94,8397
2026-09-23T09:53:00.000Z,2026-09-23T12:53:00,16.94,16.94,16.94,16.94,1722
2026-09-23T09:54:00.000Z,2026-09-23T12:54:00,16.94,16.94,16.94,16.94,3375
2026-09-23T09:55:00.000Z,2026-09-23T12:55:00,16.94,16.94,16.94,16.94,4207
2026-09-23T09:56:00.000Z,2026-09-23T12:56:00,16.94,16.94,16.94,16.94,2908
2026-09-23T09:57:00.000Z,2026-09-23T12:57:00,16.94,16.94,16.94,16.94,26236
2026-09-23T09:58:00.000Z,2026-09-23T12:58:00,16.94,16.94,16.94,16.94,996
2026-09-23T10:00:00.000Z,2026-09-23T13:00:00,16.94,16.94,16.94,16.94,22173
2026-09-23T10:01:00.000Z,2026-09-23T13:01:00,16.94,16.94,16.94,16.94,2428
2026-09-23T10:02:00.000Z,2026-09-23T13:02:00,16.94,16.94,16.94,16.94,2778
2026-09-23T10:03:00.000Z,2026-09-23T13:03:00,16.94,16.94,16.94,16.94,39235
2026-09-23T10:04:00.000Z,2026-09-23T13:04:00,16.94,16.94,16.94,16.94,29178
2026-09-23T10:05:00.000Z,2026-09-23T13:05:00,16.94,16.94,16.94,16.94,1585
2026-09-23T10:06:00.000Z,2026-09-23T13:06:00,16.94,16.94,16.94,16.94,1001
2026-09-23T10:07:00.000Z,2026-09-23T13:07:00,16.94,16.94,16.94,16.94,43
2026-09-23T10:08:00.000Z,2026-09-23T13:08:00,16.94,16.94,16.94,16.94,374
2026-09-23T10:09:00.000Z,2026-09-23T13:09:00,16.94,16.94,16.94,16.94,35387
2026-09-23T10:10:00.000Z,2026-09-23T13:10:00,16.94,16.94,16.94,16.94,6034
2026-09-23T10:11:00.000Z,2026-09-23T13:11:00,16.94,16.94,16.94,16.94,2478
2026-09-23T10:13:00.000Z,2026-09-23T13:13:00,16.94,16.94,16.94,16.94,4207
2026-09-23T10:15:00.000Z,2026-09-23T13:15:00,16.94,16.94,16.94,16.94,1640
2026-09-23T10:16:00.000Z,2026-09-23T13:16:00,16.94,16.94,16.94,16.94,350
2026-09-23T10:17:00.000Z,2026-09-23T13:17:00,16.94,16.94,16.94,16.94,22955
2026-09-23T10:18:00.000Z,2026-09-23T13:18:00,16.94,16.94,16.94,16.94,1127
2026-09-23T10:19:00.000Z,2026-09-23T13:19:00,16.94,16.94,16.94,16.94,7024
2026-09-23T10:20:00.000Z,2026-09-23T13:20:00,16.94,16.94,16.94,16.94,10288
2026-09-23T10:21:00.000Z,2026-09-23T13:21:00,16.94,16.94,16.94,16.94,76
2026-09-23T10:22:00.000Z,2026-09-23T13:22:00,16.94,16.94,16.94,16.94,37577
2026-09-23T10:23:00.000Z,2026-09-23T13:23:00,16.94,16.94,16.94,16.94,1700
2026-09-23T10:24:00.000Z,2026-09-23T13:24:00,16.94,16.94,16.94,16.94,1000
2026-09-23T10:27:00.000Z,2026-09-23T13:27:00,16.94,16.94,16.94,16.94,2025
2026-09-23T10:28:00.000Z,2026-09-23T13:28:00,16.94,16.94,16.94,16.94,1014
2026-09-23T10:29:00.000Z,2026-09-23T13:29:00,16.94,16.94,16.94,16.94,10356
2026-09-23T10:30:00.000Z,2026-09-23T13:30:00,16.94,16.94,16.94,16.94,1000
2026-09-23T10:31:00.000Z,2026-09-23T13:31:00,16.94,16.94,16.94,16.94,190
2026-09-23T10:36:00.000Z,2026-09-23T13:36:00,16.94,16.94,16.94,16.94,229
2026-09-23T10:37:00.000Z,2026-09-23T13:37:00,16.94,16.94,16.94,16.94,1606
2026-09-23T10:39:00.000Z,2026-09-23T13:39:00,16.94,16.94,16.94,16.94,4000
2026-09-23T10:40:00.000Z,2026-09-23T13:40:00,16.94,16.94,16.94,16.94,8089
2026-09-23T10:41:00.000Z,2026-09-23T13:41:00,16.94,16.94,16.94,16.94,50
2026-09-23T10:43:00.000Z,2026-09-23T13:43:00,16.94,16.94,16.94,16.94,788
2026-09-23T10:44:00.000Z,2026-09-23T13:44:00,16.94,16.94,16.94,16.94,209
2026-09-23T10:45:00.000Z,2026-09-23T13:45:00,16.94,16.94,16.94,16.94,400
2026-09-23T10:46:00.000Z,2026-09-23T13:46:00,16.94,16.94,16.94,16.94,1200
2026-09-23T10:48:00.000Z,2026-09-23T13:48:00,16.94,16.94,16.94,16.94,300
2026-09-23T10:49:00.000Z,2026-09-23T13:49:00,16.94,16.94,16.94,16.94,219
2026-09-23T10:52:00.000Z,2026-09-23T13:52:00,16.94,16.94,16.94,16.94,288
2026-09-23T10:53:00.000Z,2026-09-23T13:53:00,16.94,16.94,16.94,16.94,5291
2026-09-23T10:54:00.000Z,2026-09-23T13:54:00,16.94,16.94,16.94,16.94,41
2026-09-23T10:55:00.000Z,2026-09-23T13:55:00,16.94,16.94,16.94,16.94,530
2026-09-23T10:56:00.000Z,2026-09-23T13:56:00,16.94,16.94,16.94,16.94,12
2026-09-23T10:58:00.000Z,2026-09-23T13:58:00,16.94,16.94,16.94,16.94,66
2026-09-23T11:01:00.000Z,2026-09-23T14:01:00,16.94,16.94,16.94,16.94,189
2026-09-23T11:02:00.000Z,2026-09-23T14:02:00,16.94,16.94,16.94,16.94,35
2026-09-23T11:03:00.000Z,2026-09-23T14:03:00,16.94,16.94,16.94,16.94,1
2026-09-23T11:06:00.000Z,2026-09-23T14:06:00,16.94,16.94,16.94,16.94,139
2026-09-23T11:08:00.000Z,2026-09-23T14:08:00,16.94,16.94,16.94,16.94,250
2026-09-23T11:09:00.000Z,2026-09-23T14:09:00,16.94,16.94,16.94,16.94,10
2026-09-23T11:10:00.000Z,2026-09-23T14:10:00,16.94,16.94,16.94,16.94,18
2026-09-23T11:11:00.000Z,2026-09-23T14:11:00,16.94,16.94,16.94,16.94,2151
2026-09-23T11:13:00.000Z,2026-09-23T14:13:00,16.94,16.94,16.94,16.94,5099
2026-09-23T11:14:00.000Z,2026-09-23T14:14:00,16.94,16.94,16.94,16.94,476
2026-09-23T11:25:00.000Z,2026-09-23T14:25:00,16.94,16.94,16.94,16.94,4590
2026-09-23T11:28:00.000Z,2026-09-23T14:28:00,16.94,16.94,16.94,16.94,1497
2026-09-23T11:29:00.000Z,2026-09-23T14:29:00,16.94,16.94,16.94,16.94,2000
2026-09-24T07:00:00.000Z,2026-09-24T10:00:00,17.7,17.92,17.56,17.89,361178
2026-09-24T07:01:00.000Z,2026-09-24T10:01:00,17.78,17.89,17.26,17.5,263783
2026-09-24T07:02:00.000Z,2026-09-24T10:02:00,17.5,17.5,17.27,17.49,136562
2026-09-24T07:03:00.000Z,2026-09-24T10:03:00,17.4,17.65,17.35,17.56,253187
2026-09-24T07:04:00.000Z,2026-09-24T10:04:00,17.65,18.49,17.57,18.3,645455
2026-09-24T07:05:00.000Z,2026-09-24T10:05:00,18.3,18.49,17.9,17.98,611655
2026-09-24T07:06:00.000Z,2026-09-24T10:06:00,17.98,18.4,17.52,18.25,280500
2026-09-24T07:07:00.000Z,2026-09-24T10:07:00,18.13,18.39,18.06,18.2,274305
2026-09-24T07:08:00.000Z,2026-09-24T10:08:00,18.2,18.2,17.9,18.05,312875
2026-09-24T07:09:00.000Z,2026-09-24T10:09:00,18,18.27,18,18,214981
2026-09-24T07:10:00.000Z,2026-09-24T10:10:00,18,18.15,17.83,18.09,210581
2026-09-24T07:11:00.000Z,2026-09-24T10:11:00,17.97,17.98,17.62,17.62,207041
2026-09-24T07:12:00.000Z,2026-09-24T10:12:00,17.61,17.89,17.41,17.79,164844
2026-09-24T07:13:00.000Z,2026-09-24T10:13:00,17.78,17.8,17.55,17.59,125632
2026-09-24T07:14:00.000Z,2026-09-24T10:14:00,17.53,17.59,17.43,17.5,72486
2026-09-24T07:15:00.000Z,2026-09-24T10:15:00,17.5,17.74,17.5,17.61,71315
2026-09-24T07:16:00.000Z,2026-09-24T10:16:00,17.64,17.8,17.5,17.69,115445
2026-09-24T07:17:00.000Z,2026-09-24T10:17:00,17.69,17.75,17.53,17.61,54056
2026-09-24T07:18:00.000Z,2026-09-24T10:18:00,17.53,17.66,17.51,17.6,68352
2026-09-24T07:19:00.000Z,2026-09-24T10:19:00,17.6,17.69,17.5,17.67,57735
2026-09-24T07:20:00.000Z,2026-09-24T10:20:00,17.67,17.7,17.6,17.68,41760
2026-09-24T07:21:00.000Z,2026-09-24T10:21:00,17.67,17.67,17.56,17.6,63659
2026-09-24T07:22:00.000Z,2026-09-24T10:22:00,17.64,17.68,17.6,17.68,57602
2026-09-24T07:23:00.000Z,2026-09-24T10:23:00,17.68,17.8,17.68,17.78,149639
2026-09-24T07:24:00.000Z,2026-09-24T10:24:00,17.78,18.25,17.78,18.25,271327
2026-09-24T07:25:00.000Z,2026-09-24T10:25:00,18.2,18.3,17.81,17.81,250433
2026-09-24T07:26:00.000Z,2026-09-24T10:26:00,17.9,18,17.81,17.9,39292
2026-09-24T07:27:00.000Z,2026-09-24T10:27:00,17.9,17.97,17.82,17.85,46806
2026-09-24T07:28:00.000Z,2026-09-24T10:28:00,17.85,17.9,17.82,17.84,40333
2026-09-24T07:29:00.000Z,2026-09-24T10:29:00,17.83,18.1,17.83,18.1,103636
2026-09-24T07:30:00.000Z,2026-09-24T10:30:00,18.1,18.1,17.86,17.98,69045
2026-09-24T07:31:00.000Z,2026-09-24T10:31:00,17.9,17.9,17.79,17.8,76771
2026-09-24T07:32:00.000Z,2026-09-24T10:32:00,17.8,17.9,17.6,17.8,76596
2026-09-24T07:33:00.000Z,2026-09-24T10:33:00,17.85,17.9,17.7,17.88,62859
2026-09-24T07:34:00.000Z,2026-09-24T10:34:00,17.8,18.24,17.7,17.9,354044
2026-09-24T07:35:00.000Z,2026-09-24T10:35:00,17.9,18.18,17.9,18,91383
2026-09-24T07:36:00.000Z,2026-09-24T10:36:00,18,18,17.95,18,93605
2026-09-24T07:37:00.000Z,2026-09-24T10:37:00,18,18.11,17.98,17.99,73667
2026-09-24T07:38:00.000Z,2026-09-24T10:38:00,17.99,18.1,17.93,17.93,78844
2026-09-24T07:39:00.000Z,2026-09-24T10:39:00,17.97,17.97,17.77,17.85,107076
2026-09-24T07:40:00.000Z,2026-09-24T10:40:00,17.86,17.95,17.8,17.9,31113
2026-09-24T07:41:00.000Z,2026-09-24T10:41:00,17.95,17.95,17.9,17.9,27560
2026-09-24T07:42:00.000Z,2026-09-24T10:42:00,17.85,17.9,17.8,17.8,164929
2026-09-24T07:43:00.000Z,2026-09-24T10:43:00,17.8,17.89,17.79,17.89,24530
2026-09-24T07:44:00.000Z,2026-09-24T10:44:00,17.88,17.95,17.81,17.82,35893
2026-09-24T07:45:00.000Z,2026-09-24T10:45:00,17.82,17.83,17.79,17.8,44484
2026-09-24T07:46:00.000Z,2026-09-24T10:46:00,17.8,17.8,17.74,17.76,48990
2026-09-24T07:47:00.000Z,2026-09-24T10:47:00,17.75,17.76,17.7,17.7,71852
2026-09-24T07:48:00.000Z,2026-09-24T10:48:00,17.76,17.76,17.67,17.67,59871
2026-09-24T07:49:00.000Z,2026-09-24T10:49:00,17.67,17.67,17.55,17.59,76541
2026-09-24T07:50:00.000Z,2026-09-24T10:50:00,17.56,17.73,17.56,17.73,61189
2026-09-24T07:51:00.000Z,2026-09-24T10:51:00,17.72,17.75,17.7,17.7,33558
2026-09-24T07:52:00.000Z,2026-09-24T10:52:00,17.68,17.68,17.62,17.65,26202
2026-09-24T07:53:00.000Z,2026-09-24T10:53:00,17.65,17.65,17.6,17.6,14501
2026-09-24T07:54:00.000Z,2026-09-24T10:54:00,17.63,17.63,17.6,17.6,24008
2026-09-24T07:55:00.000Z,2026-09-24T10:55:00,17.62,17.8,17.6,17.8,69097
2026-09-24T07:56:00.000Z,2026-09-24T10:56:00,17.76,17.82,17.6,17.6,21622
2026-09-24T07:57:00.000Z,2026-09-24T10:57:00,17.6,17.64,17.57,17.61,12331
2026-09-24T07:58:00.000Z,2026-09-24T10:58:00,17.61,17.65,17.6,17.65,35998
2026-09-24T07:59:00.000Z,2026-09-24T10:59:00,17.61,17.7,17.6,17.7,42771
2026-09-24T08:00:00.000Z,2026-09-24T11:00:00,17.7,17.74,17.65,17.7,31459
2026-09-24T08:01:00.000Z,2026-09-24T11:01:00,17.7,17.73,17.66,17.67,32463
2026-09-24T08:02:00.000Z,2026-09-24T11:02:00,17.67,17.7,17.66,17.69,5118
2026-09-24T08:03:00.000Z,2026-09-24T11:03:00,17.68,17.7,17.68,17.7,10102
2026-09-24T08:04:00.000Z,2026-09-24T11:04:00,17.7,17.7,17.67,17.67,9363
2026-09-24T08:05:00.000Z,2026-09-24T11:05:00,17.66,17.7,17.65,17.65,14514
2026-09-24T08:06:00.000Z,2026-09-24T11:06:00,17.65,17.65,17.65,17.65,22155
2026-09-24T08:07:00.000Z,2026-09-24T11:07:00,17.65,17.65,17.56,17.56,40496
2026-09-24T08:08:00.000Z,2026-09-24T11:08:00,17.57,17.65,17.52,17.59,46246
2026-09-24T08:09:00.000Z,2026-09-24T11:09:00,17.59,17.6,17.51,17.51,12283
2026-09-24T08:10:00.000Z,2026-09-24T11:10:00,17.51,17.55,17.5,17.5,74516
2026-09-24T08:11:00.000Z,2026-09-24T11:11:00,17.48,17.5,17.2,17.3,135177
2026-09-24T08:12:00.000Z,2026-09-24T11:12:00,17.26,17.35,17.2,17.35,124008
2026-09-24T08:13:00.000Z,2026-09-24T11:13:00,17.35,17.41,17.3,17.41,25887
2026-09-24T08:14:00.000Z,2026-09-24T11:14:00,17.4,17.4,17.3,17.34,47513
2026-09-24T08:15:00.000Z,2026-09-24T11:15:00,17.34,17.34,17.3,17.3,12958
2026-09-24T08:16:00.000Z,2026-09-24T11:16:00,17.3,17.35,17.3,17.35,44459
2026-09-24T08:17:00.000Z,2026-09-24T11:17:00,17.35,17.45,17.35,17.39,42465
2026-09-24T08:18:00.000Z,2026-09-24T11:18:00,17.36,17.4,17.36,17.4,11262
2026-09-24T08:19:00.000Z,2026-09-24T11:19:00,17.38,17.42,17.38,17.42,17425
2026-09-24T08:20:00.000Z,2026-09-24T11:20:00,17.42,17.5,17.42,17.5,20491
2026-09-24T08:21:00.000Z,2026-09-24T11:21:00,17.5,17.5,17.43,17.43,15833
2026-09-24T08:22:00.000Z,2026-09-24T11:22:00,17.45,17.6,17.45,17.6,63416
2026-09-24T08:23:00.000Z,2026-09-24T11:23:00,17.6,17.72,17.6,17.72,28381
2026-09-24T08:24:00.000Z,2026-09-24T11:24:00,17.72,17.73,17.7,17.7,75202
2026-09-24T08:25:00.000Z,2026-09-24T11:25:00,17.69,17.69,17.3,17.3,57250
2026-09-24T08:26:00.000Z,2026-09-24T11:26:00,17.5,17.6,17.31,17.5,16134
2026-09-24T08:27:00.000Z,2026-09-24T11:27:00,17.5,17.5,17.34,17.34,5783
2026-09-24T08:28:00.000Z,2026-09-24T11:28:00,17.5,17.5,17.4,17.4,3716
2026-09-24T08:29:00.000Z,2026-09-24T11:29:00,17.49,17.49,17.4,17.48,7039
2026-09-24T08:30:00.000Z,2026-09-24T11:30:00,17.48,17.59,17.48,17.59,11551
2026-09-24T08:31:00.000Z,2026-09-24T11:31:00,17.59,17.6,17.5,17.55,5324
2026-09-24T08:32:00.000Z,2026-09-24T11:32:00,17.55,17.55,17.4,17.5,35140
2026-09-24T08:33:00.000Z,2026-09-24T11:33:00,17.49,17.49,17.34,17.49,13191
2026-09-24T08:34:00.000Z,2026-09-24T11:34:00,17.35,17.47,17.32,17.36,4414
2026-09-24T08:35:00.000Z,2026-09-24T11:35:00,17.37,17.4,17.36,17.4,4319
2026-09-24T08:36:00.000Z,2026-09-24T11:36:00,17.44,17.44,17.38,17.4,3740
2026-09-24T08:37:00.000Z,2026-09-24T11:37:00,17.41,17.44,17.39,17.39,9144
2026-09-24T08:38:00.000Z,2026-09-24T11:38:00,17.39,17.4,17.38,17.38,18180
2026-09-24T08:39:00.000Z,2026-09-24T11:39:00,17.4,17.4,17.38,17.4,6832
2026-09-24T08:40:00.000Z,2026-09-24T11:40:00,17.4,17.44,17.38,17.38,6608
2026-09-24T08:41:00.000Z,2026-09-24T11:41:00,17.39,17.43,17.37,17.43,4647
2026-09-24T08:42:00.000Z,2026-09-24T11:42:00,17.42,17.43,17.4,17.42,6708
2026-09-24T08:43:00.000Z,2026-09-24T11:43:00,17.4,17.42,17.39,17.42,4706
2026-09-24T08:44:00.000Z,2026-09-24T11:44:00,17.39,17.39,17.3,17.3,60320
2026-09-24T08:45:00.000Z,2026-09-24T11:45:00,17.39,17.39,17.31,17.37,7787
2026-09-24T08:46:00.000Z,2026-09-24T11:46:00,17.38,17.38,17.12,17.12,49726
2026-09-24T08:47:00.000Z,2026-09-24T11:47:00,17.12,17.29,17.12,17.2,66013
2026-09-24T08:48:00.000Z,2026-09-24T11:48:00,17.25,17.28,17.2,17.2,24972
2026-09-24T08:49:00.000Z,2026-09-24T11:49:00,17.2,17.26,17.2,17.26,13125
2026-09-24T08:50:00.000Z,2026-09-24T11:50:00,17.26,17.26,17.21,17.26,27737
2026-09-24T08:51:00.000Z,2026-09-24T11:51:00,17.25,17.29,17.25,17.29,15737
2026-09-24T08:52:00.000Z,2026-09-24T11:52:00,17.29,17.38,17.29,17.33,13703
2026-09-24T08:53:00.000Z,2026-09-24T11:53:00,17.33,17.33,17.27,17.27,21274
2026-09-24T08:54:00.000Z,2026-09-24T11:54:00,17.27,17.36,17.25,17.25,7580
2026-09-24T08:55:00.000Z,2026-09-24T11:55:00,17.34,17.34,17.25,17.25,13097
2026-09-24T08:56:00.000Z,2026-09-24T11:56:00,17.34,17.34,17.25,17.32,7101
2026-09-24T08:57:00.000Z,2026-09-24T11:57:00,17.32,17.32,17.22,17.25,26342
2026-09-24T08:58:00.000Z,2026-09-24T11:58:00,17.25,17.3,17.25,17.3,6289
2026-09-24T08:59:00.000Z,2026-09-24T11:59:00,17.32,17.33,17.3,17.33,3345
2026-09-24T09:00:00.000Z,2026-09-24T12:00:00,17.33,17.35,17.33,17.35,2050
2026-09-24T09:01:00.000Z,2026-09-24T12:01:00,17.35,17.37,17.33,17.33,3652
2026-09-24T09:02:00.000Z,2026-09-24T12:02:00,17.35,17.35,17.27,17.33,29365
2026-09-24T09:03:00.000Z,2026-09-24T12:03:00,17.32,17.33,17.27,17.27,5695
2026-09-24T09:04:00.000Z,2026-09-24T12:04:00,17.27,17.27,17.27,17.27,105
2026-09-24T09:05:00.000Z,2026-09-24T12:05:00,17.3,17.3,17.27,17.3,2519
2026-09-24T09:06:00.000Z,2026-09-24T12:06:00,17.26,17.3,17.25,17.25,58272
2026-09-24T09:07:00.000Z,2026-09-24T12:07:00,17.32,17.32,17.27,17.27,796
2026-09-24T09:08:00.000Z,2026-09-24T12:08:00,17.3,17.32,17.27,17.32,16651
2026-09-24T09:09:00.000Z,2026-09-24T12:09:00,17.32,17.32,17.3,17.3,5305
2026-09-24T09:10:00.000Z,2026-09-24T12:10:00,17.28,17.3,17.28,17.3,7655
2026-09-24T09:11:00.000Z,2026-09-24T12:11:00,17.3,17.3,17.28,17.28,6065
2026-09-24T09:12:00.000Z,2026-09-24T12:12:00,17.3,17.3,17.25,17.25,26005
2026-09-24T09:13:00.000Z,2026-09-24T12:13:00,17.25,17.3,17.25,17.25,12995
2026-09-24T09:14:00.000Z,2026-09-24T12:14:00,17.26,17.26,17.21,17.21,3462
2026-09-24T09:15:00.000Z,2026-09-24T12:15:00,17.21,17.21,17.16,17.19,20456
2026-09-24T09:16:00.000Z,2026-09-24T12:16:00,17.17,17.21,17.13,17.13,60860
2026-09-24T09:17:00.000Z,2026-09-24T12:17:00,17.16,17.17,16.65,16.81,153161
2026-09-24T09:18:00.000Z,2026-09-24T12:18:00,17,17.1,16.85,17,65818
2026-09-24T09:19:00.000Z,2026-09-24T12:19:00,17,17,16.81,16.91,54415
2026-09-24T09:20:00.000Z,2026-09-24T12:20:00,16.85,16.95,16.85,16.95,83235
2026-09-24T09:21:00.000Z,2026-09-24T12:21:00,16.95,17.19,16.9,17.1,65563
2026-09-24T09:22:00.000Z,2026-09-24T12:22:00,17.1,17.15,17,17.01,85913
2026-09-24T09:23:00.000Z,2026-09-24T12:23:00,17,17,16.93,16.95,13227
2026-09-24T09:24:00.000Z,2026-09-24T12:24:00,16.95,17,16.93,17,83639
2026-09-24T09:25:00.000Z,2026-09-24T12:25:00,17,17,16.94,17,48417
2026-09-24T09:26:00.000Z,2026-09-24T12:26:00,16.95,16.99,16.93,16.93,48752
2026-09-24T09:27:00.000Z,2026-09-24T12:27:00,16.93,16.93,16.9,16.9,8391
2026-09-24T09:28:00.000Z,2026-09-24T12:28:00,16.85,16.9,16.71,16.71,67121
2026-09-24T09:29:00.000Z,2026-09-24T12:29:00,16.8,16.8,16.51,16.6,53257
2026-09-24T09:30:00.000Z,2026-09-24T12:30:00,16.6,16.78,16.6,16.6,68582
2026-09-24T09:31:00.000Z,2026-09-24T12:31:00,16.6,16.69,16.6,16.69,27718
2026-09-24T09:32:00.000Z,2026-09-24T12:32:00,16.69,16.7,16.65,16.68,25959
2026-09-24T09:33:00.000Z,2026-09-24T12:33:00,16.68,16.8,16.65,16.8,82814
2026-09-24T09:34:00.000Z,2026-09-24T12:34:00,16.8,16.8,16.78,16.8,52675
2026-09-24T09:35:00.000Z,2026-09-24T12:35:00,16.8,16.85,16.8,16.85,11680
2026-09-24T09:36:00.000Z,2026-09-24T12:36:00,16.85,16.94,16.85,16.86,13347
2026-09-24T09:37:00.000Z,2026-09-24T12:37:00,16.93,16.93,16.87,16.93,13025
2026-09-24T09:38:00.000Z,2026-09-24T12:38:00,16.93,16.93,16.86,16.88,22039
2026-09-24T09:39:00.000Z,2026-09-24T12:39:00,16.87,16.87,16.85,16.86,31267
2026-09-24T09:40:00.000Z,2026-09-24T12:40:00,16.85,16.85,16.72,16.8,11649
2026-09-24T09:41:00.000Z,2026-09-24T12:41:00,16.72,16.73,16.72,16.72,11476
2026-09-24T09:42:00.000Z,2026-09-24T12:42:00,16.72,16.72,16.64,16.64,16074
2026-09-24T09:43:00.000Z,2026-09-24T12:43:00,16.64,16.64,16.61,16.62,21207
2026-09-24T09:44:00.000Z,2026-09-24T12:44:00,16.63,16.65,16.53,16.53,76463
2026-09-24T09:45:00.000Z,2026-09-24T12:45:00,16.53,16.53,16.4,16.46,37288
2026-09-24T09:46:00.000Z,2026-09-24T12:46:00,16.46,16.59,16.46,16.59,37680
2026-09-24T09:47:00.000Z,2026-09-24T12:47:00,16.58,16.63,16.58,16.59,39997
2026-09-24T09:48:00.000Z,2026-09-24T12:48:00,16.56,16.56,16.4,16.53,75069
2026-09-24T09:49:00.000Z,2026-09-24T12:49:00,16.5,16.5,16.4,16.4,7915
2026-09-24T09:50:00.000Z,2026-09-24T12:50:00,16.35,16.4,16.24,16.3,87770
2026-09-24T09:51:00.000Z,2026-09-24T12:51:00,16.42,16.44,16.32,16.4,22027
2026-09-24T09:52:00.000Z,2026-09-24T12:52:00,16.41,16.44,16.4,16.42,5721
2026-09-24T09:53:00.000Z,2026-09-24T12:53:00,16.42,16.42,16.35,16.35,92205
2026-09-24T09:54:00.000Z,2026-09-24T12:54:00,16.34,16.43,16.31,16.4,245837
2026-09-24T09:55:00.000Z,2026-09-24T12:55:00,16.43,16.47,16.4,16.46,8622
2026-09-24T09:56:00.000Z,2026-09-24T12:56:00,16.46,16.47,16.42,16.47,30517
2026-09-24T09:57:00.000Z,2026-09-24T12:57:00,16.47,16.47,16.3,16.3,111748
2026-09-24T09:58:00.000Z,2026-09-24T12:58:00,16.35,16.4,16.3,16.32,12797
2026-09-24T09:59:00.000Z,2026-09-24T12:59:00,16.39,16.43,16.35,16.4,68140
2026-09-24T10:00:00.000Z,2026-09-24T13:00:00,16.4,16.5,16.4,16.43,13830
2026-09-24T10:01:00.000Z,2026-09-24T13:01:00,16.47,16.5,16.35,16.36,46945
2026-09-24T10:02:00.000Z,2026-09-24T13:02:00,16.36,16.49,16.35,16.37,45030
2026-09-24T10:03:00.000Z,2026-09-24T13:03:00,16.4,16.65,16.4,16.55,73230
2026-09-24T10:04:00.000Z,2026-09-24T13:04:00,16.54,16.6,16.5,16.59,111117
2026-09-24T10:05:00.000Z,2026-09-24T13:05:00,16.59,16.6,16.55,16.55,23829
2026-09-24T10:06:00.000Z,2026-09-24T13:06:00,16.55,16.59,16.5,16.58,22125
2026-09-24T10:07:00.000Z,2026-09-24T13:07:00,16.52,16.58,16.49,16.54,49495
2026-09-24T10:08:00.000Z,2026-09-24T13:08:00,16.54,16.54,16.4,16.4,15768
2026-09-24T10:09:00.000Z,2026-09-24T13:09:00,16.42,16.42,16.4,16.4,12220
2026-09-24T10:10:00.000Z,2026-09-24T13:10:00,16.4,16.48,16.4,16.42,16384
2026-09-24T10:11:00.000Z,2026-09-24T13:11:00,16.42,16.48,16.4,16.4,8198
2026-09-24T10:12:00.000Z,2026-09-24T13:12:00,16.47,16.47,16.4,16.47,13951
2026-09-24T10:14:00.000Z,2026-09-24T13:14:00,16.38,16.38,16.36,16.36,4852
2026-09-24T10:15:00.000Z,2026-09-24T13:15:00,16.36,16.36,16.35,16.36,4575
2026-09-24T10:16:00.000Z,2026-09-24T13:16:00,16.33,16.35,16.22,16.22,48677
2026-09-24T10:17:00.000Z,2026-09-24T13:17:00,16.22,16.25,16.21,16.22,75616
2026-09-24T10:18:00.000Z,2026-09-24T13:18:00,16.23,16.26,16.23,16.25,37671
2026-09-24T10:19:00.000Z,2026-09-24T13:19:00,16.23,16.25,16.17,16.17,116031
2026-09-24T10:20:00.000Z,2026-09-24T13:20:00,16.25,16.25,16.1,16.1,33115
2026-09-24T10:21:00.000Z,2026-09-24T13:21:00,16.1,16.24,16.1,16.24,94938
2026-09-24T10:22:00.000Z,2026-09-24T13:22:00,16.23,16.24,16.23,16.23,810
2026-09-24T10:23:00.000Z,2026-09-24T13:23:00,16.22,16.23,16.2,16.23,20750
2026-09-24T10:24:00.000Z,2026-09-24T13:24:00,16.23,16.23,16.22,16.22,8486
2026-09-24T10:25:00.000Z,2026-09-24T13:25:00,16.17,16.17,16.11,16.11,12728
2026-09-24T10:26:00.000Z,2026-09-24T13:26:00,16.12,16.15,16.06,16.1,66603
2026-09-24T10:27:00.000Z,2026-09-24T13:27:00,16.09,16.15,16.06,16.15,25672
2026-09-24T10:28:00.000Z,2026-09-24T13:28:00,16.24,16.4,16.16,16.4,43655
2026-09-24T10:29:00.000Z,2026-09-24T13:29:00,16.39,16.39,16.21,16.21,30368
2026-09-24T10:30:00.000Z,2026-09-24T13:30:00,16.21,16.3,16.21,16.28,4390
2026-09-24T10:31:00.000Z,2026-09-24T13:31:00,16.28,16.28,16.25,16.26,6455
2026-09-24T10:32:00.000Z,2026-09-24T13:32:00,16.29,16.3,16.29,16.3,16097
2026-09-24T10:33:00.000Z,2026-09-24T13:33:00,16.32,16.32,16.3,16.3,4036
2026-09-24T10:34:00.000Z,2026-09-24T13:34:00,16.3,16.34,16.3,16.34,3230
2026-09-24T10:35:00.000Z,2026-09-24T13:35:00,16.34,16.45,16.34,16.4,21308
2026-09-24T10:36:00.000Z,2026-09-24T13:36:00,16.42,16.42,16.3,16.3,3547
2026-09-24T10:37:00.000Z,2026-09-24T13:37:00,16.26,16.3,16.25,16.25,5422
2026-09-24T10:38:00.000Z,2026-09-24T13:38:00,16.25,16.35,16.25,16.35,1680
2026-09-24T10:39:00.000Z,2026-09-24T13:39:00,16.34,16.34,16.29,16.29,1180
2026-09-24T10:40:00.000Z,2026-09-24T13:40:00,16.3,16.3,16.29,16.3,5627
2026-09-24T10:41:00.000Z,2026-09-24T13:41:00,16.3,16.3,16.26,16.26,6708
2026-09-24T10:42:00.000Z,2026-09-24T13:42:00,16.26,16.28,16.2,16.2,50530
2026-09-24T10:43:00.000Z,2026-09-24T13:43:00,16.28,16.3,16.2,16.2,19099
2026-09-24T10:44:00.000Z,2026-09-24T13:44:00,16.3,16.3,16.2,16.3,13924
2026-09-24T10:45:00.000Z,2026-09-24T13:45:00,16.3,16.38,16.3,16.3,33825
2026-09-24T10:46:00.000Z,2026-09-24T13:46:00,16.38,16.43,16.3,16.43,53944
2026-09-24T10:47:00.000Z,2026-09-24T13:47:00,16.43,16.9,16.43,16.9,137954
2026-09-24T10:48:00.000Z,2026-09-24T13:48:00,16.9,17.5,16.8,17.25,123260
2026-09-24T10:49:00.000Z,2026-09-24T13:49:00,17.25,17.75,17.25,17.61,279843
2026-09-24T10:50:00.000Z,2026-09-24T13:50:00,17.5,17.65,17,17.2,169904
2026-09-24T10:51:00.000Z,2026-09-24T13:51:00,17.19,17.45,17.08,17.35,81332
2026-09-24T10:52:00.000Z,2026-09-24T13:52:00,17.35,17.38,17.17,17.3,50710
2026-09-24T10:53:00.000Z,2026-09-24T13:53:00,17.28,17.28,17.2,17.2,41340
2026-09-24T10:54:00.000Z,2026-09-24T13:54:00,17.2,17.29,17.17,17.19,124938
2026-09-24T10:55:00.000Z,2026-09-24T13:55:00,17.19,17.3,17.19,17.29,139141
2026-09-24T10:56:00.000Z,2026-09-24T13:56:00,17.29,17.49,17.29,17.49,90118
2026-09-24T10:57:00.000Z,2026-09-24T13:57:00,17.49,17.7,17.43,17.65,157915
2026-09-24T10:58:00.000Z,2026-09-24T13:58:00,17.7,18.23,17.65,18.23,345912
2026-09-24T10:59:00.000Z,2026-09-24T13:59:00,18.19,18.59,18.06,18.39,555858
2026-09-24T11:00:00.000Z,2026-09-24T14:00:00,18.31,18.4,17.62,17.8,225709
2026-09-24T11:01:00.000Z,2026-09-24T14:01:00,17.62,17.91,17.61,17.9,167389
2026-09-24T11:02:00.000Z,2026-09-24T14:02:00,17.94,18.1,17.9,18,176291
2026-09-24T11:03:00.000Z,2026-09-24T14:03:00,17.99,18,17.82,17.9,40353
2026-09-24T11:04:00.000Z,2026-09-24T14:04:00,17.9,18.2,17.89,18,139321
2026-09-24T11:05:00.000Z,2026-09-24T14:05:00,17.92,17.99,17.81,17.86,119383
2026-09-24T11:06:00.000Z,2026-09-24T14:06:00,17.9,18,17.86,17.99,47126
2026-09-24T11:07:00.000Z,2026-09-24T14:07:00,17.99,18.1,17.95,18.01,43976
2026-09-24T11:08:00.000Z,2026-09-24T14:08:00,18.15,18.25,18.01,18.05,99478
2026-09-24T11:09:00.000Z,2026-09-24T14:09:00,18.15,18.15,18.01,18.01,121782
2026-09-24T11:10:00.000Z,2026-09-24T14:10:00,18.01,18.08,17.9,17.9,31931
2026-09-24T11:11:00.000Z,2026-09-24T14:11:00,17.89,17.9,17.6,17.6,77831
2026-09-24T11:12:00.000Z,2026-09-24T14:12:00,17.72,17.85,17.72,17.8,27994
2026-09-24T11:13:00.000Z,2026-09-24T14:13:00,17.8,17.85,17.6,17.64,109825
2026-09-24T11:14:00.000Z,2026-09-24T14:14:00,17.7,17.79,17.65,17.7,71328
2026-09-24T11:25:00.000Z,2026-09-24T14:25:00,17.65,17.65,17.65,17.65,193403
2026-09-24T11:26:00.000Z,2026-09-24T14:26:00,17.65,17.65,17.65,17.65,100441
2026-09-24T11:27:00.000Z,2026-09-24T14:27:00,17.65,17.65,17.65,17.65,54821
2026-09-24T11:28:00.000Z,2026-09-24T14:28:00,17.65,17.65,17.65,17.65,50101
2026-09-24T11:29:00.000Z,2026-09-24T14:29:00,17.65,17.65,17.65,17.65,1478
