timestamp_utc,timestamp_cairo,open,high,low,close,volume
2026-08-26T07:03:00.000Z,2026-08-26T10:03:00,10.91,10.91,10.91,10.91,200
2026-08-26T07:04:00.000Z,2026-08-26T10:04:00,10.91,10.91,10.91,10.91,2307
2026-08-26T07:05:00.000Z,2026-08-26T10:05:00,10.91,10.91,10.9,10.9,2150
2026-08-26T07:06:00.000Z,2026-08-26T10:06:00,10.9,10.9,10.88,10.88,18279
2026-08-26T07:07:00.000Z,2026-08-26T10:07:00,10.89,10.9,10.88,10.9,6990
2026-08-26T07:08:00.000Z,2026-08-26T10:08:00,10.9,10.9,10.89,10.89,1914
2026-08-26T07:09:00.000Z,2026-08-26T10:09:00,10.9,10.9,10.85,10.85,6231
2026-08-26T07:10:00.000Z,2026-08-26T10:10:00,10.85,10.85,10.85,10.85,3500
2026-08-26T07:11:00.000Z,2026-08-26T10:11:00,10.85,10.9,10.85,10.9,1716
2026-08-26T07:12:00.000Z,2026-08-26T10:12:00,10.85,10.85,10.85,10.85,1929
2026-08-26T07:13:00.000Z,2026-08-26T10:13:00,10.85,10.85,10.85,10.85,23877
2026-08-26T07:14:00.000Z,2026-08-26T10:14:00,10.85,10.85,10.85,10.85,3110
2026-08-26T07:16:00.000Z,2026-08-26T10:16:00,10.85,10.85,10.85,10.85,12200
2026-08-26T07:17:00.000Z,2026-08-26T10:17:00,10.85,10.87,10.85,10.87,6674
2026-08-26T07:18:00.000Z,2026-08-26T10:18:00,10.87,10.87,10.86,10.86,3117
2026-08-26T07:19:00.000Z,2026-08-26T10:19:00,10.87,10.87,10.87,10.87,1474
2026-08-26T07:20:00.000Z,2026-08-26T10:20:00,10.87,10.87,10.87,10.87,39
2026-08-26T07:21:00.000Z,2026-08-26T10:21:00,10.86,10.86,10.86,10.86,1199
2026-08-26T07:22:00.000Z,2026-08-26T10:22:00,10.86,10.87,10.85,10.85,5849
2026-08-26T07:23:00.000Z,2026-08-26T10:23:00,10.87,10.87,10.87,10.87,57
2026-08-26T07:24:00.000Z,2026-08-26T10:24:00,10.85,10.85,10.85,10.85,25637
2026-08-26T07:25:00.000Z,2026-08-26T10:25:00,10.85,10.85,10.85,10.85,460
2026-08-26T07:26:00.000Z,2026-08-26T10:26:00,10.85,10.88,10.84,10.85,24423
2026-08-26T07:27:00.000Z,2026-08-26T10:27:00,10.85,10.88,10.85,10.88,4548
2026-08-26T07:28:00.000Z,2026-08-26T10:28:00,10.85,10.88,10.83,10.83,159240
2026-08-26T07:29:00.000Z,2026-08-26T10:29:00,10.82,10.82,10.82,10.82,4966
2026-08-26T07:31:00.000Z,2026-08-26T10:31:00,10.85,10.88,10.82,10.88,6790
2026-08-26T07:32:00.000Z,2026-08-26T10:32:00,10.88,10.89,10.82,10.82,2028
2026-08-26T07:34:00.000Z,2026-08-26T10:34:00,10.85,10.85,10.85,10.85,40
2026-08-26T07:35:00.000Z,2026-08-26T10:35:00,10.85,10.85,10.83,10.83,2188
2026-08-26T07:37:00.000Z,2026-08-26T10:37:00,10.83,10.88,10.82,10.83,6534
2026-08-26T07:38:00.000Z,2026-08-26T10:38:00,10.83,10.83,10.83,10.83,664
2026-08-26T07:39:00.000Z,2026-08-26T10:39:00,10.83,10.83,10.83,10.83,5000
2026-08-26T07:40:00.000Z,2026-08-26T10:40:00,10.85,10.85,10.85,10.85,25
2026-08-26T07:41:00.000Z,2026-08-26T10:41:00,10.87,10.87,10.87,10.87,150
2026-08-26T07:42:00.000Z,2026-08-26T10:42:00,10.85,10.85,10.85,10.85,2375
2026-08-26T07:43:00.000Z,2026-08-26T10:43:00,10.85,10.85,10.85,10.85,520
2026-08-26T07:44:00.000Z,2026-08-26T10:44:00,10.85,10.85,10.85,10.85,2619
2026-08-26T07:46:00.000Z,2026-08-26T10:46:00,10.85,10.85,10.8,10.83,44073
2026-08-26T07:47:00.000Z,2026-08-26T10:47:00,10.8,10.85,10.78,10.78,38934
2026-08-26T07:48:00.000Z,2026-08-26T10:48:00,10.8,10.83,10.8,10.83,9389
2026-08-26T07:49:00.000Z,2026-08-26T10:49:00,10.83,10.83,10.83,10.83,2000
2026-08-26T07:50:00.000Z,2026-08-26T10:50:00,10.84,10.86,10.84,10.86,8000
2026-08-26T07:52:00.000Z,2026-08-26T10:52:00,10.84,10.84,10.84,10.84,120
2026-08-26T07:53:00.000Z,2026-08-26T10:53:00,10.81,10.81,10.78,10.78,10000
2026-08-26T07:54:00.000Z,2026-08-26T10:54:00,10.78,10.78,10.78,10.78,421
2026-08-26T07:55:00.000Z,2026-08-26T10:55:00,10.78,10.78,10.78,10.78,184
2026-08-26T07:56:00.000Z,2026-08-26T10:56:00,10.78,10.79,10.77,10.77,21657
2026-08-26T07:57:00.000Z,2026-08-26T10:57:00,10.77,10.77,10.77,10.77,6892
2026-08-26T07:58:00.000Z,2026-08-26T10:58:00,10.77,10.77,10.77,10.77,1
2026-08-26T07:59:00.000Z,2026-08-26T10:59:00,10.81,10.81,10.78,10.78,5994
2026-08-26T08:00:00.000Z,2026-08-26T11:00:00,10.79,10.79,10.78,10.78,18730
2026-08-26T08:01:00.000Z,2026-08-26T11:01:00,10.78,10.78,10.78,10.78,1270
2026-08-26T08:02:00.000Z,2026-08-26T11:02:00,10.81,10.81,10.81,10.81,236
2026-08-26T08:03:00.000Z,2026-08-26T11:03:00,10.81,10.81,10.77,10.78,33675
2026-08-26T08:04:00.000Z,2026-08-26T11:04:00,10.78,10.78,10.77,10.77,7060
2026-08-26T08:05:00.000Z,2026-08-26T11:05:00,10.77,10.81,10.75,10.81,10065
2026-08-26T08:06:00.000Z,2026-08-26T11:06:00,10.81,10.81,10.75,10.75,168
2026-08-26T08:07:00.000Z,2026-08-26T11:07:00,10.76,10.81,10.76,10.8,3569
2026-08-26T08:09:00.000Z,2026-08-26T11:09:00,10.76,10.81,10.76,10.76,9373
2026-08-26T08:10:00.000Z,2026-08-26T11:10:00,10.76,10.76,10.76,10.76,25800
2026-08-26T08:11:00.000Z,2026-08-26T11:11:00,10.8,10.8,10.8,10.8,162
2026-08-26T08:12:00.000Z,2026-08-26T11:12:00,10.8,10.8,10.8,10.8,2400
2026-08-26T08:13:00.000Z,2026-08-26T11:13:00,10.77,10.79,10.77,10.79,964
2026-08-26T08:14:00.000Z,2026-08-26T11:14:00,10.79,10.79,10.79,10.79,1000
2026-08-26T08:16:00.000Z,2026-08-26T11:16:00,10.77,10.77,10.77,10.77,1021
2026-08-26T08:18:00.000Z,2026-08-26T11:18:00,10.79,10.81,10.77,10.77,6826
2026-08-26T08:19:00.000Z,2026-08-26T11:19:00,10.77,10.78,10.77,10.77,2056
2026-08-26T08:20:00.000Z,2026-08-26T11:20:00,10.77,10.77,10.77,10.77,4475
2026-08-26T08:22:00.000Z,2026-08-26T11:22:00,10.78,10.78,10.77,10.77,346
2026-08-26T08:25:00.000Z,2026-08-26T11:25:00,10.81,10.81,10.81,10.81,500
2026-08-26T08:26:00.000Z,2026-08-26T11:26:00,10.81,10.81,10.81,10.81,1671
2026-08-26T08:27:00.000Z,2026-08-26T11:27:00,10.8,10.8,10.8,10.8,500
2026-08-26T08:28:00.000Z,2026-08-26T11:28:00,10.78,10.79,10.77,10.77,28750
2026-08-26T08:29:00.000Z,2026-08-26T11:29:00,10.77,10.8,10.77,10.77,8428
2026-08-26T08:30:00.000Z,2026-08-26T11:30:00,10.78,10.78,10.78,10.78,166
2026-08-26T08:32:00.000Z,2026-08-26T11:32:00,10.78,10.78,10.78,10.78,2000
2026-08-26T08:33:00.000Z,2026-08-26T11:33:00,10.78,10.78,10.78,10.78,1000
2026-08-26T08:34:00.000Z,2026-08-26T11:34:00,10.77,10.77,10.77,10.77,9592
2026-08-26T08:35:00.000Z,2026-08-26T11:35:00,10.77,10.77,10.77,10.77,50
2026-08-26T08:36:00.000Z,2026-08-26T11:36:00,10.79,10.79,10.79,10.79,414
2026-08-26T08:37:00.000Z,2026-08-26T11:37:00,10.79,10.79,10.77,10.79,8458
2026-08-26T08:40:00.000Z,2026-08-26T11:40:00,10.77,10.77,10.77,10.77,3000
2026-08-26T08:41:00.000Z,2026-08-26T11:41:00,10.77,10.78,10.77,10.78,7000
2026-08-26T08:42:00.000Z,2026-08-26T11:42:00,10.78,10.78,10.78,10.78,200
2026-08-26T08:43:00.000Z,2026-08-26T11:43:00,10.79,10.8,10.78,10.78,4018
2026-08-26T08:45:00.000Z,2026-08-26T11:45:00,10.78,10.8,10.78,10.8,201
2026-08-26T08:46:00.000Z,2026-08-26T11:46:00,10.78,10.78,10.78,10.78,3
2026-08-26T08:47:00.000Z,2026-08-26T11:47:00,10.8,10.8,10.8,10.8,1183
2026-08-26T08:48:00.000Z,2026-08-26T11:48:00,10.8,10.8,10.8,10.8,838
2026-08-26T08:49:00.000Z,2026-08-26T11:49:00,10.78,10.8,10.78,10.8,556
2026-08-26T08:50:00.000Z,2026-08-26T11:50:00,10.8,10.8,10.8,10.8,1003
2026-08-26T08:51:00.000Z,2026-08-26T11:51:00,10.8,10.8,10.78,10.78,1906
2026-08-26T08:52:00.000Z,2026-08-26T11:52:00,10.78,10.78,10.75,10.75,29000
2026-08-26T08:53:00.000Z,2026-08-26T11:53:00,10.8,10.8,10.8,10.8,100
2026-08-26T08:54:00.000Z,2026-08-26T11:54:00,10.77,10.8,10.77,10.8,700
2026-08-26T08:55:00.000Z,2026-08-26T11:55:00,10.77,10.8,10.77,10.8,1647
2026-08-26T08:56:00.000Z,2026-08-26T11:56:00,10.83,10.85,10.83,10.85,29000
2026-08-26T08:57:00.000Z,2026-08-26T11:57:00,10.85,10.88,10.85,10.86,14720
2026-08-26T08:58:00.000Z,2026-08-26T11:58:00,10.86,10.86,10.83,10.85,48400
2026-08-26T08:59:00.000Z,2026-08-26T11:59:00,10.85,10.85,10.84,10.85,4229
2026-08-26T09:01:00.000Z,2026-08-26T12:01:00,10.85,10.85,10.85,10.85,920
2026-08-26T09:02:00.000Z,2026-08-26T12:02:00,10.85,10.85,10.83,10.83,2679
2026-08-26T09:03:00.000Z,2026-08-26T12:03:00,10.83,10.88,10.83,10.88,50079
2026-08-26T09:04:00.000Z,2026-08-26T12:04:00,10.85,10.89,10.85,10.89,502
2026-08-26T09:05:00.000Z,2026-08-26T12:05:00,10.89,10.92,10.89,10.92,38601
2026-08-26T09:06:00.000Z,2026-08-26T12:06:00,10.9,10.97,10.9,10.96,41510
2026-08-26T09:07:00.000Z,2026-08-26T12:07:00,10.96,10.99,10.92,10.92,97059
2026-08-26T09:08:00.000Z,2026-08-26T12:08:00,10.95,10.99,10.95,10.98,20392
2026-08-26T09:09:00.000Z,2026-08-26T12:09:00,10.98,10.99,10.92,10.92,67302
2026-08-26T09:10:00.000Z,2026-08-26T12:10:00,10.92,10.92,10.92,10.92,1281
2026-08-26T09:11:00.000Z,2026-08-26T12:11:00,10.92,10.97,10.92,10.92,22914
2026-08-26T09:12:00.000Z,2026-08-26T12:12:00,10.93,10.96,10.93,10.96,5040
2026-08-26T09:13:00.000Z,2026-08-26T12:13:00,10.97,10.97,10.97,10.97,52
2026-08-26T09:15:00.000Z,2026-08-26T12:15:00,10.93,10.93,10.9,10.9,21706
2026-08-26T09:17:00.000Z,2026-08-26T12:17:00,10.93,10.93,10.93,10.93,150
2026-08-26T09:18:00.000Z,2026-08-26T12:18:00,10.9,10.9,10.9,10.9,7744
2026-08-26T09:19:00.000Z,2026-08-26T12:19:00,10.9,10.9,10.9,10.9,3500
2026-08-26T09:21:00.000Z,2026-08-26T12:21:00,10.9,10.9,10.89,10.89,25
2026-08-26T09:22:00.000Z,2026-08-26T12:22:00,10.89,10.9,10.89,10.9,20940
2026-08-26T09:23:00.000Z,2026-08-26T12:23:00,10.9,10.9,10.89,10.89,10954
2026-08-26T09:24:00.000Z,2026-08-26T12:24:00,10.9,10.98,10.9,10.97,26219
2026-08-26T09:25:00.000Z,2026-08-26T12:25:00,10.95,10.95,10.9,10.9,122
2026-08-26T09:27:00.000Z,2026-08-26T12:27:00,10.9,10.9,10.9,10.9,3100
2026-08-26T09:28:00.000Z,2026-08-26T12:28:00,10.95,10.95,10.9,10.9,731
2026-08-26T09:30:00.000Z,2026-08-26T12:30:00,10.95,10.95,10.95,10.95,4587
2026-08-26T09:32:00.000Z,2026-08-26T12:32:00,10.93,10.93,10.93,10.93,926
2026-08-26T09:33:00.000Z,2026-08-26T12:33:00,10.93,10.95,10.93,10.95,3280
2026-08-26T09:35:00.000Z,2026-08-26T12:35:00,10.91,10.91,10.9,10.9,3834
2026-08-26T09:36:00.000Z,2026-08-26T12:36:00,10.95,10.95,10.9,10.9,2669
2026-08-26T09:38:00.000Z,2026-08-26T12:38:00,10.9,10.9,10.9,10.9,3559
2026-08-26T09:39:00.000Z,2026-08-26T12:39:00,10.9,10.9,10.9,10.9,400
2026-08-26T09:40:00.000Z,2026-08-26T12:40:00,10.9,10.9,10.9,10.9,5018
2026-08-26T09:41:00.000Z,2026-08-26T12:41:00,10.9,10.94,10.9,10.9,21860
2026-08-26T09:43:00.000Z,2026-08-26T12:43:00,10.9,10.9,10.9,10.9,1222
2026-08-26T09:45:00.000Z,2026-08-26T12:45:00,10.88,10.88,10.88,10.88,5000
2026-08-26T09:46:00.000Z,2026-08-26T12:46:00,10.88,10.88,10.88,10.88,9146
2026-08-26T09:47:00.000Z,2026-08-26T12:47:00,10.88,10.88,10.86,10.86,18382
2026-08-26T09:48:00.000Z,2026-08-26T12:48:00,10.88,10.88,10.88,10.88,559
2026-08-26T09:49:00.000Z,2026-08-26T12:49:00,10.88,10.88,10.86,10.86,482
2026-08-26T09:53:00.000Z,2026-08-26T12:53:00,10.9,10.93,10.9,10.93,184
2026-08-26T09:54:00.000Z,2026-08-26T12:54:00,10.86,10.93,10.86,10.88,2456
2026-08-26T09:55:00.000Z,2026-08-26T12:55:00,10.88,10.88,10.88,10.88,575
2026-08-26T09:56:00.000Z,2026-08-26T12:56:00,10.93,10.93,10.88,10.88,1382
2026-08-26T09:58:00.000Z,2026-08-26T12:58:00,10.93,10.93,10.93,10.93,21
2026-08-26T10:00:00.000Z,2026-08-26T13:00:00,10.93,10.93,10.93,10.93,110
2026-08-26T10:01:00.000Z,2026-08-26T13:01:00,10.88,10.88,10.85,10.85,46953
2026-08-26T10:04:00.000Z,2026-08-26T13:04:00,10.9,10.92,10.9,10.92,1882
2026-08-26T10:05:00.000Z,2026-08-26T13:05:00,10.92,10.92,10.85,10.85,18251
2026-08-26T10:10:00.000Z,2026-08-26T13:10:00,10.85,10.85,10.85,10.85,11322
2026-08-26T10:14:00.000Z,2026-08-26T13:14:00,10.86,10.86,10.86,10.86,235
2026-08-26T10:15:00.000Z,2026-08-26T13:15:00,10.89,10.89,10.89,10.89,63
2026-08-26T10:16:00.000Z,2026-08-26T13:16:00,10.86,10.86,10.85,10.85,2000
2026-08-26T10:19:00.000Z,2026-08-26T13:19:00,10.86,10.86,10.84,10.84,65000
2026-08-26T10:20:00.000Z,2026-08-26T13:20:00,10.89,10.93,10.85,10.85,50442
2026-08-26T10:22:00.000Z,2026-08-26T13:22:00,10.85,10.92,10.84,10.84,743
2026-08-26T10:23:00.000Z,2026-08-26T13:23:00,10.84,10.92,10.84,10.92,1107
2026-08-26T10:24:00.000Z,2026-08-26T13:24:00,10.84,10.84,10.84,10.84,2000
2026-08-26T10:25:00.000Z,2026-08-26T13:25:00,10.84,10.84,10.84,10.84,1400
2026-08-26T10:27:00.000Z,2026-08-26T13:27:00,10.89,10.89,10.89,10.89,3
2026-08-26T10:30:00.000Z,2026-08-26T13:30:00,10.88,10.94,10.88,10.94,100000
2026-08-26T10:31:00.000Z,2026-08-26T13:31:00,10.86,10.86,10.86,10.86,54
2026-08-26T10:34:00.000Z,2026-08-26T13:34:00,10.9,10.95,10.9,10.95,17540
2026-08-26T10:35:00.000Z,2026-08-26T13:35:00,10.93,10.93,10.93,10.93,398
2026-08-26T10:36:00.000Z,2026-08-26T13:36:00,10.92,10.95,10.92,10.95,17541
2026-08-26T10:40:00.000Z,2026-08-26T13:40:00,10.87,10.87,10.87,10.87,166
2026-08-26T10:41:00.000Z,2026-08-26T13:41:00,10.87,10.87,10.87,10.87,4505
2026-08-26T10:43:00.000Z,2026-08-26T13:43:00,10.87,10.87,10.87,10.87,16
2026-08-26T10:46:00.000Z,2026-08-26T13:46:00,10.89,10.89,10.89,10.89,2910
2026-08-26T10:47:00.000Z,2026-08-26T13:47:00,10.9,10.94,10.89,10.89,30535
2026-08-26T10:48:00.000Z,2026-08-26T13:48:00,10.89,10.89,10.88,10.89,9692
2026-08-26T10:49:00.000Z,2026-08-26T13:49:00,10.89,10.89,10.87,10.87,47307
2026-08-26T10:50:00.000Z,2026-08-26T13:50:00,10.87,10.87,10.85,10.85,75347
2026-08-26T10:51:00.000Z,2026-08-26T13:51:00,10.85,10.85,10.81,10.82,117698
2026-08-26T10:53:00.000Z,2026-08-26T13:53:00,10.82,10.82,10.82,10.82,3007
2026-08-26T10:54:00.000Z,2026-08-26T13:54:00,10.82,10.82,10.82,10.82,5183
2026-08-26T10:55:00.000Z,2026-08-26T13:55:00,10.91,10.91,10.91,10.91,734
2026-08-26T10:56:00.000Z,2026-08-26T13:56:00,10.83,10.83,10.83,10.83,1366
2026-08-26T10:57:00.000Z,2026-08-26T13:57:00,10.84,10.85,10.84,10.85,11000
2026-08-26T10:58:00.000Z,2026-08-26T13:58:00,10.84,10.84,10.84,10.84,922
2026-08-26T10:59:00.000Z,2026-08-26T13:59:00,10.9,10.9,10.9,10.9,20
2026-08-26T11:00:00.000Z,2026-08-26T14:00:00,10.9,10.93,10.9,10.93,8000
2026-08-26T11:01:00.000Z,2026-08-26T14:01:00,10.92,10.92,10.92,10.92,3000
2026-08-26T11:02:00.000Z,2026-08-26T14:02:00,10.88,10.88,10.88,10.88,1400
2026-08-26T11:03:00.000Z,2026-08-26T14:03:00,10.88,10.88,10.88,10.88,50
2026-08-26T11:04:00.000Z,2026-08-26T14:04:00,10.89,10.89,10.89,10.89,1436
2026-08-26T11:05:00.000Z,2026-08-26T14:05:00,10.89,10.92,10.89,10.92,10658
2026-08-26T11:06:00.000Z,2026-08-26T14:06:00,10.92,10.95,10.92,10.95,100000
2026-08-26T11:07:00.000Z,2026-08-26T14:07:00,10.95,10.96,10.92,10.96,53568
2026-08-26T11:08:00.000Z,2026-08-26T14:08:00,10.96,10.97,10.94,10.97,51907
2026-08-26T11:09:00.000Z,2026-08-26T14:09:00,10.95,10.95,10.95,10.95,1500
2026-08-26T11:10:00.000Z,2026-08-26T14:10:00,10.95,10.97,10.95,10.95,2453
2026-08-26T11:11:00.000Z,2026-08-26T14:11:00,10.95,10.96,10.95,10.96,2624
2026-08-26T11:12:00.000Z,2026-08-26T14:12:00,10.95,10.96,10.95,10.95,8077
2026-08-26T11:13:00.000Z,2026-08-26T14:13:00,10.96,10.96,10.94,10.95,8765
2026-08-26T11:14:00.000Z,2026-08-26T14:14:00,10.94,10.95,10.94,10.95,20201
2026-08-26T11:25:00.000Z,2026-08-26T14:25:00,11,11,11,11,161847
2026-08-26T11:26:00.000Z,2026-08-26T14:26:00,11,11,11,11,129000
2026-08-26T11:27:00.000Z,2026-08-26T14:27:00,11,11,11,11,161721
2026-08-26T11:28:00.000Z,2026-08-26T14:28:00,11,11,11,11,16223
2026-08-30T07:00:00.000Z,2026-08-30T10:00:00,10.9,10.96,10.9,10.95,219011
2026-08-30T07:01:00.000Z,2026-08-30T10:01:00,10.95,10.95,10.9,10.9,112526
2026-08-30T07:02:00.000Z,2026-08-30T10:02:00,10.9,10.9,10.61,10.61,82529
2026-08-30T07:03:00.000Z,2026-08-30T10:03:00,10.61,10.85,10.61,10.7,34762
2026-08-30T07:04:00.000Z,2026-08-30T10:04:00,10.7,10.84,10.63,10.84,17513
2026-08-30T07:06:00.000Z,2026-08-30T10:06:00,10.74,10.78,10.72,10.78,21461
2026-08-30T07:07:00.000Z,2026-08-30T10:07:00,10.74,10.77,10.71,10.77,19067
2026-08-30T07:08:00.000Z,2026-08-30T10:08:00,10.71,10.78,10.7,10.7,71821
2026-08-30T07:09:00.000Z,2026-08-30T10:09:00,10.78,10.78,10.78,10.78,155
2026-08-30T07:10:00.000Z,2026-08-30T10:10:00,10.75,10.75,10.7,10.7,13068
2026-08-30T07:11:00.000Z,2026-08-30T10:11:00,10.7,10.7,10.7,10.7,11000
2026-08-30T07:12:00.000Z,2026-08-30T10:12:00,10.7,10.7,10.69,10.7,19690
2026-08-30T07:13:00.000Z,2026-08-30T10:13:00,10.69,10.7,10.69,10.7,4415
2026-08-30T07:14:00.000Z,2026-08-30T10:14:00,10.74,10.77,10.71,10.71,7283
2026-08-30T07:15:00.000Z,2026-08-30T10:15:00,10.77,10.77,10.71,10.77,6687
2026-08-30T07:16:00.000Z,2026-08-30T10:16:00,10.77,10.77,10.77,10.77,10052
2026-08-30T07:17:00.000Z,2026-08-30T10:17:00,10.77,10.77,10.77,10.77,3806
2026-08-30T07:18:00.000Z,2026-08-30T10:18:00,10.77,10.79,10.77,10.79,15143
2026-08-30T07:19:00.000Z,2026-08-30T10:19:00,10.78,10.79,10.75,10.75,47188
2026-08-30T07:20:00.000Z,2026-08-30T10:20:00,10.75,10.75,10.72,10.72,2193
2026-08-30T07:21:00.000Z,2026-08-30T10:21:00,10.72,10.72,10.72,10.72,26
2026-08-30T07:22:00.000Z,2026-08-30T10:22:00,10.75,10.79,10.75,10.79,5124
2026-08-30T07:23:00.000Z,2026-08-30T10:23:00,10.79,10.79,10.79,10.79,2750
2026-08-30T07:24:00.000Z,2026-08-30T10:24:00,10.75,10.81,10.75,10.81,7940
2026-08-30T07:25:00.000Z,2026-08-30T10:25:00,10.75,10.76,10.75,10.76,350
2026-08-30T07:26:00.000Z,2026-08-30T10:26:00,10.76,10.76,10.76,10.76,250
2026-08-30T07:27:00.000Z,2026-08-30T10:27:00,10.77,10.79,10.76,10.76,4466
2026-08-30T07:28:00.000Z,2026-08-30T10:28:00,10.79,10.79,10.79,10.79,700
2026-08-30T07:29:00.000Z,2026-08-30T10:29:00,10.79,10.79,10.79,10.79,2926
2026-08-30T07:30:00.000Z,2026-08-30T10:30:00,10.79,10.8,10.77,10.77,11414
2026-08-30T07:31:00.000Z,2026-08-30T10:31:00,10.77,10.79,10.77,10.79,927
2026-08-30T07:32:00.000Z,2026-08-30T10:32:00,10.79,10.79,10.79,10.79,2902
2026-08-30T07:33:00.000Z,2026-08-30T10:33:00,10.79,10.81,10.79,10.79,5959
2026-08-30T07:34:00.000Z,2026-08-30T10:34:00,10.79,10.79,10.71,10.71,78623
2026-08-30T07:35:00.000Z,2026-08-30T10:35:00,10.72,10.72,10.72,10.72,250
2026-08-30T07:37:00.000Z,2026-08-30T10:37:00,10.73,10.73,10.72,10.72,815
2026-08-30T07:38:00.000Z,2026-08-30T10:38:00,10.72,10.72,10.69,10.69,45524
2026-08-30T07:39:00.000Z,2026-08-30T10:39:00,10.7,10.7,10.65,10.66,67589
2026-08-30T07:40:00.000Z,2026-08-30T10:40:00,10.69,10.69,10.66,10.69,1362
2026-08-30T07:41:00.000Z,2026-08-30T10:41:00,10.66,10.69,10.65,10.69,51236
2026-08-30T07:42:00.000Z,2026-08-30T10:42:00,10.69,10.69,10.66,10.66,14044
2026-08-30T07:43:00.000Z,2026-08-30T10:43:00,10.66,10.73,10.66,10.73,21819
2026-08-30T07:44:00.000Z,2026-08-30T10:44:00,10.73,10.75,10.73,10.75,6530
2026-08-30T07:45:00.000Z,2026-08-30T10:45:00,10.74,10.74,10.74,10.74,4470
2026-08-30T07:46:00.000Z,2026-08-30T10:46:00,10.74,10.74,10.73,10.73,1984
2026-08-30T07:47:00.000Z,2026-08-30T10:47:00,10.71,10.71,10.71,10.71,115
2026-08-30T07:48:00.000Z,2026-08-30T10:48:00,10.73,10.73,10.73,10.73,2679
2026-08-30T07:49:00.000Z,2026-08-30T10:49:00,10.73,10.73,10.71,10.73,7132
2026-08-30T07:50:00.000Z,2026-08-30T10:50:00,10.72,10.72,10.72,10.72,2020
2026-08-30T07:51:00.000Z,2026-08-30T10:51:00,10.72,10.74,10.71,10.71,29183
2026-08-30T07:52:00.000Z,2026-08-30T10:52:00,10.71,10.71,10.71,10.71,5048
2026-08-30T07:53:00.000Z,2026-08-30T10:53:00,10.72,10.72,10.72,10.72,850
2026-08-30T07:54:00.000Z,2026-08-30T10:54:00,10.72,10.72,10.72,10.72,647
2026-08-30T07:55:00.000Z,2026-08-30T10:55:00,10.72,10.72,10.71,10.71,272
2026-08-30T07:56:00.000Z,2026-08-30T10:56:00,10.72,10.73,10.72,10.73,1955
2026-08-30T07:57:00.000Z,2026-08-30T10:57:00,10.72,10.73,10.72,10.72,15967
2026-08-30T07:58:00.000Z,2026-08-30T10:58:00,10.75,10.75,10.75,10.75,24117
2026-08-30T07:59:00.000Z,2026-08-30T10:59:00,10.76,10.76,10.76,10.76,1000
2026-08-30T08:00:00.000Z,2026-08-30T11:00:00,10.77,10.8,10.77,10.8,18289
2026-08-30T08:01:00.000Z,2026-08-30T11:01:00,10.8,10.8,10.8,10.8,12200
2026-08-30T08:02:00.000Z,2026-08-30T11:02:00,10.8,10.8,10.78,10.78,2370
2026-08-30T08:03:00.000Z,2026-08-30T11:03:00,10.8,10.81,10.78,10.81,19368
2026-08-30T08:04:00.000Z,2026-08-30T11:04:00,10.8,10.81,10.8,10.81,25701
2026-08-30T08:05:00.000Z,2026-08-30T11:05:00,10.8,10.8,10.8,10.8,1035
2026-08-30T08:06:00.000Z,2026-08-30T11:06:00,10.81,10.81,10.8,10.8,74
2026-08-30T08:07:00.000Z,2026-08-30T11:07:00,10.8,10.81,10.8,10.8,5000
2026-08-30T08:08:00.000Z,2026-08-30T11:08:00,10.8,10.8,10.78,10.78,10177
2026-08-30T08:09:00.000Z,2026-08-30T11:09:00,10.8,10.8,10.8,10.8,54
2026-08-30T08:10:00.000Z,2026-08-30T11:10:00,10.79,10.79,10.79,10.79,102000
2026-08-30T08:11:00.000Z,2026-08-30T11:11:00,10.78,10.78,10.76,10.76,23610
2026-08-30T08:12:00.000Z,2026-08-30T11:12:00,10.79,10.79,10.79,10.79,26
2026-08-30T08:13:00.000Z,2026-08-30T11:13:00,10.79,10.79,10.79,10.79,55
2026-08-30T08:14:00.000Z,2026-08-30T11:14:00,10.79,10.79,10.77,10.77,10706
2026-08-30T08:15:00.000Z,2026-08-30T11:15:00,10.79,10.79,10.76,10.76,13292
2026-08-30T08:16:00.000Z,2026-08-30T11:16:00,10.76,10.76,10.76,10.76,500
2026-08-30T08:17:00.000Z,2026-08-30T11:17:00,10.79,10.79,10.78,10.79,100504
2026-08-30T08:18:00.000Z,2026-08-30T11:18:00,10.76,10.76,10.75,10.75,4520
2026-08-30T08:19:00.000Z,2026-08-30T11:19:00,10.77,10.77,10.77,10.77,5000
2026-08-30T08:20:00.000Z,2026-08-30T11:20:00,10.76,10.76,10.76,10.76,592
2026-08-30T08:21:00.000Z,2026-08-30T11:21:00,10.77,10.77,10.76,10.76,7138
2026-08-30T08:23:00.000Z,2026-08-30T11:23:00,10.76,10.76,10.75,10.75,1280
2026-08-30T08:24:00.000Z,2026-08-30T11:24:00,10.76,10.76,10.75,10.75,2190
2026-08-30T08:25:00.000Z,2026-08-30T11:25:00,10.75,10.8,10.75,10.8,9561
2026-08-30T08:26:00.000Z,2026-08-30T11:26:00,10.8,10.8,10.74,10.8,2058
2026-08-30T08:27:00.000Z,2026-08-30T11:27:00,10.8,10.8,10.8,10.8,1
2026-08-30T08:28:00.000Z,2026-08-30T11:28:00,10.8,10.8,10.8,10.8,1000
2026-08-30T08:29:00.000Z,2026-08-30T11:29:00,10.79,10.8,10.79,10.8,11511
2026-08-30T08:30:00.000Z,2026-08-30T11:30:00,10.8,10.8,10.8,10.8,8594
2026-08-30T08:31:00.000Z,2026-08-30T11:31:00,10.8,10.81,10.8,10.81,3524
2026-08-30T08:32:00.000Z,2026-08-30T11:32:00,10.8,10.81,10.78,10.81,4716
2026-08-30T08:33:00.000Z,2026-08-30T11:33:00,10.81,10.83,10.81,10.83,13955
2026-08-30T08:34:00.000Z,2026-08-30T11:34:00,10.83,10.89,10.83,10.89,39146
2026-08-30T08:35:00.000Z,2026-08-30T11:35:00,10.89,10.89,10.86,10.88,5024
2026-08-30T08:36:00.000Z,2026-08-30T11:36:00,10.86,10.86,10.81,10.81,20931
2026-08-30T08:37:00.000Z,2026-08-30T11:37:00,10.87,10.87,10.87,10.87,1250
2026-08-30T08:38:00.000Z,2026-08-30T11:38:00,10.87,10.89,10.87,10.89,44908
2026-08-30T08:39:00.000Z,2026-08-30T11:39:00,10.89,10.89,10.89,10.89,4000
2026-08-30T08:40:00.000Z,2026-08-30T11:40:00,10.85,10.9,10.85,10.9,63322
2026-08-30T08:41:00.000Z,2026-08-30T11:41:00,10.9,10.93,10.9,10.93,52048
2026-08-30T08:42:00.000Z,2026-08-30T11:42:00,10.9,10.9,10.9,10.9,2110
2026-08-30T08:43:00.000Z,2026-08-30T11:43:00,10.9,10.93,10.9,10.93,50728
2026-08-30T08:44:00.000Z,2026-08-30T11:44:00,10.91,10.91,10.91,10.91,100000
2026-08-30T08:45:00.000Z,2026-08-30T11:45:00,10.9,10.92,10.86,10.92,34670
2026-08-30T08:46:00.000Z,2026-08-30T11:46:00,10.9,10.92,10.9,10.92,21000
2026-08-30T08:47:00.000Z,2026-08-30T11:47:00,10.92,10.93,10.92,10.93,18803
2026-08-30T08:48:00.000Z,2026-08-30T11:48:00,10.93,10.93,10.92,10.92,16682
2026-08-30T08:49:00.000Z,2026-08-30T11:49:00,10.92,10.92,10.92,10.92,12138
2026-08-30T08:51:00.000Z,2026-08-30T11:51:00,10.91,10.91,10.91,10.91,1484
2026-08-30T08:52:00.000Z,2026-08-30T11:52:00,10.91,10.92,10.91,10.92,869
2026-08-30T08:53:00.000Z,2026-08-30T11:53:00,10.92,10.92,10.9,10.9,12393
2026-08-30T08:54:00.000Z,2026-08-30T11:54:00,10.91,10.91,10.91,10.91,100000
2026-08-30T08:55:00.000Z,2026-08-30T11:55:00,10.94,10.94,10.91,10.91,150
2026-08-30T08:56:00.000Z,2026-08-30T11:56:00,10.94,10.94,10.9,10.94,7046
2026-08-30T08:57:00.000Z,2026-08-30T11:57:00,10.9,10.9,10.9,10.9,1000
2026-08-30T08:58:00.000Z,2026-08-30T11:58:00,10.91,10.93,10.9,10.9,31261
2026-08-30T08:59:00.000Z,2026-08-30T11:59:00,10.88,10.88,10.88,10.88,2000
2026-08-30T09:00:00.000Z,2026-08-30T12:00:00,10.88,10.88,10.88,10.88,500
2026-08-30T09:01:00.000Z,2026-08-30T12:01:00,10.87,10.88,10.87,10.88,202050
2026-08-30T09:02:00.000Z,2026-08-30T12:02:00,10.87,10.9,10.87,10.9,8796
2026-08-30T09:05:00.000Z,2026-08-30T12:05:00,10.87,10.87,10.87,10.87,11753
2026-08-30T09:06:00.000Z,2026-08-30T12:06:00,10.87,10.87,10.86,10.87,16019
2026-08-30T09:07:00.000Z,2026-08-30T12:07:00,10.86,10.9,10.86,10.9,111133
2026-08-30T09:08:00.000Z,2026-08-30T12:08:00,10.9,10.9,10.9,10.9,10010
2026-08-30T09:09:00.000Z,2026-08-30T12:09:00,10.92,10.92,10.9,10.9,23856
2026-08-30T09:10:00.000Z,2026-08-30T12:10:00,10.89,10.89,10.89,10.89,300
2026-08-30T09:11:00.000Z,2026-08-30T12:11:00,10.89,10.9,10.89,10.9,1051
2026-08-30T09:12:00.000Z,2026-08-30T12:12:00,10.89,10.89,10.86,10.89,13031
2026-08-30T09:13:00.000Z,2026-08-30T12:13:00,10.86,10.86,10.86,10.86,9534
2026-08-30T09:14:00.000Z,2026-08-30T12:14:00,10.89,10.89,10.89,10.89,503
2026-08-30T09:15:00.000Z,2026-08-30T12:15:00,10.89,10.89,10.88,10.88,5564
2026-08-30T09:16:00.000Z,2026-08-30T12:16:00,10.87,10.87,10.87,10.87,183
2026-08-30T09:18:00.000Z,2026-08-30T12:18:00,10.86,10.88,10.86,10.86,10960
2026-08-30T09:19:00.000Z,2026-08-30T12:19:00,10.86,10.87,10.86,10.87,20005
2026-08-30T09:20:00.000Z,2026-08-30T12:20:00,10.88,10.88,10.87,10.87,4375
2026-08-30T09:21:00.000Z,2026-08-30T12:21:00,10.86,10.87,10.86,10.86,14814
2026-08-30T09:22:00.000Z,2026-08-30T12:22:00,10.85,10.85,10.81,10.81,10000
2026-08-30T09:23:00.000Z,2026-08-30T12:23:00,10.83,10.85,10.83,10.85,2349
2026-08-30T09:24:00.000Z,2026-08-30T12:24:00,10.85,10.87,10.85,10.87,202348
2026-08-30T09:25:00.000Z,2026-08-30T12:25:00,10.87,10.87,10.87,10.87,200
2026-08-30T09:31:00.000Z,2026-08-30T12:31:00,10.86,10.86,10.86,10.86,82
2026-08-30T09:32:00.000Z,2026-08-30T12:32:00,10.86,10.86,10.86,10.86,166
2026-08-30T09:33:00.000Z,2026-08-30T12:33:00,10.86,10.86,10.85,10.85,1135
2026-08-30T09:34:00.000Z,2026-08-30T12:34:00,10.83,10.85,10.83,10.85,792
2026-08-30T09:35:00.000Z,2026-08-30T12:35:00,10.84,10.85,10.84,10.85,7490
2026-08-30T09:36:00.000Z,2026-08-30T12:36:00,10.84,10.84,10.81,10.84,15094
2026-08-30T09:38:00.000Z,2026-08-30T12:38:00,10.84,10.84,10.82,10.82,2725
2026-08-30T09:39:00.000Z,2026-08-30T12:39:00,10.82,10.82,10.8,10.8,40984
2026-08-30T09:40:00.000Z,2026-08-30T12:40:00,10.77,10.77,10.77,10.77,550
2026-08-30T09:41:00.000Z,2026-08-30T12:41:00,10.78,10.79,10.77,10.77,202168
2026-08-30T09:42:00.000Z,2026-08-30T12:42:00,10.8,10.82,10.8,10.82,196
2026-08-30T09:44:00.000Z,2026-08-30T12:44:00,10.8,10.8,10.8,10.8,1060
2026-08-30T09:45:00.000Z,2026-08-30T12:45:00,10.8,10.8,10.8,10.8,600
2026-08-30T09:46:00.000Z,2026-08-30T12:46:00,10.8,10.8,10.78,10.8,4600
2026-08-30T09:49:00.000Z,2026-08-30T12:49:00,10.78,10.78,10.78,10.78,10220
2026-08-30T09:50:00.000Z,2026-08-30T12:50:00,10.78,10.78,10.78,10.78,2280
2026-08-30T09:51:00.000Z,2026-08-30T12:51:00,10.77,10.77,10.77,10.77,5166
2026-08-30T09:53:00.000Z,2026-08-30T12:53:00,10.78,10.8,10.78,10.8,16600
2026-08-30T09:54:00.000Z,2026-08-30T12:54:00,10.77,10.77,10.77,10.77,10106
2026-08-30T09:55:00.000Z,2026-08-30T12:55:00,10.76,10.77,10.75,10.75,23700
2026-08-30T09:56:00.000Z,2026-08-30T12:56:00,10.75,10.75,10.74,10.74,6272
2026-08-30T09:57:00.000Z,2026-08-30T12:57:00,10.73,10.73,10.72,10.72,15355
2026-08-30T09:58:00.000Z,2026-08-30T12:58:00,10.73,10.75,10.73,10.75,8230
2026-08-30T09:59:00.000Z,2026-08-30T12:59:00,10.75,10.79,10.75,10.79,2064
2026-08-30T10:00:00.000Z,2026-08-30T13:00:00,10.79,10.79,10.79,10.79,360
2026-08-30T10:01:00.000Z,2026-08-30T13:01:00,10.79,10.79,10.79,10.79,5450
2026-08-30T10:02:00.000Z,2026-08-30T13:02:00,10.79,10.79,10.79,10.79,12724
2026-08-30T10:03:00.000Z,2026-08-30T13:03:00,10.79,10.79,10.79,10.79,1839
2026-08-30T10:05:00.000Z,2026-08-30T13:05:00,10.77,10.79,10.75,10.75,4875
2026-08-30T10:06:00.000Z,2026-08-30T13:06:00,10.78,10.78,10.78,10.78,501
2026-08-30T10:07:00.000Z,2026-08-30T13:07:00,10.78,10.78,10.75,10.75,1027
2026-08-30T10:08:00.000Z,2026-08-30T13:08:00,10.75,10.75,10.75,10.75,894
2026-08-30T10:09:00.000Z,2026-08-30T13:09:00,10.75,10.78,10.75,10.75,624
2026-08-30T10:10:00.000Z,2026-08-30T13:10:00,10.75,10.75,10.74,10.74,400
2026-08-30T10:12:00.000Z,2026-08-30T13:12:00,10.74,10.74,10.74,10.74,20
2026-08-30T10:13:00.000Z,2026-08-30T13:13:00,10.76,10.76,10.76,10.76,18
2026-08-30T10:14:00.000Z,2026-08-30T13:14:00,10.75,10.75,10.75,10.75,212
2026-08-30T10:15:00.000Z,2026-08-30T13:15:00,10.75,10.75,10.74,10.74,20506
2026-08-30T10:16:00.000Z,2026-08-30T13:16:00,10.74,10.74,10.74,10.74,2000
2026-08-30T10:17:00.000Z,2026-08-30T13:17:00,10.76,10.76,10.76,10.76,57
2026-08-30T10:18:00.000Z,2026-08-30T13:18:00,10.75,10.75,10.75,10.75,500
2026-08-30T10:19:00.000Z,2026-08-30T13:19:00,10.75,10.78,10.75,10.78,3090
2026-08-30T10:20:00.000Z,2026-08-30T13:20:00,10.78,10.79,10.74,10.78,11886
2026-08-30T10:21:00.000Z,2026-08-30T13:21:00,10.78,10.78,10.78,10.78,250
2026-08-30T10:22:00.000Z,2026-08-30T13:22:00,10.74,10.75,10.73,10.75,19109
2026-08-30T10:25:00.000Z,2026-08-30T13:25:00,10.75,10.78,10.75,10.78,214
2026-08-30T10:27:00.000Z,2026-08-30T13:27:00,10.78,10.79,10.75,10.79,2445
2026-08-30T10:28:00.000Z,2026-08-30T13:28:00,10.79,10.79,10.75,10.75,5506
2026-08-30T10:29:00.000Z,2026-08-30T13:29:00,10.79,10.79,10.79,10.79,288
2026-08-30T10:30:00.000Z,2026-08-30T13:30:00,10.79,10.79,10.79,10.79,500
2026-08-30T10:31:00.000Z,2026-08-30T13:31:00,10.78,10.79,10.78,10.79,9000
2026-08-30T10:32:00.000Z,2026-08-30T13:32:00,10.79,10.79,10.79,10.79,10000
2026-08-30T10:33:00.000Z,2026-08-30T13:33:00,10.79,10.79,10.78,10.79,436
2026-08-30T10:34:00.000Z,2026-08-30T13:34:00,10.76,10.76,10.75,10.75,23400
2026-08-30T10:35:00.000Z,2026-08-30T13:35:00,10.75,10.75,10.75,10.75,20596
2026-08-30T10:36:00.000Z,2026-08-30T13:36:00,10.78,10.78,10.78,10.78,1860
2026-08-30T10:37:00.000Z,2026-08-30T13:37:00,10.78,10.78,10.78,10.78,814
2026-08-30T10:38:00.000Z,2026-08-30T13:38:00,10.76,10.76,10.76,10.76,3100
2026-08-30T10:39:00.000Z,2026-08-30T13:39:00,10.75,10.76,10.75,10.75,11559
2026-08-30T10:40:00.000Z,2026-08-30T13:40:00,10.74,10.75,10.74,10.75,3291
2026-08-30T10:41:00.000Z,2026-08-30T13:41:00,10.74,10.75,10.74,10.74,6126
2026-08-30T10:42:00.000Z,2026-08-30T13:42:00,10.74,10.75,10.72,10.72,35516
2026-08-30T10:43:00.000Z,2026-08-30T13:43:00,10.75,10.75,10.72,10.72,4713
2026-08-30T10:44:00.000Z,2026-08-30T13:44:00,10.72,10.73,10.71,10.71,114500
2026-08-30T10:45:00.000Z,2026-08-30T13:45:00,10.71,10.71,10.7,10.7,100078
2026-08-30T10:46:00.000Z,2026-08-30T13:46:00,10.71,10.71,10.7,10.7,3000
2026-08-30T10:48:00.000Z,2026-08-30T13:48:00,10.72,10.72,10.7,10.7,3528
2026-08-30T10:49:00.000Z,2026-08-30T13:49:00,10.75,10.75,10.7,10.7,11051
2026-08-30T10:50:00.000Z,2026-08-30T13:50:00,10.7,10.71,10.7,10.7,5500
2026-08-30T10:51:00.000Z,2026-08-30T13:51:00,10.7,10.7,10.7,10.7,21482
2026-08-30T10:52:00.000Z,2026-08-30T13:52:00,10.72,10.74,10.68,10.68,23163
2026-08-30T10:54:00.000Z,2026-08-30T13:54:00,10.73,10.73,10.66,10.73,53177
2026-08-30T10:55:00.000Z,2026-08-30T13:55:00,10.67,10.67,10.67,10.67,1047
2026-08-30T10:56:00.000Z,2026-08-30T13:56:00,10.67,10.73,10.65,10.7,27794
2026-08-30T10:57:00.000Z,2026-08-30T13:57:00,10.72,10.74,10.72,10.74,32008
2026-08-30T10:58:00.000Z,2026-08-30T13:58:00,10.71,10.71,10.71,10.71,5000
2026-08-30T10:59:00.000Z,2026-08-30T13:59:00,10.73,10.73,10.72,10.72,6000
2026-08-30T11:00:00.000Z,2026-08-30T14:00:00,10.72,10.74,10.72,10.73,11350
2026-08-30T11:02:00.000Z,2026-08-30T14:02:00,10.73,10.74,10.73,10.74,4129
2026-08-30T11:03:00.000Z,2026-08-30T14:03:00,10.74,10.74,10.73,10.73,2188
2026-08-30T11:04:00.000Z,2026-08-30T14:04:00,10.72,10.72,10.7,10.7,4187
2026-08-30T11:05:00.000Z,2026-08-30T14:05:00,10.73,10.73,10.73,10.73,7600
2026-08-30T11:06:00.000Z,2026-08-30T14:06:00,10.73,10.75,10.73,10.75,20626
2026-08-30T11:07:00.000Z,2026-08-30T14:07:00,10.74,10.74,10.74,10.74,1000
2026-08-30T11:08:00.000Z,2026-08-30T14:08:00,10.74,10.74,10.74,10.74,300
2026-08-30T11:09:00.000Z,2026-08-30T14:09:00,10.73,10.73,10.71,10.71,20000
2026-08-30T11:10:00.000Z,2026-08-30T14:10:00,10.73,10.73,10.71,10.71,8000
2026-08-30T11:11:00.000Z,2026-08-30T14:11:00,10.71,10.71,10.71,10.71,500
2026-08-30T11:12:00.000Z,2026-08-30T14:12:00,10.71,10.71,10.71,10.71,1000
2026-08-30T11:13:00.000Z,2026-08-30T14:13:00,10.73,10.75,10.71,10.71,5914
2026-08-30T11:14:00.000Z,2026-08-30T14:14:00,10.72,10.75,10.72,10.72,7053
2026-08-30T11:15:00.000Z,2026-08-30T14:15:00,10.74,10.74,10.74,10.74,932
2026-08-30T11:25:00.000Z,2026-08-30T14:25:00,10.74,10.74,10.74,10.74,79123
2026-08-30T11:26:00.000Z,2026-08-30T14:26:00,10.74,10.74,10.74,10.74,5927
2026-08-30T11:27:00.000Z,2026-08-30T14:27:00,10.74,10.74,10.74,10.74,10000
2026-08-30T11:28:00.000Z,2026-08-30T14:28:00,10.74,10.74,10.74,10.74,35
2026-08-30T11:29:00.000Z,2026-08-30T14:29:00,10.74,10.74,10.74,10.74,2000
2026-08-31T07:00:00.000Z,2026-08-31T10:00:00,10.74,10.79,10.74,10.79,55041
2026-08-31T07:01:00.000Z,2026-08-31T10:01:00,10.75,10.79,10.75,10.79,24811
2026-08-31T07:02:00.000Z,2026-08-31T10:02:00,10.79,10.79,10.79,10.79,711
2026-08-31T07:03:00.000Z,2026-08-31T10:03:00,10.77,10.79,10.77,10.79,11363
2026-08-31T07:04:00.000Z,2026-08-31T10:04:00,10.78,10.78,10.78,10.78,319
2026-08-31T07:05:00.000Z,2026-08-31T10:05:00,10.76,10.78,10.75,10.75,4363
2026-08-31T07:06:00.000Z,2026-08-31T10:06:00,10.75,10.78,10.75,10.78,1695
2026-08-31T07:07:00.000Z,2026-08-31T10:07:00,10.76,10.78,10.76,10.76,4114
2026-08-31T07:08:00.000Z,2026-08-31T10:08:00,10.77,10.77,10.77,10.77,291
2026-08-31T07:09:00.000Z,2026-08-31T10:09:00,10.77,10.77,10.76,10.77,16000
2026-08-31T07:10:00.000Z,2026-08-31T10:10:00,10.78,10.79,10.78,10.78,11900
2026-08-31T07:11:00.000Z,2026-08-31T10:11:00,10.77,10.77,10.7,10.7,23189
2026-08-31T07:12:00.000Z,2026-08-31T10:12:00,10.7,10.7,10.7,10.7,4336
2026-08-31T07:13:00.000Z,2026-08-31T10:13:00,10.71,10.73,10.7,10.71,8819
2026-08-31T07:14:00.000Z,2026-08-31T10:14:00,10.7,10.74,10.7,10.74,17763
2026-08-31T07:15:00.000Z,2026-08-31T10:15:00,10.74,10.75,10.7,10.75,3546
2026-08-31T07:16:00.000Z,2026-08-31T10:16:00,10.73,10.73,10.73,10.73,1600
2026-08-31T07:17:00.000Z,2026-08-31T10:17:00,10.74,10.75,10.74,10.75,34542
2026-08-31T07:18:00.000Z,2026-08-31T10:18:00,10.75,10.79,10.73,10.73,53749
2026-08-31T07:19:00.000Z,2026-08-31T10:19:00,10.8,10.8,10.76,10.8,8526
2026-08-31T07:20:00.000Z,2026-08-31T10:20:00,10.8,10.8,10.8,10.8,36580
2026-08-31T07:21:00.000Z,2026-08-31T10:21:00,10.8,10.82,10.8,10.82,14209
2026-08-31T07:22:00.000Z,2026-08-31T10:22:00,10.81,10.84,10.81,10.84,819
2026-08-31T07:23:00.000Z,2026-08-31T10:23:00,10.83,10.87,10.83,10.87,27500
2026-08-31T07:25:00.000Z,2026-08-31T10:25:00,10.85,10.85,10.84,10.84,8057
2026-08-31T07:26:00.000Z,2026-08-31T10:26:00,10.82,10.82,10.8,10.8,28469
2026-08-31T07:27:00.000Z,2026-08-31T10:27:00,10.8,10.84,10.8,10.83,24624
2026-08-31T07:28:00.000Z,2026-08-31T10:28:00,10.8,10.83,10.8,10.81,76268
2026-08-31T07:29:00.000Z,2026-08-31T10:29:00,10.81,10.82,10.81,10.82,4166
2026-08-31T07:30:00.000Z,2026-08-31T10:30:00,10.82,10.85,10.81,10.85,26792
2026-08-31T07:31:00.000Z,2026-08-31T10:31:00,10.85,10.87,10.84,10.87,20106
2026-08-31T07:32:00.000Z,2026-08-31T10:32:00,10.85,10.91,10.85,10.9,139215
2026-08-31T07:33:00.000Z,2026-08-31T10:33:00,10.9,10.9,10.9,10.9,4467
2026-08-31T07:35:00.000Z,2026-08-31T10:35:00,10.89,10.89,10.89,10.89,5545
2026-08-31T07:36:00.000Z,2026-08-31T10:36:00,10.89,10.9,10.89,10.89,13711
2026-08-31T07:37:00.000Z,2026-08-31T10:37:00,10.85,10.88,10.85,10.88,10100
2026-08-31T07:39:00.000Z,2026-08-31T10:39:00,10.87,10.87,10.86,10.86,2529
2026-08-31T07:40:00.000Z,2026-08-31T10:40:00,10.88,10.89,10.87,10.88,46537
2026-08-31T07:41:00.000Z,2026-08-31T10:41:00,10.89,10.9,10.88,10.88,4900
2026-08-31T07:43:00.000Z,2026-08-31T10:43:00,10.87,10.88,10.86,10.88,7534
2026-08-31T07:44:00.000Z,2026-08-31T10:44:00,10.88,10.88,10.86,10.86,12508
2026-08-31T07:45:00.000Z,2026-08-31T10:45:00,10.86,10.88,10.86,10.87,3587
2026-08-31T07:46:00.000Z,2026-08-31T10:46:00,10.87,10.87,10.86,10.86,537
2026-08-31T07:48:00.000Z,2026-08-31T10:48:00,10.87,10.89,10.87,10.89,33543
2026-08-31T07:49:00.000Z,2026-08-31T10:49:00,10.9,10.9,10.9,10.9,36996
2026-08-31T07:50:00.000Z,2026-08-31T10:50:00,10.91,10.92,10.9,10.92,67772
2026-08-31T07:51:00.000Z,2026-08-31T10:51:00,10.93,10.93,10.89,10.92,41455
2026-08-31T07:52:00.000Z,2026-08-31T10:52:00,10.9,10.95,10.9,10.93,105821
2026-08-31T07:53:00.000Z,2026-08-31T10:53:00,10.94,10.96,10.94,10.96,91638
2026-08-31T07:54:00.000Z,2026-08-31T10:54:00,10.96,10.97,10.96,10.97,9916
2026-08-31T07:55:00.000Z,2026-08-31T10:55:00,10.96,10.96,10.95,10.96,18223
2026-08-31T07:56:00.000Z,2026-08-31T10:56:00,10.94,10.94,10.92,10.92,10175
2026-08-31T07:57:00.000Z,2026-08-31T10:57:00,10.95,10.95,10.95,10.95,2648
2026-08-31T07:58:00.000Z,2026-08-31T10:58:00,10.93,10.97,10.93,10.94,35796
2026-08-31T07:59:00.000Z,2026-08-31T10:59:00,10.94,10.97,10.93,10.97,504
2026-08-31T08:00:00.000Z,2026-08-31T11:00:00,10.95,10.95,10.93,10.93,5500
2026-08-31T08:01:00.000Z,2026-08-31T11:01:00,10.96,10.96,10.95,10.95,16995
2026-08-31T08:02:00.000Z,2026-08-31T11:02:00,10.95,10.95,10.95,10.95,4756
2026-08-31T08:03:00.000Z,2026-08-31T11:03:00,10.95,10.96,10.95,10.95,50332
2026-08-31T08:04:00.000Z,2026-08-31T11:04:00,10.95,10.96,10.95,10.95,16728
2026-08-31T08:05:00.000Z,2026-08-31T11:05:00,10.94,10.95,10.94,10.95,24856
2026-08-31T08:06:00.000Z,2026-08-31T11:06:00,10.95,11,10.93,11,392814
2026-08-31T08:07:00.000Z,2026-08-31T11:07:00,11,11.06,11,11.05,73640
2026-08-31T08:08:00.000Z,2026-08-31T11:08:00,11.03,11.03,11,11,116315
2026-08-31T08:09:00.000Z,2026-08-31T11:09:00,11,11,10.96,10.96,14583
2026-08-31T08:10:00.000Z,2026-08-31T11:10:00,10.99,11,10.99,11,66133
2026-08-31T08:11:00.000Z,2026-08-31T11:11:00,11,11,10.99,11,17796
2026-08-31T08:12:00.000Z,2026-08-31T11:12:00,10.99,11,10.99,11,128000
2026-08-31T08:13:00.000Z,2026-08-31T11:13:00,10.99,11.02,10.99,11,107951
2026-08-31T08:14:00.000Z,2026-08-31T11:14:00,11,11,11,11,21900
2026-08-31T08:15:00.000Z,2026-08-31T11:15:00,11,11.02,11,11,18331
2026-08-31T08:16:00.000Z,2026-08-31T11:16:00,11,11,10.99,11,10307
2026-08-31T08:17:00.000Z,2026-08-31T11:17:00,10.99,11,10.99,10.99,29163
2026-08-31T08:18:00.000Z,2026-08-31T11:18:00,11.01,11.01,11.01,11.01,3549
2026-08-31T08:19:00.000Z,2026-08-31T11:19:00,11.02,11.03,10.99,10.99,27895
2026-08-31T08:20:00.000Z,2026-08-31T11:20:00,11.03,11.05,11.03,11.05,71214
2026-08-31T08:21:00.000Z,2026-08-31T11:21:00,11.06,11.1,11.06,11.1,93043
2026-08-31T08:22:00.000Z,2026-08-31T11:22:00,11.07,11.1,11.07,11.07,34972
2026-08-31T08:23:00.000Z,2026-08-31T11:23:00,11.06,11.09,11.01,11.01,11361
2026-08-31T08:25:00.000Z,2026-08-31T11:25:00,11.02,11.04,11.01,11.04,12591
2026-08-31T08:27:00.000Z,2026-08-31T11:27:00,11.03,11.03,11.03,11.03,11504
2026-08-31T08:28:00.000Z,2026-08-31T11:28:00,11.03,11.03,11.02,11.03,6996
2026-08-31T08:29:00.000Z,2026-08-31T11:29:00,11.03,11.03,11.03,11.03,564
2026-08-31T08:30:00.000Z,2026-08-31T11:30:00,11.03,11.03,11.03,11.03,238
2026-08-31T08:31:00.000Z,2026-08-31T11:31:00,11.03,11.03,11.02,11.02,4738
2026-08-31T08:32:00.000Z,2026-08-31T11:32:00,11.01,11.01,11,11,12305
2026-08-31T08:33:00.000Z,2026-08-31T11:33:00,11,11,10.99,10.99,26982
2026-08-31T08:34:00.000Z,2026-08-31T11:34:00,10.98,10.98,10.96,10.96,3650
2026-08-31T08:35:00.000Z,2026-08-31T11:35:00,10.96,10.96,10.91,10.91,23884
2026-08-31T08:36:00.000Z,2026-08-31T11:36:00,10.95,10.95,10.95,10.95,25
2026-08-31T08:37:00.000Z,2026-08-31T11:37:00,10.92,10.93,10.92,10.93,12507
2026-08-31T08:38:00.000Z,2026-08-31T11:38:00,10.94,10.94,10.93,10.93,4975
2026-08-31T08:39:00.000Z,2026-08-31T11:39:00,10.94,10.94,10.94,10.94,300
2026-08-31T08:40:00.000Z,2026-08-31T11:40:00,10.95,10.95,10.95,10.95,19
2026-08-31T08:41:00.000Z,2026-08-31T11:41:00,10.95,10.95,10.9,10.9,28010
2026-08-31T08:42:00.000Z,2026-08-31T11:42:00,10.93,10.95,10.91,10.95,14863
2026-08-31T08:43:00.000Z,2026-08-31T11:43:00,10.91,10.91,10.91,10.91,4000
2026-08-31T08:44:00.000Z,2026-08-31T11:44:00,10.95,11,10.95,11,85000
2026-08-31T08:45:00.000Z,2026-08-31T11:45:00,11,11,11,11,4780
2026-08-31T08:46:00.000Z,2026-08-31T11:46:00,11,11.04,10.96,10.97,7662
2026-08-31T08:47:00.000Z,2026-08-31T11:47:00,10.97,10.97,10.97,10.97,500
2026-08-31T08:49:00.000Z,2026-08-31T11:49:00,10.99,11.04,10.99,11,601738
2026-08-31T08:50:00.000Z,2026-08-31T11:50:00,11,11.04,11,11.03,5819
2026-08-31T08:51:00.000Z,2026-08-31T11:51:00,11.04,11.04,11,11.03,23777
2026-08-31T08:52:00.000Z,2026-08-31T11:52:00,11.03,11.03,11.03,11.03,8088
2026-08-31T08:53:00.000Z,2026-08-31T11:53:00,11.01,11.01,10.99,10.99,1569
2026-08-31T08:54:00.000Z,2026-08-31T11:54:00,11,11,10.98,11,20094
2026-08-31T08:55:00.000Z,2026-08-31T11:55:00,10.98,11,10.98,10.98,1569
2026-08-31T08:56:00.000Z,2026-08-31T11:56:00,10.98,10.98,10.96,10.96,6093
2026-08-31T08:57:00.000Z,2026-08-31T11:57:00,10.98,10.98,10.95,10.95,25969
2026-08-31T08:58:00.000Z,2026-08-31T11:58:00,10.94,10.94,10.9,10.9,249113
2026-08-31T08:59:00.000Z,2026-08-31T11:59:00,10.89,10.89,10.89,10.89,15000
2026-08-31T09:00:00.000Z,2026-08-31T12:00:00,10.89,10.9,10.89,10.9,11000
2026-08-31T09:01:00.000Z,2026-08-31T12:01:00,10.9,10.9,10.9,10.9,319
2026-08-31T09:02:00.000Z,2026-08-31T12:02:00,10.9,10.9,10.88,10.88,5078
2026-08-31T09:03:00.000Z,2026-08-31T12:03:00,10.9,10.9,10.86,10.86,20866
2026-08-31T09:04:00.000Z,2026-08-31T12:04:00,10.89,10.89,10.89,10.89,6
2026-08-31T09:05:00.000Z,2026-08-31T12:05:00,10.87,10.87,10.87,10.87,1123
2026-08-31T09:06:00.000Z,2026-08-31T12:06:00,10.89,10.89,10.89,10.89,10
2026-08-31T09:07:00.000Z,2026-08-31T12:07:00,10.88,10.88,10.86,10.86,31877
2026-08-31T09:08:00.000Z,2026-08-31T12:08:00,10.88,10.89,10.88,10.89,8250
2026-08-31T09:09:00.000Z,2026-08-31T12:09:00,10.88,10.88,10.88,10.88,2423
2026-08-31T09:10:00.000Z,2026-08-31T12:10:00,10.88,10.88,10.88,10.88,20870
2026-08-31T09:11:00.000Z,2026-08-31T12:11:00,10.88,10.88,10.87,10.87,2307
2026-08-31T09:12:00.000Z,2026-08-31T12:12:00,10.87,10.87,10.86,10.86,2697
2026-08-31T09:13:00.000Z,2026-08-31T12:13:00,10.87,10.88,10.87,10.88,1696
2026-08-31T09:14:00.000Z,2026-08-31T12:14:00,10.88,10.88,10.88,10.88,91
2026-08-31T09:15:00.000Z,2026-08-31T12:15:00,10.88,10.88,10.87,10.87,3567
2026-08-31T09:17:00.000Z,2026-08-31T12:17:00,10.87,10.87,10.87,10.87,1500
2026-08-31T09:18:00.000Z,2026-08-31T12:18:00,10.87,10.88,10.87,10.88,3669
2026-08-31T09:19:00.000Z,2026-08-31T12:19:00,10.87,10.87,10.87,10.87,2843
2026-08-31T09:20:00.000Z,2026-08-31T12:20:00,10.87,10.87,10.86,10.86,26349
2026-08-31T09:21:00.000Z,2026-08-31T12:21:00,10.86,10.86,10.86,10.86,2009
2026-08-31T09:22:00.000Z,2026-08-31T12:22:00,10.86,10.86,10.86,10.86,2044
2026-08-31T09:23:00.000Z,2026-08-31T12:23:00,10.85,10.87,10.85,10.87,13255
2026-08-31T09:24:00.000Z,2026-08-31T12:24:00,10.86,10.86,10.86,10.86,2746
2026-08-31T09:25:00.000Z,2026-08-31T12:25:00,10.86,10.87,10.86,10.87,5039
2026-08-31T09:26:00.000Z,2026-08-31T12:26:00,10.87,10.87,10.87,10.87,319
2026-08-31T09:27:00.000Z,2026-08-31T12:27:00,10.87,10.87,10.84,10.85,36218
2026-08-31T09:28:00.000Z,2026-08-31T12:28:00,10.84,10.85,10.84,10.85,819
2026-08-31T09:29:00.000Z,2026-08-31T12:29:00,10.85,10.85,10.85,10.85,45000
2026-08-31T09:30:00.000Z,2026-08-31T12:30:00,10.85,10.85,10.85,10.85,13316
2026-08-31T09:31:00.000Z,2026-08-31T12:31:00,10.85,10.86,10.85,10.86,128
2026-08-31T09:32:00.000Z,2026-08-31T12:32:00,10.89,10.9,10.87,10.9,2730
2026-08-31T09:33:00.000Z,2026-08-31T12:33:00,10.89,10.9,10.89,10.9,30000
2026-08-31T09:34:00.000Z,2026-08-31T12:34:00,10.9,10.9,10.89,10.89,1378
2026-08-31T09:35:00.000Z,2026-08-31T12:35:00,10.89,10.89,10.88,10.88,3057
2026-08-31T09:36:00.000Z,2026-08-31T12:36:00,10.87,10.87,10.87,10.87,2000
2026-08-31T09:37:00.000Z,2026-08-31T12:37:00,10.89,10.89,10.87,10.87,10514
2026-08-31T09:39:00.000Z,2026-08-31T12:39:00,10.86,10.9,10.85,10.9,21379
2026-08-31T09:41:00.000Z,2026-08-31T12:41:00,10.89,10.89,10.89,10.89,6935
2026-08-31T09:42:00.000Z,2026-08-31T12:42:00,10.89,10.89,10.89,10.89,2802
2026-08-31T09:43:00.000Z,2026-08-31T12:43:00,10.85,10.85,10.85,10.85,1
2026-08-31T09:44:00.000Z,2026-08-31T12:44:00,10.88,10.88,10.85,10.85,10317
2026-08-31T09:45:00.000Z,2026-08-31T12:45:00,10.85,10.85,10.85,10.85,800
2026-08-31T09:46:00.000Z,2026-08-31T12:46:00,10.87,10.88,10.87,10.87,3238
2026-08-31T09:48:00.000Z,2026-08-31T12:48:00,10.87,10.87,10.87,10.87,319
2026-08-31T09:49:00.000Z,2026-08-31T12:49:00,10.87,10.87,10.85,10.85,15000
2026-08-31T09:50:00.000Z,2026-08-31T12:50:00,10.85,10.85,10.85,10.85,27100
2026-08-31T09:51:00.000Z,2026-08-31T12:51:00,10.86,10.86,10.85,10.85,22879
2026-08-31T09:52:00.000Z,2026-08-31T12:52:00,10.84,10.84,10.84,10.84,38
2026-08-31T09:53:00.000Z,2026-08-31T12:53:00,10.85,10.85,10.85,10.85,319
2026-08-31T09:54:00.000Z,2026-08-31T12:54:00,10.84,10.85,10.84,10.84,12263
2026-08-31T09:55:00.000Z,2026-08-31T12:55:00,10.84,10.84,10.84,10.84,25910
2026-08-31T09:56:00.000Z,2026-08-31T12:56:00,10.85,10.85,10.85,10.85,1797
2026-08-31T09:57:00.000Z,2026-08-31T12:57:00,10.85,10.85,10.84,10.85,4500
2026-08-31T09:58:00.000Z,2026-08-31T12:58:00,10.85,10.86,10.85,10.86,39
2026-08-31T09:59:00.000Z,2026-08-31T12:59:00,10.85,10.86,10.85,10.86,2207
2026-08-31T10:00:00.000Z,2026-08-31T13:00:00,10.85,10.85,10.84,10.84,8051
2026-08-31T10:01:00.000Z,2026-08-31T13:01:00,10.84,10.84,10.84,10.84,5460
2026-08-31T10:02:00.000Z,2026-08-31T13:02:00,10.86,10.86,10.84,10.84,5715
2026-08-31T10:03:00.000Z,2026-08-31T13:03:00,10.84,10.87,10.84,10.84,3707
2026-08-31T10:05:00.000Z,2026-08-31T13:05:00,10.83,10.86,10.83,10.86,14495
2026-08-31T10:06:00.000Z,2026-08-31T13:06:00,10.84,10.84,10.84,10.84,1000
2026-08-31T10:07:00.000Z,2026-08-31T13:07:00,10.85,10.85,10.82,10.82,6768
2026-08-31T10:08:00.000Z,2026-08-31T13:08:00,10.82,10.85,10.82,10.85,19655
2026-08-31T10:09:00.000Z,2026-08-31T13:09:00,10.82,10.82,10.82,10.82,3000
2026-08-31T10:10:00.000Z,2026-08-31T13:10:00,10.83,10.84,10.83,10.84,2910
2026-08-31T10:11:00.000Z,2026-08-31T13:11:00,10.83,10.85,10.83,10.83,3555
2026-08-31T10:12:00.000Z,2026-08-31T13:12:00,10.84,10.84,10.84,10.84,2682
2026-08-31T10:13:00.000Z,2026-08-31T13:13:00,10.85,10.85,10.84,10.85,4009
2026-08-31T10:14:00.000Z,2026-08-31T13:14:00,10.84,10.85,10.84,10.85,3712
2026-08-31T10:15:00.000Z,2026-08-31T13:15:00,10.85,10.85,10.85,10.85,13585
2026-08-31T10:16:00.000Z,2026-08-31T13:16:00,10.85,10.85,10.84,10.84,6050
2026-08-31T10:17:00.000Z,2026-08-31T13:17:00,10.84,10.84,10.84,10.84,1746
2026-08-31T10:18:00.000Z,2026-08-31T13:18:00,10.84,10.85,10.84,10.85,4594
2026-08-31T10:19:00.000Z,2026-08-31T13:19:00,10.85,10.85,10.84,10.84,5150
2026-08-31T10:20:00.000Z,2026-08-31T13:20:00,10.85,10.85,10.83,10.85,176
2026-08-31T10:21:00.000Z,2026-08-31T13:21:00,10.85,10.91,10.85,10.9,38600
2026-08-31T10:22:00.000Z,2026-08-31T13:22:00,10.92,10.92,10.9,10.9,40913
2026-08-31T10:23:00.000Z,2026-08-31T13:23:00,10.9,10.93,10.83,10.83,34034
2026-08-31T10:25:00.000Z,2026-08-31T13:25:00,10.93,10.93,10.93,10.93,1397
2026-08-31T10:27:00.000Z,2026-08-31T13:27:00,10.93,10.93,10.83,10.83,5476
2026-08-31T10:29:00.000Z,2026-08-31T13:29:00,10.9,10.9,10.9,10.9,116
2026-08-31T10:30:00.000Z,2026-08-31T13:30:00,10.9,10.9,10.9,10.9,116
2026-08-31T10:32:00.000Z,2026-08-31T13:32:00,10.89,10.9,10.89,10.89,4433
2026-08-31T10:33:00.000Z,2026-08-31T13:33:00,10.89,10.9,10.89,10.9,10115
2026-08-31T10:35:00.000Z,2026-08-31T13:35:00,10.9,10.9,10.85,10.85,7282
2026-08-31T10:36:00.000Z,2026-08-31T13:36:00,10.85,10.86,10.85,10.86,5782
2026-08-31T10:37:00.000Z,2026-08-31T13:37:00,10.9,10.9,10.9,10.9,100
2026-08-31T10:38:00.000Z,2026-08-31T13:38:00,10.89,10.89,10.89,10.89,637
2026-08-31T10:40:00.000Z,2026-08-31T13:40:00,10.88,10.88,10.87,10.88,4660
2026-08-31T10:41:00.000Z,2026-08-31T13:41:00,10.88,10.88,10.88,10.88,252
2026-08-31T10:42:00.000Z,2026-08-31T13:42:00,10.86,10.86,10.83,10.83,16000
2026-08-31T10:43:00.000Z,2026-08-31T13:43:00,10.83,10.83,10.8,10.83,150416
2026-08-31T10:44:00.000Z,2026-08-31T13:44:00,10.85,10.95,10.85,10.85,188579
2026-08-31T10:45:00.000Z,2026-08-31T13:45:00,10.85,10.85,10.85,10.85,13344
2026-08-31T10:46:00.000Z,2026-08-31T13:46:00,10.86,10.86,10.86,10.86,500
2026-08-31T10:48:00.000Z,2026-08-31T13:48:00,10.89,10.89,10.86,10.86,8407
2026-08-31T10:49:00.000Z,2026-08-31T13:49:00,10.89,10.89,10.89,10.89,307
2026-08-31T10:50:00.000Z,2026-08-31T13:50:00,10.89,10.89,10.85,10.85,23000
2026-08-31T10:51:00.000Z,2026-08-31T13:51:00,10.85,10.88,10.85,10.88,22640
2026-08-31T10:52:00.000Z,2026-08-31T13:52:00,10.9,10.94,10.9,10.94,50673
2026-08-31T10:53:00.000Z,2026-08-31T13:53:00,10.94,10.95,10.94,10.94,61845
2026-08-31T10:54:00.000Z,2026-08-31T13:54:00,10.94,10.94,10.94,10.94,183
2026-08-31T10:55:00.000Z,2026-08-31T13:55:00,10.94,10.94,10.9,10.9,41736
2026-08-31T10:56:00.000Z,2026-08-31T13:56:00,10.9,10.92,10.9,10.9,44784
2026-08-31T10:57:00.000Z,2026-08-31T13:57:00,10.93,10.95,10.9,10.95,134429
2026-08-31T10:58:00.000Z,2026-08-31T13:58:00,10.95,11.05,10.95,11.05,250565
2026-08-31T10:59:00.000Z,2026-08-31T13:59:00,11.03,11.05,11,11,119416
2026-08-31T11:00:00.000Z,2026-08-31T14:00:00,11,11,10.99,11,113671
2026-08-31T11:01:00.000Z,2026-08-31T14:01:00,10.98,11,10.95,10.95,29088
2026-08-31T11:02:00.000Z,2026-08-31T14:02:00,11,11,11,11,25000
2026-08-31T11:03:00.000Z,2026-08-31T14:03:00,10.96,11,10.96,10.99,10454
2026-08-31T11:04:00.000Z,2026-08-31T14:04:00,10.99,11,10.95,10.95,44570
2026-08-31T11:05:00.000Z,2026-08-31T14:05:00,10.95,10.95,10.95,10.95,13806
2026-08-31T11:06:00.000Z,2026-08-31T14:06:00,10.95,10.95,10.95,10.95,9318
2026-08-31T11:07:00.000Z,2026-08-31T14:07:00,10.92,10.92,10.9,10.9,147400
2026-08-31T11:08:00.000Z,2026-08-31T14:08:00,10.88,10.9,10.85,10.9,14366
2026-08-31T11:09:00.000Z,2026-08-31T14:09:00,10.9,10.9,10.86,10.86,10383
2026-08-31T11:10:00.000Z,2026-08-31T14:10:00,10.87,10.87,10.86,10.87,15546
2026-08-31T11:11:00.000Z,2026-08-31T14:11:00,10.87,10.9,10.87,10.9,7213
2026-08-31T11:12:00.000Z,2026-08-31T14:12:00,10.87,10.9,10.87,10.9,46527
2026-08-31T11:13:00.000Z,2026-08-31T14:13:00,10.9,10.9,10.87,10.9,51056
2026-08-31T11:14:00.000Z,2026-08-31T14:14:00,10.9,10.98,10.9,10.9,16960
2026-08-31T11:25:00.000Z,2026-08-31T14:25:00,10.91,10.91,10.91,10.91,185925
2026-08-31T11:26:00.000Z,2026-08-31T14:26:00,10.91,10.91,10.91,10.91,31670
2026-08-31T11:27:00.000Z,2026-08-31T14:27:00,10.91,10.91,10.91,10.91,27500
2026-08-31T11:28:00.000Z,2026-08-31T14:28:00,10.91,10.91,10.91,10.91,3000
2026-08-31T11:29:00.000Z,2026-08-31T14:29:00,10.91,10.91,10.91,10.91,250
2026-09-01T07:00:00.000Z,2026-09-01T10:00:00,10.65,10.81,10.51,10.65,5420666
2026-09-01T07:01:00.000Z,2026-09-01T10:01:00,10.7,10.7,10.51,10.55,1551227
2026-09-01T07:02:00.000Z,2026-09-01T10:02:00,10.55,10.75,10.55,10.62,743276
2026-09-01T07:03:00.000Z,2026-09-01T10:03:00,10.7,10.7,10.63,10.7,666711
2026-09-01T07:04:00.000Z,2026-09-01T10:04:00,10.7,10.75,10.7,10.75,150979
2026-09-01T07:05:00.000Z,2026-09-01T10:05:00,10.76,10.91,10.75,10.91,1225414
2026-09-01T07:06:00.000Z,2026-09-01T10:06:00,10.9,10.94,10.88,10.91,407613
2026-09-01T07:07:00.000Z,2026-09-01T10:07:00,10.9,10.9,10.83,10.85,574103
2026-09-01T07:08:00.000Z,2026-09-01T10:08:00,10.83,10.85,10.71,10.71,457115
2026-09-01T07:09:00.000Z,2026-09-01T10:09:00,10.75,10.8,10.66,10.69,424134
2026-09-01T07:10:00.000Z,2026-09-01T10:10:00,10.69,10.7,10.65,10.65,570088
2026-09-01T07:11:00.000Z,2026-09-01T10:11:00,10.68,10.69,10.65,10.69,158404
2026-09-01T07:12:00.000Z,2026-09-01T10:12:00,10.69,10.7,10.65,10.69,230797
2026-09-01T07:13:00.000Z,2026-09-01T10:13:00,10.65,10.69,10.63,10.68,288180
2026-09-01T07:14:00.000Z,2026-09-01T10:14:00,10.66,10.68,10.56,10.65,596905
2026-09-01T07:15:00.000Z,2026-09-01T10:15:00,10.65,10.68,10.65,10.68,69070
2026-09-01T07:16:00.000Z,2026-09-01T10:16:00,10.67,10.67,10.65,10.67,120189
2026-09-01T07:17:00.000Z,2026-09-01T10:17:00,10.66,10.69,10.64,10.69,128686
2026-09-01T07:18:00.000Z,2026-09-01T10:18:00,10.68,10.7,10.66,10.66,187031
2026-09-01T07:19:00.000Z,2026-09-01T10:19:00,10.69,10.69,10.66,10.67,189061
2026-09-01T07:20:00.000Z,2026-09-01T10:20:00,10.67,10.7,10.66,10.69,223466
2026-09-01T07:21:00.000Z,2026-09-01T10:21:00,10.74,10.74,10.69,10.74,41652
2026-09-01T07:22:00.000Z,2026-09-01T10:22:00,10.73,10.75,10.71,10.72,81968
2026-09-01T07:23:00.000Z,2026-09-01T10:23:00,10.75,10.78,10.72,10.77,168081
2026-09-01T07:24:00.000Z,2026-09-01T10:24:00,10.77,10.8,10.76,10.8,226553
2026-09-01T07:25:00.000Z,2026-09-01T10:25:00,10.8,10.8,10.77,10.78,83305
2026-09-01T07:26:00.000Z,2026-09-01T10:26:00,10.77,10.79,10.76,10.79,104478
2026-09-01T07:27:00.000Z,2026-09-01T10:27:00,10.78,10.79,10.75,10.79,250989
2026-09-01T07:28:00.000Z,2026-09-01T10:28:00,10.77,10.79,10.7,10.79,105602
2026-09-01T07:29:00.000Z,2026-09-01T10:29:00,10.73,10.78,10.73,10.73,514
2026-09-01T07:30:00.000Z,2026-09-01T10:30:00,10.73,10.8,10.73,10.8,207218
2026-09-01T07:31:00.000Z,2026-09-01T10:31:00,10.8,10.8,10.77,10.78,123268
2026-09-01T07:32:00.000Z,2026-09-01T10:32:00,10.79,10.81,10.78,10.8,137123
2026-09-01T07:33:00.000Z,2026-09-01T10:33:00,10.8,10.82,10.79,10.82,87045
2026-09-01T07:34:00.000Z,2026-09-01T10:34:00,10.82,10.85,10.82,10.85,137171
2026-09-01T07:35:00.000Z,2026-09-01T10:35:00,10.85,10.88,10.84,10.86,325815
2026-09-01T07:36:00.000Z,2026-09-01T10:36:00,10.86,10.86,10.83,10.85,82262
2026-09-01T07:37:00.000Z,2026-09-01T10:37:00,10.85,10.9,10.85,10.9,588498
2026-09-01T07:38:00.000Z,2026-09-01T10:38:00,10.87,10.98,10.87,10.97,1295218
2026-09-01T07:39:00.000Z,2026-09-01T10:39:00,10.98,11.07,10.98,11.05,1004897
2026-09-01T07:40:00.000Z,2026-09-01T10:40:00,11.05,11.1,11,11.05,629857
2026-09-01T07:41:00.000Z,2026-09-01T10:41:00,11.05,11.05,10.97,11,121766
2026-09-01T07:42:00.000Z,2026-09-01T10:42:00,11.02,11.03,10.96,10.96,138578
2026-09-01T07:43:00.000Z,2026-09-01T10:43:00,10.99,11.03,10.96,11.01,151709
2026-09-01T07:44:00.000Z,2026-09-01T10:44:00,11.04,11.12,11.01,11.12,643877
2026-09-01T07:45:00.000Z,2026-09-01T10:45:00,11.12,11.13,11.04,11.07,365301
2026-09-01T07:46:00.000Z,2026-09-01T10:46:00,11.05,11.07,11.03,11.06,42496
2026-09-01T07:47:00.000Z,2026-09-01T10:47:00,11.04,11.04,10.96,10.99,157880
2026-09-01T07:48:00.000Z,2026-09-01T10:48:00,10.99,10.99,10.88,10.88,480142
2026-09-01T07:49:00.000Z,2026-09-01T10:49:00,10.9,10.9,10.87,10.9,125150
2026-09-01T07:50:00.000Z,2026-09-01T10:50:00,10.9,10.9,10.88,10.9,68336
2026-09-01T07:51:00.000Z,2026-09-01T10:51:00,10.9,11,10.89,11,542641
2026-09-01T07:52:00.000Z,2026-09-01T10:52:00,11,11,10.98,10.99,25790
2026-09-01T07:53:00.000Z,2026-09-01T10:53:00,10.98,11,10.97,11,123896
2026-09-01T07:54:00.000Z,2026-09-01T10:54:00,11,11.04,11,11.04,97989
2026-09-01T07:55:00.000Z,2026-09-01T10:55:00,11.04,11.06,11.02,11.03,54869
2026-09-01T07:56:00.000Z,2026-09-01T10:56:00,11.03,11.06,11,11.05,131280
2026-09-01T07:57:00.000Z,2026-09-01T10:57:00,11.07,11.11,11.07,11.09,1047681
2026-09-01T07:58:00.000Z,2026-09-01T10:58:00,11.1,11.1,11.06,11.06,123781
2026-09-01T07:59:00.000Z,2026-09-01T10:59:00,11.06,11.1,11.05,11.05,308295
2026-09-01T08:00:00.000Z,2026-09-01T11:00:00,11.06,11.1,11.05,11.08,555811
2026-09-01T08:01:00.000Z,2026-09-01T11:01:00,11.08,11.08,10.98,11,832755
2026-09-01T08:02:00.000Z,2026-09-01T11:02:00,10.98,11,10.98,10.98,59206
2026-09-01T08:03:00.000Z,2026-09-01T11:03:00,11,11,11,11,14
2026-09-01T08:04:00.000Z,2026-09-01T11:04:00,10.98,11,10.98,11,252737
2026-09-01T08:05:00.000Z,2026-09-01T11:05:00,11.01,11.01,11,11.01,36550
2026-09-01T08:06:00.000Z,2026-09-01T11:06:00,11.01,11.01,10.99,10.99,62403
2026-09-01T08:07:00.000Z,2026-09-01T11:07:00,10.99,10.99,10.98,10.98,52382
2026-09-01T08:08:00.000Z,2026-09-01T11:08:00,10.98,10.99,10.96,10.99,23355
2026-09-01T08:09:00.000Z,2026-09-01T11:09:00,10.98,11,10.95,11,126652
2026-09-01T08:10:00.000Z,2026-09-01T11:10:00,10.97,10.99,10.97,10.99,35786
2026-09-01T08:11:00.000Z,2026-09-01T11:11:00,10.98,10.98,10.97,10.97,27496
2026-09-01T08:12:00.000Z,2026-09-01T11:12:00,10.97,10.98,10.97,10.97,87651
2026-09-01T08:13:00.000Z,2026-09-01T11:13:00,10.96,10.97,10.95,10.95,31933
2026-09-01T08:14:00.000Z,2026-09-01T11:14:00,10.97,10.99,10.95,10.96,195517
2026-09-01T08:15:00.000Z,2026-09-01T11:15:00,10.97,10.99,10.95,10.97,59002
2026-09-01T08:16:00.000Z,2026-09-01T11:16:00,10.96,10.97,10.94,10.97,230734
2026-09-01T08:17:00.000Z,2026-09-01T11:17:00,10.94,10.99,10.93,10.93,170001
2026-09-01T08:18:00.000Z,2026-09-01T11:18:00,10.97,10.97,10.93,10.94,5914
2026-09-01T08:19:00.000Z,2026-09-01T11:19:00,10.94,10.97,10.93,10.95,27530
2026-09-01T08:20:00.000Z,2026-09-01T11:20:00,10.97,10.97,10.94,10.94,27457
2026-09-01T08:21:00.000Z,2026-09-01T11:21:00,10.93,10.93,10.91,10.92,133162
2026-09-01T08:22:00.000Z,2026-09-01T11:22:00,10.92,10.93,10.91,10.93,152728
2026-09-01T08:23:00.000Z,2026-09-01T11:23:00,10.93,10.94,10.91,10.93,127136
2026-09-01T08:24:00.000Z,2026-09-01T11:24:00,10.93,10.93,10.89,10.9,82738
2026-09-01T08:25:00.000Z,2026-09-01T11:25:00,10.89,10.9,10.89,10.89,62593
2026-09-01T08:26:00.000Z,2026-09-01T11:26:00,10.9,10.93,10.89,10.9,189259
2026-09-01T08:27:00.000Z,2026-09-01T11:27:00,10.93,10.94,10.9,10.94,138391
2026-09-01T08:28:00.000Z,2026-09-01T11:28:00,10.94,11,10.94,11,229826
2026-09-01T08:29:00.000Z,2026-09-01T11:29:00,11,11,11,11,171542
2026-09-01T08:30:00.000Z,2026-09-01T11:30:00,10.96,11,10.96,11,218768
2026-09-01T08:31:00.000Z,2026-09-01T11:31:00,11,11.02,10.97,11.02,38610
2026-09-01T08:32:00.000Z,2026-09-01T11:32:00,11.02,11.05,11.01,11.02,67685
2026-09-01T08:33:00.000Z,2026-09-01T11:33:00,11.01,11.02,11,11,177631
2026-09-01T08:34:00.000Z,2026-09-01T11:34:00,11.02,11.05,11.02,11.03,178493
2026-09-01T08:35:00.000Z,2026-09-01T11:35:00,11.03,11.08,11.03,11.03,341335
2026-09-01T08:36:00.000Z,2026-09-01T11:36:00,11.05,11.06,11.05,11.05,187303
2026-09-01T08:37:00.000Z,2026-09-01T11:37:00,11.03,11.05,11.03,11.03,49849
2026-09-01T08:38:00.000Z,2026-09-01T11:38:00,11.03,11.04,11,11,206620
2026-09-01T08:39:00.000Z,2026-09-01T11:39:00,11.05,11.1,11.04,11.1,275914
2026-09-01T08:40:00.000Z,2026-09-01T11:40:00,11.09,11.1,11.08,11.09,199720
2026-09-01T08:41:00.000Z,2026-09-01T11:41:00,11.08,11.08,11.07,11.08,31195
2026-09-01T08:42:00.000Z,2026-09-01T11:42:00,11.07,11.07,11,11,95497
2026-09-01T08:43:00.000Z,2026-09-01T11:43:00,11,11.08,11,11.03,23729
2026-09-01T08:44:00.000Z,2026-09-01T11:44:00,11.03,11.03,11,11.03,198093
2026-09-01T08:45:00.000Z,2026-09-01T11:45:00,11.01,11.01,11,11,35020
2026-09-01T08:46:00.000Z,2026-09-01T11:46:00,11.01,11.01,11,11,50786
2026-09-01T08:47:00.000Z,2026-09-01T11:47:00,10.98,11,10.95,11,110002
2026-09-01T08:48:00.000Z,2026-09-01T11:48:00,10.98,11.02,10.95,11,69295
2026-09-01T08:49:00.000Z,2026-09-01T11:49:00,11,11,10.97,10.97,48242
2026-09-01T08:50:00.000Z,2026-09-01T11:50:00,11,11.05,11,11.05,73641
2026-09-01T08:51:00.000Z,2026-09-01T11:51:00,11.05,11.07,11.05,11.07,53304
2026-09-01T08:52:00.000Z,2026-09-01T11:52:00,11.07,11.08,11.05,11.05,179497
2026-09-01T08:53:00.000Z,2026-09-01T11:53:00,11.06,11.06,10.98,11,357908
2026-09-01T08:54:00.000Z,2026-09-01T11:54:00,11,11,10.98,11,89713
2026-09-01T08:55:00.000Z,2026-09-01T11:55:00,10.99,11,10.98,11,92684
2026-09-01T08:56:00.000Z,2026-09-01T11:56:00,11,11,10.98,10.98,117218
2026-09-01T08:57:00.000Z,2026-09-01T11:57:00,10.98,11,10.98,11,8908
2026-09-01T08:58:00.000Z,2026-09-01T11:58:00,11,11,10.99,10.99,5909
2026-09-01T08:59:00.000Z,2026-09-01T11:59:00,10.99,10.99,10.98,10.98,27010
2026-09-01T09:00:00.000Z,2026-09-01T12:00:00,10.97,11,10.95,11,252693
2026-09-01T09:01:00.000Z,2026-09-01T12:01:00,11,11,10.96,11,54688
2026-09-01T09:02:00.000Z,2026-09-01T12:02:00,10.99,11.04,10.99,11.04,51080
2026-09-01T09:03:00.000Z,2026-09-01T12:03:00,11.03,11.03,11.03,11.03,2572
2026-09-01T09:04:00.000Z,2026-09-01T12:04:00,11.03,11.04,11.03,11.04,33308
2026-09-01T09:05:00.000Z,2026-09-01T12:05:00,11.01,11.04,11.01,11.01,22944
2026-09-01T09:06:00.000Z,2026-09-01T12:06:00,11.01,11.01,11,11,9224
2026-09-01T09:07:00.000Z,2026-09-01T12:07:00,11,11,11,11,195
2026-09-01T09:08:00.000Z,2026-09-01T12:08:00,10.98,10.99,10.95,10.99,87932
2026-09-01T09:09:00.000Z,2026-09-01T12:09:00,10.99,11,10.97,10.97,49668
2026-09-01T09:10:00.000Z,2026-09-01T12:10:00,11,11.02,11,11.02,28273
2026-09-01T09:11:00.000Z,2026-09-01T12:11:00,11.01,11.01,11,11.01,15827
2026-09-01T09:12:00.000Z,2026-09-01T12:12:00,11,11,10.99,10.99,66739
2026-09-01T09:13:00.000Z,2026-09-01T12:13:00,11,11.02,11,11.02,202994
2026-09-01T09:14:00.000Z,2026-09-01T12:14:00,11.02,11.03,11.01,11.03,20280
2026-09-01T09:15:00.000Z,2026-09-01T12:15:00,11.02,11.02,11.01,11.01,6000
2026-09-01T09:16:00.000Z,2026-09-01T12:16:00,11.02,11.05,11,11.02,183000
2026-09-01T09:17:00.000Z,2026-09-01T12:17:00,11.04,11.04,11.04,11.04,100
2026-09-01T09:18:00.000Z,2026-09-01T12:18:00,11.04,11.04,11,11.02,71560
2026-09-01T09:19:00.000Z,2026-09-01T12:19:00,11.02,11.02,11.01,11.02,30168
2026-09-01T09:20:00.000Z,2026-09-01T12:20:00,11.04,11.04,11.02,11.02,3851
2026-09-01T09:21:00.000Z,2026-09-01T12:21:00,11.01,11.01,10.99,11,227414
2026-09-01T09:22:00.000Z,2026-09-01T12:22:00,11.01,11.02,10.99,11.01,79363
2026-09-01T09:23:00.000Z,2026-09-01T12:23:00,11.03,11.03,11.02,11.03,10481
2026-09-01T09:24:00.000Z,2026-09-01T12:24:00,11.04,11.05,11.03,11.04,92529
2026-09-01T09:25:00.000Z,2026-09-01T12:25:00,11.04,11.04,11.02,11.02,3665
2026-09-01T09:26:00.000Z,2026-09-01T12:26:00,11.02,11.04,11,11,57824
2026-09-01T09:27:00.000Z,2026-09-01T12:27:00,11,11,11,11,293
2026-09-01T09:28:00.000Z,2026-09-01T12:28:00,11,11,11,11,42566
2026-09-01T09:29:00.000Z,2026-09-01T12:29:00,11,11,11,11,39382
2026-09-01T09:30:00.000Z,2026-09-01T12:30:00,11,11,11,11,33005
2026-09-01T09:31:00.000Z,2026-09-01T12:31:00,11.01,11.01,11.01,11.01,1829
2026-09-01T09:32:00.000Z,2026-09-01T12:32:00,11.02,11.02,11,11,65675
2026-09-01T09:33:00.000Z,2026-09-01T12:33:00,11,11.02,11,11.02,132114
2026-09-01T09:34:00.000Z,2026-09-01T12:34:00,11.03,11.04,11.02,11.04,64613
2026-09-01T09:35:00.000Z,2026-09-01T12:35:00,11.05,11.05,11.03,11.03,312102
2026-09-01T09:36:00.000Z,2026-09-01T12:36:00,11.03,11.03,11.02,11.02,16660
2026-09-01T09:37:00.000Z,2026-09-01T12:37:00,11.03,11.07,11.03,11.07,388598
2026-09-01T09:38:00.000Z,2026-09-01T12:38:00,11.07,11.25,11.07,11.25,1712199
2026-09-01T09:39:00.000Z,2026-09-01T12:39:00,11.26,11.26,11.17,11.2,126177
2026-09-01T09:40:00.000Z,2026-09-01T12:40:00,11.2,11.23,11.15,11.18,143071
2026-09-01T09:41:00.000Z,2026-09-01T12:41:00,11.17,11.22,11.16,11.2,198589
2026-09-01T09:42:00.000Z,2026-09-01T12:42:00,11.2,11.33,11.2,11.33,1325738
2026-09-01T09:43:00.000Z,2026-09-01T12:43:00,11.3,11.33,11.3,11.3,181435
2026-09-01T09:44:00.000Z,2026-09-01T12:44:00,11.26,11.3,11.25,11.25,4482
2026-09-01T09:45:00.000Z,2026-09-01T12:45:00,11.26,11.26,11.2,11.2,110913
2026-09-01T09:46:00.000Z,2026-09-01T12:46:00,11.18,11.23,11.18,11.2,36425
2026-09-01T09:47:00.000Z,2026-09-01T12:47:00,11.2,11.24,11.2,11.24,48424
2026-09-01T09:48:00.000Z,2026-09-01T12:48:00,11.25,11.26,11.25,11.25,50675
2026-09-01T09:49:00.000Z,2026-09-01T12:49:00,11.25,11.28,11.25,11.28,78675
2026-09-01T09:50:00.000Z,2026-09-01T12:50:00,11.28,11.3,11.28,11.3,222428
2026-09-01T09:51:00.000Z,2026-09-01T12:51:00,11.3,11.35,11.3,11.35,420589
2026-09-01T09:52:00.000Z,2026-09-01T12:52:00,11.35,11.4,11.32,11.39,771056
2026-09-01T09:53:00.000Z,2026-09-01T12:53:00,11.39,11.4,11.3,11.3,258257
2026-09-01T09:54:00.000Z,2026-09-01T12:54:00,11.35,11.42,11.35,11.4,908468
2026-09-01T09:55:00.000Z,2026-09-01T12:55:00,11.4,11.4,11.37,11.37,213833
2026-09-01T09:56:00.000Z,2026-09-01T12:56:00,11.35,11.38,11.25,11.35,111981
2026-09-01T09:57:00.000Z,2026-09-01T12:57:00,11.3,11.34,11.28,11.3,239140
2026-09-01T09:58:00.000Z,2026-09-01T12:58:00,11.34,11.37,11.3,11.35,78039
2026-09-01T09:59:00.000Z,2026-09-01T12:59:00,11.35,11.36,11.3,11.3,47353
2026-09-01T10:00:00.000Z,2026-09-01T13:00:00,11.31,11.35,11.29,11.35,182365
2026-09-01T10:01:00.000Z,2026-09-01T13:01:00,11.35,11.36,11.3,11.3,458044
2026-09-01T10:02:00.000Z,2026-09-01T13:02:00,11.3,11.35,11.26,11.35,265788
2026-09-01T10:03:00.000Z,2026-09-01T13:03:00,11.35,11.35,11.3,11.33,5200
2026-09-01T10:04:00.000Z,2026-09-01T13:04:00,11.33,11.33,11.27,11.27,16894
2026-09-01T10:05:00.000Z,2026-09-01T13:05:00,11.27,11.29,11.26,11.26,68565
2026-09-01T10:06:00.000Z,2026-09-01T13:06:00,11.28,11.28,11.26,11.26,15811
2026-09-01T10:07:00.000Z,2026-09-01T13:07:00,11.27,11.32,11.25,11.32,88610
2026-09-01T10:08:00.000Z,2026-09-01T13:08:00,11.32,11.38,11.32,11.38,225026
2026-09-01T10:09:00.000Z,2026-09-01T13:09:00,11.38,11.42,11.38,11.42,415070
2026-09-01T10:10:00.000Z,2026-09-01T13:10:00,11.41,11.45,11.4,11.41,300235
2026-09-01T10:11:00.000Z,2026-09-01T13:11:00,11.41,11.43,11.4,11.41,246061
2026-09-01T10:12:00.000Z,2026-09-01T13:12:00,11.42,11.43,11.4,11.41,103161
2026-09-01T10:13:00.000Z,2026-09-01T13:13:00,11.4,11.41,11.4,11.4,309275
2026-09-01T10:14:00.000Z,2026-09-01T13:14:00,11.4,11.41,11.36,11.4,205790
2026-09-01T10:15:00.000Z,2026-09-01T13:15:00,11.4,11.42,11.37,11.4,162211
2026-09-01T10:16:00.000Z,2026-09-01T13:16:00,11.41,11.49,11.4,11.49,761747
2026-09-01T10:17:00.000Z,2026-09-01T13:17:00,11.49,11.56,11.46,11.55,1278901
2026-09-01T10:18:00.000Z,2026-09-01T13:18:00,11.56,11.7,11.55,11.64,659418
2026-09-01T10:19:00.000Z,2026-09-01T13:19:00,11.64,11.85,11.6,11.8,1150649
2026-09-01T10:20:00.000Z,2026-09-01T13:20:00,11.8,11.8,11.61,11.61,362509
2026-09-01T10:21:00.000Z,2026-09-01T13:21:00,11.62,11.67,11.61,11.65,50575
2026-09-01T10:22:00.000Z,2026-09-01T13:22:00,11.67,11.7,11.62,11.63,203616
2026-09-01T10:23:00.000Z,2026-09-01T13:23:00,11.64,11.64,11.52,11.53,253579
2026-09-01T10:24:00.000Z,2026-09-01T13:24:00,11.55,11.65,11.53,11.6,154185
2026-09-01T10:25:00.000Z,2026-09-01T13:25:00,11.61,11.65,11.61,11.65,6168
2026-09-01T10:26:00.000Z,2026-09-01T13:26:00,11.62,11.62,11.6,11.6,93957
2026-09-01T10:27:00.000Z,2026-09-01T13:27:00,11.6,11.62,11.56,11.6,180202
2026-09-01T10:28:00.000Z,2026-09-01T13:28:00,11.62,11.62,11.6,11.6,746192
2026-09-01T10:29:00.000Z,2026-09-01T13:29:00,11.56,11.6,11.53,11.55,98766
2026-09-01T10:30:00.000Z,2026-09-01T13:30:00,11.55,11.6,11.55,11.59,33820
2026-09-01T10:31:00.000Z,2026-09-01T13:31:00,11.59,11.6,11.55,11.55,62149
2026-09-01T10:32:00.000Z,2026-09-01T13:32:00,11.6,11.6,11.52,11.52,139714
2026-09-01T10:33:00.000Z,2026-09-01T13:33:00,11.52,11.65,11.52,11.6,241029
2026-09-01T10:34:00.000Z,2026-09-01T13:34:00,11.61,11.78,11.61,11.75,349563
2026-09-01T10:35:00.000Z,2026-09-01T13:35:00,11.77,11.8,11.7,11.8,602173
2026-09-01T10:36:00.000Z,2026-09-01T13:36:00,11.78,11.8,11.7,11.79,142287
2026-09-01T10:37:00.000Z,2026-09-01T13:37:00,11.78,11.8,11.71,11.75,377125
2026-09-01T10:38:00.000Z,2026-09-01T13:38:00,11.75,11.8,11.75,11.8,325405
2026-09-01T10:39:00.000Z,2026-09-01T13:39:00,11.8,11.85,11.8,11.83,218581
2026-09-01T10:40:00.000Z,2026-09-01T13:40:00,11.83,11.85,11.74,11.84,156559
2026-09-01T10:41:00.000Z,2026-09-01T13:41:00,11.81,11.84,11.7,11.79,844586
2026-09-01T10:42:00.000Z,2026-09-01T13:42:00,11.79,11.83,11.72,11.8,358087
2026-09-01T10:43:00.000Z,2026-09-01T13:43:00,11.8,11.8,11.77,11.8,201635
2026-09-01T10:44:00.000Z,2026-09-01T13:44:00,11.79,11.8,11.75,11.75,96770
2026-09-01T10:45:00.000Z,2026-09-01T13:45:00,11.75,11.75,11.71,11.75,44550
2026-09-01T10:46:00.000Z,2026-09-01T13:46:00,11.75,11.79,11.74,11.75,157716
2026-09-01T10:47:00.000Z,2026-09-01T13:47:00,11.75,11.77,11.7,11.75,515006
2026-09-01T10:48:00.000Z,2026-09-01T13:48:00,11.75,11.75,11.7,11.74,69907
2026-09-01T10:49:00.000Z,2026-09-01T13:49:00,11.7,11.74,11.7,11.74,67583
2026-09-01T10:50:00.000Z,2026-09-01T13:50:00,11.74,11.74,11.63,11.63,178261
2026-09-01T10:51:00.000Z,2026-09-01T13:51:00,11.63,11.7,11.63,11.69,19885
2026-09-01T10:52:00.000Z,2026-09-01T13:52:00,11.67,11.67,11.63,11.67,25413
2026-09-01T10:53:00.000Z,2026-09-01T13:53:00,11.63,11.68,11.6,11.66,100104
2026-09-01T10:54:00.000Z,2026-09-01T13:54:00,11.66,11.7,11.65,11.7,102075
2026-09-01T10:55:00.000Z,2026-09-01T13:55:00,11.7,11.74,11.68,11.74,235014
2026-09-01T10:56:00.000Z,2026-09-01T13:56:00,11.71,11.74,11.7,11.7,32527
2026-09-01T10:57:00.000Z,2026-09-01T13:57:00,11.73,11.79,11.72,11.79,442779
2026-09-01T10:58:00.000Z,2026-09-01T13:58:00,11.79,11.83,11.77,11.8,281741
2026-09-01T10:59:00.000Z,2026-09-01T13:59:00,11.82,11.82,11.8,11.82,144632
2026-09-01T11:00:00.000Z,2026-09-01T14:00:00,11.82,11.84,11.81,11.84,221908
2026-09-01T11:01:00.000Z,2026-09-01T14:01:00,11.84,11.89,11.83,11.89,320917
2026-09-01T11:02:00.000Z,2026-09-01T14:02:00,11.89,12.02,11.87,12.02,2286940
2026-09-01T11:12:00.000Z,2026-09-01T14:12:00,12.02,12.03,11.9,11.99,762320
2026-09-01T11:13:00.000Z,2026-09-01T14:13:00,11.99,12.19,11.99,12.15,684380
2026-09-01T11:14:00.000Z,2026-09-01T14:14:00,12.15,12.3,12.1,12.29,1533998
2026-09-01T11:15:00.000Z,2026-09-01T14:15:00,12.29,12.3,12.29,12.3,6688
2026-09-01T11:25:00.000Z,2026-09-01T14:25:00,12.47,12.47,12.47,12.47,1487167
2026-09-01T11:26:00.000Z,2026-09-01T14:26:00,12.47,12.47,12.47,12.47,614156
2026-09-01T11:27:00.000Z,2026-09-01T14:27:00,12.47,12.47,12.47,12.47,135243
2026-09-01T11:28:00.000Z,2026-09-01T14:28:00,12.47,12.47,12.47,12.47,43948
2026-09-01T11:29:00.000Z,2026-09-01T14:29:00,12.47,12.47,12.47,12.47,21868
2026-09-02T07:00:00.000Z,2026-09-02T10:00:00,12.47,12.47,12.45,12.46,568389
2026-09-02T07:01:00.000Z,2026-09-02T10:01:00,12.46,12.47,12.15,12.25,886079
2026-09-02T07:02:00.000Z,2026-09-02T10:02:00,12.22,12.25,12.16,12.2,227036
2026-09-02T07:03:00.000Z,2026-09-02T10:03:00,12.2,12.3,12.17,12.25,241106
2026-09-02T07:04:00.000Z,2026-09-02T10:04:00,12.25,12.3,12.25,12.3,155185
2026-09-02T07:05:00.000Z,2026-09-02T10:05:00,12.3,12.37,12.3,12.33,158759
2026-09-02T07:06:00.000Z,2026-09-02T10:06:00,12.34,12.4,12.24,12.24,585717
2026-09-02T07:07:00.000Z,2026-09-02T10:07:00,12.24,12.27,12.16,12.16,374587
2026-09-02T07:08:00.000Z,2026-09-02T10:08:00,12.19,12.25,12.16,12.23,247937
2026-09-02T07:09:00.000Z,2026-09-02T10:09:00,12.25,12.35,12.22,12.25,259307
2026-09-02T07:10:00.000Z,2026-09-02T10:10:00,12.26,12.29,12.2,12.23,194484
2026-09-02T07:11:00.000Z,2026-09-02T10:11:00,12.21,12.23,12.18,12.2,266123
2026-09-02T07:12:00.000Z,2026-09-02T10:12:00,12.22,12.23,12.19,12.23,113971
2026-09-02T07:13:00.000Z,2026-09-02T10:13:00,12.2,12.2,12.04,12.04,987989
2026-09-02T07:14:00.000Z,2026-09-02T10:14:00,12.05,12.15,12.04,12.1,325436
2026-09-02T07:15:00.000Z,2026-09-02T10:15:00,12.1,12.14,12.08,12.1,225216
2026-09-02T07:16:00.000Z,2026-09-02T10:16:00,12.14,12.15,12.1,12.15,204339
2026-09-02T07:17:00.000Z,2026-09-02T10:17:00,12.14,12.23,12.11,12.2,422058
2026-09-02T07:18:00.000Z,2026-09-02T10:18:00,12.23,12.28,12.22,12.25,232796
2026-09-02T07:19:00.000Z,2026-09-02T10:19:00,12.28,12.28,12.21,12.25,233103
2026-09-02T07:20:00.000Z,2026-09-02T10:20:00,12.25,12.26,12.24,12.24,64745
2026-09-02T07:21:00.000Z,2026-09-02T10:21:00,12.24,12.26,12.2,12.2,162731
2026-09-02T07:22:00.000Z,2026-09-02T10:22:00,12.25,12.27,12.15,12.25,274359
2026-09-02T07:23:00.000Z,2026-09-02T10:23:00,12.25,12.25,12.16,12.2,49883
2026-09-02T07:24:00.000Z,2026-09-02T10:24:00,12.2,12.25,12.2,12.24,20213
2026-09-02T07:25:00.000Z,2026-09-02T10:25:00,12.2,12.24,12.2,12.21,27320
2026-09-02T07:26:00.000Z,2026-09-02T10:26:00,12.24,12.35,12.2,12.35,505463
2026-09-02T07:27:00.000Z,2026-09-02T10:27:00,12.35,12.55,12.33,12.5,896481
2026-09-02T07:28:00.000Z,2026-09-02T10:28:00,12.5,12.51,12.45,12.51,455550
2026-09-02T07:29:00.000Z,2026-09-02T10:29:00,12.51,12.64,12.5,12.6,789292
2026-09-02T07:30:00.000Z,2026-09-02T10:30:00,12.6,12.66,12.6,12.6,643581
2026-09-02T07:31:00.000Z,2026-09-02T10:31:00,12.6,12.64,12.51,12.59,285669
2026-09-02T07:32:00.000Z,2026-09-02T10:32:00,12.54,12.6,12.51,12.51,198386
2026-09-02T07:33:00.000Z,2026-09-02T10:33:00,12.52,12.55,12.5,12.51,378063
2026-09-02T07:34:00.000Z,2026-09-02T10:34:00,12.51,12.51,12.45,12.45,74507
2026-09-02T07:35:00.000Z,2026-09-02T10:35:00,12.45,12.5,12.45,12.46,138375
2026-09-02T07:36:00.000Z,2026-09-02T10:36:00,12.46,12.49,12.44,12.44,76305
2026-09-02T07:37:00.000Z,2026-09-02T10:37:00,12.44,12.44,12.44,12.44,27376
2026-09-02T07:38:00.000Z,2026-09-02T10:38:00,12.44,12.45,12.43,12.44,77785
2026-09-02T07:39:00.000Z,2026-09-02T10:39:00,12.44,12.44,12.4,12.41,57617
2026-09-02T07:40:00.000Z,2026-09-02T10:40:00,12.41,12.44,12.41,12.41,39867
2026-09-02T07:41:00.000Z,2026-09-02T10:41:00,12.41,12.42,12.39,12.4,38125
2026-09-02T07:42:00.000Z,2026-09-02T10:42:00,12.4,12.4,12.38,12.38,91069
2026-09-02T07:43:00.000Z,2026-09-02T10:43:00,12.37,12.47,12.36,12.41,201872
2026-09-02T07:44:00.000Z,2026-09-02T10:44:00,12.47,12.6,12.47,12.6,267401
2026-09-02T07:45:00.000Z,2026-09-02T10:45:00,12.6,12.6,12.51,12.59,70666
2026-09-02T07:46:00.000Z,2026-09-02T10:46:00,12.53,12.6,12.52,12.6,294932
2026-09-02T07:47:00.000Z,2026-09-02T10:47:00,12.61,12.61,12.56,12.6,284197
2026-09-02T07:48:00.000Z,2026-09-02T10:48:00,12.6,12.61,12.44,12.44,437318
2026-09-02T07:49:00.000Z,2026-09-02T10:49:00,12.57,12.59,12.47,12.47,120330
2026-09-02T07:50:00.000Z,2026-09-02T10:50:00,12.54,12.54,12.47,12.54,18180
2026-09-02T07:51:00.000Z,2026-09-02T10:51:00,12.54,12.54,12.43,12.52,126201
2026-09-02T07:52:00.000Z,2026-09-02T10:52:00,12.48,12.52,12.48,12.5,22664
2026-09-02T07:53:00.000Z,2026-09-02T10:53:00,12.5,12.52,12.45,12.46,51036
2026-09-02T07:54:00.000Z,2026-09-02T10:54:00,12.47,12.52,12.46,12.51,23070
2026-09-02T07:55:00.000Z,2026-09-02T10:55:00,12.51,12.55,12.5,12.5,110009
2026-09-02T07:56:00.000Z,2026-09-02T10:56:00,12.54,12.56,12.5,12.51,58804
2026-09-02T07:57:00.000Z,2026-09-02T10:57:00,12.52,12.53,12.5,12.5,113587
2026-09-02T07:58:00.000Z,2026-09-02T10:58:00,12.5,12.52,12.49,12.5,59616
2026-09-02T07:59:00.000Z,2026-09-02T10:59:00,12.46,12.5,12.45,12.45,41458
2026-09-02T08:00:00.000Z,2026-09-02T11:00:00,12.44,12.46,12.4,12.42,165758
2026-09-02T08:01:00.000Z,2026-09-02T11:01:00,12.42,12.48,12.38,12.4,80516
2026-09-02T08:02:00.000Z,2026-09-02T11:02:00,12.41,12.47,12.4,12.4,208391
2026-09-02T08:03:00.000Z,2026-09-02T11:03:00,12.4,12.41,12.38,12.41,39539
2026-09-02T08:04:00.000Z,2026-09-02T11:04:00,12.4,12.4,12.38,12.4,60810
2026-09-02T08:05:00.000Z,2026-09-02T11:05:00,12.4,12.41,12.38,12.38,49409
2026-09-02T08:06:00.000Z,2026-09-02T11:06:00,12.38,12.45,12.38,12.41,88088
2026-09-02T08:07:00.000Z,2026-09-02T11:07:00,12.41,12.47,12.35,12.47,158399
2026-09-02T08:08:00.000Z,2026-09-02T11:08:00,12.48,12.58,12.46,12.56,264956
2026-09-02T08:09:00.000Z,2026-09-02T11:09:00,12.55,12.63,12.55,12.61,314570
2026-09-02T08:10:00.000Z,2026-09-02T11:10:00,12.63,12.75,12.63,12.7,1239738
2026-09-02T08:11:00.000Z,2026-09-02T11:11:00,12.71,12.78,12.7,12.73,298025
2026-09-02T08:12:00.000Z,2026-09-02T11:12:00,12.75,12.81,12.7,12.8,824896
2026-09-02T08:13:00.000Z,2026-09-02T11:13:00,12.8,12.81,12.72,12.75,90525
2026-09-02T08:14:00.000Z,2026-09-02T11:14:00,12.75,12.79,12.7,12.76,343299
2026-09-02T08:15:00.000Z,2026-09-02T11:15:00,12.72,12.76,12.7,12.7,151888
2026-09-02T08:16:00.000Z,2026-09-02T11:16:00,12.7,12.7,12.64,12.7,308662
2026-09-02T08:17:00.000Z,2026-09-02T11:17:00,12.7,12.7,12.65,12.68,132352
2026-09-02T08:18:00.000Z,2026-09-02T11:18:00,12.65,12.68,12.65,12.67,26583
2026-09-02T08:19:00.000Z,2026-09-02T11:19:00,12.68,12.7,12.68,12.7,23069
2026-09-02T08:20:00.000Z,2026-09-02T11:20:00,12.68,12.69,12.65,12.66,114363
2026-09-02T08:21:00.000Z,2026-09-02T11:21:00,12.69,12.71,12.65,12.7,218024
2026-09-02T08:22:00.000Z,2026-09-02T11:22:00,12.71,12.75,12.71,12.74,42504
2026-09-02T08:23:00.000Z,2026-09-02T11:23:00,12.75,12.78,12.75,12.77,94858
2026-09-02T08:24:00.000Z,2026-09-02T11:24:00,12.78,12.92,12.78,12.92,1104456
2026-09-02T08:25:00.000Z,2026-09-02T11:25:00,12.92,13.2,12.92,13.18,2121043
2026-09-02T08:26:00.000Z,2026-09-02T11:26:00,13.15,13.3,13.12,13.2,1742003
2026-09-02T08:27:00.000Z,2026-09-02T11:27:00,13.2,13.2,13.01,13.01,497545
2026-09-02T08:28:00.000Z,2026-09-02T11:28:00,13.01,13.06,12.92,13.05,397335
2026-09-02T08:29:00.000Z,2026-09-02T11:29:00,13.05,13.09,13,13,388901
2026-09-02T08:30:00.000Z,2026-09-02T11:30:00,13,13.06,12.96,13.06,306934
2026-09-02T08:31:00.000Z,2026-09-02T11:31:00,13.01,13.15,13.01,13.15,385181
2026-09-02T08:32:00.000Z,2026-09-02T11:32:00,13.14,13.27,13.11,13.2,543369
2026-09-02T08:33:00.000Z,2026-09-02T11:33:00,13.19,13.29,13.16,13.26,357668
2026-09-02T08:34:00.000Z,2026-09-02T11:34:00,13.25,13.29,13.21,13.21,374627
2026-09-02T08:35:00.000Z,2026-09-02T11:35:00,13.24,13.25,13.15,13.2,301495
2026-09-02T08:36:00.000Z,2026-09-02T11:36:00,13.18,13.22,13.18,13.18,32260
2026-09-02T08:37:00.000Z,2026-09-02T11:37:00,13.18,13.21,13.15,13.19,77502
2026-09-02T08:38:00.000Z,2026-09-02T11:38:00,13.15,13.15,13.11,13.11,108229
2026-09-02T08:39:00.000Z,2026-09-02T11:39:00,13.1,13.1,13.03,13.03,263895
2026-09-02T08:40:00.000Z,2026-09-02T11:40:00,13.03,13.03,12.95,12.95,581384
2026-09-02T08:41:00.000Z,2026-09-02T11:41:00,12.96,13,12.91,12.96,227719
2026-09-02T08:42:00.000Z,2026-09-02T11:42:00,12.96,12.97,12.93,12.97,110007
2026-09-02T08:43:00.000Z,2026-09-02T11:43:00,12.99,13.03,12.99,13.03,72279
2026-09-02T08:44:00.000Z,2026-09-02T11:44:00,13.07,13.09,13.01,13.01,143563
2026-09-02T08:45:00.000Z,2026-09-02T11:45:00,13.08,13.08,13,13,249349
2026-09-02T08:46:00.000Z,2026-09-02T11:46:00,13,13,12.94,12.99,92294
2026-09-02T08:47:00.000Z,2026-09-02T11:47:00,12.99,12.99,12.98,12.98,31881
2026-09-02T08:48:00.000Z,2026-09-02T11:48:00,12.95,12.95,12.89,12.89,194777
2026-09-02T08:49:00.000Z,2026-09-02T11:49:00,12.88,12.9,12.85,12.9,181929
2026-09-02T08:50:00.000Z,2026-09-02T11:50:00,12.9,12.98,12.9,12.98,50878
2026-09-02T08:51:00.000Z,2026-09-02T11:51:00,12.95,12.98,12.9,12.9,40593
2026-09-02T08:52:00.000Z,2026-09-02T11:52:00,12.92,12.97,12.9,12.95,14461
2026-09-02T08:53:00.000Z,2026-09-02T11:53:00,12.95,12.95,12.9,12.91,47128
2026-09-02T08:54:00.000Z,2026-09-02T11:54:00,12.91,12.94,12.91,12.93,28103
2026-09-02T08:55:00.000Z,2026-09-02T11:55:00,12.93,12.95,12.91,12.95,46998
2026-09-02T08:56:00.000Z,2026-09-02T11:56:00,12.95,12.95,12.91,12.91,23557
2026-09-02T08:57:00.000Z,2026-09-02T11:57:00,12.94,12.94,12.9,12.9,31587
2026-09-02T08:58:00.000Z,2026-09-02T11:58:00,12.89,12.89,12.83,12.85,220636
2026-09-02T08:59:00.000Z,2026-09-02T11:59:00,12.86,12.9,12.8,12.8,145725
2026-09-02T09:00:00.000Z,2026-09-02T12:00:00,12.86,12.88,12.8,12.85,27439
2026-09-02T09:01:00.000Z,2026-09-02T12:01:00,12.86,12.87,12.83,12.85,367246
2026-09-02T09:02:00.000Z,2026-09-02T12:02:00,12.85,12.86,12.83,12.86,16528
2026-09-02T09:03:00.000Z,2026-09-02T12:03:00,12.87,12.93,12.81,12.85,111922
2026-09-02T09:04:00.000Z,2026-09-02T12:04:00,12.85,12.92,12.8,12.9,100674
2026-09-02T09:05:00.000Z,2026-09-02T12:05:00,12.9,12.92,12.9,12.92,11580
2026-09-02T09:06:00.000Z,2026-09-02T12:06:00,12.9,12.99,12.86,12.9,174328
2026-09-02T09:07:00.000Z,2026-09-02T12:07:00,12.98,12.98,12.9,12.9,57053
2026-09-02T09:08:00.000Z,2026-09-02T12:08:00,12.9,12.98,12.82,12.98,186084
2026-09-02T09:09:00.000Z,2026-09-02T12:09:00,12.86,12.86,12.82,12.82,12584
2026-09-02T09:10:00.000Z,2026-09-02T12:10:00,12.95,12.99,12.9,12.97,74513
2026-09-02T09:11:00.000Z,2026-09-02T12:11:00,12.96,12.97,12.96,12.96,5885
2026-09-02T09:12:00.000Z,2026-09-02T12:12:00,12.95,12.95,12.9,12.9,5400
2026-09-02T09:13:00.000Z,2026-09-02T12:13:00,12.9,12.9,12.87,12.87,8190
2026-09-02T09:14:00.000Z,2026-09-02T12:14:00,12.9,12.9,12.86,12.9,91300
2026-09-02T09:15:00.000Z,2026-09-02T12:15:00,12.88,12.94,12.87,12.9,16736
2026-09-02T09:16:00.000Z,2026-09-02T12:16:00,12.9,12.93,12.88,12.9,43905
2026-09-02T09:17:00.000Z,2026-09-02T12:17:00,12.93,12.95,12.9,12.95,17610
2026-09-02T09:18:00.000Z,2026-09-02T12:18:00,12.9,12.94,12.9,12.9,23056
2026-09-02T09:19:00.000Z,2026-09-02T12:19:00,12.9,12.9,12.88,12.88,17642
2026-09-02T09:20:00.000Z,2026-09-02T12:20:00,12.87,12.9,12.85,12.9,35301
2026-09-02T09:21:00.000Z,2026-09-02T12:21:00,12.85,12.85,12.8,12.8,252491
2026-09-02T09:22:00.000Z,2026-09-02T12:22:00,12.79,12.79,12.71,12.71,210699
2026-09-02T09:23:00.000Z,2026-09-02T12:23:00,12.71,12.75,12.71,12.75,117721
2026-09-02T09:24:00.000Z,2026-09-02T12:24:00,12.73,12.75,12.73,12.75,36704
2026-09-02T09:25:00.000Z,2026-09-02T12:25:00,12.77,12.78,12.73,12.73,8474
2026-09-02T09:26:00.000Z,2026-09-02T12:26:00,12.73,12.73,12.66,12.7,96942
2026-09-02T09:27:00.000Z,2026-09-02T12:27:00,12.7,12.7,12.66,12.7,96897
2026-09-02T09:28:00.000Z,2026-09-02T12:28:00,12.7,12.7,12.66,12.66,23487
2026-09-02T09:29:00.000Z,2026-09-02T12:29:00,12.67,12.7,12.67,12.7,33255
2026-09-02T09:30:00.000Z,2026-09-02T12:30:00,12.7,12.73,12.7,12.7,19777
2026-09-02T09:31:00.000Z,2026-09-02T12:31:00,12.7,12.75,12.7,12.75,22780
2026-09-02T09:32:00.000Z,2026-09-02T12:32:00,12.71,12.71,12.68,12.68,32285
2026-09-02T09:33:00.000Z,2026-09-02T12:33:00,12.68,12.68,12.63,12.64,254058
2026-09-02T09:34:00.000Z,2026-09-02T12:34:00,12.63,12.64,12.59,12.62,186383
2026-09-02T09:35:00.000Z,2026-09-02T12:35:00,12.6,12.61,12.46,12.5,511545
2026-09-02T09:36:00.000Z,2026-09-02T12:36:00,12.5,12.55,12.47,12.55,523825
2026-09-02T09:37:00.000Z,2026-09-02T12:37:00,12.55,12.6,12.5,12.6,183756
2026-09-02T09:38:00.000Z,2026-09-02T12:38:00,12.6,12.69,12.6,12.65,90437
2026-09-02T09:39:00.000Z,2026-09-02T12:39:00,12.69,12.74,12.69,12.7,441660
2026-09-02T09:40:00.000Z,2026-09-02T12:40:00,12.71,12.75,12.7,12.7,207721
2026-09-02T09:41:00.000Z,2026-09-02T12:41:00,12.7,12.7,12.67,12.67,8870
2026-09-02T09:42:00.000Z,2026-09-02T12:42:00,12.68,12.68,12.6,12.66,137161
2026-09-02T09:43:00.000Z,2026-09-02T12:43:00,12.61,12.65,12.6,12.62,22820
2026-09-02T09:44:00.000Z,2026-09-02T12:44:00,12.62,12.65,12.61,12.61,107994
2026-09-02T09:45:00.000Z,2026-09-02T12:45:00,12.64,12.64,12.6,12.6,59877
2026-09-02T09:46:00.000Z,2026-09-02T12:46:00,12.6,12.61,12.56,12.61,323024
2026-09-02T09:47:00.000Z,2026-09-02T12:47:00,12.61,12.61,12.6,12.6,151000
2026-09-02T09:48:00.000Z,2026-09-02T12:48:00,12.6,12.62,12.6,12.62,22819
2026-09-02T09:49:00.000Z,2026-09-02T12:49:00,12.6,12.6,12.6,12.6,28070
2026-09-02T09:50:00.000Z,2026-09-02T12:50:00,12.58,12.6,12.58,12.6,26150
2026-09-02T09:51:00.000Z,2026-09-02T12:51:00,12.58,12.58,12.56,12.56,25393
2026-09-02T09:52:00.000Z,2026-09-02T12:52:00,12.56,12.6,12.56,12.6,37894
2026-09-02T09:53:00.000Z,2026-09-02T12:53:00,12.56,12.59,12.5,12.51,243895
2026-09-02T09:54:00.000Z,2026-09-02T12:54:00,12.51,12.55,12.51,12.55,39669
2026-09-02T09:55:00.000Z,2026-09-02T12:55:00,12.55,12.59,12.55,12.59,17828
2026-09-02T09:56:00.000Z,2026-09-02T12:56:00,12.59,12.59,12.58,12.59,17548
2026-09-02T09:57:00.000Z,2026-09-02T12:57:00,12.59,12.59,12.59,12.59,463
2026-09-02T09:58:00.000Z,2026-09-02T12:58:00,12.59,12.6,12.55,12.6,125706
2026-09-02T09:59:00.000Z,2026-09-02T12:59:00,12.59,12.59,12.55,12.55,12971
2026-09-02T10:00:00.000Z,2026-09-02T13:00:00,12.57,12.6,12.56,12.6,7000
2026-09-02T10:01:00.000Z,2026-09-02T13:01:00,12.56,12.6,12.53,12.53,40971
2026-09-02T10:02:00.000Z,2026-09-02T13:02:00,12.57,12.57,12.54,12.54,9650
2026-09-02T10:03:00.000Z,2026-09-02T13:03:00,12.54,12.54,12.54,12.54,17413
2026-09-02T10:04:00.000Z,2026-09-02T13:04:00,12.53,12.55,12.53,12.53,65695
2026-09-02T10:05:00.000Z,2026-09-02T13:05:00,12.54,12.59,12.54,12.59,43250
2026-09-02T10:06:00.000Z,2026-09-02T13:06:00,12.59,12.6,12.56,12.6,58389
2026-09-02T10:07:00.000Z,2026-09-02T13:07:00,12.6,12.64,12.6,12.64,40197
2026-09-02T10:08:00.000Z,2026-09-02T13:08:00,12.65,12.66,12.65,12.65,55482
2026-09-02T10:09:00.000Z,2026-09-02T13:09:00,12.65,12.65,12.65,12.65,17083
2026-09-02T10:10:00.000Z,2026-09-02T13:10:00,12.65,12.65,12.65,12.65,3000
2026-09-02T10:11:00.000Z,2026-09-02T13:11:00,12.68,12.75,12.68,12.75,124897
2026-09-02T10:12:00.000Z,2026-09-02T13:12:00,12.75,12.79,12.69,12.76,79579
2026-09-02T10:13:00.000Z,2026-09-02T13:13:00,12.7,12.7,12.65,12.68,148259
2026-09-02T10:14:00.000Z,2026-09-02T13:14:00,12.68,12.78,12.68,12.7,132620
2026-09-02T10:15:00.000Z,2026-09-02T13:15:00,12.7,12.76,12.7,12.76,55617
2026-09-02T10:16:00.000Z,2026-09-02T13:16:00,12.76,12.78,12.71,12.71,9840
2026-09-02T10:17:00.000Z,2026-09-02T13:17:00,12.72,12.72,12.7,12.7,147842
2026-09-02T10:18:00.000Z,2026-09-02T13:18:00,12.7,12.72,12.65,12.72,61846
2026-09-02T10:19:00.000Z,2026-09-02T13:19:00,12.72,12.72,12.7,12.7,164040
2026-09-02T10:20:00.000Z,2026-09-02T13:20:00,12.66,12.66,12.65,12.65,22671
2026-09-02T10:21:00.000Z,2026-09-02T13:21:00,12.65,12.7,12.65,12.7,84000
2026-09-02T10:22:00.000Z,2026-09-02T13:22:00,12.66,12.66,12.65,12.65,8918
2026-09-02T10:23:00.000Z,2026-09-02T13:23:00,12.65,12.65,12.54,12.54,150000
2026-09-02T10:24:00.000Z,2026-09-02T13:24:00,12.55,12.68,12.55,12.68,539
2026-09-02T10:25:00.000Z,2026-09-02T13:25:00,12.6,12.66,12.6,12.6,98134
2026-09-02T10:26:00.000Z,2026-09-02T13:26:00,12.6,12.66,12.55,12.65,141967
2026-09-02T10:27:00.000Z,2026-09-02T13:27:00,12.6,12.65,12.6,12.62,68327
2026-09-02T10:28:00.000Z,2026-09-02T13:28:00,12.6,12.6,12.6,12.6,2199
2026-09-02T10:29:00.000Z,2026-09-02T13:29:00,12.6,12.6,12.6,12.6,31947
2026-09-02T10:30:00.000Z,2026-09-02T13:30:00,12.6,12.62,12.6,12.62,68702
2026-09-02T10:31:00.000Z,2026-09-02T13:31:00,12.62,12.65,12.6,12.61,107838
2026-09-02T10:32:00.000Z,2026-09-02T13:32:00,12.62,12.62,12.57,12.57,53057
2026-09-02T10:33:00.000Z,2026-09-02T13:33:00,12.59,12.6,12.55,12.56,131942
2026-09-02T10:34:00.000Z,2026-09-02T13:34:00,12.56,12.58,12.55,12.56,119897
2026-09-02T10:35:00.000Z,2026-09-02T13:35:00,12.59,12.59,12.54,12.55,105951
2026-09-02T10:36:00.000Z,2026-09-02T13:36:00,12.55,12.56,12.54,12.54,119884
2026-09-02T10:37:00.000Z,2026-09-02T13:37:00,12.54,12.54,12.53,12.54,31240
2026-09-02T10:38:00.000Z,2026-09-02T13:38:00,12.55,12.6,12.5,12.54,185176
2026-09-02T10:39:00.000Z,2026-09-02T13:39:00,12.55,12.59,12.51,12.51,74500
2026-09-02T10:40:00.000Z,2026-09-02T13:40:00,12.51,12.58,12.51,12.58,13048
2026-09-02T10:41:00.000Z,2026-09-02T13:41:00,12.52,12.6,12.52,12.6,113207
2026-09-02T10:42:00.000Z,2026-09-02T13:42:00,12.6,12.6,12.6,12.6,30144
2026-09-02T10:43:00.000Z,2026-09-02T13:43:00,12.6,12.61,12.55,12.6,54550
2026-09-02T10:44:00.000Z,2026-09-02T13:44:00,12.6,12.61,12.6,12.61,24877
2026-09-02T10:45:00.000Z,2026-09-02T13:45:00,12.61,12.62,12.6,12.62,52550
2026-09-02T10:46:00.000Z,2026-09-02T13:46:00,12.6,12.61,12.6,12.61,2016
2026-09-02T10:47:00.000Z,2026-09-02T13:47:00,12.61,12.62,12.57,12.57,38428
2026-09-02T10:48:00.000Z,2026-09-02T13:48:00,12.6,12.7,12.57,12.6,119218
2026-09-02T10:49:00.000Z,2026-09-02T13:49:00,12.68,12.68,12.65,12.68,6510
2026-09-02T10:50:00.000Z,2026-09-02T13:50:00,12.68,12.69,12.68,12.68,16832
2026-09-02T10:51:00.000Z,2026-09-02T13:51:00,12.68,12.69,12.65,12.69,21865
2026-09-02T10:52:00.000Z,2026-09-02T13:52:00,12.69,12.73,12.68,12.73,253140
2026-09-02T10:53:00.000Z,2026-09-02T13:53:00,12.71,12.73,12.7,12.73,62234
2026-09-02T10:54:00.000Z,2026-09-02T13:54:00,12.73,12.75,12.71,12.71,56310
2026-09-02T10:55:00.000Z,2026-09-02T13:55:00,12.71,12.74,12.7,12.74,7381
2026-09-02T10:56:00.000Z,2026-09-02T13:56:00,12.73,12.74,12.7,12.73,30793
2026-09-02T10:57:00.000Z,2026-09-02T13:57:00,12.71,12.78,12.71,12.78,131690
2026-09-02T10:58:00.000Z,2026-09-02T13:58:00,12.78,12.84,12.78,12.84,65523
2026-09-02T10:59:00.000Z,2026-09-02T13:59:00,12.83,12.83,12.8,12.8,28467
2026-09-02T11:00:00.000Z,2026-09-02T14:00:00,12.8,12.85,12.78,12.8,203798
2026-09-02T11:01:00.000Z,2026-09-02T14:01:00,12.8,12.81,12.79,12.79,63666
2026-09-02T11:02:00.000Z,2026-09-02T14:02:00,12.79,13,12.76,13,876048
2026-09-02T11:03:00.000Z,2026-09-02T14:03:00,12.83,12.95,12.83,12.86,13665
2026-09-02T11:04:00.000Z,2026-09-02T14:04:00,12.94,12.94,12.87,12.87,8097
2026-09-02T11:05:00.000Z,2026-09-02T14:05:00,12.9,12.97,12.86,12.96,257977
2026-09-02T11:06:00.000Z,2026-09-02T14:06:00,12.96,12.97,12.9,12.9,158339
2026-09-02T11:07:00.000Z,2026-09-02T14:07:00,12.92,12.97,12.91,12.92,151430
2026-09-02T11:08:00.000Z,2026-09-02T14:08:00,12.93,12.98,12.93,12.98,126712
2026-09-02T11:09:00.000Z,2026-09-02T14:09:00,12.97,12.98,12.9,12.9,68102
2026-09-02T11:10:00.000Z,2026-09-02T14:10:00,12.86,12.95,12.81,12.93,30124
2026-09-02T11:11:00.000Z,2026-09-02T14:11:00,12.93,12.93,12.85,12.85,7430
2026-09-02T11:12:00.000Z,2026-09-02T14:12:00,12.89,12.9,12.83,12.83,177306
2026-09-02T11:13:00.000Z,2026-09-02T14:13:00,12.85,12.85,12.85,12.85,16602
2026-09-02T11:14:00.000Z,2026-09-02T14:14:00,12.86,12.89,12.81,12.88,95182
2026-09-02T11:25:00.000Z,2026-09-02T14:25:00,12.82,12.82,12.82,12.82,417911
2026-09-02T11:26:00.000Z,2026-09-02T14:26:00,12.82,12.82,12.82,12.82,36284
2026-09-02T11:27:00.000Z,2026-09-02T14:27:00,12.82,12.82,12.82,12.82,95358
2026-09-02T11:28:00.000Z,2026-09-02T14:28:00,12.82,12.82,12.82,12.82,17051
2026-09-02T11:29:00.000Z,2026-09-02T14:29:00,12.82,12.82,12.82,12.82,15834
2026-09-03T07:01:00.000Z,2026-09-03T10:01:00,12.8,12.84,12.77,12.77,165777
2026-09-03T07:02:00.000Z,2026-09-03T10:02:00,12.8,12.84,12.77,12.84,56230
2026-09-03T07:03:00.000Z,2026-09-03T10:03:00,12.85,12.9,12.81,12.9,38583
2026-09-03T07:04:00.000Z,2026-09-03T10:04:00,12.84,12.93,12.78,12.78,216369
2026-09-03T07:05:00.000Z,2026-09-03T10:05:00,12.78,12.79,12.7,12.7,231998
2026-09-03T07:06:00.000Z,2026-09-03T10:06:00,12.72,12.77,12.7,12.76,42391
2026-09-03T07:07:00.000Z,2026-09-03T10:07:00,12.75,12.8,12.7,12.71,58615
2026-09-03T07:08:00.000Z,2026-09-03T10:08:00,12.77,12.77,12.71,12.71,2912
2026-09-03T07:09:00.000Z,2026-09-03T10:09:00,12.71,12.71,12.65,12.7,164094
2026-09-03T07:10:00.000Z,2026-09-03T10:10:00,12.68,12.71,12.68,12.71,45547
2026-09-03T07:11:00.000Z,2026-09-03T10:11:00,12.71,12.74,12.71,12.73,36849
2026-09-03T07:12:00.000Z,2026-09-03T10:12:00,12.76,12.86,12.76,12.85,119011
2026-09-03T07:13:00.000Z,2026-09-03T10:13:00,12.83,12.9,12.8,12.9,152048
2026-09-03T07:14:00.000Z,2026-09-03T10:14:00,12.88,12.88,12.81,12.81,14416
2026-09-03T07:15:00.000Z,2026-09-03T10:15:00,12.81,12.81,12.77,12.79,35400
2026-09-03T07:16:00.000Z,2026-09-03T10:16:00,12.77,12.79,12.77,12.77,19230
2026-09-03T07:17:00.000Z,2026-09-03T10:17:00,12.77,12.79,12.77,12.77,69944
2026-09-03T07:18:00.000Z,2026-09-03T10:18:00,12.76,12.84,12.76,12.84,127135
2026-09-03T07:19:00.000Z,2026-09-03T10:19:00,12.84,12.89,12.84,12.89,109431
2026-09-03T07:20:00.000Z,2026-09-03T10:20:00,12.88,12.88,12.81,12.81,17779
2026-09-03T07:21:00.000Z,2026-09-03T10:21:00,12.81,12.85,12.77,12.77,72781
2026-09-03T07:22:00.000Z,2026-09-03T10:22:00,12.77,12.78,12.76,12.76,21297
2026-09-03T07:23:00.000Z,2026-09-03T10:23:00,12.75,12.75,12.72,12.72,18783
2026-09-03T07:24:00.000Z,2026-09-03T10:24:00,12.75,12.75,12.73,12.73,4519
2026-09-03T07:25:00.000Z,2026-09-03T10:25:00,12.73,12.75,12.73,12.74,30489
2026-09-03T07:26:00.000Z,2026-09-03T10:26:00,12.74,12.75,12.73,12.73,11242
2026-09-03T07:27:00.000Z,2026-09-03T10:27:00,12.74,12.77,12.73,12.77,16364
2026-09-03T07:28:00.000Z,2026-09-03T10:28:00,12.77,12.8,12.77,12.8,69904
2026-09-03T07:29:00.000Z,2026-09-03T10:29:00,12.78,12.8,12.78,12.79,46833
2026-09-03T07:30:00.000Z,2026-09-03T10:30:00,12.79,12.8,12.77,12.77,70853
2026-09-03T07:31:00.000Z,2026-09-03T10:31:00,12.78,12.8,12.77,12.8,89135
2026-09-03T07:32:00.000Z,2026-09-03T10:32:00,12.77,12.8,12.77,12.8,148914
2026-09-03T07:33:00.000Z,2026-09-03T10:33:00,12.81,12.87,12.8,12.87,288112
2026-09-03T07:34:00.000Z,2026-09-03T10:34:00,12.87,12.87,12.84,12.85,195213
2026-09-03T07:35:00.000Z,2026-09-03T10:35:00,12.85,12.85,12.8,12.84,119769
2026-09-03T07:36:00.000Z,2026-09-03T10:36:00,12.84,12.84,12.8,12.8,114547
2026-09-03T07:37:00.000Z,2026-09-03T10:37:00,12.8,12.8,12.79,12.8,78745
2026-09-03T07:38:00.000Z,2026-09-03T10:38:00,12.78,12.83,12.78,12.83,44486
2026-09-03T07:39:00.000Z,2026-09-03T10:39:00,12.84,12.85,12.83,12.85,56117
2026-09-03T07:40:00.000Z,2026-09-03T10:40:00,12.85,12.88,12.84,12.88,96359
2026-09-03T07:41:00.000Z,2026-09-03T10:41:00,12.88,12.93,12.87,12.93,208404
2026-09-03T07:42:00.000Z,2026-09-03T10:42:00,12.94,13.07,12.94,13.04,636965
2026-09-03T07:43:00.000Z,2026-09-03T10:43:00,13.06,13.1,13.05,13.1,287010
2026-09-03T07:44:00.000Z,2026-09-03T10:44:00,13.09,13.09,13.01,13.09,294121
2026-09-03T07:45:00.000Z,2026-09-03T10:45:00,13.08,13.09,13,13,338439
2026-09-03T07:46:00.000Z,2026-09-03T10:46:00,13.03,13.03,12.96,12.96,350431
2026-09-03T07:47:00.000Z,2026-09-03T10:47:00,12.96,12.99,12.92,12.92,93896
2026-09-03T07:48:00.000Z,2026-09-03T10:48:00,12.98,12.99,12.94,12.99,38738
2026-09-03T07:49:00.000Z,2026-09-03T10:49:00,12.98,12.99,12.94,12.97,62554
2026-09-03T07:50:00.000Z,2026-09-03T10:50:00,12.97,13.05,12.97,13,502056
2026-09-03T07:51:00.000Z,2026-09-03T10:51:00,13.04,13.05,13.01,13.05,95457
2026-09-03T07:52:00.000Z,2026-09-03T10:52:00,13.06,13.1,13.05,13.1,234853
2026-09-03T07:53:00.000Z,2026-09-03T10:53:00,13.06,13.1,13,13.07,501674
2026-09-03T07:54:00.000Z,2026-09-03T10:54:00,13.07,13.15,13.03,13.12,332975
2026-09-03T07:55:00.000Z,2026-09-03T10:55:00,13.15,13.17,13.12,13.17,291650
2026-09-03T07:56:00.000Z,2026-09-03T10:56:00,13.16,13.2,13.15,13.17,384097
2026-09-03T07:57:00.000Z,2026-09-03T10:57:00,13.18,13.19,13.14,13.16,439858
2026-09-03T07:58:00.000Z,2026-09-03T10:58:00,13.15,13.15,13.05,13.05,578359
2026-09-03T07:59:00.000Z,2026-09-03T10:59:00,13.05,13.07,12.92,12.94,223685
2026-09-03T08:00:00.000Z,2026-09-03T11:00:00,13,13.02,13,13,109374
2026-09-03T08:01:00.000Z,2026-09-03T11:01:00,13.03,13.14,13.03,13.13,206885
2026-09-03T08:02:00.000Z,2026-09-03T11:02:00,13.13,13.14,13.12,13.13,115238
2026-09-03T08:03:00.000Z,2026-09-03T11:03:00,13.14,13.14,13.05,13.09,308961
2026-09-03T08:04:00.000Z,2026-09-03T11:04:00,13.09,13.1,13.08,13.08,26750
2026-09-03T08:05:00.000Z,2026-09-03T11:05:00,13.08,13.09,12.97,12.97,165160
2026-09-03T08:06:00.000Z,2026-09-03T11:06:00,12.97,13.04,12.97,13.04,66939
2026-09-03T08:07:00.000Z,2026-09-03T11:07:00,13.01,13.04,13,13.03,33236
2026-09-03T08:08:00.000Z,2026-09-03T11:08:00,13.04,13.04,13,13.03,334085
2026-09-03T08:09:00.000Z,2026-09-03T11:09:00,13.03,13.03,12.97,13,139465
2026-09-03T08:10:00.000Z,2026-09-03T11:10:00,13,13,12.98,12.98,78816
2026-09-03T08:11:00.000Z,2026-09-03T11:11:00,12.98,12.98,12.96,12.96,82514
2026-09-03T08:12:00.000Z,2026-09-03T11:12:00,12.96,12.96,12.92,12.92,200772
2026-09-03T08:13:00.000Z,2026-09-03T11:13:00,12.96,12.99,12.93,12.99,44476
2026-09-03T08:14:00.000Z,2026-09-03T11:14:00,12.99,13,12.97,13,41667
2026-09-03T08:15:00.000Z,2026-09-03T11:15:00,12.99,12.99,12.96,12.99,14640
2026-09-03T08:16:00.000Z,2026-09-03T11:16:00,12.97,12.99,12.96,12.98,37050
2026-09-03T08:17:00.000Z,2026-09-03T11:17:00,12.98,12.98,12.94,12.97,35334
2026-09-03T08:18:00.000Z,2026-09-03T11:18:00,12.97,12.98,12.94,12.98,39283
2026-09-03T08:19:00.000Z,2026-09-03T11:19:00,12.98,12.98,12.97,12.97,7728
2026-09-03T08:20:00.000Z,2026-09-03T11:20:00,12.97,12.97,12.95,12.97,6531
2026-09-03T08:21:00.000Z,2026-09-03T11:21:00,12.97,12.98,12.88,12.9,393361
2026-09-03T08:22:00.000Z,2026-09-03T11:22:00,12.89,12.9,12.89,12.9,48747
2026-09-03T08:23:00.000Z,2026-09-03T11:23:00,12.9,12.9,12.89,12.9,7725
2026-09-03T08:24:00.000Z,2026-09-03T11:24:00,12.95,12.97,12.95,12.97,35349
2026-09-03T08:25:00.000Z,2026-09-03T11:25:00,12.97,12.99,12.9,12.91,17905
2026-09-03T08:26:00.000Z,2026-09-03T11:26:00,12.99,12.99,12.99,12.99,7
2026-09-03T08:27:00.000Z,2026-09-03T11:27:00,12.92,12.97,12.91,12.97,47638
2026-09-03T08:28:00.000Z,2026-09-03T11:28:00,12.97,12.98,12.89,12.97,135580
2026-09-03T08:29:00.000Z,2026-09-03T11:29:00,12.96,12.96,12.9,12.95,29600
2026-09-03T08:30:00.000Z,2026-09-03T11:30:00,12.95,12.95,12.9,12.92,9754
2026-09-03T08:31:00.000Z,2026-09-03T11:31:00,12.92,12.92,12.8,12.82,680570
2026-09-03T08:32:00.000Z,2026-09-03T11:32:00,12.81,12.89,12.75,12.8,305470
2026-09-03T08:33:00.000Z,2026-09-03T11:33:00,12.8,12.89,12.75,12.8,145324
2026-09-03T08:34:00.000Z,2026-09-03T11:34:00,12.8,12.9,12.78,12.86,201427
2026-09-03T08:35:00.000Z,2026-09-03T11:35:00,12.8,12.9,12.8,12.9,60073
2026-09-03T08:36:00.000Z,2026-09-03T11:36:00,12.9,12.9,12.82,12.9,61830
2026-09-03T08:37:00.000Z,2026-09-03T11:37:00,12.9,12.95,12.82,12.9,21128
2026-09-03T08:38:00.000Z,2026-09-03T11:38:00,12.89,12.89,12.85,12.86,8953
2026-09-03T08:39:00.000Z,2026-09-03T11:39:00,12.86,12.86,12.86,12.86,20481
2026-09-03T08:40:00.000Z,2026-09-03T11:40:00,12.85,12.86,12.84,12.86,25398
2026-09-03T08:41:00.000Z,2026-09-03T11:41:00,12.86,12.88,12.83,12.88,348423
2026-09-03T08:42:00.000Z,2026-09-03T11:42:00,12.86,12.86,12.85,12.85,43480
2026-09-03T08:43:00.000Z,2026-09-03T11:43:00,12.85,12.86,12.85,12.85,45712
2026-09-03T08:44:00.000Z,2026-09-03T11:44:00,12.86,12.86,12.85,12.85,56249
2026-09-03T08:45:00.000Z,2026-09-03T11:45:00,12.84,12.84,12.82,12.82,10626
2026-09-03T08:46:00.000Z,2026-09-03T11:46:00,12.82,12.82,12.77,12.77,108397
2026-09-03T08:47:00.000Z,2026-09-03T11:47:00,12.8,12.8,12.77,12.8,1490
2026-09-03T08:48:00.000Z,2026-09-03T11:48:00,12.8,12.8,12.77,12.78,22317
2026-09-03T08:49:00.000Z,2026-09-03T11:49:00,12.77,12.8,12.76,12.8,25095
2026-09-03T08:50:00.000Z,2026-09-03T11:50:00,12.79,12.8,12.79,12.8,23208
2026-09-03T08:51:00.000Z,2026-09-03T11:51:00,12.8,12.8,12.78,12.8,59027
2026-09-03T08:52:00.000Z,2026-09-03T11:52:00,12.8,12.81,12.8,12.8,5085
2026-09-03T08:53:00.000Z,2026-09-03T11:53:00,12.81,12.82,12.77,12.8,59630
2026-09-03T08:54:00.000Z,2026-09-03T11:54:00,12.8,12.8,12.77,12.8,7369
2026-09-03T08:55:00.000Z,2026-09-03T11:55:00,12.79,12.8,12.79,12.8,3074
2026-09-03T08:56:00.000Z,2026-09-03T11:56:00,12.77,12.8,12.76,12.76,38714
2026-09-03T08:57:00.000Z,2026-09-03T11:57:00,12.8,12.8,12.76,12.8,12241
2026-09-03T08:58:00.000Z,2026-09-03T11:58:00,12.78,12.78,12.78,12.78,6993
2026-09-03T08:59:00.000Z,2026-09-03T11:59:00,12.84,12.85,12.8,12.8,41361
2026-09-03T09:00:00.000Z,2026-09-03T12:00:00,12.8,12.8,12.8,12.8,17100
2026-09-03T09:01:00.000Z,2026-09-03T12:01:00,12.8,12.85,12.8,12.8,39944
2026-09-03T09:02:00.000Z,2026-09-03T12:02:00,12.8,12.83,12.78,12.79,22258
2026-09-03T09:03:00.000Z,2026-09-03T12:03:00,12.83,12.83,12.79,12.83,2131
2026-09-03T09:04:00.000Z,2026-09-03T12:04:00,12.8,12.85,12.8,12.85,80194
2026-09-03T09:05:00.000Z,2026-09-03T12:05:00,12.8,12.85,12.8,12.85,31363
2026-09-03T09:06:00.000Z,2026-09-03T12:06:00,12.87,12.9,12.87,12.87,90253
2026-09-03T09:07:00.000Z,2026-09-03T12:07:00,12.9,12.9,12.9,12.9,5310
2026-09-03T09:09:00.000Z,2026-09-03T12:09:00,12.9,12.9,12.88,12.88,28513
2026-09-03T09:10:00.000Z,2026-09-03T12:10:00,12.88,12.9,12.87,12.9,20918
2026-09-03T09:11:00.000Z,2026-09-03T12:11:00,12.88,12.88,12.86,12.86,15500
2026-09-03T09:12:00.000Z,2026-09-03T12:12:00,12.9,12.9,12.86,12.86,55833
2026-09-03T09:13:00.000Z,2026-09-03T12:13:00,12.89,12.9,12.82,12.85,221003
2026-09-03T09:14:00.000Z,2026-09-03T12:14:00,12.82,12.82,12.8,12.8,34346
2026-09-03T09:15:00.000Z,2026-09-03T12:15:00,12.82,12.85,12.82,12.85,6111
2026-09-03T09:16:00.000Z,2026-09-03T12:16:00,12.85,12.85,12.85,12.85,1419
2026-09-03T09:17:00.000Z,2026-09-03T12:17:00,12.85,12.85,12.85,12.85,1062
2026-09-03T09:18:00.000Z,2026-09-03T12:18:00,12.84,12.84,12.8,12.84,8472
2026-09-03T09:19:00.000Z,2026-09-03T12:19:00,12.84,12.84,12.8,12.8,38093
2026-09-03T09:20:00.000Z,2026-09-03T12:20:00,12.8,12.8,12.8,12.8,38297
2026-09-03T09:21:00.000Z,2026-09-03T12:21:00,12.79,12.84,12.79,12.8,22791
2026-09-03T09:22:00.000Z,2026-09-03T12:22:00,12.8,12.84,12.8,12.8,3601
2026-09-03T09:24:00.000Z,2026-09-03T12:24:00,12.8,12.84,12.8,12.84,11127
2026-09-03T09:25:00.000Z,2026-09-03T12:25:00,12.83,12.86,12.75,12.86,509061
2026-09-03T09:26:00.000Z,2026-09-03T12:26:00,12.75,12.79,12.75,12.79,1355
2026-09-03T09:27:00.000Z,2026-09-03T12:27:00,12.79,12.8,12.76,12.79,21262
2026-09-03T09:28:00.000Z,2026-09-03T12:28:00,12.79,12.79,12.76,12.79,13442
2026-09-03T09:29:00.000Z,2026-09-03T12:29:00,12.79,12.8,12.75,12.75,54582
2026-09-03T09:30:00.000Z,2026-09-03T12:30:00,12.79,12.79,12.76,12.79,1121
2026-09-03T09:31:00.000Z,2026-09-03T12:31:00,12.79,12.79,12.75,12.75,2257
2026-09-03T09:32:00.000Z,2026-09-03T12:32:00,12.76,12.79,12.75,12.79,6625
2026-09-03T09:33:00.000Z,2026-09-03T12:33:00,12.78,12.78,12.76,12.76,877
2026-09-03T09:34:00.000Z,2026-09-03T12:34:00,12.76,12.76,12.74,12.74,34581
2026-09-03T09:35:00.000Z,2026-09-03T12:35:00,12.74,12.8,12.72,12.8,306559
2026-09-03T09:36:00.000Z,2026-09-03T12:36:00,12.72,12.79,12.71,12.79,30745
2026-09-03T09:37:00.000Z,2026-09-03T12:37:00,12.78,12.78,12.7,12.7,140855
2026-09-03T09:38:00.000Z,2026-09-03T12:38:00,12.71,12.78,12.7,12.7,48175
2026-09-03T09:39:00.000Z,2026-09-03T12:39:00,12.69,12.7,12.69,12.7,10516
2026-09-03T09:40:00.000Z,2026-09-03T12:40:00,12.69,12.69,12.67,12.67,63261
2026-09-03T09:41:00.000Z,2026-09-03T12:41:00,12.67,12.7,12.67,12.7,43932
2026-09-03T09:42:00.000Z,2026-09-03T12:42:00,12.75,12.75,12.7,12.7,18306
2026-09-03T09:43:00.000Z,2026-09-03T12:43:00,12.7,12.7,12.7,12.7,4271
2026-09-03T09:44:00.000Z,2026-09-03T12:44:00,12.7,12.7,12.68,12.7,39227
2026-09-03T09:45:00.000Z,2026-09-03T12:45:00,12.75,12.75,12.75,12.75,2700
2026-09-03T09:47:00.000Z,2026-09-03T12:47:00,12.75,12.75,12.72,12.75,57502
2026-09-03T09:48:00.000Z,2026-09-03T12:48:00,12.75,12.77,12.75,12.77,13039
2026-09-03T09:49:00.000Z,2026-09-03T12:49:00,12.75,12.75,12.75,12.75,1500
2026-09-03T09:50:00.000Z,2026-09-03T12:50:00,12.75,12.76,12.75,12.75,25635
2026-09-03T09:51:00.000Z,2026-09-03T12:51:00,12.72,12.72,12.72,12.72,1
2026-09-03T09:53:00.000Z,2026-09-03T12:53:00,12.75,12.75,12.73,12.73,7942
2026-09-03T09:54:00.000Z,2026-09-03T12:54:00,12.73,12.74,12.73,12.74,4000
2026-09-03T09:55:00.000Z,2026-09-03T12:55:00,12.74,12.75,12.74,12.74,2763
2026-09-03T09:56:00.000Z,2026-09-03T12:56:00,12.73,12.74,12.73,12.73,2127
2026-09-03T09:57:00.000Z,2026-09-03T12:57:00,12.72,12.72,12.7,12.7,27440
2026-09-03T09:58:00.000Z,2026-09-03T12:58:00,12.73,12.75,12.69,12.7,110285
2026-09-03T09:59:00.000Z,2026-09-03T12:59:00,12.7,12.7,12.7,12.7,26175
2026-09-03T10:00:00.000Z,2026-09-03T13:00:00,12.69,12.7,12.69,12.7,89730
2026-09-03T10:01:00.000Z,2026-09-03T13:01:00,12.7,12.7,12.69,12.7,85017
2026-09-03T10:02:00.000Z,2026-09-03T13:02:00,12.69,12.7,12.69,12.69,15310
2026-09-03T10:03:00.000Z,2026-09-03T13:03:00,12.69,12.7,12.69,12.69,1111
2026-09-03T10:04:00.000Z,2026-09-03T13:04:00,12.69,12.7,12.69,12.7,7995
2026-09-03T10:05:00.000Z,2026-09-03T13:05:00,12.7,12.7,12.68,12.68,48085
2026-09-03T10:06:00.000Z,2026-09-03T13:06:00,12.7,12.7,12.67,12.67,17823
2026-09-03T10:07:00.000Z,2026-09-03T13:07:00,12.67,12.69,12.67,12.69,28853
2026-09-03T10:08:00.000Z,2026-09-03T13:08:00,12.69,12.7,12.69,12.7,104921
2026-09-03T10:09:00.000Z,2026-09-03T13:09:00,12.68,12.7,12.68,12.68,34124
2026-09-03T10:10:00.000Z,2026-09-03T13:10:00,12.69,12.7,12.68,12.68,9401
2026-09-03T10:11:00.000Z,2026-09-03T13:11:00,12.68,12.74,12.68,12.74,2003
2026-09-03T10:12:00.000Z,2026-09-03T13:12:00,12.7,12.73,12.7,12.73,5813
2026-09-03T10:13:00.000Z,2026-09-03T13:13:00,12.73,12.73,12.7,12.71,4572
2026-09-03T10:14:00.000Z,2026-09-03T13:14:00,12.71,12.73,12.7,12.73,11415
2026-09-03T10:15:00.000Z,2026-09-03T13:15:00,12.7,12.73,12.7,12.7,4912
2026-09-03T10:16:00.000Z,2026-09-03T13:16:00,12.73,12.73,12.7,12.7,7112
2026-09-03T10:17:00.000Z,2026-09-03T13:17:00,12.73,12.73,12.73,12.73,1500
2026-09-03T10:18:00.000Z,2026-09-03T13:18:00,12.7,12.73,12.7,12.73,4261
2026-09-03T10:19:00.000Z,2026-09-03T13:19:00,12.71,12.75,12.7,12.75,21506
2026-09-03T10:20:00.000Z,2026-09-03T13:20:00,12.75,12.8,12.75,12.8,110288
2026-09-03T10:21:00.000Z,2026-09-03T13:21:00,12.79,12.79,12.72,12.73,4929
2026-09-03T10:22:00.000Z,2026-09-03T13:22:00,12.73,12.81,12.73,12.81,101002
2026-09-03T10:23:00.000Z,2026-09-03T13:23:00,12.81,12.84,12.81,12.84,50413
2026-09-03T10:24:00.000Z,2026-09-03T13:24:00,12.84,12.85,12.84,12.84,3585
2026-09-03T10:25:00.000Z,2026-09-03T13:25:00,12.84,12.84,12.82,12.82,669
2026-09-03T10:26:00.000Z,2026-09-03T13:26:00,12.82,12.82,12.82,12.82,39
2026-09-03T10:27:00.000Z,2026-09-03T13:27:00,12.82,12.84,12.82,12.84,18391
2026-09-03T10:28:00.000Z,2026-09-03T13:28:00,12.82,12.82,12.82,12.82,2000
2026-09-03T10:29:00.000Z,2026-09-03T13:29:00,12.77,12.77,12.71,12.71,108798
2026-09-03T10:30:00.000Z,2026-09-03T13:30:00,12.72,12.72,12.72,12.72,510
2026-09-03T10:31:00.000Z,2026-09-03T13:31:00,12.73,12.8,12.73,12.8,1250
2026-09-03T10:32:00.000Z,2026-09-03T13:32:00,12.8,12.8,12.79,12.79,5470
2026-09-03T10:33:00.000Z,2026-09-03T13:33:00,12.79,12.79,12.79,12.79,1219
2026-09-03T10:34:00.000Z,2026-09-03T13:34:00,12.79,12.8,12.74,12.8,19280
2026-09-03T10:35:00.000Z,2026-09-03T13:35:00,12.74,12.78,12.74,12.78,3635
2026-09-03T10:36:00.000Z,2026-09-03T13:36:00,12.78,12.78,12.76,12.77,9538
2026-09-03T10:37:00.000Z,2026-09-03T13:37:00,12.75,12.77,12.73,12.73,64854
2026-09-03T10:38:00.000Z,2026-09-03T13:38:00,12.76,12.8,12.75,12.8,54705
2026-09-03T10:39:00.000Z,2026-09-03T13:39:00,12.8,12.82,12.76,12.8,87262
2026-09-03T10:40:00.000Z,2026-09-03T13:40:00,12.8,12.82,12.76,12.76,134015
2026-09-03T10:41:00.000Z,2026-09-03T13:41:00,12.8,12.8,12.77,12.8,8462
2026-09-03T10:42:00.000Z,2026-09-03T13:42:00,12.8,12.8,12.8,12.8,382
2026-09-03T10:43:00.000Z,2026-09-03T13:43:00,12.8,12.8,12.8,12.8,9079
2026-09-03T10:44:00.000Z,2026-09-03T13:44:00,12.8,12.8,12.78,12.78,9500
2026-09-03T10:45:00.000Z,2026-09-03T13:45:00,12.76,12.76,12.74,12.74,42389
2026-09-03T10:46:00.000Z,2026-09-03T13:46:00,12.75,12.75,12.75,12.75,800
2026-09-03T10:47:00.000Z,2026-09-03T13:47:00,12.78,12.78,12.75,12.75,5335
2026-09-03T10:48:00.000Z,2026-09-03T13:48:00,12.74,12.8,12.74,12.8,7035
2026-09-03T10:49:00.000Z,2026-09-03T13:49:00,12.76,12.8,12.76,12.8,182543
2026-09-03T10:50:00.000Z,2026-09-03T13:50:00,12.8,12.8,12.78,12.8,129003
2026-09-03T10:51:00.000Z,2026-09-03T13:51:00,12.77,12.8,12.77,12.8,1109
2026-09-03T10:52:00.000Z,2026-09-03T13:52:00,12.77,12.79,12.77,12.79,4819
2026-09-03T10:53:00.000Z,2026-09-03T13:53:00,12.79,12.79,12.77,12.79,11250
2026-09-03T10:54:00.000Z,2026-09-03T13:54:00,12.77,12.78,12.76,12.77,45223
2026-09-03T10:55:00.000Z,2026-09-03T13:55:00,12.76,12.76,12.76,12.76,4011
2026-09-03T10:56:00.000Z,2026-09-03T13:56:00,12.77,12.77,12.76,12.76,33125
2026-09-03T10:57:00.000Z,2026-09-03T13:57:00,12.76,12.77,12.75,12.75,131703
2026-09-03T10:58:00.000Z,2026-09-03T13:58:00,12.75,12.75,12.75,12.75,103850
2026-09-03T10:59:00.000Z,2026-09-03T13:59:00,12.75,12.77,12.75,12.75,7536
2026-09-03T11:00:00.000Z,2026-09-03T14:00:00,12.77,12.77,12.75,12.75,10673
2026-09-03T11:01:00.000Z,2026-09-03T14:01:00,12.75,12.75,12.74,12.75,22317
2026-09-03T11:02:00.000Z,2026-09-03T14:02:00,12.74,12.75,12.73,12.75,191692
2026-09-03T11:03:00.000Z,2026-09-03T14:03:00,12.75,12.75,12.72,12.72,15419
2026-09-03T11:04:00.000Z,2026-09-03T14:04:00,12.75,12.75,12.72,12.75,15824
2026-09-03T11:05:00.000Z,2026-09-03T14:05:00,12.75,12.75,12.72,12.75,5267
2026-09-03T11:06:00.000Z,2026-09-03T14:06:00,12.73,12.74,12.73,12.73,25213
2026-09-03T11:07:00.000Z,2026-09-03T14:07:00,12.73,12.73,12.72,12.73,24843
2026-09-03T11:08:00.000Z,2026-09-03T14:08:00,12.72,12.73,12.71,12.71,80733
2026-09-03T11:09:00.000Z,2026-09-03T14:09:00,12.71,12.72,12.69,12.69,232937
2026-09-03T11:10:00.000Z,2026-09-03T14:10:00,12.69,12.7,12.67,12.67,55298
2026-09-03T11:11:00.000Z,2026-09-03T14:11:00,12.68,12.68,12.6,12.62,85493
2026-09-03T11:12:00.000Z,2026-09-03T14:12:00,12.67,12.68,12.66,12.66,183384
2026-09-03T11:13:00.000Z,2026-09-03T14:13:00,12.66,12.68,12.59,12.68,306900
2026-09-03T11:14:00.000Z,2026-09-03T14:14:00,12.68,12.68,12.6,12.6,12989
2026-09-03T11:25:00.000Z,2026-09-03T14:25:00,12.55,12.55,12.55,12.55,685271
2026-09-03T11:26:00.000Z,2026-09-03T14:26:00,12.55,12.55,12.55,12.55,119513
2026-09-03T11:27:00.000Z,2026-09-03T14:27:00,12.55,12.55,12.55,12.55,63063
2026-09-03T11:28:00.000Z,2026-09-03T14:28:00,12.55,12.55,12.55,12.55,88270
2026-09-03T11:29:00.000Z,2026-09-03T14:29:00,12.55,12.55,12.55,12.55,229578
2026-09-06T07:00:00.000Z,2026-09-06T10:00:00,12.77,12.77,12.71,12.77,146743
2026-09-06T07:01:00.000Z,2026-09-06T10:01:00,12.75,12.77,12.74,12.75,79300
2026-09-06T07:02:00.000Z,2026-09-06T10:02:00,12.73,12.78,12.73,12.73,110833
2026-09-06T07:03:00.000Z,2026-09-06T10:03:00,12.75,12.78,12.72,12.72,26303
2026-09-06T07:04:00.000Z,2026-09-06T10:04:00,12.72,12.74,12.71,12.72,55162
2026-09-06T07:05:00.000Z,2026-09-06T10:05:00,12.72,12.74,12.7,12.7,61009
2026-09-06T07:06:00.000Z,2026-09-06T10:06:00,12.7,12.7,12.62,12.62,70684
2026-09-06T07:07:00.000Z,2026-09-06T10:07:00,12.62,12.65,12.61,12.62,64695
2026-09-06T07:08:00.000Z,2026-09-06T10:08:00,12.63,12.65,12.61,12.61,29472
2026-09-06T07:09:00.000Z,2026-09-06T10:09:00,12.62,12.64,12.62,12.64,6415
2026-09-06T07:10:00.000Z,2026-09-06T10:10:00,12.64,12.65,12.61,12.65,51082
2026-09-06T07:11:00.000Z,2026-09-06T10:11:00,12.65,12.65,12.61,12.61,4258
2026-09-06T07:12:00.000Z,2026-09-06T10:12:00,12.65,12.65,12.62,12.65,34021
2026-09-06T07:13:00.000Z,2026-09-06T10:13:00,12.66,12.69,12.65,12.69,35367
2026-09-06T07:14:00.000Z,2026-09-06T10:14:00,12.69,12.69,12.68,12.69,16439
2026-09-06T07:15:00.000Z,2026-09-06T10:15:00,12.69,12.73,12.69,12.73,81489
2026-09-06T07:16:00.000Z,2026-09-06T10:16:00,12.7,12.7,12.67,12.7,23101
2026-09-06T07:17:00.000Z,2026-09-06T10:17:00,12.7,12.7,12.65,12.7,31758
2026-09-06T07:18:00.000Z,2026-09-06T10:18:00,12.69,12.69,12.65,12.65,30093
2026-09-06T07:19:00.000Z,2026-09-06T10:19:00,12.69,12.69,12.65,12.69,14120
2026-09-06T07:20:00.000Z,2026-09-06T10:20:00,12.66,12.67,12.65,12.67,7671
2026-09-06T07:21:00.000Z,2026-09-06T10:21:00,12.66,12.67,12.65,12.67,11102
2026-09-06T07:22:00.000Z,2026-09-06T10:22:00,12.67,12.67,12.65,12.67,10632
2026-09-06T07:23:00.000Z,2026-09-06T10:23:00,12.65,12.66,12.65,12.65,30657
2026-09-06T07:24:00.000Z,2026-09-06T10:24:00,12.67,12.67,12.64,12.64,12392
2026-09-06T07:25:00.000Z,2026-09-06T10:25:00,12.64,12.67,12.63,12.63,70845
2026-09-06T07:26:00.000Z,2026-09-06T10:26:00,12.63,12.67,12.63,12.64,4145
2026-09-06T07:27:00.000Z,2026-09-06T10:27:00,12.65,12.67,12.64,12.64,10467
2026-09-06T07:28:00.000Z,2026-09-06T10:28:00,12.63,12.66,12.63,12.66,42737
2026-09-06T07:29:00.000Z,2026-09-06T10:29:00,12.64,12.66,12.63,12.63,44642
2026-09-06T07:30:00.000Z,2026-09-06T10:30:00,12.63,12.64,12.63,12.63,16721
2026-09-06T07:31:00.000Z,2026-09-06T10:31:00,12.63,12.63,12.61,12.61,46022
2026-09-06T07:32:00.000Z,2026-09-06T10:32:00,12.61,12.62,12.6,12.62,29411
2026-09-06T07:33:00.000Z,2026-09-06T10:33:00,12.62,12.62,12.61,12.61,26841
2026-09-06T07:34:00.000Z,2026-09-06T10:34:00,12.61,12.62,12.61,12.61,13069
2026-09-06T07:35:00.000Z,2026-09-06T10:35:00,12.62,12.63,12.61,12.61,17241
2026-09-06T07:36:00.000Z,2026-09-06T10:36:00,12.62,12.63,12.62,12.62,690
2026-09-06T07:37:00.000Z,2026-09-06T10:37:00,12.62,12.65,12.62,12.65,3838
2026-09-06T07:38:00.000Z,2026-09-06T10:38:00,12.65,12.67,12.62,12.67,20500
2026-09-06T07:39:00.000Z,2026-09-06T10:39:00,12.67,12.67,12.67,12.67,1150
2026-09-06T07:40:00.000Z,2026-09-06T10:40:00,12.65,12.67,12.65,12.65,11615
2026-09-06T07:41:00.000Z,2026-09-06T10:41:00,12.67,12.67,12.67,12.67,192
2026-09-06T07:42:00.000Z,2026-09-06T10:42:00,12.67,12.67,12.66,12.66,3656
2026-09-06T07:43:00.000Z,2026-09-06T10:43:00,12.67,12.67,12.66,12.66,10074
2026-09-06T07:44:00.000Z,2026-09-06T10:44:00,12.66,12.67,12.66,12.67,11116
2026-09-06T07:45:00.000Z,2026-09-06T10:45:00,12.66,12.68,12.65,12.65,22000
2026-09-06T07:46:00.000Z,2026-09-06T10:46:00,12.68,12.7,12.65,12.65,77305
2026-09-06T07:47:00.000Z,2026-09-06T10:47:00,12.65,12.65,12.65,12.65,1300
2026-09-06T07:48:00.000Z,2026-09-06T10:48:00,12.69,12.69,12.65,12.65,4693
2026-09-06T07:49:00.000Z,2026-09-06T10:49:00,12.65,12.65,12.64,12.64,22304
2026-09-06T07:50:00.000Z,2026-09-06T10:50:00,12.64,12.65,12.63,12.64,9406
2026-09-06T07:51:00.000Z,2026-09-06T10:51:00,12.64,12.65,12.63,12.63,12128
2026-09-06T07:52:00.000Z,2026-09-06T10:52:00,12.63,12.65,12.62,12.62,25066
2026-09-06T07:53:00.000Z,2026-09-06T10:53:00,12.62,12.65,12.61,12.61,18743
2026-09-06T07:54:00.000Z,2026-09-06T10:54:00,12.61,12.65,12.6,12.6,80513
2026-09-06T07:55:00.000Z,2026-09-06T10:55:00,12.65,12.68,12.62,12.63,17114
2026-09-06T07:56:00.000Z,2026-09-06T10:56:00,12.63,12.63,12.61,12.61,5420
2026-09-06T07:57:00.000Z,2026-09-06T10:57:00,12.62,12.62,12.61,12.61,13000
2026-09-06T07:58:00.000Z,2026-09-06T10:58:00,12.65,12.65,12.61,12.61,15542
2026-09-06T07:59:00.000Z,2026-09-06T10:59:00,12.61,12.65,12.61,12.65,14206
2026-09-06T08:00:00.000Z,2026-09-06T11:00:00,12.61,12.61,12.6,12.6,84616
2026-09-06T08:01:00.000Z,2026-09-06T11:01:00,12.59,12.59,12.56,12.58,32500
2026-09-06T08:02:00.000Z,2026-09-06T11:02:00,12.58,12.58,12.56,12.56,1003
2026-09-06T08:03:00.000Z,2026-09-06T11:03:00,12.56,12.59,12.56,12.56,60848
2026-09-06T08:04:00.000Z,2026-09-06T11:04:00,12.56,12.6,12.56,12.6,19636
2026-09-06T08:05:00.000Z,2026-09-06T11:05:00,12.6,12.6,12.6,12.6,1746
2026-09-06T08:06:00.000Z,2026-09-06T11:06:00,12.6,12.6,12.58,12.58,4361
2026-09-06T08:07:00.000Z,2026-09-06T11:07:00,12.57,12.6,12.56,12.6,14254
2026-09-06T08:08:00.000Z,2026-09-06T11:08:00,12.6,12.6,12.6,12.6,5022
2026-09-06T08:09:00.000Z,2026-09-06T11:09:00,12.59,12.6,12.59,12.6,40484
2026-09-06T08:10:00.000Z,2026-09-06T11:10:00,12.6,12.65,12.6,12.65,49522
2026-09-06T08:11:00.000Z,2026-09-06T11:11:00,12.66,12.7,12.66,12.68,180837
2026-09-06T08:12:00.000Z,2026-09-06T11:12:00,12.68,12.68,12.61,12.68,53018
2026-09-06T08:13:00.000Z,2026-09-06T11:13:00,12.66,12.68,12.66,12.68,5500
2026-09-06T08:14:00.000Z,2026-09-06T11:14:00,12.68,12.68,12.66,12.68,7024
2026-09-06T08:15:00.000Z,2026-09-06T11:15:00,12.68,12.68,12.68,12.68,3308
2026-09-06T08:16:00.000Z,2026-09-06T11:16:00,12.68,12.68,12.6,12.6,47908
2026-09-06T08:17:00.000Z,2026-09-06T11:17:00,12.64,12.64,12.64,12.64,10
2026-09-06T08:18:00.000Z,2026-09-06T11:18:00,12.67,12.67,12.67,12.67,651
2026-09-06T08:19:00.000Z,2026-09-06T11:19:00,12.67,12.67,12.66,12.66,278
2026-09-06T08:21:00.000Z,2026-09-06T11:21:00,12.64,12.64,12.63,12.63,24530
2026-09-06T08:22:00.000Z,2026-09-06T11:22:00,12.61,12.63,12.59,12.59,35824
2026-09-06T08:23:00.000Z,2026-09-06T11:23:00,12.59,12.59,12.58,12.59,12085
2026-09-06T08:24:00.000Z,2026-09-06T11:24:00,12.6,12.6,12.59,12.59,5629
2026-09-06T08:25:00.000Z,2026-09-06T11:25:00,12.59,12.59,12.58,12.58,16500
2026-09-06T08:26:00.000Z,2026-09-06T11:26:00,12.58,12.66,12.58,12.66,46476
2026-09-06T08:27:00.000Z,2026-09-06T11:27:00,12.66,12.66,12.66,12.66,788
2026-09-06T08:28:00.000Z,2026-09-06T11:28:00,12.65,12.65,12.65,12.65,4
2026-09-06T08:29:00.000Z,2026-09-06T11:29:00,12.65,12.65,12.6,12.6,44171
2026-09-06T08:30:00.000Z,2026-09-06T11:30:00,12.6,12.6,12.55,12.55,180418
2026-09-06T08:31:00.000Z,2026-09-06T11:31:00,12.59,12.59,12.55,12.55,28367
2026-09-06T08:32:00.000Z,2026-09-06T11:32:00,12.6,12.6,12.56,12.56,10151
2026-09-06T08:33:00.000Z,2026-09-06T11:33:00,12.6,12.6,12.6,12.6,3200
2026-09-06T08:34:00.000Z,2026-09-06T11:34:00,12.57,12.57,12.57,12.57,3942
2026-09-06T08:35:00.000Z,2026-09-06T11:35:00,12.57,12.57,12.57,12.57,30033
2026-09-06T08:36:00.000Z,2026-09-06T11:36:00,12.58,12.58,12.58,12.58,1000
2026-09-06T08:37:00.000Z,2026-09-06T11:37:00,12.6,12.6,12.6,12.6,3974
2026-09-06T08:38:00.000Z,2026-09-06T11:38:00,12.59,12.6,12.57,12.6,62384
2026-09-06T08:39:00.000Z,2026-09-06T11:39:00,12.64,12.64,12.6,12.6,9096
2026-09-06T08:40:00.000Z,2026-09-06T11:40:00,12.6,12.62,12.55,12.55,85696
2026-09-06T08:41:00.000Z,2026-09-06T11:41:00,12.6,12.6,12.53,12.55,32532
2026-09-06T08:42:00.000Z,2026-09-06T11:42:00,12.55,12.59,12.55,12.56,15837
2026-09-06T08:43:00.000Z,2026-09-06T11:43:00,12.59,12.59,12.56,12.57,5911
2026-09-06T08:44:00.000Z,2026-09-06T11:44:00,12.57,12.59,12.57,12.59,2586
2026-09-06T08:45:00.000Z,2026-09-06T11:45:00,12.57,12.6,12.57,12.59,42909
2026-09-06T08:46:00.000Z,2026-09-06T11:46:00,12.59,12.59,12.59,12.59,5811
2026-09-06T08:47:00.000Z,2026-09-06T11:47:00,12.59,12.6,12.59,12.6,52300
2026-09-06T08:48:00.000Z,2026-09-06T11:48:00,12.59,12.59,12.57,12.57,5448
2026-09-06T08:49:00.000Z,2026-09-06T11:49:00,12.57,12.6,12.57,12.6,4711
2026-09-06T08:50:00.000Z,2026-09-06T11:50:00,12.57,12.57,12.57,12.57,200
2026-09-06T08:51:00.000Z,2026-09-06T11:51:00,12.57,12.6,12.57,12.6,24584
2026-09-06T08:52:00.000Z,2026-09-06T11:52:00,12.6,12.6,12.6,12.6,185
2026-09-06T08:53:00.000Z,2026-09-06T11:53:00,12.57,12.57,12.57,12.57,3890
2026-09-06T08:54:00.000Z,2026-09-06T11:54:00,12.6,12.6,12.58,12.6,1485
2026-09-06T08:55:00.000Z,2026-09-06T11:55:00,12.58,12.6,12.58,12.6,17088
2026-09-06T08:56:00.000Z,2026-09-06T11:56:00,12.59,12.64,12.58,12.64,413
2026-09-06T08:57:00.000Z,2026-09-06T11:57:00,12.63,12.7,12.56,12.7,96986
2026-09-06T08:58:00.000Z,2026-09-06T11:58:00,12.69,12.7,12.56,12.7,24805
2026-09-06T08:59:00.000Z,2026-09-06T11:59:00,12.69,12.7,12.61,12.7,84128
2026-09-06T09:00:00.000Z,2026-09-06T12:00:00,12.71,12.75,12.7,12.72,141504
2026-09-06T09:01:00.000Z,2026-09-06T12:01:00,12.72,12.75,12.72,12.75,71298
2026-09-06T09:02:00.000Z,2026-09-06T12:02:00,12.74,12.74,12.7,12.7,39303
2026-09-06T09:03:00.000Z,2026-09-06T12:03:00,12.7,12.7,12.69,12.7,4129
2026-09-06T09:04:00.000Z,2026-09-06T12:04:00,12.7,12.7,12.7,12.7,2954
2026-09-06T09:05:00.000Z,2026-09-06T12:05:00,12.69,12.7,12.69,12.7,2789
2026-09-06T09:07:00.000Z,2026-09-06T12:07:00,12.68,12.69,12.63,12.63,27277
2026-09-06T09:08:00.000Z,2026-09-06T12:08:00,12.63,12.63,12.63,12.63,3762
2026-09-06T09:09:00.000Z,2026-09-06T12:09:00,12.62,12.62,12.6,12.6,132591
2026-09-06T09:10:00.000Z,2026-09-06T12:10:00,12.6,12.6,12.58,12.59,44708
2026-09-06T09:11:00.000Z,2026-09-06T12:11:00,12.59,12.59,12.58,12.58,19733
2026-09-06T09:12:00.000Z,2026-09-06T12:12:00,12.58,12.58,12.56,12.58,45687
2026-09-06T09:13:00.000Z,2026-09-06T12:13:00,12.57,12.57,12.56,12.57,9071
2026-09-06T09:14:00.000Z,2026-09-06T12:14:00,12.57,12.57,12.56,12.57,19872
2026-09-06T09:15:00.000Z,2026-09-06T12:15:00,12.58,12.63,12.57,12.63,12222
2026-09-06T09:16:00.000Z,2026-09-06T12:16:00,12.63,12.64,12.63,12.63,11347
2026-09-06T09:17:00.000Z,2026-09-06T12:17:00,12.64,12.65,12.64,12.65,17000
2026-09-06T09:18:00.000Z,2026-09-06T12:18:00,12.65,12.65,12.65,12.65,238
2026-09-06T09:19:00.000Z,2026-09-06T12:19:00,12.64,12.64,12.6,12.64,11924
2026-09-06T09:20:00.000Z,2026-09-06T12:20:00,12.64,12.64,12.64,12.64,1768
2026-09-06T09:21:00.000Z,2026-09-06T12:21:00,12.64,12.64,12.64,12.64,1105
2026-09-06T09:22:00.000Z,2026-09-06T12:22:00,12.63,12.64,12.6,12.6,17099
2026-09-06T09:23:00.000Z,2026-09-06T12:23:00,12.6,12.64,12.58,12.64,34450
2026-09-06T09:24:00.000Z,2026-09-06T12:24:00,12.58,12.64,12.58,12.64,6285
2026-09-06T09:25:00.000Z,2026-09-06T12:25:00,12.58,12.64,12.58,12.63,8775
2026-09-06T09:26:00.000Z,2026-09-06T12:26:00,12.63,12.63,12.63,12.63,44
2026-09-06T09:27:00.000Z,2026-09-06T12:27:00,12.58,12.59,12.58,12.59,15057
2026-09-06T09:28:00.000Z,2026-09-06T12:28:00,12.59,12.62,12.59,12.62,1043
2026-09-06T09:29:00.000Z,2026-09-06T12:29:00,12.6,12.6,12.58,12.58,19361
2026-09-06T09:30:00.000Z,2026-09-06T12:30:00,12.57,12.57,12.54,12.54,101714
2026-09-06T09:31:00.000Z,2026-09-06T12:31:00,12.55,12.55,12.53,12.53,68795
2026-09-06T09:32:00.000Z,2026-09-06T12:32:00,12.52,12.52,12.47,12.47,153312
2026-09-06T09:33:00.000Z,2026-09-06T12:33:00,12.47,12.47,12.41,12.45,141688
2026-09-06T09:34:00.000Z,2026-09-06T12:34:00,12.45,12.45,12.27,12.32,623601
2026-09-06T09:35:00.000Z,2026-09-06T12:35:00,12.32,12.45,12.32,12.4,158598
2026-09-06T09:36:00.000Z,2026-09-06T12:36:00,12.4,12.4,12.35,12.35,46809
2026-09-06T09:37:00.000Z,2026-09-06T12:37:00,12.35,12.4,12.31,12.4,69087
2026-09-06T09:38:00.000Z,2026-09-06T12:38:00,12.4,12.4,12.39,12.4,61332
2026-09-06T09:39:00.000Z,2026-09-06T12:39:00,12.4,12.4,12.4,12.4,25308
2026-09-06T09:40:00.000Z,2026-09-06T12:40:00,12.43,12.43,12.39,12.39,21480
2026-09-06T09:41:00.000Z,2026-09-06T12:41:00,12.38,12.39,12.3,12.3,119254
2026-09-06T09:42:00.000Z,2026-09-06T12:42:00,12.31,12.4,12.3,12.38,19381
2026-09-06T09:43:00.000Z,2026-09-06T12:43:00,12.4,12.4,12.29,12.3,57730
2026-09-06T09:44:00.000Z,2026-09-06T12:44:00,12.4,12.4,12.31,12.37,10287
2026-09-06T09:45:00.000Z,2026-09-06T12:45:00,12.35,12.37,12.3,12.3,13704
2026-09-06T09:46:00.000Z,2026-09-06T12:46:00,12.3,12.35,12.29,12.34,22269
2026-09-06T09:47:00.000Z,2026-09-06T12:47:00,12.34,12.34,12.31,12.34,7984
2026-09-06T09:48:00.000Z,2026-09-06T12:48:00,12.34,12.34,12.29,12.3,104602
2026-09-06T09:49:00.000Z,2026-09-06T12:49:00,12.34,12.35,12.3,12.35,144952
2026-09-06T09:50:00.000Z,2026-09-06T12:50:00,12.32,12.35,12.31,12.33,46898
2026-09-06T09:51:00.000Z,2026-09-06T12:51:00,12.33,12.4,12.33,12.4,182698
2026-09-06T09:52:00.000Z,2026-09-06T12:52:00,12.4,12.4,12.4,12.4,26687
2026-09-06T09:53:00.000Z,2026-09-06T12:53:00,12.4,12.43,12.4,12.4,58195
2026-09-06T09:54:00.000Z,2026-09-06T12:54:00,12.42,12.42,12.4,12.4,108912
2026-09-06T09:55:00.000Z,2026-09-06T12:55:00,12.41,12.42,12.39,12.4,62071
2026-09-06T09:56:00.000Z,2026-09-06T12:56:00,12.41,12.41,12.39,12.4,124036
2026-09-06T09:57:00.000Z,2026-09-06T12:57:00,12.4,12.4,12.4,12.4,46560
2026-09-06T09:58:00.000Z,2026-09-06T12:58:00,12.41,12.41,12.41,12.41,5600
2026-09-06T09:59:00.000Z,2026-09-06T12:59:00,12.41,12.42,12.41,12.42,16076
2026-09-06T10:00:00.000Z,2026-09-06T13:00:00,12.42,12.42,12.41,12.41,1923
2026-09-06T10:01:00.000Z,2026-09-06T13:01:00,12.42,12.42,12.4,12.42,25286
2026-09-06T10:02:00.000Z,2026-09-06T13:02:00,12.4,12.42,12.4,12.42,106053
2026-09-06T10:03:00.000Z,2026-09-06T13:03:00,12.4,12.42,12.4,12.42,86493
2026-09-06T10:04:00.000Z,2026-09-06T13:04:00,12.42,12.42,12.42,12.42,49000
2026-09-06T10:05:00.000Z,2026-09-06T13:05:00,12.42,12.42,12.42,12.42,53
2026-09-06T10:06:00.000Z,2026-09-06T13:06:00,12.42,12.43,12.4,12.42,13570
2026-09-06T10:07:00.000Z,2026-09-06T13:07:00,12.42,12.42,12.4,12.4,15721
2026-09-06T10:08:00.000Z,2026-09-06T13:08:00,12.42,12.42,12.42,12.42,510
2026-09-06T10:09:00.000Z,2026-09-06T13:09:00,12.42,12.42,12.41,12.42,2730
2026-09-06T10:10:00.000Z,2026-09-06T13:10:00,12.42,12.43,12.4,12.43,37248
2026-09-06T10:11:00.000Z,2026-09-06T13:11:00,12.43,12.43,12.41,12.41,9083
2026-09-06T10:12:00.000Z,2026-09-06T13:12:00,12.41,12.43,12.41,12.43,7661
2026-09-06T10:13:00.000Z,2026-09-06T13:13:00,12.43,12.44,12.41,12.44,31602
2026-09-06T10:14:00.000Z,2026-09-06T13:14:00,12.44,12.46,12.44,12.46,64056
2026-09-06T10:15:00.000Z,2026-09-06T13:15:00,12.46,12.55,12.46,12.5,576775
2026-09-06T10:16:00.000Z,2026-09-06T13:16:00,12.5,12.54,12.5,12.54,23241
2026-09-06T10:17:00.000Z,2026-09-06T13:17:00,12.5,12.5,12.5,12.5,1851
2026-09-06T10:18:00.000Z,2026-09-06T13:18:00,12.5,12.5,12.5,12.5,14294
2026-09-06T10:19:00.000Z,2026-09-06T13:19:00,12.48,12.53,12.46,12.46,26688
2026-09-06T10:20:00.000Z,2026-09-06T13:20:00,12.5,12.53,12.5,12.53,5806
2026-09-06T10:21:00.000Z,2026-09-06T13:21:00,12.48,12.52,12.48,12.52,1700
2026-09-06T10:22:00.000Z,2026-09-06T13:22:00,12.48,12.48,12.46,12.46,3806
2026-09-06T10:23:00.000Z,2026-09-06T13:23:00,12.47,12.47,12.43,12.43,21775
2026-09-06T10:24:00.000Z,2026-09-06T13:24:00,12.44,12.44,12.44,12.44,506
2026-09-06T10:25:00.000Z,2026-09-06T13:25:00,12.44,12.49,12.44,12.49,14760
2026-09-06T10:26:00.000Z,2026-09-06T13:26:00,12.49,12.5,12.49,12.5,13687
2026-09-06T10:27:00.000Z,2026-09-06T13:27:00,12.5,12.5,12.45,12.45,1676
2026-09-06T10:28:00.000Z,2026-09-06T13:28:00,12.44,12.44,12.42,12.43,1517
2026-09-06T10:29:00.000Z,2026-09-06T13:29:00,12.43,12.45,12.41,12.45,26004
2026-09-06T10:30:00.000Z,2026-09-06T13:30:00,12.44,12.45,12.44,12.45,1299
2026-09-06T10:31:00.000Z,2026-09-06T13:31:00,12.43,12.43,12.41,12.41,15463
2026-09-06T10:32:00.000Z,2026-09-06T13:32:00,12.41,12.45,12.41,12.45,3540
2026-09-06T10:33:00.000Z,2026-09-06T13:33:00,12.42,12.42,12.42,12.42,2216
2026-09-06T10:34:00.000Z,2026-09-06T13:34:00,12.44,12.44,12.44,12.44,26
2026-09-06T10:35:00.000Z,2026-09-06T13:35:00,12.42,12.45,12.42,12.45,30237
2026-09-06T10:36:00.000Z,2026-09-06T13:36:00,12.42,12.42,12.4,12.41,128954
2026-09-06T10:37:00.000Z,2026-09-06T13:37:00,12.45,12.48,12.41,12.41,3245
2026-09-06T10:38:00.000Z,2026-09-06T13:38:00,12.41,12.41,12.39,12.4,20754
2026-09-06T10:39:00.000Z,2026-09-06T13:39:00,12.39,12.4,12.39,12.4,110444
2026-09-06T10:40:00.000Z,2026-09-06T13:40:00,12.4,12.43,12.39,12.4,150810
2026-09-06T10:41:00.000Z,2026-09-06T13:41:00,12.4,12.4,12.39,12.4,50097
2026-09-06T10:42:00.000Z,2026-09-06T13:42:00,12.4,12.4,12.4,12.4,99202
2026-09-06T10:43:00.000Z,2026-09-06T13:43:00,12.4,12.44,12.4,12.4,35930
2026-09-06T10:44:00.000Z,2026-09-06T13:44:00,12.4,12.4,12.39,12.39,30743
2026-09-06T10:45:00.000Z,2026-09-06T13:45:00,12.39,12.4,12.38,12.4,71130
2026-09-06T10:46:00.000Z,2026-09-06T13:46:00,12.4,12.4,12.4,12.4,152795
2026-09-06T10:47:00.000Z,2026-09-06T13:47:00,12.4,12.42,12.4,12.4,70077
2026-09-06T10:48:00.000Z,2026-09-06T13:48:00,12.4,12.42,12.4,12.42,30219
2026-09-06T10:49:00.000Z,2026-09-06T13:49:00,12.42,12.43,12.42,12.43,16156
2026-09-06T10:50:00.000Z,2026-09-06T13:50:00,12.43,12.43,12.4,12.4,47843
2026-09-06T10:51:00.000Z,2026-09-06T13:51:00,12.4,12.43,12.4,12.43,31074
2026-09-06T10:52:00.000Z,2026-09-06T13:52:00,12.42,12.44,12.4,12.4,80743
2026-09-06T10:53:00.000Z,2026-09-06T13:53:00,12.44,12.45,12.42,12.45,21528
2026-09-06T10:54:00.000Z,2026-09-06T13:54:00,12.45,12.45,12.41,12.41,12033
2026-09-06T10:55:00.000Z,2026-09-06T13:55:00,12.44,12.44,12.43,12.43,27561
2026-09-06T10:56:00.000Z,2026-09-06T13:56:00,12.43,12.45,12.41,12.42,126029
2026-09-06T10:57:00.000Z,2026-09-06T13:57:00,12.41,12.42,12.41,12.41,6844
2026-09-06T10:58:00.000Z,2026-09-06T13:58:00,12.42,12.43,12.41,12.43,28107
2026-09-06T10:59:00.000Z,2026-09-06T13:59:00,12.43,12.46,12.43,12.46,79435
2026-09-06T11:00:00.000Z,2026-09-06T14:00:00,12.46,12.47,12.45,12.45,33533
2026-09-06T11:01:00.000Z,2026-09-06T14:01:00,12.42,12.42,12.42,12.42,2045
2026-09-06T11:02:00.000Z,2026-09-06T14:02:00,12.44,12.44,12.41,12.44,11773
2026-09-06T11:03:00.000Z,2026-09-06T14:03:00,12.41,12.44,12.4,12.41,49931
2026-09-06T11:04:00.000Z,2026-09-06T14:04:00,12.41,12.41,12.4,12.4,21299
2026-09-06T11:05:00.000Z,2026-09-06T14:05:00,12.43,12.43,12.41,12.42,18842
2026-09-06T11:06:00.000Z,2026-09-06T14:06:00,12.41,12.41,12.4,12.4,63292
2026-09-06T11:07:00.000Z,2026-09-06T14:07:00,12.41,12.43,12.4,12.4,37799
2026-09-06T11:08:00.000Z,2026-09-06T14:08:00,12.4,12.41,12.4,12.41,187261
2026-09-06T11:09:00.000Z,2026-09-06T14:09:00,12.41,12.42,12.4,12.4,45490
2026-09-06T11:10:00.000Z,2026-09-06T14:10:00,12.42,12.42,12.4,12.4,60894
2026-09-06T11:11:00.000Z,2026-09-06T14:11:00,12.4,12.42,12.4,12.42,87307
2026-09-06T11:12:00.000Z,2026-09-06T14:12:00,12.42,12.43,12.41,12.43,18447
2026-09-06T11:13:00.000Z,2026-09-06T14:13:00,12.42,12.45,12.42,12.45,89922
2026-09-06T11:14:00.000Z,2026-09-06T14:14:00,12.44,12.45,12.4,12.44,118533
2026-09-06T11:25:00.000Z,2026-09-06T14:25:00,12.43,12.43,12.43,12.43,420487
2026-09-06T11:26:00.000Z,2026-09-06T14:26:00,12.43,12.43,12.43,12.43,100000
2026-09-06T11:27:00.000Z,2026-09-06T14:27:00,12.43,12.43,12.43,12.43,11260
2026-09-06T11:28:00.000Z,2026-09-06T14:28:00,12.43,12.43,12.43,12.43,55500
2026-09-06T11:29:00.000Z,2026-09-06T14:29:00,12.43,12.43,12.43,12.43,55556
2026-09-07T07:00:00.000Z,2026-09-07T10:00:00,12.44,12.45,12.44,12.45,43204
2026-09-07T07:01:00.000Z,2026-09-07T10:01:00,12.45,12.55,12.45,12.5,75828
2026-09-07T07:02:00.000Z,2026-09-07T10:02:00,12.55,12.55,12.44,12.44,8604
2026-09-07T07:03:00.000Z,2026-09-07T10:03:00,12.43,12.46,12.38,12.4,131452
2026-09-07T07:04:00.000Z,2026-09-07T10:04:00,12.46,12.47,12.41,12.47,5957
2026-09-07T07:05:00.000Z,2026-09-07T10:05:00,12.43,12.55,12.42,12.55,35285
2026-09-07T07:06:00.000Z,2026-09-07T10:06:00,12.5,12.5,12.49,12.5,12625
2026-09-07T07:07:00.000Z,2026-09-07T10:07:00,12.5,12.5,12.5,12.5,30000
2026-09-07T07:08:00.000Z,2026-09-07T10:08:00,12.53,12.55,12.53,12.55,35226
2026-09-07T07:09:00.000Z,2026-09-07T10:09:00,12.57,12.58,12.5,12.5,36007
2026-09-07T07:10:00.000Z,2026-09-07T10:10:00,12.58,12.6,12.57,12.6,43787
2026-09-07T07:11:00.000Z,2026-09-07T10:11:00,12.59,12.6,12.53,12.57,110219
2026-09-07T07:12:00.000Z,2026-09-07T10:12:00,12.6,12.6,12.5,12.59,126050
2026-09-07T07:13:00.000Z,2026-09-07T10:13:00,12.55,12.55,12.55,12.55,50
2026-09-07T07:14:00.000Z,2026-09-07T10:14:00,12.55,12.61,12.52,12.61,480090
2026-09-07T07:15:00.000Z,2026-09-07T10:15:00,12.6,12.61,12.57,12.6,472213
2026-09-07T07:16:00.000Z,2026-09-07T10:16:00,12.57,12.61,12.57,12.6,208176
2026-09-07T07:17:00.000Z,2026-09-07T10:17:00,12.61,12.65,12.6,12.65,116500
2026-09-07T07:18:00.000Z,2026-09-07T10:18:00,12.64,12.65,12.64,12.65,32905
2026-09-07T07:19:00.000Z,2026-09-07T10:19:00,12.65,12.76,12.65,12.74,311973
2026-09-07T07:20:00.000Z,2026-09-07T10:20:00,12.74,12.74,12.7,12.74,184543
2026-09-07T07:21:00.000Z,2026-09-07T10:21:00,12.71,12.73,12.68,12.7,257799
2026-09-07T07:22:00.000Z,2026-09-07T10:22:00,12.7,12.71,12.68,12.7,134976
2026-09-07T07:23:00.000Z,2026-09-07T10:23:00,12.7,12.71,12.68,12.7,76859
2026-09-07T07:24:00.000Z,2026-09-07T10:24:00,12.7,12.73,12.7,12.7,61132
2026-09-07T07:25:00.000Z,2026-09-07T10:25:00,12.73,12.74,12.7,12.7,105621
2026-09-07T07:26:00.000Z,2026-09-07T10:26:00,12.72,12.72,12.7,12.7,19820
2026-09-07T07:27:00.000Z,2026-09-07T10:27:00,12.7,12.75,12.7,12.73,172729
2026-09-07T07:28:00.000Z,2026-09-07T10:28:00,12.74,12.79,12.73,12.79,191645
2026-09-07T07:29:00.000Z,2026-09-07T10:29:00,12.76,12.8,12.76,12.79,66355
2026-09-07T07:30:00.000Z,2026-09-07T10:30:00,12.79,12.82,12.75,12.8,197802
2026-09-07T07:31:00.000Z,2026-09-07T10:31:00,12.8,12.82,12.8,12.8,96483
2026-09-07T07:32:00.000Z,2026-09-07T10:32:00,12.8,12.8,12.76,12.76,79333
2026-09-07T07:33:00.000Z,2026-09-07T10:33:00,12.76,12.78,12.75,12.77,8121
2026-09-07T07:34:00.000Z,2026-09-07T10:34:00,12.76,12.76,12.71,12.71,111735
2026-09-07T07:35:00.000Z,2026-09-07T10:35:00,12.73,12.73,12.7,12.7,115317
2026-09-07T07:36:00.000Z,2026-09-07T10:36:00,12.67,12.67,12.67,12.67,21344
2026-09-07T07:37:00.000Z,2026-09-07T10:37:00,12.67,12.67,12.67,12.67,33305
2026-09-07T07:38:00.000Z,2026-09-07T10:38:00,12.67,12.69,12.67,12.69,694
2026-09-07T07:39:00.000Z,2026-09-07T10:39:00,12.67,12.69,12.67,12.69,8595
2026-09-07T07:40:00.000Z,2026-09-07T10:40:00,12.67,12.67,12.67,12.67,782
2026-09-07T07:41:00.000Z,2026-09-07T10:41:00,12.68,12.7,12.64,12.7,78433
2026-09-07T07:42:00.000Z,2026-09-07T10:42:00,12.7,12.7,12.66,12.7,44906
2026-09-07T07:43:00.000Z,2026-09-07T10:43:00,12.71,12.71,12.7,12.7,2500
2026-09-07T07:44:00.000Z,2026-09-07T10:44:00,12.71,12.71,12.68,12.68,6250
2026-09-07T07:46:00.000Z,2026-09-07T10:46:00,12.68,12.7,12.68,12.7,15693
2026-09-07T07:47:00.000Z,2026-09-07T10:47:00,12.7,12.7,12.7,12.7,5541
2026-09-07T07:48:00.000Z,2026-09-07T10:48:00,12.7,12.7,12.7,12.7,3793
2026-09-07T07:49:00.000Z,2026-09-07T10:49:00,12.7,12.75,12.7,12.75,96926
2026-09-07T07:50:00.000Z,2026-09-07T10:50:00,12.75,12.8,12.75,12.8,186904
2026-09-07T07:51:00.000Z,2026-09-07T10:51:00,12.76,12.85,12.76,12.85,298197
2026-09-07T07:52:00.000Z,2026-09-07T10:52:00,12.86,12.9,12.85,12.9,627362
2026-09-07T07:53:00.000Z,2026-09-07T10:53:00,12.9,12.9,12.71,12.8,436886
2026-09-07T07:54:00.000Z,2026-09-07T10:54:00,12.8,12.81,12.8,12.81,13659
2026-09-07T07:55:00.000Z,2026-09-07T10:55:00,12.81,12.88,12.81,12.85,134470
2026-09-07T07:56:00.000Z,2026-09-07T10:56:00,12.86,12.86,12.81,12.81,105734
2026-09-07T07:57:00.000Z,2026-09-07T10:57:00,12.81,12.81,12.81,12.81,11530
2026-09-07T07:58:00.000Z,2026-09-07T10:58:00,12.81,12.84,12.8,12.8,89742
2026-09-07T07:59:00.000Z,2026-09-07T10:59:00,12.83,12.83,12.8,12.8,113808
2026-09-07T08:00:00.000Z,2026-09-07T11:00:00,12.8,12.84,12.8,12.8,51003
2026-09-07T08:01:00.000Z,2026-09-07T11:01:00,12.84,12.84,12.8,12.8,23326
2026-09-07T08:02:00.000Z,2026-09-07T11:02:00,12.8,12.83,12.8,12.8,4364
2026-09-07T08:03:00.000Z,2026-09-07T11:03:00,12.81,12.81,12.8,12.8,21093
2026-09-07T08:04:00.000Z,2026-09-07T11:04:00,12.8,12.8,12.8,12.8,20213
2026-09-07T08:05:00.000Z,2026-09-07T11:05:00,12.8,12.8,12.78,12.79,2735
2026-09-07T08:06:00.000Z,2026-09-07T11:06:00,12.77,12.77,12.76,12.76,4883
2026-09-07T08:07:00.000Z,2026-09-07T11:07:00,12.77,12.8,12.76,12.8,65966
2026-09-07T08:08:00.000Z,2026-09-07T11:08:00,12.81,12.85,12.81,12.85,158721
2026-09-07T08:09:00.000Z,2026-09-07T11:09:00,12.86,12.86,12.8,12.84,220338
2026-09-07T08:10:00.000Z,2026-09-07T11:10:00,12.8,12.8,12.78,12.78,151711
2026-09-07T08:11:00.000Z,2026-09-07T11:11:00,12.78,12.79,12.77,12.79,37294
2026-09-07T08:12:00.000Z,2026-09-07T11:12:00,12.79,12.79,12.78,12.78,34000
2026-09-07T08:13:00.000Z,2026-09-07T11:13:00,12.79,12.8,12.79,12.8,139967
2026-09-07T08:14:00.000Z,2026-09-07T11:14:00,12.79,12.79,12.78,12.78,2852
2026-09-07T08:15:00.000Z,2026-09-07T11:15:00,12.78,12.8,12.78,12.78,8610
2026-09-07T08:16:00.000Z,2026-09-07T11:16:00,12.78,12.78,12.78,12.78,150
2026-09-07T08:17:00.000Z,2026-09-07T11:17:00,12.78,12.78,12.78,12.78,1564
2026-09-07T08:18:00.000Z,2026-09-07T11:18:00,12.78,12.8,12.78,12.8,15166
2026-09-07T08:20:00.000Z,2026-09-07T11:20:00,12.8,12.85,12.79,12.8,302497
2026-09-07T08:21:00.000Z,2026-09-07T11:21:00,12.8,12.81,12.8,12.81,1029
2026-09-07T08:23:00.000Z,2026-09-07T11:23:00,12.81,12.84,12.81,12.83,738
2026-09-07T08:24:00.000Z,2026-09-07T11:24:00,12.82,12.82,12.82,12.82,3500
2026-09-07T08:25:00.000Z,2026-09-07T11:25:00,12.82,12.82,12.81,12.81,6880
2026-09-07T08:26:00.000Z,2026-09-07T11:26:00,12.81,12.83,12.79,12.79,72862
2026-09-07T08:27:00.000Z,2026-09-07T11:27:00,12.79,12.79,12.78,12.78,51678
2026-09-07T08:28:00.000Z,2026-09-07T11:28:00,12.77,12.77,12.76,12.76,1236000
2026-09-07T08:29:00.000Z,2026-09-07T11:29:00,12.76,12.76,12.71,12.76,121191
2026-09-07T08:30:00.000Z,2026-09-07T11:30:00,12.72,12.76,12.7,12.76,55895
2026-09-07T08:31:00.000Z,2026-09-07T11:31:00,12.75,12.76,12.73,12.76,1588
2026-09-07T08:32:00.000Z,2026-09-07T11:32:00,12.76,12.76,12.74,12.74,13421
2026-09-07T08:33:00.000Z,2026-09-07T11:33:00,12.74,12.76,12.72,12.76,15000
2026-09-07T08:34:00.000Z,2026-09-07T11:34:00,12.72,12.72,12.72,12.72,9119
2026-09-07T08:35:00.000Z,2026-09-07T11:35:00,12.74,12.75,12.72,12.74,13746
2026-09-07T08:37:00.000Z,2026-09-07T11:37:00,12.75,12.75,12.71,12.71,82791
2026-09-07T08:38:00.000Z,2026-09-07T11:38:00,12.75,12.75,12.72,12.72,7667
2026-09-07T08:39:00.000Z,2026-09-07T11:39:00,12.75,12.75,12.72,12.72,5750
2026-09-07T08:40:00.000Z,2026-09-07T11:40:00,12.73,12.73,12.7,12.71,110082
2026-09-07T08:41:00.000Z,2026-09-07T11:41:00,12.71,12.75,12.71,12.72,10004
2026-09-07T08:42:00.000Z,2026-09-07T11:42:00,12.72,12.75,12.7,12.75,100015
2026-09-07T08:43:00.000Z,2026-09-07T11:43:00,12.75,12.75,12.7,12.7,11025
2026-09-07T08:44:00.000Z,2026-09-07T11:44:00,12.7,12.74,12.7,12.74,3982
2026-09-07T08:45:00.000Z,2026-09-07T11:45:00,12.7,12.7,12.7,12.7,100
2026-09-07T08:46:00.000Z,2026-09-07T11:46:00,12.72,12.72,12.72,12.72,1500
2026-09-07T08:47:00.000Z,2026-09-07T11:47:00,12.72,12.75,12.72,12.75,64759
2026-09-07T08:48:00.000Z,2026-09-07T11:48:00,12.76,12.78,12.76,12.78,24866
2026-09-07T08:49:00.000Z,2026-09-07T11:49:00,12.78,12.78,12.78,12.78,3307
2026-09-07T08:50:00.000Z,2026-09-07T11:50:00,12.77,12.77,12.77,12.77,1721
2026-09-07T08:51:00.000Z,2026-09-07T11:51:00,12.75,12.77,12.74,12.74,9427
2026-09-07T08:52:00.000Z,2026-09-07T11:52:00,12.74,12.74,12.7,12.7,100000
2026-09-07T08:53:00.000Z,2026-09-07T11:53:00,12.7,12.77,12.7,12.77,5589
2026-09-07T08:54:00.000Z,2026-09-07T11:54:00,12.75,12.77,12.71,12.71,3234
2026-09-07T08:58:00.000Z,2026-09-07T11:58:00,12.71,12.71,12.71,12.71,4547
2026-09-07T08:59:00.000Z,2026-09-07T11:59:00,12.7,12.71,12.7,12.71,26204
2026-09-07T09:00:00.000Z,2026-09-07T12:00:00,12.74,12.74,12.7,12.7,8925
2026-09-07T09:01:00.000Z,2026-09-07T12:01:00,12.69,12.7,12.69,12.69,45000
2026-09-07T09:02:00.000Z,2026-09-07T12:02:00,12.68,12.7,12.67,12.7,44563
2026-09-07T09:03:00.000Z,2026-09-07T12:03:00,12.75,12.75,12.68,12.7,81202
2026-09-07T09:04:00.000Z,2026-09-07T12:04:00,12.7,12.7,12.7,12.7,2
2026-09-07T09:06:00.000Z,2026-09-07T12:06:00,12.69,12.69,12.69,12.69,200
2026-09-07T09:07:00.000Z,2026-09-07T12:07:00,12.69,12.69,12.68,12.69,4977
2026-09-07T09:08:00.000Z,2026-09-07T12:08:00,12.69,12.69,12.65,12.65,65998
2026-09-07T09:09:00.000Z,2026-09-07T12:09:00,12.68,12.68,12.65,12.65,3500
2026-09-07T09:10:00.000Z,2026-09-07T12:10:00,12.65,12.65,12.65,12.65,2500
2026-09-07T09:11:00.000Z,2026-09-07T12:11:00,12.66,12.66,12.65,12.65,5000
2026-09-07T09:12:00.000Z,2026-09-07T12:12:00,12.68,12.69,12.68,12.69,50518
2026-09-07T09:13:00.000Z,2026-09-07T12:13:00,12.68,12.68,12.65,12.68,843
2026-09-07T09:14:00.000Z,2026-09-07T12:14:00,12.65,12.68,12.65,12.65,1188
2026-09-07T09:15:00.000Z,2026-09-07T12:15:00,12.65,12.65,12.65,12.65,44058
2026-09-07T09:16:00.000Z,2026-09-07T12:16:00,12.65,12.65,12.63,12.63,50671
2026-09-07T09:17:00.000Z,2026-09-07T12:17:00,12.63,12.65,12.62,12.65,35429
2026-09-07T09:18:00.000Z,2026-09-07T12:18:00,12.65,12.65,12.58,12.58,265230
2026-09-07T09:19:00.000Z,2026-09-07T12:19:00,12.6,12.65,12.6,12.65,10166
2026-09-07T09:20:00.000Z,2026-09-07T12:20:00,12.65,12.7,12.65,12.7,105226
2026-09-07T09:22:00.000Z,2026-09-07T12:22:00,12.71,12.71,12.7,12.7,14551
2026-09-07T09:23:00.000Z,2026-09-07T12:23:00,12.63,12.65,12.63,12.65,1428
2026-09-07T09:24:00.000Z,2026-09-07T12:24:00,12.65,12.69,12.65,12.69,50372
2026-09-07T09:25:00.000Z,2026-09-07T12:25:00,12.69,12.7,12.69,12.7,150238
2026-09-07T09:26:00.000Z,2026-09-07T12:26:00,12.7,12.7,12.7,12.7,5000
2026-09-07T09:27:00.000Z,2026-09-07T12:27:00,12.68,12.7,12.65,12.7,30001
2026-09-07T09:28:00.000Z,2026-09-07T12:28:00,12.66,12.66,12.65,12.65,38000
2026-09-07T09:29:00.000Z,2026-09-07T12:29:00,12.68,12.7,12.68,12.7,20200
2026-09-07T09:30:00.000Z,2026-09-07T12:30:00,12.7,12.74,12.7,12.71,50418
2026-09-07T09:31:00.000Z,2026-09-07T12:31:00,12.71,12.74,12.7,12.74,27000
2026-09-07T09:32:00.000Z,2026-09-07T12:32:00,12.72,12.75,12.72,12.72,30652
2026-09-07T09:33:00.000Z,2026-09-07T12:33:00,12.72,12.73,12.72,12.73,6071
2026-09-07T09:34:00.000Z,2026-09-07T12:34:00,12.72,12.77,12.72,12.73,40614
2026-09-07T09:35:00.000Z,2026-09-07T12:35:00,12.74,12.74,12.74,12.74,2215
2026-09-07T09:36:00.000Z,2026-09-07T12:36:00,12.74,12.75,12.74,12.74,40922
2026-09-07T09:37:00.000Z,2026-09-07T12:37:00,12.74,12.8,12.74,12.8,439560
2026-09-07T09:38:00.000Z,2026-09-07T12:38:00,12.79,12.8,12.79,12.8,137996
2026-09-07T09:39:00.000Z,2026-09-07T12:39:00,12.8,12.9,12.8,12.9,516988
2026-09-07T09:40:00.000Z,2026-09-07T12:40:00,12.89,12.89,12.81,12.85,49529
2026-09-07T09:41:00.000Z,2026-09-07T12:41:00,12.85,12.85,12.8,12.8,117777
2026-09-07T09:42:00.000Z,2026-09-07T12:42:00,12.77,12.77,12.74,12.74,67212
2026-09-07T09:43:00.000Z,2026-09-07T12:43:00,12.75,12.8,12.7,12.8,620810
2026-09-07T09:44:00.000Z,2026-09-07T12:44:00,12.8,12.9,12.78,12.9,1523236
2026-09-07T09:45:00.000Z,2026-09-07T12:45:00,12.9,12.91,12.84,12.9,1394144
2026-09-07T09:46:00.000Z,2026-09-07T12:46:00,12.9,12.9,12.84,12.84,300892
2026-09-07T09:47:00.000Z,2026-09-07T12:47:00,12.84,12.86,12.8,12.86,345075
2026-09-07T09:48:00.000Z,2026-09-07T12:48:00,12.81,12.94,12.81,12.94,661383
2026-09-07T09:49:00.000Z,2026-09-07T12:49:00,12.94,13.06,12.93,13.06,1775950
2026-09-07T09:50:00.000Z,2026-09-07T12:50:00,13.06,13.16,13.06,13.11,1293372
2026-09-07T09:51:00.000Z,2026-09-07T12:51:00,13.13,13.17,13.1,13.15,620696
2026-09-07T09:52:00.000Z,2026-09-07T12:52:00,13.13,13.25,13.1,13.25,1189419
2026-09-07T09:53:00.000Z,2026-09-07T12:53:00,13.24,13.25,13.12,13.12,700050
2026-09-07T09:54:00.000Z,2026-09-07T12:54:00,13.15,13.18,12.9,13,2053803
2026-09-07T09:55:00.000Z,2026-09-07T12:55:00,13,13.06,12.98,13.01,289414
2026-09-07T09:56:00.000Z,2026-09-07T12:56:00,13.01,13.01,12.92,12.98,107231
2026-09-07T09:57:00.000Z,2026-09-07T12:57:00,12.99,13,12.98,13,193550
2026-09-07T09:58:00.000Z,2026-09-07T12:58:00,13,13,12.95,12.95,202517
2026-09-07T09:59:00.000Z,2026-09-07T12:59:00,12.97,13,12.93,13,62765
2026-09-07T10:00:00.000Z,2026-09-07T13:00:00,12.99,13.04,12.95,13.04,55645
2026-09-07T10:01:00.000Z,2026-09-07T13:01:00,12.97,13.05,12.95,12.95,182627
2026-09-07T10:02:00.000Z,2026-09-07T13:02:00,12.94,12.95,12.9,12.9,185812
2026-09-07T10:03:00.000Z,2026-09-07T13:03:00,12.86,12.9,12.85,12.85,117951
2026-09-07T10:04:00.000Z,2026-09-07T13:04:00,12.84,12.9,12.84,12.9,95364
2026-09-07T10:05:00.000Z,2026-09-07T13:05:00,12.9,12.9,12.87,12.9,6687
2026-09-07T10:06:00.000Z,2026-09-07T13:06:00,12.9,12.91,12.9,12.9,11051
2026-09-07T10:07:00.000Z,2026-09-07T13:07:00,12.93,12.95,12.91,12.95,24530
2026-09-07T10:08:00.000Z,2026-09-07T13:08:00,12.94,12.94,12.9,12.9,63429
2026-09-07T10:09:00.000Z,2026-09-07T13:09:00,12.89,12.96,12.89,12.95,155255
2026-09-07T10:10:00.000Z,2026-09-07T13:10:00,12.95,12.97,12.9,12.92,67699
2026-09-07T10:11:00.000Z,2026-09-07T13:11:00,12.95,12.95,12.92,12.95,18552
2026-09-07T10:12:00.000Z,2026-09-07T13:12:00,12.95,12.96,12.85,12.9,390503
2026-09-07T10:13:00.000Z,2026-09-07T13:13:00,12.9,12.94,12.85,12.93,12193
2026-09-07T10:14:00.000Z,2026-09-07T13:14:00,12.93,12.94,12.9,12.9,11470
2026-09-07T10:15:00.000Z,2026-09-07T13:15:00,12.93,12.94,12.93,12.93,3628
2026-09-07T10:16:00.000Z,2026-09-07T13:16:00,12.93,12.93,12.88,12.9,152281
2026-09-07T10:17:00.000Z,2026-09-07T13:17:00,12.89,12.9,12.87,12.87,25836
2026-09-07T10:18:00.000Z,2026-09-07T13:18:00,12.89,12.9,12.89,12.9,3061
2026-09-07T10:19:00.000Z,2026-09-07T13:19:00,12.89,12.9,12.88,12.9,13360
2026-09-07T10:20:00.000Z,2026-09-07T13:20:00,12.89,12.9,12.88,12.89,12010
2026-09-07T10:21:00.000Z,2026-09-07T13:21:00,12.89,12.89,12.87,12.87,17445
2026-09-07T10:22:00.000Z,2026-09-07T13:22:00,12.87,12.9,12.87,12.87,36185
2026-09-07T10:23:00.000Z,2026-09-07T13:23:00,12.89,12.89,12.89,12.89,1200
2026-09-07T10:24:00.000Z,2026-09-07T13:24:00,12.88,12.89,12.87,12.87,10198
2026-09-07T10:25:00.000Z,2026-09-07T13:25:00,12.87,12.9,12.87,12.9,57540
2026-09-07T10:26:00.000Z,2026-09-07T13:26:00,12.91,12.91,12.9,12.9,102028
2026-09-07T10:27:00.000Z,2026-09-07T13:27:00,12.9,12.9,12.9,12.9,24081
2026-09-07T10:28:00.000Z,2026-09-07T13:28:00,12.93,12.94,12.91,12.94,26530
2026-09-07T10:29:00.000Z,2026-09-07T13:29:00,12.94,13,12.93,13,228272
2026-09-07T10:30:00.000Z,2026-09-07T13:30:00,13,13,12.95,13,85513
2026-09-07T10:31:00.000Z,2026-09-07T13:31:00,13,13,12.98,12.99,188684
2026-09-07T10:32:00.000Z,2026-09-07T13:32:00,12.99,13,12.95,12.95,255198
2026-09-07T10:33:00.000Z,2026-09-07T13:33:00,13,13,12.99,12.99,5713
2026-09-07T10:34:00.000Z,2026-09-07T13:34:00,12.96,13,12.96,12.98,103197
2026-09-07T10:35:00.000Z,2026-09-07T13:35:00,13,13,12.99,12.99,4886
2026-09-07T10:36:00.000Z,2026-09-07T13:36:00,12.99,13.05,12.99,13.05,113281
2026-09-07T10:37:00.000Z,2026-09-07T13:37:00,13.05,13.08,13.01,13.01,67680
2026-09-07T10:38:00.000Z,2026-09-07T13:38:00,13.03,13.06,13.02,13.05,60021
2026-09-07T10:39:00.000Z,2026-09-07T13:39:00,13.05,13.07,13.02,13.05,168536
2026-09-07T10:40:00.000Z,2026-09-07T13:40:00,13.05,13.06,13.05,13.06,68571
2026-09-07T10:41:00.000Z,2026-09-07T13:41:00,13.05,13.18,13.05,13.18,677999
2026-09-07T10:42:00.000Z,2026-09-07T13:42:00,13.11,13.15,13.1,13.1,79396
2026-09-07T10:43:00.000Z,2026-09-07T13:43:00,13.11,13.2,13.1,13.18,644372
2026-09-07T10:44:00.000Z,2026-09-07T13:44:00,13.18,13.21,13.16,13.18,123493
2026-09-07T10:45:00.000Z,2026-09-07T13:45:00,13.19,13.22,13.16,13.2,670949
2026-09-07T10:46:00.000Z,2026-09-07T13:46:00,13.18,13.2,13.17,13.2,185485
2026-09-07T10:47:00.000Z,2026-09-07T13:47:00,13.18,13.21,13.17,13.2,405681
2026-09-07T10:48:00.000Z,2026-09-07T13:48:00,13.2,13.23,13.15,13.15,448149
2026-09-07T10:49:00.000Z,2026-09-07T13:49:00,13.15,13.2,13.14,13.17,692924
2026-09-07T10:50:00.000Z,2026-09-07T13:50:00,13.18,13.18,13.08,13.08,395856
2026-09-07T10:51:00.000Z,2026-09-07T13:51:00,13.1,13.1,13.05,13.1,554727
2026-09-07T10:52:00.000Z,2026-09-07T13:52:00,13.1,13.12,13.07,13.1,386431
2026-09-07T10:53:00.000Z,2026-09-07T13:53:00,13.08,13.1,13.05,13.1,73576
2026-09-07T10:54:00.000Z,2026-09-07T13:54:00,13.12,13.25,13.12,13.25,905069
2026-09-07T10:55:00.000Z,2026-09-07T13:55:00,13.24,13.24,13.2,13.23,888582
2026-09-07T10:56:00.000Z,2026-09-07T13:56:00,13.2,13.2,13.15,13.15,62288
2026-09-07T10:57:00.000Z,2026-09-07T13:57:00,13.14,13.17,13.1,13.15,93815
2026-09-07T10:58:00.000Z,2026-09-07T13:58:00,13.17,13.17,13.1,13.1,112671
2026-09-07T10:59:00.000Z,2026-09-07T13:59:00,13.12,13.16,13.1,13.11,162224
2026-09-07T11:00:00.000Z,2026-09-07T14:00:00,13.16,13.16,13.14,13.16,84653
2026-09-07T11:01:00.000Z,2026-09-07T14:01:00,13.15,13.17,13.15,13.15,141292
2026-09-07T11:02:00.000Z,2026-09-07T14:02:00,13.15,13.15,13.11,13.15,84816
2026-09-07T11:03:00.000Z,2026-09-07T14:03:00,13.15,13.17,13.12,13.12,123120
2026-09-07T11:04:00.000Z,2026-09-07T14:04:00,13.15,13.15,13.13,13.15,62154
2026-09-07T11:05:00.000Z,2026-09-07T14:05:00,13.13,13.13,13.08,13.08,332939
2026-09-07T11:06:00.000Z,2026-09-07T14:06:00,13.08,13.1,13.06,13.06,221463
2026-09-07T11:07:00.000Z,2026-09-07T14:07:00,13.07,13.14,13.05,13.1,182858
2026-09-07T11:08:00.000Z,2026-09-07T14:08:00,13.07,13.12,13.07,13.1,38683
2026-09-07T11:09:00.000Z,2026-09-07T14:09:00,13.1,13.11,13.08,13.1,222922
2026-09-07T11:10:00.000Z,2026-09-07T14:10:00,13.09,13.11,13.08,13.11,75518
2026-09-07T11:11:00.000Z,2026-09-07T14:11:00,13.12,13.12,13.1,13.1,320102
2026-09-07T11:12:00.000Z,2026-09-07T14:12:00,13.1,13.12,13.07,13.09,153730
2026-09-07T11:13:00.000Z,2026-09-07T14:13:00,13.12,13.13,13.1,13.13,178852
2026-09-07T11:14:00.000Z,2026-09-07T14:14:00,13.12,13.14,13.11,13.14,82108
2026-09-07T11:15:00.000Z,2026-09-07T14:15:00,13.14,13.19,13.14,13.15,140562
2026-09-07T11:25:00.000Z,2026-09-07T14:25:00,13.12,13.12,13.12,13.12,971482
2026-09-07T11:26:00.000Z,2026-09-07T14:26:00,13.12,13.12,13.12,13.12,53074
2026-09-07T11:27:00.000Z,2026-09-07T14:27:00,13.12,13.12,13.12,13.12,37778
2026-09-07T11:28:00.000Z,2026-09-07T14:28:00,13.12,13.12,13.12,13.12,27826
2026-09-07T11:29:00.000Z,2026-09-07T14:29:00,13.12,13.12,13.12,13.12,17790
2026-09-08T07:01:00.000Z,2026-09-08T10:01:00,13.34,13.39,13.22,13.24,1631376
2026-09-08T07:02:00.000Z,2026-09-08T10:02:00,13.22,13.24,13.15,13.15,247909
2026-09-08T07:03:00.000Z,2026-09-08T10:03:00,13.15,13.2,13.13,13.2,151925
2026-09-08T07:04:00.000Z,2026-09-08T10:04:00,13.2,13.2,13.14,13.15,92657
2026-09-08T07:05:00.000Z,2026-09-08T10:05:00,13.15,13.15,13.13,13.15,199230
2026-09-08T07:06:00.000Z,2026-09-08T10:06:00,13.15,13.17,13.14,13.17,104270
2026-09-08T07:07:00.000Z,2026-09-08T10:07:00,13.17,13.17,13.15,13.15,52620
2026-09-08T07:08:00.000Z,2026-09-08T10:08:00,13.16,13.17,13.15,13.15,33954
2026-09-08T07:09:00.000Z,2026-09-08T10:09:00,13.15,13.15,13.12,13.15,32310
2026-09-08T07:10:00.000Z,2026-09-08T10:10:00,13.15,13.21,13.15,13.18,91232
2026-09-08T07:11:00.000Z,2026-09-08T10:11:00,13.21,13.24,13.16,13.19,87086
2026-09-08T07:12:00.000Z,2026-09-08T10:12:00,13.17,13.19,13.14,13.15,169598
2026-09-08T07:13:00.000Z,2026-09-08T10:13:00,13.15,13.15,13.1,13.1,79007
2026-09-08T07:14:00.000Z,2026-09-08T10:14:00,13.09,13.14,13.05,13.05,308039
2026-09-08T07:15:00.000Z,2026-09-08T10:15:00,13.05,13.1,13.02,13.1,115610
2026-09-08T07:16:00.000Z,2026-09-08T10:16:00,13.1,13.1,13.05,13.07,26224
2026-09-08T07:17:00.000Z,2026-09-08T10:17:00,13.07,13.11,13.07,13.11,45173
2026-09-08T07:18:00.000Z,2026-09-08T10:18:00,13.11,13.12,13.1,13.1,55843
2026-09-08T07:19:00.000Z,2026-09-08T10:19:00,13.1,13.1,13.07,13.07,67923
2026-09-08T07:20:00.000Z,2026-09-08T10:20:00,13.08,13.13,13.07,13.12,32979
2026-09-08T07:21:00.000Z,2026-09-08T10:21:00,13.08,13.13,13.07,13.12,32066
2026-09-08T07:22:00.000Z,2026-09-08T10:22:00,13.12,13.12,13.06,13.06,47274
2026-09-08T07:23:00.000Z,2026-09-08T10:23:00,13.06,13.1,13.04,13.04,98549
2026-09-08T07:24:00.000Z,2026-09-08T10:24:00,13.09,13.15,13.09,13.12,86792
2026-09-08T07:25:00.000Z,2026-09-08T10:25:00,13.1,13.1,13.07,13.07,7460
2026-09-08T07:26:00.000Z,2026-09-08T10:26:00,13.07,13.07,13.06,13.06,53295
2026-09-08T07:27:00.000Z,2026-09-08T10:27:00,13.06,13.07,13.04,13.05,126676
2026-09-08T07:28:00.000Z,2026-09-08T10:28:00,13.09,13.09,13.01,13.01,182666
2026-09-08T07:29:00.000Z,2026-09-08T10:29:00,13.02,13.09,13.02,13.06,56778
2026-09-08T07:30:00.000Z,2026-09-08T10:30:00,13.04,13.07,13,13,372803
2026-09-08T07:31:00.000Z,2026-09-08T10:31:00,13,13,12.9,12.9,245128
2026-09-08T07:32:00.000Z,2026-09-08T10:32:00,12.97,12.98,12.9,12.91,37034
2026-09-08T07:33:00.000Z,2026-09-08T10:33:00,12.92,12.99,12.9,12.92,313330
2026-09-08T07:34:00.000Z,2026-09-08T10:34:00,12.97,12.97,12.95,12.95,5906
2026-09-08T07:35:00.000Z,2026-09-08T10:35:00,12.97,13,12.97,12.97,65716
2026-09-08T07:36:00.000Z,2026-09-08T10:36:00,13,13,12.92,12.98,167850
2026-09-08T07:37:00.000Z,2026-09-08T10:37:00,12.98,12.98,12.98,12.98,158
2026-09-08T07:38:00.000Z,2026-09-08T10:38:00,12.98,12.98,12.93,12.93,9841
2026-09-08T07:39:00.000Z,2026-09-08T10:39:00,12.98,12.98,12.96,12.96,13573
2026-09-08T07:40:00.000Z,2026-09-08T10:40:00,12.96,12.96,12.93,12.93,9411
2026-09-08T07:41:00.000Z,2026-09-08T10:41:00,12.95,12.95,12.95,12.95,9742
2026-09-08T07:42:00.000Z,2026-09-08T10:42:00,12.96,12.96,12.93,12.93,1356
2026-09-08T07:43:00.000Z,2026-09-08T10:43:00,12.95,12.95,12.95,12.95,49955
2026-09-08T07:44:00.000Z,2026-09-08T10:44:00,12.95,12.97,12.95,12.97,4182
2026-09-08T07:45:00.000Z,2026-09-08T10:45:00,12.95,12.95,12.94,12.95,1260
2026-09-08T07:46:00.000Z,2026-09-08T10:46:00,12.95,12.98,12.95,12.98,15400
2026-09-08T07:47:00.000Z,2026-09-08T10:47:00,12.98,13.04,12.98,13.04,39491
2026-09-08T07:48:00.000Z,2026-09-08T10:48:00,13,13,12.99,13,47489
2026-09-08T07:49:00.000Z,2026-09-08T10:49:00,13,13,13,13,22000
2026-09-08T07:50:00.000Z,2026-09-08T10:50:00,13,13,12.98,12.98,1384
2026-09-08T07:51:00.000Z,2026-09-08T10:51:00,12.99,13,12.98,12.98,9705
2026-09-08T07:52:00.000Z,2026-09-08T10:52:00,12.98,13,12.98,13,21786
2026-09-08T07:53:00.000Z,2026-09-08T10:53:00,13,13,12.92,13,196132
2026-09-08T07:54:00.000Z,2026-09-08T10:54:00,12.92,13,12.92,13,8379
2026-09-08T07:55:00.000Z,2026-09-08T10:55:00,12.99,13,12.95,12.95,57754
2026-09-08T07:56:00.000Z,2026-09-08T10:56:00,12.99,13,12.99,13,26208
2026-09-08T07:57:00.000Z,2026-09-08T10:57:00,13,13,13,13,11570
2026-09-08T07:58:00.000Z,2026-09-08T10:58:00,13,13,12.98,12.99,6204
2026-09-08T07:59:00.000Z,2026-09-08T10:59:00,13,13,12.91,12.91,141000
2026-09-08T08:00:00.000Z,2026-09-08T11:00:00,12.91,12.99,12.91,12.92,3651
2026-09-08T08:01:00.000Z,2026-09-08T11:01:00,12.98,12.98,12.98,12.98,531
2026-09-08T08:02:00.000Z,2026-09-08T11:02:00,12.98,12.98,12.96,12.96,451
2026-09-08T08:03:00.000Z,2026-09-08T11:03:00,12.95,12.96,12.91,12.96,36224
2026-09-08T08:04:00.000Z,2026-09-08T11:04:00,12.96,12.97,12.95,12.97,7650
2026-09-08T08:05:00.000Z,2026-09-08T11:05:00,12.97,12.97,12.97,12.97,53
2026-09-08T08:06:00.000Z,2026-09-08T11:06:00,12.96,12.96,12.93,12.96,3401
2026-09-08T08:07:00.000Z,2026-09-08T11:07:00,12.96,12.96,12.96,12.96,3782
2026-09-08T08:08:00.000Z,2026-09-08T11:08:00,12.96,12.96,12.93,12.93,1361
2026-09-08T08:10:00.000Z,2026-09-08T11:10:00,12.94,12.94,12.93,12.93,21540
2026-09-08T08:11:00.000Z,2026-09-08T11:11:00,12.92,12.93,12.91,12.91,68484
2026-09-08T08:12:00.000Z,2026-09-08T11:12:00,12.91,12.93,12.9,12.9,224387
2026-09-08T08:13:00.000Z,2026-09-08T11:13:00,12.9,12.93,12.9,12.93,2955
2026-09-08T08:14:00.000Z,2026-09-08T11:14:00,12.93,12.93,12.88,12.88,84050
2026-09-08T08:15:00.000Z,2026-09-08T11:15:00,12.88,12.89,12.86,12.89,57803
2026-09-08T08:16:00.000Z,2026-09-08T11:16:00,12.87,12.88,12.86,12.88,25206
2026-09-08T08:17:00.000Z,2026-09-08T11:17:00,12.88,12.88,12.87,12.87,25160
2026-09-08T08:18:00.000Z,2026-09-08T11:18:00,12.87,12.88,12.83,12.85,134814
2026-09-08T08:19:00.000Z,2026-09-08T11:19:00,12.84,12.87,12.84,12.87,198
2026-09-08T08:20:00.000Z,2026-09-08T11:20:00,12.87,12.88,12.87,12.87,7880
2026-09-08T08:21:00.000Z,2026-09-08T11:21:00,12.87,12.88,12.86,12.86,32489
2026-09-08T08:22:00.000Z,2026-09-08T11:22:00,12.88,12.88,12.87,12.88,4195
2026-09-08T08:23:00.000Z,2026-09-08T11:23:00,12.87,12.88,12.87,12.88,14813
2026-09-08T08:24:00.000Z,2026-09-08T11:24:00,12.88,12.88,12.88,12.88,3163
2026-09-08T08:25:00.000Z,2026-09-08T11:25:00,12.88,12.88,12.88,12.88,138
2026-09-08T08:26:00.000Z,2026-09-08T11:26:00,12.88,12.9,12.87,12.9,35044
2026-09-08T08:27:00.000Z,2026-09-08T11:27:00,12.9,12.9,12.9,12.9,95500
2026-09-08T08:28:00.000Z,2026-09-08T11:28:00,12.9,12.9,12.9,12.9,10038
2026-09-08T08:29:00.000Z,2026-09-08T11:29:00,12.9,12.9,12.89,12.9,9260
2026-09-08T08:30:00.000Z,2026-09-08T11:30:00,12.89,12.89,12.87,12.87,44051
2026-09-08T08:31:00.000Z,2026-09-08T11:31:00,12.87,12.87,12.85,12.87,96783
2026-09-08T08:32:00.000Z,2026-09-08T11:32:00,12.85,12.86,12.85,12.86,20388
2026-09-08T08:33:00.000Z,2026-09-08T11:33:00,12.86,12.88,12.86,12.86,14806
2026-09-08T08:34:00.000Z,2026-09-08T11:34:00,12.86,12.86,12.86,12.86,7467
2026-09-08T08:35:00.000Z,2026-09-08T11:35:00,12.87,12.88,12.86,12.88,7303
2026-09-08T08:36:00.000Z,2026-09-08T11:36:00,12.88,12.88,12.84,12.84,56964
2026-09-08T08:37:00.000Z,2026-09-08T11:37:00,12.84,12.87,12.84,12.85,22637
2026-09-08T08:38:00.000Z,2026-09-08T11:38:00,12.85,12.85,12.85,12.85,4430
2026-09-08T08:39:00.000Z,2026-09-08T11:39:00,12.85,12.85,12.85,12.85,17503
2026-09-08T08:40:00.000Z,2026-09-08T11:40:00,12.85,12.87,12.84,12.87,12711
2026-09-08T08:41:00.000Z,2026-09-08T11:41:00,12.85,12.86,12.82,12.82,124218
2026-09-08T08:42:00.000Z,2026-09-08T11:42:00,12.84,12.87,12.82,12.82,47413
2026-09-08T08:43:00.000Z,2026-09-08T11:43:00,12.86,12.86,12.82,12.82,22809
2026-09-08T08:44:00.000Z,2026-09-08T11:44:00,12.83,12.84,12.82,12.84,8020
2026-09-08T08:45:00.000Z,2026-09-08T11:45:00,12.84,12.84,12.77,12.8,346439
2026-09-08T08:46:00.000Z,2026-09-08T11:46:00,12.77,12.77,12.71,12.75,176632
2026-09-08T08:47:00.000Z,2026-09-08T11:47:00,12.72,12.75,12.7,12.75,236087
2026-09-08T08:48:00.000Z,2026-09-08T11:48:00,12.71,12.75,12.71,12.71,8407
2026-09-08T08:49:00.000Z,2026-09-08T11:49:00,12.71,12.75,12.71,12.72,3958
2026-09-08T08:50:00.000Z,2026-09-08T11:50:00,12.73,12.75,12.7,12.7,55439
2026-09-08T08:51:00.000Z,2026-09-08T11:51:00,12.75,12.75,12.69,12.69,56605
2026-09-08T08:52:00.000Z,2026-09-08T11:52:00,12.7,12.7,12.69,12.69,31499
2026-09-08T08:53:00.000Z,2026-09-08T11:53:00,12.7,12.73,12.7,12.73,20183
2026-09-08T08:54:00.000Z,2026-09-08T11:54:00,12.7,12.7,12.67,12.7,73147
2026-09-08T08:55:00.000Z,2026-09-08T11:55:00,12.67,12.72,12.67,12.69,42983
2026-09-08T08:56:00.000Z,2026-09-08T11:56:00,12.69,12.73,12.67,12.73,153631
2026-09-08T08:57:00.000Z,2026-09-08T11:57:00,12.73,12.87,12.73,12.87,255358
2026-09-08T08:58:00.000Z,2026-09-08T11:58:00,12.86,12.87,12.8,12.8,32109
2026-09-08T08:59:00.000Z,2026-09-08T11:59:00,12.8,12.8,12.72,12.75,81154
2026-09-08T09:00:00.000Z,2026-09-08T12:00:00,12.75,12.75,12.72,12.73,15290
2026-09-08T09:01:00.000Z,2026-09-08T12:01:00,12.75,12.76,12.75,12.76,4200
2026-09-08T09:02:00.000Z,2026-09-08T12:02:00,12.76,12.79,12.75,12.79,9794
2026-09-08T09:03:00.000Z,2026-09-08T12:03:00,12.76,12.79,12.75,12.79,7678
2026-09-08T09:04:00.000Z,2026-09-08T12:04:00,12.79,12.79,12.79,12.79,4100
2026-09-08T09:05:00.000Z,2026-09-08T12:05:00,12.78,12.79,12.77,12.77,12265
2026-09-08T09:06:00.000Z,2026-09-08T12:06:00,12.8,12.8,12.8,12.8,7
2026-09-08T09:07:00.000Z,2026-09-08T12:07:00,12.79,12.79,12.76,12.78,37657
2026-09-08T09:08:00.000Z,2026-09-08T12:08:00,12.78,12.78,12.78,12.78,1608
2026-09-08T09:09:00.000Z,2026-09-08T12:09:00,12.76,12.78,12.75,12.77,2536
2026-09-08T09:10:00.000Z,2026-09-08T12:10:00,12.76,12.76,12.75,12.75,26725
2026-09-08T09:11:00.000Z,2026-09-08T12:11:00,12.75,12.77,12.75,12.76,4156
2026-09-08T09:12:00.000Z,2026-09-08T12:12:00,12.76,12.77,12.76,12.77,7750
2026-09-08T09:13:00.000Z,2026-09-08T12:13:00,12.77,12.8,12.77,12.8,21034
2026-09-08T09:14:00.000Z,2026-09-08T12:14:00,12.8,12.81,12.8,12.81,30946
2026-09-08T09:15:00.000Z,2026-09-08T12:15:00,12.81,12.81,12.8,12.81,5167
2026-09-08T09:16:00.000Z,2026-09-08T12:16:00,12.8,12.8,12.8,12.8,500
2026-09-08T09:17:00.000Z,2026-09-08T12:17:00,12.8,12.8,12.77,12.8,19825
2026-09-08T09:18:00.000Z,2026-09-08T12:18:00,12.8,12.84,12.78,12.84,14564
2026-09-08T09:19:00.000Z,2026-09-08T12:19:00,12.79,12.79,12.79,12.79,5334
2026-09-08T09:20:00.000Z,2026-09-08T12:20:00,12.82,12.84,12.82,12.84,2523
2026-09-08T09:21:00.000Z,2026-09-08T12:21:00,12.83,12.84,12.8,12.8,38520
2026-09-08T09:22:00.000Z,2026-09-08T12:22:00,12.8,12.8,12.78,12.8,12216
2026-09-08T09:23:00.000Z,2026-09-08T12:23:00,12.8,12.83,12.8,12.83,12230
2026-09-08T09:24:00.000Z,2026-09-08T12:24:00,12.82,12.82,12.8,12.8,424
2026-09-08T09:25:00.000Z,2026-09-08T12:25:00,12.82,12.83,12.82,12.83,54
2026-09-08T09:26:00.000Z,2026-09-08T12:26:00,12.83,12.83,12.83,12.83,2000
2026-09-08T09:27:00.000Z,2026-09-08T12:27:00,12.81,12.81,12.8,12.8,14581
2026-09-08T09:28:00.000Z,2026-09-08T12:28:00,12.8,12.8,12.8,12.8,210
2026-09-08T09:29:00.000Z,2026-09-08T12:29:00,12.8,12.8,12.8,12.8,1590
2026-09-08T09:30:00.000Z,2026-09-08T12:30:00,12.8,12.8,12.79,12.8,951
2026-09-08T09:31:00.000Z,2026-09-08T12:31:00,12.8,12.8,12.8,12.8,2000
2026-09-08T09:32:00.000Z,2026-09-08T12:32:00,12.8,12.8,12.79,12.79,9467
2026-09-08T09:33:00.000Z,2026-09-08T12:33:00,12.8,12.8,12.79,12.8,10452
2026-09-08T09:34:00.000Z,2026-09-08T12:34:00,12.8,12.8,12.79,12.79,19219
2026-09-08T09:35:00.000Z,2026-09-08T12:35:00,12.79,12.79,12.77,12.77,153952
2026-09-08T09:36:00.000Z,2026-09-08T12:36:00,12.76,12.78,12.76,12.78,9024
2026-09-08T09:37:00.000Z,2026-09-08T12:37:00,12.77,12.78,12.77,12.78,692
2026-09-08T09:38:00.000Z,2026-09-08T12:38:00,12.77,12.77,12.73,12.75,237308
2026-09-08T09:39:00.000Z,2026-09-08T12:39:00,12.75,12.75,12.74,12.74,32993
2026-09-08T09:40:00.000Z,2026-09-08T12:40:00,12.73,12.8,12.73,12.8,30297
2026-09-08T09:41:00.000Z,2026-09-08T12:41:00,12.78,12.8,12.78,12.8,10000
2026-09-08T09:42:00.000Z,2026-09-08T12:42:00,12.8,12.8,12.79,12.79,34
2026-09-08T09:43:00.000Z,2026-09-08T12:43:00,12.76,12.76,12.73,12.73,200379
2026-09-08T09:44:00.000Z,2026-09-08T12:44:00,12.74,12.79,12.73,12.79,14546
2026-09-08T09:45:00.000Z,2026-09-08T12:45:00,12.79,12.79,12.75,12.75,718
2026-09-08T09:47:00.000Z,2026-09-08T12:47:00,12.76,12.77,12.75,12.75,302658
2026-09-08T09:48:00.000Z,2026-09-08T12:48:00,12.75,12.77,12.75,12.75,21769
2026-09-08T09:49:00.000Z,2026-09-08T12:49:00,12.75,12.75,12.74,12.74,24325
2026-09-08T09:50:00.000Z,2026-09-08T12:50:00,12.73,12.73,12.71,12.71,161210
2026-09-08T09:51:00.000Z,2026-09-08T12:51:00,12.71,12.71,12.67,12.7,243381
2026-09-08T09:52:00.000Z,2026-09-08T12:52:00,12.7,12.7,12.68,12.68,22851
2026-09-08T09:53:00.000Z,2026-09-08T12:53:00,12.68,12.69,12.67,12.69,9208
2026-09-08T09:54:00.000Z,2026-09-08T12:54:00,12.69,12.69,12.65,12.66,67413
2026-09-08T09:55:00.000Z,2026-09-08T12:55:00,12.66,12.7,12.65,12.7,37256
2026-09-08T09:56:00.000Z,2026-09-08T12:56:00,12.74,12.76,12.7,12.76,956
2026-09-08T09:57:00.000Z,2026-09-08T12:57:00,12.76,12.76,12.7,12.7,4554
2026-09-08T09:58:00.000Z,2026-09-08T12:58:00,12.7,12.71,12.7,12.71,516
2026-09-08T09:59:00.000Z,2026-09-08T12:59:00,12.74,12.75,12.71,12.75,31939
2026-09-08T10:00:00.000Z,2026-09-08T13:00:00,12.71,12.71,12.7,12.71,15802
2026-09-08T10:01:00.000Z,2026-09-08T13:01:00,12.71,12.71,12.7,12.7,9964
2026-09-08T10:02:00.000Z,2026-09-08T13:02:00,12.7,12.7,12.68,12.7,11285
2026-09-08T10:03:00.000Z,2026-09-08T13:03:00,12.68,12.68,12.67,12.67,27715
2026-09-08T10:04:00.000Z,2026-09-08T13:04:00,12.67,12.67,12.66,12.66,9094
2026-09-08T10:05:00.000Z,2026-09-08T13:05:00,12.66,12.66,12.63,12.66,19197
2026-09-08T10:06:00.000Z,2026-09-08T13:06:00,12.64,12.64,12.63,12.64,4150
2026-09-08T10:07:00.000Z,2026-09-08T13:07:00,12.66,12.67,12.66,12.67,4947
2026-09-08T10:08:00.000Z,2026-09-08T13:08:00,12.65,12.65,12.6,12.6,202372
2026-09-08T10:09:00.000Z,2026-09-08T13:09:00,12.6,12.6,12.58,12.6,237291
2026-09-08T10:10:00.000Z,2026-09-08T13:10:00,12.59,12.67,12.59,12.67,17972
2026-09-08T10:11:00.000Z,2026-09-08T13:11:00,12.61,12.65,12.61,12.65,13267
2026-09-08T10:12:00.000Z,2026-09-08T13:12:00,12.65,12.68,12.65,12.68,38789
2026-09-08T10:13:00.000Z,2026-09-08T13:13:00,12.65,12.68,12.65,12.68,86
2026-09-08T10:14:00.000Z,2026-09-08T13:14:00,12.68,12.68,12.67,12.67,8228
2026-09-08T10:15:00.000Z,2026-09-08T13:15:00,12.66,12.66,12.64,12.64,1789
2026-09-08T10:16:00.000Z,2026-09-08T13:16:00,12.66,12.66,12.65,12.65,2862
2026-09-08T10:17:00.000Z,2026-09-08T13:17:00,12.64,12.65,12.6,12.6,252863
2026-09-08T10:18:00.000Z,2026-09-08T13:18:00,12.65,12.65,12.6,12.65,96528
2026-09-08T10:19:00.000Z,2026-09-08T13:19:00,12.6,12.6,12.58,12.6,230916
2026-09-08T10:20:00.000Z,2026-09-08T13:20:00,12.6,12.61,12.6,12.6,165307
2026-09-08T10:21:00.000Z,2026-09-08T13:21:00,12.64,12.65,12.64,12.65,5237
2026-09-08T10:22:00.000Z,2026-09-08T13:22:00,12.6,12.65,12.56,12.6,155066
2026-09-08T10:23:00.000Z,2026-09-08T13:23:00,12.6,12.63,12.6,12.63,303206
2026-09-08T10:24:00.000Z,2026-09-08T13:24:00,12.65,12.68,12.61,12.68,62935
2026-09-08T10:25:00.000Z,2026-09-08T13:25:00,12.61,12.61,12.61,12.61,1551
2026-09-08T10:26:00.000Z,2026-09-08T13:26:00,12.61,12.61,12.61,12.61,5469
2026-09-08T10:27:00.000Z,2026-09-08T13:27:00,12.62,12.62,12.62,12.62,1819
2026-09-08T10:28:00.000Z,2026-09-08T13:28:00,12.63,12.63,12.6,12.63,175799
2026-09-08T10:29:00.000Z,2026-09-08T13:29:00,12.66,12.67,12.64,12.64,3759
2026-09-08T10:30:00.000Z,2026-09-08T13:30:00,12.67,12.67,12.62,12.62,4781
2026-09-08T10:31:00.000Z,2026-09-08T13:31:00,12.64,12.64,12.64,12.64,10941
2026-09-08T10:32:00.000Z,2026-09-08T13:32:00,12.64,12.64,12.6,12.62,29610
2026-09-08T10:33:00.000Z,2026-09-08T13:33:00,12.62,12.64,12.6,12.64,82153
2026-09-08T10:34:00.000Z,2026-09-08T13:34:00,12.62,12.62,12.62,12.62,500
2026-09-08T10:35:00.000Z,2026-09-08T13:35:00,12.66,12.66,12.66,12.66,396
2026-09-08T10:37:00.000Z,2026-09-08T13:37:00,12.65,12.65,12.64,12.65,11949
2026-09-08T10:38:00.000Z,2026-09-08T13:38:00,12.64,12.65,12.63,12.63,1664
2026-09-08T10:39:00.000Z,2026-09-08T13:39:00,12.64,12.66,12.64,12.64,24200
2026-09-08T10:40:00.000Z,2026-09-08T13:40:00,12.63,12.65,12.62,12.65,73885
2026-09-08T10:41:00.000Z,2026-09-08T13:41:00,12.66,12.67,12.66,12.66,58435
2026-09-08T10:42:00.000Z,2026-09-08T13:42:00,12.67,12.68,12.65,12.65,37431
2026-09-08T10:43:00.000Z,2026-09-08T13:43:00,12.66,12.7,12.6,12.65,553096
2026-09-08T10:44:00.000Z,2026-09-08T13:44:00,12.65,12.65,12.61,12.61,55521
2026-09-08T10:45:00.000Z,2026-09-08T13:45:00,12.7,12.7,12.62,12.62,17121
2026-09-08T10:46:00.000Z,2026-09-08T13:46:00,12.64,12.64,12.63,12.63,2000
2026-09-08T10:47:00.000Z,2026-09-08T13:47:00,12.63,12.69,12.61,12.66,63765
2026-09-08T10:48:00.000Z,2026-09-08T13:48:00,12.61,12.64,12.61,12.64,3253
2026-09-08T10:49:00.000Z,2026-09-08T13:49:00,12.64,12.66,12.64,12.66,270
2026-09-08T10:50:00.000Z,2026-09-08T13:50:00,12.65,12.66,12.64,12.64,1741
2026-09-08T10:51:00.000Z,2026-09-08T13:51:00,12.63,12.65,12.62,12.65,13782
2026-09-08T10:52:00.000Z,2026-09-08T13:52:00,12.65,12.65,12.63,12.65,7104
2026-09-08T10:53:00.000Z,2026-09-08T13:53:00,12.63,12.64,12.62,12.63,16833
2026-09-08T10:54:00.000Z,2026-09-08T13:54:00,12.65,12.65,12.65,12.65,52500
2026-09-08T10:55:00.000Z,2026-09-08T13:55:00,12.65,12.67,12.65,12.67,42703
2026-09-08T10:56:00.000Z,2026-09-08T13:56:00,12.67,12.67,12.61,12.66,137274
2026-09-08T10:57:00.000Z,2026-09-08T13:57:00,12.66,12.66,12.66,12.66,4000
2026-09-08T10:58:00.000Z,2026-09-08T13:58:00,12.65,12.65,12.65,12.65,25693
2026-09-08T10:59:00.000Z,2026-09-08T13:59:00,12.65,12.66,12.62,12.62,22999
2026-09-08T11:00:00.000Z,2026-09-08T14:00:00,12.64,12.65,12.64,12.65,4950
2026-09-08T11:01:00.000Z,2026-09-08T14:01:00,12.65,12.66,12.65,12.66,57347
2026-09-08T11:02:00.000Z,2026-09-08T14:02:00,12.66,12.67,12.65,12.65,34683
2026-09-08T11:03:00.000Z,2026-09-08T14:03:00,12.65,12.65,12.64,12.64,6627
2026-09-08T11:04:00.000Z,2026-09-08T14:04:00,12.64,12.64,12.64,12.64,803
2026-09-08T11:05:00.000Z,2026-09-08T14:05:00,12.64,12.64,12.59,12.6,417206
2026-09-08T11:06:00.000Z,2026-09-08T14:06:00,12.59,12.6,12.57,12.59,24060
2026-09-08T11:07:00.000Z,2026-09-08T14:07:00,12.58,12.6,12.57,12.6,4867
2026-09-08T11:08:00.000Z,2026-09-08T14:08:00,12.6,12.6,12.59,12.6,153351
2026-09-08T11:09:00.000Z,2026-09-08T14:09:00,12.6,12.61,12.6,12.61,30386
2026-09-08T11:10:00.000Z,2026-09-08T14:10:00,12.6,12.67,12.6,12.61,62179
2026-09-08T11:11:00.000Z,2026-09-08T14:11:00,12.64,12.64,12.61,12.63,60107
2026-09-08T11:12:00.000Z,2026-09-08T14:12:00,12.63,12.64,12.61,12.61,111044
2026-09-08T11:13:00.000Z,2026-09-08T14:13:00,12.6,12.61,12.6,12.6,99152
2026-09-08T11:14:00.000Z,2026-09-08T14:14:00,12.6,12.64,12.6,12.63,98001
2026-09-08T11:25:00.000Z,2026-09-08T14:25:00,12.64,12.64,12.64,12.64,434831
2026-09-08T11:26:00.000Z,2026-09-08T14:26:00,12.64,12.64,12.64,12.64,65241
2026-09-08T11:27:00.000Z,2026-09-08T14:27:00,12.64,12.64,12.64,12.64,145000
2026-09-08T11:28:00.000Z,2026-09-08T14:28:00,12.64,12.64,12.64,12.64,11500
2026-09-08T11:29:00.000Z,2026-09-08T14:29:00,12.64,12.64,12.64,12.64,12500
2026-09-09T07:00:00.000Z,2026-09-09T10:00:00,12.64,12.64,12.63,12.63,152481
2026-09-09T07:01:00.000Z,2026-09-09T10:01:00,12.64,12.64,12.63,12.63,20356
2026-09-09T07:02:00.000Z,2026-09-09T10:02:00,12.63,12.63,12.58,12.63,49676
2026-09-09T07:03:00.000Z,2026-09-09T10:03:00,12.61,12.61,12.56,12.56,3148
2026-09-09T07:04:00.000Z,2026-09-09T10:04:00,12.62,12.69,12.58,12.61,25246
2026-09-09T07:05:00.000Z,2026-09-09T10:05:00,12.61,12.65,12.6,12.65,15227
2026-09-09T07:06:00.000Z,2026-09-09T10:06:00,12.65,12.65,12.61,12.61,6540
2026-09-09T07:07:00.000Z,2026-09-09T10:07:00,12.61,12.7,12.61,12.64,5237
2026-09-09T07:08:00.000Z,2026-09-09T10:08:00,12.7,12.7,12.7,12.7,1080
2026-09-09T07:09:00.000Z,2026-09-09T10:09:00,12.69,12.7,12.65,12.65,11088
2026-09-09T07:10:00.000Z,2026-09-09T10:10:00,12.65,12.7,12.65,12.7,14055
2026-09-09T07:11:00.000Z,2026-09-09T10:11:00,12.65,12.65,12.56,12.56,50000
2026-09-09T07:12:00.000Z,2026-09-09T10:12:00,12.68,12.68,12.68,12.68,7039
2026-09-09T07:13:00.000Z,2026-09-09T10:13:00,12.58,12.6,12.56,12.6,27920
2026-09-09T07:14:00.000Z,2026-09-09T10:14:00,12.6,12.67,12.57,12.65,8766
2026-09-09T07:15:00.000Z,2026-09-09T10:15:00,12.64,12.64,12.6,12.6,10091
2026-09-09T07:18:00.000Z,2026-09-09T10:18:00,12.63,12.64,12.63,12.64,3264
2026-09-09T07:19:00.000Z,2026-09-09T10:19:00,12.64,12.65,12.64,12.65,12371
2026-09-09T07:20:00.000Z,2026-09-09T10:20:00,12.65,12.7,12.65,12.7,60370
2026-09-09T07:21:00.000Z,2026-09-09T10:21:00,12.7,12.7,12.67,12.7,17909
2026-09-09T07:22:00.000Z,2026-09-09T10:22:00,12.7,12.75,12.7,12.74,81664
2026-09-09T07:23:00.000Z,2026-09-09T10:23:00,12.74,12.74,12.7,12.74,37125
2026-09-09T07:24:00.000Z,2026-09-09T10:24:00,12.74,12.74,12.71,12.71,67338
2026-09-09T07:25:00.000Z,2026-09-09T10:25:00,12.71,12.73,12.71,12.72,2701
2026-09-09T07:26:00.000Z,2026-09-09T10:26:00,12.72,12.72,12.71,12.71,7177
2026-09-09T07:27:00.000Z,2026-09-09T10:27:00,12.73,12.74,12.73,12.73,8259
2026-09-09T07:28:00.000Z,2026-09-09T10:28:00,12.73,12.73,12.71,12.71,348
2026-09-09T07:29:00.000Z,2026-09-09T10:29:00,12.71,12.71,12.7,12.7,15519
2026-09-09T07:30:00.000Z,2026-09-09T10:30:00,12.7,12.7,12.67,12.67,54198
2026-09-09T07:31:00.000Z,2026-09-09T10:31:00,12.67,12.67,12.66,12.66,37986
2026-09-09T07:32:00.000Z,2026-09-09T10:32:00,12.7,12.7,12.66,12.7,4343
2026-09-09T07:33:00.000Z,2026-09-09T10:33:00,12.7,12.7,12.7,12.7,1238
2026-09-09T07:34:00.000Z,2026-09-09T10:34:00,12.66,12.66,12.66,12.66,16000
2026-09-09T07:35:00.000Z,2026-09-09T10:35:00,12.66,12.7,12.66,12.67,2776
2026-09-09T07:36:00.000Z,2026-09-09T10:36:00,12.67,12.67,12.65,12.65,43157
2026-09-09T07:37:00.000Z,2026-09-09T10:37:00,12.66,12.74,12.65,12.67,4092
2026-09-09T07:38:00.000Z,2026-09-09T10:38:00,12.73,12.73,12.67,12.7,7674
2026-09-09T07:39:00.000Z,2026-09-09T10:39:00,12.7,12.73,12.7,12.7,12151
2026-09-09T07:40:00.000Z,2026-09-09T10:40:00,12.7,12.7,12.67,12.67,200
2026-09-09T07:41:00.000Z,2026-09-09T10:41:00,12.67,12.67,12.67,12.67,10434
2026-09-09T07:42:00.000Z,2026-09-09T10:42:00,12.67,12.67,12.67,12.67,5000
2026-09-09T07:43:00.000Z,2026-09-09T10:43:00,12.69,12.69,12.67,12.69,3931
2026-09-09T07:44:00.000Z,2026-09-09T10:44:00,12.7,12.74,12.69,12.69,8326
2026-09-09T07:45:00.000Z,2026-09-09T10:45:00,12.69,12.74,12.65,12.65,27260
2026-09-09T07:46:00.000Z,2026-09-09T10:46:00,12.67,12.67,12.65,12.65,16857
2026-09-09T07:47:00.000Z,2026-09-09T10:47:00,12.65,12.67,12.65,12.65,26395
2026-09-09T07:48:00.000Z,2026-09-09T10:48:00,12.65,12.68,12.6,12.6,278078
2026-09-09T07:49:00.000Z,2026-09-09T10:49:00,12.59,12.66,12.58,12.66,62764
2026-09-09T07:50:00.000Z,2026-09-09T10:50:00,12.6,12.6,12.6,12.6,974
2026-09-09T07:51:00.000Z,2026-09-09T10:51:00,12.61,12.61,12.58,12.6,51587
2026-09-09T07:52:00.000Z,2026-09-09T10:52:00,12.66,12.66,12.66,12.66,349
2026-09-09T07:53:00.000Z,2026-09-09T10:53:00,12.66,12.67,12.66,12.67,4363
2026-09-09T07:54:00.000Z,2026-09-09T10:54:00,12.68,12.68,12.68,12.68,367
2026-09-09T07:55:00.000Z,2026-09-09T10:55:00,12.66,12.66,12.6,12.66,51137
2026-09-09T07:56:00.000Z,2026-09-09T10:56:00,12.66,12.66,12.66,12.66,291
2026-09-09T07:57:00.000Z,2026-09-09T10:57:00,12.66,12.66,12.66,12.66,40
2026-09-09T07:58:00.000Z,2026-09-09T10:58:00,12.63,12.63,12.62,12.62,5292
2026-09-09T07:59:00.000Z,2026-09-09T10:59:00,12.66,12.66,12.65,12.65,2029
2026-09-09T08:00:00.000Z,2026-09-09T11:00:00,12.66,12.7,12.66,12.7,10500
2026-09-09T08:01:00.000Z,2026-09-09T11:01:00,12.66,12.66,12.66,12.66,1840
2026-09-09T08:03:00.000Z,2026-09-09T11:03:00,12.66,12.68,12.66,12.68,13660
2026-09-09T08:04:00.000Z,2026-09-09T11:04:00,12.68,12.68,12.63,12.68,5020
2026-09-09T08:05:00.000Z,2026-09-09T11:05:00,12.67,12.67,12.61,12.61,54740
2026-09-09T08:06:00.000Z,2026-09-09T11:06:00,12.65,12.65,12.65,12.65,416
2026-09-09T08:08:00.000Z,2026-09-09T11:08:00,12.65,12.65,12.65,12.65,151
2026-09-09T08:09:00.000Z,2026-09-09T11:09:00,12.64,12.65,12.64,12.65,10433
2026-09-09T08:10:00.000Z,2026-09-09T11:10:00,12.65,12.68,12.63,12.63,53946
2026-09-09T08:11:00.000Z,2026-09-09T11:11:00,12.63,12.63,12.62,12.62,5000
2026-09-09T08:12:00.000Z,2026-09-09T11:12:00,12.65,12.65,12.61,12.61,5905
2026-09-09T08:13:00.000Z,2026-09-09T11:13:00,12.61,12.61,12.61,12.61,2029
2026-09-09T08:14:00.000Z,2026-09-09T11:14:00,12.61,12.61,12.6,12.6,45126
2026-09-09T08:15:00.000Z,2026-09-09T11:15:00,12.61,12.68,12.6,12.68,48465
2026-09-09T08:16:00.000Z,2026-09-09T11:16:00,12.68,12.68,12.68,12.68,1734
2026-09-09T08:17:00.000Z,2026-09-09T11:17:00,12.61,12.65,12.6,12.6,103016
2026-09-09T08:18:00.000Z,2026-09-09T11:18:00,12.6,12.6,12.58,12.6,44006
2026-09-09T08:19:00.000Z,2026-09-09T11:19:00,12.58,12.6,12.58,12.59,15468
2026-09-09T08:20:00.000Z,2026-09-09T11:20:00,12.59,12.6,12.59,12.6,25833
2026-09-09T08:21:00.000Z,2026-09-09T11:21:00,12.6,12.6,12.6,12.6,1000
2026-09-09T08:22:00.000Z,2026-09-09T11:22:00,12.65,12.65,12.65,12.65,6
2026-09-09T08:23:00.000Z,2026-09-09T11:23:00,12.65,12.65,12.61,12.61,20086
2026-09-09T08:25:00.000Z,2026-09-09T11:25:00,12.62,12.62,12.61,12.61,155
2026-09-09T08:26:00.000Z,2026-09-09T11:26:00,12.61,12.62,12.61,12.62,615
2026-09-09T08:27:00.000Z,2026-09-09T11:27:00,12.62,12.62,12.6,12.6,148317
2026-09-09T08:28:00.000Z,2026-09-09T11:28:00,12.57,12.58,12.57,12.58,4292
2026-09-09T08:29:00.000Z,2026-09-09T11:29:00,12.6,12.6,12.58,12.58,17715
2026-09-09T08:30:00.000Z,2026-09-09T11:30:00,12.57,12.58,12.55,12.58,170364
2026-09-09T08:31:00.000Z,2026-09-09T11:31:00,12.61,12.61,12.58,12.58,9015
2026-09-09T08:32:00.000Z,2026-09-09T11:32:00,12.58,12.6,12.56,12.6,6029
2026-09-09T08:33:00.000Z,2026-09-09T11:33:00,12.59,12.6,12.59,12.6,800
2026-09-09T08:34:00.000Z,2026-09-09T11:34:00,12.56,12.59,12.56,12.59,46272
2026-09-09T08:35:00.000Z,2026-09-09T11:35:00,12.6,12.6,12.6,12.6,41
2026-09-09T08:36:00.000Z,2026-09-09T11:36:00,12.6,12.6,12.56,12.59,9968
2026-09-09T08:37:00.000Z,2026-09-09T11:37:00,12.58,12.6,12.58,12.6,3011
2026-09-09T08:38:00.000Z,2026-09-09T11:38:00,12.59,12.59,12.52,12.52,307988
2026-09-09T08:39:00.000Z,2026-09-09T11:39:00,12.53,12.53,12.53,12.53,220
2026-09-09T08:40:00.000Z,2026-09-09T11:40:00,12.53,12.55,12.52,12.54,15720
2026-09-09T08:41:00.000Z,2026-09-09T11:41:00,12.52,12.52,12.51,12.51,37978
2026-09-09T08:42:00.000Z,2026-09-09T11:42:00,12.52,12.52,12.51,12.52,88873
2026-09-09T08:43:00.000Z,2026-09-09T11:43:00,12.52,12.53,12.52,12.52,80969
2026-09-09T08:44:00.000Z,2026-09-09T11:44:00,12.52,12.52,12.48,12.48,567748
2026-09-09T08:45:00.000Z,2026-09-09T11:45:00,12.45,12.48,12.43,12.43,92618
2026-09-09T08:46:00.000Z,2026-09-09T11:46:00,12.45,12.45,12.4,12.4,466738
2026-09-09T08:47:00.000Z,2026-09-09T11:47:00,12.4,12.47,12.4,12.47,86677
2026-09-09T08:48:00.000Z,2026-09-09T11:48:00,12.47,12.48,12.43,12.48,64794
2026-09-09T08:49:00.000Z,2026-09-09T11:49:00,12.5,12.52,12.46,12.46,176717
2026-09-09T08:50:00.000Z,2026-09-09T11:50:00,12.47,12.47,12.47,12.47,1189
2026-09-09T08:51:00.000Z,2026-09-09T11:51:00,12.5,12.5,12.46,12.5,70274
2026-09-09T08:52:00.000Z,2026-09-09T11:52:00,12.5,12.5,12.5,12.5,24017
2026-09-09T08:53:00.000Z,2026-09-09T11:53:00,12.49,12.51,12.46,12.49,101765
2026-09-09T08:54:00.000Z,2026-09-09T11:54:00,12.47,12.47,12.4,12.4,658000
2026-09-09T08:55:00.000Z,2026-09-09T11:55:00,12.45,12.48,12.4,12.48,114270
2026-09-09T08:56:00.000Z,2026-09-09T11:56:00,12.42,12.45,12.4,12.45,191656
2026-09-09T08:57:00.000Z,2026-09-09T11:57:00,12.4,12.44,12.4,12.44,46401
2026-09-09T08:58:00.000Z,2026-09-09T11:58:00,12.43,12.43,12.41,12.41,10319
2026-09-09T08:59:00.000Z,2026-09-09T11:59:00,12.41,12.41,12.37,12.37,128765
2026-09-09T09:00:00.000Z,2026-09-09T12:00:00,12.39,12.39,12.35,12.36,119758
2026-09-09T09:01:00.000Z,2026-09-09T12:01:00,12.39,12.39,12.35,12.38,139160
2026-09-09T09:02:00.000Z,2026-09-09T12:02:00,12.38,12.38,12.37,12.37,6494
2026-09-09T09:03:00.000Z,2026-09-09T12:03:00,12.38,12.4,12.36,12.4,27520
2026-09-09T09:04:00.000Z,2026-09-09T12:04:00,12.4,12.45,12.4,12.45,27360
2026-09-09T09:05:00.000Z,2026-09-09T12:05:00,12.45,12.45,12.41,12.41,116016
2026-09-09T09:06:00.000Z,2026-09-09T12:06:00,12.42,12.46,12.4,12.44,132234
2026-09-09T09:07:00.000Z,2026-09-09T12:07:00,12.41,12.45,12.4,12.45,28624
2026-09-09T09:08:00.000Z,2026-09-09T12:08:00,12.45,12.45,12.41,12.41,38233
2026-09-09T09:09:00.000Z,2026-09-09T12:09:00,12.41,12.49,12.4,12.49,178656
2026-09-09T09:10:00.000Z,2026-09-09T12:10:00,12.49,12.5,12.43,12.46,76778
2026-09-09T09:11:00.000Z,2026-09-09T12:11:00,12.46,12.48,12.4,12.4,261964
2026-09-09T09:12:00.000Z,2026-09-09T12:12:00,12.43,12.46,12.4,12.4,107171
2026-09-09T09:13:00.000Z,2026-09-09T12:13:00,12.4,12.45,12.4,12.41,38216
2026-09-09T09:14:00.000Z,2026-09-09T12:14:00,12.46,12.46,12.42,12.46,1017
2026-09-09T09:15:00.000Z,2026-09-09T12:15:00,12.45,12.47,12.45,12.46,19506
2026-09-09T09:16:00.000Z,2026-09-09T12:16:00,12.46,12.47,12.46,12.46,27153
2026-09-09T09:17:00.000Z,2026-09-09T12:17:00,12.46,12.47,12.42,12.47,38077
2026-09-09T09:18:00.000Z,2026-09-09T12:18:00,12.45,12.5,12.45,12.47,81229
2026-09-09T09:19:00.000Z,2026-09-09T12:19:00,12.5,12.51,12.5,12.5,118513
2026-09-09T09:20:00.000Z,2026-09-09T12:20:00,12.5,12.5,12.49,12.49,28164
2026-09-09T09:21:00.000Z,2026-09-09T12:21:00,12.5,12.5,12.45,12.45,33286
2026-09-09T09:22:00.000Z,2026-09-09T12:22:00,12.45,12.48,12.44,12.44,108292
2026-09-09T09:23:00.000Z,2026-09-09T12:23:00,12.44,12.46,12.43,12.43,118359
2026-09-09T09:24:00.000Z,2026-09-09T12:24:00,12.43,12.44,12.4,12.44,65139
2026-09-09T09:25:00.000Z,2026-09-09T12:25:00,12.44,12.46,12.4,12.4,243345
2026-09-09T09:26:00.000Z,2026-09-09T12:26:00,12.42,12.45,12.42,12.45,24226
2026-09-09T09:27:00.000Z,2026-09-09T12:27:00,12.42,12.45,12.42,12.43,40516
2026-09-09T09:28:00.000Z,2026-09-09T12:28:00,12.43,12.46,12.41,12.46,131021
2026-09-09T09:29:00.000Z,2026-09-09T12:29:00,12.43,12.45,12.43,12.45,434600
2026-09-09T09:30:00.000Z,2026-09-09T12:30:00,12.46,12.49,12.45,12.48,17853
2026-09-09T09:31:00.000Z,2026-09-09T12:31:00,12.48,12.48,12.48,12.48,24400
2026-09-09T09:32:00.000Z,2026-09-09T12:32:00,12.46,12.46,12.46,12.46,18136
2026-09-09T09:33:00.000Z,2026-09-09T12:33:00,12.46,12.47,12.44,12.45,124495
2026-09-09T09:34:00.000Z,2026-09-09T12:34:00,12.44,12.47,12.44,12.47,70670
2026-09-09T09:35:00.000Z,2026-09-09T12:35:00,12.47,12.47,12.45,12.46,23383
2026-09-09T09:36:00.000Z,2026-09-09T12:36:00,12.46,12.46,12.46,12.46,4692
2026-09-09T09:37:00.000Z,2026-09-09T12:37:00,12.48,12.5,12.46,12.48,28937
2026-09-09T09:38:00.000Z,2026-09-09T12:38:00,12.5,12.5,12.48,12.48,40039
2026-09-09T09:39:00.000Z,2026-09-09T12:39:00,12.47,12.58,12.47,12.58,400555
2026-09-09T09:40:00.000Z,2026-09-09T12:40:00,12.51,12.51,12.51,12.51,342
2026-09-09T09:41:00.000Z,2026-09-09T12:41:00,12.51,12.56,12.5,12.5,18321
2026-09-09T09:42:00.000Z,2026-09-09T12:42:00,12.5,12.56,12.5,12.56,2371
2026-09-09T09:43:00.000Z,2026-09-09T12:43:00,12.55,12.58,12.55,12.58,151634
2026-09-09T09:44:00.000Z,2026-09-09T12:44:00,12.56,12.58,12.56,12.58,14236
2026-09-09T09:46:00.000Z,2026-09-09T12:46:00,12.56,12.56,12.55,12.55,23250
2026-09-09T09:47:00.000Z,2026-09-09T12:47:00,12.52,12.57,12.52,12.57,25100
2026-09-09T09:48:00.000Z,2026-09-09T12:48:00,12.55,12.55,12.54,12.55,33898
2026-09-09T09:49:00.000Z,2026-09-09T12:49:00,12.54,12.55,12.54,12.55,38728
2026-09-09T09:50:00.000Z,2026-09-09T12:50:00,12.56,12.56,12.54,12.55,31336
2026-09-09T09:51:00.000Z,2026-09-09T12:51:00,12.53,12.56,12.52,12.56,59574
2026-09-09T09:52:00.000Z,2026-09-09T12:52:00,12.53,12.53,12.53,12.53,225000
2026-09-09T09:53:00.000Z,2026-09-09T12:53:00,12.55,12.55,12.53,12.53,11943
2026-09-09T09:54:00.000Z,2026-09-09T12:54:00,12.53,12.53,12.53,12.53,532
2026-09-09T09:55:00.000Z,2026-09-09T12:55:00,12.53,12.53,12.5,12.5,28577
2026-09-09T09:56:00.000Z,2026-09-09T12:56:00,12.5,12.5,12.48,12.48,7600
2026-09-09T09:57:00.000Z,2026-09-09T12:57:00,12.48,12.48,12.48,12.48,11377
2026-09-09T09:58:00.000Z,2026-09-09T12:58:00,12.48,12.5,12.48,12.49,17269
2026-09-09T09:59:00.000Z,2026-09-09T12:59:00,12.49,12.5,12.49,12.5,21910
2026-09-09T10:00:00.000Z,2026-09-09T13:00:00,12.5,12.5,12.5,12.5,30
2026-09-09T10:01:00.000Z,2026-09-09T13:01:00,12.53,12.54,12.51,12.54,5789
2026-09-09T10:02:00.000Z,2026-09-09T13:02:00,12.51,12.54,12.5,12.54,4232
2026-09-09T10:03:00.000Z,2026-09-09T13:03:00,12.51,12.51,12.5,12.5,48173
2026-09-09T10:04:00.000Z,2026-09-09T13:04:00,12.5,12.5,12.48,12.48,10271
2026-09-09T10:05:00.000Z,2026-09-09T13:05:00,12.49,12.49,12.49,12.49,637
2026-09-09T10:06:00.000Z,2026-09-09T13:06:00,12.49,12.5,12.49,12.5,10307
2026-09-09T10:07:00.000Z,2026-09-09T13:07:00,12.51,12.51,12.51,12.51,5437
2026-09-09T10:08:00.000Z,2026-09-09T13:08:00,12.51,12.51,12.51,12.51,78
2026-09-09T10:09:00.000Z,2026-09-09T13:09:00,12.51,12.51,12.51,12.51,1228
2026-09-09T10:10:00.000Z,2026-09-09T13:10:00,12.51,12.51,12.5,12.5,250000
2026-09-09T10:11:00.000Z,2026-09-09T13:11:00,12.52,12.52,12.5,12.5,7264
2026-09-09T10:12:00.000Z,2026-09-09T13:12:00,12.5,12.5,12.5,12.5,10779
2026-09-09T10:13:00.000Z,2026-09-09T13:13:00,12.49,12.49,12.47,12.47,150035
2026-09-09T10:14:00.000Z,2026-09-09T13:14:00,12.47,12.47,12.44,12.47,150229
2026-09-09T10:15:00.000Z,2026-09-09T13:15:00,12.47,12.48,12.46,12.46,147100
2026-09-09T10:16:00.000Z,2026-09-09T13:16:00,12.44,12.44,12.44,12.44,1477
2026-09-09T10:17:00.000Z,2026-09-09T13:17:00,12.45,12.45,12.45,12.45,1685
2026-09-09T10:18:00.000Z,2026-09-09T13:18:00,12.44,12.44,12.44,12.44,5871
2026-09-09T10:19:00.000Z,2026-09-09T13:19:00,12.44,12.44,12.43,12.43,19300
2026-09-09T10:20:00.000Z,2026-09-09T13:20:00,12.45,12.47,12.43,12.47,28444
2026-09-09T10:21:00.000Z,2026-09-09T13:21:00,12.48,12.49,12.45,12.47,10971
2026-09-09T10:22:00.000Z,2026-09-09T13:22:00,12.45,12.45,12.44,12.44,36779
2026-09-09T10:23:00.000Z,2026-09-09T13:23:00,12.44,12.45,12.43,12.45,51553
2026-09-09T10:24:00.000Z,2026-09-09T13:24:00,12.46,12.46,12.45,12.45,947
2026-09-09T10:25:00.000Z,2026-09-09T13:25:00,12.45,12.45,12.43,12.43,1250
2026-09-09T10:26:00.000Z,2026-09-09T13:26:00,12.43,12.45,12.42,12.45,48708
2026-09-09T10:27:00.000Z,2026-09-09T13:27:00,12.45,12.45,12.45,12.45,39897
2026-09-09T10:28:00.000Z,2026-09-09T13:28:00,12.43,12.43,12.42,12.42,46261
2026-09-09T10:29:00.000Z,2026-09-09T13:29:00,12.45,12.47,12.45,12.45,10120
2026-09-09T10:30:00.000Z,2026-09-09T13:30:00,12.45,12.45,12.43,12.43,4979
2026-09-09T10:31:00.000Z,2026-09-09T13:31:00,12.45,12.45,12.45,12.45,25225
2026-09-09T10:32:00.000Z,2026-09-09T13:32:00,12.44,12.44,12.44,12.44,150
2026-09-09T10:33:00.000Z,2026-09-09T13:33:00,12.43,12.44,12.42,12.42,46892
2026-09-09T10:34:00.000Z,2026-09-09T13:34:00,12.41,12.41,12.38,12.39,239319
2026-09-09T10:35:00.000Z,2026-09-09T13:35:00,12.4,12.42,12.38,12.4,34424
2026-09-09T10:36:00.000Z,2026-09-09T13:36:00,12.4,12.4,12.4,12.4,80250
2026-09-09T10:37:00.000Z,2026-09-09T13:37:00,12.42,12.45,12.42,12.45,34459
2026-09-09T10:38:00.000Z,2026-09-09T13:38:00,12.45,12.47,12.45,12.45,71612
2026-09-09T10:39:00.000Z,2026-09-09T13:39:00,12.45,12.45,12.45,12.45,30201
2026-09-09T10:40:00.000Z,2026-09-09T13:40:00,12.42,12.42,12.41,12.41,5418
2026-09-09T10:41:00.000Z,2026-09-09T13:41:00,12.45,12.47,12.41,12.47,13496
2026-09-09T10:43:00.000Z,2026-09-09T13:43:00,12.41,12.45,12.41,12.42,24025
2026-09-09T10:44:00.000Z,2026-09-09T13:44:00,12.42,12.45,12.42,12.45,5062
2026-09-09T10:45:00.000Z,2026-09-09T13:45:00,12.42,12.42,12.41,12.41,78414
2026-09-09T10:46:00.000Z,2026-09-09T13:46:00,12.4,12.41,12.38,12.38,263436
2026-09-09T10:47:00.000Z,2026-09-09T13:47:00,12.4,12.4,12.38,12.38,15712
2026-09-09T10:48:00.000Z,2026-09-09T13:48:00,12.4,12.4,12.4,12.4,88
2026-09-09T10:49:00.000Z,2026-09-09T13:49:00,12.38,12.38,12.38,12.38,2612
2026-09-09T10:50:00.000Z,2026-09-09T13:50:00,12.4,12.4,12.38,12.38,6352
2026-09-09T10:51:00.000Z,2026-09-09T13:51:00,12.4,12.4,12.38,12.4,2409
2026-09-09T10:52:00.000Z,2026-09-09T13:52:00,12.4,12.4,12.39,12.39,2754
2026-09-09T10:53:00.000Z,2026-09-09T13:53:00,12.38,12.4,12.38,12.4,5768
2026-09-09T10:54:00.000Z,2026-09-09T13:54:00,12.39,12.4,12.39,12.4,7209
2026-09-09T10:55:00.000Z,2026-09-09T13:55:00,12.4,12.44,12.4,12.4,113571
2026-09-09T10:56:00.000Z,2026-09-09T13:56:00,12.4,12.45,12.4,12.45,109718
2026-09-09T10:57:00.000Z,2026-09-09T13:57:00,12.41,12.45,12.41,12.45,60100
2026-09-09T10:58:00.000Z,2026-09-09T13:58:00,12.44,12.45,12.41,12.41,104111
2026-09-09T10:59:00.000Z,2026-09-09T13:59:00,12.42,12.44,12.4,12.4,512184
2026-09-09T11:00:00.000Z,2026-09-09T14:00:00,12.41,12.44,12.4,12.4,220972
2026-09-09T11:01:00.000Z,2026-09-09T14:01:00,12.43,12.43,12.4,12.43,62685
2026-09-09T11:02:00.000Z,2026-09-09T14:02:00,12.43,12.44,12.42,12.44,7142
2026-09-09T11:03:00.000Z,2026-09-09T14:03:00,12.44,12.44,12.44,12.44,26624
2026-09-09T11:04:00.000Z,2026-09-09T14:04:00,12.44,12.44,12.43,12.44,21900
2026-09-09T11:05:00.000Z,2026-09-09T14:05:00,12.43,12.45,12.43,12.45,125530
2026-09-09T11:06:00.000Z,2026-09-09T14:06:00,12.45,12.45,12.43,12.43,7637
2026-09-09T11:07:00.000Z,2026-09-09T14:07:00,12.44,12.44,12.44,12.44,7512
2026-09-09T11:08:00.000Z,2026-09-09T14:08:00,12.43,12.47,12.42,12.46,86428
2026-09-09T11:09:00.000Z,2026-09-09T14:09:00,12.46,12.47,12.46,12.47,20378
2026-09-09T11:10:00.000Z,2026-09-09T14:10:00,12.47,12.47,12.46,12.46,37445
2026-09-09T11:11:00.000Z,2026-09-09T14:11:00,12.46,12.46,12.46,12.46,2451
2026-09-09T11:12:00.000Z,2026-09-09T14:12:00,12.46,12.46,12.44,12.44,13365
2026-09-09T11:13:00.000Z,2026-09-09T14:13:00,12.44,12.45,12.43,12.44,78176
2026-09-09T11:14:00.000Z,2026-09-09T14:14:00,12.44,12.44,12.42,12.44,62348
2026-09-09T11:15:00.000Z,2026-09-09T14:15:00,12.44,12.44,12.44,12.44,7000
2026-09-09T11:25:00.000Z,2026-09-09T14:25:00,12.44,12.44,12.44,12.44,359036
2026-09-09T11:26:00.000Z,2026-09-09T14:26:00,12.44,12.44,12.44,12.44,66569
2026-09-09T11:27:00.000Z,2026-09-09T14:27:00,12.44,12.44,12.44,12.44,1010
2026-09-09T11:28:00.000Z,2026-09-09T14:28:00,12.44,12.44,12.44,12.44,38506
2026-09-09T11:29:00.000Z,2026-09-09T14:29:00,12.44,12.44,12.44,12.44,20500
2026-09-10T07:00:00.000Z,2026-09-10T10:00:00,12.47,12.47,12.45,12.46,182346
2026-09-10T07:01:00.000Z,2026-09-10T10:01:00,12.46,12.46,12.45,12.46,8108
2026-09-10T07:02:00.000Z,2026-09-10T10:02:00,12.48,12.48,12.46,12.46,11297
2026-09-10T07:03:00.000Z,2026-09-10T10:03:00,12.46,12.54,12.46,12.5,31054
2026-09-10T07:04:00.000Z,2026-09-10T10:04:00,12.48,12.48,12.48,12.48,4842
2026-09-10T07:05:00.000Z,2026-09-10T10:05:00,12.48,12.5,12.48,12.5,3029
2026-09-10T07:06:00.000Z,2026-09-10T10:06:00,12.5,12.5,12.46,12.5,11829
2026-09-10T07:07:00.000Z,2026-09-10T10:07:00,12.47,12.47,12.47,12.47,150
2026-09-10T07:08:00.000Z,2026-09-10T10:08:00,12.48,12.48,12.48,12.48,98
2026-09-10T07:09:00.000Z,2026-09-10T10:09:00,12.5,12.5,12.5,12.5,34028
2026-09-10T07:10:00.000Z,2026-09-10T10:10:00,12.47,12.47,12.46,12.46,21356
2026-09-10T07:11:00.000Z,2026-09-10T10:11:00,12.49,12.49,12.47,12.47,170
2026-09-10T07:12:00.000Z,2026-09-10T10:12:00,12.49,12.49,12.45,12.47,50258
2026-09-10T07:13:00.000Z,2026-09-10T10:13:00,12.49,12.49,12.46,12.46,6570
2026-09-10T07:14:00.000Z,2026-09-10T10:14:00,12.49,12.49,12.49,12.49,5000
2026-09-10T07:15:00.000Z,2026-09-10T10:15:00,12.49,12.49,12.49,12.49,121
2026-09-10T07:16:00.000Z,2026-09-10T10:16:00,12.49,12.49,12.46,12.46,8667
2026-09-10T07:17:00.000Z,2026-09-10T10:17:00,12.46,12.46,12.44,12.44,20688
2026-09-10T07:18:00.000Z,2026-09-10T10:18:00,12.44,12.45,12.44,12.45,8476
2026-09-10T07:19:00.000Z,2026-09-10T10:19:00,12.44,12.45,12.44,12.45,5530
2026-09-10T07:20:00.000Z,2026-09-10T10:20:00,12.44,12.44,12.42,12.44,57894
2026-09-10T07:21:00.000Z,2026-09-10T10:21:00,12.43,12.44,12.42,12.42,9050
2026-09-10T07:22:00.000Z,2026-09-10T10:22:00,12.43,12.45,12.42,12.42,22392
2026-09-10T07:23:00.000Z,2026-09-10T10:23:00,12.45,12.45,12.41,12.45,21146
2026-09-10T07:24:00.000Z,2026-09-10T10:24:00,12.41,12.42,12.41,12.42,7071
2026-09-10T07:25:00.000Z,2026-09-10T10:25:00,12.41,12.45,12.41,12.45,3590
2026-09-10T07:26:00.000Z,2026-09-10T10:26:00,12.42,12.45,12.41,12.42,32091
2026-09-10T07:27:00.000Z,2026-09-10T10:27:00,12.45,12.45,12.41,12.43,64962
2026-09-10T07:28:00.000Z,2026-09-10T10:28:00,12.43,12.43,12.42,12.42,14022
2026-09-10T07:29:00.000Z,2026-09-10T10:29:00,12.43,12.47,12.43,12.47,60491
2026-09-10T07:30:00.000Z,2026-09-10T10:30:00,12.48,12.55,12.48,12.55,176031
2026-09-10T07:31:00.000Z,2026-09-10T10:31:00,12.55,12.56,12.55,12.55,20025
2026-09-10T07:32:00.000Z,2026-09-10T10:32:00,12.56,12.62,12.56,12.62,76257
2026-09-10T07:33:00.000Z,2026-09-10T10:33:00,12.6,12.65,12.6,12.6,145318
2026-09-10T07:34:00.000Z,2026-09-10T10:34:00,12.6,12.62,12.6,12.6,29947
2026-09-10T07:35:00.000Z,2026-09-10T10:35:00,12.62,12.63,12.6,12.6,47511
2026-09-10T07:36:00.000Z,2026-09-10T10:36:00,12.6,12.6,12.57,12.57,69350
2026-09-10T07:37:00.000Z,2026-09-10T10:37:00,12.57,12.63,12.55,12.63,93089
2026-09-10T07:38:00.000Z,2026-09-10T10:38:00,12.63,12.65,12.63,12.65,101476
2026-09-10T07:39:00.000Z,2026-09-10T10:39:00,12.65,12.7,12.65,12.7,423141
2026-09-10T07:40:00.000Z,2026-09-10T10:40:00,12.68,12.7,12.64,12.7,198778
2026-09-10T07:41:00.000Z,2026-09-10T10:41:00,12.64,12.68,12.64,12.68,85355
2026-09-10T07:42:00.000Z,2026-09-10T10:42:00,12.68,12.68,12.58,12.58,249642
2026-09-10T07:43:00.000Z,2026-09-10T10:43:00,12.61,12.61,12.61,12.61,156
2026-09-10T07:44:00.000Z,2026-09-10T10:44:00,12.65,12.65,12.65,12.65,91
2026-09-10T07:45:00.000Z,2026-09-10T10:45:00,12.65,12.7,12.65,12.69,158200
2026-09-10T07:46:00.000Z,2026-09-10T10:46:00,12.69,12.69,12.65,12.65,16736
2026-09-10T07:47:00.000Z,2026-09-10T10:47:00,12.65,12.65,12.63,12.63,2125
2026-09-10T07:48:00.000Z,2026-09-10T10:48:00,12.63,12.67,12.6,12.6,233361
2026-09-10T07:49:00.000Z,2026-09-10T10:49:00,12.59,12.64,12.55,12.55,31294
2026-09-10T07:50:00.000Z,2026-09-10T10:50:00,12.6,12.6,12.6,12.6,12000
2026-09-10T07:51:00.000Z,2026-09-10T10:51:00,12.59,12.59,12.56,12.59,10983
2026-09-10T07:52:00.000Z,2026-09-10T10:52:00,12.56,12.59,12.55,12.58,9952
2026-09-10T07:53:00.000Z,2026-09-10T10:53:00,12.55,12.57,12.5,12.57,421386
2026-09-10T07:54:00.000Z,2026-09-10T10:54:00,12.53,12.57,12.5,12.5,252106
2026-09-10T07:55:00.000Z,2026-09-10T10:55:00,12.52,12.55,12.52,12.55,1646
2026-09-10T07:56:00.000Z,2026-09-10T10:56:00,12.52,12.55,12.5,12.5,12977
2026-09-10T07:57:00.000Z,2026-09-10T10:57:00,12.5,12.55,12.5,12.5,3163
2026-09-10T07:58:00.000Z,2026-09-10T10:58:00,12.51,12.55,12.5,12.5,92000
2026-09-10T07:59:00.000Z,2026-09-10T10:59:00,12.5,12.5,12.5,12.5,5600
2026-09-10T08:00:00.000Z,2026-09-10T11:00:00,12.5,12.5,12.5,12.5,10000
2026-09-10T08:01:00.000Z,2026-09-10T11:01:00,12.55,12.57,12.55,12.57,72
2026-09-10T08:02:00.000Z,2026-09-10T11:02:00,12.56,12.57,12.51,12.51,20352
2026-09-10T08:03:00.000Z,2026-09-10T11:03:00,12.51,12.51,12.51,12.51,4143
2026-09-10T08:04:00.000Z,2026-09-10T11:04:00,12.51,12.51,12.5,12.5,11871
2026-09-10T08:05:00.000Z,2026-09-10T11:05:00,12.5,12.5,12.5,12.5,34948
2026-09-10T08:06:00.000Z,2026-09-10T11:06:00,12.55,12.55,12.5,12.5,5006
2026-09-10T08:08:00.000Z,2026-09-10T11:08:00,12.51,12.51,12.5,12.5,91017
2026-09-10T08:09:00.000Z,2026-09-10T11:09:00,12.49,12.49,12.49,12.49,17539
2026-09-10T08:10:00.000Z,2026-09-10T11:10:00,12.5,12.5,12.49,12.49,2761
2026-09-10T08:11:00.000Z,2026-09-10T11:11:00,12.48,12.48,12.4,12.4,450588
2026-09-10T08:12:00.000Z,2026-09-10T11:12:00,12.42,12.49,12.42,12.49,1471
2026-09-10T08:13:00.000Z,2026-09-10T11:13:00,12.49,12.49,12.49,12.49,28
2026-09-10T08:14:00.000Z,2026-09-10T11:14:00,12.44,12.47,12.44,12.47,260
2026-09-10T08:15:00.000Z,2026-09-10T11:15:00,12.45,12.49,12.45,12.49,37728
2026-09-10T08:16:00.000Z,2026-09-10T11:16:00,12.5,12.5,12.5,12.5,5178
2026-09-10T08:17:00.000Z,2026-09-10T11:17:00,12.51,12.54,12.51,12.54,5157
2026-09-10T08:18:00.000Z,2026-09-10T11:18:00,12.52,12.52,12.5,12.5,135793
2026-09-10T08:19:00.000Z,2026-09-10T11:19:00,12.51,12.53,12.5,12.5,222457
2026-09-10T08:20:00.000Z,2026-09-10T11:20:00,12.51,12.51,12.5,12.5,400
2026-09-10T08:21:00.000Z,2026-09-10T11:21:00,12.53,12.53,12.5,12.5,27155
2026-09-10T08:22:00.000Z,2026-09-10T11:22:00,12.51,12.51,12.4,12.4,700000
2026-09-10T08:23:00.000Z,2026-09-10T11:23:00,12.5,12.5,12.47,12.47,2444
2026-09-10T08:24:00.000Z,2026-09-10T11:24:00,12.47,12.47,12.46,12.46,1493
2026-09-10T08:26:00.000Z,2026-09-10T11:26:00,12.46,12.48,12.4,12.48,500145
2026-09-10T08:27:00.000Z,2026-09-10T11:27:00,12.44,12.44,12.4,12.4,350000
2026-09-10T08:28:00.000Z,2026-09-10T11:28:00,12.45,12.45,12.39,12.45,149333
2026-09-10T08:29:00.000Z,2026-09-10T11:29:00,12.42,12.43,12.39,12.4,303994
2026-09-10T08:30:00.000Z,2026-09-10T11:30:00,12.4,12.43,12.4,12.42,313724
2026-09-10T08:31:00.000Z,2026-09-10T11:31:00,12.41,12.41,12.41,12.41,928
2026-09-10T08:32:00.000Z,2026-09-10T11:32:00,12.41,12.41,12.41,12.41,27998
2026-09-10T08:33:00.000Z,2026-09-10T11:33:00,12.4,12.41,12.4,12.41,6200
2026-09-10T08:34:00.000Z,2026-09-10T11:34:00,12.4,12.42,12.4,12.42,21303
2026-09-10T08:36:00.000Z,2026-09-10T11:36:00,12.42,12.43,12.39,12.39,95903
2026-09-10T08:37:00.000Z,2026-09-10T11:37:00,12.4,12.4,12.38,12.39,120972
2026-09-10T08:38:00.000Z,2026-09-10T11:38:00,12.39,12.4,12.38,12.4,51544
2026-09-10T08:39:00.000Z,2026-09-10T11:39:00,12.39,12.4,12.39,12.4,44249
2026-09-10T08:40:00.000Z,2026-09-10T11:40:00,12.4,12.4,12.39,12.4,15280
2026-09-10T08:41:00.000Z,2026-09-10T11:41:00,12.4,12.4,12.4,12.4,41585
2026-09-10T08:42:00.000Z,2026-09-10T11:42:00,12.41,12.41,12.4,12.4,20000
2026-09-10T08:43:00.000Z,2026-09-10T11:43:00,12.4,12.4,12.4,12.4,8200
2026-09-10T08:44:00.000Z,2026-09-10T11:44:00,12.4,12.4,12.4,12.4,900
2026-09-10T08:45:00.000Z,2026-09-10T11:45:00,12.39,12.39,12.37,12.38,124004
2026-09-10T08:46:00.000Z,2026-09-10T11:46:00,12.38,12.4,12.38,12.4,4319
2026-09-10T08:47:00.000Z,2026-09-10T11:47:00,12.39,12.39,12.37,12.38,12102
2026-09-10T08:48:00.000Z,2026-09-10T11:48:00,12.37,12.39,12.37,12.39,4425
2026-09-10T08:49:00.000Z,2026-09-10T11:49:00,12.38,12.39,12.36,12.36,79092
2026-09-10T08:50:00.000Z,2026-09-10T11:50:00,12.37,12.37,12.35,12.35,102519
2026-09-10T08:51:00.000Z,2026-09-10T11:51:00,12.35,12.35,12.34,12.34,15759
2026-09-10T08:52:00.000Z,2026-09-10T11:52:00,12.35,12.35,12.34,12.34,10100
2026-09-10T08:53:00.000Z,2026-09-10T11:53:00,12.35,12.35,12.34,12.35,11051
2026-09-10T08:54:00.000Z,2026-09-10T11:54:00,12.35,12.35,12.35,12.35,6257
2026-09-10T08:55:00.000Z,2026-09-10T11:55:00,12.35,12.36,12.35,12.36,42406
2026-09-10T08:57:00.000Z,2026-09-10T11:57:00,12.38,12.39,12.38,12.39,74902
2026-09-10T08:58:00.000Z,2026-09-10T11:58:00,12.4,12.4,12.39,12.39,34837
2026-09-10T08:59:00.000Z,2026-09-10T11:59:00,12.38,12.38,12.38,12.38,4009
2026-09-10T09:01:00.000Z,2026-09-10T12:01:00,12.39,12.39,12.39,12.39,895
2026-09-10T09:02:00.000Z,2026-09-10T12:02:00,12.39,12.39,12.39,12.39,5671
2026-09-10T09:03:00.000Z,2026-09-10T12:03:00,12.4,12.4,12.4,12.4,6151
2026-09-10T09:05:00.000Z,2026-09-10T12:05:00,12.39,12.39,12.39,12.39,29430
2026-09-10T09:06:00.000Z,2026-09-10T12:06:00,12.39,12.4,12.39,12.39,30872
2026-09-10T09:07:00.000Z,2026-09-10T12:07:00,12.4,12.4,12.39,12.4,1166
2026-09-10T09:08:00.000Z,2026-09-10T12:08:00,12.39,12.4,12.39,12.4,10720
2026-09-10T09:09:00.000Z,2026-09-10T12:09:00,12.39,12.4,12.39,12.39,1820
2026-09-10T09:10:00.000Z,2026-09-10T12:10:00,12.4,12.4,12.4,12.4,44164
2026-09-10T09:11:00.000Z,2026-09-10T12:11:00,12.4,12.43,12.39,12.39,15147
2026-09-10T09:12:00.000Z,2026-09-10T12:12:00,12.43,12.43,12.35,12.35,238752
2026-09-10T09:13:00.000Z,2026-09-10T12:13:00,12.36,12.36,12.34,12.35,58015
2026-09-10T09:14:00.000Z,2026-09-10T12:14:00,12.35,12.35,12.35,12.35,2035
2026-09-10T09:15:00.000Z,2026-09-10T12:15:00,12.35,12.35,12.34,12.34,1605
2026-09-10T09:16:00.000Z,2026-09-10T12:16:00,12.35,12.35,12.34,12.35,10752
2026-09-10T09:17:00.000Z,2026-09-10T12:17:00,12.35,12.38,12.34,12.34,32628
2026-09-10T09:18:00.000Z,2026-09-10T12:18:00,12.35,12.35,12.35,12.35,6840
2026-09-10T09:19:00.000Z,2026-09-10T12:19:00,12.34,12.35,12.34,12.35,4453
2026-09-10T09:20:00.000Z,2026-09-10T12:20:00,12.34,12.38,12.34,12.34,12599
2026-09-10T09:21:00.000Z,2026-09-10T12:21:00,12.38,12.4,12.35,12.35,8798
2026-09-10T09:22:00.000Z,2026-09-10T12:22:00,12.35,12.36,12.35,12.35,21997
2026-09-10T09:23:00.000Z,2026-09-10T12:23:00,12.35,12.35,12.35,12.35,10000
2026-09-10T09:24:00.000Z,2026-09-10T12:24:00,12.36,12.36,12.35,12.35,14670
2026-09-10T09:25:00.000Z,2026-09-10T12:25:00,12.38,12.38,12.35,12.35,5809
2026-09-10T09:27:00.000Z,2026-09-10T12:27:00,12.38,12.38,12.38,12.38,100000
2026-09-10T09:28:00.000Z,2026-09-10T12:28:00,12.38,12.38,12.38,12.38,200
2026-09-10T09:30:00.000Z,2026-09-10T12:30:00,12.36,12.36,12.36,12.36,23451
2026-09-10T09:31:00.000Z,2026-09-10T12:31:00,12.36,12.38,12.36,12.36,3703
2026-09-10T09:34:00.000Z,2026-09-10T12:34:00,12.38,12.38,12.38,12.38,2036
2026-09-10T09:35:00.000Z,2026-09-10T12:35:00,12.37,12.37,12.35,12.35,36306
2026-09-10T09:36:00.000Z,2026-09-10T12:36:00,12.34,12.35,12.34,12.35,23612
2026-09-10T09:37:00.000Z,2026-09-10T12:37:00,12.34,12.34,12.34,12.34,37
2026-09-10T09:38:00.000Z,2026-09-10T12:38:00,12.35,12.35,12.35,12.35,7653
2026-09-10T09:39:00.000Z,2026-09-10T12:39:00,12.36,12.36,12.36,12.36,504
2026-09-10T09:40:00.000Z,2026-09-10T12:40:00,12.36,12.36,12.36,12.36,1496
2026-09-10T09:41:00.000Z,2026-09-10T12:41:00,12.35,12.36,12.35,12.36,1089
2026-09-10T09:42:00.000Z,2026-09-10T12:42:00,12.36,12.36,12.36,12.36,4159
2026-09-10T09:43:00.000Z,2026-09-10T12:43:00,12.36,12.38,12.35,12.36,51314
2026-09-10T09:44:00.000Z,2026-09-10T12:44:00,12.36,12.36,12.35,12.35,31984
2026-09-10T09:45:00.000Z,2026-09-10T12:45:00,12.38,12.38,12.38,12.38,31
2026-09-10T09:46:00.000Z,2026-09-10T12:46:00,12.38,12.39,12.38,12.38,13845
2026-09-10T09:47:00.000Z,2026-09-10T12:47:00,12.38,12.39,12.38,12.39,54329
2026-09-10T09:48:00.000Z,2026-09-10T12:48:00,12.38,12.4,12.38,12.4,185900
2026-09-10T09:49:00.000Z,2026-09-10T12:49:00,12.4,12.43,12.4,12.43,144530
2026-09-10T09:50:00.000Z,2026-09-10T12:50:00,12.42,12.46,12.42,12.42,165351
2026-09-10T09:51:00.000Z,2026-09-10T12:51:00,12.45,12.45,12.45,12.45,30000
2026-09-10T09:52:00.000Z,2026-09-10T12:52:00,12.44,12.45,12.44,12.44,15201
2026-09-10T09:53:00.000Z,2026-09-10T12:53:00,12.45,12.45,12.4,12.44,60960
2026-09-10T09:54:00.000Z,2026-09-10T12:54:00,12.43,12.46,12.41,12.43,88200
2026-09-10T09:55:00.000Z,2026-09-10T12:55:00,12.45,12.45,12.45,12.45,20
2026-09-10T09:57:00.000Z,2026-09-10T12:57:00,12.43,12.43,12.43,12.43,200
2026-09-10T09:58:00.000Z,2026-09-10T12:58:00,12.44,12.45,12.43,12.43,26430
2026-09-10T09:59:00.000Z,2026-09-10T12:59:00,12.43,12.43,12.43,12.43,20005
2026-09-10T10:00:00.000Z,2026-09-10T13:00:00,12.42,12.42,12.4,12.4,150437
2026-09-10T10:01:00.000Z,2026-09-10T13:01:00,12.4,12.4,12.37,12.37,17391
2026-09-10T10:02:00.000Z,2026-09-10T13:02:00,12.38,12.4,12.37,12.4,57500
2026-09-10T10:03:00.000Z,2026-09-10T13:03:00,12.4,12.4,12.38,12.4,2299
2026-09-10T10:04:00.000Z,2026-09-10T13:04:00,12.4,12.4,12.4,12.4,1000
2026-09-10T10:05:00.000Z,2026-09-10T13:05:00,12.4,12.4,12.38,12.38,1102
2026-09-10T10:06:00.000Z,2026-09-10T13:06:00,12.4,12.4,12.39,12.39,21000
2026-09-10T10:07:00.000Z,2026-09-10T13:07:00,12.39,12.4,12.39,12.4,201
2026-09-10T10:09:00.000Z,2026-09-10T13:09:00,12.39,12.39,12.39,12.39,2459
2026-09-10T10:11:00.000Z,2026-09-10T13:11:00,12.38,12.39,12.38,12.39,1552
2026-09-10T10:12:00.000Z,2026-09-10T13:12:00,12.39,12.4,12.39,12.39,219
2026-09-10T10:13:00.000Z,2026-09-10T13:13:00,12.4,12.4,12.39,12.39,163
2026-09-10T10:14:00.000Z,2026-09-10T13:14:00,12.4,12.4,12.39,12.39,1845
2026-09-10T10:15:00.000Z,2026-09-10T13:15:00,12.4,12.4,12.39,12.39,100921
2026-09-10T10:16:00.000Z,2026-09-10T13:16:00,12.38,12.4,12.38,12.38,5610
2026-09-10T10:17:00.000Z,2026-09-10T13:17:00,12.38,12.38,12.38,12.38,103
2026-09-10T10:18:00.000Z,2026-09-10T13:18:00,12.4,12.4,12.38,12.4,43926
2026-09-10T10:19:00.000Z,2026-09-10T13:19:00,12.4,12.4,12.4,12.4,49873
2026-09-10T10:20:00.000Z,2026-09-10T13:20:00,12.42,12.42,12.4,12.42,103075
2026-09-10T10:21:00.000Z,2026-09-10T13:21:00,12.4,12.4,12.4,12.4,230
2026-09-10T10:22:00.000Z,2026-09-10T13:22:00,12.42,12.42,12.42,12.42,160
2026-09-10T10:23:00.000Z,2026-09-10T13:23:00,12.42,12.42,12.42,12.42,1200
2026-09-10T10:25:00.000Z,2026-09-10T13:25:00,12.41,12.42,12.41,12.42,1684
2026-09-10T10:26:00.000Z,2026-09-10T13:26:00,12.42,12.43,12.4,12.4,55025
2026-09-10T10:27:00.000Z,2026-09-10T13:27:00,12.4,12.41,12.4,12.41,45250
2026-09-10T10:28:00.000Z,2026-09-10T13:28:00,12.4,12.4,12.4,12.4,3300
2026-09-10T10:30:00.000Z,2026-09-10T13:30:00,12.41,12.41,12.4,12.4,284329
2026-09-10T10:31:00.000Z,2026-09-10T13:31:00,12.39,12.39,12.35,12.38,102084
2026-09-10T10:32:00.000Z,2026-09-10T13:32:00,12.38,12.38,12.35,12.35,22000
2026-09-10T10:33:00.000Z,2026-09-10T13:33:00,12.37,12.4,12.36,12.4,4051
2026-09-10T10:34:00.000Z,2026-09-10T13:34:00,12.36,12.39,12.35,12.39,27740
2026-09-10T10:35:00.000Z,2026-09-10T13:35:00,12.35,12.39,12.35,12.39,1552
2026-09-10T10:37:00.000Z,2026-09-10T13:37:00,12.38,12.38,12.35,12.36,51001
2026-09-10T10:38:00.000Z,2026-09-10T13:38:00,12.37,12.39,12.36,12.36,12680
2026-09-10T10:39:00.000Z,2026-09-10T13:39:00,12.35,12.36,12.35,12.36,2708
2026-09-10T10:40:00.000Z,2026-09-10T13:40:00,12.35,12.37,12.35,12.36,2983
2026-09-10T10:41:00.000Z,2026-09-10T13:41:00,12.37,12.37,12.36,12.37,4436
2026-09-10T10:42:00.000Z,2026-09-10T13:42:00,12.37,12.37,12.35,12.35,41038
2026-09-10T10:43:00.000Z,2026-09-10T13:43:00,12.36,12.38,12.32,12.32,130005
2026-09-10T10:44:00.000Z,2026-09-10T13:44:00,12.38,12.38,12.31,12.31,202400
2026-09-10T10:45:00.000Z,2026-09-10T13:45:00,12.35,12.35,12.3,12.3,407360
2026-09-10T10:46:00.000Z,2026-09-10T13:46:00,12.3,12.3,12.28,12.3,26589
2026-09-10T10:47:00.000Z,2026-09-10T13:47:00,12.28,12.3,12.28,12.3,7848
2026-09-10T10:48:00.000Z,2026-09-10T13:48:00,12.3,12.3,12.28,12.28,20799
2026-09-10T10:49:00.000Z,2026-09-10T13:49:00,12.28,12.3,12.26,12.26,42924
2026-09-10T10:50:00.000Z,2026-09-10T13:50:00,12.26,12.34,12.26,12.3,70069
2026-09-10T10:51:00.000Z,2026-09-10T13:51:00,12.32,12.34,12.3,12.3,13753
2026-09-10T10:52:00.000Z,2026-09-10T13:52:00,12.34,12.34,12.31,12.34,21325
2026-09-10T10:53:00.000Z,2026-09-10T13:53:00,12.34,12.37,12.31,12.37,127134
2026-09-10T10:54:00.000Z,2026-09-10T13:54:00,12.37,12.42,12.37,12.4,218043
2026-09-10T10:55:00.000Z,2026-09-10T13:55:00,12.42,12.42,12.41,12.41,8005
2026-09-10T10:56:00.000Z,2026-09-10T13:56:00,12.42,12.42,12.35,12.35,209319
2026-09-10T10:57:00.000Z,2026-09-10T13:57:00,12.37,12.37,12.36,12.36,30243
2026-09-10T10:58:00.000Z,2026-09-10T13:58:00,12.39,12.4,12.39,12.4,61954
2026-09-10T10:59:00.000Z,2026-09-10T13:59:00,12.39,12.4,12.39,12.4,20405
2026-09-10T11:00:00.000Z,2026-09-10T14:00:00,12.39,12.4,12.39,12.4,1307
2026-09-10T11:01:00.000Z,2026-09-10T14:01:00,12.4,12.4,12.38,12.39,3516
2026-09-10T11:02:00.000Z,2026-09-10T14:02:00,12.4,12.4,12.39,12.39,200080
2026-09-10T11:03:00.000Z,2026-09-10T14:03:00,12.39,12.39,12.38,12.39,26500
2026-09-10T11:04:00.000Z,2026-09-10T14:04:00,12.39,12.4,12.39,12.4,7320
2026-09-10T11:05:00.000Z,2026-09-10T14:05:00,12.39,12.4,12.38,12.4,9216
2026-09-10T11:06:00.000Z,2026-09-10T14:06:00,12.4,12.4,12.38,12.38,883
2026-09-10T11:07:00.000Z,2026-09-10T14:07:00,12.39,12.39,12.39,12.39,8940
2026-09-10T11:08:00.000Z,2026-09-10T14:08:00,12.39,12.39,12.39,12.39,16283
2026-09-10T11:09:00.000Z,2026-09-10T14:09:00,12.39,12.39,12.37,12.37,70842
2026-09-10T11:10:00.000Z,2026-09-10T14:10:00,12.37,12.37,12.35,12.35,213824
2026-09-10T11:11:00.000Z,2026-09-10T14:11:00,12.34,12.35,12.33,12.35,68525
2026-09-10T11:12:00.000Z,2026-09-10T14:12:00,12.33,12.37,12.32,12.32,235013
2026-09-10T11:13:00.000Z,2026-09-10T14:13:00,12.36,12.36,12.32,12.35,89260
2026-09-10T11:14:00.000Z,2026-09-10T14:14:00,12.35,12.35,12.32,12.35,6239
2026-09-10T11:25:00.000Z,2026-09-10T14:25:00,12.33,12.33,12.33,12.33,426950
2026-09-10T11:26:00.000Z,2026-09-10T14:26:00,12.33,12.33,12.33,12.33,115600
2026-09-10T11:27:00.000Z,2026-09-10T14:27:00,12.33,12.33,12.33,12.33,30383
2026-09-10T11:28:00.000Z,2026-09-10T14:28:00,12.33,12.33,12.33,12.33,51500
2026-09-10T11:29:00.000Z,2026-09-10T14:29:00,12.33,12.33,12.33,12.33,8370
2026-09-13T07:00:00.000Z,2026-09-13T10:00:00,12.36,12.4,12.36,12.4,49495
2026-09-13T07:01:00.000Z,2026-09-13T10:01:00,12.4,12.4,12.39,12.4,36925
2026-09-13T07:02:00.000Z,2026-09-13T10:02:00,12.41,12.44,12.4,12.41,13500
2026-09-13T07:03:00.000Z,2026-09-13T10:03:00,12.44,12.44,12.44,12.44,3529
2026-09-13T07:04:00.000Z,2026-09-13T10:04:00,12.43,12.45,12.43,12.45,10805
2026-09-13T07:05:00.000Z,2026-09-13T10:05:00,12.44,12.47,12.44,12.45,26183
2026-09-13T07:06:00.000Z,2026-09-13T10:06:00,12.45,12.45,12.45,12.45,800
2026-09-13T07:07:00.000Z,2026-09-13T10:07:00,12.45,12.46,12.41,12.46,29772
2026-09-13T07:08:00.000Z,2026-09-13T10:08:00,12.45,12.45,12.42,12.45,35391
2026-09-13T07:09:00.000Z,2026-09-13T10:09:00,12.45,12.45,12.45,12.45,2327
2026-09-13T07:10:00.000Z,2026-09-13T10:10:00,12.45,12.46,12.45,12.45,43688
2026-09-13T07:11:00.000Z,2026-09-13T10:11:00,12.45,12.46,12.43,12.46,36037
2026-09-13T07:12:00.000Z,2026-09-13T10:12:00,12.45,12.45,12.45,12.45,20000
2026-09-13T07:13:00.000Z,2026-09-13T10:13:00,12.46,12.5,12.46,12.5,265015
2026-09-13T07:14:00.000Z,2026-09-13T10:14:00,12.5,12.55,12.5,12.55,448147
2026-09-13T07:15:00.000Z,2026-09-13T10:15:00,12.55,12.58,12.55,12.58,53180
2026-09-13T07:16:00.000Z,2026-09-13T10:16:00,12.56,12.6,12.56,12.59,361755
2026-09-13T07:17:00.000Z,2026-09-13T10:17:00,12.59,12.6,12.59,12.6,494759
2026-09-13T07:18:00.000Z,2026-09-13T10:18:00,12.6,12.6,12.58,12.58,289530
2026-09-13T07:19:00.000Z,2026-09-13T10:19:00,12.59,12.6,12.57,12.57,331815
2026-09-13T07:20:00.000Z,2026-09-13T10:20:00,12.59,12.6,12.57,12.6,105388
2026-09-13T07:21:00.000Z,2026-09-13T10:21:00,12.6,12.6,12.59,12.59,172008
2026-09-13T07:22:00.000Z,2026-09-13T10:22:00,12.58,12.59,12.56,12.56,108657
2026-09-13T07:23:00.000Z,2026-09-13T10:23:00,12.55,12.56,12.53,12.55,9319
2026-09-13T07:24:00.000Z,2026-09-13T10:24:00,12.55,12.56,12.53,12.53,218496
2026-09-13T07:25:00.000Z,2026-09-13T10:25:00,12.54,12.54,12.53,12.53,40275
2026-09-13T07:26:00.000Z,2026-09-13T10:26:00,12.52,12.53,12.52,12.52,21500
2026-09-13T07:27:00.000Z,2026-09-13T10:27:00,12.52,12.56,12.52,12.56,26500
2026-09-13T07:28:00.000Z,2026-09-13T10:28:00,12.52,12.56,12.52,12.56,8229
2026-09-13T07:29:00.000Z,2026-09-13T10:29:00,12.52,12.56,12.51,12.51,18236
2026-09-13T07:30:00.000Z,2026-09-13T10:30:00,12.54,12.56,12.54,12.54,21518
2026-09-13T07:31:00.000Z,2026-09-13T10:31:00,12.56,12.56,12.54,12.54,2883
2026-09-13T07:32:00.000Z,2026-09-13T10:32:00,12.54,12.54,12.54,12.54,1059
2026-09-13T07:33:00.000Z,2026-09-13T10:33:00,12.52,12.55,12.52,12.54,6820
2026-09-13T07:34:00.000Z,2026-09-13T10:34:00,12.54,12.54,12.52,12.52,11643
2026-09-13T07:35:00.000Z,2026-09-13T10:35:00,12.52,12.54,12.5,12.51,48889
2026-09-13T07:36:00.000Z,2026-09-13T10:36:00,12.54,12.55,12.5,12.5,101221
2026-09-13T07:37:00.000Z,2026-09-13T10:37:00,12.5,12.5,12.5,12.5,88626
2026-09-13T07:38:00.000Z,2026-09-13T10:38:00,12.5,12.5,12.45,12.5,46487
2026-09-13T07:39:00.000Z,2026-09-13T10:39:00,12.49,12.49,12.49,12.49,6
2026-09-13T07:40:00.000Z,2026-09-13T10:40:00,12.49,12.49,12.43,12.49,15305
2026-09-13T07:41:00.000Z,2026-09-13T10:41:00,12.48,12.49,12.48,12.49,12743
2026-09-13T07:42:00.000Z,2026-09-13T10:42:00,12.49,12.49,12.45,12.48,48250
2026-09-13T07:43:00.000Z,2026-09-13T10:43:00,12.45,12.45,12.45,12.45,24
2026-09-13T07:44:00.000Z,2026-09-13T10:44:00,12.48,12.5,12.45,12.5,76351
2026-09-13T07:45:00.000Z,2026-09-13T10:45:00,12.49,12.52,12.49,12.52,79498
2026-09-13T07:46:00.000Z,2026-09-13T10:46:00,12.51,12.55,12.51,12.55,60398
2026-09-13T07:47:00.000Z,2026-09-13T10:47:00,12.52,12.52,12.52,12.52,4407
2026-09-13T07:48:00.000Z,2026-09-13T10:48:00,12.52,12.52,12.52,12.52,11007
2026-09-13T07:49:00.000Z,2026-09-13T10:49:00,12.52,12.53,12.52,12.52,18270
2026-09-13T07:50:00.000Z,2026-09-13T10:50:00,12.53,12.53,12.53,12.53,15000
2026-09-13T07:51:00.000Z,2026-09-13T10:51:00,12.53,12.53,12.52,12.52,10177
2026-09-13T07:52:00.000Z,2026-09-13T10:52:00,12.52,12.53,12.5,12.5,58814
2026-09-13T07:53:00.000Z,2026-09-13T10:53:00,12.5,12.52,12.5,12.5,2480
2026-09-13T07:54:00.000Z,2026-09-13T10:54:00,12.5,12.52,12.5,12.52,4722
2026-09-13T07:55:00.000Z,2026-09-13T10:55:00,12.52,12.52,12.5,12.5,2107
2026-09-13T07:56:00.000Z,2026-09-13T10:56:00,12.5,12.51,12.5,12.5,10500
2026-09-13T07:57:00.000Z,2026-09-13T10:57:00,12.5,12.5,12.49,12.5,42353
2026-09-13T07:58:00.000Z,2026-09-13T10:58:00,12.5,12.5,12.49,12.49,413
2026-09-13T07:59:00.000Z,2026-09-13T10:59:00,12.49,12.5,12.49,12.5,3803
2026-09-13T08:00:00.000Z,2026-09-13T11:00:00,12.52,12.53,12.52,12.53,3037
2026-09-13T08:01:00.000Z,2026-09-13T11:01:00,12.52,12.52,12.5,12.52,25878
2026-09-13T08:02:00.000Z,2026-09-13T11:02:00,12.5,12.5,12.5,12.5,100
2026-09-13T08:03:00.000Z,2026-09-13T11:03:00,12.51,12.51,12.5,12.51,1155
2026-09-13T08:04:00.000Z,2026-09-13T11:04:00,12.51,12.51,12.5,12.5,12538
2026-09-13T08:05:00.000Z,2026-09-13T11:05:00,12.5,12.5,12.49,12.49,8209
2026-09-13T08:06:00.000Z,2026-09-13T11:06:00,12.48,12.48,12.47,12.48,50599
2026-09-13T08:07:00.000Z,2026-09-13T11:07:00,12.48,12.48,12.46,12.48,12514
2026-09-13T08:08:00.000Z,2026-09-13T11:08:00,12.48,12.48,12.46,12.47,15048
2026-09-13T08:09:00.000Z,2026-09-13T11:09:00,12.47,12.47,12.46,12.46,9630
2026-09-13T08:10:00.000Z,2026-09-13T11:10:00,12.45,12.46,12.44,12.46,5322
2026-09-13T08:11:00.000Z,2026-09-13T11:11:00,12.45,12.45,12.45,12.45,4454
2026-09-13T08:12:00.000Z,2026-09-13T11:12:00,12.45,12.46,12.45,12.46,5447
2026-09-13T08:13:00.000Z,2026-09-13T11:13:00,12.45,12.45,12.45,12.45,20
2026-09-13T08:14:00.000Z,2026-09-13T11:14:00,12.46,12.46,12.45,12.46,16675
2026-09-13T08:15:00.000Z,2026-09-13T11:15:00,12.46,12.48,12.46,12.46,7752
2026-09-13T08:16:00.000Z,2026-09-13T11:16:00,12.46,12.48,12.46,12.48,11359
2026-09-13T08:17:00.000Z,2026-09-13T11:17:00,12.48,12.52,12.48,12.52,60000
2026-09-13T08:19:00.000Z,2026-09-13T11:19:00,12.51,12.52,12.45,12.45,58481
2026-09-13T08:21:00.000Z,2026-09-13T11:21:00,12.46,12.46,12.45,12.45,5175
2026-09-13T08:22:00.000Z,2026-09-13T11:22:00,12.45,12.45,12.45,12.45,660
2026-09-13T08:24:00.000Z,2026-09-13T11:24:00,12.45,12.5,12.45,12.45,10681
2026-09-13T08:25:00.000Z,2026-09-13T11:25:00,12.46,12.46,12.43,12.43,69444
2026-09-13T08:26:00.000Z,2026-09-13T11:26:00,12.42,12.43,12.42,12.43,21556
2026-09-13T08:27:00.000Z,2026-09-13T11:27:00,12.45,12.45,12.43,12.43,2000
2026-09-13T08:28:00.000Z,2026-09-13T11:28:00,12.43,12.45,12.43,12.45,1309
2026-09-13T08:30:00.000Z,2026-09-13T11:30:00,12.45,12.45,12.43,12.43,874
2026-09-13T08:31:00.000Z,2026-09-13T11:31:00,12.43,12.43,12.43,12.43,1000
2026-09-13T08:32:00.000Z,2026-09-13T11:32:00,12.45,12.48,12.41,12.41,45959
2026-09-13T08:33:00.000Z,2026-09-13T11:33:00,12.41,12.42,12.41,12.41,3800
2026-09-13T08:34:00.000Z,2026-09-13T11:34:00,12.45,12.45,12.45,12.45,400
2026-09-13T08:35:00.000Z,2026-09-13T11:35:00,12.42,12.45,12.42,12.45,30524
2026-09-13T08:36:00.000Z,2026-09-13T11:36:00,12.45,12.45,12.42,12.42,15200
2026-09-13T08:38:00.000Z,2026-09-13T11:38:00,12.47,12.47,12.44,12.44,2235
2026-09-13T08:39:00.000Z,2026-09-13T11:39:00,12.45,12.45,12.45,12.45,8000
2026-09-13T08:40:00.000Z,2026-09-13T11:40:00,12.45,12.45,12.45,12.45,12600
2026-09-13T08:41:00.000Z,2026-09-13T11:41:00,12.46,12.46,12.45,12.45,1200
2026-09-13T08:46:00.000Z,2026-09-13T11:46:00,12.45,12.45,12.45,12.45,1000
2026-09-13T08:47:00.000Z,2026-09-13T11:47:00,12.46,12.46,12.46,12.46,1161
2026-09-13T08:48:00.000Z,2026-09-13T11:48:00,12.46,12.46,12.46,12.46,960
2026-09-13T08:49:00.000Z,2026-09-13T11:49:00,12.45,12.5,12.45,12.45,8897
2026-09-13T08:50:00.000Z,2026-09-13T11:50:00,12.45,12.45,12.45,12.45,103
2026-09-13T08:51:00.000Z,2026-09-13T11:51:00,12.45,12.47,12.45,12.47,1213
2026-09-13T08:52:00.000Z,2026-09-13T11:52:00,12.47,12.48,12.46,12.48,12936
2026-09-13T08:53:00.000Z,2026-09-13T11:53:00,12.46,12.46,12.46,12.46,801
2026-09-13T08:54:00.000Z,2026-09-13T11:54:00,12.46,12.46,12.46,12.46,4000
2026-09-13T08:55:00.000Z,2026-09-13T11:55:00,12.47,12.47,12.47,12.47,300
2026-09-13T08:56:00.000Z,2026-09-13T11:56:00,12.48,12.48,12.47,12.47,3957
2026-09-13T08:57:00.000Z,2026-09-13T11:57:00,12.48,12.48,12.48,12.48,4531
2026-09-13T08:58:00.000Z,2026-09-13T11:58:00,12.48,12.48,12.47,12.47,20616
2026-09-13T08:59:00.000Z,2026-09-13T11:59:00,12.47,12.48,12.47,12.47,7054
2026-09-13T09:00:00.000Z,2026-09-13T12:00:00,12.48,12.5,12.48,12.5,150000
2026-09-13T09:01:00.000Z,2026-09-13T12:01:00,12.47,12.5,12.47,12.47,5475
2026-09-13T09:02:00.000Z,2026-09-13T12:02:00,12.5,12.5,12.5,12.5,86
2026-09-13T09:03:00.000Z,2026-09-13T12:03:00,12.49,12.5,12.49,12.5,9179
2026-09-13T09:04:00.000Z,2026-09-13T12:04:00,12.48,12.48,12.48,12.48,1100
2026-09-13T09:05:00.000Z,2026-09-13T12:05:00,12.48,12.48,12.48,12.48,1200
2026-09-13T09:06:00.000Z,2026-09-13T12:06:00,12.48,12.48,12.48,12.48,3137
2026-09-13T09:10:00.000Z,2026-09-13T12:10:00,12.47,12.47,12.47,12.47,100
2026-09-13T09:11:00.000Z,2026-09-13T12:11:00,12.46,12.46,12.46,12.46,2463
2026-09-13T09:12:00.000Z,2026-09-13T12:12:00,12.48,12.48,12.46,12.46,996
2026-09-13T09:13:00.000Z,2026-09-13T12:13:00,12.47,12.5,12.47,12.5,56566
2026-09-13T09:14:00.000Z,2026-09-13T12:14:00,12.5,12.5,12.46,12.5,221788
2026-09-13T09:16:00.000Z,2026-09-13T12:16:00,12.5,12.51,12.5,12.51,8593
2026-09-13T09:17:00.000Z,2026-09-13T12:17:00,12.51,12.51,12.51,12.51,1542
2026-09-13T09:18:00.000Z,2026-09-13T12:18:00,12.51,12.51,12.5,12.5,8700
2026-09-13T09:19:00.000Z,2026-09-13T12:19:00,12.5,12.5,12.5,12.5,1967
2026-09-13T09:20:00.000Z,2026-09-13T12:20:00,12.5,12.5,12.5,12.5,148
2026-09-13T09:21:00.000Z,2026-09-13T12:21:00,12.51,12.51,12.51,12.51,3096
2026-09-13T09:22:00.000Z,2026-09-13T12:22:00,12.5,12.51,12.5,12.51,1241
2026-09-13T09:24:00.000Z,2026-09-13T12:24:00,12.5,12.5,12.5,12.5,800
2026-09-13T09:25:00.000Z,2026-09-13T12:25:00,12.51,12.51,12.5,12.5,504
2026-09-13T09:26:00.000Z,2026-09-13T12:26:00,12.51,12.52,12.5,12.52,3321
2026-09-13T09:27:00.000Z,2026-09-13T12:27:00,12.51,12.51,12.51,12.51,44
2026-09-13T09:28:00.000Z,2026-09-13T12:28:00,12.52,12.52,12.51,12.52,3853
2026-09-13T09:29:00.000Z,2026-09-13T12:29:00,12.52,12.52,12.51,12.51,3251
2026-09-13T09:30:00.000Z,2026-09-13T12:30:00,12.53,12.53,12.51,12.51,3220
2026-09-13T09:31:00.000Z,2026-09-13T12:31:00,12.52,12.52,12.52,12.52,520
2026-09-13T09:32:00.000Z,2026-09-13T12:32:00,12.52,12.52,12.49,12.49,8198
2026-09-13T09:33:00.000Z,2026-09-13T12:33:00,12.5,12.5,12.5,12.5,406
2026-09-13T09:35:00.000Z,2026-09-13T12:35:00,12.49,12.49,12.46,12.46,29153
2026-09-13T09:36:00.000Z,2026-09-13T12:36:00,12.46,12.46,12.46,12.46,14939
2026-09-13T09:37:00.000Z,2026-09-13T12:37:00,12.46,12.46,12.46,12.46,868
2026-09-13T09:38:00.000Z,2026-09-13T12:38:00,12.46,12.46,12.45,12.45,1650
2026-09-13T09:39:00.000Z,2026-09-13T12:39:00,12.46,12.46,12.46,12.46,30
2026-09-13T09:40:00.000Z,2026-09-13T12:40:00,12.45,12.45,12.45,12.45,15000
2026-09-13T09:41:00.000Z,2026-09-13T12:41:00,12.45,12.45,12.43,12.43,6210
2026-09-13T09:43:00.000Z,2026-09-13T12:43:00,12.43,12.43,12.43,12.43,2800
2026-09-13T09:44:00.000Z,2026-09-13T12:44:00,12.45,12.45,12.45,12.45,927
2026-09-13T09:45:00.000Z,2026-09-13T12:45:00,12.44,12.44,12.44,12.44,446
2026-09-13T09:46:00.000Z,2026-09-13T12:46:00,12.44,12.44,12.44,12.44,445
2026-09-13T09:47:00.000Z,2026-09-13T12:47:00,12.44,12.44,12.43,12.44,1675
2026-09-13T09:48:00.000Z,2026-09-13T12:48:00,12.43,12.43,12.43,12.43,445
2026-09-13T09:49:00.000Z,2026-09-13T12:49:00,12.43,12.44,12.43,12.44,845
2026-09-13T09:50:00.000Z,2026-09-13T12:50:00,12.43,12.43,12.43,12.43,4468
2026-09-13T09:51:00.000Z,2026-09-13T12:51:00,12.43,12.44,12.43,12.43,24547
2026-09-13T09:52:00.000Z,2026-09-13T12:52:00,12.43,12.44,12.43,12.44,3913
2026-09-13T09:53:00.000Z,2026-09-13T12:53:00,12.44,12.45,12.44,12.45,750
2026-09-13T09:54:00.000Z,2026-09-13T12:54:00,12.44,12.45,12.44,12.44,5017
2026-09-13T09:55:00.000Z,2026-09-13T12:55:00,12.45,12.45,12.45,12.45,1270
2026-09-13T09:56:00.000Z,2026-09-13T12:56:00,12.45,12.45,12.44,12.44,11902
2026-09-13T09:57:00.000Z,2026-09-13T12:57:00,12.44,12.44,12.43,12.44,2260
2026-09-13T09:58:00.000Z,2026-09-13T12:58:00,12.44,12.44,12.43,12.43,5304
2026-09-13T09:59:00.000Z,2026-09-13T12:59:00,12.43,12.43,12.43,12.43,2665
2026-09-13T10:00:00.000Z,2026-09-13T13:00:00,12.43,12.43,12.42,12.42,21039
2026-09-13T10:01:00.000Z,2026-09-13T13:01:00,12.42,12.44,12.42,12.44,5393
2026-09-13T10:02:00.000Z,2026-09-13T13:02:00,12.44,12.44,12.42,12.42,3445
2026-09-13T10:03:00.000Z,2026-09-13T13:03:00,12.43,12.43,12.42,12.42,6945
2026-09-13T10:04:00.000Z,2026-09-13T13:04:00,12.42,12.43,12.42,12.43,8644
2026-09-13T10:05:00.000Z,2026-09-13T13:05:00,12.42,12.42,12.42,12.42,688
2026-09-13T10:06:00.000Z,2026-09-13T13:06:00,12.42,12.42,12.42,12.42,444
2026-09-13T10:07:00.000Z,2026-09-13T13:07:00,12.42,12.45,12.42,12.45,2953
2026-09-13T10:08:00.000Z,2026-09-13T13:08:00,12.44,12.44,12.43,12.44,668
2026-09-13T10:09:00.000Z,2026-09-13T13:09:00,12.44,12.44,12.44,12.44,9166
2026-09-13T10:10:00.000Z,2026-09-13T13:10:00,12.45,12.46,12.44,12.44,12027
2026-09-13T10:11:00.000Z,2026-09-13T13:11:00,12.45,12.46,12.45,12.46,2000
2026-09-13T10:14:00.000Z,2026-09-13T13:14:00,12.45,12.45,12.39,12.4,270658
2026-09-13T10:15:00.000Z,2026-09-13T13:15:00,12.4,12.4,12.39,12.4,50811
2026-09-13T10:16:00.000Z,2026-09-13T13:16:00,12.4,12.4,12.39,12.39,29355
2026-09-13T10:18:00.000Z,2026-09-13T13:18:00,12.39,12.39,12.38,12.39,4304
2026-09-13T10:19:00.000Z,2026-09-13T13:19:00,12.38,12.38,12.33,12.33,321513
2026-09-13T10:20:00.000Z,2026-09-13T13:20:00,12.34,12.36,12.34,12.36,2286
2026-09-13T10:21:00.000Z,2026-09-13T13:21:00,12.36,12.36,12.35,12.35,12874
2026-09-13T10:22:00.000Z,2026-09-13T13:22:00,12.35,12.35,12.35,12.35,5000
2026-09-13T10:23:00.000Z,2026-09-13T13:23:00,12.35,12.36,12.35,12.35,46593
2026-09-13T10:24:00.000Z,2026-09-13T13:24:00,12.35,12.4,12.35,12.4,87286
2026-09-13T10:25:00.000Z,2026-09-13T13:25:00,12.4,12.4,12.4,12.4,103700
2026-09-13T10:26:00.000Z,2026-09-13T13:26:00,12.4,12.4,12.4,12.4,102050
2026-09-13T10:27:00.000Z,2026-09-13T13:27:00,12.4,12.4,12.4,12.4,4004
2026-09-13T10:28:00.000Z,2026-09-13T13:28:00,12.4,12.4,12.4,12.4,2000
2026-09-13T10:30:00.000Z,2026-09-13T13:30:00,12.4,12.4,12.36,12.36,31301
2026-09-13T10:31:00.000Z,2026-09-13T13:31:00,12.36,12.36,12.36,12.36,3313
2026-09-13T10:32:00.000Z,2026-09-13T13:32:00,12.36,12.36,12.36,12.36,10000
2026-09-13T10:34:00.000Z,2026-09-13T13:34:00,12.39,12.39,12.39,12.39,37
2026-09-13T10:35:00.000Z,2026-09-13T13:35:00,12.36,12.36,12.36,12.36,1341
2026-09-13T10:36:00.000Z,2026-09-13T13:36:00,12.39,12.4,12.39,12.4,18810
2026-09-13T10:37:00.000Z,2026-09-13T13:37:00,12.4,12.4,12.4,12.4,9178
2026-09-13T10:38:00.000Z,2026-09-13T13:38:00,12.4,12.4,12.4,12.4,3004
2026-09-13T10:39:00.000Z,2026-09-13T13:39:00,12.4,12.4,12.36,12.36,10341
2026-09-13T10:40:00.000Z,2026-09-13T13:40:00,12.36,12.4,12.36,12.4,333
2026-09-13T10:41:00.000Z,2026-09-13T13:41:00,12.36,12.4,12.36,12.4,4000
2026-09-13T10:42:00.000Z,2026-09-13T13:42:00,12.36,12.4,12.36,12.39,10173
2026-09-13T10:43:00.000Z,2026-09-13T13:43:00,12.39,12.39,12.35,12.39,3375
2026-09-13T10:45:00.000Z,2026-09-13T13:45:00,12.37,12.39,12.37,12.39,8925
2026-09-13T10:46:00.000Z,2026-09-13T13:46:00,12.38,12.38,12.38,12.38,104
2026-09-13T10:48:00.000Z,2026-09-13T13:48:00,12.37,12.39,12.36,12.39,7557
2026-09-13T10:49:00.000Z,2026-09-13T13:49:00,12.39,12.4,12.36,12.36,44747
2026-09-13T10:50:00.000Z,2026-09-13T13:50:00,12.36,12.36,12.35,12.35,124136
2026-09-13T10:51:00.000Z,2026-09-13T13:51:00,12.35,12.36,12.35,12.36,20028
2026-09-13T10:52:00.000Z,2026-09-13T13:52:00,12.36,12.36,12.33,12.35,61693
2026-09-13T10:53:00.000Z,2026-09-13T13:53:00,12.33,12.33,12.33,12.33,2087
2026-09-13T10:54:00.000Z,2026-09-13T13:54:00,12.33,12.33,12.33,12.33,4774
2026-09-13T10:55:00.000Z,2026-09-13T13:55:00,12.35,12.35,12.33,12.33,20734
2026-09-13T10:56:00.000Z,2026-09-13T13:56:00,12.35,12.35,12.33,12.33,9573
2026-09-13T10:57:00.000Z,2026-09-13T13:57:00,12.33,12.35,12.33,12.35,20000
2026-09-13T10:58:00.000Z,2026-09-13T13:58:00,12.33,12.33,12.29,12.3,113094
2026-09-13T10:59:00.000Z,2026-09-13T13:59:00,12.3,12.31,12.3,12.3,9669
2026-09-13T11:00:00.000Z,2026-09-13T14:00:00,12.3,12.3,12.3,12.3,284
2026-09-13T11:01:00.000Z,2026-09-13T14:01:00,12.3,12.3,12.28,12.3,23862
2026-09-13T11:02:00.000Z,2026-09-13T14:02:00,12.3,12.3,12.3,12.3,13012
2026-09-13T11:03:00.000Z,2026-09-13T14:03:00,12.33,12.33,12.33,12.33,667
2026-09-13T11:04:00.000Z,2026-09-13T14:04:00,12.33,12.35,12.3,12.3,54687
2026-09-13T11:05:00.000Z,2026-09-13T14:05:00,12.3,12.3,12.29,12.29,4597
2026-09-13T11:06:00.000Z,2026-09-13T14:06:00,12.3,12.32,12.28,12.28,50836
2026-09-13T11:07:00.000Z,2026-09-13T14:07:00,12.28,12.3,12.25,12.25,290610
2026-09-13T11:08:00.000Z,2026-09-13T14:08:00,12.3,12.3,12.3,12.3,1670
2026-09-13T11:09:00.000Z,2026-09-13T14:09:00,12.25,12.25,12.23,12.25,208500
2026-09-13T11:10:00.000Z,2026-09-13T14:10:00,12.25,12.25,12.25,12.25,13891
2026-09-13T11:11:00.000Z,2026-09-13T14:11:00,12.28,12.28,12.19,12.25,252951
2026-09-13T11:12:00.000Z,2026-09-13T14:12:00,12.25,12.25,12.21,12.21,9069
2026-09-13T11:13:00.000Z,2026-09-13T14:13:00,12.25,12.25,12.25,12.25,25250
2026-09-13T11:14:00.000Z,2026-09-13T14:14:00,12.26,12.27,12.22,12.22,85277
2026-09-13T11:25:00.000Z,2026-09-13T14:25:00,12.17,12.17,12.17,12.17,619112
2026-09-13T11:26:00.000Z,2026-09-13T14:26:00,12.17,12.17,12.17,12.17,110654
2026-09-13T11:27:00.000Z,2026-09-13T14:27:00,12.17,12.17,12.17,12.17,368033
2026-09-13T11:28:00.000Z,2026-09-13T14:28:00,12.17,12.17,12.17,12.17,15000
2026-09-13T11:29:00.000Z,2026-09-13T14:29:00,12.17,12.17,12.17,12.17,3350
2026-09-14T07:00:00.000Z,2026-09-14T10:00:00,12.17,12.18,12.17,12.18,15609
2026-09-14T07:01:00.000Z,2026-09-14T10:01:00,12.18,12.2,12.18,12.2,2598
2026-09-14T07:02:00.000Z,2026-09-14T10:02:00,12.2,12.21,12.2,12.2,32114
2026-09-14T07:03:00.000Z,2026-09-14T10:03:00,12.19,12.19,12.17,12.17,55880
2026-09-14T07:04:00.000Z,2026-09-14T10:04:00,12.15,12.15,12.05,12.1,194701
2026-09-14T07:05:00.000Z,2026-09-14T10:05:00,12.06,12.17,12.05,12.17,44248
2026-09-14T07:06:00.000Z,2026-09-14T10:06:00,12.07,12.1,12.05,12.05,109164
2026-09-14T07:07:00.000Z,2026-09-14T10:07:00,12.05,12.1,12.04,12.1,42332
2026-09-14T07:08:00.000Z,2026-09-14T10:08:00,12.09,12.14,12.02,12.11,64308
2026-09-14T07:09:00.000Z,2026-09-14T10:09:00,12.05,12.06,12.05,12.06,5062
2026-09-14T07:10:00.000Z,2026-09-14T10:10:00,12.1,12.1,12.07,12.1,14332
2026-09-14T07:11:00.000Z,2026-09-14T10:11:00,12.11,12.14,12.1,12.12,34639
2026-09-14T07:12:00.000Z,2026-09-14T10:12:00,12.11,12.11,12.05,12.05,86934
2026-09-14T07:13:00.000Z,2026-09-14T10:13:00,12.05,12.1,12,12,162797
2026-09-14T07:14:00.000Z,2026-09-14T10:14:00,12,12.01,11.9,11.9,295716
2026-09-14T07:15:00.000Z,2026-09-14T10:15:00,11.92,11.99,11.9,11.91,236126
2026-09-14T07:16:00.000Z,2026-09-14T10:16:00,11.93,11.99,11.93,11.99,23045
2026-09-14T07:17:00.000Z,2026-09-14T10:17:00,11.99,12.05,11.99,12.05,167797
2026-09-14T07:18:00.000Z,2026-09-14T10:18:00,12.08,12.08,12.05,12.05,10491
2026-09-14T07:19:00.000Z,2026-09-14T10:19:00,12.05,12.05,12.03,12.03,16160
2026-09-14T07:20:00.000Z,2026-09-14T10:20:00,12.03,12.05,12,12.05,95444
2026-09-14T07:21:00.000Z,2026-09-14T10:21:00,12.05,12.05,12,12.05,50580
2026-09-14T07:22:00.000Z,2026-09-14T10:22:00,12.06,12.06,12.05,12.05,11180
2026-09-14T07:23:00.000Z,2026-09-14T10:23:00,12.05,12.05,12.03,12.03,3523
2026-09-14T07:24:00.000Z,2026-09-14T10:24:00,12.03,12.08,12.02,12.05,6073
2026-09-14T07:25:00.000Z,2026-09-14T10:25:00,12.05,12.1,12.02,12.05,39818
2026-09-14T07:26:00.000Z,2026-09-14T10:26:00,12.1,12.1,12.05,12.05,9597
2026-09-14T07:27:00.000Z,2026-09-14T10:27:00,12.05,12.05,12.02,12.05,27417
2026-09-14T07:28:00.000Z,2026-09-14T10:28:00,12.05,12.05,12.05,12.05,4993
2026-09-14T07:29:00.000Z,2026-09-14T10:29:00,12.05,12.05,12.05,12.05,13933
2026-09-14T07:30:00.000Z,2026-09-14T10:30:00,12.05,12.05,12.03,12.05,19099
2026-09-14T07:31:00.000Z,2026-09-14T10:31:00,12.05,12.05,12.05,12.05,5202
2026-09-14T07:32:00.000Z,2026-09-14T10:32:00,12.03,12.05,12,12.05,353824
2026-09-14T07:33:00.000Z,2026-09-14T10:33:00,12.01,12.05,12,12.05,22801
2026-09-14T07:34:00.000Z,2026-09-14T10:34:00,12.02,12.02,12.01,12.01,5262
2026-09-14T07:35:00.000Z,2026-09-14T10:35:00,12.01,12.05,11.99,12,127513
2026-09-14T07:36:00.000Z,2026-09-14T10:36:00,12,12.03,12,12.03,111928
2026-09-14T07:37:00.000Z,2026-09-14T10:37:00,12.03,12.03,12.01,12.01,4816
2026-09-14T07:38:00.000Z,2026-09-14T10:38:00,12.02,12.05,12.02,12.05,54771
2026-09-14T07:39:00.000Z,2026-09-14T10:39:00,12.05,12.06,12.05,12.06,51653
2026-09-14T07:40:00.000Z,2026-09-14T10:40:00,12.06,12.1,12.05,12.1,147525
2026-09-14T07:41:00.000Z,2026-09-14T10:41:00,12.11,12.17,12.07,12.07,52295
2026-09-14T07:42:00.000Z,2026-09-14T10:42:00,12.1,12.14,12.08,12.14,47865
2026-09-14T07:43:00.000Z,2026-09-14T10:43:00,12.1,12.1,12.1,12.1,50804
2026-09-14T07:44:00.000Z,2026-09-14T10:44:00,12.1,12.1,12.1,12.1,21021
2026-09-14T07:45:00.000Z,2026-09-14T10:45:00,12.08,12.1,12.08,12.1,10162
2026-09-14T07:46:00.000Z,2026-09-14T10:46:00,12.1,12.1,12.1,12.1,2310
2026-09-14T07:47:00.000Z,2026-09-14T10:47:00,12.09,12.1,12.06,12.08,40280
2026-09-14T07:48:00.000Z,2026-09-14T10:48:00,12.1,12.1,12.1,12.1,70000
2026-09-14T07:49:00.000Z,2026-09-14T10:49:00,12.1,12.1,12.07,12.07,6151
2026-09-14T07:50:00.000Z,2026-09-14T10:50:00,12.08,12.08,12.07,12.07,2076
2026-09-14T07:51:00.000Z,2026-09-14T10:51:00,12.07,12.08,12.07,12.08,7723
2026-09-14T07:52:00.000Z,2026-09-14T10:52:00,12.08,12.08,12.08,12.08,12812
2026-09-14T07:53:00.000Z,2026-09-14T10:53:00,12.1,12.1,12.1,12.1,25
2026-09-14T07:54:00.000Z,2026-09-14T10:54:00,12.1,12.1,12.08,12.08,26990
2026-09-14T07:55:00.000Z,2026-09-14T10:55:00,12.08,12.08,12.08,12.08,7168
2026-09-14T07:56:00.000Z,2026-09-14T10:56:00,12.08,12.1,12.08,12.1,5958
2026-09-14T07:57:00.000Z,2026-09-14T10:57:00,12.1,12.15,12.1,12.15,94635
2026-09-14T07:58:00.000Z,2026-09-14T10:58:00,12.15,12.15,12.11,12.11,3500
2026-09-14T07:59:00.000Z,2026-09-14T10:59:00,12.12,12.15,12.1,12.14,45606
2026-09-14T08:00:00.000Z,2026-09-14T11:00:00,12.15,12.15,12.14,12.14,21000
2026-09-14T08:01:00.000Z,2026-09-14T11:01:00,12.14,12.15,12.1,12.1,29762
2026-09-14T08:03:00.000Z,2026-09-14T11:03:00,12.11,12.11,12.11,12.11,600
2026-09-14T08:04:00.000Z,2026-09-14T11:04:00,12.11,12.11,12.09,12.09,10743
2026-09-14T08:05:00.000Z,2026-09-14T11:05:00,12.09,12.09,12.08,12.08,1041
2026-09-14T08:06:00.000Z,2026-09-14T11:06:00,12.08,12.08,12.07,12.07,15873
2026-09-14T08:07:00.000Z,2026-09-14T11:07:00,12.07,12.08,12.07,12.08,52208
2026-09-14T08:08:00.000Z,2026-09-14T11:08:00,12.08,12.08,12.08,12.08,4880
2026-09-14T08:09:00.000Z,2026-09-14T11:09:00,12.08,12.08,12.06,12.06,12962
2026-09-14T08:10:00.000Z,2026-09-14T11:10:00,12.06,12.1,12.04,12.1,13468
2026-09-14T08:12:00.000Z,2026-09-14T11:12:00,12.09,12.09,12.09,12.09,2202
2026-09-14T08:13:00.000Z,2026-09-14T11:13:00,12.09,12.09,12.09,12.09,150
2026-09-14T08:14:00.000Z,2026-09-14T11:14:00,12.09,12.09,12.03,12.03,66100
2026-09-14T08:15:00.000Z,2026-09-14T11:15:00,12.03,12.03,12.01,12.02,31753
2026-09-14T08:16:00.000Z,2026-09-14T11:16:00,12.03,12.03,12.02,12.02,43074
2026-09-14T08:17:00.000Z,2026-09-14T11:17:00,12.02,12.02,12.01,12.02,12034
2026-09-14T08:18:00.000Z,2026-09-14T11:18:00,12.01,12.02,12.01,12.02,21500
2026-09-14T08:19:00.000Z,2026-09-14T11:19:00,12.02,12.02,12,12.02,46222
2026-09-14T08:20:00.000Z,2026-09-14T11:20:00,12.02,12.02,12,12,43260
2026-09-14T08:21:00.000Z,2026-09-14T11:21:00,12.02,12.08,12,12.07,13514
2026-09-14T08:22:00.000Z,2026-09-14T11:22:00,12,12,12,12,1774
2026-09-14T08:23:00.000Z,2026-09-14T11:23:00,12.05,12.05,12.05,12.05,17
2026-09-14T08:24:00.000Z,2026-09-14T11:24:00,12.04,12.04,12.01,12.01,265
2026-09-14T08:25:00.000Z,2026-09-14T11:25:00,12.04,12.04,12.04,12.04,1000
2026-09-14T08:26:00.000Z,2026-09-14T11:26:00,12.01,12.04,12,12.04,30223
2026-09-14T08:27:00.000Z,2026-09-14T11:27:00,12.01,12.01,11.99,12,122636
2026-09-14T08:28:00.000Z,2026-09-14T11:28:00,11.99,11.99,11.99,11.99,2124
2026-09-14T08:29:00.000Z,2026-09-14T11:29:00,11.99,11.99,11.98,11.98,2464
2026-09-14T08:30:00.000Z,2026-09-14T11:30:00,11.98,11.99,11.97,11.97,31600
2026-09-14T08:31:00.000Z,2026-09-14T11:31:00,11.97,11.97,11.97,11.97,5402
2026-09-14T08:32:00.000Z,2026-09-14T11:32:00,11.97,11.99,11.97,11.99,25498
2026-09-14T08:33:00.000Z,2026-09-14T11:33:00,12,12.04,12,12,14983
2026-09-14T08:35:00.000Z,2026-09-14T11:35:00,12.03,12.04,12.03,12.04,11000
2026-09-14T08:36:00.000Z,2026-09-14T11:36:00,12.04,12.04,12.02,12.03,7837
2026-09-14T08:37:00.000Z,2026-09-14T11:37:00,12.03,12.03,12.03,12.03,500
2026-09-14T08:38:00.000Z,2026-09-14T11:38:00,12.02,12.02,12.02,12.02,24143
2026-09-14T08:39:00.000Z,2026-09-14T11:39:00,12.01,12.01,12.01,12.01,21327
2026-09-14T08:41:00.000Z,2026-09-14T11:41:00,12.02,12.02,12.02,12.02,6858
2026-09-14T08:42:00.000Z,2026-09-14T11:42:00,12.02,12.02,12.02,12.02,5000
2026-09-14T08:43:00.000Z,2026-09-14T11:43:00,12.02,12.02,12.01,12.01,21521
2026-09-14T08:44:00.000Z,2026-09-14T11:44:00,12.02,12.02,12,12,52104
2026-09-14T08:45:00.000Z,2026-09-14T11:45:00,12.01,12.02,12,12.02,4666
2026-09-14T08:46:00.000Z,2026-09-14T11:46:00,12.02,12.02,12,12.01,33650
2026-09-14T08:47:00.000Z,2026-09-14T11:47:00,12,12.01,12,12.01,48501
2026-09-14T08:48:00.000Z,2026-09-14T11:48:00,12.01,12.02,12.01,12.02,1668
2026-09-14T08:49:00.000Z,2026-09-14T11:49:00,12.02,12.02,12.01,12.02,46605
2026-09-14T08:50:00.000Z,2026-09-14T11:50:00,12.03,12.04,12.03,12.04,3380
2026-09-14T08:51:00.000Z,2026-09-14T11:51:00,12.03,12.03,12.03,12.03,1971
2026-09-14T08:52:00.000Z,2026-09-14T11:52:00,12.03,12.05,12.03,12.05,6863
2026-09-14T08:53:00.000Z,2026-09-14T11:53:00,12.05,12.09,12.05,12.09,86566
2026-09-14T08:54:00.000Z,2026-09-14T11:54:00,12.1,12.13,12.1,12.1,109998
2026-09-14T08:55:00.000Z,2026-09-14T11:55:00,12.13,12.15,12.1,12.15,161744
2026-09-14T08:56:00.000Z,2026-09-14T11:56:00,12.14,12.14,12.08,12.08,118511
2026-09-14T08:57:00.000Z,2026-09-14T11:57:00,12.1,12.1,12.08,12.08,24174
2026-09-14T08:58:00.000Z,2026-09-14T11:58:00,12.07,12.07,12.07,12.07,930
2026-09-14T08:59:00.000Z,2026-09-14T11:59:00,12.07,12.1,12.07,12.1,33008
2026-09-14T09:00:00.000Z,2026-09-14T12:00:00,12.07,12.07,12.07,12.07,15000
2026-09-14T09:02:00.000Z,2026-09-14T12:02:00,12.1,12.1,12.07,12.07,15828
2026-09-14T09:03:00.000Z,2026-09-14T12:03:00,12.09,12.1,12.09,12.1,52000
2026-09-14T09:04:00.000Z,2026-09-14T12:04:00,12.1,12.1,12.04,12.1,100450
2026-09-14T09:05:00.000Z,2026-09-14T12:05:00,12.09,12.1,12.09,12.1,50085
2026-09-14T09:06:00.000Z,2026-09-14T12:06:00,12.06,12.1,12.05,12.1,21315
2026-09-14T09:07:00.000Z,2026-09-14T12:07:00,12.1,12.1,12.1,12.1,10
2026-09-14T09:08:00.000Z,2026-09-14T12:08:00,12.05,12.05,12.03,12.03,55960
2026-09-14T09:09:00.000Z,2026-09-14T12:09:00,12.03,12.03,11.99,11.99,234092
2026-09-14T09:10:00.000Z,2026-09-14T12:10:00,11.99,12,11.99,12,21100
2026-09-14T09:11:00.000Z,2026-09-14T12:11:00,12,12,11.99,11.99,1500
2026-09-14T09:12:00.000Z,2026-09-14T12:12:00,11.99,11.99,11.99,11.99,529
2026-09-14T09:13:00.000Z,2026-09-14T12:13:00,11.99,12,11.98,11.98,251020
2026-09-14T09:14:00.000Z,2026-09-14T12:14:00,12,12,11.98,11.98,8073
2026-09-14T09:15:00.000Z,2026-09-14T12:15:00,11.99,12,11.99,12,151054
2026-09-14T09:16:00.000Z,2026-09-14T12:16:00,12,12,11.99,11.99,11010
2026-09-14T09:17:00.000Z,2026-09-14T12:17:00,11.98,11.98,11.97,11.97,9263
2026-09-14T09:18:00.000Z,2026-09-14T12:18:00,11.98,11.98,11.98,11.98,300
2026-09-14T09:19:00.000Z,2026-09-14T12:19:00,11.98,11.98,11.98,11.98,441
2026-09-14T09:20:00.000Z,2026-09-14T12:20:00,12,12,11.98,11.98,1160
2026-09-14T09:21:00.000Z,2026-09-14T12:21:00,11.98,11.99,11.97,11.97,21746
2026-09-14T09:22:00.000Z,2026-09-14T12:22:00,11.96,11.97,11.95,11.95,18797
2026-09-14T09:23:00.000Z,2026-09-14T12:23:00,11.95,11.95,11.95,11.95,6532
2026-09-14T09:24:00.000Z,2026-09-14T12:24:00,11.95,11.97,11.95,11.97,3800
2026-09-14T09:25:00.000Z,2026-09-14T12:25:00,11.95,11.95,11.9,11.9,111224
2026-09-14T09:26:00.000Z,2026-09-14T12:26:00,11.96,11.96,11.89,11.89,22444
2026-09-14T09:27:00.000Z,2026-09-14T12:27:00,11.89,11.9,11.85,11.85,15968
2026-09-14T09:28:00.000Z,2026-09-14T12:28:00,11.88,11.9,11.85,11.9,49177
2026-09-14T09:29:00.000Z,2026-09-14T12:29:00,11.89,11.9,11.89,11.9,77782
2026-09-14T09:30:00.000Z,2026-09-14T12:30:00,11.9,11.94,11.88,11.9,86695
2026-09-14T09:31:00.000Z,2026-09-14T12:31:00,11.9,11.9,11.86,11.86,28809
2026-09-14T09:32:00.000Z,2026-09-14T12:32:00,11.88,11.89,11.86,11.89,4179
2026-09-14T09:33:00.000Z,2026-09-14T12:33:00,11.89,11.9,11.86,11.89,111852
2026-09-14T09:34:00.000Z,2026-09-14T12:34:00,11.9,11.9,11.87,11.87,6834
2026-09-14T09:35:00.000Z,2026-09-14T12:35:00,11.87,11.89,11.87,11.89,1529
2026-09-14T09:36:00.000Z,2026-09-14T12:36:00,11.89,11.9,11.85,11.85,94969
2026-09-14T09:37:00.000Z,2026-09-14T12:37:00,11.85,11.86,11.84,11.84,52645
2026-09-14T09:38:00.000Z,2026-09-14T12:38:00,11.85,11.86,11.81,11.81,29759
2026-09-14T09:39:00.000Z,2026-09-14T12:39:00,11.84,11.85,11.84,11.85,15608
2026-09-14T09:40:00.000Z,2026-09-14T12:40:00,11.85,11.87,11.75,11.8,396063
2026-09-14T09:41:00.000Z,2026-09-14T12:41:00,11.8,11.8,11.79,11.8,75537
2026-09-14T09:42:00.000Z,2026-09-14T12:42:00,11.79,11.8,11.79,11.8,39459
2026-09-14T09:43:00.000Z,2026-09-14T12:43:00,11.8,11.85,11.8,11.85,29249
2026-09-14T09:44:00.000Z,2026-09-14T12:44:00,11.85,11.9,11.85,11.85,108910
2026-09-14T09:45:00.000Z,2026-09-14T12:45:00,11.89,11.89,11.85,11.85,1219124
2026-09-14T09:46:00.000Z,2026-09-14T12:46:00,11.84,12,11.84,11.95,201029
2026-09-14T09:47:00.000Z,2026-09-14T12:47:00,11.95,11.95,11.95,11.95,26476
2026-09-14T09:49:00.000Z,2026-09-14T12:49:00,11.92,11.94,11.91,11.93,5932
2026-09-14T09:50:00.000Z,2026-09-14T12:50:00,11.95,11.97,11.95,11.96,402836
2026-09-14T09:51:00.000Z,2026-09-14T12:51:00,11.95,11.97,11.93,11.95,5389
2026-09-14T09:52:00.000Z,2026-09-14T12:52:00,11.95,11.95,11.95,11.95,600
2026-09-14T09:53:00.000Z,2026-09-14T12:53:00,11.93,11.93,11.89,11.9,14826
2026-09-14T09:54:00.000Z,2026-09-14T12:54:00,11.88,11.88,11.88,11.88,2500
2026-09-14T09:55:00.000Z,2026-09-14T12:55:00,11.88,11.95,11.88,11.95,39337
2026-09-14T09:56:00.000Z,2026-09-14T12:56:00,11.88,11.99,11.88,11.99,350000
2026-09-14T09:57:00.000Z,2026-09-14T12:57:00,11.99,12,11.96,11.99,203779
2026-09-14T09:58:00.000Z,2026-09-14T12:58:00,11.99,12,11.99,11.99,32569
2026-09-14T09:59:00.000Z,2026-09-14T12:59:00,11.99,11.99,11.91,11.91,20941
2026-09-14T10:00:00.000Z,2026-09-14T13:00:00,11.9,11.98,11.9,11.98,32990
2026-09-14T10:01:00.000Z,2026-09-14T13:01:00,11.9,12,11.9,12,80002
2026-09-14T10:02:00.000Z,2026-09-14T13:02:00,12,12.05,12,12.05,155929
2026-09-14T10:03:00.000Z,2026-09-14T13:03:00,12.05,12.07,12.05,12.05,12882
2026-09-14T10:04:00.000Z,2026-09-14T13:04:00,12.02,12.02,12,12,40000
2026-09-14T10:05:00.000Z,2026-09-14T13:05:00,12.03,12.05,12.03,12.05,48743
2026-09-14T10:06:00.000Z,2026-09-14T13:06:00,12.05,12.05,12.02,12.02,11104
2026-09-14T10:08:00.000Z,2026-09-14T13:08:00,12.02,12.02,12,12,85393
2026-09-14T10:09:00.000Z,2026-09-14T13:09:00,12.04,12.05,12.04,12.05,21284
2026-09-14T10:10:00.000Z,2026-09-14T13:10:00,12.06,12.07,12.05,12.06,41046
2026-09-14T10:11:00.000Z,2026-09-14T13:11:00,12.07,12.08,12.07,12.07,38750
2026-09-14T10:12:00.000Z,2026-09-14T13:12:00,12.08,12.09,12.07,12.07,60729
2026-09-14T10:13:00.000Z,2026-09-14T13:13:00,12.06,12.07,12.02,12.02,102411
2026-09-14T10:14:00.000Z,2026-09-14T13:14:00,12.03,12.03,12,12,286657
2026-09-14T10:15:00.000Z,2026-09-14T13:15:00,12,12,12,12,180459
2026-09-14T10:16:00.000Z,2026-09-14T13:16:00,12,12.02,12,12,40538
2026-09-14T10:17:00.000Z,2026-09-14T13:17:00,11.98,11.98,11.92,11.96,1492
2026-09-14T10:18:00.000Z,2026-09-14T13:18:00,11.96,11.96,11.93,11.93,44500
2026-09-14T10:19:00.000Z,2026-09-14T13:19:00,11.93,11.98,11.93,11.98,14050
2026-09-14T10:20:00.000Z,2026-09-14T13:20:00,11.95,11.95,11.92,11.92,529
2026-09-14T10:21:00.000Z,2026-09-14T13:21:00,11.95,11.95,11.95,11.95,2500
2026-09-14T10:22:00.000Z,2026-09-14T13:22:00,11.95,11.96,11.95,11.96,1547
2026-09-14T10:23:00.000Z,2026-09-14T13:23:00,11.96,11.96,11.96,11.96,978
2026-09-14T10:24:00.000Z,2026-09-14T13:24:00,11.96,11.96,11.9,11.9,76094
2026-09-14T10:25:00.000Z,2026-09-14T13:25:00,11.95,11.96,11.9,11.96,17193
2026-09-14T10:26:00.000Z,2026-09-14T13:26:00,11.91,12,11.91,12,102000
2026-09-14T10:27:00.000Z,2026-09-14T13:27:00,11.99,11.99,11.91,11.91,17914
2026-09-14T10:28:00.000Z,2026-09-14T13:28:00,11.9,11.9,11.9,11.9,5171
2026-09-14T10:29:00.000Z,2026-09-14T13:29:00,11.95,11.95,11.95,11.95,1000
2026-09-14T10:30:00.000Z,2026-09-14T13:30:00,11.9,11.9,11.9,11.9,13500
2026-09-14T10:32:00.000Z,2026-09-14T13:32:00,11.9,11.9,11.9,11.9,5500
2026-09-14T10:33:00.000Z,2026-09-14T13:33:00,11.9,11.9,11.9,11.9,3568
2026-09-14T10:34:00.000Z,2026-09-14T13:34:00,11.91,11.91,11.9,11.9,24393
2026-09-14T10:35:00.000Z,2026-09-14T13:35:00,11.9,11.9,11.86,11.87,23289
2026-09-14T10:36:00.000Z,2026-09-14T13:36:00,11.9,11.9,11.87,11.9,10968
2026-09-14T10:37:00.000Z,2026-09-14T13:37:00,11.9,11.9,11.87,11.9,14792
2026-09-14T10:38:00.000Z,2026-09-14T13:38:00,11.9,11.9,11.9,11.9,17944
2026-09-14T10:39:00.000Z,2026-09-14T13:39:00,11.88,11.88,11.86,11.86,12237
2026-09-14T10:40:00.000Z,2026-09-14T13:40:00,11.86,11.89,11.86,11.89,1515
2026-09-14T10:41:00.000Z,2026-09-14T13:41:00,11.9,11.9,11.89,11.89,2485
2026-09-14T10:42:00.000Z,2026-09-14T13:42:00,11.89,11.89,11.89,11.89,5000
2026-09-14T10:43:00.000Z,2026-09-14T13:43:00,11.87,11.89,11.87,11.89,307
2026-09-14T10:44:00.000Z,2026-09-14T13:44:00,11.87,11.87,11.86,11.86,36224
2026-09-14T10:45:00.000Z,2026-09-14T13:45:00,11.86,11.87,11.86,11.87,1843
2026-09-14T10:46:00.000Z,2026-09-14T13:46:00,11.86,11.87,11.86,11.87,25167
2026-09-14T10:47:00.000Z,2026-09-14T13:47:00,11.87,11.87,11.82,11.82,10995
2026-09-14T10:48:00.000Z,2026-09-14T13:48:00,11.86,11.86,11.84,11.84,30340
2026-09-14T10:49:00.000Z,2026-09-14T13:49:00,11.84,11.84,11.8,11.8,241986
2026-09-14T10:50:00.000Z,2026-09-14T13:50:00,11.8,11.8,11.75,11.78,35007
2026-09-14T10:51:00.000Z,2026-09-14T13:51:00,11.78,11.78,11.78,11.78,1895
2026-09-14T10:52:00.000Z,2026-09-14T13:52:00,11.78,11.78,11.75,11.76,52198
2026-09-14T10:53:00.000Z,2026-09-14T13:53:00,11.79,11.79,11.75,11.79,2522
2026-09-14T10:54:00.000Z,2026-09-14T13:54:00,11.75,11.8,11.75,11.8,138429
2026-09-14T10:55:00.000Z,2026-09-14T13:55:00,11.8,11.8,11.8,11.8,48896
2026-09-14T10:56:00.000Z,2026-09-14T13:56:00,11.79,11.79,11.76,11.77,7382
2026-09-14T10:57:00.000Z,2026-09-14T13:57:00,11.77,11.8,11.76,11.77,18769
2026-09-14T10:58:00.000Z,2026-09-14T13:58:00,11.8,11.8,11.77,11.77,48899
2026-09-14T10:59:00.000Z,2026-09-14T13:59:00,11.78,11.8,11.75,11.75,42752
2026-09-14T11:00:00.000Z,2026-09-14T14:00:00,11.79,11.79,11.75,11.75,14297
2026-09-14T11:01:00.000Z,2026-09-14T14:01:00,11.75,11.75,11.71,11.72,50070
2026-09-14T11:02:00.000Z,2026-09-14T14:02:00,11.72,11.75,11.71,11.75,19845
2026-09-14T11:03:00.000Z,2026-09-14T14:03:00,11.78,11.78,11.68,11.68,118513
2026-09-14T11:04:00.000Z,2026-09-14T14:04:00,11.7,11.7,11.68,11.68,16660
2026-09-14T11:05:00.000Z,2026-09-14T14:05:00,11.68,11.7,11.68,11.69,72803
2026-09-14T11:06:00.000Z,2026-09-14T14:06:00,11.69,11.7,11.69,11.7,5118
2026-09-14T11:07:00.000Z,2026-09-14T14:07:00,11.7,11.7,11.69,11.7,72260
2026-09-14T11:08:00.000Z,2026-09-14T14:08:00,11.7,11.7,11.69,11.69,8377
2026-09-14T11:09:00.000Z,2026-09-14T14:09:00,11.68,11.7,11.68,11.69,41777
2026-09-14T11:10:00.000Z,2026-09-14T14:10:00,11.7,11.7,11.69,11.7,7715
2026-09-14T11:11:00.000Z,2026-09-14T14:11:00,11.7,11.7,11.68,11.7,3940
2026-09-14T11:12:00.000Z,2026-09-14T14:12:00,11.69,11.7,11.69,11.7,10145
2026-09-14T11:13:00.000Z,2026-09-14T14:13:00,11.7,11.7,11.69,11.7,10460
2026-09-14T11:14:00.000Z,2026-09-14T14:14:00,11.69,11.7,11.66,11.66,68527
2026-09-14T11:15:00.000Z,2026-09-14T14:15:00,11.69,11.69,11.69,11.69,50
2026-09-14T11:25:00.000Z,2026-09-14T14:25:00,11.63,11.63,11.63,11.63,686713
2026-09-14T11:26:00.000Z,2026-09-14T14:26:00,11.63,11.63,11.63,11.63,127970
2026-09-14T11:27:00.000Z,2026-09-14T14:27:00,11.63,11.63,11.63,11.63,178728
2026-09-14T11:28:00.000Z,2026-09-14T14:28:00,11.63,11.63,11.63,11.63,5400
2026-09-14T11:29:00.000Z,2026-09-14T14:29:00,11.63,11.63,11.63,11.63,50
2026-09-15T07:00:00.000Z,2026-09-15T10:00:00,11.65,11.7,11.65,11.7,26649
2026-09-15T07:01:00.000Z,2026-09-15T10:01:00,11.73,11.81,11.73,11.81,19825
2026-09-15T07:02:00.000Z,2026-09-15T10:02:00,11.8,11.81,11.7,11.7,38503
2026-09-15T07:03:00.000Z,2026-09-15T10:03:00,11.7,11.75,11.7,11.75,46209
2026-09-15T07:04:00.000Z,2026-09-15T10:04:00,11.74,11.76,11.7,11.7,25363
2026-09-15T07:05:00.000Z,2026-09-15T10:05:00,11.7,11.7,11.7,11.7,3072
2026-09-15T07:06:00.000Z,2026-09-15T10:06:00,11.69,11.7,11.65,11.69,35347
2026-09-15T07:07:00.000Z,2026-09-15T10:07:00,11.66,11.69,11.64,11.69,21517
2026-09-15T07:08:00.000Z,2026-09-15T10:08:00,11.69,11.69,11.65,11.68,10187
2026-09-15T07:09:00.000Z,2026-09-15T10:09:00,11.66,11.69,11.63,11.68,49372
2026-09-15T07:10:00.000Z,2026-09-15T10:10:00,11.69,11.7,11.69,11.7,33387
2026-09-15T07:11:00.000Z,2026-09-15T10:11:00,11.68,11.69,11.68,11.69,1350
2026-09-15T07:12:00.000Z,2026-09-15T10:12:00,11.7,11.74,11.68,11.74,11133
2026-09-15T07:13:00.000Z,2026-09-15T10:13:00,11.74,11.74,11.7,11.74,5547
2026-09-15T07:14:00.000Z,2026-09-15T10:14:00,11.7,11.7,11.7,11.7,6800
2026-09-15T07:15:00.000Z,2026-09-15T10:15:00,11.7,11.7,11.58,11.58,173391
2026-09-15T07:16:00.000Z,2026-09-15T10:16:00,11.58,11.64,11.58,11.64,10554
2026-09-15T07:17:00.000Z,2026-09-15T10:17:00,11.69,11.69,11.55,11.55,62470
2026-09-15T07:18:00.000Z,2026-09-15T10:18:00,11.53,11.6,11.5,11.6,79949
2026-09-15T07:19:00.000Z,2026-09-15T10:19:00,11.6,11.6,11.55,11.55,4464
2026-09-15T07:20:00.000Z,2026-09-15T10:20:00,11.55,11.64,11.55,11.55,7016
2026-09-15T07:21:00.000Z,2026-09-15T10:21:00,11.58,11.64,11.58,11.64,2721
2026-09-15T07:22:00.000Z,2026-09-15T10:22:00,11.6,11.6,11.6,11.6,991
2026-09-15T07:23:00.000Z,2026-09-15T10:23:00,11.58,11.59,11.53,11.59,13000
2026-09-15T07:24:00.000Z,2026-09-15T10:24:00,11.55,11.55,11.55,11.55,969
2026-09-15T07:25:00.000Z,2026-09-15T10:25:00,11.55,11.55,11.53,11.53,17059
2026-09-15T07:26:00.000Z,2026-09-15T10:26:00,11.53,11.53,11.51,11.51,20170
2026-09-15T07:27:00.000Z,2026-09-15T10:27:00,11.57,11.57,11.53,11.57,1398
2026-09-15T07:28:00.000Z,2026-09-15T10:28:00,11.55,11.55,11.55,11.55,100
2026-09-15T07:29:00.000Z,2026-09-15T10:29:00,11.56,11.57,11.55,11.57,4935
2026-09-15T07:30:00.000Z,2026-09-15T10:30:00,11.55,11.55,11.5,11.5,133331
2026-09-15T07:31:00.000Z,2026-09-15T10:31:00,11.51,11.51,11.5,11.5,71988
2026-09-15T07:32:00.000Z,2026-09-15T10:32:00,11.52,11.57,11.52,11.57,7217
2026-09-15T07:33:00.000Z,2026-09-15T10:33:00,11.57,11.57,11.5,11.5,175608
2026-09-15T07:34:00.000Z,2026-09-15T10:34:00,11.5,11.5,11.49,11.49,11004
2026-09-15T07:35:00.000Z,2026-09-15T10:35:00,11.49,11.56,11.49,11.56,17726
2026-09-15T07:36:00.000Z,2026-09-15T10:36:00,11.56,11.56,11.51,11.51,7575
2026-09-15T07:37:00.000Z,2026-09-15T10:37:00,11.53,11.53,11.5,11.51,142050
2026-09-15T07:38:00.000Z,2026-09-15T10:38:00,11.51,11.55,11.51,11.55,14583
2026-09-15T07:39:00.000Z,2026-09-15T10:39:00,11.56,11.59,11.56,11.56,2160
2026-09-15T07:40:00.000Z,2026-09-15T10:40:00,11.56,11.56,11.55,11.56,33027
2026-09-15T07:41:00.000Z,2026-09-15T10:41:00,11.58,11.58,11.58,11.58,216
2026-09-15T07:42:00.000Z,2026-09-15T10:42:00,11.56,11.58,11.56,11.58,15763
2026-09-15T07:43:00.000Z,2026-09-15T10:43:00,11.58,11.6,11.58,11.6,84417
2026-09-15T07:44:00.000Z,2026-09-15T10:44:00,11.63,11.65,11.61,11.65,24200
2026-09-15T07:46:00.000Z,2026-09-15T10:46:00,11.66,11.68,11.66,11.66,5522
2026-09-15T07:47:00.000Z,2026-09-15T10:47:00,11.68,11.7,11.68,11.7,17500
2026-09-15T07:48:00.000Z,2026-09-15T10:48:00,11.67,11.7,11.66,11.7,34530
2026-09-15T07:49:00.000Z,2026-09-15T10:49:00,11.7,11.74,11.7,11.74,6994
2026-09-15T07:50:00.000Z,2026-09-15T10:50:00,11.73,11.73,11.7,11.7,50709
2026-09-15T07:51:00.000Z,2026-09-15T10:51:00,11.66,11.7,11.66,11.66,3665
2026-09-15T07:52:00.000Z,2026-09-15T10:52:00,11.66,11.66,11.65,11.65,5800
2026-09-15T07:53:00.000Z,2026-09-15T10:53:00,11.64,11.64,11.64,11.64,5
2026-09-15T07:54:00.000Z,2026-09-15T10:54:00,11.64,11.7,11.64,11.7,27063
2026-09-15T07:55:00.000Z,2026-09-15T10:55:00,11.63,11.63,11.63,11.63,2500
2026-09-15T07:56:00.000Z,2026-09-15T10:56:00,11.7,11.73,11.7,11.73,32394
2026-09-15T07:57:00.000Z,2026-09-15T10:57:00,11.73,11.73,11.73,11.73,500
2026-09-15T07:58:00.000Z,2026-09-15T10:58:00,11.7,11.7,11.64,11.64,36484
2026-09-15T08:00:00.000Z,2026-09-15T11:00:00,11.7,11.73,11.7,11.73,14143
2026-09-15T08:02:00.000Z,2026-09-15T11:02:00,11.72,11.73,11.72,11.73,790
2026-09-15T08:03:00.000Z,2026-09-15T11:03:00,11.72,11.76,11.72,11.76,70428
2026-09-15T08:04:00.000Z,2026-09-15T11:04:00,11.72,11.79,11.7,11.79,66046
2026-09-15T08:05:00.000Z,2026-09-15T11:05:00,11.71,11.79,11.7,11.78,20973
2026-09-15T08:06:00.000Z,2026-09-15T11:06:00,11.78,11.78,11.78,11.78,1300
2026-09-15T08:07:00.000Z,2026-09-15T11:07:00,11.77,11.77,11.77,11.77,1746
2026-09-15T08:08:00.000Z,2026-09-15T11:08:00,11.77,11.78,11.73,11.73,17977
2026-09-15T08:09:00.000Z,2026-09-15T11:09:00,11.75,11.75,11.75,11.75,5000
2026-09-15T08:10:00.000Z,2026-09-15T11:10:00,11.74,11.75,11.74,11.74,12000
2026-09-15T08:11:00.000Z,2026-09-15T11:11:00,11.74,11.74,11.74,11.74,1750
2026-09-15T08:12:00.000Z,2026-09-15T11:12:00,11.75,11.75,11.75,11.75,492
2026-09-15T08:13:00.000Z,2026-09-15T11:13:00,11.74,11.74,11.7,11.7,37556
2026-09-15T08:14:00.000Z,2026-09-15T11:14:00,11.7,11.7,11.65,11.65,9000
2026-09-15T08:15:00.000Z,2026-09-15T11:15:00,11.66,11.7,11.65,11.7,34902
2026-09-15T08:16:00.000Z,2026-09-15T11:16:00,11.7,11.7,11.7,11.7,30011
2026-09-15T08:17:00.000Z,2026-09-15T11:17:00,11.7,11.7,11.7,11.7,76867
2026-09-15T08:18:00.000Z,2026-09-15T11:18:00,11.7,11.75,11.7,11.75,49209
2026-09-15T08:19:00.000Z,2026-09-15T11:19:00,11.72,11.75,11.7,11.7,307933
2026-09-15T08:20:00.000Z,2026-09-15T11:20:00,11.7,11.74,11.7,11.74,25500
2026-09-15T08:21:00.000Z,2026-09-15T11:21:00,11.74,11.8,11.7,11.75,395970
2026-09-15T08:22:00.000Z,2026-09-15T11:22:00,11.79,11.8,11.79,11.8,140000
2026-09-15T08:23:00.000Z,2026-09-15T11:23:00,11.78,11.8,11.72,11.8,173991
2026-09-15T08:24:00.000Z,2026-09-15T11:24:00,11.81,11.81,11.75,11.8,61679
2026-09-15T08:25:00.000Z,2026-09-15T11:25:00,11.8,11.8,11.8,11.8,93000
2026-09-15T08:26:00.000Z,2026-09-15T11:26:00,11.8,11.8,11.76,11.76,6000
2026-09-15T08:27:00.000Z,2026-09-15T11:27:00,11.77,11.77,11.77,11.77,1530
2026-09-15T08:28:00.000Z,2026-09-15T11:28:00,11.77,11.82,11.77,11.77,73990
2026-09-15T08:29:00.000Z,2026-09-15T11:29:00,11.79,11.8,11.79,11.8,3651
2026-09-15T08:30:00.000Z,2026-09-15T11:30:00,11.79,11.79,11.79,11.79,2243
2026-09-15T08:32:00.000Z,2026-09-15T11:32:00,11.79,11.79,11.75,11.76,78693
2026-09-15T08:33:00.000Z,2026-09-15T11:33:00,11.79,11.8,11.79,11.8,60182
2026-09-15T08:34:00.000Z,2026-09-15T11:34:00,11.8,11.8,11.8,11.8,119019
2026-09-15T08:35:00.000Z,2026-09-15T11:35:00,11.8,11.8,11.77,11.8,31135
2026-09-15T08:36:00.000Z,2026-09-15T11:36:00,11.8,11.8,11.8,11.8,20220
2026-09-15T08:37:00.000Z,2026-09-15T11:37:00,11.8,11.8,11.77,11.77,1500
2026-09-15T08:38:00.000Z,2026-09-15T11:38:00,11.81,11.81,11.8,11.8,9130
2026-09-15T08:39:00.000Z,2026-09-15T11:39:00,11.81,11.81,11.8,11.8,3910
2026-09-15T08:40:00.000Z,2026-09-15T11:40:00,11.8,11.81,11.8,11.81,8652
2026-09-15T08:41:00.000Z,2026-09-15T11:41:00,11.81,11.83,11.81,11.83,19250
2026-09-15T08:42:00.000Z,2026-09-15T11:42:00,11.84,11.85,11.8,11.85,113500
2026-09-15T08:43:00.000Z,2026-09-15T11:43:00,11.85,11.85,11.85,11.85,4238
2026-09-15T08:44:00.000Z,2026-09-15T11:44:00,11.85,11.85,11.84,11.84,757
2026-09-15T08:45:00.000Z,2026-09-15T11:45:00,11.83,11.86,11.83,11.85,50690
2026-09-15T08:46:00.000Z,2026-09-15T11:46:00,11.85,11.85,11.81,11.81,32159
2026-09-15T08:47:00.000Z,2026-09-15T11:47:00,11.84,11.84,11.84,11.84,107
2026-09-15T08:48:00.000Z,2026-09-15T11:48:00,11.84,11.84,11.83,11.83,4455
2026-09-15T08:49:00.000Z,2026-09-15T11:49:00,11.83,11.84,11.82,11.84,12087
2026-09-15T08:50:00.000Z,2026-09-15T11:50:00,11.82,11.84,11.81,11.84,19502
2026-09-15T08:51:00.000Z,2026-09-15T11:51:00,11.82,11.84,11.82,11.82,768
2026-09-15T08:52:00.000Z,2026-09-15T11:52:00,11.84,11.84,11.84,11.84,84
2026-09-15T08:53:00.000Z,2026-09-15T11:53:00,11.84,11.85,11.81,11.81,31202
2026-09-15T08:54:00.000Z,2026-09-15T11:54:00,11.81,11.81,11.8,11.8,21746
2026-09-15T08:55:00.000Z,2026-09-15T11:55:00,11.8,11.8,11.8,11.8,30000
2026-09-15T08:56:00.000Z,2026-09-15T11:56:00,11.81,11.85,11.81,11.85,46306
2026-09-15T08:57:00.000Z,2026-09-15T11:57:00,11.82,11.85,11.81,11.85,25383
2026-09-15T08:58:00.000Z,2026-09-15T11:58:00,11.85,11.86,11.83,11.83,25632
2026-09-15T08:59:00.000Z,2026-09-15T11:59:00,11.85,11.85,11.84,11.84,3305
2026-09-15T09:00:00.000Z,2026-09-15T12:00:00,11.84,11.84,11.8,11.8,127309
2026-09-15T09:01:00.000Z,2026-09-15T12:01:00,11.8,11.8,11.8,11.8,33231
2026-09-15T09:02:00.000Z,2026-09-15T12:02:00,11.8,11.8,11.77,11.77,75845
2026-09-15T09:03:00.000Z,2026-09-15T12:03:00,11.77,11.77,11.77,11.77,1677
2026-09-15T09:04:00.000Z,2026-09-15T12:04:00,11.75,11.75,11.75,11.75,814
2026-09-15T09:05:00.000Z,2026-09-15T12:05:00,11.75,11.75,11.74,11.74,1398
2026-09-15T09:06:00.000Z,2026-09-15T12:06:00,11.75,11.77,11.75,11.77,59146
2026-09-15T09:07:00.000Z,2026-09-15T12:07:00,11.77,11.8,11.77,11.8,41254
2026-09-15T09:09:00.000Z,2026-09-15T12:09:00,11.8,11.84,11.8,11.84,30982
2026-09-15T09:10:00.000Z,2026-09-15T12:10:00,11.84,11.86,11.84,11.84,50154
2026-09-15T09:11:00.000Z,2026-09-15T12:11:00,11.85,11.86,11.85,11.86,15953
2026-09-15T09:12:00.000Z,2026-09-15T12:12:00,11.86,11.86,11.86,11.86,9443
2026-09-15T09:14:00.000Z,2026-09-15T12:14:00,11.85,11.85,11.85,11.85,6699
2026-09-15T09:15:00.000Z,2026-09-15T12:15:00,11.85,11.88,11.85,11.88,29047
2026-09-15T09:16:00.000Z,2026-09-15T12:16:00,11.88,11.89,11.88,11.88,41529
2026-09-15T09:17:00.000Z,2026-09-15T12:17:00,11.88,11.89,11.88,11.89,12003
2026-09-15T09:18:00.000Z,2026-09-15T12:18:00,11.88,11.89,11.87,11.89,27602
2026-09-15T09:19:00.000Z,2026-09-15T12:19:00,11.88,11.89,11.88,11.88,31310
2026-09-15T09:20:00.000Z,2026-09-15T12:20:00,11.89,11.9,11.89,11.89,33726
2026-09-15T09:21:00.000Z,2026-09-15T12:21:00,11.89,11.9,11.88,11.88,103289
2026-09-15T09:22:00.000Z,2026-09-15T12:22:00,11.88,11.9,11.88,11.9,9200
2026-09-15T09:23:00.000Z,2026-09-15T12:23:00,11.89,11.89,11.89,11.89,10000
2026-09-15T09:24:00.000Z,2026-09-15T12:24:00,11.89,11.9,11.89,11.9,32866
2026-09-15T09:25:00.000Z,2026-09-15T12:25:00,11.9,11.9,11.89,11.9,59512
2026-09-15T09:26:00.000Z,2026-09-15T12:26:00,11.9,11.9,11.89,11.89,5506
2026-09-15T09:27:00.000Z,2026-09-15T12:27:00,11.88,11.88,11.82,11.85,21743
2026-09-15T09:28:00.000Z,2026-09-15T12:28:00,11.84,11.84,11.8,11.8,17021
2026-09-15T09:29:00.000Z,2026-09-15T12:29:00,11.79,11.79,11.79,11.79,18838
2026-09-15T09:31:00.000Z,2026-09-15T12:31:00,11.79,11.8,11.78,11.8,14531
2026-09-15T09:32:00.000Z,2026-09-15T12:32:00,11.8,11.82,11.8,11.8,250442
2026-09-15T09:33:00.000Z,2026-09-15T12:33:00,11.8,11.84,11.8,11.84,3117
2026-09-15T09:35:00.000Z,2026-09-15T12:35:00,11.8,11.82,11.8,11.82,9872
2026-09-15T09:37:00.000Z,2026-09-15T12:37:00,11.83,11.83,11.83,11.83,65
2026-09-15T09:38:00.000Z,2026-09-15T12:38:00,11.83,11.84,11.81,11.81,5228
2026-09-15T09:39:00.000Z,2026-09-15T12:39:00,11.84,11.85,11.82,11.82,15172
2026-09-15T09:40:00.000Z,2026-09-15T12:40:00,11.84,11.85,11.84,11.85,75082
2026-09-15T09:42:00.000Z,2026-09-15T12:42:00,11.82,11.82,11.82,11.82,10000
2026-09-15T09:43:00.000Z,2026-09-15T12:43:00,11.83,11.83,11.82,11.82,10300
2026-09-15T09:44:00.000Z,2026-09-15T12:44:00,11.82,11.85,11.81,11.85,15335
2026-09-15T09:45:00.000Z,2026-09-15T12:45:00,11.85,11.85,11.85,11.85,2545
2026-09-15T09:46:00.000Z,2026-09-15T12:46:00,11.84,11.84,11.84,11.84,500
2026-09-15T09:47:00.000Z,2026-09-15T12:47:00,11.85,11.85,11.85,11.85,16447
2026-09-15T09:48:00.000Z,2026-09-15T12:48:00,11.86,11.86,11.85,11.85,9973
2026-09-15T09:51:00.000Z,2026-09-15T12:51:00,11.83,11.83,11.83,11.83,151
2026-09-15T09:52:00.000Z,2026-09-15T12:52:00,11.83,11.83,11.83,11.83,1000
2026-09-15T09:53:00.000Z,2026-09-15T12:53:00,11.83,11.83,11.8,11.8,17906
2026-09-15T09:54:00.000Z,2026-09-15T12:54:00,11.8,11.8,11.76,11.76,40000
2026-09-15T09:56:00.000Z,2026-09-15T12:56:00,11.8,11.8,11.8,11.8,5000
2026-09-15T09:57:00.000Z,2026-09-15T12:57:00,11.78,11.78,11.76,11.76,31766
2026-09-15T09:58:00.000Z,2026-09-15T12:58:00,11.76,11.76,11.75,11.75,25845
2026-09-15T09:59:00.000Z,2026-09-15T12:59:00,11.74,11.75,11.74,11.75,4265
2026-09-15T10:00:00.000Z,2026-09-15T13:00:00,11.75,11.75,11.74,11.75,20687
2026-09-15T10:01:00.000Z,2026-09-15T13:01:00,11.75,11.75,11.75,11.75,350
2026-09-15T10:02:00.000Z,2026-09-15T13:02:00,11.74,11.75,11.72,11.75,80922
2026-09-15T10:03:00.000Z,2026-09-15T13:03:00,11.8,11.8,11.8,11.8,10
2026-09-15T10:04:00.000Z,2026-09-15T13:04:00,11.8,11.8,11.76,11.76,730
2026-09-15T10:05:00.000Z,2026-09-15T13:05:00,11.8,11.8,11.76,11.76,3265
2026-09-15T10:06:00.000Z,2026-09-15T13:06:00,11.76,11.78,11.75,11.78,1025
2026-09-15T10:09:00.000Z,2026-09-15T13:09:00,11.78,11.78,11.78,11.78,1000
2026-09-15T10:10:00.000Z,2026-09-15T13:10:00,11.78,11.78,11.78,11.78,100
2026-09-15T10:11:00.000Z,2026-09-15T13:11:00,11.78,11.78,11.76,11.76,5557
2026-09-15T10:12:00.000Z,2026-09-15T13:12:00,11.76,11.76,11.76,11.76,13465
2026-09-15T10:13:00.000Z,2026-09-15T13:13:00,11.76,11.76,11.75,11.75,5013
2026-09-15T10:14:00.000Z,2026-09-15T13:14:00,11.75,11.75,11.75,11.75,3000
2026-09-15T10:16:00.000Z,2026-09-15T13:16:00,11.76,11.76,11.75,11.75,4510
2026-09-15T10:18:00.000Z,2026-09-15T13:18:00,11.78,11.78,11.75,11.75,3762
2026-09-15T10:19:00.000Z,2026-09-15T13:19:00,11.75,11.75,11.75,11.75,11388
2026-09-15T10:20:00.000Z,2026-09-15T13:20:00,11.75,11.75,11.74,11.74,5040
2026-09-15T10:21:00.000Z,2026-09-15T13:21:00,11.75,11.75,11.75,11.75,3612
2026-09-15T10:23:00.000Z,2026-09-15T13:23:00,11.75,11.75,11.74,11.74,13388
2026-09-15T10:24:00.000Z,2026-09-15T13:24:00,11.75,11.75,11.73,11.73,4000
2026-09-15T10:26:00.000Z,2026-09-15T13:26:00,11.75,11.75,11.75,11.75,3000
2026-09-15T10:27:00.000Z,2026-09-15T13:27:00,11.74,11.75,11.74,11.75,5001
2026-09-15T10:28:00.000Z,2026-09-15T13:28:00,11.75,11.75,11.74,11.74,816
2026-09-15T10:29:00.000Z,2026-09-15T13:29:00,11.74,11.75,11.74,11.75,1002
2026-09-15T10:32:00.000Z,2026-09-15T13:32:00,11.74,11.86,11.74,11.75,278837
2026-09-15T10:33:00.000Z,2026-09-15T13:33:00,11.75,11.75,11.75,11.75,88283
2026-09-15T10:34:00.000Z,2026-09-15T13:34:00,11.75,11.75,11.75,11.75,34172
2026-09-15T10:36:00.000Z,2026-09-15T13:36:00,11.75,11.75,11.75,11.75,911
2026-09-15T10:37:00.000Z,2026-09-15T13:37:00,11.76,11.76,11.76,11.76,8000
2026-09-15T10:38:00.000Z,2026-09-15T13:38:00,11.81,11.81,11.81,11.81,17
2026-09-15T10:39:00.000Z,2026-09-15T13:39:00,11.81,11.81,11.77,11.77,21187
2026-09-15T10:40:00.000Z,2026-09-15T13:40:00,11.77,11.77,11.77,11.77,14077
2026-09-15T10:41:00.000Z,2026-09-15T13:41:00,11.77,11.77,11.77,11.77,1500
2026-09-15T10:42:00.000Z,2026-09-15T13:42:00,11.77,11.77,11.75,11.75,8592
2026-09-15T10:43:00.000Z,2026-09-15T13:43:00,11.79,11.8,11.79,11.8,20671
2026-09-15T10:44:00.000Z,2026-09-15T13:44:00,11.8,11.8,11.8,11.8,5000
2026-09-15T10:45:00.000Z,2026-09-15T13:45:00,11.79,11.8,11.79,11.8,5849
2026-09-15T10:46:00.000Z,2026-09-15T13:46:00,11.8,11.82,11.8,11.82,67080
2026-09-15T10:47:00.000Z,2026-09-15T13:47:00,11.84,11.84,11.84,11.84,2000
2026-09-15T10:48:00.000Z,2026-09-15T13:48:00,11.84,11.84,11.8,11.83,31101
2026-09-15T10:49:00.000Z,2026-09-15T13:49:00,11.82,11.82,11.82,11.82,3500
2026-09-15T10:50:00.000Z,2026-09-15T13:50:00,11.82,11.83,11.82,11.83,200
2026-09-15T10:51:00.000Z,2026-09-15T13:51:00,11.83,11.83,11.82,11.82,10000
2026-09-15T10:52:00.000Z,2026-09-15T13:52:00,11.82,11.82,11.78,11.78,56259
2026-09-15T10:53:00.000Z,2026-09-15T13:53:00,11.79,11.8,11.78,11.78,7904
2026-09-15T10:55:00.000Z,2026-09-15T13:55:00,11.78,11.8,11.78,11.8,6000
2026-09-15T10:56:00.000Z,2026-09-15T13:56:00,11.8,11.8,11.8,11.8,10050
2026-09-15T10:57:00.000Z,2026-09-15T13:57:00,11.8,11.8,11.8,11.8,27487
2026-09-15T10:58:00.000Z,2026-09-15T13:58:00,11.8,11.8,11.8,11.8,25301
2026-09-15T10:59:00.000Z,2026-09-15T13:59:00,11.8,11.8,11.79,11.8,12711
2026-09-15T11:00:00.000Z,2026-09-15T14:00:00,11.8,11.8,11.8,11.8,6353
2026-09-15T11:01:00.000Z,2026-09-15T14:01:00,11.8,11.8,11.8,11.8,26075
2026-09-15T11:02:00.000Z,2026-09-15T14:02:00,11.8,11.8,11.76,11.76,148835
2026-09-15T11:03:00.000Z,2026-09-15T14:03:00,11.76,11.76,11.76,11.76,2390
2026-09-15T11:04:00.000Z,2026-09-15T14:04:00,11.76,11.78,11.74,11.74,52565
2026-09-15T11:05:00.000Z,2026-09-15T14:05:00,11.77,11.79,11.74,11.79,25422
2026-09-15T11:06:00.000Z,2026-09-15T14:06:00,11.74,11.8,11.73,11.8,132612
2026-09-15T11:08:00.000Z,2026-09-15T14:08:00,11.74,11.74,11.66,11.7,189743
2026-09-15T11:09:00.000Z,2026-09-15T14:09:00,11.7,11.8,11.7,11.7,39763
2026-09-15T11:10:00.000Z,2026-09-15T14:10:00,11.7,11.7,11.7,11.7,300
2026-09-15T11:11:00.000Z,2026-09-15T14:11:00,11.78,11.78,11.72,11.72,2151
2026-09-15T11:12:00.000Z,2026-09-15T14:12:00,11.72,11.72,11.71,11.71,26515
2026-09-15T11:13:00.000Z,2026-09-15T14:13:00,11.72,11.77,11.72,11.73,4172
2026-09-15T11:14:00.000Z,2026-09-15T14:14:00,11.77,11.77,11.73,11.77,10700
2026-09-15T11:25:00.000Z,2026-09-15T14:25:00,11.7,11.7,11.7,11.7,394637
2026-09-15T11:26:00.000Z,2026-09-15T14:26:00,11.7,11.7,11.7,11.7,175928
2026-09-15T11:27:00.000Z,2026-09-15T14:27:00,11.7,11.7,11.7,11.7,90000
2026-09-15T11:28:00.000Z,2026-09-15T14:28:00,11.7,11.7,11.7,11.7,13380
2026-09-16T07:00:00.000Z,2026-09-16T10:00:00,11.75,11.75,11.75,11.75,1001
2026-09-16T07:01:00.000Z,2026-09-16T10:01:00,11.75,11.79,11.75,11.75,11500
2026-09-16T07:02:00.000Z,2026-09-16T10:02:00,11.75,11.8,11.75,11.8,6502
2026-09-16T07:03:00.000Z,2026-09-16T10:03:00,11.8,11.8,11.75,11.75,360
2026-09-16T07:04:00.000Z,2026-09-16T10:04:00,11.79,11.79,11.75,11.75,4500
2026-09-16T07:05:00.000Z,2026-09-16T10:05:00,11.75,11.75,11.72,11.72,688
2026-09-16T07:06:00.000Z,2026-09-16T10:06:00,11.75,11.75,11.75,11.75,12328
2026-09-16T07:07:00.000Z,2026-09-16T10:07:00,11.79,11.79,11.75,11.75,9589
2026-09-16T07:08:00.000Z,2026-09-16T10:08:00,11.79,11.79,11.75,11.75,16022
2026-09-16T07:09:00.000Z,2026-09-16T10:09:00,11.75,11.8,11.74,11.8,19075
2026-09-16T07:10:00.000Z,2026-09-16T10:10:00,11.8,11.8,11.7,11.7,88619
2026-09-16T07:11:00.000Z,2026-09-16T10:11:00,11.7,11.71,11.7,11.7,58979
2026-09-16T07:12:00.000Z,2026-09-16T10:12:00,11.7,11.71,11.7,11.71,4854
2026-09-16T07:13:00.000Z,2026-09-16T10:13:00,11.77,11.77,11.76,11.76,10184
2026-09-16T07:14:00.000Z,2026-09-16T10:14:00,11.76,11.94,11.76,11.93,123763
2026-09-16T07:15:00.000Z,2026-09-16T10:15:00,11.8,11.9,11.8,11.83,55954
2026-09-16T07:16:00.000Z,2026-09-16T10:16:00,11.9,11.92,11.9,11.92,1959
2026-09-16T07:17:00.000Z,2026-09-16T10:17:00,11.9,11.9,11.9,11.9,10541
2026-09-16T07:18:00.000Z,2026-09-16T10:18:00,11.9,11.91,11.9,11.9,36450
2026-09-16T07:19:00.000Z,2026-09-16T10:19:00,11.91,11.92,11.9,11.9,42000
2026-09-16T07:20:00.000Z,2026-09-16T10:20:00,11.91,11.91,11.9,11.9,23256
2026-09-16T07:21:00.000Z,2026-09-16T10:21:00,11.9,11.9,11.85,11.85,1500
2026-09-16T07:22:00.000Z,2026-09-16T10:22:00,11.9,11.9,11.86,11.89,6541
2026-09-16T07:23:00.000Z,2026-09-16T10:23:00,11.86,11.86,11.85,11.85,12470
2026-09-16T07:24:00.000Z,2026-09-16T10:24:00,11.89,11.89,11.89,11.89,28
2026-09-16T07:25:00.000Z,2026-09-16T10:25:00,11.89,11.89,11.86,11.86,571
2026-09-16T07:26:00.000Z,2026-09-16T10:26:00,11.89,11.89,11.87,11.87,900
2026-09-16T07:27:00.000Z,2026-09-16T10:27:00,11.87,11.87,11.87,11.87,223
2026-09-16T07:28:00.000Z,2026-09-16T10:28:00,11.87,11.87,11.86,11.86,23641
2026-09-16T07:29:00.000Z,2026-09-16T10:29:00,11.86,11.86,11.86,11.86,7
2026-09-16T07:30:00.000Z,2026-09-16T10:30:00,11.86,11.9,11.86,11.9,13539
2026-09-16T07:31:00.000Z,2026-09-16T10:31:00,11.9,11.9,11.85,11.85,22704
2026-09-16T07:32:00.000Z,2026-09-16T10:32:00,11.89,11.89,11.85,11.85,2031
2026-09-16T07:35:00.000Z,2026-09-16T10:35:00,11.86,11.87,11.86,11.87,2814
2026-09-16T07:36:00.000Z,2026-09-16T10:36:00,11.86,11.86,11.84,11.84,85023
2026-09-16T07:37:00.000Z,2026-09-16T10:37:00,11.83,11.84,11.83,11.84,15101
2026-09-16T07:38:00.000Z,2026-09-16T10:38:00,11.82,11.82,11.82,11.82,2084
2026-09-16T07:39:00.000Z,2026-09-16T10:39:00,11.82,11.84,11.8,11.84,61778
2026-09-16T07:41:00.000Z,2026-09-16T10:41:00,11.82,11.84,11.82,11.84,9704
2026-09-16T07:42:00.000Z,2026-09-16T10:42:00,11.85,11.85,11.81,11.81,8573
2026-09-16T07:43:00.000Z,2026-09-16T10:43:00,11.82,11.82,11.82,11.82,915
2026-09-16T07:44:00.000Z,2026-09-16T10:44:00,11.84,11.85,11.84,11.85,7345
2026-09-16T07:46:00.000Z,2026-09-16T10:46:00,11.83,11.85,11.83,11.84,8094
2026-09-16T07:47:00.000Z,2026-09-16T10:47:00,11.85,11.85,11.85,11.85,2021
2026-09-16T07:48:00.000Z,2026-09-16T10:48:00,11.85,11.85,11.83,11.83,3867
2026-09-16T07:49:00.000Z,2026-09-16T10:49:00,11.84,11.85,11.84,11.85,2712
2026-09-16T07:50:00.000Z,2026-09-16T10:50:00,11.85,11.85,11.85,11.85,3216
2026-09-16T07:51:00.000Z,2026-09-16T10:51:00,11.83,11.83,11.83,11.83,6625
2026-09-16T07:52:00.000Z,2026-09-16T10:52:00,11.83,11.83,11.83,11.83,2700
2026-09-16T07:54:00.000Z,2026-09-16T10:54:00,11.84,11.84,11.84,11.84,51
2026-09-16T07:55:00.000Z,2026-09-16T10:55:00,11.83,11.83,11.83,11.83,1170
2026-09-16T07:56:00.000Z,2026-09-16T10:56:00,11.83,11.83,11.83,11.83,1280
2026-09-16T07:57:00.000Z,2026-09-16T10:57:00,11.82,11.84,11.76,11.83,127473
2026-09-16T07:58:00.000Z,2026-09-16T10:58:00,11.84,11.85,11.8,11.85,2855
2026-09-16T08:00:00.000Z,2026-09-16T11:00:00,11.84,11.84,11.84,11.84,34
2026-09-16T08:01:00.000Z,2026-09-16T11:01:00,11.81,11.81,11.78,11.78,24388
2026-09-16T08:02:00.000Z,2026-09-16T11:02:00,11.8,11.8,11.8,11.8,26139
2026-09-16T08:03:00.000Z,2026-09-16T11:03:00,11.83,11.85,11.83,11.85,12711
2026-09-16T08:04:00.000Z,2026-09-16T11:04:00,11.84,11.84,11.84,11.84,1012
2026-09-16T08:05:00.000Z,2026-09-16T11:05:00,11.84,11.84,11.84,11.84,1000
2026-09-16T08:07:00.000Z,2026-09-16T11:07:00,11.8,11.8,11.8,11.8,17221
2026-09-16T08:08:00.000Z,2026-09-16T11:08:00,11.8,11.8,11.8,11.8,7000
2026-09-16T08:10:00.000Z,2026-09-16T11:10:00,11.79,11.79,11.79,11.79,20
2026-09-16T08:11:00.000Z,2026-09-16T11:11:00,11.8,11.8,11.8,11.8,2273
2026-09-16T08:12:00.000Z,2026-09-16T11:12:00,11.8,11.82,11.8,11.82,33260
2026-09-16T08:13:00.000Z,2026-09-16T11:13:00,11.8,11.8,11.8,11.8,17458
2026-09-16T08:14:00.000Z,2026-09-16T11:14:00,11.79,11.79,11.79,11.79,20
2026-09-16T08:15:00.000Z,2026-09-16T11:15:00,11.79,11.79,11.79,11.79,7120
2026-09-16T08:16:00.000Z,2026-09-16T11:16:00,11.79,11.79,11.79,11.79,848
2026-09-16T08:17:00.000Z,2026-09-16T11:17:00,11.77,11.77,11.77,11.77,1
2026-09-16T08:18:00.000Z,2026-09-16T11:18:00,11.77,11.77,11.76,11.76,4608
2026-09-16T08:19:00.000Z,2026-09-16T11:19:00,11.76,11.76,11.76,11.76,2000
2026-09-16T08:20:00.000Z,2026-09-16T11:20:00,11.79,11.8,11.79,11.79,5336
2026-09-16T08:21:00.000Z,2026-09-16T11:21:00,11.79,11.79,11.79,11.79,899
2026-09-16T08:22:00.000Z,2026-09-16T11:22:00,11.77,11.77,11.76,11.76,5381
2026-09-16T08:23:00.000Z,2026-09-16T11:23:00,11.76,11.77,11.76,11.77,536
2026-09-16T08:24:00.000Z,2026-09-16T11:24:00,11.77,11.77,11.77,11.77,6758
2026-09-16T08:25:00.000Z,2026-09-16T11:25:00,11.77,11.78,11.75,11.77,51352
2026-09-16T08:26:00.000Z,2026-09-16T11:26:00,11.75,11.76,11.75,11.76,942
2026-09-16T08:28:00.000Z,2026-09-16T11:28:00,11.77,11.77,11.77,11.77,10000
2026-09-16T08:29:00.000Z,2026-09-16T11:29:00,11.77,11.77,11.75,11.75,12000
2026-09-16T08:30:00.000Z,2026-09-16T11:30:00,11.75,11.75,11.75,11.75,425
2026-09-16T08:31:00.000Z,2026-09-16T11:31:00,11.76,11.76,11.75,11.75,6829
2026-09-16T08:32:00.000Z,2026-09-16T11:32:00,11.77,11.78,11.76,11.76,20563
2026-09-16T08:33:00.000Z,2026-09-16T11:33:00,11.76,11.8,11.75,11.8,69200
2026-09-16T08:36:00.000Z,2026-09-16T11:36:00,11.8,11.8,11.8,11.8,100
2026-09-16T08:37:00.000Z,2026-09-16T11:37:00,11.8,11.8,11.8,11.8,10
2026-09-16T08:38:00.000Z,2026-09-16T11:38:00,11.8,11.8,11.8,11.8,500
2026-09-16T08:39:00.000Z,2026-09-16T11:39:00,11.8,11.8,11.8,11.8,200
2026-09-16T08:40:00.000Z,2026-09-16T11:40:00,11.8,11.8,11.8,11.8,1262
2026-09-16T08:41:00.000Z,2026-09-16T11:41:00,11.84,11.85,11.8,11.8,35738
2026-09-16T08:42:00.000Z,2026-09-16T11:42:00,11.8,11.81,11.8,11.81,22068
2026-09-16T08:44:00.000Z,2026-09-16T11:44:00,11.8,11.81,11.8,11.81,1876
2026-09-16T08:47:00.000Z,2026-09-16T11:47:00,11.8,11.84,11.8,11.84,8300
2026-09-16T08:48:00.000Z,2026-09-16T11:48:00,11.8,11.8,11.8,11.8,13000
2026-09-16T08:49:00.000Z,2026-09-16T11:49:00,11.8,11.81,11.8,11.8,34000
2026-09-16T08:50:00.000Z,2026-09-16T11:50:00,11.81,11.82,11.8,11.8,28755
2026-09-16T08:52:00.000Z,2026-09-16T11:52:00,11.79,11.79,11.79,11.79,500
2026-09-16T08:53:00.000Z,2026-09-16T11:53:00,11.79,11.79,11.79,11.79,996
2026-09-16T08:54:00.000Z,2026-09-16T11:54:00,11.79,11.79,11.78,11.79,19952
2026-09-16T08:55:00.000Z,2026-09-16T11:55:00,11.8,11.8,11.8,11.8,40000
2026-09-16T08:56:00.000Z,2026-09-16T11:56:00,11.8,11.8,11.8,11.8,73000
2026-09-16T08:57:00.000Z,2026-09-16T11:57:00,11.8,11.8,11.8,11.8,26072
2026-09-16T08:58:00.000Z,2026-09-16T11:58:00,11.8,11.8,11.8,11.8,40000
2026-09-16T08:59:00.000Z,2026-09-16T11:59:00,11.8,11.8,11.79,11.79,40000
2026-09-16T09:00:00.000Z,2026-09-16T12:00:00,11.79,11.79,11.79,11.79,10981
2026-09-16T09:01:00.000Z,2026-09-16T12:01:00,11.79,11.79,11.75,11.75,89981
2026-09-16T09:02:00.000Z,2026-09-16T12:02:00,11.77,11.77,11.77,11.77,2100
2026-09-16T09:03:00.000Z,2026-09-16T12:03:00,11.77,11.77,11.77,11.77,3325
2026-09-16T09:04:00.000Z,2026-09-16T12:04:00,11.77,11.77,11.77,11.77,1125
2026-09-16T09:05:00.000Z,2026-09-16T12:05:00,11.77,11.77,11.77,11.77,909
2026-09-16T09:07:00.000Z,2026-09-16T12:07:00,11.77,11.79,11.77,11.79,5537
2026-09-16T09:10:00.000Z,2026-09-16T12:10:00,11.77,11.77,11.77,11.77,8088
2026-09-16T09:11:00.000Z,2026-09-16T12:11:00,11.76,11.76,11.76,11.76,6000
2026-09-16T09:12:00.000Z,2026-09-16T12:12:00,11.77,11.77,11.76,11.76,9130
2026-09-16T09:13:00.000Z,2026-09-16T12:13:00,11.76,11.76,11.76,11.76,413
2026-09-16T09:14:00.000Z,2026-09-16T12:14:00,11.76,11.76,11.76,11.76,1000
2026-09-16T09:15:00.000Z,2026-09-16T12:15:00,11.78,11.78,11.76,11.76,660
2026-09-16T09:16:00.000Z,2026-09-16T12:16:00,11.76,11.78,11.75,11.75,28618
2026-09-16T09:17:00.000Z,2026-09-16T12:17:00,11.75,11.75,11.75,11.75,239
2026-09-16T09:18:00.000Z,2026-09-16T12:18:00,11.78,11.78,11.78,11.78,1000
2026-09-16T09:19:00.000Z,2026-09-16T12:19:00,11.78,11.79,11.76,11.79,8556
2026-09-16T09:20:00.000Z,2026-09-16T12:20:00,11.79,11.8,11.78,11.78,29240
2026-09-16T09:21:00.000Z,2026-09-16T12:21:00,11.77,11.77,11.75,11.75,25000
2026-09-16T09:23:00.000Z,2026-09-16T12:23:00,11.76,11.79,11.75,11.79,39301
2026-09-16T09:24:00.000Z,2026-09-16T12:24:00,11.79,11.79,11.78,11.78,403
2026-09-16T09:25:00.000Z,2026-09-16T12:25:00,11.78,11.78,11.75,11.75,97
2026-09-16T09:26:00.000Z,2026-09-16T12:26:00,11.75,11.75,11.75,11.75,1000
2026-09-16T09:29:00.000Z,2026-09-16T12:29:00,11.79,11.79,11.79,11.79,2
2026-09-16T09:30:00.000Z,2026-09-16T12:30:00,11.79,11.79,11.76,11.76,28404
2026-09-16T09:31:00.000Z,2026-09-16T12:31:00,11.79,11.8,11.76,11.76,4236
2026-09-16T09:32:00.000Z,2026-09-16T12:32:00,11.76,11.8,11.76,11.8,11609
2026-09-16T09:33:00.000Z,2026-09-16T12:33:00,11.79,11.8,11.79,11.8,20000
2026-09-16T09:34:00.000Z,2026-09-16T12:34:00,11.79,11.79,11.79,11.79,500
2026-09-16T09:35:00.000Z,2026-09-16T12:35:00,11.77,11.77,11.77,11.77,338
2026-09-16T09:36:00.000Z,2026-09-16T12:36:00,11.79,11.79,11.79,11.79,1287
2026-09-16T09:37:00.000Z,2026-09-16T12:37:00,11.77,11.79,11.77,11.79,9831
2026-09-16T09:38:00.000Z,2026-09-16T12:38:00,11.79,11.8,11.77,11.77,5000
2026-09-16T09:39:00.000Z,2026-09-16T12:39:00,11.77,11.77,11.77,11.77,3736
2026-09-16T09:40:00.000Z,2026-09-16T12:40:00,11.79,11.8,11.77,11.77,30971
2026-09-16T09:41:00.000Z,2026-09-16T12:41:00,11.77,11.77,11.77,11.77,2587
2026-09-16T09:42:00.000Z,2026-09-16T12:42:00,11.76,11.77,11.76,11.77,683
2026-09-16T09:43:00.000Z,2026-09-16T12:43:00,11.76,11.77,11.75,11.77,35275
2026-09-16T09:44:00.000Z,2026-09-16T12:44:00,11.75,11.75,11.75,11.75,1801
2026-09-16T09:45:00.000Z,2026-09-16T12:45:00,11.76,11.76,11.76,11.76,1040
2026-09-16T09:46:00.000Z,2026-09-16T12:46:00,11.76,11.77,11.76,11.77,8000
2026-09-16T09:47:00.000Z,2026-09-16T12:47:00,11.77,11.77,11.75,11.75,6500
2026-09-16T09:48:00.000Z,2026-09-16T12:48:00,11.77,11.78,11.77,11.78,2011
2026-09-16T09:49:00.000Z,2026-09-16T12:49:00,11.76,11.76,11.75,11.75,9880
2026-09-16T09:50:00.000Z,2026-09-16T12:50:00,11.74,11.75,11.74,11.74,17554
2026-09-16T09:51:00.000Z,2026-09-16T12:51:00,11.74,11.75,11.74,11.75,497
2026-09-16T09:52:00.000Z,2026-09-16T12:52:00,11.76,11.76,11.76,11.76,766
2026-09-16T09:53:00.000Z,2026-09-16T12:53:00,11.78,11.79,11.78,11.79,2870
2026-09-16T09:54:00.000Z,2026-09-16T12:54:00,11.78,11.8,11.78,11.8,16732
2026-09-16T09:56:00.000Z,2026-09-16T12:56:00,11.78,11.78,11.78,11.78,344
2026-09-16T09:57:00.000Z,2026-09-16T12:57:00,11.78,11.8,11.78,11.8,30027
2026-09-16T09:58:00.000Z,2026-09-16T12:58:00,11.78,11.78,11.78,11.78,5000
2026-09-16T09:59:00.000Z,2026-09-16T12:59:00,11.78,11.78,11.78,11.78,3000
2026-09-16T10:00:00.000Z,2026-09-16T13:00:00,11.78,11.78,11.78,11.78,72179
2026-09-16T10:01:00.000Z,2026-09-16T13:01:00,11.78,11.8,11.77,11.79,50209
2026-09-16T10:02:00.000Z,2026-09-16T13:02:00,11.79,11.8,11.79,11.8,28600
2026-09-16T10:03:00.000Z,2026-09-16T13:03:00,11.77,11.77,11.77,11.77,31205
2026-09-16T10:04:00.000Z,2026-09-16T13:04:00,11.77,11.79,11.77,11.77,4652
2026-09-16T10:06:00.000Z,2026-09-16T13:06:00,11.76,11.76,11.76,11.76,13634
2026-09-16T10:07:00.000Z,2026-09-16T13:07:00,11.76,11.76,11.75,11.75,46193
2026-09-16T10:08:00.000Z,2026-09-16T13:08:00,11.75,11.75,11.75,11.75,4702
2026-09-16T10:09:00.000Z,2026-09-16T13:09:00,11.75,11.75,11.74,11.74,2971
2026-09-16T10:11:00.000Z,2026-09-16T13:11:00,11.75,11.75,11.73,11.73,30000
2026-09-16T10:12:00.000Z,2026-09-16T13:12:00,11.75,11.75,11.73,11.75,15965
2026-09-16T10:13:00.000Z,2026-09-16T13:13:00,11.74,11.75,11.74,11.74,31000
2026-09-16T10:15:00.000Z,2026-09-16T13:15:00,11.73,11.73,11.72,11.72,68775
2026-09-16T10:16:00.000Z,2026-09-16T13:16:00,11.72,11.72,11.67,11.7,217500
2026-09-16T10:17:00.000Z,2026-09-16T13:17:00,11.7,11.7,11.7,11.7,24722
2026-09-16T10:18:00.000Z,2026-09-16T13:18:00,11.7,11.7,11.68,11.68,12019
2026-09-16T10:19:00.000Z,2026-09-16T13:19:00,11.68,11.69,11.68,11.69,3524
2026-09-16T10:20:00.000Z,2026-09-16T13:20:00,11.67,11.67,11.67,11.67,2869
2026-09-16T10:21:00.000Z,2026-09-16T13:21:00,11.69,11.69,11.67,11.67,14671
2026-09-16T10:22:00.000Z,2026-09-16T13:22:00,11.67,11.67,11.66,11.66,37995
2026-09-16T10:23:00.000Z,2026-09-16T13:23:00,11.67,11.67,11.65,11.66,76357
2026-09-16T10:24:00.000Z,2026-09-16T13:24:00,11.66,11.67,11.66,11.66,30566
2026-09-16T10:25:00.000Z,2026-09-16T13:25:00,11.66,11.66,11.64,11.66,59033
2026-09-16T10:26:00.000Z,2026-09-16T13:26:00,11.67,11.68,11.66,11.66,530602
2026-09-16T10:27:00.000Z,2026-09-16T13:27:00,11.65,11.65,11.64,11.64,37030
2026-09-16T10:28:00.000Z,2026-09-16T13:28:00,11.63,11.63,11.59,11.6,220538
2026-09-16T10:29:00.000Z,2026-09-16T13:29:00,11.6,11.6,11.57,11.57,33710
2026-09-16T10:30:00.000Z,2026-09-16T13:30:00,11.57,11.57,11.57,11.57,1000
2026-09-16T10:31:00.000Z,2026-09-16T13:31:00,11.6,11.6,11.6,11.6,10678
2026-09-16T10:32:00.000Z,2026-09-16T13:32:00,11.6,11.6,11.6,11.6,119229
2026-09-16T10:33:00.000Z,2026-09-16T13:33:00,11.6,11.61,11.6,11.61,15026
2026-09-16T10:34:00.000Z,2026-09-16T13:34:00,11.61,11.61,11.58,11.6,26239
2026-09-16T10:35:00.000Z,2026-09-16T13:35:00,11.61,11.61,11.61,11.61,10764
2026-09-16T10:36:00.000Z,2026-09-16T13:36:00,11.62,11.63,11.61,11.63,15602
2026-09-16T10:37:00.000Z,2026-09-16T13:37:00,11.63,11.63,11.63,11.63,17802
2026-09-16T10:38:00.000Z,2026-09-16T13:38:00,11.63,11.65,11.63,11.65,32295
2026-09-16T10:39:00.000Z,2026-09-16T13:39:00,11.65,11.65,11.65,11.65,2400
2026-09-16T10:40:00.000Z,2026-09-16T13:40:00,11.64,11.65,11.63,11.63,3823
2026-09-16T10:41:00.000Z,2026-09-16T13:41:00,11.65,11.65,11.62,11.62,50770
2026-09-16T10:42:00.000Z,2026-09-16T13:42:00,11.62,11.63,11.62,11.63,4230
2026-09-16T10:43:00.000Z,2026-09-16T13:43:00,11.63,11.63,11.63,11.63,5070
2026-09-16T10:44:00.000Z,2026-09-16T13:44:00,11.62,11.62,11.62,11.62,10391
2026-09-16T10:45:00.000Z,2026-09-16T13:45:00,11.63,11.64,11.62,11.62,9170
2026-09-16T10:47:00.000Z,2026-09-16T13:47:00,11.62,11.62,11.61,11.61,28399
2026-09-16T10:48:00.000Z,2026-09-16T13:48:00,11.61,11.61,11.61,11.61,8210
2026-09-16T10:49:00.000Z,2026-09-16T13:49:00,11.62,11.62,11.6,11.6,101508
2026-09-16T10:50:00.000Z,2026-09-16T13:50:00,11.6,11.6,11.6,11.6,2692
2026-09-16T10:51:00.000Z,2026-09-16T13:51:00,11.6,11.6,11.6,11.6,30000
2026-09-16T10:52:00.000Z,2026-09-16T13:52:00,11.6,11.6,11.6,11.6,30000
2026-09-16T10:53:00.000Z,2026-09-16T13:53:00,11.6,11.63,11.6,11.63,20000
2026-09-16T10:54:00.000Z,2026-09-16T13:54:00,11.6,11.63,11.6,11.63,7184
2026-09-16T10:55:00.000Z,2026-09-16T13:55:00,11.61,11.63,11.6,11.63,26383
2026-09-16T10:56:00.000Z,2026-09-16T13:56:00,11.6,11.63,11.6,11.63,50460
2026-09-16T10:57:00.000Z,2026-09-16T13:57:00,11.6,11.6,11.6,11.6,2100
2026-09-16T10:58:00.000Z,2026-09-16T13:58:00,11.63,11.64,11.6,11.6,55857
2026-09-16T10:59:00.000Z,2026-09-16T13:59:00,11.6,11.6,11.59,11.6,6248
2026-09-16T11:00:00.000Z,2026-09-16T14:00:00,11.6,11.6,11.6,11.6,6330
2026-09-16T11:01:00.000Z,2026-09-16T14:01:00,11.6,11.6,11.59,11.6,6931
2026-09-16T11:02:00.000Z,2026-09-16T14:02:00,11.6,11.6,11.6,11.6,11500
2026-09-16T11:03:00.000Z,2026-09-16T14:03:00,11.6,11.6,11.59,11.59,7694
2026-09-16T11:04:00.000Z,2026-09-16T14:04:00,11.59,11.61,11.59,11.6,43929
2026-09-16T11:05:00.000Z,2026-09-16T14:05:00,11.63,11.65,11.63,11.64,172287
2026-09-16T11:06:00.000Z,2026-09-16T14:06:00,11.63,11.64,11.63,11.64,89133
2026-09-16T11:07:00.000Z,2026-09-16T14:07:00,11.64,11.64,11.63,11.63,5000
2026-09-16T11:08:00.000Z,2026-09-16T14:08:00,11.64,11.64,11.64,11.64,75
2026-09-16T11:09:00.000Z,2026-09-16T14:09:00,11.64,11.66,11.64,11.66,15593
2026-09-16T11:10:00.000Z,2026-09-16T14:10:00,11.67,11.67,11.67,11.67,8100
2026-09-16T11:11:00.000Z,2026-09-16T14:11:00,11.66,11.66,11.65,11.65,11498
2026-09-16T11:12:00.000Z,2026-09-16T14:12:00,11.64,11.65,11.63,11.64,45250
2026-09-16T11:13:00.000Z,2026-09-16T14:13:00,11.63,11.65,11.63,11.65,19152
2026-09-16T11:14:00.000Z,2026-09-16T14:14:00,11.63,11.66,11.61,11.61,69790
2026-09-16T11:25:00.000Z,2026-09-16T14:25:00,11.66,11.66,11.66,11.66,161821
2026-09-16T11:26:00.000Z,2026-09-16T14:26:00,11.66,11.66,11.66,11.66,30500
2026-09-16T11:27:00.000Z,2026-09-16T14:27:00,11.66,11.66,11.66,11.66,34700
2026-09-16T11:28:00.000Z,2026-09-16T14:28:00,11.66,11.66,11.66,11.66,21500
2026-09-16T11:29:00.000Z,2026-09-16T14:29:00,11.66,11.66,11.66,11.66,30000
2026-09-17T07:00:00.000Z,2026-09-17T10:00:00,11.56,11.67,11.56,11.6,30853
2026-09-17T07:01:00.000Z,2026-09-17T10:01:00,11.6,11.6,11.6,11.6,7300
2026-09-17T07:02:00.000Z,2026-09-17T10:02:00,11.62,11.7,11.61,11.7,2813
2026-09-17T07:03:00.000Z,2026-09-17T10:03:00,11.7,11.72,11.6,11.6,33853
2026-09-17T07:05:00.000Z,2026-09-17T10:05:00,11.63,11.7,11.63,11.7,8144
2026-09-17T07:06:00.000Z,2026-09-17T10:06:00,11.7,11.79,11.7,11.79,38541
2026-09-17T07:07:00.000Z,2026-09-17T10:07:00,11.72,11.72,11.72,11.72,58
2026-09-17T07:08:00.000Z,2026-09-17T10:08:00,11.78,11.78,11.73,11.78,21077
2026-09-17T07:09:00.000Z,2026-09-17T10:09:00,11.75,11.75,11.75,11.75,400
2026-09-17T07:10:00.000Z,2026-09-17T10:10:00,11.75,11.75,11.7,11.7,35739
2026-09-17T07:11:00.000Z,2026-09-17T10:11:00,11.75,11.75,11.75,11.75,14100
2026-09-17T07:12:00.000Z,2026-09-17T10:12:00,11.75,11.75,11.71,11.71,2500
2026-09-17T07:13:00.000Z,2026-09-17T10:13:00,11.71,11.71,11.71,11.71,2304
2026-09-17T07:14:00.000Z,2026-09-17T10:14:00,11.72,11.72,11.72,11.72,1225
2026-09-17T07:15:00.000Z,2026-09-17T10:15:00,11.75,11.77,11.75,11.77,9500
2026-09-17T07:16:00.000Z,2026-09-17T10:16:00,11.77,11.77,11.77,11.77,849
2026-09-17T07:17:00.000Z,2026-09-17T10:17:00,11.77,11.77,11.75,11.76,4100
2026-09-17T07:18:00.000Z,2026-09-17T10:18:00,11.76,11.76,11.75,11.75,808
2026-09-17T07:20:00.000Z,2026-09-17T10:20:00,11.75,11.75,11.75,11.75,2514
2026-09-17T07:21:00.000Z,2026-09-17T10:21:00,11.75,11.75,11.7,11.7,17398
2026-09-17T07:22:00.000Z,2026-09-17T10:22:00,11.75,11.75,11.73,11.73,2042
2026-09-17T07:23:00.000Z,2026-09-17T10:23:00,11.73,11.74,11.72,11.74,6490
2026-09-17T07:24:00.000Z,2026-09-17T10:24:00,11.74,11.74,11.73,11.73,867
2026-09-17T07:25:00.000Z,2026-09-17T10:25:00,11.77,11.77,11.73,11.75,1210
2026-09-17T07:26:00.000Z,2026-09-17T10:26:00,11.75,11.75,11.75,11.75,500
2026-09-17T07:27:00.000Z,2026-09-17T10:27:00,11.76,11.77,11.75,11.75,21410
2026-09-17T07:28:00.000Z,2026-09-17T10:28:00,11.75,11.76,11.75,11.76,853
2026-09-17T07:29:00.000Z,2026-09-17T10:29:00,11.76,11.76,11.75,11.76,31238
2026-09-17T07:30:00.000Z,2026-09-17T10:30:00,11.76,11.76,11.75,11.75,7600
2026-09-17T07:31:00.000Z,2026-09-17T10:31:00,11.77,11.78,11.77,11.78,14900
2026-09-17T07:32:00.000Z,2026-09-17T10:32:00,11.77,11.77,11.77,11.77,3424
2026-09-17T07:33:00.000Z,2026-09-17T10:33:00,11.77,11.77,11.76,11.76,7350
2026-09-17T07:34:00.000Z,2026-09-17T10:34:00,11.75,11.76,11.75,11.76,10734
2026-09-17T07:36:00.000Z,2026-09-17T10:36:00,11.77,11.77,11.77,11.77,3720
2026-09-17T07:37:00.000Z,2026-09-17T10:37:00,11.78,11.8,11.78,11.8,78190
2026-09-17T07:38:00.000Z,2026-09-17T10:38:00,11.8,11.8,11.8,11.8,14810
2026-09-17T07:39:00.000Z,2026-09-17T10:39:00,11.8,11.82,11.8,11.81,62724
2026-09-17T07:40:00.000Z,2026-09-17T10:40:00,11.81,11.84,11.8,11.8,25000
2026-09-17T07:41:00.000Z,2026-09-17T10:41:00,11.83,11.84,11.81,11.81,23000
2026-09-17T07:42:00.000Z,2026-09-17T10:42:00,11.77,11.77,11.77,11.77,2540
2026-09-17T07:44:00.000Z,2026-09-17T10:44:00,11.78,11.8,11.78,11.8,3824
2026-09-17T07:45:00.000Z,2026-09-17T10:45:00,11.8,11.81,11.8,11.81,2286
2026-09-17T07:46:00.000Z,2026-09-17T10:46:00,11.8,11.81,11.78,11.78,30132
2026-09-17T07:47:00.000Z,2026-09-17T10:47:00,11.79,11.8,11.79,11.8,485
2026-09-17T07:48:00.000Z,2026-09-17T10:48:00,11.79,11.8,11.79,11.8,587
2026-09-17T07:49:00.000Z,2026-09-17T10:49:00,11.8,11.85,11.8,11.85,134282
2026-09-17T07:50:00.000Z,2026-09-17T10:50:00,11.86,11.9,11.86,11.9,112500
2026-09-17T07:51:00.000Z,2026-09-17T10:51:00,11.89,11.89,11.86,11.87,5519
2026-09-17T07:52:00.000Z,2026-09-17T10:52:00,11.87,11.87,11.86,11.86,6900
2026-09-17T07:53:00.000Z,2026-09-17T10:53:00,11.89,11.9,11.89,11.9,30000
2026-09-17T07:54:00.000Z,2026-09-17T10:54:00,11.89,11.89,11.89,11.89,1944
2026-09-17T07:55:00.000Z,2026-09-17T10:55:00,11.89,11.89,11.88,11.88,5000
2026-09-17T07:56:00.000Z,2026-09-17T10:56:00,11.89,11.89,11.89,11.89,3218
2026-09-17T07:57:00.000Z,2026-09-17T10:57:00,11.87,11.89,11.85,11.85,23250
2026-09-17T07:58:00.000Z,2026-09-17T10:58:00,11.88,11.9,11.88,11.9,100000
2026-09-17T07:59:00.000Z,2026-09-17T10:59:00,11.9,11.9,11.9,11.9,63140
2026-09-17T08:00:00.000Z,2026-09-17T11:00:00,11.9,11.93,11.9,11.93,58000
2026-09-17T08:01:00.000Z,2026-09-17T11:01:00,11.93,11.97,11.92,11.92,138939
2026-09-17T08:02:00.000Z,2026-09-17T11:02:00,11.95,11.98,11.91,11.91,111965
2026-09-17T08:03:00.000Z,2026-09-17T11:03:00,11.94,11.95,11.94,11.95,19205
2026-09-17T08:04:00.000Z,2026-09-17T11:04:00,11.95,12.06,11.95,12.06,311488
2026-09-17T08:05:00.000Z,2026-09-17T11:05:00,12.02,12.08,12.01,12.06,1153190
2026-09-17T08:06:00.000Z,2026-09-17T11:06:00,12.05,12.09,12.04,12.09,363252
2026-09-17T08:07:00.000Z,2026-09-17T11:07:00,12.09,12.1,12.06,12.06,251917
2026-09-17T08:08:00.000Z,2026-09-17T11:08:00,12.08,12.09,12.01,12.01,418546
2026-09-17T08:09:00.000Z,2026-09-17T11:09:00,12.05,12.05,11.96,11.96,107410
2026-09-17T08:10:00.000Z,2026-09-17T11:10:00,11.97,12.05,11.97,12.05,53836
2026-09-17T08:11:00.000Z,2026-09-17T11:11:00,12.05,12.09,12.05,12.09,6404
2026-09-17T08:12:00.000Z,2026-09-17T11:12:00,12.09,12.1,12.05,12.05,77584
2026-09-17T08:13:00.000Z,2026-09-17T11:13:00,12.05,12.05,12,12,523800
2026-09-17T08:14:00.000Z,2026-09-17T11:14:00,12.03,12.03,12,12.03,6298
2026-09-17T08:15:00.000Z,2026-09-17T11:15:00,12.01,12.02,12,12,31381
2026-09-17T08:16:00.000Z,2026-09-17T11:16:00,12,12,11.99,12,101945
2026-09-17T08:17:00.000Z,2026-09-17T11:17:00,12,12,11.99,11.99,68298
2026-09-17T08:18:00.000Z,2026-09-17T11:18:00,11.99,12.05,11.98,12.05,75409
2026-09-17T08:19:00.000Z,2026-09-17T11:19:00,12.04,12.04,12.04,12.04,6472
2026-09-17T08:20:00.000Z,2026-09-17T11:20:00,12.03,12.03,12.01,12.03,3701
2026-09-17T08:21:00.000Z,2026-09-17T11:21:00,12.04,12.04,11.99,11.99,387702
2026-09-17T08:22:00.000Z,2026-09-17T11:22:00,11.98,11.98,11.93,11.95,48595
2026-09-17T08:23:00.000Z,2026-09-17T11:23:00,11.95,11.95,11.9,11.9,21628
2026-09-17T08:25:00.000Z,2026-09-17T11:25:00,11.95,11.95,11.93,11.93,2527
2026-09-17T08:26:00.000Z,2026-09-17T11:26:00,11.95,11.97,11.93,11.97,15558
2026-09-17T08:27:00.000Z,2026-09-17T11:27:00,11.97,12,11.97,12,100000
2026-09-17T08:29:00.000Z,2026-09-17T11:29:00,11.99,11.99,11.99,11.99,1319
2026-09-17T08:30:00.000Z,2026-09-17T11:30:00,11.99,11.99,11.95,11.95,3222
2026-09-17T08:31:00.000Z,2026-09-17T11:31:00,11.96,11.99,11.95,11.96,26124
2026-09-17T08:32:00.000Z,2026-09-17T11:32:00,11.99,11.99,11.99,11.99,3
2026-09-17T08:33:00.000Z,2026-09-17T11:33:00,11.96,11.96,11.96,11.96,12000
2026-09-17T08:34:00.000Z,2026-09-17T11:34:00,11.98,11.98,11.98,11.98,40
2026-09-17T08:35:00.000Z,2026-09-17T11:35:00,11.98,11.98,11.98,11.98,2
2026-09-17T08:36:00.000Z,2026-09-17T11:36:00,11.96,11.96,11.96,11.96,2850
2026-09-17T08:37:00.000Z,2026-09-17T11:37:00,11.96,11.99,11.96,11.99,25010
2026-09-17T08:38:00.000Z,2026-09-17T11:38:00,11.99,11.99,11.96,11.96,771
2026-09-17T08:40:00.000Z,2026-09-17T11:40:00,11.99,11.99,11.97,11.97,208
2026-09-17T08:41:00.000Z,2026-09-17T11:41:00,11.97,11.97,11.96,11.96,638
2026-09-17T08:42:00.000Z,2026-09-17T11:42:00,11.96,11.98,11.96,11.98,2555
2026-09-17T08:43:00.000Z,2026-09-17T11:43:00,11.97,11.97,11.96,11.96,20000
2026-09-17T08:44:00.000Z,2026-09-17T11:44:00,11.96,11.96,11.93,11.93,81657
2026-09-17T08:46:00.000Z,2026-09-17T11:46:00,11.96,11.96,11.96,11.96,167
2026-09-17T08:47:00.000Z,2026-09-17T11:47:00,11.93,11.93,11.9,11.9,50000
2026-09-17T08:48:00.000Z,2026-09-17T11:48:00,11.93,11.93,11.93,11.93,169
2026-09-17T08:49:00.000Z,2026-09-17T11:49:00,11.94,11.95,11.94,11.95,833
2026-09-17T08:50:00.000Z,2026-09-17T11:50:00,11.93,11.93,11.89,11.89,124646
2026-09-17T08:51:00.000Z,2026-09-17T11:51:00,11.89,11.89,11.89,11.89,5031
2026-09-17T08:52:00.000Z,2026-09-17T11:52:00,11.89,11.9,11.88,11.88,5399
2026-09-17T08:53:00.000Z,2026-09-17T11:53:00,11.88,11.89,11.88,11.89,3300
2026-09-17T08:54:00.000Z,2026-09-17T11:54:00,11.89,11.89,11.89,11.89,5029
2026-09-17T08:55:00.000Z,2026-09-17T11:55:00,11.88,11.88,11.88,11.88,1200
2026-09-17T08:56:00.000Z,2026-09-17T11:56:00,11.89,11.89,11.88,11.88,15261
2026-09-17T08:57:00.000Z,2026-09-17T11:57:00,11.87,11.87,11.87,11.87,5004
2026-09-17T08:58:00.000Z,2026-09-17T11:58:00,11.86,11.86,11.86,11.86,868
2026-09-17T09:01:00.000Z,2026-09-17T12:01:00,11.88,11.9,11.88,11.9,20016
2026-09-17T09:02:00.000Z,2026-09-17T12:02:00,11.9,11.9,11.86,11.9,52547
2026-09-17T09:03:00.000Z,2026-09-17T12:03:00,11.9,11.97,11.9,11.97,30000
2026-09-17T09:05:00.000Z,2026-09-17T12:05:00,11.92,11.93,11.92,11.93,5000
2026-09-17T09:06:00.000Z,2026-09-17T12:06:00,11.89,11.89,11.86,11.86,25000
2026-09-17T09:07:00.000Z,2026-09-17T12:07:00,11.92,11.95,11.9,11.95,51238
2026-09-17T09:08:00.000Z,2026-09-17T12:08:00,11.95,11.95,11.95,11.95,751
2026-09-17T09:09:00.000Z,2026-09-17T12:09:00,11.94,11.95,11.94,11.95,3222
2026-09-17T09:10:00.000Z,2026-09-17T12:10:00,11.95,12,11.95,11.99,156300
2026-09-17T09:11:00.000Z,2026-09-17T12:11:00,11.99,11.99,11.98,11.98,2052
2026-09-17T09:12:00.000Z,2026-09-17T12:12:00,11.98,11.98,11.95,11.95,42803
2026-09-17T09:13:00.000Z,2026-09-17T12:13:00,11.94,11.95,11.94,11.95,14337
2026-09-17T09:14:00.000Z,2026-09-17T12:14:00,11.95,11.95,11.95,11.95,3659
2026-09-17T09:15:00.000Z,2026-09-17T12:15:00,11.95,11.95,11.94,11.95,25699
2026-09-17T09:16:00.000Z,2026-09-17T12:16:00,11.95,11.95,11.95,11.95,16140
2026-09-17T09:17:00.000Z,2026-09-17T12:17:00,11.98,12,11.98,11.99,117042
2026-09-17T09:18:00.000Z,2026-09-17T12:18:00,12,12,12,12,1000
2026-09-17T09:19:00.000Z,2026-09-17T12:19:00,11.99,12,11.99,12,60001
2026-09-17T09:20:00.000Z,2026-09-17T12:20:00,11.99,11.99,11.99,11.99,15000
2026-09-17T09:22:00.000Z,2026-09-17T12:22:00,11.96,11.96,11.96,11.96,54900
2026-09-17T09:23:00.000Z,2026-09-17T12:23:00,11.93,11.94,11.91,11.94,23563
2026-09-17T09:24:00.000Z,2026-09-17T12:24:00,11.91,11.91,11.9,11.9,13855
2026-09-17T09:25:00.000Z,2026-09-17T12:25:00,11.9,11.9,11.9,11.9,3000
2026-09-17T09:26:00.000Z,2026-09-17T12:26:00,11.9,11.9,11.9,11.9,198
2026-09-17T09:28:00.000Z,2026-09-17T12:28:00,11.9,11.9,11.9,11.9,3934
2026-09-17T09:29:00.000Z,2026-09-17T12:29:00,11.97,11.97,11.97,11.97,1000
2026-09-17T09:30:00.000Z,2026-09-17T12:30:00,11.91,11.91,11.91,11.91,1143
2026-09-17T09:31:00.000Z,2026-09-17T12:31:00,11.91,11.91,11.91,11.91,3
2026-09-17T09:33:00.000Z,2026-09-17T12:33:00,11.92,11.92,11.91,11.91,901
2026-09-17T09:34:00.000Z,2026-09-17T12:34:00,11.91,11.91,11.91,11.91,10663
2026-09-17T09:35:00.000Z,2026-09-17T12:35:00,11.91,11.91,11.9,11.91,17515
2026-09-17T09:36:00.000Z,2026-09-17T12:36:00,11.95,11.96,11.95,11.96,20000
2026-09-17T09:37:00.000Z,2026-09-17T12:37:00,11.95,11.95,11.95,11.95,26493
2026-09-17T09:38:00.000Z,2026-09-17T12:38:00,11.95,11.95,11.94,11.94,33000
2026-09-17T09:39:00.000Z,2026-09-17T12:39:00,11.96,11.96,11.94,11.95,21240
2026-09-17T09:40:00.000Z,2026-09-17T12:40:00,11.94,11.94,11.94,11.94,10251
2026-09-17T09:41:00.000Z,2026-09-17T12:41:00,11.95,11.96,11.95,11.96,19665
2026-09-17T09:42:00.000Z,2026-09-17T12:42:00,11.95,11.95,11.95,11.95,150
2026-09-17T09:44:00.000Z,2026-09-17T12:44:00,11.95,11.95,11.95,11.95,342
2026-09-17T09:45:00.000Z,2026-09-17T12:45:00,11.95,11.95,11.94,11.94,9695
2026-09-17T09:46:00.000Z,2026-09-17T12:46:00,11.94,11.94,11.94,11.94,210
2026-09-17T09:47:00.000Z,2026-09-17T12:47:00,11.93,11.93,11.93,11.93,23201
2026-09-17T09:49:00.000Z,2026-09-17T12:49:00,11.93,11.93,11.93,11.93,78
2026-09-17T09:50:00.000Z,2026-09-17T12:50:00,11.94,11.94,11.94,11.94,840
2026-09-17T09:51:00.000Z,2026-09-17T12:51:00,11.93,11.93,11.93,11.93,2000
2026-09-17T09:52:00.000Z,2026-09-17T12:52:00,11.94,11.94,11.93,11.94,12600
2026-09-17T09:53:00.000Z,2026-09-17T12:53:00,11.94,11.94,11.94,11.94,5000
2026-09-17T09:54:00.000Z,2026-09-17T12:54:00,11.94,11.94,11.94,11.94,1630
2026-09-17T09:55:00.000Z,2026-09-17T12:55:00,11.94,11.94,11.93,11.93,502
2026-09-17T09:56:00.000Z,2026-09-17T12:56:00,11.93,11.94,11.9,11.94,20330
2026-09-17T09:58:00.000Z,2026-09-17T12:58:00,11.9,11.9,11.9,11.9,2
2026-09-17T09:59:00.000Z,2026-09-17T12:59:00,11.94,11.94,11.9,11.9,1987
2026-09-17T10:01:00.000Z,2026-09-17T13:01:00,11.94,11.94,11.94,11.94,1000
2026-09-17T10:02:00.000Z,2026-09-17T13:02:00,11.93,11.93,11.93,11.93,100000
2026-09-17T10:03:00.000Z,2026-09-17T13:03:00,11.94,11.94,11.94,11.94,1100
2026-09-17T10:06:00.000Z,2026-09-17T13:06:00,11.94,11.94,11.9,11.9,19661
2026-09-17T10:09:00.000Z,2026-09-17T13:09:00,11.93,11.93,11.93,11.93,13
2026-09-17T10:11:00.000Z,2026-09-17T13:11:00,11.91,11.91,11.91,11.91,65
2026-09-17T10:12:00.000Z,2026-09-17T13:12:00,11.93,11.93,11.93,11.93,1500
2026-09-17T10:13:00.000Z,2026-09-17T13:13:00,11.93,11.93,11.9,11.9,12196
2026-09-17T10:15:00.000Z,2026-09-17T13:15:00,11.9,11.9,11.9,11.9,1000
2026-09-17T10:16:00.000Z,2026-09-17T13:16:00,11.9,11.9,11.9,11.9,7237
2026-09-17T10:17:00.000Z,2026-09-17T13:17:00,11.9,11.9,11.9,11.9,5815
2026-09-17T10:18:00.000Z,2026-09-17T13:18:00,11.9,11.9,11.9,11.9,900
2026-09-17T10:19:00.000Z,2026-09-17T13:19:00,11.9,11.9,11.9,11.9,5706
2026-09-17T10:20:00.000Z,2026-09-17T13:20:00,11.91,11.93,11.9,11.93,16353
2026-09-17T10:23:00.000Z,2026-09-17T13:23:00,11.93,11.93,11.92,11.92,25419
2026-09-17T10:24:00.000Z,2026-09-17T13:24:00,11.91,11.91,11.9,11.9,13312
2026-09-17T10:25:00.000Z,2026-09-17T13:25:00,11.9,11.92,11.9,11.9,19489
2026-09-17T10:26:00.000Z,2026-09-17T13:26:00,11.9,11.92,11.9,11.92,41
2026-09-17T10:27:00.000Z,2026-09-17T13:27:00,11.9,11.9,11.9,11.9,5000
2026-09-17T10:28:00.000Z,2026-09-17T13:28:00,11.9,11.9,11.9,11.9,1500
2026-09-17T10:29:00.000Z,2026-09-17T13:29:00,11.9,11.9,11.9,11.9,12801
2026-09-17T10:30:00.000Z,2026-09-17T13:30:00,11.9,11.9,11.9,11.9,300
2026-09-17T10:31:00.000Z,2026-09-17T13:31:00,11.91,11.91,11.91,11.91,250
2026-09-17T10:32:00.000Z,2026-09-17T13:32:00,11.91,11.91,11.9,11.91,3021
2026-09-17T10:33:00.000Z,2026-09-17T13:33:00,11.9,11.92,11.9,11.92,4692
2026-09-17T10:34:00.000Z,2026-09-17T13:34:00,11.92,11.93,11.92,11.93,26268
2026-09-17T10:35:00.000Z,2026-09-17T13:35:00,11.91,11.91,11.91,11.91,1000
2026-09-17T10:36:00.000Z,2026-09-17T13:36:00,11.91,11.92,11.9,11.9,82873
2026-09-17T10:37:00.000Z,2026-09-17T13:37:00,11.89,11.89,11.88,11.88,133714
2026-09-17T10:38:00.000Z,2026-09-17T13:38:00,11.87,11.87,11.87,11.87,9399
2026-09-17T10:40:00.000Z,2026-09-17T13:40:00,11.88,11.88,11.88,11.88,4183
2026-09-17T10:41:00.000Z,2026-09-17T13:41:00,11.88,11.9,11.87,11.9,7036
2026-09-17T10:42:00.000Z,2026-09-17T13:42:00,11.89,11.89,11.86,11.86,225513
2026-09-17T10:44:00.000Z,2026-09-17T13:44:00,11.87,11.88,11.86,11.88,7229
2026-09-17T10:45:00.000Z,2026-09-17T13:45:00,11.88,11.88,11.88,11.88,1186
2026-09-17T10:46:00.000Z,2026-09-17T13:46:00,11.88,11.89,11.86,11.86,7086
2026-09-17T10:47:00.000Z,2026-09-17T13:47:00,11.86,11.89,11.86,11.86,8300
2026-09-17T10:48:00.000Z,2026-09-17T13:48:00,11.87,11.87,11.85,11.85,34663
2026-09-17T10:50:00.000Z,2026-09-17T13:50:00,11.87,11.88,11.87,11.87,9982
2026-09-17T10:51:00.000Z,2026-09-17T13:51:00,11.86,11.87,11.85,11.85,3681
2026-09-17T10:52:00.000Z,2026-09-17T13:52:00,11.87,11.87,11.87,11.87,685
2026-09-17T10:53:00.000Z,2026-09-17T13:53:00,11.86,11.87,11.85,11.86,8850
2026-09-17T10:54:00.000Z,2026-09-17T13:54:00,11.85,11.85,11.84,11.84,10781
2026-09-17T10:55:00.000Z,2026-09-17T13:55:00,11.85,11.85,11.83,11.84,43210
2026-09-17T10:56:00.000Z,2026-09-17T13:56:00,11.84,11.84,11.84,11.84,26670
2026-09-17T10:57:00.000Z,2026-09-17T13:57:00,11.83,11.85,11.83,11.85,13558
2026-09-17T10:58:00.000Z,2026-09-17T13:58:00,11.85,11.86,11.85,11.86,4529
2026-09-17T10:59:00.000Z,2026-09-17T13:59:00,11.86,11.88,11.86,11.88,14163
2026-09-17T11:00:00.000Z,2026-09-17T14:00:00,11.88,11.9,11.88,11.88,116170
2026-09-17T11:01:00.000Z,2026-09-17T14:01:00,11.88,11.88,11.87,11.88,10000
2026-09-17T11:02:00.000Z,2026-09-17T14:02:00,11.88,11.88,11.87,11.87,9255
2026-09-17T11:03:00.000Z,2026-09-17T14:03:00,11.87,11.88,11.87,11.88,10076
2026-09-17T11:04:00.000Z,2026-09-17T14:04:00,11.89,11.89,11.89,11.89,870
2026-09-17T11:05:00.000Z,2026-09-17T14:05:00,11.88,11.88,11.86,11.86,15775
2026-09-17T11:06:00.000Z,2026-09-17T14:06:00,11.88,11.88,11.86,11.86,219668
2026-09-17T11:07:00.000Z,2026-09-17T14:07:00,11.86,11.86,11.84,11.84,65060
2026-09-17T11:08:00.000Z,2026-09-17T14:08:00,11.86,11.86,11.83,11.83,8120
2026-09-17T11:09:00.000Z,2026-09-17T14:09:00,11.84,11.85,11.83,11.83,14127
2026-09-17T11:10:00.000Z,2026-09-17T14:10:00,11.85,11.85,11.85,11.85,585
2026-09-17T11:11:00.000Z,2026-09-17T14:11:00,11.84,11.84,11.8,11.8,306368
2026-09-17T11:12:00.000Z,2026-09-17T14:12:00,11.8,11.8,11.77,11.77,71542
2026-09-17T11:13:00.000Z,2026-09-17T14:13:00,11.8,11.83,11.8,11.8,98527
2026-09-17T11:14:00.000Z,2026-09-17T14:14:00,11.8,11.81,11.77,11.77,95125
2026-09-17T11:25:00.000Z,2026-09-17T14:25:00,11.78,11.78,11.78,11.78,200952
2026-09-17T11:26:00.000Z,2026-09-17T14:26:00,11.78,11.78,11.78,11.78,216609
2026-09-17T11:27:00.000Z,2026-09-17T14:27:00,11.78,11.78,11.78,11.78,34386
2026-09-17T11:28:00.000Z,2026-09-17T14:28:00,11.78,11.78,11.78,11.78,72135
2026-09-17T11:29:00.000Z,2026-09-17T14:29:00,11.78,11.78,11.78,11.78,99184
2026-09-20T07:00:00.000Z,2026-09-20T10:00:00,11.81,11.95,11.81,11.9,25531
2026-09-20T07:01:00.000Z,2026-09-20T10:01:00,11.9,11.98,11.84,11.98,51205
2026-09-20T07:02:00.000Z,2026-09-20T10:02:00,11.98,12,11.98,12,46182
2026-09-20T07:03:00.000Z,2026-09-20T10:03:00,12.01,12.02,12,12.02,38861
2026-09-20T07:04:00.000Z,2026-09-20T10:04:00,12.02,12.05,11.95,12,64716
2026-09-20T07:05:00.000Z,2026-09-20T10:05:00,12,12,11.95,12,3147
2026-09-20T07:06:00.000Z,2026-09-20T10:06:00,11.95,12,11.95,11.95,2921
2026-09-20T07:07:00.000Z,2026-09-20T10:07:00,11.99,11.99,11.95,11.98,9108
2026-09-20T07:08:00.000Z,2026-09-20T10:08:00,11.98,11.98,11.98,11.98,205
2026-09-20T07:09:00.000Z,2026-09-20T10:09:00,11.97,11.98,11.92,11.92,15637
2026-09-20T07:10:00.000Z,2026-09-20T10:10:00,11.95,11.95,11.95,11.95,4622
2026-09-20T07:11:00.000Z,2026-09-20T10:11:00,11.97,11.97,11.96,11.96,5066
2026-09-20T07:12:00.000Z,2026-09-20T10:12:00,11.97,11.99,11.96,11.96,33741
2026-09-20T07:13:00.000Z,2026-09-20T10:13:00,11.98,12,11.98,12,15339
2026-09-20T07:14:00.000Z,2026-09-20T10:14:00,12,12,11.93,11.93,53443
2026-09-20T07:15:00.000Z,2026-09-20T10:15:00,11.99,12,11.99,12,25150
2026-09-20T07:16:00.000Z,2026-09-20T10:16:00,12,12,11.99,12,28034
2026-09-20T07:17:00.000Z,2026-09-20T10:17:00,11.96,12,11.96,11.97,8229
2026-09-20T07:18:00.000Z,2026-09-20T10:18:00,11.99,12,11.99,12,20291
2026-09-20T07:19:00.000Z,2026-09-20T10:19:00,11.99,12,11.97,11.97,37129
2026-09-20T07:20:00.000Z,2026-09-20T10:20:00,11.96,11.99,11.96,11.99,2337
2026-09-20T07:21:00.000Z,2026-09-20T10:21:00,11.99,11.99,11.99,11.99,18216
2026-09-20T07:22:00.000Z,2026-09-20T10:22:00,11.95,11.98,11.95,11.98,3614
2026-09-20T07:23:00.000Z,2026-09-20T10:23:00,11.96,11.96,11.95,11.95,3297
2026-09-20T07:24:00.000Z,2026-09-20T10:24:00,11.97,11.97,11.96,11.97,6991
2026-09-20T07:25:00.000Z,2026-09-20T10:25:00,11.96,11.96,11.93,11.93,22802
2026-09-20T07:26:00.000Z,2026-09-20T10:26:00,11.93,11.97,11.92,11.97,56130
2026-09-20T07:27:00.000Z,2026-09-20T10:27:00,11.93,11.95,11.9,11.95,52137
2026-09-20T07:28:00.000Z,2026-09-20T10:28:00,11.95,11.95,11.95,11.95,2963
2026-09-20T07:29:00.000Z,2026-09-20T10:29:00,11.95,11.95,11.87,11.9,48835
2026-09-20T07:30:00.000Z,2026-09-20T10:30:00,11.87,11.89,11.86,11.89,13000
2026-09-20T07:31:00.000Z,2026-09-20T10:31:00,11.88,11.9,11.86,11.9,2971
2026-09-20T07:32:00.000Z,2026-09-20T10:32:00,11.9,11.9,11.9,11.9,8827
2026-09-20T07:34:00.000Z,2026-09-20T10:34:00,11.9,12,11.9,12,50000
2026-09-20T07:35:00.000Z,2026-09-20T10:35:00,11.98,11.98,11.91,11.91,679
2026-09-20T07:36:00.000Z,2026-09-20T10:36:00,11.91,11.91,11.91,11.91,10
2026-09-20T07:37:00.000Z,2026-09-20T10:37:00,11.96,11.96,11.96,11.96,187
2026-09-20T07:38:00.000Z,2026-09-20T10:38:00,11.96,11.96,11.96,11.96,8594
2026-09-20T07:39:00.000Z,2026-09-20T10:39:00,11.92,11.92,11.86,11.86,13939
2026-09-20T07:40:00.000Z,2026-09-20T10:40:00,11.95,11.95,11.87,11.87,1039
2026-09-20T07:41:00.000Z,2026-09-20T10:41:00,11.91,11.91,11.85,11.87,54459
2026-09-20T07:43:00.000Z,2026-09-20T10:43:00,11.87,11.87,11.87,11.87,202
2026-09-20T07:44:00.000Z,2026-09-20T10:44:00,11.87,11.87,11.87,11.87,1
2026-09-20T07:47:00.000Z,2026-09-20T10:47:00,11.89,11.9,11.89,11.89,1224
2026-09-20T07:49:00.000Z,2026-09-20T10:49:00,11.93,11.93,11.93,11.93,808
2026-09-20T07:52:00.000Z,2026-09-20T10:52:00,11.93,11.93,11.93,11.93,1692
2026-09-20T07:53:00.000Z,2026-09-20T10:53:00,11.94,11.94,11.94,11.94,8
2026-09-20T07:54:00.000Z,2026-09-20T10:54:00,11.93,11.93,11.93,11.93,109
2026-09-20T07:55:00.000Z,2026-09-20T10:55:00,11.92,11.92,11.91,11.91,5813
2026-09-20T07:56:00.000Z,2026-09-20T10:56:00,11.91,11.91,11.91,11.91,2500
2026-09-20T07:57:00.000Z,2026-09-20T10:57:00,11.91,11.91,11.91,11.91,4327
2026-09-20T07:58:00.000Z,2026-09-20T10:58:00,11.9,11.9,11.88,11.88,33117
2026-09-20T07:59:00.000Z,2026-09-20T10:59:00,11.87,11.87,11.87,11.87,1851
2026-09-20T08:00:00.000Z,2026-09-20T11:00:00,11.91,11.91,11.91,11.91,84
2026-09-20T08:01:00.000Z,2026-09-20T11:01:00,11.88,11.91,11.88,11.91,367
2026-09-20T08:02:00.000Z,2026-09-20T11:02:00,11.91,11.91,11.91,11.91,1826
2026-09-20T08:06:00.000Z,2026-09-20T11:06:00,11.91,11.91,11.9,11.9,486
2026-09-20T08:07:00.000Z,2026-09-20T11:07:00,11.9,11.91,11.9,11.91,2600
2026-09-20T08:08:00.000Z,2026-09-20T11:08:00,11.9,11.95,11.9,11.95,12815
2026-09-20T08:09:00.000Z,2026-09-20T11:09:00,11.91,11.95,11.91,11.95,4360
2026-09-20T08:11:00.000Z,2026-09-20T11:11:00,11.93,11.93,11.93,11.93,1500
2026-09-20T08:13:00.000Z,2026-09-20T11:13:00,11.92,11.92,11.92,11.92,1100
2026-09-20T08:14:00.000Z,2026-09-20T11:14:00,11.92,11.95,11.92,11.95,21000
2026-09-20T08:15:00.000Z,2026-09-20T11:15:00,11.95,11.95,11.95,11.95,158
2026-09-20T08:16:00.000Z,2026-09-20T11:16:00,11.92,11.94,11.92,11.94,202
2026-09-20T08:17:00.000Z,2026-09-20T11:17:00,11.92,11.92,11.91,11.91,13503
2026-09-20T08:18:00.000Z,2026-09-20T11:18:00,11.91,11.91,11.91,11.91,15650
2026-09-20T08:19:00.000Z,2026-09-20T11:19:00,11.91,11.91,11.9,11.9,31129
2026-09-20T08:20:00.000Z,2026-09-20T11:20:00,11.9,11.93,11.9,11.9,12698
2026-09-20T08:21:00.000Z,2026-09-20T11:21:00,11.94,11.94,11.88,11.88,9798
2026-09-20T08:22:00.000Z,2026-09-20T11:22:00,11.9,11.9,11.9,11.9,4958
2026-09-20T08:23:00.000Z,2026-09-20T11:23:00,11.91,11.95,11.91,11.95,54742
2026-09-20T08:24:00.000Z,2026-09-20T11:24:00,11.93,11.96,11.91,11.96,10468
2026-09-20T08:25:00.000Z,2026-09-20T11:25:00,11.96,12,11.96,12,167762
2026-09-20T08:26:00.000Z,2026-09-20T11:26:00,12,12.01,12,12.01,58817
2026-09-20T08:27:00.000Z,2026-09-20T11:27:00,12,12.02,12,12,95902
2026-09-20T08:28:00.000Z,2026-09-20T11:28:00,12,12.01,12,12,10205
2026-09-20T08:29:00.000Z,2026-09-20T11:29:00,11.97,12,11.97,11.98,3501
2026-09-20T08:30:00.000Z,2026-09-20T11:30:00,11.98,11.98,11.98,11.98,406
2026-09-20T08:31:00.000Z,2026-09-20T11:31:00,11.98,12,11.98,12,13702
2026-09-20T08:32:00.000Z,2026-09-20T11:32:00,12,12,11.99,12,10319
2026-09-20T08:33:00.000Z,2026-09-20T11:33:00,12,12.04,12,12.04,108248
2026-09-20T08:34:00.000Z,2026-09-20T11:34:00,12,12,12,12,1000
2026-09-20T08:35:00.000Z,2026-09-20T11:35:00,12.04,12.04,12.03,12.03,12486
2026-09-20T08:36:00.000Z,2026-09-20T11:36:00,12.03,12.06,12.03,12.05,67946
2026-09-20T08:37:00.000Z,2026-09-20T11:37:00,12.05,12.06,12.05,12.05,35402
2026-09-20T08:38:00.000Z,2026-09-20T11:38:00,12.05,12.06,12,12.05,54070
2026-09-20T08:39:00.000Z,2026-09-20T11:39:00,12.01,12.04,12,12.04,33970
2026-09-20T08:40:00.000Z,2026-09-20T11:40:00,12.04,12.06,12.04,12.05,54915
2026-09-20T08:41:00.000Z,2026-09-20T11:41:00,12.05,12.06,12.04,12.04,4455
2026-09-20T08:42:00.000Z,2026-09-20T11:42:00,12.03,12.04,12,12,151095
2026-09-20T08:43:00.000Z,2026-09-20T11:43:00,12,12.05,12,12,27265
2026-09-20T08:44:00.000Z,2026-09-20T11:44:00,12.05,12.13,12.05,12.1,438866
2026-09-20T08:45:00.000Z,2026-09-20T11:45:00,12.1,12.12,12.07,12.12,98255
2026-09-20T08:46:00.000Z,2026-09-20T11:46:00,12.12,12.13,12.12,12.13,46328
2026-09-20T08:47:00.000Z,2026-09-20T11:47:00,12.13,12.13,12.1,12.1,109404
2026-09-20T08:48:00.000Z,2026-09-20T11:48:00,12.1,12.11,12.07,12.1,67587
2026-09-20T08:49:00.000Z,2026-09-20T11:49:00,12.09,12.09,12.09,12.09,2500
2026-09-20T08:50:00.000Z,2026-09-20T11:50:00,12.07,12.07,12.07,12.07,3416
2026-09-20T08:51:00.000Z,2026-09-20T11:51:00,12.07,12.07,12.05,12.05,3910
2026-09-20T08:52:00.000Z,2026-09-20T11:52:00,12.05,12.07,12.05,12.05,13894
2026-09-20T08:53:00.000Z,2026-09-20T11:53:00,12.05,12.05,12.03,12.05,34595
2026-09-20T08:54:00.000Z,2026-09-20T11:54:00,12.05,12.05,12,12,111032
2026-09-20T08:55:00.000Z,2026-09-20T11:55:00,12,12.05,12,12.05,17000
2026-09-20T08:56:00.000Z,2026-09-20T11:56:00,12.05,12.05,12.05,12.05,328
2026-09-20T08:57:00.000Z,2026-09-20T11:57:00,12.03,12.03,11.96,11.96,50155
2026-09-20T08:58:00.000Z,2026-09-20T11:58:00,12,12,12,12,57850
2026-09-20T08:59:00.000Z,2026-09-20T11:59:00,12,12,11.96,11.96,36908
2026-09-20T09:00:00.000Z,2026-09-20T12:00:00,11.96,12,11.96,12,74350
2026-09-20T09:01:00.000Z,2026-09-20T12:01:00,12,12,12,12,75500
2026-09-20T09:02:00.000Z,2026-09-20T12:02:00,12,12.04,12,12.04,40005
2026-09-20T09:03:00.000Z,2026-09-20T12:03:00,12.01,12.01,12,12,12083
2026-09-20T09:04:00.000Z,2026-09-20T12:04:00,12,12,11.98,12,4209
2026-09-20T09:05:00.000Z,2026-09-20T12:05:00,11.99,11.99,11.99,11.99,458
2026-09-20T09:06:00.000Z,2026-09-20T12:06:00,11.98,11.98,11.98,11.98,1
2026-09-20T09:07:00.000Z,2026-09-20T12:07:00,11.98,11.98,11.96,11.96,3259
2026-09-20T09:08:00.000Z,2026-09-20T12:08:00,11.98,11.98,11.98,11.98,2741
2026-09-20T09:09:00.000Z,2026-09-20T12:09:00,11.98,11.98,11.96,11.96,1928
2026-09-20T09:11:00.000Z,2026-09-20T12:11:00,11.96,12,11.95,12,52584
2026-09-20T09:13:00.000Z,2026-09-20T12:13:00,12,12,12,12,416
2026-09-20T09:14:00.000Z,2026-09-20T12:14:00,12.01,12.01,12.01,12.01,2000
2026-09-20T09:15:00.000Z,2026-09-20T12:15:00,12.03,12.04,12,12.03,20989
2026-09-20T09:16:00.000Z,2026-09-20T12:16:00,12.03,12.03,12.01,12.01,1184
2026-09-20T09:17:00.000Z,2026-09-20T12:17:00,12.03,12.03,12.03,12.03,23000
2026-09-20T09:18:00.000Z,2026-09-20T12:18:00,12.03,12.03,12.03,12.03,5000
2026-09-20T09:19:00.000Z,2026-09-20T12:19:00,12.03,12.04,12.03,12.03,17505
2026-09-20T09:20:00.000Z,2026-09-20T12:20:00,12.04,12.04,12,12,117491
2026-09-20T09:21:00.000Z,2026-09-20T12:21:00,12.01,12.05,12.01,12.05,11583
2026-09-20T09:22:00.000Z,2026-09-20T12:22:00,12.04,12.05,12.04,12.05,14886
2026-09-20T09:23:00.000Z,2026-09-20T12:23:00,12.04,12.04,12,12,26786
2026-09-20T09:24:00.000Z,2026-09-20T12:24:00,12,12,12,12,15400
2026-09-20T09:25:00.000Z,2026-09-20T12:25:00,11.99,12,11.98,12,62006
2026-09-20T09:26:00.000Z,2026-09-20T12:26:00,12,12,11.98,11.98,13959
2026-09-20T09:27:00.000Z,2026-09-20T12:27:00,11.99,11.99,11.99,11.99,6946
2026-09-20T09:28:00.000Z,2026-09-20T12:28:00,12,12,12,12,25000
2026-09-20T09:29:00.000Z,2026-09-20T12:29:00,11.99,11.99,11.99,11.99,662
2026-09-20T09:30:00.000Z,2026-09-20T12:30:00,12,12,12,12,26000
2026-09-20T09:31:00.000Z,2026-09-20T12:31:00,12,12,12,12,7000
2026-09-20T09:32:00.000Z,2026-09-20T12:32:00,12,12,11.95,11.95,81013
2026-09-20T09:33:00.000Z,2026-09-20T12:33:00,11.95,12.02,11.95,12.02,43745
2026-09-20T09:34:00.000Z,2026-09-20T12:34:00,12.02,12.02,11.96,11.96,49577
2026-09-20T09:35:00.000Z,2026-09-20T12:35:00,11.96,11.99,11.96,11.96,49803
2026-09-20T09:36:00.000Z,2026-09-20T12:36:00,12,12,12,12,105
2026-09-20T09:37:00.000Z,2026-09-20T12:37:00,12,12,12,12,2495
2026-09-20T09:38:00.000Z,2026-09-20T12:38:00,12,12,12,12,1432
2026-09-20T09:39:00.000Z,2026-09-20T12:39:00,12,12,11.97,12,20568
2026-09-20T09:40:00.000Z,2026-09-20T12:40:00,12,12,11.94,11.94,67233
2026-09-20T09:41:00.000Z,2026-09-20T12:41:00,11.94,11.94,11.92,11.92,80500
2026-09-20T09:42:00.000Z,2026-09-20T12:42:00,12,12,11.9,11.9,79585
2026-09-20T09:43:00.000Z,2026-09-20T12:43:00,11.89,11.9,11.89,11.89,26250
2026-09-20T09:44:00.000Z,2026-09-20T12:44:00,11.9,11.9,11.89,11.89,11071
2026-09-20T09:45:00.000Z,2026-09-20T12:45:00,11.9,11.9,11.88,11.88,81782
2026-09-20T09:46:00.000Z,2026-09-20T12:46:00,11.88,11.9,11.88,11.9,102555
2026-09-20T09:47:00.000Z,2026-09-20T12:47:00,11.9,11.9,11.9,11.9,850
2026-09-20T09:48:00.000Z,2026-09-20T12:48:00,11.94,11.94,11.94,11.94,25000
2026-09-20T09:49:00.000Z,2026-09-20T12:49:00,11.95,12,11.95,12,110237
2026-09-20T09:50:00.000Z,2026-09-20T12:50:00,12,12,12,12,137000
2026-09-20T09:51:00.000Z,2026-09-20T12:51:00,12,12,12,12,21730
2026-09-20T09:52:00.000Z,2026-09-20T12:52:00,11.95,12,11.95,11.95,118176
2026-09-20T09:53:00.000Z,2026-09-20T12:53:00,11.95,11.99,11.94,11.99,63181
2026-09-20T09:54:00.000Z,2026-09-20T12:54:00,11.94,11.94,11.94,11.94,33277
2026-09-20T09:55:00.000Z,2026-09-20T12:55:00,11.94,11.94,11.94,11.94,16723
2026-09-20T09:56:00.000Z,2026-09-20T12:56:00,11.95,11.95,11.95,11.95,10983
2026-09-20T09:57:00.000Z,2026-09-20T12:57:00,11.95,11.95,11.92,11.92,2164
2026-09-20T09:58:00.000Z,2026-09-20T12:58:00,11.93,11.95,11.91,11.91,32091
2026-09-20T09:59:00.000Z,2026-09-20T12:59:00,11.95,11.95,11.95,11.95,38906
2026-09-20T10:00:00.000Z,2026-09-20T13:00:00,11.98,11.98,11.98,11.98,252
2026-09-20T10:01:00.000Z,2026-09-20T13:01:00,11.95,11.95,11.93,11.93,60499
2026-09-20T10:03:00.000Z,2026-09-20T13:03:00,11.95,11.95,11.95,11.95,3226
2026-09-20T10:04:00.000Z,2026-09-20T13:04:00,11.93,11.93,11.9,11.9,29013
2026-09-20T10:05:00.000Z,2026-09-20T13:05:00,11.91,11.94,11.91,11.94,6000
2026-09-20T10:06:00.000Z,2026-09-20T13:06:00,11.91,11.91,11.9,11.9,25050
2026-09-20T10:08:00.000Z,2026-09-20T13:08:00,11.91,11.91,11.9,11.9,8333
2026-09-20T10:09:00.000Z,2026-09-20T13:09:00,11.91,11.95,11.9,11.9,5317
2026-09-20T10:11:00.000Z,2026-09-20T13:11:00,11.91,11.91,11.91,11.91,2500
2026-09-20T10:12:00.000Z,2026-09-20T13:12:00,11.95,11.95,11.95,11.95,1000
2026-09-20T10:13:00.000Z,2026-09-20T13:13:00,11.92,11.92,11.91,11.91,3930
2026-09-20T10:19:00.000Z,2026-09-20T13:19:00,11.95,11.95,11.95,11.95,96
2026-09-20T10:20:00.000Z,2026-09-20T13:20:00,11.95,11.97,11.94,11.96,72990
2026-09-20T10:21:00.000Z,2026-09-20T13:21:00,11.92,11.92,11.92,11.92,5000
2026-09-20T10:22:00.000Z,2026-09-20T13:22:00,11.92,11.92,11.92,11.92,504
2026-09-20T10:23:00.000Z,2026-09-20T13:23:00,11.92,11.92,11.92,11.92,800
2026-09-20T10:24:00.000Z,2026-09-20T13:24:00,11.95,11.96,11.92,11.92,8017
2026-09-20T10:26:00.000Z,2026-09-20T13:26:00,11.92,11.96,11.92,11.96,460040
2026-09-20T10:27:00.000Z,2026-09-20T13:27:00,11.96,11.96,11.95,11.96,3911
2026-09-20T10:28:00.000Z,2026-09-20T13:28:00,11.95,11.96,11.92,11.96,2483
2026-09-20T10:29:00.000Z,2026-09-20T13:29:00,11.95,11.95,11.95,11.95,200
2026-09-20T10:30:00.000Z,2026-09-20T13:30:00,11.95,11.96,11.95,11.96,25926
2026-09-20T10:31:00.000Z,2026-09-20T13:31:00,11.96,11.96,11.95,11.95,6491
2026-09-20T10:32:00.000Z,2026-09-20T13:32:00,11.96,12,11.95,12,111680
2026-09-20T10:33:00.000Z,2026-09-20T13:33:00,12,12,12,12,2131
2026-09-20T10:34:00.000Z,2026-09-20T13:34:00,11.99,11.99,11.99,11.99,10
2026-09-20T10:35:00.000Z,2026-09-20T13:35:00,11.96,11.96,11.95,11.95,617
2026-09-20T10:36:00.000Z,2026-09-20T13:36:00,11.96,11.96,11.96,11.96,522
2026-09-20T10:37:00.000Z,2026-09-20T13:37:00,11.96,11.99,11.96,11.99,7501
2026-09-20T10:39:00.000Z,2026-09-20T13:39:00,11.99,12,11.99,12,52627
2026-09-20T10:40:00.000Z,2026-09-20T13:40:00,12,12.01,11.99,12.01,12164
2026-09-20T10:41:00.000Z,2026-09-20T13:41:00,12,12.03,11.99,12.03,18286
2026-09-20T10:42:00.000Z,2026-09-20T13:42:00,12,12,12,12,8328
2026-09-20T10:43:00.000Z,2026-09-20T13:43:00,11.99,12,11.99,12,4742
2026-09-20T10:44:00.000Z,2026-09-20T13:44:00,12.02,12.02,12,12.02,54429
2026-09-20T10:45:00.000Z,2026-09-20T13:45:00,12.02,12.02,11.99,12.02,15378
2026-09-20T10:46:00.000Z,2026-09-20T13:46:00,11.99,12.02,11.99,12.02,610
2026-09-20T10:47:00.000Z,2026-09-20T13:47:00,12,12,12,12,3000
2026-09-20T10:48:00.000Z,2026-09-20T13:48:00,12,12,11.99,11.99,14677
2026-09-20T10:49:00.000Z,2026-09-20T13:49:00,11.99,11.99,11.99,11.99,11357
2026-09-20T10:50:00.000Z,2026-09-20T13:50:00,11.99,12,11.99,12,17266
2026-09-20T10:51:00.000Z,2026-09-20T13:51:00,12,12.02,12,12.02,27330
2026-09-20T10:53:00.000Z,2026-09-20T13:53:00,11.99,11.99,11.99,11.99,5
2026-09-20T10:54:00.000Z,2026-09-20T13:54:00,12,12.02,12,12.02,38522
2026-09-20T10:55:00.000Z,2026-09-20T13:55:00,12.02,12.02,12.02,12.02,2765
2026-09-20T10:56:00.000Z,2026-09-20T13:56:00,12.02,12.03,12.02,12.02,18062
2026-09-20T10:57:00.000Z,2026-09-20T13:57:00,12.02,12.02,11.95,12,62256
2026-09-20T10:58:00.000Z,2026-09-20T13:58:00,12,12,12,12,48122
2026-09-20T10:59:00.000Z,2026-09-20T13:59:00,12,12,12,12,50388
2026-09-20T11:00:00.000Z,2026-09-20T14:00:00,12,12,12,12,42
2026-09-20T11:01:00.000Z,2026-09-20T14:01:00,12,12,12,12,13133
2026-09-20T11:02:00.000Z,2026-09-20T14:02:00,12,12.01,12,12,67069
2026-09-20T11:03:00.000Z,2026-09-20T14:03:00,12,12,11.98,12,34022
2026-09-20T11:05:00.000Z,2026-09-20T14:05:00,12,12,12,12,1530
2026-09-20T11:06:00.000Z,2026-09-20T14:06:00,12,12,11.96,11.99,17804
2026-09-20T11:07:00.000Z,2026-09-20T14:07:00,11.98,11.98,11.96,11.98,14404
2026-09-20T11:08:00.000Z,2026-09-20T14:08:00,11.96,11.97,11.96,11.97,14604
2026-09-20T11:09:00.000Z,2026-09-20T14:09:00,11.96,11.98,11.96,11.98,17818
2026-09-20T11:10:00.000Z,2026-09-20T14:10:00,11.98,11.98,11.96,11.96,17560
2026-09-20T11:11:00.000Z,2026-09-20T14:11:00,11.96,11.98,11.96,11.98,38761
2026-09-20T11:12:00.000Z,2026-09-20T14:12:00,11.98,11.99,11.95,11.95,42242
2026-09-20T11:13:00.000Z,2026-09-20T14:13:00,11.97,11.97,11.94,11.94,39008
2026-09-20T11:14:00.000Z,2026-09-20T14:14:00,11.96,11.99,11.91,11.91,71704
2026-09-20T11:25:00.000Z,2026-09-20T14:25:00,11.95,11.95,11.95,11.95,368527
2026-09-20T11:26:00.000Z,2026-09-20T14:26:00,11.95,11.95,11.95,11.95,106000
2026-09-20T11:27:00.000Z,2026-09-20T14:27:00,11.95,11.95,11.95,11.95,14400
2026-09-20T11:28:00.000Z,2026-09-20T14:28:00,11.95,11.95,11.95,11.95,100345
2026-09-20T11:29:00.000Z,2026-09-20T14:29:00,11.95,11.95,11.95,11.95,4500
2026-09-21T07:25:00.000Z,2026-09-21T10:25:00,12.08,12.08,9.6,9.6,68000
2026-09-21T07:35:00.000Z,2026-09-21T10:35:00,12,12,11.99,11.99,66738
2026-09-21T07:36:00.000Z,2026-09-21T10:36:00,11.98,12.3,11.71,12.11,291921
2026-09-21T07:37:00.000Z,2026-09-21T10:37:00,12.3,12.37,12.1,12.25,394344
2026-09-21T07:38:00.000Z,2026-09-21T10:38:00,12.25,12.3,12.15,12.2,508210
2026-09-21T07:39:00.000Z,2026-09-21T10:39:00,12.2,12.23,12,12.1,181054
2026-09-21T07:40:00.000Z,2026-09-21T10:40:00,12.05,12.17,12.05,12.16,74172
2026-09-21T07:41:00.000Z,2026-09-21T10:41:00,12.17,12.24,12.16,12.2,270679
2026-09-21T07:42:00.000Z,2026-09-21T10:42:00,12.2,12.24,12.19,12.2,348630
2026-09-21T07:43:00.000Z,2026-09-21T10:43:00,12.2,12.25,12.2,12.21,537034
2026-09-21T07:44:00.000Z,2026-09-21T10:44:00,12.19,12.25,12.13,12.13,468128
2026-09-21T07:45:00.000Z,2026-09-21T10:45:00,12.14,12.14,11.94,12,298509
2026-09-21T07:46:00.000Z,2026-09-21T10:46:00,11.94,12,11.75,11.75,219191
2026-09-21T07:47:00.000Z,2026-09-21T10:47:00,11.8,11.9,11.8,11.9,58495
2026-09-21T07:48:00.000Z,2026-09-21T10:48:00,11.9,11.9,11.83,11.9,30954
2026-09-21T07:49:00.000Z,2026-09-21T10:49:00,11.91,11.95,11.9,11.95,70927
2026-09-21T07:50:00.000Z,2026-09-21T10:50:00,11.91,11.96,11.9,11.95,28035
2026-09-21T07:51:00.000Z,2026-09-21T10:51:00,11.95,11.96,11.85,11.89,94419
2026-09-21T07:52:00.000Z,2026-09-21T10:52:00,11.89,11.89,11.82,11.85,141117
2026-09-21T07:53:00.000Z,2026-09-21T10:53:00,11.84,11.84,11.8,11.8,178238
2026-09-21T07:54:00.000Z,2026-09-21T10:54:00,11.8,11.8,11.69,11.69,243138
2026-09-21T07:55:00.000Z,2026-09-21T10:55:00,11.69,11.76,11.61,11.7,206277
2026-09-21T07:56:00.000Z,2026-09-21T10:56:00,11.7,11.76,11.7,11.76,49288
2026-09-21T07:57:00.000Z,2026-09-21T10:57:00,11.76,11.79,11.7,11.7,33768
2026-09-21T07:58:00.000Z,2026-09-21T10:58:00,11.7,11.75,11.7,11.72,33720
2026-09-21T07:59:00.000Z,2026-09-21T10:59:00,11.75,11.77,11.75,11.77,35376
2026-09-21T08:00:00.000Z,2026-09-21T11:00:00,11.75,11.79,11.75,11.79,20918
2026-09-21T08:01:00.000Z,2026-09-21T11:01:00,11.78,11.83,11.78,11.81,27705
2026-09-21T08:02:00.000Z,2026-09-21T11:02:00,11.83,11.84,11.76,11.76,68225
2026-09-21T08:03:00.000Z,2026-09-21T11:03:00,11.8,11.8,11.8,11.8,2001
2026-09-21T08:04:00.000Z,2026-09-21T11:04:00,11.8,11.8,11.78,11.78,5500
2026-09-21T08:05:00.000Z,2026-09-21T11:05:00,11.78,11.79,11.76,11.76,48653
2026-09-21T08:06:00.000Z,2026-09-21T11:06:00,11.78,11.78,11.73,11.73,21850
2026-09-21T08:07:00.000Z,2026-09-21T11:07:00,11.73,11.73,11.73,11.73,8237
2026-09-21T08:08:00.000Z,2026-09-21T11:08:00,11.73,11.73,11.71,11.71,30193
2026-09-21T08:09:00.000Z,2026-09-21T11:09:00,11.71,11.71,11.7,11.7,29801
2026-09-21T08:10:00.000Z,2026-09-21T11:10:00,11.7,11.85,11.7,11.73,83283
2026-09-21T08:11:00.000Z,2026-09-21T11:11:00,11.74,11.74,11.74,11.74,214
2026-09-21T08:12:00.000Z,2026-09-21T11:12:00,11.74,11.74,11.7,11.7,12553
2026-09-21T08:13:00.000Z,2026-09-21T11:13:00,11.7,11.7,11.68,11.68,32727
2026-09-21T08:14:00.000Z,2026-09-21T11:14:00,11.68,11.69,11.67,11.67,21726
2026-09-21T08:15:00.000Z,2026-09-21T11:15:00,11.68,11.68,11.66,11.68,5410
2026-09-21T08:16:00.000Z,2026-09-21T11:16:00,11.66,11.7,11.66,11.7,28896
2026-09-21T08:17:00.000Z,2026-09-21T11:17:00,11.73,11.75,11.71,11.73,38727
2026-09-21T08:18:00.000Z,2026-09-21T11:18:00,11.75,11.8,11.75,11.8,15867
2026-09-21T08:19:00.000Z,2026-09-21T11:19:00,11.79,11.79,11.7,11.7,81581
2026-09-21T08:20:00.000Z,2026-09-21T11:20:00,11.7,11.72,11.68,11.68,21635
2026-09-21T08:21:00.000Z,2026-09-21T11:21:00,11.69,11.7,11.69,11.7,37100
2026-09-21T08:22:00.000Z,2026-09-21T11:22:00,11.72,11.72,11.72,11.72,1
2026-09-21T08:24:00.000Z,2026-09-21T11:24:00,11.71,11.71,11.7,11.7,37007
2026-09-21T08:25:00.000Z,2026-09-21T11:25:00,11.7,11.7,11.7,11.7,38
2026-09-21T08:26:00.000Z,2026-09-21T11:26:00,11.7,11.7,11.7,11.7,2678
2026-09-21T08:27:00.000Z,2026-09-21T11:27:00,11.7,11.71,11.7,11.71,6162
2026-09-21T08:28:00.000Z,2026-09-21T11:28:00,11.7,11.7,11.65,11.65,100362
2026-09-21T08:29:00.000Z,2026-09-21T11:29:00,11.65,11.65,11.62,11.63,201352
2026-09-21T08:30:00.000Z,2026-09-21T11:30:00,11.63,11.65,11.62,11.62,61237
2026-09-21T08:31:00.000Z,2026-09-21T11:31:00,11.65,11.65,11.6,11.6,261309
2026-09-21T08:32:00.000Z,2026-09-21T11:32:00,11.6,11.61,11.51,11.51,257613
2026-09-21T08:33:00.000Z,2026-09-21T11:33:00,11.51,11.54,11.5,11.51,146871
2026-09-21T08:34:00.000Z,2026-09-21T11:34:00,11.51,11.54,11.5,11.51,25867
2026-09-21T08:35:00.000Z,2026-09-21T11:35:00,11.51,11.53,11.51,11.52,51177
2026-09-21T08:36:00.000Z,2026-09-21T11:36:00,11.51,11.52,11.5,11.51,45892
2026-09-21T08:37:00.000Z,2026-09-21T11:37:00,11.5,11.51,11.42,11.42,31674
2026-09-21T08:38:00.000Z,2026-09-21T11:38:00,11.45,11.45,11.41,11.43,133701
2026-09-21T08:39:00.000Z,2026-09-21T11:39:00,11.43,11.45,11.32,11.4,95904
2026-09-21T08:40:00.000Z,2026-09-21T11:40:00,11.4,11.43,11.34,11.34,1243585
2026-09-21T08:41:00.000Z,2026-09-21T11:41:00,11.35,11.4,11.33,11.33,65946
2026-09-21T08:42:00.000Z,2026-09-21T11:42:00,11.33,11.4,11.31,11.33,41000
2026-09-21T08:43:00.000Z,2026-09-21T11:43:00,11.4,11.4,11.23,11.23,104026
2026-09-21T08:44:00.000Z,2026-09-21T11:44:00,11.23,11.25,11.2,11.2,122636
2026-09-21T08:45:00.000Z,2026-09-21T11:45:00,11.19,11.2,11.11,11.12,126478
2026-09-21T08:46:00.000Z,2026-09-21T11:46:00,11.12,11.12,11,11,517420
2026-09-21T08:47:00.000Z,2026-09-21T11:47:00,10.96,11.1,10.95,11.01,339924
2026-09-21T08:48:00.000Z,2026-09-21T11:48:00,11.03,11.19,11.03,11.1,43666
2026-09-21T08:49:00.000Z,2026-09-21T11:49:00,11.19,11.19,11.18,11.19,21821
2026-09-21T08:50:00.000Z,2026-09-21T11:50:00,11.2,11.25,11.19,11.25,40585
2026-09-21T08:51:00.000Z,2026-09-21T11:51:00,11.25,11.3,11.11,11.11,132514
2026-09-21T08:52:00.000Z,2026-09-21T11:52:00,11.3,11.33,11.29,11.3,165013
2026-09-21T08:53:00.000Z,2026-09-21T11:53:00,11.3,11.35,11.3,11.34,32967
2026-09-21T08:54:00.000Z,2026-09-21T11:54:00,11.3,11.31,11.3,11.3,12092
2026-09-21T08:55:00.000Z,2026-09-21T11:55:00,11.3,11.35,11.26,11.3,54438
2026-09-21T08:56:00.000Z,2026-09-21T11:56:00,11.3,11.34,11.25,11.29,258643
2026-09-21T08:57:00.000Z,2026-09-21T11:57:00,11.25,11.3,11.21,11.3,42722
2026-09-21T08:58:00.000Z,2026-09-21T11:58:00,11.21,11.3,11.2,11.3,52695
2026-09-21T08:59:00.000Z,2026-09-21T11:59:00,11.3,11.3,11.3,11.3,4324
2026-09-21T09:00:00.000Z,2026-09-21T12:00:00,11.3,11.3,11.22,11.22,7448
2026-09-21T09:01:00.000Z,2026-09-21T12:01:00,11.22,11.3,11.22,11.22,32520
2026-09-21T09:02:00.000Z,2026-09-21T12:02:00,11.23,11.25,11.23,11.23,8456
2026-09-21T09:03:00.000Z,2026-09-21T12:03:00,11.29,11.35,11.29,11.34,62760
2026-09-21T09:04:00.000Z,2026-09-21T12:04:00,11.34,11.35,11.34,11.34,32965
2026-09-21T09:05:00.000Z,2026-09-21T12:05:00,11.34,11.34,11.34,11.34,3326
2026-09-21T09:06:00.000Z,2026-09-21T12:06:00,11.34,11.39,11.31,11.35,33762
2026-09-21T09:07:00.000Z,2026-09-21T12:07:00,11.37,11.41,11.35,11.4,115020
2026-09-21T09:08:00.000Z,2026-09-21T12:08:00,11.4,11.4,11.35,11.35,13438
2026-09-21T09:09:00.000Z,2026-09-21T12:09:00,11.4,11.41,11.4,11.41,8332
2026-09-21T09:10:00.000Z,2026-09-21T12:10:00,11.42,11.44,11.41,11.42,28448
2026-09-21T09:11:00.000Z,2026-09-21T12:11:00,11.42,11.43,11.4,11.4,149724
2026-09-21T09:12:00.000Z,2026-09-21T12:12:00,11.41,11.41,11.38,11.38,74822
2026-09-21T09:13:00.000Z,2026-09-21T12:13:00,11.37,11.37,11.36,11.36,3105
2026-09-21T09:14:00.000Z,2026-09-21T12:14:00,11.36,11.37,11.36,11.37,17900
2026-09-21T09:15:00.000Z,2026-09-21T12:15:00,11.37,11.37,11.36,11.36,2232
2026-09-21T09:16:00.000Z,2026-09-21T12:16:00,11.36,11.37,11.35,11.35,32650
2026-09-21T09:17:00.000Z,2026-09-21T12:17:00,11.36,11.36,11.35,11.35,40306
2026-09-21T09:18:00.000Z,2026-09-21T12:18:00,11.33,11.35,11.3,11.34,62633
2026-09-21T09:19:00.000Z,2026-09-21T12:19:00,11.35,11.35,11.3,11.3,92836
2026-09-21T09:20:00.000Z,2026-09-21T12:20:00,11.3,11.3,11.22,11.22,40037
2026-09-21T09:21:00.000Z,2026-09-21T12:21:00,11.27,11.3,11.27,11.3,2034
2026-09-21T09:22:00.000Z,2026-09-21T12:22:00,11.3,11.3,11.29,11.29,17780
2026-09-21T09:23:00.000Z,2026-09-21T12:23:00,11.3,11.3,11.3,11.3,4200
2026-09-21T09:24:00.000Z,2026-09-21T12:24:00,11.3,11.3,11.3,11.3,8456
2026-09-21T09:25:00.000Z,2026-09-21T12:25:00,11.3,11.3,11.3,11.3,10000
2026-09-21T09:26:00.000Z,2026-09-21T12:26:00,11.36,11.36,11.36,11.36,52
2026-09-21T09:27:00.000Z,2026-09-21T12:27:00,11.36,11.37,11.35,11.35,13400
2026-09-21T09:28:00.000Z,2026-09-21T12:28:00,11.36,11.36,11.35,11.35,46727
2026-09-21T09:29:00.000Z,2026-09-21T12:29:00,11.35,11.35,11.35,11.35,3292
2026-09-21T09:30:00.000Z,2026-09-21T12:30:00,11.35,11.35,11.3,11.35,11864
2026-09-21T09:31:00.000Z,2026-09-21T12:31:00,11.32,11.32,11.3,11.3,2957
2026-09-21T09:32:00.000Z,2026-09-21T12:32:00,11.3,11.35,11.28,11.35,203
2026-09-21T09:33:00.000Z,2026-09-21T12:33:00,11.35,11.35,11.34,11.34,133
2026-09-21T09:34:00.000Z,2026-09-21T12:34:00,11.34,11.35,11.34,11.35,5038
2026-09-21T09:35:00.000Z,2026-09-21T12:35:00,11.35,11.35,11.34,11.34,5650
2026-09-21T09:36:00.000Z,2026-09-21T12:36:00,11.33,11.34,11.3,11.3,5532
2026-09-21T09:37:00.000Z,2026-09-21T12:37:00,11.31,11.31,11.3,11.3,2550
2026-09-21T09:38:00.000Z,2026-09-21T12:38:00,11.34,11.34,11.34,11.34,500
2026-09-21T09:40:00.000Z,2026-09-21T12:40:00,11.31,11.33,11.3,11.3,27897
2026-09-21T09:41:00.000Z,2026-09-21T12:41:00,11.3,11.34,11.3,11.34,3339
2026-09-21T09:42:00.000Z,2026-09-21T12:42:00,11.33,11.33,11.33,11.33,500
2026-09-21T09:43:00.000Z,2026-09-21T12:43:00,11.33,11.33,11.33,11.33,678
2026-09-21T09:44:00.000Z,2026-09-21T12:44:00,11.33,11.35,11.33,11.35,19357
2026-09-21T09:45:00.000Z,2026-09-21T12:45:00,11.35,11.37,11.35,11.37,20217
2026-09-21T09:46:00.000Z,2026-09-21T12:46:00,11.37,11.39,11.37,11.39,1321
2026-09-21T09:47:00.000Z,2026-09-21T12:47:00,11.39,11.39,11.37,11.39,10386
2026-09-21T09:48:00.000Z,2026-09-21T12:48:00,11.39,11.39,11.37,11.39,7188
2026-09-21T09:49:00.000Z,2026-09-21T12:49:00,11.38,11.39,11.37,11.39,609
2026-09-21T09:50:00.000Z,2026-09-21T12:50:00,11.37,11.39,11.37,11.39,16127
2026-09-21T09:51:00.000Z,2026-09-21T12:51:00,11.38,11.38,11.38,11.38,7
2026-09-21T09:52:00.000Z,2026-09-21T12:52:00,11.38,11.38,11.37,11.37,9343
2026-09-21T09:53:00.000Z,2026-09-21T12:53:00,11.38,11.38,11.38,11.38,5623
2026-09-21T09:54:00.000Z,2026-09-21T12:54:00,11.37,11.37,11.36,11.36,4881
2026-09-21T09:55:00.000Z,2026-09-21T12:55:00,11.37,11.37,11.37,11.37,200
2026-09-21T09:56:00.000Z,2026-09-21T12:56:00,11.36,11.36,11.35,11.35,25725
2026-09-21T09:58:00.000Z,2026-09-21T12:58:00,11.36,11.36,11.35,11.35,6120
2026-09-21T09:59:00.000Z,2026-09-21T12:59:00,11.35,11.35,11.35,11.35,985
2026-09-21T10:00:00.000Z,2026-09-21T13:00:00,11.35,11.35,11.35,11.35,10000
2026-09-21T10:01:00.000Z,2026-09-21T13:01:00,11.35,11.37,11.35,11.37,19555
2026-09-21T10:02:00.000Z,2026-09-21T13:02:00,11.37,11.4,11.37,11.4,69569
2026-09-21T10:03:00.000Z,2026-09-21T13:03:00,11.4,11.44,11.4,11.44,51018
2026-09-21T10:04:00.000Z,2026-09-21T13:04:00,11.45,11.45,11.44,11.44,2034
2026-09-21T10:05:00.000Z,2026-09-21T13:05:00,11.44,11.47,11.44,11.45,12525
2026-09-21T10:06:00.000Z,2026-09-21T13:06:00,11.45,11.45,11.4,11.4,32361
2026-09-21T10:07:00.000Z,2026-09-21T13:07:00,11.47,11.47,11.47,11.47,857
2026-09-21T10:08:00.000Z,2026-09-21T13:08:00,11.45,11.47,11.45,11.47,27163
2026-09-21T10:09:00.000Z,2026-09-21T13:09:00,11.48,11.48,11.48,11.48,10000
2026-09-21T10:10:00.000Z,2026-09-21T13:10:00,11.47,11.48,11.47,11.47,28401
2026-09-21T10:11:00.000Z,2026-09-21T13:11:00,11.46,11.46,11.41,11.41,15511
2026-09-21T10:12:00.000Z,2026-09-21T13:12:00,11.41,11.41,11.41,11.41,328
2026-09-21T10:13:00.000Z,2026-09-21T13:13:00,11.45,11.45,11.45,11.45,86
2026-09-21T10:14:00.000Z,2026-09-21T13:14:00,11.41,11.44,11.4,11.44,53495
2026-09-21T10:16:00.000Z,2026-09-21T13:16:00,11.41,11.41,11.4,11.4,86000
2026-09-21T10:17:00.000Z,2026-09-21T13:17:00,11.4,11.4,11.4,11.4,5384
2026-09-21T10:18:00.000Z,2026-09-21T13:18:00,11.4,11.4,11.4,11.4,1591
2026-09-21T10:19:00.000Z,2026-09-21T13:19:00,11.4,11.4,11.38,11.4,23101
2026-09-21T10:20:00.000Z,2026-09-21T13:20:00,11.42,11.43,11.42,11.43,3170
2026-09-21T10:21:00.000Z,2026-09-21T13:21:00,11.43,11.43,11.43,11.43,437
2026-09-21T10:22:00.000Z,2026-09-21T13:22:00,11.42,11.46,11.4,11.46,19345
2026-09-21T10:23:00.000Z,2026-09-21T13:23:00,11.45,11.45,11.45,11.45,21
2026-09-21T10:24:00.000Z,2026-09-21T13:24:00,11.45,11.45,11.45,11.45,1679
2026-09-21T10:25:00.000Z,2026-09-21T13:25:00,11.45,11.45,11.45,11.45,2201
2026-09-21T10:26:00.000Z,2026-09-21T13:26:00,11.41,11.45,11.41,11.45,1814
2026-09-21T10:27:00.000Z,2026-09-21T13:27:00,11.45,11.47,11.45,11.47,9500
2026-09-21T10:28:00.000Z,2026-09-21T13:28:00,11.45,11.45,11.41,11.41,3065
2026-09-21T10:30:00.000Z,2026-09-21T13:30:00,11.42,11.43,11.42,11.43,1677
2026-09-21T10:31:00.000Z,2026-09-21T13:31:00,11.41,11.41,11.4,11.4,98639
2026-09-21T10:33:00.000Z,2026-09-21T13:33:00,11.38,11.4,11.37,11.37,5997
2026-09-21T10:34:00.000Z,2026-09-21T13:34:00,11.4,11.4,11.37,11.37,4688
2026-09-21T10:35:00.000Z,2026-09-21T13:35:00,11.37,11.4,11.35,11.4,5371
2026-09-21T10:36:00.000Z,2026-09-21T13:36:00,11.39,11.39,11.34,11.34,50580
2026-09-21T10:37:00.000Z,2026-09-21T13:37:00,11.34,11.39,11.34,11.39,4667
2026-09-21T10:38:00.000Z,2026-09-21T13:38:00,11.35,11.35,11.34,11.34,11931
2026-09-21T10:39:00.000Z,2026-09-21T13:39:00,11.34,11.39,11.32,11.32,12620
2026-09-21T10:40:00.000Z,2026-09-21T13:40:00,11.32,11.35,11.3,11.35,90548
2026-09-21T10:41:00.000Z,2026-09-21T13:41:00,11.39,11.4,11.35,11.35,10886
2026-09-21T10:42:00.000Z,2026-09-21T13:42:00,11.3,11.34,11.3,11.3,27521
2026-09-21T10:43:00.000Z,2026-09-21T13:43:00,11.32,11.32,11.32,11.32,7790
2026-09-21T10:44:00.000Z,2026-09-21T13:44:00,11.32,11.34,11.31,11.31,8413
2026-09-21T10:45:00.000Z,2026-09-21T13:45:00,11.34,11.35,11.34,11.35,31045
2026-09-21T10:46:00.000Z,2026-09-21T13:46:00,11.35,11.35,11.35,11.35,18955
2026-09-21T10:47:00.000Z,2026-09-21T13:47:00,11.35,11.4,11.33,11.33,4980
2026-09-21T10:48:00.000Z,2026-09-21T13:48:00,11.33,11.33,11.31,11.31,22615
2026-09-21T10:49:00.000Z,2026-09-21T13:49:00,11.33,11.33,11.33,11.33,13246
2026-09-21T10:50:00.000Z,2026-09-21T13:50:00,11.33,11.33,11.31,11.33,31530
2026-09-21T10:51:00.000Z,2026-09-21T13:51:00,11.31,11.35,11.31,11.35,6232
2026-09-21T10:52:00.000Z,2026-09-21T13:52:00,11.35,11.35,11.35,11.35,150
2026-09-21T10:53:00.000Z,2026-09-21T13:53:00,11.34,11.34,11.32,11.32,2552
2026-09-21T10:54:00.000Z,2026-09-21T13:54:00,11.32,11.32,11.3,11.3,43770
2026-09-21T10:55:00.000Z,2026-09-21T13:55:00,11.31,11.31,11.3,11.31,62148
2026-09-21T10:56:00.000Z,2026-09-21T13:56:00,11.31,11.32,11.3,11.3,182452
2026-09-21T10:57:00.000Z,2026-09-21T13:57:00,11.31,11.31,11.25,11.25,18623
2026-09-21T10:58:00.000Z,2026-09-21T13:58:00,11.3,11.3,11.3,11.3,200
2026-09-21T10:59:00.000Z,2026-09-21T13:59:00,11.26,11.26,11.2,11.2,58578
2026-09-21T11:00:00.000Z,2026-09-21T14:00:00,11.21,11.3,11.21,11.3,2085
2026-09-21T11:01:00.000Z,2026-09-21T14:01:00,11.27,11.31,11.25,11.31,24956
2026-09-21T11:02:00.000Z,2026-09-21T14:02:00,11.3,11.3,11.26,11.3,2206
2026-09-21T11:03:00.000Z,2026-09-21T14:03:00,11.3,11.3,11.3,11.3,80
2026-09-21T11:04:00.000Z,2026-09-21T14:04:00,11.29,11.3,11.27,11.3,58819
2026-09-21T11:05:00.000Z,2026-09-21T14:05:00,11.28,11.29,11.26,11.29,6690
2026-09-21T11:06:00.000Z,2026-09-21T14:06:00,11.28,11.28,11.25,11.27,7087
2026-09-21T11:07:00.000Z,2026-09-21T14:07:00,11.25,11.26,11.24,11.24,36129
2026-09-21T11:08:00.000Z,2026-09-21T14:08:00,11.24,11.29,11.24,11.29,23382
2026-09-21T11:09:00.000Z,2026-09-21T14:09:00,11.29,11.31,11.29,11.3,26358
2026-09-21T11:10:00.000Z,2026-09-21T14:10:00,11.3,11.3,11.3,11.3,26649
2026-09-21T11:11:00.000Z,2026-09-21T14:11:00,11.3,11.3,11.3,11.3,36345
2026-09-21T11:12:00.000Z,2026-09-21T14:12:00,11.33,11.34,11.33,11.34,1560
2026-09-21T11:13:00.000Z,2026-09-21T14:13:00,11.33,11.34,11.3,11.34,56345
2026-09-21T11:14:00.000Z,2026-09-21T14:14:00,11.34,11.34,11.3,11.33,82061
2026-09-21T11:25:00.000Z,2026-09-21T14:25:00,11.35,11.35,11.35,11.35,241594
2026-09-21T11:27:00.000Z,2026-09-21T14:27:00,11.35,11.35,11.35,11.35,1000
2026-09-21T11:28:00.000Z,2026-09-21T14:28:00,11.35,11.35,11.35,11.35,40
2026-09-22T07:00:00.000Z,2026-09-22T10:00:00,11.43,11.5,11.37,11.37,19716
2026-09-22T07:01:00.000Z,2026-09-22T10:01:00,11.47,11.48,11.4,11.47,13871
2026-09-22T07:02:00.000Z,2026-09-22T10:02:00,11.47,11.5,11.46,11.5,30329
2026-09-22T07:03:00.000Z,2026-09-22T10:03:00,11.47,11.5,11.46,11.5,17540
2026-09-22T07:04:00.000Z,2026-09-22T10:04:00,11.49,11.49,11.44,11.44,1316
2026-09-22T07:05:00.000Z,2026-09-22T10:05:00,11.44,11.44,11.44,11.44,1000
2026-09-22T07:06:00.000Z,2026-09-22T10:06:00,11.45,11.45,11.45,11.45,2038
2026-09-22T07:08:00.000Z,2026-09-22T10:08:00,11.46,11.48,11.4,11.4,108506
2026-09-22T07:09:00.000Z,2026-09-22T10:09:00,11.44,11.44,11.42,11.43,12437
2026-09-22T07:10:00.000Z,2026-09-22T10:10:00,11.47,11.47,11.47,11.47,233
2026-09-22T07:11:00.000Z,2026-09-22T10:11:00,11.45,11.47,11.44,11.44,11302
2026-09-22T07:12:00.000Z,2026-09-22T10:12:00,11.44,11.44,11.42,11.44,15497
2026-09-22T07:13:00.000Z,2026-09-22T10:13:00,11.44,11.44,11.41,11.41,66381
2026-09-22T07:14:00.000Z,2026-09-22T10:14:00,11.41,11.47,11.41,11.47,4370
2026-09-22T07:15:00.000Z,2026-09-22T10:15:00,11.45,11.49,11.45,11.49,32885
2026-09-22T07:16:00.000Z,2026-09-22T10:16:00,11.47,11.48,11.47,11.48,8999
2026-09-22T07:17:00.000Z,2026-09-22T10:17:00,11.45,11.45,11.45,11.45,3930
2026-09-22T07:18:00.000Z,2026-09-22T10:18:00,11.46,11.47,11.42,11.42,40000
2026-09-22T07:19:00.000Z,2026-09-22T10:19:00,11.48,11.48,11.4,11.4,50385
2026-09-22T07:20:00.000Z,2026-09-22T10:20:00,11.42,11.49,11.4,11.49,38658
2026-09-22T07:21:00.000Z,2026-09-22T10:21:00,11.43,11.5,11.42,11.49,166500
2026-09-22T07:22:00.000Z,2026-09-22T10:22:00,11.47,11.47,11.4,11.4,72500
2026-09-22T07:23:00.000Z,2026-09-22T10:23:00,11.45,11.45,11.45,11.45,4000
2026-09-22T07:24:00.000Z,2026-09-22T10:24:00,11.44,11.44,11.44,11.44,4667
2026-09-22T07:25:00.000Z,2026-09-22T10:25:00,11.44,11.44,11.4,11.41,16523
2026-09-22T07:27:00.000Z,2026-09-22T10:27:00,11.45,11.45,11.45,11.45,5886
2026-09-22T07:28:00.000Z,2026-09-22T10:28:00,11.42,11.42,11.41,11.42,9426
2026-09-22T07:29:00.000Z,2026-09-22T10:29:00,11.42,11.42,11.41,11.42,2110
2026-09-22T07:30:00.000Z,2026-09-22T10:30:00,11.47,11.47,11.47,11.47,719
2026-09-22T07:31:00.000Z,2026-09-22T10:31:00,11.47,11.5,11.42,11.42,49175
2026-09-22T07:32:00.000Z,2026-09-22T10:32:00,11.5,11.5,11.5,11.5,6206
2026-09-22T07:33:00.000Z,2026-09-22T10:33:00,11.49,11.5,11.49,11.5,5287
2026-09-22T07:35:00.000Z,2026-09-22T10:35:00,11.48,11.5,11.48,11.49,13600
2026-09-22T07:37:00.000Z,2026-09-22T10:37:00,11.46,11.46,11.46,11.46,3598
2026-09-22T07:38:00.000Z,2026-09-22T10:38:00,11.46,11.49,11.44,11.49,24288
2026-09-22T07:39:00.000Z,2026-09-22T10:39:00,11.49,11.49,11.42,11.42,10000
2026-09-22T07:40:00.000Z,2026-09-22T10:40:00,11.49,11.49,11.49,11.49,100
2026-09-22T07:41:00.000Z,2026-09-22T10:41:00,11.49,11.49,11.49,11.49,870
2026-09-22T07:42:00.000Z,2026-09-22T10:42:00,11.48,11.48,11.43,11.43,4000
2026-09-22T07:43:00.000Z,2026-09-22T10:43:00,11.45,11.45,11.45,11.45,5000
2026-09-22T07:45:00.000Z,2026-09-22T10:45:00,11.47,11.47,11.43,11.43,11754
2026-09-22T07:46:00.000Z,2026-09-22T10:46:00,11.43,11.43,11.43,11.43,5000
2026-09-22T07:47:00.000Z,2026-09-22T10:47:00,11.43,11.47,11.43,11.47,12000
2026-09-22T07:49:00.000Z,2026-09-22T10:49:00,11.43,11.43,11.43,11.43,84
2026-09-22T07:50:00.000Z,2026-09-22T10:50:00,11.47,11.47,11.47,11.47,541
2026-09-22T07:51:00.000Z,2026-09-22T10:51:00,11.47,11.47,11.47,11.47,871
2026-09-22T07:54:00.000Z,2026-09-22T10:54:00,11.46,11.47,11.46,11.47,5000
2026-09-22T07:55:00.000Z,2026-09-22T10:55:00,11.46,11.47,11.46,11.47,1500
2026-09-22T07:56:00.000Z,2026-09-22T10:56:00,11.46,11.46,11.46,11.46,122
2026-09-22T07:57:00.000Z,2026-09-22T10:57:00,11.46,11.48,11.44,11.48,33749
2026-09-22T07:58:00.000Z,2026-09-22T10:58:00,11.46,11.48,11.44,11.48,6297
2026-09-22T07:59:00.000Z,2026-09-22T10:59:00,11.48,11.49,11.48,11.49,20874
2026-09-22T08:00:00.000Z,2026-09-22T11:00:00,11.49,11.5,11.48,11.5,37260
2026-09-22T08:01:00.000Z,2026-09-22T11:01:00,11.48,11.48,11.48,11.48,418
2026-09-22T08:02:00.000Z,2026-09-22T11:02:00,11.48,11.5,11.48,11.5,32944
2026-09-22T08:03:00.000Z,2026-09-22T11:03:00,11.51,11.52,11.51,11.51,22000
2026-09-22T08:04:00.000Z,2026-09-22T11:04:00,11.52,11.52,11.52,11.52,50029
2026-09-22T08:05:00.000Z,2026-09-22T11:05:00,11.52,11.53,11.5,11.5,92924
2026-09-22T08:06:00.000Z,2026-09-22T11:06:00,11.5,11.53,11.5,11.5,107076
2026-09-22T08:08:00.000Z,2026-09-22T11:08:00,11.5,11.5,11.5,11.5,16227
2026-09-22T08:10:00.000Z,2026-09-22T11:10:00,11.51,11.51,11.5,11.5,6144
2026-09-22T08:11:00.000Z,2026-09-22T11:11:00,11.5,11.51,11.5,11.5,46500
2026-09-22T08:12:00.000Z,2026-09-22T11:12:00,11.51,11.51,11.48,11.48,19315
2026-09-22T08:13:00.000Z,2026-09-22T11:13:00,11.47,11.47,11.47,11.47,751
2026-09-22T08:15:00.000Z,2026-09-22T11:15:00,11.47,11.47,11.45,11.45,29709
2026-09-22T08:16:00.000Z,2026-09-22T11:16:00,11.49,11.5,11.46,11.46,100350
2026-09-22T08:19:00.000Z,2026-09-22T11:19:00,11.5,11.5,11.5,11.5,2000
2026-09-22T08:21:00.000Z,2026-09-22T11:21:00,11.49,11.49,11.49,11.49,10000
2026-09-22T08:23:00.000Z,2026-09-22T11:23:00,11.46,11.5,11.46,11.46,4762
2026-09-22T08:26:00.000Z,2026-09-22T11:26:00,11.46,11.46,11.46,11.46,174
2026-09-22T08:27:00.000Z,2026-09-22T11:27:00,11.46,11.46,11.46,11.46,1427
2026-09-22T08:28:00.000Z,2026-09-22T11:28:00,11.46,11.46,11.46,11.46,90
2026-09-22T08:29:00.000Z,2026-09-22T11:29:00,11.48,11.48,11.48,11.48,116
2026-09-22T08:30:00.000Z,2026-09-22T11:30:00,11.48,11.51,11.48,11.51,144989
2026-09-22T08:31:00.000Z,2026-09-22T11:31:00,11.5,11.5,11.48,11.5,75412
2026-09-22T08:32:00.000Z,2026-09-22T11:32:00,11.5,11.5,11.5,11.5,44901
2026-09-22T08:33:00.000Z,2026-09-22T11:33:00,11.5,11.6,11.5,11.6,225076
2026-09-22T08:34:00.000Z,2026-09-22T11:34:00,11.6,11.63,11.6,11.63,28722
2026-09-22T08:35:00.000Z,2026-09-22T11:35:00,11.6,11.6,11.53,11.53,31715
2026-09-22T08:37:00.000Z,2026-09-22T11:37:00,11.55,11.6,11.55,11.6,54006
2026-09-22T08:39:00.000Z,2026-09-22T11:39:00,11.55,11.55,11.55,11.55,600
2026-09-22T08:40:00.000Z,2026-09-22T11:40:00,11.57,11.57,11.55,11.57,2187
2026-09-22T08:42:00.000Z,2026-09-22T11:42:00,11.55,11.55,11.55,11.55,156
2026-09-22T08:43:00.000Z,2026-09-22T11:43:00,11.55,11.55,11.54,11.54,30000
2026-09-22T08:44:00.000Z,2026-09-22T11:44:00,11.54,11.54,11.54,11.54,1000
2026-09-22T08:45:00.000Z,2026-09-22T11:45:00,11.55,11.55,11.54,11.54,6770
2026-09-22T08:47:00.000Z,2026-09-22T11:47:00,11.55,11.57,11.55,11.57,12875
2026-09-22T08:48:00.000Z,2026-09-22T11:48:00,11.57,11.58,11.54,11.57,31176
2026-09-22T08:49:00.000Z,2026-09-22T11:49:00,11.57,11.57,11.56,11.56,179
2026-09-22T08:50:00.000Z,2026-09-22T11:50:00,11.55,11.56,11.55,11.56,2519
2026-09-22T08:52:00.000Z,2026-09-22T11:52:00,11.56,11.56,11.56,11.56,20
2026-09-22T08:53:00.000Z,2026-09-22T11:53:00,11.55,11.57,11.55,11.57,2042
2026-09-22T08:54:00.000Z,2026-09-22T11:54:00,11.57,11.57,11.57,11.57,15369
2026-09-22T08:55:00.000Z,2026-09-22T11:55:00,11.57,11.58,11.57,11.58,5863
2026-09-22T08:56:00.000Z,2026-09-22T11:56:00,11.58,11.6,11.58,11.6,67609
2026-09-22T08:58:00.000Z,2026-09-22T11:58:00,11.6,11.6,11.6,11.6,7000
2026-09-22T09:00:00.000Z,2026-09-22T12:00:00,11.58,11.58,11.58,11.58,18355
2026-09-22T09:01:00.000Z,2026-09-22T12:01:00,11.57,11.59,11.55,11.55,40064
2026-09-22T09:02:00.000Z,2026-09-22T12:02:00,11.53,11.53,11.52,11.52,8664
2026-09-22T09:05:00.000Z,2026-09-22T12:05:00,11.52,11.52,11.5,11.5,38698
2026-09-22T09:08:00.000Z,2026-09-22T12:08:00,11.5,11.52,11.5,11.52,1500
2026-09-22T09:10:00.000Z,2026-09-22T12:10:00,11.48,11.48,11.48,11.48,63
2026-09-22T09:11:00.000Z,2026-09-22T12:11:00,11.5,11.53,11.5,11.5,2610
2026-09-22T09:12:00.000Z,2026-09-22T12:12:00,11.53,11.53,11.53,11.53,5000
2026-09-22T09:13:00.000Z,2026-09-22T12:13:00,11.53,11.55,11.5,11.5,31659
2026-09-22T09:14:00.000Z,2026-09-22T12:14:00,11.5,11.5,11.49,11.49,33368
2026-09-22T09:15:00.000Z,2026-09-22T12:15:00,11.5,11.5,11.5,11.5,5030
2026-09-22T09:16:00.000Z,2026-09-22T12:16:00,11.5,11.5,11.49,11.49,1110
2026-09-22T09:17:00.000Z,2026-09-22T12:17:00,11.5,11.5,11.5,11.5,129
2026-09-22T09:18:00.000Z,2026-09-22T12:18:00,11.5,11.5,11.5,11.5,2000
2026-09-22T09:19:00.000Z,2026-09-22T12:19:00,11.5,11.5,11.47,11.47,23498
2026-09-22T09:20:00.000Z,2026-09-22T12:20:00,11.47,11.47,11.45,11.47,84052
2026-09-22T09:21:00.000Z,2026-09-22T12:21:00,11.45,11.46,11.45,11.45,7873
2026-09-22T09:22:00.000Z,2026-09-22T12:22:00,11.47,11.47,11.47,11.47,842
2026-09-22T09:23:00.000Z,2026-09-22T12:23:00,11.45,11.48,11.45,11.46,12511
2026-09-22T09:24:00.000Z,2026-09-22T12:24:00,11.48,11.48,11.48,11.48,800
2026-09-22T09:26:00.000Z,2026-09-22T12:26:00,11.46,11.46,11.38,11.4,130061
2026-09-22T09:27:00.000Z,2026-09-22T12:27:00,11.4,11.4,11.37,11.4,16210
2026-09-22T09:28:00.000Z,2026-09-22T12:28:00,11.4,11.4,11.37,11.4,27076
2026-09-22T09:29:00.000Z,2026-09-22T12:29:00,11.39,11.4,11.38,11.38,7800
2026-09-22T09:30:00.000Z,2026-09-22T12:30:00,11.39,11.39,11.39,11.39,500
2026-09-22T09:31:00.000Z,2026-09-22T12:31:00,11.38,11.39,11.37,11.39,511
2026-09-22T09:32:00.000Z,2026-09-22T12:32:00,11.38,11.39,11.38,11.39,26289
2026-09-22T09:33:00.000Z,2026-09-22T12:33:00,11.39,11.4,11.39,11.4,56742
2026-09-22T09:34:00.000Z,2026-09-22T12:34:00,11.39,11.4,11.39,11.4,124406
2026-09-22T09:36:00.000Z,2026-09-22T12:36:00,11.45,11.45,11.4,11.4,8100
2026-09-22T09:37:00.000Z,2026-09-22T12:37:00,11.41,11.45,11.41,11.45,25950
2026-09-22T09:39:00.000Z,2026-09-22T12:39:00,11.44,11.44,11.44,11.44,100
2026-09-22T09:40:00.000Z,2026-09-22T12:40:00,11.42,11.42,11.42,11.42,1111
2026-09-22T09:43:00.000Z,2026-09-22T12:43:00,11.43,11.43,11.43,11.43,1605
2026-09-22T09:44:00.000Z,2026-09-22T12:44:00,11.41,11.41,11.4,11.4,37600
2026-09-22T09:45:00.000Z,2026-09-22T12:45:00,11.4,11.43,11.4,11.43,10636
2026-09-22T09:46:00.000Z,2026-09-22T12:46:00,11.43,11.43,11.4,11.4,50087
2026-09-22T09:47:00.000Z,2026-09-22T12:47:00,11.42,11.42,11.4,11.4,3643
2026-09-22T09:48:00.000Z,2026-09-22T12:48:00,11.39,11.39,11.37,11.37,28658
2026-09-22T09:49:00.000Z,2026-09-22T12:49:00,11.36,11.36,11.35,11.35,110000
2026-09-22T09:50:00.000Z,2026-09-22T12:50:00,11.35,11.35,11.32,11.32,37840
2026-09-22T09:51:00.000Z,2026-09-22T12:51:00,11.35,11.35,11.35,11.35,50286
2026-09-22T09:52:00.000Z,2026-09-22T12:52:00,11.32,11.35,11.31,11.31,60000
2026-09-22T09:53:00.000Z,2026-09-22T12:53:00,11.31,11.31,11.27,11.27,122335
2026-09-22T09:54:00.000Z,2026-09-22T12:54:00,11.35,11.4,11.35,11.35,126000
2026-09-22T09:55:00.000Z,2026-09-22T12:55:00,11.35,11.35,11.35,11.35,4000
2026-09-22T09:56:00.000Z,2026-09-22T12:56:00,11.31,11.35,11.31,11.35,12327
2026-09-22T09:57:00.000Z,2026-09-22T12:57:00,11.4,11.4,11.35,11.35,11150
2026-09-22T09:58:00.000Z,2026-09-22T12:58:00,11.36,11.4,11.35,11.4,9249
2026-09-22T09:59:00.000Z,2026-09-22T12:59:00,11.4,11.42,11.4,11.41,87573
2026-09-22T10:01:00.000Z,2026-09-22T13:01:00,11.43,11.46,11.42,11.42,244945
2026-09-22T10:02:00.000Z,2026-09-22T13:02:00,11.41,11.41,11.41,11.41,5598
2026-09-22T10:04:00.000Z,2026-09-22T13:04:00,11.37,11.4,11.37,11.37,884
2026-09-22T10:06:00.000Z,2026-09-22T13:06:00,11.37,11.37,11.37,11.37,5159
2026-09-22T10:07:00.000Z,2026-09-22T13:07:00,11.36,11.36,11.36,11.36,150
2026-09-22T10:09:00.000Z,2026-09-22T13:09:00,11.37,11.37,11.37,11.37,8363
2026-09-22T10:10:00.000Z,2026-09-22T13:10:00,11.4,11.4,11.4,11.4,99449
2026-09-22T10:11:00.000Z,2026-09-22T13:11:00,11.41,11.41,11.4,11.4,28841
2026-09-22T10:12:00.000Z,2026-09-22T13:12:00,11.41,11.44,11.4,11.44,12000
2026-09-22T10:17:00.000Z,2026-09-22T13:17:00,11.41,11.41,11.4,11.4,25000
2026-09-22T10:18:00.000Z,2026-09-22T13:18:00,11.42,11.42,11.42,11.42,3
2026-09-22T10:20:00.000Z,2026-09-22T13:20:00,11.4,11.4,11.4,11.4,40000
2026-09-22T10:21:00.000Z,2026-09-22T13:21:00,11.4,11.4,11.4,11.4,5418
2026-09-22T10:24:00.000Z,2026-09-22T13:24:00,11.37,11.37,11.37,11.37,2000
2026-09-22T10:25:00.000Z,2026-09-22T13:25:00,11.39,11.39,11.39,11.39,55
2026-09-22T10:26:00.000Z,2026-09-22T13:26:00,11.39,11.39,11.39,11.39,10
2026-09-22T10:27:00.000Z,2026-09-22T13:27:00,11.38,11.4,11.38,11.4,29627
2026-09-22T10:28:00.000Z,2026-09-22T13:28:00,11.4,11.4,11.4,11.4,40228
2026-09-22T10:29:00.000Z,2026-09-22T13:29:00,11.4,11.42,11.4,11.42,20893
2026-09-22T10:30:00.000Z,2026-09-22T13:30:00,11.42,11.42,11.42,11.42,100
2026-09-22T10:31:00.000Z,2026-09-22T13:31:00,11.41,11.41,11.4,11.4,8019
2026-09-22T10:32:00.000Z,2026-09-22T13:32:00,11.4,11.42,11.4,11.4,35171
2026-09-22T10:33:00.000Z,2026-09-22T13:33:00,11.4,11.4,11.4,11.4,3450
2026-09-22T10:35:00.000Z,2026-09-22T13:35:00,11.4,11.4,11.39,11.39,6525
2026-09-22T10:36:00.000Z,2026-09-22T13:36:00,11.39,11.39,11.39,11.39,9100
2026-09-22T10:37:00.000Z,2026-09-22T13:37:00,11.38,11.38,11.38,11.38,3025
2026-09-22T10:38:00.000Z,2026-09-22T13:38:00,11.38,11.38,11.37,11.37,12175
2026-09-22T10:40:00.000Z,2026-09-22T13:40:00,11.38,11.38,11.38,11.38,200
2026-09-22T10:41:00.000Z,2026-09-22T13:41:00,11.38,11.38,11.38,11.38,5250
2026-09-22T10:42:00.000Z,2026-09-22T13:42:00,11.38,11.38,11.38,11.38,5494
2026-09-22T10:44:00.000Z,2026-09-22T13:44:00,11.38,11.38,11.37,11.37,13083
2026-09-22T10:45:00.000Z,2026-09-22T13:45:00,11.37,11.37,11.37,11.37,11240
2026-09-22T10:46:00.000Z,2026-09-22T13:46:00,11.37,11.37,11.36,11.37,58693
2026-09-22T10:48:00.000Z,2026-09-22T13:48:00,11.36,11.36,11.36,11.36,111625
2026-09-22T10:49:00.000Z,2026-09-22T13:49:00,11.38,11.38,11.36,11.38,1739
2026-09-22T10:50:00.000Z,2026-09-22T13:50:00,11.36,11.36,11.33,11.33,154855
2026-09-22T10:51:00.000Z,2026-09-22T13:51:00,11.34,11.34,11.34,11.34,140
2026-09-22T10:52:00.000Z,2026-09-22T13:52:00,11.34,11.35,11.33,11.34,16469
2026-09-22T10:53:00.000Z,2026-09-22T13:53:00,11.35,11.35,11.34,11.34,2920
2026-09-22T10:54:00.000Z,2026-09-22T13:54:00,11.35,11.35,11.35,11.35,59
2026-09-22T10:55:00.000Z,2026-09-22T13:55:00,11.35,11.35,11.35,11.35,104
2026-09-22T10:56:00.000Z,2026-09-22T13:56:00,11.35,11.35,11.35,11.35,7401
2026-09-22T10:57:00.000Z,2026-09-22T13:57:00,11.37,11.37,11.37,11.37,232
2026-09-22T10:58:00.000Z,2026-09-22T13:58:00,11.38,11.38,11.35,11.35,5004
2026-09-22T10:59:00.000Z,2026-09-22T13:59:00,11.35,11.36,11.35,11.36,47665
2026-09-22T11:00:00.000Z,2026-09-22T14:00:00,11.34,11.36,11.33,11.33,19312
2026-09-22T11:01:00.000Z,2026-09-22T14:01:00,11.33,11.34,11.33,11.34,22260
2026-09-22T11:02:00.000Z,2026-09-22T14:02:00,11.35,11.35,11.33,11.33,10663
2026-09-22T11:03:00.000Z,2026-09-22T14:03:00,11.33,11.34,11.33,11.34,18823
2026-09-22T11:04:00.000Z,2026-09-22T14:04:00,11.34,11.35,11.33,11.35,21396
2026-09-22T11:05:00.000Z,2026-09-22T14:05:00,11.35,11.35,11.33,11.35,4470
2026-09-22T11:06:00.000Z,2026-09-22T14:06:00,11.35,11.35,11.33,11.33,20060
2026-09-22T11:07:00.000Z,2026-09-22T14:07:00,11.35,11.35,11.33,11.35,47857
2026-09-22T11:08:00.000Z,2026-09-22T14:08:00,11.35,11.36,11.35,11.35,9212
2026-09-22T11:09:00.000Z,2026-09-22T14:09:00,11.35,11.35,11.34,11.35,40944
2026-09-22T11:10:00.000Z,2026-09-22T14:10:00,11.35,11.35,11.32,11.32,23943
2026-09-22T11:11:00.000Z,2026-09-22T14:11:00,11.35,11.35,11.29,11.3,75076
2026-09-22T11:12:00.000Z,2026-09-22T14:12:00,11.3,11.3,11.28,11.28,19874
2026-09-22T11:13:00.000Z,2026-09-22T14:13:00,11.33,11.34,11.33,11.34,20500
2026-09-22T11:14:00.000Z,2026-09-22T14:14:00,11.33,11.34,11.3,11.3,138674
2026-09-22T11:15:00.000Z,2026-09-22T14:15:00,11.34,11.34,11.34,11.34,300
2026-09-22T11:25:00.000Z,2026-09-22T14:25:00,11.21,11.21,11.21,11.21,458051
2026-09-22T11:26:00.000Z,2026-09-22T14:26:00,11.21,11.21,11.21,11.21,8500
2026-09-22T11:27:00.000Z,2026-09-22T14:27:00,11.21,11.21,11.21,11.21,63876
2026-09-22T11:28:00.000Z,2026-09-22T14:28:00,11.21,11.21,11.21,11.21,1
2026-09-23T07:00:00.000Z,2026-09-23T10:00:00,11.3,11.32,11.3,11.3,3044
2026-09-23T07:01:00.000Z,2026-09-23T10:01:00,11.31,11.31,11.31,11.31,100
2026-09-23T07:02:00.000Z,2026-09-23T10:02:00,11.31,11.32,11.31,11.32,7240
2026-09-23T07:03:00.000Z,2026-09-23T10:03:00,11.32,11.32,11.32,11.32,6267
2026-09-23T07:04:00.000Z,2026-09-23T10:04:00,11.32,11.35,11.31,11.35,8916
2026-09-23T07:05:00.000Z,2026-09-23T10:05:00,11.34,11.34,11.3,11.3,56188
2026-09-23T07:06:00.000Z,2026-09-23T10:06:00,11.3,11.3,11.3,11.3,5404
2026-09-23T07:07:00.000Z,2026-09-23T10:07:00,11.29,11.29,11.28,11.28,2883
2026-09-23T07:08:00.000Z,2026-09-23T10:08:00,11.28,11.28,11.26,11.26,6036
2026-09-23T07:09:00.000Z,2026-09-23T10:09:00,11.3,11.3,11.3,11.3,3642
2026-09-23T07:10:00.000Z,2026-09-23T10:10:00,11.33,11.33,11.33,11.33,5030
2026-09-23T07:11:00.000Z,2026-09-23T10:11:00,11.34,11.34,11.31,11.31,7329
2026-09-23T07:12:00.000Z,2026-09-23T10:12:00,11.31,11.32,11.31,11.31,1118
2026-09-23T07:13:00.000Z,2026-09-23T10:13:00,11.34,11.34,11.3,11.3,6200
2026-09-23T07:14:00.000Z,2026-09-23T10:14:00,11.3,11.3,11.3,11.3,23911
2026-09-23T07:15:00.000Z,2026-09-23T10:15:00,11.29,11.33,11.29,11.3,15867
2026-09-23T07:16:00.000Z,2026-09-23T10:16:00,11.3,11.33,11.3,11.3,23417
2026-09-23T07:17:00.000Z,2026-09-23T10:17:00,11.29,11.29,11.28,11.28,1885
2026-09-23T07:18:00.000Z,2026-09-23T10:18:00,11.3,11.3,11.28,11.28,10706
2026-09-23T07:20:00.000Z,2026-09-23T10:20:00,11.3,11.3,11.3,11.3,2083
2026-09-23T07:21:00.000Z,2026-09-23T10:21:00,11.3,11.3,11.3,11.3,1000
2026-09-23T07:23:00.000Z,2026-09-23T10:23:00,11.3,11.35,11.3,11.35,10380
2026-09-23T07:24:00.000Z,2026-09-23T10:24:00,11.35,11.35,11.3,11.3,2156
2026-09-23T07:26:00.000Z,2026-09-23T10:26:00,11.3,11.3,11.3,11.3,442
2026-09-23T07:27:00.000Z,2026-09-23T10:27:00,11.3,11.35,11.3,11.35,30100
2026-09-23T07:28:00.000Z,2026-09-23T10:28:00,11.3,11.3,11.3,11.3,8760
2026-09-23T07:29:00.000Z,2026-09-23T10:29:00,11.3,11.3,11.3,11.3,5
2026-09-23T07:30:00.000Z,2026-09-23T10:30:00,11.31,11.31,11.3,11.3,30000
2026-09-23T07:31:00.000Z,2026-09-23T10:31:00,11.33,11.33,11.33,11.33,832
2026-09-23T07:32:00.000Z,2026-09-23T10:32:00,11.3,11.3,11.3,11.3,20000
2026-09-23T07:33:00.000Z,2026-09-23T10:33:00,11.3,11.3,11.3,11.3,8190
2026-09-23T07:34:00.000Z,2026-09-23T10:34:00,11.33,11.33,11.33,11.33,24
2026-09-23T07:36:00.000Z,2026-09-23T10:36:00,11.3,11.3,11.26,11.26,153018
2026-09-23T07:37:00.000Z,2026-09-23T10:37:00,11.25,11.28,11.25,11.28,12142
2026-09-23T07:38:00.000Z,2026-09-23T10:38:00,11.27,11.27,11.22,11.22,45879
2026-09-23T07:40:00.000Z,2026-09-23T10:40:00,11.22,11.22,11.22,11.22,10217
2026-09-23T07:41:00.000Z,2026-09-23T10:41:00,11.23,11.25,11.22,11.22,7013
2026-09-23T07:42:00.000Z,2026-09-23T10:42:00,11.22,11.3,11.21,11.3,90371
2026-09-23T07:43:00.000Z,2026-09-23T10:43:00,11.21,11.3,11.21,11.3,8449
2026-09-23T07:45:00.000Z,2026-09-23T10:45:00,11.29,11.29,11.25,11.25,27
2026-09-23T07:47:00.000Z,2026-09-23T10:47:00,11.25,11.27,11.23,11.27,1062
2026-09-23T07:48:00.000Z,2026-09-23T10:48:00,11.27,11.28,11.24,11.27,1654
2026-09-23T07:49:00.000Z,2026-09-23T10:49:00,11.27,11.27,11.27,11.27,581
2026-09-23T07:50:00.000Z,2026-09-23T10:50:00,11.27,11.27,11.27,11.27,37
2026-09-23T07:51:00.000Z,2026-09-23T10:51:00,11.27,11.27,11.27,11.27,395
2026-09-23T07:52:00.000Z,2026-09-23T10:52:00,11.27,11.27,11.27,11.27,2647
2026-09-23T07:53:00.000Z,2026-09-23T10:53:00,11.27,11.27,11.24,11.24,10062
2026-09-23T07:54:00.000Z,2026-09-23T10:54:00,11.24,11.24,11.23,11.23,9168
2026-09-23T07:56:00.000Z,2026-09-23T10:56:00,11.23,11.23,11.23,11.23,12500
2026-09-23T07:57:00.000Z,2026-09-23T10:57:00,11.23,11.23,11.23,11.23,1
2026-09-23T07:58:00.000Z,2026-09-23T10:58:00,11.23,11.25,11.23,11.25,1267
2026-09-23T07:59:00.000Z,2026-09-23T10:59:00,11.24,11.24,11.24,11.24,90
2026-09-23T08:01:00.000Z,2026-09-23T11:01:00,11.27,11.27,11.25,11.25,2201
2026-09-23T08:02:00.000Z,2026-09-23T11:02:00,11.24,11.24,11.24,11.24,110
2026-09-23T08:03:00.000Z,2026-09-23T11:03:00,11.23,11.23,11.23,11.23,29919
2026-09-23T08:04:00.000Z,2026-09-23T11:04:00,11.22,11.22,11.22,11.22,13355
2026-09-23T08:05:00.000Z,2026-09-23T11:05:00,11.22,11.22,11.22,11.22,10050
2026-09-23T08:06:00.000Z,2026-09-23T11:06:00,11.22,11.26,11.21,11.26,5839
2026-09-23T08:09:00.000Z,2026-09-23T11:09:00,11.22,11.22,11.2,11.2,89481
2026-09-23T08:10:00.000Z,2026-09-23T11:10:00,11.19,11.19,11.15,11.15,53953
2026-09-23T08:11:00.000Z,2026-09-23T11:11:00,11.15,11.15,11.12,11.13,3382
2026-09-23T08:12:00.000Z,2026-09-23T11:12:00,11.14,11.14,11.14,11.14,175
2026-09-23T08:13:00.000Z,2026-09-23T11:13:00,11.14,11.15,11.14,11.15,27881
2026-09-23T08:14:00.000Z,2026-09-23T11:14:00,11.15,11.19,11.15,11.15,7375
2026-09-23T08:15:00.000Z,2026-09-23T11:15:00,11.15,11.19,11.15,11.19,400
2026-09-23T08:16:00.000Z,2026-09-23T11:16:00,11.15,11.15,11.15,11.15,700
2026-09-23T08:17:00.000Z,2026-09-23T11:17:00,11.15,11.15,11.15,11.15,1286
2026-09-23T08:18:00.000Z,2026-09-23T11:18:00,11.15,11.15,11.13,11.13,28281
2026-09-23T08:19:00.000Z,2026-09-23T11:19:00,11.13,11.13,11.11,11.12,51368
2026-09-23T08:20:00.000Z,2026-09-23T11:20:00,11.12,11.15,11.12,11.15,14994
2026-09-23T08:21:00.000Z,2026-09-23T11:21:00,11.12,11.12,11.11,11.11,5000
2026-09-23T08:22:00.000Z,2026-09-23T11:22:00,11.12,11.13,11.11,11.13,7646
2026-09-23T08:23:00.000Z,2026-09-23T11:23:00,11.15,11.15,11.12,11.12,9900
2026-09-23T08:24:00.000Z,2026-09-23T11:24:00,11.13,11.15,11.13,11.15,2000
2026-09-23T08:25:00.000Z,2026-09-23T11:25:00,11.17,11.17,11.17,11.17,30
2026-09-23T08:26:00.000Z,2026-09-23T11:26:00,11.17,11.17,11.15,11.17,4196
2026-09-23T08:27:00.000Z,2026-09-23T11:27:00,11.17,11.17,11.15,11.15,4500
2026-09-23T08:28:00.000Z,2026-09-23T11:28:00,11.15,11.15,11.15,11.15,4578
2026-09-23T08:29:00.000Z,2026-09-23T11:29:00,11.15,11.15,11.15,11.15,9558
2026-09-23T08:30:00.000Z,2026-09-23T11:30:00,11.13,11.13,11.11,11.11,30073
2026-09-23T08:31:00.000Z,2026-09-23T11:31:00,11.11,11.17,11.11,11.17,12962
2026-09-23T08:32:00.000Z,2026-09-23T11:32:00,11.11,11.11,11.11,11.11,850
2026-09-23T08:34:00.000Z,2026-09-23T11:34:00,11.11,11.11,11.11,11.11,3000
2026-09-23T08:35:00.000Z,2026-09-23T11:35:00,11.11,11.11,11.11,11.11,3150
2026-09-23T08:37:00.000Z,2026-09-23T11:37:00,11.15,11.15,11.13,11.15,2528
2026-09-23T08:39:00.000Z,2026-09-23T11:39:00,11.14,11.14,11.14,11.14,2996
2026-09-23T08:40:00.000Z,2026-09-23T11:40:00,11.14,11.2,11.14,11.2,35601
2026-09-23T08:41:00.000Z,2026-09-23T11:41:00,11.2,11.2,11.2,11.2,5659
2026-09-23T08:42:00.000Z,2026-09-23T11:42:00,11.19,11.2,11.19,11.2,17781
2026-09-23T08:43:00.000Z,2026-09-23T11:43:00,11.2,11.23,11.2,11.23,10500
2026-09-23T08:44:00.000Z,2026-09-23T11:44:00,11.23,11.23,11.23,11.23,2800
2026-09-23T08:45:00.000Z,2026-09-23T11:45:00,11.23,11.23,11.23,11.23,1000
2026-09-23T08:46:00.000Z,2026-09-23T11:46:00,11.21,11.24,11.2,11.21,46263
2026-09-23T08:47:00.000Z,2026-09-23T11:47:00,11.23,11.27,11.23,11.27,43829
2026-09-23T08:48:00.000Z,2026-09-23T11:48:00,11.27,11.27,11.27,11.27,16
2026-09-23T08:49:00.000Z,2026-09-23T11:49:00,11.23,11.23,11.23,11.23,1620
2026-09-23T08:50:00.000Z,2026-09-23T11:50:00,11.23,11.23,11.23,11.23,1000
2026-09-23T08:51:00.000Z,2026-09-23T11:51:00,11.23,11.23,11.23,11.23,3600
2026-09-23T08:53:00.000Z,2026-09-23T11:53:00,11.24,11.24,11.23,11.23,4967
2026-09-23T08:54:00.000Z,2026-09-23T11:54:00,11.23,11.23,11.23,11.23,5153
2026-09-23T08:55:00.000Z,2026-09-23T11:55:00,11.22,11.22,11.2,11.2,356
2026-09-23T08:57:00.000Z,2026-09-23T11:57:00,11.2,11.2,11.2,11.2,5267
2026-09-23T08:58:00.000Z,2026-09-23T11:58:00,11.25,11.26,11.2,11.2,4598
2026-09-23T08:59:00.000Z,2026-09-23T11:59:00,11.2,11.25,11.2,11.25,5043
2026-09-23T09:02:00.000Z,2026-09-23T12:02:00,11.25,11.25,11.25,11.25,89
2026-09-23T09:03:00.000Z,2026-09-23T12:03:00,11.2,11.2,11.2,11.2,7739
2026-09-23T09:05:00.000Z,2026-09-23T12:05:00,11.21,11.21,11.2,11.2,6006
2026-09-23T09:07:00.000Z,2026-09-23T12:07:00,11.2,11.2,11.2,11.2,5008
2026-09-23T09:09:00.000Z,2026-09-23T12:09:00,11.2,11.2,11.2,11.2,3116
2026-09-23T09:10:00.000Z,2026-09-23T12:10:00,11.2,11.22,11.2,11.2,13444
2026-09-23T09:11:00.000Z,2026-09-23T12:11:00,11.2,11.2,11.2,11.2,7437
2026-09-23T09:12:00.000Z,2026-09-23T12:12:00,11.22,11.22,11.2,11.2,1907
2026-09-23T09:14:00.000Z,2026-09-23T12:14:00,11.2,11.2,11.2,11.2,6041
2026-09-23T09:15:00.000Z,2026-09-23T12:15:00,11.2,11.2,11.17,11.2,15008
2026-09-23T09:16:00.000Z,2026-09-23T12:16:00,11.2,11.2,11.2,11.2,2000
2026-09-23T09:18:00.000Z,2026-09-23T12:18:00,11.2,11.22,11.2,11.2,3054
2026-09-23T09:19:00.000Z,2026-09-23T12:19:00,11.22,11.22,11.22,11.22,1099
2026-09-23T09:20:00.000Z,2026-09-23T12:20:00,11.22,11.22,11.22,11.22,500
2026-09-23T09:21:00.000Z,2026-09-23T12:21:00,11.22,11.22,11.22,11.22,1100
2026-09-23T09:22:00.000Z,2026-09-23T12:22:00,11.2,11.2,11.2,11.2,33834
2026-09-23T09:23:00.000Z,2026-09-23T12:23:00,11.2,11.2,11.2,11.2,910
2026-09-23T09:24:00.000Z,2026-09-23T12:24:00,11.2,11.2,11.2,11.2,1549
2026-09-23T09:25:00.000Z,2026-09-23T12:25:00,11.2,11.2,11.2,11.2,910
2026-09-23T09:26:00.000Z,2026-09-23T12:26:00,11.2,11.2,11.2,11.2,3910
2026-09-23T09:27:00.000Z,2026-09-23T12:27:00,11.2,11.22,11.2,11.21,1500
2026-09-23T09:28:00.000Z,2026-09-23T12:28:00,11.2,11.2,11.2,11.2,510
2026-09-23T09:29:00.000Z,2026-09-23T12:29:00,11.2,11.21,11.2,11.21,1310
2026-09-23T09:30:00.000Z,2026-09-23T12:30:00,11.21,11.21,11.21,11.21,1007
2026-09-23T09:31:00.000Z,2026-09-23T12:31:00,11.21,11.22,11.21,11.22,2339
2026-09-23T09:32:00.000Z,2026-09-23T12:32:00,11.21,11.21,11.21,11.21,5909
2026-09-23T09:33:00.000Z,2026-09-23T12:33:00,11.21,11.22,11.2,11.2,32395
2026-09-23T09:34:00.000Z,2026-09-23T12:34:00,11.22,11.22,11.2,11.2,4809
2026-09-23T09:36:00.000Z,2026-09-23T12:36:00,11.2,11.2,11.2,11.2,909
2026-09-23T09:37:00.000Z,2026-09-23T12:37:00,11.21,11.21,11.2,11.2,345909
2026-09-23T09:38:00.000Z,2026-09-23T12:38:00,11.2,11.2,11.2,11.2,909
2026-09-23T09:39:00.000Z,2026-09-23T12:39:00,11.21,11.21,11.21,11.21,1818
2026-09-23T09:40:00.000Z,2026-09-23T12:40:00,11.21,11.22,11.21,11.21,4375
2026-09-23T09:41:00.000Z,2026-09-23T12:41:00,11.21,11.21,11.21,11.21,13026
2026-09-23T09:42:00.000Z,2026-09-23T12:42:00,11.21,11.21,11.21,11.21,909
2026-09-23T09:43:00.000Z,2026-09-23T12:43:00,11.21,11.21,11.21,11.21,1222
2026-09-23T09:44:00.000Z,2026-09-23T12:44:00,11.2,11.2,11.2,11.2,17409
2026-09-23T09:45:00.000Z,2026-09-23T12:45:00,11.2,11.2,11.17,11.17,14299
2026-09-23T09:46:00.000Z,2026-09-23T12:46:00,11.2,11.2,11.17,11.17,666
2026-09-23T09:47:00.000Z,2026-09-23T12:47:00,11.17,11.17,11.16,11.16,10856
2026-09-23T09:48:00.000Z,2026-09-23T12:48:00,11.17,11.2,11.17,11.2,24804
2026-09-23T09:49:00.000Z,2026-09-23T12:49:00,11.2,11.2,11.2,11.2,11452
2026-09-23T09:51:00.000Z,2026-09-23T12:51:00,11.2,11.22,11.2,11.22,11073
2026-09-23T09:54:00.000Z,2026-09-23T12:54:00,11.2,11.2,11.2,11.2,5000
2026-09-23T09:56:00.000Z,2026-09-23T12:56:00,11.2,11.22,11.2,11.2,21700
2026-09-23T09:58:00.000Z,2026-09-23T12:58:00,11.2,11.2,11.2,11.2,100
2026-09-23T09:59:00.000Z,2026-09-23T12:59:00,11.19,11.19,11.19,11.19,4890
2026-09-23T10:00:00.000Z,2026-09-23T13:00:00,11.19,11.19,11.19,11.19,110
2026-09-23T10:01:00.000Z,2026-09-23T13:01:00,11.2,11.2,11.2,11.2,400000
2026-09-23T10:02:00.000Z,2026-09-23T13:02:00,11.2,11.22,11.2,11.22,5585
2026-09-23T10:04:00.000Z,2026-09-23T13:04:00,11.22,11.22,11.2,11.2,1100
2026-09-23T10:05:00.000Z,2026-09-23T13:05:00,11.2,11.2,11.2,11.2,5000
2026-09-23T10:06:00.000Z,2026-09-23T13:06:00,11.21,11.25,11.21,11.25,40648
2026-09-23T10:07:00.000Z,2026-09-23T13:07:00,11.28,11.32,11.28,11.31,116276
2026-09-23T10:08:00.000Z,2026-09-23T13:08:00,11.32,11.32,11.31,11.31,1557
2026-09-23T10:09:00.000Z,2026-09-23T13:09:00,11.31,11.32,11.31,11.31,5204
2026-09-23T10:12:00.000Z,2026-09-23T13:12:00,11.3,11.3,11.3,11.3,601
2026-09-23T10:13:00.000Z,2026-09-23T13:13:00,11.26,11.26,11.23,11.23,5300
2026-09-23T10:17:00.000Z,2026-09-23T13:17:00,11.22,11.22,11.22,11.22,4000
2026-09-23T10:18:00.000Z,2026-09-23T13:18:00,11.23,11.23,11.2,11.2,32300
2026-09-23T10:19:00.000Z,2026-09-23T13:19:00,11.19,11.26,11.19,11.19,5580
2026-09-23T10:20:00.000Z,2026-09-23T13:20:00,11.19,11.19,11.19,11.19,2828
2026-09-23T10:21:00.000Z,2026-09-23T13:21:00,11.19,11.19,11.19,11.19,91
2026-09-23T10:22:00.000Z,2026-09-23T13:22:00,11.18,11.18,11.18,11.18,5400
2026-09-23T10:23:00.000Z,2026-09-23T13:23:00,11.18,11.19,11.18,11.19,6627
2026-09-23T10:24:00.000Z,2026-09-23T13:24:00,11.19,11.25,11.19,11.25,2455
2026-09-23T10:25:00.000Z,2026-09-23T13:25:00,11.19,11.19,11.19,11.19,110
2026-09-23T10:27:00.000Z,2026-09-23T13:27:00,11.25,11.25,11.2,11.2,2368
2026-09-23T10:29:00.000Z,2026-09-23T13:29:00,11.2,11.2,11.2,11.2,2360
2026-09-23T10:31:00.000Z,2026-09-23T13:31:00,11.2,11.2,11.19,11.19,4070
2026-09-23T10:32:00.000Z,2026-09-23T13:32:00,11.2,11.2,11.2,11.2,3080
2026-09-23T10:34:00.000Z,2026-09-23T13:34:00,11.2,11.2,11.2,11.2,116
2026-09-23T10:36:00.000Z,2026-09-23T13:36:00,11.24,11.24,11.24,11.24,49
2026-09-23T10:37:00.000Z,2026-09-23T13:37:00,11.21,11.21,11.2,11.2,2360
2026-09-23T10:38:00.000Z,2026-09-23T13:38:00,11.2,11.2,11.19,11.19,10163
2026-09-23T10:39:00.000Z,2026-09-23T13:39:00,11.2,11.2,11.19,11.19,5000
2026-09-23T10:40:00.000Z,2026-09-23T13:40:00,11.2,11.24,11.19,11.2,9126
2026-09-23T10:42:00.000Z,2026-09-23T13:42:00,11.2,11.2,11.2,11.2,30
2026-09-23T10:43:00.000Z,2026-09-23T13:43:00,11.22,11.22,11.2,11.2,700
2026-09-23T10:44:00.000Z,2026-09-23T13:44:00,11.2,11.24,11.2,11.2,7057
2026-09-23T10:45:00.000Z,2026-09-23T13:45:00,11.2,11.2,11.2,11.2,13079
2026-09-23T10:46:00.000Z,2026-09-23T13:46:00,11.2,11.2,11.2,11.2,2000
2026-09-23T10:47:00.000Z,2026-09-23T13:47:00,11.2,11.2,11.18,11.18,29370
2026-09-23T10:48:00.000Z,2026-09-23T13:48:00,11.18,11.2,11.18,11.2,30748
2026-09-23T10:49:00.000Z,2026-09-23T13:49:00,11.2,11.21,11.2,11.2,4511
2026-09-23T10:50:00.000Z,2026-09-23T13:50:00,11.2,11.2,11.2,11.2,50
2026-09-23T10:52:00.000Z,2026-09-23T13:52:00,11.18,11.2,11.14,11.15,79354
2026-09-23T10:53:00.000Z,2026-09-23T13:53:00,11.15,11.15,11.15,11.15,4617
2026-09-23T10:54:00.000Z,2026-09-23T13:54:00,11.16,11.19,11.11,11.19,207413
2026-09-23T10:55:00.000Z,2026-09-23T13:55:00,11.18,11.18,11.11,11.11,30028
2026-09-23T10:56:00.000Z,2026-09-23T13:56:00,11.17,11.17,11.12,11.12,7432
2026-09-23T10:57:00.000Z,2026-09-23T13:57:00,11.12,11.16,11.12,11.16,3256
2026-09-23T10:58:00.000Z,2026-09-23T13:58:00,11.15,11.17,11.15,11.17,23219
2026-09-23T10:59:00.000Z,2026-09-23T13:59:00,11.17,11.17,11.17,11.17,200
2026-09-23T11:00:00.000Z,2026-09-23T14:00:00,11.16,11.17,11.15,11.15,21029
2026-09-23T11:01:00.000Z,2026-09-23T14:01:00,11.17,11.18,11.17,11.18,4555
2026-09-23T11:02:00.000Z,2026-09-23T14:02:00,11.15,11.16,11.14,11.14,2450
2026-09-23T11:04:00.000Z,2026-09-23T14:04:00,11.15,11.15,11.14,11.14,4681
2026-09-23T11:05:00.000Z,2026-09-23T14:05:00,11.13,11.14,11.13,11.13,13383
2026-09-23T11:06:00.000Z,2026-09-23T14:06:00,11.13,11.13,11.13,11.13,11650
2026-09-23T11:07:00.000Z,2026-09-23T14:07:00,11.13,11.16,11.13,11.16,25000
2026-09-23T11:08:00.000Z,2026-09-23T14:08:00,11.13,11.18,11.13,11.13,3046
2026-09-23T11:09:00.000Z,2026-09-23T14:09:00,11.13,11.13,11.13,11.13,2344
2026-09-23T11:10:00.000Z,2026-09-23T14:10:00,11.13,11.13,11.12,11.12,9445
2026-09-23T11:11:00.000Z,2026-09-23T14:11:00,11.13,11.14,11.13,11.14,1800
2026-09-23T11:12:00.000Z,2026-09-23T14:12:00,11.14,11.14,11.14,11.14,5000
2026-09-23T11:13:00.000Z,2026-09-23T14:13:00,11.14,11.14,11.13,11.13,2344
2026-09-23T11:14:00.000Z,2026-09-23T14:14:00,11.13,11.13,11.11,11.11,76170
2026-09-23T11:25:00.000Z,2026-09-23T14:25:00,11.06,11.06,11.06,11.06,253660
2026-09-23T11:26:00.000Z,2026-09-23T14:26:00,11.06,11.06,11.06,11.06,7578
2026-09-23T11:27:00.000Z,2026-09-23T14:27:00,11.06,11.06,11.06,11.06,59410
2026-09-23T11:28:00.000Z,2026-09-23T14:28:00,11.06,11.06,11.06,11.06,1300
2026-09-23T11:29:00.000Z,2026-09-23T14:29:00,11.06,11.06,11.06,11.06,4000
2026-09-24T07:00:00.000Z,2026-09-24T10:00:00,11.06,11.06,11.06,11.06,13449
2026-09-24T07:01:00.000Z,2026-09-24T10:01:00,11.06,11.06,11.05,11.05,1100
2026-09-24T07:02:00.000Z,2026-09-24T10:02:00,11.01,11.01,11,11,13566
2026-09-24T07:03:00.000Z,2026-09-24T10:03:00,11,11.05,10.92,11.05,13779
2026-09-24T07:04:00.000Z,2026-09-24T10:04:00,11,11.03,10.92,11,2064
2026-09-24T07:05:00.000Z,2026-09-24T10:05:00,11.03,11.03,10.95,10.95,6286
2026-09-24T07:07:00.000Z,2026-09-24T10:07:00,10.95,10.95,10.95,10.95,54298
2026-09-24T07:08:00.000Z,2026-09-24T10:08:00,10.95,10.95,10.95,10.95,400
2026-09-24T07:09:00.000Z,2026-09-24T10:09:00,10.93,10.95,10.93,10.93,32279
2026-09-24T07:10:00.000Z,2026-09-24T10:10:00,10.95,11,10.95,11,47836
2026-09-24T07:12:00.000Z,2026-09-24T10:12:00,10.95,10.95,10.95,10.95,530
2026-09-24T07:13:00.000Z,2026-09-24T10:13:00,10.95,11,10.95,11,5400
2026-09-24T07:14:00.000Z,2026-09-24T10:14:00,11,11,11,11,9569
2026-09-24T07:15:00.000Z,2026-09-24T10:15:00,11,11,10.95,10.95,5039
2026-09-24T07:16:00.000Z,2026-09-24T10:16:00,10.98,10.98,10.98,10.98,20000
2026-09-24T07:17:00.000Z,2026-09-24T10:17:00,10.99,10.99,10.96,10.96,10969
2026-09-24T07:18:00.000Z,2026-09-24T10:18:00,10.96,10.96,10.94,10.94,38395
2026-09-24T07:19:00.000Z,2026-09-24T10:19:00,10.95,10.96,10.95,10.96,1551
2026-09-24T07:20:00.000Z,2026-09-24T10:20:00,10.95,10.98,10.95,10.98,18430
2026-09-24T07:21:00.000Z,2026-09-24T10:21:00,11,11,11,11,22313
2026-09-24T07:22:00.000Z,2026-09-24T10:22:00,11.01,11.01,11.01,11.01,4201
2026-09-24T07:23:00.000Z,2026-09-24T10:23:00,11.01,11.05,11.01,11.05,12500
2026-09-24T07:24:00.000Z,2026-09-24T10:24:00,11.01,11.01,11.01,11.01,1000
2026-09-24T07:26:00.000Z,2026-09-24T10:26:00,11,11.01,11,11.01,10157
2026-09-24T07:27:00.000Z,2026-09-24T10:27:00,11.01,11.06,11.01,11.06,4616
2026-09-24T07:28:00.000Z,2026-09-24T10:28:00,11.05,11.06,11.05,11.06,8600
2026-09-24T07:29:00.000Z,2026-09-24T10:29:00,11.06,11.06,11.01,11.01,20017
2026-09-24T07:30:00.000Z,2026-09-24T10:30:00,11.01,11.01,11.01,11.01,8500
2026-09-24T07:31:00.000Z,2026-09-24T10:31:00,11.06,11.06,11.02,11.02,19101
2026-09-24T07:32:00.000Z,2026-09-24T10:32:00,11.02,11.02,10.98,11,8185
2026-09-24T07:33:00.000Z,2026-09-24T10:33:00,11,11.06,10.98,11,15283
2026-09-24T07:34:00.000Z,2026-09-24T10:34:00,11.01,11.01,11,11,4800
2026-09-24T07:35:00.000Z,2026-09-24T10:35:00,11.05,11.05,10.99,10.99,1929
2026-09-24T07:36:00.000Z,2026-09-24T10:36:00,11,11,11,11,837
2026-09-24T07:37:00.000Z,2026-09-24T10:37:00,11,11,11,11,2163
2026-09-24T07:38:00.000Z,2026-09-24T10:38:00,11,11.04,11,11.04,36837
2026-09-24T07:39:00.000Z,2026-09-24T10:39:00,11.04,11.04,11.04,11.04,100
2026-09-24T07:40:00.000Z,2026-09-24T10:40:00,11.04,11.07,11.04,11.07,24020
2026-09-24T07:41:00.000Z,2026-09-24T10:41:00,11.09,11.09,11.09,11.09,1053
2026-09-24T07:42:00.000Z,2026-09-24T10:42:00,11.08,11.1,11.06,11.06,10990
2026-09-24T07:43:00.000Z,2026-09-24T10:43:00,11.09,11.09,11.05,11.08,6227
2026-09-24T07:45:00.000Z,2026-09-24T10:45:00,11.09,11.09,11.09,11.09,235
2026-09-24T07:46:00.000Z,2026-09-24T10:46:00,11.08,11.08,11.01,11.02,9206
2026-09-24T07:47:00.000Z,2026-09-24T10:47:00,11.08,11.08,11.08,11.08,100
2026-09-24T07:48:00.000Z,2026-09-24T10:48:00,11.03,11.03,11.03,11.03,4462
2026-09-24T07:49:00.000Z,2026-09-24T10:49:00,11.06,11.06,11.06,11.06,136
2026-09-24T07:52:00.000Z,2026-09-24T10:52:00,11.05,11.05,11,11,20548
2026-09-24T07:53:00.000Z,2026-09-24T10:53:00,11,11,11,11,1585
2026-09-24T07:54:00.000Z,2026-09-24T10:54:00,11.05,11.05,11.05,11.05,505
2026-09-24T07:56:00.000Z,2026-09-24T10:56:00,11.05,11.05,11.05,11.05,428
2026-09-24T07:59:00.000Z,2026-09-24T10:59:00,11.05,11.05,11.05,11.05,500
2026-09-24T08:00:00.000Z,2026-09-24T11:00:00,11.06,11.06,11.06,11.06,10064
2026-09-24T08:01:00.000Z,2026-09-24T11:01:00,11.06,11.06,11.06,11.06,7936
2026-09-24T08:02:00.000Z,2026-09-24T11:02:00,11.05,11.05,11.05,11.05,200
2026-09-24T08:03:00.000Z,2026-09-24T11:03:00,11.05,11.05,11.05,11.05,8962
2026-09-24T08:05:00.000Z,2026-09-24T11:05:00,11.02,11.02,11.01,11.01,1538
2026-09-24T08:06:00.000Z,2026-09-24T11:06:00,11.04,11.07,11.04,11.07,10000
2026-09-24T08:07:00.000Z,2026-09-24T11:07:00,11.07,11.07,11.07,11.07,5904
2026-09-24T08:08:00.000Z,2026-09-24T11:08:00,11.07,11.07,11.07,11.07,20150
2026-09-24T08:09:00.000Z,2026-09-24T11:09:00,11.07,11.07,11.07,11.07,100
2026-09-24T08:10:00.000Z,2026-09-24T11:10:00,11.07,11.07,11.07,11.07,540
2026-09-24T08:11:00.000Z,2026-09-24T11:11:00,11.05,11.08,11.05,11.08,700
2026-09-24T08:12:00.000Z,2026-09-24T11:12:00,11.08,11.08,11.05,11.05,1030
2026-09-24T08:13:00.000Z,2026-09-24T11:13:00,11.04,11.04,11.03,11.03,3724
2026-09-24T08:14:00.000Z,2026-09-24T11:14:00,11.02,11.08,11.02,11.08,1137
2026-09-24T08:15:00.000Z,2026-09-24T11:15:00,11.08,11.08,11.08,11.08,550
2026-09-24T08:19:00.000Z,2026-09-24T11:19:00,11.03,11.03,11.03,11.03,5042
2026-09-24T08:20:00.000Z,2026-09-24T11:20:00,11.05,11.05,11.05,11.05,1881
2026-09-24T08:21:00.000Z,2026-09-24T11:21:00,11.05,11.05,11.05,11.05,3119
2026-09-24T08:22:00.000Z,2026-09-24T11:22:00,11.03,11.03,11.03,11.03,23
2026-09-24T08:23:00.000Z,2026-09-24T11:23:00,11.05,11.05,11.05,11.05,13
2026-09-24T08:24:00.000Z,2026-09-24T11:24:00,11.03,11.03,11.03,11.03,6407
2026-09-24T08:25:00.000Z,2026-09-24T11:25:00,11.03,11.03,11.03,11.03,1897
2026-09-24T08:27:00.000Z,2026-09-24T11:27:00,11.03,11.03,11.02,11.02,13614
2026-09-24T08:28:00.000Z,2026-09-24T11:28:00,11.02,11.02,11,11,96891
2026-09-24T08:29:00.000Z,2026-09-24T11:29:00,11,11,10.98,10.98,82817
2026-09-24T08:30:00.000Z,2026-09-24T11:30:00,10.99,11,10.96,10.96,10984
2026-09-24T08:31:00.000Z,2026-09-24T11:31:00,10.97,10.97,10.96,10.96,3000
2026-09-24T08:32:00.000Z,2026-09-24T11:32:00,10.96,10.96,10.95,10.95,38065
2026-09-24T08:33:00.000Z,2026-09-24T11:33:00,10.95,10.95,10.95,10.95,14556
2026-09-24T08:34:00.000Z,2026-09-24T11:34:00,10.95,10.95,10.95,10.95,5749
2026-09-24T08:35:00.000Z,2026-09-24T11:35:00,10.95,11,10.95,11,50000
2026-09-24T08:36:00.000Z,2026-09-24T11:36:00,11,11,11,11,7116
2026-09-24T08:37:00.000Z,2026-09-24T11:37:00,11,11,11,11,5346
2026-09-24T08:40:00.000Z,2026-09-24T11:40:00,10.96,10.96,10.96,10.96,9000
2026-09-24T08:41:00.000Z,2026-09-24T11:41:00,10.96,10.96,10.95,10.95,6203
2026-09-24T08:42:00.000Z,2026-09-24T11:42:00,10.99,10.99,10.99,10.99,1000
2026-09-24T08:44:00.000Z,2026-09-24T11:44:00,10.99,11,10.97,10.97,21564
2026-09-24T08:45:00.000Z,2026-09-24T11:45:00,10.96,10.96,10.96,10.96,77
2026-09-24T08:46:00.000Z,2026-09-24T11:46:00,10.98,10.98,10.98,10.98,1000
2026-09-24T08:47:00.000Z,2026-09-24T11:47:00,10.98,10.98,10.98,10.98,2261
2026-09-24T08:48:00.000Z,2026-09-24T11:48:00,10.99,10.99,10.99,10.99,3676
2026-09-24T08:49:00.000Z,2026-09-24T11:49:00,10.99,10.99,10.99,10.99,104
2026-09-24T08:50:00.000Z,2026-09-24T11:50:00,10.99,10.99,10.99,10.99,3000
2026-09-24T08:54:00.000Z,2026-09-24T11:54:00,10.98,10.98,10.95,10.95,5569
2026-09-24T08:56:00.000Z,2026-09-24T11:56:00,10.96,10.96,10.95,10.95,2159
2026-09-24T08:59:00.000Z,2026-09-24T11:59:00,10.98,10.98,10.98,10.98,272
2026-09-24T09:00:00.000Z,2026-09-24T12:00:00,10.98,11,10.98,11,4400
2026-09-24T09:01:00.000Z,2026-09-24T12:01:00,11,11,11,11,8196
2026-09-24T09:02:00.000Z,2026-09-24T12:02:00,11.01,11.01,11,11,2090
2026-09-24T09:03:00.000Z,2026-09-24T12:03:00,11,11.01,10.96,10.96,9100
2026-09-24T09:04:00.000Z,2026-09-24T12:04:00,11.01,11.01,11.01,11.01,203
2026-09-24T09:05:00.000Z,2026-09-24T12:05:00,10.97,11.01,10.95,10.95,21080
2026-09-24T09:06:00.000Z,2026-09-24T12:06:00,11,11,10.91,10.91,70982
2026-09-24T09:08:00.000Z,2026-09-24T12:08:00,11,11,10.91,11,10025
2026-09-24T09:10:00.000Z,2026-09-24T12:10:00,11,11,10.91,10.91,2692
2026-09-24T09:12:00.000Z,2026-09-24T12:12:00,11,11,10.92,11,2144
2026-09-24T09:13:00.000Z,2026-09-24T12:13:00,10.92,10.92,10.92,10.92,1650
2026-09-24T09:14:00.000Z,2026-09-24T12:14:00,10.92,10.92,10.92,10.92,1180
2026-09-24T09:15:00.000Z,2026-09-24T12:15:00,10.92,10.92,10.92,10.92,5400
2026-09-24T09:16:00.000Z,2026-09-24T12:16:00,10.95,10.97,10.95,10.97,594
2026-09-24T09:17:00.000Z,2026-09-24T12:17:00,10.97,10.97,10.97,10.97,464
2026-09-24T09:18:00.000Z,2026-09-24T12:18:00,10.97,10.99,10.95,10.95,22432
2026-09-24T09:20:00.000Z,2026-09-24T12:20:00,10.95,10.95,10.95,10.95,1228
2026-09-24T09:21:00.000Z,2026-09-24T12:21:00,10.97,10.97,10.95,10.95,928
2026-09-24T09:22:00.000Z,2026-09-24T12:22:00,10.95,10.95,10.95,10.95,1300
2026-09-24T09:23:00.000Z,2026-09-24T12:23:00,10.95,10.95,10.95,10.95,4928
2026-09-24T09:24:00.000Z,2026-09-24T12:24:00,10.95,10.95,10.95,10.95,928
2026-09-24T09:26:00.000Z,2026-09-24T12:26:00,10.95,10.96,10.95,10.96,1206
2026-09-24T09:27:00.000Z,2026-09-24T12:27:00,10.95,10.95,10.95,10.95,648
2026-09-24T09:28:00.000Z,2026-09-24T12:28:00,10.95,10.98,10.95,10.98,30022
2026-09-24T09:29:00.000Z,2026-09-24T12:29:00,10.95,10.95,10.95,10.95,1340
2026-09-24T09:30:00.000Z,2026-09-24T12:30:00,10.92,10.92,10.92,10.92,927
2026-09-24T09:32:00.000Z,2026-09-24T12:32:00,10.92,10.94,10.92,10.93,999
2026-09-24T09:33:00.000Z,2026-09-24T12:33:00,10.92,10.92,10.92,10.92,1554
2026-09-24T09:34:00.000Z,2026-09-24T12:34:00,10.92,10.92,10.92,10.92,1927
2026-09-24T09:35:00.000Z,2026-09-24T12:35:00,10.94,10.94,10.94,10.94,8
2026-09-24T09:36:00.000Z,2026-09-24T12:36:00,10.94,10.94,10.93,10.93,919
2026-09-24T09:37:00.000Z,2026-09-24T12:37:00,10.93,10.93,10.93,10.93,3927
2026-09-24T09:38:00.000Z,2026-09-24T12:38:00,10.93,10.93,10.93,10.93,2187
2026-09-24T09:39:00.000Z,2026-09-24T12:39:00,10.95,10.95,10.93,10.94,5908
2026-09-24T09:41:00.000Z,2026-09-24T12:41:00,10.94,10.95,10.94,10.95,6027
2026-09-24T09:42:00.000Z,2026-09-24T12:42:00,10.95,10.95,10.95,10.95,174
2026-09-24T09:43:00.000Z,2026-09-24T12:43:00,10.94,10.94,10.92,10.92,753
2026-09-24T09:44:00.000Z,2026-09-24T12:44:00,10.92,10.92,10.92,10.92,37939
2026-09-24T09:45:00.000Z,2026-09-24T12:45:00,10.92,10.93,10.92,10.93,130924
2026-09-24T09:46:00.000Z,2026-09-24T12:46:00,10.94,10.94,10.92,10.92,60353
2026-09-24T09:47:00.000Z,2026-09-24T12:47:00,10.91,10.91,10.88,10.88,88667
2026-09-24T09:48:00.000Z,2026-09-24T12:48:00,10.9,10.9,10.88,10.88,15263
2026-09-24T09:49:00.000Z,2026-09-24T12:49:00,10.88,10.89,10.86,10.86,22100
2026-09-24T09:50:00.000Z,2026-09-24T12:50:00,10.86,10.88,10.86,10.88,6904
2026-09-24T09:51:00.000Z,2026-09-24T12:51:00,10.88,10.9,10.88,10.88,23799
2026-09-24T09:52:00.000Z,2026-09-24T12:52:00,10.88,10.88,10.88,10.88,500
2026-09-24T09:53:00.000Z,2026-09-24T12:53:00,10.88,10.88,10.88,10.88,927
2026-09-24T09:54:00.000Z,2026-09-24T12:54:00,10.88,10.9,10.88,10.9,20404
2026-09-24T09:55:00.000Z,2026-09-24T12:55:00,10.92,10.92,10.9,10.9,11362
2026-09-24T09:56:00.000Z,2026-09-24T12:56:00,10.88,10.88,10.88,10.88,927
2026-09-24T09:57:00.000Z,2026-09-24T12:57:00,10.88,10.88,10.88,10.88,1878
2026-09-24T09:58:00.000Z,2026-09-24T12:58:00,10.86,10.86,10.85,10.86,25137
2026-09-24T09:59:00.000Z,2026-09-24T12:59:00,10.83,10.83,10.82,10.82,120940
2026-09-24T10:00:00.000Z,2026-09-24T13:00:00,10.82,10.83,10.82,10.83,1675
2026-09-24T10:01:00.000Z,2026-09-24T13:01:00,10.83,10.83,10.82,10.82,33808
2026-09-24T10:02:00.000Z,2026-09-24T13:02:00,10.82,10.82,10.82,10.82,1934
2026-09-24T10:04:00.000Z,2026-09-24T13:04:00,10.81,10.81,10.81,10.81,507
2026-09-24T10:05:00.000Z,2026-09-24T13:05:00,10.81,10.81,10.77,10.8,121573
2026-09-24T10:06:00.000Z,2026-09-24T13:06:00,10.8,10.8,10.8,10.8,690
2026-09-24T10:08:00.000Z,2026-09-24T13:08:00,10.8,10.8,10.8,10.8,3393
2026-09-24T10:09:00.000Z,2026-09-24T13:09:00,10.82,10.82,10.77,10.77,10925
2026-09-24T10:10:00.000Z,2026-09-24T13:10:00,10.82,10.85,10.8,10.85,11330
2026-09-24T10:11:00.000Z,2026-09-24T13:11:00,10.82,10.82,10.82,10.82,2500
2026-09-24T10:12:00.000Z,2026-09-24T13:12:00,10.82,10.85,10.78,10.78,21039
2026-09-24T10:13:00.000Z,2026-09-24T13:13:00,10.78,10.8,10.78,10.78,11404
2026-09-24T10:14:00.000Z,2026-09-24T13:14:00,10.78,10.78,10.78,10.78,100
2026-09-24T10:15:00.000Z,2026-09-24T13:15:00,10.78,10.78,10.77,10.77,7900
2026-09-24T10:16:00.000Z,2026-09-24T13:16:00,10.77,10.77,10.77,10.77,20736
2026-09-24T10:17:00.000Z,2026-09-24T13:17:00,10.77,10.78,10.77,10.78,200894
2026-09-24T10:18:00.000Z,2026-09-24T13:18:00,10.76,10.76,10.7,10.7,100000
2026-09-24T10:19:00.000Z,2026-09-24T13:19:00,10.7,10.7,10.7,10.7,190
2026-09-24T10:20:00.000Z,2026-09-24T13:20:00,10.7,10.79,10.7,10.79,1115
2026-09-24T10:21:00.000Z,2026-09-24T13:21:00,10.7,10.82,10.7,10.82,28825
2026-09-24T10:22:00.000Z,2026-09-24T13:22:00,10.82,10.89,10.82,10.82,15883
2026-09-24T10:23:00.000Z,2026-09-24T13:23:00,10.8,10.82,10.8,10.82,4103
2026-09-24T10:24:00.000Z,2026-09-24T13:24:00,10.82,10.83,10.8,10.8,36721
2026-09-24T10:25:00.000Z,2026-09-24T13:25:00,10.8,10.81,10.77,10.81,213925
2026-09-24T10:26:00.000Z,2026-09-24T13:26:00,10.84,10.84,10.8,10.8,10000
2026-09-24T10:27:00.000Z,2026-09-24T13:27:00,10.84,10.84,10.84,10.84,925
2026-09-24T10:28:00.000Z,2026-09-24T13:28:00,10.85,10.88,10.84,10.88,10927
2026-09-24T10:29:00.000Z,2026-09-24T13:29:00,10.88,10.88,10.88,10.88,871
2026-09-24T10:30:00.000Z,2026-09-24T13:30:00,10.87,10.88,10.87,10.88,5020
2026-09-24T10:31:00.000Z,2026-09-24T13:31:00,10.84,10.84,10.84,10.84,401000
2026-09-24T10:32:00.000Z,2026-09-24T13:32:00,10.84,10.88,10.81,10.88,56260
2026-09-24T10:33:00.000Z,2026-09-24T13:33:00,10.89,10.95,10.84,10.9,24236
2026-09-24T10:34:00.000Z,2026-09-24T13:34:00,10.9,11,10.9,10.9,87842
2026-09-24T10:35:00.000Z,2026-09-24T13:35:00,10.9,11.05,10.86,11.05,71078
2026-09-24T10:36:00.000Z,2026-09-24T13:36:00,10.9,10.9,10.9,10.9,238
2026-09-24T10:37:00.000Z,2026-09-24T13:37:00,10.88,10.9,10.8,10.8,43666
2026-09-24T10:38:00.000Z,2026-09-24T13:38:00,10.88,10.9,10.81,10.81,5357
2026-09-24T10:39:00.000Z,2026-09-24T13:39:00,10.88,10.88,10.86,10.86,208140
2026-09-24T10:41:00.000Z,2026-09-24T13:41:00,10.88,11,10.88,11,11186
2026-09-24T10:42:00.000Z,2026-09-24T13:42:00,11.04,11.04,10.9,11,50396
2026-09-24T10:43:00.000Z,2026-09-24T13:43:00,11,11,10.9,10.9,20150
2026-09-24T10:44:00.000Z,2026-09-24T13:44:00,10.87,11.03,10.82,11.03,9065
2026-09-24T10:45:00.000Z,2026-09-24T13:45:00,10.99,10.99,10.9,10.9,1367
2026-09-24T10:46:00.000Z,2026-09-24T13:46:00,10.9,10.9,10.85,10.85,3426
2026-09-24T10:47:00.000Z,2026-09-24T13:47:00,10.98,10.98,10.85,10.85,3655
2026-09-24T10:50:00.000Z,2026-09-24T13:50:00,10.98,11,10.88,11,34026
2026-09-24T10:52:00.000Z,2026-09-24T13:52:00,10.97,10.98,10.97,10.98,1000
2026-09-24T10:53:00.000Z,2026-09-24T13:53:00,10.97,10.97,10.97,10.97,3487
2026-09-24T10:54:00.000Z,2026-09-24T13:54:00,10.91,10.91,10.9,10.9,5000
2026-09-24T10:55:00.000Z,2026-09-24T13:55:00,10.91,10.96,10.89,10.89,8947
2026-09-24T10:56:00.000Z,2026-09-24T13:56:00,10.9,10.9,10.9,10.9,4876
2026-09-24T10:57:00.000Z,2026-09-24T13:57:00,10.89,10.95,10.89,10.95,23590
2026-09-24T10:58:00.000Z,2026-09-24T13:58:00,10.9,10.95,10.89,10.89,5010
2026-09-24T10:59:00.000Z,2026-09-24T13:59:00,10.91,10.91,10.89,10.9,22156
2026-09-24T11:00:00.000Z,2026-09-24T14:00:00,10.89,10.9,10.88,10.9,17644
2026-09-24T11:01:00.000Z,2026-09-24T14:01:00,10.88,10.9,10.88,10.88,18484
2026-09-24T11:02:00.000Z,2026-09-24T14:02:00,10.9,10.9,10.88,10.9,8623
2026-09-24T11:03:00.000Z,2026-09-24T14:03:00,10.9,10.95,10.9,10.95,42166
2026-09-24T11:04:00.000Z,2026-09-24T14:04:00,10.92,10.92,10.9,10.9,2800
2026-09-24T11:05:00.000Z,2026-09-24T14:05:00,10.92,10.95,10.92,10.95,9000
2026-09-24T11:06:00.000Z,2026-09-24T14:06:00,10.95,10.95,10.92,10.93,10708
2026-09-24T11:07:00.000Z,2026-09-24T14:07:00,10.92,10.92,10.9,10.9,2476
2026-09-24T11:08:00.000Z,2026-09-24T14:08:00,10.92,10.94,10.9,10.9,56999
2026-09-24T11:09:00.000Z,2026-09-24T14:09:00,10.91,10.93,10.9,10.93,36615
2026-09-24T11:10:00.000Z,2026-09-24T14:10:00,10.91,10.93,10.9,10.9,31367
2026-09-24T11:11:00.000Z,2026-09-24T14:11:00,10.89,10.9,10.89,10.9,34070
2026-09-24T11:12:00.000Z,2026-09-24T14:12:00,10.89,10.93,10.89,10.9,58342
2026-09-24T11:13:00.000Z,2026-09-24T14:13:00,10.9,10.93,10.88,10.93,46382
2026-09-24T11:14:00.000Z,2026-09-24T14:14:00,10.9,10.93,10.9,10.9,13551
2026-09-24T11:25:00.000Z,2026-09-24T14:25:00,10.9,10.9,10.9,10.9,258697
2026-09-24T11:26:00.000Z,2026-09-24T14:26:00,10.9,10.9,10.9,10.9,9000
2026-09-24T11:27:00.000Z,2026-09-24T14:27:00,10.9,10.9,10.9,10.9,50000
2026-09-24T11:28:00.000Z,2026-09-24T14:28:00,10.9,10.9,10.9,10.9,10000
