timestamp_utc,timestamp_cairo,open,high,low,close,volume
2026-08-30T07:44:00.000Z,2026-08-30T10:44:00,127.03,127.87,126.99,126.99,3418
2026-08-30T07:45:00.000Z,2026-08-30T10:45:00,126.99,127,126.85,126.85,1669
2026-08-30T07:46:00.000Z,2026-08-30T10:46:00,126.85,126.99,126.85,126.99,386
2026-08-30T07:47:00.000Z,2026-08-30T10:47:00,126.85,126.85,126.85,126.85,84
2026-08-30T07:48:00.000Z,2026-08-30T10:48:00,126.99,126.99,126.61,126.61,2093
2026-08-30T07:49:00.000Z,2026-08-30T10:49:00,126.81,126.99,126.6,126.99,435
2026-08-30T07:50:00.000Z,2026-08-30T10:50:00,126.99,126.99,126.5,126.99,962
2026-08-30T07:51:00.000Z,2026-08-30T10:51:00,126.6,126.6,126.5,126.5,329
2026-08-30T07:52:00.000Z,2026-08-30T10:52:00,126.5,126.99,126.5,126.5,802
2026-08-30T07:53:00.000Z,2026-08-30T10:53:00,126.99,126.99,126.99,126.99,110
2026-08-30T07:54:00.000Z,2026-08-30T10:54:00,126.99,126.99,126.5,126.99,584
2026-08-30T07:55:00.000Z,2026-08-30T10:55:00,126.99,126.99,126.5,126.99,172
2026-08-30T07:56:00.000Z,2026-08-30T10:56:00,126.51,126.99,126.51,126.99,188
2026-08-30T07:57:00.000Z,2026-08-30T10:57:00,126.99,126.99,126.99,126.99,83
2026-08-30T07:58:00.000Z,2026-08-30T10:58:00,126.99,126.99,126.99,126.99,58
2026-08-30T07:59:00.000Z,2026-08-30T10:59:00,126.81,126.99,126.81,126.99,1115
2026-08-30T08:00:00.000Z,2026-08-30T11:00:00,126.99,127,126.81,127,98
2026-08-30T08:01:00.000Z,2026-08-30T11:01:00,126.9,127,126.51,127,1128
2026-08-30T08:02:00.000Z,2026-08-30T11:02:00,126.51,127,126.51,127,192
2026-08-30T08:03:00.000Z,2026-08-30T11:03:00,126.51,127,126.51,127,324
2026-08-30T08:04:00.000Z,2026-08-30T11:04:00,126.52,127,126.52,126.6,104
2026-08-30T08:05:00.000Z,2026-08-30T11:05:00,127,127,127,127,9
2026-08-30T08:06:00.000Z,2026-08-30T11:06:00,126.99,127,126.52,126.52,1372
2026-08-30T08:07:00.000Z,2026-08-30T11:07:00,127,127,126.53,126.57,768
2026-08-30T08:08:00.000Z,2026-08-30T11:08:00,127,127,126.99,127,198
2026-08-30T08:09:00.000Z,2026-08-30T11:09:00,126.57,127,126.51,126.51,3195
2026-08-30T08:10:00.000Z,2026-08-30T11:10:00,126.51,127,126.51,127,147
2026-08-30T08:11:00.000Z,2026-08-30T11:11:00,127,127,126.54,126.8,471
2026-08-30T08:12:00.000Z,2026-08-30T11:12:00,126.8,126.8,126.5,126.5,1163
2026-08-30T08:13:00.000Z,2026-08-30T11:13:00,126.8,126.8,126.51,126.51,92
2026-08-30T08:14:00.000Z,2026-08-30T11:14:00,126.79,126.79,126.5,126.5,2182
2026-08-30T08:15:00.000Z,2026-08-30T11:15:00,126.79,126.79,126.79,126.79,4
2026-08-30T08:16:00.000Z,2026-08-30T11:16:00,126.79,126.8,126.79,126.8,215
2026-08-30T08:17:00.000Z,2026-08-30T11:17:00,126.75,126.75,124,125.5,13859
2026-08-30T08:18:00.000Z,2026-08-30T11:18:00,125.5,125.5,124.61,125.5,521
2026-08-30T08:19:00.000Z,2026-08-30T11:19:00,124.61,125,124.61,125,28
2026-08-30T08:20:00.000Z,2026-08-30T11:20:00,125.49,125.5,125,125.5,139
2026-08-30T08:21:00.000Z,2026-08-30T11:21:00,125.5,125.5,125.3,125.5,834
2026-08-30T08:22:00.000Z,2026-08-30T11:22:00,125.5,125.58,125.1,125.58,811
2026-08-30T08:23:00.000Z,2026-08-30T11:23:00,125.58,125.58,124,124,15993
2026-08-30T08:24:00.000Z,2026-08-30T11:24:00,124,124,122.2,122.87,5873
2026-08-30T08:25:00.000Z,2026-08-30T11:25:00,122.87,124,122.87,124,53358
2026-08-30T08:26:00.000Z,2026-08-30T11:26:00,125,125,124,124.99,948
2026-08-30T08:27:00.000Z,2026-08-30T11:27:00,124.2,125,124.2,125,4128
2026-08-30T08:28:00.000Z,2026-08-30T11:28:00,125.5,126,125.5,126,379
2026-08-30T08:29:00.000Z,2026-08-30T11:29:00,126,126,125.2,125.99,1023
2026-08-30T08:30:00.000Z,2026-08-30T11:30:00,125.99,125.99,125.2,125.99,862
2026-08-30T08:31:00.000Z,2026-08-30T11:31:00,125.99,126,125.99,125.99,3182
2026-08-30T08:32:00.000Z,2026-08-30T11:32:00,125.99,126.4,125.99,126.4,2019
2026-08-30T08:34:00.000Z,2026-08-30T11:34:00,126,126.4,126,126,382
2026-08-30T08:35:00.000Z,2026-08-30T11:35:00,126.39,126.4,126.39,126.4,80
2026-08-30T08:36:00.000Z,2026-08-30T11:36:00,126.38,126.38,126.01,126.01,113
2026-08-30T08:37:00.000Z,2026-08-30T11:37:00,126.38,126.4,126,126.4,391
2026-08-30T08:38:00.000Z,2026-08-30T11:38:00,126.1,126.4,126.1,126.1,87
2026-08-30T08:39:00.000Z,2026-08-30T11:39:00,126.4,126.4,126.1,126.4,260
2026-08-30T08:40:00.000Z,2026-08-30T11:40:00,126.1,126.4,126.1,126.4,540
2026-08-30T08:41:00.000Z,2026-08-30T11:41:00,126.1,126.4,126,126,1211
2026-08-30T08:42:00.000Z,2026-08-30T11:42:00,126.39,126.39,126.2,126.2,21
2026-08-30T08:43:00.000Z,2026-08-30T11:43:00,126.2,126.36,126.2,126.2,116
2026-08-30T08:44:00.000Z,2026-08-30T11:44:00,126.36,126.36,125.02,126.36,1716
2026-08-30T08:45:00.000Z,2026-08-30T11:45:00,126.36,126.36,126.36,126.36,10
2026-08-30T08:46:00.000Z,2026-08-30T11:46:00,126.34,126.34,126.34,126.34,200
2026-08-30T08:47:00.000Z,2026-08-30T11:47:00,126.3,126.3,125.05,126.3,689
2026-08-30T08:48:00.000Z,2026-08-30T11:48:00,126.3,126.3,126.28,126.28,135
2026-08-30T08:49:00.000Z,2026-08-30T11:49:00,126,126.28,126,126.28,199
2026-08-30T08:50:00.000Z,2026-08-30T11:50:00,126.28,126.28,126.28,126.28,28
2026-08-30T08:51:00.000Z,2026-08-30T11:51:00,126.25,126.25,125.99,126,370
2026-08-30T08:52:00.000Z,2026-08-30T11:52:00,126,126,125.7,125.7,287
2026-08-30T08:53:00.000Z,2026-08-30T11:53:00,126,126,125.99,125.99,650
2026-08-30T08:54:00.000Z,2026-08-30T11:54:00,125.99,126,125.5,126,1750
2026-08-30T08:55:00.000Z,2026-08-30T11:55:00,125.5,126,125.1,126,573
2026-08-30T08:56:00.000Z,2026-08-30T11:56:00,125.9,125.9,125.9,125.9,37
2026-08-30T08:57:00.000Z,2026-08-30T11:57:00,125.9,125.9,125.9,125.9,1
2026-08-30T08:58:00.000Z,2026-08-30T11:58:00,125.9,125.9,125.5,125.5,13
2026-08-30T08:59:00.000Z,2026-08-30T11:59:00,125.9,126,125.51,126,189
2026-08-30T09:00:00.000Z,2026-08-30T12:00:00,125.75,125.75,125.75,125.75,10
2026-08-30T09:01:00.000Z,2026-08-30T12:01:00,126,126,126,126,28
2026-08-30T09:02:00.000Z,2026-08-30T12:02:00,126,126,126,126,111
2026-08-30T09:03:00.000Z,2026-08-30T12:03:00,126,126.27,126,126.27,86
2026-08-30T09:04:00.000Z,2026-08-30T12:04:00,126.27,126.3,125.5,126.25,1618
2026-08-30T09:05:00.000Z,2026-08-30T12:05:00,126.25,126.25,126.25,126.25,15
2026-08-30T09:06:00.000Z,2026-08-30T12:06:00,126.25,126.25,126.25,126.25,98
2026-08-30T09:07:00.000Z,2026-08-30T12:07:00,126.25,126.25,125.5,125.5,215
2026-08-30T09:08:00.000Z,2026-08-30T12:08:00,126.25,126.25,126.24,126.24,40
2026-08-30T09:09:00.000Z,2026-08-30T12:09:00,126.24,126.24,126.2,126.2,148
2026-08-30T09:10:00.000Z,2026-08-30T12:10:00,125.75,126.2,125.75,126.2,189
2026-08-30T09:11:00.000Z,2026-08-30T12:11:00,126.1,126.1,125.75,126.1,25
2026-08-30T09:12:00.000Z,2026-08-30T12:12:00,125.51,126,125.51,126,55
2026-08-30T09:13:00.000Z,2026-08-30T12:13:00,125.9,125.9,125.9,125.9,20
2026-08-30T09:14:00.000Z,2026-08-30T12:14:00,125.9,125.99,125.51,125.99,227
2026-08-30T09:15:00.000Z,2026-08-30T12:15:00,125.99,125.99,125.8,125.8,39
2026-08-30T09:16:00.000Z,2026-08-30T12:16:00,125.95,125.95,125.8,125.8,51
2026-08-30T09:17:00.000Z,2026-08-30T12:17:00,125.8,125.8,125.8,125.8,9
2026-08-30T09:18:00.000Z,2026-08-30T12:18:00,125.8,125.8,125.51,125.8,1176
2026-08-30T09:19:00.000Z,2026-08-30T12:19:00,125.8,126.1,125.8,126.1,222
2026-08-30T09:20:00.000Z,2026-08-30T12:20:00,126.1,126.1,126,126.1,327
2026-08-30T09:21:00.000Z,2026-08-30T12:21:00,126.1,126.1,126.1,126.1,210
2026-08-30T09:22:00.000Z,2026-08-30T12:22:00,126.1,126.2,126.1,126.2,302
2026-08-30T09:23:00.000Z,2026-08-30T12:23:00,125.6,126.2,125.6,126.2,210
2026-08-30T09:24:00.000Z,2026-08-30T12:24:00,125.62,126.2,125.62,126.2,210
2026-08-30T09:25:00.000Z,2026-08-30T12:25:00,126.2,126.2,126.2,126.2,3
2026-08-30T09:26:00.000Z,2026-08-30T12:26:00,126.2,126.2,126,126,253
2026-08-30T09:27:00.000Z,2026-08-30T12:27:00,126,126,126,126,100
2026-08-30T09:28:00.000Z,2026-08-30T12:28:00,126,126.2,126,126.2,43
2026-08-30T09:29:00.000Z,2026-08-30T12:29:00,126,126.2,126,126.2,57
2026-08-30T09:30:00.000Z,2026-08-30T12:30:00,126.2,126.2,126,126.2,60
2026-08-30T09:31:00.000Z,2026-08-30T12:31:00,126,126.2,126,126.2,1010
2026-08-30T09:32:00.000Z,2026-08-30T12:32:00,126,126.2,126,126.2,509
2026-08-30T09:33:00.000Z,2026-08-30T12:33:00,126.24,126.25,126.2,126.25,141
2026-08-30T09:34:00.000Z,2026-08-30T12:34:00,126.2,126.25,126.2,126.25,5
2026-08-30T09:35:00.000Z,2026-08-30T12:35:00,126.25,126.3,126.2,126.3,251
2026-08-30T09:36:00.000Z,2026-08-30T12:36:00,126.3,126.5,126.3,126.5,2017
2026-08-30T09:37:00.000Z,2026-08-30T12:37:00,126.5,127,126.5,127,7524
2026-08-30T09:38:00.000Z,2026-08-30T12:38:00,127,127,127,127,130
2026-08-30T09:39:00.000Z,2026-08-30T12:39:00,127,127,127,127,1475
2026-08-30T09:40:00.000Z,2026-08-30T12:40:00,126.99,126.99,126.99,126.99,154
2026-08-30T09:41:00.000Z,2026-08-30T12:41:00,126.98,126.98,126.93,126.93,3054
2026-08-30T09:42:00.000Z,2026-08-30T12:42:00,126.6,126.96,126.6,126.96,10
2026-08-30T09:43:00.000Z,2026-08-30T12:43:00,126.9,126.9,126.51,126.85,78
2026-08-30T09:44:00.000Z,2026-08-30T12:44:00,126.85,126.9,126.51,126.51,101
2026-08-30T09:45:00.000Z,2026-08-30T12:45:00,126.9,126.9,126.52,126.52,30
2026-08-30T09:46:00.000Z,2026-08-30T12:46:00,126.9,126.9,126.52,126.52,22
2026-08-30T09:47:00.000Z,2026-08-30T12:47:00,126.9,126.9,126.9,126.9,257
2026-08-30T09:48:00.000Z,2026-08-30T12:48:00,126.52,126.9,126.51,126.9,84
2026-08-30T09:49:00.000Z,2026-08-30T12:49:00,126.9,126.9,126.5,126.9,410
2026-08-30T09:50:00.000Z,2026-08-30T12:50:00,126.96,127,126.9,127,11049
2026-08-30T09:51:00.000Z,2026-08-30T12:51:00,127,127,127,127,69
2026-08-30T09:52:00.000Z,2026-08-30T12:52:00,126.99,126.99,126.99,126.99,80
2026-08-30T09:53:00.000Z,2026-08-30T12:53:00,126.99,127,126.5,126.5,407
2026-08-30T09:54:00.000Z,2026-08-30T12:54:00,126.99,127,126.5,126.5,5412
2026-08-30T09:55:00.000Z,2026-08-30T12:55:00,126.5,126.5,126.31,126.31,173
2026-08-30T09:56:00.000Z,2026-08-30T12:56:00,126.94,126.94,126.31,126.31,1584
2026-08-30T09:57:00.000Z,2026-08-30T12:57:00,126.94,126.94,126.31,126.94,304
2026-08-30T09:58:00.000Z,2026-08-30T12:58:00,126.32,126.94,126.32,126.9,363
2026-08-30T09:59:00.000Z,2026-08-30T12:59:00,126.32,126.8,126.32,126.8,133
2026-08-30T10:00:00.000Z,2026-08-30T13:00:00,126.8,126.8,126.31,126.5,28
2026-08-30T10:01:00.000Z,2026-08-30T13:01:00,126.8,126.89,126.79,126.89,432
2026-08-30T10:02:00.000Z,2026-08-30T13:02:00,126.89,126.89,126.89,126.89,10
2026-08-30T10:03:00.000Z,2026-08-30T13:03:00,126.89,126.89,126.7,126.7,202
2026-08-30T10:04:00.000Z,2026-08-30T13:04:00,126.5,126.5,126.3,126.3,907
2026-08-30T10:05:00.000Z,2026-08-30T13:05:00,126.25,126.25,126,126.25,257
2026-08-30T10:06:00.000Z,2026-08-30T13:06:00,126,126.25,125.51,126.25,1759
2026-08-30T10:07:00.000Z,2026-08-30T13:07:00,126.25,126.25,126.24,126.24,25
2026-08-30T10:08:00.000Z,2026-08-30T13:08:00,126.24,126.24,126,126,242
2026-08-30T10:09:00.000Z,2026-08-30T13:09:00,126.23,126.23,126,126,19
2026-08-30T10:10:00.000Z,2026-08-30T13:10:00,126,126,126,126,42
2026-08-30T10:11:00.000Z,2026-08-30T13:11:00,126,126,125.52,126,152
2026-08-30T10:12:00.000Z,2026-08-30T13:12:00,126,126,125.51,126,1504
2026-08-30T10:14:00.000Z,2026-08-30T13:14:00,126,126,126,126,761
2026-08-30T10:15:00.000Z,2026-08-30T13:15:00,125.53,126,125.53,125.53,118
2026-08-30T10:16:00.000Z,2026-08-30T13:16:00,125.99,125.99,125.99,125.99,25
2026-08-30T10:17:00.000Z,2026-08-30T13:17:00,125.55,125.99,125.55,125.99,202
2026-08-30T10:18:00.000Z,2026-08-30T13:18:00,125.99,125.99,125.99,125.99,960
2026-08-30T10:19:00.000Z,2026-08-30T13:19:00,125.99,126,125.99,126,985
2026-08-30T10:20:00.000Z,2026-08-30T13:20:00,125.99,126,125.99,125.99,724
2026-08-30T10:21:00.000Z,2026-08-30T13:21:00,126,126,125.99,126,310
2026-08-30T10:22:00.000Z,2026-08-30T13:22:00,126,126,125.6,126,1132
2026-08-30T10:23:00.000Z,2026-08-30T13:23:00,126,126,126,126,63
2026-08-30T10:24:00.000Z,2026-08-30T13:24:00,126,126,126,126,78
2026-08-30T10:26:00.000Z,2026-08-30T13:26:00,126,126,125.65,126,271
2026-08-30T10:27:00.000Z,2026-08-30T13:27:00,126,126.25,126,126,59
2026-08-30T10:28:00.000Z,2026-08-30T13:28:00,125.65,125.65,125.65,125.65,7
2026-08-30T10:29:00.000Z,2026-08-30T13:29:00,125.65,125.65,125.5,125.5,4385
2026-08-30T10:31:00.000Z,2026-08-30T13:31:00,125.5,125.5,125.5,125.5,73
2026-08-30T10:32:00.000Z,2026-08-30T13:32:00,125.5,125.5,125.5,125.5,407
2026-08-30T10:33:00.000Z,2026-08-30T13:33:00,125.3,126,125.3,126,8141
2026-08-30T10:34:00.000Z,2026-08-30T13:34:00,126.25,126.25,126,126.25,1058
2026-08-30T10:36:00.000Z,2026-08-30T13:36:00,126.24,126.24,126.24,126.24,10
2026-08-30T10:37:00.000Z,2026-08-30T13:37:00,125.5,125.6,125.4,125.6,22
2026-08-30T10:38:00.000Z,2026-08-30T13:38:00,126.24,126.24,126.23,126.23,24
2026-08-30T10:39:00.000Z,2026-08-30T13:39:00,126,126,126,126,401
2026-08-30T10:40:00.000Z,2026-08-30T13:40:00,126,126.23,126,126,4038
2026-08-30T10:41:00.000Z,2026-08-30T13:41:00,126,126,126,126,7
2026-08-30T10:42:00.000Z,2026-08-30T13:42:00,126,126.2,125.61,126.2,1096
2026-08-30T10:43:00.000Z,2026-08-30T13:43:00,126.2,126.2,126.2,126.2,20
2026-08-30T10:45:00.000Z,2026-08-30T13:45:00,126,126.2,126,126.2,1788
2026-08-30T10:46:00.000Z,2026-08-30T13:46:00,126,126.2,126,126.2,2011
2026-08-30T10:47:00.000Z,2026-08-30T13:47:00,126,126.2,126,126.2,3100
2026-08-30T10:48:00.000Z,2026-08-30T13:48:00,126,126,125.7,125.7,4494
2026-08-30T10:49:00.000Z,2026-08-30T13:49:00,125.65,126,125.61,126,5472
2026-08-30T10:50:00.000Z,2026-08-30T13:50:00,126.2,126.2,126.2,126.2,3
2026-08-30T10:51:00.000Z,2026-08-30T13:51:00,126,126.19,125.61,126.19,600
2026-08-30T10:52:00.000Z,2026-08-30T13:52:00,126,126,126,126,16
2026-08-30T10:53:00.000Z,2026-08-30T13:53:00,126,126,125.51,125.51,119
2026-08-30T10:54:00.000Z,2026-08-30T13:54:00,125.51,126.2,125.5,126,28064
2026-08-30T10:55:00.000Z,2026-08-30T13:55:00,126,126,126,126,100
2026-08-30T10:56:00.000Z,2026-08-30T13:56:00,126,126,125.31,126,1041
2026-08-30T10:57:00.000Z,2026-08-30T13:57:00,126,126,125.5,126,18516
2026-08-30T10:58:00.000Z,2026-08-30T13:58:00,126,126,126,126,1131
2026-08-30T10:59:00.000Z,2026-08-30T13:59:00,126,126.19,125.5,125.5,1165
2026-08-30T11:00:00.000Z,2026-08-30T14:00:00,126,126.19,125.5,126.19,5390
2026-08-30T11:01:00.000Z,2026-08-30T14:01:00,126.19,126.19,126,126,537
2026-08-30T11:02:00.000Z,2026-08-30T14:02:00,126,126,125.51,125.51,2686
2026-08-30T11:03:00.000Z,2026-08-30T14:03:00,126,126,126,126,3000
2026-08-30T11:04:00.000Z,2026-08-30T14:04:00,126,126,125.52,125.52,1256
2026-08-30T11:05:00.000Z,2026-08-30T14:05:00,126,126,126,126,2104
2026-08-30T11:06:00.000Z,2026-08-30T14:06:00,126,126,126,126,2791
2026-08-30T11:07:00.000Z,2026-08-30T14:07:00,126.19,126.19,126,126,164
2026-08-30T11:08:00.000Z,2026-08-30T14:08:00,126.19,126.19,126.19,126.19,5
2026-08-30T11:09:00.000Z,2026-08-30T14:09:00,126.18,126.19,126.18,126.19,64
2026-08-30T11:10:00.000Z,2026-08-30T14:10:00,126.18,126.3,126.18,126.3,334
2026-08-30T11:11:00.000Z,2026-08-30T14:11:00,126.3,126.3,126,126,1707
2026-08-30T11:12:00.000Z,2026-08-30T14:12:00,126.2,126.2,126.2,126.2,85
2026-08-30T11:13:00.000Z,2026-08-30T14:13:00,126,126.15,126,126,50
2026-08-30T11:14:00.000Z,2026-08-30T14:14:00,126,126,125.9,126,483
2026-08-30T11:25:00.000Z,2026-08-30T14:25:00,126.13,126.13,126.13,126.13,1650
2026-08-30T11:26:00.000Z,2026-08-30T14:26:00,126.13,126.13,126.13,126.13,221
2026-08-30T11:27:00.000Z,2026-08-30T14:27:00,126.13,126.13,126.13,126.13,675
2026-08-31T07:00:00.000Z,2026-08-31T10:00:00,126.2,126.9,126.2,126.9,450
2026-08-31T07:01:00.000Z,2026-08-31T10:01:00,126.9,126.9,126.9,126.9,209
2026-08-31T07:02:00.000Z,2026-08-31T10:02:00,126.9,126.9,126.9,126.9,500
2026-08-31T07:03:00.000Z,2026-08-31T10:03:00,126.86,126.86,126.2,126.3,2577
2026-08-31T07:04:00.000Z,2026-08-31T10:04:00,126.3,126.88,126.3,126.87,511
2026-08-31T07:05:00.000Z,2026-08-31T10:05:00,126.87,126.87,126.4,126.4,10
2026-08-31T07:06:00.000Z,2026-08-31T10:06:00,126.8,126.8,126.39,126.39,304
2026-08-31T07:07:00.000Z,2026-08-31T10:07:00,126.39,126.39,126.2,126.2,142
2026-08-31T07:08:00.000Z,2026-08-31T10:08:00,126.2,126.2,126.13,126.13,151
2026-08-31T07:09:00.000Z,2026-08-31T10:09:00,126.13,126.14,126,126,1143
2026-08-31T07:10:00.000Z,2026-08-31T10:10:00,125.99,125.99,125.99,125.99,7
2026-08-31T07:11:00.000Z,2026-08-31T10:11:00,125.99,125.99,125.99,125.99,65
2026-08-31T07:12:00.000Z,2026-08-31T10:12:00,125.8,125.99,124.5,125,3918
2026-08-31T07:13:00.000Z,2026-08-31T10:13:00,125.99,125.99,124.55,125.99,107
2026-08-31T07:14:00.000Z,2026-08-31T10:14:00,125.1,125.94,125,125.94,654
2026-08-31T07:15:00.000Z,2026-08-31T10:15:00,125.02,125.87,125.01,125.87,459
2026-08-31T07:16:00.000Z,2026-08-31T10:16:00,125.87,125.87,125,125,1570
2026-08-31T07:17:00.000Z,2026-08-31T10:17:00,125.02,125.8,125.02,125.8,411
2026-08-31T07:18:00.000Z,2026-08-31T10:18:00,125.8,126,125.8,126,5902
2026-08-31T07:19:00.000Z,2026-08-31T10:19:00,126.79,126.79,126,126,143
2026-08-31T07:20:00.000Z,2026-08-31T10:20:00,126,126.77,125.01,126.76,2614
2026-08-31T07:21:00.000Z,2026-08-31T10:21:00,126.5,126.5,125.15,126.2,489
2026-08-31T07:22:00.000Z,2026-08-31T10:22:00,126.2,126.2,126,126,40
2026-08-31T07:23:00.000Z,2026-08-31T10:23:00,126,126,125.01,125.01,956
2026-08-31T07:24:00.000Z,2026-08-31T10:24:00,126,126,125.99,126,679
2026-08-31T07:25:00.000Z,2026-08-31T10:25:00,126,126,126,126,201
2026-08-31T07:26:00.000Z,2026-08-31T10:26:00,126,126,125.35,126,704
2026-08-31T07:27:00.000Z,2026-08-31T10:27:00,126,126,125.12,125.95,67
2026-08-31T07:28:00.000Z,2026-08-31T10:28:00,125.12,126,125.11,126,823
2026-08-31T07:29:00.000Z,2026-08-31T10:29:00,125.99,126,125.99,126,5007
2026-08-31T07:30:00.000Z,2026-08-31T10:30:00,125.99,125.99,125.14,125.99,255
2026-08-31T07:31:00.000Z,2026-08-31T10:31:00,125.99,125.99,125.96,125.97,559
2026-08-31T07:32:00.000Z,2026-08-31T10:32:00,125.15,125.97,125.14,125.14,191
2026-08-31T07:33:00.000Z,2026-08-31T10:33:00,125.97,125.97,125.14,125.97,331
2026-08-31T07:34:00.000Z,2026-08-31T10:34:00,125.97,125.97,125.14,125.14,870
2026-08-31T07:35:00.000Z,2026-08-31T10:35:00,125.15,125.96,125.15,125.95,273
2026-08-31T07:36:00.000Z,2026-08-31T10:36:00,125.9,125.9,125.9,125.9,80
2026-08-31T07:37:00.000Z,2026-08-31T10:37:00,125.5,125.8,125.5,125.8,516
2026-08-31T07:38:00.000Z,2026-08-31T10:38:00,125.5,125.77,125.5,125.75,352
2026-08-31T07:39:00.000Z,2026-08-31T10:39:00,125.5,125.75,125.14,125.14,464
2026-08-31T07:40:00.000Z,2026-08-31T10:40:00,125.14,125.95,125.14,125.94,2329
2026-08-31T07:41:00.000Z,2026-08-31T10:41:00,125.94,125.94,125.16,125.17,40
2026-08-31T07:42:00.000Z,2026-08-31T10:42:00,125.94,125.94,125.17,125.94,277
2026-08-31T07:43:00.000Z,2026-08-31T10:43:00,125.89,125.89,125.17,125.89,298
2026-08-31T07:44:00.000Z,2026-08-31T10:44:00,125.89,125.9,125.86,125.9,2033
2026-08-31T07:45:00.000Z,2026-08-31T10:45:00,125.17,125.89,125.17,125.89,90
2026-08-31T07:46:00.000Z,2026-08-31T10:46:00,125.89,125.89,125.2,125.22,1495
2026-08-31T07:47:00.000Z,2026-08-31T10:47:00,125.23,125.88,125.22,125.86,549
2026-08-31T07:48:00.000Z,2026-08-31T10:48:00,125.5,125.86,125.5,125.86,67
2026-08-31T07:49:00.000Z,2026-08-31T10:49:00,125.86,125.86,125.86,125.86,7
2026-08-31T07:50:00.000Z,2026-08-31T10:50:00,125.84,125.84,125.24,125.24,456
2026-08-31T07:51:00.000Z,2026-08-31T10:51:00,125.24,125.24,125.23,125.23,64
2026-08-31T07:52:00.000Z,2026-08-31T10:52:00,125.25,125.82,125.25,125.82,465
2026-08-31T07:54:00.000Z,2026-08-31T10:54:00,125.76,125.76,125.76,125.76,4
2026-08-31T07:55:00.000Z,2026-08-31T10:55:00,125.5,125.5,125.23,125.23,828
2026-08-31T07:56:00.000Z,2026-08-31T10:56:00,125.76,125.76,125.76,125.76,167
2026-08-31T07:57:00.000Z,2026-08-31T10:57:00,125.74,125.75,125.25,125.75,726
2026-08-31T07:58:00.000Z,2026-08-31T10:58:00,125.69,125.69,125.25,125.25,305
2026-08-31T07:59:00.000Z,2026-08-31T10:59:00,125.69,125.69,125.25,125.59,81
2026-08-31T08:00:00.000Z,2026-08-31T11:00:00,125.59,125.59,125.59,125.59,3
2026-08-31T08:01:00.000Z,2026-08-31T11:01:00,125.42,125.43,125.38,125.38,230
2026-08-31T08:02:00.000Z,2026-08-31T11:02:00,125.31,125.75,125.26,125.75,4220
2026-08-31T08:03:00.000Z,2026-08-31T11:03:00,125.75,125.75,125.7,125.7,106
2026-08-31T08:06:00.000Z,2026-08-31T11:06:00,125.66,125.66,125.65,125.65,79
2026-08-31T08:07:00.000Z,2026-08-31T11:07:00,125.64,125.64,125.14,125.14,1046
2026-08-31T08:08:00.000Z,2026-08-31T11:08:00,125.5,125.59,125.13,125.59,266
2026-08-31T08:09:00.000Z,2026-08-31T11:09:00,125.13,125.59,125.13,125.57,48
2026-08-31T08:10:00.000Z,2026-08-31T11:10:00,125.15,125.49,125.15,125.39,67
2026-08-31T08:11:00.000Z,2026-08-31T11:11:00,125.39,125.39,125.04,125.04,2102
2026-08-31T08:12:00.000Z,2026-08-31T11:12:00,125.04,125.25,124.8,125.25,2115
2026-08-31T08:13:00.000Z,2026-08-31T11:13:00,124.8,125.19,124.52,125.19,455
2026-08-31T08:14:00.000Z,2026-08-31T11:14:00,125.19,125.19,124.5,124.5,386
2026-08-31T08:15:00.000Z,2026-08-31T11:15:00,124.51,125.14,124.51,125.14,85
2026-08-31T08:16:00.000Z,2026-08-31T11:16:00,125,125,125,125,992
2026-08-31T08:17:00.000Z,2026-08-31T11:17:00,125.14,125.14,125,125.14,29
2026-08-31T08:18:00.000Z,2026-08-31T11:18:00,125,125.14,125,125.14,46
2026-08-31T08:19:00.000Z,2026-08-31T11:19:00,125,125.14,125,125.14,190
2026-08-31T08:20:00.000Z,2026-08-31T11:20:00,125.1,125.3,125.1,125.3,560
2026-08-31T08:21:00.000Z,2026-08-31T11:21:00,125.21,125.21,125.21,125.21,2
2026-08-31T08:22:00.000Z,2026-08-31T11:22:00,125.21,125.49,125.2,125.49,1118
2026-08-31T08:23:00.000Z,2026-08-31T11:23:00,125.5,125.64,125.5,125.64,653
2026-08-31T08:24:00.000Z,2026-08-31T11:24:00,125.64,125.64,125.13,125.13,53
2026-08-31T08:25:00.000Z,2026-08-31T11:25:00,125.1,125.1,125.1,125.1,54
2026-08-31T08:26:00.000Z,2026-08-31T11:26:00,125.13,125.13,125,125,291
2026-08-31T08:28:00.000Z,2026-08-31T11:28:00,125.49,125.5,125.49,125.5,88
2026-08-31T08:29:00.000Z,2026-08-31T11:29:00,125.16,125.5,125.12,125.12,78
2026-08-31T08:31:00.000Z,2026-08-31T11:31:00,125.5,125.5,125.12,125.12,8
2026-08-31T08:32:00.000Z,2026-08-31T11:32:00,125.5,125.5,125.5,125.5,100
2026-08-31T08:33:00.000Z,2026-08-31T11:33:00,125.5,125.5,125.49,125.49,78
2026-08-31T08:34:00.000Z,2026-08-31T11:34:00,125.45,125.49,125.12,125.12,109
2026-08-31T08:35:00.000Z,2026-08-31T11:35:00,125.12,125.5,125.12,125.12,312
2026-08-31T08:36:00.000Z,2026-08-31T11:36:00,125.12,125.49,125,125.49,299
2026-08-31T08:37:00.000Z,2026-08-31T11:37:00,125.3,125.3,125.12,125.12,64
2026-08-31T08:38:00.000Z,2026-08-31T11:38:00,125.12,125.12,125.12,125.12,444
2026-08-31T08:39:00.000Z,2026-08-31T11:39:00,125.11,125.11,125,125,1210
2026-08-31T08:40:00.000Z,2026-08-31T11:40:00,125.29,125.29,125.29,125.29,7
2026-08-31T08:41:00.000Z,2026-08-31T11:41:00,125.2,125.2,125.2,125.2,135
2026-08-31T08:42:00.000Z,2026-08-31T11:42:00,125.29,125.29,125.29,125.29,155
2026-08-31T08:43:00.000Z,2026-08-31T11:43:00,125.29,125.29,125.29,125.29,800
2026-08-31T08:44:00.000Z,2026-08-31T11:44:00,125.29,125.29,125.29,125.29,3749
2026-08-31T08:45:00.000Z,2026-08-31T11:45:00,125.3,125.3,125.29,125.3,202
2026-08-31T08:46:00.000Z,2026-08-31T11:46:00,125.29,125.3,125.29,125.3,60
2026-08-31T08:47:00.000Z,2026-08-31T11:47:00,125.29,125.3,124.8,124.8,350
2026-08-31T08:48:00.000Z,2026-08-31T11:48:00,125.3,125.3,124.8,125.3,136
2026-08-31T08:49:00.000Z,2026-08-31T11:49:00,125.3,125.3,124.8,125.3,1152
2026-08-31T08:50:00.000Z,2026-08-31T11:50:00,124.8,124.8,124.8,124.8,31
2026-08-31T08:51:00.000Z,2026-08-31T11:51:00,124.8,125.29,124.8,125,126
2026-08-31T08:52:00.000Z,2026-08-31T11:52:00,125,125,124.9,124.9,21
2026-08-31T08:53:00.000Z,2026-08-31T11:53:00,124.9,125,124.9,125,1642
2026-08-31T08:54:00.000Z,2026-08-31T11:54:00,125,125,125,125,402
2026-08-31T08:55:00.000Z,2026-08-31T11:55:00,125,125.29,125,125.29,1835
2026-08-31T08:56:00.000Z,2026-08-31T11:56:00,125.25,125.25,125.01,125.01,16
2026-08-31T08:57:00.000Z,2026-08-31T11:57:00,125.01,125.01,124.99,124.99,6869
2026-08-31T08:58:00.000Z,2026-08-31T11:58:00,124.99,124.99,124.99,124.99,37
2026-08-31T08:59:00.000Z,2026-08-31T11:59:00,124.99,124.99,124.9,124.9,27
2026-08-31T09:00:00.000Z,2026-08-31T12:00:00,125,125,125,125,12
2026-08-31T09:01:00.000Z,2026-08-31T12:01:00,124.9,124.99,124.8,124.99,103
2026-08-31T09:02:00.000Z,2026-08-31T12:02:00,124.8,125,124.8,125,2679
2026-08-31T09:03:00.000Z,2026-08-31T12:03:00,124.81,124.81,124.81,124.81,253
2026-08-31T09:04:00.000Z,2026-08-31T12:04:00,124.81,124.81,124.8,124.8,510
2026-08-31T09:05:00.000Z,2026-08-31T12:05:00,124.85,124.85,124.85,124.85,7
2026-08-31T09:06:00.000Z,2026-08-31T12:06:00,124.8,124.8,124.8,124.8,252
2026-08-31T09:07:00.000Z,2026-08-31T12:07:00,124.6,124.8,124.6,124.6,56
2026-08-31T09:08:00.000Z,2026-08-31T12:08:00,124.8,124.8,124.8,124.8,202
2026-08-31T09:09:00.000Z,2026-08-31T12:09:00,124.75,124.99,124.75,124.99,295
2026-08-31T09:10:00.000Z,2026-08-31T12:10:00,124.99,124.99,124.99,124.99,92
2026-08-31T09:11:00.000Z,2026-08-31T12:11:00,124.99,124.99,124.99,124.99,63
2026-08-31T09:12:00.000Z,2026-08-31T12:12:00,124.99,125.25,124.99,125,7926
2026-08-31T09:13:00.000Z,2026-08-31T12:13:00,125,125.24,125,125,2396
2026-08-31T09:14:00.000Z,2026-08-31T12:14:00,125,125,125,125,7648
2026-08-31T09:15:00.000Z,2026-08-31T12:15:00,125,125,125,125,2000
2026-08-31T09:16:00.000Z,2026-08-31T12:16:00,125,125,124.83,124.83,4103
2026-08-31T09:17:00.000Z,2026-08-31T12:17:00,125,125,125,125,2410
2026-08-31T09:19:00.000Z,2026-08-31T12:19:00,124.9,125,124.86,125,9643
2026-08-31T09:20:00.000Z,2026-08-31T12:20:00,125,125.25,125,125.25,2482
2026-08-31T09:21:00.000Z,2026-08-31T12:21:00,125,125.25,125,125,59
2026-08-31T09:22:00.000Z,2026-08-31T12:22:00,125.25,125.29,125.25,125.29,1010
2026-08-31T09:23:00.000Z,2026-08-31T12:23:00,125.01,125.3,125.01,125.3,4008
2026-08-31T09:24:00.000Z,2026-08-31T12:24:00,125.3,125.49,125.3,125.49,476
2026-08-31T09:25:00.000Z,2026-08-31T12:25:00,125.3,125.49,125,125.49,4231
2026-08-31T09:28:00.000Z,2026-08-31T12:28:00,125.46,125.46,125,125,672
2026-08-31T09:29:00.000Z,2026-08-31T12:29:00,125,125,125,125,249
2026-08-31T09:30:00.000Z,2026-08-31T12:30:00,125.01,125.46,125,125.46,1812
2026-08-31T09:31:00.000Z,2026-08-31T12:31:00,125.46,125.46,125.46,125.46,108
2026-08-31T09:32:00.000Z,2026-08-31T12:32:00,125.01,125.01,125,125,1503
2026-08-31T09:33:00.000Z,2026-08-31T12:33:00,125,125,125,125,2000
2026-08-31T09:34:00.000Z,2026-08-31T12:34:00,125,125,125,125,663
2026-08-31T09:35:00.000Z,2026-08-31T12:35:00,125,125.3,125,125,1830
2026-08-31T09:36:00.000Z,2026-08-31T12:36:00,124.85,125,124.85,125,4101
2026-08-31T09:37:00.000Z,2026-08-31T12:37:00,125,125,124.82,125,147
2026-08-31T09:38:00.000Z,2026-08-31T12:38:00,125,125,125,125,113
2026-08-31T09:39:00.000Z,2026-08-31T12:39:00,124.82,124.99,124.7,124.99,152
2026-08-31T09:40:00.000Z,2026-08-31T12:40:00,124.99,124.99,124.99,124.99,101
2026-08-31T09:41:00.000Z,2026-08-31T12:41:00,124.99,124.99,124.99,124.99,41
2026-08-31T09:42:00.000Z,2026-08-31T12:42:00,124.95,124.95,124.95,124.95,30
2026-08-31T09:43:00.000Z,2026-08-31T12:43:00,124.95,124.95,124.6,124.6,301
2026-08-31T09:45:00.000Z,2026-08-31T12:45:00,124.95,124.95,124.95,124.95,1
2026-08-31T09:46:00.000Z,2026-08-31T12:46:00,124.6,124.6,124.6,124.6,10
2026-08-31T09:47:00.000Z,2026-08-31T12:47:00,124.95,124.98,124.95,124.98,501
2026-08-31T09:50:00.000Z,2026-08-31T12:50:00,124.7,124.95,124.7,124.95,17
2026-08-31T09:51:00.000Z,2026-08-31T12:51:00,124.7,124.7,124.6,124.6,283
2026-08-31T09:52:00.000Z,2026-08-31T12:52:00,124.61,124.97,124.6,124.95,150
2026-08-31T09:53:00.000Z,2026-08-31T12:53:00,124.9,124.9,124.9,124.9,10
2026-08-31T09:54:00.000Z,2026-08-31T12:54:00,124.9,124.9,124.9,124.9,364
2026-08-31T09:55:00.000Z,2026-08-31T12:55:00,124.9,124.9,124.65,124.65,320
2026-08-31T09:56:00.000Z,2026-08-31T12:56:00,124.9,124.9,124.65,124.65,125
2026-08-31T09:57:00.000Z,2026-08-31T12:57:00,124.65,125,124.65,125,120090
2026-08-31T09:58:00.000Z,2026-08-31T12:58:00,124.7,124.7,124.7,124.7,51
2026-08-31T09:59:00.000Z,2026-08-31T12:59:00,124.89,124.89,124.6,124.6,2276
2026-08-31T10:00:00.000Z,2026-08-31T13:00:00,124.9,124.9,124.7,124.7,204
2026-08-31T10:01:00.000Z,2026-08-31T13:01:00,124.9,124.9,124.9,124.9,216
2026-08-31T10:02:00.000Z,2026-08-31T13:02:00,124.9,124.95,124.7,124.94,893
2026-08-31T10:03:00.000Z,2026-08-31T13:03:00,124.9,124.94,124.9,124.94,39
2026-08-31T10:04:00.000Z,2026-08-31T13:04:00,124.94,124.94,124.71,124.94,48
2026-08-31T10:05:00.000Z,2026-08-31T13:05:00,124.93,124.94,124.93,124.94,140
2026-08-31T10:06:00.000Z,2026-08-31T13:06:00,124.9,124.9,124.71,124.9,316
2026-08-31T10:07:00.000Z,2026-08-31T13:07:00,124.9,124.9,124.7,124.89,252
2026-08-31T10:08:00.000Z,2026-08-31T13:08:00,124.7,124.7,124.6,124.7,1962
2026-08-31T10:09:00.000Z,2026-08-31T13:09:00,124.6,124.69,124.6,124.69,704
2026-08-31T10:10:00.000Z,2026-08-31T13:10:00,124.69,124.69,124.69,124.69,200
2026-08-31T10:11:00.000Z,2026-08-31T13:11:00,124.69,124.69,124.6,124.6,112
2026-08-31T10:12:00.000Z,2026-08-31T13:12:00,124.69,124.69,124.69,124.69,8
2026-08-31T10:13:00.000Z,2026-08-31T13:13:00,124.69,124.69,124.69,124.69,167
2026-08-31T10:14:00.000Z,2026-08-31T13:14:00,124.6,124.6,124.59,124.6,554
2026-08-31T10:15:00.000Z,2026-08-31T13:15:00,124.6,124.7,124.59,124.6,438
2026-08-31T10:16:00.000Z,2026-08-31T13:16:00,124.6,124.7,124.6,124.7,42
2026-08-31T10:17:00.000Z,2026-08-31T13:17:00,124.7,124.7,124.7,124.7,1482
2026-08-31T10:18:00.000Z,2026-08-31T13:18:00,124.6,124.68,124.6,124.68,203
2026-08-31T10:19:00.000Z,2026-08-31T13:19:00,124.6,124.68,124.6,124.68,110
2026-08-31T10:20:00.000Z,2026-08-31T13:20:00,124.68,124.68,124.34,124.34,10250
2026-08-31T10:21:00.000Z,2026-08-31T13:21:00,124.44,124.5,124,124,13655
2026-08-31T10:22:00.000Z,2026-08-31T13:22:00,124,124,123,123,20447
2026-08-31T10:23:00.000Z,2026-08-31T13:23:00,123,123.99,123,123,6845
2026-08-31T10:24:00.000Z,2026-08-31T13:24:00,123,123,123,123,5119
2026-08-31T10:25:00.000Z,2026-08-31T13:25:00,123,124,123,123,2087
2026-08-31T10:26:00.000Z,2026-08-31T13:26:00,123,123,122.5,122.5,3425
2026-08-31T10:27:00.000Z,2026-08-31T13:27:00,122.95,122.95,122.2,122.5,10231
2026-08-31T10:28:00.000Z,2026-08-31T13:28:00,122.95,123.98,122.95,123,2579
2026-08-31T10:29:00.000Z,2026-08-31T13:29:00,123,123,122.02,122.02,32480
2026-08-31T10:30:00.000Z,2026-08-31T13:30:00,123,123,122,122.99,3994
2026-08-31T10:31:00.000Z,2026-08-31T13:31:00,123,123,122.99,123,2376
2026-08-31T10:32:00.000Z,2026-08-31T13:32:00,123,123.98,123,123.98,545
2026-08-31T10:33:00.000Z,2026-08-31T13:33:00,123.95,123.95,123,123.8,330
2026-08-31T10:34:00.000Z,2026-08-31T13:34:00,123.78,123.99,123,123.99,1910
2026-08-31T10:35:00.000Z,2026-08-31T13:35:00,123.98,123.98,123,123.92,506
2026-08-31T10:36:00.000Z,2026-08-31T13:36:00,123.01,123.92,123.01,123.89,108
2026-08-31T10:37:00.000Z,2026-08-31T13:37:00,123.02,123.88,123.02,123.03,378
2026-08-31T10:38:00.000Z,2026-08-31T13:38:00,123.88,123.93,123.03,123.93,1646
2026-08-31T10:39:00.000Z,2026-08-31T13:39:00,123.89,123.89,123.21,123.5,45
2026-08-31T10:40:00.000Z,2026-08-31T13:40:00,123.86,123.86,123.21,123.5,513
2026-08-31T10:41:00.000Z,2026-08-31T13:41:00,123.5,123.5,123.49,123.49,12
2026-08-31T10:42:00.000Z,2026-08-31T13:42:00,123.21,123.84,123.21,123.22,934
2026-08-31T10:43:00.000Z,2026-08-31T13:43:00,123.84,123.84,123.84,123.84,93
2026-08-31T10:44:00.000Z,2026-08-31T13:44:00,123.82,123.84,123.8,123.8,148
2026-08-31T10:45:00.000Z,2026-08-31T13:45:00,123.5,123.8,123.21,123.8,79
2026-08-31T10:46:00.000Z,2026-08-31T13:46:00,123.25,123.79,123.25,123.79,560
2026-08-31T10:47:00.000Z,2026-08-31T13:47:00,123.79,123.79,123.78,123.78,129
2026-08-31T10:48:00.000Z,2026-08-31T13:48:00,123.77,124,123.5,123.5,1611
2026-08-31T10:49:00.000Z,2026-08-31T13:49:00,123.5,123.5,123.5,123.5,109
2026-08-31T10:50:00.000Z,2026-08-31T13:50:00,123.5,123.5,123.29,123.3,305
2026-08-31T10:51:00.000Z,2026-08-31T13:51:00,123.99,123.99,123.3,123.31,514
2026-08-31T10:52:00.000Z,2026-08-31T13:52:00,123.41,123.98,123.41,123.98,425
2026-08-31T10:53:00.000Z,2026-08-31T13:53:00,123.98,124.68,123.52,123.52,5352
2026-08-31T10:54:00.000Z,2026-08-31T13:54:00,124.68,124.8,123.51,123.51,3026
2026-08-31T10:55:00.000Z,2026-08-31T13:55:00,124,124,124,124,609
2026-08-31T10:56:00.000Z,2026-08-31T13:56:00,123.61,124,123.61,124,80
2026-08-31T10:57:00.000Z,2026-08-31T13:57:00,124,124,123.99,124,433
2026-08-31T10:58:00.000Z,2026-08-31T13:58:00,124,124.95,123.71,124.94,4442
2026-08-31T10:59:00.000Z,2026-08-31T13:59:00,124.87,124.88,124.87,124.88,82
2026-08-31T11:00:00.000Z,2026-08-31T14:00:00,124.01,124.75,124.01,124.75,70
2026-08-31T11:01:00.000Z,2026-08-31T14:01:00,124.07,124.75,124.07,124.75,12
2026-08-31T11:02:00.000Z,2026-08-31T14:02:00,124.07,124.73,124.07,124.73,22
2026-08-31T11:03:00.000Z,2026-08-31T14:03:00,124.7,124.7,124.07,124.7,622
2026-08-31T11:04:00.000Z,2026-08-31T14:04:00,124.08,124.69,124.07,124.45,714
2026-08-31T11:05:00.000Z,2026-08-31T14:05:00,124.45,124.95,124.45,124.95,2885
2026-08-31T11:07:00.000Z,2026-08-31T14:07:00,124.94,125.2,124.94,125.2,5336
2026-08-31T11:08:00.000Z,2026-08-31T14:08:00,124.22,125,124.2,124.21,1490
2026-08-31T11:09:00.000Z,2026-08-31T14:09:00,124.21,125.74,124.21,124.81,6790
2026-08-31T11:10:00.000Z,2026-08-31T14:10:00,125.49,125.91,125.49,125.74,5983
2026-08-31T11:11:00.000Z,2026-08-31T14:11:00,125.74,125.9,124.59,125.9,1294
2026-08-31T11:12:00.000Z,2026-08-31T14:12:00,124.61,125.89,124.61,125.89,2147
2026-08-31T11:13:00.000Z,2026-08-31T14:13:00,125.88,125.9,125.88,125.9,3584
2026-08-31T11:14:00.000Z,2026-08-31T14:14:00,125.8,125.97,125.8,125.97,2368
2026-08-31T11:25:00.000Z,2026-08-31T14:25:00,125.95,125.95,125.95,125.95,5512
2026-08-31T11:26:00.000Z,2026-08-31T14:26:00,125.95,125.95,125.95,125.95,116
2026-08-31T11:27:00.000Z,2026-08-31T14:27:00,125.95,125.95,125.95,125.95,3
2026-08-31T11:28:00.000Z,2026-08-31T14:28:00,125.95,125.95,125.95,125.95,4
2026-08-31T11:29:00.000Z,2026-08-31T14:29:00,125.95,125.95,125.95,125.95,58
2026-09-01T07:00:00.000Z,2026-09-01T10:00:00,125.99,125.99,125.89,125.98,1902
2026-09-01T07:01:00.000Z,2026-09-01T10:01:00,125.89,125.98,125.5,125.98,148
2026-09-01T07:02:00.000Z,2026-09-01T10:02:00,125.98,125.98,125.5,125.94,37
2026-09-01T07:03:00.000Z,2026-09-01T10:03:00,125.51,125.92,125.5,125.92,38
2026-09-01T07:04:00.000Z,2026-09-01T10:04:00,125.92,125.92,125.51,125.9,221
2026-09-01T07:05:00.000Z,2026-09-01T10:05:00,125.9,125.9,125.5,125.89,568
2026-09-01T07:06:00.000Z,2026-09-01T10:06:00,125.89,125.89,125.22,125.22,435
2026-09-01T07:07:00.000Z,2026-09-01T10:07:00,125.78,125.78,123.9,123.9,3231
2026-09-01T07:08:00.000Z,2026-09-01T10:08:00,125.12,125.12,123.91,124.99,43
2026-09-01T07:09:00.000Z,2026-09-01T10:09:00,125,125,124.19,124.2,241
2026-09-01T07:10:00.000Z,2026-09-01T10:10:00,124.7,124.7,124.7,124.7,10
2026-09-01T07:11:00.000Z,2026-09-01T10:11:00,124.51,125,124.51,124.55,236
2026-09-01T07:12:00.000Z,2026-09-01T10:12:00,125,125,124.57,124.57,135
2026-09-01T07:13:00.000Z,2026-09-01T10:13:00,125,125.85,125,125.84,1531
2026-09-01T07:14:00.000Z,2026-09-01T10:14:00,125.84,125.93,125.83,125.83,1852
2026-09-01T07:16:00.000Z,2026-09-01T10:16:00,125.8,125.8,124.82,124.82,235
2026-09-01T07:17:00.000Z,2026-09-01T10:17:00,125,125.8,124.82,125.8,474
2026-09-01T07:18:00.000Z,2026-09-01T10:18:00,124.9,125.8,124.9,125,594
2026-09-01T07:19:00.000Z,2026-09-01T10:19:00,125.8,125.8,125,125.78,149
2026-09-01T07:20:00.000Z,2026-09-01T10:20:00,125.78,125.78,125.78,125.78,16
2026-09-01T07:21:00.000Z,2026-09-01T10:21:00,125.78,125.78,125.75,125.75,19
2026-09-01T07:22:00.000Z,2026-09-01T10:22:00,125.03,125.77,125.03,125.77,676
2026-09-01T07:23:00.000Z,2026-09-01T10:23:00,125.76,125.8,125.76,125.8,1001
2026-09-01T07:24:00.000Z,2026-09-01T10:24:00,125.8,125.8,125.75,125.75,26
2026-09-01T07:25:00.000Z,2026-09-01T10:25:00,125.75,125.75,125.75,125.75,164
2026-09-01T07:26:00.000Z,2026-09-01T10:26:00,125.75,125.75,125.03,125.04,1868
2026-09-01T07:27:00.000Z,2026-09-01T10:27:00,125.75,125.75,125.75,125.75,80
2026-09-01T07:28:00.000Z,2026-09-01T10:28:00,125.75,125.75,125.75,125.75,5
2026-09-01T07:29:00.000Z,2026-09-01T10:29:00,125.75,125.75,125.03,125.75,391
2026-09-01T07:31:00.000Z,2026-09-01T10:31:00,125.75,125.75,125.74,125.75,96
2026-09-01T07:32:00.000Z,2026-09-01T10:32:00,125.75,125.75,125.74,125.74,22
2026-09-01T07:33:00.000Z,2026-09-01T10:33:00,125.75,125.75,125.75,125.75,273
2026-09-01T07:34:00.000Z,2026-09-01T10:34:00,125.25,125.75,125.25,125.75,204
2026-09-01T07:35:00.000Z,2026-09-01T10:35:00,125.75,125.75,125.25,125.25,177
2026-09-01T07:36:00.000Z,2026-09-01T10:36:00,125.75,125.75,125.25,125.75,229
2026-09-01T07:37:00.000Z,2026-09-01T10:37:00,125.75,125.8,125.75,125.8,544
2026-09-01T07:38:00.000Z,2026-09-01T10:38:00,125.8,125.8,125.2,125.8,459
2026-09-01T07:39:00.000Z,2026-09-01T10:39:00,125.2,125.22,125.2,125.22,22
2026-09-01T07:40:00.000Z,2026-09-01T10:40:00,125.7,125.7,125.7,125.7,71
2026-09-01T07:41:00.000Z,2026-09-01T10:41:00,125.25,125.7,125.25,125.7,51
2026-09-01T07:42:00.000Z,2026-09-01T10:42:00,125.3,125.4,125.3,125.4,61
2026-09-01T07:43:00.000Z,2026-09-01T10:43:00,125.3,125.4,125.3,125.4,36
2026-09-01T07:44:00.000Z,2026-09-01T10:44:00,125.3,125.7,125.26,125.7,121
2026-09-01T07:45:00.000Z,2026-09-01T10:45:00,125.7,125.7,125.26,125.7,17
2026-09-01T07:46:00.000Z,2026-09-01T10:46:00,125.7,125.7,125.7,125.7,12
2026-09-01T07:47:00.000Z,2026-09-01T10:47:00,125.5,125.5,125.25,125.25,292
2026-09-01T07:49:00.000Z,2026-09-01T10:49:00,125.5,125.5,125.25,125.5,448
2026-09-01T07:50:00.000Z,2026-09-01T10:50:00,125.5,125.5,125.5,125.5,378
2026-09-01T07:51:00.000Z,2026-09-01T10:51:00,125.5,125.5,125.31,125.31,110
2026-09-01T07:52:00.000Z,2026-09-01T10:52:00,125.5,125.75,125.2,125.75,2468
2026-09-01T07:53:00.000Z,2026-09-01T10:53:00,125.75,125.75,125.75,125.75,78
2026-09-01T07:54:00.000Z,2026-09-01T10:54:00,125.7,125.7,125.7,125.7,72
2026-09-01T07:55:00.000Z,2026-09-01T10:55:00,125.7,125.7,125.7,125.7,78
2026-09-01T07:56:00.000Z,2026-09-01T10:56:00,125.5,125.5,125.2,125.5,1060
2026-09-01T07:57:00.000Z,2026-09-01T10:57:00,125.5,125.7,123.01,123.01,17314
2026-09-01T07:58:00.000Z,2026-09-01T10:58:00,125.69,125.69,125.4,125.4,112
2026-09-01T07:59:00.000Z,2026-09-01T10:59:00,125.39,125.39,125.39,125.39,3
2026-09-01T08:00:00.000Z,2026-09-01T11:00:00,124,125.4,124,124.01,2253
2026-09-01T08:01:00.000Z,2026-09-01T11:01:00,125.39,125.4,124,125.4,1355
2026-09-01T08:02:00.000Z,2026-09-01T11:02:00,125.29,125.29,125.29,125.29,100
2026-09-01T08:04:00.000Z,2026-09-01T11:04:00,125.3,125.3,125.3,125.3,5
2026-09-01T08:05:00.000Z,2026-09-01T11:05:00,125.3,125.4,125.3,125.4,718
2026-09-01T08:06:00.000Z,2026-09-01T11:06:00,125.39,125.39,125.39,125.39,10
2026-09-01T08:07:00.000Z,2026-09-01T11:07:00,125.3,125.39,125,125.39,74
2026-09-01T08:08:00.000Z,2026-09-01T11:08:00,125,125.39,125,125,18
2026-09-01T08:09:00.000Z,2026-09-01T11:09:00,125.39,125.39,125,125,260
2026-09-01T08:10:00.000Z,2026-09-01T11:10:00,125,125,125,125,96
2026-09-01T08:11:00.000Z,2026-09-01T11:11:00,125,125,125,125,3
2026-09-01T08:12:00.000Z,2026-09-01T11:12:00,124.5,124.99,124.5,124.99,10
2026-09-01T08:13:00.000Z,2026-09-01T11:13:00,124.5,124.5,124.23,124.26,34
2026-09-01T08:14:00.000Z,2026-09-01T11:14:00,124.99,124.99,124.31,124.31,10
2026-09-01T08:15:00.000Z,2026-09-01T11:15:00,124.99,124.99,124.22,124.22,1541
2026-09-01T08:16:00.000Z,2026-09-01T11:16:00,124.99,124.99,124.23,124.23,181
2026-09-01T08:17:00.000Z,2026-09-01T11:17:00,124.23,124.23,124.23,124.23,8
2026-09-01T08:18:00.000Z,2026-09-01T11:18:00,124.99,125,124.23,124.23,95
2026-09-01T08:19:00.000Z,2026-09-01T11:19:00,125,125,125,125,30
2026-09-01T08:20:00.000Z,2026-09-01T11:20:00,125,125,124.23,125,119
2026-09-01T08:21:00.000Z,2026-09-01T11:21:00,125.38,125.38,125,125.35,125
2026-09-01T08:22:00.000Z,2026-09-01T11:22:00,125.35,125.35,125.35,125.35,234
2026-09-01T08:23:00.000Z,2026-09-01T11:23:00,125.35,125.35,125,125.35,192
2026-09-01T08:24:00.000Z,2026-09-01T11:24:00,125.35,125.35,124.23,124.23,351
2026-09-01T08:25:00.000Z,2026-09-01T11:25:00,125.34,125.34,125.34,125.34,85
2026-09-01T08:27:00.000Z,2026-09-01T11:27:00,125.34,125.34,125.2,125.2,112
2026-09-01T08:28:00.000Z,2026-09-01T11:28:00,125.3,125.34,125.2,125.34,74
2026-09-01T08:29:00.000Z,2026-09-01T11:29:00,125.34,125.34,125.34,125.34,40
2026-09-01T08:30:00.000Z,2026-09-01T11:30:00,125.34,125.34,125.2,125.2,107
2026-09-01T08:31:00.000Z,2026-09-01T11:31:00,125.09,125.09,125.09,125.09,6
2026-09-01T08:32:00.000Z,2026-09-01T11:32:00,124.7,125.1,124.22,125.1,105
2026-09-01T08:33:00.000Z,2026-09-01T11:33:00,125.1,125.1,124.23,124.23,39
2026-09-01T08:34:00.000Z,2026-09-01T11:34:00,125.1,125.1,124.22,124.22,45
2026-09-01T08:35:00.000Z,2026-09-01T11:35:00,124.22,125.08,124.22,125.08,83
2026-09-01T08:36:00.000Z,2026-09-01T11:36:00,125.09,125.09,125.09,125.09,3
2026-09-01T08:37:00.000Z,2026-09-01T11:37:00,125.09,125.09,125.09,125.09,84
2026-09-01T08:38:00.000Z,2026-09-01T11:38:00,125.09,125.2,125.09,125.2,503
2026-09-01T08:39:00.000Z,2026-09-01T11:39:00,124.3,124.32,124.3,124.32,148
2026-09-01T08:40:00.000Z,2026-09-01T11:40:00,125.2,125.2,124.32,125.2,650
2026-09-01T08:41:00.000Z,2026-09-01T11:41:00,125.19,125.19,125.19,125.19,3
2026-09-01T08:42:00.000Z,2026-09-01T11:42:00,125.19,125.19,125.19,125.19,208
2026-09-01T08:43:00.000Z,2026-09-01T11:43:00,124.5,124.5,124.5,124.5,8
2026-09-01T08:44:00.000Z,2026-09-01T11:44:00,125.2,125.2,125,125,195
2026-09-01T08:45:00.000Z,2026-09-01T11:45:00,125.18,125.18,125.01,125.18,179
2026-09-01T08:46:00.000Z,2026-09-01T11:46:00,125,125.2,124.85,125.19,340
2026-09-01T08:47:00.000Z,2026-09-01T11:47:00,125,125.33,124.34,125.33,260
2026-09-01T08:48:00.000Z,2026-09-01T11:48:00,124.36,125.33,124.36,125.33,34
2026-09-01T08:49:00.000Z,2026-09-01T11:49:00,125.31,125.32,125.31,125.32,218
2026-09-01T08:50:00.000Z,2026-09-01T11:50:00,125.32,125.32,124.39,124.39,31
2026-09-01T08:51:00.000Z,2026-09-01T11:51:00,125.31,125.31,124.38,124.38,1206
2026-09-01T08:53:00.000Z,2026-09-01T11:53:00,125.09,125.25,125.02,125.02,238
2026-09-01T08:54:00.000Z,2026-09-01T11:54:00,125.24,125.24,125.03,125.04,549
2026-09-01T08:55:00.000Z,2026-09-01T11:55:00,125.04,125.22,125.03,125.03,343
2026-09-01T08:56:00.000Z,2026-09-01T11:56:00,125.2,125.22,125.2,125.22,50
2026-09-01T08:57:00.000Z,2026-09-01T11:57:00,125.22,125.25,125.22,125.25,169
2026-09-01T08:58:00.000Z,2026-09-01T11:58:00,125.22,125.25,125.22,125.25,41
2026-09-01T08:59:00.000Z,2026-09-01T11:59:00,125.25,125.25,125.25,125.25,169
2026-09-01T09:00:00.000Z,2026-09-01T12:00:00,125.25,125.25,125.25,125.25,210
2026-09-01T09:01:00.000Z,2026-09-01T12:01:00,125.05,125.3,125.05,125.3,169
2026-09-01T09:02:00.000Z,2026-09-01T12:02:00,125.06,125.06,125.06,125.06,28
2026-09-01T09:03:00.000Z,2026-09-01T12:03:00,125.3,125.31,125.3,125.31,141
2026-09-01T09:04:00.000Z,2026-09-01T12:04:00,125.31,125.31,125.31,125.31,2
2026-09-01T09:05:00.000Z,2026-09-01T12:05:00,125.31,125.31,125.02,125.02,276
2026-09-01T09:06:00.000Z,2026-09-01T12:06:00,125.3,125.3,125.3,125.3,3
2026-09-01T09:07:00.000Z,2026-09-01T12:07:00,125.24,125.24,125.24,125.24,90
2026-09-01T09:08:00.000Z,2026-09-01T12:08:00,124.51,125.23,124.51,125.23,169
2026-09-01T09:09:00.000Z,2026-09-01T12:09:00,125.23,125.23,124.5,125.2,50
2026-09-01T09:10:00.000Z,2026-09-01T12:10:00,125.2,125.32,125.2,125.32,5228
2026-09-01T09:12:00.000Z,2026-09-01T12:12:00,125.32,125.32,125.32,125.32,239
2026-09-01T09:14:00.000Z,2026-09-01T12:14:00,125.12,125.32,125.12,125.32,174
2026-09-01T09:15:00.000Z,2026-09-01T12:15:00,125.31,125.31,125.11,125.11,588
2026-09-01T09:16:00.000Z,2026-09-01T12:16:00,125.31,125.31,124.95,125.31,142
2026-09-01T09:17:00.000Z,2026-09-01T12:17:00,125,125.3,125,125.3,31
2026-09-01T09:18:00.000Z,2026-09-01T12:18:00,125.3,125.3,125.3,125.3,167
2026-09-01T09:19:00.000Z,2026-09-01T12:19:00,125.3,125.3,125.3,125.3,27
2026-09-01T09:20:00.000Z,2026-09-01T12:20:00,125.28,125.29,125.28,125.29,170
2026-09-01T09:21:00.000Z,2026-09-01T12:21:00,125.29,125.29,124.55,124.55,219
2026-09-01T09:22:00.000Z,2026-09-01T12:22:00,125.27,125.27,124.56,125.25,359
2026-09-01T09:23:00.000Z,2026-09-01T12:23:00,125.25,125.25,125.2,125.2,90
2026-09-01T09:24:00.000Z,2026-09-01T12:24:00,125.2,125.2,124.6,124.6,185
2026-09-01T09:25:00.000Z,2026-09-01T12:25:00,125,125,125,125,87
2026-09-01T09:26:00.000Z,2026-09-01T12:26:00,125,125,124.6,125,262
2026-09-01T09:27:00.000Z,2026-09-01T12:27:00,124.61,124.61,124.61,124.61,2
2026-09-01T09:28:00.000Z,2026-09-01T12:28:00,125,125.18,125,125.15,164
2026-09-01T09:29:00.000Z,2026-09-01T12:29:00,125.1,125.1,125.1,125.1,79
2026-09-01T09:30:00.000Z,2026-09-01T12:30:00,125.1,125.1,125.1,125.1,189
2026-09-01T09:31:00.000Z,2026-09-01T12:31:00,125.01,125.01,125,125,1169
2026-09-01T09:32:00.000Z,2026-09-01T12:32:00,125,125,124.9,125,321
2026-09-01T09:33:00.000Z,2026-09-01T12:33:00,124.91,125,124.91,125,156
2026-09-01T09:34:00.000Z,2026-09-01T12:34:00,125,125,124.9,124.9,510
2026-09-01T09:35:00.000Z,2026-09-01T12:35:00,124.9,124.99,124,124.99,13769
2026-09-01T09:36:00.000Z,2026-09-01T12:36:00,124,124.89,124,124.89,241
2026-09-01T09:37:00.000Z,2026-09-01T12:37:00,124.84,124.84,124.84,124.84,115
2026-09-01T09:39:00.000Z,2026-09-01T12:39:00,124.7,124.7,124,124,978
2026-09-01T09:40:00.000Z,2026-09-01T12:40:00,124.65,124.65,124,124,23
2026-09-01T09:41:00.000Z,2026-09-01T12:41:00,124,124.65,124,124,1416
2026-09-01T09:42:00.000Z,2026-09-01T12:42:00,124,124,124,124,105
2026-09-01T09:43:00.000Z,2026-09-01T12:43:00,123.99,123.99,123.8,123.99,192
2026-09-01T09:44:00.000Z,2026-09-01T12:44:00,123.99,123.99,123.99,123.99,37
2026-09-01T09:45:00.000Z,2026-09-01T12:45:00,123.99,123.99,123.99,123.99,360
2026-09-01T09:46:00.000Z,2026-09-01T12:46:00,123.99,123.99,123.8,123.99,347
2026-09-01T09:47:00.000Z,2026-09-01T12:47:00,123.99,124,123.99,124,300
2026-09-01T09:48:00.000Z,2026-09-01T12:48:00,124,124,124,124,177
2026-09-01T09:49:00.000Z,2026-09-01T12:49:00,123.99,123.99,123.99,123.99,53
2026-09-01T09:50:00.000Z,2026-09-01T12:50:00,124,124,123.8,123.8,983
2026-09-01T09:51:00.000Z,2026-09-01T12:51:00,124,124,124,124,42
2026-09-01T09:52:00.000Z,2026-09-01T12:52:00,123.8,124,123.8,124,2628
2026-09-01T09:53:00.000Z,2026-09-01T12:53:00,124,124,123.81,124,308
2026-09-01T09:54:00.000Z,2026-09-01T12:54:00,124,124,124,124,183
2026-09-01T09:55:00.000Z,2026-09-01T12:55:00,124,124,123.85,123.85,120
2026-09-01T09:56:00.000Z,2026-09-01T12:56:00,124,124,124,124,169
2026-09-01T09:57:00.000Z,2026-09-01T12:57:00,124,124,124,124,109
2026-09-01T09:58:00.000Z,2026-09-01T12:58:00,124,124.25,124,124.25,1685
2026-09-01T09:59:00.000Z,2026-09-01T12:59:00,124.25,124.99,124.25,124.99,5121
2026-09-01T10:00:00.000Z,2026-09-01T13:00:00,124.98,124.98,124.98,124.98,180
2026-09-01T10:01:00.000Z,2026-09-01T13:01:00,124.98,124.98,124.98,124.98,98
2026-09-01T10:02:00.000Z,2026-09-01T13:02:00,124.98,124.99,124.98,124.99,1785
2026-09-01T10:03:00.000Z,2026-09-01T13:03:00,124.01,124.01,124.01,124.01,100
2026-09-01T10:04:00.000Z,2026-09-01T13:04:00,124.01,124.8,124.01,124.8,69
2026-09-01T10:05:00.000Z,2026-09-01T13:05:00,124.8,124.8,124.01,124.75,83
2026-09-01T10:06:00.000Z,2026-09-01T13:06:00,124.75,124.8,124,124,755
2026-09-01T10:07:00.000Z,2026-09-01T13:07:00,124.8,124.8,124.8,124.8,50
2026-09-01T10:08:00.000Z,2026-09-01T13:08:00,124.79,125,124.79,124.92,169715
2026-09-01T10:09:00.000Z,2026-09-01T13:09:00,125.09,125.09,124.03,124.03,565
2026-09-01T10:10:00.000Z,2026-09-01T13:10:00,124.8,125.1,124,124,1175
2026-09-01T10:11:00.000Z,2026-09-01T13:11:00,125,125.09,124.99,125.09,1308
2026-09-01T10:12:00.000Z,2026-09-01T13:12:00,125.05,125.1,125.05,125.1,517
2026-09-01T10:13:00.000Z,2026-09-01T13:13:00,125.1,125.1,125.1,125.1,169
2026-09-01T10:14:00.000Z,2026-09-01T13:14:00,125.1,125.23,125.1,125.23,175
2026-09-01T10:15:00.000Z,2026-09-01T13:15:00,124.25,124.25,124.24,124.25,710
2026-09-01T10:16:00.000Z,2026-09-01T13:16:00,125.22,125.22,125.22,125.22,59
2026-09-01T10:17:00.000Z,2026-09-01T13:17:00,124.26,125.19,124.26,125.19,171
2026-09-01T10:18:00.000Z,2026-09-01T13:18:00,124.25,124.25,124.25,124.25,136
2026-09-01T10:19:00.000Z,2026-09-01T13:19:00,125.19,125.19,124.27,125.19,338
2026-09-01T10:20:00.000Z,2026-09-01T13:20:00,125.19,125.19,124.27,125,65
2026-09-01T10:21:00.000Z,2026-09-01T13:21:00,125.15,125.15,124.3,124.3,285
2026-09-01T10:22:00.000Z,2026-09-01T13:22:00,125.14,125.14,125.13,125.13,81
2026-09-01T10:23:00.000Z,2026-09-01T13:23:00,124.32,125.08,124.31,125.04,579
2026-09-01T10:24:00.000Z,2026-09-01T13:24:00,125.04,125.04,124.31,124.51,18697
2026-09-01T10:25:00.000Z,2026-09-01T13:25:00,124.9,125,124.6,125,258
2026-09-01T10:26:00.000Z,2026-09-01T13:26:00,124.52,124.52,124.52,124.52,5
2026-09-01T10:27:00.000Z,2026-09-01T13:27:00,124.52,125,124.52,125,170
2026-09-01T10:28:00.000Z,2026-09-01T13:28:00,124.99,124.99,124.99,124.99,210
2026-09-01T10:29:00.000Z,2026-09-01T13:29:00,124.8,125.12,124.8,125.12,1582
2026-09-01T10:30:00.000Z,2026-09-01T13:30:00,125.12,125.5,125.12,125.5,3539
2026-09-01T10:31:00.000Z,2026-09-01T13:31:00,125.5,125.5,125.26,125.5,1955
2026-09-01T10:32:00.000Z,2026-09-01T13:32:00,125.5,125.8,125.5,125.8,3217
2026-09-01T10:33:00.000Z,2026-09-01T13:33:00,125.89,125.89,125.8,125.8,2881
2026-09-01T10:34:00.000Z,2026-09-01T13:34:00,125.8,125.82,125.8,125.82,349
2026-09-01T10:35:00.000Z,2026-09-01T13:35:00,125.85,125.99,125.85,125.99,2934
2026-09-01T10:36:00.000Z,2026-09-01T13:36:00,125.9,125.9,125.9,125.9,63
2026-09-01T10:37:00.000Z,2026-09-01T13:37:00,125.91,125.99,125.9,125.99,369
2026-09-01T10:38:00.000Z,2026-09-01T13:38:00,125.99,125.99,125.98,125.98,41
2026-09-01T10:39:00.000Z,2026-09-01T13:39:00,125.98,126.2,125.98,126.2,1985
2026-09-01T10:40:00.000Z,2026-09-01T13:40:00,126.2,126.2,126,126,744
2026-09-01T10:41:00.000Z,2026-09-01T13:41:00,126,126.2,126,126.15,242
2026-09-01T10:42:00.000Z,2026-09-01T13:42:00,126.15,126.15,126.15,126.15,122
2026-09-01T10:44:00.000Z,2026-09-01T13:44:00,126.15,126.15,126.1,126.1,650
2026-09-01T10:45:00.000Z,2026-09-01T13:45:00,126.14,126.14,126.11,126.11,36
2026-09-01T10:46:00.000Z,2026-09-01T13:46:00,126.14,126.15,126.14,126.15,2560
2026-09-01T10:47:00.000Z,2026-09-01T13:47:00,126.15,126.7,126.15,126.27,9040
2026-09-01T10:48:00.000Z,2026-09-01T13:48:00,126.7,126.7,126.7,126.7,369
2026-09-01T10:49:00.000Z,2026-09-01T13:49:00,126.7,127.25,126.51,127,8757
2026-09-01T10:50:00.000Z,2026-09-01T13:50:00,126.52,127.25,126.52,127.2,273
2026-09-01T10:51:00.000Z,2026-09-01T13:51:00,126.99,127.2,126.99,127.2,1381
2026-09-01T10:52:00.000Z,2026-09-01T13:52:00,127,127.29,127,127.01,4881
2026-09-01T10:53:00.000Z,2026-09-01T13:53:00,127.29,128,127.03,128,21455
2026-09-01T10:54:00.000Z,2026-09-01T13:54:00,128,128,127.9,127.9,40
2026-09-01T10:55:00.000Z,2026-09-01T13:55:00,127.9,128,127.9,128,11926
2026-09-01T10:56:00.000Z,2026-09-01T13:56:00,127.9,128.5,127.9,128.46,694
2026-09-01T10:57:00.000Z,2026-09-01T13:57:00,128.46,128.46,127.99,128,1596
2026-09-01T10:58:00.000Z,2026-09-01T13:58:00,128,128.3,127.99,128.3,286
2026-09-01T10:59:00.000Z,2026-09-01T13:59:00,127.9,128.4,127.9,128,2189
2026-09-01T11:00:00.000Z,2026-09-01T14:00:00,128,128.5,127.5,128.46,3268
2026-09-01T11:01:00.000Z,2026-09-01T14:01:00,128,128,127.2,127.2,730
2026-09-01T11:02:00.000Z,2026-09-01T14:02:00,128,128,128,128,387
2026-09-01T11:03:00.000Z,2026-09-01T14:03:00,127.9,128,127.26,127.27,1208
2026-09-01T11:04:00.000Z,2026-09-01T14:04:00,127.89,128.5,127.27,127.27,1522
2026-09-01T11:05:00.000Z,2026-09-01T14:05:00,128,128.5,128,128.4,2240
2026-09-01T11:06:00.000Z,2026-09-01T14:06:00,128.4,128.5,128,128.5,735
2026-09-01T11:07:00.000Z,2026-09-01T14:07:00,128.5,128.5,128.01,128.5,730
2026-09-01T11:08:00.000Z,2026-09-01T14:08:00,128.48,128.5,128.02,128.23,3046
2026-09-01T11:09:00.000Z,2026-09-01T14:09:00,128.23,128.55,128.23,128.55,1057
2026-09-01T11:10:00.000Z,2026-09-01T14:10:00,128.55,128.6,128.02,128.1,372
2026-09-01T11:11:00.000Z,2026-09-01T14:11:00,128.1,128.1,128.1,128.1,111
2026-09-01T11:12:00.000Z,2026-09-01T14:12:00,128.1,128.1,127.51,127.51,2969
2026-09-01T11:13:00.000Z,2026-09-01T14:13:00,128,128,127.51,127.51,1162
2026-09-01T11:14:00.000Z,2026-09-01T14:14:00,127.52,127.52,127.51,127.51,5082
2026-09-01T11:25:00.000Z,2026-09-01T14:25:00,127.51,127.51,127.51,127.51,1829
2026-09-01T11:27:00.000Z,2026-09-01T14:27:00,127.51,127.51,127.51,127.51,490
2026-09-01T11:28:00.000Z,2026-09-01T14:28:00,127.51,127.51,127.51,127.51,335
2026-09-01T11:29:00.000Z,2026-09-01T14:29:00,127.51,127.51,127.51,127.51,2430
2026-09-02T07:00:00.000Z,2026-09-02T10:00:00,127.48,127.48,127.48,127.48,5508
2026-09-02T07:01:00.000Z,2026-09-02T10:01:00,127.48,127.48,127,127.47,400
2026-09-02T07:02:00.000Z,2026-09-02T10:02:00,127.48,127.48,127,127,2190
2026-09-02T07:03:00.000Z,2026-09-02T10:03:00,127,127.33,127,127.25,2147
2026-09-02T07:04:00.000Z,2026-09-02T10:04:00,127.01,127.25,127,127,1225
2026-09-02T07:05:00.000Z,2026-09-02T10:05:00,127.01,127.01,127,127,2403
2026-09-02T07:06:00.000Z,2026-09-02T10:06:00,127,127,127,127,420
2026-09-02T07:07:00.000Z,2026-09-02T10:07:00,127,127.33,127,127.33,194
2026-09-02T07:08:00.000Z,2026-09-02T10:08:00,127.25,127.33,127,127.33,2437
2026-09-02T07:10:00.000Z,2026-09-02T10:10:00,127.33,127.48,127.02,127.02,549
2026-09-02T07:11:00.000Z,2026-09-02T10:11:00,127.04,127.48,127.04,127.05,304
2026-09-02T07:12:00.000Z,2026-09-02T10:12:00,127.48,127.48,127.05,127.05,101
2026-09-02T07:13:00.000Z,2026-09-02T10:13:00,127.1,127.1,127.1,127.1,89
2026-09-02T07:14:00.000Z,2026-09-02T10:14:00,127.11,127.49,127.01,127.49,3063
2026-09-02T07:15:00.000Z,2026-09-02T10:15:00,127.49,127.49,127.01,127.01,16
2026-09-02T07:16:00.000Z,2026-09-02T10:16:00,127.49,127.49,127.02,127.48,83
2026-09-02T07:17:00.000Z,2026-09-02T10:17:00,127.03,127.03,127.02,127.02,85
2026-09-02T07:18:00.000Z,2026-09-02T10:18:00,127.48,127.48,127.02,127.02,54
2026-09-02T07:19:00.000Z,2026-09-02T10:19:00,127.02,127.02,127.02,127.02,40
2026-09-02T07:20:00.000Z,2026-09-02T10:20:00,127.48,127.48,127.48,127.48,22
2026-09-02T07:21:00.000Z,2026-09-02T10:21:00,127.02,127.02,127.02,127.02,262
2026-09-02T07:22:00.000Z,2026-09-02T10:22:00,127.02,127.02,127.02,127.02,11
2026-09-02T07:23:00.000Z,2026-09-02T10:23:00,127.03,127.4,127.03,127.4,34
2026-09-02T07:24:00.000Z,2026-09-02T10:24:00,127.35,127.35,127.03,127.3,132
2026-09-02T07:25:00.000Z,2026-09-02T10:25:00,127.03,127.3,127.03,127.03,1032
2026-09-02T07:26:00.000Z,2026-09-02T10:26:00,127.03,127.15,127.03,127.15,466
2026-09-02T07:27:00.000Z,2026-09-02T10:27:00,127.08,127.08,127.08,127.08,33
2026-09-02T07:28:00.000Z,2026-09-02T10:28:00,127.08,127.2,127.08,127.2,691
2026-09-02T07:29:00.000Z,2026-09-02T10:29:00,127.23,127.25,127.23,127.25,289
2026-09-02T07:30:00.000Z,2026-09-02T10:30:00,127.23,127.25,127.03,127.03,3380
2026-09-02T07:31:00.000Z,2026-09-02T10:31:00,127.25,127.35,127.2,127.2,1764
2026-09-02T07:32:00.000Z,2026-09-02T10:32:00,127.2,127.2,127.01,127.01,3232
2026-09-02T07:33:00.000Z,2026-09-02T10:33:00,127.35,127.39,127.35,127.39,174
2026-09-02T07:34:00.000Z,2026-09-02T10:34:00,127.01,127.39,127.01,127.39,25
2026-09-02T07:35:00.000Z,2026-09-02T10:35:00,127.02,127.3,127.01,127.3,456
2026-09-02T07:36:00.000Z,2026-09-02T10:36:00,127.1,127.3,127.1,127.3,171
2026-09-02T07:37:00.000Z,2026-09-02T10:37:00,127.3,127.35,127,127.3,1169
2026-09-02T07:38:00.000Z,2026-09-02T10:38:00,127.3,127.49,127.3,127.49,915
2026-09-02T07:39:00.000Z,2026-09-02T10:39:00,127.49,127.49,127,127.38,329
2026-09-02T07:40:00.000Z,2026-09-02T10:40:00,127,127.46,127,127.46,182
2026-09-02T07:41:00.000Z,2026-09-02T10:41:00,127.29,127.29,127,127.29,734
2026-09-02T07:42:00.000Z,2026-09-02T10:42:00,127.29,127.48,127.29,127.48,338
2026-09-02T07:43:00.000Z,2026-09-02T10:43:00,127.48,127.48,127.48,127.48,10
2026-09-02T07:44:00.000Z,2026-09-02T10:44:00,127.48,127.48,127,127,689
2026-09-02T07:45:00.000Z,2026-09-02T10:45:00,127,127.47,127,127.47,1024
2026-09-02T07:46:00.000Z,2026-09-02T10:46:00,127,127.47,127,127,115
2026-09-02T07:47:00.000Z,2026-09-02T10:47:00,127,127.45,127,127.45,29
2026-09-02T07:48:00.000Z,2026-09-02T10:48:00,127,127.45,127,127.45,196
2026-09-02T07:49:00.000Z,2026-09-02T10:49:00,127.01,127.01,127,127,225
2026-09-02T07:50:00.000Z,2026-09-02T10:50:00,127.4,127.5,127.4,127.5,5131
2026-09-02T07:51:00.000Z,2026-09-02T10:51:00,127.11,127.5,127.11,127.45,93
2026-09-02T07:53:00.000Z,2026-09-02T10:53:00,127.45,127.45,127.4,127.4,478
2026-09-02T07:55:00.000Z,2026-09-02T10:55:00,127.35,127.4,127.01,127.01,2618
2026-09-02T07:56:00.000Z,2026-09-02T10:56:00,127.25,127.45,127.25,127.45,12
2026-09-02T07:58:00.000Z,2026-09-02T10:58:00,127.45,127.45,127.45,127.45,27
2026-09-02T07:59:00.000Z,2026-09-02T10:59:00,127.45,127.5,127.45,127.5,394
2026-09-02T08:00:00.000Z,2026-09-02T11:00:00,127.5,127.5,127.06,127.5,4080
2026-09-02T08:01:00.000Z,2026-09-02T11:01:00,127.5,127.51,127.5,127.51,9839
2026-09-02T08:02:00.000Z,2026-09-02T11:02:00,127.51,128.5,127.5,128.5,2642
2026-09-02T08:03:00.000Z,2026-09-02T11:03:00,128.05,128.55,128.05,128.55,736
2026-09-02T08:04:00.000Z,2026-09-02T11:04:00,128.05,128.4,128,128,666
2026-09-02T08:05:00.000Z,2026-09-02T11:05:00,128.05,128.98,128.05,128.98,3846
2026-09-02T08:06:00.000Z,2026-09-02T11:06:00,128.98,129.5,128.98,129.5,30119
2026-09-02T08:07:00.000Z,2026-09-02T11:07:00,129.25,130.3,129.25,130.3,46777
2026-09-02T08:08:00.000Z,2026-09-02T11:08:00,130.3,132.9,130.3,132.9,29098
2026-09-02T08:09:00.000Z,2026-09-02T11:09:00,131.99,131.99,131.06,131.25,8393
2026-09-02T08:10:00.000Z,2026-09-02T11:10:00,131.25,131.7,131.06,131.06,8359
2026-09-02T08:11:00.000Z,2026-09-02T11:11:00,131.49,131.7,131,131,13718
2026-09-02T08:12:00.000Z,2026-09-02T11:12:00,131,131,130.52,130.52,2152
2026-09-02T08:13:00.000Z,2026-09-02T11:13:00,130.52,130.9,130.11,130.11,4924
2026-09-02T08:14:00.000Z,2026-09-02T11:14:00,130.11,130.49,130.11,130.49,788
2026-09-02T08:15:00.000Z,2026-09-02T11:15:00,130.15,130.5,130.11,130.11,3062
2026-09-02T08:16:00.000Z,2026-09-02T11:16:00,130.11,130.4,129.51,130,8041
2026-09-02T08:17:00.000Z,2026-09-02T11:17:00,130,130,129.51,129.51,2257
2026-09-02T08:18:00.000Z,2026-09-02T11:18:00,129.6,130.5,129.6,130.5,1825
2026-09-02T08:19:00.000Z,2026-09-02T11:19:00,130.5,130.5,130,130.5,5816
2026-09-02T08:20:00.000Z,2026-09-02T11:20:00,130.5,130.8,130.02,130.02,1455
2026-09-02T08:21:00.000Z,2026-09-02T11:21:00,130.5,130.99,130.11,130.9,3600
2026-09-02T08:22:00.000Z,2026-09-02T11:22:00,130.9,130.98,130.5,130.51,2152
2026-09-02T08:23:00.000Z,2026-09-02T11:23:00,130.97,131,130.51,130.99,6668
2026-09-02T08:24:00.000Z,2026-09-02T11:24:00,130.99,131,130,130,35127
2026-09-02T08:25:00.000Z,2026-09-02T11:25:00,130.99,130.99,130,130,7227
2026-09-02T08:26:00.000Z,2026-09-02T11:26:00,130.29,130.93,130,130,82
2026-09-02T08:27:00.000Z,2026-09-02T11:27:00,130.29,130.89,130,130,2421
2026-09-02T08:28:00.000Z,2026-09-02T11:28:00,130.01,130.7,130,130.59,10712
2026-09-02T08:29:00.000Z,2026-09-02T11:29:00,130.5,130.97,130.1,130.1,8308
2026-09-02T08:30:00.000Z,2026-09-02T11:30:00,130.1,130.7,130.1,130.7,106
2026-09-02T08:31:00.000Z,2026-09-02T11:31:00,130.2,130.7,130.2,130.7,238
2026-09-02T08:32:00.000Z,2026-09-02T11:32:00,130.69,130.69,130.3,130.69,484
2026-09-02T08:33:00.000Z,2026-09-02T11:33:00,130.69,130.69,130.4,130.5,546
2026-09-02T08:34:00.000Z,2026-09-02T11:34:00,130.5,130.7,130.2,130.2,1378
2026-09-02T08:35:00.000Z,2026-09-02T11:35:00,130.2,130.5,130.2,130.5,1379
2026-09-02T08:36:00.000Z,2026-09-02T11:36:00,130.26,130.6,130.2,130.6,298
2026-09-02T08:37:00.000Z,2026-09-02T11:37:00,130.6,130.6,130.11,130.11,1353
2026-09-02T08:38:00.000Z,2026-09-02T11:38:00,130.5,131,130,131,13443
2026-09-02T08:39:00.000Z,2026-09-02T11:39:00,131,131,130.99,130.99,426
2026-09-02T08:40:00.000Z,2026-09-02T11:40:00,130.99,131,130.5,131,5121
2026-09-02T08:41:00.000Z,2026-09-02T11:41:00,130.9,130.9,130.5,130.5,19
2026-09-02T08:42:00.000Z,2026-09-02T11:42:00,130.5,130.5,130.07,130.07,159
2026-09-02T08:43:00.000Z,2026-09-02T11:43:00,130.07,130.5,130.07,130.5,497
2026-09-02T08:44:00.000Z,2026-09-02T11:44:00,130.07,130.49,130.07,130.1,142
2026-09-02T08:45:00.000Z,2026-09-02T11:45:00,130.49,130.89,130.49,130.49,1066
2026-09-02T08:46:00.000Z,2026-09-02T11:46:00,130.52,130.58,130.52,130.58,338
2026-09-02T08:47:00.000Z,2026-09-02T11:47:00,130.59,131,130.58,131,921
2026-09-02T08:48:00.000Z,2026-09-02T11:48:00,131,131.5,130.59,131.5,3401
2026-09-02T08:49:00.000Z,2026-09-02T11:49:00,131.03,131.5,130.49,130.49,1384
2026-09-02T08:50:00.000Z,2026-09-02T11:50:00,131,131,131,131,21
2026-09-02T08:51:00.000Z,2026-09-02T11:51:00,130.99,130.99,130.49,130.49,8064
2026-09-02T08:52:00.000Z,2026-09-02T11:52:00,130.49,130.5,130.49,130.49,538
2026-09-02T08:53:00.000Z,2026-09-02T11:53:00,130.49,130.5,130.1,130.5,5158
2026-09-02T08:54:00.000Z,2026-09-02T11:54:00,130.1,130.1,130.1,130.1,95
2026-09-02T08:55:00.000Z,2026-09-02T11:55:00,130.11,130.49,130.11,130.49,115
2026-09-02T08:56:00.000Z,2026-09-02T11:56:00,130.49,130.49,130,130,3845
2026-09-02T08:57:00.000Z,2026-09-02T11:57:00,130.49,130.49,130.49,130.49,16
2026-09-02T08:58:00.000Z,2026-09-02T11:58:00,130.01,130.48,130,130,1129
2026-09-02T08:59:00.000Z,2026-09-02T11:59:00,130.01,130.01,130.01,130.01,2000
2026-09-02T09:00:00.000Z,2026-09-02T12:00:00,130.45,130.45,130.45,130.45,122
2026-09-02T09:01:00.000Z,2026-09-02T12:01:00,130.44,130.44,130.42,130.42,41
2026-09-02T09:02:00.000Z,2026-09-02T12:02:00,130.45,130.45,130.45,130.45,10
2026-09-02T09:03:00.000Z,2026-09-02T12:03:00,130.44,130.44,130.44,130.44,153
2026-09-02T09:04:00.000Z,2026-09-02T12:04:00,130.44,130.44,130,130,566
2026-09-02T09:05:00.000Z,2026-09-02T12:05:00,130,130,130,130,317
2026-09-02T09:06:00.000Z,2026-09-02T12:06:00,129.81,130,129.52,129.52,770
2026-09-02T09:07:00.000Z,2026-09-02T12:07:00,130,130,129.52,130,177
2026-09-02T09:08:00.000Z,2026-09-02T12:08:00,130,130,129.52,130,561
2026-09-02T09:09:00.000Z,2026-09-02T12:09:00,129.52,129.8,129.31,129.8,367
2026-09-02T09:10:00.000Z,2026-09-02T12:10:00,129.8,129.8,129.02,129.02,2501
2026-09-02T09:11:00.000Z,2026-09-02T12:11:00,129.03,129.52,129.02,129.52,2930
2026-09-02T09:13:00.000Z,2026-09-02T12:13:00,129.11,129.11,129.11,129.11,3
2026-09-02T09:14:00.000Z,2026-09-02T12:14:00,129.16,129.8,129.16,129.8,60
2026-09-02T09:15:00.000Z,2026-09-02T12:15:00,129.8,129.97,129.2,129.95,996
2026-09-02T09:17:00.000Z,2026-09-02T12:17:00,129.88,129.88,129.88,129.88,7
2026-09-02T09:18:00.000Z,2026-09-02T12:18:00,129.5,129.88,129.2,129.2,1007
2026-09-02T09:19:00.000Z,2026-09-02T12:19:00,129.5,129.5,129.21,129.21,150
2026-09-02T09:20:00.000Z,2026-09-02T12:20:00,129.21,129.5,129.2,129.5,1481
2026-09-02T09:21:00.000Z,2026-09-02T12:21:00,129.5,129.5,129.5,129.5,20
2026-09-02T09:22:00.000Z,2026-09-02T12:22:00,129.49,129.49,129.49,129.49,1
2026-09-02T09:23:00.000Z,2026-09-02T12:23:00,129.49,129.87,129.23,129.87,438
2026-09-02T09:24:00.000Z,2026-09-02T12:24:00,129.87,129.87,129.85,129.85,35
2026-09-02T09:26:00.000Z,2026-09-02T12:26:00,129.85,129.85,129.4,129.85,55
2026-09-02T09:27:00.000Z,2026-09-02T12:27:00,129.4,129.7,129.4,129.7,218
2026-09-02T09:28:00.000Z,2026-09-02T12:28:00,129.41,129.7,129.41,129.7,1009
2026-09-02T09:29:00.000Z,2026-09-02T12:29:00,129.7,129.7,129.41,129.41,148
2026-09-02T09:30:00.000Z,2026-09-02T12:30:00,129.7,129.7,129.7,129.7,62
2026-09-02T09:31:00.000Z,2026-09-02T12:31:00,129.5,129.5,129.4,129.4,80
2026-09-02T09:32:00.000Z,2026-09-02T12:32:00,129.4,129.7,129.4,129.7,48
2026-09-02T09:33:00.000Z,2026-09-02T12:33:00,129.4,129.4,129.4,129.4,82
2026-09-02T09:34:00.000Z,2026-09-02T12:34:00,129.4,129.7,129.4,129.69,118
2026-09-02T09:35:00.000Z,2026-09-02T12:35:00,129.69,129.7,129.2,129.2,1149
2026-09-02T09:36:00.000Z,2026-09-02T12:36:00,129.7,129.7,129.5,129.5,903
2026-09-02T09:37:00.000Z,2026-09-02T12:37:00,129.21,129.5,129.21,129.5,11
2026-09-02T09:38:00.000Z,2026-09-02T12:38:00,129.2,129.5,129.2,129.5,613
2026-09-02T09:39:00.000Z,2026-09-02T12:39:00,129.2,129.5,129.2,129.5,3107
2026-09-02T09:40:00.000Z,2026-09-02T12:40:00,129.7,129.7,129.5,129.7,1186
2026-09-02T09:41:00.000Z,2026-09-02T12:41:00,129.6,129.6,129.6,129.6,5
2026-09-02T09:43:00.000Z,2026-09-02T12:43:00,129.7,129.96,129.6,129.65,166
2026-09-02T09:44:00.000Z,2026-09-02T12:44:00,129.65,129.65,129.6,129.6,17
2026-09-02T09:45:00.000Z,2026-09-02T12:45:00,129.65,129.65,129.65,129.65,10
2026-09-02T09:46:00.000Z,2026-09-02T12:46:00,129.65,129.65,128.1,129.6,8589
2026-09-02T09:47:00.000Z,2026-09-02T12:47:00,128.15,129.5,128.14,128.24,537
2026-09-02T09:48:00.000Z,2026-09-02T12:48:00,128.25,129.65,128.25,129.65,3026
2026-09-02T09:49:00.000Z,2026-09-02T12:49:00,129.65,129.65,129.65,129.65,64
2026-09-02T09:50:00.000Z,2026-09-02T12:50:00,129.65,129.8,129.65,129.8,153
2026-09-02T09:51:00.000Z,2026-09-02T12:51:00,129.01,129.8,129.01,129.8,318
2026-09-02T09:53:00.000Z,2026-09-02T12:53:00,129.8,129.8,129.08,129.08,279
2026-09-02T09:54:00.000Z,2026-09-02T12:54:00,129.8,129.8,129.01,129.01,251
2026-09-02T09:55:00.000Z,2026-09-02T12:55:00,129.01,129.8,129.01,129.8,245
2026-09-02T09:56:00.000Z,2026-09-02T12:56:00,129.01,129.8,129.01,129.8,21
2026-09-02T09:57:00.000Z,2026-09-02T12:57:00,129.03,129.5,129.03,129.5,20
2026-09-02T09:58:00.000Z,2026-09-02T12:58:00,129.5,129.8,129.03,129.03,113
2026-09-02T09:59:00.000Z,2026-09-02T12:59:00,129.8,129.88,129.8,129.88,551
2026-09-02T10:00:00.000Z,2026-09-02T13:00:00,129.87,129.87,129.31,129.31,35
2026-09-02T10:01:00.000Z,2026-09-02T13:01:00,129.8,129.8,129.1,129.1,2004
2026-09-02T10:02:00.000Z,2026-09-02T13:02:00,129.8,129.8,129.8,129.8,75
2026-09-02T10:03:00.000Z,2026-09-02T13:03:00,129.8,129.87,129.8,129.8,255
2026-09-02T10:04:00.000Z,2026-09-02T13:04:00,129.87,129.87,129.87,129.87,22
2026-09-02T10:05:00.000Z,2026-09-02T13:05:00,129.8,129.88,129.8,129.88,830
2026-09-02T10:06:00.000Z,2026-09-02T13:06:00,129.88,129.88,129.8,129.8,171
2026-09-02T10:07:00.000Z,2026-09-02T13:07:00,129.14,129.8,129.14,129.8,228
2026-09-02T10:08:00.000Z,2026-09-02T13:08:00,129.8,129.8,129.14,129.14,336
2026-09-02T10:09:00.000Z,2026-09-02T13:09:00,129.8,129.88,129.8,129.88,33
2026-09-02T10:10:00.000Z,2026-09-02T13:10:00,129.16,129.88,129.16,129.88,27
2026-09-02T10:12:00.000Z,2026-09-02T13:12:00,129.88,129.88,129.88,129.88,72
2026-09-02T10:13:00.000Z,2026-09-02T13:13:00,129.88,129.88,129.88,129.88,7
2026-09-02T10:15:00.000Z,2026-09-02T13:15:00,129.87,129.9,129.87,129.88,6948
2026-09-02T10:16:00.000Z,2026-09-02T13:16:00,129.9,129.9,128.32,129,2657
2026-09-02T10:17:00.000Z,2026-09-02T13:17:00,128.32,129.85,128.32,128.81,2437
2026-09-02T10:18:00.000Z,2026-09-02T13:18:00,129.84,129.84,128.81,129.84,2415
2026-09-02T10:19:00.000Z,2026-09-02T13:19:00,129.84,129.84,129.84,129.84,331
2026-09-02T10:20:00.000Z,2026-09-02T13:20:00,129.84,129.84,129,129,221
2026-09-02T10:21:00.000Z,2026-09-02T13:21:00,129.84,129.84,129.79,129.79,20
2026-09-02T10:22:00.000Z,2026-09-02T13:22:00,129.79,129.79,129.79,129.79,30
2026-09-02T10:23:00.000Z,2026-09-02T13:23:00,129.79,129.8,129,129.8,79
2026-09-02T10:24:00.000Z,2026-09-02T13:24:00,129.8,130.25,129.8,130.25,3727
2026-09-02T10:25:00.000Z,2026-09-02T13:25:00,129,129,129,129,51
2026-09-02T10:28:00.000Z,2026-09-02T13:28:00,129.1,129.1,129.1,129.1,50
2026-09-02T10:29:00.000Z,2026-09-02T13:29:00,129.3,129.98,129.3,129.97,1003
2026-09-02T10:30:00.000Z,2026-09-02T13:30:00,129.97,129.97,129.97,129.97,200
2026-09-02T10:31:00.000Z,2026-09-02T13:31:00,129.97,129.97,129.01,129.01,24
2026-09-02T10:32:00.000Z,2026-09-02T13:32:00,129.09,129.09,129.09,129.09,25
2026-09-02T10:33:00.000Z,2026-09-02T13:33:00,129.97,129.97,129.97,129.97,75
2026-09-02T10:34:00.000Z,2026-09-02T13:34:00,129.97,130,129.97,130,11605
2026-09-02T10:35:00.000Z,2026-09-02T13:35:00,130.25,131,130.01,131,17960
2026-09-02T10:36:00.000Z,2026-09-02T13:36:00,131,131.1,130.06,131.1,18265
2026-09-02T10:37:00.000Z,2026-09-02T13:37:00,131.1,131.3,131,131.3,8033
2026-09-02T10:38:00.000Z,2026-09-02T13:38:00,131.29,131.3,131,131,16158
2026-09-02T10:39:00.000Z,2026-09-02T13:39:00,131,131,131,131,7752
2026-09-02T10:40:00.000Z,2026-09-02T13:40:00,130.99,130.99,130.15,130.15,60
2026-09-02T10:41:00.000Z,2026-09-02T13:41:00,130.15,130.15,130.06,130.06,210
2026-09-02T10:42:00.000Z,2026-09-02T13:42:00,130.89,130.89,130.06,130.06,553
2026-09-02T10:43:00.000Z,2026-09-02T13:43:00,130.05,130.06,129.15,130.06,2978
2026-09-02T10:44:00.000Z,2026-09-02T13:44:00,130,130,130,130,2
2026-09-02T10:45:00.000Z,2026-09-02T13:45:00,129.97,130.06,129.97,130.06,1205
2026-09-02T10:46:00.000Z,2026-09-02T13:46:00,130.06,130.06,129.34,130,2247
2026-09-02T10:47:00.000Z,2026-09-02T13:47:00,129.36,130.06,129.36,130,558
2026-09-02T10:48:00.000Z,2026-09-02T13:48:00,130,130,129.41,129.41,75
2026-09-02T10:49:00.000Z,2026-09-02T13:49:00,130,130,130,130,103
2026-09-02T10:50:00.000Z,2026-09-02T13:50:00,130,130,130,130,3
2026-09-02T10:51:00.000Z,2026-09-02T13:51:00,130,130,130,130,3000
2026-09-02T10:52:00.000Z,2026-09-02T13:52:00,129.5,129.5,129.45,129.45,175
2026-09-02T10:53:00.000Z,2026-09-02T13:53:00,129.45,130,129.36,130,246
2026-09-02T10:55:00.000Z,2026-09-02T13:55:00,130,130.06,129.36,129.36,535
2026-09-02T10:56:00.000Z,2026-09-02T13:56:00,130,130,130,130,24
2026-09-02T10:57:00.000Z,2026-09-02T13:57:00,129.99,129.99,129.35,129.35,102
2026-09-02T10:58:00.000Z,2026-09-02T13:58:00,129.35,130,129.21,129.99,4260
2026-09-02T11:00:00.000Z,2026-09-02T14:00:00,129.32,129.89,129.01,129.85,6826
2026-09-02T11:01:00.000Z,2026-09-02T14:01:00,129.35,129.84,129.01,129.79,1458
2026-09-02T11:02:00.000Z,2026-09-02T14:02:00,129.01,129.74,129.01,129.74,2378
2026-09-02T11:03:00.000Z,2026-09-02T14:03:00,129.01,129.01,129.01,129.01,1087
2026-09-02T11:04:00.000Z,2026-09-02T14:04:00,129.74,129.74,129.1,129.74,223
2026-09-02T11:05:00.000Z,2026-09-02T14:05:00,129.1,129.1,129,129,1000
2026-09-02T11:06:00.000Z,2026-09-02T14:06:00,129.05,129.05,129.05,129.05,120
2026-09-02T11:07:00.000Z,2026-09-02T14:07:00,129.54,129.54,129.54,129.54,18
2026-09-02T11:08:00.000Z,2026-09-02T14:08:00,129.05,129.05,129.05,129.05,28
2026-09-02T11:09:00.000Z,2026-09-02T14:09:00,129.54,129.54,129.03,129.03,1381
2026-09-02T11:10:00.000Z,2026-09-02T14:10:00,129.49,130,129.03,130,10337
2026-09-02T11:11:00.000Z,2026-09-02T14:11:00,130.05,130.5,130,130.5,1600
2026-09-02T11:12:00.000Z,2026-09-02T14:12:00,130.05,130.97,130.05,130.97,8885
2026-09-02T11:13:00.000Z,2026-09-02T14:13:00,130.05,130.05,130,130,394
2026-09-02T11:14:00.000Z,2026-09-02T14:14:00,129.9,130.5,129.5,129.5,4878
2026-09-02T11:15:00.000Z,2026-09-02T14:15:00,130,130,130,130,8
2026-09-02T11:25:00.000Z,2026-09-02T14:25:00,128.35,128.35,128.35,128.35,15471
2026-09-03T07:01:00.000Z,2026-09-03T10:01:00,129.1,130,129.1,130,5869
2026-09-03T07:02:00.000Z,2026-09-03T10:02:00,129.6,130.5,129.5,130.5,12030
2026-09-03T07:03:00.000Z,2026-09-03T10:03:00,129.9,130,129.51,129.51,84
2026-09-03T07:04:00.000Z,2026-09-03T10:04:00,129.9,130,129.51,130,224
2026-09-03T07:05:00.000Z,2026-09-03T10:05:00,130,130,129.53,130,316
2026-09-03T07:06:00.000Z,2026-09-03T10:06:00,129.55,129.99,129.55,129.99,63
2026-09-03T07:07:00.000Z,2026-09-03T10:07:00,129.55,129.98,129.55,129.55,47
2026-09-03T07:08:00.000Z,2026-09-03T10:08:00,129.98,130.5,129.6,130.5,9199
2026-09-03T07:09:00.000Z,2026-09-03T10:09:00,130.5,130.97,130.5,130.95,727
2026-09-03T07:10:00.000Z,2026-09-03T10:10:00,130.95,130.96,130.5,130.5,6478
2026-09-03T07:11:00.000Z,2026-09-03T10:11:00,130.5,130.96,130,130.9,2722
2026-09-03T07:12:00.000Z,2026-09-03T10:12:00,130.9,130.9,130.89,130.89,395
2026-09-03T07:13:00.000Z,2026-09-03T10:13:00,130.89,130.89,130,130.88,684
2026-09-03T07:14:00.000Z,2026-09-03T10:14:00,130.88,130.88,130.87,130.88,123
2026-09-03T07:15:00.000Z,2026-09-03T10:15:00,130.89,130.9,130.89,130.9,3023
2026-09-03T07:16:00.000Z,2026-09-03T10:16:00,130.89,130.89,130.5,130.5,1520
2026-09-03T07:17:00.000Z,2026-09-03T10:17:00,130.5,130.87,130.5,130.5,4412
2026-09-03T07:18:00.000Z,2026-09-03T10:18:00,130.5,130.8,130.1,130.1,2134
2026-09-03T07:19:00.000Z,2026-09-03T10:19:00,130,130,129.72,130,78
2026-09-03T07:20:00.000Z,2026-09-03T10:20:00,129.76,130,129.76,129.8,10
2026-09-03T07:21:00.000Z,2026-09-03T10:21:00,130,130,129.8,130,427
2026-09-03T07:22:00.000Z,2026-09-03T10:22:00,129.81,130,129.81,130,432
2026-09-03T07:23:00.000Z,2026-09-03T10:23:00,130,130,129.9,129.9,71
2026-09-03T07:24:00.000Z,2026-09-03T10:24:00,130,130,129.8,129.8,1349
2026-09-03T07:25:00.000Z,2026-09-03T10:25:00,129.8,130,129.75,130,60
2026-09-03T07:26:00.000Z,2026-09-03T10:26:00,130,130,129.77,129.77,115
2026-09-03T07:27:00.000Z,2026-09-03T10:27:00,130,130,129.77,130,2573
2026-09-03T07:28:00.000Z,2026-09-03T10:28:00,130,130,129.75,129.75,1083
2026-09-03T07:29:00.000Z,2026-09-03T10:29:00,130,130.87,130,130.87,661
2026-09-03T07:30:00.000Z,2026-09-03T10:30:00,129.75,130.2,129.75,130.2,193
2026-09-03T07:31:00.000Z,2026-09-03T10:31:00,130.79,130.79,129.75,130.2,115
2026-09-03T07:32:00.000Z,2026-09-03T10:32:00,129.75,130,129.75,130,491
2026-09-03T07:33:00.000Z,2026-09-03T10:33:00,130.77,130.77,130,130,57
2026-09-03T07:34:00.000Z,2026-09-03T10:34:00,130.77,130.77,130,130,109
2026-09-03T07:35:00.000Z,2026-09-03T10:35:00,130,130,130,130,8
2026-09-03T07:36:00.000Z,2026-09-03T10:36:00,130.84,130.84,130.84,130.84,68
2026-09-03T07:37:00.000Z,2026-09-03T10:37:00,130.84,130.84,130,130,18
2026-09-03T07:38:00.000Z,2026-09-03T10:38:00,130.84,130.84,129.76,130,3956
2026-09-03T07:39:00.000Z,2026-09-03T10:39:00,130.83,130.83,130.83,130.83,1
2026-09-03T07:40:00.000Z,2026-09-03T10:40:00,130.83,130.83,130.01,130.01,80
2026-09-03T07:41:00.000Z,2026-09-03T10:41:00,130.1,130.5,130.1,130.5,353
2026-09-03T07:42:00.000Z,2026-09-03T10:42:00,130.82,130.82,130.79,130.8,166
2026-09-03T07:43:00.000Z,2026-09-03T10:43:00,130.8,130.82,130.8,130.82,247
2026-09-03T07:44:00.000Z,2026-09-03T10:44:00,130.8,130.82,130.8,130.8,1381
2026-09-03T07:45:00.000Z,2026-09-03T10:45:00,130.8,130.8,130.4,130.41,4326
2026-09-03T07:46:00.000Z,2026-09-03T10:46:00,130.41,130.8,130.3,130.8,71
2026-09-03T07:47:00.000Z,2026-09-03T10:47:00,130.3,130.8,130.06,130.8,415
2026-09-03T07:48:00.000Z,2026-09-03T10:48:00,130.21,130.8,130.2,130.8,229
2026-09-03T07:49:00.000Z,2026-09-03T10:49:00,130.8,130.8,130.8,130.8,235
2026-09-03T07:50:00.000Z,2026-09-03T10:50:00,130.31,130.8,130.3,130.8,2777
2026-09-03T07:51:00.000Z,2026-09-03T10:51:00,130.8,130.8,130.31,130.8,5102
2026-09-03T07:52:00.000Z,2026-09-03T10:52:00,130.5,130.82,130.5,130.82,50
2026-09-03T07:53:00.000Z,2026-09-03T10:53:00,130.79,130.84,130.25,130.25,3140
2026-09-03T07:54:00.000Z,2026-09-03T10:54:00,130.84,130.84,130.26,130.26,171
2026-09-03T07:55:00.000Z,2026-09-03T10:55:00,130.26,130.84,130.26,130.84,491
2026-09-03T07:56:00.000Z,2026-09-03T10:56:00,130.26,130.84,130.26,130.84,101
2026-09-03T07:57:00.000Z,2026-09-03T10:57:00,130.26,130.85,130.26,130.3,1952
2026-09-03T07:58:00.000Z,2026-09-03T10:58:00,130.8,130.8,130.3,130.5,610
2026-09-03T07:59:00.000Z,2026-09-03T10:59:00,130.8,130.8,130.5,130.8,1220
2026-09-03T08:00:00.000Z,2026-09-03T11:00:00,130.5,130.8,130.5,130.8,303
2026-09-03T08:01:00.000Z,2026-09-03T11:01:00,130.78,130.8,130.78,130.8,207
2026-09-03T08:02:00.000Z,2026-09-03T11:02:00,130.8,130.8,130.8,130.8,6069
2026-09-03T08:03:00.000Z,2026-09-03T11:03:00,130.8,130.8,130.27,130.8,3945
2026-09-03T08:04:00.000Z,2026-09-03T11:04:00,130.27,130.27,130.27,130.27,417
2026-09-03T08:05:00.000Z,2026-09-03T11:05:00,130.8,130.8,130.31,130.31,2306
2026-09-03T08:06:00.000Z,2026-09-03T11:06:00,130.87,131,130.8,131,7293
2026-09-03T08:07:00.000Z,2026-09-03T11:07:00,130.8,131.4,130.8,131.4,5484
2026-09-03T08:08:00.000Z,2026-09-03T11:08:00,131.4,131.5,131.31,131.5,4629
2026-09-03T08:09:00.000Z,2026-09-03T11:09:00,131.5,131.75,131,131,5107
2026-09-03T08:10:00.000Z,2026-09-03T11:10:00,130.9,130.9,130.8,130.8,3536
2026-09-03T08:11:00.000Z,2026-09-03T11:11:00,130.78,130.78,130.78,130.78,33
2026-09-03T08:12:00.000Z,2026-09-03T11:12:00,130.48,130.48,130.31,130.31,77
2026-09-03T08:13:00.000Z,2026-09-03T11:13:00,130.78,131,130.3,131,3741
2026-09-03T08:14:00.000Z,2026-09-03T11:14:00,130.35,130.99,130.35,130.35,296
2026-09-03T08:15:00.000Z,2026-09-03T11:15:00,130.35,130.88,130.35,130.88,11
2026-09-03T08:16:00.000Z,2026-09-03T11:16:00,130.8,130.88,130.8,130.88,38
2026-09-03T08:17:00.000Z,2026-09-03T11:17:00,130.8,130.8,130.53,130.53,728
2026-09-03T08:18:00.000Z,2026-09-03T11:18:00,130.53,130.7,130.53,130.7,46
2026-09-03T08:19:00.000Z,2026-09-03T11:19:00,130.54,130.54,130.53,130.53,360
2026-09-03T08:20:00.000Z,2026-09-03T11:20:00,130.69,130.69,130.69,130.69,232
2026-09-03T08:21:00.000Z,2026-09-03T11:21:00,130.69,130.69,130.55,130.69,43
2026-09-03T08:22:00.000Z,2026-09-03T11:22:00,130.65,130.97,130.55,130.7,283
2026-09-03T08:23:00.000Z,2026-09-03T11:23:00,130.55,130.7,130.55,130.7,897
2026-09-03T08:24:00.000Z,2026-09-03T11:24:00,130.96,130.97,130.7,130.7,1064
2026-09-03T08:25:00.000Z,2026-09-03T11:25:00,130.55,130.89,130.55,130.89,56
2026-09-03T08:26:00.000Z,2026-09-03T11:26:00,130.89,130.89,130.54,130.89,632
2026-09-03T08:27:00.000Z,2026-09-03T11:27:00,130.8,130.8,130.25,130.79,5548
2026-09-03T08:28:00.000Z,2026-09-03T11:28:00,130.31,130.73,130.25,130.25,1570
2026-09-03T08:29:00.000Z,2026-09-03T11:29:00,130.25,130.72,130.25,130.72,29
2026-09-03T08:30:00.000Z,2026-09-03T11:30:00,130.55,130.55,130.55,130.55,56
2026-09-03T08:31:00.000Z,2026-09-03T11:31:00,130.25,130.55,130.25,130.55,711
2026-09-03T08:32:00.000Z,2026-09-03T11:32:00,130.55,130.73,130.5,130.5,363
2026-09-03T08:33:00.000Z,2026-09-03T11:33:00,130.3,130.5,130.3,130.5,20
2026-09-03T08:34:00.000Z,2026-09-03T11:34:00,130.5,130.5,130.5,130.5,69
2026-09-03T08:35:00.000Z,2026-09-03T11:35:00,130.5,130.5,130.5,130.5,157
2026-09-03T08:36:00.000Z,2026-09-03T11:36:00,130.3,130.3,130.25,130.25,1470
2026-09-03T08:37:00.000Z,2026-09-03T11:37:00,130.25,130.5,129.9,129.9,12181
2026-09-03T08:38:00.000Z,2026-09-03T11:38:00,130,130.49,129.9,130.49,4203
2026-09-03T08:39:00.000Z,2026-09-03T11:39:00,130,130,130,130,774
2026-09-03T08:40:00.000Z,2026-09-03T11:40:00,130.5,130.5,129.9,130.5,726
2026-09-03T08:41:00.000Z,2026-09-03T11:41:00,129.9,130.49,129.9,130.49,407
2026-09-03T08:42:00.000Z,2026-09-03T11:42:00,130.01,130.01,130,130,2766
2026-09-03T08:43:00.000Z,2026-09-03T11:43:00,130,130,129.9,130,855
2026-09-03T08:44:00.000Z,2026-09-03T11:44:00,130,130,129.9,129.9,21
2026-09-03T08:45:00.000Z,2026-09-03T11:45:00,129.9,130.48,129.9,130.23,1630
2026-09-03T08:46:00.000Z,2026-09-03T11:46:00,130.23,130.23,129.75,129.75,1371
2026-09-03T08:47:00.000Z,2026-09-03T11:47:00,130.23,130.23,129.75,129.75,94
2026-09-03T08:48:00.000Z,2026-09-03T11:48:00,130.23,130.23,129.75,130.23,43
2026-09-03T08:50:00.000Z,2026-09-03T11:50:00,129.76,130.2,129.76,130.2,44
2026-09-03T08:51:00.000Z,2026-09-03T11:51:00,130.2,130.2,129.75,130.2,1555
2026-09-03T08:52:00.000Z,2026-09-03T11:52:00,130.2,130.2,129.9,129.9,80
2026-09-03T08:53:00.000Z,2026-09-03T11:53:00,130.18,130.19,130.1,130.1,95
2026-09-03T08:54:00.000Z,2026-09-03T11:54:00,130.1,130.1,130.1,130.1,132
2026-09-03T08:55:00.000Z,2026-09-03T11:55:00,130.1,130.1,130.1,130.1,5
2026-09-03T08:56:00.000Z,2026-09-03T11:56:00,130.1,130.1,130.1,130.1,217
2026-09-03T08:57:00.000Z,2026-09-03T11:57:00,130.19,130.19,130.19,130.19,2
2026-09-03T08:58:00.000Z,2026-09-03T11:58:00,130,130,130,130,5
2026-09-03T08:59:00.000Z,2026-09-03T11:59:00,130,130.19,130,130,420
2026-09-03T09:00:00.000Z,2026-09-03T12:00:00,130,130.19,130,130.19,1045
2026-09-03T09:01:00.000Z,2026-09-03T12:01:00,130.19,130.19,130.19,130.19,26
2026-09-03T09:02:00.000Z,2026-09-03T12:02:00,130,130.15,130,130.15,61
2026-09-03T09:03:00.000Z,2026-09-03T12:03:00,130,130,130,130,403
2026-09-03T09:04:00.000Z,2026-09-03T12:04:00,129.9,129.91,129.9,129.91,309
2026-09-03T09:05:00.000Z,2026-09-03T12:05:00,129.97,129.97,129.75,129.76,506
2026-09-03T09:06:00.000Z,2026-09-03T12:06:00,129.97,129.97,129.97,129.97,12
2026-09-03T09:07:00.000Z,2026-09-03T12:07:00,129.76,129.76,129.76,129.76,20
2026-09-03T09:08:00.000Z,2026-09-03T12:08:00,129.9,129.9,129.75,129.75,245
2026-09-03T09:09:00.000Z,2026-09-03T12:09:00,129.89,129.89,129.75,129.75,156
2026-09-03T09:10:00.000Z,2026-09-03T12:10:00,129.75,129.75,129.75,129.75,156
2026-09-03T09:11:00.000Z,2026-09-03T12:11:00,129.75,129.75,129.75,129.75,2066
2026-09-03T09:12:00.000Z,2026-09-03T12:12:00,129.73,129.74,129.7,129.7,391
2026-09-03T09:13:00.000Z,2026-09-03T12:13:00,129.72,129.73,129.5,129.5,5670
2026-09-03T09:14:00.000Z,2026-09-03T12:14:00,129.39,129.39,129.39,129.39,65
2026-09-03T09:15:00.000Z,2026-09-03T12:15:00,129.3,129.39,129.11,129.11,1552
2026-09-03T09:16:00.000Z,2026-09-03T12:16:00,129.21,129.3,129.12,129.3,135
2026-09-03T09:17:00.000Z,2026-09-03T12:17:00,129.3,129.5,129.1,129.5,1846
2026-09-03T09:18:00.000Z,2026-09-03T12:18:00,129.3,129.5,129.3,129.5,224
2026-09-03T09:19:00.000Z,2026-09-03T12:19:00,129.3,129.3,129.3,129.3,1056
2026-09-03T09:20:00.000Z,2026-09-03T12:20:00,129.5,129.5,129.5,129.5,18
2026-09-03T09:21:00.000Z,2026-09-03T12:21:00,129.3,129.72,129.3,129.5,487
2026-09-03T09:23:00.000Z,2026-09-03T12:23:00,129.7,129.7,129.5,129.5,2824
2026-09-03T09:24:00.000Z,2026-09-03T12:24:00,129.67,130.1,129.67,130.1,6741
2026-09-03T09:26:00.000Z,2026-09-03T12:26:00,129.76,130.1,129.76,130.1,84
2026-09-03T09:27:00.000Z,2026-09-03T12:27:00,130,130.1,129.75,130.1,207
2026-09-03T09:28:00.000Z,2026-09-03T12:28:00,130.1,130.1,130,130,159
2026-09-03T09:29:00.000Z,2026-09-03T12:29:00,130,130,130,130,48
2026-09-03T09:30:00.000Z,2026-09-03T12:30:00,130,130,130,130,360
2026-09-03T09:31:00.000Z,2026-09-03T12:31:00,130,130,129.75,130,950
2026-09-03T09:32:00.000Z,2026-09-03T12:32:00,129.75,130,129.6,130,118
2026-09-03T09:33:00.000Z,2026-09-03T12:33:00,130,130,129.6,130,144
2026-09-03T09:34:00.000Z,2026-09-03T12:34:00,130,130.05,130,130.05,5200
2026-09-03T09:35:00.000Z,2026-09-03T12:35:00,130.05,130.05,129.61,129.61,3086
2026-09-03T09:36:00.000Z,2026-09-03T12:36:00,129.63,129.63,129.41,129.5,3305
2026-09-03T09:37:00.000Z,2026-09-03T12:37:00,129.5,130,129.5,130,1165
2026-09-03T09:38:00.000Z,2026-09-03T12:38:00,130,130,130,130,45
2026-09-03T09:39:00.000Z,2026-09-03T12:39:00,129.51,129.51,129.51,129.51,369
2026-09-03T09:40:00.000Z,2026-09-03T12:40:00,129.51,129.51,129.51,129.51,518
2026-09-03T09:41:00.000Z,2026-09-03T12:41:00,130,130,130,130,29
2026-09-03T09:42:00.000Z,2026-09-03T12:42:00,130,130,130,130,3
2026-09-03T09:44:00.000Z,2026-09-03T12:44:00,129.5,129.77,129.5,129.77,60
2026-09-03T09:45:00.000Z,2026-09-03T12:45:00,130,130,130,130,2
2026-09-03T09:46:00.000Z,2026-09-03T12:46:00,130,130,129.99,129.99,19
2026-09-03T09:47:00.000Z,2026-09-03T12:47:00,129.98,130,129.98,130,10202
2026-09-03T09:48:00.000Z,2026-09-03T12:48:00,130.05,130.05,130.05,130.05,11
2026-09-03T09:49:00.000Z,2026-09-03T12:49:00,130.05,130.05,130,130,49
2026-09-03T09:50:00.000Z,2026-09-03T12:50:00,130,130,130,130,3
2026-09-03T09:51:00.000Z,2026-09-03T12:51:00,130,130,130,130,233
2026-09-03T09:52:00.000Z,2026-09-03T12:52:00,130,130,130,130,1
2026-09-03T09:53:00.000Z,2026-09-03T12:53:00,130,130,129.5,129.5,2016
2026-09-03T09:54:00.000Z,2026-09-03T12:54:00,129.5,129.5,129.4,129.4,161
2026-09-03T09:55:00.000Z,2026-09-03T12:55:00,129.5,129.5,129.5,129.5,204
2026-09-03T09:56:00.000Z,2026-09-03T12:56:00,129.5,129.5,129.4,129.5,75
2026-09-03T09:58:00.000Z,2026-09-03T12:58:00,129.5,129.5,129.4,129.4,107
2026-09-03T09:59:00.000Z,2026-09-03T12:59:00,129.4,129.5,129.4,129.5,162
2026-09-03T10:00:00.000Z,2026-09-03T13:00:00,129.5,129.5,129.5,129.5,4
2026-09-03T10:01:00.000Z,2026-09-03T13:01:00,129.5,129.5,129.5,129.5,10
2026-09-03T10:02:00.000Z,2026-09-03T13:02:00,129.5,129.5,129.4,129.4,24
2026-09-03T10:03:00.000Z,2026-09-03T13:03:00,129.5,130,129.5,130,6798
2026-09-03T10:04:00.000Z,2026-09-03T13:04:00,130.05,130.05,130.05,130.05,153
2026-09-03T10:05:00.000Z,2026-09-03T13:05:00,130,130,130,130,506
2026-09-03T10:06:00.000Z,2026-09-03T13:06:00,130.04,130.04,129.53,129.53,56
2026-09-03T10:07:00.000Z,2026-09-03T13:07:00,130,130,129.51,129.51,2766
2026-09-03T10:08:00.000Z,2026-09-03T13:08:00,130.04,130.04,129.56,129.56,574
2026-09-03T10:10:00.000Z,2026-09-03T13:10:00,129.56,130,129.51,129.51,8246
2026-09-03T10:12:00.000Z,2026-09-03T13:12:00,129.51,129.51,129.51,129.51,639
2026-09-03T10:13:00.000Z,2026-09-03T13:13:00,129.51,129.8,129.51,129.51,3134
2026-09-03T10:14:00.000Z,2026-09-03T13:14:00,129.51,129.51,129.51,129.51,41
2026-09-03T10:15:00.000Z,2026-09-03T13:15:00,129.51,129.6,129.5,129.5,1718
2026-09-03T10:16:00.000Z,2026-09-03T13:16:00,129.4,129.45,129.4,129.4,879
2026-09-03T10:17:00.000Z,2026-09-03T13:17:00,129.4,129.4,129.4,129.4,21
2026-09-03T10:18:00.000Z,2026-09-03T13:18:00,129.4,129.45,129.3,129.3,12217
2026-09-03T10:19:00.000Z,2026-09-03T13:19:00,129.4,129.5,129.4,129.5,281
2026-09-03T10:20:00.000Z,2026-09-03T13:20:00,129.5,129.5,129.5,129.5,10
2026-09-03T10:21:00.000Z,2026-09-03T13:21:00,129.3,129.5,129.3,129.4,258
2026-09-03T10:22:00.000Z,2026-09-03T13:22:00,129.99,129.99,129.3,129.3,150
2026-09-03T10:23:00.000Z,2026-09-03T13:23:00,129.97,129.97,129.97,129.97,1
2026-09-03T10:24:00.000Z,2026-09-03T13:24:00,129.3,129.95,129.3,129.95,234
2026-09-03T10:25:00.000Z,2026-09-03T13:25:00,129.9,129.9,129.9,129.9,10
2026-09-03T10:26:00.000Z,2026-09-03T13:26:00,129.9,129.9,129.31,129.9,29
2026-09-03T10:27:00.000Z,2026-09-03T13:27:00,129.89,129.97,129.88,129.88,2194
2026-09-03T10:28:00.000Z,2026-09-03T13:28:00,129.88,129.9,129.88,129.9,103
2026-09-03T10:29:00.000Z,2026-09-03T13:29:00,129.9,129.9,129.89,129.89,6
2026-09-03T10:30:00.000Z,2026-09-03T13:30:00,129.51,129.89,129.31,129.89,355
2026-09-03T10:31:00.000Z,2026-09-03T13:31:00,129.89,129.89,129.89,129.89,253
2026-09-03T10:32:00.000Z,2026-09-03T13:32:00,129.89,129.97,129.5,129.5,756
2026-09-03T10:33:00.000Z,2026-09-03T13:33:00,129.89,129.89,129.26,129.89,446
2026-09-03T10:34:00.000Z,2026-09-03T13:34:00,129.7,129.7,129.7,129.7,1
2026-09-03T10:35:00.000Z,2026-09-03T13:35:00,129.7,129.7,129.7,129.7,755
2026-09-03T10:36:00.000Z,2026-09-03T13:36:00,129.7,129.7,129.7,129.7,15
2026-09-03T10:37:00.000Z,2026-09-03T13:37:00,129.51,129.51,129.51,129.51,102
2026-09-03T10:38:00.000Z,2026-09-03T13:38:00,129.7,129.7,129.52,129.52,1305
2026-09-03T10:39:00.000Z,2026-09-03T13:39:00,129.7,129.7,129.51,129.51,147
2026-09-03T10:40:00.000Z,2026-09-03T13:40:00,129.7,129.7,129.52,129.52,812
2026-09-03T10:41:00.000Z,2026-09-03T13:41:00,129.52,129.52,129.52,129.52,100
2026-09-03T10:42:00.000Z,2026-09-03T13:42:00,129.52,129.7,129.52,129.7,1959
2026-09-03T10:43:00.000Z,2026-09-03T13:43:00,129.9,129.9,129.9,129.9,104
2026-09-03T10:44:00.000Z,2026-09-03T13:44:00,129.8,129.9,129.7,129.89,512
2026-09-03T10:45:00.000Z,2026-09-03T13:45:00,129.9,129.9,129.9,129.9,153
2026-09-03T10:46:00.000Z,2026-09-03T13:46:00,129.8,129.8,129.56,129.56,43
2026-09-03T10:47:00.000Z,2026-09-03T13:47:00,129.8,129.8,129.55,129.55,1040
2026-09-03T10:48:00.000Z,2026-09-03T13:48:00,129.9,129.9,129.9,129.9,87
2026-09-03T10:49:00.000Z,2026-09-03T13:49:00,129.6,129.6,129.4,129.4,1976
2026-09-03T10:50:00.000Z,2026-09-03T13:50:00,129.4,129.4,129.4,129.4,148
2026-09-03T10:51:00.000Z,2026-09-03T13:51:00,129.4,129.9,129.4,129.9,32
2026-09-03T10:52:00.000Z,2026-09-03T13:52:00,129.9,129.9,129.4,129.9,221
2026-09-03T10:53:00.000Z,2026-09-03T13:53:00,129.8,129.9,129.41,129.9,118
2026-09-03T10:54:00.000Z,2026-09-03T13:54:00,129.9,129.9,129.9,129.9,11
2026-09-03T10:55:00.000Z,2026-09-03T13:55:00,129.89,129.89,129.89,129.89,90
2026-09-03T10:56:00.000Z,2026-09-03T13:56:00,129.89,129.89,129.89,129.89,327
2026-09-03T10:57:00.000Z,2026-09-03T13:57:00,129.8,129.89,129.8,129.89,48
2026-09-03T10:58:00.000Z,2026-09-03T13:58:00,129.8,129.8,129.8,129.8,3
2026-09-03T10:59:00.000Z,2026-09-03T13:59:00,129.8,129.8,129.8,129.8,46
2026-09-03T11:00:00.000Z,2026-09-03T14:00:00,129.8,129.89,129.5,129.5,9735
2026-09-03T11:01:00.000Z,2026-09-03T14:01:00,129.5,129.5,129.4,129.5,2310
2026-09-03T11:02:00.000Z,2026-09-03T14:02:00,129.5,129.5,129.4,129.4,415
2026-09-03T11:03:00.000Z,2026-09-03T14:03:00,129.5,129.5,129.2,129.5,4436
2026-09-03T11:04:00.000Z,2026-09-03T14:04:00,129.21,129.4,129.21,129.4,416
2026-09-03T11:05:00.000Z,2026-09-03T14:05:00,129.3,129.3,129.3,129.3,37
2026-09-03T11:06:00.000Z,2026-09-03T14:06:00,129.25,129.3,129.25,129.3,15
2026-09-03T11:07:00.000Z,2026-09-03T14:07:00,129.26,129.4,129.11,129.4,9776
2026-09-03T11:08:00.000Z,2026-09-03T14:08:00,129.11,129.4,129.11,129.11,1244
2026-09-03T11:09:00.000Z,2026-09-03T14:09:00,129.11,129.11,129.1,129.1,2821
2026-09-03T11:10:00.000Z,2026-09-03T14:10:00,129.79,129.79,129.5,129.5,82
2026-09-03T11:11:00.000Z,2026-09-03T14:11:00,129.79,129.79,129.79,129.79,84
2026-09-03T11:12:00.000Z,2026-09-03T14:12:00,129.51,129.79,129.5,129.79,604
2026-09-03T11:13:00.000Z,2026-09-03T14:13:00,129.79,129.79,129.79,129.79,400
2026-09-03T11:14:00.000Z,2026-09-03T14:14:00,129.5,129.78,129.02,129.78,12124
2026-09-03T11:15:00.000Z,2026-09-03T14:15:00,129,129,129,129,655
2026-09-03T11:25:00.000Z,2026-09-03T14:25:00,130,130,130,130,38666
2026-09-03T11:26:00.000Z,2026-09-03T14:26:00,130,130,130,130,330
2026-09-03T11:27:00.000Z,2026-09-03T14:27:00,130,130,130,130,1700
2026-09-03T11:28:00.000Z,2026-09-03T14:28:00,130,130,130,130,100
2026-09-06T07:00:00.000Z,2026-09-06T10:00:00,130.5,131.5,130.5,131.5,5607
2026-09-06T07:01:00.000Z,2026-09-06T10:01:00,131.5,131.9,131.5,131.85,1721
2026-09-06T07:02:00.000Z,2026-09-06T10:02:00,131.5,131.98,131.5,131.98,2569
2026-09-06T07:03:00.000Z,2026-09-06T10:03:00,131.98,131.98,130.61,131.9,7044
2026-09-06T07:04:00.000Z,2026-09-06T10:04:00,130.61,131.98,130.6,130.6,5899
2026-09-06T07:05:00.000Z,2026-09-06T10:05:00,131.84,131.84,130.6,130.6,697
2026-09-06T07:06:00.000Z,2026-09-06T10:06:00,130.6,130.75,130.6,130.75,767
2026-09-06T07:07:00.000Z,2026-09-06T10:07:00,131.7,131.7,130.75,130.8,8597
2026-09-06T07:08:00.000Z,2026-09-06T10:08:00,130.8,130.8,130.3,130.8,2326
2026-09-06T07:09:00.000Z,2026-09-06T10:09:00,130.8,131.7,130.8,131.7,2104
2026-09-06T07:10:00.000Z,2026-09-06T10:10:00,131,131.85,131,131.85,4640
2026-09-06T07:11:00.000Z,2026-09-06T10:11:00,131.85,132.5,131.85,132.5,20533
2026-09-06T07:12:00.000Z,2026-09-06T10:12:00,132.1,133.66,132.1,133.5,19000
2026-09-06T07:13:00.000Z,2026-09-06T10:13:00,133.5,133.5,133,133,20212
2026-09-06T07:14:00.000Z,2026-09-06T10:14:00,133,133,133,133,6055
2026-09-06T07:15:00.000Z,2026-09-06T10:15:00,132.99,132.99,132.5,132.5,21
2026-09-06T07:16:00.000Z,2026-09-06T10:16:00,132.5,132.99,132.5,132.98,975
2026-09-06T07:17:00.000Z,2026-09-06T10:17:00,132.98,133,132.5,132.5,3514
2026-09-06T07:18:00.000Z,2026-09-06T10:18:00,133,133.39,133,133.39,2277
2026-09-06T07:19:00.000Z,2026-09-06T10:19:00,133.39,133.39,133.38,133.38,640
2026-09-06T07:20:00.000Z,2026-09-06T10:20:00,133.38,133.9,133.31,133.31,10469
2026-09-06T07:21:00.000Z,2026-09-06T10:21:00,133.5,134,133.5,134,10621
2026-09-06T07:22:00.000Z,2026-09-06T10:22:00,134,134.68,133.89,134.68,9871
2026-09-06T07:23:00.000Z,2026-09-06T10:23:00,134.68,134.7,134.2,134.5,4457
2026-09-06T07:24:00.000Z,2026-09-06T10:24:00,134.35,134.89,134,134.7,21002
2026-09-06T07:25:00.000Z,2026-09-06T10:25:00,134.7,134.7,134.2,134.5,2514
2026-09-06T07:26:00.000Z,2026-09-06T10:26:00,134.2,134.5,133.99,134.5,9918
2026-09-06T07:27:00.000Z,2026-09-06T10:27:00,134,134.7,134,134.7,13637
2026-09-06T07:28:00.000Z,2026-09-06T10:28:00,134.7,134.9,134.05,134.51,9563
2026-09-06T07:29:00.000Z,2026-09-06T10:29:00,134.89,135,134.52,134.99,18186
2026-09-06T07:30:00.000Z,2026-09-06T10:30:00,134.99,135.2,134.52,135,3070
2026-09-06T07:31:00.000Z,2026-09-06T10:31:00,135.2,135.9,135,135.9,8631
2026-09-06T07:32:00.000Z,2026-09-06T10:32:00,135.9,137,135.9,137,20839
2026-09-06T07:33:00.000Z,2026-09-06T10:33:00,137,139.5,136.8,138.9,48482
2026-09-06T07:34:00.000Z,2026-09-06T10:34:00,138.9,139.5,138,138.01,9195
2026-09-06T07:35:00.000Z,2026-09-06T10:35:00,138.01,138.3,137.52,137.99,20517
2026-09-06T07:36:00.000Z,2026-09-06T10:36:00,137.99,137.99,135.01,135.11,12132
2026-09-06T07:37:00.000Z,2026-09-06T10:37:00,136.8,137,135.21,136,2506
2026-09-06T07:38:00.000Z,2026-09-06T10:38:00,136,136.9,135.3,136.9,10917
2026-09-06T07:39:00.000Z,2026-09-06T10:39:00,136,136.5,135.1,136.5,5561
2026-09-06T07:40:00.000Z,2026-09-06T10:40:00,136.5,136.5,135.5,136,1817
2026-09-06T07:41:00.000Z,2026-09-06T10:41:00,135.5,136.49,135.2,136.45,5870
2026-09-06T07:42:00.000Z,2026-09-06T10:42:00,136.45,136.6,136,136.6,8188
2026-09-06T07:43:00.000Z,2026-09-06T10:43:00,136.01,136.6,136.01,136.4,446
2026-09-06T07:44:00.000Z,2026-09-06T10:44:00,136.3,136.4,136,136.33,3853
2026-09-06T07:45:00.000Z,2026-09-06T10:45:00,136.33,136.5,136,136.49,11442
2026-09-06T07:46:00.000Z,2026-09-06T10:46:00,136.49,136.49,136,136,1431
2026-09-06T07:47:00.000Z,2026-09-06T10:47:00,135.85,136,135.26,135.27,1341
2026-09-06T07:48:00.000Z,2026-09-06T10:48:00,135.98,135.98,135.27,135.3,157
2026-09-06T07:49:00.000Z,2026-09-06T10:49:00,135.3,135.88,135.3,135.31,1222
2026-09-06T07:50:00.000Z,2026-09-06T10:50:00,135.32,135.32,135.26,135.26,4806
2026-09-06T07:51:00.000Z,2026-09-06T10:51:00,135.3,135.79,135.04,135.06,2817
2026-09-06T07:52:00.000Z,2026-09-06T10:52:00,135.25,135.69,135.05,135.06,1891
2026-09-06T07:53:00.000Z,2026-09-06T10:53:00,135.06,135.69,135.06,135.69,844
2026-09-06T07:54:00.000Z,2026-09-06T10:54:00,135.69,135.69,135.06,135.5,643
2026-09-06T07:55:00.000Z,2026-09-06T10:55:00,135.5,135.5,135.11,135.5,241
2026-09-06T07:56:00.000Z,2026-09-06T10:56:00,135.4,135.5,135.11,135.5,2184
2026-09-06T07:57:00.000Z,2026-09-06T10:57:00,135.48,135.49,135.11,135.49,777
2026-09-06T07:58:00.000Z,2026-09-06T10:58:00,135.49,135.49,135.11,135.11,1538
2026-09-06T07:59:00.000Z,2026-09-06T10:59:00,135.49,135.49,135.11,135.49,2342
2026-09-06T08:00:00.000Z,2026-09-06T11:00:00,135.49,135.49,135.15,135.15,702
2026-09-06T08:01:00.000Z,2026-09-06T11:01:00,135.45,135.45,135.12,135.44,3774
2026-09-06T08:02:00.000Z,2026-09-06T11:02:00,135.4,135.4,135.16,135.4,1739
2026-09-06T08:03:00.000Z,2026-09-06T11:03:00,135.16,135.4,135.16,135.39,1052
2026-09-06T08:04:00.000Z,2026-09-06T11:04:00,135.39,135.4,135.39,135.4,1512
2026-09-06T08:05:00.000Z,2026-09-06T11:05:00,135.39,135.39,135.18,135.2,1822
2026-09-06T08:06:00.000Z,2026-09-06T11:06:00,135.2,135.4,135.19,135.19,712
2026-09-06T08:07:00.000Z,2026-09-06T11:07:00,135.25,135.4,135.19,135.19,2317
2026-09-06T08:08:00.000Z,2026-09-06T11:08:00,135.4,135.4,135.12,135.4,683
2026-09-06T08:09:00.000Z,2026-09-06T11:09:00,135.12,135.4,135.12,135.15,1384
2026-09-06T08:10:00.000Z,2026-09-06T11:10:00,135.4,135.4,135.15,135.4,449
2026-09-06T08:11:00.000Z,2026-09-06T11:11:00,135.15,135.49,135.12,135.49,2462
2026-09-06T08:12:00.000Z,2026-09-06T11:12:00,135.2,135.49,135.15,135.49,924
2026-09-06T08:13:00.000Z,2026-09-06T11:13:00,135.35,135.35,135.01,135.3,14072
2026-09-06T08:14:00.000Z,2026-09-06T11:14:00,135.01,135.3,135,135,3520
2026-09-06T08:15:00.000Z,2026-09-06T11:15:00,135.25,135.3,135,135,2591
2026-09-06T08:16:00.000Z,2026-09-06T11:16:00,135,135.3,135,135.29,6849
2026-09-06T08:17:00.000Z,2026-09-06T11:17:00,135.28,135.28,135.28,135.28,56
2026-09-06T08:18:00.000Z,2026-09-06T11:18:00,135.28,135.28,135.25,135.28,1926
2026-09-06T08:19:00.000Z,2026-09-06T11:19:00,135.28,135.28,134.9,134.9,741
2026-09-06T08:20:00.000Z,2026-09-06T11:20:00,134.99,135,134.56,135,3195
2026-09-06T08:21:00.000Z,2026-09-06T11:21:00,135,135,134.91,135,172
2026-09-06T08:22:00.000Z,2026-09-06T11:22:00,135,135,134.91,135,409
2026-09-06T08:23:00.000Z,2026-09-06T11:23:00,134.91,134.91,134.8,134.8,1641
2026-09-06T08:24:00.000Z,2026-09-06T11:24:00,134.8,134.85,134.56,134.56,198
2026-09-06T08:25:00.000Z,2026-09-06T11:25:00,134.56,134.8,134.56,134.8,798
2026-09-06T08:26:00.000Z,2026-09-06T11:26:00,134.56,134.85,134.55,134.55,659
2026-09-06T08:27:00.000Z,2026-09-06T11:27:00,134.85,134.85,134.85,134.85,108
2026-09-06T08:28:00.000Z,2026-09-06T11:28:00,134.77,134.85,134.56,134.56,217
2026-09-06T08:29:00.000Z,2026-09-06T11:29:00,134.6,135,134.6,134.85,1338
2026-09-06T08:30:00.000Z,2026-09-06T11:30:00,135,135,134.85,135,152
2026-09-06T08:31:00.000Z,2026-09-06T11:31:00,135,135,134.85,135,930
2026-09-06T08:32:00.000Z,2026-09-06T11:32:00,135,135,135,135,610
2026-09-06T08:33:00.000Z,2026-09-06T11:33:00,135,135.3,135,135.3,82
2026-09-06T08:34:00.000Z,2026-09-06T11:34:00,135,135.3,135,135.3,139
2026-09-06T08:35:00.000Z,2026-09-06T11:35:00,135.3,135.3,135.3,135.3,36
2026-09-06T08:36:00.000Z,2026-09-06T11:36:00,135.3,135.3,135.3,135.3,370
2026-09-06T08:37:00.000Z,2026-09-06T11:37:00,135.3,135.3,135,135.3,115
2026-09-06T08:38:00.000Z,2026-09-06T11:38:00,135.3,135.35,135.3,135.35,1161
2026-09-06T08:39:00.000Z,2026-09-06T11:39:00,135.35,135.35,135,135.35,1166
2026-09-06T08:40:00.000Z,2026-09-06T11:40:00,135.35,135.35,135.35,135.35,144
2026-09-06T08:41:00.000Z,2026-09-06T11:41:00,135.35,135.35,135.3,135.3,137
2026-09-06T08:42:00.000Z,2026-09-06T11:42:00,135.24,135.24,135,135.24,2184
2026-09-06T08:43:00.000Z,2026-09-06T11:43:00,135.24,135.24,135.19,135.19,935
2026-09-06T08:44:00.000Z,2026-09-06T11:44:00,135.19,135.26,135.19,135.26,259
2026-09-06T08:45:00.000Z,2026-09-06T11:45:00,135.26,135.26,135.26,135.26,83
2026-09-06T08:46:00.000Z,2026-09-06T11:46:00,135.3,135.35,135.26,135.35,1243
2026-09-06T08:47:00.000Z,2026-09-06T11:47:00,135.26,135.35,134.86,135.35,2262
2026-09-06T08:48:00.000Z,2026-09-06T11:48:00,135.35,135.35,134.86,134.86,1096
2026-09-06T08:49:00.000Z,2026-09-06T11:49:00,135,135.35,135,135.35,1471
2026-09-06T08:50:00.000Z,2026-09-06T11:50:00,135.35,135.35,135,135.35,344
2026-09-06T08:51:00.000Z,2026-09-06T11:51:00,135.35,135.35,135,135,122
2026-09-06T08:52:00.000Z,2026-09-06T11:52:00,135.35,135.35,135.35,135.35,400
2026-09-06T08:53:00.000Z,2026-09-06T11:53:00,135.35,135.35,135,135.34,633
2026-09-06T08:54:00.000Z,2026-09-06T11:54:00,135,135,134.86,135,305
2026-09-06T08:55:00.000Z,2026-09-06T11:55:00,135,135,135,135,150
2026-09-06T08:56:00.000Z,2026-09-06T11:56:00,134.86,135,134.86,135,104
2026-09-06T08:57:00.000Z,2026-09-06T11:57:00,134.87,135,134.8,135,3509
2026-09-06T08:58:00.000Z,2026-09-06T11:58:00,135,135,134.99,135,418
2026-09-06T08:59:00.000Z,2026-09-06T11:59:00,135,135,134.6,135,160
2026-09-06T09:00:00.000Z,2026-09-06T12:00:00,134.99,134.99,134.58,134.99,349
2026-09-06T09:01:00.000Z,2026-09-06T12:01:00,134.99,134.99,134.58,134.58,648
2026-09-06T09:02:00.000Z,2026-09-06T12:02:00,134.99,134.99,134.8,134.8,1100
2026-09-06T09:03:00.000Z,2026-09-06T12:03:00,134.8,134.8,134.55,134.78,87
2026-09-06T09:04:00.000Z,2026-09-06T12:04:00,134.55,134.78,134.55,134.78,11
2026-09-06T09:05:00.000Z,2026-09-06T12:05:00,134.55,134.8,134.55,134.8,29
2026-09-06T09:06:00.000Z,2026-09-06T12:06:00,134.55,134.79,134.55,134.55,40
2026-09-06T09:07:00.000Z,2026-09-06T12:07:00,134.79,134.79,134.55,134.79,636
2026-09-06T09:08:00.000Z,2026-09-06T12:08:00,134.79,134.79,134.55,134.55,74
2026-09-06T09:09:00.000Z,2026-09-06T12:09:00,134.79,134.79,134.79,134.79,54
2026-09-06T09:10:00.000Z,2026-09-06T12:10:00,134.7,134.7,134.55,134.7,111
2026-09-06T09:11:00.000Z,2026-09-06T12:11:00,134.7,134.7,134.5,134.7,10247
2026-09-06T09:12:00.000Z,2026-09-06T12:12:00,134.5,134.5,134.5,134.5,65
2026-09-06T09:13:00.000Z,2026-09-06T12:13:00,134.7,134.7,134.7,134.7,35
2026-09-06T09:15:00.000Z,2026-09-06T12:15:00,134.5,134.7,134.43,134.5,2242
2026-09-06T09:16:00.000Z,2026-09-06T12:16:00,134.5,134.7,134.5,134.7,5356
2026-09-06T09:17:00.000Z,2026-09-06T12:17:00,134.5,134.7,134.5,134.51,3789
2026-09-06T09:18:00.000Z,2026-09-06T12:18:00,134.5,134.7,134.5,134.7,136
2026-09-06T09:19:00.000Z,2026-09-06T12:19:00,134.7,134.8,134.7,134.8,222
2026-09-06T09:20:00.000Z,2026-09-06T12:20:00,134.5,134.5,134.5,134.5,483
2026-09-06T09:21:00.000Z,2026-09-06T12:21:00,134.5,134.8,134.4,134.8,416
2026-09-06T09:22:00.000Z,2026-09-06T12:22:00,134.3,134.3,134.26,134.3,901
2026-09-06T09:23:00.000Z,2026-09-06T12:23:00,134.3,134.65,134.26,134.65,186
2026-09-06T09:24:00.000Z,2026-09-06T12:24:00,134.26,134.65,134.25,134.65,497
2026-09-06T09:25:00.000Z,2026-09-06T12:25:00,134.65,134.65,134.25,134.25,54
2026-09-06T09:26:00.000Z,2026-09-06T12:26:00,134.65,134.65,134.65,134.65,4
2026-09-06T09:27:00.000Z,2026-09-06T12:27:00,134.65,134.65,134.25,134.25,2097
2026-09-06T09:28:00.000Z,2026-09-06T12:28:00,134.25,134.65,134.25,134.65,838
2026-09-06T09:29:00.000Z,2026-09-06T12:29:00,134.5,134.8,134.5,134.8,110
2026-09-06T09:30:00.000Z,2026-09-06T12:30:00,134.8,134.8,134.8,134.8,33
2026-09-06T09:31:00.000Z,2026-09-06T12:31:00,134.8,135,134.8,135,242
2026-09-06T09:32:00.000Z,2026-09-06T12:32:00,135,135,135,135,47
2026-09-06T09:33:00.000Z,2026-09-06T12:33:00,134.99,135,134.99,135,684
2026-09-06T09:34:00.000Z,2026-09-06T12:34:00,135,135,134.62,135,259
2026-09-06T09:35:00.000Z,2026-09-06T12:35:00,134.7,135,134.7,135,241
2026-09-06T09:36:00.000Z,2026-09-06T12:36:00,134.7,135.1,134.62,134.7,591
2026-09-06T09:37:00.000Z,2026-09-06T12:37:00,134.99,135,134.99,135,1031
2026-09-06T09:38:00.000Z,2026-09-06T12:38:00,134.7,135,134.7,135,91
2026-09-06T09:39:00.000Z,2026-09-06T12:39:00,135,135,135,135,150
2026-09-06T09:40:00.000Z,2026-09-06T12:40:00,135,135,134.66,135,1573
2026-09-06T09:41:00.000Z,2026-09-06T12:41:00,135,135,135,135,182
2026-09-06T09:42:00.000Z,2026-09-06T12:42:00,135,135,135,135,145
2026-09-06T09:43:00.000Z,2026-09-06T12:43:00,134.66,135,134.62,135,539
2026-09-06T09:44:00.000Z,2026-09-06T12:44:00,134.62,135,134.62,135,89
2026-09-06T09:45:00.000Z,2026-09-06T12:45:00,135,135.1,135,135.1,100
2026-09-06T09:46:00.000Z,2026-09-06T12:46:00,134.64,135.1,134.64,135.1,24
2026-09-06T09:47:00.000Z,2026-09-06T12:47:00,135.1,135.1,135,135,40
2026-09-06T09:48:00.000Z,2026-09-06T12:48:00,134.72,134.72,134.72,134.72,11
2026-09-06T09:49:00.000Z,2026-09-06T12:49:00,135,135,134.71,134.71,189
2026-09-06T09:50:00.000Z,2026-09-06T12:50:00,135,135,135,135,73
2026-09-06T09:51:00.000Z,2026-09-06T12:51:00,134.71,135,134.71,135,83
2026-09-06T09:52:00.000Z,2026-09-06T12:52:00,135,135,134.71,134.71,58
2026-09-06T09:53:00.000Z,2026-09-06T12:53:00,134.98,134.98,134.98,134.98,7
2026-09-06T09:54:00.000Z,2026-09-06T12:54:00,134.71,134.98,134.71,134.98,1016
2026-09-06T09:55:00.000Z,2026-09-06T12:55:00,134.71,134.98,134.71,134.98,17
2026-09-06T09:56:00.000Z,2026-09-06T12:56:00,134.98,134.98,134.71,134.9,107
2026-09-06T09:57:00.000Z,2026-09-06T12:57:00,134.71,134.89,134.65,134.89,345
2026-09-06T09:58:00.000Z,2026-09-06T12:58:00,134.89,134.89,134.62,134.62,18
2026-09-06T09:59:00.000Z,2026-09-06T12:59:00,134.89,134.89,134.62,134.89,758
2026-09-06T10:00:00.000Z,2026-09-06T13:00:00,134.89,135,134.62,135,3048
2026-09-06T10:01:00.000Z,2026-09-06T13:01:00,135,135,135,135,55
2026-09-06T10:02:00.000Z,2026-09-06T13:02:00,134.95,135,134.95,135,301
2026-09-06T10:03:00.000Z,2026-09-06T13:03:00,135,135,134.7,134.7,1198
2026-09-06T10:04:00.000Z,2026-09-06T13:04:00,134.99,134.99,134.99,134.99,183
2026-09-06T10:05:00.000Z,2026-09-06T13:05:00,134.99,135,134.99,135,904
2026-09-06T10:06:00.000Z,2026-09-06T13:06:00,134.99,134.99,134.99,134.99,74
2026-09-06T10:07:00.000Z,2026-09-06T13:07:00,134.8,134.8,134.7,134.7,107
2026-09-06T10:08:00.000Z,2026-09-06T13:08:00,134.7,134.71,134.7,134.71,141
2026-09-06T10:09:00.000Z,2026-09-06T13:09:00,134.71,134.75,134.5,134.5,2010
2026-09-06T10:10:00.000Z,2026-09-06T13:10:00,134.5,134.5,134.5,134.5,55
2026-09-06T10:11:00.000Z,2026-09-06T13:11:00,134.5,134.5,134.5,134.5,40
2026-09-06T10:12:00.000Z,2026-09-06T13:12:00,134.65,134.99,134.65,134.65,1020
2026-09-06T10:13:00.000Z,2026-09-06T13:13:00,134.65,134.65,134.65,134.65,2
2026-09-06T10:14:00.000Z,2026-09-06T13:14:00,134.65,134.97,134.5,134.97,132
2026-09-06T10:15:00.000Z,2026-09-06T13:15:00,134.97,134.97,134.5,134.97,130
2026-09-06T10:16:00.000Z,2026-09-06T13:16:00,134.97,134.97,134.97,134.97,29
2026-09-06T10:17:00.000Z,2026-09-06T13:17:00,134.5,134.97,134.5,134.97,10
2026-09-06T10:18:00.000Z,2026-09-06T13:18:00,134.97,134.97,134.91,134.97,49
2026-09-06T10:19:00.000Z,2026-09-06T13:19:00,134.97,134.97,134.97,134.97,171
2026-09-06T10:20:00.000Z,2026-09-06T13:20:00,134.97,134.97,134.5,134.5,263
2026-09-06T10:21:00.000Z,2026-09-06T13:21:00,134.5,134.5,134.32,134.5,565
2026-09-06T10:22:00.000Z,2026-09-06T13:22:00,134.5,134.5,134.49,134.49,19
2026-09-06T10:23:00.000Z,2026-09-06T13:23:00,134.32,134.49,134.32,134.4,87
2026-09-06T10:24:00.000Z,2026-09-06T13:24:00,134.49,134.97,134.49,134.97,736
2026-09-06T10:25:00.000Z,2026-09-06T13:25:00,134.97,134.99,134.3,134.99,548
2026-09-06T10:26:00.000Z,2026-09-06T13:26:00,134.99,135.09,134.99,134.99,2953
2026-09-06T10:28:00.000Z,2026-09-06T13:28:00,134.9,134.99,134.9,134.99,355
2026-09-06T10:29:00.000Z,2026-09-06T13:29:00,134.97,134.97,134.6,134.97,327
2026-09-06T10:30:00.000Z,2026-09-06T13:30:00,134.96,134.96,134.96,134.96,9
2026-09-06T10:31:00.000Z,2026-09-06T13:31:00,134.6,134.96,134.6,134.96,158
2026-09-06T10:32:00.000Z,2026-09-06T13:32:00,134.96,134.96,134.6,134.95,584
2026-09-06T10:33:00.000Z,2026-09-06T13:33:00,134.95,134.95,134.65,134.65,97
2026-09-06T10:34:00.000Z,2026-09-06T13:34:00,134.95,134.95,134.65,134.65,10
2026-09-06T10:35:00.000Z,2026-09-06T13:35:00,134.95,134.95,134.65,134.95,909
2026-09-06T10:36:00.000Z,2026-09-06T13:36:00,134.88,134.88,134.65,134.65,22
2026-09-06T10:37:00.000Z,2026-09-06T13:37:00,134.65,134.87,134.65,134.65,23
2026-09-06T10:38:00.000Z,2026-09-06T13:38:00,134.87,134.87,134.65,134.87,1272
2026-09-06T10:39:00.000Z,2026-09-06T13:39:00,134.87,134.87,134.87,134.87,137
2026-09-06T10:40:00.000Z,2026-09-06T13:40:00,134.77,134.77,134.75,134.75,573
2026-09-06T10:41:00.000Z,2026-09-06T13:41:00,134.75,134.75,134.5,134.74,2194
2026-09-06T10:42:00.000Z,2026-09-06T13:42:00,134.5,134.74,134.4,134.4,503
2026-09-06T10:43:00.000Z,2026-09-06T13:43:00,134.74,134.74,134.5,134.74,300
2026-09-06T10:44:00.000Z,2026-09-06T13:44:00,134.74,135.1,134.74,135.1,9839
2026-09-06T10:45:00.000Z,2026-09-06T13:45:00,135.1,136,135.1,135.5,10734
2026-09-06T10:46:00.000Z,2026-09-06T13:46:00,136,136,136,136,2556
2026-09-06T10:47:00.000Z,2026-09-06T13:47:00,136,136,135.03,135.07,93
2026-09-06T10:48:00.000Z,2026-09-06T13:48:00,136,136,135.1,136,111
2026-09-06T10:49:00.000Z,2026-09-06T13:49:00,135.95,135.98,135.11,135.98,663
2026-09-06T10:50:00.000Z,2026-09-06T13:50:00,135.98,136,135.12,135.35,4084
2026-09-06T10:51:00.000Z,2026-09-06T13:51:00,135.35,136,135.15,135.99,1497
2026-09-06T10:52:00.000Z,2026-09-06T13:52:00,135.99,136.1,135.16,136,9407
2026-09-06T10:53:00.000Z,2026-09-06T13:53:00,136,136.35,136,136.35,3254
2026-09-06T10:54:00.000Z,2026-09-06T13:54:00,136.35,136.49,136.35,136.49,2053
2026-09-06T10:55:00.000Z,2026-09-06T13:55:00,136.49,136.5,136.4,136.49,865
2026-09-06T10:56:00.000Z,2026-09-06T13:56:00,136.4,136.4,136,136.3,10642
2026-09-06T10:57:00.000Z,2026-09-06T13:57:00,136.3,136.3,136,136,10763
2026-09-06T10:58:00.000Z,2026-09-06T13:58:00,136,136,135.9,135.9,132
2026-09-06T10:59:00.000Z,2026-09-06T13:59:00,135.3,136.2,135.3,136,6995
2026-09-06T11:00:00.000Z,2026-09-06T14:00:00,136,136,135.4,135.4,1960
2026-09-06T11:01:00.000Z,2026-09-06T14:01:00,135.5,136,135.3,135.4,603
2026-09-06T11:02:00.000Z,2026-09-06T14:02:00,136,136,136,136,349
2026-09-06T11:03:00.000Z,2026-09-06T14:03:00,136,136.45,136,136,14483
2026-09-06T11:04:00.000Z,2026-09-06T14:04:00,136,136.4,136,136,10797
2026-09-06T11:05:00.000Z,2026-09-06T14:05:00,136.4,136.4,136,136,138
2026-09-06T11:06:00.000Z,2026-09-06T14:06:00,136,136.4,136,136.35,263
2026-09-06T11:07:00.000Z,2026-09-06T14:07:00,136,136.39,135.9,135.9,3516
2026-09-06T11:08:00.000Z,2026-09-06T14:08:00,135.6,136,135.4,136,6535
2026-09-06T11:09:00.000Z,2026-09-06T14:09:00,136,136.39,136,136,278
2026-09-06T11:10:00.000Z,2026-09-06T14:10:00,136,136.38,136,136,490
2026-09-06T11:11:00.000Z,2026-09-06T14:11:00,136.38,136.4,136.38,136.4,856
2026-09-06T11:12:00.000Z,2026-09-06T14:12:00,136.4,136.49,136,136,456
2026-09-06T11:13:00.000Z,2026-09-06T14:13:00,136.1,136.3,136.1,136.3,49
2026-09-06T11:14:00.000Z,2026-09-06T14:14:00,136.1,136.29,136,136,2569
2026-09-06T11:25:00.000Z,2026-09-06T14:25:00,136.2,136.2,136.2,136.2,11331
2026-09-06T11:26:00.000Z,2026-09-06T14:26:00,136.2,136.2,136.2,136.2,386
2026-09-06T11:27:00.000Z,2026-09-06T14:27:00,136.2,136.2,136.2,136.2,1065
2026-09-06T11:28:00.000Z,2026-09-06T14:28:00,136.2,136.2,136.2,136.2,1160
2026-09-06T11:29:00.000Z,2026-09-06T14:29:00,136.2,136.2,136.2,136.2,1357
2026-09-07T07:00:00.000Z,2026-09-07T10:00:00,137.34,137.34,137,137,3984
2026-09-07T07:01:00.000Z,2026-09-07T10:01:00,137,137.3,137,137,2923
2026-09-07T07:02:00.000Z,2026-09-07T10:02:00,137,137.3,137,137.29,1938
2026-09-07T07:03:00.000Z,2026-09-07T10:03:00,137.29,137.29,136.5,137,3099
2026-09-07T07:04:00.000Z,2026-09-07T10:04:00,136.6,137,136.6,137,840
2026-09-07T07:05:00.000Z,2026-09-07T10:05:00,137,137,136.51,136.55,405
2026-09-07T07:06:00.000Z,2026-09-07T10:06:00,136.55,137,136.51,136.51,1609
2026-09-07T07:07:00.000Z,2026-09-07T10:07:00,136.99,137,136.5,136.95,1719
2026-09-07T07:08:00.000Z,2026-09-07T10:08:00,136.9,136.9,136.51,136.8,1417
2026-09-07T07:09:00.000Z,2026-09-07T10:09:00,136.8,136.8,136.4,136.4,3585
2026-09-07T07:10:00.000Z,2026-09-07T10:10:00,136.3,136.3,136,136.19,10022
2026-09-07T07:11:00.000Z,2026-09-07T10:11:00,136,136.19,135.5,136,4365
2026-09-07T07:12:00.000Z,2026-09-07T10:12:00,136,136.3,136,136.3,850
2026-09-07T07:13:00.000Z,2026-09-07T10:13:00,136.3,136.3,136,136,1181
2026-09-07T07:14:00.000Z,2026-09-07T10:14:00,136.3,136.3,136,136.3,1962
2026-09-07T07:15:00.000Z,2026-09-07T10:15:00,136.3,136.3,136,136,304
2026-09-07T07:16:00.000Z,2026-09-07T10:16:00,136.29,136.3,136.29,136.3,490
2026-09-07T07:17:00.000Z,2026-09-07T10:17:00,136.3,136.3,136.3,136.3,6
2026-09-07T07:18:00.000Z,2026-09-07T10:18:00,136.3,136.79,136.3,136.79,376
2026-09-07T07:19:00.000Z,2026-09-07T10:19:00,136.05,136.78,136.05,136.78,39
2026-09-07T07:20:00.000Z,2026-09-07T10:20:00,136.78,136.78,136.1,136.77,2070
2026-09-07T07:21:00.000Z,2026-09-07T10:21:00,136.77,137.34,136.1,137.34,7453
2026-09-07T07:22:00.000Z,2026-09-07T10:22:00,137,137.49,137,137.49,2268
2026-09-07T07:23:00.000Z,2026-09-07T10:23:00,137.49,137.5,137,137.5,1236
2026-09-07T07:24:00.000Z,2026-09-07T10:24:00,137.5,137.5,137.06,137.5,2097
2026-09-07T07:25:00.000Z,2026-09-07T10:25:00,137.5,137.66,137.05,137.2,173
2026-09-07T07:26:00.000Z,2026-09-07T10:26:00,137.64,138.5,137.2,138.5,12924
2026-09-07T07:27:00.000Z,2026-09-07T10:27:00,138.5,138.5,138.49,138.49,10821
2026-09-07T07:28:00.000Z,2026-09-07T10:28:00,138.48,138.49,138,138.49,977
2026-09-07T07:29:00.000Z,2026-09-07T10:29:00,138.49,138.49,138,138,312
2026-09-07T07:30:00.000Z,2026-09-07T10:30:00,138.39,138.4,138,138,1159
2026-09-07T07:31:00.000Z,2026-09-07T10:31:00,138.34,139,138,139,22300
2026-09-07T07:32:00.000Z,2026-09-07T10:32:00,139,139,138.25,138.97,7631
2026-09-07T07:33:00.000Z,2026-09-07T10:33:00,138.97,138.97,138.36,138.36,2669
2026-09-07T07:34:00.000Z,2026-09-07T10:34:00,138.79,138.95,138.35,138.5,6076
2026-09-07T07:35:00.000Z,2026-09-07T10:35:00,138.1,138.49,138.1,138.49,85
2026-09-07T07:36:00.000Z,2026-09-07T10:36:00,138.49,138.5,138.02,138.5,112
2026-09-07T07:37:00.000Z,2026-09-07T10:37:00,138.49,138.49,138.02,138.02,552
2026-09-07T07:38:00.000Z,2026-09-07T10:38:00,138.02,138.02,138,138,2488
2026-09-07T07:39:00.000Z,2026-09-07T10:39:00,138.02,138.02,138,138,645
2026-09-07T07:40:00.000Z,2026-09-07T10:40:00,138.02,138.02,138,138.02,20
2026-09-07T07:41:00.000Z,2026-09-07T10:41:00,138.01,138.01,138,138,150
2026-09-07T07:42:00.000Z,2026-09-07T10:42:00,138.02,138.46,138,138,573
2026-09-07T07:43:00.000Z,2026-09-07T10:43:00,138.46,138.46,138.46,138.46,93
2026-09-07T07:44:00.000Z,2026-09-07T10:44:00,138.01,138.46,138,138,792
2026-09-07T07:45:00.000Z,2026-09-07T10:45:00,138,138,138,138,114
2026-09-07T07:46:00.000Z,2026-09-07T10:46:00,138.45,138.5,138.45,138.5,2064
2026-09-07T07:47:00.000Z,2026-09-07T10:47:00,138.1,138.5,138.1,138.5,72
2026-09-07T07:48:00.000Z,2026-09-07T10:48:00,138.1,138.5,138,138,1499
2026-09-07T07:49:00.000Z,2026-09-07T10:49:00,138.5,138.5,138.5,138.5,70
2026-09-07T07:50:00.000Z,2026-09-07T10:50:00,138.48,138.5,138,138.4,5167
2026-09-07T07:51:00.000Z,2026-09-07T10:51:00,138.4,138.89,138.4,138.89,1273
2026-09-07T07:52:00.000Z,2026-09-07T10:52:00,138.89,138.92,138.5,138.5,2710
2026-09-07T07:53:00.000Z,2026-09-07T10:53:00,138.5,138.5,138.49,138.49,162
2026-09-07T07:54:00.000Z,2026-09-07T10:54:00,138.2,138.5,138.2,138.2,1477
2026-09-07T07:55:00.000Z,2026-09-07T10:55:00,138.2,138.2,138,138.2,6286
2026-09-07T07:56:00.000Z,2026-09-07T10:56:00,138,138.39,138,138,953
2026-09-07T07:57:00.000Z,2026-09-07T10:57:00,138.38,138.48,138,138,178
2026-09-07T07:58:00.000Z,2026-09-07T10:58:00,138,138.3,138,138,7628
2026-09-07T07:59:00.000Z,2026-09-07T10:59:00,138,138.37,138,138.37,1371
2026-09-07T08:00:00.000Z,2026-09-07T11:00:00,138,138,138,138,2464
2026-09-07T08:02:00.000Z,2026-09-07T11:02:00,137.99,137.99,137.61,137.61,209
2026-09-07T08:03:00.000Z,2026-09-07T11:03:00,137.61,137.9,137.61,137.89,231
2026-09-07T08:04:00.000Z,2026-09-07T11:04:00,137.61,137.89,137.5,137.88,3761
2026-09-07T08:05:00.000Z,2026-09-07T11:05:00,137.5,137.8,137.5,137.8,1181
2026-09-07T08:06:00.000Z,2026-09-07T11:06:00,137.87,137.87,137.3,137.3,3709
2026-09-07T08:07:00.000Z,2026-09-07T11:07:00,137.3,137.3,136.6,137,18841
2026-09-07T08:08:00.000Z,2026-09-07T11:08:00,137,137.59,137,137,812
2026-09-07T08:09:00.000Z,2026-09-07T11:09:00,137.5,137.5,137,137.49,7385
2026-09-07T08:10:00.000Z,2026-09-07T11:10:00,137,137.5,137,137,12515
2026-09-07T08:11:00.000Z,2026-09-07T11:11:00,137,137.5,136.28,137.49,1280
2026-09-07T08:12:00.000Z,2026-09-07T11:12:00,136.32,137.49,136.32,137.38,2679
2026-09-07T08:13:00.000Z,2026-09-07T11:13:00,136.51,137.38,136.51,137.38,78
2026-09-07T08:14:00.000Z,2026-09-07T11:14:00,137.4,137.4,137,137,1009
2026-09-07T08:15:00.000Z,2026-09-07T11:15:00,137.4,137.4,137,137.01,232
2026-09-07T08:16:00.000Z,2026-09-07T11:16:00,137.01,137.4,137.01,137.4,35
2026-09-07T08:17:00.000Z,2026-09-07T11:17:00,137,137.4,137,137.1,8398
2026-09-07T08:18:00.000Z,2026-09-07T11:18:00,137.4,137.4,137,137.4,195
2026-09-07T08:19:00.000Z,2026-09-07T11:19:00,137.03,137.4,137.02,137.4,472
2026-09-07T08:20:00.000Z,2026-09-07T11:20:00,137.4,137.4,137.4,137.4,43
2026-09-07T08:21:00.000Z,2026-09-07T11:21:00,137.5,137.84,137,137,376
2026-09-07T08:22:00.000Z,2026-09-07T11:22:00,137.83,137.84,137.01,137.84,545
2026-09-07T08:23:00.000Z,2026-09-07T11:23:00,137.84,137.84,137.84,137.84,38
2026-09-07T08:24:00.000Z,2026-09-07T11:24:00,137.12,137.88,137,137.88,125
2026-09-07T08:25:00.000Z,2026-09-07T11:25:00,137.87,137.88,137.87,137.88,85
2026-09-07T08:26:00.000Z,2026-09-07T11:26:00,137.88,137.88,137.5,137.8,121
2026-09-07T08:27:00.000Z,2026-09-07T11:27:00,137.8,137.88,137,137.88,618
2026-09-07T08:28:00.000Z,2026-09-07T11:28:00,137.87,137.87,137.87,137.87,8
2026-09-07T08:30:00.000Z,2026-09-07T11:30:00,137.49,137.49,137,137,2095
2026-09-07T08:31:00.000Z,2026-09-07T11:31:00,137.84,137.84,137.8,137.8,23
2026-09-07T08:32:00.000Z,2026-09-07T11:32:00,137.4,137.4,137,137,5005
2026-09-07T08:33:00.000Z,2026-09-07T11:33:00,137.4,137.4,137.4,137.4,19
2026-09-07T08:34:00.000Z,2026-09-07T11:34:00,137.4,137.4,137.03,137.05,312
2026-09-07T08:35:00.000Z,2026-09-07T11:35:00,137.4,137.85,137.4,137.85,3061
2026-09-07T08:36:00.000Z,2026-09-07T11:36:00,137.85,137.85,137.85,137.85,181
2026-09-07T08:37:00.000Z,2026-09-07T11:37:00,138,138,137.85,138,5118
2026-09-07T08:38:00.000Z,2026-09-07T11:38:00,137.9,138,137.61,138,7494
2026-09-07T08:39:00.000Z,2026-09-07T11:39:00,138,138.25,138,138.25,371
2026-09-07T08:40:00.000Z,2026-09-07T11:40:00,138,138.25,138,138.25,181
2026-09-07T08:41:00.000Z,2026-09-07T11:41:00,138.25,138.25,138,138.25,163
2026-09-07T08:42:00.000Z,2026-09-07T11:42:00,138.25,138.25,138.25,138.25,92
2026-09-07T08:43:00.000Z,2026-09-07T11:43:00,138.25,138.25,138,138,675
2026-09-07T08:44:00.000Z,2026-09-07T11:44:00,138.2,138.2,138.2,138.2,59
2026-09-07T08:45:00.000Z,2026-09-07T11:45:00,138,138,137.6,137.6,1268
2026-09-07T08:46:00.000Z,2026-09-07T11:46:00,138,138,138,138,100
2026-09-07T08:47:00.000Z,2026-09-07T11:47:00,138,138,137.6,138,59
2026-09-07T08:48:00.000Z,2026-09-07T11:48:00,137.6,138,137.6,138,80
2026-09-07T08:49:00.000Z,2026-09-07T11:49:00,137.6,138,137.6,137.8,561
2026-09-07T08:50:00.000Z,2026-09-07T11:50:00,137.8,137.8,137.8,137.8,26
2026-09-07T08:51:00.000Z,2026-09-07T11:51:00,137.6,138,137.6,137.6,1248
2026-09-07T08:52:00.000Z,2026-09-07T11:52:00,137.6,137.9,137.6,137.9,7466
2026-09-07T08:53:00.000Z,2026-09-07T11:53:00,137.61,137.61,137.1,137.1,866
2026-09-07T08:54:00.000Z,2026-09-07T11:54:00,137.6,137.6,137,137.01,1445
2026-09-07T08:55:00.000Z,2026-09-07T11:55:00,137.01,137.59,137,137,18496
2026-09-07T08:58:00.000Z,2026-09-07T11:58:00,137.1,137.79,137.01,137.01,743
2026-09-07T08:59:00.000Z,2026-09-07T11:59:00,137.03,137.8,137.03,137.8,647
2026-09-07T09:00:00.000Z,2026-09-07T12:00:00,137.5,137.5,137.02,137.02,12
2026-09-07T09:01:00.000Z,2026-09-07T12:01:00,137.5,137.5,137.02,137.02,158
2026-09-07T09:02:00.000Z,2026-09-07T12:02:00,137.02,137.5,137.02,137.5,108
2026-09-07T09:03:00.000Z,2026-09-07T12:03:00,137.1,137.5,137.1,137.5,3779
2026-09-07T09:04:00.000Z,2026-09-07T12:04:00,137.5,137.55,137.1,137.1,8551
2026-09-07T09:05:00.000Z,2026-09-07T12:05:00,137.6,137.6,137.11,137.11,304
2026-09-07T09:06:00.000Z,2026-09-07T12:06:00,137.11,137.58,137.11,137.58,9
2026-09-07T09:07:00.000Z,2026-09-07T12:07:00,137.11,137.57,137.11,137.57,32
2026-09-07T09:08:00.000Z,2026-09-07T12:08:00,137.11,137.11,137.01,137.01,1346
2026-09-07T09:09:00.000Z,2026-09-07T12:09:00,137.02,137.11,137.02,137.11,297
2026-09-07T09:10:00.000Z,2026-09-07T12:10:00,137.1,137.1,137.05,137.05,850
2026-09-07T09:11:00.000Z,2026-09-07T12:11:00,137.06,137.5,137.06,137.5,462
2026-09-07T09:12:00.000Z,2026-09-07T12:12:00,137.5,137.5,137.5,137.5,31
2026-09-07T09:13:00.000Z,2026-09-07T12:13:00,137.5,137.59,137.5,137.59,458
2026-09-07T09:14:00.000Z,2026-09-07T12:14:00,137.08,137.08,137.07,137.07,550
2026-09-07T09:15:00.000Z,2026-09-07T12:15:00,137.5,137.5,137.5,137.5,2
2026-09-07T09:16:00.000Z,2026-09-07T12:16:00,137.1,137.5,137.1,137.5,275
2026-09-07T09:17:00.000Z,2026-09-07T12:17:00,137.5,137.5,137.5,137.5,26
2026-09-07T09:18:00.000Z,2026-09-07T12:18:00,137.5,137.5,137.4,137.48,7665
2026-09-07T09:19:00.000Z,2026-09-07T12:19:00,137.5,137.5,137.5,137.5,10
2026-09-07T09:20:00.000Z,2026-09-07T12:20:00,137.11,137.5,137.11,137.5,56
2026-09-07T09:21:00.000Z,2026-09-07T12:21:00,137.11,137.11,137.11,137.11,76
2026-09-07T09:23:00.000Z,2026-09-07T12:23:00,137.26,137.26,137.26,137.26,29
2026-09-07T09:24:00.000Z,2026-09-07T12:24:00,137.5,137.5,137.26,137.26,9
2026-09-07T09:25:00.000Z,2026-09-07T12:25:00,137.5,137.5,137.5,137.5,17
2026-09-07T09:26:00.000Z,2026-09-07T12:26:00,137.5,137.5,137.26,137.5,279
2026-09-07T09:27:00.000Z,2026-09-07T12:27:00,137.5,137.59,137.5,137.59,215
2026-09-07T09:28:00.000Z,2026-09-07T12:28:00,137.59,137.59,137.59,137.59,25
2026-09-07T09:29:00.000Z,2026-09-07T12:29:00,137.59,137.59,137.59,137.59,18
2026-09-07T09:30:00.000Z,2026-09-07T12:30:00,137.59,137.6,137.59,137.6,728
2026-09-07T09:31:00.000Z,2026-09-07T12:31:00,137.6,137.6,137.6,137.6,452
2026-09-07T09:32:00.000Z,2026-09-07T12:32:00,137.6,137.6,137.59,137.59,176
2026-09-07T09:33:00.000Z,2026-09-07T12:33:00,137.6,137.6,137.6,137.6,27
2026-09-07T09:35:00.000Z,2026-09-07T12:35:00,137.59,137.6,137.59,137.6,62
2026-09-07T09:36:00.000Z,2026-09-07T12:36:00,137.59,137.59,137.59,137.59,204
2026-09-07T09:37:00.000Z,2026-09-07T12:37:00,137.6,137.6,137.59,137.6,143
2026-09-07T09:38:00.000Z,2026-09-07T12:38:00,137.6,137.6,137.59,137.6,290
2026-09-07T09:39:00.000Z,2026-09-07T12:39:00,137.59,137.59,137.06,137.06,3202
2026-09-07T09:40:00.000Z,2026-09-07T12:40:00,137.55,137.55,137.5,137.5,7269
2026-09-07T09:41:00.000Z,2026-09-07T12:41:00,137.5,137.6,137.07,137.6,9
2026-09-07T09:42:00.000Z,2026-09-07T12:42:00,137.6,137.6,137.07,137.6,90
2026-09-07T09:43:00.000Z,2026-09-07T12:43:00,137.6,137.6,137.5,137.5,99
2026-09-07T09:44:00.000Z,2026-09-07T12:44:00,137.5,137.5,137.5,137.5,100
2026-09-07T09:45:00.000Z,2026-09-07T12:45:00,137.5,137.99,137.5,137.99,2187
2026-09-07T09:46:00.000Z,2026-09-07T12:46:00,137.99,137.99,137.95,137.98,7347
2026-09-07T09:47:00.000Z,2026-09-07T12:47:00,137.98,138.01,137.97,138,22167
2026-09-07T09:48:00.000Z,2026-09-07T12:48:00,138,138.01,137.22,138,12883
2026-09-07T09:49:00.000Z,2026-09-07T12:49:00,138,138.2,138,138.2,2375
2026-09-07T09:50:00.000Z,2026-09-07T12:50:00,138.2,138.2,138,138,210
2026-09-07T09:51:00.000Z,2026-09-07T12:51:00,138,138,137.75,138,1736
2026-09-07T09:52:00.000Z,2026-09-07T12:52:00,137.75,138,137.37,138,2004
2026-09-07T09:53:00.000Z,2026-09-07T12:53:00,138,138,137.37,138,66
2026-09-07T09:54:00.000Z,2026-09-07T12:54:00,138,138,137.37,138,62
2026-09-07T09:55:00.000Z,2026-09-07T12:55:00,137.37,138,137.37,138,75
2026-09-07T09:56:00.000Z,2026-09-07T12:56:00,138,138,138,138,307
2026-09-07T09:58:00.000Z,2026-09-07T12:58:00,137.37,137.37,137.37,137.37,7
2026-09-07T09:59:00.000Z,2026-09-07T12:59:00,137.99,137.99,137.37,137.37,1088
2026-09-07T10:00:00.000Z,2026-09-07T13:00:00,137.99,137.99,137.37,137.99,28
2026-09-07T10:01:00.000Z,2026-09-07T13:01:00,137.99,137.99,137.99,137.99,12
2026-09-07T10:02:00.000Z,2026-09-07T13:02:00,137.37,137.97,137.37,137.97,4
2026-09-07T10:03:00.000Z,2026-09-07T13:03:00,137.97,137.97,137.97,137.97,86
2026-09-07T10:04:00.000Z,2026-09-07T13:04:00,137.93,137.95,137.38,137.38,7414
2026-09-07T10:06:00.000Z,2026-09-07T13:06:00,137.38,137.93,137.37,137.93,156
2026-09-07T10:07:00.000Z,2026-09-07T13:07:00,137.37,137.37,137.37,137.37,100
2026-09-07T10:10:00.000Z,2026-09-07T13:10:00,137.38,137.38,137.37,137.37,1727
2026-09-07T10:11:00.000Z,2026-09-07T13:11:00,137.89,137.89,137.89,137.89,16
2026-09-07T10:12:00.000Z,2026-09-07T13:12:00,137.85,137.85,137.84,137.84,47
2026-09-07T10:13:00.000Z,2026-09-07T13:13:00,137.86,137.86,137.86,137.86,1
2026-09-07T10:14:00.000Z,2026-09-07T13:14:00,137.37,137.86,137.37,137.37,32
2026-09-07T10:15:00.000Z,2026-09-07T13:15:00,137.37,137.37,137.37,137.37,247
2026-09-07T10:16:00.000Z,2026-09-07T13:16:00,137.37,137.37,137.3,137.3,492
2026-09-07T10:17:00.000Z,2026-09-07T13:17:00,137.37,137.37,137.37,137.37,14
2026-09-07T10:18:00.000Z,2026-09-07T13:18:00,137.37,137.37,137.23,137.23,958
2026-09-07T10:19:00.000Z,2026-09-07T13:19:00,137.37,137.37,137.37,137.37,31
2026-09-07T10:20:00.000Z,2026-09-07T13:20:00,137.35,137.35,137.23,137.23,7297
2026-09-07T10:21:00.000Z,2026-09-07T13:21:00,137.37,137.37,137.37,137.37,307
2026-09-07T10:22:00.000Z,2026-09-07T13:22:00,137.37,137.37,137.37,137.37,182
2026-09-07T10:23:00.000Z,2026-09-07T13:23:00,137.37,137.37,137.37,137.37,105
2026-09-07T10:24:00.000Z,2026-09-07T13:24:00,137.37,137.37,137.23,137.23,122
2026-09-07T10:25:00.000Z,2026-09-07T13:25:00,137.23,137.37,137.23,137.37,23
2026-09-07T10:26:00.000Z,2026-09-07T13:26:00,137.37,137.37,137.35,137.35,7225
2026-09-07T10:27:00.000Z,2026-09-07T13:27:00,137.37,137.37,137.37,137.37,14
2026-09-07T10:28:00.000Z,2026-09-07T13:28:00,137.37,137.37,137.08,137.3,4876
2026-09-07T10:29:00.000Z,2026-09-07T13:29:00,137.37,137.37,137.37,137.37,76
2026-09-07T10:30:00.000Z,2026-09-07T13:30:00,137.37,137.37,137.37,137.37,12
2026-09-07T10:31:00.000Z,2026-09-07T13:31:00,137.35,137.35,137.3,137.3,5131
2026-09-07T10:32:00.000Z,2026-09-07T13:32:00,137.37,137.37,137.37,137.37,157
2026-09-07T10:33:00.000Z,2026-09-07T13:33:00,137.37,137.37,137.37,137.37,427
2026-09-07T10:34:00.000Z,2026-09-07T13:34:00,137.35,137.37,137.35,137.37,5046
2026-09-07T10:35:00.000Z,2026-09-07T13:35:00,137.37,137.88,137.37,137.88,799
2026-09-07T10:36:00.000Z,2026-09-07T13:36:00,137.87,137.87,137.87,137.87,76
2026-09-07T10:37:00.000Z,2026-09-07T13:37:00,137.87,137.87,137.87,137.87,108
2026-09-07T10:39:00.000Z,2026-09-07T13:39:00,137.87,137.87,137.1,137.87,186
2026-09-07T10:40:00.000Z,2026-09-07T13:40:00,137.87,137.87,137.1,137.87,151
2026-09-07T10:41:00.000Z,2026-09-07T13:41:00,137.1,137.1,137.1,137.1,63
2026-09-07T10:42:00.000Z,2026-09-07T13:42:00,137.84,137.84,137.79,137.79,19
2026-09-07T10:43:00.000Z,2026-09-07T13:43:00,137.74,137.74,137.1,137.69,171
2026-09-07T10:44:00.000Z,2026-09-07T13:44:00,137.68,137.68,137.68,137.68,32
2026-09-07T10:45:00.000Z,2026-09-07T13:45:00,137.49,137.49,137,137,7355
2026-09-07T10:46:00.000Z,2026-09-07T13:46:00,137.67,137.68,137.5,137.68,53
2026-09-07T10:47:00.000Z,2026-09-07T13:47:00,137.68,137.68,137.2,137.2,265
2026-09-07T10:48:00.000Z,2026-09-07T13:48:00,137.67,137.67,137.01,137.67,258
2026-09-07T10:49:00.000Z,2026-09-07T13:49:00,137.01,137.67,137.01,137.67,149
2026-09-07T10:50:00.000Z,2026-09-07T13:50:00,137.67,137.67,137.66,137.66,15
2026-09-07T10:52:00.000Z,2026-09-07T13:52:00,137.64,137.8,137,137.8,2755
2026-09-07T10:53:00.000Z,2026-09-07T13:53:00,137.8,137.8,137.8,137.8,108
2026-09-07T10:54:00.000Z,2026-09-07T13:54:00,137.8,137.8,137.02,137.02,114
2026-09-07T10:55:00.000Z,2026-09-07T13:55:00,137.8,137.8,137.8,137.8,37
2026-09-07T10:56:00.000Z,2026-09-07T13:56:00,137.8,137.8,137.03,137.79,585
2026-09-07T10:57:00.000Z,2026-09-07T13:57:00,137.5,137.79,137.5,137.5,27
2026-09-07T10:58:00.000Z,2026-09-07T13:58:00,137.5,137.75,137,137.75,3065
2026-09-07T10:59:00.000Z,2026-09-07T13:59:00,137.5,137.5,137,137,540
2026-09-07T11:00:00.000Z,2026-09-07T14:00:00,137.01,137.01,137.01,137.01,37
2026-09-07T11:01:00.000Z,2026-09-07T14:01:00,137.5,137.5,137.48,137.48,1084
2026-09-07T11:02:00.000Z,2026-09-07T14:02:00,137.48,137.48,137.01,137.01,149
2026-09-07T11:03:00.000Z,2026-09-07T14:03:00,137.48,137.49,137.02,137.49,1029
2026-09-07T11:04:00.000Z,2026-09-07T14:04:00,137.1,137.1,137.1,137.1,9
2026-09-07T11:05:00.000Z,2026-09-07T14:05:00,137.3,137.5,137.3,137.5,1831
2026-09-07T11:06:00.000Z,2026-09-07T14:06:00,137.5,137.5,137,137.5,16535
2026-09-07T11:07:00.000Z,2026-09-07T14:07:00,137.25,137.25,137,137,764
2026-09-07T11:08:00.000Z,2026-09-07T14:08:00,137.25,137.25,137,137,14610
2026-09-07T11:09:00.000Z,2026-09-07T14:09:00,137,137.5,136.5,137,2748
2026-09-07T11:10:00.000Z,2026-09-07T14:10:00,137,137,137,137,36
2026-09-07T11:11:00.000Z,2026-09-07T14:11:00,137,137,136.5,136.5,4955
2026-09-07T11:12:00.000Z,2026-09-07T14:12:00,136.99,136.99,136.5,136.99,2881
2026-09-07T11:13:00.000Z,2026-09-07T14:13:00,136.5,136.89,136.5,136.5,809
2026-09-07T11:14:00.000Z,2026-09-07T14:14:00,136.5,136.99,136.5,136.99,2316
2026-09-07T11:25:00.000Z,2026-09-07T14:25:00,136.98,136.98,136.98,136.98,5085
2026-09-07T11:26:00.000Z,2026-09-07T14:26:00,136.98,136.98,136.98,136.98,742
2026-09-07T11:27:00.000Z,2026-09-07T14:27:00,136.98,136.98,136.98,136.98,446
2026-09-07T11:29:00.000Z,2026-09-07T14:29:00,136.98,136.98,136.98,136.98,950
2026-09-08T07:01:00.000Z,2026-09-08T10:01:00,137.03,138.25,137.03,138,2748
2026-09-08T07:02:00.000Z,2026-09-08T10:02:00,138.17,139,137.1,138.07,7649
2026-09-08T07:03:00.000Z,2026-09-08T10:03:00,138.98,138.98,137.5,137.61,968
2026-09-08T07:04:00.000Z,2026-09-08T10:04:00,138.01,139,138.01,138.8,11057
2026-09-08T07:05:00.000Z,2026-09-08T10:05:00,138.99,138.99,138,138,2142
2026-09-08T07:06:00.000Z,2026-09-08T10:06:00,138.79,138.79,138.79,138.79,57
2026-09-08T07:07:00.000Z,2026-09-08T10:07:00,138.65,138.65,138.5,138.5,47
2026-09-08T07:08:00.000Z,2026-09-08T10:08:00,138.5,138.79,138,138.77,2207
2026-09-08T07:09:00.000Z,2026-09-08T10:09:00,138.77,138.99,138.77,138.99,2059
2026-09-08T07:10:00.000Z,2026-09-08T10:10:00,138.99,139,137.5,138,14933
2026-09-08T07:11:00.000Z,2026-09-08T10:11:00,138.69,138.75,138.69,138.75,2677
2026-09-08T07:12:00.000Z,2026-09-08T10:12:00,138.75,138.9,138.75,138.75,5933
2026-09-08T07:13:00.000Z,2026-09-08T10:13:00,138.84,139.5,138.75,139.5,19702
2026-09-08T07:14:00.000Z,2026-09-08T10:14:00,139.5,139.5,139,139,11202
2026-09-08T07:15:00.000Z,2026-09-08T10:15:00,139.49,139.49,138.8,138.8,3456
2026-09-08T07:16:00.000Z,2026-09-08T10:16:00,138.99,139.18,138.9,139.18,4393
2026-09-08T07:17:00.000Z,2026-09-08T10:17:00,139.18,139.7,138,139.7,37131
2026-09-08T07:18:00.000Z,2026-09-08T10:18:00,138.26,139.49,138.26,139.39,250
2026-09-08T07:19:00.000Z,2026-09-08T10:19:00,139.33,139.33,139.33,139.33,183
2026-09-08T07:20:00.000Z,2026-09-08T10:20:00,139.29,139.29,138.53,139,14
2026-09-08T07:21:00.000Z,2026-09-08T10:21:00,139,139.26,139,139,35897
2026-09-08T07:22:00.000Z,2026-09-08T10:22:00,139,139.3,139,139.3,16280
2026-09-08T07:23:00.000Z,2026-09-08T10:23:00,139.3,139.3,139.01,139.02,2016
2026-09-08T07:24:00.000Z,2026-09-08T10:24:00,139.29,139.29,139.29,139.29,114
2026-09-08T07:25:00.000Z,2026-09-08T10:25:00,139.28,139.45,139.08,139.4,10259
2026-09-08T07:26:00.000Z,2026-09-08T10:26:00,139.08,139.5,139.08,139.5,23175
2026-09-08T07:27:00.000Z,2026-09-08T10:27:00,139.5,139.5,139.1,139.5,12052
2026-09-08T07:28:00.000Z,2026-09-08T10:28:00,139.5,139.5,139.12,139.2,19386
2026-09-08T07:29:00.000Z,2026-09-08T10:29:00,139.5,139.5,139.15,139.15,31566
2026-09-08T07:30:00.000Z,2026-09-08T10:30:00,139.2,139.4,138.5,138.5,30067
2026-09-08T07:31:00.000Z,2026-09-08T10:31:00,138.97,138.99,138.97,138.99,234
2026-09-08T07:32:00.000Z,2026-09-08T10:32:00,138.97,138.97,138.44,138.49,919
2026-09-08T07:33:00.000Z,2026-09-08T10:33:00,138.49,138.5,138.4,138.49,263
2026-09-08T07:34:00.000Z,2026-09-08T10:34:00,138.4,138.5,138.05,138.2,1414
2026-09-08T07:35:00.000Z,2026-09-08T10:35:00,138.5,138.5,138.05,138.05,656
2026-09-08T07:36:00.000Z,2026-09-08T10:36:00,138.06,138.06,138.06,138.06,52
2026-09-08T07:37:00.000Z,2026-09-08T10:37:00,138.89,138.89,138.89,138.89,875
2026-09-08T07:38:00.000Z,2026-09-08T10:38:00,138.89,138.89,138.11,138.11,24
2026-09-08T07:39:00.000Z,2026-09-08T10:39:00,138.11,138.89,138.11,138.89,321
2026-09-08T07:40:00.000Z,2026-09-08T10:40:00,138.13,138.69,138.13,138.15,10033
2026-09-08T07:41:00.000Z,2026-09-08T10:41:00,138.15,138.15,137.6,137.8,20781
2026-09-08T07:42:00.000Z,2026-09-08T10:42:00,137.9,138,137.9,138,3537
2026-09-08T07:43:00.000Z,2026-09-08T10:43:00,137.99,138,137.8,138,4152
2026-09-08T07:44:00.000Z,2026-09-08T10:44:00,137.99,137.99,137.8,137.8,610
2026-09-08T07:45:00.000Z,2026-09-08T10:45:00,137.99,138,137.99,138,8534
2026-09-08T07:46:00.000Z,2026-09-08T10:46:00,138,138.1,137.8,138.1,2635
2026-09-08T07:47:00.000Z,2026-09-08T10:47:00,138,138,137.75,137.75,440
2026-09-08T07:48:00.000Z,2026-09-08T10:48:00,137.99,138,137.99,138,309
2026-09-08T07:49:00.000Z,2026-09-08T10:49:00,137.71,138,137.71,138,165
2026-09-08T07:50:00.000Z,2026-09-08T10:50:00,138,138.5,138,138.5,5813
2026-09-08T07:51:00.000Z,2026-09-08T10:51:00,138,138.6,138,138.49,702
2026-09-08T07:52:00.000Z,2026-09-08T10:52:00,138.49,138.49,138.49,138.49,254
2026-09-08T07:53:00.000Z,2026-09-08T10:53:00,138,138,138,138,732
2026-09-08T07:54:00.000Z,2026-09-08T10:54:00,137.8,138,137.8,138,595
2026-09-08T07:55:00.000Z,2026-09-08T10:55:00,138,138.89,137.7,137.99,31185
2026-09-08T07:56:00.000Z,2026-09-08T10:56:00,137.75,137.99,137.75,137.99,185
2026-09-08T07:57:00.000Z,2026-09-08T10:57:00,137.99,137.99,137.99,137.99,145
2026-09-08T07:58:00.000Z,2026-09-08T10:58:00,137.99,137.99,137.99,137.99,14
2026-09-08T07:59:00.000Z,2026-09-08T10:59:00,137.99,137.99,137.25,137.49,9331
2026-09-08T08:00:00.000Z,2026-09-08T11:00:00,137.49,138,137.25,138,898
2026-09-08T08:01:00.000Z,2026-09-08T11:01:00,137.8,137.99,137.8,137.99,239
2026-09-08T08:02:00.000Z,2026-09-08T11:02:00,137.99,137.99,137.99,137.99,62
2026-09-08T08:03:00.000Z,2026-09-08T11:03:00,137.99,137.99,137.16,137.16,1233
2026-09-08T08:04:00.000Z,2026-09-08T11:04:00,137.99,137.99,137.99,137.99,154
2026-09-08T08:05:00.000Z,2026-09-08T11:05:00,137.2,138,137.2,137.92,280
2026-09-08T08:06:00.000Z,2026-09-08T11:06:00,138,138,137.2,137.99,255
2026-09-08T08:07:00.000Z,2026-09-08T11:07:00,137.99,137.99,137.2,137.2,153
2026-09-08T08:08:00.000Z,2026-09-08T11:08:00,137.97,137.97,137.77,137.77,198
2026-09-08T08:09:00.000Z,2026-09-08T11:09:00,137.76,137.76,137.2,137.76,164
2026-09-08T08:10:00.000Z,2026-09-08T11:10:00,137.76,137.76,137.67,137.67,113
2026-09-08T08:11:00.000Z,2026-09-08T11:11:00,137.67,137.67,137.2,137.49,330
2026-09-08T08:12:00.000Z,2026-09-08T11:12:00,137.49,137.5,137.49,137.5,613
2026-09-08T08:13:00.000Z,2026-09-08T11:13:00,137.5,137.5,137.49,137.5,610
2026-09-08T08:14:00.000Z,2026-09-08T11:14:00,137.5,137.77,137.5,137.77,199
2026-09-08T08:15:00.000Z,2026-09-08T11:15:00,137.5,137.78,137.5,137.78,1036
2026-09-08T08:16:00.000Z,2026-09-08T11:16:00,137.78,137.78,137.78,137.78,32
2026-09-08T08:17:00.000Z,2026-09-08T11:17:00,137.78,137.78,137.49,137.49,191
2026-09-08T08:18:00.000Z,2026-09-08T11:18:00,137.2,137.48,137.2,137.41,84
2026-09-08T08:19:00.000Z,2026-09-08T11:19:00,137.45,137.97,137.15,137.68,1778
2026-09-08T08:20:00.000Z,2026-09-08T11:20:00,137.65,137.65,137.15,137.65,4309
2026-09-08T08:21:00.000Z,2026-09-08T11:21:00,137.65,137.65,137.65,137.65,203
2026-09-08T08:22:00.000Z,2026-09-08T11:22:00,137.2,137.2,136.98,137,17947
2026-09-08T08:23:00.000Z,2026-09-08T11:23:00,137,137,137,137,524
2026-09-08T08:24:00.000Z,2026-09-08T11:24:00,137.48,137.48,135.5,136.2,22532
2026-09-08T08:25:00.000Z,2026-09-08T11:25:00,136.49,136.49,135.52,136.37,3348
2026-09-08T08:26:00.000Z,2026-09-08T11:26:00,136.03,136.9,135.7,136,8566
2026-09-08T08:27:00.000Z,2026-09-08T11:27:00,136,136.4,136,136.4,3603
2026-09-08T08:28:00.000Z,2026-09-08T11:28:00,136.1,136.79,136,136.77,577
2026-09-08T08:29:00.000Z,2026-09-08T11:29:00,136.02,136.77,136,136,578
2026-09-08T08:30:00.000Z,2026-09-08T11:30:00,136.75,136.75,136.01,136.01,47
2026-09-08T08:31:00.000Z,2026-09-08T11:31:00,136.01,136.79,136.01,136.79,643
2026-09-08T08:32:00.000Z,2026-09-08T11:32:00,136.79,136.79,136.75,136.75,40
2026-09-08T08:33:00.000Z,2026-09-08T11:33:00,136.7,136.7,136.47,136.67,74
2026-09-08T08:34:00.000Z,2026-09-08T11:34:00,136.01,136.66,135.8,136,3005
2026-09-08T08:35:00.000Z,2026-09-08T11:35:00,136.79,136.79,136,136,399
2026-09-08T08:36:00.000Z,2026-09-08T11:36:00,136,136,135.7,135.96,117
2026-09-08T08:37:00.000Z,2026-09-08T11:37:00,135.7,136,135.7,136,431
2026-09-08T08:38:00.000Z,2026-09-08T11:38:00,136,136,135.97,135.97,72
2026-09-08T08:39:00.000Z,2026-09-08T11:39:00,135.97,135.99,135.7,135.99,386
2026-09-08T08:40:00.000Z,2026-09-08T11:40:00,135.99,135.99,135.49,135.49,5426
2026-09-08T08:41:00.000Z,2026-09-08T11:41:00,135.32,135.37,135.05,135.37,4011
2026-09-08T08:42:00.000Z,2026-09-08T11:42:00,135.37,135.37,135.1,135.1,124
2026-09-08T08:43:00.000Z,2026-09-08T11:43:00,135.37,135.37,135.11,135.37,132
2026-09-08T08:44:00.000Z,2026-09-08T11:44:00,135.37,135.37,135.12,135.37,414
2026-09-08T08:45:00.000Z,2026-09-08T11:45:00,135.37,135.4,135.05,135.15,3260
2026-09-08T08:46:00.000Z,2026-09-08T11:46:00,135.4,135.87,135.4,135.87,919
2026-09-08T08:47:00.000Z,2026-09-08T11:47:00,135.82,135.82,135.4,135.4,45
2026-09-08T08:48:00.000Z,2026-09-08T11:48:00,135.4,135.86,135.4,135.83,169
2026-09-08T08:49:00.000Z,2026-09-08T11:49:00,135.6,135.6,135.42,135.43,1258
2026-09-08T08:50:00.000Z,2026-09-08T11:50:00,135.6,135.87,135.45,135.87,760
2026-09-08T08:51:00.000Z,2026-09-08T11:51:00,135.87,135.9,135.15,135.89,3295
2026-09-08T08:52:00.000Z,2026-09-08T11:52:00,135.9,136.25,135.5,135.5,2487
2026-09-08T08:53:00.000Z,2026-09-08T11:53:00,136,136.85,135.5,136.84,1252
2026-09-08T08:54:00.000Z,2026-09-08T11:54:00,136.84,136.84,136.84,136.84,14
2026-09-08T08:55:00.000Z,2026-09-08T11:55:00,136.79,136.79,136.78,136.78,121
2026-09-08T08:56:00.000Z,2026-09-08T11:56:00,136.74,136.74,135.22,136.7,3051
2026-09-08T08:58:00.000Z,2026-09-08T11:58:00,136.58,136.58,136,136,105
2026-09-08T08:59:00.000Z,2026-09-08T11:59:00,136,136,135.97,136,390
2026-09-08T09:00:00.000Z,2026-09-08T12:00:00,135.5,136.59,135.5,136.59,385
2026-09-08T09:01:00.000Z,2026-09-08T12:01:00,136.39,136.39,136.39,136.39,443
2026-09-08T09:02:00.000Z,2026-09-08T12:02:00,136.36,136.4,135.55,136,245
2026-09-08T09:03:00.000Z,2026-09-08T12:03:00,136,136,136,136,102
2026-09-08T09:04:00.000Z,2026-09-08T12:04:00,136,136,135.1,136,7275
2026-09-08T09:05:00.000Z,2026-09-08T12:05:00,136,136,135.7,135.7,35
2026-09-08T09:06:00.000Z,2026-09-08T12:06:00,135.99,136,135.11,135.11,726
2026-09-08T09:07:00.000Z,2026-09-08T12:07:00,135.7,135.7,135.5,135.5,138
2026-09-08T09:08:00.000Z,2026-09-08T12:08:00,135.8,135.8,135.5,135.5,19
2026-09-08T09:09:00.000Z,2026-09-08T12:09:00,135.65,135.65,135.5,135.65,316
2026-09-08T09:10:00.000Z,2026-09-08T12:10:00,135.65,136.4,135.5,136.39,3215
2026-09-08T09:11:00.000Z,2026-09-08T12:11:00,136.39,136.39,136.39,136.39,112
2026-09-08T09:12:00.000Z,2026-09-08T12:12:00,136.39,136.39,135.5,135.5,204
2026-09-08T09:13:00.000Z,2026-09-08T12:13:00,136.35,136.35,135.94,135.94,50
2026-09-08T09:14:00.000Z,2026-09-08T12:14:00,136,136,136,136,42
2026-09-08T09:15:00.000Z,2026-09-08T12:15:00,136,136,135.5,135.99,81
2026-09-08T09:17:00.000Z,2026-09-08T12:17:00,135.99,135.99,135.5,135.99,240
2026-09-08T09:18:00.000Z,2026-09-08T12:18:00,135.99,135.99,135.5,135.9,1083
2026-09-08T09:19:00.000Z,2026-09-08T12:19:00,135.5,135.99,135.5,135.99,66
2026-09-08T09:20:00.000Z,2026-09-08T12:20:00,135.99,135.99,135.99,135.99,12
2026-09-08T09:21:00.000Z,2026-09-08T12:21:00,135.99,135.99,135.5,135.98,1185
2026-09-08T09:22:00.000Z,2026-09-08T12:22:00,135.98,135.98,135.2,135.2,517
2026-09-08T09:23:00.000Z,2026-09-08T12:23:00,135.94,135.94,135.83,135.83,19
2026-09-08T09:24:00.000Z,2026-09-08T12:24:00,135.88,135.88,135.79,135.79,63
2026-09-08T09:25:00.000Z,2026-09-08T12:25:00,135.7,135.7,135.7,135.7,5
2026-09-08T09:26:00.000Z,2026-09-08T12:26:00,135.7,135.7,135.22,135.22,508
2026-09-08T09:27:00.000Z,2026-09-08T12:27:00,135.22,135.22,135.11,135.2,1633
2026-09-08T09:28:00.000Z,2026-09-08T12:28:00,135.2,135.75,135.1,135.1,1238
2026-09-08T09:29:00.000Z,2026-09-08T12:29:00,135.74,135.75,135.74,135.75,113
2026-09-08T09:30:00.000Z,2026-09-08T12:30:00,135.75,135.75,135.7,135.7,181
2026-09-08T09:31:00.000Z,2026-09-08T12:31:00,135.7,135.7,135.12,135.12,120
2026-09-08T09:32:00.000Z,2026-09-08T12:32:00,135.7,135.7,135.11,135.11,465
2026-09-08T09:33:00.000Z,2026-09-08T12:33:00,135.6,135.6,134.01,134.01,21099
2026-09-08T09:34:00.000Z,2026-09-08T12:34:00,134.66,134.75,134.1,134.75,924
2026-09-08T09:35:00.000Z,2026-09-08T12:35:00,134.75,134.75,134.15,134.25,350
2026-09-08T09:36:00.000Z,2026-09-08T12:36:00,134.5,134.5,134.5,134.5,839
2026-09-08T09:37:00.000Z,2026-09-08T12:37:00,134.75,134.75,134.75,134.75,661
2026-09-08T09:38:00.000Z,2026-09-08T12:38:00,134.75,134.96,134.75,134.75,81
2026-09-08T09:39:00.000Z,2026-09-08T12:39:00,134.96,134.96,134.51,134.7,1078
2026-09-08T09:40:00.000Z,2026-09-08T12:40:00,134.51,134.7,134.5,134.7,350
2026-09-08T09:41:00.000Z,2026-09-08T12:41:00,134.7,134.7,134.2,134.7,2157
2026-09-08T09:42:00.000Z,2026-09-08T12:42:00,134.7,134.7,134.65,134.65,122
2026-09-08T09:43:00.000Z,2026-09-08T12:43:00,134.65,134.65,134.59,134.63,91
2026-09-08T09:44:00.000Z,2026-09-08T12:44:00,134.63,134.65,134.21,134.21,305
2026-09-08T09:45:00.000Z,2026-09-08T12:45:00,134.63,134.69,134.63,134.69,73
2026-09-08T09:46:00.000Z,2026-09-08T12:46:00,134.5,134.7,134.01,134.69,5562
2026-09-08T09:47:00.000Z,2026-09-08T12:47:00,134.69,134.69,133.81,134,16765
2026-09-08T09:48:00.000Z,2026-09-08T12:48:00,134.68,134.68,133.82,134.68,1580
2026-09-08T09:49:00.000Z,2026-09-08T12:49:00,134,134,134,134,717
2026-09-08T09:50:00.000Z,2026-09-08T12:50:00,133.82,134,133.81,133.81,393
2026-09-08T09:51:00.000Z,2026-09-08T12:51:00,134,134,133.81,134,722
2026-09-08T09:52:00.000Z,2026-09-08T12:52:00,134,134,133.81,133.99,106
2026-09-08T09:53:00.000Z,2026-09-08T12:53:00,133.99,134,133.75,133.75,4764
2026-09-08T09:54:00.000Z,2026-09-08T12:54:00,133.75,133.82,133.7,133.82,1120
2026-09-08T09:55:00.000Z,2026-09-08T12:55:00,133.81,133.81,133.75,133.79,1267
2026-09-08T09:56:00.000Z,2026-09-08T12:56:00,133.75,133.78,133.5,133.75,1032
2026-09-08T09:57:00.000Z,2026-09-08T12:57:00,133.75,133.75,133.35,133.7,368
2026-09-08T09:58:00.000Z,2026-09-08T12:58:00,133.7,133.7,133.5,133.5,879
2026-09-08T09:59:00.000Z,2026-09-08T12:59:00,133.5,133.6,133.36,133.6,427
2026-09-08T10:00:00.000Z,2026-09-08T13:00:00,133.6,133.6,133.35,133.35,951
2026-09-08T10:01:00.000Z,2026-09-08T13:01:00,133.49,133.49,133,133,15295
2026-09-08T10:02:00.000Z,2026-09-08T13:02:00,133.34,133.34,132.51,133,6375
2026-09-08T10:03:00.000Z,2026-09-08T13:03:00,133,133.5,132.5,133.5,2778
2026-09-08T10:04:00.000Z,2026-09-08T13:04:00,133.5,133.5,133.01,133.01,456
2026-09-08T10:05:00.000Z,2026-09-08T13:05:00,133.49,133.49,132.01,132.01,177720
2026-09-08T10:06:00.000Z,2026-09-08T13:06:00,133.49,133.49,132.09,133.47,398
2026-09-08T10:07:00.000Z,2026-09-08T13:07:00,133.43,133.43,132.09,133.41,715
2026-09-08T10:08:00.000Z,2026-09-08T13:08:00,133,133.48,132.75,132.75,289
2026-09-08T10:09:00.000Z,2026-09-08T13:09:00,132.75,133.48,132.3,132.3,1443
2026-09-08T10:10:00.000Z,2026-09-08T13:10:00,133.47,133.47,133.36,133.39,346
2026-09-08T10:11:00.000Z,2026-09-08T13:11:00,132.91,133.4,132.91,133,279
2026-09-08T10:12:00.000Z,2026-09-08T13:12:00,133.38,133.38,132.92,133.38,57
2026-09-08T10:13:00.000Z,2026-09-08T13:13:00,133.38,133.38,133.29,133.29,725
2026-09-08T10:14:00.000Z,2026-09-08T13:14:00,133.29,133.29,133,133.24,210
2026-09-08T10:15:00.000Z,2026-09-08T13:15:00,133.19,133.19,132.1,133.19,1456
2026-09-08T10:16:00.000Z,2026-09-08T13:16:00,133.19,133.19,133,133,996
2026-09-08T10:17:00.000Z,2026-09-08T13:17:00,133,133,133,133,100
2026-09-08T10:18:00.000Z,2026-09-08T13:18:00,132.99,132.99,132.5,132.5,45
2026-09-08T10:19:00.000Z,2026-09-08T13:19:00,132.5,133,132.5,133,893
2026-09-08T10:20:00.000Z,2026-09-08T13:20:00,133,133,133,133,277
2026-09-08T10:21:00.000Z,2026-09-08T13:21:00,132.5,133,132.25,133,2047
2026-09-08T10:22:00.000Z,2026-09-08T13:22:00,132.93,133,132.88,132.88,392
2026-09-08T10:23:00.000Z,2026-09-08T13:23:00,132.9,133,132.87,133,382
2026-09-08T10:24:00.000Z,2026-09-08T13:24:00,132.99,133,132.3,133,3366
2026-09-08T10:25:00.000Z,2026-09-08T13:25:00,132.87,133,132.3,133,3072
2026-09-08T10:26:00.000Z,2026-09-08T13:26:00,133,133,133,133,19
2026-09-08T10:27:00.000Z,2026-09-08T13:27:00,132.5,133,132.32,133,1975
2026-09-08T10:28:00.000Z,2026-09-08T13:28:00,133.65,133.65,133.63,133.63,4
2026-09-08T10:29:00.000Z,2026-09-08T13:29:00,133.63,133.63,133,133,235
2026-09-08T10:30:00.000Z,2026-09-08T13:30:00,133.5,133.5,133,133.25,1161
2026-09-08T10:31:00.000Z,2026-09-08T13:31:00,133.4,133.4,133.4,133.4,189
2026-09-08T10:32:00.000Z,2026-09-08T13:32:00,133.01,133.4,133,133,139
2026-09-08T10:33:00.000Z,2026-09-08T13:33:00,133.4,133.4,133,133.4,616
2026-09-08T10:34:00.000Z,2026-09-08T13:34:00,133.4,133.4,133.4,133.4,80
2026-09-08T10:35:00.000Z,2026-09-08T13:35:00,133.4,133.4,133,133.4,814
2026-09-08T10:36:00.000Z,2026-09-08T13:36:00,133,133.24,132.52,133.22,1055
2026-09-08T10:37:00.000Z,2026-09-08T13:37:00,133,133.24,132.5,133.24,141
2026-09-08T10:38:00.000Z,2026-09-08T13:38:00,133.01,133.25,133,133,656
2026-09-08T10:39:00.000Z,2026-09-08T13:39:00,133.1,133.25,133,133.25,2456
2026-09-08T10:40:00.000Z,2026-09-08T13:40:00,133.25,133.25,133.02,133.25,116
2026-09-08T10:41:00.000Z,2026-09-08T13:41:00,133.25,133.25,133.02,133.25,85
2026-09-08T10:42:00.000Z,2026-09-08T13:42:00,133.25,133.49,133,133.48,2084
2026-09-08T10:43:00.000Z,2026-09-08T13:43:00,133,133.48,133,133.45,675
2026-09-08T10:44:00.000Z,2026-09-08T13:44:00,133.43,133.95,133.43,133.95,7796
2026-09-08T10:45:00.000Z,2026-09-08T13:45:00,133.5,134.7,133.5,134.7,4572
2026-09-08T10:46:00.000Z,2026-09-08T13:46:00,134.7,134.7,134.68,134.68,176
2026-09-08T10:47:00.000Z,2026-09-08T13:47:00,134,134,134,134,26
2026-09-08T10:49:00.000Z,2026-09-08T13:49:00,134.5,134.5,134.49,134.49,37
2026-09-08T10:50:00.000Z,2026-09-08T13:50:00,134.49,134.5,134.05,134.05,4819
2026-09-08T10:51:00.000Z,2026-09-08T13:51:00,134.48,134.5,134.1,134.4,1065
2026-09-08T10:52:00.000Z,2026-09-08T13:52:00,134.4,134.5,134.4,134.5,599
2026-09-08T10:53:00.000Z,2026-09-08T13:53:00,134.5,134.67,134.5,134.66,3269
2026-09-08T10:54:00.000Z,2026-09-08T13:54:00,134.58,134.68,134.58,134.68,757
2026-09-08T10:55:00.000Z,2026-09-08T13:55:00,134.67,134.67,134.67,134.67,110
2026-09-08T10:56:00.000Z,2026-09-08T13:56:00,134.67,134.86,134.67,134.86,1123
2026-09-08T10:57:00.000Z,2026-09-08T13:57:00,134.68,134.68,134.67,134.68,3013
2026-09-08T10:58:00.000Z,2026-09-08T13:58:00,134.86,134.86,134.85,134.85,511
2026-09-08T10:59:00.000Z,2026-09-08T13:59:00,134.6,134.83,134.6,134.8,873
2026-09-08T11:00:00.000Z,2026-09-08T14:00:00,134.8,134.8,134.6,134.6,311
2026-09-08T11:01:00.000Z,2026-09-08T14:01:00,134.78,135.45,134.78,135.45,6210
2026-09-08T11:02:00.000Z,2026-09-08T14:02:00,135.45,135.79,135.45,135.79,1058
2026-09-08T11:03:00.000Z,2026-09-08T14:03:00,135.15,135.79,135.15,135.3,503
2026-09-08T11:04:00.000Z,2026-09-08T14:04:00,135.7,135.75,135.2,135.2,3590
2026-09-08T11:05:00.000Z,2026-09-08T14:05:00,135.74,135.74,135.2,135.2,860
2026-09-08T11:06:00.000Z,2026-09-08T14:06:00,135.79,135.79,135,135,5304
2026-09-08T11:07:00.000Z,2026-09-08T14:07:00,135.01,135.75,135,135.74,3793
2026-09-08T11:08:00.000Z,2026-09-08T14:08:00,135.02,135.72,135,135.71,4147
2026-09-08T11:09:00.000Z,2026-09-08T14:09:00,135.71,135.71,135.49,135.49,50
2026-09-08T11:10:00.000Z,2026-09-08T14:10:00,135.5,135.5,135.5,135.5,533
2026-09-08T11:11:00.000Z,2026-09-08T14:11:00,135.15,135.5,135.15,135.5,40
2026-09-08T11:12:00.000Z,2026-09-08T14:12:00,135.4,135.4,135.4,135.4,249
2026-09-08T11:13:00.000Z,2026-09-08T14:13:00,135.4,135.4,135,135,5138
2026-09-08T11:14:00.000Z,2026-09-08T14:14:00,135.4,135.4,135,135.37,7543
2026-09-08T11:15:00.000Z,2026-09-08T14:15:00,135.07,135.36,135,135.36,2636
2026-09-08T11:25:00.000Z,2026-09-08T14:25:00,134.55,134.55,134.55,134.55,14503
2026-09-08T11:26:00.000Z,2026-09-08T14:26:00,134.55,134.55,134.55,134.55,2487
2026-09-08T11:27:00.000Z,2026-09-08T14:27:00,134.55,134.55,134.55,134.55,1142
2026-09-08T11:29:00.000Z,2026-09-08T14:29:00,134.55,134.55,134.55,134.55,287
2026-09-09T07:00:00.000Z,2026-09-09T10:00:00,134.6,134.67,134.56,134.56,3980
2026-09-09T07:01:00.000Z,2026-09-09T10:01:00,134.55,134.66,134.5,134.54,2325
2026-09-09T07:02:00.000Z,2026-09-09T10:02:00,134.54,134.54,133.04,134.47,2208
2026-09-09T07:03:00.000Z,2026-09-09T10:03:00,134.5,134.5,134.47,134.47,155
2026-09-09T07:04:00.000Z,2026-09-09T10:04:00,134.47,134.5,134.01,134.01,1459
2026-09-09T07:05:00.000Z,2026-09-09T10:05:00,134.55,134.55,134.05,134.55,342
2026-09-09T07:06:00.000Z,2026-09-09T10:06:00,134.05,134.55,133.1,134.4,2115
2026-09-09T07:07:00.000Z,2026-09-09T10:07:00,133.13,134.4,133.13,134,162
2026-09-09T07:08:00.000Z,2026-09-09T10:08:00,134,134,134,134,613
2026-09-09T07:09:00.000Z,2026-09-09T10:09:00,134.4,134.55,134,134,6157
2026-09-09T07:10:00.000Z,2026-09-09T10:10:00,134.35,134.67,134.35,134.67,217
2026-09-09T07:11:00.000Z,2026-09-09T10:11:00,134.6,135.99,134.6,135.99,1509
2026-09-09T07:12:00.000Z,2026-09-09T10:12:00,135,135.5,135,135.5,200
2026-09-09T07:13:00.000Z,2026-09-09T10:13:00,135.03,135.7,135.03,135.7,370
2026-09-09T07:14:00.000Z,2026-09-09T10:14:00,135.7,135.99,135.7,135.99,843
2026-09-09T07:15:00.000Z,2026-09-09T10:15:00,135.99,135.99,135.7,135.9,2271
2026-09-09T07:16:00.000Z,2026-09-09T10:16:00,135.99,136,135.8,135.8,3413
2026-09-09T07:17:00.000Z,2026-09-09T10:17:00,135.9,135.99,135.8,135.99,295
2026-09-09T07:18:00.000Z,2026-09-09T10:18:00,135.99,136,135.99,136,1641
2026-09-09T07:19:00.000Z,2026-09-09T10:19:00,135.99,135.99,135.81,135.81,1760
2026-09-09T07:20:00.000Z,2026-09-09T10:20:00,135.79,135.79,135.79,135.79,44
2026-09-09T07:21:00.000Z,2026-09-09T10:21:00,135.79,135.79,135.69,135.69,575
2026-09-09T07:22:00.000Z,2026-09-09T10:22:00,135.69,135.69,135.11,135.67,818
2026-09-09T07:23:00.000Z,2026-09-09T10:23:00,135.49,135.49,135.49,135.49,500
2026-09-09T07:24:00.000Z,2026-09-09T10:24:00,135.5,135.5,135,135,769
2026-09-09T07:25:00.000Z,2026-09-09T10:25:00,135,135.5,135,135.5,986
2026-09-09T07:26:00.000Z,2026-09-09T10:26:00,135.49,135.49,134.55,134.55,207
2026-09-09T07:27:00.000Z,2026-09-09T10:27:00,134.55,135.5,134.55,135.5,246
2026-09-09T07:28:00.000Z,2026-09-09T10:28:00,135.5,135.5,134.8,134.8,273
2026-09-09T07:29:00.000Z,2026-09-09T10:29:00,134.6,135.39,134.6,134.6,20
2026-09-09T07:30:00.000Z,2026-09-09T10:30:00,134.6,135,134.6,135,491
2026-09-09T07:31:00.000Z,2026-09-09T10:31:00,135,135.4,134.6,135.4,2148
2026-09-09T07:32:00.000Z,2026-09-09T10:32:00,135.4,135.4,134.61,134.61,531
2026-09-09T07:33:00.000Z,2026-09-09T10:33:00,135.4,135.97,134.62,135.97,5076
2026-09-09T07:34:00.000Z,2026-09-09T10:34:00,134.62,135.97,134.61,134.61,1322
2026-09-09T07:35:00.000Z,2026-09-09T10:35:00,134.64,135.5,134.64,135.5,7
2026-09-09T07:36:00.000Z,2026-09-09T10:36:00,135.5,135.5,135.5,135.5,79
2026-09-09T07:37:00.000Z,2026-09-09T10:37:00,135.5,135.5,135.5,135.5,207
2026-09-09T07:38:00.000Z,2026-09-09T10:38:00,135.01,135.5,135.01,135.01,207
2026-09-09T07:39:00.000Z,2026-09-09T10:39:00,135.5,135.5,135.5,135.5,691
2026-09-09T07:40:00.000Z,2026-09-09T10:40:00,135.5,135.5,135.03,135.03,58
2026-09-09T07:41:00.000Z,2026-09-09T10:41:00,135.5,135.5,135.03,135.03,1674
2026-09-09T07:42:00.000Z,2026-09-09T10:42:00,135.03,135.4,135.03,135.4,226
2026-09-09T07:43:00.000Z,2026-09-09T10:43:00,135.4,135.48,135.4,135.48,716
2026-09-09T07:44:00.000Z,2026-09-09T10:44:00,135.03,135.48,135.03,135.48,380
2026-09-09T07:45:00.000Z,2026-09-09T10:45:00,135.2,135.2,134.7,134.7,2026
2026-09-09T07:46:00.000Z,2026-09-09T10:46:00,135,135.03,134.7,134.7,504
2026-09-09T07:47:00.000Z,2026-09-09T10:47:00,135,135,135,135,24
2026-09-09T07:48:00.000Z,2026-09-09T10:48:00,134.71,134.71,134.71,134.71,74
2026-09-09T07:49:00.000Z,2026-09-09T10:49:00,134.99,134.99,134.99,134.99,70
2026-09-09T07:50:00.000Z,2026-09-09T10:50:00,135,135,134.99,134.99,34
2026-09-09T07:51:00.000Z,2026-09-09T10:51:00,134.72,134.72,134.7,134.7,165
2026-09-09T07:52:00.000Z,2026-09-09T10:52:00,134.99,134.99,134.7,134.7,584
2026-09-09T07:53:00.000Z,2026-09-09T10:53:00,134.8,134.99,134.75,134.99,224
2026-09-09T07:54:00.000Z,2026-09-09T10:54:00,134.99,134.99,134.8,134.99,99
2026-09-09T07:55:00.000Z,2026-09-09T10:55:00,134.99,134.99,134.99,134.99,2
2026-09-09T07:56:00.000Z,2026-09-09T10:56:00,134.98,134.99,134.7,134.7,405
2026-09-09T07:57:00.000Z,2026-09-09T10:57:00,134.99,134.99,134.7,134.99,520
2026-09-09T07:58:00.000Z,2026-09-09T10:58:00,134.99,134.99,134.69,134.69,403
2026-09-09T07:59:00.000Z,2026-09-09T10:59:00,134.7,134.7,134.55,134.7,1341
2026-09-09T08:00:00.000Z,2026-09-09T11:00:00,134.55,134.98,134.55,134.98,812
2026-09-09T08:01:00.000Z,2026-09-09T11:01:00,134.98,134.98,134.02,134.03,4406
2026-09-09T08:02:00.000Z,2026-09-09T11:02:00,134.29,134.29,134.29,134.29,20
2026-09-09T08:03:00.000Z,2026-09-09T11:03:00,134.03,134.5,134.03,134.15,1131
2026-09-09T08:04:00.000Z,2026-09-09T11:04:00,134.15,134.5,134.15,134.5,186
2026-09-09T08:05:00.000Z,2026-09-09T11:05:00,134.25,134.55,134.25,134.55,603
2026-09-09T08:06:00.000Z,2026-09-09T11:06:00,134.55,134.55,134.3,134.3,44
2026-09-09T08:07:00.000Z,2026-09-09T11:07:00,134.55,134.55,134.5,134.5,267
2026-09-09T08:08:00.000Z,2026-09-09T11:08:00,134.5,134.5,134.5,134.5,441
2026-09-09T08:09:00.000Z,2026-09-09T11:09:00,134.3,134.5,134.3,134.5,403
2026-09-09T08:10:00.000Z,2026-09-09T11:10:00,134.31,134.5,134.31,134.32,316
2026-09-09T08:11:00.000Z,2026-09-09T11:11:00,134.5,134.5,134.32,134.33,39
2026-09-09T08:12:00.000Z,2026-09-09T11:12:00,134.5,134.95,134.33,134.95,1168
2026-09-09T08:13:00.000Z,2026-09-09T11:13:00,134.95,134.95,134.94,134.95,188
2026-09-09T08:14:00.000Z,2026-09-09T11:14:00,134.95,134.95,134.95,134.95,19
2026-09-09T08:15:00.000Z,2026-09-09T11:15:00,134.95,134.95,134.95,134.95,100
2026-09-09T08:16:00.000Z,2026-09-09T11:16:00,134.94,134.94,134.94,134.94,205
2026-09-09T08:17:00.000Z,2026-09-09T11:17:00,134.94,134.94,134.94,134.94,4
2026-09-09T08:18:00.000Z,2026-09-09T11:18:00,134.69,134.94,134.5,134.94,97
2026-09-09T08:19:00.000Z,2026-09-09T11:19:00,134.94,134.94,134.94,134.94,13
2026-09-09T08:20:00.000Z,2026-09-09T11:20:00,134.94,134.94,134.5,134.92,359
2026-09-09T08:21:00.000Z,2026-09-09T11:21:00,134.92,134.92,134.8,134.91,54
2026-09-09T08:22:00.000Z,2026-09-09T11:22:00,134.91,134.91,134.5,134.9,138
2026-09-09T08:23:00.000Z,2026-09-09T11:23:00,134.9,134.9,134.9,134.9,3
2026-09-09T08:24:00.000Z,2026-09-09T11:24:00,134.9,134.9,134.9,134.9,609
2026-09-09T08:25:00.000Z,2026-09-09T11:25:00,134.9,134.9,134.71,134.8,81
2026-09-09T08:26:00.000Z,2026-09-09T11:26:00,134.71,134.8,134.25,134.8,1035
2026-09-09T08:27:00.000Z,2026-09-09T11:27:00,134.8,134.8,134.25,134.8,77
2026-09-09T08:28:00.000Z,2026-09-09T11:28:00,134.8,134.9,134.5,134.8,439
2026-09-09T08:29:00.000Z,2026-09-09T11:29:00,134.8,134.95,134.8,134.9,1788
2026-09-09T08:30:00.000Z,2026-09-09T11:30:00,134.9,134.9,134.5,134.5,161
2026-09-09T08:31:00.000Z,2026-09-09T11:31:00,134.95,134.96,134.5,134.95,3517
2026-09-09T08:32:00.000Z,2026-09-09T11:32:00,134.5,134.85,134.5,134.5,2789
2026-09-09T08:33:00.000Z,2026-09-09T11:33:00,134.5,134.83,134.25,134.5,8897
2026-09-09T08:34:00.000Z,2026-09-09T11:34:00,134.5,134.75,134.5,134.75,99
2026-09-09T08:35:00.000Z,2026-09-09T11:35:00,134.75,135,134.5,134.5,7189
2026-09-09T08:36:00.000Z,2026-09-09T11:36:00,134.5,134.5,134.25,134.25,558
2026-09-09T08:37:00.000Z,2026-09-09T11:37:00,134.5,134.5,134.49,134.5,707
2026-09-09T08:38:00.000Z,2026-09-09T11:38:00,134.99,134.99,134.5,134.5,19
2026-09-09T08:39:00.000Z,2026-09-09T11:39:00,134.51,135,134.51,135,35
2026-09-09T08:40:00.000Z,2026-09-09T11:40:00,134.51,134.99,134.51,134.99,49
2026-09-09T08:41:00.000Z,2026-09-09T11:41:00,134.99,134.99,134.99,134.99,105
2026-09-09T08:42:00.000Z,2026-09-09T11:42:00,134.98,134.99,134.97,134.97,173
2026-09-09T08:43:00.000Z,2026-09-09T11:43:00,134.59,134.99,134.59,134.99,100
2026-09-09T08:44:00.000Z,2026-09-09T11:44:00,134.98,134.99,134.98,134.99,311
2026-09-09T08:45:00.000Z,2026-09-09T11:45:00,134.99,135.2,134.57,135,3319
2026-09-09T08:46:00.000Z,2026-09-09T11:46:00,135,135.25,135,135.25,336
2026-09-09T08:47:00.000Z,2026-09-09T11:47:00,135.01,135.01,135.01,135.01,33
2026-09-09T08:48:00.000Z,2026-09-09T11:48:00,135.2,135.2,135.2,135.2,43
2026-09-09T08:50:00.000Z,2026-09-09T11:50:00,135.2,135.25,135.2,135.25,70
2026-09-09T08:51:00.000Z,2026-09-09T11:51:00,135.25,135.48,135.25,135.48,533
2026-09-09T08:52:00.000Z,2026-09-09T11:52:00,135.01,135.48,135.01,135.48,251
2026-09-09T08:53:00.000Z,2026-09-09T11:53:00,135.01,135.48,135,135.48,199
2026-09-09T08:54:00.000Z,2026-09-09T11:54:00,135.48,135.48,135.47,135.47,150
2026-09-09T08:55:00.000Z,2026-09-09T11:55:00,135.1,135.2,135.1,135.2,1151
2026-09-09T08:56:00.000Z,2026-09-09T11:56:00,135.11,135.48,135.11,135.48,863
2026-09-09T08:57:00.000Z,2026-09-09T11:57:00,135.47,135.47,135.47,135.47,5
2026-09-09T08:58:00.000Z,2026-09-09T11:58:00,135.33,135.6,135.33,135.6,3344
2026-09-09T08:59:00.000Z,2026-09-09T11:59:00,135.76,135.76,135.5,135.5,2989
2026-09-09T09:00:00.000Z,2026-09-09T12:00:00,135.5,135.5,135.21,135.21,105
2026-09-09T09:01:00.000Z,2026-09-09T12:01:00,135.5,135.5,135.2,135.5,883
2026-09-09T09:02:00.000Z,2026-09-09T12:02:00,135.5,135.5,135.5,135.5,59
2026-09-09T09:03:00.000Z,2026-09-09T12:03:00,135.6,135.6,135.6,135.6,6
2026-09-09T09:04:00.000Z,2026-09-09T12:04:00,135.2,135.59,135.2,135.2,656
2026-09-09T09:05:00.000Z,2026-09-09T12:05:00,135.2,135.2,134.72,135,1644
2026-09-09T09:06:00.000Z,2026-09-09T12:06:00,135,135,134.7,134.99,119
2026-09-09T09:07:00.000Z,2026-09-09T12:07:00,134.99,134.99,134.99,134.99,185
2026-09-09T09:08:00.000Z,2026-09-09T12:08:00,134.99,134.99,134.51,134.55,6208
2026-09-09T09:09:00.000Z,2026-09-09T12:09:00,134.51,134.99,134.51,134.99,611
2026-09-09T09:10:00.000Z,2026-09-09T12:10:00,134.99,134.99,134.5,134.81,9162
2026-09-09T09:11:00.000Z,2026-09-09T12:11:00,134.98,134.98,134.5,134.5,6372
2026-09-09T09:12:00.000Z,2026-09-09T12:12:00,134.89,134.89,134.3,134.3,1143
2026-09-09T09:13:00.000Z,2026-09-09T12:13:00,134.5,134.97,134.5,134.97,790
2026-09-09T09:14:00.000Z,2026-09-09T12:14:00,134.96,134.97,134.25,134.49,13217
2026-09-09T09:15:00.000Z,2026-09-09T12:15:00,134.2,134.48,134.05,134.48,975
2026-09-09T09:16:00.000Z,2026-09-09T12:16:00,134.45,134.45,134.01,134.01,8041
2026-09-09T09:17:00.000Z,2026-09-09T12:17:00,134.01,134.02,133.5,133.5,17826
2026-09-09T09:18:00.000Z,2026-09-09T12:18:00,133.5,133.5,132.9,133,19460
2026-09-09T09:19:00.000Z,2026-09-09T12:19:00,133,133,132.5,132.82,2732
2026-09-09T09:20:00.000Z,2026-09-09T12:20:00,132.5,132.69,132.1,132.1,2675
2026-09-09T09:21:00.000Z,2026-09-09T12:21:00,132.49,132.5,132.1,132.1,8839
2026-09-09T09:22:00.000Z,2026-09-09T12:22:00,132.11,132.99,132.11,132.99,3390
2026-09-09T09:23:00.000Z,2026-09-09T12:23:00,132.49,132.99,132.49,132.99,154
2026-09-09T09:24:00.000Z,2026-09-09T12:24:00,132.97,132.97,132.4,132.48,1065
2026-09-09T09:25:00.000Z,2026-09-09T12:25:00,132.48,132.97,132.4,132.4,1175
2026-09-09T09:26:00.000Z,2026-09-09T12:26:00,132.95,132.95,132.41,132.84,9524
2026-09-09T09:27:00.000Z,2026-09-09T12:27:00,132.78,132.85,132.45,132.45,1213
2026-09-09T09:28:00.000Z,2026-09-09T12:28:00,132.76,132.77,132.4,132.5,2701
2026-09-09T09:29:00.000Z,2026-09-09T12:29:00,132.5,132.84,132.5,132.84,775
2026-09-09T09:30:00.000Z,2026-09-09T12:30:00,132.79,132.8,132.5,132.5,1149
2026-09-09T09:31:00.000Z,2026-09-09T12:31:00,132.6,132.6,132.6,132.6,25
2026-09-09T09:32:00.000Z,2026-09-09T12:32:00,132.6,132.6,132.5,132.51,1201
2026-09-09T09:33:00.000Z,2026-09-09T12:33:00,132.6,132.85,132.42,132.42,3418
2026-09-09T09:34:00.000Z,2026-09-09T12:34:00,132.8,132.8,132.08,132.08,4406
2026-09-09T09:35:00.000Z,2026-09-09T12:35:00,132.06,132.09,131.5,131.5,25303
2026-09-09T09:36:00.000Z,2026-09-09T12:36:00,131.32,131.32,130.65,130.9,20589
2026-09-09T09:37:00.000Z,2026-09-09T12:37:00,130.9,130.9,130.02,130.04,31069
2026-09-09T09:38:00.000Z,2026-09-09T12:38:00,130.5,131,130.1,130.98,11702
2026-09-09T09:39:00.000Z,2026-09-09T12:39:00,130.88,130.88,130.12,130.25,2986
2026-09-09T09:40:00.000Z,2026-09-09T12:40:00,130.2,130.25,130,130.14,25661
2026-09-09T09:41:00.000Z,2026-09-09T12:41:00,130.1,130.69,130.06,130.2,27617
2026-09-09T09:42:00.000Z,2026-09-09T12:42:00,130.5,130.7,130.2,130.5,12429
2026-09-09T09:43:00.000Z,2026-09-09T12:43:00,130.49,130.49,130.27,130.3,4748
2026-09-09T09:44:00.000Z,2026-09-09T12:44:00,130.27,130.3,130.15,130.2,11403
2026-09-09T09:45:00.000Z,2026-09-09T12:45:00,130.2,130.27,130.1,130.15,34792
2026-09-09T09:46:00.000Z,2026-09-09T12:46:00,130.15,130.27,128.97,129,24648
2026-09-09T09:47:00.000Z,2026-09-09T12:47:00,129,129.88,128.97,129.74,30669
2026-09-09T09:48:00.000Z,2026-09-09T12:48:00,129.74,130.07,129.11,130.07,9468
2026-09-09T09:49:00.000Z,2026-09-09T12:49:00,130,130.11,129.74,130,10591
2026-09-09T09:50:00.000Z,2026-09-09T12:50:00,130.01,130.75,130.01,130.75,3743
2026-09-09T09:51:00.000Z,2026-09-09T12:51:00,130.75,131.19,130.75,131.19,12224
2026-09-09T09:52:00.000Z,2026-09-09T12:52:00,131.19,131.8,131.01,131.5,12559
2026-09-09T09:53:00.000Z,2026-09-09T12:53:00,131.69,131.69,131.5,131.67,5227
2026-09-09T09:54:00.000Z,2026-09-09T12:54:00,131.66,131.66,131.01,131.48,10701
2026-09-09T09:55:00.000Z,2026-09-09T12:55:00,131.48,131.49,131.01,131.48,4537
2026-09-09T09:56:00.000Z,2026-09-09T12:56:00,131.48,131.49,131.02,131.02,8960
2026-09-09T09:57:00.000Z,2026-09-09T12:57:00,131.04,131.4,131.01,131.4,6124
2026-09-09T09:58:00.000Z,2026-09-09T12:58:00,131.1,131.3,131.03,131.3,7265
2026-09-09T09:59:00.000Z,2026-09-09T12:59:00,131.04,131.5,131.03,131.03,10857
2026-09-09T10:00:00.000Z,2026-09-09T13:00:00,131.5,131.68,131.5,131.68,454
2026-09-09T10:01:00.000Z,2026-09-09T13:01:00,131.68,131.68,131.64,131.64,56
2026-09-09T10:02:00.000Z,2026-09-09T13:02:00,131.5,131.64,131.21,131.5,8458
2026-09-09T10:03:00.000Z,2026-09-09T13:03:00,131.22,131.68,131.1,131.68,7086
2026-09-09T10:04:00.000Z,2026-09-09T13:04:00,131.68,131.7,131.68,131.7,527
2026-09-09T10:05:00.000Z,2026-09-09T13:05:00,131.68,131.8,131.5,131.8,312
2026-09-09T10:06:00.000Z,2026-09-09T13:06:00,131.8,131.97,131.8,131.97,923
2026-09-09T10:07:00.000Z,2026-09-09T13:07:00,131.97,132,131.97,131.98,42163
2026-09-09T10:08:00.000Z,2026-09-09T13:08:00,131.95,131.98,131.25,131.4,2668
2026-09-09T10:09:00.000Z,2026-09-09T13:09:00,131.26,131.74,131.12,131.74,1875
2026-09-09T10:10:00.000Z,2026-09-09T13:10:00,131.12,131.69,131.12,131.5,6047
2026-09-09T10:11:00.000Z,2026-09-09T13:11:00,131.6,131.6,131.5,131.5,480
2026-09-09T10:12:00.000Z,2026-09-09T13:12:00,131.49,131.49,131.49,131.49,1
2026-09-09T10:13:00.000Z,2026-09-09T13:13:00,131.26,131.26,131.12,131.15,5014
2026-09-09T10:14:00.000Z,2026-09-09T13:14:00,131.12,131.12,131.03,131.03,2533
2026-09-09T10:15:00.000Z,2026-09-09T13:15:00,131.1,131.1,131.05,131.1,472
2026-09-09T10:16:00.000Z,2026-09-09T13:16:00,131.05,131.12,131.03,131.03,538
2026-09-09T10:17:00.000Z,2026-09-09T13:17:00,131.12,131.12,131.05,131.12,576
2026-09-09T10:18:00.000Z,2026-09-09T13:18:00,131.12,131.5,131.12,131.5,316
2026-09-09T10:19:00.000Z,2026-09-09T13:19:00,131.5,131.5,131.3,131.5,202
2026-09-09T10:20:00.000Z,2026-09-09T13:20:00,131.5,131.5,131.5,131.5,177
2026-09-09T10:21:00.000Z,2026-09-09T13:21:00,131.6,131.6,131.6,131.6,208
2026-09-09T10:22:00.000Z,2026-09-09T13:22:00,131.59,131.6,131.59,131.59,1262
2026-09-09T10:23:00.000Z,2026-09-09T13:23:00,131.59,131.59,131.58,131.58,323
2026-09-09T10:24:00.000Z,2026-09-09T13:24:00,131.58,131.58,131.4,131.5,2148
2026-09-09T10:25:00.000Z,2026-09-09T13:25:00,131.5,131.5,131.4,131.4,2133
2026-09-09T10:26:00.000Z,2026-09-09T13:26:00,131.4,131.6,131.35,131.6,7066
2026-09-09T10:27:00.000Z,2026-09-09T13:27:00,131.78,131.78,131.11,131.42,6952
2026-09-09T10:28:00.000Z,2026-09-09T13:28:00,131.42,131.85,131.42,131.85,6071
2026-09-09T10:29:00.000Z,2026-09-09T13:29:00,131.85,131.88,131.27,131.88,5376
2026-09-09T10:30:00.000Z,2026-09-09T13:30:00,131.88,131.88,131.87,131.87,201
2026-09-09T10:31:00.000Z,2026-09-09T13:31:00,131.7,131.88,131.7,131.88,2527
2026-09-09T10:32:00.000Z,2026-09-09T13:32:00,131.88,131.89,131.88,131.89,6843
2026-09-09T10:33:00.000Z,2026-09-09T13:33:00,131.9,132,131.89,131.89,22229
2026-09-09T10:34:00.000Z,2026-09-09T13:34:00,131.99,131.99,131.99,131.99,7
2026-09-09T10:35:00.000Z,2026-09-09T13:35:00,131.99,131.99,131.65,131.99,455
2026-09-09T10:36:00.000Z,2026-09-09T13:36:00,131.99,131.99,131.99,131.99,485
2026-09-09T10:37:00.000Z,2026-09-09T13:37:00,131.99,131.99,131.66,131.66,302
2026-09-09T10:38:00.000Z,2026-09-09T13:38:00,131.66,131.99,131.66,131.9,2592
2026-09-09T10:39:00.000Z,2026-09-09T13:39:00,131.9,131.99,131.9,131.99,402
2026-09-09T10:40:00.000Z,2026-09-09T13:40:00,131.9,131.99,131.7,131.99,491
2026-09-09T10:41:00.000Z,2026-09-09T13:41:00,131.99,131.99,131.67,131.67,771
2026-09-09T10:42:00.000Z,2026-09-09T13:42:00,131.99,131.99,131.98,131.98,69
2026-09-09T10:43:00.000Z,2026-09-09T13:43:00,131.98,131.99,131.98,131.99,501
2026-09-09T10:44:00.000Z,2026-09-09T13:44:00,131.99,131.99,131.67,131.67,234
2026-09-09T10:45:00.000Z,2026-09-09T13:45:00,131.98,131.98,131.67,131.98,1059
2026-09-09T10:46:00.000Z,2026-09-09T13:46:00,131.67,131.97,131.67,131.9,424
2026-09-09T10:47:00.000Z,2026-09-09T13:47:00,131.9,131.97,131.68,131.68,492
2026-09-09T10:48:00.000Z,2026-09-09T13:48:00,131.9,131.99,131.9,131.99,2850
2026-09-09T10:49:00.000Z,2026-09-09T13:49:00,131.99,131.99,131.98,131.99,2022
2026-09-09T10:50:00.000Z,2026-09-09T13:50:00,131.99,131.99,131.9,131.99,132
2026-09-09T10:51:00.000Z,2026-09-09T13:51:00,131.99,131.99,131.99,131.99,608
2026-09-09T10:52:00.000Z,2026-09-09T13:52:00,131.99,131.99,131.9,131.99,738
2026-09-09T10:53:00.000Z,2026-09-09T13:53:00,131.99,131.99,131.98,131.98,501
2026-09-09T10:54:00.000Z,2026-09-09T13:54:00,131.98,131.98,131.9,131.98,727
2026-09-09T10:55:00.000Z,2026-09-09T13:55:00,131.97,131.97,131.97,131.97,34
2026-09-09T10:56:00.000Z,2026-09-09T13:56:00,131.96,131.96,131.9,131.9,476
2026-09-09T10:57:00.000Z,2026-09-09T13:57:00,131.89,131.89,131.1,131.1,14103
2026-09-09T10:58:00.000Z,2026-09-09T13:58:00,131.1,131.8,130.5,130.5,51219
2026-09-09T10:59:00.000Z,2026-09-09T13:59:00,130.5,131,130.2,130.3,21097
2026-09-09T11:00:00.000Z,2026-09-09T14:00:00,130.3,130.5,130.3,130.5,699
2026-09-09T11:01:00.000Z,2026-09-09T14:01:00,130.6,130.98,130.5,130.97,3238
2026-09-09T11:02:00.000Z,2026-09-09T14:02:00,130.97,130.99,130.97,130.98,481
2026-09-09T11:03:00.000Z,2026-09-09T14:03:00,130.99,130.99,130.5,130.5,2243
2026-09-09T11:04:00.000Z,2026-09-09T14:04:00,130.5,131,130.5,131,6304
2026-09-09T11:05:00.000Z,2026-09-09T14:05:00,131,131,130.6,130.98,1167
2026-09-09T11:06:00.000Z,2026-09-09T14:06:00,130.94,130.95,130.9,130.9,1328
2026-09-09T11:07:00.000Z,2026-09-09T14:07:00,130.93,130.93,130.9,130.9,263
2026-09-09T11:08:00.000Z,2026-09-09T14:08:00,130.89,130.9,130.7,130.7,2262
2026-09-09T11:09:00.000Z,2026-09-09T14:09:00,130.6,130.7,130.51,130.7,6184
2026-09-09T11:10:00.000Z,2026-09-09T14:10:00,130.68,131,130.65,131,5692
2026-09-09T11:11:00.000Z,2026-09-09T14:11:00,130.6,131,130.51,131,23798
2026-09-09T11:12:00.000Z,2026-09-09T14:12:00,131,131,130.98,130.99,12396
2026-09-09T11:13:00.000Z,2026-09-09T14:13:00,130.99,131,130.98,131,1497
2026-09-09T11:14:00.000Z,2026-09-09T14:14:00,131,131.46,130.7,131,1695
2026-09-09T11:15:00.000Z,2026-09-09T14:15:00,131,131,131,131,13
2026-09-09T11:25:00.000Z,2026-09-09T14:25:00,130.9,130.9,130.9,130.9,10588
2026-09-09T11:26:00.000Z,2026-09-09T14:26:00,130.9,130.9,130.9,130.9,1155
2026-09-09T11:27:00.000Z,2026-09-09T14:27:00,130.9,130.9,130.9,130.9,8267
2026-09-09T11:28:00.000Z,2026-09-09T14:28:00,130.9,130.9,130.9,130.9,562
2026-09-09T11:29:00.000Z,2026-09-09T14:29:00,130.9,130.9,130.9,130.9,2258
2026-09-10T07:00:00.000Z,2026-09-10T10:00:00,131,131.5,131,131.49,2967
2026-09-10T07:01:00.000Z,2026-09-10T10:01:00,131.47,131.47,130.9,130.9,3999
2026-09-10T07:02:00.000Z,2026-09-10T10:02:00,130.9,130.92,130.7,130.92,3297
2026-09-10T07:03:00.000Z,2026-09-10T10:03:00,130.91,130.99,130.91,130.91,184
2026-09-10T07:04:00.000Z,2026-09-10T10:04:00,130.91,131.4,130.91,131.4,1568
2026-09-10T07:05:00.000Z,2026-09-10T10:05:00,131.4,131.49,131,131,3226
2026-09-10T07:06:00.000Z,2026-09-10T10:06:00,131.39,131.39,131,131.39,1386
2026-09-10T07:07:00.000Z,2026-09-10T10:07:00,131,131.39,131,131.24,55
2026-09-10T07:08:00.000Z,2026-09-10T10:08:00,131.24,131.24,131,131,315
2026-09-10T07:09:00.000Z,2026-09-10T10:09:00,131.2,131.2,131,131.2,3538
2026-09-10T07:10:00.000Z,2026-09-10T10:10:00,131.2,131.2,131.2,131.2,16
2026-09-10T07:11:00.000Z,2026-09-10T10:11:00,131,131.2,130.91,130.91,1527
2026-09-10T07:12:00.000Z,2026-09-10T10:12:00,130.91,130.91,130.9,130.9,689
2026-09-10T07:13:00.000Z,2026-09-10T10:13:00,130.9,130.9,130,130.01,6667
2026-09-10T07:14:00.000Z,2026-09-10T10:14:00,130.01,130.11,130,130.11,10759
2026-09-10T07:15:00.000Z,2026-09-10T10:15:00,130.89,131,130.5,130.5,1276
2026-09-10T07:16:00.000Z,2026-09-10T10:16:00,130.5,131,130.5,131,5724
2026-09-10T07:17:00.000Z,2026-09-10T10:17:00,130.99,130.99,130.51,130.51,233
2026-09-10T07:18:00.000Z,2026-09-10T10:18:00,130.89,131.2,130.51,131.1,5989
2026-09-10T07:19:00.000Z,2026-09-10T10:19:00,131.2,131.25,131.2,131.2,906
2026-09-10T07:20:00.000Z,2026-09-10T10:20:00,131.2,131.25,131.2,131.25,152
2026-09-10T07:21:00.000Z,2026-09-10T10:21:00,131.25,131.25,131.2,131.2,2458
2026-09-10T07:22:00.000Z,2026-09-10T10:22:00,131.25,131.6,131.25,131.6,11174
2026-09-10T07:23:00.000Z,2026-09-10T10:23:00,131.6,131.99,131,131.01,1809
2026-09-10T07:24:00.000Z,2026-09-10T10:24:00,131.8,131.9,131.7,131.7,137
2026-09-10T07:25:00.000Z,2026-09-10T10:25:00,131.7,131.99,131.27,131.99,5536
2026-09-10T07:26:00.000Z,2026-09-10T10:26:00,131.99,132,131.5,132,6413
2026-09-10T07:27:00.000Z,2026-09-10T10:27:00,132,132,131.5,131.53,2641
2026-09-10T07:28:00.000Z,2026-09-10T10:28:00,131.53,132,131.35,132,1999
2026-09-10T07:29:00.000Z,2026-09-10T10:29:00,132,132,132,132,67
2026-09-10T07:30:00.000Z,2026-09-10T10:30:00,132,132,131.37,132,786
2026-09-10T07:31:00.000Z,2026-09-10T10:31:00,131.92,132,131.9,132,698
2026-09-10T07:32:00.000Z,2026-09-10T10:32:00,131.99,131.99,131.8,131.8,1704
2026-09-10T07:33:00.000Z,2026-09-10T10:33:00,131.8,131.8,131.33,131.8,769
2026-09-10T07:34:00.000Z,2026-09-10T10:34:00,131.33,131.8,131.33,131.8,187
2026-09-10T07:35:00.000Z,2026-09-10T10:35:00,131.8,131.8,131.8,131.8,38
2026-09-10T07:36:00.000Z,2026-09-10T10:36:00,131.8,131.8,131.79,131.79,29
2026-09-10T07:37:00.000Z,2026-09-10T10:37:00,131.79,131.79,131.79,131.79,78
2026-09-10T07:38:00.000Z,2026-09-10T10:38:00,131.79,131.79,131.79,131.79,6
2026-09-10T07:39:00.000Z,2026-09-10T10:39:00,131.79,131.79,131.79,131.79,17
2026-09-10T07:40:00.000Z,2026-09-10T10:40:00,131.4,131.74,131.4,131.74,88
2026-09-10T07:41:00.000Z,2026-09-10T10:41:00,131.66,131.66,131.66,131.66,13
2026-09-10T07:42:00.000Z,2026-09-10T10:42:00,131.66,131.66,131.59,131.6,262
2026-09-10T07:43:00.000Z,2026-09-10T10:43:00,131.6,131.6,131.5,131.5,788
2026-09-10T07:44:00.000Z,2026-09-10T10:44:00,131.5,131.5,131,131,21337
2026-09-10T07:45:00.000Z,2026-09-10T10:45:00,131,131.01,130.55,131.01,5389
2026-09-10T07:46:00.000Z,2026-09-10T10:46:00,131.01,131.41,131.01,131.41,345
2026-09-10T07:47:00.000Z,2026-09-10T10:47:00,131.41,131.41,131.02,131.41,125
2026-09-10T07:48:00.000Z,2026-09-10T10:48:00,131.41,131.41,131.41,131.41,126
2026-09-10T07:49:00.000Z,2026-09-10T10:49:00,131.41,131.41,131.41,131.41,70
2026-09-10T07:50:00.000Z,2026-09-10T10:50:00,131.41,131.41,131.41,131.41,197
2026-09-10T07:51:00.000Z,2026-09-10T10:51:00,131.41,131.41,131.05,131.41,58
2026-09-10T07:52:00.000Z,2026-09-10T10:52:00,131.41,131.41,131.41,131.41,54
2026-09-10T07:53:00.000Z,2026-09-10T10:53:00,131.41,131.41,131.03,131.03,70
2026-09-10T07:54:00.000Z,2026-09-10T10:54:00,131.03,131.03,130.52,131,15426
2026-09-10T07:55:00.000Z,2026-09-10T10:55:00,130.52,131.41,130.52,131.28,2528
2026-09-10T07:56:00.000Z,2026-09-10T10:56:00,131.25,131.25,131.25,131.25,31
2026-09-10T07:57:00.000Z,2026-09-10T10:57:00,131,131,131,131,237
2026-09-10T07:58:00.000Z,2026-09-10T10:58:00,131.01,131.2,131,131,3103
2026-09-10T07:59:00.000Z,2026-09-10T10:59:00,131,131,130.61,130.92,1415
2026-09-10T08:00:00.000Z,2026-09-10T11:00:00,130.9,130.9,130.9,130.9,32
2026-09-10T08:01:00.000Z,2026-09-10T11:01:00,130.9,130.9,130.61,130.61,1062
2026-09-10T08:02:00.000Z,2026-09-10T11:02:00,130.9,130.91,130.9,130.91,759
2026-09-10T08:03:00.000Z,2026-09-10T11:03:00,130.91,131,130.61,131,1309
2026-09-10T08:04:00.000Z,2026-09-10T11:04:00,131,131,131,131,1000
2026-09-10T08:05:00.000Z,2026-09-10T11:05:00,131,131,130.99,130.99,65
2026-09-10T08:06:00.000Z,2026-09-10T11:06:00,130.99,130.99,130.99,130.99,2
2026-09-10T08:08:00.000Z,2026-09-10T11:08:00,130.9,131,130.8,131,5475
2026-09-10T08:09:00.000Z,2026-09-10T11:09:00,131,131,130.8,131,4071
2026-09-10T08:10:00.000Z,2026-09-10T11:10:00,131,131,130.85,131,3351
2026-09-10T08:11:00.000Z,2026-09-10T11:11:00,131,131,130.9,130.9,1679
2026-09-10T08:12:00.000Z,2026-09-10T11:12:00,131,131,130.99,131,12147
2026-09-10T08:13:00.000Z,2026-09-10T11:13:00,131,131.01,130.9,131,15759
2026-09-10T08:14:00.000Z,2026-09-10T11:14:00,130.91,131,130.9,130.9,1049
2026-09-10T08:15:00.000Z,2026-09-10T11:15:00,131,131,130.9,130.9,4018
2026-09-10T08:16:00.000Z,2026-09-10T11:16:00,130.9,131,130.9,131,1043
2026-09-10T08:17:00.000Z,2026-09-10T11:17:00,131,131,131,131,173
2026-09-10T08:18:00.000Z,2026-09-10T11:18:00,130.99,130.99,130.99,130.99,383
2026-09-10T08:19:00.000Z,2026-09-10T11:19:00,130.99,130.99,130.9,130.9,3998
2026-09-10T08:20:00.000Z,2026-09-10T11:20:00,130.98,130.98,130.98,130.98,59
2026-09-10T08:21:00.000Z,2026-09-10T11:21:00,130.98,130.98,130.9,130.9,14915
2026-09-10T08:22:00.000Z,2026-09-10T11:22:00,130.9,130.99,130.51,130.99,3084
2026-09-10T08:23:00.000Z,2026-09-10T11:23:00,130.99,131,130.98,130.98,2053
2026-09-10T08:24:00.000Z,2026-09-10T11:24:00,130.9,130.98,130.9,130.98,56
2026-09-10T08:25:00.000Z,2026-09-10T11:25:00,130.98,130.98,130.54,130.9,5259
2026-09-10T08:26:00.000Z,2026-09-10T11:26:00,130.98,130.98,130.98,130.98,182
2026-09-10T08:28:00.000Z,2026-09-10T11:28:00,130.98,131,130.98,131,13800
2026-09-10T08:29:00.000Z,2026-09-10T11:29:00,131,131.01,130.9,130.9,6128
2026-09-10T08:30:00.000Z,2026-09-10T11:30:00,131,131.5,131,131,10435
2026-09-10T08:31:00.000Z,2026-09-10T11:31:00,131,132,131,131,6314
2026-09-10T08:32:00.000Z,2026-09-10T11:32:00,131,131.01,131,131,10621
2026-09-10T08:33:00.000Z,2026-09-10T11:33:00,131,131.96,131,131.96,18340
2026-09-10T08:34:00.000Z,2026-09-10T11:34:00,131.96,132.35,131.96,132.35,3370
2026-09-10T08:35:00.000Z,2026-09-10T11:35:00,132,132.49,131.14,131.25,4501
2026-09-10T08:36:00.000Z,2026-09-10T11:36:00,132.32,132.7,132,132.5,16844
2026-09-10T08:37:00.000Z,2026-09-10T11:37:00,132.85,132.95,132.53,132.87,7167
2026-09-10T08:38:00.000Z,2026-09-10T11:38:00,132.3,132.85,132,132.8,14678
2026-09-10T08:39:00.000Z,2026-09-10T11:39:00,132.79,132.79,132.01,132.74,121
2026-09-10T08:40:00.000Z,2026-09-10T11:40:00,132.74,132.74,132,132,8131
2026-09-10T08:41:00.000Z,2026-09-10T11:41:00,132.7,132.7,132.1,132.41,349
2026-09-10T08:42:00.000Z,2026-09-10T11:42:00,132.41,132.88,132.41,132.88,5969
2026-09-10T08:43:00.000Z,2026-09-10T11:43:00,132.88,132.88,132.55,132.55,8840
2026-09-10T08:44:00.000Z,2026-09-10T11:44:00,132.5,132.78,132.5,132.7,951
2026-09-10T08:45:00.000Z,2026-09-10T11:45:00,132.7,132.8,132.55,132.8,2048
2026-09-10T08:46:00.000Z,2026-09-10T11:46:00,132.8,132.8,132.56,132.71,5922
2026-09-10T08:47:00.000Z,2026-09-10T11:47:00,132.7,132.88,132.01,132.49,19324
2026-09-10T08:48:00.000Z,2026-09-10T11:48:00,132.49,132.49,132.44,132.49,6026
2026-09-10T08:49:00.000Z,2026-09-10T11:49:00,132.03,132.49,131.99,131.99,783
2026-09-10T08:50:00.000Z,2026-09-10T11:50:00,131.99,131.99,131.98,131.98,134
2026-09-10T08:51:00.000Z,2026-09-10T11:51:00,131.9,131.9,131.9,131.9,8
2026-09-10T08:52:00.000Z,2026-09-10T11:52:00,131.6,131.9,131.41,131.9,2277
2026-09-10T08:53:00.000Z,2026-09-10T11:53:00,131.9,131.9,131.9,131.9,13
2026-09-10T08:54:00.000Z,2026-09-10T11:54:00,131.9,131.9,131.41,131.9,612
2026-09-10T08:55:00.000Z,2026-09-10T11:55:00,131.41,131.41,131.41,131.41,197
2026-09-10T08:57:00.000Z,2026-09-10T11:57:00,131.99,131.99,131.41,131.41,397
2026-09-10T08:58:00.000Z,2026-09-10T11:58:00,131.94,131.94,131.41,131.9,298
2026-09-10T09:01:00.000Z,2026-09-10T12:01:00,131.89,131.89,131.22,131.22,963
2026-09-10T09:02:00.000Z,2026-09-10T12:02:00,131.8,131.8,131.8,131.8,4
2026-09-10T09:03:00.000Z,2026-09-10T12:03:00,131.65,131.8,131.65,131.76,586
2026-09-10T09:04:00.000Z,2026-09-10T12:04:00,131.76,132,131.76,132,5499
2026-09-10T09:05:00.000Z,2026-09-10T12:05:00,132,132,131.77,132,4803
2026-09-10T09:06:00.000Z,2026-09-10T12:06:00,132,132,131.76,131.76,2044
2026-09-10T09:07:00.000Z,2026-09-10T12:07:00,132,132,132,132,4
2026-09-10T09:08:00.000Z,2026-09-10T12:08:00,131.99,131.99,131.99,131.99,10
2026-09-10T09:09:00.000Z,2026-09-10T12:09:00,131.9,131.9,131.9,131.9,6
2026-09-10T09:10:00.000Z,2026-09-10T12:10:00,131.76,131.99,131.76,131.99,49
2026-09-10T09:11:00.000Z,2026-09-10T12:11:00,131.99,132,131.76,131.76,160
2026-09-10T09:12:00.000Z,2026-09-10T12:12:00,132,132,132,132,1008
2026-09-10T09:13:00.000Z,2026-09-10T12:13:00,131.9,132.46,131.9,132.4,108
2026-09-10T09:14:00.000Z,2026-09-10T12:14:00,132.39,132.39,131.95,131.95,144
2026-09-10T09:16:00.000Z,2026-09-10T12:16:00,132.31,132.49,132.31,132.49,17596
2026-09-10T09:17:00.000Z,2026-09-10T12:17:00,132.4,132.5,131.55,132,38490
2026-09-10T09:18:00.000Z,2026-09-10T12:18:00,132,132,132,132,6
2026-09-10T09:19:00.000Z,2026-09-10T12:19:00,131.55,131.99,131.55,131.99,41
2026-09-10T09:20:00.000Z,2026-09-10T12:20:00,131.99,131.99,131.16,131.16,1912
2026-09-10T09:21:00.000Z,2026-09-10T12:21:00,131.99,131.99,131,131,35088
2026-09-10T09:22:00.000Z,2026-09-10T12:22:00,131,131,131,131,10142
2026-09-10T09:23:00.000Z,2026-09-10T12:23:00,130.99,131,130.7,130.7,5191
2026-09-10T09:24:00.000Z,2026-09-10T12:24:00,130.6,130.7,130.32,130.5,4693
2026-09-10T09:25:00.000Z,2026-09-10T12:25:00,130.49,130.5,130.32,130.5,290
2026-09-10T09:26:00.000Z,2026-09-10T12:26:00,130.32,130.49,130,130,16923
2026-09-10T09:27:00.000Z,2026-09-10T12:27:00,130.49,130.49,130.47,130.47,293
2026-09-10T09:28:00.000Z,2026-09-10T12:28:00,130.4,130.4,130.02,130.4,347
2026-09-10T09:29:00.000Z,2026-09-10T12:29:00,130.2,130.2,129.74,129.74,24950
2026-09-10T09:30:00.000Z,2026-09-10T12:30:00,129.7,130.35,129.51,130.35,1004
2026-09-10T09:31:00.000Z,2026-09-10T12:31:00,130.35,130.35,129.6,130.3,447
2026-09-10T09:32:00.000Z,2026-09-10T12:32:00,129.8,129.8,129.55,129.55,3726
2026-09-10T09:33:00.000Z,2026-09-10T12:33:00,129.55,130,129.55,129.9,541
2026-09-10T09:34:00.000Z,2026-09-10T12:34:00,129.99,130.29,129.99,130,1958
2026-09-10T09:35:00.000Z,2026-09-10T12:35:00,130.29,130.29,130,130.2,65
2026-09-10T09:36:00.000Z,2026-09-10T12:36:00,130.2,130.29,130.2,130.29,2119
2026-09-10T09:37:00.000Z,2026-09-10T12:37:00,130.29,130.35,130.29,130.35,3064
2026-09-10T09:38:00.000Z,2026-09-10T12:38:00,130.29,130.98,130.29,130.98,1118
2026-09-10T09:39:00.000Z,2026-09-10T12:39:00,130.4,130.4,130.4,130.4,70
2026-09-10T09:40:00.000Z,2026-09-10T12:40:00,130.9,130.9,130.89,130.89,127
2026-09-10T09:41:00.000Z,2026-09-10T12:41:00,130.85,130.9,130.84,130.84,55
2026-09-10T09:42:00.000Z,2026-09-10T12:42:00,130.4,130.87,130.4,130.41,65
2026-09-10T09:43:00.000Z,2026-09-10T12:43:00,130.87,130.87,130.87,130.87,1
2026-09-10T09:44:00.000Z,2026-09-10T12:44:00,130.87,130.87,130.87,130.87,1
2026-09-10T09:45:00.000Z,2026-09-10T12:45:00,130.87,130.88,130.87,130.87,72
2026-09-10T09:46:00.000Z,2026-09-10T12:46:00,130.45,130.45,130.45,130.45,2
2026-09-10T09:47:00.000Z,2026-09-10T12:47:00,130.46,130.86,130.46,130.8,461
2026-09-10T09:48:00.000Z,2026-09-10T12:48:00,130.78,130.79,130.74,130.74,207
2026-09-10T09:49:00.000Z,2026-09-10T12:49:00,130.79,130.79,130.45,130.78,107
2026-09-10T09:50:00.000Z,2026-09-10T12:50:00,130.74,130.74,130.65,130.65,143
2026-09-10T09:51:00.000Z,2026-09-10T12:51:00,130.77,130.77,130.4,130.4,2639
2026-09-10T09:52:00.000Z,2026-09-10T12:52:00,130.4,130.45,130.2,130.2,850
2026-09-10T09:53:00.000Z,2026-09-10T12:53:00,130.45,130.45,130.45,130.45,9
2026-09-10T09:54:00.000Z,2026-09-10T12:54:00,130.2,130.2,130.2,130.2,236
2026-09-10T09:55:00.000Z,2026-09-10T12:55:00,130.6,130.6,130.55,130.55,78
2026-09-10T09:56:00.000Z,2026-09-10T12:56:00,130.5,130.5,130.45,130.45,155
2026-09-10T09:57:00.000Z,2026-09-10T12:57:00,130.4,130.45,130.3,130.45,697
2026-09-10T09:58:00.000Z,2026-09-10T12:58:00,130.45,130.45,130.21,130.45,898
2026-09-10T09:59:00.000Z,2026-09-10T12:59:00,130.45,130.45,130.45,130.45,113
2026-09-10T10:00:00.000Z,2026-09-10T13:00:00,130.45,130.45,130.45,130.45,126
2026-09-10T10:01:00.000Z,2026-09-10T13:01:00,130.45,130.45,130.25,130.25,184
2026-09-10T10:02:00.000Z,2026-09-10T13:02:00,130.45,130.45,130.45,130.45,13
2026-09-10T10:03:00.000Z,2026-09-10T13:03:00,130.26,130.45,130.2,130.45,1288
2026-09-10T10:04:00.000Z,2026-09-10T13:04:00,130.3,130.6,130.2,130.2,1736
2026-09-10T10:05:00.000Z,2026-09-10T13:05:00,130.6,130.6,130.01,130.01,3608
2026-09-10T10:06:00.000Z,2026-09-10T13:06:00,130.01,130.48,129.9,130,9527
2026-09-10T10:07:00.000Z,2026-09-10T13:07:00,130,130,130,130,163
2026-09-10T10:08:00.000Z,2026-09-10T13:08:00,130,130,130,130,237
2026-09-10T10:09:00.000Z,2026-09-10T13:09:00,130,130,130,130,613
2026-09-10T10:10:00.000Z,2026-09-10T13:10:00,130,130,129.9,129.9,83
2026-09-10T10:11:00.000Z,2026-09-10T13:11:00,130,130,130,130,25
2026-09-10T10:12:00.000Z,2026-09-10T13:12:00,129.9,130,129.75,129.99,914
2026-09-10T10:13:00.000Z,2026-09-10T13:13:00,129.8,129.99,129.75,129.99,360
2026-09-10T10:14:00.000Z,2026-09-10T13:14:00,129.99,130,129.8,129.8,3036
2026-09-10T10:15:00.000Z,2026-09-10T13:15:00,129.82,130,129.82,130,14
2026-09-10T10:16:00.000Z,2026-09-10T13:16:00,130,130,129.81,129.82,836
2026-09-10T10:17:00.000Z,2026-09-10T13:17:00,130,130,130,130,594
2026-09-10T10:18:00.000Z,2026-09-10T13:18:00,130,130,130,130,364
2026-09-10T10:19:00.000Z,2026-09-10T13:19:00,130,130,130,130,226
2026-09-10T10:20:00.000Z,2026-09-10T13:20:00,130,130,130,130,1366
2026-09-10T10:21:00.000Z,2026-09-10T13:21:00,129.9,130,129.9,130,56
2026-09-10T10:22:00.000Z,2026-09-10T13:22:00,129.99,130,129.82,129.93,521
2026-09-10T10:23:00.000Z,2026-09-10T13:23:00,129.85,130,129.85,130,432
2026-09-10T10:24:00.000Z,2026-09-10T13:24:00,130,130,129.89,130,208
2026-09-10T10:25:00.000Z,2026-09-10T13:25:00,130,130,129.9,130,150
2026-09-10T10:26:00.000Z,2026-09-10T13:26:00,130,130,130,130,1891
2026-09-10T10:27:00.000Z,2026-09-10T13:27:00,130.5,130.5,130,130,949
2026-09-10T10:28:00.000Z,2026-09-10T13:28:00,130.48,130.48,130.48,130.48,144
2026-09-10T10:29:00.000Z,2026-09-10T13:29:00,130.5,130.5,130.5,130.5,4
2026-09-10T10:30:00.000Z,2026-09-10T13:30:00,130.49,130.49,130,130,25
2026-09-10T10:31:00.000Z,2026-09-10T13:31:00,130,130.45,130,130.01,191
2026-09-10T10:32:00.000Z,2026-09-10T13:32:00,130.4,130.4,130,130,1475
2026-09-10T10:33:00.000Z,2026-09-10T13:33:00,130,130,130,130,640
2026-09-10T10:34:00.000Z,2026-09-10T13:34:00,129.99,130,129.99,129.99,5103
2026-09-10T10:35:00.000Z,2026-09-10T13:35:00,129.9,129.9,129.89,129.9,414
2026-09-10T10:36:00.000Z,2026-09-10T13:36:00,129.9,129.9,129.9,129.9,885
2026-09-10T10:37:00.000Z,2026-09-10T13:37:00,129.89,129.9,129.83,129.89,1724
2026-09-10T10:38:00.000Z,2026-09-10T13:38:00,129.89,130,129.89,130,387
2026-09-10T10:39:00.000Z,2026-09-10T13:39:00,130,130.01,129.89,130,8654
2026-09-10T10:40:00.000Z,2026-09-10T13:40:00,130,130.48,130,130.48,27
2026-09-10T10:41:00.000Z,2026-09-10T13:41:00,130.48,130.48,130.48,130.48,82
2026-09-10T10:42:00.000Z,2026-09-10T13:42:00,130,130,130,130,105
2026-09-10T10:43:00.000Z,2026-09-10T13:43:00,130.48,130.86,130.42,130.86,133
2026-09-10T10:44:00.000Z,2026-09-10T13:44:00,130.47,130.47,130.06,130.06,347
2026-09-10T10:45:00.000Z,2026-09-10T13:45:00,130.06,130.06,130,130,3884
2026-09-10T10:46:00.000Z,2026-09-10T13:46:00,130,130,130,130,2183
2026-09-10T10:47:00.000Z,2026-09-10T13:47:00,129.99,130,129.89,130,3397
2026-09-10T10:48:00.000Z,2026-09-10T13:48:00,130,130,129.86,129.86,371
2026-09-10T10:49:00.000Z,2026-09-10T13:49:00,129.98,129.98,129.85,129.97,2061
2026-09-10T10:50:00.000Z,2026-09-10T13:50:00,129.95,130.45,129.95,130,5185
2026-09-10T10:51:00.000Z,2026-09-10T13:51:00,129.9,130,129.85,130,5240
2026-09-10T10:52:00.000Z,2026-09-10T13:52:00,129.86,130,129.86,130,141
2026-09-10T10:53:00.000Z,2026-09-10T13:53:00,129.96,129.99,129.02,129.02,29340
2026-09-10T10:54:00.000Z,2026-09-10T13:54:00,129.94,129.94,129.89,129.89,122
2026-09-10T10:55:00.000Z,2026-09-10T13:55:00,129.88,129.88,129.79,129.79,169
2026-09-10T10:56:00.000Z,2026-09-10T13:56:00,129.6,129.8,129.6,129.68,1147
2026-09-10T10:57:00.000Z,2026-09-10T13:57:00,129.74,129.74,129.68,129.74,970
2026-09-10T10:58:00.000Z,2026-09-10T13:58:00,129.68,129.68,129.49,129.49,2170
2026-09-10T10:59:00.000Z,2026-09-10T13:59:00,129.49,129.5,129.2,129.5,2231
2026-09-10T11:00:00.000Z,2026-09-10T14:00:00,129.48,129.48,129.02,129.2,5648
2026-09-10T11:01:00.000Z,2026-09-10T14:01:00,129.02,129.2,129.01,129.2,1414
2026-09-10T11:02:00.000Z,2026-09-10T14:02:00,129.2,129.48,129.2,129.2,1183
2026-09-10T11:03:00.000Z,2026-09-10T14:03:00,129.4,129.4,129.4,129.4,13
2026-09-10T11:04:00.000Z,2026-09-10T14:04:00,129.4,129.4,129,129.37,16245
2026-09-10T11:05:00.000Z,2026-09-10T14:05:00,129.38,129.4,128.97,128.99,12409
2026-09-10T11:06:00.000Z,2026-09-10T14:06:00,128.97,129.69,128.8,129.69,4732
2026-09-10T11:07:00.000Z,2026-09-10T14:07:00,129,129.69,129,129.67,377
2026-09-10T11:08:00.000Z,2026-09-10T14:08:00,129.66,129.66,129.01,129.01,7545
2026-09-10T11:09:00.000Z,2026-09-10T14:09:00,129.49,129.49,128.8,128.99,10873
2026-09-10T11:10:00.000Z,2026-09-10T14:10:00,128.99,128.99,128.65,128.95,3295
2026-09-10T11:11:00.000Z,2026-09-10T14:11:00,128.9,128.97,128.65,128.9,4249
2026-09-10T11:12:00.000Z,2026-09-10T14:12:00,128.65,128.88,128.65,128.7,2788
2026-09-10T11:13:00.000Z,2026-09-10T14:13:00,128.7,128.7,128.01,128.02,41397
2026-09-10T11:14:00.000Z,2026-09-10T14:14:00,128.02,128.5,127.01,128,53961
2026-09-10T11:15:00.000Z,2026-09-10T14:15:00,128,128,128,128,117
2026-09-10T11:25:00.000Z,2026-09-10T14:25:00,127.5,127.5,127.5,127.5,64907
2026-09-10T11:26:00.000Z,2026-09-10T14:26:00,127.5,127.5,127.5,127.5,13322
2026-09-10T11:27:00.000Z,2026-09-10T14:27:00,127.5,127.5,127.5,127.5,27906
2026-09-10T11:28:00.000Z,2026-09-10T14:28:00,127.5,127.5,127.5,127.5,354
2026-09-10T11:29:00.000Z,2026-09-10T14:29:00,127.5,127.5,127.5,127.5,158
2026-09-13T07:00:00.000Z,2026-09-13T10:00:00,128.11,128.5,128.11,128.5,4738
2026-09-13T07:01:00.000Z,2026-09-13T10:01:00,128.5,128.5,128.15,128.4,3086
2026-09-13T07:02:00.000Z,2026-09-13T10:02:00,128.4,128.49,128.3,128.3,3884
2026-09-13T07:03:00.000Z,2026-09-13T10:03:00,128.25,128.3,128,128.3,8864
2026-09-13T07:04:00.000Z,2026-09-13T10:04:00,128.3,128.3,128.12,128.29,746
2026-09-13T07:05:00.000Z,2026-09-13T10:05:00,128.12,128.8,128.12,128.75,4468
2026-09-13T07:06:00.000Z,2026-09-13T10:06:00,128.75,128.75,128.5,128.5,1906
2026-09-13T07:07:00.000Z,2026-09-13T10:07:00,128.75,128.85,128.75,128.85,4344
2026-09-13T07:08:00.000Z,2026-09-13T10:08:00,128.85,128.89,128.75,128.89,2782
2026-09-13T07:09:00.000Z,2026-09-13T10:09:00,128.89,129.99,128.89,129.99,5631
2026-09-13T07:10:00.000Z,2026-09-13T10:10:00,129.99,129.99,129,129.5,2950
2026-09-13T07:11:00.000Z,2026-09-13T10:11:00,129.5,129.95,129.21,129.88,451
2026-09-13T07:12:00.000Z,2026-09-13T10:12:00,129.88,129.88,129,129,2804
2026-09-13T07:13:00.000Z,2026-09-13T10:13:00,129,129,128.5,128.5,695
2026-09-13T07:14:00.000Z,2026-09-13T10:14:00,129,129,128.5,128.99,736
2026-09-13T07:15:00.000Z,2026-09-13T10:15:00,128.51,129,128.5,129,5077
2026-09-13T07:16:00.000Z,2026-09-13T10:16:00,129,129,128.51,128.89,2010
2026-09-13T07:17:00.000Z,2026-09-13T10:17:00,128.51,129.69,128.51,129.5,935
2026-09-13T07:18:00.000Z,2026-09-13T10:18:00,129.5,129.5,128.51,128.51,752
2026-09-13T07:19:00.000Z,2026-09-13T10:19:00,129,129.4,128.55,129.4,1206
2026-09-13T07:20:00.000Z,2026-09-13T10:20:00,129.4,129.69,128.75,129.4,2598
2026-09-13T07:21:00.000Z,2026-09-13T10:21:00,129.4,129.4,128.75,129.4,702
2026-09-13T07:22:00.000Z,2026-09-13T10:22:00,129.3,129.3,129,129.3,1275
2026-09-13T07:23:00.000Z,2026-09-13T10:23:00,129.4,129.99,129.3,129.98,10826
2026-09-13T07:24:00.000Z,2026-09-13T10:24:00,129.98,129.98,129.9,129.97,1094
2026-09-13T07:25:00.000Z,2026-09-13T10:25:00,129.97,129.97,129.8,129.95,547
2026-09-13T07:26:00.000Z,2026-09-13T10:26:00,129.95,129.96,129.8,129.95,471
2026-09-13T07:27:00.000Z,2026-09-13T10:27:00,129.8,129.95,129.5,129.9,1209
2026-09-13T07:28:00.000Z,2026-09-13T10:28:00,129.9,129.9,129.2,129.9,2017
2026-09-13T07:29:00.000Z,2026-09-13T10:29:00,129.9,129.9,129.9,129.9,2150
2026-09-13T07:30:00.000Z,2026-09-13T10:30:00,129.9,129.9,129.1,129.89,2112
2026-09-13T07:31:00.000Z,2026-09-13T10:31:00,129.89,129.96,129.89,129.96,1235
2026-09-13T07:32:00.000Z,2026-09-13T10:32:00,129.96,129.96,129.9,129.9,707
2026-09-13T07:33:00.000Z,2026-09-13T10:33:00,129.9,129.9,129.89,129.9,1863
2026-09-13T07:34:00.000Z,2026-09-13T10:34:00,129.9,129.95,129.5,129.95,3221
2026-09-13T07:35:00.000Z,2026-09-13T10:35:00,129.95,129.95,129.69,129.69,561
2026-09-13T07:36:00.000Z,2026-09-13T10:36:00,129.95,129.95,129.69,129.95,571
2026-09-13T07:37:00.000Z,2026-09-13T10:37:00,129.69,129.95,129.69,129.7,24
2026-09-13T07:38:00.000Z,2026-09-13T10:38:00,129.94,129.95,129.94,129.94,1738
2026-09-13T07:39:00.000Z,2026-09-13T10:39:00,129.9,129.9,129.69,129.9,836
2026-09-13T07:40:00.000Z,2026-09-13T10:40:00,129.9,129.9,129.2,129.2,1617
2026-09-13T07:41:00.000Z,2026-09-13T10:41:00,129.2,129.8,129.12,129.5,1974
2026-09-13T07:42:00.000Z,2026-09-13T10:42:00,129.5,129.7,129.12,129.5,3012
2026-09-13T07:43:00.000Z,2026-09-13T10:43:00,129.5,129.5,129.01,129.5,1700
2026-09-13T07:44:00.000Z,2026-09-13T10:44:00,129.5,129.5,129.01,129.01,1148
2026-09-13T07:45:00.000Z,2026-09-13T10:45:00,129.49,129.5,129.01,129.5,1803
2026-09-13T07:46:00.000Z,2026-09-13T10:46:00,129.01,129.5,129.01,129.1,123
2026-09-13T07:47:00.000Z,2026-09-13T10:47:00,129.5,129.74,129.46,129.46,572
2026-09-13T07:48:00.000Z,2026-09-13T10:48:00,129.46,129.74,129.46,129.74,1134
2026-09-13T07:49:00.000Z,2026-09-13T10:49:00,129.74,129.75,129.09,129.7,742
2026-09-13T07:50:00.000Z,2026-09-13T10:50:00,129.7,129.75,128.8,129.09,8210
2026-09-13T07:51:00.000Z,2026-09-13T10:51:00,129.09,129.09,128.55,129.09,1467
2026-09-13T07:52:00.000Z,2026-09-13T10:52:00,129.09,129.25,129.09,129.25,757
2026-09-13T07:53:00.000Z,2026-09-13T10:53:00,129.25,129.49,128.55,129.49,696
2026-09-13T07:54:00.000Z,2026-09-13T10:54:00,129.49,129.7,128.55,129.7,839
2026-09-13T07:55:00.000Z,2026-09-13T10:55:00,129.7,129.7,128.51,129.52,417
2026-09-13T07:56:00.000Z,2026-09-13T10:56:00,129.52,129.69,129.52,129.69,141
2026-09-13T07:57:00.000Z,2026-09-13T10:57:00,128.9,129.69,128.51,129.69,629
2026-09-13T07:58:00.000Z,2026-09-13T10:58:00,129.69,129.69,128.05,128.56,13108
2026-09-13T07:59:00.000Z,2026-09-13T10:59:00,129,129,129,129,253
2026-09-13T08:00:00.000Z,2026-09-13T11:00:00,129,129.47,129,129.47,747
2026-09-13T08:01:00.000Z,2026-09-13T11:01:00,129,129.47,129,129.47,580
2026-09-13T08:02:00.000Z,2026-09-13T11:02:00,129.47,129.47,129,129.46,175
2026-09-13T08:03:00.000Z,2026-09-13T11:03:00,129.46,129.47,129,129.47,56
2026-09-13T08:04:00.000Z,2026-09-13T11:04:00,129.46,129.47,129,129,357
2026-09-13T08:05:00.000Z,2026-09-13T11:05:00,129,129.47,128.59,129.47,177
2026-09-13T08:06:00.000Z,2026-09-13T11:06:00,129.47,129.47,128.59,129.47,110
2026-09-13T08:07:00.000Z,2026-09-13T11:07:00,128.59,129.47,128.59,129.45,165
2026-09-13T08:08:00.000Z,2026-09-13T11:08:00,129.45,129.45,128.56,128.56,1860
2026-09-13T08:09:00.000Z,2026-09-13T11:09:00,129.39,129.39,129.38,129.38,71
2026-09-13T08:10:00.000Z,2026-09-13T11:10:00,129.36,129.36,128.56,128.56,909
2026-09-13T08:11:00.000Z,2026-09-13T11:11:00,128.8,129.34,128.8,129.33,424
2026-09-13T08:12:00.000Z,2026-09-13T11:12:00,129.33,129.33,128.8,128.8,244
2026-09-13T08:13:00.000Z,2026-09-13T11:13:00,128.8,129.34,128.6,128.6,248
2026-09-13T08:14:00.000Z,2026-09-13T11:14:00,129.3,129.34,128.6,129.34,536
2026-09-13T08:15:00.000Z,2026-09-13T11:15:00,129.34,129.34,129.34,129.34,50
2026-09-13T08:16:00.000Z,2026-09-13T11:16:00,129.34,129.34,128.65,129.34,105
2026-09-13T08:17:00.000Z,2026-09-13T11:17:00,129.34,129.34,128.67,128.67,153
2026-09-13T08:18:00.000Z,2026-09-13T11:18:00,129.3,129.34,129,129,507
2026-09-13T08:19:00.000Z,2026-09-13T11:19:00,129,129.34,129,129,8034
2026-09-13T08:20:00.000Z,2026-09-13T11:20:00,129.34,129.34,129,129.34,4723
2026-09-13T08:21:00.000Z,2026-09-13T11:21:00,129.34,129.34,128.67,129.3,417
2026-09-13T08:22:00.000Z,2026-09-13T11:22:00,129.3,129.3,129.29,129.29,123
2026-09-13T08:23:00.000Z,2026-09-13T11:23:00,129,129.29,129,129.29,185
2026-09-13T08:24:00.000Z,2026-09-13T11:24:00,129.29,129.29,129.29,129.29,178
2026-09-13T08:25:00.000Z,2026-09-13T11:25:00,129.29,129.29,129.2,129.2,396
2026-09-13T08:26:00.000Z,2026-09-13T11:26:00,129.2,129.2,129,129,3535
2026-09-13T08:27:00.000Z,2026-09-13T11:27:00,129,129.16,129,129.16,161
2026-09-13T08:28:00.000Z,2026-09-13T11:28:00,129,129.16,129,129.16,158
2026-09-13T08:29:00.000Z,2026-09-13T11:29:00,129,129,129,129,79
2026-09-13T08:30:00.000Z,2026-09-13T11:30:00,129,129,128.8,129,445
2026-09-13T08:31:00.000Z,2026-09-13T11:31:00,129,129,128.8,129,39
2026-09-13T08:32:00.000Z,2026-09-13T11:32:00,128.8,129,128.8,128.9,572
2026-09-13T08:33:00.000Z,2026-09-13T11:33:00,128.9,129,128.8,129,275
2026-09-13T08:34:00.000Z,2026-09-13T11:34:00,128.9,129,128.9,129,112
2026-09-13T08:35:00.000Z,2026-09-13T11:35:00,129,129,129,129,179
2026-09-13T08:36:00.000Z,2026-09-13T11:36:00,128.95,129,128.95,129,39
2026-09-13T08:37:00.000Z,2026-09-13T11:37:00,128.99,129,128.8,129,875
2026-09-13T08:38:00.000Z,2026-09-13T11:38:00,129,129,128.8,129,224
2026-09-13T08:39:00.000Z,2026-09-13T11:39:00,128.99,128.99,128.99,128.99,11
2026-09-13T08:40:00.000Z,2026-09-13T11:40:00,128.99,128.99,128.8,128.8,491
2026-09-13T08:41:00.000Z,2026-09-13T11:41:00,128.8,129,128.63,128.99,2172
2026-09-13T08:44:00.000Z,2026-09-13T11:44:00,128.99,128.99,128.99,128.99,500
2026-09-13T08:45:00.000Z,2026-09-13T11:45:00,128.99,128.99,128.8,128.8,135
2026-09-13T08:46:00.000Z,2026-09-13T11:46:00,128.99,128.99,128.99,128.99,73
2026-09-13T08:48:00.000Z,2026-09-13T11:48:00,128.8,128.8,128.63,128.63,1000
2026-09-13T08:49:00.000Z,2026-09-13T11:49:00,128.7,128.99,128.02,128.65,6676
2026-09-13T08:50:00.000Z,2026-09-13T11:50:00,128.98,128.99,128.98,128.98,752
2026-09-13T08:51:00.000Z,2026-09-13T11:51:00,128.9,128.9,128.65,128.9,340
2026-09-13T08:52:00.000Z,2026-09-13T11:52:00,128.8,128.9,128.8,128.9,305
2026-09-13T08:53:00.000Z,2026-09-13T11:53:00,128.9,128.9,128.8,128.9,165
2026-09-13T08:54:00.000Z,2026-09-13T11:54:00,128.9,128.9,128.8,128.9,47
2026-09-13T08:55:00.000Z,2026-09-13T11:55:00,128.9,128.9,128,128,8972
2026-09-13T08:56:00.000Z,2026-09-13T11:56:00,128.9,128.9,128.5,128.5,164
2026-09-13T08:57:00.000Z,2026-09-13T11:57:00,128.49,128.49,128.01,128.48,463
2026-09-13T08:58:00.000Z,2026-09-13T11:58:00,128.01,128.84,128.01,128.84,811
2026-09-13T08:59:00.000Z,2026-09-13T11:59:00,128.04,128.85,128.04,128.2,152
2026-09-13T09:00:00.000Z,2026-09-13T12:00:00,128.83,128.83,128.8,128.8,477
2026-09-13T09:01:00.000Z,2026-09-13T12:01:00,128.8,128.8,128.5,128.8,287
2026-09-13T09:02:00.000Z,2026-09-13T12:02:00,128.5,128.8,128,128.5,3089
2026-09-13T09:03:00.000Z,2026-09-13T12:03:00,128.5,128.5,128.1,128.5,195
2026-09-13T09:04:00.000Z,2026-09-13T12:04:00,128.1,128.5,127.5,128.5,11295
2026-09-13T09:05:00.000Z,2026-09-13T12:05:00,128.5,128.5,127.6,128.49,360
2026-09-13T09:06:00.000Z,2026-09-13T12:06:00,128.49,128.49,128.48,128.48,36
2026-09-13T09:07:00.000Z,2026-09-13T12:07:00,128.1,128.1,128,128.1,96
2026-09-13T09:08:00.000Z,2026-09-13T12:08:00,128.05,128.05,128,128,1195
2026-09-13T09:09:00.000Z,2026-09-13T12:09:00,128,128,128,128,2572
2026-09-13T09:10:00.000Z,2026-09-13T12:10:00,128,128.48,127.6,128,2066
2026-09-13T09:11:00.000Z,2026-09-13T12:11:00,127.8,128.48,127.6,128,920
2026-09-13T09:12:00.000Z,2026-09-13T12:12:00,128,128.47,128,128.47,40
2026-09-13T09:13:00.000Z,2026-09-13T12:13:00,128,128.45,127.6,128,198
2026-09-13T09:14:00.000Z,2026-09-13T12:14:00,128.45,128.45,127.6,128.45,907
2026-09-13T09:15:00.000Z,2026-09-13T12:15:00,128.45,128.45,128.41,128.41,1030
2026-09-13T09:16:00.000Z,2026-09-13T12:16:00,128.45,128.47,128.41,128.41,450
2026-09-13T09:17:00.000Z,2026-09-13T12:17:00,128.41,128.47,128.4,128.4,381
2026-09-13T09:18:00.000Z,2026-09-13T12:18:00,128,128.4,127.61,128.4,288
2026-09-13T09:19:00.000Z,2026-09-13T12:19:00,128.4,128.4,127.62,128.4,129
2026-09-13T09:20:00.000Z,2026-09-13T12:20:00,127.62,128.4,127.62,128.4,290
2026-09-13T09:21:00.000Z,2026-09-13T12:21:00,128.4,128.4,128.4,128.4,59
2026-09-13T09:22:00.000Z,2026-09-13T12:22:00,128.39,128.39,128.3,128.3,27
2026-09-13T09:23:00.000Z,2026-09-13T12:23:00,128.2,128.2,127.71,127.75,622
2026-09-13T09:24:00.000Z,2026-09-13T12:24:00,127.75,128,127.75,128,848
2026-09-13T09:25:00.000Z,2026-09-13T12:25:00,128,128.3,128,128.3,293
2026-09-13T09:26:00.000Z,2026-09-13T12:26:00,128.3,128.3,128.3,128.3,412
2026-09-13T09:27:00.000Z,2026-09-13T12:27:00,128.3,128.38,128,128.38,619
2026-09-13T09:28:00.000Z,2026-09-13T12:28:00,128.38,128.38,128.38,128.38,38
2026-09-13T09:29:00.000Z,2026-09-13T12:29:00,128.38,128.38,128.3,128.3,30
2026-09-13T09:30:00.000Z,2026-09-13T12:30:00,128.1,128.1,128,128,838
2026-09-13T09:31:00.000Z,2026-09-13T12:31:00,127.99,127.99,127.75,127.99,118
2026-09-13T09:32:00.000Z,2026-09-13T12:32:00,127.99,127.99,127.75,127.99,179
2026-09-13T09:33:00.000Z,2026-09-13T12:33:00,127.99,127.99,127.71,127.99,648
2026-09-13T09:34:00.000Z,2026-09-13T12:34:00,127.71,127.99,127.5,127.99,1242
2026-09-13T09:35:00.000Z,2026-09-13T12:35:00,127.99,127.99,127.5,127.98,208
2026-09-13T09:36:00.000Z,2026-09-13T12:36:00,127.98,127.99,127.98,127.99,307
2026-09-13T09:37:00.000Z,2026-09-13T12:37:00,127.98,127.98,127.53,127.53,96
2026-09-13T09:38:00.000Z,2026-09-13T12:38:00,127.97,127.98,127.97,127.97,448
2026-09-13T09:39:00.000Z,2026-09-13T12:39:00,127.97,127.98,127.5,127.9,3569
2026-09-13T09:40:00.000Z,2026-09-13T12:40:00,127.9,127.98,127.5,127.98,1327
2026-09-13T09:41:00.000Z,2026-09-13T12:41:00,127.98,127.99,127.9,127.9,101
2026-09-13T09:42:00.000Z,2026-09-13T12:42:00,127.9,127.9,127.75,127.75,89
2026-09-13T09:43:00.000Z,2026-09-13T12:43:00,127.9,127.99,127.51,127.99,895
2026-09-13T09:44:00.000Z,2026-09-13T12:44:00,127.99,127.99,127.5,127.99,324
2026-09-13T09:45:00.000Z,2026-09-13T12:45:00,127.99,128,127.5,128,2308
2026-09-13T09:46:00.000Z,2026-09-13T12:46:00,128.3,128.38,128.2,128.2,809
2026-09-13T09:47:00.000Z,2026-09-13T12:47:00,128.2,128.2,127.75,128,460
2026-09-13T09:48:00.000Z,2026-09-13T12:48:00,127.75,127.98,127.75,127.97,284
2026-09-13T09:49:00.000Z,2026-09-13T12:49:00,127.75,127.98,127.75,127.98,675
2026-09-13T09:50:00.000Z,2026-09-13T12:50:00,127.98,127.98,127.75,127.98,133
2026-09-13T09:51:00.000Z,2026-09-13T12:51:00,127.98,127.98,127.75,127.97,212
2026-09-13T09:52:00.000Z,2026-09-13T12:52:00,127.8,128,127.8,127.96,500
2026-09-13T09:53:00.000Z,2026-09-13T12:53:00,127.96,128,127.95,128,462
2026-09-13T09:54:00.000Z,2026-09-13T12:54:00,127.99,127.99,127.8,127.99,30
2026-09-13T09:55:00.000Z,2026-09-13T12:55:00,127.99,128,127.98,128,172
2026-09-13T09:56:00.000Z,2026-09-13T12:56:00,128,128.38,128,128.38,381
2026-09-13T09:57:00.000Z,2026-09-13T12:57:00,127.99,128.38,127.98,128.38,76
2026-09-13T09:58:00.000Z,2026-09-13T12:58:00,128.37,128.38,128,128.38,776
2026-09-13T10:00:00.000Z,2026-09-13T13:00:00,128.37,128.41,128,128.41,155
2026-09-13T10:01:00.000Z,2026-09-13T13:01:00,128.41,128.47,128,128,881
2026-09-13T10:02:00.000Z,2026-09-13T13:02:00,128.45,128.45,128.38,128.44,118
2026-09-13T10:03:00.000Z,2026-09-13T13:03:00,128.44,128.45,128.4,128.4,445
2026-09-13T10:04:00.000Z,2026-09-13T13:04:00,128.4,128.44,128.4,128.44,48
2026-09-13T10:05:00.000Z,2026-09-13T13:05:00,128.4,128.43,128.38,128.4,412
2026-09-13T10:06:00.000Z,2026-09-13T13:06:00,128.38,128.4,128,128.4,367
2026-09-13T10:07:00.000Z,2026-09-13T13:07:00,128.39,128.39,128,128.01,749
2026-09-13T10:08:00.000Z,2026-09-13T13:08:00,128.01,128.01,127.9,128,1240
2026-09-13T10:09:00.000Z,2026-09-13T13:09:00,128,128.38,128,128,901
2026-09-13T10:10:00.000Z,2026-09-13T13:10:00,128,128,127.9,128,33
2026-09-13T10:11:00.000Z,2026-09-13T13:11:00,127.9,128,127.9,128,620
2026-09-13T10:12:00.000Z,2026-09-13T13:12:00,127.9,128,127.9,128,1006
2026-09-13T10:13:00.000Z,2026-09-13T13:13:00,128,128.4,127.9,128.3,387
2026-09-13T10:14:00.000Z,2026-09-13T13:14:00,128.3,128.3,128.3,128.3,125
2026-09-13T10:15:00.000Z,2026-09-13T13:15:00,128.3,128.3,127.9,127.9,23
2026-09-13T10:16:00.000Z,2026-09-13T13:16:00,128,128,128,128,52
2026-09-13T10:17:00.000Z,2026-09-13T13:17:00,128,128.3,128,128.3,48
2026-09-13T10:18:00.000Z,2026-09-13T13:18:00,127.95,128.3,127.95,128.3,32
2026-09-13T10:19:00.000Z,2026-09-13T13:19:00,128.29,128.3,127.75,127.75,1272
2026-09-13T10:20:00.000Z,2026-09-13T13:20:00,128.2,128.2,127.75,128,95
2026-09-13T10:21:00.000Z,2026-09-13T13:21:00,128,128.19,127.75,128.19,166
2026-09-13T10:22:00.000Z,2026-09-13T13:22:00,128,128.2,128,128.19,379
2026-09-13T10:23:00.000Z,2026-09-13T13:23:00,128.15,128.19,127.75,127.75,224
2026-09-13T10:24:00.000Z,2026-09-13T13:24:00,128,128.18,128,128.18,179
2026-09-13T10:25:00.000Z,2026-09-13T13:25:00,128,128.18,128,128.18,37
2026-09-13T10:26:00.000Z,2026-09-13T13:26:00,128,128,128,128,37
2026-09-13T10:27:00.000Z,2026-09-13T13:27:00,127.99,127.99,127.9,127.9,426
2026-09-13T10:28:00.000Z,2026-09-13T13:28:00,127.99,128,127.99,128,414
2026-09-13T10:29:00.000Z,2026-09-13T13:29:00,127.9,128,127.9,128,124
2026-09-13T10:30:00.000Z,2026-09-13T13:30:00,127.99,127.99,127.9,127.99,261
2026-09-13T10:31:00.000Z,2026-09-13T13:31:00,127.9,127.99,127.9,127.99,183
2026-09-13T10:32:00.000Z,2026-09-13T13:32:00,127.9,127.99,127.9,127.98,560
2026-09-13T10:33:00.000Z,2026-09-13T13:33:00,127.9,127.99,127.9,127.99,207
2026-09-13T10:34:00.000Z,2026-09-13T13:34:00,127.98,127.98,127.9,127.97,43
2026-09-13T10:35:00.000Z,2026-09-13T13:35:00,127.97,127.98,127.9,127.98,1011
2026-09-13T10:36:00.000Z,2026-09-13T13:36:00,127.98,127.98,127.9,127.98,482
2026-09-13T10:37:00.000Z,2026-09-13T13:37:00,127.98,128,127.98,128,683
2026-09-13T10:38:00.000Z,2026-09-13T13:38:00,128,128,128,128,188
2026-09-13T10:39:00.000Z,2026-09-13T13:39:00,127.99,128,127.9,127.9,1259
2026-09-13T10:40:00.000Z,2026-09-13T13:40:00,128,128,127.99,128,808
2026-09-13T10:41:00.000Z,2026-09-13T13:41:00,128,128,127.81,128,664
2026-09-13T10:42:00.000Z,2026-09-13T13:42:00,128,128.13,127.81,128.13,383
2026-09-13T10:43:00.000Z,2026-09-13T13:43:00,128.1,128.1,127.81,128.09,956
2026-09-13T10:44:00.000Z,2026-09-13T13:44:00,128.09,128.09,128,128.09,519
2026-09-13T10:45:00.000Z,2026-09-13T13:45:00,128.09,128.09,127.8,128.02,548
2026-09-13T10:46:00.000Z,2026-09-13T13:46:00,128.09,128.09,127.85,128,604
2026-09-13T10:47:00.000Z,2026-09-13T13:47:00,127.91,128,127.91,128,790
2026-09-13T10:48:00.000Z,2026-09-13T13:48:00,128,128,127.9,128,1381
2026-09-13T10:49:00.000Z,2026-09-13T13:49:00,128,128.05,127.75,127.75,870
2026-09-13T10:50:00.000Z,2026-09-13T13:50:00,127.75,128,127.5,128,2073
2026-09-13T10:51:00.000Z,2026-09-13T13:51:00,128,128,127.5,127.5,858
2026-09-13T10:52:00.000Z,2026-09-13T13:52:00,127.5,127.99,127.5,127.99,113
2026-09-13T10:53:00.000Z,2026-09-13T13:53:00,127.98,127.98,127.6,127.96,225
2026-09-13T10:54:00.000Z,2026-09-13T13:54:00,127.96,127.96,127.51,127.51,533
2026-09-13T10:55:00.000Z,2026-09-13T13:55:00,127.9,127.9,127.8,127.8,180
2026-09-13T10:56:00.000Z,2026-09-13T13:56:00,127.8,127.9,127.5,127.9,2065
2026-09-13T10:57:00.000Z,2026-09-13T13:57:00,127.9,127.9,127.5,127.89,21200
2026-09-13T10:58:00.000Z,2026-09-13T13:58:00,127.8,127.89,127.5,127.89,1806
2026-09-13T10:59:00.000Z,2026-09-13T13:59:00,127.8,127.89,127.4,127.85,828
2026-09-13T11:00:00.000Z,2026-09-13T14:00:00,127.85,127.89,127.84,127.89,286
2026-09-13T11:01:00.000Z,2026-09-13T14:01:00,127.85,127.85,127.4,127.4,965
2026-09-13T11:02:00.000Z,2026-09-13T14:02:00,127.84,127.84,127.84,127.84,23
2026-09-13T11:03:00.000Z,2026-09-13T14:03:00,127.84,127.84,127.75,127.75,25
2026-09-13T11:04:00.000Z,2026-09-13T14:04:00,127.71,127.75,127.71,127.75,681
2026-09-13T11:05:00.000Z,2026-09-13T14:05:00,127.79,127.84,127.22,127.22,2109
2026-09-13T11:06:00.000Z,2026-09-13T14:06:00,127.22,127.83,127.2,127.5,1897
2026-09-13T11:07:00.000Z,2026-09-13T14:07:00,127.25,127.5,127.1,127.5,369
2026-09-13T11:08:00.000Z,2026-09-13T14:08:00,127.5,127.5,127.1,127.5,514
2026-09-13T11:09:00.000Z,2026-09-13T14:09:00,127.5,127.8,127.15,127.15,506
2026-09-13T11:10:00.000Z,2026-09-13T14:10:00,127.5,127.79,127.11,127.5,467
2026-09-13T11:11:00.000Z,2026-09-13T14:11:00,127.5,127.5,127.5,127.5,660
2026-09-13T11:12:00.000Z,2026-09-13T14:12:00,127.5,127.5,127.26,127.49,127
2026-09-13T11:13:00.000Z,2026-09-13T14:13:00,127.49,127.49,127.4,127.4,1611
2026-09-13T11:14:00.000Z,2026-09-13T14:14:00,127.4,127.49,127.33,127.49,396
2026-09-13T11:25:00.000Z,2026-09-13T14:25:00,127.1,127.1,127.1,127.1,29120
2026-09-13T11:26:00.000Z,2026-09-13T14:26:00,127.1,127.1,127.1,127.1,217
2026-09-13T11:27:00.000Z,2026-09-13T14:27:00,127.1,127.1,127.1,127.1,6112
2026-09-13T11:28:00.000Z,2026-09-13T14:28:00,127.1,127.1,127.1,127.1,983
2026-09-13T11:29:00.000Z,2026-09-13T14:29:00,127.1,127.1,127.1,127.1,180
2026-09-14T07:00:00.000Z,2026-09-14T10:00:00,127.3,127.9,127.3,127.9,1603
2026-09-14T07:01:00.000Z,2026-09-14T10:01:00,127.9,127.9,127.9,127.9,658
2026-09-14T07:02:00.000Z,2026-09-14T10:02:00,127.9,127.9,127.85,127.85,420
2026-09-14T07:03:00.000Z,2026-09-14T10:03:00,127.55,127.85,127.3,127.3,1247
2026-09-14T07:04:00.000Z,2026-09-14T10:04:00,127.85,127.85,127.4,127.84,1203
2026-09-14T07:05:00.000Z,2026-09-14T10:05:00,127.84,127.84,127.35,127.35,152
2026-09-14T07:06:00.000Z,2026-09-14T10:06:00,127.8,127.8,127.11,127.12,934
2026-09-14T07:07:00.000Z,2026-09-14T10:07:00,127.78,127.79,127.11,127.5,2988
2026-09-14T07:08:00.000Z,2026-09-14T10:08:00,127.75,127.75,127.12,127.7,570
2026-09-14T07:09:00.000Z,2026-09-14T10:09:00,127.7,127.7,127.7,127.7,292
2026-09-14T07:10:00.000Z,2026-09-14T10:10:00,127.15,127.66,127.14,127.14,1168
2026-09-14T07:11:00.000Z,2026-09-14T10:11:00,127.14,127.14,127.14,127.14,53
2026-09-14T07:12:00.000Z,2026-09-14T10:12:00,127.15,127.5,127.14,127.49,3268
2026-09-14T07:13:00.000Z,2026-09-14T10:13:00,127.47,127.48,127.14,127.45,1690
2026-09-14T07:14:00.000Z,2026-09-14T10:14:00,127.4,127.4,127.14,127.4,500
2026-09-14T07:15:00.000Z,2026-09-14T10:15:00,127.4,127.4,127.14,127.14,508
2026-09-14T07:16:00.000Z,2026-09-14T10:16:00,127.14,127.4,127.13,127.4,5963
2026-09-14T07:17:00.000Z,2026-09-14T10:17:00,127.15,127.4,127.13,127.4,873
2026-09-14T07:18:00.000Z,2026-09-14T10:18:00,127.15,127.4,127.13,127.4,1927
2026-09-14T07:19:00.000Z,2026-09-14T10:19:00,127.4,127.4,127.15,127.4,711
2026-09-14T07:20:00.000Z,2026-09-14T10:20:00,127.4,127.4,127.4,127.4,1327
2026-09-14T07:21:00.000Z,2026-09-14T10:21:00,127.16,127.4,127.16,127.4,220
2026-09-14T07:22:00.000Z,2026-09-14T10:22:00,127.4,127.5,127.13,127.13,3037
2026-09-14T07:23:00.000Z,2026-09-14T10:23:00,127.13,127.5,127.13,127.5,647
2026-09-14T07:24:00.000Z,2026-09-14T10:24:00,127.6,127.79,127.6,127.79,2434
2026-09-14T07:25:00.000Z,2026-09-14T10:25:00,127.78,127.78,127.6,127.78,2366
2026-09-14T07:26:00.000Z,2026-09-14T10:26:00,127.78,127.78,127.7,127.75,990
2026-09-14T07:27:00.000Z,2026-09-14T10:27:00,127.75,127.79,127.6,127.6,2992
2026-09-14T07:28:00.000Z,2026-09-14T10:28:00,127.6,127.6,127.14,127.19,3200
2026-09-14T07:29:00.000Z,2026-09-14T10:29:00,127.65,127.65,127.65,127.65,19
2026-09-14T07:30:00.000Z,2026-09-14T10:30:00,127.21,127.75,127.21,127.65,291
2026-09-14T07:31:00.000Z,2026-09-14T10:31:00,127.65,127.79,127.5,127.79,1148
2026-09-14T07:32:00.000Z,2026-09-14T10:32:00,127.79,127.79,127.6,127.79,1012
2026-09-14T07:33:00.000Z,2026-09-14T10:33:00,127.78,127.78,127.5,127.78,815
2026-09-14T07:34:00.000Z,2026-09-14T10:34:00,127.78,127.78,127.5,127.78,358
2026-09-14T07:35:00.000Z,2026-09-14T10:35:00,127.78,127.78,127.78,127.78,976
2026-09-14T07:36:00.000Z,2026-09-14T10:36:00,127.5,127.52,127.5,127.52,97
2026-09-14T07:37:00.000Z,2026-09-14T10:37:00,127.53,127.78,127.53,127.6,401
2026-09-14T07:38:00.000Z,2026-09-14T10:38:00,127.78,128,127.52,127.52,6638
2026-09-14T07:39:00.000Z,2026-09-14T10:39:00,128.3,128.3,127.56,128.29,154
2026-09-14T07:40:00.000Z,2026-09-14T10:40:00,128.29,128.29,127.57,128,290
2026-09-14T07:41:00.000Z,2026-09-14T10:41:00,128,128,127.61,127.98,1858
2026-09-14T07:42:00.000Z,2026-09-14T10:42:00,127.98,128,127.98,127.98,572
2026-09-14T07:43:00.000Z,2026-09-14T10:43:00,128,128.25,127.99,128.2,1048
2026-09-14T07:44:00.000Z,2026-09-14T10:44:00,128.2,129,128,128.01,10359
2026-09-14T07:45:00.000Z,2026-09-14T10:45:00,128.99,128.99,128.02,128.89,758
2026-09-14T07:46:00.000Z,2026-09-14T10:46:00,128.1,128.89,128.06,128.12,825
2026-09-14T07:47:00.000Z,2026-09-14T10:47:00,128.85,129,128.5,129,13018
2026-09-14T07:48:00.000Z,2026-09-14T10:48:00,129,129,128.7,128.99,7361
2026-09-14T07:49:00.000Z,2026-09-14T10:49:00,128.99,129,128.9,129,2189
2026-09-14T07:50:00.000Z,2026-09-14T10:50:00,128.7,129,128.6,128.6,3114
2026-09-14T07:51:00.000Z,2026-09-14T10:51:00,128.6,128.94,128.6,128.61,644
2026-09-14T07:52:00.000Z,2026-09-14T10:52:00,128.92,128.92,128.6,128.6,557
2026-09-14T07:53:00.000Z,2026-09-14T10:53:00,128.92,128.92,128.6,128.6,33
2026-09-14T07:54:00.000Z,2026-09-14T10:54:00,128.6,128.92,128.6,128.61,452
2026-09-14T07:55:00.000Z,2026-09-14T10:55:00,128.61,128.89,128.61,128.89,131
2026-09-14T07:56:00.000Z,2026-09-14T10:56:00,128.89,128.89,128.82,128.83,1540
2026-09-14T07:57:00.000Z,2026-09-14T10:57:00,128.83,128.83,128.51,128.82,1708
2026-09-14T07:58:00.000Z,2026-09-14T10:58:00,128.79,128.83,128.77,128.82,1614
2026-09-14T07:59:00.000Z,2026-09-14T10:59:00,128.82,128.82,128.51,128.79,387
2026-09-14T08:00:00.000Z,2026-09-14T11:00:00,128.79,128.79,128.51,128.51,1473
2026-09-14T08:01:00.000Z,2026-09-14T11:01:00,128.78,128.78,128.51,128.51,2032
2026-09-14T08:02:00.000Z,2026-09-14T11:02:00,128.51,128.7,128.5,128.7,34
2026-09-14T08:03:00.000Z,2026-09-14T11:03:00,128.7,128.7,128.69,128.7,1863
2026-09-14T08:04:00.000Z,2026-09-14T11:04:00,128.52,128.7,128.52,128.7,241
2026-09-14T08:05:00.000Z,2026-09-14T11:05:00,128.7,128.7,128.5,128.5,836
2026-09-14T08:06:00.000Z,2026-09-14T11:06:00,128.7,128.7,128.5,128.5,793
2026-09-14T08:07:00.000Z,2026-09-14T11:07:00,128.66,129,128.66,129,10453
2026-09-14T08:08:00.000Z,2026-09-14T11:08:00,129,129,128.9,128.9,22
2026-09-14T08:09:00.000Z,2026-09-14T11:09:00,128.8,128.9,128.75,128.9,2077
2026-09-14T08:10:00.000Z,2026-09-14T11:10:00,128.75,128.97,128.67,128.9,4452
2026-09-14T08:11:00.000Z,2026-09-14T11:11:00,128.93,128.93,128.9,128.9,1114
2026-09-14T08:12:00.000Z,2026-09-14T11:12:00,128.83,128.9,128.83,128.9,534
2026-09-14T08:13:00.000Z,2026-09-14T11:13:00,128.9,128.9,128.9,128.9,181
2026-09-14T08:14:00.000Z,2026-09-14T11:14:00,128.9,128.9,128.9,128.9,6
2026-09-14T08:15:00.000Z,2026-09-14T11:15:00,128.9,128.9,128.8,128.9,5414
2026-09-14T08:16:00.000Z,2026-09-14T11:16:00,128.9,128.9,128.81,128.81,263
2026-09-14T08:17:00.000Z,2026-09-14T11:17:00,128.9,128.94,128.8,128.9,402
2026-09-14T08:18:00.000Z,2026-09-14T11:18:00,128.81,128.81,128.79,128.79,3858
2026-09-14T08:19:00.000Z,2026-09-14T11:19:00,128.81,128.81,128.67,128.81,1486
2026-09-14T08:20:00.000Z,2026-09-14T11:20:00,128.67,128.81,128.66,128.81,1056
2026-09-14T08:21:00.000Z,2026-09-14T11:21:00,128.66,128.81,128.66,128.81,111
2026-09-14T08:22:00.000Z,2026-09-14T11:22:00,128.75,128.8,128.75,128.8,498
2026-09-14T08:23:00.000Z,2026-09-14T11:23:00,128.79,128.79,128.79,128.79,102
2026-09-14T08:24:00.000Z,2026-09-14T11:24:00,128.79,128.79,128.7,128.7,112
2026-09-14T08:25:00.000Z,2026-09-14T11:25:00,128.7,128.7,128.66,128.66,4653
2026-09-14T08:26:00.000Z,2026-09-14T11:26:00,128.66,128.7,128.66,128.7,1451
2026-09-14T08:27:00.000Z,2026-09-14T11:27:00,128.7,128.7,128.66,128.7,1739
2026-09-14T08:28:00.000Z,2026-09-14T11:28:00,128.66,128.69,128.5,128.69,1152
2026-09-14T08:29:00.000Z,2026-09-14T11:29:00,128.5,128.69,128.5,128.69,138
2026-09-14T08:30:00.000Z,2026-09-14T11:30:00,128.69,128.69,128.5,128.51,92
2026-09-14T08:31:00.000Z,2026-09-14T11:31:00,128.69,128.69,128.21,128.51,1120
2026-09-14T08:32:00.000Z,2026-09-14T11:32:00,128.51,128.69,128.22,128.69,197
2026-09-14T08:33:00.000Z,2026-09-14T11:33:00,128.22,128.68,128.2,128.68,88
2026-09-14T08:34:00.000Z,2026-09-14T11:34:00,128.68,128.68,128.5,128.68,885
2026-09-14T08:35:00.000Z,2026-09-14T11:35:00,128.6,128.68,128.2,128.68,292
2026-09-14T08:36:00.000Z,2026-09-14T11:36:00,128.51,128.51,128.21,128.5,170
2026-09-14T08:37:00.000Z,2026-09-14T11:37:00,128.5,128.51,128.5,128.51,117
2026-09-14T08:38:00.000Z,2026-09-14T11:38:00,128.51,128.51,128.2,128.5,547
2026-09-14T08:39:00.000Z,2026-09-14T11:39:00,128.5,128.5,128.2,128.4,72
2026-09-14T08:40:00.000Z,2026-09-14T11:40:00,128.4,128.5,128.38,128.5,781
2026-09-14T08:41:00.000Z,2026-09-14T11:41:00,128.4,128.5,128.4,128.5,350
2026-09-14T08:42:00.000Z,2026-09-14T11:42:00,128.49,128.49,128.4,128.45,666
2026-09-14T08:44:00.000Z,2026-09-14T11:44:00,128.44,128.45,128.44,128.45,484
2026-09-14T08:45:00.000Z,2026-09-14T11:45:00,128.44,128.45,128.44,128.45,161
2026-09-14T08:47:00.000Z,2026-09-14T11:47:00,128.45,128.45,128.45,128.45,48
2026-09-14T08:48:00.000Z,2026-09-14T11:48:00,128.45,128.45,128.44,128.44,883
2026-09-14T08:49:00.000Z,2026-09-14T11:49:00,128.45,128.45,128.45,128.45,168
2026-09-14T08:50:00.000Z,2026-09-14T11:50:00,128.45,128.45,128.4,128.4,789
2026-09-14T08:51:00.000Z,2026-09-14T11:51:00,128.45,128.6,128.45,128.6,377
2026-09-14T08:52:00.000Z,2026-09-14T11:52:00,128.6,128.6,128.55,128.6,1306
2026-09-14T08:53:00.000Z,2026-09-14T11:53:00,128.6,128.6,128.5,128.5,188
2026-09-14T08:54:00.000Z,2026-09-14T11:54:00,128.55,128.6,128.55,128.55,1310
2026-09-14T08:55:00.000Z,2026-09-14T11:55:00,128.55,128.6,128.5,128.5,1185
2026-09-14T08:56:00.000Z,2026-09-14T11:56:00,128.5,128.6,128.5,128.5,172
2026-09-14T08:57:00.000Z,2026-09-14T11:57:00,128.4,128.59,128.4,128.59,256
2026-09-14T08:58:00.000Z,2026-09-14T11:58:00,128.59,128.59,128.59,128.59,132
2026-09-14T08:59:00.000Z,2026-09-14T11:59:00,128.59,128.59,128.4,128.59,81
2026-09-14T09:00:00.000Z,2026-09-14T12:00:00,128.59,128.59,128.45,128.45,104
2026-09-14T09:01:00.000Z,2026-09-14T12:01:00,128.45,128.59,128.45,128.59,93
2026-09-14T09:03:00.000Z,2026-09-14T12:03:00,128.57,128.57,128.45,128.45,190
2026-09-14T09:04:00.000Z,2026-09-14T12:04:00,128.4,128.57,128.4,128.4,254
2026-09-14T09:05:00.000Z,2026-09-14T12:05:00,128.55,128.55,128.45,128.55,246
2026-09-14T09:06:00.000Z,2026-09-14T12:06:00,128.55,128.55,128.45,128.5,1157
2026-09-14T09:07:00.000Z,2026-09-14T12:07:00,128.45,128.49,128.4,128.4,1515
2026-09-14T09:08:00.000Z,2026-09-14T12:08:00,128.4,128.4,128.4,128.4,308
2026-09-14T09:09:00.000Z,2026-09-14T12:09:00,128.29,128.4,128.2,128.4,284
2026-09-14T09:10:00.000Z,2026-09-14T12:10:00,128.4,128.4,128.4,128.4,140
2026-09-14T09:11:00.000Z,2026-09-14T12:11:00,128.3,128.4,128.3,128.3,262
2026-09-14T09:12:00.000Z,2026-09-14T12:12:00,128.4,128.4,127.8,127.8,13444
2026-09-14T09:13:00.000Z,2026-09-14T12:13:00,128,128,127.8,127.95,220
2026-09-14T09:14:00.000Z,2026-09-14T12:14:00,127.95,127.95,127.89,127.89,250
2026-09-14T09:15:00.000Z,2026-09-14T12:15:00,127.89,127.89,127.89,127.89,162
2026-09-14T09:16:00.000Z,2026-09-14T12:16:00,127.89,127.89,127.85,127.89,688
2026-09-14T09:17:00.000Z,2026-09-14T12:17:00,127.89,128,127.89,127.99,796
2026-09-14T09:18:00.000Z,2026-09-14T12:18:00,127.99,128,127.99,127.99,272
2026-09-14T09:19:00.000Z,2026-09-14T12:19:00,127.99,127.99,127.82,127.97,735
2026-09-14T09:20:00.000Z,2026-09-14T12:20:00,127.97,127.97,127.8,127.85,1378
2026-09-14T09:21:00.000Z,2026-09-14T12:21:00,127.9,127.9,127.78,127.79,621
2026-09-14T09:22:00.000Z,2026-09-14T12:22:00,127.78,127.9,127.78,127.9,514
2026-09-14T09:23:00.000Z,2026-09-14T12:23:00,127.9,127.9,127.8,127.8,49
2026-09-14T09:24:00.000Z,2026-09-14T12:24:00,127.89,127.89,127.79,127.8,148
2026-09-14T09:25:00.000Z,2026-09-14T12:25:00,127.8,127.9,127.8,127.9,509
2026-09-14T09:26:00.000Z,2026-09-14T12:26:00,127.79,128,127.79,127.8,5249
2026-09-14T09:27:00.000Z,2026-09-14T12:27:00,127.9,127.9,127.88,127.88,114
2026-09-14T09:28:00.000Z,2026-09-14T12:28:00,127.89,127.89,127.78,127.89,1708
2026-09-14T09:29:00.000Z,2026-09-14T12:29:00,127.89,127.89,127.89,127.89,70
2026-09-14T09:30:00.000Z,2026-09-14T12:30:00,127.9,127.9,127.89,127.9,73
2026-09-14T09:31:00.000Z,2026-09-14T12:31:00,127.9,127.9,127.89,127.89,192
2026-09-14T09:32:00.000Z,2026-09-14T12:32:00,127.89,127.9,127.8,127.9,425
2026-09-14T09:33:00.000Z,2026-09-14T12:33:00,127.8,127.9,127.78,127.78,300
2026-09-14T09:34:00.000Z,2026-09-14T12:34:00,127.78,127.9,127.78,127.89,680
2026-09-14T09:35:00.000Z,2026-09-14T12:35:00,127.89,127.9,127.78,127.9,548
2026-09-14T09:36:00.000Z,2026-09-14T12:36:00,127.9,127.9,127.89,127.9,419
2026-09-14T09:37:00.000Z,2026-09-14T12:37:00,127.9,127.9,127.9,127.9,235
2026-09-14T09:38:00.000Z,2026-09-14T12:38:00,127.89,127.9,127.86,127.86,712
2026-09-14T09:39:00.000Z,2026-09-14T12:39:00,127.87,127.87,127.8,127.8,346
2026-09-14T09:40:00.000Z,2026-09-14T12:40:00,127.8,127.8,127.7,127.7,2085
2026-09-14T09:41:00.000Z,2026-09-14T12:41:00,127.67,127.67,127.36,127.36,4110
2026-09-14T09:42:00.000Z,2026-09-14T12:42:00,127.36,127.45,127.21,127.25,1563
2026-09-14T09:43:00.000Z,2026-09-14T12:43:00,127.25,127.5,127.13,127.45,9301
2026-09-14T09:44:00.000Z,2026-09-14T12:44:00,127.13,127.5,127,127.45,11520
2026-09-14T09:45:00.000Z,2026-09-14T12:45:00,127.44,127.45,127,127.35,5537
2026-09-14T09:46:00.000Z,2026-09-14T12:46:00,127,127.35,126.8,126.93,9576
2026-09-14T09:47:00.000Z,2026-09-14T12:47:00,126.93,126.93,126.81,126.81,2172
2026-09-14T09:48:00.000Z,2026-09-14T12:48:00,126.9,126.93,126.81,126.9,1321
2026-09-14T09:49:00.000Z,2026-09-14T12:49:00,126.9,127,126.81,126.81,729
2026-09-14T09:50:00.000Z,2026-09-14T12:50:00,126.88,127,126.81,127,838
2026-09-14T09:51:00.000Z,2026-09-14T12:51:00,127,127,126.9,127,147
2026-09-14T09:52:00.000Z,2026-09-14T12:52:00,127,127.5,127,127.4,953
2026-09-14T09:53:00.000Z,2026-09-14T12:53:00,127.4,127.5,127.4,127.5,783
2026-09-14T09:54:00.000Z,2026-09-14T12:54:00,127.4,127.4,127.4,127.4,62
2026-09-14T09:55:00.000Z,2026-09-14T12:55:00,127.5,127.5,127,127,1973
2026-09-14T09:56:00.000Z,2026-09-14T12:56:00,127,127.5,127,127,617
2026-09-14T09:57:00.000Z,2026-09-14T12:57:00,127,127.5,126.9,127.45,1594
2026-09-14T09:58:00.000Z,2026-09-14T12:58:00,127.44,127.44,126.9,127.4,652
2026-09-14T09:59:00.000Z,2026-09-14T12:59:00,127.4,127.4,127,127,91
2026-09-14T10:00:00.000Z,2026-09-14T13:00:00,127,127.4,127,127.4,242
2026-09-14T10:01:00.000Z,2026-09-14T13:01:00,127.39,127.39,127.22,127.35,655
2026-09-14T10:02:00.000Z,2026-09-14T13:02:00,127.3,127.3,127,127,221
2026-09-14T10:03:00.000Z,2026-09-14T13:03:00,127,127,126.91,127,168
2026-09-14T10:04:00.000Z,2026-09-14T13:04:00,127,127,126.91,126.91,1129
2026-09-14T10:05:00.000Z,2026-09-14T13:05:00,127,127,126.9,126.91,937
2026-09-14T10:06:00.000Z,2026-09-14T13:06:00,126.91,126.91,126.9,126.91,718
2026-09-14T10:07:00.000Z,2026-09-14T13:07:00,126.91,126.91,126.9,126.91,371
2026-09-14T10:08:00.000Z,2026-09-14T13:08:00,126.91,126.91,126.9,126.91,238
2026-09-14T10:09:00.000Z,2026-09-14T13:09:00,126.91,126.91,126.9,126.9,1520
2026-09-14T10:10:00.000Z,2026-09-14T13:10:00,126.9,126.91,126.9,126.91,146
2026-09-14T10:11:00.000Z,2026-09-14T13:11:00,126.9,126.91,126.81,126.91,3718
2026-09-14T10:12:00.000Z,2026-09-14T13:12:00,126.9,126.9,126.85,126.85,56
2026-09-14T10:13:00.000Z,2026-09-14T13:13:00,126.85,127.1,126.85,127.1,2585
2026-09-14T10:14:00.000Z,2026-09-14T13:14:00,127,127,127,127,812
2026-09-14T10:15:00.000Z,2026-09-14T13:15:00,127,127,126.85,127,210
2026-09-14T10:16:00.000Z,2026-09-14T13:16:00,127,127,126.3,126.99,22678
2026-09-14T10:17:00.000Z,2026-09-14T13:17:00,126.99,127,126.79,126.97,1413
2026-09-14T10:18:00.000Z,2026-09-14T13:18:00,126.5,127,126.32,127,900
2026-09-14T10:19:00.000Z,2026-09-14T13:19:00,126.8,127,126.8,126.99,581
2026-09-14T10:20:00.000Z,2026-09-14T13:20:00,126.8,126.99,126.8,126.98,6224
2026-09-14T10:21:00.000Z,2026-09-14T13:21:00,126.99,126.99,126.98,126.98,160
2026-09-14T10:22:00.000Z,2026-09-14T13:22:00,126.98,126.98,126.9,126.98,570
2026-09-14T10:23:00.000Z,2026-09-14T13:23:00,126.98,126.98,126.98,126.98,43
2026-09-14T10:24:00.000Z,2026-09-14T13:24:00,126.98,126.98,126.8,126.95,705
2026-09-14T10:25:00.000Z,2026-09-14T13:25:00,126.9,126.98,126.9,126.97,90
2026-09-14T10:26:00.000Z,2026-09-14T13:26:00,126.9,126.97,126.9,126.97,275
2026-09-14T10:27:00.000Z,2026-09-14T13:27:00,126.92,126.97,126.33,126.33,1312
2026-09-14T10:28:00.000Z,2026-09-14T13:28:00,126.97,126.97,126.4,126.97,453
2026-09-14T10:29:00.000Z,2026-09-14T13:29:00,126.96,126.96,126.95,126.95,364
2026-09-14T10:30:00.000Z,2026-09-14T13:30:00,126.51,126.97,126.4,126.95,10126
2026-09-14T10:31:00.000Z,2026-09-14T13:31:00,126.4,126.5,126.3,126.3,7736
2026-09-14T10:32:00.000Z,2026-09-14T13:32:00,126.5,126.5,126.45,126.48,982
2026-09-14T10:33:00.000Z,2026-09-14T13:33:00,126.48,126.95,126.3,126.3,1901
2026-09-14T10:34:00.000Z,2026-09-14T13:34:00,126.3,126.93,126.25,126.93,1642
2026-09-14T10:35:00.000Z,2026-09-14T13:35:00,126.91,126.91,126.25,126.89,28
2026-09-14T10:36:00.000Z,2026-09-14T13:36:00,126.89,126.9,126.31,126.31,441
2026-09-14T10:37:00.000Z,2026-09-14T13:37:00,126.79,126.89,126.79,126.89,283
2026-09-14T10:38:00.000Z,2026-09-14T13:38:00,126.88,126.88,126.88,126.88,115
2026-09-14T10:39:00.000Z,2026-09-14T13:39:00,126.5,126.85,126.32,126.85,466
2026-09-14T10:40:00.000Z,2026-09-14T13:40:00,126.85,126.85,126.6,126.8,225
2026-09-14T10:41:00.000Z,2026-09-14T13:41:00,126.8,126.8,126.6,126.8,64
2026-09-14T10:42:00.000Z,2026-09-14T13:42:00,126.8,126.8,126.6,126.75,453
2026-09-14T10:43:00.000Z,2026-09-14T13:43:00,126.75,126.75,126.6,126.75,101
2026-09-14T10:44:00.000Z,2026-09-14T13:44:00,126.75,126.75,126.5,126.5,806
2026-09-14T10:45:00.000Z,2026-09-14T13:45:00,126.49,126.49,126.25,126.25,1734
2026-09-14T10:46:00.000Z,2026-09-14T13:46:00,126.5,126.5,126.25,126.25,73
2026-09-14T10:47:00.000Z,2026-09-14T13:47:00,126.45,126.45,126.25,126.29,415
2026-09-14T10:48:00.000Z,2026-09-14T13:48:00,126.29,126.29,126.26,126.26,1554
2026-09-14T10:49:00.000Z,2026-09-14T13:49:00,126.29,126.29,126.26,126.26,1326
2026-09-14T10:50:00.000Z,2026-09-14T13:50:00,126.28,126.28,126.22,126.22,1585
2026-09-14T10:51:00.000Z,2026-09-14T13:51:00,126.25,126.25,126.21,126.21,938
2026-09-14T10:52:00.000Z,2026-09-14T13:52:00,126.22,126.24,126.21,126.24,799
2026-09-14T10:53:00.000Z,2026-09-14T13:53:00,126.24,126.24,126.22,126.22,169
2026-09-14T10:54:00.000Z,2026-09-14T13:54:00,126.22,126.24,126.21,126.24,1278
2026-09-14T10:55:00.000Z,2026-09-14T13:55:00,126.24,126.25,126.21,126.24,3456
2026-09-14T10:56:00.000Z,2026-09-14T13:56:00,126.24,126.25,126.21,126.25,1293
2026-09-14T10:57:00.000Z,2026-09-14T13:57:00,126.25,126.25,126.21,126.21,706
2026-09-14T10:58:00.000Z,2026-09-14T13:58:00,126.21,126.25,126.21,126.25,1402
2026-09-14T10:59:00.000Z,2026-09-14T13:59:00,126.25,126.25,126.21,126.25,774
2026-09-14T11:00:00.000Z,2026-09-14T14:00:00,126.25,126.25,126.21,126.25,445
2026-09-14T11:01:00.000Z,2026-09-14T14:01:00,126.25,126.4,126.11,126.2,2425
2026-09-14T11:02:00.000Z,2026-09-14T14:02:00,126.2,126.2,126.01,126.2,975
2026-09-14T11:03:00.000Z,2026-09-14T14:03:00,126.19,126.19,126.01,126.19,1490
2026-09-14T11:04:00.000Z,2026-09-14T14:04:00,126.19,126.19,125.61,126,4804
2026-09-14T11:05:00.000Z,2026-09-14T14:05:00,125.97,126,125.61,125.61,1421
2026-09-14T11:06:00.000Z,2026-09-14T14:06:00,125.61,125.99,125.61,125.99,442
2026-09-14T11:07:00.000Z,2026-09-14T14:07:00,125.99,125.99,125.6,125.99,1451
2026-09-14T11:08:00.000Z,2026-09-14T14:08:00,125.99,125.99,125.65,125.99,567
2026-09-14T11:09:00.000Z,2026-09-14T14:09:00,125.66,125.99,125.66,125.99,779
2026-09-14T11:10:00.000Z,2026-09-14T14:10:00,125.99,125.99,125.21,125.21,3182
2026-09-14T11:11:00.000Z,2026-09-14T14:11:00,125.93,125.93,125.6,125.6,163
2026-09-14T11:12:00.000Z,2026-09-14T14:12:00,125.9,125.9,125.65,125.8,1362
2026-09-14T11:13:00.000Z,2026-09-14T14:13:00,125.8,125.99,125.65,125.99,8144
2026-09-14T11:14:00.000Z,2026-09-14T14:14:00,125.66,125.99,125.32,125.98,3799
2026-09-14T11:15:00.000Z,2026-09-14T14:15:00,125.98,125.98,125.98,125.98,14
2026-09-14T11:25:00.000Z,2026-09-14T14:25:00,126,126,126,126,12775
2026-09-14T11:26:00.000Z,2026-09-14T14:26:00,126,126,126,126,636
2026-09-14T11:27:00.000Z,2026-09-14T14:27:00,126,126,126,126,311
2026-09-14T11:29:00.000Z,2026-09-14T14:29:00,126,126,126,126,50
2026-09-15T07:00:00.000Z,2026-09-15T10:00:00,126.1,126.4,126.1,126.11,2130
2026-09-15T07:01:00.000Z,2026-09-15T10:01:00,126.1,126.2,126.1,126.2,140
2026-09-15T07:02:00.000Z,2026-09-15T10:02:00,126.2,126.39,126.1,126.39,1475
2026-09-15T07:03:00.000Z,2026-09-15T10:03:00,126.39,126.39,126.1,126.3,887
2026-09-15T07:04:00.000Z,2026-09-15T10:04:00,126.3,126.4,126.1,126.1,264
2026-09-15T07:05:00.000Z,2026-09-15T10:05:00,126.4,126.4,126.1,126.4,146
2026-09-15T07:06:00.000Z,2026-09-15T10:06:00,126.4,126.4,126,126.4,8695
2026-09-15T07:07:00.000Z,2026-09-15T10:07:00,126.4,126.4,126.05,126.05,252
2026-09-15T07:08:00.000Z,2026-09-15T10:08:00,126.05,126.3,126.05,126.2,1196
2026-09-15T07:09:00.000Z,2026-09-15T10:09:00,126.2,126.3,126.1,126.3,1813
2026-09-15T07:10:00.000Z,2026-09-15T10:10:00,126.3,126.3,126.3,126.3,253
2026-09-15T07:11:00.000Z,2026-09-15T10:11:00,126.3,126.3,126.2,126.26,534
2026-09-15T07:12:00.000Z,2026-09-15T10:12:00,126.3,126.3,126.26,126.3,157
2026-09-15T07:13:00.000Z,2026-09-15T10:13:00,126.3,126.9,126.15,126.15,803
2026-09-15T07:14:00.000Z,2026-09-15T10:14:00,126.5,126.5,126,126.48,947
2026-09-15T07:15:00.000Z,2026-09-15T10:15:00,126.48,126.48,126.4,126.47,1073
2026-09-15T07:16:00.000Z,2026-09-15T10:16:00,126.4,126.4,126,126,375
2026-09-15T07:17:00.000Z,2026-09-15T10:17:00,126.39,126.39,126.36,126.36,78
2026-09-15T07:18:00.000Z,2026-09-15T10:18:00,126.36,126.36,125.98,126,2213
2026-09-15T07:19:00.000Z,2026-09-15T10:19:00,126,126,125.9,125.98,483
2026-09-15T07:20:00.000Z,2026-09-15T10:20:00,125.98,126.28,125.8,126,699
2026-09-15T07:21:00.000Z,2026-09-15T10:21:00,126,126.39,125.87,125.87,1570
2026-09-15T07:22:00.000Z,2026-09-15T10:22:00,126.38,126.39,126,126,109
2026-09-15T07:23:00.000Z,2026-09-15T10:23:00,125.9,126.29,125.01,126.23,4493
2026-09-15T07:24:00.000Z,2026-09-15T10:24:00,126,126.21,125,125.98,8689
2026-09-15T07:25:00.000Z,2026-09-15T10:25:00,125.1,125.88,124.99,125,7754
2026-09-15T07:26:00.000Z,2026-09-15T10:26:00,124.91,125,124.01,124.7,4468
2026-09-15T07:27:00.000Z,2026-09-15T10:27:00,124.01,124.7,124.01,124.68,5110
2026-09-15T07:28:00.000Z,2026-09-15T10:28:00,124.68,124.69,124.49,124.5,435
2026-09-15T07:29:00.000Z,2026-09-15T10:29:00,124.5,124.5,124.1,124.1,612
2026-09-15T07:30:00.000Z,2026-09-15T10:30:00,124.49,124.69,124.1,124.67,1631
2026-09-15T07:31:00.000Z,2026-09-15T10:31:00,124.67,124.68,124.6,124.6,255
2026-09-15T07:32:00.000Z,2026-09-15T10:32:00,124.68,124.68,124.6,124.67,740
2026-09-15T07:33:00.000Z,2026-09-15T10:33:00,124.6,124.67,124.55,124.67,410
2026-09-15T07:34:00.000Z,2026-09-15T10:34:00,124.67,124.67,124.5,124.5,1710
2026-09-15T07:35:00.000Z,2026-09-15T10:35:00,124.5,124.6,124.5,124.6,70
2026-09-15T07:36:00.000Z,2026-09-15T10:36:00,124.5,124.6,124.5,124.5,567
2026-09-15T07:37:00.000Z,2026-09-15T10:37:00,124.6,124.6,124.5,124.59,416
2026-09-15T07:38:00.000Z,2026-09-15T10:38:00,124.59,125,124.51,125,7253
2026-09-15T07:39:00.000Z,2026-09-15T10:39:00,124.51,125.05,124.51,125,7671
2026-09-15T07:40:00.000Z,2026-09-15T10:40:00,125.05,125.5,124.91,125.5,397
2026-09-15T07:41:00.000Z,2026-09-15T10:41:00,126,126,125.3,126,262
2026-09-15T07:42:00.000Z,2026-09-15T10:42:00,126,126.36,125.3,125.3,686
2026-09-15T07:43:00.000Z,2026-09-15T10:43:00,126,126,125,125,1304
2026-09-15T07:44:00.000Z,2026-09-15T10:44:00,126,126,125.26,125.26,1416
2026-09-15T07:45:00.000Z,2026-09-15T10:45:00,126,126,126,126,25
2026-09-15T07:46:00.000Z,2026-09-15T10:46:00,126,126,126,126,5108
2026-09-15T07:47:00.000Z,2026-09-15T10:47:00,126,126,125.53,125.54,241
2026-09-15T07:48:00.000Z,2026-09-15T10:48:00,126,126,125.56,126,361
2026-09-15T07:49:00.000Z,2026-09-15T10:49:00,126,126,125.57,126,442
2026-09-15T07:50:00.000Z,2026-09-15T10:50:00,126,126,125.58,126,1515
2026-09-15T07:51:00.000Z,2026-09-15T10:51:00,125.61,126,125.61,126,254
2026-09-15T07:52:00.000Z,2026-09-15T10:52:00,126,126,126,126,219
2026-09-15T07:53:00.000Z,2026-09-15T10:53:00,126,126,126,126,1268
2026-09-15T07:54:00.000Z,2026-09-15T10:54:00,126,126,125.66,125.66,1563
2026-09-15T07:55:00.000Z,2026-09-15T10:55:00,126,126,126,126,1432
2026-09-15T07:56:00.000Z,2026-09-15T10:56:00,126,126,126,126,1203
2026-09-15T07:57:00.000Z,2026-09-15T10:57:00,126,126,125.7,125.7,253
2026-09-15T07:58:00.000Z,2026-09-15T10:58:00,126,126,126,126,506
2026-09-15T07:59:00.000Z,2026-09-15T10:59:00,126,126,125.8,125.8,170
2026-09-15T08:00:00.000Z,2026-09-15T11:00:00,126,126,125.82,125.82,84
2026-09-15T08:01:00.000Z,2026-09-15T11:01:00,126,126,126,126,58
2026-09-15T08:02:00.000Z,2026-09-15T11:02:00,125.85,126.26,125.85,126,5961
2026-09-15T08:03:00.000Z,2026-09-15T11:03:00,126,126,126,126,1134
2026-09-15T08:04:00.000Z,2026-09-15T11:04:00,126,126.26,126,126.26,377
2026-09-15T08:05:00.000Z,2026-09-15T11:05:00,126,126.26,126,126,514
2026-09-15T08:06:00.000Z,2026-09-15T11:06:00,126,126,125.85,125.85,476
2026-09-15T08:07:00.000Z,2026-09-15T11:07:00,126,126,125.95,125.95,27
2026-09-15T08:08:00.000Z,2026-09-15T11:08:00,125.95,125.95,125.55,125.56,2316
2026-09-15T08:09:00.000Z,2026-09-15T11:09:00,125.56,126,125.56,126,250
2026-09-15T08:11:00.000Z,2026-09-15T11:11:00,126,126.36,125.95,126.36,1448
2026-09-15T08:12:00.000Z,2026-09-15T11:12:00,126.36,126.36,126.36,126.36,117
2026-09-15T08:13:00.000Z,2026-09-15T11:13:00,126.36,126.37,126.36,126.37,422
2026-09-15T08:14:00.000Z,2026-09-15T11:14:00,126.38,126.39,126.36,126.39,178
2026-09-15T08:15:00.000Z,2026-09-15T11:15:00,126.4,126.4,126.01,126.4,1551
2026-09-15T08:16:00.000Z,2026-09-15T11:16:00,126.4,126.82,126.4,126.82,2124
2026-09-15T08:17:00.000Z,2026-09-15T11:17:00,126.41,126.82,126.41,126.82,53
2026-09-15T08:18:00.000Z,2026-09-15T11:18:00,126.82,126.82,126.82,126.82,229
2026-09-15T08:19:00.000Z,2026-09-15T11:19:00,126.82,127,126.82,127,929
2026-09-15T08:20:00.000Z,2026-09-15T11:20:00,127,127.1,126.82,127.1,4376
2026-09-15T08:21:00.000Z,2026-09-15T11:21:00,127.2,127.84,127.1,127.83,367
2026-09-15T08:22:00.000Z,2026-09-15T11:22:00,127.5,127.5,127.49,127.49,27
2026-09-15T08:23:00.000Z,2026-09-15T11:23:00,127.49,127.49,126.51,127.49,296
2026-09-15T08:24:00.000Z,2026-09-15T11:24:00,127.46,127.46,127.46,127.46,100
2026-09-15T08:25:00.000Z,2026-09-15T11:25:00,127.46,127.46,127.16,127.39,2648
2026-09-15T08:26:00.000Z,2026-09-15T11:26:00,127.39,127.39,127.37,127.37,42
2026-09-15T08:27:00.000Z,2026-09-15T11:27:00,127.37,127.37,127.1,127.1,384
2026-09-15T08:28:00.000Z,2026-09-15T11:28:00,127.01,127.1,127,127.1,130
2026-09-15T08:29:00.000Z,2026-09-15T11:29:00,127,127,126.01,126.01,1231
2026-09-15T08:30:00.000Z,2026-09-15T11:30:00,127,127,126.95,127,1166
2026-09-15T08:31:00.000Z,2026-09-15T11:31:00,127,127,127,127,447
2026-09-15T08:32:00.000Z,2026-09-15T11:32:00,127,127,127,127,182
2026-09-15T08:33:00.000Z,2026-09-15T11:33:00,127.1,127.1,127,127,1567
2026-09-15T08:34:00.000Z,2026-09-15T11:34:00,127,127,127,127,354
2026-09-15T08:35:00.000Z,2026-09-15T11:35:00,127,127,127,127,335
2026-09-15T08:36:00.000Z,2026-09-15T11:36:00,127,127,126.15,127,204
2026-09-15T08:37:00.000Z,2026-09-15T11:37:00,127,127,127,127,57
2026-09-15T08:38:00.000Z,2026-09-15T11:38:00,127,127,127,127,387
2026-09-15T08:39:00.000Z,2026-09-15T11:39:00,126.5,126.5,126.5,126.5,51
2026-09-15T08:40:00.000Z,2026-09-15T11:40:00,126.6,127,126.6,127,250
2026-09-15T08:41:00.000Z,2026-09-15T11:41:00,126.9,126.9,126.9,126.9,23
2026-09-15T08:42:00.000Z,2026-09-15T11:42:00,126.8,126.9,126.8,126.9,461
2026-09-15T08:43:00.000Z,2026-09-15T11:43:00,126.9,126.99,126.9,126.99,45
2026-09-15T08:44:00.000Z,2026-09-15T11:44:00,126.92,127,126.92,126.92,153
2026-09-15T08:45:00.000Z,2026-09-15T11:45:00,126.92,126.94,126.7,126.7,464
2026-09-15T08:46:00.000Z,2026-09-15T11:46:00,127,127,127,127,306
2026-09-15T08:47:00.000Z,2026-09-15T11:47:00,126.71,127,126.71,127,296
2026-09-15T08:48:00.000Z,2026-09-15T11:48:00,126.9,127.1,126.7,126.7,900
2026-09-15T08:49:00.000Z,2026-09-15T11:49:00,127,127,127,127,437
2026-09-15T08:50:00.000Z,2026-09-15T11:50:00,127,127,126.61,126.61,1195
2026-09-15T08:51:00.000Z,2026-09-15T11:51:00,126.5,126.5,126.4,126.4,243
2026-09-15T08:52:00.000Z,2026-09-15T11:52:00,126.5,126.5,126.5,126.5,68
2026-09-15T08:53:00.000Z,2026-09-15T11:53:00,126.5,126.5,126.5,126.5,40
2026-09-15T08:54:00.000Z,2026-09-15T11:54:00,126.4,126.98,126.2,126.97,499
2026-09-15T08:55:00.000Z,2026-09-15T11:55:00,126.97,126.97,126.2,126.97,37
2026-09-15T08:56:00.000Z,2026-09-15T11:56:00,126.97,126.97,126.2,126.2,109
2026-09-15T08:57:00.000Z,2026-09-15T11:57:00,126.95,126.95,126.2,126.2,13
2026-09-15T08:58:00.000Z,2026-09-15T11:58:00,126.95,126.99,126.95,126.99,2104
2026-09-15T08:59:00.000Z,2026-09-15T11:59:00,126.98,126.99,126.98,126.99,120
2026-09-15T09:00:00.000Z,2026-09-15T12:00:00,126.98,126.98,126.5,126.5,22
2026-09-15T09:01:00.000Z,2026-09-15T12:01:00,126.5,126.98,126.2,126.98,181
2026-09-15T09:02:00.000Z,2026-09-15T12:02:00,126.98,126.98,126.2,126.98,265
2026-09-15T09:03:00.000Z,2026-09-15T12:03:00,126.25,126.99,126.2,126.98,345
2026-09-15T09:04:00.000Z,2026-09-15T12:04:00,126.2,126.96,126.2,126.96,17
2026-09-15T09:05:00.000Z,2026-09-15T12:05:00,126.96,126.96,126.96,126.96,13
2026-09-15T09:06:00.000Z,2026-09-15T12:06:00,126.96,126.96,126.96,126.96,55
2026-09-15T09:07:00.000Z,2026-09-15T12:07:00,126.96,126.96,126.95,126.95,457
2026-09-15T09:08:00.000Z,2026-09-15T12:08:00,126.94,126.96,126.94,126.95,337
2026-09-15T09:09:00.000Z,2026-09-15T12:09:00,126.96,126.96,126.55,126.55,169
2026-09-15T09:10:00.000Z,2026-09-15T12:10:00,126.96,126.96,126.55,126.96,120
2026-09-15T09:11:00.000Z,2026-09-15T12:11:00,126.96,126.96,126.96,126.96,5
2026-09-15T09:12:00.000Z,2026-09-15T12:12:00,126.96,126.96,126.7,126.96,71
2026-09-15T09:14:00.000Z,2026-09-15T12:14:00,126.96,126.96,126.96,126.96,1
2026-09-15T09:15:00.000Z,2026-09-15T12:15:00,126.96,126.96,126.96,126.96,15
2026-09-15T09:16:00.000Z,2026-09-15T12:16:00,126.96,126.96,126.96,126.96,276
2026-09-15T09:17:00.000Z,2026-09-15T12:17:00,126.7,126.7,126.7,126.7,10
2026-09-15T09:18:00.000Z,2026-09-15T12:18:00,126.96,126.97,126.96,126.97,380
2026-09-15T09:19:00.000Z,2026-09-15T12:19:00,126.97,126.99,126.97,126.99,230
2026-09-15T09:20:00.000Z,2026-09-15T12:20:00,126.9,127,126.7,126.7,3099
2026-09-15T09:21:00.000Z,2026-09-15T12:21:00,126.9,126.99,126.9,126.99,64
2026-09-15T09:22:00.000Z,2026-09-15T12:22:00,126.7,126.7,126.7,126.7,20
2026-09-15T09:23:00.000Z,2026-09-15T12:23:00,126.99,126.99,126.7,126.7,31
2026-09-15T09:24:00.000Z,2026-09-15T12:24:00,126.99,126.99,126.99,126.99,40
2026-09-15T09:25:00.000Z,2026-09-15T12:25:00,126.98,126.98,126.7,126.7,1137
2026-09-15T09:26:00.000Z,2026-09-15T12:26:00,126.6,126.7,126.5,126.7,1582
2026-09-15T09:27:00.000Z,2026-09-15T12:27:00,126.5,126.7,126.25,126.7,258
2026-09-15T09:28:00.000Z,2026-09-15T12:28:00,126.7,126.7,126.25,126.25,1508
2026-09-15T09:29:00.000Z,2026-09-15T12:29:00,126.3,126.7,126.3,126.7,908
2026-09-15T09:30:00.000Z,2026-09-15T12:30:00,126.3,126.7,126.3,126.7,103
2026-09-15T09:31:00.000Z,2026-09-15T12:31:00,126.3,126.69,126.01,126.01,5167
2026-09-15T09:32:00.000Z,2026-09-15T12:32:00,126.68,126.7,126.27,126.59,179342
2026-09-15T09:33:00.000Z,2026-09-15T12:33:00,126.02,126.49,126.02,126.49,181
2026-09-15T09:34:00.000Z,2026-09-15T12:34:00,126.49,126.49,126.49,126.49,173
2026-09-15T09:35:00.000Z,2026-09-15T12:35:00,126.5,126.5,126.05,126.05,102
2026-09-15T09:36:00.000Z,2026-09-15T12:36:00,126.05,126.5,126.05,126.5,45
2026-09-15T09:37:00.000Z,2026-09-15T12:37:00,126.4,126.5,126.02,126.5,628
2026-09-15T09:38:00.000Z,2026-09-15T12:38:00,126.3,126.5,126.3,126.5,9
2026-09-15T09:39:00.000Z,2026-09-15T12:39:00,126.5,126.6,126.5,126.5,246
2026-09-15T09:40:00.000Z,2026-09-15T12:40:00,126.6,126.6,126.5,126.6,5
2026-09-15T09:41:00.000Z,2026-09-15T12:41:00,126.6,126.6,126.6,126.6,6
2026-09-15T09:42:00.000Z,2026-09-15T12:42:00,126.6,126.6,126.3,126.6,4088
2026-09-15T09:43:00.000Z,2026-09-15T12:43:00,126.6,126.6,126.3,126.3,8
2026-09-15T09:44:00.000Z,2026-09-15T12:44:00,126.6,126.69,126.6,126.6,496
2026-09-15T09:45:00.000Z,2026-09-15T12:45:00,126.69,126.69,126.69,126.69,12
2026-09-15T09:46:00.000Z,2026-09-15T12:46:00,126.69,126.97,126.69,126.69,2867
2026-09-15T09:47:00.000Z,2026-09-15T12:47:00,126.97,127.3,126.97,127.3,5565
2026-09-15T09:48:00.000Z,2026-09-15T12:48:00,127.3,127.39,127.01,127.01,540
2026-09-15T09:49:00.000Z,2026-09-15T12:49:00,127.39,127.66,127.39,127.66,9165
2026-09-15T09:50:00.000Z,2026-09-15T12:50:00,127.5,127.5,127.5,127.5,41
2026-09-15T09:51:00.000Z,2026-09-15T12:51:00,127.49,127.5,127.49,127.49,2713
2026-09-15T09:52:00.000Z,2026-09-15T12:52:00,127.49,127.7,127.02,127.7,2021
2026-09-15T09:53:00.000Z,2026-09-15T12:53:00,127.7,127.7,127.7,127.7,914
2026-09-15T09:54:00.000Z,2026-09-15T12:54:00,127.05,127.6,127.05,127.6,10
2026-09-15T09:55:00.000Z,2026-09-15T12:55:00,127.6,127.6,127.05,127.05,896
2026-09-15T09:56:00.000Z,2026-09-15T12:56:00,127.49,127.49,127.05,127.05,1153
2026-09-15T09:57:00.000Z,2026-09-15T12:57:00,127.02,127.02,126.6,126.99,1260
2026-09-15T09:58:00.000Z,2026-09-15T12:58:00,126.99,127,126.99,127,869
2026-09-15T09:59:00.000Z,2026-09-15T12:59:00,126.99,127.7,126.99,127.7,7255
2026-09-15T10:00:00.000Z,2026-09-15T13:00:00,127.67,127.67,127.67,127.67,75
2026-09-15T10:01:00.000Z,2026-09-15T13:01:00,126.6,126.6,126.55,126.55,6
2026-09-15T10:02:00.000Z,2026-09-15T13:02:00,126.55,127.64,126.55,126.6,203
2026-09-15T10:03:00.000Z,2026-09-15T13:03:00,126.6,127.47,126.6,127.47,29
2026-09-15T10:04:00.000Z,2026-09-15T13:04:00,126.65,126.65,126.65,126.65,90
2026-09-15T10:05:00.000Z,2026-09-15T13:05:00,126.6,127.47,126.6,127.47,187
2026-09-15T10:06:00.000Z,2026-09-15T13:06:00,127.47,127.47,127.47,127.47,23
2026-09-15T10:07:00.000Z,2026-09-15T13:07:00,127.44,127.44,127.44,127.44,1
2026-09-15T10:09:00.000Z,2026-09-15T13:09:00,127.39,127.39,127.37,127.37,42
2026-09-15T10:10:00.000Z,2026-09-15T13:10:00,127.38,127.38,126.65,126.65,70
2026-09-15T10:11:00.000Z,2026-09-15T13:11:00,127.38,127.38,127.38,127.38,47
2026-09-15T10:12:00.000Z,2026-09-15T13:12:00,127.34,127.34,127.24,127.24,260
2026-09-15T10:13:00.000Z,2026-09-15T13:13:00,127,127,127,127,16
2026-09-15T10:14:00.000Z,2026-09-15T13:14:00,127,127,127,127,6
2026-09-15T10:15:00.000Z,2026-09-15T13:15:00,126.8,126.8,126.8,126.8,265
2026-09-15T10:16:00.000Z,2026-09-15T13:16:00,126.97,126.97,126.97,126.97,2
2026-09-15T10:17:00.000Z,2026-09-15T13:17:00,126.8,126.8,126.6,126.6,1200
2026-09-15T10:18:00.000Z,2026-09-15T13:18:00,126.6,126.6,126.5,126.5,1389
2026-09-15T10:19:00.000Z,2026-09-15T13:19:00,126.94,126.94,126.94,126.94,109
2026-09-15T10:20:00.000Z,2026-09-15T13:20:00,126.9,126.9,126.5,126.5,417
2026-09-15T10:21:00.000Z,2026-09-15T13:21:00,126.33,126.89,126.2,126.89,4082
2026-09-15T10:22:00.000Z,2026-09-15T13:22:00,126.2,126.2,126.01,126.01,1887
2026-09-15T10:23:00.000Z,2026-09-15T13:23:00,126.79,126.79,126.79,126.79,231
2026-09-15T10:24:00.000Z,2026-09-15T13:24:00,126.79,126.79,126.2,126.79,1588
2026-09-15T10:25:00.000Z,2026-09-15T13:25:00,126.74,126.74,126.74,126.74,108
2026-09-15T10:26:00.000Z,2026-09-15T13:26:00,126.74,126.74,126,126,5164
2026-09-15T10:27:00.000Z,2026-09-15T13:27:00,126,126.74,126,126.49,79
2026-09-15T10:28:00.000Z,2026-09-15T13:28:00,126,126.49,126,126.49,298
2026-09-15T10:29:00.000Z,2026-09-15T13:29:00,126.49,126.5,126,126.49,1287
2026-09-15T10:30:00.000Z,2026-09-15T13:30:00,126.48,126.5,126,126.49,200
2026-09-15T10:31:00.000Z,2026-09-15T13:31:00,126.47,126.47,126.47,126.47,13
2026-09-15T10:32:00.000Z,2026-09-15T13:32:00,126,126.47,126,126,54
2026-09-15T10:33:00.000Z,2026-09-15T13:33:00,126,126,126,126,6
2026-09-15T10:34:00.000Z,2026-09-15T13:34:00,126.01,126.1,126,126,1495
2026-09-15T10:35:00.000Z,2026-09-15T13:35:00,125.9,126,125.9,126,35
2026-09-15T10:36:00.000Z,2026-09-15T13:36:00,126,126,125.99,125.99,20
2026-09-15T10:37:00.000Z,2026-09-15T13:37:00,125.9,126.49,125.9,126.29,935
2026-09-15T10:38:00.000Z,2026-09-15T13:38:00,126.28,126.29,125.55,125.55,3413
2026-09-15T10:39:00.000Z,2026-09-15T13:39:00,126.29,126.29,126,126,60
2026-09-15T10:40:00.000Z,2026-09-15T13:40:00,126,126,125.58,125.58,69
2026-09-15T10:41:00.000Z,2026-09-15T13:41:00,126,126,125.99,126,306
2026-09-15T10:42:00.000Z,2026-09-15T13:42:00,126,126,125.55,126,637
2026-09-15T10:43:00.000Z,2026-09-15T13:43:00,126,126,125.99,126,274
2026-09-15T10:44:00.000Z,2026-09-15T13:44:00,126,126,125.55,126,343
2026-09-15T10:45:00.000Z,2026-09-15T13:45:00,125.99,126,125.99,126,124
2026-09-15T10:46:00.000Z,2026-09-15T13:46:00,126,126,125.6,126,240
2026-09-15T10:47:00.000Z,2026-09-15T13:47:00,126,126,126,126,1026
2026-09-15T10:48:00.000Z,2026-09-15T13:48:00,126,126,125.81,125.81,513
2026-09-15T10:50:00.000Z,2026-09-15T13:50:00,125.82,126,125.82,126,1260
2026-09-15T10:51:00.000Z,2026-09-15T13:51:00,126,126,126,126,236
2026-09-15T10:52:00.000Z,2026-09-15T13:52:00,126,126.25,125.81,126,1174
2026-09-15T10:53:00.000Z,2026-09-15T13:53:00,126,126,125.81,126,757
2026-09-15T10:54:00.000Z,2026-09-15T13:54:00,125.81,126,125.81,125.81,138
2026-09-15T10:55:00.000Z,2026-09-15T13:55:00,126,126,126,126,529
2026-09-15T10:56:00.000Z,2026-09-15T13:56:00,126,126,125.81,126,155
2026-09-15T10:57:00.000Z,2026-09-15T13:57:00,126,126,126,126,88
2026-09-15T10:58:00.000Z,2026-09-15T13:58:00,125.81,126,125.56,126,2219
2026-09-15T10:59:00.000Z,2026-09-15T13:59:00,126,126,126,126,5745
2026-09-15T11:00:00.000Z,2026-09-15T14:00:00,125.81,126,125.61,126,1592
2026-09-15T11:01:00.000Z,2026-09-15T14:01:00,126,126,126,126,416
2026-09-15T11:02:00.000Z,2026-09-15T14:02:00,126,126,125.6,125.61,243
2026-09-15T11:04:00.000Z,2026-09-15T14:04:00,126,126,125.99,125.99,2
2026-09-15T11:05:00.000Z,2026-09-15T14:05:00,125.99,126,125.95,126,805
2026-09-15T11:06:00.000Z,2026-09-15T14:06:00,126,126,126,126,1763
2026-09-15T11:07:00.000Z,2026-09-15T14:07:00,126,126.28,126,126,1655
2026-09-15T11:08:00.000Z,2026-09-15T14:08:00,126,126,125.95,125.95,519
2026-09-15T11:09:00.000Z,2026-09-15T14:09:00,125.95,126.28,125.9,126,780
2026-09-15T11:10:00.000Z,2026-09-15T14:10:00,126,126,125.55,125.56,15160
2026-09-15T11:11:00.000Z,2026-09-15T14:11:00,125.56,126,125.55,125.99,1855
2026-09-15T11:12:00.000Z,2026-09-15T14:12:00,125.99,125.99,125.55,125.99,909
2026-09-15T11:13:00.000Z,2026-09-15T14:13:00,125.55,125.99,125.55,125.55,556
2026-09-15T11:14:00.000Z,2026-09-15T14:14:00,125.85,125.85,125.55,125.55,622
2026-09-15T11:15:00.000Z,2026-09-15T14:15:00,125.98,125.98,125.98,125.98,7
2026-09-15T11:25:00.000Z,2026-09-15T14:25:00,125.5,125.5,125.5,125.5,22030
2026-09-15T11:26:00.000Z,2026-09-15T14:26:00,125.5,125.5,125.5,125.5,604
2026-09-15T11:27:00.000Z,2026-09-15T14:27:00,125.5,125.5,125.5,125.5,202
2026-09-15T11:28:00.000Z,2026-09-15T14:28:00,125.5,125.5,125.5,125.5,702
2026-09-15T11:29:00.000Z,2026-09-15T14:29:00,125.5,125.5,125.5,125.5,5502
2026-09-16T07:00:00.000Z,2026-09-16T10:00:00,126,126.28,126,126.28,1430
2026-09-16T07:01:00.000Z,2026-09-16T10:01:00,126.28,126.5,126.28,126.49,461
2026-09-16T07:02:00.000Z,2026-09-16T10:02:00,126.49,126.49,125.5,126.49,2440
2026-09-16T07:03:00.000Z,2026-09-16T10:03:00,126.48,127.98,126.48,127.94,5617
2026-09-16T07:04:00.000Z,2026-09-16T10:04:00,125.51,127.89,125.51,127.89,440
2026-09-16T07:05:00.000Z,2026-09-16T10:05:00,127.89,127.89,127.86,127.86,507
2026-09-16T07:06:00.000Z,2026-09-16T10:06:00,127.74,127.74,127.7,127.7,90
2026-09-16T07:07:00.000Z,2026-09-16T10:07:00,127.69,127.7,126.7,126.7,1050
2026-09-16T07:08:00.000Z,2026-09-16T10:08:00,126.7,127.49,126.7,127.29,344
2026-09-16T07:09:00.000Z,2026-09-16T10:09:00,127.29,127.29,127.29,127.29,291
2026-09-16T07:10:00.000Z,2026-09-16T10:10:00,127.27,127.27,127.27,127.27,42
2026-09-16T07:11:00.000Z,2026-09-16T10:11:00,126.7,126.7,126,126,470
2026-09-16T07:12:00.000Z,2026-09-16T10:12:00,126,126.5,126,126.5,934
2026-09-16T07:13:00.000Z,2026-09-16T10:13:00,126,126.49,126,126.49,147
2026-09-16T07:14:00.000Z,2026-09-16T10:14:00,126.49,126.49,126.33,126.33,195
2026-09-16T07:15:00.000Z,2026-09-16T10:15:00,126.35,126.35,126.35,126.35,89
2026-09-16T07:16:00.000Z,2026-09-16T10:16:00,126.25,126.5,126.25,126.26,577
2026-09-16T07:17:00.000Z,2026-09-16T10:17:00,126.5,126.5,126.01,126.5,420
2026-09-16T07:18:00.000Z,2026-09-16T10:18:00,126.5,126.5,126.05,126.1,517
2026-09-16T07:19:00.000Z,2026-09-16T10:19:00,126.5,126.5,126.05,126.5,467
2026-09-16T07:20:00.000Z,2026-09-16T10:20:00,126.12,126.5,126.12,126.12,179
2026-09-16T07:21:00.000Z,2026-09-16T10:21:00,126.5,126.5,126.5,126.5,131
2026-09-16T07:22:00.000Z,2026-09-16T10:22:00,126.5,126.5,126.5,126.5,124
2026-09-16T07:23:00.000Z,2026-09-16T10:23:00,126.5,126.98,126.5,126.5,141
2026-09-16T07:24:00.000Z,2026-09-16T10:24:00,126.5,126.99,126.5,126.99,416
2026-09-16T07:25:00.000Z,2026-09-16T10:25:00,126.99,126.99,126.5,126.99,226
2026-09-16T07:26:00.000Z,2026-09-16T10:26:00,126.99,127,126.7,127,463
2026-09-16T07:27:00.000Z,2026-09-16T10:27:00,126.99,126.99,126.7,126.99,165
2026-09-16T07:28:00.000Z,2026-09-16T10:28:00,126.7,127,126.7,126.7,281
2026-09-16T07:29:00.000Z,2026-09-16T10:29:00,126.9,126.99,126.71,126.71,144
2026-09-16T07:30:00.000Z,2026-09-16T10:30:00,126.99,127,126.99,126.99,748
2026-09-16T07:31:00.000Z,2026-09-16T10:31:00,126.99,127,126.71,127,490
2026-09-16T07:32:00.000Z,2026-09-16T10:32:00,127,127,126.7,127,455
2026-09-16T07:33:00.000Z,2026-09-16T10:33:00,127,127,126.7,126.7,14
2026-09-16T07:34:00.000Z,2026-09-16T10:34:00,126.99,126.99,126.99,126.99,217
2026-09-16T07:35:00.000Z,2026-09-16T10:35:00,126.99,126.99,126.98,126.98,337
2026-09-16T07:36:00.000Z,2026-09-16T10:36:00,126.98,126.98,126.71,126.98,249
2026-09-16T07:37:00.000Z,2026-09-16T10:37:00,126.97,126.99,126.97,126.99,48
2026-09-16T07:38:00.000Z,2026-09-16T10:38:00,126.99,127,126.71,126.98,781
2026-09-16T07:39:00.000Z,2026-09-16T10:39:00,126.98,126.98,126.98,126.98,186
2026-09-16T07:40:00.000Z,2026-09-16T10:40:00,126.71,127,126.7,127,240
2026-09-16T07:41:00.000Z,2026-09-16T10:41:00,127,127,126.7,126.7,280
2026-09-16T07:42:00.000Z,2026-09-16T10:42:00,126.99,126.99,126.7,126.7,164
2026-09-16T07:43:00.000Z,2026-09-16T10:43:00,126.7,126.99,126.7,126.99,124
2026-09-16T07:44:00.000Z,2026-09-16T10:44:00,127,127,126.61,126.61,1039
2026-09-16T07:45:00.000Z,2026-09-16T10:45:00,126.97,126.97,126.97,126.97,6
2026-09-16T07:46:00.000Z,2026-09-16T10:46:00,126.89,126.89,126.75,126.85,279
2026-09-16T07:47:00.000Z,2026-09-16T10:47:00,126.85,126.85,126.84,126.84,125
2026-09-16T07:48:00.000Z,2026-09-16T10:48:00,126.75,126.8,126.2,126.79,1458
2026-09-16T07:49:00.000Z,2026-09-16T10:49:00,126.79,126.79,126.7,126.7,100
2026-09-16T07:50:00.000Z,2026-09-16T10:50:00,126.7,126.8,126.5,126.5,158
2026-09-16T07:51:00.000Z,2026-09-16T10:51:00,126.79,126.79,126.01,126.01,1086
2026-09-16T07:52:00.000Z,2026-09-16T10:52:00,126.35,126.77,126,126.77,118
2026-09-16T07:53:00.000Z,2026-09-16T10:53:00,126.77,126.77,126.77,126.77,131
2026-09-16T07:54:00.000Z,2026-09-16T10:54:00,126.77,126.77,126,126.76,1616
2026-09-16T07:55:00.000Z,2026-09-16T10:55:00,126.74,126.74,126.74,126.74,63
2026-09-16T07:56:00.000Z,2026-09-16T10:56:00,126,126.74,126,126,459
2026-09-16T07:57:00.000Z,2026-09-16T10:57:00,126,126.77,126,126.77,392
2026-09-16T07:58:00.000Z,2026-09-16T10:58:00,126.77,126.77,126.76,126.76,74
2026-09-16T07:59:00.000Z,2026-09-16T10:59:00,126.76,126.76,126,126,168
2026-09-16T08:00:00.000Z,2026-09-16T11:00:00,126.76,126.77,126.05,126.77,70
2026-09-16T08:01:00.000Z,2026-09-16T11:01:00,126.1,126.76,126.05,126.05,519
2026-09-16T08:02:00.000Z,2026-09-16T11:02:00,126.05,126.74,126,126.74,629
2026-09-16T08:03:00.000Z,2026-09-16T11:03:00,126.74,126.74,126,126.74,430
2026-09-16T08:04:00.000Z,2026-09-16T11:04:00,126.74,126.74,126,126.74,321
2026-09-16T08:05:00.000Z,2026-09-16T11:05:00,126.74,126.74,126,126.73,128
2026-09-16T08:06:00.000Z,2026-09-16T11:06:00,126.73,126.73,126.73,126.73,398
2026-09-16T08:07:00.000Z,2026-09-16T11:07:00,126.5,126.5,126.5,126.5,5
2026-09-16T08:08:00.000Z,2026-09-16T11:08:00,126.5,126.75,126.5,126.75,104
2026-09-16T08:09:00.000Z,2026-09-16T11:09:00,126.5,126.75,126.1,126.1,575
2026-09-16T08:10:00.000Z,2026-09-16T11:10:00,126.7,126.7,126.7,126.7,37
2026-09-16T08:11:00.000Z,2026-09-16T11:11:00,126.69,126.69,126.68,126.68,64
2026-09-16T08:12:00.000Z,2026-09-16T11:12:00,126.5,126.5,126.05,126.05,128
2026-09-16T08:13:00.000Z,2026-09-16T11:13:00,126.68,126.68,126.59,126.59,18
2026-09-16T08:14:00.000Z,2026-09-16T11:14:00,126.59,126.6,126.01,126.59,1588
2026-09-16T08:15:00.000Z,2026-09-16T11:15:00,126.55,126.6,126.01,126.1,2077
2026-09-16T08:16:00.000Z,2026-09-16T11:16:00,126.59,126.59,126,126,1855
2026-09-16T08:17:00.000Z,2026-09-16T11:17:00,126,126.59,126,126.59,135
2026-09-16T08:18:00.000Z,2026-09-16T11:18:00,126.59,126.59,126.59,126.59,43
2026-09-16T08:19:00.000Z,2026-09-16T11:19:00,126.57,126.57,126.57,126.57,210
2026-09-16T08:20:00.000Z,2026-09-16T11:20:00,126.57,126.58,126.57,126.58,207
2026-09-16T08:21:00.000Z,2026-09-16T11:21:00,126.58,126.59,126.58,126.59,314
2026-09-16T08:22:00.000Z,2026-09-16T11:22:00,126.5,126.5,126.5,126.5,354
2026-09-16T08:24:00.000Z,2026-09-16T11:24:00,126.5,126.5,126.5,126.5,146
2026-09-16T08:25:00.000Z,2026-09-16T11:25:00,126.15,126.15,126.05,126.05,153
2026-09-16T08:26:00.000Z,2026-09-16T11:26:00,126,126,126,126,532
2026-09-16T08:27:00.000Z,2026-09-16T11:27:00,126.45,126.45,126.01,126.01,11
2026-09-16T08:28:00.000Z,2026-09-16T11:28:00,126.47,126.48,126.47,126.48,118
2026-09-16T08:29:00.000Z,2026-09-16T11:29:00,126.1,126.47,126,126,2133
2026-09-16T08:30:00.000Z,2026-09-16T11:30:00,126.1,126.48,126.1,126.48,230
2026-09-16T08:31:00.000Z,2026-09-16T11:31:00,126,126.48,126,126.47,484
2026-09-16T08:32:00.000Z,2026-09-16T11:32:00,126.1,126.38,126,126.38,1387
2026-09-16T08:33:00.000Z,2026-09-16T11:33:00,126.38,126.48,126.38,126.48,556
2026-09-16T08:34:00.000Z,2026-09-16T11:34:00,126.48,126.48,126.38,126.38,38
2026-09-16T08:35:00.000Z,2026-09-16T11:35:00,126.48,126.5,126.48,126.5,712
2026-09-16T08:37:00.000Z,2026-09-16T11:37:00,126.5,126.5,126.5,126.5,77
2026-09-16T08:38:00.000Z,2026-09-16T11:38:00,126.49,126.49,126.49,126.49,82
2026-09-16T08:39:00.000Z,2026-09-16T11:39:00,126.38,126.38,126,126,998
2026-09-16T08:40:00.000Z,2026-09-16T11:40:00,126,126.25,126,126.25,1297
2026-09-16T08:41:00.000Z,2026-09-16T11:41:00,126.1,126.1,125.6,126,461
2026-09-16T08:42:00.000Z,2026-09-16T11:42:00,125.99,125.99,125.55,125.55,614
2026-09-16T08:43:00.000Z,2026-09-16T11:43:00,125.57,125.99,125.55,125.6,2155
2026-09-16T08:44:00.000Z,2026-09-16T11:44:00,125.52,125.99,125.1,125.1,5571
2026-09-16T08:45:00.000Z,2026-09-16T11:45:00,125.79,125.79,125.05,125.74,3881
2026-09-16T08:46:00.000Z,2026-09-16T11:46:00,125.69,125.69,125.05,125.05,1473
2026-09-16T08:47:00.000Z,2026-09-16T11:47:00,125.11,125.11,125.1,125.1,455
2026-09-16T08:48:00.000Z,2026-09-16T11:48:00,125.7,125.7,125.1,125.2,608
2026-09-16T08:49:00.000Z,2026-09-16T11:49:00,125.64,125.64,125.6,125.6,663
2026-09-16T08:50:00.000Z,2026-09-16T11:50:00,125.6,125.6,125.1,125.6,2190
2026-09-16T08:51:00.000Z,2026-09-16T11:51:00,125.74,125.74,125.12,125.12,673
2026-09-16T08:52:00.000Z,2026-09-16T11:52:00,125.74,125.74,125.12,125.12,20
2026-09-16T08:53:00.000Z,2026-09-16T11:53:00,125.5,125.7,125.5,125.7,18
2026-09-16T08:54:00.000Z,2026-09-16T11:54:00,125.7,125.7,125.7,125.7,1
2026-09-16T08:55:00.000Z,2026-09-16T11:55:00,125.59,125.59,125.5,125.5,213
2026-09-16T08:56:00.000Z,2026-09-16T11:56:00,125.49,125.59,125.49,125.59,374
2026-09-16T08:57:00.000Z,2026-09-16T11:57:00,125.6,125.6,125.5,125.5,646
2026-09-16T08:58:00.000Z,2026-09-16T11:58:00,125.5,125.5,125.5,125.5,162
2026-09-16T08:59:00.000Z,2026-09-16T11:59:00,125.6,125.6,125.6,125.6,4
2026-09-16T09:00:00.000Z,2026-09-16T12:00:00,125.6,125.6,125.16,125.35,451
2026-09-16T09:01:00.000Z,2026-09-16T12:01:00,125.35,125.73,125.2,125.73,2658
2026-09-16T09:02:00.000Z,2026-09-16T12:02:00,125.73,125.73,125.18,125.73,4178
2026-09-16T09:03:00.000Z,2026-09-16T12:03:00,125.73,125.73,125.18,125.19,454
2026-09-16T09:04:00.000Z,2026-09-16T12:04:00,125.56,125.69,125.19,125.19,39
2026-09-16T09:05:00.000Z,2026-09-16T12:05:00,125.5,125.7,125.5,125.7,360
2026-09-16T09:06:00.000Z,2026-09-16T12:06:00,125.7,125.7,125.7,125.7,247
2026-09-16T09:07:00.000Z,2026-09-16T12:07:00,125.7,125.7,125.16,125.16,1649
2026-09-16T09:08:00.000Z,2026-09-16T12:08:00,125.69,125.69,125.69,125.69,9
2026-09-16T09:09:00.000Z,2026-09-16T12:09:00,125.7,125.7,125.7,125.7,246
2026-09-16T09:10:00.000Z,2026-09-16T12:10:00,125.7,125.7,125.7,125.7,16
2026-09-16T09:11:00.000Z,2026-09-16T12:11:00,125.7,125.7,125.16,125.7,151
2026-09-16T09:12:00.000Z,2026-09-16T12:12:00,125.7,125.95,125.7,125.95,377
2026-09-16T09:13:00.000Z,2026-09-16T12:13:00,125.89,125.89,125.89,125.89,12
2026-09-16T09:14:00.000Z,2026-09-16T12:14:00,125.5,125.89,125.5,125.5,135
2026-09-16T09:15:00.000Z,2026-09-16T12:15:00,125.89,125.89,125.13,125.89,586
2026-09-16T09:16:00.000Z,2026-09-16T12:16:00,125.8,125.8,125.1,125.79,6747
2026-09-16T09:17:00.000Z,2026-09-16T12:17:00,125.1,125.79,125.1,125.2,90
2026-09-16T09:18:00.000Z,2026-09-16T12:18:00,125.2,125.79,125.11,125.11,1723
2026-09-16T09:19:00.000Z,2026-09-16T12:19:00,125.11,125.77,125.11,125.77,302
2026-09-16T09:20:00.000Z,2026-09-16T12:20:00,125.75,125.75,125.11,125.7,785
2026-09-16T09:21:00.000Z,2026-09-16T12:21:00,125.5,125.5,125.11,125.11,853
2026-09-16T09:22:00.000Z,2026-09-16T12:22:00,125.14,125.14,125.14,125.14,115
2026-09-16T09:23:00.000Z,2026-09-16T12:23:00,125.14,125.69,125.14,125.57,4898
2026-09-16T09:24:00.000Z,2026-09-16T12:24:00,125.57,125.6,125.15,125.59,244
2026-09-16T09:25:00.000Z,2026-09-16T12:25:00,125.6,125.6,125.15,125.6,208
2026-09-16T09:26:00.000Z,2026-09-16T12:26:00,125.6,125.6,125.6,125.6,380
2026-09-16T09:27:00.000Z,2026-09-16T12:27:00,125.15,125.6,125.15,125.6,27
2026-09-16T09:28:00.000Z,2026-09-16T12:28:00,125.6,125.6,125.6,125.6,6
2026-09-16T09:29:00.000Z,2026-09-16T12:29:00,125.6,125.6,125.6,125.6,15
2026-09-16T09:30:00.000Z,2026-09-16T12:30:00,125.6,125.6,125.5,125.5,26
2026-09-16T09:31:00.000Z,2026-09-16T12:31:00,125.6,125.6,125.5,125.5,1182
2026-09-16T09:32:00.000Z,2026-09-16T12:32:00,125.6,125.6,125.5,125.5,260
2026-09-16T09:33:00.000Z,2026-09-16T12:33:00,125.6,125.6,125.6,125.6,7
2026-09-16T09:34:00.000Z,2026-09-16T12:34:00,125.5,125.8,125.5,125.79,249
2026-09-16T09:35:00.000Z,2026-09-16T12:35:00,125.5,125.8,125.17,125.8,289
2026-09-16T09:36:00.000Z,2026-09-16T12:36:00,125.79,125.79,125.2,125.2,275
2026-09-16T09:37:00.000Z,2026-09-16T12:37:00,125.2,125.79,125.17,125.79,26
2026-09-16T09:38:00.000Z,2026-09-16T12:38:00,125.2,125.8,125.15,125.8,1127
2026-09-16T09:39:00.000Z,2026-09-16T12:39:00,125.79,125.79,125.11,125.11,624
2026-09-16T09:40:00.000Z,2026-09-16T12:40:00,125.75,125.75,125.75,125.75,64
2026-09-16T09:41:00.000Z,2026-09-16T12:41:00,125.72,125.72,125.71,125.71,101
2026-09-16T09:42:00.000Z,2026-09-16T12:42:00,125.76,125.76,125.11,125.11,163
2026-09-16T09:43:00.000Z,2026-09-16T12:43:00,125.76,125.76,125.1,125.1,422
2026-09-16T09:44:00.000Z,2026-09-16T12:44:00,125.1,125.1,125.1,125.1,50
2026-09-16T09:45:00.000Z,2026-09-16T12:45:00,125.09,125.09,125.07,125.07,3440
2026-09-16T09:46:00.000Z,2026-09-16T12:46:00,125.07,125.1,125.07,125.1,214
2026-09-16T09:47:00.000Z,2026-09-16T12:47:00,125.1,125.69,125.07,125.69,1633
2026-09-16T09:48:00.000Z,2026-09-16T12:48:00,125.69,125.69,125.07,125.64,1552
2026-09-16T09:49:00.000Z,2026-09-16T12:49:00,125.64,125.64,125,125.64,10010
2026-09-16T09:50:00.000Z,2026-09-16T12:50:00,125.64,125.64,125.1,125.64,212
2026-09-16T09:51:00.000Z,2026-09-16T12:51:00,125.1,125.1,125.01,125.01,442
2026-09-16T09:52:00.000Z,2026-09-16T12:52:00,125.64,125.64,125.63,125.63,598
2026-09-16T09:53:00.000Z,2026-09-16T12:53:00,125.5,125.5,125.48,125.48,61
2026-09-16T09:54:00.000Z,2026-09-16T12:54:00,125.3,125.47,125.1,125.2,351
2026-09-16T09:55:00.000Z,2026-09-16T12:55:00,125.2,125.2,125.2,125.2,71
2026-09-16T09:56:00.000Z,2026-09-16T12:56:00,125.2,125.2,125.03,125.2,225
2026-09-16T09:57:00.000Z,2026-09-16T12:57:00,125.2,125.2,125.2,125.2,30
2026-09-16T09:58:00.000Z,2026-09-16T12:58:00,125.1,125.1,125.01,125.01,410
2026-09-16T09:59:00.000Z,2026-09-16T12:59:00,125.01,125.1,125,125,5808
2026-09-16T10:00:00.000Z,2026-09-16T13:00:00,125.01,125.2,125,125.2,5081
2026-09-16T10:01:00.000Z,2026-09-16T13:01:00,125,125,124.52,124.57,7856
2026-09-16T10:02:00.000Z,2026-09-16T13:02:00,124.57,124.57,124.57,124.57,600
2026-09-16T10:03:00.000Z,2026-09-16T13:03:00,124.57,124.57,124.55,124.55,639
2026-09-16T10:04:00.000Z,2026-09-16T13:04:00,124.57,125.19,124.57,125.19,756
2026-09-16T10:05:00.000Z,2026-09-16T13:05:00,124.6,125.16,124.6,125.16,33
2026-09-16T10:06:00.000Z,2026-09-16T13:06:00,125.16,125.16,125.12,125.12,183
2026-09-16T10:07:00.000Z,2026-09-16T13:07:00,125.1,125.12,125,125.09,776
2026-09-16T10:08:00.000Z,2026-09-16T13:08:00,125.09,125.09,125.09,125.09,87
2026-09-16T10:09:00.000Z,2026-09-16T13:09:00,125.09,125.09,124.8,125.09,156
2026-09-16T10:11:00.000Z,2026-09-16T13:11:00,124.8,125.04,124.8,124.8,189
2026-09-16T10:12:00.000Z,2026-09-16T13:12:00,124.96,124.96,124.96,124.96,625
2026-09-16T10:13:00.000Z,2026-09-16T13:13:00,124.96,125,124.9,124.9,300
2026-09-16T10:14:00.000Z,2026-09-16T13:14:00,124.9,124.9,124.8,124.8,34
2026-09-16T10:15:00.000Z,2026-09-16T13:15:00,124.8,124.8,124.8,124.8,370
2026-09-16T10:16:00.000Z,2026-09-16T13:16:00,124.9,124.9,124.8,124.9,71
2026-09-16T10:17:00.000Z,2026-09-16T13:17:00,124.8,124.8,124.8,124.8,107
2026-09-16T10:18:00.000Z,2026-09-16T13:18:00,124.79,124.8,124.6,124.6,2637
2026-09-16T10:19:00.000Z,2026-09-16T13:19:00,124.8,124.96,124.55,124.55,777
2026-09-16T10:20:00.000Z,2026-09-16T13:20:00,124.55,124.78,124.53,124.53,506
2026-09-16T10:21:00.000Z,2026-09-16T13:21:00,124.55,124.95,124.55,124.95,58
2026-09-16T10:22:00.000Z,2026-09-16T13:22:00,124.95,124.95,124.94,124.94,72
2026-09-16T10:23:00.000Z,2026-09-16T13:23:00,124.93,124.93,124.93,124.93,30
2026-09-16T10:24:00.000Z,2026-09-16T13:24:00,124.91,124.91,124.6,124.91,54
2026-09-16T10:26:00.000Z,2026-09-16T13:26:00,124.61,124.9,124.59,124.89,252
2026-09-16T10:27:00.000Z,2026-09-16T13:27:00,124.88,124.88,124.87,124.87,365
2026-09-16T10:28:00.000Z,2026-09-16T13:28:00,124.6,124.75,124.55,124.57,1478
2026-09-16T10:29:00.000Z,2026-09-16T13:29:00,124.85,124.85,124.5,124.55,15072
2026-09-16T10:30:00.000Z,2026-09-16T13:30:00,124.55,124.8,124.5,124.67,720
2026-09-16T10:31:00.000Z,2026-09-16T13:31:00,124.5,124.77,124.5,124.5,1174
2026-09-16T10:32:00.000Z,2026-09-16T13:32:00,124.51,124.68,124.5,124.68,1329
2026-09-16T10:33:00.000Z,2026-09-16T13:33:00,124.68,124.8,124.52,124.52,376
2026-09-16T10:34:00.000Z,2026-09-16T13:34:00,124.7,124.7,124.5,124.5,2510
2026-09-16T10:35:00.000Z,2026-09-16T13:35:00,124.65,124.78,124.55,124.78,555
2026-09-16T10:36:00.000Z,2026-09-16T13:36:00,124.78,124.78,124.51,124.51,220
2026-09-16T10:37:00.000Z,2026-09-16T13:37:00,124.51,124.51,124.5,124.5,1096
2026-09-16T10:38:00.000Z,2026-09-16T13:38:00,124.4,124.76,124.03,124.03,5676
2026-09-16T10:39:00.000Z,2026-09-16T13:39:00,124.03,124.64,124,124,6785
2026-09-16T10:40:00.000Z,2026-09-16T13:40:00,124,124,123.03,123.21,7939
2026-09-16T10:41:00.000Z,2026-09-16T13:41:00,123.21,123.5,123.03,123.4,1130
2026-09-16T10:42:00.000Z,2026-09-16T13:42:00,123.4,123.4,123.21,123.4,1225
2026-09-16T10:43:00.000Z,2026-09-16T13:43:00,123.4,123.4,123.2,123.2,1245
2026-09-16T10:44:00.000Z,2026-09-16T13:44:00,123.1,123.3,123.03,123.2,1203
2026-09-16T10:45:00.000Z,2026-09-16T13:45:00,123.3,123.39,123.3,123.39,573
2026-09-16T10:46:00.000Z,2026-09-16T13:46:00,123.39,123.39,123.23,123.39,538
2026-09-16T10:47:00.000Z,2026-09-16T13:47:00,123.39,123.4,123.39,123.4,781
2026-09-16T10:48:00.000Z,2026-09-16T13:48:00,123.46,123.98,123.46,123.98,649
2026-09-16T10:49:00.000Z,2026-09-16T13:49:00,123.98,123.99,123.54,123.99,572
2026-09-16T10:50:00.000Z,2026-09-16T13:50:00,123.99,123.99,123.99,123.99,190
2026-09-16T10:51:00.000Z,2026-09-16T13:51:00,123.99,124.3,123.99,124.3,599
2026-09-16T10:52:00.000Z,2026-09-16T13:52:00,124.3,124.3,124,124.3,732
2026-09-16T10:53:00.000Z,2026-09-16T13:53:00,124.3,124.3,124,124,1303
2026-09-16T10:54:00.000Z,2026-09-16T13:54:00,124.28,124.28,124.27,124.27,62
2026-09-16T10:55:00.000Z,2026-09-16T13:55:00,124.27,124.27,124.27,124.27,50
2026-09-16T10:56:00.000Z,2026-09-16T13:56:00,124.27,124.27,124.25,124.25,473
2026-09-16T10:57:00.000Z,2026-09-16T13:57:00,124.25,124.25,124,124,1093
2026-09-16T10:58:00.000Z,2026-09-16T13:58:00,124,124,124,124,271
2026-09-16T10:59:00.000Z,2026-09-16T13:59:00,124,124.25,124,124.25,447
2026-09-16T11:00:00.000Z,2026-09-16T14:00:00,124,124.25,124,124,330
2026-09-16T11:01:00.000Z,2026-09-16T14:01:00,124.25,124.25,124.25,124.25,25
2026-09-16T11:02:00.000Z,2026-09-16T14:02:00,124.25,124.26,124,124.26,172
2026-09-16T11:03:00.000Z,2026-09-16T14:03:00,124.26,124.26,124,124,714
2026-09-16T11:04:00.000Z,2026-09-16T14:04:00,124.25,124.25,124.1,124.25,145
2026-09-16T11:05:00.000Z,2026-09-16T14:05:00,124.25,124.25,124,124,1665
2026-09-16T11:06:00.000Z,2026-09-16T14:06:00,124.26,124.28,124.26,124.28,1742
2026-09-16T11:07:00.000Z,2026-09-16T14:07:00,124.28,124.28,124.26,124.26,418
2026-09-16T11:08:00.000Z,2026-09-16T14:08:00,124.26,124.6,124.25,124.6,1385
2026-09-16T11:09:00.000Z,2026-09-16T14:09:00,124.6,124.6,124.01,124.59,946
2026-09-16T11:10:00.000Z,2026-09-16T14:10:00,124.59,124.7,124.59,124.6,306
2026-09-16T11:11:00.000Z,2026-09-16T14:11:00,124.6,124.6,124.15,124.15,71
2026-09-16T11:12:00.000Z,2026-09-16T14:12:00,124.6,124.6,124.6,124.6,104
2026-09-16T11:13:00.000Z,2026-09-16T14:13:00,124.6,124.6,124.2,124.2,170
2026-09-16T11:14:00.000Z,2026-09-16T14:14:00,124.2,124.6,124.2,124.6,646
2026-09-16T11:25:00.000Z,2026-09-16T14:25:00,124.45,124.45,124.45,124.45,13147
2026-09-16T11:26:00.000Z,2026-09-16T14:26:00,124.45,124.45,124.45,124.45,550
2026-09-16T11:27:00.000Z,2026-09-16T14:27:00,124.45,124.45,124.45,124.45,25
2026-09-16T11:28:00.000Z,2026-09-16T14:28:00,124.45,124.45,124.45,124.45,430
2026-09-16T11:29:00.000Z,2026-09-16T14:29:00,124.45,124.45,124.45,124.45,2000
2026-09-17T07:00:00.000Z,2026-09-17T10:00:00,124.5,125,124.5,125,1601
2026-09-17T07:01:00.000Z,2026-09-17T10:01:00,125.38,125.38,125,125.38,522
2026-09-17T07:02:00.000Z,2026-09-17T10:02:00,125.38,125.38,125.35,125.35,438
2026-09-17T07:03:00.000Z,2026-09-17T10:03:00,125.35,125.48,125.35,125.48,302
2026-09-17T07:04:00.000Z,2026-09-17T10:04:00,125.5,126.45,125.48,126,7370
2026-09-17T07:05:00.000Z,2026-09-17T10:05:00,126.45,126.99,126,126.98,2147
2026-09-17T07:06:00.000Z,2026-09-17T10:06:00,126.49,126.9,126.1,126.1,438
2026-09-17T07:07:00.000Z,2026-09-17T10:07:00,126.89,126.89,126.15,126.79,65
2026-09-17T07:08:00.000Z,2026-09-17T10:08:00,126.15,126.69,126.15,126.68,327
2026-09-17T07:09:00.000Z,2026-09-17T10:09:00,126.45,126.6,126.15,126.15,1320
2026-09-17T07:10:00.000Z,2026-09-17T10:10:00,126.15,126.15,126,126.1,3407
2026-09-17T07:11:00.000Z,2026-09-17T10:11:00,126.1,126.25,126.1,126.25,345
2026-09-17T07:12:00.000Z,2026-09-17T10:12:00,126.25,126.3,125.48,125.48,3444
2026-09-17T07:13:00.000Z,2026-09-17T10:13:00,125.48,126,125.48,125.6,155
2026-09-17T07:14:00.000Z,2026-09-17T10:14:00,125.6,126.28,125.6,126.18,596
2026-09-17T07:15:00.000Z,2026-09-17T10:15:00,126.18,126.2,126,126.17,664
2026-09-17T07:16:00.000Z,2026-09-17T10:16:00,126.2,126.2,126.2,126.2,191
2026-09-17T07:17:00.000Z,2026-09-17T10:17:00,126.2,126.3,126.2,126.3,2231
2026-09-17T07:18:00.000Z,2026-09-17T10:18:00,126.49,126.49,126.45,126.45,162
2026-09-17T07:19:00.000Z,2026-09-17T10:19:00,126.3,126.45,126,126.45,263
2026-09-17T07:20:00.000Z,2026-09-17T10:20:00,126,126.4,126,126.4,2442
2026-09-17T07:21:00.000Z,2026-09-17T10:21:00,126.4,126.4,126,126.4,356
2026-09-17T07:22:00.000Z,2026-09-17T10:22:00,126.01,126.45,126,126.45,3074
2026-09-17T07:23:00.000Z,2026-09-17T10:23:00,126,126.44,125,126.42,2574
2026-09-17T07:24:00.000Z,2026-09-17T10:24:00,126.42,126.42,126.38,126.39,106
2026-09-17T07:26:00.000Z,2026-09-17T10:26:00,126.39,126.39,125.55,125.55,11
2026-09-17T07:27:00.000Z,2026-09-17T10:27:00,126.39,126.39,126.39,126.39,137
2026-09-17T07:28:00.000Z,2026-09-17T10:28:00,126.3,126.3,126.3,126.3,45
2026-09-17T07:29:00.000Z,2026-09-17T10:29:00,126.3,126.3,126.3,126.3,40
2026-09-17T07:30:00.000Z,2026-09-17T10:30:00,126,126.3,125.56,126,1476
2026-09-17T07:31:00.000Z,2026-09-17T10:31:00,126,126.3,125.5,126.3,1224
2026-09-17T07:32:00.000Z,2026-09-17T10:32:00,126,126.3,126,126.3,136
2026-09-17T07:33:00.000Z,2026-09-17T10:33:00,126.3,126.3,126,126.3,292
2026-09-17T07:34:00.000Z,2026-09-17T10:34:00,126.3,126.3,126.01,126.29,2175
2026-09-17T07:35:00.000Z,2026-09-17T10:35:00,126.29,126.29,126.25,126.25,616
2026-09-17T07:36:00.000Z,2026-09-17T10:36:00,126.29,126.3,126.29,126.3,617
2026-09-17T07:37:00.000Z,2026-09-17T10:37:00,126.3,126.3,126.01,126.3,428
2026-09-17T07:38:00.000Z,2026-09-17T10:38:00,126.3,126.3,126.01,126.3,87
2026-09-17T07:39:00.000Z,2026-09-17T10:39:00,126.03,126.3,126,126,3042
2026-09-17T07:40:00.000Z,2026-09-17T10:40:00,126.3,126.3,126,126,2814
2026-09-17T07:41:00.000Z,2026-09-17T10:41:00,126,126.3,126,126.3,412
2026-09-17T07:42:00.000Z,2026-09-17T10:42:00,126.3,126.8,126.3,126.6,4055
2026-09-17T07:43:00.000Z,2026-09-17T10:43:00,126.01,126.6,126.01,126.6,1209
2026-09-17T07:44:00.000Z,2026-09-17T10:44:00,126.61,126.8,126.6,126.8,1350
2026-09-17T07:45:00.000Z,2026-09-17T10:45:00,126.89,126.99,126.61,126.99,1809
2026-09-17T07:46:00.000Z,2026-09-17T10:46:00,126.75,126.95,126.6,126.95,1476
2026-09-17T07:47:00.000Z,2026-09-17T10:47:00,126.9,127,126.9,127,4382
2026-09-17T07:48:00.000Z,2026-09-17T10:48:00,127,127.15,126.99,127.15,3059
2026-09-17T07:49:00.000Z,2026-09-17T10:49:00,127.15,127.8,127.15,127.8,9801
2026-09-17T07:50:00.000Z,2026-09-17T10:50:00,127.8,127.95,127.52,127.8,2309
2026-09-17T07:51:00.000Z,2026-09-17T10:51:00,127.55,127.94,127.32,127.9,799
2026-09-17T07:52:00.000Z,2026-09-17T10:52:00,127.89,127.9,127.89,127.89,6332
2026-09-17T07:53:00.000Z,2026-09-17T10:53:00,127.8,127.89,127.55,127.89,1440
2026-09-17T07:54:00.000Z,2026-09-17T10:54:00,127.89,127.95,127.6,127.6,7924
2026-09-17T07:55:00.000Z,2026-09-17T10:55:00,127.9,127.9,127.62,127.62,1664
2026-09-17T07:56:00.000Z,2026-09-17T10:56:00,127.62,127.8,127.53,127.53,5633
2026-09-17T07:57:00.000Z,2026-09-17T10:57:00,127.53,127.53,127.31,127.5,851
2026-09-17T07:58:00.000Z,2026-09-17T10:58:00,127.5,127.69,127.5,127.69,769
2026-09-17T07:59:00.000Z,2026-09-17T10:59:00,127.69,127.69,127,127,13127
2026-09-17T08:00:00.000Z,2026-09-17T11:00:00,127.28,127.69,127.1,127.68,1630
2026-09-17T08:01:00.000Z,2026-09-17T11:01:00,127.1,127.68,126.9,126.9,5266
2026-09-17T08:02:00.000Z,2026-09-17T11:02:00,127.64,127.64,126.9,127,708
2026-09-17T08:03:00.000Z,2026-09-17T11:03:00,126.81,127,126.81,127,378
2026-09-17T08:04:00.000Z,2026-09-17T11:04:00,127,127,126.81,127,383
2026-09-17T08:05:00.000Z,2026-09-17T11:05:00,126.81,127,126,127,4045
2026-09-17T08:06:00.000Z,2026-09-17T11:06:00,126.99,126.99,126.99,126.99,78
2026-09-17T08:07:00.000Z,2026-09-17T11:07:00,126.95,126.95,126.1,126.13,1506
2026-09-17T08:08:00.000Z,2026-09-17T11:08:00,126.9,126.94,126.14,126.94,769
2026-09-17T08:09:00.000Z,2026-09-17T11:09:00,126.9,126.9,126.25,126.25,304
2026-09-17T08:10:00.000Z,2026-09-17T11:10:00,126.25,126.88,126.25,126.88,137
2026-09-17T08:11:00.000Z,2026-09-17T11:11:00,126.88,126.88,126.27,126.87,146
2026-09-17T08:12:00.000Z,2026-09-17T11:12:00,126.5,126.87,126.5,126.87,257
2026-09-17T08:13:00.000Z,2026-09-17T11:13:00,126.86,126.86,126.79,126.79,156
2026-09-17T08:14:00.000Z,2026-09-17T11:14:00,126.79,126.79,126.5,126.5,60
2026-09-17T08:15:00.000Z,2026-09-17T11:15:00,126.77,126.77,126.77,126.77,456
2026-09-17T08:16:00.000Z,2026-09-17T11:16:00,126.74,126.74,126.5,126.5,396
2026-09-17T08:17:00.000Z,2026-09-17T11:17:00,126.5,126.5,126.5,126.5,321
2026-09-17T08:18:00.000Z,2026-09-17T11:18:00,126.5,126.5,126.5,126.5,133
2026-09-17T08:19:00.000Z,2026-09-17T11:19:00,126.49,126.49,126.49,126.49,267
2026-09-17T08:20:00.000Z,2026-09-17T11:20:00,126.49,126.49,126.49,126.49,175
2026-09-17T08:21:00.000Z,2026-09-17T11:21:00,126.49,126.49,126.4,126.49,1381
2026-09-17T08:22:00.000Z,2026-09-17T11:22:00,126.49,126.49,126.26,126.26,632
2026-09-17T08:23:00.000Z,2026-09-17T11:23:00,126.4,126.4,126.25,126.4,219
2026-09-17T08:25:00.000Z,2026-09-17T11:25:00,126.4,126.4,126.25,126.4,98
2026-09-17T08:26:00.000Z,2026-09-17T11:26:00,126.4,126.4,126.4,126.4,5
2026-09-17T08:27:00.000Z,2026-09-17T11:27:00,126.4,126.74,126.28,126.28,1226
2026-09-17T08:28:00.000Z,2026-09-17T11:28:00,126.74,126.8,126.74,126.8,45
2026-09-17T08:29:00.000Z,2026-09-17T11:29:00,126.79,126.8,126.79,126.8,1653
2026-09-17T08:30:00.000Z,2026-09-17T11:30:00,126.5,126.8,126.5,126.8,6362
2026-09-17T08:32:00.000Z,2026-09-17T11:32:00,126.8,126.8,126.8,126.8,5
2026-09-17T08:33:00.000Z,2026-09-17T11:33:00,126.5,126.5,126.5,126.5,100
2026-09-17T08:34:00.000Z,2026-09-17T11:34:00,126.6,126.8,126.6,126.8,270
2026-09-17T08:35:00.000Z,2026-09-17T11:35:00,126.8,126.8,126.75,126.75,106
2026-09-17T08:36:00.000Z,2026-09-17T11:36:00,126.75,126.75,126.75,126.75,124
2026-09-17T08:37:00.000Z,2026-09-17T11:37:00,126.75,126.75,126.75,126.75,14
2026-09-17T08:38:00.000Z,2026-09-17T11:38:00,126.7,126.7,126.7,126.7,16
2026-09-17T08:39:00.000Z,2026-09-17T11:39:00,126.7,126.7,126.7,126.7,456
2026-09-17T08:40:00.000Z,2026-09-17T11:40:00,126.7,126.7,126.7,126.7,24
2026-09-17T08:41:00.000Z,2026-09-17T11:41:00,126.7,126.7,126.7,126.7,76
2026-09-17T08:43:00.000Z,2026-09-17T11:43:00,126.79,126.8,126.75,126.8,363
2026-09-17T08:44:00.000Z,2026-09-17T11:44:00,126.8,126.9,126.79,126.9,428
2026-09-17T08:45:00.000Z,2026-09-17T11:45:00,126.8,126.9,126.8,126.9,58
2026-09-17T08:46:00.000Z,2026-09-17T11:46:00,126.9,127.5,126.9,127.5,1364
2026-09-17T08:47:00.000Z,2026-09-17T11:47:00,127.49,127.49,127.49,127.49,89
2026-09-17T08:48:00.000Z,2026-09-17T11:48:00,127.48,127.48,127.42,127.42,133
2026-09-17T08:49:00.000Z,2026-09-17T11:49:00,127.39,127.39,126.85,127.39,253
2026-09-17T08:50:00.000Z,2026-09-17T11:50:00,127.37,127.37,127.37,127.37,322
2026-09-17T08:51:00.000Z,2026-09-17T11:51:00,127.34,127.34,127.34,127.34,56
2026-09-17T08:52:00.000Z,2026-09-17T11:52:00,127.34,127.34,127.29,127.29,107
2026-09-17T08:53:00.000Z,2026-09-17T11:53:00,127.29,127.29,127.29,127.29,7
2026-09-17T08:54:00.000Z,2026-09-17T11:54:00,127,127.29,126.5,127.29,184
2026-09-17T08:55:00.000Z,2026-09-17T11:55:00,127,127,127,127,100
2026-09-17T08:56:00.000Z,2026-09-17T11:56:00,127.27,127.27,127,127.27,436
2026-09-17T08:57:00.000Z,2026-09-17T11:57:00,127.27,127.27,127,127.27,29
2026-09-17T08:58:00.000Z,2026-09-17T11:58:00,127.27,127.27,127,127,391
2026-09-17T08:59:00.000Z,2026-09-17T11:59:00,127.25,127.25,127.25,127.25,40
2026-09-17T09:00:00.000Z,2026-09-17T12:00:00,127.25,127.25,127,127,130
2026-09-17T09:01:00.000Z,2026-09-17T12:01:00,127.2,127.2,127.2,127.2,51
2026-09-17T09:02:00.000Z,2026-09-17T12:02:00,127.2,127.2,127,127,153
2026-09-17T09:03:00.000Z,2026-09-17T12:03:00,127,127,126.9,126.9,22
2026-09-17T09:04:00.000Z,2026-09-17T12:04:00,127,127.24,127,127.24,573
2026-09-17T09:05:00.000Z,2026-09-17T12:05:00,127.25,127.25,127.25,127.25,11
2026-09-17T09:06:00.000Z,2026-09-17T12:06:00,127.25,127.25,127,127.25,102
2026-09-17T09:07:00.000Z,2026-09-17T12:07:00,127,127.25,127,127.25,48
2026-09-17T09:08:00.000Z,2026-09-17T12:08:00,127.25,127.25,127.01,127.01,38
2026-09-17T09:09:00.000Z,2026-09-17T12:09:00,127.01,127.01,127,127,2314
2026-09-17T09:10:00.000Z,2026-09-17T12:10:00,127,127.24,127,127,800
2026-09-17T09:11:00.000Z,2026-09-17T12:11:00,127,127,127,127,58
2026-09-17T09:12:00.000Z,2026-09-17T12:12:00,126.7,126.7,126.7,126.7,47
2026-09-17T09:13:00.000Z,2026-09-17T12:13:00,127,127,127,127,16
2026-09-17T09:14:00.000Z,2026-09-17T12:14:00,126.99,126.99,126.7,126.7,19
2026-09-17T09:15:00.000Z,2026-09-17T12:15:00,126.99,127,126.99,127,173
2026-09-17T09:16:00.000Z,2026-09-17T12:16:00,126.75,127,126.75,127,153
2026-09-17T09:17:00.000Z,2026-09-17T12:17:00,127,127,126.9,126.9,220
2026-09-17T09:18:00.000Z,2026-09-17T12:18:00,127,127,127,127,8
2026-09-17T09:19:00.000Z,2026-09-17T12:19:00,126.9,126.9,126.9,126.9,500
2026-09-17T09:20:00.000Z,2026-09-17T12:20:00,126.9,126.9,126.9,126.9,144
2026-09-17T09:21:00.000Z,2026-09-17T12:21:00,126.9,126.9,126.9,126.9,240
2026-09-17T09:22:00.000Z,2026-09-17T12:22:00,126.7,126.9,126.7,126.9,361
2026-09-17T09:23:00.000Z,2026-09-17T12:23:00,127,127,126.7,126.7,528
2026-09-17T09:24:00.000Z,2026-09-17T12:24:00,126.99,126.99,126.97,126.97,104
2026-09-17T09:25:00.000Z,2026-09-17T12:25:00,126.97,126.97,126.97,126.97,367
2026-09-17T09:27:00.000Z,2026-09-17T12:27:00,126.96,126.96,126.96,126.96,117
2026-09-17T09:28:00.000Z,2026-09-17T12:28:00,126.97,126.97,126.7,126.7,52
2026-09-17T09:29:00.000Z,2026-09-17T12:29:00,126.7,126.98,126.7,126.98,265
2026-09-17T09:32:00.000Z,2026-09-17T12:32:00,126.95,126.95,126.31,126.31,2482
2026-09-17T09:33:00.000Z,2026-09-17T12:33:00,126.31,126.31,126.31,126.31,725
2026-09-17T09:34:00.000Z,2026-09-17T12:34:00,126.3,126.94,126.3,126.94,90
2026-09-17T09:35:00.000Z,2026-09-17T12:35:00,126.94,126.94,126.55,126.94,45
2026-09-17T09:36:00.000Z,2026-09-17T12:36:00,126.95,126.95,126.95,126.95,51
2026-09-17T09:37:00.000Z,2026-09-17T12:37:00,126.56,126.56,126.56,126.56,4
2026-09-17T09:38:00.000Z,2026-09-17T12:38:00,126.94,126.94,126.94,126.94,42
2026-09-17T09:39:00.000Z,2026-09-17T12:39:00,126.57,126.94,126.56,126.94,694
2026-09-17T09:40:00.000Z,2026-09-17T12:40:00,126.94,126.94,126.57,126.57,323
2026-09-17T09:42:00.000Z,2026-09-17T12:42:00,126.57,126.57,126.55,126.55,56
2026-09-17T09:43:00.000Z,2026-09-17T12:43:00,126.55,126.57,126.55,126.55,1126
2026-09-17T09:44:00.000Z,2026-09-17T12:44:00,126.76,126.76,126.55,126.55,261
2026-09-17T09:45:00.000Z,2026-09-17T12:45:00,126.55,126.92,126.55,126.92,293
2026-09-17T09:46:00.000Z,2026-09-17T12:46:00,126.92,126.92,126.92,126.92,1
2026-09-17T09:47:00.000Z,2026-09-17T12:47:00,126.92,126.92,126.92,126.92,210
2026-09-17T09:48:00.000Z,2026-09-17T12:48:00,126.92,126.92,126.81,126.81,578
2026-09-17T09:49:00.000Z,2026-09-17T12:49:00,126.92,126.93,126.92,126.92,280
2026-09-17T09:50:00.000Z,2026-09-17T12:50:00,126.92,126.97,126.56,126.56,581
2026-09-17T09:51:00.000Z,2026-09-17T12:51:00,126.6,126.98,126.6,126.98,58
2026-09-17T09:52:00.000Z,2026-09-17T12:52:00,126.98,126.98,126.98,126.98,30
2026-09-17T09:53:00.000Z,2026-09-17T12:53:00,126.98,126.98,126.98,126.98,78
2026-09-17T09:54:00.000Z,2026-09-17T12:54:00,126.98,126.98,126.8,126.8,444
2026-09-17T09:55:00.000Z,2026-09-17T12:55:00,126.97,126.97,126.97,126.97,7
2026-09-17T09:56:00.000Z,2026-09-17T12:56:00,126.8,126.8,126.6,126.6,37
2026-09-17T09:57:00.000Z,2026-09-17T12:57:00,126.6,126.6,126.6,126.6,75
2026-09-17T09:58:00.000Z,2026-09-17T12:58:00,126.96,126.96,126.6,126.6,73
2026-09-17T09:59:00.000Z,2026-09-17T12:59:00,126.96,126.97,126.6,126.6,428
2026-09-17T10:00:00.000Z,2026-09-17T13:00:00,126.96,126.96,126.6,126.6,145
2026-09-17T10:01:00.000Z,2026-09-17T13:01:00,126.96,126.96,126.96,126.96,43
2026-09-17T10:02:00.000Z,2026-09-17T13:02:00,126.96,126.96,126.96,126.96,7
2026-09-17T10:03:00.000Z,2026-09-17T13:03:00,126.96,126.96,126.96,126.96,130
2026-09-17T10:04:00.000Z,2026-09-17T13:04:00,126.98,126.98,126.98,126.98,79
2026-09-17T10:05:00.000Z,2026-09-17T13:05:00,126.98,127.07,126.98,127.07,1632
2026-09-17T10:06:00.000Z,2026-09-17T13:06:00,127,127,126.92,127,994
2026-09-17T10:07:00.000Z,2026-09-17T13:07:00,127,127,126.92,127,77
2026-09-17T10:08:00.000Z,2026-09-17T13:08:00,127,127,127,127,15
2026-09-17T10:09:00.000Z,2026-09-17T13:09:00,126.92,127,126.92,127,233
2026-09-17T10:10:00.000Z,2026-09-17T13:10:00,127.07,127.33,127.07,127.33,1303
2026-09-17T10:11:00.000Z,2026-09-17T13:11:00,127.33,127.35,127.33,127.35,280
2026-09-17T10:12:00.000Z,2026-09-17T13:12:00,127.35,127.35,127.34,127.34,135
2026-09-17T10:13:00.000Z,2026-09-17T13:13:00,127.34,127.35,127,127,1573
2026-09-17T10:14:00.000Z,2026-09-17T13:14:00,127.34,127.34,127.34,127.34,18
2026-09-17T10:15:00.000Z,2026-09-17T13:15:00,127.34,127.34,127.34,127.34,109
2026-09-17T10:16:00.000Z,2026-09-17T13:16:00,127.34,127.34,127,127,90
2026-09-17T10:17:00.000Z,2026-09-17T13:17:00,127.34,127.34,126.92,127.34,1043
2026-09-17T10:18:00.000Z,2026-09-17T13:18:00,127.34,127.34,126.6,126.6,539
2026-09-17T10:19:00.000Z,2026-09-17T13:19:00,127.33,127.33,126.6,126.6,61
2026-09-17T10:20:00.000Z,2026-09-17T13:20:00,127.33,127.33,127.3,127.33,443
2026-09-17T10:21:00.000Z,2026-09-17T13:21:00,127.1,127.1,127.1,127.1,6
2026-09-17T10:22:00.000Z,2026-09-17T13:22:00,127.1,127.1,127,127,211
2026-09-17T10:24:00.000Z,2026-09-17T13:24:00,126.99,126.99,126.61,126.9,226
2026-09-17T10:25:00.000Z,2026-09-17T13:25:00,126.9,126.9,126.31,126.5,3607
2026-09-17T10:26:00.000Z,2026-09-17T13:26:00,126.32,126.5,126.3,126.5,1253
2026-09-17T10:27:00.000Z,2026-09-17T13:27:00,126.5,126.99,126.5,126.99,355
2026-09-17T10:28:00.000Z,2026-09-17T13:28:00,126.98,126.98,126.98,126.98,48
2026-09-17T10:29:00.000Z,2026-09-17T13:29:00,126.98,126.98,126.98,126.98,15
2026-09-17T10:30:00.000Z,2026-09-17T13:30:00,126.97,126.97,126.5,126.97,90
2026-09-17T10:31:00.000Z,2026-09-17T13:31:00,126.97,126.98,126.97,126.98,345
2026-09-17T10:32:00.000Z,2026-09-17T13:32:00,126.98,127,126.98,127,583
2026-09-17T10:33:00.000Z,2026-09-17T13:33:00,127,127,127,127,604
2026-09-17T10:34:00.000Z,2026-09-17T13:34:00,127,127.15,126.61,127.15,838
2026-09-17T10:35:00.000Z,2026-09-17T13:35:00,127.15,127.15,127.15,127.15,308
2026-09-17T10:36:00.000Z,2026-09-17T13:36:00,127.15,127.19,126.61,127.19,647
2026-09-17T10:37:00.000Z,2026-09-17T13:37:00,127.19,127.19,127.19,127.19,12
2026-09-17T10:38:00.000Z,2026-09-17T13:38:00,127.19,127.19,126.5,127.18,525
2026-09-17T10:40:00.000Z,2026-09-17T13:40:00,127,127,127,127,55
2026-09-17T10:41:00.000Z,2026-09-17T13:41:00,127,127.15,126.9,126.9,1319
2026-09-17T10:42:00.000Z,2026-09-17T13:42:00,127.14,127.15,126.6,126.6,847
2026-09-17T10:43:00.000Z,2026-09-17T13:43:00,126.59,127.14,126.59,127.14,83
2026-09-17T10:44:00.000Z,2026-09-17T13:44:00,127.1,127.19,127,127,639
2026-09-17T10:45:00.000Z,2026-09-17T13:45:00,127,127,126.6,126.6,127
2026-09-17T10:46:00.000Z,2026-09-17T13:46:00,126.6,127,126.6,127,92
2026-09-17T10:47:00.000Z,2026-09-17T13:47:00,127,127,126.98,126.98,139
2026-09-17T10:48:00.000Z,2026-09-17T13:48:00,126.98,126.98,126.98,126.98,50
2026-09-17T10:49:00.000Z,2026-09-17T13:49:00,126.99,127,126.99,127,524
2026-09-17T10:50:00.000Z,2026-09-17T13:50:00,127,127,126.99,127,733
2026-09-17T10:51:00.000Z,2026-09-17T13:51:00,126.99,127,126.99,127,124
2026-09-17T10:52:00.000Z,2026-09-17T13:52:00,127,127,126.99,126.99,441
2026-09-17T10:53:00.000Z,2026-09-17T13:53:00,126.99,127,126.99,127,170
2026-09-17T10:54:00.000Z,2026-09-17T13:54:00,127,127,126.81,126.81,226
2026-09-17T10:55:00.000Z,2026-09-17T13:55:00,127.1,127.1,127.1,127.1,50
2026-09-17T10:56:00.000Z,2026-09-17T13:56:00,127.17,127.17,127.17,127.17,50
2026-09-17T10:57:00.000Z,2026-09-17T13:57:00,127,127,126.82,126.82,4600
2026-09-17T10:58:00.000Z,2026-09-17T13:58:00,126.99,127,126.8,126.8,3282
2026-09-17T10:59:00.000Z,2026-09-17T13:59:00,126.9,127,126.8,127,4664
2026-09-17T11:00:00.000Z,2026-09-17T14:00:00,126.8,127,126.8,127,401
2026-09-17T11:01:00.000Z,2026-09-17T14:01:00,127,127,126.51,127,995
2026-09-17T11:02:00.000Z,2026-09-17T14:02:00,127,127,126.99,126.99,140
2026-09-17T11:03:00.000Z,2026-09-17T14:03:00,126.99,126.99,126.99,126.99,50
2026-09-17T11:04:00.000Z,2026-09-17T14:04:00,126.99,127,126.96,126.99,1279
2026-09-17T11:05:00.000Z,2026-09-17T14:05:00,127,127,126.99,126.99,1024
2026-09-17T11:06:00.000Z,2026-09-17T14:06:00,126.99,127,126.8,126.8,518
2026-09-17T11:07:00.000Z,2026-09-17T14:07:00,127,127,126.99,126.99,267
2026-09-17T11:08:00.000Z,2026-09-17T14:08:00,126.99,126.99,126.95,126.95,109
2026-09-17T11:09:00.000Z,2026-09-17T14:09:00,126.95,126.95,126.95,126.95,153
2026-09-17T11:10:00.000Z,2026-09-17T14:10:00,126.95,126.95,126.95,126.95,490
2026-09-17T11:11:00.000Z,2026-09-17T14:11:00,126.95,126.95,126.81,126.94,976
2026-09-17T11:12:00.000Z,2026-09-17T14:12:00,126.9,126.9,126.9,126.9,2732
2026-09-17T11:13:00.000Z,2026-09-17T14:13:00,126.9,126.9,126.8,126.8,3698
2026-09-17T11:14:00.000Z,2026-09-17T14:14:00,126.8,126.99,126.73,126.99,1610
2026-09-17T11:25:00.000Z,2026-09-17T14:25:00,127,127,127,127,4752
2026-09-17T11:26:00.000Z,2026-09-17T14:26:00,127,127,127,127,250
2026-09-17T11:27:00.000Z,2026-09-17T14:27:00,127,127,127,127,770
2026-09-17T11:28:00.000Z,2026-09-17T14:28:00,127,127,127,127,1309
2026-09-17T11:29:00.000Z,2026-09-17T14:29:00,127,127,127,127,125
2026-09-20T07:00:00.000Z,2026-09-20T10:00:00,127.97,128.5,127.97,128.5,2853
2026-09-20T07:01:00.000Z,2026-09-20T10:01:00,128.28,128.74,128.18,128.7,1026
2026-09-20T07:02:00.000Z,2026-09-20T10:02:00,128.7,128.7,128,128.7,1122
2026-09-20T07:03:00.000Z,2026-09-20T10:03:00,128.7,128.7,128,128.59,1553
2026-09-20T07:04:00.000Z,2026-09-20T10:04:00,128.59,128.6,128.59,128.6,911
2026-09-20T07:05:00.000Z,2026-09-20T10:05:00,128.59,128.59,128.1,128.59,2340
2026-09-20T07:06:00.000Z,2026-09-20T10:06:00,128.1,128.1,128.1,128.1,22
2026-09-20T07:07:00.000Z,2026-09-20T10:07:00,128.58,128.58,128.5,128.5,196
2026-09-20T07:08:00.000Z,2026-09-20T10:08:00,128.5,128.5,128.1,128.5,252
2026-09-20T07:09:00.000Z,2026-09-20T10:09:00,128.5,128.5,128,128,436
2026-09-20T07:10:00.000Z,2026-09-20T10:10:00,128.49,128.49,128.2,128.4,346
2026-09-20T07:11:00.000Z,2026-09-20T10:11:00,128.4,128.4,128.15,128.4,182
2026-09-20T07:12:00.000Z,2026-09-20T10:12:00,128.15,128.15,128,128,5353
2026-09-20T07:13:00.000Z,2026-09-20T10:13:00,128,128,128,128,94
2026-09-20T07:14:00.000Z,2026-09-20T10:14:00,128,128,128,128,393
2026-09-20T07:15:00.000Z,2026-09-20T10:15:00,128.3,128.35,128.25,128.35,532
2026-09-20T07:16:00.000Z,2026-09-20T10:16:00,128.1,128.1,127.99,127.99,2488
2026-09-20T07:17:00.000Z,2026-09-20T10:17:00,127.99,128,127.99,128,207
2026-09-20T07:18:00.000Z,2026-09-20T10:18:00,128,128,127.99,127.99,339
2026-09-20T07:19:00.000Z,2026-09-20T10:19:00,128,128,127.8,128,266
2026-09-20T07:20:00.000Z,2026-09-20T10:20:00,127.98,128,127.98,128,741
2026-09-20T07:21:00.000Z,2026-09-20T10:21:00,127.98,128,127.98,128,338
2026-09-20T07:22:00.000Z,2026-09-20T10:22:00,128,128.47,127.98,128.47,1876
2026-09-20T07:23:00.000Z,2026-09-20T10:23:00,128.35,128.4,128,128.4,91
2026-09-20T07:24:00.000Z,2026-09-20T10:24:00,128.3,128.3,128.01,128.01,182
2026-09-20T07:25:00.000Z,2026-09-20T10:25:00,128.4,128.4,128,128.4,1988
2026-09-20T07:26:00.000Z,2026-09-20T10:26:00,128.4,128.4,127.98,128.39,472
2026-09-20T07:27:00.000Z,2026-09-20T10:27:00,128.39,128.39,127.98,128,633
2026-09-20T07:28:00.000Z,2026-09-20T10:28:00,128,128.37,127.66,128.37,1048
2026-09-20T07:29:00.000Z,2026-09-20T10:29:00,128,128.37,128,128.37,1096
2026-09-20T07:30:00.000Z,2026-09-20T10:30:00,128,128.37,127.8,128.37,415
2026-09-20T07:31:00.000Z,2026-09-20T10:31:00,128,128.37,128,128.37,25
2026-09-20T07:32:00.000Z,2026-09-20T10:32:00,128.37,128.37,128,128.37,612
2026-09-20T07:33:00.000Z,2026-09-20T10:33:00,128.36,128.37,128,128.36,232
2026-09-20T07:35:00.000Z,2026-09-20T10:35:00,128.35,128.35,128.35,128.35,9
2026-09-20T07:36:00.000Z,2026-09-20T10:36:00,128.35,128.35,128.34,128.35,716
2026-09-20T07:37:00.000Z,2026-09-20T10:37:00,128.35,128.35,128.35,128.35,35
2026-09-20T07:38:00.000Z,2026-09-20T10:38:00,128.35,128.35,128.22,128.22,76
2026-09-20T07:39:00.000Z,2026-09-20T10:39:00,128.22,128.35,128.2,128.3,383
2026-09-20T07:40:00.000Z,2026-09-20T10:40:00,128.3,128.33,128,128,524
2026-09-20T07:41:00.000Z,2026-09-20T10:41:00,128,128.33,128,128.33,277
2026-09-20T07:42:00.000Z,2026-09-20T10:42:00,128.32,128.32,128.32,128.32,36
2026-09-20T07:43:00.000Z,2026-09-20T10:43:00,128.32,128.32,128.02,128.02,119
2026-09-20T07:44:00.000Z,2026-09-20T10:44:00,128.02,128.3,128.02,128.3,113
2026-09-20T07:45:00.000Z,2026-09-20T10:45:00,128.15,128.15,128.15,128.15,2
2026-09-20T07:46:00.000Z,2026-09-20T10:46:00,128.15,128.3,128.11,128.3,196
2026-09-20T07:47:00.000Z,2026-09-20T10:47:00,128.3,128.32,128.3,128.32,1034
2026-09-20T07:48:00.000Z,2026-09-20T10:48:00,128.32,128.32,128.32,128.32,125
2026-09-20T07:49:00.000Z,2026-09-20T10:49:00,128.11,128.32,128.11,128.11,318
2026-09-20T07:50:00.000Z,2026-09-20T10:50:00,128.31,128.35,128.2,128.31,625
2026-09-20T07:51:00.000Z,2026-09-20T10:51:00,128.31,128.31,128.31,128.31,31
2026-09-20T07:52:00.000Z,2026-09-20T10:52:00,128.31,128.31,128.31,128.31,99
2026-09-20T07:53:00.000Z,2026-09-20T10:53:00,128.31,128.4,128.2,128.4,1894
2026-09-20T07:54:00.000Z,2026-09-20T10:54:00,128.4,128.4,128.15,128.35,591
2026-09-20T07:55:00.000Z,2026-09-20T10:55:00,128.35,128.35,128.15,128.35,112
2026-09-20T07:56:00.000Z,2026-09-20T10:56:00,128.35,128.35,128.15,128.35,301
2026-09-20T07:57:00.000Z,2026-09-20T10:57:00,128.15,128.35,128.12,128.35,1221
2026-09-20T07:58:00.000Z,2026-09-20T10:58:00,128.12,128.35,128.12,128.35,101
2026-09-20T07:59:00.000Z,2026-09-20T10:59:00,128.34,128.34,128.12,128.34,1463
2026-09-20T08:00:00.000Z,2026-09-20T11:00:00,128.34,128.34,128.34,128.34,31
2026-09-20T08:01:00.000Z,2026-09-20T11:01:00,128.35,128.35,128.34,128.35,1069
2026-09-20T08:02:00.000Z,2026-09-20T11:02:00,128.34,128.35,128.34,128.34,1015
2026-09-20T08:03:00.000Z,2026-09-20T11:03:00,128.34,128.35,128.34,128.35,187
2026-09-20T08:04:00.000Z,2026-09-20T11:04:00,128.35,128.35,128.13,128.35,121
2026-09-20T08:05:00.000Z,2026-09-20T11:05:00,128.35,128.35,128.13,128.13,539
2026-09-20T08:06:00.000Z,2026-09-20T11:06:00,128.35,128.35,128.13,128.35,39
2026-09-20T08:07:00.000Z,2026-09-20T11:07:00,128.35,128.35,128.1,128.1,5080
2026-09-20T08:08:00.000Z,2026-09-20T11:08:00,128.1,128.1,128.1,128.1,72
2026-09-20T08:09:00.000Z,2026-09-20T11:09:00,128.04,128.1,128.04,128.1,54
2026-09-20T08:10:00.000Z,2026-09-20T11:10:00,128.1,128.1,128.05,128.1,540
2026-09-20T08:11:00.000Z,2026-09-20T11:11:00,128.1,128.1,128.1,128.1,12
2026-09-20T08:12:00.000Z,2026-09-20T11:12:00,128.1,128.1,128,128,5485
2026-09-20T08:13:00.000Z,2026-09-20T11:13:00,128,128,127.8,127.8,1789
2026-09-20T08:15:00.000Z,2026-09-20T11:15:00,128,128,127.9,127.9,51
2026-09-20T08:16:00.000Z,2026-09-20T11:16:00,127.9,127.9,127.9,127.9,141
2026-09-20T08:17:00.000Z,2026-09-20T11:17:00,127.9,127.9,127.8,127.8,170
2026-09-20T08:18:00.000Z,2026-09-20T11:18:00,127.9,127.95,127.9,127.95,573
2026-09-20T08:19:00.000Z,2026-09-20T11:19:00,127.95,127.95,127.8,127.8,735
2026-09-20T08:21:00.000Z,2026-09-20T11:21:00,127.8,127.8,127.8,127.8,1111
2026-09-20T08:22:00.000Z,2026-09-20T11:22:00,127.8,127.8,127.75,127.8,421
2026-09-20T08:23:00.000Z,2026-09-20T11:23:00,127.8,127.9,127.7,127.7,1246
2026-09-20T08:24:00.000Z,2026-09-20T11:24:00,127.9,127.9,127.9,127.9,57
2026-09-20T08:25:00.000Z,2026-09-20T11:25:00,127.89,127.89,127.89,127.89,15
2026-09-20T08:26:00.000Z,2026-09-20T11:26:00,127.89,127.89,127.89,127.89,77
2026-09-20T08:27:00.000Z,2026-09-20T11:27:00,127.89,127.9,127.89,127.9,1273
2026-09-20T08:28:00.000Z,2026-09-20T11:28:00,127.99,128.34,127.99,128,2112
2026-09-20T08:29:00.000Z,2026-09-20T11:29:00,128.34,128.5,128.34,128.5,2520
2026-09-20T08:31:00.000Z,2026-09-20T11:31:00,128.45,128.45,128.4,128.4,1065
2026-09-20T08:32:00.000Z,2026-09-20T11:32:00,128.4,128.4,128.4,128.4,40
2026-09-20T08:33:00.000Z,2026-09-20T11:33:00,128.4,128.4,128.4,128.4,89
2026-09-20T08:34:00.000Z,2026-09-20T11:34:00,128.4,128.4,128.1,128.1,4
2026-09-20T08:35:00.000Z,2026-09-20T11:35:00,128.1,128.45,128.1,128.45,1010
2026-09-20T08:36:00.000Z,2026-09-20T11:36:00,128.45,128.45,128.03,128.03,147
2026-09-20T08:37:00.000Z,2026-09-20T11:37:00,128.03,128.45,128.03,128.45,22
2026-09-20T08:38:00.000Z,2026-09-20T11:38:00,128.45,128.45,128.45,128.45,282
2026-09-20T08:39:00.000Z,2026-09-20T11:39:00,128.45,128.45,128.45,128.45,34
2026-09-20T08:40:00.000Z,2026-09-20T11:40:00,128.45,128.45,128.3,128.3,4
2026-09-20T08:41:00.000Z,2026-09-20T11:41:00,128.3,128.45,128.03,128.25,426
2026-09-20T08:42:00.000Z,2026-09-20T11:42:00,128.25,128.25,128.25,128.25,155
2026-09-20T08:43:00.000Z,2026-09-20T11:43:00,128.45,128.45,128.45,128.45,1
2026-09-20T08:44:00.000Z,2026-09-20T11:44:00,128.44,128.45,128.25,128.25,438
2026-09-20T08:45:00.000Z,2026-09-20T11:45:00,128.25,128.45,128.25,128.45,153
2026-09-20T08:46:00.000Z,2026-09-20T11:46:00,128.25,128.45,128.25,128.45,25
2026-09-20T08:47:00.000Z,2026-09-20T11:47:00,128.4,128.4,128.03,128.03,862
2026-09-20T08:48:00.000Z,2026-09-20T11:48:00,128.45,128.45,128.44,128.44,16
2026-09-20T08:49:00.000Z,2026-09-20T11:49:00,128.03,128.04,128.03,128.04,27
2026-09-20T08:50:00.000Z,2026-09-20T11:50:00,128.43,128.43,128.03,128.03,987
2026-09-20T08:51:00.000Z,2026-09-20T11:51:00,128.04,128.4,128,128.4,10002
2026-09-20T08:52:00.000Z,2026-09-20T11:52:00,128.4,128.4,128,128.4,381
2026-09-20T08:53:00.000Z,2026-09-20T11:53:00,128.25,128.25,127.92,127.92,3215
2026-09-20T08:54:00.000Z,2026-09-20T11:54:00,128,128.37,128,128.37,7167
2026-09-20T08:55:00.000Z,2026-09-20T11:55:00,128,128.3,128,128,600
2026-09-20T08:56:00.000Z,2026-09-20T11:56:00,128.37,128.37,128.37,128.37,85
2026-09-20T08:57:00.000Z,2026-09-20T11:57:00,128,128,128,128,2557
2026-09-20T08:58:00.000Z,2026-09-20T11:58:00,128,128.09,128,128.09,50
2026-09-20T08:59:00.000Z,2026-09-20T11:59:00,128.09,128.1,127.81,127.81,12736
2026-09-20T09:00:00.000Z,2026-09-20T12:00:00,128.36,128.36,128.36,128.36,150
2026-09-20T09:01:00.000Z,2026-09-20T12:01:00,128.26,128.26,128,128,165
2026-09-20T09:02:00.000Z,2026-09-20T12:02:00,128,128,128,128,128
2026-09-20T09:03:00.000Z,2026-09-20T12:03:00,128,128,128,128,173
2026-09-20T09:04:00.000Z,2026-09-20T12:04:00,127.9,128,127.85,128,510
2026-09-20T09:05:00.000Z,2026-09-20T12:05:00,128,128,128,128,84
2026-09-20T09:06:00.000Z,2026-09-20T12:06:00,127.9,128,127.9,128,66
2026-09-20T09:07:00.000Z,2026-09-20T12:07:00,128,128,128,128,39
2026-09-20T09:08:00.000Z,2026-09-20T12:08:00,128,128,127.91,128,1041
2026-09-20T09:09:00.000Z,2026-09-20T12:09:00,127.91,128,127.91,127.91,602
2026-09-20T09:10:00.000Z,2026-09-20T12:10:00,127.99,127.99,127.99,127.99,239
2026-09-20T09:11:00.000Z,2026-09-20T12:11:00,127.99,127.99,127.91,127.99,203
2026-09-20T09:12:00.000Z,2026-09-20T12:12:00,128,128,128,128,861
2026-09-20T09:13:00.000Z,2026-09-20T12:13:00,127.92,128,127.92,128,1160
2026-09-20T09:14:00.000Z,2026-09-20T12:14:00,128,128,128,128,15
2026-09-20T09:15:00.000Z,2026-09-20T12:15:00,128,128,127.99,127.99,274
2026-09-20T09:16:00.000Z,2026-09-20T12:16:00,127.99,127.99,127.92,127.92,260
2026-09-20T09:17:00.000Z,2026-09-20T12:17:00,127.99,127.99,127.93,127.93,298
2026-09-20T09:18:00.000Z,2026-09-20T12:18:00,128,128,127.92,128,1073
2026-09-20T09:19:00.000Z,2026-09-20T12:19:00,128,128,128,128,193
2026-09-20T09:20:00.000Z,2026-09-20T12:20:00,128,128,128,128,128
2026-09-20T09:21:00.000Z,2026-09-20T12:21:00,127.92,128,127.92,128,54
2026-09-20T09:22:00.000Z,2026-09-20T12:22:00,128,128,127.92,128,1013
2026-09-20T09:23:00.000Z,2026-09-20T12:23:00,127.92,127.99,127.92,127.98,1610
2026-09-20T09:24:00.000Z,2026-09-20T12:24:00,127.98,127.98,127.98,127.98,15
2026-09-20T09:25:00.000Z,2026-09-20T12:25:00,127.92,127.98,127.92,127.92,482
2026-09-20T09:26:00.000Z,2026-09-20T12:26:00,127.92,127.98,127.92,127.98,187
2026-09-20T09:27:00.000Z,2026-09-20T12:27:00,127.98,127.98,127.92,127.98,351
2026-09-20T09:28:00.000Z,2026-09-20T12:28:00,127.98,127.98,127.98,127.98,46
2026-09-20T09:29:00.000Z,2026-09-20T12:29:00,127.92,127.98,127.8,127.97,1427
2026-09-20T09:30:00.000Z,2026-09-20T12:30:00,127.95,127.95,127.8,127.8,484
2026-09-20T09:31:00.000Z,2026-09-20T12:31:00,127.95,127.95,127.95,127.95,78
2026-09-20T09:32:00.000Z,2026-09-20T12:32:00,127.95,127.95,127.8,127.95,254
2026-09-20T09:33:00.000Z,2026-09-20T12:33:00,127.95,127.99,127.8,127.99,357
2026-09-20T09:34:00.000Z,2026-09-20T12:34:00,127.9,127.9,127.9,127.9,3
2026-09-20T09:36:00.000Z,2026-09-20T12:36:00,127.9,127.9,127.8,127.8,562
2026-09-20T09:37:00.000Z,2026-09-20T12:37:00,127.9,127.9,127.8,127.8,389
2026-09-20T09:38:00.000Z,2026-09-20T12:38:00,127.8,127.8,127.8,127.8,65
2026-09-20T09:39:00.000Z,2026-09-20T12:39:00,127.75,127.75,127.72,127.72,400
2026-09-20T09:40:00.000Z,2026-09-20T12:40:00,127.8,127.8,127.7,127.8,3080
2026-09-20T09:41:00.000Z,2026-09-20T12:41:00,127.67,127.8,127.67,127.8,41
2026-09-20T09:42:00.000Z,2026-09-20T12:42:00,127.8,127.9,127.64,127.9,377
2026-09-20T09:43:00.000Z,2026-09-20T12:43:00,127.9,127.98,127.9,127.98,448
2026-09-20T09:44:00.000Z,2026-09-20T12:44:00,127.64,127.98,127.64,127.98,16
2026-09-20T09:45:00.000Z,2026-09-20T12:45:00,127.98,127.98,127.64,127.64,138
2026-09-20T09:46:00.000Z,2026-09-20T12:46:00,127.97,127.97,127.65,127.97,23
2026-09-20T09:47:00.000Z,2026-09-20T12:47:00,127.97,127.97,127.97,127.97,19
2026-09-20T09:48:00.000Z,2026-09-20T12:48:00,127.95,127.95,127.95,127.95,14
2026-09-20T09:49:00.000Z,2026-09-20T12:49:00,127.95,127.95,127.95,127.95,9
2026-09-20T09:50:00.000Z,2026-09-20T12:50:00,127.7,127.7,127.65,127.65,401
2026-09-20T09:51:00.000Z,2026-09-20T12:51:00,127.94,127.94,127.65,127.65,316
2026-09-20T09:52:00.000Z,2026-09-20T12:52:00,127.94,127.94,127.94,127.94,14
2026-09-20T09:53:00.000Z,2026-09-20T12:53:00,127.94,127.94,127.94,127.94,15
2026-09-20T09:54:00.000Z,2026-09-20T12:54:00,127.94,127.94,127.7,127.7,134
2026-09-20T09:55:00.000Z,2026-09-20T12:55:00,127.7,127.93,127.7,127.7,227
2026-09-20T09:56:00.000Z,2026-09-20T12:56:00,127.7,127.93,127.7,127.7,86
2026-09-20T09:57:00.000Z,2026-09-20T12:57:00,127.9,127.9,127.8,127.8,999
2026-09-20T09:58:00.000Z,2026-09-20T12:58:00,127.8,127.8,127.65,127.65,295
2026-09-20T09:59:00.000Z,2026-09-20T12:59:00,127.65,127.9,127.65,127.65,542
2026-09-20T10:00:00.000Z,2026-09-20T13:00:00,127.65,127.9,127.65,127.9,28
2026-09-20T10:01:00.000Z,2026-09-20T13:01:00,127.9,127.9,127.65,127.65,72
2026-09-20T10:02:00.000Z,2026-09-20T13:02:00,127.9,127.93,127.51,127.51,2574
2026-09-20T10:03:00.000Z,2026-09-20T13:03:00,127.92,127.92,127.92,127.92,10
2026-09-20T10:04:00.000Z,2026-09-20T13:04:00,127.51,127.9,127.51,127.9,118
2026-09-20T10:05:00.000Z,2026-09-20T13:05:00,127.9,127.9,127.9,127.9,35
2026-09-20T10:07:00.000Z,2026-09-20T13:07:00,127.9,127.9,127.52,127.9,279
2026-09-20T10:08:00.000Z,2026-09-20T13:08:00,127.9,127.9,127.9,127.9,102
2026-09-20T10:09:00.000Z,2026-09-20T13:09:00,127.9,127.9,127.52,127.52,156
2026-09-20T10:10:00.000Z,2026-09-20T13:10:00,127.9,127.9,127.9,127.9,38
2026-09-20T10:11:00.000Z,2026-09-20T13:11:00,127.9,127.9,127.52,127.52,272
2026-09-20T10:12:00.000Z,2026-09-20T13:12:00,127.52,127.9,127.52,127.9,19
2026-09-20T10:13:00.000Z,2026-09-20T13:13:00,127.89,127.9,127.89,127.9,74
2026-09-20T10:14:00.000Z,2026-09-20T13:14:00,127.9,127.9,127.52,127.52,58
2026-09-20T10:15:00.000Z,2026-09-20T13:15:00,127.52,127.9,127.52,127.9,152
2026-09-20T10:16:00.000Z,2026-09-20T13:16:00,127.9,127.9,127.51,127.51,580
2026-09-20T10:17:00.000Z,2026-09-20T13:17:00,127.9,127.9,127.89,127.89,67
2026-09-20T10:18:00.000Z,2026-09-20T13:18:00,127.51,127.51,127.51,127.51,49
2026-09-20T10:19:00.000Z,2026-09-20T13:19:00,127.51,127.89,127.51,127.89,56
2026-09-20T10:20:00.000Z,2026-09-20T13:20:00,127.8,127.89,127.8,127.89,774
2026-09-20T10:21:00.000Z,2026-09-20T13:21:00,127.89,127.89,127.89,127.89,64
2026-09-20T10:22:00.000Z,2026-09-20T13:22:00,127.54,127.54,127.54,127.54,5
2026-09-20T10:23:00.000Z,2026-09-20T13:23:00,127.54,127.89,127.54,127.89,560
2026-09-20T10:24:00.000Z,2026-09-20T13:24:00,127.89,127.9,127.89,127.9,1116
2026-09-20T10:25:00.000Z,2026-09-20T13:25:00,127.89,127.9,127.89,127.9,1730
2026-09-20T10:26:00.000Z,2026-09-20T13:26:00,127.92,127.92,127.92,127.92,16
2026-09-20T10:27:00.000Z,2026-09-20T13:27:00,127.92,127.93,127.9,127.9,714
2026-09-20T10:28:00.000Z,2026-09-20T13:28:00,127.9,127.94,127.9,127.9,1609
2026-09-20T10:30:00.000Z,2026-09-20T13:30:00,127.89,127.89,127.89,127.89,369
2026-09-20T10:31:00.000Z,2026-09-20T13:31:00,127.89,127.89,127.7,127.7,61
2026-09-20T10:32:00.000Z,2026-09-20T13:32:00,127.89,127.9,127.89,127.9,1118
2026-09-20T10:33:00.000Z,2026-09-20T13:33:00,127.9,127.9,127.7,127.7,274
2026-09-20T10:34:00.000Z,2026-09-20T13:34:00,127.7,127.89,127.7,127.89,341
2026-09-20T10:35:00.000Z,2026-09-20T13:35:00,127.8,127.8,127.8,127.8,56
2026-09-20T10:36:00.000Z,2026-09-20T13:36:00,127.7,127.7,127.7,127.7,45
2026-09-20T10:37:00.000Z,2026-09-20T13:37:00,127.8,128,127.8,128,1583
2026-09-20T10:38:00.000Z,2026-09-20T13:38:00,128,128,128,128,11
2026-09-20T10:39:00.000Z,2026-09-20T13:39:00,128,128,127.8,128,234
2026-09-20T10:40:00.000Z,2026-09-20T13:40:00,128,128,128,128,463
2026-09-20T10:41:00.000Z,2026-09-20T13:41:00,127.98,127.98,127.98,127.98,540
2026-09-20T10:42:00.000Z,2026-09-20T13:42:00,127.98,128,127.98,128,317
2026-09-20T10:43:00.000Z,2026-09-20T13:43:00,127.8,128,127.8,127.8,478
2026-09-20T10:44:00.000Z,2026-09-20T13:44:00,127.8,128,127.8,128,276
2026-09-20T10:45:00.000Z,2026-09-20T13:45:00,127.82,127.82,127.7,127.7,77
2026-09-20T10:46:00.000Z,2026-09-20T13:46:00,127.98,127.98,127.98,127.98,4
2026-09-20T10:47:00.000Z,2026-09-20T13:47:00,127.98,127.98,127.8,127.8,401
2026-09-20T10:48:00.000Z,2026-09-20T13:48:00,127.98,127.98,127.98,127.98,363
2026-09-20T10:49:00.000Z,2026-09-20T13:49:00,127.9,127.9,127.9,127.9,104
2026-09-20T10:50:00.000Z,2026-09-20T13:50:00,127.9,127.9,127.9,127.9,42
2026-09-20T10:51:00.000Z,2026-09-20T13:51:00,127.9,127.9,127.6,127.9,3306
2026-09-20T10:52:00.000Z,2026-09-20T13:52:00,127.9,127.9,127.9,127.9,65
2026-09-20T10:53:00.000Z,2026-09-20T13:53:00,127.9,127.9,127.89,127.9,204
2026-09-20T10:54:00.000Z,2026-09-20T13:54:00,127.89,127.9,127.89,127.9,896
2026-09-20T10:55:00.000Z,2026-09-20T13:55:00,127.89,127.9,127.89,127.9,96
2026-09-20T10:56:00.000Z,2026-09-20T13:56:00,127.9,127.9,127.7,127.7,711
2026-09-20T10:57:00.000Z,2026-09-20T13:57:00,127.7,127.7,127.7,127.7,231
2026-09-20T10:58:00.000Z,2026-09-20T13:58:00,127.6,127.89,127.6,127.89,86
2026-09-20T10:59:00.000Z,2026-09-20T13:59:00,127.6,127.6,127.6,127.6,87
2026-09-20T11:00:00.000Z,2026-09-20T14:00:00,127.6,127.9,127.51,127.51,1051
2026-09-20T11:01:00.000Z,2026-09-20T14:01:00,127.9,127.9,127.51,127.89,456
2026-09-20T11:02:00.000Z,2026-09-20T14:02:00,127.8,127.89,127.51,127.89,760
2026-09-20T11:03:00.000Z,2026-09-20T14:03:00,127.6,127.89,127.6,127.6,209
2026-09-20T11:04:00.000Z,2026-09-20T14:04:00,127.89,127.98,127.51,127.51,2177
2026-09-20T11:05:00.000Z,2026-09-20T14:05:00,127.51,127.51,127.51,127.51,100
2026-09-20T11:06:00.000Z,2026-09-20T14:06:00,127.98,127.98,127.52,127.52,118
2026-09-20T11:07:00.000Z,2026-09-20T14:07:00,127.53,127.53,127.52,127.52,348
2026-09-20T11:08:00.000Z,2026-09-20T14:08:00,127.98,127.98,127.98,127.98,193
2026-09-20T11:09:00.000Z,2026-09-20T14:09:00,127.98,127.98,127.6,127.98,94
2026-09-20T11:10:00.000Z,2026-09-20T14:10:00,127.98,127.98,127.98,127.98,112
2026-09-20T11:11:00.000Z,2026-09-20T14:11:00,127.98,127.98,127.53,127.53,1472
2026-09-20T11:12:00.000Z,2026-09-20T14:12:00,127.52,127.98,127.52,127.98,88
2026-09-20T11:13:00.000Z,2026-09-20T14:13:00,127.98,127.98,127.52,127.83,3239
2026-09-20T11:14:00.000Z,2026-09-20T14:14:00,127.98,127.98,127.51,127.98,703
2026-09-20T11:25:00.000Z,2026-09-20T14:25:00,127.5,127.5,127.5,127.5,4000
2026-09-20T11:28:00.000Z,2026-09-20T14:28:00,127.5,127.5,127.5,127.5,1
2026-09-20T11:29:00.000Z,2026-09-20T14:29:00,127.5,127.5,127.5,127.5,79
2026-09-21T07:00:00.000Z,2026-09-21T10:00:00,127,127.5,127,127.04,11048
2026-09-21T07:01:00.000Z,2026-09-21T10:01:00,127.04,127.04,127,127.04,1063
2026-09-21T07:02:00.000Z,2026-09-21T10:02:00,127.04,127.5,127,127.4,4235
2026-09-21T07:03:00.000Z,2026-09-21T10:03:00,127.3,127.3,127.3,127.3,567
2026-09-21T07:04:00.000Z,2026-09-21T10:04:00,127.3,127.48,127.3,127.48,221
2026-09-21T07:05:00.000Z,2026-09-21T10:05:00,127.48,127.48,127.3,127.48,132
2026-09-21T07:06:00.000Z,2026-09-21T10:06:00,127.48,127.52,127.3,127.52,2002
2026-09-21T07:07:00.000Z,2026-09-21T10:07:00,127.52,127.52,127.52,127.52,2
2026-09-21T07:08:00.000Z,2026-09-21T10:08:00,127.49,127.49,127.31,127.31,83
2026-09-21T07:09:00.000Z,2026-09-21T10:09:00,127.31,127.31,127.3,127.3,597
2026-09-21T07:10:00.000Z,2026-09-21T10:10:00,127.1,127.3,127.01,127.3,450
2026-09-21T07:11:00.000Z,2026-09-21T10:11:00,127.03,127.3,127.02,127.03,2235
2026-09-21T07:12:00.000Z,2026-09-21T10:12:00,127.3,127.3,127,127.02,1409
2026-09-21T07:13:00.000Z,2026-09-21T10:13:00,127.28,127.28,127.25,127.27,18
2026-09-21T07:14:00.000Z,2026-09-21T10:14:00,127.02,127.24,126.75,126.82,3869
2026-09-21T07:15:00.000Z,2026-09-21T10:15:00,126.81,126.81,126.8,126.8,319
2026-09-21T07:16:00.000Z,2026-09-21T10:16:00,126.75,126.82,126.51,126.51,423
2026-09-21T07:17:00.000Z,2026-09-21T10:17:00,126.59,126.59,126.1,126.51,3293
2026-09-21T07:18:00.000Z,2026-09-21T10:18:00,126.49,126.82,126.1,126.82,2107
2026-09-21T07:19:00.000Z,2026-09-21T10:19:00,126.82,126.96,126.82,126.96,402
2026-09-21T07:20:00.000Z,2026-09-21T10:20:00,126.61,126.96,126.6,126.96,639
2026-09-21T07:21:00.000Z,2026-09-21T10:21:00,126.96,126.96,126.6,126.6,950
2026-09-21T07:22:00.000Z,2026-09-21T10:22:00,126.96,126.96,126.6,126.95,200
2026-09-21T07:23:00.000Z,2026-09-21T10:23:00,126.94,126.94,126.6,126.93,947
2026-09-21T07:24:00.000Z,2026-09-21T10:24:00,126.61,126.61,126.61,126.61,3
2026-09-21T07:25:00.000Z,2026-09-21T10:25:00,126.9,126.9,126.6,126.6,409
2026-09-21T07:26:00.000Z,2026-09-21T10:26:00,126.6,126.9,126.6,126.6,408
2026-09-21T07:27:00.000Z,2026-09-21T10:27:00,126.61,126.9,126.61,126.9,355
2026-09-21T07:28:00.000Z,2026-09-21T10:28:00,126.61,126.9,126.6,126.9,85
2026-09-21T07:29:00.000Z,2026-09-21T10:29:00,126.8,126.89,126.61,126.89,2150
2026-09-21T07:30:00.000Z,2026-09-21T10:30:00,126.89,126.89,126.61,126.63,134
2026-09-21T07:31:00.000Z,2026-09-21T10:31:00,126.89,126.89,126.62,126.89,811
2026-09-21T07:32:00.000Z,2026-09-21T10:32:00,126.8,127,126.75,127,6719
2026-09-21T07:33:00.000Z,2026-09-21T10:33:00,127,127.3,127,127.3,1066
2026-09-21T07:34:00.000Z,2026-09-21T10:34:00,127.28,127.89,127.28,127.88,4054
2026-09-21T07:35:00.000Z,2026-09-21T10:35:00,127.88,127.9,127.3,127.9,877
2026-09-21T07:36:00.000Z,2026-09-21T10:36:00,127.3,127.84,127.3,127.3,215
2026-09-21T07:37:00.000Z,2026-09-21T10:37:00,127.3,127.89,127.3,127.89,122
2026-09-21T07:38:00.000Z,2026-09-21T10:38:00,127.89,127.89,127.4,127.89,6
2026-09-21T07:39:00.000Z,2026-09-21T10:39:00,127.4,127.87,127.28,127.28,619
2026-09-21T07:40:00.000Z,2026-09-21T10:40:00,127.28,127.5,127.28,127.29,1256
2026-09-21T07:41:00.000Z,2026-09-21T10:41:00,127.29,127.8,127,127.5,2419
2026-09-21T07:42:00.000Z,2026-09-21T10:42:00,127.5,127.5,127.06,127.06,61
2026-09-21T07:43:00.000Z,2026-09-21T10:43:00,127.5,127.5,127.06,127.49,256
2026-09-21T07:44:00.000Z,2026-09-21T10:44:00,127.4,127.4,127.4,127.4,35
2026-09-21T07:45:00.000Z,2026-09-21T10:45:00,127.4,127.4,127.4,127.4,62
2026-09-21T07:46:00.000Z,2026-09-21T10:46:00,127.39,127.39,127.39,127.39,18
2026-09-21T07:47:00.000Z,2026-09-21T10:47:00,127.1,127.1,127.08,127.08,2128
2026-09-21T07:48:00.000Z,2026-09-21T10:48:00,127.08,127.08,127.08,127.08,40
2026-09-21T07:49:00.000Z,2026-09-21T10:49:00,127.39,127.39,127.11,127.11,55
2026-09-21T07:50:00.000Z,2026-09-21T10:50:00,127.15,127.15,127.15,127.15,16
2026-09-21T07:51:00.000Z,2026-09-21T10:51:00,127.16,127.38,127.16,127.28,438
2026-09-21T07:52:00.000Z,2026-09-21T10:52:00,127.3,127.3,127.3,127.3,1803
2026-09-21T07:53:00.000Z,2026-09-21T10:53:00,127.3,127.38,127.3,127.38,465
2026-09-21T07:54:00.000Z,2026-09-21T10:54:00,127.3,127.36,127.17,127.36,170
2026-09-21T07:55:00.000Z,2026-09-21T10:55:00,127.36,127.36,127.36,127.36,10
2026-09-21T07:56:00.000Z,2026-09-21T10:56:00,127.36,127.36,127.36,127.36,11
2026-09-21T07:57:00.000Z,2026-09-21T10:57:00,127.35,127.35,127.01,127.34,1026
2026-09-21T07:58:00.000Z,2026-09-21T10:58:00,127.32,127.32,126.8,126.8,2581
2026-09-21T07:59:00.000Z,2026-09-21T10:59:00,126.8,127,126.6,126.6,831
2026-09-21T08:00:00.000Z,2026-09-21T11:00:00,126.99,126.99,126.94,126.94,195
2026-09-21T08:01:00.000Z,2026-09-21T11:01:00,126.92,126.92,126.92,126.92,30
2026-09-21T08:02:00.000Z,2026-09-21T11:02:00,126.92,126.92,126.92,126.92,30
2026-09-21T08:03:00.000Z,2026-09-21T11:03:00,126.9,126.9,126.9,126.9,47
2026-09-21T08:04:00.000Z,2026-09-21T11:04:00,126.7,126.89,126.65,126.65,247
2026-09-21T08:05:00.000Z,2026-09-21T11:05:00,126.65,126.88,126.65,126.87,1082
2026-09-21T08:06:00.000Z,2026-09-21T11:06:00,126.87,126.87,126.6,126.6,302
2026-09-21T08:07:00.000Z,2026-09-21T11:07:00,126.6,126.79,126.6,126.79,2558
2026-09-21T08:08:00.000Z,2026-09-21T11:08:00,126.55,126.79,126.55,126.79,166
2026-09-21T08:09:00.000Z,2026-09-21T11:09:00,126.79,126.79,126.55,126.55,70
2026-09-21T08:10:00.000Z,2026-09-21T11:10:00,126.55,126.79,126.55,126.79,154
2026-09-21T08:11:00.000Z,2026-09-21T11:11:00,126.7,126.7,126.7,126.7,1
2026-09-21T08:12:00.000Z,2026-09-21T11:12:00,126.6,126.69,126.15,126.69,4280
2026-09-21T08:13:00.000Z,2026-09-21T11:13:00,126.69,126.69,126.69,126.69,192
2026-09-21T08:14:00.000Z,2026-09-21T11:14:00,126.69,126.69,126.5,126.6,2027
2026-09-21T08:15:00.000Z,2026-09-21T11:15:00,126.65,126.65,126.65,126.65,30
2026-09-21T08:16:00.000Z,2026-09-21T11:16:00,126.64,126.64,126.49,126.49,649
2026-09-21T08:17:00.000Z,2026-09-21T11:17:00,126.49,126.5,126.16,126.49,1425
2026-09-21T08:18:00.000Z,2026-09-21T11:18:00,126.16,126.49,126.15,126.15,954
2026-09-21T08:19:00.000Z,2026-09-21T11:19:00,126.15,126.15,126.11,126.11,2468
2026-09-21T08:20:00.000Z,2026-09-21T11:20:00,126.15,126.15,126.11,126.15,541
2026-09-21T08:21:00.000Z,2026-09-21T11:21:00,126.15,126.15,126.1,126.1,520
2026-09-21T08:22:00.000Z,2026-09-21T11:22:00,126.15,126.15,126.11,126.11,676
2026-09-21T08:23:00.000Z,2026-09-21T11:23:00,126.19,126.19,126.1,126.1,4257
2026-09-21T08:24:00.000Z,2026-09-21T11:24:00,126.19,126.19,126.1,126.19,59
2026-09-21T08:25:00.000Z,2026-09-21T11:25:00,126.18,126.18,126.18,126.18,8
2026-09-21T08:26:00.000Z,2026-09-21T11:26:00,126.1,126.19,126.1,126.19,341
2026-09-21T08:27:00.000Z,2026-09-21T11:27:00,126.18,126.19,126.18,126.18,114
2026-09-21T08:28:00.000Z,2026-09-21T11:28:00,126.18,126.18,126.18,126.18,33
2026-09-21T08:29:00.000Z,2026-09-21T11:29:00,126.18,126.18,126.1,126.1,463
2026-09-21T08:30:00.000Z,2026-09-21T11:30:00,126.1,126.1,126.1,126.1,9747
2026-09-21T08:31:00.000Z,2026-09-21T11:31:00,126.04,126.49,126,126.48,3092
2026-09-21T08:32:00.000Z,2026-09-21T11:32:00,126,126.48,126,126.47,3656
2026-09-21T08:33:00.000Z,2026-09-21T11:33:00,126.1,126.46,126.1,126.19,2745
2026-09-21T08:34:00.000Z,2026-09-21T11:34:00,126.19,126.19,126,126,334
2026-09-21T08:35:00.000Z,2026-09-21T11:35:00,126.1,126.19,126,126.19,5304
2026-09-21T08:36:00.000Z,2026-09-21T11:36:00,126.1,126.1,126.1,126.1,22
2026-09-21T08:37:00.000Z,2026-09-21T11:37:00,126.1,126.1,125.9,125.99,1039
2026-09-21T08:38:00.000Z,2026-09-21T11:38:00,125.81,125.85,125.81,125.85,300
2026-09-21T08:39:00.000Z,2026-09-21T11:39:00,125.99,125.99,125.33,125.5,2837
2026-09-21T08:40:00.000Z,2026-09-21T11:40:00,125.48,125.48,125.48,125.48,20
2026-09-21T08:41:00.000Z,2026-09-21T11:41:00,125.48,125.48,125.1,125.32,1036
2026-09-21T08:42:00.000Z,2026-09-21T11:42:00,125.32,125.32,125,125.31,6268
2026-09-21T08:43:00.000Z,2026-09-21T11:43:00,125,125,124.5,124.5,6652
2026-09-21T08:44:00.000Z,2026-09-21T11:44:00,124.5,124.96,124,124,6323
2026-09-21T08:45:00.000Z,2026-09-21T11:45:00,124,124.01,124,124.01,5431
2026-09-21T08:46:00.000Z,2026-09-21T11:46:00,124.15,124.15,123.98,124,1861
2026-09-21T08:47:00.000Z,2026-09-21T11:47:00,123.9,124,123.5,123.5,2046
2026-09-21T08:48:00.000Z,2026-09-21T11:48:00,124,124,123.01,124,4445
2026-09-21T08:49:00.000Z,2026-09-21T11:49:00,123.8,124.5,123.09,124,2099
2026-09-21T08:50:00.000Z,2026-09-21T11:50:00,124.1,124.5,124,124.5,1360
2026-09-21T08:51:00.000Z,2026-09-21T11:51:00,124.5,124.5,124.03,124.49,523
2026-09-21T08:52:00.000Z,2026-09-21T11:52:00,124.49,125,124.03,124.51,6483
2026-09-21T08:53:00.000Z,2026-09-21T11:53:00,124.51,125,124.5,124.5,5909
2026-09-21T08:54:00.000Z,2026-09-21T11:54:00,124.98,125,124.5,124.96,2578
2026-09-21T08:55:00.000Z,2026-09-21T11:55:00,124.96,124.96,124.55,124.96,64
2026-09-21T08:56:00.000Z,2026-09-21T11:56:00,124.96,124.99,124.55,124.99,397
2026-09-21T08:57:00.000Z,2026-09-21T11:57:00,124.96,125,124.7,125,5156
2026-09-21T08:58:00.000Z,2026-09-21T11:58:00,125,125,124.9,125,497
2026-09-21T08:59:00.000Z,2026-09-21T11:59:00,125.5,125.5,125.49,125.49,13
2026-09-21T09:00:00.000Z,2026-09-21T12:00:00,125,125.49,125,125,682
2026-09-21T09:01:00.000Z,2026-09-21T12:01:00,125,125.49,125,125.1,3387
2026-09-21T09:02:00.000Z,2026-09-21T12:02:00,125,125,125,125,648
2026-09-21T09:03:00.000Z,2026-09-21T12:03:00,125.1,125.75,124.03,125.75,2839
2026-09-21T09:04:00.000Z,2026-09-21T12:04:00,125.7,125.75,125,125.75,196
2026-09-21T09:05:00.000Z,2026-09-21T12:05:00,125.75,125.75,125,125.75,169
2026-09-21T09:06:00.000Z,2026-09-21T12:06:00,125.75,125.75,125.75,125.75,62
2026-09-21T09:07:00.000Z,2026-09-21T12:07:00,125.75,125.75,125.1,125.7,335
2026-09-21T09:08:00.000Z,2026-09-21T12:08:00,125.15,125.7,125,125,3678
2026-09-21T09:09:00.000Z,2026-09-21T12:09:00,125.7,125.7,125,125.7,814
2026-09-21T09:10:00.000Z,2026-09-21T12:10:00,125.7,125.7,125.7,125.7,173
2026-09-21T09:11:00.000Z,2026-09-21T12:11:00,125.69,125.7,125.5,125.7,217
2026-09-21T09:12:00.000Z,2026-09-21T12:12:00,125.69,125.7,125.69,125.7,961
2026-09-21T09:13:00.000Z,2026-09-21T12:13:00,125.5,125.7,125.5,125.7,316
2026-09-21T09:14:00.000Z,2026-09-21T12:14:00,125.7,125.7,125.5,125.56,2195
2026-09-21T09:15:00.000Z,2026-09-21T12:15:00,125.56,125.7,125.56,125.7,159
2026-09-21T09:16:00.000Z,2026-09-21T12:16:00,125.7,125.7,125,125.7,883
2026-09-21T09:17:00.000Z,2026-09-21T12:17:00,125.7,125.7,125.5,125.5,169
2026-09-21T09:18:00.000Z,2026-09-21T12:18:00,125.5,125.69,125,125.69,601
2026-09-21T09:19:00.000Z,2026-09-21T12:19:00,125.7,125.7,125,125.48,694
2026-09-21T09:20:00.000Z,2026-09-21T12:20:00,125.48,125.6,125,125.5,1626
2026-09-21T09:21:00.000Z,2026-09-21T12:21:00,125.5,125.69,125.5,125.69,253
2026-09-21T09:22:00.000Z,2026-09-21T12:22:00,125.5,125.69,125,125.5,3433
2026-09-21T09:23:00.000Z,2026-09-21T12:23:00,125.5,125.5,125.01,125.01,293
2026-09-21T09:24:00.000Z,2026-09-21T12:24:00,125.5,125.5,125.02,125.02,933
2026-09-21T09:25:00.000Z,2026-09-21T12:25:00,125.5,125.5,125.02,125.5,148
2026-09-21T09:26:00.000Z,2026-09-21T12:26:00,125.5,125.69,125.5,125.69,475
2026-09-21T09:27:00.000Z,2026-09-21T12:27:00,125.69,125.69,125.02,125.02,1010
2026-09-21T09:28:00.000Z,2026-09-21T12:28:00,125.02,125.02,125,125,477
2026-09-21T09:29:00.000Z,2026-09-21T12:29:00,125.02,125.55,125.02,125.03,26
2026-09-21T09:30:00.000Z,2026-09-21T12:30:00,125.3,125.3,125.06,125.3,110
2026-09-21T09:31:00.000Z,2026-09-21T12:31:00,125.06,125.3,125.06,125.06,70
2026-09-21T09:32:00.000Z,2026-09-21T12:32:00,125.06,125.25,125.03,125.11,909
2026-09-21T09:33:00.000Z,2026-09-21T12:33:00,125.11,125.11,125.11,125.11,60
2026-09-21T09:34:00.000Z,2026-09-21T12:34:00,125.25,125.25,125.11,125.11,644
2026-09-21T09:35:00.000Z,2026-09-21T12:35:00,125.25,125.55,125.01,125.55,391
2026-09-21T09:36:00.000Z,2026-09-21T12:36:00,125.55,125.68,125.55,125.68,1775
2026-09-21T09:37:00.000Z,2026-09-21T12:37:00,125.02,125.68,125.02,125.68,13
2026-09-21T09:38:00.000Z,2026-09-21T12:38:00,125.67,125.67,125.08,125.08,143
2026-09-21T09:39:00.000Z,2026-09-21T12:39:00,125.08,125.15,125.08,125.14,438
2026-09-21T09:41:00.000Z,2026-09-21T12:41:00,125.4,125.4,125.4,125.4,2547
2026-09-21T09:42:00.000Z,2026-09-21T12:42:00,125.4,125.4,125.4,125.4,133
2026-09-21T09:43:00.000Z,2026-09-21T12:43:00,125.2,125.67,125.2,125.65,271
2026-09-21T09:44:00.000Z,2026-09-21T12:44:00,125.64,125.64,125.45,125.45,77
2026-09-21T09:45:00.000Z,2026-09-21T12:45:00,125.45,125.45,125.4,125.4,162
2026-09-21T09:46:00.000Z,2026-09-21T12:46:00,125.31,125.64,125,125.64,4793
2026-09-21T09:47:00.000Z,2026-09-21T12:47:00,125.4,125.64,125.4,125.64,3
2026-09-21T09:48:00.000Z,2026-09-21T12:48:00,125.64,126.5,125.64,126.5,7982
2026-09-21T09:49:00.000Z,2026-09-21T12:49:00,125.61,125.61,125.61,125.61,103
2026-09-21T09:50:00.000Z,2026-09-21T12:50:00,125.7,126.6,125.61,126.6,104
2026-09-21T09:51:00.000Z,2026-09-21T12:51:00,126.6,126.6,125.69,126.6,281
2026-09-21T09:52:00.000Z,2026-09-21T12:52:00,125.69,126.24,125.69,126.24,90
2026-09-21T09:53:00.000Z,2026-09-21T12:53:00,126.2,126.5,126.2,126.5,1906
2026-09-21T09:54:00.000Z,2026-09-21T12:54:00,126.5,126.5,125.69,125.69,132
2026-09-21T09:55:00.000Z,2026-09-21T12:55:00,126.46,126.46,126,126,188
2026-09-21T09:56:00.000Z,2026-09-21T12:56:00,126.47,126.47,126.47,126.47,3
2026-09-21T09:57:00.000Z,2026-09-21T12:57:00,126,126,126,126,690
2026-09-21T09:58:00.000Z,2026-09-21T12:58:00,126.46,126.46,126.46,126.46,13
2026-09-21T09:59:00.000Z,2026-09-21T12:59:00,126,126.46,126,126.46,81
2026-09-21T10:00:00.000Z,2026-09-21T13:00:00,126,126.29,126,126,1003
2026-09-21T10:01:00.000Z,2026-09-21T13:01:00,126.46,126.47,126.3,126.3,346
2026-09-21T10:02:00.000Z,2026-09-21T13:02:00,126.3,126.47,126.3,126.47,267
2026-09-21T10:03:00.000Z,2026-09-21T13:03:00,126.47,126.47,126.47,126.47,4
2026-09-21T10:04:00.000Z,2026-09-21T13:04:00,126.47,126.47,126.3,126.3,242
2026-09-21T10:05:00.000Z,2026-09-21T13:05:00,126.47,126.47,126,126,3016
2026-09-21T10:06:00.000Z,2026-09-21T13:06:00,126,126,126,126,259
2026-09-21T10:07:00.000Z,2026-09-21T13:07:00,126,126,126,126,376
2026-09-21T10:08:00.000Z,2026-09-21T13:08:00,126,126,126,126,7
2026-09-21T10:09:00.000Z,2026-09-21T13:09:00,125.8,126,125.69,126,114
2026-09-21T10:10:00.000Z,2026-09-21T13:10:00,125.9,126.3,125.7,125.7,1905
2026-09-21T10:11:00.000Z,2026-09-21T13:11:00,126.3,126.3,126.3,126.3,12
2026-09-21T10:12:00.000Z,2026-09-21T13:12:00,126.3,126.47,125.7,125.7,441
2026-09-21T10:14:00.000Z,2026-09-21T13:14:00,125.69,125.7,125.6,125.7,129
2026-09-21T10:15:00.000Z,2026-09-21T13:15:00,125.7,125.7,125.7,125.7,359
2026-09-21T10:16:00.000Z,2026-09-21T13:16:00,125.6,125.7,125.6,125.7,14
2026-09-21T10:17:00.000Z,2026-09-21T13:17:00,125.7,125.7,125.7,125.7,68
2026-09-21T10:18:00.000Z,2026-09-21T13:18:00,125.7,125.7,125.7,125.7,2404
2026-09-21T10:19:00.000Z,2026-09-21T13:19:00,125.7,125.7,125.6,125.6,252
2026-09-21T10:20:00.000Z,2026-09-21T13:20:00,125.6,125.68,125.5,125.68,8199
2026-09-21T10:21:00.000Z,2026-09-21T13:21:00,125.7,125.7,125.7,125.7,68
2026-09-21T10:22:00.000Z,2026-09-21T13:22:00,125.7,125.7,125.5,125.5,162
2026-09-21T10:23:00.000Z,2026-09-21T13:23:00,125.5,125.5,125.35,125.35,104
2026-09-21T10:24:00.000Z,2026-09-21T13:24:00,125.7,125.7,125.7,125.7,35
2026-09-21T10:25:00.000Z,2026-09-21T13:25:00,125.7,125.7,125.4,125.7,1630
2026-09-21T10:26:00.000Z,2026-09-21T13:26:00,125.65,125.75,125.41,125.75,300
2026-09-21T10:28:00.000Z,2026-09-21T13:28:00,125.75,125.75,125.41,125.41,611
2026-09-21T10:29:00.000Z,2026-09-21T13:29:00,125.5,125.75,125.3,125.3,1262
2026-09-21T10:30:00.000Z,2026-09-21T13:30:00,125.3,125.75,125.3,125.3,1495
2026-09-21T10:31:00.000Z,2026-09-21T13:31:00,125.3,125.3,125.3,125.3,363
2026-09-21T10:32:00.000Z,2026-09-21T13:32:00,125.7,125.7,125.3,125.3,15002
2026-09-21T10:33:00.000Z,2026-09-21T13:33:00,125.3,125.7,125.2,125.7,1590
2026-09-21T10:34:00.000Z,2026-09-21T13:34:00,125.5,125.5,125.03,125.5,736
2026-09-21T10:35:00.000Z,2026-09-21T13:35:00,125.5,125.7,125.5,125.7,627
2026-09-21T10:36:00.000Z,2026-09-21T13:36:00,125.7,125.7,125.7,125.7,15
2026-09-21T10:37:00.000Z,2026-09-21T13:37:00,125.5,125.7,125.5,125.7,5235
2026-09-21T10:38:00.000Z,2026-09-21T13:38:00,125.55,125.55,125.55,125.55,136
2026-09-21T10:39:00.000Z,2026-09-21T13:39:00,125.55,125.55,125.3,125.3,237
2026-09-21T10:40:00.000Z,2026-09-21T13:40:00,125.3,125.69,125.3,125.3,323
2026-09-21T10:41:00.000Z,2026-09-21T13:41:00,125.7,125.7,125.02,125.69,540
2026-09-21T10:42:00.000Z,2026-09-21T13:42:00,125.5,125.69,125.01,125.01,502
2026-09-21T10:43:00.000Z,2026-09-21T13:43:00,125.1,125.69,125.01,125.01,625
2026-09-21T10:44:00.000Z,2026-09-21T13:44:00,125.69,125.69,125.01,125.01,526
2026-09-21T10:45:00.000Z,2026-09-21T13:45:00,125.69,125.7,125.5,125.7,676
2026-09-21T10:46:00.000Z,2026-09-21T13:46:00,125.04,125.69,125,125,4573
2026-09-21T10:47:00.000Z,2026-09-21T13:47:00,125.64,125.64,125,125,1066
2026-09-21T10:49:00.000Z,2026-09-21T13:49:00,125.62,125.62,125.11,125.11,73
2026-09-21T10:50:00.000Z,2026-09-21T13:50:00,125.62,125.63,125.6,125.63,917
2026-09-21T10:51:00.000Z,2026-09-21T13:51:00,125.63,125.63,125,125.62,1296
2026-09-21T10:52:00.000Z,2026-09-21T13:52:00,125,125.6,125,125.6,80
2026-09-21T10:53:00.000Z,2026-09-21T13:53:00,125.02,125.63,125,125,3768
2026-09-21T10:54:00.000Z,2026-09-21T13:54:00,125.63,125.63,125.6,125.6,65
2026-09-21T10:55:00.000Z,2026-09-21T13:55:00,125.6,125.6,125.01,125.01,217
2026-09-21T10:56:00.000Z,2026-09-21T13:56:00,125.01,125.59,125.01,125.5,94
2026-09-21T10:57:00.000Z,2026-09-21T13:57:00,125.4,125.4,125.1,125.1,193
2026-09-21T10:58:00.000Z,2026-09-21T13:58:00,125.1,125.5,125,125.5,335
2026-09-21T10:59:00.000Z,2026-09-21T13:59:00,125,125.5,125,125.5,237
2026-09-21T11:00:00.000Z,2026-09-21T14:00:00,125.01,125.5,125,125,314
2026-09-21T11:01:00.000Z,2026-09-21T14:01:00,125,125.5,125,125.5,254
2026-09-21T11:02:00.000Z,2026-09-21T14:02:00,125.5,125.5,125.11,125.11,91
2026-09-21T11:03:00.000Z,2026-09-21T14:03:00,125.11,125.11,125.11,125.11,66
2026-09-21T11:04:00.000Z,2026-09-21T14:04:00,125.49,125.49,125,125.48,1794
2026-09-21T11:05:00.000Z,2026-09-21T14:05:00,125.49,125.5,125.01,125.49,564
2026-09-21T11:06:00.000Z,2026-09-21T14:06:00,125.49,125.49,125.01,125.01,3570
2026-09-21T11:07:00.000Z,2026-09-21T14:07:00,125.01,125.48,125.01,125.44,2552
2026-09-21T11:08:00.000Z,2026-09-21T14:08:00,125.44,125.44,125.4,125.4,125
2026-09-21T11:09:00.000Z,2026-09-21T14:09:00,125.45,125.45,125.4,125.4,126
2026-09-21T11:10:00.000Z,2026-09-21T14:10:00,125.45,125.45,125.45,125.45,32
2026-09-21T11:11:00.000Z,2026-09-21T14:11:00,125.45,125.5,125.1,125.5,1593
2026-09-21T11:12:00.000Z,2026-09-21T14:12:00,125.5,125.5,125.49,125.49,75
2026-09-21T11:13:00.000Z,2026-09-21T14:13:00,125.49,125.49,125.49,125.49,32
2026-09-21T11:14:00.000Z,2026-09-21T14:14:00,125.5,125.5,125.4,125.49,1001
2026-09-21T11:25:00.000Z,2026-09-21T14:25:00,125.43,125.43,125.43,125.43,1637
2026-09-21T11:28:00.000Z,2026-09-21T14:28:00,125.43,125.43,125.43,125.43,1379
2026-09-21T11:29:00.000Z,2026-09-21T14:29:00,125.43,125.43,125.43,125.43,1000
2026-09-22T07:00:00.000Z,2026-09-22T10:00:00,125.5,125.5,125.49,125.5,1895
2026-09-22T07:01:00.000Z,2026-09-22T10:01:00,125.5,125.5,125.45,125.5,5696
2026-09-22T07:02:00.000Z,2026-09-22T10:02:00,125.5,125.5,125.45,125.5,47
2026-09-22T07:03:00.000Z,2026-09-22T10:03:00,125.45,125.5,125.43,125.5,4997
2026-09-22T07:04:00.000Z,2026-09-22T10:04:00,125.5,125.5,125.5,125.5,1723
2026-09-22T07:05:00.000Z,2026-09-22T10:05:00,125.5,125.93,125.47,125.93,107
2026-09-22T07:06:00.000Z,2026-09-22T10:06:00,125.93,125.93,125.93,125.93,215
2026-09-22T07:07:00.000Z,2026-09-22T10:07:00,125.93,126,125.5,126,2209
2026-09-22T07:08:00.000Z,2026-09-22T10:08:00,126,126,126,126,207
2026-09-22T07:09:00.000Z,2026-09-22T10:09:00,126,126,126,126,8
2026-09-22T07:10:00.000Z,2026-09-22T10:10:00,126,126,125.02,125.02,481
2026-09-22T07:11:00.000Z,2026-09-22T10:11:00,126,126,126,126,20
2026-09-22T07:12:00.000Z,2026-09-22T10:12:00,125.24,126,125.24,126,112
2026-09-22T07:13:00.000Z,2026-09-22T10:13:00,125.38,126,125.38,126,120
2026-09-22T07:14:00.000Z,2026-09-22T10:14:00,125.99,126,125.44,125.44,168
2026-09-22T07:15:00.000Z,2026-09-22T10:15:00,126,126,125.2,125.2,397
2026-09-22T07:16:00.000Z,2026-09-22T10:16:00,125.99,125.99,125.99,125.99,115
2026-09-22T07:17:00.000Z,2026-09-22T10:17:00,125.98,125.98,125.98,125.98,36
2026-09-22T07:18:00.000Z,2026-09-22T10:18:00,125.21,125.21,125.21,125.21,107
2026-09-22T07:19:00.000Z,2026-09-22T10:19:00,125.96,125.96,125.21,125.96,330
2026-09-22T07:20:00.000Z,2026-09-22T10:20:00,125.97,125.97,125.25,125.89,528
2026-09-22T07:21:00.000Z,2026-09-22T10:21:00,125.51,125.51,125.51,125.51,49
2026-09-22T07:22:00.000Z,2026-09-22T10:22:00,125.89,125.89,125.51,125.8,35
2026-09-22T07:23:00.000Z,2026-09-22T10:23:00,125.8,125.9,125.8,125.9,289
2026-09-22T07:24:00.000Z,2026-09-22T10:24:00,125.9,125.9,125.55,125.9,195
2026-09-22T07:25:00.000Z,2026-09-22T10:25:00,125.9,125.9,125.55,125.55,139
2026-09-22T07:26:00.000Z,2026-09-22T10:26:00,125.55,125.89,125.5,125.89,28
2026-09-22T07:27:00.000Z,2026-09-22T10:27:00,125.6,126.49,125.6,126.49,943
2026-09-22T07:28:00.000Z,2026-09-22T10:28:00,126,126,126,126,67
2026-09-22T07:29:00.000Z,2026-09-22T10:29:00,126.49,126.5,126.49,126.5,342
2026-09-22T07:30:00.000Z,2026-09-22T10:30:00,126,126.5,126,126.5,159
2026-09-22T07:31:00.000Z,2026-09-22T10:31:00,126.5,126.5,126.5,126.5,163
2026-09-22T07:32:00.000Z,2026-09-22T10:32:00,126.5,126.5,126.02,126.02,73
2026-09-22T07:33:00.000Z,2026-09-22T10:33:00,126.5,126.5,126.02,126.02,170
2026-09-22T07:34:00.000Z,2026-09-22T10:34:00,126.5,126.5,126.01,126.01,870
2026-09-22T07:35:00.000Z,2026-09-22T10:35:00,126.02,126.02,126.02,126.02,45
2026-09-22T07:36:00.000Z,2026-09-22T10:36:00,126.02,126.5,126.02,126.5,1363
2026-09-22T07:37:00.000Z,2026-09-22T10:37:00,126.5,126.5,126,126,555
2026-09-22T07:38:00.000Z,2026-09-22T10:38:00,126.49,126.5,126.49,126.5,500
2026-09-22T07:39:00.000Z,2026-09-22T10:39:00,126,126.5,126,126.5,356
2026-09-22T07:40:00.000Z,2026-09-22T10:40:00,126.01,126.49,126,126.49,930
2026-09-22T07:41:00.000Z,2026-09-22T10:41:00,126.49,126.49,126,126.49,64
2026-09-22T07:42:00.000Z,2026-09-22T10:42:00,126.49,126.49,126.49,126.49,79
2026-09-22T07:43:00.000Z,2026-09-22T10:43:00,126,126.48,126,126,192
2026-09-22T07:44:00.000Z,2026-09-22T10:44:00,126.47,126.48,126,126,280
2026-09-22T07:45:00.000Z,2026-09-22T10:45:00,126.47,126.47,126.4,126.4,37
2026-09-22T07:46:00.000Z,2026-09-22T10:46:00,126,126,126,126,129
2026-09-22T07:47:00.000Z,2026-09-22T10:47:00,126.44,126.44,126,126.42,919
2026-09-22T07:48:00.000Z,2026-09-22T10:48:00,126.42,126.42,126.01,126.01,117
2026-09-22T07:49:00.000Z,2026-09-22T10:49:00,126.01,126.2,126.01,126.2,26
2026-09-22T07:50:00.000Z,2026-09-22T10:50:00,126.01,126.01,126.01,126.01,337
2026-09-22T07:51:00.000Z,2026-09-22T10:51:00,126.2,126.2,126.2,126.2,24
2026-09-22T07:52:00.000Z,2026-09-22T10:52:00,126.01,126.19,126.01,126.19,32
2026-09-22T07:54:00.000Z,2026-09-22T10:54:00,126.01,126.1,126,126.1,347
2026-09-22T07:55:00.000Z,2026-09-22T10:55:00,126.01,126.1,126,126,2313
2026-09-22T07:56:00.000Z,2026-09-22T10:56:00,126,126.1,126,126,199
2026-09-22T07:57:00.000Z,2026-09-22T10:57:00,125.9,125.9,125.8,125.8,302
2026-09-22T07:58:00.000Z,2026-09-22T10:58:00,125.75,125.8,125.7,125.7,447
2026-09-22T07:59:00.000Z,2026-09-22T10:59:00,125.7,126,125.6,126,300
2026-09-22T08:00:00.000Z,2026-09-22T11:00:00,126,126,125.85,126,228
2026-09-22T08:01:00.000Z,2026-09-22T11:01:00,126,126,125.85,125.98,124
2026-09-22T08:02:00.000Z,2026-09-22T11:02:00,125.85,125.98,125.5,125.98,1050
2026-09-22T08:03:00.000Z,2026-09-22T11:03:00,125.98,125.98,125.43,125.98,587
2026-09-22T08:04:00.000Z,2026-09-22T11:04:00,125.98,125.98,125.98,125.98,4
2026-09-22T08:05:00.000Z,2026-09-22T11:05:00,125.98,125.98,125.98,125.98,4
2026-09-22T08:06:00.000Z,2026-09-22T11:06:00,125.98,126,125.6,126,216
2026-09-22T08:07:00.000Z,2026-09-22T11:07:00,126,126,125.43,125.43,114
2026-09-22T08:08:00.000Z,2026-09-22T11:08:00,126,126,126,126,221
2026-09-22T08:09:00.000Z,2026-09-22T11:09:00,126,126,126,126,146
2026-09-22T08:10:00.000Z,2026-09-22T11:10:00,126,126,125.43,125.43,538
2026-09-22T08:11:00.000Z,2026-09-22T11:11:00,125.98,126,125.43,125.43,250
2026-09-22T08:12:00.000Z,2026-09-22T11:12:00,126,126,126,126,11
2026-09-22T08:13:00.000Z,2026-09-22T11:13:00,126,126,125.5,126,1047
2026-09-22T08:14:00.000Z,2026-09-22T11:14:00,125.5,125.5,125.5,125.5,27
2026-09-22T08:15:00.000Z,2026-09-22T11:15:00,125.99,125.99,125.43,125.43,782
2026-09-22T08:16:00.000Z,2026-09-22T11:16:00,125.5,125.5,125.44,125.44,48
2026-09-22T08:17:00.000Z,2026-09-22T11:17:00,125.5,125.5,125.5,125.5,447
2026-09-22T08:18:00.000Z,2026-09-22T11:18:00,125.5,125.5,125.5,125.5,562
2026-09-22T08:19:00.000Z,2026-09-22T11:19:00,125.5,125.98,125.5,125.98,62
2026-09-22T08:20:00.000Z,2026-09-22T11:20:00,125.98,125.98,125.98,125.98,33
2026-09-22T08:21:00.000Z,2026-09-22T11:21:00,125.98,126.2,125.5,125.5,1932
2026-09-22T08:22:00.000Z,2026-09-22T11:22:00,125.5,125.5,125.5,125.5,5
2026-09-22T08:23:00.000Z,2026-09-22T11:23:00,126.2,126.2,126.2,126.2,42
2026-09-22T08:24:00.000Z,2026-09-22T11:24:00,126.2,126.2,126.2,126.2,100
2026-09-22T08:25:00.000Z,2026-09-22T11:25:00,126,126,126,126,4
2026-09-22T08:26:00.000Z,2026-09-22T11:26:00,126,126.2,125.5,125.5,197
2026-09-22T08:28:00.000Z,2026-09-22T11:28:00,126,126,126,126,84
2026-09-22T08:29:00.000Z,2026-09-22T11:29:00,125.55,126.19,125.55,126.19,374
2026-09-22T08:30:00.000Z,2026-09-22T11:30:00,125.55,126.19,125.55,126.19,456
2026-09-22T08:31:00.000Z,2026-09-22T11:31:00,126.19,126.19,125.56,126.19,55
2026-09-22T08:32:00.000Z,2026-09-22T11:32:00,126.19,126.19,125.6,125.6,220
2026-09-22T08:33:00.000Z,2026-09-22T11:33:00,126.19,126.2,126.19,126.2,15
2026-09-22T08:34:00.000Z,2026-09-22T11:34:00,126,126,126,126,56
2026-09-22T08:36:00.000Z,2026-09-22T11:36:00,126,126,125.6,125.6,174
2026-09-22T08:37:00.000Z,2026-09-22T11:37:00,126,126,126,126,182
2026-09-22T08:38:00.000Z,2026-09-22T11:38:00,126,126,126,126,25
2026-09-22T08:39:00.000Z,2026-09-22T11:39:00,126,126,125.6,125.6,17
2026-09-22T08:40:00.000Z,2026-09-22T11:40:00,125.96,126,125.96,126,1075
2026-09-22T08:43:00.000Z,2026-09-22T11:43:00,126.1,126.1,125.6,125.6,1104
2026-09-22T08:44:00.000Z,2026-09-22T11:44:00,125.6,126.1,125.6,126.1,284
2026-09-22T08:45:00.000Z,2026-09-22T11:45:00,126.09,126.09,125.62,126.09,188
2026-09-22T08:46:00.000Z,2026-09-22T11:46:00,126.09,126.09,125.62,126.09,295
2026-09-22T08:47:00.000Z,2026-09-22T11:47:00,126.09,126.09,125.62,125.62,57
2026-09-22T08:48:00.000Z,2026-09-22T11:48:00,126.09,126.09,126.09,126.09,11
2026-09-22T08:49:00.000Z,2026-09-22T11:49:00,125.62,126.1,125.62,125.62,419
2026-09-22T08:50:00.000Z,2026-09-22T11:50:00,126,126,126,126,48
2026-09-22T08:51:00.000Z,2026-09-22T11:51:00,125.63,126.1,125.63,126.1,346
2026-09-22T08:52:00.000Z,2026-09-22T11:52:00,126,126.1,126,126.1,217
2026-09-22T08:53:00.000Z,2026-09-22T11:53:00,126.1,126.1,126.1,126.1,352
2026-09-22T08:54:00.000Z,2026-09-22T11:54:00,126.2,126.2,126.2,126.2,23
2026-09-22T08:55:00.000Z,2026-09-22T11:55:00,126.2,126.2,126.1,126.1,52
2026-09-22T08:56:00.000Z,2026-09-22T11:56:00,126.19,126.19,126.19,126.19,21
2026-09-22T08:57:00.000Z,2026-09-22T11:57:00,126.1,126.1,126.1,126.1,137
2026-09-22T08:58:00.000Z,2026-09-22T11:58:00,126.19,126.19,126.19,126.19,71
2026-09-22T08:59:00.000Z,2026-09-22T11:59:00,126.19,126.19,126,126,11
2026-09-22T09:00:00.000Z,2026-09-22T12:00:00,126,126,126,126,200
2026-09-22T09:01:00.000Z,2026-09-22T12:01:00,126,126,126,126,716
2026-09-22T09:02:00.000Z,2026-09-22T12:02:00,126,126.19,125.9,126.19,92
2026-09-22T09:03:00.000Z,2026-09-22T12:03:00,126.19,126.19,126.19,126.19,21
2026-09-22T09:04:00.000Z,2026-09-22T12:04:00,126.19,126.19,126.19,126.19,1
2026-09-22T09:08:00.000Z,2026-09-22T12:08:00,126.19,126.19,125.6,125.6,1585
2026-09-22T09:09:00.000Z,2026-09-22T12:09:00,126.19,126.19,125.6,126.19,32
2026-09-22T09:10:00.000Z,2026-09-22T12:10:00,126.18,126.18,125.6,125.6,325
2026-09-22T09:11:00.000Z,2026-09-22T12:11:00,126.18,126.18,126.18,126.18,42
2026-09-22T09:12:00.000Z,2026-09-22T12:12:00,126.18,126.18,125.62,125.62,230
2026-09-22T09:13:00.000Z,2026-09-22T12:13:00,125.62,126.16,125.6,126.16,71
2026-09-22T09:14:00.000Z,2026-09-22T12:14:00,126.16,126.16,126.16,126.16,26
2026-09-22T09:15:00.000Z,2026-09-22T12:15:00,126.16,126.16,126.1,126.1,241
2026-09-22T09:16:00.000Z,2026-09-22T12:16:00,125.61,126.15,125.6,126.15,214
2026-09-22T09:18:00.000Z,2026-09-22T12:18:00,126.14,126.14,125.6,125.6,240
2026-09-22T09:19:00.000Z,2026-09-22T12:19:00,126.14,126.14,125.6,125.6,133
2026-09-22T09:20:00.000Z,2026-09-22T12:20:00,126.1,126.1,126.1,126.1,10
2026-09-22T09:21:00.000Z,2026-09-22T12:21:00,125.6,125.6,125.6,125.6,5
2026-09-22T09:22:00.000Z,2026-09-22T12:22:00,126,126,125.6,126,63
2026-09-22T09:23:00.000Z,2026-09-22T12:23:00,125.6,126.08,125.6,126.08,208
2026-09-22T09:25:00.000Z,2026-09-22T12:25:00,126.07,126.08,126,126,385
2026-09-22T09:26:00.000Z,2026-09-22T12:26:00,126,126.08,126,126.08,29
2026-09-22T09:27:00.000Z,2026-09-22T12:27:00,126,126.14,126,126.14,89
2026-09-22T09:28:00.000Z,2026-09-22T12:28:00,126.14,126.16,126,126,617
2026-09-22T09:29:00.000Z,2026-09-22T12:29:00,126,126,126,126,5
2026-09-22T09:31:00.000Z,2026-09-22T12:31:00,125.6,126,125.6,126,521
2026-09-22T09:32:00.000Z,2026-09-22T12:32:00,126,126,125.6,125.6,22
2026-09-22T09:33:00.000Z,2026-09-22T12:33:00,125.6,126,125.6,126,31
2026-09-22T09:34:00.000Z,2026-09-22T12:34:00,125.6,125.6,125.6,125.6,51
2026-09-22T09:35:00.000Z,2026-09-22T12:35:00,126,126,126,126,4
2026-09-22T09:36:00.000Z,2026-09-22T12:36:00,126,126,125.52,126,2031
2026-09-22T09:37:00.000Z,2026-09-22T12:37:00,126,126,126,126,79
2026-09-22T09:38:00.000Z,2026-09-22T12:38:00,125.59,125.59,125.51,125.51,759
2026-09-22T09:39:00.000Z,2026-09-22T12:39:00,126,126,125.99,125.99,14
2026-09-22T09:40:00.000Z,2026-09-22T12:40:00,125.99,125.99,125.99,125.99,7
2026-09-22T09:41:00.000Z,2026-09-22T12:41:00,125.99,125.99,125.99,125.99,10
2026-09-22T09:42:00.000Z,2026-09-22T12:42:00,125.99,125.99,125.52,125.52,558
2026-09-22T09:43:00.000Z,2026-09-22T12:43:00,125.55,125.55,125.55,125.55,21
2026-09-22T09:44:00.000Z,2026-09-22T12:44:00,125.6,125.6,125.6,125.6,14
2026-09-22T09:45:00.000Z,2026-09-22T12:45:00,125.98,125.98,125.98,125.98,203
2026-09-22T09:46:00.000Z,2026-09-22T12:46:00,125.98,125.98,125.98,125.98,4
2026-09-22T09:47:00.000Z,2026-09-22T12:47:00,125.98,125.98,125.98,125.98,3
2026-09-22T09:49:00.000Z,2026-09-22T12:49:00,125.96,125.96,125.96,125.96,8
2026-09-22T09:50:00.000Z,2026-09-22T12:50:00,125.94,125.96,125.6,125.92,604
2026-09-22T09:51:00.000Z,2026-09-22T12:51:00,125.92,125.92,125.92,125.92,19
2026-09-22T09:52:00.000Z,2026-09-22T12:52:00,125.9,125.9,125.9,125.9,25
2026-09-22T09:53:00.000Z,2026-09-22T12:53:00,125.89,125.89,125.89,125.89,83
2026-09-22T09:54:00.000Z,2026-09-22T12:54:00,125.89,125.89,125.61,125.61,32
2026-09-22T09:55:00.000Z,2026-09-22T12:55:00,125.89,125.89,125.61,125.89,134
2026-09-22T09:56:00.000Z,2026-09-22T12:56:00,125.89,125.89,125.89,125.89,34
2026-09-22T09:58:00.000Z,2026-09-22T12:58:00,125.61,125.61,125.61,125.61,61
2026-09-22T09:59:00.000Z,2026-09-22T12:59:00,125.89,125.89,125.61,125.62,34
2026-09-22T10:00:00.000Z,2026-09-22T13:00:00,125.89,125.89,125.89,125.89,30
2026-09-22T10:01:00.000Z,2026-09-22T13:01:00,125.89,125.89,125.89,125.89,36
2026-09-22T10:02:00.000Z,2026-09-22T13:02:00,125.89,125.89,125.7,125.89,57
2026-09-22T10:03:00.000Z,2026-09-22T13:03:00,125.89,125.89,125.61,125.61,703
2026-09-22T10:04:00.000Z,2026-09-22T13:04:00,125.61,125.61,125.61,125.61,4
2026-09-22T10:05:00.000Z,2026-09-22T13:05:00,125.87,125.87,125.87,125.87,10
2026-09-22T10:06:00.000Z,2026-09-22T13:06:00,125.87,125.87,125.62,125.62,24
2026-09-22T10:07:00.000Z,2026-09-22T13:07:00,125.61,125.8,125.61,125.8,83
2026-09-22T10:08:00.000Z,2026-09-22T13:08:00,125.8,125.8,125.61,125.8,33
2026-09-22T10:09:00.000Z,2026-09-22T13:09:00,125.8,125.92,125.8,125.92,458
2026-09-22T10:11:00.000Z,2026-09-22T13:11:00,125.89,125.89,125.89,125.89,2
2026-09-22T10:12:00.000Z,2026-09-22T13:12:00,125.8,125.89,125.8,125.89,20
2026-09-22T10:13:00.000Z,2026-09-22T13:13:00,125.89,125.97,125.61,125.61,483
2026-09-22T10:14:00.000Z,2026-09-22T13:14:00,125.97,125.97,125.61,125.61,95
2026-09-22T10:15:00.000Z,2026-09-22T13:15:00,125.97,125.97,125.6,125.97,625
2026-09-22T10:16:00.000Z,2026-09-22T13:16:00,125.96,125.96,125.96,125.96,19
2026-09-22T10:17:00.000Z,2026-09-22T13:17:00,125.6,125.6,125.6,125.6,454
2026-09-22T10:19:00.000Z,2026-09-22T13:19:00,125.95,125.95,125.95,125.95,16
2026-09-22T10:20:00.000Z,2026-09-22T13:20:00,125.95,125.95,125.95,125.95,93
2026-09-22T10:21:00.000Z,2026-09-22T13:21:00,125.95,125.95,125.6,125.95,344
2026-09-22T10:22:00.000Z,2026-09-22T13:22:00,125.95,125.95,125.95,125.95,20
2026-09-22T10:23:00.000Z,2026-09-22T13:23:00,125.61,125.95,125.61,125.95,15
2026-09-22T10:25:00.000Z,2026-09-22T13:25:00,125.95,125.95,125.95,125.95,60
2026-09-22T10:26:00.000Z,2026-09-22T13:26:00,125.95,125.95,125.95,125.95,34
2026-09-22T10:27:00.000Z,2026-09-22T13:27:00,125.94,125.94,125.63,125.93,392
2026-09-22T10:28:00.000Z,2026-09-22T13:28:00,125.63,125.94,125.62,125.63,292
2026-09-22T10:29:00.000Z,2026-09-22T13:29:00,125.94,125.94,125.63,125.94,252
2026-09-22T10:30:00.000Z,2026-09-22T13:30:00,125.94,125.94,125.63,125.94,35
2026-09-22T10:31:00.000Z,2026-09-22T13:31:00,125.94,125.94,125.63,125.94,545
2026-09-22T10:32:00.000Z,2026-09-22T13:32:00,125.94,125.94,125.94,125.94,163
2026-09-22T10:33:00.000Z,2026-09-22T13:33:00,125.95,125.95,125.95,125.95,79
2026-09-22T10:34:00.000Z,2026-09-22T13:34:00,125.95,125.95,125.9,125.9,30
2026-09-22T10:35:00.000Z,2026-09-22T13:35:00,125.94,125.94,125.94,125.94,184
2026-09-22T10:36:00.000Z,2026-09-22T13:36:00,125.94,125.95,125.94,125.95,1150
2026-09-22T10:37:00.000Z,2026-09-22T13:37:00,125.95,125.95,125.95,125.95,25
2026-09-22T10:38:00.000Z,2026-09-22T13:38:00,125.95,125.95,125.63,125.63,577
2026-09-22T10:39:00.000Z,2026-09-22T13:39:00,125.63,125.95,125.63,125.63,551
2026-09-22T10:40:00.000Z,2026-09-22T13:40:00,125.95,125.95,125.64,125.64,103
2026-09-22T10:41:00.000Z,2026-09-22T13:41:00,125.85,125.85,125.85,125.85,5
2026-09-22T10:42:00.000Z,2026-09-22T13:42:00,125.85,125.94,125.66,125.66,22
2026-09-22T10:43:00.000Z,2026-09-22T13:43:00,125.66,125.66,125.66,125.66,2736
2026-09-22T10:44:00.000Z,2026-09-22T13:44:00,125.66,125.66,125.66,125.66,194
2026-09-22T10:45:00.000Z,2026-09-22T13:45:00,125.63,125.66,125.61,125.66,704
2026-09-22T10:46:00.000Z,2026-09-22T13:46:00,125.66,125.66,125.66,125.66,2
2026-09-22T10:47:00.000Z,2026-09-22T13:47:00,125.61,125.66,125.51,125.65,1202
2026-09-22T10:48:00.000Z,2026-09-22T13:48:00,125.65,125.65,125.51,125.51,219
2026-09-22T10:49:00.000Z,2026-09-22T13:49:00,125.55,125.65,125.5,125.65,865
2026-09-22T10:50:00.000Z,2026-09-22T13:50:00,125.65,125.65,125.51,125.65,292
2026-09-22T10:51:00.000Z,2026-09-22T13:51:00,125.65,125.65,125.65,125.65,12
2026-09-22T10:52:00.000Z,2026-09-22T13:52:00,125.65,125.65,125.5,125.5,221
2026-09-22T10:53:00.000Z,2026-09-22T13:53:00,125.65,125.65,125.5,125.65,237
2026-09-22T10:54:00.000Z,2026-09-22T13:54:00,125.65,125.93,125.65,125.7,1454
2026-09-22T10:56:00.000Z,2026-09-22T13:56:00,125.93,125.93,125.93,125.93,82
2026-09-22T10:57:00.000Z,2026-09-22T13:57:00,125.73,125.73,125.5,125.5,1488
2026-09-22T10:58:00.000Z,2026-09-22T13:58:00,125.9,125.9,125.5,125.89,243
2026-09-22T10:59:00.000Z,2026-09-22T13:59:00,125.89,125.89,125.89,125.89,95
2026-09-22T11:00:00.000Z,2026-09-22T14:00:00,125.89,125.89,125.89,125.89,49
2026-09-22T11:01:00.000Z,2026-09-22T14:01:00,125.51,125.51,125.51,125.51,378
2026-09-22T11:02:00.000Z,2026-09-22T14:02:00,125.51,125.51,125.51,125.51,3
2026-09-22T11:03:00.000Z,2026-09-22T14:03:00,125.89,125.89,125.51,125.51,2438
2026-09-22T11:04:00.000Z,2026-09-22T14:04:00,125.89,125.89,125.51,125.89,230
2026-09-22T11:05:00.000Z,2026-09-22T14:05:00,125.89,125.89,125.89,125.89,3
2026-09-22T11:06:00.000Z,2026-09-22T14:06:00,125.89,125.89,125.89,125.89,36
2026-09-22T11:07:00.000Z,2026-09-22T14:07:00,125.89,125.89,125.51,125.51,212
2026-09-22T11:08:00.000Z,2026-09-22T14:08:00,125.51,125.89,125.51,125.51,175
2026-09-22T11:09:00.000Z,2026-09-22T14:09:00,125.89,125.89,125.51,125.51,62
2026-09-22T11:10:00.000Z,2026-09-22T14:10:00,125.88,125.89,125.52,125.52,18
2026-09-22T11:11:00.000Z,2026-09-22T14:11:00,125.88,125.88,125.88,125.88,1
2026-09-22T11:13:00.000Z,2026-09-22T14:13:00,125.88,125.89,125.88,125.89,238
2026-09-22T11:14:00.000Z,2026-09-22T14:14:00,125.6,125.6,125.6,125.6,1
2026-09-22T11:25:00.000Z,2026-09-22T14:25:00,125.59,125.59,125.59,125.59,2729
2026-09-22T11:27:00.000Z,2026-09-22T14:27:00,125.59,125.59,125.59,125.59,300
2026-09-22T11:28:00.000Z,2026-09-22T14:28:00,125.59,125.59,125.59,125.59,100
2026-09-23T07:00:00.000Z,2026-09-23T10:00:00,125.6,125.89,125.6,125.89,1421
2026-09-23T07:01:00.000Z,2026-09-23T10:01:00,125.6,125.6,125.43,125.43,1386
2026-09-23T07:02:00.000Z,2026-09-23T10:02:00,125.5,125.5,125.3,125.4,176
2026-09-23T07:03:00.000Z,2026-09-23T10:03:00,125.4,125.4,125.21,125.21,598
2026-09-23T07:04:00.000Z,2026-09-23T10:04:00,125.4,125.4,125.35,125.35,847
2026-09-23T07:05:00.000Z,2026-09-23T10:05:00,125.21,125.35,125.21,125.35,979
2026-09-23T07:06:00.000Z,2026-09-23T10:06:00,125.35,125.35,125.22,125.3,504
2026-09-23T07:07:00.000Z,2026-09-23T10:07:00,125.35,125.35,125.35,125.35,142
2026-09-23T07:08:00.000Z,2026-09-23T10:08:00,125.35,125.35,125.31,125.31,23
2026-09-23T07:09:00.000Z,2026-09-23T10:09:00,125.4,125.4,125.3,125.4,331
2026-09-23T07:10:00.000Z,2026-09-23T10:10:00,125.3,125.3,125.3,125.3,361
2026-09-23T07:11:00.000Z,2026-09-23T10:11:00,125.4,125.5,125.4,125.5,269
2026-09-23T07:12:00.000Z,2026-09-23T10:12:00,125.4,125.5,125.33,125.5,1101
2026-09-23T07:13:00.000Z,2026-09-23T10:13:00,125.5,125.89,125.5,125.89,239
2026-09-23T07:14:00.000Z,2026-09-23T10:14:00,125.88,125.89,125.88,125.89,200
2026-09-23T07:15:00.000Z,2026-09-23T10:15:00,125.89,125.89,125.33,125.85,503
2026-09-23T07:16:00.000Z,2026-09-23T10:16:00,125.33,125.85,125.33,125.84,135
2026-09-23T07:17:00.000Z,2026-09-23T10:17:00,125.55,125.79,125.55,125.79,9
2026-09-23T07:18:00.000Z,2026-09-23T10:18:00,125.74,125.74,125.74,125.74,24
2026-09-23T07:19:00.000Z,2026-09-23T10:19:00,125.56,125.74,125.55,125.69,245
2026-09-23T07:20:00.000Z,2026-09-23T10:20:00,125.5,125.69,125.5,125.5,303
2026-09-23T07:21:00.000Z,2026-09-23T10:21:00,125.69,125.69,125.5,125.5,168
2026-09-23T07:22:00.000Z,2026-09-23T10:22:00,125.5,125.5,125.33,125.33,58
2026-09-23T07:23:00.000Z,2026-09-23T10:23:00,125.34,125.34,125.34,125.34,4
2026-09-23T07:24:00.000Z,2026-09-23T10:24:00,125.5,125.5,125.49,125.49,113
2026-09-23T07:25:00.000Z,2026-09-23T10:25:00,125.49,125.49,125.49,125.49,50
2026-09-23T07:26:00.000Z,2026-09-23T10:26:00,125.48,125.5,125.33,125.5,1887
2026-09-23T07:27:00.000Z,2026-09-23T10:27:00,125.33,125.5,125.32,125.5,91
2026-09-23T07:28:00.000Z,2026-09-23T10:28:00,125.5,125.5,125.5,125.5,225
2026-09-23T07:29:00.000Z,2026-09-23T10:29:00,125.5,125.5,125.32,125.5,87
2026-09-23T07:30:00.000Z,2026-09-23T10:30:00,125.5,125.5,125.5,125.5,319
2026-09-23T07:31:00.000Z,2026-09-23T10:31:00,125.5,125.5,125.5,125.5,359
2026-09-23T07:32:00.000Z,2026-09-23T10:32:00,125.5,125.5,125.5,125.5,83
2026-09-23T07:33:00.000Z,2026-09-23T10:33:00,125.32,125.55,125.32,125.55,194
2026-09-23T07:34:00.000Z,2026-09-23T10:34:00,125.55,126,125.55,125.99,4123
2026-09-23T07:35:00.000Z,2026-09-23T10:35:00,125.6,125.99,125.5,125.99,502
2026-09-23T07:36:00.000Z,2026-09-23T10:36:00,125.98,125.98,125.6,125.6,714
2026-09-23T07:37:00.000Z,2026-09-23T10:37:00,125.6,125.6,125.6,125.6,33
2026-09-23T07:38:00.000Z,2026-09-23T10:38:00,125.99,126,125.61,126,3211
2026-09-23T07:39:00.000Z,2026-09-23T10:39:00,126,126,125.6,126,208
2026-09-23T07:40:00.000Z,2026-09-23T10:40:00,126,126,125.61,125.61,37
2026-09-23T07:41:00.000Z,2026-09-23T10:41:00,125.61,125.61,125.6,125.6,143
2026-09-23T07:42:00.000Z,2026-09-23T10:42:00,125.9,126,125.9,126,272
2026-09-23T07:43:00.000Z,2026-09-23T10:43:00,126,126,125.6,125.6,441
2026-09-23T07:44:00.000Z,2026-09-23T10:44:00,125.99,126,125.6,125.6,1071
2026-09-23T07:45:00.000Z,2026-09-23T10:45:00,125.6,125.9,125.6,125.6,206
2026-09-23T07:46:00.000Z,2026-09-23T10:46:00,125.6,125.9,125.6,125.9,125
2026-09-23T07:47:00.000Z,2026-09-23T10:47:00,125.9,125.9,125.6,125.9,191
2026-09-23T07:48:00.000Z,2026-09-23T10:48:00,125.9,125.9,125.9,125.9,56
2026-09-23T07:49:00.000Z,2026-09-23T10:49:00,125.9,126,125.9,126,794
2026-09-23T07:50:00.000Z,2026-09-23T10:50:00,125.8,126,125.6,126,695
2026-09-23T07:51:00.000Z,2026-09-23T10:51:00,125.99,125.99,125.99,125.99,81
2026-09-23T07:52:00.000Z,2026-09-23T10:52:00,125.95,125.99,125.95,125.99,295
2026-09-23T07:53:00.000Z,2026-09-23T10:53:00,125.95,125.99,125.61,125.97,87
2026-09-23T07:55:00.000Z,2026-09-23T10:55:00,125.7,125.7,125.7,125.7,20
2026-09-23T07:56:00.000Z,2026-09-23T10:56:00,125.7,125.7,125.7,125.7,26
2026-09-23T07:57:00.000Z,2026-09-23T10:57:00,125.71,125.96,125.71,125.96,72
2026-09-23T07:58:00.000Z,2026-09-23T10:58:00,125.96,125.96,125.71,125.96,150
2026-09-23T07:59:00.000Z,2026-09-23T10:59:00,125.96,125.96,125.96,125.96,16
2026-09-23T08:00:00.000Z,2026-09-23T11:00:00,125.72,125.72,125.71,125.71,41
2026-09-23T08:01:00.000Z,2026-09-23T11:01:00,125.9,125.9,125.9,125.9,40
2026-09-23T08:03:00.000Z,2026-09-23T11:03:00,125.9,125.9,125.71,125.71,107
2026-09-23T08:04:00.000Z,2026-09-23T11:04:00,125.9,125.95,125.71,125.95,13
2026-09-23T08:06:00.000Z,2026-09-23T11:06:00,125.71,125.97,125.71,125.95,5103
2026-09-23T08:07:00.000Z,2026-09-23T11:07:00,125.95,125.97,125.95,125.97,461
2026-09-23T08:08:00.000Z,2026-09-23T11:08:00,125.95,125.95,125.95,125.95,304
2026-09-23T08:09:00.000Z,2026-09-23T11:09:00,125.95,125.95,125.71,125.71,52
2026-09-23T08:10:00.000Z,2026-09-23T11:10:00,125.71,125.94,125.57,125.57,5094
2026-09-23T08:11:00.000Z,2026-09-23T11:11:00,125.8,125.8,125.57,125.72,99
2026-09-23T08:12:00.000Z,2026-09-23T11:12:00,125.8,125.8,125.57,125.57,507
2026-09-23T08:13:00.000Z,2026-09-23T11:13:00,125.8,125.8,125.8,125.8,25
2026-09-23T08:14:00.000Z,2026-09-23T11:14:00,125.6,125.6,125.51,125.6,953
2026-09-23T08:15:00.000Z,2026-09-23T11:15:00,125.6,125.79,125.6,125.79,95
2026-09-23T08:16:00.000Z,2026-09-23T11:16:00,125.51,125.51,125.51,125.51,261
2026-09-23T08:17:00.000Z,2026-09-23T11:17:00,125.6,125.78,125.6,125.78,36
2026-09-23T08:18:00.000Z,2026-09-23T11:18:00,125.6,125.78,125.5,125.76,5062
2026-09-23T08:19:00.000Z,2026-09-23T11:19:00,125.76,125.9,125.51,125.89,1890
2026-09-23T08:21:00.000Z,2026-09-23T11:21:00,125.89,125.89,125.51,125.51,519
2026-09-23T08:22:00.000Z,2026-09-23T11:22:00,125.89,125.89,125.52,125.52,138
2026-09-23T08:23:00.000Z,2026-09-23T11:23:00,125.89,125.89,125.52,125.89,385
2026-09-23T08:24:00.000Z,2026-09-23T11:24:00,125.89,125.89,125.89,125.89,1
2026-09-23T08:25:00.000Z,2026-09-23T11:25:00,125.89,125.89,125.89,125.89,20
2026-09-23T08:26:00.000Z,2026-09-23T11:26:00,125.51,125.51,125.51,125.51,1
2026-09-23T08:27:00.000Z,2026-09-23T11:27:00,125.89,125.89,125.51,125.89,381
2026-09-23T08:28:00.000Z,2026-09-23T11:28:00,125.89,125.89,125.89,125.89,1
2026-09-23T08:29:00.000Z,2026-09-23T11:29:00,125.51,125.89,125.51,125.89,85
2026-09-23T08:30:00.000Z,2026-09-23T11:30:00,125.52,125.89,125.5,125.89,7012
2026-09-23T08:31:00.000Z,2026-09-23T11:31:00,125.51,125.51,125.5,125.5,3952
2026-09-23T08:32:00.000Z,2026-09-23T11:32:00,125.5,125.85,125.5,125.8,391
2026-09-23T08:34:00.000Z,2026-09-23T11:34:00,125.3,125.8,125.3,125.3,149
2026-09-23T08:37:00.000Z,2026-09-23T11:37:00,125.79,125.79,125.5,125.5,431
2026-09-23T08:38:00.000Z,2026-09-23T11:38:00,125.75,125.75,125.3,125.3,5000
2026-09-23T08:39:00.000Z,2026-09-23T11:39:00,125.35,125.35,125.35,125.35,1
2026-09-23T08:40:00.000Z,2026-09-23T11:40:00,125.78,125.78,125.3,125.77,3475
2026-09-23T08:41:00.000Z,2026-09-23T11:41:00,125.77,125.78,125.77,125.78,87
2026-09-23T08:42:00.000Z,2026-09-23T11:42:00,125.3,125.3,125.26,125.26,5004
2026-09-23T08:43:00.000Z,2026-09-23T11:43:00,125.75,125.75,125.75,125.75,107
2026-09-23T08:44:00.000Z,2026-09-23T11:44:00,125.26,125.26,125.25,125.25,400
2026-09-23T08:45:00.000Z,2026-09-23T11:45:00,125.75,125.75,125.25,125.25,2016
2026-09-23T08:46:00.000Z,2026-09-23T11:46:00,125.65,125.65,125.25,125.25,29
2026-09-23T08:47:00.000Z,2026-09-23T11:47:00,125.25,125.25,125.25,125.25,1041
2026-09-23T08:48:00.000Z,2026-09-23T11:48:00,125.25,125.7,125.25,125.7,3399
2026-09-23T08:49:00.000Z,2026-09-23T11:49:00,125.7,125.7,125.25,125.25,960
2026-09-23T08:50:00.000Z,2026-09-23T11:50:00,125.6,125.6,125.25,125.25,55
2026-09-23T08:51:00.000Z,2026-09-23T11:51:00,125.27,125.4,125.25,125.25,198
2026-09-23T08:52:00.000Z,2026-09-23T11:52:00,125.68,125.68,125.68,125.68,75
2026-09-23T08:53:00.000Z,2026-09-23T11:53:00,125.5,125.5,125.5,125.5,306
2026-09-23T08:54:00.000Z,2026-09-23T11:54:00,125.3,125.5,125.3,125.5,95
2026-09-23T08:55:00.000Z,2026-09-23T11:55:00,125.4,125.4,125.4,125.4,25
2026-09-23T08:56:00.000Z,2026-09-23T11:56:00,125.4,125.4,125.26,125.3,69
2026-09-23T08:57:00.000Z,2026-09-23T11:57:00,125.3,125.3,125.21,125.21,5222
2026-09-23T08:58:00.000Z,2026-09-23T11:58:00,125.3,125.32,125.3,125.3,23
2026-09-23T08:59:00.000Z,2026-09-23T11:59:00,125.3,125.3,125.3,125.3,5
2026-09-23T09:00:00.000Z,2026-09-23T12:00:00,125.3,125.3,125.3,125.3,11
2026-09-23T09:01:00.000Z,2026-09-23T12:01:00,125.3,125.48,125.3,125.48,211
2026-09-23T09:02:00.000Z,2026-09-23T12:02:00,125.47,125.47,125.47,125.47,6
2026-09-23T09:03:00.000Z,2026-09-23T12:03:00,125.47,125.47,125.47,125.47,2
2026-09-23T09:04:00.000Z,2026-09-23T12:04:00,125.47,125.47,125.47,125.47,40
2026-09-23T09:05:00.000Z,2026-09-23T12:05:00,125.47,125.47,125.47,125.47,42
2026-09-23T09:06:00.000Z,2026-09-23T12:06:00,125.47,125.47,125.46,125.46,42
2026-09-23T09:07:00.000Z,2026-09-23T12:07:00,125.4,125.45,125.21,125.45,506
2026-09-23T09:09:00.000Z,2026-09-23T12:09:00,125.45,125.45,125.45,125.45,39
2026-09-23T09:10:00.000Z,2026-09-23T12:10:00,125.45,125.45,125.25,125.25,67
2026-09-23T09:11:00.000Z,2026-09-23T12:11:00,125.25,125.25,125.25,125.25,18
2026-09-23T09:12:00.000Z,2026-09-23T12:12:00,125.25,125.45,125.2,125.45,506
2026-09-23T09:13:00.000Z,2026-09-23T12:13:00,125.45,125.45,125.45,125.45,25
2026-09-23T09:14:00.000Z,2026-09-23T12:14:00,125.2,125.2,125.2,125.2,95
2026-09-23T09:15:00.000Z,2026-09-23T12:15:00,125.45,125.45,125.45,125.45,1
2026-09-23T09:16:00.000Z,2026-09-23T12:16:00,125.45,125.45,125.44,125.44,110
2026-09-23T09:17:00.000Z,2026-09-23T12:17:00,125.25,125.25,125.2,125.2,367
2026-09-23T09:18:00.000Z,2026-09-23T12:18:00,125.44,125.44,125.2,125.44,2151
2026-09-23T09:19:00.000Z,2026-09-23T12:19:00,125.25,125.43,125.25,125.43,18
2026-09-23T09:20:00.000Z,2026-09-23T12:20:00,125.43,125.43,125.43,125.43,44
2026-09-23T09:21:00.000Z,2026-09-23T12:21:00,125.25,125.43,125.25,125.3,660
2026-09-23T09:22:00.000Z,2026-09-23T12:22:00,125.3,125.3,125.3,125.3,42
2026-09-23T09:23:00.000Z,2026-09-23T12:23:00,125.39,125.39,125.3,125.3,184
2026-09-23T09:25:00.000Z,2026-09-23T12:25:00,125.3,125.38,125.3,125.38,1388
2026-09-23T09:26:00.000Z,2026-09-23T12:26:00,125.3,125.44,125.3,125.3,2217
2026-09-23T09:28:00.000Z,2026-09-23T12:28:00,125.3,125.44,125.3,125.44,363
2026-09-23T09:29:00.000Z,2026-09-23T12:29:00,125.43,125.45,125.43,125.45,155
2026-09-23T09:30:00.000Z,2026-09-23T12:30:00,125.4,125.44,125.3,125.4,89
2026-09-23T09:31:00.000Z,2026-09-23T12:31:00,125.3,125.39,125.3,125.3,232
2026-09-23T09:32:00.000Z,2026-09-23T12:32:00,125.39,125.39,125.3,125.3,117
2026-09-23T09:33:00.000Z,2026-09-23T12:33:00,125.44,125.45,125.3,125.45,97
2026-09-23T09:34:00.000Z,2026-09-23T12:34:00,125.4,125.4,125.3,125.3,78
2026-09-23T09:35:00.000Z,2026-09-23T12:35:00,125.45,125.45,125.44,125.44,21
2026-09-23T09:36:00.000Z,2026-09-23T12:36:00,125.31,125.43,125.31,125.43,60
2026-09-23T09:37:00.000Z,2026-09-23T12:37:00,125.35,125.35,125.35,125.35,90
2026-09-23T09:38:00.000Z,2026-09-23T12:38:00,125.35,125.35,125.3,125.3,567
2026-09-23T09:39:00.000Z,2026-09-23T12:39:00,125.35,125.44,125.31,125.44,79
2026-09-23T09:40:00.000Z,2026-09-23T12:40:00,125.31,125.44,125.3,125.44,81
2026-09-23T09:41:00.000Z,2026-09-23T12:41:00,125.3,125.3,125.3,125.3,114
2026-09-23T09:42:00.000Z,2026-09-23T12:42:00,125.3,125.3,125.3,125.3,81
2026-09-23T09:43:00.000Z,2026-09-23T12:43:00,125.44,125.44,125.3,125.44,154
2026-09-23T09:44:00.000Z,2026-09-23T12:44:00,125.3,125.42,125.3,125.3,576
2026-09-23T09:45:00.000Z,2026-09-23T12:45:00,125.3,125.43,125.3,125.43,212
2026-09-23T09:46:00.000Z,2026-09-23T12:46:00,125.35,125.35,125.3,125.3,975
2026-09-23T09:47:00.000Z,2026-09-23T12:47:00,125.41,125.41,125.3,125.3,30
2026-09-23T09:48:00.000Z,2026-09-23T12:48:00,125.41,125.41,125.3,125.3,255
2026-09-23T09:49:00.000Z,2026-09-23T12:49:00,125.3,125.41,125.3,125.41,1278
2026-09-23T09:51:00.000Z,2026-09-23T12:51:00,125.3,125.4,125.3,125.4,2073
2026-09-23T09:52:00.000Z,2026-09-23T12:52:00,125.4,125.4,125.4,125.4,249
2026-09-23T09:53:00.000Z,2026-09-23T12:53:00,125.4,125.4,125.4,125.4,74
2026-09-23T09:54:00.000Z,2026-09-23T12:54:00,125.4,125.4,125.31,125.35,73
2026-09-23T09:55:00.000Z,2026-09-23T12:55:00,125.38,125.4,125.38,125.4,56
2026-09-23T09:56:00.000Z,2026-09-23T12:56:00,125.4,125.41,125.36,125.41,424
2026-09-23T09:57:00.000Z,2026-09-23T12:57:00,125.4,125.4,125.35,125.4,406
2026-09-23T09:58:00.000Z,2026-09-23T12:58:00,125.4,125.4,125.35,125.35,151
2026-09-23T09:59:00.000Z,2026-09-23T12:59:00,125.4,125.4,125.3,125.31,1250
2026-09-23T10:00:00.000Z,2026-09-23T13:00:00,125.3,125.3,125.3,125.3,37
2026-09-23T10:02:00.000Z,2026-09-23T13:02:00,125.31,125.31,125.31,125.31,430
2026-09-23T10:03:00.000Z,2026-09-23T13:03:00,125.35,125.4,125.35,125.35,138
2026-09-23T10:04:00.000Z,2026-09-23T13:04:00,125.4,125.4,125.4,125.4,2
2026-09-23T10:05:00.000Z,2026-09-23T13:05:00,125.35,125.4,125.35,125.4,99
2026-09-23T10:06:00.000Z,2026-09-23T13:06:00,125.39,125.39,125.35,125.35,1751
2026-09-23T10:07:00.000Z,2026-09-23T13:07:00,125.35,125.35,125.3,125.3,528
2026-09-23T10:08:00.000Z,2026-09-23T13:08:00,125.35,125.35,125.35,125.35,10
2026-09-23T10:09:00.000Z,2026-09-23T13:09:00,125.35,125.35,125.26,125.26,5275
2026-09-23T10:10:00.000Z,2026-09-23T13:10:00,125.26,125.26,125.25,125.25,5490
2026-09-23T10:11:00.000Z,2026-09-23T13:11:00,125.34,125.34,125.34,125.34,32
2026-09-23T10:13:00.000Z,2026-09-23T13:13:00,125.25,125.25,125.2,125.2,1181
2026-09-23T10:14:00.000Z,2026-09-23T13:14:00,125.3,125.3,125.2,125.29,486
2026-09-23T10:15:00.000Z,2026-09-23T13:15:00,125.29,125.29,125.06,125.06,5142
2026-09-23T10:16:00.000Z,2026-09-23T13:16:00,125.06,125.29,125.02,125.02,4179
2026-09-23T10:17:00.000Z,2026-09-23T13:17:00,125.28,125.28,125.1,125.1,98
2026-09-23T10:18:00.000Z,2026-09-23T13:18:00,125.1,125.1,125.1,125.1,617
2026-09-23T10:19:00.000Z,2026-09-23T13:19:00,125.1,125.2,125.03,125.04,2420
2026-09-23T10:20:00.000Z,2026-09-23T13:20:00,125.06,125.19,125.04,125.04,576
2026-09-23T10:21:00.000Z,2026-09-23T13:21:00,125.15,125.15,125.03,125.15,1670
2026-09-23T10:22:00.000Z,2026-09-23T13:22:00,125.15,125.15,125.03,125.15,3738
2026-09-23T10:23:00.000Z,2026-09-23T13:23:00,125.04,125.13,125.03,125.13,1661
2026-09-23T10:24:00.000Z,2026-09-23T13:24:00,125.05,125.05,125.03,125.03,204
2026-09-23T10:25:00.000Z,2026-09-23T13:25:00,125.03,125.03,125.03,125.03,195
2026-09-23T10:26:00.000Z,2026-09-23T13:26:00,125.04,125.1,125.03,125.1,82
2026-09-23T10:27:00.000Z,2026-09-23T13:27:00,125.03,125.1,125.03,125.03,1342
2026-09-23T10:28:00.000Z,2026-09-23T13:28:00,125.1,125.1,125.02,125.02,5779
2026-09-23T10:29:00.000Z,2026-09-23T13:29:00,125.03,125.1,125.01,125.01,1146
2026-09-23T10:30:00.000Z,2026-09-23T13:30:00,125.09,125.09,125.09,125.09,1
2026-09-23T10:31:00.000Z,2026-09-23T13:31:00,125.08,125.08,125.05,125.05,57
2026-09-23T10:32:00.000Z,2026-09-23T13:32:00,125.02,125.08,125.02,125.02,708
2026-09-23T10:33:00.000Z,2026-09-23T13:33:00,125.08,125.08,124.95,124.95,29243
2026-09-23T10:34:00.000Z,2026-09-23T13:34:00,124.99,125,124.9,124.9,5510
2026-09-23T10:35:00.000Z,2026-09-23T13:35:00,125,125,124.9,125,258
2026-09-23T10:36:00.000Z,2026-09-23T13:36:00,125,125,124.9,125,379
2026-09-23T10:37:00.000Z,2026-09-23T13:37:00,125,125,124.9,124.98,491
2026-09-23T10:38:00.000Z,2026-09-23T13:38:00,124.9,124.97,124.9,124.97,1571
2026-09-23T10:39:00.000Z,2026-09-23T13:39:00,124.97,125,124.9,125,864
2026-09-23T10:40:00.000Z,2026-09-23T13:40:00,124.99,124.99,124.9,124.9,353
2026-09-23T10:41:00.000Z,2026-09-23T13:41:00,124.9,124.98,124.9,124.98,142
2026-09-23T10:42:00.000Z,2026-09-23T13:42:00,124.9,124.98,124.9,124.97,38
2026-09-23T10:43:00.000Z,2026-09-23T13:43:00,124.96,124.96,124.96,124.96,4
2026-09-23T10:44:00.000Z,2026-09-23T13:44:00,124.96,124.97,124.9,124.97,303
2026-09-23T10:45:00.000Z,2026-09-23T13:45:00,124.9,124.97,124.9,124.97,183
2026-09-23T10:46:00.000Z,2026-09-23T13:46:00,124.94,124.97,124.91,124.91,385
2026-09-23T10:47:00.000Z,2026-09-23T13:47:00,124.9,124.91,124.85,124.85,4881
2026-09-23T10:48:00.000Z,2026-09-23T13:48:00,124.8,124.8,124.25,124.25,6895
2026-09-23T10:49:00.000Z,2026-09-23T13:49:00,124.25,124.79,124.12,124.69,507
2026-09-23T10:50:00.000Z,2026-09-23T13:50:00,124.69,124.69,124.69,124.69,134
2026-09-23T10:51:00.000Z,2026-09-23T13:51:00,124.5,124.59,124.1,124.1,638
2026-09-23T10:52:00.000Z,2026-09-23T13:52:00,124.54,124.54,124.1,124.1,212
2026-09-23T10:53:00.000Z,2026-09-23T13:53:00,124.11,124.51,124.11,124.4,2171
2026-09-23T10:54:00.000Z,2026-09-23T13:54:00,124.4,124.78,124.2,124.4,819
2026-09-23T10:55:00.000Z,2026-09-23T13:55:00,124.4,124.7,124.4,124.7,55
2026-09-23T10:56:00.000Z,2026-09-23T13:56:00,124.69,125,124.6,124.99,3884
2026-09-23T10:57:00.000Z,2026-09-23T13:57:00,124.99,125,124.7,124.7,5061
2026-09-23T10:58:00.000Z,2026-09-23T13:58:00,124.7,125,124.5,125,2655
2026-09-23T10:59:00.000Z,2026-09-23T13:59:00,124.99,124.99,124.5,124.5,53
2026-09-23T11:00:00.000Z,2026-09-23T14:00:00,124.7,124.7,124.7,124.7,5
2026-09-23T11:01:00.000Z,2026-09-23T14:01:00,124.7,124.7,124.5,124.5,377
2026-09-23T11:02:00.000Z,2026-09-23T14:02:00,124.5,124.5,124.5,124.5,127
2026-09-23T11:03:00.000Z,2026-09-23T14:03:00,124.5,124.7,124.5,124.7,1268
2026-09-23T11:04:00.000Z,2026-09-23T14:04:00,124.98,124.98,124.5,124.5,21
2026-09-23T11:05:00.000Z,2026-09-23T14:05:00,124.99,124.99,124.5,124.5,91
2026-09-23T11:06:00.000Z,2026-09-23T14:06:00,124.99,124.99,124.99,124.99,63
2026-09-23T11:07:00.000Z,2026-09-23T14:07:00,124.5,124.5,124.5,124.5,70
2026-09-23T11:08:00.000Z,2026-09-23T14:08:00,124.51,124.68,124.5,124.68,119
2026-09-23T11:09:00.000Z,2026-09-23T14:09:00,124.68,124.68,124.4,124.4,428
2026-09-23T11:10:00.000Z,2026-09-23T14:10:00,124.68,124.68,124.66,124.66,44
2026-09-23T11:11:00.000Z,2026-09-23T14:11:00,124.5,124.64,124.5,124.64,252
2026-09-23T11:12:00.000Z,2026-09-23T14:12:00,124.5,124.5,124.21,124.4,841
2026-09-23T11:13:00.000Z,2026-09-23T14:13:00,124.4,124.4,124.39,124.39,198
2026-09-23T11:14:00.000Z,2026-09-23T14:14:00,124.3,124.34,124.12,124.12,1522
2026-09-23T11:15:00.000Z,2026-09-23T14:15:00,124.34,124.34,124.34,124.34,10
2026-09-23T11:25:00.000Z,2026-09-23T14:25:00,124,124,124,124,6162
2026-09-23T11:26:00.000Z,2026-09-23T14:26:00,124,124,124,124,244
2026-09-23T11:27:00.000Z,2026-09-23T14:27:00,124,124,124,124,1
2026-09-23T11:29:00.000Z,2026-09-23T14:29:00,124,124,124,124,175
2026-09-24T07:00:00.000Z,2026-09-24T10:00:00,124,124.33,124,124,6430
2026-09-24T07:01:00.000Z,2026-09-24T10:01:00,124,124.98,124,124.97,1641
2026-09-24T07:02:00.000Z,2026-09-24T10:02:00,124.01,124.97,124.01,124.89,547
2026-09-24T07:03:00.000Z,2026-09-24T10:03:00,124.01,124.01,124.01,124.01,78
2026-09-24T07:04:00.000Z,2026-09-24T10:04:00,124.79,124.79,124.01,124.76,113
2026-09-24T07:05:00.000Z,2026-09-24T10:05:00,124.7,124.7,124,124,5368
2026-09-24T07:06:00.000Z,2026-09-24T10:06:00,124,124,123.51,123.74,640
2026-09-24T07:07:00.000Z,2026-09-24T10:07:00,123.74,123.98,123.01,123.01,4291
2026-09-24T07:08:00.000Z,2026-09-24T10:08:00,123.01,123.49,123.01,123.38,2138
2026-09-24T07:09:00.000Z,2026-09-24T10:09:00,123.35,123.48,123.01,123.01,1297
2026-09-24T07:10:00.000Z,2026-09-24T10:10:00,123.48,123.48,123.01,123.48,407
2026-09-24T07:11:00.000Z,2026-09-24T10:11:00,123.48,123.48,123.05,123.05,185
2026-09-24T07:12:00.000Z,2026-09-24T10:12:00,123.48,123.48,123.05,123.05,19
2026-09-24T07:13:00.000Z,2026-09-24T10:13:00,123.05,123.47,123.03,123.47,2650
2026-09-24T07:14:00.000Z,2026-09-24T10:14:00,123.45,123.45,123.02,123.45,243
2026-09-24T07:15:00.000Z,2026-09-24T10:15:00,123.45,123.45,123,123,14101
2026-09-24T07:16:00.000Z,2026-09-24T10:16:00,123.43,123.43,123,123,593
2026-09-24T07:17:00.000Z,2026-09-24T10:17:00,123,123.43,122.91,123.42,1290
2026-09-24T07:18:00.000Z,2026-09-24T10:18:00,122.91,123.29,122.91,123.24,959
2026-09-24T07:19:00.000Z,2026-09-24T10:19:00,123.1,123.1,122.91,122.91,1005
2026-09-24T07:20:00.000Z,2026-09-24T10:20:00,122.91,123,122.8,123,3011
2026-09-24T07:21:00.000Z,2026-09-24T10:21:00,122.6,123,122.01,122.08,6134
2026-09-24T07:22:00.000Z,2026-09-24T10:22:00,122.08,122.5,121.89,122,15484
2026-09-24T07:23:00.000Z,2026-09-24T10:23:00,121.89,121.89,121.02,121.09,1330
2026-09-24T07:24:00.000Z,2026-09-24T10:24:00,121.5,121.5,121.01,121.01,2680
2026-09-24T07:25:00.000Z,2026-09-24T10:25:00,121.26,121.5,121.02,121.5,1658
2026-09-24T07:26:00.000Z,2026-09-24T10:26:00,121.49,122,121.1,122,4426
2026-09-24T07:27:00.000Z,2026-09-24T10:27:00,121.23,121.95,121.16,121.29,1598
2026-09-24T07:28:00.000Z,2026-09-24T10:28:00,121.29,121.8,121.13,121.6,1489
2026-09-24T07:29:00.000Z,2026-09-24T10:29:00,121.2,121.6,121.2,121.25,358
2026-09-24T07:30:00.000Z,2026-09-24T10:30:00,121.3,121.48,121.3,121.48,73
2026-09-24T07:31:00.000Z,2026-09-24T10:31:00,121.35,121.48,121.1,121.45,3364
2026-09-24T07:32:00.000Z,2026-09-24T10:32:00,121.45,121.47,121.45,121.47,389
2026-09-24T07:33:00.000Z,2026-09-24T10:33:00,121.47,121.47,121.12,121.45,4361
2026-09-24T07:34:00.000Z,2026-09-24T10:34:00,121.45,121.49,121.2,121.2,833
2026-09-24T07:35:00.000Z,2026-09-24T10:35:00,121.15,121.97,121.15,121.97,1447
2026-09-24T07:36:00.000Z,2026-09-24T10:36:00,121.97,121.97,121.6,121.97,501
2026-09-24T07:37:00.000Z,2026-09-24T10:37:00,121.97,122.39,121.95,121.99,4678
2026-09-24T07:38:00.000Z,2026-09-24T10:38:00,121.99,121.99,121.9,121.9,225
2026-09-24T07:39:00.000Z,2026-09-24T10:39:00,121.9,122.33,121.63,122.33,540
2026-09-24T07:40:00.000Z,2026-09-24T10:40:00,122.33,122.4,121.9,122.4,1477
2026-09-24T07:41:00.000Z,2026-09-24T10:41:00,121.9,122.38,121.6,121.6,1601
2026-09-24T07:42:00.000Z,2026-09-24T10:42:00,122,122.4,121.99,122.3,4210
2026-09-24T07:43:00.000Z,2026-09-24T10:43:00,122,122,122,122,2015
2026-09-24T07:44:00.000Z,2026-09-24T10:44:00,122,122,121.99,122,1298
2026-09-24T07:45:00.000Z,2026-09-24T10:45:00,122,122,121.71,122,1191
2026-09-24T07:46:00.000Z,2026-09-24T10:46:00,122,122.28,122,122,1671
2026-09-24T07:47:00.000Z,2026-09-24T10:47:00,122,122.3,121.91,121.91,4449
2026-09-24T07:48:00.000Z,2026-09-24T10:48:00,122,122,121.9,121.9,966
2026-09-24T07:49:00.000Z,2026-09-24T10:49:00,122,122,121.9,121.9,615
2026-09-24T07:50:00.000Z,2026-09-24T10:50:00,121.9,121.98,121.9,121.96,39
2026-09-24T07:51:00.000Z,2026-09-24T10:51:00,121.96,121.96,121.7,121.89,735
2026-09-24T07:52:00.000Z,2026-09-24T10:52:00,121.89,121.89,121.35,121.84,2433
2026-09-24T07:53:00.000Z,2026-09-24T10:53:00,121.83,122,121.5,122,5242
2026-09-24T07:54:00.000Z,2026-09-24T10:54:00,122,122,121.25,122,1062
2026-09-24T07:55:00.000Z,2026-09-24T10:55:00,122,122,121.5,121.98,2311
2026-09-24T07:56:00.000Z,2026-09-24T10:56:00,121.5,122,121.5,121.99,2191
2026-09-24T07:57:00.000Z,2026-09-24T10:57:00,121.98,121.99,121.96,121.98,251
2026-09-24T07:58:00.000Z,2026-09-24T10:58:00,121.97,121.97,121.95,121.95,66
2026-09-24T07:59:00.000Z,2026-09-24T10:59:00,121.95,121.95,121.94,121.94,155
2026-09-24T08:00:00.000Z,2026-09-24T11:00:00,121.94,121.94,121.94,121.94,229
2026-09-24T08:01:00.000Z,2026-09-24T11:01:00,121.94,121.94,121.25,121.92,6169
2026-09-24T08:02:00.000Z,2026-09-24T11:02:00,121.25,121.93,121.2,121.8,6010
2026-09-24T08:03:00.000Z,2026-09-24T11:03:00,121.79,121.79,121.79,121.79,103
2026-09-24T08:04:00.000Z,2026-09-24T11:04:00,121.5,121.8,121.25,121.8,627
2026-09-24T08:05:00.000Z,2026-09-24T11:05:00,121.8,121.88,121.8,121.88,60
2026-09-24T08:06:00.000Z,2026-09-24T11:06:00,121.5,121.5,121.5,121.5,205
2026-09-24T08:07:00.000Z,2026-09-24T11:07:00,121.49,121.49,121.25,121.25,1340
2026-09-24T08:08:00.000Z,2026-09-24T11:08:00,121.25,121.49,121.2,121.49,1199
2026-09-24T08:09:00.000Z,2026-09-24T11:09:00,121.49,121.8,121.25,121.47,34
2026-09-24T08:10:00.000Z,2026-09-24T11:10:00,121.47,121.47,121.17,121.2,487
2026-09-24T08:11:00.000Z,2026-09-24T11:11:00,121.47,121.48,121.47,121.48,169
2026-09-24T08:12:00.000Z,2026-09-24T11:12:00,121.21,121.48,121.21,121.48,271
2026-09-24T08:13:00.000Z,2026-09-24T11:13:00,121.48,121.92,121.48,121.92,1078
2026-09-24T08:14:00.000Z,2026-09-24T11:14:00,121.5,121.92,121.21,121.92,86
2026-09-24T08:15:00.000Z,2026-09-24T11:15:00,121.5,121.92,121.5,121.92,43
2026-09-24T08:16:00.000Z,2026-09-24T11:16:00,121.5,121.94,121.22,121.94,2017
2026-09-24T08:17:00.000Z,2026-09-24T11:17:00,121.94,122.29,121.94,122,2311
2026-09-24T08:18:00.000Z,2026-09-24T11:18:00,122,122,121.31,121.31,218
2026-09-24T08:19:00.000Z,2026-09-24T11:19:00,122,122,121.99,122,258
2026-09-24T08:20:00.000Z,2026-09-24T11:20:00,121.99,121.99,121.3,121.99,211
2026-09-24T08:21:00.000Z,2026-09-24T11:21:00,121.92,121.92,121.3,121.92,109
2026-09-24T08:22:00.000Z,2026-09-24T11:22:00,121.9,121.9,121.31,121.9,173
2026-09-24T08:23:00.000Z,2026-09-24T11:23:00,121.9,121.9,121.9,121.9,319
2026-09-24T08:25:00.000Z,2026-09-24T11:25:00,121.55,121.88,121.4,121.88,56
2026-09-24T08:26:00.000Z,2026-09-24T11:26:00,121.79,121.84,121.23,121.84,3781
2026-09-24T08:27:00.000Z,2026-09-24T11:27:00,121.84,121.84,121.4,121.78,2126
2026-09-24T08:28:00.000Z,2026-09-24T11:28:00,121.5,121.5,121.3,121.3,1359
2026-09-24T08:29:00.000Z,2026-09-24T11:29:00,121.3,121.4,121.22,121.4,1187
2026-09-24T08:30:00.000Z,2026-09-24T11:30:00,121.4,121.5,121.15,121.5,6468
2026-09-24T08:32:00.000Z,2026-09-24T11:32:00,121.5,121.5,121.06,121.06,5362
2026-09-24T08:33:00.000Z,2026-09-24T11:33:00,121.47,121.48,121.06,121.48,1732
2026-09-24T08:34:00.000Z,2026-09-24T11:34:00,121.47,121.8,121.47,121.5,3301
2026-09-24T08:35:00.000Z,2026-09-24T11:35:00,121.5,121.5,121.5,121.5,143
2026-09-24T08:36:00.000Z,2026-09-24T11:36:00,121.11,121.11,121.06,121.06,600
2026-09-24T08:37:00.000Z,2026-09-24T11:37:00,121.06,121.49,121.06,121.49,691
2026-09-24T08:38:00.000Z,2026-09-24T11:38:00,121.49,121.49,121.02,121.02,2679
2026-09-24T08:39:00.000Z,2026-09-24T11:39:00,121.49,121.49,121.49,121.49,102
2026-09-24T08:40:00.000Z,2026-09-24T11:40:00,121.49,121.49,121.44,121.44,147
2026-09-24T08:41:00.000Z,2026-09-24T11:41:00,121.44,121.45,121.06,121.45,1155
2026-09-24T08:42:00.000Z,2026-09-24T11:42:00,121.44,121.44,121.06,121.44,79
2026-09-24T08:43:00.000Z,2026-09-24T11:43:00,121.44,121.44,121.1,121.43,509
2026-09-24T08:44:00.000Z,2026-09-24T11:44:00,121.25,121.48,121.07,121.48,2252
2026-09-24T08:45:00.000Z,2026-09-24T11:45:00,121.43,121.43,121.43,121.43,5
2026-09-24T08:46:00.000Z,2026-09-24T11:46:00,121.42,121.42,121.38,121.4,107
2026-09-24T08:47:00.000Z,2026-09-24T11:47:00,121.3,121.3,121.07,121.07,2583
2026-09-24T08:48:00.000Z,2026-09-24T11:48:00,121.39,121.43,121.39,121.43,2089
2026-09-24T08:49:00.000Z,2026-09-24T11:49:00,121.2,121.39,121.05,121.39,1668
2026-09-24T08:50:00.000Z,2026-09-24T11:50:00,121.39,121.39,121.03,121.03,2844
2026-09-24T08:51:00.000Z,2026-09-24T11:51:00,121.37,121.37,121.2,121.37,87
2026-09-24T08:52:00.000Z,2026-09-24T11:52:00,121.3,121.35,121.2,121.35,240
2026-09-24T08:53:00.000Z,2026-09-24T11:53:00,121.35,121.35,121.2,121.2,386
2026-09-24T08:54:00.000Z,2026-09-24T11:54:00,121.11,121.34,121,121.34,17500
2026-09-24T08:55:00.000Z,2026-09-24T11:55:00,121,121,120.55,120.55,3404
2026-09-24T08:56:00.000Z,2026-09-24T11:56:00,120.65,121.28,120.6,121,2286
2026-09-24T08:57:00.000Z,2026-09-24T11:57:00,121,121,120.51,121,2870
2026-09-24T08:58:00.000Z,2026-09-24T11:58:00,121,121,121,121,320
2026-09-24T08:59:00.000Z,2026-09-24T11:59:00,121,121,120.99,120.99,495
2026-09-24T09:00:00.000Z,2026-09-24T12:00:00,120.99,121,120.56,121,585
2026-09-24T09:01:00.000Z,2026-09-24T12:01:00,121,121,120.56,120.56,1684
2026-09-24T09:02:00.000Z,2026-09-24T12:02:00,120.56,120.99,120.56,120.6,771
2026-09-24T09:03:00.000Z,2026-09-24T12:03:00,120.85,121,120.55,121,3069
2026-09-24T09:04:00.000Z,2026-09-24T12:04:00,120.95,121.2,120.95,121.19,10089
2026-09-24T09:05:00.000Z,2026-09-24T12:05:00,121.19,121.9,121.18,121.18,10473
2026-09-24T09:06:00.000Z,2026-09-24T12:06:00,121.18,121.88,121.18,121.8,156
2026-09-24T09:07:00.000Z,2026-09-24T12:07:00,121.8,121.8,121.79,121.79,265
2026-09-24T09:08:00.000Z,2026-09-24T12:08:00,121.78,121.8,121.78,121.8,1027
2026-09-24T09:09:00.000Z,2026-09-24T12:09:00,121.2,121.8,121.2,121.8,29
2026-09-24T09:10:00.000Z,2026-09-24T12:10:00,121.7,121.7,121.7,121.7,40
2026-09-24T09:11:00.000Z,2026-09-24T12:11:00,121.7,121.79,121.31,121.56,1043
2026-09-24T09:12:00.000Z,2026-09-24T12:12:00,121.78,121.8,121.78,121.79,1087
2026-09-24T09:13:00.000Z,2026-09-24T12:13:00,121.79,121.87,121.79,121.85,2152
2026-09-24T09:14:00.000Z,2026-09-24T12:14:00,121.75,121.8,121.75,121.8,83
2026-09-24T09:15:00.000Z,2026-09-24T12:15:00,121.79,121.79,121.2,121.2,1286
2026-09-24T09:16:00.000Z,2026-09-24T12:16:00,121.4,121.78,121.4,121.78,529
2026-09-24T09:17:00.000Z,2026-09-24T12:17:00,121.7,121.77,121.69,121.69,2354
2026-09-24T09:18:00.000Z,2026-09-24T12:18:00,121.67,121.69,121.32,121.32,643
2026-09-24T09:19:00.000Z,2026-09-24T12:19:00,121.69,121.69,121.32,121.69,221
2026-09-24T09:20:00.000Z,2026-09-24T12:20:00,121.68,121.79,121.33,121.79,2435
2026-09-24T09:21:00.000Z,2026-09-24T12:21:00,121.79,121.79,121.69,121.69,157
2026-09-24T09:22:00.000Z,2026-09-24T12:22:00,121.69,121.69,121.68,121.68,86
2026-09-24T09:23:00.000Z,2026-09-24T12:23:00,121.69,121.69,121.4,121.69,164
2026-09-24T09:24:00.000Z,2026-09-24T12:24:00,121.4,121.4,121.4,121.4,101
2026-09-24T09:25:00.000Z,2026-09-24T12:25:00,121.66,121.67,121.4,121.4,259
2026-09-24T09:26:00.000Z,2026-09-24T12:26:00,121.4,121.6,121.18,121.58,2579
2026-09-24T09:27:00.000Z,2026-09-24T12:27:00,121.5,121.5,121.4,121.5,1321
2026-09-24T09:28:00.000Z,2026-09-24T12:28:00,121.5,121.5,121.2,121.2,883
2026-09-24T09:29:00.000Z,2026-09-24T12:29:00,121.49,121.49,121.46,121.46,6
2026-09-24T09:30:00.000Z,2026-09-24T12:30:00,121.46,121.5,121.2,121.49,5539
2026-09-24T09:31:00.000Z,2026-09-24T12:31:00,121.49,121.49,121.31,121.48,130
2026-09-24T09:32:00.000Z,2026-09-24T12:32:00,121.21,121.49,121.21,121.49,133
2026-09-24T09:33:00.000Z,2026-09-24T12:33:00,121.49,121.5,121.49,121.5,1929
2026-09-24T09:34:00.000Z,2026-09-24T12:34:00,121.48,121.48,121.21,121.21,81
2026-09-24T09:35:00.000Z,2026-09-24T12:35:00,121.48,121.49,121.48,121.49,108
2026-09-24T09:36:00.000Z,2026-09-24T12:36:00,121.45,121.45,121.21,121.3,221
2026-09-24T09:37:00.000Z,2026-09-24T12:37:00,121.4,121.4,121,121,7820
2026-09-24T09:38:00.000Z,2026-09-24T12:38:00,121,121.37,120.99,120.99,5296
2026-09-24T09:39:00.000Z,2026-09-24T12:39:00,120.95,120.99,120.81,120.98,152
2026-09-24T09:40:00.000Z,2026-09-24T12:40:00,120.81,120.97,120.8,120.97,2616
2026-09-24T09:41:00.000Z,2026-09-24T12:41:00,120.97,120.97,120.94,120.94,207
2026-09-24T09:42:00.000Z,2026-09-24T12:42:00,120.82,120.82,120.6,120.7,1225
2026-09-24T09:43:00.000Z,2026-09-24T12:43:00,120.87,120.9,120.6,120.89,1053
2026-09-24T09:44:00.000Z,2026-09-24T12:44:00,120.89,120.89,120.6,120.87,23
2026-09-24T09:45:00.000Z,2026-09-24T12:45:00,120.61,120.61,120.6,120.6,265
2026-09-24T09:46:00.000Z,2026-09-24T12:46:00,120.6,120.8,120.6,120.8,393
2026-09-24T09:47:00.000Z,2026-09-24T12:47:00,120.79,120.79,120.51,120.78,6887
2026-09-24T09:48:00.000Z,2026-09-24T12:48:00,120.71,120.71,120.51,120.66,850
2026-09-24T09:49:00.000Z,2026-09-24T12:49:00,120.6,120.65,120.5,120.5,7360
2026-09-24T09:50:00.000Z,2026-09-24T12:50:00,120.5,120.5,120.25,120.25,3701
2026-09-24T09:51:00.000Z,2026-09-24T12:51:00,120.22,120.22,118.48,119.98,25539
2026-09-24T09:52:00.000Z,2026-09-24T12:52:00,119.95,119.99,119.01,119.11,1412
2026-09-24T09:53:00.000Z,2026-09-24T12:53:00,119.26,119.5,119.26,119.5,341
2026-09-24T09:54:00.000Z,2026-09-24T12:54:00,119.5,119.5,118.1,119,4948
2026-09-24T09:55:00.000Z,2026-09-24T12:55:00,119.39,119.4,118.03,119,2616
2026-09-24T09:56:00.000Z,2026-09-24T12:56:00,118.21,119.3,118.21,119.3,3003
2026-09-24T09:57:00.000Z,2026-09-24T12:57:00,119.3,119.75,119,119.74,2885
2026-09-24T09:58:00.000Z,2026-09-24T12:58:00,119.5,119.5,118.5,118.5,3234
2026-09-24T09:59:00.000Z,2026-09-24T12:59:00,118.99,118.99,118.26,118.3,1250
2026-09-24T10:00:00.000Z,2026-09-24T13:00:00,118.3,118.98,118.16,118.16,5305
2026-09-24T10:01:00.000Z,2026-09-24T13:01:00,118.16,118.5,118.05,118.49,6201
2026-09-24T10:02:00.000Z,2026-09-24T13:02:00,118.49,118.49,118.17,118.17,829
2026-09-24T10:03:00.000Z,2026-09-24T13:03:00,118.16,118.48,118.09,118.47,1733
2026-09-24T10:04:00.000Z,2026-09-24T13:04:00,118.4,118.4,118.1,118.35,993
2026-09-24T10:05:00.000Z,2026-09-24T13:05:00,118.35,118.39,118.1,118.34,2264
2026-09-24T10:06:00.000Z,2026-09-24T13:06:00,118.34,118.34,117.5,118.09,11162
2026-09-24T10:07:00.000Z,2026-09-24T13:07:00,118,118.09,117.5,118,4089
2026-09-24T10:08:00.000Z,2026-09-24T13:08:00,117.51,118,117,117.88,6768
2026-09-24T10:09:00.000Z,2026-09-24T13:09:00,117.88,117.88,117.02,117.88,657
2026-09-24T10:10:00.000Z,2026-09-24T13:10:00,117.88,117.88,117.06,117.88,651
2026-09-24T10:11:00.000Z,2026-09-24T13:11:00,117.88,117.88,117.01,117.02,5078
2026-09-24T10:12:00.000Z,2026-09-24T13:12:00,117.49,117.49,116.99,117,4567
2026-09-24T10:13:00.000Z,2026-09-24T13:13:00,117,117.3,116.5,117.3,3576
2026-09-24T10:14:00.000Z,2026-09-24T13:14:00,117.29,117.5,117.01,117.5,2293
2026-09-24T10:15:00.000Z,2026-09-24T13:15:00,117.88,117.98,117.1,117.5,1222
2026-09-24T10:16:00.000Z,2026-09-24T13:16:00,117.95,117.95,117.5,117.5,183
2026-09-24T10:17:00.000Z,2026-09-24T13:17:00,117.5,117.98,117,117.9,2479
2026-09-24T10:18:00.000Z,2026-09-24T13:18:00,117.9,117.98,117.79,117.98,290
2026-09-24T10:19:00.000Z,2026-09-24T13:19:00,117.98,117.98,117.06,117.96,1401
2026-09-24T10:20:00.000Z,2026-09-24T13:20:00,117.9,117.9,117.8,117.9,151
2026-09-24T10:21:00.000Z,2026-09-24T13:21:00,117.54,117.96,117.54,117.95,860
2026-09-24T10:22:00.000Z,2026-09-24T13:22:00,117.94,117.94,117.89,117.89,2092
2026-09-24T10:23:00.000Z,2026-09-24T13:23:00,117.9,118.3,117.76,117.89,312835
2026-09-24T10:24:00.000Z,2026-09-24T13:24:00,118,118,117.9,117.9,10091
2026-09-24T10:25:00.000Z,2026-09-24T13:25:00,117.9,117.9,117.89,117.9,790
2026-09-24T10:26:00.000Z,2026-09-24T13:26:00,117.89,117.9,117.51,117.9,406
2026-09-24T10:27:00.000Z,2026-09-24T13:27:00,117.9,118,117.53,117.53,6511
2026-09-24T10:28:00.000Z,2026-09-24T13:28:00,118,118,117.55,118,17883
2026-09-24T10:29:00.000Z,2026-09-24T13:29:00,118,118,117.53,118,14334
2026-09-24T10:30:00.000Z,2026-09-24T13:30:00,117.96,118,117.66,117.96,7155
2026-09-24T10:31:00.000Z,2026-09-24T13:31:00,117.96,117.96,117.2,117.96,4345
2026-09-24T10:32:00.000Z,2026-09-24T13:32:00,117.7,117.96,117.7,117.96,330
2026-09-24T10:33:00.000Z,2026-09-24T13:33:00,117.75,118,117.68,117.68,3583
2026-09-24T10:34:00.000Z,2026-09-24T13:34:00,117.99,118,117.68,117.99,5922
2026-09-24T10:35:00.000Z,2026-09-24T13:35:00,117.7,117.99,117.52,117.68,1504
2026-09-24T10:36:00.000Z,2026-09-24T13:36:00,117.68,118,117.53,118,6151
2026-09-24T10:37:00.000Z,2026-09-24T13:37:00,118,118,118,118,18988
2026-09-24T10:38:00.000Z,2026-09-24T13:38:00,118,118,117.91,118,3395
2026-09-24T10:39:00.000Z,2026-09-24T13:39:00,117.99,118,117.8,118,115993
2026-09-24T10:40:00.000Z,2026-09-24T13:40:00,118,119,118,119,3301
2026-09-24T10:41:00.000Z,2026-09-24T13:41:00,119,119,119,119,444
2026-09-24T10:42:00.000Z,2026-09-24T13:42:00,118.95,119,118,119,4451
2026-09-24T10:43:00.000Z,2026-09-24T13:43:00,118.99,118.99,118.5,118.9,460
2026-09-24T10:44:00.000Z,2026-09-24T13:44:00,118.5,118.8,118.01,118.8,1479
2026-09-24T10:45:00.000Z,2026-09-24T13:45:00,118.8,118.8,118.5,118.5,587
2026-09-24T10:46:00.000Z,2026-09-24T13:46:00,118.8,118.8,118.2,118.5,982
2026-09-24T10:47:00.000Z,2026-09-24T13:47:00,118.5,118.5,118.2,118.5,739
2026-09-24T10:48:00.000Z,2026-09-24T13:48:00,118.5,118.5,118.2,118.5,321
2026-09-24T10:49:00.000Z,2026-09-24T13:49:00,118.5,118.8,118.2,118.8,1947
2026-09-24T10:50:00.000Z,2026-09-24T13:50:00,118.8,118.8,118.79,118.79,311
2026-09-24T10:51:00.000Z,2026-09-24T13:51:00,118.53,118.99,118.5,118.99,9136
2026-09-24T10:52:00.000Z,2026-09-24T13:52:00,118.54,118.98,118.4,118.98,1328
2026-09-24T10:53:00.000Z,2026-09-24T13:53:00,118.98,118.98,118.52,118.98,666
2026-09-24T10:54:00.000Z,2026-09-24T13:54:00,118.98,118.99,118.6,118.61,1761
2026-09-24T10:55:00.000Z,2026-09-24T13:55:00,118.99,119.37,118.72,119.37,2729
2026-09-24T10:56:00.000Z,2026-09-24T13:56:00,119.36,119.36,119.35,119.35,325
2026-09-24T10:57:00.000Z,2026-09-24T13:57:00,119.1,119.4,119.1,119.39,1834
2026-09-24T10:58:00.000Z,2026-09-24T13:58:00,119.39,119.45,119.11,119.39,7022
2026-09-24T10:59:00.000Z,2026-09-24T13:59:00,119.45,119.5,118.91,119,46023
2026-09-24T11:00:00.000Z,2026-09-24T14:00:00,119.5,119.5,119.01,119.49,2388
2026-09-24T11:01:00.000Z,2026-09-24T14:01:00,119.4,119.49,119,119.4,7967
2026-09-24T11:02:00.000Z,2026-09-24T14:02:00,119.4,119.5,119.02,119.5,16088
2026-09-24T11:03:00.000Z,2026-09-24T14:03:00,119.5,119.75,119,119,9235
2026-09-24T11:04:00.000Z,2026-09-24T14:04:00,119,119.01,118.81,119,7464
2026-09-24T11:05:00.000Z,2026-09-24T14:05:00,119,119,119,119,4526
2026-09-24T11:06:00.000Z,2026-09-24T14:06:00,119,119,118.99,118.99,1748
2026-09-24T11:07:00.000Z,2026-09-24T14:07:00,118.99,119.49,118.5,119.49,6304
2026-09-24T11:08:00.000Z,2026-09-24T14:08:00,119.47,119.49,118.9,119.49,20533
2026-09-24T11:09:00.000Z,2026-09-24T14:09:00,119.49,119.49,118.5,118.7,4567
2026-09-24T11:10:00.000Z,2026-09-24T14:10:00,118.7,119.45,118.5,118.7,10148
2026-09-24T11:11:00.000Z,2026-09-24T14:11:00,119.33,119.33,118.72,119.33,2300
2026-09-24T11:12:00.000Z,2026-09-24T14:12:00,119.32,119.32,118.68,119.29,9188
2026-09-24T11:13:00.000Z,2026-09-24T14:13:00,119.29,119.3,119.27,119.27,1549
2026-09-24T11:14:00.000Z,2026-09-24T14:14:00,119.01,119.26,118.7,118.99,7241
2026-09-24T11:25:00.000Z,2026-09-24T14:25:00,118.5,118.5,118.5,118.5,38363
2026-09-24T11:26:00.000Z,2026-09-24T14:26:00,118.5,118.5,118.5,118.5,3834
2026-09-24T11:27:00.000Z,2026-09-24T14:27:00,118.5,118.5,118.5,118.5,2590
2026-09-24T11:28:00.000Z,2026-09-24T14:28:00,118.5,118.5,118.5,118.5,39731
2026-09-24T11:29:00.000Z,2026-09-24T14:29:00,118.5,118.5,118.5,118.5,1365
