timestamp_utc,timestamp_cairo,open,high,low,close,volume
2026-08-24T08:45:00.000Z,2026-08-24T11:45:00,15.44,15.47,15.44,15.47,4300
2026-08-24T08:46:00.000Z,2026-08-24T11:46:00,15.45,15.45,15.45,15.45,6621
2026-08-24T08:47:00.000Z,2026-08-24T11:47:00,15.45,15.45,15.44,15.44,13964
2026-08-24T08:48:00.000Z,2026-08-24T11:48:00,15.44,15.45,15.44,15.45,157
2026-08-24T08:49:00.000Z,2026-08-24T11:49:00,15.45,15.45,15.45,15.45,18
2026-08-24T08:50:00.000Z,2026-08-24T11:50:00,15.43,15.45,15.43,15.45,2041
2026-08-24T08:51:00.000Z,2026-08-24T11:51:00,15.43,15.43,15.42,15.42,17158
2026-08-24T08:52:00.000Z,2026-08-24T11:52:00,15.41,15.41,15.41,15.41,40211
2026-08-24T08:53:00.000Z,2026-08-24T11:53:00,15.41,15.41,15.41,15.41,10500
2026-08-24T08:54:00.000Z,2026-08-24T11:54:00,15.41,15.41,15.4,15.41,8008
2026-08-24T08:55:00.000Z,2026-08-24T11:55:00,15.41,15.41,15.4,15.4,27152
2026-08-24T08:56:00.000Z,2026-08-24T11:56:00,15.39,15.4,15.39,15.4,247
2026-08-24T08:57:00.000Z,2026-08-24T11:57:00,15.39,15.39,15.38,15.38,8000
2026-08-24T08:58:00.000Z,2026-08-24T11:58:00,15.38,15.4,15.36,15.4,2564
2026-08-24T09:01:00.000Z,2026-08-24T12:01:00,15.39,15.39,15.39,15.39,1
2026-08-24T09:02:00.000Z,2026-08-24T12:02:00,15.39,15.4,15.36,15.4,11053
2026-08-24T09:03:00.000Z,2026-08-24T12:03:00,15.39,15.4,15.39,15.4,23052
2026-08-24T09:04:00.000Z,2026-08-24T12:04:00,15.4,15.41,15.4,15.4,41921
2026-08-24T09:05:00.000Z,2026-08-24T12:05:00,15.4,15.4,15.4,15.4,10000
2026-08-24T09:06:00.000Z,2026-08-24T12:06:00,15.41,15.41,15.41,15.41,6042
2026-08-24T09:07:00.000Z,2026-08-24T12:07:00,15.4,15.42,15.4,15.42,1748
2026-08-24T09:08:00.000Z,2026-08-24T12:08:00,15.41,15.42,15.4,15.42,24261
2026-08-24T09:09:00.000Z,2026-08-24T12:09:00,15.43,15.43,15.41,15.41,3728
2026-08-24T09:10:00.000Z,2026-08-24T12:10:00,15.41,15.44,15.41,15.44,6874
2026-08-24T09:11:00.000Z,2026-08-24T12:11:00,15.44,15.47,15.44,15.47,53975
2026-08-24T09:12:00.000Z,2026-08-24T12:12:00,15.46,15.48,15.46,15.48,69973
2026-08-24T09:13:00.000Z,2026-08-24T12:13:00,15.45,15.45,15.45,15.45,8400
2026-08-24T09:14:00.000Z,2026-08-24T12:14:00,15.46,15.46,15.46,15.46,3653
2026-08-24T09:15:00.000Z,2026-08-24T12:15:00,15.46,15.46,15.42,15.42,55390
2026-08-24T09:18:00.000Z,2026-08-24T12:18:00,15.46,15.46,15.46,15.46,9957
2026-08-24T09:19:00.000Z,2026-08-24T12:19:00,15.46,15.46,15.45,15.45,56888
2026-08-24T09:20:00.000Z,2026-08-24T12:20:00,15.44,15.47,15.44,15.47,35979
2026-08-24T09:21:00.000Z,2026-08-24T12:21:00,15.45,15.48,15.45,15.45,28747
2026-08-24T09:22:00.000Z,2026-08-24T12:22:00,15.49,15.56,15.49,15.54,54888
2026-08-24T09:23:00.000Z,2026-08-24T12:23:00,15.53,15.53,15.5,15.52,6561
2026-08-24T09:24:00.000Z,2026-08-24T12:24:00,15.52,15.56,15.52,15.56,42111
2026-08-24T09:25:00.000Z,2026-08-24T12:25:00,15.57,15.57,15.53,15.53,8049
2026-08-24T09:26:00.000Z,2026-08-24T12:26:00,15.56,15.58,15.56,15.58,81739
2026-08-24T09:27:00.000Z,2026-08-24T12:27:00,15.59,15.66,15.59,15.65,160338
2026-08-24T09:28:00.000Z,2026-08-24T12:28:00,15.61,15.61,15.6,15.6,248153
2026-08-24T09:29:00.000Z,2026-08-24T12:29:00,15.6,15.65,15.6,15.61,73481
2026-08-24T09:30:00.000Z,2026-08-24T12:30:00,15.61,15.72,15.6,15.65,328903
2026-08-24T09:31:00.000Z,2026-08-24T12:31:00,15.66,15.69,15.66,15.68,174200
2026-08-24T09:32:00.000Z,2026-08-24T12:32:00,15.67,15.67,15.67,15.67,556
2026-08-24T09:33:00.000Z,2026-08-24T12:33:00,15.61,15.61,15.61,15.61,4001
2026-08-24T09:34:00.000Z,2026-08-24T12:34:00,15.64,15.65,15.64,15.64,38905
2026-08-24T09:35:00.000Z,2026-08-24T12:35:00,15.64,15.64,15.64,15.64,4112
2026-08-24T09:36:00.000Z,2026-08-24T12:36:00,15.63,15.63,15.62,15.63,22875
2026-08-24T09:37:00.000Z,2026-08-24T12:37:00,15.63,15.63,15.63,15.63,1000
2026-08-24T09:38:00.000Z,2026-08-24T12:38:00,15.64,15.67,15.64,15.66,60165
2026-08-24T09:39:00.000Z,2026-08-24T12:39:00,15.66,15.67,15.66,15.67,18140
2026-08-24T09:40:00.000Z,2026-08-24T12:40:00,15.67,15.68,15.67,15.68,228987
2026-08-24T09:41:00.000Z,2026-08-24T12:41:00,15.68,15.69,15.68,15.68,15199
2026-08-24T09:42:00.000Z,2026-08-24T12:42:00,15.68,15.69,15.68,15.68,75148
2026-08-24T09:43:00.000Z,2026-08-24T12:43:00,15.68,15.71,15.68,15.71,217423
2026-08-24T09:44:00.000Z,2026-08-24T12:44:00,15.72,15.75,15.7,15.75,250888
2026-08-24T09:45:00.000Z,2026-08-24T12:45:00,15.74,15.74,15.73,15.74,90261
2026-08-24T09:46:00.000Z,2026-08-24T12:46:00,15.74,15.74,15.71,15.74,102891
2026-08-24T09:47:00.000Z,2026-08-24T12:47:00,15.73,15.74,15.72,15.74,50488
2026-08-24T09:48:00.000Z,2026-08-24T12:48:00,15.73,15.76,15.61,15.61,155315
2026-08-24T09:49:00.000Z,2026-08-24T12:49:00,15.62,15.62,15.52,15.55,11146
2026-08-24T09:50:00.000Z,2026-08-24T12:50:00,15.6,15.6,15.55,15.6,102772
2026-08-24T09:51:00.000Z,2026-08-24T12:51:00,15.6,15.6,15.57,15.57,32109
2026-08-24T09:52:00.000Z,2026-08-24T12:52:00,15.6,15.6,15.56,15.6,126051
2026-08-24T09:53:00.000Z,2026-08-24T12:53:00,15.57,15.57,15.52,15.52,160925
2026-08-24T09:54:00.000Z,2026-08-24T12:54:00,15.55,15.55,15.53,15.53,34343
2026-08-24T09:55:00.000Z,2026-08-24T12:55:00,15.55,15.6,15.55,15.57,8710
2026-08-24T09:56:00.000Z,2026-08-24T12:56:00,15.6,15.66,15.6,15.64,29361
2026-08-24T09:58:00.000Z,2026-08-24T12:58:00,15.64,15.66,15.64,15.66,34379
2026-08-24T09:59:00.000Z,2026-08-24T12:59:00,15.64,15.66,15.64,15.66,9886
2026-08-24T10:00:00.000Z,2026-08-24T13:00:00,15.66,15.67,15.65,15.67,5434
2026-08-24T10:01:00.000Z,2026-08-24T13:01:00,15.66,15.67,15.65,15.67,20870
2026-08-24T10:02:00.000Z,2026-08-24T13:02:00,15.67,15.67,15.66,15.67,91213
2026-08-24T10:03:00.000Z,2026-08-24T13:03:00,15.68,15.68,15.67,15.68,28977
2026-08-24T10:04:00.000Z,2026-08-24T13:04:00,15.68,15.68,15.68,15.68,6832
2026-08-24T10:05:00.000Z,2026-08-24T13:05:00,15.68,15.69,15.68,15.69,10556
2026-08-24T10:06:00.000Z,2026-08-24T13:06:00,15.69,15.69,15.66,15.69,5630
2026-08-24T10:07:00.000Z,2026-08-24T13:07:00,15.67,15.67,15.6,15.6,46816
2026-08-24T10:08:00.000Z,2026-08-24T13:08:00,15.55,15.55,15.53,15.53,1454
2026-08-24T10:09:00.000Z,2026-08-24T13:09:00,15.53,15.59,15.53,15.59,810
2026-08-24T10:13:00.000Z,2026-08-24T13:13:00,15.58,15.58,15.53,15.53,1650
2026-08-24T10:15:00.000Z,2026-08-24T13:15:00,15.55,15.58,15.55,15.58,1086
2026-08-24T10:16:00.000Z,2026-08-24T13:16:00,15.55,15.6,15.55,15.6,7608
2026-08-24T10:17:00.000Z,2026-08-24T13:17:00,15.6,15.6,15.6,15.6,10
2026-08-24T10:18:00.000Z,2026-08-24T13:18:00,15.55,15.55,15.54,15.54,3100
2026-08-24T10:19:00.000Z,2026-08-24T13:19:00,15.58,15.58,15.55,15.55,292
2026-08-24T10:20:00.000Z,2026-08-24T13:20:00,15.55,15.55,15.55,15.55,9895
2026-08-24T10:21:00.000Z,2026-08-24T13:21:00,15.55,15.55,15.55,15.55,2078
2026-08-24T10:22:00.000Z,2026-08-24T13:22:00,15.56,15.56,15.54,15.54,20000
2026-08-24T10:23:00.000Z,2026-08-24T13:23:00,15.55,15.55,15.53,15.53,13679
2026-08-24T10:26:00.000Z,2026-08-24T13:26:00,15.54,15.55,15.54,15.55,420
2026-08-24T10:27:00.000Z,2026-08-24T13:27:00,15.55,15.55,15.55,15.55,4400
2026-08-24T10:28:00.000Z,2026-08-24T13:28:00,15.58,15.6,15.58,15.6,56444
2026-08-24T10:30:00.000Z,2026-08-24T13:30:00,15.6,15.65,15.6,15.65,25329
2026-08-24T10:31:00.000Z,2026-08-24T13:31:00,15.65,15.65,15.65,15.65,19797
2026-08-24T10:32:00.000Z,2026-08-24T13:32:00,15.65,15.66,15.65,15.66,76000
2026-08-24T10:33:00.000Z,2026-08-24T13:33:00,15.66,15.66,15.65,15.65,48589
2026-08-24T10:34:00.000Z,2026-08-24T13:34:00,15.65,15.65,15.63,15.65,70063
2026-08-24T10:35:00.000Z,2026-08-24T13:35:00,15.64,15.65,15.64,15.65,25978
2026-08-24T10:36:00.000Z,2026-08-24T13:36:00,15.64,15.64,15.6,15.6,26966
2026-08-24T10:37:00.000Z,2026-08-24T13:37:00,15.63,15.63,15.6,15.6,2835
2026-08-24T10:38:00.000Z,2026-08-24T13:38:00,15.6,15.6,15.6,15.6,123
2026-08-24T10:40:00.000Z,2026-08-24T13:40:00,15.56,15.56,15.56,15.56,100
2026-08-24T10:41:00.000Z,2026-08-24T13:41:00,15.6,15.6,15.6,15.6,500
2026-08-24T10:42:00.000Z,2026-08-24T13:42:00,15.58,15.58,15.55,15.55,9970
2026-08-24T10:43:00.000Z,2026-08-24T13:43:00,15.55,15.55,15.55,15.55,3029
2026-08-24T10:44:00.000Z,2026-08-24T13:44:00,15.58,15.6,15.58,15.6,1829
2026-08-24T10:45:00.000Z,2026-08-24T13:45:00,15.59,15.59,15.59,15.59,2000
2026-08-24T10:46:00.000Z,2026-08-24T13:46:00,15.59,15.59,15.55,15.59,5133
2026-08-24T10:47:00.000Z,2026-08-24T13:47:00,15.55,15.55,15.55,15.55,2879
2026-08-24T10:48:00.000Z,2026-08-24T13:48:00,15.58,15.58,15.58,15.58,5000
2026-08-24T10:49:00.000Z,2026-08-24T13:49:00,15.58,15.59,15.58,15.59,9000
2026-08-24T10:50:00.000Z,2026-08-24T13:50:00,15.58,15.58,15.58,15.58,6575
2026-08-24T10:51:00.000Z,2026-08-24T13:51:00,15.58,15.58,15.56,15.56,6047
2026-08-24T10:52:00.000Z,2026-08-24T13:52:00,15.56,15.58,15.56,15.56,2927
2026-08-24T10:53:00.000Z,2026-08-24T13:53:00,15.56,15.56,15.55,15.55,3914
2026-08-24T10:54:00.000Z,2026-08-24T13:54:00,15.55,15.55,15.55,15.55,500
2026-08-24T10:55:00.000Z,2026-08-24T13:55:00,15.55,15.55,15.54,15.54,14995
2026-08-24T10:56:00.000Z,2026-08-24T13:56:00,15.54,15.54,15.53,15.54,14881
2026-08-24T10:57:00.000Z,2026-08-24T13:57:00,15.55,15.57,15.55,15.57,11622
2026-08-24T10:58:00.000Z,2026-08-24T13:58:00,15.57,15.57,15.57,15.57,616
2026-08-24T10:59:00.000Z,2026-08-24T13:59:00,15.57,15.57,15.54,15.54,1230
2026-08-24T11:00:00.000Z,2026-08-24T14:00:00,15.57,15.57,15.57,15.57,1233
2026-08-24T11:01:00.000Z,2026-08-24T14:01:00,15.57,15.57,15.57,15.57,626
2026-08-24T11:02:00.000Z,2026-08-24T14:02:00,15.54,15.57,15.54,15.57,5016
2026-08-24T11:03:00.000Z,2026-08-24T14:03:00,15.57,15.58,15.57,15.58,10784
2026-08-24T11:04:00.000Z,2026-08-24T14:04:00,15.58,15.58,15.58,15.58,15671
2026-08-24T11:05:00.000Z,2026-08-24T14:05:00,15.57,15.57,15.55,15.56,11244
2026-08-24T11:06:00.000Z,2026-08-24T14:06:00,15.56,15.56,15.55,15.55,8430
2026-08-24T11:07:00.000Z,2026-08-24T14:07:00,15.58,15.59,15.55,15.56,12969
2026-08-24T11:08:00.000Z,2026-08-24T14:08:00,15.57,15.59,15.57,15.59,8634
2026-08-24T11:09:00.000Z,2026-08-24T14:09:00,15.58,15.6,15.58,15.58,13447
2026-08-24T11:10:00.000Z,2026-08-24T14:10:00,15.58,15.58,15.58,15.58,14491
2026-08-24T11:11:00.000Z,2026-08-24T14:11:00,15.58,15.6,15.57,15.6,18471
2026-08-24T11:12:00.000Z,2026-08-24T14:12:00,15.58,15.6,15.58,15.6,11500
2026-08-24T11:13:00.000Z,2026-08-24T14:13:00,15.6,15.6,15.58,15.6,10530
2026-08-24T11:14:00.000Z,2026-08-24T14:14:00,15.6,15.6,15.6,15.6,25382
2026-08-24T11:25:00.000Z,2026-08-24T14:25:00,15.62,15.62,15.62,15.62,166509
2026-08-24T11:26:00.000Z,2026-08-24T14:26:00,15.62,15.62,15.62,15.62,6118
2026-08-24T11:27:00.000Z,2026-08-24T14:27:00,15.62,15.62,15.62,15.62,70709
2026-08-24T11:28:00.000Z,2026-08-24T14:28:00,15.62,15.62,15.62,15.62,17807
2026-08-25T07:00:00.000Z,2026-08-25T10:00:00,15.65,15.78,15.65,15.77,40085
2026-08-25T07:01:00.000Z,2026-08-25T10:01:00,15.77,15.77,15.67,15.77,42840
2026-08-25T07:02:00.000Z,2026-08-25T10:02:00,15.76,15.76,15.67,15.75,15937
2026-08-25T07:03:00.000Z,2026-08-25T10:03:00,15.75,15.76,15.75,15.75,23924
2026-08-25T07:04:00.000Z,2026-08-25T10:04:00,15.74,15.74,15.71,15.71,1226
2026-08-25T07:05:00.000Z,2026-08-25T10:05:00,15.7,15.71,15.66,15.66,25586
2026-08-25T07:06:00.000Z,2026-08-25T10:06:00,15.65,15.65,15.64,15.64,43256
2026-08-25T07:08:00.000Z,2026-08-25T10:08:00,15.65,15.71,15.65,15.7,17252
2026-08-25T07:09:00.000Z,2026-08-25T10:09:00,15.7,15.7,15.7,15.7,7069
2026-08-25T07:10:00.000Z,2026-08-25T10:10:00,15.68,15.7,15.68,15.68,2322
2026-08-25T07:11:00.000Z,2026-08-25T10:11:00,15.7,15.71,15.68,15.69,20183
2026-08-25T07:12:00.000Z,2026-08-25T10:12:00,15.68,15.68,15.65,15.65,3747
2026-08-25T07:13:00.000Z,2026-08-25T10:13:00,15.64,15.68,15.64,15.68,9075
2026-08-25T07:14:00.000Z,2026-08-25T10:14:00,15.68,15.68,15.68,15.68,728
2026-08-25T07:16:00.000Z,2026-08-25T10:16:00,15.69,15.7,15.69,15.7,1925
2026-08-25T07:17:00.000Z,2026-08-25T10:17:00,15.7,15.7,15.68,15.7,11516
2026-08-25T07:18:00.000Z,2026-08-25T10:18:00,15.7,15.7,15.7,15.7,50
2026-08-25T07:19:00.000Z,2026-08-25T10:19:00,15.7,15.7,15.7,15.7,2031
2026-08-25T07:20:00.000Z,2026-08-25T10:20:00,15.66,15.66,15.64,15.64,29116
2026-08-25T07:21:00.000Z,2026-08-25T10:21:00,15.64,15.64,15.6,15.64,18931
2026-08-25T07:22:00.000Z,2026-08-25T10:22:00,15.61,15.7,15.6,15.6,60720
2026-08-25T07:23:00.000Z,2026-08-25T10:23:00,15.62,15.62,15.61,15.61,25000
2026-08-25T07:24:00.000Z,2026-08-25T10:24:00,15.62,15.62,15.61,15.61,3533
2026-08-25T07:25:00.000Z,2026-08-25T10:25:00,15.61,15.68,15.61,15.61,22750
2026-08-25T07:26:00.000Z,2026-08-25T10:26:00,15.62,15.62,15.62,15.62,7112
2026-08-25T07:27:00.000Z,2026-08-25T10:27:00,15.62,15.68,15.62,15.68,3903
2026-08-25T07:29:00.000Z,2026-08-25T10:29:00,15.68,15.68,15.68,15.68,4000
2026-08-25T07:31:00.000Z,2026-08-25T10:31:00,15.65,15.65,15.65,15.65,2366
2026-08-25T07:32:00.000Z,2026-08-25T10:32:00,15.68,15.68,15.65,15.65,825
2026-08-25T07:33:00.000Z,2026-08-25T10:33:00,15.62,15.65,15.62,15.62,2538
2026-08-25T07:34:00.000Z,2026-08-25T10:34:00,15.65,15.65,15.65,15.65,5589
2026-08-25T07:35:00.000Z,2026-08-25T10:35:00,15.65,15.65,15.63,15.63,3911
2026-08-25T07:36:00.000Z,2026-08-25T10:36:00,15.63,15.63,15.63,15.63,7500
2026-08-25T07:37:00.000Z,2026-08-25T10:37:00,15.63,15.64,15.63,15.64,3350
2026-08-25T07:38:00.000Z,2026-08-25T10:38:00,15.63,15.63,15.61,15.61,9436
2026-08-25T07:39:00.000Z,2026-08-25T10:39:00,15.63,15.64,15.63,15.64,19027
2026-08-25T07:40:00.000Z,2026-08-25T10:40:00,15.65,15.65,15.64,15.64,29572
2026-08-25T07:41:00.000Z,2026-08-25T10:41:00,15.67,15.67,15.67,15.67,2000
2026-08-25T07:42:00.000Z,2026-08-25T10:42:00,15.67,15.68,15.67,15.68,12878
2026-08-25T07:43:00.000Z,2026-08-25T10:43:00,15.67,15.69,15.67,15.67,54580
2026-08-25T07:44:00.000Z,2026-08-25T10:44:00,15.67,15.68,15.67,15.68,10638
2026-08-25T07:45:00.000Z,2026-08-25T10:45:00,15.68,15.71,15.68,15.68,32333
2026-08-25T07:46:00.000Z,2026-08-25T10:46:00,15.68,15.7,15.68,15.7,18888
2026-08-25T07:47:00.000Z,2026-08-25T10:47:00,15.7,15.73,15.7,15.73,54199
2026-08-25T07:48:00.000Z,2026-08-25T10:48:00,15.72,15.73,15.7,15.7,34736
2026-08-25T07:49:00.000Z,2026-08-25T10:49:00,15.7,15.72,15.7,15.72,1160
2026-08-25T07:50:00.000Z,2026-08-25T10:50:00,15.72,15.76,15.72,15.76,37454
2026-08-25T07:51:00.000Z,2026-08-25T10:51:00,15.76,15.76,15.75,15.76,19226
2026-08-25T07:52:00.000Z,2026-08-25T10:52:00,15.77,15.78,15.77,15.78,9323
2026-08-25T07:53:00.000Z,2026-08-25T10:53:00,15.75,15.75,15.71,15.71,20000
2026-08-25T07:54:00.000Z,2026-08-25T10:54:00,15.75,15.75,15.75,15.75,31
2026-08-25T07:55:00.000Z,2026-08-25T10:55:00,15.75,15.75,15.75,15.75,4835
2026-08-25T07:56:00.000Z,2026-08-25T10:56:00,15.75,15.75,15.75,15.75,3000
2026-08-25T07:57:00.000Z,2026-08-25T10:57:00,15.72,15.72,15.7,15.71,12318
2026-08-25T07:58:00.000Z,2026-08-25T10:58:00,15.7,15.71,15.7,15.71,22156
2026-08-25T07:59:00.000Z,2026-08-25T10:59:00,15.71,15.72,15.71,15.72,2355
2026-08-25T08:00:00.000Z,2026-08-25T11:00:00,15.74,15.74,15.74,15.74,1962
2026-08-25T08:01:00.000Z,2026-08-25T11:01:00,15.74,15.74,15.74,15.74,542
2026-08-25T08:03:00.000Z,2026-08-25T11:03:00,15.72,15.72,15.7,15.7,12863
2026-08-25T08:04:00.000Z,2026-08-25T11:04:00,15.72,15.74,15.7,15.7,28154
2026-08-25T08:05:00.000Z,2026-08-25T11:05:00,15.68,15.68,15.65,15.65,6400
2026-08-25T08:06:00.000Z,2026-08-25T11:06:00,15.66,15.66,15.65,15.65,3352
2026-08-25T08:07:00.000Z,2026-08-25T11:07:00,15.65,15.66,15.65,15.65,1362
2026-08-25T08:08:00.000Z,2026-08-25T11:08:00,15.65,15.7,15.65,15.7,16159
2026-08-25T08:10:00.000Z,2026-08-25T11:10:00,15.69,15.69,15.69,15.69,43
2026-08-25T08:11:00.000Z,2026-08-25T11:11:00,15.69,15.69,15.69,15.69,457
2026-08-25T08:13:00.000Z,2026-08-25T11:13:00,15.69,15.69,15.69,15.69,8000
2026-08-25T08:14:00.000Z,2026-08-25T11:14:00,15.69,15.69,15.63,15.63,1113
2026-08-25T08:16:00.000Z,2026-08-25T11:16:00,15.64,15.64,15.64,15.64,125
2026-08-25T08:17:00.000Z,2026-08-25T11:17:00,15.69,15.69,15.69,15.69,10000
2026-08-25T08:18:00.000Z,2026-08-25T11:18:00,15.64,15.69,15.64,15.69,1146
2026-08-25T08:19:00.000Z,2026-08-25T11:19:00,15.69,15.69,15.61,15.61,20577
2026-08-25T08:20:00.000Z,2026-08-25T11:20:00,15.61,15.61,15.61,15.61,683
2026-08-25T08:21:00.000Z,2026-08-25T11:21:00,15.65,15.65,15.65,15.65,50
2026-08-25T08:23:00.000Z,2026-08-25T11:23:00,15.65,15.67,15.65,15.66,2290
2026-08-25T08:25:00.000Z,2026-08-25T11:25:00,15.65,15.67,15.65,15.65,1151
2026-08-25T08:26:00.000Z,2026-08-25T11:26:00,15.65,15.65,15.65,15.65,55
2026-08-25T08:27:00.000Z,2026-08-25T11:27:00,15.67,15.67,15.62,15.62,1225
2026-08-25T08:29:00.000Z,2026-08-25T11:29:00,15.65,15.65,15.62,15.62,8598
2026-08-25T08:30:00.000Z,2026-08-25T11:30:00,15.65,15.65,15.61,15.61,25095
2026-08-25T08:31:00.000Z,2026-08-25T11:31:00,15.64,15.64,15.6,15.6,35096
2026-08-25T08:32:00.000Z,2026-08-25T11:32:00,15.6,15.6,15.59,15.59,363
2026-08-25T08:33:00.000Z,2026-08-25T11:33:00,15.59,15.6,15.56,15.56,7338
2026-08-25T08:34:00.000Z,2026-08-25T11:34:00,15.56,15.56,15.56,15.56,144
2026-08-25T08:36:00.000Z,2026-08-25T11:36:00,15.56,15.56,15.56,15.56,1720
2026-08-25T08:37:00.000Z,2026-08-25T11:37:00,15.56,15.56,15.51,15.52,27212
2026-08-25T08:38:00.000Z,2026-08-25T11:38:00,15.52,15.52,15.5,15.5,64762
2026-08-25T08:39:00.000Z,2026-08-25T11:39:00,15.61,15.63,15.61,15.63,10258
2026-08-25T08:40:00.000Z,2026-08-25T11:40:00,15.51,15.51,15.5,15.5,11430
2026-08-25T08:43:00.000Z,2026-08-25T11:43:00,15.6,15.6,15.6,15.6,300
2026-08-25T08:45:00.000Z,2026-08-25T11:45:00,15.52,15.52,15.52,15.52,276
2026-08-25T08:46:00.000Z,2026-08-25T11:46:00,15.52,15.52,15.51,15.51,1200
2026-08-25T08:47:00.000Z,2026-08-25T11:47:00,15.51,15.51,15.51,15.51,5000
2026-08-25T08:50:00.000Z,2026-08-25T11:50:00,15.51,15.51,15.51,15.51,2128
2026-08-25T08:51:00.000Z,2026-08-25T11:51:00,15.52,15.52,15.52,15.52,150
2026-08-25T08:53:00.000Z,2026-08-25T11:53:00,15.55,15.57,15.55,15.57,1301
2026-08-25T08:54:00.000Z,2026-08-25T11:54:00,15.55,15.57,15.51,15.51,9479
2026-08-25T08:55:00.000Z,2026-08-25T11:55:00,15.51,15.57,15.51,15.57,1200
2026-08-25T08:56:00.000Z,2026-08-25T11:56:00,15.57,15.6,15.57,15.6,19000
2026-08-25T08:57:00.000Z,2026-08-25T11:57:00,15.6,15.6,15.6,15.6,11211
2026-08-25T08:59:00.000Z,2026-08-25T11:59:00,15.53,15.53,15.52,15.52,1060
2026-08-25T09:00:00.000Z,2026-08-25T12:00:00,15.6,15.6,15.6,15.6,100
2026-08-25T09:01:00.000Z,2026-08-25T12:01:00,15.6,15.6,15.6,15.6,4285
2026-08-25T09:02:00.000Z,2026-08-25T12:02:00,15.6,15.7,15.6,15.7,57500
2026-08-25T09:03:00.000Z,2026-08-25T12:03:00,15.7,15.7,15.7,15.7,4000
2026-08-25T09:04:00.000Z,2026-08-25T12:04:00,15.67,15.68,15.67,15.68,10136
2026-08-25T09:06:00.000Z,2026-08-25T12:06:00,15.65,15.67,15.65,15.67,360
2026-08-25T09:07:00.000Z,2026-08-25T12:07:00,15.65,15.65,15.65,15.65,1940
2026-08-25T09:08:00.000Z,2026-08-25T12:08:00,15.6,15.6,15.6,15.6,4240
2026-08-25T09:12:00.000Z,2026-08-25T12:12:00,15.63,15.63,15.63,15.63,281
2026-08-25T09:13:00.000Z,2026-08-25T12:13:00,15.61,15.61,15.61,15.61,60
2026-08-25T09:15:00.000Z,2026-08-25T12:15:00,15.55,15.55,15.52,15.52,4195
2026-08-25T09:16:00.000Z,2026-08-25T12:16:00,15.52,15.52,15.52,15.52,1000
2026-08-25T09:17:00.000Z,2026-08-25T12:17:00,15.6,15.6,15.51,15.6,1455
2026-08-25T09:19:00.000Z,2026-08-25T12:19:00,15.6,15.6,15.6,15.6,6031
2026-08-25T09:20:00.000Z,2026-08-25T12:20:00,15.52,15.6,15.52,15.6,300
2026-08-25T09:21:00.000Z,2026-08-25T12:21:00,15.52,15.62,15.52,15.52,2600
2026-08-25T09:24:00.000Z,2026-08-25T12:24:00,15.52,15.52,15.51,15.51,5000
2026-08-25T09:27:00.000Z,2026-08-25T12:27:00,15.52,15.59,15.52,15.59,801
2026-08-25T09:31:00.000Z,2026-08-25T12:31:00,15.52,15.52,15.52,15.52,5068
2026-08-25T09:33:00.000Z,2026-08-25T12:33:00,15.52,15.52,15.52,15.52,2000
2026-08-25T09:34:00.000Z,2026-08-25T12:34:00,15.58,15.58,15.58,15.58,17
2026-08-25T09:35:00.000Z,2026-08-25T12:35:00,15.58,15.58,15.58,15.58,66
2026-08-25T09:36:00.000Z,2026-08-25T12:36:00,15.58,15.58,15.58,15.58,100
2026-08-25T09:38:00.000Z,2026-08-25T12:38:00,15.52,15.6,15.52,15.6,7524
2026-08-25T09:39:00.000Z,2026-08-25T12:39:00,15.6,15.61,15.6,15.61,4265
2026-08-25T09:41:00.000Z,2026-08-25T12:41:00,15.59,15.59,15.52,15.52,575
2026-08-25T09:43:00.000Z,2026-08-25T12:43:00,15.55,15.6,15.55,15.6,6414
2026-08-25T09:45:00.000Z,2026-08-25T12:45:00,15.59,15.59,15.52,15.52,161
2026-08-25T09:47:00.000Z,2026-08-25T12:47:00,15.59,15.6,15.59,15.6,6443
2026-08-25T09:49:00.000Z,2026-08-25T12:49:00,15.59,15.59,15.59,15.59,20
2026-08-25T09:50:00.000Z,2026-08-25T12:50:00,15.53,15.53,15.5,15.5,57032
2026-08-25T09:51:00.000Z,2026-08-25T12:51:00,15.5,15.54,15.5,15.54,3831
2026-08-25T09:52:00.000Z,2026-08-25T12:52:00,15.49,15.49,15.47,15.47,630
2026-08-25T09:53:00.000Z,2026-08-25T12:53:00,15.47,15.47,15.46,15.46,10000
2026-08-25T09:54:00.000Z,2026-08-25T12:54:00,15.51,15.51,15.51,15.51,1027
2026-08-25T09:56:00.000Z,2026-08-25T12:56:00,15.5,15.5,15.5,15.5,8750
2026-08-25T09:58:00.000Z,2026-08-25T12:58:00,15.52,15.52,15.52,15.52,15
2026-08-25T09:59:00.000Z,2026-08-25T12:59:00,15.51,15.51,15.51,15.51,1261
2026-08-25T10:01:00.000Z,2026-08-25T13:01:00,15.51,15.51,15.5,15.5,21719
2026-08-25T10:03:00.000Z,2026-08-25T13:03:00,15.54,15.54,15.54,15.54,200
2026-08-25T10:06:00.000Z,2026-08-25T13:06:00,15.51,15.51,15.5,15.5,80030
2026-08-25T10:08:00.000Z,2026-08-25T13:08:00,15.54,15.54,15.54,15.54,55
2026-08-25T10:09:00.000Z,2026-08-25T13:09:00,15.53,15.53,15.53,15.53,75
2026-08-25T10:10:00.000Z,2026-08-25T13:10:00,15.53,15.53,15.53,15.53,643
2026-08-25T10:15:00.000Z,2026-08-25T13:15:00,15.51,15.51,15.5,15.5,1500
2026-08-25T10:19:00.000Z,2026-08-25T13:19:00,15.51,15.51,15.51,15.51,360
2026-08-25T10:20:00.000Z,2026-08-25T13:20:00,15.52,15.52,15.52,15.52,500
2026-08-25T10:21:00.000Z,2026-08-25T13:21:00,15.53,15.53,15.52,15.53,4282
2026-08-25T10:24:00.000Z,2026-08-25T13:24:00,15.54,15.54,15.54,15.54,795
2026-08-25T10:25:00.000Z,2026-08-25T13:25:00,15.53,15.53,15.53,15.53,1300
2026-08-25T10:27:00.000Z,2026-08-25T13:27:00,15.54,15.54,15.52,15.52,1923
2026-08-25T10:28:00.000Z,2026-08-25T13:28:00,15.55,15.58,15.55,15.58,15000
2026-08-25T10:29:00.000Z,2026-08-25T13:29:00,15.54,15.54,15.54,15.54,1650
2026-08-25T10:30:00.000Z,2026-08-25T13:30:00,15.54,15.54,15.54,15.54,190
2026-08-25T10:31:00.000Z,2026-08-25T13:31:00,15.55,15.55,15.54,15.54,16380
2026-08-25T10:32:00.000Z,2026-08-25T13:32:00,15.55,15.55,15.55,15.55,2000
2026-08-25T10:33:00.000Z,2026-08-25T13:33:00,15.55,15.55,15.53,15.53,10182
2026-08-25T10:34:00.000Z,2026-08-25T13:34:00,15.54,15.55,15.54,15.55,392
2026-08-25T10:36:00.000Z,2026-08-25T13:36:00,15.55,15.57,15.55,15.57,1491
2026-08-25T10:38:00.000Z,2026-08-25T13:38:00,15.57,15.57,15.57,15.57,1291
2026-08-25T10:40:00.000Z,2026-08-25T13:40:00,15.57,15.57,15.5,15.5,177815
2026-08-25T10:41:00.000Z,2026-08-25T13:41:00,15.51,15.51,15.51,15.51,493
2026-08-25T10:43:00.000Z,2026-08-25T13:43:00,15.58,15.58,15.58,15.58,250
2026-08-25T10:44:00.000Z,2026-08-25T13:44:00,15.51,15.51,15.5,15.5,24192
2026-08-25T10:45:00.000Z,2026-08-25T13:45:00,15.52,15.52,15.52,15.52,2000
2026-08-25T10:46:00.000Z,2026-08-25T13:46:00,15.57,15.57,15.57,15.57,320
2026-08-25T10:47:00.000Z,2026-08-25T13:47:00,15.57,15.57,15.57,15.57,477
2026-08-25T10:48:00.000Z,2026-08-25T13:48:00,15.56,15.56,15.56,15.56,5
2026-08-25T10:49:00.000Z,2026-08-25T13:49:00,15.55,15.57,15.55,15.56,16258
2026-08-25T10:50:00.000Z,2026-08-25T13:50:00,15.57,15.57,15.56,15.57,14138
2026-08-25T10:51:00.000Z,2026-08-25T13:51:00,15.57,15.59,15.57,15.59,59832
2026-08-25T10:52:00.000Z,2026-08-25T13:52:00,15.59,15.59,15.59,15.59,35203
2026-08-25T10:53:00.000Z,2026-08-25T13:53:00,15.58,15.59,15.58,15.59,27590
2026-08-25T10:54:00.000Z,2026-08-25T13:54:00,15.6,15.63,15.6,15.63,42850
2026-08-25T10:55:00.000Z,2026-08-25T13:55:00,15.63,15.66,15.6,15.6,93709
2026-08-25T10:57:00.000Z,2026-08-25T13:57:00,15.6,15.6,15.6,15.6,736
2026-08-25T10:58:00.000Z,2026-08-25T13:58:00,15.61,15.65,15.61,15.65,3000
2026-08-25T10:59:00.000Z,2026-08-25T13:59:00,15.65,15.65,15.59,15.59,60910
2026-08-25T11:00:00.000Z,2026-08-25T14:00:00,15.6,15.64,15.59,15.59,19664
2026-08-25T11:01:00.000Z,2026-08-25T14:01:00,15.6,15.6,15.6,15.6,5000
2026-08-25T11:02:00.000Z,2026-08-25T14:02:00,15.55,15.59,15.55,15.59,2468
2026-08-25T11:03:00.000Z,2026-08-25T14:03:00,15.58,15.59,15.52,15.52,15307
2026-08-25T11:04:00.000Z,2026-08-25T14:04:00,15.52,15.53,15.52,15.53,8271
2026-08-25T11:05:00.000Z,2026-08-25T14:05:00,15.52,15.52,15.52,15.52,5173
2026-08-25T11:06:00.000Z,2026-08-25T14:06:00,15.5,15.55,15.5,15.55,13039
2026-08-25T11:07:00.000Z,2026-08-25T14:07:00,15.56,15.56,15.56,15.56,1500
2026-08-25T11:08:00.000Z,2026-08-25T14:08:00,15.56,15.57,15.5,15.5,17852
2026-08-25T11:11:00.000Z,2026-08-25T14:11:00,15.51,15.51,15.51,15.51,150
2026-08-25T11:12:00.000Z,2026-08-25T14:12:00,15.51,15.51,15.5,15.51,5161
2026-08-25T11:13:00.000Z,2026-08-25T14:13:00,15.51,15.54,15.51,15.54,2700
2026-08-25T11:14:00.000Z,2026-08-25T14:14:00,15.54,15.54,15.5,15.5,11800
2026-08-25T11:25:00.000Z,2026-08-25T14:25:00,15.4,15.4,15.4,15.4,147446
2026-08-25T11:27:00.000Z,2026-08-25T14:27:00,15.4,15.4,15.4,15.4,4100
2026-08-25T11:28:00.000Z,2026-08-25T14:28:00,15.4,15.4,15.4,15.4,250
2026-08-25T11:29:00.000Z,2026-08-25T14:29:00,15.4,15.4,15.4,15.4,100
2026-08-26T07:00:00.000Z,2026-08-26T10:00:00,15.42,15.43,15.42,15.43,8594
2026-08-26T07:01:00.000Z,2026-08-26T10:01:00,15.43,15.43,15.43,15.43,5296
2026-08-26T07:02:00.000Z,2026-08-26T10:02:00,15.44,15.54,15.44,15.54,444
2026-08-26T07:03:00.000Z,2026-08-26T10:03:00,15.47,15.54,15.45,15.54,19502
2026-08-26T07:04:00.000Z,2026-08-26T10:04:00,15.54,15.61,15.54,15.61,21357
2026-08-26T07:06:00.000Z,2026-08-26T10:06:00,15.5,15.57,15.5,15.57,5119
2026-08-26T07:07:00.000Z,2026-08-26T10:07:00,15.5,15.6,15.5,15.6,10376
2026-08-26T07:08:00.000Z,2026-08-26T10:08:00,15.59,15.6,15.5,15.6,5309
2026-08-26T07:09:00.000Z,2026-08-26T10:09:00,15.59,15.59,15.59,15.59,3200
2026-08-26T07:10:00.000Z,2026-08-26T10:10:00,15.58,15.58,15.58,15.58,250
2026-08-26T07:11:00.000Z,2026-08-26T10:11:00,15.59,15.59,15.58,15.58,447
2026-08-26T07:12:00.000Z,2026-08-26T10:12:00,15.58,15.58,15.53,15.53,744
2026-08-26T07:13:00.000Z,2026-08-26T10:13:00,15.58,15.58,15.56,15.56,587
2026-08-26T07:16:00.000Z,2026-08-26T10:16:00,15.55,15.55,15.5,15.5,29407
2026-08-26T07:17:00.000Z,2026-08-26T10:17:00,15.5,15.5,15.5,15.5,2439
2026-08-26T07:18:00.000Z,2026-08-26T10:18:00,15.5,15.5,15.5,15.5,20389
2026-08-26T07:22:00.000Z,2026-08-26T10:22:00,15.5,15.53,15.47,15.53,10322
2026-08-26T07:23:00.000Z,2026-08-26T10:23:00,15.53,15.53,15.5,15.5,4783
2026-08-26T07:25:00.000Z,2026-08-26T10:25:00,15.48,15.48,15.45,15.45,18867
2026-08-26T07:27:00.000Z,2026-08-26T10:27:00,15.45,15.45,15.42,15.42,16823
2026-08-26T07:28:00.000Z,2026-08-26T10:28:00,15.41,15.43,15.41,15.42,7986
2026-08-26T07:29:00.000Z,2026-08-26T10:29:00,15.45,15.45,15.45,15.45,6548
2026-08-26T07:30:00.000Z,2026-08-26T10:30:00,15.42,15.42,15.42,15.42,1381
2026-08-26T07:33:00.000Z,2026-08-26T10:33:00,15.43,15.43,15.43,15.43,685
2026-08-26T07:34:00.000Z,2026-08-26T10:34:00,15.43,15.43,15.43,15.43,13591
2026-08-26T07:37:00.000Z,2026-08-26T10:37:00,15.5,15.5,15.5,15.5,12791
2026-08-26T07:38:00.000Z,2026-08-26T10:38:00,15.5,15.5,15.5,15.5,1836
2026-08-26T07:39:00.000Z,2026-08-26T10:39:00,15.5,15.5,15.5,15.5,245
2026-08-26T07:41:00.000Z,2026-08-26T10:41:00,15.45,15.49,15.44,15.44,1950
2026-08-26T07:44:00.000Z,2026-08-26T10:44:00,15.44,15.44,15.42,15.42,10000
2026-08-26T07:45:00.000Z,2026-08-26T10:45:00,15.42,15.43,15.42,15.43,570
2026-08-26T07:46:00.000Z,2026-08-26T10:46:00,15.43,15.43,15.43,15.43,200
2026-08-26T07:47:00.000Z,2026-08-26T10:47:00,15.44,15.44,15.44,15.44,250
2026-08-26T07:48:00.000Z,2026-08-26T10:48:00,15.44,15.44,15.44,15.44,200
2026-08-26T07:49:00.000Z,2026-08-26T10:49:00,15.44,15.44,15.44,15.44,48
2026-08-26T07:50:00.000Z,2026-08-26T10:50:00,15.45,15.45,15.45,15.45,150
2026-08-26T07:52:00.000Z,2026-08-26T10:52:00,15.44,15.44,15.44,15.44,500
2026-08-26T07:53:00.000Z,2026-08-26T10:53:00,15.45,15.45,15.45,15.45,1868
2026-08-26T07:54:00.000Z,2026-08-26T10:54:00,15.45,15.45,15.45,15.45,4789
2026-08-26T07:55:00.000Z,2026-08-26T10:55:00,15.45,15.45,15.45,15.45,1318
2026-08-26T07:56:00.000Z,2026-08-26T10:56:00,15.5,15.5,15.5,15.5,20858
2026-08-26T07:57:00.000Z,2026-08-26T10:57:00,15.5,15.5,15.5,15.5,13100
2026-08-26T07:59:00.000Z,2026-08-26T10:59:00,15.5,15.5,15.5,15.5,50
2026-08-26T08:00:00.000Z,2026-08-26T11:00:00,15.5,15.54,15.42,15.54,17063
2026-08-26T08:01:00.000Z,2026-08-26T11:01:00,15.54,15.54,15.54,15.54,4840
2026-08-26T08:03:00.000Z,2026-08-26T11:03:00,15.52,15.52,15.52,15.52,15000
2026-08-26T08:04:00.000Z,2026-08-26T11:04:00,15.55,15.55,15.55,15.55,660
2026-08-26T08:05:00.000Z,2026-08-26T11:05:00,15.52,15.52,15.52,15.52,38188
2026-08-26T08:07:00.000Z,2026-08-26T11:07:00,15.52,15.52,15.52,15.52,2347
2026-08-26T08:10:00.000Z,2026-08-26T11:10:00,15.5,15.51,15.5,15.51,1230
2026-08-26T08:11:00.000Z,2026-08-26T11:11:00,15.51,15.51,15.5,15.5,1020
2026-08-26T08:12:00.000Z,2026-08-26T11:12:00,15.5,15.5,15.5,15.5,55
2026-08-26T08:14:00.000Z,2026-08-26T11:14:00,15.5,15.5,15.5,15.5,500
2026-08-26T08:15:00.000Z,2026-08-26T11:15:00,15.5,15.5,15.5,15.5,3998
2026-08-26T08:16:00.000Z,2026-08-26T11:16:00,15.5,15.5,15.5,15.5,3790
2026-08-26T08:17:00.000Z,2026-08-26T11:17:00,15.5,15.5,15.5,15.5,4457
2026-08-26T08:18:00.000Z,2026-08-26T11:18:00,15.46,15.46,15.45,15.45,7399
2026-08-26T08:21:00.000Z,2026-08-26T11:21:00,15.46,15.46,15.45,15.45,10543
2026-08-26T08:23:00.000Z,2026-08-26T11:23:00,15.45,15.45,15.45,15.45,298
2026-08-26T08:24:00.000Z,2026-08-26T11:24:00,15.46,15.46,15.45,15.45,1001
2026-08-26T08:26:00.000Z,2026-08-26T11:26:00,15.45,15.45,15.43,15.43,6130
2026-08-26T08:27:00.000Z,2026-08-26T11:27:00,15.45,15.45,15.45,15.45,10000
2026-08-26T08:28:00.000Z,2026-08-26T11:28:00,15.45,15.45,15.45,15.45,44
2026-08-26T08:29:00.000Z,2026-08-26T11:29:00,15.45,15.45,15.45,15.45,300
2026-08-26T08:31:00.000Z,2026-08-26T11:31:00,15.44,15.44,15.44,15.44,1300
2026-08-26T08:32:00.000Z,2026-08-26T11:32:00,15.44,15.44,15.43,15.44,6588
2026-08-26T08:33:00.000Z,2026-08-26T11:33:00,15.5,15.5,15.5,15.5,363
2026-08-26T08:34:00.000Z,2026-08-26T11:34:00,15.5,15.5,15.41,15.41,9010
2026-08-26T08:35:00.000Z,2026-08-26T11:35:00,15.41,15.41,15.4,15.4,30339
2026-08-26T08:36:00.000Z,2026-08-26T11:36:00,15.47,15.5,15.4,15.4,1983
2026-08-26T08:37:00.000Z,2026-08-26T11:37:00,15.49,15.5,15.49,15.5,4213
2026-08-26T08:38:00.000Z,2026-08-26T11:38:00,15.41,15.41,15.41,15.41,196
2026-08-26T08:40:00.000Z,2026-08-26T11:40:00,15.45,15.51,15.41,15.51,9027
2026-08-26T08:42:00.000Z,2026-08-26T11:42:00,15.51,15.51,15.43,15.43,4409
2026-08-26T08:43:00.000Z,2026-08-26T11:43:00,15.5,15.5,15.5,15.5,1620
2026-08-26T08:44:00.000Z,2026-08-26T11:44:00,15.5,15.51,15.5,15.5,7240
2026-08-26T08:45:00.000Z,2026-08-26T11:45:00,15.5,15.5,15.5,15.5,56
2026-08-26T08:53:00.000Z,2026-08-26T11:53:00,15.42,15.42,15.4,15.4,30000
2026-08-26T08:55:00.000Z,2026-08-26T11:55:00,15.4,15.4,15.4,15.4,862
2026-08-26T08:56:00.000Z,2026-08-26T11:56:00,15.4,15.4,15.4,15.4,500
2026-08-26T08:59:00.000Z,2026-08-26T11:59:00,15.48,15.48,15.48,15.48,645
2026-08-26T09:01:00.000Z,2026-08-26T12:01:00,15.45,15.48,15.45,15.48,20623
2026-08-26T09:02:00.000Z,2026-08-26T12:02:00,15.5,15.5,15.45,15.45,9426
2026-08-26T09:03:00.000Z,2026-08-26T12:03:00,15.45,15.45,15.45,15.45,1000
2026-08-26T09:04:00.000Z,2026-08-26T12:04:00,15.45,15.5,15.45,15.5,5103
2026-08-26T09:06:00.000Z,2026-08-26T12:06:00,15.45,15.45,15.45,15.45,60
2026-08-26T09:08:00.000Z,2026-08-26T12:08:00,15.5,15.5,15.5,15.5,100
2026-08-26T09:09:00.000Z,2026-08-26T12:09:00,15.5,15.5,15.5,15.5,16400
2026-08-26T09:10:00.000Z,2026-08-26T12:10:00,15.5,15.5,15.5,15.5,3
2026-08-26T09:11:00.000Z,2026-08-26T12:11:00,15.5,15.5,15.5,15.5,26065
2026-08-26T09:12:00.000Z,2026-08-26T12:12:00,15.47,15.47,15.47,15.47,1412
2026-08-26T09:13:00.000Z,2026-08-26T12:13:00,15.46,15.46,15.46,15.46,500
2026-08-26T09:14:00.000Z,2026-08-26T12:14:00,15.5,15.5,15.5,15.5,13
2026-08-26T09:17:00.000Z,2026-08-26T12:17:00,15.47,15.47,15.47,15.47,1300
2026-08-26T09:18:00.000Z,2026-08-26T12:18:00,15.47,15.47,15.47,15.47,3700
2026-08-26T09:19:00.000Z,2026-08-26T12:19:00,15.47,15.5,15.46,15.46,5116
2026-08-26T09:20:00.000Z,2026-08-26T12:20:00,15.45,15.46,15.42,15.46,16500
2026-08-26T09:22:00.000Z,2026-08-26T12:22:00,15.46,15.46,15.46,15.46,1500
2026-08-26T09:23:00.000Z,2026-08-26T12:23:00,15.46,15.5,15.46,15.5,10296
2026-08-26T09:24:00.000Z,2026-08-26T12:24:00,15.49,15.54,15.49,15.51,54575
2026-08-26T09:25:00.000Z,2026-08-26T12:25:00,15.54,15.54,15.54,15.54,5673
2026-08-26T09:26:00.000Z,2026-08-26T12:26:00,15.54,15.55,15.54,15.55,3268
2026-08-26T09:27:00.000Z,2026-08-26T12:27:00,15.55,15.55,15.51,15.51,621
2026-08-26T09:28:00.000Z,2026-08-26T12:28:00,15.54,15.55,15.54,15.55,8530
2026-08-26T09:29:00.000Z,2026-08-26T12:29:00,15.54,15.55,15.54,15.55,11640
2026-08-26T09:30:00.000Z,2026-08-26T12:30:00,15.56,15.59,15.56,15.59,20521
2026-08-26T09:31:00.000Z,2026-08-26T12:31:00,15.6,15.63,15.6,15.63,25085
2026-08-26T09:32:00.000Z,2026-08-26T12:32:00,15.6,15.63,15.6,15.63,13026
2026-08-26T09:33:00.000Z,2026-08-26T12:33:00,15.61,15.61,15.61,15.61,3753
2026-08-26T09:34:00.000Z,2026-08-26T12:34:00,15.63,15.63,15.62,15.62,1560
2026-08-26T09:35:00.000Z,2026-08-26T12:35:00,15.62,15.65,15.6,15.62,24647
2026-08-26T09:36:00.000Z,2026-08-26T12:36:00,15.61,15.65,15.61,15.62,15359
2026-08-26T09:37:00.000Z,2026-08-26T12:37:00,15.62,15.67,15.61,15.67,42624
2026-08-26T09:38:00.000Z,2026-08-26T12:38:00,15.67,15.68,15.67,15.67,40390
2026-08-26T09:39:00.000Z,2026-08-26T12:39:00,15.67,15.67,15.67,15.67,1000
2026-08-26T09:40:00.000Z,2026-08-26T12:40:00,15.68,15.7,15.68,15.7,83978
2026-08-26T09:41:00.000Z,2026-08-26T12:41:00,15.7,15.72,15.7,15.72,87473
2026-08-26T09:42:00.000Z,2026-08-26T12:42:00,15.7,15.7,15.69,15.69,4500
2026-08-26T09:43:00.000Z,2026-08-26T12:43:00,15.69,15.74,15.69,15.69,49038
2026-08-26T09:44:00.000Z,2026-08-26T12:44:00,15.69,15.7,15.69,15.7,10063
2026-08-26T09:45:00.000Z,2026-08-26T12:45:00,15.7,15.7,15.67,15.7,30497
2026-08-26T09:46:00.000Z,2026-08-26T12:46:00,15.69,15.69,15.68,15.68,653
2026-08-26T09:47:00.000Z,2026-08-26T12:47:00,15.67,15.67,15.65,15.65,12644
2026-08-26T09:48:00.000Z,2026-08-26T12:48:00,15.68,15.68,15.65,15.67,3930
2026-08-26T09:49:00.000Z,2026-08-26T12:49:00,15.67,15.68,15.62,15.62,8694
2026-08-26T09:50:00.000Z,2026-08-26T12:50:00,15.65,15.66,15.65,15.66,13791
2026-08-26T09:51:00.000Z,2026-08-26T12:51:00,15.65,15.65,15.65,15.65,5200
2026-08-26T09:52:00.000Z,2026-08-26T12:52:00,15.65,15.65,15.62,15.65,6005
2026-08-26T09:53:00.000Z,2026-08-26T12:53:00,15.65,15.65,15.65,15.65,3100
2026-08-26T09:54:00.000Z,2026-08-26T12:54:00,15.65,15.65,15.65,15.65,66
2026-08-26T09:55:00.000Z,2026-08-26T12:55:00,15.64,15.64,15.64,15.64,51
2026-08-26T09:57:00.000Z,2026-08-26T12:57:00,15.62,15.64,15.6,15.6,18223
2026-08-26T09:58:00.000Z,2026-08-26T12:58:00,15.6,15.6,15.6,15.6,8100
2026-08-26T09:59:00.000Z,2026-08-26T12:59:00,15.62,15.62,15.62,15.62,2509
2026-08-26T10:00:00.000Z,2026-08-26T13:00:00,15.6,15.6,15.6,15.6,8654
2026-08-26T10:01:00.000Z,2026-08-26T13:01:00,15.6,15.6,15.6,15.6,1000
2026-08-26T10:02:00.000Z,2026-08-26T13:02:00,15.6,15.64,15.6,15.64,2518
2026-08-26T10:03:00.000Z,2026-08-26T13:03:00,15.64,15.65,15.64,15.65,40907
2026-08-26T10:04:00.000Z,2026-08-26T13:04:00,15.66,15.68,15.66,15.68,5740
2026-08-26T10:05:00.000Z,2026-08-26T13:05:00,15.68,15.68,15.68,15.68,512
2026-08-26T10:06:00.000Z,2026-08-26T13:06:00,15.66,15.68,15.65,15.65,3876
2026-08-26T10:08:00.000Z,2026-08-26T13:08:00,15.65,15.65,15.65,15.65,4432
2026-08-26T10:09:00.000Z,2026-08-26T13:09:00,15.65,15.65,15.65,15.65,4500
2026-08-26T10:11:00.000Z,2026-08-26T13:11:00,15.66,15.66,15.65,15.66,7033
2026-08-26T10:12:00.000Z,2026-08-26T13:12:00,15.66,15.66,15.66,15.66,4630
2026-08-26T10:13:00.000Z,2026-08-26T13:13:00,15.67,15.68,15.67,15.68,416
2026-08-26T10:14:00.000Z,2026-08-26T13:14:00,15.68,15.7,15.68,15.7,63583
2026-08-26T10:15:00.000Z,2026-08-26T13:15:00,15.7,15.71,15.68,15.7,1701
2026-08-26T10:16:00.000Z,2026-08-26T13:16:00,15.7,15.71,15.7,15.71,7249
2026-08-26T10:17:00.000Z,2026-08-26T13:17:00,15.71,15.72,15.71,15.71,19926
2026-08-26T10:18:00.000Z,2026-08-26T13:18:00,15.71,15.71,15.71,15.71,13492
2026-08-26T10:19:00.000Z,2026-08-26T13:19:00,15.7,15.7,15.7,15.7,1350
2026-08-26T10:20:00.000Z,2026-08-26T13:20:00,15.7,15.7,15.7,15.7,10000
2026-08-26T10:21:00.000Z,2026-08-26T13:21:00,15.7,15.71,15.7,15.7,32338
2026-08-26T10:22:00.000Z,2026-08-26T13:22:00,15.7,15.7,15.7,15.7,1130
2026-08-26T10:23:00.000Z,2026-08-26T13:23:00,15.7,15.7,15.7,15.7,581
2026-08-26T10:24:00.000Z,2026-08-26T13:24:00,15.66,15.66,15.66,15.66,1000
2026-08-26T10:25:00.000Z,2026-08-26T13:25:00,15.7,15.7,15.7,15.7,7302
2026-08-26T10:26:00.000Z,2026-08-26T13:26:00,15.71,15.71,15.7,15.7,2718
2026-08-26T10:29:00.000Z,2026-08-26T13:29:00,15.68,15.69,15.68,15.69,726
2026-08-26T10:30:00.000Z,2026-08-26T13:30:00,15.66,15.66,15.66,15.66,3500
2026-08-26T10:32:00.000Z,2026-08-26T13:32:00,15.69,15.69,15.69,15.69,4424
2026-08-26T10:33:00.000Z,2026-08-26T13:33:00,15.69,15.69,15.69,15.69,5729
2026-08-26T10:34:00.000Z,2026-08-26T13:34:00,15.7,15.72,15.69,15.72,107865
2026-08-26T10:35:00.000Z,2026-08-26T13:35:00,15.72,15.72,15.72,15.72,3000
2026-08-26T10:36:00.000Z,2026-08-26T13:36:00,15.7,15.72,15.7,15.7,31873
2026-08-26T10:37:00.000Z,2026-08-26T13:37:00,15.73,15.73,15.73,15.73,17629
2026-08-26T10:38:00.000Z,2026-08-26T13:38:00,15.73,15.73,15.72,15.73,5002
2026-08-26T10:39:00.000Z,2026-08-26T13:39:00,15.71,15.73,15.71,15.73,3218
2026-08-26T10:40:00.000Z,2026-08-26T13:40:00,15.73,15.73,15.71,15.71,1100
2026-08-26T10:41:00.000Z,2026-08-26T13:41:00,15.71,15.72,15.71,15.72,11692
2026-08-26T10:42:00.000Z,2026-08-26T13:42:00,15.72,15.72,15.7,15.7,15426
2026-08-26T10:43:00.000Z,2026-08-26T13:43:00,15.72,15.72,15.71,15.71,6809
2026-08-26T10:44:00.000Z,2026-08-26T13:44:00,15.7,15.71,15.7,15.7,447
2026-08-26T10:45:00.000Z,2026-08-26T13:45:00,15.71,15.71,15.7,15.7,10994
2026-08-26T10:46:00.000Z,2026-08-26T13:46:00,15.71,15.71,15.71,15.71,3716
2026-08-26T10:47:00.000Z,2026-08-26T13:47:00,15.71,15.73,15.71,15.71,19593
2026-08-26T10:48:00.000Z,2026-08-26T13:48:00,15.72,15.73,15.72,15.73,14701
2026-08-26T10:49:00.000Z,2026-08-26T13:49:00,15.74,15.74,15.72,15.74,36103
2026-08-26T10:50:00.000Z,2026-08-26T13:50:00,15.74,15.74,15.74,15.74,15240
2026-08-26T10:51:00.000Z,2026-08-26T13:51:00,15.74,15.8,15.74,15.8,126995
2026-08-26T10:52:00.000Z,2026-08-26T13:52:00,15.8,15.8,15.75,15.75,1300
2026-08-26T10:53:00.000Z,2026-08-26T13:53:00,15.76,15.79,15.76,15.79,5905
2026-08-26T10:54:00.000Z,2026-08-26T13:54:00,15.78,15.79,15.78,15.79,680
2026-08-26T10:55:00.000Z,2026-08-26T13:55:00,15.79,15.8,15.77,15.77,45503
2026-08-26T10:56:00.000Z,2026-08-26T13:56:00,15.78,15.8,15.78,15.8,21284
2026-08-26T10:57:00.000Z,2026-08-26T13:57:00,15.8,15.8,15.79,15.8,79714
2026-08-26T10:58:00.000Z,2026-08-26T13:58:00,15.79,15.81,15.79,15.81,78491
2026-08-26T10:59:00.000Z,2026-08-26T13:59:00,15.81,15.86,15.81,15.86,168491
2026-08-26T11:00:00.000Z,2026-08-26T14:00:00,15.87,15.9,15.86,15.89,124005
2026-08-26T11:01:00.000Z,2026-08-26T14:01:00,15.89,15.95,15.87,15.95,190639
2026-08-26T11:02:00.000Z,2026-08-26T14:02:00,15.93,15.95,15.89,15.9,36603
2026-08-26T11:03:00.000Z,2026-08-26T14:03:00,15.9,15.94,15.9,15.94,36729
2026-08-26T11:04:00.000Z,2026-08-26T14:04:00,15.92,15.94,15.9,15.9,14134
2026-08-26T11:05:00.000Z,2026-08-26T14:05:00,15.9,15.93,15.9,15.9,59931
2026-08-26T11:06:00.000Z,2026-08-26T14:06:00,15.9,15.91,15.9,15.9,46419
2026-08-26T11:07:00.000Z,2026-08-26T14:07:00,15.91,15.92,15.91,15.91,59058
2026-08-26T11:08:00.000Z,2026-08-26T14:08:00,15.91,15.95,15.91,15.92,106759
2026-08-26T11:09:00.000Z,2026-08-26T14:09:00,15.92,15.95,15.91,15.95,23451
2026-08-26T11:10:00.000Z,2026-08-26T14:10:00,15.95,15.99,15.93,15.99,72751
2026-08-26T11:11:00.000Z,2026-08-26T14:11:00,15.99,15.99,15.95,15.95,37684
2026-08-26T11:12:00.000Z,2026-08-26T14:12:00,15.95,15.99,15.95,15.95,60718
2026-08-26T11:13:00.000Z,2026-08-26T14:13:00,15.95,15.97,15.93,15.97,63795
2026-08-26T11:14:00.000Z,2026-08-26T14:14:00,15.97,16,15.93,15.98,155381
2026-08-26T11:15:00.000Z,2026-08-26T14:15:00,15.98,15.98,15.98,15.98,3188
2026-08-26T11:25:00.000Z,2026-08-26T14:25:00,15.98,15.98,15.98,15.98,135144
2026-08-26T11:26:00.000Z,2026-08-26T14:26:00,15.98,15.98,15.98,15.98,111374
2026-08-26T11:27:00.000Z,2026-08-26T14:27:00,15.98,15.98,15.98,15.98,25527
2026-08-26T11:28:00.000Z,2026-08-26T14:28:00,15.98,15.98,15.98,15.98,50685
2026-08-26T11:29:00.000Z,2026-08-26T14:29:00,15.98,15.98,15.98,15.98,31907
2026-08-30T07:00:00.000Z,2026-08-30T10:00:00,16.2,16.3,16.2,16.3,235938
2026-08-30T07:01:00.000Z,2026-08-30T10:01:00,16.3,16.4,16.21,16.39,105076
2026-08-30T07:02:00.000Z,2026-08-30T10:02:00,16.38,16.38,16.29,16.29,142268
2026-08-30T07:03:00.000Z,2026-08-30T10:03:00,16.3,16.3,16.22,16.25,46736
2026-08-30T07:04:00.000Z,2026-08-30T10:04:00,16.24,16.25,16.23,16.25,19693
2026-08-30T07:05:00.000Z,2026-08-30T10:05:00,16.25,16.26,16.22,16.22,76725
2026-08-30T07:06:00.000Z,2026-08-30T10:06:00,16.22,16.25,16.21,16.25,30230
2026-08-30T07:07:00.000Z,2026-08-30T10:07:00,16.25,16.25,16.16,16.25,95819
2026-08-30T07:08:00.000Z,2026-08-30T10:08:00,16.25,16.25,16.15,16.2,13189
2026-08-30T07:09:00.000Z,2026-08-30T10:09:00,16.2,16.2,16.2,16.2,692
2026-08-30T07:10:00.000Z,2026-08-30T10:10:00,16.19,16.19,16.16,16.19,25337
2026-08-30T07:11:00.000Z,2026-08-30T10:11:00,16.2,16.22,16.19,16.22,18415
2026-08-30T07:12:00.000Z,2026-08-30T10:12:00,16.23,16.25,16.22,16.25,14939
2026-08-30T07:13:00.000Z,2026-08-30T10:13:00,16.25,16.25,16.23,16.25,18042
2026-08-30T07:14:00.000Z,2026-08-30T10:14:00,16.25,16.25,16.24,16.24,1871
2026-08-30T07:15:00.000Z,2026-08-30T10:15:00,16.23,16.23,16.22,16.22,7205
2026-08-30T07:16:00.000Z,2026-08-30T10:16:00,16.21,16.21,16.2,16.21,4414
2026-08-30T07:17:00.000Z,2026-08-30T10:17:00,16.21,16.25,16.19,16.24,125185
2026-08-30T07:18:00.000Z,2026-08-30T10:18:00,16.21,16.26,16.21,16.21,23647
2026-08-30T07:19:00.000Z,2026-08-30T10:19:00,16.21,16.25,16.21,16.25,7895
2026-08-30T07:20:00.000Z,2026-08-30T10:20:00,16.26,16.27,16.25,16.27,9814
2026-08-30T07:21:00.000Z,2026-08-30T10:21:00,16.27,16.34,16.26,16.34,88130
2026-08-30T07:22:00.000Z,2026-08-30T10:22:00,16.34,16.35,16.31,16.34,35720
2026-08-30T07:23:00.000Z,2026-08-30T10:23:00,16.31,16.35,16.3,16.34,98405
2026-08-30T07:24:00.000Z,2026-08-30T10:24:00,16.34,16.36,16.31,16.33,35015
2026-08-30T07:25:00.000Z,2026-08-30T10:25:00,16.36,16.36,16.31,16.31,16186
2026-08-30T07:26:00.000Z,2026-08-30T10:26:00,16.32,16.35,16.32,16.33,9873
2026-08-30T07:27:00.000Z,2026-08-30T10:27:00,16.35,16.35,16.3,16.34,140111
2026-08-30T07:28:00.000Z,2026-08-30T10:28:00,16.34,16.36,16.3,16.32,25272
2026-08-30T07:29:00.000Z,2026-08-30T10:29:00,16.32,16.35,16.32,16.35,7606
2026-08-30T07:30:00.000Z,2026-08-30T10:30:00,16.33,16.35,16.21,16.21,98956
2026-08-30T07:31:00.000Z,2026-08-30T10:31:00,16.22,16.22,16.22,16.22,6659
2026-08-30T07:32:00.000Z,2026-08-30T10:32:00,16.23,16.3,16.23,16.3,1097
2026-08-30T07:33:00.000Z,2026-08-30T10:33:00,16.3,16.3,16.3,16.3,42500
2026-08-30T07:34:00.000Z,2026-08-30T10:34:00,16.26,16.34,16.26,16.3,10045
2026-08-30T07:35:00.000Z,2026-08-30T10:35:00,16.33,16.33,16.33,16.33,40
2026-08-30T07:36:00.000Z,2026-08-30T10:36:00,16.33,16.33,16.26,16.26,2927
2026-08-30T07:37:00.000Z,2026-08-30T10:37:00,16.27,16.27,16.26,16.26,12179
2026-08-30T07:38:00.000Z,2026-08-30T10:38:00,16.26,16.26,16.24,16.26,1996
2026-08-30T07:39:00.000Z,2026-08-30T10:39:00,16.25,16.25,16.21,16.23,66370
2026-08-30T07:40:00.000Z,2026-08-30T10:40:00,16.23,16.23,16.23,16.23,500
2026-08-30T07:41:00.000Z,2026-08-30T10:41:00,16.23,16.26,16.23,16.26,23102
2026-08-30T07:42:00.000Z,2026-08-30T10:42:00,16.25,16.25,16.2,16.2,152561
2026-08-30T07:43:00.000Z,2026-08-30T10:43:00,16.2,16.2,16.18,16.2,10732
2026-08-30T07:44:00.000Z,2026-08-30T10:44:00,16.2,16.24,16.18,16.24,20530
2026-08-30T07:45:00.000Z,2026-08-30T10:45:00,16.24,16.24,16.24,16.24,232
2026-08-30T07:46:00.000Z,2026-08-30T10:46:00,16.23,16.23,16.19,16.19,9651
2026-08-30T07:47:00.000Z,2026-08-30T10:47:00,16.2,16.23,16.2,16.23,7798
2026-08-30T07:48:00.000Z,2026-08-30T10:48:00,16.2,16.2,16.2,16.2,15000
2026-08-30T07:49:00.000Z,2026-08-30T10:49:00,16.23,16.23,16.23,16.23,250
2026-08-30T07:50:00.000Z,2026-08-30T10:50:00,16.2,16.2,16.2,16.2,91
2026-08-30T07:51:00.000Z,2026-08-30T10:51:00,16.22,16.22,16.2,16.2,28161
2026-08-30T07:52:00.000Z,2026-08-30T10:52:00,16.2,16.2,16.18,16.18,40491
2026-08-30T07:53:00.000Z,2026-08-30T10:53:00,16.2,16.21,16.2,16.21,39427
2026-08-30T07:54:00.000Z,2026-08-30T10:54:00,16.2,16.2,16.2,16.2,10000
2026-08-30T07:55:00.000Z,2026-08-30T10:55:00,16.21,16.26,16.16,16.26,149772
2026-08-30T07:56:00.000Z,2026-08-30T10:56:00,16.16,16.25,16.16,16.25,13002
2026-08-30T07:57:00.000Z,2026-08-30T10:57:00,16.25,16.25,16.24,16.24,4667
2026-08-30T07:59:00.000Z,2026-08-30T10:59:00,16.24,16.24,16.24,16.24,702
2026-08-30T08:00:00.000Z,2026-08-30T11:00:00,16.19,16.19,16.18,16.18,1298
2026-08-30T08:01:00.000Z,2026-08-30T11:01:00,16.18,16.18,16.15,16.15,54082
2026-08-30T08:02:00.000Z,2026-08-30T11:02:00,16.16,16.2,16.15,16.2,2565
2026-08-30T08:04:00.000Z,2026-08-30T11:04:00,16.2,16.2,16.15,16.15,800
2026-08-30T08:05:00.000Z,2026-08-30T11:05:00,16.2,16.2,16.16,16.16,2171
2026-08-30T08:06:00.000Z,2026-08-30T11:06:00,16.16,16.16,16.12,16.12,104307
2026-08-30T08:07:00.000Z,2026-08-30T11:07:00,16.15,16.15,16.12,16.15,20318
2026-08-30T08:08:00.000Z,2026-08-30T11:08:00,16.15,16.15,16.12,16.12,7512
2026-08-30T08:09:00.000Z,2026-08-30T11:09:00,16.12,16.13,16.05,16.13,228085
2026-08-30T08:10:00.000Z,2026-08-30T11:10:00,16.12,16.13,16.12,16.13,3149
2026-08-30T08:11:00.000Z,2026-08-30T11:11:00,16.15,16.3,16.13,16.13,166258
2026-08-30T08:12:00.000Z,2026-08-30T11:12:00,16.17,16.17,16.17,16.17,2786
2026-08-30T08:13:00.000Z,2026-08-30T11:13:00,16.18,16.18,16.16,16.16,818
2026-08-30T08:14:00.000Z,2026-08-30T11:14:00,16.22,16.22,16.17,16.2,307
2026-08-30T08:15:00.000Z,2026-08-30T11:15:00,16.17,16.17,16.16,16.17,11000
2026-08-30T08:16:00.000Z,2026-08-30T11:16:00,16.17,16.2,16.17,16.2,5060
2026-08-30T08:17:00.000Z,2026-08-30T11:17:00,16.2,16.2,16.2,16.2,5780
2026-08-30T08:19:00.000Z,2026-08-30T11:19:00,16.18,16.18,16.18,16.18,631
2026-08-30T08:20:00.000Z,2026-08-30T11:20:00,16.18,16.2,16.18,16.19,3509
2026-08-30T08:21:00.000Z,2026-08-30T11:21:00,16.2,16.23,16.2,16.23,6203
2026-08-30T08:22:00.000Z,2026-08-30T11:22:00,16.2,16.23,16.2,16.2,5359
2026-08-30T08:23:00.000Z,2026-08-30T11:23:00,16.2,16.2,16.18,16.2,4914
2026-08-30T08:24:00.000Z,2026-08-30T11:24:00,16.2,16.2,16.2,16.2,2470
2026-08-30T08:25:00.000Z,2026-08-30T11:25:00,16.18,16.18,16.18,16.18,1950
2026-08-30T08:26:00.000Z,2026-08-30T11:26:00,16.17,16.17,16.15,16.15,55000
2026-08-30T08:28:00.000Z,2026-08-30T11:28:00,16.16,16.16,16.16,16.16,739
2026-08-30T08:29:00.000Z,2026-08-30T11:29:00,16.16,16.2,16.16,16.2,23046
2026-08-30T08:30:00.000Z,2026-08-30T11:30:00,16.2,16.2,16.16,16.2,10854
2026-08-30T08:31:00.000Z,2026-08-30T11:31:00,16.2,16.2,16.16,16.16,830
2026-08-30T08:34:00.000Z,2026-08-30T11:34:00,16.19,16.2,16.19,16.19,14922
2026-08-30T08:35:00.000Z,2026-08-30T11:35:00,16.18,16.2,16.18,16.2,5500
2026-08-30T08:36:00.000Z,2026-08-30T11:36:00,16.19,16.19,16.19,16.19,100
2026-08-30T08:38:00.000Z,2026-08-30T11:38:00,16.18,16.19,16.18,16.18,15003
2026-08-30T08:39:00.000Z,2026-08-30T11:39:00,16.18,16.18,16.15,16.18,2432
2026-08-30T08:40:00.000Z,2026-08-30T11:40:00,16.15,16.15,16.06,16.09,146688
2026-08-30T08:41:00.000Z,2026-08-30T11:41:00,16.11,16.11,16.09,16.1,18299
2026-08-30T08:42:00.000Z,2026-08-30T11:42:00,16.1,16.15,16.08,16.15,32501
2026-08-30T08:43:00.000Z,2026-08-30T11:43:00,16.1,16.1,16.1,16.1,94
2026-08-30T08:44:00.000Z,2026-08-30T11:44:00,16.14,16.16,16.14,16.16,5087
2026-08-30T08:45:00.000Z,2026-08-30T11:45:00,16.16,16.16,16.16,16.16,1242
2026-08-30T08:46:00.000Z,2026-08-30T11:46:00,16.15,16.15,16.1,16.1,11909
2026-08-30T08:47:00.000Z,2026-08-30T11:47:00,16.12,16.15,16.11,16.15,4888
2026-08-30T08:48:00.000Z,2026-08-30T11:48:00,16.12,16.12,16.08,16.08,10000
2026-08-30T08:49:00.000Z,2026-08-30T11:49:00,16.11,16.2,16.1,16.2,52353
2026-08-30T08:50:00.000Z,2026-08-30T11:50:00,16.2,16.23,16.2,16.2,29957
2026-08-30T08:51:00.000Z,2026-08-30T11:51:00,16.2,16.2,16.2,16.2,1415
2026-08-30T08:52:00.000Z,2026-08-30T11:52:00,16.2,16.2,16.2,16.2,566
2026-08-30T08:53:00.000Z,2026-08-30T11:53:00,16.15,16.15,16.15,16.15,10000
2026-08-30T08:54:00.000Z,2026-08-30T11:54:00,16.15,16.15,16.13,16.13,78
2026-08-30T08:55:00.000Z,2026-08-30T11:55:00,16.13,16.13,16.12,16.12,10569
2026-08-30T08:56:00.000Z,2026-08-30T11:56:00,16.12,16.12,16.11,16.11,8101
2026-08-30T08:57:00.000Z,2026-08-30T11:57:00,16.13,16.13,16.13,16.13,28
2026-08-30T08:58:00.000Z,2026-08-30T11:58:00,16.12,16.12,16.1,16.1,10000
2026-08-30T08:59:00.000Z,2026-08-30T11:59:00,16.1,16.1,16.1,16.1,11500
2026-08-30T09:01:00.000Z,2026-08-30T12:01:00,16.13,16.13,16.13,16.13,72
2026-08-30T09:02:00.000Z,2026-08-30T12:02:00,16.13,16.17,16.12,16.17,2063
2026-08-30T09:03:00.000Z,2026-08-30T12:03:00,16.12,16.12,16.11,16.11,9000
2026-08-30T09:05:00.000Z,2026-08-30T12:05:00,16.15,16.19,16.15,16.17,4405
2026-08-30T09:06:00.000Z,2026-08-30T12:06:00,16.17,16.17,16.15,16.16,13819
2026-08-30T09:07:00.000Z,2026-08-30T12:07:00,16.15,16.15,16.15,16.15,1970
2026-08-30T09:08:00.000Z,2026-08-30T12:08:00,16.15,16.15,16.15,16.15,198
2026-08-30T09:09:00.000Z,2026-08-30T12:09:00,16.19,16.21,16.19,16.2,53027
2026-08-30T09:10:00.000Z,2026-08-30T12:10:00,16.2,16.2,16.2,16.2,1975
2026-08-30T09:11:00.000Z,2026-08-30T12:11:00,16.2,16.2,16.2,16.2,35302
2026-08-30T09:12:00.000Z,2026-08-30T12:12:00,16.2,16.2,16.2,16.2,2914
2026-08-30T09:13:00.000Z,2026-08-30T12:13:00,16.19,16.2,16.19,16.2,15007
2026-08-30T09:14:00.000Z,2026-08-30T12:14:00,16.22,16.23,16.22,16.23,3003
2026-08-30T09:15:00.000Z,2026-08-30T12:15:00,16.23,16.25,16.2,16.2,56093
2026-08-30T09:17:00.000Z,2026-08-30T12:17:00,16.19,16.2,16.12,16.2,116557
2026-08-30T09:18:00.000Z,2026-08-30T12:18:00,16.19,16.19,16.19,16.19,5691
2026-08-30T09:19:00.000Z,2026-08-30T12:19:00,16.19,16.23,16.19,16.21,8633
2026-08-30T09:20:00.000Z,2026-08-30T12:20:00,16.23,16.24,16.21,16.24,4971
2026-08-30T09:21:00.000Z,2026-08-30T12:21:00,16.24,16.24,16.24,16.24,1349
2026-08-30T09:22:00.000Z,2026-08-30T12:22:00,16.21,16.24,16.2,16.21,7110
2026-08-30T09:23:00.000Z,2026-08-30T12:23:00,16.21,16.21,16.13,16.13,39572
2026-08-30T09:24:00.000Z,2026-08-30T12:24:00,16.15,16.22,16.15,16.22,3244
2026-08-30T09:27:00.000Z,2026-08-30T12:27:00,16.19,16.2,16.17,16.17,10364
2026-08-30T09:30:00.000Z,2026-08-30T12:30:00,16.19,16.22,16.19,16.22,4500
2026-08-30T09:31:00.000Z,2026-08-30T12:31:00,16.2,16.2,16.2,16.2,862
2026-08-30T09:32:00.000Z,2026-08-30T12:32:00,16.2,16.21,16.2,16.2,1512
2026-08-30T09:33:00.000Z,2026-08-30T12:33:00,16.2,16.2,16.2,16.2,4805
2026-08-30T09:34:00.000Z,2026-08-30T12:34:00,16.19,16.21,16.19,16.21,6323
2026-08-30T09:35:00.000Z,2026-08-30T12:35:00,16.2,16.2,16.19,16.2,19740
2026-08-30T09:36:00.000Z,2026-08-30T12:36:00,16.2,16.2,16.18,16.2,5890
2026-08-30T09:37:00.000Z,2026-08-30T12:37:00,16.2,16.2,16.18,16.2,5759
2026-08-30T09:39:00.000Z,2026-08-30T12:39:00,16.2,16.2,16.18,16.2,9330
2026-08-30T09:40:00.000Z,2026-08-30T12:40:00,16.18,16.18,16.17,16.17,32031
2026-08-30T09:41:00.000Z,2026-08-30T12:41:00,16.2,16.2,16.16,16.16,10098
2026-08-30T09:42:00.000Z,2026-08-30T12:42:00,16.2,16.2,16.2,16.2,363
2026-08-30T09:43:00.000Z,2026-08-30T12:43:00,16.19,16.19,16.19,16.19,8000
2026-08-30T09:44:00.000Z,2026-08-30T12:44:00,16.18,16.18,16.18,16.18,308
2026-08-30T09:45:00.000Z,2026-08-30T12:45:00,16.18,16.18,16.17,16.17,6203
2026-08-30T09:46:00.000Z,2026-08-30T12:46:00,16.19,16.2,16.19,16.2,50070
2026-08-30T09:47:00.000Z,2026-08-30T12:47:00,16.17,16.2,16.17,16.2,4052
2026-08-30T09:48:00.000Z,2026-08-30T12:48:00,16.17,16.17,16.17,16.17,783
2026-08-30T09:49:00.000Z,2026-08-30T12:49:00,16.2,16.2,16.16,16.16,10859
2026-08-30T09:51:00.000Z,2026-08-30T12:51:00,16.2,16.2,16.2,16.2,13576
2026-08-30T09:52:00.000Z,2026-08-30T12:52:00,16.21,16.21,16.2,16.2,2300
2026-08-30T09:53:00.000Z,2026-08-30T12:53:00,16.2,16.23,16.2,16.23,3250
2026-08-30T09:54:00.000Z,2026-08-30T12:54:00,16.23,16.23,16.2,16.23,8052
2026-08-30T09:55:00.000Z,2026-08-30T12:55:00,16.2,16.2,16.16,16.16,7700
2026-08-30T09:57:00.000Z,2026-08-30T12:57:00,16.17,16.17,16.17,16.17,6700
2026-08-30T09:58:00.000Z,2026-08-30T12:58:00,16.22,16.22,16.22,16.22,1830
2026-08-30T10:00:00.000Z,2026-08-30T13:00:00,16.21,16.21,16.21,16.21,351
2026-08-30T10:01:00.000Z,2026-08-30T13:01:00,16.18,16.18,16.18,16.18,100
2026-08-30T10:02:00.000Z,2026-08-30T13:02:00,16.17,16.21,16.17,16.17,3505
2026-08-30T10:03:00.000Z,2026-08-30T13:03:00,16.21,16.22,16.17,16.22,3674
2026-08-30T10:04:00.000Z,2026-08-30T13:04:00,16.22,16.22,16.16,16.16,2766
2026-08-30T10:05:00.000Z,2026-08-30T13:05:00,16.16,16.16,16.16,16.16,200
2026-08-30T10:07:00.000Z,2026-08-30T13:07:00,16.2,16.25,16.2,16.25,119396
2026-08-30T10:08:00.000Z,2026-08-30T13:08:00,16.25,16.25,16.25,16.25,5604
2026-08-30T10:09:00.000Z,2026-08-30T13:09:00,16.2,16.2,16.2,16.2,2000
2026-08-30T10:10:00.000Z,2026-08-30T13:10:00,16.2,16.2,16.17,16.17,1800
2026-08-30T10:13:00.000Z,2026-08-30T13:13:00,16.2,16.2,16.2,16.2,618
2026-08-30T10:15:00.000Z,2026-08-30T13:15:00,16.2,16.2,16.18,16.18,15324
2026-08-30T10:16:00.000Z,2026-08-30T13:16:00,16.18,16.2,16.18,16.2,1731
2026-08-30T10:18:00.000Z,2026-08-30T13:18:00,16.2,16.2,16.18,16.18,20405
2026-08-30T10:19:00.000Z,2026-08-30T13:19:00,16.2,16.2,16.18,16.18,4063
2026-08-30T10:21:00.000Z,2026-08-30T13:21:00,16.18,16.18,16.16,16.17,34169
2026-08-30T10:22:00.000Z,2026-08-30T13:22:00,16.17,16.17,16.17,16.17,14390
2026-08-30T10:24:00.000Z,2026-08-30T13:24:00,16.17,16.17,16.17,16.17,25000
2026-08-30T10:25:00.000Z,2026-08-30T13:25:00,16.17,16.17,16.17,16.17,4826
2026-08-30T10:26:00.000Z,2026-08-30T13:26:00,16.17,16.17,16.17,16.17,1750
2026-08-30T10:28:00.000Z,2026-08-30T13:28:00,16.17,16.17,16.17,16.17,250
2026-08-30T10:29:00.000Z,2026-08-30T13:29:00,16.17,16.17,16.17,16.17,395
2026-08-30T10:30:00.000Z,2026-08-30T13:30:00,16.17,16.17,16.17,16.17,3680
2026-08-30T10:31:00.000Z,2026-08-30T13:31:00,16.18,16.19,16.18,16.19,3818
2026-08-30T10:34:00.000Z,2026-08-30T13:34:00,16.17,16.17,16.15,16.15,63032
2026-08-30T10:35:00.000Z,2026-08-30T13:35:00,16.15,16.15,16.15,16.15,30000
2026-08-30T10:36:00.000Z,2026-08-30T13:36:00,16.16,16.16,16.16,16.16,6200
2026-08-30T10:37:00.000Z,2026-08-30T13:37:00,16.16,16.18,16.15,16.15,8657
2026-08-30T10:38:00.000Z,2026-08-30T13:38:00,16.18,16.2,16.14,16.15,140831
2026-08-30T10:39:00.000Z,2026-08-30T13:39:00,16.15,16.2,16.15,16.19,726
2026-08-30T10:40:00.000Z,2026-08-30T13:40:00,16.19,16.19,16.15,16.15,2412
2026-08-30T10:41:00.000Z,2026-08-30T13:41:00,16.19,16.19,16.19,16.19,972
2026-08-30T10:42:00.000Z,2026-08-30T13:42:00,16.17,16.17,16.16,16.16,3343
2026-08-30T10:43:00.000Z,2026-08-30T13:43:00,16.17,16.17,16.17,16.17,3255
2026-08-30T10:45:00.000Z,2026-08-30T13:45:00,16.18,16.18,16.18,16.18,500
2026-08-30T10:46:00.000Z,2026-08-30T13:46:00,16.18,16.19,16.17,16.17,13100
2026-08-30T10:47:00.000Z,2026-08-30T13:47:00,16.17,16.17,16.17,16.17,692
2026-08-30T10:49:00.000Z,2026-08-30T13:49:00,16.17,16.17,16.16,16.16,3413
2026-08-30T10:50:00.000Z,2026-08-30T13:50:00,16.16,16.18,16.16,16.16,4880
2026-08-30T10:51:00.000Z,2026-08-30T13:51:00,16.16,16.18,16.16,16.16,6961
2026-08-30T10:53:00.000Z,2026-08-30T13:53:00,16.16,16.16,16.16,16.16,893
2026-08-30T10:54:00.000Z,2026-08-30T13:54:00,16.16,16.16,16.15,16.16,15030
2026-08-30T10:55:00.000Z,2026-08-30T13:55:00,16.18,16.18,16.18,16.18,1000
2026-08-30T10:56:00.000Z,2026-08-30T13:56:00,16.18,16.19,16.18,16.18,13363
2026-08-30T10:58:00.000Z,2026-08-30T13:58:00,16.18,16.19,16.18,16.19,5322
2026-08-30T10:59:00.000Z,2026-08-30T13:59:00,16.19,16.19,16.17,16.17,1061
2026-08-30T11:00:00.000Z,2026-08-30T14:00:00,16.18,16.19,16.17,16.17,3100
2026-08-30T11:01:00.000Z,2026-08-30T14:01:00,16.19,16.19,16.19,16.19,3049
2026-08-30T11:02:00.000Z,2026-08-30T14:02:00,16.17,16.17,16.17,16.17,2700
2026-08-30T11:03:00.000Z,2026-08-30T14:03:00,16.18,16.2,16.17,16.2,37132
2026-08-30T11:04:00.000Z,2026-08-30T14:04:00,16.19,16.2,16.19,16.2,5397
2026-08-30T11:05:00.000Z,2026-08-30T14:05:00,16.2,16.2,16.19,16.19,11265
2026-08-30T11:06:00.000Z,2026-08-30T14:06:00,16.19,16.2,16.18,16.2,6750
2026-08-30T11:07:00.000Z,2026-08-30T14:07:00,16.2,16.2,16.2,16.2,2516
2026-08-30T11:08:00.000Z,2026-08-30T14:08:00,16.2,16.2,16.17,16.17,17853
2026-08-30T11:09:00.000Z,2026-08-30T14:09:00,16.17,16.17,16.17,16.17,69702
2026-08-30T11:10:00.000Z,2026-08-30T14:10:00,16.17,16.17,16.17,16.17,14150
2026-08-30T11:11:00.000Z,2026-08-30T14:11:00,16.19,16.19,16.17,16.19,9532
2026-08-30T11:12:00.000Z,2026-08-30T14:12:00,16.17,16.17,16.17,16.17,3500
2026-08-30T11:13:00.000Z,2026-08-30T14:13:00,16.17,16.17,16.15,16.17,37523
2026-08-30T11:14:00.000Z,2026-08-30T14:14:00,16.17,16.17,16.12,16.15,115823
2026-08-30T11:25:00.000Z,2026-08-30T14:25:00,16.16,16.16,16.16,16.16,139667
2026-08-30T11:26:00.000Z,2026-08-30T14:26:00,16.16,16.16,16.16,16.16,4725
2026-08-30T11:27:00.000Z,2026-08-30T14:27:00,16.16,16.16,16.16,16.16,4500
2026-08-30T11:28:00.000Z,2026-08-30T14:28:00,16.16,16.16,16.16,16.16,22458
2026-08-30T11:29:00.000Z,2026-08-30T14:29:00,16.16,16.16,16.16,16.16,20000
2026-08-31T07:00:00.000Z,2026-08-31T10:00:00,16.22,16.25,16.22,16.25,42156
2026-08-31T07:01:00.000Z,2026-08-31T10:01:00,16.25,16.25,16.2,16.2,2754
2026-08-31T07:03:00.000Z,2026-08-31T10:03:00,16.21,16.21,16.17,16.17,47390
2026-08-31T07:04:00.000Z,2026-08-31T10:04:00,16.16,16.16,16.16,16.16,230
2026-08-31T07:05:00.000Z,2026-08-31T10:05:00,16.19,16.21,16.19,16.2,15348
2026-08-31T07:06:00.000Z,2026-08-31T10:06:00,16.16,16.18,16.16,16.18,4750
2026-08-31T07:08:00.000Z,2026-08-31T10:08:00,16.19,16.19,16.18,16.18,11259
2026-08-31T07:09:00.000Z,2026-08-31T10:09:00,16.16,16.17,16.15,16.15,11986
2026-08-31T07:10:00.000Z,2026-08-31T10:10:00,16.13,16.14,16.12,16.12,4391
2026-08-31T07:11:00.000Z,2026-08-31T10:11:00,16.14,16.14,16.14,16.14,189
2026-08-31T07:12:00.000Z,2026-08-31T10:12:00,16.14,16.14,16.12,16.12,2302
2026-08-31T07:13:00.000Z,2026-08-31T10:13:00,16.13,16.13,16.11,16.12,35993
2026-08-31T07:14:00.000Z,2026-08-31T10:14:00,16.1,16.11,16.1,16.1,21767
2026-08-31T07:15:00.000Z,2026-08-31T10:15:00,16.1,16.1,16.07,16.1,23818
2026-08-31T07:16:00.000Z,2026-08-31T10:16:00,16.07,16.07,16.07,16.07,5128
2026-08-31T07:17:00.000Z,2026-08-31T10:17:00,16.07,16.1,16.06,16.1,66398
2026-08-31T07:19:00.000Z,2026-08-31T10:19:00,16.09,16.09,16.09,16.09,500
2026-08-31T07:20:00.000Z,2026-08-31T10:20:00,16.09,16.1,16.09,16.09,7386
2026-08-31T07:21:00.000Z,2026-08-31T10:21:00,16.09,16.09,16.08,16.08,7028
2026-08-31T07:22:00.000Z,2026-08-31T10:22:00,16.1,16.12,16.1,16.12,11680
2026-08-31T07:23:00.000Z,2026-08-31T10:23:00,16.12,16.16,16.12,16.16,7181
2026-08-31T07:24:00.000Z,2026-08-31T10:24:00,16.16,16.17,16.16,16.17,10000
2026-08-31T07:25:00.000Z,2026-08-31T10:25:00,16.16,16.21,16.12,16.21,16562
2026-08-31T07:26:00.000Z,2026-08-31T10:26:00,16.2,16.22,16.16,16.22,10309
2026-08-31T07:27:00.000Z,2026-08-31T10:27:00,16.2,16.22,16.2,16.21,1069
2026-08-31T07:28:00.000Z,2026-08-31T10:28:00,16.21,16.21,16.2,16.21,7176
2026-08-31T07:29:00.000Z,2026-08-31T10:29:00,16.2,16.2,16.2,16.2,12538
2026-08-31T07:30:00.000Z,2026-08-31T10:30:00,16.2,16.2,16.2,16.2,15000
2026-08-31T07:31:00.000Z,2026-08-31T10:31:00,16.2,16.2,16.17,16.17,1001
2026-08-31T07:32:00.000Z,2026-08-31T10:32:00,16.17,16.17,16.16,16.17,25953
2026-08-31T07:33:00.000Z,2026-08-31T10:33:00,16.17,16.17,16.16,16.16,10064
2026-08-31T07:34:00.000Z,2026-08-31T10:34:00,16.1,16.1,16.1,16.1,12286
2026-08-31T07:35:00.000Z,2026-08-31T10:35:00,16.1,16.1,16.08,16.08,1296
2026-08-31T07:36:00.000Z,2026-08-31T10:36:00,16.08,16.1,16.08,16.08,11360
2026-08-31T07:37:00.000Z,2026-08-31T10:37:00,16.09,16.1,16.08,16.1,10510
2026-08-31T07:38:00.000Z,2026-08-31T10:38:00,16.1,16.1,16.08,16.1,10288
2026-08-31T07:39:00.000Z,2026-08-31T10:39:00,16.1,16.1,16.08,16.08,15420
2026-08-31T07:40:00.000Z,2026-08-31T10:40:00,16.1,16.1,16.1,16.1,4010
2026-08-31T07:41:00.000Z,2026-08-31T10:41:00,16.14,16.14,16.14,16.14,186
2026-08-31T07:42:00.000Z,2026-08-31T10:42:00,16.1,16.1,16.09,16.1,35562
2026-08-31T07:43:00.000Z,2026-08-31T10:43:00,16.08,16.08,16.08,16.08,279
2026-08-31T07:44:00.000Z,2026-08-31T10:44:00,16.1,16.1,16.1,16.1,500
2026-08-31T07:45:00.000Z,2026-08-31T10:45:00,16.1,16.14,16.1,16.1,6411
2026-08-31T07:46:00.000Z,2026-08-31T10:46:00,16.12,16.12,16.12,16.12,38
2026-08-31T07:47:00.000Z,2026-08-31T10:47:00,16.12,16.15,16.12,16.14,11664
2026-08-31T07:48:00.000Z,2026-08-31T10:48:00,16.13,16.13,16.12,16.13,6398
2026-08-31T07:49:00.000Z,2026-08-31T10:49:00,16.1,16.11,16.05,16.11,86373
2026-08-31T07:50:00.000Z,2026-08-31T10:50:00,16.1,16.14,16.07,16.13,15243
2026-08-31T07:52:00.000Z,2026-08-31T10:52:00,16.1,16.17,16.1,16.17,24652
2026-08-31T07:53:00.000Z,2026-08-31T10:53:00,16.12,16.14,16.12,16.12,27736
2026-08-31T07:54:00.000Z,2026-08-31T10:54:00,16.12,16.17,16.12,16.17,34556
2026-08-31T07:56:00.000Z,2026-08-31T10:56:00,16.19,16.19,16.19,16.19,3608
2026-08-31T07:57:00.000Z,2026-08-31T10:57:00,16.16,16.16,16.15,16.15,8314
2026-08-31T07:58:00.000Z,2026-08-31T10:58:00,16.14,16.14,16.12,16.12,19386
2026-08-31T08:00:00.000Z,2026-08-31T11:00:00,16.1,16.13,16.05,16.13,66894
2026-08-31T08:01:00.000Z,2026-08-31T11:01:00,16.13,16.13,16.13,16.13,7
2026-08-31T08:02:00.000Z,2026-08-31T11:02:00,16.06,16.06,16.06,16.06,10202
2026-08-31T08:03:00.000Z,2026-08-31T11:03:00,16.06,16.11,16.05,16.05,11783
2026-08-31T08:04:00.000Z,2026-08-31T11:04:00,16.05,16.07,16.05,16.05,94039
2026-08-31T08:05:00.000Z,2026-08-31T11:05:00,16.1,16.1,16.04,16.04,8150
2026-08-31T08:06:00.000Z,2026-08-31T11:06:00,16.05,16.05,16.04,16.04,3000
2026-08-31T08:07:00.000Z,2026-08-31T11:07:00,16.08,16.08,16.04,16.08,1280
2026-08-31T08:08:00.000Z,2026-08-31T11:08:00,16.08,16.1,16.06,16.1,15495
2026-08-31T08:09:00.000Z,2026-08-31T11:09:00,16.09,16.1,16.06,16.1,9191
2026-08-31T08:10:00.000Z,2026-08-31T11:10:00,16.11,16.11,16.1,16.1,5802
2026-08-31T08:11:00.000Z,2026-08-31T11:11:00,16.1,16.1,16.1,16.1,1000
2026-08-31T08:12:00.000Z,2026-08-31T11:12:00,16.11,16.12,16.11,16.12,8000
2026-08-31T08:14:00.000Z,2026-08-31T11:14:00,16.12,16.12,16.1,16.1,15770
2026-08-31T08:15:00.000Z,2026-08-31T11:15:00,16.06,16.1,16.06,16.06,5209
2026-08-31T08:16:00.000Z,2026-08-31T11:16:00,16.1,16.1,16.06,16.06,711
2026-08-31T08:17:00.000Z,2026-08-31T11:17:00,16.07,16.07,16.07,16.07,2721
2026-08-31T08:18:00.000Z,2026-08-31T11:18:00,16.09,16.09,16.09,16.09,1261
2026-08-31T08:19:00.000Z,2026-08-31T11:19:00,16.09,16.14,16.09,16.14,252
2026-08-31T08:20:00.000Z,2026-08-31T11:20:00,16.14,16.15,16.14,16.15,2298
2026-08-31T08:21:00.000Z,2026-08-31T11:21:00,16.14,16.15,16.14,16.15,3608
2026-08-31T08:24:00.000Z,2026-08-31T11:24:00,16.1,16.13,16.1,16.13,3608
2026-08-31T08:25:00.000Z,2026-08-31T11:25:00,16.13,16.13,16.13,16.13,5309
2026-08-31T08:27:00.000Z,2026-08-31T11:27:00,16.13,16.13,16.13,16.13,3608
2026-08-31T08:28:00.000Z,2026-08-31T11:28:00,16.13,16.13,16.1,16.1,16758
2026-08-31T08:29:00.000Z,2026-08-31T11:29:00,16.1,16.1,16.1,16.1,2798
2026-08-31T08:30:00.000Z,2026-08-31T11:30:00,16.13,16.13,16.13,16.13,6
2026-08-31T08:31:00.000Z,2026-08-31T11:31:00,16.1,16.1,16.1,16.1,3000
2026-08-31T08:32:00.000Z,2026-08-31T11:32:00,16.13,16.14,16.13,16.14,263
2026-08-31T08:34:00.000Z,2026-08-31T11:34:00,16.14,16.14,16.11,16.11,11642
2026-08-31T08:35:00.000Z,2026-08-31T11:35:00,16.11,16.11,16.1,16.1,61
2026-08-31T08:36:00.000Z,2026-08-31T11:36:00,16.09,16.09,16.08,16.08,4491
2026-08-31T08:37:00.000Z,2026-08-31T11:37:00,16.09,16.09,16.09,16.09,3608
2026-08-31T08:38:00.000Z,2026-08-31T11:38:00,16.09,16.11,16.09,16.11,1678
2026-08-31T08:39:00.000Z,2026-08-31T11:39:00,16.08,16.09,16.06,16.06,22571
2026-08-31T08:41:00.000Z,2026-08-31T11:41:00,16.09,16.1,16.09,16.1,5000
2026-08-31T08:42:00.000Z,2026-08-31T11:42:00,16.1,16.1,16.1,16.1,3200
2026-08-31T08:43:00.000Z,2026-08-31T11:43:00,16.09,16.1,16.07,16.1,3923
2026-08-31T08:44:00.000Z,2026-08-31T11:44:00,16.07,16.07,16.06,16.06,10122
2026-08-31T08:45:00.000Z,2026-08-31T11:45:00,16.05,16.06,16.03,16.03,33506
2026-08-31T08:46:00.000Z,2026-08-31T11:46:00,16.04,16.04,16.02,16.02,54330
2026-08-31T08:47:00.000Z,2026-08-31T11:47:00,16.02,16.05,16.02,16.05,16900
2026-08-31T08:48:00.000Z,2026-08-31T11:48:00,16.05,16.05,16.05,16.05,3245
2026-08-31T08:49:00.000Z,2026-08-31T11:49:00,16.07,16.07,16.02,16.02,1922
2026-08-31T08:51:00.000Z,2026-08-31T11:51:00,16.08,16.1,16.07,16.07,2250
2026-08-31T08:52:00.000Z,2026-08-31T11:52:00,16.1,16.13,16.07,16.07,9672
2026-08-31T08:53:00.000Z,2026-08-31T11:53:00,16.07,16.07,16.06,16.06,1710
2026-08-31T08:55:00.000Z,2026-08-31T11:55:00,16.11,16.12,16.11,16.12,1758
2026-08-31T08:56:00.000Z,2026-08-31T11:56:00,16.12,16.13,16.12,16.13,5650
2026-08-31T08:57:00.000Z,2026-08-31T11:57:00,16.08,16.08,16.08,16.08,548
2026-08-31T08:58:00.000Z,2026-08-31T11:58:00,16.12,16.12,16.12,16.12,3060
2026-08-31T08:59:00.000Z,2026-08-31T11:59:00,16.12,16.13,16.12,16.13,4456
2026-08-31T09:00:00.000Z,2026-08-31T12:00:00,16.09,16.09,16.09,16.09,661
2026-08-31T09:01:00.000Z,2026-08-31T12:01:00,16.1,16.13,16.1,16.13,3608
2026-08-31T09:02:00.000Z,2026-08-31T12:02:00,16.1,16.13,16.1,16.13,7850
2026-08-31T09:03:00.000Z,2026-08-31T12:03:00,16.1,16.1,16.1,16.1,2500
2026-08-31T09:04:00.000Z,2026-08-31T12:04:00,16.1,16.1,16.1,16.1,4214
2026-08-31T09:05:00.000Z,2026-08-31T12:05:00,16.1,16.12,16.1,16.12,986
2026-08-31T09:06:00.000Z,2026-08-31T12:06:00,16.1,16.12,16.1,16.12,16087
2026-08-31T09:07:00.000Z,2026-08-31T12:07:00,16.11,16.12,16.1,16.1,9562
2026-08-31T09:08:00.000Z,2026-08-31T12:08:00,16.1,16.1,16.1,16.1,5000
2026-08-31T09:09:00.000Z,2026-08-31T12:09:00,16.1,16.1,16.1,16.1,570
2026-08-31T09:10:00.000Z,2026-08-31T12:10:00,16.11,16.11,16.1,16.1,8250
2026-08-31T09:11:00.000Z,2026-08-31T12:11:00,16.1,16.1,16.09,16.09,13571
2026-08-31T09:12:00.000Z,2026-08-31T12:12:00,16.11,16.11,16.11,16.11,6000
2026-08-31T09:13:00.000Z,2026-08-31T12:13:00,16.11,16.12,16.11,16.12,6716
2026-08-31T09:14:00.000Z,2026-08-31T12:14:00,16.12,16.12,16.12,16.12,3608
2026-08-31T09:16:00.000Z,2026-08-31T12:16:00,16.11,16.11,16.11,16.11,3608
2026-08-31T09:17:00.000Z,2026-08-31T12:17:00,16.1,16.1,16.1,16.1,1392
2026-08-31T09:19:00.000Z,2026-08-31T12:19:00,16.12,16.12,16.12,16.12,436
2026-08-31T09:20:00.000Z,2026-08-31T12:20:00,16.12,16.13,16.12,16.13,6671
2026-08-31T09:22:00.000Z,2026-08-31T12:22:00,16.13,16.14,16.13,16.13,9455
2026-08-31T09:23:00.000Z,2026-08-31T12:23:00,16.12,16.13,16.12,16.13,3608
2026-08-31T09:24:00.000Z,2026-08-31T12:24:00,16.12,16.12,16.11,16.11,4233
2026-08-31T09:25:00.000Z,2026-08-31T12:25:00,16.11,16.11,16.11,16.11,620
2026-08-31T09:26:00.000Z,2026-08-31T12:26:00,16.1,16.1,16.1,16.1,1003
2026-08-31T09:27:00.000Z,2026-08-31T12:27:00,16.1,16.1,16.1,16.1,4418
2026-08-31T09:28:00.000Z,2026-08-31T12:28:00,16.1,16.1,16.1,16.1,1795
2026-08-31T09:29:00.000Z,2026-08-31T12:29:00,16.1,16.1,16.1,16.1,1000
2026-08-31T09:30:00.000Z,2026-08-31T12:30:00,16.1,16.1,16.09,16.09,10543
2026-08-31T09:32:00.000Z,2026-08-31T12:32:00,16.1,16.1,16.1,16.1,2500
2026-08-31T09:33:00.000Z,2026-08-31T12:33:00,16.1,16.1,16.1,16.1,1000
2026-08-31T09:34:00.000Z,2026-08-31T12:34:00,16.1,16.1,16.1,16.1,4008
2026-08-31T09:36:00.000Z,2026-08-31T12:36:00,16.1,16.1,16,16,99407
2026-08-31T09:37:00.000Z,2026-08-31T12:37:00,16,16,16,16,70
2026-08-31T09:39:00.000Z,2026-08-31T12:39:00,16.03,16.06,16.01,16.01,16420
2026-08-31T09:40:00.000Z,2026-08-31T12:40:00,16,16,15.98,16,92821
2026-08-31T09:41:00.000Z,2026-08-31T12:41:00,15.99,16,15.99,16,21054
2026-08-31T09:42:00.000Z,2026-08-31T12:42:00,16,16,16,16,11000
2026-08-31T09:43:00.000Z,2026-08-31T12:43:00,16,16,16,16,1279
2026-08-31T09:44:00.000Z,2026-08-31T12:44:00,16.01,16.01,16,16,5106
2026-08-31T09:45:00.000Z,2026-08-31T12:45:00,16,16,16,16,1000
2026-08-31T09:46:00.000Z,2026-08-31T12:46:00,16.01,16.01,16,16.01,8000
2026-08-31T09:47:00.000Z,2026-08-31T12:47:00,16.01,16.01,16.01,16.01,1617
2026-08-31T09:48:00.000Z,2026-08-31T12:48:00,16.02,16.02,16,16,7778
2026-08-31T09:49:00.000Z,2026-08-31T12:49:00,16,16,16,16,5500
2026-08-31T09:50:00.000Z,2026-08-31T12:50:00,16,16,16,16,3300
2026-08-31T09:51:00.000Z,2026-08-31T12:51:00,15.99,15.99,15.99,15.99,200
2026-08-31T09:52:00.000Z,2026-08-31T12:52:00,15.99,15.99,15.98,15.99,4983
2026-08-31T09:53:00.000Z,2026-08-31T12:53:00,15.99,15.99,15.99,15.99,2100
2026-08-31T09:54:00.000Z,2026-08-31T12:54:00,16,16.02,16,16.02,5063
2026-08-31T09:55:00.000Z,2026-08-31T12:55:00,15.99,15.99,15.97,15.97,15882
2026-08-31T09:56:00.000Z,2026-08-31T12:56:00,15.99,15.99,15.99,15.99,105
2026-08-31T09:57:00.000Z,2026-08-31T12:57:00,15.98,15.98,15.98,15.98,2000
2026-08-31T09:58:00.000Z,2026-08-31T12:58:00,15.98,15.99,15.97,15.99,7214
2026-08-31T09:59:00.000Z,2026-08-31T12:59:00,15.99,15.99,15.99,15.99,3608
2026-08-31T10:00:00.000Z,2026-08-31T13:00:00,15.98,15.98,15.97,15.97,5672
2026-08-31T10:01:00.000Z,2026-08-31T13:01:00,15.97,15.97,15.97,15.97,3694
2026-08-31T10:02:00.000Z,2026-08-31T13:02:00,15.98,15.98,15.97,15.97,916
2026-08-31T10:03:00.000Z,2026-08-31T13:03:00,15.97,15.97,15.97,15.97,60
2026-08-31T10:04:00.000Z,2026-08-31T13:04:00,15.98,15.98,15.95,15.95,14057
2026-08-31T10:05:00.000Z,2026-08-31T13:05:00,15.96,15.96,15.95,15.95,2000
2026-08-31T10:06:00.000Z,2026-08-31T13:06:00,15.96,15.96,15.96,15.96,5297
2026-08-31T10:07:00.000Z,2026-08-31T13:07:00,15.95,15.97,15.92,15.97,39191
2026-08-31T10:08:00.000Z,2026-08-31T13:08:00,15.97,15.97,15.92,15.97,20065
2026-08-31T10:09:00.000Z,2026-08-31T13:09:00,15.94,15.96,15.9,15.9,48101
2026-08-31T10:10:00.000Z,2026-08-31T13:10:00,15.9,15.9,15.9,15.9,6077
2026-08-31T10:11:00.000Z,2026-08-31T13:11:00,15.92,15.92,15.9,15.9,2376
2026-08-31T10:12:00.000Z,2026-08-31T13:12:00,15.92,15.97,15.92,15.97,15449
2026-08-31T10:13:00.000Z,2026-08-31T13:13:00,15.96,15.97,15.96,15.97,1618
2026-08-31T10:14:00.000Z,2026-08-31T13:14:00,15.96,15.96,15.95,15.96,5458
2026-08-31T10:15:00.000Z,2026-08-31T13:15:00,15.96,15.97,15.96,15.97,1675
2026-08-31T10:16:00.000Z,2026-08-31T13:16:00,15.97,15.97,15.97,15.97,3354
2026-08-31T10:17:00.000Z,2026-08-31T13:17:00,15.97,15.98,15.97,15.98,1358
2026-08-31T10:18:00.000Z,2026-08-31T13:18:00,15.97,15.97,15.97,15.97,2716
2026-08-31T10:19:00.000Z,2026-08-31T13:19:00,15.98,15.98,15.97,15.97,15383
2026-08-31T10:21:00.000Z,2026-08-31T13:21:00,15.97,15.97,15.97,15.97,4698
2026-08-31T10:22:00.000Z,2026-08-31T13:22:00,15.97,15.97,15.96,15.97,11530
2026-08-31T10:23:00.000Z,2026-08-31T13:23:00,15.97,15.97,15.97,15.97,675
2026-08-31T10:24:00.000Z,2026-08-31T13:24:00,15.97,15.99,15.97,15.99,19389
2026-08-31T10:25:00.000Z,2026-08-31T13:25:00,15.99,15.99,15.99,15.99,101
2026-08-31T10:26:00.000Z,2026-08-31T13:26:00,15.99,15.99,15.98,15.98,4960
2026-08-31T10:27:00.000Z,2026-08-31T13:27:00,15.99,16,15.99,16,11212
2026-08-31T10:28:00.000Z,2026-08-31T13:28:00,15.99,16,15.99,16,19123
2026-08-31T10:29:00.000Z,2026-08-31T13:29:00,16.02,16.02,16,16,5815
2026-08-31T10:30:00.000Z,2026-08-31T13:30:00,16,16,16,16,4151
2026-08-31T10:31:00.000Z,2026-08-31T13:31:00,16,16,16,16,1090
2026-08-31T10:32:00.000Z,2026-08-31T13:32:00,16,16,15.99,16,2386
2026-08-31T10:33:00.000Z,2026-08-31T13:33:00,16,16,16,16,5000
2026-08-31T10:34:00.000Z,2026-08-31T13:34:00,15.99,15.99,15.98,15.98,15252
2026-08-31T10:35:00.000Z,2026-08-31T13:35:00,15.98,16,15.98,16,29707
2026-08-31T10:36:00.000Z,2026-08-31T13:36:00,16,16,16,16,5
2026-08-31T10:37:00.000Z,2026-08-31T13:37:00,15.97,15.97,15.97,15.97,1800
2026-08-31T10:38:00.000Z,2026-08-31T13:38:00,15.99,16.02,15.99,16.02,3653
2026-08-31T10:39:00.000Z,2026-08-31T13:39:00,16,16.02,16,16.02,4272
2026-08-31T10:40:00.000Z,2026-08-31T13:40:00,16.06,16.09,16.06,16.09,9807
2026-08-31T10:41:00.000Z,2026-08-31T13:41:00,16.08,16.1,16.03,16.1,4123
2026-08-31T10:42:00.000Z,2026-08-31T13:42:00,16.1,16.1,16.1,16.1,3477
2026-08-31T10:43:00.000Z,2026-08-31T13:43:00,16.08,16.1,16.08,16.1,4085
2026-08-31T10:44:00.000Z,2026-08-31T13:44:00,16.08,16.1,16.08,16.1,8628
2026-08-31T10:45:00.000Z,2026-08-31T13:45:00,16.09,16.09,16.07,16.07,12002
2026-08-31T10:46:00.000Z,2026-08-31T13:46:00,16.05,16.1,16.05,16.1,8183
2026-08-31T10:47:00.000Z,2026-08-31T13:47:00,16.08,16.08,16.03,16.03,3002
2026-08-31T10:48:00.000Z,2026-08-31T13:48:00,16.08,16.08,16.08,16.08,1090
2026-08-31T10:50:00.000Z,2026-08-31T13:50:00,16.08,16.08,16.08,16.08,5000
2026-08-31T10:51:00.000Z,2026-08-31T13:51:00,16.08,16.09,16.05,16.06,20258
2026-08-31T10:52:00.000Z,2026-08-31T13:52:00,16.06,16.06,16.04,16.04,4915
2026-08-31T10:53:00.000Z,2026-08-31T13:53:00,16.03,16.08,16.03,16.03,12639
2026-08-31T10:54:00.000Z,2026-08-31T13:54:00,16.07,16.08,16.07,16.08,2180
2026-08-31T10:55:00.000Z,2026-08-31T13:55:00,16.08,16.09,16.03,16.09,7279
2026-08-31T10:56:00.000Z,2026-08-31T13:56:00,16.09,16.09,16.04,16.04,4234
2026-08-31T10:57:00.000Z,2026-08-31T13:57:00,16.04,16.04,16.03,16.03,3000
2026-08-31T10:58:00.000Z,2026-08-31T13:58:00,16.08,16.08,16.02,16.02,12180
2026-08-31T11:02:00.000Z,2026-08-31T14:02:00,16.04,16.04,16.02,16.02,14949
2026-08-31T11:03:00.000Z,2026-08-31T14:03:00,16.01,16.07,16.01,16.07,1936
2026-08-31T11:04:00.000Z,2026-08-31T14:04:00,16.07,16.07,16.07,16.07,3430
2026-08-31T11:05:00.000Z,2026-08-31T14:05:00,16.07,16.09,16.07,16.09,23116
2026-08-31T11:06:00.000Z,2026-08-31T14:06:00,16.09,16.09,16.08,16.08,4499
2026-08-31T11:07:00.000Z,2026-08-31T14:07:00,16.08,16.14,16.08,16.08,34083
2026-08-31T11:08:00.000Z,2026-08-31T14:08:00,16.09,16.13,16.07,16.13,26000
2026-08-31T11:09:00.000Z,2026-08-31T14:09:00,16.14,16.2,16.13,16.18,50938
2026-08-31T11:10:00.000Z,2026-08-31T14:10:00,16.17,16.2,16.17,16.2,44218
2026-08-31T11:11:00.000Z,2026-08-31T14:11:00,16.2,16.2,16.18,16.19,15569
2026-08-31T11:12:00.000Z,2026-08-31T14:12:00,16.1,16.25,16.06,16.25,70133
2026-08-31T11:13:00.000Z,2026-08-31T14:13:00,16.19,16.19,16.19,16.19,2616
2026-08-31T11:14:00.000Z,2026-08-31T14:14:00,16.13,16.22,16.13,16.22,969
2026-08-31T11:25:00.000Z,2026-08-31T14:25:00,16.25,16.25,16.25,16.25,117149
2026-08-31T11:27:00.000Z,2026-08-31T14:27:00,16.25,16.25,16.25,16.25,49171
2026-08-31T11:28:00.000Z,2026-08-31T14:28:00,16.25,16.25,16.25,16.25,19462
2026-08-31T11:29:00.000Z,2026-08-31T14:29:00,16.25,16.25,16.25,16.25,4992
2026-09-01T07:00:00.000Z,2026-09-01T10:00:00,16.35,16.41,16.35,16.41,95170
2026-09-01T07:01:00.000Z,2026-09-01T10:01:00,16.4,16.4,16.4,16.4,11143
2026-09-01T07:03:00.000Z,2026-09-01T10:03:00,16.39,16.45,16.39,16.45,58514
2026-09-01T07:04:00.000Z,2026-09-01T10:04:00,16.44,16.45,16.4,16.4,23350
2026-09-01T07:05:00.000Z,2026-09-01T10:05:00,16.4,16.4,16.32,16.4,17200
2026-09-01T07:06:00.000Z,2026-09-01T10:06:00,16.44,16.44,16.4,16.4,35834
2026-09-01T07:07:00.000Z,2026-09-01T10:07:00,16.33,16.33,16.32,16.33,25000
2026-09-01T07:08:00.000Z,2026-09-01T10:08:00,16.34,16.35,16.32,16.35,16194
2026-09-01T07:09:00.000Z,2026-09-01T10:09:00,16.35,16.35,16.3,16.3,11171
2026-09-01T07:10:00.000Z,2026-09-01T10:10:00,16.35,16.35,16.31,16.35,18500
2026-09-01T07:11:00.000Z,2026-09-01T10:11:00,16.35,16.35,16.35,16.35,3564
2026-09-01T07:12:00.000Z,2026-09-01T10:12:00,16.35,16.35,16.26,16.34,126033
2026-09-01T07:13:00.000Z,2026-09-01T10:13:00,16.31,16.37,16.26,16.33,6905
2026-09-01T07:14:00.000Z,2026-09-01T10:14:00,16.28,16.29,16.25,16.25,45000
2026-09-01T07:15:00.000Z,2026-09-01T10:15:00,16.25,16.25,16.24,16.25,18534
2026-09-01T07:16:00.000Z,2026-09-01T10:16:00,16.25,16.25,16.2,16.2,13945
2026-09-01T07:17:00.000Z,2026-09-01T10:17:00,16.24,16.25,16.24,16.25,4644
2026-09-01T07:18:00.000Z,2026-09-01T10:18:00,16.3,16.34,16.3,16.34,13812
2026-09-01T07:19:00.000Z,2026-09-01T10:19:00,16.34,16.34,16.3,16.33,11870
2026-09-01T07:20:00.000Z,2026-09-01T10:20:00,16.33,16.34,16.33,16.34,3612
2026-09-01T07:21:00.000Z,2026-09-01T10:21:00,16.3,16.3,16.3,16.3,6450
2026-09-01T07:22:00.000Z,2026-09-01T10:22:00,16.33,16.33,16.33,16.33,60
2026-09-01T07:23:00.000Z,2026-09-01T10:23:00,16.3,16.34,16.3,16.3,10750
2026-09-01T07:24:00.000Z,2026-09-01T10:24:00,16.3,16.33,16.3,16.32,659
2026-09-01T07:25:00.000Z,2026-09-01T10:25:00,16.3,16.32,16.3,16.3,16567
2026-09-01T07:26:00.000Z,2026-09-01T10:26:00,16.3,16.3,16.3,16.3,2200
2026-09-01T07:27:00.000Z,2026-09-01T10:27:00,16.3,16.32,16.3,16.3,5401
2026-09-01T07:28:00.000Z,2026-09-01T10:28:00,16.31,16.33,16.31,16.33,15902
2026-09-01T07:29:00.000Z,2026-09-01T10:29:00,16.31,16.35,16.31,16.35,8201
2026-09-01T07:30:00.000Z,2026-09-01T10:30:00,16.33,16.34,16.33,16.34,3410
2026-09-01T07:31:00.000Z,2026-09-01T10:31:00,16.34,16.34,16.31,16.32,298
2026-09-01T07:32:00.000Z,2026-09-01T10:32:00,16.32,16.32,16.3,16.3,10974
2026-09-01T07:33:00.000Z,2026-09-01T10:33:00,16.3,16.3,16.26,16.26,4775
2026-09-01T07:34:00.000Z,2026-09-01T10:34:00,16.3,16.34,16.3,16.34,6649
2026-09-01T07:35:00.000Z,2026-09-01T10:35:00,16.34,16.34,16.34,16.34,10000
2026-09-01T07:36:00.000Z,2026-09-01T10:36:00,16.34,16.35,16.34,16.35,12058
2026-09-01T07:37:00.000Z,2026-09-01T10:37:00,16.3,16.35,16.3,16.35,25699
2026-09-01T07:38:00.000Z,2026-09-01T10:38:00,16.3,16.37,16.3,16.37,5198
2026-09-01T07:39:00.000Z,2026-09-01T10:39:00,16.38,16.38,16.38,16.38,1200
2026-09-01T07:40:00.000Z,2026-09-01T10:40:00,16.38,16.39,16.38,16.39,12537
2026-09-01T07:41:00.000Z,2026-09-01T10:41:00,16.39,16.42,16.33,16.42,23448
2026-09-01T07:42:00.000Z,2026-09-01T10:42:00,16.42,16.42,16.31,16.31,909
2026-09-01T07:43:00.000Z,2026-09-01T10:43:00,16.32,16.42,16.31,16.42,9046
2026-09-01T07:44:00.000Z,2026-09-01T10:44:00,16.35,16.42,16.35,16.42,6807
2026-09-01T07:45:00.000Z,2026-09-01T10:45:00,16.41,16.41,16.41,16.41,540
2026-09-01T07:46:00.000Z,2026-09-01T10:46:00,16.35,16.35,16.35,16.35,23
2026-09-01T07:47:00.000Z,2026-09-01T10:47:00,16.35,16.35,16.35,16.35,7706
2026-09-01T07:48:00.000Z,2026-09-01T10:48:00,16.35,16.35,16.34,16.34,202
2026-09-01T07:49:00.000Z,2026-09-01T10:49:00,16.33,16.41,16.33,16.34,11466
2026-09-01T07:50:00.000Z,2026-09-01T10:50:00,16.4,16.4,16.37,16.4,2607
2026-09-01T07:51:00.000Z,2026-09-01T10:51:00,16.4,16.4,16.35,16.4,4134
2026-09-01T07:52:00.000Z,2026-09-01T10:52:00,16.4,16.4,16.4,16.4,168
2026-09-01T07:53:00.000Z,2026-09-01T10:53:00,16.38,16.39,16.38,16.39,8679
2026-09-01T07:54:00.000Z,2026-09-01T10:54:00,16.38,16.38,16.38,16.38,30
2026-09-01T07:55:00.000Z,2026-09-01T10:55:00,16.35,16.39,16.35,16.39,5749
2026-09-01T07:56:00.000Z,2026-09-01T10:56:00,16.38,16.38,16.38,16.38,317
2026-09-01T07:57:00.000Z,2026-09-01T10:57:00,16.35,16.38,16.34,16.38,8468
2026-09-01T07:59:00.000Z,2026-09-01T10:59:00,16.38,16.38,16.38,16.38,317
2026-09-01T08:00:00.000Z,2026-09-01T11:00:00,16.35,16.37,16.32,16.32,19629
2026-09-01T08:01:00.000Z,2026-09-01T11:01:00,16.36,16.39,16.32,16.32,5825
2026-09-01T08:02:00.000Z,2026-09-01T11:02:00,16.38,16.38,16.33,16.33,305
2026-09-01T08:03:00.000Z,2026-09-01T11:03:00,16.33,16.33,16.31,16.31,10000
2026-09-01T08:04:00.000Z,2026-09-01T11:04:00,16.31,16.31,16.31,16.31,3007
2026-09-01T08:05:00.000Z,2026-09-01T11:05:00,16.3,16.3,16.3,16.3,5000
2026-09-01T08:06:00.000Z,2026-09-01T11:06:00,16.3,16.31,16.3,16.31,977
2026-09-01T08:08:00.000Z,2026-09-01T11:08:00,16.3,16.3,16.25,16.26,44689
2026-09-01T08:09:00.000Z,2026-09-01T11:09:00,16.25,16.25,16.25,16.25,4122
2026-09-01T08:10:00.000Z,2026-09-01T11:10:00,16.25,16.25,16.25,16.25,15373
2026-09-01T08:11:00.000Z,2026-09-01T11:11:00,16.25,16.25,16.25,16.25,2353
2026-09-01T08:12:00.000Z,2026-09-01T11:12:00,16.25,16.25,16.21,16.21,12083
2026-09-01T08:13:00.000Z,2026-09-01T11:13:00,16.22,16.27,16.22,16.22,79
2026-09-01T08:14:00.000Z,2026-09-01T11:14:00,16.27,16.27,16.27,16.27,1
2026-09-01T08:16:00.000Z,2026-09-01T11:16:00,16.26,16.26,16.26,16.26,10300
2026-09-01T08:19:00.000Z,2026-09-01T11:19:00,16.26,16.26,16.25,16.25,8500
2026-09-01T08:20:00.000Z,2026-09-01T11:20:00,16.27,16.27,16.27,16.27,1400
2026-09-01T08:21:00.000Z,2026-09-01T11:21:00,16.25,16.29,16.25,16.26,10689
2026-09-01T08:22:00.000Z,2026-09-01T11:22:00,16.26,16.29,16.25,16.29,8155
2026-09-01T08:23:00.000Z,2026-09-01T11:23:00,16.29,16.29,16.29,16.29,12025
2026-09-01T08:24:00.000Z,2026-09-01T11:24:00,16.3,16.36,16.3,16.36,18297
2026-09-01T08:25:00.000Z,2026-09-01T11:25:00,16.34,16.34,16.34,16.34,61
2026-09-01T08:26:00.000Z,2026-09-01T11:26:00,16.31,16.31,16.26,16.26,2962
2026-09-01T08:27:00.000Z,2026-09-01T11:27:00,16.26,16.26,16.25,16.25,11790
2026-09-01T08:28:00.000Z,2026-09-01T11:28:00,16.29,16.29,16.29,16.29,500
2026-09-01T08:30:00.000Z,2026-09-01T11:30:00,16.24,16.24,16.24,16.24,613
2026-09-01T08:32:00.000Z,2026-09-01T11:32:00,16.29,16.29,16.29,16.29,307
2026-09-01T08:35:00.000Z,2026-09-01T11:35:00,16.29,16.3,16.29,16.3,7944
2026-09-01T08:37:00.000Z,2026-09-01T11:37:00,16.29,16.3,16.22,16.22,30704
2026-09-01T08:38:00.000Z,2026-09-01T11:38:00,16.29,16.29,16.29,16.29,922
2026-09-01T08:39:00.000Z,2026-09-01T11:39:00,16.23,16.23,16.23,16.23,1591
2026-09-01T08:40:00.000Z,2026-09-01T11:40:00,16.27,16.27,16.27,16.27,1171
2026-09-01T08:41:00.000Z,2026-09-01T11:41:00,16.27,16.3,16.23,16.23,4042
2026-09-01T08:42:00.000Z,2026-09-01T11:42:00,16.22,16.22,16.21,16.22,11238
2026-09-01T08:44:00.000Z,2026-09-01T11:44:00,16.2,16.22,16.2,16.22,24392
2026-09-01T08:45:00.000Z,2026-09-01T11:45:00,16.22,16.22,16.22,16.22,937
2026-09-01T08:46:00.000Z,2026-09-01T11:46:00,16.22,16.22,16.22,16.22,2288
2026-09-01T08:47:00.000Z,2026-09-01T11:47:00,16.25,16.25,16.25,16.25,10299
2026-09-01T08:48:00.000Z,2026-09-01T11:48:00,16.24,16.24,16.24,16.24,3316
2026-09-01T08:49:00.000Z,2026-09-01T11:49:00,16.25,16.29,16.25,16.29,1846
2026-09-01T08:51:00.000Z,2026-09-01T11:51:00,16.28,16.28,16.28,16.28,1844
2026-09-01T08:53:00.000Z,2026-09-01T11:53:00,16.28,16.28,16.22,16.22,3127
2026-09-01T08:54:00.000Z,2026-09-01T11:54:00,16.24,16.24,16.24,16.24,1844
2026-09-01T08:55:00.000Z,2026-09-01T11:55:00,16.23,16.28,16.23,16.28,4125
2026-09-01T08:56:00.000Z,2026-09-01T11:56:00,16.23,16.23,16.2,16.2,37775
2026-09-01T08:57:00.000Z,2026-09-01T11:57:00,16.22,16.22,16.2,16.2,8752
2026-09-01T08:58:00.000Z,2026-09-01T11:58:00,16.2,16.21,16.2,16.21,5958
2026-09-01T08:59:00.000Z,2026-09-01T11:59:00,16.22,16.22,16.22,16.22,2376
2026-09-01T09:00:00.000Z,2026-09-01T12:00:00,16.22,16.22,16.22,16.22,2016
2026-09-01T09:01:00.000Z,2026-09-01T12:01:00,16.22,16.22,16.21,16.22,408
2026-09-01T09:02:00.000Z,2026-09-01T12:02:00,16.22,16.22,16.2,16.2,12633
2026-09-01T09:03:00.000Z,2026-09-01T12:03:00,16.19,16.19,16.19,16.19,6000
2026-09-01T09:04:00.000Z,2026-09-01T12:04:00,16.19,16.2,16.19,16.2,2674
2026-09-01T09:05:00.000Z,2026-09-01T12:05:00,16.25,16.25,16.25,16.25,1746
2026-09-01T09:07:00.000Z,2026-09-01T12:07:00,16.25,16.3,16.25,16.27,2844
2026-09-01T09:08:00.000Z,2026-09-01T12:08:00,16.21,16.27,16.21,16.27,1844
2026-09-01T09:09:00.000Z,2026-09-01T12:09:00,16.25,16.25,16.25,16.25,4969
2026-09-01T09:10:00.000Z,2026-09-01T12:10:00,16.25,16.25,16.25,16.25,43
2026-09-01T09:11:00.000Z,2026-09-01T12:11:00,16.25,16.26,16.23,16.23,1261
2026-09-01T09:12:00.000Z,2026-09-01T12:12:00,16.26,16.26,16.26,16.26,671
2026-09-01T09:14:00.000Z,2026-09-01T12:14:00,16.26,16.26,16.26,16.26,1844
2026-09-01T09:16:00.000Z,2026-09-01T12:16:00,16.27,16.27,16.27,16.27,1844
2026-09-01T09:17:00.000Z,2026-09-01T12:17:00,16.22,16.27,16.22,16.27,712
2026-09-01T09:18:00.000Z,2026-09-01T12:18:00,16.27,16.27,16.22,16.22,1927
2026-09-01T09:20:00.000Z,2026-09-01T12:20:00,16.27,16.27,16.27,16.27,1844
2026-09-01T09:21:00.000Z,2026-09-01T12:21:00,16.24,16.24,16.22,16.22,6340
2026-09-01T09:24:00.000Z,2026-09-01T12:24:00,16.25,16.28,16.24,16.27,3868
2026-09-01T09:25:00.000Z,2026-09-01T12:25:00,16.28,16.28,16.27,16.27,439
2026-09-01T09:26:00.000Z,2026-09-01T12:26:00,16.27,16.27,16.27,16.27,1844
2026-09-01T09:27:00.000Z,2026-09-01T12:27:00,16.23,16.3,16.2,16.3,59310
2026-09-01T09:28:00.000Z,2026-09-01T12:28:00,16.29,16.29,16.26,16.26,216
2026-09-01T09:29:00.000Z,2026-09-01T12:29:00,16.26,16.26,16.26,16.26,1031
2026-09-01T09:30:00.000Z,2026-09-01T12:30:00,16.26,16.26,16.26,16.26,1844
2026-09-01T09:31:00.000Z,2026-09-01T12:31:00,16.26,16.26,16.26,16.26,1330
2026-09-01T09:32:00.000Z,2026-09-01T12:32:00,16.26,16.26,16.23,16.23,3753
2026-09-01T09:33:00.000Z,2026-09-01T12:33:00,16.22,16.22,16.22,16.22,4878
2026-09-01T09:34:00.000Z,2026-09-01T12:34:00,16.22,16.23,16.21,16.21,2800
2026-09-01T09:35:00.000Z,2026-09-01T12:35:00,16.21,16.31,16.21,16.31,16581
2026-09-01T09:36:00.000Z,2026-09-01T12:36:00,16.31,16.31,16.23,16.23,3238
2026-09-01T09:37:00.000Z,2026-09-01T12:37:00,16.3,16.3,16.3,16.3,12000
2026-09-01T09:38:00.000Z,2026-09-01T12:38:00,16.3,16.33,16.3,16.33,13088
2026-09-01T09:39:00.000Z,2026-09-01T12:39:00,16.33,16.34,16.33,16.34,6092
2026-09-01T09:40:00.000Z,2026-09-01T12:40:00,16.34,16.34,16.34,16.34,5714
2026-09-01T09:41:00.000Z,2026-09-01T12:41:00,16.34,16.35,16.31,16.31,12864
2026-09-01T09:43:00.000Z,2026-09-01T12:43:00,16.34,16.34,16.3,16.3,8024
2026-09-01T09:44:00.000Z,2026-09-01T12:44:00,16.3,16.3,16.3,16.3,2000
2026-09-01T09:45:00.000Z,2026-09-01T12:45:00,16.3,16.3,16.3,16.3,7784
2026-09-01T09:46:00.000Z,2026-09-01T12:46:00,16.3,16.3,16.3,16.3,16000
2026-09-01T09:47:00.000Z,2026-09-01T12:47:00,16.3,16.3,16.26,16.3,13981
2026-09-01T09:49:00.000Z,2026-09-01T12:49:00,16.31,16.45,16.3,16.45,196460
2026-09-01T09:50:00.000Z,2026-09-01T12:50:00,16.4,16.46,16.4,16.45,57011
2026-09-01T09:51:00.000Z,2026-09-01T12:51:00,16.45,16.46,16.42,16.42,13967
2026-09-01T09:52:00.000Z,2026-09-01T12:52:00,16.42,16.42,16.28,16.4,73409
2026-09-01T09:53:00.000Z,2026-09-01T12:53:00,16.4,16.4,16.4,16.4,38494
2026-09-01T09:54:00.000Z,2026-09-01T12:54:00,16.4,16.4,16.4,16.4,11100
2026-09-01T09:55:00.000Z,2026-09-01T12:55:00,16.4,16.45,16.4,16.4,58500
2026-09-01T09:56:00.000Z,2026-09-01T12:56:00,16.45,16.45,16.45,16.45,224
2026-09-01T09:57:00.000Z,2026-09-01T12:57:00,16.45,16.45,16.45,16.45,22
2026-09-01T09:58:00.000Z,2026-09-01T12:58:00,16.44,16.45,16.42,16.45,2844
2026-09-01T09:59:00.000Z,2026-09-01T12:59:00,16.44,16.44,16.44,16.44,2708
2026-09-01T10:00:00.000Z,2026-09-01T13:00:00,16.44,16.44,16.41,16.41,9638
2026-09-01T10:01:00.000Z,2026-09-01T13:01:00,16.4,16.41,16.4,16.4,15624
2026-09-01T10:02:00.000Z,2026-09-01T13:02:00,16.4,16.4,16.4,16.4,10540
2026-09-01T10:03:00.000Z,2026-09-01T13:03:00,16.4,16.45,16.4,16.45,25721
2026-09-01T10:05:00.000Z,2026-09-01T13:05:00,16.43,16.49,16.43,16.49,95560
2026-09-01T10:06:00.000Z,2026-09-01T13:06:00,16.44,16.5,16.44,16.5,100140
2026-09-01T10:07:00.000Z,2026-09-01T13:07:00,16.5,16.53,16.5,16.53,6207
2026-09-01T10:08:00.000Z,2026-09-01T13:08:00,16.52,16.52,16.5,16.51,53609
2026-09-01T10:09:00.000Z,2026-09-01T13:09:00,16.51,16.53,16.5,16.5,56487
2026-09-01T10:10:00.000Z,2026-09-01T13:10:00,16.5,16.5,16.5,16.5,7000
2026-09-01T10:11:00.000Z,2026-09-01T13:11:00,16.5,16.54,16.5,16.5,13764
2026-09-01T10:12:00.000Z,2026-09-01T13:12:00,16.5,16.5,16.45,16.5,3194
2026-09-01T10:13:00.000Z,2026-09-01T13:13:00,16.5,16.7,16.5,16.68,202041
2026-09-01T10:14:00.000Z,2026-09-01T13:14:00,16.67,16.67,16.57,16.67,109320
2026-09-01T10:15:00.000Z,2026-09-01T13:15:00,16.6,16.68,16.6,16.65,24672
2026-09-01T10:16:00.000Z,2026-09-01T13:16:00,16.65,16.65,16.65,16.65,4849
2026-09-01T10:17:00.000Z,2026-09-01T13:17:00,16.6,16.6,16.6,16.6,9343
2026-09-01T10:18:00.000Z,2026-09-01T13:18:00,16.54,16.6,16.5,16.6,5073
2026-09-01T10:19:00.000Z,2026-09-01T13:19:00,16.59,16.6,16.46,16.52,15879
2026-09-01T10:20:00.000Z,2026-09-01T13:20:00,16.51,16.52,16.51,16.52,122
2026-09-01T10:21:00.000Z,2026-09-01T13:21:00,16.58,16.58,16.58,16.58,1722
2026-09-01T10:22:00.000Z,2026-09-01T13:22:00,16.54,16.55,16.51,16.51,25287
2026-09-01T10:23:00.000Z,2026-09-01T13:23:00,16.48,16.55,16.45,16.55,65591
2026-09-01T10:24:00.000Z,2026-09-01T13:24:00,16.57,16.57,16.45,16.54,3347
2026-09-01T10:25:00.000Z,2026-09-01T13:25:00,16.5,16.5,16.49,16.5,44000
2026-09-01T10:26:00.000Z,2026-09-01T13:26:00,16.56,16.56,16.47,16.47,57499
2026-09-01T10:27:00.000Z,2026-09-01T13:27:00,16.47,16.5,16.47,16.5,5661
2026-09-01T10:28:00.000Z,2026-09-01T13:28:00,16.49,16.56,16.47,16.5,116923
2026-09-01T10:29:00.000Z,2026-09-01T13:29:00,16.5,16.65,16.5,16.6,79823
2026-09-01T10:30:00.000Z,2026-09-01T13:30:00,16.6,16.6,16.6,16.6,6000
2026-09-01T10:31:00.000Z,2026-09-01T13:31:00,16.55,16.55,16.46,16.5,48562
2026-09-01T10:32:00.000Z,2026-09-01T13:32:00,16.5,16.5,16.5,16.5,8108
2026-09-01T10:33:00.000Z,2026-09-01T13:33:00,16.46,16.58,16.46,16.54,7946
2026-09-01T10:34:00.000Z,2026-09-01T13:34:00,16.5,16.5,16.5,16.5,5000
2026-09-01T10:35:00.000Z,2026-09-01T13:35:00,16.48,16.5,16.48,16.5,4029
2026-09-01T10:36:00.000Z,2026-09-01T13:36:00,16.51,16.56,16.5,16.56,19276
2026-09-01T10:37:00.000Z,2026-09-01T13:37:00,16.51,16.51,16.5,16.51,11250
2026-09-01T10:38:00.000Z,2026-09-01T13:38:00,16.55,16.55,16.53,16.53,2754
2026-09-01T10:39:00.000Z,2026-09-01T13:39:00,16.54,16.54,16.52,16.53,7572
2026-09-01T10:40:00.000Z,2026-09-01T13:40:00,16.54,16.58,16.54,16.58,10000
2026-09-01T10:41:00.000Z,2026-09-01T13:41:00,16.56,16.56,16.55,16.55,10564
2026-09-01T10:42:00.000Z,2026-09-01T13:42:00,16.55,16.55,16.55,16.55,1903
2026-09-01T10:43:00.000Z,2026-09-01T13:43:00,16.55,16.55,16.54,16.54,14837
2026-09-01T10:44:00.000Z,2026-09-01T13:44:00,16.55,16.6,16.55,16.6,29268
2026-09-01T10:45:00.000Z,2026-09-01T13:45:00,16.61,16.66,16.61,16.64,126439
2026-09-01T10:46:00.000Z,2026-09-01T13:46:00,16.63,16.63,16.57,16.57,3396
2026-09-01T10:47:00.000Z,2026-09-01T13:47:00,16.6,16.6,16.58,16.6,16843
2026-09-01T10:48:00.000Z,2026-09-01T13:48:00,16.6,16.61,16.58,16.6,47772
2026-09-01T10:49:00.000Z,2026-09-01T13:49:00,16.6,16.61,16.6,16.61,2998
2026-09-01T10:50:00.000Z,2026-09-01T13:50:00,16.6,16.6,16.57,16.57,29043
2026-09-01T10:51:00.000Z,2026-09-01T13:51:00,16.6,16.66,16.57,16.66,72621
2026-09-01T10:52:00.000Z,2026-09-01T13:52:00,16.58,16.65,16.58,16.6,14803
2026-09-01T10:53:00.000Z,2026-09-01T13:53:00,16.6,16.6,16.56,16.58,58372
2026-09-01T10:54:00.000Z,2026-09-01T13:54:00,16.57,16.58,16.55,16.58,20054
2026-09-01T10:55:00.000Z,2026-09-01T13:55:00,16.55,16.57,16.53,16.55,18440
2026-09-01T10:56:00.000Z,2026-09-01T13:56:00,16.57,16.57,16.51,16.51,27415
2026-09-01T10:57:00.000Z,2026-09-01T13:57:00,16.51,16.51,16.51,16.51,4120
2026-09-01T10:58:00.000Z,2026-09-01T13:58:00,16.51,16.52,16.51,16.52,8644
2026-09-01T10:59:00.000Z,2026-09-01T13:59:00,16.53,16.53,16.5,16.5,25560
2026-09-01T11:00:00.000Z,2026-09-01T14:00:00,16.54,16.54,16.5,16.51,5512
2026-09-01T11:01:00.000Z,2026-09-01T14:01:00,16.51,16.53,16.51,16.53,1552
2026-09-01T11:03:00.000Z,2026-09-01T14:03:00,16.53,16.55,16.52,16.55,14311
2026-09-01T11:05:00.000Z,2026-09-01T14:05:00,16.55,16.55,16.54,16.54,6843
2026-09-01T11:06:00.000Z,2026-09-01T14:06:00,16.53,16.53,16.53,16.53,7607
2026-09-01T11:07:00.000Z,2026-09-01T14:07:00,16.51,16.51,16.5,16.5,1960
2026-09-01T11:08:00.000Z,2026-09-01T14:08:00,16.51,16.52,16.51,16.52,2614
2026-09-01T11:09:00.000Z,2026-09-01T14:09:00,16.51,16.51,16.49,16.49,13474
2026-09-01T11:10:00.000Z,2026-09-01T14:10:00,16.48,16.5,16.47,16.47,18893
2026-09-01T11:11:00.000Z,2026-09-01T14:11:00,16.47,16.47,16.43,16.43,35413
2026-09-01T11:12:00.000Z,2026-09-01T14:12:00,16.44,16.44,16.44,16.44,1000
2026-09-01T11:13:00.000Z,2026-09-01T14:13:00,16.44,16.45,16.44,16.45,10150
2026-09-01T11:14:00.000Z,2026-09-01T14:14:00,16.45,16.45,16.3,16.3,148730
2026-09-01T11:15:00.000Z,2026-09-01T14:15:00,16.3,16.3,16.3,16.3,1650
2026-09-01T11:25:00.000Z,2026-09-01T14:25:00,16.3,16.3,16.3,16.3,232051
2026-09-01T11:26:00.000Z,2026-09-01T14:26:00,16.3,16.3,16.3,16.3,12935
2026-09-01T11:28:00.000Z,2026-09-01T14:28:00,16.3,16.3,16.3,16.3,1596
2026-09-02T07:00:00.000Z,2026-09-02T10:00:00,16.48,16.48,16.48,16.48,42523
2026-09-02T07:01:00.000Z,2026-09-02T10:01:00,16.48,16.5,16.41,16.46,26854
2026-09-02T07:02:00.000Z,2026-09-02T10:02:00,16.49,16.49,16.48,16.48,15369
2026-09-02T07:03:00.000Z,2026-09-02T10:03:00,16.48,16.55,16.48,16.54,152592
2026-09-02T07:04:00.000Z,2026-09-02T10:04:00,16.5,16.5,16.5,16.5,426
2026-09-02T07:05:00.000Z,2026-09-02T10:05:00,16.5,16.5,16.5,16.5,2203
2026-09-02T07:06:00.000Z,2026-09-02T10:06:00,16.5,16.5,16.5,16.5,3064
2026-09-02T07:07:00.000Z,2026-09-02T10:07:00,16.5,16.5,16.45,16.45,5616
2026-09-02T07:08:00.000Z,2026-09-02T10:08:00,16.45,16.46,16.45,16.46,14069
2026-09-02T07:09:00.000Z,2026-09-02T10:09:00,16.46,16.54,16.46,16.54,13523
2026-09-02T07:10:00.000Z,2026-09-02T10:10:00,16.54,16.55,16.54,16.55,3121
2026-09-02T07:11:00.000Z,2026-09-02T10:11:00,16.54,16.54,16.5,16.5,10092
2026-09-02T07:12:00.000Z,2026-09-02T10:12:00,16.54,16.54,16.54,16.54,11631
2026-09-02T07:13:00.000Z,2026-09-02T10:13:00,16.55,16.57,16.54,16.54,10686
2026-09-02T07:14:00.000Z,2026-09-02T10:14:00,16.54,16.54,16.43,16.43,31764
2026-09-02T07:15:00.000Z,2026-09-02T10:15:00,16.53,16.53,16.45,16.46,2363
2026-09-02T07:16:00.000Z,2026-09-02T10:16:00,16.47,16.53,16.47,16.53,1725
2026-09-02T07:17:00.000Z,2026-09-02T10:17:00,16.5,16.5,16.43,16.43,18196
2026-09-02T07:18:00.000Z,2026-09-02T10:18:00,16.49,16.49,16.49,16.49,900
2026-09-02T07:19:00.000Z,2026-09-02T10:19:00,16.49,16.5,16.46,16.46,3412
2026-09-02T07:20:00.000Z,2026-09-02T10:20:00,16.46,16.49,16.46,16.49,10534
2026-09-02T07:21:00.000Z,2026-09-02T10:21:00,16.49,16.49,16.49,16.49,1616
2026-09-02T07:22:00.000Z,2026-09-02T10:22:00,16.47,16.55,16.47,16.51,28529
2026-09-02T07:23:00.000Z,2026-09-02T10:23:00,16.55,16.59,16.55,16.55,35593
2026-09-02T07:24:00.000Z,2026-09-02T10:24:00,16.55,16.59,16.53,16.57,6690
2026-09-02T07:25:00.000Z,2026-09-02T10:25:00,16.55,16.58,16.55,16.55,3261
2026-09-02T07:26:00.000Z,2026-09-02T10:26:00,16.58,16.59,16.53,16.53,6814
2026-09-02T07:27:00.000Z,2026-09-02T10:27:00,16.56,16.56,16.54,16.54,3500
2026-09-02T07:28:00.000Z,2026-09-02T10:28:00,16.55,16.58,16.54,16.54,11242
2026-09-02T07:29:00.000Z,2026-09-02T10:29:00,16.54,16.55,16.5,16.5,18574
2026-09-02T07:30:00.000Z,2026-09-02T10:30:00,16.53,16.57,16.53,16.57,12121
2026-09-02T07:31:00.000Z,2026-09-02T10:31:00,16.55,16.56,16.5,16.51,18413
2026-09-02T07:32:00.000Z,2026-09-02T10:32:00,16.55,16.57,16.53,16.56,11347
2026-09-02T07:33:00.000Z,2026-09-02T10:33:00,16.54,16.57,16.52,16.57,45097
2026-09-02T07:34:00.000Z,2026-09-02T10:34:00,16.57,16.58,16.57,16.58,12417
2026-09-02T07:36:00.000Z,2026-09-02T10:36:00,16.52,16.52,16.51,16.51,5000
2026-09-02T07:37:00.000Z,2026-09-02T10:37:00,16.54,16.55,16.54,16.54,15141
2026-09-02T07:38:00.000Z,2026-09-02T10:38:00,16.54,16.54,16.54,16.54,2819
2026-09-02T07:39:00.000Z,2026-09-02T10:39:00,16.57,16.57,16.54,16.54,4384
2026-09-02T07:40:00.000Z,2026-09-02T10:40:00,16.54,16.56,16.54,16.56,3160
2026-09-02T07:41:00.000Z,2026-09-02T10:41:00,16.54,16.54,16.5,16.5,23933
2026-09-02T07:42:00.000Z,2026-09-02T10:42:00,16.49,16.5,16.49,16.5,8000
2026-09-02T07:43:00.000Z,2026-09-02T10:43:00,16.49,16.49,16.49,16.49,2243
2026-09-02T07:44:00.000Z,2026-09-02T10:44:00,16.48,16.48,16.48,16.48,425
2026-09-02T07:45:00.000Z,2026-09-02T10:45:00,16.46,16.46,16.46,16.46,1111
2026-09-02T07:46:00.000Z,2026-09-02T10:46:00,16.45,16.5,16.43,16.49,15152
2026-09-02T07:47:00.000Z,2026-09-02T10:47:00,16.49,16.5,16.45,16.45,707
2026-09-02T07:48:00.000Z,2026-09-02T10:48:00,16.48,16.5,16.48,16.5,16840
2026-09-02T07:49:00.000Z,2026-09-02T10:49:00,16.48,16.5,16.45,16.45,3421
2026-09-02T07:50:00.000Z,2026-09-02T10:50:00,16.44,16.44,16.44,16.44,1018
2026-09-02T07:51:00.000Z,2026-09-02T10:51:00,16.44,16.44,16.44,16.44,1
2026-09-02T07:52:00.000Z,2026-09-02T10:52:00,16.45,16.45,16.45,16.45,2176
2026-09-02T07:54:00.000Z,2026-09-02T10:54:00,16.47,16.5,16.45,16.5,33840
2026-09-02T07:55:00.000Z,2026-09-02T10:55:00,16.5,16.51,16.5,16.51,15000
2026-09-02T07:56:00.000Z,2026-09-02T10:56:00,16.52,16.52,16.52,16.52,910
2026-09-02T07:57:00.000Z,2026-09-02T10:57:00,16.53,16.55,16.53,16.55,18579
2026-09-02T07:58:00.000Z,2026-09-02T10:58:00,16.55,16.55,16.55,16.55,2854
2026-09-02T07:59:00.000Z,2026-09-02T10:59:00,16.55,16.55,16.55,16.55,65
2026-09-02T08:00:00.000Z,2026-09-02T11:00:00,16.5,16.52,16.5,16.5,1405
2026-09-02T08:01:00.000Z,2026-09-02T11:01:00,16.49,16.49,16.48,16.48,342
2026-09-02T08:02:00.000Z,2026-09-02T11:02:00,16.47,16.47,16.47,16.47,6000
2026-09-02T08:03:00.000Z,2026-09-02T11:03:00,16.47,16.47,16.47,16.47,499
2026-09-02T08:04:00.000Z,2026-09-02T11:04:00,16.47,16.47,16.47,16.47,6296
2026-09-02T08:05:00.000Z,2026-09-02T11:05:00,16.47,16.48,16.47,16.48,333
2026-09-02T08:06:00.000Z,2026-09-02T11:06:00,16.5,16.5,16.5,16.5,14129
2026-09-02T08:07:00.000Z,2026-09-02T11:07:00,16.5,16.5,16.5,16.5,2611
2026-09-02T08:08:00.000Z,2026-09-02T11:08:00,16.5,16.5,16.5,16.5,28804
2026-09-02T08:09:00.000Z,2026-09-02T11:09:00,16.5,16.5,16.5,16.5,250
2026-09-02T08:10:00.000Z,2026-09-02T11:10:00,16.5,16.5,16.5,16.5,3186
2026-09-02T08:12:00.000Z,2026-09-02T11:12:00,16.53,16.55,16.5,16.5,3881
2026-09-02T08:14:00.000Z,2026-09-02T11:14:00,16.55,16.55,16.49,16.49,1831
2026-09-02T08:15:00.000Z,2026-09-02T11:15:00,16.49,16.55,16.49,16.55,3422
2026-09-02T08:16:00.000Z,2026-09-02T11:16:00,16.55,16.55,16.55,16.55,300
2026-09-02T08:17:00.000Z,2026-09-02T11:17:00,16.53,16.53,16.53,16.53,1278
2026-09-02T08:19:00.000Z,2026-09-02T11:19:00,16.49,16.49,16.3,16.31,101678
2026-09-02T08:20:00.000Z,2026-09-02T11:20:00,16.36,16.46,16.36,16.46,1831
2026-09-02T08:21:00.000Z,2026-09-02T11:21:00,16.45,16.45,16.45,16.45,9
2026-09-02T08:22:00.000Z,2026-09-02T11:22:00,16.45,16.45,16.45,16.45,1302
2026-09-02T08:23:00.000Z,2026-09-02T11:23:00,16.45,16.45,16.45,16.45,250
2026-09-02T08:24:00.000Z,2026-09-02T11:24:00,16.38,16.44,16.38,16.44,7095
2026-09-02T08:25:00.000Z,2026-09-02T11:25:00,16.4,16.45,16.4,16.45,7502
2026-09-02T08:27:00.000Z,2026-09-02T11:27:00,16.44,16.44,16.44,16.44,350
2026-09-02T08:28:00.000Z,2026-09-02T11:28:00,16.43,16.44,16.43,16.44,2000
2026-09-02T08:29:00.000Z,2026-09-02T11:29:00,16.4,16.4,16.4,16.4,5000
2026-09-02T08:31:00.000Z,2026-09-02T11:31:00,16.38,16.4,16.38,16.38,1726
2026-09-02T08:32:00.000Z,2026-09-02T11:32:00,16.4,16.4,16.4,16.4,6
2026-09-02T08:33:00.000Z,2026-09-02T11:33:00,16.39,16.39,16.39,16.39,2135
2026-09-02T08:34:00.000Z,2026-09-02T11:34:00,16.4,16.4,16.4,16.4,2494
2026-09-02T08:36:00.000Z,2026-09-02T11:36:00,16.48,16.48,16.41,16.41,806
2026-09-02T08:37:00.000Z,2026-09-02T11:37:00,16.41,16.41,16.41,16.41,2405
2026-09-02T08:38:00.000Z,2026-09-02T11:38:00,16.41,16.41,16.41,16.41,600
2026-09-02T08:40:00.000Z,2026-09-02T11:40:00,16.46,16.46,16.46,16.46,164
2026-09-02T08:43:00.000Z,2026-09-02T11:43:00,16.45,16.45,16.45,16.45,1
2026-09-02T08:45:00.000Z,2026-09-02T11:45:00,16.41,16.41,16.41,16.41,30
2026-09-02T08:46:00.000Z,2026-09-02T11:46:00,16.45,16.48,16.45,16.46,6275
2026-09-02T08:47:00.000Z,2026-09-02T11:47:00,16.48,16.48,16.48,16.48,36
2026-09-02T08:48:00.000Z,2026-09-02T11:48:00,16.48,16.48,16.48,16.48,4685
2026-09-02T08:49:00.000Z,2026-09-02T11:49:00,16.48,16.5,16.48,16.5,28165
2026-09-02T08:50:00.000Z,2026-09-02T11:50:00,16.5,16.51,16.5,16.5,9605
2026-09-02T08:51:00.000Z,2026-09-02T11:51:00,16.5,16.5,16.41,16.41,1943
2026-09-02T08:52:00.000Z,2026-09-02T11:52:00,16.46,16.5,16.41,16.5,2936
2026-09-02T08:58:00.000Z,2026-09-02T11:58:00,16.48,16.48,16.48,16.48,148
2026-09-02T09:01:00.000Z,2026-09-02T12:01:00,16.42,16.42,16.42,16.42,5480
2026-09-02T09:02:00.000Z,2026-09-02T12:02:00,16.41,16.42,16.41,16.42,11401
2026-09-02T09:03:00.000Z,2026-09-02T12:03:00,16.42,16.42,16.4,16.4,17651
2026-09-02T09:04:00.000Z,2026-09-02T12:04:00,16.4,16.4,16.4,16.4,600
2026-09-02T09:05:00.000Z,2026-09-02T12:05:00,16.4,16.4,16.38,16.38,4018
2026-09-02T09:08:00.000Z,2026-09-02T12:08:00,16.4,16.42,16.4,16.42,1002
2026-09-02T09:10:00.000Z,2026-09-02T12:10:00,16.4,16.4,16.38,16.38,2124
2026-09-02T09:11:00.000Z,2026-09-02T12:11:00,16.37,16.37,16.37,16.37,123
2026-09-02T09:12:00.000Z,2026-09-02T12:12:00,16.37,16.37,16.35,16.35,15052
2026-09-02T09:13:00.000Z,2026-09-02T12:13:00,16.41,16.41,16.32,16.32,67059
2026-09-02T09:14:00.000Z,2026-09-02T12:14:00,16.32,16.32,16.31,16.32,23023
2026-09-02T09:16:00.000Z,2026-09-02T12:16:00,16.39,16.39,16.28,16.28,58003
2026-09-02T09:17:00.000Z,2026-09-02T12:17:00,16.29,16.29,16.29,16.29,890
2026-09-02T09:18:00.000Z,2026-09-02T12:18:00,16.37,16.37,16.3,16.3,12598
2026-09-02T09:19:00.000Z,2026-09-02T12:19:00,16.35,16.35,16.32,16.32,2502
2026-09-02T09:21:00.000Z,2026-09-02T12:21:00,16.32,16.33,16.32,16.33,5863
2026-09-02T09:22:00.000Z,2026-09-02T12:22:00,16.33,16.33,16.33,16.33,2014
2026-09-02T09:23:00.000Z,2026-09-02T12:23:00,16.33,16.33,16.32,16.32,4021
2026-09-02T09:24:00.000Z,2026-09-02T12:24:00,16.32,16.32,16.3,16.3,6000
2026-09-02T09:26:00.000Z,2026-09-02T12:26:00,16.3,16.3,16.3,16.3,500
2026-09-02T09:27:00.000Z,2026-09-02T12:27:00,16.33,16.34,16.32,16.34,880
2026-09-02T09:28:00.000Z,2026-09-02T12:28:00,16.34,16.34,16.34,16.34,215
2026-09-02T09:30:00.000Z,2026-09-02T12:30:00,16.33,16.33,16.31,16.31,1082
2026-09-02T09:31:00.000Z,2026-09-02T12:31:00,16.31,16.33,16.31,16.33,373
2026-09-02T09:33:00.000Z,2026-09-02T12:33:00,16.32,16.32,16.22,16.22,81812
2026-09-02T09:34:00.000Z,2026-09-02T12:34:00,16.3,16.3,16.26,16.26,439
2026-09-02T09:36:00.000Z,2026-09-02T12:36:00,16.25,16.25,16.25,16.25,2738
2026-09-02T09:37:00.000Z,2026-09-02T12:37:00,16.26,16.3,16.22,16.3,30191
2026-09-02T09:39:00.000Z,2026-09-02T12:39:00,16.25,16.25,16.21,16.21,65287
2026-09-02T09:40:00.000Z,2026-09-02T12:40:00,16.21,16.3,16.21,16.3,1558
2026-09-02T09:41:00.000Z,2026-09-02T12:41:00,16.3,16.3,16.2,16.2,35721
2026-09-02T09:42:00.000Z,2026-09-02T12:42:00,16.2,16.2,16.2,16.2,3094
2026-09-02T09:44:00.000Z,2026-09-02T12:44:00,16.3,16.3,16.21,16.21,6500
2026-09-02T09:45:00.000Z,2026-09-02T12:45:00,16.22,16.23,16.22,16.23,830
2026-09-02T09:46:00.000Z,2026-09-02T12:46:00,16.23,16.23,16.21,16.21,12174
2026-09-02T09:48:00.000Z,2026-09-02T12:48:00,16.21,16.21,16.2,16.2,4004
2026-09-02T09:49:00.000Z,2026-09-02T12:49:00,16.23,16.23,16.23,16.23,5219
2026-09-02T09:50:00.000Z,2026-09-02T12:50:00,16.23,16.23,16.23,16.23,3152
2026-09-02T09:51:00.000Z,2026-09-02T12:51:00,16.23,16.26,16.23,16.26,3000
2026-09-02T09:52:00.000Z,2026-09-02T12:52:00,16.26,16.26,16.26,16.26,300
2026-09-02T09:54:00.000Z,2026-09-02T12:54:00,16.23,16.23,16.22,16.22,4441
2026-09-02T09:56:00.000Z,2026-09-02T12:56:00,16.21,16.21,16.21,16.21,11000
2026-09-02T09:57:00.000Z,2026-09-02T12:57:00,16.22,16.22,16.21,16.21,1100
2026-09-02T09:59:00.000Z,2026-09-02T12:59:00,16.25,16.25,16.25,16.25,189
2026-09-02T10:00:00.000Z,2026-09-02T13:00:00,16.21,16.21,16.21,16.21,235
2026-09-02T10:01:00.000Z,2026-09-02T13:01:00,16.21,16.25,16.21,16.25,980
2026-09-02T10:02:00.000Z,2026-09-02T13:02:00,16.21,16.21,16.2,16.2,10362
2026-09-02T10:03:00.000Z,2026-09-02T13:03:00,16.2,16.2,16.17,16.17,10312
2026-09-02T10:04:00.000Z,2026-09-02T13:04:00,16.17,16.17,16.17,16.17,613
2026-09-02T10:05:00.000Z,2026-09-02T13:05:00,16.18,16.2,16.18,16.2,292
2026-09-02T10:06:00.000Z,2026-09-02T13:06:00,16.18,16.18,16.18,16.18,2266
2026-09-02T10:07:00.000Z,2026-09-02T13:07:00,16.19,16.19,16.12,16.12,47501
2026-09-02T10:09:00.000Z,2026-09-02T13:09:00,16.13,16.13,16.12,16.12,6110
2026-09-02T10:10:00.000Z,2026-09-02T13:10:00,16.14,16.14,16.1,16.13,25654
2026-09-02T10:11:00.000Z,2026-09-02T13:11:00,16.13,16.14,16.1,16.13,15069
2026-09-02T10:12:00.000Z,2026-09-02T13:12:00,16.12,16.12,16.12,16.12,1000
2026-09-02T10:13:00.000Z,2026-09-02T13:13:00,16.1,16.1,16.08,16.08,10000
2026-09-02T10:14:00.000Z,2026-09-02T13:14:00,16.08,16.12,16.08,16.12,14000
2026-09-02T10:15:00.000Z,2026-09-02T13:15:00,16.11,16.11,16.1,16.11,3762
2026-09-02T10:16:00.000Z,2026-09-02T13:16:00,16.11,16.12,16.11,16.12,50744
2026-09-02T10:17:00.000Z,2026-09-02T13:17:00,16.12,16.12,16.1,16.12,2441
2026-09-02T10:18:00.000Z,2026-09-02T13:18:00,16.13,16.15,16.13,16.15,7935
2026-09-02T10:19:00.000Z,2026-09-02T13:19:00,16.17,16.17,16.15,16.15,5530
2026-09-02T10:20:00.000Z,2026-09-02T13:20:00,16.18,16.18,16.18,16.18,777
2026-09-02T10:21:00.000Z,2026-09-02T13:21:00,16.16,16.16,16.16,16.16,1840
2026-09-02T10:22:00.000Z,2026-09-02T13:22:00,16.17,16.18,16.17,16.18,1378
2026-09-02T10:23:00.000Z,2026-09-02T13:23:00,16.17,16.2,16.16,16.16,19587
2026-09-02T10:24:00.000Z,2026-09-02T13:24:00,16.15,16.15,16.15,16.15,14035
2026-09-02T10:25:00.000Z,2026-09-02T13:25:00,16.18,16.18,16.18,16.18,900
2026-09-02T10:27:00.000Z,2026-09-02T13:27:00,16.16,16.19,16.16,16.16,1899
2026-09-02T10:28:00.000Z,2026-09-02T13:28:00,16.16,16.2,16.16,16.2,7451
2026-09-02T10:29:00.000Z,2026-09-02T13:29:00,16.2,16.23,16.2,16.23,1067
2026-09-02T10:30:00.000Z,2026-09-02T13:30:00,16.21,16.21,16.2,16.2,1000
2026-09-02T10:31:00.000Z,2026-09-02T13:31:00,16.2,16.22,16.2,16.22,6031
2026-09-02T10:32:00.000Z,2026-09-02T13:32:00,16.21,16.21,16.2,16.2,11778
2026-09-02T10:33:00.000Z,2026-09-02T13:33:00,16.2,16.2,16.19,16.2,11872
2026-09-02T10:34:00.000Z,2026-09-02T13:34:00,16.16,16.16,16.15,16.15,31413
2026-09-02T10:35:00.000Z,2026-09-02T13:35:00,16.14,16.14,16.14,16.14,410
2026-09-02T10:36:00.000Z,2026-09-02T13:36:00,16.19,16.19,16.19,16.19,5
2026-09-02T10:37:00.000Z,2026-09-02T13:37:00,16.18,16.18,16.18,16.18,37
2026-09-02T10:38:00.000Z,2026-09-02T13:38:00,16.18,16.18,16.15,16.15,30823
2026-09-02T10:39:00.000Z,2026-09-02T13:39:00,16.15,16.15,16.15,16.15,566
2026-09-02T10:41:00.000Z,2026-09-02T13:41:00,16.15,16.16,16.15,16.15,10246
2026-09-02T10:42:00.000Z,2026-09-02T13:42:00,16.15,16.15,16.15,16.15,10145
2026-09-02T10:43:00.000Z,2026-09-02T13:43:00,16.15,16.16,16.15,16.16,7240
2026-09-02T10:44:00.000Z,2026-09-02T13:44:00,16.15,16.15,16.11,16.12,66754
2026-09-02T10:45:00.000Z,2026-09-02T13:45:00,16.12,16.2,16.12,16.2,19891
2026-09-02T10:46:00.000Z,2026-09-02T13:46:00,16.2,16.2,16.2,16.2,2200
2026-09-02T10:47:00.000Z,2026-09-02T13:47:00,16.2,16.2,16.2,16.2,2258
2026-09-02T10:51:00.000Z,2026-09-02T13:51:00,16.15,16.16,16.15,16.16,1033
2026-09-02T10:52:00.000Z,2026-09-02T13:52:00,16.2,16.25,16.16,16.17,26000
2026-09-02T10:54:00.000Z,2026-09-02T13:54:00,16.16,16.16,16.16,16.16,2000
2026-09-02T10:55:00.000Z,2026-09-02T13:55:00,16.17,16.25,16.17,16.2,2720
2026-09-02T10:57:00.000Z,2026-09-02T13:57:00,16.2,16.2,16.16,16.16,11097
2026-09-02T10:58:00.000Z,2026-09-02T13:58:00,16.2,16.2,16.16,16.16,10722
2026-09-02T10:59:00.000Z,2026-09-02T13:59:00,16.16,16.16,16.16,16.16,1714
2026-09-02T11:00:00.000Z,2026-09-02T14:00:00,16.16,16.16,16.14,16.14,6350
2026-09-02T11:02:00.000Z,2026-09-02T14:02:00,16.19,16.2,16.19,16.2,5500
2026-09-02T11:03:00.000Z,2026-09-02T14:03:00,16.19,16.19,16.16,16.16,600
2026-09-02T11:04:00.000Z,2026-09-02T14:04:00,16.19,16.19,16.19,16.19,50
2026-09-02T11:05:00.000Z,2026-09-02T14:05:00,16.16,16.2,16.12,16.2,14510
2026-09-02T11:06:00.000Z,2026-09-02T14:06:00,16.19,16.2,16.19,16.2,2941
2026-09-02T11:08:00.000Z,2026-09-02T14:08:00,16.2,16.24,16.15,16.2,25355
2026-09-02T11:09:00.000Z,2026-09-02T14:09:00,16.2,16.2,16.2,16.2,2900
2026-09-02T11:10:00.000Z,2026-09-02T14:10:00,16.2,16.23,16.2,16.23,58732
2026-09-02T11:11:00.000Z,2026-09-02T14:11:00,16.2,16.2,16.2,16.2,7842
2026-09-02T11:12:00.000Z,2026-09-02T14:12:00,16.2,16.2,16.16,16.19,11805
2026-09-02T11:13:00.000Z,2026-09-02T14:13:00,16.16,16.16,16.1,16.1,24072
2026-09-02T11:14:00.000Z,2026-09-02T14:14:00,16.16,16.16,16.1,16.1,11713
2026-09-02T11:25:00.000Z,2026-09-02T14:25:00,16.02,16.02,16.02,16.02,282315
2026-09-02T11:26:00.000Z,2026-09-02T14:26:00,16.02,16.02,16.02,16.02,25500
2026-09-02T11:27:00.000Z,2026-09-02T14:27:00,16.02,16.02,16.02,16.02,100
2026-09-02T11:28:00.000Z,2026-09-02T14:28:00,16.02,16.02,16.02,16.02,512
2026-09-03T07:01:00.000Z,2026-09-03T10:01:00,16.1,16.1,16.06,16.08,19889
2026-09-03T07:02:00.000Z,2026-09-03T10:02:00,16.11,16.11,16.1,16.1,11299
2026-09-03T07:03:00.000Z,2026-09-03T10:03:00,16.11,16.16,16.1,16.16,6159
2026-09-03T07:04:00.000Z,2026-09-03T10:04:00,16.1,16.16,16.09,16.09,13074
2026-09-03T07:05:00.000Z,2026-09-03T10:05:00,16.1,16.1,16.09,16.09,729
2026-09-03T07:06:00.000Z,2026-09-03T10:06:00,16.09,16.18,16.06,16.18,19827
2026-09-03T07:07:00.000Z,2026-09-03T10:07:00,16.1,16.1,16.1,16.1,11833
2026-09-03T07:08:00.000Z,2026-09-03T10:08:00,16.11,16.11,16.1,16.1,10000
2026-09-03T07:09:00.000Z,2026-09-03T10:09:00,16.14,16.14,16.14,16.14,4121
2026-09-03T07:10:00.000Z,2026-09-03T10:10:00,16.14,16.15,16.14,16.15,18529
2026-09-03T07:11:00.000Z,2026-09-03T10:11:00,16.15,16.16,16.15,16.16,15678
2026-09-03T07:12:00.000Z,2026-09-03T10:12:00,16.16,16.17,16.16,16.17,12622
2026-09-03T07:13:00.000Z,2026-09-03T10:13:00,16.17,16.28,16.17,16.28,39755
2026-09-03T07:14:00.000Z,2026-09-03T10:14:00,16.28,16.28,16.26,16.26,12369
2026-09-03T07:15:00.000Z,2026-09-03T10:15:00,16.21,16.26,16.21,16.26,4550
2026-09-03T07:16:00.000Z,2026-09-03T10:16:00,16.23,16.26,16.23,16.26,2584
2026-09-03T07:17:00.000Z,2026-09-03T10:17:00,16.27,16.28,16.22,16.22,35500
2026-09-03T07:18:00.000Z,2026-09-03T10:18:00,16.22,16.22,16.22,16.22,770
2026-09-03T07:19:00.000Z,2026-09-03T10:19:00,16.16,16.16,16.15,16.16,13381
2026-09-03T07:20:00.000Z,2026-09-03T10:20:00,16.2,16.2,16.2,16.2,500
2026-09-03T07:21:00.000Z,2026-09-03T10:21:00,16.2,16.2,16.2,16.2,12313
2026-09-03T07:22:00.000Z,2026-09-03T10:22:00,16.2,16.2,16.12,16.12,13574
2026-09-03T07:23:00.000Z,2026-09-03T10:23:00,16.13,16.13,16.12,16.12,10000
2026-09-03T07:24:00.000Z,2026-09-03T10:24:00,16.18,16.2,16.18,16.2,616
2026-09-03T07:25:00.000Z,2026-09-03T10:25:00,16.15,16.2,16.1,16.2,4000
2026-09-03T07:28:00.000Z,2026-09-03T10:28:00,16.13,16.13,16.13,16.13,2659
2026-09-03T07:30:00.000Z,2026-09-03T10:30:00,16.18,16.18,16.14,16.14,5020
2026-09-03T07:32:00.000Z,2026-09-03T10:32:00,16.18,16.2,16.18,16.2,520
2026-09-03T07:34:00.000Z,2026-09-03T10:34:00,16.2,16.2,16.15,16.15,2330
2026-09-03T07:36:00.000Z,2026-09-03T10:36:00,16.21,16.21,16.21,16.21,500
2026-09-03T07:37:00.000Z,2026-09-03T10:37:00,16.21,16.21,16.21,16.21,5000
2026-09-03T07:38:00.000Z,2026-09-03T10:38:00,16.21,16.21,16.21,16.21,520
2026-09-03T07:39:00.000Z,2026-09-03T10:39:00,16.21,16.21,16.18,16.21,7396
2026-09-03T07:41:00.000Z,2026-09-03T10:41:00,16.18,16.18,16.17,16.17,1779
2026-09-03T07:42:00.000Z,2026-09-03T10:42:00,16.21,16.21,16.21,16.21,300
2026-09-03T07:43:00.000Z,2026-09-03T10:43:00,16.2,16.24,16.2,16.21,15050
2026-09-03T07:44:00.000Z,2026-09-03T10:44:00,16.21,16.21,16.21,16.21,250
2026-09-03T07:47:00.000Z,2026-09-03T10:47:00,16.2,16.2,16.2,16.2,3062
2026-09-03T07:48:00.000Z,2026-09-03T10:48:00,16.2,16.21,16.2,16.21,3086
2026-09-03T07:49:00.000Z,2026-09-03T10:49:00,16.18,16.21,16.18,16.21,170
2026-09-03T07:50:00.000Z,2026-09-03T10:50:00,16.2,16.2,16.2,16.2,6
2026-09-03T07:51:00.000Z,2026-09-03T10:51:00,16.19,16.2,16.19,16.2,1380
2026-09-03T07:52:00.000Z,2026-09-03T10:52:00,16.2,16.2,16.2,16.2,4590
2026-09-03T07:53:00.000Z,2026-09-03T10:53:00,16.19,16.21,16.19,16.21,16519
2026-09-03T07:54:00.000Z,2026-09-03T10:54:00,16.22,16.24,16.22,16.24,2467
2026-09-03T07:55:00.000Z,2026-09-03T10:55:00,16.24,16.24,16.24,16.24,230
2026-09-03T07:57:00.000Z,2026-09-03T10:57:00,16.22,16.24,16.22,16.24,8161
2026-09-03T07:58:00.000Z,2026-09-03T10:58:00,16.21,16.21,16.2,16.2,9000
2026-09-03T08:00:00.000Z,2026-09-03T11:00:00,16.2,16.2,16.2,16.2,5000
2026-09-03T08:01:00.000Z,2026-09-03T11:01:00,16.2,16.2,16.2,16.2,5338
2026-09-03T08:02:00.000Z,2026-09-03T11:02:00,16.15,16.15,16.1,16.1,105057
2026-09-03T08:03:00.000Z,2026-09-03T11:03:00,16.2,16.2,16.12,16.12,3237
2026-09-03T08:05:00.000Z,2026-09-03T11:05:00,16.2,16.2,16.12,16.12,1070
2026-09-03T08:07:00.000Z,2026-09-03T11:07:00,16.14,16.14,16.14,16.14,800
2026-09-03T08:08:00.000Z,2026-09-03T11:08:00,16.2,16.2,16.2,16.2,2823
2026-09-03T08:09:00.000Z,2026-09-03T11:09:00,16.14,16.14,16.13,16.13,10000
2026-09-03T08:10:00.000Z,2026-09-03T11:10:00,16.2,16.2,16.12,16.12,3035
2026-09-03T08:12:00.000Z,2026-09-03T11:12:00,16.12,16.12,16.12,16.12,1532
2026-09-03T08:14:00.000Z,2026-09-03T11:14:00,16.12,16.19,16.1,16.19,20201
2026-09-03T08:16:00.000Z,2026-09-03T11:16:00,16.17,16.17,16.17,16.17,5000
2026-09-03T08:17:00.000Z,2026-09-03T11:17:00,16.17,16.2,16.14,16.14,7342
2026-09-03T08:19:00.000Z,2026-09-03T11:19:00,16.14,16.14,16.14,16.14,322
2026-09-03T08:20:00.000Z,2026-09-03T11:20:00,16.13,16.13,16.13,16.13,6195
2026-09-03T08:21:00.000Z,2026-09-03T11:21:00,16.13,16.2,16.13,16.14,560
2026-09-03T08:22:00.000Z,2026-09-03T11:22:00,16.14,16.14,16.13,16.13,1417
2026-09-03T08:23:00.000Z,2026-09-03T11:23:00,16.12,16.12,16.12,16.12,6199
2026-09-03T08:24:00.000Z,2026-09-03T11:24:00,16.12,16.12,16.11,16.11,10000
2026-09-03T08:26:00.000Z,2026-09-03T11:26:00,16.11,16.11,16.09,16.09,31558
2026-09-03T08:27:00.000Z,2026-09-03T11:27:00,16.09,16.09,16.06,16.06,10000
2026-09-03T08:28:00.000Z,2026-09-03T11:28:00,16.06,16.1,16.06,16.1,7647
2026-09-03T08:29:00.000Z,2026-09-03T11:29:00,16.06,16.06,16.06,16.06,799
2026-09-03T08:30:00.000Z,2026-09-03T11:30:00,16.06,16.06,16.06,16.06,4929
2026-09-03T08:31:00.000Z,2026-09-03T11:31:00,16.1,16.1,16.06,16.1,4390
2026-09-03T08:32:00.000Z,2026-09-03T11:32:00,16.06,16.1,16.05,16.1,21284
2026-09-03T08:33:00.000Z,2026-09-03T11:33:00,16.06,16.06,16.05,16.05,3000
2026-09-03T08:34:00.000Z,2026-09-03T11:34:00,16.1,16.1,16.1,16.1,900
2026-09-03T08:35:00.000Z,2026-09-03T11:35:00,16.1,16.1,16.1,16.1,112
2026-09-03T08:36:00.000Z,2026-09-03T11:36:00,16.08,16.1,16.06,16.1,2132
2026-09-03T08:37:00.000Z,2026-09-03T11:37:00,16.1,16.1,16.07,16.1,372
2026-09-03T08:38:00.000Z,2026-09-03T11:38:00,16.06,16.06,16.06,16.06,11126
2026-09-03T08:39:00.000Z,2026-09-03T11:39:00,16.05,16.05,16.05,16.05,6300
2026-09-03T08:40:00.000Z,2026-09-03T11:40:00,16.06,16.06,16.06,16.06,3874
2026-09-03T08:41:00.000Z,2026-09-03T11:41:00,16.06,16.06,16.06,16.06,1516
2026-09-03T08:42:00.000Z,2026-09-03T11:42:00,16.06,16.1,16.06,16.1,12752
2026-09-03T08:43:00.000Z,2026-09-03T11:43:00,16.1,16.1,16.09,16.1,2031
2026-09-03T08:44:00.000Z,2026-09-03T11:44:00,16.07,16.07,16.07,16.07,50
2026-09-03T08:45:00.000Z,2026-09-03T11:45:00,16.08,16.09,16.08,16.09,311
2026-09-03T08:46:00.000Z,2026-09-03T11:46:00,16.07,16.09,16.07,16.09,339
2026-09-03T08:47:00.000Z,2026-09-03T11:47:00,16.1,16.1,16.09,16.1,2051
2026-09-03T08:49:00.000Z,2026-09-03T11:49:00,16.1,16.1,16.09,16.1,1033
2026-09-03T08:50:00.000Z,2026-09-03T11:50:00,16.09,16.09,16.07,16.07,158
2026-09-03T08:51:00.000Z,2026-09-03T11:51:00,16.08,16.1,16.08,16.1,200
2026-09-03T08:52:00.000Z,2026-09-03T11:52:00,16.1,16.1,16.06,16.06,1608
2026-09-03T08:53:00.000Z,2026-09-03T11:53:00,16.1,16.1,16.1,16.1,95532
2026-09-03T08:55:00.000Z,2026-09-03T11:55:00,16.15,16.15,16.15,16.15,403
2026-09-03T08:56:00.000Z,2026-09-03T11:56:00,16.1,16.1,16.1,16.1,2300
2026-09-03T08:57:00.000Z,2026-09-03T11:57:00,16.1,16.15,16.1,16.11,6076
2026-09-03T08:58:00.000Z,2026-09-03T11:58:00,16.11,16.11,16.1,16.1,5000
2026-09-03T08:59:00.000Z,2026-09-03T11:59:00,16.11,16.11,16.11,16.11,5000
2026-09-03T09:01:00.000Z,2026-09-03T12:01:00,16.11,16.11,16.11,16.11,100
2026-09-03T09:02:00.000Z,2026-09-03T12:02:00,16.12,16.12,16.12,16.12,186
2026-09-03T09:03:00.000Z,2026-09-03T12:03:00,16.1,16.1,16.1,16.1,5500
2026-09-03T09:04:00.000Z,2026-09-03T12:04:00,16.1,16.1,16.1,16.1,250
2026-09-03T09:07:00.000Z,2026-09-03T12:07:00,16.1,16.1,16.1,16.1,57
2026-09-03T09:09:00.000Z,2026-09-03T12:09:00,16.1,16.1,16.06,16.06,2711
2026-09-03T09:10:00.000Z,2026-09-03T12:10:00,16.07,16.07,16.06,16.06,6591
2026-09-03T09:11:00.000Z,2026-09-03T12:11:00,16.06,16.06,16.06,16.06,1591
2026-09-03T09:12:00.000Z,2026-09-03T12:12:00,16.07,16.07,16.06,16.06,3425
2026-09-03T09:13:00.000Z,2026-09-03T12:13:00,16.07,16.07,16.07,16.07,1500
2026-09-03T09:14:00.000Z,2026-09-03T12:14:00,16.06,16.06,16.06,16.06,1591
2026-09-03T09:15:00.000Z,2026-09-03T12:15:00,16.06,16.06,16.06,16.06,1500
2026-09-03T09:16:00.000Z,2026-09-03T12:16:00,16.07,16.1,16.07,16.1,980
2026-09-03T09:17:00.000Z,2026-09-03T12:17:00,16.1,16.1,16.1,16.1,83
2026-09-03T09:19:00.000Z,2026-09-03T12:19:00,16.1,16.1,16.1,16.1,237
2026-09-03T09:21:00.000Z,2026-09-03T12:21:00,16.07,16.07,16.06,16.06,1085
2026-09-03T09:23:00.000Z,2026-09-03T12:23:00,16.06,16.06,16.06,16.06,16437
2026-09-03T09:24:00.000Z,2026-09-03T12:24:00,16.06,16.06,16.06,16.06,3573
2026-09-03T09:25:00.000Z,2026-09-03T12:25:00,16.06,16.06,16.06,16.06,2000
2026-09-03T09:26:00.000Z,2026-09-03T12:26:00,16.1,16.11,16.1,16.11,499
2026-09-03T09:27:00.000Z,2026-09-03T12:27:00,16.11,16.15,16.06,16.06,6621
2026-09-03T09:29:00.000Z,2026-09-03T12:29:00,16.14,16.14,16.06,16.06,134
2026-09-03T09:30:00.000Z,2026-09-03T12:30:00,16.07,16.1,16.07,16.1,2743
2026-09-03T09:32:00.000Z,2026-09-03T12:32:00,16.1,16.1,16.1,16.1,31
2026-09-03T09:33:00.000Z,2026-09-03T12:33:00,16.1,16.1,16.1,16.1,2381
2026-09-03T09:34:00.000Z,2026-09-03T12:34:00,16.1,16.1,16.1,16.1,2696
2026-09-03T09:36:00.000Z,2026-09-03T12:36:00,16.1,16.1,16.1,16.1,8000
2026-09-03T09:37:00.000Z,2026-09-03T12:37:00,16.1,16.1,16.1,16.1,14
2026-09-03T09:38:00.000Z,2026-09-03T12:38:00,16.14,16.14,16.06,16.06,3360
2026-09-03T09:39:00.000Z,2026-09-03T12:39:00,16.06,16.06,16.06,16.06,1335
2026-09-03T09:40:00.000Z,2026-09-03T12:40:00,16.06,16.15,16.06,16.15,519
2026-09-03T09:43:00.000Z,2026-09-03T12:43:00,16.14,16.44,16.14,16.4,156936
2026-09-03T09:44:00.000Z,2026-09-03T12:44:00,16.37,16.37,16.37,16.37,1
2026-09-03T09:45:00.000Z,2026-09-03T12:45:00,16.32,16.32,16.26,16.26,3680
2026-09-03T09:46:00.000Z,2026-09-03T12:46:00,16.26,16.26,16.18,16.26,2657
2026-09-03T09:47:00.000Z,2026-09-03T12:47:00,16.26,16.26,16.22,16.22,327
2026-09-03T09:48:00.000Z,2026-09-03T12:48:00,16.2,16.2,16.01,16.05,157937
2026-09-03T09:49:00.000Z,2026-09-03T12:49:00,16.22,16.25,16.22,16.25,6500
2026-09-03T09:51:00.000Z,2026-09-03T12:51:00,16.23,16.23,16.23,16.23,1798
2026-09-03T09:52:00.000Z,2026-09-03T12:52:00,16.19,16.19,16.11,16.11,17
2026-09-03T09:53:00.000Z,2026-09-03T12:53:00,16.11,16.11,16.09,16.09,1335
2026-09-03T09:54:00.000Z,2026-09-03T12:54:00,16.19,16.19,16.19,16.19,9584
2026-09-03T09:55:00.000Z,2026-09-03T12:55:00,16.19,16.19,16.19,16.19,416
2026-09-03T09:57:00.000Z,2026-09-03T12:57:00,16.19,16.19,16.19,16.19,6
2026-09-03T09:58:00.000Z,2026-09-03T12:58:00,16.1,16.1,16.07,16.07,3172
2026-09-03T09:59:00.000Z,2026-09-03T12:59:00,16.08,16.08,16.08,16.08,1006
2026-09-03T10:01:00.000Z,2026-09-03T13:01:00,16.19,16.19,16.1,16.1,819
2026-09-03T10:04:00.000Z,2026-09-03T13:04:00,16.17,16.18,16.17,16.18,286
2026-09-03T10:06:00.000Z,2026-09-03T13:06:00,16.17,16.18,16.12,16.18,9189
2026-09-03T10:10:00.000Z,2026-09-03T13:10:00,16.14,16.18,16.13,16.18,6016
2026-09-03T10:11:00.000Z,2026-09-03T13:11:00,16.18,16.18,16.08,16.08,23414
2026-09-03T10:12:00.000Z,2026-09-03T13:12:00,16.15,16.15,16.15,16.15,3500
2026-09-03T10:13:00.000Z,2026-09-03T13:13:00,16.15,16.19,16.11,16.11,5094
2026-09-03T10:21:00.000Z,2026-09-03T13:21:00,16.2,16.2,16.2,16.2,100
2026-09-03T10:23:00.000Z,2026-09-03T13:23:00,16.19,16.25,16.19,16.25,15250
2026-09-03T10:24:00.000Z,2026-09-03T13:24:00,16.25,16.25,16.25,16.25,5250
2026-09-03T10:26:00.000Z,2026-09-03T13:26:00,16.24,16.24,16.24,16.24,200
2026-09-03T10:28:00.000Z,2026-09-03T13:28:00,16.24,16.24,16.24,16.24,100
2026-09-03T10:29:00.000Z,2026-09-03T13:29:00,16.25,16.25,16.25,16.25,90
2026-09-03T10:30:00.000Z,2026-09-03T13:30:00,16.24,16.25,16.24,16.25,135
2026-09-03T10:31:00.000Z,2026-09-03T13:31:00,16.25,16.25,16.16,16.16,17162
2026-09-03T10:32:00.000Z,2026-09-03T13:32:00,16.21,16.21,16.21,16.21,431
2026-09-03T10:34:00.000Z,2026-09-03T13:34:00,16.21,16.21,16.21,16.21,569
2026-09-03T10:35:00.000Z,2026-09-03T13:35:00,16.22,16.25,16.21,16.21,18590
2026-09-03T10:36:00.000Z,2026-09-03T13:36:00,16.21,16.21,16.21,16.21,1511
2026-09-03T10:37:00.000Z,2026-09-03T13:37:00,16.17,16.18,16.17,16.18,6480
2026-09-03T10:39:00.000Z,2026-09-03T13:39:00,16.18,16.18,16.18,16.18,6721
2026-09-03T10:40:00.000Z,2026-09-03T13:40:00,16.24,16.24,16.18,16.18,5194
2026-09-03T10:41:00.000Z,2026-09-03T13:41:00,16.18,16.18,16.18,16.18,6721
2026-09-03T10:42:00.000Z,2026-09-03T13:42:00,16.2,16.2,16.2,16.2,5000
2026-09-03T10:44:00.000Z,2026-09-03T13:44:00,16.2,16.2,16.2,16.2,16505
2026-09-03T10:45:00.000Z,2026-09-03T13:45:00,16.23,16.23,16.17,16.17,6759
2026-09-03T10:46:00.000Z,2026-09-03T13:46:00,16.2,16.2,16.1,16.1,75000
2026-09-03T10:47:00.000Z,2026-09-03T13:47:00,16.1,16.1,16.1,16.1,2999
2026-09-03T10:50:00.000Z,2026-09-03T13:50:00,16.15,16.18,16.15,16.18,1485
2026-09-03T10:51:00.000Z,2026-09-03T13:51:00,16.19,16.19,16.19,16.19,850
2026-09-03T10:52:00.000Z,2026-09-03T13:52:00,16.17,16.19,16.17,16.19,264
2026-09-03T10:53:00.000Z,2026-09-03T13:53:00,16.17,16.19,16.15,16.19,2934
2026-09-03T10:54:00.000Z,2026-09-03T13:54:00,16.17,16.19,16.17,16.19,1544
2026-09-03T10:55:00.000Z,2026-09-03T13:55:00,16.17,16.17,16.17,16.17,1175
2026-09-03T10:56:00.000Z,2026-09-03T13:56:00,16.17,16.18,16.17,16.18,229
2026-09-03T10:59:00.000Z,2026-09-03T13:59:00,16.17,16.18,16.16,16.18,5551
2026-09-03T11:01:00.000Z,2026-09-03T14:01:00,16.16,16.16,16.16,16.16,9793
2026-09-03T11:02:00.000Z,2026-09-03T14:02:00,16.15,16.15,16.15,16.15,463
2026-09-03T11:03:00.000Z,2026-09-03T14:03:00,16.15,16.16,16.15,16.16,3000
2026-09-03T11:04:00.000Z,2026-09-03T14:04:00,16.16,16.2,16.16,16.2,5635
2026-09-03T11:05:00.000Z,2026-09-03T14:05:00,16.2,16.22,16.2,16.22,11837
2026-09-03T11:06:00.000Z,2026-09-03T14:06:00,16.2,16.2,16.2,16.2,10000
2026-09-03T11:07:00.000Z,2026-09-03T14:07:00,16.2,16.2,16.2,16.2,4486
2026-09-03T11:09:00.000Z,2026-09-03T14:09:00,16.17,16.2,16.17,16.2,18022
2026-09-03T11:10:00.000Z,2026-09-03T14:10:00,16.21,16.22,16.2,16.2,23328
2026-09-03T11:11:00.000Z,2026-09-03T14:11:00,16.24,16.25,16.24,16.25,5438
2026-09-03T11:13:00.000Z,2026-09-03T14:13:00,16.2,16.2,16.11,16.11,17500
2026-09-03T11:14:00.000Z,2026-09-03T14:14:00,16.2,16.21,16.2,16.2,34145
2026-09-03T11:25:00.000Z,2026-09-03T14:25:00,16.15,16.15,16.15,16.15,91411
2026-09-03T11:26:00.000Z,2026-09-03T14:26:00,16.15,16.15,16.15,16.15,32421
2026-09-06T07:00:00.000Z,2026-09-06T10:00:00,16.27,16.36,16.27,16.36,14623
2026-09-06T07:01:00.000Z,2026-09-06T10:01:00,16.36,16.38,16.36,16.38,4025
2026-09-06T07:02:00.000Z,2026-09-06T10:02:00,16.38,16.39,16.3,16.3,35588
2026-09-06T07:03:00.000Z,2026-09-06T10:03:00,16.3,16.38,16.3,16.3,8463
2026-09-06T07:04:00.000Z,2026-09-06T10:04:00,16.37,16.37,16.21,16.3,21890
2026-09-06T07:05:00.000Z,2026-09-06T10:05:00,16.23,16.3,16.23,16.29,627
2026-09-06T07:06:00.000Z,2026-09-06T10:06:00,16.29,16.29,16.26,16.26,1502
2026-09-06T07:07:00.000Z,2026-09-06T10:07:00,16.29,16.4,16.29,16.4,25000
2026-09-06T07:08:00.000Z,2026-09-06T10:08:00,16.3,16.4,16.28,16.4,36491
2026-09-06T07:09:00.000Z,2026-09-06T10:09:00,16.39,16.43,16.33,16.33,11336
2026-09-06T07:10:00.000Z,2026-09-06T10:10:00,16.42,16.44,16.4,16.44,8301
2026-09-06T07:11:00.000Z,2026-09-06T10:11:00,16.44,16.44,16.41,16.41,3957
2026-09-06T07:12:00.000Z,2026-09-06T10:12:00,16.42,16.45,16.33,16.4,14949
2026-09-06T07:13:00.000Z,2026-09-06T10:13:00,16.39,16.39,16.39,16.39,8774
2026-09-06T07:15:00.000Z,2026-09-06T10:15:00,16.35,16.38,16.34,16.35,3394
2026-09-06T07:16:00.000Z,2026-09-06T10:16:00,16.38,16.38,16.38,16.38,211
2026-09-06T07:17:00.000Z,2026-09-06T10:17:00,16.38,16.38,16.36,16.37,5824
2026-09-06T07:18:00.000Z,2026-09-06T10:18:00,16.37,16.4,16.37,16.39,10410
2026-09-06T07:19:00.000Z,2026-09-06T10:19:00,16.39,16.39,16.31,16.31,17834
2026-09-06T07:20:00.000Z,2026-09-06T10:20:00,16.39,16.39,16.39,16.39,3212
2026-09-06T07:21:00.000Z,2026-09-06T10:21:00,16.39,16.39,16.39,16.39,469
2026-09-06T07:22:00.000Z,2026-09-06T10:22:00,16.33,16.33,16.32,16.32,4678
2026-09-06T07:23:00.000Z,2026-09-06T10:23:00,16.32,16.35,16.32,16.32,652
2026-09-06T07:24:00.000Z,2026-09-06T10:24:00,16.35,16.38,16.3,16.38,52425
2026-09-06T07:25:00.000Z,2026-09-06T10:25:00,16.3,16.38,16.3,16.38,2342
2026-09-06T07:27:00.000Z,2026-09-06T10:27:00,16.35,16.38,16.35,16.38,697
2026-09-06T07:28:00.000Z,2026-09-06T10:28:00,16.38,16.38,16.38,16.38,503
2026-09-06T07:30:00.000Z,2026-09-06T10:30:00,16.36,16.36,16.3,16.3,11312
2026-09-06T07:31:00.000Z,2026-09-06T10:31:00,16.29,16.3,16.29,16.3,2489
2026-09-06T07:32:00.000Z,2026-09-06T10:32:00,16.35,16.35,16.3,16.3,20560
2026-09-06T07:33:00.000Z,2026-09-06T10:33:00,16.3,16.35,16.3,16.35,11025
2026-09-06T07:34:00.000Z,2026-09-06T10:34:00,16.3,16.35,16.3,16.3,7340
2026-09-06T07:36:00.000Z,2026-09-06T10:36:00,16.34,16.34,16.33,16.33,49
2026-09-06T07:37:00.000Z,2026-09-06T10:37:00,16.3,16.33,16.29,16.33,10226
2026-09-06T07:38:00.000Z,2026-09-06T10:38:00,16.33,16.33,16.33,16.33,118
2026-09-06T07:39:00.000Z,2026-09-06T10:39:00,16.33,16.33,16.26,16.33,1394
2026-09-06T07:40:00.000Z,2026-09-06T10:40:00,16.33,16.33,16.33,16.33,622
2026-09-06T07:43:00.000Z,2026-09-06T10:43:00,16.3,16.3,16.26,16.26,3336
2026-09-06T07:44:00.000Z,2026-09-06T10:44:00,16.3,16.3,16.25,16.26,15204
2026-09-06T07:45:00.000Z,2026-09-06T10:45:00,16.26,16.26,16.24,16.24,42997
2026-09-06T07:47:00.000Z,2026-09-06T10:47:00,16.25,16.25,16.23,16.23,15394
2026-09-06T07:48:00.000Z,2026-09-06T10:48:00,16.26,16.26,16.26,16.26,1089
2026-09-06T07:49:00.000Z,2026-09-06T10:49:00,16.26,16.26,16.26,16.26,411
2026-09-06T07:50:00.000Z,2026-09-06T10:50:00,16.25,16.26,16.25,16.26,20962
2026-09-06T07:51:00.000Z,2026-09-06T10:51:00,16.27,16.29,16.27,16.29,4039
2026-09-06T07:52:00.000Z,2026-09-06T10:52:00,16.29,16.29,16.28,16.28,4824
2026-09-06T07:53:00.000Z,2026-09-06T10:53:00,16.28,16.28,16.28,16.28,5280
2026-09-06T07:54:00.000Z,2026-09-06T10:54:00,16.28,16.3,16.28,16.3,15768
2026-09-06T07:55:00.000Z,2026-09-06T10:55:00,16.32,16.32,16.3,16.32,13612
2026-09-06T07:56:00.000Z,2026-09-06T10:56:00,16.32,16.32,16.32,16.32,1122
2026-09-06T07:57:00.000Z,2026-09-06T10:57:00,16.31,16.31,16.31,16.31,800
2026-09-06T07:58:00.000Z,2026-09-06T10:58:00,16.31,16.31,16.3,16.3,16157
2026-09-06T07:59:00.000Z,2026-09-06T10:59:00,16.29,16.29,16.29,16.29,23
2026-09-06T08:00:00.000Z,2026-09-06T11:00:00,16.3,16.3,16.3,16.3,11500
2026-09-06T08:02:00.000Z,2026-09-06T11:02:00,16.3,16.3,16.28,16.28,1322
2026-09-06T08:03:00.000Z,2026-09-06T11:03:00,16.3,16.3,16.29,16.29,795
2026-09-06T08:04:00.000Z,2026-09-06T11:04:00,16.29,16.29,16.28,16.28,6691
2026-09-06T08:05:00.000Z,2026-09-06T11:05:00,16.28,16.28,16.28,16.28,7418
2026-09-06T08:07:00.000Z,2026-09-06T11:07:00,16.28,16.29,16.26,16.29,1987
2026-09-06T08:08:00.000Z,2026-09-06T11:08:00,16.26,16.3,16.26,16.3,1100
2026-09-06T08:09:00.000Z,2026-09-06T11:09:00,16.3,16.3,16.3,16.3,773
2026-09-06T08:10:00.000Z,2026-09-06T11:10:00,16.3,16.3,16.3,16.3,400
2026-09-06T08:11:00.000Z,2026-09-06T11:11:00,16.26,16.26,16.23,16.23,33483
2026-09-06T08:12:00.000Z,2026-09-06T11:12:00,16.23,16.29,16.23,16.29,318
2026-09-06T08:13:00.000Z,2026-09-06T11:13:00,16.25,16.29,16.21,16.29,27633
2026-09-06T08:14:00.000Z,2026-09-06T11:14:00,16.29,16.29,16.25,16.25,579
2026-09-06T08:15:00.000Z,2026-09-06T11:15:00,16.29,16.29,16.25,16.25,10150
2026-09-06T08:16:00.000Z,2026-09-06T11:16:00,16.29,16.29,16.29,16.29,200
2026-09-06T08:17:00.000Z,2026-09-06T11:17:00,16.29,16.29,16.29,16.29,1023
2026-09-06T08:18:00.000Z,2026-09-06T11:18:00,16.25,16.25,16.25,16.25,637
2026-09-06T08:19:00.000Z,2026-09-06T11:19:00,16.25,16.25,16.25,16.25,200
2026-09-06T08:21:00.000Z,2026-09-06T11:21:00,16.25,16.29,16.25,16.26,3506
2026-09-06T08:23:00.000Z,2026-09-06T11:23:00,16.27,16.27,16.27,16.27,61
2026-09-06T08:24:00.000Z,2026-09-06T11:24:00,16.29,16.29,16.29,16.29,6621
2026-09-06T08:26:00.000Z,2026-09-06T11:26:00,16.3,16.3,16.26,16.3,10050
2026-09-06T08:27:00.000Z,2026-09-06T11:27:00,16.3,16.3,16.3,16.3,1161
2026-09-06T08:28:00.000Z,2026-09-06T11:28:00,16.3,16.3,16.3,16.3,200
2026-09-06T08:29:00.000Z,2026-09-06T11:29:00,16.3,16.3,16.3,16.3,250
2026-09-06T08:30:00.000Z,2026-09-06T11:30:00,16.3,16.3,16.3,16.3,1601
2026-09-06T08:33:00.000Z,2026-09-06T11:33:00,16.3,16.3,16.3,16.3,234
2026-09-06T08:35:00.000Z,2026-09-06T11:35:00,16.29,16.3,16.29,16.3,168
2026-09-06T08:37:00.000Z,2026-09-06T11:37:00,16.3,16.3,16.3,16.3,1935
2026-09-06T08:38:00.000Z,2026-09-06T11:38:00,16.3,16.3,16.3,16.3,11663
2026-09-06T08:39:00.000Z,2026-09-06T11:39:00,16.28,16.3,16.28,16.3,6000
2026-09-06T08:40:00.000Z,2026-09-06T11:40:00,16.28,16.28,16.28,16.28,3
2026-09-06T08:41:00.000Z,2026-09-06T11:41:00,16.27,16.27,16.27,16.27,6988
2026-09-06T08:42:00.000Z,2026-09-06T11:42:00,16.28,16.28,16.28,16.28,497
2026-09-06T08:43:00.000Z,2026-09-06T11:43:00,16.28,16.28,16.28,16.28,67
2026-09-06T08:44:00.000Z,2026-09-06T11:44:00,16.28,16.3,16.28,16.3,5350
2026-09-06T08:45:00.000Z,2026-09-06T11:45:00,16.28,16.28,16.28,16.28,2500
2026-09-06T08:46:00.000Z,2026-09-06T11:46:00,16.3,16.3,16.3,16.3,2863
2026-09-06T08:47:00.000Z,2026-09-06T11:47:00,16.31,16.31,16.31,16.31,170
2026-09-06T08:48:00.000Z,2026-09-06T11:48:00,16.32,16.32,16.31,16.31,300
2026-09-06T08:49:00.000Z,2026-09-06T11:49:00,16.32,16.33,16.31,16.31,14722
2026-09-06T08:51:00.000Z,2026-09-06T11:51:00,16.33,16.33,16.3,16.3,8940
2026-09-06T08:53:00.000Z,2026-09-06T11:53:00,16.3,16.32,16.3,16.32,1064
2026-09-06T08:54:00.000Z,2026-09-06T11:54:00,16.3,16.3,16.3,16.3,2960
2026-09-06T08:56:00.000Z,2026-09-06T11:56:00,16.3,16.3,16.29,16.29,1660
2026-09-06T08:58:00.000Z,2026-09-06T11:58:00,16.29,16.29,16.29,16.29,440
2026-09-06T09:00:00.000Z,2026-09-06T12:00:00,16.3,16.3,16.3,16.3,136
2026-09-06T09:01:00.000Z,2026-09-06T12:01:00,16.3,16.3,16.3,16.3,1914
2026-09-06T09:02:00.000Z,2026-09-06T12:02:00,16.3,16.33,16.26,16.33,14192
2026-09-06T09:03:00.000Z,2026-09-06T12:03:00,16.32,16.32,16.32,16.32,755
2026-09-06T09:05:00.000Z,2026-09-06T12:05:00,16.32,16.32,16.25,16.25,13070
2026-09-06T09:06:00.000Z,2026-09-06T12:06:00,16.31,16.31,16.31,16.31,3
2026-09-06T09:07:00.000Z,2026-09-06T12:07:00,16.31,16.31,16.31,16.31,900
2026-09-06T09:10:00.000Z,2026-09-06T12:10:00,16.25,16.25,16.25,16.25,1247
2026-09-06T09:11:00.000Z,2026-09-06T12:11:00,16.3,16.3,16.25,16.3,7511
2026-09-06T09:12:00.000Z,2026-09-06T12:12:00,16.29,16.29,16.24,16.24,97
2026-09-06T09:13:00.000Z,2026-09-06T12:13:00,16.26,16.29,16.26,16.29,1472
2026-09-06T09:14:00.000Z,2026-09-06T12:14:00,16.29,16.29,16.29,16.29,1101
2026-09-06T09:15:00.000Z,2026-09-06T12:15:00,16.29,16.35,16.29,16.35,19194
2026-09-06T09:16:00.000Z,2026-09-06T12:16:00,16.35,16.35,16.3,16.31,5244
2026-09-06T09:18:00.000Z,2026-09-06T12:18:00,16.31,16.35,16.31,16.32,7369
2026-09-06T09:19:00.000Z,2026-09-06T12:19:00,16.32,16.35,16.32,16.34,18721
2026-09-06T09:20:00.000Z,2026-09-06T12:20:00,16.35,16.35,16.34,16.34,10649
2026-09-06T09:21:00.000Z,2026-09-06T12:21:00,16.35,16.35,16.35,16.35,699
2026-09-06T09:22:00.000Z,2026-09-06T12:22:00,16.3,16.3,16.3,16.3,10529
2026-09-06T09:23:00.000Z,2026-09-06T12:23:00,16.3,16.3,16.3,16.3,122
2026-09-06T09:24:00.000Z,2026-09-06T12:24:00,16.28,16.28,16.28,16.28,63
2026-09-06T09:25:00.000Z,2026-09-06T12:25:00,16.3,16.3,16.3,16.3,116
2026-09-06T09:26:00.000Z,2026-09-06T12:26:00,16.28,16.3,16.28,16.3,2333
2026-09-06T09:27:00.000Z,2026-09-06T12:27:00,16.32,16.32,16.3,16.3,1037
2026-09-06T09:28:00.000Z,2026-09-06T12:28:00,16.3,16.32,16.28,16.32,3130
2026-09-06T09:30:00.000Z,2026-09-06T12:30:00,16.32,16.32,16.31,16.31,5620
2026-09-06T09:31:00.000Z,2026-09-06T12:31:00,16.31,16.31,16.31,16.31,2100
2026-09-06T09:32:00.000Z,2026-09-06T12:32:00,16.31,16.32,16.31,16.32,13529
2026-09-06T09:33:00.000Z,2026-09-06T12:33:00,16.3,16.3,16.3,16.3,7201
2026-09-06T09:34:00.000Z,2026-09-06T12:34:00,16.3,16.3,16.3,16.3,5000
2026-09-06T09:35:00.000Z,2026-09-06T12:35:00,16.3,16.3,16.26,16.26,1725
2026-09-06T09:36:00.000Z,2026-09-06T12:36:00,16.31,16.31,16.3,16.3,9420
2026-09-06T09:37:00.000Z,2026-09-06T12:37:00,16.3,16.3,16.3,16.3,29
2026-09-06T09:39:00.000Z,2026-09-06T12:39:00,16.27,16.27,16.27,16.27,33
2026-09-06T09:43:00.000Z,2026-09-06T12:43:00,16.3,16.3,16.27,16.27,5166
2026-09-06T09:44:00.000Z,2026-09-06T12:44:00,16.27,16.3,16.27,16.3,1178
2026-09-06T09:45:00.000Z,2026-09-06T12:45:00,16.26,16.3,16.26,16.26,6491
2026-09-06T09:46:00.000Z,2026-09-06T12:46:00,16.26,16.26,16.25,16.25,10333
2026-09-06T09:47:00.000Z,2026-09-06T12:47:00,16.26,16.26,16.25,16.26,1732
2026-09-06T09:48:00.000Z,2026-09-06T12:48:00,16.25,16.26,16.24,16.26,4635
2026-09-06T09:50:00.000Z,2026-09-06T12:50:00,16.3,16.3,16.3,16.3,123
2026-09-06T09:51:00.000Z,2026-09-06T12:51:00,16.27,16.31,16.25,16.25,4365
2026-09-06T09:52:00.000Z,2026-09-06T12:52:00,16.27,16.27,16.27,16.27,30
2026-09-06T09:53:00.000Z,2026-09-06T12:53:00,16.25,16.25,16.25,16.25,1000
2026-09-06T09:54:00.000Z,2026-09-06T12:54:00,16.25,16.25,16.25,16.25,15000
2026-09-06T09:55:00.000Z,2026-09-06T12:55:00,16.27,16.27,16.27,16.27,30
2026-09-06T09:56:00.000Z,2026-09-06T12:56:00,16.25,16.27,16.25,16.27,4130
2026-09-06T09:57:00.000Z,2026-09-06T12:57:00,16.25,16.27,16.25,16.27,1384
2026-09-06T09:58:00.000Z,2026-09-06T12:58:00,16.27,16.27,16.27,16.27,250
2026-09-06T09:59:00.000Z,2026-09-06T12:59:00,16.27,16.27,16.25,16.25,8000
2026-09-06T10:00:00.000Z,2026-09-06T13:00:00,16.25,16.29,16.25,16.29,9150
2026-09-06T10:01:00.000Z,2026-09-06T13:01:00,16.28,16.28,16.25,16.25,650
2026-09-06T10:02:00.000Z,2026-09-06T13:02:00,16.26,16.27,16.25,16.25,23732
2026-09-06T10:03:00.000Z,2026-09-06T13:03:00,16.25,16.28,16.25,16.28,1244
2026-09-06T10:06:00.000Z,2026-09-06T13:06:00,16.26,16.26,16.25,16.25,1000
2026-09-06T10:07:00.000Z,2026-09-06T13:07:00,16.28,16.28,16.28,16.28,492
2026-09-06T10:08:00.000Z,2026-09-06T13:08:00,16.28,16.28,16.28,16.28,2881
2026-09-06T10:09:00.000Z,2026-09-06T13:09:00,16.28,16.28,16.28,16.28,1500
2026-09-06T10:10:00.000Z,2026-09-06T13:10:00,16.28,16.28,16.28,16.28,664
2026-09-06T10:11:00.000Z,2026-09-06T13:11:00,16.29,16.3,16.29,16.3,7130
2026-09-06T10:12:00.000Z,2026-09-06T13:12:00,16.32,16.32,16.32,16.32,21499
2026-09-06T10:13:00.000Z,2026-09-06T13:13:00,16.33,16.33,16.3,16.3,12190
2026-09-06T10:15:00.000Z,2026-09-06T13:15:00,16.32,16.32,16.32,16.32,5802
2026-09-06T10:16:00.000Z,2026-09-06T13:16:00,16.3,16.3,16.28,16.3,12492
2026-09-06T10:17:00.000Z,2026-09-06T13:17:00,16.28,16.28,16.28,16.28,1430
2026-09-06T10:18:00.000Z,2026-09-06T13:18:00,16.28,16.28,16.28,16.28,7000
2026-09-06T10:19:00.000Z,2026-09-06T13:19:00,16.28,16.28,16.28,16.28,2446
2026-09-06T10:20:00.000Z,2026-09-06T13:20:00,16.3,16.3,16.3,16.3,5000
2026-09-06T10:21:00.000Z,2026-09-06T13:21:00,16.3,16.3,16.3,16.3,1762
2026-09-06T10:22:00.000Z,2026-09-06T13:22:00,16.32,16.32,16.32,16.32,61
2026-09-06T10:24:00.000Z,2026-09-06T13:24:00,16.31,16.32,16.3,16.32,12016
2026-09-06T10:25:00.000Z,2026-09-06T13:25:00,16.32,16.32,16.3,16.32,13839
2026-09-06T10:26:00.000Z,2026-09-06T13:26:00,16.32,16.4,16.3,16.4,65622
2026-09-06T10:27:00.000Z,2026-09-06T13:27:00,16.4,16.42,16.4,16.4,25708
2026-09-06T10:28:00.000Z,2026-09-06T13:28:00,16.4,16.4,16.35,16.4,35276
2026-09-06T10:29:00.000Z,2026-09-06T13:29:00,16.4,16.44,16.36,16.41,59367
2026-09-06T10:30:00.000Z,2026-09-06T13:30:00,16.4,16.45,16.4,16.43,61416
2026-09-06T10:31:00.000Z,2026-09-06T13:31:00,16.43,16.49,16.43,16.48,79097
2026-09-06T10:32:00.000Z,2026-09-06T13:32:00,16.48,16.49,16.45,16.48,28136
2026-09-06T10:33:00.000Z,2026-09-06T13:33:00,16.48,16.5,16.48,16.49,19543
2026-09-06T10:34:00.000Z,2026-09-06T13:34:00,16.5,16.54,16.49,16.54,80366
2026-09-06T10:35:00.000Z,2026-09-06T13:35:00,16.54,16.6,16.54,16.6,60890
2026-09-06T10:36:00.000Z,2026-09-06T13:36:00,16.6,16.7,16.59,16.7,226360
2026-09-06T10:37:00.000Z,2026-09-06T13:37:00,16.7,16.79,16.69,16.75,205098
2026-09-06T10:38:00.000Z,2026-09-06T13:38:00,16.75,16.77,16.75,16.77,82274
2026-09-06T10:39:00.000Z,2026-09-06T13:39:00,16.75,16.77,16.73,16.75,110631
2026-09-06T10:40:00.000Z,2026-09-06T13:40:00,16.75,16.77,16.73,16.75,47964
2026-09-06T10:41:00.000Z,2026-09-06T13:41:00,16.74,16.76,16.6,16.73,91658
2026-09-06T10:42:00.000Z,2026-09-06T13:42:00,16.73,16.73,16.61,16.69,14931
2026-09-06T10:43:00.000Z,2026-09-06T13:43:00,16.69,16.7,16.69,16.7,28509
2026-09-06T10:44:00.000Z,2026-09-06T13:44:00,16.7,16.7,16.65,16.65,31049
2026-09-06T10:45:00.000Z,2026-09-06T13:45:00,16.68,16.69,16.62,16.69,15571
2026-09-06T10:46:00.000Z,2026-09-06T13:46:00,16.69,16.69,16.6,16.69,20413
2026-09-06T10:47:00.000Z,2026-09-06T13:47:00,16.69,16.7,16.6,16.7,13841
2026-09-06T10:48:00.000Z,2026-09-06T13:48:00,16.7,16.7,16.61,16.61,14767
2026-09-06T10:49:00.000Z,2026-09-06T13:49:00,16.69,16.7,16.61,16.69,22865
2026-09-06T10:50:00.000Z,2026-09-06T13:50:00,16.69,16.76,16.69,16.76,110574
2026-09-06T10:51:00.000Z,2026-09-06T13:51:00,16.75,16.79,16.75,16.79,116209
2026-09-06T10:52:00.000Z,2026-09-06T13:52:00,16.77,16.81,16.7,16.8,169950
2026-09-06T10:53:00.000Z,2026-09-06T13:53:00,16.8,16.82,16.8,16.82,113244
2026-09-06T10:54:00.000Z,2026-09-06T13:54:00,16.83,16.84,16.77,16.8,123747
2026-09-06T10:55:00.000Z,2026-09-06T13:55:00,16.84,16.84,16.8,16.84,38729
2026-09-06T10:56:00.000Z,2026-09-06T13:56:00,16.83,16.85,16.8,16.85,26019
2026-09-06T10:57:00.000Z,2026-09-06T13:57:00,16.83,16.88,16.81,16.88,127606
2026-09-06T10:58:00.000Z,2026-09-06T13:58:00,16.88,16.9,16.86,16.9,121158
2026-09-06T10:59:00.000Z,2026-09-06T13:59:00,16.9,16.92,16.88,16.92,204311
2026-09-06T11:00:00.000Z,2026-09-06T14:00:00,16.92,16.95,16.92,16.94,202480
2026-09-06T11:01:00.000Z,2026-09-06T14:01:00,16.94,16.95,16.92,16.95,61943
2026-09-06T11:02:00.000Z,2026-09-06T14:02:00,16.94,16.95,16.93,16.95,115012
2026-09-06T11:03:00.000Z,2026-09-06T14:03:00,16.95,16.95,16.93,16.95,116302
2026-09-06T11:04:00.000Z,2026-09-06T14:04:00,16.96,17,16.95,16.99,258003
2026-09-06T11:05:00.000Z,2026-09-06T14:05:00,16.98,17.04,16.98,17.04,580345
2026-09-06T11:06:00.000Z,2026-09-06T14:06:00,17.04,17.11,17.04,17.11,178758
2026-09-06T11:07:00.000Z,2026-09-06T14:07:00,17.1,17.18,17.1,17.17,178056
2026-09-06T11:08:00.000Z,2026-09-06T14:08:00,17.17,17.3,17.16,17.29,319979
2026-09-06T11:09:00.000Z,2026-09-06T14:09:00,17.25,17.4,17.25,17.36,175719
2026-09-06T11:10:00.000Z,2026-09-06T14:10:00,17.4,17.44,17.36,17.4,187598
2026-09-06T11:11:00.000Z,2026-09-06T14:11:00,17.44,17.48,17.4,17.48,172824
2026-09-06T11:12:00.000Z,2026-09-06T14:12:00,17.45,17.49,17.45,17.48,201341
2026-09-06T11:13:00.000Z,2026-09-06T14:13:00,17.48,17.49,17.42,17.47,190489
2026-09-06T11:14:00.000Z,2026-09-06T14:14:00,17.47,17.47,17.39,17.4,154015
2026-09-06T11:15:00.000Z,2026-09-06T14:15:00,17.4,17.4,17.4,17.4,717
2026-09-06T11:25:00.000Z,2026-09-06T14:25:00,17.4,17.4,17.4,17.4,321927
2026-09-06T11:26:00.000Z,2026-09-06T14:26:00,17.4,17.4,17.4,17.4,70593
2026-09-06T11:27:00.000Z,2026-09-06T14:27:00,17.4,17.4,17.4,17.4,31505
2026-09-06T11:28:00.000Z,2026-09-06T14:28:00,17.4,17.4,17.4,17.4,2808
2026-09-06T11:29:00.000Z,2026-09-06T14:29:00,17.4,17.4,17.4,17.4,2000
2026-09-07T07:00:00.000Z,2026-09-07T10:00:00,17.8,17.9,17.7,17.89,1217346
2026-09-07T07:01:00.000Z,2026-09-07T10:01:00,17.89,18,17.75,17.95,405830
2026-09-07T07:02:00.000Z,2026-09-07T10:02:00,17.95,18.3,17.95,18.19,761522
2026-09-07T07:03:00.000Z,2026-09-07T10:03:00,18.18,18.19,18,18.08,354186
2026-09-07T07:04:00.000Z,2026-09-07T10:04:00,18.08,18.1,17.9,17.9,990336
2026-09-07T07:05:00.000Z,2026-09-07T10:05:00,17.98,17.98,17.75,17.84,143619
2026-09-07T07:06:00.000Z,2026-09-07T10:06:00,17.85,17.97,17.8,17.89,198452
2026-09-07T07:07:00.000Z,2026-09-07T10:07:00,17.88,17.9,17.85,17.89,34498
2026-09-07T07:08:00.000Z,2026-09-07T10:08:00,17.9,17.93,17.88,17.92,130998
2026-09-07T07:09:00.000Z,2026-09-07T10:09:00,17.9,17.92,17.9,17.92,26176
2026-09-07T07:10:00.000Z,2026-09-07T10:10:00,17.92,18,17.82,17.83,648011
2026-09-07T07:11:00.000Z,2026-09-07T10:11:00,17.99,18,17.87,17.95,61828
2026-09-07T07:12:00.000Z,2026-09-07T10:12:00,17.95,17.95,17.8,17.9,152435
2026-09-07T07:13:00.000Z,2026-09-07T10:13:00,17.89,17.9,17.8,17.8,23596
2026-09-07T07:14:00.000Z,2026-09-07T10:14:00,17.8,17.8,17.7,17.71,309318
2026-09-07T07:15:00.000Z,2026-09-07T10:15:00,17.79,17.79,17.7,17.75,181794
2026-09-07T07:16:00.000Z,2026-09-07T10:16:00,17.75,17.77,17.74,17.74,48119
2026-09-07T07:17:00.000Z,2026-09-07T10:17:00,17.75,17.77,17.59,17.6,408628
2026-09-07T07:18:00.000Z,2026-09-07T10:18:00,17.6,17.65,17.3,17.41,876552
2026-09-07T07:19:00.000Z,2026-09-07T10:19:00,17.57,17.64,17.43,17.6,170734
2026-09-07T07:20:00.000Z,2026-09-07T10:20:00,17.6,17.64,17.58,17.6,95730
2026-09-07T07:21:00.000Z,2026-09-07T10:21:00,17.6,17.6,17.53,17.6,46834
2026-09-07T07:22:00.000Z,2026-09-07T10:22:00,17.6,17.8,17.55,17.8,150947
2026-09-07T07:23:00.000Z,2026-09-07T10:23:00,17.8,17.87,17.66,17.7,264677
2026-09-07T07:24:00.000Z,2026-09-07T10:24:00,17.8,17.8,17.7,17.79,28464
2026-09-07T07:25:00.000Z,2026-09-07T10:25:00,17.75,17.78,17.75,17.76,8674
2026-09-07T07:26:00.000Z,2026-09-07T10:26:00,17.75,17.75,17.66,17.7,30990
2026-09-07T07:27:00.000Z,2026-09-07T10:27:00,17.7,17.7,17.61,17.61,49270
2026-09-07T07:28:00.000Z,2026-09-07T10:28:00,17.62,17.66,17.6,17.6,107539
2026-09-07T07:29:00.000Z,2026-09-07T10:29:00,17.6,17.66,17.55,17.66,147617
2026-09-07T07:30:00.000Z,2026-09-07T10:30:00,17.65,17.65,17.61,17.65,32601
2026-09-07T07:31:00.000Z,2026-09-07T10:31:00,17.64,17.64,17.56,17.57,20546
2026-09-07T07:32:00.000Z,2026-09-07T10:32:00,17.6,17.6,17.56,17.56,20431
2026-09-07T07:33:00.000Z,2026-09-07T10:33:00,17.56,17.58,17.56,17.57,11730
2026-09-07T07:34:00.000Z,2026-09-07T10:34:00,17.57,17.57,17.56,17.56,33345
2026-09-07T07:35:00.000Z,2026-09-07T10:35:00,17.57,17.58,17.56,17.58,11014
2026-09-07T07:36:00.000Z,2026-09-07T10:36:00,17.56,17.58,17.56,17.58,73930
2026-09-07T07:37:00.000Z,2026-09-07T10:37:00,17.58,17.58,17.56,17.56,43899
2026-09-07T07:38:00.000Z,2026-09-07T10:38:00,17.56,17.57,17.53,17.57,65645
2026-09-07T07:39:00.000Z,2026-09-07T10:39:00,17.57,17.57,17.53,17.55,2535
2026-09-07T07:40:00.000Z,2026-09-07T10:40:00,17.55,17.62,17.54,17.62,127480
2026-09-07T07:41:00.000Z,2026-09-07T10:41:00,17.62,17.62,17.6,17.6,3876
2026-09-07T07:42:00.000Z,2026-09-07T10:42:00,17.6,17.62,17.57,17.62,9246
2026-09-07T07:43:00.000Z,2026-09-07T10:43:00,17.61,17.62,17.6,17.6,10888
2026-09-07T07:44:00.000Z,2026-09-07T10:44:00,17.62,17.66,17.6,17.61,74164
2026-09-07T07:45:00.000Z,2026-09-07T10:45:00,17.61,17.61,17.59,17.6,31491
2026-09-07T07:46:00.000Z,2026-09-07T10:46:00,17.6,17.6,17.59,17.6,12573
2026-09-07T07:47:00.000Z,2026-09-07T10:47:00,17.6,17.6,17.54,17.59,32350
2026-09-07T07:48:00.000Z,2026-09-07T10:48:00,17.59,17.59,17.55,17.55,26779
2026-09-07T07:49:00.000Z,2026-09-07T10:49:00,17.56,17.57,17.55,17.57,5025
2026-09-07T07:50:00.000Z,2026-09-07T10:50:00,17.57,17.59,17.57,17.58,2230
2026-09-07T07:51:00.000Z,2026-09-07T10:51:00,17.56,17.58,17.55,17.58,5848
2026-09-07T07:52:00.000Z,2026-09-07T10:52:00,17.56,17.58,17.55,17.55,12196
2026-09-07T07:53:00.000Z,2026-09-07T10:53:00,17.56,17.58,17.53,17.53,48810
2026-09-07T07:54:00.000Z,2026-09-07T10:54:00,17.53,17.58,17.53,17.57,4944
2026-09-07T07:55:00.000Z,2026-09-07T10:55:00,17.58,17.68,17.55,17.6,43732
2026-09-07T07:56:00.000Z,2026-09-07T10:56:00,17.6,17.67,17.6,17.67,12427
2026-09-07T07:57:00.000Z,2026-09-07T10:57:00,17.66,17.7,17.55,17.69,32358
2026-09-07T07:58:00.000Z,2026-09-07T10:58:00,17.68,17.69,17.6,17.61,7703
2026-09-07T07:59:00.000Z,2026-09-07T10:59:00,17.67,17.67,17.61,17.65,1183
2026-09-07T08:00:00.000Z,2026-09-07T11:00:00,17.65,17.65,17.6,17.6,11777
2026-09-07T08:01:00.000Z,2026-09-07T11:01:00,17.6,17.65,17.58,17.58,19396
2026-09-07T08:02:00.000Z,2026-09-07T11:02:00,17.58,17.58,17.57,17.57,41871
2026-09-07T08:03:00.000Z,2026-09-07T11:03:00,17.58,17.58,17.57,17.58,1536
2026-09-07T08:04:00.000Z,2026-09-07T11:04:00,17.58,17.58,17.55,17.55,13895
2026-09-07T08:05:00.000Z,2026-09-07T11:05:00,17.56,17.58,17.55,17.57,8250
2026-09-07T08:06:00.000Z,2026-09-07T11:06:00,17.58,17.58,17.58,17.58,95
2026-09-07T08:07:00.000Z,2026-09-07T11:07:00,17.55,17.55,17.55,17.55,12480
2026-09-07T08:08:00.000Z,2026-09-07T11:08:00,17.55,17.57,17.53,17.57,47521
2026-09-07T08:09:00.000Z,2026-09-07T11:09:00,17.56,17.58,17.54,17.56,8553
2026-09-07T08:10:00.000Z,2026-09-07T11:10:00,17.56,17.56,17.54,17.54,5219
2026-09-07T08:11:00.000Z,2026-09-07T11:11:00,17.54,17.56,17.54,17.54,1868
2026-09-07T08:12:00.000Z,2026-09-07T11:12:00,17.54,17.55,17.52,17.53,54413
2026-09-07T08:13:00.000Z,2026-09-07T11:13:00,17.53,17.53,17.43,17.53,147028
2026-09-07T08:14:00.000Z,2026-09-07T11:14:00,17.5,17.5,17.44,17.49,4897
2026-09-07T08:15:00.000Z,2026-09-07T11:15:00,17.45,17.45,17.42,17.43,27227
2026-09-07T08:16:00.000Z,2026-09-07T11:16:00,17.44,17.44,17.42,17.43,43151
2026-09-07T08:17:00.000Z,2026-09-07T11:17:00,17.43,17.43,17.4,17.43,145608
2026-09-07T08:18:00.000Z,2026-09-07T11:18:00,17.4,17.43,17.38,17.4,30929
2026-09-07T08:19:00.000Z,2026-09-07T11:19:00,17.38,17.38,17.32,17.32,101914
2026-09-07T08:20:00.000Z,2026-09-07T11:20:00,17.32,17.33,17.24,17.3,80322
2026-09-07T08:21:00.000Z,2026-09-07T11:21:00,17.31,17.4,17.3,17.33,87063
2026-09-07T08:22:00.000Z,2026-09-07T11:22:00,17.4,17.45,17.33,17.34,65227
2026-09-07T08:23:00.000Z,2026-09-07T11:23:00,17.38,17.38,17.38,17.38,5521
2026-09-07T08:24:00.000Z,2026-09-07T11:24:00,17.36,17.38,17.32,17.35,85826
2026-09-07T08:25:00.000Z,2026-09-07T11:25:00,17.35,17.38,17.32,17.32,66443
2026-09-07T08:26:00.000Z,2026-09-07T11:26:00,17.35,17.36,17.32,17.36,35617
2026-09-07T08:27:00.000Z,2026-09-07T11:27:00,17.36,17.36,17.32,17.32,31086
2026-09-07T08:28:00.000Z,2026-09-07T11:28:00,17.37,17.37,17.33,17.33,8347
2026-09-07T08:29:00.000Z,2026-09-07T11:29:00,17.36,17.36,17.34,17.34,2536
2026-09-07T08:30:00.000Z,2026-09-07T11:30:00,17.34,17.4,17.34,17.39,29593
2026-09-07T08:31:00.000Z,2026-09-07T11:31:00,17.39,17.4,17.35,17.35,7814
2026-09-07T08:32:00.000Z,2026-09-07T11:32:00,17.35,17.4,17.33,17.36,34227
2026-09-07T08:33:00.000Z,2026-09-07T11:33:00,17.36,17.4,17.34,17.34,8923
2026-09-07T08:34:00.000Z,2026-09-07T11:34:00,17.34,17.36,17.15,17.33,336027
2026-09-07T08:35:00.000Z,2026-09-07T11:35:00,17.33,17.33,17.3,17.3,408
2026-09-07T08:36:00.000Z,2026-09-07T11:36:00,17.3,17.3,17.3,17.3,3602
2026-09-07T08:37:00.000Z,2026-09-07T11:37:00,17.29,17.29,17.28,17.28,4246
2026-09-07T08:38:00.000Z,2026-09-07T11:38:00,17.28,17.28,17.2,17.2,64545
2026-09-07T08:39:00.000Z,2026-09-07T11:39:00,17.21,17.26,17.2,17.25,51236
2026-09-07T08:40:00.000Z,2026-09-07T11:40:00,17.25,17.28,17.24,17.26,20305
2026-09-07T08:41:00.000Z,2026-09-07T11:41:00,17.26,17.28,17.21,17.28,27081
2026-09-07T08:42:00.000Z,2026-09-07T11:42:00,17.28,17.28,17.25,17.25,51869
2026-09-07T08:43:00.000Z,2026-09-07T11:43:00,17.26,17.28,17.26,17.28,7998
2026-09-07T08:44:00.000Z,2026-09-07T11:44:00,17.27,17.28,17.25,17.27,18694
2026-09-07T08:45:00.000Z,2026-09-07T11:45:00,17.26,17.34,17.25,17.28,67429
2026-09-07T08:46:00.000Z,2026-09-07T11:46:00,17.34,17.35,17.34,17.35,1608
2026-09-07T08:47:00.000Z,2026-09-07T11:47:00,17.3,17.35,17.3,17.3,95852
2026-09-07T08:48:00.000Z,2026-09-07T11:48:00,17.3,17.3,17.28,17.28,12502
2026-09-07T08:49:00.000Z,2026-09-07T11:49:00,17.3,17.3,17.21,17.25,113341
2026-09-07T08:50:00.000Z,2026-09-07T11:50:00,17.21,17.25,17.18,17.2,293045
2026-09-07T08:51:00.000Z,2026-09-07T11:51:00,17.2,17.23,17.2,17.2,49476
2026-09-07T08:52:00.000Z,2026-09-07T11:52:00,17.2,17.25,17.2,17.2,26284
2026-09-07T08:53:00.000Z,2026-09-07T11:53:00,17.2,17.2,17.17,17.17,7987
2026-09-07T08:54:00.000Z,2026-09-07T11:54:00,17.17,17.24,17.16,17.24,11008
2026-09-07T08:55:00.000Z,2026-09-07T11:55:00,17.2,17.24,17.2,17.2,11300
2026-09-07T08:56:00.000Z,2026-09-07T11:56:00,17.2,17.24,17.2,17.21,23480
2026-09-07T08:57:00.000Z,2026-09-07T11:57:00,17.21,17.25,17.21,17.25,983
2026-09-07T08:58:00.000Z,2026-09-07T11:58:00,17.24,17.25,17.2,17.21,21191
2026-09-07T08:59:00.000Z,2026-09-07T11:59:00,17.21,17.25,17.21,17.25,13648
2026-09-07T09:00:00.000Z,2026-09-07T12:00:00,17.25,17.25,17.25,17.25,4917
2026-09-07T09:01:00.000Z,2026-09-07T12:01:00,17.25,17.38,17.25,17.25,30888
2026-09-07T09:02:00.000Z,2026-09-07T12:02:00,17.25,17.25,17.23,17.25,4861
2026-09-07T09:03:00.000Z,2026-09-07T12:03:00,17.37,17.37,17.3,17.35,2050
2026-09-07T09:04:00.000Z,2026-09-07T12:04:00,17.35,17.35,17.35,17.35,9
2026-09-07T09:05:00.000Z,2026-09-07T12:05:00,17.32,17.32,17.3,17.3,9759
2026-09-07T09:06:00.000Z,2026-09-07T12:06:00,17.3,17.3,17.3,17.3,13870
2026-09-07T09:07:00.000Z,2026-09-07T12:07:00,17.35,17.35,17.35,17.35,6748
2026-09-07T09:08:00.000Z,2026-09-07T12:08:00,17.31,17.36,17.25,17.25,80125
2026-09-07T09:09:00.000Z,2026-09-07T12:09:00,17.31,17.35,17.31,17.35,60
2026-09-07T09:10:00.000Z,2026-09-07T12:10:00,17.31,17.31,17.26,17.29,1745
2026-09-07T09:12:00.000Z,2026-09-07T12:12:00,17.26,17.29,17.2,17.29,40073
2026-09-07T09:13:00.000Z,2026-09-07T12:13:00,17.29,17.29,17.29,17.29,116
2026-09-07T09:14:00.000Z,2026-09-07T12:14:00,17.29,17.29,17.29,17.29,1000
2026-09-07T09:15:00.000Z,2026-09-07T12:15:00,17.23,17.23,17.2,17.2,16339
2026-09-07T09:16:00.000Z,2026-09-07T12:16:00,17.2,17.25,17.2,17.2,10856
2026-09-07T09:17:00.000Z,2026-09-07T12:17:00,17.25,17.25,17.25,17.25,178
2026-09-07T09:18:00.000Z,2026-09-07T12:18:00,17.21,17.21,17.15,17.15,83306
2026-09-07T09:19:00.000Z,2026-09-07T12:19:00,17.2,17.2,17.16,17.2,3340
2026-09-07T09:20:00.000Z,2026-09-07T12:20:00,17.2,17.24,17.2,17.24,5352
2026-09-07T09:21:00.000Z,2026-09-07T12:21:00,17.24,17.24,17.24,17.24,1070
2026-09-07T09:22:00.000Z,2026-09-07T12:22:00,17.24,17.25,17.24,17.25,2546
2026-09-07T09:23:00.000Z,2026-09-07T12:23:00,17.25,17.27,17.25,17.27,660
2026-09-07T09:25:00.000Z,2026-09-07T12:25:00,17.25,17.25,17.24,17.24,9813
2026-09-07T09:26:00.000Z,2026-09-07T12:26:00,17.22,17.23,17.21,17.23,6775
2026-09-07T09:27:00.000Z,2026-09-07T12:27:00,17.23,17.24,17.23,17.24,5814
2026-09-07T09:28:00.000Z,2026-09-07T12:28:00,17.23,17.23,17.23,17.23,5635
2026-09-07T09:29:00.000Z,2026-09-07T12:29:00,17.24,17.24,17.24,17.24,555
2026-09-07T09:30:00.000Z,2026-09-07T12:30:00,17.24,17.24,17.24,17.24,1834
2026-09-07T09:31:00.000Z,2026-09-07T12:31:00,17.24,17.24,17.24,17.24,9267
2026-09-07T09:32:00.000Z,2026-09-07T12:32:00,17.23,17.24,17.23,17.24,786
2026-09-07T09:33:00.000Z,2026-09-07T12:33:00,17.23,17.23,17.23,17.23,7482
2026-09-07T09:34:00.000Z,2026-09-07T12:34:00,17.23,17.23,17.23,17.23,5036
2026-09-07T09:35:00.000Z,2026-09-07T12:35:00,17.23,17.29,17.21,17.22,9744
2026-09-07T09:36:00.000Z,2026-09-07T12:36:00,17.22,17.22,17.22,17.22,1048
2026-09-07T09:37:00.000Z,2026-09-07T12:37:00,17.22,17.22,17.2,17.2,18517
2026-09-07T09:38:00.000Z,2026-09-07T12:38:00,17.28,17.29,17.23,17.23,12814
2026-09-07T09:39:00.000Z,2026-09-07T12:39:00,17.23,17.29,17.22,17.29,10026
2026-09-07T09:40:00.000Z,2026-09-07T12:40:00,17.29,17.29,17.29,17.29,45
2026-09-07T09:41:00.000Z,2026-09-07T12:41:00,17.28,17.29,17.28,17.28,369
2026-09-07T09:42:00.000Z,2026-09-07T12:42:00,17.28,17.29,17.28,17.29,10880
2026-09-07T09:43:00.000Z,2026-09-07T12:43:00,17.25,17.3,17.23,17.23,2241
2026-09-07T09:45:00.000Z,2026-09-07T12:45:00,17.25,17.25,17.2,17.2,66316
2026-09-07T09:46:00.000Z,2026-09-07T12:46:00,17.25,17.25,17.2,17.25,3018
2026-09-07T09:47:00.000Z,2026-09-07T12:47:00,17.24,17.24,17.18,17.18,3841
2026-09-07T09:48:00.000Z,2026-09-07T12:48:00,17.2,17.2,17.18,17.18,3290
2026-09-07T09:49:00.000Z,2026-09-07T12:49:00,17.18,17.2,17.18,17.2,3472
2026-09-07T09:50:00.000Z,2026-09-07T12:50:00,17.19,17.19,17.18,17.18,1100
2026-09-07T09:51:00.000Z,2026-09-07T12:51:00,17.19,17.25,17.16,17.17,31348
2026-09-07T09:52:00.000Z,2026-09-07T12:52:00,17.25,17.25,17.15,17.16,13436
2026-09-07T09:53:00.000Z,2026-09-07T12:53:00,17.16,17.2,17.16,17.2,3308
2026-09-07T09:54:00.000Z,2026-09-07T12:54:00,17.19,17.19,17.15,17.15,31482
2026-09-07T09:55:00.000Z,2026-09-07T12:55:00,17.15,17.19,17.15,17.15,12791
2026-09-07T09:56:00.000Z,2026-09-07T12:56:00,17.19,17.24,17.16,17.2,12115
2026-09-07T09:57:00.000Z,2026-09-07T12:57:00,17.2,17.2,17.15,17.16,13393
2026-09-07T09:58:00.000Z,2026-09-07T12:58:00,17.18,17.18,17.15,17.15,8388
2026-09-07T09:59:00.000Z,2026-09-07T12:59:00,17.15,17.15,17.11,17.14,19627
2026-09-07T10:00:00.000Z,2026-09-07T13:00:00,17.11,17.14,17.1,17.1,23172
2026-09-07T10:01:00.000Z,2026-09-07T13:01:00,17.11,17.11,17.06,17.06,71913
2026-09-07T10:02:00.000Z,2026-09-07T13:02:00,17.07,17.09,16.8,16.85,567361
2026-09-07T10:03:00.000Z,2026-09-07T13:03:00,16.94,17,16.84,17,38135
2026-09-07T10:04:00.000Z,2026-09-07T13:04:00,16.99,17.04,16.98,17.04,131199
2026-09-07T10:05:00.000Z,2026-09-07T13:05:00,17.04,17.1,17,17,20560
2026-09-07T10:06:00.000Z,2026-09-07T13:06:00,17.04,17.09,17.03,17.05,24117
2026-09-07T10:07:00.000Z,2026-09-07T13:07:00,17.05,17.05,17.02,17.04,3519
2026-09-07T10:08:00.000Z,2026-09-07T13:08:00,17.08,17.1,17.03,17.1,31449
2026-09-07T10:09:00.000Z,2026-09-07T13:09:00,17.13,17.13,17.08,17.08,4314
2026-09-07T10:10:00.000Z,2026-09-07T13:10:00,17.08,17.13,17,17,78791
2026-09-07T10:11:00.000Z,2026-09-07T13:11:00,17.08,17.08,17.08,17.08,1000
2026-09-07T10:12:00.000Z,2026-09-07T13:12:00,17.06,17.15,17.06,17.1,70823
2026-09-07T10:13:00.000Z,2026-09-07T13:13:00,17.1,17.1,17.1,17.1,5310
2026-09-07T10:14:00.000Z,2026-09-07T13:14:00,17.1,17.1,17.06,17.1,2447
2026-09-07T10:15:00.000Z,2026-09-07T13:15:00,17.1,17.1,17.05,17.05,22216
2026-09-07T10:16:00.000Z,2026-09-07T13:16:00,17.06,17.06,17.04,17.04,9151
2026-09-07T10:17:00.000Z,2026-09-07T13:17:00,17.04,17.04,17.03,17.03,1589
2026-09-07T10:18:00.000Z,2026-09-07T13:18:00,17.04,17.04,16.9,16.9,132359
2026-09-07T10:19:00.000Z,2026-09-07T13:19:00,16.97,17,16.94,17,3269
2026-09-07T10:20:00.000Z,2026-09-07T13:20:00,16.98,16.98,16.94,16.98,5917
2026-09-07T10:21:00.000Z,2026-09-07T13:21:00,16.98,16.98,16.97,16.98,2500
2026-09-07T10:22:00.000Z,2026-09-07T13:22:00,16.98,16.98,16.98,16.98,1088
2026-09-07T10:23:00.000Z,2026-09-07T13:23:00,16.98,16.98,16.95,16.95,5429
2026-09-07T10:24:00.000Z,2026-09-07T13:24:00,16.95,16.98,16.92,16.98,7135
2026-09-07T10:25:00.000Z,2026-09-07T13:25:00,16.95,16.95,16.93,16.95,5805
2026-09-07T10:26:00.000Z,2026-09-07T13:26:00,16.95,16.95,16.93,16.95,5891
2026-09-07T10:27:00.000Z,2026-09-07T13:27:00,16.93,16.95,16.93,16.95,1328
2026-09-07T10:28:00.000Z,2026-09-07T13:28:00,16.95,16.98,16.95,16.98,2980
2026-09-07T10:30:00.000Z,2026-09-07T13:30:00,16.99,16.99,16.95,16.95,8709
2026-09-07T10:31:00.000Z,2026-09-07T13:31:00,16.99,16.99,16.95,16.95,1696
2026-09-07T10:32:00.000Z,2026-09-07T13:32:00,16.98,16.98,16.95,16.98,9278
2026-09-07T10:33:00.000Z,2026-09-07T13:33:00,16.95,16.98,16.95,16.95,6657
2026-09-07T10:34:00.000Z,2026-09-07T13:34:00,16.96,17,16.93,17,56383
2026-09-07T10:35:00.000Z,2026-09-07T13:35:00,17.02,17.05,17,17,25989
2026-09-07T10:36:00.000Z,2026-09-07T13:36:00,17,17,17,17,9434
2026-09-07T10:37:00.000Z,2026-09-07T13:37:00,17,17,16.97,17,22366
2026-09-07T10:38:00.000Z,2026-09-07T13:38:00,17,17.04,17,17.04,2329
2026-09-07T10:39:00.000Z,2026-09-07T13:39:00,17.04,17.04,17,17,13820
2026-09-07T10:40:00.000Z,2026-09-07T13:40:00,17.01,17.01,16.91,16.91,58302
2026-09-07T10:42:00.000Z,2026-09-07T13:42:00,16.92,17.03,16.9,17,45114
2026-09-07T10:43:00.000Z,2026-09-07T13:43:00,17,17,17,17,8614
2026-09-07T10:44:00.000Z,2026-09-07T13:44:00,16.95,17,16.95,17,91
2026-09-07T10:45:00.000Z,2026-09-07T13:45:00,17,17.04,17,17,13026
2026-09-07T10:46:00.000Z,2026-09-07T13:46:00,17,17.05,17,17,6835
2026-09-07T10:47:00.000Z,2026-09-07T13:47:00,17,17.04,17,17,8155
2026-09-07T10:48:00.000Z,2026-09-07T13:48:00,17,17,16.97,16.98,5311
2026-09-07T10:49:00.000Z,2026-09-07T13:49:00,16.99,17,16.99,17,18533
2026-09-07T10:50:00.000Z,2026-09-07T13:50:00,17,17,16.99,17,10404
2026-09-07T10:51:00.000Z,2026-09-07T13:51:00,17,17,16.99,16.99,11271
2026-09-07T10:52:00.000Z,2026-09-07T13:52:00,16.99,17,16.99,17,24355
2026-09-07T10:53:00.000Z,2026-09-07T13:53:00,17.04,17.04,17,17,16566
2026-09-07T10:54:00.000Z,2026-09-07T13:54:00,17,17.04,17,17,27259
2026-09-07T10:55:00.000Z,2026-09-07T13:55:00,17,17.03,16.98,16.98,13718
2026-09-07T10:56:00.000Z,2026-09-07T13:56:00,16.98,17,16.98,16.98,21490
2026-09-07T10:57:00.000Z,2026-09-07T13:57:00,16.98,16.98,16.97,16.97,15737
2026-09-07T10:58:00.000Z,2026-09-07T13:58:00,16.97,16.99,16.93,16.99,30240
2026-09-07T10:59:00.000Z,2026-09-07T13:59:00,16.98,16.98,16.91,16.91,98074
2026-09-07T11:00:00.000Z,2026-09-07T14:00:00,16.95,16.97,16.92,16.97,23714
2026-09-07T11:01:00.000Z,2026-09-07T14:01:00,16.95,16.95,16.9,16.92,80253
2026-09-07T11:02:00.000Z,2026-09-07T14:02:00,16.92,16.92,16.86,16.86,19049
2026-09-07T11:03:00.000Z,2026-09-07T14:03:00,16.88,16.9,16.86,16.9,4879
2026-09-07T11:04:00.000Z,2026-09-07T14:04:00,16.9,16.9,16.87,16.89,29561
2026-09-07T11:05:00.000Z,2026-09-07T14:05:00,16.88,16.88,16.86,16.86,33321
2026-09-07T11:06:00.000Z,2026-09-07T14:06:00,16.87,16.89,16.86,16.88,43527
2026-09-07T11:07:00.000Z,2026-09-07T14:07:00,16.9,16.9,16.86,16.9,80138
2026-09-07T11:08:00.000Z,2026-09-07T14:08:00,16.88,16.9,16.86,16.9,93148
2026-09-07T11:09:00.000Z,2026-09-07T14:09:00,16.9,16.9,16.81,16.85,198040
2026-09-07T11:10:00.000Z,2026-09-07T14:10:00,16.87,16.9,16.87,16.9,45974
2026-09-07T11:11:00.000Z,2026-09-07T14:11:00,16.88,16.9,16.82,16.82,54878
2026-09-07T11:12:00.000Z,2026-09-07T14:12:00,16.82,16.84,16.8,16.8,204871
2026-09-07T11:13:00.000Z,2026-09-07T14:13:00,16.82,16.85,16.8,16.81,70820
2026-09-07T11:14:00.000Z,2026-09-07T14:14:00,16.85,16.85,16.81,16.81,47198
2026-09-07T11:15:00.000Z,2026-09-07T14:15:00,16.85,16.85,16.85,16.85,2000
2026-09-07T11:25:00.000Z,2026-09-07T14:25:00,16.81,16.81,16.81,16.81,398387
2026-09-07T11:26:00.000Z,2026-09-07T14:26:00,16.81,16.81,16.81,16.81,7990
2026-09-07T11:27:00.000Z,2026-09-07T14:27:00,16.81,16.81,16.81,16.81,3008
2026-09-07T11:28:00.000Z,2026-09-07T14:28:00,16.81,16.81,16.81,16.81,1878
2026-09-07T11:29:00.000Z,2026-09-07T14:29:00,16.81,16.81,16.81,16.81,434
2026-09-08T07:01:00.000Z,2026-09-08T10:01:00,16.9,16.9,16.7,16.73,234130
2026-09-08T07:02:00.000Z,2026-09-08T10:02:00,16.73,16.75,16.55,16.62,221476
2026-09-08T07:03:00.000Z,2026-09-08T10:03:00,16.62,16.62,16.51,16.51,121435
2026-09-08T07:04:00.000Z,2026-09-08T10:04:00,16.59,16.59,16.06,16.35,276289
2026-09-08T07:05:00.000Z,2026-09-08T10:05:00,16.36,16.5,16.15,16.49,168606
2026-09-08T07:06:00.000Z,2026-09-08T10:06:00,16.41,16.5,16.25,16.5,425537
2026-09-08T07:07:00.000Z,2026-09-08T10:07:00,16.55,16.55,16.45,16.5,17717
2026-09-08T07:08:00.000Z,2026-09-08T10:08:00,16.5,16.54,16.5,16.54,18729
2026-09-08T07:09:00.000Z,2026-09-08T10:09:00,16.53,16.6,16.51,16.55,91763
2026-09-08T07:10:00.000Z,2026-09-08T10:10:00,16.57,16.6,16.53,16.55,55009
2026-09-08T07:11:00.000Z,2026-09-08T10:11:00,16.55,16.59,16.51,16.55,17109
2026-09-08T07:12:00.000Z,2026-09-08T10:12:00,16.56,16.56,16.51,16.51,20540
2026-09-08T07:13:00.000Z,2026-09-08T10:13:00,16.51,16.53,16.5,16.5,20627
2026-09-08T07:14:00.000Z,2026-09-08T10:14:00,16.5,16.52,16.5,16.5,15174
2026-09-08T07:15:00.000Z,2026-09-08T10:15:00,16.5,16.5,16.46,16.46,5022
2026-09-08T07:16:00.000Z,2026-09-08T10:16:00,16.5,16.5,16.46,16.5,7508
2026-09-08T07:17:00.000Z,2026-09-08T10:17:00,16.5,16.5,16.47,16.47,27596
2026-09-08T07:18:00.000Z,2026-09-08T10:18:00,16.47,16.49,16.46,16.47,13754
2026-09-08T07:19:00.000Z,2026-09-08T10:19:00,16.47,16.48,16.46,16.48,5659
2026-09-08T07:20:00.000Z,2026-09-08T10:20:00,16.48,16.48,16.47,16.47,16340
2026-09-08T07:21:00.000Z,2026-09-08T10:21:00,16.48,16.52,16.48,16.52,8595
2026-09-08T07:22:00.000Z,2026-09-08T10:22:00,16.52,16.58,16.52,16.56,16072
2026-09-08T07:23:00.000Z,2026-09-08T10:23:00,16.58,16.66,16.58,16.6,16407
2026-09-08T07:24:00.000Z,2026-09-08T10:24:00,16.6,16.6,16.5,16.59,34013
2026-09-08T07:25:00.000Z,2026-09-08T10:25:00,16.59,16.65,16.52,16.6,11138
2026-09-08T07:26:00.000Z,2026-09-08T10:26:00,16.6,16.6,16.53,16.53,21890
2026-09-08T07:27:00.000Z,2026-09-08T10:27:00,16.6,16.6,16.54,16.54,11190
2026-09-08T07:28:00.000Z,2026-09-08T10:28:00,16.59,16.59,16.58,16.58,14210
2026-09-08T07:29:00.000Z,2026-09-08T10:29:00,16.6,16.6,16.58,16.6,28534
2026-09-08T07:30:00.000Z,2026-09-08T10:30:00,16.59,16.59,16.55,16.55,311
2026-09-08T07:31:00.000Z,2026-09-08T10:31:00,16.55,16.55,16.52,16.52,18708
2026-09-08T07:32:00.000Z,2026-09-08T10:32:00,16.52,16.55,16.51,16.55,2830
2026-09-08T07:33:00.000Z,2026-09-08T10:33:00,16.53,16.55,16.53,16.55,6840
2026-09-08T07:34:00.000Z,2026-09-08T10:34:00,16.55,16.65,16.52,16.65,84212
2026-09-08T07:35:00.000Z,2026-09-08T10:35:00,16.6,16.67,16.6,16.6,6540
2026-09-08T07:36:00.000Z,2026-09-08T10:36:00,16.6,16.67,16.56,16.65,18301
2026-09-08T07:37:00.000Z,2026-09-08T10:37:00,16.63,16.67,16.6,16.67,30000
2026-09-08T07:38:00.000Z,2026-09-08T10:38:00,16.6,16.6,16.6,16.6,1480
2026-09-08T07:39:00.000Z,2026-09-08T10:39:00,16.61,16.61,16.56,16.56,7080
2026-09-08T07:40:00.000Z,2026-09-08T10:40:00,16.61,16.61,16.57,16.57,10915
2026-09-08T07:41:00.000Z,2026-09-08T10:41:00,16.59,16.6,16.57,16.6,12911
2026-09-08T07:42:00.000Z,2026-09-08T10:42:00,16.6,16.6,16.59,16.59,6284
2026-09-08T07:43:00.000Z,2026-09-08T10:43:00,16.58,16.58,16.58,16.58,650
2026-09-08T07:44:00.000Z,2026-09-08T10:44:00,16.58,16.59,16.57,16.59,19396
2026-09-08T07:45:00.000Z,2026-09-08T10:45:00,16.57,16.57,16.55,16.57,21077
2026-09-08T07:46:00.000Z,2026-09-08T10:46:00,16.57,16.57,16.55,16.55,16000
2026-09-08T07:47:00.000Z,2026-09-08T10:47:00,16.55,16.55,16.55,16.55,2000
2026-09-08T07:48:00.000Z,2026-09-08T10:48:00,16.58,16.58,16.55,16.55,3945
2026-09-08T07:49:00.000Z,2026-09-08T10:49:00,16.55,16.55,16.55,16.55,6200
2026-09-08T07:50:00.000Z,2026-09-08T10:50:00,16.55,16.6,16.54,16.54,53084
2026-09-08T07:51:00.000Z,2026-09-08T10:51:00,16.54,16.57,16.54,16.54,1688
2026-09-08T07:52:00.000Z,2026-09-08T10:52:00,16.55,16.57,16.54,16.57,1146
2026-09-08T07:53:00.000Z,2026-09-08T10:53:00,16.54,16.57,16.54,16.57,33624
2026-09-08T07:54:00.000Z,2026-09-08T10:54:00,16.57,16.6,16.57,16.57,1392
2026-09-08T07:55:00.000Z,2026-09-08T10:55:00,16.59,16.6,16.59,16.6,2519
2026-09-08T07:56:00.000Z,2026-09-08T10:56:00,16.6,16.66,16.6,16.66,14213
2026-09-08T07:57:00.000Z,2026-09-08T10:57:00,16.66,16.66,16.63,16.66,1989
2026-09-08T07:58:00.000Z,2026-09-08T10:58:00,16.66,16.66,16.6,16.66,8690
2026-09-08T07:59:00.000Z,2026-09-08T10:59:00,16.6,16.6,16.54,16.54,25000
2026-09-08T08:00:00.000Z,2026-09-08T11:00:00,16.58,16.65,16.58,16.65,3498
2026-09-08T08:01:00.000Z,2026-09-08T11:01:00,16.65,16.65,16.56,16.56,5236
2026-09-08T08:02:00.000Z,2026-09-08T11:02:00,16.56,16.6,16.56,16.6,1047
2026-09-08T08:03:00.000Z,2026-09-08T11:03:00,16.59,16.59,16.56,16.56,11248
2026-09-08T08:04:00.000Z,2026-09-08T11:04:00,16.59,16.59,16.56,16.56,1630
2026-09-08T08:05:00.000Z,2026-09-08T11:05:00,16.56,16.59,16.56,16.56,4746
2026-09-08T08:06:00.000Z,2026-09-08T11:06:00,16.56,16.56,16.55,16.55,1672
2026-09-08T08:07:00.000Z,2026-09-08T11:07:00,16.58,16.6,16.55,16.55,8566
2026-09-08T08:08:00.000Z,2026-09-08T11:08:00,16.6,16.6,16.59,16.59,6690
2026-09-08T08:09:00.000Z,2026-09-08T11:09:00,16.59,16.59,16.55,16.58,9041
2026-09-08T08:10:00.000Z,2026-09-08T11:10:00,16.6,16.63,16.6,16.63,2133
2026-09-08T08:11:00.000Z,2026-09-08T11:11:00,16.63,16.64,16.63,16.64,730
2026-09-08T08:12:00.000Z,2026-09-08T11:12:00,16.63,16.64,16.56,16.64,21000
2026-09-08T08:13:00.000Z,2026-09-08T11:13:00,16.57,16.6,16.56,16.6,24037
2026-09-08T08:14:00.000Z,2026-09-08T11:14:00,16.6,16.65,16.6,16.65,10600
2026-09-08T08:15:00.000Z,2026-09-08T11:15:00,16.65,16.71,16.65,16.71,55681
2026-09-08T08:16:00.000Z,2026-09-08T11:16:00,16.74,16.77,16.71,16.76,9936
2026-09-08T08:17:00.000Z,2026-09-08T11:17:00,16.76,16.76,16.72,16.72,5609
2026-09-08T08:18:00.000Z,2026-09-08T11:18:00,16.73,16.73,16.73,16.73,4055
2026-09-08T08:19:00.000Z,2026-09-08T11:19:00,16.73,16.75,16.73,16.75,9140
2026-09-08T08:20:00.000Z,2026-09-08T11:20:00,16.75,16.75,16.7,16.7,70490
2026-09-08T08:21:00.000Z,2026-09-08T11:21:00,16.7,16.74,16.6,16.7,26659
2026-09-08T08:23:00.000Z,2026-09-08T11:23:00,16.7,16.7,16.7,16.7,18000
2026-09-08T08:24:00.000Z,2026-09-08T11:24:00,16.71,16.71,16.71,16.71,180
2026-09-08T08:25:00.000Z,2026-09-08T11:25:00,16.71,16.71,16.7,16.7,3808
2026-09-08T08:26:00.000Z,2026-09-08T11:26:00,16.67,16.7,16.67,16.7,3518
2026-09-08T08:27:00.000Z,2026-09-08T11:27:00,16.69,16.69,16.68,16.68,1600
2026-09-08T08:28:00.000Z,2026-09-08T11:28:00,16.69,16.69,16.64,16.64,33707
2026-09-08T08:29:00.000Z,2026-09-08T11:29:00,16.64,16.64,16.6,16.6,11138
2026-09-08T08:30:00.000Z,2026-09-08T11:30:00,16.67,16.75,16.67,16.75,21884
2026-09-08T08:31:00.000Z,2026-09-08T11:31:00,16.61,16.74,16.6,16.61,3607
2026-09-08T08:32:00.000Z,2026-09-08T11:32:00,16.72,16.72,16.65,16.65,3062
2026-09-08T08:33:00.000Z,2026-09-08T11:33:00,16.62,16.62,16.62,16.62,80
2026-09-08T08:34:00.000Z,2026-09-08T11:34:00,16.65,16.7,16.62,16.7,5033
2026-09-08T08:35:00.000Z,2026-09-08T11:35:00,16.68,16.7,16.6,16.6,30302
2026-09-08T08:36:00.000Z,2026-09-08T11:36:00,16.68,16.68,16.6,16.6,12147
2026-09-08T08:37:00.000Z,2026-09-08T11:37:00,16.6,16.64,16.6,16.6,10138
2026-09-08T08:38:00.000Z,2026-09-08T11:38:00,16.6,16.63,16.58,16.63,3359
2026-09-08T08:39:00.000Z,2026-09-08T11:39:00,16.61,16.61,16.59,16.59,20611
2026-09-08T08:40:00.000Z,2026-09-08T11:40:00,16.59,16.62,16.59,16.62,8000
2026-09-08T08:41:00.000Z,2026-09-08T11:41:00,16.59,16.6,16.59,16.6,11659
2026-09-08T08:42:00.000Z,2026-09-08T11:42:00,16.6,16.6,16.59,16.59,3964
2026-09-08T08:43:00.000Z,2026-09-08T11:43:00,16.6,16.6,16.59,16.59,3446
2026-09-08T08:44:00.000Z,2026-09-08T11:44:00,16.59,16.59,16.59,16.59,555
2026-09-08T08:45:00.000Z,2026-09-08T11:45:00,16.58,16.59,16.58,16.58,3939
2026-09-08T08:46:00.000Z,2026-09-08T11:46:00,16.58,16.58,16.58,16.58,9336
2026-09-08T08:47:00.000Z,2026-09-08T11:47:00,16.58,16.6,16.58,16.6,6005
2026-09-08T08:48:00.000Z,2026-09-08T11:48:00,16.58,16.58,16.58,16.58,5549
2026-09-08T08:49:00.000Z,2026-09-08T11:49:00,16.58,16.59,16.56,16.56,31100
2026-09-08T08:50:00.000Z,2026-09-08T11:50:00,16.59,16.59,16.59,16.59,8800
2026-09-08T08:51:00.000Z,2026-09-08T11:51:00,16.59,16.59,16.59,16.59,2000
2026-09-08T08:52:00.000Z,2026-09-08T11:52:00,16.58,16.59,16.57,16.57,16764
2026-09-08T08:53:00.000Z,2026-09-08T11:53:00,16.56,16.56,16.56,16.56,3000
2026-09-08T08:54:00.000Z,2026-09-08T11:54:00,16.56,16.56,16.55,16.55,19812
2026-09-08T08:55:00.000Z,2026-09-08T11:55:00,16.55,16.56,16.55,16.56,2321
2026-09-08T08:56:00.000Z,2026-09-08T11:56:00,16.55,16.56,16.55,16.56,1893
2026-09-08T08:57:00.000Z,2026-09-08T11:57:00,16.56,16.59,16.56,16.56,3877
2026-09-08T08:59:00.000Z,2026-09-08T11:59:00,16.59,16.59,16.56,16.59,15922
2026-09-08T09:00:00.000Z,2026-09-08T12:00:00,16.6,16.65,16.6,16.65,4815
2026-09-08T09:01:00.000Z,2026-09-08T12:01:00,16.61,16.61,16.6,16.6,15807
2026-09-08T09:02:00.000Z,2026-09-08T12:02:00,16.61,16.61,16.61,16.61,500
2026-09-08T09:03:00.000Z,2026-09-08T12:03:00,16.64,16.64,16.64,16.64,119
2026-09-08T09:04:00.000Z,2026-09-08T12:04:00,16.63,16.65,16.63,16.65,5500
2026-09-08T09:05:00.000Z,2026-09-08T12:05:00,16.65,16.68,16.65,16.68,5000
2026-09-08T09:07:00.000Z,2026-09-08T12:07:00,16.62,16.62,16.6,16.6,8729
2026-09-08T09:08:00.000Z,2026-09-08T12:08:00,16.67,16.67,16.67,16.67,1
2026-09-08T09:09:00.000Z,2026-09-08T12:09:00,16.6,16.6,16.6,16.6,2
2026-09-08T09:10:00.000Z,2026-09-08T12:10:00,16.67,16.67,16.6,16.6,3843
2026-09-08T09:11:00.000Z,2026-09-08T12:11:00,16.6,16.67,16.59,16.67,5005
2026-09-08T09:13:00.000Z,2026-09-08T12:13:00,16.59,16.59,16.59,16.59,4004
2026-09-08T09:14:00.000Z,2026-09-08T12:14:00,16.62,16.62,16.56,16.56,1878
2026-09-08T09:15:00.000Z,2026-09-08T12:15:00,16.6,16.6,16.56,16.56,816
2026-09-08T09:16:00.000Z,2026-09-08T12:16:00,16.6,16.6,16.56,16.56,1030
2026-09-08T09:17:00.000Z,2026-09-08T12:17:00,16.56,16.56,16.56,16.56,2591
2026-09-08T09:18:00.000Z,2026-09-08T12:18:00,16.62,16.62,16.62,16.62,53
2026-09-08T09:20:00.000Z,2026-09-08T12:20:00,16.62,16.62,16.62,16.62,150
2026-09-08T09:21:00.000Z,2026-09-08T12:21:00,16.6,16.6,16.58,16.58,1187
2026-09-08T09:22:00.000Z,2026-09-08T12:22:00,16.62,16.62,16.62,16.62,816
2026-09-08T09:23:00.000Z,2026-09-08T12:23:00,16.58,16.58,16.58,16.58,507
2026-09-08T09:24:00.000Z,2026-09-08T12:24:00,16.61,16.61,16.61,16.61,33
2026-09-08T09:25:00.000Z,2026-09-08T12:25:00,16.6,16.6,16.6,16.6,100
2026-09-08T09:26:00.000Z,2026-09-08T12:26:00,16.6,16.6,16.59,16.59,1600
2026-09-08T09:27:00.000Z,2026-09-08T12:27:00,16.59,16.59,16.59,16.59,54
2026-09-08T09:28:00.000Z,2026-09-08T12:28:00,16.6,16.65,16.6,16.65,23600
2026-09-08T09:30:00.000Z,2026-09-08T12:30:00,16.61,16.61,16.58,16.58,1514
2026-09-08T09:31:00.000Z,2026-09-08T12:31:00,16.58,16.58,16.58,16.58,200
2026-09-08T09:33:00.000Z,2026-09-08T12:33:00,16.58,16.58,16.58,16.58,520
2026-09-08T09:34:00.000Z,2026-09-08T12:34:00,16.58,16.6,16.58,16.6,300
2026-09-08T09:37:00.000Z,2026-09-08T12:37:00,16.58,16.6,16.55,16.6,47930
2026-09-08T09:38:00.000Z,2026-09-08T12:38:00,16.6,16.6,16.54,16.54,9250
2026-09-08T09:40:00.000Z,2026-09-08T12:40:00,16.56,16.56,16.54,16.54,10000
2026-09-08T09:41:00.000Z,2026-09-08T12:41:00,16.6,16.6,16.6,16.6,55
2026-09-08T09:43:00.000Z,2026-09-08T12:43:00,16.59,16.6,16.59,16.6,12209
2026-09-08T09:44:00.000Z,2026-09-08T12:44:00,16.57,16.57,16.53,16.53,5000
2026-09-08T09:45:00.000Z,2026-09-08T12:45:00,16.56,16.56,16.46,16.46,65434
2026-09-08T09:46:00.000Z,2026-09-08T12:46:00,16.5,16.5,16.5,16.5,1905
2026-09-08T09:48:00.000Z,2026-09-08T12:48:00,16.49,16.5,16.48,16.48,8016
2026-09-08T09:49:00.000Z,2026-09-08T12:49:00,16.49,16.49,16.45,16.45,28485
2026-09-08T09:51:00.000Z,2026-09-08T12:51:00,16.5,16.5,16.45,16.45,4008
2026-09-08T09:52:00.000Z,2026-09-08T12:52:00,16.45,16.45,16.45,16.45,8
2026-09-08T09:53:00.000Z,2026-09-08T12:53:00,16.5,16.5,16.46,16.46,704
2026-09-08T09:56:00.000Z,2026-09-08T12:56:00,16.5,16.58,16.5,16.58,729
2026-09-08T09:57:00.000Z,2026-09-08T12:57:00,16.47,16.47,16.47,16.47,3867
2026-09-08T09:58:00.000Z,2026-09-08T12:58:00,16.5,16.5,16.48,16.48,1982
2026-09-08T10:00:00.000Z,2026-09-08T13:00:00,16.49,16.5,16.48,16.5,2440
2026-09-08T10:01:00.000Z,2026-09-08T13:01:00,16.5,16.5,16.5,16.5,1604
2026-09-08T10:02:00.000Z,2026-09-08T13:02:00,16.5,16.5,16.5,16.5,1476
2026-09-08T10:03:00.000Z,2026-09-08T13:03:00,16.49,16.49,16.49,16.49,2470
2026-09-08T10:04:00.000Z,2026-09-08T13:04:00,16.48,16.5,16.48,16.48,4550
2026-09-08T10:06:00.000Z,2026-09-08T13:06:00,16.49,16.5,16.48,16.5,17143
2026-09-08T10:07:00.000Z,2026-09-08T13:07:00,16.5,16.5,16.48,16.48,9659
2026-09-08T10:08:00.000Z,2026-09-08T13:08:00,16.5,16.5,16.47,16.5,7265
2026-09-08T10:09:00.000Z,2026-09-08T13:09:00,16.47,16.5,16.47,16.5,1563
2026-09-08T10:12:00.000Z,2026-09-08T13:12:00,16.5,16.5,16.47,16.47,5009
2026-09-08T10:13:00.000Z,2026-09-08T13:13:00,16.47,16.47,16.47,16.47,113
2026-09-08T10:14:00.000Z,2026-09-08T13:14:00,16.47,16.5,16.47,16.5,339
2026-09-08T10:15:00.000Z,2026-09-08T13:15:00,16.47,16.47,16.42,16.42,104638
2026-09-08T10:16:00.000Z,2026-09-08T13:16:00,16.42,16.42,16.42,16.42,770
2026-09-08T10:17:00.000Z,2026-09-08T13:17:00,16.42,16.43,16.42,16.42,6262
2026-09-08T10:18:00.000Z,2026-09-08T13:18:00,16.42,16.47,16.4,16.47,35512
2026-09-08T10:19:00.000Z,2026-09-08T13:19:00,16.4,16.4,16.37,16.37,10760
2026-09-08T10:20:00.000Z,2026-09-08T13:20:00,16.37,16.37,16.37,16.37,6730
2026-09-08T10:21:00.000Z,2026-09-08T13:21:00,16.39,16.39,16.37,16.39,23690
2026-09-08T10:22:00.000Z,2026-09-08T13:22:00,16.39,16.39,16.39,16.39,3380
2026-09-08T10:23:00.000Z,2026-09-08T13:23:00,16.37,16.39,16.35,16.35,29565
2026-09-08T10:24:00.000Z,2026-09-08T13:24:00,16.35,16.35,16.33,16.35,36608
2026-09-08T10:25:00.000Z,2026-09-08T13:25:00,16.33,16.35,16.33,16.35,4596
2026-09-08T10:26:00.000Z,2026-09-08T13:26:00,16.35,16.35,16.35,16.35,2248
2026-09-08T10:27:00.000Z,2026-09-08T13:27:00,16.39,16.39,16.35,16.39,1388
2026-09-08T10:28:00.000Z,2026-09-08T13:28:00,16.36,16.39,16.35,16.39,14043
2026-09-08T10:29:00.000Z,2026-09-08T13:29:00,16.36,16.39,16.36,16.36,2256
2026-09-08T10:30:00.000Z,2026-09-08T13:30:00,16.36,16.36,16.35,16.35,17401
2026-09-08T10:31:00.000Z,2026-09-08T13:31:00,16.35,16.35,16.34,16.35,1625
2026-09-08T10:32:00.000Z,2026-09-08T13:32:00,16.35,16.35,16.34,16.35,6239
2026-09-08T10:33:00.000Z,2026-09-08T13:33:00,16.35,16.38,16.35,16.35,2119
2026-09-08T10:34:00.000Z,2026-09-08T13:34:00,16.38,16.38,16.38,16.38,9400
2026-09-08T10:35:00.000Z,2026-09-08T13:35:00,16.36,16.36,16.33,16.33,10500
2026-09-08T10:36:00.000Z,2026-09-08T13:36:00,16.35,16.35,16.33,16.35,13320
2026-09-08T10:37:00.000Z,2026-09-08T13:37:00,16.35,16.35,16.35,16.35,1431
2026-09-08T10:38:00.000Z,2026-09-08T13:38:00,16.35,16.38,16.35,16.38,14147
2026-09-08T10:39:00.000Z,2026-09-08T13:39:00,16.38,16.39,16.38,16.39,14134
2026-09-08T10:40:00.000Z,2026-09-08T13:40:00,16.39,16.4,16.39,16.4,1451
2026-09-08T10:41:00.000Z,2026-09-08T13:41:00,16.4,16.4,16.4,16.4,10500
2026-09-08T10:42:00.000Z,2026-09-08T13:42:00,16.4,16.4,16.39,16.39,11896
2026-09-08T10:43:00.000Z,2026-09-08T13:43:00,16.39,16.4,16.39,16.4,1661
2026-09-08T10:44:00.000Z,2026-09-08T13:44:00,16.4,16.4,16.38,16.38,14121
2026-09-08T10:45:00.000Z,2026-09-08T13:45:00,16.39,16.39,16.37,16.37,13397
2026-09-08T10:46:00.000Z,2026-09-08T13:46:00,16.37,16.38,16.32,16.35,110551
2026-09-08T10:47:00.000Z,2026-09-08T13:47:00,16.38,16.38,16.28,16.3,83265
2026-09-08T10:48:00.000Z,2026-09-08T13:48:00,16.31,16.31,16.28,16.3,69447
2026-09-08T10:49:00.000Z,2026-09-08T13:49:00,16.3,16.37,16.3,16.3,9996
2026-09-08T10:50:00.000Z,2026-09-08T13:50:00,16.3,16.35,16.3,16.35,4326
2026-09-08T10:51:00.000Z,2026-09-08T13:51:00,16.35,16.35,16.3,16.3,11199
2026-09-08T10:52:00.000Z,2026-09-08T13:52:00,16.34,16.34,16.28,16.28,26747
2026-09-08T10:53:00.000Z,2026-09-08T13:53:00,16.34,16.34,16.3,16.3,10006
2026-09-08T10:54:00.000Z,2026-09-08T13:54:00,16.34,16.34,16.3,16.3,8405
2026-09-08T10:55:00.000Z,2026-09-08T13:55:00,16.3,16.34,16.28,16.3,26891
2026-09-08T10:56:00.000Z,2026-09-08T13:56:00,16.34,16.34,16.3,16.34,23703
2026-09-08T10:57:00.000Z,2026-09-08T13:57:00,16.3,16.3,16.3,16.3,5976
2026-09-08T10:58:00.000Z,2026-09-08T13:58:00,16.3,16.35,16.28,16.3,30822
2026-09-08T10:59:00.000Z,2026-09-08T13:59:00,16.3,16.37,16.3,16.37,13191
2026-09-08T11:00:00.000Z,2026-09-08T14:00:00,16.3,16.3,16.3,16.3,13026
2026-09-08T11:01:00.000Z,2026-09-08T14:01:00,16.3,16.35,16.3,16.3,15748
2026-09-08T11:02:00.000Z,2026-09-08T14:02:00,16.31,16.32,16.3,16.3,8698
2026-09-08T11:03:00.000Z,2026-09-08T14:03:00,16.3,16.35,16.3,16.35,5124
2026-09-08T11:04:00.000Z,2026-09-08T14:04:00,16.31,16.35,16.3,16.35,26270
2026-09-08T11:05:00.000Z,2026-09-08T14:05:00,16.36,16.36,16.3,16.3,6134
2026-09-08T11:06:00.000Z,2026-09-08T14:06:00,16.3,16.3,16.29,16.29,3457
2026-09-08T11:07:00.000Z,2026-09-08T14:07:00,16.3,16.3,16.29,16.3,44821
2026-09-08T11:08:00.000Z,2026-09-08T14:08:00,16.3,16.3,16.27,16.28,17375
2026-09-08T11:09:00.000Z,2026-09-08T14:09:00,16.28,16.3,16.27,16.3,30085
2026-09-08T11:10:00.000Z,2026-09-08T14:10:00,16.3,16.34,16.3,16.3,14650
2026-09-08T11:11:00.000Z,2026-09-08T14:11:00,16.31,16.31,16.3,16.3,20907
2026-09-08T11:12:00.000Z,2026-09-08T14:12:00,16.33,16.39,16.3,16.3,38000
2026-09-08T11:13:00.000Z,2026-09-08T14:13:00,16.39,16.39,16.34,16.39,28146
2026-09-08T11:14:00.000Z,2026-09-08T14:14:00,16.35,16.38,16.35,16.38,4925
2026-09-08T11:25:00.000Z,2026-09-08T14:25:00,16.44,16.44,16.44,16.44,53657
2026-09-08T11:26:00.000Z,2026-09-08T14:26:00,16.44,16.44,16.44,16.44,9000
2026-09-08T11:27:00.000Z,2026-09-08T14:27:00,16.44,16.44,16.44,16.44,20000
2026-09-08T11:28:00.000Z,2026-09-08T14:28:00,16.44,16.44,16.44,16.44,1547
2026-09-08T11:29:00.000Z,2026-09-08T14:29:00,16.44,16.44,16.44,16.44,3255
2026-09-09T07:00:00.000Z,2026-09-09T10:00:00,16.5,16.54,16.47,16.54,8000
2026-09-09T07:01:00.000Z,2026-09-09T10:01:00,16.49,16.49,16.49,16.49,113
2026-09-09T07:02:00.000Z,2026-09-09T10:02:00,16.45,16.59,16.36,16.44,53549
2026-09-09T07:03:00.000Z,2026-09-09T10:03:00,16.45,16.45,16.4,16.4,1897
2026-09-09T07:04:00.000Z,2026-09-09T10:04:00,16.37,16.4,16.35,16.35,6869
2026-09-09T07:05:00.000Z,2026-09-09T10:05:00,16.36,16.36,16.31,16.32,21851
2026-09-09T07:06:00.000Z,2026-09-09T10:06:00,16.31,16.31,16.31,16.31,1504
2026-09-09T07:07:00.000Z,2026-09-09T10:07:00,16.35,16.48,16.35,16.48,26000
2026-09-09T07:09:00.000Z,2026-09-09T10:09:00,16.44,16.44,16.39,16.39,3201
2026-09-09T07:10:00.000Z,2026-09-09T10:10:00,16.33,16.39,16.3,16.38,10221
2026-09-09T07:11:00.000Z,2026-09-09T10:11:00,16.35,16.38,16.3,16.3,19865
2026-09-09T07:12:00.000Z,2026-09-09T10:12:00,16.3,16.3,16.25,16.26,39075
2026-09-09T07:13:00.000Z,2026-09-09T10:13:00,16.26,16.29,16.2,16.22,36263
2026-09-09T07:14:00.000Z,2026-09-09T10:14:00,16.23,16.29,16.23,16.26,23942
2026-09-09T07:15:00.000Z,2026-09-09T10:15:00,16.29,16.29,16.29,16.29,20682
2026-09-09T07:16:00.000Z,2026-09-09T10:16:00,16.26,16.26,16.26,16.26,10110
2026-09-09T07:17:00.000Z,2026-09-09T10:17:00,16.27,16.29,16.25,16.26,17587
2026-09-09T07:18:00.000Z,2026-09-09T10:18:00,16.29,16.3,16.29,16.3,6476
2026-09-09T07:19:00.000Z,2026-09-09T10:19:00,16.3,16.33,16.3,16.3,2186
2026-09-09T07:20:00.000Z,2026-09-09T10:20:00,16.3,16.31,16.3,16.3,18365
2026-09-09T07:21:00.000Z,2026-09-09T10:21:00,16.31,16.33,16.3,16.3,16005
2026-09-09T07:22:00.000Z,2026-09-09T10:22:00,16.33,16.35,16.32,16.32,7112
2026-09-09T07:23:00.000Z,2026-09-09T10:23:00,16.3,16.3,16.3,16.3,1133
2026-09-09T07:24:00.000Z,2026-09-09T10:24:00,16.3,16.3,16.27,16.27,11947
2026-09-09T07:25:00.000Z,2026-09-09T10:25:00,16.28,16.29,16.28,16.29,1245
2026-09-09T07:26:00.000Z,2026-09-09T10:26:00,16.28,16.28,16.26,16.26,20000
2026-09-09T07:27:00.000Z,2026-09-09T10:27:00,16.26,16.26,16.25,16.25,14634
2026-09-09T07:28:00.000Z,2026-09-09T10:28:00,16.29,16.3,16.25,16.3,7579
2026-09-09T07:29:00.000Z,2026-09-09T10:29:00,16.33,16.33,16.3,16.33,3083
2026-09-09T07:30:00.000Z,2026-09-09T10:30:00,16.3,16.32,16.3,16.32,1080
2026-09-09T07:31:00.000Z,2026-09-09T10:31:00,16.32,16.33,16.32,16.33,13401
2026-09-09T07:32:00.000Z,2026-09-09T10:32:00,16.32,16.34,16.32,16.34,5034
2026-09-09T07:33:00.000Z,2026-09-09T10:33:00,16.33,16.35,16.33,16.35,9658
2026-09-09T07:34:00.000Z,2026-09-09T10:34:00,16.35,16.35,16.27,16.3,19044
2026-09-09T07:35:00.000Z,2026-09-09T10:35:00,16.35,16.4,16.35,16.4,13602
2026-09-09T07:36:00.000Z,2026-09-09T10:36:00,16.44,16.44,16.43,16.43,2088
2026-09-09T07:37:00.000Z,2026-09-09T10:37:00,16.37,16.42,16.37,16.42,23000
2026-09-09T07:38:00.000Z,2026-09-09T10:38:00,16.4,16.42,16.3,16.3,79408
2026-09-09T07:39:00.000Z,2026-09-09T10:39:00,16.39,16.39,16.31,16.31,8850
2026-09-09T07:40:00.000Z,2026-09-09T10:40:00,16.31,16.31,16.31,16.31,1221
2026-09-09T07:41:00.000Z,2026-09-09T10:41:00,16.31,16.31,16.31,16.31,1
2026-09-09T07:42:00.000Z,2026-09-09T10:42:00,16.31,16.37,16.31,16.33,12421
2026-09-09T07:43:00.000Z,2026-09-09T10:43:00,16.39,16.43,16.39,16.43,31438
2026-09-09T07:44:00.000Z,2026-09-09T10:44:00,16.4,16.4,16.4,16.4,22035
2026-09-09T07:45:00.000Z,2026-09-09T10:45:00,16.4,16.4,16.4,16.4,18310
2026-09-09T07:46:00.000Z,2026-09-09T10:46:00,16.4,16.4,16.4,16.4,1932
2026-09-09T07:47:00.000Z,2026-09-09T10:47:00,16.4,16.4,16.32,16.4,5383
2026-09-09T07:48:00.000Z,2026-09-09T10:48:00,16.32,16.32,16.32,16.32,2002
2026-09-09T07:49:00.000Z,2026-09-09T10:49:00,16.32,16.32,16.31,16.31,600
2026-09-09T07:51:00.000Z,2026-09-09T10:51:00,16.33,16.37,16.31,16.37,4013
2026-09-09T07:52:00.000Z,2026-09-09T10:52:00,16.31,16.31,16.31,16.31,1000
2026-09-09T07:53:00.000Z,2026-09-09T10:53:00,16.31,16.35,16.27,16.27,9430
2026-09-09T07:54:00.000Z,2026-09-09T10:54:00,16.27,16.27,16.26,16.26,10000
2026-09-09T07:55:00.000Z,2026-09-09T10:55:00,16.35,16.35,16.27,16.27,277
2026-09-09T07:56:00.000Z,2026-09-09T10:56:00,16.35,16.35,16.35,16.35,1152
2026-09-09T07:57:00.000Z,2026-09-09T10:57:00,16.35,16.35,16.28,16.28,899
2026-09-09T07:58:00.000Z,2026-09-09T10:58:00,16.35,16.35,16.31,16.31,640
2026-09-09T07:59:00.000Z,2026-09-09T10:59:00,16.31,16.31,16.31,16.31,677
2026-09-09T08:00:00.000Z,2026-09-09T11:00:00,16.33,16.33,16.31,16.33,1589
2026-09-09T08:01:00.000Z,2026-09-09T11:01:00,16.31,16.31,16.31,16.31,4114
2026-09-09T08:03:00.000Z,2026-09-09T11:03:00,16.35,16.35,16.35,16.35,10403
2026-09-09T08:05:00.000Z,2026-09-09T11:05:00,16.32,16.34,16.3,16.33,8481
2026-09-09T08:06:00.000Z,2026-09-09T11:06:00,16.31,16.31,16.3,16.3,650
2026-09-09T08:07:00.000Z,2026-09-09T11:07:00,16.33,16.33,16.3,16.3,516
2026-09-09T08:08:00.000Z,2026-09-09T11:08:00,16.3,16.34,16.3,16.34,406
2026-09-09T08:09:00.000Z,2026-09-09T11:09:00,16.31,16.31,16.3,16.3,22500
2026-09-09T08:10:00.000Z,2026-09-09T11:10:00,16.33,16.33,16.33,16.33,122
2026-09-09T08:11:00.000Z,2026-09-09T11:11:00,16.3,16.4,16.3,16.4,53952
2026-09-09T08:12:00.000Z,2026-09-09T11:12:00,16.4,16.4,16.4,16.4,29888
2026-09-09T08:13:00.000Z,2026-09-09T11:13:00,16.39,16.42,16.39,16.42,29822
2026-09-09T08:14:00.000Z,2026-09-09T11:14:00,16.42,16.43,16.42,16.43,3000
2026-09-09T08:15:00.000Z,2026-09-09T11:15:00,16.41,16.45,16.41,16.45,30047
2026-09-09T08:16:00.000Z,2026-09-09T11:16:00,16.45,16.47,16.45,16.47,9785
2026-09-09T08:17:00.000Z,2026-09-09T11:17:00,16.45,16.46,16.4,16.4,50553
2026-09-09T08:18:00.000Z,2026-09-09T11:18:00,16.47,16.47,16.4,16.4,10725
2026-09-09T08:19:00.000Z,2026-09-09T11:19:00,16.4,16.4,16.4,16.4,2800
2026-09-09T08:21:00.000Z,2026-09-09T11:21:00,16.35,16.35,16.35,16.35,500
2026-09-09T08:22:00.000Z,2026-09-09T11:22:00,16.35,16.4,16.35,16.4,175
2026-09-09T08:24:00.000Z,2026-09-09T11:24:00,16.33,16.33,16.33,16.33,1841
2026-09-09T08:25:00.000Z,2026-09-09T11:25:00,16.35,16.35,16.35,16.35,2
2026-09-09T08:26:00.000Z,2026-09-09T11:26:00,16.35,16.35,16.33,16.33,5000
2026-09-09T08:27:00.000Z,2026-09-09T11:27:00,16.4,16.4,16.4,16.4,412
2026-09-09T08:29:00.000Z,2026-09-09T11:29:00,16.33,16.39,16.33,16.39,2102
2026-09-09T08:30:00.000Z,2026-09-09T11:30:00,16.4,16.4,16.33,16.33,4408
2026-09-09T08:32:00.000Z,2026-09-09T11:32:00,16.34,16.34,16.34,16.34,297
2026-09-09T08:33:00.000Z,2026-09-09T11:33:00,16.34,16.34,16.34,16.34,148
2026-09-09T08:34:00.000Z,2026-09-09T11:34:00,16.36,16.39,16.36,16.39,548
2026-09-09T08:35:00.000Z,2026-09-09T11:35:00,16.34,16.34,16.34,16.34,148
2026-09-09T08:36:00.000Z,2026-09-09T11:36:00,16.38,16.39,16.38,16.39,7000
2026-09-09T08:37:00.000Z,2026-09-09T11:37:00,16.35,16.35,16.34,16.34,1190
2026-09-09T08:38:00.000Z,2026-09-09T11:38:00,16.34,16.4,16.34,16.4,10451
2026-09-09T08:39:00.000Z,2026-09-09T11:39:00,16.39,16.5,16.39,16.5,34730
2026-09-09T08:40:00.000Z,2026-09-09T11:40:00,16.5,16.53,16.5,16.53,10303
2026-09-09T08:42:00.000Z,2026-09-09T11:42:00,16.5,16.5,16.5,16.5,30660
2026-09-09T08:43:00.000Z,2026-09-09T11:43:00,16.45,16.5,16.44,16.5,25776
2026-09-09T08:44:00.000Z,2026-09-09T11:44:00,16.5,16.5,16.44,16.44,13120
2026-09-09T08:45:00.000Z,2026-09-09T11:45:00,16.5,16.5,16.5,16.5,829
2026-09-09T08:46:00.000Z,2026-09-09T11:46:00,16.44,16.5,16.44,16.5,2765
2026-09-09T08:47:00.000Z,2026-09-09T11:47:00,16.44,16.51,16.41,16.51,22074
2026-09-09T08:48:00.000Z,2026-09-09T11:48:00,16.36,16.49,16.36,16.49,1083
2026-09-09T08:49:00.000Z,2026-09-09T11:49:00,16.4,16.5,16.4,16.5,30000
2026-09-09T08:50:00.000Z,2026-09-09T11:50:00,16.45,16.5,16.4,16.4,40000
2026-09-09T08:52:00.000Z,2026-09-09T11:52:00,16.41,16.41,16.41,16.41,120
2026-09-09T08:54:00.000Z,2026-09-09T11:54:00,16.44,16.44,16.44,16.44,82
2026-09-09T08:55:00.000Z,2026-09-09T11:55:00,16.5,16.5,16.5,16.5,107
2026-09-09T08:57:00.000Z,2026-09-09T11:57:00,16.45,16.5,16.45,16.5,1494
2026-09-09T08:58:00.000Z,2026-09-09T11:58:00,16.45,16.45,16.45,16.45,1500
2026-09-09T08:59:00.000Z,2026-09-09T11:59:00,16.45,16.45,16.41,16.41,2500
2026-09-09T09:00:00.000Z,2026-09-09T12:00:00,16.48,16.48,16.48,16.48,50
2026-09-09T09:02:00.000Z,2026-09-09T12:02:00,16.47,16.47,16.47,16.47,47
2026-09-09T09:03:00.000Z,2026-09-09T12:03:00,16.41,16.41,16.41,16.41,2700
2026-09-09T09:04:00.000Z,2026-09-09T12:04:00,16.41,16.41,16.41,16.41,172
2026-09-09T09:05:00.000Z,2026-09-09T12:05:00,16.41,16.41,16.4,16.4,23518
2026-09-09T09:06:00.000Z,2026-09-09T12:06:00,16.4,16.4,16.4,16.4,10000
2026-09-09T09:07:00.000Z,2026-09-09T12:07:00,16.4,16.4,16.38,16.4,36674
2026-09-09T09:08:00.000Z,2026-09-09T12:08:00,16.4,16.4,16.4,16.4,5201
2026-09-09T09:10:00.000Z,2026-09-09T12:10:00,16.38,16.4,16.38,16.4,13590
2026-09-09T09:11:00.000Z,2026-09-09T12:11:00,16.37,16.37,16.37,16.37,460
2026-09-09T09:14:00.000Z,2026-09-09T12:14:00,16.37,16.37,16.37,16.37,45
2026-09-09T09:15:00.000Z,2026-09-09T12:15:00,16.4,16.4,16.4,16.4,1069
2026-09-09T09:16:00.000Z,2026-09-09T12:16:00,16.4,16.4,16.4,16.4,4365
2026-09-09T09:17:00.000Z,2026-09-09T12:17:00,16.41,16.41,16.41,16.41,60
2026-09-09T09:19:00.000Z,2026-09-09T12:19:00,16.45,16.5,16.42,16.5,8892
2026-09-09T09:20:00.000Z,2026-09-09T12:20:00,16.5,16.55,16.5,16.55,60996
2026-09-09T09:21:00.000Z,2026-09-09T12:21:00,16.57,16.64,16.57,16.64,37288
2026-09-09T09:22:00.000Z,2026-09-09T12:22:00,16.62,16.63,16.6,16.62,26775
2026-09-09T09:23:00.000Z,2026-09-09T12:23:00,16.55,16.6,16.55,16.6,13735
2026-09-09T09:24:00.000Z,2026-09-09T12:24:00,16.6,16.6,16.59,16.59,6503
2026-09-09T09:25:00.000Z,2026-09-09T12:25:00,16.56,16.56,16.56,16.56,4000
2026-09-09T09:26:00.000Z,2026-09-09T12:26:00,16.55,16.55,16.55,16.55,1273
2026-09-09T09:27:00.000Z,2026-09-09T12:27:00,16.56,16.56,16.56,16.56,4000
2026-09-09T09:28:00.000Z,2026-09-09T12:28:00,16.55,16.55,16.51,16.51,8531
2026-09-09T09:29:00.000Z,2026-09-09T12:29:00,16.51,16.51,16.44,16.44,10428
2026-09-09T09:30:00.000Z,2026-09-09T12:30:00,16.44,16.5,16.44,16.44,9272
2026-09-09T09:31:00.000Z,2026-09-09T12:31:00,16.5,16.59,16.43,16.43,101356
2026-09-09T09:32:00.000Z,2026-09-09T12:32:00,16.43,16.43,16.43,16.43,14
2026-09-09T09:34:00.000Z,2026-09-09T12:34:00,16.47,16.47,16.47,16.47,74
2026-09-09T09:35:00.000Z,2026-09-09T12:35:00,16.48,16.51,16.48,16.51,3000
2026-09-09T09:36:00.000Z,2026-09-09T12:36:00,16.51,16.51,16.51,16.51,3838
2026-09-09T09:37:00.000Z,2026-09-09T12:37:00,16.47,16.49,16.46,16.49,381
2026-09-09T09:40:00.000Z,2026-09-09T12:40:00,16.47,16.47,16.45,16.45,881
2026-09-09T09:41:00.000Z,2026-09-09T12:41:00,16.48,16.53,16.46,16.49,18206
2026-09-09T09:42:00.000Z,2026-09-09T12:42:00,16.46,16.46,16.44,16.44,12744
2026-09-09T09:43:00.000Z,2026-09-09T12:43:00,16.47,16.47,16.43,16.43,2297
2026-09-09T09:44:00.000Z,2026-09-09T12:44:00,16.4,16.4,16.4,16.4,9332
2026-09-09T09:45:00.000Z,2026-09-09T12:45:00,16.42,16.42,16.42,16.42,5000
2026-09-09T09:47:00.000Z,2026-09-09T12:47:00,16.43,16.43,16.4,16.4,2798
2026-09-09T09:49:00.000Z,2026-09-09T12:49:00,16.44,16.44,16.41,16.41,119
2026-09-09T09:51:00.000Z,2026-09-09T12:51:00,16.47,16.47,16.41,16.47,3103
2026-09-09T09:52:00.000Z,2026-09-09T12:52:00,16.47,16.47,16.42,16.42,6023
2026-09-09T09:53:00.000Z,2026-09-09T12:53:00,16.47,16.47,16.47,16.47,60
2026-09-09T09:54:00.000Z,2026-09-09T12:54:00,16.42,16.42,16.42,16.42,1544
2026-09-09T09:55:00.000Z,2026-09-09T12:55:00,16.46,16.46,16.46,16.46,20
2026-09-09T09:56:00.000Z,2026-09-09T12:56:00,16.42,16.42,16.4,16.4,7000
2026-09-09T09:59:00.000Z,2026-09-09T12:59:00,16.41,16.41,16.41,16.41,2757
2026-09-09T10:00:00.000Z,2026-09-09T13:00:00,16.41,16.41,16.38,16.38,11288
2026-09-09T10:01:00.000Z,2026-09-09T13:01:00,16.38,16.38,16.38,16.38,230
2026-09-09T10:02:00.000Z,2026-09-09T13:02:00,16.38,16.4,16.38,16.4,104
2026-09-09T10:05:00.000Z,2026-09-09T13:05:00,16.4,16.4,16.4,16.4,20
2026-09-09T10:06:00.000Z,2026-09-09T13:06:00,16.4,16.4,16.4,16.4,2062
2026-09-09T10:08:00.000Z,2026-09-09T13:08:00,16.39,16.4,16.39,16.4,730
2026-09-09T10:09:00.000Z,2026-09-09T13:09:00,16.39,16.39,16.38,16.38,11000
2026-09-09T10:10:00.000Z,2026-09-09T13:10:00,16.38,16.38,16.38,16.38,6863
2026-09-09T10:11:00.000Z,2026-09-09T13:11:00,16.4,16.4,16.4,16.4,2796
2026-09-09T10:12:00.000Z,2026-09-09T13:12:00,16.4,16.4,16.4,16.4,126
2026-09-09T10:14:00.000Z,2026-09-09T13:14:00,16.4,16.4,16.39,16.39,10000
2026-09-09T10:15:00.000Z,2026-09-09T13:15:00,16.39,16.4,16.39,16.4,8773
2026-09-09T10:16:00.000Z,2026-09-09T13:16:00,16.39,16.39,16.39,16.39,5500
2026-09-09T10:17:00.000Z,2026-09-09T13:17:00,16.4,16.43,16.39,16.39,558
2026-09-09T10:18:00.000Z,2026-09-09T13:18:00,16.39,16.39,16.39,16.39,3150
2026-09-09T10:19:00.000Z,2026-09-09T13:19:00,16.42,16.42,16.42,16.42,922
2026-09-09T10:20:00.000Z,2026-09-09T13:20:00,16.39,16.39,16.39,16.39,96
2026-09-09T10:21:00.000Z,2026-09-09T13:21:00,16.39,16.4,16.39,16.4,5609
2026-09-09T10:22:00.000Z,2026-09-09T13:22:00,16.39,16.39,16.38,16.38,12013
2026-09-09T10:24:00.000Z,2026-09-09T13:24:00,16.4,16.4,16.4,16.4,60
2026-09-09T10:25:00.000Z,2026-09-09T13:25:00,16.4,16.4,16.4,16.4,400
2026-09-09T10:26:00.000Z,2026-09-09T13:26:00,16.4,16.4,16.4,16.4,304
2026-09-09T10:27:00.000Z,2026-09-09T13:27:00,16.38,16.38,16.38,16.38,3240
2026-09-09T10:28:00.000Z,2026-09-09T13:28:00,16.37,16.37,16.34,16.34,17234
2026-09-09T10:30:00.000Z,2026-09-09T13:30:00,16.34,16.34,16.32,16.32,6282
2026-09-09T10:31:00.000Z,2026-09-09T13:31:00,16.37,16.38,16.37,16.37,6287
2026-09-09T10:32:00.000Z,2026-09-09T13:32:00,16.37,16.37,16.37,16.37,400
2026-09-09T10:33:00.000Z,2026-09-09T13:33:00,16.36,16.36,16.33,16.33,4597
2026-09-09T10:34:00.000Z,2026-09-09T13:34:00,16.32,16.32,16.32,16.32,1890
2026-09-09T10:35:00.000Z,2026-09-09T13:35:00,16.32,16.32,16.32,16.32,350
2026-09-09T10:39:00.000Z,2026-09-09T13:39:00,16.35,16.35,16.35,16.35,652
2026-09-09T10:40:00.000Z,2026-09-09T13:40:00,16.35,16.35,16.32,16.32,10783
2026-09-09T10:41:00.000Z,2026-09-09T13:41:00,16.34,16.34,16.31,16.31,3751
2026-09-09T10:43:00.000Z,2026-09-09T13:43:00,16.37,16.37,16.35,16.37,6721
2026-09-09T10:44:00.000Z,2026-09-09T13:44:00,16.37,16.37,16.37,16.37,12
2026-09-09T10:45:00.000Z,2026-09-09T13:45:00,16.34,16.34,16.33,16.33,3363
2026-09-09T10:46:00.000Z,2026-09-09T13:46:00,16.33,16.33,16.33,16.33,1452
2026-09-09T10:47:00.000Z,2026-09-09T13:47:00,16.33,16.33,16.31,16.31,2907
2026-09-09T10:48:00.000Z,2026-09-09T13:48:00,16.36,16.36,16.31,16.31,15194
2026-09-09T10:49:00.000Z,2026-09-09T13:49:00,16.31,16.31,16.31,16.31,776
2026-09-09T10:50:00.000Z,2026-09-09T13:50:00,16.3,16.31,16.3,16.3,21436
2026-09-09T10:51:00.000Z,2026-09-09T13:51:00,16.3,16.3,16.3,16.3,10050
2026-09-09T10:52:00.000Z,2026-09-09T13:52:00,16.3,16.35,16.3,16.3,4397
2026-09-09T10:53:00.000Z,2026-09-09T13:53:00,16.3,16.36,16.3,16.36,2696
2026-09-09T10:54:00.000Z,2026-09-09T13:54:00,16.3,16.3,16.3,16.3,6000
2026-09-09T10:55:00.000Z,2026-09-09T13:55:00,16.28,16.3,16.28,16.28,1880
2026-09-09T10:56:00.000Z,2026-09-09T13:56:00,16.3,16.3,16.28,16.3,7558
2026-09-09T10:57:00.000Z,2026-09-09T13:57:00,16.28,16.28,16.26,16.26,4318
2026-09-09T10:58:00.000Z,2026-09-09T13:58:00,16.29,16.29,16.26,16.26,25550
2026-09-09T10:59:00.000Z,2026-09-09T13:59:00,16.29,16.29,16.23,16.29,18281
2026-09-09T11:00:00.000Z,2026-09-09T14:00:00,16.24,16.28,16.24,16.24,4673
2026-09-09T11:01:00.000Z,2026-09-09T14:01:00,16.28,16.28,16.25,16.25,4159
2026-09-09T11:02:00.000Z,2026-09-09T14:02:00,16.28,16.3,16.24,16.24,32504
2026-09-09T11:03:00.000Z,2026-09-09T14:03:00,16.29,16.29,16.29,16.29,752
2026-09-09T11:04:00.000Z,2026-09-09T14:04:00,16.29,16.29,16.23,16.23,16550
2026-09-09T11:05:00.000Z,2026-09-09T14:05:00,16.24,16.29,16.22,16.22,21595
2026-09-09T11:06:00.000Z,2026-09-09T14:06:00,16.29,16.29,16.22,16.23,22168
2026-09-09T11:07:00.000Z,2026-09-09T14:07:00,16.28,16.28,16.23,16.24,4035
2026-09-09T11:08:00.000Z,2026-09-09T14:08:00,16.23,16.27,16.22,16.22,30733
2026-09-09T11:09:00.000Z,2026-09-09T14:09:00,16.27,16.27,16.22,16.23,26967
2026-09-09T11:10:00.000Z,2026-09-09T14:10:00,16.23,16.27,16.22,16.22,34562
2026-09-09T11:11:00.000Z,2026-09-09T14:11:00,16.23,16.27,16.22,16.22,14793
2026-09-09T11:12:00.000Z,2026-09-09T14:12:00,16.23,16.23,16.2,16.2,52237
2026-09-09T11:13:00.000Z,2026-09-09T14:13:00,16.23,16.23,16.2,16.2,21500
2026-09-09T11:14:00.000Z,2026-09-09T14:14:00,16.2,16.26,16.2,16.26,42738
2026-09-09T11:25:00.000Z,2026-09-09T14:25:00,16.25,16.25,16.25,16.25,60500
2026-09-09T11:26:00.000Z,2026-09-09T14:26:00,16.25,16.25,16.25,16.25,11830
2026-09-09T11:27:00.000Z,2026-09-09T14:27:00,16.25,16.25,16.25,16.25,17764
2026-09-09T11:28:00.000Z,2026-09-09T14:28:00,16.25,16.25,16.25,16.25,6925
2026-09-09T11:29:00.000Z,2026-09-09T14:29:00,16.25,16.25,16.25,16.25,3480
2026-09-10T07:00:00.000Z,2026-09-10T10:00:00,16.25,16.35,16.25,16.35,3570
2026-09-10T07:01:00.000Z,2026-09-10T10:01:00,16.3,16.33,16.21,16.21,11040
2026-09-10T07:02:00.000Z,2026-09-10T10:02:00,16.21,16.32,16.21,16.25,8725
2026-09-10T07:03:00.000Z,2026-09-10T10:03:00,16.25,16.4,16.21,16.4,39915
2026-09-10T07:04:00.000Z,2026-09-10T10:04:00,16.4,16.55,16.4,16.49,60220
2026-09-10T07:05:00.000Z,2026-09-10T10:05:00,16.5,16.55,16.45,16.55,44475
2026-09-10T07:06:00.000Z,2026-09-10T10:06:00,16.5,16.51,16.4,16.4,48113
2026-09-10T07:07:00.000Z,2026-09-10T10:07:00,16.41,16.48,16.4,16.4,23633
2026-09-10T07:08:00.000Z,2026-09-10T10:08:00,16.38,16.41,16.36,16.4,29389
2026-09-10T07:09:00.000Z,2026-09-10T10:09:00,16.4,16.4,16.4,16.4,20500
2026-09-10T07:10:00.000Z,2026-09-10T10:10:00,16.41,16.45,16.41,16.41,142118
2026-09-10T07:11:00.000Z,2026-09-10T10:11:00,16.41,16.41,16.41,16.41,19061
2026-09-10T07:12:00.000Z,2026-09-10T10:12:00,16.42,16.42,16.34,16.4,23243
2026-09-10T07:13:00.000Z,2026-09-10T10:13:00,16.4,16.4,16.34,16.34,3253
2026-09-10T07:14:00.000Z,2026-09-10T10:14:00,16.36,16.39,16.33,16.33,16050
2026-09-10T07:16:00.000Z,2026-09-10T10:16:00,16.34,16.37,16.33,16.36,4682
2026-09-10T07:17:00.000Z,2026-09-10T10:17:00,16.33,16.34,16.33,16.34,598
2026-09-10T07:18:00.000Z,2026-09-10T10:18:00,16.34,16.37,16.31,16.31,6426
2026-09-10T07:19:00.000Z,2026-09-10T10:19:00,16.31,16.37,16.31,16.37,2176
2026-09-10T07:20:00.000Z,2026-09-10T10:20:00,16.31,16.35,16.31,16.31,13360
2026-09-10T07:21:00.000Z,2026-09-10T10:21:00,16.31,16.31,16.27,16.3,22419
2026-09-10T07:22:00.000Z,2026-09-10T10:22:00,16.3,16.3,16.27,16.28,6173
2026-09-10T07:23:00.000Z,2026-09-10T10:23:00,16.3,16.3,16.27,16.27,3140
2026-09-10T07:24:00.000Z,2026-09-10T10:24:00,16.28,16.28,16.28,16.28,223
2026-09-10T07:25:00.000Z,2026-09-10T10:25:00,16.27,16.3,16.26,16.26,22819
2026-09-10T07:26:00.000Z,2026-09-10T10:26:00,16.26,16.3,16.26,16.3,24839
2026-09-10T07:27:00.000Z,2026-09-10T10:27:00,16.27,16.29,16.21,16.22,136419
2026-09-10T07:28:00.000Z,2026-09-10T10:28:00,16.23,16.29,16.22,16.23,8750
2026-09-10T07:29:00.000Z,2026-09-10T10:29:00,16.23,16.23,16.22,16.22,19589
2026-09-10T07:30:00.000Z,2026-09-10T10:30:00,16.29,16.29,16.29,16.29,32
2026-09-10T07:31:00.000Z,2026-09-10T10:31:00,16.22,16.23,16.22,16.23,608
2026-09-10T07:32:00.000Z,2026-09-10T10:32:00,16.24,16.24,16.24,16.24,1000
2026-09-10T07:33:00.000Z,2026-09-10T10:33:00,16.23,16.24,16.22,16.24,3941
2026-09-10T07:35:00.000Z,2026-09-10T10:35:00,16.24,16.24,16.24,16.24,833
2026-09-10T07:36:00.000Z,2026-09-10T10:36:00,16.28,16.28,16.28,16.28,162
2026-09-10T07:37:00.000Z,2026-09-10T10:37:00,16.25,16.27,16.24,16.24,812
2026-09-10T07:38:00.000Z,2026-09-10T10:38:00,16.24,16.24,16.24,16.24,14813
2026-09-10T07:39:00.000Z,2026-09-10T10:39:00,16.25,16.25,16.25,16.25,1000
2026-09-10T07:40:00.000Z,2026-09-10T10:40:00,16.27,16.27,16.24,16.25,13129
2026-09-10T07:41:00.000Z,2026-09-10T10:41:00,16.27,16.27,16.27,16.27,300
2026-09-10T07:42:00.000Z,2026-09-10T10:42:00,16.28,16.28,16.27,16.28,4393
2026-09-10T07:43:00.000Z,2026-09-10T10:43:00,16.25,16.25,16.23,16.25,39695
2026-09-10T07:44:00.000Z,2026-09-10T10:44:00,16.23,16.3,16.23,16.3,6877
2026-09-10T07:45:00.000Z,2026-09-10T10:45:00,16.3,16.3,16.3,16.3,10000
2026-09-10T07:47:00.000Z,2026-09-10T10:47:00,16.3,16.3,16.3,16.3,7789
2026-09-10T07:48:00.000Z,2026-09-10T10:48:00,16.31,16.33,16.3,16.3,8025
2026-09-10T07:49:00.000Z,2026-09-10T10:49:00,16.27,16.33,16.27,16.33,637
2026-09-10T07:50:00.000Z,2026-09-10T10:50:00,16.27,16.27,16.27,16.27,500
2026-09-10T07:51:00.000Z,2026-09-10T10:51:00,16.3,16.35,16.28,16.28,5113
2026-09-10T07:52:00.000Z,2026-09-10T10:52:00,16.3,16.3,16.3,16.3,7072
2026-09-10T07:53:00.000Z,2026-09-10T10:53:00,16.3,16.33,16.3,16.31,337
2026-09-10T07:54:00.000Z,2026-09-10T10:54:00,16.31,16.33,16.31,16.33,1140
2026-09-10T07:55:00.000Z,2026-09-10T10:55:00,16.32,16.34,16.31,16.34,6333
2026-09-10T07:57:00.000Z,2026-09-10T10:57:00,16.31,16.34,16.3,16.31,13606
2026-09-10T07:58:00.000Z,2026-09-10T10:58:00,16.3,16.3,16.3,16.3,2311
2026-09-10T07:59:00.000Z,2026-09-10T10:59:00,16.29,16.29,16.29,16.29,3413
2026-09-10T08:01:00.000Z,2026-09-10T11:01:00,16.29,16.3,16.28,16.28,23016
2026-09-10T08:02:00.000Z,2026-09-10T11:02:00,16.28,16.28,16.23,16.23,22539
2026-09-10T08:03:00.000Z,2026-09-10T11:03:00,16.23,16.23,16.21,16.21,50000
2026-09-10T08:04:00.000Z,2026-09-10T11:04:00,16.29,16.29,16.23,16.23,11442
2026-09-10T08:06:00.000Z,2026-09-10T11:06:00,16.23,16.23,16.23,16.23,500
2026-09-10T08:07:00.000Z,2026-09-10T11:07:00,16.27,16.32,16.27,16.32,20831
2026-09-10T08:08:00.000Z,2026-09-10T11:08:00,16.32,16.32,16.26,16.26,289
2026-09-10T08:09:00.000Z,2026-09-10T11:09:00,16.26,16.26,16.23,16.23,7408
2026-09-10T08:10:00.000Z,2026-09-10T11:10:00,16.26,16.26,16.23,16.23,1329
2026-09-10T08:12:00.000Z,2026-09-10T11:12:00,16.23,16.23,16.23,16.23,2000
2026-09-10T08:13:00.000Z,2026-09-10T11:13:00,16.26,16.31,16.26,16.27,4202
2026-09-10T08:14:00.000Z,2026-09-10T11:14:00,16.27,16.27,16.22,16.22,15100
2026-09-10T08:16:00.000Z,2026-09-10T11:16:00,16.22,16.27,16.22,16.27,1906
2026-09-10T08:17:00.000Z,2026-09-10T11:17:00,16.23,16.27,16.22,16.25,2768
2026-09-10T08:18:00.000Z,2026-09-10T11:18:00,16.26,16.26,16.26,16.26,615
2026-09-10T08:19:00.000Z,2026-09-10T11:19:00,16.23,16.23,16.2,16.2,79192
2026-09-10T08:20:00.000Z,2026-09-10T11:20:00,16.2,16.24,16.19,16.19,18330
2026-09-10T08:21:00.000Z,2026-09-10T11:21:00,16.19,16.24,16.19,16.24,4213
2026-09-10T08:22:00.000Z,2026-09-10T11:22:00,16.22,16.24,16.22,16.24,2867
2026-09-10T08:23:00.000Z,2026-09-10T11:23:00,16.21,16.24,16.19,16.24,7547
2026-09-10T08:24:00.000Z,2026-09-10T11:24:00,16.19,16.19,16.19,16.19,898
2026-09-10T08:26:00.000Z,2026-09-10T11:26:00,16.24,16.24,16.2,16.23,4590
2026-09-10T08:27:00.000Z,2026-09-10T11:27:00,16.23,16.24,16.2,16.2,23000
2026-09-10T08:28:00.000Z,2026-09-10T11:28:00,16.24,16.25,16.19,16.19,35000
2026-09-10T08:29:00.000Z,2026-09-10T11:29:00,16.25,16.25,16.2,16.2,1137
2026-09-10T08:31:00.000Z,2026-09-10T11:31:00,16.26,16.29,16.26,16.26,3412
2026-09-10T08:32:00.000Z,2026-09-10T11:32:00,16.26,16.26,16.21,16.21,7036
2026-09-10T08:34:00.000Z,2026-09-10T11:34:00,16.21,16.21,16.21,16.21,500
2026-09-10T08:35:00.000Z,2026-09-10T11:35:00,16.25,16.25,16.25,16.25,2000
2026-09-10T08:36:00.000Z,2026-09-10T11:36:00,16.29,16.29,16.29,16.29,437
2026-09-10T08:37:00.000Z,2026-09-10T11:37:00,16.29,16.29,16.28,16.28,1184
2026-09-10T08:39:00.000Z,2026-09-10T11:39:00,16.28,16.3,16.28,16.3,16241
2026-09-10T08:40:00.000Z,2026-09-10T11:40:00,16.3,16.3,16.21,16.21,11000
2026-09-10T08:41:00.000Z,2026-09-10T11:41:00,16.29,16.3,16.29,16.29,3300
2026-09-10T08:42:00.000Z,2026-09-10T11:42:00,16.29,16.29,16.21,16.28,335
2026-09-10T08:43:00.000Z,2026-09-10T11:43:00,16.29,16.29,16.29,16.29,243
2026-09-10T08:44:00.000Z,2026-09-10T11:44:00,16.21,16.21,16.21,16.21,50
2026-09-10T08:45:00.000Z,2026-09-10T11:45:00,16.28,16.28,16.28,16.28,620
2026-09-10T08:48:00.000Z,2026-09-10T11:48:00,16.29,16.29,16.29,16.29,152
2026-09-10T08:50:00.000Z,2026-09-10T11:50:00,16.23,16.3,16.23,16.3,778
2026-09-10T08:51:00.000Z,2026-09-10T11:51:00,16.3,16.3,16.3,16.3,613
2026-09-10T08:52:00.000Z,2026-09-10T11:52:00,16.3,16.3,16.3,16.3,2247
2026-09-10T08:53:00.000Z,2026-09-10T11:53:00,16.29,16.29,16.29,16.29,500
2026-09-10T08:55:00.000Z,2026-09-10T11:55:00,16.27,16.27,16.27,16.27,50
2026-09-10T08:58:00.000Z,2026-09-10T11:58:00,16.23,16.23,16.23,16.23,1242
2026-09-10T08:59:00.000Z,2026-09-10T11:59:00,16.22,16.22,16.2,16.2,52800
2026-09-10T09:00:00.000Z,2026-09-10T12:00:00,16.2,16.22,16.2,16.22,12058
2026-09-10T09:01:00.000Z,2026-09-10T12:01:00,16.22,16.22,16.19,16.19,1549
2026-09-10T09:02:00.000Z,2026-09-10T12:02:00,16.2,16.2,16.2,16.2,8463
2026-09-10T09:03:00.000Z,2026-09-10T12:03:00,16.2,16.2,16.2,16.2,10684
2026-09-10T09:04:00.000Z,2026-09-10T12:04:00,16.2,16.21,16.2,16.2,5278
2026-09-10T09:05:00.000Z,2026-09-10T12:05:00,16.2,16.2,16.2,16.2,3001
2026-09-10T09:06:00.000Z,2026-09-10T12:06:00,16.19,16.19,16.19,16.19,1000
2026-09-10T09:08:00.000Z,2026-09-10T12:08:00,16.2,16.2,16.2,16.2,2246
2026-09-10T09:10:00.000Z,2026-09-10T12:10:00,16.2,16.2,16.2,16.2,11651
2026-09-10T09:11:00.000Z,2026-09-10T12:11:00,16.2,16.2,16.19,16.2,16256
2026-09-10T09:13:00.000Z,2026-09-10T12:13:00,16.2,16.22,16.19,16.21,14465
2026-09-10T09:14:00.000Z,2026-09-10T12:14:00,16.2,16.2,16.19,16.19,11634
2026-09-10T09:15:00.000Z,2026-09-10T12:15:00,16.2,16.2,16.18,16.18,28913
2026-09-10T09:16:00.000Z,2026-09-10T12:16:00,16.18,16.18,16.18,16.18,9006
2026-09-10T09:17:00.000Z,2026-09-10T12:17:00,16.2,16.2,16.18,16.2,6123
2026-09-10T09:19:00.000Z,2026-09-10T12:19:00,16.18,16.2,16.18,16.18,4689
2026-09-10T09:21:00.000Z,2026-09-10T12:21:00,16.19,16.2,16.18,16.18,1790
2026-09-10T09:22:00.000Z,2026-09-10T12:22:00,16.2,16.2,16.2,16.2,25000
2026-09-10T09:23:00.000Z,2026-09-10T12:23:00,16.2,16.2,16.2,16.2,10502
2026-09-10T09:24:00.000Z,2026-09-10T12:24:00,16.2,16.2,16.17,16.2,34704
2026-09-10T09:25:00.000Z,2026-09-10T12:25:00,16.17,16.2,16.17,16.2,655
2026-09-10T09:26:00.000Z,2026-09-10T12:26:00,16.18,16.2,16.18,16.2,443
2026-09-10T09:27:00.000Z,2026-09-10T12:27:00,16.2,16.2,16.18,16.18,15100
2026-09-10T09:31:00.000Z,2026-09-10T12:31:00,16.19,16.19,16.19,16.19,1497
2026-09-10T09:32:00.000Z,2026-09-10T12:32:00,16.2,16.2,16.19,16.19,2147
2026-09-10T09:33:00.000Z,2026-09-10T12:33:00,16.19,16.19,16.19,16.19,1000
2026-09-10T09:34:00.000Z,2026-09-10T12:34:00,16.19,16.19,16.17,16.17,10180
2026-09-10T09:36:00.000Z,2026-09-10T12:36:00,16.2,16.2,16.2,16.2,618
2026-09-10T09:37:00.000Z,2026-09-10T12:37:00,16.2,16.2,16.2,16.2,3274
2026-09-10T09:38:00.000Z,2026-09-10T12:38:00,16.17,16.2,16.17,16.2,1348
2026-09-10T09:40:00.000Z,2026-09-10T12:40:00,16.18,16.19,16.12,16.12,349238
2026-09-10T09:41:00.000Z,2026-09-10T12:41:00,16.14,16.14,16.13,16.13,34500
2026-09-10T09:42:00.000Z,2026-09-10T12:42:00,16.12,16.14,16.1,16.14,51839
2026-09-10T09:43:00.000Z,2026-09-10T12:43:00,16.13,16.14,16.1,16.14,34650
2026-09-10T09:44:00.000Z,2026-09-10T12:44:00,16.12,16.12,16.08,16.08,10309
2026-09-10T09:45:00.000Z,2026-09-10T12:45:00,16.1,16.12,16.08,16.12,1360
2026-09-10T09:46:00.000Z,2026-09-10T12:46:00,16.08,16.12,16.08,16.12,710
2026-09-10T09:47:00.000Z,2026-09-10T12:47:00,16.1,16.12,16.09,16.1,7148
2026-09-10T09:48:00.000Z,2026-09-10T12:48:00,16.1,16.1,16.09,16.1,47402
2026-09-10T09:49:00.000Z,2026-09-10T12:49:00,16.1,16.11,16.1,16.11,20855
2026-09-10T09:51:00.000Z,2026-09-10T12:51:00,16.17,16.17,16.17,16.17,1062
2026-09-10T09:54:00.000Z,2026-09-10T12:54:00,16.13,16.13,16.11,16.11,6782
2026-09-10T09:56:00.000Z,2026-09-10T12:56:00,16.12,16.17,16.1,16.13,7234
2026-09-10T09:57:00.000Z,2026-09-10T12:57:00,16.13,16.13,16.1,16.1,7609
2026-09-10T09:58:00.000Z,2026-09-10T12:58:00,16.1,16.1,16.1,16.1,1680
2026-09-10T09:59:00.000Z,2026-09-10T12:59:00,16.1,16.1,16.1,16.1,1680
2026-09-10T10:00:00.000Z,2026-09-10T13:00:00,16.1,16.1,16.09,16.1,3935
2026-09-10T10:01:00.000Z,2026-09-10T13:01:00,16.1,16.1,16.1,16.1,3199
2026-09-10T10:02:00.000Z,2026-09-10T13:02:00,16.1,16.1,16.1,16.1,500
2026-09-10T10:03:00.000Z,2026-09-10T13:03:00,16.1,16.1,16.1,16.1,1250
2026-09-10T10:04:00.000Z,2026-09-10T13:04:00,16.09,16.09,16.09,16.09,9393
2026-09-10T10:05:00.000Z,2026-09-10T13:05:00,16.1,16.1,16.1,16.1,2150
2026-09-10T10:06:00.000Z,2026-09-10T13:06:00,16.1,16.1,16.09,16.1,2875
2026-09-10T10:07:00.000Z,2026-09-10T13:07:00,16.1,16.1,16.09,16.1,3179
2026-09-10T10:08:00.000Z,2026-09-10T13:08:00,16.1,16.1,16.05,16.05,259287
2026-09-10T10:09:00.000Z,2026-09-10T13:09:00,16.05,16.05,16.01,16.01,50460
2026-09-10T10:10:00.000Z,2026-09-10T13:10:00,16.02,16.02,16.02,16.02,130
2026-09-10T10:11:00.000Z,2026-09-10T13:11:00,16.09,16.09,16.02,16.09,3557
2026-09-10T10:12:00.000Z,2026-09-10T13:12:00,16.09,16.09,16.02,16.02,7446
2026-09-10T10:13:00.000Z,2026-09-10T13:13:00,16.07,16.07,16.05,16.05,2031
2026-09-10T10:14:00.000Z,2026-09-10T13:14:00,16.04,16.04,16.03,16.04,2974
2026-09-10T10:15:00.000Z,2026-09-10T13:15:00,16.04,16.04,16.03,16.03,15173
2026-09-10T10:16:00.000Z,2026-09-10T13:16:00,16.09,16.09,16.09,16.09,4017
2026-09-10T10:17:00.000Z,2026-09-10T13:17:00,16.09,16.09,16.09,16.09,315
2026-09-10T10:19:00.000Z,2026-09-10T13:19:00,16.09,16.09,16.05,16.05,532
2026-09-10T10:20:00.000Z,2026-09-10T13:20:00,16.09,16.09,16.09,16.09,50
2026-09-10T10:21:00.000Z,2026-09-10T13:21:00,16.08,16.08,16.07,16.07,2957
2026-09-10T10:22:00.000Z,2026-09-10T13:22:00,16.06,16.06,16.03,16.06,22461
2026-09-10T10:23:00.000Z,2026-09-10T13:23:00,16.03,16.04,16,16,55850
2026-09-10T10:24:00.000Z,2026-09-10T13:24:00,16,16.08,16,16.08,36300
2026-09-10T10:25:00.000Z,2026-09-10T13:25:00,16.01,16.11,16,16,26497
2026-09-10T10:26:00.000Z,2026-09-10T13:26:00,16.08,16.08,16.08,16.08,125
2026-09-10T10:28:00.000Z,2026-09-10T13:28:00,16.06,16.06,16.06,16.06,1000
2026-09-10T10:29:00.000Z,2026-09-10T13:29:00,16.06,16.08,16.06,16.08,13590
2026-09-10T10:30:00.000Z,2026-09-10T13:30:00,16.08,16.08,16.08,16.08,1610
2026-09-10T10:31:00.000Z,2026-09-10T13:31:00,16.02,16.02,16.01,16.01,2500
2026-09-10T10:32:00.000Z,2026-09-10T13:32:00,16.06,16.06,16.06,16.06,4109
2026-09-10T10:33:00.000Z,2026-09-10T13:33:00,16.05,16.06,16.05,16.06,2524
2026-09-10T10:34:00.000Z,2026-09-10T13:34:00,16.06,16.06,16.06,16.06,500
2026-09-10T10:35:00.000Z,2026-09-10T13:35:00,16.07,16.07,16.03,16.05,1799
2026-09-10T10:36:00.000Z,2026-09-10T13:36:00,16.05,16.07,16.05,16.07,684
2026-09-10T10:37:00.000Z,2026-09-10T13:37:00,16.05,16.05,16.01,16.01,7199
2026-09-10T10:38:00.000Z,2026-09-10T13:38:00,16.05,16.05,16.05,16.05,87
2026-09-10T10:39:00.000Z,2026-09-10T13:39:00,16.05,16.05,16.05,16.05,782
2026-09-10T10:40:00.000Z,2026-09-10T13:40:00,16.05,16.05,16.05,16.05,133
2026-09-10T10:41:00.000Z,2026-09-10T13:41:00,16.03,16.05,16.02,16.05,2534
2026-09-10T10:42:00.000Z,2026-09-10T13:42:00,16.05,16.05,16.05,16.05,500
2026-09-10T10:43:00.000Z,2026-09-10T13:43:00,16.04,16.04,16,16,80047
2026-09-10T10:44:00.000Z,2026-09-10T13:44:00,16,16,15.95,15.95,6115
2026-09-10T10:45:00.000Z,2026-09-10T13:45:00,16,16,15.95,16,6963
2026-09-10T10:46:00.000Z,2026-09-10T13:46:00,15.96,16,15.96,16,369
2026-09-10T10:47:00.000Z,2026-09-10T13:47:00,16,16,15.96,16,3831
2026-09-10T10:48:00.000Z,2026-09-10T13:48:00,16,16,16,16,1250
2026-09-10T10:49:00.000Z,2026-09-10T13:49:00,16,16,16,16,2588
2026-09-10T10:50:00.000Z,2026-09-10T13:50:00,15.99,15.99,15.98,15.99,4003
2026-09-10T10:51:00.000Z,2026-09-10T13:51:00,15.99,16,15.99,16,32717
2026-09-10T10:52:00.000Z,2026-09-10T13:52:00,15.99,16.01,15.99,16.01,25544
2026-09-10T10:53:00.000Z,2026-09-10T13:53:00,16.01,16.01,16,16,500
2026-09-10T10:54:00.000Z,2026-09-10T13:54:00,16.02,16.04,16.02,16.04,5813
2026-09-10T10:55:00.000Z,2026-09-10T13:55:00,16.04,16.04,16.04,16.04,90
2026-09-10T10:56:00.000Z,2026-09-10T13:56:00,16.01,16.05,16.01,16.05,2272
2026-09-10T10:57:00.000Z,2026-09-10T13:57:00,16.05,16.05,16,16.05,10900
2026-09-10T10:58:00.000Z,2026-09-10T13:58:00,16.04,16.04,16,16.04,2986
2026-09-10T10:59:00.000Z,2026-09-10T13:59:00,16.01,16.01,16.01,16.01,1677
2026-09-10T11:00:00.000Z,2026-09-10T14:00:00,16.01,16.01,16,16,24334
2026-09-10T11:01:00.000Z,2026-09-10T14:01:00,16.03,16.03,16,16,57350
2026-09-10T11:02:00.000Z,2026-09-10T14:02:00,16,16.03,16,16.03,3358
2026-09-10T11:03:00.000Z,2026-09-10T14:03:00,16.03,16.03,16,16,48431
2026-09-10T11:04:00.000Z,2026-09-10T14:04:00,16.03,16.03,15.98,16,1945
2026-09-10T11:05:00.000Z,2026-09-10T14:05:00,15.98,16,15.98,16,462
2026-09-10T11:06:00.000Z,2026-09-10T14:06:00,16.03,16.03,15.98,16,5795
2026-09-10T11:07:00.000Z,2026-09-10T14:07:00,16,16,15.98,16,2079
2026-09-10T11:08:00.000Z,2026-09-10T14:08:00,16,16,15.98,15.98,8051
2026-09-10T11:09:00.000Z,2026-09-10T14:09:00,16,16,16,16,1250
2026-09-10T11:10:00.000Z,2026-09-10T14:10:00,16,16,15.99,16,7731
2026-09-10T11:11:00.000Z,2026-09-10T14:11:00,16,16,15.99,15.99,7231
2026-09-10T11:12:00.000Z,2026-09-10T14:12:00,16,16,15.99,16,1378
2026-09-10T11:13:00.000Z,2026-09-10T14:13:00,16,16,16,16,16391
2026-09-10T11:14:00.000Z,2026-09-10T14:14:00,16,16,15.94,15.94,69404
2026-09-10T11:25:00.000Z,2026-09-10T14:25:00,15.85,15.85,15.85,15.85,178531
2026-09-10T11:26:00.000Z,2026-09-10T14:26:00,15.85,15.85,15.85,15.85,7583
2026-09-10T11:27:00.000Z,2026-09-10T14:27:00,15.85,15.85,15.85,15.85,1000
2026-09-10T11:28:00.000Z,2026-09-10T14:28:00,15.85,15.85,15.85,15.85,5300
2026-09-10T11:29:00.000Z,2026-09-10T14:29:00,15.85,15.85,15.85,15.85,1250
2026-09-13T07:00:00.000Z,2026-09-13T10:00:00,15.9,15.96,15.9,15.96,20136
2026-09-13T07:01:00.000Z,2026-09-13T10:01:00,15.95,15.95,15.87,15.94,47356
2026-09-13T07:02:00.000Z,2026-09-13T10:02:00,15.9,16.04,15.9,16.04,25482
2026-09-13T07:03:00.000Z,2026-09-13T10:03:00,16,16.08,16,16.08,7284
2026-09-13T07:04:00.000Z,2026-09-13T10:04:00,16,16.07,16,16.07,1575
2026-09-13T07:05:00.000Z,2026-09-13T10:05:00,16,16.06,16,16.06,1872
2026-09-13T07:06:00.000Z,2026-09-13T10:06:00,16.05,16.05,16,16,13494
2026-09-13T07:07:00.000Z,2026-09-13T10:07:00,15.95,15.95,15.95,15.95,602
2026-09-13T07:08:00.000Z,2026-09-13T10:08:00,15.98,16,15.98,16,14266
2026-09-13T07:09:00.000Z,2026-09-13T10:09:00,16.04,16.04,16.04,16.04,1109
2026-09-13T07:10:00.000Z,2026-09-13T10:10:00,16,16.02,16,16,7405
2026-09-13T07:11:00.000Z,2026-09-13T10:11:00,16.04,16.04,15.95,16,22293
2026-09-13T07:12:00.000Z,2026-09-13T10:12:00,16,16,16,16,3506
2026-09-13T07:13:00.000Z,2026-09-13T10:13:00,15.99,15.99,15.95,15.95,10412
2026-09-13T07:14:00.000Z,2026-09-13T10:14:00,15.95,15.99,15.95,15.99,1603
2026-09-13T07:15:00.000Z,2026-09-13T10:15:00,15.99,15.99,15.99,15.99,687
2026-09-13T07:16:00.000Z,2026-09-13T10:16:00,15.99,15.99,15.95,15.98,4730
2026-09-13T07:17:00.000Z,2026-09-13T10:17:00,15.95,15.97,15.95,15.97,1649
2026-09-13T07:18:00.000Z,2026-09-13T10:18:00,15.99,15.99,15.95,15.99,541
2026-09-13T07:19:00.000Z,2026-09-13T10:19:00,15.96,16.02,15.95,16.02,20734
2026-09-13T07:20:00.000Z,2026-09-13T10:20:00,16.02,16.02,16,16,21313
2026-09-13T07:21:00.000Z,2026-09-13T10:21:00,16,16,16,16,16594
2026-09-13T07:22:00.000Z,2026-09-13T10:22:00,16,16,16,16,30000
2026-09-13T07:23:00.000Z,2026-09-13T10:23:00,15.95,16,15.95,16,5428
2026-09-13T07:25:00.000Z,2026-09-13T10:25:00,16,16,15.95,16,7640
2026-09-13T07:26:00.000Z,2026-09-13T10:26:00,16.01,16.01,16,16,362
2026-09-13T07:27:00.000Z,2026-09-13T10:27:00,15.95,16,15.95,15.95,4157
2026-09-13T07:28:00.000Z,2026-09-13T10:28:00,16,16,15.98,16,60000
2026-09-13T07:29:00.000Z,2026-09-13T10:29:00,16,16,16,16,39000
2026-09-13T07:30:00.000Z,2026-09-13T10:30:00,16,16,16,16,1450
2026-09-13T07:31:00.000Z,2026-09-13T10:31:00,15.95,15.95,15.95,15.95,1955
2026-09-13T07:32:00.000Z,2026-09-13T10:32:00,16,16,16,16,48
2026-09-13T07:33:00.000Z,2026-09-13T10:33:00,15.98,16,15.98,16,194
2026-09-13T07:34:00.000Z,2026-09-13T10:34:00,15.98,16,15.98,16,426
2026-09-13T07:35:00.000Z,2026-09-13T10:35:00,15.98,15.99,15.96,15.96,1853
2026-09-13T07:36:00.000Z,2026-09-13T10:36:00,15.96,15.96,15.96,15.96,16558
2026-09-13T07:37:00.000Z,2026-09-13T10:37:00,15.95,15.95,15.9,15.95,51421
2026-09-13T07:38:00.000Z,2026-09-13T10:38:00,15.9,15.9,15.9,15.9,140
2026-09-13T07:39:00.000Z,2026-09-13T10:39:00,15.9,15.94,15.9,15.94,8237
2026-09-13T07:40:00.000Z,2026-09-13T10:40:00,15.91,15.94,15.9,15.9,3870
2026-09-13T07:41:00.000Z,2026-09-13T10:41:00,15.91,15.94,15.91,15.94,6322
2026-09-13T07:42:00.000Z,2026-09-13T10:42:00,15.95,15.97,15.95,15.97,23302
2026-09-13T07:43:00.000Z,2026-09-13T10:43:00,15.97,15.97,15.95,15.95,13380
2026-09-13T07:44:00.000Z,2026-09-13T10:44:00,15.95,15.95,15.94,15.94,4269
2026-09-13T07:45:00.000Z,2026-09-13T10:45:00,15.95,15.95,15.94,15.94,21039
2026-09-13T07:46:00.000Z,2026-09-13T10:46:00,15.94,15.94,15.94,15.94,8419
2026-09-13T07:47:00.000Z,2026-09-13T10:47:00,15.93,15.93,15.91,15.92,168
2026-09-13T07:48:00.000Z,2026-09-13T10:48:00,15.93,15.95,15.93,15.94,10967
2026-09-13T07:49:00.000Z,2026-09-13T10:49:00,15.93,15.97,15.92,15.97,10293
2026-09-13T07:50:00.000Z,2026-09-13T10:50:00,15.97,15.99,15.97,15.99,611
2026-09-13T07:51:00.000Z,2026-09-13T10:51:00,15.98,15.99,15.97,15.97,10653
2026-09-13T07:52:00.000Z,2026-09-13T10:52:00,15.97,15.97,15.92,15.92,2830
2026-09-13T07:53:00.000Z,2026-09-13T10:53:00,15.92,15.97,15.91,15.91,1555
2026-09-13T07:54:00.000Z,2026-09-13T10:54:00,15.97,15.97,15.92,15.92,1743
2026-09-13T07:55:00.000Z,2026-09-13T10:55:00,15.97,16,15.97,15.99,60094
2026-09-13T07:56:00.000Z,2026-09-13T10:56:00,15.99,15.99,15.91,15.91,12929
2026-09-13T07:57:00.000Z,2026-09-13T10:57:00,15.92,15.92,15.92,15.92,31
2026-09-13T07:58:00.000Z,2026-09-13T10:58:00,15.93,15.95,15.93,15.93,166
2026-09-13T07:59:00.000Z,2026-09-13T10:59:00,15.94,15.95,15.94,15.95,2030
2026-09-13T08:00:00.000Z,2026-09-13T11:00:00,15.93,15.93,15.93,15.93,133
2026-09-13T08:01:00.000Z,2026-09-13T11:01:00,15.93,15.93,15.91,15.91,9296
2026-09-13T08:02:00.000Z,2026-09-13T11:02:00,15.93,15.93,15.91,15.91,1132
2026-09-13T08:05:00.000Z,2026-09-13T11:05:00,15.91,15.92,15.91,15.92,475
2026-09-13T08:06:00.000Z,2026-09-13T11:06:00,15.93,15.94,15.92,15.92,825
2026-09-13T08:07:00.000Z,2026-09-13T11:07:00,15.93,15.99,15.93,15.99,7500
2026-09-13T08:08:00.000Z,2026-09-13T11:08:00,15.93,15.99,15.92,15.99,1737
2026-09-13T08:09:00.000Z,2026-09-13T11:09:00,15.94,15.99,15.94,15.99,938
2026-09-13T08:10:00.000Z,2026-09-13T11:10:00,15.99,15.99,15.99,15.99,836
2026-09-13T08:11:00.000Z,2026-09-13T11:11:00,15.95,15.95,15.95,15.95,250
2026-09-13T08:13:00.000Z,2026-09-13T11:13:00,15.96,15.98,15.96,15.97,450
2026-09-13T08:14:00.000Z,2026-09-13T11:14:00,15.97,15.97,15.93,15.95,1552
2026-09-13T08:15:00.000Z,2026-09-13T11:15:00,15.95,15.95,15.95,15.95,93
2026-09-13T08:16:00.000Z,2026-09-13T11:16:00,15.93,15.98,15.93,15.98,6282
2026-09-13T08:17:00.000Z,2026-09-13T11:17:00,15.98,15.99,15.98,15.99,1153
2026-09-13T08:18:00.000Z,2026-09-13T11:18:00,15.99,15.99,15.98,15.99,15288
2026-09-13T08:19:00.000Z,2026-09-13T11:19:00,15.98,15.99,15.98,15.99,3841
2026-09-13T08:21:00.000Z,2026-09-13T11:21:00,15.99,15.99,15.92,15.92,305
2026-09-13T08:23:00.000Z,2026-09-13T11:23:00,15.99,15.99,15.95,15.99,4564
2026-09-13T08:24:00.000Z,2026-09-13T11:24:00,15.99,15.99,15.95,15.95,2404
2026-09-13T08:25:00.000Z,2026-09-13T11:25:00,15.95,15.95,15.95,15.95,2
2026-09-13T08:26:00.000Z,2026-09-13T11:26:00,15.95,15.95,15.95,15.95,3000
2026-09-13T08:27:00.000Z,2026-09-13T11:27:00,15.95,15.95,15.95,15.95,3200
2026-09-13T08:28:00.000Z,2026-09-13T11:28:00,15.95,15.95,15.94,15.94,5148
2026-09-13T08:29:00.000Z,2026-09-13T11:29:00,15.95,15.95,15.94,15.94,398
2026-09-13T08:30:00.000Z,2026-09-13T11:30:00,15.94,15.94,15.94,15.94,3
2026-09-13T08:31:00.000Z,2026-09-13T11:31:00,15.94,15.94,15.94,15.94,341
2026-09-13T08:32:00.000Z,2026-09-13T11:32:00,15.95,15.95,15.94,15.94,1162
2026-09-13T08:33:00.000Z,2026-09-13T11:33:00,15.95,15.96,15.95,15.96,1060
2026-09-13T08:34:00.000Z,2026-09-13T11:34:00,15.96,15.96,15.94,15.94,6980
2026-09-13T08:35:00.000Z,2026-09-13T11:35:00,15.95,15.95,15.95,15.95,21
2026-09-13T08:36:00.000Z,2026-09-13T11:36:00,15.95,15.95,15.95,15.95,45
2026-09-13T08:37:00.000Z,2026-09-13T11:37:00,15.98,15.98,15.94,15.94,5128
2026-09-13T08:38:00.000Z,2026-09-13T11:38:00,15.95,15.95,15.95,15.95,205
2026-09-13T08:39:00.000Z,2026-09-13T11:39:00,15.94,15.94,15.94,15.94,2000
2026-09-13T08:41:00.000Z,2026-09-13T11:41:00,15.94,15.94,15.92,15.92,1000
2026-09-13T08:43:00.000Z,2026-09-13T11:43:00,15.93,15.93,15.93,15.93,1000
2026-09-13T08:44:00.000Z,2026-09-13T11:44:00,15.94,15.95,15.94,15.95,6295
2026-09-13T08:45:00.000Z,2026-09-13T11:45:00,15.95,15.95,15.94,15.94,3500
2026-09-13T08:46:00.000Z,2026-09-13T11:46:00,15.94,15.94,15.92,15.92,2000
2026-09-13T08:47:00.000Z,2026-09-13T11:47:00,15.92,15.92,15.92,15.92,1000
2026-09-13T08:48:00.000Z,2026-09-13T11:48:00,15.93,15.93,15.93,15.93,566
2026-09-13T08:49:00.000Z,2026-09-13T11:49:00,15.93,15.93,15.93,15.93,434
2026-09-13T08:50:00.000Z,2026-09-13T11:50:00,15.93,15.93,15.93,15.93,2301
2026-09-13T08:51:00.000Z,2026-09-13T11:51:00,15.94,15.94,15.94,15.94,444
2026-09-13T08:52:00.000Z,2026-09-13T11:52:00,15.94,15.95,15.93,15.93,5270
2026-09-13T08:53:00.000Z,2026-09-13T11:53:00,15.95,15.95,15.95,15.95,25000
2026-09-13T08:54:00.000Z,2026-09-13T11:54:00,15.93,15.93,15.93,15.93,561
2026-09-13T08:55:00.000Z,2026-09-13T11:55:00,15.93,15.93,15.92,15.93,5683
2026-09-13T08:56:00.000Z,2026-09-13T11:56:00,15.92,15.93,15.9,15.9,63650
2026-09-13T08:57:00.000Z,2026-09-13T11:57:00,15.9,15.9,15.9,15.9,18068
2026-09-13T08:58:00.000Z,2026-09-13T11:58:00,15.89,15.93,15.87,15.93,19049
2026-09-13T08:59:00.000Z,2026-09-13T11:59:00,15.87,15.95,15.87,15.9,2256
2026-09-13T09:01:00.000Z,2026-09-13T12:01:00,15.87,15.87,15.87,15.87,94
2026-09-13T09:02:00.000Z,2026-09-13T12:02:00,15.89,15.89,15.89,15.89,1553
2026-09-13T09:03:00.000Z,2026-09-13T12:03:00,15.94,15.94,15.93,15.93,156
2026-09-13T09:04:00.000Z,2026-09-13T12:04:00,15.92,15.92,15.92,15.92,5000
2026-09-13T09:05:00.000Z,2026-09-13T12:05:00,15.92,15.95,15.92,15.95,12366
2026-09-13T09:06:00.000Z,2026-09-13T12:06:00,15.92,15.92,15.9,15.9,1139
2026-09-13T09:07:00.000Z,2026-09-13T12:07:00,15.9,15.91,15.9,15.9,2097
2026-09-13T09:08:00.000Z,2026-09-13T12:08:00,15.9,15.93,15.9,15.93,4450
2026-09-13T09:10:00.000Z,2026-09-13T12:10:00,15.9,15.9,15.9,15.9,1000
2026-09-13T09:11:00.000Z,2026-09-13T12:11:00,15.9,15.92,15.89,15.92,3350
2026-09-13T09:12:00.000Z,2026-09-13T12:12:00,15.92,15.92,15.91,15.91,510
2026-09-13T09:13:00.000Z,2026-09-13T12:13:00,15.92,15.92,15.9,15.9,115
2026-09-13T09:14:00.000Z,2026-09-13T12:14:00,15.92,15.92,15.92,15.92,154
2026-09-13T09:15:00.000Z,2026-09-13T12:15:00,15.92,15.92,15.92,15.92,112
2026-09-13T09:16:00.000Z,2026-09-13T12:16:00,15.93,15.94,15.93,15.94,3287
2026-09-13T09:17:00.000Z,2026-09-13T12:17:00,15.93,15.94,15.93,15.93,2570
2026-09-13T09:18:00.000Z,2026-09-13T12:18:00,15.94,15.94,15.93,15.93,2027
2026-09-13T09:19:00.000Z,2026-09-13T12:19:00,15.94,15.94,15.93,15.94,5086
2026-09-13T09:20:00.000Z,2026-09-13T12:20:00,15.94,15.94,15.94,15.94,27
2026-09-13T09:21:00.000Z,2026-09-13T12:21:00,15.93,15.93,15.93,15.93,1500
2026-09-13T09:22:00.000Z,2026-09-13T12:22:00,15.94,15.94,15.94,15.94,100
2026-09-13T09:23:00.000Z,2026-09-13T12:23:00,15.93,15.93,15.93,15.93,1423
2026-09-13T09:24:00.000Z,2026-09-13T12:24:00,15.93,15.93,15.93,15.93,100
2026-09-13T09:25:00.000Z,2026-09-13T12:25:00,15.93,15.93,15.93,15.93,3175
2026-09-13T09:26:00.000Z,2026-09-13T12:26:00,15.92,15.92,15.9,15.9,6819
2026-09-13T09:28:00.000Z,2026-09-13T12:28:00,15.89,15.89,15.89,15.89,44
2026-09-13T09:29:00.000Z,2026-09-13T12:29:00,15.89,15.9,15.88,15.89,35337
2026-09-13T09:30:00.000Z,2026-09-13T12:30:00,15.88,15.94,15.87,15.94,6457
2026-09-13T09:31:00.000Z,2026-09-13T12:31:00,15.94,15.94,15.94,15.94,3894
2026-09-13T09:32:00.000Z,2026-09-13T12:32:00,15.94,15.94,15.94,15.94,2
2026-09-13T09:33:00.000Z,2026-09-13T12:33:00,15.91,15.94,15.91,15.94,1193
2026-09-13T09:34:00.000Z,2026-09-13T12:34:00,15.9,15.9,15.9,15.9,5
2026-09-13T09:36:00.000Z,2026-09-13T12:36:00,15.94,15.94,15.94,15.94,66
2026-09-13T09:37:00.000Z,2026-09-13T12:37:00,15.9,15.93,15.9,15.93,143
2026-09-13T09:38:00.000Z,2026-09-13T12:38:00,15.93,15.93,15.87,15.9,30911
2026-09-13T09:39:00.000Z,2026-09-13T12:39:00,15.87,15.9,15.87,15.9,12640
2026-09-13T09:40:00.000Z,2026-09-13T12:40:00,15.9,15.92,15.88,15.88,12285
2026-09-13T09:41:00.000Z,2026-09-13T12:41:00,15.88,15.92,15.88,15.9,7372
2026-09-13T09:42:00.000Z,2026-09-13T12:42:00,15.9,15.9,15.9,15.9,2277
2026-09-13T09:43:00.000Z,2026-09-13T12:43:00,15.9,15.9,15.88,15.88,1438
2026-09-13T09:44:00.000Z,2026-09-13T12:44:00,15.88,15.88,15.88,15.88,303
2026-09-13T09:45:00.000Z,2026-09-13T12:45:00,15.89,15.9,15.89,15.9,1715
2026-09-13T09:46:00.000Z,2026-09-13T12:46:00,15.92,15.97,15.92,15.97,35451
2026-09-13T09:47:00.000Z,2026-09-13T12:47:00,15.96,16,15.96,16,113063
2026-09-13T09:48:00.000Z,2026-09-13T12:48:00,16,16,16,16,72533
2026-09-13T09:49:00.000Z,2026-09-13T12:49:00,15.96,15.96,15.96,15.96,303
2026-09-13T09:50:00.000Z,2026-09-13T12:50:00,15.98,16,15.98,16,11000
2026-09-13T09:51:00.000Z,2026-09-13T12:51:00,16,16,15.99,16,5624
2026-09-13T09:52:00.000Z,2026-09-13T12:52:00,15.99,15.99,15.97,15.97,1506
2026-09-13T09:53:00.000Z,2026-09-13T12:53:00,15.97,16,15.97,16,9304
2026-09-13T09:54:00.000Z,2026-09-13T12:54:00,15.97,16,15.97,16,4757
2026-09-13T09:55:00.000Z,2026-09-13T12:55:00,16,16,15.97,15.97,3429
2026-09-13T09:56:00.000Z,2026-09-13T12:56:00,15.97,16,15.97,16,27129
2026-09-13T09:57:00.000Z,2026-09-13T12:57:00,16,16,16,16,300
2026-09-13T09:58:00.000Z,2026-09-13T12:58:00,16,16,16,16,303
2026-09-13T09:59:00.000Z,2026-09-13T12:59:00,16,16,16,16,1056
2026-09-13T10:00:00.000Z,2026-09-13T13:00:00,16,16.03,16,16.02,1285
2026-09-13T10:01:00.000Z,2026-09-13T13:01:00,16,16,16,16,1285
2026-09-13T10:02:00.000Z,2026-09-13T13:02:00,16.03,16.03,15.99,15.99,1303
2026-09-13T10:03:00.000Z,2026-09-13T13:03:00,16,16,15.99,16,5260
2026-09-13T10:04:00.000Z,2026-09-13T13:04:00,15.99,15.99,15.99,15.99,1617
2026-09-13T10:05:00.000Z,2026-09-13T13:05:00,15.99,15.99,15.98,15.98,738
2026-09-13T10:06:00.000Z,2026-09-13T13:06:00,15.98,15.98,15.98,15.98,2105
2026-09-13T10:07:00.000Z,2026-09-13T13:07:00,15.98,15.98,15.98,15.98,1802
2026-09-13T10:08:00.000Z,2026-09-13T13:08:00,15.98,15.98,15.97,15.97,10302
2026-09-13T10:09:00.000Z,2026-09-13T13:09:00,15.97,15.97,15.96,15.96,3261
2026-09-13T10:10:00.000Z,2026-09-13T13:10:00,15.96,15.96,15.96,15.96,3800
2026-09-13T10:11:00.000Z,2026-09-13T13:11:00,15.97,16,15.96,15.96,2935
2026-09-13T10:13:00.000Z,2026-09-13T13:13:00,15.96,16,15.96,16,7010
2026-09-13T10:15:00.000Z,2026-09-13T13:15:00,15.96,16,15.96,16,1068
2026-09-13T10:16:00.000Z,2026-09-13T13:16:00,15.96,15.97,15.96,15.97,629
2026-09-13T10:17:00.000Z,2026-09-13T13:17:00,15.97,15.97,15.95,15.95,33434
2026-09-13T10:18:00.000Z,2026-09-13T13:18:00,15.91,15.91,15.9,15.9,50000
2026-09-13T10:21:00.000Z,2026-09-13T13:21:00,15.9,15.9,15.9,15.9,23
2026-09-13T10:23:00.000Z,2026-09-13T13:23:00,15.93,15.93,15.89,15.89,1567
2026-09-13T10:24:00.000Z,2026-09-13T13:24:00,15.89,15.89,15.87,15.87,23583
2026-09-13T10:25:00.000Z,2026-09-13T13:25:00,15.87,15.88,15.87,15.87,11111
2026-09-13T10:26:00.000Z,2026-09-13T13:26:00,15.87,15.87,15.86,15.86,2266
2026-09-13T10:27:00.000Z,2026-09-13T13:27:00,15.87,15.87,15.86,15.87,1290
2026-09-13T10:28:00.000Z,2026-09-13T13:28:00,15.86,15.87,15.86,15.87,13375
2026-09-13T10:29:00.000Z,2026-09-13T13:29:00,15.87,15.87,15.86,15.86,7633
2026-09-13T10:30:00.000Z,2026-09-13T13:30:00,15.86,15.86,15.85,15.85,9096
2026-09-13T10:31:00.000Z,2026-09-13T13:31:00,15.85,15.86,15.85,15.86,11224
2026-09-13T10:32:00.000Z,2026-09-13T13:32:00,15.84,15.85,15.84,15.85,118
2026-09-13T10:33:00.000Z,2026-09-13T13:33:00,15.84,15.85,15.84,15.84,4936
2026-09-13T10:34:00.000Z,2026-09-13T13:34:00,15.84,15.84,15.83,15.84,9528
2026-09-13T10:35:00.000Z,2026-09-13T13:35:00,15.84,15.86,15.84,15.86,1401
2026-09-13T10:36:00.000Z,2026-09-13T13:36:00,15.84,15.85,15.84,15.85,1438
2026-09-13T10:37:00.000Z,2026-09-13T13:37:00,15.85,15.85,15.85,15.85,5239
2026-09-13T10:38:00.000Z,2026-09-13T13:38:00,15.84,15.84,15.83,15.83,4020
2026-09-13T10:39:00.000Z,2026-09-13T13:39:00,15.86,15.86,15.83,15.83,2344
2026-09-13T10:40:00.000Z,2026-09-13T13:40:00,15.83,15.83,15.83,15.83,3
2026-09-13T10:41:00.000Z,2026-09-13T13:41:00,15.83,15.88,15.83,15.88,4833
2026-09-13T10:43:00.000Z,2026-09-13T13:43:00,15.84,15.84,15.84,15.84,901
2026-09-13T10:45:00.000Z,2026-09-13T13:45:00,15.88,15.88,15.85,15.88,3154
2026-09-13T10:46:00.000Z,2026-09-13T13:46:00,15.88,15.88,15.86,15.86,1877
2026-09-13T10:47:00.000Z,2026-09-13T13:47:00,15.87,15.87,15.87,15.87,22
2026-09-13T10:48:00.000Z,2026-09-13T13:48:00,15.86,15.86,15.84,15.84,12114
2026-09-13T10:49:00.000Z,2026-09-13T13:49:00,15.84,15.86,15.84,15.84,8010
2026-09-13T10:50:00.000Z,2026-09-13T13:50:00,15.83,15.88,15.83,15.88,32219
2026-09-13T10:51:00.000Z,2026-09-13T13:51:00,15.88,15.88,15.88,15.88,9757
2026-09-13T10:52:00.000Z,2026-09-13T13:52:00,15.88,15.88,15.88,15.88,130
2026-09-13T10:53:00.000Z,2026-09-13T13:53:00,15.84,15.84,15.83,15.83,1351
2026-09-13T10:54:00.000Z,2026-09-13T13:54:00,15.88,15.88,15.82,15.82,5350
2026-09-13T10:55:00.000Z,2026-09-13T13:55:00,15.82,15.82,15.81,15.81,11600
2026-09-13T10:56:00.000Z,2026-09-13T13:56:00,15.81,15.81,15.8,15.8,25000
2026-09-13T10:57:00.000Z,2026-09-13T13:57:00,15.83,15.83,15.81,15.81,2437
2026-09-13T10:58:00.000Z,2026-09-13T13:58:00,15.83,15.83,15.81,15.81,10573
2026-09-13T10:59:00.000Z,2026-09-13T13:59:00,15.81,15.83,15.8,15.8,27884
2026-09-13T11:00:00.000Z,2026-09-13T14:00:00,15.8,15.83,15.8,15.8,9602
2026-09-13T11:01:00.000Z,2026-09-13T14:01:00,15.8,15.83,15.8,15.8,5586
2026-09-13T11:02:00.000Z,2026-09-13T14:02:00,15.83,15.83,15.83,15.83,6
2026-09-13T11:03:00.000Z,2026-09-13T14:03:00,15.83,15.85,15.8,15.85,2252
2026-09-13T11:04:00.000Z,2026-09-13T14:04:00,15.85,15.85,15.85,15.85,37
2026-09-13T11:05:00.000Z,2026-09-13T14:05:00,15.83,15.83,15.8,15.8,24186
2026-09-13T11:06:00.000Z,2026-09-13T14:06:00,15.85,15.85,15.8,15.81,1187
2026-09-13T11:07:00.000Z,2026-09-13T14:07:00,15.81,15.81,15.8,15.8,3046
2026-09-13T11:08:00.000Z,2026-09-13T14:08:00,15.84,15.84,15.84,15.84,808
2026-09-13T11:09:00.000Z,2026-09-13T14:09:00,15.8,15.84,15.79,15.8,6735
2026-09-13T11:10:00.000Z,2026-09-13T14:10:00,15.8,15.83,15.79,15.79,19643
2026-09-13T11:11:00.000Z,2026-09-13T14:11:00,15.79,15.84,15.79,15.84,4982
2026-09-13T11:12:00.000Z,2026-09-13T14:12:00,15.8,15.84,15.79,15.8,15890
2026-09-13T11:13:00.000Z,2026-09-13T14:13:00,15.8,15.84,15.8,15.84,1006
2026-09-13T11:14:00.000Z,2026-09-13T14:14:00,15.84,15.84,15.8,15.8,32394
2026-09-13T11:25:00.000Z,2026-09-13T14:25:00,15.7,15.7,15.7,15.7,92917
2026-09-13T11:26:00.000Z,2026-09-13T14:26:00,15.7,15.7,15.7,15.7,3500
2026-09-13T11:27:00.000Z,2026-09-13T14:27:00,15.7,15.7,15.7,15.7,46707
2026-09-13T11:28:00.000Z,2026-09-13T14:28:00,15.7,15.7,15.7,15.7,7515
2026-09-13T11:29:00.000Z,2026-09-13T14:29:00,15.7,15.7,15.7,15.7,4600
2026-09-14T07:00:00.000Z,2026-09-14T10:00:00,15.7,15.7,15.5,15.5,72505
2026-09-14T07:01:00.000Z,2026-09-14T10:01:00,15.67,15.7,15.55,15.7,462
2026-09-14T07:02:00.000Z,2026-09-14T10:02:00,15.6,15.66,15.52,15.66,20297
2026-09-14T07:03:00.000Z,2026-09-14T10:03:00,15.53,15.53,15.52,15.52,3926
2026-09-14T07:04:00.000Z,2026-09-14T10:04:00,15.55,15.66,15.52,15.66,7739
2026-09-14T07:05:00.000Z,2026-09-14T10:05:00,15.64,15.64,15.53,15.62,9739
2026-09-14T07:06:00.000Z,2026-09-14T10:06:00,15.54,15.55,15.5,15.5,48845
2026-09-14T07:07:00.000Z,2026-09-14T10:07:00,15.54,15.6,15.54,15.6,4750
2026-09-14T07:09:00.000Z,2026-09-14T10:09:00,15.54,15.54,15.54,15.54,898
2026-09-14T07:10:00.000Z,2026-09-14T10:10:00,15.55,15.59,15.51,15.56,13862
2026-09-14T07:11:00.000Z,2026-09-14T10:11:00,15.51,15.51,15.45,15.47,14450
2026-09-14T07:12:00.000Z,2026-09-14T10:12:00,15.55,15.55,15.47,15.47,4254
2026-09-14T07:13:00.000Z,2026-09-14T10:13:00,15.47,15.47,15.46,15.46,9708
2026-09-14T07:14:00.000Z,2026-09-14T10:14:00,15.47,15.5,15.47,15.5,19058
2026-09-14T07:15:00.000Z,2026-09-14T10:15:00,15.5,15.5,15.47,15.48,1259
2026-09-14T07:16:00.000Z,2026-09-14T10:16:00,15.5,15.55,15.5,15.5,3754
2026-09-14T07:17:00.000Z,2026-09-14T10:17:00,15.5,15.5,15.5,15.5,60
2026-09-14T07:18:00.000Z,2026-09-14T10:18:00,15.5,15.59,15.5,15.55,6343
2026-09-14T07:19:00.000Z,2026-09-14T10:19:00,15.55,15.55,15.51,15.51,1488
2026-09-14T07:20:00.000Z,2026-09-14T10:20:00,15.51,15.56,15.51,15.56,934
2026-09-14T07:21:00.000Z,2026-09-14T10:21:00,15.53,15.59,15.53,15.59,3336
2026-09-14T07:22:00.000Z,2026-09-14T10:22:00,15.53,15.53,15.53,15.53,500
2026-09-14T07:23:00.000Z,2026-09-14T10:23:00,15.58,15.59,15.58,15.59,5671
2026-09-14T07:24:00.000Z,2026-09-14T10:24:00,15.59,15.59,15.53,15.53,632
2026-09-14T07:25:00.000Z,2026-09-14T10:25:00,15.53,15.59,15.53,15.54,1457
2026-09-14T07:26:00.000Z,2026-09-14T10:26:00,15.54,15.6,15.54,15.6,12563
2026-09-14T07:27:00.000Z,2026-09-14T10:27:00,15.59,15.59,15.59,15.59,4520
2026-09-14T07:28:00.000Z,2026-09-14T10:28:00,15.54,15.54,15.54,15.54,1136
2026-09-14T07:29:00.000Z,2026-09-14T10:29:00,15.59,15.6,15.54,15.55,8202
2026-09-14T07:30:00.000Z,2026-09-14T10:30:00,15.55,15.64,15.55,15.64,861
2026-09-14T07:31:00.000Z,2026-09-14T10:31:00,15.64,15.65,15.64,15.65,2406
2026-09-14T07:32:00.000Z,2026-09-14T10:32:00,15.6,15.6,15.6,15.6,364
2026-09-14T07:34:00.000Z,2026-09-14T10:34:00,15.61,15.63,15.56,15.63,8459
2026-09-14T07:35:00.000Z,2026-09-14T10:35:00,15.6,15.6,15.6,15.6,1220
2026-09-14T07:36:00.000Z,2026-09-14T10:36:00,15.6,15.6,15.6,15.6,100
2026-09-14T07:37:00.000Z,2026-09-14T10:37:00,15.6,15.6,15.56,15.6,2649
2026-09-14T07:38:00.000Z,2026-09-14T10:38:00,15.63,15.63,15.6,15.6,38
2026-09-14T07:39:00.000Z,2026-09-14T10:39:00,15.59,15.63,15.59,15.63,4207
2026-09-14T07:40:00.000Z,2026-09-14T10:40:00,15.63,15.65,15.56,15.6,5322
2026-09-14T07:41:00.000Z,2026-09-14T10:41:00,15.62,15.64,15.55,15.64,1753
2026-09-14T07:42:00.000Z,2026-09-14T10:42:00,15.64,15.64,15.64,15.64,1497
2026-09-14T07:43:00.000Z,2026-09-14T10:43:00,15.64,15.64,15.64,15.64,2200
2026-09-14T07:44:00.000Z,2026-09-14T10:44:00,15.64,15.64,15.64,15.64,323
2026-09-14T07:45:00.000Z,2026-09-14T10:45:00,15.64,15.65,15.64,15.65,6413
2026-09-14T07:47:00.000Z,2026-09-14T10:47:00,15.64,15.69,15.57,15.69,1366
2026-09-14T07:48:00.000Z,2026-09-14T10:48:00,15.65,15.65,15.65,15.65,500
2026-09-14T07:49:00.000Z,2026-09-14T10:49:00,15.65,15.68,15.65,15.65,1031
2026-09-14T07:50:00.000Z,2026-09-14T10:50:00,15.6,15.6,15.6,15.6,200
2026-09-14T07:51:00.000Z,2026-09-14T10:51:00,15.6,15.6,15.6,15.6,2990
2026-09-14T07:52:00.000Z,2026-09-14T10:52:00,15.65,15.65,15.6,15.65,1006
2026-09-14T07:53:00.000Z,2026-09-14T10:53:00,15.6,15.6,15.6,15.6,1255
2026-09-14T07:55:00.000Z,2026-09-14T10:55:00,15.6,15.65,15.6,15.65,2688
2026-09-14T07:57:00.000Z,2026-09-14T10:57:00,15.65,15.65,15.62,15.62,168
2026-09-14T07:59:00.000Z,2026-09-14T10:59:00,15.64,15.64,15.6,15.6,3630
2026-09-14T08:00:00.000Z,2026-09-14T11:00:00,15.61,15.64,15.61,15.64,1000
2026-09-14T08:01:00.000Z,2026-09-14T11:01:00,15.61,15.64,15.6,15.6,5554
2026-09-14T08:02:00.000Z,2026-09-14T11:02:00,15.6,15.6,15.6,15.6,541
2026-09-14T08:03:00.000Z,2026-09-14T11:03:00,15.6,15.6,15.58,15.58,4143
2026-09-14T08:04:00.000Z,2026-09-14T11:04:00,15.58,15.61,15.55,15.61,7848
2026-09-14T08:05:00.000Z,2026-09-14T11:05:00,15.6,15.6,15.6,15.6,890
2026-09-14T08:06:00.000Z,2026-09-14T11:06:00,15.6,15.6,15.6,15.6,1110
2026-09-14T08:08:00.000Z,2026-09-14T11:08:00,15.6,15.63,15.6,15.63,740
2026-09-14T08:09:00.000Z,2026-09-14T11:09:00,15.55,15.6,15.55,15.55,3530
2026-09-14T08:10:00.000Z,2026-09-14T11:10:00,15.53,15.63,15.53,15.63,1048
2026-09-14T08:12:00.000Z,2026-09-14T11:12:00,15.6,15.6,15.51,15.51,7065
2026-09-14T08:13:00.000Z,2026-09-14T11:13:00,15.51,15.59,15.51,15.59,920
2026-09-14T08:15:00.000Z,2026-09-14T11:15:00,15.59,15.59,15.52,15.52,4000
2026-09-14T08:16:00.000Z,2026-09-14T11:16:00,15.59,15.6,15.59,15.6,608
2026-09-14T08:17:00.000Z,2026-09-14T11:17:00,15.6,15.69,15.6,15.69,25500
2026-09-14T08:18:00.000Z,2026-09-14T11:18:00,15.56,15.57,15.53,15.53,3174
2026-09-14T08:21:00.000Z,2026-09-14T11:21:00,15.54,15.54,15.54,15.54,2000
2026-09-14T08:22:00.000Z,2026-09-14T11:22:00,15.58,15.58,15.52,15.55,18643
2026-09-14T08:26:00.000Z,2026-09-14T11:26:00,15.58,15.58,15.58,15.58,200
2026-09-14T08:28:00.000Z,2026-09-14T11:28:00,15.6,15.6,15.6,15.6,200
2026-09-14T08:29:00.000Z,2026-09-14T11:29:00,15.6,15.6,15.6,15.6,157
2026-09-14T08:30:00.000Z,2026-09-14T11:30:00,15.59,15.65,15.59,15.6,9772
2026-09-14T08:31:00.000Z,2026-09-14T11:31:00,15.65,15.7,15.65,15.7,60000
2026-09-14T08:32:00.000Z,2026-09-14T11:32:00,15.64,15.64,15.6,15.6,3055
2026-09-14T08:33:00.000Z,2026-09-14T11:33:00,15.69,15.69,15.69,15.69,4999
2026-09-14T08:34:00.000Z,2026-09-14T11:34:00,15.69,15.69,15.69,15.69,71
2026-09-14T08:35:00.000Z,2026-09-14T11:35:00,15.63,15.7,15.57,15.57,39186
2026-09-14T08:37:00.000Z,2026-09-14T11:37:00,15.68,15.68,15.68,15.68,71
2026-09-14T08:38:00.000Z,2026-09-14T11:38:00,15.66,15.66,15.66,15.66,153
2026-09-14T08:39:00.000Z,2026-09-14T11:39:00,15.66,15.66,15.66,15.66,501
2026-09-14T08:40:00.000Z,2026-09-14T11:40:00,15.66,15.69,15.66,15.69,4883
2026-09-14T08:41:00.000Z,2026-09-14T11:41:00,15.69,15.7,15.69,15.7,5000
2026-09-14T08:42:00.000Z,2026-09-14T11:42:00,15.63,15.7,15.63,15.7,33075
2026-09-14T08:43:00.000Z,2026-09-14T11:43:00,15.7,15.7,15.7,15.7,5922
2026-09-14T08:44:00.000Z,2026-09-14T11:44:00,15.7,15.72,15.66,15.66,22009
2026-09-14T08:46:00.000Z,2026-09-14T11:46:00,15.7,15.7,15.7,15.7,143
2026-09-14T08:48:00.000Z,2026-09-14T11:48:00,15.72,15.73,15.7,15.73,20965
2026-09-14T08:49:00.000Z,2026-09-14T11:49:00,15.73,15.73,15.7,15.7,2085
2026-09-14T08:50:00.000Z,2026-09-14T11:50:00,15.7,15.7,15.7,15.7,2127
2026-09-14T08:51:00.000Z,2026-09-14T11:51:00,15.7,15.72,15.7,15.72,5698
2026-09-14T08:52:00.000Z,2026-09-14T11:52:00,15.72,15.73,15.72,15.73,1548
2026-09-14T08:53:00.000Z,2026-09-14T11:53:00,15.72,15.72,15.72,15.72,672
2026-09-14T08:54:00.000Z,2026-09-14T11:54:00,15.71,15.73,15.71,15.73,935
2026-09-14T08:55:00.000Z,2026-09-14T11:55:00,15.71,15.73,15.71,15.71,3305
2026-09-14T08:56:00.000Z,2026-09-14T11:56:00,15.71,15.73,15.7,15.73,11342
2026-09-14T08:57:00.000Z,2026-09-14T11:57:00,15.73,15.73,15.73,15.73,6000
2026-09-14T08:58:00.000Z,2026-09-14T11:58:00,15.7,15.74,15.7,15.74,11977
2026-09-14T09:00:00.000Z,2026-09-14T12:00:00,15.74,15.8,15.74,15.8,4141
2026-09-14T09:01:00.000Z,2026-09-14T12:01:00,15.79,15.79,15.71,15.71,400
2026-09-14T09:03:00.000Z,2026-09-14T12:03:00,15.75,15.75,15.75,15.75,570
2026-09-14T09:04:00.000Z,2026-09-14T12:04:00,15.75,15.75,15.7,15.72,20750
2026-09-14T09:05:00.000Z,2026-09-14T12:05:00,15.72,15.72,15.72,15.72,50
2026-09-14T09:06:00.000Z,2026-09-14T12:06:00,15.76,15.76,15.76,15.76,2000
2026-09-14T09:07:00.000Z,2026-09-14T12:07:00,15.76,15.76,15.7,15.7,9114
2026-09-14T09:08:00.000Z,2026-09-14T12:08:00,15.73,15.73,15.73,15.73,69
2026-09-14T09:10:00.000Z,2026-09-14T12:10:00,15.68,15.68,15.68,15.68,1
2026-09-14T09:11:00.000Z,2026-09-14T12:11:00,15.71,15.72,15.71,15.72,6000
2026-09-14T09:12:00.000Z,2026-09-14T12:12:00,15.72,15.72,15.72,15.72,4693
2026-09-14T09:13:00.000Z,2026-09-14T12:13:00,15.72,15.72,15.72,15.72,307
2026-09-14T09:14:00.000Z,2026-09-14T12:14:00,15.69,15.69,15.69,15.69,481
2026-09-14T09:15:00.000Z,2026-09-14T12:15:00,15.68,15.7,15.67,15.7,119
2026-09-14T09:16:00.000Z,2026-09-14T12:16:00,15.69,15.69,15.69,15.69,126
2026-09-14T09:17:00.000Z,2026-09-14T12:17:00,15.69,15.74,15.69,15.74,1600
2026-09-14T09:18:00.000Z,2026-09-14T12:18:00,15.69,15.69,15.65,15.65,12001
2026-09-14T09:19:00.000Z,2026-09-14T12:19:00,15.65,15.65,15.63,15.63,1380
2026-09-14T09:21:00.000Z,2026-09-14T12:21:00,15.65,15.68,15.65,15.65,3565
2026-09-14T09:22:00.000Z,2026-09-14T12:22:00,15.63,15.64,15.63,15.63,4333
2026-09-14T09:23:00.000Z,2026-09-14T12:23:00,15.63,15.63,15.63,15.63,1487
2026-09-14T09:25:00.000Z,2026-09-14T12:25:00,15.63,15.65,15.63,15.65,2385
2026-09-14T09:26:00.000Z,2026-09-14T12:26:00,15.65,15.65,15.65,15.65,1902
2026-09-14T09:27:00.000Z,2026-09-14T12:27:00,15.65,15.65,15.63,15.63,2527
2026-09-14T09:28:00.000Z,2026-09-14T12:28:00,15.63,15.65,15.63,15.63,167
2026-09-14T09:29:00.000Z,2026-09-14T12:29:00,15.63,15.63,15.63,15.63,216
2026-09-14T09:30:00.000Z,2026-09-14T12:30:00,15.63,15.63,15.61,15.62,13343
2026-09-14T09:31:00.000Z,2026-09-14T12:31:00,15.65,15.65,15.65,15.65,1348
2026-09-14T09:32:00.000Z,2026-09-14T12:32:00,15.65,15.65,15.65,15.65,498
2026-09-14T09:33:00.000Z,2026-09-14T12:33:00,15.65,15.65,15.62,15.62,497
2026-09-14T09:35:00.000Z,2026-09-14T12:35:00,15.62,15.66,15.61,15.66,2744
2026-09-14T09:36:00.000Z,2026-09-14T12:36:00,15.61,15.64,15.61,15.64,663
2026-09-14T09:37:00.000Z,2026-09-14T12:37:00,15.63,15.66,15.63,15.66,349
2026-09-14T09:39:00.000Z,2026-09-14T12:39:00,15.61,15.61,15.6,15.6,2559
2026-09-14T09:40:00.000Z,2026-09-14T12:40:00,15.6,15.6,15.59,15.59,9493
2026-09-14T09:41:00.000Z,2026-09-14T12:41:00,15.59,15.59,15.59,15.59,5657
2026-09-14T09:42:00.000Z,2026-09-14T12:42:00,15.59,15.6,15.59,15.6,1000
2026-09-14T09:43:00.000Z,2026-09-14T12:43:00,15.59,15.66,15.59,15.66,1151
2026-09-14T09:45:00.000Z,2026-09-14T12:45:00,15.57,15.57,15.57,15.57,343
2026-09-14T09:46:00.000Z,2026-09-14T12:46:00,15.61,15.62,15.6,15.6,3628
2026-09-14T09:47:00.000Z,2026-09-14T12:47:00,15.66,15.7,15.66,15.7,33372
2026-09-14T09:49:00.000Z,2026-09-14T12:49:00,15.64,15.7,15.64,15.7,299
2026-09-14T09:50:00.000Z,2026-09-14T12:50:00,15.64,15.7,15.64,15.7,15529
2026-09-14T09:52:00.000Z,2026-09-14T12:52:00,15.7,15.7,15.7,15.7,4657
2026-09-14T09:54:00.000Z,2026-09-14T12:54:00,15.67,15.67,15.67,15.67,1220
2026-09-14T09:55:00.000Z,2026-09-14T12:55:00,15.67,15.67,15.66,15.66,1742
2026-09-14T09:56:00.000Z,2026-09-14T12:56:00,15.65,15.65,15.65,15.65,3000
2026-09-14T09:57:00.000Z,2026-09-14T12:57:00,15.64,15.64,15.6,15.6,50000
2026-09-14T09:58:00.000Z,2026-09-14T12:58:00,15.59,15.59,15.57,15.57,2700
2026-09-14T10:00:00.000Z,2026-09-14T13:00:00,15.57,15.57,15.57,15.57,1000
2026-09-14T10:01:00.000Z,2026-09-14T13:01:00,15.6,15.62,15.6,15.62,2000
2026-09-14T10:02:00.000Z,2026-09-14T13:02:00,15.58,15.62,15.58,15.62,2928
2026-09-14T10:04:00.000Z,2026-09-14T13:04:00,15.61,15.61,15.56,15.61,20321
2026-09-14T10:05:00.000Z,2026-09-14T13:05:00,15.57,15.57,15.56,15.56,460
2026-09-14T10:07:00.000Z,2026-09-14T13:07:00,15.6,15.6,15.54,15.54,10150
2026-09-14T10:09:00.000Z,2026-09-14T13:09:00,15.54,15.54,15.54,15.54,2909
2026-09-14T10:10:00.000Z,2026-09-14T13:10:00,15.54,15.54,15.53,15.53,5000
2026-09-14T10:11:00.000Z,2026-09-14T13:11:00,15.53,15.53,15.52,15.52,3460
2026-09-14T10:12:00.000Z,2026-09-14T13:12:00,15.52,15.52,15.52,15.52,191
2026-09-14T10:13:00.000Z,2026-09-14T13:13:00,15.52,15.56,15.52,15.52,7025
2026-09-14T10:14:00.000Z,2026-09-14T13:14:00,15.52,15.59,15.52,15.53,10668
2026-09-14T10:15:00.000Z,2026-09-14T13:15:00,15.53,15.53,15.53,15.53,231
2026-09-14T10:16:00.000Z,2026-09-14T13:16:00,15.53,15.54,15.53,15.54,4250
2026-09-14T10:17:00.000Z,2026-09-14T13:17:00,15.59,15.59,15.59,15.59,462
2026-09-14T10:18:00.000Z,2026-09-14T13:18:00,15.59,15.59,15.55,15.55,942
2026-09-14T10:19:00.000Z,2026-09-14T13:19:00,15.59,15.59,15.54,15.54,7911
2026-09-14T10:20:00.000Z,2026-09-14T13:20:00,15.54,15.54,15.54,15.54,3947
2026-09-14T10:21:00.000Z,2026-09-14T13:21:00,15.54,15.54,15.54,15.54,321
2026-09-14T10:23:00.000Z,2026-09-14T13:23:00,15.59,15.59,15.59,15.59,19
2026-09-14T10:24:00.000Z,2026-09-14T13:24:00,15.58,15.58,15.58,15.58,1315
2026-09-14T10:25:00.000Z,2026-09-14T13:25:00,15.55,15.58,15.55,15.58,4064
2026-09-14T10:26:00.000Z,2026-09-14T13:26:00,15.55,15.55,15.5,15.5,63939
2026-09-14T10:27:00.000Z,2026-09-14T13:27:00,15.5,15.5,15.47,15.48,78475
2026-09-14T10:28:00.000Z,2026-09-14T13:28:00,15.47,15.47,15.46,15.46,3462
2026-09-14T10:29:00.000Z,2026-09-14T13:29:00,15.46,15.47,15.45,15.46,20750
2026-09-14T10:30:00.000Z,2026-09-14T13:30:00,15.46,15.46,15.46,15.46,3307
2026-09-14T10:31:00.000Z,2026-09-14T13:31:00,15.47,15.49,15.47,15.49,2088
2026-09-14T10:32:00.000Z,2026-09-14T13:32:00,15.48,15.48,15.46,15.47,6218
2026-09-14T10:33:00.000Z,2026-09-14T13:33:00,15.47,15.47,15.45,15.45,15000
2026-09-14T10:34:00.000Z,2026-09-14T13:34:00,15.45,15.5,15.45,15.5,2384
2026-09-14T10:35:00.000Z,2026-09-14T13:35:00,15.5,15.5,15.5,15.5,64
2026-09-14T10:36:00.000Z,2026-09-14T13:36:00,15.48,15.49,15.46,15.49,686
2026-09-14T10:37:00.000Z,2026-09-14T13:37:00,15.49,15.49,15.47,15.47,572
2026-09-14T10:38:00.000Z,2026-09-14T13:38:00,15.47,15.47,15.46,15.46,1111
2026-09-14T10:39:00.000Z,2026-09-14T13:39:00,15.46,15.46,15.46,15.46,2505
2026-09-14T10:40:00.000Z,2026-09-14T13:40:00,15.46,15.5,15.45,15.46,26301
2026-09-14T10:41:00.000Z,2026-09-14T13:41:00,15.5,15.54,15.5,15.5,41290
2026-09-14T10:42:00.000Z,2026-09-14T13:42:00,15.54,15.55,15.5,15.5,2030
2026-09-14T10:43:00.000Z,2026-09-14T13:43:00,15.51,15.58,15.51,15.58,2783
2026-09-14T10:45:00.000Z,2026-09-14T13:45:00,15.58,15.58,15.58,15.58,296
2026-09-14T10:46:00.000Z,2026-09-14T13:46:00,15.57,15.58,15.57,15.58,1584
2026-09-14T10:47:00.000Z,2026-09-14T13:47:00,15.58,15.58,15.57,15.57,3000
2026-09-14T10:48:00.000Z,2026-09-14T13:48:00,15.57,15.58,15.57,15.58,1070
2026-09-14T10:49:00.000Z,2026-09-14T13:49:00,15.58,15.58,15.58,15.58,976
2026-09-14T10:50:00.000Z,2026-09-14T13:50:00,15.55,15.6,15.55,15.55,14395
2026-09-14T10:51:00.000Z,2026-09-14T13:51:00,15.55,15.64,15.55,15.62,60217
2026-09-14T10:52:00.000Z,2026-09-14T13:52:00,15.55,15.6,15.55,15.6,1488
2026-09-14T10:53:00.000Z,2026-09-14T13:53:00,15.56,15.63,15.54,15.63,13904
2026-09-14T10:54:00.000Z,2026-09-14T13:54:00,15.63,15.63,15.55,15.55,757
2026-09-14T10:56:00.000Z,2026-09-14T13:56:00,15.6,15.6,15.55,15.56,5341
2026-09-14T10:57:00.000Z,2026-09-14T13:57:00,15.56,15.6,15.55,15.6,35211
2026-09-14T10:58:00.000Z,2026-09-14T13:58:00,15.55,15.55,15.54,15.54,8454
2026-09-14T10:59:00.000Z,2026-09-14T13:59:00,15.54,15.54,15.54,15.54,4158
2026-09-14T11:02:00.000Z,2026-09-14T14:02:00,15.54,15.54,15.51,15.51,4158
2026-09-14T11:03:00.000Z,2026-09-14T14:03:00,15.51,15.52,15.47,15.5,42997
2026-09-14T11:04:00.000Z,2026-09-14T14:04:00,15.47,15.5,15.45,15.45,29165
2026-09-14T11:05:00.000Z,2026-09-14T14:05:00,15.5,15.5,15.45,15.46,7407
2026-09-14T11:06:00.000Z,2026-09-14T14:06:00,15.46,15.46,15.38,15.38,236501
2026-09-14T11:07:00.000Z,2026-09-14T14:07:00,15.41,15.43,15.41,15.43,2731
2026-09-14T11:08:00.000Z,2026-09-14T14:08:00,15.41,15.41,15.39,15.39,9850
2026-09-14T11:09:00.000Z,2026-09-14T14:09:00,15.39,15.4,15.39,15.4,2288
2026-09-14T11:10:00.000Z,2026-09-14T14:10:00,15.39,15.4,15.39,15.4,9029
2026-09-14T11:11:00.000Z,2026-09-14T14:11:00,15.4,15.4,15.4,15.4,1549
2026-09-14T11:12:00.000Z,2026-09-14T14:12:00,15.41,15.41,15.41,15.41,2240
2026-09-14T11:13:00.000Z,2026-09-14T14:13:00,15.41,15.41,15.41,15.41,30
2026-09-14T11:14:00.000Z,2026-09-14T14:14:00,15.48,15.5,15.45,15.45,43929
2026-09-14T11:15:00.000Z,2026-09-14T14:15:00,15.5,15.55,15.5,15.55,1000
2026-09-14T11:25:00.000Z,2026-09-14T14:25:00,15.5,15.5,15.5,15.5,140070
2026-09-14T11:26:00.000Z,2026-09-14T14:26:00,15.5,15.5,15.5,15.5,1694
2026-09-14T11:27:00.000Z,2026-09-14T14:27:00,15.5,15.5,15.5,15.5,10500
2026-09-14T11:28:00.000Z,2026-09-14T14:28:00,15.5,15.5,15.5,15.5,500
2026-09-14T11:29:00.000Z,2026-09-14T14:29:00,15.5,15.5,15.5,15.5,15000
2026-09-15T07:00:00.000Z,2026-09-15T10:00:00,15.42,15.5,15.42,15.5,8097
2026-09-15T07:01:00.000Z,2026-09-15T10:01:00,15.51,15.51,15.5,15.5,22214
2026-09-15T07:02:00.000Z,2026-09-15T10:02:00,15.6,15.6,15.51,15.51,10716
2026-09-15T07:03:00.000Z,2026-09-15T10:03:00,15.6,15.61,15.51,15.51,3959
2026-09-15T07:05:00.000Z,2026-09-15T10:05:00,15.6,15.6,15.6,15.6,15
2026-09-15T07:06:00.000Z,2026-09-15T10:06:00,15.52,15.6,15.51,15.6,11030
2026-09-15T07:07:00.000Z,2026-09-15T10:07:00,15.61,15.61,15.6,15.6,3988
2026-09-15T07:08:00.000Z,2026-09-15T10:08:00,15.59,15.59,15.51,15.51,6300
2026-09-15T07:09:00.000Z,2026-09-15T10:09:00,15.58,15.58,15.58,15.58,5000
2026-09-15T07:10:00.000Z,2026-09-15T10:10:00,15.59,15.59,15.51,15.59,8054
2026-09-15T07:11:00.000Z,2026-09-15T10:11:00,15.57,15.57,15.57,15.57,879
2026-09-15T07:12:00.000Z,2026-09-15T10:12:00,15.57,15.57,15.52,15.52,1535
2026-09-15T07:14:00.000Z,2026-09-15T10:14:00,15.57,15.57,15.52,15.53,7944
2026-09-15T07:15:00.000Z,2026-09-15T10:15:00,15.53,15.53,15.53,15.53,290
2026-09-15T07:16:00.000Z,2026-09-15T10:16:00,15.53,15.6,15.53,15.6,20000
2026-09-15T07:17:00.000Z,2026-09-15T10:17:00,15.52,15.52,15.51,15.51,3788
2026-09-15T07:18:00.000Z,2026-09-15T10:18:00,15.58,15.6,15.58,15.6,42949
2026-09-15T07:19:00.000Z,2026-09-15T10:19:00,15.6,15.6,15.6,15.6,17
2026-09-15T07:20:00.000Z,2026-09-15T10:20:00,15.61,15.61,15.6,15.6,2492
2026-09-15T07:21:00.000Z,2026-09-15T10:21:00,15.6,15.6,15.6,15.6,1008
2026-09-15T07:22:00.000Z,2026-09-15T10:22:00,15.6,15.61,15.6,15.6,1001
2026-09-15T07:23:00.000Z,2026-09-15T10:23:00,15.6,15.63,15.59,15.63,6248
2026-09-15T07:24:00.000Z,2026-09-15T10:24:00,15.6,15.63,15.6,15.6,17368
2026-09-15T07:25:00.000Z,2026-09-15T10:25:00,15.6,15.6,15.59,15.6,16256
2026-09-15T07:26:00.000Z,2026-09-15T10:26:00,15.59,15.6,15.58,15.59,7641
2026-09-15T07:27:00.000Z,2026-09-15T10:27:00,15.6,15.6,15.6,15.6,32
2026-09-15T07:29:00.000Z,2026-09-15T10:29:00,15.59,15.59,15.59,15.59,4500
2026-09-15T07:30:00.000Z,2026-09-15T10:30:00,15.59,15.61,15.58,15.61,11005
2026-09-15T07:31:00.000Z,2026-09-15T10:31:00,15.61,15.63,15.61,15.63,3203
2026-09-15T07:32:00.000Z,2026-09-15T10:32:00,15.61,15.61,15.59,15.59,1301
2026-09-15T07:33:00.000Z,2026-09-15T10:33:00,15.59,15.59,15.54,15.54,7981
2026-09-15T07:34:00.000Z,2026-09-15T10:34:00,15.54,15.54,15.52,15.52,5945
2026-09-15T07:35:00.000Z,2026-09-15T10:35:00,15.52,15.52,15.52,15.52,3526
2026-09-15T07:36:00.000Z,2026-09-15T10:36:00,15.52,15.52,15.51,15.51,1199
2026-09-15T07:37:00.000Z,2026-09-15T10:37:00,15.51,15.52,15.51,15.52,4128
2026-09-15T07:39:00.000Z,2026-09-15T10:39:00,15.52,15.56,15.52,15.56,9609
2026-09-15T07:40:00.000Z,2026-09-15T10:40:00,15.56,15.61,15.56,15.6,7684
2026-09-15T07:41:00.000Z,2026-09-15T10:41:00,15.6,15.61,15.6,15.61,8000
2026-09-15T07:42:00.000Z,2026-09-15T10:42:00,15.6,15.62,15.6,15.61,8449
2026-09-15T07:43:00.000Z,2026-09-15T10:43:00,15.61,15.63,15.61,15.63,74995
2026-09-15T07:44:00.000Z,2026-09-15T10:44:00,15.63,15.63,15.63,15.63,2358
2026-09-15T07:45:00.000Z,2026-09-15T10:45:00,15.62,15.62,15.6,15.6,1701
2026-09-15T07:46:00.000Z,2026-09-15T10:46:00,15.6,15.6,15.6,15.6,1500
2026-09-15T07:47:00.000Z,2026-09-15T10:47:00,15.61,15.64,15.61,15.64,5411
2026-09-15T07:48:00.000Z,2026-09-15T10:48:00,15.64,15.64,15.64,15.64,639
2026-09-15T07:49:00.000Z,2026-09-15T10:49:00,15.64,15.66,15.64,15.66,8702
2026-09-15T07:50:00.000Z,2026-09-15T10:50:00,15.66,15.69,15.66,15.69,6488
2026-09-15T07:51:00.000Z,2026-09-15T10:51:00,15.68,15.68,15.68,15.68,1137
2026-09-15T07:52:00.000Z,2026-09-15T10:52:00,15.68,15.68,15.68,15.68,2
2026-09-15T07:53:00.000Z,2026-09-15T10:53:00,15.68,15.68,15.67,15.67,2295
2026-09-15T07:54:00.000Z,2026-09-15T10:54:00,15.66,15.66,15.66,15.66,186
2026-09-15T07:55:00.000Z,2026-09-15T10:55:00,15.66,15.66,15.66,15.66,296
2026-09-15T07:56:00.000Z,2026-09-15T10:56:00,15.66,15.69,15.65,15.69,9584
2026-09-15T07:57:00.000Z,2026-09-15T10:57:00,15.69,15.69,15.69,15.69,1307
2026-09-15T07:58:00.000Z,2026-09-15T10:58:00,15.69,15.7,15.68,15.68,6301
2026-09-15T07:59:00.000Z,2026-09-15T10:59:00,15.7,15.7,15.69,15.7,14348
2026-09-15T08:00:00.000Z,2026-09-15T11:00:00,15.7,15.7,15.7,15.7,4778
2026-09-15T08:02:00.000Z,2026-09-15T11:02:00,15.7,15.7,15.7,15.7,500
2026-09-15T08:03:00.000Z,2026-09-15T11:03:00,15.69,15.69,15.69,15.69,1897
2026-09-15T08:04:00.000Z,2026-09-15T11:04:00,15.69,15.69,15.69,15.69,2575
2026-09-15T08:05:00.000Z,2026-09-15T11:05:00,15.68,15.7,15.68,15.7,8471
2026-09-15T08:06:00.000Z,2026-09-15T11:06:00,15.68,15.68,15.68,15.68,4775
2026-09-15T08:07:00.000Z,2026-09-15T11:07:00,15.68,15.68,15.68,15.68,550
2026-09-15T08:08:00.000Z,2026-09-15T11:08:00,15.67,15.68,15.67,15.68,7080
2026-09-15T08:09:00.000Z,2026-09-15T11:09:00,15.68,15.68,15.68,15.68,700
2026-09-15T08:10:00.000Z,2026-09-15T11:10:00,15.68,15.68,15.68,15.68,17035
2026-09-15T08:11:00.000Z,2026-09-15T11:11:00,15.68,15.68,15.67,15.67,1041
2026-09-15T08:12:00.000Z,2026-09-15T11:12:00,15.67,15.67,15.6,15.6,40287
2026-09-15T08:13:00.000Z,2026-09-15T11:13:00,15.65,15.65,15.65,15.65,30771
2026-09-15T08:14:00.000Z,2026-09-15T11:14:00,15.65,15.7,15.65,15.7,27907
2026-09-15T08:15:00.000Z,2026-09-15T11:15:00,15.7,15.7,15.7,15.7,2165
2026-09-15T08:17:00.000Z,2026-09-15T11:17:00,15.7,15.7,15.65,15.65,34092
2026-09-15T08:18:00.000Z,2026-09-15T11:18:00,15.65,15.65,15.65,15.65,1050
2026-09-15T08:20:00.000Z,2026-09-15T11:20:00,15.63,15.63,15.61,15.63,2981
2026-09-15T08:21:00.000Z,2026-09-15T11:21:00,15.63,15.7,15.63,15.65,21769
2026-09-15T08:22:00.000Z,2026-09-15T11:22:00,15.65,15.65,15.65,15.65,3100
2026-09-15T08:25:00.000Z,2026-09-15T11:25:00,15.64,15.65,15.64,15.65,312
2026-09-15T08:26:00.000Z,2026-09-15T11:26:00,15.64,15.64,15.64,15.64,325
2026-09-15T08:27:00.000Z,2026-09-15T11:27:00,15.65,15.7,15.65,15.7,25000
2026-09-15T08:28:00.000Z,2026-09-15T11:28:00,15.65,15.65,15.65,15.65,750
2026-09-15T08:29:00.000Z,2026-09-15T11:29:00,15.63,15.63,15.63,15.63,1020
2026-09-15T08:30:00.000Z,2026-09-15T11:30:00,15.63,15.63,15.6,15.6,17613
2026-09-15T08:31:00.000Z,2026-09-15T11:31:00,15.58,15.65,15.54,15.65,33220
2026-09-15T08:32:00.000Z,2026-09-15T11:32:00,15.54,15.65,15.54,15.65,471
2026-09-15T08:34:00.000Z,2026-09-15T11:34:00,15.65,15.65,15.65,15.65,383
2026-09-15T08:36:00.000Z,2026-09-15T11:36:00,15.64,15.64,15.64,15.64,47
2026-09-15T08:37:00.000Z,2026-09-15T11:37:00,15.64,15.64,15.64,15.64,575
2026-09-15T08:38:00.000Z,2026-09-15T11:38:00,15.64,15.64,15.57,15.57,383
2026-09-15T08:39:00.000Z,2026-09-15T11:39:00,15.57,15.57,15.54,15.54,29091
2026-09-15T08:40:00.000Z,2026-09-15T11:40:00,15.64,15.64,15.64,15.64,1
2026-09-15T08:41:00.000Z,2026-09-15T11:41:00,15.56,15.56,15.56,15.56,390
2026-09-15T08:43:00.000Z,2026-09-15T11:43:00,15.58,15.58,15.57,15.57,321
2026-09-15T08:46:00.000Z,2026-09-15T11:46:00,15.62,15.62,15.62,15.62,50
2026-09-15T08:47:00.000Z,2026-09-15T11:47:00,15.62,15.62,15.62,15.62,398
2026-09-15T08:48:00.000Z,2026-09-15T11:48:00,15.64,15.64,15.64,15.64,1280
2026-09-15T08:51:00.000Z,2026-09-15T11:51:00,15.64,15.64,15.62,15.62,515
2026-09-15T08:52:00.000Z,2026-09-15T11:52:00,15.61,15.61,15.6,15.6,5306
2026-09-15T08:54:00.000Z,2026-09-15T11:54:00,15.59,15.59,15.59,15.59,1
2026-09-15T08:55:00.000Z,2026-09-15T11:55:00,15.59,15.59,15.59,15.59,180
2026-09-15T08:57:00.000Z,2026-09-15T11:57:00,15.59,15.59,15.59,15.59,1000
2026-09-15T08:58:00.000Z,2026-09-15T11:58:00,15.59,15.63,15.59,15.63,520
2026-09-15T09:02:00.000Z,2026-09-15T12:02:00,15.6,15.6,15.59,15.59,9880
2026-09-15T09:03:00.000Z,2026-09-15T12:03:00,15.6,15.6,15.6,15.6,199
2026-09-15T09:05:00.000Z,2026-09-15T12:05:00,15.6,15.6,15.58,15.6,2430
2026-09-15T09:06:00.000Z,2026-09-15T12:06:00,15.64,15.7,15.64,15.7,24214
2026-09-15T09:07:00.000Z,2026-09-15T12:07:00,15.7,15.7,15.7,15.7,5000
2026-09-15T09:08:00.000Z,2026-09-15T12:08:00,15.69,15.7,15.69,15.7,15000
2026-09-15T09:09:00.000Z,2026-09-15T12:09:00,15.7,15.7,15.7,15.7,12000
2026-09-15T09:11:00.000Z,2026-09-15T12:11:00,15.7,15.7,15.7,15.7,882
2026-09-15T09:15:00.000Z,2026-09-15T12:15:00,15.69,15.69,15.69,15.69,929
2026-09-15T09:17:00.000Z,2026-09-15T12:17:00,15.69,15.69,15.63,15.63,4615
2026-09-15T09:18:00.000Z,2026-09-15T12:18:00,15.63,15.7,15.63,15.63,5515
2026-09-15T09:19:00.000Z,2026-09-15T12:19:00,15.68,15.75,15.63,15.7,27553
2026-09-15T09:21:00.000Z,2026-09-15T12:21:00,15.7,15.7,15.7,15.7,552
2026-09-15T09:22:00.000Z,2026-09-15T12:22:00,15.69,15.7,15.69,15.7,5000
2026-09-15T09:23:00.000Z,2026-09-15T12:23:00,15.7,15.7,15.7,15.7,43395
2026-09-15T09:24:00.000Z,2026-09-15T12:24:00,15.7,15.77,15.7,15.7,13390
2026-09-15T09:25:00.000Z,2026-09-15T12:25:00,15.7,15.7,15.7,15.7,12071
2026-09-15T09:26:00.000Z,2026-09-15T12:26:00,15.7,15.7,15.7,15.7,10000
2026-09-15T09:27:00.000Z,2026-09-15T12:27:00,15.7,15.7,15.7,15.7,4000
2026-09-15T09:28:00.000Z,2026-09-15T12:28:00,15.7,15.7,15.7,15.7,750
2026-09-15T09:29:00.000Z,2026-09-15T12:29:00,15.73,15.73,15.73,15.73,1
2026-09-15T09:30:00.000Z,2026-09-15T12:30:00,15.73,15.73,15.7,15.7,456
2026-09-15T09:31:00.000Z,2026-09-15T12:31:00,15.7,15.7,15.6,15.6,104102
2026-09-15T09:32:00.000Z,2026-09-15T12:32:00,15.59,15.6,15.59,15.6,12465
2026-09-15T09:34:00.000Z,2026-09-15T12:34:00,15.6,15.6,15.58,15.58,33517
2026-09-15T09:35:00.000Z,2026-09-15T12:35:00,15.58,15.58,15.57,15.57,6483
2026-09-15T09:36:00.000Z,2026-09-15T12:36:00,15.58,15.6,15.55,15.6,903
2026-09-15T09:38:00.000Z,2026-09-15T12:38:00,15.68,15.68,15.67,15.67,3180
2026-09-15T09:42:00.000Z,2026-09-15T12:42:00,15.6,15.6,15.6,15.6,1000
2026-09-15T09:43:00.000Z,2026-09-15T12:43:00,15.67,15.67,15.67,15.67,694
2026-09-15T09:44:00.000Z,2026-09-15T12:44:00,15.6,15.6,15.59,15.59,3088
2026-09-15T09:47:00.000Z,2026-09-15T12:47:00,15.58,15.58,15.58,15.58,37
2026-09-15T09:48:00.000Z,2026-09-15T12:48:00,15.59,15.59,15.56,15.59,8277
2026-09-15T09:49:00.000Z,2026-09-15T12:49:00,15.56,15.56,15.56,15.56,5
2026-09-15T09:51:00.000Z,2026-09-15T12:51:00,15.59,15.59,15.56,15.56,144
2026-09-15T09:54:00.000Z,2026-09-15T12:54:00,15.58,15.59,15.58,15.59,1815
2026-09-15T09:55:00.000Z,2026-09-15T12:55:00,15.59,15.59,15.59,15.59,1000
2026-09-15T09:57:00.000Z,2026-09-15T12:57:00,15.59,15.59,15.58,15.58,3042
2026-09-15T09:58:00.000Z,2026-09-15T12:58:00,15.57,15.59,15.57,15.59,2173
2026-09-15T09:59:00.000Z,2026-09-15T12:59:00,15.65,15.65,15.56,15.56,4454
2026-09-15T10:00:00.000Z,2026-09-15T13:00:00,15.56,15.56,15.56,15.56,1730
2026-09-15T10:01:00.000Z,2026-09-15T13:01:00,15.65,15.65,15.65,15.65,120
2026-09-15T10:02:00.000Z,2026-09-15T13:02:00,15.56,15.65,15.56,15.65,73
2026-09-15T10:07:00.000Z,2026-09-15T13:07:00,15.63,15.63,15.63,15.63,1500
2026-09-15T10:13:00.000Z,2026-09-15T13:13:00,15.61,15.61,15.61,15.61,764
2026-09-15T10:16:00.000Z,2026-09-15T13:16:00,15.61,15.62,15.61,15.62,1931
2026-09-15T10:17:00.000Z,2026-09-15T13:17:00,15.62,15.62,15.6,15.6,3140
2026-09-15T10:19:00.000Z,2026-09-15T13:19:00,15.6,15.6,15.6,15.6,1000
2026-09-15T10:21:00.000Z,2026-09-15T13:21:00,15.6,15.6,15.6,15.6,572
2026-09-15T10:23:00.000Z,2026-09-15T13:23:00,15.59,15.59,15.59,15.59,10
2026-09-15T10:24:00.000Z,2026-09-15T13:24:00,15.57,15.57,15.56,15.56,10182
2026-09-15T10:28:00.000Z,2026-09-15T13:28:00,15.56,15.56,15.56,15.56,28
2026-09-15T10:30:00.000Z,2026-09-15T13:30:00,15.56,15.58,15.56,15.56,667
2026-09-15T10:31:00.000Z,2026-09-15T13:31:00,15.56,15.56,15.56,15.56,2158
2026-09-15T10:32:00.000Z,2026-09-15T13:32:00,15.56,15.6,15.56,15.6,4894
2026-09-15T10:33:00.000Z,2026-09-15T13:33:00,15.6,15.6,15.6,15.6,250
2026-09-15T10:34:00.000Z,2026-09-15T13:34:00,15.6,15.6,15.56,15.56,158
2026-09-15T10:35:00.000Z,2026-09-15T13:35:00,15.56,15.56,15.55,15.55,3516
2026-09-15T10:37:00.000Z,2026-09-15T13:37:00,15.55,15.55,15.55,15.55,2197
2026-09-15T10:38:00.000Z,2026-09-15T13:38:00,15.59,15.59,15.55,15.55,425
2026-09-15T10:39:00.000Z,2026-09-15T13:39:00,15.55,15.55,15.55,15.55,157
2026-09-15T10:40:00.000Z,2026-09-15T13:40:00,15.55,15.55,15.55,15.55,157
2026-09-15T10:41:00.000Z,2026-09-15T13:41:00,15.58,15.58,15.55,15.55,157
2026-09-15T10:42:00.000Z,2026-09-15T13:42:00,15.55,15.55,15.54,15.54,7141
2026-09-15T10:43:00.000Z,2026-09-15T13:43:00,15.54,15.55,15.54,15.55,557
2026-09-15T10:44:00.000Z,2026-09-15T13:44:00,15.54,15.54,15.54,15.54,570
2026-09-15T10:46:00.000Z,2026-09-15T13:46:00,15.55,15.55,15.55,15.55,2818
2026-09-15T10:47:00.000Z,2026-09-15T13:47:00,15.55,15.55,15.52,15.52,25000
2026-09-15T10:48:00.000Z,2026-09-15T13:48:00,15.53,15.53,15.52,15.52,3257
2026-09-15T10:50:00.000Z,2026-09-15T13:50:00,15.52,15.52,15.52,15.52,2000
2026-09-15T10:51:00.000Z,2026-09-15T13:51:00,15.56,15.6,15.52,15.6,2118
2026-09-15T10:52:00.000Z,2026-09-15T13:52:00,15.54,15.54,15.52,15.52,4202
2026-09-15T10:53:00.000Z,2026-09-15T13:53:00,15.6,15.6,15.52,15.52,6643
2026-09-15T10:54:00.000Z,2026-09-15T13:54:00,15.59,15.59,15.59,15.59,122
2026-09-15T10:56:00.000Z,2026-09-15T13:56:00,15.58,15.58,15.58,15.58,200
2026-09-15T10:58:00.000Z,2026-09-15T13:58:00,15.52,15.58,15.52,15.58,3901
2026-09-15T11:00:00.000Z,2026-09-15T14:00:00,15.52,15.52,15.52,15.52,3258
2026-09-15T11:02:00.000Z,2026-09-15T14:02:00,15.58,15.58,15.52,15.56,1005
2026-09-15T11:03:00.000Z,2026-09-15T14:03:00,15.53,15.54,15.52,15.54,685
2026-09-15T11:04:00.000Z,2026-09-15T14:04:00,15.52,15.52,15.51,15.51,1767
2026-09-15T11:05:00.000Z,2026-09-15T14:05:00,15.52,15.54,15.52,15.54,4200
2026-09-15T11:06:00.000Z,2026-09-15T14:06:00,15.54,15.54,15.51,15.54,28987
2026-09-15T11:07:00.000Z,2026-09-15T14:07:00,15.52,15.53,15.52,15.52,486
2026-09-15T11:08:00.000Z,2026-09-15T14:08:00,15.53,15.55,15.52,15.55,857
2026-09-15T11:09:00.000Z,2026-09-15T14:09:00,15.55,15.61,15.53,15.6,28809
2026-09-15T11:10:00.000Z,2026-09-15T14:10:00,15.6,15.6,15.6,15.6,15
2026-09-15T11:11:00.000Z,2026-09-15T14:11:00,15.6,15.6,15.6,15.6,45
2026-09-15T11:12:00.000Z,2026-09-15T14:12:00,15.6,15.6,15.6,15.6,453
2026-09-15T11:13:00.000Z,2026-09-15T14:13:00,15.56,15.56,15.55,15.55,6245
2026-09-15T11:14:00.000Z,2026-09-15T14:14:00,15.55,15.55,15.52,15.52,18960
2026-09-15T11:25:00.000Z,2026-09-15T14:25:00,15.5,15.5,15.5,15.5,176466
2026-09-15T11:26:00.000Z,2026-09-15T14:26:00,15.5,15.5,15.5,15.5,7000
2026-09-15T11:29:00.000Z,2026-09-15T14:29:00,15.5,15.5,15.5,15.5,10000
2026-09-16T07:00:00.000Z,2026-09-16T10:00:00,15.5,15.5,15.5,15.5,10292
2026-09-16T07:01:00.000Z,2026-09-16T10:01:00,15.5,15.6,15.5,15.6,30343
2026-09-16T07:02:00.000Z,2026-09-16T10:02:00,15.51,15.55,15.51,15.55,1322
2026-09-16T07:03:00.000Z,2026-09-16T10:03:00,15.51,15.51,15.51,15.51,178
2026-09-16T07:04:00.000Z,2026-09-16T10:04:00,15.51,15.51,15.51,15.51,40
2026-09-16T07:06:00.000Z,2026-09-16T10:06:00,15.58,15.58,15.51,15.51,3417
2026-09-16T07:07:00.000Z,2026-09-16T10:07:00,15.58,15.63,15.58,15.63,35642
2026-09-16T07:09:00.000Z,2026-09-16T10:09:00,15.6,15.66,15.6,15.66,1133
2026-09-16T07:10:00.000Z,2026-09-16T10:10:00,15.64,15.64,15.64,15.64,319
2026-09-16T07:11:00.000Z,2026-09-16T10:11:00,15.61,15.61,15.6,15.6,38928
2026-09-16T07:12:00.000Z,2026-09-16T10:12:00,15.6,15.6,15.6,15.6,5096
2026-09-16T07:13:00.000Z,2026-09-16T10:13:00,15.6,15.64,15.6,15.6,31089
2026-09-16T07:14:00.000Z,2026-09-16T10:14:00,15.6,15.6,15.59,15.59,4336
2026-09-16T07:16:00.000Z,2026-09-16T10:16:00,15.58,15.6,15.53,15.6,7758
2026-09-16T07:17:00.000Z,2026-09-16T10:17:00,15.6,15.6,15.6,15.6,11093
2026-09-16T07:18:00.000Z,2026-09-16T10:18:00,15.6,15.6,15.6,15.6,25098
2026-09-16T07:19:00.000Z,2026-09-16T10:19:00,15.6,15.6,15.6,15.6,3445
2026-09-16T07:20:00.000Z,2026-09-16T10:20:00,15.64,15.65,15.64,15.65,3748
2026-09-16T07:21:00.000Z,2026-09-16T10:21:00,15.65,15.7,15.65,15.7,34030
2026-09-16T07:22:00.000Z,2026-09-16T10:22:00,15.66,15.66,15.66,15.66,48
2026-09-16T07:23:00.000Z,2026-09-16T10:23:00,15.69,15.69,15.68,15.68,1107
2026-09-16T07:24:00.000Z,2026-09-16T10:24:00,15.61,15.61,15.61,15.61,100
2026-09-16T07:25:00.000Z,2026-09-16T10:25:00,15.61,15.69,15.61,15.69,395
2026-09-16T07:26:00.000Z,2026-09-16T10:26:00,15.68,15.68,15.61,15.61,233
2026-09-16T07:27:00.000Z,2026-09-16T10:27:00,15.61,15.61,15.61,15.61,11
2026-09-16T07:28:00.000Z,2026-09-16T10:28:00,15.61,15.61,15.61,15.61,3000
2026-09-16T07:29:00.000Z,2026-09-16T10:29:00,15.61,15.61,15.61,15.61,880
2026-09-16T07:30:00.000Z,2026-09-16T10:30:00,15.61,15.61,15.6,15.6,13500
2026-09-16T07:31:00.000Z,2026-09-16T10:31:00,15.64,15.64,15.6,15.63,16102
2026-09-16T07:32:00.000Z,2026-09-16T10:32:00,15.6,15.6,15.6,15.6,699
2026-09-16T07:33:00.000Z,2026-09-16T10:33:00,15.64,15.69,15.6,15.6,25450
2026-09-16T07:34:00.000Z,2026-09-16T10:34:00,15.65,15.65,15.65,15.65,4045
2026-09-16T07:35:00.000Z,2026-09-16T10:35:00,15.65,15.65,15.61,15.61,69
2026-09-16T07:36:00.000Z,2026-09-16T10:36:00,15.64,15.64,15.64,15.64,3995
2026-09-16T07:37:00.000Z,2026-09-16T10:37:00,15.61,15.64,15.61,15.64,2090
2026-09-16T07:38:00.000Z,2026-09-16T10:38:00,15.64,15.64,15.64,15.64,5000
2026-09-16T07:39:00.000Z,2026-09-16T10:39:00,15.65,15.65,15.65,15.65,49
2026-09-16T07:40:00.000Z,2026-09-16T10:40:00,15.65,15.65,15.65,15.65,958
2026-09-16T07:42:00.000Z,2026-09-16T10:42:00,15.61,15.61,15.6,15.6,2514
2026-09-16T07:44:00.000Z,2026-09-16T10:44:00,15.63,15.63,15.63,15.63,84
2026-09-16T07:45:00.000Z,2026-09-16T10:45:00,15.61,15.67,15.6,15.67,27500
2026-09-16T07:47:00.000Z,2026-09-16T10:47:00,15.67,15.67,15.67,15.67,2000
2026-09-16T07:48:00.000Z,2026-09-16T10:48:00,15.68,15.68,15.68,15.68,961
2026-09-16T07:49:00.000Z,2026-09-16T10:49:00,15.66,15.68,15.66,15.68,1988
2026-09-16T07:50:00.000Z,2026-09-16T10:50:00,15.68,15.7,15.68,15.68,69542
2026-09-16T07:51:00.000Z,2026-09-16T10:51:00,15.68,15.68,15.68,15.68,13888
2026-09-16T07:53:00.000Z,2026-09-16T10:53:00,15.65,15.65,15.65,15.65,8000
2026-09-16T07:56:00.000Z,2026-09-16T10:56:00,15.68,15.68,15.68,15.68,334
2026-09-16T07:57:00.000Z,2026-09-16T10:57:00,15.63,15.63,15.63,15.63,120
2026-09-16T07:58:00.000Z,2026-09-16T10:58:00,15.63,15.63,15.62,15.62,6442
2026-09-16T08:00:00.000Z,2026-09-16T11:00:00,15.62,15.62,15.6,15.6,23451
2026-09-16T08:01:00.000Z,2026-09-16T11:01:00,15.64,15.64,15.64,15.64,64
2026-09-16T08:02:00.000Z,2026-09-16T11:02:00,15.64,15.64,15.64,15.64,507
2026-09-16T08:04:00.000Z,2026-09-16T11:04:00,15.61,15.61,15.6,15.6,12076
2026-09-16T08:06:00.000Z,2026-09-16T11:06:00,15.6,15.6,15.6,15.6,2539
2026-09-16T08:07:00.000Z,2026-09-16T11:07:00,15.58,15.6,15.58,15.58,461
2026-09-16T08:08:00.000Z,2026-09-16T11:08:00,15.58,15.58,15.58,15.58,3509
2026-09-16T08:09:00.000Z,2026-09-16T11:09:00,15.57,15.57,15.57,15.57,2772
2026-09-16T08:10:00.000Z,2026-09-16T11:10:00,15.57,15.57,15.56,15.56,1243
2026-09-16T08:11:00.000Z,2026-09-16T11:11:00,15.6,15.6,15.6,15.6,10
2026-09-16T08:12:00.000Z,2026-09-16T11:12:00,15.6,15.6,15.6,15.6,250
2026-09-16T08:15:00.000Z,2026-09-16T11:15:00,15.6,15.65,15.6,15.65,1203
2026-09-16T08:18:00.000Z,2026-09-16T11:18:00,15.63,15.63,15.63,15.63,268
2026-09-16T08:19:00.000Z,2026-09-16T11:19:00,15.63,15.64,15.61,15.64,1150
2026-09-16T08:21:00.000Z,2026-09-16T11:21:00,15.62,15.62,15.61,15.61,7258
2026-09-16T08:22:00.000Z,2026-09-16T11:22:00,15.62,15.62,15.62,15.62,12
2026-09-16T08:25:00.000Z,2026-09-16T11:25:00,15.61,15.63,15.61,15.63,378
2026-09-16T08:26:00.000Z,2026-09-16T11:26:00,15.63,15.63,15.63,15.63,3618
2026-09-16T08:27:00.000Z,2026-09-16T11:27:00,15.64,15.64,15.64,15.64,131
2026-09-16T08:28:00.000Z,2026-09-16T11:28:00,15.64,15.64,15.64,15.64,157
2026-09-16T08:29:00.000Z,2026-09-16T11:29:00,15.63,15.64,15.63,15.64,500
2026-09-16T08:31:00.000Z,2026-09-16T11:31:00,15.63,15.65,15.63,15.65,999
2026-09-16T08:32:00.000Z,2026-09-16T11:32:00,15.66,15.67,15.66,15.67,3490
2026-09-16T08:33:00.000Z,2026-09-16T11:33:00,15.67,15.68,15.67,15.67,9655
2026-09-16T08:34:00.000Z,2026-09-16T11:34:00,15.67,15.67,15.66,15.66,1501
2026-09-16T08:35:00.000Z,2026-09-16T11:35:00,15.66,15.66,15.66,15.66,3
2026-09-16T08:36:00.000Z,2026-09-16T11:36:00,15.66,15.66,15.66,15.66,1562
2026-09-16T08:37:00.000Z,2026-09-16T11:37:00,15.67,15.68,15.67,15.68,4113
2026-09-16T08:38:00.000Z,2026-09-16T11:38:00,15.67,15.68,15.67,15.68,10734
2026-09-16T08:39:00.000Z,2026-09-16T11:39:00,15.68,15.68,15.68,15.68,3708
2026-09-16T08:40:00.000Z,2026-09-16T11:40:00,15.68,15.7,15.68,15.7,43156
2026-09-16T08:41:00.000Z,2026-09-16T11:41:00,15.7,15.7,15.62,15.62,12000
2026-09-16T08:42:00.000Z,2026-09-16T11:42:00,15.7,15.75,15.69,15.75,21363
2026-09-16T08:43:00.000Z,2026-09-16T11:43:00,15.7,15.7,15.7,15.7,24100
2026-09-16T08:44:00.000Z,2026-09-16T11:44:00,15.7,15.7,15.69,15.7,10092
2026-09-16T08:45:00.000Z,2026-09-16T11:45:00,15.69,15.7,15.69,15.7,458
2026-09-16T08:46:00.000Z,2026-09-16T11:46:00,15.7,15.7,15.7,15.7,1594
2026-09-16T08:47:00.000Z,2026-09-16T11:47:00,15.69,15.69,15.69,15.69,3670
2026-09-16T08:48:00.000Z,2026-09-16T11:48:00,15.69,15.69,15.65,15.65,5720
2026-09-16T08:49:00.000Z,2026-09-16T11:49:00,15.65,15.65,15.65,15.65,319
2026-09-16T08:50:00.000Z,2026-09-16T11:50:00,15.65,15.69,15.65,15.69,4284
2026-09-16T08:52:00.000Z,2026-09-16T11:52:00,15.68,15.68,15.63,15.68,1023
2026-09-16T08:54:00.000Z,2026-09-16T11:54:00,15.68,15.68,15.63,15.63,3675
2026-09-16T08:57:00.000Z,2026-09-16T11:57:00,15.63,15.63,15.62,15.62,6409
2026-09-16T08:58:00.000Z,2026-09-16T11:58:00,15.62,15.67,15.62,15.67,13593
2026-09-16T08:59:00.000Z,2026-09-16T11:59:00,15.67,15.67,15.67,15.67,51
2026-09-16T09:00:00.000Z,2026-09-16T12:00:00,15.67,15.7,15.67,15.7,46000
2026-09-16T09:01:00.000Z,2026-09-16T12:01:00,15.69,15.75,15.69,15.7,76066
2026-09-16T09:02:00.000Z,2026-09-16T12:02:00,15.7,15.79,15.7,15.7,34969
2026-09-16T09:03:00.000Z,2026-09-16T12:03:00,15.78,15.84,15.77,15.8,137208
2026-09-16T09:04:00.000Z,2026-09-16T12:04:00,15.8,15.9,15.79,15.82,124343
2026-09-16T09:05:00.000Z,2026-09-16T12:05:00,15.85,15.88,15.83,15.84,61331
2026-09-16T09:06:00.000Z,2026-09-16T12:06:00,15.81,15.81,15.8,15.8,6300
2026-09-16T09:07:00.000Z,2026-09-16T12:07:00,15.8,15.8,15.78,15.8,14922
2026-09-16T09:08:00.000Z,2026-09-16T12:08:00,15.79,15.9,15.79,15.9,126031
2026-09-16T09:09:00.000Z,2026-09-16T12:09:00,15.89,15.89,15.81,15.88,9350
2026-09-16T09:10:00.000Z,2026-09-16T12:10:00,15.87,15.89,15.87,15.88,32355
2026-09-16T09:11:00.000Z,2026-09-16T12:11:00,15.88,15.88,15.85,15.85,1335
2026-09-16T09:12:00.000Z,2026-09-16T12:12:00,15.82,15.82,15.8,15.82,37150
2026-09-16T09:13:00.000Z,2026-09-16T12:13:00,15.8,15.8,15.78,15.8,16385
2026-09-16T09:15:00.000Z,2026-09-16T12:15:00,15.8,15.8,15.77,15.77,28026
2026-09-16T09:16:00.000Z,2026-09-16T12:16:00,15.77,15.79,15.77,15.79,7260
2026-09-16T09:17:00.000Z,2026-09-16T12:17:00,15.79,15.84,15.78,15.78,76510
2026-09-16T09:18:00.000Z,2026-09-16T12:18:00,15.78,15.83,15.77,15.77,15869
2026-09-16T09:20:00.000Z,2026-09-16T12:20:00,15.78,15.78,15.78,15.78,656
2026-09-16T09:22:00.000Z,2026-09-16T12:22:00,15.78,15.78,15.77,15.77,10496
2026-09-16T09:24:00.000Z,2026-09-16T12:24:00,15.78,15.78,15.78,15.78,3000
2026-09-16T09:26:00.000Z,2026-09-16T12:26:00,15.72,15.72,15.67,15.67,39249
2026-09-16T09:27:00.000Z,2026-09-16T12:27:00,15.77,15.77,15.67,15.67,8051
2026-09-16T09:29:00.000Z,2026-09-16T12:29:00,15.7,15.7,15.7,15.7,2638
2026-09-16T09:30:00.000Z,2026-09-16T12:30:00,15.7,15.7,15.7,15.7,1800
2026-09-16T09:31:00.000Z,2026-09-16T12:31:00,15.7,15.7,15.7,15.7,100
2026-09-16T09:32:00.000Z,2026-09-16T12:32:00,15.7,15.7,15.67,15.7,14195
2026-09-16T09:33:00.000Z,2026-09-16T12:33:00,15.67,15.67,15.67,15.67,177
2026-09-16T09:34:00.000Z,2026-09-16T12:34:00,15.7,15.74,15.67,15.7,11112
2026-09-16T09:35:00.000Z,2026-09-16T12:35:00,15.68,15.75,15.68,15.75,54700
2026-09-16T09:36:00.000Z,2026-09-16T12:36:00,15.7,15.7,15.7,15.7,30000
2026-09-16T09:37:00.000Z,2026-09-16T12:37:00,15.69,15.69,15.67,15.67,8667
2026-09-16T09:38:00.000Z,2026-09-16T12:38:00,15.69,15.69,15.66,15.66,1123
2026-09-16T09:39:00.000Z,2026-09-16T12:39:00,15.68,15.68,15.66,15.66,18000
2026-09-16T09:40:00.000Z,2026-09-16T12:40:00,15.66,15.66,15.65,15.65,190
2026-09-16T09:41:00.000Z,2026-09-16T12:41:00,15.65,15.65,15.61,15.61,13186
2026-09-16T09:44:00.000Z,2026-09-16T12:44:00,15.67,15.67,15.67,15.67,5655
2026-09-16T09:45:00.000Z,2026-09-16T12:45:00,15.67,15.67,15.67,15.67,763
2026-09-16T09:46:00.000Z,2026-09-16T12:46:00,15.67,15.67,15.66,15.66,796
2026-09-16T09:47:00.000Z,2026-09-16T12:47:00,15.67,15.67,15.67,15.67,4296
2026-09-16T09:48:00.000Z,2026-09-16T12:48:00,15.66,15.67,15.62,15.67,10636
2026-09-16T09:49:00.000Z,2026-09-16T12:49:00,15.64,15.69,15.64,15.69,17415
2026-09-16T09:50:00.000Z,2026-09-16T12:50:00,15.69,15.69,15.69,15.69,5000
2026-09-16T09:52:00.000Z,2026-09-16T12:52:00,15.68,15.7,15.68,15.7,25118
2026-09-16T09:53:00.000Z,2026-09-16T12:53:00,15.67,15.7,15.63,15.7,2374
2026-09-16T09:54:00.000Z,2026-09-16T12:54:00,15.66,15.66,15.66,15.66,1277
2026-09-16T09:55:00.000Z,2026-09-16T12:55:00,15.66,15.7,15.66,15.66,7604
2026-09-16T09:56:00.000Z,2026-09-16T12:56:00,15.66,15.7,15.66,15.66,6228
2026-09-16T09:57:00.000Z,2026-09-16T12:57:00,15.66,15.7,15.66,15.7,37653
2026-09-16T09:58:00.000Z,2026-09-16T12:58:00,15.7,15.7,15.7,15.7,3517
2026-09-16T10:00:00.000Z,2026-09-16T13:00:00,15.7,15.7,15.7,15.7,371
2026-09-16T10:02:00.000Z,2026-09-16T13:02:00,15.66,15.66,15.64,15.64,42646
2026-09-16T10:03:00.000Z,2026-09-16T13:03:00,15.69,15.76,15.69,15.75,7813
2026-09-16T10:04:00.000Z,2026-09-16T13:04:00,15.75,15.75,15.75,15.75,2550
2026-09-16T10:09:00.000Z,2026-09-16T13:09:00,15.64,15.7,15.64,15.7,10130
2026-09-16T10:16:00.000Z,2026-09-16T13:16:00,15.65,15.65,15.65,15.65,70
2026-09-16T10:17:00.000Z,2026-09-16T13:17:00,15.69,15.69,15.69,15.69,531
2026-09-16T10:19:00.000Z,2026-09-16T13:19:00,15.69,15.69,15.69,15.69,1651
2026-09-16T10:24:00.000Z,2026-09-16T13:24:00,15.66,15.66,15.62,15.64,34017
2026-09-16T10:25:00.000Z,2026-09-16T13:25:00,15.64,15.64,15.59,15.59,24669
2026-09-16T10:26:00.000Z,2026-09-16T13:26:00,15.6,15.6,15.6,15.6,33757
2026-09-16T10:27:00.000Z,2026-09-16T13:27:00,15.6,15.63,15.6,15.63,4206
2026-09-16T10:29:00.000Z,2026-09-16T13:29:00,15.63,15.63,15.63,15.63,87
2026-09-16T10:30:00.000Z,2026-09-16T13:30:00,15.62,15.62,15.62,15.62,100
2026-09-16T10:31:00.000Z,2026-09-16T13:31:00,15.63,15.63,15.6,15.6,6640
2026-09-16T10:33:00.000Z,2026-09-16T13:33:00,15.63,15.63,15.63,15.63,637
2026-09-16T10:34:00.000Z,2026-09-16T13:34:00,15.61,15.63,15.61,15.63,2700
2026-09-16T10:36:00.000Z,2026-09-16T13:36:00,15.6,15.6,15.6,15.6,319
2026-09-16T10:37:00.000Z,2026-09-16T13:37:00,15.63,15.63,15.63,15.63,3500
2026-09-16T10:38:00.000Z,2026-09-16T13:38:00,15.62,15.62,15.62,15.62,2000
2026-09-16T10:40:00.000Z,2026-09-16T13:40:00,15.63,15.63,15.63,15.63,10
2026-09-16T10:41:00.000Z,2026-09-16T13:41:00,15.62,15.62,15.6,15.6,5400
2026-09-16T10:42:00.000Z,2026-09-16T13:42:00,15.62,15.62,15.6,15.6,2479
2026-09-16T10:44:00.000Z,2026-09-16T13:44:00,15.62,15.62,15.61,15.61,400
2026-09-16T10:45:00.000Z,2026-09-16T13:45:00,15.62,15.62,15.61,15.61,2500
2026-09-16T10:46:00.000Z,2026-09-16T13:46:00,15.63,15.64,15.63,15.64,300
2026-09-16T10:48:00.000Z,2026-09-16T13:48:00,15.64,15.64,15.64,15.64,10085
2026-09-16T10:49:00.000Z,2026-09-16T13:49:00,15.64,15.64,15.61,15.61,1470
2026-09-16T10:52:00.000Z,2026-09-16T13:52:00,15.62,15.62,15.61,15.61,5000
2026-09-16T10:53:00.000Z,2026-09-16T13:53:00,15.61,15.64,15.61,15.64,2350
2026-09-16T10:55:00.000Z,2026-09-16T13:55:00,15.64,15.64,15.64,15.64,252
2026-09-16T10:56:00.000Z,2026-09-16T13:56:00,15.64,15.64,15.64,15.64,100
2026-09-16T10:57:00.000Z,2026-09-16T13:57:00,15.64,15.64,15.61,15.61,20000
2026-09-16T10:59:00.000Z,2026-09-16T13:59:00,15.62,15.62,15.61,15.61,2040
2026-09-16T11:00:00.000Z,2026-09-16T14:00:00,15.64,15.64,15.61,15.61,4510
2026-09-16T11:01:00.000Z,2026-09-16T14:01:00,15.62,15.64,15.61,15.64,6165
2026-09-16T11:02:00.000Z,2026-09-16T14:02:00,15.64,15.64,15.62,15.62,3397
2026-09-16T11:03:00.000Z,2026-09-16T14:03:00,15.64,15.64,15.63,15.63,775
2026-09-16T11:04:00.000Z,2026-09-16T14:04:00,15.63,15.63,15.61,15.61,7570
2026-09-16T11:06:00.000Z,2026-09-16T14:06:00,15.63,15.63,15.63,15.63,1130
2026-09-16T11:07:00.000Z,2026-09-16T14:07:00,15.64,15.65,15.64,15.65,1230
2026-09-16T11:08:00.000Z,2026-09-16T14:08:00,15.64,15.67,15.62,15.67,13752
2026-09-16T11:10:00.000Z,2026-09-16T14:10:00,15.65,15.66,15.64,15.64,1469
2026-09-16T11:11:00.000Z,2026-09-16T14:11:00,15.64,15.65,15.62,15.65,14214
2026-09-16T11:12:00.000Z,2026-09-16T14:12:00,15.63,15.63,15.62,15.62,8500
2026-09-16T11:13:00.000Z,2026-09-16T14:13:00,15.65,15.65,15.61,15.65,21171
2026-09-16T11:14:00.000Z,2026-09-16T14:14:00,15.61,15.65,15.61,15.64,2085
2026-09-16T11:25:00.000Z,2026-09-16T14:25:00,15.6,15.6,15.6,15.6,70641
2026-09-17T07:00:00.000Z,2026-09-17T10:00:00,15.6,15.6,15.55,15.56,27081
2026-09-17T07:01:00.000Z,2026-09-17T10:01:00,15.69,15.69,15.69,15.69,3
2026-09-17T07:02:00.000Z,2026-09-17T10:02:00,15.56,15.56,15.55,15.55,3964
2026-09-17T07:03:00.000Z,2026-09-17T10:03:00,15.55,15.55,15.53,15.53,3002
2026-09-17T07:04:00.000Z,2026-09-17T10:04:00,15.53,15.67,15.53,15.67,9997
2026-09-17T07:05:00.000Z,2026-09-17T10:05:00,15.65,15.65,15.65,15.65,95
2026-09-17T07:06:00.000Z,2026-09-17T10:06:00,15.6,15.67,15.6,15.67,638
2026-09-17T07:07:00.000Z,2026-09-17T10:07:00,15.57,15.57,15.55,15.55,7040
2026-09-17T07:09:00.000Z,2026-09-17T10:09:00,15.57,15.57,15.57,15.57,186
2026-09-17T07:10:00.000Z,2026-09-17T10:10:00,15.6,15.63,15.6,15.63,738
2026-09-17T07:11:00.000Z,2026-09-17T10:11:00,15.58,15.58,15.58,15.58,3000
2026-09-17T07:12:00.000Z,2026-09-17T10:12:00,15.58,15.6,15.55,15.6,14543
2026-09-17T07:13:00.000Z,2026-09-17T10:13:00,15.6,15.6,15.58,15.58,3502
2026-09-17T07:14:00.000Z,2026-09-17T10:14:00,15.6,15.6,15.6,15.6,64
2026-09-17T07:15:00.000Z,2026-09-17T10:15:00,15.6,15.6,15.55,15.55,4664
2026-09-17T07:16:00.000Z,2026-09-17T10:16:00,15.6,15.6,15.58,15.6,20128
2026-09-17T07:17:00.000Z,2026-09-17T10:17:00,15.56,15.58,15.54,15.58,1815
2026-09-17T07:19:00.000Z,2026-09-17T10:19:00,15.58,15.63,15.58,15.63,1075
2026-09-17T07:20:00.000Z,2026-09-17T10:20:00,15.63,15.63,15.6,15.6,291
2026-09-17T07:21:00.000Z,2026-09-17T10:21:00,15.6,15.63,15.6,15.63,3785
2026-09-17T07:22:00.000Z,2026-09-17T10:22:00,15.63,15.63,15.62,15.62,401
2026-09-17T07:23:00.000Z,2026-09-17T10:23:00,15.61,15.63,15.61,15.63,160
2026-09-17T07:24:00.000Z,2026-09-17T10:24:00,15.63,15.63,15.63,15.63,2000
2026-09-17T07:25:00.000Z,2026-09-17T10:25:00,15.6,15.6,15.6,15.6,300
2026-09-17T07:26:00.000Z,2026-09-17T10:26:00,15.6,15.63,15.6,15.63,292
2026-09-17T07:27:00.000Z,2026-09-17T10:27:00,15.63,15.63,15.63,15.63,2675
2026-09-17T07:28:00.000Z,2026-09-17T10:28:00,15.63,15.65,15.63,15.65,646
2026-09-17T07:29:00.000Z,2026-09-17T10:29:00,15.63,15.63,15.62,15.62,200
2026-09-17T07:30:00.000Z,2026-09-17T10:30:00,15.65,15.65,15.65,15.65,4000
2026-09-17T07:31:00.000Z,2026-09-17T10:31:00,15.65,15.65,15.64,15.65,26581
2026-09-17T07:32:00.000Z,2026-09-17T10:32:00,15.65,15.65,15.65,15.65,25000
2026-09-17T07:33:00.000Z,2026-09-17T10:33:00,15.68,15.68,15.6,15.65,6102
2026-09-17T07:34:00.000Z,2026-09-17T10:34:00,15.65,15.65,15.65,15.65,1060
2026-09-17T07:35:00.000Z,2026-09-17T10:35:00,15.62,15.62,15.62,15.62,639
2026-09-17T07:36:00.000Z,2026-09-17T10:36:00,15.62,15.65,15.61,15.61,7489
2026-09-17T07:37:00.000Z,2026-09-17T10:37:00,15.65,15.65,15.65,15.65,3061
2026-09-17T07:39:00.000Z,2026-09-17T10:39:00,15.61,15.65,15.61,15.65,17443
2026-09-17T07:40:00.000Z,2026-09-17T10:40:00,15.63,15.63,15.63,15.63,992
2026-09-17T07:41:00.000Z,2026-09-17T10:41:00,15.61,15.61,15.61,15.61,1158
2026-09-17T07:42:00.000Z,2026-09-17T10:42:00,15.61,15.61,15.61,15.61,306
2026-09-17T07:43:00.000Z,2026-09-17T10:43:00,15.62,15.63,15.6,15.63,12438
2026-09-17T07:44:00.000Z,2026-09-17T10:44:00,15.61,15.64,15.6,15.64,1709
2026-09-17T07:45:00.000Z,2026-09-17T10:45:00,15.65,15.65,15.65,15.65,82
2026-09-17T07:46:00.000Z,2026-09-17T10:46:00,15.65,15.65,15.61,15.65,706
2026-09-17T07:47:00.000Z,2026-09-17T10:47:00,15.65,15.65,15.6,15.64,16205
2026-09-17T07:48:00.000Z,2026-09-17T10:48:00,15.6,15.64,15.6,15.64,18206
2026-09-17T07:49:00.000Z,2026-09-17T10:49:00,15.64,15.64,15.6,15.6,4435
2026-09-17T07:51:00.000Z,2026-09-17T10:51:00,15.6,15.64,15.6,15.64,7379
2026-09-17T07:52:00.000Z,2026-09-17T10:52:00,15.64,15.65,15.6,15.65,8992
2026-09-17T07:54:00.000Z,2026-09-17T10:54:00,15.6,15.64,15.6,15.64,5058
2026-09-17T07:55:00.000Z,2026-09-17T10:55:00,15.6,15.6,15.6,15.6,9517
2026-09-17T07:56:00.000Z,2026-09-17T10:56:00,15.64,15.64,15.64,15.64,8000
2026-09-17T07:58:00.000Z,2026-09-17T10:58:00,15.6,15.6,15.57,15.57,25448
2026-09-17T08:00:00.000Z,2026-09-17T11:00:00,15.64,15.64,15.64,15.64,1000
2026-09-17T08:01:00.000Z,2026-09-17T11:01:00,15.64,15.64,15.64,15.64,603
2026-09-17T08:03:00.000Z,2026-09-17T11:03:00,15.6,15.6,15.6,15.6,1115
2026-09-17T08:05:00.000Z,2026-09-17T11:05:00,15.61,15.61,15.58,15.58,25000
2026-09-17T08:06:00.000Z,2026-09-17T11:06:00,15.58,15.58,15.55,15.55,55611
2026-09-17T08:07:00.000Z,2026-09-17T11:07:00,15.56,15.56,15.53,15.53,48547
2026-09-17T08:08:00.000Z,2026-09-17T11:08:00,15.56,15.56,15.56,15.56,127
2026-09-17T08:09:00.000Z,2026-09-17T11:09:00,15.56,15.56,15.56,15.56,962
2026-09-17T08:10:00.000Z,2026-09-17T11:10:00,15.56,15.56,15.56,15.56,1743
2026-09-17T08:11:00.000Z,2026-09-17T11:11:00,15.56,15.56,15.54,15.54,1643
2026-09-17T08:12:00.000Z,2026-09-17T11:12:00,15.59,15.59,15.59,15.59,2500
2026-09-17T08:13:00.000Z,2026-09-17T11:13:00,15.55,15.59,15.55,15.59,2600
2026-09-17T08:14:00.000Z,2026-09-17T11:14:00,15.59,15.59,15.59,15.59,100
2026-09-17T08:15:00.000Z,2026-09-17T11:15:00,15.58,15.58,15.55,15.55,6099
2026-09-17T08:16:00.000Z,2026-09-17T11:16:00,15.55,15.55,15.55,15.55,1488
2026-09-17T08:18:00.000Z,2026-09-17T11:18:00,15.55,15.6,15.54,15.6,10145
2026-09-17T08:19:00.000Z,2026-09-17T11:19:00,15.6,15.6,15.6,15.6,381
2026-09-17T08:20:00.000Z,2026-09-17T11:20:00,15.54,15.54,15.54,15.54,98
2026-09-17T08:21:00.000Z,2026-09-17T11:21:00,15.59,15.6,15.59,15.6,1654
2026-09-17T08:22:00.000Z,2026-09-17T11:22:00,15.55,15.6,15.54,15.54,6139
2026-09-17T08:23:00.000Z,2026-09-17T11:23:00,15.54,15.54,15.54,15.54,5500
2026-09-17T08:24:00.000Z,2026-09-17T11:24:00,15.54,15.54,15.52,15.52,45955
2026-09-17T08:26:00.000Z,2026-09-17T11:26:00,15.55,15.59,15.52,15.52,22284
2026-09-17T08:27:00.000Z,2026-09-17T11:27:00,15.52,15.52,15.52,15.52,2225
2026-09-17T08:29:00.000Z,2026-09-17T11:29:00,15.59,15.59,15.59,15.59,3
2026-09-17T08:30:00.000Z,2026-09-17T11:30:00,15.52,15.52,15.52,15.52,446
2026-09-17T08:31:00.000Z,2026-09-17T11:31:00,15.52,15.57,15.52,15.52,687
2026-09-17T08:33:00.000Z,2026-09-17T11:33:00,15.53,15.53,15.52,15.52,6284
2026-09-17T08:35:00.000Z,2026-09-17T11:35:00,15.53,15.53,15.53,15.53,200
2026-09-17T08:38:00.000Z,2026-09-17T11:38:00,15.59,15.59,15.59,15.59,97
2026-09-17T08:39:00.000Z,2026-09-17T11:39:00,15.58,15.58,15.58,15.58,21
2026-09-17T08:40:00.000Z,2026-09-17T11:40:00,15.58,15.58,15.58,15.58,2
2026-09-17T08:41:00.000Z,2026-09-17T11:41:00,15.57,15.58,15.49,15.49,73421
2026-09-17T08:42:00.000Z,2026-09-17T11:42:00,15.49,15.5,15.49,15.5,2535
2026-09-17T08:43:00.000Z,2026-09-17T11:43:00,15.5,15.5,15.5,15.5,2500
2026-09-17T08:44:00.000Z,2026-09-17T11:44:00,15.55,15.55,15.55,15.55,3000
2026-09-17T08:45:00.000Z,2026-09-17T11:45:00,15.55,15.55,15.55,15.55,50
2026-09-17T08:46:00.000Z,2026-09-17T11:46:00,15.55,15.55,15.55,15.55,4880
2026-09-17T08:48:00.000Z,2026-09-17T11:48:00,15.55,15.55,15.51,15.51,7214
2026-09-17T08:49:00.000Z,2026-09-17T11:49:00,15.51,15.51,15.5,15.5,3449
2026-09-17T08:51:00.000Z,2026-09-17T11:51:00,15.5,15.55,15.5,15.5,8973
2026-09-17T08:52:00.000Z,2026-09-17T11:52:00,15.5,15.55,15.5,15.51,31897
2026-09-17T08:53:00.000Z,2026-09-17T11:53:00,15.49,15.51,15.49,15.51,2101
2026-09-17T08:55:00.000Z,2026-09-17T11:55:00,15.52,15.52,15.51,15.51,2830
2026-09-17T08:56:00.000Z,2026-09-17T11:56:00,15.51,15.51,15.51,15.51,201
2026-09-17T08:57:00.000Z,2026-09-17T11:57:00,15.51,15.53,15.51,15.53,2005
2026-09-17T08:58:00.000Z,2026-09-17T11:58:00,15.52,15.52,15.52,15.52,66
2026-09-17T08:59:00.000Z,2026-09-17T11:59:00,15.53,15.53,15.51,15.51,5064
2026-09-17T09:00:00.000Z,2026-09-17T12:00:00,15.53,15.53,15.53,15.53,152
2026-09-17T09:01:00.000Z,2026-09-17T12:01:00,15.53,15.55,15.53,15.55,10000
2026-09-17T09:02:00.000Z,2026-09-17T12:02:00,15.55,15.57,15.55,15.55,3325
2026-09-17T09:03:00.000Z,2026-09-17T12:03:00,15.55,15.55,15.55,15.55,300
2026-09-17T09:04:00.000Z,2026-09-17T12:04:00,15.55,15.55,15.55,15.55,3270
2026-09-17T09:06:00.000Z,2026-09-17T12:06:00,15.58,15.58,15.58,15.58,275
2026-09-17T09:08:00.000Z,2026-09-17T12:08:00,15.58,15.59,15.58,15.59,15025
2026-09-17T09:09:00.000Z,2026-09-17T12:09:00,15.59,15.59,15.51,15.51,30100
2026-09-17T09:11:00.000Z,2026-09-17T12:11:00,15.52,15.52,15.5,15.5,25000
2026-09-17T09:12:00.000Z,2026-09-17T12:12:00,15.58,15.58,15.58,15.58,100
2026-09-17T09:14:00.000Z,2026-09-17T12:14:00,15.52,15.52,15.5,15.5,25000
2026-09-17T09:15:00.000Z,2026-09-17T12:15:00,15.56,15.63,15.56,15.63,14292
2026-09-17T09:17:00.000Z,2026-09-17T12:17:00,15.59,15.61,15.59,15.61,5717
2026-09-17T09:18:00.000Z,2026-09-17T12:18:00,15.52,15.6,15.52,15.6,10389
2026-09-17T09:19:00.000Z,2026-09-17T12:19:00,15.6,15.6,15.6,15.6,11923
2026-09-17T09:20:00.000Z,2026-09-17T12:20:00,15.6,15.61,15.6,15.6,1775
2026-09-17T09:21:00.000Z,2026-09-17T12:21:00,15.6,15.6,15.6,15.6,128
2026-09-17T09:22:00.000Z,2026-09-17T12:22:00,15.6,15.6,15.6,15.6,167
2026-09-17T09:26:00.000Z,2026-09-17T12:26:00,15.55,15.6,15.55,15.6,426
2026-09-17T09:27:00.000Z,2026-09-17T12:27:00,15.6,15.64,15.6,15.64,32384
2026-09-17T09:28:00.000Z,2026-09-17T12:28:00,15.6,15.65,15.6,15.63,33575
2026-09-17T09:31:00.000Z,2026-09-17T12:31:00,15.6,15.6,15.56,15.56,2633
2026-09-17T09:32:00.000Z,2026-09-17T12:32:00,15.55,15.55,15.55,15.55,309
2026-09-17T09:33:00.000Z,2026-09-17T12:33:00,15.55,15.56,15.55,15.55,3465
2026-09-17T09:34:00.000Z,2026-09-17T12:34:00,15.55,15.55,15.55,15.55,2427
2026-09-17T09:36:00.000Z,2026-09-17T12:36:00,15.55,15.55,15.55,15.55,192
2026-09-17T09:37:00.000Z,2026-09-17T12:37:00,15.59,15.59,15.59,15.59,5
2026-09-17T09:38:00.000Z,2026-09-17T12:38:00,15.59,15.59,15.59,15.59,4
2026-09-17T09:39:00.000Z,2026-09-17T12:39:00,15.55,15.55,15.55,15.55,70
2026-09-17T09:40:00.000Z,2026-09-17T12:40:00,15.58,15.6,15.55,15.6,33423
2026-09-17T09:42:00.000Z,2026-09-17T12:42:00,15.55,15.55,15.55,15.55,126
2026-09-17T09:46:00.000Z,2026-09-17T12:46:00,15.56,15.56,15.56,15.56,318
2026-09-17T09:48:00.000Z,2026-09-17T12:48:00,15.59,15.65,15.59,15.6,38683
2026-09-17T09:50:00.000Z,2026-09-17T12:50:00,15.6,15.6,15.6,15.6,5450
2026-09-17T09:51:00.000Z,2026-09-17T12:51:00,15.6,15.65,15.6,15.65,15192
2026-09-17T09:53:00.000Z,2026-09-17T12:53:00,15.6,15.6,15.56,15.56,10482
2026-09-17T09:56:00.000Z,2026-09-17T12:56:00,15.59,15.59,15.59,15.59,130
2026-09-17T09:57:00.000Z,2026-09-17T12:57:00,15.58,15.59,15.58,15.59,3024
2026-09-17T09:58:00.000Z,2026-09-17T12:58:00,15.59,15.6,15.59,15.6,3000
2026-09-17T10:00:00.000Z,2026-09-17T13:00:00,15.57,15.57,15.57,15.57,118
2026-09-17T10:01:00.000Z,2026-09-17T13:01:00,15.59,15.6,15.59,15.6,14292
2026-09-17T10:05:00.000Z,2026-09-17T13:05:00,15.59,15.59,15.59,15.59,500
2026-09-17T10:06:00.000Z,2026-09-17T13:06:00,15.57,15.57,15.57,15.57,4537
2026-09-17T10:07:00.000Z,2026-09-17T13:07:00,15.56,15.56,15.56,15.56,2000
2026-09-17T10:08:00.000Z,2026-09-17T13:08:00,15.57,15.57,15.57,15.57,548
2026-09-17T10:09:00.000Z,2026-09-17T13:09:00,15.59,15.59,15.57,15.57,655
2026-09-17T10:10:00.000Z,2026-09-17T13:10:00,15.59,15.59,15.57,15.57,5751
2026-09-17T10:11:00.000Z,2026-09-17T13:11:00,15.57,15.6,15.57,15.6,1000
2026-09-17T10:14:00.000Z,2026-09-17T13:14:00,15.59,15.6,15.59,15.6,14292
2026-09-17T10:17:00.000Z,2026-09-17T13:17:00,15.6,15.6,15.6,15.6,3232
2026-09-17T10:19:00.000Z,2026-09-17T13:19:00,15.59,15.59,15.59,15.59,4698
2026-09-17T10:20:00.000Z,2026-09-17T13:20:00,15.59,15.6,15.59,15.6,3233
2026-09-17T10:21:00.000Z,2026-09-17T13:21:00,15.6,15.6,15.6,15.6,10000
2026-09-17T10:22:00.000Z,2026-09-17T13:22:00,15.6,15.6,15.6,15.6,4950
2026-09-17T10:23:00.000Z,2026-09-17T13:23:00,15.6,15.6,15.59,15.59,1004
2026-09-17T10:24:00.000Z,2026-09-17T13:24:00,15.56,15.56,15.56,15.56,10000
2026-09-17T10:26:00.000Z,2026-09-17T13:26:00,15.59,15.6,15.59,15.6,1164
2026-09-17T10:27:00.000Z,2026-09-17T13:27:00,15.56,15.56,15.5,15.56,95000
2026-09-17T10:28:00.000Z,2026-09-17T13:28:00,15.56,15.56,15.56,15.56,2021
2026-09-17T10:29:00.000Z,2026-09-17T13:29:00,15.59,15.59,15.56,15.56,5395
2026-09-17T10:31:00.000Z,2026-09-17T13:31:00,15.52,15.52,15.51,15.51,10000
2026-09-17T10:32:00.000Z,2026-09-17T13:32:00,15.57,15.57,15.5,15.5,41614
2026-09-17T10:33:00.000Z,2026-09-17T13:33:00,15.5,15.58,15.5,15.5,17822
2026-09-17T10:34:00.000Z,2026-09-17T13:34:00,15.58,15.59,15.58,15.58,7725
2026-09-17T10:35:00.000Z,2026-09-17T13:35:00,15.58,15.58,15.48,15.48,42451
2026-09-17T10:36:00.000Z,2026-09-17T13:36:00,15.5,15.5,15.49,15.5,15079
2026-09-17T10:37:00.000Z,2026-09-17T13:37:00,15.5,15.5,15.5,15.5,12706
2026-09-17T10:38:00.000Z,2026-09-17T13:38:00,15.5,15.5,15.5,15.5,40000
2026-09-17T10:39:00.000Z,2026-09-17T13:39:00,15.5,15.5,15.5,15.5,17899
2026-09-17T10:40:00.000Z,2026-09-17T13:40:00,15.51,15.55,15.5,15.55,21731
2026-09-17T10:41:00.000Z,2026-09-17T13:41:00,15.55,15.56,15.53,15.56,571094
2026-09-17T10:42:00.000Z,2026-09-17T13:42:00,15.56,15.57,15.56,15.57,2358
2026-09-17T10:43:00.000Z,2026-09-17T13:43:00,15.55,15.55,15.51,15.51,10000
2026-09-17T10:44:00.000Z,2026-09-17T13:44:00,15.55,15.55,15.55,15.55,5004
2026-09-17T10:45:00.000Z,2026-09-17T13:45:00,15.55,15.55,15.52,15.52,2931
2026-09-17T10:46:00.000Z,2026-09-17T13:46:00,15.55,15.55,15.55,15.55,644
2026-09-17T10:47:00.000Z,2026-09-17T13:47:00,15.55,15.55,15.5,15.55,37388
2026-09-17T10:48:00.000Z,2026-09-17T13:48:00,15.54,15.54,15.54,15.54,388
2026-09-17T10:49:00.000Z,2026-09-17T13:49:00,15.54,15.54,15.54,15.54,388
2026-09-17T10:50:00.000Z,2026-09-17T13:50:00,15.54,15.55,15.54,15.55,5499
2026-09-17T10:51:00.000Z,2026-09-17T13:51:00,15.55,15.55,15.5,15.55,5888
2026-09-17T10:52:00.000Z,2026-09-17T13:52:00,15.55,15.56,15.54,15.56,4544
2026-09-17T10:53:00.000Z,2026-09-17T13:53:00,15.56,15.56,15.55,15.55,5142
2026-09-17T10:54:00.000Z,2026-09-17T13:54:00,15.55,15.58,15.55,15.58,28388
2026-09-17T10:55:00.000Z,2026-09-17T13:55:00,15.58,15.58,15.58,15.58,776
2026-09-17T10:56:00.000Z,2026-09-17T13:56:00,15.57,15.57,15.57,15.57,776
2026-09-17T10:57:00.000Z,2026-09-17T13:57:00,15.57,15.57,15.57,15.57,388
2026-09-17T10:58:00.000Z,2026-09-17T13:58:00,15.56,15.57,15.56,15.57,1030
2026-09-17T10:59:00.000Z,2026-09-17T13:59:00,15.56,15.57,15.55,15.55,12004
2026-09-17T11:00:00.000Z,2026-09-17T14:00:00,15.56,15.57,15.56,15.56,778
2026-09-17T11:01:00.000Z,2026-09-17T14:01:00,15.56,15.58,15.56,15.58,8115
2026-09-17T11:02:00.000Z,2026-09-17T14:02:00,15.58,15.58,15.57,15.57,5049
2026-09-17T11:03:00.000Z,2026-09-17T14:03:00,15.57,15.57,15.55,15.55,10888
2026-09-17T11:04:00.000Z,2026-09-17T14:04:00,15.56,15.56,15.56,15.56,776
2026-09-17T11:05:00.000Z,2026-09-17T14:05:00,15.56,15.56,15.56,15.56,2724
2026-09-17T11:06:00.000Z,2026-09-17T14:06:00,15.57,15.57,15.56,15.57,5915
2026-09-17T11:07:00.000Z,2026-09-17T14:07:00,15.56,15.57,15.56,15.57,628
2026-09-17T11:08:00.000Z,2026-09-17T14:08:00,15.57,15.57,15.57,15.57,3503
2026-09-17T11:09:00.000Z,2026-09-17T14:09:00,15.59,15.59,15.51,15.51,48259
2026-09-17T11:10:00.000Z,2026-09-17T14:10:00,15.59,15.65,15.59,15.65,92494
2026-09-17T11:11:00.000Z,2026-09-17T14:11:00,15.55,15.8,15.5,15.78,194181
2026-09-17T11:12:00.000Z,2026-09-17T14:12:00,15.77,15.79,15.75,15.75,22884
2026-09-17T11:13:00.000Z,2026-09-17T14:13:00,15.75,15.79,15.6,15.73,51669
2026-09-17T11:14:00.000Z,2026-09-17T14:14:00,15.73,15.75,15.63,15.72,41036
2026-09-17T11:25:00.000Z,2026-09-17T14:25:00,15.77,15.77,15.77,15.77,114761
2026-09-17T11:26:00.000Z,2026-09-17T14:26:00,15.77,15.77,15.77,15.77,8845
2026-09-17T11:27:00.000Z,2026-09-17T14:27:00,15.77,15.77,15.77,15.77,1600
2026-09-17T11:28:00.000Z,2026-09-17T14:28:00,15.77,15.77,15.77,15.77,1000
2026-09-17T11:29:00.000Z,2026-09-17T14:29:00,15.77,15.77,15.77,15.77,41047
2026-09-20T07:00:00.000Z,2026-09-20T10:00:00,15.79,15.8,15.79,15.8,9591
2026-09-20T07:01:00.000Z,2026-09-20T10:01:00,15.8,15.8,15.77,15.77,19850
2026-09-20T07:02:00.000Z,2026-09-20T10:02:00,15.8,15.8,15.8,15.8,3633
2026-09-20T07:03:00.000Z,2026-09-20T10:03:00,15.79,15.79,15.79,15.79,633
2026-09-20T07:05:00.000Z,2026-09-20T10:05:00,15.78,15.78,15.78,15.78,981
2026-09-20T07:06:00.000Z,2026-09-20T10:06:00,15.78,15.79,15.78,15.79,413
2026-09-20T07:07:00.000Z,2026-09-20T10:07:00,15.78,15.79,15.78,15.79,2551
2026-09-20T07:08:00.000Z,2026-09-20T10:08:00,15.79,15.79,15.72,15.72,23485
2026-09-20T07:09:00.000Z,2026-09-20T10:09:00,15.72,15.78,15.72,15.73,5820
2026-09-20T07:10:00.000Z,2026-09-20T10:10:00,15.73,15.73,15.71,15.71,11040
2026-09-20T07:11:00.000Z,2026-09-20T10:11:00,15.73,15.77,15.73,15.73,9786
2026-09-20T07:12:00.000Z,2026-09-20T10:12:00,15.73,15.73,15.7,15.7,14514
2026-09-20T07:13:00.000Z,2026-09-20T10:13:00,15.72,15.72,15.7,15.7,8144
2026-09-20T07:14:00.000Z,2026-09-20T10:14:00,15.7,15.7,15.7,15.7,9620
2026-09-20T07:15:00.000Z,2026-09-20T10:15:00,15.7,15.7,15.68,15.7,9005
2026-09-20T07:16:00.000Z,2026-09-20T10:16:00,15.73,15.73,15.73,15.73,1000
2026-09-20T07:17:00.000Z,2026-09-20T10:17:00,15.73,15.73,15.7,15.7,22517
2026-09-20T07:18:00.000Z,2026-09-20T10:18:00,15.7,15.7,15.68,15.68,25351
2026-09-20T07:19:00.000Z,2026-09-20T10:19:00,15.68,15.7,15.68,15.7,2839
2026-09-20T07:20:00.000Z,2026-09-20T10:20:00,15.7,15.7,15.68,15.68,1248
2026-09-20T07:21:00.000Z,2026-09-20T10:21:00,15.68,15.7,15.65,15.66,21108
2026-09-20T07:22:00.000Z,2026-09-20T10:22:00,15.7,15.7,15.7,15.7,1144
2026-09-20T07:23:00.000Z,2026-09-20T10:23:00,15.66,15.66,15.66,15.66,54
2026-09-20T07:24:00.000Z,2026-09-20T10:24:00,15.66,15.69,15.66,15.66,9726
2026-09-20T07:25:00.000Z,2026-09-20T10:25:00,15.66,15.67,15.66,15.67,3054
2026-09-20T07:26:00.000Z,2026-09-20T10:26:00,15.7,15.75,15.7,15.75,319
2026-09-20T07:28:00.000Z,2026-09-20T10:28:00,15.75,15.75,15.75,15.75,1
2026-09-20T07:30:00.000Z,2026-09-20T10:30:00,15.68,15.68,15.68,15.68,599
2026-09-20T07:31:00.000Z,2026-09-20T10:31:00,15.68,15.75,15.67,15.67,3277
2026-09-20T07:32:00.000Z,2026-09-20T10:32:00,15.75,15.75,15.75,15.75,39
2026-09-20T07:34:00.000Z,2026-09-20T10:34:00,15.68,15.75,15.67,15.75,2887
2026-09-20T07:35:00.000Z,2026-09-20T10:35:00,15.67,15.67,15.67,15.67,3000
2026-09-20T07:37:00.000Z,2026-09-20T10:37:00,15.74,15.74,15.7,15.7,344
2026-09-20T07:39:00.000Z,2026-09-20T10:39:00,15.74,15.74,15.7,15.7,29
2026-09-20T07:41:00.000Z,2026-09-20T10:41:00,15.7,15.7,15.7,15.7,39
2026-09-20T07:42:00.000Z,2026-09-20T10:42:00,15.72,15.72,15.72,15.72,200
2026-09-20T07:43:00.000Z,2026-09-20T10:43:00,15.74,15.74,15.72,15.72,1113
2026-09-20T07:44:00.000Z,2026-09-20T10:44:00,15.72,15.72,15.7,15.7,2541
2026-09-20T07:45:00.000Z,2026-09-20T10:45:00,15.74,15.74,15.74,15.74,1335
2026-09-20T07:46:00.000Z,2026-09-20T10:46:00,15.7,15.74,15.7,15.74,539
2026-09-20T07:49:00.000Z,2026-09-20T10:49:00,15.74,15.74,15.7,15.7,4843
2026-09-20T07:50:00.000Z,2026-09-20T10:50:00,15.7,15.7,15.7,15.7,4216
2026-09-20T07:51:00.000Z,2026-09-20T10:51:00,15.7,15.7,15.7,15.7,1203
2026-09-20T07:52:00.000Z,2026-09-20T10:52:00,15.67,15.67,15.67,15.67,3203
2026-09-20T07:53:00.000Z,2026-09-20T10:53:00,15.73,15.73,15.73,15.73,500
2026-09-20T07:54:00.000Z,2026-09-20T10:54:00,15.67,15.67,15.67,15.67,82
2026-09-20T07:55:00.000Z,2026-09-20T10:55:00,15.7,15.72,15.7,15.72,2552
2026-09-20T07:56:00.000Z,2026-09-20T10:56:00,15.72,15.73,15.72,15.73,1933
2026-09-20T07:57:00.000Z,2026-09-20T10:57:00,15.72,15.72,15.7,15.7,3988
2026-09-20T07:58:00.000Z,2026-09-20T10:58:00,15.7,15.7,15.67,15.67,388
2026-09-20T08:01:00.000Z,2026-09-20T11:01:00,15.7,15.7,15.7,15.7,3629
2026-09-20T08:03:00.000Z,2026-09-20T11:03:00,15.7,15.7,15.7,15.7,2706
2026-09-20T08:04:00.000Z,2026-09-20T11:04:00,15.72,15.73,15.72,15.72,10294
2026-09-20T08:05:00.000Z,2026-09-20T11:05:00,15.72,15.72,15.72,15.72,6007
2026-09-20T08:06:00.000Z,2026-09-20T11:06:00,15.72,15.72,15.7,15.7,604
2026-09-20T08:07:00.000Z,2026-09-20T11:07:00,15.72,15.72,15.67,15.67,1109
2026-09-20T08:08:00.000Z,2026-09-20T11:08:00,15.67,15.67,15.66,15.66,11122
2026-09-20T08:09:00.000Z,2026-09-20T11:09:00,15.67,15.67,15.67,15.67,150
2026-09-20T08:11:00.000Z,2026-09-20T11:11:00,15.72,15.72,15.72,15.72,31
2026-09-20T08:12:00.000Z,2026-09-20T11:12:00,15.67,15.67,15.66,15.66,24500
2026-09-20T08:13:00.000Z,2026-09-20T11:13:00,15.72,15.72,15.72,15.72,2544
2026-09-20T08:15:00.000Z,2026-09-20T11:15:00,15.72,15.72,15.72,15.72,5309
2026-09-20T08:16:00.000Z,2026-09-20T11:16:00,15.7,15.7,15.67,15.67,1151
2026-09-20T08:17:00.000Z,2026-09-20T11:17:00,15.72,15.72,15.72,15.72,184
2026-09-20T08:19:00.000Z,2026-09-20T11:19:00,15.68,15.68,15.65,15.65,20150
2026-09-20T08:21:00.000Z,2026-09-20T11:21:00,15.72,15.72,15.72,15.72,54
2026-09-20T08:23:00.000Z,2026-09-20T11:23:00,15.65,15.72,15.65,15.65,3125
2026-09-20T08:25:00.000Z,2026-09-20T11:25:00,15.72,15.72,15.72,15.72,441
2026-09-20T08:26:00.000Z,2026-09-20T11:26:00,15.71,15.71,15.71,15.71,35
2026-09-20T08:27:00.000Z,2026-09-20T11:27:00,15.71,15.71,15.71,15.71,121
2026-09-20T08:29:00.000Z,2026-09-20T11:29:00,15.69,15.69,15.69,15.69,636
2026-09-20T08:33:00.000Z,2026-09-20T11:33:00,15.7,15.7,15.7,15.7,37
2026-09-20T08:34:00.000Z,2026-09-20T11:34:00,15.7,15.7,15.7,15.7,60
2026-09-20T08:35:00.000Z,2026-09-20T11:35:00,15.69,15.7,15.69,15.7,700
2026-09-20T08:36:00.000Z,2026-09-20T11:36:00,15.69,15.69,15.68,15.68,278
2026-09-20T08:37:00.000Z,2026-09-20T11:37:00,15.7,15.7,15.7,15.7,44
2026-09-20T08:38:00.000Z,2026-09-20T11:38:00,15.7,15.7,15.7,15.7,1
2026-09-20T08:39:00.000Z,2026-09-20T11:39:00,15.7,15.71,15.7,15.71,16019
2026-09-20T08:40:00.000Z,2026-09-20T11:40:00,15.71,15.73,15.66,15.66,18991
2026-09-20T08:41:00.000Z,2026-09-20T11:41:00,15.73,15.73,15.73,15.73,30
2026-09-20T08:42:00.000Z,2026-09-20T11:42:00,15.7,15.73,15.7,15.7,3143
2026-09-20T08:43:00.000Z,2026-09-20T11:43:00,15.7,15.7,15.7,15.7,123
2026-09-20T08:44:00.000Z,2026-09-20T11:44:00,15.71,15.71,15.67,15.67,2089
2026-09-20T08:45:00.000Z,2026-09-20T11:45:00,15.73,15.75,15.73,15.75,16224
2026-09-20T08:46:00.000Z,2026-09-20T11:46:00,15.75,15.75,15.73,15.73,10186
2026-09-20T08:47:00.000Z,2026-09-20T11:47:00,15.76,15.8,15.76,15.8,73575
2026-09-20T08:48:00.000Z,2026-09-20T11:48:00,15.81,15.81,15.8,15.81,25515
2026-09-20T08:49:00.000Z,2026-09-20T11:49:00,15.8,15.8,15.77,15.77,23312
2026-09-20T08:51:00.000Z,2026-09-20T11:51:00,15.77,15.77,15.77,15.77,423
2026-09-20T08:52:00.000Z,2026-09-20T11:52:00,15.81,15.81,15.78,15.78,1559
2026-09-20T08:53:00.000Z,2026-09-20T11:53:00,15.78,15.8,15.78,15.8,7800
2026-09-20T08:54:00.000Z,2026-09-20T11:54:00,15.8,15.81,15.8,15.81,2800
2026-09-20T08:55:00.000Z,2026-09-20T11:55:00,15.8,15.81,15.8,15.81,4000
2026-09-20T08:56:00.000Z,2026-09-20T11:56:00,15.81,15.86,15.81,15.86,1341
2026-09-20T08:57:00.000Z,2026-09-20T11:57:00,15.84,15.84,15.84,15.84,720
2026-09-20T08:58:00.000Z,2026-09-20T11:58:00,15.83,15.84,15.83,15.84,6250
2026-09-20T08:59:00.000Z,2026-09-20T11:59:00,15.83,15.83,15.83,15.83,500
2026-09-20T09:00:00.000Z,2026-09-20T12:00:00,15.84,15.86,15.84,15.85,4248
2026-09-20T09:02:00.000Z,2026-09-20T12:02:00,15.84,15.85,15.81,15.81,2905
2026-09-20T09:03:00.000Z,2026-09-20T12:03:00,15.81,15.81,15.81,15.81,3885
2026-09-20T09:05:00.000Z,2026-09-20T12:05:00,15.81,15.82,15.81,15.81,5534
2026-09-20T09:06:00.000Z,2026-09-20T12:06:00,15.81,15.81,15.8,15.8,5954
2026-09-20T09:08:00.000Z,2026-09-20T12:08:00,15.79,15.79,15.78,15.78,11000
2026-09-20T09:09:00.000Z,2026-09-20T12:09:00,15.78,15.78,15.78,15.78,4046
2026-09-20T09:10:00.000Z,2026-09-20T12:10:00,15.8,15.8,15.8,15.8,408
2026-09-20T09:11:00.000Z,2026-09-20T12:11:00,15.78,15.78,15.78,15.78,7
2026-09-20T09:12:00.000Z,2026-09-20T12:12:00,15.78,15.8,15.78,15.8,2030
2026-09-20T09:13:00.000Z,2026-09-20T12:13:00,15.8,15.8,15.8,15.8,3
2026-09-20T09:14:00.000Z,2026-09-20T12:14:00,15.8,15.8,15.8,15.8,100
2026-09-20T09:15:00.000Z,2026-09-20T12:15:00,15.8,15.8,15.77,15.77,299
2026-09-20T09:16:00.000Z,2026-09-20T12:16:00,15.8,15.8,15.77,15.77,11505
2026-09-20T09:18:00.000Z,2026-09-20T12:18:00,15.76,15.76,15.76,15.76,3285
2026-09-20T09:20:00.000Z,2026-09-20T12:20:00,15.76,15.77,15.76,15.77,12315
2026-09-20T09:21:00.000Z,2026-09-20T12:21:00,15.78,15.78,15.77,15.77,4659
2026-09-20T09:22:00.000Z,2026-09-20T12:22:00,15.76,15.76,15.75,15.75,25350
2026-09-20T09:23:00.000Z,2026-09-20T12:23:00,15.75,15.75,15.73,15.73,11650
2026-09-20T09:25:00.000Z,2026-09-20T12:25:00,15.75,15.75,15.75,15.75,5000
2026-09-20T09:26:00.000Z,2026-09-20T12:26:00,15.75,15.75,15.75,15.75,14500
2026-09-20T09:27:00.000Z,2026-09-20T12:27:00,15.75,15.75,15.75,15.75,10000
2026-09-20T09:28:00.000Z,2026-09-20T12:28:00,15.75,15.75,15.75,15.75,2599
2026-09-20T09:29:00.000Z,2026-09-20T12:29:00,15.74,15.74,15.74,15.74,900
2026-09-20T09:30:00.000Z,2026-09-20T12:30:00,15.74,15.75,15.74,15.74,7501
2026-09-20T09:31:00.000Z,2026-09-20T12:31:00,15.74,15.74,15.74,15.74,1000
2026-09-20T09:36:00.000Z,2026-09-20T12:36:00,15.74,15.74,15.74,15.74,1967
2026-09-20T09:40:00.000Z,2026-09-20T12:40:00,15.75,15.75,15.75,15.75,234
2026-09-20T09:41:00.000Z,2026-09-20T12:41:00,15.75,15.75,15.75,15.75,666
2026-09-20T09:42:00.000Z,2026-09-20T12:42:00,15.75,15.75,15.75,15.75,1300
2026-09-20T09:43:00.000Z,2026-09-20T12:43:00,15.75,15.75,15.75,15.75,1261
2026-09-20T09:44:00.000Z,2026-09-20T12:44:00,15.75,15.75,15.75,15.75,1111
2026-09-20T09:45:00.000Z,2026-09-20T12:45:00,15.75,15.75,15.75,15.75,1350
2026-09-20T09:46:00.000Z,2026-09-20T12:46:00,15.75,15.75,15.75,15.75,250
2026-09-20T09:47:00.000Z,2026-09-20T12:47:00,15.75,15.75,15.75,15.75,2411
2026-09-20T09:48:00.000Z,2026-09-20T12:48:00,15.75,15.75,15.75,15.75,1600
2026-09-20T09:50:00.000Z,2026-09-20T12:50:00,15.75,15.75,15.75,15.75,9046
2026-09-20T09:51:00.000Z,2026-09-20T12:51:00,15.75,15.75,15.75,15.75,52
2026-09-20T09:53:00.000Z,2026-09-20T12:53:00,15.75,15.75,15.75,15.75,3000
2026-09-20T09:54:00.000Z,2026-09-20T12:54:00,15.75,15.75,15.75,15.75,223
2026-09-20T09:55:00.000Z,2026-09-20T12:55:00,15.74,15.74,15.74,15.74,900
2026-09-20T09:59:00.000Z,2026-09-20T12:59:00,15.74,15.74,15.74,15.74,4000
2026-09-20T10:00:00.000Z,2026-09-20T13:00:00,15.74,15.74,15.74,15.74,2232
2026-09-20T10:02:00.000Z,2026-09-20T13:02:00,15.73,15.74,15.72,15.74,5688
2026-09-20T10:03:00.000Z,2026-09-20T13:03:00,15.72,15.72,15.72,15.72,46
2026-09-20T10:04:00.000Z,2026-09-20T13:04:00,15.72,15.72,15.72,15.72,2300
2026-09-20T10:05:00.000Z,2026-09-20T13:05:00,15.72,15.72,15.72,15.72,1989
2026-09-20T10:06:00.000Z,2026-09-20T13:06:00,15.74,15.74,15.74,15.74,800
2026-09-20T10:08:00.000Z,2026-09-20T13:08:00,15.74,15.74,15.74,15.74,15693
2026-09-20T10:09:00.000Z,2026-09-20T13:09:00,15.74,15.74,15.74,15.74,59
2026-09-20T10:10:00.000Z,2026-09-20T13:10:00,15.73,15.73,15.73,15.73,1000
2026-09-20T10:12:00.000Z,2026-09-20T13:12:00,15.74,15.74,15.74,15.74,1000
2026-09-20T10:14:00.000Z,2026-09-20T13:14:00,15.74,15.74,15.74,15.74,317
2026-09-20T10:15:00.000Z,2026-09-20T13:15:00,15.73,15.73,15.49,15.49,257242
2026-09-20T10:16:00.000Z,2026-09-20T13:16:00,15.5,15.74,15.5,15.7,3539
2026-09-20T10:19:00.000Z,2026-09-20T13:19:00,15.6,15.6,15.57,15.57,7200
2026-09-20T10:21:00.000Z,2026-09-20T13:21:00,15.67,15.67,15.67,15.67,2000
2026-09-20T10:22:00.000Z,2026-09-20T13:22:00,15.66,15.66,15.66,15.66,1273
2026-09-20T10:23:00.000Z,2026-09-20T13:23:00,15.66,15.66,15.66,15.66,40
2026-09-20T10:24:00.000Z,2026-09-20T13:24:00,15.66,15.67,15.66,15.67,5000
2026-09-20T10:26:00.000Z,2026-09-20T13:26:00,15.67,15.69,15.67,15.69,10000
2026-09-20T10:30:00.000Z,2026-09-20T13:30:00,15.69,15.69,15.69,15.69,11261
2026-09-20T10:31:00.000Z,2026-09-20T13:31:00,15.69,15.69,15.69,15.69,1350
2026-09-20T10:32:00.000Z,2026-09-20T13:32:00,15.69,15.71,15.69,15.71,13954
2026-09-20T10:33:00.000Z,2026-09-20T13:33:00,15.71,15.71,15.7,15.7,3885
2026-09-20T10:34:00.000Z,2026-09-20T13:34:00,15.69,15.69,15.67,15.67,95
2026-09-20T10:35:00.000Z,2026-09-20T13:35:00,15.7,15.7,15.69,15.69,1100
2026-09-20T10:36:00.000Z,2026-09-20T13:36:00,15.69,15.72,15.69,15.69,7496
2026-09-20T10:37:00.000Z,2026-09-20T13:37:00,15.69,15.69,15.65,15.65,8462
2026-09-20T10:39:00.000Z,2026-09-20T13:39:00,15.65,15.72,15.65,15.65,753
2026-09-20T10:40:00.000Z,2026-09-20T13:40:00,15.72,15.72,15.72,15.72,1716
2026-09-20T10:41:00.000Z,2026-09-20T13:41:00,15.72,15.73,15.7,15.72,4148
2026-09-20T10:42:00.000Z,2026-09-20T13:42:00,15.72,15.72,15.65,15.7,10561
2026-09-20T10:43:00.000Z,2026-09-20T13:43:00,15.65,15.65,15.63,15.65,684
2026-09-20T10:44:00.000Z,2026-09-20T13:44:00,15.65,15.7,15.65,15.7,9327
2026-09-20T10:45:00.000Z,2026-09-20T13:45:00,15.65,15.65,15.65,15.65,2588
2026-09-20T10:46:00.000Z,2026-09-20T13:46:00,15.65,15.65,15.65,15.65,4000
2026-09-20T10:48:00.000Z,2026-09-20T13:48:00,15.69,15.7,15.69,15.69,2148
2026-09-20T10:49:00.000Z,2026-09-20T13:49:00,15.66,15.7,15.66,15.7,19996
2026-09-20T10:50:00.000Z,2026-09-20T13:50:00,15.7,15.7,15.7,15.7,1294
2026-09-20T10:51:00.000Z,2026-09-20T13:51:00,15.69,15.69,15.69,15.69,89
2026-09-20T10:52:00.000Z,2026-09-20T13:52:00,15.66,15.66,15.66,15.66,890
2026-09-20T10:53:00.000Z,2026-09-20T13:53:00,15.66,15.69,15.6,15.69,50038
2026-09-20T10:55:00.000Z,2026-09-20T13:55:00,15.69,15.7,15.69,15.7,3264
2026-09-20T10:56:00.000Z,2026-09-20T13:56:00,15.7,15.7,15.7,15.7,458
2026-09-20T10:57:00.000Z,2026-09-20T13:57:00,15.7,15.7,15.61,15.61,2577
2026-09-20T10:58:00.000Z,2026-09-20T13:58:00,15.7,15.7,15.61,15.61,868
2026-09-20T10:59:00.000Z,2026-09-20T13:59:00,15.61,15.61,15.61,15.61,1258
2026-09-20T11:00:00.000Z,2026-09-20T14:00:00,15.62,15.62,15.62,15.62,1156
2026-09-20T11:01:00.000Z,2026-09-20T14:01:00,15.62,15.62,15.62,15.62,1088
2026-09-20T11:02:00.000Z,2026-09-20T14:02:00,15.68,15.69,15.68,15.69,15542
2026-09-20T11:03:00.000Z,2026-09-20T14:03:00,15.69,15.69,15.69,15.69,2999
2026-09-20T11:04:00.000Z,2026-09-20T14:04:00,15.69,15.71,15.68,15.68,11795
2026-09-20T11:05:00.000Z,2026-09-20T14:05:00,15.7,15.7,15.7,15.7,539
2026-09-20T11:06:00.000Z,2026-09-20T14:06:00,15.7,15.7,15.7,15.7,3769
2026-09-20T11:07:00.000Z,2026-09-20T14:07:00,15.7,15.71,15.65,15.71,1150
2026-09-20T11:08:00.000Z,2026-09-20T14:08:00,15.66,15.66,15.66,15.66,1000
2026-09-20T11:10:00.000Z,2026-09-20T14:10:00,15.69,15.71,15.69,15.71,28910
2026-09-20T11:11:00.000Z,2026-09-20T14:11:00,15.71,15.71,15.71,15.71,500
2026-09-20T11:12:00.000Z,2026-09-20T14:12:00,15.72,15.75,15.72,15.75,28813
2026-09-20T11:13:00.000Z,2026-09-20T14:13:00,15.75,15.75,15.75,15.75,4352
2026-09-20T11:14:00.000Z,2026-09-20T14:14:00,15.75,15.75,15.7,15.74,10768
2026-09-20T11:25:00.000Z,2026-09-20T14:25:00,15.7,15.7,15.7,15.7,51000
2026-09-20T11:26:00.000Z,2026-09-20T14:26:00,15.7,15.7,15.7,15.7,334
2026-09-20T11:27:00.000Z,2026-09-20T14:27:00,15.7,15.7,15.7,15.7,5000
2026-09-21T07:00:00.000Z,2026-09-21T10:00:00,15.7,15.7,15.7,15.7,2640
2026-09-21T07:02:00.000Z,2026-09-21T10:02:00,15.71,15.71,15.7,15.7,522
2026-09-21T07:03:00.000Z,2026-09-21T10:03:00,15.7,15.7,15.63,15.63,10900
2026-09-21T07:04:00.000Z,2026-09-21T10:04:00,15.63,15.63,15.59,15.59,16615
2026-09-21T07:06:00.000Z,2026-09-21T10:06:00,15.59,15.59,15.56,15.58,2885
2026-09-21T07:07:00.000Z,2026-09-21T10:07:00,15.58,15.58,15.58,15.58,268
2026-09-21T07:08:00.000Z,2026-09-21T10:08:00,15.58,15.58,15.58,15.58,729
2026-09-21T07:09:00.000Z,2026-09-21T10:09:00,15.58,15.58,15.57,15.57,5366
2026-09-21T07:11:00.000Z,2026-09-21T10:11:00,15.57,15.57,15.57,15.57,64
2026-09-21T07:12:00.000Z,2026-09-21T10:12:00,15.68,15.68,15.68,15.68,500
2026-09-21T07:13:00.000Z,2026-09-21T10:13:00,15.57,15.65,15.57,15.65,9912
2026-09-21T07:15:00.000Z,2026-09-21T10:15:00,15.65,15.66,15.65,15.66,41350
2026-09-21T07:16:00.000Z,2026-09-21T10:16:00,15.59,15.59,15.59,15.59,128
2026-09-21T07:18:00.000Z,2026-09-21T10:18:00,15.6,15.6,15.6,15.6,180
2026-09-21T07:19:00.000Z,2026-09-21T10:19:00,15.65,15.65,15.6,15.6,1880
2026-09-21T07:20:00.000Z,2026-09-21T10:20:00,15.65,15.65,15.6,15.6,97
2026-09-21T07:22:00.000Z,2026-09-21T10:22:00,15.61,15.61,15.61,15.61,22
2026-09-21T07:23:00.000Z,2026-09-21T10:23:00,15.65,15.65,15.62,15.62,4690
2026-09-21T07:25:00.000Z,2026-09-21T10:25:00,15.65,15.65,15.65,15.65,100
2026-09-21T07:28:00.000Z,2026-09-21T10:28:00,15.65,15.65,15.65,15.65,9978
2026-09-21T07:29:00.000Z,2026-09-21T10:29:00,15.6,15.6,15.6,15.6,225
2026-09-21T07:30:00.000Z,2026-09-21T10:30:00,15.61,15.61,15.61,15.61,13
2026-09-21T07:31:00.000Z,2026-09-21T10:31:00,15.61,15.61,15.57,15.61,6633
2026-09-21T07:32:00.000Z,2026-09-21T10:32:00,15.61,15.61,15.61,15.61,28
2026-09-21T07:33:00.000Z,2026-09-21T10:33:00,15.61,15.61,15.57,15.57,1625
2026-09-21T07:36:00.000Z,2026-09-21T10:36:00,15.58,15.58,15.57,15.57,9000
2026-09-21T07:37:00.000Z,2026-09-21T10:37:00,15.57,15.57,15.57,15.57,1000
2026-09-21T07:38:00.000Z,2026-09-21T10:38:00,15.59,15.59,15.59,15.59,1000
2026-09-21T07:39:00.000Z,2026-09-21T10:39:00,15.6,15.6,15.6,15.6,266
2026-09-21T07:40:00.000Z,2026-09-21T10:40:00,15.6,15.6,15.6,15.6,250
2026-09-21T07:41:00.000Z,2026-09-21T10:41:00,15.64,15.64,15.6,15.6,3446
2026-09-21T07:42:00.000Z,2026-09-21T10:42:00,15.6,15.6,15.56,15.56,15000
2026-09-21T07:43:00.000Z,2026-09-21T10:43:00,15.56,15.6,15.56,15.6,2004
2026-09-21T07:44:00.000Z,2026-09-21T10:44:00,15.56,15.56,15.56,15.56,1000
2026-09-21T07:45:00.000Z,2026-09-21T10:45:00,15.56,15.59,15.56,15.59,7606
2026-09-21T07:46:00.000Z,2026-09-21T10:46:00,15.56,15.56,15.56,15.56,3750
2026-09-21T07:47:00.000Z,2026-09-21T10:47:00,15.59,15.59,15.59,15.59,3023
2026-09-21T07:48:00.000Z,2026-09-21T10:48:00,15.59,15.59,15.59,15.59,3
2026-09-21T07:49:00.000Z,2026-09-21T10:49:00,15.56,15.56,15.56,15.56,4937
2026-09-21T07:50:00.000Z,2026-09-21T10:50:00,15.56,15.56,15.56,15.56,785
2026-09-21T07:53:00.000Z,2026-09-21T10:53:00,15.56,15.56,15.54,15.54,25342
2026-09-21T07:55:00.000Z,2026-09-21T10:55:00,15.55,15.55,15.55,15.55,2000
2026-09-21T07:57:00.000Z,2026-09-21T10:57:00,15.55,15.55,15.55,15.55,319
2026-09-21T07:58:00.000Z,2026-09-21T10:58:00,15.58,15.59,15.58,15.59,410
2026-09-21T07:59:00.000Z,2026-09-21T10:59:00,15.56,15.56,15.56,15.56,1431
2026-09-21T08:02:00.000Z,2026-09-21T11:02:00,15.56,15.56,15.56,15.56,1590
2026-09-21T08:03:00.000Z,2026-09-21T11:03:00,15.58,15.58,15.54,15.58,2906
2026-09-21T08:04:00.000Z,2026-09-21T11:04:00,15.58,15.58,15.58,15.58,57
2026-09-21T08:05:00.000Z,2026-09-21T11:05:00,15.58,15.58,15.55,15.55,850
2026-09-21T08:06:00.000Z,2026-09-21T11:06:00,15.55,15.55,15.55,15.55,6877
2026-09-21T08:07:00.000Z,2026-09-21T11:07:00,15.56,15.56,15.56,15.56,53
2026-09-21T08:08:00.000Z,2026-09-21T11:08:00,15.56,15.57,15.56,15.57,2787
2026-09-21T08:09:00.000Z,2026-09-21T11:09:00,15.57,15.57,15.57,15.57,200
2026-09-21T08:10:00.000Z,2026-09-21T11:10:00,15.57,15.57,15.56,15.56,933
2026-09-21T08:12:00.000Z,2026-09-21T11:12:00,15.57,15.58,15.5,15.58,144697
2026-09-21T08:13:00.000Z,2026-09-21T11:13:00,15.52,15.52,15.52,15.52,32
2026-09-21T08:14:00.000Z,2026-09-21T11:14:00,15.52,15.52,15.52,15.52,68
2026-09-21T08:15:00.000Z,2026-09-21T11:15:00,15.55,15.55,15.55,15.55,2
2026-09-21T08:17:00.000Z,2026-09-21T11:17:00,15.55,15.55,15.55,15.55,5002
2026-09-21T08:18:00.000Z,2026-09-21T11:18:00,15.55,15.55,15.51,15.51,2697
2026-09-21T08:19:00.000Z,2026-09-21T11:19:00,15.52,15.52,15.52,15.52,490
2026-09-21T08:21:00.000Z,2026-09-21T11:21:00,15.52,15.66,15.5,15.5,36061
2026-09-21T08:22:00.000Z,2026-09-21T11:22:00,15.5,15.5,15.5,15.5,33939
2026-09-21T08:23:00.000Z,2026-09-21T11:23:00,15.5,15.5,15.5,15.5,20
2026-09-21T08:25:00.000Z,2026-09-21T11:25:00,15.5,15.58,15.5,15.58,1564
2026-09-21T08:26:00.000Z,2026-09-21T11:26:00,15.5,15.5,15.5,15.5,17650
2026-09-21T08:27:00.000Z,2026-09-21T11:27:00,15.51,15.51,15.47,15.47,3675
2026-09-21T08:28:00.000Z,2026-09-21T11:28:00,15.47,15.47,15.42,15.42,54120
2026-09-21T08:29:00.000Z,2026-09-21T11:29:00,15.42,15.42,15.4,15.41,76214
2026-09-21T08:30:00.000Z,2026-09-21T11:30:00,15.45,15.45,15.45,15.45,7000
2026-09-21T08:31:00.000Z,2026-09-21T11:31:00,15.45,15.45,15.4,15.4,3254
2026-09-21T08:32:00.000Z,2026-09-21T11:32:00,15.47,15.47,15.4,15.4,7036
2026-09-21T08:33:00.000Z,2026-09-21T11:33:00,15.4,15.45,15.34,15.34,14977
2026-09-21T08:34:00.000Z,2026-09-21T11:34:00,15.34,15.34,15.3,15.3,14952
2026-09-21T08:35:00.000Z,2026-09-21T11:35:00,15.3,15.31,15.28,15.28,12907
2026-09-21T08:36:00.000Z,2026-09-21T11:36:00,15.28,15.28,15.22,15.22,8689
2026-09-21T08:37:00.000Z,2026-09-21T11:37:00,15.22,15.3,15.21,15.23,12343
2026-09-21T08:38:00.000Z,2026-09-21T11:38:00,15.24,15.25,15.23,15.23,11000
2026-09-21T08:39:00.000Z,2026-09-21T11:39:00,15.23,15.23,15.23,15.23,1056
2026-09-21T08:40:00.000Z,2026-09-21T11:40:00,15.29,15.29,15.15,15.15,53722
2026-09-21T08:41:00.000Z,2026-09-21T11:41:00,15.25,15.25,15.24,15.24,120
2026-09-21T08:42:00.000Z,2026-09-21T11:42:00,15.23,15.23,15.18,15.18,27
2026-09-21T08:43:00.000Z,2026-09-21T11:43:00,15.18,15.2,15.18,15.18,11689
2026-09-21T08:44:00.000Z,2026-09-21T11:44:00,15.22,15.22,15.15,15.21,32037
2026-09-21T08:45:00.000Z,2026-09-21T11:45:00,15.15,15.15,15.11,15.12,10724
2026-09-21T08:46:00.000Z,2026-09-21T11:46:00,15.12,15.17,15.12,15.12,19747
2026-09-21T08:47:00.000Z,2026-09-21T11:47:00,15.12,15.2,15.12,15.2,4332
2026-09-21T08:48:00.000Z,2026-09-21T11:48:00,15.19,15.19,15.02,15.02,18835
2026-09-21T08:49:00.000Z,2026-09-21T11:49:00,15.03,15.13,15,15,46143
2026-09-21T08:50:00.000Z,2026-09-21T11:50:00,15,15,14.86,14.86,76766
2026-09-21T08:51:00.000Z,2026-09-21T11:51:00,15,15.1,15,15.1,13962
2026-09-21T08:52:00.000Z,2026-09-21T11:52:00,15.01,15.01,14.92,15.01,8534
2026-09-21T08:53:00.000Z,2026-09-21T11:53:00,15.04,15.1,15.02,15.02,2098
2026-09-21T08:54:00.000Z,2026-09-21T11:54:00,15.1,15.1,15.05,15.05,8817
2026-09-21T08:55:00.000Z,2026-09-21T11:55:00,15.05,15.08,15,15.08,40798
2026-09-21T08:56:00.000Z,2026-09-21T11:56:00,15.06,15.09,15.06,15.09,1583
2026-09-21T08:57:00.000Z,2026-09-21T11:57:00,15.08,15.09,15.02,15.09,3150
2026-09-21T08:58:00.000Z,2026-09-21T11:58:00,15.09,15.1,15.09,15.1,14523
2026-09-21T08:59:00.000Z,2026-09-21T11:59:00,15.11,15.11,15.1,15.1,3616
2026-09-21T09:00:00.000Z,2026-09-21T12:00:00,15.15,15.15,15.1,15.1,20250
2026-09-21T09:01:00.000Z,2026-09-21T12:01:00,15.11,15.15,15.1,15.1,7856
2026-09-21T09:02:00.000Z,2026-09-21T12:02:00,15.12,15.15,15.1,15.15,16119
2026-09-21T09:03:00.000Z,2026-09-21T12:03:00,15.15,15.15,15.1,15.15,2420
2026-09-21T09:04:00.000Z,2026-09-21T12:04:00,15.15,15.19,15.15,15.19,30000
2026-09-21T09:05:00.000Z,2026-09-21T12:05:00,15.19,15.2,15.19,15.2,2938
2026-09-21T09:06:00.000Z,2026-09-21T12:06:00,15.2,15.2,15.19,15.2,3152
2026-09-21T09:07:00.000Z,2026-09-21T12:07:00,15.2,15.2,15.2,15.2,2516
2026-09-21T09:08:00.000Z,2026-09-21T12:08:00,15.2,15.2,15.19,15.2,3879
2026-09-21T09:09:00.000Z,2026-09-21T12:09:00,15.19,15.19,15.1,15.18,15582
2026-09-21T09:10:00.000Z,2026-09-21T12:10:00,15.18,15.18,15.1,15.18,3695
2026-09-21T09:11:00.000Z,2026-09-21T12:11:00,15.1,15.1,15.07,15.07,2625
2026-09-21T09:12:00.000Z,2026-09-21T12:12:00,15.18,15.18,15.18,15.18,1002
2026-09-21T09:13:00.000Z,2026-09-21T12:13:00,15.18,15.2,15.18,15.2,1562
2026-09-21T09:14:00.000Z,2026-09-21T12:14:00,15.2,15.2,15.12,15.2,1018
2026-09-21T09:15:00.000Z,2026-09-21T12:15:00,15.12,15.12,15.12,15.12,1000
2026-09-21T09:17:00.000Z,2026-09-21T12:17:00,15.19,15.19,15.11,15.11,7091
2026-09-21T09:18:00.000Z,2026-09-21T12:18:00,15.19,15.19,15.19,15.19,573
2026-09-21T09:19:00.000Z,2026-09-21T12:19:00,15.12,15.12,15.12,15.12,1000
2026-09-21T09:20:00.000Z,2026-09-21T12:20:00,15.18,15.19,15.18,15.19,10500
2026-09-21T09:21:00.000Z,2026-09-21T12:21:00,15.19,15.2,15.19,15.2,4563
2026-09-21T09:22:00.000Z,2026-09-21T12:22:00,15.19,15.19,15.12,15.12,17738
2026-09-21T09:24:00.000Z,2026-09-21T12:24:00,15.18,15.18,15.12,15.12,1302
2026-09-21T09:25:00.000Z,2026-09-21T12:25:00,15.12,15.18,15.12,15.18,5100
2026-09-21T09:26:00.000Z,2026-09-21T12:26:00,15.18,15.18,15.18,15.18,550
2026-09-21T09:28:00.000Z,2026-09-21T12:28:00,15.18,15.18,15.18,15.18,559
2026-09-21T09:29:00.000Z,2026-09-21T12:29:00,15.13,15.18,15.12,15.18,3566
2026-09-21T09:30:00.000Z,2026-09-21T12:30:00,15.18,15.18,15.13,15.13,520
2026-09-21T09:31:00.000Z,2026-09-21T12:31:00,15.15,15.15,15.13,15.13,2175
2026-09-21T09:32:00.000Z,2026-09-21T12:32:00,15.18,15.2,15.13,15.2,1350
2026-09-21T09:33:00.000Z,2026-09-21T12:33:00,15.2,15.28,15.2,15.25,43116
2026-09-21T09:34:00.000Z,2026-09-21T12:34:00,15.24,15.24,15.22,15.22,229
2026-09-21T09:35:00.000Z,2026-09-21T12:35:00,15.22,15.22,15.22,15.22,1
2026-09-21T09:36:00.000Z,2026-09-21T12:36:00,15.22,15.22,15.22,15.22,151
2026-09-21T09:37:00.000Z,2026-09-21T12:37:00,15.2,15.2,15.1,15.1,19550
2026-09-21T09:38:00.000Z,2026-09-21T12:38:00,15.1,15.21,15.1,15.21,5235
2026-09-21T09:39:00.000Z,2026-09-21T12:39:00,15.1,15.1,15.1,15.1,26
2026-09-21T09:40:00.000Z,2026-09-21T12:40:00,15.1,15.16,15.1,15.16,859
2026-09-21T09:42:00.000Z,2026-09-21T12:42:00,15.19,15.19,15.19,15.19,55
2026-09-21T09:43:00.000Z,2026-09-21T12:43:00,15.19,15.19,15.19,15.19,55
2026-09-21T09:45:00.000Z,2026-09-21T12:45:00,15.16,15.16,15.16,15.16,1543
2026-09-21T09:46:00.000Z,2026-09-21T12:46:00,15.16,15.16,15.13,15.13,359
2026-09-21T09:48:00.000Z,2026-09-21T12:48:00,15.16,15.17,15.16,15.17,30337
2026-09-21T09:49:00.000Z,2026-09-21T12:49:00,15.21,15.21,15.21,15.21,496
2026-09-21T09:50:00.000Z,2026-09-21T12:50:00,15.19,15.19,15.19,15.19,3000
2026-09-21T09:51:00.000Z,2026-09-21T12:51:00,15.21,15.21,15.21,15.21,1009
2026-09-21T09:52:00.000Z,2026-09-21T12:52:00,15.21,15.21,15.21,15.21,495
2026-09-21T09:53:00.000Z,2026-09-21T12:53:00,15.22,15.22,15.21,15.21,116
2026-09-21T09:54:00.000Z,2026-09-21T12:54:00,15.21,15.25,15.21,15.25,18919
2026-09-21T09:55:00.000Z,2026-09-21T12:55:00,15.27,15.27,15.27,15.27,2851
2026-09-21T09:56:00.000Z,2026-09-21T12:56:00,15.27,15.3,15.27,15.3,61000
2026-09-21T09:57:00.000Z,2026-09-21T12:57:00,15.3,15.3,15.3,15.3,1111
2026-09-21T09:58:00.000Z,2026-09-21T12:58:00,15.3,15.33,15.3,15.33,2190
2026-09-21T10:00:00.000Z,2026-09-21T13:00:00,15.26,15.26,15.25,15.25,2000
2026-09-21T10:01:00.000Z,2026-09-21T13:01:00,15.25,15.25,15.25,15.25,200
2026-09-21T10:02:00.000Z,2026-09-21T13:02:00,15.25,15.25,15.25,15.25,613
2026-09-21T10:03:00.000Z,2026-09-21T13:03:00,15.25,15.25,15.25,15.25,3367
2026-09-21T10:04:00.000Z,2026-09-21T13:04:00,15.21,15.21,15.21,15.21,300
2026-09-21T10:05:00.000Z,2026-09-21T13:05:00,15.25,15.29,15.17,15.17,43735
2026-09-21T10:07:00.000Z,2026-09-21T13:07:00,15.28,15.28,15.28,15.28,659
2026-09-21T10:08:00.000Z,2026-09-21T13:08:00,15.28,15.28,15.28,15.28,1000
2026-09-21T10:10:00.000Z,2026-09-21T13:10:00,15.18,15.18,15.18,15.18,63
2026-09-21T10:11:00.000Z,2026-09-21T13:11:00,15.18,15.18,15.18,15.18,80
2026-09-21T10:15:00.000Z,2026-09-21T13:15:00,15.25,15.25,15.25,15.25,2000
2026-09-21T10:18:00.000Z,2026-09-21T13:18:00,15.24,15.24,15.24,15.24,74
2026-09-21T10:19:00.000Z,2026-09-21T13:19:00,15.24,15.3,15.24,15.29,15006
2026-09-21T10:20:00.000Z,2026-09-21T13:20:00,15.29,15.29,15.2,15.2,642
2026-09-21T10:21:00.000Z,2026-09-21T13:21:00,15.28,15.28,15.2,15.2,71
2026-09-21T10:22:00.000Z,2026-09-21T13:22:00,15.2,15.2,15.2,15.2,15000
2026-09-21T10:23:00.000Z,2026-09-21T13:23:00,15.2,15.2,15.2,15.2,365
2026-09-21T10:27:00.000Z,2026-09-21T13:27:00,15.2,15.2,15.2,15.2,342
2026-09-21T10:29:00.000Z,2026-09-21T13:29:00,15.21,15.21,15.21,15.21,900
2026-09-21T10:30:00.000Z,2026-09-21T13:30:00,15.22,15.22,15.19,15.2,16500
2026-09-21T10:33:00.000Z,2026-09-21T13:33:00,15.2,15.2,15.18,15.18,19157
2026-09-21T10:34:00.000Z,2026-09-21T13:34:00,15.2,15.2,15.2,15.2,2726
2026-09-21T10:35:00.000Z,2026-09-21T13:35:00,15.21,15.21,15.2,15.2,1547
2026-09-21T10:38:00.000Z,2026-09-21T13:38:00,15.24,15.24,15.21,15.21,4559
2026-09-21T10:39:00.000Z,2026-09-21T13:39:00,15.22,15.26,15.22,15.22,6550
2026-09-21T10:40:00.000Z,2026-09-21T13:40:00,15.22,15.22,15.22,15.22,706
2026-09-21T10:41:00.000Z,2026-09-21T13:41:00,15.22,15.24,15.2,15.24,4615
2026-09-21T10:42:00.000Z,2026-09-21T13:42:00,15.2,15.2,15.18,15.18,12790
2026-09-21T10:43:00.000Z,2026-09-21T13:43:00,15.18,15.18,15.17,15.17,4639
2026-09-21T10:44:00.000Z,2026-09-21T13:44:00,15.2,15.2,15.11,15.11,33442
2026-09-21T10:46:00.000Z,2026-09-21T13:46:00,15.12,15.19,15.12,15.19,3893
2026-09-21T10:47:00.000Z,2026-09-21T13:47:00,15.12,15.12,15.1,15.12,41006
2026-09-21T10:48:00.000Z,2026-09-21T13:48:00,15.15,15.19,15.15,15.19,5200
2026-09-21T10:49:00.000Z,2026-09-21T13:49:00,15.15,15.23,15.12,15.12,27869
2026-09-21T10:52:00.000Z,2026-09-21T13:52:00,15.22,15.22,15.22,15.22,1091
2026-09-21T10:53:00.000Z,2026-09-21T13:53:00,15.15,15.15,15.15,15.15,706
2026-09-21T10:54:00.000Z,2026-09-21T13:54:00,15.15,15.15,15.11,15.11,42000
2026-09-21T10:55:00.000Z,2026-09-21T13:55:00,15.2,15.2,15.2,15.2,305
2026-09-21T10:56:00.000Z,2026-09-21T13:56:00,15.14,15.2,15.13,15.2,262
2026-09-21T10:59:00.000Z,2026-09-21T13:59:00,15.14,15.2,15.13,15.13,1890
2026-09-21T11:00:00.000Z,2026-09-21T14:00:00,15.2,15.2,15.13,15.2,4464
2026-09-21T11:01:00.000Z,2026-09-21T14:01:00,15.2,15.2,15.15,15.15,1213
2026-09-21T11:02:00.000Z,2026-09-21T14:02:00,15.2,15.25,15.2,15.25,40186
2026-09-21T11:03:00.000Z,2026-09-21T14:03:00,15.15,15.15,15.15,15.15,1282
2026-09-21T11:05:00.000Z,2026-09-21T14:05:00,15.22,15.22,15.15,15.21,620
2026-09-21T11:06:00.000Z,2026-09-21T14:06:00,15.16,15.16,15.16,15.16,300
2026-09-21T11:07:00.000Z,2026-09-21T14:07:00,15.17,15.17,15.16,15.16,3509
2026-09-21T11:08:00.000Z,2026-09-21T14:08:00,15.18,15.18,15.18,15.18,250
2026-09-21T11:09:00.000Z,2026-09-21T14:09:00,15.16,15.16,15.15,15.15,5000
2026-09-21T11:10:00.000Z,2026-09-21T14:10:00,15.18,15.18,15.18,15.18,177
2026-09-21T11:11:00.000Z,2026-09-21T14:11:00,15.16,15.16,15.15,15.15,8000
2026-09-21T11:12:00.000Z,2026-09-21T14:12:00,15.18,15.18,15.18,15.18,654
2026-09-21T11:13:00.000Z,2026-09-21T14:13:00,15.18,15.18,15.15,15.15,2816
2026-09-21T11:14:00.000Z,2026-09-21T14:14:00,15.13,15.15,15.12,15.12,20500
2026-09-21T11:25:00.000Z,2026-09-21T14:25:00,15.16,15.16,15.16,15.16,120645
2026-09-21T11:26:00.000Z,2026-09-21T14:26:00,15.16,15.16,15.16,15.16,1013
2026-09-21T11:29:00.000Z,2026-09-21T14:29:00,15.16,15.16,15.16,15.16,10000
2026-09-22T07:00:00.000Z,2026-09-22T10:00:00,15.17,15.2,15.17,15.2,5068
2026-09-22T07:01:00.000Z,2026-09-22T10:01:00,15.25,15.25,15.2,15.2,1356
2026-09-22T07:02:00.000Z,2026-09-22T10:02:00,15.17,15.17,15.16,15.16,8763
2026-09-22T07:03:00.000Z,2026-09-22T10:03:00,15.16,15.16,15.13,15.15,3595
2026-09-22T07:04:00.000Z,2026-09-22T10:04:00,15.15,15.15,15.14,15.14,10125
2026-09-22T07:06:00.000Z,2026-09-22T10:06:00,15.16,15.2,15.16,15.2,666
2026-09-22T07:07:00.000Z,2026-09-22T10:07:00,15.17,15.17,15.16,15.17,1183
2026-09-22T07:08:00.000Z,2026-09-22T10:08:00,15.16,15.2,15.16,15.2,11716
2026-09-22T07:09:00.000Z,2026-09-22T10:09:00,15.16,15.17,15.16,15.17,29
2026-09-22T07:10:00.000Z,2026-09-22T10:10:00,15.18,15.19,15.18,15.19,1000
2026-09-22T07:11:00.000Z,2026-09-22T10:11:00,15.17,15.17,15.16,15.16,4371
2026-09-22T07:12:00.000Z,2026-09-22T10:12:00,15.15,15.15,15.12,15.12,20001
2026-09-22T07:14:00.000Z,2026-09-22T10:14:00,15.13,15.15,15.13,15.15,2158
2026-09-22T07:15:00.000Z,2026-09-22T10:15:00,15.17,15.17,15.17,15.17,1420
2026-09-22T07:16:00.000Z,2026-09-22T10:16:00,15.17,15.17,15.15,15.15,302
2026-09-22T07:17:00.000Z,2026-09-22T10:17:00,15.15,15.15,15.13,15.13,1113
2026-09-22T07:19:00.000Z,2026-09-22T10:19:00,15.15,15.17,15.15,15.17,1200
2026-09-22T07:20:00.000Z,2026-09-22T10:20:00,15.15,15.15,15.12,15.12,10357
2026-09-22T07:23:00.000Z,2026-09-22T10:23:00,15.13,15.13,15.1,15.1,2500
2026-09-22T07:24:00.000Z,2026-09-22T10:24:00,15.14,15.14,15.14,15.14,6
2026-09-22T07:25:00.000Z,2026-09-22T10:25:00,15.1,15.1,15.05,15.05,13200
2026-09-22T07:26:00.000Z,2026-09-22T10:26:00,15.14,15.14,15.05,15.05,2020
2026-09-22T07:27:00.000Z,2026-09-22T10:27:00,15.14,15.17,15.14,15.17,5000
2026-09-22T07:29:00.000Z,2026-09-22T10:29:00,15.15,15.15,15.15,15.15,525
2026-09-22T07:30:00.000Z,2026-09-22T10:30:00,15.08,15.17,15.08,15.17,2104
2026-09-22T07:31:00.000Z,2026-09-22T10:31:00,15.17,15.17,15.17,15.17,500
2026-09-22T07:32:00.000Z,2026-09-22T10:32:00,15.15,15.17,15.15,15.17,1031
2026-09-22T07:33:00.000Z,2026-09-22T10:33:00,15.12,15.15,15.12,15.15,717
2026-09-22T07:34:00.000Z,2026-09-22T10:34:00,15.15,15.17,15.13,15.17,569
2026-09-22T07:35:00.000Z,2026-09-22T10:35:00,15.14,15.14,15.14,15.14,15
2026-09-22T07:36:00.000Z,2026-09-22T10:36:00,15.13,15.13,15.13,15.13,726
2026-09-22T07:37:00.000Z,2026-09-22T10:37:00,15.12,15.12,15.12,15.12,6195
2026-09-22T07:39:00.000Z,2026-09-22T10:39:00,15.14,15.15,15.14,15.15,427
2026-09-22T07:40:00.000Z,2026-09-22T10:40:00,15.17,15.17,15.12,15.12,4458
2026-09-22T07:43:00.000Z,2026-09-22T10:43:00,15.17,15.17,15.12,15.12,307
2026-09-22T07:44:00.000Z,2026-09-22T10:44:00,15.12,15.12,15.12,15.12,1074
2026-09-22T07:47:00.000Z,2026-09-22T10:47:00,15.13,15.15,15.13,15.15,123
2026-09-22T07:49:00.000Z,2026-09-22T10:49:00,15.15,15.17,15.15,15.15,4500
2026-09-22T07:50:00.000Z,2026-09-22T10:50:00,15.12,15.2,15.12,15.2,7618
2026-09-22T07:51:00.000Z,2026-09-22T10:51:00,15.2,15.2,15.2,15.2,6
2026-09-22T07:52:00.000Z,2026-09-22T10:52:00,15.2,15.2,15.2,15.2,3172
2026-09-22T07:53:00.000Z,2026-09-22T10:53:00,15.13,15.15,15.13,15.15,332
2026-09-22T07:54:00.000Z,2026-09-22T10:54:00,15.2,15.2,15.14,15.14,106
2026-09-22T07:55:00.000Z,2026-09-22T10:55:00,15.15,15.2,15.15,15.2,3000
2026-09-22T07:56:00.000Z,2026-09-22T10:56:00,15.16,15.16,15.16,15.16,90
2026-09-22T07:58:00.000Z,2026-09-22T10:58:00,15.16,15.16,15.16,15.16,20
2026-09-22T07:59:00.000Z,2026-09-22T10:59:00,15.15,15.2,15.15,15.2,942
2026-09-22T08:01:00.000Z,2026-09-22T11:01:00,15.2,15.2,15.2,15.2,250
2026-09-22T08:05:00.000Z,2026-09-22T11:05:00,15.2,15.2,15.2,15.2,17
2026-09-22T08:06:00.000Z,2026-09-22T11:06:00,15.2,15.2,15.19,15.19,2941
2026-09-22T08:08:00.000Z,2026-09-22T11:08:00,15.2,15.2,15.15,15.15,64000
2026-09-22T08:09:00.000Z,2026-09-22T11:09:00,15.17,15.17,15.17,15.17,116
2026-09-22T08:10:00.000Z,2026-09-22T11:10:00,15.19,15.19,15.19,15.19,60
2026-09-22T08:11:00.000Z,2026-09-22T11:11:00,15.19,15.19,15.15,15.15,401
2026-09-22T08:12:00.000Z,2026-09-22T11:12:00,15.15,15.18,15.15,15.18,442
2026-09-22T08:15:00.000Z,2026-09-22T11:15:00,15.19,15.19,15.19,15.19,5000
2026-09-22T08:16:00.000Z,2026-09-22T11:16:00,15.17,15.17,15.17,15.17,1
2026-09-22T08:17:00.000Z,2026-09-22T11:17:00,15.17,15.17,15.1,15.17,50006
2026-09-22T08:18:00.000Z,2026-09-22T11:18:00,15.11,15.11,15.11,15.11,80
2026-09-22T08:20:00.000Z,2026-09-22T11:20:00,15.17,15.17,15.17,15.17,50
2026-09-22T08:21:00.000Z,2026-09-22T11:21:00,15.12,15.12,15.12,15.12,40
2026-09-22T08:22:00.000Z,2026-09-22T11:22:00,15.13,15.17,15.13,15.17,158
2026-09-22T08:23:00.000Z,2026-09-22T11:23:00,15.17,15.17,15.17,15.17,1647
2026-09-22T08:25:00.000Z,2026-09-22T11:25:00,15.17,15.18,15.17,15.18,2000
2026-09-22T08:26:00.000Z,2026-09-22T11:26:00,15.14,15.17,15.14,15.17,635
2026-09-22T08:27:00.000Z,2026-09-22T11:27:00,15.14,15.14,15.14,15.14,15
2026-09-22T08:29:00.000Z,2026-09-22T11:29:00,15.14,15.14,15.14,15.14,1975
2026-09-22T08:32:00.000Z,2026-09-22T11:32:00,15.14,15.14,15.14,15.14,108
2026-09-22T08:33:00.000Z,2026-09-22T11:33:00,15.14,15.14,15.14,15.14,1321
2026-09-22T08:34:00.000Z,2026-09-22T11:34:00,15.14,15.14,15.1,15.1,25000
2026-09-22T08:35:00.000Z,2026-09-22T11:35:00,15.1,15.1,15.08,15.08,4512
2026-09-22T08:37:00.000Z,2026-09-22T11:37:00,15.1,15.16,15.06,15.16,25263
2026-09-22T08:39:00.000Z,2026-09-22T11:39:00,15.15,15.15,15.15,15.15,500
2026-09-22T08:41:00.000Z,2026-09-22T11:41:00,15.12,15.12,15.12,15.12,2650
2026-09-22T08:42:00.000Z,2026-09-22T11:42:00,15.11,15.11,15.1,15.1,2234
2026-09-22T08:44:00.000Z,2026-09-22T11:44:00,15.11,15.11,15.06,15.06,7300
2026-09-22T08:46:00.000Z,2026-09-22T11:46:00,15.07,15.1,15.07,15.1,476
2026-09-22T08:47:00.000Z,2026-09-22T11:47:00,15.07,15.08,15.06,15.08,198
2026-09-22T08:48:00.000Z,2026-09-22T11:48:00,15.06,15.06,15.06,15.06,7000
2026-09-22T08:49:00.000Z,2026-09-22T11:49:00,15.06,15.06,15.06,15.06,958
2026-09-22T08:50:00.000Z,2026-09-22T11:50:00,15.08,15.1,15.08,15.1,86
2026-09-22T08:51:00.000Z,2026-09-22T11:51:00,15.07,15.1,15.01,15.1,45750
2026-09-22T08:52:00.000Z,2026-09-22T11:52:00,15.1,15.1,15.1,15.1,100
2026-09-22T08:53:00.000Z,2026-09-22T11:53:00,15.1,15.1,15.1,15.1,8
2026-09-22T08:54:00.000Z,2026-09-22T11:54:00,15.02,15.1,15.02,15.1,87
2026-09-22T08:57:00.000Z,2026-09-22T11:57:00,15.05,15.05,15.05,15.05,5000
2026-09-22T08:58:00.000Z,2026-09-22T11:58:00,15.08,15.08,15.04,15.04,1331
2026-09-22T09:01:00.000Z,2026-09-22T12:01:00,15.04,15.04,15.04,15.04,1300
2026-09-22T09:02:00.000Z,2026-09-22T12:02:00,15.08,15.09,15.05,15.05,3169
2026-09-22T09:03:00.000Z,2026-09-22T12:03:00,15.05,15.05,15.05,15.05,121
2026-09-22T09:04:00.000Z,2026-09-22T12:04:00,15.1,15.1,15.06,15.1,8132
2026-09-22T09:05:00.000Z,2026-09-22T12:05:00,15.06,15.1,15.06,15.1,3039
2026-09-22T09:06:00.000Z,2026-09-22T12:06:00,15.13,15.15,15.13,15.15,1327
2026-09-22T09:08:00.000Z,2026-09-22T12:08:00,15.15,15.15,15.15,15.15,31
2026-09-22T09:09:00.000Z,2026-09-22T12:09:00,15.15,15.15,15.15,15.15,33
2026-09-22T09:10:00.000Z,2026-09-22T12:10:00,15.14,15.14,15.14,15.14,500
2026-09-22T09:12:00.000Z,2026-09-22T12:12:00,15.12,15.12,15.12,15.12,1
2026-09-22T09:13:00.000Z,2026-09-22T12:13:00,15.12,15.12,15.1,15.1,2650
2026-09-22T09:14:00.000Z,2026-09-22T12:14:00,15.12,15.12,15.1,15.1,4347
2026-09-22T09:16:00.000Z,2026-09-22T12:16:00,15.08,15.1,15.08,15.1,2050
2026-09-22T09:17:00.000Z,2026-09-22T12:17:00,15.1,15.1,15.1,15.1,300
2026-09-22T09:19:00.000Z,2026-09-22T12:19:00,15.06,15.1,15.06,15.1,3000
2026-09-22T09:21:00.000Z,2026-09-22T12:21:00,15.07,15.1,15.07,15.09,957
2026-09-22T09:22:00.000Z,2026-09-22T12:22:00,15.09,15.09,15.09,15.09,93
2026-09-22T09:24:00.000Z,2026-09-22T12:24:00,15.06,15.06,15.05,15.05,5017
2026-09-22T09:25:00.000Z,2026-09-22T12:25:00,15.05,15.05,15.05,15.05,10984
2026-09-22T09:26:00.000Z,2026-09-22T12:26:00,15.05,15.05,15.05,15.05,16761
2026-09-22T09:27:00.000Z,2026-09-22T12:27:00,15.05,15.05,15.05,15.05,351
2026-09-22T09:28:00.000Z,2026-09-22T12:28:00,15.04,15.04,15,15,34805
2026-09-22T09:29:00.000Z,2026-09-22T12:29:00,15,15,15,15,84649
2026-09-22T09:30:00.000Z,2026-09-22T12:30:00,15.01,15.07,15.01,15.07,7800
2026-09-22T09:31:00.000Z,2026-09-22T12:31:00,15.01,15.01,15.01,15.01,687
2026-09-22T09:34:00.000Z,2026-09-22T12:34:00,15.01,15.01,15,15,70036
2026-09-22T09:35:00.000Z,2026-09-22T12:35:00,15,15.07,15,15.06,12084
2026-09-22T09:36:00.000Z,2026-09-22T12:36:00,15.06,15.06,15.06,15.06,166
2026-09-22T09:37:00.000Z,2026-09-22T12:37:00,15.06,15.06,15.06,15.06,167
2026-09-22T09:40:00.000Z,2026-09-22T12:40:00,15.06,15.06,15.06,15.06,327
2026-09-22T09:43:00.000Z,2026-09-22T12:43:00,15.06,15.06,15.06,15.06,381
2026-09-22T09:44:00.000Z,2026-09-22T12:44:00,15.05,15.05,15.05,15.05,206
2026-09-22T09:45:00.000Z,2026-09-22T12:45:00,15.05,15.05,15.05,15.05,1
2026-09-22T09:47:00.000Z,2026-09-22T12:47:00,15.01,15.01,15,15,2137
2026-09-22T09:48:00.000Z,2026-09-22T12:48:00,15,15,15,15,6144
2026-09-22T09:49:00.000Z,2026-09-22T12:49:00,15,15,15,15,503
2026-09-22T09:50:00.000Z,2026-09-22T12:50:00,15,15,15,15,3219
2026-09-22T09:51:00.000Z,2026-09-22T12:51:00,14.99,15,14.99,15,3678
2026-09-22T09:52:00.000Z,2026-09-22T12:52:00,14.99,14.99,14.99,14.99,434
2026-09-22T09:56:00.000Z,2026-09-22T12:56:00,15,15,15,15,136
2026-09-22T09:57:00.000Z,2026-09-22T12:57:00,15,15,14.95,15,36631
2026-09-22T09:58:00.000Z,2026-09-22T12:58:00,15.01,15.06,15.01,15.06,150
2026-09-22T10:00:00.000Z,2026-09-22T13:00:00,15.04,15.06,15.04,15.06,400
2026-09-22T10:01:00.000Z,2026-09-22T13:01:00,15.05,15.05,15.05,15.05,99
2026-09-22T10:05:00.000Z,2026-09-22T13:05:00,15.05,15.05,15.05,15.05,1
2026-09-22T10:06:00.000Z,2026-09-22T13:06:00,15.06,15.06,15.06,15.06,6
2026-09-22T10:07:00.000Z,2026-09-22T13:07:00,15.05,15.05,15.05,15.05,724
2026-09-22T10:08:00.000Z,2026-09-22T13:08:00,15.04,15.05,15.04,15.05,10935
2026-09-22T10:11:00.000Z,2026-09-22T13:11:00,15,15,14.99,14.99,260
2026-09-22T10:12:00.000Z,2026-09-22T13:12:00,14.99,14.99,14.97,14.97,2606
2026-09-22T10:13:00.000Z,2026-09-22T13:13:00,15,15,15,15,212
2026-09-22T10:14:00.000Z,2026-09-22T13:14:00,15,15.04,15,15,385
2026-09-22T10:16:00.000Z,2026-09-22T13:16:00,15,15.05,15,15,3659
2026-09-22T10:17:00.000Z,2026-09-22T13:17:00,15,15.01,15,15.01,4700
2026-09-22T10:18:00.000Z,2026-09-22T13:18:00,15.04,15.04,15.04,15.04,15448
2026-09-22T10:19:00.000Z,2026-09-22T13:19:00,15.04,15.04,15.04,15.04,1409
2026-09-22T10:21:00.000Z,2026-09-22T13:21:00,15.04,15.06,15.04,15.04,2165
2026-09-22T10:22:00.000Z,2026-09-22T13:22:00,15.04,15.04,15.04,15.04,66
2026-09-22T10:25:00.000Z,2026-09-22T13:25:00,15.04,15.04,15.03,15.03,3972
2026-09-22T10:26:00.000Z,2026-09-22T13:26:00,15.05,15.06,15.05,15.06,185
2026-09-22T10:29:00.000Z,2026-09-22T13:29:00,15.05,15.05,15.05,15.05,294
2026-09-22T10:30:00.000Z,2026-09-22T13:30:00,15.05,15.06,15.05,15.06,1047
2026-09-22T10:32:00.000Z,2026-09-22T13:32:00,15.06,15.06,15.06,15.06,665
2026-09-22T10:35:00.000Z,2026-09-22T13:35:00,15.04,15.04,15.04,15.04,1523
2026-09-22T10:36:00.000Z,2026-09-22T13:36:00,15.05,15.05,15.05,15.05,6000
2026-09-22T10:37:00.000Z,2026-09-22T13:37:00,15.04,15.04,15.04,15.04,3421
2026-09-22T10:38:00.000Z,2026-09-22T13:38:00,15.03,15.03,15.03,15.03,579
2026-09-22T10:40:00.000Z,2026-09-22T13:40:00,15.03,15.03,15.03,15.03,250
2026-09-22T10:41:00.000Z,2026-09-22T13:41:00,15.03,15.03,15.03,15.03,150
2026-09-22T10:42:00.000Z,2026-09-22T13:42:00,15.05,15.05,15.05,15.05,200
2026-09-22T10:43:00.000Z,2026-09-22T13:43:00,15.06,15.06,15.04,15.04,1591
2026-09-22T10:44:00.000Z,2026-09-22T13:44:00,15.06,15.06,15.06,15.06,280
2026-09-22T10:45:00.000Z,2026-09-22T13:45:00,15.04,15.04,15.01,15.01,10832
2026-09-22T10:46:00.000Z,2026-09-22T13:46:00,15.05,15.05,15.05,15.05,1600
2026-09-22T10:47:00.000Z,2026-09-22T13:47:00,15.05,15.05,15,15.05,10050
2026-09-22T10:48:00.000Z,2026-09-22T13:48:00,15.01,15.05,15,15.05,55025
2026-09-22T10:49:00.000Z,2026-09-22T13:49:00,15,15,15,15,5832
2026-09-22T10:50:00.000Z,2026-09-22T13:50:00,15,15,15,15,1000
2026-09-22T10:51:00.000Z,2026-09-22T13:51:00,15.04,15.04,15.04,15.04,13
2026-09-22T10:52:00.000Z,2026-09-22T13:52:00,15,15,14.99,14.99,9502
2026-09-22T10:53:00.000Z,2026-09-22T13:53:00,15,15.05,14.99,15,4833
2026-09-22T10:54:00.000Z,2026-09-22T13:54:00,15,15.04,15,15.04,1008
2026-09-22T10:55:00.000Z,2026-09-22T13:55:00,15.04,15.04,15.04,15.04,60
2026-09-22T10:57:00.000Z,2026-09-22T13:57:00,15.04,15.04,15.04,15.04,150
2026-09-22T10:58:00.000Z,2026-09-22T13:58:00,15.04,15.05,15.03,15.05,2357
2026-09-22T10:59:00.000Z,2026-09-22T13:59:00,15,15,15,15,1500
2026-09-22T11:00:00.000Z,2026-09-22T14:00:00,15.02,15.02,15.02,15.02,167
2026-09-22T11:01:00.000Z,2026-09-22T14:01:00,15.02,15.05,15,15,11002
2026-09-22T11:05:00.000Z,2026-09-22T14:05:00,15.05,15.05,15.05,15.05,6000
2026-09-22T11:06:00.000Z,2026-09-22T14:06:00,15.06,15.06,15.06,15.06,664
2026-09-22T11:07:00.000Z,2026-09-22T14:07:00,15.05,15.05,15.05,15.05,15
2026-09-22T11:09:00.000Z,2026-09-22T14:09:00,15.05,15.05,15.05,15.05,18
2026-09-22T11:10:00.000Z,2026-09-22T14:10:00,15.05,15.05,15.05,15.05,2298
2026-09-22T11:11:00.000Z,2026-09-22T14:11:00,15.05,15.06,15.05,15.06,5369
2026-09-22T11:12:00.000Z,2026-09-22T14:12:00,15.06,15.06,15.05,15.05,2444
2026-09-22T11:13:00.000Z,2026-09-22T14:13:00,15.06,15.06,15.06,15.06,23831
2026-09-22T11:14:00.000Z,2026-09-22T14:14:00,15.06,15.07,15.06,15.06,10000
2026-09-22T11:25:00.000Z,2026-09-22T14:25:00,15,15,15,15,70509
2026-09-22T11:26:00.000Z,2026-09-22T14:26:00,15,15,15,15,318
2026-09-22T11:29:00.000Z,2026-09-22T14:29:00,15,15,15,15,11500
2026-09-23T07:00:00.000Z,2026-09-23T10:00:00,15.01,15.3,15,15.3,16124723
2026-09-23T07:01:00.000Z,2026-09-23T10:01:00,15.25,15.67,15.25,15.51,327907
2026-09-23T07:02:00.000Z,2026-09-23T10:02:00,15.52,15.67,15.5,15.6,124602
2026-09-23T07:03:00.000Z,2026-09-23T10:03:00,15.6,15.7,15.53,15.65,201599
2026-09-23T07:04:00.000Z,2026-09-23T10:04:00,15.65,15.65,15.56,15.6,122666
2026-09-23T07:05:00.000Z,2026-09-23T10:05:00,15.59,15.6,15.56,15.6,107810
2026-09-23T07:06:00.000Z,2026-09-23T10:06:00,15.6,15.69,15.6,15.69,56341
2026-09-23T07:07:00.000Z,2026-09-23T10:07:00,15.68,15.9,15.62,15.9,281660
2026-09-23T07:08:00.000Z,2026-09-23T10:08:00,15.9,16.16,15.88,16.01,373043
2026-09-23T07:09:00.000Z,2026-09-23T10:09:00,16.01,16.25,15.99,16,452358
2026-09-23T07:10:00.000Z,2026-09-23T10:10:00,16,16.15,15.9,16,438292
2026-09-23T07:11:00.000Z,2026-09-23T10:11:00,16,16.2,16,16.15,370142
2026-09-23T07:12:00.000Z,2026-09-23T10:12:00,16.19,16.19,16.09,16.14,311656
2026-09-23T07:13:00.000Z,2026-09-23T10:13:00,16.14,16.15,16.02,16.1,131110
2026-09-23T07:14:00.000Z,2026-09-23T10:14:00,16.03,16.09,15.92,16.08,315297
2026-09-23T07:15:00.000Z,2026-09-23T10:15:00,16.03,16.07,16,16,49389
2026-09-23T07:16:00.000Z,2026-09-23T10:16:00,16,16.04,15.93,15.96,169154
2026-09-23T07:17:00.000Z,2026-09-23T10:17:00,15.96,16,15.91,15.93,84527
2026-09-23T07:18:00.000Z,2026-09-23T10:18:00,15.95,15.96,15.9,15.9,39704
2026-09-23T07:19:00.000Z,2026-09-23T10:19:00,15.9,15.94,15.86,15.86,29404
2026-09-23T07:20:00.000Z,2026-09-23T10:20:00,15.88,15.9,15.86,15.9,32925
2026-09-23T07:21:00.000Z,2026-09-23T10:21:00,15.9,15.93,15.86,15.93,51133
2026-09-23T07:22:00.000Z,2026-09-23T10:22:00,15.9,15.93,15.86,15.92,12468
2026-09-23T07:23:00.000Z,2026-09-23T10:23:00,15.92,16.05,15.92,16.05,311494
2026-09-23T07:24:00.000Z,2026-09-23T10:24:00,16.05,16.05,15.98,16,54422
2026-09-23T07:25:00.000Z,2026-09-23T10:25:00,16,16.05,15.95,16.05,258597
2026-09-23T07:26:00.000Z,2026-09-23T10:26:00,16.04,16.06,16.04,16.06,78685
2026-09-23T07:27:00.000Z,2026-09-23T10:27:00,16.07,16.1,16,16.06,197813
2026-09-23T07:28:00.000Z,2026-09-23T10:28:00,16.02,16.06,15.95,16,131314
2026-09-23T07:29:00.000Z,2026-09-23T10:29:00,15.99,16.05,15.98,16.05,48946
2026-09-23T07:30:00.000Z,2026-09-23T10:30:00,16.03,16.09,16,16.08,27936
2026-09-23T07:31:00.000Z,2026-09-23T10:31:00,16.07,16.08,16.01,16.07,12928
2026-09-23T07:32:00.000Z,2026-09-23T10:32:00,16.01,16.05,16,16,63235
2026-09-23T07:33:00.000Z,2026-09-23T10:33:00,16,16.03,15.99,16.03,15089
2026-09-23T07:34:00.000Z,2026-09-23T10:34:00,16,16.03,16,16,15479
2026-09-23T07:35:00.000Z,2026-09-23T10:35:00,16,16.03,15.98,15.98,17075
2026-09-23T07:36:00.000Z,2026-09-23T10:36:00,15.98,16,15.94,15.94,77784
2026-09-23T07:37:00.000Z,2026-09-23T10:37:00,15.99,15.99,15.95,15.96,3006
2026-09-23T07:38:00.000Z,2026-09-23T10:38:00,15.99,15.99,15.94,15.95,27367
2026-09-23T07:39:00.000Z,2026-09-23T10:39:00,15.94,15.95,15.92,15.92,47650
2026-09-23T07:40:00.000Z,2026-09-23T10:40:00,15.93,16,15.91,15.96,109708
2026-09-23T07:41:00.000Z,2026-09-23T10:41:00,16,16,15.9,15.96,155293
2026-09-23T07:42:00.000Z,2026-09-23T10:42:00,15.96,15.96,15.9,15.96,80623
2026-09-23T07:43:00.000Z,2026-09-23T10:43:00,15.95,15.95,15.9,15.9,97685
2026-09-23T07:44:00.000Z,2026-09-23T10:44:00,15.9,15.9,15.87,15.87,15993
2026-09-23T07:45:00.000Z,2026-09-23T10:45:00,15.87,15.89,15.86,15.88,35732
2026-09-23T07:46:00.000Z,2026-09-23T10:46:00,15.87,15.94,15.86,15.9,58579
2026-09-23T07:47:00.000Z,2026-09-23T10:47:00,15.9,16,15.9,15.98,229058
2026-09-23T07:48:00.000Z,2026-09-23T10:48:00,15.98,16,15.93,15.99,51668
2026-09-23T07:49:00.000Z,2026-09-23T10:49:00,15.99,15.99,15.98,15.98,3575
2026-09-23T07:50:00.000Z,2026-09-23T10:50:00,15.92,15.96,15.91,15.91,566
2026-09-23T07:51:00.000Z,2026-09-23T10:51:00,15.91,16,15.91,16,221348
2026-09-23T07:52:00.000Z,2026-09-23T10:52:00,15.92,16.04,15.87,15.96,82585
2026-09-23T07:53:00.000Z,2026-09-23T10:53:00,15.92,16,15.92,16,5177
2026-09-23T07:54:00.000Z,2026-09-23T10:54:00,15.96,15.99,15.96,15.99,425
2026-09-23T07:55:00.000Z,2026-09-23T10:55:00,15.99,15.99,15.95,15.95,603
2026-09-23T07:56:00.000Z,2026-09-23T10:56:00,15.95,15.99,15.95,15.95,4497
2026-09-23T07:57:00.000Z,2026-09-23T10:57:00,15.99,15.99,15.93,15.93,4259
2026-09-23T07:58:00.000Z,2026-09-23T10:58:00,15.95,16,15.95,16,9552
2026-09-23T07:59:00.000Z,2026-09-23T10:59:00,15.99,16,15.98,15.99,15610
2026-09-23T08:00:00.000Z,2026-09-23T11:00:00,15.99,16,15.93,16,67567
2026-09-23T08:01:00.000Z,2026-09-23T11:01:00,16,16,15.98,15.98,11575
2026-09-23T08:02:00.000Z,2026-09-23T11:02:00,15.98,16,15.95,15.95,50719
2026-09-23T08:03:00.000Z,2026-09-23T11:03:00,15.95,15.95,15.95,15.95,3297
2026-09-23T08:04:00.000Z,2026-09-23T11:04:00,15.93,15.95,15.93,15.93,12843
2026-09-23T08:05:00.000Z,2026-09-23T11:05:00,15.94,15.94,15.86,15.9,111546
2026-09-23T08:06:00.000Z,2026-09-23T11:06:00,15.86,15.99,15.85,15.85,45406
2026-09-23T08:07:00.000Z,2026-09-23T11:07:00,15.85,15.88,15.85,15.85,2271
2026-09-23T08:08:00.000Z,2026-09-23T11:08:00,15.88,15.88,15.85,15.88,5581
2026-09-23T08:09:00.000Z,2026-09-23T11:09:00,15.88,15.88,15.82,15.83,10002
2026-09-23T08:10:00.000Z,2026-09-23T11:10:00,15.82,15.88,15.81,15.81,22769
2026-09-23T08:11:00.000Z,2026-09-23T11:11:00,15.85,15.87,15.75,15.77,45249
2026-09-23T08:12:00.000Z,2026-09-23T11:12:00,15.75,15.77,15.72,15.72,36543
2026-09-23T08:13:00.000Z,2026-09-23T11:13:00,15.77,15.8,15.76,15.8,8211
2026-09-23T08:14:00.000Z,2026-09-23T11:14:00,15.84,15.84,15.75,15.8,7721
2026-09-23T08:15:00.000Z,2026-09-23T11:15:00,15.8,15.87,15.8,15.85,20947
2026-09-23T08:16:00.000Z,2026-09-23T11:16:00,15.86,15.86,15.76,15.85,3802
2026-09-23T08:17:00.000Z,2026-09-23T11:17:00,15.8,15.85,15.8,15.84,6932
2026-09-23T08:18:00.000Z,2026-09-23T11:18:00,15.82,15.82,15.8,15.8,4813
2026-09-23T08:19:00.000Z,2026-09-23T11:19:00,15.8,15.8,15.75,15.8,12791
2026-09-23T08:20:00.000Z,2026-09-23T11:20:00,15.8,15.8,15.76,15.8,16768
2026-09-23T08:21:00.000Z,2026-09-23T11:21:00,15.77,15.87,15.77,15.87,6649
2026-09-23T08:22:00.000Z,2026-09-23T11:22:00,15.84,15.84,15.84,15.84,13
2026-09-23T08:23:00.000Z,2026-09-23T11:23:00,15.8,15.8,15.8,15.8,5000
2026-09-23T08:24:00.000Z,2026-09-23T11:24:00,15.8,15.83,15.78,15.78,9411
2026-09-23T08:25:00.000Z,2026-09-23T11:25:00,15.8,15.8,15.77,15.8,30810
2026-09-23T08:26:00.000Z,2026-09-23T11:26:00,15.8,15.8,15.8,15.8,850
2026-09-23T08:27:00.000Z,2026-09-23T11:27:00,15.8,15.82,15.8,15.8,21246
2026-09-23T08:28:00.000Z,2026-09-23T11:28:00,15.82,15.82,15.8,15.82,8653
2026-09-23T08:29:00.000Z,2026-09-23T11:29:00,15.82,15.82,15.8,15.82,772
2026-09-23T08:30:00.000Z,2026-09-23T11:30:00,15.82,15.88,15.82,15.88,40668
2026-09-23T08:31:00.000Z,2026-09-23T11:31:00,15.88,15.92,15.88,15.92,36075
2026-09-23T08:32:00.000Z,2026-09-23T11:32:00,15.9,15.92,15.9,15.9,8582
2026-09-23T08:33:00.000Z,2026-09-23T11:33:00,15.9,15.91,15.82,15.9,28881
2026-09-23T08:34:00.000Z,2026-09-23T11:34:00,15.9,15.9,15.9,15.9,5177
2026-09-23T08:35:00.000Z,2026-09-23T11:35:00,15.9,15.9,15.82,15.9,2269
2026-09-23T08:36:00.000Z,2026-09-23T11:36:00,15.9,15.9,15.89,15.89,3134
2026-09-23T08:37:00.000Z,2026-09-23T11:37:00,15.84,15.89,15.83,15.83,5986
2026-09-23T08:38:00.000Z,2026-09-23T11:38:00,15.88,15.88,15.87,15.87,45
2026-09-23T08:39:00.000Z,2026-09-23T11:39:00,15.84,15.85,15.82,15.82,4709
2026-09-23T08:40:00.000Z,2026-09-23T11:40:00,15.84,15.84,15.82,15.82,18085
2026-09-23T08:41:00.000Z,2026-09-23T11:41:00,15.84,15.84,15.81,15.81,9339
2026-09-23T08:42:00.000Z,2026-09-23T11:42:00,15.8,15.83,15.8,15.83,5241
2026-09-23T08:43:00.000Z,2026-09-23T11:43:00,15.83,15.92,15.8,15.92,69435
2026-09-23T08:44:00.000Z,2026-09-23T11:44:00,15.92,16,15.9,16,277551
2026-09-23T08:45:00.000Z,2026-09-23T11:45:00,16,16.01,15.99,15.99,32872
2026-09-23T08:46:00.000Z,2026-09-23T11:46:00,15.99,15.99,15.93,15.99,11642
2026-09-23T08:47:00.000Z,2026-09-23T11:47:00,15.93,16.05,15.93,16.05,78326
2026-09-23T08:48:00.000Z,2026-09-23T11:48:00,16.03,16.07,16,16.05,72071
2026-09-23T08:49:00.000Z,2026-09-23T11:49:00,16.05,16.05,16,16,325550
2026-09-23T08:50:00.000Z,2026-09-23T11:50:00,16,16.03,16,16.03,21477
2026-09-23T08:51:00.000Z,2026-09-23T11:51:00,16.04,16.04,16.02,16.04,74000
2026-09-23T08:52:00.000Z,2026-09-23T11:52:00,16.03,16.1,16.03,16.1,173556
2026-09-23T08:53:00.000Z,2026-09-23T11:53:00,16.1,16.1,16.09,16.09,35473
2026-09-23T08:54:00.000Z,2026-09-23T11:54:00,16.09,16.19,16.09,16.19,233594
2026-09-23T08:55:00.000Z,2026-09-23T11:55:00,16.18,16.3,16.12,16.25,855300
2026-09-23T08:56:00.000Z,2026-09-23T11:56:00,16.3,16.4,16.26,16.26,507287
2026-09-23T08:57:00.000Z,2026-09-23T11:57:00,16.26,16.29,16.22,16.25,81799
2026-09-23T08:58:00.000Z,2026-09-23T11:58:00,16.23,16.23,16.12,16.22,30286
2026-09-23T08:59:00.000Z,2026-09-23T11:59:00,16.2,16.22,16.2,16.2,737
2026-09-23T09:00:00.000Z,2026-09-23T12:00:00,16.16,16.19,16.13,16.16,31153
2026-09-23T09:01:00.000Z,2026-09-23T12:01:00,16.16,16.19,16.13,16.18,13950
2026-09-23T09:02:00.000Z,2026-09-23T12:02:00,16.17,16.19,16.13,16.17,22836
2026-09-23T09:03:00.000Z,2026-09-23T12:03:00,16.19,16.19,16.18,16.18,10006
2026-09-23T09:04:00.000Z,2026-09-23T12:04:00,16.18,16.18,16.17,16.17,5627
2026-09-23T09:05:00.000Z,2026-09-23T12:05:00,16.17,16.17,16.14,16.14,4504
2026-09-23T09:06:00.000Z,2026-09-23T12:06:00,16.14,16.14,16.06,16.07,64343
2026-09-23T09:07:00.000Z,2026-09-23T12:07:00,16.07,16.07,16.06,16.07,17382
2026-09-23T09:08:00.000Z,2026-09-23T12:08:00,16.14,16.14,16,16.09,151545
2026-09-23T09:09:00.000Z,2026-09-23T12:09:00,16.05,16.05,16.05,16.05,5202
2026-09-23T09:10:00.000Z,2026-09-23T12:10:00,16.05,16.08,16.05,16.06,13760
2026-09-23T09:11:00.000Z,2026-09-23T12:11:00,16.06,16.09,16.05,16.09,3262
2026-09-23T09:12:00.000Z,2026-09-23T12:12:00,16.09,16.13,16.09,16.13,30276
2026-09-23T09:13:00.000Z,2026-09-23T12:13:00,16.13,16.16,16,16.12,163533
2026-09-23T09:14:00.000Z,2026-09-23T12:14:00,16.12,16.12,16.05,16.1,1816
2026-09-23T09:15:00.000Z,2026-09-23T12:15:00,16.1,16.12,16.07,16.11,4513
2026-09-23T09:16:00.000Z,2026-09-23T12:16:00,16.11,16.12,16.01,16.01,56115
2026-09-23T09:17:00.000Z,2026-09-23T12:17:00,16.09,16.1,16.09,16.1,1301
2026-09-23T09:18:00.000Z,2026-09-23T12:18:00,16.08,16.08,16.04,16.04,524
2026-09-23T09:19:00.000Z,2026-09-23T12:19:00,16.08,16.08,16.08,16.08,100
2026-09-23T09:20:00.000Z,2026-09-23T12:20:00,16.08,16.08,16.08,16.08,238
2026-09-23T09:21:00.000Z,2026-09-23T12:21:00,16.06,16.08,16.06,16.06,21052
2026-09-23T09:22:00.000Z,2026-09-23T12:22:00,16.08,16.1,16.08,16.1,32107
2026-09-23T09:23:00.000Z,2026-09-23T12:23:00,16.1,16.1,16.08,16.08,2788
2026-09-23T09:24:00.000Z,2026-09-23T12:24:00,16.1,16.13,16.08,16.1,10862
2026-09-23T09:26:00.000Z,2026-09-23T12:26:00,16.08,16.1,16.07,16.09,4827
2026-09-23T09:27:00.000Z,2026-09-23T12:27:00,16.09,16.09,16.08,16.08,4576
2026-09-23T09:28:00.000Z,2026-09-23T12:28:00,16.08,16.09,16.06,16.09,3761
2026-09-23T09:29:00.000Z,2026-09-23T12:29:00,16.06,16.09,16.06,16.07,17895
2026-09-23T09:30:00.000Z,2026-09-23T12:30:00,16.06,16.07,16.06,16.07,1810
2026-09-23T09:31:00.000Z,2026-09-23T12:31:00,16.09,16.12,16.09,16.1,70301
2026-09-23T09:32:00.000Z,2026-09-23T12:32:00,16.1,16.1,16.07,16.1,8952
2026-09-23T09:33:00.000Z,2026-09-23T12:33:00,16.1,16.12,16.05,16.12,1725
2026-09-23T09:34:00.000Z,2026-09-23T12:34:00,16.09,16.09,16.08,16.09,1116
2026-09-23T09:35:00.000Z,2026-09-23T12:35:00,16.1,16.1,16.1,16.1,4229
2026-09-23T09:36:00.000Z,2026-09-23T12:36:00,16.09,16.09,16.09,16.09,5952
2026-09-23T09:37:00.000Z,2026-09-23T12:37:00,16.09,16.09,16.04,16.04,5103
2026-09-23T09:38:00.000Z,2026-09-23T12:38:00,16.05,16.09,16.05,16.09,1041
2026-09-23T09:39:00.000Z,2026-09-23T12:39:00,16.06,16.06,16.05,16.05,5223
2026-09-23T09:40:00.000Z,2026-09-23T12:40:00,16.05,16.05,16.05,16.05,2568
2026-09-23T09:41:00.000Z,2026-09-23T12:41:00,16.05,16.1,16.04,16.1,5029
2026-09-23T09:42:00.000Z,2026-09-23T12:42:00,16.06,16.06,16.06,16.06,900
2026-09-23T09:43:00.000Z,2026-09-23T12:43:00,16.09,16.1,16.08,16.1,3029
2026-09-23T09:44:00.000Z,2026-09-23T12:44:00,16.1,16.1,16.06,16.06,9647
2026-09-23T09:45:00.000Z,2026-09-23T12:45:00,16.1,16.1,16.09,16.09,1629
2026-09-23T09:46:00.000Z,2026-09-23T12:46:00,16.09,16.09,16.09,16.09,5102
2026-09-23T09:47:00.000Z,2026-09-23T12:47:00,16.05,16.08,16.01,16.08,42239
2026-09-23T09:48:00.000Z,2026-09-23T12:48:00,16.01,16.09,16.01,16.09,15331
2026-09-23T09:49:00.000Z,2026-09-23T12:49:00,16.01,16.09,16.01,16.06,518
2026-09-23T09:50:00.000Z,2026-09-23T12:50:00,16.03,16.06,16.01,16.02,31311
2026-09-23T09:51:00.000Z,2026-09-23T12:51:00,16.02,16.05,16.01,16.05,62881
2026-09-23T09:52:00.000Z,2026-09-23T12:52:00,16.05,16.05,16.05,16.05,1000
2026-09-23T09:53:00.000Z,2026-09-23T12:53:00,16.05,16.05,16.03,16.03,3711
2026-09-23T09:54:00.000Z,2026-09-23T12:54:00,16.04,16.04,16.04,16.04,87
2026-09-23T09:55:00.000Z,2026-09-23T12:55:00,16.03,16.04,16.03,16.03,3128
2026-09-23T09:56:00.000Z,2026-09-23T12:56:00,16.03,16.03,16.02,16.02,7197
2026-09-23T09:57:00.000Z,2026-09-23T12:57:00,16.02,16.02,16,16.01,66330
2026-09-23T09:58:00.000Z,2026-09-23T12:58:00,16,16.02,16,16.02,55498
2026-09-23T09:59:00.000Z,2026-09-23T12:59:00,16,16.07,16,16.07,21242
2026-09-23T10:00:00.000Z,2026-09-23T13:00:00,16.07,16.1,16.07,16.1,13946
2026-09-23T10:01:00.000Z,2026-09-23T13:01:00,16.09,16.09,16.09,16.09,2000
2026-09-23T10:02:00.000Z,2026-09-23T13:02:00,16.1,16.1,16.09,16.09,44468
2026-09-23T10:03:00.000Z,2026-09-23T13:03:00,16.1,16.1,16.1,16.1,723
2026-09-23T10:04:00.000Z,2026-09-23T13:04:00,16.1,16.1,16.1,16.1,1342
2026-09-23T10:05:00.000Z,2026-09-23T13:05:00,16.11,16.15,16.11,16.15,29763
2026-09-23T10:06:00.000Z,2026-09-23T13:06:00,16.16,16.23,16.16,16.22,116296
2026-09-23T10:07:00.000Z,2026-09-23T13:07:00,16.21,16.21,16.17,16.2,3365
2026-09-23T10:08:00.000Z,2026-09-23T13:08:00,16.21,16.21,16.19,16.2,9561
2026-09-23T10:09:00.000Z,2026-09-23T13:09:00,16.2,16.2,16.2,16.2,19281
2026-09-23T10:10:00.000Z,2026-09-23T13:10:00,16.19,16.19,16.07,16.1,124096
2026-09-23T10:11:00.000Z,2026-09-23T13:11:00,16.1,16.1,16.1,16.1,500
2026-09-23T10:12:00.000Z,2026-09-23T13:12:00,16.1,16.17,16.1,16.17,253
2026-09-23T10:13:00.000Z,2026-09-23T13:13:00,16.15,16.18,16.1,16.1,19799
2026-09-23T10:14:00.000Z,2026-09-23T13:14:00,16.14,16.25,16.14,16.2,170036
2026-09-23T10:15:00.000Z,2026-09-23T13:15:00,16.2,16.3,16.2,16.28,48440
2026-09-23T10:16:00.000Z,2026-09-23T13:16:00,16.28,16.28,16.25,16.25,7779
2026-09-23T10:17:00.000Z,2026-09-23T13:17:00,16.25,16.25,16.21,16.21,31420
2026-09-23T10:18:00.000Z,2026-09-23T13:18:00,16.21,16.21,16.2,16.2,5129
2026-09-23T10:19:00.000Z,2026-09-23T13:19:00,16.2,16.2,16.2,16.2,73039
2026-09-23T10:20:00.000Z,2026-09-23T13:20:00,16.2,16.21,16.2,16.2,8079
2026-09-23T10:21:00.000Z,2026-09-23T13:21:00,16.17,16.2,16.17,16.17,4612
2026-09-23T10:22:00.000Z,2026-09-23T13:22:00,16.2,16.2,16.15,16.15,44248
2026-09-23T10:23:00.000Z,2026-09-23T13:23:00,16.15,16.17,16.15,16.16,12438
2026-09-23T10:24:00.000Z,2026-09-23T13:24:00,16.15,16.17,16.04,16.04,53321
2026-09-23T10:25:00.000Z,2026-09-23T13:25:00,16.1,16.1,16.1,16.1,148
2026-09-23T10:26:00.000Z,2026-09-23T13:26:00,16.2,16.2,16.11,16.2,5005
2026-09-23T10:27:00.000Z,2026-09-23T13:27:00,16.12,16.3,16.11,16.3,261695
2026-09-23T10:28:00.000Z,2026-09-23T13:28:00,16.3,16.3,16.29,16.3,96852
2026-09-23T10:29:00.000Z,2026-09-23T13:29:00,16.28,16.3,16.24,16.3,43514
2026-09-23T10:30:00.000Z,2026-09-23T13:30:00,16.29,16.39,16.29,16.3,277652
2026-09-23T10:31:00.000Z,2026-09-23T13:31:00,16.35,16.44,16.33,16.33,300188
2026-09-23T10:32:00.000Z,2026-09-23T13:32:00,16.37,16.37,16.3,16.3,41225
2026-09-23T10:33:00.000Z,2026-09-23T13:33:00,16.33,16.33,16.3,16.32,3775
2026-09-23T10:34:00.000Z,2026-09-23T13:34:00,16.3,16.31,16.25,16.25,3517
2026-09-23T10:35:00.000Z,2026-09-23T13:35:00,16.27,16.27,16.24,16.24,30769
2026-09-23T10:36:00.000Z,2026-09-23T13:36:00,16.22,16.24,16.22,16.24,19132
2026-09-23T10:37:00.000Z,2026-09-23T13:37:00,16.22,16.31,16.22,16.31,111780
2026-09-23T10:38:00.000Z,2026-09-23T13:38:00,16.22,16.3,16.22,16.26,2045
2026-09-23T10:39:00.000Z,2026-09-23T13:39:00,16.26,16.26,16.15,16.15,71830
2026-09-23T10:40:00.000Z,2026-09-23T13:40:00,16.15,16.19,16.14,16.15,93950
2026-09-23T10:41:00.000Z,2026-09-23T13:41:00,16.15,16.16,16.15,16.16,42287
2026-09-23T10:42:00.000Z,2026-09-23T13:42:00,16.19,16.2,16.16,16.2,14309
2026-09-23T10:43:00.000Z,2026-09-23T13:43:00,16.19,16.2,16.16,16.2,8014
2026-09-23T10:44:00.000Z,2026-09-23T13:44:00,16.2,16.2,16.16,16.16,8753
2026-09-23T10:45:00.000Z,2026-09-23T13:45:00,16.16,16.19,16.16,16.19,4258
2026-09-23T10:46:00.000Z,2026-09-23T13:46:00,16.17,16.19,16.1,16.19,77336
2026-09-23T10:47:00.000Z,2026-09-23T13:47:00,16.12,16.12,16.1,16.1,81018
2026-09-23T10:48:00.000Z,2026-09-23T13:48:00,16.17,16.17,16.11,16.12,7275
2026-09-23T10:49:00.000Z,2026-09-23T13:49:00,16.12,16.15,16.1,16.15,7578
2026-09-23T10:50:00.000Z,2026-09-23T13:50:00,16.15,16.15,16.1,16.11,850
2026-09-23T10:51:00.000Z,2026-09-23T13:51:00,16.12,16.14,16.12,16.14,2481
2026-09-23T10:52:00.000Z,2026-09-23T13:52:00,16.14,16.2,16.14,16.14,12838
2026-09-23T10:53:00.000Z,2026-09-23T13:53:00,16.14,16.25,16.14,16.25,80129
2026-09-23T10:54:00.000Z,2026-09-23T13:54:00,16.24,16.25,16.16,16.17,31551
2026-09-23T10:55:00.000Z,2026-09-23T13:55:00,16.2,16.2,16.2,16.2,5
2026-09-23T10:56:00.000Z,2026-09-23T13:56:00,16.19,16.2,16.15,16.15,106903
2026-09-23T10:57:00.000Z,2026-09-23T13:57:00,16.2,16.2,16.15,16.17,6310
2026-09-23T10:58:00.000Z,2026-09-23T13:58:00,16.2,16.2,16.15,16.15,24590
2026-09-23T10:59:00.000Z,2026-09-23T13:59:00,16.15,16.16,16.12,16.12,128686
2026-09-23T11:00:00.000Z,2026-09-23T14:00:00,16.12,16.15,16.11,16.11,23678
2026-09-23T11:01:00.000Z,2026-09-23T14:01:00,16.14,16.14,16.11,16.11,106
2026-09-23T11:02:00.000Z,2026-09-23T14:02:00,16.14,16.3,16.14,16.2,206420
2026-09-23T11:03:00.000Z,2026-09-23T14:03:00,16.27,16.3,16.21,16.21,43327
2026-09-23T11:04:00.000Z,2026-09-23T14:04:00,16.23,16.25,16.23,16.25,3136
2026-09-23T11:05:00.000Z,2026-09-23T14:05:00,16.28,16.33,16.28,16.32,67819
2026-09-23T11:06:00.000Z,2026-09-23T14:06:00,16.3,16.32,16.25,16.3,12301
2026-09-23T11:07:00.000Z,2026-09-23T14:07:00,16.29,16.37,16.29,16.31,203969
2026-09-23T11:08:00.000Z,2026-09-23T14:08:00,16.24,16.39,16.24,16.39,55306
2026-09-23T11:09:00.000Z,2026-09-23T14:09:00,16.38,16.46,16.36,16.42,243857
2026-09-23T11:10:00.000Z,2026-09-23T14:10:00,16.45,16.52,16.42,16.52,289790
2026-09-23T11:11:00.000Z,2026-09-23T14:11:00,16.52,16.53,16.52,16.53,3926
2026-09-23T11:25:00.000Z,2026-09-23T14:25:00,16.7,16.7,16.7,16.7,741067
2026-09-23T11:26:00.000Z,2026-09-23T14:26:00,16.7,16.7,16.7,16.7,67471
2026-09-23T11:27:00.000Z,2026-09-23T14:27:00,16.7,16.7,16.7,16.7,48956
2026-09-23T11:28:00.000Z,2026-09-23T14:28:00,16.7,16.7,16.7,16.7,98828
2026-09-23T11:29:00.000Z,2026-09-23T14:29:00,16.7,16.7,16.7,16.7,82339
2026-09-24T07:00:00.000Z,2026-09-24T10:00:00,16.55,16.57,16.4,16.4,209159
2026-09-24T07:01:00.000Z,2026-09-24T10:01:00,16.4,16.5,16.4,16.5,52848
2026-09-24T07:02:00.000Z,2026-09-24T10:02:00,16.42,16.52,16.42,16.49,3282
2026-09-24T07:03:00.000Z,2026-09-24T10:03:00,16.45,16.47,16.35,16.45,246662
2026-09-24T07:04:00.000Z,2026-09-24T10:04:00,16.41,16.45,16.4,16.4,44962
2026-09-24T07:05:00.000Z,2026-09-24T10:05:00,16.4,16.45,16.4,16.42,66496
2026-09-24T07:06:00.000Z,2026-09-24T10:06:00,16.42,16.53,16.42,16.5,34018
2026-09-24T07:07:00.000Z,2026-09-24T10:07:00,16.46,16.53,16.46,16.5,22343
2026-09-24T07:08:00.000Z,2026-09-24T10:08:00,16.5,16.57,16.5,16.57,33667
2026-09-24T07:09:00.000Z,2026-09-24T10:09:00,16.55,16.62,16.55,16.62,38573
2026-09-24T07:10:00.000Z,2026-09-24T10:10:00,16.6,16.61,16.55,16.61,22865
2026-09-24T07:11:00.000Z,2026-09-24T10:11:00,16.62,16.8,16.6,16.8,228271
2026-09-24T07:12:00.000Z,2026-09-24T10:12:00,16.76,16.8,16.62,16.62,74409
2026-09-24T07:13:00.000Z,2026-09-24T10:13:00,16.7,16.75,16.7,16.75,56429
2026-09-24T07:14:00.000Z,2026-09-24T10:14:00,16.7,16.75,16.7,16.7,93597
2026-09-24T07:15:00.000Z,2026-09-24T10:15:00,16.66,16.69,16.59,16.59,30009
2026-09-24T07:16:00.000Z,2026-09-24T10:16:00,16.59,16.65,16.5,16.52,50409
2026-09-24T07:17:00.000Z,2026-09-24T10:17:00,16.52,16.52,16.4,16.5,81086
2026-09-24T07:18:00.000Z,2026-09-24T10:18:00,16.5,16.52,16.45,16.52,28473
2026-09-24T07:19:00.000Z,2026-09-24T10:19:00,16.53,16.64,16.46,16.52,51730
2026-09-24T07:20:00.000Z,2026-09-24T10:20:00,16.52,16.7,16.52,16.69,44863
2026-09-24T07:21:00.000Z,2026-09-24T10:21:00,16.63,16.75,16.55,16.7,99733
2026-09-24T07:22:00.000Z,2026-09-24T10:22:00,16.71,16.71,16.55,16.69,23333
2026-09-24T07:23:00.000Z,2026-09-24T10:23:00,16.6,16.67,16.6,16.6,8593
2026-09-24T07:24:00.000Z,2026-09-24T10:24:00,16.6,16.6,16.56,16.6,30626
2026-09-24T07:25:00.000Z,2026-09-24T10:25:00,16.55,16.55,16.53,16.53,40970
2026-09-24T07:26:00.000Z,2026-09-24T10:26:00,16.53,16.53,16.5,16.5,82762
2026-09-24T07:27:00.000Z,2026-09-24T10:27:00,16.6,16.6,16.5,16.5,51642
2026-09-24T07:28:00.000Z,2026-09-24T10:28:00,16.51,16.51,16.47,16.48,57130
2026-09-24T07:29:00.000Z,2026-09-24T10:29:00,16.51,16.52,16.46,16.5,100185
2026-09-24T07:30:00.000Z,2026-09-24T10:30:00,16.5,16.5,16.46,16.46,1367
2026-09-24T07:31:00.000Z,2026-09-24T10:31:00,16.5,16.5,16.45,16.5,41551
2026-09-24T07:32:00.000Z,2026-09-24T10:32:00,16.58,16.58,16.45,16.55,47157
2026-09-24T07:33:00.000Z,2026-09-24T10:33:00,16.58,16.58,16.5,16.5,55306
2026-09-24T07:34:00.000Z,2026-09-24T10:34:00,16.5,16.5,16.5,16.5,1690
2026-09-24T07:35:00.000Z,2026-09-24T10:35:00,16.51,16.54,16.5,16.54,57166
2026-09-24T07:36:00.000Z,2026-09-24T10:36:00,16.54,16.54,16.46,16.5,14040
2026-09-24T07:37:00.000Z,2026-09-24T10:37:00,16.5,16.51,16.5,16.51,9795
2026-09-24T07:38:00.000Z,2026-09-24T10:38:00,16.51,16.51,16.5,16.5,15700
2026-09-24T07:39:00.000Z,2026-09-24T10:39:00,16.55,16.6,16.54,16.54,9176
2026-09-24T07:40:00.000Z,2026-09-24T10:40:00,16.61,16.63,16.55,16.63,7864
2026-09-24T07:41:00.000Z,2026-09-24T10:41:00,16.63,16.7,16.61,16.69,112689
2026-09-24T07:42:00.000Z,2026-09-24T10:42:00,16.69,16.69,16.68,16.68,891
2026-09-24T07:43:00.000Z,2026-09-24T10:43:00,16.61,16.63,16.6,16.63,2336
2026-09-24T07:44:00.000Z,2026-09-24T10:44:00,16.63,16.67,16.61,16.66,8306
2026-09-24T07:45:00.000Z,2026-09-24T10:45:00,16.66,16.66,16.61,16.61,5659
2026-09-24T07:46:00.000Z,2026-09-24T10:46:00,16.66,16.66,16.6,16.61,38433
2026-09-24T07:47:00.000Z,2026-09-24T10:47:00,16.61,16.61,16.56,16.56,34865
2026-09-24T07:48:00.000Z,2026-09-24T10:48:00,16.6,16.6,16.56,16.6,23315
2026-09-24T07:49:00.000Z,2026-09-24T10:49:00,16.61,16.61,16.61,16.61,2162
2026-09-24T07:50:00.000Z,2026-09-24T10:50:00,16.61,16.61,16.61,16.61,5395
2026-09-24T07:51:00.000Z,2026-09-24T10:51:00,16.61,16.67,16.61,16.61,18792
2026-09-24T07:52:00.000Z,2026-09-24T10:52:00,16.61,16.67,16.61,16.67,2896
2026-09-24T07:53:00.000Z,2026-09-24T10:53:00,16.67,16.67,16.67,16.67,560
2026-09-24T07:54:00.000Z,2026-09-24T10:54:00,16.64,16.64,16.64,16.64,607
2026-09-24T07:55:00.000Z,2026-09-24T10:55:00,16.64,16.64,16.6,16.6,58329
2026-09-24T07:56:00.000Z,2026-09-24T10:56:00,16.61,16.62,16.6,16.6,73514
2026-09-24T07:57:00.000Z,2026-09-24T10:57:00,16.62,16.72,16.61,16.7,236065
2026-09-24T07:58:00.000Z,2026-09-24T10:58:00,16.7,16.7,16.7,16.7,133832
2026-09-24T07:59:00.000Z,2026-09-24T10:59:00,16.7,16.75,16.7,16.7,184968
2026-09-24T08:00:00.000Z,2026-09-24T11:00:00,16.7,16.85,16.7,16.85,156975
2026-09-24T08:01:00.000Z,2026-09-24T11:01:00,16.85,16.89,16.84,16.85,96051
2026-09-24T08:02:00.000Z,2026-09-24T11:02:00,16.82,16.89,16.8,16.8,253120
2026-09-24T08:03:00.000Z,2026-09-24T11:03:00,16.8,16.84,16.71,16.73,77920
2026-09-24T08:04:00.000Z,2026-09-24T11:04:00,16.74,16.79,16.74,16.79,3322
2026-09-24T08:05:00.000Z,2026-09-24T11:05:00,16.79,16.8,16.75,16.8,29573
2026-09-24T08:06:00.000Z,2026-09-24T11:06:00,16.8,16.87,16.75,16.87,79167
2026-09-24T08:07:00.000Z,2026-09-24T11:07:00,16.81,16.87,16.8,16.87,20044
2026-09-24T08:08:00.000Z,2026-09-24T11:08:00,16.82,16.86,16.8,16.85,62575
2026-09-24T08:09:00.000Z,2026-09-24T11:09:00,16.8,16.83,16.8,16.8,67239
2026-09-24T08:10:00.000Z,2026-09-24T11:10:00,16.83,16.85,16.8,16.8,59344
2026-09-24T08:11:00.000Z,2026-09-24T11:11:00,16.81,16.88,16.8,16.82,92029
2026-09-24T08:12:00.000Z,2026-09-24T11:12:00,16.89,17.05,16.89,17,839560
2026-09-24T08:13:00.000Z,2026-09-24T11:13:00,17,17.07,17,17.07,163330
2026-09-24T08:14:00.000Z,2026-09-24T11:14:00,17.07,17.19,17.07,17.17,241476
2026-09-24T08:15:00.000Z,2026-09-24T11:15:00,17.17,17.18,17.07,17.08,187043
2026-09-24T08:16:00.000Z,2026-09-24T11:16:00,17.08,17.2,17.08,17.2,220009
2026-09-24T08:17:00.000Z,2026-09-24T11:17:00,17.15,17.22,17.15,17.2,141548
2026-09-24T08:18:00.000Z,2026-09-24T11:18:00,17.17,17.19,17.12,17.12,69626
2026-09-24T08:19:00.000Z,2026-09-24T11:19:00,17.12,17.15,17.06,17.06,65570
2026-09-24T08:20:00.000Z,2026-09-24T11:20:00,17.06,17.1,17.06,17.1,100566
2026-09-24T08:21:00.000Z,2026-09-24T11:21:00,17.1,17.1,17.02,17.03,116449
2026-09-24T08:22:00.000Z,2026-09-24T11:22:00,17.08,17.15,17.08,17.1,94479
2026-09-24T08:23:00.000Z,2026-09-24T11:23:00,17.1,17.24,17.1,17.24,105754
2026-09-24T08:24:00.000Z,2026-09-24T11:24:00,17.2,17.25,17.12,17.25,170380
2026-09-24T08:25:00.000Z,2026-09-24T11:25:00,17.2,17.25,17.14,17.14,112580
2026-09-24T08:26:00.000Z,2026-09-24T11:26:00,17.2,17.2,17.13,17.13,250964
2026-09-24T08:27:00.000Z,2026-09-24T11:27:00,17.13,17.19,17.1,17.16,49737
2026-09-24T08:28:00.000Z,2026-09-24T11:28:00,17.15,17.15,17.1,17.1,58283
2026-09-24T08:29:00.000Z,2026-09-24T11:29:00,17.08,17.08,16.92,17,89223
2026-09-24T08:30:00.000Z,2026-09-24T11:30:00,16.93,17,16.91,16.92,29517
2026-09-24T08:31:00.000Z,2026-09-24T11:31:00,16.92,16.99,16.91,16.99,17025
2026-09-24T08:32:00.000Z,2026-09-24T11:32:00,16.99,16.99,16.99,16.99,669
2026-09-24T08:33:00.000Z,2026-09-24T11:33:00,16.98,17.05,16.98,17,53506
2026-09-24T08:34:00.000Z,2026-09-24T11:34:00,17,17.05,17,17.04,4888
2026-09-24T08:35:00.000Z,2026-09-24T11:35:00,17,17,16.95,16.95,24057
2026-09-24T08:36:00.000Z,2026-09-24T11:36:00,16.94,17,16.94,17,33218
2026-09-24T08:37:00.000Z,2026-09-24T11:37:00,16.94,17,16.94,17,46475
2026-09-24T08:38:00.000Z,2026-09-24T11:38:00,17,17.1,16.95,17.1,51021
2026-09-24T08:39:00.000Z,2026-09-24T11:39:00,17.1,17.16,17.1,17.15,17245
2026-09-24T08:40:00.000Z,2026-09-24T11:40:00,17.07,17.17,17.05,17.1,108980
2026-09-24T08:41:00.000Z,2026-09-24T11:41:00,17.14,17.14,17.06,17.06,9095
2026-09-24T08:42:00.000Z,2026-09-24T11:42:00,17.1,17.1,17.09,17.09,1085
2026-09-24T08:43:00.000Z,2026-09-24T11:43:00,17.06,17.07,17.05,17.05,13651
2026-09-24T08:44:00.000Z,2026-09-24T11:44:00,17.07,17.07,17.05,17.05,449
2026-09-24T08:45:00.000Z,2026-09-24T11:45:00,17.02,17.07,17.01,17.07,4735
2026-09-24T08:46:00.000Z,2026-09-24T11:46:00,17.02,17.06,17,17.05,27602
2026-09-24T08:47:00.000Z,2026-09-24T11:47:00,17.05,17.05,17,17,14066
2026-09-24T08:48:00.000Z,2026-09-24T11:48:00,17,17.05,17,17.01,16021
2026-09-24T08:49:00.000Z,2026-09-24T11:49:00,17.03,17.03,17.01,17.03,939
2026-09-24T08:50:00.000Z,2026-09-24T11:50:00,17.03,17.1,17.01,17.1,11671
2026-09-24T08:51:00.000Z,2026-09-24T11:51:00,17.08,17.1,17.03,17.03,20115
2026-09-24T08:52:00.000Z,2026-09-24T11:52:00,17.03,17.09,17.02,17.04,6017
2026-09-24T08:53:00.000Z,2026-09-24T11:53:00,17.04,17.04,17.04,17.04,4000
2026-09-24T08:54:00.000Z,2026-09-24T11:54:00,17.05,17.14,17.05,17.14,102073
2026-09-24T08:55:00.000Z,2026-09-24T11:55:00,17.14,17.14,17.1,17.14,30093
2026-09-24T08:56:00.000Z,2026-09-24T11:56:00,17.14,17.24,17.14,17.24,176694
2026-09-24T08:57:00.000Z,2026-09-24T11:57:00,17.24,17.3,17.2,17.2,353843
2026-09-24T08:58:00.000Z,2026-09-24T11:58:00,17.2,17.28,17.2,17.24,14770
2026-09-24T08:59:00.000Z,2026-09-24T11:59:00,17.24,17.25,17.18,17.19,128238
2026-09-24T09:00:00.000Z,2026-09-24T12:00:00,17.19,17.2,17.16,17.16,36180
2026-09-24T09:01:00.000Z,2026-09-24T12:01:00,17.16,17.17,17.16,17.16,11896
2026-09-24T09:02:00.000Z,2026-09-24T12:02:00,17.17,17.17,17.1,17.1,21085
2026-09-24T09:03:00.000Z,2026-09-24T12:03:00,17.11,17.18,17.09,17.09,21639
2026-09-24T09:04:00.000Z,2026-09-24T12:04:00,17.09,17.09,17.08,17.08,16207
2026-09-24T09:05:00.000Z,2026-09-24T12:05:00,17.08,17.08,17.05,17.07,16497
2026-09-24T09:06:00.000Z,2026-09-24T12:06:00,17.07,17.08,17.01,17.01,46843
2026-09-24T09:07:00.000Z,2026-09-24T12:07:00,17,17.1,16.97,16.97,67399
2026-09-24T09:08:00.000Z,2026-09-24T12:08:00,17,17,16.97,16.99,32017
2026-09-24T09:09:00.000Z,2026-09-24T12:09:00,16.99,17,16.99,16.99,4463
2026-09-24T09:10:00.000Z,2026-09-24T12:10:00,16.99,17,16.92,16.92,29208
2026-09-24T09:11:00.000Z,2026-09-24T12:11:00,16.99,16.99,16.93,16.93,1060
2026-09-24T09:12:00.000Z,2026-09-24T12:12:00,16.93,17,16.93,17,12938
2026-09-24T09:13:00.000Z,2026-09-24T12:13:00,17,17.07,16.94,17.07,7720
2026-09-24T09:14:00.000Z,2026-09-24T12:14:00,17,17,17,17,3801
2026-09-24T09:15:00.000Z,2026-09-24T12:15:00,17.04,17.04,17.04,17.04,1927
2026-09-24T09:16:00.000Z,2026-09-24T12:16:00,17.03,17.05,16.94,17.05,3554
2026-09-24T09:17:00.000Z,2026-09-24T12:17:00,16.94,17.04,16.94,17.01,8443
2026-09-24T09:18:00.000Z,2026-09-24T12:18:00,16.95,16.95,16.95,16.95,622
2026-09-24T09:19:00.000Z,2026-09-24T12:19:00,16.95,16.95,16.92,16.92,20737
2026-09-24T09:20:00.000Z,2026-09-24T12:20:00,16.94,16.94,16.92,16.92,2650
2026-09-24T09:21:00.000Z,2026-09-24T12:21:00,16.94,16.94,16.88,16.91,39204
2026-09-24T09:22:00.000Z,2026-09-24T12:22:00,16.91,17.06,16.91,17.06,82097
2026-09-24T09:23:00.000Z,2026-09-24T12:23:00,17.05,17.1,17,17.06,87765
2026-09-24T09:24:00.000Z,2026-09-24T12:24:00,17.06,17.2,17.06,17.2,103660
2026-09-24T09:25:00.000Z,2026-09-24T12:25:00,17.19,17.2,17.14,17.16,38417
2026-09-24T09:26:00.000Z,2026-09-24T12:26:00,17.18,17.2,17.15,17.2,115528
2026-09-24T09:27:00.000Z,2026-09-24T12:27:00,17.15,17.15,17.15,17.15,20144
2026-09-24T09:28:00.000Z,2026-09-24T12:28:00,17.15,17.2,17.15,17.2,78460
2026-09-24T09:29:00.000Z,2026-09-24T12:29:00,17.15,17.2,17.15,17.15,30739
2026-09-24T09:30:00.000Z,2026-09-24T12:30:00,17.15,17.2,17.15,17.2,56817
2026-09-24T09:31:00.000Z,2026-09-24T12:31:00,17.18,17.19,17.15,17.15,33551
2026-09-24T09:32:00.000Z,2026-09-24T12:32:00,17.16,17.19,17.15,17.15,7717
2026-09-24T09:33:00.000Z,2026-09-24T12:33:00,17.16,17.2,17.15,17.15,90792
2026-09-24T09:34:00.000Z,2026-09-24T12:34:00,17.17,17.2,17.15,17.15,29097
2026-09-24T09:35:00.000Z,2026-09-24T12:35:00,17.16,17.16,17.15,17.15,41725
2026-09-24T09:36:00.000Z,2026-09-24T12:36:00,17.15,17.15,17.12,17.12,13202
2026-09-24T09:37:00.000Z,2026-09-24T12:37:00,17.15,17.15,17.11,17.12,11836
2026-09-24T09:38:00.000Z,2026-09-24T12:38:00,17.12,17.12,17.12,17.12,775
2026-09-24T09:39:00.000Z,2026-09-24T12:39:00,17.12,17.15,17.1,17.11,15101
2026-09-24T09:40:00.000Z,2026-09-24T12:40:00,17.11,17.11,17.11,17.11,5103
2026-09-24T09:41:00.000Z,2026-09-24T12:41:00,17.12,17.14,17.11,17.14,3599
2026-09-24T09:42:00.000Z,2026-09-24T12:42:00,17.1,17.18,17.1,17.1,144731
2026-09-24T09:43:00.000Z,2026-09-24T12:43:00,17.09,17.09,17.05,17.05,50142
2026-09-24T09:44:00.000Z,2026-09-24T12:44:00,17.01,17.01,17.01,17.01,13200
2026-09-24T09:45:00.000Z,2026-09-24T12:45:00,17.01,17.02,17,17,167082
2026-09-24T09:46:00.000Z,2026-09-24T12:46:00,16.98,17,16.95,17,6374
2026-09-24T09:47:00.000Z,2026-09-24T12:47:00,16.95,16.98,16.95,16.95,5314
2026-09-24T09:48:00.000Z,2026-09-24T12:48:00,16.95,16.98,16.93,16.98,13517
2026-09-24T09:49:00.000Z,2026-09-24T12:49:00,16.98,16.98,16.86,16.9,50510
2026-09-24T09:50:00.000Z,2026-09-24T12:50:00,16.9,16.99,16.9,16.91,24502
2026-09-24T09:51:00.000Z,2026-09-24T12:51:00,16.93,16.93,16.9,16.9,41000
2026-09-24T09:52:00.000Z,2026-09-24T12:52:00,16.9,16.9,16.9,16.9,5709
2026-09-24T09:53:00.000Z,2026-09-24T12:53:00,16.9,16.93,16.9,16.9,40262
2026-09-24T09:54:00.000Z,2026-09-24T12:54:00,16.93,16.99,16.9,16.91,344018
2026-09-24T09:55:00.000Z,2026-09-24T12:55:00,16.98,17,16.85,16.99,144256
2026-09-24T09:56:00.000Z,2026-09-24T12:56:00,16.86,16.86,16.83,16.83,10895
2026-09-24T09:57:00.000Z,2026-09-24T12:57:00,16.89,16.89,16.7,16.73,118139
2026-09-24T09:58:00.000Z,2026-09-24T12:58:00,16.73,16.81,16.64,16.7,34391
2026-09-24T09:59:00.000Z,2026-09-24T12:59:00,16.73,16.73,16.65,16.73,29431
2026-09-24T10:00:00.000Z,2026-09-24T13:00:00,16.73,16.78,16.73,16.73,8803
2026-09-24T10:01:00.000Z,2026-09-24T13:01:00,16.75,16.75,16.73,16.73,13634
2026-09-24T10:02:00.000Z,2026-09-24T13:02:00,16.73,16.75,16.56,16.7,156199
2026-09-24T10:03:00.000Z,2026-09-24T13:03:00,16.73,16.73,16.61,16.61,10520
2026-09-24T10:04:00.000Z,2026-09-24T13:04:00,16.61,16.7,16.6,16.62,43960
2026-09-24T10:05:00.000Z,2026-09-24T13:05:00,16.64,16.66,16.64,16.66,14519
2026-09-24T10:06:00.000Z,2026-09-24T13:06:00,16.66,16.7,16.64,16.64,9657
2026-09-24T10:07:00.000Z,2026-09-24T13:07:00,16.61,16.62,16.59,16.6,7817
2026-09-24T10:08:00.000Z,2026-09-24T13:08:00,16.6,16.66,16.6,16.66,35419
2026-09-24T10:09:00.000Z,2026-09-24T13:09:00,16.65,16.7,16.6,16.6,27779
2026-09-24T10:10:00.000Z,2026-09-24T13:10:00,16.6,16.69,16.6,16.6,12739
2026-09-24T10:11:00.000Z,2026-09-24T13:11:00,16.6,16.6,16.57,16.58,26677
2026-09-24T10:12:00.000Z,2026-09-24T13:12:00,16.58,16.6,16.57,16.58,28717
2026-09-24T10:13:00.000Z,2026-09-24T13:13:00,16.57,16.58,16.57,16.58,8170
2026-09-24T10:14:00.000Z,2026-09-24T13:14:00,16.56,16.58,16.55,16.55,88968
2026-09-24T10:15:00.000Z,2026-09-24T13:15:00,16.54,16.55,16.52,16.52,34910
2026-09-24T10:16:00.000Z,2026-09-24T13:16:00,16.53,16.53,16.45,16.51,82892
2026-09-24T10:17:00.000Z,2026-09-24T13:17:00,16.51,16.55,16.5,16.55,109427
2026-09-24T10:18:00.000Z,2026-09-24T13:18:00,16.53,16.53,16.51,16.51,39821
2026-09-24T10:19:00.000Z,2026-09-24T13:19:00,16.51,16.55,16.51,16.54,14693
2026-09-24T10:20:00.000Z,2026-09-24T13:20:00,16.54,16.54,16.5,16.5,25226
2026-09-24T10:21:00.000Z,2026-09-24T13:21:00,16.5,16.54,16.49,16.51,22612
2026-09-24T10:22:00.000Z,2026-09-24T13:22:00,16.52,16.59,16.52,16.55,3730
2026-09-24T10:23:00.000Z,2026-09-24T13:23:00,16.58,16.58,16.5,16.58,1912
2026-09-24T10:24:00.000Z,2026-09-24T13:24:00,16.5,16.5,16.48,16.48,403
2026-09-24T10:25:00.000Z,2026-09-24T13:25:00,16.52,16.7,16.52,16.56,52532
2026-09-24T10:26:00.000Z,2026-09-24T13:26:00,16.61,16.7,16.61,16.7,13353
2026-09-24T10:27:00.000Z,2026-09-24T13:27:00,16.7,16.73,16.7,16.72,10327
2026-09-24T10:28:00.000Z,2026-09-24T13:28:00,16.7,16.71,16.7,16.7,3476
2026-09-24T10:29:00.000Z,2026-09-24T13:29:00,16.7,16.75,16.7,16.7,41373
2026-09-24T10:30:00.000Z,2026-09-24T13:30:00,16.71,16.75,16.7,16.75,6966
2026-09-24T10:31:00.000Z,2026-09-24T13:31:00,16.71,16.76,16.71,16.76,1576
2026-09-24T10:32:00.000Z,2026-09-24T13:32:00,16.76,16.8,16.76,16.8,30000
2026-09-24T10:33:00.000Z,2026-09-24T13:33:00,16.76,16.78,16.76,16.78,8379
2026-09-24T10:34:00.000Z,2026-09-24T13:34:00,16.77,16.8,16.75,16.8,15000
2026-09-24T10:35:00.000Z,2026-09-24T13:35:00,16.81,16.85,16.81,16.85,2500
2026-09-24T10:36:00.000Z,2026-09-24T13:36:00,16.8,16.85,16.8,16.85,5200
2026-09-24T10:37:00.000Z,2026-09-24T13:37:00,16.85,16.9,16.8,16.89,42254
2026-09-24T10:38:00.000Z,2026-09-24T13:38:00,16.87,16.87,16.86,16.87,988
2026-09-24T10:39:00.000Z,2026-09-24T13:39:00,16.85,16.87,16.79,16.87,9414
2026-09-24T10:41:00.000Z,2026-09-24T13:41:00,16.8,16.81,16.8,16.8,4828
2026-09-24T10:42:00.000Z,2026-09-24T13:42:00,16.8,16.86,16.75,16.86,21087
2026-09-24T10:43:00.000Z,2026-09-24T13:43:00,16.86,16.86,16.75,16.75,16881
2026-09-24T10:44:00.000Z,2026-09-24T13:44:00,16.75,16.86,16.75,16.8,40256
2026-09-24T10:45:00.000Z,2026-09-24T13:45:00,16.8,16.86,16.8,16.86,24008
2026-09-24T10:46:00.000Z,2026-09-24T13:46:00,16.86,16.89,16.83,16.83,14902
2026-09-24T10:47:00.000Z,2026-09-24T13:47:00,16.82,16.82,16.8,16.8,18301
2026-09-24T10:48:00.000Z,2026-09-24T13:48:00,16.86,16.86,16.81,16.85,14403
2026-09-24T10:49:00.000Z,2026-09-24T13:49:00,16.84,16.85,16.81,16.81,11710
2026-09-24T10:50:00.000Z,2026-09-24T13:50:00,16.85,16.85,16.81,16.81,5001
2026-09-24T10:51:00.000Z,2026-09-24T13:51:00,16.81,16.81,16.8,16.8,14448
2026-09-24T10:52:00.000Z,2026-09-24T13:52:00,16.84,16.86,16.8,16.86,27321
2026-09-24T10:53:00.000Z,2026-09-24T13:53:00,16.83,16.86,16.8,16.86,11293
2026-09-24T10:55:00.000Z,2026-09-24T13:55:00,16.83,16.86,16.82,16.82,7140
2026-09-24T10:56:00.000Z,2026-09-24T13:56:00,16.82,16.86,16.82,16.86,6600
2026-09-24T10:57:00.000Z,2026-09-24T13:57:00,16.82,16.82,16.82,16.82,1000
2026-09-24T10:58:00.000Z,2026-09-24T13:58:00,16.85,16.85,16.82,16.85,29905
2026-09-24T10:59:00.000Z,2026-09-24T13:59:00,16.83,16.86,16.82,16.82,19342
2026-09-24T11:00:00.000Z,2026-09-24T14:00:00,16.83,16.83,16.81,16.81,11610
2026-09-24T11:01:00.000Z,2026-09-24T14:01:00,16.81,16.86,16.81,16.86,6867
2026-09-24T11:02:00.000Z,2026-09-24T14:02:00,16.82,16.9,16.81,16.9,7772
2026-09-24T11:03:00.000Z,2026-09-24T14:03:00,16.83,16.9,16.83,16.9,22051
2026-09-24T11:04:00.000Z,2026-09-24T14:04:00,16.9,16.9,16.9,16.9,15960
2026-09-24T11:05:00.000Z,2026-09-24T14:05:00,16.89,16.94,16.8,16.8,14657
2026-09-24T11:06:00.000Z,2026-09-24T14:06:00,16.94,16.94,16.82,16.82,1607
2026-09-24T11:07:00.000Z,2026-09-24T14:07:00,16.9,17,16.82,17,231532
2026-09-24T11:08:00.000Z,2026-09-24T14:08:00,17,17.06,16.9,17,248009
2026-09-24T11:09:00.000Z,2026-09-24T14:09:00,17,17.06,16.95,17,62575
2026-09-24T11:10:00.000Z,2026-09-24T14:10:00,17,17.06,16.95,17.01,122213
2026-09-24T11:11:00.000Z,2026-09-24T14:11:00,17.01,17.2,17.01,17.2,215837
2026-09-24T11:12:00.000Z,2026-09-24T14:12:00,17.1,17.2,17.1,17.17,17462
2026-09-24T11:13:00.000Z,2026-09-24T14:13:00,17.17,17.2,17.12,17.12,65684
2026-09-24T11:14:00.000Z,2026-09-24T14:14:00,17.12,17.2,17.12,17.13,47479
2026-09-24T11:25:00.000Z,2026-09-24T14:25:00,17.12,17.12,17.12,17.12,110618
2026-09-24T11:26:00.000Z,2026-09-24T14:26:00,17.12,17.12,17.12,17.12,30459
2026-09-24T11:27:00.000Z,2026-09-24T14:27:00,17.12,17.12,17.12,17.12,4293
2026-09-24T11:28:00.000Z,2026-09-24T14:28:00,17.12,17.12,17.12,17.12,40690
2026-09-24T11:29:00.000Z,2026-09-24T14:29:00,17.12,17.12,17.12,17.12,367190
